,time,Force_Fx1,Force_Fy1,Force_Fz1,Moment_Mx1,Moment_My1,Moment_Mz1,Force_Fx2,Force_Fy2,Force_Fz2,Moment_Mx2,Moment_My2,Moment_Mz2,Force_Fx3,Force_Fy3,Force_Fz3,Moment_Mx3,Moment_My3,Moment_Mz3,Force_Fx4,Force_Fy4,Force_Fz4,Moment_Mx4,Moment_My4,Moment_Mz4,Voltage_1,Voltage_2,Voltage_3,Voltage_4,Voltage_5,Voltage_6,Voltage_7,Voltage_8,Voltage_9,Voltage_10,Voltage_11,Voltage_12,Voltage_13,Voltage_14,Voltage_15,Voltage_16,Voltage_1-VM,Voltage_2-VL,Voltage_3-RF,Voltage_4-GRA,Voltage_5-TA,Voltage_6-AL,Voltage_7-ST,Voltage_8-BF,Voltage_9-MG,Voltage_10-LG,Voltage_11-TFL,Voltage_12-Gmax,Voltage_13-Gmed-intra,Voltage_14-PIR-intra,Voltage_15-OI-intra,Voltage_16-QF-intra,Force_Rig
0,0.255,-0.0,-0.0,-0.0,-0.0,-0.0,-0.0,-9.41856861114502,9.462906837463379,-871.1033935546875,-276832.125,77656.8359375,2623.491943359375,-0.0,-0.0,-0.0,-0.0,-0.0,-0.0,-0.0,-0.0,-0.0,-0.0,-0.0,-0.0,-0.0066375732421875,-0.00762939453125,-0.00751495361328125,-0.0109100341796875,-0.0074005126953125,-0.0109100341796875,-0.011749267578125,-0.01667022705078125,-0.004119873046875,-0.01300811767578125,-0.03108978271484375,-0.00675201416015625,-0.02613067626953125,-0.00713348388671875,-0.00102996826171875,-0.01926422119140625,-0.036773681640625,0.43182373046875,0.058441162109375,0.089569091796875,0.268707275390625,0.111236572265625,0.1312255859375,0.16571044921875,0.1092529296875,0.093536376953125,0.193939208984375,0.169677734375,-0.805206298828125,-2.41424560546875,0.4119873046875,-2.86102294921875,-2.95245099067688
1,0.2555,-0.0,-0.0,-0.0,-0.0,-0.0,-0.0,-7.924911022186279,10.606517791748047,-872.0599975585938,-276829.1875,77664.0625,1884.5234375,-0.0,-0.0,-0.0,-0.0,-0.0,-0.0,-0.0,-0.0,-0.0,-0.0,-0.0,-0.0,0.0064849853515625,0.00576019287109375,0.0107574462890625,0.01194000244140625,0.01010894775390625,0.0096893310546875,0.00896453857421875,0.015869140625,0.00518798828125,0.01117706298828125,0.01865386962890625,0.0096893310546875,0.01300811767578125,0.01018524169921875,0.00179290771484375,0.02227783203125,0.061798095703125,0.3875732421875,0.367279052734375,0.0537109375,-0.0634765625,0.109405517578125,0.101776123046875,0.099029541015625,0.086822509765625,0.091400146484375,0.1141357421875,0.150604248046875,0.435638427734375,-0.05706787109375,-0.328369140625,0.394744873046875,11.07222843170166
2,0.256,-0.0,-0.0,-0.0,-0.0,-0.0,-0.0,-5.634777069091797,11.705086708068848,-871.48583984375,-276455.4375,77579.46875,1457.2130126953125,-0.0,-0.0,-0.0,-0.0,-0.0,-0.0,-0.0,-0.0,-0.0,-0.0,-0.0,-0.0,0.0109100341796875,0.00789642333984375,0.00995635986328125,0.0113677978515625,0.00972747802734375,0.0116729736328125,0.011138916015625,0.01819610595703125,0.0054168701171875,0.0140380859375,0.0312042236328125,0.008697509765625,0.02597808837890625,0.00843048095703125,0.00431060791015625,0.02101898193359375,0.12054443359375,0.17608642578125,0.1324462890625,0.25421142578125,-0.04547119140625,0.03448486328125,0.10955810546875,0.14556884765625,0.1171875,0.09124755859375,0.097808837890625,0.096893310546875,1.39892578125,2.6171875,-0.16204833984375,2.99530029296875,6.1940789222717285
3,0.2565,-0.0,-0.0,-0.0,-0.0,-0.0,-0.0,-4.790523529052734,12.752745628356934,-869.6915893554688,-276060.6875,77364.9375,1298.2109375,-0.0,-0.0,-0.0,-0.0,-0.0,-0.0,-0.0,-0.0,-0.0,-0.0,-0.0,-0.0,-0.00457763671875,-0.00629425048828125,-0.0092315673828125,-0.01079559326171875,-0.01163482666015625,-0.011749267578125,-0.00720977783203125,-0.0160980224609375,-0.0055694580078125,-0.00957489013671875,-0.0170135498046875,-0.00682830810546875,-0.01232147216796875,-0.00789642333984375,-0.00431060791015625,-0.02079010009765625,0.207061767578125,-0.133056640625,-0.09857177734375,0.13885498046875,0.019683837890625,0.2056884765625,0.0836181640625,0.055999755859375,0.10589599609375,0.11444091796875,-0.02655029296875,0.097198486328125,-0.314483642578125,0.31890869140625,0.60394287109375,-0.098114013671875,-2.0377979278564453
4,0.257,-0.0,-0.0,-0.0,-0.0,-0.0,-0.0,-3.3007888793945312,13.478889465332031,-869.6117553710938,-275174.375,77483.828125,942.9559326171875,-0.0,-0.0,-0.0,-0.0,-0.0,-0.0,-0.0,-0.0,-0.0,-0.0,-0.0,-0.0,-0.0101470947265625,-0.00820159912109375,-0.0093841552734375,-0.01129150390625,-0.0070953369140625,-0.0118255615234375,-0.0080108642578125,-0.01708984375,-0.00461578369140625,-0.012359619140625,-0.03398895263671875,-0.00637054443359375,-0.02819061279296875,-0.00858306884765625,-0.00461578369140625,-0.0199127197265625,-0.121917724609375,-0.263671875,-0.164031982421875,-0.04119873046875,0.0421142578125,0.133819580078125,0.09796142578125,0.054473876953125,0.106048583984375,0.106048583984375,0.0091552734375,0.12542724609375,-1.052398681640625,-2.69775390625,0.62042236328125,-2.8546142578125,0.09639240801334381
5,0.2575,-0.0,-0.0,-0.0,-0.0,-0.0,-0.0,-1.8461660146713257,14.034634590148926,-867.8722534179688,-274719.125,77517.640625,434.7622375488281,-0.0,-0.0,-0.0,-0.0,-0.0,-0.0,-0.0,-0.0,-0.0,-0.0,-0.0,-0.0,0.00637054443359375,0.01087188720703125,0.0091552734375,0.0135040283203125,0.00995635986328125,0.01346588134765625,0.00823974609375,0.01857757568359375,0.00385284423828125,0.010223388671875,0.01758575439453125,0.007781982421875,0.01338958740234375,0.011444091796875,0.0038909912109375,0.0229644775390625,0.182952880859375,0.3131103515625,0.207977294921875,0.10833740234375,0.3253173828125,0.045318603515625,0.088043212890625,0.093841552734375,0.10223388671875,0.104827880859375,0.110626220703125,0.098724365234375,0.34423828125,-0.20782470703125,-0.40985107421875,0.535125732421875,9.547806739807129
6,0.258,-0.0,-0.0,-0.0,-0.0,-0.0,-0.0,-0.43937522172927856,14.726530075073242,-867.6573486328125,-274152.65625,77790.2109375,126.85887145996094,-0.0,-0.0,-0.0,-0.0,-0.0,-0.0,-0.0,-0.0,-0.0,-0.0,-0.0,-0.0,0.01155853271484375,0.01316070556640625,0.00942230224609375,0.0135040283203125,0.00995635986328125,0.0144195556640625,0.011444091796875,0.019989013671875,0.0069427490234375,0.0151824951171875,0.03326416015625,0.00591278076171875,0.0293731689453125,0.00762939453125,0.001220703125,0.01953125,0.152587890625,0.4107666015625,0.2374267578125,0.144195556640625,0.671234130859375,0.10406494140625,0.103912353515625,0.162811279296875,0.10589599609375,0.102691650390625,0.17974853515625,0.07659912109375,1.665191650390625,2.79266357421875,-0.22613525390625,3.111724853515625,1.0110454559326172
7,0.2585,-0.0,-0.0,-0.0,-0.0,-0.0,-0.0,-0.5352630615234375,14.830436706542969,-866.1608276367188,-273775.0625,78077.828125,203.32931518554688,-0.0,-0.0,-0.0,-0.0,-0.0,-0.0,-0.0,-0.0,-0.0,-0.0,-0.0,-0.0,-0.0074005126953125,-0.00850677490234375,-0.00888824462890625,-0.0115203857421875,-0.00904083251953125,-0.01178741455078125,-0.005645751953125,-0.01758575439453125,-0.00476837158203125,-0.0139617919921875,-0.013275146484375,-0.01018524169921875,-0.01514434814453125,-0.008392333984375,-0.00484466552734375,-0.020751953125,0.07354736328125,0.140380859375,0.164794921875,-0.0146484375,-0.107269287109375,0.1934814453125,0.082855224609375,0.0994873046875,0.088043212890625,0.183868408203125,0.09521484375,0.08453369140625,-0.49346923828125,0.6634521484375,0.27435302734375,-0.513153076171875,-1.1231448650360107
8,0.259,-0.0,-0.0,-0.0,-0.0,-0.0,-0.0,-1.385947823524475,13.843867301940918,-862.93212890625,-273285.625,78673.015625,693.5612182617188,-0.0,-0.0,-0.0,-0.0,-0.0,-0.0,-0.0,-0.0,-0.0,-0.0,-0.0,-0.0,-0.0072479248046875,-0.0092315673828125,-0.00873565673828125,-0.01102447509765625,-0.00804901123046875,-0.0115203857421875,-0.0119781494140625,-0.01983642578125,-0.0063323974609375,-0.0142669677734375,-0.03406524658203125,-0.007476806640625,-0.028076171875,-0.008087158203125,-0.00331878662109375,-0.0194549560546875,-0.09124755859375,-0.178375244140625,-0.204620361328125,0.137939453125,-0.11138916015625,-0.014190673828125,0.08544921875,0.062713623046875,0.100555419921875,-0.02288818359375,0.017547607421875,0.077667236328125,-1.27349853515625,-2.562255859375,0.5462646484375,-2.834930419921875,-2.647566556930542
9,0.2595,-0.0,-0.0,-0.0,-0.0,-0.0,-0.0,-2.8796629905700684,11.265656471252441,-860.86376953125,-273336.53125,78965.96875,1199.2779541015625,-0.0,-0.0,-0.0,-0.0,-0.0,-0.0,-0.0,-0.0,-0.0,-0.0,-0.0,-0.0,0.0083160400390625,0.006256103515625,0.010528564453125,0.01232147216796875,0.01056671142578125,0.011749267578125,0.008087158203125,0.01781463623046875,0.0072479248046875,0.01056671142578125,0.0185394287109375,0.0081634521484375,0.01674652099609375,0.00713348388671875,0.0054168701171875,0.0203704833984375,-0.00640869140625,0.094146728515625,-0.026092529296875,0.20416259765625,0.1513671875,0.091400146484375,0.10345458984375,0.05096435546875,0.105133056640625,0.02166748046875,0.048980712890625,0.087127685546875,0.41259765625,-0.14129638671875,-0.3082275390625,0.699920654296875,8.328269958496094
10,0.26,-0.0,-0.0,-0.0,-0.0,-0.0,-0.0,-3.4852869510650635,8.85329532623291,-860.6754760742188,-273671.875,79494.34375,1748.9500732421875,-0.0,-0.0,-0.0,-0.0,-0.0,-0.0,-0.0,-0.0,-0.0,-0.0,-0.0,-0.0,0.00797271728515625,0.005035400390625,0.00881195068359375,0.01007080078125,0.008544921875,0.0128936767578125,0.0092315673828125,0.01956939697265625,0.00530242919921875,0.01285552978515625,0.031585693359375,0.0101470947265625,0.0287628173828125,0.0087738037109375,0.00438690185546875,0.0193023681640625,0.131378173828125,-0.225372314453125,-0.113372802734375,0.080108642578125,-0.06195068359375,0.10162353515625,0.1025390625,0.117950439453125,0.106201171875,0.0933837890625,0.1861572265625,0.103302001953125,1.216888427734375,2.425537109375,-0.2398681640625,3.106231689453125,1.9256983995437622
11,0.2605,-0.0,-0.0,-0.0,-0.0,-0.0,-0.0,-4.240469932556152,6.637247085571289,-861.3823852539062,-274144.6875,79595.9140625,1864.28466796875,-0.0,-0.0,-0.0,-0.0,-0.0,-0.0,-0.0,-0.0,-0.0,-0.0,-0.0,-0.0,-0.0067901611328125,-0.00278472900390625,-0.00881195068359375,-0.01171112060546875,-0.005950927734375,-0.01255035400390625,-0.0054168701171875,-0.01739501953125,-0.00301361083984375,-0.0115203857421875,-0.01644134521484375,-0.0109100341796875,-0.0156402587890625,-0.01007080078125,-0.00408172607421875,-0.02178192138671875,0.23651123046875,0.286712646484375,0.36529541015625,0.213165283203125,0.62255859375,0.033416748046875,0.123443603515625,0.18280029296875,0.097198486328125,0.11444091796875,0.15533447265625,0.105743408203125,-0.650177001953125,0.423583984375,0.1251220703125,-0.569915771484375,-2.342682361602783
12,0.261,-0.0,-0.0,-0.0,-0.0,-0.0,-0.0,-3.6935548782348633,4.545650482177734,-860.8646240234375,-274458.25,80129.8359375,1727.988037109375,-0.0,-0.0,-0.0,-0.0,-0.0,-0.0,-0.0,-0.0,-0.0,-0.0,-0.0,-0.0,-0.0086212158203125,-0.0086212158203125,-0.00843048095703125,-0.01239776611328125,-0.0077056884765625,-0.01247406005859375,-0.0074005126953125,-0.01953125,-0.0031280517578125,-0.011138916015625,-0.03376007080078125,-0.006866455078125,-0.02735137939453125,-0.00560760498046875,-0.00331878662109375,-0.02002716064453125,0.0982666015625,0.502471923828125,0.498504638671875,0.081939697265625,-0.1092529296875,0.20233154296875,0.092315673828125,0.11077880859375,0.078277587890625,0.10711669921875,0.0775146484375,0.071563720703125,-1.126251220703125,-2.62115478515625,0.479736328125,-2.82989501953125,-2.342682361602783
13,0.2615,-0.0,-0.0,-0.0,-0.0,-0.0,-0.0,-2.8603694438934326,2.988682508468628,-862.0899658203125,-275239.90625,79912.859375,1601.4368896484375,-0.0,-0.0,-0.0,-0.0,-0.0,-0.0,-0.0,-0.0,-0.0,-0.0,-0.0,-0.0,0.0064849853515625,0.0058746337890625,0.0077056884765625,0.0121307373046875,0.0089263916015625,0.01209259033203125,0.00736236572265625,0.01819610595703125,0.0067138671875,0.0106048583984375,0.02025604248046875,0.007781982421875,0.01739501953125,0.00732421875,0.0048065185546875,0.02117156982421875,0.003814697265625,-0.178070068359375,0.1068115234375,-0.004730224609375,-0.00030517578125,0.0250244140625,0.08880615234375,0.0469970703125,0.076141357421875,0.0445556640625,0.0439453125,0.035247802734375,0.814971923828125,0.03692626953125,-0.27984619140625,0.8074951171875,9.547806739807129
14,0.262,-0.0,-0.0,-0.0,-0.0,-0.0,-0.0,-1.5947957038879395,1.1223677396774292,-863.1935424804688,-276479.78125,80261.8671875,1287.946044921875,-0.0,-0.0,-0.0,-0.0,-0.0,-0.0,-0.0,-0.0,-0.0,-0.0,-0.0,-0.0,0.00789642333984375,0.0057220458984375,0.00904083251953125,0.009765625,0.007171630859375,0.01216888427734375,0.0102996826171875,0.017547607421875,0.00522613525390625,0.01178741455078125,0.03509521484375,0.0104522705078125,0.02758026123046875,0.009002685546875,0.00335693359375,0.01987457275390625,0.26458740234375,-0.0390625,-0.216064453125,0.015411376953125,-0.084075927734375,0.0738525390625,0.09307861328125,0.102691650390625,0.082855224609375,0.131378173828125,0.03082275390625,0.02655029296875,1.163787841796875,2.74261474609375,-0.362548828125,2.82501220703125,4.669657230377197
15,0.2625,-0.0,-0.0,-0.0,-0.0,-0.0,-0.0,-0.36218422651290894,-0.5401197671890259,-864.6055908203125,-277164.59375,80033.59375,1057.6024169921875,-0.0,-0.0,-0.0,-0.0,-0.0,-0.0,-0.0,-0.0,-0.0,-0.0,-0.0,-0.0,-0.0067901611328125,-0.008544921875,-0.00911712646484375,-0.0113677978515625,-0.0072479248046875,-0.01262664794921875,-0.0081634521484375,-0.01895904541015625,-0.0034332275390625,-0.0131988525390625,-0.01743316650390625,-0.008087158203125,-0.01728057861328125,-0.0075531005859375,-0.0043487548828125,-0.02079010009765625,-0.057373046875,0.2252197265625,-0.1263427734375,0.163116455078125,-0.26702880859375,0.0762939453125,0.110015869140625,0.124664306640625,0.105438232421875,0.112762451171875,0.131683349609375,0.179901123046875,-0.58807373046875,0.41412353515625,0.4168701171875,-0.91949462890625,-1.4280292987823486
16,0.263,-0.0,-0.0,-0.0,-0.0,-0.0,-0.0,0.4247928261756897,-2.815382480621338,-866.1840209960938,-278511.0625,79911.1953125,726.9423217773438,-0.0,-0.0,-0.0,-0.0,-0.0,-0.0,-0.0,-0.0,-0.0,-0.0,-0.0,-0.0,-0.00865936279296875,-0.00141143798828125,-0.00823974609375,-0.01079559326171875,-0.00843048095703125,-0.0107574462890625,-0.008697509765625,-0.01537322998046875,-0.00362396240234375,-0.0086212158203125,-0.030364990234375,-0.00614166259765625,-0.0278472900390625,-0.0083160400390625,-0.00263214111328125,-0.0203704833984375,0.18646240234375,0.322723388671875,0.094146728515625,0.1202392578125,0.881195068359375,0.126495361328125,0.1031494140625,0.1171875,0.091094970703125,0.064544677734375,0.118255615234375,0.1922607421875,-0.91827392578125,-2.31231689453125,0.72021484375,-2.7850341796875,-2.95245099067688
17,0.2635,-0.0,-0.0,-0.0,-0.0,-0.0,-0.0,1.1176574230194092,-4.241265296936035,-867.72314453125,-279887.84375,80209.3984375,596.548828125,-0.0,-0.0,-0.0,-0.0,-0.0,-0.0,-0.0,-0.0,-0.0,-0.0,-0.0,-0.0,0.00885009765625,0.00347137451171875,0.01033782958984375,0.01140594482421875,0.01041412353515625,0.01220703125,0.0091552734375,0.01739501953125,0.00591278076171875,0.01361846923828125,0.0170135498046875,0.01064300537109375,0.0206756591796875,0.007781982421875,0.003814697265625,0.02094268798828125,0.22003173828125,0.324554443359375,0.39154052734375,0.0006103515625,0.02655029296875,0.0421142578125,0.078277587890625,0.103302001953125,0.09613037109375,0.08880615234375,0.14007568359375,0.132598876953125,1.054229736328125,-0.30975341796875,-0.03173828125,1.112823486328125,-2.95245099067688
18,0.264,-0.0,-0.0,-0.0,-0.0,-0.0,-0.0,1.4842174053192139,-5.127444744110107,-867.9299926757812,-280062.625,79964.5625,447.89697265625,-0.0,-0.0,-0.0,-0.0,-0.0,-0.0,-0.0,-0.0,-0.0,-0.0,-0.0,-0.0,0.007476806640625,0.0055694580078125,0.00782012939453125,0.01285552978515625,0.00812530517578125,0.01094818115234375,0.00942230224609375,0.017242431640625,0.00553131103515625,0.01224517822265625,0.0351715087890625,0.00640869140625,0.0299835205078125,0.008544921875,0.00240325927734375,0.02033233642578125,0.1116943359375,0.151214599609375,0.402374267578125,0.0958251953125,-0.009613037109375,0.088043212890625,0.1153564453125,0.12664794921875,0.069427490234375,0.10589599609375,0.163726806640625,0.01983642578125,1.363525390625,2.508544921875,-0.52825927734375,3.077850341796875,3.145235776901245
19,0.2645,-0.0,-0.0,-0.0,-0.0,-0.0,-0.0,2.6763153076171875,-5.6389994621276855,-868.1163330078125,-280547.59375,80096.609375,211.70767211914062,-0.0,-0.0,-0.0,-0.0,-0.0,-0.0,-0.0,-0.0,-0.0,-0.0,-0.0,-0.0,-0.00667572021484375,-0.0067901611328125,-0.008544921875,-0.0116729736328125,-0.008544921875,-0.01079559326171875,-0.00919342041015625,-0.0185394287109375,-0.00759124755859375,-0.0107574462890625,-0.0206756591796875,-0.0080108642578125,-0.0162506103515625,-0.00736236572265625,-0.0034332275390625,-0.021514892578125,0.075225830078125,0.035247802734375,0.094451904296875,0.156402587890625,-0.05340576171875,0.160980224609375,0.12939453125,0.110321044921875,0.096282958984375,0.145416259765625,0.04486083984375,0.00701904296875,-0.563201904296875,0.21209716796875,0.32928466796875,-0.48492431640625,0.40127673745155334
20,0.265,-0.0,-0.0,-0.0,-0.0,-0.0,-0.0,3.56842041015625,-6.018603801727295,-867.0932006835938,-280479.09375,80027.2265625,-253.5963897705078,-0.0,-0.0,-0.0,-0.0,-0.0,-0.0,-0.0,-0.0,-0.0,-0.0,-0.0,-0.0,-0.00640869140625,-0.00377655029296875,-0.0096893310546875,-0.0121307373046875,-0.00949859619140625,-0.011749267578125,-0.008544921875,-0.02010345458984375,-0.00591278076171875,-0.01071929931640625,-0.0341033935546875,-0.0067138671875,-0.0283050537109375,-0.005645751953125,-0.0025177001953125,-0.01934051513671875,0.15716552734375,-0.2508544921875,-0.013885498046875,0.2899169921875,0.1641845703125,-0.00335693359375,0.067291259765625,0.058746337890625,0.1068115234375,0.073394775390625,-0.001373291015625,0.13214111328125,-0.94390869140625,-2.49755859375,0.665283203125,-2.696685791015625,-1.4280292987823486
21,0.2655,-0.0,-0.0,-0.0,-0.0,-0.0,-0.0,4.986882209777832,-5.6620049476623535,-865.6264038085938,-280619.5625,80143.03125,-621.4011840820312,-0.0,-0.0,-0.0,-0.0,-0.0,-0.0,-0.0,-0.0,-0.0,-0.0,-0.0,-0.0,0.0057220458984375,0.0055694580078125,0.00980377197265625,0.0121307373046875,0.0086212158203125,0.01312255859375,0.0069427490234375,0.0177764892578125,0.0080108642578125,0.0113677978515625,0.0222015380859375,0.00736236572265625,0.01689910888671875,0.00713348388671875,0.00499725341796875,0.02147674560546875,0.0689697265625,0.034332275390625,-0.178985595703125,-0.0311279296875,0.144500732421875,0.116119384765625,0.062255859375,0.04058837890625,0.1043701171875,0.06591796875,0.08148193359375,0.18218994140625,0.771026611328125,0.24169921875,-0.17730712890625,0.6939697265625,8.93803882598877
22,0.266,-0.0,-0.0,-0.0,-0.0,-0.0,-0.0,5.488605499267578,-6.285850524902344,-865.2908935546875,-280739.8125,80247.5625,-999.3009643554688,-0.0,-0.0,-0.0,-0.0,-0.0,-0.0,-0.0,-0.0,-0.0,-0.0,-0.0,-0.0,0.0081634521484375,0.0079345703125,0.0095367431640625,0.0119781494140625,0.0099945068359375,0.01224517822265625,0.011138916015625,0.0182342529296875,0.00598907470703125,0.01140594482421875,0.030670166015625,0.0043487548828125,0.0269317626953125,0.0077056884765625,0.00324249267578125,0.01983642578125,0.052032470703125,0.223388671875,0.075531005859375,0.005950927734375,0.077667236328125,0.083770751953125,0.06866455078125,0.0885009765625,0.103912353515625,0.099029541015625,0.108642578125,0.161590576171875,1.08306884765625,2.34283447265625,-0.61248779296875,3.05328369140625,2.5354671478271484
23,0.2665,-0.0,-0.0,-0.0,-0.0,-0.0,-0.0,6.011300563812256,-6.510679244995117,-863.4755249023438,-280957.5625,80262.78125,-1158.4486083984375,-0.0,-0.0,-0.0,-0.0,-0.0,-0.0,-0.0,-0.0,-0.0,-0.0,-0.0,-0.0,-0.00640869140625,-0.00606536865234375,-0.00911712646484375,-0.01186370849609375,-0.008087158203125,-0.0109100341796875,-0.00720977783203125,-0.0153350830078125,-0.0054931640625,-0.01178741455078125,-0.0167083740234375,-0.00751495361328125,-0.0199127197265625,-0.0074005126953125,-0.005035400390625,-0.020599365234375,0.08148193359375,0.155029296875,0.27069091796875,0.089111328125,0.11688232421875,0.114288330078125,0.084228515625,0.129852294921875,0.128936767578125,0.090179443359375,0.15655517578125,0.116119384765625,-0.545806884765625,0.46051025390625,0.48309326171875,-0.769195556640625,-1.732913613319397
24,0.267,-0.0,-0.0,-0.0,-0.0,-0.0,-0.0,5.4458513259887695,-6.859034061431885,-859.6400146484375,-280001.4375,80218.4609375,-1294.9014892578125,-0.0,-0.0,-0.0,-0.0,-0.0,-0.0,-0.0,-0.0,-0.0,-0.0,-0.0,-0.0,-0.00835418701171875,-0.00682830810546875,-0.0087738037109375,-0.01129150390625,-0.00934600830078125,-0.01354217529296875,-0.01071929931640625,-0.01865386962890625,-0.00568389892578125,-0.0124359130859375,-0.0325775146484375,-0.0080108642578125,-0.02532958984375,-0.00591278076171875,-0.0014495849609375,-0.01873016357421875,0.09246826171875,0.077972412109375,0.116424560546875,0.098114013671875,0.0,0.090179443359375,0.094451904296875,0.093231201171875,0.041046142578125,0.089111328125,0.0811767578125,0.030059814453125,-1.192169189453125,-2.5,0.7049560546875,-2.8070068359375,-1.732913613319397
25,0.2675,-0.0,-0.0,-0.0,-0.0,-0.0,-0.0,6.562783241271973,-6.766169548034668,-855.217529296875,-278721.53125,80257.3515625,-2010.8482666015625,-0.0,-0.0,-0.0,-0.0,-0.0,-0.0,-0.0,-0.0,-0.0,-0.0,-0.0,-0.0,0.008087158203125,0.0041961669921875,0.0103759765625,0.01148223876953125,0.01079559326171875,0.01186370849609375,0.00934600830078125,0.01720428466796875,0.0048828125,0.01129150390625,0.01850128173828125,0.00789642333984375,0.0147247314453125,0.00865936279296875,0.0042724609375,0.0223541259765625,0.111236572265625,0.074310302734375,0.076904296875,0.126495361328125,-0.01129150390625,0.11566162109375,0.121002197265625,0.121002197265625,0.0933837890625,0.0927734375,0.06134033203125,0.064697265625,0.610809326171875,-0.06378173828125,-0.3668212890625,0.58074951171875,10.76734447479248
26,0.268,-0.0,-0.0,-0.0,-0.0,-0.0,-0.0,8.532621383666992,-6.530646324157715,-849.4124755859375,-276708.03125,80099.28125,-2826.238037109375,-0.0,-0.0,-0.0,-0.0,-0.0,-0.0,-0.0,-0.0,-0.0,-0.0,-0.0,-0.0,0.00888824462890625,0.01064300537109375,0.00934600830078125,0.01148223876953125,0.00759124755859375,0.01190185546875,0.00980377197265625,0.01811981201171875,0.004730224609375,0.0113677978515625,0.03139495849609375,0.00644683837890625,0.02758026123046875,0.0095367431640625,0.0029754638671875,0.02109527587890625,0.112762451171875,0.07110595703125,0.063323974609375,0.156402587890625,0.49713134765625,0.099945068359375,0.121917724609375,0.07354736328125,0.0872802734375,0.1007080078125,0.0689697265625,0.120391845703125,1.148223876953125,2.49420166015625,-0.38116455078125,2.742919921875,2.8403513431549072
27,0.2685,-0.0,-0.0,-0.0,-0.0,-0.0,-0.0,9.631152153015137,-5.508185386657715,-842.4752807617188,-274341.40625,80014.390625,-3558.01123046875,-0.0,-0.0,-0.0,-0.0,-0.0,-0.0,-0.0,-0.0,-0.0,-0.0,-0.0,-0.0,-0.00713348388671875,-0.0067901611328125,-0.0090789794921875,-0.0116729736328125,-0.0079345703125,-0.01064300537109375,-0.0072479248046875,-0.01735687255859375,-0.00614166259765625,-0.01171112060546875,-0.0176239013671875,-0.00659942626953125,-0.01605987548828125,-0.00705718994140625,-0.003662109375,-0.020904541015625,0.114898681640625,0.07537841796875,-0.006256103515625,0.148162841796875,0.024566650390625,0.067901611328125,0.103302001953125,0.107269287109375,0.07904052734375,0.14495849609375,0.081787109375,0.137786865234375,-0.476531982421875,0.38360595703125,0.57464599609375,-0.475616455078125,2.8403513431549072
28,0.269,-0.0,-0.0,-0.0,-0.0,-0.0,-0.0,9.370532989501953,-4.7136311531066895,-834.380859375,-271656.125,80025.265625,-3573.681884765625,-0.0,-0.0,-0.0,-0.0,-0.0,-0.0,-0.0,-0.0,-0.0,-0.0,-0.0,-0.0,-0.00728607177734375,-0.0057220458984375,-0.00850677490234375,-0.010833740234375,-0.0090789794921875,-0.0150299072265625,-0.0099945068359375,-0.01834869384765625,-0.00614166259765625,-0.0127410888671875,-0.0313568115234375,-0.00766754150390625,-0.02841949462890625,-0.00591278076171875,-0.0026702880859375,-0.01861572265625,0.10284423828125,0.0848388671875,-0.02044677734375,0.111541748046875,-0.024261474609375,0.02532958984375,0.080413818359375,0.08697509765625,0.0189208984375,-0.00823974609375,0.061187744140625,0.052337646484375,-0.76141357421875,-2.22015380859375,0.3643798828125,-2.838287353515625,-1.4280292987823486
29,0.2695,-0.0,-0.0,-0.0,-0.0,-0.0,-0.0,7.265743732452393,-3.604872941970825,-825.1984252929688,-269118.8125,80214.84375,-3144.48583984375,-0.0,-0.0,-0.0,-0.0,-0.0,-0.0,-0.0,-0.0,-0.0,-0.0,-0.0,-0.0,0.00614166259765625,0.0048065185546875,0.01125335693359375,0.012054443359375,0.00926971435546875,0.01132965087890625,0.0077056884765625,0.01678466796875,0.00308990478515625,0.010833740234375,0.016937255859375,0.00911712646484375,0.015106201171875,0.0095367431640625,0.0023651123046875,0.0225067138671875,0.267333984375,-0.187530517578125,0.001220703125,0.11260986328125,-0.1495361328125,0.20111083984375,0.09368896484375,0.07232666015625,0.132293701171875,0.067596435546875,0.03143310546875,0.013885498046875,0.30303955078125,-0.20538330078125,-0.26458740234375,0.681915283203125,0.7061610817909241
30,0.27,-0.0,-0.0,-0.0,-0.0,-0.0,-0.0,5.2203755378723145,-3.156332492828369,-817.7943115234375,-266678.46875,80409.65625,-2589.211669921875,-0.0,-0.0,-0.0,-0.0,-0.0,-0.0,-0.0,-0.0,-0.0,-0.0,-0.0,-0.0,0.00926971435546875,0.01007080078125,0.00919342041015625,0.01094818115234375,0.0089263916015625,0.012664794921875,0.00949859619140625,0.01800537109375,0.00583648681640625,0.0148773193359375,0.0318145751953125,0.00675201416015625,0.02864837646484375,0.01056671142578125,0.0045013427734375,0.0205230712890625,-0.220489501953125,0.027618408203125,0.32257080078125,0.043487548828125,0.28106689453125,0.12237548828125,0.11016845703125,0.06134033203125,0.105743408203125,0.10772705078125,0.0970458984375,0.114593505859375,1.532745361328125,2.45574951171875,-0.286865234375,3.12835693359375,3.145235776901245
31,0.2705,-0.0,-0.0,-0.0,-0.0,-0.0,-0.0,2.618358612060547,-3.2978248596191406,-812.8142700195312,-264709.1875,80581.9765625,-2154.05908203125,-0.0,-0.0,-0.0,-0.0,-0.0,-0.0,-0.0,-0.0,-0.0,-0.0,-0.0,-0.0,-0.0048065185546875,-0.00461578369140625,-0.008697509765625,-0.01186370849609375,-0.0074005126953125,-0.01140594482421875,-0.006866455078125,-0.0165557861328125,-0.00614166259765625,-0.01293182373046875,-0.0182342529296875,-0.00827789306640625,-0.01422882080078125,-0.00713348388671875,-0.0041961669921875,-0.0212860107421875,0.169830322265625,0.3900146484375,0.047760009765625,0.0726318359375,0.19134521484375,0.04058837890625,0.06591796875,0.080108642578125,0.132904052734375,0.1312255859375,0.13336181640625,0.157623291015625,-0.755615234375,0.13702392578125,0.48980712890625,-0.25360107421875,-0.5133762359619141
32,0.271,-0.0,-0.0,-0.0,-0.0,-0.0,-0.0,0.9870327711105347,-4.099998474121094,-809.8529052734375,-263448.0625,80628.25,-1651.5150146484375,-0.0,-0.0,-0.0,-0.0,-0.0,-0.0,-0.0,-0.0,-0.0,-0.0,-0.0,-0.0,-0.0069427490234375,-0.00782012939453125,-0.0087738037109375,-0.01026153564453125,-0.0070953369140625,-0.0127410888671875,-0.01171112060546875,-0.01964569091796875,-0.00579833984375,-0.01415252685546875,-0.03509521484375,-0.00732421875,-0.027618408203125,-0.00762939453125,-0.00194549560546875,-0.0194549560546875,-0.06500244140625,0.166168212890625,0.2362060546875,0.190887451171875,0.07232666015625,0.038909912109375,0.106048583984375,0.150299072265625,0.0921630859375,0.10711669921875,0.139617919921875,0.120849609375,-1.279144287109375,-2.71697998046875,0.40008544921875,-2.89276123046875,4.364773273468018
33,0.2715,-0.0,-0.0,-0.0,-0.0,-0.0,-0.0,-0.8406965732574463,-5.747551441192627,-808.6323852539062,-263061.71875,81112.46875,-1143.094970703125,-0.0,-0.0,-0.0,-0.0,-0.0,-0.0,-0.0,-0.0,-0.0,-0.0,-0.0,-0.0,0.00701904296875,0.00629425048828125,0.01049041748046875,0.01087188720703125,0.00904083251953125,0.01071929931640625,0.00888824462890625,0.01583099365234375,0.00789642333984375,0.01178741455078125,0.0177764892578125,0.00797271728515625,0.015411376953125,0.00827789306640625,0.00186920166015625,0.0225830078125,0.39825439453125,-0.046539306640625,-0.001068115234375,0.126190185546875,-0.019378662109375,0.132598876953125,0.10467529296875,0.08636474609375,0.10345458984375,0.05615234375,0.16754150390625,0.075225830078125,0.670623779296875,-0.29388427734375,-0.41778564453125,0.73089599609375,6.498963356018066
34,0.272,-0.0,-0.0,-0.0,-0.0,-0.0,-0.0,-1.8300988674163818,-7.229820251464844,-806.814208984375,-263139.90625,81367.2578125,-880.9757080078125,-0.0,-0.0,-0.0,-0.0,-0.0,-0.0,-0.0,-0.0,-0.0,-0.0,-0.0,-0.0,0.00675201416015625,0.00179290771484375,0.008544921875,0.01255035400390625,0.0098419189453125,0.01354217529296875,0.00995635986328125,0.01850128173828125,0.00568389892578125,0.01361846923828125,0.03498077392578125,0.00820159912109375,0.028228759765625,0.00789642333984375,0.0006103515625,0.01979827880859375,0.03814697265625,0.2886962890625,0.22552490234375,-0.023040771484375,-0.592193603515625,0.19805908203125,0.114288330078125,0.13916015625,0.079803466796875,0.120391845703125,0.122833251953125,0.030975341796875,1.2103271484375,2.73162841796875,-0.3375244140625,3.02703857421875,3.450119972229004
35,0.2725,-0.0,-0.0,-0.0,-0.0,-0.0,-0.0,-2.3243329524993896,-8.284272193908691,-808.4385375976562,-264055.34375,81966.828125,-794.0723876953125,-0.0,-0.0,-0.0,-0.0,-0.0,-0.0,-0.0,-0.0,-0.0,-0.0,-0.0,-0.0,-0.00652313232421875,-0.00080108642578125,-0.00942230224609375,-0.0116729736328125,-0.009918212890625,-0.0104522705078125,-0.0078582763671875,-0.0168609619140625,-0.0035858154296875,-0.0127410888671875,-0.0136566162109375,-0.0079345703125,-0.0168609619140625,-0.00911712646484375,-0.002288818359375,-0.0228118896484375,0.315093994140625,0.271453857421875,-0.149993896484375,0.182647705078125,0.648040771484375,0.07232666015625,0.1031494140625,0.1324462890625,0.105133056640625,0.1348876953125,0.059356689453125,0.079803466796875,-0.79742431640625,0.61248779296875,0.56060791015625,-0.916290283203125,-1.4280292987823486
36,0.273,-0.0,-0.0,-0.0,-0.0,-0.0,-0.0,-3.392275810241699,-8.915314674377441,-810.013671875,-264454.5625,82406.4453125,-634.7052612304688,-0.0,-0.0,-0.0,-0.0,-0.0,-0.0,-0.0,-0.0,-0.0,-0.0,-0.0,-0.0,-0.0093841552734375,-0.00667572021484375,-0.008544921875,-0.00946044921875,-0.0081634521484375,-0.0112152099609375,-0.0091552734375,-0.02010345458984375,-0.006256103515625,-0.01171112060546875,-0.0347137451171875,-0.01007080078125,-0.02964019775390625,-0.0090789794921875,-0.0042724609375,-0.01983642578125,-0.092620849609375,-0.366973876953125,0.269775390625,0.00885009765625,-0.002288818359375,0.110321044921875,0.094146728515625,0.05828857421875,0.16937255859375,0.081787109375,0.110015869140625,0.14404296875,-0.807037353515625,-2.6177978515625,0.2728271484375,-2.89031982421875,-0.5133762359619141
37,0.2735,-0.0,-0.0,-0.0,-0.0,-0.0,-0.0,-4.105805397033691,-9.09342098236084,-813.7181396484375,-265667.03125,82980.5859375,-534.7828979492188,-0.0,-0.0,-0.0,-0.0,-0.0,-0.0,-0.0,-0.0,-0.0,-0.0,-0.0,-0.0,0.00762939453125,0.00606536865234375,0.00881195068359375,0.01224517822265625,0.010223388671875,0.0128173828125,0.00885009765625,0.016021728515625,0.00736236572265625,0.01117706298828125,0.019378662109375,0.006256103515625,0.0206756591796875,0.00827789306640625,0.00385284423828125,0.02227783203125,-0.057830810546875,0.11199951171875,0.282135009765625,0.07720947265625,0.039520263671875,0.05828857421875,0.077362060546875,0.08636474609375,0.078125,0.07232666015625,0.1361083984375,0.13031005859375,1.0205078125,-0.203857421875,-0.33416748046875,1.162872314453125,5.584310531616211
38,0.274,-0.0,-0.0,-0.0,-0.0,-0.0,-0.0,-5.489424705505371,-9.093284606933594,-816.748291015625,-266203.90625,83607.1640625,-208.084228515625,-0.0,-0.0,-0.0,-0.0,-0.0,-0.0,-0.0,-0.0,-0.0,-0.0,-0.0,-0.0,0.00980377197265625,0.00545501708984375,0.00949859619140625,0.01491546630859375,0.00934600830078125,0.01361846923828125,0.009002685546875,0.018310546875,0.00457763671875,0.01247406005859375,0.0318145751953125,0.00850677490234375,0.028839111328125,0.007476806640625,0.00247955322265625,0.02208709716796875,0.23101806640625,0.60302734375,-0.354461669921875,0.151824951171875,0.020904541015625,0.023193359375,0.117950439453125,0.164337158203125,0.084075927734375,0.1287841796875,0.088043212890625,0.086669921875,1.200714111328125,2.5921630859375,-0.2862548828125,3.065948486328125,4.669657230377197
39,0.2745,-0.0,-0.0,-0.0,-0.0,-0.0,-0.0,-6.692619323730469,-8.554689407348633,-820.24951171875,-267346.71875,84218.5,127.83419799804688,-0.0,-0.0,-0.0,-0.0,-0.0,-0.0,-0.0,-0.0,-0.0,-0.0,-0.0,-0.0,-0.00644683837890625,-0.00583648681640625,-0.00843048095703125,-0.01094818115234375,-0.009918212890625,-0.01041412353515625,-0.00904083251953125,-0.0157928466796875,-0.00640869140625,-0.0124359130859375,-0.0167083740234375,-0.00988006591796875,-0.01861572265625,-0.0083160400390625,-0.00301361083984375,-0.021820068359375,0.030059814453125,0.09490966796875,0.26885986328125,0.079193115234375,-0.0152587890625,0.195159912109375,0.110931396484375,0.057830810546875,0.1019287109375,0.09246826171875,0.09521484375,0.098419189453125,-0.745391845703125,0.1678466796875,0.111083984375,-0.993499755859375,0.7061610817909241
40,0.275,-0.0,-0.0,-0.0,-0.0,-0.0,-0.0,-8.161922454833984,-7.433168411254883,-823.0891723632812,-267685.375,84752.328125,566.516845703125,-0.0,-0.0,-0.0,-0.0,-0.0,-0.0,-0.0,-0.0,-0.0,-0.0,-0.0,-0.0,-0.0079345703125,-0.00598907470703125,-0.00934600830078125,-0.01277923583984375,-0.008087158203125,-0.0118255615234375,-0.0103759765625,-0.0186920166015625,-0.00591278076171875,-0.01522064208984375,-0.03276824951171875,-0.00888824462890625,-0.025634765625,-0.00629425048828125,-0.0012969970703125,-0.020751953125,0.124969482421875,0.13763427734375,0.630035400390625,0.01007080078125,0.01617431640625,0.088348388671875,0.081939697265625,0.09674072265625,0.145416259765625,0.1348876953125,0.08819580078125,0.059967041015625,-1.371307373046875,-2.36785888671875,0.2081298828125,-2.87628173828125,1.3159297704696655
41,0.2755,-0.0,-0.0,-0.0,-0.0,-0.0,-0.0,-9.908531188964844,-7.039762020111084,-824.3341674804688,-268042.15625,85449.3828125,1020.7546997070312,-0.0,-0.0,-0.0,-0.0,-0.0,-0.0,-0.0,-0.0,-0.0,-0.0,-0.0,-0.0,0.00823974609375,0.007781982421875,0.009002685546875,0.012969970703125,0.00885009765625,0.01293182373046875,0.0060272216796875,0.0173187255859375,0.00797271728515625,0.0125885009765625,0.02109527587890625,0.010528564453125,0.02185821533203125,0.00667572021484375,0.00576019287109375,0.0200653076171875,0.35614013671875,0.360260009765625,-0.277557373046875,0.17364501953125,0.322723388671875,-0.000457763671875,0.101470947265625,0.135498046875,0.06561279296875,0.026702880859375,0.091094970703125,0.139617919921875,0.617218017578125,0.0811767578125,0.11077880859375,1.3909912109375,9.547806739807129
42,0.276,-0.0,-0.0,-0.0,-0.0,-0.0,-0.0,-11.686576843261719,-6.462646961212158,-827.853759765625,-268647.53125,86140.2421875,1562.3663330078125,-0.0,-0.0,-0.0,-0.0,-0.0,-0.0,-0.0,-0.0,-0.0,-0.0,-0.0,-0.0,0.0092315673828125,0.0022125244140625,0.00972747802734375,0.01071929931640625,0.00942230224609375,0.011138916015625,0.009613037109375,0.01728057861328125,0.004119873046875,0.0128936767578125,0.03376007080078125,0.00732421875,0.0269317626953125,0.009613037109375,0.00339508056640625,0.0201416015625,-0.082855224609375,-0.09368896484375,0.31402587890625,0.08209228515625,-0.513153076171875,0.08544921875,0.10406494140625,0.0726318359375,0.132598876953125,0.121917724609375,0.0335693359375,0.1611328125,1.094970703125,2.8033447265625,-0.49407958984375,3.05755615234375,4.05988883972168
43,0.2765,-0.0,-0.0,-0.0,-0.0,-0.0,-0.0,-12.937990188598633,-4.8081135749816895,-829.6099243164062,-269052.875,86688.484375,1915.7110595703125,-0.0,-0.0,-0.0,-0.0,-0.0,-0.0,-0.0,-0.0,-0.0,-0.0,-0.0,-0.0,-0.0072479248046875,0.0006866455078125,-0.00843048095703125,-0.01247406005859375,-0.009918212890625,-0.0121307373046875,-0.006561279296875,-0.017852783203125,-0.006103515625,-0.010528564453125,-0.01827239990234375,-0.00858306884765625,-0.01621246337890625,-0.009765625,-0.002288818359375,-0.0220489501953125,0.024566650390625,0.046234130859375,0.33203125,-0.008544921875,0.997314453125,0.20904541015625,0.08392333984375,0.068206787109375,0.0335693359375,0.0433349609375,0.091705322265625,0.070953369140625,-0.457763671875,0.17608642578125,0.39459228515625,-0.537567138671875,0.09639240801334381
44,0.277,-0.0,-0.0,-0.0,-0.0,-0.0,-0.0,-13.966381072998047,-3.34403395652771,-831.577392578125,-268867.625,86865.0703125,2223.547607421875,-0.0,-0.0,-0.0,-0.0,-0.0,-0.0,-0.0,-0.0,-0.0,-0.0,-0.0,-0.0,-0.00598907470703125,-0.00858306884765625,-0.00919342041015625,-0.0106048583984375,-0.0090789794921875,-0.01140594482421875,-0.00885009765625,-0.01888275146484375,-0.0060272216796875,-0.013580322265625,-0.0347137451171875,-0.0077056884765625,-0.02986907958984375,-0.007476806640625,-0.003662109375,-0.0193023681640625,0.14892578125,-0.09124755859375,-0.50506591796875,0.16754150390625,-0.1104736328125,0.051727294921875,0.106048583984375,0.102996826171875,0.069427490234375,0.0860595703125,-0.02288818359375,0.023651123046875,-0.920562744140625,-2.454833984375,0.67352294921875,-2.713775634765625,-1.732913613319397
45,0.2775,-0.0,-0.0,-0.0,-0.0,-0.0,-0.0,-15.301015853881836,-0.8425018787384033,-833.3336791992188,-269015.3125,87229.25,2475.19482421875,-0.0,-0.0,-0.0,-0.0,-0.0,-0.0,-0.0,-0.0,-0.0,-0.0,-0.0,-0.0,0.00804901123046875,0.003509521484375,0.00995635986328125,0.01247406005859375,0.00911712646484375,0.01293182373046875,0.0096893310546875,0.01674652099609375,0.0063323974609375,0.0124359130859375,0.01811981201171875,0.00827789306640625,0.0189208984375,0.0083160400390625,0.003662109375,0.0225830078125,0.204315185546875,-0.443115234375,-0.337982177734375,0.119476318359375,-0.1934814453125,0.026397705078125,0.106964111328125,0.0146484375,0.10894775390625,0.1336669921875,0.084075927734375,0.142059326171875,0.95123291015625,-0.25634765625,-0.1898193359375,1.07208251953125,7.108732223510742
46,0.278,-0.0,-0.0,-0.0,-0.0,-0.0,-0.0,-16.102094650268555,1.6059587001800537,-835.260986328125,-269023.71875,87654.09375,2857.1083984375,-0.0,-0.0,-0.0,-0.0,-0.0,-0.0,-0.0,-0.0,-0.0,-0.0,-0.0,-0.0,0.007171630859375,0.00457763671875,0.0093841552734375,0.01049041748046875,0.012969970703125,0.0115203857421875,0.0095367431640625,0.01789093017578125,0.00782012939453125,0.011444091796875,0.03192901611328125,0.009613037109375,0.0272369384765625,0.00965118408203125,0.0023651123046875,0.020599365234375,-0.00213623046875,0.7537841796875,0.75042724609375,0.106201171875,-0.36773681640625,0.096435546875,0.1055908203125,0.20355224609375,0.183563232421875,0.126495361328125,0.14129638671875,0.13397216796875,1.08612060546875,2.3309326171875,-0.3057861328125,2.835540771484375,2.8403513431549072
47,0.2785,-0.0,-0.0,-0.0,-0.0,-0.0,-0.0,-17.12841796875,3.567821502685547,-838.2713012695312,-269039.53125,88155.7421875,2989.889892578125,-0.0,-0.0,-0.0,-0.0,-0.0,-0.0,-0.0,-0.0,-0.0,-0.0,-0.0,-0.0,-0.005645751953125,-0.00087738037109375,-0.01003265380859375,-0.0115203857421875,-0.01003265380859375,-0.0127410888671875,-0.00797271728515625,-0.01697540283203125,-0.00728607177734375,-0.0101470947265625,-0.0174713134765625,-0.00843048095703125,-0.01796722412109375,-0.008087158203125,-0.005035400390625,-0.02140045166015625,0.040740966796875,0.10955810546875,-0.228729248046875,0.372314453125,0.8148193359375,0.13885498046875,0.128936767578125,0.163116455078125,0.03631591796875,0.139617919921875,0.0311279296875,0.055694580078125,-0.46844482421875,0.39154052734375,0.35980224609375,-0.886688232421875,-2.342682361602783
48,0.279,-0.0,-0.0,-0.0,-0.0,-0.0,-0.0,-17.88595962524414,5.035618782043457,-837.9224243164062,-269021.96875,88346.3671875,3064.4609375,-0.0,-0.0,-0.0,-0.0,-0.0,-0.0,-0.0,-0.0,-0.0,-0.0,-0.0,-0.0,-0.00946044921875,-0.00598907470703125,-0.01068115234375,-0.0103759765625,-0.008392333984375,-0.0104522705078125,-0.0098419189453125,-0.01941680908203125,-0.00629425048828125,-0.0115203857421875,-0.031890869140625,-0.00965118408203125,-0.0279998779296875,-0.008544921875,-0.004425048828125,-0.019683837890625,0.1153564453125,-0.6903076171875,-0.17852783203125,-0.106964111328125,-0.10986328125,0.139007568359375,0.078887939453125,-0.018157958984375,0.1287841796875,0.02685546875,0.11627197265625,0.01708984375,-0.54840087890625,-2.354736328125,0.5157470703125,-2.833251953125,-0.5133762359619141
49,0.2795,-0.0,-0.0,-0.0,-0.0,-0.0,-0.0,-19.35795783996582,7.041301727294922,-841.6292114257812,-269141.84375,88586.421875,3417.1044921875,-0.0,-0.0,-0.0,-0.0,-0.0,-0.0,-0.0,-0.0,-0.0,-0.0,-0.0,-0.0,0.0080108642578125,0.00598907470703125,0.0106048583984375,0.0127410888671875,0.0109100341796875,0.013580322265625,0.006256103515625,0.01941680908203125,0.00415802001953125,0.01407623291015625,0.02117156982421875,0.0102996826171875,0.0171661376953125,0.00946044921875,0.00522613525390625,0.0208282470703125,-0.052337646484375,0.67230224609375,0.402984619140625,-0.005340576171875,-0.04058837890625,0.048370361328125,0.06500244140625,0.10833740234375,0.072784423828125,0.011138916015625,0.14984130859375,0.076904296875,1.102294921875,0.21575927734375,-0.10986328125,0.844573974609375,9.852691650390625
50,0.28,-0.0,-0.0,-0.0,-0.0,-0.0,-0.0,-20.563125610351562,8.824116706848145,-843.3928833007812,-269280.78125,88958.953125,3535.969482421875,-0.0,-0.0,-0.0,-0.0,-0.0,-0.0,-0.0,-0.0,-0.0,-0.0,-0.0,-0.0,0.00759124755859375,0.00675201416015625,0.0095367431640625,0.01117706298828125,0.00885009765625,0.01026153564453125,0.00911712646484375,0.0177764892578125,0.00579833984375,0.0116729736328125,0.03292083740234375,0.00797271728515625,0.02391815185546875,0.00919342041015625,0.005340576171875,0.02124786376953125,0.28167724609375,0.503997802734375,-0.62103271484375,0.12054443359375,0.462188720703125,0.108489990234375,0.11871337890625,0.186920166015625,0.079498291015625,0.047454833984375,0.227203369140625,0.11627197265625,1.06719970703125,2.49908447265625,-0.48614501953125,2.52288818359375,1.9256983995437622
51,0.2805,-0.0,-0.0,-0.0,-0.0,-0.0,-0.0,-21.053680419921875,10.918509483337402,-844.9823608398438,-269571.875,89343.359375,3611.003662109375,-0.0,-0.0,-0.0,-0.0,-0.0,-0.0,-0.0,-0.0,-0.0,-0.0,-0.0,-0.0,-0.0083160400390625,-0.00640869140625,-0.00835418701171875,-0.0113677978515625,-0.007476806640625,-0.012969970703125,-0.00476837158203125,-0.018157958984375,-0.0049591064453125,-0.01354217529296875,-0.0164031982421875,-0.0106048583984375,-0.0182342529296875,-0.00759124755859375,-0.00453948974609375,-0.02010345458984375,-0.0067138671875,0.029449462890625,1.13250732421875,-0.0164794921875,-0.20263671875,0.21881103515625,0.11260986328125,0.062103271484375,0.0433349609375,0.13458251953125,0.04058837890625,0.172119140625,-0.62957763671875,0.26275634765625,0.462646484375,-0.95245361328125,0.7061610817909241
52,0.281,-0.0,-0.0,-0.0,-0.0,-0.0,-0.0,-21.053598403930664,12.299912452697754,-850.810791015625,-269957.9375,89377.515625,3480.48388671875,-0.0,-0.0,-0.0,-0.0,-0.0,-0.0,-0.0,-0.0,-0.0,-0.0,-0.0,-0.0,-0.00560760498046875,-0.0081634521484375,-0.01007080078125,-0.01171112060546875,-0.009307861328125,-0.011749267578125,-0.0106048583984375,-0.01941680908203125,-0.00629425048828125,-0.0128936767578125,-0.03261566162109375,-0.00675201416015625,-0.02246856689453125,-0.0069427490234375,-0.0008392333984375,-0.0194549560546875,0.05950927734375,0.10528564453125,0.193023681640625,0.235595703125,-0.068359375,0.000152587890625,0.078582763671875,0.121307373046875,0.1617431640625,0.13427734375,0.00396728515625,0.107574462890625,-0.9954833984375,-2.32025146484375,0.7147216796875,-2.5860595703125,-13.623401641845703
53,0.28150000000000003,-0.0,-0.0,-0.0,-0.0,-0.0,-0.0,-20.964231491088867,13.770528793334961,-851.8662109375,-270718.5625,89589.625,3584.299560546875,-0.0,-0.0,-0.0,-0.0,-0.0,-0.0,-0.0,-0.0,-0.0,-0.0,-0.0,-0.0,0.00701904296875,0.00774383544921875,0.00732421875,0.01239776611328125,0.00568389892578125,0.01132965087890625,0.0081634521484375,0.0171661376953125,0.00507354736328125,0.0124359130859375,0.01720428466796875,0.00732421875,0.0177764892578125,0.01026153564453125,0.0019073486328125,0.020751953125,-0.07568359375,-0.531158447265625,-0.8050537109375,0.153961181640625,0.394287109375,-0.00213623046875,0.115509033203125,0.058746337890625,0.084991455078125,0.145721435546875,0.066375732421875,0.08819580078125,0.588531494140625,-0.458984375,-0.43487548828125,0.899810791015625,8.633153915405273
54,0.28200000000000003,-0.0,-0.0,-0.0,-0.0,-0.0,-0.0,-20.830841064453125,14.394000053405762,-855.9323120117188,-271565.375,90248.2578125,3394.697021484375,-0.0,-0.0,-0.0,-0.0,-0.0,-0.0,-0.0,-0.0,-0.0,-0.0,-0.0,-0.0,0.00591278076171875,0.006561279296875,0.0099945068359375,0.012054443359375,0.00743865966796875,0.0128173828125,0.00743865966796875,0.0191497802734375,0.00659942626953125,0.0121307373046875,0.03467559814453125,0.00820159912109375,0.02674102783203125,0.00823974609375,0.00457763671875,0.02017974853515625,0.57586669921875,0.1904296875,0.505523681640625,-0.10009765625,-0.069580078125,0.129852294921875,0.082855224609375,-0.004425048828125,0.095062255859375,0.077056884765625,0.114593505859375,0.14739990234375,1.234893798828125,2.35992431640625,-0.43792724609375,2.889862060546875,0.40127673745155334
55,0.28250000000000003,-0.0,-0.0,-0.0,-0.0,-0.0,-0.0,-20.4746036529541,14.796174049377441,-858.5804443359375,-272093.1875,90507.4375,3160.95458984375,-0.0,-0.0,-0.0,-0.0,-0.0,-0.0,-0.0,-0.0,-0.0,-0.0,-0.0,-0.0,-0.0061798095703125,-0.00904083251953125,-0.0086212158203125,-0.01140594482421875,-0.0049591064453125,-0.0113677978515625,-0.00865936279296875,-0.01728057861328125,-0.0054931640625,-0.01041412353515625,-0.01739501953125,-0.00850677490234375,-0.0162506103515625,-0.0083160400390625,-0.002593994140625,-0.0218963623046875,0.00823974609375,0.782012939453125,0.356903076171875,0.067138671875,-0.42327880859375,0.15533447265625,0.113067626953125,0.260772705078125,0.1336669921875,0.067138671875,0.22491455078125,0.125579833984375,-0.261077880859375,0.235595703125,0.60699462890625,-0.758056640625,0.40127673745155334
56,0.28300000000000003,-0.0,-0.0,-0.0,-0.0,-0.0,-0.0,-20.117992401123047,15.50800895690918,-862.2847900390625,-273079.8125,90855.0625,3103.03466796875,-0.0,-0.0,-0.0,-0.0,-0.0,-0.0,-0.0,-0.0,-0.0,-0.0,-0.0,-0.0,-0.0057220458984375,0.00087738037109375,-0.01068115234375,-0.01255035400390625,-0.01049041748046875,-0.01209259033203125,-0.00911712646484375,-0.0200653076171875,-0.00705718994140625,-0.0121307373046875,-0.030364990234375,-0.00843048095703125,-0.02727508544921875,-0.00518798828125,-0.00301361083984375,-0.019989013671875,0.1898193359375,0.2423095703125,-0.670928955078125,0.205230712890625,1.17919921875,0.02899169921875,0.095062255859375,0.0958251953125,0.020751953125,-0.029296875,0.058135986328125,0.075836181640625,-1.022491455078125,-2.09136962890625,0.36834716796875,-2.8515625,0.09639240801334381
57,0.28350000000000003,-0.0,-0.0,-0.0,-0.0,-0.0,-0.0,-20.295799255371094,15.687767028808594,-864.9312133789062,-273936.28125,91582.5078125,3102.757080078125,-0.0,-0.0,-0.0,-0.0,-0.0,-0.0,-0.0,-0.0,-0.0,-0.0,-0.0,-0.0,0.0079345703125,0.0037384033203125,0.0083160400390625,0.0135040283203125,0.0090789794921875,0.01361846923828125,0.0075531005859375,0.01743316650390625,0.00457763671875,0.012054443359375,0.01560211181640625,0.00911712646484375,0.017852783203125,0.00820159912109375,0.0019073486328125,0.02231597900390625,0.06500244140625,-0.699310302734375,0.901641845703125,0.00091552734375,-0.064544677734375,0.09124755859375,0.07965087890625,-0.0250244140625,0.099334716796875,0.15533447265625,-0.009613037109375,0.084686279296875,0.84625244140625,-0.3118896484375,-0.2813720703125,0.855255126953125,10.157575607299805
58,0.28400000000000003,-0.0,-0.0,-0.0,-0.0,-0.0,-0.0,-20.161575317382812,15.508689880371094,-867.9454956054688,-275072.21875,91766.953125,3015.782958984375,-0.0,-0.0,-0.0,-0.0,-0.0,-0.0,-0.0,-0.0,-0.0,-0.0,-0.0,-0.0,0.009613037109375,0.00705718994140625,0.01194000244140625,0.01384735107421875,0.0099945068359375,0.01247406005859375,0.0074005126953125,0.01861572265625,0.005035400390625,0.01007080078125,0.03269195556640625,0.007171630859375,0.02452850341796875,0.00736236572265625,0.00400543212890625,0.02197265625,0.10406494140625,0.437774658203125,-0.170745849609375,0.2459716796875,-0.10986328125,0.044708251953125,0.0897216796875,0.17425537109375,0.113983154296875,0.10345458984375,0.186767578125,0.078582763671875,1.181640625,2.25982666015625,-0.32012939453125,2.77740478515625,3.145235776901245
59,0.28450000000000003,-0.0,-0.0,-0.0,-0.0,-0.0,-0.0,-19.71773910522461,14.752741813659668,-870.4010009765625,-276008.40625,92474.1875,2970.39697265625,-0.0,-0.0,-0.0,-0.0,-0.0,-0.0,-0.0,-0.0,-0.0,-0.0,-0.0,-0.0,-0.0069427490234375,-0.0035858154296875,-0.00797271728515625,-0.01049041748046875,-0.00766754150390625,-0.0113677978515625,-0.00797271728515625,-0.01659393310546875,-0.00682830810546875,-0.0119781494140625,-0.01811981201171875,-0.005950927734375,-0.0146484375,-0.00579833984375,-0.00270843505859375,-0.02056121826171875,0.05279541015625,0.46539306640625,0.348052978515625,0.127105712890625,0.2716064453125,0.3131103515625,0.128326416015625,0.1385498046875,0.104827880859375,0.049285888671875,0.101318359375,0.040130615234375,-0.68206787109375,0.29541015625,0.63629150390625,-0.362701416015625,1.6208140850067139
60,0.28500000000000003,-0.0,-0.0,-0.0,-0.0,-0.0,-0.0,-19.491865158081055,13.462472915649414,-873.2398681640625,-276644.21875,93073.4375,2998.532470703125,-0.0,-0.0,-0.0,-0.0,-0.0,-0.0,-0.0,-0.0,-0.0,-0.0,-0.0,-0.0,-0.0107574462890625,-0.00934600830078125,-0.0102996826171875,-0.01079559326171875,-0.0077056884765625,-0.01186370849609375,-0.00919342041015625,-0.01842498779296875,-0.00453948974609375,-0.013275146484375,-0.03086090087890625,-0.00652313232421875,-0.02880096435546875,-0.00751495361328125,-0.0051116943359375,-0.02094268798828125,0.139923095703125,-0.3802490234375,0.3436279296875,-0.01129150390625,-0.274505615234375,0.1104736328125,0.106353759765625,0.088958740234375,0.0994873046875,0.154571533203125,0.091094970703125,0.11810302734375,-1.35986328125,-2.283935546875,0.56243896484375,-2.77496337890625,-2.647566556930542
61,0.28550000000000003,-0.0,-0.0,-0.0,-0.0,-0.0,-0.0,-19.807565689086914,12.25613784790039,-875.3424072265625,-277883.6875,93296.2421875,3100.674072265625,-0.0,-0.0,-0.0,-0.0,-0.0,-0.0,-0.0,-0.0,-0.0,-0.0,-0.0,-0.0,0.008697509765625,0.00789642333984375,0.0092315673828125,0.0128173828125,0.0092315673828125,0.0119781494140625,0.0086212158203125,0.01499176025390625,0.006256103515625,0.012054443359375,0.01956939697265625,0.00812530517578125,0.0154876708984375,0.0102996826171875,0.00179290771484375,0.0226593017578125,0.2996826171875,0.356597900390625,-0.540008544921875,0.29296875,0.492706298828125,-0.122528076171875,0.074920654296875,0.083160400390625,0.0823974609375,0.069732666015625,0.00885009765625,0.1031494140625,0.724639892578125,0.111083984375,-0.2850341796875,0.618438720703125,7.71850061416626
62,0.28600000000000003,-0.0,-0.0,-0.0,-0.0,-0.0,-0.0,-20.0269832611084,10.877009391784668,-878.860595703125,-279053.0,93962.6640625,3113.533203125,-0.0,-0.0,-0.0,-0.0,-0.0,-0.0,-0.0,-0.0,-0.0,-0.0,-0.0,-0.0,0.004425048828125,0.00339508056640625,0.0095367431640625,0.01201629638671875,0.0078582763671875,0.00980377197265625,0.0098419189453125,0.021820068359375,0.00598907470703125,0.00885009765625,0.0341796875,0.0086212158203125,0.027313232421875,0.00774383544921875,0.00484466552734375,0.0211334228515625,-0.16815185546875,-0.45562744140625,-0.258026123046875,-0.0762939453125,-0.21759033203125,0.12725830078125,0.092010498046875,0.001220703125,0.091094970703125,0.148468017578125,0.16693115234375,0.135955810546875,0.431060791015625,2.57110595703125,-0.2459716796875,2.768707275390625,4.364773273468018
63,0.28650000000000003,-0.0,-0.0,-0.0,-0.0,-0.0,-0.0,-19.543926239013672,9.140128135681152,-881.37744140625,-280205.3125,93877.4140625,2965.791015625,-0.0,-0.0,-0.0,-0.0,-0.0,-0.0,-0.0,-0.0,-0.0,-0.0,-0.0,-0.0,-0.0054168701171875,-0.0029754638671875,-0.0078582763671875,-0.01125335693359375,-0.00698089599609375,-0.01255035400390625,-0.0052642822265625,-0.01750946044921875,-0.00514984130859375,-0.00919342041015625,-0.01445770263671875,-0.00667572021484375,-0.01911163330078125,-0.00713348388671875,-0.00553131103515625,-0.01964569091796875,0.15655517578125,0.551910400390625,0.137481689453125,0.07293701171875,0.18218994140625,0.039825439453125,0.08026123046875,0.10528564453125,0.1361083984375,0.160064697265625,0.081787109375,0.099334716796875,-0.1922607421875,0.6793212890625,0.46142578125,-0.805511474609375,4.364773273468018
64,0.28700000000000003,-0.0,-0.0,-0.0,-0.0,-0.0,-0.0,-18.37922477722168,7.705134391784668,-885.6023559570312,-281933.8125,94505.296875,2803.80517578125,-0.0,-0.0,-0.0,-0.0,-0.0,-0.0,-0.0,-0.0,-0.0,-0.0,-0.0,-0.0,-0.00843048095703125,-0.00553131103515625,-0.00904083251953125,-0.01178741455078125,-0.0077056884765625,-0.01018524169921875,-0.00835418701171875,-0.0177764892578125,-0.00457763671875,-0.0135040283203125,-0.032501220703125,-0.00904083251953125,-0.02635955810546875,-0.0086212158203125,-0.0046539306640625,-0.0206756591796875,0.27862548828125,0.184326171875,0.2728271484375,0.07843017578125,0.4150390625,0.135040283203125,0.121612548828125,0.146026611328125,0.12847900390625,0.099945068359375,0.1690673828125,0.08697509765625,-0.93109130859375,-2.244873046875,0.51605224609375,-2.877197265625,1.0110454559326172
65,0.28750000000000003,-0.0,-0.0,-0.0,-0.0,-0.0,-0.0,-16.819175720214844,6.280701637268066,-888.946044921875,-283342.0625,94422.6171875,2350.0107421875,-0.0,-0.0,-0.0,-0.0,-0.0,-0.0,-0.0,-0.0,-0.0,-0.0,-0.0,-0.0,0.00965118408203125,0.00324249267578125,0.009765625,0.010833740234375,0.00873565673828125,0.0115203857421875,0.0060272216796875,0.01750946044921875,0.0029754638671875,0.01483917236328125,0.01583099365234375,0.00896453857421875,0.01575469970703125,0.009918212890625,0.00518798828125,0.02166748046875,-0.168609619140625,-0.1806640625,-0.113067626953125,0.18280029296875,-0.17333984375,0.08758544921875,0.08697509765625,0.0726318359375,0.06378173828125,0.07049560546875,0.035858154296875,0.103912353515625,0.704498291015625,-0.21942138671875,-0.1275634765625,0.874481201171875,6.498963356018066
66,0.28800000000000003,-0.0,-0.0,-0.0,-0.0,-0.0,-0.0,-15.25069522857666,6.013078689575195,-892.6580200195312,-284368.875,94870.5078125,1837.4161376953125,-0.0,-0.0,-0.0,-0.0,-0.0,-0.0,-0.0,-0.0,-0.0,-0.0,-0.0,-0.0,0.008392333984375,0.00667572021484375,0.00919342041015625,0.01220703125,0.0093841552734375,0.011444091796875,0.010833740234375,0.0177001953125,0.00682830810546875,0.01499176025390625,0.032501220703125,0.00896453857421875,0.02819061279296875,0.00766754150390625,0.00072479248046875,0.022125244140625,0.267333984375,-0.01434326171875,0.4736328125,0.179595947265625,0.01312255859375,0.1556396484375,0.100860595703125,0.09765625,0.074920654296875,0.118865966796875,0.07354736328125,0.061492919921875,1.30096435546875,2.42431640625,-0.34759521484375,2.99652099609375,1.0110454559326172
67,0.28850000000000003,-0.0,-0.0,-0.0,-0.0,-0.0,-0.0,-14.502469062805176,6.001335620880127,-895.483154296875,-285378.6875,94741.3828125,1500.6365966796875,-0.0,-0.0,-0.0,-0.0,-0.0,-0.0,-0.0,-0.0,-0.0,-0.0,-0.0,-0.0,-0.008392333984375,-0.00568389892578125,-0.00850677490234375,-0.01087188720703125,-0.0084686279296875,-0.01194000244140625,-0.01010894775390625,-0.01850128173828125,-0.00457763671875,-0.013580322265625,-0.018463134765625,-0.0099945068359375,-0.0154876708984375,-0.00949859619140625,-0.002593994140625,-0.02269744873046875,-0.09307861328125,0.72845458984375,0.160675048828125,0.050048828125,-0.10345458984375,0.0360107421875,0.10009765625,0.12542724609375,0.088348388671875,0.103759765625,0.072021484375,0.06072998046875,-0.60089111328125,-0.03997802734375,0.33447265625,-0.8160400390625,-4.171988487243652
68,0.28900000000000003,-0.0,-0.0,-0.0,-0.0,-0.0,-0.0,-13.962665557861328,6.2415666580200195,-896.7142333984375,-285965.28125,95042.859375,1424.835205078125,-0.0,-0.0,-0.0,-0.0,-0.0,-0.0,-0.0,-0.0,-0.0,-0.0,-0.0,-0.0,-0.00774383544921875,-0.00675201416015625,-0.0083160400390625,-0.01255035400390625,-0.0104522705078125,-0.0144195556640625,-0.011444091796875,-0.018310546875,-0.00579833984375,-0.013885498046875,-0.03368377685546875,-0.0063323974609375,-0.02719879150390625,-0.007171630859375,-0.0011444091796875,-0.0196075439453125,0.179595947265625,-0.153961181640625,-0.337066650390625,0.06134033203125,0.107574462890625,0.16204833984375,0.085296630859375,0.0421142578125,0.117645263671875,0.12786865234375,0.130157470703125,0.117340087890625,-1.103515625,-2.51556396484375,0.556640625,-2.738494873046875,-2.342682361602783
69,0.28950000000000004,-0.0,-0.0,-0.0,-0.0,-0.0,-0.0,-14.413986206054688,5.426582336425781,-895.8255004882812,-286454.71875,95517.140625,1643.89794921875,-0.0,-0.0,-0.0,-0.0,-0.0,-0.0,-0.0,-0.0,-0.0,-0.0,-0.0,-0.0,0.00774383544921875,0.0069427490234375,0.0103759765625,0.01285552978515625,0.01094818115234375,0.01251220703125,0.0080108642578125,0.01789093017578125,0.0049591064453125,0.01079559326171875,0.01758575439453125,0.0090789794921875,0.01796722412109375,0.0101470947265625,0.00148773193359375,0.0225067138671875,0.13946533203125,0.14984130859375,0.235137939453125,0.00762939453125,0.122528076171875,0.126495361328125,0.0885009765625,0.070037841796875,0.106658935546875,0.235443115234375,0.10986328125,0.10986328125,0.652313232421875,-0.086669921875,-0.31646728515625,1.122589111328125,8.633153915405273
70,0.29000000000000004,-0.0,-0.0,-0.0,-0.0,-0.0,-0.0,-15.571330070495605,4.637509346008301,-896.927490234375,-287185.09375,95680.5625,2086.56103515625,-0.0,-0.0,-0.0,-0.0,-0.0,-0.0,-0.0,-0.0,-0.0,-0.0,-0.0,-0.0,0.00823974609375,0.00751495361328125,0.0096893310546875,0.01354217529296875,0.0096893310546875,0.0110626220703125,0.00598907470703125,0.0182342529296875,0.004730224609375,0.01102447509765625,0.03345489501953125,0.00804901123046875,0.02300262451171875,0.00728607177734375,0.002288818359375,0.0214385986328125,-0.258331298828125,0.197601318359375,-0.056915283203125,0.175323486328125,0.27191162109375,0.008697509765625,0.12847900390625,0.16937255859375,0.138092041015625,-0.03143310546875,0.09857177734375,0.07781982421875,0.937957763671875,2.54302978515625,-0.62347412109375,2.6416015625,3.755004405975342
71,0.29050000000000004,-0.0,-0.0,-0.0,-0.0,-0.0,-0.0,-16.90683364868164,3.2633495330810547,-895.5048828125,-287652.3125,96275.2734375,2504.73583984375,-0.0,-0.0,-0.0,-0.0,-0.0,-0.0,-0.0,-0.0,-0.0,-0.0,-0.0,-0.0,-0.00823974609375,-0.0046539306640625,-0.01049041748046875,-0.0115966796875,-0.010986328125,-0.010986328125,-0.0075531005859375,-0.01750946044921875,-0.00377655029296875,-0.0110626220703125,-0.0182342529296875,-0.00965118408203125,-0.0189208984375,-0.00774383544921875,-0.003509521484375,-0.02155303955078125,0.32318115234375,-0.56976318359375,-0.155487060546875,0.00823974609375,0.095367431640625,0.160369873046875,0.098114013671875,0.030364990234375,0.066680908203125,0.130157470703125,0.107421875,0.08758544921875,-0.48736572265625,0.01861572265625,0.277099609375,-1.01837158203125,-1.732913613319397
72,0.29100000000000004,-0.0,-0.0,-0.0,-0.0,-0.0,-0.0,-18.158897399902344,1.4660980701446533,-895.3111572265625,-287475.28125,96349.78125,3002.566162109375,-0.0,-0.0,-0.0,-0.0,-0.0,-0.0,-0.0,-0.0,-0.0,-0.0,-0.0,-0.0,-0.0075531005859375,-0.00667572021484375,-0.00881195068359375,-0.01171112060546875,-0.0067901611328125,-0.01110076904296875,-0.0095367431640625,-0.01636505126953125,-0.0043487548828125,-0.010223388671875,-0.03101348876953125,-0.00881195068359375,-0.02346038818359375,-0.0074005126953125,-0.00244140625,-0.0197601318359375,0.076141357421875,0.680694580078125,0.44403076171875,0.148468017578125,0.18341064453125,0.104522705078125,0.09063720703125,0.179901123046875,0.082855224609375,0.0311279296875,0.1922607421875,0.1025390625,-0.733489990234375,-2.24456787109375,0.413818359375,-2.479095458984375,-1.4280292987823486
73,0.29150000000000004,-0.0,-0.0,-0.0,-0.0,-0.0,-0.0,-19.392173767089844,0.3628652095794678,-895.7020263671875,-288017.71875,96833.84375,3325.69873046875,-0.0,-0.0,-0.0,-0.0,-0.0,-0.0,-0.0,-0.0,-0.0,-0.0,-0.0,-0.0,0.00637054443359375,0.0034332275390625,0.0096893310546875,0.011444091796875,0.0087738037109375,0.0109100341796875,0.00698089599609375,0.016937255859375,0.0057220458984375,0.01354217529296875,0.019683837890625,0.00949859619140625,0.01918792724609375,0.00782012939453125,0.00453948974609375,0.02017974853515625,-0.038299560546875,0.645751953125,-0.319061279296875,0.084991455078125,-0.1385498046875,0.03509521484375,0.110931396484375,0.120849609375,0.088043212890625,0.0726318359375,0.07293701171875,0.161285400390625,1.052093505859375,-0.0518798828125,-0.0146484375,1.093292236328125,9.852691650390625
74,0.29200000000000004,-0.0,-0.0,-0.0,-0.0,-0.0,-0.0,-20.154916763305664,-0.7097170352935791,-894.5784301757812,-288591.5625,97058.3671875,3613.147216796875,-0.0,-0.0,-0.0,-0.0,-0.0,-0.0,-0.0,-0.0,-0.0,-0.0,-0.0,-0.0,0.00957489013671875,0.0077056884765625,0.00835418701171875,0.01251220703125,0.00659942626953125,0.010528564453125,0.006561279296875,0.01819610595703125,0.0048828125,0.010528564453125,0.03147125244140625,0.00904083251953125,0.02635955810546875,0.008087158203125,0.00377655029296875,0.02140045166015625,0.586090087890625,-0.30517578125,0.163726806640625,0.172882080078125,0.209808349609375,0.01068115234375,0.072784423828125,0.001983642578125,0.10223388671875,0.093231201171875,0.00701904296875,0.12603759765625,1.092376708984375,2.5628662109375,-0.37109375,2.802276611328125,4.05988883972168
75,0.29250000000000004,-0.0,-0.0,-0.0,-0.0,-0.0,-0.0,-20.832395553588867,-0.40630578994750977,-893.2058715820312,-288940.75,97227.015625,3896.371826171875,-0.0,-0.0,-0.0,-0.0,-0.0,-0.0,-0.0,-0.0,-0.0,-0.0,-0.0,-0.0,-0.006256103515625,-0.007476806640625,-0.0087738037109375,-0.0110626220703125,-0.00843048095703125,-0.0118255615234375,-0.00499725341796875,-0.0164031982421875,-0.0038909912109375,-0.01117706298828125,-0.0167083740234375,-0.00850677490234375,-0.01613616943359375,-0.0091552734375,-0.00286102294921875,-0.02193450927734375,-0.09918212890625,-0.257720947265625,0.274810791015625,0.11993408203125,-0.0225830078125,0.0738525390625,0.100250244140625,0.055694580078125,0.103759765625,0.17669677734375,0.0872802734375,0.009918212890625,-0.3668212890625,0.2996826171875,0.4327392578125,-0.68389892578125,0.40127673745155334
76,0.29300000000000004,-0.0,-0.0,-0.0,-0.0,-0.0,-0.0,-21.000028610229492,-1.0695648193359375,-893.1634521484375,-289719.0,97478.5703125,4065.483642578125,-0.0,-0.0,-0.0,-0.0,-0.0,-0.0,-0.0,-0.0,-0.0,-0.0,-0.0,-0.0,-0.00827789306640625,-0.006256103515625,-0.00797271728515625,-0.01270294189453125,-0.00804901123046875,-0.01216888427734375,-0.005340576171875,-0.017242431640625,-0.0060272216796875,-0.0124359130859375,-0.03246307373046875,-0.00705718994140625,-0.02498626708984375,-0.00629425048828125,-0.0020599365234375,-0.0213623046875,0.159759521484375,0.163421630859375,0.355072021484375,0.164337158203125,-0.04150390625,0.10589599609375,0.13275146484375,0.143280029296875,0.110321044921875,0.18646240234375,0.217437744140625,0.03936767578125,-1.071014404296875,-2.294921875,0.5914306640625,-2.7276611328125,-2.95245099067688
77,0.29350000000000004,-0.0,-0.0,-0.0,-0.0,-0.0,-0.0,-21.94955825805664,-2.1353600025177,-892.8388671875,-290269.09375,97663.109375,4507.0400390625,-0.0,-0.0,-0.0,-0.0,-0.0,-0.0,-0.0,-0.0,-0.0,-0.0,-0.0,-0.0,0.0057220458984375,0.0070953369140625,0.01049041748046875,0.01171112060546875,0.01163482666015625,0.012054443359375,0.009002685546875,0.01850128173828125,0.0069427490234375,0.01483917236328125,0.0185394287109375,0.00865936279296875,0.01682281494140625,0.009002685546875,0.0041961669921875,0.02040863037109375,-0.106048583984375,0.6494140625,0.377349853515625,-0.028076171875,-0.01190185546875,0.262603759765625,0.097198486328125,0.1129150390625,0.10284423828125,0.114288330078125,0.156097412109375,0.15777587890625,0.905303955078125,-0.10040283203125,-0.113525390625,0.920562744140625,7.71850061416626
78,0.29400000000000004,-0.0,-0.0,-0.0,-0.0,-0.0,-0.0,-22.55853271484375,-3.6504414081573486,-891.6259765625,-291144.78125,97979.8125,4866.99853515625,-0.0,-0.0,-0.0,-0.0,-0.0,-0.0,-0.0,-0.0,-0.0,-0.0,-0.0,-0.0,0.00972747802734375,0.01010894775390625,0.00919342041015625,0.0128936767578125,0.00873565673828125,0.01377105712890625,0.0055694580078125,0.01605987548828125,0.0061798095703125,0.013275146484375,0.03173828125,0.0075531005859375,0.02468109130859375,0.00804901123046875,0.0034332275390625,0.02105712890625,0.393218994140625,0.396575927734375,-0.327911376953125,0.16815185546875,0.503387451171875,0.054779052734375,0.095062255859375,0.15533447265625,0.086822509765625,-0.02716064453125,0.042877197265625,0.1666259765625,1.364898681640625,2.27203369140625,-0.4315185546875,2.703857421875,-4.78175687789917
79,0.29450000000000004,-0.0,-0.0,-0.0,-0.0,-0.0,-0.0,-23.05888557434082,-5.11484956741333,-892.2688598632812,-291768.46875,98475.6328125,5237.27099609375,-0.0,-0.0,-0.0,-0.0,-0.0,-0.0,-0.0,-0.0,-0.0,-0.0,-0.0,-0.0,-0.0077056884765625,-0.00797271728515625,-0.00988006591796875,-0.010833740234375,-0.009613037109375,-0.01232147216796875,-0.00789642333984375,-0.01605987548828125,-0.0055694580078125,-0.010986328125,-0.0183868408203125,-0.0078582763671875,-0.01800537109375,-0.00820159912109375,-0.00457763671875,-0.020904541015625,-0.185394287109375,-0.2423095703125,0.354156494140625,0.07080078125,0.0555419921875,0.168914794921875,0.098419189453125,0.066070556640625,0.075531005859375,0.106658935546875,0.049285888671875,0.09063720703125,-0.575408935546875,0.33477783203125,0.42510986328125,-0.748443603515625,0.7061610817909241
80,0.29500000000000004,-0.0,-0.0,-0.0,-0.0,-0.0,-0.0,-23.109739303588867,-7.262021541595459,-892.350830078125,-293325.15625,98270.796875,5411.03857421875,-0.0,-0.0,-0.0,-0.0,-0.0,-0.0,-0.0,-0.0,-0.0,-0.0,-0.0,-0.0,-0.00896453857421875,-0.00827789306640625,-0.01068115234375,-0.0107574462890625,-0.00946044921875,-0.01262664794921875,-0.00820159912109375,-0.018310546875,-0.0048065185546875,-0.01312255859375,-0.03337860107421875,-0.007476806640625,-0.02422332763671875,-0.0077056884765625,-0.0038909912109375,-0.019073486328125,-0.12451171875,-0.62530517578125,0.21636962890625,0.01373291015625,-0.170440673828125,0.0396728515625,0.082855224609375,0.010986328125,0.092926025390625,0.186309814453125,0.070648193359375,0.074615478515625,-1.000213623046875,-2.1533203125,0.7977294921875,-2.3663330078125,0.7061610817909241
81,0.29550000000000004,-0.0,-0.0,-0.0,-0.0,-0.0,-0.0,-23.41558265686035,-10.78042984008789,-892.7871704101562,-294676.5,98547.6796875,5376.2060546875,-0.0,-0.0,-0.0,-0.0,-0.0,-0.0,-0.0,-0.0,-0.0,-0.0,-0.0,-0.0,0.00843048095703125,0.00579833984375,0.01132965087890625,0.01163482666015625,0.009307861328125,0.010833740234375,0.0083160400390625,0.0157928466796875,0.0058746337890625,0.011138916015625,0.0180816650390625,0.00732421875,0.01628875732421875,0.00850677490234375,0.002288818359375,0.02269744873046875,0.3155517578125,0.235595703125,-0.09613037109375,0.053863525390625,0.023956298828125,0.1031494140625,0.093536376953125,0.100860595703125,0.126495361328125,0.0927734375,0.11474609375,0.032806396484375,0.718841552734375,-0.27862548828125,-0.296630859375,0.800628662109375,9.852691650390625
82,0.29600000000000004,-0.0,-0.0,-0.0,-0.0,-0.0,-0.0,-22.128713607788086,-14.655196189880371,-893.7129516601562,-296408.71875,98512.0859375,5331.03271484375,-0.0,-0.0,-0.0,-0.0,-0.0,-0.0,-0.0,-0.0,-0.0,-0.0,-0.0,-0.0,0.0083160400390625,0.0070953369140625,0.0112152099609375,0.013580322265625,0.01079559326171875,0.01224517822265625,0.00736236572265625,0.0188446044921875,0.0054168701171875,0.0118255615234375,0.0316619873046875,0.00759124755859375,0.02140045166015625,0.00774383544921875,0.00301361083984375,0.02155303955078125,0.22674560546875,0.862274169921875,-0.1373291015625,0.20843505859375,0.167083740234375,0.051116943359375,0.1177978515625,0.135955810546875,0.065765380859375,-0.037078857421875,0.104827880859375,0.0897216796875,0.96099853515625,2.5396728515625,-0.51849365234375,2.388763427734375,2.8403513431549072
83,0.29650000000000004,-0.0,-0.0,-0.0,-0.0,-0.0,-0.0,-20.832975387573242,-18.684913635253906,-897.728271484375,-298424.0,97971.84375,4799.58056640625,-0.0,-0.0,-0.0,-0.0,-0.0,-0.0,-0.0,-0.0,-0.0,-0.0,-0.0,-0.0,-0.0070953369140625,-0.006256103515625,-0.0084686279296875,-0.01155853271484375,-0.00743865966796875,-0.0128173828125,-0.00667572021484375,-0.01651763916015625,-0.0026702880859375,-0.012359619140625,-0.0142669677734375,-0.0087738037109375,-0.014190673828125,-0.00896453857421875,-0.0035858154296875,-0.0212860107421875,0.0579833984375,0.155487060546875,0.27435302734375,0.092010498046875,0.055694580078125,0.1629638671875,0.09002685546875,0.089569091796875,0.095062255859375,0.092315673828125,0.1214599609375,0.171966552734375,-0.604248046875,0.51422119140625,0.322265625,-0.456695556640625,-2.342682361602783
84,0.29700000000000004,-0.0,-0.0,-0.0,-0.0,-0.0,-0.0,-18.16632843017578,-22.943891525268555,-899.9024658203125,-300904.1875,97906.5546875,4232.2802734375,-0.0,-0.0,-0.0,-0.0,-0.0,-0.0,-0.0,-0.0,-0.0,-0.0,-0.0,-0.0,-0.00827789306640625,-0.0014495849609375,-0.00919342041015625,-0.01255035400390625,-0.0074005126953125,-0.010986328125,-0.008697509765625,-0.0176239013671875,-0.00469207763671875,-0.00995635986328125,-0.03185272216796875,-0.01007080078125,-0.026397705078125,-0.0081634521484375,-0.00278472900390625,-0.02201080322265625,-0.057220458984375,0.18402099609375,0.693359375,0.074005126953125,0.600738525390625,0.061187744140625,0.0811767578125,0.10467529296875,0.09033203125,0.121917724609375,0.060272216796875,0.10650634765625,-0.904388427734375,-2.25738525390625,0.29266357421875,-2.6947021484375,-2.0377979278564453
85,0.29750000000000004,-0.0,-0.0,-0.0,-0.0,-0.0,-0.0,-15.56475830078125,-26.01123809814453,-903.2675170898438,-302744.28125,97807.828125,3213.192626953125,-0.0,-0.0,-0.0,-0.0,-0.0,-0.0,-0.0,-0.0,-0.0,-0.0,-0.0,-0.0,0.0072479248046875,0.00499725341796875,0.00820159912109375,0.0122833251953125,0.00682830810546875,0.01312255859375,0.0063323974609375,0.019073486328125,0.00423431396484375,0.01132965087890625,0.017852783203125,0.0087738037109375,0.01796722412109375,0.0092315673828125,0.002899169921875,0.021209716796875,0.008087158203125,-0.84320068359375,-0.21636962890625,0.093536376953125,0.0970458984375,0.06561279296875,0.09613037109375,0.02716064453125,0.133514404296875,0.1031494140625,0.08880615234375,0.064239501953125,0.5572509765625,-0.157470703125,-0.39581298828125,0.8770751953125,8.633153915405273
86,0.29800000000000004,-0.0,-0.0,-0.0,-0.0,-0.0,-0.0,-13.255390167236328,-27.771743774414062,-907.1527099609375,-304283.21875,97233.1328125,2394.056640625,-0.0,-0.0,-0.0,-0.0,-0.0,-0.0,-0.0,-0.0,-0.0,-0.0,-0.0,-0.0,0.0104522705078125,0.00400543212890625,0.00942230224609375,0.01125335693359375,0.0087738037109375,0.01361846923828125,0.00885009765625,0.0186920166015625,0.0055694580078125,0.0131988525390625,0.03246307373046875,0.0102996826171875,0.0273895263671875,0.0091552734375,0.0058746337890625,0.020294189453125,0.3533935546875,0.057525634765625,0.249481201171875,0.011749267578125,-0.147247314453125,0.08392333984375,0.099945068359375,0.0909423828125,0.059661865234375,0.0872802734375,0.176849365234375,0.088348388671875,1.0498046875,2.38189697265625,-0.21240234375,2.768402099609375,6.1940789222717285
87,0.29850000000000004,-0.0,-0.0,-0.0,-0.0,-0.0,-0.0,-11.072585105895996,-28.243864059448242,-908.7527465820312,-305315.375,96953.4609375,1689.6282958984375,-0.0,-0.0,-0.0,-0.0,-0.0,-0.0,-0.0,-0.0,-0.0,-0.0,-0.0,-0.0,-0.004730224609375,-0.00492095947265625,-0.00522613525390625,-0.010833740234375,-0.006561279296875,-0.01148223876953125,-0.00804901123046875,-0.01499176025390625,-0.00576019287109375,-0.00988006591796875,-0.01750946044921875,-0.00499725341796875,-0.01560211181640625,-0.0091552734375,-0.00362396240234375,-0.02056121826171875,0.22003173828125,0.9716796875,0.15716552734375,0.224761962890625,0.1898193359375,0.18310546875,0.12786865234375,0.251007080078125,0.09033203125,0.0811767578125,0.14007568359375,0.0909423828125,-0.640716552734375,0.22705078125,0.638427734375,-0.350189208984375,0.7061610817909241
88,0.29900000000000004,-0.0,-0.0,-0.0,-0.0,-0.0,-0.0,-9.9915771484375,-27.58855438232422,-907.5065307617188,-305714.71875,96638.3984375,1449.2647705078125,-0.0,-0.0,-0.0,-0.0,-0.0,-0.0,-0.0,-0.0,-0.0,-0.0,-0.0,-0.0,-0.0084686279296875,-0.00701904296875,-0.01010894775390625,-0.01049041748046875,-0.01079559326171875,-0.01312255859375,-0.01468658447265625,-0.02227783203125,-0.00579833984375,-0.0142669677734375,-0.03421783447265625,-0.00736236572265625,-0.02498626708984375,-0.0077056884765625,-0.00377655029296875,-0.01895904541015625,0.286102294921875,0.060577392578125,-0.63018798828125,0.071563720703125,0.129547119140625,0.107269287109375,0.084381103515625,0.04058837890625,0.115966796875,0.127105712890625,0.03387451171875,0.081787109375,-1.03118896484375,-2.69378662109375,0.64727783203125,-2.74932861328125,-2.95245099067688
89,0.29950000000000004,-0.0,-0.0,-0.0,-0.0,-0.0,-0.0,-10.763694763183594,-27.248680114746094,-906.115966796875,-305460.625,96262.9140625,1772.5963134765625,-0.0,-0.0,-0.0,-0.0,-0.0,-0.0,-0.0,-0.0,-0.0,-0.0,-0.0,-0.0,0.0054168701171875,0.0034332275390625,0.0091552734375,0.01224517822265625,0.0096893310546875,0.0127410888671875,0.0070953369140625,0.01613616943359375,0.00629425048828125,0.01026153564453125,0.0183868408203125,0.00812530517578125,0.017852783203125,0.00690460205078125,0.00438690185546875,0.02025604248046875,0.06927490234375,-0.207977294921875,0.788726806640625,0.058746337890625,-0.730438232421875,0.016021728515625,0.075225830078125,0.020294189453125,0.110931396484375,0.087890625,0.124664306640625,0.1483154296875,0.66558837890625,-0.22979736328125,-0.0885009765625,0.837860107421875,8.023386001586914
90,0.30000000000000004,-0.0,-0.0,-0.0,-0.0,-0.0,-0.0,-11.734025001525879,-26.007076263427734,-903.9528198242188,-304763.96875,95928.71875,2001.37353515625,-0.0,-0.0,-0.0,-0.0,-0.0,-0.0,-0.0,-0.0,-0.0,-0.0,-0.0,-0.0,0.00835418701171875,0.0145721435546875,0.0090789794921875,0.01251220703125,0.01010894775390625,0.01377105712890625,0.01354217529296875,0.01972198486328125,0.0049591064453125,0.01232147216796875,0.0345611572265625,0.0087738037109375,0.0263214111328125,0.0084686279296875,0.0034332275390625,0.01956939697265625,0.02471923828125,0.3436279296875,0.208740234375,0.076446533203125,1.07025146484375,0.101165771484375,0.09521484375,0.1788330078125,0.11383056640625,0.0738525390625,0.15380859375,0.000152587890625,1.182098388671875,2.718505859375,-0.220947265625,2.729949951171875,4.974541664123535
91,0.30050000000000004,-0.0,-0.0,-0.0,-0.0,-0.0,-0.0,-12.787151336669922,-24.100112915039062,-898.2786254882812,-303535.40625,95930.015625,2451.70849609375,-0.0,-0.0,-0.0,-0.0,-0.0,-0.0,-0.0,-0.0,-0.0,-0.0,-0.0,-0.0,-0.007171630859375,-0.0051116943359375,-0.01087188720703125,-0.00934600830078125,-0.00835418701171875,-0.01125335693359375,-0.00614166259765625,-0.0188446044921875,-0.00377655029296875,-0.01251220703125,-0.01430511474609375,-0.0101470947265625,-0.01537322998046875,-0.0067901611328125,-0.003814697265625,-0.020294189453125,-0.257568359375,-0.1983642578125,0.14190673828125,0.156097412109375,0.149688720703125,0.102386474609375,0.114288330078125,0.086669921875,0.131072998046875,0.189361572265625,0.05157470703125,0.059661865234375,-0.46661376953125,0.44281005859375,0.29327392578125,-0.8966064453125,-1.4280292987823486
92,0.30100000000000005,-0.0,-0.0,-0.0,-0.0,-0.0,-0.0,-14.464055061340332,-22.591571807861328,-895.1464233398438,-301909.9375,95507.40625,3022.51611328125,-0.0,-0.0,-0.0,-0.0,-0.0,-0.0,-0.0,-0.0,-0.0,-0.0,-0.0,-0.0,-0.0078582763671875,-0.01010894775390625,-0.00850677490234375,-0.0110626220703125,-0.010833740234375,-0.01190185546875,-0.01369476318359375,-0.0183868408203125,-0.00446319580078125,-0.01407623291015625,-0.03238677978515625,-0.00995635986328125,-0.0261688232421875,-0.0087738037109375,-0.00209808349609375,-0.020294189453125,0.114288330078125,-0.333404541015625,-0.148162841796875,0.0091552734375,-0.584869384765625,0.07568359375,0.06591796875,0.021209716796875,0.02685546875,0.009307861328125,0.119476318359375,0.194091796875,-0.952911376953125,-2.23297119140625,0.37261962890625,-2.548828125,-2.0377979278564453
93,0.30150000000000005,-0.0,-0.0,-0.0,-0.0,-0.0,-0.0,-15.611839294433594,-20.933393478393555,-891.8036499023438,-300536.5,95178.6015625,3540.805419921875,-0.0,-0.0,-0.0,-0.0,-0.0,-0.0,-0.0,-0.0,-0.0,-0.0,-0.0,-0.0,0.00881195068359375,0.0121307373046875,0.0103759765625,0.01178741455078125,0.009613037109375,0.0119781494140625,0.0075531005859375,0.01708984375,0.00576019287109375,0.01251220703125,0.01720428466796875,0.007476806640625,0.01689910888671875,0.0080108642578125,0.0038909912109375,0.01987457275390625,0.306549072265625,0.57342529296875,0.17364501953125,0.214691162109375,0.68603515625,0.0927734375,0.1104736328125,0.175323486328125,0.072784423828125,0.062408447265625,0.07537841796875,0.139312744140625,0.804290771484375,0.089111328125,-0.406494140625,0.860595703125,17.77968406677246
94,0.30200000000000005,-0.0,-0.0,-0.0,-0.0,-0.0,-0.0,-16.937463760375977,-19.51329803466797,-888.2723388671875,-299612.25,94980.484375,3947.592529296875,-0.0,-0.0,-0.0,-0.0,-0.0,-0.0,-0.0,-0.0,-0.0,-0.0,-0.0,-0.0,0.00579833984375,0.0031280517578125,0.01041412353515625,0.01338958740234375,0.00762939453125,0.01224517822265625,0.010528564453125,0.01865386962890625,0.0063323974609375,0.0093841552734375,0.0310516357421875,0.0087738037109375,0.025177001953125,0.00705718994140625,0.00213623046875,0.02185821533203125,0.288238525390625,-0.052947998046875,-0.41259765625,0.130767822265625,-0.157012939453125,0.137939453125,0.11474609375,0.105743408203125,0.07354736328125,0.10894775390625,0.050048828125,0.087738037109375,0.819091796875,2.27203369140625,-0.14862060546875,2.94769287109375,1.9256983995437622
95,0.30250000000000005,-0.0,-0.0,-0.0,-0.0,-0.0,-0.0,-18.160419464111328,-18.5997257232666,-885.9391479492188,-298625.0,94852.4609375,4231.6259765625,-0.0,-0.0,-0.0,-0.0,-0.0,-0.0,-0.0,-0.0,-0.0,-0.0,-0.0,-0.0,-0.006866455078125,-0.00934600830078125,-0.00865936279296875,-0.01220703125,-0.00762939453125,-0.0103759765625,-0.009613037109375,-0.017242431640625,-0.00583648681640625,-0.010223388671875,-0.018768310546875,-0.0070953369140625,-0.01743316650390625,-0.00789642333984375,-0.004730224609375,-0.0211334228515625,0.054473876953125,-0.276336669921875,0.185546875,-0.054473876953125,-0.30975341796875,0.17059326171875,0.0811767578125,0.017547607421875,0.140533447265625,0.103759765625,0.12359619140625,0.11627197265625,-0.164337158203125,0.07843017578125,0.45867919921875,-0.811004638671875,0.40127673745155334
96,0.30300000000000005,-0.0,-0.0,-0.0,-0.0,-0.0,-0.0,-19.043153762817383,-17.34572410583496,-883.2249145507812,-297243.71875,94482.7421875,4437.6123046875,-0.0,-0.0,-0.0,-0.0,-0.0,-0.0,-0.0,-0.0,-0.0,-0.0,-0.0,-0.0,-0.0054168701171875,-0.00598907470703125,-0.00843048095703125,-0.01125335693359375,-0.00926971435546875,-0.01277923583984375,-0.0112152099609375,-0.01918792724609375,-0.0060272216796875,-0.0135040283203125,-0.0333404541015625,-0.01140594482421875,-0.02483367919921875,-0.00690460205078125,-0.001220703125,-0.0202178955078125,-0.19989013671875,0.567626953125,-0.193328857421875,0.178070068359375,-0.111083984375,0.087432861328125,0.08575439453125,0.139312744140625,0.09613037109375,0.084991455078125,0.061187744140625,0.07293701171875,-0.781402587890625,-2.392578125,0.380859375,-2.686309814453125,-1.1231448650360107
97,0.30350000000000005,-0.0,-0.0,-0.0,-0.0,-0.0,-0.0,-19.33086395263672,-17.030616760253906,-881.7269897460938,-296743.71875,94242.2421875,4512.19091796875,-0.0,-0.0,-0.0,-0.0,-0.0,-0.0,-0.0,-0.0,-0.0,-0.0,-0.0,-0.0,0.00682830810546875,0.01247406005859375,0.00644683837890625,0.0124359130859375,0.009765625,0.01201629638671875,0.0107574462890625,0.01850128173828125,0.006561279296875,0.01018524169921875,0.019378662109375,0.0067901611328125,0.01865386962890625,0.0086212158203125,0.00423431396484375,0.0208282470703125,-0.02410888671875,-0.185394287109375,0.34759521484375,0.277862548828125,0.707244873046875,-0.03326416015625,0.1165771484375,0.0665283203125,0.110931396484375,0.0970458984375,0.082550048828125,0.0439453125,0.665435791015625,0.0836181640625,-0.31005859375,0.97259521484375,8.633153915405273
98,0.30400000000000005,-0.0,-0.0,-0.0,-0.0,-0.0,-0.0,-19.859643936157227,-15.590956687927246,-878.3040771484375,-296567.90625,93560.9609375,4592.28857421875,-0.0,-0.0,-0.0,-0.0,-0.0,-0.0,-0.0,-0.0,-0.0,-0.0,-0.0,-0.0,0.00576019287109375,0.0032806396484375,0.01068115234375,0.01220703125,0.00988006591796875,0.0135040283203125,0.00873565673828125,0.0202178955078125,0.00514984130859375,0.0125885009765625,0.035400390625,0.0104522705078125,0.0247955322265625,0.00850677490234375,0.003204345703125,0.02063751220703125,0.174407958984375,0.175933837890625,0.542144775390625,-0.157318115234375,-0.152435302734375,0.193634033203125,0.09307861328125,0.111083984375,0.150299072265625,0.132293701171875,0.157470703125,0.0897216796875,1.17706298828125,2.59674072265625,-0.267333984375,2.36480712890625,3.145235776901245
99,0.30450000000000005,-0.0,-0.0,-0.0,-0.0,-0.0,-0.0,-19.48899269104004,-15.200233459472656,-878.929931640625,-295543.40625,93334.4609375,4655.4765625,-0.0,-0.0,-0.0,-0.0,-0.0,-0.0,-0.0,-0.0,-0.0,-0.0,-0.0,-0.0,-0.00598907470703125,-0.0035858154296875,-0.0074005126953125,-0.0110626220703125,-0.00732421875,-0.01354217529296875,-0.00774383544921875,-0.0174713134765625,-0.005340576171875,-0.012664794921875,-0.01827239990234375,-0.0060272216796875,-0.018310546875,-0.00690460205078125,-0.00537872314453125,-0.02079010009765625,0.36407470703125,0.77423095703125,-0.157012939453125,0.135650634765625,0.2362060546875,0.128936767578125,0.119171142578125,0.20660400390625,0.00701904296875,0.01129150390625,0.100250244140625,0.11016845703125,-0.731048583984375,0.18463134765625,0.5584716796875,-0.75653076171875,-3.8671038150787354
100,0.30500000000000005,-0.0,-0.0,-0.0,-0.0,-0.0,-0.0,-19.48175621032715,-14.583550453186035,-876.97412109375,-294837.53125,92391.7734375,4448.9130859375,-0.0,-0.0,-0.0,-0.0,-0.0,-0.0,-0.0,-0.0,-0.0,-0.0,-0.0,-0.0,-0.0078582763671875,-0.0086212158203125,-0.01125335693359375,-0.0128173828125,-0.0104522705078125,-0.012054443359375,-0.0072479248046875,-0.01873016357421875,-0.00484466552734375,-0.01018524169921875,-0.0313568115234375,-0.00698089599609375,-0.02330780029296875,-0.00728607177734375,-0.0049591064453125,-0.02109527587890625,0.213470458984375,-0.5108642578125,-0.631866455078125,0.185394287109375,0.013885498046875,0.110015869140625,0.108489990234375,0.039215087890625,0.09033203125,0.117950439453125,0.0970458984375,0.013275146484375,-1.0418701171875,-2.27081298828125,0.53375244140625,-2.4578857421875,-2.95245099067688
101,0.30550000000000005,-0.0,-0.0,-0.0,-0.0,-0.0,-0.0,-17.69293785095215,-14.09721851348877,-875.6661987304688,-294579.625,91792.296875,3970.85107421875,-0.0,-0.0,-0.0,-0.0,-0.0,-0.0,-0.0,-0.0,-0.0,-0.0,-0.0,-0.0,0.0093841552734375,0.0048828125,0.00988006591796875,0.0110626220703125,0.0098419189453125,0.01415252685546875,0.00820159912109375,0.01857757568359375,0.00560760498046875,0.013580322265625,0.01590728759765625,0.00762939453125,0.018310546875,0.00812530517578125,0.00492095947265625,0.0209808349609375,0.045166015625,-0.43365478515625,0.3564453125,-0.007171630859375,-0.076751708984375,0.11810302734375,0.100860595703125,0.055999755859375,0.115814208984375,0.144500732421875,0.17913818359375,0.12847900390625,0.92315673828125,-0.2178955078125,-0.21209716796875,1.234283447265625,6.1940789222717285
102,0.30600000000000005,-0.0,-0.0,-0.0,-0.0,-0.0,-0.0,-15.154706001281738,-13.896899223327637,-875.88623046875,-294172.78125,91055.5,3360.21728515625,-0.0,-0.0,-0.0,-0.0,-0.0,-0.0,-0.0,-0.0,-0.0,-0.0,-0.0,-0.0,0.008087158203125,0.00759124755859375,0.01232147216796875,0.01300811767578125,0.01117706298828125,0.0127410888671875,0.0087738037109375,0.0171661376953125,0.0045013427734375,0.00762939453125,0.03101348876953125,0.0080108642578125,0.021209716796875,0.00835418701171875,0.00301361083984375,0.02033233642578125,0.124359130859375,1.115875244140625,0.388946533203125,0.146484375,0.026702880859375,0.129547119140625,0.1220703125,0.204010009765625,0.12603759765625,0.14801025390625,0.1763916015625,0.162353515625,0.601348876953125,2.2650146484375,-0.37689208984375,2.3089599609375,4.364773273468018
103,0.30650000000000005,-0.0,-0.0,-0.0,-0.0,-0.0,-0.0,-12.820718765258789,-13.061402320861816,-875.7247314453125,-294168.1875,89909.1875,2435.556884765625,-0.0,-0.0,-0.0,-0.0,-0.0,-0.0,-0.0,-0.0,-0.0,-0.0,-0.0,-0.0,-0.00644683837890625,-0.0060272216796875,-0.0086212158203125,-0.01007080078125,-0.0096893310546875,-0.0116729736328125,-0.00942230224609375,-0.01720428466796875,-0.006256103515625,-0.01251220703125,-0.02063751220703125,-0.008392333984375,-0.01739501953125,-0.008544921875,-0.00385284423828125,-0.02079010009765625,0.09246826171875,0.166015625,-0.19622802734375,0.128326416015625,0.45989990234375,0.14007568359375,0.086517333984375,0.09307861328125,0.047760009765625,0.04241943359375,0.028839111328125,0.07049560546875,-0.79010009765625,0.0469970703125,0.29510498046875,-0.785675048828125,0.09639240801334381
104,0.30700000000000005,-0.0,-0.0,-0.0,-0.0,-0.0,-0.0,-10.519083023071289,-11.984163284301758,-875.7250366210938,-293674.125,88759.125,1898.71826171875,-0.0,-0.0,-0.0,-0.0,-0.0,-0.0,-0.0,-0.0,-0.0,-0.0,-0.0,-0.0,-0.0086212158203125,-0.007476806640625,-0.01033782958984375,-0.01354217529296875,-0.0086212158203125,-0.01026153564453125,-0.0054168701171875,-0.0186920166015625,-0.00560760498046875,-0.01049041748046875,-0.0310516357421875,-0.00926971435546875,-0.02376556396484375,-0.00732421875,-0.0046539306640625,-0.02239227294921875,-0.1171875,-0.151824951171875,0.5047607421875,0.153350830078125,-0.0439453125,-0.06683349609375,0.083770751953125,0.042724609375,0.136871337890625,0.110931396484375,0.033111572265625,0.09124755859375,-0.814361572265625,-2.14111328125,0.3741455078125,-2.406463623046875,-0.8182606101036072
105,0.30750000000000005,-0.0,-0.0,-0.0,-0.0,-0.0,-0.0,-8.806970596313477,-11.335335731506348,-875.2736206054688,-293361.65625,87970.96875,1279.65234375,-0.0,-0.0,-0.0,-0.0,-0.0,-0.0,-0.0,-0.0,-0.0,-0.0,-0.0,-0.0,0.0066375732421875,0.00507354736328125,0.008697509765625,0.01285552978515625,0.0067138671875,0.01216888427734375,0.00736236572265625,0.01766204833984375,0.00507354736328125,0.01300811767578125,0.02025604248046875,0.008392333984375,0.01651763916015625,0.00804901123046875,0.001373291015625,0.02124786376953125,0.07720947265625,0.13397216796875,-0.066680908203125,0.0787353515625,-0.204010009765625,0.133056640625,0.07720947265625,0.055694580078125,0.0732421875,0.090179443359375,0.027923583984375,0.168914794921875,0.85845947265625,0.05096435546875,-0.367431640625,0.88775634765625,7.71850061416626
106,0.30800000000000005,-0.0,-0.0,-0.0,-0.0,-0.0,-0.0,-6.6746907234191895,-11.360105514526367,-874.4735107421875,-292716.375,86939.3828125,611.8111572265625,-0.0,-0.0,-0.0,-0.0,-0.0,-0.0,-0.0,-0.0,-0.0,-0.0,-0.0,-0.0,0.009307861328125,0.01316070556640625,0.01079559326171875,0.01224517822265625,0.00873565673828125,0.0104522705078125,0.007171630859375,0.02010345458984375,0.0049591064453125,0.01079559326171875,0.0323486328125,0.0081634521484375,0.023193359375,0.009002685546875,0.006866455078125,0.021820068359375,0.166015625,-0.08575439453125,-0.59051513671875,0.14495849609375,0.86822509765625,0.110321044921875,0.1226806640625,0.107574462890625,0.09552001953125,0.13031005859375,0.111236572265625,0.172576904296875,0.701904296875,2.31781005859375,-0.367431640625,2.23419189453125,4.669657230377197
107,0.30850000000000005,-0.0,-0.0,-0.0,-0.0,-0.0,-0.0,-4.542041301727295,-10.760701179504395,-875.052001953125,-292341.125,85828.4765625,-20.869117736816406,-0.0,-0.0,-0.0,-0.0,-0.0,-0.0,-0.0,-0.0,-0.0,-0.0,-0.0,-0.0,-0.00659942626953125,-0.006103515625,-0.0084686279296875,-0.01064300537109375,-0.007171630859375,-0.0112152099609375,-0.00438690185546875,-0.01758575439453125,-0.00469207763671875,-0.01110076904296875,-0.0151824951171875,-0.0095367431640625,-0.01430511474609375,-0.0067138671875,-0.00560760498046875,-0.0196075439453125,0.063323974609375,-0.139312744140625,0.921783447265625,0.059661865234375,0.058746337890625,0.146636962890625,0.095367431640625,0.076446533203125,0.095367431640625,0.155029296875,0.16082763671875,0.110931396484375,-0.372772216796875,0.64483642578125,0.18951416015625,-0.4705810546875,-0.8182606101036072
108,0.30900000000000005,-0.0,-0.0,-0.0,-0.0,-0.0,-0.0,-2.433696746826172,-10.419926643371582,-873.8001708984375,-291679.5625,84811.203125,-491.7033996582031,-0.0,-0.0,-0.0,-0.0,-0.0,-0.0,-0.0,-0.0,-0.0,-0.0,-0.0,-0.0,-0.00751495361328125,-0.0069427490234375,-0.00789642333984375,-0.01117706298828125,-0.0067138671875,-0.01094818115234375,-0.00560760498046875,-0.01750946044921875,-0.00400543212890625,-0.0101470947265625,-0.0296783447265625,-0.0095367431640625,-0.02044677734375,-0.00865936279296875,-0.0040435791015625,-0.02048492431640625,0.004425048828125,0.56488037109375,0.287628173828125,0.09979248046875,-0.015716552734375,0.1593017578125,0.11810302734375,0.214385986328125,0.177764892578125,0.023651123046875,0.219268798828125,-0.018768310546875,-0.639495849609375,-1.90185546875,0.52337646484375,-1.8414306640625,-0.5133762359619141
109,0.30950000000000005,-0.0,-0.0,-0.0,-0.0,-0.0,-0.0,-1.4762195348739624,-9.513599395751953,-873.1616821289062,-291077.15625,83753.984375,-704.2769775390625,-0.0,-0.0,-0.0,-0.0,-0.0,-0.0,-0.0,-0.0,-0.0,-0.0,-0.0,-0.0,0.009307861328125,0.00308990478515625,0.0083160400390625,0.0118255615234375,0.00652313232421875,0.01178741455078125,0.0046539306640625,0.0162506103515625,0.00324249267578125,0.01201629638671875,0.01399993896484375,0.0081634521484375,0.01567840576171875,0.0083160400390625,0.0037384033203125,0.02140045166015625,0.203094482421875,-0.2252197265625,-0.218353271484375,0.12359619140625,-0.00518798828125,0.08087158203125,0.09918212890625,0.07171630859375,0.005950927734375,0.081787109375,-0.030364990234375,-0.001678466796875,0.651397705078125,-0.29022216796875,-0.18218994140625,0.576934814453125,9.24292278289795
110,0.31000000000000005,-0.0,-0.0,-0.0,-0.0,-0.0,-0.0,-0.2762598693370819,-8.864164352416992,-872.8442993164062,-289594.625,82587.9609375,-1156.0400390625,-0.0,-0.0,-0.0,-0.0,-0.0,-0.0,-0.0,-0.0,-0.0,-0.0,-0.0,-0.0,0.00835418701171875,0.00530242919921875,0.00926971435546875,0.01323699951171875,0.00736236572265625,0.0112152099609375,0.00896453857421875,0.01880645751953125,0.0061798095703125,0.008544921875,0.03143310546875,0.0058746337890625,0.02307891845703125,0.00873565673828125,0.00324249267578125,0.02227783203125,0.284576416015625,-0.4681396484375,0.0604248046875,0.110321044921875,-0.541229248046875,0.06011962890625,0.079345703125,0.01739501953125,0.057220458984375,0.13427734375,0.09674072265625,0.062103271484375,0.7489013671875,2.3187255859375,-0.40740966796875,2.798919677734375,3.450119972229004
111,0.31050000000000005,-0.0,-0.0,-0.0,-0.0,-0.0,-0.0,1.1107399463653564,-6.894443511962891,-871.73779296875,-288630.78125,81709.21875,-1557.3546142578125,-0.0,-0.0,-0.0,-0.0,-0.0,-0.0,-0.0,-0.0,-0.0,-0.0,-0.0,-0.0,-0.0052642822265625,0.00728607177734375,-0.0086212158203125,-0.01178741455078125,-0.00652313232421875,-0.01140594482421875,-0.00202178955078125,-0.0171661376953125,-0.004730224609375,-0.01064300537109375,-0.018768310546875,-0.008392333984375,-0.01331329345703125,-0.00732421875,-0.00335693359375,-0.0197601318359375,-0.10986328125,0.6292724609375,0.03204345703125,0.1019287109375,1.7919921875,0.0469970703125,0.07476806640625,0.113372802734375,0.130157470703125,0.158233642578125,0.153656005859375,0.178985595703125,-0.422515869140625,0.09918212890625,0.401611328125,-0.28045654296875,0.7061610817909241
112,0.31100000000000005,-0.0,-0.0,-0.0,-0.0,-0.0,-0.0,2.5469672679901123,-5.160635948181152,-871.1360473632812,-287750.96875,80830.265625,-1961.0972900390625,-0.0,-0.0,-0.0,-0.0,-0.0,-0.0,-0.0,-0.0,-0.0,-0.0,-0.0,-0.0,-0.00720977783203125,-0.0095367431640625,-0.00957489013671875,-0.01224517822265625,-0.0078582763671875,-0.01102447509765625,-0.0075531005859375,-0.016632080078125,-0.0060272216796875,-0.00919342041015625,-0.02777099609375,-0.008392333984375,-0.02452850341796875,-0.00881195068359375,-0.0038909912109375,-0.022430419921875,-0.10986328125,0.487213134765625,-0.215301513671875,0.2154541015625,0.11077880859375,0.077362060546875,0.085296630859375,0.122833251953125,0.088653564453125,0.101470947265625,0.116729736328125,0.136260986328125,-0.735321044921875,-1.8328857421875,0.35400390625,-2.397308349609375,-3.5622196197509766
113,0.31150000000000005,-0.0,-0.0,-0.0,-0.0,-0.0,-0.0,3.6175613403320312,-3.0085268020629883,-868.5203857421875,-286372.15625,80072.7265625,-2358.796630859375,-0.0,-0.0,-0.0,-0.0,-0.0,-0.0,-0.0,-0.0,-0.0,-0.0,-0.0,-0.0,0.00476837158203125,0.003662109375,0.0090789794921875,0.0128173828125,0.0078582763671875,0.01186370849609375,0.007781982421875,0.01628875732421875,0.0054931640625,0.0096893310546875,0.0167083740234375,0.00843048095703125,0.01392364501953125,0.0086212158203125,0.00316619873046875,0.02201080322265625,0.296630859375,-0.185699462890625,-0.13153076171875,0.000762939453125,-0.1861572265625,0.074615478515625,0.101470947265625,0.078277587890625,0.113372802734375,0.1019287109375,0.104217529296875,0.1446533203125,0.33477783203125,-0.22369384765625,-0.4095458984375,0.649261474609375,5.279426097869873
114,0.31200000000000006,-0.0,-0.0,-0.0,-0.0,-0.0,-0.0,4.272878646850586,-1.0388262271881104,-866.6304931640625,-285368.15625,78887.7265625,-2581.2353515625,-0.0,-0.0,-0.0,-0.0,-0.0,-0.0,-0.0,-0.0,-0.0,-0.0,-0.0,-0.0,0.008544921875,0.00606536865234375,0.00965118408203125,0.01148223876953125,0.00827789306640625,0.01308441162109375,0.00644683837890625,0.01880645751953125,0.00736236572265625,0.01308441162109375,0.03143310546875,0.0090789794921875,0.02178192138671875,0.00865936279296875,0.0054168701171875,0.0211334228515625,0.279693603515625,0.17425537109375,0.596466064453125,0.0140380859375,-0.27374267578125,0.093231201171875,0.088348388671875,0.10894775390625,0.134124755859375,0.10284423828125,0.14984130859375,0.08941650390625,1.1224365234375,2.2137451171875,-0.2154541015625,1.93084716796875,2.5354671478271484
115,0.31250000000000006,-0.0,-0.0,-0.0,-0.0,-0.0,-0.0,4.977065086364746,0.39641010761260986,-865.64404296875,-283750.125,78142.625,-2798.926025390625,-0.0,-0.0,-0.0,-0.0,-0.0,-0.0,-0.0,-0.0,-0.0,-0.0,-0.0,-0.0,-0.0067138671875,-0.00484466552734375,-0.00751495361328125,-0.01018524169921875,-0.00812530517578125,-0.01068115234375,-0.00812530517578125,-0.0144195556640625,-0.00652313232421875,-0.00934600830078125,-0.0165557861328125,-0.00576019287109375,-0.01483917236328125,-0.008697509765625,-0.00347137451171875,-0.0213623046875,0.048370361328125,0.259857177734375,0.10650634765625,0.05950927734375,-0.024871826171875,0.2923583984375,0.1141357421875,0.157470703125,0.072784423828125,-0.04180908203125,0.120849609375,0.01495361328125,-0.295257568359375,0.4150390625,0.57098388671875,-0.4180908203125,-2.647566556930542
116,0.31300000000000006,-0.0,-0.0,-0.0,-0.0,-0.0,-0.0,5.153392314910889,1.6744643449783325,-861.4058837890625,-281824.1875,77142.546875,-2827.022705078125,-0.0,-0.0,-0.0,-0.0,-0.0,-0.0,-0.0,-0.0,-0.0,-0.0,-0.0,-0.0,-0.0058746337890625,-0.0030517578125,-0.01010894775390625,-0.01041412353515625,-0.01068115234375,-0.013275146484375,-0.00827789306640625,-0.01888275146484375,-0.0052642822265625,-0.010833740234375,-0.031585693359375,-0.0113677978515625,-0.02193450927734375,-0.00858306884765625,-0.0035858154296875,-0.019683837890625,-0.401763916015625,-0.4095458984375,-0.29754638671875,0.199127197265625,0.311126708984375,0.0726318359375,0.099029541015625,0.041046142578125,0.098419189453125,0.18798828125,0.064544677734375,0.12451171875,-0.59844970703125,-1.99554443359375,0.5035400390625,-2.2406005859375,5.279426097869873
117,0.31350000000000006,-0.0,-0.0,-0.0,-0.0,-0.0,-0.0,5.521381855010986,3.7917821407318115,-859.36767578125,-280524.40625,76312.0078125,-2893.235107421875,-0.0,-0.0,-0.0,-0.0,-0.0,-0.0,-0.0,-0.0,-0.0,-0.0,-0.0,-0.0,0.00751495361328125,0.0087738037109375,0.0086212158203125,0.01186370849609375,0.0084686279296875,0.0115203857421875,0.00885009765625,0.0157928466796875,0.0054931640625,0.00972747802734375,0.01880645751953125,0.00606536865234375,0.0200653076171875,0.00766754150390625,0.0030517578125,0.02094268798828125,0.34393310546875,-0.244293212890625,0.35308837890625,0.100860595703125,0.330657958984375,0.049285888671875,0.09613037109375,0.07476806640625,0.098876953125,0.128936767578125,0.043487548828125,0.124053955078125,0.646514892578125,-0.25543212890625,-0.2130126953125,1.085662841796875,9.852691650390625
118,0.31400000000000006,-0.0,-0.0,-0.0,-0.0,-0.0,-0.0,6.333946228027344,5.555473804473877,-854.6547241210938,-278940.75,75387.6875,-2995.960205078125,-0.0,-0.0,-0.0,-0.0,-0.0,-0.0,-0.0,-0.0,-0.0,-0.0,-0.0,-0.0,0.00865936279296875,0.00576019287109375,0.0121307373046875,0.0122833251953125,0.0087738037109375,0.01087188720703125,0.0074005126953125,0.02002716064453125,0.00324249267578125,0.0098419189453125,0.0302886962890625,0.00995635986328125,0.02262115478515625,0.00896453857421875,0.00606536865234375,0.02223968505859375,0.105438232421875,0.6982421875,-0.098114013671875,0.111236572265625,0.17974853515625,0.06195068359375,0.089111328125,0.182952880859375,0.090789794921875,0.075225830078125,0.10986328125,-0.0347900390625,0.943603515625,2.12158203125,-0.12786865234375,2.417755126953125,1.0110454559326172
119,0.31450000000000006,-0.0,-0.0,-0.0,-0.0,-0.0,-0.0,6.353652477264404,7.457314491271973,-852.6552124023438,-277837.84375,74864.046875,-2991.180419921875,-0.0,-0.0,-0.0,-0.0,-0.0,-0.0,-0.0,-0.0,-0.0,-0.0,-0.0,-0.0,-0.0089263916015625,-0.00957489013671875,-0.00843048095703125,-0.01186370849609375,-0.0081634521484375,-0.01110076904296875,-0.008087158203125,-0.01712799072265625,-0.005340576171875,-0.01079559326171875,-0.0148773193359375,-0.00827789306640625,-0.01659393310546875,-0.0086212158203125,-0.00263214111328125,-0.02140045166015625,0.00274658203125,0.279998779296875,0.06500244140625,0.003509521484375,-0.269775390625,0.120086669921875,0.079193115234375,0.03875732421875,0.09124755859375,0.100555419921875,0.101318359375,0.15106201171875,-0.456695556640625,0.5328369140625,0.48126220703125,-0.683135986328125,0.7061610817909241
120,0.31500000000000006,-0.0,-0.0,-0.0,-0.0,-0.0,-0.0,5.82811975479126,8.170586585998535,-850.417236328125,-277115.09375,74471.734375,-2730.582763671875,-0.0,-0.0,-0.0,-0.0,-0.0,-0.0,-0.0,-0.0,-0.0,-0.0,-0.0,-0.0,-0.00774383544921875,-0.0077056884765625,-0.01010894775390625,-0.01216888427734375,-0.01068115234375,-0.0116729736328125,-0.00728607177734375,-0.01857757568359375,-0.0029754638671875,-0.008087158203125,-0.03086090087890625,-0.009002685546875,-0.0214385986328125,-0.00762939453125,-0.00362396240234375,-0.0209808349609375,0.297698974609375,-0.078887939453125,-0.165863037109375,0.042877197265625,-0.065155029296875,0.07354736328125,0.09002685546875,0.074310302734375,0.10589599609375,0.182037353515625,0.091094970703125,0.20904541015625,-0.572357177734375,-2.09197998046875,0.377197265625,-2.201080322265625,-2.0377979278564453
121,0.31550000000000006,-0.0,-0.0,-0.0,-0.0,-0.0,-0.0,5.611525535583496,7.318932056427002,-850.0635375976562,-277049.8125,74027.4609375,-2559.15185546875,-0.0,-0.0,-0.0,-0.0,-0.0,-0.0,-0.0,-0.0,-0.0,-0.0,-0.0,-0.0,0.00934600830078125,0.00324249267578125,0.00926971435546875,0.012359619140625,0.00965118408203125,0.0124359130859375,0.0052642822265625,0.01781463623046875,0.00370025634765625,0.01247406005859375,0.01636505126953125,0.0081634521484375,0.015106201171875,0.00873565673828125,0.00339508056640625,0.02063751220703125,0.27679443359375,0.428466796875,-0.142822265625,0.275115966796875,-0.124359130859375,0.020599365234375,0.120086669921875,0.124969482421875,0.104827880859375,0.010528564453125,0.081787109375,0.14984130859375,0.824737548828125,-0.1397705078125,-0.2642822265625,0.652313232421875,9.24292278289795
122,0.31600000000000006,-0.0,-0.0,-0.0,-0.0,-0.0,-0.0,5.0641937255859375,5.557264804840088,-850.2276611328125,-277472.15625,73512.546875,-2436.73486328125,-0.0,-0.0,-0.0,-0.0,-0.0,-0.0,-0.0,-0.0,-0.0,-0.0,-0.0,-0.0,0.00640869140625,0.00804901123046875,0.01003265380859375,0.01316070556640625,0.010986328125,0.010223388671875,0.012054443359375,0.0193023681640625,0.00507354736328125,0.010528564453125,0.02910614013671875,0.00934600830078125,0.02147674560546875,0.00823974609375,0.00133514404296875,0.02105712890625,-0.026397705078125,-0.5291748046875,0.792694091796875,0.01495361328125,0.181427001953125,0.211944580078125,0.08392333984375,-0.00030517578125,0.117645263671875,0.076751708984375,0.10955810546875,0.074615478515625,0.669708251953125,1.932373046875,-0.26214599609375,2.4237060546875,3.755004405975342
123,0.31650000000000006,-0.0,-0.0,-0.0,-0.0,-0.0,-0.0,5.431302547454834,4.445991039276123,-850.5713500976562,-277974.5,73448.0390625,-2424.8154296875,-0.0,-0.0,-0.0,-0.0,-0.0,-0.0,-0.0,-0.0,-0.0,-0.0,-0.0,-0.0,-0.0057220458984375,-0.00732421875,-0.00873565673828125,-0.0119781494140625,-0.0077056884765625,-0.01316070556640625,-0.00591278076171875,-0.01678466796875,-0.00476837158203125,-0.01293182373046875,-0.01708984375,-0.0089263916015625,-0.01636505126953125,-0.00652313232421875,-0.00598907470703125,-0.0185394287109375,-0.1287841796875,-0.1397705078125,0.15350341796875,0.150909423828125,-0.054931640625,0.0238037109375,0.1043701171875,0.1507568359375,0.09613037109375,0.104522705078125,0.186309814453125,0.035400390625,-0.6982421875,0.20751953125,0.2447509765625,-0.4510498046875,0.7061610817909241
124,0.31700000000000006,-0.0,-0.0,-0.0,-0.0,-0.0,-0.0,6.084191799163818,2.9092578887939453,-849.2423095703125,-278086.15625,73068.4296875,-2579.447021484375,-0.0,-0.0,-0.0,-0.0,-0.0,-0.0,-0.0,-0.0,-0.0,-0.0,-0.0,-0.0,-0.00690460205078125,-0.0079345703125,-0.0054168701171875,-0.011444091796875,-0.0058746337890625,-0.01129150390625,-0.00980377197265625,-0.01834869384765625,-0.0057220458984375,-0.01068115234375,-0.0333404541015625,-0.010986328125,-0.02532958984375,-0.0087738037109375,-0.002288818359375,-0.02040863037109375,0.2069091796875,0.906524658203125,0.240325927734375,0.01251220703125,-0.187225341796875,0.26885986328125,0.127410888671875,0.217742919921875,0.09613037109375,0.18310546875,0.15045166015625,0.047149658203125,-0.798187255859375,-2.22259521484375,0.238037109375,-2.34771728515625,2.8403513431549072
125,0.31750000000000006,-0.0,-0.0,-0.0,-0.0,-0.0,-0.0,7.565402984619141,1.9217216968536377,-849.724609375,-278529.84375,72505.6484375,-2803.994384765625,-0.0,-0.0,-0.0,-0.0,-0.0,-0.0,-0.0,-0.0,-0.0,-0.0,-0.0,-0.0,0.00701904296875,0.00644683837890625,0.007171630859375,0.01216888427734375,0.00568389892578125,0.0125885009765625,0.00736236572265625,0.01644134521484375,0.00431060791015625,0.0113677978515625,0.01880645751953125,0.00873565673828125,0.01712799072265625,0.008697509765625,0.005035400390625,0.0209808349609375,0.434722900390625,0.1220703125,-0.075225830078125,0.05950927734375,0.183868408203125,0.117034912109375,0.085296630859375,0.065155029296875,0.11322021484375,0.061492919921875,-0.012664794921875,0.038299560546875,0.635986328125,0.08880615234375,-0.20721435546875,0.980224609375,10.157575607299805
126,0.31800000000000006,-0.0,-0.0,-0.0,-0.0,-0.0,-0.0,7.78944730758667,1.1196157932281494,-851.516845703125,-278925.5,71858.1484375,-3003.727783203125,-0.0,-0.0,-0.0,-0.0,-0.0,-0.0,-0.0,-0.0,-0.0,-0.0,-0.0,-0.0,0.0081634521484375,0.008697509765625,0.00823974609375,0.01338958740234375,0.0072479248046875,0.01194000244140625,0.00865936279296875,0.017852783203125,0.005950927734375,0.01232147216796875,0.03406524658203125,0.00713348388671875,0.01934051513671875,0.009002685546875,0.00469207763671875,0.0218963623046875,-0.107574462890625,-0.217437744140625,-0.20111083984375,0.110321044921875,0.335693359375,-0.03509521484375,0.074005126953125,-0.014495849609375,0.10650634765625,0.066680908203125,-0.02105712890625,0.124053955078125,1.266021728515625,2.63671875,-0.44921875,1.922607421875,4.364773273468018
127,0.31850000000000006,-0.0,-0.0,-0.0,-0.0,-0.0,-0.0,8.820704460144043,0.6350387930870056,-851.4063720703125,-279815.5,71553.921875,-3103.175048828125,-0.0,-0.0,-0.0,-0.0,-0.0,-0.0,-0.0,-0.0,-0.0,-0.0,-0.0,-0.0,-0.0057220458984375,-0.0081634521484375,-0.00820159912109375,-0.01224517822265625,-0.00713348388671875,-0.0116729736328125,-0.0078582763671875,-0.01491546630859375,-0.0041961669921875,-0.01232147216796875,-0.0183868408203125,-0.0074005126953125,-0.01712799072265625,-0.00629425048828125,-0.004425048828125,-0.019073486328125,-0.216827392578125,0.1788330078125,0.699462890625,0.11962890625,-0.184783935546875,0.12664794921875,0.1055908203125,0.10467529296875,0.09857177734375,0.100555419921875,0.177764892578125,0.206146240234375,-0.625,0.2813720703125,0.3863525390625,-0.4254150390625,0.40127673745155334
128,0.31900000000000006,-0.0,-0.0,-0.0,-0.0,-0.0,-0.0,9.478891372680664,0.0727618932723999,-851.3179321289062,-280457.15625,70948.9453125,-3143.96630859375,-0.0,-0.0,-0.0,-0.0,-0.0,-0.0,-0.0,-0.0,-0.0,-0.0,-0.0,-0.0,-0.0079345703125,-0.0055694580078125,-0.01041412353515625,-0.010528564453125,-0.00873565673828125,-0.01041412353515625,-0.0098419189453125,-0.01827239990234375,-0.00560760498046875,-0.01026153564453125,-0.03025054931640625,-0.00873565673828125,-0.02330780029296875,-0.009765625,-0.00316619873046875,-0.0217437744140625,0.335235595703125,-0.009765625,0.12359619140625,0.21759033203125,0.505523681640625,0.0103759765625,0.1226806640625,0.156097412109375,0.116119384765625,0.116119384765625,0.076141357421875,0.08880615234375,-0.86761474609375,-2.20489501953125,0.45013427734375,-2.199554443359375,-12.098980903625488
129,0.31950000000000006,-0.0,-0.0,-0.0,-0.0,-0.0,-0.0,10.076176643371582,-0.6970194578170776,-852.2048950195312,-281271.9375,70517.1484375,-3490.362548828125,-0.0,-0.0,-0.0,-0.0,-0.0,-0.0,-0.0,-0.0,-0.0,-0.0,-0.0,-0.0,0.00774383544921875,0.00392913818359375,0.00957489013671875,0.01186370849609375,0.00885009765625,0.0124359130859375,0.00629425048828125,0.01987457275390625,0.0052642822265625,0.01110076904296875,0.0171661376953125,0.00885009765625,0.0176239013671875,0.00667572021484375,0.00537872314453125,0.01953125,0.23651123046875,-0.23651123046875,0.16265869140625,0.00885009765625,-0.04608154296875,0.25360107421875,0.119476318359375,0.11322021484375,0.07171630859375,0.070037841796875,0.14556884765625,0.05096435546875,0.428924560546875,-0.0506591796875,-0.08148193359375,0.953521728515625,9.852691650390625
130,0.32000000000000006,-0.0,-0.0,-0.0,-0.0,-0.0,-0.0,11.29092025756836,-1.6315559148788452,-852.1773681640625,-282143.84375,70386.1328125,-3705.149658203125,-0.0,-0.0,-0.0,-0.0,-0.0,-0.0,-0.0,-0.0,-0.0,-0.0,-0.0,-0.0,0.005035400390625,0.0031280517578125,0.00995635986328125,0.010833740234375,0.01041412353515625,0.0127410888671875,0.00911712646484375,0.01888275146484375,0.00629425048828125,0.0121307373046875,0.03162384033203125,0.0110626220703125,0.01964569091796875,0.0092315673828125,0.0028228759765625,0.0202178955078125,-0.06988525390625,0.564727783203125,0.14434814453125,0.00030517578125,-0.445556640625,0.12420654296875,0.088348388671875,0.120086669921875,0.135498046875,0.21484375,0.09735107421875,0.11383056640625,0.8673095703125,2.05413818359375,-0.3314208984375,1.834564208984375,2.5354671478271484
131,0.32050000000000006,-0.0,-0.0,-0.0,-0.0,-0.0,-0.0,11.620800971984863,-3.2086944580078125,-852.576416015625,-282936.875,69768.4765625,-3906.20947265625,-0.0,-0.0,-0.0,-0.0,-0.0,-0.0,-0.0,-0.0,-0.0,-0.0,-0.0,-0.0,-0.00827789306640625,-0.003662109375,-0.00965118408203125,-0.01110076904296875,-0.0093841552734375,-0.01087188720703125,-0.00690460205078125,-0.0182342529296875,-0.00461578369140625,-0.01338958740234375,-0.0191497802734375,-0.0096893310546875,-0.0145721435546875,-0.00823974609375,-0.0005340576171875,-0.02044677734375,0.26458740234375,0.00701904296875,-0.3997802734375,0.152587890625,0.49774169921875,0.052947998046875,0.07904052734375,0.049896240234375,0.091552734375,-0.010833740234375,-0.019989013671875,0.13275146484375,-0.76263427734375,-0.13763427734375,0.27313232421875,-0.71929931640625,1.9256983995437622
132,0.32100000000000006,-0.0,-0.0,-0.0,-0.0,-0.0,-0.0,11.466425895690918,-4.902172088623047,-852.3292846679688,-283271.46875,69464.8046875,-3875.567626953125,-0.0,-0.0,-0.0,-0.0,-0.0,-0.0,-0.0,-0.0,-0.0,-0.0,-0.0,-0.0,-0.0054168701171875,-0.0048065185546875,-0.0086212158203125,-0.01209259033203125,-0.00980377197265625,-0.010986328125,-0.01171112060546875,-0.01811981201171875,-0.00713348388671875,-0.0084686279296875,-0.02841949462890625,-0.0093841552734375,-0.0208282470703125,-0.0069427490234375,-0.000152587890625,-0.0206756591796875,0.070648193359375,-0.202789306640625,-0.145416259765625,0.113525390625,0.19317626953125,0.0,0.077362060546875,0.04302978515625,0.0872802734375,0.01556396484375,0.132598876953125,0.13458251953125,-0.72540283203125,-1.7755126953125,0.56365966796875,-1.998138427734375,-2.95245099067688
133,0.32150000000000006,-0.0,-0.0,-0.0,-0.0,-0.0,-0.0,11.332253456115723,-6.38134765625,-851.6220092773438,-283973.6875,68975.75,-3759.693603515625,-0.0,-0.0,-0.0,-0.0,-0.0,-0.0,-0.0,-0.0,-0.0,-0.0,-0.0,-0.0,0.00728607177734375,0.0067901611328125,0.0103759765625,0.01300811767578125,0.011444091796875,0.0115966796875,0.009918212890625,0.01758575439453125,0.00518798828125,0.013580322265625,0.02124786376953125,0.00957489013671875,0.01659393310546875,0.008392333984375,0.0037384033203125,0.020599365234375,0.14678955078125,0.381011962890625,0.519561767578125,0.191650390625,-0.188751220703125,0.1007080078125,0.121612548828125,0.190887451171875,0.131378173828125,0.17486572265625,0.247802734375,0.04180908203125,1.041412353515625,0.21728515625,-0.1153564453125,0.56793212890625,11.07222843170166
134,0.32200000000000006,-0.0,-0.0,-0.0,-0.0,-0.0,-0.0,11.279048919677734,-7.614574432373047,-850.7542724609375,-284584.84375,68534.578125,-3630.351806640625,-0.0,-0.0,-0.0,-0.0,-0.0,-0.0,-0.0,-0.0,-0.0,-0.0,-0.0,-0.0,0.0067901611328125,0.0075531005859375,0.00926971435546875,0.01369476318359375,0.0103759765625,0.0133514404296875,0.00980377197265625,0.0174713134765625,0.00621795654296875,0.01117706298828125,0.0301361083984375,0.0080108642578125,0.01918792724609375,0.00873565673828125,0.00080108642578125,0.02147674560546875,0.245819091796875,0.250701904296875,0.228729248046875,0.031280517578125,0.28717041015625,0.18310546875,0.11627197265625,0.106048583984375,0.1019287109375,0.0726318359375,0.066986083984375,0.05157470703125,1.090087890625,1.98577880859375,-0.2203369140625,1.998138427734375,3.450119972229004
135,0.32250000000000006,-0.0,-0.0,-0.0,-0.0,-0.0,-0.0,11.775787353515625,-8.593430519104004,-851.1148681640625,-285116.0625,68201.84375,-3786.173828125,-0.0,-0.0,-0.0,-0.0,-0.0,-0.0,-0.0,-0.0,-0.0,-0.0,-0.0,-0.0,-0.006866455078125,-0.00736236572265625,-0.00865936279296875,-0.01171112060546875,-0.006866455078125,-0.01216888427734375,-0.00499725341796875,-0.01739501953125,-0.0054931640625,-0.012664794921875,-0.01773834228515625,-0.0101470947265625,-0.01491546630859375,-0.00640869140625,-0.00400543212890625,-0.02063751220703125,0.169677734375,-0.014190673828125,0.209503173828125,0.1068115234375,-0.00762939453125,0.08819580078125,0.103912353515625,0.08331298828125,0.092315673828125,0.114898681640625,0.029144287109375,0.05645751953125,-0.630035400390625,0.2197265625,0.26885986328125,-0.3704833984375,-1.4280292987823486
136,0.32300000000000006,-0.0,-0.0,-0.0,-0.0,-0.0,-0.0,12.311050415039062,-8.773116111755371,-850.5066528320312,-285297.5,67367.875,-3912.279541015625,-0.0,-0.0,-0.0,-0.0,-0.0,-0.0,-0.0,-0.0,-0.0,-0.0,-0.0,-0.0,-0.00514984130859375,-0.00843048095703125,-0.00949859619140625,-0.0127410888671875,-0.0079345703125,-0.01178741455078125,-0.00659942626953125,-0.01911163330078125,-0.0061798095703125,-0.01071929931640625,-0.03269195556640625,-0.00701904296875,-0.01987457275390625,-0.008392333984375,-0.004425048828125,-0.020904541015625,0.0274658203125,-0.15411376953125,-0.13885498046875,0.10650634765625,-0.206146240234375,0.06134033203125,0.098724365234375,0.09796142578125,0.083770751953125,0.11566162109375,0.025482177734375,0.11505126953125,-0.583343505859375,-1.98211669921875,0.4815673828125,-1.760101318359375,-3.5622196197509766
137,0.32350000000000007,-0.0,-0.0,-0.0,-0.0,-0.0,-0.0,13.266667366027832,-8.658242225646973,-850.457275390625,-285680.40625,66901.9296875,-4258.857421875,-0.0,-0.0,-0.0,-0.0,-0.0,-0.0,-0.0,-0.0,-0.0,-0.0,-0.0,-0.0,0.00507354736328125,0.00835418701171875,0.0086212158203125,0.0122833251953125,0.00667572021484375,0.01293182373046875,0.0083160400390625,0.01598358154296875,0.00576019287109375,0.0098419189453125,0.0183868408203125,0.008697509765625,0.01613616943359375,0.00713348388671875,0.00499725341796875,0.0200653076171875,0.106964111328125,0.2197265625,-0.43060302734375,0.1226806640625,0.341339111328125,0.091705322265625,0.07415771484375,0.04974365234375,0.0946044921875,0.126190185546875,0.075836181640625,0.1861572265625,0.720977783203125,0.04913330078125,-0.12359619140625,0.704498291015625,8.328269958496094
138,0.32400000000000007,-0.0,-0.0,-0.0,-0.0,-0.0,-0.0,13.113945007324219,-8.314621925354004,-849.599609375,-285632.75,66144.234375,-4308.5986328125,-0.0,-0.0,-0.0,-0.0,-0.0,-0.0,-0.0,-0.0,-0.0,-0.0,-0.0,-0.0,0.00827789306640625,0.00820159912109375,0.0095367431640625,0.01262664794921875,0.0110626220703125,0.01312255859375,0.0077056884765625,0.01811981201171875,0.0051116943359375,0.010528564453125,0.032196044921875,0.00885009765625,0.0196075439453125,0.00949859619140625,0.0041961669921875,0.0223541259765625,0.068206787109375,0.3228759765625,0.559539794921875,0.132293701171875,-0.090179443359375,0.082244873046875,0.101318359375,0.15716552734375,0.10467529296875,0.117950439453125,0.175628662109375,0.1019287109375,1.016387939453125,2.19970703125,-0.23162841796875,1.833343505859375,1.3159297704696655
139,0.32450000000000007,-0.0,-0.0,-0.0,-0.0,-0.0,-0.0,13.356337547302246,-7.780142784118652,-848.4404296875,-285692.46875,65846.75,-4316.49853515625,-0.0,-0.0,-0.0,-0.0,-0.0,-0.0,-0.0,-0.0,-0.0,-0.0,-0.0,-0.0,-0.0066375732421875,-0.0057220458984375,-0.0079345703125,-0.01209259033203125,-0.0074005126953125,-0.0118255615234375,-0.00675201416015625,-0.0165557861328125,-0.00522613525390625,-0.01087188720703125,-0.018463134765625,-0.00823974609375,-0.01552581787109375,-0.00732421875,-0.00347137451171875,-0.0203704833984375,0.036468505859375,0.1165771484375,0.30029296875,0.102081298828125,0.130157470703125,0.16937255859375,0.11871337890625,0.135498046875,0.12359619140625,0.128631591796875,0.13946533203125,-0.012969970703125,-0.585174560546875,0.2349853515625,0.3497314453125,-0.37139892578125,3.450119972229004
140,0.32500000000000007,-0.0,-0.0,-0.0,-0.0,-0.0,-0.0,13.16507339477539,-7.831496238708496,-847.5802001953125,-286094.46875,65027.59375,-4379.1845703125,-0.0,-0.0,-0.0,-0.0,-0.0,-0.0,-0.0,-0.0,-0.0,-0.0,-0.0,-0.0,-0.00522613525390625,-0.00499725341796875,-0.009307861328125,-0.01110076904296875,-0.0107574462890625,-0.0106048583984375,-0.01148223876953125,-0.01857757568359375,-0.00560760498046875,-0.01007080078125,-0.0287628173828125,-0.00865936279296875,-0.02025604248046875,-0.0067138671875,-0.00091552734375,-0.02105712890625,0.5023193359375,-0.444488525390625,-0.027923583984375,0.03326416015625,0.138092041015625,0.1678466796875,0.12237548828125,0.11322021484375,0.090484619140625,-0.040740966796875,0.048370361328125,0.0689697265625,-0.615692138671875,-1.81640625,0.43975830078125,-2.023773193359375,-3.2573351860046387
141,0.32550000000000007,-0.0,-0.0,-0.0,-0.0,-0.0,-0.0,12.84471607208252,-8.426225662231445,-846.1146850585938,-286193.21875,64687.4375,-4200.30859375,-0.0,-0.0,-0.0,-0.0,-0.0,-0.0,-0.0,-0.0,-0.0,-0.0,-0.0,-0.0,0.0066375732421875,0.0058746337890625,0.00957489013671875,0.01255035400390625,0.00827789306640625,0.013427734375,0.0070953369140625,0.01644134521484375,0.00690460205078125,0.01224517822265625,0.019073486328125,0.0043487548828125,0.01834869384765625,0.00659942626953125,0.004730224609375,0.01926422119140625,0.1348876953125,0.37445068359375,-0.174102783203125,0.14678955078125,0.03692626953125,0.064849853515625,0.08941650390625,0.050811767578125,0.0994873046875,0.120697021484375,0.01617431640625,0.177459716796875,0.867462158203125,-0.1080322265625,-0.4632568359375,0.73944091796875,9.24292278289795
142,0.32600000000000007,-0.0,-0.0,-0.0,-0.0,-0.0,-0.0,13.000134468078613,-9.345367431640625,-846.7753295898438,-286783.46875,64664.56640625,-4384.69677734375,-0.0,-0.0,-0.0,-0.0,-0.0,-0.0,-0.0,-0.0,-0.0,-0.0,-0.0,-0.0,0.006561279296875,0.00415802001953125,0.0098419189453125,0.01190185546875,0.010223388671875,0.0124359130859375,0.00797271728515625,0.02048492431640625,0.00518798828125,0.01163482666015625,0.03101348876953125,0.0115966796875,0.0203704833984375,0.00751495361328125,0.00370025634765625,0.02063751220703125,-0.058746337890625,0.414276123046875,-0.142974853515625,0.108642578125,0.0103759765625,0.0799560546875,0.08056640625,0.109405517578125,0.114593505859375,0.09735107421875,0.22613525390625,0.19744873046875,1.023101806640625,1.98150634765625,-0.25604248046875,1.900177001953125,3.755004405975342
143,0.32650000000000007,-0.0,-0.0,-0.0,-0.0,-0.0,-0.0,13.138313293457031,-10.339126586914062,-847.5250854492188,-287372.65625,64177.61328125,-4540.61767578125,-0.0,-0.0,-0.0,-0.0,-0.0,-0.0,-0.0,-0.0,-0.0,-0.0,-0.0,-0.0,-0.0074005126953125,-0.00278472900390625,-0.00972747802734375,-0.0098419189453125,-0.00728607177734375,-0.011444091796875,-0.004730224609375,-0.01590728759765625,-0.0048828125,-0.0140380859375,-0.017852783203125,-0.0061798095703125,-0.0113677978515625,-0.00759124755859375,-0.00400543212890625,-0.019378662109375,-0.238189697265625,0.238800048828125,0.65155029296875,0.087432861328125,0.243377685546875,0.08758544921875,0.094451904296875,0.120086669921875,0.08392333984375,0.1202392578125,0.157623291015625,0.13092041015625,-0.6097412109375,0.03753662109375,0.63140869140625,-0.0537109375,0.09639240801334381
144,0.32700000000000007,-0.0,-0.0,-0.0,-0.0,-0.0,-0.0,13.086657524108887,-12.14899730682373,-848.24267578125,-287785.65625,63779.33203125,-4821.19970703125,-0.0,-0.0,-0.0,-0.0,-0.0,-0.0,-0.0,-0.0,-0.0,-0.0,-0.0,-0.0,-0.0055694580078125,-0.00698089599609375,-0.00896453857421875,-0.01239776611328125,-0.0089263916015625,-0.01155853271484375,-0.0101470947265625,-0.02025604248046875,-0.007781982421875,-0.01049041748046875,-0.0316619873046875,-0.01018524169921875,-0.02231597900390625,-0.007171630859375,-0.00217437744140625,-0.0200653076171875,0.179290771484375,-0.0775146484375,0.23956298828125,0.096893310546875,0.109405517578125,0.11566162109375,0.0994873046875,0.1336669921875,0.129852294921875,0.07568359375,0.116119384765625,-0.001068115234375,-0.711669921875,-2.2418212890625,0.4119873046875,-2.13226318359375,-2.647566556930542
145,0.32750000000000007,-0.0,-0.0,-0.0,-0.0,-0.0,-0.0,13.827629089355469,-12.24854564666748,-847.12939453125,-288048.96875,63520.9140625,-5096.98193359375,-0.0,-0.0,-0.0,-0.0,-0.0,-0.0,-0.0,-0.0,-0.0,-0.0,-0.0,-0.0,0.00545501708984375,0.00942230224609375,0.00797271728515625,0.01300811767578125,0.0075531005859375,0.0115203857421875,0.00698089599609375,0.01434326171875,0.00514984130859375,0.01007080078125,0.02002716064453125,0.00652313232421875,0.01377105712890625,0.00995635986328125,0.003814697265625,0.0201416015625,0.081329345703125,0.143585205078125,-0.09307861328125,0.132598876953125,0.08575439453125,0.10101318359375,0.12603759765625,0.06683349609375,0.0946044921875,0.09857177734375,-0.03509521484375,0.04425048828125,0.6024169921875,0.06805419921875,-0.4193115234375,0.50567626953125,9.24292278289795
146,0.32800000000000007,-0.0,-0.0,-0.0,-0.0,-0.0,-0.0,13.93077564239502,-12.999114990234375,-847.0745239257812,-288100.625,63273.45703125,-5252.91162109375,-0.0,-0.0,-0.0,-0.0,-0.0,-0.0,-0.0,-0.0,-0.0,-0.0,-0.0,-0.0,0.006866455078125,0.007171630859375,0.0090789794921875,0.0125885009765625,0.00782012939453125,0.012054443359375,0.00904083251953125,0.02197265625,0.006256103515625,0.00957489013671875,0.03086090087890625,0.012359619140625,0.02056121826171875,0.00797271728515625,0.00518798828125,0.0212860107421875,0.37384033203125,-0.293426513671875,-0.130615234375,0.085601806640625,0.3497314453125,0.052947998046875,0.07568359375,0.032196044921875,0.0677490234375,0.095977783203125,0.03570556640625,0.1690673828125,0.526885986328125,2.10906982421875,0.0701904296875,1.943817138671875,3.145235776901245
147,0.32850000000000007,-0.0,-0.0,-0.0,-0.0,-0.0,-0.0,13.5130033493042,-12.811302185058594,-848.8211669921875,-288193.34375,62838.53125,-5181.89990234375,-0.0,-0.0,-0.0,-0.0,-0.0,-0.0,-0.0,-0.0,-0.0,-0.0,-0.0,-0.0,-0.00637054443359375,-0.0070953369140625,-0.01041412353515625,-0.0112152099609375,-0.00759124755859375,-0.009613037109375,-0.00850677490234375,-0.012969970703125,-0.0048828125,-0.0081634521484375,-0.016937255859375,-0.009918212890625,-0.01312255859375,-0.008697509765625,-0.0016021728515625,-0.0215911865234375,0.13702392578125,0.05767822265625,-0.089569091796875,0.184783935546875,-0.26092529296875,-0.002593994140625,0.081329345703125,0.125732421875,0.0994873046875,0.09796142578125,0.176849365234375,0.169830322265625,-0.275115966796875,0.311279296875,0.27679443359375,-0.337371826171875,-0.5133762359619141
148,0.32900000000000007,-0.0,-0.0,-0.0,-0.0,-0.0,-0.0,12.621357917785645,-12.783105850219727,-847.314453125,-288240.6875,63135.0859375,-4732.07763671875,-0.0,-0.0,-0.0,-0.0,-0.0,-0.0,-0.0,-0.0,-0.0,-0.0,-0.0,-0.0,-0.0066375732421875,-0.00316619873046875,-0.008087158203125,-0.010833740234375,-0.0066375732421875,-0.012054443359375,-0.00598907470703125,-0.0186920166015625,-0.0072479248046875,-0.012054443359375,-0.0315093994140625,-0.0093841552734375,-0.02147674560546875,-0.00873565673828125,-0.00415802001953125,-0.02094268798828125,-0.11871337890625,0.38238525390625,0.54046630859375,0.108184814453125,0.49163818359375,0.138092041015625,0.108489990234375,0.110931396484375,0.0823974609375,0.11688232421875,0.1348876953125,0.104522705078125,-0.895538330078125,-1.915283203125,0.30670166015625,-1.864471435546875,0.40127673745155334
149,0.32950000000000007,-0.0,-0.0,-0.0,-0.0,-0.0,-0.0,11.35276985168457,-12.938275337219238,-846.25341796875,-288305.25,62896.46484375,-4509.0498046875,-0.0,-0.0,-0.0,-0.0,-0.0,-0.0,-0.0,-0.0,-0.0,-0.0,-0.0,-0.0,0.00606536865234375,0.00629425048828125,0.009002685546875,0.01255035400390625,0.0079345703125,0.0136566162109375,0.0083160400390625,0.0164031982421875,0.00476837158203125,0.01270294189453125,0.018157958984375,0.007781982421875,0.017852783203125,0.007476806640625,0.00461578369140625,0.02124786376953125,-0.067596435546875,0.427093505859375,0.401153564453125,-0.002288818359375,0.013580322265625,0.225067138671875,0.105743408203125,0.114288330078125,0.1397705078125,0.155181884765625,0.120391845703125,0.0640869140625,0.619354248046875,0.0445556640625,0.028076171875,0.65582275390625,8.633153915405273
150,0.33000000000000007,-0.0,-0.0,-0.0,-0.0,-0.0,-0.0,9.686598777770996,-12.345614433288574,-845.126708984375,-287552.125,62759.95703125,-3918.62255859375,-0.0,-0.0,-0.0,-0.0,-0.0,-0.0,-0.0,-0.0,-0.0,-0.0,-0.0,-0.0,0.00759124755859375,0.00614166259765625,0.0098419189453125,0.0136566162109375,0.00812530517578125,0.0113677978515625,0.0075531005859375,0.02033233642578125,0.007781982421875,0.009918212890625,0.0324249267578125,0.00949859619140625,0.02201080322265625,0.00659942626953125,0.0035858154296875,0.02044677734375,-0.004119873046875,0.130767822265625,0.112762451171875,0.1043701171875,0.02593994140625,0.147247314453125,0.091705322265625,0.098114013671875,-0.013580322265625,-0.111083984375,0.1043701171875,0.0555419921875,0.82366943359375,2.398681640625,0.048828125,2.2247314453125,4.05988883972168
151,0.33050000000000007,-0.0,-0.0,-0.0,-0.0,-0.0,-0.0,8.303321838378906,-12.15105152130127,-842.481689453125,-286955.875,62775.08984375,-3727.87451171875,-0.0,-0.0,-0.0,-0.0,-0.0,-0.0,-0.0,-0.0,-0.0,-0.0,-0.0,-0.0,-0.006561279296875,-0.00812530517578125,-0.0091552734375,-0.01010894775390625,-0.0093841552734375,-0.009613037109375,-0.00751495361328125,-0.015716552734375,-0.0074005126953125,-0.00885009765625,-0.018768310546875,-0.0092315673828125,-0.01544952392578125,-0.008087158203125,-0.0017547607421875,-0.02132415771484375,0.331878662109375,0.023193359375,-0.2703857421875,0.18798828125,-0.3839111328125,0.0018310546875,0.09429931640625,0.06683349609375,0.115814208984375,0.165252685546875,0.025482177734375,0.052947998046875,-0.26519775390625,0.0,0.21728515625,-0.67138671875,-0.5133762359619141
152,0.33100000000000007,-0.0,-0.0,-0.0,-0.0,-0.0,-0.0,7.976928234100342,-11.24524211883545,-841.6278076171875,-286176.75,62431.12890625,-3517.680908203125,-0.0,-0.0,-0.0,-0.0,-0.0,-0.0,-0.0,-0.0,-0.0,-0.0,-0.0,-0.0,-0.00705718994140625,0.0003814697265625,-0.00919342041015625,-0.01155853271484375,-0.0109100341796875,-0.01300811767578125,-0.0074005126953125,-0.01857757568359375,-0.00530242919921875,-0.01186370849609375,-0.0299835205078125,-0.011444091796875,-0.020751953125,-0.00774383544921875,-0.0025177001953125,-0.0205230712890625,0.008697509765625,-0.1910400390625,0.241241455078125,0.0244140625,0.8050537109375,0.12939453125,0.1019287109375,0.072021484375,0.099945068359375,0.086669921875,0.154876708984375,0.132293701171875,-0.41412353515625,-2.07183837890625,0.2069091796875,-1.902313232421875,-3.2573351860046387
153,0.3315000000000001,-0.0,-0.0,-0.0,-0.0,-0.0,-0.0,7.776276111602783,-11.312366485595703,-839.4210205078125,-285745.34375,62510.82421875,-3595.71337890625,-0.0,-0.0,-0.0,-0.0,-0.0,-0.0,-0.0,-0.0,-0.0,-0.0,-0.0,-0.0,0.00492095947265625,0.00583648681640625,0.00885009765625,0.01079559326171875,0.0102996826171875,0.01033782958984375,0.0087738037109375,0.0164794921875,0.005340576171875,0.0079345703125,0.018463134765625,0.00644683837890625,0.0151824951171875,0.0070953369140625,0.0040435791015625,0.01964569091796875,0.124664306640625,0.361480712890625,0.232086181640625,0.061492919921875,-0.01922607421875,0.1678466796875,0.100860595703125,0.150604248046875,0.100860595703125,0.116119384765625,0.169677734375,0.054473876953125,0.573272705078125,0.0140380859375,-0.23345947265625,0.64849853515625,8.633153915405273
154,0.3320000000000001,-0.0,-0.0,-0.0,-0.0,-0.0,-0.0,7.8202924728393555,-10.843703269958496,-838.2156982421875,-285496.5625,62017.09375,-3551.2626953125,-0.0,-0.0,-0.0,-0.0,-0.0,-0.0,-0.0,-0.0,-0.0,-0.0,-0.0,-0.0,0.00701904296875,0.0048065185546875,0.00949859619140625,0.01514434814453125,0.0098419189453125,0.01220703125,0.0074005126953125,0.01987457275390625,0.0063323974609375,0.00865936279296875,0.0322723388671875,0.00995635986328125,0.01880645751953125,0.00705718994140625,0.0022125244140625,0.02288818359375,0.22705078125,0.103607177734375,0.090789794921875,0.0634765625,-0.1519775390625,0.0634765625,0.099334716796875,0.09124755859375,0.12298583984375,0.116729736328125,0.0433349609375,0.021209716796875,0.763397216796875,2.35870361328125,-0.23529052734375,1.962432861328125,-0.20849192142486572
155,0.3325000000000001,-0.0,-0.0,-0.0,-0.0,-0.0,-0.0,7.9092302322387695,-10.91085433959961,-837.7080078125,-285998.90625,61575.4453125,-3783.038818359375,-0.0,-0.0,-0.0,-0.0,-0.0,-0.0,-0.0,-0.0,-0.0,-0.0,-0.0,-0.0,-0.0067138671875,-0.00492095947265625,-0.00881195068359375,-0.009918212890625,-0.0099945068359375,-0.008087158203125,-0.00713348388671875,-0.01667022705078125,-0.00469207763671875,-0.01049041748046875,-0.01735687255859375,-0.01087188720703125,-0.01239776611328125,-0.00904083251953125,-0.00057220458984375,-0.02117156982421875,0.10955810546875,-0.34423828125,-0.09246826171875,0.08453369140625,0.211029052734375,0.06134033203125,0.08941650390625,0.032806396484375,0.10009765625,0.0775146484375,0.016326904296875,0.154876708984375,-0.400390625,0.186767578125,0.1025390625,-0.361785888671875,-0.5133762359619141
156,0.3330000000000001,-0.0,-0.0,-0.0,-0.0,-0.0,-0.0,8.065848350524902,-11.943473815917969,-837.5357055664062,-286405.84375,61310.5234375,-3861.543701171875,-0.0,-0.0,-0.0,-0.0,-0.0,-0.0,-0.0,-0.0,-0.0,-0.0,-0.0,-0.0,-0.00644683837890625,-0.00629425048828125,-0.0081634521484375,-0.011749267578125,-0.007781982421875,-0.0118255615234375,-0.0067901611328125,-0.019378662109375,-0.0058746337890625,-0.01171112060546875,-0.0298309326171875,-0.007476806640625,-0.02231597900390625,-0.00804901123046875,-0.0049591064453125,-0.0209808349609375,0.057373046875,0.43060302734375,-0.45379638671875,0.13946533203125,0.1141357421875,0.03997802734375,0.08331298828125,0.063934326171875,0.0823974609375,0.035400390625,0.1190185546875,0.1934814453125,-0.876007080078125,-1.81915283203125,0.53466796875,-1.920013427734375,-2.342682361602783
157,0.3335000000000001,-0.0,-0.0,-0.0,-0.0,-0.0,-0.0,8.810574531555176,-12.724400520324707,-837.2828979492188,-286622.71875,60994.47265625,-4011.703857421875,-0.0,-0.0,-0.0,-0.0,-0.0,-0.0,-0.0,-0.0,-0.0,-0.0,-0.0,-0.0,0.00759124755859375,0.00560760498046875,0.008697509765625,0.011749267578125,0.00919342041015625,0.0109100341796875,0.00896453857421875,0.01659393310546875,0.007781982421875,0.0127410888671875,0.01796722412109375,0.00743865966796875,0.01720428466796875,0.00812530517578125,0.0028228759765625,0.02094268798828125,0.00091552734375,0.01495361328125,0.50994873046875,0.135040283203125,-0.068359375,0.103912353515625,0.08880615234375,0.08819580078125,0.1031494140625,0.138702392578125,0.060577392578125,0.131378173828125,0.6622314453125,-0.12542724609375,-0.250244140625,0.872650146484375,7.71850061416626
158,0.3340000000000001,-0.0,-0.0,-0.0,-0.0,-0.0,-0.0,9.246502876281738,-13.830892562866211,-839.404052734375,-287181.21875,60699.5,-4251.857421875,-0.0,-0.0,-0.0,-0.0,-0.0,-0.0,-0.0,-0.0,-0.0,-0.0,-0.0,-0.0,0.00701904296875,0.0096893310546875,0.01018524169921875,0.012054443359375,0.009918212890625,0.010986328125,0.00823974609375,0.018768310546875,0.00400543212890625,0.00988006591796875,0.0302886962890625,0.0119781494140625,0.0185394287109375,0.00957489013671875,0.00408172607421875,0.02063751220703125,0.1507568359375,0.068206787109375,0.580596923828125,0.075836181640625,0.469970703125,0.091552734375,0.09307861328125,0.11688232421875,0.111846923828125,0.11993408203125,0.164031982421875,0.0775146484375,0.811309814453125,2.09381103515625,-0.126953125,1.740570068359375,3.145235776901245
159,0.3345000000000001,-0.0,-0.0,-0.0,-0.0,-0.0,-0.0,10.647749900817871,-14.889754295349121,-841.6905517578125,-287456.71875,60492.5625,-4442.30615234375,-0.0,-0.0,-0.0,-0.0,-0.0,-0.0,-0.0,-0.0,-0.0,-0.0,-0.0,-0.0,-0.00690460205078125,-0.00667572021484375,-0.0080108642578125,-0.01129150390625,-0.006866455078125,-0.012054443359375,-0.006256103515625,-0.0176239013671875,-0.00431060791015625,-0.01110076904296875,-0.01728057861328125,-0.008697509765625,-0.0144195556640625,-0.00743865966796875,-0.004425048828125,-0.019378662109375,0.22308349609375,0.574951171875,0.086822509765625,0.075836181640625,-0.06591796875,0.130462646484375,0.1129150390625,0.178985595703125,0.103912353515625,0.087890625,0.108489990234375,-0.06072998046875,-0.370635986328125,0.028076171875,0.47882080078125,-0.23345947265625,-3.2573351860046387
160,0.3350000000000001,-0.0,-0.0,-0.0,-0.0,-0.0,-0.0,11.167316436767578,-14.265460014343262,-840.1334838867188,-287611.9375,60040.16796875,-4717.07763671875,-0.0,-0.0,-0.0,-0.0,-0.0,-0.0,-0.0,-0.0,-0.0,-0.0,-0.0,-0.0,-0.0063323974609375,-0.004730224609375,-0.01003265380859375,-0.01079559326171875,-0.01026153564453125,-0.01194000244140625,-0.00911712646484375,-0.0197601318359375,-0.0048828125,-0.0110626220703125,-0.0286865234375,-0.01010894775390625,-0.02185821533203125,-0.00713348388671875,-0.00156402587890625,-0.0209808349609375,0.2764892578125,-0.274200439453125,0.229339599609375,0.09552001953125,0.052642822265625,0.133209228515625,0.113983154296875,0.091400146484375,0.10833740234375,0.0946044921875,0.07965087890625,0.096282958984375,-0.66162109375,-1.75628662109375,0.7061767578125,-1.98486328125,-1.1231448650360107
161,0.3355000000000001,-0.0,-0.0,-0.0,-0.0,-0.0,-0.0,10.70526123046875,-14.366120338439941,-841.274658203125,-287900.4375,59460.00390625,-4693.0458984375,-0.0,-0.0,-0.0,-0.0,-0.0,-0.0,-0.0,-0.0,-0.0,-0.0,-0.0,-0.0,0.00667572021484375,0.002899169921875,0.00946044921875,0.01102447509765625,0.0091552734375,0.01068115234375,0.00690460205078125,0.01617431640625,0.00576019287109375,0.0125885009765625,0.0215911865234375,0.00659942626953125,0.0146484375,0.00640869140625,0.0028228759765625,0.0205230712890625,0.22674560546875,0.380706787109375,-0.006866455078125,0.116729736328125,-0.31707763671875,0.11260986328125,0.09674072265625,0.07293701171875,0.113067626953125,0.1397705078125,0.01953125,0.1580810546875,0.855560302734375,0.3887939453125,-0.18798828125,0.5694580078125,7.71850061416626
162,0.3360000000000001,-0.0,-0.0,-0.0,-0.0,-0.0,-0.0,10.616050720214844,-13.924487113952637,-840.9859619140625,-288048.9375,59256.33984375,-4557.13916015625,-0.0,-0.0,-0.0,-0.0,-0.0,-0.0,-0.0,-0.0,-0.0,-0.0,-0.0,-0.0,0.0091552734375,0.0115966796875,0.00850677490234375,0.0107574462890625,0.00797271728515625,0.010986328125,0.008697509765625,0.02048492431640625,0.00568389892578125,0.01308441162109375,0.0293731689453125,0.0083160400390625,0.01995086669921875,0.0106048583984375,0.00408172607421875,0.0213623046875,-0.121307373046875,-0.29632568359375,-0.42449951171875,0.138092041015625,0.62896728515625,0.00244140625,0.096435546875,0.054779052734375,0.056610107421875,0.08575439453125,0.027008056640625,0.13916015625,1.23748779296875,2.0538330078125,-0.37353515625,1.7205810546875,1.9256983995437622
163,0.3365000000000001,-0.0,-0.0,-0.0,-0.0,-0.0,-0.0,10.619580268859863,-13.636951446533203,-842.0599975585938,-288448.53125,59252.49609375,-4568.9228515625,-0.0,-0.0,-0.0,-0.0,-0.0,-0.0,-0.0,-0.0,-0.0,-0.0,-0.0,-0.0,-0.0075531005859375,-0.0055694580078125,-0.00850677490234375,-0.012054443359375,-0.006103515625,-0.0124359130859375,-0.00659942626953125,-0.0152587890625,-0.00461578369140625,-0.01171112060546875,-0.018768310546875,-0.0081634521484375,-0.01537322998046875,-0.00537872314453125,-0.00240325927734375,-0.0186920166015625,-0.429840087890625,-0.085906982421875,0.910186767578125,0.012664794921875,0.0128173828125,0.108795166015625,0.103607177734375,0.091705322265625,0.121307373046875,0.11505126953125,0.2252197265625,0.13275146484375,-0.438995361328125,-0.01708984375,0.19012451171875,-0.40130615234375,0.40127673745155334
164,0.3370000000000001,-0.0,-0.0,-0.0,-0.0,-0.0,-0.0,10.473943710327148,-13.547821044921875,-841.5621337890625,-288570.71875,59067.16015625,-4452.95361328125,-0.0,-0.0,-0.0,-0.0,-0.0,-0.0,-0.0,-0.0,-0.0,-0.0,-0.0,-0.0,-0.0048828125,-0.00385284423828125,-0.00827789306640625,-0.01171112060546875,-0.00774383544921875,-0.01190185546875,-0.008392333984375,-0.0194549560546875,-0.00644683837890625,-0.01270294189453125,-0.02719879150390625,-0.0072479248046875,-0.01773834228515625,-0.00732421875,-0.0029754638671875,-0.02048492431640625,-0.01861572265625,0.499267578125,0.4656982421875,0.117950439453125,0.37994384765625,0.16754150390625,0.10772705078125,0.201873779296875,0.10589599609375,0.145416259765625,0.18463134765625,0.11627197265625,-1.02447509765625,-1.85791015625,0.4888916015625,-1.790618896484375,-2.95245099067688
165,0.3375000000000001,-0.0,-0.0,-0.0,-0.0,-0.0,-0.0,9.601259231567383,-13.19405746459961,-842.81982421875,-288459.0,59101.8984375,-4159.978515625,-0.0,-0.0,-0.0,-0.0,-0.0,-0.0,-0.0,-0.0,-0.0,-0.0,-0.0,-0.0,0.00736236572265625,0.00698089599609375,0.00812530517578125,0.0121307373046875,0.00820159912109375,0.0127410888671875,0.00762939453125,0.01583099365234375,0.0067901611328125,0.0116729736328125,0.017852783203125,0.00682830810546875,0.014495849609375,0.00682830810546875,0.0040435791015625,0.01995086669921875,0.17242431640625,0.57464599609375,-0.072784423828125,0.130462646484375,0.11016845703125,0.07232666015625,0.106964111328125,0.147705078125,0.175018310546875,0.22247314453125,0.032196044921875,0.0640869140625,0.9014892578125,-0.22796630859375,-0.162353515625,0.39093017578125,9.852691650390625
166,0.3380000000000001,-0.0,-0.0,-0.0,-0.0,-0.0,-0.0,8.385787963867188,-12.97690200805664,-842.1146240234375,-288292.625,59147.8046875,-3708.17578125,-0.0,-0.0,-0.0,-0.0,-0.0,-0.0,-0.0,-0.0,-0.0,-0.0,-0.0,-0.0,0.00743865966796875,0.0048065185546875,0.00835418701171875,0.0115966796875,0.01041412353515625,0.0106048583984375,0.0087738037109375,0.01895904541015625,0.0064849853515625,0.00911712646484375,0.0299835205078125,0.01033782958984375,0.0183868408203125,0.0083160400390625,-0.00026702880859375,0.0217437744140625,0.260467529296875,-0.357208251953125,-0.055084228515625,0.11505126953125,0.039520263671875,0.1263427734375,0.09613037109375,0.0567626953125,-0.006103515625,-0.122528076171875,0.045166015625,0.08544921875,0.787811279296875,2.04254150390625,-0.18798828125,1.98699951171875,-3.2573351860046387
167,0.3385000000000001,-0.0,-0.0,-0.0,-0.0,-0.0,-0.0,6.46128511428833,-12.319042205810547,-839.8619384765625,-287805.71875,59326.1875,-3059.025390625,-0.0,-0.0,-0.0,-0.0,-0.0,-0.0,-0.0,-0.0,-0.0,-0.0,-0.0,-0.0,-0.0054168701171875,-0.0066375732421875,-0.0081634521484375,-0.0106048583984375,-0.00732421875,-0.0118255615234375,-0.00789642333984375,-0.01529693603515625,-0.00598907470703125,-0.0102996826171875,-0.01667022705078125,-0.00896453857421875,-0.01392364501953125,-0.00713348388671875,-0.00499725341796875,-0.0200653076171875,0.209503173828125,0.2508544921875,0.059967041015625,0.134429931640625,0.08026123046875,0.0372314453125,0.101165771484375,0.06561279296875,0.081787109375,0.0775146484375,0.072021484375,0.066986083984375,-0.551300048828125,0.40679931640625,0.2874755859375,-0.453033447265625,-0.8182606101036072
168,0.3390000000000001,-0.0,-0.0,-0.0,-0.0,-0.0,-0.0,6.0458269119262695,-10.32030963897705,-840.1405029296875,-286843.96875,59491.26953125,-2793.503662109375,-0.0,-0.0,-0.0,-0.0,-0.0,-0.0,-0.0,-0.0,-0.0,-0.0,-0.0,-0.0,-0.00823974609375,-0.0061798095703125,-0.01007080078125,-0.01251220703125,-0.007476806640625,-0.0101470947265625,-0.00637054443359375,-0.01880645751953125,-0.005950927734375,-0.00865936279296875,-0.0267791748046875,-0.01068115234375,-0.02193450927734375,-0.00804901123046875,-0.00522613525390625,-0.02208709716796875,-0.028076171875,0.1361083984375,0.2850341796875,0.099334716796875,-0.01678466796875,0.17333984375,0.086212158203125,0.09765625,0.088348388671875,0.1544189453125,0.06134033203125,-0.004425048828125,-0.605010986328125,-1.69891357421875,0.296630859375,-1.88446044921875,-4.78175687789917
169,0.3395000000000001,-0.0,-0.0,-0.0,-0.0,-0.0,-0.0,5.493802547454834,-7.880691051483154,-837.8113403320312,-286257.625,59351.61328125,-2475.874267578125,-0.0,-0.0,-0.0,-0.0,-0.0,-0.0,-0.0,-0.0,-0.0,-0.0,-0.0,-0.0,0.00667572021484375,0.00644683837890625,0.00789642333984375,0.01178741455078125,0.0081634521484375,0.01071929931640625,0.00823974609375,0.01651763916015625,0.00885009765625,0.00995635986328125,0.017852783203125,0.00537872314453125,0.01617431640625,0.00732421875,0.00225067138671875,0.02155303955078125,0.01708984375,-0.113677978515625,0.077056884765625,0.033721923828125,0.149993896484375,0.13275146484375,0.098114013671875,0.086517333984375,0.0994873046875,0.090179443359375,0.321044921875,0.070037841796875,0.630340576171875,-0.289306640625,-0.4522705078125,0.531463623046875,7.413616180419922
170,0.3400000000000001,-0.0,-0.0,-0.0,-0.0,-0.0,-0.0,4.496393203735352,-5.526084899902344,-837.1748046875,-285344.40625,59528.015625,-2117.054931640625,-0.0,-0.0,-0.0,-0.0,-0.0,-0.0,-0.0,-0.0,-0.0,-0.0,-0.0,-0.0,0.00904083251953125,0.00518798828125,0.0106048583984375,0.01392364501953125,0.0103759765625,0.011749267578125,0.00698089599609375,0.01789093017578125,0.00530242919921875,0.010528564453125,0.0296783447265625,0.011138916015625,0.0200653076171875,0.0089263916015625,0.00408172607421875,0.0226593017578125,0.17425537109375,-0.0439453125,-0.0311279296875,0.096435546875,-0.062255859375,0.06561279296875,0.108184814453125,0.128326416015625,0.1092529296875,0.025177001953125,0.060577392578125,0.187530517578125,0.835723876953125,1.97967529296875,-0.146484375,1.9879150390625,4.364773273468018
171,0.3405000000000001,-0.0,-0.0,-0.0,-0.0,-0.0,-0.0,3.6213037967681885,-3.599904775619507,-836.2623901367188,-284714.5625,59829.08203125,-1670.6148681640625,-0.0,-0.0,-0.0,-0.0,-0.0,-0.0,-0.0,-0.0,-0.0,-0.0,-0.0,-0.0,-0.0054931640625,-0.0040435791015625,-0.0087738037109375,-0.01125335693359375,-0.0078582763671875,-0.01201629638671875,-0.00396728515625,-0.01682281494140625,-0.00415802001953125,-0.01026153564453125,-0.0174713134765625,-0.00621795654296875,-0.01338958740234375,-0.00705718994140625,-0.0038909912109375,-0.01888275146484375,0.32012939453125,0.303497314453125,-0.10955810546875,0.10986328125,0.307769775390625,0.0592041015625,0.074005126953125,0.073394775390625,0.0701904296875,0.127716064453125,-0.047454833984375,0.174713134765625,-0.31768798828125,0.14984130859375,0.60089111328125,-0.202178955078125,-0.5133762359619141
172,0.3410000000000001,-0.0,-0.0,-0.0,-0.0,-0.0,-0.0,2.2298707962036133,-1.889290452003479,-835.6932983398438,-283614.5,59958.78515625,-1230.1834716796875,-0.0,-0.0,-0.0,-0.0,-0.0,-0.0,-0.0,-0.0,-0.0,-0.0,-0.0,-0.0,-0.0066375732421875,-0.005035400390625,-0.0091552734375,-0.01007080078125,-0.009765625,-0.01033782958984375,-0.00774383544921875,-0.01903533935546875,-0.006103515625,-0.0112152099609375,-0.028839111328125,-0.01178741455078125,-0.02033233642578125,-0.00797271728515625,-0.00209808349609375,-0.02155303955078125,0.130157470703125,-0.276031494140625,0.06927490234375,0.10986328125,0.059967041015625,0.048980712890625,0.102691650390625,0.095977783203125,0.123291015625,0.131378173828125,0.141754150390625,0.12481689453125,-0.625457763671875,-1.77581787109375,0.43212890625,-1.830596923828125,-2.0377979278564453
173,0.3415000000000001,-0.0,-0.0,-0.0,-0.0,-0.0,-0.0,0.6603101491928101,-0.6241030693054199,-832.8684692382812,-282002.09375,60029.2734375,-708.3457641601562,-0.0,-0.0,-0.0,-0.0,-0.0,-0.0,-0.0,-0.0,-0.0,-0.0,-0.0,-0.0,0.006103515625,0.0046539306640625,0.0101470947265625,0.011444091796875,0.01018524169921875,0.0089263916015625,0.0061798095703125,0.01674652099609375,0.00499725341796875,0.0115203857421875,0.017547607421875,0.00804901123046875,0.0128936767578125,0.0069427490234375,0.00339508056640625,0.0197601318359375,-0.086669921875,-0.286102294921875,0.292816162109375,0.048828125,-0.0506591796875,0.15167236328125,0.113983154296875,0.153350830078125,0.113983154296875,0.0384521484375,0.193939208984375,0.041656494140625,0.799560546875,-0.09246826171875,-0.10284423828125,0.357666015625,7.71850061416626
174,0.3420000000000001,-0.0,-0.0,-0.0,-0.0,-0.0,-0.0,-0.3573710024356842,-0.053055450320243835,-830.04638671875,-280551.125,59991.171875,-303.8565368652344,-0.0,-0.0,-0.0,-0.0,-0.0,-0.0,-0.0,-0.0,-0.0,-0.0,-0.0,-0.0,0.00732421875,0.0061798095703125,0.01300811767578125,0.0130462646484375,0.010833740234375,0.01262664794921875,0.009918212890625,0.019989013671875,0.00629425048828125,0.0110626220703125,0.029449462890625,0.00972747802734375,0.01888275146484375,0.008544921875,0.00362396240234375,0.02101898193359375,0.22430419921875,0.520782470703125,0.196380615234375,0.1495361328125,0.0030517578125,0.123138427734375,0.106353759765625,0.138702392578125,0.0469970703125,0.09429931640625,0.083465576171875,0.064239501953125,0.901641845703125,2.13226318359375,-0.13153076171875,2.121124267578125,3.755004405975342
175,0.3425000000000001,-0.0,-0.0,-0.0,-0.0,-0.0,-0.0,-0.5352630615234375,0.6966803669929504,-828.5601806640625,-279556.25,59897.2578125,-303.35003662109375,-0.0,-0.0,-0.0,-0.0,-0.0,-0.0,-0.0,-0.0,-0.0,-0.0,-0.0,-0.0,-0.00713348388671875,-0.0054168701171875,-0.0093841552734375,-0.011749267578125,-0.007781982421875,-0.01110076904296875,-0.0074005126953125,-0.01468658447265625,-0.00591278076171875,-0.0113677978515625,-0.0180816650390625,-0.00827789306640625,-0.01667022705078125,-0.00629425048828125,-0.0030517578125,-0.01956939697265625,0.45196533203125,0.336761474609375,0.0262451171875,0.05096435546875,0.194854736328125,0.11871337890625,0.1025390625,0.08453369140625,0.116119384765625,0.150299072265625,0.046234130859375,0.102386474609375,-0.67352294921875,0.23101806640625,0.21728515625,-0.693817138671875,0.40127673745155334
176,0.3430000000000001,-0.0,-0.0,-0.0,-0.0,-0.0,-0.0,0.6074095964431763,0.8362709879875183,-827.079833984375,-278499.0,59774.2890625,-337.91156005859375,-0.0,-0.0,-0.0,-0.0,-0.0,-0.0,-0.0,-0.0,-0.0,-0.0,-0.0,-0.0,-0.00873565673828125,-0.005340576171875,-0.01026153564453125,-0.0122833251953125,-0.0101470947265625,-0.0102996826171875,-0.007781982421875,-0.0189971923828125,-0.00339508056640625,-0.0074005126953125,-0.0298309326171875,-0.01300811767578125,-0.02140045166015625,-0.00736236572265625,-0.003204345703125,-0.0217437744140625,-0.210723876953125,0.05859375,-0.078125,0.059051513671875,0.156402587890625,0.06134033203125,0.078887939453125,0.060882568359375,0.124969482421875,0.09735107421875,0.12847900390625,0.1031494140625,-0.42449951171875,-1.98944091796875,0.25299072265625,-1.93084716796875,-3.5622196197509766
177,0.3435000000000001,-0.0,-0.0,-0.0,-0.0,-0.0,-0.0,1.301163673400879,1.1233701705932617,-827.927001953125,-277840.5625,59967.73828125,-561.070068359375,-0.0,-0.0,-0.0,-0.0,-0.0,-0.0,-0.0,-0.0,-0.0,-0.0,-0.0,-0.0,0.00797271728515625,0.00392913818359375,0.01007080078125,0.011749267578125,0.00904083251953125,0.010986328125,0.0075531005859375,0.0164794921875,0.003814697265625,0.010833740234375,0.0167083740234375,0.00888824462890625,0.01537322998046875,0.00797271728515625,0.0028228759765625,0.0203704833984375,-0.062255859375,0.056304931640625,0.06591796875,0.10589599609375,0.076446533203125,0.09521484375,0.10101318359375,0.125885009765625,0.127716064453125,0.224761962890625,0.184783935546875,0.085906982421875,0.43670654296875,0.0079345703125,-0.18218994140625,0.814056396484375,12.901535034179688
178,0.3440000000000001,-0.0,-0.0,-0.0,-0.0,-0.0,-0.0,0.927384614944458,1.4220428466796875,-828.0015258789062,-277185.125,59666.3046875,-671.6356201171875,-0.0,-0.0,-0.0,-0.0,-0.0,-0.0,-0.0,-0.0,-0.0,-0.0,-0.0,-0.0,0.0066375732421875,0.00732421875,0.01087188720703125,0.013580322265625,0.00919342041015625,0.01129150390625,0.005645751953125,0.0174713134765625,0.00568389892578125,0.0091552734375,0.02960205078125,0.0109100341796875,0.0194549560546875,0.0089263916015625,0.00576019287109375,0.023651123046875,0.128021240234375,0.26123046875,-0.032806396484375,0.11199951171875,0.092620849609375,0.1055908203125,0.09124755859375,0.07537841796875,0.16082763671875,-0.0830078125,0.081024169921875,0.038604736328125,0.736846923828125,1.91436767578125,-0.015869140625,1.95068359375,3.145235776901245
179,0.3445000000000001,-0.0,-0.0,-0.0,-0.0,-0.0,-0.0,1.62221360206604,2.2493910789489746,-825.669677734375,-276074.3125,60103.51171875,-1016.6547241210938,-0.0,-0.0,-0.0,-0.0,-0.0,-0.0,-0.0,-0.0,-0.0,-0.0,-0.0,-0.0,-0.008392333984375,-0.00396728515625,-0.00820159912109375,-0.01007080078125,-0.0070953369140625,-0.0115203857421875,-0.005950927734375,-0.01758575439453125,-0.00240325927734375,-0.0118255615234375,-0.0151824951171875,-0.0075531005859375,-0.01758575439453125,-0.006256103515625,-0.00377655029296875,-0.01972198486328125,0.10223388671875,-0.17181396484375,0.283355712890625,0.096435546875,0.118255615234375,0.074462890625,0.11749267578125,0.122833251953125,-0.002899169921875,0.04974365234375,0.03814697265625,0.12176513671875,-0.374603271484375,0.08026123046875,0.352783203125,-0.90118408203125,2.2305827140808105
180,0.3450000000000001,-0.0,-0.0,-0.0,-0.0,-0.0,-0.0,1.5923383235931396,4.472701072692871,-823.6156005859375,-274528.59375,60266.0078125,-747.3321533203125,-0.0,-0.0,-0.0,-0.0,-0.0,-0.0,-0.0,-0.0,-0.0,-0.0,-0.0,-0.0,-0.006256103515625,-0.00736236572265625,-0.00858306884765625,-0.010833740234375,-0.0084686279296875,-0.0128936767578125,-0.01087188720703125,-0.01995086669921875,-0.0057220458984375,-0.009918212890625,-0.0283050537109375,-0.01079559326171875,-0.0186920166015625,-0.00980377197265625,-0.00278472900390625,-0.0208282470703125,0.071868896484375,0.14373779296875,0.083465576171875,0.11993408203125,0.02685546875,0.0909423828125,0.089111328125,0.07659912109375,0.0506591796875,0.057373046875,0.097198486328125,0.133514404296875,-0.396728515625,-1.6357421875,0.2459716796875,-1.949462890625,-0.8182606101036072
181,0.3455000000000001,-0.0,-0.0,-0.0,-0.0,-0.0,-0.0,-0.5862846374511719,4.940326690673828,-820.714599609375,-273791.53125,60901.515625,20.88833999633789,-0.0,-0.0,-0.0,-0.0,-0.0,-0.0,-0.0,-0.0,-0.0,-0.0,-0.0,-0.0,0.007171630859375,0.00446319580078125,0.009765625,0.00934600830078125,0.008544921875,0.0110626220703125,0.0072479248046875,0.016937255859375,0.00335693359375,0.01178741455078125,0.01728057861328125,0.00720977783203125,0.0160980224609375,0.00873565673828125,0.00453948974609375,0.01865386962890625,-0.07843017578125,0.01953125,0.09246826171875,0.09063720703125,0.0213623046875,0.110015869140625,0.103302001953125,0.122222900390625,0.024871826171875,0.141448974609375,0.136566162109375,0.127105712890625,0.880584716796875,0.1409912109375,-0.172119140625,0.76263427734375,7.108732223510742
182,0.3460000000000001,-0.0,-0.0,-0.0,-0.0,-0.0,-0.0,-2.959707498550415,3.8867788314819336,-819.0242919921875,-273093.90625,61373.0703125,546.894287109375,-0.0,-0.0,-0.0,-0.0,-0.0,-0.0,-0.0,-0.0,-0.0,-0.0,-0.0,-0.0,0.00736236572265625,0.009002685546875,0.00957489013671875,0.0136566162109375,0.009307861328125,0.01514434814453125,0.00888824462890625,0.02017974853515625,0.00568389892578125,0.009002685546875,0.02964019775390625,0.00949859619140625,0.020294189453125,0.006561279296875,0.0026702880859375,0.020904541015625,0.41107177734375,-0.01617431640625,0.030059814453125,0.09521484375,0.355072021484375,0.0799560546875,0.10223388671875,0.098419189453125,0.10040283203125,0.09429931640625,0.046844482421875,0.137481689453125,0.881195068359375,1.96502685546875,-0.3887939453125,1.84112548828125,4.974541664123535
183,0.3465000000000001,-0.0,-0.0,-0.0,-0.0,-0.0,-0.0,-4.972548961639404,2.3522722721099854,-819.1624755859375,-272772.75,61900.42578125,1312.69140625,-0.0,-0.0,-0.0,-0.0,-0.0,-0.0,-0.0,-0.0,-0.0,-0.0,-0.0,-0.0,-0.00675201416015625,-0.0064849853515625,-0.0079345703125,-0.0095367431640625,-0.00621795654296875,-0.0118255615234375,-0.00461578369140625,-0.01659393310546875,-0.00583648681640625,-0.010986328125,-0.01941680908203125,-0.005340576171875,-0.01613616943359375,-0.0052642822265625,-0.00408172607421875,-0.01926422119140625,0.000152587890625,0.038909912109375,0.111541748046875,0.10650634765625,0.16632080078125,0.098114013671875,0.099945068359375,0.083770751953125,0.11993408203125,0.08056640625,0.1318359375,0.10833740234375,-0.547332763671875,-0.0518798828125,0.4150390625,-0.57220458984375,-0.5133762359619141
184,0.3470000000000001,-0.0,-0.0,-0.0,-0.0,-0.0,-0.0,-6.101151466369629,0.5152630805969238,-817.7494506835938,-273462.40625,62222.12890625,1769.2698974609375,-0.0,-0.0,-0.0,-0.0,-0.0,-0.0,-0.0,-0.0,-0.0,-0.0,-0.0,-0.0,-0.00949859619140625,-0.0086212158203125,-0.00965118408203125,-0.01277923583984375,-0.0077056884765625,-0.0128173828125,-0.0083160400390625,-0.01953125,-0.00308990478515625,-0.01068115234375,-0.0273895263671875,-0.00896453857421875,-0.02048492431640625,-0.00766754150390625,-0.006256103515625,-0.020904541015625,-0.037994384765625,0.50018310546875,0.126190185546875,0.1043701171875,-0.11749267578125,0.123138427734375,0.103759765625,0.126953125,0.102691650390625,-0.0177001953125,0.1220703125,0.079498291015625,-1.005096435546875,-1.75994873046875,0.38330078125,-1.698455810546875,-4.171988487243652
185,0.3475000000000001,-0.0,-0.0,-0.0,-0.0,-0.0,-0.0,-5.922662734985352,-0.3414384722709656,-819.5150756835938,-273330.5625,62446.4453125,1675.9439697265625,-0.0,-0.0,-0.0,-0.0,-0.0,-0.0,-0.0,-0.0,-0.0,-0.0,-0.0,-0.0,0.00827789306640625,0.00644683837890625,0.00865936279296875,0.0122833251953125,0.0074005126953125,0.011749267578125,0.00946044921875,0.01659393310546875,0.00476837158203125,0.0109100341796875,0.01617431640625,0.00873565673828125,0.01689910888671875,0.00843048095703125,0.004425048828125,0.02147674560546875,0.285491943359375,0.031890869140625,-0.04730224609375,0.10833740234375,0.478515625,0.112762451171875,0.103302001953125,0.0946044921875,0.1055908203125,0.17425537109375,0.095367431640625,0.063934326171875,0.518646240234375,-0.09124755859375,-0.11444091796875,0.798187255859375,8.328269958496094
186,0.3480000000000001,-0.0,-0.0,-0.0,-0.0,-0.0,-0.0,-5.491397857666016,-1.0349041223526,-819.9268188476562,-273410.0,62900.40625,1402.5220947265625,-0.0,-0.0,-0.0,-0.0,-0.0,-0.0,-0.0,-0.0,-0.0,-0.0,-0.0,-0.0,0.00957489013671875,0.00690460205078125,0.01049041748046875,0.01262664794921875,0.00904083251953125,0.0128936767578125,0.00759124755859375,0.01911163330078125,0.003662109375,0.01026153564453125,0.02742767333984375,0.01087188720703125,0.01857757568359375,0.01033782958984375,0.00530242919921875,0.02193450927734375,0.241546630859375,-0.02105712890625,0.357208251953125,0.1007080078125,0.035858154296875,0.100555419921875,0.096893310546875,0.06744384765625,0.149993896484375,0.122528076171875,0.088043212890625,0.040740966796875,0.868377685546875,1.9781494140625,-0.09521484375,1.7205810546875,5.584310531616211
187,0.3485000000000001,-0.0,-0.0,-0.0,-0.0,-0.0,-0.0,-4.6442461013793945,-0.8021736145019531,-818.88720703125,-272929.09375,62837.87109375,1212.5179443359375,-0.0,-0.0,-0.0,-0.0,-0.0,-0.0,-0.0,-0.0,-0.0,-0.0,-0.0,-0.0,-0.0054168701171875,-0.00823974609375,-0.00812530517578125,-0.01171112060546875,-0.00614166259765625,-0.010833740234375,-0.0074005126953125,-0.0153350830078125,-0.00553131103515625,-0.010528564453125,-0.01735687255859375,-0.008087158203125,-0.01621246337890625,-0.004730224609375,-0.0031280517578125,-0.01995086669921875,0.010223388671875,0.118408203125,0.034027099609375,0.101318359375,0.0677490234375,0.0927734375,0.1055908203125,0.14312744140625,0.1190185546875,0.142822265625,0.11016845703125,0.094146728515625,-0.59051513671875,0.25421142578125,0.1666259765625,-0.72113037109375,0.09639240801334381
188,0.3490000000000001,-0.0,-0.0,-0.0,-0.0,-0.0,-0.0,-4.233123779296875,-0.8567872047424316,-816.1763305664062,-272246.84375,62582.328125,1100.2340087890625,-0.0,-0.0,-0.0,-0.0,-0.0,-0.0,-0.0,-0.0,-0.0,-0.0,-0.0,-0.0,-0.00644683837890625,-0.00850677490234375,-0.0087738037109375,-0.01220703125,-0.00713348388671875,-0.01068115234375,-0.00766754150390625,-0.01873016357421875,-0.00553131103515625,-0.0091552734375,-0.02964019775390625,-0.0091552734375,-0.02017974853515625,-0.00865936279296875,-0.002899169921875,-0.020294189453125,-0.0592041015625,-0.013885498046875,0.234832763671875,0.099029541015625,-0.261077880859375,0.09765625,0.09674072265625,0.09735107421875,0.065155029296875,0.066375732421875,0.08026123046875,0.16021728515625,-0.502166748046875,-1.62841796875,0.4376220703125,-1.58599853515625,-1.1231448650360107
189,0.3495000000000001,-0.0,-0.0,-0.0,-0.0,-0.0,-0.0,-3.5826215744018555,-0.35045892000198364,-815.0028076171875,-271680.09375,62583.58984375,1188.2303466796875,-0.0,-0.0,-0.0,-0.0,-0.0,-0.0,-0.0,-0.0,-0.0,-0.0,-0.0,-0.0,0.0070953369140625,0.0125885009765625,0.00911712646484375,0.0092315673828125,0.00995635986328125,0.01148223876953125,0.01209259033203125,0.01552581787109375,0.0064849853515625,0.0135040283203125,0.019683837890625,0.0077056884765625,0.0144195556640625,0.0090789794921875,0.00423431396484375,0.02033233642578125,0.2081298828125,0.073394775390625,0.044097900390625,0.106353759765625,0.842437744140625,0.098114013671875,0.099945068359375,0.095672607421875,0.107421875,0.12481689453125,0.107421875,0.1251220703125,1.028900146484375,0.11138916015625,-0.22979736328125,0.61767578125,7.71850061416626
190,0.3500000000000001,-0.0,-0.0,-0.0,-0.0,-0.0,-0.0,-3.1223678588867188,-0.08913040161132812,-812.0968627929688,-270594.40625,62422.51953125,976.9686889648438,-0.0,-0.0,-0.0,-0.0,-0.0,-0.0,-0.0,-0.0,-0.0,-0.0,-0.0,-0.0,0.00629425048828125,0.004730224609375,0.00904083251953125,0.0133514404296875,0.0083160400390625,0.01316070556640625,0.00850677490234375,0.01956939697265625,0.0079345703125,0.009918212890625,0.03162384033203125,0.01094818115234375,0.01850128173828125,0.008087158203125,0.0032806396484375,0.021820068359375,0.121612548828125,0.194854736328125,0.174407958984375,0.153350830078125,-0.067291259765625,0.05035400390625,0.103302001953125,0.099029541015625,0.090484619140625,0.166015625,0.10009765625,0.093231201171875,0.8642578125,1.86676025390625,-0.1171875,1.70867919921875,1.9256983995437622
191,0.3505000000000001,-0.0,-0.0,-0.0,-0.0,-0.0,-0.0,-2.8615310192108154,0.301685631275177,-809.81396484375,-269885.53125,62336.7265625,1006.4363403320312,-0.0,-0.0,-0.0,-0.0,-0.0,-0.0,-0.0,-0.0,-0.0,-0.0,-0.0,-0.0,-0.0045013427734375,-0.00774383544921875,-0.00751495361328125,-0.01007080078125,-0.0069427490234375,-0.0106048583984375,-0.008392333984375,-0.01415252685546875,-0.00629425048828125,-0.00881195068359375,-0.019073486328125,-0.008087158203125,-0.01407623291015625,-0.0067901611328125,-0.00331878662109375,-0.0200653076171875,0.16021728515625,0.016326904296875,0.126190185546875,0.03204345703125,-0.004425048828125,0.155029296875,0.113067626953125,0.111541748046875,0.148773193359375,0.0823974609375,0.10986328125,0.015106201171875,-0.4644775390625,0.15655517578125,0.30303955078125,-0.258941650390625,0.40127673745155334
192,0.3510000000000001,-0.0,-0.0,-0.0,-0.0,-0.0,-0.0,-2.2788631916046143,0.10982418060302734,-807.5584716796875,-269054.3125,62391.65625,639.54541015625,-0.0,-0.0,-0.0,-0.0,-0.0,-0.0,-0.0,-0.0,-0.0,-0.0,-0.0,-0.0,-0.00690460205078125,-0.00629425048828125,-0.00934600830078125,-0.01262664794921875,-0.0090789794921875,-0.01201629638671875,-0.00560760498046875,-0.01842498779296875,-0.00339508056640625,-0.0096893310546875,-0.0286865234375,-0.011138916015625,-0.0167083740234375,-0.00751495361328125,-0.00469207763671875,-0.02185821533203125,0.016326904296875,0.01190185546875,0.057220458984375,0.0811767578125,0.034332275390625,0.105438232421875,0.0927734375,0.07293701171875,0.003204345703125,0.190887451171875,0.0799560546875,0.084991455078125,-0.54290771484375,-1.898193359375,0.41961669921875,-1.29638671875,-15.147823333740234
193,0.3515000000000001,-0.0,-0.0,-0.0,-0.0,-0.0,-0.0,-1.283128023147583,-0.2332410216331482,-806.1217041015625,-268671.03125,62611.625,562.559814453125,-0.0,-0.0,-0.0,-0.0,-0.0,-0.0,-0.0,-0.0,-0.0,-0.0,-0.0,-0.0,0.00732421875,0.0048065185546875,0.00835418701171875,0.01186370849609375,0.0078582763671875,0.01270294189453125,0.00576019287109375,0.01728057861328125,0.0051116943359375,0.01102447509765625,0.01708984375,0.00789642333984375,0.01415252685546875,0.0089263916015625,0.00362396240234375,0.02033233642578125,0.0726318359375,-0.0634765625,0.069580078125,0.1031494140625,0.101318359375,0.088348388671875,0.101318359375,0.105438232421875,0.156402587890625,0.01678466796875,0.116119384765625,0.168304443359375,0.767974853515625,-0.12451171875,-0.3045654296875,0.54901123046875,7.108732223510742
194,0.3520000000000001,-0.0,-0.0,-0.0,-0.0,-0.0,-0.0,-0.9472119808197021,-0.9253770112991333,-804.4088745117188,-267840.875,63159.6015625,368.4502258300781,-0.0,-0.0,-0.0,-0.0,-0.0,-0.0,-0.0,-0.0,-0.0,-0.0,-0.0,-0.0,0.0090789794921875,0.0078582763671875,0.0110626220703125,0.01514434814453125,0.0112152099609375,0.01209259033203125,0.00820159912109375,0.02033233642578125,0.00667572021484375,0.01049041748046875,0.026702880859375,0.0096893310546875,0.0160980224609375,0.009307861328125,0.00492095947265625,0.02307891845703125,-0.0640869140625,0.24322509765625,0.03631591796875,0.0970458984375,0.125885009765625,0.07720947265625,0.110015869140625,0.131378173828125,0.033111572265625,-0.06072998046875,0.11962890625,0.120086669921875,0.803375244140625,1.79351806640625,-0.2001953125,1.66259765625,8.328269958496094
195,0.3525000000000001,-0.0,-0.0,-0.0,-0.0,-0.0,-0.0,-0.356842041015625,-1.5152168273925781,-800.895751953125,-267301.40625,63504.94140625,115.8253173828125,-0.0,-0.0,-0.0,-0.0,-0.0,-0.0,-0.0,-0.0,-0.0,-0.0,-0.0,-0.0,-0.00629425048828125,-0.0035858154296875,-0.00865936279296875,-0.0093841552734375,-0.0084686279296875,-0.01087188720703125,-0.00576019287109375,-0.01605987548828125,-0.00518798828125,-0.0118255615234375,-0.01430511474609375,-0.0061798095703125,-0.01331329345703125,-0.00698089599609375,-0.003662109375,-0.0189971923828125,0.03753662109375,0.064239501953125,0.17913818359375,0.09613037109375,0.14434814453125,0.086212158203125,0.105438232421875,0.146636962890625,0.121917724609375,0.1165771484375,0.093536376953125,0.0738525390625,-0.673828125,0.5206298828125,0.38177490234375,-0.16510009765625,-2.95245099067688
196,0.3530000000000001,-0.0,-0.0,-0.0,-0.0,-0.0,-0.0,0.3695104122161865,-1.6509333848953247,-800.221435546875,-266885.25,64315.1015625,-23.698415756225586,-0.0,-0.0,-0.0,-0.0,-0.0,-0.0,-0.0,-0.0,-0.0,-0.0,-0.0,-0.0,-0.0069427490234375,-0.0066375732421875,-0.009613037109375,-0.01308441162109375,-0.00881195068359375,-0.0110626220703125,-0.0064849853515625,-0.01697540283203125,-0.0043487548828125,-0.00835418701171875,-0.0260162353515625,-0.0091552734375,-0.01880645751953125,-0.0087738037109375,-0.0012969970703125,-0.02231597900390625,0.29998779296875,0.133514404296875,0.13519287109375,0.120391845703125,0.030059814453125,0.12054443359375,0.1190185546875,0.13641357421875,0.0909423828125,0.160369873046875,0.064544677734375,0.04180908203125,-0.487060546875,-1.4776611328125,0.46539306640625,-1.746063232421875,-2.647566556930542
197,0.3535000000000001,-0.0,-0.0,-0.0,-0.0,-0.0,-0.0,0.3353962302207947,-1.8254611492156982,-799.5501098632812,-266363.75,65128.328125,-92.2466812133789,-0.0,-0.0,-0.0,-0.0,-0.0,-0.0,-0.0,-0.0,-0.0,-0.0,-0.0,-0.0,0.00751495361328125,0.0067138671875,0.0070953369140625,0.0118255615234375,0.00576019287109375,0.01102447509765625,0.00720977783203125,0.01560211181640625,0.00629425048828125,0.0109100341796875,0.018768310546875,0.0061798095703125,0.01705169677734375,0.00732421875,0.00606536865234375,0.02040863037109375,0.125885009765625,-0.28411865234375,0.0714111328125,0.11077880859375,0.084381103515625,0.102996826171875,0.075531005859375,-0.059967041015625,0.10772705078125,0.138092041015625,0.089874267578125,0.09918212890625,0.68115234375,0.04608154296875,-0.28167724609375,0.711517333984375,8.93803882598877
198,0.3540000000000001,-0.0,-0.0,-0.0,-0.0,-0.0,-0.0,-0.16621321439743042,-1.428901195526123,-796.2869262695312,-265321.0,66060.4765625,178.33168029785156,-0.0,-0.0,-0.0,-0.0,-0.0,-0.0,-0.0,-0.0,-0.0,-0.0,-0.0,-0.0,0.00797271728515625,0.00698089599609375,0.01102447509765625,0.0140380859375,0.01056671142578125,0.0131988525390625,0.008087158203125,0.02002716064453125,0.00514984130859375,0.01064300537109375,0.02857208251953125,0.0090789794921875,0.01773834228515625,0.00823974609375,0.00461578369140625,0.02346038818359375,-0.242767333984375,0.233001708984375,0.01373291015625,0.094757080078125,0.081329345703125,0.054931640625,0.095977783203125,0.08056640625,0.1641845703125,0.193328857421875,0.146331787109375,0.137939453125,0.65704345703125,1.8023681640625,-0.050048828125,1.62078857421875,4.364773273468018
199,0.3545000000000001,-0.0,-0.0,-0.0,-0.0,-0.0,-0.0,-1.0607492923736572,-1.3032574653625488,-792.0964965820312,-264020.78125,66763.46875,627.5432739257812,-0.0,-0.0,-0.0,-0.0,-0.0,-0.0,-0.0,-0.0,-0.0,-0.0,-0.0,-0.0,-0.0078582763671875,-0.00530242919921875,-0.007781982421875,-0.00957489013671875,-0.00621795654296875,-0.01232147216796875,-0.00591278076171875,-0.01628875732421875,-0.00518798828125,-0.012969970703125,-0.0147247314453125,-0.007171630859375,-0.01308441162109375,-0.00614166259765625,-0.004119873046875,-0.019378662109375,0.015411376953125,0.579681396484375,0.11199951171875,0.080108642578125,0.0738525390625,0.105438232421875,0.093994140625,0.13427734375,0.0457763671875,0.0628662109375,0.125732421875,0.139007568359375,-0.755615234375,0.41015625,0.41778564453125,-0.42877197265625,-2.0377979278564453
200,0.3550000000000001,-0.0,-0.0,-0.0,-0.0,-0.0,-0.0,-3.156029462814331,-0.9383581876754761,-788.4308471679688,-262911.59375,67800.4296875,1045.0164794921875,-0.0,-0.0,-0.0,-0.0,-0.0,-0.0,-0.0,-0.0,-0.0,-0.0,-0.0,-0.0,-0.007781982421875,-0.00530242919921875,-0.00995635986328125,-0.01003265380859375,-0.00946044921875,-0.01140594482421875,-0.00759124755859375,-0.02124786376953125,-0.00514984130859375,-0.011138916015625,-0.028076171875,-0.01163482666015625,-0.01949310302734375,-0.00896453857421875,-0.004119873046875,-0.02063751220703125,0.134124755859375,0.0848388671875,0.13214111328125,0.08697509765625,0.177154541015625,0.096588134765625,0.10406494140625,0.085601806640625,0.142059326171875,0.167694091796875,0.10711669921875,0.1214599609375,-0.653533935546875,-1.678466796875,0.3424072265625,-1.673126220703125,-4.78175687789917
201,0.3555000000000001,-0.0,-0.0,-0.0,-0.0,-0.0,-0.0,-4.605353355407715,-0.6354721188545227,-786.8848876953125,-261715.421875,68934.890625,1831.49462890625,-0.0,-0.0,-0.0,-0.0,-0.0,-0.0,-0.0,-0.0,-0.0,-0.0,-0.0,-0.0,0.006256103515625,0.00606536865234375,0.008392333984375,0.0115966796875,0.0070953369140625,0.01125335693359375,0.00537872314453125,0.01636505126953125,0.0042724609375,0.0115203857421875,0.01697540283203125,0.00667572021484375,0.01552581787109375,0.0064849853515625,0.0052642822265625,0.01811981201171875,0.138397216796875,0.006561279296875,0.1226806640625,0.11138916015625,0.0653076171875,0.11016845703125,0.0982666015625,0.110015869140625,0.12542724609375,0.171966552734375,0.072021484375,0.063629150390625,0.61126708984375,-0.0390625,-0.37811279296875,0.508270263671875,9.852691650390625
202,0.3560000000000001,-0.0,-0.0,-0.0,-0.0,-0.0,-0.0,-6.333946228027344,-0.18958845734596252,-783.175537109375,-260502.234375,70015.390625,2183.5859375,-0.0,-0.0,-0.0,-0.0,-0.0,-0.0,-0.0,-0.0,-0.0,-0.0,-0.0,-0.0,0.00644683837890625,0.00751495361328125,0.0102996826171875,0.01194000244140625,0.0090789794921875,0.0103759765625,0.0060272216796875,0.0193023681640625,0.005340576171875,0.0115966796875,0.02960205078125,0.009918212890625,0.0194549560546875,0.0098419189453125,0.00469207763671875,0.02269744873046875,0.1513671875,0.042572021484375,0.126800537109375,0.130615234375,0.103912353515625,0.1300048828125,0.1031494140625,0.114288330078125,-0.032958984375,-0.131683349609375,0.08880615234375,0.064544677734375,0.94696044921875,1.86004638671875,-0.28961181640625,1.937408447265625,4.669657230377197
203,0.3565000000000001,-0.0,-0.0,-0.0,-0.0,-0.0,-0.0,-7.281857490539551,-0.02229361981153488,-781.18994140625,-259980.4375,71385.5703125,2571.4248046875,-0.0,-0.0,-0.0,-0.0,-0.0,-0.0,-0.0,-0.0,-0.0,-0.0,-0.0,-0.0,-0.0038909912109375,-0.00545501708984375,-0.00835418701171875,-0.01125335693359375,-0.00926971435546875,-0.01007080078125,-0.00667572021484375,-0.01499176025390625,-0.00514984130859375,-0.009307861328125,-0.0157928466796875,-0.00762939453125,-0.0154876708984375,-0.00701904296875,-0.003509521484375,-0.01842498779296875,0.30731201171875,-0.049285888671875,0.04364013671875,0.1141357421875,0.0897216796875,0.1318359375,0.102691650390625,0.07843017578125,0.099945068359375,0.154876708984375,0.08697509765625,0.091400146484375,-0.42449951171875,0.33233642578125,0.394287109375,-0.55633544921875,-0.8182606101036072
204,0.3570000000000001,-0.0,-0.0,-0.0,-0.0,-0.0,-0.0,-8.608485221862793,-0.5687808990478516,-780.263427734375,-258844.296875,72219.640625,2827.217041015625,-0.0,-0.0,-0.0,-0.0,-0.0,-0.0,-0.0,-0.0,-0.0,-0.0,-0.0,-0.0,-0.0046539306640625,-0.00598907470703125,-0.0087738037109375,-0.01129150390625,-0.0083160400390625,-0.01270294189453125,-0.00888824462890625,-0.020294189453125,-0.00743865966796875,-0.010223388671875,-0.0295257568359375,-0.00835418701171875,-0.01811981201171875,-0.0084686279296875,-0.00240325927734375,-0.02185821533203125,-0.143585205078125,0.2191162109375,0.106964111328125,0.086212158203125,0.089569091796875,0.0421142578125,0.079345703125,0.077667236328125,0.11871337890625,0.157623291015625,0.04913330078125,0.1171875,-0.644683837890625,-1.78375244140625,0.48919677734375,-1.605987548828125,1.6208140850067139
205,0.3575000000000001,-0.0,-0.0,-0.0,-0.0,-0.0,-0.0,-10.203292846679688,-1.1373684406280518,-778.0131225585938,-257899.9375,73169.1640625,3389.77197265625,-0.0,-0.0,-0.0,-0.0,-0.0,-0.0,-0.0,-0.0,-0.0,-0.0,-0.0,-0.0,0.00640869140625,0.00576019287109375,0.00949859619140625,0.0101470947265625,0.0095367431640625,0.0110626220703125,0.00682830810546875,0.0154876708984375,0.00560760498046875,0.01041412353515625,0.01560211181640625,0.00873565673828125,0.01178741455078125,0.00751495361328125,0.00316619873046875,0.0193023681640625,-0.039520263671875,0.12054443359375,0.1605224609375,0.084991455078125,0.081329345703125,0.085296630859375,0.095672607421875,0.125885009765625,0.150909423828125,0.164794921875,0.160980224609375,0.11993408203125,0.652923583984375,-0.02655029296875,-0.03692626953125,0.362548828125,6.803847789764404
206,0.3580000000000001,-0.0,-0.0,-0.0,-0.0,-0.0,-0.0,-12.020662307739258,-0.9699738621711731,-774.6551513671875,-256889.53125,74104.5703125,3873.0419921875,-0.0,-0.0,-0.0,-0.0,-0.0,-0.0,-0.0,-0.0,-0.0,-0.0,-0.0,-0.0,0.00751495361328125,0.00530242919921875,0.00995635986328125,0.01285552978515625,0.01026153564453125,0.01255035400390625,0.0092315673828125,0.019989013671875,0.00629425048828125,0.0086212158203125,0.0263214111328125,0.00865936279296875,0.02376556396484375,0.00762939453125,0.00286102294921875,0.02147674560546875,0.1690673828125,0.076904296875,0.042877197265625,0.09735107421875,0.098419189453125,0.10009765625,0.10772705078125,0.111541748046875,0.05584716796875,-0.006866455078125,0.084991455078125,0.072479248046875,0.662384033203125,1.50970458984375,-0.0640869140625,2.348480224609375,2.2305827140808105
207,0.3585000000000001,-0.0,-0.0,-0.0,-0.0,-0.0,-0.0,-13.682357788085938,-1.2604875564575195,-772.2733154296875,-256265.296875,74889.796875,4256.69921875,-0.0,-0.0,-0.0,-0.0,-0.0,-0.0,-0.0,-0.0,-0.0,-0.0,-0.0,-0.0,-0.0045013427734375,-0.00667572021484375,-0.0070953369140625,-0.0092315673828125,-0.007171630859375,-0.01010894775390625,-0.0051116943359375,-0.01293182373046875,-0.00659942626953125,-0.00881195068359375,-0.01644134521484375,-0.0072479248046875,-0.01171112060546875,-0.0067138671875,-0.00263214111328125,-0.01873016357421875,0.1177978515625,-0.13885498046875,0.17608642578125,0.118560791015625,0.1007080078125,0.108184814453125,0.1171875,0.0994873046875,0.09490966796875,0.042572021484375,0.06439208984375,0.0128173828125,-0.37445068359375,0.27252197265625,0.14801025390625,-0.11871337890625,-1.732913613319397
208,0.3590000000000001,-0.0,-0.0,-0.0,-0.0,-0.0,-0.0,-14.597450256347656,-1.1356520652770996,-771.9721069335938,-255840.8125,75784.6953125,4546.06787109375,-0.0,-0.0,-0.0,-0.0,-0.0,-0.0,-0.0,-0.0,-0.0,-0.0,-0.0,-0.0,-0.00667572021484375,-0.0049591064453125,-0.00934600830078125,-0.01247406005859375,-0.0102996826171875,-0.012359619140625,-0.0091552734375,-0.0211334228515625,-0.00499725341796875,-0.0096893310546875,-0.0295257568359375,-0.0096893310546875,-0.0191497802734375,-0.0061798095703125,-0.00377655029296875,-0.02109527587890625,0.14495849609375,-0.0347900390625,0.083770751953125,0.04913330078125,0.093841552734375,0.110015869140625,0.03204345703125,0.03173828125,0.102386474609375,0.119781494140625,0.02960205078125,0.1068115234375,-0.391693115234375,-1.8463134765625,0.40924072265625,-1.82586669921875,-1.4280292987823486
209,0.3595000000000001,-0.0,-0.0,-0.0,-0.0,-0.0,-0.0,-15.367406845092773,-1.4162888526916504,-772.7965698242188,-256136.6875,76400.84375,4684.61669921875,-0.0,-0.0,-0.0,-0.0,-0.0,-0.0,-0.0,-0.0,-0.0,-0.0,-0.0,-0.0,0.006256103515625,0.0054168701171875,0.00823974609375,0.01087188720703125,0.00885009765625,0.00949859619140625,0.00736236572265625,0.0156402587890625,0.00598907470703125,0.0104522705078125,0.01552581787109375,0.00759124755859375,0.015716552734375,0.0075531005859375,0.0025177001953125,0.0205230712890625,0.18096923828125,0.2899169921875,0.023040771484375,0.103759765625,0.078582763671875,0.05767822265625,0.106658935546875,0.1116943359375,0.114898681640625,0.19439697265625,0.138702392578125,0.154571533203125,0.80291748046875,-0.38238525390625,-0.0897216796875,0.6793212890625,8.328269958496094
210,0.3600000000000001,-0.0,-0.0,-0.0,-0.0,-0.0,-0.0,-15.691474914550781,-1.388986587524414,-772.0513916015625,-256489.625,77111.96875,4626.16162109375,-0.0,-0.0,-0.0,-0.0,-0.0,-0.0,-0.0,-0.0,-0.0,-0.0,-0.0,-0.0,0.01087188720703125,0.00732421875,0.01071929931640625,0.01209259033203125,0.0099945068359375,0.01201629638671875,0.00659942626953125,0.02040863037109375,0.0049591064453125,0.010833740234375,0.0310516357421875,0.01102447509765625,0.020599365234375,0.0096893310546875,0.00568389892578125,0.02185821533203125,-0.23040771484375,0.22186279296875,0.101318359375,0.075531005859375,0.028228759765625,0.0787353515625,0.09796142578125,0.135345458984375,0.1080322265625,0.07904052734375,0.15411376953125,0.13702392578125,0.826263427734375,2.08709716796875,-0.0836181640625,1.820220947265625,5.584310531616211
211,0.3605000000000001,-0.0,-0.0,-0.0,-0.0,-0.0,-0.0,-15.409912109375,-1.8295788764953613,-772.8698120117188,-256719.171875,77851.1796875,4568.75244140625,-0.0,-0.0,-0.0,-0.0,-0.0,-0.0,-0.0,-0.0,-0.0,-0.0,-0.0,-0.0,-0.0080108642578125,-0.004425048828125,-0.00881195068359375,-0.00888824462890625,-0.00759124755859375,-0.0110626220703125,-0.0072479248046875,-0.016021728515625,-0.006103515625,-0.01190185546875,-0.01495361328125,-0.0084686279296875,-0.0138092041015625,-0.0072479248046875,-0.00457763671875,-0.0191497802734375,0.140533447265625,0.2044677734375,0.152587890625,0.096588134765625,0.118408203125,0.110931396484375,0.100250244140625,0.112762451171875,0.07354736328125,0.067291259765625,0.15411376953125,0.12451171875,-0.669708251953125,0.38055419921875,0.2532958984375,-0.540008544921875,2.2305827140808105
212,0.3610000000000001,-0.0,-0.0,-0.0,-0.0,-0.0,-0.0,-15.254997253417969,-2.3829002380371094,-773.2406616210938,-257275.75,78253.7109375,4180.48486328125,-0.0,-0.0,-0.0,-0.0,-0.0,-0.0,-0.0,-0.0,-0.0,-0.0,-0.0,-0.0,-0.00606536865234375,-0.00537872314453125,-0.00934600830078125,-0.01373291015625,-0.01155853271484375,-0.012054443359375,-0.00850677490234375,-0.01857757568359375,-0.004730224609375,-0.0084686279296875,-0.0266265869140625,-0.00766754150390625,-0.01800537109375,-0.008392333984375,-0.0029754638671875,-0.0220489501953125,0.14556884765625,0.11199951171875,0.11627197265625,0.118408203125,0.1751708984375,0.1239013671875,0.09796142578125,0.08575439453125,0.092010498046875,0.09307861328125,0.11505126953125,0.102386474609375,-0.712127685546875,-1.4739990234375,0.43792724609375,-1.5673828125,-4.171988487243652
213,0.3615000000000001,-0.0,-0.0,-0.0,-0.0,-0.0,-0.0,-14.767327308654785,-2.5521039962768555,-775.5831298828125,-257547.1875,78770.53125,4050.653564453125,-0.0,-0.0,-0.0,-0.0,-0.0,-0.0,-0.0,-0.0,-0.0,-0.0,-0.0,-0.0,0.00682830810546875,0.005340576171875,0.008392333984375,0.00926971435546875,0.0095367431640625,0.0106048583984375,0.00888824462890625,0.014801025390625,0.0041961669921875,0.01125335693359375,0.01415252685546875,0.00835418701171875,0.0150299072265625,0.009613037109375,0.00400543212890625,0.01979827880859375,0.1605224609375,0.0634765625,0.07171630859375,0.123748779296875,0.13153076171875,0.095977783203125,0.09124755859375,0.096588134765625,0.18646240234375,0.09368896484375,-0.005645751953125,0.01617431640625,0.470123291015625,-0.279541015625,-0.064697265625,0.6903076171875,6.803847789764404
214,0.3620000000000001,-0.0,-0.0,-0.0,-0.0,-0.0,-0.0,-14.330252647399902,-2.552171468734741,-775.772705078125,-257798.921875,79078.984375,3845.76318359375,-0.0,-0.0,-0.0,-0.0,-0.0,-0.0,-0.0,-0.0,-0.0,-0.0,-0.0,-0.0,0.00667572021484375,0.00637054443359375,0.009613037109375,0.013427734375,0.00804901123046875,0.0112152099609375,0.009613037109375,0.02109527587890625,0.00659942626953125,0.01071929931640625,0.02841949462890625,0.01018524169921875,0.0173187255859375,0.0090789794921875,0.001983642578125,0.0215911865234375,0.24993896484375,-0.088958740234375,0.05645751953125,0.106201171875,-0.018310546875,0.11810302734375,0.10833740234375,0.094451904296875,0.0323486328125,0.057220458984375,0.0390625,0.058135986328125,0.82855224609375,1.7364501953125,-0.2349853515625,1.730804443359375,1.0110454559326172
215,0.3625000000000001,-0.0,-0.0,-0.0,-0.0,-0.0,-0.0,-13.974830627441406,-1.9042713642120361,-775.7120361328125,-257708.34375,79260.59375,3816.8564453125,-0.0,-0.0,-0.0,-0.0,-0.0,-0.0,-0.0,-0.0,-0.0,-0.0,-0.0,-0.0,-0.0072479248046875,-0.00614166259765625,-0.00881195068359375,-0.00957489013671875,-0.007171630859375,-0.00942230224609375,-0.00621795654296875,-0.0151824951171875,-0.0048065185546875,-0.01140594482421875,-0.0168609619140625,-0.008544921875,-0.01453399658203125,-0.0077056884765625,-0.00102996826171875,-0.01911163330078125,-0.0994873046875,0.217437744140625,0.05584716796875,0.1007080078125,0.129547119140625,0.092926025390625,0.1141357421875,0.1397705078125,0.204010009765625,0.203094482421875,0.143585205078125,0.133514404296875,-0.244598388671875,0.159912109375,0.2337646484375,-0.633697509765625,7.108732223510742
216,0.3630000000000001,-0.0,-0.0,-0.0,-0.0,-0.0,-0.0,-14.038535118103027,-1.3853917121887207,-773.9765625,-257149.4375,79341.2578125,3822.436279296875,-0.0,-0.0,-0.0,-0.0,-0.0,-0.0,-0.0,-0.0,-0.0,-0.0,-0.0,-0.0,-0.00530242919921875,-0.00705718994140625,-0.0087738037109375,-0.01220703125,-0.008087158203125,-0.0146484375,-0.00885009765625,-0.02033233642578125,-0.00530242919921875,-0.01064300537109375,-0.027618408203125,-0.0104522705078125,-0.01750946044921875,-0.0063323974609375,-0.0038909912109375,-0.020294189453125,-0.043182373046875,0.18280029296875,0.1129150390625,0.10711669921875,-0.1739501953125,0.074615478515625,0.10406494140625,0.1220703125,-0.06500244140625,-0.05279541015625,0.144500732421875,0.139312744140625,-0.506591796875,-1.49688720703125,0.423583984375,-1.5185546875,-0.8182606101036072
217,0.3635000000000001,-0.0,-0.0,-0.0,-0.0,-0.0,-0.0,-14.014091491699219,-0.3808757960796356,-772.7576904296875,-256318.9375,79132.9609375,3770.05712890625,-0.0,-0.0,-0.0,-0.0,-0.0,-0.0,-0.0,-0.0,-0.0,-0.0,-0.0,-0.0,0.00576019287109375,0.00732421875,0.00762939453125,0.0109100341796875,0.00881195068359375,0.00888824462890625,0.00823974609375,0.0142669677734375,0.00537872314453125,0.01064300537109375,0.01850128173828125,0.0083160400390625,0.0140380859375,0.0084686279296875,0.00091552734375,0.01995086669921875,0.1031494140625,0.097198486328125,0.1190185546875,0.07720947265625,0.447845458984375,0.08209228515625,0.09674072265625,0.092010498046875,0.032958984375,0.121917724609375,0.11566162109375,0.111236572265625,0.777130126953125,0.1519775390625,-0.233154296875,0.4058837890625,11.07222843170166
218,0.3640000000000001,-0.0,-0.0,-0.0,-0.0,-0.0,-0.0,-14.378510475158691,0.40553879737854004,-769.3539428710938,-255224.078125,79408.546875,3954.152587890625,-0.0,-0.0,-0.0,-0.0,-0.0,-0.0,-0.0,-0.0,-0.0,-0.0,-0.0,-0.0,0.0063323974609375,0.008392333984375,0.01110076904296875,0.0145721435546875,0.0087738037109375,0.01163482666015625,0.00904083251953125,0.01781463623046875,0.0043487548828125,0.009002685546875,0.02685546875,0.01018524169921875,0.0162506103515625,0.011138916015625,0.0055694580078125,0.023651123046875,0.182647705078125,0.07049560546875,0.139312744140625,0.09429931640625,0.06317138671875,0.111236572265625,0.094757080078125,0.081329345703125,0.12176513671875,0.08819580078125,0.0592041015625,0.085601806640625,0.721435546875,1.67694091796875,-0.0994873046875,1.59698486328125,3.145235776901245
219,0.3645000000000001,-0.0,-0.0,-0.0,-0.0,-0.0,-0.0,-14.573585510253906,1.3275102376937866,-766.9790649414062,-253733.6875,79249.984375,4043.21533203125,-0.0,-0.0,-0.0,-0.0,-0.0,-0.0,-0.0,-0.0,-0.0,-0.0,-0.0,-0.0,-0.0054931640625,-0.00858306884765625,-0.00873565673828125,-0.00926971435546875,-0.00812530517578125,-0.00843048095703125,-0.0069427490234375,-0.0148773193359375,-0.00606536865234375,-0.01064300537109375,-0.0174713134765625,-0.0057220458984375,-0.0138092041015625,-0.00946044921875,7.62939453125e-05,-0.02044677734375,0.368499755859375,0.032196044921875,0.03814697265625,0.100250244140625,0.02532958984375,0.093841552734375,0.100860595703125,0.11871337890625,0.117340087890625,0.118255615234375,0.0531005859375,0.06805419921875,-0.42694091796875,0.19561767578125,0.5474853515625,-0.4473876953125,0.09639240801334381
220,0.3650000000000001,-0.0,-0.0,-0.0,-0.0,-0.0,-0.0,-14.338072776794434,3.0800271034240723,-762.99609375,-252333.53125,78977.3984375,4139.7587890625,-0.0,-0.0,-0.0,-0.0,-0.0,-0.0,-0.0,-0.0,-0.0,-0.0,-0.0,-0.0,-0.006256103515625,-0.0046539306640625,-0.0090789794921875,-0.011749267578125,-0.009613037109375,-0.01216888427734375,-0.0096893310546875,-0.0202178955078125,-0.0069427490234375,-0.0090789794921875,-0.028076171875,-0.00640869140625,-0.01567840576171875,-0.0089263916015625,-0.00072479248046875,-0.02201080322265625,-0.06591796875,0.13153076171875,0.070343017578125,0.092620849609375,0.123291015625,0.0836181640625,0.094146728515625,0.090484619140625,0.13641357421875,0.08026123046875,0.10589599609375,0.0726318359375,-0.470123291015625,-1.6009521484375,0.81878662109375,-1.491546630859375,-2.0377979278564453
221,0.3655000000000001,-0.0,-0.0,-0.0,-0.0,-0.0,-0.0,-13.92398452758789,3.854022741317749,-760.8484497070312,-250943.75,78856.2109375,4037.321044921875,-0.0,-0.0,-0.0,-0.0,-0.0,-0.0,-0.0,-0.0,-0.0,-0.0,-0.0,-0.0,0.0041961669921875,0.006103515625,0.00751495361328125,0.011138916015625,0.00743865966796875,0.009307861328125,0.0078582763671875,0.01483917236328125,0.00621795654296875,0.00812530517578125,0.0159454345703125,0.00640869140625,0.013427734375,0.00823974609375,0.0037384033203125,0.01987457275390625,0.07232666015625,0.084075927734375,0.170440673828125,0.13580322265625,0.06805419921875,0.152130126953125,0.1116943359375,0.07049560546875,0.00762939453125,0.168914794921875,0.13427734375,0.063934326171875,0.49652099609375,-0.22552490234375,-0.30120849609375,0.299835205078125,8.328269958496094
222,0.3660000000000001,-0.0,-0.0,-0.0,-0.0,-0.0,-0.0,-13.852738380432129,5.080432891845703,-757.5159912109375,-249069.921875,78349.1484375,3832.33740234375,-0.0,-0.0,-0.0,-0.0,-0.0,-0.0,-0.0,-0.0,-0.0,-0.0,-0.0,-0.0,0.0067901611328125,0.00797271728515625,0.0107574462890625,0.01361846923828125,0.0079345703125,0.0106048583984375,0.00782012939453125,0.01873016357421875,0.00682830810546875,0.01163482666015625,0.0295257568359375,0.01087188720703125,0.02086639404296875,0.00919342041015625,0.00255584716796875,0.02376556396484375,0.13641357421875,0.033721923828125,0.091094970703125,0.113677978515625,0.093994140625,0.12420654296875,0.11993408203125,0.166473388671875,-0.028228759765625,0.133514404296875,0.1019287109375,0.1068115234375,0.77423095703125,1.81060791015625,-0.234375,1.86065673828125,3.145235776901245
223,0.3665000000000001,-0.0,-0.0,-0.0,-0.0,-0.0,-0.0,-13.310920715332031,5.58327054977417,-754.1126098632812,-248014.4375,78067.2109375,3832.48193359375,-0.0,-0.0,-0.0,-0.0,-0.0,-0.0,-0.0,-0.0,-0.0,-0.0,-0.0,-0.0,-0.006866455078125,-0.00415802001953125,-0.01003265380859375,-0.00972747802734375,-0.0078582763671875,-0.01018524169921875,-0.00766754150390625,-0.0157928466796875,-0.00438690185546875,-0.01087188720703125,-0.01495361328125,-0.00904083251953125,-0.01293182373046875,-0.00701904296875,-0.00469207763671875,-0.01880645751953125,0.084075927734375,0.218353271484375,0.066070556640625,0.072174072265625,0.08392333984375,0.05462646484375,0.095367431640625,0.13275146484375,0.1025390625,0.08819580078125,0.09429931640625,0.102996826171875,-0.32440185546875,0.47607421875,0.184326171875,-0.377655029296875,3.450119972229004
224,0.3670000000000001,-0.0,-0.0,-0.0,-0.0,-0.0,-0.0,-12.686827659606934,5.818869590759277,-750.5586547851562,-246986.96875,77734.828125,3861.631591796875,-0.0,-0.0,-0.0,-0.0,-0.0,-0.0,-0.0,-0.0,-0.0,-0.0,-0.0,-0.0,-0.0061798095703125,-0.00652313232421875,-0.008087158203125,-0.01171112060546875,-0.0089263916015625,-0.01132965087890625,-0.00980377197265625,-0.02048492431640625,-0.00621795654296875,-0.00946044921875,-0.0269317626953125,-0.01087188720703125,-0.02048492431640625,-0.00942230224609375,-0.00179290771484375,-0.0225067138671875,0.196380615234375,0.03082275390625,0.0787353515625,0.067138671875,0.086669921875,0.059967041015625,0.0860595703125,0.06591796875,0.11810302734375,0.06378173828125,0.0811767578125,0.09796142578125,-0.582275390625,-1.2945556640625,0.40679931640625,-1.629791259765625,0.40127673745155334
225,0.3675000000000001,-0.0,-0.0,-0.0,-0.0,-0.0,-0.0,-12.13262939453125,4.997574329376221,-751.7940673828125,-246443.40625,77255.453125,3697.753662109375,-0.0,-0.0,-0.0,-0.0,-0.0,-0.0,-0.0,-0.0,-0.0,-0.0,-0.0,-0.0,0.00576019287109375,0.00713348388671875,0.00904083251953125,0.0099945068359375,0.00911712646484375,0.0096893310546875,0.0084686279296875,0.0144195556640625,0.00690460205078125,0.009613037109375,0.0144195556640625,0.0061798095703125,0.01331329345703125,0.0089263916015625,0.00041961669921875,0.0206756591796875,0.041656494140625,0.07476806640625,0.0982666015625,0.09796142578125,0.111236572265625,0.09796142578125,0.103912353515625,0.08880615234375,0.151824951171875,0.1849365234375,0.09063720703125,0.08941650390625,0.43487548828125,-0.504150390625,-0.3729248046875,0.574188232421875,8.023386001586914
226,0.3680000000000001,-0.0,-0.0,-0.0,-0.0,-0.0,-0.0,-11.208772659301758,4.609097480773926,-749.8787841796875,-246005.703125,77324.796875,3473.949951171875,-0.0,-0.0,-0.0,-0.0,-0.0,-0.0,-0.0,-0.0,-0.0,-0.0,-0.0,-0.0,0.00957489013671875,0.0069427490234375,0.00972747802734375,0.01373291015625,0.00957489013671875,0.0124359130859375,0.0046539306640625,0.0203704833984375,0.0040435791015625,0.00949859619140625,0.02849578857421875,0.0115966796875,0.02044677734375,0.00705718994140625,0.00545501708984375,0.02384185791015625,0.11138916015625,-0.070953369140625,0.129547119140625,0.104217529296875,0.08087158203125,0.1190185546875,0.07232666015625,0.084686279296875,0.12359619140625,-0.035400390625,0.1708984375,0.095062255859375,0.814666748046875,1.6314697265625,-0.2557373046875,1.818695068359375,4.05988883972168
227,0.3685000000000001,-0.0,-0.0,-0.0,-0.0,-0.0,-0.0,-11.197154998779297,3.4186112880706787,-749.7546997070312,-246234.03125,77594.890625,3272.207275390625,-0.0,-0.0,-0.0,-0.0,-0.0,-0.0,-0.0,-0.0,-0.0,-0.0,-0.0,-0.0,-0.0067138671875,-0.004425048828125,-0.0077056884765625,-0.00926971435546875,-0.0079345703125,-0.01117706298828125,-0.0055694580078125,-0.014495849609375,-0.0048828125,-0.01003265380859375,-0.0138092041015625,-0.00537872314453125,-0.012664794921875,-0.0081634521484375,-0.00095367431640625,-0.01865386962890625,-0.006256103515625,0.20599365234375,0.07476806640625,0.1068115234375,0.1171875,0.11138916015625,0.10345458984375,0.1025390625,0.073699951171875,0.214691162109375,0.098419189453125,0.1214599609375,-0.468292236328125,0.4595947265625,0.6024169921875,-0.29083251953125,1.9256983995437622
228,0.3690000000000001,-0.0,-0.0,-0.0,-0.0,-0.0,-0.0,-10.788858413696289,2.458462953567505,-749.572998046875,-246743.5,77968.3046875,3035.50048828125,-0.0,-0.0,-0.0,-0.0,-0.0,-0.0,-0.0,-0.0,-0.0,-0.0,-0.0,-0.0,-0.0074005126953125,-0.00812530517578125,-0.01094818115234375,-0.0127410888671875,-0.0096893310546875,-0.01224517822265625,-0.007781982421875,-0.01865386962890625,-0.00446319580078125,-0.01068115234375,-0.0270843505859375,-0.01140594482421875,-0.01918792724609375,-0.00812530517578125,-0.0054931640625,-0.02231597900390625,0.00335693359375,0.32958984375,0.096588134765625,0.100250244140625,-0.029754638671875,0.107269287109375,0.077667236328125,0.07476806640625,0.12451171875,0.34912109375,0.068511962890625,0.10772705078125,-0.83465576171875,-1.72454833984375,0.39459228515625,-1.905059814453125,0.09639240801334381
229,0.3695000000000001,-0.0,-0.0,-0.0,-0.0,-0.0,-0.0,-10.66834831237793,1.0488163232803345,-751.4847412109375,-247340.296875,77776.765625,2967.295166015625,-0.0,-0.0,-0.0,-0.0,-0.0,-0.0,-0.0,-0.0,-0.0,-0.0,-0.0,-0.0,0.00698089599609375,0.00568389892578125,0.0081634521484375,0.01071929931640625,0.00888824462890625,0.01007080078125,0.0055694580078125,0.0144195556640625,0.00457763671875,0.011749267578125,0.013885498046875,0.0064849853515625,0.01453399658203125,0.00820159912109375,0.00278472900390625,0.0193023681640625,-0.02105712890625,0.011138916015625,0.12542724609375,0.106964111328125,0.195159912109375,0.08392333984375,0.1190185546875,0.11932373046875,0.068817138671875,-0.102386474609375,0.09735107421875,0.104522705078125,0.6500244140625,-0.58197021484375,-0.26702880859375,0.468292236328125,8.328269958496094
230,0.3700000000000001,-0.0,-0.0,-0.0,-0.0,-0.0,-0.0,-10.825934410095215,-0.06804150342941284,-752.64697265625,-248211.390625,78675.609375,3083.371337890625,-0.0,-0.0,-0.0,-0.0,-0.0,-0.0,-0.0,-0.0,-0.0,-0.0,-0.0,-0.0,0.0063323974609375,0.0074005126953125,0.00774383544921875,0.0136566162109375,0.0086212158203125,0.0131988525390625,0.01087188720703125,0.0203704833984375,0.00644683837890625,0.00980377197265625,0.0299072265625,0.0136566162109375,0.02166748046875,0.00850677490234375,0.0031280517578125,0.02170562744140625,0.368194580078125,0.027618408203125,0.06866455078125,0.0933837890625,0.14678955078125,0.085296630859375,0.113372802734375,0.13427734375,0.02716064453125,0.062713623046875,0.073394775390625,0.102996826171875,0.906524658203125,1.8597412109375,0.08026123046875,1.992950439453125,7.413616180419922
231,0.3705000000000001,-0.0,-0.0,-0.0,-0.0,-0.0,-0.0,-11.298349380493164,-0.8599468469619751,-755.6348876953125,-249502.890625,79051.8203125,3075.777099609375,-0.0,-0.0,-0.0,-0.0,-0.0,-0.0,-0.0,-0.0,-0.0,-0.0,-0.0,-0.0,-0.0051116943359375,-0.0060272216796875,-0.00736236572265625,-0.00957489013671875,-0.0079345703125,-0.0101470947265625,-0.00720977783203125,-0.01453399658203125,-0.0045013427734375,-0.0093841552734375,-0.0107574462890625,-0.00823974609375,-0.01277923583984375,-0.00904083251953125,-0.0017547607421875,-0.01888275146484375,0.1043701171875,0.066070556640625,0.062103271484375,0.10040283203125,0.012054443359375,0.102081298828125,0.097808837890625,0.0823974609375,0.08819580078125,0.12969970703125,0.12847900390625,0.084991455078125,-0.166778564453125,0.751953125,0.308837890625,-0.178070068359375,0.40127673745155334
232,0.3710000000000001,-0.0,-0.0,-0.0,-0.0,-0.0,-0.0,-11.57077407836914,-1.4620798826217651,-758.3638916015625,-249856.53125,79703.078125,3219.868408203125,-0.0,-0.0,-0.0,-0.0,-0.0,-0.0,-0.0,-0.0,-0.0,-0.0,-0.0,-0.0,-0.00553131103515625,-0.00492095947265625,-0.00946044921875,-0.013427734375,-0.0087738037109375,-0.01216888427734375,-0.00904083251953125,-0.0191497802734375,-0.00820159912109375,-0.011749267578125,-0.02758026123046875,-0.009918212890625,-0.02002716064453125,-0.00789642333984375,-0.00156402587890625,-0.0225830078125,-0.1763916015625,0.032501220703125,0.122833251953125,0.087127685546875,0.16571044921875,0.09368896484375,0.09918212890625,0.0933837890625,0.173797607421875,0.166015625,0.11871337890625,0.102996826171875,-0.825958251953125,-1.6351318359375,0.2655029296875,-1.800689697265625,-1.1231448650360107
233,0.3715000000000001,-0.0,-0.0,-0.0,-0.0,-0.0,-0.0,-12.07917308807373,-1.4437730312347412,-757.1998901367188,-250342.640625,80028.5390625,3297.429931640625,-0.0,-0.0,-0.0,-0.0,-0.0,-0.0,-0.0,-0.0,-0.0,-0.0,-0.0,-0.0,0.0055694580078125,0.0041961669921875,0.00904083251953125,0.0095367431640625,0.01041412353515625,0.00934600830078125,0.006103515625,0.0146484375,0.00560760498046875,0.00823974609375,0.0153350830078125,0.00995635986328125,0.01201629638671875,0.009613037109375,0.00141143798828125,0.0189208984375,0.04547119140625,0.052032470703125,0.133056640625,0.0994873046875,0.13458251953125,0.110015869140625,0.09796142578125,0.0994873046875,0.068817138671875,-0.15899658203125,0.1129150390625,0.093231201171875,0.385284423828125,-0.16998291015625,-0.11688232421875,0.38116455078125,7.108732223510742
234,0.3720000000000001,-0.0,-0.0,-0.0,-0.0,-0.0,-0.0,-12.962407112121582,-1.1318365335464478,-756.7242431640625,-250121.421875,79937.984375,3482.118408203125,-0.0,-0.0,-0.0,-0.0,-0.0,-0.0,-0.0,-0.0,-0.0,-0.0,-0.0,-0.0,0.0081634521484375,0.007171630859375,0.00965118408203125,0.01308441162109375,0.0081634521484375,0.01331329345703125,0.00823974609375,0.01995086669921875,0.0075531005859375,0.01384735107421875,0.0287628173828125,0.0110626220703125,0.0243377685546875,0.0086212158203125,0.002899169921875,0.02254486083984375,0.382843017578125,0.05401611328125,0.101470947265625,0.11627197265625,0.09857177734375,0.109710693359375,0.103912353515625,0.114288330078125,0.06378173828125,0.10711669921875,0.032196044921875,0.06072998046875,1.049041748046875,1.80908203125,-0.1416015625,2.29217529296875,4.364773273468018
235,0.3725000000000001,-0.0,-0.0,-0.0,-0.0,-0.0,-0.0,-14.13043212890625,-0.8291690349578857,-758.7052001953125,-249667.578125,80183.1875,3989.960205078125,-0.0,-0.0,-0.0,-0.0,-0.0,-0.0,-0.0,-0.0,-0.0,-0.0,-0.0,-0.0,-0.0079345703125,-0.004425048828125,-0.00965118408203125,-0.01068115234375,-0.00804901123046875,-0.0107574462890625,-0.006256103515625,-0.0157928466796875,-0.0035858154296875,-0.01140594482421875,-0.01537322998046875,-0.0098419189453125,-0.01667022705078125,-0.0072479248046875,-0.003509521484375,-0.01804351806640625,0.186920166015625,0.039215087890625,0.05218505859375,0.109100341796875,0.078582763671875,0.094146728515625,0.096588134765625,0.04791259765625,0.084991455078125,0.094757080078125,0.092926025390625,0.058441162109375,-0.377197265625,0.1953125,0.384521484375,-0.751953125,1.6208140850067139
236,0.3730000000000001,-0.0,-0.0,-0.0,-0.0,-0.0,-0.0,-13.862494468688965,-0.4804864525794983,-753.7935791015625,-249795.1875,80210.1796875,3959.648193359375,-0.0,-0.0,-0.0,-0.0,-0.0,-0.0,-0.0,-0.0,-0.0,-0.0,-0.0,-0.0,-0.00789642333984375,-0.00751495361328125,-0.0089263916015625,-0.01255035400390625,-0.00888824462890625,-0.0110626220703125,-0.0069427490234375,-0.01781463623046875,-0.00530242919921875,-0.01064300537109375,-0.02735137939453125,-0.0115203857421875,-0.0215911865234375,-0.00850677490234375,-0.0041961669921875,-0.0232696533203125,-0.12298583984375,0.194244384765625,0.084228515625,0.102691650390625,0.084686279296875,0.112457275390625,0.105743408203125,0.135955810546875,0.126495361328125,0.145416259765625,0.19012451171875,0.12298583984375,-0.735931396484375,-1.56402587890625,0.5438232421875,-1.85455322265625,-2.342682361602783
237,0.3735000000000001,-0.0,-0.0,-0.0,-0.0,-0.0,-0.0,-13.731188774108887,-0.7202664017677307,-754.8680419921875,-249690.78125,79929.328125,3677.197021484375,-0.0,-0.0,-0.0,-0.0,-0.0,-0.0,-0.0,-0.0,-0.0,-0.0,-0.0,-0.0,0.005950927734375,0.00591278076171875,0.0080108642578125,0.01148223876953125,0.00720977783203125,0.0128173828125,0.0069427490234375,0.01483917236328125,0.00469207763671875,0.0110626220703125,0.0152587890625,0.0061798095703125,0.0188446044921875,0.0070953369140625,0.006103515625,0.0188446044921875,0.002593994140625,0.2764892578125,0.105743408203125,0.06927490234375,0.088348388671875,0.094757080078125,0.11444091796875,0.06805419921875,0.1171875,0.124053955078125,0.09033203125,0.121917724609375,0.698089599609375,-0.15380859375,-0.0946044921875,1.01104736328125,10.4624605178833
238,0.3740000000000001,-0.0,-0.0,-0.0,-0.0,-0.0,-0.0,-12.760515213012695,-0.7164523005485535,-753.5637817382812,-249532.671875,79767.6171875,3404.800048828125,-0.0,-0.0,-0.0,-0.0,-0.0,-0.0,-0.0,-0.0,-0.0,-0.0,-0.0,-0.0,0.00762939453125,0.0086212158203125,0.01132965087890625,0.01354217529296875,0.00995635986328125,0.0122833251953125,0.0087738037109375,0.019378662109375,0.0066375732421875,0.00827789306640625,0.028533935546875,0.00823974609375,0.01674652099609375,0.00965118408203125,0.00396728515625,0.02422332763671875,0.10833740234375,0.12115478515625,0.121612548828125,0.088043212890625,0.0921630859375,0.089111328125,0.02349853515625,0.03631591796875,0.17333984375,0.1422119140625,0.073394775390625,0.128173828125,0.6781005859375,1.954345703125,-0.325927734375,1.749725341796875,1.0110454559326172
239,0.3745000000000001,-0.0,-0.0,-0.0,-0.0,-0.0,-0.0,-12.551065444946289,-0.9284282922744751,-751.3356323242188,-249185.234375,79522.2421875,3393.412109375,-0.0,-0.0,-0.0,-0.0,-0.0,-0.0,-0.0,-0.0,-0.0,-0.0,-0.0,-0.0,-0.0048828125,-0.005645751953125,-0.00782012939453125,-0.00934600830078125,-0.00843048095703125,-0.00888824462890625,-0.00797271728515625,-0.0138092041015625,-0.00934600830078125,-0.00885009765625,-0.01552581787109375,-0.0075531005859375,-0.0145721435546875,-0.00762939453125,-0.00152587890625,-0.01983642578125,0.14556884765625,0.09368896484375,0.1129150390625,0.11932373046875,0.06805419921875,0.089111328125,0.114898681640625,0.098724365234375,0.116729736328125,0.202484130859375,0.063018798828125,0.05828857421875,-0.127410888671875,0.2984619140625,0.17120361328125,-0.486602783203125,-2.95245099067688
240,0.3750000000000001,-0.0,-0.0,-0.0,-0.0,-0.0,-0.0,-12.547961235046387,-0.3228795528411865,-752.3831787109375,-248993.3125,79557.96875,3345.56494140625,-0.0,-0.0,-0.0,-0.0,-0.0,-0.0,-0.0,-0.0,-0.0,-0.0,-0.0,-0.0,-0.0075531005859375,-0.00553131103515625,-0.00957489013671875,-0.0113677978515625,-0.0075531005859375,-0.012054443359375,-0.00827789306640625,-0.0196075439453125,-0.0061798095703125,-0.0115203857421875,-0.0274658203125,-0.0102996826171875,-0.02071380615234375,-0.007476806640625,-0.00316619873046875,-0.0229644775390625,0.5584716796875,-0.20477294921875,0.07659912109375,0.116424560546875,0.107269287109375,0.10162353515625,0.10650634765625,0.113067626953125,0.084381103515625,0.005035400390625,0.072021484375,0.082550048828125,-0.596466064453125,-1.38519287109375,0.36041259765625,-1.827545166015625,0.40127673745155334
241,0.3755000000000001,-0.0,-0.0,-0.0,-0.0,-0.0,-0.0,-12.695796966552734,-0.44290637969970703,-750.5182495117188,-249232.6875,79354.9140625,3326.35546875,-0.0,-0.0,-0.0,-0.0,-0.0,-0.0,-0.0,-0.0,-0.0,-0.0,-0.0,-0.0,0.0043487548828125,0.00736236572265625,0.00644683837890625,0.01163482666015625,0.0075531005859375,0.01068115234375,0.0072479248046875,0.01392364501953125,0.00560760498046875,0.00957489013671875,0.01495361328125,0.00659942626953125,0.018768310546875,0.00743865966796875,0.00431060791015625,0.01922607421875,-0.153656005859375,0.177001953125,-0.015716552734375,0.107574462890625,0.1043701171875,0.06591796875,0.10345458984375,0.0665283203125,0.079193115234375,0.048980712890625,0.063018798828125,0.07904052734375,0.86273193359375,-0.34515380859375,0.0750732421875,0.849151611328125,8.328269958496094
242,0.3760000000000001,-0.0,-0.0,-0.0,-0.0,-0.0,-0.0,-11.83190631866455,-0.6875231266021729,-749.4478759765625,-249694.328125,78738.6796875,2995.9326171875,-0.0,-0.0,-0.0,-0.0,-0.0,-0.0,-0.0,-0.0,-0.0,-0.0,-0.0,-0.0,0.00701904296875,0.00934600830078125,0.01064300537109375,0.01399993896484375,0.010528564453125,0.01216888427734375,0.00957489013671875,0.01911163330078125,0.007476806640625,0.009002685546875,0.0273895263671875,0.0078582763671875,0.0186920166015625,0.0099945068359375,0.00308990478515625,0.02399444580078125,-0.1806640625,0.250244140625,0.152435302734375,0.113067626953125,0.086822509765625,0.1153564453125,0.112152099609375,0.16937255859375,0.03326416015625,0.08056640625,0.1654052734375,0.098724365234375,1.024627685546875,1.669921875,-0.32928466796875,1.625518798828125,-2.342682361602783
243,0.3765000000000001,-0.0,-0.0,-0.0,-0.0,-0.0,-0.0,-10.169998168945312,-2.078169584274292,-750.8513793945312,-249299.203125,78226.796875,2486.4267578125,-0.0,-0.0,-0.0,-0.0,-0.0,-0.0,-0.0,-0.0,-0.0,-0.0,-0.0,-0.0,-0.00675201416015625,-0.00621795654296875,-0.00713348388671875,-0.01049041748046875,-0.006866455078125,-0.01239776611328125,-0.0058746337890625,-0.0151824951171875,-0.00347137451171875,-0.0146484375,-0.01491546630859375,-0.00675201416015625,-0.01514434814453125,-0.0072479248046875,-0.0051116943359375,-0.01689910888671875,0.000762939453125,0.24200439453125,0.135498046875,0.099029541015625,0.09002685546875,0.11962890625,0.104522705078125,0.141754150390625,0.115509033203125,0.125579833984375,0.1287841796875,0.169830322265625,-0.854949951171875,0.17669677734375,0.3515625,-0.408477783203125,0.09639240801334381
244,0.3770000000000001,-0.0,-0.0,-0.0,-0.0,-0.0,-0.0,-8.860188484191895,-2.912980318069458,-751.7039184570312,-249479.0,77814.734375,1998.28369140625,-0.0,-0.0,-0.0,-0.0,-0.0,-0.0,-0.0,-0.0,-0.0,-0.0,-0.0,-0.0,-0.0074005126953125,-0.0067901611328125,-0.0093841552734375,-0.0115203857421875,-0.006561279296875,-0.01255035400390625,-0.0064849853515625,-0.0194549560546875,-0.00385284423828125,-0.01102447509765625,-0.02742767333984375,-0.00797271728515625,-0.01983642578125,-0.00885009765625,-0.003814697265625,-0.0201416015625,0.15838623046875,0.08544921875,0.1007080078125,0.07781982421875,0.150909423828125,0.10284423828125,0.096435546875,0.175018310546875,0.1324462890625,0.122833251953125,0.08819580078125,0.15289306640625,-0.815582275390625,-1.20697021484375,0.4815673828125,-1.454315185546875,-2.342682361602783
245,0.3775000000000001,-0.0,-0.0,-0.0,-0.0,-0.0,-0.0,-7.0724310874938965,-3.6846730709075928,-750.0413208007812,-249387.109375,77367.109375,1333.9638671875,-0.0,-0.0,-0.0,-0.0,-0.0,-0.0,-0.0,-0.0,-0.0,-0.0,-0.0,-0.0,0.007476806640625,0.00499725341796875,0.0083160400390625,0.0112152099609375,0.00598907470703125,0.01163482666015625,0.0054931640625,0.01537322998046875,0.00362396240234375,0.01373291015625,0.01819610595703125,0.00583648681640625,0.01617431640625,0.005340576171875,0.00244140625,0.018310546875,0.22430419921875,0.0579833984375,0.09979248046875,0.085601806640625,0.07568359375,0.091552734375,0.095977783203125,-0.021820068359375,-0.00701904296875,0.068817138671875,0.080718994140625,0.05126953125,0.8740234375,-0.03875732421875,-0.16876220703125,0.51239013671875,7.413616180419922
246,0.3780000000000001,-0.0,-0.0,-0.0,-0.0,-0.0,-0.0,-6.426452159881592,-3.686251640319824,-751.7740478515625,-249562.84375,76994.5390625,1139.59716796875,-0.0,-0.0,-0.0,-0.0,-0.0,-0.0,-0.0,-0.0,-0.0,-0.0,-0.0,-0.0,0.0086212158203125,0.007476806640625,0.010986328125,0.01117706298828125,0.0086212158203125,0.01255035400390625,0.00949859619140625,0.0214385986328125,0.00701904296875,0.0110626220703125,0.02735137939453125,0.01163482666015625,0.01834869384765625,0.00743865966796875,0.00301361083984375,0.02216339111328125,0.312957763671875,0.05523681640625,0.090789794921875,0.124359130859375,0.079193115234375,0.11871337890625,0.084686279296875,0.054931640625,0.087432861328125,0.17364501953125,0.043487548828125,0.057220458984375,0.90789794921875,1.55029296875,-0.13092041015625,1.602325439453125,3.145235776901245
247,0.3785000000000001,-0.0,-0.0,-0.0,-0.0,-0.0,-0.0,-6.689372539520264,-3.8915560245513916,-752.51806640625,-249488.15625,76472.984375,1226.6817626953125,-0.0,-0.0,-0.0,-0.0,-0.0,-0.0,-0.0,-0.0,-0.0,-0.0,-0.0,-0.0,-0.0060272216796875,-0.004425048828125,-0.0080108642578125,-0.01049041748046875,-0.007476806640625,-0.009307861328125,-0.0061798095703125,-0.01270294189453125,-0.00492095947265625,-0.0089263916015625,-0.0152587890625,-0.00507354736328125,-0.01483917236328125,-0.00637054443359375,-0.0020599365234375,-0.01857757568359375,0.07659912109375,-0.0750732421875,0.061492919921875,0.102081298828125,0.101318359375,0.113372802734375,0.098114013671875,0.13824462890625,0.179290771484375,0.037384033203125,0.101165771484375,0.085601806640625,-0.325469970703125,0.39520263671875,0.836181640625,-0.493621826171875,1.9256983995437622
248,0.3790000000000001,-0.0,-0.0,-0.0,-0.0,-0.0,-0.0,-6.424344062805176,-3.7446632385253906,-750.521484375,-248659.40625,76092.9375,1061.550537109375,-0.0,-0.0,-0.0,-0.0,-0.0,-0.0,-0.0,-0.0,-0.0,-0.0,-0.0,-0.0,-0.00553131103515625,-0.00591278076171875,-0.0106048583984375,-0.0125885009765625,-0.0112152099609375,-0.01251220703125,-0.01186370849609375,-0.01941680908203125,-0.00640869140625,-0.01194000244140625,-0.025482177734375,-0.01049041748046875,-0.013427734375,-0.00823974609375,-0.00255584716796875,-0.0226593017578125,-0.422210693359375,0.25970458984375,0.08209228515625,0.07537841796875,0.08941650390625,0.047607421875,0.055694580078125,-0.0054931640625,0.166473388671875,-0.0457763671875,0.1470947265625,0.1055908203125,-0.73822021484375,-1.34002685546875,0.51788330078125,-1.332550048828125,-2.342682361602783
249,0.3795000000000001,-0.0,-0.0,-0.0,-0.0,-0.0,-0.0,-6.42217493057251,-4.0699615478515625,-745.3248291015625,-247337.046875,75637.796875,1011.2797241210938,-0.0,-0.0,-0.0,-0.0,-0.0,-0.0,-0.0,-0.0,-0.0,-0.0,-0.0,-0.0,0.0048828125,0.004425048828125,0.0086212158203125,0.0102996826171875,0.009307861328125,0.0091552734375,0.00904083251953125,0.0147247314453125,0.00499725341796875,0.0067138671875,0.0159454345703125,0.00614166259765625,0.01537322998046875,0.00823974609375,0.0038909912109375,0.0196075439453125,-0.022735595703125,0.086517333984375,0.14892578125,0.08209228515625,0.098419189453125,0.081939697265625,0.123138427734375,0.096588134765625,-0.0042724609375,0.23223876953125,0.136871337890625,0.1007080078125,0.194854736328125,-0.30181884765625,-0.33721923828125,0.4412841796875,8.328269958496094
250,0.3800000000000001,-0.0,-0.0,-0.0,-0.0,-0.0,-0.0,-6.304709434509277,-3.802647352218628,-741.5621337890625,-246070.75,75210.25,1021.9652709960938,-0.0,-0.0,-0.0,-0.0,-0.0,-0.0,-0.0,-0.0,-0.0,-0.0,-0.0,-0.0,0.0067138671875,0.00858306884765625,0.0107574462890625,0.01407623291015625,0.01041412353515625,0.0125885009765625,0.0093841552734375,0.01983642578125,0.0055694580078125,0.006561279296875,0.02674102783203125,0.00904083251953125,0.01804351806640625,0.0107574462890625,0.0041961669921875,0.0231170654296875,0.194854736328125,0.095672607421875,0.1116943359375,0.057373046875,0.113067626953125,0.101165771484375,0.046844482421875,0.074920654296875,0.104827880859375,0.192413330078125,0.102691650390625,0.07843017578125,0.201416015625,1.53350830078125,-0.238037109375,1.722259521484375,1.3159297704696655
251,0.3805000000000001,-0.0,-0.0,-0.0,-0.0,-0.0,-0.0,-7.018256664276123,-3.090217113494873,-738.3851318359375,-245123.40625,75400.8984375,1139.8704833984375,-0.0,-0.0,-0.0,-0.0,-0.0,-0.0,-0.0,-0.0,-0.0,-0.0,-0.0,-0.0,-0.0045013427734375,-0.00438690185546875,-0.00736236572265625,-0.00820159912109375,-0.00720977783203125,-0.01026153564453125,-0.00560760498046875,-0.01567840576171875,-0.00213623046875,-0.00972747802734375,-0.012664794921875,-0.005645751953125,-0.0125885009765625,-0.00797271728515625,-0.00438690185546875,-0.017547607421875,0.343017578125,0.050506591796875,0.1043701171875,0.1361083984375,0.087890625,0.1129150390625,0.14190673828125,0.120391845703125,0.13031005859375,0.184326171875,0.062408447265625,0.060272216796875,-0.381622314453125,0.48980712890625,0.440673828125,-0.19073486328125,-1.732913613319397
252,0.3810000000000001,-0.0,-0.0,-0.0,-0.0,-0.0,-0.0,-7.999420166015625,-2.8524889945983887,-736.9683837890625,-244305.21875,75027.921875,1305.8018798828125,-0.0,-0.0,-0.0,-0.0,-0.0,-0.0,-0.0,-0.0,-0.0,-0.0,-0.0,-0.0,-0.00392913818359375,-0.00728607177734375,-0.010223388671875,-0.014190673828125,-0.00946044921875,-0.0121307373046875,-0.00934600830078125,-0.02025604248046875,-0.00537872314453125,-0.00720977783203125,-0.02468109130859375,-0.0089263916015625,-0.0177764892578125,-0.00926971435546875,-0.0038909912109375,-0.0234222412109375,0.140533447265625,0.019073486328125,0.037689208984375,0.11627197265625,0.00885009765625,0.096435546875,0.119171142578125,0.0982666015625,0.196685791015625,0.17822265625,0.066375732421875,0.105438232421875,-0.426483154296875,-1.27716064453125,0.2960205078125,-1.649627685546875,-2.95245099067688
253,0.3815000000000001,-0.0,-0.0,-0.0,-0.0,-0.0,-0.0,-7.999265670776367,-3.0898256301879883,-734.3782348632812,-243593.984375,75301.03125,1403.1153564453125,-0.0,-0.0,-0.0,-0.0,-0.0,-0.0,-0.0,-0.0,-0.0,-0.0,-0.0,-0.0,0.00591278076171875,0.00583648681640625,0.00812530517578125,0.010833740234375,0.00888824462890625,0.00965118408203125,0.0070953369140625,0.0141143798828125,0.0037384033203125,0.0103759765625,0.01422882080078125,0.0061798095703125,0.01323699951171875,0.00926971435546875,0.00232696533203125,0.0201416015625,0.028533935546875,0.00274658203125,0.11077880859375,0.122222900390625,0.186767578125,0.127716064453125,0.09674072265625,0.13092041015625,-0.049285888671875,-0.263214111328125,0.09002685546875,0.112152099609375,0.53131103515625,-0.22064208984375,-0.45318603515625,0.658721923828125,12.901535034179688
254,0.3820000000000001,-0.0,-0.0,-0.0,-0.0,-0.0,-0.0,-8.14785385131836,-3.7733843326568604,-730.9644165039062,-242451.578125,74956.015625,1422.1436767578125,-0.0,-0.0,-0.0,-0.0,-0.0,-0.0,-0.0,-0.0,-0.0,-0.0,-0.0,-0.0,0.00942230224609375,0.0067138671875,0.01132965087890625,0.01285552978515625,0.00946044921875,0.0107574462890625,0.0091552734375,0.01972198486328125,0.0045013427734375,0.01155853271484375,0.0281524658203125,0.01171112060546875,0.01857757568359375,0.00995635986328125,0.00423431396484375,0.0226593017578125,0.00885009765625,0.295257568359375,0.08514404296875,0.099639892578125,0.088043212890625,0.091552734375,0.0927734375,0.109100341796875,0.05035400390625,0.08056640625,0.103302001953125,0.1123046875,0.940704345703125,1.6986083984375,-0.1666259765625,1.68121337890625,4.974541664123535
255,0.3825000000000001,-0.0,-0.0,-0.0,-0.0,-0.0,-0.0,-8.416459083557129,-4.188778877258301,-727.7880249023438,-241617.875,74545.3671875,1470.6348876953125,-0.0,-0.0,-0.0,-0.0,-0.0,-0.0,-0.0,-0.0,-0.0,-0.0,-0.0,-0.0,-0.00591278076171875,-0.00457763671875,-0.00865936279296875,-0.00881195068359375,-0.0070953369140625,-0.0101470947265625,-0.0055694580078125,-0.01560211181640625,-0.00377655029296875,-0.01255035400390625,-0.0159454345703125,-0.00568389892578125,-0.01220703125,-0.00560760498046875,-0.0038909912109375,-0.01834869384765625,0.041046142578125,0.0994873046875,0.118408203125,0.08026123046875,0.1226806640625,0.076446533203125,0.109100341796875,0.093994140625,0.08453369140625,0.06622314453125,0.11474609375,0.089263916015625,-0.400543212890625,0.16693115234375,0.5548095703125,-0.1910400390625,2.8403513431549072
256,0.3830000000000001,-0.0,-0.0,-0.0,-0.0,-0.0,-0.0,-7.969278812408447,-5.2002387046813965,-724.1381225585938,-240814.59375,74568.6328125,1391.70849609375,-0.0,-0.0,-0.0,-0.0,-0.0,-0.0,-0.0,-0.0,-0.0,-0.0,-0.0,-0.0,-0.0079345703125,-0.00713348388671875,-0.00873565673828125,-0.010833740234375,-0.0075531005859375,-0.0121307373046875,-0.00926971435546875,-0.02040863037109375,-0.00782012939453125,-0.01094818115234375,-0.02918243408203125,-0.008697509765625,-0.01964569091796875,-0.0081634521484375,-0.00213623046875,-0.022430419921875,0.117034912109375,0.0823974609375,0.098419189453125,0.084991455078125,0.146026611328125,0.102996826171875,0.120849609375,0.175018310546875,0.114288330078125,0.09552001953125,0.0885009765625,0.090789794921875,-0.787353515625,-1.62200927734375,0.545654296875,-1.63665771484375,1.6208140850067139
257,0.3835000000000001,-0.0,-0.0,-0.0,-0.0,-0.0,-0.0,-7.672887802124023,-6.0608673095703125,-724.3751220703125,-240202.796875,74428.546875,1234.5728759765625,-0.0,-0.0,-0.0,-0.0,-0.0,-0.0,-0.0,-0.0,-0.0,-0.0,-0.0,-0.0,0.00682830810546875,0.00614166259765625,0.0066375732421875,0.00946044921875,0.00637054443359375,0.0113677978515625,0.0064849853515625,0.01499176025390625,0.0054168701171875,0.01110076904296875,0.0148773193359375,0.00629425048828125,0.01537322998046875,0.00820159912109375,0.00274658203125,0.018463134765625,0.316009521484375,0.07049560546875,0.1055908203125,0.098114013671875,0.091552734375,0.099334716796875,0.09124755859375,0.042266845703125,0.082550048828125,0.021820068359375,0.093231201171875,0.091552734375,0.70068359375,-0.43487548828125,-0.19500732421875,0.536651611328125,6.803847789764404
258,0.3840000000000001,-0.0,-0.0,-0.0,-0.0,-0.0,-0.0,-7.165223598480225,-6.032510280609131,-720.7118530273438,-239845.5625,74238.40625,1361.6339111328125,-0.0,-0.0,-0.0,-0.0,-0.0,-0.0,-0.0,-0.0,-0.0,-0.0,-0.0,-0.0,0.00885009765625,0.00949859619140625,0.010833740234375,0.01476287841796875,0.0092315673828125,0.0133514404296875,0.0087738037109375,0.01827239990234375,0.00640869140625,0.0086212158203125,0.02666473388671875,0.01194000244140625,0.022125244140625,0.0093841552734375,0.00453948974609375,0.0241851806640625,0.00030517578125,0.009918212890625,0.076904296875,0.1043701171875,0.09857177734375,0.0946044921875,0.097808837890625,0.12176513671875,0.196685791015625,0.2325439453125,0.11260986328125,0.131683349609375,0.928497314453125,1.48468017578125,-0.1300048828125,1.897125244140625,1.9256983995437622
259,0.3845000000000001,-0.0,-0.0,-0.0,-0.0,-0.0,-0.0,-7.644027233123779,-6.240372180938721,-720.9662475585938,-239359.828125,74152.1875,1449.3363037109375,-0.0,-0.0,-0.0,-0.0,-0.0,-0.0,-0.0,-0.0,-0.0,-0.0,-0.0,-0.0,-0.00537872314453125,-0.00732421875,-0.0066375732421875,-0.00873565673828125,-0.00885009765625,-0.0095367431640625,-0.0101470947265625,-0.014190673828125,-0.00446319580078125,-0.00911712646484375,-0.01041412353515625,-0.00766754150390625,-0.01453399658203125,-0.009307861328125,-0.00156402587890625,-0.0191497802734375,0.164947509765625,0.234527587890625,0.13153076171875,0.105743408203125,0.06011962890625,0.12969970703125,0.112152099609375,0.126190185546875,-0.051727294921875,-0.070037841796875,0.104522705078125,0.053558349609375,-0.366363525390625,0.635986328125,0.30914306640625,-0.607147216796875,0.09639240801334381
260,0.3850000000000001,-0.0,-0.0,-0.0,-0.0,-0.0,-0.0,-8.328729629516602,-5.37705135345459,-718.8484497070312,-239117.953125,73677.8671875,1665.464111328125,-0.0,-0.0,-0.0,-0.0,-0.0,-0.0,-0.0,-0.0,-0.0,-0.0,-0.0,-0.0,-0.00518798828125,-0.0072479248046875,-0.00942230224609375,-0.01224517822265625,-0.0098419189453125,-0.01033782958984375,-0.00873565673828125,-0.01903533935546875,-0.00640869140625,-0.010528564453125,-0.0272369384765625,-0.01148223876953125,-0.01956939697265625,-0.00759124755859375,-0.00286102294921875,-0.02166748046875,0.247802734375,0.06683349609375,0.089569091796875,0.1104736328125,0.093231201171875,0.109710693359375,0.072174072265625,-0.0128173828125,0.05126953125,0.180816650390625,0.06378173828125,0.1104736328125,-0.604705810546875,-1.2890625,0.3680419921875,-1.953582763671875,-2.95245099067688
261,0.3855000000000001,-0.0,-0.0,-0.0,-0.0,-0.0,-0.0,-8.356611251831055,-4.689722061157227,-716.0178833007812,-238192.625,73795.796875,1858.0030517578125,-0.0,-0.0,-0.0,-0.0,-0.0,-0.0,-0.0,-0.0,-0.0,-0.0,-0.0,-0.0,0.006561279296875,0.00560760498046875,0.00823974609375,0.00980377197265625,0.007781982421875,0.01087188720703125,0.00644683837890625,0.01514434814453125,0.0051116943359375,0.01201629638671875,0.01567840576171875,0.0083160400390625,0.01506805419921875,0.00667572021484375,0.0016021728515625,0.01796722412109375,-0.106201171875,0.02655029296875,0.091400146484375,0.106658935546875,0.092010498046875,0.090484619140625,0.079193115234375,0.052947998046875,0.085906982421875,0.1239013671875,0.125579833984375,0.134124755859375,0.915374755859375,-0.14373779296875,-0.0628662109375,0.53558349609375,9.547806739807129
262,0.3860000000000001,-0.0,-0.0,-0.0,-0.0,-0.0,-0.0,-7.937851905822754,-5.024149417877197,-713.6763305664062,-236888.59375,73112.2890625,1789.3570556640625,-0.0,-0.0,-0.0,-0.0,-0.0,-0.0,-0.0,-0.0,-0.0,-0.0,-0.0,-0.0,0.0079345703125,0.006561279296875,0.01087188720703125,0.01247406005859375,0.01007080078125,0.0122833251953125,0.00965118408203125,0.02185821533203125,0.0074005126953125,0.01148223876953125,0.0273895263671875,0.011138916015625,0.02300262451171875,0.0075531005859375,0.00560760498046875,0.0213623046875,-0.01953125,0.289306640625,0.10894775390625,0.071563720703125,0.095062255859375,0.075225830078125,0.085906982421875,0.09124755859375,0.11199951171875,0.092620849609375,0.14373779296875,0.099639892578125,0.847015380859375,1.58355712890625,-0.0335693359375,2.137298583984375,7.108732223510742
263,0.3865000000000001,-0.0,-0.0,-0.0,-0.0,-0.0,-0.0,-7.080893039703369,-4.21813440322876,-709.908447265625,-236081.640625,72550.484375,1852.184814453125,-0.0,-0.0,-0.0,-0.0,-0.0,-0.0,-0.0,-0.0,-0.0,-0.0,-0.0,-0.0,-0.00537872314453125,-0.0051116943359375,-0.00926971435546875,-0.00896453857421875,-0.00728607177734375,-0.009918212890625,-0.00720977783203125,-0.01300811767578125,-0.00362396240234375,-0.0127410888671875,-0.013275146484375,-0.0095367431640625,-0.0121307373046875,-0.00652313232421875,-0.004425048828125,-0.01705169677734375,0.24261474609375,0.11566162109375,0.108642578125,0.083770751953125,0.104827880859375,0.085601806640625,0.09521484375,0.109710693359375,0.11138916015625,0.095672607421875,0.1153564453125,0.106201171875,-0.612030029296875,0.5206298828125,0.1690673828125,-0.41839599609375,0.7061610817909241
264,0.3870000000000001,-0.0,-0.0,-0.0,-0.0,-0.0,-0.0,-6.304991245269775,-3.5026707649230957,-703.8875732421875,-235022.953125,71921.4921875,1637.051025390625,-0.0,-0.0,-0.0,-0.0,-0.0,-0.0,-0.0,-0.0,-0.0,-0.0,-0.0,-0.0,-0.0070953369140625,-0.00759124755859375,-0.01056671142578125,-0.01453399658203125,-0.0102996826171875,-0.012969970703125,-0.00789642333984375,-0.0201416015625,-0.00537872314453125,-0.0107574462890625,-0.0273895263671875,-0.0092315673828125,-0.0182342529296875,-0.00850677490234375,-0.00457763671875,-0.02414703369140625,0.325927734375,0.08209228515625,0.09246826171875,0.110931396484375,0.10345458984375,0.102691650390625,0.10162353515625,0.06866455078125,0.121612548828125,0.11627197265625,0.0537109375,0.086212158203125,-0.725860595703125,-1.55609130859375,0.30517578125,-1.56982421875,1.0110454559326172
265,0.3875000000000001,-0.0,-0.0,-0.0,-0.0,-0.0,-0.0,-5.649147987365723,-2.280879497528076,-702.70361328125,-233745.765625,71134.75,1472.8009033203125,-0.0,-0.0,-0.0,-0.0,-0.0,-0.0,-0.0,-0.0,-0.0,-0.0,-0.0,-0.0,0.0067901611328125,0.0045013427734375,0.009002685546875,0.011138916015625,0.0079345703125,0.01102447509765625,0.0063323974609375,0.014495849609375,0.00377655029296875,0.0099945068359375,0.0154876708984375,0.00797271728515625,0.0160980224609375,0.0058746337890625,0.0037384033203125,0.01667022705078125,-0.06500244140625,-0.02838134765625,0.091705322265625,0.10955810546875,0.0738525390625,0.100860595703125,0.1019287109375,0.125274658203125,0.11688232421875,0.050811767578125,0.062103271484375,0.099945068359375,0.576934814453125,-0.26611328125,-0.13580322265625,0.898590087890625,-3.5622196197509766
266,0.3880000000000001,-0.0,-0.0,-0.0,-0.0,-0.0,-0.0,-4.641730785369873,-1.6043472290039062,-698.36181640625,-233199.375,70286.3046875,1258.1748046875,-0.0,-0.0,-0.0,-0.0,-0.0,-0.0,-0.0,-0.0,-0.0,-0.0,-0.0,-0.0,0.008392333984375,0.00812530517578125,0.01201629638671875,0.01300811767578125,0.00965118408203125,0.01251220703125,0.00911712646484375,0.02017974853515625,0.00446319580078125,0.011138916015625,0.0305938720703125,0.00972747802734375,0.02025604248046875,0.0091552734375,0.006103515625,0.022430419921875,-0.001678466796875,0.22003173828125,0.106658935546875,0.090179443359375,0.08575439453125,0.105743408203125,0.095977783203125,0.156097412109375,0.100860595703125,0.142059326171875,0.1080322265625,0.090179443359375,1.066741943359375,1.995849609375,-0.33203125,1.786041259765625,4.364773273468018
267,0.3885000000000001,-0.0,-0.0,-0.0,-0.0,-0.0,-0.0,-3.660618305206299,-1.521186351776123,-696.9378051757812,-231918.296875,69188.03125,983.5065307617188,-0.0,-0.0,-0.0,-0.0,-0.0,-0.0,-0.0,-0.0,-0.0,-0.0,-0.0,-0.0,-0.006103515625,-0.0046539306640625,-0.0084686279296875,-0.00904083251953125,-0.009307861328125,-0.00995635986328125,-0.00858306884765625,-0.01384735107421875,-0.0057220458984375,-0.01102447509765625,-0.013427734375,-0.00965118408203125,-0.01605987548828125,-0.0079345703125,-0.0023651123046875,-0.0170135498046875,0.051422119140625,0.002288818359375,0.08209228515625,0.074310302734375,0.11962890625,0.086822509765625,0.0897216796875,0.112762451171875,0.06103515625,0.074462890625,0.109405517578125,0.10284423828125,-0.519256591796875,0.44525146484375,0.29510498046875,-0.69000244140625,-1.4280292987823486
268,0.3890000000000001,-0.0,-0.0,-0.0,-0.0,-0.0,-0.0,-2.5584402084350586,-0.9485816359519958,-693.98583984375,-231731.828125,68621.640625,858.334228515625,-0.0,-0.0,-0.0,-0.0,-0.0,-0.0,-0.0,-0.0,-0.0,-0.0,-0.0,-0.0,-0.0048065185546875,-0.00682830810546875,-0.0093841552734375,-0.0136566162109375,-0.008392333984375,-0.01255035400390625,-0.0093841552734375,-0.02094268798828125,-0.0078582763671875,-0.0112152099609375,-0.0279998779296875,-0.0102996826171875,-0.01857757568359375,-0.00804901123046875,-0.0031280517578125,-0.022430419921875,0.230712890625,0.279388427734375,0.11627197265625,0.080718994140625,0.099639892578125,0.101470947265625,0.07965087890625,0.08819580078125,0.095367431640625,0.11627197265625,0.095367431640625,0.100860595703125,-0.883941650390625,-1.4056396484375,0.4669189453125,-1.795654296875,-2.0377979278564453
269,0.3895000000000001,-0.0,-0.0,-0.0,-0.0,-0.0,-0.0,-2.3480606079101562,-0.5702352523803711,-693.3058471679688,-231729.8125,68061.3828125,817.7662353515625,-0.0,-0.0,-0.0,-0.0,-0.0,-0.0,-0.0,-0.0,-0.0,-0.0,-0.0,-0.0,0.00911712646484375,0.00579833984375,0.00885009765625,0.01071929931640625,0.00705718994140625,0.0116729736328125,0.007476806640625,0.01438140869140625,0.00591278076171875,0.01270294189453125,0.01605987548828125,0.0092315673828125,0.01903533935546875,0.00823974609375,0.002288818359375,0.0182342529296875,0.44219970703125,-0.072021484375,0.092620849609375,0.123443603515625,0.0970458984375,0.101318359375,0.11260986328125,0.074462890625,0.11016845703125,0.09368896484375,0.088348388671875,0.10162353515625,0.58349609375,-0.14129638671875,-0.0775146484375,1.2872314453125,7.71850061416626
270,0.3900000000000001,-0.0,-0.0,-0.0,-0.0,-0.0,-0.0,-2.279995918273926,-0.23524810373783112,-694.4935913085938,-231814.5,67294.171875,944.2686767578125,-0.0,-0.0,-0.0,-0.0,-0.0,-0.0,-0.0,-0.0,-0.0,-0.0,-0.0,-0.0,0.0057220458984375,0.0066375732421875,0.00965118408203125,0.013580322265625,0.009307861328125,0.0133514404296875,0.00934600830078125,0.02056121826171875,0.0089263916015625,0.01117706298828125,0.02628326416015625,0.00934600830078125,0.0194549560546875,0.00843048095703125,0.0032806396484375,0.0234222412109375,-0.17120361328125,0.117340087890625,0.07049560546875,0.118255615234375,0.06439208984375,0.081939697265625,0.08636474609375,0.081024169921875,0.132598876953125,0.180206298828125,0.109405517578125,0.0555419921875,0.941925048828125,1.59210205078125,-0.2069091796875,1.85943603515625,2.2305827140808105
271,0.3905000000000001,-0.0,-0.0,-0.0,-0.0,-0.0,-0.0,-2.420337438583374,-0.2919265627861023,-692.9390869140625,-231835.171875,66274.359375,759.3848266601562,-0.0,-0.0,-0.0,-0.0,-0.0,-0.0,-0.0,-0.0,-0.0,-0.0,-0.0,-0.0,-0.00370025634765625,-0.00457763671875,-0.00732421875,-0.00919342041015625,-0.00728607177734375,-0.00926971435546875,-0.00820159912109375,-0.01354217529296875,-0.00560760498046875,-0.00682830810546875,-0.014801025390625,-0.00888824462890625,-0.015106201171875,-0.008087158203125,-0.00148773193359375,-0.01880645751953125,-0.0244140625,0.3509521484375,0.13214111328125,0.107879638671875,0.0933837890625,0.14373779296875,0.111083984375,0.110321044921875,0.070953369140625,-0.01220703125,0.145263671875,0.132598876953125,-0.132598876953125,0.27862548828125,0.29815673828125,-0.66314697265625,2.5354671478271484
272,0.3910000000000001,-0.0,-0.0,-0.0,-0.0,-0.0,-0.0,-0.5110110640525818,-0.6239128112792969,-691.4937744140625,-231447.5,65539.46875,567.2068481445312,-0.0,-0.0,-0.0,-0.0,-0.0,-0.0,-0.0,-0.0,-0.0,-0.0,-0.0,-0.0,-0.00762939453125,-0.005645751953125,-0.00843048095703125,-0.01132965087890625,-0.0086212158203125,-0.01270294189453125,-0.00698089599609375,-0.02056121826171875,-0.00652313232421875,-0.0116729736328125,-0.02712249755859375,-0.0102996826171875,-0.0206756591796875,-0.00759124755859375,-0.002899169921875,-0.02277374267578125,-0.0567626953125,0.1446533203125,0.107879638671875,0.083160400390625,0.165557861328125,0.115966796875,0.084381103515625,0.107421875,0.100860595703125,0.074920654296875,0.097503662109375,0.12969970703125,-0.670928955078125,-1.44256591796875,0.61126708984375,-1.59759521484375,-2.342682361602783
273,0.3915000000000001,-0.0,-0.0,-0.0,-0.0,-0.0,-0.0,0.12182515859603882,-0.7370029091835022,-689.8724365234375,-231407.09375,64791.21484375,451.5138244628906,-0.0,-0.0,-0.0,-0.0,-0.0,-0.0,-0.0,-0.0,-0.0,-0.0,-0.0,-0.0,0.00751495361328125,0.0055694580078125,0.00812530517578125,0.01007080078125,0.00659942626953125,0.01194000244140625,0.00774383544921875,0.01617431640625,0.00446319580078125,0.011138916015625,0.01739501953125,0.0061798095703125,0.01941680908203125,0.005645751953125,0.0058746337890625,0.016632080078125,0.138702392578125,0.07476806640625,0.1220703125,0.095977783203125,0.1177978515625,0.09002685546875,0.093536376953125,0.096588134765625,0.04669189453125,0.164337158203125,0.069732666015625,0.11749267578125,0.52947998046875,-0.05828857421875,-0.2142333984375,0.86212158203125,3.145235776901245
274,0.3920000000000001,-0.0,-0.0,-0.0,-0.0,-0.0,-0.0,0.4697246551513672,-0.1309591382741928,-691.5443115234375,-231347.59375,63849.45703125,350.6730041503906,-0.0,-0.0,-0.0,-0.0,-0.0,-0.0,-0.0,-0.0,-0.0,-0.0,-0.0,-0.0,0.00640869140625,0.00774383544921875,0.00995635986328125,0.0139617919921875,0.012054443359375,0.0138092041015625,0.008697509765625,0.018768310546875,0.00659942626953125,0.010528564453125,0.028076171875,0.009307861328125,0.0156402587890625,0.00888824462890625,0.0046539306640625,0.0235748291015625,0.379180908203125,0.07781982421875,0.088348388671875,0.080413818359375,-0.000152587890625,0.07843017578125,0.084381103515625,0.093231201171875,0.096282958984375,0.162353515625,0.078125,0.08636474609375,0.878143310546875,1.7974853515625,-0.27679443359375,1.63665771484375,1.9256983995437622
275,0.3925000000000001,-0.0,-0.0,-0.0,-0.0,-0.0,-0.0,0.6807792782783508,0.5724053978919983,-689.1278686523438,-231977.3125,63354.8046875,361.9766845703125,-0.0,-0.0,-0.0,-0.0,-0.0,-0.0,-0.0,-0.0,-0.0,-0.0,-0.0,-0.0,-0.00621795654296875,-0.003509521484375,-0.00823974609375,-0.00946044921875,-0.008087158203125,-0.0106048583984375,-0.00759124755859375,-0.01430511474609375,-0.00377655029296875,-0.00919342041015625,-0.0135040283203125,-0.00560760498046875,-0.01758575439453125,-0.00621795654296875,-0.00392913818359375,-0.01800537109375,0.19561767578125,0.0335693359375,0.054168701171875,0.0860595703125,0.117340087890625,0.08209228515625,0.091705322265625,0.10711669921875,0.135955810546875,0.164794921875,0.113525390625,0.0482177734375,-0.418701171875,0.58929443359375,0.47088623046875,-0.826568603515625,0.40127673745155334
276,0.3930000000000001,-0.0,-0.0,-0.0,-0.0,-0.0,-0.0,1.4785401821136475,-0.2343633770942688,-690.466796875,-232377.65625,62302.81640625,118.03290557861328,-0.0,-0.0,-0.0,-0.0,-0.0,-0.0,-0.0,-0.0,-0.0,-0.0,-0.0,-0.0,-0.00667572021484375,-0.00370025634765625,-0.0104522705078125,-0.01308441162109375,-0.0093841552734375,-0.0128936767578125,-0.0063323974609375,-0.02105712890625,-0.00667572021484375,-0.0131988525390625,-0.0258636474609375,-0.00858306884765625,-0.01766204833984375,-0.00797271728515625,-0.0026702880859375,-0.02201080322265625,-0.1177978515625,0.124053955078125,0.11810302734375,0.10040283203125,0.15350341796875,0.10284423828125,0.121612548828125,0.12420654296875,0.112152099609375,0.097503662109375,0.131072998046875,0.118255615234375,-0.745849609375,-1.35406494140625,0.70220947265625,-1.4935302734375,5.889194965362549
277,0.3935000000000001,-0.0,-0.0,-0.0,-0.0,-0.0,-0.0,3.194004774093628,-0.6746528148651123,-690.0723266601562,-233459.78125,61288.0078125,-359.72735595703125,-0.0,-0.0,-0.0,-0.0,-0.0,-0.0,-0.0,-0.0,-0.0,-0.0,-0.0,-0.0,0.00701904296875,0.00598907470703125,0.00766754150390625,0.01041412353515625,0.0064849853515625,0.0101470947265625,0.0066375732421875,0.01438140869140625,0.00370025634765625,0.009002685546875,0.01251220703125,0.00499725341796875,0.01605987548828125,0.00659942626953125,0.00537872314453125,0.01842498779296875,-0.06988525390625,0.15594482421875,0.126800537109375,0.1025390625,0.13580322265625,0.1116943359375,0.074920654296875,0.104827880859375,0.113372802734375,-0.01251220703125,0.093536376953125,0.126495361328125,0.496826171875,-0.49407958984375,-0.164794921875,0.8636474609375,5.889194965362549
278,0.39400000000000013,-0.0,-0.0,-0.0,-0.0,-0.0,-0.0,4.845299243927002,-1.8159255981445312,-692.2112426757812,-233996.609375,60786.703125,-951.1426391601562,-0.0,-0.0,-0.0,-0.0,-0.0,-0.0,-0.0,-0.0,-0.0,-0.0,-0.0,-0.0,0.00701904296875,0.00774383544921875,0.0083160400390625,0.0128173828125,0.00919342041015625,0.0125885009765625,0.01026153564453125,0.02079010009765625,0.00698089599609375,0.00865936279296875,0.02796173095703125,0.01132965087890625,0.0205230712890625,0.0081634521484375,0.00232696533203125,0.02277374267578125,0.12054443359375,0.110931396484375,0.0921630859375,0.08819580078125,0.161590576171875,0.09033203125,0.113677978515625,0.10009765625,0.102081298828125,0.14678955078125,0.088043212890625,0.098419189453125,0.780181884765625,1.49444580078125,-0.15869140625,1.79168701171875,2.5354671478271484
279,0.39450000000000013,-0.0,-0.0,-0.0,-0.0,-0.0,-0.0,5.252124309539795,-3.821321487426758,-694.8152465820312,-235549.078125,60132.42578125,-1174.1025390625,-0.0,-0.0,-0.0,-0.0,-0.0,-0.0,-0.0,-0.0,-0.0,-0.0,-0.0,-0.0,-0.00446319580078125,-0.00545501708984375,-0.00675201416015625,-0.01010894775390625,-0.0084686279296875,-0.010223388671875,-0.0075531005859375,-0.013427734375,-0.0048828125,-0.009765625,-0.01667022705078125,-0.0054168701171875,-0.0159454345703125,-0.006103515625,-0.0025177001953125,-0.0176239013671875,0.195465087890625,0.02471923828125,0.118408203125,0.110626220703125,0.08880615234375,0.108795166015625,0.092620849609375,0.108642578125,0.094146728515625,0.135040283203125,0.061492919921875,0.0872802734375,-0.334014892578125,0.23223876953125,0.34881591796875,-0.480194091796875,1.6208140850067139
280,0.39500000000000013,-0.0,-0.0,-0.0,-0.0,-0.0,-0.0,5.715349197387695,-5.363834857940674,-699.3829956054688,-237474.40625,59795.66015625,-1348.9970703125,-0.0,-0.0,-0.0,-0.0,-0.0,-0.0,-0.0,-0.0,-0.0,-0.0,-0.0,-0.0,-0.00659942626953125,-0.00949859619140625,-0.01026153564453125,-0.0135040283203125,-0.0081634521484375,-0.0110626220703125,-0.00980377197265625,-0.01800537109375,-0.00484466552734375,-0.007781982421875,-0.02410888671875,-0.00949859619140625,-0.01934051513671875,-0.00896453857421875,-0.0051116943359375,-0.02361297607421875,0.300445556640625,-0.027008056640625,0.059814453125,0.106964111328125,0.101165771484375,0.089569091796875,0.1068115234375,0.096282958984375,0.078125,-0.01861572265625,0.079498291015625,0.090179443359375,-0.352935791015625,-1.2469482421875,0.3997802734375,-1.7718505859375,-0.5133762359619141
281,0.39550000000000013,-0.0,-0.0,-0.0,-0.0,-0.0,-0.0,6.395446300506592,-8.322887420654297,-707.0662841796875,-239607.625,59531.5703125,-1594.523681640625,-0.0,-0.0,-0.0,-0.0,-0.0,-0.0,-0.0,-0.0,-0.0,-0.0,-0.0,-0.0,0.0064849853515625,0.00476837158203125,0.0090789794921875,0.00988006591796875,0.00957489013671875,0.00965118408203125,0.009918212890625,0.0150299072265625,0.002899169921875,0.01178741455078125,0.01407623291015625,0.00732421875,0.01873016357421875,0.00720977783203125,0.00461578369140625,0.01827239990234375,-0.0750732421875,0.1129150390625,0.070343017578125,0.102691650390625,0.0860595703125,0.097198486328125,0.121612548828125,0.20599365234375,0.077972412109375,0.19256591796875,0.15106201171875,0.088043212890625,0.67474365234375,-0.22918701171875,-0.340576171875,1.184234619140625,10.157575607299805
282,0.39600000000000013,-0.0,-0.0,-0.0,-0.0,-0.0,-0.0,6.992364406585693,-10.916513442993164,-712.170166015625,-242237.5625,59369.734375,-2141.145263671875,-0.0,-0.0,-0.0,-0.0,-0.0,-0.0,-0.0,-0.0,-0.0,-0.0,-0.0,-0.0,0.0074005126953125,0.00701904296875,0.00957489013671875,0.01384735107421875,0.01132965087890625,0.01483917236328125,0.010833740234375,0.0214385986328125,0.00705718994140625,0.01255035400390625,0.02788543701171875,0.010528564453125,0.0194549560546875,0.008697509765625,0.00217437744140625,0.023651123046875,0.05706787109375,0.174102783203125,0.12603759765625,0.100860595703125,0.1019287109375,0.114593505859375,0.13427734375,0.08575439453125,0.121917724609375,0.16326904296875,0.11962890625,0.1129150390625,1.218719482421875,1.61651611328125,-0.26336669921875,1.915435791015625,4.05988883972168
283,0.39650000000000013,-0.0,-0.0,-0.0,-0.0,-0.0,-0.0,9.03781795501709,-13.08910083770752,-717.7134399414062,-243832.65625,59485.5625,-2808.947998046875,-0.0,-0.0,-0.0,-0.0,-0.0,-0.0,-0.0,-0.0,-0.0,-0.0,-0.0,-0.0,-0.0054931640625,-0.005645751953125,-0.00720977783203125,-0.00988006591796875,-0.00682830810546875,-0.0099945068359375,-0.00690460205078125,-0.01331329345703125,-0.0054168701171875,-0.01026153564453125,-0.013275146484375,-0.00675201416015625,-0.013427734375,-0.00782012939453125,-0.0017547607421875,-0.018463134765625,0.113372802734375,0.091094970703125,0.11138916015625,0.106658935546875,0.085601806640625,0.10894775390625,0.079193115234375,0.03448486328125,0.0048828125,0.05462646484375,0.099945068359375,0.090484619140625,-0.574493408203125,0.5926513671875,0.51727294921875,-0.380706787109375,2.5354671478271484
284,0.39700000000000013,-0.0,-0.0,-0.0,-0.0,-0.0,-0.0,9.765437126159668,-16.091148376464844,-719.0743408203125,-245073.21875,59234.8515625,-3405.3701171875,-0.0,-0.0,-0.0,-0.0,-0.0,-0.0,-0.0,-0.0,-0.0,-0.0,-0.0,-0.0,-0.00751495361328125,-0.0067138671875,-0.00850677490234375,-0.01262664794921875,-0.009765625,-0.01373291015625,-0.00713348388671875,-0.02162933349609375,-0.006561279296875,-0.012054443359375,-0.028839111328125,-0.01041412353515625,-0.0213623046875,-0.00762939453125,-0.00415802001953125,-0.02231597900390625,0.128021240234375,0.103607177734375,0.094757080078125,0.100555419921875,0.069580078125,0.098876953125,0.075225830078125,-0.011138916015625,-0.172119140625,0.139312744140625,0.076751708984375,0.076141357421875,-0.609588623046875,-1.40533447265625,0.16387939453125,-1.981201171875,-3.2573351860046387
285,0.39750000000000013,-0.0,-0.0,-0.0,-0.0,-0.0,-0.0,9.71048355102539,-16.393024444580078,-720.8126220703125,-246181.5,59142.50390625,-3623.774169921875,-0.0,-0.0,-0.0,-0.0,-0.0,-0.0,-0.0,-0.0,-0.0,-0.0,-0.0,-0.0,0.00579833984375,0.00621795654296875,0.00553131103515625,0.01129150390625,0.00682830810546875,0.01300811767578125,0.0067901611328125,0.0144195556640625,0.00614166259765625,0.01087188720703125,0.0162506103515625,0.00629425048828125,0.0176239013671875,0.00850677490234375,0.00080108642578125,0.0186920166015625,0.23162841796875,0.0775146484375,0.1031494140625,0.098114013671875,0.0933837890625,0.09979248046875,0.09246826171875,0.046234130859375,0.389556884765625,0.07080078125,0.0689697265625,0.112152099609375,0.822601318359375,-0.267333984375,-0.31494140625,0.715789794921875,9.547806739807129
286,0.39800000000000013,-0.0,-0.0,-0.0,-0.0,-0.0,-0.0,8.913874626159668,-17.90804100036621,-723.4491577148438,-246846.03125,59514.94140625,-3467.323974609375,-0.0,-0.0,-0.0,-0.0,-0.0,-0.0,-0.0,-0.0,-0.0,-0.0,-0.0,-0.0,0.00553131103515625,0.00667572021484375,0.00988006591796875,0.013275146484375,0.00850677490234375,0.01468658447265625,0.00919342041015625,0.0211334228515625,0.00690460205078125,0.011749267578125,0.03086090087890625,0.0112152099609375,0.0193023681640625,0.008087158203125,0.00370025634765625,0.0229644775390625,0.13702392578125,0.058135986328125,0.063934326171875,0.086669921875,0.08331298828125,0.092926025390625,0.0738525390625,0.089569091796875,0.239410400390625,0.145111083984375,0.09674072265625,0.096435546875,0.899200439453125,1.76055908203125,-0.142822265625,1.976165771484375,2.5354671478271484
287,0.39850000000000013,-0.0,-0.0,-0.0,-0.0,-0.0,-0.0,7.905059814453125,-18.457395553588867,-725.7847900390625,-247685.765625,59430.30859375,-3332.672607421875,-0.0,-0.0,-0.0,-0.0,-0.0,-0.0,-0.0,-0.0,-0.0,-0.0,-0.0,-0.0,-0.0089263916015625,-0.00415802001953125,-0.00766754150390625,-0.0090789794921875,-0.00579833984375,-0.010223388671875,-0.006256103515625,-0.0150299072265625,-0.0035858154296875,-0.01201629638671875,-0.0106048583984375,-0.00507354736328125,-0.01895904541015625,-0.0055694580078125,-0.0067901611328125,-0.0160980224609375,0.05828857421875,0.040130615234375,0.064239501953125,0.0946044921875,0.10162353515625,0.084686279296875,0.1287841796875,0.162506103515625,0.084991455078125,-0.016021728515625,0.09857177734375,0.04547119140625,-0.517120361328125,0.72357177734375,0.29571533203125,-0.7513427734375,0.7061610817909241
288,0.39900000000000013,-0.0,-0.0,-0.0,-0.0,-0.0,-0.0,7.08245849609375,-18.12826919555664,-726.2153930664062,-248124.671875,59663.98046875,-2961.0185546875,-0.0,-0.0,-0.0,-0.0,-0.0,-0.0,-0.0,-0.0,-0.0,-0.0,-0.0,-0.0,-0.008392333984375,-0.0052642822265625,-0.01026153564453125,-0.01338958740234375,-0.00957489013671875,-0.0141143798828125,-0.009918212890625,-0.02079010009765625,-0.00423431396484375,-0.009307861328125,-0.0262451171875,-0.01041412353515625,-0.02086639404296875,-0.00698089599609375,-0.0054931640625,-0.02300262451171875,-0.017547607421875,0.189666748046875,0.12664794921875,0.108795166015625,0.09918212890625,0.114288330078125,0.11627197265625,0.146026611328125,0.077667236328125,0.2105712890625,0.113372802734375,0.0787353515625,-0.633392333984375,-1.473388671875,0.3399658203125,-1.915130615234375,-5.391525745391846
289,0.39950000000000013,-0.0,-0.0,-0.0,-0.0,-0.0,-0.0,6.163366317749023,-17.14797019958496,-727.5817260742188,-247980.0,59795.65625,-2743.859130859375,-0.0,-0.0,-0.0,-0.0,-0.0,-0.0,-0.0,-0.0,-0.0,-0.0,-0.0,-0.0,0.00667572021484375,0.00576019287109375,0.0074005126953125,0.010986328125,0.0078582763671875,0.00873565673828125,0.00698089599609375,0.01407623291015625,0.00579833984375,0.009918212890625,0.0150299072265625,0.00789642333984375,0.0199127197265625,0.00667572021484375,0.002593994140625,0.017242431640625,0.19073486328125,-0.03814697265625,0.1116943359375,0.09857177734375,0.08087158203125,0.1031494140625,0.0897216796875,0.0677490234375,-0.183563232421875,0.03265380859375,0.084381103515625,0.120086669921875,0.685882568359375,-0.4010009765625,0.04364013671875,1.297149658203125,5.584310531616211
290,0.40000000000000013,-0.0,-0.0,-0.0,-0.0,-0.0,-0.0,4.8173675537109375,-16.291908264160156,-728.1499633789062,-247813.484375,59852.7890625,-2283.796142578125,-0.0,-0.0,-0.0,-0.0,-0.0,-0.0,-0.0,-0.0,-0.0,-0.0,-0.0,-0.0,0.00675201416015625,0.00621795654296875,0.01148223876953125,0.013275146484375,0.00946044921875,0.01522064208984375,0.01087188720703125,0.02239227294921875,0.006561279296875,0.0084686279296875,0.0272369384765625,0.01178741455078125,0.01979827880859375,0.00812530517578125,0.00316619873046875,0.02292633056640625,0.134735107421875,0.276336669921875,0.06622314453125,0.097198486328125,0.092010498046875,0.08544921875,0.087738037109375,0.043487548828125,0.308837890625,0.107574462890625,0.060577392578125,0.15045166015625,0.499267578125,1.48468017578125,0.2239990234375,1.954498291015625,4.05988883972168
291,0.40050000000000013,-0.0,-0.0,-0.0,-0.0,-0.0,-0.0,4.122384548187256,-14.225641250610352,-728.9961547851562,-247854.84375,60299.97265625,-2062.23193359375,-0.0,-0.0,-0.0,-0.0,-0.0,-0.0,-0.0,-0.0,-0.0,-0.0,-0.0,-0.0,-0.00579833984375,-0.0057220458984375,-0.00545501708984375,-0.00919342041015625,-0.00782012939453125,-0.009918212890625,-0.00736236572265625,-0.0125885009765625,-0.0040435791015625,-0.00957489013671875,-0.0142669677734375,-0.00820159912109375,-0.01659393310546875,-0.00698089599609375,-0.0018310546875,-0.0170135498046875,-0.07293701171875,0.117340087890625,0.12115478515625,0.106964111328125,0.046539306640625,0.113677978515625,0.082550048828125,0.07904052734375,0.12359619140625,0.077667236328125,0.12237548828125,0.123443603515625,-0.634307861328125,0.1788330078125,0.35064697265625,-0.76690673828125,-10.879443168640137
292,0.40100000000000013,-0.0,-0.0,-0.0,-0.0,-0.0,-0.0,3.4254064559936523,-11.943473815917969,-729.4230346679688,-248088.953125,60278.48046875,-1744.647705078125,-0.0,-0.0,-0.0,-0.0,-0.0,-0.0,-0.0,-0.0,-0.0,-0.0,-0.0,-0.0,-0.00713348388671875,-0.00682830810546875,-0.008697509765625,-0.01232147216796875,-0.00789642333984375,-0.0113677978515625,-0.00911712646484375,-0.01750946044921875,-0.0066375732421875,-0.011138916015625,-0.0283050537109375,-0.01171112060546875,-0.02227783203125,-0.00972747802734375,-0.002593994140625,-0.02300262451171875,0.103759765625,0.053253173828125,0.09246826171875,0.098724365234375,0.2496337890625,0.102996826171875,0.111236572265625,0.100555419921875,0.149078369140625,0.15289306640625,0.112152099609375,0.093994140625,-0.735321044921875,-1.466064453125,0.30792236328125,-1.775665283203125,-1.732913613319397
293,0.40150000000000013,-0.0,-0.0,-0.0,-0.0,-0.0,-0.0,2.159139633178711,-9.973262786865234,-731.6110229492188,-247624.90625,59981.9296875,-1388.936767578125,-0.0,-0.0,-0.0,-0.0,-0.0,-0.0,-0.0,-0.0,-0.0,-0.0,-0.0,-0.0,0.0101470947265625,0.0054931640625,0.008392333984375,0.00934600830078125,0.007781982421875,0.01117706298828125,0.007781982421875,0.01453399658203125,0.0042724609375,0.0152587890625,0.01483917236328125,0.00762939453125,0.0177764892578125,0.00659942626953125,0.00431060791015625,0.01720428466796875,0.051116943359375,0.2435302734375,0.1025390625,0.09552001953125,0.13946533203125,0.106353759765625,0.081329345703125,0.10986328125,0.138092041015625,0.0579833984375,0.093231201171875,0.07171630859375,1.195526123046875,-0.18035888671875,-0.0006103515625,1.0113525390625,7.413616180419922
294,0.40200000000000014,-0.0,-0.0,-0.0,-0.0,-0.0,-0.0,1.5076385736465454,-8.066332817077637,-730.9411010742188,-247197.03125,60078.71875,-1056.705078125,-0.0,-0.0,-0.0,-0.0,-0.0,-0.0,-0.0,-0.0,-0.0,-0.0,-0.0,-0.0,0.00583648681640625,0.00743865966796875,0.01220703125,0.0141143798828125,0.01094818115234375,0.012359619140625,0.00804901123046875,0.01888275146484375,0.00518798828125,0.010528564453125,0.0278472900390625,0.01079559326171875,0.0176239013671875,0.0119781494140625,0.00457763671875,0.02437591552734375,0.2294921875,0.055084228515625,0.09765625,0.10162353515625,0.05340576171875,0.096282958984375,0.1043701171875,0.08026123046875,0.082244873046875,0.084228515625,0.08331298828125,0.075531005859375,0.96893310546875,1.845703125,-0.3094482421875,1.498870849609375,5.279426097869873
295,0.40250000000000014,-0.0,-0.0,-0.0,-0.0,-0.0,-0.0,1.400688648223877,-6.2216362953186035,-730.0955200195312,-246819.15625,59912.734375,-920.9202880859375,-0.0,-0.0,-0.0,-0.0,-0.0,-0.0,-0.0,-0.0,-0.0,-0.0,-0.0,-0.0,-0.00732421875,-0.00377655029296875,-0.0081634521484375,-0.00762939453125,-0.00881195068359375,-0.010223388671875,-0.00804901123046875,-0.01361846923828125,-0.00514984130859375,-0.01373291015625,-0.01285552978515625,-0.00804901123046875,-0.01712799072265625,-0.00885009765625,-0.003509521484375,-0.01728057861328125,0.0347900390625,0.068359375,0.05889892578125,0.07781982421875,0.084228515625,0.069427490234375,0.084991455078125,0.038299560546875,0.06927490234375,0.1214599609375,0.117340087890625,0.115966796875,-1.038055419921875,0.57403564453125,0.36376953125,-0.9979248046875,0.7061610817909241
296,0.40300000000000014,-0.0,-0.0,-0.0,-0.0,-0.0,-0.0,1.0251133441925049,-3.6371657848358154,-729.5271606445312,-246397.5625,59549.4453125,-564.9722900390625,-0.0,-0.0,-0.0,-0.0,-0.0,-0.0,-0.0,-0.0,-0.0,-0.0,-0.0,-0.0,-0.006561279296875,-0.00675201416015625,-0.0106048583984375,-0.01377105712890625,-0.0099945068359375,-0.01129150390625,-0.00888824462890625,-0.02056121826171875,-0.00522613525390625,-0.00751495361328125,-0.0255584716796875,-0.0096893310546875,-0.01758575439453125,-0.00942230224609375,-0.00274658203125,-0.0237274169921875,0.088348388671875,0.089874267578125,0.116119384765625,0.08087158203125,0.093231201171875,0.087738037109375,0.054473876953125,0.081329345703125,0.08575439453125,0.15960693359375,0.1263427734375,0.10223388671875,-0.560150146484375,-1.280517578125,0.3997802734375,-1.661224365234375,-2.95245099067688
297,0.40350000000000014,-0.0,-0.0,-0.0,-0.0,-0.0,-0.0,0.5352630615234375,-1.8283182382583618,-730.586181640625,-246186.734375,59408.9453125,-422.85076904296875,-0.0,-0.0,-0.0,-0.0,-0.0,-0.0,-0.0,-0.0,-0.0,-0.0,-0.0,-0.0,0.0093841552734375,0.00453948974609375,0.00827789306640625,0.00911712646484375,0.00751495361328125,0.011444091796875,0.00743865966796875,0.01461029052734375,0.0048828125,0.012359619140625,0.0156402587890625,0.006866455078125,0.02399444580078125,0.0063323974609375,0.00640869140625,0.0171661376953125,0.156097412109375,0.111083984375,0.103759765625,0.10162353515625,0.09613037109375,0.095672607421875,0.15045166015625,0.118560791015625,0.0830078125,0.125885009765625,0.0628662109375,0.08026123046875,1.150360107421875,-0.21484375,-0.09613037109375,1.37054443359375,5.889194965362549
298,0.40400000000000014,-0.0,-0.0,-0.0,-0.0,-0.0,-0.0,-0.39991486072540283,0.3202570378780365,-731.08251953125,-246117.875,58877.0703125,-169.64102172851562,-0.0,-0.0,-0.0,-0.0,-0.0,-0.0,-0.0,-0.0,-0.0,-0.0,-0.0,-0.0,0.00965118408203125,0.0077056884765625,0.01148223876953125,0.01522064208984375,0.011138916015625,0.010528564453125,0.008697509765625,0.01956939697265625,0.0067901611328125,0.00988006591796875,0.02605438232421875,0.01056671142578125,0.01941680908203125,0.0115203857421875,0.00518798828125,0.02429962158203125,0.0537109375,-0.034637451171875,0.058135986328125,0.08026123046875,0.099029541015625,0.06591796875,0.11077880859375,0.109405517578125,0.115966796875,0.098876953125,0.056610107421875,0.08575439453125,1.02264404296875,1.48468017578125,-0.29693603515625,1.777801513671875,4.669657230377197
299,0.40450000000000014,-0.0,-0.0,-0.0,-0.0,-0.0,-0.0,0.07286342978477478,1.5679482221603394,-730.6646118164062,-245806.34375,58895.8671875,-151.53526306152344,-0.0,-0.0,-0.0,-0.0,-0.0,-0.0,-0.0,-0.0,-0.0,-0.0,-0.0,-0.0,-0.008544921875,-0.00461578369140625,-0.00675201416015625,-0.00911712646484375,-0.006561279296875,-0.0121307373046875,-0.00621795654296875,-0.01277923583984375,-0.0041961669921875,-0.0136566162109375,-0.014801025390625,-0.00751495361328125,-0.01544952392578125,-0.00736236572265625,-0.00091552734375,-0.0176239013671875,-0.12847900390625,0.273895263671875,0.1043701171875,0.113983154296875,0.097503662109375,0.121002197265625,0.11566162109375,0.120697021484375,0.081939697265625,0.08056640625,0.098419189453125,0.11199951171875,-1.0382080078125,0.460205078125,0.28472900390625,-0.66986083984375,0.09639240801334381
300,0.40500000000000014,-0.0,-0.0,-0.0,-0.0,-0.0,-0.0,1.064756989479065,3.0041444301605225,-732.535888671875,-245966.3125,58076.7265625,-328.1107177734375,-0.0,-0.0,-0.0,-0.0,-0.0,-0.0,-0.0,-0.0,-0.0,-0.0,-0.0,-0.0,-0.00820159912109375,-0.00865936279296875,-0.01186370849609375,-0.0131988525390625,-0.009765625,-0.01262664794921875,-0.0081634521484375,-0.01926422119140625,-0.00457763671875,-0.009307861328125,-0.02613067626953125,-0.009918212890625,-0.01983642578125,-0.0095367431640625,-0.00453948974609375,-0.02407073974609375,0.09552001953125,0.1220703125,0.109710693359375,0.096588134765625,0.061492919921875,0.10406494140625,0.08026123046875,0.160980224609375,0.0750732421875,0.17333984375,0.085296630859375,0.11322021484375,-0.565032958984375,-1.39251708984375,0.64208984375,-1.666259765625,-1.4280292987823486
301,0.40550000000000014,-0.0,-0.0,-0.0,-0.0,-0.0,-0.0,0.8501376509666443,3.769688844680786,-732.3497314453125,-246523.109375,57794.01953125,-260.32598876953125,-0.0,-0.0,-0.0,-0.0,-0.0,-0.0,-0.0,-0.0,-0.0,-0.0,-0.0,-0.0,0.0089263916015625,0.005340576171875,0.00904083251953125,0.009307861328125,0.006103515625,0.01178741455078125,0.00598907470703125,0.0159454345703125,0.00179290771484375,0.01255035400390625,0.01567840576171875,0.0061798095703125,0.016937255859375,0.007171630859375,0.003814697265625,0.0164031982421875,0.135955810546875,0.097808837890625,0.1055908203125,0.09918212890625,0.12451171875,0.096893310546875,0.14373779296875,0.139007568359375,0.123443603515625,0.032958984375,0.09490966796875,0.099334716796875,0.7470703125,-0.07049560546875,-0.257568359375,0.84991455078125,8.633153915405273
302,0.40600000000000014,-0.0,-0.0,-0.0,-0.0,-0.0,-0.0,0.5352630615234375,4.325796127319336,-737.439697265625,-247136.1875,57184.16796875,-43.01648712158203,-0.0,-0.0,-0.0,-0.0,-0.0,-0.0,-0.0,-0.0,-0.0,-0.0,-0.0,-0.0,0.00980377197265625,0.0077056884765625,0.01079559326171875,0.01556396484375,0.01068115234375,0.0128173828125,0.0093841552734375,0.01972198486328125,0.00492095947265625,0.00904083251953125,0.02643585205078125,0.0107574462890625,0.02048492431640625,0.00865936279296875,0.00484466552734375,0.02628326416015625,0.32867431640625,-0.003204345703125,0.078125,0.11077880859375,0.10040283203125,0.09185791015625,0.088653564453125,0.009918212890625,0.101470947265625,0.113067626953125,0.068206787109375,0.109710693359375,0.7830810546875,1.3214111328125,-0.25146484375,1.811981201171875,6.498963356018066
303,0.40650000000000014,-0.0,-0.0,-0.0,-0.0,-0.0,-0.0,0.6244735717773438,4.541438102722168,-739.1622924804688,-248037.421875,56653.828125,-34.261051177978516,-0.0,-0.0,-0.0,-0.0,-0.0,-0.0,-0.0,-0.0,-0.0,-0.0,-0.0,-0.0,-0.0064849853515625,-0.00377655029296875,-0.00743865966796875,-0.00957489013671875,-0.0075531005859375,-0.00980377197265625,-0.006561279296875,-0.01445770263671875,-0.0037384033203125,-0.012359619140625,-0.011749267578125,-0.01026153564453125,-0.0152587890625,-0.00637054443359375,-0.0030517578125,-0.0170135498046875,0.0439453125,0.194244384765625,0.03448486328125,0.08941650390625,0.09124755859375,0.0714111328125,0.086517333984375,0.07720947265625,0.09979248046875,0.13519287109375,0.10528564453125,0.08697509765625,-0.59417724609375,0.5731201171875,0.3631591796875,-0.8612060546875,-11.184327125549316
304,0.40700000000000014,-0.0,-0.0,-0.0,-0.0,-0.0,-0.0,1.070526123046875,4.048015117645264,-742.3988037109375,-249282.046875,55696.48046875,-263.81561279296875,-0.0,-0.0,-0.0,-0.0,-0.0,-0.0,-0.0,-0.0,-0.0,-0.0,-0.0,-0.0,-0.0074005126953125,-0.0070953369140625,-0.01026153564453125,-0.01216888427734375,-0.00766754150390625,-0.012359619140625,-0.00751495361328125,-0.01987457275390625,-0.006256103515625,-0.0125885009765625,-0.0241851806640625,-0.01140594482421875,-0.01758575439453125,-0.010223388671875,-0.0009918212890625,-0.0231170654296875,-0.027923583984375,0.113067626953125,0.14434814453125,0.089874267578125,0.08148193359375,0.127716064453125,0.122528076171875,0.1287841796875,0.11810302734375,0.12451171875,0.129547119140625,0.065765380859375,-0.82733154296875,-1.12274169921875,0.52459716796875,-1.429443359375,-1.732913613319397
305,0.40750000000000014,-0.0,-0.0,-0.0,-0.0,-0.0,-0.0,2.132890224456787,3.4615213871002197,-745.357421875,-250026.75,55147.97265625,-607.0228881835938,-0.0,-0.0,-0.0,-0.0,-0.0,-0.0,-0.0,-0.0,-0.0,-0.0,-0.0,-0.0,0.006256103515625,0.0054168701171875,0.00896453857421875,0.008697509765625,0.0090789794921875,0.0080108642578125,0.0070953369140625,0.01453399658203125,0.00400543212890625,0.013275146484375,0.013580322265625,0.004119873046875,0.01651763916015625,0.0066375732421875,0.00301361083984375,0.01590728759765625,0.10498046875,0.220489501953125,0.107879638671875,0.103607177734375,0.095977783203125,0.1043701171875,0.096282958984375,0.077362060546875,0.085601806640625,0.088653564453125,0.0848388671875,0.10772705078125,0.665435791015625,-0.3515625,-0.53741455078125,0.930633544921875,4.974541664123535
306,0.40800000000000014,-0.0,-0.0,-0.0,-0.0,-0.0,-0.0,3.530949115753174,2.6765763759613037,-747.8197021484375,-251127.75,54466.6640625,-1063.699951171875,-0.0,-0.0,-0.0,-0.0,-0.0,-0.0,-0.0,-0.0,-0.0,-0.0,-0.0,-0.0,0.00904083251953125,0.00728607177734375,0.01194000244140625,0.015716552734375,0.0104522705078125,0.01377105712890625,0.00743865966796875,0.01861572265625,0.00637054443359375,0.01003265380859375,0.0290679931640625,0.0095367431640625,0.0201416015625,0.0092315673828125,0.00621795654296875,0.0251007080078125,0.113067626953125,0.1116943359375,0.107574462890625,0.1202392578125,0.092010498046875,0.095977783203125,0.124053955078125,0.103302001953125,0.082855224609375,0.0799560546875,0.095977783203125,0.0872802734375,0.89324951171875,1.63055419921875,-0.33660888671875,1.7236328125,8.328269958496094
307,0.40850000000000014,-0.0,-0.0,-0.0,-0.0,-0.0,-0.0,4.333709239959717,1.7804147005081177,-750.65625,-251991.65625,53859.29296875,-1235.5372314453125,-0.0,-0.0,-0.0,-0.0,-0.0,-0.0,-0.0,-0.0,-0.0,-0.0,-0.0,-0.0,-0.00637054443359375,-0.0049591064453125,-0.009002685546875,-0.00850677490234375,-0.00606536865234375,-0.0110626220703125,-0.0052642822265625,-0.01567840576171875,-0.00331878662109375,-0.01064300537109375,-0.0139617919921875,-0.00492095947265625,-0.01903533935546875,-0.00553131103515625,-0.0051116943359375,-0.01628875732421875,0.119781494140625,0.088653564453125,0.10467529296875,0.0958251953125,0.10467529296875,0.10009765625,0.10528564453125,0.11566162109375,0.099639892578125,0.090789794921875,0.08026123046875,0.123748779296875,-0.396575927734375,0.56243896484375,0.2972412109375,-0.916748046875,1.3159297704696655
308,0.40900000000000014,-0.0,-0.0,-0.0,-0.0,-0.0,-0.0,4.321523666381836,0.992456316947937,-755.051025390625,-253160.296875,53510.34765625,-1227.892333984375,-0.0,-0.0,-0.0,-0.0,-0.0,-0.0,-0.0,-0.0,-0.0,-0.0,-0.0,-0.0,-0.0078582763671875,-0.00701904296875,-0.01186370849609375,-0.01331329345703125,-0.0077056884765625,-0.011138916015625,-0.00705718994140625,-0.02094268798828125,-0.00530242919921875,-0.0099945068359375,-0.0258636474609375,-0.0121307373046875,-0.02185821533203125,-0.00850677490234375,-0.0018310546875,-0.02147674560546875,0.2734375,0.098724365234375,0.08514404296875,0.0946044921875,0.108489990234375,0.091552734375,0.090484619140625,0.079498291015625,0.12176513671875,0.149993896484375,0.10467529296875,0.084381103515625,-0.493927001953125,-1.10504150390625,0.32806396484375,-1.773681640625,-2.95245099067688
309,0.40950000000000014,-0.0,-0.0,-0.0,-0.0,-0.0,-0.0,4.549736022949219,-0.3320145010948181,-758.7320556640625,-254480.265625,52870.28515625,-1321.6829833984375,-0.0,-0.0,-0.0,-0.0,-0.0,-0.0,-0.0,-0.0,-0.0,-0.0,-0.0,-0.0,0.00644683837890625,0.006561279296875,0.0075531005859375,0.009918212890625,0.00701904296875,0.00850677490234375,0.0077056884765625,0.013580322265625,0.007171630859375,0.00850677490234375,0.01369476318359375,0.005340576171875,0.01865386962890625,0.00782012939453125,0.00301361083984375,0.0196075439453125,0.017547607421875,-0.00762939453125,0.079498291015625,0.09765625,0.09002685546875,0.102691650390625,0.0958251953125,0.095672607421875,0.112762451171875,0.02899169921875,0.124359130859375,0.091094970703125,0.64971923828125,-0.38543701171875,-0.2239990234375,1.01959228515625,7.71850061416626
310,0.41000000000000014,-0.0,-0.0,-0.0,-0.0,-0.0,-0.0,4.907224178314209,-1.0820209980010986,-760.7001953125,-255785.9375,52110.80078125,-1526.9854736328125,-0.0,-0.0,-0.0,-0.0,-0.0,-0.0,-0.0,-0.0,-0.0,-0.0,-0.0,-0.0,0.00759124755859375,0.006866455078125,0.0110626220703125,0.0128173828125,0.0104522705078125,0.01312255859375,0.01026153564453125,0.0214385986328125,0.00850677490234375,0.01247406005859375,0.0270843505859375,0.01155853271484375,0.02155303955078125,0.00850677490234375,0.00370025634765625,0.0223541259765625,-0.107879638671875,0.12908935546875,0.121917724609375,0.10040283203125,0.1007080078125,0.122528076171875,0.09307861328125,0.109100341796875,0.1031494140625,0.10406494140625,0.13427734375,0.102081298828125,1.069793701171875,1.4300537109375,-0.14892578125,2.1185302734375,1.6208140850067139
311,0.41050000000000014,-0.0,-0.0,-0.0,-0.0,-0.0,-0.0,6.168224334716797,-1.9354932308197021,-763.0706176757812,-256419.953125,51396.2890625,-1866.274658203125,-0.0,-0.0,-0.0,-0.0,-0.0,-0.0,-0.0,-0.0,-0.0,-0.0,-0.0,-0.0,-0.00537872314453125,-0.00469207763671875,-0.00705718994140625,-0.00888824462890625,-0.00705718994140625,-0.00946044921875,-0.00904083251953125,-0.01312255859375,-0.0052642822265625,-0.01007080078125,-0.01415252685546875,-0.00637054443359375,-0.01407623291015625,-0.00751495361328125,3.814697265625e-05,-0.0164794921875,0.076751708984375,0.128631591796875,0.103302001953125,0.081329345703125,0.0994873046875,0.0958251953125,0.0653076171875,0.112762451171875,0.100860595703125,0.0897216796875,0.1025390625,0.1019287109375,-0.702667236328125,0.47698974609375,0.50445556640625,-0.63079833984375,1.9256983995437622
312,0.41100000000000014,-0.0,-0.0,-0.0,-0.0,-0.0,-0.0,7.595821380615234,-2.6231026649475098,-765.6445922851562,-257381.84375,50640.87109375,-2184.606201171875,-0.0,-0.0,-0.0,-0.0,-0.0,-0.0,-0.0,-0.0,-0.0,-0.0,-0.0,-0.0,-0.00652313232421875,-0.00896453857421875,-0.01041412353515625,-0.01476287841796875,-0.01049041748046875,-0.012664794921875,-0.00644683837890625,-0.01964569091796875,-0.00530242919921875,-0.012054443359375,-0.02803802490234375,-0.01129150390625,-0.02155303955078125,-0.01094818115234375,-0.0048065185546875,-0.02338409423828125,0.11444091796875,0.104522705078125,0.102996826171875,0.09552001953125,0.065765380859375,0.08941650390625,0.1153564453125,0.089111328125,0.100860595703125,0.115814208984375,0.095672607421875,0.1031494140625,-0.781707763671875,-1.4605712890625,0.4815673828125,-1.833648681640625,-4.476872444152832
313,0.41150000000000014,-0.0,-0.0,-0.0,-0.0,-0.0,-0.0,7.7866740226745605,-2.7752602100372314,-765.9432983398438,-258423.125,50282.7734375,-2644.28662109375,-0.0,-0.0,-0.0,-0.0,-0.0,-0.0,-0.0,-0.0,-0.0,-0.0,-0.0,-0.0,0.003509521484375,0.00682830810546875,0.0063323974609375,0.00965118408203125,0.0092315673828125,0.0106048583984375,0.00957489013671875,0.01194000244140625,0.0043487548828125,0.01285552978515625,0.01384735107421875,0.00522613525390625,0.01567840576171875,0.00820159912109375,0.00232696533203125,0.01708984375,0.11962890625,0.09124755859375,0.11474609375,0.10650634765625,0.028533935546875,0.10284423828125,0.09429931640625,0.073699951171875,0.120391845703125,0.28900146484375,0.09307861328125,0.096435546875,0.814666748046875,-0.26824951171875,-0.60699462890625,0.967559814453125,6.803847789764404
314,0.41200000000000014,-0.0,-0.0,-0.0,-0.0,-0.0,-0.0,8.846646308898926,-4.126700401306152,-768.8726806640625,-259625.796875,49926.53125,-2783.549560546875,-0.0,-0.0,-0.0,-0.0,-0.0,-0.0,-0.0,-0.0,-0.0,-0.0,-0.0,-0.0,0.0066375732421875,0.00698089599609375,0.00949859619140625,0.01434326171875,0.0113677978515625,0.0135040283203125,0.01041412353515625,0.02105712890625,0.00598907470703125,0.01148223876953125,0.028839111328125,0.01102447509765625,0.02017974853515625,0.0089263916015625,0.00446319580078125,0.024566650390625,0.145721435546875,0.055389404296875,0.0750732421875,0.103912353515625,0.139617919921875,0.08880615234375,0.082855224609375,0.082550048828125,0.08392333984375,0.0640869140625,0.1043701171875,0.107879638671875,0.9783935546875,1.66107177734375,-0.146484375,2.001495361328125,12.901535034179688
315,0.41250000000000014,-0.0,-0.0,-0.0,-0.0,-0.0,-0.0,8.552596092224121,-4.863408088684082,-770.6845703125,-260817.234375,49533.34765625,-2901.039794921875,-0.0,-0.0,-0.0,-0.0,-0.0,-0.0,-0.0,-0.0,-0.0,-0.0,-0.0,-0.0,-0.005340576171875,-0.00652313232421875,-0.0063323974609375,-0.011444091796875,-0.00606536865234375,-0.011749267578125,-0.0081634521484375,-0.01270294189453125,-0.0041961669921875,-0.01087188720703125,-0.01323699951171875,-0.00713348388671875,-0.01476287841796875,-0.00762939453125,-0.000457763671875,-0.0179290771484375,0.10589599609375,0.19561767578125,0.10833740234375,0.074310302734375,0.16143798828125,0.098419189453125,0.06500244140625,0.089263916015625,0.133056640625,-0.027618408203125,0.117034912109375,0.09368896484375,-0.671539306640625,0.78643798828125,0.18035888671875,-0.903167724609375,2.2305827140808105
316,0.41300000000000014,-0.0,-0.0,-0.0,-0.0,-0.0,-0.0,8.806702613830566,-5.946621417999268,-773.5635986328125,-261812.8125,49357.64453125,-3060.954833984375,-0.0,-0.0,-0.0,-0.0,-0.0,-0.0,-0.0,-0.0,-0.0,-0.0,-0.0,-0.0,-0.007781982421875,-0.0072479248046875,-0.00885009765625,-0.0113677978515625,-0.00865936279296875,-0.013580322265625,-0.00919342041015625,-0.02071380615234375,-0.00446319580078125,-0.01262664794921875,-0.02910614013671875,-0.011444091796875,-0.020294189453125,-0.00690460205078125,-0.00446319580078125,-0.0231170654296875,0.095977783203125,0.118865966796875,0.10284423828125,0.1104736328125,0.081939697265625,0.103607177734375,0.16326904296875,0.185546875,0.01861572265625,0.087432861328125,0.10223388671875,0.091552734375,-0.71929931640625,-1.45843505859375,0.39703369140625,-1.892852783203125,-2.95245099067688
317,0.41350000000000015,-0.0,-0.0,-0.0,-0.0,-0.0,-0.0,9.04935073852539,-7.255622863769531,-776.5435180664062,-263085.375,49010.19140625,-3149.85595703125,-0.0,-0.0,-0.0,-0.0,-0.0,-0.0,-0.0,-0.0,-0.0,-0.0,-0.0,-0.0,0.0070953369140625,0.0061798095703125,0.0070953369140625,0.01041412353515625,0.00736236572265625,0.01071929931640625,0.00690460205078125,0.0141143798828125,0.0031280517578125,0.015106201171875,0.012054443359375,0.004730224609375,0.01888275146484375,0.00545501708984375,0.003509521484375,0.01628875732421875,0.0799560546875,0.099334716796875,0.098114013671875,0.103607177734375,0.098114013671875,0.095672607421875,0.09307861328125,0.059356689453125,0.009918212890625,0.138397216796875,0.0927734375,0.09002685546875,1.182098388671875,-0.60272216796875,-0.14007568359375,1.178131103515625,7.71850061416626
318,0.41400000000000015,-0.0,-0.0,-0.0,-0.0,-0.0,-0.0,8.881827354431152,-8.467388153076172,-779.962890625,-264102.21875,49205.515625,-3004.63427734375,-0.0,-0.0,-0.0,-0.0,-0.0,-0.0,-0.0,-0.0,-0.0,-0.0,-0.0,-0.0,0.0079345703125,0.00888824462890625,0.01087188720703125,0.0151824951171875,0.01087188720703125,0.0116729736328125,0.00942230224609375,0.01979827880859375,0.0043487548828125,0.010986328125,0.02994537353515625,0.01445770263671875,0.02040863037109375,0.009918212890625,0.00461578369140625,0.02368927001953125,0.116119384765625,0.090789794921875,0.10986328125,0.10345458984375,0.113067626953125,0.104522705078125,0.07781982421875,0.095977783203125,-0.071563720703125,0.083160400390625,0.083160400390625,0.087890625,1.03515625,1.455078125,-0.02716064453125,1.81365966796875,4.669657230377197
319,0.41450000000000015,-0.0,-0.0,-0.0,-0.0,-0.0,-0.0,8.87121868133545,-9.487165451049805,-780.9794921875,-265577.5,49045.51171875,-2888.544921875,-0.0,-0.0,-0.0,-0.0,-0.0,-0.0,-0.0,-0.0,-0.0,-0.0,-0.0,-0.0,-0.00423431396484375,-0.006256103515625,-0.00644683837890625,-0.00957489013671875,-0.00553131103515625,-0.01049041748046875,-0.00865936279296875,-0.0146484375,-0.00476837158203125,-0.01140594482421875,-0.01468658447265625,-0.0052642822265625,-0.01918792724609375,-0.00823974609375,-0.00240325927734375,-0.0176239013671875,0.164031982421875,0.01922607421875,0.069732666015625,0.09552001953125,0.0823974609375,0.079803466796875,0.114288330078125,0.19622802734375,0.10162353515625,0.052642822265625,0.09124755859375,0.09429931640625,-0.560455322265625,0.26641845703125,0.435791015625,-1.23260498046875,0.09639240801334381
320,0.41500000000000015,-0.0,-0.0,-0.0,-0.0,-0.0,-0.0,8.16783618927002,-10.185683250427246,-783.764404296875,-266627.34375,48761.33203125,-2958.93603515625,-0.0,-0.0,-0.0,-0.0,-0.0,-0.0,-0.0,-0.0,-0.0,-0.0,-0.0,-0.0,-0.0081634521484375,-0.005340576171875,-0.01018524169921875,-0.01293182373046875,-0.0113677978515625,-0.01255035400390625,-0.0086212158203125,-0.0211334228515625,-0.006256103515625,-0.0164031982421875,-0.02704620361328125,-0.01132965087890625,-0.01834869384765625,-0.00751495361328125,-0.0042724609375,-0.0237274169921875,0.03936767578125,0.199737548828125,0.09979248046875,0.096282958984375,0.082855224609375,0.103912353515625,0.078125,0.065460205078125,0.35186767578125,0.09185791015625,0.12939453125,0.084686279296875,-0.96466064453125,-1.3519287109375,0.36407470703125,-1.66961669921875,-0.5133762359619141
321,0.41550000000000015,-0.0,-0.0,-0.0,-0.0,-0.0,-0.0,9.000386238098145,-11.750329971313477,-785.8446044921875,-267892.625,48762.50390625,-3018.834716796875,-0.0,-0.0,-0.0,-0.0,-0.0,-0.0,-0.0,-0.0,-0.0,-0.0,-0.0,-0.0,0.00732421875,0.00553131103515625,0.00789642333984375,0.01049041748046875,0.00652313232421875,0.01110076904296875,0.006866455078125,0.013275146484375,0.0064849853515625,0.01129150390625,0.01865386962890625,0.00514984130859375,0.0206756591796875,0.008697509765625,0.00331878662109375,0.01880645751953125,0.062713623046875,0.1373291015625,0.112152099609375,0.09796142578125,0.09185791015625,0.106658935546875,0.08392333984375,0.0689697265625,0.068359375,0.083160400390625,0.103912353515625,0.099334716796875,0.971221923828125,-0.02410888671875,-0.2142333984375,1.488494873046875,5.889194965362549
322,0.41600000000000015,-0.0,-0.0,-0.0,-0.0,-0.0,-0.0,8.345965385437012,-12.631845474243164,-787.6290893554688,-268560.375,49098.703125,-3013.0380859375,-0.0,-0.0,-0.0,-0.0,-0.0,-0.0,-0.0,-0.0,-0.0,-0.0,-0.0,-0.0,0.00865936279296875,0.00946044921875,0.01224517822265625,0.01369476318359375,0.011138916015625,0.01300811767578125,0.0096893310546875,0.0189208984375,0.00659942626953125,0.01216888427734375,0.02956390380859375,0.01312255859375,0.01995086669921875,0.0093841552734375,0.00492095947265625,0.0251007080078125,0.100555419921875,0.102081298828125,0.098114013671875,0.0927734375,0.11199951171875,0.097198486328125,0.1129150390625,0.14404296875,0.0518798828125,0.09429931640625,0.097198486328125,0.105438232421875,0.78094482421875,1.763916015625,-0.10345458984375,1.5673828125,6.498963356018066
323,0.41650000000000015,-0.0,-0.0,-0.0,-0.0,-0.0,-0.0,8.588835716247559,-12.622625350952148,-790.8912353515625,-269326.34375,48592.08984375,-3149.3603515625,-0.0,-0.0,-0.0,-0.0,-0.0,-0.0,-0.0,-0.0,-0.0,-0.0,-0.0,-0.0,-0.00545501708984375,-0.00530242919921875,-0.008087158203125,-0.00774383544921875,-0.00926971435546875,-0.00843048095703125,-0.0089263916015625,-0.01239776611328125,-0.0057220458984375,-0.01064300537109375,-0.012664794921875,-0.00774383544921875,-0.017547607421875,-0.00881195068359375,-0.00274658203125,-0.0167083740234375,0.10467529296875,0.098114013671875,0.0970458984375,0.097198486328125,0.05340576171875,0.09246826171875,0.10833740234375,0.082550048828125,0.166473388671875,0.124053955078125,0.09002685546875,0.08453369140625,-0.58685302734375,0.523681640625,0.28411865234375,-1.097869873046875,1.9256983995437622
324,0.41700000000000015,-0.0,-0.0,-0.0,-0.0,-0.0,-0.0,8.702520370483398,-12.438182830810547,-791.5734252929688,-269221.0,48525.83203125,-3228.89208984375,-0.0,-0.0,-0.0,-0.0,-0.0,-0.0,-0.0,-0.0,-0.0,-0.0,-0.0,-0.0,-0.0067138671875,-0.00713348388671875,-0.00980377197265625,-0.01407623291015625,-0.0101470947265625,-0.013427734375,-0.00888824462890625,-0.02277374267578125,-0.00743865966796875,-0.01068115234375,-0.02536773681640625,-0.01102447509765625,-0.01911163330078125,-0.00865936279296875,-0.00301361083984375,-0.025177001953125,0.125579833984375,0.103302001953125,0.102081298828125,0.09918212890625,0.097198486328125,0.093536376953125,0.089263916015625,0.102691650390625,0.190887451171875,0.1092529296875,0.0775146484375,0.093536376953125,-0.7403564453125,-1.1798095703125,0.3033447265625,-1.697845458984375,0.40127673745155334
325,0.41750000000000015,-0.0,-0.0,-0.0,-0.0,-0.0,-0.0,8.896577835083008,-11.847240447998047,-791.6074829101562,-269727.59375,48690.390625,-3305.31787109375,-0.0,-0.0,-0.0,-0.0,-0.0,-0.0,-0.0,-0.0,-0.0,-0.0,-0.0,-0.0,0.00728607177734375,0.00675201416015625,0.006256103515625,0.00980377197265625,0.00774383544921875,0.00873565673828125,0.00888824462890625,0.01285552978515625,0.00621795654296875,0.011138916015625,0.014495849609375,0.00823974609375,0.02155303955078125,0.00736236572265625,0.0025177001953125,0.01735687255859375,0.09857177734375,0.09857177734375,0.08453369140625,0.09185791015625,0.09063720703125,0.09765625,0.107269287109375,0.082855224609375,0.107421875,0.1190185546875,0.092926025390625,0.1153564453125,0.972442626953125,-0.37994384765625,-0.052490234375,1.44866943359375,8.023386001586914
326,0.41800000000000015,-0.0,-0.0,-0.0,-0.0,-0.0,-0.0,8.807435035705566,-11.522205352783203,-791.3162841796875,-269519.375,48460.83984375,-3190.932861328125,-0.0,-0.0,-0.0,-0.0,-0.0,-0.0,-0.0,-0.0,-0.0,-0.0,-0.0,-0.0,0.0083160400390625,0.00782012939453125,0.0121307373046875,0.014190673828125,0.01117706298828125,0.0124359130859375,0.0063323974609375,0.01983642578125,0.007171630859375,0.010986328125,0.02719879150390625,0.0092315673828125,0.01956939697265625,0.00995635986328125,0.0060272216796875,0.02475738525390625,0.084381103515625,0.085601806640625,0.10162353515625,0.087432861328125,0.08819580078125,0.10528564453125,0.032806396484375,0.09765625,0.09368896484375,0.162200927734375,0.111236572265625,0.08514404296875,0.8465576171875,1.46820068359375,-0.5242919921875,1.78070068359375,9.24292278289795
327,0.41850000000000015,-0.0,-0.0,-0.0,-0.0,-0.0,-0.0,8.174935340881348,-10.744261741638184,-789.7745361328125,-268767.8125,48465.265625,-3121.051513671875,-0.0,-0.0,-0.0,-0.0,-0.0,-0.0,-0.0,-0.0,-0.0,-0.0,-0.0,-0.0,-0.00545501708984375,-0.00457763671875,-0.00835418701171875,-0.00926971435546875,-0.0084686279296875,-0.00919342041015625,-0.0083160400390625,-0.01346588134765625,-0.00629425048828125,-0.0116729736328125,-0.0128936767578125,-0.00507354736328125,-0.01735687255859375,-0.0046539306640625,-0.00152587890625,-0.0171661376953125,0.090484619140625,0.099639892578125,0.095977783203125,0.11688232421875,0.1080322265625,0.10711669921875,0.130767822265625,0.037689208984375,0.01007080078125,-0.0775146484375,0.099639892578125,0.102386474609375,-0.618896484375,0.543212890625,0.40313720703125,-0.8807373046875,2.5354671478271484
328,0.41900000000000015,-0.0,-0.0,-0.0,-0.0,-0.0,-0.0,8.199568748474121,-10.266435623168945,-787.8484497070312,-268274.625,47978.16015625,-2987.673095703125,-0.0,-0.0,-0.0,-0.0,-0.0,-0.0,-0.0,-0.0,-0.0,-0.0,-0.0,-0.0,-0.007781982421875,-0.00530242919921875,-0.0093841552734375,-0.0130462646484375,-0.0079345703125,-0.0130462646484375,-0.0092315673828125,-0.02117156982421875,-0.00713348388671875,-0.01369476318359375,-0.02773284912109375,-0.0110626220703125,-0.01926422119140625,-0.00720977783203125,-0.003814697265625,-0.02353668212890625,0.107269287109375,0.083770751953125,0.101165771484375,0.11444091796875,0.105743408203125,0.106658935546875,0.131072998046875,0.125579833984375,-0.00244140625,0.143280029296875,0.10833740234375,0.122528076171875,-0.752716064453125,-1.3629150390625,0.3289794921875,-1.564788818359375,-0.8182606101036072
329,0.41950000000000015,-0.0,-0.0,-0.0,-0.0,-0.0,-0.0,7.956394195556641,-9.910118103027344,-785.8551635742188,-267295.15625,48070.1015625,-3043.271240234375,-0.0,-0.0,-0.0,-0.0,-0.0,-0.0,-0.0,-0.0,-0.0,-0.0,-0.0,-0.0,0.0078582763671875,0.00476837158203125,0.009002685546875,0.00881195068359375,0.008697509765625,0.01056671142578125,0.00850677490234375,0.01392364501953125,0.00759124755859375,0.010833740234375,0.01667022705078125,0.0054168701171875,0.01964569091796875,0.0074005126953125,0.00415802001953125,0.0164794921875,0.119476318359375,0.1226806640625,0.091400146484375,0.105133056640625,0.10162353515625,0.09429931640625,0.109100341796875,0.146942138671875,0.098724365234375,0.11077880859375,0.052032470703125,0.0970458984375,0.574951171875,-0.08880615234375,-0.29754638671875,1.25396728515625,16.56014633178711
330,0.42000000000000015,-0.0,-0.0,-0.0,-0.0,-0.0,-0.0,8.086833953857422,-8.385467529296875,-786.0162353515625,-266556.9375,48008.26953125,-2890.34619140625,-0.0,-0.0,-0.0,-0.0,-0.0,-0.0,-0.0,-0.0,-0.0,-0.0,-0.0,-0.0,0.00804901123046875,0.00698089599609375,0.01010894775390625,0.01354217529296875,0.009765625,0.0125885009765625,0.00888824462890625,0.01888275146484375,0.0086212158203125,0.01373291015625,0.03078460693359375,0.0113677978515625,0.0177001953125,0.009613037109375,0.00331878662109375,0.02346038818359375,0.14892578125,0.0604248046875,0.07598876953125,0.07781982421875,0.080718994140625,0.076904296875,0.05279541015625,0.0250244140625,0.047760009765625,0.142669677734375,0.0537109375,0.080718994140625,0.853118896484375,1.67999267578125,-0.1995849609375,1.790771484375,4.05988883972168
331,0.42050000000000015,-0.0,-0.0,-0.0,-0.0,-0.0,-0.0,7.915696144104004,-7.802380084991455,-782.1307373046875,-265529.3125,47619.5546875,-2833.578369140625,-0.0,-0.0,-0.0,-0.0,-0.0,-0.0,-0.0,-0.0,-0.0,-0.0,-0.0,-0.0,-0.00629425048828125,-0.0025177001953125,-0.007781982421875,-0.0075531005859375,-0.00690460205078125,-0.00843048095703125,-0.0078582763671875,-0.01178741455078125,-0.00179290771484375,-0.0118255615234375,-0.01354217529296875,-0.00637054443359375,-0.018768310546875,-0.0066375732421875,-0.00247955322265625,-0.0164031982421875,-0.00732421875,0.15289306640625,0.120849609375,0.10955810546875,0.112762451171875,0.11688232421875,0.120086669921875,0.157470703125,0.147857666015625,0.110321044921875,0.12176513671875,0.07659912109375,-0.433349609375,0.43365478515625,0.5352783203125,-1.20513916015625,1.9256983995437622
332,0.42100000000000015,-0.0,-0.0,-0.0,-0.0,-0.0,-0.0,8.355183601379395,-6.945536136627197,-779.5366821289062,-264328.65625,47321.546875,-2988.22998046875,-0.0,-0.0,-0.0,-0.0,-0.0,-0.0,-0.0,-0.0,-0.0,-0.0,-0.0,-0.0,-0.00732421875,-0.00759124755859375,-0.01018524169921875,-0.013427734375,-0.01033782958984375,-0.01224517822265625,-0.0077056884765625,-0.02170562744140625,-0.0070953369140625,-0.0127410888671875,-0.0289154052734375,-0.01018524169921875,-0.01712799072265625,-0.00759124755859375,-0.0037384033203125,-0.02414703369140625,0.087738037109375,0.116424560546875,0.103912353515625,0.10406494140625,0.087890625,0.10528564453125,0.113067626953125,0.028228759765625,0.1068115234375,0.115966796875,0.093536376953125,0.104217529296875,-0.930633544921875,-1.32904052734375,0.48675537109375,-1.58599853515625,-2.95245099067688
333,0.42150000000000015,-0.0,-0.0,-0.0,-0.0,-0.0,-0.0,8.314130783081055,-6.506519317626953,-777.563232421875,-263526.65625,47152.37890625,-2958.722412109375,-0.0,-0.0,-0.0,-0.0,-0.0,-0.0,-0.0,-0.0,-0.0,-0.0,-0.0,-0.0,0.00675201416015625,0.0067138671875,0.00835418701171875,0.010528564453125,0.006866455078125,0.0102996826171875,0.006866455078125,0.01506805419921875,0.00476837158203125,0.0131988525390625,0.014190673828125,0.0045013427734375,0.01983642578125,0.00522613525390625,0.00415802001953125,0.01739501953125,0.113677978515625,0.106353759765625,0.10040283203125,0.08697509765625,0.124664306640625,0.098876953125,0.10040283203125,0.140533447265625,0.036773681640625,0.084991455078125,0.103607177734375,0.09429931640625,0.86669921875,-0.4498291015625,-0.2508544921875,1.25152587890625,6.498963356018066
334,0.42200000000000015,-0.0,-0.0,-0.0,-0.0,-0.0,-0.0,8.118156433105469,-5.514400482177734,-775.0654296875,-262523.25,47107.44140625,-3016.43798828125,-0.0,-0.0,-0.0,-0.0,-0.0,-0.0,-0.0,-0.0,-0.0,-0.0,-0.0,-0.0,0.00946044921875,0.007476806640625,0.00988006591796875,0.0128936767578125,0.00972747802734375,0.01415252685546875,0.0091552734375,0.02101898193359375,0.00621795654296875,0.0128173828125,0.0286865234375,0.0091552734375,0.0214385986328125,0.00659942626953125,0.00396728515625,0.02407073974609375,0.10589599609375,0.09429931640625,0.101470947265625,0.110931396484375,0.1123046875,0.102691650390625,0.091705322265625,0.048370361328125,-0.079345703125,0.042877197265625,0.0970458984375,0.110015869140625,0.9954833984375,1.38458251953125,-0.4229736328125,1.89605712890625,5.584310531616211
335,0.42250000000000015,-0.0,-0.0,-0.0,-0.0,-0.0,-0.0,8.022462844848633,-4.450042247772217,-772.7576904296875,-261870.390625,46338.59765625,-3113.042236328125,-0.0,-0.0,-0.0,-0.0,-0.0,-0.0,-0.0,-0.0,-0.0,-0.0,-0.0,-0.0,-0.00553131103515625,-0.00484466552734375,-0.0077056884765625,-0.01003265380859375,-0.0081634521484375,-0.00576019287109375,-0.0064849853515625,-0.01224517822265625,-0.003509521484375,-0.008087158203125,-0.0127410888671875,-0.0054168701171875,-0.01514434814453125,-0.00583648681640625,-0.0040435791015625,-0.0162506103515625,0.11993408203125,0.008544921875,0.075225830078125,0.1007080078125,0.073089599609375,0.094146728515625,0.10589599609375,0.101318359375,0.3424072265625,0.1019287109375,0.075225830078125,0.093231201171875,-0.310211181640625,0.44281005859375,0.4351806640625,-0.74066162109375,0.7061610817909241
336,0.42300000000000015,-0.0,-0.0,-0.0,-0.0,-0.0,-0.0,8.831840515136719,-4.522007465362549,-770.3576049804688,-260876.4375,46065.55078125,-3292.9169921875,-0.0,-0.0,-0.0,-0.0,-0.0,-0.0,-0.0,-0.0,-0.0,-0.0,-0.0,-0.0,-0.0067138671875,-0.00766754150390625,-0.0095367431640625,-0.01251220703125,-0.00988006591796875,-0.0124359130859375,-0.0107574462890625,-0.02227783203125,-0.00537872314453125,-0.00972747802734375,-0.0225067138671875,-0.0109100341796875,-0.02063751220703125,-0.00843048095703125,-0.00244140625,-0.023956298828125,0.066986083984375,0.33233642578125,0.107879638671875,0.09613037109375,0.067596435546875,0.0982666015625,0.126953125,0.1080322265625,0.046539306640625,0.08575439453125,0.104522705078125,0.050506591796875,-0.435028076171875,-0.947265625,0.4425048828125,-1.843719482421875,-3.2573351860046387
337,0.42350000000000015,-0.0,-0.0,-0.0,-0.0,-0.0,-0.0,9.700348854064941,-3.8694164752960205,-767.1068115234375,-259920.203125,45961.11328125,-3368.388671875,-0.0,-0.0,-0.0,-0.0,-0.0,-0.0,-0.0,-0.0,-0.0,-0.0,-0.0,-0.0,0.007171630859375,0.00385284423828125,0.00766754150390625,0.00926971435546875,0.006866455078125,0.01140594482421875,0.0049591064453125,0.01373291015625,0.00308990478515625,0.01209259033203125,0.01373291015625,0.00640869140625,0.01728057861328125,0.0049591064453125,0.0040435791015625,0.0147247314453125,0.086517333984375,0.137939453125,0.1080322265625,0.07781982421875,0.11322021484375,0.09124755859375,0.00823974609375,0.080108642578125,0.20233154296875,0.121917724609375,0.113067626953125,0.0958251953125,0.891265869140625,-0.42694091796875,0.00457763671875,0.836944580078125,8.633153915405273
338,0.42400000000000015,-0.0,-0.0,-0.0,-0.0,-0.0,-0.0,10.038615226745605,-2.9178051948547363,-764.98779296875,-259301.0625,45442.875,-3527.732177734375,-0.0,-0.0,-0.0,-0.0,-0.0,-0.0,-0.0,-0.0,-0.0,-0.0,-0.0,-0.0,0.0072479248046875,0.00759124755859375,0.0109100341796875,0.01430511474609375,0.01102447509765625,0.012664794921875,0.0102996826171875,0.0213623046875,0.0032806396484375,0.0110626220703125,0.0276947021484375,0.0098419189453125,0.0200653076171875,0.00911712646484375,0.00492095947265625,0.02407073974609375,0.093994140625,0.106353759765625,0.099639892578125,0.0994873046875,0.1702880859375,0.103302001953125,0.13031005859375,0.105133056640625,0.107421875,0.112762451171875,0.093536376953125,0.119781494140625,0.6121826171875,1.21185302734375,-0.4144287109375,1.84295654296875,5.889194965362549
339,0.42450000000000015,-0.0,-0.0,-0.0,-0.0,-0.0,-0.0,10.17459487915039,-2.5379202365875244,-763.3893432617188,-258467.5,45449.80078125,-3718.325439453125,-0.0,-0.0,-0.0,-0.0,-0.0,-0.0,-0.0,-0.0,-0.0,-0.0,-0.0,-0.0,-0.005950927734375,-0.00461578369140625,-0.006866455078125,-0.00972747802734375,-0.00629425048828125,-0.01018524169921875,-0.0066375732421875,-0.01285552978515625,-0.00347137451171875,-0.01003265380859375,-0.013885498046875,-0.00606536865234375,-0.01453399658203125,-0.00637054443359375,-0.00091552734375,-0.01689910888671875,0.101165771484375,0.092620849609375,0.090179443359375,0.097198486328125,0.119476318359375,0.096435546875,0.115509033203125,0.121002197265625,0.031890869140625,0.097808837890625,0.09185791015625,0.104217529296875,-0.6842041015625,0.25787353515625,0.48126220703125,-0.67626953125,-0.8182606101036072
340,0.42500000000000016,-0.0,-0.0,-0.0,-0.0,-0.0,-0.0,10.724344253540039,-2.223971366882324,-761.287841796875,-258126.953125,45117.62109375,-3842.83837890625,-0.0,-0.0,-0.0,-0.0,-0.0,-0.0,-0.0,-0.0,-0.0,-0.0,-0.0,-0.0,-0.0084686279296875,-0.00675201416015625,-0.0113677978515625,-0.01468658447265625,-0.01049041748046875,-0.013275146484375,-0.0080108642578125,-0.02010345458984375,-0.00362396240234375,-0.011138916015625,-0.0231170654296875,-0.00965118408203125,-0.01995086669921875,-0.00965118408203125,-0.00492095947265625,-0.025177001953125,0.0946044921875,0.08819580078125,0.099029541015625,0.10101318359375,0.0299072265625,0.10498046875,0.120391845703125,0.142669677734375,0.08941650390625,0.238189697265625,0.0958251953125,0.093994140625,-0.634307861328125,-1.01593017578125,0.51025390625,-1.822357177734375,-2.0377979278564453
341,0.42550000000000016,-0.0,-0.0,-0.0,-0.0,-0.0,-0.0,11.791118621826172,-2.2049825191497803,-760.5651245117188,-257758.546875,44941.34765625,-4012.18701171875,-0.0,-0.0,-0.0,-0.0,-0.0,-0.0,-0.0,-0.0,-0.0,-0.0,-0.0,-0.0,0.00560760498046875,0.00537872314453125,0.0075531005859375,0.01007080078125,0.00736236572265625,0.009307861328125,0.006561279296875,0.01194000244140625,0.006256103515625,0.00949859619140625,0.0139617919921875,0.0048065185546875,0.016021728515625,0.0067901611328125,0.0037384033203125,0.01796722412109375,0.1153564453125,0.084991455078125,0.1025390625,0.080108642578125,0.11871337890625,0.094451904296875,0.0616455078125,0.04852294921875,0.124053955078125,-0.033416748046875,0.098724365234375,0.084686279296875,0.468292236328125,-0.3607177734375,-0.3302001953125,1.014556884765625,9.547806739807129
342,0.42600000000000016,-0.0,-0.0,-0.0,-0.0,-0.0,-0.0,12.361227035522461,-2.2746806144714355,-757.5856323242188,-257533.71875,44654.80078125,-4224.60595703125,-0.0,-0.0,-0.0,-0.0,-0.0,-0.0,-0.0,-0.0,-0.0,-0.0,-0.0,-0.0,0.008697509765625,0.00553131103515625,0.012664794921875,0.0154876708984375,0.01178741455078125,0.01377105712890625,0.00766754150390625,0.021820068359375,0.0040435791015625,0.0119781494140625,0.02773284912109375,0.01216888427734375,0.02109527587890625,0.00926971435546875,0.006256103515625,0.0241851806640625,0.093536376953125,0.089111328125,0.10589599609375,0.10772705078125,0.098114013671875,0.104827880859375,0.071868896484375,0.078887939453125,0.073699951171875,0.109100341796875,0.10345458984375,0.100860595703125,0.806884765625,1.54327392578125,-0.16845703125,1.76910400390625,3.450119972229004
343,0.42650000000000016,-0.0,-0.0,-0.0,-0.0,-0.0,-0.0,12.938928604125977,-2.033669948577881,-756.341552734375,-257899.5625,44432.01171875,-4523.31884765625,-0.0,-0.0,-0.0,-0.0,-0.0,-0.0,-0.0,-0.0,-0.0,-0.0,-0.0,-0.0,-0.005950927734375,-0.0040435791015625,-0.00812530517578125,-0.00835418701171875,-0.006866455078125,-0.01007080078125,-0.0054168701171875,-0.01346588134765625,-0.00301361083984375,-0.0089263916015625,-0.0124359130859375,-0.00431060791015625,-0.01728057861328125,-0.00423431396484375,-0.003814697265625,-0.0142669677734375,0.091400146484375,0.09490966796875,0.10589599609375,0.110931396484375,0.0836181640625,0.099945068359375,0.14862060546875,0.142669677734375,0.094146728515625,0.092315673828125,0.116729736328125,0.100555419921875,-0.4705810546875,0.64239501953125,0.28717041015625,-1.0894775390625,2.2305827140808105
344,0.42700000000000016,-0.0,-0.0,-0.0,-0.0,-0.0,-0.0,13.712239265441895,-2.5648229122161865,-758.9046020507812,-258039.0,44496.74609375,-4604.05712890625,-0.0,-0.0,-0.0,-0.0,-0.0,-0.0,-0.0,-0.0,-0.0,-0.0,-0.0,-0.0,-0.0066375732421875,-0.0083160400390625,-0.01178741455078125,-0.01453399658203125,-0.0101470947265625,-0.0115203857421875,-0.01354217529296875,-0.01903533935546875,-0.0058746337890625,-0.00850677490234375,-0.0246429443359375,-0.0101470947265625,-0.02124786376953125,-0.0107574462890625,-0.0041961669921875,-0.02498626708984375,0.093536376953125,0.09002685546875,0.102691650390625,0.098419189453125,0.118560791015625,0.093994140625,0.106658935546875,0.130157470703125,0.1031494140625,0.05645751953125,0.11566162109375,0.1080322265625,-0.47943115234375,-1.134033203125,0.548095703125,-1.734466552734375,-1.1231448650360107
345,0.42750000000000016,-0.0,-0.0,-0.0,-0.0,-0.0,-0.0,14.184471130371094,-3.096574544906616,-761.091552734375,-258887.140625,44584.90234375,-4713.08349609375,-0.0,-0.0,-0.0,-0.0,-0.0,-0.0,-0.0,-0.0,-0.0,-0.0,-0.0,-0.0,0.0066375732421875,0.00598907470703125,0.00698089599609375,0.0101470947265625,0.00560760498046875,0.01148223876953125,0.00774383544921875,0.01407623291015625,0.0060272216796875,0.011749267578125,0.01483917236328125,0.00576019287109375,0.01735687255859375,0.00629425048828125,0.00316619873046875,0.01750946044921875,0.095977783203125,0.08026123046875,0.114288330078125,0.098419189453125,0.106048583984375,0.101470947265625,0.101470947265625,0.178680419921875,0.1116943359375,0.005645751953125,0.07232666015625,0.080413818359375,1.02264404296875,-0.14312744140625,-0.3326416015625,1.18743896484375,5.584310531616211
346,0.42800000000000016,-0.0,-0.0,-0.0,-0.0,-0.0,-0.0,14.342480659484863,-3.2036561965942383,-763.938232421875,-260162.59375,44978.109375,-4735.03662109375,-0.0,-0.0,-0.0,-0.0,-0.0,-0.0,-0.0,-0.0,-0.0,-0.0,-0.0,-0.0,0.0091552734375,0.0070953369140625,0.01190185546875,0.014495849609375,0.00995635986328125,0.0124359130859375,0.009918212890625,0.022125244140625,0.009002685546875,0.012664794921875,0.0278472900390625,0.01117706298828125,0.02353668212890625,0.0089263916015625,0.0055694580078125,0.02285003662109375,0.1678466796875,0.028228759765625,0.10589599609375,0.09521484375,0.07354736328125,0.096588134765625,0.0689697265625,-0.024261474609375,0.030059814453125,0.21209716796875,0.11993408203125,0.07659912109375,0.832366943359375,1.38763427734375,-0.27679443359375,2.109222412109375,3.755004405975342
347,0.42850000000000016,-0.0,-0.0,-0.0,-0.0,-0.0,-0.0,13.445712089538574,-3.903332233428955,-767.3782958984375,-261367.25,44914.7421875,-4605.00537109375,-0.0,-0.0,-0.0,-0.0,-0.0,-0.0,-0.0,-0.0,-0.0,-0.0,-0.0,-0.0,-0.005340576171875,-0.00484466552734375,-0.006561279296875,-0.0102996826171875,-0.00675201416015625,-0.00881195068359375,-0.00705718994140625,-0.01251220703125,-0.0037384033203125,-0.0099945068359375,-0.01373291015625,-0.006256103515625,-0.01529693603515625,-0.00583648681640625,-0.00152587890625,-0.01758575439453125,0.063018798828125,0.05035400390625,0.1031494140625,0.0933837890625,0.081939697265625,0.100250244140625,0.093994140625,0.085296630859375,0.19134521484375,0.04302978515625,0.13092041015625,0.112762451171875,-0.488739013671875,0.40313720703125,0.3973388671875,-0.923309326171875,1.0110454559326172
348,0.42900000000000016,-0.0,-0.0,-0.0,-0.0,-0.0,-0.0,12.667892456054688,-3.8820362091064453,-767.7384033203125,-262649.9375,45281.3828125,-4181.72314453125,-0.0,-0.0,-0.0,-0.0,-0.0,-0.0,-0.0,-0.0,-0.0,-0.0,-0.0,-0.0,-0.009002685546875,-0.00789642333984375,-0.01056671142578125,-0.01178741455078125,-0.008544921875,-0.01560211181640625,-0.01018524169921875,-0.02384185791015625,-0.00728607177734375,-0.01316070556640625,-0.0278472900390625,-0.01148223876953125,-0.02185821533203125,-0.0067901611328125,-0.003204345703125,-0.023345947265625,0.060882568359375,0.177001953125,0.099639892578125,0.092315673828125,0.083465576171875,0.101165771484375,0.100250244140625,0.152435302734375,0.0213623046875,0.172882080078125,0.107879638671875,0.10528564453125,-0.909881591796875,-1.4288330078125,0.34393310546875,-1.946258544921875,-1.732913613319397
349,0.42950000000000016,-0.0,-0.0,-0.0,-0.0,-0.0,-0.0,12.353198051452637,-5.436954498291016,-773.7273559570312,-263151.5,45987.92578125,-4027.4658203125,-0.0,-0.0,-0.0,-0.0,-0.0,-0.0,-0.0,-0.0,-0.0,-0.0,-0.0,-0.0,0.007171630859375,0.006561279296875,0.00701904296875,0.01033782958984375,0.0075531005859375,0.01003265380859375,0.00682830810546875,0.01438140869140625,0.0057220458984375,0.01216888427734375,0.013885498046875,0.008392333984375,0.01750946044921875,0.007781982421875,0.00194549560546875,0.01827239990234375,0.09490966796875,0.11016845703125,0.103607177734375,0.09735107421875,0.1116943359375,0.0982666015625,0.122833251953125,0.114593505859375,0.13519287109375,0.122222900390625,0.085906982421875,0.09979248046875,0.786590576171875,-0.35736083984375,-0.0946044921875,1.259307861328125,3.755004405975342
350,0.43000000000000016,-0.0,-0.0,-0.0,-0.0,-0.0,-0.0,11.416207313537598,-5.817468166351318,-775.3304443359375,-264848.5625,46420.19921875,-3735.702880859375,-0.0,-0.0,-0.0,-0.0,-0.0,-0.0,-0.0,-0.0,-0.0,-0.0,-0.0,-0.0,0.009918212890625,0.009613037109375,0.0104522705078125,0.01491546630859375,0.00888824462890625,0.01434326171875,0.00873565673828125,0.02056121826171875,0.0078582763671875,0.0121307373046875,0.0324249267578125,0.0125885009765625,0.02166748046875,0.00873565673828125,0.0035858154296875,0.024871826171875,0.108184814453125,0.0946044921875,0.103302001953125,0.0921630859375,0.081634521484375,0.09979248046875,0.041046142578125,0.100860595703125,0.108642578125,0.2435302734375,0.09429931640625,0.099945068359375,0.999908447265625,1.7694091796875,-0.23773193359375,1.994171142578125,5.889194965362549
351,0.43050000000000016,-0.0,-0.0,-0.0,-0.0,-0.0,-0.0,9.969009399414062,-6.395900249481201,-779.2936401367188,-265945.875,47250.67578125,-3334.21875,-0.0,-0.0,-0.0,-0.0,-0.0,-0.0,-0.0,-0.0,-0.0,-0.0,-0.0,-0.0,-0.00667572021484375,-0.0048828125,-0.00820159912109375,-0.00823974609375,-0.007781982421875,-0.00911712646484375,-0.00705718994140625,-0.01323699951171875,-0.00484466552734375,-0.01148223876953125,-0.01277923583984375,-0.00530242919921875,-0.01800537109375,-0.004425048828125,-0.0052642822265625,-0.01560211181640625,0.107269287109375,0.092620849609375,0.104522705078125,0.10284423828125,0.08056640625,0.1080322265625,0.119171142578125,0.109405517578125,0.06439208984375,0.07904052734375,0.071258544921875,0.101776123046875,-0.455780029296875,0.5169677734375,0.44677734375,-0.935516357421875,0.09639240801334381
352,0.43100000000000016,-0.0,-0.0,-0.0,-0.0,-0.0,-0.0,8.652664184570312,-6.4181437492370605,-784.3206176757812,-267496.09375,47957.7890625,-3106.7724609375,-0.0,-0.0,-0.0,-0.0,-0.0,-0.0,-0.0,-0.0,-0.0,-0.0,-0.0,-0.0,-0.00820159912109375,-0.00766754150390625,-0.010986328125,-0.01434326171875,-0.00926971435546875,-0.01285552978515625,-0.01117706298828125,-0.01941680908203125,-0.0078582763671875,-0.0139617919921875,-0.0286102294921875,-0.013427734375,-0.02346038818359375,-0.01018524169921875,-0.0032806396484375,-0.02300262451171875,0.109710693359375,0.074920654296875,0.089263916015625,0.10345458984375,0.110931396484375,0.093994140625,0.113525390625,0.104827880859375,-0.244903564453125,-0.12786865234375,0.080718994140625,0.111846923828125,-0.7012939453125,-1.37603759765625,0.3863525390625,-1.84173583984375,-6.915947437286377
353,0.43150000000000016,-0.0,-0.0,-0.0,-0.0,-0.0,-0.0,7.939735412597656,-6.751993656158447,-784.41259765625,-268251.9375,48681.34765625,-2653.94580078125,-0.0,-0.0,-0.0,-0.0,-0.0,-0.0,-0.0,-0.0,-0.0,-0.0,-0.0,-0.0,0.0054168701171875,0.005645751953125,0.00667572021484375,0.00972747802734375,0.00820159912109375,0.0125885009765625,0.00995635986328125,0.0119781494140625,0.0054931640625,0.01461029052734375,0.01369476318359375,0.00858306884765625,0.0160980224609375,0.007781982421875,0.0022125244140625,0.0164794921875,0.085906982421875,0.03265380859375,0.09613037109375,0.102081298828125,0.095672607421875,0.10498046875,0.105438232421875,0.095977783203125,0.550537109375,0.0811767578125,0.089569091796875,0.081787109375,1.141357421875,-0.323486328125,-0.11016845703125,1.325225830078125,6.803847789764404
354,0.43200000000000016,-0.0,-0.0,-0.0,-0.0,-0.0,-0.0,6.980767250061035,-7.397823333740234,-786.8848876953125,-269277.0,49215.70703125,-2624.87646484375,-0.0,-0.0,-0.0,-0.0,-0.0,-0.0,-0.0,-0.0,-0.0,-0.0,-0.0,-0.0,0.00911712646484375,0.0084686279296875,0.0131988525390625,0.01491546630859375,0.01041412353515625,0.01346588134765625,0.00942230224609375,0.020751953125,0.0061798095703125,0.011444091796875,0.0287628173828125,0.0122833251953125,0.02155303955078125,0.00896453857421875,0.0054168701171875,0.0251007080078125,0.10467529296875,0.143585205078125,0.0872802734375,0.092620849609375,0.10528564453125,0.103607177734375,0.10009765625,0.110931396484375,0.1751708984375,0.100250244140625,0.073699951171875,0.087432861328125,0.881195068359375,1.56768798828125,-0.25146484375,1.6192626953125,3.450119972229004
355,0.43250000000000016,-0.0,-0.0,-0.0,-0.0,-0.0,-0.0,6.311758041381836,-7.397823333740234,-790.2402954101562,-269463.375,49561.94140625,-2281.125,-0.0,-0.0,-0.0,-0.0,-0.0,-0.0,-0.0,-0.0,-0.0,-0.0,-0.0,-0.0,-0.004730224609375,-0.00377655029296875,-0.00873565673828125,-0.00873565673828125,-0.0077056884765625,-0.00904083251953125,-0.00667572021484375,-0.0146484375,-0.00446319580078125,-0.0125885009765625,-0.014801025390625,-0.00469207763671875,-0.01697540283203125,-0.00537872314453125,-0.0048828125,-0.01598358154296875,0.09002685546875,0.10162353515625,0.09033203125,0.099639892578125,0.099945068359375,0.101470947265625,0.070343017578125,0.069122314453125,0.103302001953125,0.11016845703125,0.09307861328125,0.08941650390625,-0.96282958984375,0.2911376953125,0.35552978515625,-0.84625244140625,3.145235776901245
356,0.43300000000000016,-0.0,-0.0,-0.0,-0.0,-0.0,-0.0,5.999703884124756,-7.4647698402404785,-791.9173583984375,-270218.6875,49971.86328125,-2222.802001953125,-0.0,-0.0,-0.0,-0.0,-0.0,-0.0,-0.0,-0.0,-0.0,-0.0,-0.0,-0.0,-0.00919342041015625,-0.00804901123046875,-0.01201629638671875,-0.01422882080078125,-0.0106048583984375,-0.01293182373046875,-0.00873565673828125,-0.0203704833984375,-0.00453948974609375,-0.009002685546875,-0.0257110595703125,-0.01224517822265625,-0.0225830078125,-0.01018524169921875,-0.003814697265625,-0.0238800048828125,0.099029541015625,0.1031494140625,0.0958251953125,0.106048583984375,0.108184814453125,0.104217529296875,0.10650634765625,0.120697021484375,0.001983642578125,0.114288330078125,0.09674072265625,0.10955810546875,-0.525970458984375,-1.16180419921875,0.3875732421875,-1.8524169921875,-0.5133762359619141
357,0.43350000000000016,-0.0,-0.0,-0.0,-0.0,-0.0,-0.0,5.820809364318848,-7.152538776397705,-794.1293334960938,-270911.375,50492.98828125,-2171.86083984375,-0.0,-0.0,-0.0,-0.0,-0.0,-0.0,-0.0,-0.0,-0.0,-0.0,-0.0,-0.0,0.00751495361328125,0.0037384033203125,0.00865936279296875,0.007781982421875,0.00797271728515625,0.01026153564453125,0.0070953369140625,0.01514434814453125,0.0043487548828125,0.013275146484375,0.015106201171875,0.00469207763671875,0.016937255859375,0.0049591064453125,0.0034332275390625,0.01552581787109375,0.104522705078125,0.099945068359375,0.087432861328125,0.0872802734375,0.084991455078125,0.096435546875,0.068206787109375,0.12481689453125,0.114593505859375,0.129547119140625,0.09063720703125,0.1019287109375,1.1859130859375,-0.157470703125,-0.32135009765625,0.9906005859375,4.974541664123535
358,0.43400000000000016,-0.0,-0.0,-0.0,-0.0,-0.0,-0.0,5.262444972991943,-6.751871585845947,-796.8612670898438,-271659.6875,51095.4921875,-2024.81201171875,-0.0,-0.0,-0.0,-0.0,-0.0,-0.0,-0.0,-0.0,-0.0,-0.0,-0.0,-0.0,0.005340576171875,0.00732421875,0.010223388671875,0.01636505126953125,0.0104522705078125,0.01361846923828125,0.01087188720703125,0.02017974853515625,0.0079345703125,0.00980377197265625,0.02765655517578125,0.0081634521484375,0.01895904541015625,0.00888824462890625,0.00453948974609375,0.02635955810546875,0.08544921875,0.092926025390625,0.07904052734375,0.088653564453125,0.085601806640625,0.09918212890625,0.126800537109375,0.10711669921875,-0.026092529296875,0.24810791015625,0.07354736328125,0.101470947265625,0.80902099609375,1.4691162109375,-0.4541015625,1.685028076171875,3.755004405975342
359,0.43450000000000016,-0.0,-0.0,-0.0,-0.0,-0.0,-0.0,4.973806858062744,-6.348937511444092,-799.333251953125,-272054.0,51624.95703125,-1833.8109130859375,-0.0,-0.0,-0.0,-0.0,-0.0,-0.0,-0.0,-0.0,-0.0,-0.0,-0.0,-0.0,-0.00621795654296875,-0.0058746337890625,-0.006561279296875,-0.01071929931640625,-0.00484466552734375,-0.012054443359375,-0.0055694580078125,-0.01392364501953125,-0.0048065185546875,-0.0122833251953125,-0.01483917236328125,-0.0028228759765625,-0.0153350830078125,-0.0079345703125,-0.0017547607421875,-0.0182342529296875,0.095062255859375,0.0994873046875,0.089569091796875,0.119781494140625,0.10040283203125,0.100250244140625,0.09796142578125,0.092620849609375,-0.3076171875,0.134429931640625,0.1068115234375,0.1025390625,-0.892486572265625,0.39947509765625,0.42510986328125,-0.856781005859375,2.2305827140808105
360,0.43500000000000016,-0.0,-0.0,-0.0,-0.0,-0.0,-0.0,4.77196741104126,-5.702757835388184,-799.9525146484375,-272396.71875,52186.80859375,-1715.697021484375,-0.0,-0.0,-0.0,-0.0,-0.0,-0.0,-0.0,-0.0,-0.0,-0.0,-0.0,-0.0,-0.00720977783203125,-0.00553131103515625,-0.00988006591796875,-0.01346588134765625,-0.00926971435546875,-0.0096893310546875,-0.009307861328125,-0.02330780029296875,-0.00743865966796875,-0.01178741455078125,-0.02727508544921875,-0.00988006591796875,-0.01651763916015625,-0.00888824462890625,-0.00308990478515625,-0.02384185791015625,0.10498046875,0.098419189453125,0.096282958984375,0.106964111328125,0.094451904296875,0.09307861328125,0.092620849609375,0.043487548828125,0.392608642578125,-0.113983154296875,0.11077880859375,0.087890625,-0.72723388671875,-1.3458251953125,0.5230712890625,-1.424407958984375,0.09639240801334381
361,0.43550000000000016,-0.0,-0.0,-0.0,-0.0,-0.0,-0.0,4.484221458435059,-5.127782344818115,-801.2935791015625,-272264.21875,52701.9375,-1883.9249267578125,-0.0,-0.0,-0.0,-0.0,-0.0,-0.0,-0.0,-0.0,-0.0,-0.0,-0.0,-0.0,0.00606536865234375,0.004119873046875,0.00789642333984375,0.01049041748046875,0.0074005126953125,0.012359619140625,0.00644683837890625,0.01415252685546875,0.0048065185546875,0.01003265380859375,0.01605987548828125,0.00576019287109375,0.01529693603515625,0.0074005126953125,0.00247955322265625,0.0179290771484375,0.099029541015625,0.095672607421875,0.0946044921875,0.098114013671875,0.11383056640625,0.086669921875,0.100250244140625,0.0921630859375,0.5133056640625,-0.0146484375,0.108642578125,0.088348388671875,0.45196533203125,-0.20263671875,-0.30548095703125,0.921478271484375,7.413616180419922
362,0.43600000000000017,-0.0,-0.0,-0.0,-0.0,-0.0,-0.0,4.549736022949219,-4.056515693664551,-800.1505737304688,-272445.25,52956.15234375,-1678.3546142578125,-0.0,-0.0,-0.0,-0.0,-0.0,-0.0,-0.0,-0.0,-0.0,-0.0,-0.0,-0.0,0.00843048095703125,0.0091552734375,0.01163482666015625,0.01583099365234375,0.01148223876953125,0.01171112060546875,0.00766754150390625,0.01983642578125,0.00705718994140625,0.01392364501953125,0.027618408203125,0.01308441162109375,0.02193450927734375,0.01163482666015625,0.00370025634765625,0.02399444580078125,0.096282958984375,0.095062255859375,0.088958740234375,0.086517333984375,0.07904052734375,0.089874267578125,0.121917724609375,0.1104736328125,0.1776123046875,0.12420654296875,0.09918212890625,0.09735107421875,1.136627197265625,1.41876220703125,-0.00152587890625,1.96014404296875,4.05988883972168
363,0.43650000000000017,-0.0,-0.0,-0.0,-0.0,-0.0,-0.0,4.528042316436768,-3.3002588748931885,-801.365234375,-272220.40625,53630.6015625,-1986.7451171875,-0.0,-0.0,-0.0,-0.0,-0.0,-0.0,-0.0,-0.0,-0.0,-0.0,-0.0,-0.0,-0.00698089599609375,-0.0043487548828125,-0.00728607177734375,-0.00911712646484375,-0.006866455078125,-0.01026153564453125,-0.00492095947265625,-0.01251220703125,-0.00476837158203125,-0.01194000244140625,-0.01377105712890625,-0.00431060791015625,-0.01667022705078125,-0.00698089599609375,-0.00148773193359375,-0.01739501953125,0.102386474609375,0.101776123046875,0.0921630859375,0.093841552734375,0.07659912109375,0.09521484375,0.09124755859375,0.14678955078125,0.0848388671875,0.222930908203125,0.10498046875,0.094757080078125,-0.856781005859375,0.43731689453125,0.66558837890625,-1.063690185546875,1.0110454559326172
364,0.43700000000000017,-0.0,-0.0,-0.0,-0.0,-0.0,-0.0,4.06044864654541,-2.4281187057495117,-802.5960083007812,-272249.46875,54046.5234375,-1779.6544189453125,-0.0,-0.0,-0.0,-0.0,-0.0,-0.0,-0.0,-0.0,-0.0,-0.0,-0.0,-0.0,-0.00720977783203125,-0.0080108642578125,-0.01079559326171875,-0.01373291015625,-0.00904083251953125,-0.01308441162109375,-0.0093841552734375,-0.0202178955078125,-0.00762939453125,-0.01056671142578125,-0.0257110595703125,-0.01312255859375,-0.021514892578125,-0.00957489013671875,-0.0005340576171875,-0.02483367919921875,0.102081298828125,0.10345458984375,0.095672607421875,0.095977783203125,0.147857666015625,0.097503662109375,0.0762939453125,0.020751953125,0.08270263671875,0.107269287109375,0.111083984375,0.101165771484375,-0.44281005859375,-1.05743408203125,0.32958984375,-1.8280029296875,-7.830599784851074
365,0.43750000000000017,-0.0,-0.0,-0.0,-0.0,-0.0,-0.0,3.2792487144470215,-2.222165107727051,-803.6428833007812,-273140.40625,55063.25390625,-1472.77734375,-0.0,-0.0,-0.0,-0.0,-0.0,-0.0,-0.0,-0.0,-0.0,-0.0,-0.0,-0.0,0.0063323974609375,0.00522613525390625,0.00713348388671875,0.0104522705078125,0.00728607177734375,0.0098419189453125,0.0067901611328125,0.012969970703125,0.00431060791015625,0.01308441162109375,0.01346588134765625,0.00522613525390625,0.016937255859375,0.00705718994140625,0.00164031982421875,0.01598358154296875,0.1007080078125,0.08270263671875,0.08697509765625,0.10406494140625,0.13671875,0.10040283203125,0.11077880859375,0.15167236328125,0.037994384765625,-0.055999755859375,0.066070556640625,0.12420654296875,0.92864990234375,-0.44921875,-0.5584716796875,1.028594970703125,5.279426097869873
366,0.43800000000000017,-0.0,-0.0,-0.0,-0.0,-0.0,-0.0,2.1906371116638184,-2.2744836807250977,-808.8538818359375,-274284.90625,55679.796875,-1223.512451171875,-0.0,-0.0,-0.0,-0.0,-0.0,-0.0,-0.0,-0.0,-0.0,-0.0,-0.0,-0.0,0.00942230224609375,0.0063323974609375,0.0115966796875,0.01407623291015625,0.010223388671875,0.0127410888671875,0.008544921875,0.0212860107421875,0.00690460205078125,0.01293182373046875,0.030517578125,0.011749267578125,0.02063751220703125,0.00965118408203125,0.00286102294921875,0.02429962158203125,0.152740478515625,0.142974853515625,0.098876953125,0.096435546875,0.10223388671875,0.099029541015625,0.080413818359375,0.153656005859375,0.037078857421875,0.111083984375,0.09552001953125,0.07537841796875,0.86700439453125,1.5545654296875,-0.2288818359375,1.937103271484375,5.889194965362549
367,0.43850000000000017,-0.0,-0.0,-0.0,-0.0,-0.0,-0.0,1.3631819486618042,-2.499276876449585,-811.2542724609375,-275486.0,56530.51953125,-769.6713256835938,-0.0,-0.0,-0.0,-0.0,-0.0,-0.0,-0.0,-0.0,-0.0,-0.0,-0.0,-0.0,-0.0067901611328125,-0.00530242919921875,-0.0074005126953125,-0.008087158203125,-0.00881195068359375,-0.0102996826171875,-0.00492095947265625,-0.01220703125,-0.00408172607421875,-0.01232147216796875,-0.013275146484375,-0.0043487548828125,-0.0150299072265625,-0.00652313232421875,-0.0018310546875,-0.01598358154296875,0.098876953125,0.108642578125,0.096435546875,0.098419189453125,0.078125,0.08697509765625,0.093841552734375,-0.02227783203125,0.012359619140625,0.134429931640625,0.10772705078125,0.09552001953125,-0.75408935546875,0.4522705078125,0.64117431640625,-0.79315185546875,10.4624605178833
368,0.43900000000000017,-0.0,-0.0,-0.0,-0.0,-0.0,-0.0,0.19974038004875183,-2.7417421340942383,-812.2139282226562,-275940.96875,57018.57421875,-559.1580810546875,-0.0,-0.0,-0.0,-0.0,-0.0,-0.0,-0.0,-0.0,-0.0,-0.0,-0.0,-0.0,-0.0077056884765625,-0.009002685546875,-0.01056671142578125,-0.0135040283203125,-0.008697509765625,-0.01300811767578125,-0.0089263916015625,-0.0191497802734375,-0.00736236572265625,-0.01201629638671875,-0.029144287109375,-0.010833740234375,-0.02346038818359375,-0.00972747802734375,-0.00396728515625,-0.02468109130859375,0.103912353515625,0.087738037109375,0.099945068359375,0.104522705078125,0.0750732421875,0.095977783203125,0.099945068359375,0.112457275390625,0.065460205078125,0.08056640625,0.089874267578125,0.110015869140625,-0.54168701171875,-1.39862060546875,0.499267578125,-1.829833984375,-1.732913613319397
369,0.43950000000000017,-0.0,-0.0,-0.0,-0.0,-0.0,-0.0,-0.47150719165802,-2.3344244956970215,-813.45751953125,-276462.46875,57420.17578125,-280.26129150390625,-0.0,-0.0,-0.0,-0.0,-0.0,-0.0,-0.0,-0.0,-0.0,-0.0,-0.0,-0.0,0.00766754150390625,0.00423431396484375,0.00667572021484375,0.00843048095703125,0.0070953369140625,0.01071929931640625,0.00720977783203125,0.012359619140625,0.00576019287109375,0.00972747802734375,0.014495849609375,0.00339508056640625,0.0147247314453125,0.0072479248046875,0.001068115234375,0.01636505126953125,0.077667236328125,0.0775146484375,0.077362060546875,0.09521484375,0.083770751953125,0.093536376953125,0.09796142578125,0.11138916015625,0.1470947265625,0.102996826171875,0.1019287109375,0.09979248046875,0.812225341796875,-0.2703857421875,-0.4852294921875,0.944671630859375,6.803847789764404
370,0.44000000000000017,-0.0,-0.0,-0.0,-0.0,-0.0,-0.0,-2.077528238296509,-2.5802738666534424,-814.2653198242188,-276981.21875,58184.4765625,153.0578155517578,-0.0,-0.0,-0.0,-0.0,-0.0,-0.0,-0.0,-0.0,-0.0,-0.0,-0.0,-0.0,0.0089263916015625,0.00774383544921875,0.01224517822265625,0.01392364501953125,0.01125335693359375,0.01651763916015625,0.0104522705078125,0.02147674560546875,0.0045013427734375,0.0118255615234375,0.0311279296875,0.01148223876953125,0.02079010009765625,0.00762939453125,0.0043487548828125,0.02620697021484375,0.11016845703125,0.092926025390625,0.111083984375,0.102386474609375,0.099639892578125,0.10162353515625,0.111846923828125,0.1702880859375,0.11322021484375,0.11138916015625,0.106048583984375,0.08697509765625,0.9765625,1.9000244140625,-0.07171630859375,1.999359130859375,2.8403513431549072
371,0.44050000000000017,-0.0,-0.0,-0.0,-0.0,-0.0,-0.0,-2.645644187927246,-2.2541258335113525,-814.0797119140625,-276805.03125,58815.63671875,643.7216186523438,-0.0,-0.0,-0.0,-0.0,-0.0,-0.0,-0.0,-0.0,-0.0,-0.0,-0.0,-0.0,-0.00453948974609375,-0.00568389892578125,-0.007171630859375,-0.008392333984375,-0.00690460205078125,-0.0083160400390625,-0.007476806640625,-0.0136566162109375,-0.00244140625,-0.0113677978515625,-0.01140594482421875,-0.0048065185546875,-0.01842498779296875,-0.006561279296875,-0.004119873046875,-0.015411376953125,0.084686279296875,0.125579833984375,0.09979248046875,0.085601806640625,0.09735107421875,0.095672607421875,0.092315673828125,0.034942626953125,0.1214599609375,0.0726318359375,0.104827880859375,0.09552001953125,-0.6512451171875,0.50811767578125,0.51910400390625,-1.17584228515625,4.974541664123535
372,0.44100000000000017,-0.0,-0.0,-0.0,-0.0,-0.0,-0.0,-3.793989419937134,-2.1913158893585205,-812.8335571289062,-275813.125,59495.5234375,926.35205078125,-0.0,-0.0,-0.0,-0.0,-0.0,-0.0,-0.0,-0.0,-0.0,-0.0,-0.0,-0.0,-0.0099945068359375,-0.00736236572265625,-0.0125885009765625,-0.013275146484375,-0.01033782958984375,-0.011749267578125,-0.0093841552734375,-0.02166748046875,-0.00545501708984375,-0.01171112060546875,-0.02986907958984375,-0.01148223876953125,-0.0211334228515625,-0.00957489013671875,-0.00301361083984375,-0.02361297607421875,0.094757080078125,0.09613037109375,0.09552001953125,0.09246826171875,0.092315673828125,0.09735107421875,0.088348388671875,0.01190185546875,0.0799560546875,0.155181884765625,0.1025390625,0.094146728515625,-0.773468017578125,-1.56097412109375,0.6134033203125,-1.83563232421875,-1.732913613319397
373,0.44150000000000017,-0.0,-0.0,-0.0,-0.0,-0.0,-0.0,-4.187499523162842,-1.2478256225585938,-811.3372802734375,-275281.25,59931.8828125,1186.98486328125,-0.0,-0.0,-0.0,-0.0,-0.0,-0.0,-0.0,-0.0,-0.0,-0.0,-0.0,-0.0,0.006561279296875,0.0054931640625,0.00698089599609375,0.0104522705078125,0.0061798095703125,0.01071929931640625,0.00774383544921875,0.01354217529296875,0.00579833984375,0.0118255615234375,0.0135040283203125,0.00263214111328125,0.01636505126953125,0.00705718994140625,0.0018310546875,0.01758575439453125,0.101165771484375,0.096893310546875,0.09063720703125,0.104827880859375,0.117340087890625,0.09674072265625,0.118255615234375,0.123748779296875,0.086822509765625,0.12603759765625,0.1043701171875,0.1055908203125,0.975799560546875,-0.42816162109375,-0.4522705078125,1.23870849609375,4.669657230377197
374,0.44200000000000017,-0.0,-0.0,-0.0,-0.0,-0.0,-0.0,-4.99578857421875,-1.022169828414917,-808.7218017578125,-273889.59375,60104.29296875,1190.63916015625,-0.0,-0.0,-0.0,-0.0,-0.0,-0.0,-0.0,-0.0,-0.0,-0.0,-0.0,-0.0,0.0072479248046875,0.00728607177734375,0.010223388671875,0.01567840576171875,0.01155853271484375,0.0128936767578125,0.0116729736328125,0.02323150634765625,0.00751495361328125,0.00988006591796875,0.03078460693359375,0.00885009765625,0.02315521240234375,0.0103759765625,0.0063323974609375,0.025482177734375,0.07904052734375,0.091705322265625,0.087127685546875,0.10284423828125,0.104217529296875,0.093994140625,0.07537841796875,-0.04547119140625,-0.0360107421875,0.070648193359375,0.098419189453125,0.101776123046875,0.864715576171875,1.74774169921875,-0.4425048828125,2.215423583984375,3.145235776901245
375,0.44250000000000017,-0.0,-0.0,-0.0,-0.0,-0.0,-0.0,-4.522953033447266,-0.8616600632667542,-804.190673828125,-273176.4375,60228.609375,1228.5941162109375,-0.0,-0.0,-0.0,-0.0,-0.0,-0.0,-0.0,-0.0,-0.0,-0.0,-0.0,-0.0,-0.006103515625,-0.00583648681640625,-0.00637054443359375,-0.008697509765625,-0.005340576171875,-0.009918212890625,-0.0060272216796875,-0.01251220703125,-0.00438690185546875,-0.009613037109375,-0.01434326171875,-0.0064849853515625,-0.01575469970703125,-0.0067901611328125,-0.001373291015625,-0.01758575439453125,0.10528564453125,0.101776123046875,0.095977783203125,0.09674072265625,0.09002685546875,0.09063720703125,0.0921630859375,0.084686279296875,-0.009002685546875,0.117950439453125,0.1092529296875,0.081329345703125,-0.63446044921875,0.286865234375,0.3228759765625,-1.0430908203125,5.279426097869873
376,0.44300000000000017,-0.0,-0.0,-0.0,-0.0,-0.0,-0.0,-4.371315002441406,-0.3088204562664032,-802.0964965820312,-271803.40625,60353.61328125,1154.8721923828125,-0.0,-0.0,-0.0,-0.0,-0.0,-0.0,-0.0,-0.0,-0.0,-0.0,-0.0,-0.0,-0.0084686279296875,-0.00545501708984375,-0.01049041748046875,-0.013885498046875,-0.00972747802734375,-0.010986328125,-0.01010894775390625,-0.023040771484375,-0.00579833984375,-0.0147247314453125,-0.03017425537109375,-0.012359619140625,-0.02124786376953125,-0.00911712646484375,-0.004425048828125,-0.0243377685546875,0.106658935546875,0.095062255859375,0.092926025390625,0.07720947265625,0.10162353515625,0.088958740234375,0.07232666015625,0.0848388671875,0.402374267578125,0.092620849609375,0.091552734375,0.100555419921875,-0.978240966796875,-1.54022216796875,0.1043701171875,-2.00469970703125,-2.0377979278564453
377,0.44350000000000017,-0.0,-0.0,-0.0,-0.0,-0.0,-0.0,-3.520540237426758,0.13696745038032532,-800.60302734375,-270916.25,60266.61328125,864.7050170898438,-0.0,-0.0,-0.0,-0.0,-0.0,-0.0,-0.0,-0.0,-0.0,-0.0,-0.0,-0.0,0.00499725341796875,0.007171630859375,0.007171630859375,0.0092315673828125,0.007781982421875,0.00835418701171875,0.0077056884765625,0.0138092041015625,0.004119873046875,0.0130462646484375,0.0156402587890625,0.008697509765625,0.01850128173828125,0.00751495361328125,0.00247955322265625,0.01605987548828125,0.100250244140625,0.10101318359375,0.09368896484375,0.108184814453125,0.10040283203125,0.104827880859375,0.11688232421875,0.12420654296875,0.164337158203125,0.1019287109375,0.093841552734375,0.10894775390625,0.954437255859375,0.14404296875,-0.05279541015625,1.299896240234375,4.364773273468018
378,0.4440000000000002,-0.0,-0.0,-0.0,-0.0,-0.0,-0.0,-2.7174911499023438,-0.17826080322265625,-796.5022583007812,-270393.5625,60147.23046875,781.0709838867188,-0.0,-0.0,-0.0,-0.0,-0.0,-0.0,-0.0,-0.0,-0.0,-0.0,-0.0,-0.0,0.01071929931640625,0.00797271728515625,0.01178741455078125,0.0156402587890625,0.01216888427734375,0.0142669677734375,0.01033782958984375,0.02079010009765625,0.0034332275390625,0.013885498046875,0.03063201904296875,0.01277923583984375,0.0225830078125,0.0110626220703125,0.00518798828125,0.02532958984375,0.09429931640625,0.095367431640625,0.0860595703125,0.084991455078125,0.086212158203125,0.105133056640625,0.115203857421875,0.09063720703125,0.12420654296875,0.3033447265625,0.09307861328125,0.0933837890625,1.165008544921875,1.69586181640625,-0.1239013671875,1.974639892578125,4.974541664123535
379,0.4445000000000002,-0.0,-0.0,-0.0,-0.0,-0.0,-0.0,-2.2855591773986816,0.04812575504183769,-795.1456909179688,-269410.46875,60411.50390625,369.6435546875,-0.0,-0.0,-0.0,-0.0,-0.0,-0.0,-0.0,-0.0,-0.0,-0.0,-0.0,-0.0,-0.0058746337890625,-0.00545501708984375,-0.00644683837890625,-0.00873565673828125,-0.0052642822265625,-0.0096893310546875,-0.00766754150390625,-0.01255035400390625,-0.0048828125,-0.0102996826171875,-0.015411376953125,-0.0052642822265625,-0.01735687255859375,-0.00682830810546875,-0.00339508056640625,-0.0164794921875,0.096588134765625,0.09429931640625,0.08880615234375,0.10955810546875,0.071563720703125,0.102081298828125,0.141754150390625,0.11749267578125,0.038909912109375,0.02716064453125,0.10223388671875,0.089569091796875,-0.531768798828125,0.1025390625,0.58380126953125,-0.88134765625,1.9256983995437622
380,0.4450000000000002,-0.0,-0.0,-0.0,-0.0,-0.0,-0.0,-1.0352166891098022,0.4103742837905884,-793.838134765625,-269001.34375,60668.92578125,110.86140441894531,-0.0,-0.0,-0.0,-0.0,-0.0,-0.0,-0.0,-0.0,-0.0,-0.0,-0.0,-0.0,-0.00774383544921875,-0.0090789794921875,-0.0118255615234375,-0.01434326171875,-0.00995635986328125,-0.01300811767578125,-0.008697509765625,-0.02147674560546875,-0.00530242919921875,-0.01434326171875,-0.02819061279296875,-0.013580322265625,-0.02361297607421875,-0.01003265380859375,-0.0052642822265625,-0.023345947265625,0.095672607421875,0.08880615234375,0.10101318359375,0.0872802734375,0.09368896484375,0.0970458984375,0.027923583984375,0.093994140625,0.009002685546875,0.045623779296875,0.121612548828125,0.09124755859375,-0.7122802734375,-1.50482177734375,0.36407470703125,-1.96014404296875,-1.4280292987823486
381,0.4455000000000002,-0.0,-0.0,-0.0,-0.0,-0.0,-0.0,-0.4537941515445709,0.07651611417531967,-790.416748046875,-268326.0625,60478.0078125,-110.11278533935547,-0.0,-0.0,-0.0,-0.0,-0.0,-0.0,-0.0,-0.0,-0.0,-0.0,-0.0,-0.0,0.0058746337890625,0.00469207763671875,0.00896453857421875,0.00904083251953125,0.0084686279296875,0.00988006591796875,0.00835418701171875,0.0131988525390625,0.00308990478515625,0.011444091796875,0.01544952392578125,0.0066375732421875,0.01865386962890625,0.0055694580078125,0.0045013427734375,0.01495361328125,0.0933837890625,0.09796142578125,0.09429931640625,0.109710693359375,0.06103515625,0.1025390625,0.11749267578125,0.117645263671875,0.224761962890625,0.061187744140625,0.0946044921875,0.1055908203125,0.81634521484375,-0.02838134765625,-0.137939453125,1.36138916015625,5.279426097869873
382,0.4460000000000002,-0.0,-0.0,-0.0,-0.0,-0.0,-0.0,0.2110091745853424,-0.6847574710845947,-789.7907104492188,-268241.09375,60751.70703125,-427.32769775390625,-0.0,-0.0,-0.0,-0.0,-0.0,-0.0,-0.0,-0.0,-0.0,-0.0,-0.0,-0.0,0.006103515625,0.00720977783203125,0.01087188720703125,0.0145721435546875,0.010833740234375,0.0139617919921875,0.01171112060546875,0.02201080322265625,0.00545501708984375,0.01033782958984375,0.027923583984375,0.0118255615234375,0.01796722412109375,0.00972747802734375,0.00354766845703125,0.0267791748046875,0.096893310546875,0.0994873046875,0.094757080078125,0.089263916015625,0.18646240234375,0.09674072265625,0.115509033203125,0.142364501953125,0.12420654296875,-0.0482177734375,0.095672607421875,0.122833251953125,0.54779052734375,1.47064208984375,-0.118408203125,1.887664794921875,2.2305827140808105
383,0.4465000000000002,-0.0,-0.0,-0.0,-0.0,-0.0,-0.0,1.1109710931777954,-1.5152168273925781,-787.7514038085938,-268026.625,60663.60546875,-796.4905395507812,-0.0,-0.0,-0.0,-0.0,-0.0,-0.0,-0.0,-0.0,-0.0,-0.0,-0.0,-0.0,-0.0054931640625,-0.00518798828125,-0.0067138671875,-0.0078582763671875,-0.00499725341796875,-0.0086212158203125,-0.00675201416015625,-0.012969970703125,-0.00392913818359375,-0.01129150390625,-0.01129150390625,-0.0060272216796875,-0.01850128173828125,-0.00614166259765625,-0.00423431396484375,-0.01522064208984375,0.096435546875,0.106658935546875,0.09490966796875,0.095367431640625,0.179595947265625,0.0982666015625,0.10772705078125,0.173797607421875,0.0994873046875,0.06988525390625,0.081939697265625,0.092315673828125,-0.78094482421875,0.46356201171875,0.2960205078125,-1.08184814453125,0.7061610817909241
384,0.4470000000000002,-0.0,-0.0,-0.0,-0.0,-0.0,-0.0,1.4187445640563965,-2.259901523590088,-789.5166625976562,-268360.03125,60886.3515625,-919.06640625,-0.0,-0.0,-0.0,-0.0,-0.0,-0.0,-0.0,-0.0,-0.0,-0.0,-0.0,-0.0,-0.00881195068359375,-0.00675201416015625,-0.01190185546875,-0.0139617919921875,-0.009613037109375,-0.01377105712890625,-0.00743865966796875,-0.022125244140625,-0.00591278076171875,-0.0130462646484375,-0.0258636474609375,-0.01041412353515625,-0.02155303955078125,-0.00858306884765625,-0.00354766845703125,-0.0244140625,0.106201171875,0.099945068359375,0.09979248046875,0.103607177734375,0.1092529296875,0.0994873046875,0.077972412109375,0.066375732421875,0.0970458984375,0.12847900390625,0.102691650390625,0.076141357421875,-0.80078125,-1.06170654296875,0.44189453125,-1.58172607421875,-1.732913613319397
385,0.4475000000000002,-0.0,-0.0,-0.0,-0.0,-0.0,-0.0,2.2793145179748535,-3.4961469173431396,-792.7299194335938,-269711.125,60958.45703125,-1037.12353515625,-0.0,-0.0,-0.0,-0.0,-0.0,-0.0,-0.0,-0.0,-0.0,-0.0,-0.0,-0.0,0.0067138671875,0.00499725341796875,0.00728607177734375,0.00995635986328125,0.00667572021484375,0.0104522705078125,0.00827789306640625,0.01361846923828125,0.00396728515625,0.01422882080078125,0.015106201171875,0.00690460205078125,0.01323699951171875,0.008392333984375,0.00331878662109375,0.0157928466796875,0.1080322265625,0.09979248046875,0.102996826171875,0.093231201171875,0.013427734375,0.10345458984375,0.07598876953125,0.015869140625,0.093536376953125,0.282135009765625,0.10162353515625,0.106658935546875,1.117706298828125,0.14617919921875,-0.289306640625,0.9539794921875,6.803847789764404
386,0.4480000000000002,-0.0,-0.0,-0.0,-0.0,-0.0,-0.0,2.0118377208709717,-5.1096110343933105,-795.5987548828125,-270869.625,61135.0859375,-1229.269775390625,-0.0,-0.0,-0.0,-0.0,-0.0,-0.0,-0.0,-0.0,-0.0,-0.0,-0.0,-0.0,0.008697509765625,0.0092315673828125,0.00965118408203125,0.013580322265625,0.01064300537109375,0.0141143798828125,0.00698089599609375,0.02155303955078125,0.00827789306640625,0.01010894775390625,0.0302886962890625,0.01132965087890625,0.02094268798828125,0.0079345703125,0.0046539306640625,0.0249481201171875,0.0970458984375,0.083465576171875,0.091552734375,0.101470947265625,0.169525146484375,0.10284423828125,0.092315673828125,0.092315673828125,0.058746337890625,-0.05828857421875,0.056610107421875,0.1177978515625,0.481719970703125,1.4739990234375,-0.3326416015625,1.824951171875,4.974541664123535
387,0.4485000000000002,-0.0,-0.0,-0.0,-0.0,-0.0,-0.0,2.1011834144592285,-6.417388916015625,-801.169921875,-272966.28125,61334.6875,-1149.5997314453125,-0.0,-0.0,-0.0,-0.0,-0.0,-0.0,-0.0,-0.0,-0.0,-0.0,-0.0,-0.0,-0.0049591064453125,-0.00308990478515625,-0.0066375732421875,-0.008392333984375,-0.00732421875,-0.0086212158203125,-0.00701904296875,-0.01201629638671875,-0.00396728515625,-0.010223388671875,-0.01491546630859375,-0.0052642822265625,-0.0156402587890625,-0.00476837158203125,-0.0046539306640625,-0.01514434814453125,0.084381103515625,0.117950439453125,0.097198486328125,0.103759765625,0.113067626953125,0.098876953125,0.08880615234375,0.110015869140625,0.075225830078125,0.106201171875,0.118865966796875,0.08544921875,-0.836334228515625,0.19500732421875,0.3924560546875,-1.008148193359375,5.889194965362549
388,0.4490000000000002,-0.0,-0.0,-0.0,-0.0,-0.0,-0.0,1.7545748949050903,-7.1701130867004395,-806.2711181640625,-275081.46875,61711.09765625,-1075.19287109375,-0.0,-0.0,-0.0,-0.0,-0.0,-0.0,-0.0,-0.0,-0.0,-0.0,-0.0,-0.0,-0.0074005126953125,-0.008087158203125,-0.01094818115234375,-0.01491546630859375,-0.011749267578125,-0.0118255615234375,-0.00713348388671875,-0.019683837890625,-0.008087158203125,-0.00934600830078125,-0.0278472900390625,-0.01262664794921875,-0.02208709716796875,-0.0107574462890625,-0.0052642822265625,-0.02513885498046875,0.133819580078125,0.124359130859375,0.101165771484375,0.0994873046875,0.113677978515625,0.10467529296875,0.112152099609375,0.1544189453125,0.110626220703125,0.131378173828125,0.113983154296875,0.080413818359375,-0.61126708984375,-1.31805419921875,0.413818359375,-1.784820556640625,-1.732913613319397
389,0.4495000000000002,-0.0,-0.0,-0.0,-0.0,-0.0,-0.0,1.2985954284667969,-7.5164031982421875,-811.7241821289062,-277130.5625,62238.23828125,-870.71826171875,-0.0,-0.0,-0.0,-0.0,-0.0,-0.0,-0.0,-0.0,-0.0,-0.0,-0.0,-0.0,0.0061798095703125,0.00385284423828125,0.0072479248046875,0.00881195068359375,0.006103515625,0.01087188720703125,0.00789642333984375,0.01354217529296875,0.0043487548828125,0.0122833251953125,0.01499176025390625,0.0054168701171875,0.01621246337890625,0.00606536865234375,0.0019073486328125,0.0154876708984375,0.07354736328125,0.093841552734375,0.093994140625,0.09857177734375,0.05035400390625,0.10040283203125,0.09368896484375,0.062408447265625,0.08514404296875,0.1202392578125,0.090789794921875,0.101776123046875,1.07208251953125,-0.23468017578125,-0.24383544921875,1.041107177734375,7.71850061416626
390,0.4500000000000002,-0.0,-0.0,-0.0,-0.0,-0.0,-0.0,-0.029072649776935577,-8.36890697479248,-818.2808837890625,-278625.375,63172.7890625,-507.29559326171875,-0.0,-0.0,-0.0,-0.0,-0.0,-0.0,-0.0,-0.0,-0.0,-0.0,-0.0,-0.0,0.00850677490234375,0.006866455078125,0.01007080078125,0.01483917236328125,0.0103759765625,0.01346588134765625,0.00926971435546875,0.02307891845703125,0.007476806640625,0.01201629638671875,0.02666473388671875,0.0090789794921875,0.01941680908203125,0.00942230224609375,0.005035400390625,0.0269317626953125,0.10009765625,0.095672607421875,0.096588134765625,0.09765625,0.09307861328125,0.099029541015625,0.095367431640625,0.02716064453125,-0.3460693359375,0.13092041015625,0.10040283203125,0.103759765625,0.997467041015625,1.25518798828125,-0.411376953125,1.775665283203125,1.9256983995437622
391,0.4505000000000002,-0.0,-0.0,-0.0,-0.0,-0.0,-0.0,-1.4273681640625,-7.773963928222656,-819.3352661132812,-279896.84375,64052.31640625,94.64157104492188,-0.0,-0.0,-0.0,-0.0,-0.0,-0.0,-0.0,-0.0,-0.0,-0.0,-0.0,-0.0,-0.00518798828125,-0.0055694580078125,-0.00614166259765625,-0.00911712646484375,-0.00476837158203125,-0.0075531005859375,-0.006103515625,-0.01323699951171875,-0.00522613525390625,-0.010986328125,-0.01239776611328125,-0.005645751953125,-0.01316070556640625,-0.0072479248046875,-0.00316619873046875,-0.01583099365234375,0.10467529296875,0.108642578125,0.098114013671875,0.100250244140625,0.121612548828125,0.10162353515625,0.11260986328125,0.1617431640625,0.367431640625,-0.014190673828125,0.116119384765625,0.092010498046875,-0.62652587890625,0.42572021484375,0.51361083984375,-0.7537841796875,1.9256983995437622
392,0.4510000000000002,-0.0,-0.0,-0.0,-0.0,-0.0,-0.0,-2.328066349029541,-7.297735214233398,-822.5995483398438,-280675.5,64873.390625,407.6365966796875,-0.0,-0.0,-0.0,-0.0,-0.0,-0.0,-0.0,-0.0,-0.0,-0.0,-0.0,-0.0,-0.00835418701171875,-0.00774383544921875,-0.01033782958984375,-0.0142669677734375,-0.009613037109375,-0.0183868408203125,-0.0110626220703125,-0.02300262451171875,-0.00732421875,-0.01216888427734375,-0.02506256103515625,-0.01247406005859375,-0.020599365234375,-0.00820159912109375,-0.002593994140625,-0.0264739990234375,0.095977783203125,0.097808837890625,0.096435546875,0.0970458984375,0.09063720703125,0.1007080078125,0.084991455078125,0.051116943359375,-0.702972412109375,0.102081298828125,0.10955810546875,0.088043212890625,-0.644683837890625,-1.12274169921875,0.39459228515625,-1.890106201171875,0.09639240801334381
393,0.4515000000000002,-0.0,-0.0,-0.0,-0.0,-0.0,-0.0,-3.3929805755615234,-6.734959125518799,-823.6156005859375,-280588.65625,65457.4375,690.7955932617188,-0.0,-0.0,-0.0,-0.0,-0.0,-0.0,-0.0,-0.0,-0.0,-0.0,-0.0,-0.0,0.00606536865234375,0.00621795654296875,0.00682830810546875,0.00949859619140625,0.0058746337890625,0.01560211181640625,0.00507354736328125,0.0131988525390625,0.00553131103515625,0.01056671142578125,0.0145721435546875,0.00576019287109375,0.01392364501953125,0.0079345703125,0.00091552734375,0.0171661376953125,0.0970458984375,0.103912353515625,0.09368896484375,0.0982666015625,0.06927490234375,0.098114013671875,0.1007080078125,0.097198486328125,0.7769775390625,0.06011962890625,0.099639892578125,0.09796142578125,0.855865478515625,-0.24169921875,-0.12603759765625,0.84716796875,6.803847789764404
394,0.4520000000000002,-0.0,-0.0,-0.0,-0.0,-0.0,-0.0,-3.653954029083252,-6.20033073425293,-820.7901611328125,-280223.4375,66455.3671875,969.8037109375,-0.0,-0.0,-0.0,-0.0,-0.0,-0.0,-0.0,-0.0,-0.0,-0.0,-0.0,-0.0,0.007171630859375,0.0067138671875,0.01110076904296875,0.01399993896484375,0.01125335693359375,0.01598358154296875,0.01232147216796875,0.0220489501953125,0.00827789306640625,0.010223388671875,0.03017425537109375,0.0089263916015625,0.0217437744140625,0.00873565673828125,0.00301361083984375,0.02685546875,0.100250244140625,0.096893310546875,0.096435546875,0.096435546875,0.098419189453125,0.09429931640625,0.099029541015625,0.085906982421875,0.369873046875,0.102081298828125,0.098876953125,0.0933837890625,0.894622802734375,1.64703369140625,-0.38543701171875,1.951904296875,6.803847789764404
395,0.4525000000000002,-0.0,-0.0,-0.0,-0.0,-0.0,-0.0,-4.867880344390869,-5.518558025360107,-819.0242919921875,-279330.5,67017.59375,1198.124267578125,-0.0,-0.0,-0.0,-0.0,-0.0,-0.0,-0.0,-0.0,-0.0,-0.0,-0.0,-0.0,-0.0055694580078125,-0.00438690185546875,-0.00720977783203125,-0.00812530517578125,-0.00621795654296875,-0.0089263916015625,-0.0048828125,-0.01323699951171875,-0.0041961669921875,-0.01010894775390625,-0.0144195556640625,-0.00308990478515625,-0.0153350830078125,-0.00553131103515625,-0.0042724609375,-0.015869140625,0.093536376953125,0.093994140625,0.0921630859375,0.09796142578125,0.149688720703125,0.09979248046875,0.1092529296875,0.137481689453125,0.08453369140625,0.100860595703125,0.092620849609375,0.09674072265625,-0.62255859375,0.19439697265625,0.69915771484375,-0.678253173828125,3.145235776901245
396,0.4530000000000002,-0.0,-0.0,-0.0,-0.0,-0.0,-0.0,-5.352630615234375,-4.646890640258789,-817.5352783203125,-278455.09375,67319.0390625,1361.64599609375,-0.0,-0.0,-0.0,-0.0,-0.0,-0.0,-0.0,-0.0,-0.0,-0.0,-0.0,-0.0,-0.0090789794921875,-0.00736236572265625,-0.00972747802734375,-0.01331329345703125,-0.01064300537109375,-0.01506805419921875,-0.00812530517578125,-0.0217437744140625,-0.00774383544921875,-0.0133514404296875,-0.0287628173828125,-0.01087188720703125,-0.0220489501953125,-0.00782012939453125,-0.005340576171875,-0.0258636474609375,0.09185791015625,0.0958251953125,0.09918212890625,0.097808837890625,0.03265380859375,0.096588134765625,0.110321044921875,0.133819580078125,0.1287841796875,0.133514404296875,0.091094970703125,0.1092529296875,-0.672149658203125,-1.4306640625,0.2996826171875,-1.9891357421875,-1.1231448650360107
397,0.4535000000000002,-0.0,-0.0,-0.0,-0.0,-0.0,-0.0,-5.798683166503906,-4.38656759262085,-815.0857543945312,-277068.375,67666.28125,1403.719970703125,-0.0,-0.0,-0.0,-0.0,-0.0,-0.0,-0.0,-0.0,-0.0,-0.0,-0.0,-0.0,0.006103515625,0.00438690185546875,0.0064849853515625,0.009613037109375,0.00507354736328125,0.00946044921875,0.00568389892578125,0.01373291015625,0.00598907470703125,0.0101470947265625,0.0156402587890625,0.00392913818359375,0.01556396484375,0.00545501708984375,0.00308990478515625,0.0160980224609375,0.1019287109375,0.09307861328125,0.10833740234375,0.077056884765625,0.108642578125,0.092620849609375,0.03173828125,-0.041656494140625,0.06256103515625,0.1416015625,0.095367431640625,0.100250244140625,0.84991455078125,-0.11077880859375,-0.2789306640625,0.989837646484375,6.1940789222717285
398,0.4540000000000002,-0.0,-0.0,-0.0,-0.0,-0.0,-0.0,-6.015359878540039,-3.221541404724121,-811.1282958984375,-275628.125,67944.7109375,1621.7899169921875,-0.0,-0.0,-0.0,-0.0,-0.0,-0.0,-0.0,-0.0,-0.0,-0.0,-0.0,-0.0,0.00873565673828125,0.00762939453125,0.01117706298828125,0.01338958740234375,0.01155853271484375,0.012054443359375,0.00980377197265625,0.0226593017578125,0.00820159912109375,0.01468658447265625,0.0316619873046875,0.00949859619140625,0.02216339111328125,0.00881195068359375,0.00553131103515625,0.02399444580078125,0.103607177734375,0.10589599609375,0.09765625,0.124359130859375,0.09918212890625,0.1019287109375,0.148162841796875,0.11566162109375,0.052337646484375,0.09796142578125,0.101165771484375,0.10467529296875,1.153717041015625,1.8560791015625,-0.41717529296875,2.053375244140625,4.669657230377197
399,0.4545000000000002,-0.0,-0.0,-0.0,-0.0,-0.0,-0.0,-5.798683166503906,-2.393524646759033,-808.7821044921875,-274360.6875,68161.8359375,1603.549560546875,-0.0,-0.0,-0.0,-0.0,-0.0,-0.0,-0.0,-0.0,-0.0,-0.0,-0.0,-0.0,-0.00492095947265625,-0.003814697265625,-0.0061798095703125,-0.0079345703125,-0.00690460205078125,-0.0091552734375,-0.00743865966796875,-0.01399993896484375,-0.003204345703125,-0.01129150390625,-0.01331329345703125,-0.00690460205078125,-0.0177764892578125,-0.00522613525390625,-0.003509521484375,-0.01499176025390625,0.10284423828125,0.09674072265625,0.093841552734375,0.092926025390625,0.10467529296875,0.094757080078125,0.073699951171875,0.111083984375,0.0433349609375,0.058746337890625,0.102691650390625,0.10772705078125,-0.47027587890625,0.29632568359375,0.3326416015625,-1.1102294921875,3.145235776901245
400,0.4550000000000002,-0.0,-0.0,-0.0,-0.0,-0.0,-0.0,-5.587975025177002,-1.8338236808776855,-807.3245239257812,-272992.375,68316.109375,1459.4989013671875,-0.0,-0.0,-0.0,-0.0,-0.0,-0.0,-0.0,-0.0,-0.0,-0.0,-0.0,-0.0,-0.0074005126953125,-0.0083160400390625,-0.01041412353515625,-0.01277923583984375,-0.0098419189453125,-0.01312255859375,-0.01186370849609375,-0.02162933349609375,-0.007171630859375,-0.01026153564453125,-0.0299835205078125,-0.00995635986328125,-0.0212860107421875,-0.0075531005859375,-0.00240325927734375,-0.026092529296875,0.10040283203125,0.099639892578125,0.09735107421875,0.11444091796875,0.096588134765625,0.1019287109375,0.084381103515625,0.0677490234375,0.0421142578125,0.09765625,0.092926025390625,0.097503662109375,-0.367889404296875,-1.5496826171875,0.5810546875,-1.943511962890625,-0.8182606101036072
401,0.4555000000000002,-0.0,-0.0,-0.0,-0.0,-0.0,-0.0,-5.0282793045043945,-1.1451231241226196,-802.146484375,-272063.03125,68209.2265625,1362.305419921875,-0.0,-0.0,-0.0,-0.0,-0.0,-0.0,-0.0,-0.0,-0.0,-0.0,-0.0,-0.0,0.003662109375,0.00583648681640625,0.00659942626953125,0.00858306884765625,0.00743865966796875,0.0074005126953125,0.00637054443359375,0.01216888427734375,0.0049591064453125,0.0092315673828125,0.015716552734375,0.0061798095703125,0.0168609619140625,0.00698089599609375,0.0026702880859375,0.01544952392578125,0.10162353515625,0.097198486328125,0.096588134765625,0.09735107421875,0.095672607421875,0.097808837890625,0.105133056640625,0.0347900390625,0.0726318359375,0.08514404296875,0.10955810546875,0.09063720703125,0.62530517578125,-0.13946533203125,-0.04852294921875,1.31622314453125,6.1940789222717285
402,0.4560000000000002,-0.0,-0.0,-0.0,-0.0,-0.0,-0.0,-4.371315002441406,-0.6239128112792969,-801.9971313476562,-271028.9375,68148.015625,1088.712890625,-0.0,-0.0,-0.0,-0.0,-0.0,-0.0,-0.0,-0.0,-0.0,-0.0,-0.0,-0.0,0.00896453857421875,0.01018524169921875,0.01216888427734375,0.0147247314453125,0.01155853271484375,0.01338958740234375,0.01033782958984375,0.02086639404296875,0.00640869140625,0.0112152099609375,0.02910614013671875,0.0116729736328125,0.02368927001953125,0.0106048583984375,0.00308990478515625,0.0255584716796875,0.10894775390625,0.09918212890625,0.098114013671875,0.088653564453125,0.109100341796875,0.095367431640625,0.07110595703125,0.09490966796875,0.095062255859375,0.079193115234375,0.09185791015625,0.102691650390625,0.665283203125,1.54266357421875,-0.23223876953125,2.259521484375,-2.342682361602783
403,0.4565000000000002,-0.0,-0.0,-0.0,-0.0,-0.0,-0.0,-3.638869524002075,-0.21575003862380981,-800.3057861328125,-270605.28125,67743.5859375,767.17919921875,-0.0,-0.0,-0.0,-0.0,-0.0,-0.0,-0.0,-0.0,-0.0,-0.0,-0.0,-0.0,-0.007171630859375,-0.0046539306640625,-0.0060272216796875,-0.008697509765625,-0.0069427490234375,-0.00885009765625,-0.00728607177734375,-0.01140594482421875,-0.0057220458984375,-0.01033782958984375,-0.0153350830078125,-0.00637054443359375,-0.01796722412109375,-0.005340576171875,-0.00308990478515625,-0.01590728759765625,0.09735107421875,0.10162353515625,0.100860595703125,0.118255615234375,0.0958251953125,0.09857177734375,0.12847900390625,0.1324462890625,0.090179443359375,0.108642578125,0.09063720703125,0.110321044921875,-0.612030029296875,0.17547607421875,0.3192138671875,-1.21612548828125,-0.5133762359619141
404,0.4570000000000002,-0.0,-0.0,-0.0,-0.0,-0.0,-0.0,-2.33815860748291,0.30472850799560547,-798.7451171875,-270191.8125,67598.265625,602.6649169921875,-0.0,-0.0,-0.0,-0.0,-0.0,-0.0,-0.0,-0.0,-0.0,-0.0,-0.0,-0.0,-0.00705718994140625,-0.00705718994140625,-0.011138916015625,-0.014190673828125,-0.00934600830078125,-0.01293182373046875,-0.01140594482421875,-0.0234222412109375,-0.00759124755859375,-0.0125885009765625,-0.030059814453125,-0.01232147216796875,-0.0200653076171875,-0.00995635986328125,-0.00209808349609375,-0.026092529296875,0.09521484375,0.096282958984375,0.094451904296875,0.097503662109375,0.096435546875,0.093536376953125,0.106658935546875,0.1116943359375,0.107879638671875,0.160980224609375,0.090789794921875,0.102996826171875,-0.7745361328125,-1.79351806640625,0.421142578125,-2.025909423828125,-1.732913613319397
405,0.4575000000000002,-0.0,-0.0,-0.0,-0.0,-0.0,-0.0,-2.3194732666015625,0.5347824096679688,-800.5115966796875,-270245.15625,67480.375,386.008056640625,-0.0,-0.0,-0.0,-0.0,-0.0,-0.0,-0.0,-0.0,-0.0,-0.0,-0.0,-0.0,0.00659942626953125,0.0061798095703125,0.007171630859375,0.00934600830078125,0.00560760498046875,0.01010894775390625,0.0072479248046875,0.01285552978515625,0.00560760498046875,0.01117706298828125,0.016937255859375,0.00476837158203125,0.0170135498046875,0.0086212158203125,0.0018310546875,0.01720428466796875,0.1043701171875,0.09918212890625,0.105133056640625,0.098419189453125,0.074310302734375,0.09490966796875,0.070648193359375,0.102386474609375,0.09246826171875,0.120849609375,0.12237548828125,0.09979248046875,0.8197021484375,0.03021240234375,-0.40069580078125,1.24542236328125,6.1940789222717285
406,0.4580000000000002,-0.0,-0.0,-0.0,-0.0,-0.0,-0.0,-1.3381576538085938,0.9063369035720825,-799.3196411132812,-270336.875,66948.2890625,88.8012466430664,-0.0,-0.0,-0.0,-0.0,-0.0,-0.0,-0.0,-0.0,-0.0,-0.0,-0.0,-0.0,0.00896453857421875,0.00713348388671875,0.0127410888671875,0.0148773193359375,0.01155853271484375,0.0135040283203125,0.00835418701171875,0.02155303955078125,0.00545501708984375,0.0115966796875,0.0331878662109375,0.01094818115234375,0.0202178955078125,0.0112152099609375,0.00659942626953125,0.02567291259765625,0.113372802734375,0.088958740234375,0.10040283203125,0.101470947265625,0.0811767578125,0.09552001953125,0.08941650390625,0.09185791015625,0.078582763671875,0.0634765625,0.0872802734375,0.081634521484375,0.720062255859375,1.77520751953125,-0.235595703125,1.675567626953125,4.05988883972168
407,0.4585000000000002,-0.0,-0.0,-0.0,-0.0,-0.0,-0.0,-1.4089044332504272,0.12602472305297852,-803.2774047851562,-271233.84375,67053.0078125,41.80600357055664,-0.0,-0.0,-0.0,-0.0,-0.0,-0.0,-0.0,-0.0,-0.0,-0.0,-0.0,-0.0,-0.0055694580078125,-0.00347137451171875,-0.00782012939453125,-0.00896453857421875,-0.006866455078125,-0.008087158203125,-0.006103515625,-0.01430511474609375,-0.00335693359375,-0.01007080078125,-0.0142669677734375,-0.00301361083984375,-0.01827239990234375,-0.00537872314453125,-0.004730224609375,-0.0160980224609375,0.096282958984375,0.070953369140625,0.094451904296875,0.097808837890625,0.1348876953125,0.098114013671875,0.096435546875,0.095367431640625,0.093994140625,0.060882568359375,0.088043212890625,0.09674072265625,-0.462646484375,0.16693115234375,0.39764404296875,-1.2347412109375,1.6208140850067139
408,0.4590000000000002,-0.0,-0.0,-0.0,-0.0,-0.0,-0.0,-1.8209854364395142,-0.37216758728027344,-802.996337890625,-271448.84375,66983.875,157.5280303955078,-0.0,-0.0,-0.0,-0.0,-0.0,-0.0,-0.0,-0.0,-0.0,-0.0,-0.0,-0.0,-0.0084686279296875,-0.0079345703125,-0.01285552978515625,-0.016021728515625,-0.00946044921875,-0.013580322265625,-0.00736236572265625,-0.0213623046875,-0.00698089599609375,-0.0130462646484375,-0.0275421142578125,-0.01140594482421875,-0.0232696533203125,-0.009613037109375,-0.002593994140625,-0.024871826171875,0.09552001953125,0.146484375,0.102691650390625,0.0946044921875,0.1171875,0.095367431640625,0.10162353515625,0.108642578125,0.11016845703125,0.12908935546875,0.09674072265625,0.105438232421875,-0.53192138671875,-1.285400390625,0.419921875,-1.81488037109375,-0.8182606101036072
409,0.4595000000000002,-0.0,-0.0,-0.0,-0.0,-0.0,-0.0,-2.479574203491211,-0.9255237579345703,-805.8115844726562,-271756.15625,66829.734375,211.35665893554688,-0.0,-0.0,-0.0,-0.0,-0.0,-0.0,-0.0,-0.0,-0.0,-0.0,-0.0,-0.0,0.0074005126953125,0.0054931640625,0.00728607177734375,0.01033782958984375,0.00507354736328125,0.008697509765625,0.0069427490234375,0.0125885009765625,0.0057220458984375,0.0080108642578125,0.01453399658203125,0.00705718994140625,0.018157958984375,0.00682830810546875,0.003814697265625,0.01605987548828125,0.094146728515625,0.104827880859375,0.106201171875,0.0982666015625,0.081024169921875,0.10040283203125,0.100860595703125,0.108489990234375,0.107879638671875,0.10650634765625,0.11016845703125,0.081634521484375,0.616455078125,-0.13671875,0.0030517578125,1.249542236328125,6.498963356018066
410,0.4600000000000002,-0.0,-0.0,-0.0,-0.0,-0.0,-0.0,-3.6596338748931885,-1.480765461921692,-806.5907592773438,-272584.9375,67230.734375,607.8191528320312,-0.0,-0.0,-0.0,-0.0,-0.0,-0.0,-0.0,-0.0,-0.0,-0.0,-0.0,-0.0,0.00881195068359375,0.0089263916015625,0.01232147216796875,0.01468658447265625,0.01270294189453125,0.01346588134765625,0.00885009765625,0.0206756591796875,0.0070953369140625,0.01251220703125,0.02857208251953125,0.0110626220703125,0.02254486083984375,0.009918212890625,0.0058746337890625,0.02414703369140625,0.093841552734375,0.10009765625,0.094757080078125,0.09674072265625,0.076141357421875,0.0946044921875,0.090484619140625,0.10986328125,0.12908935546875,0.167388916015625,0.092315673828125,0.089874267578125,0.677032470703125,1.4898681640625,-0.3643798828125,2.004241943359375,1.6208140850067139
411,0.4605000000000002,-0.0,-0.0,-0.0,-0.0,-0.0,-0.0,-4.60426139831543,-2.049999237060547,-807.6439819335938,-273077.71875,67223.25,824.7700805664062,-0.0,-0.0,-0.0,-0.0,-0.0,-0.0,-0.0,-0.0,-0.0,-0.0,-0.0,-0.0,-0.00457763671875,-0.00713348388671875,-0.0045013427734375,-0.00843048095703125,-0.0072479248046875,-0.00957489013671875,-0.00946044921875,-0.01110076904296875,-0.0029754638671875,-0.00965118408203125,-0.0131988525390625,-0.00774383544921875,-0.01453399658203125,-0.00640869140625,-0.00335693359375,-0.015716552734375,0.101165771484375,0.08331298828125,0.0958251953125,0.09857177734375,0.095367431640625,0.1055908203125,0.123443603515625,0.142059326171875,-0.185394287109375,0.035247802734375,0.1055908203125,0.10101318359375,-0.386810302734375,0.22705078125,0.32196044921875,-0.939483642578125,1.3159297704696655
412,0.4610000000000002,-0.0,-0.0,-0.0,-0.0,-0.0,-0.0,-5.191023349761963,-2.903853416442871,-809.554931640625,-272947.25,67380.0,1086.8287353515625,-0.0,-0.0,-0.0,-0.0,-0.0,-0.0,-0.0,-0.0,-0.0,-0.0,-0.0,-0.0,-0.00583648681640625,-0.0070953369140625,-0.010986328125,-0.01544952392578125,-0.0101470947265625,-0.013580322265625,-0.0102996826171875,-0.023040771484375,-0.00606536865234375,-0.009613037109375,-0.02532958984375,-0.01171112060546875,-0.0228118896484375,-0.009613037109375,-0.004425048828125,-0.02605438232421875,0.092315673828125,0.1043701171875,0.0994873046875,0.102081298828125,0.10589599609375,0.10101318359375,0.068359375,0.004119873046875,0.216217041015625,-0.00030517578125,0.105743408203125,0.07843017578125,-0.532684326171875,-1.01898193359375,0.413818359375,-1.7559814453125,-4.78175687789917
413,0.4615000000000002,-0.0,-0.0,-0.0,-0.0,-0.0,-0.0,-5.2102532386779785,-2.4776456356048584,-807.8616333007812,-272918.875,67388.640625,1168.677490234375,-0.0,-0.0,-0.0,-0.0,-0.0,-0.0,-0.0,-0.0,-0.0,-0.0,-0.0,-0.0,0.0080108642578125,0.0058746337890625,0.004730224609375,0.01026153564453125,0.00530242919921875,0.0128936767578125,0.0070953369140625,0.01178741455078125,0.00431060791015625,0.01094818115234375,0.01720428466796875,0.0060272216796875,0.01522064208984375,0.00732421875,-0.000152587890625,0.01720428466796875,0.09796142578125,0.102691650390625,0.102081298828125,0.098876953125,0.06072998046875,0.09765625,0.1031494140625,0.11810302734375,0.254669189453125,0.14923095703125,0.10406494140625,0.088348388671875,1.0943603515625,-0.01678466796875,-0.29052734375,1.1138916015625,11.681997299194336
414,0.4620000000000002,-0.0,-0.0,-0.0,-0.0,-0.0,-0.0,-5.869376182556152,-2.5489046573638916,-809.3418579101562,-272510.40625,67468.65625,1204.2083740234375,-0.0,-0.0,-0.0,-0.0,-0.0,-0.0,-0.0,-0.0,-0.0,-0.0,-0.0,-0.0,0.008697509765625,0.0075531005859375,0.01110076904296875,0.0144195556640625,0.0113677978515625,0.01590728759765625,0.0107574462890625,0.0228118896484375,0.007171630859375,0.01247406005859375,0.02918243408203125,0.01129150390625,0.01979827880859375,0.00911712646484375,0.0052642822265625,0.0254058837890625,0.0982666015625,0.096893310546875,0.101470947265625,0.09490966796875,0.096282958984375,0.097808837890625,0.100555419921875,0.115509033203125,0.253753662109375,0.129547119140625,0.096588134765625,0.095672607421875,0.916900634765625,1.5826416015625,-0.228271484375,1.90277099609375,4.364773273468018
415,0.4625000000000002,-0.0,-0.0,-0.0,-0.0,-0.0,-0.0,-5.424139976501465,-2.1210920810699463,-805.9559326171875,-272021.78125,67457.125,1169.3740234375,-0.0,-0.0,-0.0,-0.0,-0.0,-0.0,-0.0,-0.0,-0.0,-0.0,-0.0,-0.0,-0.00583648681640625,-0.0049591064453125,-0.00690460205078125,-0.0080108642578125,-0.0066375732421875,-0.0102996826171875,-0.00614166259765625,-0.01369476318359375,-0.00331878662109375,-0.01190185546875,-0.013275146484375,-0.00705718994140625,-0.016326904296875,-0.006561279296875,-0.00213623046875,-0.014495849609375,0.10284423828125,0.099945068359375,0.096893310546875,0.100250244140625,0.09429931640625,0.099945068359375,0.08544921875,0.1470947265625,0.071563720703125,0.106964111328125,0.0970458984375,0.120086669921875,-0.704498291015625,0.2099609375,0.423583984375,-0.996246337890625,1.3159297704696655
416,0.4630000000000002,-0.0,-0.0,-0.0,-0.0,-0.0,-0.0,-5.299022674560547,-1.942879319190979,-803.8375244140625,-271128.3125,67662.765625,1186.866943359375,-0.0,-0.0,-0.0,-0.0,-0.0,-0.0,-0.0,-0.0,-0.0,-0.0,-0.0,-0.0,-0.00797271728515625,-0.00705718994140625,-0.009002685546875,-0.01476287841796875,-0.0103759765625,-0.01712799072265625,-0.01018524169921875,-0.0229644775390625,-0.00736236572265625,-0.01522064208984375,-0.02964019775390625,-0.00904083251953125,-0.01678466796875,-0.00965118408203125,-0.00316619873046875,-0.027313232421875,0.091705322265625,0.093841552734375,0.094757080078125,0.096588134765625,0.1348876953125,0.09674072265625,0.06683349609375,-0.022735595703125,-0.098724365234375,0.07965087890625,0.10711669921875,0.10223388671875,-1.1358642578125,-1.5380859375,0.52337646484375,-1.38580322265625,-2.95245099067688
417,0.4635000000000002,-0.0,-0.0,-0.0,-0.0,-0.0,-0.0,-5.048990726470947,-1.8003261089324951,-802.4971313476562,-270273.28125,67487.8828125,1034.8995361328125,-0.0,-0.0,-0.0,-0.0,-0.0,-0.0,-0.0,-0.0,-0.0,-0.0,-0.0,-0.0,0.00568389892578125,0.00362396240234375,0.00835418701171875,0.008697509765625,0.0069427490234375,0.00835418701171875,0.0055694580078125,0.01338958740234375,0.004119873046875,0.00995635986328125,0.01438140869140625,0.00194549560546875,0.0153350830078125,0.0070953369140625,0.0022125244140625,0.0160980224609375,0.100250244140625,0.1025390625,0.099639892578125,0.097198486328125,0.070343017578125,0.098114013671875,0.086669921875,0.065765380859375,-0.355987548828125,0.06378173828125,0.09979248046875,0.08636474609375,0.6817626953125,-0.2032470703125,-0.5059814453125,1.0064697265625,7.108732223510742
418,0.4640000000000002,-0.0,-0.0,-0.0,-0.0,-0.0,-0.0,-4.88892126083374,-1.6061993837356567,-799.102783203125,-269379.84375,67552.65625,1228.3857421875,-0.0,-0.0,-0.0,-0.0,-0.0,-0.0,-0.0,-0.0,-0.0,-0.0,-0.0,-0.0,0.00904083251953125,0.0077056884765625,0.01194000244140625,0.015869140625,0.0115203857421875,0.01941680908203125,0.009002685546875,0.02166748046875,0.005340576171875,0.01369476318359375,0.029449462890625,0.01209259033203125,0.0189971923828125,0.0103759765625,0.00492095947265625,0.0247955322265625,0.0958251953125,0.10009765625,0.095367431640625,0.089111328125,0.1068115234375,0.0946044921875,0.106353759765625,0.11993408203125,0.727996826171875,0.059814453125,0.09796142578125,0.096893310546875,1.18011474609375,1.4007568359375,-0.2105712890625,1.563568115234375,5.279426097869873
419,0.4645000000000002,-0.0,-0.0,-0.0,-0.0,-0.0,-0.0,-5.139047622680664,-1.3720862865447998,-799.3209838867188,-268895.0,67515.4765625,1041.3609619140625,-0.0,-0.0,-0.0,-0.0,-0.0,-0.0,-0.0,-0.0,-0.0,-0.0,-0.0,-0.0,-0.00507354736328125,-0.00476837158203125,-0.00736236572265625,-0.0081634521484375,-0.00507354736328125,-0.00896453857421875,-0.0072479248046875,-0.01140594482421875,-0.00415802001953125,-0.00774383544921875,-0.01331329345703125,-0.00324249267578125,-0.01506805419921875,-0.00606536865234375,-0.001983642578125,-0.01605987548828125,0.101165771484375,0.099639892578125,0.09521484375,0.09429931640625,0.10162353515625,0.101470947265625,0.08270263671875,0.1031494140625,0.221099853515625,0.12481689453125,0.10101318359375,0.103912353515625,-0.290374755859375,0.3265380859375,0.4815673828125,-0.81512451171875,0.40127673745155334
420,0.4650000000000002,-0.0,-0.0,-0.0,-0.0,-0.0,-0.0,-4.799853801727295,-0.837169349193573,-799.7445068359375,-268589.28125,67052.125,924.2490234375,-0.0,-0.0,-0.0,-0.0,-0.0,-0.0,-0.0,-0.0,-0.0,-0.0,-0.0,-0.0,-0.00782012939453125,-0.0052642822265625,-0.0112152099609375,-0.0164031982421875,-0.0102996826171875,-0.01598358154296875,-0.0103759765625,-0.02178192138671875,-0.0031280517578125,-0.0130462646484375,-0.025482177734375,-0.01102447509765625,-0.02315521240234375,-0.01079559326171875,-0.0054168701171875,-0.02513885498046875,0.09307861328125,0.099029541015625,0.09674072265625,0.105438232421875,0.106201171875,0.099029541015625,0.13153076171875,0.154266357421875,0.064697265625,0.090789794921875,0.091400146484375,0.09765625,-0.781402587890625,-1.1077880859375,0.47515869140625,-1.82830810546875,-0.5133762359619141
421,0.4655000000000002,-0.0,-0.0,-0.0,-0.0,-0.0,-0.0,-4.406187534332275,-1.3175082206726074,-798.616943359375,-268319.09375,67359.5546875,970.735107421875,-0.0,-0.0,-0.0,-0.0,-0.0,-0.0,-0.0,-0.0,-0.0,-0.0,-0.0,-0.0,0.0052642822265625,0.0037384033203125,0.0080108642578125,0.0067901611328125,0.00751495361328125,0.007781982421875,0.00675201416015625,0.0125885009765625,0.00270843505859375,0.0110626220703125,0.01232147216796875,0.0046539306640625,0.014801025390625,0.0064849853515625,0.00244140625,0.0142669677734375,0.099945068359375,0.095672607421875,0.095672607421875,0.098724365234375,0.08575439453125,0.0982666015625,0.101470947265625,0.078125,0.062713623046875,0.0592041015625,0.094757080078125,0.090789794921875,0.756072998046875,-0.19775390625,-0.36865234375,0.955963134765625,6.803847789764404
422,0.4660000000000002,-0.0,-0.0,-0.0,-0.0,-0.0,-0.0,-4.3342108726501465,-1.4978636503219604,-799.5305786132812,-267591.6875,66876.1796875,830.8092041015625,-0.0,-0.0,-0.0,-0.0,-0.0,-0.0,-0.0,-0.0,-0.0,-0.0,-0.0,-0.0,0.00743865966796875,0.0061798095703125,0.01155853271484375,0.01667022705078125,0.0109100341796875,0.01434326171875,0.00988006591796875,0.0212860107421875,0.006103515625,0.00965118408203125,0.0310516357421875,0.01094818115234375,0.02315521240234375,0.00980377197265625,0.00518798828125,0.02559661865234375,0.101318359375,0.1019287109375,0.10040283203125,0.1007080078125,0.07354736328125,0.095977783203125,0.0933837890625,0.11322021484375,0.1019287109375,0.182952880859375,0.09674072265625,0.098876953125,0.715484619140625,1.6839599609375,-0.18890380859375,1.75933837890625,5.889194965362549
423,0.4665000000000002,-0.0,-0.0,-0.0,-0.0,-0.0,-0.0,-4.572533130645752,-1.3887840509414673,-800.5905151367188,-268083.25,66928.6171875,907.42333984375,-0.0,-0.0,-0.0,-0.0,-0.0,-0.0,-0.0,-0.0,-0.0,-0.0,-0.0,-0.0,-0.0048065185546875,-0.00553131103515625,-0.00621795654296875,-0.0069427490234375,-0.007476806640625,-0.00881195068359375,-0.00698089599609375,-0.0118255615234375,-0.0040435791015625,-0.010833740234375,-0.014495849609375,-0.00667572021484375,-0.01285552978515625,-0.0046539306640625,-0.00324249267578125,-0.0147247314453125,0.095977783203125,0.099029541015625,0.095977783203125,0.098114013671875,0.0946044921875,0.100555419921875,0.092315673828125,0.09765625,-0.0213623046875,0.0537109375,0.100860595703125,0.088653564453125,-0.5926513671875,0.24139404296875,0.3912353515625,-0.65460205078125,3.755004405975342
424,0.4670000000000002,-0.0,-0.0,-0.0,-0.0,-0.0,-0.0,-4.714073657989502,-1.498016595840454,-802.2203369140625,-268144.5,66693.8125,765.9034423828125,-0.0,-0.0,-0.0,-0.0,-0.0,-0.0,-0.0,-0.0,-0.0,-0.0,-0.0,-0.0,-0.00888824462890625,-0.00659942626953125,-0.01323699951171875,-0.01445770263671875,-0.01071929931640625,-0.0150299072265625,-0.008697509765625,-0.02033233642578125,-0.00476837158203125,-0.01552581787109375,-0.030364990234375,-0.0119781494140625,-0.02223968505859375,-0.009613037109375,-0.0049591064453125,-0.024566650390625,0.110321044921875,0.0958251953125,0.10040283203125,0.087890625,0.10009765625,0.0933837890625,0.096282958984375,0.097808837890625,-0.0946044921875,0.196990966796875,0.103607177734375,0.100860595703125,-1.04095458984375,-1.4654541015625,0.487060546875,-1.810150146484375,2.5354671478271484
425,0.4675000000000002,-0.0,-0.0,-0.0,-0.0,-0.0,-0.0,-3.7262206077575684,0.26045042276382446,-801.6367797851562,-268037.09375,66952.5703125,813.1627197265625,-0.0,-0.0,-0.0,-0.0,-0.0,-0.0,-0.0,-0.0,-0.0,-0.0,-0.0,-0.0,0.0048065185546875,0.0042724609375,0.007781982421875,0.00812530517578125,0.0074005126953125,0.00885009765625,0.00514984130859375,0.01434326171875,0.00308990478515625,0.013580322265625,0.01087188720703125,0.00514984130859375,0.0157928466796875,0.0055694580078125,0.00476837158203125,0.01491546630859375,0.1025390625,0.099029541015625,0.093841552734375,0.101776123046875,0.088348388671875,0.092926025390625,0.068817138671875,0.1092529296875,-0.009002685546875,0.09002685546875,0.093231201171875,0.105438232421875,0.882415771484375,-0.3857421875,-0.19500732421875,0.985565185546875,4.974541664123535
426,0.4680000000000002,-0.0,-0.0,-0.0,-0.0,-0.0,-0.0,-4.090473175048828,1.7616968154907227,-801.4176025390625,-267704.90625,67401.984375,836.7551879882812,-0.0,-0.0,-0.0,-0.0,-0.0,-0.0,-0.0,-0.0,-0.0,-0.0,-0.0,-0.0,0.0095367431640625,0.00926971435546875,0.01178741455078125,0.0145721435546875,0.0104522705078125,0.015411376953125,0.0095367431640625,0.02223968505859375,0.00957489013671875,0.0128173828125,0.03055572509765625,0.011444091796875,0.02166748046875,0.009613037109375,0.00415802001953125,0.026397705078125,0.100860595703125,0.10162353515625,0.10009765625,0.10406494140625,0.108184814453125,0.102691650390625,0.152435302734375,0.09185791015625,0.26275634765625,0.076751708984375,0.10223388671875,0.0750732421875,0.893096923828125,1.5704345703125,-0.11871337890625,2.017364501953125,2.8403513431549072
427,0.4685000000000002,-0.0,-0.0,-0.0,-0.0,-0.0,-0.0,-4.3331122398376465,2.7672359943389893,-800.0365600585938,-266614.0625,67479.1875,1003.1360473632812,-0.0,-0.0,-0.0,-0.0,-0.0,-0.0,-0.0,-0.0,-0.0,-0.0,-0.0,-0.0,-0.00499725341796875,-0.00217437744140625,-0.00675201416015625,-0.00782012939453125,-0.006256103515625,-0.00804901123046875,-0.0058746337890625,-0.01163482666015625,-0.00354766845703125,-0.00946044921875,-0.0124359130859375,-0.0054168701171875,-0.0142669677734375,-0.00530242919921875,-0.00213623046875,-0.01514434814453125,0.09307861328125,0.099639892578125,0.097503662109375,0.102081298828125,0.04547119140625,0.09979248046875,0.123138427734375,0.117950439453125,0.17333984375,0.198211669921875,0.106353759765625,0.100860595703125,-0.536041259765625,0.4925537109375,0.30548095703125,-0.966033935546875,0.7061610817909241
428,0.4690000000000002,-0.0,-0.0,-0.0,-0.0,-0.0,-0.0,-4.58358907699585,2.750704526901245,-798.5579833984375,-265938.28125,67908.734375,1132.7244873046875,-0.0,-0.0,-0.0,-0.0,-0.0,-0.0,-0.0,-0.0,-0.0,-0.0,-0.0,-0.0,-0.00843048095703125,-0.006866455078125,-0.01079559326171875,-0.01506805419921875,-0.01190185546875,-0.01529693603515625,-0.0095367431640625,-0.0196075439453125,-0.00652313232421875,-0.010528564453125,-0.0292205810546875,-0.0122833251953125,-0.0243377685546875,-0.01018524169921875,-0.00461578369140625,-0.02719879150390625,0.104217529296875,0.096893310546875,0.099945068359375,0.095977783203125,0.145263671875,0.096435546875,0.09765625,0.058441162109375,0.084686279296875,0.03509521484375,0.099639892578125,0.096893310546875,-0.62103271484375,-1.30462646484375,0.34942626953125,-1.88507080078125,-13.318517684936523
429,0.4695000000000002,-0.0,-0.0,-0.0,-0.0,-0.0,-0.0,-5.463654518127441,2.7462081909179688,-797.6333618164062,-265195.90625,68389.234375,1321.1173095703125,-0.0,-0.0,-0.0,-0.0,-0.0,-0.0,-0.0,-0.0,-0.0,-0.0,-0.0,-0.0,0.0066375732421875,0.00453948974609375,0.006561279296875,0.00896453857421875,0.005950927734375,0.0104522705078125,0.0051116943359375,0.012359619140625,0.00514984130859375,0.00926971435546875,0.0124359130859375,0.00461578369140625,0.01354217529296875,0.0058746337890625,0.00274658203125,0.01495361328125,0.09429931640625,0.098876953125,0.101776123046875,0.1025390625,0.114288330078125,0.098876953125,0.127105712890625,0.132293701171875,0.1141357421875,0.0946044921875,0.100860595703125,0.11749267578125,0.747528076171875,-0.31005859375,-0.1513671875,0.86395263671875,4.364773273468018
430,0.4700000000000002,-0.0,-0.0,-0.0,-0.0,-0.0,-0.0,-5.737735271453857,2.228260040283203,-794.5009765625,-264764.09375,68333.875,1748.498291015625,-0.0,-0.0,-0.0,-0.0,-0.0,-0.0,-0.0,-0.0,-0.0,-0.0,-0.0,-0.0,0.00812530517578125,0.00896453857421875,0.0128173828125,0.0154876708984375,0.009307861328125,0.01300811767578125,0.01033782958984375,0.02010345458984375,0.0074005126953125,0.0096893310546875,0.0328826904296875,0.01232147216796875,0.0234222412109375,0.01056671142578125,0.002899169921875,0.02666473388671875,0.100860595703125,0.099334716796875,0.09796142578125,0.09979248046875,0.076904296875,0.099334716796875,0.0921630859375,0.08148193359375,0.03387451171875,0.088348388671875,0.090179443359375,0.0982666015625,0.67047119140625,1.62841796875,-0.128173828125,2.04559326171875,5.584310531616211
431,0.4705000000000002,-0.0,-0.0,-0.0,-0.0,-0.0,-0.0,-6.746589660644531,1.9942480325698853,-791.2328491210938,-264488.34375,68949.078125,1668.2393798828125,-0.0,-0.0,-0.0,-0.0,-0.0,-0.0,-0.0,-0.0,-0.0,-0.0,-0.0,-0.0,-0.004425048828125,-0.00492095947265625,-0.00682830810546875,-0.00827789306640625,-0.00751495361328125,-0.00782012939453125,-0.00640869140625,-0.0121307373046875,-0.00476837158203125,-0.01132965087890625,-0.01224517822265625,-0.00469207763671875,-0.01644134521484375,-0.0057220458984375,-0.0037384033203125,-0.01491546630859375,0.096282958984375,0.101470947265625,0.096435546875,0.089263916015625,0.116729736328125,0.097198486328125,0.089263916015625,0.022735595703125,0.076446533203125,0.042266845703125,0.104217529296875,0.0811767578125,-0.829620361328125,0.23468017578125,0.41656494140625,-0.79193115234375,1.3159297704696655
432,0.4710000000000002,-0.0,-0.0,-0.0,-0.0,-0.0,-0.0,-6.38383150100708,1.7372556924819946,-792.0509643554688,-264452.75,69147.84375,1808.57080078125,-0.0,-0.0,-0.0,-0.0,-0.0,-0.0,-0.0,-0.0,-0.0,-0.0,-0.0,-0.0,-0.00804901123046875,-0.00858306884765625,-0.01277923583984375,-0.01476287841796875,-0.01125335693359375,-0.014495849609375,-0.007781982421875,-0.0209808349609375,-0.00659942626953125,-0.01239776611328125,-0.02941131591796875,-0.01373291015625,-0.02300262451171875,-0.00804901123046875,-0.0051116943359375,-0.02475738525390625,0.10711669921875,0.096893310546875,0.1025390625,0.0982666015625,0.130462646484375,0.0958251953125,0.063323974609375,0.05218505859375,0.08575439453125,0.098419189453125,0.11474609375,0.105438232421875,-0.55328369140625,-1.3714599609375,0.364990234375,-1.96258544921875,-0.5133762359619141
433,0.4715000000000002,-0.0,-0.0,-0.0,-0.0,-0.0,-0.0,-6.918893337249756,1.5381616353988647,-790.8101196289062,-264495.90625,69586.6640625,1998.9615478515625,-0.0,-0.0,-0.0,-0.0,-0.0,-0.0,-0.0,-0.0,-0.0,-0.0,-0.0,-0.0,0.0072479248046875,0.00278472900390625,0.00759124755859375,0.0087738037109375,0.0064849853515625,0.00926971435546875,0.00637054443359375,0.0118255615234375,0.0052642822265625,0.0106048583984375,0.014190673828125,0.0040435791015625,0.0153350830078125,0.00568389892578125,0.00286102294921875,0.01544952392578125,0.096588134765625,0.10040283203125,0.099029541015625,0.096435546875,0.058135986328125,0.099334716796875,0.09918212890625,0.103759765625,0.089111328125,0.16204833984375,0.098876953125,0.09521484375,0.866241455078125,-0.11993408203125,-0.26702880859375,1.03515625,6.803847789764404
434,0.4720000000000002,-0.0,-0.0,-0.0,-0.0,-0.0,-0.0,-6.667513847351074,1.4425556659698486,-790.6393432617188,-264025.90625,69490.1484375,1892.76123046875,-0.0,-0.0,-0.0,-0.0,-0.0,-0.0,-0.0,-0.0,-0.0,-0.0,-0.0,-0.0,0.0075531005859375,0.00720977783203125,0.01068115234375,0.016021728515625,0.010528564453125,0.01529693603515625,0.01140594482421875,0.02460479736328125,0.00873565673828125,0.01308441162109375,0.03162384033203125,0.00988006591796875,0.0176239013671875,0.0107574462890625,0.00446319580078125,0.027313232421875,0.087890625,0.1007080078125,0.10040283203125,0.1019287109375,0.12054443359375,0.099945068359375,0.151214599609375,0.1104736328125,0.057220458984375,0.168304443359375,0.0909423828125,0.100250244140625,1.220245361328125,1.75384521484375,-0.286865234375,1.403350830078125,4.364773273468018
435,0.4725000000000002,-0.0,-0.0,-0.0,-0.0,-0.0,-0.0,-6.578034400939941,1.2079014778137207,-788.6790161132812,-263724.09375,69627.03125,1751.76513671875,-0.0,-0.0,-0.0,-0.0,-0.0,-0.0,-0.0,-0.0,-0.0,-0.0,-0.0,-0.0,-0.0048065185546875,-0.0045013427734375,-0.0066375732421875,-0.00888824462890625,-0.00522613525390625,-0.00926971435546875,-0.00579833984375,-0.01293182373046875,-0.00385284423828125,-0.0101470947265625,-0.01399993896484375,-0.00499725341796875,-0.01743316650390625,-0.005035400390625,-0.00194549560546875,-0.0164794921875,0.09368896484375,0.102996826171875,0.0982666015625,0.103607177734375,0.09124755859375,0.098876953125,0.05615234375,0.10894775390625,-0.008544921875,0.03570556640625,0.10467529296875,0.107421875,-0.562286376953125,0.1434326171875,0.39947509765625,-1.042633056640625,2.2305827140808105
436,0.4730000000000002,-0.0,-0.0,-0.0,-0.0,-0.0,-0.0,-6.049973487854004,1.0695648193359375,-788.5860595703125,-263813.4375,69546.109375,1711.5892333984375,-0.0,-0.0,-0.0,-0.0,-0.0,-0.0,-0.0,-0.0,-0.0,-0.0,-0.0,-0.0,-0.00835418701171875,-0.00675201416015625,-0.01132965087890625,-0.01312255859375,-0.009613037109375,-0.01377105712890625,-0.0104522705078125,-0.0240325927734375,-0.00682830810546875,-0.013885498046875,-0.02742767333984375,-0.0121307373046875,-0.0215911865234375,-0.0093841552734375,-0.00408172607421875,-0.02719879150390625,0.0958251953125,0.102386474609375,0.100555419921875,0.098419189453125,0.10162353515625,0.10101318359375,0.125885009765625,0.12603759765625,0.40069580078125,0.11810302734375,0.083160400390625,0.1055908203125,-0.970001220703125,-1.46484375,0.46417236328125,-1.9287109375,-2.0377979278564453
437,0.4735000000000002,-0.0,-0.0,-0.0,-0.0,-0.0,-0.0,-6.090469837188721,0.1216287910938263,-788.9396362304688,-263990.8125,70009.28125,1716.2359619140625,-0.0,-0.0,-0.0,-0.0,-0.0,-0.0,-0.0,-0.0,-0.0,-0.0,-0.0,-0.0,0.0052642822265625,0.00469207763671875,0.00751495361328125,0.00743865966796875,0.00667572021484375,0.00843048095703125,0.00659942626953125,0.012359619140625,0.00457763671875,0.00988006591796875,0.0147247314453125,0.0025177001953125,0.022125244140625,0.0043487548828125,0.00396728515625,0.014190673828125,0.092315673828125,0.0933837890625,0.09918212890625,0.105438232421875,0.136871337890625,0.103607177734375,0.092010498046875,0.02471923828125,0.150299072265625,0.013580322265625,0.0909423828125,0.09552001953125,0.679168701171875,-0.05584716796875,-0.286865234375,1.516876220703125,7.413616180419922
438,0.4740000000000002,-0.0,-0.0,-0.0,-0.0,-0.0,-0.0,-5.725668907165527,-0.1458970457315445,-788.8757934570312,-264410.28125,69543.671875,1646.7838134765625,-0.0,-0.0,-0.0,-0.0,-0.0,-0.0,-0.0,-0.0,-0.0,-0.0,-0.0,-0.0,0.00957489013671875,0.0081634521484375,0.01079559326171875,0.013885498046875,0.01102447509765625,0.01308441162109375,0.009765625,0.02307891845703125,0.0090789794921875,0.01300811767578125,0.02895355224609375,0.0104522705078125,0.01834869384765625,0.01071929931640625,0.00476837158203125,0.02681732177734375,0.10040283203125,0.0970458984375,0.097503662109375,0.082550048828125,0.09521484375,0.101776123046875,0.05889892578125,0.0811767578125,0.09552001953125,0.0927734375,0.0927734375,0.093994140625,0.80352783203125,1.395263671875,-0.37078857421875,1.776275634765625,6.1940789222717285
439,0.4745000000000002,-0.0,-0.0,-0.0,-0.0,-0.0,-0.0,-6.3103227615356445,-0.2673912048339844,-791.4761962890625,-264489.53125,69950.5234375,1583.253662109375,-0.0,-0.0,-0.0,-0.0,-0.0,-0.0,-0.0,-0.0,-0.0,-0.0,-0.0,-0.0,-0.00652313232421875,-0.00370025634765625,-0.00701904296875,-0.00614166259765625,-0.00514984130859375,-0.0095367431640625,-0.00606536865234375,-0.01262664794921875,-0.00423431396484375,-0.00995635986328125,-0.01529693603515625,-0.00457763671875,-0.0182342529296875,-0.00530242919921875,-0.001373291015625,-0.01636505126953125,0.09246826171875,0.09552001953125,0.10345458984375,0.101318359375,0.103912353515625,0.095977783203125,0.153656005859375,0.1361083984375,-0.007171630859375,0.1214599609375,0.107879638671875,0.103759765625,-0.826263427734375,0.20355224609375,0.38909912109375,-1.23199462890625,2.5354671478271484
440,0.4750000000000002,-0.0,-0.0,-0.0,-0.0,-0.0,-0.0,-5.400759696960449,-0.7380592823028564,-792.3807983398438,-265253.78125,69672.5859375,1521.3331298828125,-0.0,-0.0,-0.0,-0.0,-0.0,-0.0,-0.0,-0.0,-0.0,-0.0,-0.0,-0.0,-0.01110076904296875,-0.00896453857421875,-0.01232147216796875,-0.01445770263671875,-0.011749267578125,-0.012969970703125,-0.00888824462890625,-0.02162933349609375,-0.00682830810546875,-0.013275146484375,-0.0293731689453125,-0.01270294189453125,-0.02056121826171875,-0.01007080078125,-0.003509521484375,-0.0255584716796875,0.0946044921875,0.09857177734375,0.10040283203125,0.09796142578125,0.083160400390625,0.099639892578125,0.09490966796875,-0.00213623046875,-0.174713134765625,0.0640869140625,0.1080322265625,0.092315673828125,-0.76568603515625,-1.19354248046875,0.36834716796875,-1.7779541015625,-6.001294136047363
441,0.4755000000000002,-0.0,-0.0,-0.0,-0.0,-0.0,-0.0,-5.377939224243164,-1.5152168273925781,-791.5764770507812,-265538.40625,69833.171875,1360.9556884765625,-0.0,-0.0,-0.0,-0.0,-0.0,-0.0,-0.0,-0.0,-0.0,-0.0,-0.0,-0.0,0.00583648681640625,0.0055694580078125,0.00690460205078125,0.00934600830078125,0.00530242919921875,0.01300811767578125,0.00583648681640625,0.01346588134765625,0.0043487548828125,0.0133514404296875,0.0131988525390625,0.0048065185546875,0.01369476318359375,0.00553131103515625,0.0025177001953125,0.01522064208984375,0.096893310546875,0.0970458984375,0.10406494140625,0.098419189453125,0.078582763671875,0.094757080078125,0.096282958984375,0.112762451171875,0.310821533203125,0.12359619140625,0.10284423828125,0.081634521484375,1.152801513671875,-0.0103759765625,-0.380859375,0.814361572265625,4.364773273468018
442,0.4760000000000002,-0.0,-0.0,-0.0,-0.0,-0.0,-0.0,-5.677676200866699,-2.1232457160949707,-792.5357666015625,-265736.59375,69854.0703125,1384.4920654296875,-0.0,-0.0,-0.0,-0.0,-0.0,-0.0,-0.0,-0.0,-0.0,-0.0,-0.0,-0.0,0.0084686279296875,0.00911712646484375,0.010986328125,0.01277923583984375,0.010528564453125,0.014190673828125,0.01140594482421875,0.0229644775390625,0.00762939453125,0.0103759765625,0.02834320068359375,0.013427734375,0.01857757568359375,0.0095367431640625,0.00476837158203125,0.02712249755859375,0.10040283203125,0.103912353515625,0.099029541015625,0.100860595703125,0.09307861328125,0.0982666015625,0.091400146484375,0.104217529296875,0.2435302734375,0.087890625,0.093994140625,0.09185791015625,0.782470703125,1.29425048828125,-0.0909423828125,1.7596435546875,3.145235776901245
443,0.4765000000000002,-0.0,-0.0,-0.0,-0.0,-0.0,-0.0,-5.043281078338623,-2.4065208435058594,-794.96826171875,-266185.1875,70228.2421875,1303.41357421875,-0.0,-0.0,-0.0,-0.0,-0.0,-0.0,-0.0,-0.0,-0.0,-0.0,-0.0,-0.0,-0.0063323974609375,-0.00484466552734375,-0.00606536865234375,-0.00835418701171875,-0.0064849853515625,-0.0080108642578125,-0.0063323974609375,-0.01094818115234375,-0.004119873046875,-0.0090789794921875,-0.0116729736328125,-0.00545501708984375,-0.01399993896484375,-0.0054931640625,-0.00156402587890625,-0.0148773193359375,0.09857177734375,0.100250244140625,0.097808837890625,0.09918212890625,0.0738525390625,0.0970458984375,0.103607177734375,0.1141357421875,0.0421142578125,0.14923095703125,0.095672607421875,0.101776123046875,-0.414886474609375,0.31341552734375,0.51116943359375,-0.807342529296875,0.7061610817909241
444,0.4770000000000002,-0.0,-0.0,-0.0,-0.0,-0.0,-0.0,-5.410331726074219,-2.8993947505950928,-793.6163940429688,-266627.84375,70095.4921875,1416.36181640625,-0.0,-0.0,-0.0,-0.0,-0.0,-0.0,-0.0,-0.0,-0.0,-0.0,-0.0,-0.0,-0.01018524169921875,-0.00823974609375,-0.0115203857421875,-0.01308441162109375,-0.01018524169921875,-0.0133514404296875,-0.00732421875,-0.02391815185546875,-0.00885009765625,-0.014801025390625,-0.028533935546875,-0.0099945068359375,-0.02044677734375,-0.00835418701171875,-0.00377655029296875,-0.0247955322265625,0.1068115234375,0.097503662109375,0.09063720703125,0.07171630859375,0.0518798828125,0.09368896484375,0.077972412109375,0.123748779296875,0.102996826171875,0.274505615234375,0.100555419921875,0.097503662109375,-1.013641357421875,-1.20697021484375,0.63385009765625,-1.5777587890625,-1.732913613319397
445,0.4775000000000002,-0.0,-0.0,-0.0,-0.0,-0.0,-0.0,-5.541874885559082,-3.350778579711914,-793.0322875976562,-267577.03125,70343.4140625,1467.4920654296875,-0.0,-0.0,-0.0,-0.0,-0.0,-0.0,-0.0,-0.0,-0.0,-0.0,-0.0,-0.0,0.00568389892578125,0.00514984130859375,0.00675201416015625,0.0106048583984375,0.00518798828125,0.0093841552734375,0.0066375732421875,0.01220703125,0.00457763671875,0.009613037109375,0.0106048583984375,0.00507354736328125,0.01422882080078125,0.006561279296875,0.00347137451171875,0.01529693603515625,0.09552001953125,0.10040283203125,0.09857177734375,0.112762451171875,0.10345458984375,0.100555419921875,0.075225830078125,0.04913330078125,0.084381103515625,0.182647705078125,0.09613037109375,0.105438232421875,0.699462890625,-0.32501220703125,-0.23223876953125,0.908050537109375,6.1940789222717285
446,0.4780000000000002,-0.0,-0.0,-0.0,-0.0,-0.0,-0.0,-6.035094738006592,-3.852649211883545,-795.652587890625,-268140.0,70579.9765625,1823.811279296875,-0.0,-0.0,-0.0,-0.0,-0.0,-0.0,-0.0,-0.0,-0.0,-0.0,-0.0,-0.0,0.00782012939453125,0.010528564453125,0.0122833251953125,0.01506805419921875,0.01220703125,0.01331329345703125,0.007781982421875,0.02239227294921875,0.0054168701171875,0.01377105712890625,0.03021240234375,0.0144195556640625,0.01979827880859375,0.01018524169921875,0.0048828125,0.02590179443359375,0.097198486328125,0.097808837890625,0.09857177734375,0.11932373046875,0.13824462890625,0.100555419921875,0.12054443359375,0.09918212890625,-0.00518798828125,-0.06561279296875,0.0897216796875,0.112457275390625,1.134490966796875,1.64642333984375,-0.17425537109375,1.593780517578125,4.974541664123535
447,0.4785000000000002,-0.0,-0.0,-0.0,-0.0,-0.0,-0.0,-6.306866645812988,-4.208630084991455,-798.1251831054688,-268551.34375,70742.671875,1767.948974609375,-0.0,-0.0,-0.0,-0.0,-0.0,-0.0,-0.0,-0.0,-0.0,-0.0,-0.0,-0.0,-0.00579833984375,-0.00492095947265625,-0.00614166259765625,-0.0075531005859375,-0.0063323974609375,-0.00835418701171875,-0.00652313232421875,-0.01132965087890625,-0.0038909912109375,-0.00911712646484375,-0.01079559326171875,-0.0054168701171875,-0.01216888427734375,-0.00598907470703125,-0.0026702880859375,-0.0147247314453125,0.095672607421875,0.092315673828125,0.095977783203125,0.1031494140625,0.10833740234375,0.097503662109375,0.11932373046875,0.15655517578125,0.0408935546875,0.025634765625,0.09490966796875,0.10406494140625,-0.44830322265625,0.42510986328125,0.66680908203125,-0.617218017578125,3.145235776901245
448,0.4790000000000002,-0.0,-0.0,-0.0,-0.0,-0.0,-0.0,-6.927506446838379,-5.452397346496582,-802.4248046875,-269572.78125,71044.9609375,2166.269775390625,-0.0,-0.0,-0.0,-0.0,-0.0,-0.0,-0.0,-0.0,-0.0,-0.0,-0.0,-0.0,-0.0098419189453125,-0.0064849853515625,-0.009918212890625,-0.01399993896484375,-0.0109100341796875,-0.01659393310546875,-0.008392333984375,-0.02346038818359375,-0.00698089599609375,-0.01384735107421875,-0.026092529296875,-0.0110626220703125,-0.02147674560546875,-0.00850677490234375,-0.0045013427734375,-0.0276947021484375,0.09368896484375,0.097198486328125,0.095977783203125,0.09796142578125,0.096435546875,0.0970458984375,0.108642578125,0.130462646484375,0.064239501953125,0.104522705078125,0.09674072265625,0.08758544921875,-0.73974609375,-1.158447265625,0.37628173828125,-1.87042236328125,-6.611063003540039
449,0.4795000000000002,-0.0,-0.0,-0.0,-0.0,-0.0,-0.0,-7.5982818603515625,-5.688971042633057,-804.06884765625,-270142.59375,71506.1875,2195.46728515625,-0.0,-0.0,-0.0,-0.0,-0.0,-0.0,-0.0,-0.0,-0.0,-0.0,-0.0,-0.0,0.0057220458984375,0.0058746337890625,0.007476806640625,0.00843048095703125,0.00720977783203125,0.00812530517578125,0.0080108642578125,0.01270294189453125,0.00339508056640625,0.0107574462890625,0.012054443359375,0.0054168701171875,0.0152587890625,0.005340576171875,0.0054931640625,0.01373291015625,0.099945068359375,0.101470947265625,0.10162353515625,0.10345458984375,0.0933837890625,0.099334716796875,0.099639892578125,0.132904052734375,-0.041046142578125,0.081024169921875,0.09796142578125,0.08636474609375,0.72235107421875,-0.2203369140625,-0.330810546875,0.9197998046875,4.364773273468018
450,0.4800000000000002,-0.0,-0.0,-0.0,-0.0,-0.0,-0.0,-7.244019985198975,-5.482847213745117,-805.4215698242188,-271198.84375,71763.4296875,2121.97998046875,-0.0,-0.0,-0.0,-0.0,-0.0,-0.0,-0.0,-0.0,-0.0,-0.0,-0.0,-0.0,0.00934600830078125,0.0102996826171875,0.0115966796875,0.01316070556640625,0.0110626220703125,0.01438140869140625,0.0099945068359375,0.023193359375,0.008544921875,0.012054443359375,0.0305938720703125,0.01049041748046875,0.0218963623046875,0.010223388671875,0.00583648681640625,0.02735137939453125,0.093841552734375,0.102386474609375,0.097503662109375,0.096282958984375,0.05950927734375,0.092926025390625,0.085296630859375,0.021514892578125,-0.05767822265625,0.093994140625,0.099945068359375,0.08575439453125,0.767974853515625,1.77978515625,-0.2239990234375,1.9287109375,6.1940789222717285
451,0.4805000000000002,-0.0,-0.0,-0.0,-0.0,-0.0,-0.0,-7.820037841796875,-6.386929512023926,-807.6621704101562,-271394.71875,71778.8125,2005.207275390625,-0.0,-0.0,-0.0,-0.0,-0.0,-0.0,-0.0,-0.0,-0.0,-0.0,-0.0,-0.0,-0.00606536865234375,-0.00415802001953125,-0.00667572021484375,-0.00820159912109375,-0.0034332275390625,-0.0064849853515625,-0.0041961669921875,-0.0110626220703125,-0.00453948974609375,-0.0095367431640625,-0.0106048583984375,-0.006866455078125,-0.01190185546875,-0.0070953369140625,-0.00339508056640625,-0.014495849609375,0.096282958984375,0.0982666015625,0.10223388671875,0.090789794921875,0.09063720703125,0.10406494140625,0.093841552734375,0.056304931640625,0.471954345703125,0.125274658203125,0.096588134765625,0.10101318359375,-0.626983642578125,0.577392578125,0.3326416015625,-0.558319091796875,9.547806739807129
452,0.4810000000000002,-0.0,-0.0,-0.0,-0.0,-0.0,-0.0,-7.714019775390625,-6.077812194824219,-807.8355102539062,-272084.0625,71845.515625,2102.411865234375,-0.0,-0.0,-0.0,-0.0,-0.0,-0.0,-0.0,-0.0,-0.0,-0.0,-0.0,-0.0,-0.0084686279296875,-0.0095367431640625,-0.011444091796875,-0.0142669677734375,-0.00732421875,-0.01575469970703125,-0.01194000244140625,-0.02216339111328125,-0.00782012939453125,-0.010528564453125,-0.03078460693359375,-0.00896453857421875,-0.02193450927734375,-0.00980377197265625,-0.00202178955078125,-0.02719879150390625,0.10406494140625,0.1031494140625,0.0958251953125,0.09185791015625,0.094757080078125,0.09796142578125,0.063018798828125,0.106658935546875,0.1629638671875,0.107574462890625,0.099334716796875,0.093994140625,-0.64178466796875,-1.55517578125,0.51422119140625,-1.9073486328125,-0.5133762359619141
453,0.4815000000000002,-0.0,-0.0,-0.0,-0.0,-0.0,-0.0,-7.3152618408203125,-5.971736907958984,-808.3690795898438,-271823.0,72054.9609375,1785.685791015625,-0.0,-0.0,-0.0,-0.0,-0.0,-0.0,-0.0,-0.0,-0.0,-0.0,-0.0,-0.0,0.00415802001953125,0.005950927734375,0.004730224609375,0.0091552734375,0.0067138671875,0.00774383544921875,0.00736236572265625,0.01064300537109375,0.0041961669921875,0.0084686279296875,0.0107574462890625,0.00499725341796875,0.0135040283203125,0.0067138671875,0.00217437744140625,0.01495361328125,0.0982666015625,0.101165771484375,0.098114013671875,0.101776123046875,0.09796142578125,0.097808837890625,0.13916015625,0.105133056640625,0.08453369140625,0.1043701171875,0.10223388671875,0.10101318359375,0.458526611328125,-0.4327392578125,-0.43304443359375,1.059112548828125,5.584310531616211
454,0.4820000000000002,-0.0,-0.0,-0.0,-0.0,-0.0,-0.0,-6.586555004119873,-5.556103706359863,-807.4883422851562,-271767.25,71499.1796875,1600.822509765625,-0.0,-0.0,-0.0,-0.0,-0.0,-0.0,-0.0,-0.0,-0.0,-0.0,-0.0,-0.0,0.00736236572265625,0.00934600830078125,0.01056671142578125,0.0146484375,0.0113677978515625,0.01369476318359375,0.01129150390625,0.023956298828125,0.00675201416015625,0.0092315673828125,0.0298309326171875,0.01247406005859375,0.02101898193359375,0.0109100341796875,0.00606536865234375,0.027313232421875,0.099945068359375,0.098724365234375,0.09490966796875,0.09613037109375,0.10162353515625,0.09552001953125,0.0872802734375,0.101318359375,0.060882568359375,0.083465576171875,0.114898681640625,0.101776123046875,0.58624267578125,1.50146484375,-0.26519775390625,1.871337890625,5.279426097869873
455,0.4825000000000002,-0.0,-0.0,-0.0,-0.0,-0.0,-0.0,-5.829037666320801,-4.976833343505859,-808.07568359375,-271790.03125,71563.7265625,1293.7100830078125,-0.0,-0.0,-0.0,-0.0,-0.0,-0.0,-0.0,-0.0,-0.0,-0.0,-0.0,-0.0,-0.0067138671875,-0.003814697265625,-0.00728607177734375,-0.00713348388671875,-0.00499725341796875,-0.00743865966796875,-0.005645751953125,-0.0110626220703125,-0.00400543212890625,-0.00732421875,-0.0118255615234375,-0.0057220458984375,-0.01628875732421875,-0.00598907470703125,-0.0032806396484375,-0.0145721435546875,0.10040283203125,0.096282958984375,0.09552001953125,0.104522705078125,0.09979248046875,0.09796142578125,0.13153076171875,0.110931396484375,0.069122314453125,0.17547607421875,0.0909423828125,0.096893310546875,-0.344390869140625,0.49072265625,0.2398681640625,-0.88165283203125,2.5354671478271484
456,0.4830000000000002,-0.0,-0.0,-0.0,-0.0,-0.0,-0.0,-6.051438808441162,-4.367395877838135,-807.6636352539062,-271409.8125,71481.5859375,1279.739990234375,-0.0,-0.0,-0.0,-0.0,-0.0,-0.0,-0.0,-0.0,-0.0,-0.0,-0.0,-0.0,-0.0074005126953125,-0.00804901123046875,-0.01300811767578125,-0.01361846923828125,-0.01079559326171875,-0.01495361328125,-0.0096893310546875,-0.02170562744140625,-0.005340576171875,-0.01186370849609375,-0.0299835205078125,-0.0124359130859375,-0.023956298828125,-0.008544921875,-0.004730224609375,-0.02536773681640625,0.098419189453125,0.103302001953125,0.102081298828125,0.09063720703125,0.1019287109375,0.098876953125,0.1068115234375,0.130767822265625,0.058441162109375,0.1220703125,0.09063720703125,0.092010498046875,-0.65948486328125,-1.39434814453125,0.32928466796875,-2.098846435546875,-2.647566556930542
457,0.4835000000000002,-0.0,-0.0,-0.0,-0.0,-0.0,-0.0,-4.861774444580078,-3.6099793910980225,-806.3082885742188,-270970.4375,70921.828125,1041.423095703125,-0.0,-0.0,-0.0,-0.0,-0.0,-0.0,-0.0,-0.0,-0.0,-0.0,-0.0,-0.0,0.0052642822265625,0.0051116943359375,0.00537872314453125,0.0081634521484375,0.0066375732421875,0.007781982421875,0.007781982421875,0.01232147216796875,0.003662109375,0.0107574462890625,0.0122833251953125,0.00644683837890625,0.01674652099609375,0.0048065185546875,0.0037384033203125,0.014495849609375,0.0927734375,0.101470947265625,0.098876953125,0.09185791015625,0.01190185546875,0.09124755859375,0.101165771484375,0.068206787109375,0.0738525390625,0.242156982421875,0.1092529296875,0.100860595703125,0.938720703125,-0.17852783203125,-0.1300048828125,1.138763427734375,4.974541664123535
458,0.4840000000000002,-0.0,-0.0,-0.0,-0.0,-0.0,-0.0,-4.355729579925537,-2.821889638900757,-806.1932373046875,-271140.71875,71452.125,769.0286254882812,-0.0,-0.0,-0.0,-0.0,-0.0,-0.0,-0.0,-0.0,-0.0,-0.0,-0.0,-0.0,0.00988006591796875,0.00896453857421875,0.01194000244140625,0.01567840576171875,0.00972747802734375,0.01544952392578125,0.008544921875,0.0226593017578125,0.00667572021484375,0.0140380859375,0.03177642822265625,0.0106048583984375,0.0238800048828125,0.0089263916015625,0.0048828125,0.0269317626953125,0.100860595703125,0.10284423828125,0.100860595703125,0.0872802734375,0.0811767578125,0.09521484375,0.0732421875,0.089111328125,0.0823974609375,0.040130615234375,0.103607177734375,0.09033203125,1.103973388671875,1.524658203125,-0.125732421875,2.0867919921875,4.974541664123535
459,0.4845000000000002,-0.0,-0.0,-0.0,-0.0,-0.0,-0.0,-4.061050891876221,-2.6885480880737305,-804.4226684570312,-270866.53125,71330.875,583.6775512695312,-0.0,-0.0,-0.0,-0.0,-0.0,-0.0,-0.0,-0.0,-0.0,-0.0,-0.0,-0.0,-0.0060272216796875,-0.0031280517578125,-0.00885009765625,-0.0064849853515625,-0.00629425048828125,-0.008087158203125,-0.00579833984375,-0.0138092041015625,-0.00370025634765625,-0.010986328125,-0.01224517822265625,-0.00476837158203125,-0.01712799072265625,-0.0049591064453125,-0.00335693359375,-0.01445770263671875,0.094146728515625,0.092926025390625,0.096282958984375,0.1019287109375,0.16387939453125,0.099334716796875,0.11810302734375,0.1092529296875,0.08209228515625,0.019378662109375,0.09979248046875,0.0958251953125,-0.621795654296875,0.41748046875,0.25848388671875,-0.91949462890625,4.364773273468018
460,0.4850000000000002,-0.0,-0.0,-0.0,-0.0,-0.0,-0.0,-3.821470260620117,-1.9282944202423096,-803.664306640625,-270675.46875,71069.28125,520.9718017578125,-0.0,-0.0,-0.0,-0.0,-0.0,-0.0,-0.0,-0.0,-0.0,-0.0,-0.0,-0.0,-0.0081634521484375,-0.00823974609375,-0.01163482666015625,-0.0152587890625,-0.01190185546875,-0.01583099365234375,-0.01010894775390625,-0.0220489501953125,-0.005645751953125,-0.013275146484375,-0.03086090087890625,-0.01163482666015625,-0.02445220947265625,-0.00942230224609375,-0.0018310546875,-0.02681732177734375,0.104827880859375,0.09613037109375,0.09002685546875,0.098114013671875,0.114898681640625,0.092926025390625,0.08880615234375,0.111236572265625,0.07476806640625,0.0634765625,0.093994140625,0.098419189453125,-0.990447998046875,-1.41815185546875,0.48919677734375,-1.9598388671875,0.7061610817909241
461,0.4855000000000002,-0.0,-0.0,-0.0,-0.0,-0.0,-0.0,-3.6409425735473633,-2.1514391899108887,-802.3673706054688,-270392.4375,70961.0625,297.06182861328125,-0.0,-0.0,-0.0,-0.0,-0.0,-0.0,-0.0,-0.0,-0.0,-0.0,-0.0,-0.0,0.00675201416015625,0.00331878662109375,0.00621795654296875,0.00942230224609375,0.0057220458984375,0.0095367431640625,0.006561279296875,0.011444091796875,0.0058746337890625,0.010223388671875,0.01369476318359375,0.005645751953125,0.01499176025390625,0.0067138671875,0.001373291015625,0.01644134521484375,0.101318359375,0.096282958984375,0.096893310546875,0.100860595703125,0.08880615234375,0.10406494140625,0.098419189453125,0.118408203125,0.07965087890625,0.0341796875,0.09521484375,0.09521484375,1.028900146484375,-0.15869140625,-0.1409912109375,1.083221435546875,5.279426097869873
462,0.4860000000000002,-0.0,-0.0,-0.0,-0.0,-0.0,-0.0,-3.211578369140625,-2.006725788116455,-802.36767578125,-270222.5,70879.703125,218.92015075683594,-0.0,-0.0,-0.0,-0.0,-0.0,-0.0,-0.0,-0.0,-0.0,-0.0,-0.0,-0.0,0.0098419189453125,0.00644683837890625,0.01056671142578125,0.015869140625,0.0128173828125,0.01567840576171875,0.00896453857421875,0.02468109130859375,0.0063323974609375,0.01495361328125,0.03131866455078125,0.00965118408203125,0.020599365234375,0.0119781494140625,0.00621795654296875,0.027008056640625,0.097808837890625,0.093841552734375,0.09765625,0.101165771484375,0.089569091796875,0.09613037109375,0.11260986328125,0.1458740234375,0.1312255859375,0.045623779296875,0.103302001953125,0.110015869140625,1.33697509765625,1.802978515625,-0.4364013671875,1.80999755859375,5.279426097869873
463,0.4865000000000002,-0.0,-0.0,-0.0,-0.0,-0.0,-0.0,-2.987027406692505,-2.7691357135772705,-802.2542724609375,-269995.25,70589.203125,149.42276000976562,-0.0,-0.0,-0.0,-0.0,-0.0,-0.0,-0.0,-0.0,-0.0,-0.0,-0.0,-0.0,-0.0040435791015625,-0.0032806396484375,-0.0058746337890625,-0.00720977783203125,-0.00698089599609375,-0.00988006591796875,-0.0045013427734375,-0.01171112060546875,-0.003662109375,-0.01079559326171875,-0.01312255859375,-0.0040435791015625,-0.016937255859375,-0.0045013427734375,-0.002288818359375,-0.01560211181640625,0.100555419921875,0.101470947265625,0.1007080078125,0.102386474609375,0.095672607421875,0.09063720703125,0.106658935546875,0.138397216796875,0.146026611328125,0.11444091796875,0.1055908203125,0.08270263671875,-0.788116455078125,0.31829833984375,0.2764892578125,-0.9930419921875,7.108732223510742
464,0.4870000000000002,-0.0,-0.0,-0.0,-0.0,-0.0,-0.0,-2.615673065185547,-1.8289244174957275,-802.8484497070312,-269823.8125,70206.78125,-54.62320327758789,-0.0,-0.0,-0.0,-0.0,-0.0,-0.0,-0.0,-0.0,-0.0,-0.0,-0.0,-0.0,-0.00820159912109375,-0.00652313232421875,-0.01071929931640625,-0.01453399658203125,-0.0121307373046875,-0.0151824951171875,-0.0095367431640625,-0.02140045166015625,-0.00659942626953125,-0.01384735107421875,-0.02899169921875,-0.01430511474609375,-0.02254486083984375,-0.01094818115234375,-0.00579833984375,-0.02681732177734375,0.1025390625,0.093994140625,0.09796142578125,0.09765625,0.0750732421875,0.094757080078125,0.075531005859375,0.0543212890625,0.11932373046875,0.138702392578125,0.099945068359375,0.092315673828125,-1.01654052734375,-1.33544921875,0.386962890625,-1.83685302734375,-1.732913613319397
465,0.4875000000000002,-0.0,-0.0,-0.0,-0.0,-0.0,-0.0,-2.3944668769836426,-1.900146722793579,-802.8497924804688,-269719.65625,70123.2890625,-131.88265991210938,-0.0,-0.0,-0.0,-0.0,-0.0,-0.0,-0.0,-0.0,-0.0,-0.0,-0.0,-0.0,0.0041961669921875,0.00469207763671875,0.006561279296875,0.0081634521484375,0.0075531005859375,0.00736236572265625,0.0079345703125,0.01216888427734375,0.00446319580078125,0.0104522705078125,0.01064300537109375,0.0061798095703125,0.01720428466796875,0.00576019287109375,0.0028228759765625,0.0146484375,0.105133056640625,0.10009765625,0.09674072265625,0.103759765625,0.094146728515625,0.0946044921875,0.112152099609375,0.117034912109375,0.10986328125,0.11138916015625,0.107269287109375,0.10833740234375,0.657958984375,-0.36468505859375,-0.0872802734375,1.253509521484375,5.584310531616211
466,0.4880000000000002,-0.0,-0.0,-0.0,-0.0,-0.0,-0.0,-2.1127729415893555,-1.4825942516326904,-801.7357788085938,-269516.65625,69754.9609375,-380.8087158203125,-0.0,-0.0,-0.0,-0.0,-0.0,-0.0,-0.0,-0.0,-0.0,-0.0,-0.0,-0.0,0.00881195068359375,0.00762939453125,0.01033782958984375,0.015411376953125,0.0128173828125,0.014801025390625,0.009307861328125,0.02254486083984375,0.006866455078125,0.01270294189453125,0.03093719482421875,0.0109100341796875,0.023345947265625,0.01102447509765625,0.0057220458984375,0.02532958984375,0.10498046875,0.092620849609375,0.09796142578125,0.08880615234375,0.094146728515625,0.10009765625,0.08575439453125,0.04180908203125,0.0787353515625,0.12481689453125,0.09918212890625,0.096893310546875,1.03759765625,1.47918701171875,-0.25726318359375,1.857452392578125,1.9256983995437622
467,0.4885000000000002,-0.0,-0.0,-0.0,-0.0,-0.0,-0.0,-1.3710780143737793,-1.9515799283981323,-800.0082397460938,-269573.71875,69837.28125,-459.8775634765625,-0.0,-0.0,-0.0,-0.0,-0.0,-0.0,-0.0,-0.0,-0.0,-0.0,-0.0,-0.0,-0.0054168701171875,-0.005645751953125,-0.00720977783203125,-0.00732421875,-0.005340576171875,-0.00736236572265625,-0.00598907470703125,-0.01129150390625,-0.00240325927734375,-0.0115203857421875,-0.00988006591796875,-0.0057220458984375,-0.01598358154296875,-0.0040435791015625,-0.0051116943359375,-0.0128173828125,0.10009765625,0.09918212890625,0.098876953125,0.101776123046875,0.066986083984375,0.10284423828125,0.107269287109375,0.105133056640625,0.091552734375,0.2264404296875,0.095672607421875,0.096588134765625,-0.841064453125,0.5133056640625,0.4693603515625,-0.83740234375,4.364773273468018
468,0.4890000000000002,-0.0,-0.0,-0.0,-0.0,-0.0,-0.0,-1.5777956247329712,-1.6043472290039062,-800.3264770507812,-269444.9375,69590.0546875,-488.83404541015625,-0.0,-0.0,-0.0,-0.0,-0.0,-0.0,-0.0,-0.0,-0.0,-0.0,-0.0,-0.0,-0.00873565673828125,-0.0077056884765625,-0.01247406005859375,-0.0146484375,-0.009613037109375,-0.01354217529296875,-0.01125335693359375,-0.02391815185546875,-0.0078582763671875,-0.01285552978515625,-0.03261566162109375,-0.01262664794921875,-0.02285003662109375,-0.00759124755859375,-0.0035858154296875,-0.0270843505859375,0.0921630859375,0.103912353515625,0.1007080078125,0.097198486328125,0.14862060546875,0.09918212890625,0.116119384765625,0.10498046875,0.121307373046875,0.049591064453125,0.104217529296875,0.09674072265625,-0.846405029296875,-1.5655517578125,0.48858642578125,-1.852264404296875,-0.5133762359619141
469,0.4895000000000002,-0.0,-0.0,-0.0,-0.0,-0.0,-0.0,-2.0461480617523193,-1.9526503086090088,-799.1911010742188,-269211.40625,69543.453125,-376.6451416015625,-0.0,-0.0,-0.0,-0.0,-0.0,-0.0,-0.0,-0.0,-0.0,-0.0,-0.0,-0.0,0.00637054443359375,0.00385284423828125,0.00736236572265625,0.0084686279296875,0.00640869140625,0.00949859619140625,0.00400543212890625,0.0121307373046875,0.00438690185546875,0.0133514404296875,0.01544952392578125,0.002593994140625,0.0151824951171875,0.0061798095703125,0.0028228759765625,0.015716552734375,0.096893310546875,0.094757080078125,0.100555419921875,0.096282958984375,0.067138671875,0.104827880859375,0.107574462890625,0.114898681640625,-0.015869140625,0.03326416015625,0.098114013671875,0.099945068359375,1.06719970703125,0.17181396484375,-0.4168701171875,0.843353271484375,6.803847789764404
470,0.4900000000000002,-0.0,-0.0,-0.0,-0.0,-0.0,-0.0,-1.990336298942566,-2.0361592769622803,-799.16064453125,-269103.03125,69655.4609375,-437.2302551269531,-0.0,-0.0,-0.0,-0.0,-0.0,-0.0,-0.0,-0.0,-0.0,-0.0,-0.0,-0.0,0.0093841552734375,0.0101470947265625,0.01186370849609375,0.0141143798828125,0.01068115234375,0.0127410888671875,0.01049041748046875,0.02368927001953125,0.00736236572265625,0.012664794921875,0.0287628173828125,0.009002685546875,0.02017974853515625,0.0096893310546875,0.00728607177734375,0.027008056640625,0.09521484375,0.10009765625,0.097198486328125,0.10040283203125,0.2105712890625,0.093231201171875,0.101470947265625,0.102691650390625,-0.258026123046875,-0.03448486328125,0.092010498046875,0.097503662109375,0.86639404296875,1.3421630859375,-0.4449462890625,1.87713623046875,5.584310531616211
471,0.4905000000000002,-0.0,-0.0,-0.0,-0.0,-0.0,-0.0,-2.3470237255096436,-2.3036274909973145,-797.4517211914062,-269610.34375,69615.703125,-151.99932861328125,-0.0,-0.0,-0.0,-0.0,-0.0,-0.0,-0.0,-0.0,-0.0,-0.0,-0.0,-0.0,-0.00713348388671875,-0.0032806396484375,-0.00736236572265625,-0.0072479248046875,-0.0064849853515625,-0.008392333984375,-0.0067138671875,-0.01094818115234375,-0.0042724609375,-0.00904083251953125,-0.0130462646484375,-0.0043487548828125,-0.01537322998046875,-0.00530242919921875,-0.00186920166015625,-0.01369476318359375,0.096435546875,0.09857177734375,0.099029541015625,0.077056884765625,0.137176513671875,0.094146728515625,0.0860595703125,0.10528564453125,0.25604248046875,0.016632080078125,0.101318359375,0.101318359375,-0.634918212890625,0.2069091796875,0.3863525390625,-0.92010498046875,3.450119972229004
472,0.4910000000000002,-0.0,-0.0,-0.0,-0.0,-0.0,-0.0,-2.91654896736145,-2.7423453330993652,-796.828125,-269304.5,69409.5859375,-14.95899772644043,-0.0,-0.0,-0.0,-0.0,-0.0,-0.0,-0.0,-0.0,-0.0,-0.0,-0.0,-0.0,-0.0086212158203125,-0.00858306884765625,-0.0109100341796875,-0.013275146484375,-0.0101470947265625,-0.012969970703125,-0.0078582763671875,-0.0237274169921875,-0.00705718994140625,-0.01224517822265625,-0.03017425537109375,-0.00995635986328125,-0.01941680908203125,-0.0092315673828125,-0.00701904296875,-0.0267791748046875,0.09613037109375,0.09674072265625,0.09796142578125,0.1116943359375,0.096282958984375,0.101470947265625,0.0982666015625,0.09552001953125,0.37445068359375,0.174560546875,0.091094970703125,0.09307861328125,-0.694122314453125,-1.46331787109375,0.42266845703125,-1.65252685546875,0.09639240801334381
473,0.4915000000000002,-0.0,-0.0,-0.0,-0.0,-0.0,-0.0,-3.383787155151367,-3.365922689437866,-797.1810302734375,-269532.78125,69976.0703125,72.44357299804688,-0.0,-0.0,-0.0,-0.0,-0.0,-0.0,-0.0,-0.0,-0.0,-0.0,-0.0,-0.0,0.0061798095703125,0.00225067138671875,0.0069427490234375,0.008697509765625,0.00629425048828125,0.00904083251953125,0.00400543212890625,0.01178741455078125,0.00522613525390625,0.00881195068359375,0.0135040283203125,0.00293731689453125,0.01438140869140625,0.0054931640625,0.00354766845703125,0.01552581787109375,0.0946044921875,0.098876953125,0.095672607421875,0.10162353515625,0.081024169921875,0.1019287109375,0.12176513671875,0.105133056640625,0.018310546875,0.1312255859375,0.09857177734375,0.10101318359375,0.65093994140625,-0.360107421875,-0.3472900390625,0.61187744140625,4.364773273468018
474,0.4920000000000002,-0.0,-0.0,-0.0,-0.0,-0.0,-0.0,-3.7818338871002197,-3.9352800846099854,-799.085205078125,-269681.65625,70004.546875,189.1241455078125,-0.0,-0.0,-0.0,-0.0,-0.0,-0.0,-0.0,-0.0,-0.0,-0.0,-0.0,-0.0,0.00743865966796875,0.00804901123046875,0.0112152099609375,0.015106201171875,0.012054443359375,0.01453399658203125,0.010833740234375,0.02124786376953125,0.00492095947265625,0.009918212890625,0.0289154052734375,0.01300811767578125,0.02056121826171875,0.0124359130859375,0.00514984130859375,0.027923583984375,0.096282958984375,0.102996826171875,0.099639892578125,0.092620849609375,0.092620849609375,0.101318359375,0.10223388671875,0.14404296875,0.0946044921875,0.08697509765625,0.102081298828125,0.085601806640625,0.77423095703125,1.5582275390625,-0.25390625,1.64093017578125,4.05988883972168
475,0.4925000000000002,-0.0,-0.0,-0.0,-0.0,-0.0,-0.0,-3.9522361755371094,-4.6295881271362305,-798.73291015625,-269853.53125,70047.984375,98.22784423828125,-0.0,-0.0,-0.0,-0.0,-0.0,-0.0,-0.0,-0.0,-0.0,-0.0,-0.0,-0.0,-0.0048065185546875,-0.00301361083984375,-0.00823974609375,-0.00720977783203125,-0.00823974609375,-0.00850677490234375,-0.00446319580078125,-0.012664794921875,-0.00316619873046875,-0.0110626220703125,-0.01068115234375,-0.00370025634765625,-0.01346588134765625,-0.00598907470703125,-0.0018310546875,-0.01422882080078125,0.097198486328125,0.10223388671875,0.099334716796875,0.107269287109375,0.10223388671875,0.0982666015625,0.0750732421875,0.008392333984375,0.0872802734375,0.093231201171875,0.09063720703125,0.095977783203125,-0.63201904296875,0.41107177734375,0.51544189453125,-0.58013916015625,3.450119972229004
476,0.4930000000000002,-0.0,-0.0,-0.0,-0.0,-0.0,-0.0,-3.8628735542297363,-4.5235137939453125,-799.4585571289062,-270197.1875,69836.1015625,64.57919311523438,-0.0,-0.0,-0.0,-0.0,-0.0,-0.0,-0.0,-0.0,-0.0,-0.0,-0.0,-0.0,-0.00766754150390625,-0.00568389892578125,-0.01087188720703125,-0.01506805419921875,-0.01094818115234375,-0.014495849609375,-0.01064300537109375,-0.02109527587890625,-0.00598907470703125,-0.01064300537109375,-0.02716064453125,-0.01373291015625,-0.02582550048828125,-0.00942230224609375,-0.0042724609375,-0.0269317626953125,0.09735107421875,0.102081298828125,0.10101318359375,0.102386474609375,0.082550048828125,0.097503662109375,0.096435546875,0.104522705078125,0.071258544921875,0.103912353515625,0.099639892578125,0.110015869140625,-0.74676513671875,-1.00128173828125,0.406494140625,-2.0233154296875,-2.342682361602783
477,0.4935000000000002,-0.0,-0.0,-0.0,-0.0,-0.0,-0.0,-4.532278537750244,-4.86632776260376,-799.9160766601562,-271033.71875,70115.234375,214.99819946289062,-0.0,-0.0,-0.0,-0.0,-0.0,-0.0,-0.0,-0.0,-0.0,-0.0,-0.0,-0.0,0.00438690185546875,0.00499725341796875,0.00698089599609375,0.008087158203125,0.00629425048828125,0.01018524169921875,0.0058746337890625,0.0128936767578125,0.0030517578125,0.01087188720703125,0.00980377197265625,0.004119873046875,0.01605987548828125,0.00469207763671875,0.00446319580078125,0.01369476318359375,0.09796142578125,0.099639892578125,0.098876953125,0.0885009765625,0.129547119140625,0.09857177734375,0.11016845703125,0.100860595703125,0.161590576171875,0.113067626953125,0.106353759765625,0.0970458984375,0.825042724609375,-0.35797119140625,-0.3240966796875,0.968170166015625,5.584310531616211
478,0.4940000000000002,-0.0,-0.0,-0.0,-0.0,-0.0,-0.0,-4.39419412612915,-5.499576091766357,-802.0336303710938,-271040.1875,70125.1640625,148.3998565673828,-0.0,-0.0,-0.0,-0.0,-0.0,-0.0,-0.0,-0.0,-0.0,-0.0,-0.0,-0.0,0.00713348388671875,0.00705718994140625,0.01190185546875,0.0156402587890625,0.01293182373046875,0.0128936767578125,0.0090789794921875,0.02193450927734375,0.00659942626953125,0.0109100341796875,0.03009796142578125,0.01186370849609375,0.02307891845703125,0.00995635986328125,0.0028228759765625,0.025177001953125,0.099639892578125,0.105743408203125,0.097503662109375,0.09185791015625,0.079803466796875,0.093231201171875,0.104827880859375,0.12115478515625,-0.330352783203125,0.098724365234375,0.09857177734375,0.0860595703125,0.865325927734375,1.39068603515625,-0.30059814453125,1.813201904296875,2.5354671478271484
479,0.4945000000000002,-0.0,-0.0,-0.0,-0.0,-0.0,-0.0,-3.964829444885254,-5.361001014709473,-804.32275390625,-271468.28125,70413.890625,193.71456909179688,-0.0,-0.0,-0.0,-0.0,-0.0,-0.0,-0.0,-0.0,-0.0,-0.0,-0.0,-0.0,-0.00476837158203125,-0.00469207763671875,-0.0058746337890625,-0.006866455078125,-0.0066375732421875,-0.005035400390625,-0.00598907470703125,-0.01216888427734375,-0.00377655029296875,-0.010223388671875,-0.012054443359375,-0.0037384033203125,-0.01491546630859375,-0.0029754638671875,-0.0026702880859375,-0.012969970703125,0.100555419921875,0.10467529296875,0.09979248046875,0.093536376953125,0.076904296875,0.092315673828125,0.092620849609375,0.1220703125,0.572662353515625,0.172576904296875,0.092926025390625,0.0970458984375,-0.562896728515625,0.34210205078125,0.579833984375,-0.597991943359375,1.0110454559326172
480,0.4950000000000002,-0.0,-0.0,-0.0,-0.0,-0.0,-0.0,-3.8229386806488037,-5.219388961791992,-803.7337036132812,-271593.65625,70674.5,122.29158782958984,-0.0,-0.0,-0.0,-0.0,-0.0,-0.0,-0.0,-0.0,-0.0,-0.0,-0.0,-0.0,-0.009307861328125,-0.00888824462890625,-0.01071929931640625,-0.01308441162109375,-0.010223388671875,-0.01140594482421875,-0.01132965087890625,-0.02315521240234375,-0.00690460205078125,-0.01194000244140625,-0.029144287109375,-0.0115203857421875,-0.0235748291015625,-0.01361846923828125,-0.00408172607421875,-0.0267791748046875,0.091094970703125,0.097808837890625,0.09765625,0.10467529296875,0.09490966796875,0.098876953125,0.104827880859375,0.120849609375,0.508270263671875,0.108642578125,0.09765625,0.09674072265625,-0.720672607421875,-1.47857666015625,0.39031982421875,-2.051544189453125,-0.5133762359619141
481,0.4955000000000002,-0.0,-0.0,-0.0,-0.0,-0.0,-0.0,-3.6858341693878174,-4.482588768005371,-804.2340698242188,-271395.125,70447.375,52.19170379638672,-0.0,-0.0,-0.0,-0.0,-0.0,-0.0,-0.0,-0.0,-0.0,-0.0,-0.0,-0.0,0.0041961669921875,0.00423431396484375,0.00743865966796875,0.007171630859375,0.00644683837890625,0.00766754150390625,0.0063323974609375,0.01129150390625,0.00431060791015625,0.00789642333984375,0.01117706298828125,0.00453948974609375,0.01598358154296875,0.00614166259765625,0.00213623046875,0.0150299072265625,0.09857177734375,0.094451904296875,0.101318359375,0.09918212890625,0.095367431640625,0.096435546875,0.071868896484375,0.06988525390625,0.149078369140625,0.13336181640625,0.10223388671875,0.0982666015625,0.685882568359375,-0.419921875,-0.09765625,0.88043212890625,6.498963356018066
482,0.4960000000000002,-0.0,-0.0,-0.0,-0.0,-0.0,-0.0,-3.2001800537109375,-4.200517177581787,-804.7943725585938,-271181.46875,70358.4296875,-44.080867767333984,-0.0,-0.0,-0.0,-0.0,-0.0,-0.0,-0.0,-0.0,-0.0,-0.0,-0.0,-0.0,0.00736236572265625,0.0067901611328125,0.01346588134765625,0.01560211181640625,0.011138916015625,0.01468658447265625,0.00965118408203125,0.02231597900390625,0.00682830810546875,0.0116729736328125,0.03047943115234375,0.01178741455078125,0.0252532958984375,0.01026153564453125,0.00568389892578125,0.02651214599609375,0.099639892578125,0.101776123046875,0.10162353515625,0.0787353515625,0.101470947265625,0.101776123046875,0.07598876953125,0.106964111328125,0.0531005859375,0.11260986328125,0.10467529296875,0.101776123046875,1.150665283203125,1.45751953125,-0.1055908203125,2.060546875,8.023386001586914
483,0.4965000000000002,-0.0,-0.0,-0.0,-0.0,-0.0,-0.0,-3.1739742755889893,-3.9217376708984375,-803.8842163085938,-270879.0,70459.828125,-202.8434295654297,-0.0,-0.0,-0.0,-0.0,-0.0,-0.0,-0.0,-0.0,-0.0,-0.0,-0.0,-0.0,-0.006103515625,-0.00263214111328125,-0.00640869140625,-0.0072479248046875,-0.0049591064453125,-0.009307861328125,-0.00476837158203125,-0.0116729736328125,-0.004425048828125,-0.00865936279296875,-0.01110076904296875,-0.00377655029296875,-0.01567840576171875,-0.00545501708984375,-0.0022125244140625,-0.0151824951171875,0.094146728515625,0.103302001953125,0.09429931640625,0.115814208984375,0.108795166015625,0.09765625,0.1409912109375,0.1300048828125,0.05126953125,0.087738037109375,0.096893310546875,0.1025390625,-0.34576416015625,0.5487060546875,0.34576416015625,-0.72723388671875,2.5354671478271484
484,0.4970000000000002,-0.0,-0.0,-0.0,-0.0,-0.0,-0.0,-3.0331573486328125,-3.514526844024658,-801.466796875,-270893.15625,70701.21875,-294.50177001953125,-0.0,-0.0,-0.0,-0.0,-0.0,-0.0,-0.0,-0.0,-0.0,-0.0,-0.0,-0.0,-0.00766754150390625,-0.00713348388671875,-0.01277923583984375,-0.01445770263671875,-0.010986328125,-0.012054443359375,-0.0102996826171875,-0.0220489501953125,-0.006866455078125,-0.01674652099609375,-0.03208160400390625,-0.01293182373046875,-0.0252532958984375,-0.0104522705078125,-0.002899169921875,-0.0264739990234375,0.0946044921875,0.093841552734375,0.093994140625,0.090484619140625,0.12115478515625,0.0921630859375,0.092315673828125,0.160675048828125,0.0531005859375,0.155181884765625,0.087738037109375,0.091400146484375,-1.193389892578125,-1.59454345703125,0.3582763671875,-2.0684814453125,-2.0377979278564453
485,0.4975000000000002,-0.0,-0.0,-0.0,-0.0,-0.0,-0.0,-2.5998780727386475,-3.1832213401794434,-801.2642822265625,-271008.6875,70709.9609375,-277.6283874511719,-0.0,-0.0,-0.0,-0.0,-0.0,-0.0,-0.0,-0.0,-0.0,-0.0,-0.0,-0.0,0.00560760498046875,0.0019073486328125,0.00759124755859375,0.006561279296875,0.00568389892578125,0.00820159912109375,0.00453948974609375,0.01194000244140625,0.0046539306640625,0.0091552734375,0.0113677978515625,0.00396728515625,0.01293182373046875,0.00598907470703125,0.0030517578125,0.01415252685546875,0.101776123046875,0.09429931640625,0.094451904296875,0.094146728515625,-0.0006103515625,0.099945068359375,0.067901611328125,0.050201416015625,0.063323974609375,0.18280029296875,0.09063720703125,0.1019287109375,0.685577392578125,-0.41259765625,-0.0555419921875,0.75836181640625,4.974541664123535
486,0.4980000000000002,-0.0,-0.0,-0.0,-0.0,-0.0,-0.0,-2.9561755657196045,-2.5341074466705322,-801.5679321289062,-270728.875,70891.140625,-381.4491271972656,-0.0,-0.0,-0.0,-0.0,-0.0,-0.0,-0.0,-0.0,-0.0,-0.0,-0.0,-0.0,0.007781982421875,0.00995635986328125,0.0119781494140625,0.01590728759765625,0.01068115234375,0.01575469970703125,0.01316070556640625,0.02227783203125,0.00518798828125,0.01255035400390625,0.03162384033203125,0.01407623291015625,0.02471923828125,0.01026153564453125,0.004730224609375,0.02849578857421875,0.10101318359375,0.1031494140625,0.099945068359375,0.101318359375,0.20660400390625,0.101165771484375,0.08148193359375,0.107574462890625,0.08880615234375,0.050811767578125,0.10406494140625,0.109405517578125,0.98480224609375,1.64215087890625,0.0152587890625,2.134246826171875,4.364773273468018
487,0.4985000000000002,-0.0,-0.0,-0.0,-0.0,-0.0,-0.0,-3.607220411300659,-3.234868288040161,-802.6282958984375,-271064.15625,70736.109375,-356.7427062988281,-0.0,-0.0,-0.0,-0.0,-0.0,-0.0,-0.0,-0.0,-0.0,-0.0,-0.0,-0.0,-0.00522613525390625,-0.00537872314453125,-0.00640869140625,-0.00667572021484375,-0.005645751953125,-0.009002685546875,-0.00720977783203125,-0.01125335693359375,-0.00370025634765625,-0.01064300537109375,-0.0133514404296875,-0.00461578369140625,-0.01850128173828125,-0.00514984130859375,-0.00286102294921875,-0.01506805419921875,0.098114013671875,0.099334716796875,0.099029541015625,0.105133056640625,0.120391845703125,0.09765625,0.107574462890625,0.099639892578125,0.070343017578125,0.045928955078125,0.097198486328125,0.0970458984375,-0.681610107421875,0.262451171875,0.2398681640625,-1.0052490234375,4.364773273468018
488,0.4990000000000002,-0.0,-0.0,-0.0,-0.0,-0.0,-0.0,-3.402526378631592,-2.763042449951172,-802.6787719726562,-270926.40625,71059.953125,-231.20794677734375,-0.0,-0.0,-0.0,-0.0,-0.0,-0.0,-0.0,-0.0,-0.0,-0.0,-0.0,-0.0,-0.0080108642578125,-0.00812530517578125,-0.01277923583984375,-0.01739501953125,-0.010986328125,-0.01476287841796875,-0.0096893310546875,-0.0225067138671875,-0.0075531005859375,-0.01255035400390625,-0.03223419189453125,-0.01255035400390625,-0.02445220947265625,-0.0092315673828125,-0.0019073486328125,-0.02765655517578125,0.092926025390625,0.0933837890625,0.10162353515625,0.10711669921875,0.08697509765625,0.09033203125,0.113983154296875,0.113372802734375,0.078887939453125,-0.012359619140625,0.08758544921875,0.099639892578125,-0.919952392578125,-1.53656005859375,0.46051025390625,-1.95648193359375,-2.342682361602783
489,0.4995000000000002,-0.0,-0.0,-0.0,-0.0,-0.0,-0.0,-3.6700899600982666,-2.9268605709075928,-803.484375,-271341.5625,71076.671875,-34.772178649902344,-0.0,-0.0,-0.0,-0.0,-0.0,-0.0,-0.0,-0.0,-0.0,-0.0,-0.0,-0.0,0.005035400390625,0.00461578369140625,0.00591278076171875,0.00621795654296875,0.007781982421875,0.00762939453125,0.00579833984375,0.0128936767578125,0.00202178955078125,0.01071929931640625,0.01140594482421875,0.00583648681640625,0.01598358154296875,0.00438690185546875,0.00202178955078125,0.0140380859375,0.091552734375,0.102081298828125,0.10223388671875,0.099639892578125,0.109405517578125,0.09979248046875,0.098419189453125,0.106658935546875,-0.05157470703125,0.1153564453125,0.107421875,0.081024169921875,0.587158203125,-0.17974853515625,-0.03814697265625,0.832672119140625,8.328269958496094
490,0.5000000000000002,-0.0,-0.0,-0.0,-0.0,-0.0,-0.0,-4.12844705581665,-3.146840810775757,-802.8759765625,-271328.34375,71470.8984375,32.622772216796875,-0.0,-0.0,-0.0,-0.0,-0.0,-0.0,-0.0,-0.0,-0.0,-0.0,-0.0,-0.0,0.0119781494140625,0.0064849853515625,0.0133514404296875,0.01667022705078125,0.010833740234375,0.0174713134765625,0.00797271728515625,0.02368927001953125,0.00843048095703125,0.01781463623046875,0.03265380859375,0.00949859619140625,0.02227783203125,0.009918212890625,0.0046539306640625,0.0279998779296875,0.09613037109375,0.102081298828125,0.1025390625,0.091400146484375,0.06988525390625,0.096893310546875,0.0823974609375,0.10345458984375,0.27191162109375,0.125885009765625,0.1055908203125,0.08209228515625,1.516876220703125,1.70623779296875,-0.42755126953125,1.6864013671875,6.1940789222717285
491,0.5005000000000002,-0.0,-0.0,-0.0,-0.0,-0.0,-0.0,-4.48515510559082,-3.01813006401062,-805.0552368164062,-271831.4375,71502.484375,-18.445810317993164,-0.0,-0.0,-0.0,-0.0,-0.0,-0.0,-0.0,-0.0,-0.0,-0.0,-0.0,-0.0,-0.00640869140625,-0.00335693359375,-0.00568389892578125,-0.00644683837890625,-0.004730224609375,-0.007781982421875,-0.00606536865234375,-0.01117706298828125,-0.00377655029296875,-0.011138916015625,-0.0109100341796875,-0.0069427490234375,-0.01445770263671875,-0.00499725341796875,-0.0016021728515625,-0.0138092041015625,0.09918212890625,0.09796142578125,0.090484619140625,0.10040283203125,0.09002685546875,0.095977783203125,0.10711669921875,0.12115478515625,0.2374267578125,0.10894775390625,0.093536376953125,0.093231201171875,-0.5938720703125,0.35064697265625,0.14129638671875,-0.898590087890625,1.6208140850067139
492,0.5010000000000002,-0.0,-0.0,-0.0,-0.0,-0.0,-0.0,-4.6231689453125,-3.273369312286377,-803.885986328125,-271476.90625,71649.2421875,132.6865234375,-0.0,-0.0,-0.0,-0.0,-0.0,-0.0,-0.0,-0.0,-0.0,-0.0,-0.0,-0.0,-0.00988006591796875,-0.00797271728515625,-0.01224517822265625,-0.013427734375,-0.0115966796875,-0.0151824951171875,-0.0101470947265625,-0.02323150634765625,-0.00896453857421875,-0.01445770263671875,-0.030670166015625,-0.01132965087890625,-0.02162933349609375,-0.0099945068359375,-0.0020599365234375,-0.0272369384765625,0.091705322265625,0.100555419921875,0.096588134765625,0.099639892578125,0.09368896484375,0.1019287109375,0.073089599609375,0.03997802734375,0.1171875,0.122833251953125,0.09674072265625,0.0970458984375,-1.02203369140625,-1.519775390625,0.5194091796875,-1.847686767578125,0.7061610817909241
493,0.5015000000000003,-0.0,-0.0,-0.0,-0.0,-0.0,-0.0,-4.651108264923096,-2.8237955570220947,-801.6703491210938,-271036.875,71709.453125,48.059383392333984,-0.0,-0.0,-0.0,-0.0,-0.0,-0.0,-0.0,-0.0,-0.0,-0.0,-0.0,-0.0,0.007171630859375,0.00453948974609375,0.006561279296875,0.008544921875,0.0067138671875,0.00881195068359375,0.0080108642578125,0.01071929931640625,0.00499725341796875,0.0072479248046875,0.01407623291015625,0.00637054443359375,0.01743316650390625,0.00728607177734375,0.000762939453125,0.015106201171875,0.099639892578125,0.10833740234375,0.098876953125,0.099945068359375,0.09490966796875,0.09918212890625,0.094757080078125,0.09796142578125,0.113372802734375,0.1092529296875,0.1019287109375,0.108642578125,0.370635986328125,0.07232666015625,-0.0555419921875,1.316375732421875,1.9256983995437622
494,0.5020000000000002,-0.0,-0.0,-0.0,-0.0,-0.0,-0.0,-4.781084060668945,-2.941303253173828,-801.766357421875,-271060.5625,71600.2265625,49.37815475463867,-0.0,-0.0,-0.0,-0.0,-0.0,-0.0,-0.0,-0.0,-0.0,-0.0,-0.0,-0.0,0.0075531005859375,0.0092315673828125,0.012359619140625,0.01567840576171875,0.01125335693359375,0.01560211181640625,0.00995635986328125,0.02170562744140625,0.0074005126953125,0.01369476318359375,0.02986907958984375,0.01201629638671875,0.02002716064453125,0.01056671142578125,0.0040435791015625,0.02742767333984375,0.101165771484375,0.09735107421875,0.096282958984375,0.09002685546875,0.094757080078125,0.09979248046875,0.083160400390625,0.075836181640625,0.071563720703125,0.12725830078125,0.0921630859375,0.100250244140625,0.887298583984375,1.56402587890625,-0.185546875,1.93695068359375,1.9256983995437622
495,0.5025000000000002,-0.0,-0.0,-0.0,-0.0,-0.0,-0.0,-5.10210657119751,-2.989328622817993,-800.7742309570312,-270333.8125,71741.359375,-152.94915771484375,-0.0,-0.0,-0.0,-0.0,-0.0,-0.0,-0.0,-0.0,-0.0,-0.0,-0.0,-0.0,-0.0054168701171875,-0.0038909912109375,-0.00537872314453125,-0.00720977783203125,-0.0060272216796875,-0.00896453857421875,-0.00476837158203125,-0.01129150390625,-0.0045013427734375,-0.0089263916015625,-0.01323699951171875,-0.00392913818359375,-0.01865386962890625,-0.0054931640625,-0.0011444091796875,-0.0148773193359375,0.09613037109375,0.096893310546875,0.0946044921875,0.10498046875,0.10009765625,0.09979248046875,0.1116943359375,0.103302001953125,0.081024169921875,0.109405517578125,0.100555419921875,0.100555419921875,-0.34698486328125,0.2789306640625,0.2325439453125,-1.08062744140625,4.364773273468018
496,0.5030000000000002,-0.0,-0.0,-0.0,-0.0,-0.0,-0.0,-4.549736022949219,-2.8346197605133057,-799.3407592773438,-270256.78125,71674.3828125,33.85193634033203,-0.0,-0.0,-0.0,-0.0,-0.0,-0.0,-0.0,-0.0,-0.0,-0.0,-0.0,-0.0,-0.0070953369140625,-0.0077056884765625,-0.0098419189453125,-0.01384735107421875,-0.0130462646484375,-0.0170135498046875,-0.01148223876953125,-0.0215911865234375,-0.006866455078125,-0.012969970703125,-0.02864837646484375,-0.0103759765625,-0.02201080322265625,-0.01201629638671875,-0.00396728515625,-0.02544403076171875,0.09857177734375,0.10223388671875,0.09674072265625,0.103912353515625,0.08819580078125,0.102996826171875,0.09674072265625,0.10528564453125,0.087432861328125,0.120697021484375,0.10162353515625,0.104827880859375,-0.754241943359375,-1.46575927734375,0.63812255859375,-1.825103759765625,-0.5133762359619141
497,0.5035000000000003,-0.0,-0.0,-0.0,-0.0,-0.0,-0.0,-4.930322647094727,-2.893857002258301,-798.9641723632812,-269983.34375,71440.1484375,18.35770606994629,-0.0,-0.0,-0.0,-0.0,-0.0,-0.0,-0.0,-0.0,-0.0,-0.0,-0.0,-0.0,0.00705718994140625,0.0046539306640625,0.0060272216796875,0.0075531005859375,0.00743865966796875,0.008392333984375,0.0069427490234375,0.00919342041015625,0.00286102294921875,0.0118255615234375,0.012969970703125,0.0045013427734375,0.0135040283203125,0.00457763671875,0.003814697265625,0.01346588134765625,0.097808837890625,0.103607177734375,0.097198486328125,0.0946044921875,0.068359375,0.098114013671875,0.09674072265625,0.100555419921875,0.08026123046875,0.112762451171875,0.09857177734375,0.09735107421875,0.90423583984375,0.0482177734375,-0.4327392578125,0.929718017578125,3.755004405975342
498,0.5040000000000002,-0.0,-0.0,-0.0,-0.0,-0.0,-0.0,-4.871192932128906,-2.263613224029541,-800.072265625,-269642.59375,71444.703125,-62.95187759399414,-0.0,-0.0,-0.0,-0.0,-0.0,-0.0,-0.0,-0.0,-0.0,-0.0,-0.0,-0.0,0.00843048095703125,0.00644683837890625,0.0116729736328125,0.01667022705078125,0.013275146484375,0.0148773193359375,0.00896453857421875,0.023193359375,0.00576019287109375,0.01079559326171875,0.0276947021484375,0.01224517822265625,0.021514892578125,0.010986328125,0.00331878662109375,0.02716064453125,0.09796142578125,0.102081298828125,0.102386474609375,0.095977783203125,0.12603759765625,0.09613037109375,0.08514404296875,0.095672607421875,0.087890625,0.119476318359375,0.0982666015625,0.09765625,0.518341064453125,1.3360595703125,-0.4400634765625,1.833648681640625,4.974541664123535
499,0.5045000000000002,-0.0,-0.0,-0.0,-0.0,-0.0,-0.0,-4.967805862426758,-1.9842864274978638,-797.0523071289062,-269807.03125,71396.390625,142.01541137695312,-0.0,-0.0,-0.0,-0.0,-0.0,-0.0,-0.0,-0.0,-0.0,-0.0,-0.0,-0.0,-0.0055694580078125,-0.00415802001953125,-0.0061798095703125,-0.00865936279296875,-0.0049591064453125,-0.0093841552734375,-0.0057220458984375,-0.01148223876953125,-0.003814697265625,-0.01033782958984375,-0.00965118408203125,-0.00453948974609375,-0.0167083740234375,-0.00453948974609375,-0.004425048828125,-0.0127410888671875,0.093994140625,0.09490966796875,0.0994873046875,0.105438232421875,0.03997802734375,0.107574462890625,0.102691650390625,0.11016845703125,0.09307861328125,0.273895263671875,0.09796142578125,0.09735107421875,-0.82183837890625,0.42877197265625,0.4168701171875,-0.98419189453125,2.2305827140808105
500,0.5050000000000002,-0.0,-0.0,-0.0,-0.0,-0.0,-0.0,-5.019092082977295,-2.162412405014038,-797.1270751953125,-269705.84375,71551.765625,258.8720397949219,-0.0,-0.0,-0.0,-0.0,-0.0,-0.0,-0.0,-0.0,-0.0,-0.0,-0.0,-0.0,-0.008087158203125,-0.008697509765625,-0.0125885009765625,-0.01483917236328125,-0.0118255615234375,-0.0147247314453125,-0.0098419189453125,-0.0225067138671875,-0.00701904296875,-0.01125335693359375,-0.0301361083984375,-0.0104522705078125,-0.01873016357421875,-0.0099945068359375,-0.0019073486328125,-0.02685546875,0.096893310546875,0.096893310546875,0.09552001953125,0.10009765625,0.07171630859375,0.103607177734375,0.103759765625,0.1025390625,-0.04852294921875,0.068817138671875,0.089874267578125,0.10467529296875,-0.488433837890625,-1.48773193359375,0.615234375,-1.508941650390625,-2.95245099067688
501,0.5055000000000003,-0.0,-0.0,-0.0,-0.0,-0.0,-0.0,-5.2981438636779785,-2.297645092010498,-798.5856323242188,-269724.28125,71741.7265625,481.4090576171875,-0.0,-0.0,-0.0,-0.0,-0.0,-0.0,-0.0,-0.0,-0.0,-0.0,-0.0,-0.0,0.00606536865234375,0.00507354736328125,0.00732421875,0.00782012939453125,0.0074005126953125,0.0096893310546875,0.00316619873046875,0.01148223876953125,0.00213623046875,0.0128173828125,0.01010894775390625,0.003662109375,0.01468658447265625,0.00659942626953125,0.00232696533203125,0.01392364501953125,0.09918212890625,0.097808837890625,0.097808837890625,0.096282958984375,0.24932861328125,0.0994873046875,0.11016845703125,0.11932373046875,0.1544189453125,-0.078582763671875,0.09796142578125,0.08758544921875,1.07696533203125,-0.45196533203125,-0.3753662109375,0.83526611328125,1.3159297704696655
502,0.5060000000000002,-0.0,-0.0,-0.0,-0.0,-0.0,-0.0,-5.70947265625,-3.3323161602020264,-798.0499877929688,-269719.84375,71396.625,441.1370544433594,-0.0,-0.0,-0.0,-0.0,-0.0,-0.0,-0.0,-0.0,-0.0,-0.0,-0.0,-0.0,0.00701904296875,0.0083160400390625,0.0112152099609375,0.0156402587890625,0.01079559326171875,0.01438140869140625,0.00988006591796875,0.02117156982421875,0.00720977783203125,0.01190185546875,0.0316619873046875,0.01110076904296875,0.02170562744140625,0.00957489013671875,0.00370025634765625,0.025787353515625,0.099639892578125,0.098876953125,0.094146728515625,0.0970458984375,0.1251220703125,0.098876953125,0.087738037109375,0.087738037109375,0.268402099609375,0.059051513671875,0.108795166015625,0.084228515625,0.821685791015625,1.37115478515625,-0.3570556640625,1.773681640625,6.1940789222717285
503,0.5065000000000002,-0.0,-0.0,-0.0,-0.0,-0.0,-0.0,-6.064084053039551,-3.0989527702331543,-797.29931640625,-269750.6875,71660.359375,547.117919921875,-0.0,-0.0,-0.0,-0.0,-0.0,-0.0,-0.0,-0.0,-0.0,-0.0,-0.0,-0.0,-0.00522613525390625,-0.00370025634765625,-0.00713348388671875,-0.0058746337890625,-0.00537872314453125,-0.009002685546875,-0.00553131103515625,-0.01110076904296875,-0.00423431396484375,-0.00957489013671875,-0.011444091796875,-0.0029754638671875,-0.018157958984375,-0.0067138671875,-0.001678466796875,-0.014190673828125,0.09674072265625,0.1007080078125,0.096435546875,0.095367431640625,0.098724365234375,0.099639892578125,0.113677978515625,0.111541748046875,0.097808837890625,0.12969970703125,0.107421875,0.106201171875,-0.683746337890625,0.45684814453125,0.5767822265625,-0.94329833984375,4.974541664123535
504,0.5070000000000002,-0.0,-0.0,-0.0,-0.0,-0.0,-0.0,-5.844100475311279,-3.5992484092712402,-797.6087646484375,-270268.28125,71387.9765625,536.072265625,-0.0,-0.0,-0.0,-0.0,-0.0,-0.0,-0.0,-0.0,-0.0,-0.0,-0.0,-0.0,-0.00782012939453125,-0.008087158203125,-0.0116729736328125,-0.0164794921875,-0.01007080078125,-0.0150299072265625,-0.00972747802734375,-0.02185821533203125,-0.00701904296875,-0.01293182373046875,-0.02834320068359375,-0.01190185546875,-0.025482177734375,-0.00934600830078125,-0.003509521484375,-0.0275421142578125,0.09246826171875,0.098114013671875,0.097503662109375,0.098876953125,0.082550048828125,0.102996826171875,0.09307861328125,0.176544189453125,0.154876708984375,0.1019287109375,0.098114013671875,0.10009765625,-0.7025146484375,-0.99334716796875,0.5450439453125,-2.19482421875,-6.611063003540039
505,0.5075000000000003,-0.0,-0.0,-0.0,-0.0,-0.0,-0.0,-5.654122829437256,-4.021060943603516,-796.86328125,-270134.53125,71647.9609375,582.9990844726562,-0.0,-0.0,-0.0,-0.0,-0.0,-0.0,-0.0,-0.0,-0.0,-0.0,-0.0,-0.0,0.00400543212890625,0.00255584716796875,0.00629425048828125,0.0070953369140625,0.00461578369140625,0.0081634521484375,0.00682830810546875,0.01129150390625,0.004730224609375,0.00759124755859375,0.0124359130859375,0.001220703125,0.01476287841796875,0.00553131103515625,0.00125885009765625,0.01544952392578125,0.093231201171875,0.098419189453125,0.101470947265625,0.094757080078125,0.088653564453125,0.099334716796875,0.055389404296875,-0.068511962890625,0.10040283203125,0.120086669921875,0.105743408203125,0.09979248046875,0.575714111328125,-0.4351806640625,-0.44403076171875,0.70770263671875,4.974541664123535
506,0.5080000000000002,-0.0,-0.0,-0.0,-0.0,-0.0,-0.0,-5.508632183074951,-4.155529975891113,-797.1714477539062,-270034.09375,71164.0234375,451.18927001953125,-0.0,-0.0,-0.0,-0.0,-0.0,-0.0,-0.0,-0.0,-0.0,-0.0,-0.0,-0.0,0.009002685546875,0.008544921875,0.01255035400390625,0.015716552734375,0.00965118408203125,0.01407623291015625,0.01155853271484375,0.0246429443359375,0.00659942626953125,0.01125335693359375,0.02880096435546875,0.0099945068359375,0.02254486083984375,0.01007080078125,0.00675201416015625,0.02666473388671875,0.10284423828125,0.102691650390625,0.102386474609375,0.10284423828125,0.095062255859375,0.099334716796875,0.10711669921875,0.09368896484375,0.0579833984375,0.122528076171875,0.102691650390625,0.102386474609375,1.05072021484375,1.4599609375,-0.39520263671875,1.771087646484375,5.584310531616211
507,0.5085000000000002,-0.0,-0.0,-0.0,-0.0,-0.0,-0.0,-5.006931304931641,-3.9662678241729736,-796.4649047851562,-270736.5625,71251.59375,418.4098205566406,-0.0,-0.0,-0.0,-0.0,-0.0,-0.0,-0.0,-0.0,-0.0,-0.0,-0.0,-0.0,-0.00522613525390625,-0.0035858154296875,-0.0061798095703125,-0.00774383544921875,-0.00396728515625,-0.0089263916015625,-0.0048065185546875,-0.0115966796875,-0.00316619873046875,-0.01129150390625,-0.01071929931640625,-0.00446319580078125,-0.01270294189453125,-0.00682830810546875,-0.00179290771484375,-0.0131988525390625,0.09735107421875,0.0970458984375,0.0946044921875,0.097198486328125,0.074462890625,0.09674072265625,0.064544677734375,0.099029541015625,0.068359375,0.12847900390625,0.0909423828125,0.10498046875,-0.539398193359375,0.51177978515625,0.49072265625,-0.57220458984375,2.8403513431549072
508,0.5090000000000002,-0.0,-0.0,-0.0,-0.0,-0.0,-0.0,-4.739223957061768,-3.9770214557647705,-796.4207763671875,-270331.53125,71164.359375,294.01434326171875,-0.0,-0.0,-0.0,-0.0,-0.0,-0.0,-0.0,-0.0,-0.0,-0.0,-0.0,-0.0,-0.0079345703125,-0.007476806640625,-0.012359619140625,-0.01491546630859375,-0.01171112060546875,-0.01102447509765625,-0.00911712646484375,-0.0220489501953125,-0.006256103515625,-0.01399993896484375,-0.02887725830078125,-0.0118255615234375,-0.02025604248046875,-0.00896453857421875,-0.00335693359375,-0.0284576416015625,0.096893310546875,0.09613037109375,0.09735107421875,0.09735107421875,0.098876953125,0.1007080078125,0.120697021484375,0.11444091796875,0.08941650390625,0.172576904296875,0.093841552734375,0.102386474609375,-0.787506103515625,-1.18438720703125,0.53558349609375,-1.80999755859375,-1.1231448650360107
509,0.5095000000000003,-0.0,-0.0,-0.0,-0.0,-0.0,-0.0,-4.404283046722412,-4.434561252593994,-797.7899780273438,-270575.125,70898.15625,297.1341247558594,-0.0,-0.0,-0.0,-0.0,-0.0,-0.0,-0.0,-0.0,-0.0,-0.0,-0.0,-0.0,0.00453948974609375,0.0042724609375,0.006256103515625,0.00640869140625,0.00621795654296875,0.0074005126953125,0.00759124755859375,0.01129150390625,0.00362396240234375,0.00995635986328125,0.012664794921875,0.0034332275390625,0.01804351806640625,0.00476837158203125,0.00171661376953125,0.01476287841796875,0.09246826171875,0.09735107421875,0.09490966796875,0.102386474609375,0.008392333984375,0.101776123046875,0.108642578125,0.110626220703125,0.1141357421875,0.1348876953125,0.10101318359375,0.095062255859375,0.717620849609375,-0.3076171875,-0.31280517578125,1.202545166015625,2.8403513431549072
510,0.5100000000000002,-0.0,-0.0,-0.0,-0.0,-0.0,-0.0,-4.471447467803955,-4.902172088623047,-796.2406005859375,-270606.78125,70738.078125,476.3577880859375,-0.0,-0.0,-0.0,-0.0,-0.0,-0.0,-0.0,-0.0,-0.0,-0.0,-0.0,-0.0,0.00858306884765625,0.0081634521484375,0.0131988525390625,0.01617431640625,0.01148223876953125,0.01407623291015625,0.00972747802734375,0.021514892578125,0.0061798095703125,0.0140380859375,0.02902984619140625,0.01445770263671875,0.0209808349609375,0.01010894775390625,0.00278472900390625,0.02689361572265625,0.09735107421875,0.09765625,0.097198486328125,0.09979248046875,0.11993408203125,0.102691650390625,0.105438232421875,0.103912353515625,0.112762451171875,0.10589599609375,0.086669921875,0.098114013671875,0.6744384765625,1.37481689453125,-0.1690673828125,1.77947998046875,5.279426097869873
511,0.5105000000000002,-0.0,-0.0,-0.0,-0.0,-0.0,-0.0,-4.963254451751709,-5.14789342880249,-795.71435546875,-270768.5,70981.6640625,464.94146728515625,-0.0,-0.0,-0.0,-0.0,-0.0,-0.0,-0.0,-0.0,-0.0,-0.0,-0.0,-0.0,-0.00469207763671875,-0.0030517578125,-0.0052642822265625,-0.00640869140625,-0.0066375732421875,-0.007781982421875,-0.0046539306640625,-0.010833740234375,-0.00331878662109375,-0.009002685546875,-0.008087158203125,-0.002593994140625,-0.01583099365234375,-0.0060272216796875,-0.0006103515625,-0.01323699951171875,0.098419189453125,0.099334716796875,0.09979248046875,0.08697509765625,0.1898193359375,0.099945068359375,0.0958251953125,0.1055908203125,0.078277587890625,-0.013885498046875,0.09918212890625,0.09368896484375,-0.377655029296875,0.69488525390625,0.418701171875,-0.915374755859375,4.974541664123535
512,0.5110000000000002,-0.0,-0.0,-0.0,-0.0,-0.0,-0.0,-4.952712535858154,-5.3478240966796875,-797.3950805664062,-271129.34375,70992.875,526.7892456054688,-0.0,-0.0,-0.0,-0.0,-0.0,-0.0,-0.0,-0.0,-0.0,-0.0,-0.0,-0.0,-0.0089263916015625,-0.00850677490234375,-0.0098419189453125,-0.01495361328125,-0.0104522705078125,-0.0165557861328125,-0.01026153564453125,-0.02170562744140625,-0.00690460205078125,-0.0110626220703125,-0.0290679931640625,-0.0115203857421875,-0.02567291259765625,-0.009918212890625,-0.00507354736328125,-0.02685546875,0.097503662109375,0.099639892578125,0.101165771484375,0.0970458984375,0.04302978515625,0.095672607421875,0.08575439453125,0.084228515625,-0.006561279296875,0.040740966796875,0.09429931640625,0.085906982421875,-0.749359130859375,-1.42791748046875,0.377197265625,-1.883392333984375,2.5354671478271484
513,0.5115000000000003,-0.0,-0.0,-0.0,-0.0,-0.0,-0.0,-4.792366981506348,-5.483316898345947,-796.2371215820312,-271137.5,71060.5859375,717.276123046875,-0.0,-0.0,-0.0,-0.0,-0.0,-0.0,-0.0,-0.0,-0.0,-0.0,-0.0,-0.0,0.00576019287109375,0.0060272216796875,0.00576019287109375,0.008544921875,0.00492095947265625,0.01094818115234375,0.0077056884765625,0.01049041748046875,0.0049591064453125,0.0081634521484375,0.01293182373046875,0.00457763671875,0.01495361328125,0.00614166259765625,0.00331878662109375,0.0125885009765625,0.091400146484375,0.096588134765625,0.10284423828125,0.09796142578125,0.188446044921875,0.09674072265625,0.090789794921875,0.092620849609375,0.225372314453125,0.0531005859375,0.097198486328125,0.104522705078125,0.57220458984375,-0.1556396484375,-0.3314208984375,1.0443115234375,3.755004405975342
514,0.5120000000000002,-0.0,-0.0,-0.0,-0.0,-0.0,-0.0,-5.142336368560791,-5.704345703125,-798.6827392578125,-271249.0625,70863.1484375,614.2249145507812,-0.0,-0.0,-0.0,-0.0,-0.0,-0.0,-0.0,-0.0,-0.0,-0.0,-0.0,-0.0,0.0103759765625,0.00972747802734375,0.01190185546875,0.0147247314453125,0.00995635986328125,0.01621246337890625,0.01155853271484375,0.02361297607421875,0.00812530517578125,0.01239776611328125,0.02872467041015625,0.01224517822265625,0.0235748291015625,0.01224517822265625,0.006103515625,0.02716064453125,0.0982666015625,0.1043701171875,0.09613037109375,0.098419189453125,0.11322021484375,0.102081298828125,0.08758544921875,0.10833740234375,0.20660400390625,0.084991455078125,0.09552001953125,0.114593505859375,1.01287841796875,1.40167236328125,-0.2117919921875,2.096099853515625,5.279426097869873
515,0.5125000000000002,-0.0,-0.0,-0.0,-0.0,-0.0,-0.0,-5.373744487762451,-6.286068439483643,-796.6485595703125,-271273.65625,70626.46875,689.5738525390625,-0.0,-0.0,-0.0,-0.0,-0.0,-0.0,-0.0,-0.0,-0.0,-0.0,-0.0,-0.0,-0.0067901611328125,-0.00385284423828125,-0.0058746337890625,-0.0058746337890625,-0.004119873046875,-0.00949859619140625,-0.00370025634765625,-0.01010894775390625,-0.00263214111328125,-0.0093841552734375,-0.0118255615234375,-0.0031280517578125,-0.01728057861328125,-0.00408172607421875,-0.00209808349609375,-0.01422882080078125,0.0958251953125,0.0946044921875,0.10101318359375,0.09552001953125,0.107269287109375,0.101776123046875,0.1123046875,0.093536376953125,0.11810302734375,0.084075927734375,0.0946044921875,0.095672607421875,-0.6097412109375,0.50537109375,0.4071044921875,-0.99853515625,3.450119972229004
516,0.5130000000000002,-0.0,-0.0,-0.0,-0.0,-0.0,-0.0,-5.021871566772461,-5.767176628112793,-796.0048217773438,-271585.40625,71023.9765625,870.3993530273438,-0.0,-0.0,-0.0,-0.0,-0.0,-0.0,-0.0,-0.0,-0.0,-0.0,-0.0,-0.0,-0.00911712646484375,-0.0101470947265625,-0.01094818115234375,-0.01384735107421875,-0.01049041748046875,-0.0130462646484375,-0.01178741455078125,-0.0229644775390625,-0.00911712646484375,-0.0118255615234375,-0.0290679931640625,-0.01140594482421875,-0.02132415771484375,-0.011138916015625,-0.0061798095703125,-0.02780914306640625,0.093841552734375,0.099029541015625,0.094757080078125,0.094757080078125,0.09552001953125,0.096588134765625,0.0860595703125,0.0738525390625,0.09124755859375,0.095062255859375,0.10284423828125,0.081634521484375,-0.649871826171875,-1.3067626953125,0.4522705078125,-1.7083740234375,-4.476872444152832
517,0.5135000000000003,-0.0,-0.0,-0.0,-0.0,-0.0,-0.0,-5.935488700866699,-6.013315200805664,-797.2506713867188,-271538.9375,70521.375,870.4566650390625,-0.0,-0.0,-0.0,-0.0,-0.0,-0.0,-0.0,-0.0,-0.0,-0.0,-0.0,-0.0,0.00629425048828125,0.002593994140625,0.0074005126953125,0.009307861328125,0.00492095947265625,0.0093841552734375,0.00530242919921875,0.01209259033203125,0.00392913818359375,0.01003265380859375,0.01087188720703125,0.0060272216796875,0.01667022705078125,0.0060272216796875,0.0023651123046875,0.013275146484375,0.1007080078125,0.097198486328125,0.09796142578125,0.09521484375,0.087432861328125,0.10009765625,0.11138916015625,0.0970458984375,0.05615234375,0.10528564453125,0.101318359375,0.105743408203125,0.767974853515625,-0.2374267578125,0.0762939453125,1.311798095703125,4.364773273468018
518,0.5140000000000002,-0.0,-0.0,-0.0,-0.0,-0.0,-0.0,-5.8465471267700195,-6.386406898498535,-798.4579467773438,-271768.1875,70482.3828125,906.1707153320312,-0.0,-0.0,-0.0,-0.0,-0.0,-0.0,-0.0,-0.0,-0.0,-0.0,-0.0,-0.0,0.008544921875,0.00896453857421875,0.01110076904296875,0.01544952392578125,0.0128936767578125,0.0152587890625,0.0093841552734375,0.0214385986328125,0.0080108642578125,0.01316070556640625,0.03070831298828125,0.0116729736328125,0.02246856689453125,0.01129150390625,0.0028228759765625,0.02689361572265625,0.099334716796875,0.09979248046875,0.0970458984375,0.10009765625,0.08270263671875,0.0970458984375,0.093231201171875,0.102996826171875,0.1007080078125,0.13427734375,0.105133056640625,0.091094970703125,1.094512939453125,1.49078369140625,-0.1953125,1.850433349609375,5.889194965362549
519,0.5145000000000002,-0.0,-0.0,-0.0,-0.0,-0.0,-0.0,-5.788424015045166,-6.554649353027344,-797.5209350585938,-272253.5,70326.6171875,990.355712890625,-0.0,-0.0,-0.0,-0.0,-0.0,-0.0,-0.0,-0.0,-0.0,-0.0,-0.0,-0.0,-0.0054168701171875,-0.0041961669921875,-0.0048828125,-0.00789642333984375,-0.005645751953125,-0.00957489013671875,-0.0048828125,-0.01033782958984375,-0.00324249267578125,-0.0119781494140625,-0.01010894775390625,-0.0045013427734375,-0.01865386962890625,-0.00476837158203125,-0.0037384033203125,-0.0136566162109375,0.0982666015625,0.10162353515625,0.097503662109375,0.102081298828125,0.102081298828125,0.093536376953125,0.0946044921875,0.09429931640625,-0.030670166015625,0.121002197265625,0.096588134765625,0.098724365234375,-0.610809326171875,0.6134033203125,0.2850341796875,-1.063995361328125,12.291766166687012
520,0.5150000000000002,-0.0,-0.0,-0.0,-0.0,-0.0,-0.0,-6.035764217376709,-5.834173679351807,-799.0043334960938,-272446.25,70295.0390625,987.6661987304688,-0.0,-0.0,-0.0,-0.0,-0.0,-0.0,-0.0,-0.0,-0.0,-0.0,-0.0,-0.0,-0.01125335693359375,-0.00701904296875,-0.01201629638671875,-0.01331329345703125,-0.01110076904296875,-0.01312255859375,-0.0090789794921875,-0.02490997314453125,-0.0070953369140625,-0.01232147216796875,-0.02880096435546875,-0.01224517822265625,-0.02452850341796875,-0.0110626220703125,-0.0038909912109375,-0.0266265869140625,0.0970458984375,0.103759765625,0.100250244140625,0.096435546875,0.084686279296875,0.099639892578125,0.071258544921875,0.123748779296875,0.42938232421875,0.16021728515625,0.10223388671875,0.10650634765625,-0.66864013671875,-1.4886474609375,0.45654296875,-1.97357177734375,0.09639240801334381
521,0.5155000000000003,-0.0,-0.0,-0.0,-0.0,-0.0,-0.0,-5.6993560791015625,-5.9110918045043945,-798.8129272460938,-272314.375,70222.3046875,984.22412109375,-0.0,-0.0,-0.0,-0.0,-0.0,-0.0,-0.0,-0.0,-0.0,-0.0,-0.0,-0.0,0.00652313232421875,0.00484466552734375,0.00701904296875,0.005950927734375,0.0052642822265625,0.00637054443359375,0.00705718994140625,0.010986328125,0.00209808349609375,0.0115966796875,0.00995635986328125,0.0026702880859375,0.02044677734375,0.005645751953125,0.00011444091796875,0.01483917236328125,0.0982666015625,0.09674072265625,0.098114013671875,0.094146728515625,0.07598876953125,0.095672607421875,0.0860595703125,0.0439453125,0.03204345703125,0.115814208984375,0.09979248046875,0.099334716796875,0.955963134765625,-0.52276611328125,-0.33203125,1.41387939453125,4.364773273468018
522,0.5160000000000002,-0.0,-0.0,-0.0,-0.0,-0.0,-0.0,-5.977104187011719,-5.526084899902344,-798.6987915039062,-272546.5,70128.1640625,1020.481201171875,-0.0,-0.0,-0.0,-0.0,-0.0,-0.0,-0.0,-0.0,-0.0,-0.0,-0.0,-0.0,0.0092315673828125,0.00904083251953125,0.01194000244140625,0.01567840576171875,0.01007080078125,0.01537322998046875,0.0112152099609375,0.02361297607421875,0.00797271728515625,0.00995635986328125,0.030517578125,0.01049041748046875,0.02170562744140625,0.01190185546875,0.00591278076171875,0.0281524658203125,0.0982666015625,0.089874267578125,0.09857177734375,0.09765625,0.097198486328125,0.09429931640625,0.121307373046875,0.08697509765625,0.12847900390625,0.236663818359375,0.092926025390625,0.09918212890625,0.934600830078125,1.4324951171875,-0.39764404296875,1.61224365234375,6.498963356018066
523,0.5165000000000002,-0.0,-0.0,-0.0,-0.0,-0.0,-0.0,-5.60031795501709,-5.832790374755859,-800.5010375976562,-272895.625,70118.6953125,929.1428833007812,-0.0,-0.0,-0.0,-0.0,-0.0,-0.0,-0.0,-0.0,-0.0,-0.0,-0.0,-0.0,-0.00484466552734375,-0.00453948974609375,-0.00518798828125,-0.00701904296875,-0.004425048828125,-0.0083160400390625,-0.00598907470703125,-0.01186370849609375,-0.0034332275390625,-0.0102996826171875,-0.01155853271484375,-0.00209808349609375,-0.01800537109375,-0.004119873046875,-0.00064849853515625,-0.01346588134765625,0.102081298828125,0.101165771484375,0.095672607421875,0.1080322265625,0.17364501953125,0.099639892578125,0.098419189453125,0.12298583984375,0.09613037109375,-0.134429931640625,0.0994873046875,0.102386474609375,-0.552520751953125,0.40191650390625,0.2825927734375,-0.8660888671875,4.364773273468018
524,0.5170000000000002,-0.0,-0.0,-0.0,-0.0,-0.0,-0.0,-5.818475246429443,-5.258547782897949,-800.1490478515625,-272749.3125,69961.828125,1036.9249267578125,-0.0,-0.0,-0.0,-0.0,-0.0,-0.0,-0.0,-0.0,-0.0,-0.0,-0.0,-0.0,-0.00774383544921875,-0.00751495361328125,-0.01239776611328125,-0.015869140625,-0.01129150390625,-0.0147247314453125,-0.01117706298828125,-0.0200653076171875,-0.00720977783203125,-0.0144195556640625,-0.03021240234375,-0.01140594482421875,-0.02288818359375,-0.00873565673828125,-0.00377655029296875,-0.02613067626953125,0.0994873046875,0.099029541015625,0.101165771484375,0.107574462890625,0.114288330078125,0.096435546875,0.106048583984375,0.102996826171875,0.1080322265625,0.03448486328125,0.10467529296875,0.09918212890625,-0.98419189453125,-1.18377685546875,0.5377197265625,-1.9622802734375,-4.78175687789917
525,0.5175000000000003,-0.0,-0.0,-0.0,-0.0,-0.0,-0.0,-5.739770412445068,-5.665105819702148,-799.16845703125,-272755.40625,70397.609375,1062.6990966796875,-0.0,-0.0,-0.0,-0.0,-0.0,-0.0,-0.0,-0.0,-0.0,-0.0,-0.0,-0.0,0.0060272216796875,0.0049591064453125,0.0049591064453125,0.00736236572265625,0.0058746337890625,0.00774383544921875,0.00667572021484375,0.010833740234375,0.0038909912109375,0.0113677978515625,0.009918212890625,0.0041961669921875,0.0151824951171875,0.00499725341796875,0.0022125244140625,0.0128936767578125,0.103912353515625,0.095062255859375,0.103607177734375,0.098419189453125,0.09857177734375,0.09918212890625,0.095367431640625,0.1025390625,0.149078369140625,0.07843017578125,0.099029541015625,0.10009765625,0.658721923828125,-0.3387451171875,-0.225830078125,0.763092041015625,4.974541664123535
526,0.5180000000000002,-0.0,-0.0,-0.0,-0.0,-0.0,-0.0,-5.848887920379639,-5.466182231903076,-798.4182739257812,-273021.9375,69676.9921875,988.0595092773438,-0.0,-0.0,-0.0,-0.0,-0.0,-0.0,-0.0,-0.0,-0.0,-0.0,-0.0,-0.0,0.007781982421875,0.00598907470703125,0.01285552978515625,0.0160980224609375,0.0118255615234375,0.01674652099609375,0.0107574462890625,0.02330780029296875,0.00446319580078125,0.01560211181640625,0.03314971923828125,0.01262664794921875,0.02307891845703125,0.009918212890625,0.00453948974609375,0.0278472900390625,0.101776123046875,0.103759765625,0.0994873046875,0.094146728515625,0.077667236328125,0.095672607421875,0.09490966796875,0.100555419921875,0.096282958984375,0.1385498046875,0.096435546875,0.08758544921875,1.296539306640625,1.51763916015625,-0.30792236328125,1.995086669921875,3.755004405975342
527,0.5185000000000002,-0.0,-0.0,-0.0,-0.0,-0.0,-0.0,-5.629936218261719,-5.475616455078125,-799.2079467773438,-272759.4375,69566.140625,893.2522583007812,-0.0,-0.0,-0.0,-0.0,-0.0,-0.0,-0.0,-0.0,-0.0,-0.0,-0.0,-0.0,-0.00469207763671875,-0.003662109375,-0.00553131103515625,-0.0084686279296875,-0.0042724609375,-0.00888824462890625,-0.0041961669921875,-0.0096893310546875,-0.00484466552734375,-0.00850677490234375,-0.0081634521484375,-0.0035858154296875,-0.01708984375,-0.00698089599609375,-0.0029754638671875,-0.01255035400390625,0.09613037109375,0.09857177734375,0.093994140625,0.09613037109375,0.083465576171875,0.094757080078125,0.09674072265625,0.106353759765625,0.08148193359375,0.154571533203125,0.099029541015625,0.0927734375,-0.376739501953125,0.77545166015625,0.4742431640625,-0.910186767578125,12.291766166687012
528,0.5190000000000002,-0.0,-0.0,-0.0,-0.0,-0.0,-0.0,-5.400622844696045,-5.179152965545654,-798.5778198242188,-272829.71875,69574.4296875,955.84130859375,-0.0,-0.0,-0.0,-0.0,-0.0,-0.0,-0.0,-0.0,-0.0,-0.0,-0.0,-0.0,-0.009613037109375,-0.0063323974609375,-0.01178741455078125,-0.01399993896484375,-0.012969970703125,-0.01537322998046875,-0.00904083251953125,-0.02288818359375,-0.00484466552734375,-0.01220703125,-0.0295257568359375,-0.0106048583984375,-0.0234222412109375,-0.009918212890625,-0.00255584716796875,-0.026702880859375,0.09429931640625,0.09857177734375,0.093536376953125,0.099029541015625,0.101318359375,0.09674072265625,0.106201171875,0.128631591796875,0.09490966796875,0.06805419921875,0.100250244140625,0.10101318359375,-0.73028564453125,-1.4373779296875,0.67413330078125,-1.748199462890625,-0.8182606101036072
529,0.5195000000000003,-0.0,-0.0,-0.0,-0.0,-0.0,-0.0,-4.954229354858398,-5.4975199699401855,-799.599365234375,-272621.125,69410.2578125,938.7676391601562,-0.0,-0.0,-0.0,-0.0,-0.0,-0.0,-0.0,-0.0,-0.0,-0.0,-0.0,-0.0,0.00545501708984375,0.00308990478515625,0.005950927734375,0.0079345703125,0.0043487548828125,0.0079345703125,0.00713348388671875,0.00980377197265625,0.003662109375,0.01079559326171875,0.00732421875,0.00766754150390625,0.016326904296875,0.0042724609375,0.0061798095703125,0.0119781494140625,0.10284423828125,0.096588134765625,0.096588134765625,0.0946044921875,0.09246826171875,0.095977783203125,0.088653564453125,0.042877197265625,0.051116943359375,0.157623291015625,0.093231201171875,0.09796142578125,0.837860107421875,-0.5218505859375,0.0701904296875,0.91522216796875,4.364773273468018
530,0.5200000000000002,-0.0,-0.0,-0.0,-0.0,-0.0,-0.0,-5.1742095947265625,-5.666567802429199,-799.9151000976562,-273078.90625,69168.421875,863.3047485351562,-0.0,-0.0,-0.0,-0.0,-0.0,-0.0,-0.0,-0.0,-0.0,-0.0,-0.0,-0.0,0.00865936279296875,0.0090789794921875,0.0135040283203125,0.0150299072265625,0.0110626220703125,0.0138092041015625,0.01110076904296875,0.0237274169921875,0.00614166259765625,0.01373291015625,0.0298309326171875,0.0115966796875,0.020294189453125,0.0109100341796875,0.005340576171875,0.02765655517578125,0.09918212890625,0.0946044921875,0.09307861328125,0.095367431640625,0.093841552734375,0.10589599609375,0.0933837890625,0.09429931640625,-0.0201416015625,0.063934326171875,0.0885009765625,0.094757080078125,1.060028076171875,1.53961181640625,-0.31463623046875,1.858978271484375,6.1940789222717285
531,0.5205000000000002,-0.0,-0.0,-0.0,-0.0,-0.0,-0.0,-5.131927013397217,-5.4182000160217285,-798.3352661132812,-272670.9375,68946.46875,946.4889526367188,-0.0,-0.0,-0.0,-0.0,-0.0,-0.0,-0.0,-0.0,-0.0,-0.0,-0.0,-0.0,-0.0035858154296875,-0.0057220458984375,-0.00598907470703125,-0.0066375732421875,-0.00659942626953125,-0.0057220458984375,-0.00705718994140625,-0.0099945068359375,-0.00339508056640625,-0.0095367431640625,-0.00682830810546875,-0.004119873046875,-0.01773834228515625,-0.00385284423828125,-0.00186920166015625,-0.0121307373046875,0.098114013671875,0.097808837890625,0.100860595703125,0.09857177734375,0.065155029296875,0.1019287109375,0.099945068359375,0.09033203125,0.152740478515625,0.164794921875,0.10284423828125,0.095367431640625,-0.332794189453125,0.76904296875,0.44769287109375,-0.891571044921875,5.889194965362549
532,0.5210000000000002,-0.0,-0.0,-0.0,-0.0,-0.0,-0.0,-5.475193977355957,-5.845401287078857,-799.0250854492188,-272692.21875,68983.09375,990.8526611328125,-0.0,-0.0,-0.0,-0.0,-0.0,-0.0,-0.0,-0.0,-0.0,-0.0,-0.0,-0.0,-0.0096893310546875,-0.00949859619140625,-0.01224517822265625,-0.014495849609375,-0.00888824462890625,-0.015411376953125,-0.01293182373046875,-0.02288818359375,-0.0079345703125,-0.0115203857421875,-0.0276947021484375,-0.012054443359375,-0.02292633056640625,-0.01125335693359375,-0.0055694580078125,-0.02788543701171875,0.097503662109375,0.094451904296875,0.102996826171875,0.09552001953125,0.0701904296875,0.09368896484375,0.07843017578125,0.098114013671875,0.04241943359375,0.12298583984375,0.0970458984375,0.073394775390625,-0.684051513671875,-1.13189697265625,0.41351318359375,-1.8408203125,-2.95245099067688
533,0.5215000000000003,-0.0,-0.0,-0.0,-0.0,-0.0,-0.0,-5.183442115783691,-5.621329307556152,-795.7267456054688,-272367.3125,68886.2109375,1081.7115478515625,-0.0,-0.0,-0.0,-0.0,-0.0,-0.0,-0.0,-0.0,-0.0,-0.0,-0.0,-0.0,0.005950927734375,0.005035400390625,0.00537872314453125,0.00873565673828125,0.0032806396484375,0.00904083251953125,0.00598907470703125,0.0109100341796875,0.00560760498046875,0.0075531005859375,0.01018524169921875,0.0040435791015625,0.0179290771484375,0.0061798095703125,0.0018310546875,0.01361846923828125,0.099945068359375,0.102081298828125,0.10284423828125,0.104827880859375,0.0927734375,0.1019287109375,0.070037841796875,0.09033203125,0.189361572265625,0.048370361328125,0.102386474609375,0.109710693359375,0.607147216796875,-0.58563232421875,-0.2813720703125,1.072540283203125,2.5354671478271484
534,0.5220000000000002,-0.0,-0.0,-0.0,-0.0,-0.0,-0.0,-5.103329181671143,-5.304477691650391,-795.216064453125,-272264.78125,68596.421875,766.2777709960938,-0.0,-0.0,-0.0,-0.0,-0.0,-0.0,-0.0,-0.0,-0.0,-0.0,-0.0,-0.0,0.01007080078125,0.00934600830078125,0.01277923583984375,0.01476287841796875,0.01049041748046875,0.0156402587890625,0.0098419189453125,0.0250244140625,0.00644683837890625,0.01117706298828125,0.0287628173828125,0.01094818115234375,0.023345947265625,0.01110076904296875,0.005340576171875,0.026702880859375,0.093841552734375,0.100555419921875,0.095672607421875,0.098876953125,0.0921630859375,0.099639892578125,0.117950439453125,0.10498046875,0.086669921875,0.093231201171875,0.10162353515625,0.1123046875,0.98785400390625,1.36199951171875,-0.23162841796875,1.775360107421875,4.364773273468018
535,0.5225000000000002,-0.0,-0.0,-0.0,-0.0,-0.0,-0.0,-5.281595706939697,-5.7389984130859375,-796.7379760742188,-272097.84375,68364.0703125,859.5762329101562,-0.0,-0.0,-0.0,-0.0,-0.0,-0.0,-0.0,-0.0,-0.0,-0.0,-0.0,-0.0,-0.00518798828125,-0.003814697265625,-0.00560760498046875,-0.00720977783203125,-0.0043487548828125,-0.009765625,-0.00446319580078125,-0.01190185546875,-0.00331878662109375,-0.0118255615234375,-0.0109100341796875,-0.00164031982421875,-0.018463134765625,-0.00484466552734375,-0.00041961669921875,-0.013580322265625,0.098114013671875,0.10345458984375,0.100250244140625,0.1019287109375,0.15655517578125,0.10284423828125,0.118865966796875,0.107269287109375,0.0811767578125,0.053253173828125,0.099029541015625,0.100250244140625,-0.801239013671875,0.41290283203125,0.51300048828125,-1.0064697265625,3.755004405975342
536,0.5230000000000002,-0.0,-0.0,-0.0,-0.0,-0.0,-0.0,-5.192233562469482,-4.974203586578369,-796.0319213867188,-272277.28125,68427.7734375,971.1092529296875,-0.0,-0.0,-0.0,-0.0,-0.0,-0.0,-0.0,-0.0,-0.0,-0.0,-0.0,-0.0,-0.0072479248046875,-0.00583648681640625,-0.01323699951171875,-0.015106201171875,-0.01190185546875,-0.01544952392578125,-0.00881195068359375,-0.0223541259765625,-0.00530242919921875,-0.01190185546875,-0.0312042236328125,-0.01232147216796875,-0.02109527587890625,-0.00804901123046875,-0.00461578369140625,-0.0283050537109375,0.097808837890625,0.0970458984375,0.09552001953125,0.096588134765625,0.059661865234375,0.101165771484375,0.102386474609375,0.095672607421875,0.0970458984375,0.26947021484375,0.10650634765625,0.095367431640625,-0.698699951171875,-1.43402099609375,0.5291748046875,-1.807403564453125,-2.647566556930542
537,0.5235000000000003,-0.0,-0.0,-0.0,-0.0,-0.0,-0.0,-5.263420104980469,-5.383570671081543,-796.3145141601562,-272536.40625,68371.0625,1043.7935791015625,-0.0,-0.0,-0.0,-0.0,-0.0,-0.0,-0.0,-0.0,-0.0,-0.0,-0.0,-0.0,0.00705718994140625,0.0025177001953125,0.006103515625,0.00926971435546875,0.00396728515625,0.0095367431640625,0.00293731689453125,0.01056671142578125,0.0042724609375,0.009765625,0.01129150390625,0.0041961669921875,0.01773834228515625,0.00431060791015625,0.00354766845703125,0.01209259033203125,0.105438232421875,0.0958251953125,0.09674072265625,0.093231201171875,0.07171630859375,0.09674072265625,0.10040283203125,0.097198486328125,0.0738525390625,-0.019073486328125,0.0897216796875,0.097198486328125,0.799713134765625,-0.34698486328125,-0.120849609375,1.12030029296875,3.755004405975342
538,0.5240000000000002,-0.0,-0.0,-0.0,-0.0,-0.0,-0.0,-5.80808687210083,-6.310539722442627,-796.9515380859375,-272522.90625,68422.1015625,1142.5802001953125,-0.0,-0.0,-0.0,-0.0,-0.0,-0.0,-0.0,-0.0,-0.0,-0.0,-0.0,-0.0,0.0081634521484375,0.008087158203125,0.0124359130859375,0.01720428466796875,0.0119781494140625,0.01277923583984375,0.01010894775390625,0.02384185791015625,0.00762939453125,0.013885498046875,0.031280517578125,0.01781463623046875,0.02216339111328125,0.00965118408203125,0.0046539306640625,0.0286102294921875,0.10101318359375,0.103607177734375,0.10406494140625,0.1092529296875,0.139312744140625,0.10284423828125,0.108184814453125,0.102996826171875,-0.0897216796875,-0.0213623046875,0.107879638671875,0.1080322265625,1.14471435546875,1.63421630859375,0.198974609375,2.16888427734375,5.584310531616211
539,0.5245000000000002,-0.0,-0.0,-0.0,-0.0,-0.0,-0.0,-6.129124641418457,-5.962944507598877,-795.6795043945312,-272617.09375,68195.8046875,1224.8558349609375,-0.0,-0.0,-0.0,-0.0,-0.0,-0.0,-0.0,-0.0,-0.0,-0.0,-0.0,-0.0,-0.0048828125,-0.00446319580078125,-0.00400543212890625,-0.00728607177734375,-0.00614166259765625,-0.007171630859375,-0.0063323974609375,-0.01041412353515625,-0.004730224609375,-0.01155853271484375,-0.00965118408203125,-0.0032806396484375,-0.02376556396484375,-0.00530242919921875,-0.005035400390625,-0.01430511474609375,0.09246826171875,0.103302001953125,0.10223388671875,0.10284423828125,0.10894775390625,0.09429931640625,0.101470947265625,0.10009765625,0.135955810546875,0.094757080078125,0.097503662109375,0.0860595703125,-0.563507080078125,0.609130859375,0.382080078125,-1.401824951171875,-6.611063003540039
540,0.5250000000000002,-0.0,-0.0,-0.0,-0.0,-0.0,-0.0,-6.083763599395752,-6.445502758026123,-796.0330810546875,-272454.03125,68346.265625,1311.5323486328125,-0.0,-0.0,-0.0,-0.0,-0.0,-0.0,-0.0,-0.0,-0.0,-0.0,-0.0,-0.0,-0.00865936279296875,-0.00682830810546875,-0.01087188720703125,-0.01697540283203125,-0.012664794921875,-0.01316070556640625,-0.0090789794921875,-0.02239227294921875,-0.00682830810546875,-0.012359619140625,-0.0319671630859375,-0.01567840576171875,-0.0241851806640625,-0.008697509765625,-0.0023651123046875,-0.0286102294921875,0.096282958984375,0.09674072265625,0.099945068359375,0.09674072265625,0.088653564453125,0.09613037109375,0.087890625,0.09613037109375,0.391387939453125,0.10833740234375,0.09674072265625,0.082244873046875,-0.8367919921875,-1.48773193359375,0.2154541015625,-1.961669921875,-1.732913613319397
541,0.5255000000000003,-0.0,-0.0,-0.0,-0.0,-0.0,-0.0,-6.138230800628662,-6.408749580383301,-796.1361083984375,-272665.0,68295.6640625,1312.2203369140625,-0.0,-0.0,-0.0,-0.0,-0.0,-0.0,-0.0,-0.0,-0.0,-0.0,-0.0,-0.0,0.00518798828125,0.00518798828125,0.00629425048828125,0.00789642333984375,0.0057220458984375,0.00789642333984375,0.0066375732421875,0.01064300537109375,0.003204345703125,0.01178741455078125,0.01129150390625,0.00316619873046875,0.02056121826171875,0.00408172607421875,0.00202178955078125,0.01293182373046875,0.0946044921875,0.09765625,0.096588134765625,0.100860595703125,0.101318359375,0.100250244140625,0.081939697265625,0.093841552734375,0.0726318359375,0.10162353515625,0.0946044921875,0.099945068359375,0.9271240234375,-0.36773681640625,-0.08209228515625,1.2005615234375,4.974541664123535
542,0.5260000000000002,-0.0,-0.0,-0.0,-0.0,-0.0,-0.0,-5.994264602661133,-6.59905481338501,-795.8842163085938,-272627.8125,68227.890625,1458.2369384765625,-0.0,-0.0,-0.0,-0.0,-0.0,-0.0,-0.0,-0.0,-0.0,-0.0,-0.0,-0.0,0.00850677490234375,0.0089263916015625,0.01232147216796875,0.01468658447265625,0.01308441162109375,0.0130462646484375,0.01071929931640625,0.02468109130859375,0.00865936279296875,0.01308441162109375,0.0296783447265625,0.0119781494140625,0.02346038818359375,0.0128936767578125,0.0052642822265625,0.027923583984375,0.103912353515625,0.095977783203125,0.096435546875,0.092620849609375,0.0811767578125,0.097503662109375,0.082550048828125,0.0970458984375,0.08758544921875,0.11962890625,0.095062255859375,0.103302001953125,0.782012939453125,1.624755859375,-0.281982421875,1.944427490234375,12.596650123596191
543,0.5265000000000002,-0.0,-0.0,-0.0,-0.0,-0.0,-0.0,-6.367958068847656,-6.3537445068359375,-796.033935546875,-273053.4375,68178.078125,1455.744140625,-0.0,-0.0,-0.0,-0.0,-0.0,-0.0,-0.0,-0.0,-0.0,-0.0,-0.0,-0.0,-0.0061798095703125,-0.00171661376953125,-0.00576019287109375,-0.00713348388671875,-0.0048065185546875,-0.0087738037109375,-0.00629425048828125,-0.01018524169921875,-0.00469207763671875,-0.0093841552734375,-0.01003265380859375,-0.0046539306640625,-0.01934051513671875,-0.0032806396484375,-0.0028228759765625,-0.0115203857421875,0.091552734375,0.10009765625,0.100555419921875,0.103302001953125,0.1019287109375,0.098724365234375,0.11993408203125,0.09765625,0.106964111328125,0.1226806640625,0.10162353515625,0.087738037109375,-0.562286376953125,0.467529296875,0.27374267578125,-1.0504150390625,3.755004405975342
544,0.5270000000000002,-0.0,-0.0,-0.0,-0.0,-0.0,-0.0,-6.392937183380127,-6.467906951904297,-795.1414794921875,-272625.59375,68069.53125,1482.1617431640625,-0.0,-0.0,-0.0,-0.0,-0.0,-0.0,-0.0,-0.0,-0.0,-0.0,-0.0,-0.0,-0.0078582763671875,-0.00858306884765625,-0.01190185546875,-0.013427734375,-0.01110076904296875,-0.01598358154296875,-0.01209259033203125,-0.02201080322265625,-0.0049591064453125,-0.01262664794921875,-0.02994537353515625,-0.0152587890625,-0.0226593017578125,-0.01079559326171875,-0.0037384033203125,-0.0255584716796875,0.09918212890625,0.10040283203125,0.0927734375,0.100555419921875,0.094757080078125,0.097808837890625,0.101165771484375,0.1190185546875,0.052947998046875,0.107574462890625,0.09979248046875,0.099334716796875,-0.86456298828125,-1.19903564453125,-0.0634765625,-1.839447021484375,-2.342682361602783
545,0.5275000000000003,-0.0,-0.0,-0.0,-0.0,-0.0,-0.0,-6.640628814697266,-6.0942769050598145,-797.53564453125,-272567.71875,67667.109375,1520.0347900390625,-0.0,-0.0,-0.0,-0.0,-0.0,-0.0,-0.0,-0.0,-0.0,-0.0,-0.0,-0.0,0.0048065185546875,0.0046539306640625,0.0074005126953125,0.0080108642578125,0.00553131103515625,0.0093841552734375,0.00644683837890625,0.01110076904296875,0.0058746337890625,0.01148223876953125,0.01102447509765625,0.00499725341796875,0.02056121826171875,0.0054931640625,-0.00030517578125,0.01209259033203125,0.0994873046875,0.10162353515625,0.09552001953125,0.097503662109375,0.0994873046875,0.104217529296875,0.09490966796875,0.0579833984375,0.07293701171875,0.1116943359375,0.1104736328125,0.10162353515625,1.037139892578125,-0.592041015625,-0.0860595703125,1.421661376953125,1.3159297704696655
546,0.5280000000000002,-0.0,-0.0,-0.0,-0.0,-0.0,-0.0,-6.504084587097168,-6.626853942871094,-796.1004028320312,-272866.8125,67684.8125,1431.8170166015625,-0.0,-0.0,-0.0,-0.0,-0.0,-0.0,-0.0,-0.0,-0.0,-0.0,-0.0,-0.0,0.0084686279296875,0.00797271728515625,0.01312255859375,0.016021728515625,0.011444091796875,0.0141143798828125,0.008392333984375,0.0244140625,0.00690460205078125,0.014801025390625,0.0319671630859375,0.01129150390625,0.0199127197265625,0.0098419189453125,0.0066375732421875,0.0281524658203125,0.09918212890625,0.101165771484375,0.100555419921875,0.09857177734375,0.084228515625,0.0958251953125,0.0921630859375,0.098876953125,0.07965087890625,0.115814208984375,0.10894775390625,0.099945068359375,0.84716796875,1.53228759765625,-0.33660888671875,1.664886474609375,7.71850061416626
547,0.5285000000000002,-0.0,-0.0,-0.0,-0.0,-0.0,-0.0,-6.560502052307129,-6.036243915557861,-797.3827514648438,-272760.46875,67596.453125,1443.0604248046875,-0.0,-0.0,-0.0,-0.0,-0.0,-0.0,-0.0,-0.0,-0.0,-0.0,-0.0,-0.0,-0.006561279296875,-0.0032806396484375,-0.00591278076171875,-0.0080108642578125,-0.005340576171875,-0.00720977783203125,-0.00675201416015625,-0.01071929931640625,-0.00461578369140625,-0.0102996826171875,-0.008544921875,-0.005340576171875,-0.01956939697265625,-0.00530242919921875,-0.00301361083984375,-0.012359619140625,0.0958251953125,0.093994140625,0.103759765625,0.096588134765625,0.08453369140625,0.096282958984375,0.12542724609375,0.108795166015625,0.086517333984375,0.076141357421875,0.105743408203125,0.092620849609375,-0.49041748046875,0.4937744140625,0.39337158203125,-1.25640869140625,1.6208140850067139
548,0.5290000000000002,-0.0,-0.0,-0.0,-0.0,-0.0,-0.0,-6.4394354820251465,-5.72061014175415,-796.8074340820312,-272778.6875,67373.078125,1602.603759765625,-0.0,-0.0,-0.0,-0.0,-0.0,-0.0,-0.0,-0.0,-0.0,-0.0,-0.0,-0.0,-0.0079345703125,-0.00926971435546875,-0.01331329345703125,-0.015411376953125,-0.0112152099609375,-0.0128936767578125,-0.00888824462890625,-0.02422332763671875,-0.00762939453125,-0.0135040283203125,-0.03078460693359375,-0.010833740234375,-0.0209808349609375,-0.01007080078125,-0.0072479248046875,-0.02819061279296875,0.090484619140625,0.09368896484375,0.088653564453125,0.073699951171875,0.0201416015625,0.08880615234375,0.05279541015625,0.081634521484375,0.104522705078125,0.16082763671875,0.081939697265625,0.08209228515625,-0.866241455078125,-1.3958740234375,0.55450439453125,-1.759490966796875,-1.4280292987823486
549,0.5295000000000003,-0.0,-0.0,-0.0,-0.0,-0.0,-0.0,-6.025476932525635,-5.250638961791992,-797.1589965820312,-273039.34375,67290.5546875,1621.5771484375,-0.0,-0.0,-0.0,-0.0,-0.0,-0.0,-0.0,-0.0,-0.0,-0.0,-0.0,-0.0,0.0074005126953125,0.004425048828125,0.0048065185546875,0.0069427490234375,0.0070953369140625,0.009002685546875,0.00640869140625,0.009765625,0.0029754638671875,0.01331329345703125,0.009002685546875,0.00514984130859375,0.0223541259765625,0.0052642822265625,0.00331878662109375,0.0131988525390625,0.096282958984375,0.10040283203125,0.10162353515625,0.11810302734375,0.0970458984375,0.099334716796875,0.113067626953125,0.11138916015625,0.097808837890625,0.18341064453125,0.091400146484375,0.097808837890625,0.909271240234375,-0.4925537109375,-0.020751953125,1.443939208984375,3.145235776901245
550,0.5300000000000002,-0.0,-0.0,-0.0,-0.0,-0.0,-0.0,-6.480386257171631,-5.411728382110596,-797.0637817382812,-272790.59375,66900.0546875,1485.9462890625,-0.0,-0.0,-0.0,-0.0,-0.0,-0.0,-0.0,-0.0,-0.0,-0.0,-0.0,-0.0,0.0083160400390625,0.01102447509765625,0.01308441162109375,0.01590728759765625,0.01102447509765625,0.015106201171875,0.00873565673828125,0.02338409423828125,0.00812530517578125,0.0140380859375,0.029296875,0.0112152099609375,0.01861572265625,0.01171112060546875,0.00514984130859375,0.029144287109375,0.0958251953125,0.10040283203125,0.100555419921875,0.097503662109375,0.16632080078125,0.093841552734375,0.09185791015625,0.101318359375,0.078125,-0.106048583984375,0.09796142578125,0.10528564453125,0.962982177734375,1.18316650390625,-0.3057861328125,1.66168212890625,14.425956726074219
551,0.5305000000000002,-0.0,-0.0,-0.0,-0.0,-0.0,-0.0,-6.357699871063232,-5.339913368225098,-797.095703125,-272967.125,66858.890625,1443.0877685546875,-0.0,-0.0,-0.0,-0.0,-0.0,-0.0,-0.0,-0.0,-0.0,-0.0,-0.0,-0.0,-0.0075531005859375,-0.003509521484375,-0.00347137451171875,-0.00865936279296875,-0.00423431396484375,-0.00904083251953125,-0.00637054443359375,-0.01041412353515625,-0.00415802001953125,-0.01190185546875,-0.00705718994140625,-0.0038909912109375,-0.02239227294921875,-0.003204345703125,-0.003814697265625,-0.01239776611328125,0.093841552734375,0.105743408203125,0.09552001953125,0.103302001953125,0.1177978515625,0.09979248046875,0.120086669921875,0.111541748046875,0.0970458984375,0.079345703125,0.10009765625,0.101318359375,-0.760650634765625,0.59844970703125,0.380859375,-1.399383544921875,4.974541664123535
552,0.5310000000000002,-0.0,-0.0,-0.0,-0.0,-0.0,-0.0,-5.895735740661621,-5.754300594329834,-798.3224487304688,-273036.78125,66620.3671875,1432.2275390625,-0.0,-0.0,-0.0,-0.0,-0.0,-0.0,-0.0,-0.0,-0.0,-0.0,-0.0,-0.0,-0.006561279296875,-0.00812530517578125,-0.01399993896484375,-0.0153350830078125,-0.01125335693359375,-0.01255035400390625,-0.0093841552734375,-0.02105712890625,-0.0067138671875,-0.0138092041015625,-0.02727508544921875,-0.01129150390625,-0.0238037109375,-0.01018524169921875,-0.005035400390625,-0.02796173095703125,0.09674072265625,0.096435546875,0.0970458984375,0.095367431640625,0.09124755859375,0.09613037109375,0.094451904296875,0.071563720703125,0.085296630859375,0.12786865234375,0.1025390625,0.09307861328125,-0.460052490234375,-1.02630615234375,0.518798828125,-2.08221435546875,-0.5133762359619141
553,0.5315000000000003,-0.0,-0.0,-0.0,-0.0,-0.0,-0.0,-5.953779220581055,-5.518316745758057,-796.8046875,-272795.875,66073.4609375,1493.443603515625,-0.0,-0.0,-0.0,-0.0,-0.0,-0.0,-0.0,-0.0,-0.0,-0.0,-0.0,-0.0,0.00762939453125,0.0031280517578125,0.00576019287109375,0.006561279296875,0.00659942626953125,0.01049041748046875,0.00457763671875,0.0116729736328125,0.00213623046875,0.011444091796875,0.0124359130859375,0.00396728515625,0.02208709716796875,0.00576019287109375,0.0029754638671875,0.0138092041015625,0.098876953125,0.098876953125,0.0982666015625,0.09979248046875,0.084686279296875,0.099639892578125,0.108795166015625,0.13336181640625,0.099639892578125,0.1068115234375,0.09490966796875,0.103302001953125,0.93353271484375,-0.16204833984375,0.0299072265625,1.338653564453125,4.05988883972168
554,0.5320000000000003,-0.0,-0.0,-0.0,-0.0,-0.0,-0.0,-5.577238082885742,-5.1772541999816895,-797.4498901367188,-272522.8125,65624.8984375,1356.4228515625,-0.0,-0.0,-0.0,-0.0,-0.0,-0.0,-0.0,-0.0,-0.0,-0.0,-0.0,-0.0,0.008087158203125,0.01132965087890625,0.01247406005859375,0.01399993896484375,0.01064300537109375,0.014495849609375,0.0115203857421875,0.0232696533203125,0.00823974609375,0.01220703125,0.02986907958984375,0.00850677490234375,0.0226593017578125,0.013885498046875,0.00514984130859375,0.02735137939453125,0.09674072265625,0.08941650390625,0.097503662109375,0.093994140625,0.091705322265625,0.09735107421875,0.07568359375,0.02838134765625,-0.019378662109375,0.1007080078125,0.09063720703125,0.101776123046875,0.906829833984375,1.5960693359375,-0.4559326171875,2.011260986328125,6.498963356018066
555,0.5325000000000002,-0.0,-0.0,-0.0,-0.0,-0.0,-0.0,-5.396056652069092,-5.355448246002197,-793.6859741210938,-272578.9375,65553.2734375,1334.6258544921875,-0.0,-0.0,-0.0,-0.0,-0.0,-0.0,-0.0,-0.0,-0.0,-0.0,-0.0,-0.0,-0.00579833984375,-0.00453948974609375,-0.00331878662109375,-0.0074005126953125,-0.005950927734375,-0.006866455078125,-0.007171630859375,-0.008087158203125,-0.00423431396484375,-0.01068115234375,-0.00843048095703125,-0.00469207763671875,-0.02079010009765625,-0.005035400390625,-0.0005340576171875,-0.01338958740234375,0.09552001953125,0.100555419921875,0.095977783203125,0.101318359375,0.084991455078125,0.10101318359375,0.095672607421875,0.0982666015625,0.135040283203125,0.159454345703125,0.090484619140625,0.103759765625,-0.505828857421875,0.716552734375,0.172119140625,-1.278533935546875,3.755004405975342
556,0.5330000000000003,-0.0,-0.0,-0.0,-0.0,-0.0,-0.0,-5.411622047424316,-5.1771111488342285,-796.151611328125,-272775.21875,65377.76171875,1164.352783203125,-0.0,-0.0,-0.0,-0.0,-0.0,-0.0,-0.0,-0.0,-0.0,-0.0,-0.0,-0.0,-0.0083160400390625,-0.00682830810546875,-0.01155853271484375,-0.0147247314453125,-0.010528564453125,-0.016632080078125,-0.01003265380859375,-0.0226593017578125,-0.005340576171875,-0.0118255615234375,-0.03265380859375,-0.01041412353515625,-0.02201080322265625,-0.00957489013671875,-0.00507354736328125,-0.02513885498046875,0.098724365234375,0.1007080078125,0.097808837890625,0.1007080078125,0.095672607421875,0.099334716796875,0.08392333984375,0.098724365234375,0.020599365234375,0.09918212890625,0.102081298828125,0.0921630859375,-0.52764892578125,-1.646728515625,0.65826416015625,-1.663055419921875,-3.5622196197509766
557,0.5335000000000003,-0.0,-0.0,-0.0,-0.0,-0.0,-0.0,-5.2335100173950195,-5.310470104217529,-796.1268310546875,-272526.15625,65255.63671875,1249.4981689453125,-0.0,-0.0,-0.0,-0.0,-0.0,-0.0,-0.0,-0.0,-0.0,-0.0,-0.0,-0.0,0.007171630859375,0.0016021728515625,0.00621795654296875,0.00751495361328125,0.00553131103515625,0.00881195068359375,0.00598907470703125,0.01018524169921875,0.0051116943359375,0.00804901123046875,0.00965118408203125,0.00152587890625,0.02155303955078125,0.005950927734375,0.00186920166015625,0.0139617919921875,0.09185791015625,0.09918212890625,0.104217529296875,0.100860595703125,0.063018798828125,0.09857177734375,0.10711669921875,0.114593505859375,0.06256103515625,0.092620849609375,0.091400146484375,0.098876953125,0.380706787109375,-0.604248046875,-0.228271484375,1.54083251953125,6.1940789222717285
558,0.5340000000000003,-0.0,-0.0,-0.0,-0.0,-0.0,-0.0,-4.586789131164551,-4.998988628387451,-794.2429809570312,-272532.65625,64600.37109375,1088.7559814453125,-0.0,-0.0,-0.0,-0.0,-0.0,-0.0,-0.0,-0.0,-0.0,-0.0,-0.0,-0.0,0.010528564453125,0.008697509765625,0.01407623291015625,0.01667022705078125,0.011138916015625,0.01293182373046875,0.01102447509765625,0.02498626708984375,0.0070953369140625,0.0124359130859375,0.0292205810546875,0.011138916015625,0.0211334228515625,0.0104522705078125,0.00629425048828125,0.0275421142578125,0.10101318359375,0.100860595703125,0.10101318359375,0.100860595703125,0.05889892578125,0.10040283203125,0.099334716796875,0.102081298828125,0.14801025390625,0.189056396484375,0.10040283203125,0.09552001953125,0.8282470703125,1.453857421875,-0.430908203125,1.827850341796875,9.547806739807129
559,0.5345000000000002,-0.0,-0.0,-0.0,-0.0,-0.0,-0.0,-5.084999084472656,-4.649434566497803,-795.743408203125,-272491.65625,64523.23828125,1167.1749267578125,-0.0,-0.0,-0.0,-0.0,-0.0,-0.0,-0.0,-0.0,-0.0,-0.0,-0.0,-0.0,-0.0057220458984375,-0.00316619873046875,-0.00484466552734375,-0.00576019287109375,-0.0052642822265625,-0.0087738037109375,-0.00476837158203125,-0.01018524169921875,-0.00331878662109375,-0.0116729736328125,-0.0086212158203125,-0.00247955322265625,-0.0193023681640625,-0.00522613525390625,-0.00217437744140625,-0.0109100341796875,0.09857177734375,0.09796142578125,0.100555419921875,0.097198486328125,0.060882568359375,0.104827880859375,0.097198486328125,0.099945068359375,0.09063720703125,0.087890625,0.098114013671875,0.098419189453125,-0.87982177734375,0.635986328125,0.41656494140625,-1.07513427734375,2.5354671478271484
560,0.5350000000000003,-0.0,-0.0,-0.0,-0.0,-0.0,-0.0,-5.57671594619751,-4.962297439575195,-792.8601684570312,-272653.0,64487.22265625,1413.56689453125,-0.0,-0.0,-0.0,-0.0,-0.0,-0.0,-0.0,-0.0,-0.0,-0.0,-0.0,-0.0,-0.00896453857421875,-0.0083160400390625,-0.01190185546875,-0.01399993896484375,-0.010528564453125,-0.0152587890625,-0.01010894775390625,-0.0225830078125,-0.006103515625,-0.01079559326171875,-0.02849578857421875,-0.01125335693359375,-0.02490997314453125,-0.0103759765625,-0.00270843505859375,-0.026397705078125,0.09368896484375,0.096282958984375,0.099945068359375,0.097503662109375,0.174560546875,0.09368896484375,0.086517333984375,0.101165771484375,0.02899169921875,0.11199951171875,0.098724365234375,0.09796142578125,-0.548553466796875,-1.23077392578125,0.32073974609375,-1.8206787109375,-0.5133762359619141
561,0.5355000000000003,-0.0,-0.0,-0.0,-0.0,-0.0,-0.0,-5.352630615234375,-4.538465976715088,-793.099853515625,-272610.65625,64432.12890625,1389.4805908203125,-0.0,-0.0,-0.0,-0.0,-0.0,-0.0,-0.0,-0.0,-0.0,-0.0,-0.0,-0.0,0.0067901611328125,0.00331878662109375,0.0081634521484375,0.00774383544921875,0.00453948974609375,0.0101470947265625,0.00492095947265625,0.0115966796875,0.0040435791015625,0.01194000244140625,0.0112152099609375,0.0037384033203125,0.0194549560546875,0.00370025634765625,0.00362396240234375,0.01209259033203125,0.09674072265625,0.102081298828125,0.0970458984375,0.10101318359375,0.14984130859375,0.097808837890625,0.100860595703125,0.092926025390625,0.113677978515625,0.04638671875,0.095672607421875,0.088958740234375,1.06048583984375,-0.5517578125,-0.16265869140625,1.209259033203125,6.803847789764404
562,0.5360000000000003,-0.0,-0.0,-0.0,-0.0,-0.0,-0.0,-5.6131486892700195,-4.923493385314941,-792.4794311523438,-272340.0,64140.86328125,1522.6484375,-0.0,-0.0,-0.0,-0.0,-0.0,-0.0,-0.0,-0.0,-0.0,-0.0,-0.0,-0.0,0.00858306884765625,0.00736236572265625,0.01171112060546875,0.015106201171875,0.013275146484375,0.015869140625,0.0089263916015625,0.0214385986328125,0.00751495361328125,0.01293182373046875,0.03116607666015625,0.01369476318359375,0.0225830078125,0.01064300537109375,0.0030517578125,0.0283050537109375,0.094146728515625,0.09918212890625,0.088348388671875,0.09674072265625,0.113525390625,0.097808837890625,0.10162353515625,0.10040283203125,0.198516845703125,-0.048675537109375,0.090484619140625,0.095672607421875,0.729522705078125,1.6363525390625,-0.1312255859375,2.00836181640625,-6.001294136047363
563,0.5365000000000002,-0.0,-0.0,-0.0,-0.0,-0.0,-0.0,-5.758799076080322,-5.69026517868042,-792.77734375,-272419.34375,64191.31640625,1477.393798828125,-0.0,-0.0,-0.0,-0.0,-0.0,-0.0,-0.0,-0.0,-0.0,-0.0,-0.0,-0.0,-0.00762939453125,-0.002899169921875,-0.00537872314453125,-0.00682830810546875,-0.004119873046875,-0.0086212158203125,-0.0057220458984375,-0.00957489013671875,-0.0042724609375,-0.0121307373046875,-0.00926971435546875,-0.0022125244140625,-0.01850128173828125,-0.003204345703125,-0.0030517578125,-0.00995635986328125,0.103912353515625,0.102081298828125,0.09429931640625,0.099029541015625,0.10955810546875,0.098419189453125,0.098114013671875,0.106048583984375,0.103759765625,0.105133056640625,0.10955810546875,0.1007080078125,-0.91033935546875,0.58837890625,0.560302734375,-1.041259765625,0.7061610817909241
564,0.5370000000000003,-0.0,-0.0,-0.0,-0.0,-0.0,-0.0,-6.251706600189209,-5.683452129364014,-794.4893188476562,-272430.8125,63896.9609375,1852.43408203125,-0.0,-0.0,-0.0,-0.0,-0.0,-0.0,-0.0,-0.0,-0.0,-0.0,-0.0,-0.0,-0.005950927734375,-0.007171630859375,-0.01178741455078125,-0.01617431640625,-0.01003265380859375,-0.013885498046875,-0.00885009765625,-0.02300262451171875,-0.006866455078125,-0.013427734375,-0.03147125244140625,-0.0104522705078125,-0.02391815185546875,-0.00896453857421875,-0.00453948974609375,-0.02780914306640625,0.097808837890625,0.09429931640625,0.10009765625,0.101165771484375,0.09185791015625,0.098724365234375,0.09185791015625,0.096435546875,0.070343017578125,0.103912353515625,0.0909423828125,0.098114013671875,-0.59417724609375,-1.39739990234375,0.540771484375,-1.851043701171875,1.6208140850067139
565,0.5375000000000003,-0.0,-0.0,-0.0,-0.0,-0.0,-0.0,-6.608471393585205,-5.615215301513672,-794.4638671875,-272803.21875,63997.60546875,1904.5947265625,-0.0,-0.0,-0.0,-0.0,-0.0,-0.0,-0.0,-0.0,-0.0,-0.0,-0.0,-0.0,0.0072479248046875,0.00423431396484375,0.00629425048828125,0.00759124755859375,0.00408172607421875,0.0087738037109375,0.00728607177734375,0.010833740234375,0.0026702880859375,0.0113677978515625,0.00789642333984375,0.00255584716796875,0.01983642578125,0.002899169921875,0.00492095947265625,0.01262664794921875,0.094451904296875,0.101165771484375,0.092315673828125,0.095367431640625,0.080718994140625,0.091705322265625,0.104217529296875,0.099639892578125,0.109100341796875,0.1318359375,0.089111328125,0.080108642578125,0.68145751953125,-0.66070556640625,-0.1336669921875,1.16607666015625,10.157575607299805
566,0.5380000000000003,-0.0,-0.0,-0.0,-0.0,-0.0,-0.0,-7.19191837310791,-5.964916229248047,-793.7575073242188,-273223.34375,64357.0546875,2059.55126953125,-0.0,-0.0,-0.0,-0.0,-0.0,-0.0,-0.0,-0.0,-0.0,-0.0,-0.0,-0.0,0.00732421875,0.0077056884765625,0.01148223876953125,0.01697540283203125,0.012969970703125,0.01483917236328125,0.0109100341796875,0.021209716796875,0.00820159912109375,0.01453399658203125,0.0318145751953125,0.012359619140625,0.0235748291015625,0.01102447509765625,0.005340576171875,0.0272369384765625,0.100250244140625,0.101776123046875,0.093536376953125,0.09735107421875,0.1019287109375,0.101776123046875,0.097198486328125,0.098724365234375,0.014801025390625,0.177459716796875,0.10986328125,0.095672607421875,0.919189453125,1.649169921875,-0.26153564453125,2.1441650390625,7.413616180419922
567,0.5385000000000002,-0.0,-0.0,-0.0,-0.0,-0.0,-0.0,-7.6653547286987305,-5.800219535827637,-796.3139038085938,-273523.78125,64240.76171875,2286.923583984375,-0.0,-0.0,-0.0,-0.0,-0.0,-0.0,-0.0,-0.0,-0.0,-0.0,-0.0,-0.0,-0.00797271728515625,-0.00339508056640625,-0.0070953369140625,-0.00640869140625,-0.0046539306640625,-0.00850677490234375,-0.00698089599609375,-0.00850677490234375,-0.00408172607421875,-0.009002685546875,-0.0063323974609375,-0.0028228759765625,-0.02147674560546875,-0.0048065185546875,-0.00270843505859375,-0.01140594482421875,0.096893310546875,0.102081298828125,0.098419189453125,0.093994140625,0.089111328125,0.099334716796875,0.096435546875,0.09796142578125,-0.031280517578125,0.124969482421875,0.101470947265625,0.089874267578125,-0.329437255859375,0.8013916015625,0.50323486328125,-1.502838134765625,6.1940789222717285
568,0.5390000000000003,-0.0,-0.0,-0.0,-0.0,-0.0,-0.0,-8.303250312805176,-5.915942668914795,-796.4736328125,-274176.0,64044.609375,2595.424560546875,-0.0,-0.0,-0.0,-0.0,-0.0,-0.0,-0.0,-0.0,-0.0,-0.0,-0.0,-0.0,-0.00911712646484375,-0.00812530517578125,-0.01003265380859375,-0.01522064208984375,-0.010528564453125,-0.01506805419921875,-0.0121307373046875,-0.0225830078125,-0.00652313232421875,-0.0102996826171875,-0.0318145751953125,-0.01407623291015625,-0.02368927001953125,-0.01132965087890625,-0.00392913818359375,-0.02658843994140625,0.096282958984375,0.096588134765625,0.090789794921875,0.0958251953125,0.0946044921875,0.0958251953125,0.097503662109375,0.10101318359375,0.264434814453125,0.05615234375,0.11138916015625,0.098876953125,-0.430145263671875,-1.49810791015625,0.3057861328125,-1.92108154296875,-0.5133762359619141
569,0.5395000000000003,-0.0,-0.0,-0.0,-0.0,-0.0,-0.0,-8.323002815246582,-5.951935768127441,-797.3234252929688,-274298.9375,63980.78515625,2606.271484375,-0.0,-0.0,-0.0,-0.0,-0.0,-0.0,-0.0,-0.0,-0.0,-0.0,-0.0,-0.0,0.00568389892578125,0.00431060791015625,0.007476806640625,0.00759124755859375,0.00507354736328125,0.00797271728515625,0.0057220458984375,0.00934600830078125,0.00644683837890625,0.00881195068359375,0.00965118408203125,0.0017547607421875,0.02185821533203125,0.00568389892578125,-0.001220703125,0.01232147216796875,0.102996826171875,0.098114013671875,0.1068115234375,0.098419189453125,0.09429931640625,0.10040283203125,0.093536376953125,0.096282958984375,0.124664306640625,0.084686279296875,0.10009765625,0.109710693359375,0.73699951171875,-0.65277099609375,-0.267333984375,1.548309326171875,3.145235776901245
570,0.5400000000000003,-0.0,-0.0,-0.0,-0.0,-0.0,-0.0,-8.818782806396484,-5.367393493652344,-796.8515014648438,-274078.1875,63724.41796875,2744.444091796875,-0.0,-0.0,-0.0,-0.0,-0.0,-0.0,-0.0,-0.0,-0.0,-0.0,-0.0,-0.0,0.0077056884765625,0.00705718994140625,0.0121307373046875,0.015106201171875,0.0128173828125,0.01537322998046875,0.01033782958984375,0.0222015380859375,0.005950927734375,0.0125885009765625,0.03086090087890625,0.0150299072265625,0.023956298828125,0.010528564453125,0.003662109375,0.02712249755859375,0.100860595703125,0.1055908203125,0.09857177734375,0.0970458984375,0.093231201171875,0.10345458984375,0.0970458984375,0.099639892578125,0.05126953125,0.094451904296875,0.083770751953125,0.0946044921875,1.0308837890625,1.3037109375,-0.14678955078125,2.03582763671875,5.889194965362549
571,0.5405000000000002,-0.0,-0.0,-0.0,-0.0,-0.0,-0.0,-8.93395709991455,-5.073985576629639,-798.539794921875,-274167.96875,63693.296875,3154.11865234375,-0.0,-0.0,-0.0,-0.0,-0.0,-0.0,-0.0,-0.0,-0.0,-0.0,-0.0,-0.0,-0.006866455078125,-0.0032806396484375,-0.00682830810546875,-0.00659942626953125,-0.00492095947265625,-0.01041412353515625,-0.00423431396484375,-0.009918212890625,-0.0029754638671875,-0.01201629638671875,-0.009765625,-0.0048065185546875,-0.02246856689453125,-0.005950927734375,-0.00080108642578125,-0.01216888427734375,0.103302001953125,0.094146728515625,0.09857177734375,0.096435546875,0.100555419921875,0.0946044921875,0.1007080078125,0.1055908203125,0.094451904296875,0.131683349609375,0.10589599609375,0.0970458984375,-0.76507568359375,0.5792236328125,0.159912109375,-1.58721923828125,5.279426097869873
572,0.5410000000000003,-0.0,-0.0,-0.0,-0.0,-0.0,-0.0,-9.30982494354248,-5.175943851470947,-798.8677978515625,-274807.34375,63928.1875,3296.17431640625,-0.0,-0.0,-0.0,-0.0,-0.0,-0.0,-0.0,-0.0,-0.0,-0.0,-0.0,-0.0,-0.007781982421875,-0.00728607177734375,-0.01255035400390625,-0.016326904296875,-0.0103759765625,-0.01438140869140625,-0.0102996826171875,-0.02227783203125,-0.00804901123046875,-0.01399993896484375,-0.032196044921875,-0.01155853271484375,-0.0222015380859375,-0.01262664794921875,-0.00499725341796875,-0.0281524658203125,0.10009765625,0.093841552734375,0.095977783203125,0.095062255859375,0.12420654296875,0.09429931640625,0.0970458984375,0.0933837890625,0.089874267578125,0.073089599609375,0.107879638671875,0.09918212890625,-0.849151611328125,-1.478271484375,0.32958984375,-1.915283203125,1.3159297704696655
573,0.5415000000000003,-0.0,-0.0,-0.0,-0.0,-0.0,-0.0,-10.329492568969727,-4.775221824645996,-800.2557983398438,-274990.0,63680.37890625,3480.555908203125,-0.0,-0.0,-0.0,-0.0,-0.0,-0.0,-0.0,-0.0,-0.0,-0.0,-0.0,-0.0,0.00377655029296875,0.0048065185546875,0.00591278076171875,0.0060272216796875,0.005340576171875,0.009918212890625,0.0063323974609375,0.0098419189453125,0.00354766845703125,0.00926971435546875,0.0127410888671875,0.00385284423828125,0.0214385986328125,0.00705718994140625,0.00087738037109375,0.01277923583984375,0.101470947265625,0.095672607421875,0.097198486328125,0.09857177734375,0.125579833984375,0.10284423828125,0.09490966796875,0.100555419921875,0.0604248046875,0.064239501953125,0.10955810546875,0.10467529296875,0.75103759765625,-0.2587890625,-0.087890625,1.5435791015625,10.157575607299805
574,0.5420000000000003,-0.0,-0.0,-0.0,-0.0,-0.0,-0.0,-10.788229942321777,-4.182892799377441,-800.1822509765625,-275058.96875,63809.46484375,3685.8232421875,-0.0,-0.0,-0.0,-0.0,-0.0,-0.0,-0.0,-0.0,-0.0,-0.0,-0.0,-0.0,0.00957489013671875,0.0075531005859375,0.0121307373046875,0.015869140625,0.01209259033203125,0.016326904296875,0.0095367431640625,0.02361297607421875,0.00675201416015625,0.0135040283203125,0.032806396484375,0.01255035400390625,0.01911163330078125,0.0098419189453125,0.00591278076171875,0.027923583984375,0.095977783203125,0.09979248046875,0.09796142578125,0.09429931640625,0.0970458984375,0.094757080078125,0.0921630859375,0.095367431640625,0.09429931640625,0.14190673828125,0.098114013671875,0.0946044921875,0.78826904296875,1.6748046875,-0.4364013671875,1.7327880859375,6.803847789764404
575,0.5425000000000002,-0.0,-0.0,-0.0,-0.0,-0.0,-0.0,-11.126655578613281,-4.259782314300537,-800.4636840820312,-275087.4375,63195.48046875,4001.416259765625,-0.0,-0.0,-0.0,-0.0,-0.0,-0.0,-0.0,-0.0,-0.0,-0.0,-0.0,-0.0,-0.007781982421875,-0.00080108642578125,-0.00518798828125,-0.00705718994140625,-0.003204345703125,-0.01049041748046875,-0.0052642822265625,-0.0101470947265625,-0.00263214111328125,-0.01220703125,-0.00766754150390625,-0.004730224609375,-0.02460479736328125,-0.00446319580078125,-0.00240325927734375,-0.0107574462890625,0.099334716796875,0.103759765625,0.09796142578125,0.100555419921875,0.101776123046875,0.099029541015625,0.09918212890625,0.09613037109375,-0.0885009765625,0.09063720703125,0.095977783203125,0.08880615234375,-0.83648681640625,0.55816650390625,0.35858154296875,-1.635894775390625,3.145235776901245
576,0.5430000000000003,-0.0,-0.0,-0.0,-0.0,-0.0,-0.0,-11.662221908569336,-3.6138813495635986,-799.3185424804688,-275155.46875,63008.8984375,4109.8095703125,-0.0,-0.0,-0.0,-0.0,-0.0,-0.0,-0.0,-0.0,-0.0,-0.0,-0.0,-0.0,-0.00881195068359375,-0.0090789794921875,-0.01216888427734375,-0.01384735107421875,-0.01129150390625,-0.01552581787109375,-0.0110626220703125,-0.02315521240234375,-0.00637054443359375,-0.01163482666015625,-0.03154754638671875,-0.01461029052734375,-0.0217437744140625,-0.0106048583984375,-0.00354766845703125,-0.0267791748046875,0.09857177734375,0.102081298828125,0.10040283203125,0.100860595703125,0.095977783203125,0.092620849609375,0.10406494140625,0.09490966796875,0.20111083984375,0.0970458984375,0.09857177734375,0.09002685546875,-0.751495361328125,-1.519775390625,0.4150390625,-1.584014892578125,-1.4280292987823486
577,0.5435000000000003,-0.0,-0.0,-0.0,-0.0,-0.0,-0.0,-12.019331932067871,-3.433971881866455,-799.9525146484375,-274537.65625,62941.61328125,4380.57470703125,-0.0,-0.0,-0.0,-0.0,-0.0,-0.0,-0.0,-0.0,-0.0,-0.0,-0.0,-0.0,0.00850677490234375,0.00423431396484375,0.0048065185546875,0.00762939453125,0.00560760498046875,0.01163482666015625,0.00885009765625,0.00942230224609375,0.00518798828125,0.0157928466796875,0.008392333984375,0.00446319580078125,0.02597808837890625,0.00568389892578125,0.0037384033203125,0.01148223876953125,0.098419189453125,0.102386474609375,0.09979248046875,0.097808837890625,0.096435546875,0.101165771484375,0.105743408203125,0.098114013671875,0.12542724609375,0.096588134765625,0.094146728515625,0.101318359375,1.472930908203125,-0.62286376953125,-0.0335693359375,1.877593994140625,3.145235776901245
578,0.5440000000000003,-0.0,-0.0,-0.0,-0.0,-0.0,-0.0,-11.989874839782715,-3.1195640563964844,-801.365234375,-274830.40625,62748.1640625,4433.52197265625,-0.0,-0.0,-0.0,-0.0,-0.0,-0.0,-0.0,-0.0,-0.0,-0.0,-0.0,-0.0,0.0084686279296875,0.00885009765625,0.01422882080078125,0.015869140625,0.009307861328125,0.01708984375,0.01033782958984375,0.02490997314453125,0.00644683837890625,0.01209259033203125,0.02899169921875,0.0104522705078125,0.02346038818359375,0.01186370849609375,0.00453948974609375,0.02643585205078125,0.10284423828125,0.099639892578125,0.097503662109375,0.093231201171875,0.09521484375,0.10040283203125,0.103607177734375,0.095977783203125,0.147705078125,0.1190185546875,0.099639892578125,0.09490966796875,1.050567626953125,1.24542236328125,-0.41229248046875,1.912384033203125,5.584310531616211
579,0.5445000000000002,-0.0,-0.0,-0.0,-0.0,-0.0,-0.0,-12.40613842010498,-3.2086944580078125,-800.965576171875,-274501.0,62554.76171875,4792.306640625,-0.0,-0.0,-0.0,-0.0,-0.0,-0.0,-0.0,-0.0,-0.0,-0.0,-0.0,-0.0,-0.0072479248046875,-0.00125885009765625,-0.00514984130859375,-0.00701904296875,-0.00522613525390625,-0.00949859619140625,-0.00843048095703125,-0.01010894775390625,-0.00499725341796875,-0.013427734375,-0.00621795654296875,-0.00637054443359375,-0.02239227294921875,-0.00499725341796875,-0.00152587890625,-0.01186370849609375,0.0958251953125,0.09307861328125,0.096282958984375,0.09765625,0.059356689453125,0.0921630859375,0.098876953125,0.098114013671875,-0.02532958984375,0.086669921875,0.085906982421875,0.089874267578125,-0.914764404296875,0.6292724609375,0.3045654296875,-1.4056396484375,7.108732223510742
580,0.5450000000000003,-0.0,-0.0,-0.0,-0.0,-0.0,-0.0,-12.947126388549805,-2.7456541061401367,-800.3746948242188,-275094.90625,62412.5859375,4937.17626953125,-0.0,-0.0,-0.0,-0.0,-0.0,-0.0,-0.0,-0.0,-0.0,-0.0,-0.0,-0.0,-0.009765625,-0.0080108642578125,-0.01129150390625,-0.014495849609375,-0.0098419189453125,-0.0154876708984375,-0.0102996826171875,-0.0238800048828125,-0.0078582763671875,-0.01163482666015625,-0.02544403076171875,-0.01033782958984375,-0.025177001953125,-0.00919342041015625,-0.00244140625,-0.02788543701171875,0.105438232421875,0.0994873046875,0.096588134765625,0.10040283203125,0.145111083984375,0.102996826171875,0.0970458984375,0.101470947265625,0.0897216796875,0.186767578125,0.102996826171875,0.108184814453125,-0.71533203125,-1.05316162109375,0.7562255859375,-1.785736083984375,-2.0377979278564453
581,0.5455000000000003,-0.0,-0.0,-0.0,-0.0,-0.0,-0.0,-13.364404678344727,-2.691068649291992,-800.772216796875,-274858.84375,62200.4921875,5215.58642578125,-0.0,-0.0,-0.0,-0.0,-0.0,-0.0,-0.0,-0.0,-0.0,-0.0,-0.0,-0.0,0.00823974609375,0.003814697265625,0.00576019287109375,0.0081634521484375,0.003814697265625,0.00988006591796875,0.00751495361328125,0.0103759765625,0.00453948974609375,0.01220703125,0.0091552734375,0.004425048828125,0.0223541259765625,0.0051116943359375,0.0022125244140625,0.01239776611328125,0.0958251953125,0.09613037109375,0.10009765625,0.101470947265625,0.11383056640625,0.099334716796875,0.09307861328125,0.10101318359375,0.194091796875,0.08575439453125,0.101776123046875,0.102691650390625,1.016693115234375,-0.51727294921875,-0.18218994140625,1.61529541015625,1.9256983995437622
582,0.5460000000000003,-0.0,-0.0,-0.0,-0.0,-0.0,-0.0,-13.755389213562012,-3.0134778022766113,-799.7337646484375,-275033.125,62011.4453125,5414.44189453125,-0.0,-0.0,-0.0,-0.0,-0.0,-0.0,-0.0,-0.0,-0.0,-0.0,-0.0,-0.0,0.00843048095703125,0.00843048095703125,0.0130462646484375,0.01689910888671875,0.0113677978515625,0.0144195556640625,0.00919342041015625,0.0244903564453125,0.00820159912109375,0.01338958740234375,0.02849578857421875,0.00885009765625,0.02132415771484375,0.011138916015625,0.004425048828125,0.0270843505859375,0.09796142578125,0.09674072265625,0.09552001953125,0.09796142578125,0.070037841796875,0.094757080078125,0.09246826171875,0.099639892578125,0.100860595703125,0.1336669921875,0.094146728515625,0.095977783203125,0.899200439453125,1.34735107421875,-0.29632568359375,1.5753173828125,4.669657230377197
583,0.5465000000000002,-0.0,-0.0,-0.0,-0.0,-0.0,-0.0,-13.403895378112793,-2.9301538467407227,-800.703125,-275016.9375,61767.83984375,5617.2314453125,-0.0,-0.0,-0.0,-0.0,-0.0,-0.0,-0.0,-0.0,-0.0,-0.0,-0.0,-0.0,-0.00492095947265625,-0.00392913818359375,-0.0061798095703125,-0.00514984130859375,-0.00537872314453125,-0.007476806640625,-0.00720977783203125,-0.01087188720703125,-0.00331878662109375,-0.010833740234375,-0.0113677978515625,-0.0041961669921875,-0.02292633056640625,-0.00469207763671875,-0.00110626220703125,-0.01316070556640625,0.101165771484375,0.101776123046875,0.10223388671875,0.09918212890625,0.1336669921875,0.09521484375,0.1080322265625,0.10650634765625,0.08087158203125,0.093841552734375,0.095367431640625,0.082855224609375,-0.706329345703125,0.537109375,0.41412353515625,-1.554107666015625,5.584310531616211
584,0.5470000000000003,-0.0,-0.0,-0.0,-0.0,-0.0,-0.0,-13.816620826721191,-2.8466737270355225,-798.2084350585938,-274473.5,61414.2265625,5643.01318359375,-0.0,-0.0,-0.0,-0.0,-0.0,-0.0,-0.0,-0.0,-0.0,-0.0,-0.0,-0.0,-0.0093841552734375,-0.0084686279296875,-0.011749267578125,-0.01522064208984375,-0.0099945068359375,-0.0150299072265625,-0.00934600830078125,-0.0244903564453125,-0.0057220458984375,-0.0127410888671875,-0.03154754638671875,-0.011749267578125,-0.02071380615234375,-0.00946044921875,-0.00522613525390625,-0.0266265869140625,0.0994873046875,0.0958251953125,0.094146728515625,0.09124755859375,0.1007080078125,0.10009765625,0.095062255859375,0.103302001953125,0.085601806640625,0.111236572265625,0.101165771484375,0.092315673828125,-0.84259033203125,-1.4532470703125,0.63873291015625,-1.36993408203125,-2.0377979278564453
585,0.5475000000000003,-0.0,-0.0,-0.0,-0.0,-0.0,-0.0,-13.297802925109863,-3.2032625675201416,-800.6159057617188,-274089.875,61211.08984375,5446.83251953125,-0.0,-0.0,-0.0,-0.0,-0.0,-0.0,-0.0,-0.0,-0.0,-0.0,-0.0,-0.0,0.00537872314453125,0.0054931640625,0.00446319580078125,0.00720977783203125,0.00522613525390625,0.00885009765625,0.00621795654296875,0.01068115234375,0.00213623046875,0.01071929931640625,0.0095367431640625,0.00049591064453125,0.02285003662109375,0.0054168701171875,0.00232696533203125,0.01194000244140625,0.092315673828125,0.103912353515625,0.1007080078125,0.1068115234375,0.103912353515625,0.1025390625,0.11474609375,0.136566162109375,0.099029541015625,0.095977783203125,0.09429931640625,0.096282958984375,0.5419921875,-0.77178955078125,-0.33966064453125,1.53564453125,3.450119972229004
586,0.5480000000000003,-0.0,-0.0,-0.0,-0.0,-0.0,-0.0,-12.683971405029297,-3.632927656173706,-799.6630249023438,-274344.46875,60889.51953125,5556.16552734375,-0.0,-0.0,-0.0,-0.0,-0.0,-0.0,-0.0,-0.0,-0.0,-0.0,-0.0,-0.0,0.00850677490234375,0.00759124755859375,0.0125885009765625,0.01438140869140625,0.0116729736328125,0.016937255859375,0.0084686279296875,0.0218963623046875,0.0074005126953125,0.01354217529296875,0.03055572509765625,0.01140594482421875,0.0201416015625,0.0095367431640625,0.0049591064453125,0.0289154052734375,0.10284423828125,0.09246826171875,0.095672607421875,0.09307861328125,0.07965087890625,0.1019287109375,0.0665283203125,0.048370361328125,0.08270263671875,0.103912353515625,0.093841552734375,0.11199951171875,0.8111572265625,1.361083984375,-0.36834716796875,1.774749755859375,7.108732223510742
587,0.5485000000000002,-0.0,-0.0,-0.0,-0.0,-0.0,-0.0,-12.835728645324707,-3.334839105606079,-798.7463989257812,-274394.0625,60592.58203125,5556.44677734375,-0.0,-0.0,-0.0,-0.0,-0.0,-0.0,-0.0,-0.0,-0.0,-0.0,-0.0,-0.0,-0.006866455078125,-0.004730224609375,-0.00263214111328125,-0.0063323974609375,-0.00530242919921875,-0.00698089599609375,-0.00858306884765625,-0.00820159912109375,-0.00370025634765625,-0.01220703125,-0.0095367431640625,-0.0008392333984375,-0.02536773681640625,-0.00514984130859375,0.00030517578125,-0.0130462646484375,0.0994873046875,0.102386474609375,0.09765625,0.103912353515625,0.116119384765625,0.1019287109375,0.1141357421875,0.099945068359375,0.0433349609375,0.001373291015625,0.1031494140625,0.095672607421875,-0.62957763671875,0.777587890625,0.60943603515625,-1.52435302734375,1.9256983995437622
588,0.5490000000000003,-0.0,-0.0,-0.0,-0.0,-0.0,-0.0,-12.74666976928711,-3.9900200366973877,-797.8541259765625,-274585.71875,60462.078125,5578.29345703125,-0.0,-0.0,-0.0,-0.0,-0.0,-0.0,-0.0,-0.0,-0.0,-0.0,-0.0,-0.0,-0.009613037109375,-0.010528564453125,-0.01209259033203125,-0.0147247314453125,-0.01148223876953125,-0.01434326171875,-0.01178741455078125,-0.02399444580078125,-0.0083160400390625,-0.010833740234375,-0.0292205810546875,-0.01399993896484375,-0.0237274169921875,-0.01140594482421875,-0.00431060791015625,-0.0257110595703125,0.09521484375,0.1025390625,0.0970458984375,0.103302001953125,0.10589599609375,0.09857177734375,0.1025390625,0.095062255859375,0.03387451171875,0.0701904296875,0.105438232421875,0.105438232421875,-0.43792724609375,-1.2786865234375,0.39154052734375,-1.76666259765625,-11.489212036132812
589,0.5495000000000003,-0.0,-0.0,-0.0,-0.0,-0.0,-0.0,-13.067689895629883,-3.6902899742126465,-799.5586547851562,-273980.40625,60105.234375,5361.6328125,-0.0,-0.0,-0.0,-0.0,-0.0,-0.0,-0.0,-0.0,-0.0,-0.0,-0.0,-0.0,0.00812530517578125,0.00270843505859375,0.005340576171875,0.00701904296875,0.00583648681640625,0.0112152099609375,0.00682830810546875,0.00946044921875,0.00514984130859375,0.0133514404296875,0.012054443359375,0.000152587890625,0.02231597900390625,0.00530242919921875,0.0028228759765625,0.0113677978515625,0.09796142578125,0.098724365234375,0.0933837890625,0.09918212890625,0.100555419921875,0.10101318359375,0.09765625,0.097198486328125,0.21636962890625,0.091552734375,0.099639892578125,0.10101318359375,1.26068115234375,-0.33172607421875,-0.4937744140625,1.47430419921875,1.0110454559326172
590,0.5500000000000003,-0.0,-0.0,-0.0,-0.0,-0.0,-0.0,-11.508155822753906,-4.861629962921143,-796.1077880859375,-274471.6875,60114.79296875,5489.73486328125,-0.0,-0.0,-0.0,-0.0,-0.0,-0.0,-0.0,-0.0,-0.0,-0.0,-0.0,-0.0,0.00885009765625,0.006103515625,0.01277923583984375,0.0162506103515625,0.01338958740234375,0.01583099365234375,0.0090789794921875,0.0231170654296875,0.008392333984375,0.0141143798828125,0.03002166748046875,0.01186370849609375,0.02262115478515625,0.009765625,0.00629425048828125,0.028076171875,0.097198486328125,0.098419189453125,0.095367431640625,0.100250244140625,0.09063720703125,0.10009765625,0.10284423828125,0.132293701171875,0.09918212890625,0.13702392578125,0.0982666015625,0.094146728515625,0.805816650390625,1.434326171875,-0.308837890625,1.85943603515625,7.71850061416626
591,0.5505000000000002,-0.0,-0.0,-0.0,-0.0,-0.0,-0.0,-11.518145561218262,-3.951680898666382,-799.4609375,-274612.53125,59849.2734375,5375.2490234375,-0.0,-0.0,-0.0,-0.0,-0.0,-0.0,-0.0,-0.0,-0.0,-0.0,-0.0,-0.0,-0.006561279296875,-0.0031280517578125,-0.00530242919921875,-0.007781982421875,-0.0049591064453125,-0.00732421875,-0.007171630859375,-0.01018524169921875,-0.00335693359375,-0.01399993896484375,-0.01079559326171875,-0.00202178955078125,-0.02170562744140625,-0.0031280517578125,-0.00255584716796875,-0.01155853271484375,0.098114013671875,0.098724365234375,0.0927734375,0.081329345703125,0.091552734375,0.0994873046875,0.087738037109375,0.098114013671875,0.219573974609375,0.073699951171875,0.087890625,0.097503662109375,-0.933837890625,0.457763671875,0.69305419921875,-1.290130615234375,5.279426097869873
592,0.5510000000000003,-0.0,-0.0,-0.0,-0.0,-0.0,-0.0,-11.166097640991211,-5.026273727416992,-800.6199340820312,-274272.875,59556.890625,5283.39697265625,-0.0,-0.0,-0.0,-0.0,-0.0,-0.0,-0.0,-0.0,-0.0,-0.0,-0.0,-0.0,-0.00934600830078125,-0.0087738037109375,-0.0122833251953125,-0.01506805419921875,-0.01010894775390625,-0.01483917236328125,-0.01079559326171875,-0.02422332763671875,-0.00659942626953125,-0.0142669677734375,-0.03154754638671875,-0.01247406005859375,-0.02468109130859375,-0.0124359130859375,-0.00362396240234375,-0.02666473388671875,0.091552734375,0.089263916015625,0.09857177734375,0.104217529296875,0.09674072265625,0.10223388671875,0.1129150390625,0.106201171875,0.07354736328125,0.12725830078125,0.098114013671875,0.098419189453125,-0.96160888671875,-1.43157958984375,0.38055419921875,-1.917572021484375,1.3159297704696655
593,0.5515000000000003,-0.0,-0.0,-0.0,-0.0,-0.0,-0.0,-10.873977661132812,-5.080432891845703,-800.9544677734375,-274224.65625,59463.140625,5000.5302734375,-0.0,-0.0,-0.0,-0.0,-0.0,-0.0,-0.0,-0.0,-0.0,-0.0,-0.0,-0.0,0.00583648681640625,0.0043487548828125,0.00682830810546875,0.00690460205078125,0.0048828125,0.00881195068359375,0.00698089599609375,0.01026153564453125,0.00415802001953125,0.01178741455078125,0.00965118408203125,0.002288818359375,0.02231597900390625,0.004730224609375,0.00316619873046875,0.0116729736328125,0.10345458984375,0.099945068359375,0.09735107421875,0.0982666015625,0.089111328125,0.1019287109375,0.090789794921875,0.089111328125,0.144500732421875,0.09521484375,0.10284423828125,0.10284423828125,0.97625732421875,-0.73486328125,-0.43792724609375,1.62750244140625,2.5354671478271484
594,0.5520000000000003,-0.0,-0.0,-0.0,-0.0,-0.0,-0.0,-10.353194236755371,-4.906942367553711,-799.971435546875,-273851.5625,59418.31640625,4998.9482421875,-0.0,-0.0,-0.0,-0.0,-0.0,-0.0,-0.0,-0.0,-0.0,-0.0,-0.0,-0.0,0.0087738037109375,0.00850677490234375,0.01255035400390625,0.0160980224609375,0.01262664794921875,0.01476287841796875,0.00904083251953125,0.02262115478515625,0.00789642333984375,0.00965118408203125,0.03307342529296875,0.01483917236328125,0.0226593017578125,0.0103759765625,0.00392913818359375,0.02941131591796875,0.09796142578125,0.103759765625,0.10223388671875,0.1019287109375,0.1080322265625,0.098419189453125,0.116729736328125,0.108642578125,0.067138671875,0.047454833984375,0.0909423828125,0.104827880859375,0.53863525390625,1.468505859375,-0.2362060546875,1.92047119140625,6.498963356018066
595,0.5525000000000002,-0.0,-0.0,-0.0,-0.0,-0.0,-0.0,-9.658230781555176,-4.357999801635742,-798.5211791992188,-274010.75,58940.77734375,4745.2861328125,-0.0,-0.0,-0.0,-0.0,-0.0,-0.0,-0.0,-0.0,-0.0,-0.0,-0.0,-0.0,-0.007476806640625,-0.00453948974609375,-0.0052642822265625,-0.00522613525390625,-0.00621795654296875,-0.0078582763671875,-0.00743865966796875,-0.0106048583984375,-0.0006103515625,-0.0115203857421875,-0.00926971435546875,-0.00225067138671875,-0.0235748291015625,-0.0054931640625,-0.0009918212890625,-0.013275146484375,0.0885009765625,0.09246826171875,0.100250244140625,0.09857177734375,0.097808837890625,0.09735107421875,0.08941650390625,0.104217529296875,-0.012664794921875,0.081024169921875,0.0946044921875,0.089874267578125,-0.674285888671875,0.7958984375,0.39093017578125,-1.60125732421875,5.584310531616211
596,0.5530000000000003,-0.0,-0.0,-0.0,-0.0,-0.0,-0.0,-9.174786567687988,-4.723911285400391,-798.9664306640625,-273911.21875,58681.35546875,4595.4892578125,-0.0,-0.0,-0.0,-0.0,-0.0,-0.0,-0.0,-0.0,-0.0,-0.0,-0.0,-0.0,-0.0090789794921875,-0.00881195068359375,-0.0103759765625,-0.01560211181640625,-0.01110076904296875,-0.01483917236328125,-0.01003265380859375,-0.0235748291015625,-0.00690460205078125,-0.0122833251953125,-0.0328826904296875,-0.01373291015625,-0.02246856689453125,-0.00934600830078125,-0.0030517578125,-0.0293731689453125,0.104217529296875,0.100860595703125,0.102996826171875,0.094757080078125,0.09979248046875,0.1007080078125,0.093231201171875,0.094146728515625,0.14129638671875,0.13275146484375,0.090789794921875,0.099945068359375,-0.94024658203125,-1.2298583984375,0.396728515625,-1.862030029296875,-4.78175687789917
597,0.5535000000000003,-0.0,-0.0,-0.0,-0.0,-0.0,-0.0,-8.978379249572754,-4.65298318862915,-799.318359375,-273578.1875,58296.15234375,4584.94482421875,-0.0,-0.0,-0.0,-0.0,-0.0,-0.0,-0.0,-0.0,-0.0,-0.0,-0.0,-0.0,0.00591278076171875,0.00518798828125,0.00461578369140625,0.00804901123046875,0.00446319580078125,0.00835418701171875,0.0077056884765625,0.01003265380859375,0.00293731689453125,0.0125885009765625,0.01140594482421875,0.00156402587890625,0.02506256103515625,0.0046539306640625,0.0011444091796875,0.0118255615234375,0.101470947265625,0.09796142578125,0.096435546875,0.110626220703125,0.1043701171875,0.096588134765625,0.11383056640625,0.105743408203125,0.14739990234375,0.07598876953125,0.093536376953125,0.10101318359375,0.86151123046875,-0.47210693359375,-0.23834228515625,1.74774169921875,1.9256983995437622
598,0.5540000000000003,-0.0,-0.0,-0.0,-0.0,-0.0,-0.0,-8.626494407653809,-4.211546421051025,-799.6348876953125,-273522.96875,58019.54296875,4351.34814453125,-0.0,-0.0,-0.0,-0.0,-0.0,-0.0,-0.0,-0.0,-0.0,-0.0,-0.0,-0.0,0.00789642333984375,0.0074005126953125,0.01285552978515625,0.0164031982421875,0.01209259033203125,0.01560211181640625,0.00942230224609375,0.02422332763671875,0.007476806640625,0.01461029052734375,0.029144287109375,0.01155853271484375,0.025482177734375,0.0093841552734375,0.00637054443359375,0.029449462890625,0.0946044921875,0.103759765625,0.101470947265625,0.104827880859375,0.10711669921875,0.10162353515625,0.103607177734375,0.088043212890625,0.044097900390625,0.146636962890625,0.099945068359375,0.09674072265625,1.0418701171875,1.41815185546875,-0.23162841796875,2.201690673828125,7.108732223510742
599,0.5545000000000002,-0.0,-0.0,-0.0,-0.0,-0.0,-0.0,-8.050996780395508,-4.6347808837890625,-799.6517333984375,-273350.15625,57923.7265625,4263.20947265625,-0.0,-0.0,-0.0,-0.0,-0.0,-0.0,-0.0,-0.0,-0.0,-0.0,-0.0,-0.0,-0.008087158203125,-0.00362396240234375,-0.0048828125,-0.00732421875,-0.00598907470703125,-0.00965118408203125,-0.00946044921875,-0.00804901123046875,-0.00377655029296875,-0.01232147216796875,-0.00934600830078125,-0.00164031982421875,-0.0255584716796875,-0.00507354736328125,-0.00293731689453125,-0.0124359130859375,0.09124755859375,0.0958251953125,0.09368896484375,0.091705322265625,0.0909423828125,0.0994873046875,0.0836181640625,0.043487548828125,-0.178985595703125,-0.03326416015625,0.1025390625,0.091552734375,-0.91522216796875,0.6451416015625,0.4010009765625,-1.632232666015625,4.669657230377197
600,0.5550000000000003,-0.0,-0.0,-0.0,-0.0,-0.0,-0.0,-7.604567527770996,-4.952323913574219,-799.0303344726562,-272859.75,57887.67578125,4009.68359375,-0.0,-0.0,-0.0,-0.0,-0.0,-0.0,-0.0,-0.0,-0.0,-0.0,-0.0,-0.0,-0.0093841552734375,-0.00865936279296875,-0.0119781494140625,-0.01453399658203125,-0.01049041748046875,-0.0144195556640625,-0.0109100341796875,-0.02315521240234375,-0.00537872314453125,-0.01190185546875,-0.0328826904296875,-0.01506805419921875,-0.02346038818359375,-0.008392333984375,-0.0040435791015625,-0.0270843505859375,0.09124755859375,0.0970458984375,0.09185791015625,0.0970458984375,0.105133056640625,0.0946044921875,0.0927734375,0.097808837890625,0.318603515625,0.084991455078125,0.104827880859375,0.09979248046875,-0.760040283203125,-1.43096923828125,0.41351318359375,-1.787872314453125,-8.74525260925293
601,0.5555000000000003,-0.0,-0.0,-0.0,-0.0,-0.0,-0.0,-7.128305435180664,-3.9345288276672363,-800.893798828125,-272197.6875,57219.21484375,3827.8583984375,-0.0,-0.0,-0.0,-0.0,-0.0,-0.0,-0.0,-0.0,-0.0,-0.0,-0.0,-0.0,0.0083160400390625,0.00255584716796875,0.00644683837890625,0.00682830810546875,0.00514984130859375,0.0083160400390625,0.0095367431640625,0.00885009765625,0.0037384033203125,0.01239776611328125,0.01056671142578125,0.0032806396484375,0.02655029296875,0.00469207763671875,0.00331878662109375,0.0125885009765625,0.102691650390625,0.100250244140625,0.101318359375,0.09674072265625,0.10040283203125,0.09735107421875,0.08758544921875,0.098419189453125,0.142822265625,0.1092529296875,0.096588134765625,0.09307861328125,0.882720947265625,-0.35675048828125,-0.26580810546875,1.79168701171875,2.8403513431549072
602,0.5560000000000003,-0.0,-0.0,-0.0,-0.0,-0.0,-0.0,-6.848258018493652,-3.0513663291931152,-799.9857177734375,-272050.0625,57047.1640625,3756.312255859375,-0.0,-0.0,-0.0,-0.0,-0.0,-0.0,-0.0,-0.0,-0.0,-0.0,-0.0,-0.0,0.0087738037109375,0.0075531005859375,0.01392364501953125,0.01644134521484375,0.0107574462890625,0.01407623291015625,0.0101470947265625,0.0247955322265625,0.007171630859375,0.011444091796875,0.03173828125,0.01262664794921875,0.0225830078125,0.01018524169921875,0.00522613525390625,0.02605438232421875,0.10650634765625,0.1025390625,0.100555419921875,0.102996826171875,0.09246826171875,0.092010498046875,0.088958740234375,0.099945068359375,0.0830078125,0.097198486328125,0.1055908203125,0.09246826171875,0.7403564453125,1.78802490234375,-0.2825927734375,1.807098388671875,3.145235776901245
603,0.5565000000000002,-0.0,-0.0,-0.0,-0.0,-0.0,-0.0,-6.443771839141846,-2.4750545024871826,-800.7242431640625,-271599.4375,56999.10546875,3330.4599609375,-0.0,-0.0,-0.0,-0.0,-0.0,-0.0,-0.0,-0.0,-0.0,-0.0,-0.0,-0.0,-0.00865936279296875,-0.00308990478515625,-0.00720977783203125,-0.005340576171875,-0.0058746337890625,-0.009613037109375,-0.0057220458984375,-0.01171112060546875,-0.00202178955078125,-0.01739501953125,-0.0098419189453125,-0.0023651123046875,-0.02544403076171875,-0.00545501708984375,-0.0016021728515625,-0.0106048583984375,0.10467529296875,0.1025390625,0.10101318359375,0.101470947265625,0.081939697265625,0.0958251953125,0.103912353515625,0.104522705078125,0.077667236328125,0.095367431640625,0.1007080078125,0.09674072265625,-1.3262939453125,0.5242919921875,0.46600341796875,-1.75384521484375,11.377113342285156
604,0.5570000000000003,-0.0,-0.0,-0.0,-0.0,-0.0,-0.0,-6.398873329162598,-1.5192604064941406,-798.9891967773438,-271121.75,56321.03515625,3333.928466796875,-0.0,-0.0,-0.0,-0.0,-0.0,-0.0,-0.0,-0.0,-0.0,-0.0,-0.0,-0.0,-0.00865936279296875,-0.00858306884765625,-0.0106048583984375,-0.0140380859375,-0.01163482666015625,-0.016326904296875,-0.01064300537109375,-0.02117156982421875,-0.00713348388671875,-0.0115966796875,-0.02910614013671875,-0.012969970703125,-0.0225067138671875,-0.0090789794921875,-0.00530242919921875,-0.029296875,0.091400146484375,0.095062255859375,0.097808837890625,0.092926025390625,0.094451904296875,0.097808837890625,0.102081298828125,0.115509033203125,0.063934326171875,0.1336669921875,0.088043212890625,0.09765625,-0.5474853515625,-1.300048828125,0.494384765625,-2.00927734375,0.09639240801334381
605,0.5575000000000003,-0.0,-0.0,-0.0,-0.0,-0.0,-0.0,-6.302186965942383,-0.7051105499267578,-799.6622314453125,-270354.5,56319.27734375,3048.656494140625,-0.0,-0.0,-0.0,-0.0,-0.0,-0.0,-0.0,-0.0,-0.0,-0.0,-0.0,-0.0,0.006561279296875,0.0041961669921875,0.00579833984375,0.00667572021484375,0.0052642822265625,0.0063323974609375,0.00743865966796875,0.01094818115234375,0.002593994140625,0.01251220703125,0.0096893310546875,0.001373291015625,0.03116607666015625,0.00423431396484375,0.00232696533203125,0.0124359130859375,0.10101318359375,0.1019287109375,0.097808837890625,0.099029541015625,0.115814208984375,0.096893310546875,0.093841552734375,0.08575439453125,-0.108642578125,0.13275146484375,0.102081298828125,0.092315673828125,0.868377685546875,-0.4180908203125,-0.1611328125,2.0635986328125,3.145235776901245
606,0.5580000000000003,-0.0,-0.0,-0.0,-0.0,-0.0,-0.0,-5.247808933258057,-0.1548653542995453,-798.5861206054688,-269908.625,56262.453125,2924.084228515625,-0.0,-0.0,-0.0,-0.0,-0.0,-0.0,-0.0,-0.0,-0.0,-0.0,-0.0,-0.0,0.01087188720703125,0.00720977783203125,0.01262664794921875,0.0146484375,0.0122833251953125,0.01697540283203125,0.009002685546875,0.02376556396484375,0.00553131103515625,0.0145721435546875,0.03116607666015625,0.01331329345703125,0.02140045166015625,0.007781982421875,0.0045013427734375,0.02948760986328125,0.09307861328125,0.093231201171875,0.091400146484375,0.09552001953125,0.09124755859375,0.10284423828125,0.09979248046875,0.100250244140625,0.225982666015625,0.04730224609375,0.105743408203125,0.097198486328125,1.019744873046875,1.41632080078125,-0.09918212890625,1.67236328125,7.108732223510742
607,0.5585000000000002,-0.0,-0.0,-0.0,-0.0,-0.0,-0.0,-4.980486869812012,1.0580987930297852,-798.570068359375,-268982.90625,55812.2578125,2861.528564453125,-0.0,-0.0,-0.0,-0.0,-0.0,-0.0,-0.0,-0.0,-0.0,-0.0,-0.0,-0.0,-0.0052642822265625,-0.00354766845703125,-0.00614166259765625,-0.0057220458984375,-0.0042724609375,-0.00823974609375,-0.00316619873046875,-0.0087738037109375,-0.00308990478515625,-0.012664794921875,-0.0104522705078125,-0.00518798828125,-0.0238037109375,-0.00423431396484375,-0.0029754638671875,-0.00995635986328125,0.091400146484375,0.104522705078125,0.0982666015625,0.1025390625,0.09033203125,0.09674072265625,0.090484619140625,0.1007080078125,0.17242431640625,0.1556396484375,0.101776123046875,0.10009765625,-0.5572509765625,0.3399658203125,0.2685546875,-1.573333740234375,3.145235776901245
608,0.5590000000000003,-0.0,-0.0,-0.0,-0.0,-0.0,-0.0,-4.557235240936279,1.4523106813430786,-798.7891235351562,-268460.90625,55552.7265625,2543.895751953125,-0.0,-0.0,-0.0,-0.0,-0.0,-0.0,-0.0,-0.0,-0.0,-0.0,-0.0,-0.0,-0.00797271728515625,-0.00904083251953125,-0.01216888427734375,-0.01567840576171875,-0.010223388671875,-0.01445770263671875,-0.0112152099609375,-0.02330780029296875,-0.00621795654296875,-0.01194000244140625,-0.0283050537109375,-0.012969970703125,-0.02307891845703125,-0.01125335693359375,-0.0014495849609375,-0.02758026123046875,0.103759765625,0.101318359375,0.103302001953125,0.09307861328125,0.104827880859375,0.097808837890625,0.10589599609375,0.10955810546875,0.11016845703125,0.0762939453125,0.104522705078125,0.10406494140625,-0.619964599609375,-1.2774658203125,0.5108642578125,-1.606903076171875,-2.342682361602783
609,0.5595000000000003,-0.0,-0.0,-0.0,-0.0,-0.0,-0.0,-4.181845664978027,2.941303253173828,-796.3624267578125,-267347.71875,55668.37109375,2231.84716796875,-0.0,-0.0,-0.0,-0.0,-0.0,-0.0,-0.0,-0.0,-0.0,-0.0,-0.0,-0.0,0.0067901611328125,0.0043487548828125,0.00644683837890625,0.00659942626953125,0.00667572021484375,0.00762939453125,0.0057220458984375,0.00972747802734375,0.00339508056640625,0.01232147216796875,0.01285552978515625,0.0029754638671875,0.02384185791015625,0.00553131103515625,0.00041961669921875,0.0112152099609375,0.099639892578125,0.095672607421875,0.09552001953125,0.1025390625,0.104522705078125,0.095977783203125,0.096282958984375,0.074615478515625,0.077667236328125,0.09521484375,0.089874267578125,0.10711669921875,1.0845947265625,-0.164794921875,-0.13580322265625,1.558380126953125,3.755004405975342
610,0.5600000000000003,-0.0,-0.0,-0.0,-0.0,-0.0,-0.0,-3.8144190311431885,3.6579487323760986,-795.3041381835938,-266644.78125,55178.46875,2242.54248046875,-0.0,-0.0,-0.0,-0.0,-0.0,-0.0,-0.0,-0.0,-0.0,-0.0,-0.0,-0.0,0.00881195068359375,0.00858306884765625,0.011749267578125,0.01781463623046875,0.01300811767578125,0.01583099365234375,0.0093841552734375,0.02178192138671875,0.0102996826171875,0.01300811767578125,0.0302886962890625,0.0107574462890625,0.021820068359375,0.01277923583984375,0.0038909912109375,0.0290679931640625,0.101165771484375,0.10406494140625,0.096282958984375,0.10223388671875,0.075225830078125,0.09521484375,0.101470947265625,0.110321044921875,0.03204345703125,0.110626220703125,0.096893310546875,0.09765625,0.98358154296875,1.41693115234375,-0.45989990234375,1.878662109375,4.974541664123535
611,0.5605000000000002,-0.0,-0.0,-0.0,-0.0,-0.0,-0.0,-3.3114030361175537,4.388598918914795,-792.294677734375,-265877.46875,55141.75390625,1936.670654296875,-0.0,-0.0,-0.0,-0.0,-0.0,-0.0,-0.0,-0.0,-0.0,-0.0,-0.0,-0.0,-0.00823974609375,-0.0029754638671875,-0.00438690185546875,-0.0078582763671875,-0.00476837158203125,-0.0070953369140625,-0.00827789306640625,-0.0102996826171875,-0.00335693359375,-0.013885498046875,-0.00942230224609375,-0.001068115234375,-0.02727508544921875,-0.00537872314453125,-0.000762939453125,-0.0136566162109375,0.09246826171875,0.103912353515625,0.097808837890625,0.09552001953125,0.118408203125,0.09429931640625,0.09796142578125,0.147705078125,0.18096923828125,0.068206787109375,0.103912353515625,0.0958251953125,-1.1181640625,0.55328369140625,0.5548095703125,-1.7535400390625,8.328269958496094
612,0.5610000000000003,-0.0,-0.0,-0.0,-0.0,-0.0,-0.0,-3.1942670345306396,5.704345703125,-794.260498046875,-265399.78125,55084.390625,1677.8912353515625,-0.0,-0.0,-0.0,-0.0,-0.0,-0.0,-0.0,-0.0,-0.0,-0.0,-0.0,-0.0,-0.008087158203125,-0.00949859619140625,-0.01293182373046875,-0.0156402587890625,-0.011138916015625,-0.0147247314453125,-0.012054443359375,-0.0232696533203125,-0.006256103515625,-0.01331329345703125,-0.03002166748046875,-0.012969970703125,-0.0199127197265625,-0.00949859619140625,-0.00148773193359375,-0.028228759765625,0.089111328125,0.09613037109375,0.094146728515625,0.103302001953125,0.0994873046875,0.096282958984375,0.073089599609375,0.018157958984375,0.06256103515625,0.1336669921875,0.1019287109375,0.093536376953125,-0.767059326171875,-1.348876953125,0.63385009765625,-1.301422119140625,0.7061610817909241
613,0.5615000000000003,-0.0,-0.0,-0.0,-0.0,-0.0,-0.0,-2.9337918758392334,5.793476104736328,-793.2019653320312,-264483.875,55031.02734375,1673.3326416015625,-0.0,-0.0,-0.0,-0.0,-0.0,-0.0,-0.0,-0.0,-0.0,-0.0,-0.0,-0.0,0.0052642822265625,0.006256103515625,0.00457763671875,0.00621795654296875,0.00560760498046875,0.00682830810546875,0.009613037109375,0.00843048095703125,0.002593994140625,0.01209259033203125,0.0107574462890625,-0.0003814697265625,0.0225067138671875,0.0061798095703125,0.00186920166015625,0.013275146484375,0.10101318359375,0.102386474609375,0.099029541015625,0.09735107421875,0.09613037109375,0.100860595703125,0.093536376953125,0.087738037109375,0.194854736328125,0.166168212890625,0.0927734375,0.095977783203125,0.985565185546875,-0.43304443359375,-0.43548583984375,1.545257568359375,0.7061610817909241
614,0.5620000000000003,-0.0,-0.0,-0.0,-0.0,-0.0,-0.0,-2.659726142883301,6.136738300323486,-791.50244140625,-263823.9375,54880.26171875,1615.0369873046875,-0.0,-0.0,-0.0,-0.0,-0.0,-0.0,-0.0,-0.0,-0.0,-0.0,-0.0,-0.0,0.008544921875,0.0072479248046875,0.01216888427734375,0.01789093017578125,0.01300811767578125,0.016632080078125,0.0099945068359375,0.02223968505859375,0.0093841552734375,0.011749267578125,0.02895355224609375,0.00934600830078125,0.02254486083984375,0.0128936767578125,0.004425048828125,0.0290679931640625,0.10040283203125,0.09521484375,0.096282958984375,0.082244873046875,0.106964111328125,0.095672607421875,0.088653564453125,0.099639892578125,0.143280029296875,0.108489990234375,0.103759765625,0.097503662109375,0.711669921875,1.4447021484375,-0.494384765625,1.79779052734375,6.803847789764404
615,0.5625000000000002,-0.0,-0.0,-0.0,-0.0,-0.0,-0.0,-2.2399845123291016,6.248840808868408,-790.4552612304688,-263747.9375,55185.48828125,1466.6639404296875,-0.0,-0.0,-0.0,-0.0,-0.0,-0.0,-0.0,-0.0,-0.0,-0.0,-0.0,-0.0,-0.00476837158203125,-0.00415802001953125,-0.00415802001953125,-0.00659942626953125,-0.00637054443359375,-0.00919342041015625,-0.005950927734375,-0.0089263916015625,-0.00244140625,-0.01064300537109375,-0.012359619140625,0.00148773193359375,-0.0249481201171875,-0.0066375732421875,0.000762939453125,-0.01201629638671875,0.097808837890625,0.09429931640625,0.09857177734375,0.10284423828125,0.105438232421875,0.10162353515625,0.09765625,0.1043701171875,0.05645751953125,0.09429931640625,0.096893310546875,0.0946044921875,-0.61126708984375,0.4339599609375,0.8355712890625,-1.50421142578125,8.328269958496094
616,0.5630000000000003,-0.0,-0.0,-0.0,-0.0,-0.0,-0.0,-2.0486767292022705,6.522329807281494,-791.1355590820312,-263761.90625,54806.36328125,1467.8997802734375,-0.0,-0.0,-0.0,-0.0,-0.0,-0.0,-0.0,-0.0,-0.0,-0.0,-0.0,-0.0,-0.010223388671875,-0.00698089599609375,-0.011138916015625,-0.01598358154296875,-0.01010894775390625,-0.01659393310546875,-0.0118255615234375,-0.02246856689453125,-0.006103515625,-0.0116729736328125,-0.030670166015625,-0.01071929931640625,-0.023651123046875,-0.0102996826171875,-0.0048065185546875,-0.028228759765625,0.09857177734375,0.098724365234375,0.10040283203125,0.100860595703125,0.105133056640625,0.098419189453125,0.0994873046875,0.10345458984375,0.0628662109375,0.03814697265625,0.102691650390625,0.08880615234375,-0.569305419921875,-1.25244140625,0.4010009765625,-1.765289306640625,-2.342682361602783
617,0.5635000000000003,-0.0,-0.0,-0.0,-0.0,-0.0,-0.0,-2.134857177734375,7.551326274871826,-790.3922119140625,-263350.15625,54621.8828125,1406.2137451171875,-0.0,-0.0,-0.0,-0.0,-0.0,-0.0,-0.0,-0.0,-0.0,-0.0,-0.0,-0.0,0.00629425048828125,0.003662109375,0.004730224609375,0.00583648681640625,0.0043487548828125,0.0087738037109375,0.0074005126953125,0.00804901123046875,0.0046539306640625,0.009765625,0.008697509765625,0.00141143798828125,0.0202178955078125,0.00598907470703125,0.00179290771484375,0.01094818115234375,0.092315673828125,0.10040283203125,0.09674072265625,0.100250244140625,0.099639892578125,0.10040283203125,0.10528564453125,0.102691650390625,0.101318359375,0.1409912109375,0.09765625,0.098876953125,0.764923095703125,-0.78155517578125,-0.3338623046875,1.372833251953125,3.145235776901245
618,0.5640000000000003,-0.0,-0.0,-0.0,-0.0,-0.0,-0.0,-1.6057891845703125,6.6998677253723145,-791.3925170898438,-262968.15625,54588.6796875,1266.2105712890625,-0.0,-0.0,-0.0,-0.0,-0.0,-0.0,-0.0,-0.0,-0.0,-0.0,-0.0,-0.0,0.00850677490234375,0.00885009765625,0.013427734375,0.01682281494140625,0.012054443359375,0.0130462646484375,0.0103759765625,0.02483367919921875,0.006866455078125,0.01155853271484375,0.03078460693359375,0.0136566162109375,0.02155303955078125,0.01129150390625,0.00698089599609375,0.026397705078125,0.096282958984375,0.099945068359375,0.102081298828125,0.095672607421875,0.0958251953125,0.09368896484375,0.092315673828125,0.097808837890625,0.0701904296875,0.078277587890625,0.100555419921875,0.093231201171875,0.718841552734375,1.38458251953125,-0.2667236328125,1.712799072265625,5.279426097869873
619,0.5645000000000002,-0.0,-0.0,-0.0,-0.0,-0.0,-0.0,-1.5165786743164062,6.958071708679199,-790.8400268554688,-262904.6875,54701.44140625,1298.4766845703125,-0.0,-0.0,-0.0,-0.0,-0.0,-0.0,-0.0,-0.0,-0.0,-0.0,-0.0,-0.0,-0.0075531005859375,-0.0032806396484375,-0.00453948974609375,-0.00514984130859375,-0.003814697265625,-0.0067138671875,-0.0078582763671875,-0.00988006591796875,-0.00171661376953125,-0.013885498046875,-0.0112152099609375,-0.00102996826171875,-0.021514892578125,-0.00347137451171875,-0.00179290771484375,-0.01293182373046875,0.09002685546875,0.098876953125,0.094757080078125,0.10040283203125,0.093231201171875,0.0982666015625,0.09307861328125,0.101165771484375,0.08544921875,0.1287841796875,0.092620849609375,0.094451904296875,-1.0205078125,0.54412841796875,0.577392578125,-1.378326416015625,4.974541664123535
620,0.5650000000000003,-0.0,-0.0,-0.0,-0.0,-0.0,-0.0,-0.9122429490089417,6.952171325683594,-789.0040283203125,-262656.25,54340.6015625,1382.121826171875,-0.0,-0.0,-0.0,-0.0,-0.0,-0.0,-0.0,-0.0,-0.0,-0.0,-0.0,-0.0,-0.00911712646484375,-0.008544921875,-0.01178741455078125,-0.01491546630859375,-0.0128936767578125,-0.01434326171875,-0.01087188720703125,-0.022735595703125,-0.00457763671875,-0.01094818115234375,-0.03086090087890625,-0.01346588134765625,-0.02231597900390625,-0.01018524169921875,-0.00499725341796875,-0.0274658203125,0.10040283203125,0.098419189453125,0.093841552734375,0.09735107421875,0.100250244140625,0.101470947265625,0.099029541015625,0.09918212890625,0.097198486328125,0.068511962890625,0.0994873046875,0.1019287109375,-0.252685546875,-1.38275146484375,0.43670654296875,-1.66107177734375,-1.732913613319397
621,0.5655000000000003,-0.0,-0.0,-0.0,-0.0,-0.0,-0.0,-1.0621274709701538,6.840664863586426,-789.7103271484375,-262367.3125,54322.96484375,1347.271240234375,-0.0,-0.0,-0.0,-0.0,-0.0,-0.0,-0.0,-0.0,-0.0,-0.0,-0.0,-0.0,0.00629425048828125,0.00362396240234375,0.00537872314453125,0.0067138671875,0.0061798095703125,0.00720977783203125,0.0052642822265625,0.010833740234375,0.002899169921875,0.010528564453125,0.0116729736328125,0.00041961669921875,0.02216339111328125,0.00347137451171875,0.00133514404296875,0.01033782958984375,0.10101318359375,0.103912353515625,0.09552001953125,0.095672607421875,0.10009765625,0.10009765625,0.10101318359375,0.093231201171875,0.088348388671875,0.1312255859375,0.099334716796875,0.09307861328125,0.885467529296875,-0.42938232421875,-0.4150390625,1.36688232421875,2.8403513431549072
622,0.5660000000000003,-0.0,-0.0,-0.0,-0.0,-0.0,-0.0,-1.0759915113449097,6.244588375091553,-789.7536010742188,-262275.4375,54257.953125,1262.736083984375,-0.0,-0.0,-0.0,-0.0,-0.0,-0.0,-0.0,-0.0,-0.0,-0.0,-0.0,-0.0,0.0102996826171875,0.0103759765625,0.0107574462890625,0.01575469970703125,0.012054443359375,0.0160980224609375,0.011444091796875,0.02300262451171875,0.00732421875,0.01293182373046875,0.0337982177734375,0.0138092041015625,0.02048492431640625,0.0103759765625,0.00507354736328125,0.02899169921875,0.0970458984375,0.0982666015625,0.097198486328125,0.100250244140625,0.11016845703125,0.10009765625,0.1019287109375,0.098876953125,0.10711669921875,0.086822509765625,0.09857177734375,0.1007080078125,0.904693603515625,1.5240478515625,-0.1287841796875,1.9207763671875,9.852691650390625
623,0.5665000000000002,-0.0,-0.0,-0.0,-0.0,-0.0,-0.0,-1.5845459699630737,6.412082672119141,-789.7418823242188,-262017.421875,54285.48828125,1518.3419189453125,-0.0,-0.0,-0.0,-0.0,-0.0,-0.0,-0.0,-0.0,-0.0,-0.0,-0.0,-0.0,-0.00797271728515625,-0.00335693359375,-0.00438690185546875,-0.00579833984375,-0.0057220458984375,-0.00675201416015625,-0.00705718994140625,-0.00732421875,-0.0025177001953125,-0.01308441162109375,-0.00606536865234375,-0.003662109375,-0.022735595703125,-0.004425048828125,-0.003204345703125,-0.01010894775390625,0.093994140625,0.092620849609375,0.0958251953125,0.102691650390625,0.0994873046875,0.1007080078125,0.10467529296875,0.09521484375,0.082244873046875,0.114593505859375,0.0958251953125,0.108795166015625,-0.69580078125,0.93719482421875,0.36407470703125,-1.497650146484375,-0.8182606101036072
624,0.5670000000000003,-0.0,-0.0,-0.0,-0.0,-0.0,-0.0,-1.7790510654449463,6.228818893432617,-791.4761962890625,-262270.84375,53989.9375,1296.37109375,-0.0,-0.0,-0.0,-0.0,-0.0,-0.0,-0.0,-0.0,-0.0,-0.0,-0.0,-0.0,-0.0054168701171875,-0.00911712646484375,-0.0125885009765625,-0.01605987548828125,-0.01026153564453125,-0.0140380859375,-0.01087188720703125,-0.02460479736328125,-0.00728607177734375,-0.01132965087890625,-0.030517578125,-0.0118255615234375,-0.02231597900390625,-0.01079559326171875,-0.00308990478515625,-0.02819061279296875,0.0921630859375,0.101776123046875,0.09765625,0.102081298828125,0.091400146484375,0.0994873046875,0.096893310546875,0.087127685546875,0.136871337890625,0.110931396484375,0.101776123046875,0.0958251953125,-0.890350341796875,-1.363525390625,0.55816650390625,-1.7138671875,0.40127673745155334
625,0.5675000000000003,-0.0,-0.0,-0.0,-0.0,-0.0,-0.0,-1.0855993032455444,6.152507781982422,-789.3870239257812,-261868.828125,53739.48046875,1377.159423828125,-0.0,-0.0,-0.0,-0.0,-0.0,-0.0,-0.0,-0.0,-0.0,-0.0,-0.0,-0.0,0.0080108642578125,0.00324249267578125,0.00392913818359375,0.00820159912109375,0.0048828125,0.0067901611328125,0.00797271728515625,0.009307861328125,0.00377655029296875,0.0118255615234375,0.01239776611328125,0.001983642578125,0.02445220947265625,0.0041961669921875,0.00072479248046875,0.0128173828125,0.097198486328125,0.09979248046875,0.10162353515625,0.098876953125,0.08575439453125,0.09918212890625,0.09552001953125,0.10101318359375,0.102386474609375,0.078582763671875,0.098876953125,0.09063720703125,0.648040771484375,-0.3656005859375,-0.1629638671875,1.5997314453125,1.6208140850067139
626,0.5680000000000003,-0.0,-0.0,-0.0,-0.0,-0.0,-0.0,-1.4419775009155273,5.791043281555176,-791.142333984375,-261649.296875,53721.4921875,1234.0169677734375,-0.0,-0.0,-0.0,-0.0,-0.0,-0.0,-0.0,-0.0,-0.0,-0.0,-0.0,-0.0,0.0106048583984375,0.0074005126953125,0.0130462646484375,0.0162506103515625,0.0118255615234375,0.016021728515625,0.009765625,0.0234222412109375,0.00782012939453125,0.015869140625,0.031585693359375,0.01224517822265625,0.02384185791015625,0.01087188720703125,0.00637054443359375,0.0278472900390625,0.098724365234375,0.099334716796875,0.097198486328125,0.09765625,0.098724365234375,0.09918212890625,0.097503662109375,0.097808837890625,0.08819580078125,0.1544189453125,0.1068115234375,0.092926025390625,0.810394287109375,1.36077880859375,-0.22735595703125,2.06817626953125,9.24292278289795
627,0.5685000000000002,-0.0,-0.0,-0.0,-0.0,-0.0,-0.0,-1.6926319599151611,6.135804176330566,-789.6915893554688,-261594.203125,53406.44921875,1382.0987548828125,-0.0,-0.0,-0.0,-0.0,-0.0,-0.0,-0.0,-0.0,-0.0,-0.0,-0.0,-0.0,-0.00583648681640625,-0.00396728515625,-0.00461578369140625,-0.00507354736328125,-0.00545501708984375,-0.0081634521484375,-0.0049591064453125,-0.00965118408203125,-0.00270843505859375,-0.01110076904296875,-0.01461029052734375,-7.62939453125e-05,-0.0249481201171875,-0.00484466552734375,-0.001068115234375,-0.01041412353515625,0.0994873046875,0.09521484375,0.095977783203125,0.095672607421875,0.090179443359375,0.0970458984375,0.09185791015625,0.10528564453125,0.102691650390625,0.09735107421875,0.09857177734375,0.106048583984375,-0.676727294921875,0.335693359375,0.379638671875,-1.5899658203125,7.71850061416626
628,0.5690000000000003,-0.0,-0.0,-0.0,-0.0,-0.0,-0.0,-1.5097028017044067,5.967156887054443,-789.3662719726562,-261243.5,53715.70703125,1348.091552734375,-0.0,-0.0,-0.0,-0.0,-0.0,-0.0,-0.0,-0.0,-0.0,-0.0,-0.0,-0.0,-0.00934600830078125,-0.00629425048828125,-0.01369476318359375,-0.015411376953125,-0.01312255859375,-0.0154876708984375,-0.0078582763671875,-0.0257110595703125,-0.0067901611328125,-0.0153350830078125,-0.0308990478515625,-0.0116729736328125,-0.0257110595703125,-0.0110626220703125,-0.00576019287109375,-0.02742767333984375,0.1007080078125,0.099029541015625,0.0958251953125,0.10467529296875,0.09552001953125,0.09552001953125,0.097808837890625,0.0946044921875,0.09735107421875,0.084228515625,0.087738037109375,0.092010498046875,-1.065216064453125,-1.53961181640625,0.44921875,-1.794586181640625,-3.5622196197509766
629,0.5695000000000003,-0.0,-0.0,-0.0,-0.0,-0.0,-0.0,-1.5232226848602295,5.965098857879639,-786.9287109375,-261109.625,53645.1015625,1524.3447265625,-0.0,-0.0,-0.0,-0.0,-0.0,-0.0,-0.0,-0.0,-0.0,-0.0,-0.0,-0.0,0.0081634521484375,0.00339508056640625,0.00518798828125,0.0072479248046875,0.00499725341796875,0.00762939453125,0.0078582763671875,0.01010894775390625,0.00091552734375,0.01430511474609375,0.01331329345703125,0.00247955322265625,0.02597808837890625,0.003204345703125,0.0031280517578125,0.01102447509765625,0.1043701171875,0.10406494140625,0.091094970703125,0.100860595703125,0.101165771484375,0.104217529296875,0.0994873046875,0.102996826171875,0.100860595703125,0.1092529296875,0.09735107421875,0.099639892578125,1.04034423828125,-0.233154296875,-0.145263671875,1.64215087890625,2.5354671478271484
