[2025-09-16 15:55:19.924] [info] Loaded model 009 from file C:\Git\research_data\Projects\squatting_fais\009_Rajagopal2015_FAI.osim
[2025-09-16 15:55:19.926] [warning] Couldn't find file 'r_pelvis.vtp'.
[2025-09-16 15:55:19.926] [warning] Couldn't find file 'l_pelvis.vtp'.
[2025-09-16 15:55:19.926] [warning] Couldn't find file 'sacrum.vtp'.
[2025-09-16 15:55:19.926] [warning] Couldn't find file 'r_femur.vtp'.
[2025-09-16 15:55:19.926] [warning] Couldn't find file 'r_tibia.vtp'.
[2025-09-16 15:55:19.927] [warning] Couldn't find file 'r_fibula.vtp'.
[2025-09-16 15:55:19.927] [warning] Couldn't find file 'r_patella.vtp'.
[2025-09-16 15:55:19.927] [warning] Couldn't find file 'r_talus.vtp'.
[2025-09-16 15:55:19.927] [warning] Couldn't find file 'r_foot.vtp'.
[2025-09-16 15:55:19.928] [warning] Couldn't find file 'r_bofoot.vtp'.
[2025-09-16 15:55:19.928] [warning] Couldn't find file 'l_femur.vtp'.
[2025-09-16 15:55:19.929] [warning] Couldn't find file 'l_tibia.vtp'.
[2025-09-16 15:55:19.929] [warning] Couldn't find file 'l_fibula.vtp'.
[2025-09-16 15:55:19.929] [warning] Couldn't find file 'l_patella.vtp'.
[2025-09-16 15:55:19.929] [warning] Couldn't find file 'l_talus.vtp'.
[2025-09-16 15:55:19.930] [warning] Couldn't find file 'l_foot.vtp'.
[2025-09-16 15:55:19.930] [warning] Couldn't find file 'l_bofoot.vtp'.
[2025-09-16 15:55:19.930] [warning] Couldn't find file 'hat_spine.vtp'.
[2025-09-16 15:55:19.930] [warning] Couldn't find file 'hat_jaw.vtp'.
[2025-09-16 15:55:19.930] [warning] Couldn't find file 'hat_skull.vtp'.
[2025-09-16 15:55:19.931] [warning] Couldn't find file 'hat_ribs_scap.vtp'.
[2025-09-16 15:55:19.931] [warning] Couldn't find file 'humerus_rv.vtp'.
[2025-09-16 15:55:19.931] [warning] Couldn't find file 'ulna_rv.vtp'.
[2025-09-16 15:55:19.931] [warning] Couldn't find file 'radius_rv.vtp'.
[2025-09-16 15:55:19.931] [warning] Couldn't find file 'pisiform_rvs.vtp'.
[2025-09-16 15:55:19.931] [warning] Couldn't find file 'lunate_rvs.vtp'.
[2025-09-16 15:55:19.932] [warning] Couldn't find file 'scaphoid_rvs.vtp'.
[2025-09-16 15:55:19.932] [warning] Couldn't find file 'triquetrum_rvs.vtp'.
[2025-09-16 15:55:19.932] [warning] Couldn't find file 'hamate_rvs.vtp'.
[2025-09-16 15:55:19.932] [warning] Couldn't find file 'capitate_rvs.vtp'.
[2025-09-16 15:55:19.932] [warning] Couldn't find file 'trapezoid_rvs.vtp'.
[2025-09-16 15:55:19.932] [warning] Couldn't find file 'trapezium_rvs.vtp'.
[2025-09-16 15:55:19.932] [warning] Couldn't find file 'metacarpal2_rvs.vtp'.
[2025-09-16 15:55:19.933] [warning] Couldn't find file 'index_proximal_rvs.vtp'.
[2025-09-16 15:55:19.933] [warning] Couldn't find file 'index_medial_rvs.vtp'.
[2025-09-16 15:55:19.933] [warning] Couldn't find file 'index_distal_rvs.vtp'.
[2025-09-16 15:55:19.933] [warning] Couldn't find file 'metacarpal3_rvs.vtp'.
[2025-09-16 15:55:19.933] [warning] Couldn't find file 'middle_proximal_rvs.vtp'.
[2025-09-16 15:55:19.933] [warning] Couldn't find file 'middle_medial_rvs.vtp'.
[2025-09-16 15:55:19.933] [warning] Couldn't find file 'middle_distal_rvs.vtp'.
[2025-09-16 15:55:19.934] [warning] Couldn't find file 'metacarpal4_rvs.vtp'.
[2025-09-16 15:55:19.934] [warning] Couldn't find file 'ring_proximal_rvs.vtp'.
[2025-09-16 15:55:19.934] [warning] Couldn't find file 'ring_medial_rvs.vtp'.
[2025-09-16 15:55:19.934] [warning] Couldn't find file 'ring_distal_rvs.vtp'.
[2025-09-16 15:55:19.934] [warning] Couldn't find file 'metacarpal5_rvs.vtp'.
[2025-09-16 15:55:19.934] [warning] Couldn't find file 'little_proximal_rvs.vtp'.
[2025-09-16 15:55:19.934] [warning] Couldn't find file 'little_medial_rvs.vtp'.
[2025-09-16 15:55:19.934] [warning] Couldn't find file 'little_distal_rvs.vtp'.
[2025-09-16 15:55:19.935] [warning] Couldn't find file 'metacarpal1_rvs.vtp'.
[2025-09-16 15:55:19.935] [warning] Couldn't find file 'thumb_proximal_rvs.vtp'.
[2025-09-16 15:55:19.935] [warning] Couldn't find file 'thumb_distal_rvs.vtp'.
[2025-09-16 15:55:19.935] [warning] Couldn't find file 'humerus_lv.vtp'.
[2025-09-16 15:55:19.935] [warning] Couldn't find file 'ulna_lv.vtp'.
[2025-09-16 15:55:19.936] [warning] Couldn't find file 'radius_lv.vtp'.
[2025-09-16 15:55:19.936] [warning] Couldn't find file 'pisiform_lvs.vtp'.
[2025-09-16 15:55:19.936] [warning] Couldn't find file 'lunate_lvs.vtp'.
[2025-09-16 15:55:19.936] [warning] Couldn't find file 'scaphoid_lvs.vtp'.
[2025-09-16 15:55:19.936] [warning] Couldn't find file 'triquetrum_lvs.vtp'.
[2025-09-16 15:55:19.937] [warning] Couldn't find file 'hamate_lvs.vtp'.
[2025-09-16 15:55:19.937] [warning] Couldn't find file 'capitate_lvs.vtp'.
[2025-09-16 15:55:19.937] [warning] Couldn't find file 'trapezoid_lvs.vtp'.
[2025-09-16 15:55:19.937] [warning] Couldn't find file 'trapezium_lvs.vtp'.
[2025-09-16 15:55:19.937] [warning] Couldn't find file 'metacarpal2_lvs.vtp'.
[2025-09-16 15:55:19.938] [warning] Couldn't find file 'index_proximal_lvs.vtp'.
[2025-09-16 15:55:19.938] [warning] Couldn't find file 'index_medial_lvs.vtp'.
[2025-09-16 15:55:19.938] [warning] Couldn't find file 'index_distal_lvs.vtp'.
[2025-09-16 15:55:19.939] [warning] Couldn't find file 'metacarpal3_lvs.vtp'.
[2025-09-16 15:55:19.939] [warning] Couldn't find file 'middle_proximal_lvs.vtp'.
[2025-09-16 15:55:19.939] [warning] Couldn't find file 'middle_medial_lvs.vtp'.
[2025-09-16 15:55:19.939] [warning] Couldn't find file 'middle_distal_lvs.vtp'.
[2025-09-16 15:55:19.940] [warning] Couldn't find file 'metacarpal4_lvs.vtp'.
[2025-09-16 15:55:19.940] [warning] Couldn't find file 'ring_proximal_lvs.vtp'.
[2025-09-16 15:55:19.940] [warning] Couldn't find file 'ring_medial_lvs.vtp'.
[2025-09-16 15:55:19.940] [warning] Couldn't find file 'ring_distal_lvs.vtp'.
[2025-09-16 15:55:19.940] [warning] Couldn't find file 'metacarpal5_lvs.vtp'.
[2025-09-16 15:55:19.940] [warning] Couldn't find file 'little_proximal_lvs.vtp'.
[2025-09-16 15:55:19.940] [warning] Couldn't find file 'little_medial_lvs.vtp'.
[2025-09-16 15:55:19.941] [warning] Couldn't find file 'little_distal_lvs.vtp'.
[2025-09-16 15:55:19.941] [warning] Couldn't find file 'metacarpal1_lvs.vtp'.
[2025-09-16 15:55:19.941] [warning] Couldn't find file 'thumb_proximal_lvs.vtp'.
[2025-09-16 15:55:19.941] [warning] Couldn't find file 'thumb_distal_lvs.vtp'.
[2025-09-16 15:55:21.501] [cout] [info] 
               MODEL: 009
         coordinates: 39
              forces: 97
           actuators: 97
             muscles: 80
            analyses: 0
              probes: 0
              bodies: 22
              joints: 22
         constraints: 2
             markers: 55
         controllers: 0
  contact geometries: 0
misc modelcomponents: 0
[2025-09-16 15:55:21.502] [info] Running tool .
[2025-09-16 15:55:21.861] [info] Frame 0 (t = 0.0):	 total squared error = 0.183874, marker error: RMS = 0.0618927, max = 0.170337 (RBHD)
[2025-09-16 15:55:21.902] [info] Frame 1 (t = 0.00500000):	 total squared error = 0.183954, marker error: RMS = 0.0619062, max = 0.170562 (RBHD)
[2025-09-16 15:55:21.948] [info] Frame 2 (t = 0.01):	 total squared error = 0.183839, marker error: RMS = 0.0618869, max = 0.170306 (RBHD)
[2025-09-16 15:55:21.977] [info] Frame 3 (t = 0.015):	 total squared error = 0.183821, marker error: RMS = 0.0618837, max = 0.170717 (RBHD)
[2025-09-16 15:55:22.016] [info] Frame 4 (t = 0.02):	 total squared error = 0.183828, marker error: RMS = 0.0618849, max = 0.170230 (RBHD)
[2025-09-16 15:55:22.048] [info] Frame 5 (t = 0.025):	 total squared error = 0.183935, marker error: RMS = 0.0619030, max = 0.170610 (RBHD)
[2025-09-16 15:55:22.090] [info] Frame 6 (t = 0.03):	 total squared error = 0.183718, marker error: RMS = 0.0618664, max = 0.169979 (RBHD)
[2025-09-16 15:55:22.125] [info] Frame 7 (t = 0.035):	 total squared error = 0.183444, marker error: RMS = 0.0618203, max = 0.169556 (RBHD)
[2025-09-16 15:55:22.152] [info] Frame 8 (t = 0.04):	 total squared error = 0.183941, marker error: RMS = 0.0619040, max = 0.170089 (RBHD)
[2025-09-16 15:55:22.189] [info] Frame 9 (t = 0.045):	 total squared error = 0.183921, marker error: RMS = 0.0619006, max = 0.170328 (RBHD)
[2025-09-16 15:55:22.215] [info] Frame 10 (t = 0.05):	 total squared error = 0.183995, marker error: RMS = 0.0619131, max = 0.170596 (RBHD)
[2025-09-16 15:55:22.256] [info] Frame 11 (t = 0.055):	 total squared error = 0.183809, marker error: RMS = 0.0618818, max = 0.169718 (RBHD)
[2025-09-16 15:55:22.293] [info] Frame 12 (t = 0.06):	 total squared error = 0.183638, marker error: RMS = 0.061853, max = 0.169632 (RBHD)
[2025-09-16 15:55:22.328] [info] Frame 13 (t = 0.065):	 total squared error = 0.184047, marker error: RMS = 0.0619218, max = 0.170112 (RBHD)
[2025-09-16 15:55:22.356] [info] Frame 14 (t = 0.07):	 total squared error = 0.183671, marker error: RMS = 0.0618586, max = 0.169818 (RBHD)
[2025-09-16 15:55:22.399] [info] Frame 15 (t = 0.075):	 total squared error = 0.18431, marker error: RMS = 0.061966, max = 0.170339 (RBHD)
[2025-09-16 15:55:22.444] [info] Frame 16 (t = 0.08):	 total squared error = 0.183455, marker error: RMS = 0.0618222, max = 0.169391 (RBHD)
[2025-09-16 15:55:22.486] [info] Frame 17 (t = 0.085):	 total squared error = 0.183613, marker error: RMS = 0.0618487, max = 0.169339 (RBHD)
[2025-09-16 15:55:22.510] [info] Frame 18 (t = 0.09):	 total squared error = 0.183338, marker error: RMS = 0.0618024, max = 0.169126 (RBHD)
[2025-09-16 15:55:22.547] [info] Frame 19 (t = 0.095):	 total squared error = 0.183674, marker error: RMS = 0.061859, max = 0.169435 (RBHD)
[2025-09-16 15:55:22.578] [info] Frame 20 (t = 0.1):	 total squared error = 0.1836, marker error: RMS = 0.0618466, max = 0.16957 (RBHD)
[2025-09-16 15:55:22.627] [info] Frame 21 (t = 0.105000):	 total squared error = 0.18384, marker error: RMS = 0.061887, max = 0.16963 (RBHD)
[2025-09-16 15:55:22.698] [info] Frame 22 (t = 0.11):	 total squared error = 0.183526, marker error: RMS = 0.0618341, max = 0.169317 (RBHD)
[2025-09-16 15:55:22.773] [info] Frame 23 (t = 0.115):	 total squared error = 0.182785, marker error: RMS = 0.0617092, max = 0.168004 (RBHD)
[2025-09-16 15:55:22.828] [info] Frame 24 (t = 0.12):	 total squared error = 0.183125, marker error: RMS = 0.0617665, max = 0.168595 (RBHD)
[2025-09-16 15:55:22.870] [info] Frame 25 (t = 0.125):	 total squared error = 0.183193, marker error: RMS = 0.061778, max = 0.16872 (RBHD)
[2025-09-16 15:55:22.913] [info] Frame 26 (t = 0.13):	 total squared error = 0.183367, marker error: RMS = 0.0618073, max = 0.168962 (RBHD)
[2025-09-16 15:55:22.945] [info] Frame 27 (t = 0.135):	 total squared error = 0.183249, marker error: RMS = 0.0617875, max = 0.169262 (RBHD)
[2025-09-16 15:55:22.978] [info] Frame 28 (t = 0.14):	 total squared error = 0.183352, marker error: RMS = 0.0618048, max = 0.169498 (RBHD)
[2025-09-16 15:55:23.028] [info] Frame 29 (t = 0.145):	 total squared error = 0.182532, marker error: RMS = 0.0616665, max = 0.168090 (RBHD)
[2025-09-16 15:55:23.066] [info] Frame 30 (t = 0.15):	 total squared error = 0.182834, marker error: RMS = 0.0617174, max = 0.16871 (RBHD)
[2025-09-16 15:55:23.109] [info] Frame 31 (t = 0.155):	 total squared error = 0.182774, marker error: RMS = 0.0617073, max = 0.168694 (LBHD)
[2025-09-16 15:55:23.156] [info] Frame 32 (t = 0.16):	 total squared error = 0.182752, marker error: RMS = 0.0617036, max = 0.16882 (LBHD)
[2025-09-16 15:55:23.205] [info] Frame 33 (t = 0.165):	 total squared error = 0.182388, marker error: RMS = 0.0616421, max = 0.168548 (LBHD)
[2025-09-16 15:55:23.244] [info] Frame 34 (t = 0.17):	 total squared error = 0.18231, marker error: RMS = 0.0616289, max = 0.168486 (LBHD)
[2025-09-16 15:55:23.282] [info] Frame 35 (t = 0.175):	 total squared error = 0.182484, marker error: RMS = 0.0616583, max = 0.169419 (LBHD)
[2025-09-16 15:55:23.317] [info] Frame 36 (t = 0.18):	 total squared error = 0.182629, marker error: RMS = 0.0616828, max = 0.170119 (LBHD)
[2025-09-16 15:55:23.354] [info] Frame 37 (t = 0.185):	 total squared error = 0.182409, marker error: RMS = 0.0616456, max = 0.169944 (LBHD)
[2025-09-16 15:55:23.411] [info] Frame 38 (t = 0.19):	 total squared error = 0.181654, marker error: RMS = 0.061518, max = 0.169076 (LBHD)
[2025-09-16 15:55:23.437] [info] Frame 39 (t = 0.195):	 total squared error = 0.181428, marker error: RMS = 0.0614797, max = 0.169597 (LBHD)
[2025-09-16 15:55:23.480] [info] Frame 40 (t = 0.2):	 total squared error = 0.181875, marker error: RMS = 0.0615554, max = 0.170230 (LBHD)
[2025-09-16 15:55:23.518] [info] Frame 41 (t = 0.205000):	 total squared error = 0.181583, marker error: RMS = 0.0615059, max = 0.170360 (LBHD)
[2025-09-16 15:55:23.546] [info] Frame 42 (t = 0.21):	 total squared error = 0.181993, marker error: RMS = 0.0615753, max = 0.171391 (LBHD)
[2025-09-16 15:55:23.594] [info] Frame 43 (t = 0.215):	 total squared error = 0.181345, marker error: RMS = 0.0614656, max = 0.170767 (LBHD)
[2025-09-16 15:55:23.635] [info] Frame 44 (t = 0.22):	 total squared error = 0.181263, marker error: RMS = 0.0614517, max = 0.171073 (LBHD)
[2025-09-16 15:55:23.666] [info] Frame 45 (t = 0.225):	 total squared error = 0.181186, marker error: RMS = 0.0614386, max = 0.171286 (LBHD)
[2025-09-16 15:55:23.707] [info] Frame 46 (t = 0.23):	 total squared error = 0.181019, marker error: RMS = 0.0614103, max = 0.171676 (LBHD)
[2025-09-16 15:55:23.733] [info] Frame 47 (t = 0.235):	 total squared error = 0.181088, marker error: RMS = 0.061422, max = 0.172066 (LBHD)
[2025-09-16 15:55:23.776] [info] Frame 48 (t = 0.24):	 total squared error = 0.180506, marker error: RMS = 0.0613233, max = 0.171821 (LBHD)
[2025-09-16 15:55:23.805] [info] Frame 49 (t = 0.245):	 total squared error = 0.180522, marker error: RMS = 0.061326, max = 0.172309 (LBHD)
[2025-09-16 15:55:23.840] [info] Frame 50 (t = 0.25):	 total squared error = 0.180249, marker error: RMS = 0.0612796, max = 0.172257 (LBHD)
[2025-09-16 15:55:23.880] [info] Frame 51 (t = 0.255):	 total squared error = 0.180275, marker error: RMS = 0.0612841, max = 0.172522 (LBHD)
[2025-09-16 15:55:23.913] [info] Frame 52 (t = 0.26):	 total squared error = 0.179751, marker error: RMS = 0.0611948, max = 0.172466 (LBHD)
[2025-09-16 15:55:23.942] [info] Frame 53 (t = 0.265):	 total squared error = 0.179402, marker error: RMS = 0.0611354, max = 0.172522 (LBHD)
[2025-09-16 15:55:23.968] [info] Frame 54 (t = 0.27):	 total squared error = 0.179573, marker error: RMS = 0.0611646, max = 0.173577 (LBHD)
[2025-09-16 15:55:24.008] [info] Frame 55 (t = 0.275):	 total squared error = 0.179581, marker error: RMS = 0.0611659, max = 0.173649 (LBHD)
[2025-09-16 15:55:24.046] [info] Frame 56 (t = 0.28):	 total squared error = 0.179094, marker error: RMS = 0.0610829, max = 0.173435 (LBHD)
[2025-09-16 15:55:24.071] [info] Frame 57 (t = 0.285):	 total squared error = 0.178775, marker error: RMS = 0.0610285, max = 0.173526 (LBHD)
[2025-09-16 15:55:24.099] [info] Frame 58 (t = 0.29):	 total squared error = 0.178873, marker error: RMS = 0.0610453, max = 0.173668 (LBHD)
[2025-09-16 15:55:24.137] [info] Frame 59 (t = 0.295):	 total squared error = 0.178691, marker error: RMS = 0.0610142, max = 0.174010 (LBHD)
[2025-09-16 15:55:24.181] [info] Frame 60 (t = 0.3):	 total squared error = 0.178532, marker error: RMS = 0.0609871, max = 0.17398 (LBHD)
[2025-09-16 15:55:24.229] [info] Frame 61 (t = 0.305000):	 total squared error = 0.178302, marker error: RMS = 0.0609477, max = 0.174377 (LBHD)
[2025-09-16 15:55:24.261] [info] Frame 62 (t = 0.31):	 total squared error = 0.178281, marker error: RMS = 0.0609441, max = 0.174747 (LBHD)
[2025-09-16 15:55:24.295] [info] Frame 63 (t = 0.315):	 total squared error = 0.178023, marker error: RMS = 0.0608999, max = 0.174608 (LBHD)
[2025-09-16 15:55:24.332] [info] Frame 64 (t = 0.32):	 total squared error = 0.177864, marker error: RMS = 0.0608728, max = 0.174903 (LBHD)
[2025-09-16 15:55:24.362] [info] Frame 65 (t = 0.325):	 total squared error = 0.177915, marker error: RMS = 0.0608816, max = 0.175387 (LBHD)
[2025-09-16 15:55:24.398] [info] Frame 66 (t = 0.33):	 total squared error = 0.177746, marker error: RMS = 0.0608527, max = 0.175287 (LBHD)
[2025-09-16 15:55:24.429] [info] Frame 67 (t = 0.335):	 total squared error = 0.177485, marker error: RMS = 0.0608079, max = 0.175534 (LBHD)
[2025-09-16 15:55:24.474] [info] Frame 68 (t = 0.34):	 total squared error = 0.177148, marker error: RMS = 0.0607501, max = 0.175446 (LBHD)
[2025-09-16 15:55:24.517] [info] Frame 69 (t = 0.345):	 total squared error = 0.177145, marker error: RMS = 0.0607496, max = 0.175611 (LBHD)
[2025-09-16 15:55:24.544] [info] Frame 70 (t = 0.35):	 total squared error = 0.17692, marker error: RMS = 0.0607111, max = 0.175791 (LBHD)
[2025-09-16 15:55:24.573] [info] Frame 71 (t = 0.355):	 total squared error = 0.176709, marker error: RMS = 0.0606748, max = 0.176045 (LBHD)
[2025-09-16 15:55:24.614] [info] Frame 72 (t = 0.36):	 total squared error = 0.176523, marker error: RMS = 0.0606430, max = 0.175957 (LBHD)
[2025-09-16 15:55:24.647] [info] Frame 73 (t = 0.365):	 total squared error = 0.176792, marker error: RMS = 0.0606891, max = 0.175876 (LBHD)
[2025-09-16 15:55:24.692] [info] Frame 74 (t = 0.37):	 total squared error = 0.176188, marker error: RMS = 0.0605853, max = 0.176249 (LBHD)
[2025-09-16 15:55:24.724] [info] Frame 75 (t = 0.375):	 total squared error = 0.17668, marker error: RMS = 0.0606699, max = 0.176323 (LBHD)
[2025-09-16 15:55:24.753] [info] Frame 76 (t = 0.38):	 total squared error = 0.176139, marker error: RMS = 0.0605769, max = 0.176242 (LBHD)
[2025-09-16 15:55:24.779] [info] Frame 77 (t = 0.385):	 total squared error = 0.175716, marker error: RMS = 0.0605042, max = 0.175975 (LBHD)
[2025-09-16 15:55:24.809] [info] Frame 78 (t = 0.39):	 total squared error = 0.175656, marker error: RMS = 0.0604937, max = 0.176092 (LBHD)
[2025-09-16 15:55:24.839] [info] Frame 79 (t = 0.395):	 total squared error = 0.17514, marker error: RMS = 0.0604050, max = 0.175776 (LBHD)
[2025-09-16 15:55:24.871] [info] Frame 80 (t = 0.4):	 total squared error = 0.174869, marker error: RMS = 0.0603581, max = 0.176 (LBHD)
[2025-09-16 15:55:24.895] [info] Frame 81 (t = 0.405000):	 total squared error = 0.17479, marker error: RMS = 0.0603444, max = 0.17568 (LBHD)
[2025-09-16 15:55:24.919] [info] Frame 82 (t = 0.41):	 total squared error = 0.174742, marker error: RMS = 0.0603362, max = 0.176294 (LBHD)
[2025-09-16 15:55:24.953] [info] Frame 83 (t = 0.415):	 total squared error = 0.174824, marker error: RMS = 0.0603504, max = 0.17678 (LBHD)
[2025-09-16 15:55:24.989] [info] Frame 84 (t = 0.42):	 total squared error = 0.17433, marker error: RMS = 0.0602650, max = 0.176759 (LBHD)
[2025-09-16 15:55:25.015] [info] Frame 85 (t = 0.425):	 total squared error = 0.174165, marker error: RMS = 0.0602365, max = 0.176813 (LBHD)
[2025-09-16 15:55:25.035] [info] Frame 86 (t = 0.43):	 total squared error = 0.173709, marker error: RMS = 0.0601576, max = 0.176255 (LBHD)
[2025-09-16 15:55:25.066] [info] Frame 87 (t = 0.435):	 total squared error = 0.173942, marker error: RMS = 0.0601979, max = 0.176841 (LBHD)
[2025-09-16 15:55:25.099] [info] Frame 88 (t = 0.44):	 total squared error = 0.174134, marker error: RMS = 0.0602312, max = 0.177353 (LBHD)
[2025-09-16 15:55:25.131] [info] Frame 89 (t = 0.445):	 total squared error = 0.173799, marker error: RMS = 0.0601732, max = 0.177404 (LBHD)
[2025-09-16 15:55:25.157] [info] Frame 90 (t = 0.45):	 total squared error = 0.173773, marker error: RMS = 0.0601687, max = 0.177707 (LBHD)
[2025-09-16 15:55:25.186] [info] Frame 91 (t = 0.455):	 total squared error = 0.173626, marker error: RMS = 0.0601432, max = 0.177614 (LBHD)
[2025-09-16 15:55:25.209] [info] Frame 92 (t = 0.46):	 total squared error = 0.173784, marker error: RMS = 0.0601707, max = 0.178413 (LBHD)
[2025-09-16 15:55:25.240] [info] Frame 93 (t = 0.465):	 total squared error = 0.173254, marker error: RMS = 0.0600789, max = 0.178059 (LBHD)
[2025-09-16 15:55:25.265] [info] Frame 94 (t = 0.47):	 total squared error = 0.172684, marker error: RMS = 0.0599798, max = 0.178194 (LBHD)
[2025-09-16 15:55:25.296] [info] Frame 95 (t = 0.475):	 total squared error = 0.172223, marker error: RMS = 0.0598998, max = 0.177811 (LBHD)
[2025-09-16 15:55:25.319] [info] Frame 96 (t = 0.48):	 total squared error = 0.172599, marker error: RMS = 0.0599651, max = 0.178264 (LBHD)
[2025-09-16 15:55:25.341] [info] Frame 97 (t = 0.485):	 total squared error = 0.173638, marker error: RMS = 0.0601454, max = 0.180160 (LBHD)
[2025-09-16 15:55:25.367] [info] Frame 98 (t = 0.49):	 total squared error = 0.172532, marker error: RMS = 0.0599535, max = 0.178933 (LBHD)
[2025-09-16 15:55:25.402] [info] Frame 99 (t = 0.495):	 total squared error = 0.172252, marker error: RMS = 0.0599048, max = 0.178857 (LBHD)
[2025-09-16 15:55:25.421] [info] Frame 100 (t = 0.5):	 total squared error = 0.172314, marker error: RMS = 0.0599156, max = 0.179122 (LBHD)
[2025-09-16 15:55:25.457] [info] Frame 101 (t = 0.505000):	 total squared error = 0.172152, marker error: RMS = 0.0598874, max = 0.179257 (LBHD)
[2025-09-16 15:55:25.485] [info] Frame 102 (t = 0.51):	 total squared error = 0.171863, marker error: RMS = 0.0598371, max = 0.179814 (LBHD)
[2025-09-16 15:55:25.518] [info] Frame 103 (t = 0.515):	 total squared error = 0.172070, marker error: RMS = 0.0598732, max = 0.179933 (LBHD)
[2025-09-16 15:55:25.550] [info] Frame 104 (t = 0.52):	 total squared error = 0.171759, marker error: RMS = 0.059819, max = 0.179474 (LBHD)
[2025-09-16 15:55:25.579] [info] Frame 105 (t = 0.525):	 total squared error = 0.172148, marker error: RMS = 0.0598866, max = 0.18 (LBHD)
[2025-09-16 15:55:25.610] [info] Frame 106 (t = 0.53):	 total squared error = 0.172518, marker error: RMS = 0.059951, max = 0.180292 (LBHD)
[2025-09-16 15:55:25.636] [info] Frame 107 (t = 0.535):	 total squared error = 0.172237, marker error: RMS = 0.0599023, max = 0.180846 (LBHD)
[2025-09-16 15:55:25.661] [info] Frame 108 (t = 0.54):	 total squared error = 0.172132, marker error: RMS = 0.0598838, max = 0.180243 (LBHD)
[2025-09-16 15:55:25.684] [info] Frame 109 (t = 0.545):	 total squared error = 0.172139, marker error: RMS = 0.0598851, max = 0.180840 (LBHD)
[2025-09-16 15:55:25.712] [info] Frame 110 (t = 0.55):	 total squared error = 0.172426, marker error: RMS = 0.0599351, max = 0.181385 (LBHD)
[2025-09-16 15:55:25.741] [info] Frame 111 (t = 0.555):	 total squared error = 0.172264, marker error: RMS = 0.0599069, max = 0.180998 (LBHD)
[2025-09-16 15:55:25.803] [info] Frame 112 (t = 0.56):	 total squared error = 0.171883, marker error: RMS = 0.0598406, max = 0.180450 (LBHD)
[2025-09-16 15:55:25.835] [info] Frame 113 (t = 0.565):	 total squared error = 0.172173, marker error: RMS = 0.059891, max = 0.180677 (LBHD)
[2025-09-16 15:55:25.858] [info] Frame 114 (t = 0.57):	 total squared error = 0.173191, marker error: RMS = 0.0600679, max = 0.183582 (LBHD)
[2025-09-16 15:55:25.875] [info] Frame 115 (t = 0.575):	 total squared error = 0.173514, marker error: RMS = 0.0601238, max = 0.185037 (LBHD)
[2025-09-16 15:55:25.899] [info] Frame 116 (t = 0.58):	 total squared error = 0.172795, marker error: RMS = 0.0599991, max = 0.182318 (LBHD)
[2025-09-16 15:55:25.941] [info] Frame 117 (t = 0.585):	 total squared error = 0.172946, marker error: RMS = 0.0600253, max = 0.182325 (LBHD)
[2025-09-16 15:55:25.982] [info] Frame 118 (t = 0.59):	 total squared error = 0.172724, marker error: RMS = 0.0599869, max = 0.18273 (LBHD)
[2025-09-16 15:55:26.025] [info] Frame 119 (t = 0.595):	 total squared error = 0.172703, marker error: RMS = 0.0599831, max = 0.182827 (LBHD)
[2025-09-16 15:55:26.059] [info] Frame 120 (t = 0.6):	 total squared error = 0.172701, marker error: RMS = 0.0599828, max = 0.182653 (LBHD)
[2025-09-16 15:55:26.086] [info] Frame 121 (t = 0.605000):	 total squared error = 0.172604, marker error: RMS = 0.0599659, max = 0.182595 (LBHD)
[2025-09-16 15:55:26.124] [info] Frame 122 (t = 0.61):	 total squared error = 0.171795, marker error: RMS = 0.0598253, max = 0.182502 (LBHD)
[2025-09-16 15:55:26.162] [info] Frame 123 (t = 0.615):	 total squared error = 0.172108, marker error: RMS = 0.0598798, max = 0.182662 (LBHD)
[2025-09-16 15:55:26.195] [info] Frame 124 (t = 0.62):	 total squared error = 0.172207, marker error: RMS = 0.059897, max = 0.182946 (LBHD)
[2025-09-16 15:55:26.233] [info] Frame 125 (t = 0.625):	 total squared error = 0.172238, marker error: RMS = 0.0599023, max = 0.182346 (LBHD)
[2025-09-16 15:55:26.276] [info] Frame 126 (t = 0.63):	 total squared error = 0.171649, marker error: RMS = 0.0597998, max = 0.182576 (LBHD)
[2025-09-16 15:55:26.315] [info] Frame 127 (t = 0.635):	 total squared error = 0.171678, marker error: RMS = 0.0598049, max = 0.182285 (LBHD)
[2025-09-16 15:55:26.354] [info] Frame 128 (t = 0.64):	 total squared error = 0.171648, marker error: RMS = 0.0597996, max = 0.182004 (LBHD)
[2025-09-16 15:55:26.380] [info] Frame 129 (t = 0.645):	 total squared error = 0.171526, marker error: RMS = 0.0597784, max = 0.181765 (LBHD)
[2025-09-16 15:55:26.413] [info] Frame 130 (t = 0.65):	 total squared error = 0.170907, marker error: RMS = 0.0596705, max = 0.181321 (LBHD)
[2025-09-16 15:55:26.435] [info] Frame 131 (t = 0.655):	 total squared error = 0.170912, marker error: RMS = 0.0596714, max = 0.181124 (LBHD)
[2025-09-16 15:55:26.464] [info] Frame 132 (t = 0.66):	 total squared error = 0.170953, marker error: RMS = 0.0596786, max = 0.181112 (LBHD)
[2025-09-16 15:55:26.490] [info] Frame 133 (t = 0.665):	 total squared error = 0.170461, marker error: RMS = 0.0595925, max = 0.180775 (LBHD)
[2025-09-16 15:55:26.517] [info] Frame 134 (t = 0.67):	 total squared error = 0.170420, marker error: RMS = 0.0595853, max = 0.180654 (LBHD)
[2025-09-16 15:55:26.541] [info] Frame 135 (t = 0.675):	 total squared error = 0.170196, marker error: RMS = 0.0595462, max = 0.180436 (LBHD)
[2025-09-16 15:55:26.562] [info] Frame 136 (t = 0.68):	 total squared error = 0.170567, marker error: RMS = 0.0596111, max = 0.180384 (LBHD)
[2025-09-16 15:55:26.586] [info] Frame 137 (t = 0.685):	 total squared error = 0.169964, marker error: RMS = 0.0595057, max = 0.180329 (LBHD)
[2025-09-16 15:55:26.610] [info] Frame 138 (t = 0.69):	 total squared error = 0.170071, marker error: RMS = 0.0595243, max = 0.180435 (LBHD)
[2025-09-16 15:55:26.633] [info] Frame 139 (t = 0.695):	 total squared error = 0.169995, marker error: RMS = 0.059511, max = 0.180171 (LBHD)
[2025-09-16 15:55:26.661] [info] Frame 140 (t = 0.7):	 total squared error = 0.169813, marker error: RMS = 0.0594792, max = 0.179629 (LBHD)
[2025-09-16 15:55:26.682] [info] Frame 141 (t = 0.705000):	 total squared error = 0.169566, marker error: RMS = 0.0594358, max = 0.179584 (LBHD)
[2025-09-16 15:55:26.721] [info] Frame 142 (t = 0.71):	 total squared error = 0.170134, marker error: RMS = 0.0595354, max = 0.179513 (LBHD)
[2025-09-16 15:55:26.755] [info] Frame 143 (t = 0.715):	 total squared error = 0.170710, marker error: RMS = 0.0596361, max = 0.181265 (LBHD)
[2025-09-16 15:55:26.777] [info] Frame 144 (t = 0.72):	 total squared error = 0.16996, marker error: RMS = 0.0595049, max = 0.181078 (LBHD)
[2025-09-16 15:55:26.808] [info] Frame 145 (t = 0.725):	 total squared error = 0.170788, marker error: RMS = 0.0596496, max = 0.181886 (LBHD)
[2025-09-16 15:55:26.828] [info] Frame 146 (t = 0.73):	 total squared error = 0.169498, marker error: RMS = 0.059424, max = 0.180385 (LBHD)
[2025-09-16 15:55:26.867] [info] Frame 147 (t = 0.735):	 total squared error = 0.171211, marker error: RMS = 0.0597234, max = 0.182027 (LBHD)
[2025-09-16 15:55:26.890] [info] Frame 148 (t = 0.74):	 total squared error = 0.170807, marker error: RMS = 0.059653, max = 0.181518 (LBHD)
[2025-09-16 15:55:26.915] [info] Frame 149 (t = 0.745):	 total squared error = 0.170970, marker error: RMS = 0.0596815, max = 0.181285 (LBHD)
[2025-09-16 15:55:26.937] [info] Frame 150 (t = 0.75):	 total squared error = 0.170685, marker error: RMS = 0.0596316, max = 0.180962 (LBHD)
[2025-09-16 15:55:26.961] [info] Frame 151 (t = 0.755):	 total squared error = 0.170950, marker error: RMS = 0.059678, max = 0.181383 (LBHD)
[2025-09-16 15:55:26.995] [info] Frame 152 (t = 0.76):	 total squared error = 0.170256, marker error: RMS = 0.0595567, max = 0.180326 (LBHD)
[2025-09-16 15:55:27.041] [info] Frame 153 (t = 0.765):	 total squared error = 0.169995, marker error: RMS = 0.0595111, max = 0.180641 (LBHD)
[2025-09-16 15:55:27.081] [info] Frame 154 (t = 0.77):	 total squared error = 0.170381, marker error: RMS = 0.0595786, max = 0.181221 (LBHD)
[2025-09-16 15:55:27.109] [info] Frame 155 (t = 0.775):	 total squared error = 0.169713, marker error: RMS = 0.0594616, max = 0.180856 (LBHD)
[2025-09-16 15:55:27.174] [info] Frame 156 (t = 0.78):	 total squared error = 0.169923, marker error: RMS = 0.0594985, max = 0.180612 (LBHD)
[2025-09-16 15:55:27.199] [info] Frame 157 (t = 0.785):	 total squared error = 0.169517, marker error: RMS = 0.0594273, max = 0.180737 (LBHD)
[2025-09-16 15:55:27.233] [info] Frame 158 (t = 0.79):	 total squared error = 0.169629, marker error: RMS = 0.059447, max = 0.180228 (LBHD)
[2025-09-16 15:55:27.263] [info] Frame 159 (t = 0.795):	 total squared error = 0.169565, marker error: RMS = 0.0594357, max = 0.179805 (LBHD)
[2025-09-16 15:55:27.289] [info] Frame 160 (t = 0.8):	 total squared error = 0.169455, marker error: RMS = 0.0594164, max = 0.179802 (LBHD)
[2025-09-16 15:55:27.319] [info] Frame 161 (t = 0.805000):	 total squared error = 0.169963, marker error: RMS = 0.0595054, max = 0.181035 (LBHD)
[2025-09-16 15:55:27.344] [info] Frame 162 (t = 0.81):	 total squared error = 0.169912, marker error: RMS = 0.0594965, max = 0.180968 (LBHD)
[2025-09-16 15:55:27.372] [info] Frame 163 (t = 0.815):	 total squared error = 0.169179, marker error: RMS = 0.0593681, max = 0.181211 (LBHD)
[2025-09-16 15:55:27.409] [info] Frame 164 (t = 0.82):	 total squared error = 0.170214, marker error: RMS = 0.0595494, max = 0.181727 (LBHD)
[2025-09-16 15:55:27.449] [info] Frame 165 (t = 0.825):	 total squared error = 0.170391, marker error: RMS = 0.0595803, max = 0.181519 (LBHD)
[2025-09-16 15:55:27.487] [info] Frame 166 (t = 0.83):	 total squared error = 0.170407, marker error: RMS = 0.0595831, max = 0.18173 (LBHD)
[2025-09-16 15:55:27.517] [info] Frame 167 (t = 0.835):	 total squared error = 0.170131, marker error: RMS = 0.0595348, max = 0.181473 (LBHD)
[2025-09-16 15:55:27.562] [info] Frame 168 (t = 0.84):	 total squared error = 0.170178, marker error: RMS = 0.059543, max = 0.181167 (LBHD)
[2025-09-16 15:55:27.588] [info] Frame 169 (t = 0.845):	 total squared error = 0.170209, marker error: RMS = 0.0595485, max = 0.181558 (LBHD)
[2025-09-16 15:55:27.613] [info] Frame 170 (t = 0.85):	 total squared error = 0.170677, marker error: RMS = 0.0596303, max = 0.182122 (LBHD)
[2025-09-16 15:55:27.642] [info] Frame 171 (t = 0.855):	 total squared error = 0.170463, marker error: RMS = 0.059593, max = 0.182408 (LBHD)
[2025-09-16 15:55:27.669] [info] Frame 172 (t = 0.86):	 total squared error = 0.170076, marker error: RMS = 0.0595251, max = 0.180477 (LBHD)
[2025-09-16 15:55:27.712] [info] Frame 173 (t = 0.865):	 total squared error = 0.170378, marker error: RMS = 0.059578, max = 0.180556 (LBHD)
[2025-09-16 15:55:27.732] [info] Frame 174 (t = 0.87):	 total squared error = 0.170302, marker error: RMS = 0.0595647, max = 0.180540 (LBHD)
[2025-09-16 15:55:27.761] [info] Frame 175 (t = 0.875):	 total squared error = 0.170556, marker error: RMS = 0.0596091, max = 0.180564 (LBHD)
[2025-09-16 15:55:27.788] [info] Frame 176 (t = 0.88):	 total squared error = 0.170472, marker error: RMS = 0.0595945, max = 0.180904 (LBHD)
[2025-09-16 15:55:27.834] [info] Frame 177 (t = 0.885):	 total squared error = 0.170621, marker error: RMS = 0.0596204, max = 0.181247 (LBHD)
[2025-09-16 15:55:27.875] [info] Frame 178 (t = 0.89):	 total squared error = 0.170779, marker error: RMS = 0.0596482, max = 0.181887 (LBHD)
[2025-09-16 15:55:27.904] [info] Frame 179 (t = 0.895):	 total squared error = 0.171239, marker error: RMS = 0.0597285, max = 0.181826 (LBHD)
[2025-09-16 15:55:27.939] [info] Frame 180 (t = 0.9):	 total squared error = 0.171118, marker error: RMS = 0.0597072, max = 0.181751 (LBHD)
[2025-09-16 15:55:27.980] [info] Frame 181 (t = 0.905000):	 total squared error = 0.170954, marker error: RMS = 0.0596786, max = 0.182452 (LBHD)
[2025-09-16 15:55:28.012] [info] Frame 182 (t = 0.91):	 total squared error = 0.171389, marker error: RMS = 0.0597545, max = 0.182024 (LBHD)
[2025-09-16 15:55:28.053] [info] Frame 183 (t = 0.915):	 total squared error = 0.171213, marker error: RMS = 0.0597239, max = 0.182759 (LBHD)
[2025-09-16 15:55:28.093] [info] Frame 184 (t = 0.92):	 total squared error = 0.171777, marker error: RMS = 0.0598221, max = 0.182427 (LBHD)
[2025-09-16 15:55:28.115] [info] Frame 185 (t = 0.925):	 total squared error = 0.171377, marker error: RMS = 0.0597524, max = 0.181878 (LBHD)
[2025-09-16 15:55:28.152] [info] Frame 186 (t = 0.93):	 total squared error = 0.17156, marker error: RMS = 0.0597843, max = 0.183293 (LBHD)
[2025-09-16 15:55:28.179] [info] Frame 187 (t = 0.935):	 total squared error = 0.172243, marker error: RMS = 0.0599033, max = 0.183315 (LBHD)
[2025-09-16 15:55:28.209] [info] Frame 188 (t = 0.94):	 total squared error = 0.172294, marker error: RMS = 0.059912, max = 0.184084 (LBHD)
[2025-09-16 15:55:28.239] [info] Frame 189 (t = 0.945):	 total squared error = 0.17252, marker error: RMS = 0.0599514, max = 0.183329 (LBHD)
[2025-09-16 15:55:28.273] [info] Frame 190 (t = 0.95):	 total squared error = 0.172596, marker error: RMS = 0.0599646, max = 0.1833 (LBHD)
[2025-09-16 15:55:28.302] [info] Frame 191 (t = 0.955):	 total squared error = 0.172504, marker error: RMS = 0.0599485, max = 0.184004 (LBHD)
[2025-09-16 15:55:28.340] [info] Frame 192 (t = 0.96):	 total squared error = 0.173171, marker error: RMS = 0.0600643, max = 0.184227 (LBHD)
[2025-09-16 15:55:28.367] [info] Frame 193 (t = 0.965):	 total squared error = 0.173274, marker error: RMS = 0.0600822, max = 0.18472 (LBHD)
[2025-09-16 15:55:28.395] [info] Frame 194 (t = 0.97):	 total squared error = 0.173195, marker error: RMS = 0.0600686, max = 0.184691 (LBHD)
[2025-09-16 15:55:28.434] [info] Frame 195 (t = 0.975):	 total squared error = 0.173806, marker error: RMS = 0.0601744, max = 0.184631 (LBHD)
[2025-09-16 15:55:28.475] [info] Frame 196 (t = 0.98):	 total squared error = 0.173535, marker error: RMS = 0.0601275, max = 0.184871 (LBHD)
[2025-09-16 15:55:28.524] [info] Frame 197 (t = 0.985):	 total squared error = 0.174001, marker error: RMS = 0.0602081, max = 0.184684 (LBHD)
[2025-09-16 15:55:28.565] [info] Frame 198 (t = 0.99):	 total squared error = 0.173548, marker error: RMS = 0.0601298, max = 0.184063 (LBHD)
[2025-09-16 15:55:28.601] [info] Frame 199 (t = 0.995):	 total squared error = 0.174069, marker error: RMS = 0.0602198, max = 0.185456 (LBHD)
[2025-09-16 15:55:28.637] [info] Frame 200 (t = 1.0):	 total squared error = 0.174467, marker error: RMS = 0.0602887, max = 0.18546 (LBHD)
[2025-09-16 15:55:28.679] [info] Frame 201 (t = 1.00500):	 total squared error = 0.174976, marker error: RMS = 0.0603766, max = 0.185672 (LBHD)
[2025-09-16 15:55:28.704] [info] Frame 202 (t = 1.01):	 total squared error = 0.174742, marker error: RMS = 0.0603363, max = 0.186139 (LBHD)
[2025-09-16 15:55:28.738] [info] Frame 203 (t = 1.015):	 total squared error = 0.175633, marker error: RMS = 0.0604898, max = 0.187086 (LBHD)
[2025-09-16 15:55:28.782] [info] Frame 204 (t = 1.02):	 total squared error = 0.175753, marker error: RMS = 0.0605105, max = 0.186466 (LBHD)
[2025-09-16 15:55:28.812] [info] Frame 205 (t = 1.025):	 total squared error = 0.175803, marker error: RMS = 0.0605190, max = 0.186869 (LBHD)
[2025-09-16 15:55:28.858] [info] Frame 206 (t = 1.03):	 total squared error = 0.176017, marker error: RMS = 0.0605559, max = 0.187301 (LBHD)
[2025-09-16 15:55:28.882] [info] Frame 207 (t = 1.035):	 total squared error = 0.176391, marker error: RMS = 0.0606202, max = 0.187223 (LBHD)
[2025-09-16 15:55:28.931] [info] Frame 208 (t = 1.04):	 total squared error = 0.176851, marker error: RMS = 0.0606992, max = 0.187511 (LBHD)
[2025-09-16 15:55:28.980] [info] Frame 209 (t = 1.045):	 total squared error = 0.176895, marker error: RMS = 0.0607068, max = 0.187884 (LBHD)
[2025-09-16 15:55:29.010] [info] Frame 210 (t = 1.05):	 total squared error = 0.177535, marker error: RMS = 0.0608164, max = 0.187709 (LBHD)
[2025-09-16 15:55:29.059] [info] Frame 211 (t = 1.055):	 total squared error = 0.177759, marker error: RMS = 0.0608549, max = 0.18799 (LBHD)
[2025-09-16 15:55:29.091] [info] Frame 212 (t = 1.06):	 total squared error = 0.177916, marker error: RMS = 0.0608817, max = 0.188944 (LBHD)
[2025-09-16 15:55:29.141] [info] Frame 213 (t = 1.065):	 total squared error = 0.177939, marker error: RMS = 0.0608857, max = 0.188982 (LBHD)
[2025-09-16 15:55:29.191] [info] Frame 214 (t = 1.07):	 total squared error = 0.178578, marker error: RMS = 0.0609948, max = 0.189484 (LBHD)
[2025-09-16 15:55:29.246] [info] Frame 215 (t = 1.075):	 total squared error = 0.178519, marker error: RMS = 0.0609848, max = 0.189351 (LBHD)
[2025-09-16 15:55:29.279] [info] Frame 216 (t = 1.08):	 total squared error = 0.178714, marker error: RMS = 0.0610181, max = 0.188944 (LBHD)
[2025-09-16 15:55:29.334] [info] Frame 217 (t = 1.085):	 total squared error = 0.179263, marker error: RMS = 0.0611118, max = 0.189964 (LBHD)
[2025-09-16 15:55:29.391] [info] Frame 218 (t = 1.09):	 total squared error = 0.179262, marker error: RMS = 0.0611115, max = 0.189925 (LBHD)
[2025-09-16 15:55:29.435] [info] Frame 219 (t = 1.095):	 total squared error = 0.179473, marker error: RMS = 0.0611475, max = 0.189861 (LBHD)
[2025-09-16 15:55:29.474] [info] Frame 220 (t = 1.1):	 total squared error = 0.179428, marker error: RMS = 0.0611398, max = 0.18934 (LBHD)
[2025-09-16 15:55:29.533] [info] Frame 221 (t = 1.10500):	 total squared error = 0.180309, marker error: RMS = 0.0612898, max = 0.190241 (LBHD)
[2025-09-16 15:55:29.582] [info] Frame 222 (t = 1.11):	 total squared error = 0.179862, marker error: RMS = 0.0612138, max = 0.190621 (LBHD)
[2025-09-16 15:55:29.633] [info] Frame 223 (t = 1.115):	 total squared error = 0.180469, marker error: RMS = 0.061317, max = 0.191132 (LBHD)
[2025-09-16 15:55:29.672] [info] Frame 224 (t = 1.12):	 total squared error = 0.180727, marker error: RMS = 0.0613608, max = 0.191216 (LBHD)
[2025-09-16 15:55:29.725] [info] Frame 225 (t = 1.125):	 total squared error = 0.181141, marker error: RMS = 0.061431, max = 0.191369 (LBHD)
[2025-09-16 15:55:29.762] [info] Frame 226 (t = 1.13):	 total squared error = 0.181538, marker error: RMS = 0.0614984, max = 0.191292 (LBHD)
[2025-09-16 15:55:29.827] [info] Frame 227 (t = 1.135):	 total squared error = 0.181681, marker error: RMS = 0.0615226, max = 0.19131 (LBHD)
[2025-09-16 15:55:29.898] [info] Frame 228 (t = 1.14):	 total squared error = 0.18195, marker error: RMS = 0.0615681, max = 0.191816 (LBHD)
[2025-09-16 15:55:29.947] [info] Frame 229 (t = 1.145):	 total squared error = 0.181728, marker error: RMS = 0.0615305, max = 0.192263 (LBHD)
[2025-09-16 15:55:29.986] [info] Frame 230 (t = 1.15):	 total squared error = 0.181714, marker error: RMS = 0.0615282, max = 0.192179 (LBHD)
[2025-09-16 15:55:30.038] [info] Frame 231 (t = 1.155):	 total squared error = 0.182379, marker error: RMS = 0.0616406, max = 0.192283 (LBHD)
[2025-09-16 15:55:30.080] [info] Frame 232 (t = 1.16):	 total squared error = 0.182291, marker error: RMS = 0.0616258, max = 0.192063 (LBHD)
[2025-09-16 15:55:30.128] [info] Frame 233 (t = 1.165):	 total squared error = 0.181855, marker error: RMS = 0.0615519, max = 0.191555 (LBHD)
[2025-09-16 15:55:30.179] [info] Frame 234 (t = 1.17):	 total squared error = 0.182044, marker error: RMS = 0.061584, max = 0.191808 (LBHD)
[2025-09-16 15:55:30.229] [info] Frame 235 (t = 1.175):	 total squared error = 0.182419, marker error: RMS = 0.0616473, max = 0.192504 (LBHD)
[2025-09-16 15:55:30.292] [info] Frame 236 (t = 1.18):	 total squared error = 0.18245, marker error: RMS = 0.0616526, max = 0.19257 (LBHD)
[2025-09-16 15:55:30.344] [info] Frame 237 (t = 1.185):	 total squared error = 0.18218, marker error: RMS = 0.0616070, max = 0.192472 (LBHD)
[2025-09-16 15:55:30.404] [info] Frame 238 (t = 1.19):	 total squared error = 0.182493, marker error: RMS = 0.0616599, max = 0.193164 (LBHD)
[2025-09-16 15:55:30.446] [info] Frame 239 (t = 1.195):	 total squared error = 0.182841, marker error: RMS = 0.0617185, max = 0.193677 (LBHD)
[2025-09-16 15:55:30.496] [info] Frame 240 (t = 1.2):	 total squared error = 0.182576, marker error: RMS = 0.0616739, max = 0.193543 (LBHD)
[2025-09-16 15:55:30.556] [info] Frame 241 (t = 1.20500):	 total squared error = 0.182113, marker error: RMS = 0.0615956, max = 0.192827 (LBHD)
[2025-09-16 15:55:30.626] [info] Frame 242 (t = 1.21):	 total squared error = 0.182772, marker error: RMS = 0.0617069, max = 0.193726 (LBHD)
[2025-09-16 15:55:30.702] [info] Frame 243 (t = 1.215):	 total squared error = 0.182376, marker error: RMS = 0.06164, max = 0.193093 (LBHD)
[2025-09-16 15:55:30.766] [info] Frame 244 (t = 1.22):	 total squared error = 0.182983, marker error: RMS = 0.0617426, max = 0.194157 (LBHD)
[2025-09-16 15:55:30.816] [info] Frame 245 (t = 1.225):	 total squared error = 0.18284, marker error: RMS = 0.0617184, max = 0.1941 (LBHD)
[2025-09-16 15:55:30.843] [info] Frame 246 (t = 1.23):	 total squared error = 0.183132, marker error: RMS = 0.0617677, max = 0.194207 (LBHD)
[2025-09-16 15:55:30.884] [info] Frame 247 (t = 1.235):	 total squared error = 0.183201, marker error: RMS = 0.0617794, max = 0.194072 (LBHD)
[2025-09-16 15:55:30.928] [info] Frame 248 (t = 1.24):	 total squared error = 0.183372, marker error: RMS = 0.0618081, max = 0.194733 (LBHD)
[2025-09-16 15:55:30.970] [info] Frame 249 (t = 1.245):	 total squared error = 0.183813, marker error: RMS = 0.0618824, max = 0.194956 (LBHD)
[2025-09-16 15:55:31.014] [info] Frame 250 (t = 1.25):	 total squared error = 0.183733, marker error: RMS = 0.061869, max = 0.194847 (LBHD)
[2025-09-16 15:55:31.057] [info] Frame 251 (t = 1.255):	 total squared error = 0.184441, marker error: RMS = 0.0619881, max = 0.195649 (LBHD)
[2025-09-16 15:55:31.102] [info] Frame 252 (t = 1.26):	 total squared error = 0.184142, marker error: RMS = 0.0619378, max = 0.195343 (LBHD)
[2025-09-16 15:55:31.130] [info] Frame 253 (t = 1.265):	 total squared error = 0.184242, marker error: RMS = 0.0619546, max = 0.195364 (LBHD)
[2025-09-16 15:55:31.162] [info] Frame 254 (t = 1.27):	 total squared error = 0.184356, marker error: RMS = 0.0619737, max = 0.195376 (LBHD)
[2025-09-16 15:55:31.202] [info] Frame 255 (t = 1.275):	 total squared error = 0.185316, marker error: RMS = 0.062135, max = 0.19653 (LBHD)
[2025-09-16 15:55:31.241] [info] Frame 256 (t = 1.28):	 total squared error = 0.184646, marker error: RMS = 0.0620225, max = 0.195582 (LBHD)
[2025-09-16 15:55:31.282] [info] Frame 257 (t = 1.285):	 total squared error = 0.184658, marker error: RMS = 0.0620245, max = 0.195785 (LBHD)
[2025-09-16 15:55:31.343] [info] Frame 258 (t = 1.29):	 total squared error = 0.184678, marker error: RMS = 0.0620278, max = 0.195589 (LBHD)
[2025-09-16 15:55:31.396] [info] Frame 259 (t = 1.295):	 total squared error = 0.184857, marker error: RMS = 0.0620579, max = 0.195654 (LBHD)
[2025-09-16 15:55:31.446] [info] Frame 260 (t = 1.3):	 total squared error = 0.185087, marker error: RMS = 0.0620965, max = 0.195902 (LBHD)
[2025-09-16 15:55:31.493] [info] Frame 261 (t = 1.30500):	 total squared error = 0.184749, marker error: RMS = 0.0620399, max = 0.195361 (LBHD)
[2025-09-16 15:55:31.527] [info] Frame 262 (t = 1.31):	 total squared error = 0.184951, marker error: RMS = 0.0620737, max = 0.195465 (LBHD)
[2025-09-16 15:55:31.580] [info] Frame 263 (t = 1.315):	 total squared error = 0.184905, marker error: RMS = 0.0620660, max = 0.195198 (LBHD)
[2025-09-16 15:55:31.631] [info] Frame 264 (t = 1.32):	 total squared error = 0.186006, marker error: RMS = 0.0622505, max = 0.196134 (LBHD)
[2025-09-16 15:55:31.696] [info] Frame 265 (t = 1.325):	 total squared error = 0.184472, marker error: RMS = 0.0619933, max = 0.194427 (LBHD)
[2025-09-16 15:55:31.726] [info] Frame 266 (t = 1.33):	 total squared error = 0.184746, marker error: RMS = 0.0620394, max = 0.195039 (LBHD)
[2025-09-16 15:55:31.767] [info] Frame 267 (t = 1.335):	 total squared error = 0.185253, marker error: RMS = 0.0621244, max = 0.195080 (LBHD)
[2025-09-16 15:55:31.812] [info] Frame 268 (t = 1.34):	 total squared error = 0.185145, marker error: RMS = 0.0621063, max = 0.194842 (LBHD)
[2025-09-16 15:55:31.866] [info] Frame 269 (t = 1.345):	 total squared error = 0.184728, marker error: RMS = 0.0620363, max = 0.194412 (LBHD)
[2025-09-16 15:55:31.913] [info] Frame 270 (t = 1.35):	 total squared error = 0.185144, marker error: RMS = 0.0621061, max = 0.194716 (LBHD)
[2025-09-16 15:55:31.970] [info] Frame 271 (t = 1.355):	 total squared error = 0.184947, marker error: RMS = 0.0620730, max = 0.194278 (LBHD)
[2025-09-16 15:55:31.996] [info] Frame 272 (t = 1.36):	 total squared error = 0.184819, marker error: RMS = 0.0620516, max = 0.193887 (LBHD)
[2025-09-16 15:55:32.045] [info] Frame 273 (t = 1.365):	 total squared error = 0.185309, marker error: RMS = 0.0621338, max = 0.193872 (LBHD)
[2025-09-16 15:55:32.159] [info] Frame 274 (t = 1.37):	 total squared error = 0.18536, marker error: RMS = 0.0621423, max = 0.1935 (LBHD)
[2025-09-16 15:55:32.264] [info] Frame 275 (t = 1.375):	 total squared error = 0.185396, marker error: RMS = 0.0621483, max = 0.193252 (LBHD)
[2025-09-16 15:55:32.393] [info] Frame 276 (t = 1.38):	 total squared error = 0.185663, marker error: RMS = 0.0621931, max = 0.193097 (LBHD)
[2025-09-16 15:55:32.512] [info] Frame 277 (t = 1.385):	 total squared error = 0.185951, marker error: RMS = 0.0622414, max = 0.192973 (LBHD)
[2025-09-16 15:55:32.639] [info] Frame 278 (t = 1.39):	 total squared error = 0.185759, marker error: RMS = 0.0622091, max = 0.192386 (LBHD)
[2025-09-16 15:55:32.778] [info] Frame 279 (t = 1.395):	 total squared error = 0.18573, marker error: RMS = 0.0622043, max = 0.192047 (LBHD)
[2025-09-16 15:55:32.907] [info] Frame 280 (t = 1.4):	 total squared error = 0.186152, marker error: RMS = 0.0622749, max = 0.192136 (LBHD)
[2025-09-16 15:55:33.023] [info] Frame 281 (t = 1.40500):	 total squared error = 0.186086, marker error: RMS = 0.0622638, max = 0.191778 (LBHD)
[2025-09-16 15:55:33.165] [info] Frame 282 (t = 1.41):	 total squared error = 0.185896, marker error: RMS = 0.0622321, max = 0.191072 (LBHD)
[2025-09-16 15:55:33.229] [info] Frame 283 (t = 1.415):	 total squared error = 0.185862, marker error: RMS = 0.0622264, max = 0.190581 (LBHD)
[2025-09-16 15:55:33.314] [info] Frame 284 (t = 1.42):	 total squared error = 0.186783, marker error: RMS = 0.0623804, max = 0.191261 (LBHD)
[2025-09-16 15:55:33.450] [info] Frame 285 (t = 1.425):	 total squared error = 0.186743, marker error: RMS = 0.0623737, max = 0.190564 (LBHD)
[2025-09-16 15:55:33.559] [info] Frame 286 (t = 1.43):	 total squared error = 0.186312, marker error: RMS = 0.0623017, max = 0.189871 (LBHD)
[2025-09-16 15:55:33.734] [info] Frame 287 (t = 1.435):	 total squared error = 0.1866, marker error: RMS = 0.0623498, max = 0.189672 (LBHD)
[2025-09-16 15:55:33.870] [info] Frame 288 (t = 1.44):	 total squared error = 0.186613, marker error: RMS = 0.062352, max = 0.189355 (LBHD)
[2025-09-16 15:55:33.987] [info] Frame 289 (t = 1.445):	 total squared error = 0.187026, marker error: RMS = 0.0624209, max = 0.189416 (LBHD)
[2025-09-16 15:55:34.143] [info] Frame 290 (t = 1.45):	 total squared error = 0.186936, marker error: RMS = 0.0624059, max = 0.188797 (LBHD)
[2025-09-16 15:55:34.216] [info] Frame 291 (t = 1.455):	 total squared error = 0.186804, marker error: RMS = 0.0623839, max = 0.188546 (LBHD)
[2025-09-16 15:55:34.378] [info] Frame 292 (t = 1.46):	 total squared error = 0.187211, marker error: RMS = 0.0624519, max = 0.188508 (LBHD)
[2025-09-16 15:55:34.515] [info] Frame 293 (t = 1.465):	 total squared error = 0.187498, marker error: RMS = 0.0624996, max = 0.188030 (LBHD)
[2025-09-16 15:55:34.621] [info] Frame 294 (t = 1.47):	 total squared error = 0.18785, marker error: RMS = 0.0625584, max = 0.187977 (LBHD)
[2025-09-16 15:55:34.727] [info] Frame 295 (t = 1.475):	 total squared error = 0.18669, marker error: RMS = 0.0623648, max = 0.186234 (LBHD)
[2025-09-16 15:55:34.852] [info] Frame 296 (t = 1.48):	 total squared error = 0.187118, marker error: RMS = 0.0624364, max = 0.186572 (LBHD)
[2025-09-16 15:55:34.982] [info] Frame 297 (t = 1.485):	 total squared error = 0.187611, marker error: RMS = 0.0625185, max = 0.186732 (LBHD)
[2025-09-16 15:55:35.093] [info] Frame 298 (t = 1.49):	 total squared error = 0.187183, marker error: RMS = 0.0624472, max = 0.186074 (LBHD)
[2025-09-16 15:55:35.166] [info] Frame 299 (t = 1.495):	 total squared error = 0.187754, marker error: RMS = 0.0625423, max = 0.186321 (LBHD)
[2025-09-16 15:55:35.297] [info] Frame 300 (t = 1.5):	 total squared error = 0.188208, marker error: RMS = 0.0626178, max = 0.186367 (LBHD)
[2025-09-16 15:55:35.423] [info] Frame 301 (t = 1.50500):	 total squared error = 0.187426, marker error: RMS = 0.0624877, max = 0.18526 (LBHD)
[2025-09-16 15:55:35.527] [info] Frame 302 (t = 1.51):	 total squared error = 0.187883, marker error: RMS = 0.0625638, max = 0.18561 (LBHD)
[2025-09-16 15:55:35.668] [info] Frame 303 (t = 1.515):	 total squared error = 0.187559, marker error: RMS = 0.0625099, max = 0.185062 (LBHD)
[2025-09-16 15:55:35.797] [info] Frame 304 (t = 1.52):	 total squared error = 0.187618, marker error: RMS = 0.0625196, max = 0.184579 (LBHD)
[2025-09-16 15:55:35.838] [info] Frame 305 (t = 1.525):	 total squared error = 0.185433, marker error: RMS = 0.0621546, max = 0.1814 (LBHD)
[2025-09-16 15:55:35.923] [info] Frame 306 (t = 1.53):	 total squared error = 0.187701, marker error: RMS = 0.0625335, max = 0.184232 (LBHD)
[2025-09-16 15:55:36.052] [info] Frame 307 (t = 1.535):	 total squared error = 0.186935, marker error: RMS = 0.0624057, max = 0.182953 (LBHD)
[2025-09-16 15:55:36.134] [info] Frame 308 (t = 1.54):	 total squared error = 0.186649, marker error: RMS = 0.0623581, max = 0.182496 (LBHD)
[2025-09-16 15:55:36.213] [info] Frame 309 (t = 1.545):	 total squared error = 0.186435, marker error: RMS = 0.0623223, max = 0.181976 (LBHD)
[2025-09-16 15:55:36.264] [info] Frame 310 (t = 1.55):	 total squared error = 0.186755, marker error: RMS = 0.0623756, max = 0.182192 (RBHD)
[2025-09-16 15:55:36.336] [info] Frame 311 (t = 1.555):	 total squared error = 0.18617, marker error: RMS = 0.0622779, max = 0.181533 (RBHD)
[2025-09-16 15:55:36.417] [info] Frame 312 (t = 1.56):	 total squared error = 0.186589, marker error: RMS = 0.0623479, max = 0.181792 (RBHD)
[2025-09-16 15:55:36.551] [info] Frame 313 (t = 1.565):	 total squared error = 0.187060, marker error: RMS = 0.0624266, max = 0.182544 (RBHD)
[2025-09-16 15:55:36.643] [info] Frame 314 (t = 1.57):	 total squared error = 0.186655, marker error: RMS = 0.0623589, max = 0.182001 (RBHD)
[2025-09-16 15:55:36.758] [info] Frame 315 (t = 1.575):	 total squared error = 0.187182, marker error: RMS = 0.0624471, max = 0.182536 (RBHD)
[2025-09-16 15:55:36.858] [info] Frame 316 (t = 1.58):	 total squared error = 0.187059, marker error: RMS = 0.0624265, max = 0.182415 (RBHD)
[2025-09-16 15:55:36.968] [info] Frame 317 (t = 1.585):	 total squared error = 0.187174, marker error: RMS = 0.0624456, max = 0.182616 (RBHD)
[2025-09-16 15:55:37.062] [info] Frame 318 (t = 1.59):	 total squared error = 0.187075, marker error: RMS = 0.0624291, max = 0.182466 (RBHD)
[2025-09-16 15:55:37.159] [info] Frame 319 (t = 1.595):	 total squared error = 0.187146, marker error: RMS = 0.0624409, max = 0.182293 (RBHD)
[2025-09-16 15:55:37.222] [info] Frame 320 (t = 1.6):	 total squared error = 0.187392, marker error: RMS = 0.062482, max = 0.182878 (RBHD)
[2025-09-16 15:55:37.300] [info] Frame 321 (t = 1.60500):	 total squared error = 0.187113, marker error: RMS = 0.0624355, max = 0.182383 (RBHD)
[2025-09-16 15:55:37.410] [info] Frame 322 (t = 1.61):	 total squared error = 0.187343, marker error: RMS = 0.0624739, max = 0.182252 (RBHD)
[2025-09-16 15:55:37.508] [info] Frame 323 (t = 1.615):	 total squared error = 0.187258, marker error: RMS = 0.0624596, max = 0.181994 (RBHD)
[2025-09-16 15:55:37.576] [info] Frame 324 (t = 1.62):	 total squared error = 0.187087, marker error: RMS = 0.0624311, max = 0.181719 (RBHD)
[2025-09-16 15:55:37.627] [info] Frame 325 (t = 1.625):	 total squared error = 0.186941, marker error: RMS = 0.0624067, max = 0.181298 (RBHD)
[2025-09-16 15:55:37.709] [info] Frame 326 (t = 1.63):	 total squared error = 0.187012, marker error: RMS = 0.0624187, max = 0.181241 (RBHD)
[2025-09-16 15:55:37.782] [info] Frame 327 (t = 1.635):	 total squared error = 0.187043, marker error: RMS = 0.0624238, max = 0.181409 (RBHD)
[2025-09-16 15:55:37.896] [info] Frame 328 (t = 1.64):	 total squared error = 0.187599, marker error: RMS = 0.0625164, max = 0.181781 (RBHD)
[2025-09-16 15:55:38.027] [info] Frame 329 (t = 1.645):	 total squared error = 0.18725, marker error: RMS = 0.0624583, max = 0.18137 (RBHD)
[2025-09-16 15:55:38.107] [info] Frame 330 (t = 1.65):	 total squared error = 0.187292, marker error: RMS = 0.0624653, max = 0.181461 (RBHD)
[2025-09-16 15:55:38.256] [info] Frame 331 (t = 1.655):	 total squared error = 0.187462, marker error: RMS = 0.0624936, max = 0.181381 (RBHD)
[2025-09-16 15:55:38.407] [info] Frame 332 (t = 1.66):	 total squared error = 0.187178, marker error: RMS = 0.0624464, max = 0.180863 (RBHD)
[2025-09-16 15:55:38.501] [info] Frame 333 (t = 1.665):	 total squared error = 0.187115, marker error: RMS = 0.0624357, max = 0.181161 (RBHD)
[2025-09-16 15:55:38.630] [info] Frame 334 (t = 1.67):	 total squared error = 0.188151, marker error: RMS = 0.0626085, max = 0.181808 (RBHD)
[2025-09-16 15:55:38.742] [info] Frame 335 (t = 1.675):	 total squared error = 0.187266, marker error: RMS = 0.062461, max = 0.180626 (RBHD)
[2025-09-16 15:55:38.841] [info] Frame 336 (t = 1.68):	 total squared error = 0.187306, marker error: RMS = 0.0624676, max = 0.180644 (RBHD)
[2025-09-16 15:55:38.967] [info] Frame 337 (t = 1.685):	 total squared error = 0.187424, marker error: RMS = 0.0624873, max = 0.180210 (RBHD)
[2025-09-16 15:55:39.070] [info] Frame 338 (t = 1.69):	 total squared error = 0.187823, marker error: RMS = 0.0625538, max = 0.180558 (RBHD)
[2025-09-16 15:55:39.168] [info] Frame 339 (t = 1.695):	 total squared error = 0.187545, marker error: RMS = 0.0625075, max = 0.179992 (RBHD)
[2025-09-16 15:55:39.270] [info] Frame 340 (t = 1.7):	 total squared error = 0.187712, marker error: RMS = 0.0625353, max = 0.179812 (RBHD)
[2025-09-16 15:55:39.366] [info] Frame 341 (t = 1.70500):	 total squared error = 0.187711, marker error: RMS = 0.0625352, max = 0.179549 (RBHD)
[2025-09-16 15:55:39.511] [info] Frame 342 (t = 1.71):	 total squared error = 0.187907, marker error: RMS = 0.0625678, max = 0.179506 (RBHD)
[2025-09-16 15:55:39.603] [info] Frame 343 (t = 1.715):	 total squared error = 0.187788, marker error: RMS = 0.062548, max = 0.1792 (RBHD)
[2025-09-16 15:55:39.853] [info] Frame 344 (t = 1.72):	 total squared error = 0.188082, marker error: RMS = 0.062597, max = 0.179307 (RBHD)
[2025-09-16 15:55:39.962] [info] Frame 345 (t = 1.725):	 total squared error = 0.188376, marker error: RMS = 0.0626459, max = 0.179572 (RBHD)
[2025-09-16 15:55:40.104] [info] Frame 346 (t = 1.73):	 total squared error = 0.188359, marker error: RMS = 0.0626431, max = 0.179203 (RBHD)
[2025-09-16 15:55:40.246] [info] Frame 347 (t = 1.735):	 total squared error = 0.188303, marker error: RMS = 0.0626337, max = 0.178869 (RBHD)
[2025-09-16 15:55:40.373] [info] Frame 348 (t = 1.74):	 total squared error = 0.188407, marker error: RMS = 0.0626511, max = 0.179010 (RBHD)
[2025-09-16 15:55:40.487] [info] Frame 349 (t = 1.745):	 total squared error = 0.18853, marker error: RMS = 0.0626715, max = 0.178916 (RBHD)
[2025-09-16 15:55:40.619] [info] Frame 350 (t = 1.75):	 total squared error = 0.188664, marker error: RMS = 0.0626937, max = 0.178831 (RBHD)
[2025-09-16 15:55:40.721] [info] Frame 351 (t = 1.755):	 total squared error = 0.188718, marker error: RMS = 0.0627027, max = 0.178864 (LBHD)
[2025-09-16 15:55:40.842] [info] Frame 352 (t = 1.76):	 total squared error = 0.188789, marker error: RMS = 0.0627145, max = 0.178809 (LBHD)
[2025-09-16 15:55:40.936] [info] Frame 353 (t = 1.765):	 total squared error = 0.189231, marker error: RMS = 0.0627879, max = 0.179136 (RBHD)
[2025-09-16 15:55:41.018] [info] Frame 354 (t = 1.77):	 total squared error = 0.189486, marker error: RMS = 0.0628302, max = 0.179588 (LBHD)
[2025-09-16 15:55:41.100] [info] Frame 355 (t = 1.775):	 total squared error = 0.189481, marker error: RMS = 0.0628292, max = 0.179472 (LBHD)
[2025-09-16 15:55:41.181] [info] Frame 356 (t = 1.78):	 total squared error = 0.189443, marker error: RMS = 0.062823, max = 0.17934 (LBHD)
[2025-09-16 15:55:41.262] [info] Frame 357 (t = 1.785):	 total squared error = 0.18949, marker error: RMS = 0.0628308, max = 0.179186 (LBHD)
[2025-09-16 15:55:41.345] [info] Frame 358 (t = 1.79):	 total squared error = 0.189477, marker error: RMS = 0.0628287, max = 0.179273 (LBHD)
[2025-09-16 15:55:41.449] [info] Frame 359 (t = 1.795):	 total squared error = 0.189518, marker error: RMS = 0.0628354, max = 0.178946 (LBHD)
[2025-09-16 15:55:41.547] [info] Frame 360 (t = 1.8):	 total squared error = 0.189506, marker error: RMS = 0.0628334, max = 0.17911 (LBHD)
[2025-09-16 15:55:41.640] [info] Frame 361 (t = 1.80500):	 total squared error = 0.189433, marker error: RMS = 0.0628213, max = 0.179024 (LBHD)
[2025-09-16 15:55:41.761] [info] Frame 362 (t = 1.81):	 total squared error = 0.18975, marker error: RMS = 0.0628739, max = 0.179219 (LBHD)
[2025-09-16 15:55:41.946] [info] Frame 363 (t = 1.815):	 total squared error = 0.189636, marker error: RMS = 0.0628551, max = 0.179236 (LBHD)
[2025-09-16 15:55:42.060] [info] Frame 364 (t = 1.82):	 total squared error = 0.189401, marker error: RMS = 0.062816, max = 0.179047 (LBHD)
[2025-09-16 15:55:42.157] [info] Frame 365 (t = 1.825):	 total squared error = 0.189882, marker error: RMS = 0.0628958, max = 0.179188 (LBHD)
[2025-09-16 15:55:42.251] [info] Frame 366 (t = 1.83):	 total squared error = 0.1897, marker error: RMS = 0.0628656, max = 0.178688 (LBHD)
[2025-09-16 15:55:42.429] [info] Frame 367 (t = 1.835):	 total squared error = 0.189598, marker error: RMS = 0.0628488, max = 0.178915 (LBHD)
[2025-09-16 15:55:42.523] [info] Frame 368 (t = 1.84):	 total squared error = 0.189613, marker error: RMS = 0.0628511, max = 0.178893 (LBHD)
[2025-09-16 15:55:42.589] [info] Frame 369 (t = 1.845):	 total squared error = 0.189695, marker error: RMS = 0.0628648, max = 0.178844 (LBHD)
[2025-09-16 15:55:42.652] [info] Frame 370 (t = 1.85):	 total squared error = 0.189688, marker error: RMS = 0.0628637, max = 0.178626 (LBHD)
[2025-09-16 15:55:42.753] [info] Frame 371 (t = 1.855):	 total squared error = 0.189594, marker error: RMS = 0.062848, max = 0.178589 (LBHD)
[2025-09-16 15:55:42.831] [info] Frame 372 (t = 1.86):	 total squared error = 0.189778, marker error: RMS = 0.0628785, max = 0.178753 (LBHD)
[2025-09-16 15:55:42.929] [info] Frame 373 (t = 1.865):	 total squared error = 0.189737, marker error: RMS = 0.0628718, max = 0.178654 (LBHD)
[2025-09-16 15:55:43.003] [info] Frame 374 (t = 1.87):	 total squared error = 0.189734, marker error: RMS = 0.0628713, max = 0.178677 (LBHD)
[2025-09-16 15:55:43.101] [info] Frame 375 (t = 1.875):	 total squared error = 0.189877, marker error: RMS = 0.062895, max = 0.17879 (LBHD)
[2025-09-16 15:55:43.177] [info] Frame 376 (t = 1.88):	 total squared error = 0.189852, marker error: RMS = 0.0628908, max = 0.178655 (LBHD)
[2025-09-16 15:55:43.271] [info] Frame 377 (t = 1.885):	 total squared error = 0.18997, marker error: RMS = 0.0629104, max = 0.178595 (LBHD)
[2025-09-16 15:55:43.344] [info] Frame 378 (t = 1.89):	 total squared error = 0.190125, marker error: RMS = 0.062936, max = 0.178939 (LBHD)
[2025-09-16 15:55:43.438] [info] Frame 379 (t = 1.895):	 total squared error = 0.190191, marker error: RMS = 0.0629469, max = 0.179043 (LBHD)
[2025-09-16 15:55:43.516] [info] Frame 380 (t = 1.9):	 total squared error = 0.190007, marker error: RMS = 0.0629164, max = 0.178716 (LBHD)
[2025-09-16 15:55:43.601] [info] Frame 381 (t = 1.90500):	 total squared error = 0.190141, marker error: RMS = 0.0629386, max = 0.178889 (LBHD)
[2025-09-16 15:55:43.703] [info] Frame 382 (t = 1.91):	 total squared error = 0.190230, marker error: RMS = 0.0629534, max = 0.178936 (LBHD)
[2025-09-16 15:55:43.801] [info] Frame 383 (t = 1.915):	 total squared error = 0.190302, marker error: RMS = 0.0629653, max = 0.1789 (LBHD)
[2025-09-16 15:55:43.885] [info] Frame 384 (t = 1.92):	 total squared error = 0.190375, marker error: RMS = 0.0629774, max = 0.179128 (LBHD)
[2025-09-16 15:55:44.031] [info] Frame 385 (t = 1.925):	 total squared error = 0.190807, marker error: RMS = 0.0630487, max = 0.179273 (LBHD)
[2025-09-16 15:55:44.213] [info] Frame 386 (t = 1.93):	 total squared error = 0.190413, marker error: RMS = 0.0629836, max = 0.179179 (LBHD)
[2025-09-16 15:55:44.347] [info] Frame 387 (t = 1.935):	 total squared error = 0.191081, marker error: RMS = 0.0630940, max = 0.17964 (LBHD)
[2025-09-16 15:55:44.470] [info] Frame 388 (t = 1.94):	 total squared error = 0.190537, marker error: RMS = 0.0630041, max = 0.179449 (LBHD)
[2025-09-16 15:55:44.573] [info] Frame 389 (t = 1.945):	 total squared error = 0.190867, marker error: RMS = 0.0630586, max = 0.179849 (LBHD)
[2025-09-16 15:55:44.661] [info] Frame 390 (t = 1.95):	 total squared error = 0.190748, marker error: RMS = 0.0630390, max = 0.179346 (LBHD)
[2025-09-16 15:55:44.749] [info] Frame 391 (t = 1.955):	 total squared error = 0.190561, marker error: RMS = 0.0630081, max = 0.179443 (LBHD)
[2025-09-16 15:55:44.829] [info] Frame 392 (t = 1.96):	 total squared error = 0.191228, marker error: RMS = 0.0631183, max = 0.17948 (LBHD)
[2025-09-16 15:55:44.900] [info] Frame 393 (t = 1.965):	 total squared error = 0.191124, marker error: RMS = 0.0631011, max = 0.179736 (LBHD)
[2025-09-16 15:55:44.976] [info] Frame 394 (t = 1.97):	 total squared error = 0.191165, marker error: RMS = 0.0631078, max = 0.179708 (LBHD)
[2025-09-16 15:55:45.049] [info] Frame 395 (t = 1.975):	 total squared error = 0.1916, marker error: RMS = 0.0631797, max = 0.180425 (LBHD)
[2025-09-16 15:55:45.118] [info] Frame 396 (t = 1.98):	 total squared error = 0.190888, marker error: RMS = 0.0630621, max = 0.179765 (LBHD)
[2025-09-16 15:55:45.183] [info] Frame 397 (t = 1.985):	 total squared error = 0.191225, marker error: RMS = 0.0631178, max = 0.180141 (LBHD)
[2025-09-16 15:55:45.239] [info] Frame 398 (t = 1.99):	 total squared error = 0.191808, marker error: RMS = 0.0632139, max = 0.180431 (LBHD)
[2025-09-16 15:55:45.345] [info] Frame 399 (t = 1.995):	 total squared error = 0.191564, marker error: RMS = 0.0631737, max = 0.180763 (LBHD)
[2025-09-16 15:55:45.448] [info] Frame 400 (t = 2.0):	 total squared error = 0.191326, marker error: RMS = 0.0631344, max = 0.179793 (LBHD)
[2025-09-16 15:55:45.564] [info] Frame 401 (t = 2.00500):	 total squared error = 0.191902, marker error: RMS = 0.0632294, max = 0.179926 (LBHD)
[2025-09-16 15:55:45.660] [info] Frame 402 (t = 2.01):	 total squared error = 0.192048, marker error: RMS = 0.0632535, max = 0.180497 (LBHD)
[2025-09-16 15:55:45.784] [info] Frame 403 (t = 2.015):	 total squared error = 0.191569, marker error: RMS = 0.0631745, max = 0.180071 (LBHD)
[2025-09-16 15:55:45.908] [info] Frame 404 (t = 2.02):	 total squared error = 0.191764, marker error: RMS = 0.0632066, max = 0.180358 (LBHD)
[2025-09-16 15:55:46.026] [info] Frame 405 (t = 2.025):	 total squared error = 0.191994, marker error: RMS = 0.0632446, max = 0.180586 (LBHD)
[2025-09-16 15:55:46.131] [info] Frame 406 (t = 2.03):	 total squared error = 0.191771, marker error: RMS = 0.0632078, max = 0.180381 (LBHD)
[2025-09-16 15:55:46.226] [info] Frame 407 (t = 2.035):	 total squared error = 0.191922, marker error: RMS = 0.0632327, max = 0.180688 (LBHD)
[2025-09-16 15:55:46.330] [info] Frame 408 (t = 2.04):	 total squared error = 0.191767, marker error: RMS = 0.0632072, max = 0.180573 (LBHD)
[2025-09-16 15:55:46.433] [info] Frame 409 (t = 2.045):	 total squared error = 0.19183, marker error: RMS = 0.0632176, max = 0.180714 (LBHD)
[2025-09-16 15:55:46.524] [info] Frame 410 (t = 2.05):	 total squared error = 0.191755, marker error: RMS = 0.0632052, max = 0.180691 (LBHD)
[2025-09-16 15:55:46.611] [info] Frame 411 (t = 2.055):	 total squared error = 0.1924, marker error: RMS = 0.0633115, max = 0.181276 (LBHD)
[2025-09-16 15:55:46.724] [info] Frame 412 (t = 2.06):	 total squared error = 0.191608, marker error: RMS = 0.063181, max = 0.180476 (LBHD)
[2025-09-16 15:55:46.810] [info] Frame 413 (t = 2.065):	 total squared error = 0.191643, marker error: RMS = 0.0631867, max = 0.180787 (LBHD)
[2025-09-16 15:55:46.909] [info] Frame 414 (t = 2.07):	 total squared error = 0.191831, marker error: RMS = 0.0632177, max = 0.180891 (LBHD)
[2025-09-16 15:55:46.996] [info] Frame 415 (t = 2.075):	 total squared error = 0.191819, marker error: RMS = 0.0632158, max = 0.180931 (LBHD)
[2025-09-16 15:55:47.096] [info] Frame 416 (t = 2.08):	 total squared error = 0.191932, marker error: RMS = 0.0632344, max = 0.181274 (LBHD)
[2025-09-16 15:55:47.206] [info] Frame 417 (t = 2.085):	 total squared error = 0.191707, marker error: RMS = 0.0631972, max = 0.181080 (LBHD)
[2025-09-16 15:55:47.279] [info] Frame 418 (t = 2.09):	 total squared error = 0.191898, marker error: RMS = 0.0632288, max = 0.18139 (LBHD)
[2025-09-16 15:55:47.344] [info] Frame 419 (t = 2.095):	 total squared error = 0.191708, marker error: RMS = 0.0631974, max = 0.180955 (LBHD)
[2025-09-16 15:55:47.437] [info] Frame 420 (t = 2.1):	 total squared error = 0.191655, marker error: RMS = 0.0631887, max = 0.181341 (LBHD)
[2025-09-16 15:55:47.529] [info] Frame 421 (t = 2.10500):	 total squared error = 0.191835, marker error: RMS = 0.0632184, max = 0.181499 (LBHD)
[2025-09-16 15:55:47.637] [info] Frame 422 (t = 2.11):	 total squared error = 0.19184, marker error: RMS = 0.0632192, max = 0.181648 (LBHD)
[2025-09-16 15:55:47.742] [info] Frame 423 (t = 2.115):	 total squared error = 0.191948, marker error: RMS = 0.063237, max = 0.181732 (LBHD)
[2025-09-16 15:55:47.846] [info] Frame 424 (t = 2.12):	 total squared error = 0.191787, marker error: RMS = 0.0632105, max = 0.181565 (LBHD)
[2025-09-16 15:55:47.938] [info] Frame 425 (t = 2.125):	 total squared error = 0.191877, marker error: RMS = 0.0632253, max = 0.181706 (LBHD)
[2025-09-16 15:55:48.105] [info] Frame 426 (t = 2.13):	 total squared error = 0.192103, marker error: RMS = 0.0632626, max = 0.181957 (LBHD)
[2025-09-16 15:55:48.226] [info] Frame 427 (t = 2.135):	 total squared error = 0.192024, marker error: RMS = 0.0632494, max = 0.182087 (LBHD)
[2025-09-16 15:55:48.306] [info] Frame 428 (t = 2.14):	 total squared error = 0.192024, marker error: RMS = 0.0632495, max = 0.182114 (LBHD)
[2025-09-16 15:55:48.394] [info] Frame 429 (t = 2.145):	 total squared error = 0.192157, marker error: RMS = 0.0632714, max = 0.182952 (LBHD)
[2025-09-16 15:55:48.504] [info] Frame 430 (t = 2.15):	 total squared error = 0.192197, marker error: RMS = 0.063278, max = 0.182168 (LBHD)
[2025-09-16 15:55:48.615] [info] Frame 431 (t = 2.155):	 total squared error = 0.192, marker error: RMS = 0.0632455, max = 0.182478 (LBHD)
[2025-09-16 15:55:48.719] [info] Frame 432 (t = 2.16):	 total squared error = 0.192138, marker error: RMS = 0.0632683, max = 0.183152 (LBHD)
[2025-09-16 15:55:48.846] [info] Frame 433 (t = 2.165):	 total squared error = 0.192803, marker error: RMS = 0.0633777, max = 0.183056 (LBHD)
[2025-09-16 15:55:48.956] [info] Frame 434 (t = 2.17):	 total squared error = 0.192094, marker error: RMS = 0.0632611, max = 0.183414 (LBHD)
[2025-09-16 15:55:49.037] [info] Frame 435 (t = 2.175):	 total squared error = 0.192391, marker error: RMS = 0.0633099, max = 0.183146 (LBHD)
[2025-09-16 15:55:49.098] [info] Frame 436 (t = 2.18):	 total squared error = 0.19229, marker error: RMS = 0.0632933, max = 0.183688 (LBHD)
[2025-09-16 15:55:49.204] [info] Frame 437 (t = 2.185):	 total squared error = 0.19242, marker error: RMS = 0.0633147, max = 0.183556 (LBHD)
[2025-09-16 15:55:49.263] [info] Frame 438 (t = 2.19):	 total squared error = 0.192464, marker error: RMS = 0.0633219, max = 0.183238 (LBHD)
[2025-09-16 15:55:49.334] [info] Frame 439 (t = 2.195):	 total squared error = 0.191926, marker error: RMS = 0.0632334, max = 0.182762 (LBHD)
[2025-09-16 15:55:49.402] [info] Frame 440 (t = 2.2):	 total squared error = 0.192126, marker error: RMS = 0.0632662, max = 0.183031 (LBHD)
[2025-09-16 15:55:49.449] [info] Frame 441 (t = 2.20500):	 total squared error = 0.19191, marker error: RMS = 0.0632307, max = 0.182849 (LBHD)
[2025-09-16 15:55:49.496] [info] Frame 442 (t = 2.21):	 total squared error = 0.192307, marker error: RMS = 0.0632961, max = 0.183 (LBHD)
[2025-09-16 15:55:49.551] [info] Frame 443 (t = 2.215):	 total squared error = 0.192125, marker error: RMS = 0.0632662, max = 0.183104 (LBHD)
[2025-09-16 15:55:49.596] [info] Frame 444 (t = 2.22):	 total squared error = 0.192238, marker error: RMS = 0.0632847, max = 0.183295 (LBHD)
[2025-09-16 15:55:49.661] [info] Frame 445 (t = 2.225):	 total squared error = 0.191463, marker error: RMS = 0.063157, max = 0.182494 (LBHD)
[2025-09-16 15:55:49.708] [info] Frame 446 (t = 2.23):	 total squared error = 0.192010, marker error: RMS = 0.0632472, max = 0.183006 (LBHD)
[2025-09-16 15:55:49.755] [info] Frame 447 (t = 2.235):	 total squared error = 0.192242, marker error: RMS = 0.0632855, max = 0.183419 (LBHD)
[2025-09-16 15:55:49.805] [info] Frame 448 (t = 2.24):	 total squared error = 0.192235, marker error: RMS = 0.0632843, max = 0.183553 (LBHD)
[2025-09-16 15:55:49.850] [info] Frame 449 (t = 2.245):	 total squared error = 0.191982, marker error: RMS = 0.0632426, max = 0.184295 (LBHD)
[2025-09-16 15:55:49.896] [info] Frame 450 (t = 2.25):	 total squared error = 0.192515, marker error: RMS = 0.0633303, max = 0.183712 (LBHD)
[2025-09-16 15:55:49.952] [info] Frame 451 (t = 2.255):	 total squared error = 0.192302, marker error: RMS = 0.0632953, max = 0.184558 (LBHD)
[2025-09-16 15:55:50.013] [info] Frame 452 (t = 2.26):	 total squared error = 0.192215, marker error: RMS = 0.063281, max = 0.183536 (LBHD)
[2025-09-16 15:55:50.073] [info] Frame 453 (t = 2.265):	 total squared error = 0.192366, marker error: RMS = 0.0633058, max = 0.183781 (LBHD)
[2025-09-16 15:55:50.133] [info] Frame 454 (t = 2.27):	 total squared error = 0.19232, marker error: RMS = 0.0632983, max = 0.183952 (LBHD)
[2025-09-16 15:55:50.194] [info] Frame 455 (t = 2.275):	 total squared error = 0.192699, marker error: RMS = 0.0633606, max = 0.18441 (LBHD)
[2025-09-16 15:55:50.263] [info] Frame 456 (t = 2.28):	 total squared error = 0.193365, marker error: RMS = 0.06347, max = 0.184932 (LBHD)
[2025-09-16 15:55:50.354] [info] Frame 457 (t = 2.285):	 total squared error = 0.192521, marker error: RMS = 0.0633313, max = 0.184677 (LBHD)
[2025-09-16 15:55:50.449] [info] Frame 458 (t = 2.29):	 total squared error = 0.192251, marker error: RMS = 0.0632868, max = 0.184595 (LBHD)
[2025-09-16 15:55:50.500] [info] Frame 459 (t = 2.295):	 total squared error = 0.192661, marker error: RMS = 0.0633543, max = 0.184836 (LBHD)
[2025-09-16 15:55:50.567] [info] Frame 460 (t = 2.3):	 total squared error = 0.192279, marker error: RMS = 0.0632914, max = 0.185022 (LBHD)
[2025-09-16 15:55:50.632] [info] Frame 461 (t = 2.30500):	 total squared error = 0.192255, marker error: RMS = 0.0632876, max = 0.185177 (LBHD)
[2025-09-16 15:55:50.724] [info] Frame 462 (t = 2.31):	 total squared error = 0.191966, marker error: RMS = 0.0632399, max = 0.18545 (LBHD)
[2025-09-16 15:55:50.825] [info] Frame 463 (t = 2.315):	 total squared error = 0.191678, marker error: RMS = 0.0631924, max = 0.185435 (LBHD)
[2025-09-16 15:55:50.923] [info] Frame 464 (t = 2.32):	 total squared error = 0.191267, marker error: RMS = 0.0631248, max = 0.18525 (LBHD)
[2025-09-16 15:55:50.996] [info] Frame 465 (t = 2.325):	 total squared error = 0.191115, marker error: RMS = 0.0630997, max = 0.185543 (LBHD)
[2025-09-16 15:55:51.074] [info] Frame 466 (t = 2.33):	 total squared error = 0.190738, marker error: RMS = 0.0630373, max = 0.185443 (LBHD)
[2025-09-16 15:55:51.148] [info] Frame 467 (t = 2.335):	 total squared error = 0.190577, marker error: RMS = 0.0630108, max = 0.185685 (LBHD)
[2025-09-16 15:55:51.219] [info] Frame 468 (t = 2.34):	 total squared error = 0.190421, marker error: RMS = 0.0629849, max = 0.186177 (LBHD)
[2025-09-16 15:55:51.312] [info] Frame 469 (t = 2.345):	 total squared error = 0.189915, marker error: RMS = 0.0629012, max = 0.186136 (LBHD)
[2025-09-16 15:55:51.422] [info] Frame 470 (t = 2.35):	 total squared error = 0.189775, marker error: RMS = 0.062878, max = 0.186591 (LBHD)
[2025-09-16 15:55:51.504] [info] Frame 471 (t = 2.355):	 total squared error = 0.18932, marker error: RMS = 0.0628027, max = 0.186647 (LBHD)
[2025-09-16 15:55:51.607] [info] Frame 472 (t = 2.36):	 total squared error = 0.188646, marker error: RMS = 0.0626906, max = 0.186508 (LBHD)
[2025-09-16 15:55:51.681] [info] Frame 473 (t = 2.365):	 total squared error = 0.188522, marker error: RMS = 0.0626701, max = 0.186872 (LBHD)
[2025-09-16 15:55:51.757] [info] Frame 474 (t = 2.37):	 total squared error = 0.187899, marker error: RMS = 0.0625664, max = 0.186891 (LBHD)
[2025-09-16 15:55:51.845] [info] Frame 475 (t = 2.375):	 total squared error = 0.187798, marker error: RMS = 0.0625496, max = 0.187498 (LBHD)
[2025-09-16 15:55:51.956] [info] Frame 476 (t = 2.38):	 total squared error = 0.187676, marker error: RMS = 0.0625293, max = 0.188213 (LBHD)
[2025-09-16 15:55:52.083] [info] Frame 477 (t = 2.385):	 total squared error = 0.18673, marker error: RMS = 0.0623716, max = 0.187752 (LBHD)
[2025-09-16 15:55:52.181] [info] Frame 478 (t = 2.39):	 total squared error = 0.186369, marker error: RMS = 0.0623112, max = 0.188064 (LBHD)
[2025-09-16 15:55:52.310] [info] Frame 479 (t = 2.395):	 total squared error = 0.185545, marker error: RMS = 0.0621733, max = 0.188178 (LBHD)
[2025-09-16 15:55:52.425] [info] Frame 480 (t = 2.4):	 total squared error = 0.184321, marker error: RMS = 0.061968, max = 0.18745 (LBHD)
[2025-09-16 15:55:52.487] [info] Frame 481 (t = 2.40500):	 total squared error = 0.184943, marker error: RMS = 0.0620724, max = 0.188524 (LBHD)
[2025-09-16 15:55:52.547] [info] Frame 482 (t = 2.41):	 total squared error = 0.183959, marker error: RMS = 0.0619070, max = 0.188706 (LBHD)
[2025-09-16 15:55:52.600] [info] Frame 483 (t = 2.415):	 total squared error = 0.184135, marker error: RMS = 0.0619367, max = 0.18946 (LBHD)
[2025-09-16 15:55:52.672] [info] Frame 484 (t = 2.42):	 total squared error = 0.183302, marker error: RMS = 0.0617963, max = 0.189651 (LBHD)
[2025-09-16 15:55:52.723] [info] Frame 485 (t = 2.425):	 total squared error = 0.183254, marker error: RMS = 0.0617882, max = 0.190271 (LBHD)
[2025-09-16 15:55:52.774] [info] Frame 486 (t = 2.43):	 total squared error = 0.182318, marker error: RMS = 0.0616303, max = 0.189908 (LBHD)
[2025-09-16 15:55:52.842] [info] Frame 487 (t = 2.435):	 total squared error = 0.181331, marker error: RMS = 0.0614633, max = 0.189984 (LBHD)
[2025-09-16 15:55:52.884] [info] Frame 488 (t = 2.44):	 total squared error = 0.180988, marker error: RMS = 0.0614050, max = 0.190251 (LBHD)
[2025-09-16 15:55:52.914] [info] Frame 489 (t = 2.445):	 total squared error = 0.179831, marker error: RMS = 0.0612084, max = 0.190019 (LBHD)
[2025-09-16 15:55:52.983] [info] Frame 490 (t = 2.45):	 total squared error = 0.179566, marker error: RMS = 0.0611634, max = 0.190566 (LBHD)
[2025-09-16 15:55:53.015] [info] Frame 491 (t = 2.455):	 total squared error = 0.17872, marker error: RMS = 0.0610192, max = 0.190741 (LBHD)
[2025-09-16 15:55:53.063] [info] Frame 492 (t = 2.46):	 total squared error = 0.178446, marker error: RMS = 0.0609723, max = 0.191103 (LBHD)
[2025-09-16 15:55:53.108] [info] Frame 493 (t = 2.465):	 total squared error = 0.1777, marker error: RMS = 0.0608447, max = 0.191331 (LBHD)
[2025-09-16 15:55:53.157] [info] Frame 494 (t = 2.47):	 total squared error = 0.177314, marker error: RMS = 0.0607787, max = 0.191633 (LBHD)
[2025-09-16 15:55:53.182] [info] Frame 495 (t = 2.475):	 total squared error = 0.17683, marker error: RMS = 0.0606957, max = 0.192072 (LBHD)
[2025-09-16 15:55:53.204] [info] Frame 496 (t = 2.48):	 total squared error = 0.175711, marker error: RMS = 0.0605032, max = 0.191855 (LBHD)
[2025-09-16 15:55:53.246] [info] Frame 497 (t = 2.485):	 total squared error = 0.175564, marker error: RMS = 0.0604779, max = 0.192633 (LBHD)
[2025-09-16 15:55:53.281] [info] Frame 498 (t = 2.49):	 total squared error = 0.174987, marker error: RMS = 0.0603785, max = 0.192774 (LBHD)
[2025-09-16 15:55:53.317] [info] Frame 499 (t = 2.495):	 total squared error = 0.173957, marker error: RMS = 0.0602006, max = 0.192829 (LBHD)
[2025-09-16 15:55:53.341] [info] Frame 500 (t = 2.5):	 total squared error = 0.173403, marker error: RMS = 0.0601046, max = 0.192751 (LBHD)
[2025-09-16 15:55:53.357] [info] Frame 501 (t = 2.50500):	 total squared error = 0.175783, marker error: RMS = 0.0605157, max = 0.196147 (LBHD)
[2025-09-16 15:55:53.384] [info] Frame 502 (t = 2.51):	 total squared error = 0.173153, marker error: RMS = 0.0600612, max = 0.194542 (LBHD)
[2025-09-16 15:55:53.420] [info] Frame 503 (t = 2.515):	 total squared error = 0.172247, marker error: RMS = 0.0599039, max = 0.194594 (LBHD)
[2025-09-16 15:55:53.456] [info] Frame 504 (t = 2.52):	 total squared error = 0.172, marker error: RMS = 0.0598609, max = 0.195207 (LBHD)
[2025-09-16 15:55:53.481] [info] Frame 505 (t = 2.525):	 total squared error = 0.171472, marker error: RMS = 0.0597691, max = 0.195414 (LBHD)
[2025-09-16 15:55:53.525] [info] Frame 506 (t = 2.53):	 total squared error = 0.170542, marker error: RMS = 0.0596068, max = 0.195083 (LBHD)
[2025-09-16 15:55:53.552] [info] Frame 507 (t = 2.535):	 total squared error = 0.170639, marker error: RMS = 0.0596237, max = 0.196072 (LBHD)
[2025-09-16 15:55:53.606] [info] Frame 508 (t = 2.54):	 total squared error = 0.169182, marker error: RMS = 0.0593685, max = 0.195485 (LBHD)
[2025-09-16 15:55:53.631] [info] Frame 509 (t = 2.545):	 total squared error = 0.168706, marker error: RMS = 0.0592849, max = 0.195725 (LBHD)
[2025-09-16 15:55:53.657] [info] Frame 510 (t = 2.55):	 total squared error = 0.168591, marker error: RMS = 0.0592648, max = 0.196439 (LBHD)
[2025-09-16 15:55:53.681] [info] Frame 511 (t = 2.555):	 total squared error = 0.168137, marker error: RMS = 0.059185, max = 0.196697 (LBHD)
[2025-09-16 15:55:53.719] [info] Frame 512 (t = 2.56):	 total squared error = 0.167548, marker error: RMS = 0.0590811, max = 0.196988 (LBHD)
[2025-09-16 15:55:53.745] [info] Frame 513 (t = 2.565):	 total squared error = 0.1671, marker error: RMS = 0.0590021, max = 0.197174 (LBHD)
[2025-09-16 15:55:53.768] [info] Frame 514 (t = 2.57):	 total squared error = 0.166677, marker error: RMS = 0.0589274, max = 0.197645 (LBHD)
[2025-09-16 15:55:53.799] [info] Frame 515 (t = 2.575):	 total squared error = 0.165616, marker error: RMS = 0.0587395, max = 0.197611 (LBHD)
[2025-09-16 15:55:53.840] [info] Frame 516 (t = 2.58):	 total squared error = 0.165224, marker error: RMS = 0.05867, max = 0.198044 (LBHD)
[2025-09-16 15:55:53.869] [info] Frame 517 (t = 2.585):	 total squared error = 0.165361, marker error: RMS = 0.0586944, max = 0.198561 (LBHD)
[2025-09-16 15:55:53.898] [info] Frame 518 (t = 2.59):	 total squared error = 0.165016, marker error: RMS = 0.0586331, max = 0.198725 (LBHD)
[2025-09-16 15:55:53.939] [info] Frame 519 (t = 2.595):	 total squared error = 0.164563, marker error: RMS = 0.0585526, max = 0.198829 (LBHD)
[2025-09-16 15:55:53.993] [info] Frame 520 (t = 2.6):	 total squared error = 0.164026, marker error: RMS = 0.0584569, max = 0.19943 (LBHD)
[2025-09-16 15:55:54.025] [info] Frame 521 (t = 2.60500):	 total squared error = 0.163663, marker error: RMS = 0.0583922, max = 0.19938 (LBHD)
[2025-09-16 15:55:54.074] [info] Frame 522 (t = 2.61):	 total squared error = 0.163656, marker error: RMS = 0.0583909, max = 0.199849 (LBHD)
[2025-09-16 15:55:54.120] [info] Frame 523 (t = 2.615):	 total squared error = 0.163512, marker error: RMS = 0.0583652, max = 0.200003 (LBHD)
[2025-09-16 15:55:54.155] [info] Frame 524 (t = 2.62):	 total squared error = 0.163344, marker error: RMS = 0.0583353, max = 0.200312 (LBHD)
[2025-09-16 15:55:54.182] [info] Frame 525 (t = 2.625):	 total squared error = 0.16337, marker error: RMS = 0.05834, max = 0.200865 (LBHD)
[2025-09-16 15:55:54.208] [info] Frame 526 (t = 2.63):	 total squared error = 0.163108, marker error: RMS = 0.0582931, max = 0.200905 (LBHD)
[2025-09-16 15:55:54.237] [info] Frame 527 (t = 2.635):	 total squared error = 0.163404, marker error: RMS = 0.058346, max = 0.201347 (LBHD)
[2025-09-16 15:55:54.265] [info] Frame 528 (t = 2.64):	 total squared error = 0.163909, marker error: RMS = 0.0584361, max = 0.202015 (LBHD)
[2025-09-16 15:55:54.307] [info] Frame 529 (t = 2.645):	 total squared error = 0.163325, marker error: RMS = 0.0583319, max = 0.201886 (LBHD)
[2025-09-16 15:55:54.345] [info] Frame 530 (t = 2.65):	 total squared error = 0.163339, marker error: RMS = 0.0583344, max = 0.202238 (LBHD)
[2025-09-16 15:55:54.372] [info] Frame 531 (t = 2.655):	 total squared error = 0.163497, marker error: RMS = 0.0583626, max = 0.202587 (LBHD)
[2025-09-16 15:55:54.410] [info] Frame 532 (t = 2.66):	 total squared error = 0.163414, marker error: RMS = 0.0583477, max = 0.202624 (LBHD)
[2025-09-16 15:55:54.443] [info] Frame 533 (t = 2.665):	 total squared error = 0.163435, marker error: RMS = 0.0583515, max = 0.202960 (LBHD)
[2025-09-16 15:55:54.484] [info] Frame 534 (t = 2.67):	 total squared error = 0.163597, marker error: RMS = 0.0583804, max = 0.202956 (LBHD)
[2025-09-16 15:55:54.510] [info] Frame 535 (t = 2.675):	 total squared error = 0.164395, marker error: RMS = 0.0585226, max = 0.203782 (LBHD)
[2025-09-16 15:55:54.540] [info] Frame 536 (t = 2.68):	 total squared error = 0.164399, marker error: RMS = 0.0585233, max = 0.203755 (LBHD)
[2025-09-16 15:55:54.581] [info] Frame 537 (t = 2.685):	 total squared error = 0.164425, marker error: RMS = 0.058528, max = 0.203999 (LBHD)
[2025-09-16 15:55:54.631] [info] Frame 538 (t = 2.69):	 total squared error = 0.16455, marker error: RMS = 0.0585501, max = 0.203972 (LBHD)
[2025-09-16 15:55:54.659] [info] Frame 539 (t = 2.695):	 total squared error = 0.164751, marker error: RMS = 0.0585859, max = 0.204312 (LBHD)
[2025-09-16 15:55:54.698] [info] Frame 540 (t = 2.7):	 total squared error = 0.164993, marker error: RMS = 0.058629, max = 0.204674 (LBHD)
[2025-09-16 15:55:54.733] [info] Frame 541 (t = 2.70500):	 total squared error = 0.165253, marker error: RMS = 0.0586751, max = 0.204881 (LBHD)
[2025-09-16 15:55:54.757] [info] Frame 542 (t = 2.71):	 total squared error = 0.165959, marker error: RMS = 0.0588004, max = 0.205698 (LBHD)
[2025-09-16 15:55:54.801] [info] Frame 543 (t = 2.715):	 total squared error = 0.166615, marker error: RMS = 0.0589164, max = 0.206011 (LBHD)
[2025-09-16 15:55:54.832] [info] Frame 544 (t = 2.72):	 total squared error = 0.167231, marker error: RMS = 0.0590253, max = 0.206877 (LBHD)
[2025-09-16 15:55:54.875] [info] Frame 545 (t = 2.725):	 total squared error = 0.167464, marker error: RMS = 0.0590664, max = 0.206532 (LBHD)
[2025-09-16 15:55:54.896] [info] Frame 546 (t = 2.73):	 total squared error = 0.168846, marker error: RMS = 0.0593095, max = 0.207519 (LBHD)
[2025-09-16 15:55:54.929] [info] Frame 547 (t = 2.735):	 total squared error = 0.168157, marker error: RMS = 0.0591884, max = 0.207122 (LBHD)
[2025-09-16 15:55:54.959] [info] Frame 548 (t = 2.74):	 total squared error = 0.168493, marker error: RMS = 0.0592476, max = 0.207402 (LBHD)
[2025-09-16 15:55:55.008] [info] Frame 549 (t = 2.745):	 total squared error = 0.16943, marker error: RMS = 0.059412, max = 0.208596 (LBHD)
[2025-09-16 15:55:55.032] [info] Frame 550 (t = 2.75):	 total squared error = 0.169862, marker error: RMS = 0.0594878, max = 0.208517 (LBHD)
[2025-09-16 15:55:55.063] [info] Frame 551 (t = 2.755):	 total squared error = 0.170405, marker error: RMS = 0.0595828, max = 0.208883 (LBHD)
[2025-09-16 15:55:55.104] [info] Frame 552 (t = 2.76):	 total squared error = 0.170478, marker error: RMS = 0.0595954, max = 0.208941 (LBHD)
[2025-09-16 15:55:55.132] [info] Frame 553 (t = 2.765):	 total squared error = 0.170686, marker error: RMS = 0.0596319, max = 0.209110 (LBHD)
[2025-09-16 15:55:55.150] [info] Frame 554 (t = 2.77):	 total squared error = 0.172415, marker error: RMS = 0.0599332, max = 0.210093 (LBHD)
[2025-09-16 15:55:55.199] [info] Frame 555 (t = 2.775):	 total squared error = 0.172186, marker error: RMS = 0.0598933, max = 0.210143 (LBHD)
[2025-09-16 15:55:55.241] [info] Frame 556 (t = 2.78):	 total squared error = 0.173092, marker error: RMS = 0.0600507, max = 0.210825 (LBHD)
[2025-09-16 15:55:55.285] [info] Frame 557 (t = 2.785):	 total squared error = 0.173687, marker error: RMS = 0.0601538, max = 0.211276 (LBHD)
[2025-09-16 15:55:55.326] [info] Frame 558 (t = 2.79):	 total squared error = 0.174378, marker error: RMS = 0.0602734, max = 0.21156 (LBHD)
[2025-09-16 15:55:55.366] [info] Frame 559 (t = 2.795):	 total squared error = 0.174946, marker error: RMS = 0.0603715, max = 0.211997 (LBHD)
[2025-09-16 15:55:55.418] [info] Frame 560 (t = 2.8):	 total squared error = 0.175051, marker error: RMS = 0.0603896, max = 0.211877 (LBHD)
[2025-09-16 15:55:55.446] [info] Frame 561 (t = 2.80500):	 total squared error = 0.175226, marker error: RMS = 0.0604197, max = 0.211886 (LBHD)
[2025-09-16 15:55:55.483] [info] Frame 562 (t = 2.81):	 total squared error = 0.175978, marker error: RMS = 0.0605493, max = 0.212674 (LBHD)
[2025-09-16 15:55:55.542] [info] Frame 563 (t = 2.815):	 total squared error = 0.176755, marker error: RMS = 0.0606828, max = 0.213019 (LBHD)
[2025-09-16 15:55:55.582] [info] Frame 564 (t = 2.82):	 total squared error = 0.177463, marker error: RMS = 0.0608041, max = 0.213802 (LBHD)
[2025-09-16 15:55:55.624] [info] Frame 565 (t = 2.825):	 total squared error = 0.177874, marker error: RMS = 0.0608745, max = 0.214181 (LBHD)
[2025-09-16 15:55:55.662] [info] Frame 566 (t = 2.83):	 total squared error = 0.178962, marker error: RMS = 0.0610605, max = 0.214884 (LBHD)
[2025-09-16 15:55:55.716] [info] Frame 567 (t = 2.835):	 total squared error = 0.178789, marker error: RMS = 0.0610309, max = 0.214497 (LBHD)
[2025-09-16 15:55:55.755] [info] Frame 568 (t = 2.84):	 total squared error = 0.179426, marker error: RMS = 0.0611395, max = 0.21511 (LBHD)
[2025-09-16 15:55:55.801] [info] Frame 569 (t = 2.845):	 total squared error = 0.180452, marker error: RMS = 0.061314, max = 0.215816 (LBHD)
[2025-09-16 15:55:55.837] [info] Frame 570 (t = 2.85):	 total squared error = 0.180499, marker error: RMS = 0.0613221, max = 0.216023 (LBHD)
[2025-09-16 15:55:55.881] [info] Frame 571 (t = 2.855):	 total squared error = 0.180416, marker error: RMS = 0.0613079, max = 0.215431 (LBHD)
[2025-09-16 15:55:55.907] [info] Frame 572 (t = 2.86):	 total squared error = 0.181346, marker error: RMS = 0.0614659, max = 0.215844 (LBHD)
[2025-09-16 15:55:55.955] [info] Frame 573 (t = 2.865):	 total squared error = 0.182352, marker error: RMS = 0.0616361, max = 0.216773 (LBHD)
[2025-09-16 15:55:55.999] [info] Frame 574 (t = 2.87):	 total squared error = 0.182582, marker error: RMS = 0.0616749, max = 0.216687 (LBHD)
[2025-09-16 15:55:56.031] [info] Frame 575 (t = 2.875):	 total squared error = 0.183511, marker error: RMS = 0.0618316, max = 0.217583 (LBHD)
[2025-09-16 15:55:56.085] [info] Frame 576 (t = 2.88):	 total squared error = 0.184288, marker error: RMS = 0.0619624, max = 0.217806 (LBHD)
[2025-09-16 15:55:56.122] [info] Frame 577 (t = 2.885):	 total squared error = 0.184513, marker error: RMS = 0.0620002, max = 0.218288 (LBHD)
[2025-09-16 15:55:56.158] [info] Frame 578 (t = 2.89):	 total squared error = 0.185356, marker error: RMS = 0.0621417, max = 0.218865 (LBHD)
[2025-09-16 15:55:56.212] [info] Frame 579 (t = 2.895):	 total squared error = 0.18573, marker error: RMS = 0.0622043, max = 0.21875 (LBHD)
[2025-09-16 15:55:56.247] [info] Frame 580 (t = 2.9):	 total squared error = 0.185967, marker error: RMS = 0.062244, max = 0.219043 (LBHD)
[2025-09-16 15:55:56.277] [info] Frame 581 (t = 2.90500):	 total squared error = 0.186704, marker error: RMS = 0.0623672, max = 0.219382 (LBHD)
[2025-09-16 15:55:56.313] [info] Frame 582 (t = 2.91):	 total squared error = 0.187616, marker error: RMS = 0.0625193, max = 0.220030 (LBHD)
[2025-09-16 15:55:56.347] [info] Frame 583 (t = 2.915):	 total squared error = 0.188275, marker error: RMS = 0.062629, max = 0.220667 (LBHD)
[2025-09-16 15:55:56.384] [info] Frame 584 (t = 2.92):	 total squared error = 0.188512, marker error: RMS = 0.0626684, max = 0.220575 (LBHD)
[2025-09-16 15:55:56.418] [info] Frame 585 (t = 2.925):	 total squared error = 0.187881, marker error: RMS = 0.0625634, max = 0.219928 (LBHD)
[2025-09-16 15:55:56.459] [info] Frame 586 (t = 2.93):	 total squared error = 0.18948, marker error: RMS = 0.0628292, max = 0.221404 (LBHD)
[2025-09-16 15:55:56.509] [info] Frame 587 (t = 2.935):	 total squared error = 0.189294, marker error: RMS = 0.0627983, max = 0.220984 (LBHD)
[2025-09-16 15:55:56.564] [info] Frame 588 (t = 2.94):	 total squared error = 0.189708, marker error: RMS = 0.0628669, max = 0.221088 (LBHD)
[2025-09-16 15:55:56.623] [info] Frame 589 (t = 2.945):	 total squared error = 0.190049, marker error: RMS = 0.0629233, max = 0.221231 (LBHD)
[2025-09-16 15:55:56.664] [info] Frame 590 (t = 2.95):	 total squared error = 0.189703, marker error: RMS = 0.0628661, max = 0.221082 (LBHD)
[2025-09-16 15:55:56.712] [info] Frame 591 (t = 2.955):	 total squared error = 0.190573, marker error: RMS = 0.0630101, max = 0.221284 (LBHD)
[2025-09-16 15:55:56.781] [info] Frame 592 (t = 2.96):	 total squared error = 0.191257, marker error: RMS = 0.0631231, max = 0.222203 (LBHD)
[2025-09-16 15:55:56.819] [info] Frame 593 (t = 2.965):	 total squared error = 0.191243, marker error: RMS = 0.0631207, max = 0.221661 (LBHD)
[2025-09-16 15:55:56.865] [info] Frame 594 (t = 2.97):	 total squared error = 0.192016, marker error: RMS = 0.0632482, max = 0.222145 (LBHD)
[2025-09-16 15:55:56.961] [info] Frame 595 (t = 2.975):	 total squared error = 0.19273, marker error: RMS = 0.0633657, max = 0.222692 (LBHD)
[2025-09-16 15:55:57.011] [info] Frame 596 (t = 2.98):	 total squared error = 0.193056, marker error: RMS = 0.0634193, max = 0.222588 (LBHD)
[2025-09-16 15:55:57.069] [info] Frame 597 (t = 2.985):	 total squared error = 0.193719, marker error: RMS = 0.0635281, max = 0.223404 (LBHD)
[2025-09-16 15:55:57.133] [info] Frame 598 (t = 2.99):	 total squared error = 0.193954, marker error: RMS = 0.0635665, max = 0.223338 (LBHD)
[2025-09-16 15:55:57.177] [info] Frame 599 (t = 2.995):	 total squared error = 0.194403, marker error: RMS = 0.0636401, max = 0.223459 (LBHD)
[2025-09-16 15:55:57.230] [info] Frame 600 (t = 3.0):	 total squared error = 0.195073, marker error: RMS = 0.0637498, max = 0.223974 (LBHD)
[2025-09-16 15:55:57.283] [info] Frame 601 (t = 3.00500):	 total squared error = 0.195429, marker error: RMS = 0.0638078, max = 0.223649 (LBHD)
[2025-09-16 15:55:57.323] [info] Frame 602 (t = 3.01):	 total squared error = 0.196065, marker error: RMS = 0.0639115, max = 0.224585 (LBHD)
[2025-09-16 15:55:57.364] [info] Frame 603 (t = 3.015):	 total squared error = 0.196798, marker error: RMS = 0.0640310, max = 0.22487 (LBHD)
[2025-09-16 15:55:57.409] [info] Frame 604 (t = 3.02):	 total squared error = 0.197181, marker error: RMS = 0.0640932, max = 0.225007 (LBHD)
[2025-09-16 15:55:57.450] [info] Frame 605 (t = 3.025):	 total squared error = 0.19782, marker error: RMS = 0.0641969, max = 0.225283 (LBHD)
[2025-09-16 15:55:57.500] [info] Frame 606 (t = 3.03):	 total squared error = 0.197767, marker error: RMS = 0.0641884, max = 0.224922 (LBHD)
[2025-09-16 15:55:57.543] [info] Frame 607 (t = 3.035):	 total squared error = 0.198696, marker error: RMS = 0.0643389, max = 0.225561 (LBHD)
[2025-09-16 15:55:57.590] [info] Frame 608 (t = 3.04):	 total squared error = 0.198547, marker error: RMS = 0.0643148, max = 0.225458 (LBHD)
[2025-09-16 15:55:57.625] [info] Frame 609 (t = 3.045):	 total squared error = 0.199073, marker error: RMS = 0.0643999, max = 0.225699 (LBHD)
[2025-09-16 15:55:57.668] [info] Frame 610 (t = 3.05):	 total squared error = 0.199793, marker error: RMS = 0.0645163, max = 0.226143 (LBHD)
[2025-09-16 15:55:57.720] [info] Frame 611 (t = 3.055):	 total squared error = 0.199577, marker error: RMS = 0.0644814, max = 0.22548 (LBHD)
[2025-09-16 15:55:57.768] [info] Frame 612 (t = 3.06):	 total squared error = 0.200036, marker error: RMS = 0.0645555, max = 0.225982 (LBHD)
[2025-09-16 15:55:57.815] [info] Frame 613 (t = 3.065):	 total squared error = 0.200866, marker error: RMS = 0.0646893, max = 0.226661 (LBHD)
[2025-09-16 15:55:57.879] [info] Frame 614 (t = 3.07):	 total squared error = 0.201479, marker error: RMS = 0.064788, max = 0.226937 (LBHD)
[2025-09-16 15:55:57.929] [info] Frame 615 (t = 3.075):	 total squared error = 0.201924, marker error: RMS = 0.0648595, max = 0.227034 (LBHD)
[2025-09-16 15:55:57.989] [info] Frame 616 (t = 3.08):	 total squared error = 0.201466, marker error: RMS = 0.0647859, max = 0.226087 (LBHD)
[2025-09-16 15:55:58.031] [info] Frame 617 (t = 3.085):	 total squared error = 0.202206, marker error: RMS = 0.0649047, max = 0.226662 (LBHD)
[2025-09-16 15:55:58.075] [info] Frame 618 (t = 3.09):	 total squared error = 0.202586, marker error: RMS = 0.0649657, max = 0.227635 (LBHD)
[2025-09-16 15:55:58.171] [info] Frame 619 (t = 3.095):	 total squared error = 0.201321, marker error: RMS = 0.0647626, max = 0.226106 (LBHD)
[2025-09-16 15:55:58.210] [info] Frame 620 (t = 3.1):	 total squared error = 0.202288, marker error: RMS = 0.0649179, max = 0.226941 (LBHD)
[2025-09-16 15:55:58.258] [info] Frame 621 (t = 3.10500):	 total squared error = 0.202205, marker error: RMS = 0.0649046, max = 0.226323 (LBHD)
[2025-09-16 15:55:58.303] [info] Frame 622 (t = 3.11):	 total squared error = 0.203202, marker error: RMS = 0.0650644, max = 0.227213 (LBHD)
[2025-09-16 15:55:58.355] [info] Frame 623 (t = 3.115):	 total squared error = 0.204129, marker error: RMS = 0.0652126, max = 0.227714 (LBHD)
[2025-09-16 15:55:58.394] [info] Frame 624 (t = 3.12):	 total squared error = 0.204197, marker error: RMS = 0.0652236, max = 0.228107 (LBHD)
[2025-09-16 15:55:58.435] [info] Frame 625 (t = 3.125):	 total squared error = 0.205311, marker error: RMS = 0.0654012, max = 0.228585 (LBHD)
[2025-09-16 15:55:58.464] [info] Frame 626 (t = 3.13):	 total squared error = 0.205891, marker error: RMS = 0.0654935, max = 0.229065 (LBHD)
[2025-09-16 15:55:58.500] [info] Frame 627 (t = 3.135):	 total squared error = 0.205804, marker error: RMS = 0.0654797, max = 0.228464 (LBHD)
[2025-09-16 15:55:58.549] [info] Frame 628 (t = 3.14):	 total squared error = 0.206069, marker error: RMS = 0.0655219, max = 0.22827 (LBHD)
[2025-09-16 15:55:58.581] [info] Frame 629 (t = 3.145):	 total squared error = 0.206846, marker error: RMS = 0.0656452, max = 0.228891 (LBHD)
[2025-09-16 15:55:58.622] [info] Frame 630 (t = 3.15):	 total squared error = 0.207100, marker error: RMS = 0.0656854, max = 0.229226 (LBHD)
[2025-09-16 15:55:58.666] [info] Frame 631 (t = 3.155):	 total squared error = 0.207470, marker error: RMS = 0.0657442, max = 0.229197 (LBHD)
[2025-09-16 15:55:58.703] [info] Frame 632 (t = 3.16):	 total squared error = 0.208420, marker error: RMS = 0.0658945, max = 0.229813 (LBHD)
[2025-09-16 15:55:58.738] [info] Frame 633 (t = 3.165):	 total squared error = 0.208085, marker error: RMS = 0.0658416, max = 0.229194 (LBHD)
[2025-09-16 15:55:58.774] [info] Frame 634 (t = 3.17):	 total squared error = 0.208719, marker error: RMS = 0.0659418, max = 0.229334 (LBHD)
[2025-09-16 15:55:58.821] [info] Frame 635 (t = 3.175):	 total squared error = 0.209054, marker error: RMS = 0.0659946, max = 0.22953 (LBHD)
[2025-09-16 15:55:58.861] [info] Frame 636 (t = 3.18):	 total squared error = 0.209597, marker error: RMS = 0.0660803, max = 0.230119 (LBHD)
[2025-09-16 15:55:58.904] [info] Frame 637 (t = 3.185):	 total squared error = 0.209822, marker error: RMS = 0.0661157, max = 0.230214 (LBHD)
[2025-09-16 15:55:58.940] [info] Frame 638 (t = 3.19):	 total squared error = 0.210206, marker error: RMS = 0.0661762, max = 0.230063 (LBHD)
[2025-09-16 15:55:58.984] [info] Frame 639 (t = 3.195):	 total squared error = 0.210656, marker error: RMS = 0.0662469, max = 0.230587 (LBHD)
[2025-09-16 15:55:59.022] [info] Frame 640 (t = 3.2):	 total squared error = 0.210939, marker error: RMS = 0.0662915, max = 0.230535 (LBHD)
[2025-09-16 15:55:59.061] [info] Frame 641 (t = 3.20500):	 total squared error = 0.211733, marker error: RMS = 0.0664162, max = 0.230772 (LBHD)
[2025-09-16 15:55:59.099] [info] Frame 642 (t = 3.21):	 total squared error = 0.212109, marker error: RMS = 0.066475, max = 0.231314 (LBHD)
[2025-09-16 15:55:59.132] [info] Frame 643 (t = 3.215):	 total squared error = 0.212537, marker error: RMS = 0.0665422, max = 0.231179 (LBHD)
[2025-09-16 15:55:59.179] [info] Frame 644 (t = 3.22):	 total squared error = 0.213447, marker error: RMS = 0.0666844, max = 0.232126 (LBHD)
[2025-09-16 15:55:59.234] [info] Frame 645 (t = 3.225):	 total squared error = 0.213589, marker error: RMS = 0.0667066, max = 0.231761 (LBHD)
[2025-09-16 15:55:59.279] [info] Frame 646 (t = 3.23):	 total squared error = 0.21367, marker error: RMS = 0.0667192, max = 0.231508 (LBHD)
[2025-09-16 15:55:59.334] [info] Frame 647 (t = 3.235):	 total squared error = 0.214133, marker error: RMS = 0.0667914, max = 0.231557 (LBHD)
[2025-09-16 15:55:59.365] [info] Frame 648 (t = 3.24):	 total squared error = 0.214844, marker error: RMS = 0.0669022, max = 0.23196 (LBHD)
[2025-09-16 15:55:59.395] [info] Frame 649 (t = 3.245):	 total squared error = 0.215017, marker error: RMS = 0.0669292, max = 0.232528 (LBHD)
[2025-09-16 15:55:59.424] [info] Frame 650 (t = 3.25):	 total squared error = 0.214749, marker error: RMS = 0.0668875, max = 0.232040 (LBHD)
[2025-09-16 15:55:59.455] [info] Frame 651 (t = 3.255):	 total squared error = 0.216132, marker error: RMS = 0.0671026, max = 0.233070 (LBHD)
[2025-09-16 15:55:59.495] [info] Frame 652 (t = 3.26):	 total squared error = 0.216051, marker error: RMS = 0.0670899, max = 0.23273 (LBHD)
[2025-09-16 15:55:59.524] [info] Frame 653 (t = 3.265):	 total squared error = 0.21656, marker error: RMS = 0.067169, max = 0.232578 (LBHD)
[2025-09-16 15:55:59.558] [info] Frame 654 (t = 3.27):	 total squared error = 0.217041, marker error: RMS = 0.0672434, max = 0.232855 (LBHD)
[2025-09-16 15:55:59.591] [info] Frame 655 (t = 3.275):	 total squared error = 0.217368, marker error: RMS = 0.0672941, max = 0.233052 (LBHD)
[2025-09-16 15:55:59.620] [info] Frame 656 (t = 3.28):	 total squared error = 0.217382, marker error: RMS = 0.0672963, max = 0.233078 (LBHD)
[2025-09-16 15:55:59.662] [info] Frame 657 (t = 3.285):	 total squared error = 0.218893, marker error: RMS = 0.0675298, max = 0.23433 (LBHD)
[2025-09-16 15:55:59.700] [info] Frame 658 (t = 3.29):	 total squared error = 0.218844, marker error: RMS = 0.0675221, max = 0.233643 (LBHD)
[2025-09-16 15:55:59.753] [info] Frame 659 (t = 3.295):	 total squared error = 0.218928, marker error: RMS = 0.0675352, max = 0.233931 (LBHD)
[2025-09-16 15:55:59.797] [info] Frame 660 (t = 3.3):	 total squared error = 0.218871, marker error: RMS = 0.0675263, max = 0.2337 (LBHD)
[2025-09-16 15:55:59.840] [info] Frame 661 (t = 3.30500):	 total squared error = 0.219269, marker error: RMS = 0.0675877, max = 0.233555 (LBHD)
[2025-09-16 15:55:59.890] [info] Frame 662 (t = 3.31):	 total squared error = 0.220032, marker error: RMS = 0.0677052, max = 0.234493 (LBHD)
[2025-09-16 15:55:59.933] [info] Frame 663 (t = 3.315):	 total squared error = 0.213223, marker error: RMS = 0.0666494, max = 0.231921 (LBHD)
[2025-09-16 15:55:59.995] [info] Frame 664 (t = 3.32):	 total squared error = 0.213402, marker error: RMS = 0.0666774, max = 0.231744 (LBHD)
[2025-09-16 15:56:00.052] [info] Frame 665 (t = 3.325):	 total squared error = 0.214727, marker error: RMS = 0.0668841, max = 0.232913 (LBHD)
[2025-09-16 15:56:00.113] [info] Frame 666 (t = 3.33):	 total squared error = 0.214666, marker error: RMS = 0.0668746, max = 0.232746 (LBHD)
[2025-09-16 15:56:00.183] [info] Frame 667 (t = 3.335):	 total squared error = 0.2135, marker error: RMS = 0.0666926, max = 0.231667 (LBHD)
[2025-09-16 15:56:00.224] [info] Frame 668 (t = 3.34):	 total squared error = 0.2139, marker error: RMS = 0.0667551, max = 0.232136 (LBHD)
[2025-09-16 15:56:00.263] [info] Frame 669 (t = 3.345):	 total squared error = 0.214647, marker error: RMS = 0.0668715, max = 0.232396 (LBHD)
[2025-09-16 15:56:00.321] [info] Frame 670 (t = 3.35):	 total squared error = 0.216084, marker error: RMS = 0.0670950, max = 0.233709 (LBHD)
[2025-09-16 15:56:00.363] [info] Frame 671 (t = 3.355):	 total squared error = 0.21572, marker error: RMS = 0.0670385, max = 0.232877 (LBHD)
[2025-09-16 15:56:00.405] [info] Frame 672 (t = 3.36):	 total squared error = 0.215631, marker error: RMS = 0.0670247, max = 0.232946 (LBHD)
[2025-09-16 15:56:00.433] [info] Frame 673 (t = 3.365):	 total squared error = 0.215894, marker error: RMS = 0.0670656, max = 0.233045 (LBHD)
[2025-09-16 15:56:00.473] [info] Frame 674 (t = 3.37):	 total squared error = 0.216225, marker error: RMS = 0.0671169, max = 0.233309 (LBHD)
[2025-09-16 15:56:00.508] [info] Frame 675 (t = 3.375):	 total squared error = 0.217052, marker error: RMS = 0.0672451, max = 0.233805 (LBHD)
[2025-09-16 15:56:00.550] [info] Frame 676 (t = 3.38):	 total squared error = 0.217955, marker error: RMS = 0.067385, max = 0.234146 (LBHD)
[2025-09-16 15:56:00.601] [info] Frame 677 (t = 3.385):	 total squared error = 0.217757, marker error: RMS = 0.0673544, max = 0.233749 (LBHD)
[2025-09-16 15:56:00.646] [info] Frame 678 (t = 3.39):	 total squared error = 0.218064, marker error: RMS = 0.0674018, max = 0.234196 (LBHD)
[2025-09-16 15:56:00.692] [info] Frame 679 (t = 3.395):	 total squared error = 0.218354, marker error: RMS = 0.0674465, max = 0.234282 (LBHD)
[2025-09-16 15:56:00.742] [info] Frame 680 (t = 3.4):	 total squared error = 0.217647, marker error: RMS = 0.0673373, max = 0.233798 (LBHD)
[2025-09-16 15:56:00.788] [info] Frame 681 (t = 3.40500):	 total squared error = 0.218495, marker error: RMS = 0.0674684, max = 0.234188 (LBHD)
[2025-09-16 15:56:00.835] [info] Frame 682 (t = 3.41):	 total squared error = 0.219308, marker error: RMS = 0.0675938, max = 0.234643 (LBHD)
[2025-09-16 15:56:00.893] [info] Frame 683 (t = 3.415):	 total squared error = 0.219178, marker error: RMS = 0.0675737, max = 0.234604 (LBHD)
[2025-09-16 15:56:00.949] [info] Frame 684 (t = 3.42):	 total squared error = 0.21782, marker error: RMS = 0.067364, max = 0.233592 (LBHD)
[2025-09-16 15:56:00.999] [info] Frame 685 (t = 3.425):	 total squared error = 0.218978, marker error: RMS = 0.0675429, max = 0.234282 (LBHD)
[2025-09-16 15:56:01.046] [info] Frame 686 (t = 3.43):	 total squared error = 0.219649, marker error: RMS = 0.0676462, max = 0.234328 (LBHD)
[2025-09-16 15:56:01.081] [info] Frame 687 (t = 3.435):	 total squared error = 0.219616, marker error: RMS = 0.0676412, max = 0.234865 (LBHD)
[2025-09-16 15:56:01.130] [info] Frame 688 (t = 3.44):	 total squared error = 0.220368, marker error: RMS = 0.067757, max = 0.235143 (LBHD)
[2025-09-16 15:56:01.174] [info] Frame 689 (t = 3.445):	 total squared error = 0.220553, marker error: RMS = 0.0677854, max = 0.23498 (LBHD)
[2025-09-16 15:56:01.234] [info] Frame 690 (t = 3.45):	 total squared error = 0.220441, marker error: RMS = 0.0677681, max = 0.234772 (LBHD)
[2025-09-16 15:56:01.274] [info] Frame 691 (t = 3.455):	 total squared error = 0.220062, marker error: RMS = 0.0677099, max = 0.234588 (LBHD)
[2025-09-16 15:56:01.316] [info] Frame 692 (t = 3.46):	 total squared error = 0.220418, marker error: RMS = 0.0677646, max = 0.234795 (LBHD)
[2025-09-16 15:56:01.356] [info] Frame 693 (t = 3.465):	 total squared error = 0.221036, marker error: RMS = 0.0678596, max = 0.235146 (LBHD)
[2025-09-16 15:56:01.429] [info] Frame 694 (t = 3.47):	 total squared error = 0.222102, marker error: RMS = 0.0680231, max = 0.235832 (LBHD)
[2025-09-16 15:56:01.510] [info] Frame 695 (t = 3.475):	 total squared error = 0.220720, marker error: RMS = 0.067811, max = 0.234616 (LBHD)
[2025-09-16 15:56:01.566] [info] Frame 696 (t = 3.48):	 total squared error = 0.221444, marker error: RMS = 0.0679222, max = 0.235408 (LBHD)
[2025-09-16 15:56:01.641] [info] Frame 697 (t = 3.485):	 total squared error = 0.221469, marker error: RMS = 0.067926, max = 0.235331 (LBHD)
[2025-09-16 15:56:01.717] [info] Frame 698 (t = 3.49):	 total squared error = 0.221676, marker error: RMS = 0.0679578, max = 0.235535 (LBHD)
[2025-09-16 15:56:01.774] [info] Frame 699 (t = 3.495):	 total squared error = 0.222194, marker error: RMS = 0.0680370, max = 0.235888 (LBHD)
[2025-09-16 15:56:01.861] [info] Frame 700 (t = 3.5):	 total squared error = 0.220669, marker error: RMS = 0.0678031, max = 0.234428 (LBHD)
[2025-09-16 15:56:01.912] [info] Frame 701 (t = 3.50500):	 total squared error = 0.221769, marker error: RMS = 0.0679719, max = 0.23535 (LBHD)
[2025-09-16 15:56:01.970] [info] Frame 702 (t = 3.51):	 total squared error = 0.222234, marker error: RMS = 0.0680432, max = 0.235521 (LBHD)
[2025-09-16 15:56:02.066] [info] Frame 703 (t = 3.515):	 total squared error = 0.220574, marker error: RMS = 0.0677886, max = 0.23434 (LBHD)
[2025-09-16 15:56:02.122] [info] Frame 704 (t = 3.52):	 total squared error = 0.222585, marker error: RMS = 0.0680968, max = 0.235654 (LBHD)
[2025-09-16 15:56:02.187] [info] Frame 705 (t = 3.525):	 total squared error = 0.223079, marker error: RMS = 0.0681724, max = 0.235791 (LBHD)
[2025-09-16 15:56:02.259] [info] Frame 706 (t = 3.53):	 total squared error = 0.223553, marker error: RMS = 0.0682449, max = 0.236297 (LBHD)
[2025-09-16 15:56:02.314] [info] Frame 707 (t = 3.535):	 total squared error = 0.224767, marker error: RMS = 0.0684299, max = 0.237068 (LBHD)
[2025-09-16 15:56:02.393] [info] Frame 708 (t = 3.54):	 total squared error = 0.225167, marker error: RMS = 0.0684907, max = 0.237111 (LBHD)
[2025-09-16 15:56:02.490] [info] Frame 709 (t = 3.545):	 total squared error = 0.223477, marker error: RMS = 0.0682333, max = 0.235799 (LBHD)
[2025-09-16 15:56:02.571] [info] Frame 710 (t = 3.55):	 total squared error = 0.22446, marker error: RMS = 0.0683831, max = 0.236658 (LBHD)
[2025-09-16 15:56:02.632] [info] Frame 711 (t = 3.555):	 total squared error = 0.225515, marker error: RMS = 0.0685437, max = 0.237088 (LBHD)
[2025-09-16 15:56:02.693] [info] Frame 712 (t = 3.56):	 total squared error = 0.227157, marker error: RMS = 0.0687928, max = 0.238189 (LBHD)
[2025-09-16 15:56:02.791] [info] Frame 713 (t = 3.565):	 total squared error = 0.223052, marker error: RMS = 0.0681683, max = 0.235272 (LBHD)
[2025-09-16 15:56:02.830] [info] Frame 714 (t = 3.57):	 total squared error = 0.224127, marker error: RMS = 0.0683324, max = 0.236078 (LBHD)
[2025-09-16 15:56:02.898] [info] Frame 715 (t = 3.575):	 total squared error = 0.225214, marker error: RMS = 0.0684979, max = 0.236727 (LBHD)
[2025-09-16 15:56:02.954] [info] Frame 716 (t = 3.58):	 total squared error = 0.215238, marker error: RMS = 0.0669636, max = 0.230702 (LBHD)
[2025-09-16 15:56:03.003] [info] Frame 717 (t = 3.585):	 total squared error = 0.215568, marker error: RMS = 0.0670150, max = 0.230485 (RBHD)
[2025-09-16 15:56:03.056] [info] Frame 718 (t = 3.59):	 total squared error = 0.215859, marker error: RMS = 0.0670602, max = 0.230828 (LBHD)
[2025-09-16 15:56:03.113] [info] Frame 719 (t = 3.595):	 total squared error = 0.216575, marker error: RMS = 0.0671713, max = 0.231048 (LBHD)
[2025-09-16 15:56:03.175] [info] Frame 720 (t = 3.6):	 total squared error = 0.217371, marker error: RMS = 0.0672946, max = 0.234073 (RBHD)
[2025-09-16 15:56:03.221] [info] Frame 721 (t = 3.60500):	 total squared error = 0.217152, marker error: RMS = 0.0672607, max = 0.233795 (RBHD)
[2025-09-16 15:56:03.313] [info] Frame 722 (t = 3.61):	 total squared error = 0.214154, marker error: RMS = 0.0667948, max = 0.231037 (LBHD)
[2025-09-16 15:56:03.358] [info] Frame 723 (t = 3.615):	 total squared error = 0.215849, marker error: RMS = 0.0670586, max = 0.232423 (RBHD)
[2025-09-16 15:56:03.425] [info] Frame 724 (t = 3.62):	 total squared error = 0.216405, marker error: RMS = 0.0671449, max = 0.232981 (RBHD)
[2025-09-16 15:56:03.530] [info] Frame 725 (t = 3.625):	 total squared error = 0.216102, marker error: RMS = 0.0670979, max = 0.23297 (RBHD)
[2025-09-16 15:56:03.676] [info] Frame 726 (t = 3.63):	 total squared error = 0.214244, marker error: RMS = 0.0668089, max = 0.231467 (RBHD)
[2025-09-16 15:56:03.807] [info] Frame 727 (t = 3.635):	 total squared error = 0.216591, marker error: RMS = 0.0671738, max = 0.233858 (RBHD)
[2025-09-16 15:56:03.897] [info] Frame 728 (t = 3.64):	 total squared error = 0.213189, marker error: RMS = 0.0666442, max = 0.230798 (RBHD)
[2025-09-16 15:56:03.940] [info] Frame 729 (t = 3.645):	 total squared error = 0.214396, marker error: RMS = 0.0668325, max = 0.232067 (RBHD)
[2025-09-16 15:56:03.994] [info] Frame 730 (t = 3.65):	 total squared error = 0.216424, marker error: RMS = 0.0671478, max = 0.233721 (RBHD)
[2025-09-16 15:56:04.051] [info] Frame 731 (t = 3.655):	 total squared error = 0.216294, marker error: RMS = 0.0671277, max = 0.233381 (RBHD)
[2025-09-16 15:56:04.088] [info] Frame 732 (t = 3.66):	 total squared error = 0.217253, marker error: RMS = 0.0672764, max = 0.234276 (RBHD)
[2025-09-16 15:56:04.140] [info] Frame 733 (t = 3.665):	 total squared error = 0.217961, marker error: RMS = 0.0673858, max = 0.234576 (RBHD)
[2025-09-16 15:56:04.187] [info] Frame 734 (t = 3.67):	 total squared error = 0.219046, marker error: RMS = 0.0675534, max = 0.235045 (RBHD)
[2025-09-16 15:56:04.239] [info] Frame 735 (t = 3.675):	 total squared error = 0.2195, marker error: RMS = 0.0676233, max = 0.235542 (RBHD)
[2025-09-16 15:56:04.308] [info] Frame 736 (t = 3.68):	 total squared error = 0.220235, marker error: RMS = 0.0677365, max = 0.236297 (RBHD)
[2025-09-16 15:56:04.356] [info] Frame 737 (t = 3.685):	 total squared error = 0.220678, marker error: RMS = 0.0678046, max = 0.236531 (RBHD)
[2025-09-16 15:56:04.407] [info] Frame 738 (t = 3.69):	 total squared error = 0.220669, marker error: RMS = 0.0678033, max = 0.23657 (RBHD)
[2025-09-16 15:56:04.476] [info] Frame 739 (t = 3.695):	 total squared error = 0.221065, marker error: RMS = 0.067864, max = 0.236638 (RBHD)
[2025-09-16 15:56:04.531] [info] Frame 740 (t = 3.7):	 total squared error = 0.220522, marker error: RMS = 0.0677805, max = 0.236227 (RBHD)
[2025-09-16 15:56:04.583] [info] Frame 741 (t = 3.70500):	 total squared error = 0.220459, marker error: RMS = 0.067771, max = 0.236319 (RBHD)
[2025-09-16 15:56:04.639] [info] Frame 742 (t = 3.71):	 total squared error = 0.220128, marker error: RMS = 0.0677201, max = 0.23586 (RBHD)
[2025-09-16 15:56:04.690] [info] Frame 743 (t = 3.715):	 total squared error = 0.220220, marker error: RMS = 0.0677341, max = 0.236092 (RBHD)
[2025-09-16 15:56:04.731] [info] Frame 744 (t = 3.72):	 total squared error = 0.219934, marker error: RMS = 0.0676901, max = 0.235947 (RBHD)
[2025-09-16 15:56:04.787] [info] Frame 745 (t = 3.725):	 total squared error = 0.219619, marker error: RMS = 0.0676417, max = 0.235288 (RBHD)
[2025-09-16 15:56:04.850] [info] Frame 746 (t = 3.73):	 total squared error = 0.219695, marker error: RMS = 0.0676534, max = 0.235664 (RBHD)
[2025-09-16 15:56:04.911] [info] Frame 747 (t = 3.735):	 total squared error = 0.220575, marker error: RMS = 0.0677887, max = 0.236381 (RBHD)
[2025-09-16 15:56:04.970] [info] Frame 748 (t = 3.74):	 total squared error = 0.219898, marker error: RMS = 0.0676846, max = 0.235529 (RBHD)
[2025-09-16 15:56:05.024] [info] Frame 749 (t = 3.745):	 total squared error = 0.220470, marker error: RMS = 0.0677727, max = 0.236223 (RBHD)
[2025-09-16 15:56:05.073] [info] Frame 750 (t = 3.75):	 total squared error = 0.220914, marker error: RMS = 0.0678407, max = 0.23678 (RBHD)
[2025-09-16 15:56:05.142] [info] Frame 751 (t = 3.755):	 total squared error = 0.221086, marker error: RMS = 0.0678672, max = 0.237006 (RBHD)
[2025-09-16 15:56:05.244] [info] Frame 752 (t = 3.76):	 total squared error = 0.21686, marker error: RMS = 0.0672155, max = 0.232973 (RBHD)
[2025-09-16 15:56:05.313] [info] Frame 753 (t = 3.765):	 total squared error = 0.217804, marker error: RMS = 0.0673615, max = 0.233762 (RBHD)
[2025-09-16 15:56:05.381] [info] Frame 754 (t = 3.77):	 total squared error = 0.218614, marker error: RMS = 0.0674867, max = 0.234667 (RBHD)
[2025-09-16 15:56:05.435] [info] Frame 755 (t = 3.775):	 total squared error = 0.219523, marker error: RMS = 0.0676268, max = 0.235242 (RBHD)
[2025-09-16 15:56:05.491] [info] Frame 756 (t = 3.78):	 total squared error = 0.220430, marker error: RMS = 0.0677665, max = 0.236022 (RBHD)
[2025-09-16 15:56:05.556] [info] Frame 757 (t = 3.785):	 total squared error = 0.222144, marker error: RMS = 0.0680294, max = 0.237239 (RBHD)
[2025-09-16 15:56:05.616] [info] Frame 758 (t = 3.79):	 total squared error = 0.222167, marker error: RMS = 0.0680329, max = 0.237531 (RBHD)
[2025-09-16 15:56:05.683] [info] Frame 759 (t = 3.795):	 total squared error = 0.221624, marker error: RMS = 0.0679497, max = 0.237127 (RBHD)
[2025-09-16 15:56:05.747] [info] Frame 760 (t = 3.8):	 total squared error = 0.221958, marker error: RMS = 0.0680009, max = 0.237252 (RBHD)
[2025-09-16 15:56:05.810] [info] Frame 761 (t = 3.80500):	 total squared error = 0.221579, marker error: RMS = 0.0679428, max = 0.236769 (RBHD)
[2025-09-16 15:56:05.871] [info] Frame 762 (t = 3.81):	 total squared error = 0.223025, marker error: RMS = 0.0681642, max = 0.238166 (RBHD)
[2025-09-16 15:56:05.918] [info] Frame 763 (t = 3.815):	 total squared error = 0.222989, marker error: RMS = 0.0681587, max = 0.237907 (RBHD)
[2025-09-16 15:56:05.973] [info] Frame 764 (t = 3.82):	 total squared error = 0.222508, marker error: RMS = 0.0680851, max = 0.237375 (RBHD)
[2025-09-16 15:56:06.016] [info] Frame 765 (t = 3.825):	 total squared error = 0.222809, marker error: RMS = 0.0681312, max = 0.237748 (RBHD)
[2025-09-16 15:56:06.066] [info] Frame 766 (t = 3.83):	 total squared error = 0.222165, marker error: RMS = 0.0680327, max = 0.237075 (RBHD)
[2025-09-16 15:56:06.148] [info] Frame 767 (t = 3.835):	 total squared error = 0.218027, marker error: RMS = 0.0673961, max = 0.233357 (RBHD)
[2025-09-16 15:56:06.192] [info] Frame 768 (t = 3.84):	 total squared error = 0.219484, marker error: RMS = 0.0676208, max = 0.234849 (RBHD)
[2025-09-16 15:56:06.239] [info] Frame 769 (t = 3.845):	 total squared error = 0.220844, marker error: RMS = 0.0678301, max = 0.235772 (RBHD)
[2025-09-16 15:56:06.289] [info] Frame 770 (t = 3.85):	 total squared error = 0.220948, marker error: RMS = 0.067846, max = 0.235798 (RBHD)
[2025-09-16 15:56:06.356] [info] Frame 771 (t = 3.855):	 total squared error = 0.221064, marker error: RMS = 0.0678638, max = 0.236135 (RBHD)
[2025-09-16 15:56:06.448] [info] Frame 772 (t = 3.86):	 total squared error = 0.222061, marker error: RMS = 0.0680167, max = 0.23672 (RBHD)
[2025-09-16 15:56:06.547] [info] Frame 773 (t = 3.865):	 total squared error = 0.222628, marker error: RMS = 0.0681035, max = 0.237331 (RBHD)
[2025-09-16 15:56:06.611] [info] Frame 774 (t = 3.87):	 total squared error = 0.222443, marker error: RMS = 0.0680752, max = 0.236992 (RBHD)
[2025-09-16 15:56:06.685] [info] Frame 775 (t = 3.875):	 total squared error = 0.223649, marker error: RMS = 0.0682595, max = 0.238176 (RBHD)
[2025-09-16 15:56:06.751] [info] Frame 776 (t = 3.88):	 total squared error = 0.223642, marker error: RMS = 0.0682584, max = 0.238361 (RBHD)
[2025-09-16 15:56:06.846] [info] Frame 777 (t = 3.885):	 total squared error = 0.218715, marker error: RMS = 0.0675023, max = 0.233968 (RBHD)
[2025-09-16 15:56:06.910] [info] Frame 778 (t = 3.89):	 total squared error = 0.219803, marker error: RMS = 0.06767, max = 0.234915 (RBHD)
[2025-09-16 15:56:06.965] [info] Frame 779 (t = 3.895):	 total squared error = 0.221095, marker error: RMS = 0.0678685, max = 0.236049 (RBHD)
[2025-09-16 15:56:07.030] [info] Frame 780 (t = 3.9):	 total squared error = 0.222043, marker error: RMS = 0.0680140, max = 0.236755 (RBHD)
[2025-09-16 15:56:07.094] [info] Frame 781 (t = 3.90500):	 total squared error = 0.222549, marker error: RMS = 0.0680913, max = 0.237195 (RBHD)
[2025-09-16 15:56:07.168] [info] Frame 782 (t = 3.91):	 total squared error = 0.218402, marker error: RMS = 0.067454, max = 0.233235 (RBHD)
[2025-09-16 15:56:07.237] [info] Frame 783 (t = 3.915):	 total squared error = 0.220600, marker error: RMS = 0.0677926, max = 0.23524 (RBHD)
[2025-09-16 15:56:07.332] [info] Frame 784 (t = 3.92):	 total squared error = 0.218929, marker error: RMS = 0.0675353, max = 0.233427 (RBHD)
[2025-09-16 15:56:07.384] [info] Frame 785 (t = 3.925):	 total squared error = 0.220146, marker error: RMS = 0.0677228, max = 0.234737 (RBHD)
[2025-09-16 15:56:07.454] [info] Frame 786 (t = 3.93):	 total squared error = 0.221102, marker error: RMS = 0.0678697, max = 0.235401 (RBHD)
[2025-09-16 15:56:07.508] [info] Frame 787 (t = 3.935):	 total squared error = 0.221727, marker error: RMS = 0.0679655, max = 0.236366 (RBHD)
[2025-09-16 15:56:07.550] [info] Frame 788 (t = 3.94):	 total squared error = 0.222109, marker error: RMS = 0.0680240, max = 0.23678 (RBHD)
[2025-09-16 15:56:07.608] [info] Frame 789 (t = 3.945):	 total squared error = 0.22286, marker error: RMS = 0.0681389, max = 0.237163 (RBHD)
[2025-09-16 15:56:07.659] [info] Frame 790 (t = 3.95):	 total squared error = 0.223168, marker error: RMS = 0.068186, max = 0.23753 (RBHD)
[2025-09-16 15:56:07.705] [info] Frame 791 (t = 3.955):	 total squared error = 0.223527, marker error: RMS = 0.0682408, max = 0.237544 (RBHD)
[2025-09-16 15:56:07.769] [info] Frame 792 (t = 3.96):	 total squared error = 0.222119, marker error: RMS = 0.0680255, max = 0.236175 (RBHD)
[2025-09-16 15:56:07.854] [info] Frame 793 (t = 3.965):	 total squared error = 0.219449, marker error: RMS = 0.0676155, max = 0.233777 (RBHD)
[2025-09-16 15:56:07.910] [info] Frame 794 (t = 3.97):	 total squared error = 0.220904, marker error: RMS = 0.0678393, max = 0.235136 (RBHD)
[2025-09-16 15:56:07.958] [info] Frame 795 (t = 3.975):	 total squared error = 0.222156, marker error: RMS = 0.0680312, max = 0.236074 (RBHD)
[2025-09-16 15:56:08.043] [info] Frame 796 (t = 3.98):	 total squared error = 0.219639, marker error: RMS = 0.0676447, max = 0.233646 (RBHD)
[2025-09-16 15:56:08.089] [info] Frame 797 (t = 3.985):	 total squared error = 0.220842, marker error: RMS = 0.0678298, max = 0.234754 (RBHD)
[2025-09-16 15:56:08.145] [info] Frame 798 (t = 3.99):	 total squared error = 0.22248, marker error: RMS = 0.0680809, max = 0.236318 (RBHD)
[2025-09-16 15:56:08.183] [info] Frame 799 (t = 3.995):	 total squared error = 0.223077, marker error: RMS = 0.0681721, max = 0.23669 (RBHD)
[2025-09-16 15:56:08.250] [info] Frame 800 (t = 4.0):	 total squared error = 0.220307, marker error: RMS = 0.0677475, max = 0.234135 (RBHD)
[2025-09-16 15:56:08.297] [info] Frame 801 (t = 4.00500):	 total squared error = 0.221714, marker error: RMS = 0.0679635, max = 0.235425 (RBHD)
[2025-09-16 15:56:08.342] [info] Frame 802 (t = 4.01):	 total squared error = 0.222553, marker error: RMS = 0.0680920, max = 0.236284 (RBHD)
[2025-09-16 15:56:08.389] [info] Frame 803 (t = 4.015):	 total squared error = 0.223463, marker error: RMS = 0.068231, max = 0.236911 (RBHD)
[2025-09-16 15:56:08.463] [info] Frame 804 (t = 4.02):	 total squared error = 0.224011, marker error: RMS = 0.0683146, max = 0.237541 (RBHD)
[2025-09-16 15:56:08.521] [info] Frame 805 (t = 4.025):	 total squared error = 0.224586, marker error: RMS = 0.0684023, max = 0.237745 (RBHD)
[2025-09-16 15:56:08.578] [info] Frame 806 (t = 4.03):	 total squared error = 0.224206, marker error: RMS = 0.0683444, max = 0.237508 (RBHD)
[2025-09-16 15:56:08.654] [info] Frame 807 (t = 4.035):	 total squared error = 0.221345, marker error: RMS = 0.0679070, max = 0.234781 (RBHD)
[2025-09-16 15:56:08.699] [info] Frame 808 (t = 4.04):	 total squared error = 0.222722, marker error: RMS = 0.0681179, max = 0.235982 (RBHD)
[2025-09-16 15:56:08.752] [info] Frame 809 (t = 4.045):	 total squared error = 0.223399, marker error: RMS = 0.0682213, max = 0.236519 (RBHD)
[2025-09-16 15:56:08.818] [info] Frame 810 (t = 4.05):	 total squared error = 0.219399, marker error: RMS = 0.0676078, max = 0.232899 (RBHD)
[2025-09-16 15:56:08.870] [info] Frame 811 (t = 4.055):	 total squared error = 0.221589, marker error: RMS = 0.0679443, max = 0.234777 (RBHD)
[2025-09-16 15:56:08.946] [info] Frame 812 (t = 4.06):	 total squared error = 0.222045, marker error: RMS = 0.0680143, max = 0.235288 (RBHD)
[2025-09-16 15:56:09.015] [info] Frame 813 (t = 4.065):	 total squared error = 0.223077, marker error: RMS = 0.068172, max = 0.23626 (RBHD)
[2025-09-16 15:56:09.096] [info] Frame 814 (t = 4.07):	 total squared error = 0.224161, marker error: RMS = 0.0683375, max = 0.237113 (RBHD)
[2025-09-16 15:56:09.151] [info] Frame 815 (t = 4.075):	 total squared error = 0.22487, marker error: RMS = 0.0684456, max = 0.23759 (RBHD)
[2025-09-16 15:56:09.225] [info] Frame 816 (t = 4.08):	 total squared error = 0.223438, marker error: RMS = 0.0682273, max = 0.236199 (RBHD)
[2025-09-16 15:56:09.286] [info] Frame 817 (t = 4.085):	 total squared error = 0.223349, marker error: RMS = 0.0682137, max = 0.23631 (RBHD)
[2025-09-16 15:56:09.343] [info] Frame 818 (t = 4.09):	 total squared error = 0.223881, marker error: RMS = 0.0682948, max = 0.236743 (RBHD)
[2025-09-16 15:56:09.390] [info] Frame 819 (t = 4.095):	 total squared error = 0.224449, marker error: RMS = 0.0683814, max = 0.237349 (RBHD)
[2025-09-16 15:56:09.441] [info] Frame 820 (t = 4.1):	 total squared error = 0.22489, marker error: RMS = 0.0684485, max = 0.237624 (RBHD)
[2025-09-16 15:56:09.491] [info] Frame 821 (t = 4.10500):	 total squared error = 0.225461, marker error: RMS = 0.0685354, max = 0.237869 (RBHD)
[2025-09-16 15:56:09.541] [info] Frame 822 (t = 4.11):	 total squared error = 0.2259, marker error: RMS = 0.0686021, max = 0.23816 (RBHD)
[2025-09-16 15:56:09.587] [info] Frame 823 (t = 4.115):	 total squared error = 0.225524, marker error: RMS = 0.068545, max = 0.237898 (RBHD)
[2025-09-16 15:56:09.644] [info] Frame 824 (t = 4.12):	 total squared error = 0.225047, marker error: RMS = 0.0684724, max = 0.237209 (RBHD)
[2025-09-16 15:56:09.683] [info] Frame 825 (t = 4.125):	 total squared error = 0.22531, marker error: RMS = 0.0685124, max = 0.237727 (RBHD)
[2025-09-16 15:56:09.722] [info] Frame 826 (t = 4.13):	 total squared error = 0.224889, marker error: RMS = 0.0684485, max = 0.237431 (RBHD)
[2025-09-16 15:56:09.798] [info] Frame 827 (t = 4.135):	 total squared error = 0.220530, marker error: RMS = 0.0677817, max = 0.233483 (RBHD)
[2025-09-16 15:56:09.858] [info] Frame 828 (t = 4.14):	 total squared error = 0.222425, marker error: RMS = 0.0680724, max = 0.235147 (RBHD)
[2025-09-16 15:56:09.901] [info] Frame 829 (t = 4.145):	 total squared error = 0.223542, marker error: RMS = 0.0682431, max = 0.236083 (RBHD)
[2025-09-16 15:56:09.950] [info] Frame 830 (t = 4.15):	 total squared error = 0.224632, marker error: RMS = 0.0684093, max = 0.236912 (RBHD)
[2025-09-16 15:56:10.027] [info] Frame 831 (t = 4.155):	 total squared error = 0.22118, marker error: RMS = 0.0678817, max = 0.233863 (RBHD)
[2025-09-16 15:56:10.084] [info] Frame 832 (t = 4.16):	 total squared error = 0.223033, marker error: RMS = 0.0681653, max = 0.235693 (RBHD)
[2025-09-16 15:56:10.137] [info] Frame 833 (t = 4.165):	 total squared error = 0.22362, marker error: RMS = 0.068255, max = 0.236279 (RBHD)
[2025-09-16 15:56:10.194] [info] Frame 834 (t = 4.17):	 total squared error = 0.224249, marker error: RMS = 0.0683509, max = 0.236312 (RBHD)
[2025-09-16 15:56:10.262] [info] Frame 835 (t = 4.175):	 total squared error = 0.221213, marker error: RMS = 0.0678868, max = 0.233846 (RBHD)
[2025-09-16 15:56:10.301] [info] Frame 836 (t = 4.18):	 total squared error = 0.223203, marker error: RMS = 0.0681913, max = 0.235492 (RBHD)
[2025-09-16 15:56:10.349] [info] Frame 837 (t = 4.185):	 total squared error = 0.224043, marker error: RMS = 0.0683196, max = 0.236049 (RBHD)
[2025-09-16 15:56:10.410] [info] Frame 838 (t = 4.19):	 total squared error = 0.223727, marker error: RMS = 0.0682713, max = 0.235878 (RBHD)
[2025-09-16 15:56:10.475] [info] Frame 839 (t = 4.195):	 total squared error = 0.221342, marker error: RMS = 0.0679066, max = 0.233756 (RBHD)
[2025-09-16 15:56:10.532] [info] Frame 840 (t = 4.2):	 total squared error = 0.223513, marker error: RMS = 0.0682388, max = 0.235832 (RBHD)
[2025-09-16 15:56:10.622] [info] Frame 841 (t = 4.20500):	 total squared error = 0.220655, marker error: RMS = 0.0678010, max = 0.233149 (RBHD)
[2025-09-16 15:56:10.677] [info] Frame 842 (t = 4.21):	 total squared error = 0.221983, marker error: RMS = 0.0680047, max = 0.234285 (RBHD)
[2025-09-16 15:56:10.733] [info] Frame 843 (t = 4.215):	 total squared error = 0.223814, marker error: RMS = 0.0682846, max = 0.235985 (RBHD)
[2025-09-16 15:56:10.784] [info] Frame 844 (t = 4.22):	 total squared error = 0.22448, marker error: RMS = 0.0683861, max = 0.236421 (RBHD)
[2025-09-16 15:56:10.842] [info] Frame 845 (t = 4.225):	 total squared error = 0.22468, marker error: RMS = 0.0684166, max = 0.236213 (RBHD)
[2025-09-16 15:56:10.929] [info] Frame 846 (t = 4.23):	 total squared error = 0.221193, marker error: RMS = 0.0678836, max = 0.232966 (RBHD)
[2025-09-16 15:56:10.982] [info] Frame 847 (t = 4.235):	 total squared error = 0.223849, marker error: RMS = 0.06829, max = 0.235225 (RBHD)
[2025-09-16 15:56:11.026] [info] Frame 848 (t = 4.24):	 total squared error = 0.224935, marker error: RMS = 0.0684554, max = 0.23652 (RBHD)
[2025-09-16 15:56:11.103] [info] Frame 849 (t = 4.245):	 total squared error = 0.226021, marker error: RMS = 0.0686205, max = 0.237284 (RBHD)
[2025-09-16 15:56:11.184] [info] Frame 850 (t = 4.25):	 total squared error = 0.222263, marker error: RMS = 0.0680476, max = 0.233854 (RBHD)
[2025-09-16 15:56:11.290] [info] Frame 851 (t = 4.255):	 total squared error = 0.22156, marker error: RMS = 0.0679399, max = 0.233173 (RBHD)
[2025-09-16 15:56:11.357] [info] Frame 852 (t = 4.26):	 total squared error = 0.223549, marker error: RMS = 0.0682442, max = 0.23517 (RBHD)
[2025-09-16 15:56:11.426] [info] Frame 853 (t = 4.265):	 total squared error = 0.225468, marker error: RMS = 0.0685365, max = 0.236613 (RBHD)
[2025-09-16 15:56:11.513] [info] Frame 854 (t = 4.27):	 total squared error = 0.226454, marker error: RMS = 0.0686862, max = 0.237498 (RBHD)
[2025-09-16 15:56:11.639] [info] Frame 855 (t = 4.275):	 total squared error = 0.226757, marker error: RMS = 0.0687321, max = 0.237758 (RBHD)
[2025-09-16 15:56:11.778] [info] Frame 856 (t = 4.28):	 total squared error = 0.226994, marker error: RMS = 0.068768, max = 0.237906 (RBHD)
[2025-09-16 15:56:11.903] [info] Frame 857 (t = 4.285):	 total squared error = 0.226432, marker error: RMS = 0.0686828, max = 0.237909 (RBHD)
[2025-09-16 15:56:11.985] [info] Frame 858 (t = 4.29):	 total squared error = 0.226996, marker error: RMS = 0.0687683, max = 0.238001 (RBHD)
[2025-09-16 15:56:12.105] [info] Frame 859 (t = 4.295):	 total squared error = 0.221827, marker error: RMS = 0.0679808, max = 0.233149 (RBHD)
[2025-09-16 15:56:12.231] [info] Frame 860 (t = 4.3):	 total squared error = 0.224070, marker error: RMS = 0.0683237, max = 0.235788 (RBHD)
[2025-09-16 15:56:12.439] [info] Frame 861 (t = 4.30500):	 total squared error = 0.221626, marker error: RMS = 0.06795, max = 0.233191 (RBHD)
[2025-09-16 15:56:12.573] [info] Frame 862 (t = 4.31):	 total squared error = 0.223568, marker error: RMS = 0.0682471, max = 0.23492 (RBHD)
[2025-09-16 15:56:12.675] [info] Frame 863 (t = 4.315):	 total squared error = 0.225355, marker error: RMS = 0.0685193, max = 0.236409 (RBHD)
[2025-09-16 15:56:12.789] [info] Frame 864 (t = 4.32):	 total squared error = 0.226026, marker error: RMS = 0.0686213, max = 0.237074 (RBHD)
[2025-09-16 15:56:12.899] [info] Frame 865 (t = 4.325):	 total squared error = 0.226427, marker error: RMS = 0.068682, max = 0.237519 (RBHD)
[2025-09-16 15:56:13.036] [info] Frame 866 (t = 4.33):	 total squared error = 0.224685, marker error: RMS = 0.0684173, max = 0.235575 (RBHD)
[2025-09-16 15:56:13.123] [info] Frame 867 (t = 4.335):	 total squared error = 0.225472, marker error: RMS = 0.0685371, max = 0.236756 (RBHD)
[2025-09-16 15:56:13.224] [info] Frame 868 (t = 4.34):	 total squared error = 0.225468, marker error: RMS = 0.0685364, max = 0.236387 (RBHD)
[2025-09-16 15:56:13.301] [info] Frame 869 (t = 4.345):	 total squared error = 0.225133, marker error: RMS = 0.0684856, max = 0.236244 (RBHD)
[2025-09-16 15:56:13.366] [info] Frame 870 (t = 4.35):	 total squared error = 0.225827, marker error: RMS = 0.068591, max = 0.236848 (RBHD)
[2025-09-16 15:56:13.456] [info] Frame 871 (t = 4.355):	 total squared error = 0.226149, marker error: RMS = 0.06864, max = 0.236892 (RBHD)
[2025-09-16 15:56:13.539] [info] Frame 872 (t = 4.36):	 total squared error = 0.225996, marker error: RMS = 0.0686167, max = 0.236719 (RBHD)
[2025-09-16 15:56:13.676] [info] Frame 873 (t = 4.365):	 total squared error = 0.22136, marker error: RMS = 0.0679093, max = 0.232929 (RBHD)
[2025-09-16 15:56:13.761] [info] Frame 874 (t = 4.37):	 total squared error = 0.223341, marker error: RMS = 0.0682124, max = 0.235183 (RBHD)
[2025-09-16 15:56:13.862] [info] Frame 875 (t = 4.375):	 total squared error = 0.224694, marker error: RMS = 0.0684187, max = 0.236051 (RBHD)
[2025-09-16 15:56:14.024] [info] Frame 876 (t = 4.38):	 total squared error = 0.221038, marker error: RMS = 0.0678598, max = 0.232868 (RBHD)
[2025-09-16 15:56:14.100] [info] Frame 877 (t = 4.385):	 total squared error = 0.222478, marker error: RMS = 0.0680806, max = 0.234239 (RBHD)
[2025-09-16 15:56:14.160] [info] Frame 878 (t = 4.39):	 total squared error = 0.224292, marker error: RMS = 0.0683575, max = 0.235838 (RBHD)
[2025-09-16 15:56:14.223] [info] Frame 879 (t = 4.395):	 total squared error = 0.225155, marker error: RMS = 0.0684889, max = 0.236628 (RBHD)
[2025-09-16 15:56:14.320] [info] Frame 880 (t = 4.4):	 total squared error = 0.225413, marker error: RMS = 0.0685281, max = 0.236697 (RBHD)
[2025-09-16 15:56:14.379] [info] Frame 881 (t = 4.40500):	 total squared error = 0.225842, marker error: RMS = 0.0685933, max = 0.237216 (RBHD)
[2025-09-16 15:56:14.512] [info] Frame 882 (t = 4.41):	 total squared error = 0.220797, marker error: RMS = 0.0678228, max = 0.232596 (RBHD)
[2025-09-16 15:56:14.602] [info] Frame 883 (t = 4.415):	 total squared error = 0.222692, marker error: RMS = 0.0681133, max = 0.234472 (RBHD)
[2025-09-16 15:56:14.665] [info] Frame 884 (t = 4.42):	 total squared error = 0.224256, marker error: RMS = 0.068352, max = 0.235847 (RBHD)
[2025-09-16 15:56:14.762] [info] Frame 885 (t = 4.425):	 total squared error = 0.225405, marker error: RMS = 0.0685268, max = 0.236739 (RBHD)
[2025-09-16 15:56:14.842] [info] Frame 886 (t = 4.43):	 total squared error = 0.225633, marker error: RMS = 0.0685615, max = 0.236822 (RBHD)
[2025-09-16 15:56:14.940] [info] Frame 887 (t = 4.435):	 total squared error = 0.221535, marker error: RMS = 0.067936, max = 0.233028 (RBHD)
[2025-09-16 15:56:15.018] [info] Frame 888 (t = 4.44):	 total squared error = 0.223247, marker error: RMS = 0.068198, max = 0.234463 (RBHD)
[2025-09-16 15:56:15.087] [info] Frame 889 (t = 4.445):	 total squared error = 0.224284, marker error: RMS = 0.0683563, max = 0.235599 (RBHD)
[2025-09-16 15:56:15.172] [info] Frame 890 (t = 4.45):	 total squared error = 0.221353, marker error: RMS = 0.0679081, max = 0.232887 (RBHD)
[2025-09-16 15:56:15.244] [info] Frame 891 (t = 4.455):	 total squared error = 0.225281, marker error: RMS = 0.0685081, max = 0.236595 (RBHD)
[2025-09-16 15:56:15.343] [info] Frame 892 (t = 4.46):	 total squared error = 0.225841, marker error: RMS = 0.0685931, max = 0.237384 (RBHD)
[2025-09-16 15:56:15.447] [info] Frame 893 (t = 4.465):	 total squared error = 0.226003, marker error: RMS = 0.0686178, max = 0.237276 (RBHD)
[2025-09-16 15:56:15.553] [info] Frame 894 (t = 4.47):	 total squared error = 0.225813, marker error: RMS = 0.0685889, max = 0.237028 (RBHD)
[2025-09-16 15:56:15.643] [info] Frame 895 (t = 4.475):	 total squared error = 0.226003, marker error: RMS = 0.0686178, max = 0.237215 (RBHD)
[2025-09-16 15:56:15.812] [info] Frame 896 (t = 4.48):	 total squared error = 0.221143, marker error: RMS = 0.067876, max = 0.232997 (RBHD)
[2025-09-16 15:56:15.896] [info] Frame 897 (t = 4.485):	 total squared error = 0.222875, marker error: RMS = 0.0681412, max = 0.234483 (RBHD)
[2025-09-16 15:56:16.017] [info] Frame 898 (t = 4.49):	 total squared error = 0.220357, marker error: RMS = 0.0677553, max = 0.232024 (RBHD)
[2025-09-16 15:56:16.122] [info] Frame 899 (t = 4.495):	 total squared error = 0.222933, marker error: RMS = 0.06815, max = 0.234425 (RBHD)
[2025-09-16 15:56:16.206] [info] Frame 900 (t = 4.5):	 total squared error = 0.224258, marker error: RMS = 0.0683524, max = 0.235526 (RBHD)
[2025-09-16 15:56:16.291] [info] Frame 901 (t = 4.50500):	 total squared error = 0.22423, marker error: RMS = 0.0683481, max = 0.235461 (RBHD)
[2025-09-16 15:56:16.378] [info] Frame 902 (t = 4.51):	 total squared error = 0.224747, marker error: RMS = 0.0684268, max = 0.235977 (RBHD)
[2025-09-16 15:56:16.469] [info] Frame 903 (t = 4.515):	 total squared error = 0.225395, marker error: RMS = 0.0685253, max = 0.236577 (RBHD)
[2025-09-16 15:56:16.630] [info] Frame 904 (t = 4.52):	 total squared error = 0.220523, marker error: RMS = 0.0677808, max = 0.232315 (RBHD)
[2025-09-16 15:56:16.736] [info] Frame 905 (t = 4.525):	 total squared error = 0.222046, marker error: RMS = 0.0680144, max = 0.233689 (RBHD)
[2025-09-16 15:56:16.819] [info] Frame 906 (t = 4.53):	 total squared error = 0.223702, marker error: RMS = 0.0682675, max = 0.235301 (RBHD)
[2025-09-16 15:56:16.898] [info] Frame 907 (t = 4.535):	 total squared error = 0.224736, marker error: RMS = 0.0684251, max = 0.235979 (RBHD)
[2025-09-16 15:56:16.977] [info] Frame 908 (t = 4.54):	 total squared error = 0.225502, marker error: RMS = 0.0685416, max = 0.236748 (RBHD)
[2025-09-16 15:56:17.061] [info] Frame 909 (t = 4.545):	 total squared error = 0.224856, marker error: RMS = 0.0684434, max = 0.236019 (RBHD)
[2025-09-16 15:56:17.123] [info] Frame 910 (t = 4.55):	 total squared error = 0.225559, marker error: RMS = 0.0685503, max = 0.236905 (RBHD)
[2025-09-16 15:56:17.266] [info] Frame 911 (t = 4.555):	 total squared error = 0.220487, marker error: RMS = 0.0677753, max = 0.232266 (RBHD)
[2025-09-16 15:56:17.347] [info] Frame 912 (t = 4.56):	 total squared error = 0.222519, marker error: RMS = 0.0680869, max = 0.233882 (RBHD)
[2025-09-16 15:56:17.424] [info] Frame 913 (t = 4.565):	 total squared error = 0.224077, marker error: RMS = 0.0683248, max = 0.235546 (RBHD)
[2025-09-16 15:56:17.550] [info] Frame 914 (t = 4.57):	 total squared error = 0.220527, marker error: RMS = 0.0677813, max = 0.231932 (RBHD)
[2025-09-16 15:56:17.621] [info] Frame 915 (t = 4.575):	 total squared error = 0.222519, marker error: RMS = 0.0680868, max = 0.233841 (RBHD)
[2025-09-16 15:56:17.694] [info] Frame 916 (t = 4.58):	 total squared error = 0.22416, marker error: RMS = 0.0683374, max = 0.23547 (RBHD)
[2025-09-16 15:56:17.750] [info] Frame 917 (t = 4.585):	 total squared error = 0.224533, marker error: RMS = 0.0683942, max = 0.235681 (RBHD)
[2025-09-16 15:56:17.829] [info] Frame 918 (t = 4.59):	 total squared error = 0.226268, marker error: RMS = 0.0686579, max = 0.237305 (RBHD)
[2025-09-16 15:56:17.929] [info] Frame 919 (t = 4.595):	 total squared error = 0.225292, marker error: RMS = 0.0685098, max = 0.236419 (RBHD)
[2025-09-16 15:56:18.069] [info] Frame 920 (t = 4.6):	 total squared error = 0.219444, marker error: RMS = 0.0676147, max = 0.231342 (RBHD)
[2025-09-16 15:56:18.153] [info] Frame 921 (t = 4.60500):	 total squared error = 0.221944, marker error: RMS = 0.0679988, max = 0.233387 (RBHD)
[2025-09-16 15:56:18.239] [info] Frame 922 (t = 4.61):	 total squared error = 0.223606, marker error: RMS = 0.068253, max = 0.235083 (RBHD)
[2025-09-16 15:56:18.335] [info] Frame 923 (t = 4.615):	 total squared error = 0.224048, marker error: RMS = 0.0683203, max = 0.235363 (RBHD)
[2025-09-16 15:56:18.422] [info] Frame 924 (t = 4.62):	 total squared error = 0.224559, marker error: RMS = 0.0683982, max = 0.235868 (RBHD)
[2025-09-16 15:56:18.559] [info] Frame 925 (t = 4.625):	 total squared error = 0.219935, marker error: RMS = 0.0676903, max = 0.231615 (RBHD)
[2025-09-16 15:56:18.648] [info] Frame 926 (t = 4.63):	 total squared error = 0.222514, marker error: RMS = 0.0680861, max = 0.234205 (RBHD)
[2025-09-16 15:56:18.744] [info] Frame 927 (t = 4.635):	 total squared error = 0.223163, marker error: RMS = 0.0681852, max = 0.234538 (RBHD)
[2025-09-16 15:56:18.819] [info] Frame 928 (t = 4.64):	 total squared error = 0.223749, marker error: RMS = 0.0682747, max = 0.235248 (RBHD)
[2025-09-16 15:56:18.903] [info] Frame 929 (t = 4.645):	 total squared error = 0.224598, marker error: RMS = 0.0684042, max = 0.235981 (RBHD)
[2025-09-16 15:56:18.976] [info] Frame 930 (t = 4.65):	 total squared error = 0.225007, marker error: RMS = 0.0684665, max = 0.236262 (RBHD)
[2025-09-16 15:56:19.059] [info] Frame 931 (t = 4.655):	 total squared error = 0.225299, marker error: RMS = 0.0685108, max = 0.236555 (RBHD)
[2025-09-16 15:56:19.156] [info] Frame 932 (t = 4.66):	 total squared error = 0.225003, marker error: RMS = 0.0684658, max = 0.236257 (RBHD)
[2025-09-16 15:56:19.272] [info] Frame 933 (t = 4.665):	 total squared error = 0.219817, marker error: RMS = 0.0676721, max = 0.2316 (RBHD)
[2025-09-16 15:56:19.326] [info] Frame 934 (t = 4.67):	 total squared error = 0.221236, marker error: RMS = 0.0678903, max = 0.232954 (RBHD)
[2025-09-16 15:56:19.386] [info] Frame 935 (t = 4.675):	 total squared error = 0.222837, marker error: RMS = 0.0681354, max = 0.234151 (RBHD)
[2025-09-16 15:56:19.440] [info] Frame 936 (t = 4.68):	 total squared error = 0.223792, marker error: RMS = 0.0682813, max = 0.235258 (RBHD)
[2025-09-16 15:56:19.490] [info] Frame 937 (t = 4.685):	 total squared error = 0.224316, marker error: RMS = 0.0683612, max = 0.235829 (RBHD)
[2025-09-16 15:56:19.603] [info] Frame 938 (t = 4.69):	 total squared error = 0.219666, marker error: RMS = 0.0676489, max = 0.231411 (RBHD)
[2025-09-16 15:56:19.669] [info] Frame 939 (t = 4.695):	 total squared error = 0.221192, marker error: RMS = 0.0678835, max = 0.233118 (RBHD)
[2025-09-16 15:56:19.724] [info] Frame 940 (t = 4.7):	 total squared error = 0.223084, marker error: RMS = 0.0681731, max = 0.234715 (RBHD)
[2025-09-16 15:56:19.807] [info] Frame 941 (t = 4.70500):	 total squared error = 0.223937, marker error: RMS = 0.0683035, max = 0.235624 (RBHD)
[2025-09-16 15:56:19.960] [info] Frame 942 (t = 4.71):	 total squared error = 0.219743, marker error: RMS = 0.0676608, max = 0.231585 (RBHD)
[2025-09-16 15:56:20.068] [info] Frame 943 (t = 4.715):	 total squared error = 0.222458, marker error: RMS = 0.0680775, max = 0.233978 (RBHD)
[2025-09-16 15:56:20.161] [info] Frame 944 (t = 4.72):	 total squared error = 0.2233, marker error: RMS = 0.0682062, max = 0.234885 (RBHD)
[2025-09-16 15:56:20.257] [info] Frame 945 (t = 4.725):	 total squared error = 0.224368, marker error: RMS = 0.0683692, max = 0.235776 (RBHD)
[2025-09-16 15:56:20.364] [info] Frame 946 (t = 4.73):	 total squared error = 0.220445, marker error: RMS = 0.0677687, max = 0.232355 (RBHD)
[2025-09-16 15:56:20.429] [info] Frame 947 (t = 4.735):	 total squared error = 0.222912, marker error: RMS = 0.0681469, max = 0.234649 (RBHD)
[2025-09-16 15:56:20.551] [info] Frame 948 (t = 4.74):	 total squared error = 0.220169, marker error: RMS = 0.0677264, max = 0.23194 (RBHD)
[2025-09-16 15:56:20.636] [info] Frame 949 (t = 4.745):	 total squared error = 0.222985, marker error: RMS = 0.0681581, max = 0.23463 (RBHD)
[2025-09-16 15:56:20.770] [info] Frame 950 (t = 4.75):	 total squared error = 0.220315, marker error: RMS = 0.0677487, max = 0.232118 (RBHD)
[2025-09-16 15:56:20.855] [info] Frame 951 (t = 4.755):	 total squared error = 0.222644, marker error: RMS = 0.0681058, max = 0.234173 (RBHD)
[2025-09-16 15:56:20.950] [info] Frame 952 (t = 4.76):	 total squared error = 0.224544, marker error: RMS = 0.0683959, max = 0.235798 (RBHD)
[2025-09-16 15:56:21.018] [info] Frame 953 (t = 4.765):	 total squared error = 0.225562, marker error: RMS = 0.0685508, max = 0.237201 (RBHD)
[2025-09-16 15:56:21.106] [info] Frame 954 (t = 4.77):	 total squared error = 0.225443, marker error: RMS = 0.0685327, max = 0.236586 (RBHD)
[2025-09-16 15:56:21.209] [info] Frame 955 (t = 4.775):	 total squared error = 0.224622, marker error: RMS = 0.0684078, max = 0.235827 (RBHD)
[2025-09-16 15:56:21.317] [info] Frame 956 (t = 4.78):	 total squared error = 0.22524, marker error: RMS = 0.0685019, max = 0.23637 (RBHD)
[2025-09-16 15:56:21.460] [info] Frame 957 (t = 4.785):	 total squared error = 0.221116, marker error: RMS = 0.0678719, max = 0.232595 (RBHD)
[2025-09-16 15:56:21.545] [info] Frame 958 (t = 4.79):	 total squared error = 0.223592, marker error: RMS = 0.0682508, max = 0.235171 (RBHD)
[2025-09-16 15:56:21.665] [info] Frame 959 (t = 4.795):	 total squared error = 0.224965, marker error: RMS = 0.0684599, max = 0.236541 (RBHD)
[2025-09-16 15:56:21.795] [info] Frame 960 (t = 4.8):	 total squared error = 0.220934, marker error: RMS = 0.0678439, max = 0.23282 (RBHD)
[2025-09-16 15:56:21.871] [info] Frame 961 (t = 4.80500):	 total squared error = 0.22353, marker error: RMS = 0.0682413, max = 0.235097 (RBHD)
[2025-09-16 15:56:22.024] [info] Frame 962 (t = 4.81):	 total squared error = 0.221418, marker error: RMS = 0.0679181, max = 0.233259 (RBHD)
[2025-09-16 15:56:22.119] [info] Frame 963 (t = 4.815):	 total squared error = 0.224321, marker error: RMS = 0.0683619, max = 0.235885 (RBHD)
[2025-09-16 15:56:22.214] [info] Frame 964 (t = 4.82):	 total squared error = 0.225737, marker error: RMS = 0.0685774, max = 0.237050 (RBHD)
[2025-09-16 15:56:22.296] [info] Frame 965 (t = 4.825):	 total squared error = 0.226475, marker error: RMS = 0.0686893, max = 0.238127 (RBHD)
[2025-09-16 15:56:22.372] [info] Frame 966 (t = 4.83):	 total squared error = 0.227237, marker error: RMS = 0.0688048, max = 0.238978 (RBHD)
[2025-09-16 15:56:22.518] [info] Frame 967 (t = 4.835):	 total squared error = 0.222209, marker error: RMS = 0.0680394, max = 0.234139 (RBHD)
[2025-09-16 15:56:22.618] [info] Frame 968 (t = 4.84):	 total squared error = 0.224913, marker error: RMS = 0.0684521, max = 0.236453 (RBHD)
[2025-09-16 15:56:22.743] [info] Frame 969 (t = 4.845):	 total squared error = 0.227877, marker error: RMS = 0.0689016, max = 0.239385 (RBHD)
[2025-09-16 15:56:22.811] [info] Frame 970 (t = 4.85):	 total squared error = 0.228446, marker error: RMS = 0.0689876, max = 0.240179 (RBHD)
[2025-09-16 15:56:22.928] [info] Frame 971 (t = 4.855):	 total squared error = 0.222791, marker error: RMS = 0.0681285, max = 0.235114 (RBHD)
[2025-09-16 15:56:23.034] [info] Frame 972 (t = 4.86):	 total squared error = 0.225185, marker error: RMS = 0.0684934, max = 0.237693 (RBHD)
[2025-09-16 15:56:23.129] [info] Frame 973 (t = 4.865):	 total squared error = 0.226678, marker error: RMS = 0.0687202, max = 0.239216 (RBHD)
[2025-09-16 15:56:23.309] [info] Frame 974 (t = 4.87):	 total squared error = 0.222231, marker error: RMS = 0.0680427, max = 0.235305 (RBHD)
[2025-09-16 15:56:23.408] [info] Frame 975 (t = 4.875):	 total squared error = 0.224483, marker error: RMS = 0.0683866, max = 0.237708 (RBHD)
[2025-09-16 15:56:23.507] [info] Frame 976 (t = 4.88):	 total squared error = 0.227949, marker error: RMS = 0.0689125, max = 0.240888 (RBHD)
[2025-09-16 15:56:23.619] [info] Frame 977 (t = 4.885):	 total squared error = 0.228098, marker error: RMS = 0.068935, max = 0.24153 (RBHD)
[2025-09-16 15:56:23.791] [info] Frame 978 (t = 4.89):	 total squared error = 0.221542, marker error: RMS = 0.0679371, max = 0.236105 (RBHD)
[2025-09-16 15:56:23.953] [info] Frame 979 (t = 4.895):	 total squared error = 0.222030, marker error: RMS = 0.0680119, max = 0.236773 (RBHD)
[2025-09-16 15:56:24.073] [info] Frame 980 (t = 4.9):	 total squared error = 0.227474, marker error: RMS = 0.0688407, max = 0.241913 (RBHD)
[2025-09-16 15:56:24.165] [info] Frame 981 (t = 4.90500):	 total squared error = 0.228697, marker error: RMS = 0.0690255, max = 0.243571 (RBHD)
[2025-09-16 15:56:24.298] [info] Frame 982 (t = 4.91):	 total squared error = 0.221323, marker error: RMS = 0.0679035, max = 0.237677 (RBHD)
[2025-09-16 15:56:24.386] [info] Frame 983 (t = 4.915):	 total squared error = 0.225884, marker error: RMS = 0.0685997, max = 0.242615 (RBHD)
[2025-09-16 15:56:24.455] [info] Frame 984 (t = 4.92):	 total squared error = 0.227275, marker error: RMS = 0.0688106, max = 0.244163 (RBHD)
[2025-09-16 15:56:24.562] [info] Frame 985 (t = 4.925):	 total squared error = 0.222332, marker error: RMS = 0.0680582, max = 0.240076 (RBHD)
[2025-09-16 15:56:24.647] [info] Frame 986 (t = 4.93):	 total squared error = 0.224396, marker error: RMS = 0.0683734, max = 0.242759 (RBHD)
[2025-09-16 15:56:24.752] [info] Frame 987 (t = 4.935):	 total squared error = 0.225281, marker error: RMS = 0.0685081, max = 0.243723 (RBHD)
[2025-09-16 15:56:24.898] [info] Frame 988 (t = 4.94):	 total squared error = 0.220676, marker error: RMS = 0.0678043, max = 0.240506 (RBHD)
[2025-09-16 15:56:24.984] [info] Frame 989 (t = 4.945):	 total squared error = 0.223543, marker error: RMS = 0.0682433, max = 0.243798 (RBHD)
[2025-09-16 15:56:25.064] [info] Frame 990 (t = 4.95):	 total squared error = 0.224946, marker error: RMS = 0.0684571, max = 0.246067 (RBHD)
[2025-09-16 15:56:25.215] [info] Frame 991 (t = 4.955):	 total squared error = 0.220597, marker error: RMS = 0.0677922, max = 0.242723 (RBHD)
[2025-09-16 15:56:25.308] [info] Frame 992 (t = 4.96):	 total squared error = 0.22291, marker error: RMS = 0.0681466, max = 0.245575 (RBHD)
[2025-09-16 15:56:25.395] [info] Frame 993 (t = 4.965):	 total squared error = 0.224287, marker error: RMS = 0.0683568, max = 0.247717 (RBHD)
[2025-09-16 15:56:25.493] [info] Frame 994 (t = 4.97):	 total squared error = 0.22472, marker error: RMS = 0.0684227, max = 0.248546 (RBHD)
[2025-09-16 15:56:25.559] [info] Frame 995 (t = 4.975):	 total squared error = 0.225435, marker error: RMS = 0.0685315, max = 0.250312 (RBHD)
[2025-09-16 15:56:25.644] [info] Frame 996 (t = 4.98):	 total squared error = 0.223966, marker error: RMS = 0.0683078, max = 0.250683 (RBHD)
[2025-09-16 15:56:25.820] [info] Frame 997 (t = 4.985):	 total squared error = 0.21916, marker error: RMS = 0.0675709, max = 0.246964 (RBHD)
[2025-09-16 15:56:25.919] [info] Frame 998 (t = 4.99):	 total squared error = 0.221491, marker error: RMS = 0.0679293, max = 0.249952 (RBHD)
[2025-09-16 15:56:26.032] [info] Frame 999 (t = 4.995):	 total squared error = 0.224642, marker error: RMS = 0.0684108, max = 0.253092 (RBHD)
[2025-09-16 15:56:26.124] [info] Solved 1000 frame(s)...
[2025-09-16 15:56:26.124] [info] Frame 1000 (t = 5.0):	 total squared error = 0.224849, marker error: RMS = 0.0684423, max = 0.253918 (RBHD)
[2025-09-16 15:56:26.231] [info] Frame 1001 (t = 5.00500):	 total squared error = 0.226438, marker error: RMS = 0.0686838, max = 0.255862 (RBHD)
[2025-09-16 15:56:26.401] [info] Frame 1002 (t = 5.01):	 total squared error = 0.218396, marker error: RMS = 0.067453, max = 0.249145 (RBHD)
[2025-09-16 15:56:26.509] [info] Frame 1003 (t = 5.015):	 total squared error = 0.221272, marker error: RMS = 0.0678957, max = 0.253016 (RBHD)
[2025-09-16 15:56:26.663] [info] Frame 1004 (t = 5.02):	 total squared error = 0.217272, marker error: RMS = 0.0672793, max = 0.249803 (RBHD)
[2025-09-16 15:56:26.767] [info] Frame 1005 (t = 5.025):	 total squared error = 0.21992, marker error: RMS = 0.0676881, max = 0.252943 (RBHD)
[2025-09-16 15:56:26.854] [info] Frame 1006 (t = 5.03):	 total squared error = 0.221765, marker error: RMS = 0.0679713, max = 0.255331 (RBHD)
[2025-09-16 15:56:27.015] [info] Frame 1007 (t = 5.035):	 total squared error = 0.216572, marker error: RMS = 0.0671709, max = 0.251125 (RBHD)
[2025-09-16 15:56:27.108] [info] Frame 1008 (t = 5.04):	 total squared error = 0.219397, marker error: RMS = 0.0676075, max = 0.254436 (RBHD)
[2025-09-16 15:56:27.189] [info] Frame 1009 (t = 5.045):	 total squared error = 0.220608, marker error: RMS = 0.0677937, max = 0.256326 (RBHD)
[2025-09-16 15:56:27.302] [info] Frame 1010 (t = 5.05):	 total squared error = 0.220936, marker error: RMS = 0.0678443, max = 0.257212 (RBHD)
[2025-09-16 15:56:27.477] [info] Frame 1011 (t = 5.055):	 total squared error = 0.215495, marker error: RMS = 0.0670035, max = 0.252707 (RBHD)
[2025-09-16 15:56:27.549] [info] Frame 1012 (t = 5.06):	 total squared error = 0.218021, marker error: RMS = 0.0673951, max = 0.255624 (RBHD)
[2025-09-16 15:56:27.715] [info] Frame 1013 (t = 5.065):	 total squared error = 0.215186, marker error: RMS = 0.0669556, max = 0.253338 (RBHD)
[2025-09-16 15:56:27.788] [info] Frame 1014 (t = 5.07):	 total squared error = 0.217686, marker error: RMS = 0.0673433, max = 0.256052 (RBHD)
[2025-09-16 15:56:27.856] [info] Frame 1015 (t = 5.075):	 total squared error = 0.219224, marker error: RMS = 0.0675808, max = 0.258419 (RBHD)
[2025-09-16 15:56:27.955] [info] Frame 1016 (t = 5.08):	 total squared error = 0.214794, marker error: RMS = 0.0668945, max = 0.254627 (RBHD)
[2025-09-16 15:56:28.035] [info] Frame 1017 (t = 5.085):	 total squared error = 0.216579, marker error: RMS = 0.0671718, max = 0.256937 (RBHD)
[2025-09-16 15:56:28.104] [info] Frame 1018 (t = 5.09):	 total squared error = 0.218623, marker error: RMS = 0.0674881, max = 0.259102 (RBHD)
[2025-09-16 15:56:28.273] [info] Frame 1019 (t = 5.095):	 total squared error = 0.214087, marker error: RMS = 0.0667843, max = 0.255333 (RBHD)
[2025-09-16 15:56:28.323] [info] Frame 1020 (t = 5.1):	 total squared error = 0.213551, marker error: RMS = 0.0667007, max = 0.255328 (RBHD)
[2025-09-16 15:56:28.411] [info] Frame 1021 (t = 5.10500):	 total squared error = 0.217625, marker error: RMS = 0.0673339, max = 0.259847 (RBHD)
[2025-09-16 15:56:28.497] [info] Frame 1022 (t = 5.11):	 total squared error = 0.218554, marker error: RMS = 0.0674775, max = 0.261379 (RBHD)
[2025-09-16 15:56:28.626] [info] Frame 1023 (t = 5.115):	 total squared error = 0.213633, marker error: RMS = 0.0667134, max = 0.256746 (RBHD)
[2025-09-16 15:56:28.711] [info] Frame 1024 (t = 5.12):	 total squared error = 0.216354, marker error: RMS = 0.0671369, max = 0.259841 (RBHD)
[2025-09-16 15:56:28.832] [info] Frame 1025 (t = 5.125):	 total squared error = 0.213598, marker error: RMS = 0.0667080, max = 0.257367 (RBHD)
[2025-09-16 15:56:28.915] [info] Frame 1026 (t = 5.13):	 total squared error = 0.216186, marker error: RMS = 0.067111, max = 0.260005 (RBHD)
[2025-09-16 15:56:29.035] [info] Frame 1027 (t = 5.135):	 total squared error = 0.213126, marker error: RMS = 0.0666343, max = 0.257112 (RBHD)
[2025-09-16 15:56:29.144] [info] Frame 1028 (t = 5.14):	 total squared error = 0.212701, marker error: RMS = 0.0665678, max = 0.256784 (RBHD)
[2025-09-16 15:56:29.218] [info] Frame 1029 (t = 5.145):	 total squared error = 0.215846, marker error: RMS = 0.0670582, max = 0.260212 (RBHD)
[2025-09-16 15:56:29.249] [info] Frame 1030 (t = 5.15):	 total squared error = 0.217305, marker error: RMS = 0.0672844, max = 0.261966 (RBHD)
[2025-09-16 15:56:29.319] [info] Frame 1031 (t = 5.155):	 total squared error = 0.218714, marker error: RMS = 0.0675021, max = 0.263285 (RBHD)
[2025-09-16 15:56:29.472] [info] Frame 1032 (t = 5.16):	 total squared error = 0.213145, marker error: RMS = 0.0666372, max = 0.258163 (RBHD)
[2025-09-16 15:56:29.508] [info] Frame 1033 (t = 5.165):	 total squared error = 0.215652, marker error: RMS = 0.0670279, max = 0.260751 (RBHD)
[2025-09-16 15:56:29.589] [info] Frame 1034 (t = 5.17):	 total squared error = 0.216337, marker error: RMS = 0.0671343, max = 0.262136 (RBHD)
[2025-09-16 15:56:29.731] [info] Frame 1035 (t = 5.175):	 total squared error = 0.213003, marker error: RMS = 0.0666151, max = 0.258738 (RBHD)
[2025-09-16 15:56:29.821] [info] Frame 1036 (t = 5.18):	 total squared error = 0.21584, marker error: RMS = 0.0670572, max = 0.261678 (RBHD)
[2025-09-16 15:56:29.919] [info] Frame 1037 (t = 5.185):	 total squared error = 0.217236, marker error: RMS = 0.0672737, max = 0.263365 (RBHD)
[2025-09-16 15:56:30.013] [info] Frame 1038 (t = 5.19):	 total squared error = 0.219032, marker error: RMS = 0.0675512, max = 0.265184 (RBHD)
[2025-09-16 15:56:30.180] [info] Frame 1039 (t = 5.195):	 total squared error = 0.212656, marker error: RMS = 0.0665607, max = 0.258436 (RBHD)
[2025-09-16 15:56:30.265] [info] Frame 1040 (t = 5.2):	 total squared error = 0.215499, marker error: RMS = 0.0670042, max = 0.261373 (RBHD)
[2025-09-16 15:56:30.357] [info] Frame 1041 (t = 5.20500):	 total squared error = 0.212495, marker error: RMS = 0.0665356, max = 0.258781 (RBHD)
[2025-09-16 15:56:30.425] [info] Frame 1042 (t = 5.21):	 total squared error = 0.215123, marker error: RMS = 0.0669458, max = 0.261441 (RBHD)
[2025-09-16 15:56:30.519] [info] Frame 1043 (t = 5.215):	 total squared error = 0.218257, marker error: RMS = 0.0674316, max = 0.264329 (RBHD)
[2025-09-16 15:56:30.761] [info] Frame 1044 (t = 5.22):	 total squared error = 0.212668, marker error: RMS = 0.0665626, max = 0.258374 (RBHD)
[2025-09-16 15:56:30.780] [info] Frame 1045 (t = 5.225):	 total squared error = 0.213246, marker error: RMS = 0.0666531, max = 0.259266 (RBHD)
[2025-09-16 15:56:30.853] [info] Frame 1046 (t = 5.23):	 total squared error = 0.215726, marker error: RMS = 0.0670394, max = 0.261964 (RBHD)
[2025-09-16 15:56:30.932] [info] Frame 1047 (t = 5.235):	 total squared error = 0.217604, marker error: RMS = 0.0673307, max = 0.263755 (RBHD)
[2025-09-16 15:56:30.994] [info] Frame 1048 (t = 5.24):	 total squared error = 0.219671, marker error: RMS = 0.0676496, max = 0.266057 (RBHD)
[2025-09-16 15:56:31.028] [info] Frame 1049 (t = 5.245):	 total squared error = 0.219983, marker error: RMS = 0.0676977, max = 0.266446 (RBHD)
[2025-09-16 15:56:31.100] [info] Frame 1050 (t = 5.25):	 total squared error = 0.220523, marker error: RMS = 0.0677808, max = 0.266585 (RBHD)
[2025-09-16 15:56:31.173] [info] Frame 1051 (t = 5.255):	 total squared error = 0.221512, marker error: RMS = 0.0679325, max = 0.267306 (RBHD)
[2025-09-16 15:56:31.279] [info] Frame 1052 (t = 5.26):	 total squared error = 0.214707, marker error: RMS = 0.0668809, max = 0.260895 (RBHD)
[2025-09-16 15:56:31.369] [info] Frame 1053 (t = 5.265):	 total squared error = 0.217629, marker error: RMS = 0.0673345, max = 0.263958 (RBHD)
[2025-09-16 15:56:31.484] [info] Frame 1054 (t = 5.27):	 total squared error = 0.218431, marker error: RMS = 0.0674584, max = 0.264486 (RBHD)
[2025-09-16 15:56:31.582] [info] Frame 1055 (t = 5.275):	 total squared error = 0.218839, marker error: RMS = 0.0675214, max = 0.264855 (RBHD)
[2025-09-16 15:56:31.664] [info] Frame 1056 (t = 5.28):	 total squared error = 0.220365, marker error: RMS = 0.0677564, max = 0.266556 (RBHD)
[2025-09-16 15:56:31.762] [info] Frame 1057 (t = 5.285):	 total squared error = 0.219836, marker error: RMS = 0.067675, max = 0.26557 (RBHD)
[2025-09-16 15:56:31.849] [info] Frame 1058 (t = 5.29):	 total squared error = 0.220460, marker error: RMS = 0.067771, max = 0.26626 (RBHD)
[2025-09-16 15:56:31.981] [info] Frame 1059 (t = 5.295):	 total squared error = 0.218203, marker error: RMS = 0.0674233, max = 0.264267 (RBHD)
[2025-09-16 15:56:32.144] [info] Frame 1060 (t = 5.3):	 total squared error = 0.214019, marker error: RMS = 0.0667737, max = 0.260265 (RBHD)
[2025-09-16 15:56:32.162] [info] Frame 1061 (t = 5.30500):	 total squared error = 0.214172, marker error: RMS = 0.0667976, max = 0.260490 (RBHD)
[2025-09-16 15:56:32.216] [info] Frame 1062 (t = 5.31):	 total squared error = 0.218682, marker error: RMS = 0.0674972, max = 0.265227 (RBHD)
[2025-09-16 15:56:32.314] [info] Frame 1063 (t = 5.315):	 total squared error = 0.219493, marker error: RMS = 0.0676222, max = 0.265605 (RBHD)
[2025-09-16 15:56:32.466] [info] Frame 1064 (t = 5.32):	 total squared error = 0.214434, marker error: RMS = 0.0668384, max = 0.260475 (RBHD)
[2025-09-16 15:56:32.499] [info] Frame 1065 (t = 5.325):	 total squared error = 0.215019, marker error: RMS = 0.0669295, max = 0.261147 (RBHD)
[2025-09-16 15:56:32.580] [info] Frame 1066 (t = 5.33):	 total squared error = 0.21743, marker error: RMS = 0.0673037, max = 0.263295 (RBHD)
[2025-09-16 15:56:32.667] [info] Frame 1067 (t = 5.335):	 total squared error = 0.214209, marker error: RMS = 0.0668034, max = 0.260263 (RBHD)
[2025-09-16 15:56:32.686] [info] Frame 1068 (t = 5.34):	 total squared error = 0.214408, marker error: RMS = 0.0668343, max = 0.260517 (RBHD)
[2025-09-16 15:56:32.731] [info] Frame 1069 (t = 5.345):	 total squared error = 0.217004, marker error: RMS = 0.0672378, max = 0.263389 (RBHD)
[2025-09-16 15:56:32.798] [info] Frame 1070 (t = 5.35):	 total squared error = 0.219256, marker error: RMS = 0.0675858, max = 0.26523 (RBHD)
[2025-09-16 15:56:32.897] [info] Frame 1071 (t = 5.355):	 total squared error = 0.219851, marker error: RMS = 0.0676775, max = 0.265727 (RBHD)
[2025-09-16 15:56:32.927] [info] Frame 1072 (t = 5.36):	 total squared error = 0.220069, marker error: RMS = 0.0677109, max = 0.265947 (RBHD)
[2025-09-16 15:56:32.957] [info] Frame 1073 (t = 5.365):	 total squared error = 0.219954, marker error: RMS = 0.0676933, max = 0.266002 (RBHD)
[2025-09-16 15:56:32.988] [info] Frame 1074 (t = 5.37):	 total squared error = 0.219856, marker error: RMS = 0.0676782, max = 0.265749 (RBHD)
[2025-09-16 15:56:33.014] [info] Frame 1075 (t = 5.375):	 total squared error = 0.219744, marker error: RMS = 0.067661, max = 0.265666 (RBHD)
[2025-09-16 15:56:33.032] [info] Frame 1076 (t = 5.38):	 total squared error = 0.21957, marker error: RMS = 0.0676342, max = 0.265486 (RBHD)
[2025-09-16 15:56:33.060] [info] Frame 1077 (t = 5.385):	 total squared error = 0.219604, marker error: RMS = 0.0676393, max = 0.265657 (RBHD)
[2025-09-16 15:56:33.095] [info] Frame 1078 (t = 5.39):	 total squared error = 0.219376, marker error: RMS = 0.0676042, max = 0.265428 (RBHD)
[2025-09-16 15:56:33.127] [info] Frame 1079 (t = 5.395):	 total squared error = 0.219376, marker error: RMS = 0.0676042, max = 0.265338 (RBHD)
[2025-09-16 15:56:33.163] [info] Frame 1080 (t = 5.4):	 total squared error = 0.219080, marker error: RMS = 0.0675587, max = 0.265037 (RBHD)
[2025-09-16 15:56:33.185] [info] Frame 1081 (t = 5.40500):	 total squared error = 0.219092, marker error: RMS = 0.0675605, max = 0.264988 (RBHD)
[2025-09-16 15:56:33.204] [info] Frame 1082 (t = 5.41):	 total squared error = 0.21898, marker error: RMS = 0.0675432, max = 0.264952 (RBHD)
[2025-09-16 15:56:33.245] [info] Frame 1083 (t = 5.415):	 total squared error = 0.218514, marker error: RMS = 0.0674712, max = 0.264438 (RBHD)
[2025-09-16 15:56:33.287] [info] Frame 1084 (t = 5.42):	 total squared error = 0.21815, marker error: RMS = 0.0674151, max = 0.264124 (RBHD)
[2025-09-16 15:56:33.323] [info] Frame 1085 (t = 5.425):	 total squared error = 0.217832, marker error: RMS = 0.0673658, max = 0.264 (RBHD)
[2025-09-16 15:56:33.348] [info] Frame 1086 (t = 5.43):	 total squared error = 0.218071, marker error: RMS = 0.0674028, max = 0.264214 (RBHD)
[2025-09-16 15:56:33.381] [info] Frame 1087 (t = 5.435):	 total squared error = 0.218156, marker error: RMS = 0.0674161, max = 0.264255 (RBHD)
[2025-09-16 15:56:33.419] [info] Frame 1088 (t = 5.44):	 total squared error = 0.217974, marker error: RMS = 0.0673879, max = 0.264223 (RBHD)
[2025-09-16 15:56:33.456] [info] Frame 1089 (t = 5.445):	 total squared error = 0.21817, marker error: RMS = 0.0674181, max = 0.264267 (RBHD)
[2025-09-16 15:56:33.488] [info] Frame 1090 (t = 5.45):	 total squared error = 0.218149, marker error: RMS = 0.0674149, max = 0.264215 (RBHD)
[2025-09-16 15:56:33.525] [info] Frame 1091 (t = 5.455):	 total squared error = 0.21814, marker error: RMS = 0.0674136, max = 0.264167 (RBHD)
[2025-09-16 15:56:33.553] [info] Frame 1092 (t = 5.46):	 total squared error = 0.217898, marker error: RMS = 0.0673761, max = 0.263921 (RBHD)
[2025-09-16 15:56:33.669] [info] Frame 1093 (t = 5.465):	 total squared error = 0.217962, marker error: RMS = 0.0673861, max = 0.263704 (RBHD)
[2025-09-16 15:56:33.704] [info] Frame 1094 (t = 5.47):	 total squared error = 0.218079, marker error: RMS = 0.0674041, max = 0.26363 (RBHD)
[2025-09-16 15:56:33.725] [info] Frame 1095 (t = 5.475):	 total squared error = 0.217984, marker error: RMS = 0.0673895, max = 0.263427 (RBHD)
[2025-09-16 15:56:33.751] [info] Frame 1096 (t = 5.48):	 total squared error = 0.218354, marker error: RMS = 0.0674465, max = 0.263866 (RBHD)
[2025-09-16 15:56:33.784] [info] Frame 1097 (t = 5.485):	 total squared error = 0.218028, marker error: RMS = 0.0673962, max = 0.263708 (RBHD)
[2025-09-16 15:56:33.813] [info] Frame 1098 (t = 5.49):	 total squared error = 0.217853, marker error: RMS = 0.0673692, max = 0.263494 (RBHD)
[2025-09-16 15:56:33.849] [info] Frame 1099 (t = 5.495):	 total squared error = 0.217859, marker error: RMS = 0.0673701, max = 0.263499 (RBHD)
[2025-09-16 15:56:33.880] [info] Frame 1100 (t = 5.5):	 total squared error = 0.217591, marker error: RMS = 0.0673286, max = 0.263475 (RBHD)
[2025-09-16 15:56:33.900] [info] Frame 1101 (t = 5.50500):	 total squared error = 0.217498, marker error: RMS = 0.0673143, max = 0.263255 (RBHD)
[2025-09-16 15:56:33.981] [info] Frame 1102 (t = 5.51):	 total squared error = 0.218973, marker error: RMS = 0.0675421, max = 0.264798 (RBHD)
[2025-09-16 15:56:34.020] [info] Frame 1103 (t = 5.515):	 total squared error = 0.218332, marker error: RMS = 0.0674432, max = 0.264327 (RBHD)
[2025-09-16 15:56:34.103] [info] Frame 1104 (t = 5.52):	 total squared error = 0.216533, marker error: RMS = 0.0671648, max = 0.261893 (RBHD)
[2025-09-16 15:56:34.186] [info] Frame 1105 (t = 5.525):	 total squared error = 0.210751, marker error: RMS = 0.066262, max = 0.256743 (RBHD)
[2025-09-16 15:56:34.219] [info] Frame 1106 (t = 5.53):	 total squared error = 0.210873, marker error: RMS = 0.0662811, max = 0.256951 (RBHD)
[2025-09-16 15:56:34.251] [info] Frame 1107 (t = 5.535):	 total squared error = 0.211070, marker error: RMS = 0.0663121, max = 0.257035 (RBHD)
[2025-09-16 15:56:34.278] [info] Frame 1108 (t = 5.54):	 total squared error = 0.211174, marker error: RMS = 0.0663284, max = 0.257103 (RBHD)
[2025-09-16 15:56:34.308] [info] Frame 1109 (t = 5.545):	 total squared error = 0.211354, marker error: RMS = 0.0663567, max = 0.25712 (RBHD)
[2025-09-16 15:56:34.379] [info] Frame 1110 (t = 5.55):	 total squared error = 0.213582, marker error: RMS = 0.0667055, max = 0.259288 (RBHD)
[2025-09-16 15:56:34.400] [info] Frame 1111 (t = 5.555):	 total squared error = 0.213951, marker error: RMS = 0.066763, max = 0.25964 (RBHD)
[2025-09-16 15:56:34.497] [info] Frame 1112 (t = 5.56):	 total squared error = 0.215939, marker error: RMS = 0.0670726, max = 0.261525 (RBHD)
[2025-09-16 15:56:34.525] [info] Frame 1113 (t = 5.565):	 total squared error = 0.216243, marker error: RMS = 0.0671197, max = 0.261528 (RBHD)
[2025-09-16 15:56:34.545] [info] Frame 1114 (t = 5.57):	 total squared error = 0.216288, marker error: RMS = 0.0671268, max = 0.261522 (RBHD)
[2025-09-16 15:56:34.566] [info] Frame 1115 (t = 5.575):	 total squared error = 0.216378, marker error: RMS = 0.0671408, max = 0.261577 (RBHD)
[2025-09-16 15:56:34.598] [info] Frame 1116 (t = 5.58):	 total squared error = 0.216256, marker error: RMS = 0.0671218, max = 0.261461 (RBHD)
[2025-09-16 15:56:34.626] [info] Frame 1117 (t = 5.585):	 total squared error = 0.216575, marker error: RMS = 0.0671713, max = 0.26164 (RBHD)
[2025-09-16 15:56:34.658] [info] Frame 1118 (t = 5.59):	 total squared error = 0.216582, marker error: RMS = 0.0671723, max = 0.261624 (RBHD)
[2025-09-16 15:56:34.694] [info] Frame 1119 (t = 5.595):	 total squared error = 0.216564, marker error: RMS = 0.0671695, max = 0.26155 (RBHD)
[2025-09-16 15:56:34.731] [info] Frame 1120 (t = 5.6):	 total squared error = 0.216653, marker error: RMS = 0.0671834, max = 0.26149 (RBHD)
[2025-09-16 15:56:34.857] [info] Frame 1121 (t = 5.60500):	 total squared error = 0.210253, marker error: RMS = 0.0661836, max = 0.255307 (RBHD)
[2025-09-16 15:56:34.964] [info] Frame 1122 (t = 5.61):	 total squared error = 0.213827, marker error: RMS = 0.0667437, max = 0.258806 (RBHD)
[2025-09-16 15:56:34.989] [info] Frame 1123 (t = 5.615):	 total squared error = 0.213959, marker error: RMS = 0.0667644, max = 0.258728 (RBHD)
[2025-09-16 15:56:35.009] [info] Frame 1124 (t = 5.62):	 total squared error = 0.21413, marker error: RMS = 0.066791, max = 0.2588 (RBHD)
[2025-09-16 15:56:35.075] [info] Frame 1125 (t = 5.625):	 total squared error = 0.215079, marker error: RMS = 0.0669388, max = 0.259592 (RBHD)
[2025-09-16 15:56:35.088] [info] Frame 1126 (t = 5.63):	 total squared error = 0.21536, marker error: RMS = 0.0669825, max = 0.259778 (RBHD)
[2025-09-16 15:56:35.172] [info] Frame 1127 (t = 5.635):	 total squared error = 0.217194, marker error: RMS = 0.0672671, max = 0.26193 (RBHD)
[2025-09-16 15:56:35.193] [info] Frame 1128 (t = 5.64):	 total squared error = 0.217619, marker error: RMS = 0.067333, max = 0.262258 (RBHD)
[2025-09-16 15:56:35.232] [info] Frame 1129 (t = 5.645):	 total squared error = 0.217574, marker error: RMS = 0.067326, max = 0.262306 (RBHD)
[2025-09-16 15:56:35.274] [info] Frame 1130 (t = 5.65):	 total squared error = 0.216948, marker error: RMS = 0.0672291, max = 0.261311 (RBHD)
[2025-09-16 15:56:35.306] [info] Frame 1131 (t = 5.655):	 total squared error = 0.217239, marker error: RMS = 0.0672742, max = 0.261392 (RBHD)
[2025-09-16 15:56:35.328] [info] Frame 1132 (t = 5.66):	 total squared error = 0.217362, marker error: RMS = 0.0672931, max = 0.261378 (RBHD)
[2025-09-16 15:56:35.359] [info] Frame 1133 (t = 5.665):	 total squared error = 0.217375, marker error: RMS = 0.0672952, max = 0.261395 (RBHD)
[2025-09-16 15:56:35.393] [info] Frame 1134 (t = 5.67):	 total squared error = 0.217754, marker error: RMS = 0.0673538, max = 0.261588 (RBHD)
[2025-09-16 15:56:35.511] [info] Frame 1135 (t = 5.675):	 total squared error = 0.211989, marker error: RMS = 0.0664562, max = 0.255916 (RBHD)
[2025-09-16 15:56:35.541] [info] Frame 1136 (t = 5.68):	 total squared error = 0.212211, marker error: RMS = 0.0664911, max = 0.255978 (RBHD)
[2025-09-16 15:56:35.563] [info] Frame 1137 (t = 5.685):	 total squared error = 0.212355, marker error: RMS = 0.0665137, max = 0.256121 (RBHD)
[2025-09-16 15:56:35.583] [info] Frame 1138 (t = 5.69):	 total squared error = 0.212438, marker error: RMS = 0.0665267, max = 0.256173 (RBHD)
[2025-09-16 15:56:35.600] [info] Frame 1139 (t = 5.695):	 total squared error = 0.212661, marker error: RMS = 0.0665616, max = 0.25647 (RBHD)
[2025-09-16 15:56:35.633] [info] Frame 1140 (t = 5.7):	 total squared error = 0.212822, marker error: RMS = 0.0665867, max = 0.256547 (RBHD)
[2025-09-16 15:56:35.661] [info] Frame 1141 (t = 5.70500):	 total squared error = 0.212924, marker error: RMS = 0.0666027, max = 0.256452 (RBHD)
[2025-09-16 15:56:35.688] [info] Frame 1142 (t = 5.71):	 total squared error = 0.212862, marker error: RMS = 0.0665929, max = 0.256464 (RBHD)
[2025-09-16 15:56:35.716] [info] Frame 1143 (t = 5.715):	 total squared error = 0.213028, marker error: RMS = 0.0666189, max = 0.256629 (RBHD)
[2025-09-16 15:56:35.742] [info] Frame 1144 (t = 5.72):	 total squared error = 0.213004, marker error: RMS = 0.0666151, max = 0.256663 (RBHD)
[2025-09-16 15:56:35.763] [info] Frame 1145 (t = 5.725):	 total squared error = 0.213153, marker error: RMS = 0.0666384, max = 0.256665 (RBHD)
[2025-09-16 15:56:35.779] [info] Frame 1146 (t = 5.73):	 total squared error = 0.21337, marker error: RMS = 0.0666724, max = 0.256823 (RBHD)
[2025-09-16 15:56:35.810] [info] Frame 1147 (t = 5.735):	 total squared error = 0.213399, marker error: RMS = 0.0666769, max = 0.256829 (RBHD)
[2025-09-16 15:56:35.827] [info] Frame 1148 (t = 5.74):	 total squared error = 0.213351, marker error: RMS = 0.0666694, max = 0.256794 (RBHD)
[2025-09-16 15:56:35.846] [info] Frame 1149 (t = 5.745):	 total squared error = 0.213277, marker error: RMS = 0.0666579, max = 0.256725 (RBHD)
[2025-09-16 15:56:35.874] [info] Frame 1150 (t = 5.75):	 total squared error = 0.21332, marker error: RMS = 0.0666645, max = 0.256886 (RBHD)
[2025-09-16 15:56:35.903] [info] Frame 1151 (t = 5.755):	 total squared error = 0.213344, marker error: RMS = 0.0666684, max = 0.256945 (RBHD)
[2025-09-16 15:56:35.933] [info] Frame 1152 (t = 5.76):	 total squared error = 0.213191, marker error: RMS = 0.0666443, max = 0.25676 (RBHD)
[2025-09-16 15:56:35.959] [info] Frame 1153 (t = 5.765):	 total squared error = 0.21323, marker error: RMS = 0.0666505, max = 0.25677 (RBHD)
[2025-09-16 15:56:35.992] [info] Frame 1154 (t = 5.77):	 total squared error = 0.213343, marker error: RMS = 0.0666682, max = 0.256697 (RBHD)
[2025-09-16 15:56:36.020] [info] Frame 1155 (t = 5.775):	 total squared error = 0.213302, marker error: RMS = 0.0666618, max = 0.25684 (RBHD)
[2025-09-16 15:56:36.056] [info] Frame 1156 (t = 5.78):	 total squared error = 0.21316, marker error: RMS = 0.0666395, max = 0.256792 (RBHD)
[2025-09-16 15:56:36.088] [info] Frame 1157 (t = 5.785):	 total squared error = 0.213299, marker error: RMS = 0.0666613, max = 0.256906 (RBHD)
[2025-09-16 15:56:36.111] [info] Frame 1158 (t = 5.79):	 total squared error = 0.213124, marker error: RMS = 0.066634, max = 0.256788 (RBHD)
[2025-09-16 15:56:36.146] [info] Frame 1159 (t = 5.795):	 total squared error = 0.213196, marker error: RMS = 0.0666452, max = 0.25694 (RBHD)
[2025-09-16 15:56:36.182] [info] Frame 1160 (t = 5.8):	 total squared error = 0.213088, marker error: RMS = 0.0666284, max = 0.256906 (RBHD)
[2025-09-16 15:56:36.201] [info] Frame 1161 (t = 5.80500):	 total squared error = 0.21321, marker error: RMS = 0.0666474, max = 0.256988 (RBHD)
[2025-09-16 15:56:36.228] [info] Frame 1162 (t = 5.81):	 total squared error = 0.213177, marker error: RMS = 0.0666422, max = 0.256934 (RBHD)
[2025-09-16 15:56:36.267] [info] Frame 1163 (t = 5.815):	 total squared error = 0.212885, marker error: RMS = 0.0665965, max = 0.256656 (RBHD)
[2025-09-16 15:56:36.285] [info] Frame 1164 (t = 5.82):	 total squared error = 0.212976, marker error: RMS = 0.0666108, max = 0.256793 (RBHD)
[2025-09-16 15:56:36.314] [info] Frame 1165 (t = 5.825):	 total squared error = 0.212649, marker error: RMS = 0.0665596, max = 0.256666 (RBHD)
[2025-09-16 15:56:36.335] [info] Frame 1166 (t = 5.83):	 total squared error = 0.212691, marker error: RMS = 0.0665662, max = 0.25664 (RBHD)
[2025-09-16 15:56:36.362] [info] Frame 1167 (t = 5.835):	 total squared error = 0.212577, marker error: RMS = 0.0665483, max = 0.256385 (RBHD)
[2025-09-16 15:56:36.392] [info] Frame 1168 (t = 5.84):	 total squared error = 0.212475, marker error: RMS = 0.0665325, max = 0.256324 (RBHD)
[2025-09-16 15:56:36.416] [info] Frame 1169 (t = 5.845):	 total squared error = 0.212479, marker error: RMS = 0.066533, max = 0.256318 (RBHD)
[2025-09-16 15:56:36.447] [info] Frame 1170 (t = 5.85):	 total squared error = 0.212292, marker error: RMS = 0.0665038, max = 0.256195 (RBHD)
[2025-09-16 15:56:36.475] [info] Frame 1171 (t = 5.855):	 total squared error = 0.211995, marker error: RMS = 0.0664572, max = 0.256067 (RBHD)
[2025-09-16 15:56:36.491] [info] Frame 1172 (t = 5.86):	 total squared error = 0.211961, marker error: RMS = 0.066452, max = 0.256062 (RBHD)
[2025-09-16 15:56:36.531] [info] Frame 1173 (t = 5.865):	 total squared error = 0.211832, marker error: RMS = 0.0664317, max = 0.255994 (RBHD)
[2025-09-16 15:56:36.560] [info] Frame 1174 (t = 5.87):	 total squared error = 0.2118, marker error: RMS = 0.0664266, max = 0.255912 (RBHD)
[2025-09-16 15:56:36.595] [info] Frame 1175 (t = 5.875):	 total squared error = 0.211741, marker error: RMS = 0.0664173, max = 0.255769 (RBHD)
[2025-09-16 15:56:36.625] [info] Frame 1176 (t = 5.88):	 total squared error = 0.211557, marker error: RMS = 0.0663886, max = 0.255708 (RBHD)
[2025-09-16 15:56:36.654] [info] Frame 1177 (t = 5.885):	 total squared error = 0.211515, marker error: RMS = 0.0663819, max = 0.255649 (RBHD)
[2025-09-16 15:56:36.683] [info] Frame 1178 (t = 5.89):	 total squared error = 0.211439, marker error: RMS = 0.06637, max = 0.255568 (RBHD)
[2025-09-16 15:56:36.714] [info] Frame 1179 (t = 5.895):	 total squared error = 0.211387, marker error: RMS = 0.0663619, max = 0.255488 (RBHD)
[2025-09-16 15:56:36.742] [info] Frame 1180 (t = 5.9):	 total squared error = 0.211296, marker error: RMS = 0.0663475, max = 0.255397 (RBHD)
[2025-09-16 15:56:36.774] [info] Frame 1181 (t = 5.90500):	 total squared error = 0.211314, marker error: RMS = 0.0663504, max = 0.255328 (RBHD)
[2025-09-16 15:56:36.802] [info] Frame 1182 (t = 5.91):	 total squared error = 0.211226, marker error: RMS = 0.0663366, max = 0.255162 (RBHD)
[2025-09-16 15:56:36.821] [info] Frame 1183 (t = 5.915):	 total squared error = 0.211179, marker error: RMS = 0.0663292, max = 0.255198 (RBHD)
[2025-09-16 15:56:36.842] [info] Frame 1184 (t = 5.92):	 total squared error = 0.211213, marker error: RMS = 0.0663345, max = 0.255026 (RBHD)
[2025-09-16 15:56:36.869] [info] Frame 1185 (t = 5.925):	 total squared error = 0.210856, marker error: RMS = 0.0662785, max = 0.254698 (RBHD)
[2025-09-16 15:56:36.895] [info] Frame 1186 (t = 5.93):	 total squared error = 0.210615, marker error: RMS = 0.0662406, max = 0.254305 (RBHD)
[2025-09-16 15:56:36.925] [info] Frame 1187 (t = 5.935):	 total squared error = 0.210779, marker error: RMS = 0.0662664, max = 0.254509 (RBHD)
[2025-09-16 15:56:36.961] [info] Frame 1188 (t = 5.94):	 total squared error = 0.210740, marker error: RMS = 0.0662602, max = 0.254419 (RBHD)
[2025-09-16 15:56:36.983] [info] Frame 1189 (t = 5.945):	 total squared error = 0.210943, marker error: RMS = 0.0662922, max = 0.254602 (RBHD)
[2025-09-16 15:56:37.009] [info] Frame 1190 (t = 5.95):	 total squared error = 0.210707, marker error: RMS = 0.066255, max = 0.254472 (RBHD)
[2025-09-16 15:56:37.041] [info] Frame 1191 (t = 5.955):	 total squared error = 0.210620, marker error: RMS = 0.0662414, max = 0.254357 (RBHD)
[2025-09-16 15:56:37.060] [info] Frame 1192 (t = 5.96):	 total squared error = 0.210492, marker error: RMS = 0.0662211, max = 0.254202 (RBHD)
[2025-09-16 15:56:37.086] [info] Frame 1193 (t = 5.965):	 total squared error = 0.210437, marker error: RMS = 0.0662126, max = 0.254145 (RBHD)
[2025-09-16 15:56:37.113] [info] Frame 1194 (t = 5.97):	 total squared error = 0.210547, marker error: RMS = 0.0662298, max = 0.254161 (RBHD)
[2025-09-16 15:56:37.148] [info] Frame 1195 (t = 5.975):	 total squared error = 0.210402, marker error: RMS = 0.0662071, max = 0.254067 (RBHD)
[2025-09-16 15:56:37.176] [info] Frame 1196 (t = 5.98):	 total squared error = 0.210583, marker error: RMS = 0.0662356, max = 0.254207 (RBHD)
[2025-09-16 15:56:37.196] [info] Frame 1197 (t = 5.985):	 total squared error = 0.210615, marker error: RMS = 0.0662406, max = 0.254227 (RBHD)
[2025-09-16 15:56:37.230] [info] Frame 1198 (t = 5.99):	 total squared error = 0.210587, marker error: RMS = 0.0662362, max = 0.254324 (RBHD)
[2025-09-16 15:56:37.270] [info] Frame 1199 (t = 5.995):	 total squared error = 0.210603, marker error: RMS = 0.0662386, max = 0.25428 (RBHD)
[2025-09-16 15:56:37.302] [info] Frame 1200 (t = 6.0):	 total squared error = 0.210677, marker error: RMS = 0.0662504, max = 0.254293 (RBHD)
[2025-09-16 15:56:37.333] [info] Frame 1201 (t = 6.00500):	 total squared error = 0.210802, marker error: RMS = 0.0662699, max = 0.254393 (RBHD)
[2025-09-16 15:56:37.364] [info] Frame 1202 (t = 6.01):	 total squared error = 0.210692, marker error: RMS = 0.0662527, max = 0.254376 (RBHD)
[2025-09-16 15:56:37.397] [info] Frame 1203 (t = 6.015):	 total squared error = 0.210630, marker error: RMS = 0.0662429, max = 0.25418 (RBHD)
[2025-09-16 15:56:37.438] [info] Frame 1204 (t = 6.02):	 total squared error = 0.210542, marker error: RMS = 0.0662292, max = 0.254222 (RBHD)
[2025-09-16 15:56:37.475] [info] Frame 1205 (t = 6.025):	 total squared error = 0.210678, marker error: RMS = 0.0662505, max = 0.254131 (RBHD)
[2025-09-16 15:56:37.508] [info] Frame 1206 (t = 6.03):	 total squared error = 0.210959, marker error: RMS = 0.0662946, max = 0.254465 (RBHD)
[2025-09-16 15:56:37.544] [info] Frame 1207 (t = 6.035):	 total squared error = 0.210881, marker error: RMS = 0.0662824, max = 0.254344 (RBHD)
[2025-09-16 15:56:37.577] [info] Frame 1208 (t = 6.04):	 total squared error = 0.210817, marker error: RMS = 0.0662723, max = 0.254235 (RBHD)
[2025-09-16 15:56:37.613] [info] Frame 1209 (t = 6.045):	 total squared error = 0.210881, marker error: RMS = 0.0662824, max = 0.254264 (RBHD)
[2025-09-16 15:56:37.647] [info] Frame 1210 (t = 6.05):	 total squared error = 0.210741, marker error: RMS = 0.0662604, max = 0.254096 (RBHD)
[2025-09-16 15:56:37.677] [info] Frame 1211 (t = 6.055):	 total squared error = 0.210658, marker error: RMS = 0.0662474, max = 0.254078 (RBHD)
[2025-09-16 15:56:37.712] [info] Frame 1212 (t = 6.06):	 total squared error = 0.210658, marker error: RMS = 0.0662473, max = 0.254046 (RBHD)
[2025-09-16 15:56:37.747] [info] Frame 1213 (t = 6.065):	 total squared error = 0.210594, marker error: RMS = 0.0662373, max = 0.254003 (RBHD)
[2025-09-16 15:56:37.778] [info] Frame 1214 (t = 6.07):	 total squared error = 0.210610, marker error: RMS = 0.0662398, max = 0.254025 (RBHD)
[2025-09-16 15:56:37.810] [info] Frame 1215 (t = 6.075):	 total squared error = 0.210579, marker error: RMS = 0.0662349, max = 0.253941 (RBHD)
[2025-09-16 15:56:37.827] [info] Frame 1216 (t = 6.08):	 total squared error = 0.210741, marker error: RMS = 0.0662603, max = 0.254089 (RBHD)
[2025-09-16 15:56:37.848] [info] Frame 1217 (t = 6.085):	 total squared error = 0.210636, marker error: RMS = 0.0662439, max = 0.253969 (RBHD)
[2025-09-16 15:56:37.874] [info] Frame 1218 (t = 6.09):	 total squared error = 0.210658, marker error: RMS = 0.0662473, max = 0.253976 (RBHD)
[2025-09-16 15:56:37.909] [info] Frame 1219 (t = 6.095):	 total squared error = 0.210626, marker error: RMS = 0.0662424, max = 0.253954 (RBHD)
[2025-09-16 15:56:37.933] [info] Frame 1220 (t = 6.1):	 total squared error = 0.210515, marker error: RMS = 0.0662249, max = 0.253834 (RBHD)
[2025-09-16 15:56:37.970] [info] Frame 1221 (t = 6.10500):	 total squared error = 0.210478, marker error: RMS = 0.0662191, max = 0.253829 (RBHD)
[2025-09-16 15:56:37.994] [info] Frame 1222 (t = 6.11):	 total squared error = 0.210558, marker error: RMS = 0.0662316, max = 0.253892 (RBHD)
[2025-09-16 15:56:38.030] [info] Frame 1223 (t = 6.115):	 total squared error = 0.210538, marker error: RMS = 0.0662284, max = 0.253822 (RBHD)
[2025-09-16 15:56:38.063] [info] Frame 1224 (t = 6.12):	 total squared error = 0.210710, marker error: RMS = 0.0662555, max = 0.253995 (RBHD)
[2025-09-16 15:56:38.095] [info] Frame 1225 (t = 6.125):	 total squared error = 0.210765, marker error: RMS = 0.0662641, max = 0.254149 (RBHD)
[2025-09-16 15:56:38.125] [info] Frame 1226 (t = 6.13):	 total squared error = 0.210798, marker error: RMS = 0.0662693, max = 0.25416 (RBHD)
[2025-09-16 15:56:38.161] [info] Frame 1227 (t = 6.135):	 total squared error = 0.210684, marker error: RMS = 0.0662514, max = 0.254225 (RBHD)
[2025-09-16 15:56:38.179] [info] Frame 1228 (t = 6.14):	 total squared error = 0.210435, marker error: RMS = 0.0662122, max = 0.25393 (RBHD)
[2025-09-16 15:56:38.198] [info] Frame 1229 (t = 6.145):	 total squared error = 0.210340, marker error: RMS = 0.0661973, max = 0.253826 (RBHD)
[2025-09-16 15:56:38.224] [info] Frame 1230 (t = 6.15):	 total squared error = 0.210431, marker error: RMS = 0.0662116, max = 0.253887 (RBHD)
[2025-09-16 15:56:38.257] [info] Frame 1231 (t = 6.155):	 total squared error = 0.210675, marker error: RMS = 0.0662499, max = 0.254132 (RBHD)
[2025-09-16 15:56:38.291] [info] Frame 1232 (t = 6.16):	 total squared error = 0.210324, marker error: RMS = 0.0661949, max = 0.253719 (RBHD)
[2025-09-16 15:56:38.319] [info] Frame 1233 (t = 6.165):	 total squared error = 0.210412, marker error: RMS = 0.0662086, max = 0.253727 (RBHD)
[2025-09-16 15:56:38.347] [info] Frame 1234 (t = 6.17):	 total squared error = 0.210372, marker error: RMS = 0.0662023, max = 0.253784 (RBHD)
[2025-09-16 15:56:38.384] [info] Frame 1235 (t = 6.175):	 total squared error = 0.209877, marker error: RMS = 0.0661245, max = 0.253145 (RBHD)
[2025-09-16 15:56:38.419] [info] Frame 1236 (t = 6.18):	 total squared error = 0.209935, marker error: RMS = 0.0661336, max = 0.253157 (RBHD)
[2025-09-16 15:56:38.456] [info] Frame 1237 (t = 6.185):	 total squared error = 0.210106, marker error: RMS = 0.0661605, max = 0.253476 (RBHD)
[2025-09-16 15:56:38.490] [info] Frame 1238 (t = 6.19):	 total squared error = 0.210137, marker error: RMS = 0.0661653, max = 0.253521 (RBHD)
[2025-09-16 15:56:38.538] [info] Frame 1239 (t = 6.195):	 total squared error = 0.210965, marker error: RMS = 0.0662955, max = 0.254287 (RBHD)
[2025-09-16 15:56:38.561] [info] Frame 1240 (t = 6.2):	 total squared error = 0.210804, marker error: RMS = 0.0662703, max = 0.253993 (RBHD)
[2025-09-16 15:56:38.591] [info] Frame 1241 (t = 6.20500):	 total squared error = 0.210531, marker error: RMS = 0.0662273, max = 0.253887 (RBHD)
[2025-09-16 15:56:38.648] [info] Frame 1242 (t = 6.21):	 total squared error = 0.209916, marker error: RMS = 0.0661306, max = 0.252948 (RBHD)
[2025-09-16 15:56:38.681] [info] Frame 1243 (t = 6.215):	 total squared error = 0.210377, marker error: RMS = 0.0662031, max = 0.253447 (RBHD)
[2025-09-16 15:56:38.716] [info] Frame 1244 (t = 6.22):	 total squared error = 0.210881, marker error: RMS = 0.0662823, max = 0.253929 (RBHD)
[2025-09-16 15:56:38.751] [info] Frame 1245 (t = 6.225):	 total squared error = 0.211168, marker error: RMS = 0.0663275, max = 0.254176 (RBHD)
[2025-09-16 15:56:38.788] [info] Frame 1246 (t = 6.23):	 total squared error = 0.211523, marker error: RMS = 0.0663831, max = 0.254449 (RBHD)
[2025-09-16 15:56:38.826] [info] Frame 1247 (t = 6.235):	 total squared error = 0.211247, marker error: RMS = 0.0663399, max = 0.254042 (RBHD)
[2025-09-16 15:56:38.852] [info] Frame 1248 (t = 6.24):	 total squared error = 0.211402, marker error: RMS = 0.0663641, max = 0.253975 (RBHD)
[2025-09-16 15:56:38.868] [info] Frame 1249 (t = 6.245):	 total squared error = 0.211226, marker error: RMS = 0.0663365, max = 0.253672 (RBHD)
[2025-09-16 15:56:38.910] [info] Frame 1250 (t = 6.25):	 total squared error = 0.210367, marker error: RMS = 0.0662015, max = 0.252356 (RBHD)
[2025-09-16 15:56:38.936] [info] Frame 1251 (t = 6.255):	 total squared error = 0.212325, marker error: RMS = 0.0665090, max = 0.254043 (RBHD)
[2025-09-16 15:56:38.972] [info] Frame 1252 (t = 6.26):	 total squared error = 0.211030, marker error: RMS = 0.0663058, max = 0.252274 (RBHD)
[2025-09-16 15:56:38.996] [info] Frame 1253 (t = 6.265):	 total squared error = 0.21132, marker error: RMS = 0.0663513, max = 0.25227 (RBHD)
[2025-09-16 15:56:39.025] [info] Frame 1254 (t = 6.27):	 total squared error = 0.21259, marker error: RMS = 0.0665504, max = 0.253388 (RBHD)
[2025-09-16 15:56:39.064] [info] Frame 1255 (t = 6.275):	 total squared error = 0.213024, marker error: RMS = 0.0666183, max = 0.253524 (RBHD)
[2025-09-16 15:56:39.096] [info] Frame 1256 (t = 6.28):	 total squared error = 0.212826, marker error: RMS = 0.0665874, max = 0.253040 (RBHD)
[2025-09-16 15:56:39.130] [info] Frame 1257 (t = 6.285):	 total squared error = 0.213433, marker error: RMS = 0.0666823, max = 0.253071 (RBHD)
[2025-09-16 15:56:39.167] [info] Frame 1258 (t = 6.29):	 total squared error = 0.213664, marker error: RMS = 0.0667184, max = 0.252893 (RBHD)
[2025-09-16 15:56:39.192] [info] Frame 1259 (t = 6.295):	 total squared error = 0.213716, marker error: RMS = 0.0667264, max = 0.252404 (RBHD)
[2025-09-16 15:56:39.229] [info] Frame 1260 (t = 6.3):	 total squared error = 0.213436, marker error: RMS = 0.0666828, max = 0.251638 (RBHD)
[2025-09-16 15:56:39.263] [info] Frame 1261 (t = 6.30500):	 total squared error = 0.213795, marker error: RMS = 0.0667388, max = 0.251301 (RBHD)
[2025-09-16 15:56:39.302] [info] Frame 1262 (t = 6.31):	 total squared error = 0.214153, marker error: RMS = 0.0667947, max = 0.251080 (RBHD)
[2025-09-16 15:56:39.336] [info] Frame 1263 (t = 6.315):	 total squared error = 0.214487, marker error: RMS = 0.0668466, max = 0.250752 (RBHD)
[2025-09-16 15:56:39.358] [info] Frame 1264 (t = 6.32):	 total squared error = 0.213894, marker error: RMS = 0.0667542, max = 0.249351 (RBHD)
[2025-09-16 15:56:39.374] [info] Frame 1265 (t = 6.325):	 total squared error = 0.214364, marker error: RMS = 0.0668274, max = 0.24884 (RBHD)
[2025-09-16 15:56:39.404] [info] Frame 1266 (t = 6.33):	 total squared error = 0.214969, marker error: RMS = 0.0669217, max = 0.248737 (RBHD)
[2025-09-16 15:56:39.432] [info] Frame 1267 (t = 6.335):	 total squared error = 0.214986, marker error: RMS = 0.0669245, max = 0.247758 (RBHD)
[2025-09-16 15:56:39.473] [info] Frame 1268 (t = 6.34):	 total squared error = 0.216010, marker error: RMS = 0.0670837, max = 0.247733 (RBHD)
[2025-09-16 15:56:39.510] [info] Frame 1269 (t = 6.345):	 total squared error = 0.216214, marker error: RMS = 0.0671152, max = 0.247181 (RBHD)
[2025-09-16 15:56:39.543] [info] Frame 1270 (t = 6.35):	 total squared error = 0.216489, marker error: RMS = 0.0671579, max = 0.246312 (RBHD)
[2025-09-16 15:56:39.580] [info] Frame 1271 (t = 6.355):	 total squared error = 0.218619, marker error: RMS = 0.0674876, max = 0.245568 (RBHD)
[2025-09-16 15:56:39.617] [info] Frame 1272 (t = 6.36):	 total squared error = 0.218954, marker error: RMS = 0.0675392, max = 0.244761 (RBHD)
[2025-09-16 15:56:39.649] [info] Frame 1273 (t = 6.365):	 total squared error = 0.219537, marker error: RMS = 0.0676291, max = 0.244239 (RBHD)
[2025-09-16 15:56:39.682] [info] Frame 1274 (t = 6.37):	 total squared error = 0.220135, marker error: RMS = 0.0677211, max = 0.243826 (RBHD)
[2025-09-16 15:56:39.707] [info] Frame 1275 (t = 6.375):	 total squared error = 0.220889, marker error: RMS = 0.0678369, max = 0.243004 (RBHD)
[2025-09-16 15:56:39.738] [info] Frame 1276 (t = 6.38):	 total squared error = 0.221405, marker error: RMS = 0.0679162, max = 0.242393 (RBHD)
[2025-09-16 15:56:39.776] [info] Frame 1277 (t = 6.385):	 total squared error = 0.222067, marker error: RMS = 0.0680176, max = 0.241817 (RBHD)
[2025-09-16 15:56:39.809] [info] Frame 1278 (t = 6.39):	 total squared error = 0.223157, marker error: RMS = 0.0681843, max = 0.241473 (RBHD)
[2025-09-16 15:56:39.842] [info] Frame 1279 (t = 6.395):	 total squared error = 0.223839, marker error: RMS = 0.0682885, max = 0.240959 (RBHD)
[2025-09-16 15:56:39.869] [info] Frame 1280 (t = 6.4):	 total squared error = 0.224556, marker error: RMS = 0.0683977, max = 0.240708 (RBHD)
[2025-09-16 15:56:39.888] [info] Frame 1281 (t = 6.40500):	 total squared error = 0.22546, marker error: RMS = 0.0685353, max = 0.240416 (RBHD)
[2025-09-16 15:56:39.909] [info] Frame 1282 (t = 6.41):	 total squared error = 0.225818, marker error: RMS = 0.0685896, max = 0.239741 (RBHD)
[2025-09-16 15:56:39.931] [info] Frame 1283 (t = 6.415):	 total squared error = 0.226399, marker error: RMS = 0.0686778, max = 0.239327 (RBHD)
[2025-09-16 15:56:39.952] [info] Frame 1284 (t = 6.42):	 total squared error = 0.22719, marker error: RMS = 0.0687978, max = 0.239146 (RBHD)
[2025-09-16 15:56:39.978] [info] Frame 1285 (t = 6.425):	 total squared error = 0.227986, marker error: RMS = 0.0689181, max = 0.238823 (RBHD)
[2025-09-16 15:56:40.006] [info] Frame 1286 (t = 6.43):	 total squared error = 0.227903, marker error: RMS = 0.0689056, max = 0.23785 (RBHD)
[2025-09-16 15:56:40.029] [info] Frame 1287 (t = 6.435):	 total squared error = 0.228943, marker error: RMS = 0.0690626, max = 0.237984 (RBHD)
[2025-09-16 15:56:40.052] [info] Frame 1288 (t = 6.44):	 total squared error = 0.230096, marker error: RMS = 0.0692363, max = 0.238178 (RBHD)
[2025-09-16 15:56:40.080] [info] Frame 1289 (t = 6.445):	 total squared error = 0.230051, marker error: RMS = 0.0692295, max = 0.237083 (RBHD)
[2025-09-16 15:56:40.105] [info] Frame 1290 (t = 6.45):	 total squared error = 0.231605, marker error: RMS = 0.069463, max = 0.237895 (RBHD)
[2025-09-16 15:56:40.131] [info] Frame 1291 (t = 6.455):	 total squared error = 0.232222, marker error: RMS = 0.0695555, max = 0.237597 (RBHD)
[2025-09-16 15:56:40.152] [info] Frame 1292 (t = 6.46):	 total squared error = 0.232217, marker error: RMS = 0.0695546, max = 0.236902 (RBHD)
[2025-09-16 15:56:40.173] [info] Frame 1293 (t = 6.465):	 total squared error = 0.232783, marker error: RMS = 0.0696394, max = 0.236615 (RBHD)
[2025-09-16 15:56:40.197] [info] Frame 1294 (t = 6.47):	 total squared error = 0.234243, marker error: RMS = 0.0698575, max = 0.237211 (RBHD)
[2025-09-16 15:56:40.226] [info] Frame 1295 (t = 6.475):	 total squared error = 0.234812, marker error: RMS = 0.0699423, max = 0.237080 (RBHD)
[2025-09-16 15:56:40.264] [info] Frame 1296 (t = 6.48):	 total squared error = 0.235354, marker error: RMS = 0.0700230, max = 0.236816 (RBHD)
[2025-09-16 15:56:40.308] [info] Frame 1297 (t = 6.485):	 total squared error = 0.235966, marker error: RMS = 0.0701139, max = 0.236663 (RBHD)
[2025-09-16 15:56:40.338] [info] Frame 1298 (t = 6.49):	 total squared error = 0.236713, marker error: RMS = 0.0702248, max = 0.236789 (RBHD)
[2025-09-16 15:56:40.378] [info] Frame 1299 (t = 6.495):	 total squared error = 0.237259, marker error: RMS = 0.0703057, max = 0.236747 (RBHD)
[2025-09-16 15:56:40.410] [info] Frame 1300 (t = 6.5):	 total squared error = 0.236847, marker error: RMS = 0.0702447, max = 0.235753 (RBHD)
[2025-09-16 15:56:40.431] [info] Frame 1301 (t = 6.50500):	 total squared error = 0.23765, marker error: RMS = 0.0703636, max = 0.236075 (RBHD)
[2025-09-16 15:56:40.453] [info] Frame 1302 (t = 6.51):	 total squared error = 0.238536, marker error: RMS = 0.0704947, max = 0.236315 (RBHD)
[2025-09-16 15:56:40.475] [info] Frame 1303 (t = 6.515):	 total squared error = 0.238543, marker error: RMS = 0.0704958, max = 0.235842 (RBHD)
[2025-09-16 15:56:40.512] [info] Frame 1304 (t = 6.52):	 total squared error = 0.238964, marker error: RMS = 0.0705579, max = 0.235782 (RBHD)
[2025-09-16 15:56:40.531] [info] Frame 1305 (t = 6.525):	 total squared error = 0.239394, marker error: RMS = 0.0706214, max = 0.235734 (RBHD)
[2025-09-16 15:56:40.561] [info] Frame 1306 (t = 6.53):	 total squared error = 0.241024, marker error: RMS = 0.0708614, max = 0.236816 (RBHD)
[2025-09-16 15:56:40.581] [info] Frame 1307 (t = 6.535):	 total squared error = 0.24246, marker error: RMS = 0.0710721, max = 0.237755 (RBHD)
[2025-09-16 15:56:40.625] [info] Frame 1308 (t = 6.54):	 total squared error = 0.240760, marker error: RMS = 0.0708226, max = 0.235806 (RBHD)
[2025-09-16 15:56:40.652] [info] Frame 1309 (t = 6.545):	 total squared error = 0.242207, marker error: RMS = 0.0710351, max = 0.236817 (RBHD)
[2025-09-16 15:56:40.682] [info] Frame 1310 (t = 6.55):	 total squared error = 0.242745, marker error: RMS = 0.0711138, max = 0.237073 (RBHD)
[2025-09-16 15:56:40.713] [info] Frame 1311 (t = 6.555):	 total squared error = 0.243333, marker error: RMS = 0.0712, max = 0.237153 (RBHD)
[2025-09-16 15:56:40.740] [info] Frame 1312 (t = 6.56):	 total squared error = 0.243285, marker error: RMS = 0.071193, max = 0.236909 (RBHD)
[2025-09-16 15:56:40.762] [info] Frame 1313 (t = 6.565):	 total squared error = 0.243981, marker error: RMS = 0.0712947, max = 0.237324 (RBHD)
[2025-09-16 15:56:40.794] [info] Frame 1314 (t = 6.57):	 total squared error = 0.244453, marker error: RMS = 0.0713637, max = 0.237609 (RBHD)
[2025-09-16 15:56:40.827] [info] Frame 1315 (t = 6.575):	 total squared error = 0.244637, marker error: RMS = 0.0713905, max = 0.237628 (RBHD)
[2025-09-16 15:56:40.850] [info] Frame 1316 (t = 6.58):	 total squared error = 0.245186, marker error: RMS = 0.0714705, max = 0.237867 (RBHD)
[2025-09-16 15:56:40.876] [info] Frame 1317 (t = 6.585):	 total squared error = 0.245596, marker error: RMS = 0.0715304, max = 0.238205 (RBHD)
[2025-09-16 15:56:40.905] [info] Frame 1318 (t = 6.59):	 total squared error = 0.245128, marker error: RMS = 0.0714622, max = 0.237544 (RBHD)
[2025-09-16 15:56:40.931] [info] Frame 1319 (t = 6.595):	 total squared error = 0.245909, marker error: RMS = 0.0715759, max = 0.238043 (RBHD)
[2025-09-16 15:56:40.981] [info] Frame 1320 (t = 6.6):	 total squared error = 0.246058, marker error: RMS = 0.0715975, max = 0.238022 (RBHD)
[2025-09-16 15:56:41.003] [info] Frame 1321 (t = 6.60500):	 total squared error = 0.246444, marker error: RMS = 0.0716537, max = 0.238384 (RBHD)
[2025-09-16 15:56:41.045] [info] Frame 1322 (t = 6.61):	 total squared error = 0.246609, marker error: RMS = 0.0716776, max = 0.238374 (RBHD)
[2025-09-16 15:56:41.081] [info] Frame 1323 (t = 6.615):	 total squared error = 0.247261, marker error: RMS = 0.0717723, max = 0.238846 (RBHD)
[2025-09-16 15:56:41.123] [info] Frame 1324 (t = 6.62):	 total squared error = 0.247834, marker error: RMS = 0.0718555, max = 0.239308 (RBHD)
[2025-09-16 15:56:41.169] [info] Frame 1325 (t = 6.625):	 total squared error = 0.248358, marker error: RMS = 0.0719314, max = 0.239722 (RBHD)
[2025-09-16 15:56:41.221] [info] Frame 1326 (t = 6.63):	 total squared error = 0.248327, marker error: RMS = 0.0719268, max = 0.239632 (RBHD)
[2025-09-16 15:56:41.253] [info] Frame 1327 (t = 6.635):	 total squared error = 0.248412, marker error: RMS = 0.0719393, max = 0.239669 (RBHD)
[2025-09-16 15:56:41.286] [info] Frame 1328 (t = 6.64):	 total squared error = 0.248611, marker error: RMS = 0.0719681, max = 0.239754 (RBHD)
[2025-09-16 15:56:41.315] [info] Frame 1329 (t = 6.645):	 total squared error = 0.248623, marker error: RMS = 0.0719698, max = 0.239747 (RBHD)
[2025-09-16 15:56:41.338] [info] Frame 1330 (t = 6.65):	 total squared error = 0.248944, marker error: RMS = 0.0720162, max = 0.239938 (RBHD)
[2025-09-16 15:56:41.371] [info] Frame 1331 (t = 6.655):	 total squared error = 0.249254, marker error: RMS = 0.0720610, max = 0.240270 (RBHD)
[2025-09-16 15:56:41.431] [info] Frame 1332 (t = 6.66):	 total squared error = 0.248044, marker error: RMS = 0.0718859, max = 0.239063 (RBHD)
[2025-09-16 15:56:41.467] [info] Frame 1333 (t = 6.665):	 total squared error = 0.248599, marker error: RMS = 0.0719662, max = 0.239291 (RBHD)
[2025-09-16 15:56:41.508] [info] Frame 1334 (t = 6.67):	 total squared error = 0.249025, marker error: RMS = 0.0720279, max = 0.239871 (RBHD)
[2025-09-16 15:56:41.545] [info] Frame 1335 (t = 6.675):	 total squared error = 0.249072, marker error: RMS = 0.0720347, max = 0.240003 (RBHD)
[2025-09-16 15:56:41.588] [info] Frame 1336 (t = 6.68):	 total squared error = 0.249376, marker error: RMS = 0.0720786, max = 0.240301 (RBHD)
[2025-09-16 15:56:41.608] [info] Frame 1337 (t = 6.685):	 total squared error = 0.249376, marker error: RMS = 0.0720786, max = 0.240252 (RBHD)
[2025-09-16 15:56:41.636] [info] Frame 1338 (t = 6.69):	 total squared error = 0.249766, marker error: RMS = 0.0721351, max = 0.240452 (RBHD)
[2025-09-16 15:56:41.676] [info] Frame 1339 (t = 6.695):	 total squared error = 0.249067, marker error: RMS = 0.0720340, max = 0.239829 (RBHD)
[2025-09-16 15:56:41.714] [info] Frame 1340 (t = 6.7):	 total squared error = 0.249377, marker error: RMS = 0.0720788, max = 0.240255 (RBHD)
[2025-09-16 15:56:41.746] [info] Frame 1341 (t = 6.70500):	 total squared error = 0.249726, marker error: RMS = 0.0721292, max = 0.240532 (RBHD)
[2025-09-16 15:56:41.781] [info] Frame 1342 (t = 6.71):	 total squared error = 0.24976, marker error: RMS = 0.0721341, max = 0.240696 (RBHD)
[2025-09-16 15:56:41.818] [info] Frame 1343 (t = 6.715):	 total squared error = 0.249966, marker error: RMS = 0.0721638, max = 0.240908 (RBHD)
[2025-09-16 15:56:41.853] [info] Frame 1344 (t = 6.72):	 total squared error = 0.249922, marker error: RMS = 0.0721575, max = 0.240995 (RBHD)
[2025-09-16 15:56:41.895] [info] Frame 1345 (t = 6.725):	 total squared error = 0.249089, marker error: RMS = 0.0720371, max = 0.240158 (RBHD)
[2025-09-16 15:56:41.930] [info] Frame 1346 (t = 6.73):	 total squared error = 0.250045, marker error: RMS = 0.0721753, max = 0.240961 (RBHD)
[2025-09-16 15:56:41.962] [info] Frame 1347 (t = 6.735):	 total squared error = 0.249722, marker error: RMS = 0.0721286, max = 0.240695 (RBHD)
[2025-09-16 15:56:41.995] [info] Frame 1348 (t = 6.74):	 total squared error = 0.250239, marker error: RMS = 0.0722033, max = 0.241181 (RBHD)
[2025-09-16 15:56:42.020] [info] Frame 1349 (t = 6.745):	 total squared error = 0.250522, marker error: RMS = 0.0722441, max = 0.241481 (RBHD)
[2025-09-16 15:56:42.054] [info] Frame 1350 (t = 6.75):	 total squared error = 0.250299, marker error: RMS = 0.0722119, max = 0.241336 (RBHD)
[2025-09-16 15:56:42.083] [info] Frame 1351 (t = 6.755):	 total squared error = 0.250492, marker error: RMS = 0.0722397, max = 0.241545 (RBHD)
[2025-09-16 15:56:42.110] [info] Frame 1352 (t = 6.76):	 total squared error = 0.251236, marker error: RMS = 0.072347, max = 0.242307 (RBHD)
[2025-09-16 15:56:42.132] [info] Frame 1353 (t = 6.765):	 total squared error = 0.251109, marker error: RMS = 0.0723287, max = 0.242145 (RBHD)
[2025-09-16 15:56:42.153] [info] Frame 1354 (t = 6.77):	 total squared error = 0.251075, marker error: RMS = 0.0723238, max = 0.242175 (RBHD)
[2025-09-16 15:56:42.177] [info] Frame 1355 (t = 6.775):	 total squared error = 0.250938, marker error: RMS = 0.0723040, max = 0.242211 (RBHD)
[2025-09-16 15:56:42.214] [info] Frame 1356 (t = 6.78):	 total squared error = 0.250924, marker error: RMS = 0.0723020, max = 0.242167 (RBHD)
[2025-09-16 15:56:42.244] [info] Frame 1357 (t = 6.785):	 total squared error = 0.250601, marker error: RMS = 0.0722555, max = 0.241902 (RBHD)
[2025-09-16 15:56:42.276] [info] Frame 1358 (t = 6.79):	 total squared error = 0.250500, marker error: RMS = 0.0722409, max = 0.241859 (RBHD)
[2025-09-16 15:56:42.306] [info] Frame 1359 (t = 6.795):	 total squared error = 0.250598, marker error: RMS = 0.0722551, max = 0.241929 (RBHD)
[2025-09-16 15:56:42.336] [info] Frame 1360 (t = 6.8):	 total squared error = 0.250709, marker error: RMS = 0.0722711, max = 0.241889 (RBHD)
[2025-09-16 15:56:42.377] [info] Frame 1361 (t = 6.80500):	 total squared error = 0.249685, marker error: RMS = 0.0721234, max = 0.241261 (RBHD)
[2025-09-16 15:56:42.416] [info] Frame 1362 (t = 6.81):	 total squared error = 0.250424, marker error: RMS = 0.07223, max = 0.241925 (RBHD)
[2025-09-16 15:56:42.446] [info] Frame 1363 (t = 6.815):	 total squared error = 0.250495, marker error: RMS = 0.0722403, max = 0.242062 (RBHD)
[2025-09-16 15:56:42.481] [info] Frame 1364 (t = 6.82):	 total squared error = 0.250417, marker error: RMS = 0.072229, max = 0.242062 (RBHD)
[2025-09-16 15:56:42.515] [info] Frame 1365 (t = 6.825):	 total squared error = 0.250572, marker error: RMS = 0.0722513, max = 0.242038 (RBHD)
[2025-09-16 15:56:42.548] [info] Frame 1366 (t = 6.83):	 total squared error = 0.250534, marker error: RMS = 0.0722459, max = 0.241928 (RBHD)
[2025-09-16 15:56:42.590] [info] Frame 1367 (t = 6.835):	 total squared error = 0.249887, marker error: RMS = 0.0721524, max = 0.241204 (RBHD)
[2025-09-16 15:56:42.619] [info] Frame 1368 (t = 6.84):	 total squared error = 0.250239, marker error: RMS = 0.0722033, max = 0.241547 (RBHD)
[2025-09-16 15:56:42.648] [info] Frame 1369 (t = 6.845):	 total squared error = 0.250421, marker error: RMS = 0.0722296, max = 0.241729 (RBHD)
[2025-09-16 15:56:42.676] [info] Frame 1370 (t = 6.85):	 total squared error = 0.250692, marker error: RMS = 0.0722686, max = 0.242009 (RBHD)
[2025-09-16 15:56:42.705] [info] Frame 1371 (t = 6.855):	 total squared error = 0.251143, marker error: RMS = 0.0723336, max = 0.242393 (RBHD)
[2025-09-16 15:56:42.731] [info] Frame 1372 (t = 6.86):	 total squared error = 0.251025, marker error: RMS = 0.0723166, max = 0.242211 (RBHD)
[2025-09-16 15:56:42.767] [info] Frame 1373 (t = 6.865):	 total squared error = 0.250803, marker error: RMS = 0.0722846, max = 0.242133 (RBHD)
[2025-09-16 15:56:42.802] [info] Frame 1374 (t = 6.87):	 total squared error = 0.250828, marker error: RMS = 0.0722881, max = 0.242122 (RBHD)
[2025-09-16 15:56:42.836] [info] Frame 1375 (t = 6.875):	 total squared error = 0.250777, marker error: RMS = 0.0722808, max = 0.241963 (RBHD)
[2025-09-16 15:56:42.866] [info] Frame 1376 (t = 6.88):	 total squared error = 0.250825, marker error: RMS = 0.0722877, max = 0.242126 (RBHD)
[2025-09-16 15:56:42.893] [info] Frame 1377 (t = 6.885):	 total squared error = 0.250762, marker error: RMS = 0.0722787, max = 0.242124 (RBHD)
[2025-09-16 15:56:42.918] [info] Frame 1378 (t = 6.89):	 total squared error = 0.250718, marker error: RMS = 0.0722723, max = 0.242038 (RBHD)
[2025-09-16 15:56:42.947] [info] Frame 1379 (t = 6.895):	 total squared error = 0.250708, marker error: RMS = 0.0722708, max = 0.241927 (RBHD)
[2025-09-16 15:56:42.985] [info] Frame 1380 (t = 6.9):	 total squared error = 0.249901, marker error: RMS = 0.0721545, max = 0.241314 (RBHD)
[2025-09-16 15:56:43.024] [info] Frame 1381 (t = 6.90500):	 total squared error = 0.250040, marker error: RMS = 0.0721745, max = 0.241504 (RBHD)
[2025-09-16 15:56:43.051] [info] Frame 1382 (t = 6.91):	 total squared error = 0.251156, marker error: RMS = 0.0723355, max = 0.242514 (RBHD)
[2025-09-16 15:56:43.081] [info] Frame 1383 (t = 6.915):	 total squared error = 0.251906, marker error: RMS = 0.0724434, max = 0.243254 (RBHD)
[2025-09-16 15:56:43.116] [info] Frame 1384 (t = 6.92):	 total squared error = 0.251808, marker error: RMS = 0.0724293, max = 0.243115 (RBHD)
[2025-09-16 15:56:43.139] [info] Frame 1385 (t = 6.925):	 total squared error = 0.251611, marker error: RMS = 0.0724009, max = 0.242931 (RBHD)
[2025-09-16 15:56:43.174] [info] Frame 1386 (t = 6.93):	 total squared error = 0.251582, marker error: RMS = 0.0723968, max = 0.243030 (RBHD)
[2025-09-16 15:56:43.208] [info] Frame 1387 (t = 6.935):	 total squared error = 0.251546, marker error: RMS = 0.0723916, max = 0.243082 (RBHD)
[2025-09-16 15:56:43.239] [info] Frame 1388 (t = 6.94):	 total squared error = 0.251204, marker error: RMS = 0.0723424, max = 0.242884 (RBHD)
[2025-09-16 15:56:43.288] [info] Frame 1389 (t = 6.945):	 total squared error = 0.250611, marker error: RMS = 0.0722569, max = 0.242391 (RBHD)
[2025-09-16 15:56:43.326] [info] Frame 1390 (t = 6.95):	 total squared error = 0.249891, marker error: RMS = 0.072153, max = 0.241883 (RBHD)
[2025-09-16 15:56:43.356] [info] Frame 1391 (t = 6.955):	 total squared error = 0.251874, marker error: RMS = 0.0724388, max = 0.243652 (RBHD)
[2025-09-16 15:56:43.403] [info] Frame 1392 (t = 6.96):	 total squared error = 0.249621, marker error: RMS = 0.072114, max = 0.241688 (RBHD)
[2025-09-16 15:56:43.437] [info] Frame 1393 (t = 6.965):	 total squared error = 0.250443, marker error: RMS = 0.0722326, max = 0.24237 (RBHD)
[2025-09-16 15:56:43.459] [info] Frame 1394 (t = 6.97):	 total squared error = 0.250821, marker error: RMS = 0.0722871, max = 0.242553 (RBHD)
[2025-09-16 15:56:43.483] [info] Frame 1395 (t = 6.975):	 total squared error = 0.25135, marker error: RMS = 0.0723634, max = 0.243176 (RBHD)
[2025-09-16 15:56:43.513] [info] Frame 1396 (t = 6.98):	 total squared error = 0.251364, marker error: RMS = 0.0723654, max = 0.243276 (RBHD)
[2025-09-16 15:56:43.564] [info] Frame 1397 (t = 6.985):	 total squared error = 0.250303, marker error: RMS = 0.0722125, max = 0.242143 (RBHD)
[2025-09-16 15:56:43.599] [info] Frame 1398 (t = 6.99):	 total squared error = 0.250174, marker error: RMS = 0.0721939, max = 0.242151 (RBHD)
[2025-09-16 15:56:43.626] [info] Frame 1399 (t = 6.995):	 total squared error = 0.251135, marker error: RMS = 0.0723325, max = 0.242632 (RBHD)
[2025-09-16 15:56:43.663] [info] Frame 1400 (t = 7.0):	 total squared error = 0.250901, marker error: RMS = 0.0722986, max = 0.242744 (RBHD)
[2025-09-16 15:56:43.699] [info] Frame 1401 (t = 7.00500):	 total squared error = 0.250792, marker error: RMS = 0.072283, max = 0.24278 (RBHD)
[2025-09-16 15:56:43.731] [info] Frame 1402 (t = 7.01):	 total squared error = 0.250776, marker error: RMS = 0.0722807, max = 0.242884 (RBHD)
[2025-09-16 15:56:43.770] [info] Frame 1403 (t = 7.015):	 total squared error = 0.250566, marker error: RMS = 0.0722505, max = 0.242914 (RBHD)
[2025-09-16 15:56:43.805] [info] Frame 1404 (t = 7.02):	 total squared error = 0.250440, marker error: RMS = 0.0722323, max = 0.242932 (RBHD)
[2025-09-16 15:56:43.840] [info] Frame 1405 (t = 7.025):	 total squared error = 0.249567, marker error: RMS = 0.0721063, max = 0.242117 (RBHD)
[2025-09-16 15:56:43.871] [info] Frame 1406 (t = 7.03):	 total squared error = 0.250546, marker error: RMS = 0.0722475, max = 0.243074 (RBHD)
[2025-09-16 15:56:43.911] [info] Frame 1407 (t = 7.035):	 total squared error = 0.249209, marker error: RMS = 0.0720546, max = 0.241893 (RBHD)
[2025-09-16 15:56:43.943] [info] Frame 1408 (t = 7.04):	 total squared error = 0.250849, marker error: RMS = 0.0722912, max = 0.243355 (RBHD)
[2025-09-16 15:56:43.965] [info] Frame 1409 (t = 7.045):	 total squared error = 0.250125, marker error: RMS = 0.0721868, max = 0.242863 (RBHD)
[2025-09-16 15:56:44.001] [info] Frame 1410 (t = 7.05):	 total squared error = 0.251083, marker error: RMS = 0.0723249, max = 0.243641 (RBHD)
[2025-09-16 15:56:44.033] [info] Frame 1411 (t = 7.055):	 total squared error = 0.250416, marker error: RMS = 0.0722289, max = 0.243123 (RBHD)
[2025-09-16 15:56:44.066] [info] Frame 1412 (t = 7.06):	 total squared error = 0.251225, marker error: RMS = 0.0723454, max = 0.243697 (RBHD)
[2025-09-16 15:56:44.104] [info] Frame 1413 (t = 7.065):	 total squared error = 0.250969, marker error: RMS = 0.0723085, max = 0.243366 (RBHD)
[2025-09-16 15:56:44.143] [info] Frame 1414 (t = 7.07):	 total squared error = 0.250740, marker error: RMS = 0.0722756, max = 0.243107 (RBHD)
[2025-09-16 15:56:44.197] [info] Frame 1415 (t = 7.075):	 total squared error = 0.249474, marker error: RMS = 0.0720929, max = 0.242092 (RBHD)
[2025-09-16 15:56:44.233] [info] Frame 1416 (t = 7.08):	 total squared error = 0.249997, marker error: RMS = 0.0721684, max = 0.242706 (RBHD)
[2025-09-16 15:56:44.275] [info] Frame 1417 (t = 7.085):	 total squared error = 0.249357, marker error: RMS = 0.0720759, max = 0.242366 (RBHD)
[2025-09-16 15:56:44.316] [info] Frame 1418 (t = 7.09):	 total squared error = 0.249691, marker error: RMS = 0.0721241, max = 0.242646 (RBHD)
[2025-09-16 15:56:44.357] [info] Frame 1419 (t = 7.095):	 total squared error = 0.250136, marker error: RMS = 0.0721885, max = 0.242979 (RBHD)
[2025-09-16 15:56:44.392] [info] Frame 1420 (t = 7.1):	 total squared error = 0.251293, marker error: RMS = 0.0723552, max = 0.243622 (RBHD)
[2025-09-16 15:56:44.443] [info] Frame 1421 (t = 7.10500):	 total squared error = 0.249927, marker error: RMS = 0.0721583, max = 0.242327 (RBHD)
[2025-09-16 15:56:44.478] [info] Frame 1422 (t = 7.11):	 total squared error = 0.250494, marker error: RMS = 0.0722401, max = 0.242922 (RBHD)
[2025-09-16 15:56:44.511] [info] Frame 1423 (t = 7.115):	 total squared error = 0.250560, marker error: RMS = 0.0722496, max = 0.243040 (RBHD)
[2025-09-16 15:56:44.546] [info] Frame 1424 (t = 7.12):	 total squared error = 0.250176, marker error: RMS = 0.0721942, max = 0.24283 (RBHD)
[2025-09-16 15:56:44.577] [info] Frame 1425 (t = 7.125):	 total squared error = 0.250373, marker error: RMS = 0.0722225, max = 0.243228 (RBHD)
[2025-09-16 15:56:44.621] [info] Frame 1426 (t = 7.13):	 total squared error = 0.250322, marker error: RMS = 0.0722152, max = 0.243362 (RBHD)
[2025-09-16 15:56:44.667] [info] Frame 1427 (t = 7.135):	 total squared error = 0.251225, marker error: RMS = 0.0723453, max = 0.244060 (RBHD)
[2025-09-16 15:56:44.729] [info] Frame 1428 (t = 7.14):	 total squared error = 0.249965, marker error: RMS = 0.0721637, max = 0.242993 (RBHD)
[2025-09-16 15:56:44.780] [info] Frame 1429 (t = 7.145):	 total squared error = 0.250758, marker error: RMS = 0.0722782, max = 0.243663 (RBHD)
[2025-09-16 15:56:44.829] [info] Frame 1430 (t = 7.15):	 total squared error = 0.251842, marker error: RMS = 0.0724341, max = 0.244484 (RBHD)
[2025-09-16 15:56:44.882] [info] Frame 1431 (t = 7.155):	 total squared error = 0.251379, marker error: RMS = 0.0723676, max = 0.244123 (RBHD)
[2025-09-16 15:56:44.924] [info] Frame 1432 (t = 7.16):	 total squared error = 0.251177, marker error: RMS = 0.0723384, max = 0.24417 (RBHD)
[2025-09-16 15:56:44.972] [info] Frame 1433 (t = 7.165):	 total squared error = 0.250984, marker error: RMS = 0.0723107, max = 0.243961 (RBHD)
[2025-09-16 15:56:45.012] [info] Frame 1434 (t = 7.17):	 total squared error = 0.251072, marker error: RMS = 0.0723234, max = 0.244238 (RBHD)
[2025-09-16 15:56:45.058] [info] Frame 1435 (t = 7.175):	 total squared error = 0.251264, marker error: RMS = 0.072351, max = 0.244403 (RBHD)
[2025-09-16 15:56:45.112] [info] Frame 1436 (t = 7.18):	 total squared error = 0.251187, marker error: RMS = 0.0723399, max = 0.244266 (RBHD)
[2025-09-16 15:56:45.177] [info] Frame 1437 (t = 7.185):	 total squared error = 0.251095, marker error: RMS = 0.0723266, max = 0.244156 (RBHD)
[2025-09-16 15:56:45.217] [info] Frame 1438 (t = 7.19):	 total squared error = 0.251287, marker error: RMS = 0.0723543, max = 0.244242 (RBHD)
[2025-09-16 15:56:45.268] [info] Frame 1439 (t = 7.195):	 total squared error = 0.251472, marker error: RMS = 0.0723809, max = 0.244478 (RBHD)
[2025-09-16 15:56:45.328] [info] Frame 1440 (t = 7.2):	 total squared error = 0.249958, marker error: RMS = 0.0721627, max = 0.243421 (RBHD)
[2025-09-16 15:56:45.365] [info] Frame 1441 (t = 7.20500):	 total squared error = 0.251462, marker error: RMS = 0.0723796, max = 0.244603 (RBHD)
[2025-09-16 15:56:45.425] [info] Frame 1442 (t = 7.21):	 total squared error = 0.250359, marker error: RMS = 0.0722206, max = 0.243793 (RBHD)
[2025-09-16 15:56:45.463] [info] Frame 1443 (t = 7.215):	 total squared error = 0.250938, marker error: RMS = 0.0723041, max = 0.244304 (RBHD)
[2025-09-16 15:56:45.502] [info] Frame 1444 (t = 7.22):	 total squared error = 0.251151, marker error: RMS = 0.0723347, max = 0.244417 (RBHD)
[2025-09-16 15:56:45.533] [info] Frame 1445 (t = 7.225):	 total squared error = 0.25241, marker error: RMS = 0.0725157, max = 0.245325 (RBHD)
[2025-09-16 15:56:45.552] [info] Frame 1446 (t = 7.23):	 total squared error = 0.252158, marker error: RMS = 0.0724796, max = 0.245345 (RBHD)
[2025-09-16 15:56:45.581] [info] Frame 1447 (t = 7.235):	 total squared error = 0.250400, marker error: RMS = 0.0722266, max = 0.24395 (RBHD)
[2025-09-16 15:56:45.623] [info] Frame 1448 (t = 7.24):	 total squared error = 0.251383, marker error: RMS = 0.0723681, max = 0.244839 (RBHD)
[2025-09-16 15:56:45.679] [info] Frame 1449 (t = 7.245):	 total squared error = 0.250893, marker error: RMS = 0.0722976, max = 0.244141 (RBHD)
[2025-09-16 15:56:45.705] [info] Frame 1450 (t = 7.25):	 total squared error = 0.251581, marker error: RMS = 0.0723966, max = 0.244802 (RBHD)
[2025-09-16 15:56:45.755] [info] Frame 1451 (t = 7.255):	 total squared error = 0.251484, marker error: RMS = 0.0723827, max = 0.244366 (RBHD)
[2025-09-16 15:56:45.805] [info] Frame 1452 (t = 7.26):	 total squared error = 0.251894, marker error: RMS = 0.0724417, max = 0.245012 (RBHD)
[2025-09-16 15:56:45.871] [info] Frame 1453 (t = 7.265):	 total squared error = 0.251127, marker error: RMS = 0.0723312, max = 0.244187 (RBHD)
[2025-09-16 15:56:45.931] [info] Frame 1454 (t = 7.27):	 total squared error = 0.251983, marker error: RMS = 0.0724545, max = 0.245011 (RBHD)
[2025-09-16 15:56:45.994] [info] Frame 1455 (t = 7.275):	 total squared error = 0.251261, marker error: RMS = 0.0723505, max = 0.24441 (RBHD)
[2025-09-16 15:56:46.050] [info] Frame 1456 (t = 7.28):	 total squared error = 0.251326, marker error: RMS = 0.0723599, max = 0.244366 (RBHD)
[2025-09-16 15:56:46.123] [info] Frame 1457 (t = 7.285):	 total squared error = 0.251907, marker error: RMS = 0.0724436, max = 0.244875 (RBHD)
[2025-09-16 15:56:46.183] [info] Frame 1458 (t = 7.29):	 total squared error = 0.25196, marker error: RMS = 0.0724511, max = 0.245042 (RBHD)
[2025-09-16 15:56:46.260] [info] Frame 1459 (t = 7.295):	 total squared error = 0.25221, marker error: RMS = 0.0724871, max = 0.245516 (RBHD)
[2025-09-16 15:56:46.376] [info] Frame 1460 (t = 7.3):	 total squared error = 0.252126, marker error: RMS = 0.0724749, max = 0.245498 (RBHD)
[2025-09-16 15:56:46.446] [info] Frame 1461 (t = 7.30500):	 total squared error = 0.252581, marker error: RMS = 0.0725404, max = 0.245338 (RBHD)
[2025-09-16 15:56:46.543] [info] Frame 1462 (t = 7.31):	 total squared error = 0.252731, marker error: RMS = 0.0725618, max = 0.245492 (RBHD)
[2025-09-16 15:56:46.610] [info] Frame 1463 (t = 7.315):	 total squared error = 0.253048, marker error: RMS = 0.0726074, max = 0.246010 (RBHD)
[2025-09-16 15:56:46.665] [info] Frame 1464 (t = 7.32):	 total squared error = 0.253145, marker error: RMS = 0.0726213, max = 0.246171 (RBHD)
[2025-09-16 15:56:46.742] [info] Frame 1465 (t = 7.325):	 total squared error = 0.253239, marker error: RMS = 0.0726349, max = 0.24584 (RBHD)
[2025-09-16 15:56:46.813] [info] Frame 1466 (t = 7.33):	 total squared error = 0.253448, marker error: RMS = 0.0726648, max = 0.24615 (RBHD)
[2025-09-16 15:56:46.865] [info] Frame 1467 (t = 7.335):	 total squared error = 0.255489, marker error: RMS = 0.0729568, max = 0.247585 (RBHD)
[2025-09-16 15:56:46.923] [info] Frame 1468 (t = 7.34):	 total squared error = 0.254883, marker error: RMS = 0.0728701, max = 0.24686 (RBHD)
[2025-09-16 15:56:46.964] [info] Frame 1469 (t = 7.345):	 total squared error = 0.25621, marker error: RMS = 0.0730597, max = 0.247535 (RBHD)
[2025-09-16 15:56:47.093] [info] Frame 1470 (t = 7.35):	 total squared error = 0.257786, marker error: RMS = 0.073284, max = 0.249352 (RBHD)
[2025-09-16 15:56:47.206] [info] Frame 1471 (t = 7.355):	 total squared error = 0.260364, marker error: RMS = 0.0736494, max = 0.251127 (RBHD)
[2025-09-16 15:56:47.428] [info] Frame 1472 (t = 7.36):	 total squared error = 0.254748, marker error: RMS = 0.0728509, max = 0.246542 (RBHD)
[2025-09-16 15:56:47.559] [info] Frame 1473 (t = 7.365):	 total squared error = 0.257446, marker error: RMS = 0.0732356, max = 0.248505 (RBHD)
[2025-09-16 15:56:47.683] [info] Frame 1474 (t = 7.37):	 total squared error = 0.259744, marker error: RMS = 0.0735617, max = 0.250027 (RBHD)
[2025-09-16 15:56:47.794] [info] Frame 1475 (t = 7.375):	 total squared error = 0.262508, marker error: RMS = 0.0739522, max = 0.25228 (RBHD)
[2025-09-16 15:56:47.871] [info] Frame 1476 (t = 7.38):	 total squared error = 0.262965, marker error: RMS = 0.0740164, max = 0.252073 (RBHD)
[2025-09-16 15:56:47.915] [info] Frame 1477 (t = 7.385):	 total squared error = 0.265029, marker error: RMS = 0.0743063, max = 0.25316 (RBHD)
[2025-09-16 15:56:48.052] [info] Frame 1478 (t = 7.39):	 total squared error = 0.266073, marker error: RMS = 0.0744526, max = 0.253946 (RBHD)
[2025-09-16 15:56:48.190] [info] Frame 1479 (t = 7.395):	 total squared error = 0.266469, marker error: RMS = 0.0745080, max = 0.254405 (RBHD)
[2025-09-16 15:56:48.230] [info] Frame 1480 (t = 7.4):	 total squared error = 0.266616, marker error: RMS = 0.0745286, max = 0.254206 (RBHD)
[2025-09-16 15:56:48.295] [info] Frame 1481 (t = 7.40500):	 total squared error = 0.267267, marker error: RMS = 0.0746194, max = 0.254486 (RBHD)
[2025-09-16 15:56:48.342] [info] Frame 1482 (t = 7.41):	 total squared error = 0.266929, marker error: RMS = 0.0745722, max = 0.253825 (RBHD)
[2025-09-16 15:56:48.495] [info] Frame 1483 (t = 7.415):	 total squared error = 0.269718, marker error: RMS = 0.0749608, max = 0.255944 (RBHD)
[2025-09-16 15:56:48.539] [info] Frame 1484 (t = 7.42):	 total squared error = 0.269662, marker error: RMS = 0.0749531, max = 0.255744 (RBHD)
[2025-09-16 15:56:48.639] [info] Frame 1485 (t = 7.425):	 total squared error = 0.270770, marker error: RMS = 0.0751068, max = 0.256648 (RBHD)
[2025-09-16 15:56:48.758] [info] Frame 1486 (t = 7.43):	 total squared error = 0.26838, marker error: RMS = 0.0747747, max = 0.255139 (RBHD)
[2025-09-16 15:56:48.813] [info] Frame 1487 (t = 7.435):	 total squared error = 0.26972, marker error: RMS = 0.0749611, max = 0.256086 (RBHD)
[2025-09-16 15:56:48.905] [info] Frame 1488 (t = 7.44):	 total squared error = 0.269797, marker error: RMS = 0.0749718, max = 0.255945 (RBHD)
[2025-09-16 15:56:48.942] [info] Frame 1489 (t = 7.445):	 total squared error = 0.267903, marker error: RMS = 0.0747082, max = 0.254211 (RBHD)
[2025-09-16 15:56:49.049] [info] Frame 1490 (t = 7.45):	 total squared error = 0.26849, marker error: RMS = 0.07479, max = 0.25528 (RBHD)
[2025-09-16 15:56:49.124] [info] Frame 1491 (t = 7.455):	 total squared error = 0.268357, marker error: RMS = 0.0747714, max = 0.255473 (RBHD)
[2025-09-16 15:56:49.169] [info] Frame 1492 (t = 7.46):	 total squared error = 0.268005, marker error: RMS = 0.0747224, max = 0.255128 (RBHD)
[2025-09-16 15:56:49.256] [info] Frame 1493 (t = 7.465):	 total squared error = 0.266286, marker error: RMS = 0.0744823, max = 0.25423 (RBHD)
[2025-09-16 15:56:49.315] [info] Frame 1494 (t = 7.47):	 total squared error = 0.264575, marker error: RMS = 0.0742427, max = 0.253094 (RBHD)
[2025-09-16 15:56:49.354] [info] Frame 1495 (t = 7.475):	 total squared error = 0.262209, marker error: RMS = 0.07391, max = 0.251915 (LBHD)
[2025-09-16 15:56:49.426] [info] Frame 1496 (t = 7.48):	 total squared error = 0.260692, marker error: RMS = 0.0736958, max = 0.251284 (RBHD)
[2025-09-16 15:56:49.485] [info] Frame 1497 (t = 7.485):	 total squared error = 0.258095, marker error: RMS = 0.0733279, max = 0.250014 (LBHD)
[2025-09-16 15:56:49.567] [info] Frame 1498 (t = 7.49):	 total squared error = 0.254956, marker error: RMS = 0.0728805, max = 0.248498 (LBHD)
[2025-09-16 15:56:49.628] [info] Frame 1499 (t = 7.495):	 total squared error = 0.252231, marker error: RMS = 0.0724901, max = 0.248762 (LBHD)
[2025-09-16 15:56:49.709] [info] Frame 1500 (t = 7.5):	 total squared error = 0.249445, marker error: RMS = 0.0720886, max = 0.247547 (LBHD)
[2025-09-16 15:56:49.740] [info] Frame 1501 (t = 7.50500):	 total squared error = 0.243005, marker error: RMS = 0.0711519, max = 0.245571 (LBHD)
[2025-09-16 15:56:49.814] [info] Frame 1502 (t = 7.51):	 total squared error = 0.241629, marker error: RMS = 0.0709503, max = 0.244308 (LBHD)
[2025-09-16 15:56:49.854] [info] Frame 1503 (t = 7.515):	 total squared error = 0.235944, marker error: RMS = 0.0701106, max = 0.24142 (LBHD)
[2025-09-16 15:56:49.921] [info] Frame 1504 (t = 7.52):	 total squared error = 0.234256, marker error: RMS = 0.0698593, max = 0.241286 (LBHD)
[2025-09-16 15:56:49.957] [info] Frame 1505 (t = 7.525):	 total squared error = 0.227016, marker error: RMS = 0.0687713, max = 0.2378 (LBHD)
[2025-09-16 15:56:50.028] [info] Frame 1506 (t = 7.53):	 total squared error = 0.224397, marker error: RMS = 0.0683735, max = 0.236333 (LBHD)
[2025-09-16 15:56:50.104] [info] Frame 1507 (t = 7.535):	 total squared error = 0.220365, marker error: RMS = 0.0677564, max = 0.234772 (LBHD)
[2025-09-16 15:56:50.172] [info] Frame 1508 (t = 7.54):	 total squared error = 0.215589, marker error: RMS = 0.0670183, max = 0.232551 (LBHD)
[2025-09-16 15:56:50.236] [info] Frame 1509 (t = 7.545):	 total squared error = 0.211312, marker error: RMS = 0.0663501, max = 0.231073 (LBHD)
[2025-09-16 15:56:50.292] [info] Frame 1510 (t = 7.55):	 total squared error = 0.216422, marker error: RMS = 0.0671476, max = 0.237309 (LBHD)
[2025-09-16 15:56:50.361] [info] Frame 1511 (t = 7.555):	 total squared error = 0.211021, marker error: RMS = 0.0663044, max = 0.235922 (LBHD)
[2025-09-16 15:56:50.440] [info] Frame 1512 (t = 7.56):	 total squared error = 0.206493, marker error: RMS = 0.0655891, max = 0.233749 (LBHD)
[2025-09-16 15:56:50.504] [info] Frame 1513 (t = 7.565):	 total squared error = 0.203078, marker error: RMS = 0.0650445, max = 0.233 (LBHD)
[2025-09-16 15:56:50.579] [info] Frame 1514 (t = 7.57):	 total squared error = 0.199768, marker error: RMS = 0.0645122, max = 0.232041 (LBHD)
[2025-09-16 15:56:50.631] [info] Frame 1515 (t = 7.575):	 total squared error = 0.196052, marker error: RMS = 0.0639094, max = 0.231121 (LBHD)
[2025-09-16 15:56:50.704] [info] Frame 1516 (t = 7.58):	 total squared error = 0.192697, marker error: RMS = 0.0633602, max = 0.229866 (LBHD)
[2025-09-16 15:56:50.766] [info] Frame 1517 (t = 7.585):	 total squared error = 0.189547, marker error: RMS = 0.0628403, max = 0.228852 (LBHD)
[2025-09-16 15:56:50.837] [info] Frame 1518 (t = 7.59):	 total squared error = 0.187866, marker error: RMS = 0.062561, max = 0.228665 (LBHD)
[2025-09-16 15:56:50.924] [info] Frame 1519 (t = 7.595):	 total squared error = 0.184178, marker error: RMS = 0.0619438, max = 0.227156 (LBHD)
[2025-09-16 15:56:51.000] [info] Frame 1520 (t = 7.6):	 total squared error = 0.181647, marker error: RMS = 0.0615168, max = 0.226023 (LBHD)
[2025-09-16 15:56:51.090] [info] Frame 1521 (t = 7.60500):	 total squared error = 0.180178, marker error: RMS = 0.0612675, max = 0.225382 (LBHD)
[2025-09-16 15:56:51.160] [info] Frame 1522 (t = 7.61):	 total squared error = 0.178545, marker error: RMS = 0.0609893, max = 0.22493 (LBHD)
[2025-09-16 15:56:51.217] [info] Frame 1523 (t = 7.615):	 total squared error = 0.178025, marker error: RMS = 0.0609004, max = 0.224648 (LBHD)
[2025-09-16 15:56:51.286] [info] Frame 1524 (t = 7.62):	 total squared error = 0.178274, marker error: RMS = 0.0609429, max = 0.224458 (LBHD)
[2025-09-16 15:56:51.362] [info] Frame 1525 (t = 7.625):	 total squared error = 0.178249, marker error: RMS = 0.0609386, max = 0.222703 (LBHD)
[2025-09-16 15:56:51.422] [info] Frame 1526 (t = 7.63):	 total squared error = 0.178594, marker error: RMS = 0.0609977, max = 0.221933 (LBHD)
[2025-09-16 15:56:51.482] [info] Frame 1527 (t = 7.635):	 total squared error = 0.179457, marker error: RMS = 0.0611447, max = 0.221759 (LBHD)
[2025-09-16 15:56:51.547] [info] Frame 1528 (t = 7.64):	 total squared error = 0.180848, marker error: RMS = 0.0613812, max = 0.222537 (LBHD)
[2025-09-16 15:56:51.609] [info] Frame 1529 (t = 7.645):	 total squared error = 0.180804, marker error: RMS = 0.0613738, max = 0.222709 (LBHD)
[2025-09-16 15:56:51.661] [info] Frame 1530 (t = 7.65):	 total squared error = 0.180078, marker error: RMS = 0.0612505, max = 0.222622 (LBHD)
[2025-09-16 15:56:51.706] [info] Frame 1531 (t = 7.655):	 total squared error = 0.178224, marker error: RMS = 0.0609344, max = 0.221453 (LBHD)
[2025-09-16 15:56:51.768] [info] Frame 1532 (t = 7.66):	 total squared error = 0.176813, marker error: RMS = 0.0606927, max = 0.221941 (LBHD)
[2025-09-16 15:56:51.826] [info] Frame 1533 (t = 7.665):	 total squared error = 0.174954, marker error: RMS = 0.0603728, max = 0.221654 (LBHD)
[2025-09-16 15:56:51.877] [info] Frame 1534 (t = 7.67):	 total squared error = 0.173181, marker error: RMS = 0.0600661, max = 0.22156 (LBHD)
[2025-09-16 15:56:51.912] [info] Frame 1535 (t = 7.675):	 total squared error = 0.171638, marker error: RMS = 0.0597979, max = 0.221681 (LBHD)
[2025-09-16 15:56:51.949] [info] Frame 1536 (t = 7.68):	 total squared error = 0.169707, marker error: RMS = 0.0594607, max = 0.221002 (LBHD)
[2025-09-16 15:56:52.006] [info] Frame 1537 (t = 7.685):	 total squared error = 0.168829, marker error: RMS = 0.0593065, max = 0.220401 (LBHD)
[2025-09-16 15:56:52.034] [info] Frame 1538 (t = 7.69):	 total squared error = 0.168835, marker error: RMS = 0.0593076, max = 0.221020 (LBHD)
[2025-09-16 15:56:52.103] [info] Frame 1539 (t = 7.695):	 total squared error = 0.167672, marker error: RMS = 0.0591031, max = 0.219604 (LBHD)
[2025-09-16 15:56:52.151] [info] Frame 1540 (t = 7.7):	 total squared error = 0.166837, marker error: RMS = 0.0589556, max = 0.218587 (LBHD)
[2025-09-16 15:56:52.190] [info] Frame 1541 (t = 7.70500):	 total squared error = 0.166747, marker error: RMS = 0.0589398, max = 0.217436 (LBHD)
[2025-09-16 15:56:52.231] [info] Frame 1542 (t = 7.71):	 total squared error = 0.166258, marker error: RMS = 0.0588533, max = 0.215429 (LBHD)
[2025-09-16 15:56:52.279] [info] Frame 1543 (t = 7.715):	 total squared error = 0.166954, marker error: RMS = 0.0589763, max = 0.215276 (LBHD)
[2025-09-16 15:56:52.312] [info] Frame 1544 (t = 7.72):	 total squared error = 0.166394, marker error: RMS = 0.0588773, max = 0.213727 (LBHD)
[2025-09-16 15:56:52.368] [info] Frame 1545 (t = 7.725):	 total squared error = 0.1672, marker error: RMS = 0.0590197, max = 0.212922 (LBHD)
[2025-09-16 15:56:52.406] [info] Frame 1546 (t = 7.73):	 total squared error = 0.166591, marker error: RMS = 0.0589122, max = 0.210945 (LBHD)
[2025-09-16 15:56:52.489] [info] Frame 1547 (t = 7.735):	 total squared error = 0.167064, marker error: RMS = 0.0589958, max = 0.211777 (LBHD)
[2025-09-16 15:56:52.513] [info] Frame 1548 (t = 7.74):	 total squared error = 0.165659, marker error: RMS = 0.0587471, max = 0.209340 (LBHD)
[2025-09-16 15:56:52.558] [info] Frame 1549 (t = 7.745):	 total squared error = 0.166108, marker error: RMS = 0.0588268, max = 0.209135 (LBHD)
[2025-09-16 15:56:52.590] [info] Frame 1550 (t = 7.75):	 total squared error = 0.165042, marker error: RMS = 0.0586377, max = 0.207606 (LBHD)
[2025-09-16 15:56:52.611] [info] Frame 1551 (t = 7.755):	 total squared error = 0.164603, marker error: RMS = 0.0585596, max = 0.206589 (LBHD)
[2025-09-16 15:56:52.669] [info] Frame 1552 (t = 7.76):	 total squared error = 0.163886, marker error: RMS = 0.058432, max = 0.206816 (LBHD)
[2025-09-16 15:56:52.720] [info] Frame 1553 (t = 7.765):	 total squared error = 0.162848, marker error: RMS = 0.0582467, max = 0.205849 (LBHD)
[2025-09-16 15:56:52.779] [info] Frame 1554 (t = 7.77):	 total squared error = 0.161768, marker error: RMS = 0.0580531, max = 0.205027 (LBHD)
[2025-09-16 15:56:52.805] [info] Frame 1555 (t = 7.775):	 total squared error = 0.161143, marker error: RMS = 0.0579409, max = 0.204438 (LBHD)
[2025-09-16 15:56:52.833] [info] Frame 1556 (t = 7.78):	 total squared error = 0.161962, marker error: RMS = 0.0580880, max = 0.205282 (LBHD)
[2025-09-16 15:56:52.890] [info] Frame 1557 (t = 7.785):	 total squared error = 0.159935, marker error: RMS = 0.0577232, max = 0.203907 (LBHD)
[2025-09-16 15:56:52.966] [info] Frame 1558 (t = 7.79):	 total squared error = 0.158971, marker error: RMS = 0.0575491, max = 0.203514 (LBHD)
[2025-09-16 15:56:53.002] [info] Frame 1559 (t = 7.795):	 total squared error = 0.158963, marker error: RMS = 0.0575476, max = 0.203887 (LBHD)
[2025-09-16 15:56:53.015] [info] Frame 1560 (t = 7.8):	 total squared error = 0.158701, marker error: RMS = 0.0575003, max = 0.203554 (LBHD)
[2025-09-16 15:56:53.076] [info] Frame 1561 (t = 7.80500):	 total squared error = 0.158993, marker error: RMS = 0.057553, max = 0.204725 (LBHD)
[2025-09-16 15:56:53.161] [info] Frame 1562 (t = 7.81):	 total squared error = 0.159347, marker error: RMS = 0.0576171, max = 0.204519 (LBHD)
[2025-09-16 15:56:53.175] [info] Frame 1563 (t = 7.815):	 total squared error = 0.160426, marker error: RMS = 0.0578119, max = 0.206670 (LBHD)
[2025-09-16 15:56:53.277] [info] Frame 1564 (t = 7.82):	 total squared error = 0.159611, marker error: RMS = 0.0576648, max = 0.205506 (LBHD)
[2025-09-16 15:56:53.364] [info] Frame 1565 (t = 7.825):	 total squared error = 0.159741, marker error: RMS = 0.0576883, max = 0.205129 (LBHD)
[2025-09-16 15:56:53.450] [info] Frame 1566 (t = 7.83):	 total squared error = 0.160153, marker error: RMS = 0.0577626, max = 0.205641 (LBHD)
[2025-09-16 15:56:53.507] [info] Frame 1567 (t = 7.835):	 total squared error = 0.158725, marker error: RMS = 0.0575045, max = 0.204681 (LBHD)
[2025-09-16 15:56:53.518] [info] Frame 1568 (t = 7.84):	 total squared error = 0.157698, marker error: RMS = 0.0573182, max = 0.204088 (LBHD)
[2025-09-16 15:56:53.552] [info] Frame 1569 (t = 7.845):	 total squared error = 0.158392, marker error: RMS = 0.0574442, max = 0.205263 (LBHD)
[2025-09-16 15:56:53.565] [info] Frame 1570 (t = 7.85):	 total squared error = 0.157357, marker error: RMS = 0.0572563, max = 0.204858 (LBHD)
[2025-09-16 15:56:53.641] [info] Frame 1571 (t = 7.855):	 total squared error = 0.157457, marker error: RMS = 0.0572744, max = 0.203896 (LBHD)
[2025-09-16 15:56:53.657] [info] Frame 1572 (t = 7.86):	 total squared error = 0.156063, marker error: RMS = 0.0570202, max = 0.202763 (LBHD)
[2025-09-16 15:56:53.717] [info] Frame 1573 (t = 7.865):	 total squared error = 0.15585, marker error: RMS = 0.0569813, max = 0.202111 (LBHD)
[2025-09-16 15:56:53.732] [info] Frame 1574 (t = 7.87):	 total squared error = 0.154921, marker error: RMS = 0.0568113, max = 0.201695 (LBHD)
[2025-09-16 15:56:53.767] [info] Frame 1575 (t = 7.875):	 total squared error = 0.15582, marker error: RMS = 0.0569759, max = 0.203468 (LBHD)
[2025-09-16 15:56:53.783] [info] Frame 1576 (t = 7.88):	 total squared error = 0.154761, marker error: RMS = 0.0567819, max = 0.202301 (LBHD)
[2025-09-16 15:56:53.816] [info] Frame 1577 (t = 7.885):	 total squared error = 0.155132, marker error: RMS = 0.0568499, max = 0.202420 (LBHD)
[2025-09-16 15:56:53.832] [info] Frame 1578 (t = 7.89):	 total squared error = 0.153955, marker error: RMS = 0.0566339, max = 0.201440 (LBHD)
[2025-09-16 15:56:53.876] [info] Frame 1579 (t = 7.895):	 total squared error = 0.154849, marker error: RMS = 0.0567981, max = 0.202451 (LBHD)
[2025-09-16 15:56:53.903] [info] Frame 1580 (t = 7.9):	 total squared error = 0.156030, marker error: RMS = 0.0570142, max = 0.204120 (LBHD)
[2025-09-16 15:56:53.973] [info] Frame 1581 (t = 7.90500):	 total squared error = 0.15511, marker error: RMS = 0.056846, max = 0.203511 (LBHD)
[2025-09-16 15:56:54.037] [info] Frame 1582 (t = 7.91):	 total squared error = 0.154841, marker error: RMS = 0.0567967, max = 0.203467 (LBHD)
[2025-09-16 15:56:54.073] [info] Frame 1583 (t = 7.915):	 total squared error = 0.155265, marker error: RMS = 0.0568743, max = 0.203843 (LBHD)
[2025-09-16 15:56:54.115] [info] Frame 1584 (t = 7.92):	 total squared error = 0.155831, marker error: RMS = 0.0569779, max = 0.204132 (LBHD)
[2025-09-16 15:56:54.196] [info] Frame 1585 (t = 7.925):	 total squared error = 0.154758, marker error: RMS = 0.0567813, max = 0.204078 (LBHD)
[2025-09-16 15:56:54.231] [info] Frame 1586 (t = 7.93):	 total squared error = 0.155253, marker error: RMS = 0.056872, max = 0.203930 (LBHD)
[2025-09-16 15:56:54.280] [info] Frame 1587 (t = 7.935):	 total squared error = 0.155768, marker error: RMS = 0.0569663, max = 0.205034 (LBHD)
[2025-09-16 15:56:54.337] [info] Frame 1588 (t = 7.94):	 total squared error = 0.155484, marker error: RMS = 0.0569144, max = 0.205041 (LBHD)
[2025-09-16 15:56:54.364] [info] Frame 1589 (t = 7.945):	 total squared error = 0.155807, marker error: RMS = 0.0569735, max = 0.204766 (LBHD)
[2025-09-16 15:56:54.404] [info] Frame 1590 (t = 7.95):	 total squared error = 0.154994, marker error: RMS = 0.0568247, max = 0.204422 (LBHD)
[2025-09-16 15:56:54.435] [info] Frame 1591 (t = 7.955):	 total squared error = 0.155678, marker error: RMS = 0.0569498, max = 0.205353 (LBHD)
[2025-09-16 15:56:54.483] [info] Frame 1592 (t = 7.96):	 total squared error = 0.154783, marker error: RMS = 0.0567859, max = 0.205098 (LBHD)
[2025-09-16 15:56:54.531] [info] Frame 1593 (t = 7.965):	 total squared error = 0.15377, marker error: RMS = 0.0565999, max = 0.204160 (LBHD)
[2025-09-16 15:56:54.565] [info] Frame 1594 (t = 7.97):	 total squared error = 0.153828, marker error: RMS = 0.0566104, max = 0.204375 (LBHD)
[2025-09-16 15:56:54.609] [info] Frame 1595 (t = 7.975):	 total squared error = 0.152050, marker error: RMS = 0.0562824, max = 0.203661 (LBHD)
[2025-09-16 15:56:54.648] [info] Frame 1596 (t = 7.98):	 total squared error = 0.150789, marker error: RMS = 0.0560485, max = 0.203016 (LBHD)
[2025-09-16 15:56:54.679] [info] Frame 1597 (t = 7.985):	 total squared error = 0.151268, marker error: RMS = 0.0561374, max = 0.203800 (LBHD)
[2025-09-16 15:56:54.722] [info] Frame 1598 (t = 7.99):	 total squared error = 0.148368, marker error: RMS = 0.0555967, max = 0.201653 (LBHD)
[2025-09-16 15:56:54.773] [info] Frame 1599 (t = 7.995):	 total squared error = 0.146826, marker error: RMS = 0.0553070, max = 0.200893 (LBHD)
[2025-09-16 15:56:54.826] [info] Frame 1600 (t = 8.0):	 total squared error = 0.145624, marker error: RMS = 0.0550802, max = 0.200748 (LBHD)
[2025-09-16 15:56:54.918] [info] Frame 1601 (t = 8.00500):	 total squared error = 0.144975, marker error: RMS = 0.0549573, max = 0.199988 (LBHD)
[2025-09-16 15:56:54.967] [info] Frame 1602 (t = 8.01):	 total squared error = 0.14554, marker error: RMS = 0.0550643, max = 0.200121 (LBHD)
[2025-09-16 15:56:55.038] [info] Frame 1603 (t = 8.015):	 total squared error = 0.145209, marker error: RMS = 0.0550018, max = 0.198528 (LBHD)
[2025-09-16 15:56:55.106] [info] Frame 1604 (t = 8.02):	 total squared error = 0.144568, marker error: RMS = 0.0548801, max = 0.197275 (LBHD)
[2025-09-16 15:56:55.172] [info] Frame 1605 (t = 8.025):	 total squared error = 0.144133, marker error: RMS = 0.0547976, max = 0.197303 (LBHD)
[2025-09-16 15:56:55.242] [info] Frame 1606 (t = 8.03):	 total squared error = 0.14261, marker error: RMS = 0.0545073, max = 0.19586 (LBHD)
[2025-09-16 15:56:55.339] [info] Frame 1607 (t = 8.035):	 total squared error = 0.140128, marker error: RMS = 0.0540308, max = 0.194274 (LBHD)
[2025-09-16 15:56:55.421] [info] Frame 1608 (t = 8.04):	 total squared error = 0.137985, marker error: RMS = 0.0536162, max = 0.193907 (LBHD)
[2025-09-16 15:56:55.503] [info] Frame 1609 (t = 8.045):	 total squared error = 0.136021, marker error: RMS = 0.0532332, max = 0.192395 (LBHD)
[2025-09-16 15:56:55.577] [info] Frame 1610 (t = 8.05):	 total squared error = 0.136176, marker error: RMS = 0.0532635, max = 0.191841 (LBHD)
[2025-09-16 15:56:55.645] [info] Frame 1611 (t = 8.055):	 total squared error = 0.137118, marker error: RMS = 0.0534473, max = 0.191162 (LBHD)
[2025-09-16 15:56:55.690] [info] Frame 1612 (t = 8.06):	 total squared error = 0.141124, marker error: RMS = 0.0542225, max = 0.192897 (LBHD)
[2025-09-16 15:56:55.760] [info] Frame 1613 (t = 8.065):	 total squared error = 0.138488, marker error: RMS = 0.0537137, max = 0.190128 (LBHD)
[2025-09-16 15:56:55.818] [info] Frame 1614 (t = 8.07):	 total squared error = 0.139004, marker error: RMS = 0.0538138, max = 0.18998 (LBHD)
[2025-09-16 15:56:55.894] [info] Frame 1615 (t = 8.075):	 total squared error = 0.139859, marker error: RMS = 0.0539789, max = 0.190315 (LBHD)
[2025-09-16 15:56:55.935] [info] Frame 1616 (t = 8.08):	 total squared error = 0.14175, marker error: RMS = 0.0543428, max = 0.189765 (LBHD)
[2025-09-16 15:56:55.966] [info] Frame 1617 (t = 8.085):	 total squared error = 0.148454, marker error: RMS = 0.0556128, max = 0.193173 (LBHD)
[2025-09-16 15:56:56.039] [info] Frame 1618 (t = 8.09):	 total squared error = 0.145801, marker error: RMS = 0.0551136, max = 0.191001 (LBHD)
[2025-09-16 15:56:56.101] [info] Frame 1619 (t = 8.095):	 total squared error = 0.14752, marker error: RMS = 0.0554376, max = 0.191437 (LBHD)
[2025-09-16 15:56:56.157] [info] Frame 1620 (t = 8.1):	 total squared error = 0.148219, marker error: RMS = 0.0555688, max = 0.191844 (LBHD)
[2025-09-16 15:56:56.220] [info] Frame 1621 (t = 8.10500):	 total squared error = 0.14969, marker error: RMS = 0.0558438, max = 0.193818 (LBHD)
[2025-09-16 15:56:56.278] [info] Frame 1622 (t = 8.11):	 total squared error = 0.150589, marker error: RMS = 0.0560113, max = 0.194991 (LBHD)
[2025-09-16 15:56:56.330] [info] Frame 1623 (t = 8.115):	 total squared error = 0.152357, marker error: RMS = 0.0563392, max = 0.197070 (LBHD)
[2025-09-16 15:56:56.381] [info] Frame 1624 (t = 8.12):	 total squared error = 0.154339, marker error: RMS = 0.0567045, max = 0.199055 (LBHD)
[2025-09-16 15:56:56.461] [info] Frame 1625 (t = 8.125):	 total squared error = 0.156072, marker error: RMS = 0.0570220, max = 0.200640 (LBHD)
[2025-09-16 15:56:56.529] [info] Frame 1626 (t = 8.13):	 total squared error = 0.157918, marker error: RMS = 0.0573582, max = 0.201654 (LBHD)
[2025-09-16 15:56:56.601] [info] Frame 1627 (t = 8.135):	 total squared error = 0.160003, marker error: RMS = 0.0577355, max = 0.203762 (LBHD)
[2025-09-16 15:56:56.642] [info] Frame 1628 (t = 8.14):	 total squared error = 0.161284, marker error: RMS = 0.0579662, max = 0.203725 (LBHD)
[2025-09-16 15:56:56.660] [info] Frame 1629 (t = 8.145):	 total squared error = 0.160803, marker error: RMS = 0.0578797, max = 0.202531 (LBHD)
[2025-09-16 15:56:56.736] [info] Frame 1630 (t = 8.15):	 total squared error = 0.163733, marker error: RMS = 0.0584046, max = 0.204530 (LBHD)
[2025-09-16 15:56:56.763] [info] Frame 1631 (t = 8.155):	 total squared error = 0.163751, marker error: RMS = 0.0584079, max = 0.204114 (LBHD)
[2025-09-16 15:56:56.846] [info] Frame 1632 (t = 8.16):	 total squared error = 0.162181, marker error: RMS = 0.0581272, max = 0.202086 (LBHD)
[2025-09-16 15:56:56.935] [info] Frame 1633 (t = 8.165):	 total squared error = 0.163348, marker error: RMS = 0.058336, max = 0.202845 (LBHD)
[2025-09-16 15:56:56.995] [info] Frame 1634 (t = 8.17):	 total squared error = 0.16381, marker error: RMS = 0.0584184, max = 0.202442 (LBHD)
[2025-09-16 15:56:57.060] [info] Frame 1635 (t = 8.175):	 total squared error = 0.16293, marker error: RMS = 0.0582612, max = 0.201454 (LBHD)
[2025-09-16 15:56:57.145] [info] Frame 1636 (t = 8.18):	 total squared error = 0.162361, marker error: RMS = 0.0581594, max = 0.200644 (LBHD)
[2025-09-16 15:56:57.196] [info] Frame 1637 (t = 8.185):	 total squared error = 0.16181, marker error: RMS = 0.0580607, max = 0.200069 (LBHD)
[2025-09-16 15:56:57.249] [info] Frame 1638 (t = 8.19):	 total squared error = 0.160610, marker error: RMS = 0.0578449, max = 0.199261 (LBHD)
[2025-09-16 15:56:57.313] [info] Frame 1639 (t = 8.195):	 total squared error = 0.159141, marker error: RMS = 0.0575798, max = 0.198159 (LBHD)
[2025-09-16 15:56:57.364] [info] Frame 1640 (t = 8.2):	 total squared error = 0.157574, marker error: RMS = 0.0572957, max = 0.196996 (LBHD)
[2025-09-16 15:56:57.400] [info] Frame 1641 (t = 8.20500):	 total squared error = 0.155757, marker error: RMS = 0.0569644, max = 0.195761 (LBHD)
[2025-09-16 15:56:57.446] [info] Frame 1642 (t = 8.21):	 total squared error = 0.154603, marker error: RMS = 0.0567529, max = 0.195783 (LBHD)
[2025-09-16 15:56:57.477] [info] Frame 1643 (t = 8.215):	 total squared error = 0.153498, marker error: RMS = 0.0565498, max = 0.195888 (LBHD)
[2025-09-16 15:56:57.510] [info] Frame 1644 (t = 8.22):	 total squared error = 0.150687, marker error: RMS = 0.0560296, max = 0.193726 (LBHD)
[2025-09-16 15:56:57.540] [info] Frame 1645 (t = 8.225):	 total squared error = 0.150763, marker error: RMS = 0.0560436, max = 0.195641 (LBHD)
[2025-09-16 15:56:57.596] [info] Frame 1646 (t = 8.23):	 total squared error = 0.150111, marker error: RMS = 0.0559223, max = 0.194116 (LBHD)
[2025-09-16 15:56:57.647] [info] Frame 1647 (t = 8.235):	 total squared error = 0.150305, marker error: RMS = 0.0559584, max = 0.19631 (LBHD)
[2025-09-16 15:56:57.695] [info] Frame 1648 (t = 8.24):	 total squared error = 0.14829, marker error: RMS = 0.0555822, max = 0.194638 (LBHD)
[2025-09-16 15:56:57.730] [info] Frame 1649 (t = 8.245):	 total squared error = 0.146142, marker error: RMS = 0.0551781, max = 0.192902 (LBHD)
[2025-09-16 15:56:57.758] [info] Frame 1650 (t = 8.25):	 total squared error = 0.145297, marker error: RMS = 0.0550183, max = 0.191844 (LBHD)
[2025-09-16 15:56:57.826] [info] Frame 1651 (t = 8.255):	 total squared error = 0.146058, marker error: RMS = 0.0551623, max = 0.192134 (LBHD)
[2025-09-16 15:56:57.872] [info] Frame 1652 (t = 8.26):	 total squared error = 0.145258, marker error: RMS = 0.0550110, max = 0.191453 (LBHD)
[2025-09-16 15:56:57.913] [info] Frame 1653 (t = 8.265):	 total squared error = 0.143869, marker error: RMS = 0.0547473, max = 0.190084 (LBHD)
[2025-09-16 15:56:57.965] [info] Frame 1654 (t = 8.27):	 total squared error = 0.144563, marker error: RMS = 0.0548793, max = 0.190744 (LBHD)
[2025-09-16 15:56:58.010] [info] Frame 1655 (t = 8.275):	 total squared error = 0.142438, marker error: RMS = 0.0544743, max = 0.187744 (LBHD)
[2025-09-16 15:56:58.056] [info] Frame 1656 (t = 8.28):	 total squared error = 0.143252, marker error: RMS = 0.0546298, max = 0.188226 (LBHD)
[2025-09-16 15:56:58.104] [info] Frame 1657 (t = 8.285):	 total squared error = 0.141885, marker error: RMS = 0.0543686, max = 0.186331 (LBHD)
[2025-09-16 15:56:58.166] [info] Frame 1658 (t = 8.29):	 total squared error = 0.141601, marker error: RMS = 0.0543141, max = 0.185686 (LBHD)
[2025-09-16 15:56:58.244] [info] Frame 1659 (t = 8.295):	 total squared error = 0.141166, marker error: RMS = 0.0542306, max = 0.185004 (LBHD)
[2025-09-16 15:56:58.283] [info] Frame 1660 (t = 8.3):	 total squared error = 0.140286, marker error: RMS = 0.0540613, max = 0.184022 (LBHD)
[2025-09-16 15:56:58.333] [info] Frame 1661 (t = 8.30500):	 total squared error = 0.139662, marker error: RMS = 0.0539409, max = 0.182444 (LBHD)
[2025-09-16 15:56:58.390] [info] Frame 1662 (t = 8.31):	 total squared error = 0.140477, marker error: RMS = 0.0540981, max = 0.182693 (LBHD)
[2025-09-16 15:56:58.433] [info] Frame 1663 (t = 8.315):	 total squared error = 0.13922, marker error: RMS = 0.0538555, max = 0.181169 (LBHD)
[2025-09-16 15:56:58.468] [info] Frame 1664 (t = 8.32):	 total squared error = 0.139585, marker error: RMS = 0.0539261, max = 0.181618 (LBHD)
[2025-09-16 15:56:58.496] [info] Frame 1665 (t = 8.325):	 total squared error = 0.138139, marker error: RMS = 0.053646, max = 0.179147 (LBHD)
[2025-09-16 15:56:58.533] [info] Frame 1666 (t = 8.33):	 total squared error = 0.138432, marker error: RMS = 0.0537028, max = 0.179577 (LBHD)
[2025-09-16 15:56:58.584] [info] Frame 1667 (t = 8.335):	 total squared error = 0.13831, marker error: RMS = 0.0536792, max = 0.178506 (LBHD)
[2025-09-16 15:56:58.641] [info] Frame 1668 (t = 8.34):	 total squared error = 0.139669, marker error: RMS = 0.0539423, max = 0.179229 (LBHD)
[2025-09-16 15:56:58.701] [info] Frame 1669 (t = 8.345):	 total squared error = 0.139984, marker error: RMS = 0.0540030, max = 0.178733 (LBHD)
[2025-09-16 15:56:58.747] [info] Frame 1670 (t = 8.35):	 total squared error = 0.139657, marker error: RMS = 0.0539399, max = 0.177788 (LBHD)
[2025-09-16 15:56:58.793] [info] Frame 1671 (t = 8.355):	 total squared error = 0.140682, marker error: RMS = 0.0541375, max = 0.178566 (LBHD)
[2025-09-16 15:56:58.837] [info] Frame 1672 (t = 8.36):	 total squared error = 0.139639, marker error: RMS = 0.0539364, max = 0.177369 (LBHD)
[2025-09-16 15:56:58.888] [info] Frame 1673 (t = 8.365):	 total squared error = 0.140994, marker error: RMS = 0.0541976, max = 0.177645 (LBHD)
[2025-09-16 15:56:58.896] [info] Frame 1674 (t = 8.37):	 total squared error = 0.141571, marker error: RMS = 0.0543084, max = 0.178489 (LBHD)
[2025-09-16 15:56:58.958] [info] Frame 1675 (t = 8.375):	 total squared error = 0.141808, marker error: RMS = 0.0543538, max = 0.176989 (LBHD)
[2025-09-16 15:56:58.971] [info] Frame 1676 (t = 8.38):	 total squared error = 0.142909, marker error: RMS = 0.0545644, max = 0.178084 (LBHD)
[2025-09-16 15:56:59.047] [info] Frame 1677 (t = 8.385):	 total squared error = 0.143, marker error: RMS = 0.0545818, max = 0.176481 (LBHD)
[2025-09-16 15:56:59.059] [info] Frame 1678 (t = 8.39):	 total squared error = 0.144536, marker error: RMS = 0.0548741, max = 0.178192 (LBHD)
[2025-09-16 15:56:59.144] [info] Frame 1679 (t = 8.395):	 total squared error = 0.144495, marker error: RMS = 0.0548664, max = 0.17685 (LBHD)
[2025-09-16 15:56:59.222] [info] Frame 1680 (t = 8.4):	 total squared error = 0.14511, marker error: RMS = 0.054983, max = 0.176755 (LBHD)
[2025-09-16 15:56:59.304] [info] Frame 1681 (t = 8.40500):	 total squared error = 0.144998, marker error: RMS = 0.0549617, max = 0.175906 (LBHD)
[2025-09-16 15:56:59.354] [info] Frame 1682 (t = 8.41):	 total squared error = 0.145979, marker error: RMS = 0.0551473, max = 0.175697 (LBHD)
[2025-09-16 15:56:59.378] [info] Frame 1683 (t = 8.415):	 total squared error = 0.145471, marker error: RMS = 0.0550514, max = 0.175050 (LBHD)
[2025-09-16 15:56:59.434] [info] Frame 1684 (t = 8.42):	 total squared error = 0.147615, marker error: RMS = 0.0554555, max = 0.176175 (LBHD)
[2025-09-16 15:56:59.475] [info] Frame 1685 (t = 8.425):	 total squared error = 0.148822, marker error: RMS = 0.0556818, max = 0.176568 (LBHD)
[2025-09-16 15:56:59.552] [info] Frame 1686 (t = 8.43):	 total squared error = 0.149127, marker error: RMS = 0.0557387, max = 0.176107 (LBHD)
[2025-09-16 15:56:59.583] [info] Frame 1687 (t = 8.435):	 total squared error = 0.150247, marker error: RMS = 0.0559478, max = 0.176239 (LBHD)
[2025-09-16 15:56:59.644] [info] Frame 1688 (t = 8.44):	 total squared error = 0.151861, marker error: RMS = 0.0562474, max = 0.176919 (LBHD)
[2025-09-16 15:56:59.739] [info] Frame 1689 (t = 8.445):	 total squared error = 0.152331, marker error: RMS = 0.0563344, max = 0.176299 (LBHD)
[2025-09-16 15:56:59.799] [info] Frame 1690 (t = 8.45):	 total squared error = 0.153217, marker error: RMS = 0.0564979, max = 0.176149 (LBHD)
[2025-09-16 15:56:59.843] [info] Frame 1691 (t = 8.455):	 total squared error = 0.154687, marker error: RMS = 0.0567684, max = 0.176698 (LBHD)
[2025-09-16 15:56:59.888] [info] Frame 1692 (t = 8.46):	 total squared error = 0.155581, marker error: RMS = 0.0569322, max = 0.176461 (LBHD)
[2025-09-16 15:56:59.934] [info] Frame 1693 (t = 8.465):	 total squared error = 0.156867, marker error: RMS = 0.057167, max = 0.176643 (LBHD)
[2025-09-16 15:56:59.977] [info] Frame 1694 (t = 8.47):	 total squared error = 0.15832, marker error: RMS = 0.0574311, max = 0.177377 (LBHD)
[2025-09-16 15:57:00.024] [info] Frame 1695 (t = 8.475):	 total squared error = 0.159346, marker error: RMS = 0.0576169, max = 0.17721 (LBHD)
[2025-09-16 15:57:00.057] [info] Frame 1696 (t = 8.48):	 total squared error = 0.159769, marker error: RMS = 0.0576933, max = 0.176478 (LBHD)
[2025-09-16 15:57:00.095] [info] Frame 1697 (t = 8.485):	 total squared error = 0.161447, marker error: RMS = 0.0579956, max = 0.177259 (LBHD)
[2025-09-16 15:57:00.195] [info] Frame 1698 (t = 8.49):	 total squared error = 0.162712, marker error: RMS = 0.0582223, max = 0.177746 (LBHD)
[2025-09-16 15:57:00.270] [info] Frame 1699 (t = 8.495):	 total squared error = 0.163229, marker error: RMS = 0.0583148, max = 0.177462 (LBHD)
[2025-09-16 15:57:00.345] [info] Frame 1700 (t = 8.5):	 total squared error = 0.164030, marker error: RMS = 0.0584577, max = 0.177414 (LBHD)
[2025-09-16 15:57:00.405] [info] Frame 1701 (t = 8.50500):	 total squared error = 0.165315, marker error: RMS = 0.0586861, max = 0.178204 (LBHD)
[2025-09-16 15:57:00.487] [info] Frame 1702 (t = 8.51):	 total squared error = 0.16565, marker error: RMS = 0.0587456, max = 0.177993 (LBHD)
[2025-09-16 15:57:00.547] [info] Frame 1703 (t = 8.515):	 total squared error = 0.166261, marker error: RMS = 0.0588537, max = 0.177885 (LBHD)
[2025-09-16 15:57:00.597] [info] Frame 1704 (t = 8.52):	 total squared error = 0.16745, marker error: RMS = 0.0590638, max = 0.178545 (LBHD)
[2025-09-16 15:57:00.676] [info] Frame 1705 (t = 8.525):	 total squared error = 0.167318, marker error: RMS = 0.0590406, max = 0.177992 (LBHD)
[2025-09-16 15:57:00.736] [info] Frame 1706 (t = 8.53):	 total squared error = 0.168636, marker error: RMS = 0.0592727, max = 0.177838 (LBHD)
[2025-09-16 15:57:00.790] [info] Frame 1707 (t = 8.535):	 total squared error = 0.168133, marker error: RMS = 0.0591842, max = 0.178039 (LBHD)
[2025-09-16 15:57:00.831] [info] Frame 1708 (t = 8.54):	 total squared error = 0.168707, marker error: RMS = 0.0592851, max = 0.178203 (LBHD)
[2025-09-16 15:57:00.883] [info] Frame 1709 (t = 8.545):	 total squared error = 0.168895, marker error: RMS = 0.0593183, max = 0.178074 (LBHD)
[2025-09-16 15:57:00.921] [info] Frame 1710 (t = 8.55):	 total squared error = 0.169133, marker error: RMS = 0.0593599, max = 0.177911 (LBHD)
[2025-09-16 15:57:00.963] [info] Frame 1711 (t = 8.555):	 total squared error = 0.170251, marker error: RMS = 0.0595558, max = 0.178881 (LBHD)
[2025-09-16 15:57:01.033] [info] Frame 1712 (t = 8.56):	 total squared error = 0.170022, marker error: RMS = 0.0595158, max = 0.178056 (LBHD)
[2025-09-16 15:57:01.067] [info] Frame 1713 (t = 8.565):	 total squared error = 0.170256, marker error: RMS = 0.0595567, max = 0.17824 (LBHD)
[2025-09-16 15:57:01.115] [info] Frame 1714 (t = 8.57):	 total squared error = 0.170773, marker error: RMS = 0.0596471, max = 0.178365 (LBHD)
[2025-09-16 15:57:01.188] [info] Frame 1715 (t = 8.575):	 total squared error = 0.170671, marker error: RMS = 0.0596292, max = 0.177924 (LBHD)
[2025-09-16 15:57:01.244] [info] Frame 1716 (t = 8.58):	 total squared error = 0.171063, marker error: RMS = 0.0596976, max = 0.178094 (LBHD)
[2025-09-16 15:57:01.291] [info] Frame 1717 (t = 8.585):	 total squared error = 0.171703, marker error: RMS = 0.0598093, max = 0.178613 (LBHD)
[2025-09-16 15:57:01.379] [info] Frame 1718 (t = 8.59):	 total squared error = 0.172222, marker error: RMS = 0.0598996, max = 0.17893 (LBHD)
[2025-09-16 15:57:01.471] [info] Frame 1719 (t = 8.595):	 total squared error = 0.172224, marker error: RMS = 0.0599, max = 0.178507 (LBHD)
[2025-09-16 15:57:01.546] [info] Frame 1720 (t = 8.6):	 total squared error = 0.172588, marker error: RMS = 0.0599631, max = 0.178934 (LBHD)
[2025-09-16 15:57:01.625] [info] Frame 1721 (t = 8.60500):	 total squared error = 0.172754, marker error: RMS = 0.0599921, max = 0.178836 (LBHD)
[2025-09-16 15:57:01.772] [info] Frame 1722 (t = 8.61):	 total squared error = 0.173328, marker error: RMS = 0.0600915, max = 0.179102 (LBHD)
[2025-09-16 15:57:01.851] [info] Frame 1723 (t = 8.615):	 total squared error = 0.173544, marker error: RMS = 0.0601291, max = 0.179237 (LBHD)
[2025-09-16 15:57:01.931] [info] Frame 1724 (t = 8.62):	 total squared error = 0.173461, marker error: RMS = 0.0601147, max = 0.179012 (LBHD)
[2025-09-16 15:57:01.981] [info] Frame 1725 (t = 8.625):	 total squared error = 0.173217, marker error: RMS = 0.0600724, max = 0.178943 (LBHD)
[2025-09-16 15:57:02.047] [info] Frame 1726 (t = 8.63):	 total squared error = 0.173654, marker error: RMS = 0.0601481, max = 0.179436 (LBHD)
[2025-09-16 15:57:02.143] [info] Frame 1727 (t = 8.635):	 total squared error = 0.174090, marker error: RMS = 0.0602236, max = 0.179653 (RBHD)
[2025-09-16 15:57:02.207] [info] Frame 1728 (t = 8.64):	 total squared error = 0.173934, marker error: RMS = 0.0601966, max = 0.179715 (RBHD)
[2025-09-16 15:57:02.273] [info] Frame 1729 (t = 8.645):	 total squared error = 0.174208, marker error: RMS = 0.0602440, max = 0.180038 (RBHD)
[2025-09-16 15:57:02.331] [info] Frame 1730 (t = 8.65):	 total squared error = 0.174457, marker error: RMS = 0.0602869, max = 0.180359 (RBHD)
[2025-09-16 15:57:02.477] [info] Frame 1731 (t = 8.655):	 total squared error = 0.173041, marker error: RMS = 0.0600418, max = 0.178292 (LBHD)
[2025-09-16 15:57:02.554] [info] Frame 1732 (t = 8.66):	 total squared error = 0.173346, marker error: RMS = 0.0600947, max = 0.178785 (RBHD)
[2025-09-16 15:57:02.618] [info] Frame 1733 (t = 8.665):	 total squared error = 0.173395, marker error: RMS = 0.0601032, max = 0.179239 (RBHD)
[2025-09-16 15:57:02.733] [info] Frame 1734 (t = 8.67):	 total squared error = 0.174244, marker error: RMS = 0.0602501, max = 0.180253 (RBHD)
[2025-09-16 15:57:02.798] [info] Frame 1735 (t = 8.675):	 total squared error = 0.173838, marker error: RMS = 0.0601799, max = 0.179611 (RBHD)
[2025-09-16 15:57:02.869] [info] Frame 1736 (t = 8.68):	 total squared error = 0.173869, marker error: RMS = 0.0601853, max = 0.179891 (RBHD)
[2025-09-16 15:57:02.979] [info] Frame 1737 (t = 8.685):	 total squared error = 0.174597, marker error: RMS = 0.0603113, max = 0.179019 (RBHD)
[2025-09-16 15:57:02.998] [info] Frame 1738 (t = 8.69):	 total squared error = 0.173263, marker error: RMS = 0.0600803, max = 0.178678 (RBHD)
[2025-09-16 15:57:03.073] [info] Frame 1739 (t = 8.695):	 total squared error = 0.173345, marker error: RMS = 0.0600946, max = 0.178708 (RBHD)
[2025-09-16 15:57:03.149] [info] Frame 1740 (t = 8.7):	 total squared error = 0.172908, marker error: RMS = 0.0600187, max = 0.178425 (RBHD)
[2025-09-16 15:57:03.257] [info] Frame 1741 (t = 8.70500):	 total squared error = 0.173009, marker error: RMS = 0.0600363, max = 0.178379 (RBHD)
[2025-09-16 15:57:03.322] [info] Frame 1742 (t = 8.71):	 total squared error = 0.1728, marker error: RMS = 0.06, max = 0.178513 (RBHD)
[2025-09-16 15:57:03.394] [info] Frame 1743 (t = 8.715):	 total squared error = 0.172816, marker error: RMS = 0.0600027, max = 0.178602 (RBHD)
[2025-09-16 15:57:03.453] [info] Frame 1744 (t = 8.72):	 total squared error = 0.172727, marker error: RMS = 0.0599873, max = 0.178567 (RBHD)
[2025-09-16 15:57:03.537] [info] Frame 1745 (t = 8.725):	 total squared error = 0.17322, marker error: RMS = 0.0600729, max = 0.179024 (RBHD)
[2025-09-16 15:57:03.610] [info] Frame 1746 (t = 8.73):	 total squared error = 0.172843, marker error: RMS = 0.0600074, max = 0.178376 (RBHD)
[2025-09-16 15:57:03.673] [info] Frame 1747 (t = 8.735):	 total squared error = 0.172455, marker error: RMS = 0.0599401, max = 0.178078 (RBHD)
[2025-09-16 15:57:03.735] [info] Frame 1748 (t = 8.74):	 total squared error = 0.172668, marker error: RMS = 0.0599771, max = 0.178325 (RBHD)
[2025-09-16 15:57:03.800] [info] Frame 1749 (t = 8.745):	 total squared error = 0.172765, marker error: RMS = 0.0599939, max = 0.178639 (RBHD)
[2025-09-16 15:57:03.847] [info] Frame 1750 (t = 8.75):	 total squared error = 0.172702, marker error: RMS = 0.059983, max = 0.178331 (RBHD)
[2025-09-16 15:57:03.931] [info] Frame 1751 (t = 8.755):	 total squared error = 0.17277, marker error: RMS = 0.0599948, max = 0.178377 (RBHD)
[2025-09-16 15:57:03.988] [info] Frame 1752 (t = 8.76):	 total squared error = 0.172588, marker error: RMS = 0.0599632, max = 0.178112 (RBHD)
[2025-09-16 15:57:04.036] [info] Frame 1753 (t = 8.765):	 total squared error = 0.172883, marker error: RMS = 0.0600145, max = 0.178737 (RBHD)
[2025-09-16 15:57:04.098] [info] Frame 1754 (t = 8.77):	 total squared error = 0.172807, marker error: RMS = 0.0600013, max = 0.178041 (RBHD)
[2025-09-16 15:57:04.145] [info] Frame 1755 (t = 8.775):	 total squared error = 0.172783, marker error: RMS = 0.0599971, max = 0.177971 (RBHD)
[2025-09-16 15:57:04.203] [info] Frame 1756 (t = 8.78):	 total squared error = 0.172826, marker error: RMS = 0.0600044, max = 0.17764 (LBHD)
[2025-09-16 15:57:04.286] [info] Frame 1757 (t = 8.785):	 total squared error = 0.17282, marker error: RMS = 0.0600035, max = 0.177794 (LBHD)
[2025-09-16 15:57:04.341] [info] Frame 1758 (t = 8.79):	 total squared error = 0.172652, marker error: RMS = 0.0599742, max = 0.177616 (LBHD)
[2025-09-16 15:57:04.392] [info] Frame 1759 (t = 8.795):	 total squared error = 0.173025, marker error: RMS = 0.0600391, max = 0.178065 (LBHD)
[2025-09-16 15:57:04.461] [info] Frame 1760 (t = 8.8):	 total squared error = 0.172678, marker error: RMS = 0.0599789, max = 0.17771 (LBHD)
[2025-09-16 15:57:04.514] [info] Frame 1761 (t = 8.80500):	 total squared error = 0.172512, marker error: RMS = 0.0599499, max = 0.177452 (LBHD)
[2025-09-16 15:57:04.582] [info] Frame 1762 (t = 8.81):	 total squared error = 0.172887, marker error: RMS = 0.0600151, max = 0.177736 (LBHD)
[2025-09-16 15:57:04.630] [info] Frame 1763 (t = 8.815):	 total squared error = 0.172777, marker error: RMS = 0.059996, max = 0.177711 (LBHD)
[2025-09-16 15:57:04.674] [info] Frame 1764 (t = 8.82):	 total squared error = 0.172778, marker error: RMS = 0.0599962, max = 0.177682 (LBHD)
[2025-09-16 15:57:04.723] [info] Frame 1765 (t = 8.825):	 total squared error = 0.172359, marker error: RMS = 0.0599233, max = 0.177218 (LBHD)
[2025-09-16 15:57:04.808] [info] Frame 1766 (t = 8.83):	 total squared error = 0.172837, marker error: RMS = 0.0600064, max = 0.177534 (LBHD)
[2025-09-16 15:57:04.861] [info] Frame 1767 (t = 8.835):	 total squared error = 0.172348, marker error: RMS = 0.0599215, max = 0.177072 (LBHD)
[2025-09-16 15:57:04.913] [info] Frame 1768 (t = 8.84):	 total squared error = 0.17195, marker error: RMS = 0.0598523, max = 0.176688 (LBHD)
[2025-09-16 15:57:04.987] [info] Frame 1769 (t = 8.845):	 total squared error = 0.172469, marker error: RMS = 0.0599425, max = 0.177259 (LBHD)
[2025-09-16 15:57:05.041] [info] Frame 1770 (t = 8.85):	 total squared error = 0.172131, marker error: RMS = 0.0598837, max = 0.176886 (LBHD)
[2025-09-16 15:57:05.093] [info] Frame 1771 (t = 8.855):	 total squared error = 0.172119, marker error: RMS = 0.0598817, max = 0.176918 (LBHD)
[2025-09-16 15:57:05.171] [info] Frame 1772 (t = 8.86):	 total squared error = 0.17198, marker error: RMS = 0.0598575, max = 0.17663 (LBHD)
[2025-09-16 15:57:05.256] [info] Frame 1773 (t = 8.865):	 total squared error = 0.172122, marker error: RMS = 0.0598821, max = 0.175536 (LBHD)
[2025-09-16 15:57:05.354] [info] Frame 1774 (t = 8.87):	 total squared error = 0.172287, marker error: RMS = 0.0599109, max = 0.176613 (LBHD)
[2025-09-16 15:57:05.430] [info] Frame 1775 (t = 8.875):	 total squared error = 0.172035, marker error: RMS = 0.059867, max = 0.176737 (LBHD)
[2025-09-16 15:57:05.467] [info] Frame 1776 (t = 8.88):	 total squared error = 0.171732, marker error: RMS = 0.0598143, max = 0.176181 (LBHD)
[2025-09-16 15:57:05.543] [info] Frame 1777 (t = 8.885):	 total squared error = 0.172484, marker error: RMS = 0.0599451, max = 0.17713 (LBHD)
[2025-09-16 15:57:05.641] [info] Frame 1778 (t = 8.89):	 total squared error = 0.172499, marker error: RMS = 0.0599478, max = 0.176876 (LBHD)
[2025-09-16 15:57:05.728] [info] Frame 1779 (t = 8.895):	 total squared error = 0.172307, marker error: RMS = 0.0599144, max = 0.17665 (LBHD)
[2025-09-16 15:57:05.793] [info] Frame 1780 (t = 8.9):	 total squared error = 0.173193, marker error: RMS = 0.0600682, max = 0.177441 (LBHD)
[2025-09-16 15:57:05.871] [info] Frame 1781 (t = 8.90500):	 total squared error = 0.172875, marker error: RMS = 0.0600130, max = 0.177030 (LBHD)
[2025-09-16 15:57:05.971] [info] Frame 1782 (t = 8.91):	 total squared error = 0.172665, marker error: RMS = 0.0599765, max = 0.176638 (LBHD)
[2025-09-16 15:57:06.021] [info] Frame 1783 (t = 8.915):	 total squared error = 0.172527, marker error: RMS = 0.0599526, max = 0.176529 (LBHD)
[2025-09-16 15:57:06.128] [info] Frame 1784 (t = 8.92):	 total squared error = 0.171386, marker error: RMS = 0.059754, max = 0.175282 (LBHD)
[2025-09-16 15:57:06.185] [info] Frame 1785 (t = 8.925):	 total squared error = 0.172037, marker error: RMS = 0.0598674, max = 0.176029 (LBHD)
[2025-09-16 15:57:06.271] [info] Frame 1786 (t = 8.93):	 total squared error = 0.172129, marker error: RMS = 0.0598834, max = 0.176181 (LBHD)
[2025-09-16 15:57:06.321] [info] Frame 1787 (t = 8.935):	 total squared error = 0.172408, marker error: RMS = 0.0599319, max = 0.176337 (LBHD)
[2025-09-16 15:57:06.373] [info] Frame 1788 (t = 8.94):	 total squared error = 0.173138, marker error: RMS = 0.0600587, max = 0.177323 (LBHD)
[2025-09-16 15:57:06.455] [info] Frame 1789 (t = 8.945):	 total squared error = 0.172288, marker error: RMS = 0.059911, max = 0.176068 (LBHD)
[2025-09-16 15:57:06.560] [info] Frame 1790 (t = 8.95):	 total squared error = 0.172249, marker error: RMS = 0.0599043, max = 0.176236 (LBHD)
[2025-09-16 15:57:06.683] [info] Frame 1791 (t = 8.955):	 total squared error = 0.17233, marker error: RMS = 0.0599184, max = 0.1758 (LBHD)
[2025-09-16 15:57:06.826] [info] Frame 1792 (t = 8.96):	 total squared error = 0.172496, marker error: RMS = 0.0599473, max = 0.176014 (LBHD)
[2025-09-16 15:57:06.909] [info] Frame 1793 (t = 8.965):	 total squared error = 0.172744, marker error: RMS = 0.0599903, max = 0.176601 (LBHD)
[2025-09-16 15:57:07.008] [info] Frame 1794 (t = 8.97):	 total squared error = 0.172971, marker error: RMS = 0.0600297, max = 0.176595 (LBHD)
[2025-09-16 15:57:07.144] [info] Frame 1795 (t = 8.975):	 total squared error = 0.171524, marker error: RMS = 0.059778, max = 0.174918 (LBHD)
[2025-09-16 15:57:07.242] [info] Frame 1796 (t = 8.98):	 total squared error = 0.172368, marker error: RMS = 0.0599249, max = 0.175943 (LBHD)
[2025-09-16 15:57:07.313] [info] Frame 1797 (t = 8.985):	 total squared error = 0.172372, marker error: RMS = 0.0599257, max = 0.176495 (LBHD)
[2025-09-16 15:57:07.433] [info] Frame 1798 (t = 8.99):	 total squared error = 0.172645, marker error: RMS = 0.0599731, max = 0.176764 (LBHD)
[2025-09-16 15:57:07.552] [info] Frame 1799 (t = 8.995):	 total squared error = 0.172618, marker error: RMS = 0.0599684, max = 0.176539 (LBHD)
[2025-09-16 15:57:07.605] [info] Frame 1800 (t = 9.0):	 total squared error = 0.172489, marker error: RMS = 0.0599459, max = 0.176672 (LBHD)
[2025-09-16 15:57:07.699] [info] Frame 1801 (t = 9.00500):	 total squared error = 0.172691, marker error: RMS = 0.0599811, max = 0.176896 (LBHD)
[2025-09-16 15:57:07.768] [info] Frame 1802 (t = 9.01):	 total squared error = 0.172864, marker error: RMS = 0.0600110, max = 0.177123 (LBHD)
[2025-09-16 15:57:07.898] [info] Frame 1803 (t = 9.015):	 total squared error = 0.172603, marker error: RMS = 0.0599658, max = 0.176753 (LBHD)
[2025-09-16 15:57:08.037] [info] Frame 1804 (t = 9.02):	 total squared error = 0.172338, marker error: RMS = 0.0599198, max = 0.17658 (LBHD)
[2025-09-16 15:57:08.153] [info] Frame 1805 (t = 9.025):	 total squared error = 0.172448, marker error: RMS = 0.0599389, max = 0.176861 (LBHD)
[2025-09-16 15:57:08.271] [info] Frame 1806 (t = 9.03):	 total squared error = 0.172551, marker error: RMS = 0.0599567, max = 0.176908 (LBHD)
[2025-09-16 15:57:08.407] [info] Frame 1807 (t = 9.035):	 total squared error = 0.171659, marker error: RMS = 0.0598016, max = 0.175771 (LBHD)
[2025-09-16 15:57:08.523] [info] Frame 1808 (t = 9.04):	 total squared error = 0.17236, marker error: RMS = 0.0599236, max = 0.176862 (LBHD)
[2025-09-16 15:57:08.614] [info] Frame 1809 (t = 9.045):	 total squared error = 0.172936, marker error: RMS = 0.0600237, max = 0.177206 (LBHD)
[2025-09-16 15:57:08.755] [info] Frame 1810 (t = 9.05):	 total squared error = 0.172086, marker error: RMS = 0.0598759, max = 0.17624 (LBHD)
[2025-09-16 15:57:08.886] [info] Frame 1811 (t = 9.055):	 total squared error = 0.172385, marker error: RMS = 0.0599279, max = 0.176505 (LBHD)
[2025-09-16 15:57:08.963] [info] Frame 1812 (t = 9.06):	 total squared error = 0.173001, marker error: RMS = 0.0600349, max = 0.177316 (LBHD)
[2025-09-16 15:57:09.050] [info] Frame 1813 (t = 9.065):	 total squared error = 0.172515, marker error: RMS = 0.0599505, max = 0.176736 (LBHD)
[2025-09-16 15:57:09.178] [info] Frame 1814 (t = 9.07):	 total squared error = 0.172757, marker error: RMS = 0.0599926, max = 0.177012 (LBHD)
[2025-09-16 15:57:09.283] [info] Frame 1815 (t = 9.075):	 total squared error = 0.172778, marker error: RMS = 0.0599961, max = 0.177049 (LBHD)
[2025-09-16 15:57:09.417] [info] Frame 1816 (t = 9.08):	 total squared error = 0.17237, marker error: RMS = 0.0599254, max = 0.176432 (LBHD)
[2025-09-16 15:57:09.489] [info] Frame 1817 (t = 9.085):	 total squared error = 0.172455, marker error: RMS = 0.0599401, max = 0.176554 (LBHD)
[2025-09-16 15:57:09.609] [info] Frame 1818 (t = 9.09):	 total squared error = 0.172792, marker error: RMS = 0.0599986, max = 0.176871 (LBHD)
[2025-09-16 15:57:09.705] [info] Frame 1819 (t = 9.095):	 total squared error = 0.172422, marker error: RMS = 0.0599343, max = 0.176487 (LBHD)
[2025-09-16 15:57:09.788] [info] Frame 1820 (t = 9.1):	 total squared error = 0.172759, marker error: RMS = 0.0599928, max = 0.175456 (LBHD)
[2025-09-16 15:57:09.851] [info] Frame 1821 (t = 9.10500):	 total squared error = 0.173009, marker error: RMS = 0.0600362, max = 0.177371 (LBHD)
[2025-09-16 15:57:09.926] [info] Frame 1822 (t = 9.11):	 total squared error = 0.172529, marker error: RMS = 0.059953, max = 0.175391 (LBHD)
[2025-09-16 15:57:10.056] [info] Frame 1823 (t = 9.115):	 total squared error = 0.172882, marker error: RMS = 0.0600142, max = 0.176353 (LBHD)
[2025-09-16 15:57:10.164] [info] Frame 1824 (t = 9.12):	 total squared error = 0.173022, marker error: RMS = 0.0600386, max = 0.17638 (LBHD)
[2025-09-16 15:57:10.273] [info] Frame 1825 (t = 9.125):	 total squared error = 0.172815, marker error: RMS = 0.0600026, max = 0.175918 (LBHD)
[2025-09-16 15:57:10.377] [info] Frame 1826 (t = 9.13):	 total squared error = 0.172764, marker error: RMS = 0.0599937, max = 0.176438 (LBHD)
[2025-09-16 15:57:10.480] [info] Frame 1827 (t = 9.135):	 total squared error = 0.172809, marker error: RMS = 0.0600016, max = 0.176488 (LBHD)
[2025-09-16 15:57:10.586] [info] Frame 1828 (t = 9.14):	 total squared error = 0.172837, marker error: RMS = 0.0600064, max = 0.17662 (LBHD)
[2025-09-16 15:57:10.688] [info] Frame 1829 (t = 9.145):	 total squared error = 0.173002, marker error: RMS = 0.0600351, max = 0.176771 (LBHD)
[2025-09-16 15:57:10.776] [info] Frame 1830 (t = 9.15):	 total squared error = 0.172892, marker error: RMS = 0.0600159, max = 0.177551 (LBHD)
[2025-09-16 15:57:10.840] [info] Frame 1831 (t = 9.155):	 total squared error = 0.172846, marker error: RMS = 0.0600080, max = 0.176216 (LBHD)
[2025-09-16 15:57:10.947] [info] Frame 1832 (t = 9.16):	 total squared error = 0.172648, marker error: RMS = 0.0599736, max = 0.176585 (LBHD)
[2025-09-16 15:57:11.040] [info] Frame 1833 (t = 9.165):	 total squared error = 0.17291, marker error: RMS = 0.0600190, max = 0.176814 (LBHD)
[2025-09-16 15:57:11.162] [info] Frame 1834 (t = 9.17):	 total squared error = 0.17276, marker error: RMS = 0.059993, max = 0.176626 (LBHD)
[2025-09-16 15:57:11.217] [info] Frame 1835 (t = 9.175):	 total squared error = 0.172729, marker error: RMS = 0.0599878, max = 0.17659 (LBHD)
[2025-09-16 15:57:11.296] [info] Frame 1836 (t = 9.18):	 total squared error = 0.172997, marker error: RMS = 0.0600341, max = 0.176968 (LBHD)
[2025-09-16 15:57:11.374] [info] Frame 1837 (t = 9.185):	 total squared error = 0.172926, marker error: RMS = 0.0600218, max = 0.176946 (LBHD)
[2025-09-16 15:57:11.450] [info] Frame 1838 (t = 9.19):	 total squared error = 0.172999, marker error: RMS = 0.0600345, max = 0.176939 (LBHD)
[2025-09-16 15:57:11.538] [info] Frame 1839 (t = 9.195):	 total squared error = 0.172966, marker error: RMS = 0.0600288, max = 0.177115 (LBHD)
[2025-09-16 15:57:11.620] [info] Frame 1840 (t = 9.2):	 total squared error = 0.172711, marker error: RMS = 0.0599845, max = 0.177632 (LBHD)
[2025-09-16 15:57:11.684] [info] Frame 1841 (t = 9.20500):	 total squared error = 0.173031, marker error: RMS = 0.0600402, max = 0.177261 (LBHD)
[2025-09-16 15:57:11.776] [info] Frame 1842 (t = 9.21):	 total squared error = 0.171915, marker error: RMS = 0.0598462, max = 0.176093 (LBHD)
[2025-09-16 15:57:11.852] [info] Frame 1843 (t = 9.215):	 total squared error = 0.172304, marker error: RMS = 0.0599137, max = 0.177232 (LBHD)
[2025-09-16 15:57:11.936] [info] Frame 1844 (t = 9.22):	 total squared error = 0.172542, marker error: RMS = 0.0599552, max = 0.177473 (LBHD)
[2025-09-16 15:57:11.988] [info] Frame 1845 (t = 9.225):	 total squared error = 0.172966, marker error: RMS = 0.0600288, max = 0.177151 (LBHD)
[2025-09-16 15:57:12.061] [info] Frame 1846 (t = 9.23):	 total squared error = 0.172879, marker error: RMS = 0.0600138, max = 0.177873 (LBHD)
[2025-09-16 15:57:12.170] [info] Frame 1847 (t = 9.235):	 total squared error = 0.172153, marker error: RMS = 0.0598875, max = 0.176967 (LBHD)
[2025-09-16 15:57:12.235] [info] Frame 1848 (t = 9.24):	 total squared error = 0.172457, marker error: RMS = 0.0599403, max = 0.177386 (LBHD)
[2025-09-16 15:57:12.302] [info] Frame 1849 (t = 9.245):	 total squared error = 0.172689, marker error: RMS = 0.0599807, max = 0.176804 (LBHD)
[2025-09-16 15:57:12.359] [info] Frame 1850 (t = 9.25):	 total squared error = 0.172722, marker error: RMS = 0.0599865, max = 0.176804 (LBHD)
[2025-09-16 15:57:12.406] [info] Frame 1851 (t = 9.255):	 total squared error = 0.173195, marker error: RMS = 0.0600685, max = 0.177363 (LBHD)
[2025-09-16 15:57:12.501] [info] Frame 1852 (t = 9.26):	 total squared error = 0.173037, marker error: RMS = 0.0600411, max = 0.1772 (LBHD)
[2025-09-16 15:57:12.586] [info] Frame 1853 (t = 9.265):	 total squared error = 0.172604, marker error: RMS = 0.059966, max = 0.176965 (LBHD)
[2025-09-16 15:57:12.664] [info] Frame 1854 (t = 9.27):	 total squared error = 0.172475, marker error: RMS = 0.0599436, max = 0.176776 (LBHD)
[2025-09-16 15:57:12.716] [info] Frame 1855 (t = 9.275):	 total squared error = 0.172664, marker error: RMS = 0.0599763, max = 0.177042 (LBHD)
[2025-09-16 15:57:12.782] [info] Frame 1856 (t = 9.28):	 total squared error = 0.172935, marker error: RMS = 0.0600235, max = 0.177316 (LBHD)
[2025-09-16 15:57:12.832] [info] Frame 1857 (t = 9.285):	 total squared error = 0.172687, marker error: RMS = 0.0599803, max = 0.177879 (LBHD)
[2025-09-16 15:57:12.938] [info] Frame 1858 (t = 9.29):	 total squared error = 0.171738, marker error: RMS = 0.0598153, max = 0.176086 (LBHD)
[2025-09-16 15:57:13.038] [info] Frame 1859 (t = 9.295):	 total squared error = 0.172408, marker error: RMS = 0.059932, max = 0.176827 (LBHD)
[2025-09-16 15:57:13.118] [info] Frame 1860 (t = 9.3):	 total squared error = 0.172058, marker error: RMS = 0.059871, max = 0.177505 (LBHD)
[2025-09-16 15:57:13.209] [info] Frame 1861 (t = 9.30500):	 total squared error = 0.172491, marker error: RMS = 0.0599463, max = 0.177088 (LBHD)
[2025-09-16 15:57:13.251] [info] Frame 1862 (t = 9.31):	 total squared error = 0.17257, marker error: RMS = 0.05996, max = 0.177101 (LBHD)
[2025-09-16 15:57:13.330] [info] Frame 1863 (t = 9.315):	 total squared error = 0.172453, marker error: RMS = 0.0599397, max = 0.177828 (LBHD)
[2025-09-16 15:57:13.376] [info] Frame 1864 (t = 9.32):	 total squared error = 0.173045, marker error: RMS = 0.0600425, max = 0.178259 (LBHD)
[2025-09-16 15:57:13.452] [info] Frame 1865 (t = 9.325):	 total squared error = 0.172714, marker error: RMS = 0.0599851, max = 0.178041 (LBHD)
[2025-09-16 15:57:13.538] [info] Frame 1866 (t = 9.33):	 total squared error = 0.172535, marker error: RMS = 0.059954, max = 0.177985 (LBHD)
[2025-09-16 15:57:13.614] [info] Frame 1867 (t = 9.335):	 total squared error = 0.172469, marker error: RMS = 0.0599425, max = 0.177791 (LBHD)
[2025-09-16 15:57:13.705] [info] Frame 1868 (t = 9.34):	 total squared error = 0.172174, marker error: RMS = 0.0598912, max = 0.177494 (LBHD)
[2025-09-16 15:57:13.777] [info] Frame 1869 (t = 9.345):	 total squared error = 0.172298, marker error: RMS = 0.0599128, max = 0.177559 (LBHD)
[2025-09-16 15:57:13.859] [info] Frame 1870 (t = 9.35):	 total squared error = 0.171947, marker error: RMS = 0.0598518, max = 0.1772 (LBHD)
[2025-09-16 15:57:13.919] [info] Frame 1871 (t = 9.355):	 total squared error = 0.172019, marker error: RMS = 0.0598643, max = 0.177402 (LBHD)
[2025-09-16 15:57:14.000] [info] Frame 1872 (t = 9.36):	 total squared error = 0.172163, marker error: RMS = 0.0598893, max = 0.17788 (LBHD)
[2025-09-16 15:57:14.060] [info] Frame 1873 (t = 9.365):	 total squared error = 0.172346, marker error: RMS = 0.0599211, max = 0.17777 (LBHD)
[2025-09-16 15:57:14.159] [info] Frame 1874 (t = 9.37):	 total squared error = 0.172154, marker error: RMS = 0.0598877, max = 0.177549 (LBHD)
[2025-09-16 15:57:14.212] [info] Frame 1875 (t = 9.375):	 total squared error = 0.172202, marker error: RMS = 0.0598961, max = 0.177756 (LBHD)
[2025-09-16 15:57:14.292] [info] Frame 1876 (t = 9.38):	 total squared error = 0.172588, marker error: RMS = 0.0599631, max = 0.178328 (LBHD)
[2025-09-16 15:57:14.364] [info] Frame 1877 (t = 9.385):	 total squared error = 0.172398, marker error: RMS = 0.0599301, max = 0.177938 (LBHD)
[2025-09-16 15:57:14.461] [info] Frame 1878 (t = 9.39):	 total squared error = 0.17255, marker error: RMS = 0.0599566, max = 0.178264 (LBHD)
[2025-09-16 15:57:14.548] [info] Frame 1879 (t = 9.395):	 total squared error = 0.17248, marker error: RMS = 0.0599444, max = 0.178135 (LBHD)
[2025-09-16 15:57:14.619] [info] Frame 1880 (t = 9.4):	 total squared error = 0.172169, marker error: RMS = 0.0598903, max = 0.177676 (LBHD)
[2025-09-16 15:57:14.695] [info] Frame 1881 (t = 9.40500):	 total squared error = 0.172167, marker error: RMS = 0.05989, max = 0.17785 (LBHD)
[2025-09-16 15:57:14.810] [info] Frame 1882 (t = 9.41):	 total squared error = 0.171903, marker error: RMS = 0.0598441, max = 0.177568 (LBHD)
[2025-09-16 15:57:14.912] [info] Frame 1883 (t = 9.415):	 total squared error = 0.171852, marker error: RMS = 0.0598352, max = 0.177733 (LBHD)
[2025-09-16 15:57:15.015] [info] Frame 1884 (t = 9.42):	 total squared error = 0.17186, marker error: RMS = 0.0598366, max = 0.177491 (LBHD)
[2025-09-16 15:57:15.086] [info] Frame 1885 (t = 9.425):	 total squared error = 0.171745, marker error: RMS = 0.0598165, max = 0.177502 (LBHD)
[2025-09-16 15:57:15.215] [info] Frame 1886 (t = 9.43):	 total squared error = 0.171861, marker error: RMS = 0.0598368, max = 0.17767 (LBHD)
[2025-09-16 15:57:15.276] [info] Frame 1887 (t = 9.435):	 total squared error = 0.171752, marker error: RMS = 0.0598178, max = 0.177641 (LBHD)
[2025-09-16 15:57:15.343] [info] Frame 1888 (t = 9.44):	 total squared error = 0.171871, marker error: RMS = 0.0598385, max = 0.177964 (LBHD)
[2025-09-16 15:57:15.448] [info] Frame 1889 (t = 9.445):	 total squared error = 0.171967, marker error: RMS = 0.0598552, max = 0.177953 (LBHD)
[2025-09-16 15:57:15.572] [info] Frame 1890 (t = 9.45):	 total squared error = 0.17186, marker error: RMS = 0.0598367, max = 0.17793 (LBHD)
[2025-09-16 15:57:15.626] [info] Frame 1891 (t = 9.455):	 total squared error = 0.171732, marker error: RMS = 0.0598143, max = 0.177852 (LBHD)
[2025-09-16 15:57:15.739] [info] Frame 1892 (t = 9.46):	 total squared error = 0.171817, marker error: RMS = 0.0598291, max = 0.177852 (LBHD)
[2025-09-16 15:57:15.826] [info] Frame 1893 (t = 9.465):	 total squared error = 0.172068, marker error: RMS = 0.0598729, max = 0.178064 (LBHD)
[2025-09-16 15:57:15.936] [info] Frame 1894 (t = 9.47):	 total squared error = 0.171913, marker error: RMS = 0.0598458, max = 0.177996 (LBHD)
[2025-09-16 15:57:15.989] [info] Frame 1895 (t = 9.475):	 total squared error = 0.171704, marker error: RMS = 0.0598093, max = 0.177755 (LBHD)
[2025-09-16 15:57:16.071] [info] Frame 1896 (t = 9.48):	 total squared error = 0.172126, marker error: RMS = 0.0598829, max = 0.178057 (LBHD)
[2025-09-16 15:57:16.148] [info] Frame 1897 (t = 9.485):	 total squared error = 0.171843, marker error: RMS = 0.0598336, max = 0.177856 (LBHD)
[2025-09-16 15:57:16.261] [info] Frame 1898 (t = 9.49):	 total squared error = 0.171677, marker error: RMS = 0.0598048, max = 0.17764 (LBHD)
[2025-09-16 15:57:16.367] [info] Frame 1899 (t = 9.495):	 total squared error = 0.171248, marker error: RMS = 0.05973, max = 0.177281 (LBHD)
[2025-09-16 15:57:16.439] [info] Frame 1900 (t = 9.5):	 total squared error = 0.172090, marker error: RMS = 0.0598766, max = 0.178028 (LBHD)
[2025-09-16 15:57:16.518] [info] Frame 1901 (t = 9.50500):	 total squared error = 0.17166, marker error: RMS = 0.0598017, max = 0.177596 (LBHD)
[2025-09-16 15:57:16.565] [info] Frame 1902 (t = 9.51):	 total squared error = 0.171221, marker error: RMS = 0.0597253, max = 0.177332 (LBHD)
[2025-09-16 15:57:16.671] [info] Frame 1903 (t = 9.515):	 total squared error = 0.171856, marker error: RMS = 0.059836, max = 0.178091 (LBHD)
[2025-09-16 15:57:16.780] [info] Frame 1904 (t = 9.52):	 total squared error = 0.171806, marker error: RMS = 0.0598272, max = 0.177772 (LBHD)
[2025-09-16 15:57:16.905] [info] Frame 1905 (t = 9.525):	 total squared error = 0.171517, marker error: RMS = 0.0597768, max = 0.177369 (LBHD)
[2025-09-16 15:57:16.986] [info] Frame 1906 (t = 9.53):	 total squared error = 0.171875, marker error: RMS = 0.0598393, max = 0.177207 (LBHD)
[2025-09-16 15:57:17.089] [info] Frame 1907 (t = 9.535):	 total squared error = 0.171508, marker error: RMS = 0.0597753, max = 0.177463 (LBHD)
[2025-09-16 15:57:17.197] [info] Frame 1908 (t = 9.54):	 total squared error = 0.171751, marker error: RMS = 0.0598176, max = 0.177655 (LBHD)
[2025-09-16 15:57:17.316] [info] Frame 1909 (t = 9.545):	 total squared error = 0.171393, marker error: RMS = 0.0597553, max = 0.176798 (LBHD)
[2025-09-16 15:57:17.403] [info] Frame 1910 (t = 9.55):	 total squared error = 0.171227, marker error: RMS = 0.0597263, max = 0.177083 (LBHD)
[2025-09-16 15:57:17.495] [info] Frame 1911 (t = 9.555):	 total squared error = 0.171321, marker error: RMS = 0.0597426, max = 0.177159 (LBHD)
[2025-09-16 15:57:17.599] [info] Frame 1912 (t = 9.56):	 total squared error = 0.171347, marker error: RMS = 0.0597473, max = 0.177338 (LBHD)
[2025-09-16 15:57:17.695] [info] Frame 1913 (t = 9.565):	 total squared error = 0.171151, marker error: RMS = 0.059713, max = 0.177050 (LBHD)
[2025-09-16 15:57:17.803] [info] Frame 1914 (t = 9.57):	 total squared error = 0.171261, marker error: RMS = 0.0597323, max = 0.177406 (LBHD)
[2025-09-16 15:57:17.892] [info] Frame 1915 (t = 9.575):	 total squared error = 0.17154, marker error: RMS = 0.0597809, max = 0.177701 (LBHD)
[2025-09-16 15:57:17.980] [info] Frame 1916 (t = 9.58):	 total squared error = 0.171208, marker error: RMS = 0.0597229, max = 0.177354 (LBHD)
[2025-09-16 15:57:18.107] [info] Frame 1917 (t = 9.585):	 total squared error = 0.170417, marker error: RMS = 0.0595848, max = 0.176551 (LBHD)
[2025-09-16 15:57:18.168] [info] Frame 1918 (t = 9.59):	 total squared error = 0.171019, marker error: RMS = 0.0596899, max = 0.177226 (LBHD)
[2025-09-16 15:57:18.275] [info] Frame 1919 (t = 9.595):	 total squared error = 0.171029, marker error: RMS = 0.0596918, max = 0.177295 (LBHD)
[2025-09-16 15:57:18.376] [info] Frame 1920 (t = 9.6):	 total squared error = 0.171088, marker error: RMS = 0.0597020, max = 0.177454 (LBHD)
[2025-09-16 15:57:18.431] [info] Frame 1921 (t = 9.60500):	 total squared error = 0.171164, marker error: RMS = 0.0597153, max = 0.177362 (LBHD)
[2025-09-16 15:57:18.548] [info] Frame 1922 (t = 9.61):	 total squared error = 0.170822, marker error: RMS = 0.0596557, max = 0.176661 (LBHD)
[2025-09-16 15:57:18.649] [info] Frame 1923 (t = 9.615):	 total squared error = 0.170963, marker error: RMS = 0.0596803, max = 0.177078 (LBHD)
[2025-09-16 15:57:18.710] [info] Frame 1924 (t = 9.62):	 total squared error = 0.171747, marker error: RMS = 0.0598169, max = 0.177852 (LBHD)
[2025-09-16 15:57:18.791] [info] Frame 1925 (t = 9.625):	 total squared error = 0.171431, marker error: RMS = 0.0597619, max = 0.177529 (LBHD)
[2025-09-16 15:57:18.892] [info] Frame 1926 (t = 9.63):	 total squared error = 0.171587, marker error: RMS = 0.059789, max = 0.177572 (LBHD)
[2025-09-16 15:57:19.057] [info] Frame 1927 (t = 9.635):	 total squared error = 0.170201, marker error: RMS = 0.059547, max = 0.175935 (LBHD)
[2025-09-16 15:57:19.163] [info] Frame 1928 (t = 9.64):	 total squared error = 0.171251, marker error: RMS = 0.0597305, max = 0.177419 (LBHD)
[2025-09-16 15:57:19.343] [info] Frame 1929 (t = 9.645):	 total squared error = 0.171129, marker error: RMS = 0.0597092, max = 0.177046 (LBHD)
[2025-09-16 15:57:19.476] [info] Frame 1930 (t = 9.65):	 total squared error = 0.171085, marker error: RMS = 0.0597015, max = 0.176992 (LBHD)
[2025-09-16 15:57:19.599] [info] Frame 1931 (t = 9.655):	 total squared error = 0.170970, marker error: RMS = 0.0596814, max = 0.176879 (LBHD)
[2025-09-16 15:57:19.722] [info] Frame 1932 (t = 9.66):	 total squared error = 0.171075, marker error: RMS = 0.0596998, max = 0.176958 (LBHD)
[2025-09-16 15:57:19.835] [info] Frame 1933 (t = 9.665):	 total squared error = 0.171377, marker error: RMS = 0.0597524, max = 0.17726 (LBHD)
[2025-09-16 15:57:19.987] [info] Frame 1934 (t = 9.67):	 total squared error = 0.170531, marker error: RMS = 0.0596047, max = 0.176267 (LBHD)
[2025-09-16 15:57:20.084] [info] Frame 1935 (t = 9.675):	 total squared error = 0.170847, marker error: RMS = 0.05966, max = 0.176711 (LBHD)
[2025-09-16 15:57:20.181] [info] Frame 1936 (t = 9.68):	 total squared error = 0.171079, marker error: RMS = 0.0597005, max = 0.176909 (LBHD)
[2025-09-16 15:57:20.296] [info] Frame 1937 (t = 9.685):	 total squared error = 0.171446, marker error: RMS = 0.0597645, max = 0.177168 (LBHD)
[2025-09-16 15:57:20.401] [info] Frame 1938 (t = 9.69):	 total squared error = 0.170137, marker error: RMS = 0.0595358, max = 0.175793 (LBHD)
[2025-09-16 15:57:20.495] [info] Frame 1939 (t = 9.695):	 total squared error = 0.170638, marker error: RMS = 0.0596234, max = 0.176472 (LBHD)
[2025-09-16 15:57:20.606] [info] Frame 1940 (t = 9.7):	 total squared error = 0.170711, marker error: RMS = 0.0596362, max = 0.176464 (LBHD)
[2025-09-16 15:57:20.706] [info] Frame 1941 (t = 9.70500):	 total squared error = 0.170849, marker error: RMS = 0.0596602, max = 0.176719 (LBHD)
[2025-09-16 15:57:20.797] [info] Frame 1942 (t = 9.71):	 total squared error = 0.170940, marker error: RMS = 0.0596762, max = 0.176759 (LBHD)
[2025-09-16 15:57:20.880] [info] Frame 1943 (t = 9.715):	 total squared error = 0.171207, marker error: RMS = 0.0597228, max = 0.177092 (LBHD)
[2025-09-16 15:57:21.003] [info] Frame 1944 (t = 9.72):	 total squared error = 0.169728, marker error: RMS = 0.0594643, max = 0.175536 (LBHD)
[2025-09-16 15:57:21.053] [info] Frame 1945 (t = 9.725):	 total squared error = 0.170740, marker error: RMS = 0.0596412, max = 0.176819 (LBHD)
[2025-09-16 15:57:21.134] [info] Frame 1946 (t = 9.73):	 total squared error = 0.170843, marker error: RMS = 0.0596593, max = 0.176984 (LBHD)
[2025-09-16 15:57:21.229] [info] Frame 1947 (t = 9.735):	 total squared error = 0.170913, marker error: RMS = 0.0596715, max = 0.177035 (LBHD)
[2025-09-16 15:57:21.329] [info] Frame 1948 (t = 9.74):	 total squared error = 0.171114, marker error: RMS = 0.0597066, max = 0.177237 (LBHD)
[2025-09-16 15:57:21.424] [info] Frame 1949 (t = 9.745):	 total squared error = 0.171214, marker error: RMS = 0.059724, max = 0.177323 (LBHD)
[2025-09-16 15:57:21.514] [info] Frame 1950 (t = 9.75):	 total squared error = 0.170585, marker error: RMS = 0.0596142, max = 0.176558 (LBHD)
[2025-09-16 15:57:21.591] [info] Frame 1951 (t = 9.755):	 total squared error = 0.170955, marker error: RMS = 0.0596788, max = 0.177018 (LBHD)
[2025-09-16 15:57:21.692] [info] Frame 1952 (t = 9.76):	 total squared error = 0.171038, marker error: RMS = 0.0596933, max = 0.177206 (LBHD)
[2025-09-16 15:57:21.782] [info] Frame 1953 (t = 9.765):	 total squared error = 0.170927, marker error: RMS = 0.0596739, max = 0.176816 (LBHD)
[2025-09-16 15:57:21.891] [info] Frame 1954 (t = 9.77):	 total squared error = 0.171060, marker error: RMS = 0.0596971, max = 0.177244 (LBHD)
[2025-09-16 15:57:21.952] [info] Frame 1955 (t = 9.775):	 total squared error = 0.171884, marker error: RMS = 0.0598408, max = 0.178319 (LBHD)
[2025-09-16 15:57:22.043] [info] Frame 1956 (t = 9.78):	 total squared error = 0.171475, marker error: RMS = 0.0597695, max = 0.177648 (LBHD)
[2025-09-16 15:57:22.132] [info] Frame 1957 (t = 9.785):	 total squared error = 0.171053, marker error: RMS = 0.0596959, max = 0.1771 (LBHD)
[2025-09-16 15:57:22.232] [info] Frame 1958 (t = 9.79):	 total squared error = 0.171038, marker error: RMS = 0.0596933, max = 0.177178 (LBHD)
[2025-09-16 15:57:22.341] [info] Frame 1959 (t = 9.795):	 total squared error = 0.171083, marker error: RMS = 0.0597011, max = 0.177253 (LBHD)
[2025-09-16 15:57:22.404] [info] Frame 1960 (t = 9.8):	 total squared error = 0.170728, marker error: RMS = 0.0596393, max = 0.176874 (LBHD)
[2025-09-16 15:57:22.469] [info] Frame 1961 (t = 9.80500):	 total squared error = 0.171476, marker error: RMS = 0.0597696, max = 0.177795 (LBHD)
[2025-09-16 15:57:22.565] [info] Frame 1962 (t = 9.81):	 total squared error = 0.171067, marker error: RMS = 0.0596984, max = 0.177334 (LBHD)
[2025-09-16 15:57:22.664] [info] Frame 1963 (t = 9.815):	 total squared error = 0.170827, marker error: RMS = 0.0596566, max = 0.176935 (LBHD)
[2025-09-16 15:57:22.754] [info] Frame 1964 (t = 9.82):	 total squared error = 0.170994, marker error: RMS = 0.0596857, max = 0.177143 (LBHD)
[2025-09-16 15:57:22.857] [info] Frame 1965 (t = 9.825):	 total squared error = 0.170940, marker error: RMS = 0.0596762, max = 0.177115 (LBHD)
[2025-09-16 15:57:22.909] [info] Frame 1966 (t = 9.83):	 total squared error = 0.170798, marker error: RMS = 0.0596514, max = 0.17715 (LBHD)
[2025-09-16 15:57:22.981] [info] Frame 1967 (t = 9.835):	 total squared error = 0.170971, marker error: RMS = 0.0596816, max = 0.176996 (LBHD)
[2025-09-16 15:57:23.078] [info] Frame 1968 (t = 9.84):	 total squared error = 0.171033, marker error: RMS = 0.0596925, max = 0.17718 (LBHD)
[2025-09-16 15:57:23.163] [info] Frame 1969 (t = 9.845):	 total squared error = 0.171234, marker error: RMS = 0.0597275, max = 0.17727 (LBHD)
[2025-09-16 15:57:23.235] [info] Frame 1970 (t = 9.85):	 total squared error = 0.171171, marker error: RMS = 0.0597165, max = 0.177232 (LBHD)
[2025-09-16 15:57:23.331] [info] Frame 1971 (t = 9.855):	 total squared error = 0.170780, marker error: RMS = 0.0596483, max = 0.176655 (LBHD)
[2025-09-16 15:57:23.422] [info] Frame 1972 (t = 9.86):	 total squared error = 0.171606, marker error: RMS = 0.0597924, max = 0.177743 (LBHD)
[2025-09-16 15:57:23.525] [info] Frame 1973 (t = 9.865):	 total squared error = 0.17151, marker error: RMS = 0.0597756, max = 0.177581 (LBHD)
[2025-09-16 15:57:23.617] [info] Frame 1974 (t = 9.87):	 total squared error = 0.171364, marker error: RMS = 0.0597502, max = 0.1774 (LBHD)
[2025-09-16 15:57:23.744] [info] Frame 1975 (t = 9.875):	 total squared error = 0.170274, marker error: RMS = 0.0595599, max = 0.176184 (LBHD)
[2025-09-16 15:57:23.884] [info] Frame 1976 (t = 9.88):	 total squared error = 0.170173, marker error: RMS = 0.0595422, max = 0.17618 (LBHD)
[2025-09-16 15:57:23.977] [info] Frame 1977 (t = 9.885):	 total squared error = 0.170819, marker error: RMS = 0.059655, max = 0.177047 (LBHD)
[2025-09-16 15:57:24.057] [info] Frame 1978 (t = 9.89):	 total squared error = 0.171040, marker error: RMS = 0.0596937, max = 0.177154 (LBHD)
[2025-09-16 15:57:24.134] [info] Frame 1979 (t = 9.895):	 total squared error = 0.171226, marker error: RMS = 0.0597261, max = 0.177406 (LBHD)
[2025-09-16 15:57:24.225] [info] Frame 1980 (t = 9.9):	 total squared error = 0.171402, marker error: RMS = 0.0597568, max = 0.177554 (LBHD)
[2025-09-16 15:57:24.312] [info] Frame 1981 (t = 9.90500):	 total squared error = 0.171522, marker error: RMS = 0.0597778, max = 0.17743 (LBHD)
[2025-09-16 15:57:24.425] [info] Frame 1982 (t = 9.91):	 total squared error = 0.170874, marker error: RMS = 0.0596647, max = 0.17677 (LBHD)
[2025-09-16 15:57:24.524] [info] Frame 1983 (t = 9.915):	 total squared error = 0.171044, marker error: RMS = 0.0596944, max = 0.176858 (LBHD)
[2025-09-16 15:57:24.628] [info] Frame 1984 (t = 9.92):	 total squared error = 0.171277, marker error: RMS = 0.059735, max = 0.177131 (LBHD)
[2025-09-16 15:57:24.733] [info] Frame 1985 (t = 9.925):	 total squared error = 0.170949, marker error: RMS = 0.0596778, max = 0.176724 (LBHD)
[2025-09-16 15:57:24.826] [info] Frame 1986 (t = 9.93):	 total squared error = 0.170735, marker error: RMS = 0.0596403, max = 0.176439 (LBHD)
[2025-09-16 15:57:24.922] [info] Frame 1987 (t = 9.935):	 total squared error = 0.170786, marker error: RMS = 0.0596493, max = 0.176649 (LBHD)
[2025-09-16 15:57:25.021] [info] Frame 1988 (t = 9.94):	 total squared error = 0.171083, marker error: RMS = 0.0597012, max = 0.177038 (LBHD)
[2025-09-16 15:57:25.157] [info] Frame 1989 (t = 9.945):	 total squared error = 0.169675, marker error: RMS = 0.059455, max = 0.17532 (LBHD)
[2025-09-16 15:57:25.268] [info] Frame 1990 (t = 9.95):	 total squared error = 0.170355, marker error: RMS = 0.0595739, max = 0.176326 (LBHD)
[2025-09-16 15:57:25.396] [info] Frame 1991 (t = 9.955):	 total squared error = 0.169748, marker error: RMS = 0.0594679, max = 0.175632 (LBHD)
[2025-09-16 15:57:25.510] [info] Frame 1992 (t = 9.96):	 total squared error = 0.170347, marker error: RMS = 0.0595726, max = 0.176069 (LBHD)
[2025-09-16 15:57:25.604] [info] Frame 1993 (t = 9.965):	 total squared error = 0.170436, marker error: RMS = 0.0595882, max = 0.176419 (LBHD)
[2025-09-16 15:57:25.706] [info] Frame 1994 (t = 9.97):	 total squared error = 0.170220, marker error: RMS = 0.0595505, max = 0.175882 (LBHD)
[2025-09-16 15:57:25.769] [info] Frame 1995 (t = 9.975):	 total squared error = 0.170773, marker error: RMS = 0.0596471, max = 0.176458 (LBHD)
[2025-09-16 15:57:25.862] [info] Frame 1996 (t = 9.98):	 total squared error = 0.170811, marker error: RMS = 0.0596537, max = 0.176589 (LBHD)
[2025-09-16 15:57:25.949] [info] Frame 1997 (t = 9.985):	 total squared error = 0.170695, marker error: RMS = 0.0596334, max = 0.176457 (LBHD)
[2025-09-16 15:57:26.055] [info] Frame 1998 (t = 9.99):	 total squared error = 0.170603, marker error: RMS = 0.0596173, max = 0.176288 (LBHD)
[2025-09-16 15:57:26.183] [info] Frame 1999 (t = 9.995):	 total squared error = 0.170753, marker error: RMS = 0.0596435, max = 0.176441 (LBHD)
[2025-09-16 15:57:26.353] [info] Solved 2000 frame(s)...
[2025-09-16 15:57:26.353] [info] Frame 2000 (t = 10.0):	 total squared error = 0.170834, marker error: RMS = 0.0596577, max = 0.176409 (LBHD)
[2025-09-16 15:57:26.524] [info] Frame 2001 (t = 10.0050):	 total squared error = 0.170572, marker error: RMS = 0.059612, max = 0.17598 (LBHD)
[2025-09-16 15:57:26.646] [info] Frame 2002 (t = 10.01):	 total squared error = 0.170687, marker error: RMS = 0.059632, max = 0.176049 (LBHD)
[2025-09-16 15:57:26.771] [info] Frame 2003 (t = 10.015):	 total squared error = 0.170825, marker error: RMS = 0.0596561, max = 0.176146 (LBHD)
[2025-09-16 15:57:26.903] [info] Frame 2004 (t = 10.02):	 total squared error = 0.170642, marker error: RMS = 0.0596241, max = 0.175872 (LBHD)
[2025-09-16 15:57:26.980] [info] Frame 2005 (t = 10.025):	 total squared error = 0.170623, marker error: RMS = 0.0596209, max = 0.175843 (LBHD)
[2025-09-16 15:57:27.027] [info] Frame 2006 (t = 10.03):	 total squared error = 0.170240, marker error: RMS = 0.059554, max = 0.17517 (LBHD)
[2025-09-16 15:57:27.081] [info] Frame 2007 (t = 10.035):	 total squared error = 0.170793, marker error: RMS = 0.0596506, max = 0.176063 (LBHD)
[2025-09-16 15:57:27.241] [info] Frame 2008 (t = 10.04):	 total squared error = 0.169956, marker error: RMS = 0.0595042, max = 0.175193 (LBHD)
[2025-09-16 15:57:27.339] [info] Frame 2009 (t = 10.045):	 total squared error = 0.170657, marker error: RMS = 0.0596269, max = 0.175906 (LBHD)
[2025-09-16 15:57:27.423] [info] Frame 2010 (t = 10.05):	 total squared error = 0.170622, marker error: RMS = 0.0596207, max = 0.175697 (LBHD)
[2025-09-16 15:57:27.524] [info] Frame 2011 (t = 10.055):	 total squared error = 0.170755, marker error: RMS = 0.0596438, max = 0.175956 (LBHD)
[2025-09-16 15:57:27.614] [info] Frame 2012 (t = 10.06):	 total squared error = 0.170704, marker error: RMS = 0.0596351, max = 0.17588 (LBHD)
[2025-09-16 15:57:27.703] [info] Frame 2013 (t = 10.065):	 total squared error = 0.171053, marker error: RMS = 0.0596958, max = 0.176057 (LBHD)
[2025-09-16 15:57:27.777] [info] Frame 2014 (t = 10.07):	 total squared error = 0.171667, marker error: RMS = 0.0598030, max = 0.176714 (LBHD)
[2025-09-16 15:57:27.866] [info] Frame 2015 (t = 10.075):	 total squared error = 0.171615, marker error: RMS = 0.059794, max = 0.176532 (LBHD)
[2025-09-16 15:57:27.916] [info] Frame 2016 (t = 10.08):	 total squared error = 0.171491, marker error: RMS = 0.0597724, max = 0.176359 (LBHD)
[2025-09-16 15:57:28.005] [info] Frame 2017 (t = 10.085):	 total squared error = 0.171132, marker error: RMS = 0.0597098, max = 0.175972 (LBHD)
[2025-09-16 15:57:28.100] [info] Frame 2018 (t = 10.09):	 total squared error = 0.171332, marker error: RMS = 0.0597445, max = 0.17618 (LBHD)
[2025-09-16 15:57:28.205] [info] Frame 2019 (t = 10.095):	 total squared error = 0.170628, marker error: RMS = 0.0596217, max = 0.175208 (LBHD)
[2025-09-16 15:57:28.307] [info] Frame 2020 (t = 10.1):	 total squared error = 0.171162, marker error: RMS = 0.059715, max = 0.175899 (LBHD)
[2025-09-16 15:57:28.400] [info] Frame 2021 (t = 10.1050):	 total squared error = 0.171714, marker error: RMS = 0.0598112, max = 0.176375 (LBHD)
[2025-09-16 15:57:28.474] [info] Frame 2022 (t = 10.11):	 total squared error = 0.171968, marker error: RMS = 0.0598553, max = 0.176674 (LBHD)
[2025-09-16 15:57:28.547] [info] Frame 2023 (t = 10.115):	 total squared error = 0.172703, marker error: RMS = 0.0599832, max = 0.177358 (LBHD)
[2025-09-16 15:57:28.653] [info] Frame 2024 (t = 10.12):	 total squared error = 0.17181, marker error: RMS = 0.059828, max = 0.176377 (LBHD)
[2025-09-16 15:57:28.732] [info] Frame 2025 (t = 10.125):	 total squared error = 0.171588, marker error: RMS = 0.0597892, max = 0.176128 (LBHD)
[2025-09-16 15:57:28.826] [info] Frame 2026 (t = 10.13):	 total squared error = 0.171633, marker error: RMS = 0.059797, max = 0.176223 (LBHD)
[2025-09-16 15:57:28.889] [info] Frame 2027 (t = 10.135):	 total squared error = 0.171612, marker error: RMS = 0.0597934, max = 0.176201 (LBHD)
[2025-09-16 15:57:28.962] [info] Frame 2028 (t = 10.14):	 total squared error = 0.171636, marker error: RMS = 0.0597975, max = 0.176297 (LBHD)
[2025-09-16 15:57:29.056] [info] Frame 2029 (t = 10.145):	 total squared error = 0.171866, marker error: RMS = 0.0598376, max = 0.176479 (LBHD)
[2025-09-16 15:57:29.136] [info] Frame 2030 (t = 10.15):	 total squared error = 0.171543, marker error: RMS = 0.0597813, max = 0.176123 (LBHD)
[2025-09-16 15:57:29.236] [info] Frame 2031 (t = 10.155):	 total squared error = 0.17182, marker error: RMS = 0.0598296, max = 0.176359 (LBHD)
[2025-09-16 15:57:29.320] [info] Frame 2032 (t = 10.16):	 total squared error = 0.171561, marker error: RMS = 0.0597845, max = 0.176042 (LBHD)
[2025-09-16 15:57:29.393] [info] Frame 2033 (t = 10.165):	 total squared error = 0.17228, marker error: RMS = 0.0599097, max = 0.176745 (LBHD)
[2025-09-16 15:57:29.461] [info] Frame 2034 (t = 10.17):	 total squared error = 0.171979, marker error: RMS = 0.0598572, max = 0.176427 (LBHD)
[2025-09-16 15:57:29.551] [info] Frame 2035 (t = 10.175):	 total squared error = 0.171653, marker error: RMS = 0.0598006, max = 0.175976 (LBHD)
[2025-09-16 15:57:29.595] [info] Frame 2036 (t = 10.18):	 total squared error = 0.17112, marker error: RMS = 0.0597076, max = 0.175168 (LBHD)
[2025-09-16 15:57:29.693] [info] Frame 2037 (t = 10.185):	 total squared error = 0.171767, marker error: RMS = 0.0598204, max = 0.176094 (LBHD)
[2025-09-16 15:57:29.748] [info] Frame 2038 (t = 10.19):	 total squared error = 0.171594, marker error: RMS = 0.0597902, max = 0.175761 (LBHD)
[2025-09-16 15:57:29.816] [info] Frame 2039 (t = 10.195):	 total squared error = 0.171798, marker error: RMS = 0.0598258, max = 0.176026 (LBHD)
[2025-09-16 15:57:29.878] [info] Frame 2040 (t = 10.2):	 total squared error = 0.172056, marker error: RMS = 0.0598707, max = 0.176361 (LBHD)
[2025-09-16 15:57:29.944] [info] Frame 2041 (t = 10.2050):	 total squared error = 0.172036, marker error: RMS = 0.0598673, max = 0.176228 (LBHD)
[2025-09-16 15:57:30.029] [info] Frame 2042 (t = 10.21):	 total squared error = 0.171752, marker error: RMS = 0.0598178, max = 0.17594 (LBHD)
[2025-09-16 15:57:30.103] [info] Frame 2043 (t = 10.215):	 total squared error = 0.171793, marker error: RMS = 0.0598249, max = 0.175824 (LBHD)
[2025-09-16 15:57:30.157] [info] Frame 2044 (t = 10.22):	 total squared error = 0.171903, marker error: RMS = 0.0598441, max = 0.17593 (LBHD)
[2025-09-16 15:57:30.220] [info] Frame 2045 (t = 10.225):	 total squared error = 0.172124, marker error: RMS = 0.0598825, max = 0.176404 (LBHD)
[2025-09-16 15:57:30.277] [info] Frame 2046 (t = 10.23):	 total squared error = 0.171976, marker error: RMS = 0.0598568, max = 0.176185 (LBHD)
[2025-09-16 15:57:30.348] [info] Frame 2047 (t = 10.235):	 total squared error = 0.171715, marker error: RMS = 0.0598114, max = 0.17588 (LBHD)
[2025-09-16 15:57:30.420] [info] Frame 2048 (t = 10.24):	 total squared error = 0.171959, marker error: RMS = 0.0598537, max = 0.176143 (LBHD)
[2025-09-16 15:57:30.497] [info] Frame 2049 (t = 10.245):	 total squared error = 0.172092, marker error: RMS = 0.0598769, max = 0.176179 (LBHD)
[2025-09-16 15:57:30.583] [info] Frame 2050 (t = 10.25):	 total squared error = 0.172084, marker error: RMS = 0.0598756, max = 0.176229 (LBHD)
[2025-09-16 15:57:30.637] [info] Frame 2051 (t = 10.255):	 total squared error = 0.171953, marker error: RMS = 0.0598528, max = 0.176053 (LBHD)
[2025-09-16 15:57:30.679] [info] Frame 2052 (t = 10.26):	 total squared error = 0.171777, marker error: RMS = 0.0598222, max = 0.175889 (LBHD)
[2025-09-16 15:57:30.767] [info] Frame 2053 (t = 10.265):	 total squared error = 0.171739, marker error: RMS = 0.0598154, max = 0.175582 (LBHD)
[2025-09-16 15:57:30.837] [info] Frame 2054 (t = 10.27):	 total squared error = 0.171772, marker error: RMS = 0.0598213, max = 0.175705 (LBHD)
[2025-09-16 15:57:30.895] [info] Frame 2055 (t = 10.275):	 total squared error = 0.171576, marker error: RMS = 0.0597871, max = 0.175529 (LBHD)
[2025-09-16 15:57:30.974] [info] Frame 2056 (t = 10.28):	 total squared error = 0.171902, marker error: RMS = 0.0598439, max = 0.175901 (LBHD)
[2025-09-16 15:57:31.031] [info] Frame 2057 (t = 10.285):	 total squared error = 0.171824, marker error: RMS = 0.0598303, max = 0.175885 (LBHD)
[2025-09-16 15:57:31.124] [info] Frame 2058 (t = 10.29):	 total squared error = 0.171772, marker error: RMS = 0.0598213, max = 0.175706 (LBHD)
[2025-09-16 15:57:31.181] [info] Frame 2059 (t = 10.295):	 total squared error = 0.172, marker error: RMS = 0.059861, max = 0.175908 (LBHD)
[2025-09-16 15:57:31.242] [info] Frame 2060 (t = 10.3):	 total squared error = 0.172223, marker error: RMS = 0.0598998, max = 0.176109 (LBHD)
[2025-09-16 15:57:31.313] [info] Frame 2061 (t = 10.3050):	 total squared error = 0.171553, marker error: RMS = 0.0597831, max = 0.175342 (LBHD)
[2025-09-16 15:57:31.353] [info] Frame 2062 (t = 10.31):	 total squared error = 0.170850, marker error: RMS = 0.0596605, max = 0.174351 (LBHD)
[2025-09-16 15:57:31.415] [info] Frame 2063 (t = 10.315):	 total squared error = 0.171652, marker error: RMS = 0.0598003, max = 0.175479 (LBHD)
[2025-09-16 15:57:31.474] [info] Frame 2064 (t = 10.32):	 total squared error = 0.171688, marker error: RMS = 0.0598066, max = 0.175439 (LBHD)
[2025-09-16 15:57:31.576] [info] Frame 2065 (t = 10.325):	 total squared error = 0.171765, marker error: RMS = 0.05982, max = 0.17549 (LBHD)
[2025-09-16 15:57:31.687] [info] Frame 2066 (t = 10.33):	 total squared error = 0.171585, marker error: RMS = 0.0597888, max = 0.175295 (LBHD)
[2025-09-16 15:57:31.740] [info] Frame 2067 (t = 10.335):	 total squared error = 0.171929, marker error: RMS = 0.0598486, max = 0.175639 (LBHD)
[2025-09-16 15:57:31.816] [info] Frame 2068 (t = 10.34):	 total squared error = 0.171756, marker error: RMS = 0.0598185, max = 0.175526 (LBHD)
[2025-09-16 15:57:31.877] [info] Frame 2069 (t = 10.345):	 total squared error = 0.171962, marker error: RMS = 0.0598544, max = 0.175741 (LBHD)
[2025-09-16 15:57:31.947] [info] Frame 2070 (t = 10.35):	 total squared error = 0.171784, marker error: RMS = 0.0598234, max = 0.175556 (LBHD)
[2025-09-16 15:57:31.996] [info] Frame 2071 (t = 10.355):	 total squared error = 0.171516, marker error: RMS = 0.0597767, max = 0.175261 (LBHD)
[2025-09-16 15:57:32.061] [info] Frame 2072 (t = 10.36):	 total squared error = 0.171869, marker error: RMS = 0.0598382, max = 0.175725 (LBHD)
[2025-09-16 15:57:32.147] [info] Frame 2073 (t = 10.365):	 total squared error = 0.17147, marker error: RMS = 0.0597686, max = 0.175449 (LBHD)
[2025-09-16 15:57:32.222] [info] Frame 2074 (t = 10.37):	 total squared error = 0.171981, marker error: RMS = 0.0598576, max = 0.175962 (LBHD)
[2025-09-16 15:57:32.308] [info] Frame 2075 (t = 10.375):	 total squared error = 0.171521, marker error: RMS = 0.0597775, max = 0.175511 (LBHD)
[2025-09-16 15:57:32.361] [info] Frame 2076 (t = 10.38):	 total squared error = 0.171968, marker error: RMS = 0.0598554, max = 0.176127 (LBHD)
[2025-09-16 15:57:32.431] [info] Frame 2077 (t = 10.385):	 total squared error = 0.172231, marker error: RMS = 0.0599011, max = 0.176417 (LBHD)
[2025-09-16 15:57:32.523] [info] Frame 2078 (t = 10.39):	 total squared error = 0.171408, marker error: RMS = 0.0597578, max = 0.175512 (LBHD)
[2025-09-16 15:57:32.581] [info] Frame 2079 (t = 10.395):	 total squared error = 0.171747, marker error: RMS = 0.0598169, max = 0.175904 (LBHD)
[2025-09-16 15:57:32.689] [info] Frame 2080 (t = 10.4):	 total squared error = 0.170659, marker error: RMS = 0.0596271, max = 0.174616 (LBHD)
[2025-09-16 15:57:32.782] [info] Frame 2081 (t = 10.4050):	 total squared error = 0.171145, marker error: RMS = 0.059712, max = 0.17527 (LBHD)
[2025-09-16 15:57:32.833] [info] Frame 2082 (t = 10.41):	 total squared error = 0.171113, marker error: RMS = 0.0597063, max = 0.175249 (LBHD)
[2025-09-16 15:57:32.911] [info] Frame 2083 (t = 10.415):	 total squared error = 0.171073, marker error: RMS = 0.0596994, max = 0.175139 (LBHD)
[2025-09-16 15:57:32.987] [info] Frame 2084 (t = 10.42):	 total squared error = 0.171207, marker error: RMS = 0.0597228, max = 0.17525 (LBHD)
[2025-09-16 15:57:33.064] [info] Frame 2085 (t = 10.425):	 total squared error = 0.170966, marker error: RMS = 0.0596807, max = 0.174947 (LBHD)
[2025-09-16 15:57:33.142] [info] Frame 2086 (t = 10.43):	 total squared error = 0.170983, marker error: RMS = 0.0596838, max = 0.1752 (LBHD)
[2025-09-16 15:57:33.227] [info] Frame 2087 (t = 10.435):	 total squared error = 0.171105, marker error: RMS = 0.0597049, max = 0.17535 (LBHD)
[2025-09-16 15:57:33.290] [info] Frame 2088 (t = 10.44):	 total squared error = 0.170930, marker error: RMS = 0.0596745, max = 0.175089 (LBHD)
[2025-09-16 15:57:33.369] [info] Frame 2089 (t = 10.445):	 total squared error = 0.171351, marker error: RMS = 0.0597479, max = 0.175633 (LBHD)
[2025-09-16 15:57:33.412] [info] Frame 2090 (t = 10.45):	 total squared error = 0.171435, marker error: RMS = 0.0597625, max = 0.175476 (LBHD)
[2025-09-16 15:57:33.474] [info] Frame 2091 (t = 10.455):	 total squared error = 0.171827, marker error: RMS = 0.0598308, max = 0.176079 (LBHD)
[2025-09-16 15:57:33.534] [info] Frame 2092 (t = 10.46):	 total squared error = 0.17253, marker error: RMS = 0.0599532, max = 0.176799 (LBHD)
[2025-09-16 15:57:33.614] [info] Frame 2093 (t = 10.465):	 total squared error = 0.171716, marker error: RMS = 0.0598115, max = 0.175939 (LBHD)
[2025-09-16 15:57:33.710] [info] Frame 2094 (t = 10.47):	 total squared error = 0.171219, marker error: RMS = 0.0597249, max = 0.175227 (LBHD)
[2025-09-16 15:57:33.789] [info] Frame 2095 (t = 10.475):	 total squared error = 0.171039, marker error: RMS = 0.0596934, max = 0.175034 (LBHD)
[2025-09-16 15:57:33.824] [info] Frame 2096 (t = 10.48):	 total squared error = 0.171791, marker error: RMS = 0.0598246, max = 0.175996 (LBHD)
[2025-09-16 15:57:33.906] [info] Frame 2097 (t = 10.485):	 total squared error = 0.170962, marker error: RMS = 0.0596801, max = 0.174979 (LBHD)
[2025-09-16 15:57:33.962] [info] Frame 2098 (t = 10.49):	 total squared error = 0.171421, marker error: RMS = 0.0597601, max = 0.175609 (LBHD)
[2025-09-16 15:57:34.028] [info] Frame 2099 (t = 10.495):	 total squared error = 0.171385, marker error: RMS = 0.0597538, max = 0.175427 (LBHD)
[2025-09-16 15:57:34.137] [info] Frame 2100 (t = 10.5):	 total squared error = 0.170468, marker error: RMS = 0.0595937, max = 0.174454 (LBHD)
[2025-09-16 15:57:34.191] [info] Frame 2101 (t = 10.5050):	 total squared error = 0.170940, marker error: RMS = 0.0596761, max = 0.17493 (LBHD)
[2025-09-16 15:57:34.241] [info] Frame 2102 (t = 10.51):	 total squared error = 0.171209, marker error: RMS = 0.0597232, max = 0.175351 (LBHD)
[2025-09-16 15:57:34.300] [info] Frame 2103 (t = 10.515):	 total squared error = 0.170685, marker error: RMS = 0.0596316, max = 0.174783 (LBHD)
[2025-09-16 15:57:34.393] [info] Frame 2104 (t = 10.52):	 total squared error = 0.170699, marker error: RMS = 0.0596341, max = 0.174663 (LBHD)
[2025-09-16 15:57:34.459] [info] Frame 2105 (t = 10.525):	 total squared error = 0.170765, marker error: RMS = 0.0596457, max = 0.174796 (LBHD)
[2025-09-16 15:57:34.532] [info] Frame 2106 (t = 10.53):	 total squared error = 0.170775, marker error: RMS = 0.0596474, max = 0.17479 (LBHD)
[2025-09-16 15:57:34.589] [info] Frame 2107 (t = 10.535):	 total squared error = 0.170734, marker error: RMS = 0.0596403, max = 0.174656 (LBHD)
[2025-09-16 15:57:34.655] [info] Frame 2108 (t = 10.54):	 total squared error = 0.171193, marker error: RMS = 0.0597203, max = 0.175064 (LBHD)
[2025-09-16 15:57:34.725] [info] Frame 2109 (t = 10.545):	 total squared error = 0.171209, marker error: RMS = 0.0597231, max = 0.175249 (LBHD)
[2025-09-16 15:57:34.859] [info] Frame 2110 (t = 10.55):	 total squared error = 0.170321, marker error: RMS = 0.0595681, max = 0.173995 (LBHD)
[2025-09-16 15:57:34.949] [info] Frame 2111 (t = 10.555):	 total squared error = 0.170733, marker error: RMS = 0.0596401, max = 0.174497 (LBHD)
[2025-09-16 15:57:35.024] [info] Frame 2112 (t = 10.56):	 total squared error = 0.170753, marker error: RMS = 0.0596435, max = 0.174527 (LBHD)
[2025-09-16 15:57:35.079] [info] Frame 2113 (t = 10.565):	 total squared error = 0.171099, marker error: RMS = 0.0597040, max = 0.175004 (LBHD)
[2025-09-16 15:57:35.144] [info] Frame 2114 (t = 10.57):	 total squared error = 0.171198, marker error: RMS = 0.0597213, max = 0.174947 (LBHD)
[2025-09-16 15:57:35.224] [info] Frame 2115 (t = 10.575):	 total squared error = 0.171202, marker error: RMS = 0.0597218, max = 0.174844 (LBHD)
[2025-09-16 15:57:35.320] [info] Frame 2116 (t = 10.58):	 total squared error = 0.170999, marker error: RMS = 0.0596865, max = 0.174581 (LBHD)
[2025-09-16 15:57:35.425] [info] Frame 2117 (t = 10.585):	 total squared error = 0.171184, marker error: RMS = 0.0597188, max = 0.174818 (LBHD)
[2025-09-16 15:57:35.495] [info] Frame 2118 (t = 10.59):	 total squared error = 0.171002, marker error: RMS = 0.059687, max = 0.174613 (LBHD)
[2025-09-16 15:57:35.531] [info] Frame 2119 (t = 10.595):	 total squared error = 0.171294, marker error: RMS = 0.0597379, max = 0.175019 (LBHD)
[2025-09-16 15:57:35.610] [info] Frame 2120 (t = 10.6):	 total squared error = 0.171545, marker error: RMS = 0.0597818, max = 0.175263 (LBHD)
[2025-09-16 15:57:35.651] [info] Frame 2121 (t = 10.6050):	 total squared error = 0.171344, marker error: RMS = 0.0597467, max = 0.175063 (LBHD)
[2025-09-16 15:57:35.730] [info] Frame 2122 (t = 10.61):	 total squared error = 0.171331, marker error: RMS = 0.0597445, max = 0.174937 (LBHD)
[2025-09-16 15:57:35.832] [info] Frame 2123 (t = 10.615):	 total squared error = 0.171355, marker error: RMS = 0.0597486, max = 0.174962 (LBHD)
[2025-09-16 15:57:35.907] [info] Frame 2124 (t = 10.62):	 total squared error = 0.170897, marker error: RMS = 0.0596688, max = 0.174368 (LBHD)
[2025-09-16 15:57:35.990] [info] Frame 2125 (t = 10.625):	 total squared error = 0.170870, marker error: RMS = 0.059664, max = 0.174289 (LBHD)
[2025-09-16 15:57:36.038] [info] Frame 2126 (t = 10.63):	 total squared error = 0.170906, marker error: RMS = 0.0596703, max = 0.174308 (LBHD)
[2025-09-16 15:57:36.112] [info] Frame 2127 (t = 10.635):	 total squared error = 0.170979, marker error: RMS = 0.0596831, max = 0.174358 (LBHD)
[2025-09-16 15:57:36.227] [info] Frame 2128 (t = 10.64):	 total squared error = 0.171094, marker error: RMS = 0.0597031, max = 0.174462 (LBHD)
[2025-09-16 15:57:36.288] [info] Frame 2129 (t = 10.645):	 total squared error = 0.171253, marker error: RMS = 0.0597308, max = 0.174557 (LBHD)
[2025-09-16 15:57:36.369] [info] Frame 2130 (t = 10.65):	 total squared error = 0.170976, marker error: RMS = 0.0596825, max = 0.174345 (LBHD)
[2025-09-16 15:57:36.460] [info] Frame 2131 (t = 10.655):	 total squared error = 0.171025, marker error: RMS = 0.059691, max = 0.174096 (LBHD)
[2025-09-16 15:57:36.516] [info] Frame 2132 (t = 10.66):	 total squared error = 0.171752, marker error: RMS = 0.0598178, max = 0.175115 (LBHD)
[2025-09-16 15:57:36.606] [info] Frame 2133 (t = 10.665):	 total squared error = 0.17121, marker error: RMS = 0.0597233, max = 0.174389 (LBHD)
[2025-09-16 15:57:36.705] [info] Frame 2134 (t = 10.67):	 total squared error = 0.170905, marker error: RMS = 0.0596701, max = 0.174139 (LBHD)
[2025-09-16 15:57:36.783] [info] Frame 2135 (t = 10.675):	 total squared error = 0.171026, marker error: RMS = 0.0596912, max = 0.174299 (LBHD)
[2025-09-16 15:57:36.833] [info] Frame 2136 (t = 10.68):	 total squared error = 0.170961, marker error: RMS = 0.0596798, max = 0.174077 (LBHD)
[2025-09-16 15:57:36.898] [info] Frame 2137 (t = 10.685):	 total squared error = 0.17128, marker error: RMS = 0.0597356, max = 0.174542 (LBHD)
[2025-09-16 15:57:36.990] [info] Frame 2138 (t = 10.69):	 total squared error = 0.171015, marker error: RMS = 0.0596893, max = 0.174144 (LBHD)
[2025-09-16 15:57:37.046] [info] Frame 2139 (t = 10.695):	 total squared error = 0.171076, marker error: RMS = 0.0596999, max = 0.174354 (LBHD)
[2025-09-16 15:57:37.108] [info] Frame 2140 (t = 10.7):	 total squared error = 0.171128, marker error: RMS = 0.0597090, max = 0.174368 (LBHD)
[2025-09-16 15:57:37.183] [info] Frame 2141 (t = 10.7050):	 total squared error = 0.171164, marker error: RMS = 0.0597153, max = 0.174259 (LBHD)
[2025-09-16 15:57:37.233] [info] Frame 2142 (t = 10.71):	 total squared error = 0.170534, marker error: RMS = 0.0596053, max = 0.173416 (LBHD)
[2025-09-16 15:57:37.326] [info] Frame 2143 (t = 10.715):	 total squared error = 0.171071, marker error: RMS = 0.059699, max = 0.174288 (LBHD)
[2025-09-16 15:57:37.404] [info] Frame 2144 (t = 10.72):	 total squared error = 0.170973, marker error: RMS = 0.059682, max = 0.174149 (LBHD)
[2025-09-16 15:57:37.490] [info] Frame 2145 (t = 10.725):	 total squared error = 0.17158, marker error: RMS = 0.0597877, max = 0.17487 (LBHD)
[2025-09-16 15:57:37.539] [info] Frame 2146 (t = 10.73):	 total squared error = 0.171377, marker error: RMS = 0.0597525, max = 0.174784 (LBHD)
[2025-09-16 15:57:37.599] [info] Frame 2147 (t = 10.735):	 total squared error = 0.17224, marker error: RMS = 0.0599026, max = 0.175675 (LBHD)
[2025-09-16 15:57:37.679] [info] Frame 2148 (t = 10.74):	 total squared error = 0.170488, marker error: RMS = 0.0595972, max = 0.173641 (LBHD)
[2025-09-16 15:57:37.774] [info] Frame 2149 (t = 10.745):	 total squared error = 0.171032, marker error: RMS = 0.0596922, max = 0.174214 (LBHD)
[2025-09-16 15:57:37.866] [info] Frame 2150 (t = 10.75):	 total squared error = 0.170945, marker error: RMS = 0.0596771, max = 0.174118 (LBHD)
[2025-09-16 15:57:37.931] [info] Frame 2151 (t = 10.755):	 total squared error = 0.171194, marker error: RMS = 0.0597205, max = 0.174383 (LBHD)
[2025-09-16 15:57:38.008] [info] Frame 2152 (t = 10.76):	 total squared error = 0.171334, marker error: RMS = 0.059745, max = 0.174531 (LBHD)
[2025-09-16 15:57:38.150] [info] Frame 2153 (t = 10.765):	 total squared error = 0.170435, marker error: RMS = 0.059588, max = 0.173496 (LBHD)
[2025-09-16 15:57:38.220] [info] Frame 2154 (t = 10.77):	 total squared error = 0.170958, marker error: RMS = 0.0596794, max = 0.174093 (LBHD)
[2025-09-16 15:57:38.281] [info] Frame 2155 (t = 10.775):	 total squared error = 0.170851, marker error: RMS = 0.0596606, max = 0.174010 (LBHD)
[2025-09-16 15:57:38.369] [info] Frame 2156 (t = 10.78):	 total squared error = 0.170971, marker error: RMS = 0.0596816, max = 0.174003 (LBHD)
[2025-09-16 15:57:38.457] [info] Frame 2157 (t = 10.785):	 total squared error = 0.171086, marker error: RMS = 0.0597017, max = 0.174215 (LBHD)
[2025-09-16 15:57:38.492] [info] Frame 2158 (t = 10.79):	 total squared error = 0.171010, marker error: RMS = 0.0596884, max = 0.174137 (LBHD)
[2025-09-16 15:57:38.556] [info] Frame 2159 (t = 10.795):	 total squared error = 0.171367, marker error: RMS = 0.0597507, max = 0.174728 (LBHD)
[2025-09-16 15:57:38.630] [info] Frame 2160 (t = 10.8):	 total squared error = 0.171503, marker error: RMS = 0.0597744, max = 0.174568 (LBHD)
[2025-09-16 15:57:38.714] [info] Frame 2161 (t = 10.8050):	 total squared error = 0.171104, marker error: RMS = 0.0597048, max = 0.174131 (LBHD)
[2025-09-16 15:57:38.777] [info] Frame 2162 (t = 10.81):	 total squared error = 0.171437, marker error: RMS = 0.0597629, max = 0.174695 (LBHD)
[2025-09-16 15:57:38.855] [info] Frame 2163 (t = 10.815):	 total squared error = 0.170979, marker error: RMS = 0.0596831, max = 0.173959 (LBHD)
[2025-09-16 15:57:38.951] [info] Frame 2164 (t = 10.82):	 total squared error = 0.171159, marker error: RMS = 0.0597144, max = 0.174191 (LBHD)
[2025-09-16 15:57:39.064] [info] Frame 2165 (t = 10.825):	 total squared error = 0.17123, marker error: RMS = 0.0597268, max = 0.174303 (LBHD)
[2025-09-16 15:57:39.110] [info] Frame 2166 (t = 10.83):	 total squared error = 0.171025, marker error: RMS = 0.059691, max = 0.173977 (LBHD)
[2025-09-16 15:57:39.201] [info] Frame 2167 (t = 10.835):	 total squared error = 0.170951, marker error: RMS = 0.0596782, max = 0.173925 (LBHD)
[2025-09-16 15:57:39.299] [info] Frame 2168 (t = 10.84):	 total squared error = 0.171369, marker error: RMS = 0.059751, max = 0.174647 (LBHD)
[2025-09-16 15:57:39.411] [info] Frame 2169 (t = 10.845):	 total squared error = 0.170990, marker error: RMS = 0.059685, max = 0.17397 (LBHD)
[2025-09-16 15:57:39.480] [info] Frame 2170 (t = 10.85):	 total squared error = 0.171314, marker error: RMS = 0.0597414, max = 0.174444 (LBHD)
[2025-09-16 15:57:39.533] [info] Frame 2171 (t = 10.855):	 total squared error = 0.171757, marker error: RMS = 0.0598187, max = 0.174915 (LBHD)
[2025-09-16 15:57:39.612] [info] Frame 2172 (t = 10.86):	 total squared error = 0.171154, marker error: RMS = 0.0597135, max = 0.174197 (LBHD)
[2025-09-16 15:57:39.671] [info] Frame 2173 (t = 10.865):	 total squared error = 0.171080, marker error: RMS = 0.0597007, max = 0.17413 (LBHD)
[2025-09-16 15:57:39.776] [info] Frame 2174 (t = 10.87):	 total squared error = 0.170647, marker error: RMS = 0.059625, max = 0.173612 (LBHD)
[2025-09-16 15:57:39.826] [info] Frame 2175 (t = 10.875):	 total squared error = 0.170781, marker error: RMS = 0.0596484, max = 0.173894 (LBHD)
[2025-09-16 15:57:39.909] [info] Frame 2176 (t = 10.88):	 total squared error = 0.170638, marker error: RMS = 0.0596235, max = 0.173553 (LBHD)
[2025-09-16 15:57:39.964] [info] Frame 2177 (t = 10.885):	 total squared error = 0.171114, marker error: RMS = 0.0597066, max = 0.174199 (LBHD)
[2025-09-16 15:57:40.030] [info] Frame 2178 (t = 10.89):	 total squared error = 0.170847, marker error: RMS = 0.05966, max = 0.173841 (LBHD)
[2025-09-16 15:57:40.118] [info] Frame 2179 (t = 10.895):	 total squared error = 0.170915, marker error: RMS = 0.0596719, max = 0.173947 (LBHD)
[2025-09-16 15:57:40.190] [info] Frame 2180 (t = 10.9):	 total squared error = 0.171094, marker error: RMS = 0.0597031, max = 0.174076 (LBHD)
[2025-09-16 15:57:40.243] [info] Frame 2181 (t = 10.9050):	 total squared error = 0.170856, marker error: RMS = 0.0596615, max = 0.173846 (LBHD)
[2025-09-16 15:57:40.285] [info] Frame 2182 (t = 10.91):	 total squared error = 0.170897, marker error: RMS = 0.0596688, max = 0.173737 (LBHD)
[2025-09-16 15:57:40.358] [info] Frame 2183 (t = 10.915):	 total squared error = 0.171019, marker error: RMS = 0.0596899, max = 0.173909 (LBHD)
[2025-09-16 15:57:40.390] [info] Frame 2184 (t = 10.92):	 total squared error = 0.170645, marker error: RMS = 0.0596248, max = 0.173525 (LBHD)
[2025-09-16 15:57:40.481] [info] Frame 2185 (t = 10.925):	 total squared error = 0.171025, marker error: RMS = 0.0596911, max = 0.173976 (LBHD)
[2025-09-16 15:57:40.565] [info] Frame 2186 (t = 10.93):	 total squared error = 0.170962, marker error: RMS = 0.05968, max = 0.173823 (LBHD)
[2025-09-16 15:57:40.617] [info] Frame 2187 (t = 10.935):	 total squared error = 0.171366, marker error: RMS = 0.0597506, max = 0.174141 (LBHD)
[2025-09-16 15:57:40.687] [info] Frame 2188 (t = 10.94):	 total squared error = 0.171292, marker error: RMS = 0.0597377, max = 0.174137 (LBHD)
[2025-09-16 15:57:40.762] [info] Frame 2189 (t = 10.945):	 total squared error = 0.171021, marker error: RMS = 0.0596903, max = 0.17379 (LBHD)
[2025-09-16 15:57:40.824] [info] Frame 2190 (t = 10.95):	 total squared error = 0.171281, marker error: RMS = 0.0597357, max = 0.174102 (LBHD)
[2025-09-16 15:57:40.872] [info] Frame 2191 (t = 10.955):	 total squared error = 0.171261, marker error: RMS = 0.0597323, max = 0.174159 (LBHD)
[2025-09-16 15:57:40.956] [info] Frame 2192 (t = 10.96):	 total squared error = 0.171226, marker error: RMS = 0.0597261, max = 0.173853 (LBHD)
[2025-09-16 15:57:41.023] [info] Frame 2193 (t = 10.965):	 total squared error = 0.171474, marker error: RMS = 0.0597694, max = 0.174303 (LBHD)
[2025-09-16 15:57:41.077] [info] Frame 2194 (t = 10.97):	 total squared error = 0.171723, marker error: RMS = 0.0598126, max = 0.174366 (LBHD)
[2025-09-16 15:57:41.192] [info] Frame 2195 (t = 10.975):	 total squared error = 0.170139, marker error: RMS = 0.0595362, max = 0.172801 (LBHD)
[2025-09-16 15:57:41.264] [info] Frame 2196 (t = 10.98):	 total squared error = 0.170658, marker error: RMS = 0.059627, max = 0.173394 (LBHD)
[2025-09-16 15:57:41.334] [info] Frame 2197 (t = 10.985):	 total squared error = 0.170786, marker error: RMS = 0.0596493, max = 0.173532 (LBHD)
[2025-09-16 15:57:41.395] [info] Frame 2198 (t = 10.99):	 total squared error = 0.170802, marker error: RMS = 0.0596521, max = 0.173525 (LBHD)
[2025-09-16 15:57:41.474] [info] Frame 2199 (t = 10.995):	 total squared error = 0.170923, marker error: RMS = 0.0596732, max = 0.17379 (LBHD)
[2025-09-16 15:57:41.474] [error] IO.OpenFile(const string&,const string&): failed to open ..
[2025-09-16 15:57:41.736] [info] InverseKinematicsTool completed 2200 frames in 140 second(s) (2 minute(s), 20 second(s)).
