,time,Force_Fx1,Force_Fy1,Force_Fz1,Moment_Mx1,Moment_My1,Moment_Mz1,Force_Fx2,Force_Fy2,Force_Fz2,Moment_Mx2,Moment_My2,Moment_Mz2,Force_Fx3,Force_Fy3,Force_Fz3,Moment_Mx3,Moment_My3,Moment_Mz3,Force_Fx4,Force_Fy4,Force_Fz4,Moment_Mx4,Moment_My4,Moment_Mz4,Voltage_1,Voltage_2,Voltage_3,Voltage_4,Voltage_5,Voltage_6,Voltage_7,Voltage_8,Voltage_9,Voltage_10,Voltage_11,Voltage_12,Voltage_13,Voltage_14,Voltage_15,Voltage_16,Voltage_1-VM,Voltage_2-VL,Voltage_3-RF,Voltage_4-GRA,Voltage_5-TA,Voltage_6-AL,Voltage_7-ST,Voltage_8-BF,Voltage_9-MG,Voltage_10-LG,Voltage_11-TFL,Voltage_12-Gmax,Voltage_13-Gmed-intra,Voltage_14-PIR-intra,Voltage_15-OI-intra,Voltage_16-QF-intra,Force_Rig
0,0.0,-0.0,-0.0,-0.0,-0.0,-0.0,-0.0,1.5663752555847168,24.79660987854004,-470.2901916503906,-133227.046875,25313.865234375,-1325.3551025390625,-2.0246236324310303,-26.779638290405273,-146.7972412109375,34488.90234375,866.4002075195312,-589.3197631835938,-0.0,-0.0,-0.0,-0.0,-0.0,-0.0,0.007781982421875,0.00629425048828125,0.012359619140625,0.01659393310546875,0.0128936767578125,0.0141143798828125,0.0074005126953125,0.02094268798828125,0.00690460205078125,0.01209259033203125,0.02300262451171875,0.01552581787109375,0.01712799072265625,0.00919342041015625,0.00408172607421875,0.0263214111328125,0.11444091796875,0.1043701171875,0.102691650390625,0.10986328125,0.1116943359375,0.101318359375,0.101165771484375,0.110626220703125,0.10772705078125,0.0860595703125,0.097808837890625,0.11810302734375,0.300445556640625,0.71258544921875,0.06988525390625,1.468658447265625,14.730840682983398
1,0.0005,-0.0,-0.0,-0.0,-0.0,-0.0,-0.0,1.4119887351989746,25.260786056518555,-470.15557861328125,-133128.75,25060.861328125,-1452.9959716796875,-2.0586769580841064,-26.8680419921875,-147.83541870117188,34599.40625,772.2588500976562,-690.5614624023438,-0.0,-0.0,-0.0,-0.0,-0.0,-0.0,-0.00476837158203125,-0.0038909912109375,-0.00667572021484375,-0.0060272216796875,-0.00537872314453125,-0.0072479248046875,-0.0061798095703125,-0.00965118408203125,-0.00453948974609375,-0.005645751953125,-0.0135040283203125,-0.0072479248046875,-0.0107574462890625,-0.005645751953125,-0.00244140625,-0.01285552978515625,0.090789794921875,0.101165771484375,0.09796142578125,0.10101318359375,0.09521484375,0.09674072265625,0.111236572265625,0.106201171875,0.09674072265625,0.096282958984375,0.111083984375,0.088958740234375,-0.527496337890625,-0.86151123046875,0.2203369140625,-1.407928466796875,-1.4280292987823486
2,0.001,-0.0,-0.0,-0.0,-0.0,-0.0,-0.0,1.5839109420776367,25.435800552368164,-470.15582275390625,-132997.46875,24870.041015625,-1371.1854248046875,-2.073902130126953,-26.80128288269043,-147.69113159179688,34636.66015625,574.7863159179688,-613.8591918945312,-0.0,-0.0,-0.0,-0.0,-0.0,-0.0,-0.0074005126953125,-0.00797271728515625,-0.01155853271484375,-0.013427734375,-0.01171112060546875,-0.013427734375,-0.01079559326171875,-0.02277374267578125,-0.00530242919921875,-0.00946044921875,-0.0244903564453125,-0.01232147216796875,-0.01617431640625,-0.010528564453125,-0.00644683837890625,-0.02758026123046875,0.09521484375,0.095672607421875,0.098114013671875,0.090179443359375,0.093841552734375,0.091400146484375,0.083770751953125,0.09307861328125,0.098876953125,0.0946044921875,0.085296630859375,0.10009765625,-0.3662109375,-0.68359375,0.162353515625,-0.98114013671875,-3.5622196197509766
3,0.0015,-0.0,-0.0,-0.0,-0.0,-0.0,-0.0,1.55375075340271,25.26104164123535,-468.25775146484375,-133262.46875,25075.3125,-1394.4224853515625,-2.095716953277588,-26.904918670654297,-148.11293029785156,34337.57421875,680.3168334960938,-612.7542724609375,-0.0,-0.0,-0.0,-0.0,-0.0,-0.0,0.00583648681640625,0.0035858154296875,0.00621795654296875,0.00804901123046875,0.0066375732421875,0.00759124755859375,0.0075531005859375,0.01010894775390625,0.0055694580078125,0.0063323974609375,0.01323699951171875,0.0084686279296875,0.0122833251953125,0.0064849853515625,0.00274658203125,0.01529693603515625,0.09979248046875,0.09490966796875,0.095977783203125,0.103759765625,0.104827880859375,0.10040283203125,0.10162353515625,0.091705322265625,0.094146728515625,0.07568359375,0.106964111328125,0.106964111328125,0.64971923828125,0.9906005859375,0.08087158203125,1.67633056640625,5.584310531616211
4,0.002,-0.0,-0.0,-0.0,-0.0,-0.0,-0.0,1.2302782535552979,24.960641860961914,-469.7456970214844,-133059.765625,24920.39453125,-1391.09375,-2.077425479888916,-27.133214950561523,-149.16070556640625,34719.453125,945.8004150390625,-578.1852416992188,-0.0,-0.0,-0.0,-0.0,-0.0,-0.0,0.008392333984375,0.00827789306640625,0.01247406005859375,0.01537322998046875,0.01255035400390625,0.0121307373046875,0.0091552734375,0.0225830078125,0.0095367431640625,0.012359619140625,0.02521514892578125,0.01312255859375,0.01613616943359375,0.01007080078125,0.003509521484375,0.02811431884765625,0.099029541015625,0.097503662109375,0.100555419921875,0.10589599609375,0.10498046875,0.099945068359375,0.102691650390625,0.100555419921875,0.09979248046875,0.1220703125,0.10284423828125,0.11383056640625,0.71044921875,1.2060546875,-0.17608642578125,1.21368408203125,4.364773273468018
5,0.0025,-0.0,-0.0,-0.0,-0.0,-0.0,-0.0,1.5826447010040283,25.116064071655273,-468.9488220214844,-133004.53125,24819.83984375,-1438.824462890625,-2.114729404449463,-26.956628799438477,-147.69113159179688,34590.36328125,584.8601684570312,-617.4331665039062,-0.0,-0.0,-0.0,-0.0,-0.0,-0.0,-0.00415802001953125,-0.0055694580078125,-0.00591278076171875,-0.0069427490234375,-0.00598907470703125,-0.005950927734375,-0.008087158203125,-0.0099945068359375,-0.00255584716796875,-0.0057220458984375,-0.01399993896484375,-0.00919342041015625,-0.01346588134765625,-0.00545501708984375,-0.00331878662109375,-0.0130462646484375,0.101776123046875,0.09979248046875,0.09307861328125,0.095367431640625,0.08636474609375,0.098876953125,0.093841552734375,0.08819580078125,0.099334716796875,0.03631591796875,0.105438232421875,0.088958740234375,-0.402984619140625,-0.7666015625,0.15472412109375,-1.497802734375,4.364773273468018
6,0.003,-0.0,-0.0,-0.0,-0.0,-0.0,-0.0,1.4273681640625,25.13477325439453,-469.07830810546875,-133172.46875,24680.599609375,-1505.0751953125,-1.937637209892273,-27.393661499023438,-148.1873016357422,34562.703125,708.1637573242188,-637.5264892578125,-0.0,-0.0,-0.0,-0.0,-0.0,-0.0,-0.00701904296875,-0.00644683837890625,-0.011749267578125,-0.01613616943359375,-0.0109100341796875,-0.01499176025390625,-0.007781982421875,-0.0218963623046875,-0.005035400390625,-0.01049041748046875,-0.0223541259765625,-0.0124359130859375,-0.01834869384765625,-0.0104522705078125,-0.00457763671875,-0.0260162353515625,0.096282958984375,0.10406494140625,0.095367431640625,0.0994873046875,0.09765625,0.096588134765625,0.09490966796875,0.09307861328125,0.102996826171875,0.13214111328125,0.107879638671875,0.069580078125,-0.438995361328125,-0.5889892578125,0.3717041015625,-0.993194580078125,1.0110454559326172
7,0.0035,-0.0,-0.0,-0.0,-0.0,-0.0,-0.0,1.5354585647583008,25.088552474975586,-469.2266845703125,-133066.96875,24934.83203125,-1389.781494140625,-2.059096574783325,-27.165746688842773,-149.7662353515625,34683.2578125,600.9588623046875,-678.0988159179688,-0.0,-0.0,-0.0,-0.0,-0.0,-0.0,0.00518798828125,0.00423431396484375,0.00644683837890625,0.0089263916015625,0.0037384033203125,0.0079345703125,0.00766754150390625,0.01094818115234375,0.00347137451171875,0.004119873046875,0.0152587890625,0.0092315673828125,0.0156402587890625,0.00484466552734375,0.00392913818359375,0.01399993896484375,0.113067626953125,0.113525390625,0.108184814453125,0.10498046875,0.10711669921875,0.109710693359375,0.1019287109375,0.114593505859375,0.106201171875,0.0927734375,0.107269287109375,0.09796142578125,0.215301513671875,0.8050537109375,0.08392333984375,1.9549560546875,6.1940789222717285
8,0.004,-0.0,-0.0,-0.0,-0.0,-0.0,-0.0,0.967850923538208,24.637828826904297,-469.24786376953125,-132891.375,24682.185546875,-1517.6090087890625,-2.09144926071167,-27.393156051635742,-149.86004638671875,34667.91015625,574.641845703125,-667.3422241210938,-0.0,-0.0,-0.0,-0.0,-0.0,-0.0,0.00823974609375,0.0066375732421875,0.0112152099609375,0.01567840576171875,0.014190673828125,0.01491546630859375,0.00957489013671875,0.02227783203125,0.00652313232421875,0.012359619140625,0.0225830078125,0.01171112060546875,0.015716552734375,0.01247406005859375,0.00614166259765625,0.02681732177734375,0.096282958984375,0.096893310546875,0.10162353515625,0.103302001953125,0.110015869140625,0.09765625,0.083770751953125,0.09735107421875,0.0958251953125,0.126953125,0.10711669921875,0.094757080078125,0.776824951171875,0.70281982421875,-0.1007080078125,1.18072509765625,5.584310531616211
9,0.0045000000000000005,-0.0,-0.0,-0.0,-0.0,-0.0,-0.0,1.5165786743164062,25.11577033996582,-468.9996643066406,-133015.328125,25038.541015625,-1557.0860595703125,-2.1611082553863525,-27.12786293029785,-147.8397979736328,34655.94140625,420.5846862792969,-642.0892944335938,-0.0,-0.0,-0.0,-0.0,-0.0,-0.0,-0.0028228759765625,-0.00457763671875,-0.005340576171875,-0.00720977783203125,-0.005645751953125,-0.00659942626953125,-0.007476806640625,-0.0118255615234375,-0.001220703125,-0.00621795654296875,-0.0116729736328125,-0.01049041748046875,-0.0135040283203125,-0.00537872314453125,-0.00354766845703125,-0.0139617919921875,0.102386474609375,0.100250244140625,0.106658935546875,0.093841552734375,0.105133056640625,0.098419189453125,0.107269287109375,0.091094970703125,0.099029541015625,0.106964111328125,0.090789794921875,0.099334716796875,-0.235595703125,-0.49041748046875,0.181884765625,-1.573638916015625,4.364773273468018
10,0.005,-0.0,-0.0,-0.0,-0.0,-0.0,-0.0,1.3252513408660889,25.204845428466797,-468.2655334472656,-133290.09375,25135.849609375,-1404.2257080078125,-2.185889482498169,-27.272541046142578,-149.01318359375,34802.09375,718.9677124023438,-538.108642578125,-0.0,-0.0,-0.0,-0.0,-0.0,-0.0,-0.0091552734375,-0.0069427490234375,-0.0107574462890625,-0.01300811767578125,-0.00640869140625,-0.0151824951171875,-0.0096893310546875,-0.02239227294921875,-0.004425048828125,-0.01155853271484375,-0.024566650390625,-0.01247406005859375,-0.0164794921875,-0.0115966796875,-0.0054168701171875,-0.02674102783203125,0.106048583984375,0.103759765625,0.100250244140625,0.090789794921875,0.098876953125,0.097808837890625,0.08697509765625,0.097808837890625,0.09429931640625,0.11688232421875,0.095367431640625,0.102386474609375,-0.218353271484375,-0.79437255859375,0.27496337890625,-1.09375,-0.20849192142486572
11,0.0055,-0.0,-0.0,-0.0,-0.0,-0.0,-0.0,1.5866421461105347,25.122161865234375,-469.2503662109375,-132803.9375,24760.8984375,-1623.6470947265625,-2.3571629524230957,-27.10842514038086,-149.16258239746094,34552.35546875,859.0682373046875,-555.23095703125,-0.0,-0.0,-0.0,-0.0,-0.0,-0.0,0.00423431396484375,0.00640869140625,0.00659942626953125,0.00751495361328125,0.00583648681640625,0.00762939453125,0.0072479248046875,0.01148223876953125,0.002899169921875,0.005340576171875,0.012969970703125,0.008697509765625,0.01491546630859375,0.00354766845703125,0.00446319580078125,0.0125885009765625,0.09246826171875,0.09796142578125,0.098724365234375,0.09613037109375,0.093231201171875,0.099639892578125,0.098724365234375,0.09674072265625,0.095672607421875,0.14617919921875,0.097808837890625,0.102386474609375,0.43914794921875,0.51544189453125,0.08941650390625,1.369476318359375,5.889194965362549
12,0.006,-0.0,-0.0,-0.0,-0.0,-0.0,-0.0,1.242008090019226,24.606924057006836,-470.68524169921875,-133366.734375,24854.9296875,-1419.4547119140625,-2.2177696228027344,-26.938114166259766,-147.71778869628906,34692.59765625,845.642578125,-644.1358032226562,-0.0,-0.0,-0.0,-0.0,-0.0,-0.0,0.007476806640625,0.00766754150390625,0.01010894775390625,0.01605987548828125,0.0109100341796875,0.01483917236328125,0.00885009765625,0.0214385986328125,0.005950927734375,0.01110076904296875,0.02391815185546875,0.009613037109375,0.01667022705078125,0.013580322265625,0.00499725341796875,0.02689361572265625,0.093536376953125,0.0994873046875,0.099029541015625,0.101470947265625,0.09368896484375,0.097808837890625,0.072021484375,0.095672607421875,0.09613037109375,0.087127685546875,0.097198486328125,0.081329345703125,0.4736328125,0.8563232421875,-0.3399658203125,1.05224609375,3.755004405975342
13,0.006500000000000001,-0.0,-0.0,-0.0,-0.0,-0.0,-0.0,0.9379010200500488,24.99505043029785,-471.54296875,-133595.765625,24901.19140625,-1410.391357421875,-2.1865177154541016,-27.341585159301758,-149.4091339111328,34546.4375,772.4429321289062,-625.0400390625,-0.0,-0.0,-0.0,-0.0,-0.0,-0.0,-0.00545501708984375,-0.00202178955078125,-0.0057220458984375,-0.0086212158203125,-0.0054168701171875,-0.0090789794921875,-0.00316619873046875,-0.01178741455078125,-0.0046539306640625,-0.00423431396484375,-0.01506805419921875,-0.00644683837890625,-0.01312255859375,-0.0060272216796875,-0.0014495849609375,-0.0164794921875,0.098876953125,0.09552001953125,0.099639892578125,0.1019287109375,0.103302001953125,0.110321044921875,0.101776123046875,0.09552001953125,0.098724365234375,0.119781494140625,0.101165771484375,0.103912353515625,-0.18707275390625,-0.3302001953125,0.25299072265625,-1.573486328125,2.5354671478271484
14,0.007,-0.0,-0.0,-0.0,-0.0,-0.0,-0.0,0.9502135515213013,25.154125213623047,-470.9119873046875,-133528.25,24670.865234375,-1418.9815673828125,-2.3257157802581787,-26.957265853881836,-147.5397186279297,34618.44140625,677.725341796875,-618.5818481445312,-0.0,-0.0,-0.0,-0.0,-0.0,-0.0,-0.00675201416015625,-0.0066375732421875,-0.01194000244140625,-0.01495361328125,-0.0115966796875,-0.0145721435546875,-0.008544921875,-0.02132415771484375,-0.003509521484375,-0.014190673828125,-0.0209808349609375,-0.0107574462890625,-0.0139617919921875,-0.00965118408203125,-0.003814697265625,-0.02536773681640625,0.11322021484375,0.1043701171875,0.10894775390625,0.1116943359375,0.10711669921875,0.1153564453125,0.106048583984375,0.108642578125,0.10345458984375,0.107421875,0.08514404296875,0.1031494140625,-0.64849853515625,-0.6964111328125,0.6787109375,-0.72601318359375,-0.5133762359619141
15,0.0075,-0.0,-0.0,-0.0,-0.0,-0.0,-0.0,0.9000247716903687,25.25480842590332,-469.83758544921875,-133413.609375,24800.0859375,-1451.9185791015625,-2.267897367477417,-26.680862426757812,-149.0572509765625,34443.53515625,721.7864379882812,-671.31005859375,-0.0,-0.0,-0.0,-0.0,-0.0,-0.0,0.004119873046875,0.00545501708984375,0.00614166259765625,0.0087738037109375,0.0067901611328125,0.0063323974609375,0.00751495361328125,0.01308441162109375,0.00354766845703125,0.00568389892578125,0.01312255859375,0.00858306884765625,0.01544952392578125,0.0054168701171875,0.0026702880859375,0.0131988525390625,0.1031494140625,0.10284423828125,0.094146728515625,0.09735107421875,0.10009765625,0.100250244140625,0.099334716796875,0.0958251953125,0.09674072265625,0.09796142578125,0.11138916015625,0.091094970703125,0.2508544921875,0.38665771484375,-0.2020263671875,1.570587158203125,7.108732223510742
16,0.008,-0.0,-0.0,-0.0,-0.0,-0.0,-0.0,1.6949996948242188,25.065122604370117,-470.8216247558594,-133484.859375,24944.654296875,-1536.251220703125,-2.356466770172119,-26.77268409729004,-147.41818237304688,34484.59375,450.7733459472656,-588.807861328125,-0.0,-0.0,-0.0,-0.0,-0.0,-0.0,0.008697509765625,0.00995635986328125,0.01129150390625,0.01445770263671875,0.0092315673828125,0.0140380859375,0.00728607177734375,0.0196075439453125,0.009002685546875,0.01247406005859375,0.0244903564453125,0.00942230224609375,0.01583099365234375,0.01010894775390625,0.00209808349609375,0.02655029296875,0.092010498046875,0.09857177734375,0.095672607421875,0.10223388671875,0.10223388671875,0.100555419921875,0.101165771484375,0.090179443359375,0.097198486328125,0.085296630859375,0.0897216796875,0.097503662109375,0.430450439453125,0.85113525390625,-0.32470703125,1.1004638671875,6.498963356018066
17,0.0085,-0.0,-0.0,-0.0,-0.0,-0.0,-0.0,1.3076869249343872,25.154335021972656,-472.24468994140625,-133572.671875,24831.1328125,-1464.7884521484375,-2.0597927570343018,-27.007076263427734,-147.41851806640625,34400.61328125,686.954345703125,-571.94140625,-0.0,-0.0,-0.0,-0.0,-0.0,-0.0,-0.0045013427734375,-0.00446319580078125,-0.00621795654296875,-0.007171630859375,-0.005035400390625,-0.0072479248046875,-0.0055694580078125,-0.01346588134765625,-0.0019073486328125,-0.0079345703125,-0.0121307373046875,-0.01071929931640625,-0.0133514404296875,-0.0040435791015625,-0.00324249267578125,-0.01377105712890625,0.098876953125,0.102386474609375,0.099029541015625,0.1055908203125,0.09674072265625,0.10589599609375,0.10772705078125,0.09918212890625,0.09613037109375,0.13946533203125,0.105133056640625,0.10101318359375,-0.606689453125,-0.0335693359375,0.1239013671875,-1.290435791015625,3.755004405975342
18,0.009000000000000001,-0.0,-0.0,-0.0,-0.0,-0.0,-0.0,1.4273681640625,24.94585609436035,-470.9088134765625,-133440.15625,24765.232421875,-1490.71533203125,-2.1982688903808594,-26.681903839111328,-146.83932495117188,34251.7734375,490.4425048828125,-624.7646484375,-0.0,-0.0,-0.0,-0.0,-0.0,-0.0,-0.0051116943359375,-0.0064849853515625,-0.01110076904296875,-0.016632080078125,-0.011138916015625,-0.01293182373046875,-0.008544921875,-0.02117156982421875,-0.00576019287109375,-0.00823974609375,-0.022125244140625,-0.0086212158203125,-0.0173187255859375,-0.01171112060546875,-0.0041961669921875,-0.025634765625,0.09796142578125,0.10467529296875,0.09552001953125,0.08941650390625,0.0897216796875,0.098419189453125,0.09033203125,0.099945068359375,0.102691650390625,0.079345703125,0.099945068359375,0.1007080078125,-0.283355712890625,-0.640869140625,0.55877685546875,-1.059112548828125,-0.5133762359619141
19,0.0095,-0.0,-0.0,-0.0,-0.0,-0.0,-0.0,1.3381576538085938,25.205265045166016,-471.3392028808594,-133718.234375,24694.595703125,-1448.3909912109375,-2.011629581451416,-26.84979248046875,-146.1764678955078,34457.42578125,688.968994140625,-631.1953735351562,-0.0,-0.0,-0.0,-0.0,-0.0,-0.0,0.0049591064453125,0.00392913818359375,0.0063323974609375,0.00885009765625,0.005340576171875,0.00957489013671875,0.00415802001953125,0.01216888427734375,0.0038909912109375,0.0067138671875,0.01499176025390625,0.007476806640625,0.01461029052734375,0.00690460205078125,0.002593994140625,0.01621246337890625,0.09765625,0.09368896484375,0.09521484375,0.099945068359375,0.098419189453125,0.0970458984375,0.088653564453125,0.103759765625,0.096893310546875,0.09735107421875,0.090179443359375,0.10162353515625,0.575103759765625,0.1202392578125,-0.06439208984375,1.529693603515625,6.1940789222717285
20,0.01,-0.0,-0.0,-0.0,-0.0,-0.0,-0.0,1.4569004774093628,24.738399505615234,-470.6321716308594,-133300.65625,24825.5,-1510.6046142578125,-2.375537157058716,-27.036487579345703,-147.30435180664062,34579.08984375,545.9525756835938,-446.94525146484375,-0.0,-0.0,-0.0,-0.0,-0.0,-0.0,0.00873565673828125,0.00850677490234375,0.01110076904296875,0.01453399658203125,0.0104522705078125,0.01422882080078125,0.00789642333984375,0.0209808349609375,0.00705718994140625,0.01194000244140625,0.02300262451171875,0.01155853271484375,0.013427734375,0.0081634521484375,0.0034332275390625,0.0263214111328125,0.098419189453125,0.094757080078125,0.096893310546875,0.0994873046875,0.099334716796875,0.09613037109375,0.10589599609375,0.09857177734375,0.106353759765625,0.08544921875,0.090789794921875,0.0958251953125,0.42266845703125,0.8026123046875,-0.340576171875,1.196441650390625,6.1940789222717285
21,0.0105,-0.0,-0.0,-0.0,-0.0,-0.0,-0.0,1.7246687412261963,25.16441535949707,-471.6523742675781,-133401.015625,24541.154296875,-1529.7205810546875,-1.9713475704193115,-27.04606056213379,-147.49725341796875,34242.2421875,691.1680908203125,-542.2244873046875,-0.0,-0.0,-0.0,-0.0,-0.0,-0.0,-0.00560760498046875,-0.0041961669921875,-0.00659942626953125,-0.00701904296875,-0.00545501708984375,-0.00873565673828125,-0.0043487548828125,-0.01308441162109375,-0.00240325927734375,-0.00804901123046875,-0.0122833251953125,-0.00545501708984375,-0.013580322265625,-0.00606536865234375,-0.00091552734375,-0.0146484375,0.10894775390625,0.10711669921875,0.10284423828125,0.111846923828125,0.102081298828125,0.108184814453125,0.1104736328125,0.11260986328125,0.1043701171875,0.1080322265625,0.10711669921875,0.1104736328125,-0.355377197265625,-0.1507568359375,0.27130126953125,-1.20635986328125,5.279426097869873
22,0.011,-0.0,-0.0,-0.0,-0.0,-0.0,-0.0,1.298297643661499,24.728944778442383,-470.6310729980469,-133509.609375,24449.76953125,-1478.0823974609375,-1.8724666833877563,-26.918407440185547,-148.4673309326172,34441.1484375,696.6661376953125,-472.9849548339844,-0.0,-0.0,-0.0,-0.0,-0.0,-0.0,-0.008392333984375,-0.00591278076171875,-0.0112152099609375,-0.01285552978515625,-0.01026153564453125,-0.0135040283203125,-0.00934600830078125,-0.02307891845703125,-0.00606536865234375,-0.0091552734375,-0.02170562744140625,-0.0104522705078125,-0.01735687255859375,-0.008544921875,-0.0046539306640625,-0.0250244140625,0.0921630859375,0.09979248046875,0.09765625,0.096588134765625,0.099945068359375,0.093231201171875,0.092926025390625,0.092315673828125,0.10406494140625,0.10162353515625,0.1092529296875,0.10101318359375,-0.247344970703125,-0.84442138671875,0.4901123046875,-1.20819091796875,-7.220831394195557
23,0.0115,-0.0,-0.0,-0.0,-0.0,-0.0,-0.0,1.2397412061691284,25.22390365600586,-470.3929443359375,-133359.15625,24662.248046875,-1520.042236328125,-2.0403480529785156,-27.16352653503418,-147.69113159179688,34762.45703125,545.4894409179688,-548.9454956054688,-0.0,-0.0,-0.0,-0.0,-0.0,-0.0,0.00560760498046875,0.00469207763671875,0.00667572021484375,0.00865936279296875,0.005340576171875,0.008087158203125,0.00606536865234375,0.0125885009765625,0.0037384033203125,0.00598907470703125,0.01506805419921875,0.0067138671875,0.01377105712890625,0.00690460205078125,0.00293731689453125,0.0152587890625,0.09857177734375,0.103912353515625,0.096893310546875,0.09490966796875,0.095062255859375,0.099945068359375,0.09124755859375,0.094451904296875,0.0994873046875,0.10040283203125,0.0927734375,0.110015869140625,0.406036376953125,-0.01861572265625,-0.062255859375,1.26373291015625,5.889194965362549
24,0.012,-0.0,-0.0,-0.0,-0.0,-0.0,-0.0,1.378273367881775,25.105762481689453,-470.51507568359375,-133740.125,24696.96875,-1471.9520263671875,-1.9407492876052856,-27.14358139038086,-149.32293701171875,34425.75,557.44482421875,-413.89019775390625,-0.0,-0.0,-0.0,-0.0,-0.0,-0.0,0.00720977783203125,0.00789642333984375,0.01056671142578125,0.01499176025390625,0.0106048583984375,0.01346588134765625,0.01041412353515625,0.022430419921875,0.007476806640625,0.01010894775390625,0.02407073974609375,0.01064300537109375,0.0141143798828125,0.00896453857421875,0.00316619873046875,0.02685546875,0.09765625,0.10101318359375,0.094757080078125,0.098114013671875,0.106048583984375,0.098876953125,0.104522705078125,0.09735107421875,0.09796142578125,0.159149169921875,0.087127685546875,0.110321044921875,0.667877197265625,0.97198486328125,-0.13916015625,1.24176025390625,4.364773273468018
25,0.0125,-0.0,-0.0,-0.0,-0.0,-0.0,-0.0,1.6949996948242188,24.818496704101562,-470.93707275390625,-133426.921875,24402.689453125,-1717.781005859375,-1.8829286098480225,-27.154586791992188,-147.8485870361328,34681.27734375,451.27899169921875,-446.5084533691406,-0.0,-0.0,-0.0,-0.0,-0.0,-0.0,-0.0045013427734375,-0.0040435791015625,-0.006866455078125,-0.0072479248046875,-0.0077056884765625,-0.0072479248046875,-0.0058746337890625,-0.01262664794921875,-0.0038909912109375,-0.0074005126953125,-0.013427734375,-0.006866455078125,-0.01453399658203125,-0.00438690185546875,-0.003204345703125,-0.01552581787109375,0.0970458984375,0.09765625,0.09185791015625,0.093841552734375,0.100250244140625,0.098419189453125,0.093536376953125,0.100250244140625,0.098114013671875,0.102081298828125,0.0958251953125,0.08148193359375,-0.161590576171875,0.3314208984375,0.010986328125,-1.209716796875,1.6208140850067139
26,0.013000000000000001,-0.0,-0.0,-0.0,-0.0,-0.0,-0.0,1.6057891845703125,24.798431396484375,-469.8559265136719,-133388.84375,24429.021484375,-1533.914306640625,-1.943159818649292,-27.311370849609375,-149.66151428222656,34853.12109375,409.0965270996094,-604.4346313476562,-0.0,-0.0,-0.0,-0.0,-0.0,-0.0,-0.0077056884765625,-0.00659942626953125,-0.0109100341796875,-0.01293182373046875,-0.009918212890625,-0.01232147216796875,-0.0066375732421875,-0.0225067138671875,-0.00850677490234375,-0.01125335693359375,-0.0218963623046875,-0.0116729736328125,-0.01583099365234375,-0.00720977783203125,-0.003814697265625,-0.0246429443359375,0.099029541015625,0.10101318359375,0.092620849609375,0.1019287109375,0.09979248046875,0.087738037109375,0.08880615234375,0.09979248046875,0.092926025390625,0.09796142578125,0.088348388671875,0.078277587890625,-0.486602783203125,-1.05926513671875,0.33233642578125,-1.35467529296875,-2.95245099067688
27,0.0135,-0.0,-0.0,-0.0,-0.0,-0.0,-0.0,1.682869553565979,24.70124053955078,-470.1627502441406,-133172.1875,24720.30078125,-1584.66015625,-1.6452471017837524,-27.576406478881836,-149.94448852539062,34778.2109375,380.7153015136719,-473.3278503417969,-0.0,-0.0,-0.0,-0.0,-0.0,-0.0,0.0054168701171875,0.00415802001953125,0.00797271728515625,0.0074005126953125,0.0078582763671875,0.008087158203125,0.005950927734375,0.0115203857421875,0.0043487548828125,0.006561279296875,0.01575469970703125,0.0074005126953125,0.01678466796875,0.00606536865234375,0.00255584716796875,0.0162506103515625,0.09490966796875,0.098876953125,0.09124755859375,0.097198486328125,0.100555419921875,0.0994873046875,0.09368896484375,0.09521484375,0.10009765625,0.06927490234375,0.090789794921875,0.098419189453125,0.2105712890625,0.0469970703125,0.25299072265625,1.346588134765625,5.279426097869873
28,0.014,-0.0,-0.0,-0.0,-0.0,-0.0,-0.0,1.435174822807312,25.09410858154297,-470.5162353515625,-133581.078125,24406.544921875,-1396.904296875,-1.6450823545455933,-27.447921752929688,-150.5153045654297,34927.52734375,322.8052673339844,-489.52484130859375,-0.0,-0.0,-0.0,-0.0,-0.0,-0.0,0.0080108642578125,0.00720977783203125,0.01129150390625,0.01476287841796875,0.0116729736328125,0.0156402587890625,0.01018524169921875,0.0206756591796875,0.00530242919921875,0.010986328125,0.02399444580078125,0.013885498046875,0.0154876708984375,0.0090789794921875,0.00476837158203125,0.026397705078125,0.10955810546875,0.108489990234375,0.1043701171875,0.1019287109375,0.10101318359375,0.109710693359375,0.107269287109375,0.1007080078125,0.108184814453125,0.14007568359375,0.110626220703125,0.115814208984375,0.573883056640625,1.03271484375,0.2020263671875,1.6278076171875,4.669657230377197
29,0.0145,-0.0,-0.0,-0.0,-0.0,-0.0,-0.0,1.3177499771118164,25.195941925048828,-469.37615966796875,-133357.28125,24466.1875,-1462.0013427734375,-1.8552862405776978,-27.50840187072754,-150.53404235839844,34996.98828125,432.61505126953125,-430.3804626464844,-0.0,-0.0,-0.0,-0.0,-0.0,-0.0,-0.00392913818359375,-0.0045013427734375,-0.0067901611328125,-0.00797271728515625,-0.006256103515625,-0.00659942626953125,-0.0081634521484375,-0.01209259033203125,-0.0048828125,-0.0054168701171875,-0.0141143798828125,-0.00850677490234375,-0.0150299072265625,-0.00640869140625,-0.00232696533203125,-0.0146484375,0.100555419921875,0.098419189453125,0.097198486328125,0.099945068359375,0.102081298828125,0.09307861328125,0.096893310546875,0.097198486328125,0.09857177734375,0.103759765625,0.103607177734375,0.11627197265625,0.087127685546875,0.0994873046875,0.2392578125,-1.093292236328125,4.974541664123535
30,0.015,-0.0,-0.0,-0.0,-0.0,-0.0,-0.0,1.3381576538085938,24.54456329345703,-469.1327819824219,-133199.703125,24504.23046875,-1489.8944091796875,-1.842576503753662,-27.53610610961914,-149.97500610351562,34947.3671875,446.4123840332031,-505.78839111328125,-0.0,-0.0,-0.0,-0.0,-0.0,-0.0,-0.00732421875,-0.00667572021484375,-0.01117706298828125,-0.01316070556640625,-0.00942230224609375,-0.0128173828125,-0.008087158203125,-0.0215911865234375,-0.00759124755859375,-0.01102447509765625,-0.0223541259765625,-0.01384735107421875,-0.01556396484375,-0.007171630859375,-0.0029754638671875,-0.0251007080078125,0.098114013671875,0.103912353515625,0.091094970703125,0.104827880859375,0.102691650390625,0.088348388671875,0.115203857421875,0.09735107421875,0.09765625,0.089874267578125,0.10162353515625,0.095062255859375,-0.17547607421875,-0.90789794921875,0.2001953125,-1.217193603515625,-1.1231448650360107
31,0.0155,-0.0,-0.0,-0.0,-0.0,-0.0,-0.0,1.4754846096038818,24.826324462890625,-468.72332763671875,-133029.375,24611.896484375,-1498.455322265625,-2.019941806793213,-27.64468765258789,-150.1876220703125,34638.75390625,275.4867248535156,-455.7883605957031,-0.0,-0.0,-0.0,-0.0,-0.0,-0.0,0.00522613525390625,0.0048065185546875,0.00766754150390625,0.01007080078125,0.00644683837890625,0.0084686279296875,0.007781982421875,0.01163482666015625,0.006103515625,0.00438690185546875,0.01373291015625,0.006866455078125,0.01617431640625,0.00705718994140625,0.00244140625,0.015716552734375,0.102691650390625,0.103302001953125,0.09735107421875,0.101318359375,0.103302001953125,0.09918212890625,0.113525390625,0.094146728515625,0.098876953125,0.096588134765625,0.104522705078125,0.098419189453125,0.11260986328125,0.03814697265625,0.2142333984375,1.17706298828125,6.803847789764404
32,0.016,-0.0,-0.0,-0.0,-0.0,-0.0,-0.0,1.9554877281188965,24.572660446166992,-469.5927734375,-133139.234375,24649.490234375,-1449.3604736328125,-1.8151699304580688,-27.665075302124023,-149.00714111328125,34761.109375,237.30490112304688,-384.8283996582031,-0.0,-0.0,-0.0,-0.0,-0.0,-0.0,0.00885009765625,0.00701904296875,0.01129150390625,0.0136566162109375,0.00980377197265625,0.01361846923828125,0.00713348388671875,0.020904541015625,0.006866455078125,0.01239776611328125,0.02338409423828125,0.01384735107421875,0.01682281494140625,0.00919342041015625,0.0031280517578125,0.02475738525390625,0.0958251953125,0.09735107421875,0.09765625,0.093231201171875,0.10162353515625,0.09613037109375,0.103759765625,0.099029541015625,0.08331298828125,0.11322021484375,0.104217529296875,0.084075927734375,0.743408203125,1.280517578125,-0.38330078125,1.365814208984375,4.364773273468018
33,0.0165,-0.0,-0.0,-0.0,-0.0,-0.0,-0.0,1.8862327337265015,24.784652709960938,-470.3537292480469,-132980.65625,24541.81640625,-1552.5931396484375,-1.7471833229064941,-27.352807998657227,-150.50982666015625,35110.34765625,478.6495666503906,-542.1429443359375,-0.0,-0.0,-0.0,-0.0,-0.0,-0.0,-0.00347137451171875,-0.00469207763671875,-0.00675201416015625,-0.0072479248046875,-0.005950927734375,-0.00759124755859375,-0.00766754150390625,-0.01323699951171875,-0.0045013427734375,-0.00720977783203125,-0.015869140625,-0.0086212158203125,-0.01453399658203125,-0.00637054443359375,-0.00213623046875,-0.0148773193359375,0.09796142578125,0.099029541015625,0.10162353515625,0.0994873046875,0.095062255859375,0.0970458984375,0.102386474609375,0.096588134765625,0.09613037109375,0.09368896484375,0.081329345703125,0.099945068359375,-0.09063720703125,-0.123291015625,-0.015869140625,-0.89080810546875,1.3159297704696655
34,0.017,-0.0,-0.0,-0.0,-0.0,-0.0,-0.0,1.5435154438018799,24.42790412902832,-469.37615966796875,-133177.453125,24312.810546875,-1582.018798828125,-1.9104053974151611,-27.385942459106445,-148.5517120361328,34806.61328125,451.5482482910156,-393.94720458984375,-0.0,-0.0,-0.0,-0.0,-0.0,-0.0,-0.007171630859375,-0.008087158203125,-0.01171112060546875,-0.0144195556640625,-0.0098419189453125,-0.013427734375,-0.0090789794921875,-0.0197601318359375,-0.0049591064453125,-0.0112152099609375,-0.0197601318359375,-0.01178741455078125,-0.01567840576171875,-0.0118255615234375,-0.0060272216796875,-0.02407073974609375,0.100555419921875,0.096588134765625,0.097808837890625,0.097198486328125,0.08453369140625,0.09979248046875,0.10101318359375,0.0909423828125,0.096893310546875,0.03936767578125,0.090789794921875,0.087127685546875,-0.462188720703125,-0.88409423828125,0.32318115234375,-1.34307861328125,6.498963356018066
35,0.0175,-0.0,-0.0,-0.0,-0.0,-0.0,-0.0,1.4749202728271484,24.7574405670166,-468.48150634765625,-133279.6875,24461.06640625,-1393.637939453125,-1.8422398567199707,-27.297338485717773,-150.05377197265625,34675.34375,357.01641845703125,-414.6285095214844,-0.0,-0.0,-0.0,-0.0,-0.0,-0.0,0.0048065185546875,0.00507354736328125,0.0064849853515625,0.0098419189453125,0.006561279296875,0.00820159912109375,0.00759124755859375,0.01262664794921875,0.0049591064453125,0.00537872314453125,0.0182342529296875,0.0113677978515625,0.01598358154296875,0.00659942626953125,0.00202178955078125,0.01712799072265625,0.106048583984375,0.11016845703125,0.106048583984375,0.105133056640625,0.10894775390625,0.1123046875,0.099029541015625,0.104217529296875,0.105743408203125,0.143890380859375,0.1043701171875,0.1025390625,0.206756591796875,0.07049560546875,0.472412109375,1.1358642578125,1.0110454559326172
36,0.018000000000000002,-0.0,-0.0,-0.0,-0.0,-0.0,-0.0,1.4482802152633667,24.547088623046875,-470.1045227050781,-133272.0625,24574.560546875,-1554.4290771484375,-2.0195789337158203,-27.088470458984375,-148.4933624267578,34565.6953125,548.6233520507812,-437.5032653808594,-0.0,-0.0,-0.0,-0.0,-0.0,-0.0,0.00743865966796875,0.005340576171875,0.01163482666015625,0.0159454345703125,0.0128173828125,0.0141143798828125,0.0096893310546875,0.020751953125,0.005950927734375,0.0116729736328125,0.0218963623046875,0.00926971435546875,0.01483917236328125,0.00843048095703125,0.0070953369140625,0.02532958984375,0.094757080078125,0.099639892578125,0.092620849609375,0.10009765625,0.098724365234375,0.1019287109375,0.098876953125,0.09918212890625,0.101165771484375,0.14923095703125,0.105133056640625,0.1031494140625,0.646209716796875,1.092529296875,-0.330810546875,1.356048583984375,1.9256983995437622
37,0.0185,-0.0,-0.0,-0.0,-0.0,-0.0,-0.0,1.4536725282669067,24.699783325195312,-470.5186767578125,-133312.6875,24512.75,-1469.864013671875,-1.6438541412353516,-27.291400909423828,-149.4368896484375,34806.5078125,556.093505859375,-343.17822265625,-0.0,-0.0,-0.0,-0.0,-0.0,-0.0,-0.002899169921875,-0.0045013427734375,-0.00652313232421875,-0.00759124755859375,-0.0078582763671875,-0.00644683837890625,-0.0066375732421875,-0.01117706298828125,-0.00370025634765625,-0.00675201416015625,-0.0122833251953125,-0.00934600830078125,-0.0118255615234375,-0.00621795654296875,-0.00377655029296875,-0.0156402587890625,0.099945068359375,0.095367431640625,0.103912353515625,0.1007080078125,0.096282958984375,0.103759765625,0.102386474609375,0.09368896484375,0.100250244140625,0.089874267578125,0.102386474609375,0.101318359375,0.1812744140625,0.16204833984375,-0.0616455078125,-0.4962158203125,4.364773273468018
38,0.019,-0.0,-0.0,-0.0,-0.0,-0.0,-0.0,1.5005314350128174,24.573957443237305,-469.02294921875,-133372.296875,24455.525390625,-1389.2623291015625,-1.8629264831542969,-26.84473419189453,-148.6562957763672,34334.6328125,369.3728332519531,-461.7940673828125,-0.0,-0.0,-0.0,-0.0,-0.0,-0.0,-0.00576019287109375,-0.00530242919921875,-0.01129150390625,-0.01476287841796875,-0.00942230224609375,-0.013885498046875,-0.00823974609375,-0.0211334228515625,-0.00553131103515625,-0.0086212158203125,-0.02044677734375,-0.00835418701171875,-0.0130462646484375,-0.01018524169921875,-0.00438690185546875,-0.02475738525390625,0.09857177734375,0.09979248046875,0.0994873046875,0.094146728515625,0.1068115234375,0.102996826171875,0.096588134765625,0.095367431640625,0.09429931640625,0.102081298828125,0.095367431640625,0.106048583984375,-0.22918701171875,-0.7965087890625,0.42755126953125,-0.955047607421875,0.09639240801334381
39,0.0195,-0.0,-0.0,-0.0,-0.0,-0.0,-0.0,1.3804028034210205,24.468652725219727,-470.3707580566406,-133346.875,24400.15625,-1583.3719482421875,-1.6435481309890747,-27.29617691040039,-147.5260009765625,34402.05859375,411.9681091308594,-407.7645568847656,-0.0,-0.0,-0.0,-0.0,-0.0,-0.0,0.00644683837890625,0.00499725341796875,0.00629425048828125,0.00904083251953125,0.00850677490234375,0.0079345703125,0.0075531005859375,0.01392364501953125,0.00560760498046875,0.00766754150390625,0.015106201171875,0.01129150390625,0.01556396484375,0.00507354736328125,0.00316619873046875,0.01514434814453125,0.096893310546875,0.091094970703125,0.098419189453125,0.101470947265625,0.091094970703125,0.094146728515625,0.12542724609375,0.093231201171875,0.09552001953125,0.096435546875,0.1043701171875,0.07476806640625,0.180206298828125,0.1861572265625,0.33905029296875,0.582275390625,7.108732223510742
40,0.02,-0.0,-0.0,-0.0,-0.0,-0.0,-0.0,1.0403586626052856,24.553180694580078,-469.1906433105469,-133374.4375,24524.6015625,-1542.5213623046875,-1.9049955606460571,-27.16119384765625,-149.1885223388672,34468.890625,378.1429748535156,-454.743408203125,-0.0,-0.0,-0.0,-0.0,-0.0,-0.0,0.0074005126953125,0.0075531005859375,0.010986328125,0.01560211181640625,0.01003265380859375,0.0147247314453125,0.007171630859375,0.01949310302734375,0.00518798828125,0.0072479248046875,0.0222015380859375,0.00904083251953125,0.01392364501953125,0.00812530517578125,0.00431060791015625,0.02475738525390625,0.09765625,0.10101318359375,0.09918212890625,0.099945068359375,0.1080322265625,0.0927734375,0.0946044921875,0.09368896484375,0.095672607421875,0.038604736328125,0.09796142578125,0.0909423828125,0.557708740234375,0.94268798828125,-0.38482666015625,1.2652587890625,4.05988883972168
41,0.0205,-0.0,-0.0,-0.0,-0.0,-0.0,-0.0,1.6057891845703125,24.4896183013916,-470.4521789550781,-133248.78125,24572.3203125,-1463.488525390625,-1.9347634315490723,-27.35869789123535,-147.2254638671875,34446.92578125,334.83416748046875,-415.1415100097656,-0.0,-0.0,-0.0,-0.0,-0.0,-0.0,-0.00583648681640625,-0.00461578369140625,-0.00698089599609375,-0.01010894775390625,-0.0058746337890625,-0.010223388671875,-0.0055694580078125,-0.0133514404296875,-0.0055694580078125,-0.00759124755859375,-0.01667022705078125,-0.00812530517578125,-0.01499176025390625,-0.00762939453125,-0.00091552734375,-0.01811981201171875,0.097808837890625,0.09307861328125,0.0933837890625,0.103302001953125,0.0872802734375,0.09368896484375,0.099029541015625,0.096435546875,0.097198486328125,0.091705322265625,0.101776123046875,0.110626220703125,-0.0640869140625,-0.050048828125,0.14068603515625,-0.727386474609375,1.3159297704696655
42,0.021,-0.0,-0.0,-0.0,-0.0,-0.0,-0.0,1.559216022491455,24.1795711517334,-470.1824645996094,-133147.0,24577.98828125,-1441.5308837890625,-1.9728106260299683,-26.917034149169922,-146.6436767578125,34233.6875,568.0538330078125,-536.4559326171875,-0.0,-0.0,-0.0,-0.0,-0.0,-0.0,-0.00507354736328125,-0.0075531005859375,-0.01068115234375,-0.01323699951171875,-0.0080108642578125,-0.01255035400390625,-0.0096893310546875,-0.0212860107421875,-0.00690460205078125,-0.0096893310546875,-0.02044677734375,-0.01171112060546875,-0.01209259033203125,-0.00713348388671875,-0.001983642578125,-0.023345947265625,0.116119384765625,0.111236572265625,0.113677978515625,0.1104736328125,0.10009765625,0.103759765625,0.105438232421875,0.11505126953125,0.10467529296875,0.106658935546875,0.112457275390625,0.1068115234375,-0.800323486328125,-0.9185791015625,0.45684814453125,-0.927581787109375,0.7061610817909241
43,0.021500000000000002,-0.0,-0.0,-0.0,-0.0,-0.0,-0.0,1.8269902467727661,24.32895278930664,-470.8033142089844,-133169.25,24554.326171875,-1525.8741455078125,-1.9516372680664062,-26.984134674072266,-146.7126007080078,34287.97265625,597.10400390625,-386.7705993652344,-0.0,-0.0,-0.0,-0.0,-0.0,-0.0,0.00476837158203125,0.00576019287109375,0.00850677490234375,0.00904083251953125,0.00797271728515625,0.008087158203125,0.00919342041015625,0.01377105712890625,0.00522613525390625,0.00751495361328125,0.0151824951171875,0.005950927734375,0.014190673828125,0.0077056884765625,0.00232696533203125,0.017852783203125,0.09979248046875,0.100860595703125,0.09490966796875,0.093994140625,0.09796142578125,0.098419189453125,0.100860595703125,0.100860595703125,0.101318359375,0.096893310546875,0.086669921875,0.0958251953125,-0.02288818359375,0.1226806640625,0.04486083984375,0.558319091796875,7.71850061416626
44,0.022,-0.0,-0.0,-0.0,-0.0,-0.0,-0.0,1.8734207153320312,24.849245071411133,-469.92559814453125,-133237.234375,24478.64453125,-1449.3948974609375,-1.9942904710769653,-26.825170516967773,-147.42591857910156,34385.35546875,464.7052917480469,-541.0462646484375,-0.0,-0.0,-0.0,-0.0,-0.0,-0.0,0.00736236572265625,0.007781982421875,0.0106048583984375,0.016326904296875,0.01018524169921875,0.0139617919921875,0.0084686279296875,0.01903533935546875,0.00514984130859375,0.0096893310546875,0.01918792724609375,0.00972747802734375,0.01338958740234375,0.00904083251953125,0.00301361083984375,0.02567291259765625,0.09368896484375,0.094146728515625,0.097198486328125,0.099334716796875,0.09124755859375,0.10040283203125,0.093536376953125,0.09857177734375,0.10528564453125,0.081634521484375,0.109405517578125,0.096435546875,0.89569091796875,0.70465087890625,-0.3741455078125,1.2249755859375,4.974541664123535
45,0.0225,-0.0,-0.0,-0.0,-0.0,-0.0,-0.0,1.8980419635772705,24.397130966186523,-470.5453796386719,-133429.40625,24701.923828125,-1707.930908203125,-1.8629264831542969,-26.828502655029297,-148.20860290527344,34399.43359375,385.9888000488281,-468.4634094238281,-0.0,-0.0,-0.0,-0.0,-0.0,-0.0,-0.0045013427734375,-0.00331878662109375,-0.00640869140625,-0.00911712646484375,-0.00576019287109375,-0.0083160400390625,-0.00316619873046875,-0.0148773193359375,-0.00347137451171875,-0.00652313232421875,-0.012969970703125,-0.0104522705078125,-0.01392364501953125,-0.006103515625,-0.00301361083984375,-0.01644134521484375,0.094757080078125,0.101470947265625,0.097198486328125,0.1007080078125,0.10040283203125,0.1019287109375,0.10986328125,0.10284423828125,0.101470947265625,0.179443359375,0.101318359375,0.093536376953125,0.428619384765625,0.216064453125,0.06011962890625,-0.328826904296875,1.6208140850067139
46,0.023,-0.0,-0.0,-0.0,-0.0,-0.0,-0.0,1.538191318511963,24.289413452148438,-469.8258361816406,-133288.0,24312.8671875,-1609.281982421875,-1.7713667154312134,-27.18454360961914,-147.95579528808594,34350.8046875,433.1614074707031,-431.59173583984375,-0.0,-0.0,-0.0,-0.0,-0.0,-0.0,-0.0070953369140625,-0.0098419189453125,-0.0102996826171875,-0.011749267578125,-0.00804901123046875,-0.01194000244140625,-0.0081634521484375,-0.01922607421875,-0.00518798828125,-0.011444091796875,-0.020599365234375,-0.0095367431640625,-0.0150299072265625,-0.0104522705078125,-0.0035858154296875,-0.0237274169921875,0.092926025390625,0.1080322265625,0.094451904296875,0.0970458984375,0.1092529296875,0.099639892578125,0.10467529296875,0.095672607421875,0.091400146484375,0.099639892578125,0.10345458984375,0.09613037109375,-0.690155029296875,-0.57708740234375,0.41595458984375,-1.395263671875,-0.8182606101036072
47,0.0235,-0.0,-0.0,-0.0,-0.0,-0.0,-0.0,1.8058937788009644,24.351789474487305,-469.3663330078125,-133307.84375,24506.3984375,-1566.8173828125,-2.0403480529785156,-26.892675399780273,-146.7284393310547,34253.8671875,624.1961669921875,-438.8395690917969,-0.0,-0.0,-0.0,-0.0,-0.0,-0.0,0.00545501708984375,0.0054168701171875,0.00736236572265625,0.01110076904296875,0.00698089599609375,0.01102447509765625,0.0046539306640625,0.01373291015625,0.0042724609375,0.00885009765625,0.0153350830078125,0.009002685546875,0.01544952392578125,0.00629425048828125,0.00244140625,0.01674652099609375,0.099639892578125,0.0994873046875,0.093841552734375,0.10955810546875,0.096435546875,0.097198486328125,0.093231201171875,0.097503662109375,0.093231201171875,0.14984130859375,0.108642578125,0.11077880859375,0.244293212890625,0.2215576171875,0.25390625,0.8050537109375,6.803847789764404
48,0.024,-0.0,-0.0,-0.0,-0.0,-0.0,-0.0,1.8711706399917603,24.376041412353516,-469.2811584472656,-132884.828125,24288.880859375,-1662.421142578125,-1.4409648180007935,-27.093259811401367,-148.84201049804688,34330.6953125,613.7158813476562,-445.6468505859375,-0.0,-0.0,-0.0,-0.0,-0.0,-0.0,0.00751495361328125,0.00659942626953125,0.0116729736328125,0.0160980224609375,0.0104522705078125,0.0146484375,0.00804901123046875,0.01995086669921875,0.0037384033203125,0.01125335693359375,0.02277374267578125,0.00782012939453125,0.0122833251953125,0.00812530517578125,0.0040435791015625,0.023956298828125,0.10223388671875,0.102996826171875,0.0982666015625,0.0994873046875,0.0958251953125,0.1031494140625,0.077972412109375,0.099945068359375,0.0970458984375,0.091705322265625,0.097808837890625,0.10467529296875,0.79437255859375,1.025390625,-0.40863037109375,1.19903564453125,5.584310531616211
49,0.0245,-0.0,-0.0,-0.0,-0.0,-0.0,-0.0,1.6712580919265747,24.378124237060547,-469.02294921875,-133261.296875,24453.40234375,-1596.049072265625,-1.5967941284179688,-26.87137222290039,-147.34197998046875,34549.3515625,675.6218872070312,-385.67279052734375,-0.0,-0.0,-0.0,-0.0,-0.0,-0.0,-0.00522613525390625,-0.00400543212890625,-0.0075531005859375,-0.0081634521484375,-0.0067901611328125,-0.0090789794921875,-0.00614166259765625,-0.0146484375,-0.003204345703125,-0.00995635986328125,-0.0104522705078125,-0.00850677490234375,-0.01293182373046875,-0.00606536865234375,-0.003662109375,-0.01674652099609375,0.108489990234375,0.10528564453125,0.106964111328125,0.1031494140625,0.10498046875,0.114593505859375,0.105438232421875,0.11688232421875,0.106201171875,0.116729736328125,0.1104736328125,0.104217529296875,0.06683349609375,0.0762939453125,-0.1409912109375,-0.043487548828125,1.3159297704696655
50,0.025,-0.0,-0.0,-0.0,-0.0,-0.0,-0.0,2.008082389831543,24.399869918823242,-467.8634033203125,-132718.65625,24294.3515625,-1551.995849609375,-1.1514534950256348,-27.112977981567383,-146.72216796875,34430.27734375,525.6471557617188,-423.0021667480469,-0.0,-0.0,-0.0,-0.0,-0.0,-0.0,-0.00736236572265625,-0.00827789306640625,-0.0096893310546875,-0.01377105712890625,-0.010223388671875,-0.0125885009765625,-0.00972747802734375,-0.01926422119140625,-0.00514984130859375,-0.007781982421875,-0.0234222412109375,-0.009918212890625,-0.01384735107421875,-0.009307861328125,-0.00324249267578125,-0.0228118896484375,0.0946044921875,0.092315673828125,0.093994140625,0.102996826171875,0.09063720703125,0.10345458984375,0.1025390625,0.095977783203125,0.102081298828125,0.077056884765625,0.090789794921875,0.093536376953125,-0.5218505859375,-1.048583984375,0.33416748046875,-1.123199462890625,-1.1231448650360107
51,0.025500000000000002,-0.0,-0.0,-0.0,-0.0,-0.0,-0.0,2.0518417358398438,24.01853370666504,-469.5499572753906,-133220.984375,24225.908203125,-1648.6904296875,-1.483274221420288,-27.203079223632812,-148.46932983398438,34553.48046875,639.4625244140625,-468.0085144042969,-0.0,-0.0,-0.0,-0.0,-0.0,-0.0,0.00591278076171875,0.00396728515625,0.0067901611328125,0.0119781494140625,0.00576019287109375,0.0113677978515625,0.00438690185546875,0.01377105712890625,0.00446319580078125,0.00782012939453125,0.0162506103515625,0.00804901123046875,0.016326904296875,0.00606536865234375,0.00396728515625,0.01796722412109375,0.09979248046875,0.1019287109375,0.095367431640625,0.09674072265625,0.09674072265625,0.091552734375,0.097198486328125,0.095977783203125,0.098876953125,0.1092529296875,0.099639892578125,0.08544921875,0.408782958984375,0.2984619140625,0.29571533203125,0.72845458984375,7.108732223510742
52,0.026000000000000002,-0.0,-0.0,-0.0,-0.0,-0.0,-0.0,1.8734207153320312,24.0662841796875,-467.8719177246094,-133021.84375,24332.32421875,-1449.8624267578125,-1.5967941284179688,-26.93694496154785,-148.040283203125,34256.98828125,326.270751953125,-542.322998046875,-0.0,-0.0,-0.0,-0.0,-0.0,-0.0,0.00621795654296875,0.00751495361328125,0.010833740234375,0.01445770263671875,0.0092315673828125,0.01132965087890625,0.00659942626953125,0.0182342529296875,0.0074005126953125,0.0098419189453125,0.02349853515625,0.00980377197265625,0.01499176025390625,0.0099945068359375,0.0051116943359375,0.02410888671875,0.095062255859375,0.095062255859375,0.095062255859375,0.101318359375,0.0946044921875,0.108184814453125,0.098724365234375,0.091400146484375,0.104217529296875,0.11322021484375,0.10345458984375,0.13153076171875,0.793914794921875,1.2408447265625,-0.1446533203125,1.37939453125,4.364773273468018
53,0.0265,-0.0,-0.0,-0.0,-0.0,-0.0,-0.0,2.1419005393981934,24.220550537109375,-469.6485900878906,-133081.25,24289.759765625,-1662.386474609375,-1.7074456214904785,-27.1366024017334,-149.0914764404297,34698.1953125,465.761474609375,-371.0953063964844,-0.0,-0.0,-0.0,-0.0,-0.0,-0.0,-0.0055694580078125,-0.00385284423828125,-0.00732421875,-0.00995635986328125,-0.00644683837890625,-0.00926971435546875,-0.0092315673828125,-0.01331329345703125,-0.0042724609375,-0.00881195068359375,-0.0115966796875,-0.0096893310546875,-0.0146484375,-0.0057220458984375,-0.00331878662109375,-0.01628875732421875,0.0970458984375,0.092620849609375,0.096282958984375,0.0994873046875,0.09552001953125,0.090484619140625,0.07904052734375,0.094451904296875,0.100250244140625,0.046844482421875,0.103759765625,0.07843017578125,0.05218505859375,0.3314208984375,-0.1092529296875,-0.561676025390625,1.0110454559326172
54,0.027,-0.0,-0.0,-0.0,-0.0,-0.0,-0.0,2.341646671295166,24.332599639892578,-469.37615966796875,-133390.953125,24211.86328125,-1589.1031494140625,-1.5967941284179688,-27.424190521240234,-147.68626403808594,34465.2421875,676.9774169921875,-512.1832275390625,-0.0,-0.0,-0.0,-0.0,-0.0,-0.0,-0.005645751953125,-0.0070953369140625,-0.01018524169921875,-0.013885498046875,-0.00896453857421875,-0.01140594482421875,-0.00476837158203125,-0.01850128173828125,-0.00476837158203125,-0.0096893310546875,-0.02201080322265625,-0.00995635986328125,-0.0141143798828125,-0.00789642333984375,-0.00583648681640625,-0.02353668212890625,0.1031494140625,0.10040283203125,0.105743408203125,0.09979248046875,0.106964111328125,0.09979248046875,0.10162353515625,0.10009765625,0.10040283203125,0.196533203125,0.102081298828125,0.08880615234375,-0.52947998046875,-0.6878662109375,0.377197265625,-1.29425048828125,-11.489212036132812
55,0.0275,-0.0,-0.0,-0.0,-0.0,-0.0,-0.0,2.0743167400360107,24.399505615234375,-469.0238952636719,-133310.75,24284.583984375,-1581.689208984375,-1.5305107831954956,-26.78346824645996,-148.5633544921875,34743.97265625,564.0217895507812,-408.3003845214844,-0.0,-0.0,-0.0,-0.0,-0.0,-0.0,0.00576019287109375,0.00499725341796875,0.0089263916015625,0.00946044921875,0.00759124755859375,0.008392333984375,0.0055694580078125,0.01483917236328125,0.00457763671875,0.0104522705078125,0.0133514404296875,0.00946044921875,0.01583099365234375,0.00629425048828125,0.004425048828125,0.01682281494140625,0.092926025390625,0.09918212890625,0.09796142578125,0.100860595703125,0.09552001953125,0.089569091796875,0.119781494140625,0.09613037109375,0.097198486328125,0.0823974609375,0.094146728515625,0.08575439453125,0.32928466796875,0.091552734375,0.087890625,0.633087158203125,3.755004405975342
56,0.028,-0.0,-0.0,-0.0,-0.0,-0.0,-0.0,2.096444845199585,24.198898315429688,-467.6101989746094,-133045.59375,24402.615234375,-1567.2166748046875,-1.6853963136672974,-27.136703491210938,-148.73858642578125,34515.91796875,715.419677734375,-445.6087341308594,-0.0,-0.0,-0.0,-0.0,-0.0,-0.0,0.005645751953125,0.00637054443359375,0.00957489013671875,0.01247406005859375,0.01079559326171875,0.01171112060546875,0.0093841552734375,0.01926422119140625,0.007781982421875,0.00896453857421875,0.02323150634765625,0.014190673828125,0.0131988525390625,0.0087738037109375,0.00286102294921875,0.023651123046875,0.111236572265625,0.1092529296875,0.105133056640625,0.1068115234375,0.10162353515625,0.10772705078125,0.097808837890625,0.109100341796875,0.11199951171875,0.1165771484375,0.1068115234375,0.1123046875,0.453948974609375,0.9051513671875,0.1068115234375,1.46820068359375,4.05988883972168
57,0.0285,-0.0,-0.0,-0.0,-0.0,-0.0,-0.0,2.0294573307037354,24.443767547607422,-469.2001953125,-133212.171875,24385.212890625,-1698.347900390625,-1.7297497987747192,-27.291400909423828,-148.1260528564453,34557.0078125,610.8843383789062,-423.53265380859375,-0.0,-0.0,-0.0,-0.0,-0.0,-0.0,-0.00423431396484375,-0.00579833984375,-0.00553131103515625,-0.00965118408203125,-0.00579833984375,-0.0098419189453125,-0.00759124755859375,-0.013427734375,-0.0054168701171875,-0.0055694580078125,-0.0133514404296875,-0.00823974609375,-0.01590728759765625,-0.0074005126953125,-0.001678466796875,-0.0177764892578125,0.09307861328125,0.095062255859375,0.09521484375,0.097808837890625,0.094451904296875,0.10009765625,0.071868896484375,0.09735107421875,0.09918212890625,-0.00457763671875,0.09521484375,0.10589599609375,0.14312744140625,-0.05859375,0.09368896484375,-0.6866455078125,-1.4280292987823486
58,0.029,-0.0,-0.0,-0.0,-0.0,-0.0,-0.0,1.895308256149292,24.153785705566406,-470.1669616699219,-133398.234375,24525.82421875,-1523.1148681640625,-1.928902268409729,-27.18088722229004,-149.08949279785156,34502.15234375,542.1630859375,-527.1727905273438,-0.0,-0.0,-0.0,-0.0,-0.0,-0.0,-0.006103515625,-0.00782012939453125,-0.01010894775390625,-0.0127410888671875,-0.0095367431640625,-0.01129150390625,-0.0052642822265625,-0.01739501953125,-0.00553131103515625,-0.0099945068359375,-0.02208709716796875,-0.01186370849609375,-0.01239776611328125,-0.00988006591796875,-0.0055694580078125,-0.02330780029296875,0.097808837890625,0.0970458984375,0.097198486328125,0.098419189453125,0.101470947265625,0.09796142578125,0.096435546875,0.097198486328125,0.097503662109375,0.119476318359375,0.101470947265625,0.10101318359375,-0.488128662109375,-0.771484375,0.12115478515625,-1.092071533203125,-0.5133762359619141
59,0.029500000000000002,-0.0,-0.0,-0.0,-0.0,-0.0,-0.0,2.029329776763916,24.35425567626953,-470.3498840332031,-133291.25,24386.609375,-1428.86376953125,-1.8629264831542969,-27.268413543701172,-147.69113159179688,34555.421875,820.7923583984375,-416.3142395019531,-0.0,-0.0,-0.0,-0.0,-0.0,-0.0,0.0051116943359375,0.0049591064453125,0.00843048095703125,0.01026153564453125,0.0080108642578125,0.00888824462890625,0.00591278076171875,0.01514434814453125,0.00400543212890625,0.0084686279296875,0.0144195556640625,0.01194000244140625,0.01537322998046875,0.00827789306640625,0.00164031982421875,0.01861572265625,0.09368896484375,0.100555419921875,0.09613037109375,0.09765625,0.112762451171875,0.09979248046875,0.0921630859375,0.096435546875,0.1007080078125,0.134735107421875,0.106201171875,0.089263916015625,0.013580322265625,0.24444580078125,0.23101806640625,0.9368896484375,8.328269958496094
60,0.03,-0.0,-0.0,-0.0,-0.0,-0.0,-0.0,1.940036416053772,24.488285064697266,-470.78887939453125,-133399.84375,24660.556640625,-1537.797607421875,-2.01684832572937,-26.961511611938477,-148.1286163330078,34786.1328125,739.8189697265625,-535.0845336914062,-0.0,-0.0,-0.0,-0.0,-0.0,-0.0,0.00598907470703125,0.00690460205078125,0.0099945068359375,0.01224517822265625,0.0081634521484375,0.01178741455078125,0.0083160400390625,0.017852783203125,0.0070953369140625,0.009765625,0.0240325927734375,0.01316070556640625,0.01373291015625,0.00980377197265625,0.0018310546875,0.0232696533203125,0.095062255859375,0.091552734375,0.094757080078125,0.10040283203125,0.09185791015625,0.100860595703125,0.089874267578125,0.09613037109375,0.096893310546875,0.134124755859375,0.08392333984375,0.099029541015625,0.366668701171875,0.8953857421875,-0.12451171875,1.17706298828125,3.450119972229004
61,0.0305,-0.0,-0.0,-0.0,-0.0,-0.0,-0.0,1.9187240600585938,24.332599639892578,-470.6095275878906,-133222.5,24586.193359375,-1515.205322265625,-1.9966344833374023,-27.158279418945312,-147.69618225097656,34500.06640625,596.5107421875,-564.41162109375,-0.0,-0.0,-0.0,-0.0,-0.0,-0.0,-0.0043487548828125,-0.00377655029296875,-0.008697509765625,-0.009307861328125,-0.008544921875,-0.0077056884765625,-0.0067901611328125,-0.0145721435546875,-0.00396728515625,-0.006866455078125,-0.013885498046875,-0.0104522705078125,-0.01514434814453125,-0.00762939453125,-0.00133514404296875,-0.018768310546875,0.09796142578125,0.099639892578125,0.10009765625,0.098419189453125,0.102996826171875,0.09674072265625,0.101318359375,0.0958251953125,0.0970458984375,0.126190185546875,0.096893310546875,0.10284423828125,0.001220703125,-0.01220703125,0.03143310546875,-0.754547119140625,1.3159297704696655
62,0.031,-0.0,-0.0,-0.0,-0.0,-0.0,-0.0,1.806944727897644,24.288896560668945,-469.6393127441406,-133437.8125,24562.7734375,-1450.813232421875,-1.906475305557251,-27.2271671295166,-150.13519287109375,34539.28125,602.2238159179688,-571.8883056640625,-0.0,-0.0,-0.0,-0.0,-0.0,-0.0,-0.0069427490234375,-0.0060272216796875,-0.010528564453125,-0.01262664794921875,-0.01178741455078125,-0.01262664794921875,-0.0064849853515625,-0.019683837890625,-0.0051116943359375,-0.010833740234375,-0.0209808349609375,-0.01049041748046875,-0.01140594482421875,-0.00713348388671875,-0.00507354736328125,-0.02239227294921875,0.103302001953125,0.101470947265625,0.10284423828125,0.09918212890625,0.09857177734375,0.09918212890625,0.09918212890625,0.1019287109375,0.100860595703125,0.08880615234375,0.106201171875,0.096282958984375,-0.543060302734375,-0.46722412109375,0.18798828125,-1.071014404296875,-2.342682361602783
63,0.0315,-0.0,-0.0,-0.0,-0.0,-0.0,-0.0,1.7178051471710205,24.421730041503906,-468.4971618652344,-133517.078125,24617.9609375,-1566.446533203125,-1.817623257637024,-26.91556167602539,-148.38197326660156,34832.77734375,839.47314453125,-586.8949584960938,-0.0,-0.0,-0.0,-0.0,-0.0,-0.0,0.00659942626953125,0.0046539306640625,0.00888824462890625,0.0102996826171875,0.0074005126953125,0.010986328125,0.00469207763671875,0.01621246337890625,0.00331878662109375,0.0081634521484375,0.0147247314453125,0.01125335693359375,0.01483917236328125,0.0060272216796875,0.0037384033203125,0.0177764892578125,0.10345458984375,0.107421875,0.10650634765625,0.10589599609375,0.103912353515625,0.10589599609375,0.111236572265625,0.10406494140625,0.10711669921875,0.10162353515625,0.1055908203125,0.108642578125,-0.162506103515625,0.2362060546875,0.3436279296875,0.7818603515625,8.328269958496094
64,0.032,-0.0,-0.0,-0.0,-0.0,-0.0,-0.0,1.8918086290359497,23.733762741088867,-469.3672790527344,-132972.453125,24511.271484375,-1588.742431640625,-1.7536280155181885,-27.246185302734375,-149.4368896484375,34834.828125,1001.5892944335938,-594.5641479492188,-0.0,-0.0,-0.0,-0.0,-0.0,-0.0,0.00598907470703125,0.00698089599609375,0.0110626220703125,0.01556396484375,0.0107574462890625,0.0125885009765625,0.00782012939453125,0.01850128173828125,0.00698089599609375,0.00919342041015625,0.02338409423828125,0.00843048095703125,0.01316070556640625,0.00919342041015625,0.0034332275390625,0.02361297607421875,0.10711669921875,0.096588134765625,0.0970458984375,0.098419189453125,0.089263916015625,0.105743408203125,0.08544921875,0.101470947265625,0.100555419921875,0.098114013671875,0.107421875,0.089874267578125,0.545806884765625,0.8245849609375,-0.32623291015625,1.459503173828125,1.6208140850067139
65,0.0325,-0.0,-0.0,-0.0,-0.0,-0.0,-0.0,1.9881442785263062,24.43952178955078,-469.9916687011719,-133197.578125,24341.03515625,-1633.209716796875,-1.7107443809509277,-27.246021270751953,-149.69635009765625,34621.62890625,671.3818359375,-570.934814453125,-0.0,-0.0,-0.0,-0.0,-0.0,-0.0,-0.00446319580078125,-0.00492095947265625,-0.00774383544921875,-0.01071929931640625,-0.0054931640625,-0.01064300537109375,-0.00423431396484375,-0.01651763916015625,-0.00308990478515625,-0.0074005126953125,-0.015869140625,-0.00850677490234375,-0.0144195556640625,-0.00537872314453125,-0.0038909912109375,-0.0186920166015625,0.100555419921875,0.10101318359375,0.09063720703125,0.10345458984375,0.09246826171875,0.1025390625,0.099639892578125,0.09857177734375,0.099334716796875,0.064239501953125,0.09063720703125,0.10955810546875,0.20050048828125,-0.15380859375,0.01220703125,-0.64697265625,1.0110454559326172
66,0.033,-0.0,-0.0,-0.0,-0.0,-0.0,-0.0,2.2532639503479004,24.531049728393555,-469.82037353515625,-133100.90625,24497.279296875,-1588.00341796875,-1.66265869140625,-27.6219425201416,-148.37890625,34939.55078125,859.770751953125,-535.4058227539062,-0.0,-0.0,-0.0,-0.0,-0.0,-0.0,-0.0054931640625,-0.00698089599609375,-0.00980377197265625,-0.0124359130859375,-0.00827789306640625,-0.009765625,-0.0067138671875,-0.017852783203125,-0.00560760498046875,-0.00896453857421875,-0.02574920654296875,-0.01110076904296875,-0.0128936767578125,-0.00850677490234375,-0.00457763671875,-0.02269744873046875,0.095672607421875,0.096282958984375,0.09552001953125,0.09613037109375,0.107574462890625,0.09613037109375,0.083770751953125,0.0970458984375,0.098419189453125,0.097808837890625,0.094451904296875,0.1031494140625,-0.444183349609375,-0.76202392578125,0.37445068359375,-1.134185791015625,-1.4280292987823486
67,0.0335,-0.0,-0.0,-0.0,-0.0,-0.0,-0.0,2.2271828651428223,24.286495208740234,-468.2496337890625,-133051.46875,24452.396484375,-1479.7081298828125,-1.8688418865203857,-26.784286499023438,-149.51544189453125,34842.984375,735.9605712890625,-578.42333984375,-0.0,-0.0,-0.0,-0.0,-0.0,-0.0,0.0060272216796875,0.00644683837890625,0.00804901123046875,0.01186370849609375,0.00751495361328125,0.0103759765625,0.0083160400390625,0.01499176025390625,0.00652313232421875,0.009613037109375,0.0170135498046875,0.0110626220703125,0.0146484375,0.0070953369140625,0.00392913818359375,0.01861572265625,0.096588134765625,0.095367431640625,0.09368896484375,0.10040283203125,0.0994873046875,0.091705322265625,0.110626220703125,0.101165771484375,0.098724365234375,0.124664306640625,0.094757080078125,0.09124755859375,0.73028564453125,0.60791015625,0.23101806640625,1.053009033203125,17.1699161529541
68,0.034,-0.0,-0.0,-0.0,-0.0,-0.0,-0.0,1.7610547542572021,24.02234649658203,-468.9447937011719,-133173.671875,24501.794921875,-1499.246826171875,-1.912212610244751,-27.225976943969727,-147.62648010253906,34733.96875,713.8514404296875,-637.811767578125,-0.0,-0.0,-0.0,-0.0,-0.0,-0.0,0.00652313232421875,0.00743865966796875,0.01239776611328125,0.012969970703125,0.0090789794921875,0.010223388671875,0.0069427490234375,0.0183868408203125,0.00499725341796875,0.0092315673828125,0.02468109130859375,0.00942230224609375,0.011749267578125,0.0098419189453125,0.0058746337890625,0.0235748291015625,0.09857177734375,0.09185791015625,0.0982666015625,0.097198486328125,0.09979248046875,0.09246826171875,0.10833740234375,0.097503662109375,0.096282958984375,0.068817138671875,0.093231201171875,0.078887939453125,0.73577880859375,0.81085205078125,-0.2734375,1.2091064453125,5.889194965362549
69,0.0345,-0.0,-0.0,-0.0,-0.0,-0.0,-0.0,1.7646359205245972,24.131147384643555,-467.79400634765625,-133077.46875,24424.486328125,-1579.1270751953125,-2.063403844833374,-27.157169342041016,-150.0582733154297,34815.0234375,579.0306396484375,-593.9365844726562,-0.0,-0.0,-0.0,-0.0,-0.0,-0.0,-0.00659942626953125,-0.00370025634765625,-0.008544921875,-0.00835418701171875,-0.00667572021484375,-0.0102996826171875,-0.0061798095703125,-0.0157928466796875,-0.00507354736328125,-0.007781982421875,-0.01739501953125,-0.0104522705078125,-0.0130462646484375,-0.0077056884765625,-0.00301361083984375,-0.0188446044921875,0.0872802734375,0.097503662109375,0.1080322265625,0.09918212890625,0.095367431640625,0.10467529296875,0.105133056640625,0.0994873046875,0.098876953125,0.10894775390625,0.11199951171875,0.086822509765625,-0.122222900390625,-0.677490234375,-0.1171875,-0.791778564453125,-2.647566556930542
70,0.035,-0.0,-0.0,-0.0,-0.0,-0.0,-0.0,1.8734207153320312,23.867639541625977,-467.59454345703125,-132892.09375,24228.31640625,-1543.5482177734375,-2.017209768295288,-27.42197036743164,-148.90560913085938,34926.4453125,710.3441772460938,-631.3446655273438,-0.0,-0.0,-0.0,-0.0,-0.0,-0.0,-0.0048065185546875,-0.00576019287109375,-0.00926971435546875,-0.012664794921875,-0.01125335693359375,-0.01117706298828125,-0.0084686279296875,-0.01758575439453125,-0.0057220458984375,-0.0072479248046875,-0.02330780029296875,-0.00690460205078125,-0.01041412353515625,-0.00789642333984375,-0.00011444091796875,-0.02155303955078125,0.111083984375,0.10986328125,0.11016845703125,0.11260986328125,0.1141357421875,0.1031494140625,0.115814208984375,0.104522705078125,0.11138916015625,0.12237548828125,0.104522705078125,0.114593505859375,0.063018798828125,-0.65643310546875,0.54473876953125,-0.7403564453125,-1.4280292987823486
71,0.035500000000000004,-0.0,-0.0,-0.0,-0.0,-0.0,-0.0,1.9158995151519775,24.28590965270996,-468.48480224609375,-132735.421875,24182.509765625,-1521.4970703125,-1.890259027481079,-27.64468765258789,-149.71092224121094,35039.7890625,934.9458618164062,-632.68994140625,-0.0,-0.0,-0.0,-0.0,-0.0,-0.0,0.00484466552734375,0.00637054443359375,0.00827789306640625,0.00972747802734375,0.0069427490234375,0.0096893310546875,0.006256103515625,0.01506805419921875,0.00522613525390625,0.0064849853515625,0.0159454345703125,0.009765625,0.0128173828125,0.00782012939453125,0.004119873046875,0.01873016357421875,0.10345458984375,0.09552001953125,0.101165771484375,0.100250244140625,0.1019287109375,0.1007080078125,0.097808837890625,0.09246826171875,0.098114013671875,0.09765625,0.09918212890625,0.101165771484375,0.185546875,0.4058837890625,0.17547607421875,0.688018798828125,9.852691650390625
72,0.036000000000000004,-0.0,-0.0,-0.0,-0.0,-0.0,-0.0,1.8923635482788086,23.8067684173584,-467.23931884765625,-132618.8125,24520.59765625,-1581.7388916015625,-1.9051071405410767,-27.37539291381836,-149.96917724609375,35004.53125,774.8189697265625,-617.1482543945312,-0.0,-0.0,-0.0,-0.0,-0.0,-0.0,0.00705718994140625,0.005340576171875,0.009002685546875,0.0124359130859375,0.00759124755859375,0.0128173828125,0.00598907470703125,0.01819610595703125,0.00579833984375,0.0130462646484375,0.0257110595703125,0.0077056884765625,0.0141143798828125,0.00820159912109375,0.0048065185546875,0.02197265625,0.101318359375,0.098114013671875,0.099639892578125,0.10040283203125,0.1025390625,0.09521484375,0.08514404296875,0.1007080078125,0.09765625,0.10345458984375,0.10284423828125,0.10162353515625,1.055145263671875,0.55328369140625,-0.364990234375,1.150665283203125,4.669657230377197
73,0.0365,-0.0,-0.0,-0.0,-0.0,-0.0,-0.0,1.6901886463165283,24.18263053894043,-467.889404296875,-132768.625,24468.9453125,-1430.596435546875,-2.0683743953704834,-27.356477737426758,-150.41087341308594,34975.703125,970.9320068359375,-735.9708251953125,-0.0,-0.0,-0.0,-0.0,-0.0,-0.0,-0.00728607177734375,-0.00423431396484375,-0.01003265380859375,-0.00865936279296875,-0.0084686279296875,-0.009765625,-0.00514984130859375,-0.01537322998046875,-0.0048828125,-0.00942230224609375,-0.012664794921875,-0.01209259033203125,-0.01007080078125,-0.00690460205078125,-0.0032806396484375,-0.0191497802734375,0.095367431640625,0.105438232421875,0.096588134765625,0.09796142578125,0.098876953125,0.089263916015625,0.113677978515625,0.09857177734375,0.101776123046875,0.1080322265625,0.07415771484375,0.0970458984375,-0.070953369140625,0.18798828125,-0.0201416015625,-0.575103759765625,0.09639240801334381
74,0.037,-0.0,-0.0,-0.0,-0.0,-0.0,-0.0,2.201664447784424,23.976078033447266,-466.97723388671875,-132462.0625,24321.62109375,-1584.93603515625,-1.8629264831542969,-27.491344451904297,-149.1991424560547,35197.8125,966.6377563476562,-674.9287719726562,-0.0,-0.0,-0.0,-0.0,-0.0,-0.0,-0.006866455078125,-0.00629425048828125,-0.01003265380859375,-0.0128173828125,-0.00888824462890625,-0.0115966796875,-0.0063323974609375,-0.01636505126953125,-0.00507354736328125,-0.00980377197265625,-0.024566650390625,-0.0063323974609375,-0.01308441162109375,-0.00751495361328125,-0.0031280517578125,-0.02246856689453125,0.099029541015625,0.096282958984375,0.105133056640625,0.100860595703125,0.110321044921875,0.0897216796875,0.058746337890625,0.093231201171875,0.101776123046875,0.0616455078125,0.096893310546875,0.1043701171875,-0.46600341796875,-0.39886474609375,0.54443359375,-0.98297119140625,-0.5133762359619141
75,0.0375,-0.0,-0.0,-0.0,-0.0,-0.0,-0.0,1.784210205078125,23.685075759887695,-465.8653869628906,-132678.90625,24304.943359375,-1509.509521484375,-2.301295042037964,-28.08629608154297,-151.45982360839844,35374.2109375,939.5255126953125,-725.0891723632812,-0.0,-0.0,-0.0,-0.0,-0.0,-0.0,0.00461578369140625,0.00545501708984375,0.00720977783203125,0.0115966796875,0.00713348388671875,0.01003265380859375,0.007781982421875,0.0167083740234375,0.0057220458984375,0.00438690185546875,0.0146484375,0.0083160400390625,0.01590728759765625,0.00766754150390625,0.003662109375,0.0197601318359375,0.092620849609375,0.09918212890625,0.103759765625,0.1043701171875,0.096282958984375,0.096893310546875,0.09918212890625,0.09368896484375,0.09979248046875,0.111846923828125,0.1025390625,0.10101318359375,0.1165771484375,0.04302978515625,-0.0823974609375,1.01165771484375,8.633153915405273
76,0.038,-0.0,-0.0,-0.0,-0.0,-0.0,-0.0,1.98634672164917,23.827157974243164,-466.1036376953125,-131832.9375,23908.36328125,-1445.068359375,-2.1526153087615967,-27.93310546875,-152.06637573242188,35418.453125,804.0084228515625,-698.77587890625,-0.0,-0.0,-0.0,-0.0,-0.0,-0.0,0.00690460205078125,0.00659942626953125,0.0093841552734375,0.0116729736328125,0.0091552734375,0.012054443359375,0.00843048095703125,0.0194549560546875,0.00583648681640625,0.012359619140625,0.02429962158203125,0.01041412353515625,0.01514434814453125,0.00843048095703125,0.00400543212890625,0.020751953125,0.10498046875,0.096588134765625,0.09490966796875,0.099639892578125,0.09613037109375,0.093994140625,0.104522705078125,0.10162353515625,0.094757080078125,0.09979248046875,0.098724365234375,0.10040283203125,0.53985595703125,0.82061767578125,-0.3033447265625,1.239166259765625,3.145235776901245
77,0.0385,-0.0,-0.0,-0.0,-0.0,-0.0,-0.0,2.1172800064086914,23.405540466308594,-465.25537109375,-132257.90625,23828.94140625,-1443.5919189453125,-2.1054461002349854,-28.2750186920166,-151.5543975830078,35406.0390625,883.7963256835938,-661.2881469726562,-0.0,-0.0,-0.0,-0.0,-0.0,-0.0,-0.0060272216796875,-0.00362396240234375,-0.00881195068359375,-0.0099945068359375,-0.0089263916015625,-0.008697509765625,-0.00728607177734375,-0.01617431640625,-0.0054931640625,-0.006561279296875,-0.01316070556640625,-0.00972747802734375,-0.01140594482421875,-0.008697509765625,-0.0023651123046875,-0.019683837890625,0.111846923828125,0.107269287109375,0.10528564453125,0.1055908203125,0.10772705078125,0.104522705078125,0.10223388671875,0.105133056640625,0.113677978515625,0.08514404296875,0.098724365234375,0.071258544921875,0.11993408203125,-0.03326416015625,0.13671875,-0.609130859375,1.0110454559326172
78,0.039,-0.0,-0.0,-0.0,-0.0,-0.0,-0.0,1.7074191570281982,24.059003829956055,-465.068115234375,-132179.359375,23702.853515625,-1520.8265380859375,-2.2353949546813965,-28.174617767333984,-152.0913543701172,35352.484375,931.0470581054688,-659.3253173828125,-0.0,-0.0,-0.0,-0.0,-0.0,-0.0,-0.0060272216796875,-0.00598907470703125,-0.0109100341796875,-0.0122833251953125,-0.01003265380859375,-0.010986328125,-0.00804901123046875,-0.01804351806640625,-0.0032806396484375,-0.00911712646484375,-0.025787353515625,-0.008087158203125,-0.01346588134765625,-0.0066375732421875,-0.0040435791015625,-0.0220489501953125,0.09674072265625,0.10040283203125,0.09857177734375,0.09857177734375,0.08819580078125,0.098419189453125,0.108642578125,0.100860595703125,0.096282958984375,0.058441162109375,0.1025390625,0.118865966796875,-0.266571044921875,-0.54351806640625,0.213623046875,-0.956268310546875,-1.1231448650360107
79,0.0395,-0.0,-0.0,-0.0,-0.0,-0.0,-0.0,1.6297156810760498,23.489105224609375,-465.3707275390625,-131795.828125,24181.08203125,-1402.7315673828125,-1.9278712272644043,-28.374923706054688,-153.46463012695312,35641.6171875,1064.6522216796875,-671.2587280273438,-0.0,-0.0,-0.0,-0.0,-0.0,-0.0,0.00728607177734375,0.0057220458984375,0.0101470947265625,0.01049041748046875,0.00888824462890625,0.0110626220703125,0.0063323974609375,0.0176239013671875,0.0043487548828125,0.01049041748046875,0.01495361328125,0.011138916015625,0.01483917236328125,0.0081634521484375,0.0046539306640625,0.0182342529296875,0.099029541015625,0.097808837890625,0.101470947265625,0.100555419921875,0.097198486328125,0.10101318359375,0.1116943359375,0.09429931640625,0.0927734375,0.122833251953125,0.095367431640625,0.089263916015625,0.533447265625,0.4241943359375,0.05126953125,1.153106689453125,8.93803882598877
80,0.04,-0.0,-0.0,-0.0,-0.0,-0.0,-0.0,1.9693539142608643,23.921438217163086,-463.0189208984375,-131631.5,23700.869140625,-1458.8575439453125,-2.0575919151306152,-28.37497901916504,-154.6482696533203,35774.4140625,1046.3983154296875,-663.479248046875,-0.0,-0.0,-0.0,-0.0,-0.0,-0.0,0.00591278076171875,0.00759124755859375,0.00988006591796875,0.01209259033203125,0.0079345703125,0.009918212890625,0.00743865966796875,0.01796722412109375,0.00682830810546875,0.009613037109375,0.0273895263671875,0.0069427490234375,0.01708984375,0.009307861328125,0.0037384033203125,0.022125244140625,0.098876953125,0.098114013671875,0.105133056640625,0.10345458984375,0.102081298828125,0.10284423828125,0.0860595703125,0.093536376953125,0.09674072265625,0.06744384765625,0.1104736328125,0.094146728515625,0.505828857421875,0.78155517578125,-0.20233154296875,1.29119873046875,3.145235776901245
81,0.0405,-0.0,-0.0,-0.0,-0.0,-0.0,-0.0,1.7771562337875366,23.434247970581055,-463.27679443359375,-131541.0625,23758.05859375,-1501.96533203125,-1.6685082912445068,-28.809791564941406,-153.59951782226562,35960.05859375,924.5350952148438,-682.7837524414062,-0.0,-0.0,-0.0,-0.0,-0.0,-0.0,-0.00621795654296875,-0.00553131103515625,-0.008087158203125,-0.01125335693359375,-0.0060272216796875,-0.0101470947265625,-0.00423431396484375,-0.0159454345703125,-0.004730224609375,-0.0074005126953125,-0.015411376953125,-0.00759124755859375,-0.0152587890625,-0.00690460205078125,-0.0028228759765625,-0.0188446044921875,0.09429931640625,0.09796142578125,0.097808837890625,0.093231201171875,0.10894775390625,0.103302001953125,0.11749267578125,0.10040283203125,0.09307861328125,0.16387939453125,0.099945068359375,0.0927734375,-0.1361083984375,0.2569580078125,0.11932373046875,-0.916290283203125,-1.4280292987823486
82,0.041,-0.0,-0.0,-0.0,-0.0,-0.0,-0.0,1.6130688190460205,23.157075881958008,-461.606201171875,-131537.40625,23726.705078125,-1496.6280517578125,-2.1219263076782227,-28.551759719848633,-155.78785705566406,35832.9765625,1150.2110595703125,-639.7183837890625,-0.0,-0.0,-0.0,-0.0,-0.0,-0.0,-0.0046539306640625,-0.0049591064453125,-0.00812530517578125,-0.0113677978515625,-0.0084686279296875,-0.01346588134765625,-0.00797271728515625,-0.019378662109375,-0.00457763671875,-0.01140594482421875,-0.025482177734375,-0.0086212158203125,-0.0177764892578125,-0.0072479248046875,-0.00362396240234375,-0.01873016357421875,0.10009765625,0.0970458984375,0.09613037109375,0.09735107421875,0.09307861328125,0.095367431640625,0.099029541015625,0.095977783203125,0.088348388671875,0.107879638671875,0.08697509765625,0.095977783203125,-0.499114990234375,-0.37841796875,0.32470703125,-0.998992919921875,-2.342682361602783
83,0.0415,-0.0,-0.0,-0.0,-0.0,-0.0,-0.0,2.4253129959106445,23.400508880615234,-461.3487854003906,-131276.3125,23586.666015625,-1430.293212890625,-1.9922846555709839,-29.251020431518555,-155.24868774414062,36465.2578125,996.9901123046875,-615.7195434570312,-0.0,-0.0,-0.0,-0.0,-0.0,-0.0,0.00530242919921875,0.0074005126953125,0.00888824462890625,0.01102447509765625,0.00850677490234375,0.0107574462890625,0.00759124755859375,0.0154876708984375,0.0063323974609375,0.0067901611328125,0.01560211181640625,0.0079345703125,0.0156402587890625,0.0083160400390625,0.0046539306640625,0.01941680908203125,0.09552001953125,0.09674072265625,0.09765625,0.1025390625,0.097198486328125,0.08453369140625,0.0860595703125,0.09124755859375,0.09429931640625,0.10223388671875,0.103912353515625,0.10040283203125,0.194549560546875,0.264892578125,-0.08056640625,1.2451171875,8.633153915405273
84,0.042,-0.0,-0.0,-0.0,-0.0,-0.0,-0.0,2.0518417358398438,23.084774017333984,-460.2895812988281,-131202.4375,23773.34765625,-1515.645751953125,-1.8060752153396606,-29.250774383544922,-155.88095092773438,36339.89453125,1140.4501953125,-763.8521728515625,-0.0,-0.0,-0.0,-0.0,-0.0,-0.0,0.00598907470703125,0.007476806640625,0.00885009765625,0.01312255859375,0.010223388671875,0.01483917236328125,0.0090789794921875,0.01850128173828125,0.00522613525390625,0.0103759765625,0.02643585205078125,0.00957489013671875,0.0171661376953125,0.00698089599609375,0.00274658203125,0.01983642578125,0.10528564453125,0.113067626953125,0.10894775390625,0.10711669921875,0.12054443359375,0.101470947265625,0.12115478515625,0.109710693359375,0.113372802734375,0.094757080078125,0.110626220703125,0.11016845703125,0.58319091796875,0.64056396484375,0.052490234375,1.440582275390625,1.3159297704696655
85,0.0425,-0.0,-0.0,-0.0,-0.0,-0.0,-0.0,2.0518417358398438,22.857925415039062,-458.4277038574219,-130961.703125,23680.783203125,-1523.76904296875,-2.104888439178467,-29.242671966552734,-157.11822509765625,36003.5,1060.4884033203125,-728.9439697265625,-0.0,-0.0,-0.0,-0.0,-0.0,-0.0,-0.00568389892578125,-0.0048065185546875,-0.0074005126953125,-0.01079559326171875,-0.00774383544921875,-0.00782012939453125,-0.008392333984375,-0.014801025390625,-0.006866455078125,-0.0069427490234375,-0.0160980224609375,-0.0096893310546875,-0.0145721435546875,-0.00919342041015625,-0.0006866455078125,-0.0209808349609375,0.097503662109375,0.097198486328125,0.10009765625,0.09918212890625,0.106964111328125,0.100555419921875,0.0897216796875,0.100555419921875,0.099029541015625,0.092926025390625,0.0982666015625,0.095062255859375,0.222015380859375,-0.09613037109375,0.11871337890625,-0.97930908203125,2.5354671478271484
86,0.043000000000000003,-0.0,-0.0,-0.0,-0.0,-0.0,-0.0,2.1570143699645996,23.21424674987793,-457.65802001953125,-130933.5,23590.05078125,-1547.178466796875,-1.9918426275253296,-29.371091842651367,-157.02276611328125,36490.71484375,960.9395751953125,-677.7054443359375,-0.0,-0.0,-0.0,-0.0,-0.0,-0.0,-0.0070953369140625,-0.00637054443359375,-0.01033782958984375,-0.0118255615234375,-0.00820159912109375,-0.01110076904296875,-0.00743865966796875,-0.01895904541015625,-0.004119873046875,-0.0091552734375,-0.02593994140625,-0.008392333984375,-0.01743316650390625,-0.00690460205078125,-0.0046539306640625,-0.020904541015625,0.1019287109375,0.098114013671875,0.103912353515625,0.099029541015625,0.091400146484375,0.091705322265625,0.091094970703125,0.096588134765625,0.09735107421875,0.083465576171875,0.104522705078125,0.0958251953125,-0.2825927734375,-0.765380859375,0.262451171875,-0.99945068359375,-6.001294136047363
87,0.043500000000000004,-0.0,-0.0,-0.0,-0.0,-0.0,-0.0,2.0676348209381104,22.978300094604492,-458.6213073730469,-130778.65625,23665.34765625,-1501.8963623046875,-1.8629264831542969,-29.587764739990234,-157.40525817871094,36634.91796875,1026.3006591796875,-715.4990234375,-0.0,-0.0,-0.0,-0.0,-0.0,-0.0,0.00522613525390625,0.0057220458984375,0.0093841552734375,0.0109100341796875,0.0086212158203125,0.00949859619140625,0.00598907470703125,0.01674652099609375,0.00476837158203125,0.00701904296875,0.02056121826171875,0.00972747802734375,0.012664794921875,0.0083160400390625,0.00316619873046875,0.02033233642578125,0.101470947265625,0.096282958984375,0.10345458984375,0.10040283203125,0.1031494140625,0.092926025390625,0.097198486328125,0.093536376953125,0.09765625,0.095977783203125,0.105438232421875,0.101165771484375,0.248260498046875,0.53802490234375,0.208740234375,0.92803955078125,8.328269958496094
88,0.044,-0.0,-0.0,-0.0,-0.0,-0.0,-0.0,2.3194732666015625,22.768339157104492,-455.090087890625,-130514.21875,23388.568359375,-1529.7174072265625,-1.6855049133300781,-29.651813507080078,-157.8165283203125,36843.25,1136.5269775390625,-647.9796752929688,-0.0,-0.0,-0.0,-0.0,-0.0,-0.0,0.00682830810546875,0.00652313232421875,0.00804901123046875,0.01178741455078125,0.0086212158203125,0.0128173828125,0.00926971435546875,0.018310546875,0.0061798095703125,0.01293182373046875,0.0279998779296875,0.00804901123046875,0.01941680908203125,0.0091552734375,0.00247955322265625,0.02056121826171875,0.1031494140625,0.102691650390625,0.09552001953125,0.09857177734375,0.1141357421875,0.104217529296875,0.096588134765625,0.10101318359375,0.10345458984375,0.109405517578125,0.09979248046875,0.09674072265625,0.813751220703125,0.89691162109375,-0.38604736328125,1.05926513671875,0.09639240801334381
89,0.0445,-0.0,-0.0,-0.0,-0.0,-0.0,-0.0,2.2795157432556152,22.777462005615234,-454.603271484375,-130005.3828125,23215.314453125,-1696.19873046875,-1.4131845235824585,-30.00501823425293,-158.96026611328125,37066.375,1141.71826171875,-682.7194213867188,-0.0,-0.0,-0.0,-0.0,-0.0,-0.0,-0.00438690185546875,-0.00614166259765625,-0.00919342041015625,-0.0093841552734375,-0.0091552734375,-0.01018524169921875,-0.008087158203125,-0.01567840576171875,-0.00659942626953125,-0.007476806640625,-0.0182342529296875,-0.00980377197265625,-0.0142669677734375,-0.0087738037109375,-0.001983642578125,-0.02147674560546875,0.10223388671875,0.099029541015625,0.095367431640625,0.099029541015625,0.125732421875,0.099945068359375,0.10223388671875,0.097503662109375,0.099945068359375,0.089874267578125,0.092315673828125,0.098876953125,-0.25238037109375,-0.025634765625,0.042724609375,-0.995025634765625,-2.0377979278564453
90,0.045,-0.0,-0.0,-0.0,-0.0,-0.0,-0.0,3.0331573486328125,22.396390914916992,-452.7166748046875,-129715.7265625,23058.84765625,-1612.00341796875,-1.5816377401351929,-30.206016540527344,-160.6097412109375,37121.9140625,984.3592529296875,-621.6057739257812,-0.0,-0.0,-0.0,-0.0,-0.0,-0.0,-0.0077056884765625,-0.00553131103515625,-0.0093841552734375,-0.01129150390625,-0.0102996826171875,-0.0115966796875,-0.00713348388671875,-0.0180816650390625,-0.0042724609375,-0.01102447509765625,-0.0244140625,-0.00904083251953125,-0.0156402587890625,-0.00598907470703125,-0.00255584716796875,-0.02025604248046875,0.10223388671875,0.088958740234375,0.092620849609375,0.093994140625,0.132293701171875,0.102691650390625,0.1025390625,0.094757080078125,0.0994873046875,0.124053955078125,0.097808837890625,0.0946044921875,-0.37261962890625,-0.61859130859375,0.10467529296875,-0.7916259765625,-3.8671038150787354
91,0.0455,-0.0,-0.0,-0.0,-0.0,-0.0,-0.0,2.993454694747925,22.589658737182617,-450.6372375488281,-129446.3359375,22845.470703125,-1649.16845703125,-1.1681849956512451,-30.289060592651367,-160.647705078125,37695.26171875,981.2607421875,-553.9239501953125,-0.0,-0.0,-0.0,-0.0,-0.0,-0.0,0.0067901611328125,0.00461578369140625,0.0101470947265625,0.01041412353515625,0.009765625,0.00888824462890625,0.00743865966796875,0.0160980224609375,0.00507354736328125,0.0070953369140625,0.0171661376953125,0.0146484375,0.01613616943359375,0.00858306884765625,0.0017547607421875,0.02063751220703125,0.10833740234375,0.103759765625,0.102081298828125,0.1092529296875,0.048675537109375,0.110015869140625,0.1025390625,0.112762451171875,0.106964111328125,0.11138916015625,0.108795166015625,0.100860595703125,0.2099609375,0.20172119140625,0.36224365234375,1.554412841796875,11.07222843170166
92,0.046,-0.0,-0.0,-0.0,-0.0,-0.0,-0.0,2.88970947265625,22.09421157836914,-450.55926513671875,-128450.640625,22508.9921875,-1753.5516357421875,-0.9464232921600342,-30.66225814819336,-162.58895874023438,37753.75390625,987.5302124023438,-545.7490234375,-0.0,-0.0,-0.0,-0.0,-0.0,-0.0,0.0078582763671875,0.00728607177734375,0.00949859619140625,0.01163482666015625,0.00946044921875,0.0131988525390625,0.00980377197265625,0.01811981201171875,0.0064849853515625,0.0116729736328125,0.02536773681640625,0.006561279296875,0.01708984375,0.00919342041015625,0.00152587890625,0.01949310302734375,0.094451904296875,0.09918212890625,0.096893310546875,0.101318359375,0.03753662109375,0.097198486328125,0.099334716796875,0.098876953125,0.093994140625,0.093231201171875,0.096893310546875,0.094757080078125,0.624542236328125,0.68389892578125,-0.43212890625,1.068878173828125,3.145235776901245
93,0.0465,-0.0,-0.0,-0.0,-0.0,-0.0,-0.0,2.9730076789855957,21.470073699951172,-446.674072265625,-128491.53125,22308.13671875,-1641.9136962890625,-0.695157527923584,-31.07476806640625,-162.10366821289062,37944.97265625,1153.812744140625,-576.8623657226562,-0.0,-0.0,-0.0,-0.0,-0.0,-0.0,-0.0045013427734375,-0.00560760498046875,-0.0078582763671875,-0.01068115234375,-0.006866455078125,-0.0096893310546875,-0.0093841552734375,-0.01495361328125,-0.00682830810546875,-0.00774383544921875,-0.0174713134765625,-0.00865936279296875,-0.0168609619140625,-0.0060272216796875,-0.0026702880859375,-0.02025604248046875,0.09490966796875,0.10040283203125,0.092926025390625,0.0970458984375,0.12847900390625,0.100555419921875,0.09613037109375,0.09246826171875,0.098419189453125,0.065460205078125,0.093536376953125,0.097198486328125,-0.05462646484375,0.10955810546875,0.05584716796875,-0.88836669921875,-1.4280292987823486
94,0.047,-0.0,-0.0,-0.0,-0.0,-0.0,-0.0,2.9796173572540283,21.619464874267578,-446.0662841796875,-127863.375,22496.583984375,-1548.184814453125,-0.37965285778045654,-31.972450256347656,-165.0510711669922,38297.703125,1216.9122314453125,-466.42340087890625,-0.0,-0.0,-0.0,-0.0,-0.0,-0.0,-0.00743865966796875,-0.0052642822265625,-0.0077056884765625,-0.009613037109375,-0.00728607177734375,-0.0116729736328125,-0.00690460205078125,-0.0164794921875,-0.00324249267578125,-0.0128173828125,-0.02727508544921875,-0.00888824462890625,-0.01987457275390625,-0.00865936279296875,-0.00335693359375,-0.018463134765625,0.09796142578125,0.098419189453125,0.0933837890625,0.102081298828125,0.1214599609375,0.096588134765625,0.0970458984375,0.09796142578125,0.099334716796875,0.084686279296875,0.0970458984375,0.095977783203125,-0.461578369140625,-0.60394287109375,0.5169677734375,-0.958709716796875,-0.5133762359619141
95,0.0475,-0.0,-0.0,-0.0,-0.0,-0.0,-0.0,3.258586883544922,20.828405380249023,-444.3995361328125,-127220.3125,21885.4375,-1637.84619140625,-0.5820264220237732,-32.400054931640625,-166.74118041992188,38671.2578125,1031.727783203125,-376.547607421875,-0.0,-0.0,-0.0,-0.0,-0.0,-0.0,0.0067901611328125,0.0041961669921875,0.00911712646484375,0.01125335693359375,0.0096893310546875,0.012054443359375,0.0069427490234375,0.01804351806640625,0.00583648681640625,0.00835418701171875,0.0182342529296875,0.01312255859375,0.01567840576171875,0.008087158203125,0.00370025634765625,0.02132415771484375,0.098419189453125,0.102081298828125,0.092315673828125,0.095062255859375,0.097503662109375,0.10101318359375,0.107269287109375,0.0982666015625,0.0946044921875,0.09735107421875,0.0970458984375,0.1007080078125,0.344696044921875,0.33355712890625,0.3179931640625,0.993499755859375,9.852691650390625
96,0.048,-0.0,-0.0,-0.0,-0.0,-0.0,-0.0,3.5823183059692383,20.577926635742188,-441.6293640136719,-126846.6015625,21975.98046875,-1512.0919189453125,-0.32990607619285583,-32.93299865722656,-168.6836700439453,39003.41796875,1138.9901123046875,-373.8638610839844,-0.0,-0.0,-0.0,-0.0,-0.0,-0.0,0.0058746337890625,0.00667572021484375,0.0079345703125,0.01338958740234375,0.009765625,0.01373291015625,0.00823974609375,0.017547607421875,0.005950927734375,0.01117706298828125,0.02620697021484375,0.00499725341796875,0.0180816650390625,0.00751495361328125,0.0011444091796875,0.01987457275390625,0.096282958984375,0.10284423828125,0.099639892578125,0.093841552734375,0.113677978515625,0.099945068359375,0.09063720703125,0.09674072265625,0.09796142578125,0.001068115234375,0.098114013671875,0.09552001953125,0.511932373046875,0.67352294921875,-0.38909912109375,1.023101806640625,3.450119972229004
97,0.0485,-0.0,-0.0,-0.0,-0.0,-0.0,-0.0,2.738227367401123,19.775421142578125,-440.6231994628906,-126790.7734375,22148.0859375,-1332.8236083984375,0.1023632138967514,-33.32218933105469,-170.03683471679688,39517.109375,1161.5758056640625,-232.00762939453125,-0.0,-0.0,-0.0,-0.0,-0.0,-0.0,-0.0051116943359375,-0.00583648681640625,-0.00865936279296875,-0.01132965087890625,-0.007476806640625,-0.011138916015625,-0.00614166259765625,-0.01789093017578125,-0.004730224609375,-0.0069427490234375,-0.0177001953125,-0.01220703125,-0.0148773193359375,-0.00896453857421875,-0.003814697265625,-0.02223968505859375,0.098419189453125,0.102996826171875,0.099029541015625,0.0982666015625,0.0537109375,0.09765625,0.109405517578125,0.098114013671875,0.09857177734375,0.121002197265625,0.10101318359375,0.098419189453125,0.1678466796875,0.20111083984375,-0.125732421875,-0.67169189453125,-1.4280292987823486
98,0.049,-0.0,-0.0,-0.0,-0.0,-0.0,-0.0,2.4474072456359863,19.08565902709961,-436.97674560546875,-126391.8359375,21874.765625,-1330.220703125,0.5322647094726562,-34.10559844970703,-173.02743530273438,39808.0859375,1086.353271484375,-296.5396423339844,-0.0,-0.0,-0.0,-0.0,-0.0,-0.0,-0.00789642333984375,-0.0064849853515625,-0.009765625,-0.01255035400390625,-0.0084686279296875,-0.01033782958984375,-0.0080108642578125,-0.0167083740234375,-0.00537872314453125,-0.0125885009765625,-0.02536773681640625,-0.00530242919921875,-0.016021728515625,-0.005645751953125,-0.0020599365234375,-0.01956939697265625,0.110931396484375,0.105743408203125,0.105743408203125,0.11505126953125,0.064239501953125,0.09918212890625,0.129241943359375,0.10528564453125,0.10772705078125,0.102996826171875,0.11749267578125,0.119781494140625,-0.33294677734375,-0.6817626953125,0.45166015625,-0.63812255859375,-3.5622196197509766
99,0.0495,-0.0,-0.0,-0.0,-0.0,-0.0,-0.0,2.8414688110351562,17.60805320739746,-436.3728332519531,-126277.1484375,21705.037109375,-1097.1890869140625,0.7983970642089844,-35.07692337036133,-174.77374267578125,40202.06640625,1110.4473876953125,-220.42825317382812,-0.0,-0.0,-0.0,-0.0,-0.0,-0.0,0.0052642822265625,0.00568389892578125,0.00942230224609375,0.01171112060546875,0.00736236572265625,0.0103759765625,0.00766754150390625,0.0173187255859375,0.00484466552734375,0.0081634521484375,0.0183868408203125,0.0109100341796875,0.016021728515625,0.0054931640625,0.0043487548828125,0.020599365234375,0.10284423828125,0.099334716796875,0.09735107421875,0.097808837890625,0.1025390625,0.102691650390625,0.07537841796875,0.09857177734375,0.09429931640625,-0.0347900390625,0.121002197265625,0.121002197265625,-0.021514892578125,0.0018310546875,0.16265869140625,1.13128662109375,8.633153915405273
100,0.05,-0.0,-0.0,-0.0,-0.0,-0.0,-0.0,2.3331332206726074,17.21517562866211,-436.12567138671875,-126687.65625,21800.75390625,-1147.7279052734375,1.0010470151901245,-35.39188003540039,-175.92437744140625,40541.671875,989.1654052734375,-126.93375396728516,-0.0,-0.0,-0.0,-0.0,-0.0,-0.0,0.00858306884765625,0.00667572021484375,0.00904083251953125,0.010833740234375,0.00804901123046875,0.01148223876953125,0.00652313232421875,0.01708984375,0.00568389892578125,0.012359619140625,0.0246429443359375,0.0055694580078125,0.01708984375,0.00797271728515625,0.0035858154296875,0.02197265625,0.098419189453125,0.0946044921875,0.09490966796875,0.091400146484375,0.13458251953125,0.09979248046875,0.09002685546875,0.0946044921875,0.092620849609375,0.101776123046875,0.10650634765625,0.07598876953125,0.7403564453125,0.76171875,-0.3436279296875,0.993194580078125,9.24292278289795
101,0.0505,-0.0,-0.0,-0.0,-0.0,-0.0,-0.0,1.6566967964172363,16.463693618774414,-435.1676025390625,-126806.9140625,21953.76953125,-1039.7353515625,0.8236817717552185,-35.517696380615234,-178.81622314453125,40777.203125,1096.4736328125,-93.27198791503906,-0.0,-0.0,-0.0,-0.0,-0.0,-0.0,-0.005950927734375,-0.0052642822265625,-0.00865936279296875,-0.0099945068359375,-0.009307861328125,-0.00934600830078125,-0.00797271728515625,-0.01644134521484375,-0.00743865966796875,-0.0074005126953125,-0.016632080078125,-0.0104522705078125,-0.0138092041015625,-0.00896453857421875,-0.0022125244140625,-0.0228118896484375,0.09918212890625,0.09674072265625,0.10406494140625,0.10406494140625,0.111541748046875,0.097198486328125,0.104522705078125,0.098419189453125,0.098114013671875,0.093231201171875,0.088043212890625,0.0628662109375,0.064849853515625,0.3375244140625,0.142822265625,-0.79559326171875,-10.574559211730957
102,0.051000000000000004,-0.0,-0.0,-0.0,-0.0,-0.0,-0.0,1.3766305446624756,16.030548095703125,-436.37811279296875,-126656.8984375,21627.2265625,-943.921142578125,1.2673181295394897,-36.41364288330078,-178.41647338867188,41165.93359375,1253.83935546875,12.83377742767334,-0.0,-0.0,-0.0,-0.0,-0.0,-0.0,-0.0064849853515625,-0.00690460205078125,-0.0080108642578125,-0.010528564453125,-0.00774383544921875,-0.008544921875,-0.00576019287109375,-0.01750946044921875,-0.00415802001953125,-0.01064300537109375,-0.0249481201171875,-0.00629425048828125,-0.01689910888671875,-0.008087158203125,-0.0046539306640625,-0.02048492431640625,0.098876953125,0.09613037109375,0.092620849609375,0.101776123046875,0.080108642578125,0.106658935546875,0.10589599609375,0.099639892578125,0.10467529296875,0.100860595703125,0.091400146484375,0.089874267578125,-0.323028564453125,-0.5010986328125,0.35400390625,-0.67291259765625,1.0110454559326172
103,0.051500000000000004,-0.0,-0.0,-0.0,-0.0,-0.0,-0.0,1.6313968896865845,15.571403503417969,-434.3099365234375,-127148.65625,21791.439453125,-873.6715087890625,1.2673887014389038,-36.716495513916016,-180.1622314453125,41344.43359375,1295.9677734375,-21.0764102935791,-0.0,-0.0,-0.0,-0.0,-0.0,-0.0,0.00640869140625,0.0070953369140625,0.0101470947265625,0.01308441162109375,0.0090789794921875,0.0121307373046875,0.00766754150390625,0.017852783203125,0.00446319580078125,0.00957489013671875,0.01834869384765625,0.01247406005859375,0.01495361328125,0.0104522705078125,0.00339508056640625,0.0214385986328125,0.10040283203125,0.102691650390625,0.099639892578125,0.099639892578125,0.120086669921875,0.09979248046875,0.1007080078125,0.101470947265625,0.098419189453125,0.076446533203125,0.110015869140625,0.097503662109375,0.23345947265625,-0.09613037109375,0.25970458984375,1.0272216796875,10.76734447479248
104,0.052000000000000005,-0.0,-0.0,-0.0,-0.0,-0.0,-0.0,1.3894858360290527,14.834721565246582,-435.3692626953125,-127231.96875,21652.966796875,-881.9641723632812,1.3306617736816406,-37.24637222290039,-179.8612060546875,41439.6171875,1224.537109375,20.80376434326172,-0.0,-0.0,-0.0,-0.0,-0.0,-0.0,0.0092315673828125,0.0069427490234375,0.0106048583984375,0.0125885009765625,0.007171630859375,0.0107574462890625,0.00591278076171875,0.016937255859375,0.00400543212890625,0.0119781494140625,0.02471923828125,0.0043487548828125,0.01743316650390625,0.0067901611328125,0.004119873046875,0.02044677734375,0.09246826171875,0.102996826171875,0.098419189453125,0.09521484375,0.126953125,0.105133056640625,0.102081298828125,0.09979248046875,0.089111328125,0.059814453125,0.099945068359375,0.110321044921875,0.6219482421875,0.867919921875,-0.247802734375,1.02996826171875,3.450119972229004
105,0.0525,-0.0,-0.0,-0.0,-0.0,-0.0,-0.0,1.2489471435546875,14.63115119934082,-437.1822509765625,-127577.1953125,21452.896484375,-890.3974609375,1.444948673248291,-37.324283599853516,-182.40496826171875,41916.89453125,1380.3336181640625,-29.5643367767334,-0.0,-0.0,-0.0,-0.0,-0.0,-0.0,-0.00820159912109375,-0.0052642822265625,-0.01071929931640625,-0.010528564453125,-0.00881195068359375,-0.00988006591796875,-0.00728607177734375,-0.01583099365234375,-0.00453948974609375,-0.009613037109375,-0.016632080078125,-0.00804901123046875,-0.01651763916015625,-0.00888824462890625,-0.002593994140625,-0.0211334228515625,0.1092529296875,0.107421875,0.107269287109375,0.11016845703125,0.070953369140625,0.10467529296875,0.104522705078125,0.11322021484375,0.110626220703125,0.082855224609375,0.119476318359375,0.12481689453125,0.048370361328125,0.2593994140625,0.22613525390625,-0.696258544921875,-0.20849192142486572
106,0.053,-0.0,-0.0,-0.0,-0.0,-0.0,-0.0,1.0845286846160889,14.185724258422852,-435.82403564453125,-127541.9375,21601.888671875,-890.6439819335938,1.5080833435058594,-38.14320755004883,-182.3501434326172,41887.2890625,1501.285400390625,71.80516052246094,-0.0,-0.0,-0.0,-0.0,-0.0,-0.0,-0.0048065185546875,-0.006561279296875,-0.006561279296875,-0.01003265380859375,-0.0070953369140625,-0.010223388671875,-0.009002685546875,-0.01667022705078125,-0.00522613525390625,-0.010833740234375,-0.02796173095703125,-0.0070953369140625,-0.02056121826171875,-0.00926971435546875,-0.00324249267578125,-0.01880645751953125,0.095062255859375,0.1007080078125,0.095977783203125,0.09765625,0.066986083984375,0.083465576171875,0.081634521484375,0.09918212890625,0.09429931640625,0.073089599609375,0.099945068359375,0.093231201171875,-0.110015869140625,-0.997314453125,0.1434326171875,-0.914306640625,-1.732913613319397
107,0.0535,-0.0,-0.0,-0.0,-0.0,-0.0,-0.0,1.260534405708313,13.930193901062012,-435.57330322265625,-127738.2421875,21426.103515625,-837.0030517578125,1.799918532371521,-38.53384780883789,-183.0109405517578,42058.765625,1532.899658203125,50.820587158203125,-0.0,-0.0,-0.0,-0.0,-0.0,-0.0,0.0081634521484375,0.0054931640625,0.01094818115234375,0.01373291015625,0.0091552734375,0.01232147216796875,0.00698089599609375,0.0168609619140625,0.00522613525390625,0.00701904296875,0.01850128173828125,0.01056671142578125,0.01651763916015625,0.00850677490234375,0.0034332275390625,0.02323150634765625,0.096588134765625,0.09490966796875,0.096435546875,0.098114013671875,0.095367431640625,0.095977783203125,0.106964111328125,0.093841552734375,0.087738037109375,0.09185791015625,0.092010498046875,0.085601806640625,-0.109710693359375,-0.2496337890625,0.02899169921875,0.925445556640625,8.93803882598877
108,0.054,-0.0,-0.0,-0.0,-0.0,-0.0,-0.0,0.9813156127929688,13.685542106628418,-436.72296142578125,-128059.0234375,21476.986328125,-774.9312133789062,2.2177696228027344,-38.898521423339844,-183.6984405517578,41919.5,1482.8990478515625,135.1919403076172,-0.0,-0.0,-0.0,-0.0,-0.0,-0.0,0.00537872314453125,0.005035400390625,0.0089263916015625,0.0112152099609375,0.0092315673828125,0.01300811767578125,0.00782012939453125,0.01800537109375,0.006103515625,0.0147247314453125,0.02826690673828125,0.00743865966796875,0.0189208984375,0.00675201416015625,0.00392913818359375,0.01827239990234375,0.09674072265625,0.10528564453125,0.102691650390625,0.098876953125,0.09765625,0.098419189453125,0.10650634765625,0.09613037109375,0.09613037109375,0.1171875,0.09735107421875,0.112152099609375,0.621337890625,1.31072998046875,-0.04364013671875,1.1724853515625,2.5354671478271484
109,0.0545,-0.0,-0.0,-0.0,-0.0,-0.0,-0.0,1.0073299407958984,13.17646598815918,-437.69293212890625,-128532.1484375,21270.640625,-841.2119140625,2.2547965049743652,-39.12651062011719,-183.34861755371094,41849.109375,1574.719482421875,47.25336456298828,-0.0,-0.0,-0.0,-0.0,-0.0,-0.0,-0.00507354736328125,-0.005950927734375,-0.00820159912109375,-0.0119781494140625,-0.009002685546875,-0.0104522705078125,-0.0064849853515625,-0.0199127197265625,-0.0054168701171875,-0.00713348388671875,-0.01804351806640625,-0.0075531005859375,-0.016632080078125,-0.00782012939453125,-0.00423431396484375,-0.02056121826171875,0.096282958984375,0.0994873046875,0.094146728515625,0.10528564453125,0.047607421875,0.097198486328125,0.0830078125,0.0994873046875,0.09674072265625,0.048675537109375,0.095977783203125,0.105743408203125,0.506439208984375,0.44952392578125,0.26824951171875,-0.76934814453125,-2.342682361602783
110,0.055,-0.0,-0.0,-0.0,-0.0,-0.0,-0.0,1.35999596118927,13.406543731689453,-437.4433898925781,-128501.0859375,21374.43359375,-844.6121215820312,2.447039842605591,-39.18901824951172,-183.15951538085938,41860.81640625,1861.655517578125,131.43768310546875,-0.0,-0.0,-0.0,-0.0,-0.0,-0.0,-0.00579833984375,-0.006256103515625,-0.0074005126953125,-0.01010894775390625,-0.0061798095703125,-0.009613037109375,-0.00701904296875,-0.0159454345703125,-0.00469207763671875,-0.01064300537109375,-0.02666473388671875,-0.00827789306640625,-0.0182342529296875,-0.0095367431640625,-0.002899169921875,-0.0193023681640625,0.096435546875,0.094146728515625,0.09735107421875,0.096893310546875,0.08026123046875,0.098724365234375,0.101318359375,0.1007080078125,0.098419189453125,0.150146484375,0.139007568359375,0.112762451171875,-0.2911376953125,-1.16119384765625,0.325927734375,-0.8294677734375,-1.1231448650360107
111,0.0555,-0.0,-0.0,-0.0,-0.0,-0.0,-0.0,1.275100588798523,12.671906471252441,-437.79705810546875,-128760.7265625,21428.580078125,-805.26416015625,2.3584699630737305,-39.20415115356445,-183.5514373779297,41881.33203125,2004.454345703125,131.34727478027344,-0.0,-0.0,-0.0,-0.0,-0.0,-0.0,0.0061798095703125,0.0077056884765625,0.0098419189453125,0.0133514404296875,0.00732421875,0.01232147216796875,0.0058746337890625,0.01941680908203125,0.005340576171875,0.007781982421875,0.02056121826171875,0.01068115234375,0.0164031982421875,0.00698089599609375,0.00446319580078125,0.022125244140625,0.093841552734375,0.099029541015625,0.096435546875,0.0946044921875,0.1123046875,0.107879638671875,0.0738525390625,0.092010498046875,0.106658935546875,0.1251220703125,0.133209228515625,0.08758544921875,0.1068115234375,-0.03082275390625,0.08575439453125,0.96588134765625,9.852691650390625
112,0.056,-0.0,-0.0,-0.0,-0.0,-0.0,-0.0,0.9234799742698669,12.499311447143555,-439.04437255859375,-129484.53125,21329.234375,-688.4187622070312,2.8126940727233887,-39.35502624511719,-182.35968017578125,41683.0,1840.831298828125,80.996337890625,-0.0,-0.0,-0.0,-0.0,-0.0,-0.0,0.01018524169921875,0.00751495361328125,0.0093841552734375,0.01125335693359375,0.008697509765625,0.01129150390625,0.00835418701171875,0.01758575439453125,0.0034332275390625,0.01071929931640625,0.02399444580078125,0.0095367431640625,0.01712799072265625,0.00850677490234375,0.0037384033203125,0.01964569091796875,0.111541748046875,0.10650634765625,0.114288330078125,0.113067626953125,0.13214111328125,0.111846923828125,0.11566162109375,0.106964111328125,0.1129150390625,0.095977783203125,0.140838623046875,0.14251708984375,0.587921142578125,1.27227783203125,-0.0201416015625,1.156463623046875,4.364773273468018
113,0.0565,-0.0,-0.0,-0.0,-0.0,-0.0,-0.0,0.849778950214386,12.441693305969238,-439.9173583984375,-129814.1328125,21363.791015625,-757.1286010742188,2.582923650741577,-38.8875617980957,-181.8051300048828,41447.234375,2225.03125,12.884844779968262,-0.0,-0.0,-0.0,-0.0,-0.0,-0.0,-0.00644683837890625,-0.00621795654296875,-0.00919342041015625,-0.01064300537109375,-0.00865936279296875,-0.01003265380859375,-0.009307861328125,-0.0159454345703125,-0.007171630859375,-0.008544921875,-0.020294189453125,-0.01140594482421875,-0.01636505126953125,-0.009002685546875,-0.00339508056640625,-0.02124786376953125,0.09368896484375,0.099639892578125,0.092010498046875,0.103759765625,0.08758544921875,0.097808837890625,0.113983154296875,0.095367431640625,0.1025390625,0.12054443359375,0.184783935546875,0.05615234375,0.17333984375,0.29693603515625,-0.0048828125,-0.66864013671875,0.7061610817909241
114,0.057,-0.0,-0.0,-0.0,-0.0,-0.0,-0.0,1.222583293914795,12.567386627197266,-441.01739501953125,-129973.1875,21338.36328125,-727.7684326171875,2.4999492168426514,-38.596580505371094,-180.40830993652344,41119.59765625,2284.911376953125,66.84297180175781,-0.0,-0.0,-0.0,-0.0,-0.0,-0.0,-0.00858306884765625,-0.005950927734375,-0.00888824462890625,-0.0121307373046875,-0.00789642333984375,-0.01007080078125,-0.00732421875,-0.01712799072265625,-0.00560760498046875,-0.0103759765625,-0.02475738525390625,-0.0066375732421875,-0.01804351806640625,-0.00576019287109375,-0.0019073486328125,-0.02048492431640625,0.103912353515625,0.104827880859375,0.101165771484375,0.09918212890625,0.04302978515625,0.095672607421875,0.10498046875,0.098419189453125,0.100250244140625,0.087890625,0.1873779296875,0.069580078125,-0.381927490234375,-1.34429931640625,0.17730712890625,-1.04156494140625,-3.2573351860046387
115,0.0575,-0.0,-0.0,-0.0,-0.0,-0.0,-0.0,1.2687594890594482,12.468358993530273,-441.47491455078125,-130736.90625,21389.5859375,-812.19873046875,2.332740306854248,-38.46585464477539,-179.3214874267578,41192.5,2501.427490234375,-11.432029724121094,-0.0,-0.0,-0.0,-0.0,-0.0,-0.0,0.00591278076171875,0.00766754150390625,0.0095367431640625,0.0141143798828125,0.0084686279296875,0.01293182373046875,0.0080108642578125,0.019073486328125,0.00507354736328125,0.00762939453125,0.02105712890625,0.00896453857421875,0.02002716064453125,0.00911712646484375,0.0048828125,0.02376556396484375,0.101470947265625,0.106658935546875,0.0994873046875,0.095062255859375,0.11444091796875,0.094451904296875,0.084991455078125,0.09796142578125,0.095977783203125,0.153350830078125,0.1434326171875,0.09490966796875,0.155792236328125,0.1263427734375,0.13214111328125,0.88348388671875,10.4624605178833
116,0.058,-0.0,-0.0,-0.0,-0.0,-0.0,-0.0,1.2224295139312744,12.577035903930664,-443.84222412109375,-130791.3046875,21412.669921875,-805.6859741210938,2.0570068359375,-38.021141052246094,-178.02920532226562,40849.0546875,2632.1708984375,-138.89732360839844,-0.0,-0.0,-0.0,-0.0,-0.0,-0.0,0.00537872314453125,0.00446319580078125,0.008087158203125,0.0099945068359375,0.0083160400390625,0.0119781494140625,0.0075531005859375,0.01712799072265625,0.00576019287109375,0.01171112060546875,0.02864837646484375,0.010223388671875,0.018310546875,0.0072479248046875,0.0035858154296875,0.01834869384765625,0.1007080078125,0.0946044921875,0.089111328125,0.099639892578125,0.115509033203125,0.094146728515625,0.0958251953125,0.09552001953125,0.092010498046875,0.092620849609375,0.122222900390625,0.095367431640625,0.39886474609375,1.95556640625,-0.14129638671875,1.110687255859375,2.2305827140808105
117,0.0585,-0.0,-0.0,-0.0,-0.0,-0.0,-0.0,0.9984017610549927,12.423267364501953,-444.30035400390625,-131010.5625,21387.330078125,-919.6659545898438,1.9252387285232544,-37.38636016845703,-177.57681274414062,40562.12890625,2926.51806640625,-316.7764892578125,-0.0,-0.0,-0.0,-0.0,-0.0,-0.0,-0.00743865966796875,-0.00583648681640625,-0.01132965087890625,-0.01068115234375,-0.00949859619140625,-0.008697509765625,-0.007476806640625,-0.01728057861328125,-0.0048828125,-0.0067138671875,-0.020904541015625,-0.011444091796875,-0.01674652099609375,-0.0089263916015625,-0.0049591064453125,-0.02197265625,0.09307861328125,0.096588134765625,0.10040283203125,0.09796142578125,0.1287841796875,0.0927734375,0.10345458984375,0.09613037109375,0.098876953125,0.10467529296875,0.09674072265625,0.100555419921875,0.2093505859375,0.14801025390625,-0.14068603515625,-0.561370849609375,-1.1231448650360107
118,0.059000000000000004,-0.0,-0.0,-0.0,-0.0,-0.0,-0.0,1.3115006685256958,12.986405372619629,-445.25439453125,-131341.953125,21424.24609375,-910.7130126953125,2.1025779247283936,-36.98042297363281,-177.30126953125,40526.92578125,3104.6396484375,-351.9120788574219,-0.0,-0.0,-0.0,-0.0,-0.0,-0.0,-0.00885009765625,-0.00614166259765625,-0.00766754150390625,-0.0110626220703125,-0.00850677490234375,-0.012054443359375,-0.006866455078125,-0.01712799072265625,-0.0049591064453125,-0.010528564453125,-0.02422332763671875,-0.00576019287109375,-0.0174713134765625,-0.00583648681640625,-0.00148773193359375,-0.01804351806640625,0.10345458984375,0.09857177734375,0.101165771484375,0.103607177734375,0.111236572265625,0.101776123046875,0.096282958984375,0.096282958984375,0.100860595703125,0.10650634765625,0.05828857421875,0.108642578125,-0.509185791015625,-1.45538330078125,0.35614013671875,-0.80291748046875,-3.2573351860046387
119,0.059500000000000004,-0.0,-0.0,-0.0,-0.0,-0.0,-0.0,0.7756834030151367,12.905783653259277,-446.0303649902344,-131728.15625,21287.9296875,-931.3834228515625,1.1532402038574219,-36.3266487121582,-175.86790466308594,40423.73828125,3243.80126953125,-474.15283203125,-0.0,-0.0,-0.0,-0.0,-0.0,-0.0,0.00431060791015625,0.0063323974609375,0.01010894775390625,0.01346588134765625,0.01003265380859375,0.0113677978515625,0.009002685546875,0.0173187255859375,0.00652313232421875,0.00774383544921875,0.0217437744140625,0.0133514404296875,0.0177764892578125,0.0075531005859375,0.00568389892578125,0.02185821533203125,0.108184814453125,0.107879638671875,0.112762451171875,0.10528564453125,0.03753662109375,0.11138916015625,0.114288330078125,0.106964111328125,0.1068115234375,0.0848388671875,0.06317138671875,0.11810302734375,-0.027008056640625,0.1318359375,0.43243408203125,0.789947509765625,11.07222843170166
120,0.06,-0.0,-0.0,-0.0,-0.0,-0.0,-0.0,1.3828693628311157,12.710038185119629,-446.94879150390625,-131717.03125,21294.814453125,-826.2733154296875,0.9403231739997864,-35.59364318847656,-174.1566925048828,40124.53125,3493.4970703125,-539.3527221679688,-0.0,-0.0,-0.0,-0.0,-0.0,-0.0,0.00568389892578125,0.00507354736328125,0.007476806640625,0.00995635986328125,0.0064849853515625,0.0090789794921875,0.00713348388671875,0.01728057861328125,0.004730224609375,0.01064300537109375,0.0252532958984375,0.0058746337890625,0.01682281494140625,0.0077056884765625,0.004425048828125,0.01922607421875,0.104217529296875,0.098724365234375,0.095062255859375,0.096588134765625,0.1348876953125,0.110321044921875,0.075836181640625,0.0946044921875,0.091094970703125,0.13092041015625,0.059967041015625,0.1007080078125,0.42144775390625,1.65191650390625,-0.4376220703125,1.116790771484375,3.145235776901245
121,0.0605,-0.0,-0.0,-0.0,-0.0,-0.0,-0.0,0.9275810122489929,12.693001747131348,-448.4321594238281,-132309.609375,21310.720703125,-948.9054565429688,0.6657149195671082,-35.18797302246094,-173.42330932617188,39712.29296875,3635.03271484375,-634.2985229492188,-0.0,-0.0,-0.0,-0.0,-0.0,-0.0,-0.006256103515625,-0.0055694580078125,-0.01110076904296875,-0.010833740234375,-0.01064300537109375,-0.01102447509765625,-0.008392333984375,-0.01949310302734375,-0.004119873046875,-0.0095367431640625,-0.0200653076171875,-0.01110076904296875,-0.01697540283203125,-0.00942230224609375,-0.00522613525390625,-0.0229644775390625,0.0982666015625,0.098724365234375,0.09033203125,0.10650634765625,0.12237548828125,0.09429931640625,0.116729736328125,0.09796142578125,0.09918212890625,0.077056884765625,0.063323974609375,0.110626220703125,0.210113525390625,-0.07843017578125,-0.0042724609375,-0.78643798828125,1.9256983995437622
122,0.061,-0.0,-0.0,-0.0,-0.0,-0.0,-0.0,1.3988382816314697,12.658122062683105,-449.59808349609375,-132389.171875,21509.341796875,-1013.5214233398438,0.5942293405532837,-34.7188606262207,-170.59652709960938,39795.65234375,3874.923583984375,-717.4998779296875,-0.0,-0.0,-0.0,-0.0,-0.0,-0.0,-0.0048065185546875,-0.00469207763671875,-0.00667572021484375,-0.0098419189453125,-0.006866455078125,-0.00949859619140625,-0.00682830810546875,-0.01621246337890625,-0.0048828125,-0.00873565673828125,-0.02841949462890625,-0.00606536865234375,-0.0185394287109375,-0.007476806640625,-0.0014495849609375,-0.018310546875,0.097503662109375,0.1007080078125,0.104217529296875,0.09490966796875,0.101470947265625,0.090484619140625,0.100555419921875,0.093994140625,0.09857177734375,0.09185791015625,0.055694580078125,0.09246826171875,-0.16082763671875,-1.650390625,0.565185546875,-1.01593017578125,-6.611063003540039
123,0.0615,-0.0,-0.0,-0.0,-0.0,-0.0,-0.0,1.4003734588623047,13.004819869995117,-449.59808349609375,-132767.15625,21321.787109375,-977.8466186523438,0.016521364450454712,-33.9607048034668,-172.0261993408203,39253.859375,3848.804931640625,-809.5433959960938,-0.0,-0.0,-0.0,-0.0,-0.0,-0.0,0.00457763671875,0.00797271728515625,0.00919342041015625,0.01407623291015625,0.00835418701171875,0.01125335693359375,0.00946044921875,0.0171661376953125,0.00553131103515625,0.00843048095703125,0.02285003662109375,0.01331329345703125,0.01674652099609375,0.0096893310546875,0.0034332275390625,0.02285003662109375,0.102386474609375,0.1055908203125,0.095367431640625,0.093536376953125,0.13275146484375,0.09185791015625,0.098724365234375,0.10498046875,0.09307861328125,0.112152099609375,0.061492919921875,0.075836181640625,0.19561767578125,0.15167236328125,0.2117919921875,0.634765625,7.71850061416626
124,0.062,-0.0,-0.0,-0.0,-0.0,-0.0,-0.0,1.5516341924667358,12.861830711364746,-450.2287902832031,-133155.3125,21249.267578125,-1051.51171875,-0.2930314540863037,-33.88874816894531,-169.30699157714844,38937.9375,4243.349609375,-1034.42724609375,-0.0,-0.0,-0.0,-0.0,-0.0,-0.0,0.00392913818359375,0.0048065185546875,0.0080108642578125,0.01068115234375,0.00843048095703125,0.00988006591796875,0.00682830810546875,0.01560211181640625,0.003814697265625,0.01110076904296875,0.0270843505859375,0.00774383544921875,0.01708984375,0.00827789306640625,0.00179290771484375,0.0185394287109375,0.09552001953125,0.10101318359375,0.095367431640625,0.100860595703125,0.106658935546875,0.102386474609375,0.084075927734375,0.092926025390625,0.098419189453125,0.092010498046875,0.070343017578125,0.0921630859375,0.674591064453125,1.627197265625,-0.2789306640625,1.309967041015625,1.0110454559326172
125,0.0625,-0.0,-0.0,-0.0,-0.0,-0.0,-0.0,1.5165786743164062,12.509072303771973,-451.5023193359375,-133325.328125,21453.208984375,-1068.38037109375,-0.5401093363761902,-33.112823486328125,-166.58966064453125,38735.2578125,4317.1923828125,-1056.0498046875,-0.0,-0.0,-0.0,-0.0,-0.0,-0.0,-0.0070953369140625,-0.0066375732421875,-0.01003265380859375,-0.01209259033203125,-0.00972747802734375,-0.01049041748046875,-0.0078582763671875,-0.0176239013671875,-0.00583648681640625,-0.00904083251953125,-0.0217437744140625,-0.01140594482421875,-0.01873016357421875,-0.0070953369140625,-0.003662109375,-0.02162933349609375,0.097198486328125,0.09796142578125,0.099945068359375,0.095367431640625,0.08026123046875,0.09429931640625,0.12481689453125,0.10009765625,0.09613037109375,0.107269287109375,0.0714111328125,0.096893310546875,0.307769775390625,0.0384521484375,-0.15411376953125,-0.552825927734375,-1.732913613319397
126,0.063,-0.0,-0.0,-0.0,-0.0,-0.0,-0.0,1.5710126161575317,12.896716117858887,-452.91436767578125,-133717.65625,21362.703125,-1074.332275390625,-0.9606236219406128,-32.59070587158203,-166.166259765625,38327.1875,4706.0205078125,-1284.514892578125,-0.0,-0.0,-0.0,-0.0,-0.0,-0.0,-0.006256103515625,-0.00453948974609375,-0.00766754150390625,-0.00949859619140625,-0.00640869140625,-0.0101470947265625,-0.00606536865234375,-0.01399993896484375,-0.00255584716796875,-0.0135040283203125,-0.0246429443359375,-0.00507354736328125,-0.01834869384765625,-0.0067138671875,-0.00354766845703125,-0.0179290771484375,0.10833740234375,0.103302001953125,0.106048583984375,0.108642578125,0.105133056640625,0.11383056640625,0.093231201171875,0.10894775390625,0.10772705078125,0.1092529296875,0.093841552734375,0.106201171875,-0.789642333984375,-1.77490234375,0.709228515625,-1.146392822265625,-1.732913613319397
127,0.0635,-0.0,-0.0,-0.0,-0.0,-0.0,-0.0,1.4819440841674805,13.087489128112793,-452.53155517578125,-134252.953125,21280.1640625,-1094.3818359375,-1.1729627847671509,-32.352725982666016,-164.37278747558594,37951.23828125,4966.76904296875,-1376.0673828125,-0.0,-0.0,-0.0,-0.0,-0.0,-0.0,0.00759124755859375,0.0078582763671875,0.011138916015625,0.01384735107421875,0.00980377197265625,0.01186370849609375,0.01007080078125,0.01705169677734375,0.00690460205078125,0.00988006591796875,0.0232696533203125,0.01026153564453125,0.02124786376953125,0.009765625,0.00347137451171875,0.02330780029296875,0.099334716796875,0.097808837890625,0.0982666015625,0.1025390625,0.1239013671875,0.091705322265625,0.1043701171875,0.091094970703125,0.09521484375,0.0830078125,0.086212158203125,0.097808837890625,0.236968994140625,-0.06195068359375,0.1251220703125,0.877227783203125,10.157575607299805
128,0.064,-0.0,-0.0,-0.0,-0.0,-0.0,-0.0,1.447535514831543,12.869268417358398,-454.4911804199219,-134057.703125,21310.9453125,-1152.512451171875,-1.11164128780365,-31.7489013671875,-163.4029541015625,37770.27734375,4978.11376953125,-1441.812255859375,-0.0,-0.0,-0.0,-0.0,-0.0,-0.0,0.008392333984375,0.00583648681640625,0.00946044921875,0.00988006591796875,0.008544921875,0.0113677978515625,0.00881195068359375,0.01628875732421875,0.00316619873046875,0.01094818115234375,0.025177001953125,0.00514984130859375,0.01766204833984375,0.0057220458984375,0.003662109375,0.01708984375,0.10162353515625,0.095367431640625,0.099029541015625,0.103759765625,0.12725830078125,0.09857177734375,0.100250244140625,0.096282958984375,0.094451904296875,0.10833740234375,0.0799560546875,0.108795166015625,0.758056640625,2.08526611328125,-0.38818359375,1.65985107421875,1.9256983995437622
129,0.0645,-0.0,-0.0,-0.0,-0.0,-0.0,-0.0,1.9282753467559814,13.205143928527832,-455.57470703125,-134550.125,21204.1953125,-1067.15234375,-1.6855049133300781,-31.150426864624023,-161.52252197265625,37633.74609375,5178.75537109375,-1576.85546875,-0.0,-0.0,-0.0,-0.0,-0.0,-0.0,-0.0046539306640625,-0.00659942626953125,-0.0087738037109375,-0.01308441162109375,-0.0091552734375,-0.0115203857421875,-0.00873565673828125,-0.01941680908203125,-0.00701904296875,-0.00690460205078125,-0.019989013671875,-0.01468658447265625,-0.01567840576171875,-0.007781982421875,-0.00362396240234375,-0.02254486083984375,0.091705322265625,0.10040283203125,0.094757080078125,0.101470947265625,0.074005126953125,0.0946044921875,0.096588134765625,0.100860595703125,0.0982666015625,0.032501220703125,0.0677490234375,0.111541748046875,0.59539794921875,0.23529052734375,-0.3729248046875,-0.478363037109375,-1.1231448650360107
130,0.065,-0.0,-0.0,-0.0,-0.0,-0.0,-0.0,1.8049346208572388,12.855484008789062,-457.42156982421875,-135100.859375,21076.283203125,-1027.0504150390625,-1.7264113426208496,-30.96018409729004,-160.85142517089844,37186.1796875,5628.3671875,-1791.20849609375,-0.0,-0.0,-0.0,-0.0,-0.0,-0.0,-0.00522613525390625,-0.00560760498046875,-0.00751495361328125,-0.010223388671875,-0.0055694580078125,-0.00820159912109375,-0.00659942626953125,-0.01384735107421875,-0.0030517578125,-0.01007080078125,-0.0246429443359375,-0.00492095947265625,-0.01720428466796875,-0.005950927734375,-0.0026702880859375,-0.0193023681640625,0.093841552734375,0.09490966796875,0.10162353515625,0.093841552734375,0.0946044921875,0.097808837890625,0.094146728515625,0.091400146484375,0.099945068359375,0.09490966796875,0.08331298828125,0.124359130859375,-0.469818115234375,-1.79840087890625,0.452880859375,-1.4605712890625,1.0110454559326172
131,0.0655,-0.0,-0.0,-0.0,-0.0,-0.0,-0.0,2.0387489795684814,12.813788414001465,-457.74713134765625,-135461.5625,21257.43359375,-1251.781494140625,-2.1016852855682373,-30.2332706451416,-159.4545440673828,36769.36328125,5804.00390625,-1811.73046875,-0.0,-0.0,-0.0,-0.0,-0.0,-0.0,0.00835418701171875,0.00705718994140625,0.01102447509765625,0.01323699951171875,0.00904083251953125,0.01323699951171875,0.0075531005859375,0.01983642578125,0.00537872314453125,0.011444091796875,0.0214385986328125,0.01155853271484375,0.0196075439453125,0.008544921875,0.003814697265625,0.0231170654296875,0.097198486328125,0.09918212890625,0.097198486328125,0.101470947265625,0.1348876953125,0.0927734375,0.099639892578125,0.090789794921875,0.093841552734375,0.121002197265625,0.08575439453125,0.081634521484375,0.151824951171875,0.04150390625,0.16387939453125,0.673370361328125,8.023386001586914
132,0.066,-0.0,-0.0,-0.0,-0.0,-0.0,-0.0,1.879718542098999,12.945228576660156,-457.5023498535156,-135920.328125,21099.267578125,-1303.761474609375,-2.272681474685669,-30.084043502807617,-157.20132446289062,36637.09765625,5905.99853515625,-1871.0322265625,-0.0,-0.0,-0.0,-0.0,-0.0,-0.0,0.008697509765625,0.00644683837890625,0.008392333984375,0.009613037109375,0.00858306884765625,0.00980377197265625,0.00713348388671875,0.01476287841796875,0.00354766845703125,0.01087188720703125,0.02346038818359375,0.00354766845703125,0.016632080078125,0.00675201416015625,0.0029754638671875,0.0179290771484375,0.09185791015625,0.093841552734375,0.096282958984375,0.095062255859375,0.075836181640625,0.0982666015625,0.08636474609375,0.091705322265625,0.097808837890625,-0.00762939453125,0.0811767578125,0.08026123046875,1.0009765625,1.9915771484375,-0.5780029296875,1.681671142578125,1.6208140850067139
133,0.0665,-0.0,-0.0,-0.0,-0.0,-0.0,-0.0,2.3594248294830322,12.868570327758789,-461.5450744628906,-136393.484375,21193.69921875,-1291.8726806640625,-2.538925886154175,-29.62130355834961,-156.15475463867188,36200.75390625,5967.22412109375,-2028.5489501953125,-0.0,-0.0,-0.0,-0.0,-0.0,-0.0,-0.006561279296875,-0.00820159912109375,-0.01003265380859375,-0.01239776611328125,-0.0086212158203125,-0.01194000244140625,-0.007476806640625,-0.018463134765625,-0.00629425048828125,-0.011749267578125,-0.02105712890625,-0.01010894775390625,-0.01682281494140625,-0.00904083251953125,-0.0034332275390625,-0.0232696533203125,0.10772705078125,0.1104736328125,0.1080322265625,0.1092529296875,0.073394775390625,0.099639892578125,0.100860595703125,0.109405517578125,0.10833740234375,0.069580078125,0.095977783203125,0.10894775390625,0.10223388671875,-0.0018310546875,0.47698974609375,-0.304718017578125,-1.4280292987823486
134,0.067,-0.0,-0.0,-0.0,-0.0,-0.0,-0.0,2.5710887908935547,12.589262962341309,-462.5557556152344,-136658.96875,20993.708984375,-1427.1119384765625,-2.9609780311584473,-29.140254974365234,-154.08447265625,35983.8203125,6198.0859375,-2215.85595703125,-0.0,-0.0,-0.0,-0.0,-0.0,-0.0,-0.004730224609375,-0.00499725341796875,-0.0063323974609375,-0.00988006591796875,-0.0080108642578125,-0.010833740234375,-0.00762939453125,-0.01522064208984375,-0.00484466552734375,-0.01079559326171875,-0.02605438232421875,-0.00690460205078125,-0.01705169677734375,-0.00621795654296875,-0.00072479248046875,-0.0160980224609375,0.101165771484375,0.0982666015625,0.095977783203125,0.098419189453125,0.147857666015625,0.09185791015625,0.0921630859375,0.094146728515625,0.097808837890625,0.139312744140625,0.086669921875,0.0994873046875,-0.507659912109375,-1.981201171875,0.3460693359375,-1.53350830078125,4.974541664123535
135,0.0675,-0.0,-0.0,-0.0,-0.0,-0.0,-0.0,2.4757134914398193,12.717824935913086,-463.72528076171875,-136869.25,21025.779296875,-1375.6307373046875,-2.9551210403442383,-28.616226196289062,-154.5013885498047,35707.40625,6423.66162109375,-2226.83349609375,-0.0,-0.0,-0.0,-0.0,-0.0,-0.0,0.00659942626953125,0.00751495361328125,0.01003265380859375,0.01323699951171875,0.0103759765625,0.01155853271484375,0.0109100341796875,0.01804351806640625,0.00865936279296875,0.0066375732421875,0.0244903564453125,0.009918212890625,0.02033233642578125,0.00919342041015625,0.0025177001953125,0.022430419921875,0.102081298828125,0.1043701171875,0.1007080078125,0.093231201171875,0.113677978515625,0.097198486328125,0.100555419921875,0.09552001953125,0.106048583984375,0.10833740234375,0.101470947265625,0.104827880859375,-0.235595703125,0.1348876953125,0.22918701171875,1.210174560546875,-1.1231448650360107
136,0.068,-0.0,-0.0,-0.0,-0.0,-0.0,-0.0,3.0610618591308594,12.472764015197754,-465.93304443359375,-137479.421875,21003.015625,-1436.2264404296875,-3.404278039932251,-28.522382736206055,-152.142822265625,35572.80078125,6616.55859375,-2414.307861328125,-0.0,-0.0,-0.0,-0.0,-0.0,-0.0,0.00690460205078125,0.006103515625,0.00858306884765625,0.0096893310546875,0.00736236572265625,0.009002685546875,0.00682830810546875,0.0156402587890625,0.00362396240234375,0.01026153564453125,0.02483367919921875,0.00431060791015625,0.0162506103515625,0.00644683837890625,0.0041961669921875,0.017547607421875,0.0970458984375,0.10040283203125,0.089874267578125,0.106658935546875,0.1171875,0.092315673828125,0.097198486328125,0.096282958984375,0.102691650390625,0.078125,0.09490966796875,0.103607177734375,0.87860107421875,2.26409912109375,-0.28778076171875,1.729888916015625,3.145235776901245
137,0.0685,-0.0,-0.0,-0.0,-0.0,-0.0,-0.0,2.3474605083465576,12.590105056762695,-467.6587219238281,-138017.375,20944.2265625,-1469.0679931640625,-3.42661714553833,-27.6723690032959,-150.00489807128906,35211.0,6872.7060546875,-2590.237060546875,-0.0,-0.0,-0.0,-0.0,-0.0,-0.0,-0.00553131103515625,-0.00797271728515625,-0.009918212890625,-0.01338958740234375,-0.008087158203125,-0.0124359130859375,-0.008392333984375,-0.01850128173828125,-0.00518798828125,-0.00957489013671875,-0.019989013671875,-0.00942230224609375,-0.01934051513671875,-0.00946044921875,-0.00377655029296875,-0.02445220947265625,0.098114013671875,0.099945068359375,0.096893310546875,0.0909423828125,0.08392333984375,0.10223388671875,0.101470947265625,0.1007080078125,0.09613037109375,0.10955810546875,0.092010498046875,0.0970458984375,0.172882080078125,0.25543212890625,-0.0311279296875,-0.90911865234375,-0.5133762359619141
138,0.069,-0.0,-0.0,-0.0,-0.0,-0.0,-0.0,2.548902750015259,11.681157112121582,-468.4276123046875,-138314.90625,21027.3125,-1471.6156005859375,-4.108555793762207,-27.64468765258789,-148.99827575683594,35022.3671875,6932.66943359375,-2683.138916015625,-0.0,-0.0,-0.0,-0.0,-0.0,-0.0,-0.006256103515625,-0.003814697265625,-0.00789642333984375,-0.00904083251953125,-0.00667572021484375,-0.01110076904296875,-0.007171630859375,-0.01705169677734375,-0.0054931640625,-0.011444091796875,-0.025634765625,-0.00537872314453125,-0.01934051513671875,-0.00469207763671875,-0.0029754638671875,-0.01544952392578125,0.090789794921875,0.0994873046875,0.097198486328125,0.10284423828125,0.1220703125,0.106658935546875,0.095977783203125,0.095062255859375,0.101776123046875,0.088348388671875,0.096435546875,0.107879638671875,-0.816802978515625,-2.135009765625,0.41015625,-1.860198974609375,-2.95245099067688
139,0.0695,-0.0,-0.0,-0.0,-0.0,-0.0,-0.0,2.7422773838043213,12.30485725402832,-470.3243713378906,-138785.328125,21124.34765625,-1477.5845947265625,-4.281128406524658,-27.43044090270996,-147.5618438720703,34786.7890625,7017.33447265625,-2740.74853515625,-0.0,-0.0,-0.0,-0.0,-0.0,-0.0,0.00743865966796875,0.007171630859375,0.01094818115234375,0.01346588134765625,0.009613037109375,0.01270294189453125,0.0099945068359375,0.020751953125,0.00476837158203125,0.00995635986328125,0.02346038818359375,0.010986328125,0.01850128173828125,0.0104522705078125,0.0035858154296875,0.023193359375,0.09796142578125,0.09613037109375,0.093994140625,0.099029541015625,0.09307861328125,0.095367431640625,0.0787353515625,0.102081298828125,0.102386474609375,0.171661376953125,0.109710693359375,0.10009765625,0.0482177734375,0.1385498046875,0.0775146484375,0.88287353515625,11.07222843170166
140,0.07,-0.0,-0.0,-0.0,-0.0,-0.0,-0.0,2.74194598197937,11.906074523925781,-471.6251220703125,-139283.875,21134.634765625,-1505.364990234375,-4.589620590209961,-26.998546600341797,-147.01121520996094,34515.69921875,7266.337890625,-2867.23681640625,-0.0,-0.0,-0.0,-0.0,-0.0,-0.0,0.0055694580078125,0.00576019287109375,0.00804901123046875,0.00995635986328125,0.0052642822265625,0.01007080078125,0.0069427490234375,0.0145721435546875,0.00396728515625,0.011444091796875,0.02529144287109375,0.008544921875,0.0183868408203125,0.00782012939453125,0.00461578369140625,0.0174713134765625,0.1092529296875,0.099639892578125,0.10589599609375,0.10711669921875,0.128326416015625,0.11016845703125,0.120391845703125,0.105743408203125,0.10284423828125,0.051422119140625,0.112457275390625,0.111541748046875,0.9893798828125,1.871337890625,-0.04730224609375,2.21405029296875,3.450119972229004
141,0.07050000000000001,-0.0,-0.0,-0.0,-0.0,-0.0,-0.0,2.7937800884246826,12.08461856842041,-473.27874755859375,-139585.609375,21111.302734375,-1649.8529052734375,-4.851024150848389,-26.966060638427734,-143.83273315429688,34317.01953125,7511.10400390625,-2967.3173828125,-0.0,-0.0,-0.0,-0.0,-0.0,-0.0,-0.0084686279296875,-0.0049591064453125,-0.01026153564453125,-0.01163482666015625,-0.00946044921875,-0.01239776611328125,-0.0083160400390625,-0.019989013671875,-0.00652313232421875,-0.0109100341796875,-0.02361297607421875,-0.00980377197265625,-0.02079010009765625,-0.0072479248046875,-0.00270843505859375,-0.02193450927734375,0.0946044921875,0.09918212890625,0.104827880859375,0.103302001953125,0.096282958984375,0.0933837890625,0.123748779296875,0.10772705078125,0.095977783203125,0.128021240234375,0.096435546875,0.08453369140625,-0.005035400390625,-0.30029296875,0.08392333984375,-0.599517822265625,-1.732913613319397
142,0.07100000000000001,-0.0,-0.0,-0.0,-0.0,-0.0,-0.0,3.028958320617676,11.793524742126465,-474.449462890625,-140178.703125,21128.84765625,-1697.85888671875,-4.738335132598877,-26.64935874938965,-141.75555419921875,34006.6171875,7584.74365234375,-3035.87109375,-0.0,-0.0,-0.0,-0.0,-0.0,-0.0,-0.00698089599609375,-0.00484466552734375,-0.00606536865234375,-0.0077056884765625,-0.006256103515625,-0.0087738037109375,-0.00720977783203125,-0.01422882080078125,-0.0052642822265625,-0.011138916015625,-0.02227783203125,-0.00732421875,-0.01888275146484375,-0.0090789794921875,-0.0034332275390625,-0.01644134521484375,0.097198486328125,0.099945068359375,0.09674072265625,0.101318359375,0.074462890625,0.105438232421875,0.1019287109375,0.095062255859375,0.095977783203125,0.098724365234375,0.09796142578125,0.0933837890625,-0.911865234375,-1.91162109375,0.49285888671875,-2.025604248046875,-1.1231448650360107
143,0.07150000000000001,-0.0,-0.0,-0.0,-0.0,-0.0,-0.0,3.0859873294830322,11.61135196685791,-476.07080078125,-140520.671875,21106.77734375,-1725.909912109375,-4.971848487854004,-26.39610481262207,-143.99337768554688,33775.359375,7889.9091796875,-3107.442626953125,-0.0,-0.0,-0.0,-0.0,-0.0,-0.0,0.00667572021484375,0.00720977783203125,0.01018524169921875,0.012664794921875,0.010986328125,0.010833740234375,0.01071929931640625,0.0171661376953125,0.007171630859375,0.01026153564453125,0.024871826171875,0.01129150390625,0.020751953125,0.0096893310546875,0.0043487548828125,0.02239227294921875,0.0982666015625,0.097808837890625,0.099945068359375,0.10009765625,0.1287841796875,0.103912353515625,0.0897216796875,0.10345458984375,0.099945068359375,0.118408203125,0.100250244140625,0.07659912109375,-0.195465087890625,0.27984619140625,0.23345947265625,1.051025390625,11.377113342285156
144,0.07200000000000001,-0.0,-0.0,-0.0,-0.0,-0.0,-0.0,3.3007888793945312,11.85434341430664,-477.0032043457031,-141258.265625,21122.849609375,-1777.440185546875,-5.113071441650391,-26.267412185668945,-140.34368896484375,33615.58203125,7741.0546875,-3174.904541015625,-0.0,-0.0,-0.0,-0.0,-0.0,-0.0,0.00823974609375,0.00667572021484375,0.00766754150390625,0.00919342041015625,0.00606536865234375,0.0091552734375,0.00560760498046875,0.0141143798828125,0.00400543212890625,0.010986328125,0.0251007080078125,0.00335693359375,0.01605987548828125,0.00698089599609375,0.00461578369140625,0.01811981201171875,0.096588134765625,0.100555419921875,0.1007080078125,0.10040283203125,0.12725830078125,0.099029541015625,0.118408203125,0.089569091796875,0.093231201171875,0.1141357421875,0.09674072265625,0.0970458984375,0.926055908203125,2.4481201171875,-0.61920166015625,1.831207275390625,1.9256983995437622
145,0.0725,-0.0,-0.0,-0.0,-0.0,-0.0,-0.0,3.3864316940307617,11.533473014831543,-480.6920166015625,-141571.9375,21149.86328125,-1869.9642333984375,-5.564046859741211,-26.083133697509766,-139.43739318847656,33316.8125,7930.0322265625,-3223.781982421875,-0.0,-0.0,-0.0,-0.0,-0.0,-0.0,-0.00896453857421875,-0.007476806640625,-0.0110626220703125,-0.01293182373046875,-0.01018524169921875,-0.0107574462890625,-0.00888824462890625,-0.01956939697265625,-0.00762939453125,-0.00865936279296875,-0.0246429443359375,-0.01064300537109375,-0.02162933349609375,-0.00858306884765625,-0.0054931640625,-0.0231170654296875,0.095672607421875,0.09613037109375,0.09368896484375,0.089111328125,0.07080078125,0.09613037109375,0.097503662109375,0.101165771484375,0.09368896484375,0.1324462890625,0.08880615234375,0.108642578125,0.15472412109375,-0.35430908203125,0.06439208984375,-0.971221923828125,0.40127673745155334
146,0.073,-0.0,-0.0,-0.0,-0.0,-0.0,-0.0,4.017871856689453,11.465847969055176,-482.5570373535156,-142407.046875,20955.275390625,-1927.6778564453125,-5.525025367736816,-25.765085220336914,-138.5013427734375,33097.97265625,7950.5869140625,-3334.00341796875,-0.0,-0.0,-0.0,-0.0,-0.0,-0.0,-0.0060272216796875,-0.00415802001953125,-0.00720977783203125,-0.01110076904296875,-0.00766754150390625,-0.0102996826171875,-0.00652313232421875,-0.01434326171875,-0.00335693359375,-0.008697509765625,-0.02208709716796875,-0.00553131103515625,-0.01659393310546875,-0.00446319580078125,-0.00194549560546875,-0.017242431640625,0.096588134765625,0.097198486328125,0.09521484375,0.100555419921875,0.103759765625,0.093536376953125,0.09521484375,0.090789794921875,0.09552001953125,0.111846923828125,0.107574462890625,0.10955810546875,-0.499267578125,-1.9720458984375,0.4205322265625,-1.937713623046875,-2.0377979278564453
147,0.0735,-0.0,-0.0,-0.0,-0.0,-0.0,-0.0,4.1036834716796875,11.25589656829834,-485.1683349609375,-142763.578125,21374.533203125,-1941.678955078125,-5.680738925933838,-25.496604919433594,-136.85464477539062,32707.263671875,7997.64697265625,-3313.837158203125,-0.0,-0.0,-0.0,-0.0,-0.0,-0.0,0.00919342041015625,0.00698089599609375,0.0109100341796875,0.0139617919921875,0.00965118408203125,0.013885498046875,0.0086212158203125,0.02105712890625,0.00606536865234375,0.0099945068359375,0.0257110595703125,0.0135040283203125,0.02353668212890625,0.008544921875,0.00537872314453125,0.0244140625,0.110321044921875,0.105133056640625,0.10772705078125,0.105438232421875,0.07354736328125,0.092315673828125,0.1153564453125,0.105743408203125,0.1092529296875,0.080413818359375,0.10467529296875,0.093536376953125,0.1385498046875,0.2593994140625,0.25177001953125,1.154937744140625,10.76734447479248
148,0.074,-0.0,-0.0,-0.0,-0.0,-0.0,-0.0,4.135378360748291,11.05510425567627,-485.61077880859375,-143596.84375,21023.603515625,-2028.585205078125,-5.354218482971191,-25.16570472717285,-136.1927490234375,32580.265625,8150.828125,-3461.785888671875,-0.0,-0.0,-0.0,-0.0,-0.0,-0.0,0.00732421875,0.0063323974609375,0.0084686279296875,0.01140594482421875,0.00823974609375,0.0107574462890625,0.0070953369140625,0.01369476318359375,0.00225067138671875,0.01049041748046875,0.02208709716796875,0.00518798828125,0.0168609619140625,0.005645751953125,0.00164031982421875,0.01773834228515625,0.10528564453125,0.101470947265625,0.0958251953125,0.09674072265625,0.09979248046875,0.0982666015625,0.095062255859375,0.103302001953125,0.099639892578125,0.08880615234375,0.08544921875,0.098114013671875,1.2255859375,2.0648193359375,-0.5572509765625,2.1026611328125,1.9256983995437622
149,0.0745,-0.0,-0.0,-0.0,-0.0,-0.0,-0.0,4.489339828491211,10.965805053710938,-487.28521728515625,-143992.21875,21106.41796875,-2196.603759765625,-5.791994094848633,-25.111858367919922,-135.81997680664062,32647.380859375,8304.943359375,-3433.3291015625,-0.0,-0.0,-0.0,-0.0,-0.0,-0.0,-0.006103515625,-0.0087738037109375,-0.00988006591796875,-0.01392364501953125,-0.0099945068359375,-0.01277923583984375,-0.00827789306640625,-0.019073486328125,-0.00560760498046875,-0.0106048583984375,-0.02262115478515625,-0.01224517822265625,-0.01888275146484375,-0.0093841552734375,-0.00156402587890625,-0.02376556396484375,0.097198486328125,0.098724365234375,0.096588134765625,0.10040283203125,0.10040283203125,0.097503662109375,0.089874267578125,0.091400146484375,0.1092529296875,0.106964111328125,0.102996826171875,0.106201171875,0.22674560546875,-0.28533935546875,0.02593994140625,-0.7440185546875,0.09639240801334381
150,0.075,-0.0,-0.0,-0.0,-0.0,-0.0,-0.0,4.762092590332031,10.693131446838379,-489.6318054199219,-144651.171875,21084.388671875,-2283.657470703125,-5.708784580230713,-25.37690544128418,-134.89569091796875,32637.904296875,8329.7763671875,-3520.462158203125,-0.0,-0.0,-0.0,-0.0,-0.0,-0.0,-0.0079345703125,-0.00682830810546875,-0.00789642333984375,-0.00812530517578125,-0.007781982421875,-0.009002685546875,-0.00789642333984375,-0.01361846923828125,-0.00240325927734375,-0.01033782958984375,-0.0194549560546875,-0.00576019287109375,-0.01659393310546875,-0.00606536865234375,-0.00274658203125,-0.01689910888671875,0.09918212890625,0.097198486328125,0.09979248046875,0.09765625,0.08056640625,0.104522705078125,0.113677978515625,0.094757080078125,0.102386474609375,0.106201171875,0.097808837890625,0.1202392578125,-0.95977783203125,-1.85516357421875,0.65582275390625,-1.94244384765625,-1.4280292987823486
151,0.0755,-0.0,-0.0,-0.0,-0.0,-0.0,-0.0,4.819674015045166,9.980300903320312,-490.46136474609375,-144994.09375,21010.404296875,-2205.2197265625,-5.675116062164307,-25.052343368530273,-134.42337036132812,32487.537109375,8331.3798828125,-3518.7919921875,-0.0,-0.0,-0.0,-0.0,-0.0,-0.0,0.00476837158203125,0.008544921875,0.00919342041015625,0.01422882080078125,0.00942230224609375,0.0128173828125,0.009002685546875,0.02109527587890625,0.0060272216796875,0.00946044921875,0.02460479736328125,0.01422882080078125,0.0183868408203125,0.00988006591796875,0.002899169921875,0.023956298828125,0.10040283203125,0.100250244140625,0.095367431640625,0.098724365234375,0.113525390625,0.104217529296875,0.099639892578125,0.095062255859375,0.088043212890625,0.0872802734375,0.09552001953125,0.135040283203125,-0.035858154296875,0.6402587890625,0.3570556640625,0.788726806640625,9.24292278289795
152,0.076,-0.0,-0.0,-0.0,-0.0,-0.0,-0.0,4.752910137176514,9.62394905090332,-490.91168212890625,-145150.296875,20986.224609375,-2234.771240234375,-6.154289722442627,-25.14297103881836,-134.3011932373047,32429.68359375,8380.3759765625,-3600.112060546875,-0.0,-0.0,-0.0,-0.0,-0.0,-0.0,0.0055694580078125,0.0035858154296875,0.00759124755859375,0.0106048583984375,0.0086212158203125,0.01007080078125,0.00766754150390625,0.01552581787109375,0.0040435791015625,0.01087188720703125,0.0222015380859375,0.00370025634765625,0.01644134521484375,0.00553131103515625,0.0017547607421875,0.01800537109375,0.09979248046875,0.100860595703125,0.09857177734375,0.096435546875,0.070648193359375,0.0982666015625,0.078887939453125,0.094757080078125,0.110626220703125,0.092926025390625,0.09490966796875,0.07415771484375,1.16851806640625,1.83441162109375,-0.51910400390625,2.22503662109375,3.450119972229004
153,0.0765,-0.0,-0.0,-0.0,-0.0,-0.0,-0.0,4.668054103851318,9.505986213684082,-492.10235595703125,-145435.484375,21041.08984375,-2450.369140625,-5.675532341003418,-25.288793563842773,-132.5637969970703,31857.62109375,8484.8818359375,-3659.136474609375,-0.0,-0.0,-0.0,-0.0,-0.0,-0.0,-0.00568389892578125,-0.0067901611328125,-0.009002685546875,-0.01373291015625,-0.00946044921875,-0.0118255615234375,-0.0078582763671875,-0.02086639404296875,-0.0060272216796875,-0.0109100341796875,-0.0237274169921875,-0.0139617919921875,-0.02101898193359375,-0.00865936279296875,-0.0042724609375,-0.0246429443359375,0.101165771484375,0.102386474609375,0.10009765625,0.10040283203125,0.1263427734375,0.0958251953125,0.0946044921875,0.10040283203125,0.10650634765625,0.05218505859375,0.091552734375,0.07781982421875,0.172576904296875,-0.3570556640625,-0.09674072265625,-1.01287841796875,-1.4280292987823486
154,0.077,-0.0,-0.0,-0.0,-0.0,-0.0,-0.0,4.935742378234863,9.207852363586426,-492.9305725097656,-145510.390625,20901.21484375,-2392.140869140625,-5.766201019287109,-25.375389099121094,-131.97930908203125,32018.501953125,8441.68359375,-3620.468994140625,-0.0,-0.0,-0.0,-0.0,-0.0,-0.0,-0.0066375732421875,-0.0037384033203125,-0.00621795654296875,-0.008087158203125,-0.00774383544921875,-0.00942230224609375,-0.00797271728515625,-0.01476287841796875,-0.00453948974609375,-0.0133514404296875,-0.02105712890625,-0.0042724609375,-0.01636505126953125,-0.006866455078125,-0.001373291015625,-0.01506805419921875,0.110321044921875,0.111541748046875,0.107879638671875,0.109405517578125,0.117034912109375,0.114288330078125,0.115966796875,0.108489990234375,0.0958251953125,0.116729736328125,0.120697021484375,0.1025390625,-0.965118408203125,-2.09686279296875,0.83892822265625,-1.723175048828125,-6.306178569793701
155,0.0775,-0.0,-0.0,-0.0,-0.0,-0.0,-0.0,5.112730026245117,9.417110443115234,-493.38641357421875,-145698.265625,20989.01953125,-2391.945556640625,-5.825867176055908,-25.261571884155273,-131.864990234375,32123.771484375,8513.3662109375,-3620.387939453125,-0.0,-0.0,-0.0,-0.0,-0.0,-0.0,0.0066375732421875,0.00774383544921875,0.01094818115234375,0.01422882080078125,0.01003265380859375,0.01232147216796875,0.01071929931640625,0.01873016357421875,0.0077056884765625,0.008544921875,0.0254058837890625,0.010986328125,0.0196075439453125,0.00942230224609375,0.0029754638671875,0.02429962158203125,0.088348388671875,0.096282958984375,0.097503662109375,0.098419189453125,0.102081298828125,0.096588134765625,0.104522705078125,0.095672607421875,0.07537841796875,0.0946044921875,0.091094970703125,0.105743408203125,-0.065460205078125,0.4156494140625,0.0390625,1.150970458984375,14.121071815490723
156,0.078,-0.0,-0.0,-0.0,-0.0,-0.0,-0.0,5.415035247802734,9.148630142211914,-494.2098083496094,-146066.640625,20830.8984375,-2577.218505859375,-5.617906093597412,-24.991064071655273,-132.67237854003906,32042.197265625,8838.736328125,-3590.397216796875,-0.0,-0.0,-0.0,-0.0,-0.0,-0.0,0.0072479248046875,0.004730224609375,0.0074005126953125,0.00881195068359375,0.0077056884765625,0.0119781494140625,0.006866455078125,0.016326904296875,0.00362396240234375,0.0103759765625,0.02132415771484375,0.003204345703125,0.01415252685546875,0.0051116943359375,0.00286102294921875,0.0147247314453125,0.093536376953125,0.098724365234375,0.095672607421875,0.098419189453125,0.12969970703125,0.096893310546875,0.099029541015625,0.09765625,0.10711669921875,0.08697509765625,0.089111328125,0.098419189453125,1.078948974609375,2.00103759765625,-0.6640625,1.980743408203125,2.2305827140808105
157,0.0785,-0.0,-0.0,-0.0,-0.0,-0.0,-0.0,5.322170257568359,8.881522178649902,-495.4037780761719,-146030.109375,20690.103515625,-2596.6318359375,-5.560756683349609,-25.26000213623047,-131.2764434814453,32168.12109375,8490.7265625,-3570.0556640625,-0.0,-0.0,-0.0,-0.0,-0.0,-0.0,-0.00644683837890625,-0.0048828125,-0.01178741455078125,-0.0127410888671875,-0.0107574462890625,-0.01209259033203125,-0.00995635986328125,-0.01983642578125,-0.00598907470703125,-0.0099945068359375,-0.0241851806640625,-0.00965118408203125,-0.01922607421875,-0.00736236572265625,-0.0051116943359375,-0.0225830078125,0.0982666015625,0.098724365234375,0.099639892578125,0.09735107421875,0.083160400390625,0.097198486328125,0.11505126953125,0.10101318359375,0.103302001953125,0.079498291015625,0.101318359375,0.106964111328125,0.152587890625,-0.37445068359375,0.2630615234375,-0.711212158203125,-2.0377979278564453
158,0.079,-0.0,-0.0,-0.0,-0.0,-0.0,-0.0,5.382088661193848,9.241802215576172,-495.0416564941406,-146545.375,20907.58203125,-2489.318115234375,-5.411357879638672,-24.906715393066406,-130.35592651367188,31880.712890625,8518.4912109375,-3659.156982421875,-0.0,-0.0,-0.0,-0.0,-0.0,-0.0,-0.00476837158203125,-0.00347137451171875,-0.00598907470703125,-0.009002685546875,-0.007781982421875,-0.0087738037109375,-0.00720977783203125,-0.01407623291015625,-0.00461578369140625,-0.01190185546875,-0.0215911865234375,-0.00568389892578125,-0.01674652099609375,-0.00514984130859375,0.0006103515625,-0.015106201171875,0.09490966796875,0.09674072265625,0.09674072265625,0.104217529296875,0.073699951171875,0.100250244140625,0.124664306640625,0.096282958984375,0.098419189453125,0.148468017578125,0.094757080078125,0.101318359375,-0.974884033203125,-1.65679931640625,0.618896484375,-2.24334716796875,-0.5133762359619141
159,0.0795,-0.0,-0.0,-0.0,-0.0,-0.0,-0.0,5.679944038391113,8.526391983032227,-495.2776794433594,-146976.578125,21025.388671875,-2528.849365234375,-5.471435070037842,-24.64175033569336,-130.1180877685547,31800.138671875,8184.251953125,-3649.25244140625,-0.0,-0.0,-0.0,-0.0,-0.0,-0.0,0.007781982421875,0.00698089599609375,0.01102447509765625,0.01392364501953125,0.01064300537109375,0.01247406005859375,0.00972747802734375,0.019683837890625,0.0075531005859375,0.0102996826171875,0.0279998779296875,0.01007080078125,0.02117156982421875,0.01094818115234375,0.0054168701171875,0.02410888671875,0.09246826171875,0.109100341796875,0.09490966796875,0.094757080078125,0.105743408203125,0.0946044921875,0.071563720703125,0.10101318359375,0.103759765625,0.037689208984375,0.1055908203125,0.09796142578125,0.30303955078125,0.79010009765625,-0.18646240234375,0.8441162109375,9.24292278289795
160,0.08,-0.0,-0.0,-0.0,-0.0,-0.0,-0.0,5.649391174316406,8.586532592773438,-497.6341552734375,-147069.953125,20709.8984375,-2567.71337890625,-5.3226470947265625,-24.406579971313477,-128.60557556152344,31808.537109375,8502.7275390625,-3718.168212890625,-0.0,-0.0,-0.0,-0.0,-0.0,-0.0,0.00682830810546875,0.00598907470703125,0.008087158203125,0.01064300537109375,0.00751495361328125,0.00980377197265625,0.00797271728515625,0.01415252685546875,0.00293731689453125,0.00949859619140625,0.02094268798828125,0.0023651123046875,0.01430511474609375,0.00621795654296875,0.00446319580078125,0.015716552734375,0.09552001953125,0.101165771484375,0.091705322265625,0.098419189453125,0.17791748046875,0.098876953125,0.20050048828125,0.096282958984375,0.09185791015625,0.08575439453125,0.1055908203125,0.117034912109375,1.36749267578125,1.876220703125,-0.689697265625,2.226409912109375,1.0110454559326172
161,0.0805,-0.0,-0.0,-0.0,-0.0,-0.0,-0.0,5.500969409942627,8.378464698791504,-497.15826416015625,-147394.875,21113.54296875,-2597.086181640625,-5.411070346832275,-24.141164779663086,-128.95408630371094,31728.703125,8536.87890625,-3697.98486328125,-0.0,-0.0,-0.0,-0.0,-0.0,-0.0,-0.009002685546875,-0.005645751953125,-0.01102447509765625,-0.01255035400390625,-0.0099945068359375,-0.01270294189453125,-0.00843048095703125,-0.01987457275390625,-0.00732421875,-0.0122833251953125,-0.0260162353515625,-0.00598907470703125,-0.02246856689453125,-0.008087158203125,-0.0054931640625,-0.023651123046875,0.103302001953125,0.107421875,0.116729736328125,0.121307373046875,0.147705078125,0.10772705078125,0.124359130859375,0.110015869140625,0.1220703125,0.107574462890625,0.1116943359375,0.100860595703125,-0.21759033203125,-0.367431640625,0.491943359375,-0.673980712890625,-2.95245099067688
162,0.081,-0.0,-0.0,-0.0,-0.0,-0.0,-0.0,5.590538024902344,8.051433563232422,-500.4556884765625,-147848.359375,20984.1328125,-2538.8916015625,-5.233936309814453,-23.493450164794922,-128.1391143798828,31471.9765625,8876.25,-3608.953125,-0.0,-0.0,-0.0,-0.0,-0.0,-0.0,-0.005950927734375,-0.0058746337890625,-0.0079345703125,-0.00934600830078125,-0.0075531005859375,-0.007781982421875,-0.00720977783203125,-0.0145721435546875,-0.00446319580078125,-0.00865936279296875,-0.02227783203125,-0.00560760498046875,-0.0131988525390625,-0.00530242919921875,-0.00110626220703125,-0.01583099365234375,0.1031494140625,0.097808837890625,0.09429931640625,0.09857177734375,0.013580322265625,0.10498046875,0.0799560546875,0.098419189453125,0.09185791015625,0.1007080078125,0.0909423828125,0.08819580078125,-0.926055908203125,-2.2332763671875,0.55633544921875,-2.15301513671875,-3.5622196197509766
163,0.0815,-0.0,-0.0,-0.0,-0.0,-0.0,-0.0,5.471287250518799,7.486779689788818,-500.2200927734375,-147837.875,21212.56640625,-2578.27099609375,-5.1749186515808105,-23.28727149963379,-126.50938415527344,31041.390625,8607.4501953125,-3668.17041015625,-0.0,-0.0,-0.0,-0.0,-0.0,-0.0,0.0069427490234375,0.00698089599609375,0.01190185546875,0.01529693603515625,0.01026153564453125,0.0142669677734375,0.00946044921875,0.02193450927734375,0.00583648681640625,0.01239776611328125,0.02559661865234375,0.012664794921875,0.02193450927734375,0.01003265380859375,0.0040435791015625,0.0243377685546875,0.099945068359375,0.0933837890625,0.090179443359375,0.097808837890625,0.140228271484375,0.105133056640625,0.11810302734375,0.10894775390625,0.0836181640625,0.089874267578125,0.11138916015625,0.09490966796875,0.339202880859375,0.6011962890625,0.0433349609375,1.03302001953125,9.852691650390625
164,0.082,-0.0,-0.0,-0.0,-0.0,-0.0,-0.0,5.797837257385254,7.546655654907227,-501.0440673828125,-148381.21875,21212.244140625,-2695.494384765625,-5.470385551452637,-22.875316619873047,-126.50704193115234,30930.564453125,8377.83984375,-3579.1982421875,-0.0,-0.0,-0.0,-0.0,-0.0,-0.0,0.0072479248046875,0.0030517578125,0.00667572021484375,0.009307861328125,0.00583648681640625,0.010528564453125,0.006256103515625,0.01499176025390625,0.0040435791015625,0.01308441162109375,0.02452850341796875,0.00614166259765625,0.017852783203125,0.004730224609375,0.00141143798828125,0.01491546630859375,0.0946044921875,0.08697509765625,0.095367431640625,0.09735107421875,0.058135986328125,0.106353759765625,0.068511962890625,0.095672607421875,0.095977783203125,0.103607177734375,0.1068115234375,0.09002685546875,1.38214111328125,2.19879150390625,-0.37261962890625,2.60711669921875,3.450119972229004
165,0.0825,-0.0,-0.0,-0.0,-0.0,-0.0,-0.0,5.857367038726807,7.011394500732422,-502.22186279296875,-148777.109375,21512.04296875,-2646.764892578125,-5.2631683349609375,-22.756879806518555,-125.11332702636719,30724.97265625,8389.240234375,-3678.25927734375,-0.0,-0.0,-0.0,-0.0,-0.0,-0.0,-0.0079345703125,-0.0079345703125,-0.0119781494140625,-0.01354217529296875,-0.0109100341796875,-0.01461029052734375,-0.0089263916015625,-0.02017974853515625,-0.00507354736328125,-0.010833740234375,-0.02201080322265625,-0.0075531005859375,-0.02227783203125,-0.00774383544921875,-0.0048828125,-0.02399444580078125,0.097808837890625,0.111541748046875,0.099639892578125,0.0946044921875,0.01312255859375,0.1025390625,0.1123046875,0.096588134765625,0.101470947265625,0.105133056640625,0.09002685546875,0.0836181640625,0.037841796875,0.0244140625,0.33111572265625,-1.02874755859375,-2.342682361602783
166,0.083,-0.0,-0.0,-0.0,-0.0,-0.0,-0.0,5.976263046264648,7.099601745605469,-505.39715576171875,-149097.0,21461.326171875,-2676.407470703125,-5.499313831329346,-22.2860050201416,-123.24755096435547,30740.869140625,8762.4765625,-3658.248779296875,-0.0,-0.0,-0.0,-0.0,-0.0,-0.0,-0.00675201416015625,-0.00644683837890625,-0.00690460205078125,-0.0072479248046875,-0.00553131103515625,-0.00888824462890625,-0.006256103515625,-0.0124359130859375,-0.00274658203125,-0.010833740234375,-0.0237274169921875,-0.00659942626953125,-0.0160980224609375,-0.00743865966796875,-0.00270843505859375,-0.01567840576171875,0.096893310546875,0.103302001953125,0.099945068359375,0.093536376953125,0.12481689453125,0.09735107421875,0.10284423828125,0.095672607421875,0.096588134765625,0.098114013671875,0.09185791015625,0.095367431640625,-1.298065185546875,-2.10540771484375,0.6817626953125,-2.2357177734375,-1.1231448650360107
167,0.0835,-0.0,-0.0,-0.0,-0.0,-0.0,-0.0,5.650335788726807,7.101395130157471,-505.6386413574219,-149726.640625,21501.826171875,-2627.40380859375,-5.70736837387085,-21.6973876953125,-122.09636688232422,30268.13671875,8247.1435546875,-3667.62060546875,-0.0,-0.0,-0.0,-0.0,-0.0,-0.0,0.0081634521484375,0.0066375732421875,0.01190185546875,0.0128936767578125,0.01056671142578125,0.01239776611328125,0.01049041748046875,0.01979827880859375,0.00804901123046875,0.0102996826171875,0.02735137939453125,0.0084686279296875,0.02105712890625,0.01041412353515625,0.0045013427734375,0.0251007080078125,0.102081298828125,0.102691650390625,0.09368896484375,0.101165771484375,0.120849609375,0.0933837890625,0.08636474609375,0.09674072265625,0.09429931640625,0.115509033203125,0.107421875,0.102386474609375,-0.02899169921875,0.62652587890625,-0.11932373046875,1.1920166015625,16.86503028869629
168,0.084,-0.0,-0.0,-0.0,-0.0,-0.0,-0.0,5.798683166503906,7.1894450187683105,-508.2162780761719,-150159.734375,21414.716796875,-2734.856201171875,-5.53115177154541,-21.285526275634766,-121.8583755493164,30201.46484375,8178.97021484375,-3796.32275390625,-0.0,-0.0,-0.0,-0.0,-0.0,-0.0,0.00514984130859375,0.0020599365234375,0.0070953369140625,0.01007080078125,0.00743865966796875,0.00988006591796875,0.00637054443359375,0.014801025390625,0.00461578369140625,0.0113677978515625,0.024871826171875,0.00553131103515625,0.014495849609375,0.00385284423828125,0.0009918212890625,0.01491546630859375,0.110931396484375,0.11383056640625,0.10528564453125,0.114288330078125,0.096282958984375,0.107269287109375,0.10040283203125,0.106353759765625,0.09857177734375,0.09613037109375,0.11383056640625,0.128173828125,1.027679443359375,2.13348388671875,-0.623779296875,2.273101806640625,-5.086641311645508
169,0.0845,-0.0,-0.0,-0.0,-0.0,-0.0,-0.0,6.099485397338867,7.068561553955078,-509.26214599609375,-150806.546875,21689.560546875,-2783.66015625,-5.822116851806641,-20.994789123535156,-119.99539947509766,29612.3203125,8297.4306640625,-3717.01611328125,-0.0,-0.0,-0.0,-0.0,-0.0,-0.0,-0.0077056884765625,-0.00690460205078125,-0.0110626220703125,-0.01155853271484375,-0.009918212890625,-0.01262664794921875,-0.0084686279296875,-0.01903533935546875,-0.00728607177734375,-0.0102996826171875,-0.02452850341796875,-0.0122833251953125,-0.02216339111328125,-0.00858306884765625,-0.004730224609375,-0.023651123046875,0.099029541015625,0.100555419921875,0.10101318359375,0.09521484375,0.105438232421875,0.08880615234375,0.1043701171875,0.097198486328125,0.09979248046875,0.098724365234375,0.1007080078125,0.092315673828125,-0.101470947265625,-0.51910400390625,-0.08697509765625,-1.150054931640625,-1.732913613319397
170,0.085,-0.0,-0.0,-0.0,-0.0,-0.0,-0.0,6.0712361335754395,6.715036392211914,-510.9314880371094,-151526.953125,21767.177734375,-2589.1943359375,-5.473081588745117,-21.31393814086914,-117.78861236572266,29255.919921875,8123.8095703125,-3678.104736328125,-0.0,-0.0,-0.0,-0.0,-0.0,-0.0,-0.00545501708984375,-0.00606536865234375,-0.00598907470703125,-0.00751495361328125,-0.00370025634765625,-0.00823974609375,-0.0054168701171875,-0.0131988525390625,-0.00518798828125,-0.01186370849609375,-0.02292633056640625,-0.00606536865234375,-0.0135040283203125,-0.00682830810546875,-0.00171661376953125,-0.0154876708984375,0.101165771484375,0.097503662109375,0.09735107421875,0.1007080078125,0.084381103515625,0.097808837890625,0.08148193359375,0.1019287109375,0.09063720703125,0.131072998046875,0.1080322265625,0.128173828125,-1.17279052734375,-1.98486328125,0.3814697265625,-1.941070556640625,2.8403513431549072
171,0.0855,-0.0,-0.0,-0.0,-0.0,-0.0,-0.0,6.037813186645508,7.071629047393799,-513.8694458007812,-151887.203125,21941.857421875,-2773.734130859375,-5.526702880859375,-20.344013214111328,-115.81350708007812,28778.720703125,7848.14892578125,-3479.79052734375,-0.0,-0.0,-0.0,-0.0,-0.0,-0.0,0.00896453857421875,0.00804901123046875,0.0119781494140625,0.01255035400390625,0.010986328125,0.01270294189453125,0.01232147216796875,0.019378662109375,0.00583648681640625,0.0141143798828125,0.02628326416015625,0.01312255859375,0.02307891845703125,0.0106048583984375,0.00583648681640625,0.02368927001953125,0.100860595703125,0.10009765625,0.095367431640625,0.094146728515625,0.11505126953125,0.0994873046875,0.097198486328125,0.09429931640625,0.0921630859375,0.186767578125,0.09674072265625,0.062103271484375,0.612335205078125,0.88653564453125,0.325927734375,1.341705322265625,8.023386001586914
172,0.08600000000000001,-0.0,-0.0,-0.0,-0.0,-0.0,-0.0,5.804988384246826,7.282482624053955,-515.4017333984375,-152258.78125,21953.49609375,-2695.06689453125,-5.647250175476074,-20.137344360351562,-113.94244384765625,28395.107421875,7803.9287109375,-3390.831787109375,-0.0,-0.0,-0.0,-0.0,-0.0,-0.0,0.0075531005859375,0.0051116943359375,0.00743865966796875,0.00885009765625,0.0067901611328125,0.0091552734375,0.00396728515625,0.01186370849609375,0.00354766845703125,0.0124359130859375,0.022735595703125,0.0069427490234375,0.01422882080078125,0.00675201416015625,0.006103515625,0.014801025390625,0.093536376953125,0.09979248046875,0.090484619140625,0.097503662109375,0.105133056640625,0.095977783203125,0.01800537109375,0.0982666015625,0.094757080078125,0.009765625,0.100860595703125,0.090789794921875,1.4111328125,2.366943359375,-0.283203125,2.202911376953125,2.2305827140808105
173,0.08650000000000001,-0.0,-0.0,-0.0,-0.0,-0.0,-0.0,6.272958278656006,7.803932189941406,-518.2266845703125,-153186.34375,22135.396484375,-2657.72119140625,-4.9699811935424805,-19.814220428466797,-112.88664245605469,27805.005859375,7628.39892578125,-3371.462646484375,-0.0,-0.0,-0.0,-0.0,-0.0,-0.0,-0.0083160400390625,-0.00576019287109375,-0.009765625,-0.0128173828125,-0.0104522705078125,-0.01369476318359375,-0.00797271728515625,-0.02185821533203125,-0.00579833984375,-0.015411376953125,-0.02460479736328125,-0.0142669677734375,-0.02246856689453125,-0.00926971435546875,-0.003509521484375,-0.02567291259765625,0.0897216796875,0.090179443359375,0.09307861328125,0.0927734375,0.15594482421875,0.10040283203125,0.204315185546875,0.094451904296875,0.09490966796875,0.06866455078125,0.11077880859375,0.110626220703125,-0.33294677734375,-0.83282470703125,0.05889892578125,-1.2335205078125,-2.647566556930542
174,0.08700000000000001,-0.0,-0.0,-0.0,-0.0,-0.0,-0.0,6.06379508972168,7.578601837158203,-519.769775390625,-153982.5625,22166.203125,-2801.744384765625,-4.734474182128906,-19.546924591064453,-107.56732177734375,27037.892578125,7633.92724609375,-3418.885986328125,-0.0,-0.0,-0.0,-0.0,-0.0,-0.0,-0.00370025634765625,-0.00453948974609375,-0.00507354736328125,-0.00949859619140625,-0.0057220458984375,-0.00946044921875,-0.0074005126953125,-0.01392364501953125,-0.00530242919921875,-0.0102996826171875,-0.0234222412109375,-0.00659942626953125,-0.0140380859375,-0.00438690185546875,-0.00141143798828125,-0.0144195556640625,0.0958251953125,0.110626220703125,0.096282958984375,0.1019287109375,0.11260986328125,0.105133056640625,0.079345703125,0.097503662109375,0.094146728515625,0.046539306640625,0.08758544921875,0.130462646484375,-1.071624755859375,-1.97113037109375,0.5096435546875,-2.0654296875,-0.5133762359619141
175,0.08750000000000001,-0.0,-0.0,-0.0,-0.0,-0.0,-0.0,5.951849460601807,7.461721897125244,-522.2531127929688,-154918.21875,22476.25,-2625.42431640625,-4.6129608154296875,-19.07490348815918,-105.93313598632812,26131.810546875,7279.447265625,-3161.823974609375,-0.0,-0.0,-0.0,-0.0,-0.0,-0.0,0.00640869140625,0.00949859619140625,0.01087188720703125,0.01361846923828125,0.0115966796875,0.01293182373046875,0.01018524169921875,0.021209716796875,0.004119873046875,0.0113677978515625,0.0240325927734375,0.01590728759765625,0.02002716064453125,0.01132965087890625,0.00324249267578125,0.0258636474609375,0.11260986328125,0.10589599609375,0.113067626953125,0.106353759765625,0.09979248046875,0.102691650390625,0.12786865234375,0.10467529296875,0.116119384765625,0.141754150390625,0.098876953125,0.052642822265625,-0.107574462890625,0.6256103515625,0.39520263671875,1.473846435546875,10.4624605178833
176,0.088,-0.0,-0.0,-0.0,-0.0,-0.0,-0.0,5.955105781555176,7.551206111907959,-525.8848876953125,-155644.8125,22575.044921875,-2657.308349609375,-4.346828460693359,-18.343332290649414,-102.98868560791016,25495.373046875,6960.9853515625,-3014.019287109375,-0.0,-0.0,-0.0,-0.0,-0.0,-0.0,0.0064849853515625,0.0045013427734375,0.00804901123046875,0.0090789794921875,0.00598907470703125,0.01110076904296875,0.00576019287109375,0.01617431640625,0.00499725341796875,0.01247406005859375,0.02288818359375,0.0019073486328125,0.0130462646484375,0.0043487548828125,0.0035858154296875,0.0139617919921875,0.101165771484375,0.10009765625,0.099029541015625,0.093841552734375,0.0799560546875,0.08819580078125,0.087127685546875,0.099639892578125,0.097198486328125,0.08758544921875,0.1123046875,0.082244873046875,1.273956298828125,2.049560546875,-0.64208984375,1.949005126953125,3.755004405975342
177,0.0885,-0.0,-0.0,-0.0,-0.0,-0.0,-0.0,6.2415852546691895,8.203145027160645,-530.695068359375,-156518.78125,22849.318359375,-2733.533203125,-4.0256242752075195,-17.984132766723633,-99.61658477783203,24719.927734375,6917.77099609375,-2894.050537109375,-0.0,-0.0,-0.0,-0.0,-0.0,-0.0,-0.0080108642578125,-0.0084686279296875,-0.0112152099609375,-0.01434326171875,-0.01010894775390625,-0.01293182373046875,-0.00881195068359375,-0.02044677734375,-0.00705718994140625,-0.009918212890625,-0.0261688232421875,-0.01308441162109375,-0.0229644775390625,-0.0087738037109375,-0.0054168701171875,-0.0257110595703125,0.09613037109375,0.11138916015625,0.084228515625,0.093994140625,0.11383056640625,0.09124755859375,0.088958740234375,0.099334716796875,0.099945068359375,0.088958740234375,0.07232666015625,0.098876953125,0.070343017578125,-0.8990478515625,-0.22216796875,-1.258087158203125,-1.732913613319397
178,0.089,-0.0,-0.0,-0.0,-0.0,-0.0,-0.0,6.549850940704346,8.11086654663086,-532.1201171875,-157680.890625,23122.005859375,-2658.229736328125,-3.1693849563598633,-17.21952247619629,-94.49948120117188,24193.79296875,6496.25439453125,-2674.23779296875,-0.0,-0.0,-0.0,-0.0,-0.0,-0.0,-0.0051116943359375,-0.0040435791015625,-0.00583648681640625,-0.00667572021484375,-0.0057220458984375,-0.0070953369140625,-0.005645751953125,-0.01186370849609375,-0.003814697265625,-0.009613037109375,-0.022735595703125,-0.00514984130859375,-0.01529693603515625,-0.00591278076171875,-0.00213623046875,-0.0152587890625,0.094146728515625,0.105133056640625,0.10284423828125,0.10040283203125,0.0921630859375,0.103912353515625,0.093536376953125,0.10223388671875,0.0970458984375,0.1116943359375,0.121612548828125,0.112457275390625,-0.962371826171875,-2.0770263671875,0.78338623046875,-2.191925048828125,-0.8182606101036072
179,0.0895,-0.0,-0.0,-0.0,-0.0,-0.0,-0.0,6.5706634521484375,8.05615234375,-537.0642700195312,-158913.328125,23115.88671875,-2577.353759765625,-2.876321792602539,-17.046085357666016,-93.5726318359375,23388.939453125,6364.36767578125,-2528.96630859375,-0.0,-0.0,-0.0,-0.0,-0.0,-0.0,0.00690460205078125,0.009613037109375,0.011444091796875,0.0150299072265625,0.01125335693359375,0.015411376953125,0.00965118408203125,0.021209716796875,0.00545501708984375,0.0151824951171875,0.025787353515625,0.0139617919921875,0.02071380615234375,0.01071929931640625,0.0038909912109375,0.02552032470703125,0.09765625,0.098876953125,0.09674072265625,0.101165771484375,0.1129150390625,0.1007080078125,0.102691650390625,0.10223388671875,0.10101318359375,0.06072998046875,0.101470947265625,0.113983154296875,0.764617919921875,1.02691650390625,0.06439208984375,1.41571044921875,10.157575607299805
180,0.09,-0.0,-0.0,-0.0,-0.0,-0.0,-0.0,6.752782821655273,8.816354751586914,-542.25390625,-160152.109375,23381.970703125,-2570.285400390625,-2.1906516551971436,-16.220529556274414,-88.22862243652344,22349.234375,6067.5322265625,-2360.6650390625,-0.0,-0.0,-0.0,-0.0,-0.0,-0.0,0.0031280517578125,0.00438690185546875,0.00720977783203125,0.01094818115234375,0.00659942626953125,0.00835418701171875,0.00743865966796875,0.0138092041015625,0.00530242919921875,0.0080108642578125,0.0231170654296875,0.003204345703125,0.011749267578125,0.00461578369140625,0.00244140625,0.01552581787109375,0.10162353515625,0.09765625,0.1025390625,0.0994873046875,0.083770751953125,0.09857177734375,0.09490966796875,0.097808837890625,0.10009765625,0.098419189453125,0.093536376953125,0.09979248046875,1.143951416015625,2.1600341796875,-0.6396484375,1.864776611328125,3.450119972229004
181,0.0905,-0.0,-0.0,-0.0,-0.0,-0.0,-0.0,6.842106342315674,8.254154205322266,-545.5400390625,-161738.328125,23743.0703125,-2530.160888671875,-1.8899321556091309,-15.594560623168945,-85.57242584228516,21569.3046875,5828.04296875,-2159.1767578125,-0.0,-0.0,-0.0,-0.0,-0.0,-0.0,-0.00560760498046875,-0.00804901123046875,-0.00850677490234375,-0.0146484375,-0.008392333984375,-0.0145721435546875,-0.00850677490234375,-0.02086639404296875,-0.00682830810546875,-0.01262664794921875,-0.02605438232421875,-0.0112152099609375,-0.02044677734375,-0.01171112060546875,-0.00186920166015625,-0.02620697021484375,0.103607177734375,0.09429931640625,0.0909423828125,0.09429931640625,0.054168701171875,0.09429931640625,0.11383056640625,0.097808837890625,0.107269287109375,0.178680419921875,0.089111328125,0.118560791015625,-0.050048828125,-0.62835693359375,0.34759521484375,-1.239471435546875,-2.95245099067688
182,0.091,-0.0,-0.0,-0.0,-0.0,-0.0,-0.0,6.99375581741333,8.440475463867188,-551.773681640625,-163220.203125,24186.85546875,-2363.482421875,-1.4462133646011353,-14.72299861907959,-81.57971954345703,20614.314453125,5586.142578125,-1923.9554443359375,-0.0,-0.0,-0.0,-0.0,-0.0,-0.0,-0.005340576171875,-0.0046539306640625,-0.00762939453125,-0.0078582763671875,-0.0067901611328125,-0.00934600830078125,-0.005035400390625,-0.011749267578125,-0.00209808349609375,-0.012969970703125,-0.0205230712890625,-0.0031280517578125,-0.01190185546875,-0.00507354736328125,-0.00362396240234375,-0.0144195556640625,0.100555419921875,0.11505126953125,0.10955810546875,0.110321044921875,0.096588134765625,0.10406494140625,0.09735107421875,0.103759765625,0.10772705078125,0.074005126953125,0.133209228515625,0.057373046875,-1.2677001953125,-2.11029052734375,0.8203125,-1.756744384765625,1.3159297704696655
183,0.0915,-0.0,-0.0,-0.0,-0.0,-0.0,-0.0,7.132429122924805,8.520931243896484,-558.1129150390625,-164953.171875,24335.4453125,-2323.9814453125,-0.7406917214393616,-14.162339210510254,-76.70826721191406,19586.544921875,5289.7080078125,-1775.0380859375,-0.0,-0.0,-0.0,-0.0,-0.0,-0.0,0.00888824462890625,0.00865936279296875,0.01110076904296875,0.015869140625,0.01285552978515625,0.01373291015625,0.01132965087890625,0.02063751220703125,0.0083160400390625,0.009918212890625,0.025482177734375,0.01316070556640625,0.022735595703125,0.00980377197265625,0.0046539306640625,0.02628326416015625,0.096893310546875,0.10894775390625,0.098876953125,0.1007080078125,0.124664306640625,0.091705322265625,0.15380859375,0.092620849609375,0.10467529296875,0.1971435546875,0.066070556640625,0.084381103515625,0.414581298828125,0.64422607421875,0.048828125,1.385955810546875,9.547806739807129
184,0.092,-0.0,-0.0,-0.0,-0.0,-0.0,-0.0,7.293159008026123,9.055489540100098,-562.8631591796875,-166139.015625,24860.76171875,-2227.098388671875,-0.6786249876022339,-13.27917766571045,-72.97268676757812,18940.896484375,4963.45263671875,-1654.6552734375,-0.0,-0.0,-0.0,-0.0,-0.0,-0.0,0.00675201416015625,0.00598907470703125,0.00762939453125,0.01018524169921875,0.0069427490234375,0.010833740234375,0.00652313232421875,0.01220703125,0.00194549560546875,0.012054443359375,0.02147674560546875,0.0011444091796875,0.015411376953125,0.007476806640625,0.00156402587890625,0.01499176025390625,0.09368896484375,0.11444091796875,0.09307861328125,0.09674072265625,0.103607177734375,0.096435546875,0.072021484375,0.091400146484375,0.108642578125,0.10009765625,-0.01251220703125,0.088043212890625,1.592559814453125,2.1075439453125,-0.71502685546875,2.2369384765625,6.1940789222717285
185,0.0925,-0.0,-0.0,-0.0,-0.0,-0.0,-0.0,7.088634490966797,8.917864799499512,-567.4837036132812,-167927.75,25091.087890625,-2139.460693359375,-0.31897932291030884,-12.162084579467773,-69.2731704711914,17902.388671875,4516.96826171875,-1444.8614501953125,-0.0,-0.0,-0.0,-0.0,-0.0,-0.0,-0.0077056884765625,-0.0070953369140625,-0.01102447509765625,-0.01422882080078125,-0.01140594482421875,-0.01354217529296875,-0.0122833251953125,-0.02094268798828125,-0.00789642333984375,-0.012359619140625,-0.023040771484375,-0.0130462646484375,-0.02155303955078125,-0.0089263916015625,-0.0043487548828125,-0.02490997314453125,0.09185791015625,0.08392333984375,0.09613037109375,0.096588134765625,0.146942138671875,0.102081298828125,0.0726318359375,0.10284423828125,0.10711669921875,0.0128173828125,0.167236328125,0.107421875,-0.088958740234375,-0.4742431640625,0.13671875,-1.3214111328125,-1.732913613319397
186,0.093,-0.0,-0.0,-0.0,-0.0,-0.0,-0.0,7.08403205871582,9.447822570800781,-572.5894775390625,-169033.59375,25621.505859375,-2066.994140625,-0.2973322570323944,-11.216854095458984,-65.10348510742188,16689.134765625,4130.3232421875,-1484.627685546875,-0.0,-0.0,-0.0,-0.0,-0.0,-0.0,-0.006561279296875,-0.00446319580078125,-0.00568389892578125,-0.0058746337890625,-0.006256103515625,-0.0074005126953125,-0.0041961669921875,-0.01178741455078125,-0.003662109375,-0.01251220703125,-0.02216339111328125,-0.00400543212890625,-0.01399993896484375,-0.00453948974609375,-0.00240325927734375,-0.0135040283203125,0.115966796875,0.078582763671875,0.095367431640625,0.09490966796875,0.05859375,0.09613037109375,0.06378173828125,0.098876953125,0.098876953125,0.0872802734375,0.18768310546875,0.099334716796875,-1.16973876953125,-1.6253662109375,0.650634765625,-1.92474365234375,0.7061610817909241
187,0.0935,-0.0,-0.0,-0.0,-0.0,-0.0,-0.0,6.6015777587890625,9.830582618713379,-575.5792846679688,-170345.921875,25997.208984375,-1820.3966064453125,-0.07274314761161804,-10.385746955871582,-60.074153900146484,15715.4658203125,3717.09814453125,-1236.4171142578125,-0.0,-0.0,-0.0,-0.0,-0.0,-0.0,0.00980377197265625,0.0069427490234375,0.01239776611328125,0.0145721435546875,0.01155853271484375,0.01537322998046875,0.0089263916015625,0.02216339111328125,0.004730224609375,0.01194000244140625,0.02712249755859375,0.01068115234375,0.02208709716796875,0.01129150390625,0.00598907470703125,0.02727508544921875,0.11138916015625,0.08392333984375,0.10009765625,0.102386474609375,0.09674072265625,0.102386474609375,0.05584716796875,0.09521484375,0.09979248046875,0.11383056640625,0.10528564453125,0.112457275390625,0.262908935546875,1.0162353515625,-0.11199951171875,1.431884765625,11.07222843170166
188,0.094,-0.0,-0.0,-0.0,-0.0,-0.0,-0.0,6.18162202835083,9.914092063903809,-579.5250244140625,-171101.34375,26263.28125,-1730.897705078125,-0.2974853217601776,-8.4788818359375,-55.28935623168945,14220.3837890625,3282.812255859375,-1061.574951171875,-0.0,-0.0,-0.0,-0.0,-0.0,-0.0,0.0063323974609375,0.0048065185546875,0.00659942626953125,0.00820159912109375,0.00530242919921875,0.0074005126953125,0.00644683837890625,0.0122833251953125,0.00400543212890625,0.0096893310546875,0.021820068359375,0.00335693359375,0.01628875732421875,0.008087158203125,0.00209808349609375,0.01483917236328125,0.11871337890625,0.0921630859375,0.093536376953125,0.098419189453125,0.09613037109375,0.087890625,0.13641357421875,0.0994873046875,0.10528564453125,0.10162353515625,0.076751708984375,0.087432861328125,1.39007568359375,2.041015625,-0.74981689453125,2.152862548828125,-6.611063003540039
189,0.0945,-0.0,-0.0,-0.0,-0.0,-0.0,-0.0,5.793053150177002,10.123655319213867,-582.8274536132812,-172193.203125,26714.1484375,-1534.52880859375,-0.1829385906457901,-7.382257461547852,-48.55378723144531,12845.7529296875,2876.870361328125,-891.9263305664062,-0.0,-0.0,-0.0,-0.0,-0.0,-0.0,-0.00705718994140625,-0.00659942626953125,-0.011749267578125,-0.01216888427734375,-0.01068115234375,-0.01346588134765625,-0.011444091796875,-0.02033233642578125,-0.00667572021484375,-0.0152587890625,-0.0272369384765625,-0.0096893310546875,-0.0220489501953125,-0.01033782958984375,-0.007476806640625,-0.02552032470703125,0.092620849609375,0.142059326171875,0.10467529296875,0.10528564453125,0.1177978515625,0.103302001953125,0.09368896484375,0.106658935546875,0.112457275390625,0.117645263671875,0.09185791015625,0.106964111328125,-0.544891357421875,-0.94635009765625,0.31524658203125,-1.001434326171875,-0.5133762359619141
190,0.095,-0.0,-0.0,-0.0,-0.0,-0.0,-0.0,5.338570594787598,10.218328475952148,-585.172607421875,-173027.78125,27076.716796875,-1417.4244384765625,0.12020243704319,-5.689680099487305,-42.02214050292969,11443.9619140625,2539.376708984375,-577.4344482421875,-0.0,-0.0,-0.0,-0.0,-0.0,-0.0,-0.0054931640625,-0.0049591064453125,-0.00652313232421875,-0.0083160400390625,-0.00629425048828125,-0.0086212158203125,-0.00667572021484375,-0.01194000244140625,-0.0040435791015625,-0.0089263916015625,-0.0205230712890625,-0.00308990478515625,-0.01491546630859375,-0.00408172607421875,-0.00049591064453125,-0.0141143798828125,0.100860595703125,0.12786865234375,0.10894775390625,0.105133056640625,0.098419189453125,0.1031494140625,0.09765625,0.096893310546875,0.106353759765625,0.095062255859375,0.083465576171875,0.08331298828125,-1.036834716796875,-1.86279296875,0.675048828125,-2.034149169921875,0.7061610817909241
191,0.0955,-0.0,-0.0,-0.0,-0.0,-0.0,-0.0,5.199914932250977,10.014328956604004,-587.2603759765625,-173767.03125,27444.298828125,-1077.10107421875,0.18335317075252533,-4.18843412399292,-36.88590621948242,9943.294921875,2151.192626953125,-452.4762878417969,-0.0,-0.0,-0.0,-0.0,-0.0,-0.0,0.00659942626953125,0.009002685546875,0.01102447509765625,0.01689910888671875,0.0113677978515625,0.0141143798828125,0.0112152099609375,0.0223541259765625,0.00820159912109375,0.01491546630859375,0.0255584716796875,0.0131988525390625,0.01972198486328125,0.01087188720703125,0.00331878662109375,0.02735137939453125,0.085296630859375,0.10589599609375,0.108489990234375,0.097503662109375,0.09033203125,0.0946044921875,0.084228515625,0.096588134765625,0.0970458984375,0.10772705078125,0.0482177734375,0.08819580078125,0.702972412109375,0.79864501953125,0.042724609375,1.57073974609375,9.24292278289795
192,0.096,-0.0,-0.0,-0.0,-0.0,-0.0,-0.0,4.696333885192871,10.339126586914062,-591.3492431640625,-174293.015625,27615.6015625,-936.8985595703125,0.25998950004577637,-3.419182538986206,-30.275924682617188,8358.8095703125,1588.0958251953125,-149.00375366210938,-0.0,-0.0,-0.0,-0.0,-0.0,-0.0,0.005035400390625,0.00362396240234375,0.00614166259765625,0.00873565673828125,0.00579833984375,0.00850677490234375,0.00728607177734375,0.01453399658203125,0.00446319580078125,0.01171112060546875,0.02285003662109375,0.0038909912109375,0.01255035400390625,0.0055694580078125,0.00232696533203125,0.01300811767578125,0.10711669921875,0.10589599609375,0.06500244140625,0.0958251953125,0.107879638671875,0.09552001953125,0.09368896484375,0.0921630859375,0.110931396484375,0.0927734375,0.09918212890625,0.099029541015625,1.3104248046875,2.0751953125,-0.4278564453125,2.1881103515625,3.450119972229004
193,0.0965,-0.0,-0.0,-0.0,-0.0,-0.0,-0.0,4.2821044921875,10.141992568969727,-592.710693359375,-175057.09375,28147.4921875,-669.6666259765625,0.6398957967758179,-2.554966926574707,-25.93683624267578,6987.837890625,1213.7965087890625,-19.25764274597168,-0.0,-0.0,-0.0,-0.0,-0.0,-0.0,-0.0081634521484375,-0.00640869140625,-0.012359619140625,-0.01312255859375,-0.0112152099609375,-0.0125885009765625,-0.00972747802734375,-0.02201080322265625,-0.00774383544921875,-0.01201629638671875,-0.02674102783203125,-0.01171112060546875,-0.0215911865234375,-0.010528564453125,-0.005645751953125,-0.0266265869140625,0.08758544921875,0.076446533203125,0.114288330078125,0.10650634765625,0.109710693359375,0.115814208984375,0.1025390625,0.10833740234375,0.09063720703125,0.128326416015625,0.051422119140625,0.09246826171875,-0.1318359375,-0.58013916015625,0.27618408203125,-1.241607666015625,-0.5133762359619141
194,0.097,-0.0,-0.0,-0.0,-0.0,-0.0,-0.0,4.135646343231201,10.434928894042969,-596.5208740234375,-175657.9375,28326.55859375,-454.33489990234375,0.45563408732414246,-1.0773845911026,-14.570591926574707,3545.46240234375,514.41748046875,114.32015991210938,-0.0,-0.0,-0.0,-0.0,-0.0,-0.0,-0.0058746337890625,-0.005645751953125,-0.00579833984375,-0.00881195068359375,-0.006103515625,-0.0086212158203125,-0.00476837158203125,-0.01026153564453125,-0.002288818359375,-0.00919342041015625,-0.01796722412109375,-0.00705718994140625,-0.01399993896484375,-0.0042724609375,-0.00278472900390625,-0.014495849609375,0.10528564453125,0.110626220703125,0.10955810546875,0.1025390625,0.12664794921875,0.098724365234375,0.087890625,0.098114013671875,0.081024169921875,0.14862060546875,0.181427001953125,0.107879638671875,-1.171112060546875,-1.50848388671875,0.28411865234375,-1.962890625,0.09639240801334381
195,0.0975,-0.0,-0.0,-0.0,-0.0,-0.0,-0.0,3.950406074523926,10.937918663024902,-600.3336791992188,-176502.703125,28961.51953125,-249.3039093017578,-0.0,-0.0,-0.0,-0.0,-0.0,-0.0,-0.0,-0.0,-0.0,-0.0,-0.0,-0.0,0.00774383544921875,0.00713348388671875,0.011138916015625,0.01552581787109375,0.01171112060546875,0.012969970703125,0.0118255615234375,0.0214385986328125,0.00850677490234375,0.01270294189453125,0.02849578857421875,0.0138092041015625,0.0222015380859375,0.010223388671875,0.0060272216796875,0.0263214111328125,0.1031494140625,0.0982666015625,0.103759765625,0.100250244140625,0.10223388671875,0.096893310546875,0.0921630859375,0.09490966796875,0.097198486328125,0.11932373046875,0.13427734375,0.083465576171875,0.501861572265625,1.107177734375,-0.12420654296875,1.51275634765625,10.157575607299805
196,0.098,-0.0,-0.0,-0.0,-0.0,-0.0,-0.0,3.3899993896484375,11.191210746765137,-604.1354370117188,-177807.921875,28945.435546875,-46.74038314819336,-0.0,-0.0,-0.0,-0.0,-0.0,-0.0,-0.0,-0.0,-0.0,-0.0,-0.0,-0.0,0.0060272216796875,0.00598907470703125,0.00583648681640625,0.00713348388671875,0.0048828125,0.0087738037109375,0.0058746337890625,0.012054443359375,0.00408172607421875,0.012054443359375,0.0206756591796875,0.00667572021484375,0.01537322998046875,0.0063323974609375,0.00209808349609375,0.01285552978515625,0.11505126953125,0.104217529296875,0.106048583984375,0.10162353515625,0.147857666015625,0.095367431640625,0.025482177734375,0.11199951171875,0.1165771484375,0.10498046875,0.120391845703125,0.115203857421875,1.253814697265625,1.62506103515625,-0.2435302734375,2.221527099609375,4.974541664123535
197,0.0985,-0.0,-0.0,-0.0,-0.0,-0.0,-0.0,3.585977554321289,11.547507286071777,-607.921142578125,-178239.609375,29484.96484375,125.44122314453125,-0.0,-0.0,-0.0,-0.0,-0.0,-0.0,-0.0,-0.0,-0.0,-0.0,-0.0,-0.0,-0.0091552734375,-0.00797271728515625,-0.011444091796875,-0.0131988525390625,-0.01117706298828125,-0.014190673828125,-0.0101470947265625,-0.020294189453125,-0.00789642333984375,-0.01338958740234375,-0.0272369384765625,-0.01308441162109375,-0.02330780029296875,-0.0099945068359375,-0.0042724609375,-0.0267791748046875,0.1116943359375,0.0872802734375,0.08544921875,0.094146728515625,0.019073486328125,0.091094970703125,0.121917724609375,0.09063720703125,0.0994873046875,0.078277587890625,0.103302001953125,0.10406494140625,-0.47698974609375,-0.84716796875,0.11962890625,-1.702423095703125,-3.2573351860046387
198,0.099,-0.0,-0.0,-0.0,-0.0,-0.0,-0.0,3.860751152038574,12.047703742980957,-610.4605712890625,-179599.328125,29797.283203125,200.45306396484375,-0.0,-0.0,-0.0,-0.0,-0.0,-0.0,-0.0,-0.0,-0.0,-0.0,-0.0,-0.0,-0.0057220458984375,-0.00537872314453125,-0.0072479248046875,-0.00804901123046875,-0.0048065185546875,-0.00946044921875,-0.00514984130859375,-0.01163482666015625,-0.003662109375,-0.009765625,-0.0194549560546875,-0.0043487548828125,-0.01220703125,-0.004730224609375,-0.002593994140625,-0.01445770263671875,0.088958740234375,0.093994140625,0.08544921875,0.09918212890625,-0.042877197265625,0.09063720703125,0.03875732421875,0.09674072265625,0.10009765625,0.121917724609375,0.09307861328125,0.0848388671875,-1.139373779296875,-1.666259765625,0.333251953125,-1.937103271484375,0.09639240801334381
199,0.0995,-0.0,-0.0,-0.0,-0.0,-0.0,-0.0,3.585209846496582,12.186328887939453,-615.0807495117188,-180129.46875,29998.078125,173.84779357910156,-0.0,-0.0,-0.0,-0.0,-0.0,-0.0,-0.0,-0.0,-0.0,-0.0,-0.0,-0.0,0.00934600830078125,0.00820159912109375,0.01285552978515625,0.015411376953125,0.01194000244140625,0.013885498046875,0.01056671142578125,0.02094268798828125,0.00865936279296875,0.0121307373046875,0.02689361572265625,0.01331329345703125,0.02330780029296875,0.0104522705078125,0.00457763671875,0.0290679931640625,0.09490966796875,0.109405517578125,0.092315673828125,0.10040283203125,0.20660400390625,0.09124755859375,0.116424560546875,0.10101318359375,0.09613037109375,0.071258544921875,0.05218505859375,0.097198486328125,0.550994873046875,1.0760498046875,0.09613037109375,1.850128173828125,11.07222843170166
200,0.1,-0.0,-0.0,-0.0,-0.0,-0.0,-0.0,3.1309375762939453,12.38912582397461,-617.6149291992188,-180896.25,30557.2265625,562.262451171875,-0.0,-0.0,-0.0,-0.0,-0.0,-0.0,-0.0,-0.0,-0.0,-0.0,-0.0,-0.0,0.006256103515625,0.00514984130859375,0.0055694580078125,0.00812530517578125,0.005035400390625,0.00823974609375,0.00682830810546875,0.0113677978515625,0.0034332275390625,0.0122833251953125,0.0212860107421875,0.00797271728515625,0.0150299072265625,0.0049591064453125,0.00213623046875,0.01312255859375,0.08331298828125,0.06103515625,0.08331298828125,0.092010498046875,-0.030364990234375,0.079193115234375,0.14739990234375,0.0921630859375,0.10223388671875,0.104827880859375,0.035858154296875,0.096282958984375,1.78070068359375,1.9677734375,-0.29205322265625,2.103271484375,2.5354671478271484
201,0.1005,-0.0,-0.0,-0.0,-0.0,-0.0,-0.0,2.733060359954834,12.056861877441406,-620.0878295898438,-181153.109375,31146.064453125,756.0613403320312,-0.0,-0.0,-0.0,-0.0,-0.0,-0.0,-0.0,-0.0,-0.0,-0.0,-0.0,-0.0,-0.00988006591796875,-0.00751495361328125,-0.0128936767578125,-0.0141143798828125,-0.0115966796875,-0.013427734375,-0.010528564453125,-0.02079010009765625,-0.00606536865234375,-0.0124359130859375,-0.02414703369140625,-0.0135040283203125,-0.02445220947265625,-0.01003265380859375,-0.0074005126953125,-0.027313232421875,0.14129638671875,0.0347900390625,0.1031494140625,0.08941650390625,0.1605224609375,0.089569091796875,0.061798095703125,0.09063720703125,0.103759765625,0.072021484375,0.151519775390625,0.09735107421875,-0.340576171875,-0.54290771484375,0.08209228515625,-1.661376953125,-1.1231448650360107
202,0.101,-0.0,-0.0,-0.0,-0.0,-0.0,-0.0,1.3298017978668213,12.23500919342041,-620.9860229492188,-181525.453125,31540.859375,1083.6234130859375,-0.0,-0.0,-0.0,-0.0,-0.0,-0.0,-0.0,-0.0,-0.0,-0.0,-0.0,-0.0,-0.00701904296875,-0.00476837158203125,-0.0057220458984375,-0.008392333984375,-0.00530242919921875,-0.00896453857421875,-0.00362396240234375,-0.01110076904296875,-0.0028228759765625,-0.00980377197265625,-0.02208709716796875,-0.00415802001953125,-0.013275146484375,-0.0048828125,-0.0032806396484375,-0.01461029052734375,0.09918212890625,0.089874267578125,0.078277587890625,0.099639892578125,0.22369384765625,0.11810302734375,0.1068115234375,0.098724365234375,0.094451904296875,0.10650634765625,0.117645263671875,0.093231201171875,-1.202392578125,-1.73248291015625,0.6427001953125,-1.731109619140625,-11.794095993041992
203,0.1015,-0.0,-0.0,-0.0,-0.0,-0.0,-0.0,0.820030927658081,11.797776222229004,-622.7513427734375,-181524.9375,32010.40234375,1412.9759521484375,-0.0,-0.0,-0.0,-0.0,-0.0,-0.0,-0.0,-0.0,-0.0,-0.0,-0.0,-0.0,0.00823974609375,0.0089263916015625,0.0128936767578125,0.0153350830078125,0.0128173828125,0.0150299072265625,0.01003265380859375,0.023040771484375,0.00762939453125,0.0119781494140625,0.02826690673828125,0.015716552734375,0.026092529296875,0.0086212158203125,0.0063323974609375,0.026397705078125,0.071563720703125,0.132293701171875,0.139923095703125,0.119171142578125,0.154266357421875,0.126495361328125,0.102081298828125,0.118408203125,0.09368896484375,0.09246826171875,0.086669921875,0.106353759765625,0.276336669921875,1.08428955078125,0.31005859375,1.9378662109375,15.035725593566895
204,0.10200000000000001,-0.0,-0.0,-0.0,-0.0,-0.0,-0.0,0.09802721440792084,12.080279350280762,-621.92529296875,-181386.484375,32246.10546875,1673.6729736328125,-0.0,-0.0,-0.0,-0.0,-0.0,-0.0,-0.0,-0.0,-0.0,-0.0,-0.0,-0.0,0.00270843505859375,0.0042724609375,0.00659942626953125,0.008697509765625,0.0066375732421875,0.00827789306640625,0.00804901123046875,0.0115966796875,0.004425048828125,0.0106048583984375,0.01827239990234375,0.00274658203125,0.01087188720703125,0.00621795654296875,0.001068115234375,0.01399993896484375,0.081329345703125,0.12603759765625,0.120697021484375,0.098876953125,0.141143798828125,0.104827880859375,0.10284423828125,0.104217529296875,0.090179443359375,0.081634521484375,0.056915283203125,0.09185791015625,1.313018798828125,1.6656494140625,-0.308837890625,1.8109130859375,6.803847789764404
205,0.10250000000000001,-0.0,-0.0,-0.0,-0.0,-0.0,-0.0,-0.5859668254852295,11.869091033935547,-621.8558959960938,-180910.96875,32686.783203125,1816.882080078125,-0.0,-0.0,-0.0,-0.0,-0.0,-0.0,-0.0,-0.0,-0.0,-0.0,-0.0,-0.0,-0.00919342041015625,-0.00949859619140625,-0.01140594482421875,-0.01739501953125,-0.0115966796875,-0.01617431640625,-0.00919342041015625,-0.0235748291015625,-0.00530242919921875,-0.0116729736328125,-0.0250244140625,-0.01247406005859375,-0.0231170654296875,-0.01087188720703125,-0.00278472900390625,-0.02925872802734375,0.093841552734375,0.098876953125,0.020751953125,0.107269287109375,0.135040283203125,0.084686279296875,0.08056640625,0.088653564453125,0.096588134765625,0.097198486328125,0.059814453125,0.100555419921875,-0.43304443359375,-0.87982177734375,0.2178955078125,-1.6888427734375,-2.342682361602783
206,0.10300000000000001,-0.0,-0.0,-0.0,-0.0,-0.0,-0.0,-0.9013394713401794,11.765213012695312,-622.469482421875,-180653.5,32956.94921875,2013.6766357421875,-0.0,-0.0,-0.0,-0.0,-0.0,-0.0,-0.0,-0.0,-0.0,-0.0,-0.0,-0.0,-0.0048828125,-0.00331878662109375,-0.006103515625,-0.00560760498046875,-0.0048828125,-0.00705718994140625,-0.00659942626953125,-0.01148223876953125,-0.00408172607421875,-0.009002685546875,-0.0180816650390625,-0.006561279296875,-0.01209259033203125,-0.0048828125,0.0002288818359375,-0.011749267578125,0.09521484375,0.08575439453125,0.09521484375,0.093231201171875,0.026397705078125,0.09735107421875,0.116119384765625,0.09185791015625,0.100250244140625,0.10528564453125,0.050811767578125,0.103759765625,-0.568084716796875,-1.622314453125,0.6365966796875,-1.670074462890625,-0.20849192142486572
207,0.10350000000000001,-0.0,-0.0,-0.0,-0.0,-0.0,-0.0,-1.5729179382324219,12.337494850158691,-621.9871215820312,-180232.75,33152.51953125,2262.02783203125,-0.0,-0.0,-0.0,-0.0,-0.0,-0.0,-0.0,-0.0,-0.0,-0.0,-0.0,-0.0,0.0090789794921875,0.00850677490234375,0.0119781494140625,0.01461029052734375,0.011749267578125,0.01552581787109375,0.01148223876953125,0.0215911865234375,0.00888824462890625,0.0125885009765625,0.0264739990234375,0.014801025390625,0.0238800048828125,0.0102996826171875,0.0048828125,0.02716064453125,0.1043701171875,0.100555419921875,0.114898681640625,0.104217529296875,0.07293701171875,0.098724365234375,0.060272216796875,0.094451904296875,0.09063720703125,0.145721435546875,0.005950927734375,0.0811767578125,0.835418701171875,1.02294921875,-0.0518798828125,1.736907958984375,12.596650123596191
208,0.10400000000000001,-0.0,-0.0,-0.0,-0.0,-0.0,-0.0,-2.305762529373169,12.683914184570312,-621.2435302734375,-180146.109375,33607.7890625,2591.798583984375,-0.0,-0.0,-0.0,-0.0,-0.0,-0.0,-0.0,-0.0,-0.0,-0.0,-0.0,-0.0,0.00614166259765625,0.00644683837890625,0.00579833984375,0.00919342041015625,0.00598907470703125,0.008544921875,0.004730224609375,0.01068115234375,0.00225067138671875,0.006866455078125,0.0203704833984375,0.0031280517578125,0.01140594482421875,0.0066375732421875,0.0025177001953125,0.0144195556640625,0.102996826171875,0.09124755859375,0.016937255859375,0.0897216796875,0.10345458984375,0.09185791015625,0.08880615234375,0.083770751953125,0.10467529296875,0.1348876953125,0.13336181640625,0.103607177734375,0.778350830078125,1.8280029296875,-0.7177734375,1.684417724609375,5.584310531616211
209,0.1045,-0.0,-0.0,-0.0,-0.0,-0.0,-0.0,-3.3106532096862793,12.356130599975586,-621.296142578125,-179339.78125,33821.484375,2905.798583984375,-0.0,-0.0,-0.0,-0.0,-0.0,-0.0,-0.0,-0.0,-0.0,-0.0,-0.0,-0.0,-0.0095367431640625,-0.00614166259765625,-0.0124359130859375,-0.01445770263671875,-0.01140594482421875,-0.01453399658203125,-0.010833740234375,-0.023040771484375,-0.006256103515625,-0.0109100341796875,-0.024871826171875,-0.012054443359375,-0.0232696533203125,-0.009307861328125,-0.0064849853515625,-0.0273895263671875,0.090484619140625,0.09918212890625,0.137786865234375,0.0994873046875,0.128936767578125,0.08697509765625,0.181121826171875,0.099334716796875,0.111236572265625,-0.026397705078125,0.120391845703125,0.10467529296875,-0.314483642578125,-0.66009521484375,0.10833740234375,-1.736297607421875,-1.4280292987823486
210,0.105,-0.0,-0.0,-0.0,-0.0,-0.0,-0.0,-3.492225170135498,13.392587661743164,-621.6482543945312,-178886.265625,33824.3046875,3020.36474609375,-0.0,-0.0,-0.0,-0.0,-0.0,-0.0,-0.0,-0.0,-0.0,-0.0,-0.0,-0.0,-0.0025177001953125,-0.00392913818359375,-0.00553131103515625,-0.00621795654296875,-0.00484466552734375,-0.0079345703125,-0.00530242919921875,-0.012969970703125,-0.00385284423828125,-0.01010894775390625,-0.01873016357421875,0.00164031982421875,-0.01071929931640625,-0.00240325927734375,-0.00244140625,-0.01163482666015625,0.01007080078125,0.155487060546875,0.0665283203125,0.10009765625,-0.0341796875,0.09521484375,0.032196044921875,0.103607177734375,0.117645263671875,0.111083984375,0.102691650390625,0.099334716796875,-0.789642333984375,-1.8280029296875,0.90484619140625,-1.33056640625,0.7061610817909241
211,0.1055,-0.0,-0.0,-0.0,-0.0,-0.0,-0.0,-3.9584145545959473,13.234658241271973,-620.4058837890625,-178327.953125,34090.5234375,3169.851318359375,-0.0,-0.0,-0.0,-0.0,-0.0,-0.0,-0.0,-0.0,-0.0,-0.0,-0.0,-0.0,0.0099945068359375,0.00789642333984375,0.01220703125,0.017242431640625,0.011444091796875,0.0157928466796875,0.008697509765625,0.022735595703125,0.0077056884765625,0.0112152099609375,0.02414703369140625,0.012359619140625,0.0255584716796875,0.01163482666015625,0.004730224609375,0.0289154052734375,0.144500732421875,0.0396728515625,0.044708251953125,0.09185791015625,-0.10528564453125,0.099639892578125,0.140380859375,0.089111328125,0.1043701171875,0.157318115234375,0.07843017578125,0.0909423828125,0.4327392578125,0.64178466796875,-0.21453857421875,1.837310791015625,11.377113342285156
212,0.106,-0.0,-0.0,-0.0,-0.0,-0.0,-0.0,-4.215634346008301,14.327274322509766,-619.2144775390625,-177408.53125,34444.07421875,3459.780517578125,-0.0,-0.0,-0.0,-0.0,-0.0,-0.0,-0.0,-0.0,-0.0,-0.0,-0.0,-0.0,0.0032806396484375,0.005035400390625,0.0054168701171875,0.007476806640625,0.00759124755859375,0.00946044921875,0.00614166259765625,0.0121307373046875,0.003509521484375,0.00843048095703125,0.01850128173828125,0.00286102294921875,0.010833740234375,0.00400543212890625,0.0030517578125,0.0135040283203125,0.154266357421875,0.066986083984375,0.13275146484375,0.105438232421875,0.179290771484375,0.12481689453125,0.120086669921875,0.110626220703125,0.08392333984375,0.12115478515625,0.093994140625,0.09033203125,0.8001708984375,1.8096923828125,-0.587158203125,1.834259033203125,3.755004405975342
213,0.1065,-0.0,-0.0,-0.0,-0.0,-0.0,-0.0,-4.7068305015563965,15.097599029541016,-616.6943359375,-176330.609375,34580.890625,3580.9375,-0.0,-0.0,-0.0,-0.0,-0.0,-0.0,-0.0,-0.0,-0.0,-0.0,-0.0,-0.0,-0.009307861328125,-0.00690460205078125,-0.01171112060546875,-0.01556396484375,-0.0109100341796875,-0.0124359130859375,-0.0101470947265625,-0.02239227294921875,-0.00843048095703125,-0.009918212890625,-0.02574920654296875,-0.0118255615234375,-0.0234222412109375,-0.00942230224609375,-0.006256103515625,-0.02899169921875,0.16204833984375,0.130615234375,0.110626220703125,0.101318359375,0.054473876953125,0.10711669921875,0.05584716796875,0.098724365234375,0.097198486328125,0.1007080078125,0.091094970703125,0.096435546875,-0.291748046875,-0.94482421875,0.44891357421875,-1.5069580078125,-2.342682361602783
214,0.107,-0.0,-0.0,-0.0,-0.0,-0.0,-0.0,-4.884754180908203,15.57537841796875,-615.5926513671875,-175423.21875,34489.4921875,3815.30322265625,-0.0,-0.0,-0.0,-0.0,-0.0,-0.0,-0.0,-0.0,-0.0,-0.0,-0.0,-0.0,-0.00682830810546875,-0.00194549560546875,-0.0060272216796875,-0.00652313232421875,-0.0048828125,-0.00743865966796875,-0.0041961669921875,-0.0095367431640625,-0.00148773193359375,-0.00827789306640625,-0.0182342529296875,-0.00385284423828125,-0.013580322265625,-0.0052642822265625,-0.00347137451171875,-0.0119781494140625,0.057830810546875,0.0921630859375,0.0836181640625,0.098724365234375,0.205841064453125,0.085601806640625,0.106048583984375,0.079345703125,0.103912353515625,0.116119384765625,0.092315673828125,0.099639892578125,-0.872039794921875,-1.49566650390625,0.42083740234375,-1.739959716796875,-1.1231448650360107
215,0.1075,-0.0,-0.0,-0.0,-0.0,-0.0,-0.0,-4.77279806137085,16.9124755859375,-612.7672119140625,-174556.6875,34486.31640625,3900.440185546875,-0.0,-0.0,-0.0,-0.0,-0.0,-0.0,-0.0,-0.0,-0.0,-0.0,-0.0,-0.0,0.00823974609375,0.009918212890625,0.0119781494140625,0.0177001953125,0.01102447509765625,0.0165557861328125,0.00926971435546875,0.0231170654296875,0.0072479248046875,0.01354217529296875,0.02727508544921875,0.0115966796875,0.02216339111328125,0.01094818115234375,0.0043487548828125,0.02727508544921875,0.062255859375,0.098114013671875,0.10284423828125,0.097503662109375,0.1165771484375,0.111236572265625,0.088958740234375,0.11138916015625,0.087890625,0.104827880859375,0.11962890625,0.09735107421875,0.661163330078125,0.95916748046875,-0.16265869140625,1.8212890625,10.157575607299805
216,0.108,-0.0,-0.0,-0.0,-0.0,-0.0,-0.0,-5.55325984954834,17.302581787109375,-610.8701782226562,-173744.484375,34505.2109375,4240.8173828125,-0.0,-0.0,-0.0,-0.0,-0.0,-0.0,-0.0,-0.0,-0.0,-0.0,-0.0,-0.0,0.00396728515625,0.002593994140625,0.00701904296875,0.00698089599609375,0.00476837158203125,0.0057220458984375,0.00476837158203125,0.0119781494140625,0.00400543212890625,0.0096893310546875,0.0215911865234375,0.00286102294921875,0.0110626220703125,0.00469207763671875,0.00209808349609375,0.0107574462890625,0.08636474609375,0.106201171875,0.106353759765625,0.102081298828125,0.020751953125,0.10955810546875,0.093231201171875,0.10223388671875,0.09613037109375,0.112457275390625,0.12481689453125,0.099029541015625,0.865020751953125,2.1270751953125,-0.60455322265625,1.541595458984375,5.279426097869873
217,0.1085,-0.0,-0.0,-0.0,-0.0,-0.0,-0.0,-5.320087909698486,17.279766082763672,-607.5111083984375,-172629.921875,34493.8671875,4463.5556640625,-0.0,-0.0,-0.0,-0.0,-0.0,-0.0,-0.0,-0.0,-0.0,-0.0,-0.0,-0.0,-0.0084686279296875,-0.00843048095703125,-0.0124359130859375,-0.01430511474609375,-0.0115203857421875,-0.01407623291015625,-0.00995635986328125,-0.02407073974609375,-0.0061798095703125,-0.01590728759765625,-0.0247955322265625,-0.01018524169921875,-0.02071380615234375,-0.00957489013671875,-0.0075531005859375,-0.0269317626953125,0.084991455078125,0.108642578125,0.11199951171875,0.113525390625,0.18035888671875,0.11016845703125,0.096893310546875,0.110015869140625,0.103912353515625,0.10498046875,0.115203857421875,0.11444091796875,-0.76416015625,-0.86578369140625,0.55572509765625,-1.13800048828125,-1.4280292987823486
218,0.109,-0.0,-0.0,-0.0,-0.0,-0.0,-0.0,-5.574911594390869,17.07942771911621,-605.0435791015625,-172085.921875,34580.08984375,4463.8544921875,-0.0,-0.0,-0.0,-0.0,-0.0,-0.0,-0.0,-0.0,-0.0,-0.0,-0.0,-0.0,-0.00274658203125,-0.0037384033203125,-0.00385284423828125,-0.0069427490234375,-0.006103515625,-0.007476806640625,-0.0052642822265625,-0.0109100341796875,-0.002593994140625,-0.00507354736328125,-0.0170135498046875,-0.00453948974609375,-0.0103759765625,-0.0042724609375,-0.00102996826171875,-0.013885498046875,0.09796142578125,0.110931396484375,0.09765625,0.098724365234375,0.163421630859375,0.098724365234375,0.095367431640625,0.091705322265625,0.090484619140625,0.074920654296875,0.106048583984375,0.110015869140625,-0.6298828125,-1.7425537109375,0.31982421875,-1.586151123046875,1.3159297704696655
219,0.1095,-0.0,-0.0,-0.0,-0.0,-0.0,-0.0,-6.177313327789307,16.85755729675293,-604.42431640625,-171861.3125,34367.67578125,4573.720703125,-0.0,-0.0,-0.0,-0.0,-0.0,-0.0,-0.0,-0.0,-0.0,-0.0,-0.0,-0.0,0.0095367431640625,0.0091552734375,0.01346588134765625,0.01613616943359375,0.013427734375,0.01522064208984375,0.01209259033203125,0.0225830078125,0.00904083251953125,0.01255035400390625,0.02605438232421875,0.01247406005859375,0.02201080322265625,0.01079559326171875,0.00514984130859375,0.02696990966796875,0.095672607421875,0.10498046875,0.08819580078125,0.0958251953125,0.111083984375,0.104522705078125,0.0775146484375,0.104522705078125,0.081787109375,0.09246826171875,0.0872802734375,0.0823974609375,0.858917236328125,0.89385986328125,-0.0726318359375,1.85333251953125,11.681997299194336
220,0.11,-0.0,-0.0,-0.0,-0.0,-0.0,-0.0,-6.365020275115967,16.298702239990234,-605.8856201171875,-171954.25,34725.28515625,4715.66796875,-0.0,-0.0,-0.0,-0.0,-0.0,-0.0,-0.0,-0.0,-0.0,-0.0,-0.0,-0.0,0.005035400390625,0.0061798095703125,0.00522613525390625,0.00629425048828125,0.0037384033203125,0.00728607177734375,0.00476837158203125,0.0087738037109375,0.00453948974609375,0.00942230224609375,0.02155303955078125,0.00247955322265625,0.01277923583984375,0.0067138671875,7.62939453125e-05,0.01125335693359375,0.104217529296875,0.08941650390625,0.090789794921875,0.10009765625,0.057373046875,0.09185791015625,-0.145416259765625,0.096282958984375,0.11383056640625,0.122222900390625,0.10711669921875,0.103302001953125,1.164398193359375,2.30224609375,-0.4351806640625,1.75750732421875,6.803847789764404
221,0.1105,-0.0,-0.0,-0.0,-0.0,-0.0,-0.0,-6.3247761726379395,15.71160888671875,-606.9823608398438,-172015.171875,34986.22265625,4707.1279296875,-0.0,-0.0,-0.0,-0.0,-0.0,-0.0,-0.0,-0.0,-0.0,-0.0,-0.0,-0.0,-0.008392333984375,-0.0109100341796875,-0.01201629638671875,-0.01453399658203125,-0.012664794921875,-0.01552581787109375,-0.01155853271484375,-0.02185821533203125,-0.00965118408203125,-0.013427734375,-0.02399444580078125,-0.01041412353515625,-0.02223968505859375,-0.009002685546875,-0.003204345703125,-0.02712249755859375,0.104217529296875,0.104217529296875,0.07843017578125,0.0921630859375,0.033416748046875,0.091552734375,0.15533447265625,0.090179443359375,0.074615478515625,0.064239501953125,0.14068603515625,0.077056884765625,-0.316314697265625,-0.39306640625,0.3912353515625,-1.71600341796875,-4.78175687789917
222,0.111,-0.0,-0.0,-0.0,-0.0,-0.0,-0.0,-6.2447357177734375,15.533843994140625,-606.0914306640625,-172280.90625,35057.25,4582.89208984375,-0.0,-0.0,-0.0,-0.0,-0.0,-0.0,-0.0,-0.0,-0.0,-0.0,-0.0,-0.0,-0.0045013427734375,-0.0034332275390625,-0.0049591064453125,-0.0069427490234375,-0.00530242919921875,-0.00568389892578125,-0.00308990478515625,-0.01003265380859375,-0.00179290771484375,-0.00698089599609375,-0.0191497802734375,-0.004425048828125,-0.01171112060546875,-0.00469207763671875,-0.00370025634765625,-0.01216888427734375,0.11688232421875,0.12054443359375,0.091552734375,0.09246826171875,0.1666259765625,0.0982666015625,0.13397216796875,0.09307861328125,0.07598876953125,0.110931396484375,0.1043701171875,0.062103271484375,-0.7916259765625,-1.9451904296875,0.46356201171875,-1.66900634765625,4.669657230377197
223,0.1115,-0.0,-0.0,-0.0,-0.0,-0.0,-0.0,-6.49556303024292,15.254088401794434,-606.59521484375,-172251.671875,35216.71484375,4772.03125,-0.0,-0.0,-0.0,-0.0,-0.0,-0.0,-0.0,-0.0,-0.0,-0.0,-0.0,-0.0,0.00698089599609375,0.0081634521484375,0.01251220703125,0.015106201171875,0.01216888427734375,0.01308441162109375,0.01232147216796875,0.02140045166015625,0.00751495361328125,0.010833740234375,0.02498626708984375,0.0128936767578125,0.022430419921875,0.0115966796875,0.006256103515625,0.0276947021484375,0.08575439453125,0.12420654296875,0.107574462890625,0.100555419921875,0.00885009765625,0.100555419921875,0.127716064453125,0.104827880859375,0.094757080078125,0.096893310546875,0.090484619140625,0.095062255859375,0.339202880859375,1.024169921875,-0.11749267578125,1.80999755859375,7.108732223510742
224,0.112,-0.0,-0.0,-0.0,-0.0,-0.0,-0.0,-7.081690311431885,15.411446571350098,-607.3346557617188,-172074.921875,35076.765625,4834.93115234375,-0.0,-0.0,-0.0,-0.0,-0.0,-0.0,-0.0,-0.0,-0.0,-0.0,-0.0,-0.0,0.00507354736328125,0.003509521484375,0.0064849853515625,0.00759124755859375,0.00774383544921875,0.00812530517578125,0.0070953369140625,0.0124359130859375,0.002899169921875,0.00885009765625,0.01827239990234375,0.0046539306640625,0.0121307373046875,0.00431060791015625,0.0046539306640625,0.01232147216796875,0.080413818359375,0.088348388671875,0.115203857421875,0.115509033203125,0.046539306640625,0.11962890625,0.0738525390625,0.10772705078125,0.13336181640625,0.09033203125,0.098876953125,0.11383056640625,1.32354736328125,1.885986328125,-0.35888671875,1.98150634765625,4.669657230377197
225,0.1125,-0.0,-0.0,-0.0,-0.0,-0.0,-0.0,-7.39125394821167,15.343635559082031,-606.8983154296875,-171755.53125,35366.640625,4987.93994140625,-0.0,-0.0,-0.0,-0.0,-0.0,-0.0,-0.0,-0.0,-0.0,-0.0,-0.0,-0.0,-0.0095367431640625,-0.0083160400390625,-0.0131988525390625,-0.01453399658203125,-0.01377105712890625,-0.0146484375,-0.0122833251953125,-0.02117156982421875,-0.00705718994140625,-0.01384735107421875,-0.02384185791015625,-0.0115203857421875,-0.0214385986328125,-0.00946044921875,-0.0064849853515625,-0.02681732177734375,0.115966796875,0.126495361328125,0.095062255859375,0.108795166015625,0.097808837890625,0.103759765625,0.11688232421875,0.107269287109375,0.08514404296875,0.08819580078125,0.08941650390625,0.09979248046875,-0.595245361328125,-0.7623291015625,0.2923583984375,-1.601715087890625,-2.0377979278564453
226,0.113,-0.0,-0.0,-0.0,-0.0,-0.0,-0.0,-7.171040058135986,14.979865074157715,-606.192138671875,-171464.140625,35347.63671875,4955.82080078125,-0.0,-0.0,-0.0,-0.0,-0.0,-0.0,-0.0,-0.0,-0.0,-0.0,-0.0,-0.0,-0.0051116943359375,-0.00091552734375,-0.00591278076171875,-0.00652313232421875,-0.00530242919921875,-0.0084686279296875,-0.0048065185546875,-0.01079559326171875,-0.001678466796875,-0.009002685546875,-0.01857757568359375,-0.00240325927734375,-0.01251220703125,-0.00244140625,-0.0037384033203125,-0.01140594482421875,0.063934326171875,0.051727294921875,0.1104736328125,0.100555419921875,0.19927978515625,0.104827880859375,0.1397705078125,0.096282958984375,0.08758544921875,0.08331298828125,0.11962890625,0.106048583984375,-1.17523193359375,-1.86859130859375,0.5206298828125,-1.884765625,-1.1231448650360107
227,0.1135,-0.0,-0.0,-0.0,-0.0,-0.0,-0.0,-7.411541938781738,15.645648002624512,-603.7740478515625,-171387.984375,35186.48828125,4909.17333984375,-0.0,-0.0,-0.0,-0.0,-0.0,-0.0,-0.0,-0.0,-0.0,-0.0,-0.0,-0.0,0.009765625,0.008697509765625,0.01338958740234375,0.01636505126953125,0.01232147216796875,0.01537322998046875,0.01033782958984375,0.0228118896484375,0.006256103515625,0.01064300537109375,0.02704620361328125,0.00995635986328125,0.02727508544921875,0.009765625,0.00621795654296875,0.0278472900390625,0.17303466796875,0.0732421875,0.113067626953125,0.093994140625,0.17791748046875,0.11505126953125,0.10009765625,0.1043701171875,0.095672607421875,0.110321044921875,0.11962890625,0.093231201171875,0.451812744140625,1.14959716796875,-0.3509521484375,2.18048095703125,7.413616180419922
228,0.114,-0.0,-0.0,-0.0,-0.0,-0.0,-0.0,-7.150689601898193,15.597820281982422,-603.8016967773438,-170778.4375,34916.6953125,5005.72265625,-0.0,-0.0,-0.0,-0.0,-0.0,-0.0,-0.0,-0.0,-0.0,-0.0,-0.0,-0.0,0.0043487548828125,0.004425048828125,0.004730224609375,0.00797271728515625,0.00461578369140625,0.0066375732421875,0.00392913818359375,0.0102996826171875,0.00362396240234375,0.0091552734375,0.01888275146484375,0.00598907470703125,0.011444091796875,0.0069427490234375,0.000457763671875,0.0110626220703125,-0.00213623046875,0.13031005859375,0.109405517578125,0.100555419921875,0.0396728515625,0.10528564453125,0.086212158203125,0.09857177734375,0.10009765625,0.093841552734375,0.108184814453125,0.102996826171875,1.08367919921875,2.2418212890625,-0.341796875,1.70257568359375,6.1940789222717285
229,0.1145,-0.0,-0.0,-0.0,-0.0,-0.0,-0.0,-6.834799766540527,15.399186134338379,-602.9891357421875,-170699.25,34807.73046875,4798.58984375,-0.0,-0.0,-0.0,-0.0,-0.0,-0.0,-0.0,-0.0,-0.0,-0.0,-0.0,-0.0,-0.00823974609375,-0.00965118408203125,-0.012054443359375,-0.0152587890625,-0.0101470947265625,-0.01552581787109375,-0.00888824462890625,-0.02330780029296875,-0.00553131103515625,-0.01399993896484375,-0.02532958984375,-0.016632080078125,-0.0206756591796875,-0.01140594482421875,-0.0040435791015625,-0.0298309326171875,0.157623291015625,0.0872802734375,0.09033203125,0.090789794921875,0.09002685546875,0.1055908203125,0.0909423828125,0.095672607421875,0.101165771484375,0.110015869140625,0.103302001953125,0.107269287109375,-0.60821533203125,-0.8978271484375,0.0592041015625,-1.47552490234375,-1.4280292987823486
230,0.115,-0.0,-0.0,-0.0,-0.0,-0.0,-0.0,-5.810601234436035,15.494436264038086,-603.8576049804688,-170544.234375,34709.19140625,4587.05908203125,-0.0,-0.0,-0.0,-0.0,-0.0,-0.0,-0.0,-0.0,-0.0,-0.0,-0.0,-0.0,-0.006561279296875,-0.00408172607421875,-0.00499725341796875,-0.00606536865234375,-0.00469207763671875,-0.00659942626953125,-0.0023651123046875,-0.01018524169921875,-0.00225067138671875,-0.00972747802734375,-0.0183868408203125,-0.00514984130859375,-0.00972747802734375,-0.00469207763671875,-0.0005340576171875,-0.01087188720703125,0.135498046875,0.095672607421875,0.10040283203125,0.102386474609375,0.07415771484375,0.102386474609375,0.094757080078125,0.100860595703125,0.08880615234375,0.07965087890625,0.09521484375,0.091400146484375,-0.902557373046875,-2.02972412109375,0.3765869140625,-1.368560791015625,-0.5133762359619141
231,0.1155,-0.0,-0.0,-0.0,-0.0,-0.0,-0.0,-5.476404190063477,14.873578071594238,-604.7457885742188,-170305.859375,34490.078125,4258.25244140625,-0.0,-0.0,-0.0,-0.0,-0.0,-0.0,-0.0,-0.0,-0.0,-0.0,-0.0,-0.0,0.0096893310546875,0.00614166259765625,0.01300811767578125,0.01537322998046875,0.012359619140625,0.0133514404296875,0.01220703125,0.02315521240234375,0.0079345703125,0.012664794921875,0.027923583984375,0.01644134521484375,0.02101898193359375,0.0103759765625,0.00812530517578125,0.0272369384765625,0.127716064453125,0.106964111328125,0.106658935546875,0.102691650390625,0.083770751953125,0.102996826171875,0.0860595703125,0.10345458984375,0.132904052734375,0.10223388671875,0.131988525390625,0.1263427734375,0.950469970703125,1.0198974609375,0.2099609375,2.012786865234375,10.76734447479248
232,0.116,-0.0,-0.0,-0.0,-0.0,-0.0,-0.0,-4.7135090827941895,14.811601638793945,-602.50390625,-170432.5625,34431.8828125,4035.47900390625,-0.0,-0.0,-0.0,-0.0,-0.0,-0.0,-0.0,-0.0,-0.0,-0.0,-0.0,-0.0,0.00415802001953125,0.00316619873046875,0.00537872314453125,0.00598907470703125,0.0054168701171875,0.0067901611328125,0.0067901611328125,0.0107574462890625,0.00431060791015625,0.00560760498046875,0.01773834228515625,0.0020599365234375,0.011138916015625,0.0030517578125,0.001373291015625,0.01171112060546875,0.107421875,0.108184814453125,0.094146728515625,0.103912353515625,0.08544921875,0.09735107421875,0.06866455078125,0.078582763671875,0.150604248046875,0.0921630859375,0.108489990234375,0.08697509765625,0.703277587890625,1.77276611328125,-0.465087890625,1.69403076171875,6.1940789222717285
233,0.1165,-0.0,-0.0,-0.0,-0.0,-0.0,-0.0,-3.632916212081909,14.691633224487305,-602.54443359375,-170118.703125,34125.2890625,3825.64208984375,-0.0,-0.0,-0.0,-0.0,-0.0,-0.0,-0.0,-0.0,-0.0,-0.0,-0.0,-0.0,-0.00713348388671875,-0.0075531005859375,-0.0118255615234375,-0.015106201171875,-0.0110626220703125,-0.0127410888671875,-0.0116729736328125,-0.023651123046875,-0.00858306884765625,-0.0103759765625,-0.0272369384765625,-0.01369476318359375,-0.02132415771484375,-0.01064300537109375,-0.00518798828125,-0.0270843505859375,0.10345458984375,0.11260986328125,0.092926025390625,0.091552734375,-0.01434326171875,0.105133056640625,0.1470947265625,0.08941650390625,0.101470947265625,0.204620361328125,0.114288330078125,0.097808837890625,-0.192108154296875,-0.86761474609375,0.42266845703125,-1.86279296875,-1.732913613319397
234,0.117,-0.0,-0.0,-0.0,-0.0,-0.0,-0.0,-3.56842041015625,14.419449806213379,-602.4287109375,-170181.640625,34550.98046875,3545.917236328125,-0.0,-0.0,-0.0,-0.0,-0.0,-0.0,-0.0,-0.0,-0.0,-0.0,-0.0,-0.0,-0.0042724609375,-0.0020599365234375,-0.00415802001953125,-0.00553131103515625,-0.00385284423828125,-0.006561279296875,-0.004119873046875,-0.01094818115234375,-0.004425048828125,-0.0091552734375,-0.0168609619140625,-0.0016021728515625,-0.01007080078125,-0.00209808349609375,-0.00164031982421875,-0.0096893310546875,0.10284423828125,0.11016845703125,0.095672607421875,0.1141357421875,-0.02593994140625,0.09979248046875,0.088958740234375,0.102386474609375,0.075225830078125,0.04150390625,0.1141357421875,0.090484619140625,-0.885772705078125,-1.87255859375,0.57403564453125,-1.609954833984375,-1.4280292987823486
235,0.11750000000000001,-0.0,-0.0,-0.0,-0.0,-0.0,-0.0,-3.5140395164489746,13.884808540344238,-601.9564819335938,-170101.0625,34553.921875,3626.715087890625,-0.0,-0.0,-0.0,-0.0,-0.0,-0.0,-0.0,-0.0,-0.0,-0.0,-0.0,-0.0,0.009918212890625,0.01003265380859375,0.0131988525390625,0.01499176025390625,0.01270294189453125,0.0144195556640625,0.01064300537109375,0.02300262451171875,0.0070953369140625,0.0115203857421875,0.0270843505859375,0.0150299072265625,0.02223968505859375,0.010833740234375,0.00762939453125,0.02826690673828125,0.1239013671875,0.067138671875,0.098419189453125,0.0750732421875,0.28778076171875,0.10040283203125,0.03692626953125,0.08453369140625,0.138092041015625,0.11749267578125,0.1031494140625,0.099334716796875,0.519256591796875,1.26983642578125,-0.0543212890625,1.945953369140625,18.694337844848633
236,0.11800000000000001,-0.0,-0.0,-0.0,-0.0,-0.0,-0.0,-3.979560613632202,14.129050254821777,-602.8014526367188,-169939.546875,34530.05859375,3568.521728515625,-0.0,-0.0,-0.0,-0.0,-0.0,-0.0,-0.0,-0.0,-0.0,-0.0,-0.0,-0.0,0.0064849853515625,0.00484466552734375,0.00415802001953125,0.00690460205078125,0.00400543212890625,0.00640869140625,0.00492095947265625,0.00911712646484375,0.00408172607421875,0.00827789306640625,0.01819610595703125,0.00339508056640625,0.0101470947265625,0.00225067138671875,0.00202178955078125,0.011138916015625,0.04669189453125,0.0311279296875,0.102996826171875,0.105438232421875,0.1885986328125,0.098724365234375,0.118560791015625,0.095977783203125,0.08331298828125,0.149688720703125,0.1214599609375,0.101318359375,1.01593017578125,1.627197265625,-0.380859375,1.834716796875,1.9256983995437622
237,0.11850000000000001,-0.0,-0.0,-0.0,-0.0,-0.0,-0.0,-4.712460994720459,13.811638832092285,-600.2533569335938,-169436.390625,34707.76171875,3767.9775390625,-0.0,-0.0,-0.0,-0.0,-0.0,-0.0,-0.0,-0.0,-0.0,-0.0,-0.0,-0.0,-0.00888824462890625,-0.00804901123046875,-0.01232147216796875,-0.01522064208984375,-0.011138916015625,-0.01468658447265625,-0.0127410888671875,-0.02254486083984375,-0.00881195068359375,-0.0101470947265625,-0.02742767333984375,-0.0156402587890625,-0.0213623046875,-0.01049041748046875,-0.0041961669921875,-0.027923583984375,0.073699951171875,0.122528076171875,0.101776123046875,0.1007080078125,0.0390625,0.0921630859375,0.16387939453125,0.0897216796875,0.120849609375,-0.050811767578125,0.11199951171875,0.09918212890625,-0.280609130859375,-0.86761474609375,0.09765625,-1.539764404296875,-2.647566556930542
238,0.11900000000000001,-0.0,-0.0,-0.0,-0.0,-0.0,-0.0,-5.620262145996094,13.834301948547363,-601.61669921875,-169045.25,35021.5234375,3784.833740234375,-0.0,-0.0,-0.0,-0.0,-0.0,-0.0,-0.0,-0.0,-0.0,-0.0,-0.0,-0.0,-0.003662109375,-0.00301361083984375,-0.00286102294921875,-0.005340576171875,-0.00263214111328125,-0.0069427490234375,-0.0049591064453125,-0.01129150390625,-0.0032806396484375,-0.00823974609375,-0.01628875732421875,-0.0008392333984375,-0.01110076904296875,-0.002593994140625,-0.0011444091796875,-0.0103759765625,0.115509033203125,0.13214111328125,0.075531005859375,0.09307861328125,0.11322021484375,0.10589599609375,0.118865966796875,0.113067626953125,0.10162353515625,0.107879638671875,0.124664306640625,0.098419189453125,-1.009674072265625,-1.88690185546875,0.611572265625,-1.543426513671875,1.0110454559326172
239,0.11950000000000001,-0.0,-0.0,-0.0,-0.0,-0.0,-0.0,-5.814839839935303,13.993473052978516,-598.8652954101562,-168565.34375,34995.28515625,3772.578857421875,-0.0,-0.0,-0.0,-0.0,-0.0,-0.0,-0.0,-0.0,-0.0,-0.0,-0.0,-0.0,0.00698089599609375,0.00713348388671875,0.01209259033203125,0.0170135498046875,0.0109100341796875,0.01499176025390625,0.01056671142578125,0.02410888671875,0.0095367431640625,0.0112152099609375,0.0273895263671875,0.01422882080078125,0.021820068359375,0.01007080078125,0.00476837158203125,0.02925872802734375,0.0347900390625,0.128173828125,0.115509033203125,0.11688232421875,0.178680419921875,0.106353759765625,0.094146728515625,0.1116943359375,0.08575439453125,0.09033203125,0.138397216796875,0.12603759765625,0.2374267578125,1.21856689453125,-0.040283203125,1.62933349609375,10.157575607299805
240,0.12,-0.0,-0.0,-0.0,-0.0,-0.0,-0.0,-5.941925525665283,14.298537254333496,-598.4261474609375,-168681.1875,35014.0390625,3843.775634765625,-0.0,-0.0,-0.0,-0.0,-0.0,-0.0,-0.0,-0.0,-0.0,-0.0,-0.0,-0.0,0.00499725341796875,0.002899169921875,0.00301361083984375,0.00644683837890625,0.00469207763671875,0.006256103515625,0.00514984130859375,0.0107574462890625,0.0028228759765625,0.00934600830078125,0.01560211181640625,0.0005340576171875,0.0080108642578125,0.003662109375,0.001678466796875,0.0115203857421875,0.09429931640625,0.087890625,0.074920654296875,0.094757080078125,0.031890869140625,0.093536376953125,0.09796142578125,0.0994873046875,0.0885009765625,0.1116943359375,0.06927490234375,0.05096435546875,1.222991943359375,1.61346435546875,-0.70068359375,1.578369140625,8.023386001586914
241,0.1205,-0.0,-0.0,-0.0,-0.0,-0.0,-0.0,-5.908696174621582,14.345768928527832,-598.9931640625,-167779.03125,35024.09375,3615.3056640625,-0.0,-0.0,-0.0,-0.0,-0.0,-0.0,-0.0,-0.0,-0.0,-0.0,-0.0,-0.0,-0.006866455078125,-0.00919342041015625,-0.0119781494140625,-0.015716552734375,-0.00972747802734375,-0.0151824951171875,-0.0090789794921875,-0.02197265625,-0.0067138671875,-0.0098419189453125,-0.0247955322265625,-0.012969970703125,-0.01964569091796875,-0.01178741455078125,-0.0042724609375,-0.02918243408203125,0.1177978515625,0.08697509765625,0.11444091796875,0.10589599609375,0.0897216796875,0.113525390625,0.09796142578125,0.101776123046875,0.089874267578125,0.1263427734375,0.1043701171875,0.0921630859375,-0.21636962890625,-0.78369140625,0.37109375,-1.39678955078125,0.09639240801334381
242,0.121,-0.0,-0.0,-0.0,-0.0,-0.0,-0.0,-5.084999084472656,14.884777069091797,-596.167724609375,-167349.15625,34777.0546875,3422.475830078125,-0.0,-0.0,-0.0,-0.0,-0.0,-0.0,-0.0,-0.0,-0.0,-0.0,-0.0,-0.0,-0.00522613525390625,-0.0023651123046875,-0.005340576171875,-0.00637054443359375,-0.004730224609375,-0.00644683837890625,-0.0017547607421875,-0.0084686279296875,-0.001678466796875,-0.00820159912109375,-0.01567840576171875,-0.0011444091796875,-0.01140594482421875,-0.003814697265625,-0.002899169921875,-0.00957489013671875,0.100555419921875,0.108489990234375,0.08880615234375,0.081634521484375,0.13458251953125,0.10223388671875,0.10101318359375,0.10101318359375,0.101165771484375,0.1104736328125,0.10406494140625,0.101165771484375,-0.69915771484375,-1.5985107421875,0.63873291015625,-1.54632568359375,-0.8182606101036072
243,0.1215,-0.0,-0.0,-0.0,-0.0,-0.0,-0.0,-4.691290855407715,15.026205062866211,-593.6224975585938,-167007.3125,34680.2578125,3206.777099609375,-0.0,-0.0,-0.0,-0.0,-0.0,-0.0,-0.0,-0.0,-0.0,-0.0,-0.0,-0.0,0.00911712646484375,0.00797271728515625,0.0144195556640625,0.01697540283203125,0.01209259033203125,0.01499176025390625,0.01209259033203125,0.02285003662109375,0.00888824462890625,0.0092315673828125,0.027618408203125,0.01209259033203125,0.0223541259765625,0.01049041748046875,0.0058746337890625,0.0273895263671875,0.0274658203125,0.10101318359375,0.0946044921875,0.091552734375,0.10009765625,0.093231201171875,0.09857177734375,0.090484619140625,0.107574462890625,0.10772705078125,0.1055908203125,0.092926025390625,0.494537353515625,1.17218017578125,-0.308837890625,1.982421875,11.377113342285156
244,0.122,-0.0,-0.0,-0.0,-0.0,-0.0,-0.0,-4.0499444007873535,15.205859184265137,-592.7040405273438,-166708.40625,34421.96484375,3066.13720703125,-0.0,-0.0,-0.0,-0.0,-0.0,-0.0,-0.0,-0.0,-0.0,-0.0,-0.0,-0.0,0.00431060791015625,0.00461578369140625,0.0034332275390625,0.0058746337890625,0.0037384033203125,0.00476837158203125,0.00782012939453125,0.009002685546875,0.00293731689453125,0.007781982421875,0.01682281494140625,0.00247955322265625,0.008392333984375,0.00362396240234375,-0.0006866455078125,0.01056671142578125,0.155181884765625,0.09429931640625,0.09674072265625,0.10589599609375,0.13519287109375,0.0958251953125,0.103302001953125,0.099639892578125,0.080718994140625,0.069580078125,0.11444091796875,0.111541748046875,1.2152099609375,1.7401123046875,-0.65948486328125,1.98211669921875,7.413616180419922
245,0.1225,-0.0,-0.0,-0.0,-0.0,-0.0,-0.0,-3.8534255027770996,15.20736312866211,-589.5979614257812,-166019.75,34266.4765625,2785.3369140625,-0.0,-0.0,-0.0,-0.0,-0.0,-0.0,-0.0,-0.0,-0.0,-0.0,-0.0,-0.0,-0.00782012939453125,-0.00926971435546875,-0.01132965087890625,-0.016021728515625,-0.009918212890625,-0.0160980224609375,-0.0093841552734375,-0.0237274169921875,-0.00720977783203125,-0.01430511474609375,-0.02544403076171875,-0.01102447509765625,-0.02101898193359375,-0.01338958740234375,-0.003814697265625,-0.0299835205078125,0.157470703125,0.092620849609375,0.09002685546875,0.1312255859375,0.1275634765625,0.115203857421875,0.082855224609375,0.1019287109375,0.099945068359375,0.118560791015625,0.108489990234375,0.126953125,-0.573577880859375,-0.96160888671875,0.5950927734375,-1.538238525390625,1.0110454559326172
246,0.123,-0.0,-0.0,-0.0,-0.0,-0.0,-0.0,-3.229200601577759,14.937962532043457,-587.479248046875,-165369.890625,34301.41015625,2515.8232421875,-0.0,-0.0,-0.0,-0.0,-0.0,-0.0,-0.0,-0.0,-0.0,-0.0,-0.0,-0.0,-0.0042724609375,-0.00217437744140625,-0.00568389892578125,-0.00644683837890625,-0.00499725341796875,-0.0054931640625,-0.0028228759765625,-0.00728607177734375,-0.001983642578125,-0.00637054443359375,-0.0160980224609375,-0.00164031982421875,-0.014495849609375,-0.0035858154296875,-0.00286102294921875,-0.0096893310546875,0.106048583984375,0.096893310546875,0.097198486328125,0.102996826171875,-0.018310546875,0.0970458984375,0.097503662109375,0.088348388671875,0.15380859375,0.069580078125,0.09246826171875,0.0775146484375,-0.907135009765625,-1.71234130859375,0.67474365234375,-1.954498291015625,0.09639240801334381
247,0.1235,-0.0,-0.0,-0.0,-0.0,-0.0,-0.0,-2.5871047973632812,15.134337425231934,-586.561279296875,-164599.09375,34032.234375,2247.012939453125,-0.0,-0.0,-0.0,-0.0,-0.0,-0.0,-0.0,-0.0,-0.0,-0.0,-0.0,-0.0,0.0092315673828125,0.0077056884765625,0.01316070556640625,0.0165557861328125,0.01194000244140625,0.01514434814453125,0.01216888427734375,0.02330780029296875,0.00827789306640625,0.012664794921875,0.027008056640625,0.009765625,0.02063751220703125,0.00995635986328125,0.0051116943359375,0.02841949462890625,0.06927490234375,0.137786865234375,0.1165771484375,0.102691650390625,0.040435791015625,0.09307861328125,0.1171875,0.09765625,0.11077880859375,0.099334716796875,0.09613037109375,0.095672607421875,0.916900634765625,1.03179931640625,-0.38116455078125,1.7034912109375,11.07222843170166
248,0.124,-0.0,-0.0,-0.0,-0.0,-0.0,-0.0,-1.6240606307983398,14.421137809753418,-582.9586181640625,-163936.09375,33638.3203125,2058.955322265625,-0.0,-0.0,-0.0,-0.0,-0.0,-0.0,-0.0,-0.0,-0.0,-0.0,-0.0,-0.0,0.00469207763671875,0.002288818359375,0.00431060791015625,0.00583648681640625,0.00431060791015625,0.00476837158203125,0.00484466552734375,0.009002685546875,0.003814697265625,0.0091552734375,0.01544952392578125,0.0009918212890625,0.00858306884765625,0.00415802001953125,-0.00091552734375,0.00911712646484375,0.107574462890625,0.1177978515625,0.0970458984375,0.091552734375,0.1116943359375,0.08544921875,0.0958251953125,0.11749267578125,0.053863525390625,0.0994873046875,0.092620849609375,0.0982666015625,1.327972412109375,1.8701171875,-0.357666015625,1.678314208984375,8.328269958496094
249,0.1245,-0.0,-0.0,-0.0,-0.0,-0.0,-0.0,-0.8393979072570801,14.189287185668945,-580.4164428710938,-163921.9375,33294.2109375,1614.0496826171875,-0.0,-0.0,-0.0,-0.0,-0.0,-0.0,-0.0,-0.0,-0.0,-0.0,-0.0,-0.0,-0.0078582763671875,-0.00762939453125,-0.0127410888671875,-0.01552581787109375,-0.011138916015625,-0.015106201171875,-0.0101470947265625,-0.02445220947265625,-0.006103515625,-0.0121307373046875,-0.0229644775390625,-0.0121307373046875,-0.0194549560546875,-0.01178741455078125,-0.00347137451171875,-0.028228759765625,0.1019287109375,0.12542724609375,0.088348388671875,0.064544677734375,0.1019287109375,0.08514404296875,0.21453857421875,0.091552734375,0.087890625,0.119171142578125,0.08819580078125,0.1007080078125,-0.59906005859375,-0.6597900390625,0.36041259765625,-1.6082763671875,-1.732913613319397
250,0.125,-0.0,-0.0,-0.0,-0.0,-0.0,-0.0,-0.963859498500824,14.385839462280273,-578.716064453125,-163298.328125,33166.76171875,1660.90869140625,-0.0,-0.0,-0.0,-0.0,-0.0,-0.0,-0.0,-0.0,-0.0,-0.0,-0.0,-0.0,-0.0045013427734375,-0.0022125244140625,-0.00316619873046875,-0.0038909912109375,-0.0026702880859375,-0.006103515625,-0.0063323974609375,-0.0102996826171875,-0.0011444091796875,-0.01041412353515625,-0.01567840576171875,-0.00232696533203125,-0.00797271728515625,-0.0028228759765625,-0.000457763671875,-0.00911712646484375,0.166473388671875,0.095672607421875,0.10894775390625,0.1165771484375,0.152740478515625,0.10894775390625,0.090484619140625,0.095367431640625,0.084228515625,0.0738525390625,0.09490966796875,0.103607177734375,-1.2017822265625,-1.8011474609375,0.4095458984375,-1.69281005859375,-1.4280292987823486
251,0.1255,-0.0,-0.0,-0.0,-0.0,-0.0,-0.0,-1.2489471435546875,14.777029037475586,-577.2384033203125,-163551.03125,33066.96484375,1837.0880126953125,-0.0,-0.0,-0.0,-0.0,-0.0,-0.0,-0.0,-0.0,-0.0,-0.0,-0.0,-0.0,0.0095367431640625,0.00705718994140625,0.01270294189453125,0.01689910888671875,0.0115966796875,0.01567840576171875,0.01033782958984375,0.023040771484375,0.00682830810546875,0.012359619140625,0.02513885498046875,0.011444091796875,0.0206756591796875,0.01079559326171875,0.0061798095703125,0.02777099609375,-0.002899169921875,0.023956298828125,0.1153564453125,0.09521484375,0.0726318359375,0.091705322265625,0.08087158203125,0.088958740234375,0.15106201171875,0.119781494140625,0.077056884765625,0.100250244140625,0.420074462890625,0.86334228515625,-0.4241943359375,1.84417724609375,10.4624605178833
252,0.126,-0.0,-0.0,-0.0,-0.0,-0.0,-0.0,-2.01581072807312,14.116869926452637,-578.0128784179688,-163417.984375,32775.91796875,1597.219970703125,-0.0,-0.0,-0.0,-0.0,-0.0,-0.0,-0.0,-0.0,-0.0,-0.0,-0.0,-0.0,0.005035400390625,0.00232696533203125,0.00392913818359375,0.00568389892578125,0.0048065185546875,0.00644683837890625,0.0054168701171875,0.00873565673828125,0.0026702880859375,0.00732421875,0.0156402587890625,0.00484466552734375,0.01018524169921875,0.0046539306640625,0.00270843505859375,0.00942230224609375,0.063018798828125,0.051116943359375,0.033416748046875,0.11260986328125,0.13763427734375,0.069580078125,0.11077880859375,0.0970458984375,0.1153564453125,0.1605224609375,0.1092529296875,0.11016845703125,1.045989990234375,1.734619140625,-0.0836181640625,1.945648193359375,8.633153915405273
253,0.1265,-0.0,-0.0,-0.0,-0.0,-0.0,-0.0,-1.7992284297943115,13.316485404968262,-576.0364990234375,-163492.59375,32540.359375,1572.9122314453125,-0.0,-0.0,-0.0,-0.0,-0.0,-0.0,-0.0,-0.0,-0.0,-0.0,-0.0,-0.0,-0.00858306884765625,-0.00804901123046875,-0.01377105712890625,-0.01483917236328125,-0.0125885009765625,-0.015716552734375,-0.01132965087890625,-0.02330780029296875,-0.00774383544921875,-0.010986328125,-0.02460479736328125,-0.01186370849609375,-0.02063751220703125,-0.0096893310546875,-0.0080108642578125,-0.0287628173828125,0.092315673828125,0.189056396484375,0.14434814453125,0.113067626953125,0.06866455078125,0.125885009765625,0.11138916015625,0.121307373046875,0.08209228515625,0.1055908203125,0.112457275390625,0.087738037109375,-0.529632568359375,-0.6842041015625,0.4193115234375,-1.49627685546875,-2.95245099067688
254,0.127,-0.0,-0.0,-0.0,-0.0,-0.0,-0.0,-1.6588292121887207,11.945902824401855,-577.1627807617188,-163775.4375,32419.2421875,1435.8441162109375,-0.0,-0.0,-0.0,-0.0,-0.0,-0.0,-0.0,-0.0,-0.0,-0.0,-0.0,-0.0,-0.00530242919921875,-0.00476837158203125,-0.00385284423828125,-0.00507354736328125,-0.0038909912109375,-0.00461578369140625,-0.00278472900390625,-0.00698089599609375,-0.00316619873046875,-0.005950927734375,-0.015716552734375,-0.0041961669921875,-0.00843048095703125,-0.0025177001953125,0.00064849853515625,-0.00881195068359375,0.084228515625,0.128021240234375,0.10162353515625,0.08392333984375,0.041351318359375,0.098419189453125,0.106201171875,0.098724365234375,0.096893310546875,0.077362060546875,0.0958251953125,0.09918212890625,-0.595703125,-1.6070556640625,0.35430908203125,-1.47918701171875,-0.20849192142486572
255,0.1275,-0.0,-0.0,-0.0,-0.0,-0.0,-0.0,-0.6607003211975098,11.107816696166992,-575.1866455078125,-163847.984375,32520.33984375,1097.515869140625,-0.0,-0.0,-0.0,-0.0,-0.0,-0.0,-0.0,-0.0,-0.0,-0.0,-0.0,-0.0,0.0099945068359375,0.0091552734375,0.01277923583984375,0.01689910888671875,0.01247406005859375,0.017242431640625,0.0087738037109375,0.02483367919921875,0.007476806640625,0.01312255859375,0.02529144287109375,0.0136566162109375,0.0209808349609375,0.01163482666015625,0.0054931640625,0.02960205078125,0.092315673828125,0.111846923828125,0.0897216796875,0.088653564453125,0.105743408203125,0.09490966796875,0.06072998046875,0.081024169921875,0.0885009765625,0.07080078125,0.1171875,0.09735107421875,0.929107666015625,0.9490966796875,0.09796142578125,1.741943359375,10.157575607299805
256,0.128,-0.0,-0.0,-0.0,-0.0,-0.0,-0.0,-0.9419506192207336,9.62914752960205,-577.6708984375,-164208.9375,32529.517578125,1096.4552001953125,-0.0,-0.0,-0.0,-0.0,-0.0,-0.0,-0.0,-0.0,-0.0,-0.0,-0.0,-0.0,0.00362396240234375,0.0035858154296875,0.00461578369140625,0.0067138671875,0.0037384033203125,0.0067138671875,0.00179290771484375,0.0080108642578125,0.00057220458984375,0.00823974609375,0.01739501953125,0.00591278076171875,0.0081634521484375,0.0026702880859375,0.00255584716796875,0.008544921875,0.105133056640625,0.11383056640625,0.103759765625,0.094451904296875,0.1153564453125,0.0970458984375,0.099639892578125,0.075836181640625,0.116424560546875,0.08819580078125,0.103607177734375,0.09674072265625,1.289520263671875,1.95465087890625,-0.28594970703125,1.353759765625,9.852691650390625
257,0.1285,-0.0,-0.0,-0.0,-0.0,-0.0,-0.0,-1.0670444965362549,9.00217056274414,-577.7234497070312,-165098.859375,32395.619140625,1124.1591796875,-0.0,-0.0,-0.0,-0.0,-0.0,-0.0,-0.0,-0.0,-0.0,-0.0,-0.0,-0.0,-0.0084686279296875,-0.00667572021484375,-0.01308441162109375,-0.01361846923828125,-0.011444091796875,-0.01438140869140625,-0.01110076904296875,-0.02262115478515625,-0.00820159912109375,-0.013427734375,-0.0238800048828125,-0.0146484375,-0.0203704833984375,-0.010833740234375,-0.004425048828125,-0.0273895263671875,0.102691650390625,0.094146728515625,0.124969482421875,0.103759765625,0.143280029296875,0.087738037109375,0.093231201171875,0.084991455078125,0.099029541015625,0.0433349609375,0.11993408203125,0.11138916015625,-0.442047119140625,-0.74249267578125,0.3515625,-1.607208251953125,-3.2573351860046387
258,0.129,-0.0,-0.0,-0.0,-0.0,-0.0,-0.0,-0.6207102537155151,8.41466236114502,-577.7376708984375,-165671.1875,32408.53515625,890.8323974609375,-0.0,-0.0,-0.0,-0.0,-0.0,-0.0,-0.0,-0.0,-0.0,-0.0,-0.0,-0.0,-0.004119873046875,-0.00263214111328125,-0.0032806396484375,-0.00614166259765625,-0.00461578369140625,-0.0055694580078125,-0.00324249267578125,-0.00823974609375,-0.0014495849609375,-0.007781982421875,-0.0157928466796875,-0.003662109375,-0.00911712646484375,-0.00469207763671875,-0.0009918212890625,-0.0079345703125,0.0982666015625,0.025177001953125,0.040130615234375,0.06072998046875,0.04730224609375,0.088348388671875,0.108795166015625,0.09246826171875,0.084228515625,0.05767822265625,0.060272216796875,0.12359619140625,-0.974578857421875,-1.79473876953125,0.30364990234375,-1.457977294921875,-2.0377979278564453
259,0.1295,-0.0,-0.0,-0.0,-0.0,-0.0,-0.0,0.6000436544418335,7.742278099060059,-579.3433837890625,-166070.421875,32390.29296875,572.3471069335938,-0.0,-0.0,-0.0,-0.0,-0.0,-0.0,-0.0,-0.0,-0.0,-0.0,-0.0,-0.0,0.0075531005859375,0.01026153564453125,0.01163482666015625,0.01651763916015625,0.01247406005859375,0.0171661376953125,0.009918212890625,0.024871826171875,0.00751495361328125,0.01178741455078125,0.025177001953125,0.01781463623046875,0.01941680908203125,0.01148223876953125,0.00530242919921875,0.02941131591796875,0.185089111328125,0.07659912109375,0.103912353515625,0.153656005859375,0.049896240234375,0.126495361328125,0.108795166015625,0.1092529296875,0.095062255859375,0.089569091796875,0.10833740234375,0.06134033203125,0.65673828125,0.75103759765625,0.29998779296875,2.05322265625,8.633153915405273
260,0.13,-0.0,-0.0,-0.0,-0.0,-0.0,-0.0,1.852859616279602,7.576084136962891,-580.1298217773438,-166256.78125,32084.1640625,316.8360900878906,-0.0,-0.0,-0.0,-0.0,-0.0,-0.0,-0.0,-0.0,-0.0,-0.0,-0.0,-0.0,0.0045013427734375,0.00324249267578125,0.00553131103515625,0.0054168701171875,0.0022125244140625,0.0040435791015625,0.00392913818359375,0.0089263916015625,0.00186920166015625,0.0069427490234375,0.01399993896484375,0.00179290771484375,0.00720977783203125,0.00064849853515625,0.0032806396484375,0.01018524169921875,0.10498046875,0.184326171875,0.089263916015625,0.093994140625,0.0738525390625,0.095062255859375,0.083160400390625,0.08026123046875,0.059967041015625,0.10894775390625,0.088653564453125,0.078125,1.102142333984375,1.59820556640625,-0.39947509765625,1.43829345703125,7.108732223510742
261,0.1305,-0.0,-0.0,-0.0,-0.0,-0.0,-0.0,2.6763153076171875,6.899655342102051,-578.8619384765625,-166692.390625,31933.66796875,135.48533630371094,-0.0,-0.0,-0.0,-0.0,-0.0,-0.0,-0.0,-0.0,-0.0,-0.0,-0.0,-0.0,-0.0087738037109375,-0.00743865966796875,-0.01247406005859375,-0.0167083740234375,-0.011444091796875,-0.0159454345703125,-0.00949859619140625,-0.02483367919921875,-0.00823974609375,-0.0102996826171875,-0.02593994140625,-0.01453399658203125,-0.02124786376953125,-0.00881195068359375,-0.0067138671875,-0.02872467041015625,0.11993408203125,0.02960205078125,0.0762939453125,0.01922607421875,0.099639892578125,0.084381103515625,0.09674072265625,0.100250244140625,0.11322021484375,0.102081298828125,0.03448486328125,0.09613037109375,-0.49041748046875,-0.76446533203125,0.07110595703125,-1.575164794921875,-3.2573351860046387
262,0.131,-0.0,-0.0,-0.0,-0.0,-0.0,-0.0,3.4634597301483154,6.721477508544922,-577.2830810546875,-166491.28125,31611.533203125,-200.10743713378906,-0.0,-0.0,-0.0,-0.0,-0.0,-0.0,-0.0,-0.0,-0.0,-0.0,-0.0,-0.0,-0.0054168701171875,-0.0014495849609375,-0.00385284423828125,-0.00507354736328125,-0.005035400390625,-0.0054931640625,-0.0023651123046875,-0.00629425048828125,-0.00141143798828125,-0.008697509765625,-0.014495849609375,-0.0018310546875,-0.00743865966796875,-0.00385284423828125,0.0,-0.00629425048828125,0.059051513671875,0.009918212890625,0.075836181640625,0.11199951171875,0.16845703125,0.099639892578125,0.1007080078125,0.118255615234375,0.0946044921875,0.06988525390625,0.127410888671875,0.088958740234375,-1.174774169921875,-1.57440185546875,0.6414794921875,-1.216583251953125,-0.5133762359619141
263,0.1315,-0.0,-0.0,-0.0,-0.0,-0.0,-0.0,4.014472961425781,6.63241720199585,-575.8908081054688,-166319.703125,31074.55078125,-497.8517761230469,-0.0,-0.0,-0.0,-0.0,-0.0,-0.0,-0.0,-0.0,-0.0,-0.0,-0.0,-0.0,0.00965118408203125,0.00682830810546875,0.01422882080078125,0.01728057861328125,0.01255035400390625,0.0159454345703125,0.01220703125,0.02269744873046875,0.0087738037109375,0.01369476318359375,0.025482177734375,0.01575469970703125,0.01861572265625,0.0119781494140625,0.0045013427734375,0.02941131591796875,0.083465576171875,0.160980224609375,0.1422119140625,0.028533935546875,-0.028533935546875,0.0958251953125,0.072479248046875,0.059967041015625,0.24261474609375,0.09033203125,0.157012939453125,0.11260986328125,0.801239013671875,1.0015869140625,0.17364501953125,1.5728759765625,9.852691650390625
264,0.132,-0.0,-0.0,-0.0,-0.0,-0.0,-0.0,4.470160961151123,6.789393901824951,-572.7119750976562,-165498.765625,31122.78125,-592.5291748046875,-0.0,-0.0,-0.0,-0.0,-0.0,-0.0,-0.0,-0.0,-0.0,-0.0,-0.0,-0.0,0.0057220458984375,0.0030517578125,0.00347137451171875,0.005340576171875,0.00339508056640625,0.005340576171875,0.002899169921875,0.0078582763671875,0.0031280517578125,0.009002685546875,0.014190673828125,-0.0009918212890625,0.0067138671875,0.00133514404296875,0.003662109375,0.00919342041015625,0.0811767578125,0.101318359375,0.123291015625,0.1226806640625,0.1092529296875,0.10284423828125,0.088348388671875,0.1348876953125,0.053558349609375,0.103759765625,0.094146728515625,0.10162353515625,1.23291015625,1.79412841796875,-0.47088623046875,1.268463134765625,7.71850061416626
265,0.1325,-0.0,-0.0,-0.0,-0.0,-0.0,-0.0,4.721880912780762,7.324010848999023,-569.119140625,-164820.265625,30809.697265625,-667.80224609375,-0.0,-0.0,-0.0,-0.0,-0.0,-0.0,-0.0,-0.0,-0.0,-0.0,-0.0,-0.0,-0.00751495361328125,-0.0075531005859375,-0.0121307373046875,-0.01651763916015625,-0.01056671142578125,-0.0154876708984375,-0.00812530517578125,-0.02536773681640625,-0.0060272216796875,-0.01308441162109375,-0.0238037109375,-0.01537322998046875,-0.01880645751953125,-0.01071929931640625,-0.00438690185546875,-0.0290679931640625,0.133056640625,0.15899658203125,0.114898681640625,0.0958251953125,0.369720458984375,0.083770751953125,0.104217529296875,0.11505126953125,0.065460205078125,0.103759765625,0.054779052734375,0.091400146484375,-0.474853515625,-0.66253662109375,0.30914306640625,-1.451416015625,-1.4280292987823486
266,0.133,-0.0,-0.0,-0.0,-0.0,-0.0,-0.0,4.736818790435791,7.4869537353515625,-564.8209228515625,-163847.171875,30390.759765625,-624.15625,-0.0,-0.0,-0.0,-0.0,-0.0,-0.0,-0.0,-0.0,-0.0,-0.0,-0.0,-0.0,-0.003662109375,-0.00247955322265625,-0.00362396240234375,-0.00423431396484375,-0.00354766845703125,-0.0026702880859375,-0.002899169921875,-0.00606536865234375,-0.00141143798828125,-0.00732421875,-0.01514434814453125,-0.000152587890625,-0.00667572021484375,-0.002593994140625,0.00019073486328125,-0.00728607177734375,0.129547119140625,0.1080322265625,0.1171875,0.108489990234375,0.106964111328125,0.12115478515625,0.098114013671875,0.091094970703125,0.159454345703125,0.104827880859375,0.14373779296875,0.1068115234375,-0.842132568359375,-1.741943359375,0.70648193359375,-1.30828857421875,-2.0377979278564453
267,0.1335,-0.0,-0.0,-0.0,-0.0,-0.0,-0.0,4.512669086456299,7.858538627624512,-560.6756591796875,-162878.109375,30010.98046875,-950.25634765625,-0.0,-0.0,-0.0,-0.0,-0.0,-0.0,-0.0,-0.0,-0.0,-0.0,-0.0,-0.0,0.00812530517578125,0.006866455078125,0.0122833251953125,0.01720428466796875,0.0118255615234375,0.01621246337890625,0.0116729736328125,0.02307891845703125,0.0070953369140625,0.01255035400390625,0.02300262451171875,0.0118255615234375,0.018768310546875,0.0122833251953125,0.00331878662109375,0.02994537353515625,0.07080078125,0.068206787109375,0.0872802734375,0.088043212890625,0.0390625,0.105743408203125,0.09979248046875,0.094757080078125,0.103302001953125,0.119476318359375,0.08544921875,0.09674072265625,0.7232666015625,0.67901611328125,-0.36407470703125,1.741485595703125,10.4624605178833
268,0.134,-0.0,-0.0,-0.0,-0.0,-0.0,-0.0,5.233597755432129,8.207573890686035,-556.081298828125,-162010.0625,29907.15234375,-849.9529418945312,-0.0,-0.0,-0.0,-0.0,-0.0,-0.0,-0.0,-0.0,-0.0,-0.0,-0.0,-0.0,0.00492095947265625,0.00202178955078125,0.00469207763671875,0.00518798828125,0.00244140625,0.00499725341796875,0.00301361083984375,0.009002685546875,0.00202178955078125,0.00804901123046875,0.01598358154296875,0.00274658203125,0.0075531005859375,0.00148773193359375,0.0009918212890625,0.0087738037109375,0.074005126953125,0.12664794921875,0.0946044921875,0.0994873046875,0.063323974609375,0.08087158203125,0.096435546875,0.093231201171875,0.107421875,0.183563232421875,0.07476806640625,0.090789794921875,1.289520263671875,1.837158203125,-0.355224609375,1.521759033203125,8.023386001586914
269,0.1345,-0.0,-0.0,-0.0,-0.0,-0.0,-0.0,5.5682573318481445,8.162824630737305,-551.9030151367188,-160865.609375,29511.2109375,-803.841796875,-0.0,-0.0,-0.0,-0.0,-0.0,-0.0,-0.0,-0.0,-0.0,-0.0,-0.0,-0.0,-0.00751495361328125,-0.00896453857421875,-0.01255035400390625,-0.01659393310546875,-0.0118255615234375,-0.01804351806640625,-0.0104522705078125,-0.023193359375,-0.00732421875,-0.01110076904296875,-0.0217437744140625,-0.01277923583984375,-0.01811981201171875,-0.0106048583984375,-0.00484466552734375,-0.02864837646484375,-0.01251220703125,0.10284423828125,0.05950927734375,0.11505126953125,0.147247314453125,0.08209228515625,0.1092529296875,0.111846923828125,-0.008544921875,0.093536376953125,0.11505126953125,0.1031494140625,-0.083160400390625,-0.48828125,0.5413818359375,-1.30889892578125,8.023386001586914
270,0.135,-0.0,-0.0,-0.0,-0.0,-0.0,-0.0,4.906578063964844,8.956900596618652,-547.9035034179688,-160399.875,29273.19921875,-810.1002807617188,-0.0,-0.0,-0.0,-0.0,-0.0,-0.0,-0.0,-0.0,-0.0,-0.0,-0.0,-0.0,-0.0026702880859375,-0.00370025634765625,-0.002288818359375,-0.003204345703125,-0.0032806396484375,-0.00640869140625,-0.0049591064453125,-0.00659942626953125,-0.00095367431640625,-0.00652313232421875,-0.01445770263671875,-0.00019073486328125,-0.0075531005859375,-0.00396728515625,-0.00209808349609375,-0.00728607177734375,0.142974853515625,0.06317138671875,0.132293701171875,0.07904052734375,0.057220458984375,0.09246826171875,0.102386474609375,0.081024169921875,0.093994140625,0.05950927734375,0.0726318359375,0.09246826171875,-1.061248779296875,-1.39129638671875,0.54473876953125,-1.375579833984375,-5.391525745391846
271,0.1355,-0.0,-0.0,-0.0,-0.0,-0.0,-0.0,4.497870445251465,7.976128101348877,-545.3673095703125,-159752.265625,29207.58203125,-596.4912719726562,-0.0,-0.0,-0.0,-0.0,-0.0,-0.0,-0.0,-0.0,-0.0,-0.0,-0.0,-0.0,0.0066375732421875,0.009307861328125,0.0133514404296875,0.0173187255859375,0.01129150390625,0.01789093017578125,0.00957489013671875,0.02429962158203125,0.00701904296875,0.01293182373046875,0.02155303955078125,0.01491546630859375,0.01766204833984375,0.011444091796875,0.004425048828125,0.03017425537109375,0.188446044921875,0.1129150390625,0.06195068359375,0.10711669921875,0.13214111328125,0.090789794921875,0.08392333984375,0.07293701171875,0.16204833984375,0.130462646484375,0.0390625,0.091552734375,0.443267822265625,0.6109619140625,-0.1373291015625,1.5777587890625,7.108732223510742
272,0.136,-0.0,-0.0,-0.0,-0.0,-0.0,-0.0,3.5022470951080322,7.806093215942383,-545.2755737304688,-159820.84375,29266.85546875,-442.5943908691406,-0.0,-0.0,-0.0,-0.0,-0.0,-0.0,-0.0,-0.0,-0.0,-0.0,-0.0,-0.0,0.00446319580078125,0.00118255615234375,0.0045013427734375,0.00690460205078125,0.00324249267578125,0.00354766845703125,0.0023651123046875,0.0069427490234375,0.00263214111328125,0.0064849853515625,0.01628875732421875,0.000762939453125,0.0102996826171875,0.00209808349609375,0.00026702880859375,0.00743865966796875,0.09796142578125,0.139617919921875,0.079803466796875,0.091400146484375,0.159454345703125,0.114288330078125,0.099945068359375,0.106964111328125,0.06134033203125,0.097808837890625,0.14129638671875,0.106201171875,0.861663818359375,1.710205078125,-0.478515625,1.7669677734375,9.24292278289795
273,0.1365,-0.0,-0.0,-0.0,-0.0,-0.0,-0.0,2.267761468887329,7.055501937866211,-547.7461547851562,-161140.984375,29831.23828125,-157.99928283691406,-0.0,-0.0,-0.0,-0.0,-0.0,-0.0,-0.0,-0.0,-0.0,-0.0,-0.0,-0.0,-0.008087158203125,-0.0081634521484375,-0.0131988525390625,-0.0152587890625,-0.01194000244140625,-0.0156402587890625,-0.0099945068359375,-0.02216339111328125,-0.00682830810546875,-0.01094818115234375,-0.02166748046875,-0.008697509765625,-0.01949310302734375,-0.00988006591796875,-0.00545501708984375,-0.0281524658203125,0.166473388671875,0.061187744140625,0.066680908203125,0.0885009765625,0.025482177734375,0.09979248046875,0.099029541015625,0.0909423828125,0.108795166015625,0.0732421875,0.16204833984375,0.1055908203125,-0.4498291015625,-0.7574462890625,0.8123779296875,-1.0491943359375,0.09639240801334381
274,0.137,-0.0,-0.0,-0.0,-0.0,-0.0,-0.0,0.5539737939834595,6.239128112792969,-553.340087890625,-162744.703125,30395.677734375,251.17286682128906,-0.0,-0.0,-0.0,-0.0,-0.0,-0.0,-0.0,-0.0,-0.0,-0.0,-0.0,-0.0,-0.0029754638671875,-0.0026702880859375,-0.0029754638671875,-0.0040435791015625,-0.00148773193359375,-0.00316619873046875,-0.00263214111328125,-0.006561279296875,-0.0035858154296875,-0.00766754150390625,-0.01445770263671875,-0.0032806396484375,-0.00614166259765625,-0.0030517578125,-0.000152587890625,-0.0084686279296875,0.048370361328125,0.003204345703125,0.08026123046875,0.08331298828125,0.060882568359375,0.079803466796875,0.1416015625,0.099029541015625,0.171356201171875,0.092620849609375,0.1336669921875,0.08636474609375,-1.001434326171875,-1.688232421875,0.51727294921875,-1.2811279296875,-0.5133762359619141
275,0.1375,-0.0,-0.0,-0.0,-0.0,-0.0,-0.0,-1.7229154109954834,5.258693695068359,-559.547607421875,-165080.953125,31107.0703125,885.1417236328125,-0.0,-0.0,-0.0,-0.0,-0.0,-0.0,-0.0,-0.0,-0.0,-0.0,-0.0,-0.0,0.00732421875,0.00919342041015625,0.013580322265625,0.0150299072265625,0.01293182373046875,0.014190673828125,0.01201629638671875,0.022125244140625,0.009765625,0.01056671142578125,0.023956298828125,0.01087188720703125,0.0171661376953125,0.0104522705078125,0.003662109375,0.02948760986328125,0.06072998046875,0.301971435546875,0.10101318359375,0.091552734375,0.112152099609375,0.1080322265625,0.04852294921875,0.096435546875,0.07232666015625,0.0897216796875,0.0860595703125,0.0897216796875,0.5035400390625,0.83038330078125,-0.56884765625,1.52374267578125,11.986882209777832
276,0.138,-0.0,-0.0,-0.0,-0.0,-0.0,-0.0,-3.4552929401397705,4.312270641326904,-567.0176391601562,-167525.265625,31928.751953125,1135.7618408203125,-0.0,-0.0,-0.0,-0.0,-0.0,-0.0,-0.0,-0.0,-0.0,-0.0,-0.0,-0.0,0.005340576171875,0.00469207763671875,0.00354766845703125,0.00347137451171875,0.00225067138671875,0.00659942626953125,0.00354766845703125,0.00652313232421875,0.00301361083984375,0.0089263916015625,0.01636505126953125,-0.00034332275390625,0.00606536865234375,0.003814697265625,0.004730224609375,0.00759124755859375,0.103302001953125,0.116119384765625,0.126495361328125,0.10223388671875,0.202484130859375,0.099029541015625,0.08758544921875,0.085906982421875,0.09979248046875,0.177154541015625,0.03173828125,0.092315673828125,1.5380859375,1.871337890625,-0.47607421875,1.475677490234375,8.93803882598877
277,0.1385,-0.0,-0.0,-0.0,-0.0,-0.0,-0.0,-3.4414446353912354,2.979034423828125,-576.5933227539062,-170125.984375,32188.705078125,972.7511596679688,-0.0,-0.0,-0.0,-0.0,-0.0,-0.0,-0.0,-0.0,-0.0,-0.0,-0.0,-0.0,-0.010528564453125,-0.0066375732421875,-0.0128936767578125,-0.01491546630859375,-0.01270294189453125,-0.01377105712890625,-0.00904083251953125,-0.02277374267578125,-0.00705718994140625,-0.00972747802734375,-0.0209808349609375,-0.0099945068359375,-0.02109527587890625,-0.0099945068359375,-0.00591278076171875,-0.02834320068359375,0.070648193359375,-0.022430419921875,0.0616455078125,0.137481689453125,0.12451171875,0.131683349609375,0.074615478515625,0.10009765625,0.099639892578125,0.1190185546875,0.11749267578125,0.086669921875,0.05828857421875,-0.14892578125,0.57830810546875,-1.4617919921875,-3.5622196197509766
278,0.139,-0.0,-0.0,-0.0,-0.0,-0.0,-0.0,-3.0601861476898193,1.833924412727356,-584.9194946289062,-172980.984375,32849.4375,657.9882202148438,-0.0,-0.0,-0.0,-0.0,-0.0,-0.0,-0.0,-0.0,-0.0,-0.0,-0.0,-0.0,-0.0038909912109375,-0.0029754638671875,-0.00278472900390625,-0.0054168701171875,-0.0032806396484375,-0.00537872314453125,-0.00217437744140625,-0.00591278076171875,-0.0018310546875,-0.007476806640625,-0.0159454345703125,-0.00202178955078125,-0.009002685546875,-0.00030517578125,-0.00034332275390625,-0.00652313232421875,0.022125244140625,0.1055908203125,0.1226806640625,0.079498291015625,-0.309600830078125,0.082855224609375,0.110626220703125,0.12725830078125,0.002288818359375,0.101165771484375,0.11932373046875,0.126495361328125,-0.967559814453125,-1.614990234375,0.404052734375,-1.62322998046875,-0.5133762359619141
279,0.1395,-0.0,-0.0,-0.0,-0.0,-0.0,-0.0,-0.840813159942627,0.713043212890625,-591.8853759765625,-175496.125,32892.3203125,150.662841796875,-0.0,-0.0,-0.0,-0.0,-0.0,-0.0,-0.0,-0.0,-0.0,-0.0,-0.0,-0.0,0.0087738037109375,0.0109100341796875,0.01453399658203125,0.0151824951171875,0.01178741455078125,0.01529693603515625,0.00972747802734375,0.02346038818359375,0.00728607177734375,0.0119781494140625,0.02201080322265625,0.0124359130859375,0.0193023681640625,0.0107574462890625,0.004425048828125,0.02880096435546875,0.08544921875,0.103607177734375,0.118408203125,0.11260986328125,0.329437255859375,0.07568359375,0.09002685546875,0.1153564453125,0.088653564453125,0.0946044921875,0.0628662109375,0.098114013671875,0.305328369140625,0.7330322265625,-0.35308837890625,1.566162109375,11.07222843170166
280,0.14,-0.0,-0.0,-0.0,-0.0,-0.0,-0.0,-0.21639561653137207,-0.41915321350097656,-600.6541137695312,-177918.578125,33339.359375,-259.7060241699219,-0.0,-0.0,-0.0,-0.0,-0.0,-0.0,-0.0,-0.0,-0.0,-0.0,-0.0,-0.0,0.00347137451171875,0.00530242919921875,0.0028228759765625,0.0048828125,0.00240325927734375,0.004730224609375,0.00263214111328125,0.00659942626953125,0.00362396240234375,0.007781982421875,0.01560211181640625,0.00354766845703125,0.0093841552734375,0.00217437744140625,0.0003814697265625,0.0075531005859375,0.159454345703125,0.235748291015625,0.084686279296875,0.07720947265625,0.29266357421875,0.0848388671875,0.0994873046875,0.114593505859375,0.129241943359375,0.0848388671875,0.068206787109375,0.09613037109375,1.212005615234375,1.64764404296875,-0.28350830078125,1.938934326171875,8.023386001586914
281,0.1405,-0.0,-0.0,-0.0,-0.0,-0.0,-0.0,1.2632720470428467,-1.439170241355896,-604.9032592773438,-179795.625,33471.99609375,-477.5376281738281,-0.0,-0.0,-0.0,-0.0,-0.0,-0.0,-0.0,-0.0,-0.0,-0.0,-0.0,-0.0,-0.0074005126953125,-0.00843048095703125,-0.01178741455078125,-0.0164794921875,-0.01251220703125,-0.01422882080078125,-0.01110076904296875,-0.02216339111328125,-0.009765625,-0.00850677490234375,-0.023193359375,-0.01079559326171875,-0.02040863037109375,-0.0121307373046875,-0.00560760498046875,-0.0293731689453125,0.14129638671875,0.046844482421875,0.0897216796875,0.064697265625,0.2996826171875,0.081634521484375,0.139007568359375,0.072479248046875,0.106964111328125,0.06195068359375,0.0445556640625,0.091400146484375,-0.09765625,-0.4443359375,0.61859130859375,-1.53533935546875,0.09639240801334381
282,0.14100000000000001,-0.0,-0.0,-0.0,-0.0,-0.0,-0.0,2.6641664505004883,-2.2403979301452637,-609.1359252929688,-180925.703125,33347.140625,-1034.18994140625,-0.0,-0.0,-0.0,-0.0,-0.0,-0.0,-0.0,-0.0,-0.0,-0.0,-0.0,-0.0,-0.003509521484375,-0.00408172607421875,-0.00316619873046875,-0.00213623046875,-0.0016021728515625,-0.00377655029296875,-0.00217437744140625,-0.0063323974609375,-0.00133514404296875,-0.00934600830078125,-0.01491546630859375,-0.00347137451171875,-0.0058746337890625,-0.00164031982421875,-0.00179290771484375,-0.00598907470703125,0.045166015625,0.02166748046875,0.064697265625,0.11474609375,-0.074005126953125,0.108184814453125,0.120086669921875,0.067901611328125,0.201416015625,0.0933837890625,0.087127685546875,0.09765625,-0.831146240234375,-1.39556884765625,0.3485107421875,-1.342315673828125,-0.5133762359619141
283,0.14150000000000001,-0.0,-0.0,-0.0,-0.0,-0.0,-0.0,3.8103740215301514,-3.361631393432617,-611.0013427734375,-181544.375,33365.421875,-1632.91943359375,-0.0,-0.0,-0.0,-0.0,-0.0,-0.0,-0.0,-0.0,-0.0,-0.0,-0.0,-0.0,0.00766754150390625,0.00774383544921875,0.0136566162109375,0.0160980224609375,0.0131988525390625,0.01560211181640625,0.0090789794921875,0.02483367919921875,0.00720977783203125,0.01125335693359375,0.02155303955078125,0.01529693603515625,0.01674652099609375,0.01216888427734375,0.00461578369140625,0.0292205810546875,0.052337646484375,0.0994873046875,0.0885009765625,0.11383056640625,-0.050506591796875,0.1007080078125,0.13946533203125,0.1043701171875,0.083770751953125,0.0921630859375,0.137786865234375,0.10284423828125,0.195159912109375,0.69610595703125,-0.0201416015625,1.569671630859375,8.328269958496094
284,0.14200000000000002,-0.0,-0.0,-0.0,-0.0,-0.0,-0.0,5.87522029876709,-3.1577982902526855,-610.7494506835938,-181633.328125,33477.6875,-2255.577880859375,-0.0,-0.0,-0.0,-0.0,-0.0,-0.0,-0.0,-0.0,-0.0,-0.0,-0.0,-0.0,0.0034332275390625,0.002593994140625,0.003814697265625,0.0046539306640625,0.0034332275390625,0.006256103515625,0.00316619873046875,0.006561279296875,0.00030517578125,0.0063323974609375,0.0165557861328125,0.001678466796875,0.0069427490234375,0.00240325927734375,7.62939453125e-05,0.00713348388671875,0.098114013671875,0.085601806640625,0.12603759765625,0.0946044921875,0.149078369140625,0.110015869140625,0.12176513671875,0.0775146484375,0.09124755859375,0.014801025390625,0.11810302734375,0.09613037109375,1.012115478515625,1.7547607421875,-0.36224365234375,1.31256103515625,10.4624605178833
285,0.14250000000000002,-0.0,-0.0,-0.0,-0.0,-0.0,-0.0,6.86856746673584,-4.049158573150635,-608.427001953125,-180867.578125,33256.23828125,-2553.168701171875,-0.0,-0.0,-0.0,-0.0,-0.0,-0.0,-0.0,-0.0,-0.0,-0.0,-0.0,-0.0,-0.008087158203125,-0.0091552734375,-0.0118255615234375,-0.015716552734375,-0.0116729736328125,-0.0145721435546875,-0.00988006591796875,-0.0231170654296875,-0.00946044921875,-0.0104522705078125,-0.02288818359375,-0.0136566162109375,-0.01674652099609375,-0.011138916015625,-0.0041961669921875,-0.027008056640625,0.133056640625,0.125579833984375,0.07568359375,0.0775146484375,0.144500732421875,0.08514404296875,0.11077880859375,0.087738037109375,0.046844482421875,0.097808837890625,0.069580078125,0.086517333984375,-0.24932861328125,-0.52093505859375,0.2374267578125,-1.268310546875,-1.1231448650360107
286,0.14300000000000002,-0.0,-0.0,-0.0,-0.0,-0.0,-0.0,7.175248622894287,-4.010868072509766,-603.937744140625,-179846.96875,33220.5,-2757.852294921875,-0.0,-0.0,-0.0,-0.0,-0.0,-0.0,-0.0,-0.0,-0.0,-0.0,-0.0,-0.0,-0.00400543212890625,-0.0019073486328125,-0.0030517578125,-0.00213623046875,-0.001068115234375,-0.00354766845703125,-0.0037384033203125,-0.00789642333984375,-0.0009918212890625,-0.004425048828125,-0.015716552734375,-0.00049591064453125,-0.0055694580078125,-0.00244140625,-0.00274658203125,-0.0063323974609375,0.13458251953125,0.121612548828125,0.03387451171875,0.0531005859375,0.11322021484375,0.0994873046875,0.112152099609375,0.09765625,0.13153076171875,0.101165771484375,0.09185791015625,0.0958251953125,-0.588836669921875,-1.65130615234375,0.4754638671875,-1.086578369140625,-2.342682361602783
287,0.14350000000000002,-0.0,-0.0,-0.0,-0.0,-0.0,-0.0,7.50758171081543,-4.0370259284973145,-596.4722900390625,-177792.53125,33208.58203125,-2916.736572265625,-0.0,-0.0,-0.0,-0.0,-0.0,-0.0,-0.0,-0.0,-0.0,-0.0,-0.0,-0.0,0.0099945068359375,0.00820159912109375,0.01277923583984375,0.01674652099609375,0.01239776611328125,0.0160980224609375,0.010528564453125,0.02536773681640625,0.00637054443359375,0.01010894775390625,0.02407073974609375,0.016021728515625,0.0194549560546875,0.0127410888671875,0.004730224609375,0.0304412841796875,0.1373291015625,0.071258544921875,0.097503662109375,0.105743408203125,0.265350341796875,0.10833740234375,0.059661865234375,0.117034912109375,0.06072998046875,0.12176513671875,0.095977783203125,0.113372802734375,0.44342041015625,0.9136962890625,0.20599365234375,1.7559814453125,11.681997299194336
288,0.14400000000000002,-0.0,-0.0,-0.0,-0.0,-0.0,-0.0,7.520077228546143,-3.0710456371307373,-585.925537109375,-174726.28125,32839.578125,-2987.04541015625,-0.0,-0.0,-0.0,-0.0,-0.0,-0.0,-0.0,-0.0,-0.0,-0.0,-0.0,-0.0,0.0046539306640625,0.00213623046875,0.0025177001953125,0.0025177001953125,0.001220703125,0.00514984130859375,0.00354766845703125,0.00698089599609375,0.001678466796875,0.00766754150390625,0.01617431640625,-0.00255584716796875,0.005950927734375,0.00396728515625,0.00240325927734375,0.0074005126953125,0.04302978515625,0.122528076171875,0.079345703125,0.119476318359375,0.026702880859375,0.0909423828125,0.093994140625,0.087890625,0.14617919921875,0.07568359375,0.10467529296875,0.096588134765625,1.1627197265625,1.69281005859375,-0.7232666015625,1.209869384765625,9.547806739807129
289,0.1445,-0.0,-0.0,-0.0,-0.0,-0.0,-0.0,7.520326137542725,-2.266843318939209,-576.895751953125,-171514.578125,32342.12890625,-2807.017578125,-0.0,-0.0,-0.0,-0.0,-0.0,-0.0,-0.0,-0.0,-0.0,-0.0,-0.0,-0.0,-0.0077056884765625,-0.01178741455078125,-0.0131988525390625,-0.01583099365234375,-0.01155853271484375,-0.0136566162109375,-0.0102996826171875,-0.02246856689453125,-0.00865936279296875,-0.00896453857421875,-0.02391815185546875,-0.01468658447265625,-0.01621246337890625,-0.01110076904296875,-0.00331878662109375,-0.0302886962890625,0.126495361328125,0.04241943359375,0.1318359375,0.1043701171875,-0.4876708984375,0.074920654296875,0.086212158203125,0.10955810546875,0.057525634765625,0.115509033203125,0.109405517578125,0.100860595703125,0.01434326171875,-0.51513671875,0.06744384765625,-0.96649169921875,1.9256983995437622
290,0.145,-0.0,-0.0,-0.0,-0.0,-0.0,-0.0,6.194199562072754,-0.4842916429042816,-567.0538940429688,-168757.484375,31830.546875,-2390.986328125,-0.0,-0.0,-0.0,-0.0,-0.0,-0.0,-0.0,-0.0,-0.0,-0.0,-0.0,-0.0,-0.004425048828125,0.00148773193359375,-0.00179290771484375,-0.0014495849609375,-0.002288818359375,-0.00446319580078125,-0.00186920166015625,-0.0070953369140625,-0.0006866455078125,-0.0061798095703125,-0.0136566162109375,0.00209808349609375,-0.00896453857421875,-0.00331878662109375,-0.00026702880859375,-0.00537872314453125,0.101165771484375,0.07354736328125,0.09033203125,0.1104736328125,0.457916259765625,0.0970458984375,0.0927734375,0.102081298828125,0.023345947265625,0.095367431640625,0.087738037109375,0.096893310546875,-0.734100341796875,-1.38916015625,0.66070556640625,-1.256561279296875,-4.78175687789917
291,0.1455,-0.0,-0.0,-0.0,-0.0,-0.0,-0.0,3.9793148040771484,0.4573608338832855,-562.9224243164062,-166701.21875,32225.1328125,-1909.0233154296875,-0.0,-0.0,-0.0,-0.0,-0.0,-0.0,-0.0,-0.0,-0.0,-0.0,-0.0,-0.0,0.0106048583984375,0.00911712646484375,0.0144195556640625,0.016326904296875,0.01300811767578125,0.01575469970703125,0.0084686279296875,0.0231170654296875,0.00797271728515625,0.01209259033203125,0.0254058837890625,0.0148773193359375,0.01911163330078125,0.01148223876953125,0.00720977783203125,0.02964019775390625,0.095672607421875,0.16510009765625,0.098419189453125,0.109405517578125,0.267791748046875,0.107879638671875,0.0665283203125,0.07537841796875,0.13031005859375,0.09429931640625,0.0872802734375,0.09185791015625,0.779876708984375,0.81573486328125,-0.09979248046875,1.409912109375,7.71850061416626
292,0.146,-0.0,-0.0,-0.0,-0.0,-0.0,-0.0,2.552443742752075,0.9028472900390625,-561.0198974609375,-165918.0,32344.85546875,-1370.4808349609375,-0.0,-0.0,-0.0,-0.0,-0.0,-0.0,-0.0,-0.0,-0.0,-0.0,-0.0,-0.0,0.0048828125,0.00194549560546875,0.002899169921875,0.00362396240234375,0.00255584716796875,0.0032806396484375,0.00133514404296875,0.00789642333984375,0.0028228759765625,0.00484466552734375,0.015106201171875,-0.00095367431640625,0.00667572021484375,0.00194549560546875,0.00186920166015625,0.006866455078125,0.18951416015625,0.08758544921875,0.09033203125,0.07080078125,0.21453857421875,0.086212158203125,0.096588134765625,0.10223388671875,0.107574462890625,0.058746337890625,0.084686279296875,0.094757080078125,0.715484619140625,1.55029296875,-0.443115234375,1.37847900390625,8.93803882598877
293,0.1465,-0.0,-0.0,-0.0,-0.0,-0.0,-0.0,1.2215032577514648,1.2706869840621948,-561.8005981445312,-165991.875,32735.671875,-1139.6983642578125,-0.0,-0.0,-0.0,-0.0,-0.0,-0.0,-0.0,-0.0,-0.0,-0.0,-0.0,-0.0,-0.007476806640625,-0.00949859619140625,-0.0140380859375,-0.0145721435546875,-0.01354217529296875,-0.01445770263671875,-0.0093841552734375,-0.0228118896484375,-0.0067901611328125,-0.01094818115234375,-0.0211334228515625,-0.01583099365234375,-0.0159454345703125,-0.011749267578125,-0.00362396240234375,-0.029144287109375,0.036163330078125,0.013580322265625,0.0030517578125,0.09307861328125,-0.08453369140625,0.083160400390625,0.10498046875,0.10498046875,0.03814697265625,0.06927490234375,0.136260986328125,0.09735107421875,-0.3155517578125,-0.18524169921875,0.20294189453125,-1.201171875,-0.8182606101036072
294,0.147,-0.0,-0.0,-0.0,-0.0,-0.0,-0.0,0.2512144148349762,1.136164903640747,-564.6901245117188,-166823.03125,33302.921875,-881.7684326171875,-0.0,-0.0,-0.0,-0.0,-0.0,-0.0,-0.0,-0.0,-0.0,-0.0,-0.0,-0.0,-0.0034332275390625,-0.000457763671875,-0.003204345703125,-0.00400543212890625,-0.00255584716796875,-0.0014495849609375,-0.00148773193359375,-0.00507354736328125,-0.0022125244140625,-0.008544921875,-0.01399993896484375,-7.62939453125e-05,-0.0054168701171875,-0.001373291015625,0.00125885009765625,-0.0066375732421875,0.012664794921875,0.188140869140625,0.18096923828125,0.11199951171875,0.240631103515625,0.155487060546875,0.09613037109375,0.10589599609375,0.0872802734375,0.12725830078125,0.13580322265625,0.105133056640625,-1.0693359375,-1.35711669921875,0.53131103515625,-1.00311279296875,-4.78175687789917
295,0.1475,-0.0,-0.0,-0.0,-0.0,-0.0,-0.0,-0.841933012008667,0.9303073883056641,-567.6265258789062,-167742.8125,33649.609375,-593.0079345703125,-0.0,-0.0,-0.0,-0.0,-0.0,-0.0,-0.0,-0.0,-0.0,-0.0,-0.0,-0.0,0.00812530517578125,0.00946044921875,0.01323699951171875,0.017547607421875,0.01129150390625,0.01644134521484375,0.010528564453125,0.02399444580078125,0.00782012939453125,0.01495361328125,0.02277374267578125,0.01659393310546875,0.01575469970703125,0.010986328125,0.00492095947265625,0.02964019775390625,0.10162353515625,0.1544189453125,0.06195068359375,0.108184814453125,0.10162353515625,0.0872802734375,0.121917724609375,0.10345458984375,0.14495849609375,0.14434814453125,0.073699951171875,0.08209228515625,0.631561279296875,0.5303955078125,0.03448486328125,1.3134765625,8.93803882598877
296,0.148,-0.0,-0.0,-0.0,-0.0,-0.0,-0.0,-1.7451156377792358,0.3014644384384155,-574.468994140625,-169692.390625,34422.6640625,-492.8056640625,-0.0,-0.0,-0.0,-0.0,-0.0,-0.0,-0.0,-0.0,-0.0,-0.0,-0.0,-0.0,0.00385284423828125,0.0006103515625,0.00095367431640625,0.00408172607421875,0.0018310546875,0.00492095947265625,0.00286102294921875,0.0067901611328125,0.00152587890625,0.00431060791015625,0.01506805419921875,-0.00026702880859375,0.0098419189453125,0.0028228759765625,0.00049591064453125,0.00514984130859375,0.1904296875,-0.039520263671875,0.0994873046875,0.102996826171875,-0.194244384765625,0.093536376953125,0.106964111328125,0.10009765625,0.133209228515625,0.18035888671875,0.0738525390625,0.08575439453125,0.870361328125,1.5142822265625,-0.59722900390625,1.35955810546875,7.108732223510742
297,0.1485,-0.0,-0.0,-0.0,-0.0,-0.0,-0.0,-1.0030268430709839,-0.5564742088317871,-579.0768432617188,-171109.859375,35338.46875,-751.1947631835938,-0.0,-0.0,-0.0,-0.0,-0.0,-0.0,-0.0,-0.0,-0.0,-0.0,-0.0,-0.0,-0.0083160400390625,-0.00591278076171875,-0.0133514404296875,-0.0164031982421875,-0.0116729736328125,-0.01434326171875,-0.0101470947265625,-0.02185821533203125,-0.009613037109375,-0.0109100341796875,-0.02368927001953125,-0.01544952392578125,-0.01651763916015625,-0.009613037109375,-0.00347137451171875,-0.0299072265625,0.123748779296875,0.1953125,0.0994873046875,0.12298583984375,0.2642822265625,0.0927734375,0.042877197265625,0.100860595703125,0.1019287109375,0.11016845703125,0.116119384765625,0.1031494140625,-0.447845458984375,-0.40679931640625,0.21087646484375,-1.1737060546875,0.7061610817909241
298,0.149,-0.0,-0.0,-0.0,-0.0,-0.0,-0.0,-0.7636609077453613,-1.5581508874893188,-582.817138671875,-172265.765625,35885.4375,-834.9921875,-0.0,-0.0,-0.0,-0.0,-0.0,-0.0,-0.0,-0.0,-0.0,-0.0,-0.0,-0.0,-0.00415802001953125,-0.00164031982421875,-0.00148773193359375,-0.00141143798828125,-0.0016021728515625,-0.00347137451171875,-0.00347137451171875,-0.006561279296875,-0.0018310546875,-0.0057220458984375,-0.0124359130859375,0.00240325927734375,-0.00942230224609375,-0.00274658203125,-0.001220703125,-0.0030517578125,0.0726318359375,0.14739990234375,0.103912353515625,0.103302001953125,0.2728271484375,0.084686279296875,0.123748779296875,0.08209228515625,0.051422119140625,0.05584716796875,0.07232666015625,0.096893310546875,-0.387725830078125,-1.17828369140625,0.5609130859375,-1.324615478515625,-3.8671038150787354
299,0.1495,-0.0,-0.0,-0.0,-0.0,-0.0,-0.0,-1.7237029075622559,-1.882330298423767,-588.9485473632812,-173461.875,36397.08203125,-708.822998046875,-0.0,-0.0,-0.0,-0.0,-0.0,-0.0,-0.0,-0.0,-0.0,-0.0,-0.0,-0.0,0.0067138671875,0.00946044921875,0.01422882080078125,0.0179290771484375,0.01346588134765625,0.015106201171875,0.009002685546875,0.0251007080078125,0.00553131103515625,0.008697509765625,0.0231170654296875,0.0162506103515625,0.01659393310546875,0.012359619140625,0.00598907470703125,0.02941131591796875,0.18707275390625,0.183258056640625,0.06988525390625,0.070953369140625,0.189208984375,0.054473876953125,0.099639892578125,0.10223388671875,0.074615478515625,0.14251708984375,0.0518798828125,0.0994873046875,0.0665283203125,0.44036865234375,-0.02166748046875,1.1431884765625,10.157575607299805
300,0.15,-0.0,-0.0,-0.0,-0.0,-0.0,-0.0,-2.2302627563476562,-2.4458727836608887,-593.4156494140625,-174717.0,37143.31640625,-692.9571533203125,-0.0,-0.0,-0.0,-0.0,-0.0,-0.0,-0.0,-0.0,-0.0,-0.0,-0.0,-0.0,0.00446319580078125,0.00339508056640625,0.00316619873046875,0.00408172607421875,0.00152587890625,0.00324249267578125,0.0026702880859375,0.00823974609375,0.002899169921875,0.00690460205078125,0.0156402587890625,-0.0003814697265625,0.0083160400390625,0.00263214111328125,0.001220703125,0.0064849853515625,0.2313232421875,0.125274658203125,0.032196044921875,0.077972412109375,0.105133056640625,0.088043212890625,0.02105712890625,0.07568359375,0.1129150390625,0.049285888671875,0.089111328125,0.104827880859375,1.042938232421875,1.73065185546875,-0.2825927734375,1.27105712890625,8.633153915405273
301,0.1505,-0.0,-0.0,-0.0,-0.0,-0.0,-0.0,-2.2593836784362793,-2.3173904418945312,-600.9152221679688,-176532.984375,37533.74609375,-673.2598266601562,-0.0,-0.0,-0.0,-0.0,-0.0,-0.0,-0.0,-0.0,-0.0,-0.0,-0.0,-0.0,-0.0070953369140625,-0.0069427490234375,-0.01239776611328125,-0.01537322998046875,-0.0115966796875,-0.0168609619140625,-0.007781982421875,-0.02506256103515625,-0.00560760498046875,-0.00965118408203125,-0.0214385986328125,-0.0106048583984375,-0.01239776611328125,-0.0106048583984375,-0.0060272216796875,-0.0284576416015625,0.0726318359375,-0.013580322265625,0.153350830078125,0.1165771484375,0.251007080078125,0.11566162109375,0.109710693359375,0.1165771484375,0.10498046875,0.13275146484375,0.111541748046875,0.11749267578125,0.11322021484375,-0.27984619140625,0.69976806640625,-0.872039794921875,-2.0377979278564453
302,0.151,-0.0,-0.0,-0.0,-0.0,-0.0,-0.0,-2.2201054096221924,-2.40541934967041,-606.3339233398438,-177705.25,37906.26953125,-794.2427368164062,-0.0,-0.0,-0.0,-0.0,-0.0,-0.0,-0.0,-0.0,-0.0,-0.0,-0.0,-0.0,-0.0031280517578125,-0.00415802001953125,-0.00209808349609375,-0.0023651123046875,7.62939453125e-05,-0.0042724609375,-0.00446319580078125,-0.00644683837890625,-0.00118255615234375,-0.00698089599609375,-0.0151824951171875,-0.00034332275390625,-0.01140594482421875,-0.00164031982421875,-0.00179290771484375,-0.00553131103515625,-0.0244140625,-0.012664794921875,0.08270263671875,0.059814453125,0.008697509765625,0.088958740234375,0.092926025390625,0.09552001953125,0.092315673828125,0.10711669921875,0.1177978515625,0.102386474609375,-0.768585205078125,-1.1785888671875,0.41473388671875,-1.230621337890625,-2.0377979278564453
303,0.1515,-0.0,-0.0,-0.0,-0.0,-0.0,-0.0,-1.5467119216918945,-2.4956512451171875,-610.0610961914062,-178494.828125,38151.98046875,-960.21728515625,-0.0,-0.0,-0.0,-0.0,-0.0,-0.0,-0.0,-0.0,-0.0,-0.0,-0.0,-0.0,0.00720977783203125,0.00843048095703125,0.0115203857421875,0.0180816650390625,0.0115203857421875,0.0167083740234375,0.009307861328125,0.0249481201171875,0.00827789306640625,0.0080108642578125,0.0238037109375,0.0109100341796875,0.01712799072265625,0.0112152099609375,0.00507354736328125,0.029296875,0.137786865234375,0.037078857421875,0.11383056640625,0.052032470703125,0.026092529296875,0.124053955078125,0.094146728515625,0.087127685546875,0.089263916015625,0.097503662109375,0.0531005859375,0.091552734375,0.32440185546875,0.390625,-0.3045654296875,1.18804931640625,12.901535034179688
304,0.152,-0.0,-0.0,-0.0,-0.0,-0.0,-0.0,-0.4559967815876007,-2.396585464477539,-612.1785888671875,-179123.125,38093.11328125,-1418.4248046875,-0.0,-0.0,-0.0,-0.0,-0.0,-0.0,-0.0,-0.0,-0.0,-0.0,-0.0,-0.0,0.004119873046875,0.00240325927734375,0.00392913818359375,0.0035858154296875,0.0035858154296875,0.00362396240234375,0.00148773193359375,0.00705718994140625,0.0016021728515625,0.009002685546875,0.01514434814453125,-0.0018310546875,0.0092315673828125,0.00141143798828125,0.00049591064453125,0.0054168701171875,0.0238037109375,0.11566162109375,0.134735107421875,0.075836181640625,0.192413330078125,0.106964111328125,0.095672607421875,0.108184814453125,0.068206787109375,0.08392333984375,0.123748779296875,0.08941650390625,1.124420166015625,1.53076171875,-0.357666015625,1.4642333984375,-3.5622196197509766
305,0.1525,-0.0,-0.0,-0.0,-0.0,-0.0,-0.0,0.5450004935264587,-1.575161099433899,-615.5895385742188,-179389.578125,38220.19140625,-1697.4293212890625,-0.0,-0.0,-0.0,-0.0,-0.0,-0.0,-0.0,-0.0,-0.0,-0.0,-0.0,-0.0,-0.0079345703125,-0.0081634521484375,-0.0141143798828125,-0.01605987548828125,-0.01079559326171875,-0.01575469970703125,-0.00736236572265625,-0.0238037109375,-0.0072479248046875,-0.01110076904296875,-0.0225067138671875,-0.0125885009765625,-0.01483917236328125,-0.01018524169921875,-0.0048065185546875,-0.02796173095703125,0.088348388671875,0.1263427734375,0.11077880859375,0.09918212890625,0.197601318359375,0.0909423828125,0.098724365234375,0.107574462890625,0.064239501953125,0.0823974609375,0.17669677734375,0.092010498046875,-0.12908935546875,0.0592041015625,0.31890869140625,-1.008758544921875,5.889194965362549
306,0.153,-0.0,-0.0,-0.0,-0.0,-0.0,-0.0,0.7836436033248901,-0.4661750793457031,-615.86962890625,-179499.34375,38462.8359375,-1628.2171630859375,-0.0,-0.0,-0.0,-0.0,-0.0,-0.0,-0.0,-0.0,-0.0,-0.0,-0.0,-0.0,-0.00213623046875,-0.00308990478515625,-0.00240325927734375,-0.00331878662109375,-0.0023651123046875,-0.00354766845703125,-0.00194549560546875,-0.00598907470703125,-0.00194549560546875,-0.006866455078125,-0.013580322265625,0.00064849853515625,-0.00576019287109375,-0.0025177001953125,0.000152587890625,-0.0054168701171875,0.13702392578125,0.119781494140625,0.1470947265625,0.130615234375,0.148773193359375,0.10162353515625,0.09063720703125,0.091552734375,0.04852294921875,0.10345458984375,0.10772705078125,0.095977783203125,-0.65338134765625,-1.35223388671875,0.21453857421875,-0.8172607421875,-2.342682361602783
307,0.1535,-0.0,-0.0,-0.0,-0.0,-0.0,-0.0,0.516295850276947,0.30721884965896606,-616.689697265625,-179207.640625,38362.5859375,-1582.6666259765625,-0.0,-0.0,-0.0,-0.0,-0.0,-0.0,-0.0,-0.0,-0.0,-0.0,-0.0,-0.0,0.00751495361328125,0.0086212158203125,0.01373291015625,0.01705169677734375,0.01171112060546875,0.0148773193359375,0.0079345703125,0.02414703369140625,0.00774383544921875,0.01102447509765625,0.0260162353515625,0.01628875732421875,0.01552581787109375,0.0107574462890625,0.0046539306640625,0.02964019775390625,0.12939453125,0.136260986328125,0.06591796875,0.138397216796875,0.02838134765625,0.086212158203125,0.082855224609375,0.093231201171875,0.05096435546875,0.120849609375,0.015869140625,0.085906982421875,0.251312255859375,0.58685302734375,0.0006103515625,1.348114013671875,11.377113342285156
308,0.154,-0.0,-0.0,-0.0,-0.0,-0.0,-0.0,0.9506871700286865,0.52547287940979,-613.9479370117188,-178598.765625,38505.125,-1630.356689453125,-0.0,-0.0,-0.0,-0.0,-0.0,-0.0,-0.0,-0.0,-0.0,-0.0,-0.0,-0.0,0.00308990478515625,0.001373291015625,0.002899169921875,0.00453948974609375,0.002288818359375,0.003662109375,0.00072479248046875,0.00690460205078125,0.00240325927734375,0.00484466552734375,0.01636505126953125,-0.000762939453125,0.00820159912109375,0.0020599365234375,0.00324249267578125,0.00484466552734375,0.103759765625,0.089111328125,0.070953369140625,0.11383056640625,-0.111846923828125,0.135650634765625,0.104827880859375,0.11505126953125,0.058441162109375,-0.005340576171875,0.116729736328125,0.113525390625,0.568084716796875,1.50177001953125,-0.25115966796875,1.3946533203125,9.24292278289795
309,0.1545,-0.0,-0.0,-0.0,-0.0,-0.0,-0.0,1.178147315979004,0.03996666520833969,-611.3419189453125,-177649.0625,38488.05078125,-1770.889892578125,-0.0,-0.0,-0.0,-0.0,-0.0,-0.0,-0.0,-0.0,-0.0,-0.0,-0.0,-0.0,-0.00675201416015625,-0.0087738037109375,-0.0121307373046875,-0.01621246337890625,-0.01125335693359375,-0.01293182373046875,-0.01094818115234375,-0.02361297607421875,-0.00759124755859375,-0.0080108642578125,-0.0247955322265625,-0.01316070556640625,-0.0138092041015625,-0.0113677978515625,-0.00347137451171875,-0.03032684326171875,0.0469970703125,0.01953125,0.0933837890625,0.106353759765625,-0.0006103515625,0.122222900390625,0.099029541015625,0.107269287109375,0.040435791015625,0.0531005859375,0.179443359375,0.08209228515625,-0.10009765625,-0.2899169921875,0.264892578125,-0.954437255859375,1.6208140850067139
310,0.155,-0.0,-0.0,-0.0,-0.0,-0.0,-0.0,0.9451570510864258,0.22734177112579346,-608.8106689453125,-177052.953125,38536.96875,-1608.3411865234375,-0.0,-0.0,-0.0,-0.0,-0.0,-0.0,-0.0,-0.0,-0.0,-0.0,-0.0,-0.0,-0.00217437744140625,0.0018310546875,-0.0012969970703125,-0.0025177001953125,-0.0025177001953125,-0.0035858154296875,0.00064849853515625,-0.00522613525390625,-0.00186920166015625,-0.0054168701171875,-0.0174713134765625,-0.00102996826171875,-0.009918212890625,0.00057220458984375,0.00080108642578125,-0.0048065185546875,0.109100341796875,0.125885009765625,0.101318359375,0.101318359375,0.1544189453125,0.10498046875,0.085296630859375,0.103302001953125,0.05767822265625,0.084991455078125,0.114288330078125,0.081939697265625,-0.41717529296875,-1.5802001953125,0.1397705078125,-0.972747802734375,-2.95245099067688
311,0.1555,-0.0,-0.0,-0.0,-0.0,-0.0,-0.0,1.1017838716506958,0.2361614853143692,-607.7874755859375,-176621.921875,38271.3203125,-1595.21142578125,-0.0,-0.0,-0.0,-0.0,-0.0,-0.0,-0.0,-0.0,-0.0,-0.0,-0.0,-0.0,0.0084686279296875,0.0081634521484375,0.01300811767578125,0.01678466796875,0.01171112060546875,0.0165557861328125,0.0112152099609375,0.02414703369140625,0.00759124755859375,0.0107574462890625,0.02655029296875,0.0147247314453125,0.0183868408203125,0.011138916015625,0.0077056884765625,0.02872467041015625,0.01312255859375,0.08453369140625,0.071258544921875,0.102386474609375,0.055694580078125,0.108489990234375,0.092315673828125,0.09857177734375,0.125274658203125,0.113525390625,0.062255859375,0.09796142578125,0.310821533203125,0.399169921875,0.1409912109375,1.2982177734375,9.852691650390625
312,0.156,-0.0,-0.0,-0.0,-0.0,-0.0,-0.0,2.1498372554779053,0.7356656789779663,-605.8975830078125,-175777.671875,37939.703125,-1852.468017578125,-0.0,-0.0,-0.0,-0.0,-0.0,-0.0,-0.0,-0.0,-0.0,-0.0,-0.0,-0.0,0.0041961669921875,0.0009918212890625,0.00164031982421875,0.00270843505859375,0.0012969970703125,0.0037384033203125,0.0040435791015625,0.00606536865234375,0.0017547607421875,0.00457763671875,0.0154876708984375,0.0014495849609375,0.00766754150390625,0.00179290771484375,0.00110626220703125,0.00400543212890625,0.20904541015625,-0.039520263671875,0.0433349609375,0.0885009765625,0.075531005859375,0.10101318359375,0.0396728515625,0.09552001953125,0.081024169921875,0.122528076171875,0.100250244140625,0.111083984375,0.967254638671875,1.88995361328125,-0.284423828125,1.05438232421875,10.76734447479248
313,0.1565,-0.0,-0.0,-0.0,-0.0,-0.0,-0.0,2.7741451263427734,0.23574332892894745,-600.4971923828125,-174479.109375,37548.421875,-2087.046875,-0.0,-0.0,-0.0,-0.0,-0.0,-0.0,-0.0,-0.0,-0.0,-0.0,-0.0,-0.0,-0.008697509765625,-0.0093841552734375,-0.0121307373046875,-0.01689910888671875,-0.01033782958984375,-0.01491546630859375,-0.00972747802734375,-0.02368927001953125,-0.006866455078125,-0.009613037109375,-0.02353668212890625,-0.01377105712890625,-0.01628875732421875,-0.010833740234375,-0.00568389892578125,-0.03032684326171875,0.100860595703125,0.053863525390625,0.121612548828125,0.085906982421875,0.02166748046875,0.0946044921875,0.1080322265625,0.099945068359375,0.068206787109375,0.129241943359375,0.1092529296875,0.12847900390625,-0.013275146484375,-0.086669921875,0.12359619140625,-1.075897216796875,-0.5133762359619141
314,0.157,-0.0,-0.0,-0.0,-0.0,-0.0,-0.0,3.260437488555908,0.3565216064453125,-597.8076171875,-173909.09375,37217.48828125,-1956.934326171875,-0.0,-0.0,-0.0,-0.0,-0.0,-0.0,-0.0,-0.0,-0.0,-0.0,-0.0,-0.0,-0.00240325927734375,-0.00217437744140625,-0.00064849853515625,-0.0011444091796875,-0.0012969970703125,-0.00514984130859375,-0.00240325927734375,-0.0048065185546875,-0.0012969970703125,-0.0052642822265625,-0.016326904296875,0.00164031982421875,-0.0101470947265625,-0.001068115234375,0.00095367431640625,-0.00431060791015625,0.092620849609375,0.19134521484375,0.131988525390625,0.106964111328125,0.02899169921875,0.114898681640625,0.11871337890625,0.09918212890625,0.08575439453125,0.075531005859375,0.0653076171875,0.10528564453125,-0.449371337890625,-1.5179443359375,0.4241943359375,-0.98297119140625,-1.732913613319397
315,0.1575,-0.0,-0.0,-0.0,-0.0,-0.0,-0.0,2.6595823764801025,0.8509182929992676,-597.2604370117188,-173759.890625,36918.55859375,-1542.021728515625,-0.0,-0.0,-0.0,-0.0,-0.0,-0.0,-0.0,-0.0,-0.0,-0.0,-0.0,-0.0,0.00728607177734375,0.01018524169921875,0.012359619140625,0.01865386962890625,0.00988006591796875,0.01659393310546875,0.0087738037109375,0.025177001953125,0.00705718994140625,0.0113677978515625,0.02735137939453125,0.0160980224609375,0.01895904541015625,0.0096893310546875,0.00644683837890625,0.03025054931640625,-0.003662109375,0.203857421875,0.123291015625,0.0958251953125,0.0335693359375,0.08026123046875,0.110626220703125,0.140380859375,0.120391845703125,0.14007568359375,0.07049560546875,0.115814208984375,0.4071044921875,0.37384033203125,0.32073974609375,1.424407958984375,9.24292278289795
316,0.158,-0.0,-0.0,-0.0,-0.0,-0.0,-0.0,2.0441396236419678,1.4747482538223267,-600.759033203125,-174717.1875,36698.22265625,-1370.98583984375,-0.0,-0.0,-0.0,-0.0,-0.0,-0.0,-0.0,-0.0,-0.0,-0.0,-0.0,-0.0,0.00518798828125,0.00217437744140625,0.002593994140625,0.00179290771484375,0.00179290771484375,0.00240325927734375,0.00232696533203125,0.00560760498046875,0.00213623046875,0.00530242919921875,0.01277923583984375,-0.0008392333984375,0.00812530517578125,0.00213623046875,7.62939453125e-05,0.0031280517578125,0.083770751953125,0.1287841796875,-0.025482177734375,0.09613037109375,-0.01617431640625,0.09918212890625,0.09368896484375,0.0860595703125,0.1165771484375,0.094146728515625,0.102691650390625,0.098114013671875,0.706787109375,1.571044921875,-0.4913330078125,1.0321044921875,11.07222843170166
317,0.1585,-0.0,-0.0,-0.0,-0.0,-0.0,-0.0,3.06563663482666,0.9885110855102539,-606.4419555664062,-176333.125,36768.328125,-1512.5870361328125,-0.0,-0.0,-0.0,-0.0,-0.0,-0.0,-0.0,-0.0,-0.0,-0.0,-0.0,-0.0,-0.00713348388671875,-0.008392333984375,-0.0130462646484375,-0.01667022705078125,-0.01087188720703125,-0.01384735107421875,-0.0110626220703125,-0.0240325927734375,-0.00881195068359375,-0.01125335693359375,-0.02544403076171875,-0.01422882080078125,-0.0183868408203125,-0.0092315673828125,-0.0038909912109375,-0.02960205078125,0.0823974609375,0.09521484375,0.062255859375,0.132904052734375,0.10467529296875,0.1129150390625,0.09918212890625,0.096893310546875,0.117034912109375,0.08453369140625,0.105743408203125,0.088348388671875,-0.294952392578125,-0.17486572265625,0.05401611328125,-1.340484619140625,-1.4280292987823486
318,0.159,-0.0,-0.0,-0.0,-0.0,-0.0,-0.0,4.549736022949219,0.29217857122421265,-611.3502807617188,-178163.203125,36570.484375,-1930.8612060546875,-0.0,-0.0,-0.0,-0.0,-0.0,-0.0,-0.0,-0.0,-0.0,-0.0,-0.0,-0.0,-0.0026702880859375,-0.00011444091796875,-0.001373291015625,-0.00164031982421875,-0.00034332275390625,-0.0017547607421875,-0.0019073486328125,-0.00385284423828125,-0.003509521484375,-0.004730224609375,-0.0112152099609375,0.00118255615234375,-0.00797271728515625,-0.0022125244140625,0.00030517578125,-0.0035858154296875,0.037078857421875,0.09368896484375,0.13031005859375,0.14801025390625,0.4132080078125,0.138702392578125,0.106048583984375,0.121612548828125,0.097503662109375,0.10528564453125,0.13885498046875,0.077972412109375,-0.536346435546875,-1.4013671875,0.396728515625,-0.9075927734375,-1.732913613319397
319,0.1595,-0.0,-0.0,-0.0,-0.0,-0.0,-0.0,5.635756969451904,-0.6393938064575195,-615.5926513671875,-179616.625,36760.64453125,-2397.2197265625,-0.0,-0.0,-0.0,-0.0,-0.0,-0.0,-0.0,-0.0,-0.0,-0.0,-0.0,-0.0,0.00904083251953125,0.00762939453125,0.01308441162109375,0.01678466796875,0.0122833251953125,0.016021728515625,0.0096893310546875,0.024871826171875,0.00705718994140625,0.01010894775390625,0.027618408203125,0.01651763916015625,0.01934051513671875,0.011138916015625,0.00644683837890625,0.0301361083984375,0.11962890625,0.077056884765625,0.157623291015625,0.07232666015625,0.03387451171875,0.107421875,0.10528564453125,0.104217529296875,0.120391845703125,0.1019287109375,0.137481689453125,0.0909423828125,0.315093994140625,0.6787109375,0.18524169921875,1.456298828125,10.76734447479248
320,0.16,-0.0,-0.0,-0.0,-0.0,-0.0,-0.0,6.170801162719727,-2.414151906967163,-619.5078125,-180998.8125,37222.44140625,-2547.54541015625,-0.0,-0.0,-0.0,-0.0,-0.0,-0.0,-0.0,-0.0,-0.0,-0.0,-0.0,-0.0,0.00385284423828125,0.00217437744140625,0.00152587890625,0.002899169921875,0.0009918212890625,0.003509521484375,0.00408172607421875,0.00576019287109375,0.00102996826171875,0.0048065185546875,0.013427734375,-0.0006866455078125,0.00766754150390625,0.00293731689453125,-0.000457763671875,0.00324249267578125,0.07659912109375,0.0738525390625,0.1373291015625,0.06378173828125,0.06591796875,0.06011962890625,0.06072998046875,0.0872802734375,0.13458251953125,0.051422119140625,0.0909423828125,0.10894775390625,0.6317138671875,1.4593505859375,-0.55755615234375,1.209259033203125,12.291766166687012
321,0.1605,-0.0,-0.0,-0.0,-0.0,-0.0,-0.0,5.984576225280762,-2.7371411323547363,-620.5963134765625,-181660.28125,37271.12890625,-2430.79443359375,-0.0,-0.0,-0.0,-0.0,-0.0,-0.0,-0.0,-0.0,-0.0,-0.0,-0.0,-0.0,-0.006561279296875,-0.009613037109375,-0.01117706298828125,-0.0189971923828125,-0.01224517822265625,-0.01499176025390625,-0.0106048583984375,-0.02285003662109375,-0.00835418701171875,-0.01068115234375,-0.02414703369140625,-0.01338958740234375,-0.02044677734375,-0.01155853271484375,-0.0031280517578125,-0.0304412841796875,0.13946533203125,0.085906982421875,-0.00396728515625,0.066070556640625,0.05645751953125,0.074615478515625,0.09735107421875,0.086669921875,0.14617919921875,0.098114013671875,0.079345703125,0.10833740234375,-0.06866455078125,0.1129150390625,0.2093505859375,-1.045379638671875,-0.20849192142486572
322,0.161,-0.0,-0.0,-0.0,-0.0,-0.0,-0.0,5.5571818351745605,-3.338698387145996,-621.7586059570312,-181417.484375,37798.88671875,-2334.885009765625,-0.0,-0.0,-0.0,-0.0,-0.0,-0.0,-0.0,-0.0,-0.0,-0.0,-0.0,-0.0,-0.00171661376953125,-0.0005340576171875,-0.00133514404296875,-0.0018310546875,-0.0017547607421875,-0.00370025634765625,-0.0020599365234375,-0.00293731689453125,3.814697265625e-05,-0.00576019287109375,-0.01522064208984375,0.0029754638671875,-0.0078582763671875,-0.0012969970703125,0.00152587890625,-0.00469207763671875,0.081329345703125,0.186614990234375,0.124664306640625,0.080718994140625,0.17364501953125,0.089569091796875,0.12359619140625,0.098419189453125,0.16571044921875,0.176849365234375,0.087738037109375,0.1092529296875,-0.55877685546875,-1.6485595703125,0.6353759765625,-0.671539306640625,-1.4280292987823486
323,0.1615,-0.0,-0.0,-0.0,-0.0,-0.0,-0.0,5.070502281188965,-2.9677634239196777,-619.8881225585938,-181112.59375,38040.9453125,-1978.6934814453125,-0.0,-0.0,-0.0,-0.0,-0.0,-0.0,-0.0,-0.0,-0.0,-0.0,-0.0,-0.0,0.00843048095703125,0.00782012939453125,0.0140380859375,0.01758575439453125,0.0124359130859375,0.01453399658203125,0.00995635986328125,0.02445220947265625,0.00762939453125,0.012664794921875,0.0238800048828125,0.01636505126953125,0.0173187255859375,0.012359619140625,0.0045013427734375,0.03002166748046875,0.07568359375,0.113677978515625,0.09490966796875,0.10040283203125,-0.18035888671875,0.113067626953125,0.107421875,0.097808837890625,0.155792236328125,0.102996826171875,0.10284423828125,0.0982666015625,0.354766845703125,0.26519775390625,0.032958984375,1.3372802734375,10.76734447479248
324,0.162,-0.0,-0.0,-0.0,-0.0,-0.0,-0.0,4.1858110427856445,-2.207030773162842,-619.073974609375,-180819.65625,38205.09765625,-1757.350830078125,-0.0,-0.0,-0.0,-0.0,-0.0,-0.0,-0.0,-0.0,-0.0,-0.0,-0.0,-0.0,0.00453948974609375,0.00335693359375,0.0022125244140625,0.0028228759765625,0.0014495849609375,0.00293731689453125,0.001983642578125,0.004730224609375,0.0012969970703125,0.0067138671875,0.01285552978515625,-0.00164031982421875,0.00926971435546875,0.0020599365234375,0.00232696533203125,0.00293731689453125,0.130767822265625,0.12451171875,0.14801025390625,0.112152099609375,0.19378662109375,0.10711669921875,0.107421875,0.1019287109375,0.151824951171875,0.109100341796875,0.093231201171875,0.089874267578125,0.83465576171875,1.66259765625,-0.36224365234375,1.3311767578125,0.09639240801334381
325,0.1625,-0.0,-0.0,-0.0,-0.0,-0.0,-0.0,3.863240957260132,-1.9539085626602173,-620.9179077148438,-181447.015625,38935.2265625,-1583.897216796875,-0.0,-0.0,-0.0,-0.0,-0.0,-0.0,-0.0,-0.0,-0.0,-0.0,-0.0,-0.0,-0.00705718994140625,-0.0075531005859375,-0.0116729736328125,-0.01628875732421875,-0.01308441162109375,-0.01445770263671875,-0.01071929931640625,-0.0223541259765625,-0.00720977783203125,-0.01155853271484375,-0.02376556396484375,-0.013275146484375,-0.02166748046875,-0.01125335693359375,-0.0051116943359375,-0.02941131591796875,0.17822265625,0.17730712890625,0.102996826171875,0.113525390625,0.18524169921875,0.098876953125,0.096282958984375,0.094451904296875,0.15533447265625,0.09735107421875,0.081024169921875,0.063018798828125,-0.128326416015625,-0.08392333984375,0.38665771484375,-1.01959228515625,1.0110454559326172
326,0.163,-0.0,-0.0,-0.0,-0.0,-0.0,-0.0,3.2595839500427246,-2.2350547313690186,-622.4931640625,-181965.03125,39557.671875,-1516.518310546875,-0.0,-0.0,-0.0,-0.0,-0.0,-0.0,-0.0,-0.0,-0.0,-0.0,-0.0,-0.0,-0.00335693359375,-0.00064849853515625,-0.00133514404296875,-0.00335693359375,0.00034332275390625,-0.001678466796875,-0.00179290771484375,-0.004730224609375,-0.00194549560546875,-0.0051116943359375,-0.01262664794921875,0.0019073486328125,-0.00720977783203125,-0.00156402587890625,-0.00179290771484375,-0.00370025634765625,-0.01861572265625,-0.029144287109375,0.03753662109375,0.107574462890625,0.107574462890625,0.08148193359375,0.09063720703125,0.081634521484375,0.144500732421875,0.102691650390625,0.067138671875,0.059661865234375,-0.56610107421875,-1.4190673828125,0.220947265625,-1.01409912109375,-0.5133762359619141
327,0.1635,-0.0,-0.0,-0.0,-0.0,-0.0,-0.0,3.9319214820861816,-2.810934066772461,-624.5855102539062,-182165.234375,39467.62890625,-1600.22265625,-0.0,-0.0,-0.0,-0.0,-0.0,-0.0,-0.0,-0.0,-0.0,-0.0,-0.0,-0.0,0.00904083251953125,0.00942230224609375,0.01277923583984375,0.01720428466796875,0.01186370849609375,0.0154876708984375,0.00911712646484375,0.0251007080078125,0.00591278076171875,0.0121307373046875,0.0225067138671875,0.01537322998046875,0.01873016357421875,0.011138916015625,0.00579833984375,0.0299835205078125,0.093536376953125,-0.18341064453125,0.077667236328125,0.103607177734375,0.196990966796875,0.088348388671875,0.102386474609375,0.089874267578125,0.123443603515625,0.097808837890625,0.13824462890625,0.08880615234375,0.468292236328125,0.11566162109375,0.0567626953125,0.99365234375,9.852691650390625
328,0.164,-0.0,-0.0,-0.0,-0.0,-0.0,-0.0,4.275557518005371,-2.9065496921539307,-621.3812255859375,-181884.09375,39634.54296875,-1568.9449462890625,-0.0,-0.0,-0.0,-0.0,-0.0,-0.0,-0.0,-0.0,-0.0,-0.0,-0.0,-0.0,0.00278472900390625,0.00400543212890625,0.00202178955078125,0.0018310546875,0.00156402587890625,0.00293731689453125,0.00286102294921875,0.00431060791015625,0.00301361083984375,0.00644683837890625,0.0140380859375,-0.0032806396484375,0.0099945068359375,0.00274658203125,-0.0014495849609375,0.0031280517578125,0.117950439453125,0.134124755859375,0.137481689453125,0.1202392578125,0.157470703125,0.14129638671875,0.082244873046875,0.12054443359375,0.090484619140625,0.125732421875,0.142822265625,0.116729736328125,1.021270751953125,1.9549560546875,-0.47149658203125,1.398162841796875,9.852691650390625
329,0.1645,-0.0,-0.0,-0.0,-0.0,-0.0,-0.0,4.307629585266113,-2.7757935523986816,-619.1243896484375,-180894.203125,39592.6171875,-1364.128662109375,-0.0,-0.0,-0.0,-0.0,-0.0,-0.0,-0.0,-0.0,-0.0,-0.0,-0.0,-0.0,-0.0081634521484375,-0.0078582763671875,-0.01224517822265625,-0.0156402587890625,-0.011749267578125,-0.01499176025390625,-0.0095367431640625,-0.02407073974609375,-0.00667572021484375,-0.01285552978515625,-0.02124786376953125,-0.01209259033203125,-0.0180816650390625,-0.01125335693359375,-0.00423431396484375,-0.0299835205078125,0.096588134765625,0.162200927734375,0.13885498046875,0.116729736328125,0.29876708984375,0.116729736328125,0.10894775390625,0.111846923828125,0.116119384765625,0.14007568359375,0.1263427734375,0.135040283203125,-0.04486083984375,0.00823974609375,0.49560546875,-0.70404052734375,-0.8182606101036072
330,0.165,-0.0,-0.0,-0.0,-0.0,-0.0,-0.0,3.5269501209259033,-2.69655179977417,-613.9412231445312,-179539.203125,39942.09765625,-1276.1231689453125,-0.0,-0.0,-0.0,-0.0,-0.0,-0.0,-0.0,-0.0,-0.0,-0.0,-0.0,-0.0,-0.00202178955078125,-0.00438690185546875,-0.00057220458984375,-0.00194549560546875,0.00011444091796875,-0.0038909912109375,-0.00335693359375,-0.00499725341796875,-3.814697265625e-05,-0.003509521484375,-0.01434326171875,0.0,-0.00965118408203125,-0.00091552734375,0.0012969970703125,-0.00247955322265625,0.1202392578125,0.14068603515625,0.090789794921875,0.1025390625,-0.135650634765625,0.0750732421875,0.095367431640625,0.099029541015625,0.11077880859375,0.088348388671875,0.0799560546875,0.12420654296875,-0.63690185546875,-1.81793212890625,0.3411865234375,-1.212921142578125,-3.2573351860046387
331,0.1655,-0.0,-0.0,-0.0,-0.0,-0.0,-0.0,3.6869139671325684,-1.217208743095398,-610.788330078125,-178060.125,39717.4296875,-1041.0057373046875,-0.0,-0.0,-0.0,-0.0,-0.0,-0.0,-0.0,-0.0,-0.0,-0.0,-0.0,-0.0,0.00873565673828125,0.01033782958984375,0.0135040283203125,0.01842498779296875,0.01148223876953125,0.016937255859375,0.0087738037109375,0.02437591552734375,0.0078582763671875,0.01171112060546875,0.0251007080078125,0.0125885009765625,0.0222015380859375,0.01010894775390625,0.00518798828125,0.02986907958984375,-0.098419189453125,0.07720947265625,0.080108642578125,0.0933837890625,0.214080810546875,0.0897216796875,0.0830078125,0.078887939453125,0.129241943359375,0.092620849609375,0.077362060546875,0.1177978515625,0.438079833984375,0.25787353515625,-0.015869140625,1.238250732421875,9.547806739807129
332,0.166,-0.0,-0.0,-0.0,-0.0,-0.0,-0.0,3.3899993896484375,-0.8556755781173706,-604.7852783203125,-176699.96875,39604.73828125,-695.574462890625,-0.0,-0.0,-0.0,-0.0,-0.0,-0.0,-0.0,-0.0,-0.0,-0.0,-0.0,-0.0,0.00316619873046875,0.00125885009765625,0.00217437744140625,0.00133514404296875,0.001373291015625,0.0028228759765625,0.00514984130859375,0.0042724609375,-0.0022125244140625,0.00644683837890625,0.014495849609375,-0.00064849853515625,0.0092315673828125,0.00049591064453125,-7.62939453125e-05,0.00232696533203125,0.2703857421875,0.110626220703125,0.09124755859375,0.091094970703125,0.115966796875,0.08514404296875,0.10162353515625,0.08697509765625,0.1324462890625,0.072479248046875,0.101470947265625,0.092315673828125,1.00494384765625,2.02911376953125,-0.28778076171875,1.378173828125,8.023386001586914
333,0.1665,-0.0,-0.0,-0.0,-0.0,-0.0,-0.0,1.3856865167617798,0.7188852429389954,-599.5113525390625,-174979.15625,39545.75,-27.09258460998535,-0.0,-0.0,-0.0,-0.0,-0.0,-0.0,-0.0,-0.0,-0.0,-0.0,-0.0,-0.0,-0.00888824462890625,-0.00949859619140625,-0.01148223876953125,-0.01644134521484375,-0.01171112060546875,-0.01705169677734375,-0.00965118408203125,-0.02452850341796875,-0.0072479248046875,-0.0135040283203125,-0.0196075439453125,-0.01201629638671875,-0.01983642578125,-0.011138916015625,-0.005035400390625,-0.0283050537109375,0.19500732421875,0.121002197265625,0.111083984375,0.09033203125,0.10101318359375,0.12176513671875,0.1007080078125,0.09735107421875,0.118560791015625,0.08819580078125,0.091552734375,0.0848388671875,-0.216827392578125,0.48492431640625,0.22979736328125,-0.822601318359375,0.09639240801334381
334,0.167,-0.0,-0.0,-0.0,-0.0,-0.0,-0.0,0.69095778465271,1.342632532119751,-601.9614868164062,-175340.578125,39852.55078125,324.435302734375,-0.0,-0.0,-0.0,-0.0,-0.0,-0.0,-0.0,-0.0,-0.0,-0.0,-0.0,-0.0,-0.001983642578125,0.00041961669921875,-0.00064849853515625,-0.0019073486328125,-0.0003814697265625,-0.0037384033203125,-0.00125885009765625,-0.00308990478515625,-0.00125885009765625,-0.007476806640625,-0.013580322265625,0.00324249267578125,-0.00904083251953125,0.0006103515625,-0.00133514404296875,-0.00301361083984375,0.1275634765625,0.30426025390625,0.223236083984375,0.09124755859375,-0.0604248046875,0.087738037109375,0.100555419921875,0.10589599609375,0.114593505859375,0.070343017578125,0.071258544921875,0.08056640625,-0.94268798828125,-1.85638427734375,0.548095703125,-1.27471923828125,-4.171988487243652
335,0.1675,-0.0,-0.0,-0.0,-0.0,-0.0,-0.0,0.44051262736320496,0.9607765674591064,-604.4784545898438,-176454.84375,40154.55859375,437.4765625,-0.0,-0.0,-0.0,-0.0,-0.0,-0.0,-0.0,-0.0,-0.0,-0.0,-0.0,-0.0,0.0112152099609375,0.0084686279296875,0.013275146484375,0.0165557861328125,0.01178741455078125,0.0153350830078125,0.00904083251953125,0.02513885498046875,0.00652313232421875,0.01239776611328125,0.02246856689453125,0.01285552978515625,0.0205230712890625,0.009918212890625,0.00766754150390625,0.02933502197265625,0.404815673828125,0.06011962890625,0.00640869140625,0.0921630859375,0.215301513671875,0.1092529296875,0.096893310546875,0.098419189453125,0.130615234375,0.090179443359375,0.055694580078125,0.0897216796875,0.242462158203125,0.20660400390625,-0.074462890625,0.86517333984375,8.328269958496094
336,0.168,-0.0,-0.0,-0.0,-0.0,-0.0,-0.0,0.9448514580726624,0.5618950128555298,-608.1973266601562,-177522.3125,40080.30859375,74.21012115478516,-0.0,-0.0,-0.0,-0.0,-0.0,-0.0,-0.0,-0.0,-0.0,-0.0,-0.0,-0.0,0.0019073486328125,0.00171661376953125,0.00110626220703125,-0.00026702880859375,-0.0006103515625,0.00225067138671875,0.0043487548828125,0.003662109375,0.000762939453125,0.00583648681640625,0.01361846923828125,0.0006866455078125,0.00843048095703125,0.0012969970703125,-0.001220703125,0.00202178955078125,0.02349853515625,-0.511322021484375,0.014495849609375,0.0848388671875,-0.00030517578125,0.07537841796875,0.11260986328125,0.069122314453125,0.13671875,0.102386474609375,0.14801025390625,0.094146728515625,0.920867919921875,2.04132080078125,-0.198974609375,1.37603759765625,7.108732223510742
337,0.1685,-0.0,-0.0,-0.0,-0.0,-0.0,-0.0,1.6057891845703125,-0.2779051661491394,-609.090087890625,-177854.546875,40150.84375,19.984350204467773,-0.0,-0.0,-0.0,-0.0,-0.0,-0.0,-0.0,-0.0,-0.0,-0.0,-0.0,-0.0,-0.00713348388671875,-0.0092315673828125,-0.01346588134765625,-0.01567840576171875,-0.0140380859375,-0.0148773193359375,-0.00934600830078125,-0.02346038818359375,-0.00888824462890625,-0.0118255615234375,-0.02197265625,-0.01522064208984375,-0.0154876708984375,-0.01117706298828125,-0.00484466552734375,-0.0293731689453125,-0.13641357421875,0.247955322265625,0.193939208984375,0.132293701171875,-0.300750732421875,0.155029296875,0.080718994140625,0.11932373046875,0.07537841796875,0.14862060546875,0.15411376953125,0.097503662109375,-0.002899169921875,0.0250244140625,-0.0152587890625,-0.70526123046875,-6.306178569793701
338,0.169,-0.0,-0.0,-0.0,-0.0,-0.0,-0.0,1.3278567790985107,-0.8441659212112427,-609.2761840820312,-178111.3125,40948.5859375,308.5453186035156,-0.0,-0.0,-0.0,-0.0,-0.0,-0.0,-0.0,-0.0,-0.0,-0.0,-0.0,-0.0,0.0006866455078125,0.002288818359375,-0.00141143798828125,-0.001983642578125,0.00011444091796875,7.62939453125e-05,-0.00301361083984375,-0.0032806396484375,-0.00133514404296875,-0.0031280517578125,-0.0121307373046875,0.00133514404296875,-0.00835418701171875,-0.00270843505859375,-0.00049591064453125,-0.00080108642578125,0.08636474609375,0.19683837890625,0.164642333984375,0.126190185546875,0.643463134765625,0.080413818359375,0.11016845703125,0.099029541015625,0.089263916015625,0.0201416015625,0.070343017578125,0.10162353515625,-0.382537841796875,-1.95068359375,0.22430419921875,-1.1798095703125,-7.5257158279418945
339,0.1695,-0.0,-0.0,-0.0,-0.0,-0.0,-0.0,0.356842041015625,-1.3119349479675293,-608.4893188476562,-177509.09375,41282.17578125,422.0247802734375,-0.0,-0.0,-0.0,-0.0,-0.0,-0.0,-0.0,-0.0,-0.0,-0.0,-0.0,-0.0,0.00782012939453125,0.0098419189453125,0.0128936767578125,0.017547607421875,0.0130462646484375,0.0162506103515625,0.00881195068359375,0.02471923828125,0.00965118408203125,0.01186370849609375,0.024261474609375,0.0144195556640625,0.020599365234375,0.010833740234375,0.0048828125,0.0298309326171875,0.029296875,0.13885498046875,0.0860595703125,0.099334716796875,0.2752685546875,0.153350830078125,0.10833740234375,0.099029541015625,0.0897216796875,0.120697021484375,0.105743408203125,0.101776123046875,0.08880615234375,0.14617919921875,0.2191162109375,1.170654296875,13.511303901672363
340,0.17,-0.0,-0.0,-0.0,-0.0,-0.0,-0.0,-1.2959738969802856,-1.0971946716308594,-608.7152099609375,-177370.15625,41839.4609375,799.6116943359375,-0.0,-0.0,-0.0,-0.0,-0.0,-0.0,-0.0,-0.0,-0.0,-0.0,-0.0,-0.0,0.003814697265625,0.00141143798828125,0.00091552734375,7.62939453125e-05,0.00087738037109375,0.00186920166015625,0.00286102294921875,0.00415802001953125,-0.00194549560546875,0.00598907470703125,0.01285552978515625,0.00019073486328125,0.00698089599609375,-0.00034332275390625,0.0026702880859375,0.00095367431640625,0.1531982421875,0.07232666015625,0.058746337890625,0.075225830078125,0.196075439453125,0.059967041015625,0.08209228515625,0.08941650390625,0.109710693359375,0.09124755859375,0.09796142578125,0.09429931640625,1.070556640625,2.244873046875,-0.30242919921875,1.197052001953125,8.93803882598877
341,0.1705,-0.0,-0.0,-0.0,-0.0,-0.0,-0.0,-2.2677745819091797,-0.47840529680252075,-607.6553955078125,-177473.5625,42184.21875,1026.741943359375,-0.0,-0.0,-0.0,-0.0,-0.0,-0.0,-0.0,-0.0,-0.0,-0.0,-0.0,-0.0,-0.0080108642578125,-0.01041412353515625,-0.01247406005859375,-0.01873016357421875,-0.010223388671875,-0.01598358154296875,-0.0081634521484375,-0.0244140625,-0.00728607177734375,-0.01026153564453125,-0.02346038818359375,-0.01361846923828125,-0.0159454345703125,-0.01277923583984375,-0.00335693359375,-0.0293731689453125,0.1336669921875,0.126495361328125,0.109100341796875,0.092010498046875,0.004425048828125,0.0640869140625,0.09124755859375,0.09552001953125,0.09857177734375,0.161895751953125,0.03204345703125,0.103607177734375,0.115509033203125,-0.177001953125,0.140380859375,-0.712890625,0.09639240801334381
342,0.171,-0.0,-0.0,-0.0,-0.0,-0.0,-0.0,-2.8215394020080566,-0.3474031686782837,-611.7076416015625,-178355.4375,43016.23828125,1040.75341796875,-0.0,-0.0,-0.0,-0.0,-0.0,-0.0,-0.0,-0.0,-0.0,-0.0,-0.0,-0.0,-0.00274658203125,-0.00514984130859375,-0.00087738037109375,0.00019073486328125,-0.00087738037109375,-0.00202178955078125,-0.00232696533203125,-0.00354766845703125,0.00011444091796875,-0.00530242919921875,-0.01171112060546875,0.0008392333984375,-0.00835418701171875,-0.00133514404296875,-0.0006866455078125,-0.0005340576171875,-0.2880859375,0.173797607421875,0.0823974609375,0.0830078125,-0.25146484375,0.0994873046875,0.09613037109375,0.092926025390625,0.079498291015625,0.085296630859375,0.023345947265625,0.1019287109375,-0.87005615234375,-1.99951171875,0.4132080078125,-1.130523681640625,-4.78175687789917
343,0.1715,-0.0,-0.0,-0.0,-0.0,-0.0,-0.0,-3.972078800201416,-0.25413650274276733,-614.179931640625,-178769.578125,43623.2890625,1245.7430419921875,-0.0,-0.0,-0.0,-0.0,-0.0,-0.0,-0.0,-0.0,-0.0,-0.0,-0.0,-0.0,0.00926971435546875,0.008697509765625,0.01312255859375,0.0164031982421875,0.01285552978515625,0.01583099365234375,0.0090789794921875,0.02574920654296875,0.00751495361328125,0.00942230224609375,0.0260162353515625,0.01644134521484375,0.02025604248046875,0.0098419189453125,0.00682830810546875,0.02986907958984375,0.19989013671875,0.015106201171875,0.18890380859375,0.132293701171875,0.0360107421875,0.1824951171875,0.12054443359375,0.10345458984375,0.091400146484375,0.0787353515625,0.175933837890625,0.10833740234375,0.124664306640625,0.321044921875,0.247802734375,1.059722900390625,12.901535034179688
344,0.17200000000000001,-0.0,-0.0,-0.0,-0.0,-0.0,-0.0,-5.403700828552246,-0.8826918005943298,-615.4075317382812,-178935.375,44479.453125,1627.093505859375,-0.0,-0.0,-0.0,-0.0,-0.0,-0.0,-0.0,-0.0,-0.0,-0.0,-0.0,-0.0,0.00209808349609375,0.001068115234375,-0.0011444091796875,0.00202178955078125,0.00179290771484375,0.00209808349609375,0.00331878662109375,0.00164031982421875,0.0011444091796875,0.0077056884765625,0.01148223876953125,-0.0038909912109375,0.00713348388671875,0.00217437744140625,0.0006866455078125,0.00034332275390625,0.23895263671875,0.0518798828125,0.073089599609375,0.11505126953125,0.1287841796875,0.09613037109375,0.10528564453125,0.1171875,0.05401611328125,0.138397216796875,0.107269287109375,0.09613037109375,1.002197265625,2.149658203125,-0.45867919921875,1.367340087890625,10.4624605178833
345,0.17250000000000001,-0.0,-0.0,-0.0,-0.0,-0.0,-0.0,-6.512367248535156,-1.6167689561843872,-617.0381469726562,-179400.125,45242.7890625,1921.7752685546875,-0.0,-0.0,-0.0,-0.0,-0.0,-0.0,-0.0,-0.0,-0.0,-0.0,-0.0,-0.0,-0.00881195068359375,-0.009307861328125,-0.01312255859375,-0.0147247314453125,-0.01186370849609375,-0.0156402587890625,-0.00858306884765625,-0.02582550048828125,-0.006866455078125,-0.01323699951171875,-0.0241851806640625,-0.01514434814453125,-0.01583099365234375,-0.01129150390625,-0.0051116943359375,-0.0296783447265625,-0.030975341796875,0.05889892578125,0.27191162109375,0.09796142578125,-0.032196044921875,0.098419189453125,0.0836181640625,0.115509033203125,0.05950927734375,0.130615234375,0.1171875,0.089111328125,-0.262908935546875,-0.26092529296875,0.128173828125,-0.70037841796875,-1.1231448650360107
346,0.17300000000000001,-0.0,-0.0,-0.0,-0.0,-0.0,-0.0,-7.140873432159424,-2.0235648155212402,-618.2335205078125,-179276.953125,45503.92578125,1998.589599609375,-0.0,-0.0,-0.0,-0.0,-0.0,-0.0,-0.0,-0.0,-0.0,-0.0,-0.0,-0.0,-0.00095367431640625,0.0006866455078125,-0.00141143798828125,-0.00091552734375,0.00118255615234375,-0.00041961669921875,-0.00080108642578125,-0.0035858154296875,3.814697265625e-05,-0.00484466552734375,-0.00881195068359375,0.00308990478515625,-0.00804901123046875,-0.00026702880859375,0.00034332275390625,0.000762939453125,0.239715576171875,0.119781494140625,0.095367431640625,0.09033203125,0.139617919921875,0.064544677734375,0.105133056640625,0.08392333984375,0.076751708984375,0.157470703125,0.11505126953125,0.0762939453125,-0.657958984375,-1.83837890625,0.584716796875,-1.1114501953125,-2.95245099067688
347,0.17350000000000002,-0.0,-0.0,-0.0,-0.0,-0.0,-0.0,-6.644237995147705,-2.410407781600952,-618.2183227539062,-179007.875,46236.671875,1796.171630859375,-0.0,-0.0,-0.0,-0.0,-0.0,-0.0,-0.0,-0.0,-0.0,-0.0,-0.0,-0.0,0.009002685546875,0.01064300537109375,0.01239776611328125,0.0182342529296875,0.01232147216796875,0.01613616943359375,0.0090789794921875,0.02490997314453125,0.0074005126953125,0.013275146484375,0.02712249755859375,0.01712799072265625,0.01491546630859375,0.01209259033203125,0.00736236572265625,0.029754638671875,0.06103515625,0.126953125,0.1177978515625,0.121307373046875,0.4266357421875,0.083160400390625,0.09552001953125,0.09307861328125,0.0445556640625,0.104827880859375,0.11322021484375,0.089874267578125,0.3369140625,0.63751220703125,0.03448486328125,0.8197021484375,11.377113342285156
348,0.17400000000000002,-0.0,-0.0,-0.0,-0.0,-0.0,-0.0,-6.737256050109863,-2.67763352394104,-617.00537109375,-178417.640625,46670.45703125,1736.3555908203125,-0.0,-0.0,-0.0,-0.0,-0.0,-0.0,-0.0,-0.0,-0.0,-0.0,-0.0,-0.0,0.0018310546875,-0.00324249267578125,0.0008392333984375,0.0032806396484375,0.000457763671875,0.00156402587890625,0.0003814697265625,0.0028228759765625,0.0016021728515625,0.0058746337890625,0.0116729736328125,-0.00579833984375,0.00728607177734375,0.0017547607421875,0.00102996826171875,-3.814697265625e-05,-0.0018310546875,0.205078125,0.100555419921875,0.08453369140625,-0.34881591796875,0.07720947265625,0.109710693359375,0.100555419921875,0.056610107421875,0.072021484375,0.092315673828125,0.115814208984375,1.088714599609375,2.27813720703125,-0.66436767578125,1.347198486328125,8.328269958496094
349,0.17450000000000002,-0.0,-0.0,-0.0,-0.0,-0.0,-0.0,-6.569615840911865,-2.7666516304016113,-614.1656494140625,-177875.25,46814.40625,1516.428955078125,-0.0,-0.0,-0.0,-0.0,-0.0,-0.0,-0.0,-0.0,-0.0,-0.0,-0.0,-0.0,-0.0087738037109375,-0.006256103515625,-0.01338958740234375,-0.01491546630859375,-0.0116729736328125,-0.01556396484375,-0.00736236572265625,-0.02685546875,-0.0060272216796875,-0.012054443359375,-0.0226593017578125,-0.01468658447265625,-0.01834869384765625,-0.00911712646484375,-0.00591278076171875,-0.02994537353515625,0.062103271484375,0.19561767578125,0.079498291015625,0.0775146484375,0.179290771484375,0.05950927734375,0.086517333984375,0.0909423828125,0.0860595703125,0.089263916015625,0.0689697265625,0.10162353515625,0.020294189453125,-0.04486083984375,0.13763427734375,-0.570831298828125,-1.4280292987823486
350,0.17500000000000002,-0.0,-0.0,-0.0,-0.0,-0.0,-0.0,-6.965312957763672,-2.6739120483398438,-614.3496704101562,-177109.40625,47069.28515625,1406.580078125,-0.0,-0.0,-0.0,-0.0,-0.0,-0.0,-0.0,-0.0,-0.0,-0.0,-0.0,-0.0,-0.0028228759765625,-0.0017547607421875,0.00041961669921875,0.00179290771484375,0.000457763671875,-0.00217437744140625,-0.00141143798828125,-0.00064849853515625,0.0006866455078125,-0.00698089599609375,-0.0124359130859375,0.0060272216796875,-0.00293731689453125,0.00080108642578125,0.002899169921875,-0.001373291015625,0.0933837890625,0.247344970703125,0.091094970703125,0.1226806640625,0.11444091796875,0.09307861328125,0.10650634765625,0.10162353515625,0.11444091796875,0.098114013671875,0.0482177734375,0.09185791015625,-1.099853515625,-2.3944091796875,0.9967041015625,-0.799407958984375,-0.20849192142486572
351,0.17550000000000002,-0.0,-0.0,-0.0,-0.0,-0.0,-0.0,-6.945197105407715,-2.0599074363708496,-613.09423828125,-176665.5625,46899.296875,1505.4884033203125,-0.0,-0.0,-0.0,-0.0,-0.0,-0.0,-0.0,-0.0,-0.0,-0.0,-0.0,-0.0,0.00789642333984375,0.00995635986328125,0.01117706298828125,0.018310546875,0.01190185546875,0.01598358154296875,0.01079559326171875,0.02285003662109375,0.00904083251953125,0.0113677978515625,0.02559661865234375,0.0164031982421875,0.0139617919921875,0.01129150390625,0.00461578369140625,0.03086090087890625,0.242767333984375,-0.09857177734375,0.052490234375,0.106658935546875,0.20660400390625,0.09735107421875,0.091400146484375,0.080413818359375,0.1263427734375,0.09429931640625,0.0836181640625,0.095062255859375,0.271148681640625,0.48004150390625,0.09368896484375,0.57861328125,7.413616180419922
352,0.176,-0.0,-0.0,-0.0,-0.0,-0.0,-0.0,-6.109323024749756,-1.4165143966674805,-612.7293090820312,-175933.984375,47174.67578125,1577.3511962890625,-0.0,-0.0,-0.0,-0.0,-0.0,-0.0,-0.0,-0.0,-0.0,-0.0,-0.0,-0.0,0.00335693359375,0.00049591064453125,-0.0005340576171875,0.00011444091796875,0.00034332275390625,0.0022125244140625,0.00217437744140625,0.00064849853515625,0.00011444091796875,0.0055694580078125,0.0109100341796875,-0.0032806396484375,0.0064849853515625,-0.00064849853515625,-0.0017547607421875,0.0002288818359375,0.111846923828125,0.02288818359375,0.0140380859375,0.081787109375,-0.021209716796875,0.0750732421875,0.112152099609375,0.096588134765625,0.10833740234375,0.140228271484375,0.086517333984375,0.11199951171875,1.201171875,2.3248291015625,-0.79498291015625,1.661224365234375,8.023386001586914
353,0.1765,-0.0,-0.0,-0.0,-0.0,-0.0,-0.0,-6.023223400115967,-0.9774092435836792,-611.366455078125,-175115.4375,46874.2890625,1418.4549560546875,-0.0,-0.0,-0.0,-0.0,-0.0,-0.0,-0.0,-0.0,-0.0,-0.0,-0.0,-0.0,-0.00759124755859375,-0.00720977783203125,-0.01277923583984375,-0.01605987548828125,-0.01049041748046875,-0.0142669677734375,-0.0112152099609375,-0.02338409423828125,-0.0070953369140625,-0.0081634521484375,-0.02521514892578125,-0.01506805419921875,-0.0167083740234375,-0.0109100341796875,-0.0054931640625,-0.0286865234375,-0.05279541015625,0.184478759765625,0.1171875,0.1043701171875,0.08209228515625,0.09490966796875,0.102081298828125,0.11474609375,0.089111328125,0.05950927734375,0.160064697265625,0.127105712890625,0.357818603515625,-0.335693359375,0.28717041015625,-0.509185791015625,3.145235776901245
354,0.177,-0.0,-0.0,-0.0,-0.0,-0.0,-0.0,-5.666325569152832,-0.9862611293792725,-609.9186401367188,-174547.015625,46938.2421875,1299.49755859375,-0.0,-0.0,-0.0,-0.0,-0.0,-0.0,-0.0,-0.0,-0.0,-0.0,-0.0,-0.0,-0.001220703125,0.00240325927734375,-0.00133514404296875,0.00011444091796875,-0.00095367431640625,0.0002288818359375,-0.0016021728515625,-0.00270843505859375,-0.000762939453125,-0.00614166259765625,-0.00858306884765625,0.005950927734375,-0.0087738037109375,-0.001068115234375,0.00286102294921875,0.0014495849609375,0.01190185546875,-0.020599365234375,0.128173828125,0.093536376953125,0.373687744140625,0.089874267578125,0.11932373046875,0.085601806640625,0.13214111328125,0.05645751953125,0.094451904296875,0.108642578125,-0.8984375,-2.0501708984375,0.8251953125,-1.583404541015625,-0.5133762359619141
355,0.1775,-0.0,-0.0,-0.0,-0.0,-0.0,-0.0,-5.931111812591553,-0.22698339819908142,-611.1834106445312,-174424.140625,46948.38671875,1490.8231201171875,-0.0,-0.0,-0.0,-0.0,-0.0,-0.0,-0.0,-0.0,-0.0,-0.0,-0.0,-0.0,0.00888824462890625,0.0086212158203125,0.01544952392578125,0.016632080078125,0.013427734375,0.01495361328125,0.00850677490234375,0.0247955322265625,0.0077056884765625,0.0102996826171875,0.02613067626953125,0.01140594482421875,0.01708984375,0.01201629638671875,0.00469207763671875,0.0296783447265625,-0.014801025390625,0.236663818359375,-0.011749267578125,0.143890380859375,0.27984619140625,0.141754150390625,0.068511962890625,0.0958251953125,0.115966796875,0.111846923828125,0.091705322265625,0.105743408203125,0.104217529296875,0.52276611328125,-0.1239013671875,0.768585205078125,7.108732223510742
356,0.178,-0.0,-0.0,-0.0,-0.0,-0.0,-0.0,-5.847200870513916,0.3106533885002136,-610.7988891601562,-174148.953125,47245.6015625,1506.395751953125,-0.0,-0.0,-0.0,-0.0,-0.0,-0.0,-0.0,-0.0,-0.0,-0.0,-0.0,-0.0,0.00324249267578125,-0.000152587890625,0.0003814697265625,0.001220703125,0.0,0.0026702880859375,0.0026702880859375,0.0,-0.00041961669921875,0.00507354736328125,0.0103759765625,-0.00396728515625,0.006256103515625,-0.00049591064453125,-0.00152587890625,0.00133514404296875,-0.15533447265625,0.254058837890625,0.225677490234375,0.13671875,0.03570556640625,0.085906982421875,0.09796142578125,0.11260986328125,0.109710693359375,0.115203857421875,0.078887939453125,0.099029541015625,1.143341064453125,2.2210693359375,-0.46875,1.651763916015625,9.24292278289795
357,0.1785,-0.0,-0.0,-0.0,-0.0,-0.0,-0.0,-5.521076202392578,0.2723745107650757,-610.8197631835938,-174620.625,47269.73046875,1462.88427734375,-0.0,-0.0,-0.0,-0.0,-0.0,-0.0,-0.0,-0.0,-0.0,-0.0,-0.0,-0.0,-0.0096893310546875,-0.00782012939453125,-0.0136566162109375,-0.01750946044921875,-0.0118255615234375,-0.0146484375,-0.008697509765625,-0.02414703369140625,-0.00926971435546875,-0.00972747802734375,-0.02498626708984375,-0.009613037109375,-0.017242431640625,-0.0115966796875,-0.00530242919921875,-0.0301361083984375,0.57098388671875,-0.165252685546875,0.0372314453125,0.074615478515625,-0.028839111328125,0.11016845703125,0.10040283203125,0.088653564453125,0.147552490234375,0.11322021484375,0.057525634765625,0.0946044921875,0.02105712890625,-0.55877685546875,0.372314453125,-0.594329833984375,-4.171988487243652
358,0.179,-0.0,-0.0,-0.0,-0.0,-0.0,-0.0,-4.897265434265137,0.40224984288215637,-614.370361328125,-174836.5625,47242.3671875,1303.201904296875,-0.0,-0.0,-0.0,-0.0,-0.0,-0.0,-0.0,-0.0,-0.0,-0.0,-0.0,-0.0,-0.00347137451171875,0.0019073486328125,0.00244140625,-0.0002288818359375,0.0006103515625,-0.0018310546875,0.0006866455078125,-0.00011444091796875,0.0006866455078125,-0.00545501708984375,-0.0106048583984375,0.004730224609375,-0.00431060791015625,3.814697265625e-05,-0.0008392333984375,0.000762939453125,0.06591796875,0.071868896484375,0.1971435546875,0.089263916015625,0.24749755859375,0.0982666015625,0.106201171875,0.110321044921875,0.1025390625,0.11962890625,0.116729736328125,0.082550048828125,-1.1767578125,-2.1893310546875,0.74371337890625,-1.555938720703125,-2.95245099067688
359,0.1795,-0.0,-0.0,-0.0,-0.0,-0.0,-0.0,-4.186249256134033,0.4021932780742645,-616.47119140625,-174759.28125,47436.74609375,1141.8111572265625,-0.0,-0.0,-0.0,-0.0,-0.0,-0.0,-0.0,-0.0,-0.0,-0.0,-0.0,-0.0,0.0070953369140625,0.01140594482421875,0.01247406005859375,0.0170135498046875,0.013885498046875,0.01361846923828125,0.01201629638671875,0.02483367919921875,0.00583648681640625,0.01102447509765625,0.0254058837890625,0.015411376953125,0.0168609619140625,0.01033782958984375,0.0046539306640625,0.03002166748046875,0.021209716796875,0.180511474609375,0.075225830078125,0.053253173828125,0.127410888671875,0.053253173828125,0.1007080078125,0.088043212890625,0.118560791015625,0.01983642578125,0.149078369140625,0.08514404296875,0.095977783203125,0.794677734375,0.14434814453125,0.7745361328125,7.108732223510742
360,0.18,-0.0,-0.0,-0.0,-0.0,-0.0,-0.0,-3.6576309204101562,0.5327106714248657,-618.5987548828125,-175205.203125,47732.31640625,822.1649169921875,-0.0,-0.0,-0.0,-0.0,-0.0,-0.0,-0.0,-0.0,-0.0,-0.0,-0.0,-0.0,0.0029754638671875,0.00232696533203125,-0.00026702880859375,0.00011444091796875,-0.000762939453125,0.00179290771484375,0.0012969970703125,0.00179290771484375,7.62939453125e-05,0.00446319580078125,0.00698089599609375,-0.00335693359375,0.006256103515625,-0.0005340576171875,-0.00030517578125,-0.00095367431640625,0.056915283203125,0.114288330078125,0.148162841796875,0.08331298828125,0.1861572265625,0.123291015625,0.10467529296875,0.09033203125,0.10528564453125,-0.012054443359375,0.1422119140625,0.096893310546875,1.302337646484375,2.008056640625,-0.5810546875,1.675262451171875,10.157575607299805
361,0.1805,-0.0,-0.0,-0.0,-0.0,-0.0,-0.0,-3.6576309204101562,0.5366886258125305,-621.6193237304688,-175750.3125,48298.62890625,1066.493408203125,-0.0,-0.0,-0.0,-0.0,-0.0,-0.0,-0.0,-0.0,-0.0,-0.0,-0.0,-0.0,-0.00782012939453125,-0.00659942626953125,-0.01171112060546875,-0.01781463623046875,-0.010833740234375,-0.0171661376953125,-0.006256103515625,-0.02349853515625,-0.00965118408203125,-0.0092315673828125,-0.0237274169921875,-0.01285552978515625,-0.016021728515625,-0.011138916015625,-0.00408172607421875,-0.03082275390625,-0.0811767578125,0.022125244140625,0.0848388671875,0.14312744140625,0.20660400390625,0.115966796875,0.048370361328125,0.1092529296875,0.08697509765625,0.23712158203125,0.07965087890625,0.088043212890625,-0.137939453125,-0.16693115234375,0.19866943359375,-0.6207275390625,0.7061610817909241
362,0.181,-0.0,-0.0,-0.0,-0.0,-0.0,-0.0,-3.4738261699676514,1.2478256225585938,-622.6419677734375,-176160.984375,48426.6640625,938.2147827148438,-0.0,-0.0,-0.0,-0.0,-0.0,-0.0,-0.0,-0.0,-0.0,-0.0,-0.0,-0.0,-0.00148773193359375,-0.00331878662109375,0.00164031982421875,0.00179290771484375,0.00057220458984375,-0.00087738037109375,-0.001983642578125,-0.0005340576171875,0.0012969970703125,-0.004425048828125,-0.0067138671875,0.00274658203125,-0.0041961669921875,0.0005340576171875,0.00019073486328125,0.0012969970703125,-0.013427734375,0.1629638671875,0.076141357421875,0.157012939453125,-0.018157958984375,0.1495361328125,0.07568359375,0.124359130859375,0.0579833984375,0.135498046875,0.05462646484375,0.068359375,-0.92681884765625,-2.16796875,0.6585693359375,-1.69525146484375,-2.647566556930542
363,0.1815,-0.0,-0.0,-0.0,-0.0,-0.0,-0.0,-2.491281747817993,1.7438236474990845,-625.6549682617188,-176702.28125,48925.35546875,631.5565795898438,-0.0,-0.0,-0.0,-0.0,-0.0,-0.0,-0.0,-0.0,-0.0,-0.0,-0.0,-0.0,0.00823974609375,0.006866455078125,0.0118255615234375,0.0177764892578125,0.01277923583984375,0.01552581787109375,0.008392333984375,0.02410888671875,0.00667572021484375,0.0130462646484375,0.02422332763671875,0.013275146484375,0.0186920166015625,0.01163482666015625,0.0055694580078125,0.0295257568359375,0.49591064453125,0.10467529296875,-0.040740966796875,0.0848388671875,-0.25909423828125,0.0457763671875,0.090789794921875,0.09429931640625,0.080108642578125,0.101470947265625,0.069732666015625,0.099945068359375,0.3753662109375,0.89752197265625,-0.09521484375,1.0369873046875,9.24292278289795
364,0.182,-0.0,-0.0,-0.0,-0.0,-0.0,-0.0,-1.9656060934066772,2.540959596633911,-627.624267578125,-177389.03125,49576.546875,588.3709106445312,-0.0,-0.0,-0.0,-0.0,-0.0,-0.0,-0.0,-0.0,-0.0,-0.0,-0.0,-0.0,0.00171661376953125,0.0016021728515625,-0.00011444091796875,7.62939453125e-05,-0.000457763671875,0.00072479248046875,0.0031280517578125,-0.000762939453125,0.00011444091796875,0.00385284423828125,0.0093841552734375,-0.0029754638671875,0.00789642333984375,-0.0011444091796875,0.00049591064453125,-0.0009918212890625,0.07720947265625,0.203094482421875,0.173492431640625,0.087432861328125,0.142822265625,0.0823974609375,0.102386474609375,0.121917724609375,0.082855224609375,0.113525390625,0.14434814453125,0.12725830078125,0.831756591796875,2.27691650390625,-0.20538330078125,2.147216796875,10.157575607299805
365,0.1825,-0.0,-0.0,-0.0,-0.0,-0.0,-0.0,-2.8053202629089355,2.364015579223633,-630.7684936523438,-177882.375,50266.33203125,688.6843872070312,-0.0,-0.0,-0.0,-0.0,-0.0,-0.0,-0.0,-0.0,-0.0,-0.0,-0.0,-0.0,-0.0067901611328125,-0.00823974609375,-0.0130462646484375,-0.01544952392578125,-0.0133514404296875,-0.01255035400390625,-0.01007080078125,-0.02437591552734375,-0.00762939453125,-0.0096893310546875,-0.02338409423828125,-0.012359619140625,-0.01903533935546875,-0.0112152099609375,-0.00335693359375,-0.029754638671875,0.020904541015625,0.1568603515625,0.01739501953125,0.030059814453125,0.169525146484375,0.04638671875,0.10955810546875,0.062713623046875,0.09979248046875,0.12725830078125,0.07049560546875,0.101776123046875,0.0848388671875,-0.518798828125,0.47454833984375,-1.089019775390625,0.40127673745155334
366,0.183,-0.0,-0.0,-0.0,-0.0,-0.0,-0.0,-3.5720467567443848,1.9596611261367798,-632.192138671875,-178462.234375,50931.50390625,778.39208984375,-0.0,-0.0,-0.0,-0.0,-0.0,-0.0,-0.0,-0.0,-0.0,-0.0,-0.0,-0.0,-0.0014495849609375,0.0006103515625,0.00057220458984375,0.0014495849609375,-0.00141143798828125,-0.001220703125,0.00164031982421875,0.00095367431640625,-0.00011444091796875,-0.00461578369140625,-0.0064849853515625,0.00194549560546875,-0.00606536865234375,-0.00011444091796875,0.00087738037109375,0.0026702880859375,0.10894775390625,0.01068115234375,0.196380615234375,0.064849853515625,0.120697021484375,0.087127685546875,0.09735107421875,0.08209228515625,0.10101318359375,0.05462646484375,0.085296630859375,0.077667236328125,-0.947723388671875,-2.254638671875,0.50262451171875,-1.7730712890625,-1.732913613319397
367,0.1835,-0.0,-0.0,-0.0,-0.0,-0.0,-0.0,-3.656534433364868,1.3347651958465576,-634.6600341796875,-179068.421875,51518.52734375,689.7293701171875,-0.0,-0.0,-0.0,-0.0,-0.0,-0.0,-0.0,-0.0,-0.0,-0.0,-0.0,-0.0,0.0092315673828125,0.009765625,0.01232147216796875,0.01750946044921875,0.01251220703125,0.01575469970703125,0.01064300537109375,0.0241851806640625,0.00728607177734375,0.012664794921875,0.02513885498046875,0.01422882080078125,0.016937255859375,0.0118255615234375,0.0061798095703125,0.030059814453125,0.063934326171875,-0.018157958984375,0.090484619140625,0.1202392578125,0.104217529296875,0.09490966796875,0.109710693359375,0.095977783203125,0.07049560546875,0.0933837890625,0.106964111328125,0.092620849609375,0.34912109375,0.95123291015625,-0.16571044921875,1.200103759765625,5.584310531616211
368,0.184,-0.0,-0.0,-0.0,-0.0,-0.0,-0.0,-3.567464828491211,0.5788702368736267,-635.54541015625,-179731.546875,52377.3359375,673.9325561523438,-0.0,-0.0,-0.0,-0.0,-0.0,-0.0,-0.0,-0.0,-0.0,-0.0,-0.0,-0.0,0.00247955322265625,-0.000152587890625,0.00080108642578125,0.00141143798828125,0.00087738037109375,0.00087738037109375,-0.00064849853515625,0.0011444091796875,0.00133514404296875,0.00362396240234375,0.00732421875,-0.00186920166015625,0.00698089599609375,-0.00034332275390625,-0.00194549560546875,-0.00164031982421875,0.097808837890625,0.254669189453125,0.164337158203125,0.1531982421875,0.068511962890625,0.18585205078125,0.086212158203125,0.120849609375,0.029296875,0.097503662109375,0.130157470703125,0.118560791015625,1.515350341796875,2.5274658203125,-0.6109619140625,1.9024658203125,8.633153915405273
369,0.1845,-0.0,-0.0,-0.0,-0.0,-0.0,-0.0,-3.6576309204101562,0.4921901226043701,-637.66796875,-180270.515625,52902.671875,645.420166015625,-0.0,-0.0,-0.0,-0.0,-0.0,-0.0,-0.0,-0.0,-0.0,-0.0,-0.0,-0.0,-0.01026153564453125,-0.00827789306640625,-0.011749267578125,-0.017547607421875,-0.01201629638671875,-0.01483917236328125,-0.0091552734375,-0.02429962158203125,-0.00667572021484375,-0.01194000244140625,-0.02288818359375,-0.01232147216796875,-0.0174713134765625,-0.0110626220703125,-0.0057220458984375,-0.02994537353515625,0.16815185546875,0.07232666015625,0.088348388671875,0.11505126953125,0.098876953125,0.09246826171875,0.091400146484375,0.099029541015625,0.06011962890625,0.08575439453125,0.057525634765625,0.106353759765625,-0.229949951171875,-0.44097900390625,0.29083251953125,-1.0565185546875,-0.8182606101036072
370,0.185,-0.0,-0.0,-0.0,-0.0,-0.0,-0.0,-4.414226055145264,0.9804344177246094,-641.374755859375,-180906.203125,53567.60546875,602.1476440429688,-0.0,-0.0,-0.0,-0.0,-0.0,-0.0,-0.0,-0.0,-0.0,-0.0,-0.0,-0.0,-0.00247955322265625,-0.00102996826171875,0.0022125244140625,0.00186920166015625,-0.00057220458984375,-0.000457763671875,0.00274658203125,0.00133514404296875,0.000762939453125,-0.00301361083984375,-0.00453948974609375,0.00286102294921875,-0.0032806396484375,-0.000152587890625,-0.00064849853515625,0.002899169921875,-0.07354736328125,0.0775146484375,0.1025390625,0.10162353515625,-0.0689697265625,0.13427734375,0.093231201171875,0.118408203125,0.060882568359375,0.163421630859375,0.071868896484375,0.07659912109375,-0.711517333984375,-2.07733154296875,0.650634765625,-1.4825439453125,-2.0377979278564453
371,0.1855,-0.0,-0.0,-0.0,-0.0,-0.0,-0.0,-4.907114505767822,0.6239128112792969,-644.3800048828125,-181795.65625,54481.40234375,571.8760375976562,-0.0,-0.0,-0.0,-0.0,-0.0,-0.0,-0.0,-0.0,-0.0,-0.0,-0.0,-0.0,0.00865936279296875,0.010528564453125,0.01392364501953125,0.01819610595703125,0.01346588134765625,0.016021728515625,0.0113677978515625,0.0241851806640625,0.00774383544921875,0.01224517822265625,0.02384185791015625,0.017852783203125,0.02170562744140625,0.01018524169921875,0.00705718994140625,0.0290679931640625,0.128173828125,0.199737548828125,0.138702392578125,0.065155029296875,0.267333984375,0.08270263671875,0.112762451171875,0.1068115234375,0.091094970703125,0.0384521484375,0.08880615234375,0.0787353515625,0.610198974609375,0.6085205078125,0.25177001953125,1.7950439453125,-2.342682361602783
372,0.186,-0.0,-0.0,-0.0,-0.0,-0.0,-0.0,-5.083886623382568,0.0003705546259880066,-646.3207397460938,-182805.28125,55002.59765625,644.1196899414062,-0.0,-0.0,-0.0,-0.0,-0.0,-0.0,-0.0,-0.0,-0.0,-0.0,-0.0,-0.0,0.0018310546875,0.00110626220703125,-0.00164031982421875,-0.000457763671875,-0.0012969970703125,0.0002288818359375,0.00110626220703125,-0.002288818359375,-0.00041961669921875,0.00370025634765625,0.00499725341796875,-0.00659942626953125,0.002593994140625,-0.0002288818359375,-0.0002288818359375,-0.0014495849609375,0.0738525390625,-0.114898681640625,0.076904296875,0.1068115234375,0.13580322265625,0.0762939453125,0.09674072265625,0.045928955078125,0.1007080078125,0.066680908203125,0.087738037109375,0.064697265625,1.1602783203125,2.07611083984375,-0.447998046875,1.583251953125,17.47480010986328
373,0.1865,-0.0,-0.0,-0.0,-0.0,-0.0,-0.0,-5.173175811767578,-0.8021736145019531,-649.8521118164062,-183938.625,55854.171875,483.1053771972656,-0.0,-0.0,-0.0,-0.0,-0.0,-0.0,-0.0,-0.0,-0.0,-0.0,-0.0,-0.0,-0.00873565673828125,-0.0095367431640625,-0.01140594482421875,-0.0177764892578125,-0.00942230224609375,-0.0159454345703125,-0.0086212158203125,-0.0229644775390625,-0.0072479248046875,-0.011138916015625,-0.02349853515625,-0.01544952392578125,-0.01636505126953125,-0.0106048583984375,-0.006256103515625,-0.02933502197265625,0.28106689453125,0.048828125,0.06805419921875,0.096435546875,0.07965087890625,0.1458740234375,0.1104736328125,0.112762451171875,0.08026123046875,0.116424560546875,0.0885009765625,0.119476318359375,-0.325775146484375,-0.48583984375,0.16754150390625,-0.9442138671875,-1.1231448650360107
374,0.187,-0.0,-0.0,-0.0,-0.0,-0.0,-0.0,-5.843427658081055,-1.648773431777954,-653.2064819335938,-185002.796875,56524.171875,409.5259704589844,-0.0,-0.0,-0.0,-0.0,-0.0,-0.0,-0.0,-0.0,-0.0,-0.0,-0.0,-0.0,-0.00217437744140625,0.00232696533203125,0.0009918212890625,0.00274658203125,7.62939453125e-05,-0.0008392333984375,0.00209808349609375,0.00156402587890625,0.000762939453125,-0.004730224609375,-0.0017547607421875,0.00453948974609375,-0.00400543212890625,0.00148773193359375,-0.000457763671875,0.00400543212890625,-0.002288818359375,0.115509033203125,0.0201416015625,0.07720947265625,0.282745361328125,0.03570556640625,0.0811767578125,0.09002685546875,0.09613037109375,0.092926025390625,0.085296630859375,0.1507568359375,-0.954742431640625,-1.86614990234375,0.633544921875,-1.6351318359375,-3.8671038150787354
375,0.1875,-0.0,-0.0,-0.0,-0.0,-0.0,-0.0,-5.843260288238525,-2.4510955810546875,-655.1487426757812,-185866.53125,56908.265625,467.3754577636719,-0.0,-0.0,-0.0,-0.0,-0.0,-0.0,-0.0,-0.0,-0.0,-0.0,-0.0,-0.0,0.0078582763671875,0.00667572021484375,0.014801025390625,0.01556396484375,0.0119781494140625,0.01529693603515625,0.010223388671875,0.0247955322265625,0.00823974609375,0.009918212890625,0.027008056640625,0.01560211181640625,0.01743316650390625,0.0125885009765625,0.00278472900390625,0.03101348876953125,0.359954833984375,0.015106201171875,0.00762939453125,0.08026123046875,0.060577392578125,0.07904052734375,0.07843017578125,0.091094970703125,0.100860595703125,0.13824462890625,0.1458740234375,0.139617919921875,0.195770263671875,1.07666015625,-0.3192138671875,1.4508056640625,8.328269958496094
376,0.188,-0.0,-0.0,-0.0,-0.0,-0.0,-0.0,-5.977424144744873,-3.5200912952423096,-656.2077026367188,-186781.890625,57224.83203125,261.93609619140625,-0.0,-0.0,-0.0,-0.0,-0.0,-0.0,-0.0,-0.0,-0.0,-0.0,-0.0,-0.0,0.0028228759765625,0.00179290771484375,0.00041961669921875,-0.00057220458984375,-0.0018310546875,0.00133514404296875,0.0014495849609375,-0.00152587890625,-0.002593994140625,0.005645751953125,0.00331878662109375,-0.0041961669921875,0.0026702880859375,-0.00194549560546875,0.0009918212890625,-0.0017547607421875,0.04791259765625,0.269927978515625,0.214996337890625,0.076904296875,0.24932861328125,0.108184814453125,0.10467529296875,0.089874267578125,0.1031494140625,0.1361083984375,0.143280029296875,0.108795166015625,1.425018310546875,2.05810546875,-0.51605224609375,1.588592529296875,10.4624605178833
377,0.1885,-0.0,-0.0,-0.0,-0.0,-0.0,-0.0,-5.442492485046387,-3.965489387512207,-658.8526611328125,-187969.8125,57700.765625,56.642364501953125,-0.0,-0.0,-0.0,-0.0,-0.0,-0.0,-0.0,-0.0,-0.0,-0.0,-0.0,-0.0,-0.007781982421875,-0.013580322265625,-0.01346588134765625,-0.01575469970703125,-0.0135040283203125,-0.015106201171875,-0.00919342041015625,-0.025177001953125,-0.00614166259765625,-0.0102996826171875,-0.02471923828125,-0.01110076904296875,-0.0193023681640625,-0.01140594482421875,-0.00408172607421875,-0.02902984619140625,0.030975341796875,0.178070068359375,-0.01434326171875,0.09552001953125,-0.4742431640625,0.09185791015625,0.116119384765625,0.087127685546875,0.113067626953125,0.0335693359375,0.03509521484375,0.090179443359375,0.10467529296875,-0.1983642578125,0.34393310546875,-1.196746826171875,-1.4280292987823486
378,0.189,-0.0,-0.0,-0.0,-0.0,-0.0,-0.0,-4.996226787567139,-5.480863094329834,-661.8609008789062,-188994.796875,57845.88671875,-222.71290588378906,-0.0,-0.0,-0.0,-0.0,-0.0,-0.0,-0.0,-0.0,-0.0,-0.0,-0.0,-0.0,0.00019073486328125,-0.00125885009765625,0.00217437744140625,0.002593994140625,0.001373291015625,-0.00148773193359375,0.00331878662109375,0.0041961669921875,-0.00034332275390625,-0.00469207763671875,-0.00171661376953125,0.00858306884765625,0.00019073486328125,0.00011444091796875,-0.00087738037109375,0.00423431396484375,0.003662109375,0.135040283203125,0.055694580078125,0.1025390625,-0.081634521484375,0.04669189453125,0.107269287109375,0.110015869140625,0.124664306640625,0.084228515625,-0.0238037109375,0.106964111328125,-1.20361328125,-1.87744140625,1.09100341796875,-1.169586181640625,-1.1231448650360107
379,0.1895,-0.0,-0.0,-0.0,-0.0,-0.0,-0.0,-3.7468414306640625,-6.462823867797852,-664.326904296875,-190219.03125,57628.09375,-413.492919921875,-0.0,-0.0,-0.0,-0.0,-0.0,-0.0,-0.0,-0.0,-0.0,-0.0,-0.0,-0.0,0.00736236572265625,0.0118255615234375,0.01354217529296875,0.01766204833984375,0.0124359130859375,0.0162506103515625,0.01010894775390625,0.02597808837890625,0.0090789794921875,0.009765625,0.0266265869140625,0.0130462646484375,0.0168609619140625,0.01239776611328125,0.00431060791015625,0.03124237060546875,0.23223876953125,-0.03448486328125,0.095977783203125,0.113525390625,0.257110595703125,0.11444091796875,0.0933837890625,0.11871337890625,0.086822509765625,0.096588134765625,0.162506103515625,0.076141357421875,0.63446044921875,0.58135986328125,-0.19195556640625,1.241607666015625,9.24292278289795
380,0.19,-0.0,-0.0,-0.0,-0.0,-0.0,-0.0,-3.4349777698516846,-7.174624443054199,-667.5101318359375,-191054.65625,57882.7109375,-677.02587890625,-0.0,-0.0,-0.0,-0.0,-0.0,-0.0,-0.0,-0.0,-0.0,-0.0,-0.0,-0.0,0.0016021728515625,0.001220703125,0.0005340576171875,-0.001220703125,-0.00118255615234375,0.0009918212890625,0.00255584716796875,-0.00293731689453125,-0.0008392333984375,0.00431060791015625,-7.62939453125e-05,-0.00476837158203125,0.00354766845703125,-0.00148773193359375,0.00118255615234375,-0.003204345703125,0.26763916015625,0.089874267578125,0.22003173828125,0.14862060546875,0.203704833984375,0.155792236328125,0.102691650390625,0.117950439453125,0.06103515625,0.089111328125,0.229644775390625,0.091094970703125,1.34246826171875,2.0819091796875,-0.85052490234375,1.9921875,11.681997299194336
381,0.1905,-0.0,-0.0,-0.0,-0.0,-0.0,-0.0,-2.990699052810669,-7.7534871101379395,-667.6884155273438,-191527.453125,57614.42578125,-998.9109497070312,-0.0,-0.0,-0.0,-0.0,-0.0,-0.0,-0.0,-0.0,-0.0,-0.0,-0.0,-0.0,-0.01087188720703125,-0.00553131103515625,-0.01232147216796875,-0.01667022705078125,-0.01155853271484375,-0.0179290771484375,-0.0078582763671875,-0.02384185791015625,-0.0066375732421875,-0.01506805419921875,-0.0235748291015625,-0.012664794921875,-0.0189971923828125,-0.00865936279296875,-0.00850677490234375,-0.028533935546875,0.16693115234375,0.15289306640625,0.140838623046875,0.097198486328125,0.30914306640625,0.11688232421875,0.09735107421875,0.106201171875,0.070953369140625,0.105743408203125,0.156707763671875,0.084228515625,-0.537872314453125,-0.2001953125,0.37322998046875,-0.98846435546875,-1.1231448650360107
382,0.191,-0.0,-0.0,-0.0,-0.0,-0.0,-0.0,-2.232311725616455,-7.980753421783447,-667.3436279296875,-191714.078125,57336.3046875,-1365.8203125,-0.0,-0.0,-0.0,-0.0,-0.0,-0.0,-0.0,-0.0,-0.0,-0.0,-0.0,-0.0,0.0009918212890625,0.00347137451171875,-0.000457763671875,0.00232696533203125,0.00030517578125,0.00110626220703125,0.00133514404296875,0.00057220458984375,0.0012969970703125,-0.00041961669921875,-0.0006103515625,0.00553131103515625,3.814697265625e-05,0.00152587890625,0.00217437744140625,0.00415802001953125,0.022430419921875,0.133209228515625,0.07080078125,0.1104736328125,0.391998291015625,0.101165771484375,0.09552001953125,0.082244873046875,0.08453369140625,0.0579833984375,0.091400146484375,0.104522705078125,-0.623016357421875,-1.78314208984375,0.8258056640625,-1.46575927734375,-2.342682361602783
383,0.1915,-0.0,-0.0,-0.0,-0.0,-0.0,-0.0,-0.8028945922851562,-8.24399471282959,-666.1063232421875,-191227.84375,57004.75,-1644.7694091796875,-0.0,-0.0,-0.0,-0.0,-0.0,-0.0,-0.0,-0.0,-0.0,-0.0,-0.0,-0.0,0.00946044921875,0.0042724609375,0.0128173828125,0.01552581787109375,0.01369476318359375,0.01476287841796875,0.00911712646484375,0.02429962158203125,0.00652313232421875,0.0139617919921875,0.02323150634765625,0.0125885009765625,0.0173187255859375,0.011749267578125,0.00457763671875,0.02925872802734375,0.08056640625,0.07293701171875,0.112152099609375,0.13214111328125,-0.448760986328125,0.101165771484375,0.110626220703125,0.092010498046875,0.094146728515625,0.122528076171875,0.060577392578125,0.075225830078125,0.43914794921875,0.48004150390625,-0.21240234375,1.35986328125,8.93803882598877
384,0.192,-0.0,-0.0,-0.0,-0.0,-0.0,-0.0,0.006390362977981567,-7.129155158996582,-662.7396240234375,-191191.53125,56490.39453125,-1948.474853515625,-0.0,-0.0,-0.0,-0.0,-0.0,-0.0,-0.0,-0.0,-0.0,-0.0,-0.0,-0.0,0.00186920166015625,0.00064849853515625,-0.00347137451171875,-0.0006866455078125,-0.0008392333984375,-0.001373291015625,-0.00026702880859375,-0.00446319580078125,-0.001068115234375,0.0016021728515625,0.0025177001953125,-0.00579833984375,0.0016021728515625,-0.00080108642578125,-0.00118255615234375,-0.0034332275390625,0.037078857421875,0.0628662109375,0.038299560546875,0.08697509765625,-0.05889892578125,-0.01220703125,0.095367431640625,0.084686279296875,0.09796142578125,0.098876953125,0.009002685546875,0.097198486328125,1.102294921875,2.200927734375,-0.57037353515625,1.70684814453125,8.93803882598877
385,0.1925,-0.0,-0.0,-0.0,-0.0,-0.0,-0.0,0.6244735717773438,-7.308692932128906,-660.7939453125,-190370.25,55909.1171875,-2096.63427734375,-0.0,-0.0,-0.0,-0.0,-0.0,-0.0,-0.0,-0.0,-0.0,-0.0,-0.0,-0.0,-0.00728607177734375,-0.005950927734375,-0.01262664794921875,-0.0164031982421875,-0.011444091796875,-0.01445770263671875,-0.00789642333984375,-0.023651123046875,-0.00762939453125,-0.01094818115234375,-0.02605438232421875,-0.01026153564453125,-0.01537322998046875,-0.0119781494140625,-0.00335693359375,-0.02979278564453125,0.025177001953125,0.13275146484375,0.1751708984375,0.03326416015625,0.621185302734375,0.174407958984375,0.086212158203125,0.096588134765625,0.11962890625,0.19927978515625,0.11322021484375,0.11749267578125,-0.49285888671875,-0.47821044921875,0.69488525390625,-0.870819091796875,1.0110454559326172
386,0.193,-0.0,-0.0,-0.0,-0.0,-0.0,-0.0,0.9844281673431396,-6.952171325683594,-657.44140625,-189585.703125,55513.42578125,-2008.6927490234375,-0.0,-0.0,-0.0,-0.0,-0.0,-0.0,-0.0,-0.0,-0.0,-0.0,-0.0,-0.0,0.0003814697265625,-0.00255584716796875,0.00110626220703125,0.001678466796875,0.002899169921875,-0.00064849853515625,-0.0016021728515625,0.00392913818359375,-0.00064849853515625,-0.001983642578125,-0.00041961669921875,0.0048065185546875,0.0002288818359375,0.001678466796875,-0.000152587890625,0.00431060791015625,0.167083740234375,0.0433349609375,0.00396728515625,0.066680908203125,-0.338287353515625,0.038604736328125,0.10833740234375,0.09033203125,0.11322021484375,-0.008544921875,0.06561279296875,0.0830078125,-1.155242919921875,-2.02301025390625,0.50933837890625,-1.45172119140625,-2.647566556930542
387,0.1935,-0.0,-0.0,-0.0,-0.0,-0.0,-0.0,1.2489471435546875,-7.396127700805664,-654.9620971679688,-189420.6875,54673.796875,-2197.777099609375,-0.0,-0.0,-0.0,-0.0,-0.0,-0.0,-0.0,-0.0,-0.0,-0.0,-0.0,-0.0,0.00701904296875,0.00934600830078125,0.01308441162109375,0.01720428466796875,0.013885498046875,0.01468658447265625,0.00988006591796875,0.0251007080078125,0.0070953369140625,0.00911712646484375,0.0273895263671875,0.01308441162109375,0.01720428466796875,0.01338958740234375,0.00255584716796875,0.031280517578125,-0.2752685546875,-0.019989013671875,0.08697509765625,0.08941650390625,0.119476318359375,0.0628662109375,0.114593505859375,0.09246826171875,0.10528564453125,0.06103515625,0.0872802734375,0.044403076171875,0.04638671875,0.58868408203125,-0.098876953125,1.367034912109375,11.07222843170166
388,0.194,-0.0,-0.0,-0.0,-0.0,-0.0,-0.0,2.4105467796325684,-7.4888153076171875,-652.1431274414062,-188941.109375,53828.875,-2534.567626953125,-0.0,-0.0,-0.0,-0.0,-0.0,-0.0,-0.0,-0.0,-0.0,-0.0,-0.0,-0.0,-0.0003814697265625,0.0014495849609375,-0.001068115234375,-0.001983642578125,-0.0009918212890625,0.00019073486328125,0.000762939453125,-0.00286102294921875,-0.00041961669921875,0.00270843505859375,0.001373291015625,-0.00431060791015625,-0.00091552734375,-0.000457763671875,-0.0006103515625,-0.00400543212890625,0.548248291015625,-0.029449462890625,0.17242431640625,0.1025390625,0.15350341796875,0.194244384765625,0.096588134765625,0.08758544921875,0.098419189453125,0.08636474609375,0.09613037109375,0.077667236328125,1.162261962890625,2.2088623046875,-0.396728515625,1.65618896484375,11.07222843170166
389,0.1945,-0.0,-0.0,-0.0,-0.0,-0.0,-0.0,3.653681516647339,-8.326786994934082,-649.6784057617188,-188660.546875,53164.546875,-2783.70263671875,-0.0,-0.0,-0.0,-0.0,-0.0,-0.0,-0.0,-0.0,-0.0,-0.0,-0.0,-0.0,-0.00720977783203125,-0.00919342041015625,-0.0131988525390625,-0.01705169677734375,-0.01033782958984375,-0.0142669677734375,-0.0099945068359375,-0.0238037109375,-0.00514984130859375,-0.01117706298828125,-0.02323150634765625,-0.01251220703125,-0.0164031982421875,-0.01247406005859375,-0.0045013427734375,-0.02964019775390625,0.32745361328125,0.16693115234375,0.128936767578125,0.107574462890625,0.030670166015625,0.10223388671875,0.08697509765625,0.113525390625,0.074462890625,0.121002197265625,0.128326416015625,0.115509033203125,0.169830322265625,0.10345458984375,0.30670166015625,-1.0369873046875,0.09639240801334381
390,0.195,-0.0,-0.0,-0.0,-0.0,-0.0,-0.0,4.993648052215576,-8.728363990783691,-646.1384887695312,-188258.28125,52299.83203125,-3136.508544921875,-0.0,-0.0,-0.0,-0.0,-0.0,-0.0,-0.0,-0.0,-0.0,-0.0,-0.0,-0.0,0.00064849853515625,0.001220703125,3.814697265625e-05,0.00141143798828125,0.0038909912109375,0.0,-7.62939453125e-05,0.00335693359375,0.002288818359375,-0.00026702880859375,0.00026702880859375,0.001678466796875,0.00225067138671875,0.00247955322265625,-0.001068115234375,0.0038909912109375,-0.03204345703125,0.185699462890625,0.1702880859375,0.12786865234375,-0.02960205078125,0.09521484375,0.08819580078125,0.107574462890625,0.06805419921875,0.093841552734375,0.1202392578125,0.131378173828125,-0.986480712890625,-1.8341064453125,0.3204345703125,-1.4910888671875,-4.476872444152832
391,0.1955,-0.0,-0.0,-0.0,-0.0,-0.0,-0.0,5.707219123840332,-9.045610427856445,-642.9418334960938,-187906.6875,51539.296875,-3417.29052734375,-0.0,-0.0,-0.0,-0.0,-0.0,-0.0,-0.0,-0.0,-0.0,-0.0,-0.0,-0.0,0.00782012939453125,0.00995635986328125,0.01422882080078125,0.0167083740234375,0.01300811767578125,0.01613616943359375,0.0083160400390625,0.025634765625,0.00690460205078125,0.0109100341796875,0.0244903564453125,0.01338958740234375,0.0147247314453125,0.01190185546875,0.0058746337890625,0.02941131591796875,0.064544677734375,0.1214599609375,0.101165771484375,0.115814208984375,0.360260009765625,0.096282958984375,0.092315673828125,0.085296630859375,0.09124755859375,0.09307861328125,0.111236572265625,0.126495361328125,0.428619384765625,0.46234130859375,-0.11688232421875,1.121368408203125,1.3159297704696655
392,0.196,-0.0,-0.0,-0.0,-0.0,-0.0,-0.0,6.644985675811768,-9.491191864013672,-642.6251220703125,-187479.640625,51305.8359375,-3827.388427734375,-0.0,-0.0,-0.0,-0.0,-0.0,-0.0,-0.0,-0.0,-0.0,-0.0,-0.0,-0.0,-0.00034332275390625,-0.00125885009765625,-0.00110626220703125,-0.0006866455078125,-0.00049591064453125,-0.00152587890625,0.0008392333984375,-0.00194549560546875,-0.00087738037109375,0.00152587890625,0.00030517578125,-3.814697265625e-05,-0.00179290771484375,-0.00213623046875,-0.00225067138671875,-0.002899169921875,0.250396728515625,-0.00244140625,-0.046844482421875,0.1019287109375,0.021209716796875,0.115814208984375,0.108489990234375,0.09979248046875,0.101165771484375,0.13214111328125,0.065460205078125,0.1239013671875,1.506195068359375,2.06695556640625,-0.311279296875,1.76422119140625,7.108732223510742
393,0.1965,-0.0,-0.0,-0.0,-0.0,-0.0,-0.0,6.823323726654053,-9.934203147888184,-639.7803955078125,-187081.515625,50574.23828125,-3797.009521484375,-0.0,-0.0,-0.0,-0.0,-0.0,-0.0,-0.0,-0.0,-0.0,-0.0,-0.0,-0.0,-0.00885009765625,-0.00804901123046875,-0.0130462646484375,-0.0150299072265625,-0.01220703125,-0.0160980224609375,-0.00865936279296875,-0.02529144287109375,-0.009918212890625,-0.01216888427734375,-0.02407073974609375,-0.01407623291015625,-0.015411376953125,-0.01186370849609375,-0.0054931640625,-0.02964019775390625,0.09246826171875,0.261077880859375,0.09002685546875,0.09490966796875,0.10223388671875,0.06805419921875,0.12054443359375,0.125579833984375,0.072479248046875,0.088043212890625,0.0823974609375,0.09613037109375,-0.14190673828125,-0.3106689453125,0.23101806640625,-0.980987548828125,1.6208140850067139
394,0.197,-0.0,-0.0,-0.0,-0.0,-0.0,-0.0,7.085554122924805,-10.03117561340332,-637.853515625,-187002.09375,50350.828125,-3782.114501953125,-0.0,-0.0,-0.0,-0.0,-0.0,-0.0,-0.0,-0.0,-0.0,-0.0,-0.0,-0.0,0.00080108642578125,0.00171661376953125,0.0023651123046875,0.00141143798828125,0.0022125244140625,0.002899169921875,-0.0017547607421875,0.00453948974609375,0.00030517578125,-0.00026702880859375,0.0016021728515625,0.00179290771484375,0.002593994140625,0.00286102294921875,7.62939453125e-05,0.00408172607421875,0.07965087890625,0.311431884765625,-0.012969970703125,0.070037841796875,0.085601806640625,0.091705322265625,0.07171630859375,0.092620849609375,0.10284423828125,0.062713623046875,0.085601806640625,0.08636474609375,-1.007232666015625,-1.744384765625,0.5029296875,-1.464080810546875,-3.2573351860046387
395,0.1975,-0.0,-0.0,-0.0,-0.0,-0.0,-0.0,7.177225112915039,-9.57448959350586,-635.8726806640625,-186864.984375,49824.74609375,-3926.1298828125,-0.0,-0.0,-0.0,-0.0,-0.0,-0.0,-0.0,-0.0,-0.0,-0.0,-0.0,-0.0,0.0084686279296875,0.00858306884765625,0.01312255859375,0.01804351806640625,0.012969970703125,0.016021728515625,0.008697509765625,0.02620697021484375,0.0049591064453125,0.01148223876953125,0.0275421142578125,0.01338958740234375,0.0176239013671875,0.0131988525390625,0.006561279296875,0.0287628173828125,0.053253173828125,-0.003509521484375,0.42022705078125,0.116424560546875,-0.46875,0.1556396484375,0.1129150390625,0.1007080078125,0.087432861328125,0.101165771484375,0.139923095703125,0.08758544921875,0.358123779296875,0.71624755859375,-0.1483154296875,1.2249755859375,7.71850061416626
396,0.198,-0.0,-0.0,-0.0,-0.0,-0.0,-0.0,7.3152618408203125,-10.028658866882324,-633.2515869140625,-185928.78125,49353.80859375,-3928.378662109375,-0.0,-0.0,-0.0,-0.0,-0.0,-0.0,-0.0,-0.0,-0.0,-0.0,-0.0,-0.0,0.00034332275390625,0.00354766845703125,-0.00156402587890625,-0.0025177001953125,0.00034332275390625,-0.0014495849609375,-0.00080108642578125,-0.00316619873046875,-0.00011444091796875,7.62939453125e-05,-0.00316619873046875,-0.00156402587890625,-0.0029754638671875,0.0006866455078125,-0.0017547607421875,-0.0037384033203125,0.005340576171875,0.092010498046875,0.193328857421875,0.125274658203125,0.64422607421875,0.120391845703125,0.09124755859375,0.111541748046875,0.06927490234375,0.1666259765625,0.12237548828125,0.07720947265625,1.207275390625,1.820068359375,-0.53802490234375,1.55975341796875,9.24292278289795
397,0.1985,-0.0,-0.0,-0.0,-0.0,-0.0,-0.0,7.801280975341797,-9.801254272460938,-630.47509765625,-185232.390625,48862.19140625,-4088.638671875,-0.0,-0.0,-0.0,-0.0,-0.0,-0.0,-0.0,-0.0,-0.0,-0.0,-0.0,-0.0,-0.00751495361328125,-0.0090789794921875,-0.013427734375,-0.01369476318359375,-0.0130462646484375,-0.015106201171875,-0.0084686279296875,-0.023651123046875,-0.0081634521484375,-0.01129150390625,-0.0251007080078125,-0.01415252685546875,-0.0162506103515625,-0.0084686279296875,-0.0054931640625,-0.02910614013671875,0.11444091796875,0.07080078125,0.16510009765625,0.096588134765625,0.11383056640625,0.116424560546875,0.12054443359375,0.10528564453125,0.08575439453125,0.073394775390625,0.12664794921875,0.096893310546875,-0.362701416015625,-0.53985595703125,0.3765869140625,-0.86639404296875,0.09639240801334381
398,0.199,-0.0,-0.0,-0.0,-0.0,-0.0,-0.0,7.8869853019714355,-9.998880386352539,-627.979736328125,-184236.515625,48684.5546875,-4162.43212890625,-0.0,-0.0,-0.0,-0.0,-0.0,-0.0,-0.0,-0.0,-0.0,-0.0,-0.0,-0.0,0.00011444091796875,-0.00064849853515625,0.0019073486328125,0.00339508056640625,0.0023651123046875,0.000762939453125,0.001220703125,0.00499725341796875,0.00072479248046875,-0.00057220458984375,0.00522613525390625,0.00339508056640625,0.0026702880859375,0.000457763671875,0.0005340576171875,0.00682830810546875,0.09246826171875,0.05645751953125,0.141754150390625,0.083770751953125,-0.0830078125,0.093536376953125,0.077362060546875,0.08270263671875,0.092620849609375,0.10101318359375,0.076141357421875,0.091705322265625,-0.782928466796875,-1.46331787109375,0.57281494140625,-1.32354736328125,-1.732913613319397
399,0.1995,-0.0,-0.0,-0.0,-0.0,-0.0,-0.0,7.953332424163818,-9.893474578857422,-625.1015625,-183470.28125,48387.32421875,-4132.0078125,-0.0,-0.0,-0.0,-0.0,-0.0,-0.0,-0.0,-0.0,-0.0,-0.0,-0.0,-0.0,0.009307861328125,0.0058746337890625,0.01293182373046875,0.01728057861328125,0.010986328125,0.01575469970703125,0.00885009765625,0.024566650390625,0.006561279296875,0.0125885009765625,0.026397705078125,0.0141143798828125,0.017852783203125,0.01132965087890625,0.0038909912109375,0.0293731689453125,0.063018798828125,0.08544921875,0.02716064453125,0.108184814453125,-0.186767578125,0.06622314453125,0.127716064453125,0.091552734375,0.11322021484375,0.13427734375,0.062713623046875,0.10528564453125,0.16693115234375,0.5499267578125,0.0787353515625,1.2030029296875,10.4624605178833
400,0.2,-0.0,-0.0,-0.0,-0.0,-0.0,-0.0,7.536532878875732,-9.679417610168457,-623.0650024414062,-182802.75,48299.9765625,-4136.29443359375,-0.0,-0.0,-0.0,-0.0,-0.0,-0.0,-0.0,-0.0,-0.0,-0.0,-0.0,-0.0,-0.00072479248046875,-0.0018310546875,-0.00026702880859375,-0.00308990478515625,-0.0012969970703125,-0.003509521484375,-0.000762939453125,-0.0028228759765625,-0.00148773193359375,-0.00152587890625,-0.00331878662109375,-0.003814697265625,-0.00568389892578125,0.00091552734375,-0.00030517578125,-0.005035400390625,-0.22125244140625,0.210113525390625,0.15167236328125,0.107421875,0.014190673828125,0.1043701171875,0.07843017578125,0.117340087890625,0.07293701171875,0.071563720703125,0.087127685546875,0.09246826171875,1.0443115234375,1.6522216796875,-0.550537109375,1.648712158203125,6.498963356018066
401,0.2005,-0.0,-0.0,-0.0,-0.0,-0.0,-0.0,7.590246200561523,-9.850746154785156,-620.3677978515625,-182290.328125,48272.4375,-4012.41357421875,-0.0,-0.0,-0.0,-0.0,-0.0,-0.0,-0.0,-0.0,-0.0,-0.0,-0.0,-0.0,-0.00762939453125,-0.00675201416015625,-0.01270294189453125,-0.0156402587890625,-0.01220703125,-0.0142669677734375,-0.0104522705078125,-0.02307891845703125,-0.00606536865234375,-0.01506805419921875,-0.02506256103515625,-0.01434326171875,-0.01636505126953125,-0.01201629638671875,-0.0026702880859375,-0.028839111328125,-0.05615234375,-0.018157958984375,0.00335693359375,0.100250244140625,0.31219482421875,0.06072998046875,0.108642578125,0.096282958984375,0.084381103515625,0.0860595703125,0.043792724609375,0.077056884765625,-0.391387939453125,-0.39276123046875,0.1068115234375,-0.81207275390625,-1.1231448650360107
402,0.201,-0.0,-0.0,-0.0,-0.0,-0.0,-0.0,7.396895408630371,-9.754100799560547,-618.587158203125,-181653.5625,48003.37109375,-4089.625244140625,-0.0,-0.0,-0.0,-0.0,-0.0,-0.0,-0.0,-0.0,-0.0,-0.0,-0.0,-0.0,0.00080108642578125,0.00286102294921875,0.00240325927734375,0.00286102294921875,0.00270843505859375,0.00354766845703125,0.0018310546875,0.0025177001953125,0.00209808349609375,0.001068115234375,0.00209808349609375,0.0038909912109375,0.00606536865234375,0.0009918212890625,0.0006103515625,0.005340576171875,0.498809814453125,0.055389404296875,-0.031585693359375,0.0994873046875,0.25604248046875,0.11993408203125,0.11627197265625,0.10406494140625,0.083770751953125,0.081024169921875,0.144500732421875,0.109100341796875,-1.078643798828125,-1.57989501953125,0.6121826171875,-1.3092041015625,-2.342682361602783
403,0.2015,-0.0,-0.0,-0.0,-0.0,-0.0,-0.0,7.17555046081543,-8.862584114074707,-617.1275024414062,-180966.5625,48127.45703125,-3956.636962890625,-0.0,-0.0,-0.0,-0.0,-0.0,-0.0,-0.0,-0.0,-0.0,-0.0,-0.0,-0.0,0.00942230224609375,0.00682830810546875,0.01209259033203125,0.01819610595703125,0.011444091796875,0.0164031982421875,0.00911712646484375,0.02376556396484375,0.00637054443359375,0.013275146484375,0.028839111328125,0.01373291015625,0.0154876708984375,0.0118255615234375,0.00362396240234375,0.02964019775390625,0.29052734375,0.00885009765625,0.088653564453125,0.082550048828125,-0.120086669921875,0.098114013671875,0.10986328125,0.094146728515625,0.08544921875,0.12725830078125,0.0665283203125,0.088653564453125,0.45257568359375,1.00372314453125,0.1043701171875,0.81207275390625,6.498963356018066
404,0.202,-0.0,-0.0,-0.0,-0.0,-0.0,-0.0,6.712864875793457,-8.428961753845215,-616.6359252929688,-180696.265625,48284.45703125,-3901.711669921875,-0.0,-0.0,-0.0,-0.0,-0.0,-0.0,-0.0,-0.0,-0.0,-0.0,-0.0,-0.0,-0.00095367431640625,-0.002288818359375,-0.00064849853515625,-0.00347137451171875,-0.0017547607421875,-0.00385284423828125,-0.00102996826171875,-0.0029754638671875,-0.001983642578125,-0.00026702880859375,-0.00392913818359375,-0.00370025634765625,-0.00629425048828125,-0.00091552734375,0.00034332275390625,-0.00568389892578125,-0.061187744140625,0.121612548828125,0.019378662109375,0.074310302734375,-0.11566162109375,0.0799560546875,0.082855224609375,0.10894775390625,0.093536376953125,0.071258544921875,0.108642578125,0.08880615234375,1.16668701171875,1.61224365234375,-0.48065185546875,1.3677978515625,17.1699161529541
405,0.2025,-0.0,-0.0,-0.0,-0.0,-0.0,-0.0,6.656704425811768,-7.491158485412598,-617.8966674804688,-180270.21875,48405.5546875,-3778.5615234375,-0.0,-0.0,-0.0,-0.0,-0.0,-0.0,-0.0,-0.0,-0.0,-0.0,-0.0,-0.0,-0.00720977783203125,-0.00476837158203125,-0.01338958740234375,-0.016632080078125,-0.010223388671875,-0.0145721435546875,-0.01071929931640625,-0.023345947265625,-0.00675201416015625,-0.0107574462890625,-0.0257110595703125,-0.01270294189453125,-0.01621246337890625,-0.01110076904296875,-0.00347137451171875,-0.03078460693359375,-0.18829345703125,-0.00518798828125,0.24566650390625,0.086517333984375,0.35308837890625,0.057830810546875,0.093536376953125,0.084991455078125,0.1171875,0.088043212890625,0.135498046875,0.063018798828125,0.086212158203125,-0.28076171875,0.428466796875,-0.761566162109375,-10.574559211730957
406,0.203,-0.0,-0.0,-0.0,-0.0,-0.0,-0.0,5.977104187011719,-6.905420780181885,-616.2989501953125,-179850.984375,48356.1328125,-3690.134033203125,-0.0,-0.0,-0.0,-0.0,-0.0,-0.0,-0.0,-0.0,-0.0,-0.0,-0.0,-0.0,-0.00034332275390625,0.00171661376953125,0.00385284423828125,0.0037384033203125,0.00232696533203125,0.00148773193359375,0.00179290771484375,0.0055694580078125,0.00164031982421875,-0.000457763671875,0.00690460205078125,0.00461578369140625,0.004119873046875,0.00225067138671875,0.00213623046875,0.006256103515625,0.118255615234375,0.2655029296875,0.091094970703125,0.118408203125,0.21148681640625,0.1580810546875,0.11688232421875,0.119171142578125,0.089263916015625,0.106353759765625,0.0396728515625,0.10650634765625,-0.895233154296875,-1.5924072265625,0.6524658203125,-1.08428955078125,-4.476872444152832
407,0.20350000000000001,-0.0,-0.0,-0.0,-0.0,-0.0,-0.0,5.93025541305542,-6.600132942199707,-612.0430908203125,-179235.296875,48544.30078125,-3566.987060546875,-0.0,-0.0,-0.0,-0.0,-0.0,-0.0,-0.0,-0.0,-0.0,-0.0,-0.0,-0.0,0.008544921875,0.00640869140625,0.0136566162109375,0.01712799072265625,0.0141143798828125,0.01491546630859375,0.00888824462890625,0.0279998779296875,0.0072479248046875,0.010223388671875,0.0258636474609375,0.015411376953125,0.01605987548828125,0.01178741455078125,0.0064849853515625,0.02979278564453125,0.34149169921875,0.12908935546875,0.09674072265625,0.09124755859375,-0.036773681640625,0.09765625,0.102081298828125,0.094451904296875,0.085906982421875,0.158538818359375,0.17791748046875,0.143280029296875,0.233917236328125,0.5535888671875,-0.089111328125,0.745697021484375,9.24292278289795
408,0.20400000000000001,-0.0,-0.0,-0.0,-0.0,-0.0,-0.0,5.301082134246826,-6.614148139953613,-611.4461059570312,-178201.21875,48253.74609375,-3447.916259765625,-0.0,-0.0,-0.0,-0.0,-0.0,-0.0,-0.0,-0.0,-0.0,-0.0,-0.0,-0.0,-0.00118255615234375,0.000457763671875,-0.002593994140625,-0.00209808349609375,-0.00278472900390625,-0.001678466796875,-0.00087738037109375,-0.00640869140625,-0.00057220458984375,-0.00095367431640625,-0.0054931640625,-0.0060272216796875,-0.005340576171875,-0.00217437744140625,-0.0008392333984375,-0.00629425048828125,0.111846923828125,0.14129638671875,0.180206298828125,0.1104736328125,0.4144287109375,0.083770751953125,0.099639892578125,0.108642578125,0.074005126953125,0.088043212890625,0.148468017578125,0.12908935546875,1.298675537109375,1.3739013671875,-0.650634765625,1.407928466796875,9.547806739807129
409,0.20450000000000002,-0.0,-0.0,-0.0,-0.0,-0.0,-0.0,5.34304141998291,-5.798266410827637,-611.3923950195312,-177912.046875,48287.17578125,-3245.59716796875,-0.0,-0.0,-0.0,-0.0,-0.0,-0.0,-0.0,-0.0,-0.0,-0.0,-0.0,-0.0,-0.0074005126953125,-0.01094818115234375,-0.01300811767578125,-0.01689910888671875,-0.0113677978515625,-0.01483917236328125,-0.00946044921875,-0.02407073974609375,-0.00652313232421875,-0.01293182373046875,-0.02559661865234375,-0.01209259033203125,-0.01689910888671875,-0.012359619140625,-0.0019073486328125,-0.02899169921875,0.1153564453125,0.118255615234375,0.1287841796875,0.08941650390625,-0.327911376953125,0.114593505859375,0.138397216796875,0.088043212890625,0.110931396484375,0.086822509765625,0.052642822265625,0.124359130859375,0.045928955078125,-0.538330078125,0.03692626953125,-0.814208984375,-2.647566556930542
410,0.20500000000000002,-0.0,-0.0,-0.0,-0.0,-0.0,-0.0,5.5261454582214355,-5.295906066894531,-610.4617919921875,-178164.421875,48321.75390625,-3310.004638671875,-0.0,-0.0,-0.0,-0.0,-0.0,-0.0,-0.0,-0.0,-0.0,-0.0,-0.0,-0.0,0.0008392333984375,-0.00034332275390625,0.0029754638671875,0.00335693359375,0.00217437744140625,0.00286102294921875,0.00301361083984375,0.00308990478515625,0.00133514404296875,0.0029754638671875,0.00751495361328125,0.00568389892578125,0.00751495361328125,0.0037384033203125,0.00102996826171875,0.00659942626953125,-0.096893310546875,0.231170654296875,0.064849853515625,0.085906982421875,-0.626373291015625,0.0927734375,0.103607177734375,0.095977783203125,0.11474609375,0.062255859375,0.044708251953125,0.11688232421875,-0.666961669921875,-1.17828369140625,0.59295654296875,-1.12762451171875,-1.1231448650360107
411,0.20550000000000002,-0.0,-0.0,-0.0,-0.0,-0.0,-0.0,5.211199760437012,-5.3478240966796875,-611.6875610351562,-178133.5625,48543.01171875,-3294.51416015625,-0.0,-0.0,-0.0,-0.0,-0.0,-0.0,-0.0,-0.0,-0.0,-0.0,-0.0,-0.0,0.00782012939453125,0.0138092041015625,0.0124359130859375,0.01636505126953125,0.01201629638671875,0.01674652099609375,0.01026153564453125,0.023193359375,0.00934600830078125,0.01129150390625,0.02780914306640625,0.0130462646484375,0.01781463623046875,0.01220703125,0.00484466552734375,0.0299835205078125,0.249481201171875,-0.13580322265625,0.126495361328125,0.0897216796875,0.45745849609375,0.124969482421875,0.112762451171875,0.078277587890625,0.107574462890625,0.12054443359375,0.060882568359375,0.0787353515625,0.359344482421875,0.73516845703125,-0.17486572265625,1.073455810546875,7.108732223510742
412,0.20600000000000002,-0.0,-0.0,-0.0,-0.0,-0.0,-0.0,4.9538044929504395,-5.180038928985596,-613.8059692382812,-178457.265625,48578.15234375,-3132.597412109375,-0.0,-0.0,-0.0,-0.0,-0.0,-0.0,-0.0,-0.0,-0.0,-0.0,-0.0,-0.0,-0.0002288818359375,-0.00370025634765625,-0.00286102294921875,-0.00438690185546875,-0.0009918212890625,-0.00347137451171875,-0.0054168701171875,-0.0030517578125,-0.00209808349609375,-0.0042724609375,-0.00530242919921875,-0.00335693359375,-0.00682830810546875,-0.0026702880859375,-0.0002288818359375,-0.0058746337890625,-0.17181396484375,0.281219482421875,-0.06561279296875,0.09674072265625,0.08270263671875,0.068511962890625,0.04150390625,0.09033203125,0.095062255859375,-0.119171142578125,0.108184814453125,0.068206787109375,0.845184326171875,1.74957275390625,-0.4791259765625,1.62445068359375,8.93803882598877
413,0.20650000000000002,-0.0,-0.0,-0.0,-0.0,-0.0,-0.0,4.580799579620361,-4.8238654136657715,-614.3457641601562,-178466.296875,48979.1953125,-3046.206787109375,-0.0,-0.0,-0.0,-0.0,-0.0,-0.0,-0.0,-0.0,-0.0,-0.0,-0.0,-0.0,-0.00766754150390625,-0.00591278076171875,-0.01377105712890625,-0.01415252685546875,-0.01155853271484375,-0.0154876708984375,-0.00789642333984375,-0.02346038818359375,-0.0067138671875,-0.013275146484375,-0.02452850341796875,-0.00766754150390625,-0.01667022705078125,-0.01094818115234375,-0.0031280517578125,-0.02857208251953125,0.58563232421875,-0.11260986328125,0.063323974609375,0.101470947265625,0.365142822265625,0.076904296875,0.14190673828125,0.115814208984375,0.099945068359375,0.147705078125,0.185699462890625,0.101318359375,-0.30731201171875,-0.3033447265625,0.634765625,-0.69244384765625,1.0110454559326172
414,0.20700000000000002,-0.0,-0.0,-0.0,-0.0,-0.0,-0.0,4.633364200592041,-5.211339950561523,-615.1401977539062,-178106.59375,49356.34375,-2974.34619140625,-0.0,-0.0,-0.0,-0.0,-0.0,-0.0,-0.0,-0.0,-0.0,-0.0,-0.0,-0.0,0.0006866455078125,0.00522613525390625,0.0045013427734375,0.003204345703125,0.00270843505859375,0.00354766845703125,0.0035858154296875,0.004119873046875,0.00152587890625,0.0014495849609375,0.00804901123046875,0.003814697265625,0.0086212158203125,0.00331878662109375,0.0026702880859375,0.00598907470703125,0.10406494140625,0.18096923828125,0.3399658203125,0.094451904296875,0.76873779296875,0.171661376953125,0.0799560546875,0.102691650390625,0.09521484375,0.137481689453125,0.1519775390625,0.081024169921875,-1.1505126953125,-1.27166748046875,0.51300048828125,-0.994415283203125,-0.20849192142486572
415,0.20750000000000002,-0.0,-0.0,-0.0,-0.0,-0.0,-0.0,4.382820129394531,-5.222749710083008,-617.0508422851562,-178241.21875,49381.875,-2958.756103515625,-0.0,-0.0,-0.0,-0.0,-0.0,-0.0,-0.0,-0.0,-0.0,-0.0,-0.0,-0.0,0.00659942626953125,0.0034332275390625,0.01270294189453125,0.01644134521484375,0.01346588134765625,0.01491546630859375,0.010528564453125,0.02193450927734375,0.00743865966796875,0.0113677978515625,0.0238800048828125,0.0136566162109375,0.01758575439453125,0.0122833251953125,0.00335693359375,0.0295257568359375,-0.13946533203125,0.29052734375,0.007476806640625,0.085906982421875,-0.729217529296875,0.0244140625,0.09307861328125,0.09429931640625,0.097198486328125,0.174407958984375,0.02899169921875,0.077972412109375,0.205535888671875,0.6597900390625,-0.10498046875,1.1297607421875,8.328269958496094
416,0.20800000000000002,-0.0,-0.0,-0.0,-0.0,-0.0,-0.0,4.389394760131836,-5.116164207458496,-618.2298583984375,-178557.828125,49854.1484375,-3013.2900390625,-0.0,-0.0,-0.0,-0.0,-0.0,-0.0,-0.0,-0.0,-0.0,-0.0,-0.0,-0.0,-0.000457763671875,0.00202178955078125,-0.0034332275390625,-0.00335693359375,-0.0023651123046875,-0.0018310546875,-0.000762939453125,-0.00530242919921875,-0.00064849853515625,3.814697265625e-05,-0.0101470947265625,-0.00278472900390625,-0.00682830810546875,-0.003204345703125,-0.00026702880859375,-0.006866455078125,0.2587890625,0.036163330078125,0.233612060546875,0.118408203125,0.28076171875,0.071258544921875,0.147247314453125,0.091094970703125,0.105743408203125,0.115509033203125,0.06561279296875,0.108489990234375,0.98663330078125,1.44866943359375,-0.269775390625,1.229705810546875,9.547806739807129
417,0.2085,-0.0,-0.0,-0.0,-0.0,-0.0,-0.0,4.323679447174072,-5.026785373687744,-620.1839599609375,-178235.65625,49946.1875,-3132.044677734375,-0.0,-0.0,-0.0,-0.0,-0.0,-0.0,-0.0,-0.0,-0.0,-0.0,-0.0,-0.0,-0.007781982421875,-0.0096893310546875,-0.01232147216796875,-0.01659393310546875,-0.01064300537109375,-0.0148773193359375,-0.01232147216796875,-0.02193450927734375,-0.00728607177734375,-0.013580322265625,-0.0226593017578125,-0.0096893310546875,-0.01728057861328125,-0.01087188720703125,-0.0029754638671875,-0.02811431884765625,0.2032470703125,-0.117034912109375,0.062713623046875,0.11444091796875,0.01922607421875,0.22796630859375,0.0579833984375,0.10650634765625,0.0823974609375,-0.100250244140625,0.126953125,0.1031494140625,-0.145721435546875,-0.10162353515625,0.5316162109375,-0.74005126953125,-0.5133762359619141
418,0.209,-0.0,-0.0,-0.0,-0.0,-0.0,-0.0,4.466711521148682,-3.326939105987549,-619.8063354492188,-178092.359375,50460.86328125,-2939.57421875,-0.0,-0.0,-0.0,-0.0,-0.0,-0.0,-0.0,-0.0,-0.0,-0.0,-0.0,-0.0,0.003509521484375,0.00102996826171875,0.0042724609375,0.0043487548828125,0.0035858154296875,0.00324249267578125,0.0031280517578125,0.0072479248046875,0.0016021728515625,0.0032806396484375,0.010223388671875,0.0035858154296875,0.00644683837890625,0.00274658203125,0.001068115234375,0.0064849853515625,0.107269287109375,0.1812744140625,0.090789794921875,0.11566162109375,0.374908447265625,0.10528564453125,0.156097412109375,0.13336181640625,0.05523681640625,0.209197998046875,0.095367431640625,0.11383056640625,-0.763397216796875,-1.08154296875,0.6201171875,-0.998382568359375,1.0110454559326172
419,0.2095,-0.0,-0.0,-0.0,-0.0,-0.0,-0.0,3.147087812423706,-2.7092156410217285,-618.3936157226562,-177417.78125,50696.01953125,-2683.668701171875,-0.0,-0.0,-0.0,-0.0,-0.0,-0.0,-0.0,-0.0,-0.0,-0.0,-0.0,-0.0,0.00843048095703125,0.0074005126953125,0.01361846923828125,0.017242431640625,0.011138916015625,0.0154876708984375,0.0113677978515625,0.02216339111328125,0.006256103515625,0.016937255859375,0.02471923828125,0.01255035400390625,0.01834869384765625,0.012359619140625,0.00377655029296875,0.0283050537109375,-0.03143310546875,0.218658447265625,0.168304443359375,0.096893310546875,0.117340087890625,0.09185791015625,0.0994873046875,0.104827880859375,0.08209228515625,0.159912109375,0.103302001953125,0.106353759765625,0.860137939453125,0.570068359375,0.1116943359375,1.375885009765625,6.498963356018066
420,0.21,-0.0,-0.0,-0.0,-0.0,-0.0,-0.0,2.0518417358398438,-2.8935680389404297,-618.1284790039062,-177568.4375,51216.2109375,-2250.313232421875,-0.0,-0.0,-0.0,-0.0,-0.0,-0.0,-0.0,-0.0,-0.0,-0.0,-0.0,-0.0,-0.00034332275390625,-0.002288818359375,-0.00431060791015625,-0.0035858154296875,-0.0041961669921875,-0.002288818359375,-0.00545501708984375,-0.0049591064453125,-0.00110626220703125,-0.003204345703125,-0.008544921875,-0.00354766845703125,-0.00782012939453125,-0.004119873046875,-0.00133514404296875,-0.0072479248046875,0.12481689453125,0.185394287109375,-0.05584716796875,0.072784423828125,0.11627197265625,-0.0018310546875,0.111083984375,0.0799560546875,0.139617919921875,0.14495849609375,0.0225830078125,0.112152099609375,0.934906005859375,1.0577392578125,-0.345458984375,1.2890625,9.852691650390625
421,0.2105,-0.0,-0.0,-0.0,-0.0,-0.0,-0.0,0.9723813533782959,-2.139129638671875,-619.9431762695312,-177362.890625,51688.515625,-1842.0782470703125,-0.0,-0.0,-0.0,-0.0,-0.0,-0.0,-0.0,-0.0,-0.0,-0.0,-0.0,-0.0,-0.0091552734375,-0.0083160400390625,-0.01323699951171875,-0.01483917236328125,-0.011138916015625,-0.01739501953125,-0.00988006591796875,-0.02254486083984375,-0.00736236572265625,-0.01338958740234375,-0.0225067138671875,-0.0139617919921875,-0.01895904541015625,-0.01148223876953125,-0.00316619873046875,-0.029144287109375,-0.2362060546875,0.262298583984375,-0.077972412109375,0.079803466796875,-0.125885009765625,0.1080322265625,0.10650634765625,0.08575439453125,0.124664306640625,0.053253173828125,0.1025390625,0.096588134765625,-0.0634765625,-0.35003662109375,0.04180908203125,-1.29974365234375,0.7061610817909241
422,0.211,-0.0,-0.0,-0.0,-0.0,-0.0,-0.0,0.6178222298622131,-2.0286927223205566,-621.1063842773438,-177277.53125,52103.671875,-1821.3232421875,-0.0,-0.0,-0.0,-0.0,-0.0,-0.0,-0.0,-0.0,-0.0,-0.0,-0.0,-0.0,0.0037384033203125,0.00141143798828125,0.00247955322265625,0.00514984130859375,0.0025177001953125,0.00392913818359375,0.00339508056640625,0.008087158203125,0.00011444091796875,0.00171661376953125,0.01041412353515625,0.006103515625,0.007476806640625,0.0025177001953125,0.002288818359375,0.00827789306640625,0.535430908203125,-0.131378173828125,0.226898193359375,0.10345458984375,0.11016845703125,0.057373046875,0.10467529296875,0.06561279296875,0.125274658203125,0.02716064453125,0.097503662109375,0.059051513671875,-0.73516845703125,-0.7940673828125,0.39947509765625,-0.821990966796875,-1.732913613319397
423,0.2115,-0.0,-0.0,-0.0,-0.0,-0.0,-0.0,1.1664690971374512,-2.6528892517089844,-620.3472290039062,-176892.71875,52135.125,-1948.119873046875,-0.0,-0.0,-0.0,-0.0,-0.0,-0.0,-0.0,-0.0,-0.0,-0.0,-0.0,-0.0,0.00843048095703125,0.00621795654296875,0.013427734375,0.01708984375,0.01140594482421875,0.01461029052734375,0.01194000244140625,0.02300262451171875,0.00759124755859375,0.01407623291015625,0.025177001953125,0.01262664794921875,0.01964569091796875,0.0124359130859375,0.00274658203125,0.02910614013671875,0.1580810546875,0.0396728515625,0.230712890625,0.117034912109375,-0.27618408203125,0.172882080078125,0.086517333984375,0.132904052734375,0.06622314453125,0.1788330078125,0.18310546875,0.086517333984375,0.46966552734375,0.548095703125,-0.1580810546875,1.48681640625,6.803847789764404
424,0.212,-0.0,-0.0,-0.0,-0.0,-0.0,-0.0,1.0293434858322144,-1.597508192062378,-617.820556640625,-176056.71875,52387.609375,-1886.5186767578125,-0.0,-0.0,-0.0,-0.0,-0.0,-0.0,-0.0,-0.0,-0.0,-0.0,-0.0,-0.0,-0.0009918212890625,-0.00164031982421875,-0.00152587890625,-0.00347137451171875,-0.002593994140625,-0.00370025634765625,-0.0038909912109375,-0.005035400390625,-0.0022125244140625,-0.00446319580078125,-0.00804901123046875,-0.00408172607421875,-0.00946044921875,-0.00293731689453125,-0.00091552734375,-0.00774383544921875,-0.02349853515625,0.08575439453125,0.159759521484375,0.094451904296875,-0.15594482421875,0.152740478515625,0.078582763671875,0.11627197265625,0.082550048828125,0.0421142578125,0.15869140625,0.120086669921875,0.968017578125,1.16302490234375,-0.45440673828125,1.059722900390625,8.328269958496094
425,0.2125,-0.0,-0.0,-0.0,-0.0,-0.0,-0.0,1.070526123046875,-1.3299514055252075,-617.5489501953125,-175641.921875,52453.12890625,-1713.1331787109375,-0.0,-0.0,-0.0,-0.0,-0.0,-0.0,-0.0,-0.0,-0.0,-0.0,-0.0,-0.0,-0.0086212158203125,-0.0058746337890625,-0.01300811767578125,-0.0182342529296875,-0.011749267578125,-0.0151824951171875,-0.0096893310546875,-0.02471923828125,-0.00522613525390625,-0.012969970703125,-0.026092529296875,-0.0118255615234375,-0.0200653076171875,-0.00946044921875,-0.0049591064453125,-0.0293731689453125,0.084686279296875,0.15106201171875,0.06805419921875,0.110321044921875,0.59967041015625,0.05767822265625,0.110321044921875,0.091094970703125,0.10345458984375,0.12359619140625,0.072021484375,0.077362060546875,-0.509033203125,-0.44708251953125,0.247802734375,-1.19354248046875,2.5354671478271484
426,0.213,-0.0,-0.0,-0.0,-0.0,-0.0,-0.0,0.9331492185592651,-0.5900213718414307,-618.2274169921875,-175399.546875,52744.6328125,-1514.8280029296875,-0.0,-0.0,-0.0,-0.0,-0.0,-0.0,-0.0,-0.0,-0.0,-0.0,-0.0,-0.0,0.00091552734375,7.62939453125e-05,0.0016021728515625,0.00453948974609375,0.00431060791015625,0.0028228759765625,0.00186920166015625,0.005950927734375,0.0032806396484375,-0.0025177001953125,0.0115966796875,0.0057220458984375,0.00942230224609375,0.00415802001953125,0.00164031982421875,0.00804901123046875,-0.301361083984375,0.189666748046875,0.050506591796875,0.11566162109375,-0.3173828125,0.0775146484375,0.09307861328125,0.095977783203125,0.108184814453125,0.132598876953125,-0.009307861328125,0.081329345703125,-1.40350341796875,-0.8721923828125,0.9271240234375,-0.709381103515625,-3.8671038150787354
427,0.2135,-0.0,-0.0,-0.0,-0.0,-0.0,-0.0,0.5980258584022522,0.25287821888923645,-620.2127075195312,-175527.578125,53021.00390625,-1509.4578857421875,-0.0,-0.0,-0.0,-0.0,-0.0,-0.0,-0.0,-0.0,-0.0,-0.0,-0.0,-0.0,0.0087738037109375,0.00621795654296875,0.01354217529296875,0.01708984375,0.00988006591796875,0.01583099365234375,0.01129150390625,0.0250244140625,0.00579833984375,0.0141143798828125,0.0260162353515625,0.01739501953125,0.0193023681640625,0.01102447509765625,0.00720977783203125,0.02838134765625,0.35491943359375,-0.110015869140625,0.128021240234375,0.113677978515625,-0.259552001953125,0.10986328125,0.123748779296875,0.107574462890625,0.119171142578125,0.087890625,0.101470947265625,0.070037841796875,0.335693359375,0.63690185546875,0.1611328125,1.71630859375,5.584310531616211
428,0.214,-0.0,-0.0,-0.0,-0.0,-0.0,-0.0,0.8363567590713501,0.7613194584846497,-620.7284545898438,-175945.140625,53212.03125,-1471.4117431640625,-0.0,-0.0,-0.0,-0.0,-0.0,-0.0,-0.0,-0.0,-0.0,-0.0,-0.0,-0.0,-0.002593994140625,-0.00102996826171875,-0.00202178955078125,-0.00438690185546875,-0.00225067138671875,-0.0040435791015625,-0.0029754638671875,-0.00705718994140625,-0.00030517578125,-0.0011444091796875,-0.01129150390625,-0.00457763671875,-0.00827789306640625,-0.00278472900390625,-0.00232696533203125,-0.0067901611328125,-0.387115478515625,0.113525390625,-0.048065185546875,0.13458251953125,0.428619384765625,0.0396728515625,0.0897216796875,0.1202392578125,0.091400146484375,0.081939697265625,0.149993896484375,0.085601806640625,0.959014892578125,0.84381103515625,-0.20843505859375,0.96343994140625,7.413616180419922
429,0.2145,-0.0,-0.0,-0.0,-0.0,-0.0,-0.0,0.4868857264518738,0.2416694015264511,-622.0816650390625,-175698.71875,53033.1015625,-1326.708984375,-0.0,-0.0,-0.0,-0.0,-0.0,-0.0,-0.0,-0.0,-0.0,-0.0,-0.0,-0.0,-0.0089263916015625,-0.009613037109375,-0.01270294189453125,-0.01567840576171875,-0.0116729736328125,-0.016632080078125,-0.00949859619140625,-0.02330780029296875,-0.005950927734375,-0.01361846923828125,-0.024566650390625,-0.01255035400390625,-0.02040863037109375,-0.01049041748046875,-0.00438690185546875,-0.028839111328125,0.573272705078125,-0.001068115234375,0.040283203125,0.066680908203125,0.117340087890625,0.133819580078125,0.107269287109375,0.097198486328125,0.11383056640625,0.124359130859375,0.08697509765625,0.13763427734375,-0.404510498046875,-0.36529541015625,0.201416015625,-1.31378173828125,-2.95245099067688
430,0.215,-0.0,-0.0,-0.0,-0.0,-0.0,-0.0,0.7621442675590515,0.05611956864595413,-623.7462768554688,-176264.359375,53494.390625,-1480.6375732421875,-0.0,-0.0,-0.0,-0.0,-0.0,-0.0,-0.0,-0.0,-0.0,-0.0,-0.0,-0.0,0.00255584716796875,0.0012969970703125,0.0048065185546875,0.00392913818359375,0.00339508056640625,0.0057220458984375,0.00263214111328125,0.0054168701171875,0.003509521484375,0.00640869140625,0.0127410888671875,0.00019073486328125,0.01300811767578125,0.00232696533203125,-0.0006103515625,0.009613037109375,0.1708984375,0.34912109375,0.07080078125,0.072174072265625,0.09979248046875,0.059967041015625,0.0897216796875,0.113067626953125,0.1116943359375,0.052032470703125,0.106048583984375,0.152435302734375,-0.211334228515625,-0.41229248046875,0.26824951171875,-0.70037841796875,-2.0377979278564453
431,0.2155,-0.0,-0.0,-0.0,-0.0,-0.0,-0.0,1.1033556461334229,-1.0132344961166382,-624.4531860351562,-176545.0625,53605.69140625,-1415.4595947265625,-0.0,-0.0,-0.0,-0.0,-0.0,-0.0,-0.0,-0.0,-0.0,-0.0,-0.0,-0.0,0.009918212890625,0.00896453857421875,0.01277923583984375,0.016326904296875,0.01331329345703125,0.01617431640625,0.00965118408203125,0.02399444580078125,0.00896453857421875,0.01194000244140625,0.02399444580078125,0.0154876708984375,0.0199127197265625,0.00934600830078125,0.00701904296875,0.0283050537109375,-0.011749267578125,0.31829833984375,0.207977294921875,0.069732666015625,0.038604736328125,0.09246826171875,0.09124755859375,0.07965087890625,0.135498046875,0.073699951171875,0.147857666015625,0.140533447265625,0.64117431640625,0.74249267578125,-0.20477294921875,1.228485107421875,7.71850061416626
432,0.216,-0.0,-0.0,-0.0,-0.0,-0.0,-0.0,1.7921730279922485,-1.5725247859954834,-625.3838500976562,-176867.90625,53764.43359375,-1601.923583984375,-0.0,-0.0,-0.0,-0.0,-0.0,-0.0,-0.0,-0.0,-0.0,-0.0,-0.0,-0.0,-0.002593994140625,-0.0031280517578125,-0.0048828125,-0.00274658203125,-0.00347137451171875,-0.00457763671875,-0.00255584716796875,-0.0067901611328125,-0.00164031982421875,-0.0070953369140625,-0.0113677978515625,-0.004730224609375,-0.01316070556640625,-0.00286102294921875,-0.00171661376953125,-0.00835418701171875,0.236053466796875,-0.175628662109375,0.2001953125,0.078277587890625,-0.15899658203125,0.10498046875,0.09613037109375,0.051422119140625,0.140228271484375,0.169219970703125,0.11138916015625,0.09002685546875,0.585174560546875,0.57647705078125,-0.4180908203125,0.717620849609375,9.24292278289795
433,0.2165,-0.0,-0.0,-0.0,-0.0,-0.0,-0.0,2.2465198040008545,-2.0418779850006104,-625.4172973632812,-176755.0625,54069.26171875,-1823.1669921875,-0.0,-0.0,-0.0,-0.0,-0.0,-0.0,-0.0,-0.0,-0.0,-0.0,-0.0,-0.0,-0.00865936279296875,-0.008697509765625,-0.01117706298828125,-0.01495361328125,-0.011138916015625,-0.01621246337890625,-0.00904083251953125,-0.02208709716796875,-0.0091552734375,-0.01361846923828125,-0.024261474609375,-0.0119781494140625,-0.01888275146484375,-0.0109100341796875,-0.004119873046875,-0.02841949462890625,-0.100860595703125,0.181884765625,0.01739501953125,0.116729736328125,0.095977783203125,0.126953125,0.090179443359375,0.113677978515625,0.094146728515625,0.069427490234375,0.100860595703125,0.08758544921875,-0.261993408203125,-0.41778564453125,0.22796630859375,-1.00311279296875,-1.4280292987823486
434,0.217,-0.0,-0.0,-0.0,-0.0,-0.0,-0.0,2.3599588871002197,-2.4387378692626953,-626.541259765625,-176475.046875,54317.359375,-1959.0655517578125,-0.0,-0.0,-0.0,-0.0,-0.0,-0.0,-0.0,-0.0,-0.0,-0.0,-0.0,-0.0,0.00213623046875,0.00270843505859375,0.00530242919921875,0.00522613525390625,0.0026702880859375,0.00438690185546875,0.0043487548828125,0.006866455078125,0.00232696533203125,0.00308990478515625,0.01270294189453125,0.007171630859375,0.0153350830078125,0.0029754638671875,3.814697265625e-05,0.00980377197265625,0.10986328125,0.199127197265625,0.149688720703125,0.1348876953125,0.169525146484375,0.12451171875,0.098419189453125,0.12603759765625,0.098876953125,0.107879638671875,0.066375732421875,0.10955810546875,-0.733489990234375,-0.45379638671875,0.66009521484375,-0.287322998046875,-1.1231448650360107
435,0.2175,-0.0,-0.0,-0.0,-0.0,-0.0,-0.0,2.4895131587982178,-1.8633649349212646,-627.7939453125,-176772.796875,54738.73046875,-2014.808837890625,-0.0,-0.0,-0.0,-0.0,-0.0,-0.0,-0.0,-0.0,-0.0,-0.0,-0.0,-0.0,0.01003265380859375,0.00911712646484375,0.01201629638671875,0.0162506103515625,0.01232147216796875,0.0170135498046875,0.0110626220703125,0.02246856689453125,0.00736236572265625,0.0141143798828125,0.0244140625,0.0098419189453125,0.01995086669921875,0.0110626220703125,0.0031280517578125,0.02826690673828125,0.217437744140625,0.0634765625,-0.084991455078125,0.108184814453125,0.10894775390625,0.023651123046875,0.113525390625,0.084075927734375,0.10009765625,0.16510009765625,0.05096435546875,0.095062255859375,0.632781982421875,0.53375244140625,-0.37689208984375,1.31561279296875,8.023386001586914
436,0.218,-0.0,-0.0,-0.0,-0.0,-0.0,-0.0,2.0836269855499268,-1.7508513927459717,-625.7333374023438,-176409.734375,54905.50390625,-1785.687744140625,-0.0,-0.0,-0.0,-0.0,-0.0,-0.0,-0.0,-0.0,-0.0,-0.0,-0.0,-0.0,-0.0041961669921875,-0.001983642578125,-0.00423431396484375,-0.0037384033203125,-0.00286102294921875,-0.00396728515625,-0.0052642822265625,-0.00823974609375,-0.00041961669921875,-0.005950927734375,-0.01338958740234375,-0.002288818359375,-0.015106201171875,-0.00255584716796875,-0.0022125244140625,-0.00766754150390625,0.12939453125,0.18341064453125,0.135040283203125,0.073089599609375,-0.08209228515625,0.11932373046875,0.099945068359375,0.0933837890625,0.098724365234375,0.04486083984375,0.079498291015625,0.087432861328125,0.514984130859375,0.5279541015625,-0.30364990234375,0.4510498046875,7.108732223510742
437,0.2185,-0.0,-0.0,-0.0,-0.0,-0.0,-0.0,1.65472412109375,-0.9086073637008667,-624.422119140625,-175864.6875,55521.140625,-1710.3709716796875,-0.0,-0.0,-0.0,-0.0,-0.0,-0.0,-0.0,-0.0,-0.0,-0.0,-0.0,-0.0,-0.00804901123046875,-0.01056671142578125,-0.011749267578125,-0.0145721435546875,-0.012969970703125,-0.0135040283203125,-0.00904083251953125,-0.02239227294921875,-0.0079345703125,-0.01155853271484375,-0.02368927001953125,-0.0127410888671875,-0.01617431640625,-0.01232147216796875,-0.00213623046875,-0.02910614013671875,0.143585205078125,0.059661865234375,-0.0250244140625,0.084075927734375,-0.101318359375,0.082244873046875,0.087890625,0.0836181640625,0.10711669921875,0.0457763671875,0.07415771484375,0.076751708984375,-0.211181640625,-0.4156494140625,0.40802001953125,-0.7757568359375,-0.5133762359619141
438,0.219,-0.0,-0.0,-0.0,-0.0,-0.0,-0.0,0.995032787322998,-0.2899132966995239,-625.5864868164062,-175509.890625,56216.2734375,-1456.781005859375,-0.0,-0.0,-0.0,-0.0,-0.0,-0.0,-0.0,-0.0,-0.0,-0.0,-0.0,-0.0,0.00209808349609375,0.0060272216796875,0.0038909912109375,0.0052642822265625,0.00553131103515625,0.00457763671875,0.005035400390625,0.008544921875,0.001220703125,0.00415802001953125,0.0157928466796875,0.007781982421875,0.0142669677734375,0.004119873046875,0.0019073486328125,0.009613037109375,-0.221099853515625,0.15289306640625,0.128173828125,0.123138427734375,0.0787353515625,0.0701904296875,0.092315673828125,0.096282958984375,0.0927734375,0.181732177734375,0.06256103515625,0.07965087890625,-0.42327880859375,0.05035400390625,0.61920166015625,-0.26580810546875,8.633153915405273
439,0.2195,-0.0,-0.0,-0.0,-0.0,-0.0,-0.0,-0.1962936967611313,-0.25846290588378906,-624.9342041015625,-175511.6875,56793.41796875,-1251.6890869140625,-0.0,-0.0,-0.0,-0.0,-0.0,-0.0,-0.0,-0.0,-0.0,-0.0,-0.0,-0.0,0.01110076904296875,0.00812530517578125,0.01270294189453125,0.016326904296875,0.013580322265625,0.01644134521484375,0.0078582763671875,0.02349853515625,0.00701904296875,0.0130462646484375,0.02376556396484375,0.01209259033203125,0.01888275146484375,0.01041412353515625,0.00400543212890625,0.0292205810546875,0.40374755859375,-0.04486083984375,0.1849365234375,0.107574462890625,-0.0250244140625,0.158233642578125,0.0738525390625,0.09033203125,0.089263916015625,-0.024261474609375,0.18524169921875,0.073394775390625,0.5999755859375,0.83404541015625,-0.07843017578125,1.18621826171875,5.889194965362549
440,0.22,-0.0,-0.0,-0.0,-0.0,-0.0,-0.0,-1.0576921701431274,0.11633846163749695,-624.9698486328125,-174680.640625,57363.97265625,-1023.0914306640625,-0.0,-0.0,-0.0,-0.0,-0.0,-0.0,-0.0,-0.0,-0.0,-0.0,-0.0,-0.0,-0.00400543212890625,-0.001983642578125,-0.00316619873046875,-0.00537872314453125,-0.0029754638671875,-0.0043487548828125,-0.003814697265625,-0.0077056884765625,-0.001678466796875,-0.00453948974609375,-0.0164794921875,-0.004425048828125,-0.01312255859375,-0.00446319580078125,-0.0017547607421875,-0.00885009765625,0.142059326171875,0.080718994140625,0.09735107421875,0.10162353515625,0.442962646484375,0.12542724609375,0.207366943359375,0.125885009765625,0.083770751953125,0.206451416015625,0.103912353515625,0.08880615234375,0.631866455078125,0.28167724609375,-0.21820068359375,0.543670654296875,5.584310531616211
441,0.2205,-0.0,-0.0,-0.0,-0.0,-0.0,-0.0,-2.2517600059509277,0.654625654220581,-626.6262817382812,-174884.625,58131.625,-879.172607421875,-0.0,-0.0,-0.0,-0.0,-0.0,-0.0,-0.0,-0.0,-0.0,-0.0,-0.0,-0.0,-0.00762939453125,-0.00751495361328125,-0.01468658447265625,-0.0139617919921875,-0.0102996826171875,-0.015411376953125,-0.009765625,-0.02246856689453125,-0.00560760498046875,-0.01392364501953125,-0.023651123046875,-0.01087188720703125,-0.0159454345703125,-0.0109100341796875,-0.00820159912109375,-0.0281524658203125,0.118408203125,0.020599365234375,0.07598876953125,0.086517333984375,0.16204833984375,0.11810302734375,0.132904052734375,0.120086669921875,0.10406494140625,0.140533447265625,0.11932373046875,0.09765625,-0.2398681640625,-0.58319091796875,0.5755615234375,-0.87127685546875,0.40127673745155334
442,0.221,-0.0,-0.0,-0.0,-0.0,-0.0,-0.0,-2.934591770172119,0.5347824096679688,-625.24951171875,-174621.71875,59007.77734375,-716.7714233398438,-0.0,-0.0,-0.0,-0.0,-0.0,-0.0,-0.0,-0.0,-0.0,-0.0,-0.0,-0.0,0.00156402587890625,0.0012969970703125,0.004119873046875,0.00476837158203125,0.0037384033203125,0.00606536865234375,0.00545501708984375,0.00652313232421875,0.00263214111328125,0.0055694580078125,0.011444091796875,0.0041961669921875,0.0141143798828125,0.003662109375,0.0022125244140625,0.00888824462890625,0.068817138671875,-0.09613037109375,0.02960205078125,0.063018798828125,0.059814453125,0.071258544921875,0.119171142578125,0.09063720703125,0.110931396484375,0.1239013671875,0.0592041015625,0.092620849609375,-0.420989990234375,-0.23223876953125,0.0732421875,-0.1177978515625,1.0110454559326172
443,0.2215,-0.0,-0.0,-0.0,-0.0,-0.0,-0.0,-4.1036834716796875,0.7415054440498352,-628.6226806640625,-175039.546875,59712.0859375,-475.5577392578125,-0.0,-0.0,-0.0,-0.0,-0.0,-0.0,-0.0,-0.0,-0.0,-0.0,-0.0,-0.0,0.00774383544921875,0.0072479248046875,0.01300811767578125,0.0171661376953125,0.01216888427734375,0.01537322998046875,0.00797271728515625,0.0260162353515625,0.00698089599609375,0.008697509765625,0.0246429443359375,0.0113677978515625,0.01689910888671875,0.0109100341796875,0.00354766845703125,0.02910614013671875,0.107269287109375,0.379180908203125,0.008544921875,0.113372802734375,0.054473876953125,0.05859375,0.082550048828125,0.098724365234375,0.099029541015625,0.11138916015625,0.110015869140625,0.090484619140625,0.25054931640625,0.77239990234375,-0.1568603515625,1.105499267578125,8.023386001586914
444,0.222,-0.0,-0.0,-0.0,-0.0,-0.0,-0.0,-5.9373297691345215,0.6528716683387756,-629.7198486328125,-175634.515625,60927.94921875,-147.3359832763672,-0.0,-0.0,-0.0,-0.0,-0.0,-0.0,-0.0,-0.0,-0.0,-0.0,-0.0,-0.0,-0.00331878662109375,-0.00431060791015625,-0.00213623046875,-0.0060272216796875,-0.00263214111328125,-0.00514984130859375,-0.00637054443359375,-0.00614166259765625,-0.0031280517578125,-0.004730224609375,-0.013580322265625,-0.00537872314453125,-0.01312255859375,-0.00560760498046875,0.000762939453125,-0.01033782958984375,-0.636138916015625,0.19012451171875,0.2294921875,0.1190185546875,0.048980712890625,0.085601806640625,0.0469970703125,0.096893310546875,0.09918212890625,0.0567626953125,0.035247802734375,0.094451904296875,0.494537353515625,0.52825927734375,-0.34820556640625,0.51055908203125,8.328269958496094
445,0.2225,-0.0,-0.0,-0.0,-0.0,-0.0,-0.0,-7.166167736053467,0.17826080322265625,-633.1742553710938,-176896.8125,61904.9140625,106.11420440673828,-0.0,-0.0,-0.0,-0.0,-0.0,-0.0,-0.0,-0.0,-0.0,-0.0,-0.0,-0.0,-0.00766754150390625,-0.00797271728515625,-0.01369476318359375,-0.01422882080078125,-0.011444091796875,-0.01468658447265625,-0.01018524169921875,-0.02147674560546875,-0.00640869140625,-0.0115966796875,-0.0232696533203125,-0.01354217529296875,-0.01651763916015625,-0.009765625,-0.0079345703125,-0.02777099609375,-0.11505126953125,0.096282958984375,0.03204345703125,0.121612548828125,0.044708251953125,0.053863525390625,0.204315185546875,0.07720947265625,0.10894775390625,0.056915283203125,0.11383056640625,0.106201171875,0.06561279296875,-0.24261474609375,0.17913818359375,-0.95458984375,-1.732913613319397
446,0.223,-0.0,-0.0,-0.0,-0.0,-0.0,-0.0,-7.781066417694092,-0.5644489526748657,-635.9595336914062,-177265.90625,62943.8984375,394.6493835449219,-0.0,-0.0,-0.0,-0.0,-0.0,-0.0,-0.0,-0.0,-0.0,-0.0,-0.0,-0.0,0.00438690185546875,0.00324249267578125,0.0045013427734375,0.00499725341796875,0.00579833984375,0.00514984130859375,0.00614166259765625,0.00858306884765625,0.00316619873046875,0.00659942626953125,0.0116729736328125,0.00698089599609375,0.01575469970703125,0.00354766845703125,0.0012969970703125,0.0103759765625,0.95672607421875,-0.327911376953125,0.229644775390625,0.09368896484375,0.094757080078125,0.16876220703125,0.086517333984375,0.09918212890625,0.09490966796875,0.0927734375,0.171966552734375,0.1123046875,-0.132904052734375,-0.17669677734375,0.355224609375,-0.0457763671875,0.7061610817909241
447,0.2235,-0.0,-0.0,-0.0,-0.0,-0.0,-0.0,-9.19876480102539,-1.099785327911377,-637.4130249023438,-177841.703125,63653.62890625,466.002685546875,-0.0,-0.0,-0.0,-0.0,-0.0,-0.0,-0.0,-0.0,-0.0,-0.0,-0.0,-0.0,0.00995635986328125,0.00820159912109375,0.01277923583984375,0.01605987548828125,0.01316070556640625,0.0160980224609375,0.00713348388671875,0.02269744873046875,0.00766754150390625,0.01110076904296875,0.0231170654296875,0.01338958740234375,0.0174713134765625,0.01064300537109375,0.00644683837890625,0.0274658203125,0.45196533203125,0.42327880859375,0.160675048828125,0.096893310546875,0.099945068359375,0.13946533203125,0.076446533203125,0.116729736328125,0.080108642578125,0.11444091796875,0.176544189453125,0.077972412109375,0.131988525390625,0.58197021484375,0.0189208984375,1.2286376953125,5.279426097869873
448,0.224,-0.0,-0.0,-0.0,-0.0,-0.0,-0.0,-9.941874504089355,-2.0003411769866943,-640.078125,-178434.03125,64632.4765625,702.6968383789062,-0.0,-0.0,-0.0,-0.0,-0.0,-0.0,-0.0,-0.0,-0.0,-0.0,-0.0,-0.0,-0.00335693359375,-0.00095367431640625,-0.0061798095703125,-0.00453948974609375,-0.003814697265625,-0.0074005126953125,-0.00392913818359375,-0.009002685546875,-0.00087738037109375,-0.006103515625,-0.01232147216796875,-0.00335693359375,-0.01468658447265625,-0.00255584716796875,-0.00286102294921875,-0.00988006591796875,-0.6524658203125,0.337371826171875,0.081024169921875,0.128631591796875,0.07843017578125,0.085906982421875,0.119171142578125,0.1348876953125,0.090484619140625,0.12542724609375,0.05889892578125,0.113067626953125,0.4754638671875,0.28076171875,0.17425537109375,0.08026123046875,7.71850061416626
449,0.2245,-0.0,-0.0,-0.0,-0.0,-0.0,-0.0,-11.53722095489502,-2.684262990951538,-640.7094116210938,-178612.046875,65606.015625,858.2808837890625,-0.0,-0.0,-0.0,-0.0,-0.0,-0.0,-0.0,-0.0,-0.0,-0.0,-0.0,-0.0,-0.008697509765625,-0.00896453857421875,-0.01220703125,-0.01613616943359375,-0.01285552978515625,-0.0140380859375,-0.01064300537109375,-0.02208709716796875,-0.00667572021484375,-0.0128936767578125,-0.02452850341796875,-0.0110626220703125,-0.0162506103515625,-0.0113677978515625,-0.00492095947265625,-0.0286102294921875,0.506439208984375,0.038604736328125,0.017852783203125,0.0726318359375,0.0811767578125,0.07049560546875,0.064544677734375,0.067901611328125,0.127105712890625,0.005645751953125,0.095062255859375,0.113067626953125,-0.23895263671875,-0.62469482421875,0.40802001953125,-0.93109130859375,1.9256983995437622
450,0.225,-0.0,-0.0,-0.0,-0.0,-0.0,-0.0,-11.93326473236084,-3.5258822441101074,-641.3018188476562,-178711.859375,66341.7421875,1159.530029296875,-0.0,-0.0,-0.0,-0.0,-0.0,-0.0,-0.0,-0.0,-0.0,-0.0,-0.0,-0.0,0.00415802001953125,0.0038909912109375,0.00415802001953125,0.00583648681640625,0.00499725341796875,0.00274658203125,0.00698089599609375,0.007781982421875,0.00274658203125,0.0054931640625,0.01232147216796875,0.0037384033203125,0.015716552734375,0.0041961669921875,0.00091552734375,0.01033782958984375,0.41839599609375,-0.095977783203125,0.112152099609375,0.09246826171875,0.111541748046875,0.062103271484375,0.08270263671875,0.073394775390625,0.1129150390625,0.138092041015625,0.1092529296875,0.10528564453125,-0.438995361328125,-0.125732421875,0.08056640625,0.19012451171875,1.3159297704696655
451,0.2255,-0.0,-0.0,-0.0,-0.0,-0.0,-0.0,-13.181927680969238,-3.9217376708984375,-642.1231689453125,-178502.53125,66471.828125,1230.7506103515625,-0.0,-0.0,-0.0,-0.0,-0.0,-0.0,-0.0,-0.0,-0.0,-0.0,-0.0,-0.0,0.01129150390625,0.01033782958984375,0.01323699951171875,0.01644134521484375,0.0128936767578125,0.0144195556640625,0.009307861328125,0.02407073974609375,0.00690460205078125,0.013580322265625,0.02635955810546875,0.0122833251953125,0.016326904296875,0.01148223876953125,0.00591278076171875,0.02635955810546875,-0.27099609375,0.14068603515625,0.13214111328125,0.1043701171875,0.39459228515625,0.129852294921875,0.07110595703125,0.108795166015625,0.095672607421875,0.04119873046875,0.110015869140625,0.126495361328125,0.577545166015625,1.26556396484375,-0.11627197265625,1.181182861328125,8.633153915405273
452,0.226,-0.0,-0.0,-0.0,-0.0,-0.0,-0.0,-13.47766399383545,-3.861017942428589,-641.3048706054688,-178576.390625,66597.4140625,1299.7679443359375,-0.0,-0.0,-0.0,-0.0,-0.0,-0.0,-0.0,-0.0,-0.0,-0.0,-0.0,-0.0,-0.00339508056640625,-0.00904083251953125,-0.00522613525390625,-0.003662109375,-0.004730224609375,-0.0048065185546875,-0.00659942626953125,-0.00797271728515625,-0.003662109375,-0.0077056884765625,-0.011749267578125,-0.00362396240234375,-0.01445770263671875,-0.0029754638671875,-0.00244140625,-0.009765625,0.184173583984375,0.02960205078125,0.0762939453125,0.08148193359375,-0.743408203125,0.107421875,0.09429931640625,0.084686279296875,0.087432861328125,0.1983642578125,0.0927734375,0.115509033203125,0.413818359375,0.03143310546875,0.08209228515625,-0.064239501953125,7.71850061416626
453,0.2265,-0.0,-0.0,-0.0,-0.0,-0.0,-0.0,-12.53952407836914,-3.247817277908325,-639.9620361328125,-178102.546875,66860.8046875,1177.349853515625,-0.0,-0.0,-0.0,-0.0,-0.0,-0.0,-0.0,-0.0,-0.0,-0.0,-0.0,-0.0,-0.00850677490234375,-0.00396728515625,-0.01163482666015625,-0.01621246337890625,-0.0090789794921875,-0.01407623291015625,-0.01110076904296875,-0.02353668212890625,-0.0067901611328125,-0.01049041748046875,-0.0270843505859375,-0.01316070556640625,-0.0168609619140625,-0.00885009765625,-0.004119873046875,-0.029296875,0.081634521484375,0.148773193359375,0.20843505859375,0.087432861328125,0.405426025390625,0.07659912109375,0.115966796875,0.10589599609375,0.08056640625,0.079345703125,0.11138916015625,0.106048583984375,0.086822509765625,-0.85479736328125,0.39764404296875,-1.0516357421875,1.3159297704696655
454,0.227,-0.0,-0.0,-0.0,-0.0,-0.0,-0.0,-12.037525177001953,-2.595832109451294,-641.2200927734375,-177762.71875,66905.75,1055.5758056640625,-0.0,-0.0,-0.0,-0.0,-0.0,-0.0,-0.0,-0.0,-0.0,-0.0,-0.0,-0.0,0.00293731689453125,0.00583648681640625,0.004730224609375,0.0051116943359375,0.00453948974609375,0.0072479248046875,0.00270843505859375,0.009765625,0.002593994140625,0.00476837158203125,0.0154876708984375,0.0014495849609375,0.01567840576171875,0.00476837158203125,0.0025177001953125,0.009765625,-0.25848388671875,0.261993408203125,0.12939453125,0.081024169921875,0.440216064453125,0.07232666015625,0.074310302734375,0.09552001953125,0.08880615234375,0.07843017578125,0.091094970703125,0.082855224609375,-0.20599365234375,0.34149169921875,-0.18585205078125,0.092010498046875,2.5354671478271484
455,0.2275,-0.0,-0.0,-0.0,-0.0,-0.0,-0.0,-11.943036079406738,-2.0110151767730713,-637.7769775390625,-177087.984375,66776.1171875,1121.7059326171875,-0.0,-0.0,-0.0,-0.0,-0.0,-0.0,-0.0,-0.0,-0.0,-0.0,-0.0,-0.0,0.009918212890625,0.00827789306640625,0.01239776611328125,0.0159454345703125,0.012054443359375,0.0151824951171875,0.01102447509765625,0.0217437744140625,0.0080108642578125,0.01132965087890625,0.02498626708984375,0.01491546630859375,0.0197601318359375,0.01239776611328125,0.004730224609375,0.02849578857421875,0.181121826171875,-0.022735595703125,0.15716552734375,0.09490966796875,0.2117919921875,0.149688720703125,0.096588134765625,0.0921630859375,0.11077880859375,0.166778564453125,0.0799560546875,0.089263916015625,0.474853515625,0.95001220703125,0.12115478515625,1.80877685546875,7.413616180419922
456,0.228,-0.0,-0.0,-0.0,-0.0,-0.0,-0.0,-11.981843948364258,-1.6319580078125,-636.3208618164062,-176680.09375,66927.6640625,1089.0050048828125,-0.0,-0.0,-0.0,-0.0,-0.0,-0.0,-0.0,-0.0,-0.0,-0.0,-0.0,-0.0,-0.00217437744140625,-0.0011444091796875,-0.005340576171875,-0.0037384033203125,-0.00560760498046875,-0.0064849853515625,-0.0060272216796875,-0.0081634521484375,-0.00396728515625,-0.007476806640625,-0.01178741455078125,-0.0060272216796875,-0.01468658447265625,-0.00457763671875,-0.00091552734375,-0.0107574462890625,0.026397705078125,0.13885498046875,0.02532958984375,0.10650634765625,0.493011474609375,0.05279541015625,0.091552734375,0.08880615234375,0.086517333984375,0.09429931640625,0.014495849609375,0.03631591796875,0.25543212890625,-0.24139404296875,-0.1983642578125,-0.13702392578125,6.803847789764404
457,0.2285,-0.0,-0.0,-0.0,-0.0,-0.0,-0.0,-12.031940460205078,-1.414617896080017,-635.8602294921875,-176212.140625,66879.40625,1226.2894287109375,-0.0,-0.0,-0.0,-0.0,-0.0,-0.0,-0.0,-0.0,-0.0,-0.0,-0.0,-0.0,-0.0092315673828125,-0.00980377197265625,-0.01201629638671875,-0.0145721435546875,-0.0110626220703125,-0.015716552734375,-0.0090789794921875,-0.02101898193359375,-0.006256103515625,-0.0116729736328125,-0.026092529296875,-0.013580322265625,-0.017852783203125,-0.00957489013671875,-0.00598907470703125,-0.02819061279296875,0.240631103515625,0.052032470703125,0.227813720703125,0.103302001953125,-0.070648193359375,0.176544189453125,0.0927734375,0.1123046875,0.068511962890625,0.102081298828125,0.1287841796875,0.068206787109375,-0.071563720703125,-0.88836669921875,0.321044921875,-1.141815185546875,-1.1231448650360107
458,0.229,-0.0,-0.0,-0.0,-0.0,-0.0,-0.0,-11.48497486114502,-1.5655720233917236,-633.0979614257812,-175625.03125,67067.7109375,1158.5859375,-0.0,-0.0,-0.0,-0.0,-0.0,-0.0,-0.0,-0.0,-0.0,-0.0,-0.0,-0.0,0.00537872314453125,0.0006103515625,0.00400543212890625,0.0054931640625,0.00621795654296875,0.006103515625,0.00484466552734375,0.0122833251953125,0.002593994140625,0.0077056884765625,0.015869140625,0.006256103515625,0.01636505126953125,0.004119873046875,0.0034332275390625,0.01010894775390625,0.433349609375,-0.08453369140625,0.083160400390625,0.127716064453125,-0.220184326171875,0.072021484375,0.099945068359375,0.101318359375,0.07476806640625,0.11566162109375,0.11749267578125,0.10711669921875,0.08819580078125,0.62255859375,0.36865234375,0.467071533203125,-4.78175687789917
459,0.2295,-0.0,-0.0,-0.0,-0.0,-0.0,-0.0,-11.302727699279785,-1.8951817750930786,-633.711669921875,-175576.546875,67068.8125,987.8524169921875,-0.0,-0.0,-0.0,-0.0,-0.0,-0.0,-0.0,-0.0,-0.0,-0.0,-0.0,-0.0,0.00728607177734375,0.00728607177734375,0.01277923583984375,0.01617431640625,0.012664794921875,0.0127410888671875,0.00946044921875,0.0234222412109375,0.00797271728515625,0.0136566162109375,0.02529144287109375,0.01483917236328125,0.0164794921875,0.01251220703125,0.00545501708984375,0.0266265869140625,-0.10833740234375,0.227813720703125,-0.09796142578125,0.1263427734375,-0.24566650390625,0.066986083984375,0.088653564453125,0.121917724609375,0.0579833984375,0.077362060546875,0.11810302734375,0.122222900390625,0.537261962890625,1.3458251953125,-0.03570556640625,1.539306640625,11.681997299194336
460,0.23,-0.0,-0.0,-0.0,-0.0,-0.0,-0.0,-10.36031723022461,-2.558047294616699,-632.8043212890625,-175463.3125,66888.0546875,979.165771484375,-0.0,-0.0,-0.0,-0.0,-0.0,-0.0,-0.0,-0.0,-0.0,-0.0,-0.0,-0.0,-0.00324249267578125,-0.00133514404296875,-0.004119873046875,-0.00518798828125,-0.00461578369140625,-0.00568389892578125,-0.0049591064453125,-0.0093841552734375,-0.0040435791015625,-0.00736236572265625,-0.0136566162109375,-0.0067901611328125,-0.01506805419921875,-0.00537872314453125,-0.00164031982421875,-0.010528564453125,0.301055908203125,0.010833740234375,0.218963623046875,0.06866455078125,0.435028076171875,0.10772705078125,0.09246826171875,0.080108642578125,0.099029541015625,0.0958251953125,0.140533447265625,0.121917724609375,-0.368194580078125,-0.4327392578125,-0.230712890625,-0.53009033203125,4.974541664123535
461,0.2305,-0.0,-0.0,-0.0,-0.0,-0.0,-0.0,-9.536065101623535,-2.2522671222686768,-633.4044189453125,-175708.59375,66987.9296875,744.2822875976562,-0.0,-0.0,-0.0,-0.0,-0.0,-0.0,-0.0,-0.0,-0.0,-0.0,-0.0,-0.0,-0.008087158203125,-0.00492095947265625,-0.01194000244140625,-0.01514434814453125,-0.01079559326171875,-0.015106201171875,-0.00736236572265625,-0.02330780029296875,-0.00705718994140625,-0.0113677978515625,-0.0244140625,-0.01224517822265625,-0.01956939697265625,-0.01148223876953125,-0.00457763671875,-0.0269317626953125,0.098724365234375,0.309906005859375,0.260772705078125,0.09033203125,0.267181396484375,0.098876953125,0.13275146484375,0.100860595703125,0.088653564453125,0.0555419921875,0.075836181640625,0.1177978515625,-0.304412841796875,-0.84442138671875,0.15045166015625,-1.21795654296875,-3.8671038150787354
462,0.231,-0.0,-0.0,-0.0,-0.0,-0.0,-0.0,-8.513513565063477,-1.8210886716842651,-635.1778564453125,-175916.9375,67032.0234375,685.86279296875,-0.0,-0.0,-0.0,-0.0,-0.0,-0.0,-0.0,-0.0,-0.0,-0.0,-0.0,-0.0,0.00576019287109375,0.00263214111328125,0.00476837158203125,0.0064849853515625,0.00408172607421875,0.006561279296875,0.00400543212890625,0.010833740234375,0.00431060791015625,0.00732421875,0.0145721435546875,0.00606536865234375,0.017852783203125,0.0026702880859375,0.0023651123046875,0.00949859619140625,-0.536651611328125,0.037994384765625,-0.02166748046875,0.091705322265625,0.065765380859375,0.138397216796875,0.020904541015625,0.09735107421875,0.121307373046875,-0.0299072265625,0.07415771484375,0.114288330078125,-0.091400146484375,0.61248779296875,0.4034423828125,0.519866943359375,1.6208140850067139
463,0.2315,-0.0,-0.0,-0.0,-0.0,-0.0,-0.0,-7.8366498947143555,-1.0834271907806396,-635.5167236328125,-175981.453125,67139.125,514.851806640625,-0.0,-0.0,-0.0,-0.0,-0.0,-0.0,-0.0,-0.0,-0.0,-0.0,-0.0,-0.0,0.00682830810546875,0.0075531005859375,0.01255035400390625,0.01621246337890625,0.0115203857421875,0.016021728515625,0.00946044921875,0.02292633056640625,0.008544921875,0.01232147216796875,0.0237274169921875,0.012359619140625,0.0176239013671875,0.0121307373046875,0.00278472900390625,0.02712249755859375,0.79376220703125,-0.1239013671875,-0.0006103515625,0.08453369140625,0.063323974609375,0.04638671875,0.087738037109375,0.06500244140625,0.11993408203125,0.1031494140625,0.0439453125,0.08209228515625,0.56976318359375,0.94482421875,-0.340576171875,1.22100830078125,5.584310531616211
464,0.232,-0.0,-0.0,-0.0,-0.0,-0.0,-0.0,-6.117136478424072,-0.30465587973594666,-635.1651611328125,-175997.796875,66929.859375,193.41387939453125,-0.0,-0.0,-0.0,-0.0,-0.0,-0.0,-0.0,-0.0,-0.0,-0.0,-0.0,-0.0,-0.0028228759765625,-0.00644683837890625,-0.00301361083984375,-0.0054931640625,-0.0043487548828125,-0.0040435791015625,-0.0060272216796875,-0.00759124755859375,-0.00316619873046875,-0.00629425048828125,-0.012664794921875,-0.00614166259765625,-0.01705169677734375,-0.00457763671875,0.00064849853515625,-0.01155853271484375,0.060882568359375,0.065460205078125,0.360870361328125,0.111846923828125,-0.442657470703125,0.14678955078125,0.146331787109375,0.125274658203125,0.082550048828125,0.1873779296875,0.22979736328125,0.096282958984375,0.2203369140625,-0.5816650390625,-0.2288818359375,-0.407867431640625,6.1940789222717285
465,0.2325,-0.0,-0.0,-0.0,-0.0,-0.0,-0.0,-5.569357872009277,0.2930757403373718,-636.5819091796875,-175618.53125,67122.5625,-31.718265533447266,-0.0,-0.0,-0.0,-0.0,-0.0,-0.0,-0.0,-0.0,-0.0,-0.0,-0.0,-0.0,-0.00560760498046875,-0.00461578369140625,-0.01155853271484375,-0.01567840576171875,-0.0124359130859375,-0.01354217529296875,-0.00774383544921875,-0.02162933349609375,-0.006866455078125,-0.01049041748046875,-0.02376556396484375,-0.01331329345703125,-0.01369476318359375,-0.010986328125,-0.00530242919921875,-0.027923583984375,0.080108642578125,0.2630615234375,0.158843994140625,0.088348388671875,0.074310302734375,0.115203857421875,0.088958740234375,0.096435546875,0.107421875,0.17822265625,0.1446533203125,0.110321044921875,0.023345947265625,-0.6292724609375,0.3076171875,-0.8831787109375,-2.0377979278564453
466,0.233,-0.0,-0.0,-0.0,-0.0,-0.0,-0.0,-5.760433197021484,0.7893552780151367,-634.411865234375,-175204.0625,67437.5625,73.12556457519531,-0.0,-0.0,-0.0,-0.0,-0.0,-0.0,-0.0,-0.0,-0.0,-0.0,-0.0,-0.0,0.00263214111328125,0.00640869140625,0.0051116943359375,0.00438690185546875,0.0046539306640625,0.00751495361328125,0.0055694580078125,0.009307861328125,0.00274658203125,0.00667572021484375,0.01285552978515625,0.0081634521484375,0.01491546630859375,0.00499725341796875,0.0038909912109375,0.0102996826171875,0.005340576171875,0.25909423828125,0.036468505859375,0.080108642578125,0.443267822265625,0.017852783203125,-0.16143798828125,0.089874267578125,0.1324462890625,-0.0390625,0.0274658203125,0.101318359375,0.362701416015625,0.736083984375,0.181884765625,0.73516845703125,1.3159297704696655
467,0.2335,-0.0,-0.0,-0.0,-0.0,-0.0,-0.0,-6.002432823181152,2.253565788269043,-632.0409545898438,-174643.8125,67867.015625,237.4113006591797,-0.0,-0.0,-0.0,-0.0,-0.0,-0.0,-0.0,-0.0,-0.0,-0.0,-0.0,-0.0,0.00804901123046875,0.00995635986328125,0.01361846923828125,0.016326904296875,0.01140594482421875,0.0150299072265625,0.01041412353515625,0.0228118896484375,0.0074005126953125,0.00919342041015625,0.026092529296875,0.01476287841796875,0.01735687255859375,0.01064300537109375,0.00423431396484375,0.02796173095703125,-0.106658935546875,0.31524658203125,-0.007476806640625,0.0970458984375,0.252227783203125,0.046234130859375,0.066070556640625,0.086822509765625,0.125732421875,0.1129150390625,0.023956298828125,0.079803466796875,0.416717529296875,0.8209228515625,-0.0885009765625,1.42791748046875,6.1940789222717285
468,0.234,-0.0,-0.0,-0.0,-0.0,-0.0,-0.0,-6.499350547790527,2.4966039657592773,-631.48193359375,-174233.6875,67946.328125,329.60394287109375,-0.0,-0.0,-0.0,-0.0,-0.0,-0.0,-0.0,-0.0,-0.0,-0.0,-0.0,-0.0,-0.00537872314453125,-0.00385284423828125,-0.00514984130859375,-0.00576019287109375,-0.00518798828125,-0.0055694580078125,-0.00652313232421875,-0.00865936279296875,-0.0042724609375,-0.00732421875,-0.01094818115234375,-0.005340576171875,-0.0188446044921875,-0.00362396240234375,-0.0016021728515625,-0.01239776611328125,-0.1611328125,-0.050048828125,0.004119873046875,0.13153076171875,0.072021484375,0.13916015625,0.156402587890625,0.0860595703125,0.113372802734375,0.145111083984375,0.0732421875,0.044403076171875,0.066680908203125,-0.54290771484375,0.13519287109375,-0.960845947265625,2.5354671478271484
469,0.23450000000000001,-0.0,-0.0,-0.0,-0.0,-0.0,-0.0,-6.84295129776001,3.005544424057007,-630.7327270507812,-173376.625,68405.828125,392.48687744140625,-0.0,-0.0,-0.0,-0.0,-0.0,-0.0,-0.0,-0.0,-0.0,-0.0,-0.0,-0.0,-0.00789642333984375,-0.01010894775390625,-0.01239776611328125,-0.01453399658203125,-0.010986328125,-0.01369476318359375,-0.00988006591796875,-0.02285003662109375,-0.00698089599609375,-0.00988006591796875,-0.02407073974609375,-0.0127410888671875,-0.01705169677734375,-0.0096893310546875,-0.00423431396484375,-0.0267791748046875,0.501251220703125,-0.021209716796875,0.054473876953125,0.146026611328125,0.091705322265625,0.1513671875,0.15777587890625,0.09857177734375,0.1092529296875,0.15716552734375,0.13885498046875,0.096435546875,-0.341796875,-0.72357177734375,0.3961181640625,-1.057586669921875,-0.8182606101036072
470,0.23500000000000001,-0.0,-0.0,-0.0,-0.0,-0.0,-0.0,-7.174798488616943,3.5784988403320312,-628.20947265625,-172736.34375,68618.65625,518.6372680664062,-0.0,-0.0,-0.0,-0.0,-0.0,-0.0,-0.0,-0.0,-0.0,-0.0,-0.0,-0.0,0.004119873046875,0.00202178955078125,0.00640869140625,0.0052642822265625,0.00614166259765625,0.0061798095703125,0.00461578369140625,0.0093841552734375,0.0046539306640625,0.00579833984375,0.01251220703125,0.0052642822265625,0.01453399658203125,0.00492095947265625,0.0025177001953125,0.01056671142578125,0.110321044921875,0.071258544921875,0.070037841796875,0.10986328125,0.009765625,0.0787353515625,0.07720947265625,0.147552490234375,0.074310302734375,0.0860595703125,0.17303466796875,0.119476318359375,-0.1287841796875,0.87860107421875,-0.125732421875,0.72357177734375,2.2305827140808105
471,0.23550000000000001,-0.0,-0.0,-0.0,-0.0,-0.0,-0.0,-7.5315704345703125,4.291682720184326,-627.1507568359375,-172614.4375,68908.734375,581.4247436523438,-0.0,-0.0,-0.0,-0.0,-0.0,-0.0,-0.0,-0.0,-0.0,-0.0,-0.0,-0.0,0.00774383544921875,0.00713348388671875,0.0139617919921875,0.01605987548828125,0.01132965087890625,0.01468658447265625,0.00797271728515625,0.02368927001953125,0.0070953369140625,0.010986328125,0.025787353515625,0.00789642333984375,0.017547607421875,0.01186370849609375,0.00583648681640625,0.02742767333984375,-0.22491455078125,0.16754150390625,-0.01861572265625,0.072479248046875,0.163421630859375,-0.011138916015625,0.072021484375,0.098876953125,0.128936767578125,0.079345703125,0.02655029296875,0.12786865234375,0.545501708984375,0.7598876953125,-0.49652099609375,1.35650634765625,6.803847789764404
472,0.23600000000000002,-0.0,-0.0,-0.0,-0.0,-0.0,-0.0,-8.145251274108887,4.902172088623047,-626.5523071289062,-172323.21875,68763.4921875,757.4527587890625,-0.0,-0.0,-0.0,-0.0,-0.0,-0.0,-0.0,-0.0,-0.0,-0.0,-0.0,-0.0,-0.00492095947265625,-0.0035858154296875,-0.0058746337890625,-0.00423431396484375,-0.0045013427734375,-0.00659942626953125,-0.004119873046875,-0.00949859619140625,-0.0026702880859375,-0.00469207763671875,-0.011444091796875,-0.0041961669921875,-0.01522064208984375,-0.0054168701171875,-0.00301361083984375,-0.01018524169921875,0.33660888671875,0.228424072265625,0.057220458984375,0.065155029296875,-0.46722412109375,0.068359375,0.09368896484375,0.0653076171875,0.15045166015625,0.0982666015625,0.098419189453125,0.120086669921875,0.4248046875,-0.55023193359375,0.26153564453125,-0.598297119140625,11.986882209777832
473,0.23650000000000002,-0.0,-0.0,-0.0,-0.0,-0.0,-0.0,-7.696139335632324,4.521636486053467,-626.446044921875,-172184.5625,69022.9765625,687.17578125,-0.0,-0.0,-0.0,-0.0,-0.0,-0.0,-0.0,-0.0,-0.0,-0.0,-0.0,-0.0,-0.00621795654296875,-0.0029754638671875,-0.01094818115234375,-0.01468658447265625,-0.012054443359375,-0.01483917236328125,-0.00751495361328125,-0.02109527587890625,-0.00652313232421875,-0.01102447509765625,-0.0264739990234375,-0.0086212158203125,-0.01613616943359375,-0.01068115234375,-0.0017547607421875,-0.02841949462890625,0.294647216796875,-0.2764892578125,0.33477783203125,0.064239501953125,0.706024169921875,0.1519775390625,0.100860595703125,0.051422119140625,0.12359619140625,0.100250244140625,0.1904296875,0.09124755859375,-0.157623291015625,-0.56396484375,0.70037841796875,-1.150665283203125,5.889194965362549
474,0.23700000000000002,-0.0,-0.0,-0.0,-0.0,-0.0,-0.0,-6.6669206619262695,4.648593425750732,-626.7699584960938,-171932.859375,68992.921875,444.0951843261719,-0.0,-0.0,-0.0,-0.0,-0.0,-0.0,-0.0,-0.0,-0.0,-0.0,-0.0,-0.0,0.0037384033203125,-0.00141143798828125,0.0061798095703125,0.00545501708984375,0.00431060791015625,0.00885009765625,0.00225067138671875,0.01018524169921875,0.00308990478515625,0.00469207763671875,0.01163482666015625,0.0034332275390625,0.01445770263671875,0.00568389892578125,0.00476837158203125,0.01003265380859375,0.50079345703125,0.2301025390625,0.050048828125,0.105133056640625,-0.800018310546875,0.128936767578125,0.074310302734375,0.124969482421875,0.087890625,0.1080322265625,0.1458740234375,0.0982666015625,0.05584716796875,0.74737548828125,-0.230712890625,0.98876953125,0.40127673745155334
475,0.23750000000000002,-0.0,-0.0,-0.0,-0.0,-0.0,-0.0,-6.399499893188477,4.123633861541748,-627.209228515625,-172094.1875,69219.5625,138.85305786132812,-0.0,-0.0,-0.0,-0.0,-0.0,-0.0,-0.0,-0.0,-0.0,-0.0,-0.0,-0.0,0.00858306884765625,0.0119781494140625,0.0102996826171875,0.0154876708984375,0.0125885009765625,0.015106201171875,0.01033782958984375,0.02269744873046875,0.0072479248046875,0.01056671142578125,0.02613067626953125,0.01293182373046875,0.0141143798828125,0.0103759765625,0.0051116943359375,0.02838134765625,0.103759765625,0.14801025390625,0.15167236328125,0.092620849609375,0.37628173828125,0.0921630859375,0.116424560546875,0.114593505859375,0.102691650390625,0.047454833984375,0.099945068359375,0.106048583984375,0.6451416015625,0.7342529296875,-0.172119140625,1.434783935546875,5.889194965362549
476,0.23800000000000002,-0.0,-0.0,-0.0,-0.0,-0.0,-0.0,-5.596854209899902,4.118967533111572,-626.0953979492188,-171543.609375,69113.890625,70.92535400390625,-0.0,-0.0,-0.0,-0.0,-0.0,-0.0,-0.0,-0.0,-0.0,-0.0,-0.0,-0.0,-0.0026702880859375,-0.00308990478515625,-0.00400543212890625,-0.0072479248046875,-0.00457763671875,-0.00667572021484375,-0.0054168701171875,-0.01026153564453125,-0.00164031982421875,-0.0078582763671875,-0.01239776611328125,-0.00263214111328125,-0.01384735107421875,-0.0041961669921875,-0.0008392333984375,-0.01209259033203125,-0.03570556640625,0.176544189453125,0.1483154296875,0.142974853515625,0.548248291015625,0.07598876953125,0.069427490234375,0.106201171875,0.109405517578125,0.101776123046875,0.06439208984375,0.108795166015625,-0.168609619140625,-0.928955078125,0.3759765625,-0.45623779296875,8.93803882598877
477,0.23850000000000002,-0.0,-0.0,-0.0,-0.0,-0.0,-0.0,-5.019027233123779,4.410084247589111,-625.3896484375,-171507.796875,68862.203125,-85.81356811523438,-0.0,-0.0,-0.0,-0.0,-0.0,-0.0,-0.0,-0.0,-0.0,-0.0,-0.0,-0.0,-0.0079345703125,-0.01300811767578125,-0.01178741455078125,-0.01369476318359375,-0.01209259033203125,-0.0151824951171875,-0.01087188720703125,-0.0215911865234375,-0.00652313232421875,-0.0131988525390625,-0.02407073974609375,-0.0124359130859375,-0.0148773193359375,-0.0103759765625,-0.00213623046875,-0.026702880859375,-0.08087158203125,0.09765625,-0.013275146484375,0.113525390625,-0.7373046875,0.099639892578125,0.084228515625,0.08697509765625,0.118255615234375,0.143585205078125,0.0408935546875,0.05950927734375,-0.348663330078125,-0.68328857421875,0.28167724609375,-1.08123779296875,-2.0377979278564453
478,0.23900000000000002,-0.0,-0.0,-0.0,-0.0,-0.0,-0.0,-4.566896438598633,4.352992534637451,-626.18798828125,-171607.421875,69115.3984375,-88.65149688720703,-0.0,-0.0,-0.0,-0.0,-0.0,-0.0,-0.0,-0.0,-0.0,-0.0,-0.0,-0.0,0.00461578369140625,0.01049041748046875,0.00637054443359375,0.0067901611328125,0.006561279296875,0.00606536865234375,0.0058746337890625,0.0109100341796875,0.0019073486328125,0.0067138671875,0.013275146484375,0.00530242919921875,0.0138092041015625,0.0040435791015625,0.00095367431640625,0.012664794921875,-0.19195556640625,0.239410400390625,0.3546142578125,0.1214599609375,0.817413330078125,0.11932373046875,0.093536376953125,0.08575439453125,0.106048583984375,0.047607421875,0.08087158203125,0.05584716796875,0.082244873046875,0.9063720703125,-0.1177978515625,0.891571044921875,2.8403513431549072
479,0.23950000000000002,-0.0,-0.0,-0.0,-0.0,-0.0,-0.0,-3.9708197116851807,4.493816375732422,-625.9826049804688,-171346.03125,69072.0625,-348.310302734375,-0.0,-0.0,-0.0,-0.0,-0.0,-0.0,-0.0,-0.0,-0.0,-0.0,-0.0,-0.0,0.0095367431640625,0.01010894775390625,0.010833740234375,0.01628875732421875,0.011138916015625,0.01567840576171875,0.00896453857421875,0.0250244140625,0.00762939453125,0.01064300537109375,0.026092529296875,0.01468658447265625,0.02033233642578125,0.00965118408203125,0.0054168701171875,0.0273895263671875,0.459442138671875,-0.22705078125,0.119476318359375,0.096282958984375,0.42236328125,0.147857666015625,0.10162353515625,0.11749267578125,0.0946044921875,0.130157470703125,0.146331787109375,0.106658935546875,0.487213134765625,0.89569091796875,0.03631591796875,1.501007080078125,7.108732223510742
480,0.24,-0.0,-0.0,-0.0,-0.0,-0.0,-0.0,-4.051746845245361,4.5084099769592285,-624.422119140625,-170953.109375,69001.7890625,-316.963623046875,-0.0,-0.0,-0.0,-0.0,-0.0,-0.0,-0.0,-0.0,-0.0,-0.0,-0.0,-0.0,-0.00484466552734375,-0.00484466552734375,-0.00553131103515625,-0.00659942626953125,-0.0063323974609375,-0.0055694580078125,-0.00865936279296875,-0.00946044921875,-0.00316619873046875,-0.008544921875,-0.01007080078125,-0.0052642822265625,-0.01712799072265625,-0.00438690185546875,-0.00217437744140625,-0.012359619140625,0.23345947265625,0.15869140625,0.126953125,0.0927734375,0.052337646484375,-0.017242431640625,0.076751708984375,0.100555419921875,0.1019287109375,0.05462646484375,0.11138916015625,0.13092041015625,-0.376129150390625,-0.60333251953125,0.16326904296875,-1.021575927734375,6.1940789222717285
481,0.2405,-0.0,-0.0,-0.0,-0.0,-0.0,-0.0,-4.2821044921875,4.582808017730713,-623.9514770507812,-170390.265625,68880.03125,-170.63681030273438,-0.0,-0.0,-0.0,-0.0,-0.0,-0.0,-0.0,-0.0,-0.0,-0.0,-0.0,-0.0,-0.0069427490234375,-0.00705718994140625,-0.01071929931640625,-0.01598358154296875,-0.0116729736328125,-0.0138092041015625,-0.00873565673828125,-0.0213623046875,-0.00560760498046875,-0.012359619140625,-0.0249481201171875,-0.0106048583984375,-0.0167083740234375,-0.01018524169921875,-0.0041961669921875,-0.0279998779296875,-0.0177001953125,0.07354736328125,0.013885498046875,0.043792724609375,0.05157470703125,0.210418701171875,0.102081298828125,0.100860595703125,0.11383056640625,0.10711669921875,0.124359130859375,0.14312744140625,-0.497894287109375,-0.44219970703125,0.56182861328125,-1.234893798828125,-0.5133762359619141
482,0.241,-0.0,-0.0,-0.0,-0.0,-0.0,-0.0,-4.09643030166626,4.589998245239258,-623.7158203125,-170840.140625,68885.7421875,-180.47283935546875,-0.0,-0.0,-0.0,-0.0,-0.0,-0.0,-0.0,-0.0,-0.0,-0.0,-0.0,-0.0,0.0041961669921875,0.004730224609375,0.004425048828125,0.00820159912109375,0.00553131103515625,0.00614166259765625,0.00705718994140625,0.00972747802734375,0.0029754638671875,0.0077056884765625,0.0113677978515625,0.00377655029296875,0.0159454345703125,0.00396728515625,0.00164031982421875,0.01354217529296875,-0.550537109375,0.272979736328125,-0.062713623046875,0.06866455078125,0.10223388671875,-0.046844482421875,0.108489990234375,0.0714111328125,0.13092041015625,0.1287841796875,0.05218505859375,0.114288330078125,0.5548095703125,0.98907470703125,-0.0750732421875,1.34521484375,1.9256983995437622
483,0.2415,-0.0,-0.0,-0.0,-0.0,-0.0,-0.0,-4.216156005859375,4.337253570556641,-624.00927734375,-170460.34375,68937.65625,-165.90965270996094,-0.0,-0.0,-0.0,-0.0,-0.0,-0.0,-0.0,-0.0,-0.0,-0.0,-0.0,-0.0,0.0069427490234375,0.006561279296875,0.01338958740234375,0.01605987548828125,0.01125335693359375,0.013275146484375,0.0099945068359375,0.0238800048828125,0.00759124755859375,0.010223388671875,0.02410888671875,0.016021728515625,0.01758575439453125,0.012359619140625,0.00347137451171875,0.029449462890625,0.58349609375,-0.130767822265625,-0.022125244140625,0.123138427734375,-0.21331787109375,0.1397705078125,0.1202392578125,0.099945068359375,0.1080322265625,0.127716064453125,0.160369873046875,0.084991455078125,0.367431640625,0.5364990234375,0.13916015625,1.52435302734375,6.1940789222717285
484,0.242,-0.0,-0.0,-0.0,-0.0,-0.0,-0.0,-4.03620719909668,4.287012100219727,-622.7166137695312,-170338.828125,69025.90625,-305.025634765625,-0.0,-0.0,-0.0,-0.0,-0.0,-0.0,-0.0,-0.0,-0.0,-0.0,-0.0,-0.0,-0.0038909912109375,-0.00217437744140625,-0.0052642822265625,-0.00637054443359375,-0.005340576171875,-0.007171630859375,-0.003204345703125,-0.0106048583984375,-0.001373291015625,-0.007171630859375,-0.0116729736328125,-0.00640869140625,-0.0148773193359375,-0.0043487548828125,-0.0006866455078125,-0.01285552978515625,0.150299072265625,0.00732421875,0.267791748046875,0.12542724609375,0.18707275390625,0.185546875,0.10101318359375,0.11962890625,0.075225830078125,0.095977783203125,0.1641845703125,0.07354736328125,-0.326080322265625,-0.72479248046875,0.0823974609375,-1.1004638671875,5.279426097869873
485,0.2425,-0.0,-0.0,-0.0,-0.0,-0.0,-0.0,-3.992906332015991,3.958630323410034,-622.1814575195312,-170375.28125,68664.6796875,-288.183837890625,-0.0,-0.0,-0.0,-0.0,-0.0,-0.0,-0.0,-0.0,-0.0,-0.0,-0.0,-0.0,-0.008697509765625,-0.01140594482421875,-0.01125335693359375,-0.013885498046875,-0.00942230224609375,-0.0136566162109375,-0.00812530517578125,-0.02437591552734375,-0.0077056884765625,-0.0102996826171875,-0.0249481201171875,-0.0124359130859375,-0.0174713134765625,-0.01049041748046875,-0.0067138671875,-0.0269317626953125,0.42449951171875,0.30364990234375,-0.057830810546875,0.140533447265625,-0.270233154296875,0.099334716796875,0.07568359375,0.128326416015625,0.06591796875,0.10955810546875,0.07781982421875,0.081634521484375,-0.292510986328125,-0.71868896484375,0.16754150390625,-1.17706298828125,-0.5133762359619141
486,0.243,-0.0,-0.0,-0.0,-0.0,-0.0,-0.0,-3.830258369445801,4.063188552856445,-622.4718627929688,-170484.0,68684.5703125,-361.8894348144531,-0.0,-0.0,-0.0,-0.0,-0.0,-0.0,-0.0,-0.0,-0.0,-0.0,-0.0,-0.0,0.00606536865234375,0.004730224609375,0.00568389892578125,0.007171630859375,0.0067138671875,0.00705718994140625,0.00667572021484375,0.0112152099609375,0.00194549560546875,0.0096893310546875,0.01312255859375,0.0060272216796875,0.0148773193359375,0.00370025634765625,0.00396728515625,0.012664794921875,0.1678466796875,0.183563232421875,0.459136962890625,0.111846923828125,0.029296875,0.121612548828125,0.09674072265625,0.105743408203125,0.087127685546875,0.022430419921875,0.068206787109375,0.10772705078125,0.626983642578125,1.20513916015625,-0.05615234375,1.197967529296875,2.8403513431549072
487,0.2435,-0.0,-0.0,-0.0,-0.0,-0.0,-0.0,-3.264016628265381,3.7591285705566406,-624.04736328125,-170482.75,68621.9375,-598.1350708007812,-0.0,-0.0,-0.0,-0.0,-0.0,-0.0,-0.0,-0.0,-0.0,-0.0,-0.0,-0.0,0.009002685546875,0.00522613525390625,0.01087188720703125,0.01537322998046875,0.01232147216796875,0.01495361328125,0.0095367431640625,0.02292633056640625,0.0054168701171875,0.010986328125,0.0263214111328125,0.01678466796875,0.01819610595703125,0.0095367431640625,0.0040435791015625,0.02773284912109375,-0.156097412109375,0.297698974609375,0.0518798828125,0.106964111328125,-0.343780517578125,0.010528564453125,0.07476806640625,0.08209228515625,0.115814208984375,0.182342529296875,0.0128173828125,0.08453369140625,0.8685302734375,1.02935791015625,0.0531005859375,1.254119873046875,7.413616180419922
488,0.244,-0.0,-0.0,-0.0,-0.0,-0.0,-0.0,-1.8051499128341675,3.2505362033843994,-625.7099609375,-171127.78125,68521.84375,-700.38916015625,-0.0,-0.0,-0.0,-0.0,-0.0,-0.0,-0.0,-0.0,-0.0,-0.0,-0.0,-0.0,-0.00431060791015625,-0.0006103515625,-0.00553131103515625,-0.00606536865234375,-0.0078582763671875,-0.007171630859375,-0.00354766845703125,-0.01068115234375,-0.00091552734375,-0.00759124755859375,-0.0124359130859375,-0.00782012939453125,-0.01346588134765625,-0.0054168701171875,-0.001220703125,-0.01293182373046875,0.064697265625,-0.241241455078125,-0.086212158203125,0.055389404296875,0.4791259765625,0.01953125,0.08697509765625,0.067291259765625,0.12969970703125,0.124053955078125,0.09521484375,0.076141357421875,-0.35186767578125,-1.10443115234375,0.0518798828125,-1.291046142578125,4.364773273468018
489,0.2445,-0.0,-0.0,-0.0,-0.0,-0.0,-0.0,-1.4321165084838867,2.484466791152954,-627.7457885742188,-171987.8125,68503.3671875,-1148.4892578125,-0.0,-0.0,-0.0,-0.0,-0.0,-0.0,-0.0,-0.0,-0.0,-0.0,-0.0,-0.0,-0.00751495361328125,-0.00972747802734375,-0.0106048583984375,-0.01483917236328125,-0.010986328125,-0.0154876708984375,-0.008544921875,-0.02132415771484375,-0.006103515625,-0.01132965087890625,-0.0254058837890625,-0.01255035400390625,-0.01682281494140625,-0.0093841552734375,-0.00316619873046875,-0.0258636474609375,0.29876708984375,-0.06866455078125,0.32196044921875,0.088653564453125,-0.097198486328125,0.16998291015625,0.164337158203125,0.115966796875,0.094451904296875,0.16387939453125,0.12359619140625,0.07598876953125,-0.1690673828125,-0.86090087890625,0.1617431640625,-0.791168212890625,0.09639240801334381
490,0.245,-0.0,-0.0,-0.0,-0.0,-0.0,-0.0,-1.180260419845581,1.73002290725708,-631.6304931640625,-172634.453125,68673.5078125,-1383.1719970703125,-0.0,-0.0,-0.0,-0.0,-0.0,-0.0,-0.0,-0.0,-0.0,-0.0,-0.0,-0.0,0.00507354736328125,0.00701904296875,0.006561279296875,0.008544921875,0.00640869140625,0.007476806640625,0.004730224609375,0.01071929931640625,0.00514984130859375,0.005645751953125,0.0141143798828125,0.009613037109375,0.0144195556640625,0.00392913818359375,0.001983642578125,0.0130462646484375,0.0274658203125,0.52520751953125,0.035247802734375,0.120086669921875,0.50567626953125,0.200042724609375,-0.04669189453125,0.12786865234375,0.09063720703125,-0.075531005859375,0.14068603515625,0.122222900390625,0.43365478515625,0.9381103515625,0.2685546875,1.514129638671875,4.05988883972168
491,0.2455,-0.0,-0.0,-0.0,-0.0,-0.0,-0.0,-0.38923174142837524,0.8751236796379089,-633.8134765625,-173099.796875,68975.484375,-1596.8590087890625,-0.0,-0.0,-0.0,-0.0,-0.0,-0.0,-0.0,-0.0,-0.0,-0.0,-0.0,-0.0,0.008087158203125,0.0060272216796875,0.01049041748046875,0.01377105712890625,0.01033782958984375,0.016326904296875,0.00885009765625,0.02269744873046875,0.00514984130859375,0.01201629638671875,0.0251007080078125,0.01338958740234375,0.0167083740234375,0.01079559326171875,0.006256103515625,0.0254058837890625,0.38482666015625,-0.145416259765625,0.009918212890625,0.125274658203125,-0.013427734375,0.004425048828125,0.025482177734375,0.095977783203125,0.10223388671875,-0.013427734375,0.08392333984375,0.142822265625,0.494537353515625,0.7696533203125,-0.25604248046875,1.144561767578125,5.279426097869873
492,0.246,-0.0,-0.0,-0.0,-0.0,-0.0,-0.0,-0.20743826031684875,0.38921332359313965,-636.2714233398438,-173822.828125,68955.96875,-1637.158447265625,-0.0,-0.0,-0.0,-0.0,-0.0,-0.0,-0.0,-0.0,-0.0,-0.0,-0.0,-0.0,-0.00370025634765625,-0.00396728515625,-0.0048065185546875,-0.00640869140625,-0.0054931640625,-0.0054168701171875,-0.006866455078125,-0.0102996826171875,-0.0023651123046875,-0.00415802001953125,-0.0133514404296875,-0.0070953369140625,-0.01590728759765625,-0.00331878662109375,-0.00141143798828125,-0.013580322265625,-0.500030517578125,0.14312744140625,0.319061279296875,0.129241943359375,0.130462646484375,0.1531982421875,0.13458251953125,0.09918212890625,0.090484619140625,0.164794921875,0.112457275390625,0.13458251953125,-0.104827880859375,-1.10748291015625,0.12542724609375,-1.4898681640625,-2.647566556930542
493,0.2465,-0.0,-0.0,-0.0,-0.0,-0.0,-0.0,0.8392637372016907,-0.35310012102127075,-636.4437866210938,-174236.40625,69019.5703125,-2006.246826171875,-0.0,-0.0,-0.0,-0.0,-0.0,-0.0,-0.0,-0.0,-0.0,-0.0,-0.0,-0.0,-0.00843048095703125,-0.01049041748046875,-0.01239776611328125,-0.01434326171875,-0.0110626220703125,-0.01399993896484375,-0.00682830810546875,-0.022125244140625,-0.00743865966796875,-0.01384735107421875,-0.023345947265625,-0.01110076904296875,-0.01667022705078125,-0.00946044921875,-0.00640869140625,-0.0264739990234375,0.88134765625,-0.116729736328125,0.159454345703125,0.046539306640625,-0.051422119140625,0.14007568359375,0.110626220703125,0.081024169921875,0.125885009765625,0.198822021484375,0.10223388671875,0.10040283203125,-0.518798828125,-0.57830810546875,0.3106689453125,-0.979461669921875,-3.5622196197509766
494,0.247,-0.0,-0.0,-0.0,-0.0,-0.0,-0.0,1.1823952198028564,-0.30364489555358887,-638.6271362304688,-174592.078125,69346.359375,-2222.90576171875,-0.0,-0.0,-0.0,-0.0,-0.0,-0.0,-0.0,-0.0,-0.0,-0.0,-0.0,-0.0,0.00484466552734375,0.00530242919921875,0.00591278076171875,0.00843048095703125,0.00637054443359375,0.00637054443359375,0.0074005126953125,0.010223388671875,0.00461578369140625,0.0063323974609375,0.0140380859375,0.0072479248046875,0.01392364501953125,0.00408172607421875,0.00396728515625,0.01140594482421875,-0.135345458984375,0.295867919921875,-0.017242431640625,0.12786865234375,0.13824462890625,0.110626220703125,0.084381103515625,0.131988525390625,0.07537841796875,0.07476806640625,0.101165771484375,0.056610107421875,0.35125732421875,1.2396240234375,-0.04791259765625,1.348419189453125,5.279426097869873
495,0.2475,-0.0,-0.0,-0.0,-0.0,-0.0,-0.0,1.4079304933547974,-0.6547826528549194,-639.5319213867188,-174396.8125,69264.484375,-2212.249267578125,-0.0,-0.0,-0.0,-0.0,-0.0,-0.0,-0.0,-0.0,-0.0,-0.0,-0.0,-0.0,0.00762939453125,0.01216888427734375,0.01285552978515625,0.01468658447265625,0.0093841552734375,0.01354217529296875,0.0096893310546875,0.02307891845703125,0.0078582763671875,0.0109100341796875,0.02613067626953125,0.009765625,0.01720428466796875,0.01087188720703125,0.00621795654296875,0.02864837646484375,-0.07171630859375,0.21575927734375,0.120086669921875,0.063934326171875,0.556640625,0.109100341796875,0.045166015625,0.083465576171875,0.11016845703125,-0.064697265625,0.095672607421875,0.0634765625,0.6671142578125,0.963134765625,-0.2685546875,1.3836669921875,4.364773273468018
496,0.248,-0.0,-0.0,-0.0,-0.0,-0.0,-0.0,0.6967943906784058,-0.9973089098930359,-638.1867065429688,-174713.53125,69422.1796875,-2281.82958984375,-0.0,-0.0,-0.0,-0.0,-0.0,-0.0,-0.0,-0.0,-0.0,-0.0,-0.0,-0.0,-0.00438690185546875,-0.002899169921875,-0.00629425048828125,-0.0046539306640625,-0.00537872314453125,-0.006256103515625,-0.0048828125,-0.0103759765625,-0.00274658203125,-0.00522613525390625,-0.01476287841796875,-0.00629425048828125,-0.01163482666015625,-0.00579833984375,-0.00087738037109375,-0.01361846923828125,0.411376953125,0.03875732421875,0.177764892578125,0.09552001953125,0.2276611328125,0.16326904296875,0.092010498046875,0.098419189453125,0.09124755859375,0.234222412109375,0.115203857421875,0.119476318359375,-0.26336669921875,-0.74737548828125,0.2099609375,-1.1553955078125,1.6208140850067139
497,0.2485,-0.0,-0.0,-0.0,-0.0,-0.0,-0.0,0.3929196000099182,-0.853293776512146,-637.4223022460938,-174170.84375,69602.7578125,-2082.53466796875,-0.0,-0.0,-0.0,-0.0,-0.0,-0.0,-0.0,-0.0,-0.0,-0.0,-0.0,-0.0,-0.00720977783203125,-0.0078582763671875,-0.0124359130859375,-0.01514434814453125,-0.01018524169921875,-0.0136566162109375,-0.01079559326171875,-0.0225067138671875,-0.00377655029296875,-0.009918212890625,-0.02368927001953125,-0.007476806640625,-0.01781463623046875,-0.01068115234375,-0.005340576171875,-0.026397705078125,0.150146484375,0.10040283203125,0.062713623046875,0.09124755859375,0.113677978515625,0.05584716796875,0.114593505859375,0.098114013671875,0.1116943359375,0.130615234375,0.07904052734375,0.13397216796875,-0.123138427734375,-0.587158203125,0.8172607421875,-0.9027099609375,0.7061610817909241
498,0.249,-0.0,-0.0,-0.0,-0.0,-0.0,-0.0,-0.23160958290100098,-0.6958920359611511,-636.4982299804688,-173867.0,69883.625,-1994.5599365234375,-0.0,-0.0,-0.0,-0.0,-0.0,-0.0,-0.0,-0.0,-0.0,-0.0,-0.0,-0.0,0.00560760498046875,-0.00255584716796875,0.00675201416015625,0.00705718994140625,0.00583648681640625,0.005340576171875,0.0049591064453125,0.00995635986328125,0.005340576171875,0.00507354736328125,0.01140594482421875,0.00759124755859375,0.01010894775390625,0.00698089599609375,0.0031280517578125,0.01140594482421875,-0.24658203125,0.14129638671875,0.14129638671875,0.093231201171875,-0.5828857421875,0.114288330078125,0.093231201171875,0.079498291015625,0.10528564453125,0.121612548828125,0.07415771484375,0.105743408203125,0.18341064453125,0.78887939453125,0.03204345703125,1.3427734375,3.145235776901245
499,0.2495,-0.0,-0.0,-0.0,-0.0,-0.0,-0.0,-1.087833285331726,-0.5693656802177429,-636.6358032226562,-173659.125,70034.859375,-1773.01416015625,-0.0,-0.0,-0.0,-0.0,-0.0,-0.0,-0.0,-0.0,-0.0,-0.0,-0.0,-0.0,0.00675201416015625,0.008544921875,0.01190185546875,0.01697540283203125,0.0109100341796875,0.01529693603515625,0.0087738037109375,0.020904541015625,0.0052642822265625,0.01262664794921875,0.02391815185546875,0.01018524169921875,0.0170135498046875,0.0093841552734375,0.00400543212890625,0.02735137939453125,0.12847900390625,0.100250244140625,-0.039825439453125,0.12542724609375,0.187835693359375,0.0604248046875,0.098724365234375,0.079193115234375,0.107269287109375,0.072021484375,0.048980712890625,0.06591796875,0.48126220703125,0.77728271484375,-0.3692626953125,1.2213134765625,7.108732223510742
500,0.25,-0.0,-0.0,-0.0,-0.0,-0.0,-0.0,-1.6600539684295654,-0.6946637630462646,-637.3441162109375,-173637.296875,70213.453125,-1625.9132080078125,-0.0,-0.0,-0.0,-0.0,-0.0,-0.0,-0.0,-0.0,-0.0,-0.0,-0.0,-0.0,-0.00354766845703125,-0.0026702880859375,-0.00518798828125,-0.0079345703125,-0.003662109375,-0.00698089599609375,-0.0064849853515625,-0.0087738037109375,-0.00576019287109375,-0.00377655029296875,-0.0116729736328125,-0.009002685546875,-0.0113677978515625,-0.005645751953125,-0.002288818359375,-0.012359619140625,0.28106689453125,0.225982666015625,-0.145721435546875,0.128326416015625,0.443115234375,0.060577392578125,0.0872802734375,0.131072998046875,0.074615478515625,0.086517333984375,0.0732421875,0.058441162109375,-0.37078857421875,-0.28533935546875,0.12847900390625,-1.0467529296875,3.755004405975342
501,0.2505,-0.0,-0.0,-0.0,-0.0,-0.0,-0.0,-1.8369626998901367,-0.1424797922372818,-635.5125122070312,-174006.609375,70460.125,-1602.17138671875,-0.0,-0.0,-0.0,-0.0,-0.0,-0.0,-0.0,-0.0,-0.0,-0.0,-0.0,-0.0,-0.00568389892578125,-0.0074005126953125,-0.01251220703125,-0.0162506103515625,-0.01068115234375,-0.0118255615234375,-0.0072479248046875,-0.02162933349609375,-0.00446319580078125,-0.00946044921875,-0.022430419921875,-0.01194000244140625,-0.01796722412109375,-0.00942230224609375,-0.0037384033203125,-0.0254058837890625,-0.139617919921875,-0.012969970703125,0.11962890625,0.146331787109375,0.222015380859375,0.122222900390625,0.1031494140625,0.109405517578125,0.062255859375,0.068359375,0.15655517578125,0.120849609375,0.063323974609375,-0.1031494140625,0.3179931640625,-1.106109619140625,-2.95245099067688
502,0.251,-0.0,-0.0,-0.0,-0.0,-0.0,-0.0,-2.426664352416992,-0.499314546585083,-636.643798828125,-173905.796875,70732.578125,-1543.774169921875,-0.0,-0.0,-0.0,-0.0,-0.0,-0.0,-0.0,-0.0,-0.0,-0.0,-0.0,-0.0,0.0042724609375,0.00247955322265625,0.00713348388671875,0.0077056884765625,0.006256103515625,0.00823974609375,0.006256103515625,0.0110626220703125,0.00492095947265625,0.00507354736328125,0.01346588134765625,0.008392333984375,0.01316070556640625,0.00560760498046875,0.0006866455078125,0.0133514404296875,0.2557373046875,-0.09002685546875,0.174713134765625,0.0823974609375,0.09185791015625,0.094757080078125,0.14068603515625,0.088653564453125,0.098876953125,0.094757080078125,0.15045166015625,0.130767822265625,0.54046630859375,0.8062744140625,-0.06683349609375,1.549835205078125,3.755004405975342
503,0.2515,-0.0,-0.0,-0.0,-0.0,-0.0,-0.0,-2.836968421936035,-0.7486706376075745,-635.8650512695312,-173715.734375,70519.609375,-1444.45361328125,-0.0,-0.0,-0.0,-0.0,-0.0,-0.0,-0.0,-0.0,-0.0,-0.0,-0.0,-0.0,0.0072479248046875,0.00762939453125,0.0115203857421875,0.01483917236328125,0.0109100341796875,0.01369476318359375,0.0104522705078125,0.02178192138671875,0.00804901123046875,0.0102996826171875,0.02178192138671875,0.01049041748046875,0.0148773193359375,0.011138916015625,0.0055694580078125,0.02819061279296875,0.03997802734375,0.08514404296875,0.08819580078125,0.087890625,0.029449462890625,0.074462890625,0.066986083984375,0.1226806640625,0.09552001953125,0.06561279296875,0.059814453125,0.10772705078125,0.66619873046875,0.6982421875,-0.22186279296875,1.231536865234375,4.364773273468018
504,0.252,-0.0,-0.0,-0.0,-0.0,-0.0,-0.0,-3.139967918395996,-0.39209312200546265,-638.5477905273438,-174114.859375,71010.3515625,-1174.95263671875,-0.0,-0.0,-0.0,-0.0,-0.0,-0.0,-0.0,-0.0,-0.0,-0.0,-0.0,-0.0,-0.005340576171875,-0.0061798095703125,-0.00392913818359375,-0.00812530517578125,-0.00255584716796875,-0.00762939453125,-0.00545501708984375,-0.01003265380859375,-0.0054931640625,-0.00644683837890625,-0.01422882080078125,-0.00614166259765625,-0.01186370849609375,-0.0072479248046875,-7.62939453125e-05,-0.013275146484375,-0.49163818359375,0.4022216796875,0.17822265625,0.121612548828125,-0.084075927734375,0.1263427734375,0.090179443359375,0.08575439453125,0.127716064453125,0.157928466796875,0.0732421875,0.110015869140625,-0.536346435546875,-0.93170166015625,0.3802490234375,-1.142730712890625,2.5354671478271484
505,0.2525,-0.0,-0.0,-0.0,-0.0,-0.0,-0.0,-3.1405370235443115,-0.6239128112792969,-639.9588623046875,-174506.84375,70964.640625,-1274.963134765625,-0.0,-0.0,-0.0,-0.0,-0.0,-0.0,-0.0,-0.0,-0.0,-0.0,-0.0,-0.0,-0.0084686279296875,-0.00782012939453125,-0.0115203857421875,-0.015869140625,-0.00926971435546875,-0.012359619140625,-0.006866455078125,-0.02166748046875,-0.00812530517578125,-0.013580322265625,-0.0249481201171875,-0.00965118408203125,-0.01689910888671875,-0.00850677490234375,-0.0042724609375,-0.02750396728515625,0.354766845703125,-0.08941650390625,0.196685791015625,0.063629150390625,-0.1971435546875,0.19622802734375,0.10040283203125,0.063018798828125,0.1177978515625,0.12420654296875,0.0946044921875,0.0372314453125,-0.663909912109375,-0.74462890625,0.24383544921875,-1.173553466796875,-2.342682361602783
506,0.253,-0.0,-0.0,-0.0,-0.0,-0.0,-0.0,-2.3194732666015625,-0.9976035356521606,-643.3534545898438,-174780.078125,71215.5859375,-1625.7652587890625,-0.0,-0.0,-0.0,-0.0,-0.0,-0.0,-0.0,-0.0,-0.0,-0.0,-0.0,-0.0,0.0055694580078125,0.00244140625,0.0069427490234375,0.00751495361328125,0.00591278076171875,0.00995635986328125,0.00400543212890625,0.012359619140625,0.00194549560546875,0.005645751953125,0.01434326171875,0.00675201416015625,0.01377105712890625,0.00553131103515625,0.00232696533203125,0.015106201171875,1.108551025390625,-0.03265380859375,-0.186614990234375,0.07232666015625,0.0250244140625,0.11322021484375,0.105133056640625,0.105743408203125,0.08941650390625,0.13397216796875,0.16326904296875,0.05828857421875,0.4522705078125,0.39031982421875,-0.108642578125,1.444549560546875,2.8403513431549072
507,0.2535,-0.0,-0.0,-0.0,-0.0,-0.0,-0.0,-1.4273681640625,-1.0865213871002197,-643.8527221679688,-175275.375,71561.6875,-1848.302001953125,-0.0,-0.0,-0.0,-0.0,-0.0,-0.0,-0.0,-0.0,-0.0,-0.0,-0.0,-0.0,0.00766754150390625,0.0070953369140625,0.0116729736328125,0.01712799072265625,0.01094818115234375,0.01312255859375,0.0079345703125,0.02086639404296875,0.008697509765625,0.012969970703125,0.02620697021484375,0.01285552978515625,0.01728057861328125,0.0106048583984375,0.00263214111328125,0.0260162353515625,0.297698974609375,0.127716064453125,0.10406494140625,0.075225830078125,-0.18096923828125,0.09185791015625,0.19439697265625,0.10528564453125,0.093536376953125,0.015411376953125,0.14984130859375,0.11749267578125,0.828399658203125,0.84259033203125,0.0811767578125,1.296539306640625,12.901535034179688
508,0.254,-0.0,-0.0,-0.0,-0.0,-0.0,-0.0,-1.1225606203079224,-1.7677628993988037,-644.9801635742188,-175384.578125,71804.7265625,-1995.0594482421875,-0.0,-0.0,-0.0,-0.0,-0.0,-0.0,-0.0,-0.0,-0.0,-0.0,-0.0,-0.0,-0.00316619873046875,-0.00232696533203125,-0.00431060791015625,-0.00827789306640625,-0.00377655029296875,-0.00701904296875,-0.0048828125,-0.01125335693359375,-0.003204345703125,-0.00576019287109375,-0.0118255615234375,-0.00568389892578125,-0.0140380859375,-0.0054931640625,-0.00255584716796875,-0.01514434814453125,0.00579833984375,0.292816162109375,0.02716064453125,0.103759765625,0.591278076171875,0.052032470703125,0.01708984375,0.11749267578125,0.0872802734375,0.1336669921875,0.06805419921875,0.133819580078125,-0.16754150390625,-0.16021728515625,0.34942626953125,-1.322479248046875,0.7061610817909241
509,0.2545,-0.0,-0.0,-0.0,-0.0,-0.0,-0.0,-0.8547042012214661,-1.1608392000198364,-645.3338012695312,-175594.21875,71667.3515625,-2000.7086181640625,-0.0,-0.0,-0.0,-0.0,-0.0,-0.0,-0.0,-0.0,-0.0,-0.0,-0.0,-0.0,-0.00827789306640625,-0.00751495361328125,-0.0119781494140625,-0.01415252685546875,-0.01140594482421875,-0.0154876708984375,-0.00675201416015625,-0.02288818359375,-0.00507354736328125,-0.011138916015625,-0.0237274169921875,-0.0116729736328125,-0.0165557861328125,-0.0099945068359375,-0.0069427490234375,-0.02635955810546875,-0.1483154296875,0.26885986328125,0.0146484375,0.126190185546875,0.0152587890625,-0.05218505859375,0.105133056640625,0.087432861328125,0.111846923828125,0.205230712890625,-0.009002685546875,0.123138427734375,-0.164031982421875,-0.66650390625,0.267333984375,-1.04888916015625,-1.732913613319397
510,0.255,-0.0,-0.0,-0.0,-0.0,-0.0,-0.0,-0.9109712839126587,-1.4423778057098389,-646.2344970703125,-175497.953125,71784.1484375,-1930.044921875,-0.0,-0.0,-0.0,-0.0,-0.0,-0.0,-0.0,-0.0,-0.0,-0.0,-0.0,-0.0,0.00560760498046875,0.00247955322265625,0.005950927734375,0.00827789306640625,0.00659942626953125,0.00789642333984375,0.006256103515625,0.0124359130859375,0.003204345703125,0.0067901611328125,0.0146484375,0.00385284423828125,0.01522064208984375,0.00583648681640625,0.0049591064453125,0.0144195556640625,-0.14984130859375,0.215606689453125,0.051116943359375,0.07598876953125,-0.3466796875,0.094451904296875,0.111236572265625,0.048828125,0.1287841796875,0.141448974609375,0.07415771484375,0.078582763671875,0.4168701171875,0.52520751953125,-0.25115966796875,1.63726806640625,6.498963356018066
511,0.2555,-0.0,-0.0,-0.0,-0.0,-0.0,-0.0,-0.28945010900497437,-1.047765851020813,-647.1759643554688,-175484.6875,71960.4765625,-2252.378173828125,-0.0,-0.0,-0.0,-0.0,-0.0,-0.0,-0.0,-0.0,-0.0,-0.0,-0.0,-0.0,0.00797271728515625,0.01140594482421875,0.01255035400390625,0.01522064208984375,0.00942230224609375,0.0139617919921875,0.010986328125,0.02407073974609375,0.00728607177734375,0.01132965087890625,0.0243377685546875,0.0127410888671875,0.014495849609375,0.00972747802734375,0.00247955322265625,0.02712249755859375,0.13824462890625,-0.128173828125,0.059051513671875,0.117950439453125,0.5181884765625,0.147247314453125,0.11322021484375,0.075225830078125,0.11016845703125,0.093536376953125,0.160675048828125,0.090789794921875,0.56915283203125,0.9100341796875,-0.2789306640625,1.439056396484375,5.889194965362549
512,0.256,-0.0,-0.0,-0.0,-0.0,-0.0,-0.0,-0.2899430990219116,-1.174607515335083,-646.9625854492188,-175528.1875,72008.546875,-2323.498291015625,-0.0,-0.0,-0.0,-0.0,-0.0,-0.0,-0.0,-0.0,-0.0,-0.0,-0.0,-0.0,-0.0048065185546875,-0.003662109375,-0.00606536865234375,-0.0066375732421875,-0.0052642822265625,-0.00713348388671875,-0.00766754150390625,-0.01064300537109375,-0.00553131103515625,-0.00514984130859375,-0.0147247314453125,-0.00518798828125,-0.01338958740234375,-0.0066375732421875,-0.00102996826171875,-0.01392364501953125,0.115509033203125,0.21636962890625,0.17730712890625,0.1153564453125,0.197906494140625,0.16815185546875,0.102081298828125,0.165557861328125,0.044708251953125,-0.01220703125,0.156402587890625,0.12054443359375,-0.147705078125,-0.16326904296875,0.3076171875,-1.343536376953125,2.2305827140808105
513,0.2565,-0.0,-0.0,-0.0,-0.0,-0.0,-0.0,-0.6244735717773438,-0.302322655916214,-645.0307006835938,-174995.640625,72092.4609375,-2135.9033203125,-0.0,-0.0,-0.0,-0.0,-0.0,-0.0,-0.0,-0.0,-0.0,-0.0,-0.0,-0.0,-0.0087738037109375,-0.0087738037109375,-0.01026153564453125,-0.01491546630859375,-0.0109100341796875,-0.0148773193359375,-0.00507354736328125,-0.0215911865234375,-0.0054931640625,-0.0118255615234375,-0.02361297607421875,-0.0139617919921875,-0.01552581787109375,-0.0104522705078125,-0.00408172607421875,-0.0255584716796875,0.043182373046875,0.162353515625,0.21484375,0.07965087890625,0.10406494140625,0.116424560546875,-0.013427734375,0.097808837890625,0.092315673828125,0.21240234375,0.09368896484375,0.1336669921875,-0.312957763671875,-0.6646728515625,0.2276611328125,-0.9698486328125,-0.5133762359619141
514,0.257,-0.0,-0.0,-0.0,-0.0,-0.0,-0.0,-1.4894075393676758,-0.0309918075799942,-642.0350952148438,-174702.71875,72264.5703125,-1841.8653564453125,-0.0,-0.0,-0.0,-0.0,-0.0,-0.0,-0.0,-0.0,-0.0,-0.0,-0.0,-0.0,0.00423431396484375,0.00209808349609375,0.00583648681640625,0.0079345703125,0.00629425048828125,0.00720977783203125,0.00553131103515625,0.01361846923828125,0.0028228759765625,0.00545501708984375,0.01483917236328125,0.00659942626953125,0.01705169677734375,0.00431060791015625,0.00278472900390625,0.01430511474609375,-0.1708984375,0.160369873046875,-0.124359130859375,0.071258544921875,-0.047149658203125,-0.0189208984375,0.1043701171875,0.084228515625,0.122222900390625,0.1165771484375,-0.022430419921875,0.11138916015625,0.35247802734375,0.4937744140625,0.00732421875,1.679229736328125,7.71850061416626
515,0.2575,-0.0,-0.0,-0.0,-0.0,-0.0,-0.0,-2.602403402328491,0.030569791793823242,-642.23583984375,-174166.859375,72232.7578125,-1350.830078125,-0.0,-0.0,-0.0,-0.0,-0.0,-0.0,-0.0,-0.0,-0.0,-0.0,-0.0,-0.0,0.00888824462890625,0.00621795654296875,0.0122833251953125,0.016326904296875,0.0102996826171875,0.01312255859375,0.00911712646484375,0.02300262451171875,0.00865936279296875,0.009918212890625,0.02399444580078125,0.0128173828125,0.0164031982421875,0.00850677490234375,0.00335693359375,0.0266265869140625,-0.501556396484375,0.14739990234375,-0.001220703125,0.0787353515625,-0.283966064453125,0.115966796875,0.159759521484375,0.09124755859375,0.118865966796875,0.130767822265625,0.015869140625,0.11260986328125,0.420074462890625,1.06048583984375,0.1141357421875,1.250457763671875,4.974541664123535
516,0.258,-0.0,-0.0,-0.0,-0.0,-0.0,-0.0,-3.439803123474121,0.2673912048339844,-642.7874755859375,-174210.59375,72524.2578125,-1184.896240234375,-0.0,-0.0,-0.0,-0.0,-0.0,-0.0,-0.0,-0.0,-0.0,-0.0,-0.0,-0.0,-0.0038909912109375,-0.00415802001953125,-0.00518798828125,-0.00896453857421875,-0.00545501708984375,-0.007171630859375,-0.0054931640625,-0.01163482666015625,-0.00469207763671875,-0.00942230224609375,-0.01373291015625,-0.00743865966796875,-0.01377105712890625,-0.00614166259765625,-0.0029754638671875,-0.01262664794921875,0.628814697265625,-0.3564453125,0.355682373046875,0.110321044921875,0.084228515625,0.17242431640625,0.146331787109375,0.05615234375,0.104217529296875,0.067291259765625,0.209197998046875,0.070953369140625,-0.6072998046875,-0.166015625,0.029296875,-1.3385009765625,3.450119972229004
517,0.2585,-0.0,-0.0,-0.0,-0.0,-0.0,-0.0,-3.905442476272583,0.7873116731643677,-641.571044921875,-173817.53125,72495.859375,-1302.8658447265625,-0.0,-0.0,-0.0,-0.0,-0.0,-0.0,-0.0,-0.0,-0.0,-0.0,-0.0,-0.0,-0.00743865966796875,-0.00682830810546875,-0.00919342041015625,-0.014801025390625,-0.00759124755859375,-0.013427734375,-0.00858306884765625,-0.02056121826171875,-0.007171630859375,-0.01148223876953125,-0.0234222412109375,-0.01300811767578125,-0.0162506103515625,-0.00957489013671875,-0.0029754638671875,-0.025634765625,0.61004638671875,0.4193115234375,0.21728515625,0.16021728515625,0.108795166015625,0.158538818359375,0.1458740234375,0.150299072265625,0.0390625,0.065765380859375,0.097808837890625,0.081024169921875,-0.485992431640625,-0.79986572265625,-0.0146484375,-1.0772705078125,-0.20849192142486572
518,0.259,-0.0,-0.0,-0.0,-0.0,-0.0,-0.0,-3.821425199508667,1.579025387763977,-640.3943481445312,-173241.328125,72630.5234375,-1271.2728271484375,-0.0,-0.0,-0.0,-0.0,-0.0,-0.0,-0.0,-0.0,-0.0,-0.0,-0.0,-0.0,0.00514984130859375,0.00743865966796875,0.00576019287109375,0.00835418701171875,0.00591278076171875,0.00850677490234375,0.00701904296875,0.01129150390625,0.0057220458984375,0.0064849853515625,0.0160980224609375,0.01071929931640625,0.01506805419921875,0.007171630859375,0.0011444091796875,0.01628875732421875,0.160980224609375,0.149993896484375,0.181884765625,0.119171142578125,0.6060791015625,0.124969482421875,0.028839111328125,0.130157470703125,0.080413818359375,0.0421142578125,0.198211669921875,0.10223388671875,0.4296875,0.07720947265625,0.4339599609375,1.5069580078125,5.889194965362549
519,0.2595,-0.0,-0.0,-0.0,-0.0,-0.0,-0.0,-4.425969123840332,1.742448329925537,-639.8252563476562,-173154.546875,72807.25,-1001.1510620117188,-0.0,-0.0,-0.0,-0.0,-0.0,-0.0,-0.0,-0.0,-0.0,-0.0,-0.0,-0.0,0.0087738037109375,0.00789642333984375,0.0127410888671875,0.01453399658203125,0.00972747802734375,0.01354217529296875,0.0090789794921875,0.023193359375,0.00591278076171875,0.012359619140625,0.0247955322265625,0.0109100341796875,0.01739501953125,0.00835418701171875,0.0031280517578125,0.02582550048828125,-0.134124755859375,0.015411376953125,0.06134033203125,0.12939453125,0.24932861328125,0.111541748046875,0.105438232421875,0.11688232421875,0.081939697265625,0.15380859375,0.160369873046875,0.084686279296875,0.53955078125,0.9454345703125,-0.21331787109375,1.376190185546875,4.669657230377197
520,0.26,-0.0,-0.0,-0.0,-0.0,-0.0,-0.0,-5.064760208129883,3.19446063041687,-637.48974609375,-172747.546875,72659.578125,-743.1296997070312,-0.0,-0.0,-0.0,-0.0,-0.0,-0.0,-0.0,-0.0,-0.0,-0.0,-0.0,-0.0,-0.0054168701171875,-0.0052642822265625,-0.00537872314453125,-0.00885009765625,-0.005340576171875,-0.008087158203125,-0.0078582763671875,-0.01148223876953125,-0.006103515625,-0.0060272216796875,-0.01384735107421875,-0.00759124755859375,-0.015106201171875,-0.00537872314453125,-0.0040435791015625,-0.013427734375,-0.1531982421875,0.276947021484375,0.14556884765625,0.1385498046875,0.0091552734375,0.14923095703125,0.110321044921875,0.0872802734375,0.09918212890625,0.08056640625,0.0689697265625,0.042572021484375,-0.080413818359375,0.05218505859375,-0.05828857421875,-1.336822509765625,1.6208140850067139
521,0.2605,-0.0,-0.0,-0.0,-0.0,-0.0,-0.0,-5.504240036010742,3.6199746131896973,-637.9237670898438,-172342.015625,72887.1484375,-778.4934692382812,-0.0,-0.0,-0.0,-0.0,-0.0,-0.0,-0.0,-0.0,-0.0,-0.0,-0.0,-0.0,-0.0078582763671875,-0.00896453857421875,-0.0116729736328125,-0.01407623291015625,-0.0096893310546875,-0.01422882080078125,-0.0084686279296875,-0.02300262451171875,-0.0069427490234375,-0.01071929931640625,-0.022125244140625,-0.01094818115234375,-0.0165557861328125,-0.0086212158203125,-0.0025177001953125,-0.025634765625,-0.14404296875,-0.127105712890625,-0.023345947265625,0.13153076171875,-0.0225830078125,0.10894775390625,0.1068115234375,0.129547119140625,0.072021484375,0.111083984375,0.0787353515625,0.029144287109375,-0.154876708984375,-0.7513427734375,0.42510986328125,-1.1297607421875,-0.5133762359619141
522,0.261,-0.0,-0.0,-0.0,-0.0,-0.0,-0.0,-5.6612958908081055,3.9765520095825195,-637.027099609375,-172103.484375,73013.3125,-564.36962890625,-0.0,-0.0,-0.0,-0.0,-0.0,-0.0,-0.0,-0.0,-0.0,-0.0,-0.0,-0.0,0.0058746337890625,0.0032806396484375,0.00690460205078125,0.01056671142578125,0.006866455078125,0.0091552734375,0.00583648681640625,0.01216888427734375,0.00614166259765625,0.007781982421875,0.0159454345703125,0.0116729736328125,0.01251220703125,0.0057220458984375,0.0042724609375,0.01430511474609375,0.53741455078125,0.17669677734375,0.291595458984375,0.0677490234375,-0.11749267578125,0.13153076171875,0.15594482421875,0.124053955078125,0.084686279296875,0.048980712890625,0.12725830078125,0.110626220703125,0.594329833984375,0.3741455078125,0.166015625,1.070404052734375,8.328269958496094
523,0.2615,-0.0,-0.0,-0.0,-0.0,-0.0,-0.0,-6.2447357177734375,4.545650482177734,-636.0770263671875,-171633.265625,73127.8828125,-482.89752197265625,-0.0,-0.0,-0.0,-0.0,-0.0,-0.0,-0.0,-0.0,-0.0,-0.0,-0.0,-0.0,0.00545501708984375,0.008087158203125,0.0113677978515625,0.0147247314453125,0.011749267578125,0.012664794921875,0.011138916015625,0.02216339111328125,0.007781982421875,0.0079345703125,0.0200653076171875,0.00957489013671875,0.01529693603515625,0.0103759765625,0.00453948974609375,0.025634765625,0.13824462890625,0.145416259765625,0.106658935546875,0.069580078125,0.2349853515625,0.098419189453125,0.057830810546875,0.09979248046875,0.09765625,0.084686279296875,0.1080322265625,0.1580810546875,0.32012939453125,0.7379150390625,-0.152587890625,1.15081787109375,7.71850061416626
524,0.262,-0.0,-0.0,-0.0,-0.0,-0.0,-0.0,-6.724981784820557,5.313661098480225,-635.0470581054688,-171034.8125,72990.3515625,-338.0462341308594,-0.0,-0.0,-0.0,-0.0,-0.0,-0.0,-0.0,-0.0,-0.0,-0.0,-0.0,-0.0,-0.00461578369140625,-0.0037384033203125,-0.00659942626953125,-0.0078582763671875,-0.0057220458984375,-0.00995635986328125,-0.0069427490234375,-0.01239776611328125,-0.00453948974609375,-0.00667572021484375,-0.01514434814453125,-0.011444091796875,-0.01468658447265625,-0.006256103515625,-0.0006103515625,-0.0164031982421875,0.02410888671875,0.27679443359375,0.03509521484375,0.054779052734375,0.206146240234375,0.0030517578125,0.12054443359375,0.079498291015625,0.134735107421875,0.10711669921875,-0.04302978515625,0.14892578125,-0.406494140625,-0.05584716796875,-0.1220703125,-1.453094482421875,1.0110454559326172
525,0.2625,-0.0,-0.0,-0.0,-0.0,-0.0,-0.0,-7.102703094482422,5.4160380363464355,-633.4696655273438,-170691.5,73020.8203125,-169.24313354492188,-0.0,-0.0,-0.0,-0.0,-0.0,-0.0,-0.0,-0.0,-0.0,-0.0,-0.0,-0.0,-0.00759124755859375,-0.0109100341796875,-0.0118255615234375,-0.01453399658203125,-0.0107574462890625,-0.0124359130859375,-0.00537872314453125,-0.02147674560546875,-0.00568389892578125,-0.0075531005859375,-0.0218963623046875,-0.01007080078125,-0.01552581787109375,-0.00904083251953125,-0.00385284423828125,-0.024566650390625,-0.087738037109375,0.028533935546875,0.045166015625,0.05218505859375,-0.350494384765625,0.122222900390625,0.123748779296875,0.07232666015625,0.14556884765625,0.17578125,0.018310546875,0.158233642578125,-0.03204345703125,-0.97991943359375,0.550537109375,-0.84014892578125,-0.5133762359619141
526,0.263,-0.0,-0.0,-0.0,-0.0,-0.0,-0.0,-7.196804046630859,6.430331230163574,-631.9546508789062,-170357.53125,72904.7890625,-263.0359191894531,-0.0,-0.0,-0.0,-0.0,-0.0,-0.0,-0.0,-0.0,-0.0,-0.0,-0.0,-0.0,0.00759124755859375,0.00843048095703125,0.00682830810546875,0.0098419189453125,0.00701904296875,0.00698089599609375,0.00762939453125,0.01094818115234375,0.00354766845703125,0.0078582763671875,0.01537322998046875,0.00690460205078125,0.01583099365234375,0.0058746337890625,0.0054931640625,0.014801025390625,-0.004425048828125,0.010833740234375,0.041961669921875,0.056915283203125,0.338897705078125,0.11016845703125,0.11688232421875,0.055694580078125,0.135345458984375,0.092315673828125,0.24566650390625,0.09796142578125,0.499725341796875,-0.0628662109375,-0.08331298828125,1.183013916015625,-2.95245099067688
527,0.2635,-0.0,-0.0,-0.0,-0.0,-0.0,-0.0,-7.357686996459961,6.782329559326172,-630.7794189453125,-169944.21875,73073.515625,-112.34677124023438,-0.0,-0.0,-0.0,-0.0,-0.0,-0.0,-0.0,-0.0,-0.0,-0.0,-0.0,-0.0,0.0064849853515625,0.0069427490234375,0.0110626220703125,0.01461029052734375,0.00942230224609375,0.01293182373046875,0.0091552734375,0.02132415771484375,0.00701904296875,0.0104522705078125,0.0244903564453125,0.00843048095703125,0.01468658447265625,0.0083160400390625,0.00354766845703125,0.02635955810546875,-0.2899169921875,0.102386474609375,0.00701904296875,0.1092529296875,0.288848876953125,0.081329345703125,0.1239013671875,0.106048583984375,0.085906982421875,0.036468505859375,0.154266357421875,0.06378173828125,0.31646728515625,0.98876953125,-0.3515625,1.327667236328125,0.7061610817909241
528,0.264,-0.0,-0.0,-0.0,-0.0,-0.0,-0.0,-7.85052490234375,7.478181838989258,-630.6450805664062,-169615.90625,73170.953125,40.19166946411133,-0.0,-0.0,-0.0,-0.0,-0.0,-0.0,-0.0,-0.0,-0.0,-0.0,-0.0,-0.0,-0.0048828125,-0.0030517578125,-0.00759124755859375,-0.00743865966796875,-0.0060272216796875,-0.0070953369140625,-0.00553131103515625,-0.01384735107421875,-0.00469207763671875,-0.0049591064453125,-0.0131988525390625,-0.00545501708984375,-0.01445770263671875,-0.00598907470703125,-0.00194549560546875,-0.01583099365234375,0.482940673828125,0.10833740234375,0.181121826171875,0.1165771484375,0.200958251953125,0.108184814453125,0.02716064453125,0.0946044921875,0.10009765625,-0.0677490234375,0.06805419921875,0.065460205078125,-0.129241943359375,0.37750244140625,0.31494140625,-0.695648193359375,3.755004405975342
529,0.2645,-0.0,-0.0,-0.0,-0.0,-0.0,-0.0,-8.308902740478516,7.855790138244629,-630.1094360351562,-169166.09375,73344.953125,172.8511199951172,-0.0,-0.0,-0.0,-0.0,-0.0,-0.0,-0.0,-0.0,-0.0,-0.0,-0.0,-0.0,-0.00675201416015625,-0.00732421875,-0.01125335693359375,-0.01506805419921875,-0.01068115234375,-0.013275146484375,-0.00499725341796875,-0.01926422119140625,-0.00759124755859375,-0.0104522705078125,-0.0218963623046875,-0.00835418701171875,-0.01636505126953125,-0.00942230224609375,-0.0040435791015625,-0.02471923828125,0.448760986328125,0.07720947265625,0.0799560546875,0.136566162109375,0.11383056640625,0.11932373046875,0.069580078125,0.11688232421875,0.08087158203125,0.20538330078125,0.077362060546875,0.060577392578125,-0.56427001953125,-0.67657470703125,0.4656982421875,-1.178131103515625,-2.647566556930542
530,0.265,-0.0,-0.0,-0.0,-0.0,-0.0,-0.0,-9.490103721618652,8.421481132507324,-628.879638671875,-168896.625,73634.109375,528.51318359375,-0.0,-0.0,-0.0,-0.0,-0.0,-0.0,-0.0,-0.0,-0.0,-0.0,-0.0,-0.0,0.00499725341796875,0.00568389892578125,0.0055694580078125,0.01079559326171875,0.0075531005859375,0.00804901123046875,0.00698089599609375,0.01026153564453125,0.00598907470703125,0.006561279296875,0.01430511474609375,0.00675201416015625,0.0138092041015625,0.00640869140625,0.0023651123046875,0.01674652099609375,-0.377197265625,0.19287109375,0.14923095703125,0.113983154296875,0.10772705078125,0.06317138671875,0.1422119140625,0.107879638671875,0.092620849609375,0.1239013671875,0.0225830078125,0.075531005859375,0.29998779296875,-0.25848388671875,0.037841796875,1.112823486328125,6.1940789222717285
531,0.2655,-0.0,-0.0,-0.0,-0.0,-0.0,-0.0,-10.358243942260742,8.790221214294434,-628.0485229492188,-168613.765625,73700.3671875,821.4028930664062,-0.0,-0.0,-0.0,-0.0,-0.0,-0.0,-0.0,-0.0,-0.0,-0.0,-0.0,-0.0,0.0069427490234375,0.004730224609375,0.01064300537109375,0.014190673828125,0.009613037109375,0.01495361328125,0.008087158203125,0.0238800048828125,0.00652313232421875,0.0103759765625,0.02323150634765625,0.00942230224609375,0.01316070556640625,0.00827789306640625,0.00270843505859375,0.024261474609375,0.09674072265625,-0.16448974609375,-0.222930908203125,0.09368896484375,-0.234375,0.088958740234375,0.12115478515625,0.08270263671875,0.100860595703125,0.063018798828125,0.09124755859375,0.10101318359375,0.6732177734375,0.94970703125,-0.43487548828125,1.27410888671875,2.8403513431549072
532,0.266,-0.0,-0.0,-0.0,-0.0,-0.0,-0.0,-10.983132362365723,9.123449325561523,-626.9348754882812,-168346.921875,73700.5859375,1012.0874633789062,-0.0,-0.0,-0.0,-0.0,-0.0,-0.0,-0.0,-0.0,-0.0,-0.0,-0.0,-0.0,-0.00614166259765625,-0.00164031982421875,-0.00736236572265625,-0.0064849853515625,-0.0054931640625,-0.00782012939453125,-0.0037384033203125,-0.014495849609375,-0.00255584716796875,-0.00690460205078125,-0.014190673828125,-0.00415802001953125,-0.01728057861328125,-0.00392913818359375,-0.0041961669921875,-0.0144195556640625,0.6060791015625,0.31402587890625,0.178375244140625,0.121612548828125,0.220489501953125,0.167083740234375,0.098419189453125,0.135955810546875,0.07110595703125,0.12603759765625,0.192108154296875,0.115966796875,0.0885009765625,0.0665283203125,0.25787353515625,-0.68878173828125,0.7061610817909241
533,0.2665,-0.0,-0.0,-0.0,-0.0,-0.0,-0.0,-11.509167671203613,8.958110809326172,-624.9082641601562,-167831.46875,73910.3203125,1081.1351318359375,-0.0,-0.0,-0.0,-0.0,-0.0,-0.0,-0.0,-0.0,-0.0,-0.0,-0.0,-0.0,-0.0077056884765625,-0.00942230224609375,-0.00957489013671875,-0.012359619140625,-0.008392333984375,-0.01220703125,-0.00896453857421875,-0.02071380615234375,-0.00701904296875,-0.01132965087890625,-0.02315521240234375,-0.0135040283203125,-0.01392364501953125,-0.0093841552734375,-0.0029754638671875,-0.024261474609375,-0.05340576171875,0.329132080078125,0.236968994140625,0.112762451171875,-0.313720703125,0.1220703125,0.07904052734375,0.114593505859375,0.081024169921875,0.065765380859375,0.12054443359375,0.109100341796875,-0.368804931640625,-0.79681396484375,0.2655029296875,-1.039886474609375,-1.732913613319397
534,0.267,-0.0,-0.0,-0.0,-0.0,-0.0,-0.0,-12.322332382202148,9.592616081237793,-624.9525756835938,-167758.953125,74120.2578125,1337.77685546875,-0.0,-0.0,-0.0,-0.0,-0.0,-0.0,-0.0,-0.0,-0.0,-0.0,-0.0,-0.0,0.0038909912109375,0.007476806640625,0.0052642822265625,0.00865936279296875,0.00751495361328125,0.00751495361328125,0.0095367431640625,0.00949859619140625,0.00560760498046875,0.0072479248046875,0.0141143798828125,0.00919342041015625,0.01468658447265625,0.006103515625,0.0035858154296875,0.01590728759765625,-0.02685546875,0.023040771484375,-0.072174072265625,0.070953369140625,0.499725341796875,0.023040771484375,0.166473388671875,0.063629150390625,0.12420654296875,0.19439697265625,-0.006103515625,0.103912353515625,0.1123046875,-0.0775146484375,0.12603759765625,0.924072265625,4.974541664123535
535,0.2675,-0.0,-0.0,-0.0,-0.0,-0.0,-0.0,-12.980177879333496,10.294610023498535,-624.2013549804688,-167344.59375,74397.4609375,1608.98876953125,-0.0,-0.0,-0.0,-0.0,-0.0,-0.0,-0.0,-0.0,-0.0,-0.0,-0.0,-0.0,0.0069427490234375,0.00762939453125,0.01247406005859375,0.01468658447265625,0.01171112060546875,0.01300811767578125,0.0060272216796875,0.01941680908203125,0.0060272216796875,0.0089263916015625,0.02307891845703125,0.0089263916015625,0.0167083740234375,0.01129150390625,0.00507354736328125,0.0251007080078125,-0.2001953125,0.070037841796875,0.096282958984375,0.124969482421875,0.187530517578125,0.0262451171875,-0.045623779296875,0.09002685546875,0.100555419921875,-0.0537109375,0.0616455078125,0.06103515625,0.260009765625,1.0107421875,-0.1800537109375,1.4227294921875,5.889194965362549
536,0.268,-0.0,-0.0,-0.0,-0.0,-0.0,-0.0,-13.861001014709473,10.70654296875,-624.6864013671875,-167200.421875,74515.546875,1682.5662841796875,-0.0,-0.0,-0.0,-0.0,-0.0,-0.0,-0.0,-0.0,-0.0,-0.0,-0.0,-0.0,-0.00453948974609375,-0.0051116943359375,-0.004119873046875,-0.00736236572265625,-0.00598907470703125,-0.0069427490234375,-0.00530242919921875,-0.01007080078125,-0.00438690185546875,-0.00682830810546875,-0.0122833251953125,-0.006103515625,-0.01575469970703125,-0.00545501708984375,-0.0040435791015625,-0.015411376953125,0.4168701171875,0.238189697265625,0.3277587890625,0.1409912109375,0.22613525390625,0.18951416015625,0.103302001953125,0.12054443359375,0.069122314453125,0.184326171875,0.146484375,0.06134033203125,0.110931396484375,0.51300048828125,0.22796630859375,-0.798187255859375,0.40127673745155334
537,0.2685,-0.0,-0.0,-0.0,-0.0,-0.0,-0.0,-14.32960319519043,11.040203094482422,-623.9423828125,-167034.796875,74810.8359375,1858.7574462890625,-0.0,-0.0,-0.0,-0.0,-0.0,-0.0,-0.0,-0.0,-0.0,-0.0,-0.0,-0.0,-0.00606536865234375,-0.00789642333984375,-0.00934600830078125,-0.01224517822265625,-0.0099945068359375,-0.01247406005859375,-0.00888824462890625,-0.02155303955078125,-0.00701904296875,-0.01003265380859375,-0.02208709716796875,-0.013275146484375,-0.014495849609375,-0.00812530517578125,-0.00278472900390625,-0.02300262451171875,-0.14739990234375,-0.32440185546875,0.034027099609375,0.073699951171875,0.08392333984375,0.15350341796875,0.10711669921875,0.120086669921875,0.07049560546875,0.129241943359375,0.1422119140625,0.07293701171875,-0.188140869140625,-0.906982421875,0.4058837890625,-1.38427734375,-2.342682361602783
538,0.269,-0.0,-0.0,-0.0,-0.0,-0.0,-0.0,-14.773943901062012,11.24267578125,-622.3515625,-167121.8125,74924.2109375,2089.04150390625,-0.0,-0.0,-0.0,-0.0,-0.0,-0.0,-0.0,-0.0,-0.0,-0.0,-0.0,-0.0,0.002899169921875,0.00469207763671875,0.00637054443359375,0.0095367431640625,0.00789642333984375,0.00885009765625,0.0066375732421875,0.01209259033203125,0.00457763671875,0.0107574462890625,0.0131988525390625,0.0080108642578125,0.01293182373046875,0.00644683837890625,0.00324249267578125,0.01613616943359375,0.68389892578125,0.177154541015625,0.0970458984375,0.053253173828125,0.0860595703125,0.099334716796875,0.12908935546875,0.09368896484375,0.09490966796875,0.00885009765625,0.086669921875,0.134429931640625,0.448760986328125,0.22735595703125,-0.10498046875,0.806121826171875,6.1940789222717285
539,0.2695,-0.0,-0.0,-0.0,-0.0,-0.0,-0.0,-15.01025104522705,10.929906845092773,-623.0093994140625,-167186.71875,75168.40625,2030.364013671875,-0.0,-0.0,-0.0,-0.0,-0.0,-0.0,-0.0,-0.0,-0.0,-0.0,-0.0,-0.0,0.0075531005859375,0.00385284423828125,0.010528564453125,0.01331329345703125,0.01049041748046875,0.013580322265625,0.00843048095703125,0.02201080322265625,0.00797271728515625,0.00988006591796875,0.023345947265625,0.0146484375,0.0167083740234375,0.0067901611328125,0.0018310546875,0.02429962158203125,-0.133514404296875,0.162811279296875,-0.1300048828125,0.08026123046875,-0.032958984375,0.04608154296875,0.1043701171875,0.08636474609375,0.12054443359375,0.147552490234375,0.042724609375,0.159454345703125,0.710296630859375,0.99334716796875,-0.01556396484375,1.61773681640625,5.889194965362549
540,0.27,-0.0,-0.0,-0.0,-0.0,-0.0,-0.0,-15.522628784179688,10.97305965423584,-622.9181518554688,-166959.421875,75240.953125,2012.1309814453125,-0.0,-0.0,-0.0,-0.0,-0.0,-0.0,-0.0,-0.0,-0.0,-0.0,-0.0,-0.0,-0.00522613525390625,-0.00644683837890625,-0.00827789306640625,-0.00659942626953125,-0.006103515625,-0.0090789794921875,-0.006103515625,-0.01468658447265625,-0.00213623046875,-0.00888824462890625,-0.01369476318359375,-0.008087158203125,-0.01651763916015625,-0.0045013427734375,-0.00499725341796875,-0.01583099365234375,0.262451171875,0.102996826171875,0.435791015625,0.08056640625,-0.765838623046875,0.164642333984375,0.10833740234375,0.073699951171875,0.11322021484375,0.0927734375,0.1544189453125,0.074310302734375,-0.234222412109375,0.18829345703125,-0.15380859375,-0.60516357421875,-2.342682361602783
541,0.2705,-0.0,-0.0,-0.0,-0.0,-0.0,-0.0,-15.076576232910156,10.92019271850586,-624.0299072265625,-167203.515625,75775.9765625,2187.405517578125,-0.0,-0.0,-0.0,-0.0,-0.0,-0.0,-0.0,-0.0,-0.0,-0.0,-0.0,-0.0,-0.0057220458984375,-0.0030517578125,-0.01007080078125,-0.01331329345703125,-0.0107574462890625,-0.01369476318359375,-0.0057220458984375,-0.02025604248046875,-0.00789642333984375,-0.01201629638671875,-0.02315521240234375,-0.01262664794921875,-0.01544952392578125,-0.008697509765625,-0.00225067138671875,-0.02460479736328125,-0.4632568359375,-0.026092529296875,0.194091796875,0.15899658203125,0.63629150390625,0.042266845703125,0.1025390625,0.111541748046875,0.089111328125,0.172576904296875,0.07476806640625,0.037994384765625,-0.440673828125,-1.00616455078125,0.3021240234375,-1.387939453125,5.584310531616211
542,0.271,-0.0,-0.0,-0.0,-0.0,-0.0,-0.0,-15.522628784179688,11.277045249938965,-625.8185424804688,-167377.25,75646.328125,2095.5615234375,-0.0,-0.0,-0.0,-0.0,-0.0,-0.0,-0.0,-0.0,-0.0,-0.0,-0.0,-0.0,0.00400543212890625,0.0058746337890625,0.00762939453125,0.01056671142578125,0.006866455078125,0.0083160400390625,0.0074005126953125,0.01251220703125,0.003662109375,0.00843048095703125,0.015716552734375,0.00919342041015625,0.01605987548828125,0.00659942626953125,0.00354766845703125,0.01674652099609375,0.489654541015625,0.062408447265625,-0.106048583984375,0.090484619140625,0.0640869140625,0.0091552734375,0.120086669921875,0.081329345703125,0.116424560546875,0.15869140625,0.066375732421875,0.06256103515625,0.08575439453125,0.123291015625,0.0213623046875,1.029510498046875,7.108732223510742
543,0.2715,-0.0,-0.0,-0.0,-0.0,-0.0,-0.0,-14.452102661132812,10.972475051879883,-627.693603515625,-167934.78125,76140.875,2014.890380859375,-0.0,-0.0,-0.0,-0.0,-0.0,-0.0,-0.0,-0.0,-0.0,-0.0,-0.0,-0.0,0.006256103515625,0.00835418701171875,0.01255035400390625,0.013275146484375,0.01071929931640625,0.010986328125,0.00606536865234375,0.02216339111328125,0.0077056884765625,0.011444091796875,0.02170562744140625,0.0136566162109375,0.01483917236328125,0.00873565673828125,0.003814697265625,0.0225067138671875,-0.25421142578125,0.32073974609375,0.163421630859375,0.088348388671875,0.244293212890625,0.216522216796875,0.067291259765625,0.125579833984375,0.078582763671875,0.107269287109375,0.186767578125,0.1422119140625,0.51666259765625,1.0809326171875,-0.13214111328125,1.235198974609375,6.803847789764404
544,0.272,-0.0,-0.0,-0.0,-0.0,-0.0,-0.0,-13.691255569458008,10.13730525970459,-626.7847290039062,-168286.59375,76268.1640625,1773.9404296875,-0.0,-0.0,-0.0,-0.0,-0.0,-0.0,-0.0,-0.0,-0.0,-0.0,-0.0,-0.0,-0.0060272216796875,-0.00453948974609375,-0.00820159912109375,-0.00782012939453125,-0.0087738037109375,-0.00698089599609375,-0.00766754150390625,-0.0128173828125,-0.00232696533203125,-0.00732421875,-0.01232147216796875,-0.00774383544921875,-0.0148773193359375,-0.00518798828125,-0.004730224609375,-0.015106201171875,0.42205810546875,0.009918212890625,0.016021728515625,0.070953369140625,0.017852783203125,0.0958251953125,0.100250244140625,0.081634521484375,0.115203857421875,0.001373291015625,0.0823974609375,0.1666259765625,0.27862548828125,0.19287109375,0.145263671875,-0.664825439453125,1.0110454559326172
545,0.2725,-0.0,-0.0,-0.0,-0.0,-0.0,-0.0,-13.348844528198242,10.241019248962402,-629.2598876953125,-168495.34375,76156.4296875,1603.3814697265625,-0.0,-0.0,-0.0,-0.0,-0.0,-0.0,-0.0,-0.0,-0.0,-0.0,-0.0,-0.0,-0.0063323974609375,-0.00545501708984375,-0.01003265380859375,-0.012664794921875,-0.0095367431640625,-0.011749267578125,-0.00518798828125,-0.020294189453125,-0.008392333984375,-0.01003265380859375,-0.0235748291015625,-0.01239776611328125,-0.0127410888671875,-0.008697509765625,-0.003662109375,-0.02414703369140625,0.141143798828125,0.171051025390625,-0.04058837890625,0.08514404296875,0.299224853515625,0.09857177734375,0.071563720703125,0.103607177734375,0.10345458984375,0.156097412109375,0.151519775390625,0.16204833984375,-0.41412353515625,-0.8380126953125,0.3521728515625,-1.04461669921875,0.09639240801334381
546,0.273,-0.0,-0.0,-0.0,-0.0,-0.0,-0.0,-12.807414054870605,9.54576301574707,-631.5452880859375,-169122.703125,76503.8359375,1491.620849609375,-0.0,-0.0,-0.0,-0.0,-0.0,-0.0,-0.0,-0.0,-0.0,-0.0,-0.0,-0.0,0.00408172607421875,0.0043487548828125,0.00637054443359375,0.009765625,0.0081634521484375,0.00885009765625,0.00640869140625,0.0127410888671875,0.003509521484375,0.00797271728515625,0.0128936767578125,0.0101470947265625,0.01537322998046875,0.005645751953125,0.0041961669921875,0.01621246337890625,-0.3277587890625,0.018463134765625,0.023651123046875,0.101165771484375,0.1043701171875,0.08209228515625,0.125274658203125,0.077667236328125,0.118408203125,0.167236328125,0.02227783203125,0.113525390625,0.091400146484375,-0.16571044921875,0.25970458984375,1.02325439453125,11.07222843170166
547,0.2735,-0.0,-0.0,-0.0,-0.0,-0.0,-0.0,-12.78110122680664,9.658659934997559,-632.8984375,-169626.265625,76871.0859375,1417.5133056640625,-0.0,-0.0,-0.0,-0.0,-0.0,-0.0,-0.0,-0.0,-0.0,-0.0,-0.0,-0.0,0.00614166259765625,0.005340576171875,0.01018524169921875,0.01277923583984375,0.01003265380859375,0.01361846923828125,0.00812530517578125,0.02124786376953125,0.00606536865234375,0.00995635986328125,0.0201416015625,0.011444091796875,0.0151824951171875,0.00942230224609375,0.0028228759765625,0.02269744873046875,-0.20263671875,0.15045166015625,0.045623779296875,0.145263671875,-0.18035888671875,0.073089599609375,0.0518798828125,0.08392333984375,0.102996826171875,0.0885009765625,0.040435791015625,0.06103515625,0.519256591796875,0.7635498046875,-0.303955078125,1.4996337890625,4.05988883972168
548,0.274,-0.0,-0.0,-0.0,-0.0,-0.0,-0.0,-12.359378814697266,9.406977653503418,-635.2088623046875,-170261.734375,77207.65625,1305.334716796875,-0.0,-0.0,-0.0,-0.0,-0.0,-0.0,-0.0,-0.0,-0.0,-0.0,-0.0,-0.0,-0.00579833984375,-0.00423431396484375,-0.00881195068359375,-0.00762939453125,-0.009765625,-0.006256103515625,-0.008087158203125,-0.01300811767578125,-0.0048828125,-0.00629425048828125,-0.01232147216796875,-0.00850677490234375,-0.0148773193359375,-0.006103515625,-0.00431060791015625,-0.0147247314453125,0.83282470703125,-0.30670166015625,-0.178680419921875,0.07476806640625,0.159149169921875,0.05096435546875,-0.018310546875,0.099334716796875,0.102386474609375,-0.06103515625,0.101318359375,0.0787353515625,0.384979248046875,0.029296875,-0.11383056640625,-0.54046630859375,2.2305827140808105
549,0.2745,-0.0,-0.0,-0.0,-0.0,-0.0,-0.0,-12.156906127929688,8.848164558410645,-635.7887573242188,-170786.9375,77337.609375,1118.7742919921875,-0.0,-0.0,-0.0,-0.0,-0.0,-0.0,-0.0,-0.0,-0.0,-0.0,-0.0,-0.0,-0.00644683837890625,-0.0054168701171875,-0.00865936279296875,-0.01201629638671875,-0.009765625,-0.01590728759765625,-0.00644683837890625,-0.01941680908203125,-0.00621795654296875,-0.01270294189453125,-0.0205230712890625,-0.00965118408203125,-0.01251220703125,-0.0067901611328125,-0.0032806396484375,-0.02323150634765625,0.70098876953125,0.174407958984375,0.251922607421875,0.079345703125,0.16387939453125,0.118865966796875,0.06866455078125,0.120086669921875,0.0811767578125,0.071868896484375,0.174407958984375,0.09552001953125,-0.59112548828125,-0.7550048828125,0.44036865234375,-1.15570068359375,-0.20849192142486572
550,0.275,-0.0,-0.0,-0.0,-0.0,-0.0,-0.0,-11.897381782531738,7.568149089813232,-636.6867065429688,-171392.625,77658.59375,1138.9793701171875,-0.0,-0.0,-0.0,-0.0,-0.0,-0.0,-0.0,-0.0,-0.0,-0.0,-0.0,-0.0,0.00553131103515625,0.00385284423828125,0.008544921875,0.00957489013671875,0.009002685546875,0.00911712646484375,0.0069427490234375,0.014801025390625,0.00335693359375,0.00751495361328125,0.01544952392578125,0.0116729736328125,0.01514434814453125,0.0067901611328125,0.00194549560546875,0.017242431640625,-0.034027099609375,0.330352783203125,0.25726318359375,0.095672607421875,0.114898681640625,0.091705322265625,0.126495361328125,0.0823974609375,0.08270263671875,0.166168212890625,0.105438232421875,0.11016845703125,0.1312255859375,0.234375,0.458984375,0.6890869140625,8.633153915405273
551,0.2755,-0.0,-0.0,-0.0,-0.0,-0.0,-0.0,-11.929655075073242,6.7493791580200195,-638.3241577148438,-171700.734375,78037.765625,994.6809692382812,-0.0,-0.0,-0.0,-0.0,-0.0,-0.0,-0.0,-0.0,-0.0,-0.0,-0.0,-0.0,0.006866455078125,0.00438690185546875,0.01068115234375,0.01560211181640625,0.0102996826171875,0.01323699951171875,0.00728607177734375,0.0213623046875,0.0049591064453125,0.01026153564453125,0.0203704833984375,0.00705718994140625,0.013885498046875,0.00812530517578125,0.00537872314453125,0.02349853515625,-0.090484619140625,0.25299072265625,-0.102996826171875,0.054473876953125,-0.136871337890625,0.03448486328125,0.1165771484375,0.09063720703125,0.12298583984375,0.12481689453125,0.086212158203125,0.07110595703125,0.689544677734375,0.9454345703125,-0.27740478515625,1.333160400390625,5.889194965362549
552,0.276,-0.0,-0.0,-0.0,-0.0,-0.0,-0.0,-11.587799072265625,6.149997711181641,-639.3834228515625,-172175.265625,78138.6953125,1010.2496337890625,-0.0,-0.0,-0.0,-0.0,-0.0,-0.0,-0.0,-0.0,-0.0,-0.0,-0.0,-0.0,-0.00621795654296875,-0.00362396240234375,-0.00743865966796875,-0.00812530517578125,-0.0048065185546875,-0.0110626220703125,-0.00553131103515625,-0.01560211181640625,-0.0034332275390625,-0.0081634521484375,-0.01346588134765625,-0.00926971435546875,-0.01682281494140625,-0.00530242919921875,-0.00377655029296875,-0.01636505126953125,-0.4913330078125,0.209808349609375,0.186309814453125,0.094757080078125,-0.05279541015625,0.062103271484375,0.111083984375,0.06866455078125,0.115203857421875,0.12847900390625,0.078887939453125,0.08026123046875,-0.125732421875,0.10101318359375,-0.15289306640625,-0.876312255859375,1.9256983995437622
553,0.2765,-0.0,-0.0,-0.0,-0.0,-0.0,-0.0,-11.897172927856445,5.68242073059082,-641.826416015625,-172135.5,78369.4453125,987.953857421875,-0.0,-0.0,-0.0,-0.0,-0.0,-0.0,-0.0,-0.0,-0.0,-0.0,-0.0,-0.0,-0.0074005126953125,-0.002593994140625,-0.00949859619140625,-0.0118255615234375,-0.0091552734375,-0.010833740234375,-0.0051116943359375,-0.0194549560546875,-0.00469207763671875,-0.0099945068359375,-0.02197265625,-0.00988006591796875,-0.01224517822265625,-0.00804901123046875,-0.00438690185546875,-0.02315521240234375,0.82366943359375,-0.04669189453125,-0.032196044921875,0.1068115234375,0.532073974609375,0.14556884765625,0.0946044921875,0.130615234375,0.103759765625,0.087432861328125,-0.07080078125,0.133514404296875,-0.484466552734375,-0.709228515625,0.4779052734375,-0.82733154296875,-2.95245099067688
554,0.277,-0.0,-0.0,-0.0,-0.0,-0.0,-0.0,-11.46535873413086,5.2266035079956055,-641.9822387695312,-172513.390625,78307.8203125,1089.09814453125,-0.0,-0.0,-0.0,-0.0,-0.0,-0.0,-0.0,-0.0,-0.0,-0.0,-0.0,-0.0,0.00469207763671875,0.0067901611328125,0.0093841552734375,0.01010894775390625,0.00789642333984375,0.00774383544921875,0.00736236572265625,0.01773834228515625,0.00438690185546875,0.007781982421875,0.01361846923828125,0.0098419189453125,0.01277923583984375,0.00782012939453125,0.00377655029296875,0.01895904541015625,0.1605224609375,-0.24444580078125,0.0286865234375,0.126953125,0.3656005859375,0.184783935546875,0.16754150390625,0.101470947265625,0.0775146484375,-0.013427734375,0.289459228515625,0.108642578125,0.012359619140625,0.41107177734375,0.1226806640625,0.73028564453125,8.633153915405273
555,0.2775,-0.0,-0.0,-0.0,-0.0,-0.0,-0.0,-11.297686576843262,5.430025100708008,-642.5612182617188,-172900.546875,78372.1640625,988.7179565429688,-0.0,-0.0,-0.0,-0.0,-0.0,-0.0,-0.0,-0.0,-0.0,-0.0,-0.0,-0.0,0.00537872314453125,0.0020599365234375,0.00957489013671875,0.01445770263671875,0.0113677978515625,0.01361846923828125,0.00919342041015625,0.0196075439453125,0.00713348388671875,0.0102996826171875,0.02231597900390625,0.00881195068359375,0.013275146484375,0.0086212158203125,0.00194549560546875,0.023345947265625,-0.02471923828125,0.285491943359375,0.1153564453125,0.123291015625,-0.5084228515625,0.08392333984375,0.074005126953125,0.126190185546875,0.079803466796875,0.09124755859375,0.270538330078125,0.083465576171875,0.599212646484375,0.71746826171875,-0.42938232421875,1.241912841796875,5.279426097869873
556,0.278,-0.0,-0.0,-0.0,-0.0,-0.0,-0.0,-11.39366626739502,5.162882328033447,-644.2473754882812,-172707.375,78779.875,1072.456298828125,-0.0,-0.0,-0.0,-0.0,-0.0,-0.0,-0.0,-0.0,-0.0,-0.0,-0.0,-0.0,-0.0032806396484375,-3.814697265625e-05,-0.00690460205078125,-0.008697509765625,-0.00701904296875,-0.0075531005859375,-0.00736236572265625,-0.0131988525390625,-0.00713348388671875,-0.00637054443359375,-0.01308441162109375,-0.01018524169921875,-0.01194000244140625,-0.0074005126953125,-0.0029754638671875,-0.0182342529296875,-0.958099365234375,0.1422119140625,0.262603759765625,0.108184814453125,0.559234619140625,0.139312744140625,0.09674072265625,0.10009765625,0.106201171875,0.120391845703125,0.0738525390625,0.089569091796875,0.073699951171875,-0.006103515625,0.1507568359375,-0.57220458984375,-0.8182606101036072
557,0.2785,-0.0,-0.0,-0.0,-0.0,-0.0,-0.0,-11.98611831665039,5.099287509918213,-642.913818359375,-172698.46875,78802.8984375,1055.611572265625,-0.0,-0.0,-0.0,-0.0,-0.0,-0.0,-0.0,-0.0,-0.0,-0.0,-0.0,-0.0,-0.005035400390625,-0.00888824462890625,-0.01209259033203125,-0.01373291015625,-0.011444091796875,-0.0099945068359375,-0.0077056884765625,-0.01850128173828125,-0.00522613525390625,-0.00713348388671875,-0.0214385986328125,-0.0055694580078125,-0.00946044921875,-0.0087738037109375,-0.002899169921875,-0.02361297607421875,1.0089111328125,-0.23345947265625,-0.076446533203125,0.095062255859375,0.34423828125,0.0433349609375,0.11993408203125,0.050811767578125,0.126953125,0.092620849609375,0.03753662109375,0.055694580078125,-0.07965087890625,-0.501708984375,0.56640625,-1.03546142578125,0.09639240801334381
558,0.279,-0.0,-0.0,-0.0,-0.0,-0.0,-0.0,-12.228110313415527,5.067902565002441,-643.5950317382812,-172860.78125,78827.03125,1245.802978515625,-0.0,-0.0,-0.0,-0.0,-0.0,-0.0,-0.0,-0.0,-0.0,-0.0,-0.0,-0.0,0.00530242919921875,0.0022125244140625,0.008392333984375,0.009918212890625,0.00865936279296875,0.00980377197265625,0.00568389892578125,0.0138092041015625,0.00492095947265625,0.0049591064453125,0.01590728759765625,0.00858306884765625,0.015106201171875,0.00629425048828125,0.0006103515625,0.017852783203125,-0.166778564453125,0.38726806640625,-0.040435791015625,0.173797607421875,-0.320587158203125,0.085906982421875,0.106658935546875,0.145263671875,0.0482177734375,0.02166748046875,0.099029541015625,0.047760009765625,-0.020751953125,0.32684326171875,0.21392822265625,0.838470458984375,8.633153915405273
559,0.2795,-0.0,-0.0,-0.0,-0.0,-0.0,-0.0,-11.979905128479004,4.9278459548950195,-642.2548217773438,-172919.734375,78996.078125,1176.710693359375,-0.0,-0.0,-0.0,-0.0,-0.0,-0.0,-0.0,-0.0,-0.0,-0.0,-0.0,-0.0,0.0061798095703125,0.005950927734375,0.010223388671875,0.01270294189453125,0.01018524169921875,0.01270294189453125,0.0055694580078125,0.0176239013671875,0.00553131103515625,0.01010894775390625,0.02170562744140625,0.0110626220703125,0.0153350830078125,0.0090789794921875,0.004730224609375,0.02288818359375,0.74462890625,-0.144195556640625,0.359954833984375,0.067901611328125,-0.20050048828125,0.12939453125,0.007781982421875,0.07598876953125,0.104827880859375,0.039825439453125,0.07232666015625,0.113983154296875,0.43426513671875,0.85540771484375,-0.2496337890625,1.27899169921875,4.974541664123535
560,0.28,-0.0,-0.0,-0.0,-0.0,-0.0,-0.0,-11.488241195678711,4.864611625671387,-643.0618286132812,-172588.015625,78663.0703125,1128.4423828125,-0.0,-0.0,-0.0,-0.0,-0.0,-0.0,-0.0,-0.0,-0.0,-0.0,-0.0,-0.0,-0.0052642822265625,-0.0052642822265625,-0.00827789306640625,-0.00789642333984375,-0.00766754150390625,-0.00720977783203125,-0.0070953369140625,-0.01422882080078125,-0.00377655029296875,-0.00682830810546875,-0.01430511474609375,-0.00823974609375,-0.0116729736328125,-0.006561279296875,-0.0037384033203125,-0.01697540283203125,0.43121337890625,0.26611328125,0.1641845703125,0.086822509765625,0.000762939453125,0.11444091796875,0.100555419921875,0.119171142578125,0.1025390625,0.16632080078125,0.1959228515625,0.163421630859375,0.095672607421875,-0.3277587890625,0.0372314453125,-0.455169677734375,-8.44036865234375
561,0.2805,-0.0,-0.0,-0.0,-0.0,-0.0,-0.0,-11.444918632507324,5.2271037101745605,-643.1630249023438,-172754.921875,78847.8203125,1107.9710693359375,-0.0,-0.0,-0.0,-0.0,-0.0,-0.0,-0.0,-0.0,-0.0,-0.0,-0.0,-0.0,-0.005035400390625,-0.0049591064453125,-0.00827789306640625,-0.01323699951171875,-0.008544921875,-0.0119781494140625,-0.00873565673828125,-0.01979827880859375,-0.00682830810546875,-0.00896453857421875,-0.02391815185546875,-0.011444091796875,-0.0116729736328125,-0.008087158203125,-0.00164031982421875,-0.02292633056640625,-0.131378173828125,0.1446533203125,-0.001678466796875,0.064849853515625,-0.186920166015625,0.114288330078125,0.124053955078125,0.094757080078125,0.129241943359375,-0.02960205078125,0.073394775390625,0.124969482421875,-0.456085205078125,-0.76568603515625,0.19378662109375,-1.21307373046875,-0.5133762359619141
562,0.281,-0.0,-0.0,-0.0,-0.0,-0.0,-0.0,-11.959686279296875,5.138029098510742,-642.8525390625,-172432.3125,78862.796875,1063.5010986328125,-0.0,-0.0,-0.0,-0.0,-0.0,-0.0,-0.0,-0.0,-0.0,-0.0,-0.0,-0.0,0.00518798828125,0.00568389892578125,0.00843048095703125,0.00820159912109375,0.0081634521484375,0.008544921875,0.00751495361328125,0.01220703125,0.00484466552734375,0.00896453857421875,0.01251220703125,0.00995635986328125,0.01220703125,0.00865936279296875,0.002593994140625,0.01922607421875,0.11260986328125,-0.092315673828125,-0.04180908203125,0.08087158203125,0.30670166015625,0.087432861328125,0.037689208984375,0.080718994140625,0.119171142578125,0.0518798828125,0.02655029296875,0.092620849609375,0.410003662109375,0.2117919921875,-0.0439453125,0.786285400390625,7.71850061416626
563,0.28150000000000003,-0.0,-0.0,-0.0,-0.0,-0.0,-0.0,-12.541923522949219,5.562810897827148,-642.8500366210938,-172358.328125,78901.3203125,1189.41845703125,-0.0,-0.0,-0.0,-0.0,-0.0,-0.0,-0.0,-0.0,-0.0,-0.0,-0.0,-0.0,0.006866455078125,0.00965118408203125,0.011749267578125,0.0138092041015625,0.00957489013671875,0.01377105712890625,0.0087738037109375,0.0194549560546875,0.00591278076171875,0.0090789794921875,0.02262115478515625,0.00858306884765625,0.013427734375,0.00865936279296875,0.00461578369140625,0.0229644775390625,-0.445709228515625,0.12420654296875,0.044403076171875,0.087890625,0.462799072265625,0.037994384765625,0.124664306640625,0.090789794921875,0.1031494140625,0.136566162109375,0.051422119140625,0.068206787109375,0.81146240234375,0.92803955078125,-0.09674072265625,1.4178466796875,3.145235776901245
564,0.28200000000000003,-0.0,-0.0,-0.0,-0.0,-0.0,-0.0,-12.436688423156738,6.1813788414001465,-642.434326171875,-172636.328125,78931.34375,1308.39697265625,-0.0,-0.0,-0.0,-0.0,-0.0,-0.0,-0.0,-0.0,-0.0,-0.0,-0.0,-0.0,-0.00583648681640625,-0.00484466552734375,-0.00820159912109375,-0.00885009765625,-0.006103515625,-0.00934600830078125,-0.007476806640625,-0.0150299072265625,-0.0031280517578125,-0.0074005126953125,-0.01483917236328125,-0.00606536865234375,-0.01537322998046875,-0.0066375732421875,-0.003662109375,-0.01842498779296875,0.3826904296875,0.2056884765625,0.063934326171875,0.077972412109375,0.102691650390625,0.0885009765625,0.1123046875,0.09735107421875,0.10467529296875,0.05126953125,0.07598876953125,0.09918212890625,0.118560791015625,0.09796142578125,0.1165771484375,-0.682830810546875,0.40127673745155334
565,0.28250000000000003,-0.0,-0.0,-0.0,-0.0,-0.0,-0.0,-12.405108451843262,6.034386157989502,-642.24365234375,-172186.609375,78703.9375,1360.266357421875,-0.0,-0.0,-0.0,-0.0,-0.0,-0.0,-0.0,-0.0,-0.0,-0.0,-0.0,-0.0,-0.0067138671875,-0.00873565673828125,-0.00942230224609375,-0.0115966796875,-0.00797271728515625,-0.01117706298828125,-0.00751495361328125,-0.0164031982421875,-0.0045013427734375,-0.00858306884765625,-0.0213623046875,-0.01056671142578125,-0.01407623291015625,-0.01117706298828125,-0.00423431396484375,-0.0231170654296875,0.03173828125,-0.1751708984375,0.268096923828125,0.11566162109375,-0.070343017578125,0.23162841796875,0.1190185546875,0.107421875,0.082550048828125,0.174713134765625,0.19500732421875,0.10833740234375,-0.541839599609375,-0.56976318359375,0.5096435546875,-1.3226318359375,-2.647566556930542
566,0.28300000000000003,-0.0,-0.0,-0.0,-0.0,-0.0,-0.0,-12.614551544189453,5.552731513977051,-641.8335571289062,-172258.625,78643.625,1254.8548583984375,-0.0,-0.0,-0.0,-0.0,-0.0,-0.0,-0.0,-0.0,-0.0,-0.0,-0.0,-0.0,0.00522613525390625,0.0049591064453125,0.00720977783203125,0.01125335693359375,0.0089263916015625,0.0099945068359375,0.00621795654296875,0.01392364501953125,0.00400543212890625,0.00919342041015625,0.0141143798828125,0.00522613525390625,0.01651763916015625,0.0074005126953125,0.00213623046875,0.017242431640625,0.3350830078125,0.146636962890625,0.198516845703125,0.11260986328125,0.059051513671875,0.0885009765625,0.095672607421875,0.115203857421875,0.0726318359375,0.019989013671875,0.136566162109375,0.081024169921875,0.742034912109375,0.3875732421875,-0.5133056640625,1.04827880859375,7.71850061416626
567,0.28350000000000003,-0.0,-0.0,-0.0,-0.0,-0.0,-0.0,-12.007774353027344,5.071579456329346,-641.9041748046875,-172550.796875,78738.109375,1235.3177490234375,-0.0,-0.0,-0.0,-0.0,-0.0,-0.0,-0.0,-0.0,-0.0,-0.0,-0.0,-0.0,0.0063323974609375,0.00667572021484375,0.00957489013671875,0.01232147216796875,0.00885009765625,0.01041412353515625,0.0067901611328125,0.01827239990234375,0.00640869140625,0.00598907470703125,0.02315521240234375,0.01216888427734375,0.01617431640625,0.01102447509765625,0.00579833984375,0.023651123046875,0.133056640625,0.17669677734375,0.071563720703125,0.09185791015625,-0.129241943359375,0.06805419921875,0.128173828125,0.11138916015625,0.101470947265625,0.0897216796875,0.07354736328125,0.074615478515625,0.185546875,0.6365966796875,-0.07171630859375,1.70074462890625,2.8403513431549072
568,0.28400000000000003,-0.0,-0.0,-0.0,-0.0,-0.0,-0.0,-11.682356834411621,4.153797149658203,-643.017333984375,-172382.6875,78607.6171875,1165.7977294921875,-0.0,-0.0,-0.0,-0.0,-0.0,-0.0,-0.0,-0.0,-0.0,-0.0,-0.0,-0.0,-0.00423431396484375,-0.00514984130859375,-0.0080108642578125,-0.010223388671875,-0.007171630859375,-0.00896453857421875,-0.0070953369140625,-0.01430511474609375,-0.00316619873046875,-0.004119873046875,-0.015411376953125,-0.0101470947265625,-0.01522064208984375,-0.0072479248046875,-0.00339508056640625,-0.01834869384765625,0.0848388671875,0.02655029296875,-0.21148681640625,0.078582763671875,0.103759765625,0.023040771484375,0.041046142578125,0.0982666015625,0.122528076171875,0.080413818359375,0.034332275390625,0.086517333984375,0.1690673828125,-0.1068115234375,-0.2117919921875,-0.739288330078125,0.40127673745155334
569,0.28450000000000003,-0.0,-0.0,-0.0,-0.0,-0.0,-0.0,-11.414974212646484,3.5962488651275635,-645.0137939453125,-172805.046875,78678.2109375,1132.1571044921875,-0.0,-0.0,-0.0,-0.0,-0.0,-0.0,-0.0,-0.0,-0.0,-0.0,-0.0,-0.0,-0.007171630859375,-0.0070953369140625,-0.00995635986328125,-0.01232147216796875,-0.008697509765625,-0.01293182373046875,-0.007171630859375,-0.01903533935546875,-0.00438690185546875,-0.0099945068359375,-0.02513885498046875,-0.00762939453125,-0.01312255859375,-0.00682830810546875,-0.00530242919921875,-0.0215911865234375,-0.0189208984375,0.281219482421875,0.46142578125,0.14495849609375,0.065765380859375,0.17791748046875,0.2276611328125,0.09521484375,0.08331298828125,0.1416015625,0.124053955078125,0.13153076171875,-0.534820556640625,-0.7012939453125,0.40679931640625,-1.11419677734375,-1.4280292987823486
570,0.28500000000000003,-0.0,-0.0,-0.0,-0.0,-0.0,-0.0,-10.406624794006348,2.78261661529541,-646.3494262695312,-173408.390625,78543.78125,852.9102783203125,-0.0,-0.0,-0.0,-0.0,-0.0,-0.0,-0.0,-0.0,-0.0,-0.0,-0.0,-0.0,0.00392913818359375,0.007781982421875,0.0078582763671875,0.0115203857421875,0.0077056884765625,0.0092315673828125,0.00751495361328125,0.0141143798828125,0.00560760498046875,0.0061798095703125,0.01636505126953125,0.00698089599609375,0.01522064208984375,0.0074005126953125,0.0043487548828125,0.01880645751953125,0.384063720703125,-0.18524169921875,0.14312744140625,0.123138427734375,0.1861572265625,0.139617919921875,0.101776123046875,0.103759765625,0.07720947265625,0.14556884765625,0.110015869140625,0.125732421875,-0.0860595703125,0.56732177734375,-0.20477294921875,1.047821044921875,8.633153915405273
571,0.28550000000000003,-0.0,-0.0,-0.0,-0.0,-0.0,-0.0,-8.948391914367676,1.727974534034729,-647.7320556640625,-173816.03125,78727.5,442.30078125,-0.0,-0.0,-0.0,-0.0,-0.0,-0.0,-0.0,-0.0,-0.0,-0.0,-0.0,-0.0,0.00701904296875,0.007171630859375,0.00980377197265625,0.01293182373046875,0.00904083251953125,0.01270294189453125,0.00682830810546875,0.0185394287109375,0.00492095947265625,0.0128936767578125,0.02674102783203125,0.01190185546875,0.01415252685546875,0.00942230224609375,0.0046539306640625,0.02254486083984375,-0.040283203125,0.0115966796875,0.105438232421875,0.153045654296875,0.0909423828125,0.156707763671875,0.134735107421875,0.160675048828125,0.06011962890625,0.035858154296875,0.12237548828125,0.121002197265625,0.912628173828125,1.0009765625,-0.28411865234375,1.27166748046875,3.755004405975342
572,0.28600000000000003,-0.0,-0.0,-0.0,-0.0,-0.0,-0.0,-7.404472351074219,0.7680078744888306,-649.0093383789062,-174146.375,78583.40625,110.45491790771484,-0.0,-0.0,-0.0,-0.0,-0.0,-0.0,-0.0,-0.0,-0.0,-0.0,-0.0,-0.0,-0.00499725341796875,-0.004730224609375,-0.00774383544921875,-0.00911712646484375,-0.00774383544921875,-0.00858306884765625,-0.005645751953125,-0.01407623291015625,-0.00652313232421875,-0.00743865966796875,-0.01373291015625,-0.008544921875,-0.012664794921875,-0.00782012939453125,-0.00347137451171875,-0.0186920166015625,0.299072265625,0.052032470703125,0.02838134765625,0.07843017578125,0.2001953125,0.080108642578125,0.087432861328125,0.001068115234375,0.101776123046875,0.14678955078125,0.120391845703125,0.08880615234375,0.171356201171875,-0.04425048828125,0.20721435546875,-0.73089599609375,0.40127673745155334
573,0.28650000000000003,-0.0,-0.0,-0.0,-0.0,-0.0,-0.0,-6.1831440925598145,-0.21220342814922333,-649.4979248046875,-174662.8125,78263.5234375,-206.41720581054688,-0.0,-0.0,-0.0,-0.0,-0.0,-0.0,-0.0,-0.0,-0.0,-0.0,-0.0,-0.0,-0.00732421875,-0.0070953369140625,-0.010223388671875,-0.0103759765625,-0.007476806640625,-0.01132965087890625,-0.0074005126953125,-0.01941680908203125,-0.0060272216796875,-0.01190185546875,-0.0241851806640625,-0.012054443359375,-0.01575469970703125,-0.009613037109375,-0.00637054443359375,-0.02109527587890625,0.008544921875,0.266571044921875,0.1898193359375,0.0469970703125,0.106353759765625,0.03509521484375,-0.0250244140625,0.06988525390625,0.0982666015625,0.0506591796875,0.087738037109375,0.121002197265625,-0.393829345703125,-0.5230712890625,0.203857421875,-0.98297119140625,4.974541664123535
574,0.28700000000000003,-0.0,-0.0,-0.0,-0.0,-0.0,-0.0,-4.728157043457031,-2.375835418701172,-650.7890625,-175124.9375,78366.0546875,-528.0382080078125,-0.0,-0.0,-0.0,-0.0,-0.0,-0.0,-0.0,-0.0,-0.0,-0.0,-0.0,-0.0,0.0060272216796875,0.0048065185546875,0.00980377197265625,0.0090789794921875,0.00881195068359375,0.009307861328125,0.00759124755859375,0.01354217529296875,0.00640869140625,0.00591278076171875,0.01373291015625,0.01361846923828125,0.0128936767578125,0.008392333984375,0.00339508056640625,0.0193023681640625,0.411376953125,0.243682861328125,0.00396728515625,0.038604736328125,0.222930908203125,0.015716552734375,0.12939453125,0.087890625,0.1702880859375,0.098419189453125,0.09521484375,0.14739990234375,-0.13641357421875,0.1605224609375,0.3936767578125,1.171722412109375,-5.391525745391846
575,0.28750000000000003,-0.0,-0.0,-0.0,-0.0,-0.0,-0.0,-2.9800243377685547,-3.648916482925415,-653.0404663085938,-175864.3125,78402.046875,-820.0819702148438,-0.0,-0.0,-0.0,-0.0,-0.0,-0.0,-0.0,-0.0,-0.0,-0.0,-0.0,-0.0,0.0067901611328125,0.00667572021484375,0.0102996826171875,0.0124359130859375,0.0093841552734375,0.01129150390625,0.0075531005859375,0.01735687255859375,0.00629425048828125,0.00850677490234375,0.02399444580078125,0.00560760498046875,0.011444091796875,0.0099945068359375,0.0042724609375,0.0235748291015625,0.03662109375,-0.01556396484375,0.1788330078125,0.060577392578125,-0.374603271484375,0.10833740234375,0.0823974609375,0.09429931640625,0.121917724609375,0.044097900390625,0.0909423828125,0.1361083984375,0.585784912109375,0.65521240234375,-0.4302978515625,0.97503662109375,7.413616180419922
576,0.28800000000000003,-0.0,-0.0,-0.0,-0.0,-0.0,-0.0,-1.9651812314987183,-4.958195209503174,-652.21240234375,-176257.34375,78293.765625,-902.5010375976562,-0.0,-0.0,-0.0,-0.0,-0.0,-0.0,-0.0,-0.0,-0.0,-0.0,-0.0,-0.0,-0.0037384033203125,-0.00171661376953125,-0.00713348388671875,-0.01033782958984375,-0.00774383544921875,-0.01033782958984375,-0.00690460205078125,-0.014190673828125,-0.00545501708984375,-0.007781982421875,-0.018157958984375,-0.01232147216796875,-0.01682281494140625,-0.00732421875,-0.002288818359375,-0.0194549560546875,-0.51910400390625,-0.112152099609375,-0.139923095703125,0.11627197265625,0.838470458984375,0.12054443359375,0.1617431640625,0.113677978515625,0.0970458984375,0.112457275390625,0.05096435546875,0.08087158203125,-0.017852783203125,-0.2581787109375,-0.11138916015625,-1.139373779296875,0.40127673745155334
577,0.2885,-0.0,-0.0,-0.0,-0.0,-0.0,-0.0,-0.648073136806488,-6.0936431884765625,-653.8568115234375,-177131.734375,78335.15625,-1399.8934326171875,-0.0,-0.0,-0.0,-0.0,-0.0,-0.0,-0.0,-0.0,-0.0,-0.0,-0.0,-0.0,-0.00579833984375,-0.0052642822265625,-0.0087738037109375,-0.013275146484375,-0.00804901123046875,-0.01068115234375,-0.007171630859375,-0.018768310546875,-0.004730224609375,-0.0067901611328125,-0.0252532958984375,-0.00911712646484375,-0.01392364501953125,-0.006866455078125,-0.001068115234375,-0.02079010009765625,0.350341796875,0.34210205078125,0.447540283203125,0.1019287109375,0.11322021484375,0.166168212890625,0.113525390625,0.127105712890625,0.08575439453125,0.085906982421875,0.10162353515625,0.070343017578125,0.0396728515625,-0.54412841796875,0.49468994140625,-1.00189208984375,-2.342682361602783
578,0.289,-0.0,-0.0,-0.0,-0.0,-0.0,-0.0,0.26763153076171875,-7.071722507476807,-655.1656494140625,-177280.5,77959.046875,-1682.5653076171875,-0.0,-0.0,-0.0,-0.0,-0.0,-0.0,-0.0,-0.0,-0.0,-0.0,-0.0,-0.0,0.0058746337890625,0.00579833984375,0.0081634521484375,0.011444091796875,0.00644683837890625,0.012664794921875,0.0054931640625,0.01827239990234375,0.0041961669921875,0.00728607177734375,0.016937255859375,0.01003265380859375,0.0150299072265625,0.00667572021484375,0.00640869140625,0.018768310546875,0.333251953125,-0.37933349609375,0.02166748046875,0.0994873046875,0.187530517578125,0.14251708984375,0.10162353515625,0.095062255859375,0.097808837890625,0.0628662109375,0.17303466796875,0.044708251953125,0.45806884765625,0.3790283203125,0.11566162109375,1.0186767578125,8.633153915405273
579,0.2895,-0.0,-0.0,-0.0,-0.0,-0.0,-0.0,1.4292912483215332,-8.465466499328613,-654.667724609375,-177398.0625,77615.71875,-1920.4239501953125,-0.0,-0.0,-0.0,-0.0,-0.0,-0.0,-0.0,-0.0,-0.0,-0.0,-0.0,-0.0,0.00621795654296875,0.00751495361328125,0.0122833251953125,0.01331329345703125,0.01087188720703125,0.01216888427734375,0.00926971435546875,0.01941680908203125,0.00553131103515625,0.00789642333984375,0.0252532958984375,0.0067138671875,0.01399993896484375,0.009613037109375,0.0032806396484375,0.02292633056640625,0.148162841796875,0.416259765625,0.11260986328125,0.148468017578125,0.01800537109375,0.140228271484375,0.110626220703125,0.13763427734375,0.074005126953125,0.129852294921875,0.124359130859375,0.0836181640625,0.476837158203125,0.748291015625,-0.52581787109375,1.16058349609375,3.755004405975342
580,0.29,-0.0,-0.0,-0.0,-0.0,-0.0,-0.0,2.1393775939941406,-9.442803382873535,-655.6218872070312,-177613.59375,77928.765625,-2123.541015625,-0.0,-0.0,-0.0,-0.0,-0.0,-0.0,-0.0,-0.0,-0.0,-0.0,-0.0,-0.0,-0.00396728515625,-0.0060272216796875,-0.0072479248046875,-0.0098419189453125,-0.006866455078125,-0.0109100341796875,-0.00560760498046875,-0.01705169677734375,-0.00396728515625,-0.00720977783203125,-0.0156402587890625,-0.0110626220703125,-0.01422882080078125,-0.00659942626953125,-0.006256103515625,-0.018157958984375,-0.33477783203125,0.1123046875,0.195159912109375,0.10986328125,0.0433349609375,0.07080078125,0.089874267578125,0.099334716796875,0.0970458984375,0.139617919921875,0.06744384765625,0.093231201171875,0.07720947265625,0.035400390625,-0.1947021484375,-0.71746826171875,-0.20849192142486572
581,0.2905,-0.0,-0.0,-0.0,-0.0,-0.0,-0.0,2.1108129024505615,-10.100441932678223,-654.4423828125,-177572.4375,77810.53125,-2123.06201171875,-0.0,-0.0,-0.0,-0.0,-0.0,-0.0,-0.0,-0.0,-0.0,-0.0,-0.0,-0.0,-0.00675201416015625,-0.0069427490234375,-0.0096893310546875,-0.01247406005859375,-0.007476806640625,-0.008544921875,-0.0066375732421875,-0.01800537109375,-0.00522613525390625,-0.00850677490234375,-0.024871826171875,-0.00629425048828125,-0.01434326171875,-0.0092315673828125,-0.0043487548828125,-0.02288818359375,0.3265380859375,0.072784423828125,0.006256103515625,0.112762451171875,-0.0054931640625,0.09674072265625,0.093994140625,0.108184814453125,0.121917724609375,0.075531005859375,0.101165771484375,0.099334716796875,-0.21087646484375,-0.41839599609375,0.379638671875,-0.677642822265625,-0.5133762359619141
582,0.291,-0.0,-0.0,-0.0,-0.0,-0.0,-0.0,1.573115348815918,-10.458386421203613,-652.7958984375,-177327.15625,77796.6796875,-1909.6016845703125,-0.0,-0.0,-0.0,-0.0,-0.0,-0.0,-0.0,-0.0,-0.0,-0.0,-0.0,-0.0,0.0054168701171875,0.0060272216796875,0.0103759765625,0.0118255615234375,0.00762939453125,0.00881195068359375,0.00789642333984375,0.015869140625,0.00484466552734375,0.00720977783203125,0.01575469970703125,0.01331329345703125,0.0131988525390625,0.00782012939453125,0.00331878662109375,0.0199127197265625,0.087890625,0.2020263671875,0.093231201171875,0.10589599609375,0.124053955078125,0.0775146484375,0.10345458984375,0.093841552734375,0.10223388671875,0.16387939453125,0.07049560546875,0.09307861328125,0.02471923828125,0.25054931640625,0.23895263671875,1.10504150390625,8.328269958496094
583,0.2915,-0.0,-0.0,-0.0,-0.0,-0.0,-0.0,1.1274529695510864,-11.054350852966309,-651.1402587890625,-177223.65625,77788.375,-1695.41552734375,-0.0,-0.0,-0.0,-0.0,-0.0,-0.0,-0.0,-0.0,-0.0,-0.0,-0.0,-0.0,0.00606536865234375,0.00453948974609375,0.0084686279296875,0.01209259033203125,0.008697509765625,0.01262664794921875,0.0057220458984375,0.01995086669921875,0.005645751953125,0.0116729736328125,0.02704620361328125,0.0086212158203125,0.0156402587890625,0.0080108642578125,0.0031280517578125,0.02071380615234375,-0.006866455078125,-0.015869140625,0.0518798828125,0.0933837890625,0.063934326171875,0.081634521484375,0.075225830078125,0.090484619140625,0.1092529296875,-0.03662109375,0.1214599609375,0.105133056640625,0.483245849609375,0.7470703125,-0.225830078125,1.1334228515625,4.364773273468018
584,0.292,-0.0,-0.0,-0.0,-0.0,-0.0,-0.0,0.030030563473701477,-11.233071327209473,-647.3858032226562,-176270.484375,77563.2265625,-1256.3927001953125,-0.0,-0.0,-0.0,-0.0,-0.0,-0.0,-0.0,-0.0,-0.0,-0.0,-0.0,-0.0,-0.0048065185546875,-0.00469207763671875,-0.006256103515625,-0.00988006591796875,-0.0075531005859375,-0.00949859619140625,-0.00835418701171875,-0.0148773193359375,-0.00560760498046875,-0.0048065185546875,-0.0151824951171875,-0.0084686279296875,-0.01644134521484375,-0.00804901123046875,-0.0009918212890625,-0.0201416015625,0.02105712890625,0.181427001953125,0.273895263671875,0.08026123046875,0.179443359375,0.1190185546875,0.145416259765625,0.09185791015625,0.10955810546875,0.03265380859375,0.082550048828125,0.13153076171875,-0.032958984375,0.09063720703125,0.17120361328125,-1.032562255859375,0.09639240801334381
585,0.2925,-0.0,-0.0,-0.0,-0.0,-0.0,-0.0,-1.6064218282699585,-11.26098346710205,-645.3782958984375,-175681.90625,77133.5625,-1100.913818359375,-0.0,-0.0,-0.0,-0.0,-0.0,-0.0,-0.0,-0.0,-0.0,-0.0,-0.0,-0.0,-0.00583648681640625,-0.007171630859375,-0.0089263916015625,-0.01140594482421875,-0.0079345703125,-0.009613037109375,-0.0066375732421875,-0.01560211181640625,-0.005035400390625,-0.0112152099609375,-0.0246429443359375,-0.00682830810546875,-0.01476287841796875,-0.0087738037109375,-0.0042724609375,-0.021209716796875,0.433502197265625,0.05889892578125,0.149078369140625,0.09857177734375,-0.217437744140625,0.113067626953125,0.03875732421875,0.113525390625,0.095367431640625,0.167236328125,0.11199951171875,0.1123046875,-0.10833740234375,-0.28656005859375,0.49102783203125,-0.92926025390625,1.0110454559326172
586,0.293,-0.0,-0.0,-0.0,-0.0,-0.0,-0.0,-1.8734207153320312,-10.873443603515625,-642.3159790039062,-174670.75,76370.5234375,-758.6917724609375,-0.0,-0.0,-0.0,-0.0,-0.0,-0.0,-0.0,-0.0,-0.0,-0.0,-0.0,-0.0,0.00701904296875,0.00762939453125,0.0090789794921875,0.01110076904296875,0.008392333984375,0.00980377197265625,0.0070953369140625,0.01743316650390625,0.00446319580078125,0.00812530517578125,0.0144195556640625,0.0098419189453125,0.0154876708984375,0.00804901123046875,0.00377655029296875,0.019073486328125,-0.21270751953125,0.06195068359375,0.258026123046875,0.120391845703125,0.265960693359375,0.15289306640625,0.05645751953125,0.091400146484375,0.094757080078125,0.113067626953125,0.13397216796875,0.04364013671875,0.309600830078125,0.301513671875,-0.09002685546875,1.262054443359375,10.157575607299805
587,0.2935,-0.0,-0.0,-0.0,-0.0,-0.0,-0.0,-2.051586389541626,-10.042195320129395,-639.9630737304688,-174021.65625,75906.265625,-485.36492919921875,-0.0,-0.0,-0.0,-0.0,-0.0,-0.0,-0.0,-0.0,-0.0,-0.0,-0.0,-0.0,0.00476837158203125,0.00812530517578125,0.0080108642578125,0.01209259033203125,0.007171630859375,0.01232147216796875,0.00827789306640625,0.01895904541015625,0.0083160400390625,0.0104522705078125,0.02582550048828125,0.00644683837890625,0.01605987548828125,0.00812530517578125,0.00274658203125,0.02044677734375,0.252532958984375,-0.2032470703125,0.073394775390625,0.097808837890625,0.226593017578125,0.144805908203125,0.110626220703125,0.108795166015625,0.08148193359375,0.1275634765625,0.11810302734375,0.045318603515625,0.612335205078125,0.5902099609375,-0.2325439453125,1.0552978515625,4.364773273468018
588,0.294,-0.0,-0.0,-0.0,-0.0,-0.0,-0.0,-1.9328720569610596,-9.507240295410156,-636.7833251953125,-173153.671875,75321.8515625,-299.65435791015625,-0.0,-0.0,-0.0,-0.0,-0.0,-0.0,-0.0,-0.0,-0.0,-0.0,-0.0,-0.0,-0.00408172607421875,-0.00553131103515625,-0.00789642333984375,-0.01129150390625,-0.0074005126953125,-0.00888824462890625,-0.00797271728515625,-0.01338958740234375,-0.00579833984375,-0.006103515625,-0.016021728515625,-0.00675201416015625,-0.0146484375,-0.00797271728515625,-0.001220703125,-0.0206756591796875,-0.1898193359375,0.41229248046875,0.033416748046875,0.11932373046875,0.377197265625,0.096435546875,0.06561279296875,0.1220703125,0.098876953125,0.0811767578125,0.115203857421875,0.11138916015625,0.160369873046875,-0.02716064453125,0.19805908203125,-0.66741943359375,4.05988883972168
589,0.2945,-0.0,-0.0,-0.0,-0.0,-0.0,-0.0,-2.4683728218078613,-8.199996948242188,-633.4866333007812,-172847.46875,74934.6640625,-181.54029846191406,-0.0,-0.0,-0.0,-0.0,-0.0,-0.0,-0.0,-0.0,-0.0,-0.0,-0.0,-0.0,-0.00762939453125,-0.006866455078125,-0.00965118408203125,-0.01220703125,-0.01117706298828125,-0.01194000244140625,-0.0077056884765625,-0.0164794921875,-0.00461578369140625,-0.0127410888671875,-0.023956298828125,-0.0061798095703125,-0.01476287841796875,-0.00640869140625,-0.001373291015625,-0.02044677734375,0.569610595703125,-0.07171630859375,0.05126953125,0.11322021484375,-0.01495361328125,0.056304931640625,0.089569091796875,0.03082275390625,0.1025390625,0.074310302734375,0.082855224609375,0.127105712890625,-0.621795654296875,-0.56640625,0.37750244140625,-0.725250244140625,-2.342682361602783
590,0.295,-0.0,-0.0,-0.0,-0.0,-0.0,-0.0,-2.677135467529297,-7.814311504364014,-631.0137939453125,-171767.578125,74567.0078125,179.4802703857422,-0.0,-0.0,-0.0,-0.0,-0.0,-0.0,-0.0,-0.0,-0.0,-0.0,-0.0,-0.0,0.00537872314453125,0.00637054443359375,0.00946044921875,0.011749267578125,0.0081634521484375,0.01087188720703125,0.00640869140625,0.01621246337890625,0.00461578369140625,0.00949859619140625,0.015716552734375,0.0115966796875,0.014495849609375,0.00820159912109375,0.00331878662109375,0.0199127197265625,0.00885009765625,0.225830078125,-0.068359375,0.0677490234375,0.155181884765625,0.059967041015625,0.06988525390625,0.0982666015625,0.105743408203125,0.0897216796875,0.058441162109375,0.125274658203125,0.2545166015625,0.10650634765625,0.12115478515625,1.193695068359375,8.93803882598877
591,0.2955,-0.0,-0.0,-0.0,-0.0,-0.0,-0.0,-2.7047066688537598,-7.011207580566406,-630.90087890625,-171455.875,74173.03125,297.08807373046875,-0.0,-0.0,-0.0,-0.0,-0.0,-0.0,-0.0,-0.0,-0.0,-0.0,-0.0,-0.0,0.0061798095703125,0.0061798095703125,0.00980377197265625,0.0115203857421875,0.008544921875,0.0098419189453125,0.00659942626953125,0.01651763916015625,0.00579833984375,0.01148223876953125,0.02597808837890625,0.0061798095703125,0.016632080078125,0.00896453857421875,0.00530242919921875,0.0203704833984375,0.2978515625,0.11749267578125,0.3436279296875,0.07843017578125,0.19012451171875,0.131683349609375,0.107574462890625,0.0775146484375,0.1080322265625,0.1739501953125,0.094146728515625,0.13458251953125,0.472564697265625,0.77606201171875,-0.28106689453125,1.209869384765625,0.40127673745155334
592,0.296,-0.0,-0.0,-0.0,-0.0,-0.0,-0.0,-2.91525936126709,-6.890916347503662,-627.7205810546875,-171169.171875,73509.5546875,463.52044677734375,-0.0,-0.0,-0.0,-0.0,-0.0,-0.0,-0.0,-0.0,-0.0,-0.0,-0.0,-0.0,-0.004730224609375,-0.0075531005859375,-0.00843048095703125,-0.010223388671875,-0.0069427490234375,-0.01068115234375,-0.00705718994140625,-0.0156402587890625,-0.00522613525390625,-0.00743865966796875,-0.0160980224609375,-0.00827789306640625,-0.01678466796875,-0.00640869140625,-0.0034332275390625,-0.0185394287109375,-0.145263671875,0.152435302734375,0.047607421875,0.106048583984375,0.082855224609375,0.1318359375,0.104217529296875,0.141143798828125,0.081939697265625,0.0787353515625,0.10772705078125,0.095672607421875,0.098724365234375,0.27313232421875,0.16143798828125,-0.978240966796875,1.6208140850067139
593,0.2965,-0.0,-0.0,-0.0,-0.0,-0.0,-0.0,-2.1998355388641357,-6.655415058135986,-627.4802856445312,-171025.8125,73159.6171875,551.4178466796875,-0.0,-0.0,-0.0,-0.0,-0.0,-0.0,-0.0,-0.0,-0.0,-0.0,-0.0,-0.0,-0.005035400390625,-0.0061798095703125,-0.00751495361328125,-0.010833740234375,-0.00827789306640625,-0.01155853271484375,-0.01010894775390625,-0.01682281494140625,-0.0054168701171875,-0.01094818115234375,-0.02651214599609375,-0.00965118408203125,-0.0177764892578125,-0.0081634521484375,-0.0043487548828125,-0.02086639404296875,0.09033203125,-0.052337646484375,-0.13885498046875,0.11749267578125,0.080108642578125,0.13336181640625,0.11474609375,0.097808837890625,0.074615478515625,0.0628662109375,0.10345458984375,0.050811767578125,-0.019683837890625,-0.53924560546875,0.31036376953125,-0.9326171875,-2.0377979278564453
594,0.297,-0.0,-0.0,-0.0,-0.0,-0.0,-0.0,-1.8123438358306885,-6.596850872039795,-628.1957397460938,-171141.25,73066.6953125,501.4266357421875,-0.0,-0.0,-0.0,-0.0,-0.0,-0.0,-0.0,-0.0,-0.0,-0.0,-0.0,-0.0,0.0045013427734375,0.0055694580078125,0.00988006591796875,0.010528564453125,0.009613037109375,0.00988006591796875,0.00820159912109375,0.01575469970703125,0.00568389892578125,0.00629425048828125,0.0177001953125,0.0110626220703125,0.01338958740234375,0.008697509765625,0.0029754638671875,0.019989013671875,0.484466552734375,0.193328857421875,0.258026123046875,0.123443603515625,-0.05462646484375,0.135650634765625,0.105438232421875,0.09674072265625,0.077056884765625,0.12908935546875,0.147247314453125,0.110931396484375,0.2490234375,0.19012451171875,0.1123046875,1.00982666015625,1.9256983995437622
595,0.2975,-0.0,-0.0,-0.0,-0.0,-0.0,-0.0,-1.1597366333007812,-7.099781036376953,-628.5499877929688,-171358.390625,72671.25,422.62823486328125,-0.0,-0.0,-0.0,-0.0,-0.0,-0.0,-0.0,-0.0,-0.0,-0.0,-0.0,-0.0,0.0074005126953125,0.00553131103515625,0.00858306884765625,0.01186370849609375,0.0086212158203125,0.0133514404296875,0.00827789306640625,0.01918792724609375,0.00667572021484375,0.009765625,0.02536773681640625,0.0095367431640625,0.01842498779296875,0.0080108642578125,0.00331878662109375,0.01983642578125,-0.019378662109375,0.00579833984375,0.16021728515625,0.09521484375,0.087738037109375,0.06805419921875,0.15533447265625,0.127410888671875,0.09765625,0.06622314453125,0.118865966796875,0.159759521484375,0.142059326171875,0.5340576171875,-0.062255859375,1.288604736328125,1.9256983995437622
596,0.298,-0.0,-0.0,-0.0,-0.0,-0.0,-0.0,0.06002751365303993,-6.952171325683594,-630.3106079101562,-172041.59375,72313.7109375,219.24549865722656,-0.0,-0.0,-0.0,-0.0,-0.0,-0.0,-0.0,-0.0,-0.0,-0.0,-0.0,-0.0,-0.005950927734375,-0.0048065185546875,-0.00965118408203125,-0.00919342041015625,-0.00797271728515625,-0.0095367431640625,-0.0064849853515625,-0.01636505126953125,-0.0057220458984375,-0.00701904296875,-0.01865386962890625,-0.00949859619140625,-0.01300811767578125,-0.0080108642578125,-0.003509521484375,-0.02056121826171875,-0.077972412109375,0.242156982421875,0.09979248046875,0.08392333984375,0.086212158203125,0.090789794921875,0.094146728515625,0.115966796875,0.103759765625,0.107879638671875,0.074005126953125,0.134429931640625,0.0439453125,-0.11474609375,0.10894775390625,-0.76263427734375,1.9256983995437622
597,0.2985,-0.0,-0.0,-0.0,-0.0,-0.0,-0.0,0.06008322536945343,-6.892141819000244,-631.35595703125,-172226.921875,72117.5703125,170.4315643310547,-0.0,-0.0,-0.0,-0.0,-0.0,-0.0,-0.0,-0.0,-0.0,-0.0,-0.0,-0.0,-0.0080108642578125,-0.00759124755859375,-0.0092315673828125,-0.01239776611328125,-0.0103759765625,-0.0131988525390625,-0.0083160400390625,-0.01819610595703125,-0.00629425048828125,-0.0115966796875,-0.0267791748046875,-0.00904083251953125,-0.01674652099609375,-0.00720977783203125,-0.0031280517578125,-0.01934051513671875,-0.326995849609375,-0.325775146484375,0.022430419921875,0.098419189453125,0.082244873046875,0.12664794921875,0.122528076171875,0.000762939453125,0.124053955078125,0.12237548828125,0.081939697265625,0.039520263671875,-0.428466796875,-0.78277587890625,0.07354736328125,-0.82427978515625,-2.95245099067688
598,0.299,-0.0,-0.0,-0.0,-0.0,-0.0,-0.0,0.6244735717773438,-6.475425720214844,-631.84716796875,-172836.421875,72664.3359375,239.3926239013672,-0.0,-0.0,-0.0,-0.0,-0.0,-0.0,-0.0,-0.0,-0.0,-0.0,-0.0,-0.0,0.00751495361328125,0.005950927734375,0.01056671142578125,0.00980377197265625,0.00919342041015625,0.01003265380859375,0.00865936279296875,0.01796722412109375,0.00507354736328125,0.0093841552734375,0.01796722412109375,0.01255035400390625,0.01384735107421875,0.0092315673828125,0.0022125244140625,0.02162933349609375,0.477142333984375,0.022125244140625,-0.008544921875,0.080413818359375,0.176849365234375,0.091400146484375,0.087432861328125,0.079193115234375,0.103912353515625,0.11199951171875,0.0830078125,0.071258544921875,0.308837890625,0.216064453125,0.098876953125,1.251373291015625,8.023386001586914
599,0.2995,-0.0,-0.0,-0.0,-0.0,-0.0,-0.0,0.5040301084518433,-6.145513534545898,-633.5958862304688,-174026.265625,72533.7890625,375.7528076171875,-0.0,-0.0,-0.0,-0.0,-0.0,-0.0,-0.0,-0.0,-0.0,-0.0,-0.0,-0.0,0.00751495361328125,0.00743865966796875,0.00888824462890625,0.01407623291015625,0.008392333984375,0.01407623291015625,0.00823974609375,0.0186920166015625,0.0061798095703125,0.01392364501953125,0.02811431884765625,0.0079345703125,0.0171661376953125,0.00621795654296875,0.00225067138671875,0.02079010009765625,0.357208251953125,0.176849365234375,-0.001068115234375,0.09002685546875,0.146026611328125,0.02471923828125,0.091705322265625,0.04608154296875,0.072021484375,0.077362060546875,0.1177978515625,0.098876953125,1.230010986328125,1.21246337890625,-0.1165771484375,0.977783203125,6.1940789222717285
600,0.3,-0.0,-0.0,-0.0,-0.0,-0.0,-0.0,0.08921051025390625,-6.472721099853516,-634.1773071289062,-174300.90625,72628.90625,453.9070129394531,-0.0,-0.0,-0.0,-0.0,-0.0,-0.0,-0.0,-0.0,-0.0,-0.0,-0.0,-0.0,-0.007476806640625,-0.00522613525390625,-0.0080108642578125,-0.01102447509765625,-0.0067138671875,-0.0125885009765625,-0.00614166259765625,-0.01758575439453125,-0.00362396240234375,-0.009002685546875,-0.01529693603515625,-0.00911712646484375,-0.0168609619140625,-0.0075531005859375,-0.0046539306640625,-0.02109527587890625,0.259552001953125,0.2044677734375,0.306243896484375,0.101470947265625,-0.0201416015625,0.134735107421875,0.134735107421875,0.10955810546875,0.093231201171875,0.022430419921875,0.113525390625,0.10772705078125,-0.060577392578125,0.21240234375,-0.0238037109375,-0.891571044921875,0.09639240801334381
601,0.3005,-0.0,-0.0,-0.0,-0.0,-0.0,-0.0,0.14688187837600708,-6.776611328125,-633.8223876953125,-174431.890625,72950.3671875,528.4822998046875,-0.0,-0.0,-0.0,-0.0,-0.0,-0.0,-0.0,-0.0,-0.0,-0.0,-0.0,-0.0,-0.00652313232421875,-0.00720977783203125,-0.00701904296875,-0.0130462646484375,-0.0077056884765625,-0.01255035400390625,-0.00736236572265625,-0.01674652099609375,-0.00583648681640625,-0.0099945068359375,-0.0266265869140625,-0.00797271728515625,-0.01895904541015625,-0.00644683837890625,-0.0005340576171875,-0.0205230712890625,-0.011444091796875,0.1385498046875,0.173187255859375,0.091094970703125,0.150146484375,0.117340087890625,0.0445556640625,0.10345458984375,0.103912353515625,0.17608642578125,0.1416015625,0.0933837890625,0.023345947265625,-0.7354736328125,-0.00518798828125,-0.92376708984375,-4.171988487243652
602,0.301,-0.0,-0.0,-0.0,-0.0,-0.0,-0.0,-0.028779957443475723,-7.484085559844971,-634.4478759765625,-175251.703125,73411.609375,743.830322265625,-0.0,-0.0,-0.0,-0.0,-0.0,-0.0,-0.0,-0.0,-0.0,-0.0,-0.0,-0.0,0.0070953369140625,0.00690460205078125,0.00946044921875,0.012054443359375,0.00911712646484375,0.0102996826171875,0.00743865966796875,0.01720428466796875,0.0057220458984375,0.0079345703125,0.01827239990234375,0.01522064208984375,0.01468658447265625,0.00995635986328125,0.00087738037109375,0.021209716796875,-0.189361572265625,0.18524169921875,0.054779052734375,0.107421875,0.135650634765625,0.1025390625,0.09918212890625,0.1165771484375,0.112457275390625,0.11810302734375,0.09979248046875,0.090484619140625,0.270538330078125,0.064697265625,0.440673828125,1.26007080078125,9.547806739807129
603,0.3015,-0.0,-0.0,-0.0,-0.0,-0.0,-0.0,-0.6244735717773438,-7.961289882659912,-635.257080078125,-176161.171875,73375.4453125,753.9683227539062,-0.0,-0.0,-0.0,-0.0,-0.0,-0.0,-0.0,-0.0,-0.0,-0.0,-0.0,-0.0,0.0074005126953125,0.00629425048828125,0.00873565673828125,0.012054443359375,0.00743865966796875,0.013275146484375,0.0096893310546875,0.0174713134765625,0.00522613525390625,0.009002685546875,0.02635955810546875,0.00621795654296875,0.01758575439453125,0.00644683837890625,0.001983642578125,0.019073486328125,0.22369384765625,0.10162353515625,0.062103271484375,0.10650634765625,0.1251220703125,0.097503662109375,0.132293701171875,0.089569091796875,0.1007080078125,0.074615478515625,0.0750732421875,0.049896240234375,-0.06317138671875,0.84320068359375,-0.19866943359375,0.880889892578125,5.889194965362549
604,0.302,-0.0,-0.0,-0.0,-0.0,-0.0,-0.0,-0.06724128127098083,-9.116576194763184,-638.9288940429688,-177194.65625,73333.2421875,647.4873046875,-0.0,-0.0,-0.0,-0.0,-0.0,-0.0,-0.0,-0.0,-0.0,-0.0,-0.0,-0.0,-0.006256103515625,-0.00690460205078125,-0.00865936279296875,-0.01209259033203125,-0.00621795654296875,-0.01140594482421875,-0.0054931640625,-0.01728057861328125,-0.00492095947265625,-0.00865936279296875,-0.018157958984375,-0.00823974609375,-0.017852783203125,-0.0074005126953125,-0.00385284423828125,-0.0205230712890625,0.218658447265625,-0.0579833984375,0.108642578125,0.148468017578125,0.13214111328125,0.113677978515625,0.11322021484375,0.129547119140625,0.060577392578125,0.125579833984375,0.078277587890625,0.0738525390625,-0.05767822265625,0.2593994140625,0.137939453125,-0.934600830078125,-0.5133762359619141
605,0.3025,-0.0,-0.0,-0.0,-0.0,-0.0,-0.0,0.7743234038352966,-10.068241119384766,-636.8827514648438,-178111.703125,73736.3671875,363.5412902832031,-0.0,-0.0,-0.0,-0.0,-0.0,-0.0,-0.0,-0.0,-0.0,-0.0,-0.0,-0.0,-0.00484466552734375,-0.0054168701171875,-0.00637054443359375,-0.010528564453125,-0.00713348388671875,-0.0133514404296875,-0.0093841552734375,-0.0157928466796875,-0.00644683837890625,-0.01125335693359375,-0.0272369384765625,-0.00949859619140625,-0.01659393310546875,-0.00820159912109375,-0.00133514404296875,-0.01911163330078125,0.055999755859375,0.15045166015625,0.064849853515625,0.11474609375,0.0750732421875,0.124053955078125,0.1348876953125,0.112762451171875,0.0823974609375,0.07293701171875,0.13031005859375,0.1373291015625,-0.546112060546875,-0.736083984375,0.17242431640625,-0.584869384765625,-2.95245099067688
606,0.303,-0.0,-0.0,-0.0,-0.0,-0.0,-0.0,1.4311137199401855,-11.11658000946045,-641.7576293945312,-178183.6875,73835.34375,166.05030822753906,-0.0,-0.0,-0.0,-0.0,-0.0,-0.0,-0.0,-0.0,-0.0,-0.0,-0.0,-0.0,0.005950927734375,0.0077056884765625,0.00911712646484375,0.01129150390625,0.0096893310546875,0.00988006591796875,0.00759124755859375,0.01743316650390625,0.0052642822265625,0.01010894775390625,0.01911163330078125,0.013580322265625,0.015106201171875,0.0102996826171875,0.0008392333984375,0.02109527587890625,0.0592041015625,-0.050811767578125,0.126800537109375,0.06683349609375,0.115203857421875,0.0872802734375,0.09674072265625,0.0665283203125,0.11871337890625,0.142059326171875,0.094757080078125,0.13397216796875,0.24871826171875,0.3466796875,0.2099609375,1.005096435546875,8.93803882598877
607,0.3035,-0.0,-0.0,-0.0,-0.0,-0.0,-0.0,1.0949887037277222,-11.17364501953125,-639.8651733398438,-178636.265625,73640.140625,126.23615264892578,-0.0,-0.0,-0.0,-0.0,-0.0,-0.0,-0.0,-0.0,-0.0,-0.0,-0.0,-0.0,0.007171630859375,0.006561279296875,0.008544921875,0.01277923583984375,0.009002685546875,0.0138092041015625,0.00804901123046875,0.0171661376953125,0.00537872314453125,0.012359619140625,0.025177001953125,0.00469207763671875,0.01636505126953125,0.0070953369140625,0.00141143798828125,0.01987457275390625,0.066070556640625,0.06500244140625,0.143585205078125,0.075225830078125,0.040435791015625,0.08056640625,0.099639892578125,0.070648193359375,0.11474609375,0.07110595703125,0.10467529296875,0.109710693359375,0.769500732421875,0.701904296875,-0.245361328125,0.877227783203125,11.986882209777832
608,0.304,-0.0,-0.0,-0.0,-0.0,-0.0,-0.0,-0.09333282709121704,-10.849690437316895,-638.43701171875,-177861.109375,73762.1015625,671.70654296875,-0.0,-0.0,-0.0,-0.0,-0.0,-0.0,-0.0,-0.0,-0.0,-0.0,-0.0,-0.0,-0.0054931640625,-0.00537872314453125,-0.00873565673828125,-0.010833740234375,-0.00919342041015625,-0.0096893310546875,-0.00865936279296875,-0.01678466796875,-0.006866455078125,-0.0054931640625,-0.01934051513671875,-0.011138916015625,-0.0146484375,-0.00732421875,-0.005035400390625,-0.021209716796875,0.09521484375,0.05706787109375,0.136260986328125,0.08453369140625,0.138702392578125,0.11383056640625,0.066986083984375,0.1007080078125,0.10650634765625,0.133056640625,0.05615234375,0.07720947265625,0.595550537109375,0.02899169921875,0.03021240234375,-0.777587890625,-12.708748817443848
609,0.3045,-0.0,-0.0,-0.0,-0.0,-0.0,-0.0,-0.7375930547714233,-9.208685874938965,-634.0699462890625,-177462.546875,73330.25,1043.966064453125,-0.0,-0.0,-0.0,-0.0,-0.0,-0.0,-0.0,-0.0,-0.0,-0.0,-0.0,-0.0,-0.00667572021484375,-0.00202178955078125,-0.00812530517578125,-0.0091552734375,-0.005645751953125,-0.01163482666015625,-0.00583648681640625,-0.01796722412109375,-0.00446319580078125,-0.01377105712890625,-0.02330780029296875,-0.00560760498046875,-0.0182342529296875,-0.00701904296875,-0.00682830810546875,-0.01949310302734375,-0.057830810546875,0.32562255859375,0.080108642578125,0.121307373046875,0.265655517578125,0.1123046875,0.102386474609375,0.129241943359375,0.093841552734375,0.115203857421875,0.06378173828125,0.068511962890625,-0.509796142578125,-0.836181640625,0.59600830078125,-0.70404052734375,-2.95245099067688
610,0.305,-0.0,-0.0,-0.0,-0.0,-0.0,-0.0,-0.9813156127929688,-7.341426372528076,-631.6334228515625,-177081.265625,73035.3359375,1163.944580078125,-0.0,-0.0,-0.0,-0.0,-0.0,-0.0,-0.0,-0.0,-0.0,-0.0,-0.0,-0.0,0.00583648681640625,0.005340576171875,0.00946044921875,0.01171112060546875,0.00965118408203125,0.0116729736328125,0.00732421875,0.01827239990234375,0.0043487548828125,0.00949859619140625,0.019378662109375,0.012054443359375,0.01575469970703125,0.01007080078125,0.004425048828125,0.02002716064453125,0.5218505859375,-0.179443359375,0.06622314453125,0.110931396484375,-0.073699951171875,0.112762451171875,0.096435546875,0.105438232421875,0.100250244140625,0.13824462890625,0.160369873046875,0.068206787109375,0.32470703125,0.0604248046875,0.14312744140625,1.02752685546875,12.901535034179688
611,0.3055,-0.0,-0.0,-0.0,-0.0,-0.0,-0.0,-1.0471227169036865,-5.765347957611084,-629.4592895507812,-176523.703125,72918.1171875,1397.617919921875,-0.0,-0.0,-0.0,-0.0,-0.0,-0.0,-0.0,-0.0,-0.0,-0.0,-0.0,-0.0,0.00423431396484375,0.00537872314453125,0.008697509765625,0.0116729736328125,0.009002685546875,0.01071929931640625,0.008392333984375,0.01674652099609375,0.006103515625,0.0102996826171875,0.02613067626953125,0.0057220458984375,0.01850128173828125,0.0072479248046875,0.001220703125,0.0194549560546875,0.06591796875,0.269775390625,0.184478759765625,0.10345458984375,0.0592041015625,0.110931396484375,0.094757080078125,0.048828125,0.078582763671875,0.08026123046875,0.147552490234375,0.08331298828125,0.41534423828125,0.96221923828125,-0.46966552734375,1.111602783203125,5.584310531616211
612,0.306,-0.0,-0.0,-0.0,-0.0,-0.0,-0.0,-0.9713183045387268,-4.7338995933532715,-630.0927734375,-176449.703125,72563.4375,1612.2474365234375,-0.0,-0.0,-0.0,-0.0,-0.0,-0.0,-0.0,-0.0,-0.0,-0.0,-0.0,-0.0,-0.006561279296875,-0.00431060791015625,-0.00965118408203125,-0.0107574462890625,-0.009002685546875,-0.01049041748046875,-0.0075531005859375,-0.015869140625,-0.00606536865234375,-0.0080108642578125,-0.01850128173828125,-0.01110076904296875,-0.0153350830078125,-0.00911712646484375,-0.00301361083984375,-0.02147674560546875,-0.0897216796875,0.119781494140625,0.154876708984375,0.100250244140625,0.2056884765625,0.10589599609375,0.089569091796875,0.09857177734375,0.086822509765625,0.164031982421875,0.088958740234375,0.090484619140625,0.1971435546875,0.30914306640625,0.11566162109375,-0.635986328125,-2.95245099067688
613,0.3065,-0.0,-0.0,-0.0,-0.0,-0.0,-0.0,-1.366172194480896,-4.772549629211426,-629.2147827148438,-176478.0625,72480.6328125,1603.060302734375,-0.0,-0.0,-0.0,-0.0,-0.0,-0.0,-0.0,-0.0,-0.0,-0.0,-0.0,-0.0,-0.0067901611328125,-0.00598907470703125,-0.00759124755859375,-0.011138916015625,-0.00762939453125,-0.0115966796875,-0.00980377197265625,-0.01789093017578125,-0.00591278076171875,-0.009307861328125,-0.023956298828125,-0.0037384033203125,-0.01739501953125,-0.00621795654296875,-0.00232696533203125,-0.01995086669921875,-0.05126953125,0.361480712890625,0.06866455078125,0.09429931640625,0.1519775390625,0.07659912109375,0.121002197265625,0.03936767578125,0.11688232421875,0.075836181640625,0.020751953125,0.13946533203125,-0.17242431640625,-0.91522216796875,0.20782470703125,-0.79864501953125,-2.0377979278564453
614,0.307,-0.0,-0.0,-0.0,-0.0,-0.0,-0.0,-2.0184946060180664,-4.874265670776367,-628.196533203125,-176433.328125,72404.578125,1880.716552734375,-0.0,-0.0,-0.0,-0.0,-0.0,-0.0,-0.0,-0.0,-0.0,-0.0,-0.0,-0.0,0.0057220458984375,0.00728607177734375,0.0090789794921875,0.01399993896484375,0.0077056884765625,0.011444091796875,0.0074005126953125,0.017547607421875,0.0060272216796875,0.00812530517578125,0.02288818359375,0.01163482666015625,0.0174713134765625,0.007171630859375,0.00518798828125,0.020751953125,0.450286865234375,-0.06622314453125,-0.052337646484375,0.07720947265625,0.0372314453125,0.072021484375,0.1190185546875,0.11871337890625,0.114288330078125,0.045623779296875,0.090789794921875,0.12664794921875,0.0958251953125,0.22491455078125,0.23468017578125,0.985107421875,9.547806739807129
615,0.3075,-0.0,-0.0,-0.0,-0.0,-0.0,-0.0,-2.4756009578704834,-4.907749652862549,-627.7111206054688,-176747.28125,71961.6484375,1922.923095703125,-0.0,-0.0,-0.0,-0.0,-0.0,-0.0,-0.0,-0.0,-0.0,-0.0,-0.0,-0.0,0.00659942626953125,0.00873565673828125,0.00942230224609375,0.0115966796875,0.0087738037109375,0.0118255615234375,0.0091552734375,0.016937255859375,0.0054931640625,0.01140594482421875,0.02490997314453125,0.001983642578125,0.0156402587890625,0.00743865966796875,0.00286102294921875,0.01934051513671875,-0.064239501953125,0.291900634765625,0.056304931640625,0.100250244140625,0.125274658203125,0.0830078125,0.066375732421875,0.151214599609375,0.087127685546875,0.0579833984375,0.13092041015625,0.10284423828125,0.400390625,1.1370849609375,-0.3363037109375,0.95123291015625,1.3159297704696655
616,0.308,-0.0,-0.0,-0.0,-0.0,-0.0,-0.0,-2.2082507610321045,-5.575857639312744,-627.5548706054688,-176598.671875,72216.2734375,1907.7435302734375,-0.0,-0.0,-0.0,-0.0,-0.0,-0.0,-0.0,-0.0,-0.0,-0.0,-0.0,-0.0,-0.0046539306640625,-0.00621795654296875,-0.008087158203125,-0.01293182373046875,-0.00885009765625,-0.0102996826171875,-0.00782012939453125,-0.015411376953125,-0.0063323974609375,-0.00583648681640625,-0.02002716064453125,-0.0066375732421875,-0.01682281494140625,-0.0090789794921875,-0.00274658203125,-0.0213623046875,0.358123779296875,-0.1763916015625,0.214691162109375,0.089111328125,0.104217529296875,0.1312255859375,0.17486572265625,0.08026123046875,0.130157470703125,0.078582763671875,0.15411376953125,0.124969482421875,0.062713623046875,0.05340576171875,0.1177978515625,-0.434417724609375,0.7061610817909241
617,0.3085,-0.0,-0.0,-0.0,-0.0,-0.0,-0.0,-1.8951013088226318,-5.135828495025635,-627.004150390625,-177594.0,72047.1875,1858.679931640625,-0.0,-0.0,-0.0,-0.0,-0.0,-0.0,-0.0,-0.0,-0.0,-0.0,-0.0,-0.0,-0.00522613525390625,-0.004119873046875,-0.0077056884765625,-0.01079559326171875,-0.0057220458984375,-0.01007080078125,-0.00385284423828125,-0.01781463623046875,-0.0048828125,-0.00804901123046875,-0.0272369384765625,-0.00789642333984375,-0.0176239013671875,-0.0066375732421875,-0.0048065185546875,-0.01987457275390625,-0.373382568359375,0.212860107421875,0.144195556640625,0.145721435546875,0.095977783203125,0.133819580078125,0.133819580078125,0.133514404296875,0.06561279296875,0.214691162109375,0.090179443359375,0.083160400390625,-0.0347900390625,-1.36627197265625,0.11627197265625,-0.72357177734375,-1.4280292987823486
618,0.309,-0.0,-0.0,-0.0,-0.0,-0.0,-0.0,-1.805667519569397,-5.4431586265563965,-629.9635009765625,-177804.84375,72178.7421875,1928.012939453125,-0.0,-0.0,-0.0,-0.0,-0.0,-0.0,-0.0,-0.0,-0.0,-0.0,-0.0,-0.0,0.007171630859375,0.0064849853515625,0.0112152099609375,0.01201629638671875,0.00888824462890625,0.0112152099609375,0.008087158203125,0.01712799072265625,0.00553131103515625,0.00904083251953125,0.02155303955078125,0.01232147216796875,0.01491546630859375,0.0092315673828125,0.0026702880859375,0.0228118896484375,0.41900634765625,0.0518798828125,0.078125,0.112152099609375,0.084228515625,0.059967041015625,0.102081298828125,0.115509033203125,0.094757080078125,0.16998291015625,0.040130615234375,0.081329345703125,-0.023956298828125,0.18524169921875,0.1898193359375,0.739898681640625,10.157575607299805
619,0.3095,-0.0,-0.0,-0.0,-0.0,-0.0,-0.0,-2.0922794342041016,-5.224707126617432,-629.635986328125,-177740.71875,71952.7265625,1966.6197509765625,-0.0,-0.0,-0.0,-0.0,-0.0,-0.0,-0.0,-0.0,-0.0,-0.0,-0.0,-0.0,0.0064849853515625,0.0084686279296875,0.00888824462890625,0.01094818115234375,0.0079345703125,0.01071929931640625,0.0069427490234375,0.01514434814453125,0.00530242919921875,0.00972747802734375,0.02445220947265625,0.00514984130859375,0.0139617919921875,0.00820159912109375,0.00293731689453125,0.0194549560546875,0.225372314453125,0.00946044921875,0.014495849609375,0.069122314453125,0.0848388671875,0.079498291015625,0.0244140625,0.0701904296875,0.125732421875,-0.09124755859375,0.100860595703125,0.074310302734375,0.530853271484375,1.2957763671875,0.001220703125,0.92803955078125,0.40127673745155334
620,0.31,-0.0,-0.0,-0.0,-0.0,-0.0,-0.0,-2.40201473236084,-5.101258754730225,-629.0960083007812,-178229.90625,71952.359375,1957.83447265625,-0.0,-0.0,-0.0,-0.0,-0.0,-0.0,-0.0,-0.0,-0.0,-0.0,-0.0,-0.0,-0.00789642333984375,-0.0058746337890625,-0.010986328125,-0.01018524169921875,-0.00896453857421875,-0.01068115234375,-0.006866455078125,-0.01819610595703125,-0.0060272216796875,-0.0092315673828125,-0.018157958984375,-0.01026153564453125,-0.015411376953125,-0.0086212158203125,0.00026702880859375,-0.02262115478515625,0.183563232421875,0.118255615234375,0.15899658203125,0.064849853515625,0.117340087890625,0.06134033203125,0.059356689453125,0.032806396484375,0.114288330078125,0.157928466796875,0.1123046875,0.084228515625,-0.1348876953125,0.35400390625,0.24200439453125,-0.7373046875,0.09639240801334381
621,0.3105,-0.0,-0.0,-0.0,-0.0,-0.0,-0.0,-2.6351840496063232,-4.696477890014648,-627.410888671875,-178497.234375,72014.328125,2250.693359375,-0.0,-0.0,-0.0,-0.0,-0.0,-0.0,-0.0,-0.0,-0.0,-0.0,-0.0,-0.0,-0.0060272216796875,-0.0055694580078125,-0.00911712646484375,-0.0096893310546875,-0.0081634521484375,-0.011749267578125,-0.00743865966796875,-0.01720428466796875,-0.00431060791015625,-0.01003265380859375,-0.0255584716796875,-0.00720977783203125,-0.01705169677734375,-0.00530242919921875,-0.0006866455078125,-0.01739501953125,0.170440673828125,0.18585205078125,0.029296875,0.072784423828125,0.100250244140625,0.119476318359375,0.125732421875,0.110321044921875,0.100555419921875,0.12359619140625,0.118560791015625,0.0762939453125,-0.22735595703125,-1.295166015625,0.28289794921875,-1.07513427734375,-0.8182606101036072
622,0.311,-0.0,-0.0,-0.0,-0.0,-0.0,-0.0,-3.204493284225464,-4.96395206451416,-628.9050903320312,-178964.203125,72086.5,2383.291748046875,-0.0,-0.0,-0.0,-0.0,-0.0,-0.0,-0.0,-0.0,-0.0,-0.0,-0.0,-0.0,0.00690460205078125,0.00713348388671875,0.009765625,0.01331329345703125,0.0087738037109375,0.01132965087890625,0.009002685546875,0.01674652099609375,0.00621795654296875,0.0093841552734375,0.0220489501953125,0.00823974609375,0.0165557861328125,0.00980377197265625,0.0026702880859375,0.02349853515625,-0.224151611328125,0.306396484375,0.127410888671875,0.098419189453125,0.05889892578125,0.067901611328125,0.11474609375,0.129241943359375,0.08514404296875,0.0787353515625,0.083160400390625,0.087127685546875,0.338287353515625,0.0958251953125,-0.078125,0.58929443359375,11.07222843170166
623,0.3115,-0.0,-0.0,-0.0,-0.0,-0.0,-0.0,-4.014472961425781,-4.6693501472473145,-629.3377075195312,-179142.4375,72170.5,2455.906982421875,-0.0,-0.0,-0.0,-0.0,-0.0,-0.0,-0.0,-0.0,-0.0,-0.0,-0.0,-0.0,0.00766754150390625,0.00583648681640625,0.00919342041015625,0.01140594482421875,0.008544921875,0.00972747802734375,0.0061798095703125,0.01556396484375,0.00469207763671875,0.0115966796875,0.02544403076171875,0.009307861328125,0.02017974853515625,0.0072479248046875,0.00431060791015625,0.0202178955078125,0.088653564453125,0.172271728515625,0.105743408203125,0.14312744140625,0.1068115234375,0.1300048828125,0.13031005859375,0.11260986328125,0.086212158203125,0.11688232421875,0.07720947265625,0.12420654296875,0.71624755859375,1.4227294921875,-0.103759765625,1.47491455078125,3.755004405975342
624,0.312,-0.0,-0.0,-0.0,-0.0,-0.0,-0.0,-3.712129592895508,-5.340368270874023,-628.9055786132812,-179252.828125,72351.3671875,2274.998046875,-0.0,-0.0,-0.0,-0.0,-0.0,-0.0,-0.0,-0.0,-0.0,-0.0,-0.0,-0.0,-0.0060272216796875,-0.0070953369140625,-0.01033782958984375,-0.0124359130859375,-0.009002685546875,-0.01232147216796875,-0.006256103515625,-0.0180816650390625,-0.0045013427734375,-0.0098419189453125,-0.0199127197265625,-0.01293182373046875,-0.01567840576171875,-0.00942230224609375,-0.0049591064453125,-0.022735595703125,0.283203125,-0.394744873046875,0.0372314453125,0.1092529296875,0.061798095703125,0.148773193359375,0.05767822265625,0.11505126953125,0.101165771484375,-0.01190185546875,0.12237548828125,0.140838623046875,0.168914794921875,-0.0128173828125,-0.1171875,-0.414581298828125,-2.0377979278564453
625,0.3125,-0.0,-0.0,-0.0,-0.0,-0.0,-0.0,-3.987306594848633,-5.847760200500488,-629.827392578125,-180219.828125,72607.484375,2335.584716796875,-0.0,-0.0,-0.0,-0.0,-0.0,-0.0,-0.0,-0.0,-0.0,-0.0,-0.0,-0.0,-0.0060272216796875,-0.00568389892578125,-0.00751495361328125,-0.0099945068359375,-0.00621795654296875,-0.00888824462890625,-0.00637054443359375,-0.0162506103515625,-0.0051116943359375,-0.0113677978515625,-0.025634765625,-0.00835418701171875,-0.01926422119140625,-0.007781982421875,-0.003509521484375,-0.02010345458984375,0.0714111328125,0.352325439453125,0.118408203125,0.114898681640625,0.07965087890625,0.104827880859375,0.111083984375,0.10162353515625,0.066986083984375,0.0390625,0.1141357421875,0.135345458984375,-0.218658447265625,-1.6290283203125,0.211181640625,-1.077880859375,-1.1231448650360107
626,0.313,-0.0,-0.0,-0.0,-0.0,-0.0,-0.0,-3.9523732662200928,-7.138303279876709,-632.2232666015625,-180913.03125,72557.8359375,2194.623046875,-0.0,-0.0,-0.0,-0.0,-0.0,-0.0,-0.0,-0.0,-0.0,-0.0,-0.0,-0.0,0.00469207763671875,0.0066375732421875,0.00881195068359375,0.0130462646484375,0.00766754150390625,0.01041412353515625,0.00865936279296875,0.0179290771484375,0.00518798828125,0.00690460205078125,0.020599365234375,0.01224517822265625,0.01506805419921875,0.00926971435546875,0.0025177001953125,0.02422332763671875,-0.003814697265625,-0.02655029296875,0.05218505859375,0.081634521484375,0.040283203125,0.06561279296875,0.088958740234375,0.07965087890625,0.11993408203125,0.1922607421875,0.0927734375,0.087738037109375,-0.246734619140625,0.24078369140625,0.2447509765625,0.773773193359375,9.852691650390625
627,0.3135,-0.0,-0.0,-0.0,-0.0,-0.0,-0.0,-4.184805393218994,-8.6726655960083,-631.9139404296875,-181755.0,72851.0078125,2178.267578125,-0.0,-0.0,-0.0,-0.0,-0.0,-0.0,-0.0,-0.0,-0.0,-0.0,-0.0,-0.0,0.006866455078125,0.0055694580078125,0.00782012939453125,0.01071929931640625,0.0091552734375,0.01216888427734375,0.0093841552734375,0.01712799072265625,0.005340576171875,0.01224517822265625,0.02593994140625,0.0067138671875,0.0171661376953125,0.009307861328125,0.00194549560546875,0.01796722412109375,0.08819580078125,0.290679931640625,0.03082275390625,0.096282958984375,0.07568359375,0.06622314453125,0.0994873046875,0.139617919921875,0.09765625,0.1080322265625,0.069427490234375,0.08758544921875,0.66558837890625,1.74072265625,-0.34149169921875,1.164398193359375,1.9256983995437622
628,0.314,-0.0,-0.0,-0.0,-0.0,-0.0,-0.0,-4.558073043823242,-9.750476837158203,-632.865478515625,-182290.953125,72976.4453125,1902.7703857421875,-0.0,-0.0,-0.0,-0.0,-0.0,-0.0,-0.0,-0.0,-0.0,-0.0,-0.0,-0.0,-0.008087158203125,-0.00392913818359375,-0.0099945068359375,-0.01232147216796875,-0.00812530517578125,-0.0116729736328125,-0.00949859619140625,-0.01903533935546875,-0.00476837158203125,-0.009307861328125,-0.0208282470703125,-0.01064300537109375,-0.0185394287109375,-0.00743865966796875,-0.00423431396484375,-0.02288818359375,0.51361083984375,0.005035400390625,0.244903564453125,0.09063720703125,0.07537841796875,0.118560791015625,0.118255615234375,0.11474609375,0.104217529296875,0.03326416015625,0.11077880859375,0.0775146484375,-0.008087158203125,-0.01983642578125,-0.18524169921875,-0.865020751953125,-3.8671038150787354
629,0.3145,-0.0,-0.0,-0.0,-0.0,-0.0,-0.0,-4.157487392425537,-10.589523315429688,-632.3713989257812,-182558.609375,72877.2578125,1857.8785400390625,-0.0,-0.0,-0.0,-0.0,-0.0,-0.0,-0.0,-0.0,-0.0,-0.0,-0.0,-0.0,-0.0052642822265625,-0.006103515625,-0.00843048095703125,-0.0101470947265625,-0.007781982421875,-0.0101470947265625,-0.00888824462890625,-0.0164031982421875,-0.00507354736328125,-0.00949859619140625,-0.02559661865234375,-0.00743865966796875,-0.01499176025390625,-0.00762939453125,-0.00152587890625,-0.01720428466796875,0.312957763671875,0.0433349609375,0.099334716796875,0.113983154296875,0.1336669921875,0.124053955078125,0.0787353515625,0.0811767578125,0.09368896484375,0.08148193359375,0.123291015625,0.093841552734375,-0.44219970703125,-1.697998046875,0.3125,-1.171112060546875,-4.476872444152832
630,0.315,-0.0,-0.0,-0.0,-0.0,-0.0,-0.0,-4.852940082550049,-11.078965187072754,-632.4737548828125,-182887.609375,73242.109375,1717.4798583984375,-0.0,-0.0,-0.0,-0.0,-0.0,-0.0,-0.0,-0.0,-0.0,-0.0,-0.0,-0.0,0.0066375732421875,0.00492095947265625,0.0106048583984375,0.01201629638671875,0.011138916015625,0.00995635986328125,0.01049041748046875,0.01766204833984375,0.00762939453125,0.0080108642578125,0.02231597900390625,0.01491546630859375,0.01918792724609375,0.00820159912109375,0.00507354736328125,0.02109527587890625,0.0750732421875,0.086212158203125,0.12664794921875,0.137786865234375,0.100860595703125,0.120086669921875,0.102386474609375,0.11138916015625,0.101470947265625,0.130157470703125,0.11474609375,0.115203857421875,-0.232391357421875,-0.04974365234375,0.4522705078125,1.056671142578125,8.023386001586914
631,0.3155,-0.0,-0.0,-0.0,-0.0,-0.0,-0.0,-5.468589782714844,-11.417647361755371,-633.534423828125,-182578.109375,73424.703125,1743.6641845703125,-0.0,-0.0,-0.0,-0.0,-0.0,-0.0,-0.0,-0.0,-0.0,-0.0,-0.0,-0.0,0.00606536865234375,0.0042724609375,0.007171630859375,0.0115203857421875,0.00812530517578125,0.0115966796875,0.0078582763671875,0.0173187255859375,0.0051116943359375,0.01209259033203125,0.0270843505859375,0.007171630859375,0.01888275146484375,0.0067138671875,0.002899169921875,0.01743316650390625,0.114288330078125,0.135650634765625,0.03509521484375,0.08758544921875,0.0823974609375,0.078582763671875,0.10955810546875,0.10406494140625,0.103607177734375,0.07568359375,0.07537841796875,0.105133056640625,0.821990966796875,1.79412841796875,-0.21484375,1.43951416015625,2.2305827140808105
632,0.316,-0.0,-0.0,-0.0,-0.0,-0.0,-0.0,-6.878340244293213,-11.292891502380371,-632.192138671875,-182713.234375,73600.171875,1931.2608642578125,-0.0,-0.0,-0.0,-0.0,-0.0,-0.0,-0.0,-0.0,-0.0,-0.0,-0.0,-0.0,-0.004730224609375,-0.00614166259765625,-0.00926971435546875,-0.01369476318359375,-0.008087158203125,-0.0124359130859375,-0.005645751953125,-0.01922607421875,-0.00530242919921875,-0.0078582763671875,-0.02017974853515625,-0.0104522705078125,-0.01712799072265625,-0.008392333984375,-0.003814697265625,-0.024871826171875,-0.05767822265625,0.019073486328125,0.135040283203125,0.073394775390625,0.15777587890625,0.06683349609375,0.0830078125,0.086212158203125,0.111541748046875,0.110626220703125,0.084228515625,0.104217529296875,0.322113037109375,0.015869140625,-0.030517578125,-0.56427001953125,-0.8182606101036072
633,0.3165,-0.0,-0.0,-0.0,-0.0,-0.0,-0.0,-7.939735412597656,-10.437627792358398,-631.169677734375,-182101.765625,73784.1484375,2171.778564453125,-0.0,-0.0,-0.0,-0.0,-0.0,-0.0,-0.0,-0.0,-0.0,-0.0,-0.0,-0.0,-0.0070953369140625,-0.00415802001953125,-0.00743865966796875,-0.00759124755859375,-0.007476806640625,-0.01068115234375,-0.0081634521484375,-0.01728057861328125,-0.00518798828125,-0.0095367431640625,-0.02452850341796875,-0.00579833984375,-0.01750946044921875,-0.00682830810546875,-0.00274658203125,-0.016632080078125,0.005950927734375,0.126800537109375,-0.002593994140625,0.069122314453125,0.11383056640625,0.0616455078125,0.12054443359375,0.061492919921875,0.123291015625,0.134124755859375,0.12115478515625,0.09918212890625,-0.271453857421875,-1.739501953125,0.7501220703125,-1.453857421875,-2.647566556930542
634,0.317,-0.0,-0.0,-0.0,-0.0,-0.0,-0.0,-8.904044151306152,-10.196935653686523,-628.6602783203125,-181866.984375,73795.671875,2374.373779296875,-0.0,-0.0,-0.0,-0.0,-0.0,-0.0,-0.0,-0.0,-0.0,-0.0,-0.0,-0.0,0.0064849853515625,0.00732421875,0.01071929931640625,0.0139617919921875,0.0101470947265625,0.01338958740234375,0.00835418701171875,0.01850128173828125,0.0069427490234375,0.00980377197265625,0.024261474609375,0.011749267578125,0.0205230712890625,0.00873565673828125,0.00667572021484375,0.0229644775390625,0.235443115234375,0.149688720703125,0.064697265625,0.071868896484375,0.14801025390625,0.09979248046875,0.091400146484375,0.0933837890625,0.107574462890625,0.135498046875,0.1043701171875,0.058746337890625,0.33935546875,0.37384033203125,0.23101806640625,0.802764892578125,8.633153915405273
635,0.3175,-0.0,-0.0,-0.0,-0.0,-0.0,-0.0,-9.803398132324219,-10.563345909118652,-627.6007080078125,-181973.0,74025.171875,2563.963134765625,-0.0,-0.0,-0.0,-0.0,-0.0,-0.0,-0.0,-0.0,-0.0,-0.0,-0.0,-0.0,0.00667572021484375,0.00438690185546875,0.00988006591796875,0.01194000244140625,0.0083160400390625,0.0107574462890625,0.0075531005859375,0.01720428466796875,0.00598907470703125,0.0113677978515625,0.0260162353515625,0.004119873046875,0.01621246337890625,0.00499725341796875,0.002593994140625,0.01758575439453125,0.018463134765625,0.014495849609375,0.071868896484375,0.106048583984375,0.016021728515625,0.115203857421875,0.10650634765625,0.090789794921875,0.0927734375,0.153045654296875,0.1025390625,0.094451904296875,0.963897705078125,1.96746826171875,-0.44952392578125,1.511383056640625,1.6208140850067139
636,0.318,-0.0,-0.0,-0.0,-0.0,-0.0,-0.0,-10.28561019897461,-10.43187141418457,-627.1826171875,-181616.0625,74286.609375,2590.07275390625,-0.0,-0.0,-0.0,-0.0,-0.0,-0.0,-0.0,-0.0,-0.0,-0.0,-0.0,-0.0,-0.00640869140625,-0.0074005126953125,-0.0091552734375,-0.01308441162109375,-0.00858306884765625,-0.01049041748046875,-0.0083160400390625,-0.0182342529296875,-0.00637054443359375,-0.009002685546875,-0.0218963623046875,-0.012054443359375,-0.01560211181640625,-0.00865936279296875,-0.00152587890625,-0.023651123046875,0.014190673828125,0.13641357421875,0.121002197265625,0.15960693359375,0.05096435546875,0.143890380859375,0.068206787109375,0.14312744140625,0.0701904296875,-0.050048828125,0.124664306640625,0.1318359375,0.05157470703125,0.12939453125,-0.1409912109375,-0.34271240234375,-2.647566556930542
637,0.3185,-0.0,-0.0,-0.0,-0.0,-0.0,-0.0,-11.26686954498291,-10.507222175598145,-626.8944091796875,-181651.390625,74274.5390625,2837.4228515625,-0.0,-0.0,-0.0,-0.0,-0.0,-0.0,-0.0,-0.0,-0.0,-0.0,-0.0,-0.0,-0.008392333984375,-0.00522613525390625,-0.00957489013671875,-0.00980377197265625,-0.00701904296875,-0.009918212890625,-0.00568389892578125,-0.01483917236328125,-0.00331878662109375,-0.01125335693359375,-0.0243377685546875,-0.00431060791015625,-0.0159454345703125,-0.00545501708984375,-0.0026702880859375,-0.01796722412109375,0.08087158203125,0.062713623046875,0.127716064453125,0.144500732421875,0.086517333984375,0.123748779296875,0.159912109375,0.148468017578125,0.086517333984375,0.170440673828125,0.079498291015625,0.117645263671875,-0.608673095703125,-2.0770263671875,0.68084716796875,-1.23626708984375,-1.732913613319397
638,0.319,-0.0,-0.0,-0.0,-0.0,-0.0,-0.0,-11.854575157165527,-10.522799491882324,-627.184814453125,-182094.71875,74157.234375,2880.76416015625,-0.0,-0.0,-0.0,-0.0,-0.0,-0.0,-0.0,-0.0,-0.0,-0.0,-0.0,-0.0,0.00827789306640625,0.0061798095703125,0.0099945068359375,0.01255035400390625,0.00946044921875,0.01129150390625,0.0084686279296875,0.019683837890625,0.005340576171875,0.01140594482421875,0.02216339111328125,0.0127410888671875,0.01804351806640625,0.00919342041015625,0.00438690185546875,0.02288818359375,-0.052947998046875,-0.028533935546875,-0.10223388671875,0.08056640625,0.11474609375,0.041046142578125,0.122222900390625,0.050048828125,0.109710693359375,0.17364501953125,0.071868896484375,0.08575439453125,0.13427734375,-0.0067138671875,0.22216796875,0.865325927734375,10.4624605178833
639,0.3195,-0.0,-0.0,-0.0,-0.0,-0.0,-0.0,-12.536931991577148,-10.900077819824219,-625.4200439453125,-182135.671875,74531.546875,2823.784912109375,-0.0,-0.0,-0.0,-0.0,-0.0,-0.0,-0.0,-0.0,-0.0,-0.0,-0.0,-0.0,0.0074005126953125,0.00522613525390625,0.008087158203125,0.00881195068359375,0.00728607177734375,0.00988006591796875,0.00701904296875,0.01678466796875,0.0042724609375,0.01129150390625,0.02399444580078125,0.0049591064453125,0.01678466796875,0.0077056884765625,0.00400543212890625,0.01766204833984375,0.10101318359375,0.33966064453125,0.109710693359375,0.063934326171875,0.111236572265625,0.096588134765625,0.131988525390625,0.103759765625,0.11077880859375,0.137481689453125,0.120086669921875,0.07568359375,0.86456298828125,1.8701171875,-0.65155029296875,1.5106201171875,0.09639240801334381
640,0.32,-0.0,-0.0,-0.0,-0.0,-0.0,-0.0,-12.767904281616211,-10.837004661560059,-626.145263671875,-181833.859375,74185.9140625,2982.1005859375,-0.0,-0.0,-0.0,-0.0,-0.0,-0.0,-0.0,-0.0,-0.0,-0.0,-0.0,-0.0,-0.00766754150390625,-0.0058746337890625,-0.009613037109375,-0.0128173828125,-0.00881195068359375,-0.0125885009765625,-0.0077056884765625,-0.01903533935546875,-0.00560760498046875,-0.00850677490234375,-0.0218963623046875,-0.0104522705078125,-0.01735687255859375,-0.00988006591796875,-0.0038909912109375,-0.0231170654296875,0.274200439453125,0.081329345703125,0.148468017578125,0.0775146484375,0.134429931640625,0.109405517578125,0.100860595703125,0.097198486328125,0.1068115234375,0.099639892578125,0.118255615234375,0.09033203125,0.14404296875,0.06134033203125,0.07232666015625,-0.528106689453125,-1.732913613319397
641,0.3205,-0.0,-0.0,-0.0,-0.0,-0.0,-0.0,-13.024734497070312,-10.480317115783691,-625.894287109375,-181640.921875,74011.2109375,2886.082763671875,-0.0,-0.0,-0.0,-0.0,-0.0,-0.0,-0.0,-0.0,-0.0,-0.0,-0.0,-0.0,-0.0058746337890625,-0.0038909912109375,-0.00522613525390625,-0.009307861328125,-0.00713348388671875,-0.01026153564453125,-0.0089263916015625,-0.01613616943359375,-0.00514984130859375,-0.0138092041015625,-0.02552032470703125,-0.0042724609375,-0.01983642578125,-0.0066375732421875,-0.00202178955078125,-0.01667022705078125,0.12908935546875,0.029754638671875,0.11871337890625,0.103759765625,0.204315185546875,0.1226806640625,0.085906982421875,0.08575439453125,0.098114013671875,0.094146728515625,0.1116943359375,0.10162353515625,-1.067352294921875,-1.88995361328125,0.711669921875,-1.81793212890625,5.889194965362549
642,0.321,-0.0,-0.0,-0.0,-0.0,-0.0,-0.0,-12.667892456054688,-10.342686653137207,-625.937744140625,-181699.546875,73830.90625,2802.0009765625,-0.0,-0.0,-0.0,-0.0,-0.0,-0.0,-0.0,-0.0,-0.0,-0.0,-0.0,-0.0,0.0069427490234375,0.0075531005859375,0.0103759765625,0.01262664794921875,0.00949859619140625,0.0115203857421875,0.0112152099609375,0.01789093017578125,0.00823974609375,0.008087158203125,0.02346038818359375,0.0098419189453125,0.0203704833984375,0.0087738037109375,0.00324249267578125,0.023193359375,0.028228759765625,0.227813720703125,0.1190185546875,0.147247314453125,0.006256103515625,0.1263427734375,0.070648193359375,0.1165771484375,0.079193115234375,0.13671875,0.066070556640625,0.123748779296875,-0.15533447265625,0.09521484375,0.03662109375,0.927886962890625,12.596650123596191
643,0.3215,-0.0,-0.0,-0.0,-0.0,-0.0,-0.0,-12.5870361328125,-9.878987312316895,-625.732177734375,-181667.640625,73531.390625,2876.83056640625,-0.0,-0.0,-0.0,-0.0,-0.0,-0.0,-0.0,-0.0,-0.0,-0.0,-0.0,-0.0,0.00690460205078125,0.006256103515625,0.00614166259765625,0.0095367431640625,0.00751495361328125,0.00965118408203125,0.00720977783203125,0.0145721435546875,0.00385284423828125,0.01102447509765625,0.02490997314453125,0.0058746337890625,0.02033233642578125,0.00713348388671875,0.004119873046875,0.0165557861328125,0.263671875,0.081634521484375,0.0372314453125,0.1287841796875,0.195159912109375,0.111236572265625,0.121612548828125,0.102081298828125,0.083465576171875,0.0726318359375,0.076904296875,0.084381103515625,0.800323486328125,2.230224609375,-0.4931640625,1.93511962890625,-2.0377979278564453
644,0.322,-0.0,-0.0,-0.0,-0.0,-0.0,-0.0,-12.526991844177246,-9.726879119873047,-624.7752685546875,-181299.984375,73473.609375,2627.016357421875,-0.0,-0.0,-0.0,-0.0,-0.0,-0.0,-0.0,-0.0,-0.0,-0.0,-0.0,-0.0,-0.0063323974609375,-0.00659942626953125,-0.00942230224609375,-0.01422882080078125,-0.00789642333984375,-0.0128173828125,-0.00736236572265625,-0.01880645751953125,-0.00484466552734375,-0.008392333984375,-0.022735595703125,-0.0089263916015625,-0.0196075439453125,-0.00957489013671875,-0.0032806396484375,-0.02391815185546875,-0.032806396484375,-0.103912353515625,0.062408447265625,0.113677978515625,0.12237548828125,0.108642578125,0.08697509765625,0.094146728515625,0.09124755859375,0.025177001953125,0.153961181640625,0.087432861328125,0.20111083984375,0.13519287109375,0.02044677734375,-0.5084228515625,1.6208140850067139
645,0.3225,-0.0,-0.0,-0.0,-0.0,-0.0,-0.0,-12.005785942077637,-9.180431365966797,-624.2731323242188,-181351.390625,73336.578125,2568.844970703125,-0.0,-0.0,-0.0,-0.0,-0.0,-0.0,-0.0,-0.0,-0.0,-0.0,-0.0,-0.0,-0.00865936279296875,-0.00453948974609375,-0.00904083251953125,-0.00885009765625,-0.00728607177734375,-0.00926971435546875,-0.0048065185546875,-0.01491546630859375,-0.0041961669921875,-0.0119781494140625,-0.024566650390625,-0.00568389892578125,-0.01728057861328125,-0.006103515625,-0.0031280517578125,-0.01781463623046875,0.10223388671875,0.218963623046875,0.15106201171875,0.07904052734375,0.13031005859375,0.05859375,0.091400146484375,0.102996826171875,0.104522705078125,0.10894775390625,0.09979248046875,0.10833740234375,-0.833740234375,-2.24212646484375,0.56610107421875,-1.847991943359375,-1.1231448650360107
646,0.323,-0.0,-0.0,-0.0,-0.0,-0.0,-0.0,-12.196133613586426,-8.911520004272461,-623.8654174804688,-181175.046875,72947.1328125,2456.608154296875,-0.0,-0.0,-0.0,-0.0,-0.0,-0.0,-0.0,-0.0,-0.0,-0.0,-0.0,-0.0,0.00568389892578125,0.00774383544921875,0.0106048583984375,0.01377105712890625,0.00946044921875,0.01331329345703125,0.00732421875,0.02025604248046875,0.004730224609375,0.0089263916015625,0.023345947265625,0.0116729736328125,0.0153350830078125,0.00873565673828125,0.0038909912109375,0.02384185791015625,0.11627197265625,0.12298583984375,0.127105712890625,0.076446533203125,0.11444091796875,0.098419189453125,0.1214599609375,0.094757080078125,0.12481689453125,0.0994873046875,0.0543212890625,0.094757080078125,-0.088043212890625,0.3509521484375,0.15106201171875,0.640716552734375,11.377113342285156
647,0.3235,-0.0,-0.0,-0.0,-0.0,-0.0,-0.0,-11.827088356018066,-9.256182670593262,-623.4111938476562,-180788.75,72707.9140625,2322.75048828125,-0.0,-0.0,-0.0,-0.0,-0.0,-0.0,-0.0,-0.0,-0.0,-0.0,-0.0,-0.0,0.00640869140625,0.005340576171875,0.00751495361328125,0.01079559326171875,0.00701904296875,0.01079559326171875,0.00926971435546875,0.01735687255859375,0.00560760498046875,0.01010894775390625,0.023956298828125,0.00415802001953125,0.0177764892578125,0.00659942626953125,0.0018310546875,0.01758575439453125,-0.077972412109375,0.161895751953125,0.059814453125,0.080108642578125,0.08819580078125,0.069580078125,0.102386474609375,0.080108642578125,0.114288330078125,0.0994873046875,0.057220458984375,0.085906982421875,0.70281982421875,1.86187744140625,-0.3558349609375,1.93939208984375,3.755004405975342
648,0.324,-0.0,-0.0,-0.0,-0.0,-0.0,-0.0,-12.209370613098145,-8.530961036682129,-623.5651245117188,-181042.671875,72290.4375,2444.07373046875,-0.0,-0.0,-0.0,-0.0,-0.0,-0.0,-0.0,-0.0,-0.0,-0.0,-0.0,-0.0,-0.00705718994140625,-0.00667572021484375,-0.0104522705078125,-0.01277923583984375,-0.01049041748046875,-0.0098419189453125,-0.00896453857421875,-0.01750946044921875,-0.00545501708984375,-0.0067138671875,-0.02223968505859375,-0.009918212890625,-0.02033233642578125,-0.00751495361328125,-0.00415802001953125,-0.0226593017578125,0.255889892578125,-0.12939453125,0.053863525390625,0.079193115234375,0.08636474609375,0.099639892578125,0.08941650390625,0.0946044921875,0.11871337890625,0.09918212890625,0.1190185546875,0.126190185546875,0.278778076171875,-0.11444091796875,0.09307861328125,-0.7305908203125,-2.0377979278564453
649,0.3245,-0.0,-0.0,-0.0,-0.0,-0.0,-0.0,-11.533714294433594,-8.047210693359375,-626.4403076171875,-181004.109375,72222.8671875,2465.206298828125,-0.0,-0.0,-0.0,-0.0,-0.0,-0.0,-0.0,-0.0,-0.0,-0.0,-0.0,-0.0,-0.00579833984375,-0.005340576171875,-0.00499725341796875,-0.00911712646484375,-0.0058746337890625,-0.009613037109375,-0.0063323974609375,-0.01300811767578125,-0.00415802001953125,-0.00957489013671875,-0.024871826171875,-0.00797271728515625,-0.02166748046875,-0.00885009765625,-0.00274658203125,-0.01728057861328125,0.04364013671875,0.24688720703125,0.20538330078125,0.136566162109375,0.10101318359375,0.171661376953125,0.110321044921875,0.131988525390625,0.066375732421875,0.12939453125,0.162353515625,0.13824462890625,-0.7196044921875,-2.25555419921875,0.2783203125,-2.1923828125,1.6208140850067139
650,0.325,-0.0,-0.0,-0.0,-0.0,-0.0,-0.0,-11.304621696472168,-7.780092239379883,-625.8348388671875,-180865.125,71933.2109375,2294.068359375,-0.0,-0.0,-0.0,-0.0,-0.0,-0.0,-0.0,-0.0,-0.0,-0.0,-0.0,-0.0,0.00667572021484375,0.008544921875,0.00995635986328125,0.01430511474609375,0.01102447509765625,0.01277923583984375,0.00934600830078125,0.01964569091796875,0.0048828125,0.0113677978515625,0.02410888671875,0.01033782958984375,0.01983642578125,0.00995635986328125,0.0054168701171875,0.02368927001953125,-0.377960205078125,0.142669677734375,0.15106201171875,0.12908935546875,0.090179443359375,0.13702392578125,0.105133056640625,0.112762451171875,0.068817138671875,0.12939453125,0.109405517578125,0.121002197265625,0.2587890625,0.28900146484375,0.16937255859375,0.85968017578125,10.4624605178833
651,0.3255,-0.0,-0.0,-0.0,-0.0,-0.0,-0.0,-10.947521209716797,-7.512302875518799,-626.1361694335938,-180823.484375,71516.609375,2001.7335205078125,-0.0,-0.0,-0.0,-0.0,-0.0,-0.0,-0.0,-0.0,-0.0,-0.0,-0.0,-0.0,0.00812530517578125,0.004730224609375,0.006561279296875,0.00995635986328125,0.00614166259765625,0.0115203857421875,0.00629425048828125,0.01354217529296875,0.0032806396484375,0.0110626220703125,0.0270843505859375,0.0075531005859375,0.02044677734375,0.00843048095703125,0.0030517578125,0.01842498779296875,0.388031005859375,0.02593994140625,0.076751708984375,0.092620849609375,0.081939697265625,0.0787353515625,0.126495361328125,0.09796142578125,0.115509033203125,0.083770751953125,0.07568359375,0.080413818359375,1.311492919921875,2.31719970703125,-0.33660888671875,2.1954345703125,3.145235776901245
652,0.326,-0.0,-0.0,-0.0,-0.0,-0.0,-0.0,-10.311185836791992,-7.143764019012451,-625.5289916992188,-180921.4375,71394.1640625,1910.17724609375,-0.0,-0.0,-0.0,-0.0,-0.0,-0.0,-0.0,-0.0,-0.0,-0.0,-0.0,-0.0,-0.00583648681640625,-0.0069427490234375,-0.0083160400390625,-0.01338958740234375,-0.00919342041015625,-0.013885498046875,-0.00728607177734375,-0.02101898193359375,-0.0060272216796875,-0.00972747802734375,-0.02193450927734375,-0.01087188720703125,-0.0171661376953125,-0.00946044921875,-0.00392913818359375,-0.0229644775390625,0.003509521484375,0.233917236328125,0.05096435546875,0.101776123046875,0.132293701171875,0.0823974609375,0.110931396484375,0.103302001953125,0.096282958984375,0.134429931640625,0.152130126953125,0.093841552734375,0.28076171875,-0.12176513671875,0.0909423828125,-0.68328857421875,0.09639240801334381
653,0.3265,-0.0,-0.0,-0.0,-0.0,-0.0,-0.0,-9.710434913635254,-6.7891950607299805,-624.1224365234375,-180324.59375,70915.1171875,1793.383056640625,-0.0,-0.0,-0.0,-0.0,-0.0,-0.0,-0.0,-0.0,-0.0,-0.0,-0.0,-0.0,-0.0054931640625,-0.004119873046875,-0.00583648681640625,-0.00865936279296875,-0.00713348388671875,-0.00957489013671875,-0.00804901123046875,-0.01552581787109375,-0.00514984130859375,-0.01308441162109375,-0.02391815185546875,-0.00629425048828125,-0.01739501953125,-0.006866455078125,-0.00179290771484375,-0.0162506103515625,0.16815185546875,0.089263916015625,0.13916015625,0.0836181640625,0.000152587890625,0.108489990234375,0.153350830078125,0.0830078125,0.109710693359375,0.019989013671875,0.0982666015625,0.08514404296875,-0.96771240234375,-2.005615234375,0.56182861328125,-1.921234130859375,-0.5133762359619141
654,0.327,-0.0,-0.0,-0.0,-0.0,-0.0,-0.0,-10.284358978271484,-5.793476104736328,-623.9242553710938,-179988.265625,70679.140625,1777.1285400390625,-0.0,-0.0,-0.0,-0.0,-0.0,-0.0,-0.0,-0.0,-0.0,-0.0,-0.0,-0.0,0.00797271728515625,0.0074005126953125,0.01209259033203125,0.01338958740234375,0.011444091796875,0.0113677978515625,0.01178741455078125,0.01880645751953125,0.005950927734375,0.0080108642578125,0.0244903564453125,0.01003265380859375,0.021209716796875,0.00850677490234375,0.00640869140625,0.02227783203125,0.0653076171875,0.155792236328125,0.10772705078125,0.08636474609375,0.2301025390625,0.089111328125,0.058441162109375,0.096893310546875,0.106201171875,0.133056640625,0.07843017578125,0.092620849609375,-0.12664794921875,0.42724609375,0.25115966796875,1.145477294921875,11.377113342285156
655,0.3275,-0.0,-0.0,-0.0,-0.0,-0.0,-0.0,-10.423660278320312,-5.9076642990112305,-622.8108520507812,-179182.53125,70267.1875,1906.7681884765625,-0.0,-0.0,-0.0,-0.0,-0.0,-0.0,-0.0,-0.0,-0.0,-0.0,-0.0,-0.0,0.0080108642578125,0.005645751953125,0.008392333984375,0.01132965087890625,0.00732421875,0.009918212890625,0.00637054443359375,0.01495361328125,0.0029754638671875,0.0115203857421875,0.02437591552734375,0.00396728515625,0.0148773193359375,0.0064849853515625,0.00308990478515625,0.01800537109375,0.128631591796875,0.15106201171875,0.075836181640625,0.087738037109375,-0.013275146484375,0.083160400390625,0.10040283203125,0.08880615234375,0.0970458984375,0.126495361328125,0.063018798828125,0.068206787109375,1.458892822265625,2.4139404296875,-0.472412109375,2.034759521484375,4.05988883972168
656,0.328,-0.0,-0.0,-0.0,-0.0,-0.0,-0.0,-9.999217987060547,-5.283696174621582,-623.7845458984375,-178941.34375,70132.8125,1861.5025634765625,-0.0,-0.0,-0.0,-0.0,-0.0,-0.0,-0.0,-0.0,-0.0,-0.0,-0.0,-0.0,-0.00667572021484375,-0.00640869140625,-0.01110076904296875,-0.0127410888671875,-0.00946044921875,-0.01148223876953125,-0.00988006591796875,-0.01739501953125,-0.00507354736328125,-0.0081634521484375,-0.0234222412109375,-0.0087738037109375,-0.02227783203125,-0.00751495361328125,-0.00583648681640625,-0.023193359375,-0.0732421875,0.069732666015625,0.093994140625,0.128021240234375,0.069580078125,0.117034912109375,0.09765625,0.093536376953125,0.095062255859375,0.148468017578125,0.083770751953125,0.07965087890625,0.28839111328125,-0.31829833984375,0.103759765625,-1.0784912109375,0.09639240801334381
657,0.3285,-0.0,-0.0,-0.0,-0.0,-0.0,-0.0,-10.452014923095703,-4.698991775512695,-621.9498291015625,-178311.90625,69549.1171875,1610.5819091796875,-0.0,-0.0,-0.0,-0.0,-0.0,-0.0,-0.0,-0.0,-0.0,-0.0,-0.0,-0.0,-0.0060272216796875,-0.0043487548828125,-0.00762939453125,-0.0074005126953125,-0.00667572021484375,-0.0084686279296875,-0.0055694580078125,-0.01506805419921875,-0.0034332275390625,-0.01190185546875,-0.0234222412109375,-0.00919342041015625,-0.01605987548828125,-0.00637054443359375,-0.00514984130859375,-0.016326904296875,0.162506103515625,0.009002685546875,0.077972412109375,0.130615234375,0.14312744140625,0.12359619140625,0.12603759765625,0.091705322265625,0.0836181640625,0.01068115234375,0.110931396484375,0.095367431640625,-0.851898193359375,-1.91375732421875,0.24169921875,-1.956329345703125,-0.20849192142486572
658,0.329,-0.0,-0.0,-0.0,-0.0,-0.0,-0.0,-10.016463279724121,-4.411005973815918,-621.226806640625,-178164.1875,69263.2421875,1737.13818359375,-0.0,-0.0,-0.0,-0.0,-0.0,-0.0,-0.0,-0.0,-0.0,-0.0,-0.0,-0.0,0.00652313232421875,0.0081634521484375,0.00942230224609375,0.01422882080078125,0.00980377197265625,0.01354217529296875,0.009002685546875,0.02178192138671875,0.00652313232421875,0.00926971435546875,0.02429962158203125,0.01583099365234375,0.02231597900390625,0.008392333984375,0.00274658203125,0.02498626708984375,0.03570556640625,0.2471923828125,0.1287841796875,0.130767822265625,0.203399658203125,0.1141357421875,0.07415771484375,0.12298583984375,0.08056640625,0.224151611328125,0.10009765625,0.10345458984375,-0.002288818359375,0.25115966796875,0.55694580078125,1.208343505859375,11.07222843170166
659,0.3295,-0.0,-0.0,-0.0,-0.0,-0.0,-0.0,-9.798394203186035,-3.283076286315918,-622.5181884765625,-177882.484375,68652.5234375,1604.8104248046875,-0.0,-0.0,-0.0,-0.0,-0.0,-0.0,-0.0,-0.0,-0.0,-0.0,-0.0,-0.0,0.0054168701171875,0.00476837158203125,0.00743865966796875,0.0087738037109375,0.00652313232421875,0.00949859619140625,0.0057220458984375,0.01590728759765625,0.00560760498046875,0.01201629638671875,0.023040771484375,0.00476837158203125,0.0167083740234375,0.0060272216796875,0.0028228759765625,0.0147247314453125,0.12603759765625,-0.00946044921875,0.03875732421875,0.066680908203125,0.145111083984375,0.07843017578125,0.032958984375,0.115966796875,0.119476318359375,0.11199951171875,0.10498046875,0.081939697265625,1.108856201171875,2.22564697265625,-0.6951904296875,2.17681884765625,2.2305827140808105
660,0.33,-0.0,-0.0,-0.0,-0.0,-0.0,-0.0,-10.080787658691406,-3.3772408962249756,-621.40087890625,-177374.75,68141.140625,1549.6182861328125,-0.0,-0.0,-0.0,-0.0,-0.0,-0.0,-0.0,-0.0,-0.0,-0.0,-0.0,-0.0,-0.007171630859375,-0.0049591064453125,-0.01071929931640625,-0.012054443359375,-0.010528564453125,-0.0115966796875,-0.01003265380859375,-0.01903533935546875,-0.00640869140625,-0.0115966796875,-0.0241851806640625,-0.01178741455078125,-0.018310546875,-0.00885009765625,-0.0046539306640625,-0.02277374267578125,-0.243988037109375,0.03753662109375,0.11444091796875,0.08636474609375,0.101318359375,0.084686279296875,0.083770751953125,0.0677490234375,0.090179443359375,0.151214599609375,0.127716064453125,0.09552001953125,-0.0927734375,-0.3460693359375,0.02105712890625,-0.69427490234375,-6.306178569793701
661,0.3305,-0.0,-0.0,-0.0,-0.0,-0.0,-0.0,-9.545524597167969,-2.965958833694458,-621.3412475585938,-176657.09375,67626.3515625,1435.9644775390625,-0.0,-0.0,-0.0,-0.0,-0.0,-0.0,-0.0,-0.0,-0.0,-0.0,-0.0,-0.0,-0.0054168701171875,-0.00537872314453125,-0.00743865966796875,-0.00980377197265625,-0.0057220458984375,-0.0101470947265625,-0.00675201416015625,-0.01499176025390625,-0.00545501708984375,-0.01087188720703125,-0.02239227294921875,-0.00415802001953125,-0.01678466796875,-0.00560760498046875,-0.0017547607421875,-0.0154876708984375,0.37872314453125,0.1226806640625,0.2203369140625,0.08514404296875,0.0750732421875,0.08453369140625,0.116119384765625,0.164794921875,0.105438232421875,0.085906982421875,0.08514404296875,0.13275146484375,-0.982513427734375,-1.7254638671875,0.75042724609375,-2.105712890625,-4.171988487243652
662,0.331,-0.0,-0.0,-0.0,-0.0,-0.0,-0.0,-9.204108238220215,-2.157451629638672,-620.7318725585938,-176153.140625,66864.4140625,1334.6287841796875,-0.0,-0.0,-0.0,-0.0,-0.0,-0.0,-0.0,-0.0,-0.0,-0.0,-0.0,-0.0,0.00774383544921875,0.0072479248046875,0.0099945068359375,0.0135040283203125,0.0099945068359375,0.0112152099609375,0.00972747802734375,0.01865386962890625,0.00823974609375,0.00823974609375,0.02655029296875,0.0131988525390625,0.02147674560546875,0.00888824462890625,0.00568389892578125,0.024566650390625,0.043182373046875,-0.001678466796875,0.05523681640625,0.101165771484375,0.179901123046875,0.091094970703125,0.098419189453125,0.08270263671875,0.0958251953125,0.0927734375,0.09552001953125,0.102996826171875,0.060272216796875,0.596923828125,0.07568359375,0.8477783203125,6.1940789222717285
663,0.3315,-0.0,-0.0,-0.0,-0.0,-0.0,-0.0,-8.53966999053955,-1.8561596870422363,-620.1839599609375,-175361.3125,66452.59375,1055.53515625,-0.0,-0.0,-0.0,-0.0,-0.0,-0.0,-0.0,-0.0,-0.0,-0.0,-0.0,-0.0,0.0054931640625,0.00308990478515625,0.00774383544921875,0.0099945068359375,0.00705718994140625,0.00995635986328125,0.00675201416015625,0.01575469970703125,0.00583648681640625,0.01224517822265625,0.02407073974609375,0.002899169921875,0.01636505126953125,0.00537872314453125,0.00335693359375,0.01651763916015625,0.182342529296875,0.320587158203125,0.207977294921875,0.13336181640625,-0.21331787109375,0.159912109375,0.096893310546875,0.1171875,0.078887939453125,0.106048583984375,0.0927734375,0.11566162109375,1.219635009765625,2.03887939453125,-0.88836669921875,2.189178466796875,1.9256983995437622
664,0.332,-0.0,-0.0,-0.0,-0.0,-0.0,-0.0,-7.61602783203125,-0.8668569326400757,-619.67138671875,-175026.296875,65880.953125,926.0989379882812,-0.0,-0.0,-0.0,-0.0,-0.0,-0.0,-0.0,-0.0,-0.0,-0.0,-0.0,-0.0,-0.004119873046875,-0.0067901611328125,-0.00957489013671875,-0.01415252685546875,-0.0089263916015625,-0.01270294189453125,-0.00774383544921875,-0.02002716064453125,-0.00576019287109375,-0.00946044921875,-0.02300262451171875,-0.010833740234375,-0.01537322998046875,-0.0096893310546875,-0.00202178955078125,-0.02475738525390625,-0.08148193359375,0.068817138671875,0.08209228515625,0.124969482421875,0.01617431640625,0.12847900390625,0.10101318359375,0.117645263671875,0.074005126953125,0.17364501953125,0.115814208984375,0.113372802734375,0.39398193359375,-0.3192138671875,0.06561279296875,-0.233306884765625,-1.1231448650360107
665,0.3325,-0.0,-0.0,-0.0,-0.0,-0.0,-0.0,-7.120172500610352,-0.49438056349754333,-620.0238647460938,-174282.1875,64947.37109375,665.96923828125,-0.0,-0.0,-0.0,-0.0,-0.0,-0.0,-0.0,-0.0,-0.0,-0.0,-0.0,-0.0,-0.00789642333984375,-0.0029754638671875,-0.007171630859375,-0.00865936279296875,-0.007476806640625,-0.00858306884765625,-0.0066375732421875,-0.0124359130859375,-0.00164031982421875,-0.01148223876953125,-0.02124786376953125,-0.00270843505859375,-0.01705169677734375,-0.00682830810546875,-0.00301361083984375,-0.01644134521484375,0.1397705078125,0.078582763671875,0.095062255859375,0.10406494140625,0.222625732421875,0.09490966796875,0.047454833984375,0.10223388671875,0.102386474609375,-0.027008056640625,0.10040283203125,0.14617919921875,-1.133270263671875,-2.10906982421875,1.00311279296875,-1.8536376953125,-1.4280292987823486
666,0.333,-0.0,-0.0,-0.0,-0.0,-0.0,-0.0,-6.325833320617676,0.0243089459836483,-619.4776611328125,-173889.15625,64313.69921875,368.4756164550781,-0.0,-0.0,-0.0,-0.0,-0.0,-0.0,-0.0,-0.0,-0.0,-0.0,-0.0,-0.0,0.0063323974609375,0.005950927734375,0.01102447509765625,0.0130462646484375,0.0099945068359375,0.013275146484375,0.009002685546875,0.0200653076171875,0.006103515625,0.01018524169921875,0.0257110595703125,0.00926971435546875,0.02063751220703125,0.00812530517578125,0.00476837158203125,0.0234222412109375,0.0732421875,0.07049560546875,0.09368896484375,0.056915283203125,0.20843505859375,0.04425048828125,0.108642578125,0.0421142578125,0.1153564453125,0.03326416015625,0.074005126953125,0.09246826171875,0.093231201171875,0.71746826171875,0.06744384765625,0.99029541015625,9.852691650390625
667,0.3335,-0.0,-0.0,-0.0,-0.0,-0.0,-0.0,-6.196214199066162,0.6888042092323303,-616.6831665039062,-173191.84375,63800.01171875,321.2235107421875,-0.0,-0.0,-0.0,-0.0,-0.0,-0.0,-0.0,-0.0,-0.0,-0.0,-0.0,-0.0,0.0067901611328125,0.0026702880859375,0.00614166259765625,0.0095367431640625,0.00713348388671875,0.009307861328125,0.0049591064453125,0.01354217529296875,0.00415802001953125,0.01251220703125,0.02178192138671875,0.004730224609375,0.01708984375,0.007171630859375,0.003509521484375,0.0167083740234375,0.1611328125,0.192108154296875,0.091552734375,0.07415771484375,0.148468017578125,0.0726318359375,0.10284423828125,0.105133056640625,0.117950439453125,0.0921630859375,0.0823974609375,0.070343017578125,1.280517578125,2.07855224609375,-0.8038330078125,2.21954345703125,1.3159297704696655
668,0.334,-0.0,-0.0,-0.0,-0.0,-0.0,-0.0,-6.594076633453369,1.0362414121627808,-617.711669921875,-172482.140625,63349.63671875,326.6330871582031,-0.0,-0.0,-0.0,-0.0,-0.0,-0.0,-0.0,-0.0,-0.0,-0.0,-0.0,-0.0,-0.0078582763671875,-0.006866455078125,-0.01129150390625,-0.01262664794921875,-0.01056671142578125,-0.012054443359375,-0.00881195068359375,-0.01949310302734375,-0.00732421875,-0.00823974609375,-0.02330780029296875,-0.00888824462890625,-0.0199127197265625,-0.00690460205078125,-0.00423431396484375,-0.02410888671875,0.17486572265625,0.091094970703125,0.073089599609375,0.090789794921875,0.089263916015625,0.11749267578125,0.10345458984375,0.091094970703125,0.108642578125,0.16326904296875,0.099029541015625,0.088043212890625,-0.009307861328125,-0.29296875,0.24505615234375,-0.736541748046875,-2.95245099067688
669,0.3345,-0.0,-0.0,-0.0,-0.0,-0.0,-0.0,-6.227892875671387,1.7657802104949951,-617.549560546875,-171997.828125,62846.06640625,385.54351806640625,-0.0,-0.0,-0.0,-0.0,-0.0,-0.0,-0.0,-0.0,-0.0,-0.0,-0.0,-0.0,-0.0064849853515625,-0.005035400390625,-0.00843048095703125,-0.008697509765625,-0.006561279296875,-0.0096893310546875,-0.00667572021484375,-0.01285552978515625,-0.00118255615234375,-0.010833740234375,-0.0218963623046875,-0.00335693359375,-0.0147247314453125,-0.0064849853515625,-0.0026702880859375,-0.0160980224609375,0.045623779296875,0.024566650390625,0.159759521484375,0.131988525390625,0.059051513671875,0.127410888671875,0.105133056640625,0.1263427734375,0.07598876953125,0.08514404296875,0.11505126953125,0.071563720703125,-0.951690673828125,-2.0263671875,0.82183837890625,-2.468109130859375,-0.8182606101036072
670,0.335,-0.0,-0.0,-0.0,-0.0,-0.0,-0.0,-6.6598005294799805,2.3173904418945312,-617.4262084960938,-171845.78125,62462.8359375,444.47607421875,-0.0,-0.0,-0.0,-0.0,-0.0,-0.0,-0.0,-0.0,-0.0,-0.0,-0.0,-0.0,0.00835418701171875,0.00736236572265625,0.0119781494140625,0.01285552978515625,0.01239776611328125,0.01220703125,0.0081634521484375,0.02040863037109375,0.0054168701171875,0.01110076904296875,0.0244140625,0.0113677978515625,0.02079010009765625,0.0096893310546875,0.00682830810546875,0.02391815185546875,-0.016937255859375,0.240325927734375,0.180816650390625,0.127716064453125,0.074005126953125,0.114288330078125,0.09918212890625,0.1385498046875,0.0787353515625,0.059661865234375,0.09735107421875,0.059967041015625,0.281982421875,0.72113037109375,-0.10009765625,0.894012451171875,9.852691650390625
671,0.3355,-0.0,-0.0,-0.0,-0.0,-0.0,-0.0,-6.381885528564453,2.9652514457702637,-617.6853637695312,-171951.0,62087.609375,559.620849609375,-0.0,-0.0,-0.0,-0.0,-0.0,-0.0,-0.0,-0.0,-0.0,-0.0,-0.0,-0.0,0.00843048095703125,0.0057220458984375,0.00843048095703125,0.0110626220703125,0.00598907470703125,0.01117706298828125,0.008392333984375,0.01461029052734375,0.00240325927734375,0.0124359130859375,0.0212860107421875,0.00141143798828125,0.0171661376953125,0.00591278076171875,0.0035858154296875,0.0167083740234375,0.02227783203125,0.145111083984375,0.05401611328125,0.088958740234375,0.110626220703125,0.09185791015625,0.07568359375,0.09307861328125,0.104217529296875,0.295257568359375,0.114593505859375,0.0634765625,1.551971435546875,1.976318359375,-0.6591796875,2.3828125,1.9256983995437622
672,0.336,-0.0,-0.0,-0.0,-0.0,-0.0,-0.0,-6.642960548400879,2.989088296890259,-617.2457275390625,-171646.25,61741.74609375,530.4649658203125,-0.0,-0.0,-0.0,-0.0,-0.0,-0.0,-0.0,-0.0,-0.0,-0.0,-0.0,-0.0,-0.0075531005859375,-0.00736236572265625,-0.0089263916015625,-0.013580322265625,-0.00705718994140625,-0.013885498046875,-0.00705718994140625,-0.01987457275390625,-0.00499725341796875,-0.012969970703125,-0.0240325927734375,-0.00988006591796875,-0.01880645751953125,-0.01262664794921875,-0.00396728515625,-0.02513885498046875,0.17547607421875,0.171356201171875,0.0860595703125,0.09124755859375,0.103607177734375,0.095367431640625,0.127716064453125,0.2001953125,0.09765625,0.215911865234375,0.14495849609375,0.117034912109375,0.01861572265625,-0.62255859375,0.21881103515625,-0.6982421875,-1.4280292987823486
673,0.3365,-0.0,-0.0,-0.0,-0.0,-0.0,-0.0,-5.8579487800598145,3.267906904220581,-617.4286499023438,-171307.296875,61733.2421875,269.3221130371094,-0.0,-0.0,-0.0,-0.0,-0.0,-0.0,-0.0,-0.0,-0.0,-0.0,-0.0,-0.0,-0.007476806640625,-0.005340576171875,-0.00885009765625,-0.00896453857421875,-0.0054931640625,-0.0089263916015625,-0.0048065185546875,-0.0141143798828125,-0.0011444091796875,-0.010528564453125,-0.02323150634765625,-0.00408172607421875,-0.01560211181640625,-0.00713348388671875,-0.00301361083984375,-0.0164794921875,0.08453369140625,0.05035400390625,0.11199951171875,0.0836181640625,0.081024169921875,0.1171875,0.1214599609375,0.145263671875,0.098876953125,0.115509033203125,0.0927734375,0.143280029296875,-1.05926513671875,-2.30377197265625,0.672607421875,-2.083282470703125,-4.171988487243652
674,0.337,-0.0,-0.0,-0.0,-0.0,-0.0,-0.0,-5.358522415161133,3.2860522270202637,-618.253173828125,-171290.5625,61084.2421875,41.066707611083984,-0.0,-0.0,-0.0,-0.0,-0.0,-0.0,-0.0,-0.0,-0.0,-0.0,-0.0,-0.0,0.00732421875,0.00762939453125,0.01018524169921875,0.01560211181640625,0.00701904296875,0.0146484375,0.00732421875,0.0205230712890625,0.00537872314453125,0.01163482666015625,0.025787353515625,0.01079559326171875,0.01888275146484375,0.0109100341796875,0.00370025634765625,0.02529144287109375,0.052032470703125,0.03631591796875,0.095672607421875,0.089569091796875,0.072479248046875,0.093994140625,0.119476318359375,-0.032806396484375,0.117950439453125,0.074310302734375,0.111083984375,0.12939453125,0.505523681640625,0.65185546875,-0.059814453125,0.946502685546875,15.95037841796875
675,0.3375,-0.0,-0.0,-0.0,-0.0,-0.0,-0.0,-5.1923041343688965,3.2267725467681885,-618.7218627929688,-171386.25,60893.96875,40.95330810546875,-0.0,-0.0,-0.0,-0.0,-0.0,-0.0,-0.0,-0.0,-0.0,-0.0,-0.0,-0.0,0.00518798828125,0.004119873046875,0.00762939453125,0.0072479248046875,0.008392333984375,0.0092315673828125,0.0080108642578125,0.01537322998046875,0.0032806396484375,0.0095367431640625,0.024871826171875,0.00598907470703125,0.01338958740234375,0.004425048828125,0.00080108642578125,0.01445770263671875,0.161895751953125,0.12725830078125,0.0897216796875,0.097808837890625,0.083160400390625,0.107269287109375,0.113525390625,0.13671875,0.09552001953125,0.08209228515625,0.091552734375,0.087890625,0.941925048828125,2.4114990234375,-0.3460693359375,2.2186279296875,13.206418991088867
676,0.338,-0.0,-0.0,-0.0,-0.0,-0.0,-0.0,-5.084999084472656,3.339752674102783,-619.92431640625,-171549.984375,60454.28515625,-138.74058532714844,-0.0,-0.0,-0.0,-0.0,-0.0,-0.0,-0.0,-0.0,-0.0,-0.0,-0.0,-0.0,-0.0057220458984375,-0.00774383544921875,-0.01087188720703125,-0.01216888427734375,-0.01064300537109375,-0.01010894775390625,-0.008544921875,-0.01903533935546875,-0.00415802001953125,-0.00865936279296875,-0.02452850341796875,-0.0087738037109375,-0.0211334228515625,-0.00934600830078125,-0.00518798828125,-0.0238037109375,0.196075439453125,0.107421875,0.14617919921875,0.09674072265625,0.1153564453125,0.08819580078125,0.081634521484375,0.00946044921875,0.11444091796875,0.07232666015625,0.068206787109375,0.086669921875,0.06072998046875,-0.50537109375,0.384521484375,-0.9161376953125,-3.2573351860046387
677,0.3385,-0.0,-0.0,-0.0,-0.0,-0.0,-0.0,-4.8594441413879395,2.9463558197021484,-621.056884765625,-172058.953125,60381.859375,-207.12896728515625,-0.0,-0.0,-0.0,-0.0,-0.0,-0.0,-0.0,-0.0,-0.0,-0.0,-0.0,-0.0,-0.00644683837890625,-0.00431060791015625,-0.0074005126953125,-0.009307861328125,-0.006561279296875,-0.0103759765625,-0.0067138671875,-0.012969970703125,-0.00293731689453125,-0.0087738037109375,-0.02315521240234375,-0.00576019287109375,-0.01346588134765625,-0.0048828125,-0.0003814697265625,-0.0154876708984375,0.14190673828125,0.113677978515625,0.140228271484375,0.116424560546875,0.100250244140625,0.096282958984375,0.085906982421875,0.112457275390625,0.09307861328125,0.18310546875,0.09246826171875,0.107574462890625,-0.905914306640625,-2.0989990234375,0.47515869140625,-1.89239501953125,-0.5133762359619141
678,0.339,-0.0,-0.0,-0.0,-0.0,-0.0,-0.0,-4.699947357177734,2.340853452682495,-623.12109375,-171829.171875,60219.390625,-287.7701416015625,-0.0,-0.0,-0.0,-0.0,-0.0,-0.0,-0.0,-0.0,-0.0,-0.0,-0.0,-0.0,0.007781982421875,0.00782012939453125,0.01155853271484375,0.01537322998046875,0.0110626220703125,0.01277923583984375,0.011444091796875,0.0185394287109375,0.00759124755859375,0.00995635986328125,0.02452850341796875,0.00843048095703125,0.02201080322265625,0.009765625,0.00507354736328125,0.02414703369140625,0.134735107421875,-0.05645751953125,0.07171630859375,0.089111328125,0.09735107421875,0.0604248046875,0.087432861328125,0.059814453125,0.099639892578125,0.085296630859375,0.08880615234375,0.1336669921875,0.38482666015625,0.78460693359375,-0.16937255859375,1.2786865234375,11.07222843170166
679,0.3395,-0.0,-0.0,-0.0,-0.0,-0.0,-0.0,-4.789508819580078,2.2939975261688232,-623.0270385742188,-172021.84375,59947.51953125,-361.7099914550781,-0.0,-0.0,-0.0,-0.0,-0.0,-0.0,-0.0,-0.0,-0.0,-0.0,-0.0,-0.0,0.00652313232421875,0.006561279296875,0.0084686279296875,0.0098419189453125,0.006103515625,0.0096893310546875,0.0049591064453125,0.0130462646484375,0.00339508056640625,0.00946044921875,0.0226593017578125,0.00392913818359375,0.0141143798828125,0.006103515625,0.00339508056640625,0.01605987548828125,0.139007568359375,-0.045623779296875,0.04608154296875,0.088653564453125,0.127105712890625,0.1129150390625,0.117034912109375,0.086517333984375,0.1165771484375,0.1153564453125,0.152587890625,0.094451904296875,1.306915283203125,2.09716796875,-0.37322998046875,2.25311279296875,2.5354671478271484
680,0.34,-0.0,-0.0,-0.0,-0.0,-0.0,-0.0,-5.099911212921143,2.8521728515625,-621.6891479492188,-171937.171875,59813.234375,-265.8326110839844,-0.0,-0.0,-0.0,-0.0,-0.0,-0.0,-0.0,-0.0,-0.0,-0.0,-0.0,-0.0,-0.007781982421875,-0.0063323974609375,-0.009307861328125,-0.01338958740234375,-0.0092315673828125,-0.0145721435546875,-0.006103515625,-0.023040771484375,-0.0060272216796875,-0.012054443359375,-0.02445220947265625,-0.01247406005859375,-0.02124786376953125,-0.00820159912109375,-0.0031280517578125,-0.025177001953125,0.096435546875,0.312652587890625,0.15228271484375,0.112152099609375,0.15716552734375,0.1129150390625,0.11505126953125,0.096893310546875,0.0836181640625,0.234375,0.101470947265625,0.0885009765625,-0.03631591796875,-0.42205810546875,0.0762939453125,-1.07025146484375,-2.95245099067688
681,0.3405,-0.0,-0.0,-0.0,-0.0,-0.0,-0.0,-5.352630615234375,2.5189058780670166,-621.79638671875,-171850.515625,59634.390625,-201.28399658203125,-0.0,-0.0,-0.0,-0.0,-0.0,-0.0,-0.0,-0.0,-0.0,-0.0,-0.0,-0.0,-0.0055694580078125,-0.00457763671875,-0.0069427490234375,-0.0081634521484375,-0.0072479248046875,-0.01003265380859375,-0.0083160400390625,-0.01544952392578125,-0.0045013427734375,-0.0115966796875,-0.0218963623046875,-0.0054931640625,-0.01529693603515625,-0.0045013427734375,-0.0028228759765625,-0.0139617919921875,0.168304443359375,0.17486572265625,0.1165771484375,0.105133056640625,0.108489990234375,0.089569091796875,0.1025390625,0.04241943359375,0.095672607421875,0.115966796875,0.073699951171875,0.063629150390625,-1.100311279296875,-2.0343017578125,0.5218505859375,-2.090911865234375,0.09639240801334381
682,0.341,-0.0,-0.0,-0.0,-0.0,-0.0,-0.0,-6.06998348236084,2.7862415313720703,-623.531982421875,-172004.390625,59488.85546875,11.417473793029785,-0.0,-0.0,-0.0,-0.0,-0.0,-0.0,-0.0,-0.0,-0.0,-0.0,-0.0,-0.0,0.00797271728515625,0.00766754150390625,0.012664794921875,0.014495849609375,0.0102996826171875,0.014190673828125,0.00904083251953125,0.020751953125,0.00537872314453125,0.00965118408203125,0.027618408203125,0.00965118408203125,0.02300262451171875,0.0089263916015625,0.005950927734375,0.0244140625,0.097503662109375,0.001068115234375,0.117340087890625,0.114288330078125,0.08697509765625,0.0958251953125,0.07659912109375,0.100860595703125,0.089111328125,0.084991455078125,0.0830078125,0.0872802734375,0.169830322265625,0.91796875,0.24871826171875,1.2750244140625,10.157575607299805
683,0.3415,-0.0,-0.0,-0.0,-0.0,-0.0,-0.0,-5.71286153793335,2.941303253173828,-623.6509399414062,-172453.09375,59363.8203125,-106.64718627929688,-0.0,-0.0,-0.0,-0.0,-0.0,-0.0,-0.0,-0.0,-0.0,-0.0,-0.0,-0.0,0.00728607177734375,0.0052642822265625,0.00759124755859375,0.00812530517578125,0.00682830810546875,0.007476806640625,0.00461578369140625,0.0130462646484375,0.0043487548828125,0.00934600830078125,0.023193359375,0.00545501708984375,0.015411376953125,0.00782012939453125,0.003662109375,0.01556396484375,-0.1104736328125,0.25909423828125,0.108184814453125,0.117340087890625,0.099029541015625,0.09979248046875,0.135345458984375,0.087890625,0.111083984375,0.098419189453125,0.063934326171875,0.07659912109375,1.01348876953125,2.30804443359375,-0.52459716796875,2.057952880859375,5.279426097869873
684,0.342,-0.0,-0.0,-0.0,-0.0,-0.0,-0.0,-6.066314697265625,2.8982653617858887,-624.4342651367188,-172718.078125,59227.94140625,-106.51091766357422,-0.0,-0.0,-0.0,-0.0,-0.0,-0.0,-0.0,-0.0,-0.0,-0.0,-0.0,-0.0,-0.0072479248046875,-0.0057220458984375,-0.0121307373046875,-0.01308441162109375,-0.01148223876953125,-0.0115203857421875,-0.01163482666015625,-0.01987457275390625,-0.0057220458984375,-0.0102996826171875,-0.0267791748046875,-0.0118255615234375,-0.02079010009765625,-0.007171630859375,-0.00713348388671875,-0.0238800048828125,0.37322998046875,-0.12420654296875,-0.063323974609375,0.085906982421875,0.081634521484375,0.07476806640625,0.117034912109375,0.07781982421875,0.110015869140625,0.04669189453125,0.13580322265625,0.11077880859375,-0.169830322265625,-0.7708740234375,-0.0177001953125,-1.131591796875,-0.5133762359619141
685,0.3425,-0.0,-0.0,-0.0,-0.0,-0.0,-0.0,-5.686461448669434,2.4525022506713867,-626.8831787109375,-172744.859375,58898.75,-243.7216796875,-0.0,-0.0,-0.0,-0.0,-0.0,-0.0,-0.0,-0.0,-0.0,-0.0,-0.0,-0.0,-0.006103515625,-0.00469207763671875,-0.00614166259765625,-0.009918212890625,-0.00522613525390625,-0.00896453857421875,-0.0052642822265625,-0.01262664794921875,-0.00278472900390625,-0.0084686279296875,-0.022125244140625,-0.00396728515625,-0.01434326171875,-0.00553131103515625,-0.00255584716796875,-0.01621246337890625,-0.084686279296875,0.102386474609375,0.17303466796875,0.12481689453125,0.137176513671875,0.153045654296875,0.044403076171875,0.141143798828125,0.0592041015625,0.131378173828125,0.15655517578125,0.106201171875,-0.9869384765625,-2.0318603515625,0.47576904296875,-2.06634521484375,-1.1231448650360107
686,0.343,-0.0,-0.0,-0.0,-0.0,-0.0,-0.0,-5.283844947814941,2.4956512451171875,-626.7227783203125,-172810.9375,58551.87890625,-396.8545837402344,-0.0,-0.0,-0.0,-0.0,-0.0,-0.0,-0.0,-0.0,-0.0,-0.0,-0.0,-0.0,0.0066375732421875,0.0066375732421875,0.01071929931640625,0.0150299072265625,0.010833740234375,0.01373291015625,0.01129150390625,0.0211334228515625,0.00804901123046875,0.00980377197265625,0.028533935546875,0.01506805419921875,0.02349853515625,0.00885009765625,0.0057220458984375,0.02391815185546875,0.05859375,0.10009765625,0.142059326171875,0.100250244140625,0.077362060546875,0.10986328125,0.106964111328125,0.1190185546875,0.08270263671875,0.122833251953125,0.1141357421875,0.106964111328125,0.077667236328125,0.965576171875,0.45684814453125,1.584014892578125,11.681997299194336
687,0.3435,-0.0,-0.0,-0.0,-0.0,-0.0,-0.0,-4.591007709503174,2.0728368759155273,-626.6405029296875,-173146.0,58252.75,-545.2462158203125,-0.0,-0.0,-0.0,-0.0,-0.0,-0.0,-0.0,-0.0,-0.0,-0.0,-0.0,-0.0,0.0070953369140625,0.0052642822265625,0.0060272216796875,0.00762939453125,0.0051116943359375,0.0096893310546875,0.00675201416015625,0.012969970703125,0.00400543212890625,0.01155853271484375,0.0223541259765625,0.005340576171875,0.01575469970703125,0.0072479248046875,0.00232696533203125,0.01522064208984375,0.147247314453125,0.12725830078125,0.120391845703125,0.075836181640625,0.104522705078125,0.076751708984375,0.0701904296875,-0.016632080078125,0.1153564453125,0.08056640625,0.070648193359375,0.0762939453125,1.512298583984375,2.09716796875,-0.43182373046875,2.01080322265625,3.450119972229004
688,0.34400000000000003,-0.0,-0.0,-0.0,-0.0,-0.0,-0.0,-4.234499454498291,1.938086748123169,-627.6831665039062,-172648.875,57670.828125,-604.6032104492188,-0.0,-0.0,-0.0,-0.0,-0.0,-0.0,-0.0,-0.0,-0.0,-0.0,-0.0,-0.0,-0.0084686279296875,-0.006256103515625,-0.0107574462890625,-0.01216888427734375,-0.01094818115234375,-0.0122833251953125,-0.011138916015625,-0.0199127197265625,-0.00789642333984375,-0.0115966796875,-0.02750396728515625,-0.0136566162109375,-0.02208709716796875,-0.00926971435546875,-0.00640869140625,-0.02414703369140625,0.043487548828125,0.197296142578125,0.115509033203125,0.086212158203125,0.1715087890625,0.0909423828125,0.086822509765625,0.11383056640625,0.118865966796875,0.06866455078125,0.074615478515625,0.126800537109375,-0.186004638671875,-0.77301025390625,0.01251220703125,-1.328887939453125,-2.0377979278564453
689,0.34450000000000003,-0.0,-0.0,-0.0,-0.0,-0.0,-0.0,-3.858771800994873,1.5833148956298828,-626.18798828125,-172979.203125,57366.359375,-809.0496215820312,-0.0,-0.0,-0.0,-0.0,-0.0,-0.0,-0.0,-0.0,-0.0,-0.0,-0.0,-0.0,-0.005950927734375,-0.00530242919921875,-0.0072479248046875,-0.00850677490234375,-0.00713348388671875,-0.0099945068359375,-0.0066375732421875,-0.0133514404296875,-0.00286102294921875,-0.0090789794921875,-0.022125244140625,-0.006103515625,-0.01190185546875,-0.00469207763671875,-0.00095367431640625,-0.0150299072265625,0.205230712890625,-0.14007568359375,-0.00274658203125,0.08514404296875,-0.055084228515625,0.083770751953125,0.111236572265625,0.0531005859375,0.12786865234375,0.09063720703125,0.10040283203125,0.123291015625,-1.055755615234375,-1.8896484375,0.53253173828125,-1.838836669921875,0.09639240801334381
690,0.34500000000000003,-0.0,-0.0,-0.0,-0.0,-0.0,-0.0,-2.986382484436035,1.4925729036331177,-628.39111328125,-172553.921875,56377.7734375,-1087.8690185546875,-0.0,-0.0,-0.0,-0.0,-0.0,-0.0,-0.0,-0.0,-0.0,-0.0,-0.0,-0.0,0.00926971435546875,0.00675201416015625,0.0118255615234375,0.01575469970703125,0.0096893310546875,0.014801025390625,0.00789642333984375,0.02140045166015625,0.0079345703125,0.01163482666015625,0.02777099609375,0.01392364501953125,0.02391815185546875,0.01056671142578125,0.00690460205078125,0.026702880859375,0.17120361328125,0.2313232421875,0.142822265625,0.08514404296875,-0.09246826171875,0.103607177734375,0.101776123046875,0.08575439453125,0.084686279296875,0.121307373046875,0.094146728515625,0.127716064453125,0.344085693359375,1.156005859375,0.23101806640625,1.40594482421875,12.291766166687012
691,0.34550000000000003,-0.0,-0.0,-0.0,-0.0,-0.0,-0.0,-1.784210205078125,1.2478256225585938,-625.0390625,-172201.515625,56047.32421875,-1306.6151123046875,-0.0,-0.0,-0.0,-0.0,-0.0,-0.0,-0.0,-0.0,-0.0,-0.0,-0.0,-0.0,0.00492095947265625,0.00606536865234375,0.00644683837890625,0.00865936279296875,0.00598907470703125,0.0096893310546875,0.00823974609375,0.01483917236328125,0.00324249267578125,0.01010894775390625,0.02147674560546875,0.00347137451171875,0.01277923583984375,0.0049591064453125,0.00247955322265625,0.014190673828125,0.0506591796875,0.124359130859375,0.06439208984375,0.07354736328125,0.20355224609375,0.07720947265625,0.098419189453125,0.084075927734375,0.10894775390625,0.08392333984375,0.09765625,0.1220703125,1.1541748046875,2.0074462890625,-0.55694580078125,2.16033935546875,3.755004405975342
692,0.34600000000000003,-0.0,-0.0,-0.0,-0.0,-0.0,-0.0,-1.4498791694641113,1.6934776306152344,-622.2205200195312,-171619.953125,55489.64453125,-1548.331298828125,-0.0,-0.0,-0.0,-0.0,-0.0,-0.0,-0.0,-0.0,-0.0,-0.0,-0.0,-0.0,-0.00823974609375,-0.0066375732421875,-0.01102447509765625,-0.0148773193359375,-0.00972747802734375,-0.01285552978515625,-0.0087738037109375,-0.02155303955078125,-0.0057220458984375,-0.011749267578125,-0.0251007080078125,-0.0141143798828125,-0.0225067138671875,-0.00946044921875,-0.007781982421875,-0.02605438232421875,0.03814697265625,0.0091552734375,0.107879638671875,0.101165771484375,0.2069091796875,0.13275146484375,0.00579833984375,0.184173583984375,0.102081298828125,-0.0238037109375,0.12908935546875,0.073089599609375,-0.245361328125,-0.82672119140625,0.096435546875,-1.2890625,-1.4280292987823486
693,0.34650000000000003,-0.0,-0.0,-0.0,-0.0,-0.0,-0.0,-0.8259614109992981,1.4715678691864014,-621.4164428710938,-171218.625,54967.11328125,-1468.03271484375,-0.0,-0.0,-0.0,-0.0,-0.0,-0.0,-0.0,-0.0,-0.0,-0.0,-0.0,-0.0,-0.0064849853515625,-0.005035400390625,-0.00713348388671875,-0.0086212158203125,-0.0057220458984375,-0.00873565673828125,-0.005340576171875,-0.01331329345703125,-0.0035858154296875,-0.0115203857421875,-0.01926422119140625,-0.00125885009765625,-0.01155853271484375,-0.00507354736328125,-0.00232696533203125,-0.0145721435546875,0.1409912109375,0.206451416015625,0.167083740234375,0.10772705078125,0.16204833984375,0.11474609375,0.11260986328125,0.17242431640625,0.095977783203125,0.096282958984375,0.094451904296875,0.0836181640625,-1.27960205078125,-1.91619873046875,0.87860107421875,-1.70257568359375,-0.5133762359619141
694,0.34700000000000003,-0.0,-0.0,-0.0,-0.0,-0.0,-0.0,-0.7131242156028748,1.3151628971099854,-617.6220703125,-170247.875,54249.65625,-1577.6107177734375,-0.0,-0.0,-0.0,-0.0,-0.0,-0.0,-0.0,-0.0,-0.0,-0.0,-0.0,-0.0,0.0054168701171875,0.008392333984375,0.01064300537109375,0.01483917236328125,0.00926971435546875,0.01369476318359375,0.01049041748046875,0.02193450927734375,0.00598907470703125,0.0140380859375,0.026397705078125,0.0128936767578125,0.01953125,0.01087188720703125,0.00354766845703125,0.02655029296875,0.1422119140625,0.12542724609375,0.067291259765625,0.095977783203125,0.07781982421875,0.0830078125,0.046234130859375,0.10101318359375,0.09368896484375,0.0872802734375,0.070953369140625,0.08514404296875,0.26611328125,1.04705810546875,-0.133056640625,1.436614990234375,0.40127673745155334
695,0.34750000000000003,-0.0,-0.0,-0.0,-0.0,-0.0,-0.0,-0.9144077897071838,1.7603250741958618,-616.4755859375,-169481.265625,53339.08984375,-1475.035888671875,-0.0,-0.0,-0.0,-0.0,-0.0,-0.0,-0.0,-0.0,-0.0,-0.0,-0.0,-0.0,0.00576019287109375,0.00339508056640625,0.00698089599609375,0.009613037109375,0.00732421875,0.009918212890625,0.0067138671875,0.01377105712890625,0.001678466796875,0.0115966796875,0.01983642578125,0.0026702880859375,0.01312255859375,0.00385284423828125,0.00278472900390625,0.013885498046875,0.04730224609375,-0.148773193359375,0.08392333984375,0.107879638671875,0.159149169921875,0.10589599609375,0.099945068359375,0.042266845703125,0.09033203125,0.12054443359375,0.118865966796875,0.086669921875,1.350555419921875,1.73004150390625,-0.84197998046875,2.16552734375,1.6208140850067139
696,0.34800000000000003,-0.0,-0.0,-0.0,-0.0,-0.0,-0.0,-0.869636058807373,1.983539342880249,-612.2352294921875,-168482.015625,52896.7578125,-1313.8189697265625,-0.0,-0.0,-0.0,-0.0,-0.0,-0.0,-0.0,-0.0,-0.0,-0.0,-0.0,-0.0,-0.00759124755859375,-0.00637054443359375,-0.01186370849609375,-0.012664794921875,-0.01129150390625,-0.01308441162109375,-0.01033782958984375,-0.0220489501953125,-0.00606536865234375,-0.011749267578125,-0.02529144287109375,-0.01140594482421875,-0.02208709716796875,-0.0098419189453125,-0.0054931640625,-0.02437591552734375,0.1715087890625,0.19561767578125,0.142669677734375,0.1123046875,0.069732666015625,0.113067626953125,0.109100341796875,0.12115478515625,0.074920654296875,0.113677978515625,0.1141357421875,0.084686279296875,-0.144805908203125,-0.66864013671875,0.37384033203125,-1.15325927734375,-1.4280292987823486
697,0.34850000000000003,-0.0,-0.0,-0.0,-0.0,-0.0,-0.0,-0.1335391104221344,2.028407573699951,-611.0933837890625,-167489.15625,52143.6875,-1350.8756103515625,-0.0,-0.0,-0.0,-0.0,-0.0,-0.0,-0.0,-0.0,-0.0,-0.0,-0.0,-0.0,-0.00438690185546875,-0.00553131103515625,-0.0066375732421875,-0.0079345703125,-0.007171630859375,-0.00804901123046875,-0.00751495361328125,-0.01312255859375,-0.003509521484375,-0.0084686279296875,-0.01979827880859375,-0.0019073486328125,-0.01308441162109375,-0.00652313232421875,-0.0012969970703125,-0.0141143798828125,0.094146728515625,0.08270263671875,0.04119873046875,0.10284423828125,-0.126800537109375,0.09521484375,0.13427734375,0.085601806640625,0.095977783203125,0.105743408203125,0.127716064453125,0.10955810546875,-0.723876953125,-1.66290283203125,0.80322265625,-2.076416015625,-0.5133762359619141
698,0.34900000000000003,-0.0,-0.0,-0.0,-0.0,-0.0,-0.0,-0.24552272260189056,2.1627676486968994,-607.4786987304688,-166653.96875,51502.05078125,-1570.2313232421875,-0.0,-0.0,-0.0,-0.0,-0.0,-0.0,-0.0,-0.0,-0.0,-0.0,-0.0,-0.0,0.00732421875,0.0102996826171875,0.01155853271484375,0.01422882080078125,0.01171112060546875,0.0144195556640625,0.01163482666015625,0.02040863037109375,0.00789642333984375,0.01247406005859375,0.02857208251953125,0.01110076904296875,0.0220489501953125,0.0104522705078125,0.00453948974609375,0.02643585205078125,-0.0213623046875,0.1397705078125,0.164947509765625,0.1092529296875,0.153350830078125,0.116119384765625,0.0897216796875,0.1104736328125,0.083160400390625,0.10589599609375,0.093841552734375,0.102691650390625,0.535888671875,1.05987548828125,-0.06378173828125,1.41143798828125,9.24292278289795
699,0.34950000000000003,-0.0,-0.0,-0.0,-0.0,-0.0,-0.0,0.11124926805496216,2.06990909576416,-602.878173828125,-165668.546875,51152.20703125,-1489.319580078125,-0.0,-0.0,-0.0,-0.0,-0.0,-0.0,-0.0,-0.0,-0.0,-0.0,-0.0,-0.0,0.00621795654296875,0.00408172607421875,0.00827789306640625,0.00766754150390625,0.00720977783203125,0.00896453857421875,0.007171630859375,0.01331329345703125,0.0026702880859375,0.0104522705078125,0.02048492431640625,0.000762939453125,0.01148223876953125,0.00591278076171875,0.002593994140625,0.01270294189453125,0.194244384765625,0.236053466796875,0.086669921875,0.098724365234375,0.06439208984375,0.09429931640625,0.08819580078125,0.10711669921875,0.08331298828125,0.0958251953125,0.09063720703125,0.08636474609375,1.16485595703125,1.9549560546875,-0.8306884765625,2.252197265625,4.364773273468018
700,0.35000000000000003,-0.0,-0.0,-0.0,-0.0,-0.0,-0.0,0.19760316610336304,2.8521728515625,-602.5250244140625,-165007.59375,50243.49609375,-1481.4002685546875,-0.0,-0.0,-0.0,-0.0,-0.0,-0.0,-0.0,-0.0,-0.0,-0.0,-0.0,-0.0,-0.008087158203125,-0.00774383544921875,-0.01163482666015625,-0.0152587890625,-0.0112152099609375,-0.0133514404296875,-0.0103759765625,-0.02231597900390625,-0.0067901611328125,-0.01251220703125,-0.0238800048828125,-0.01026153564453125,-0.01758575439453125,-0.01026153564453125,-0.00286102294921875,-0.026092529296875,0.273895263671875,0.117034912109375,0.11505126953125,0.112762451171875,0.15594482421875,0.116119384765625,0.10040283203125,0.12420654296875,0.102996826171875,0.08880615234375,0.07904052734375,0.0927734375,-0.178375244140625,-0.7958984375,0.4278564453125,-0.996246337890625,-1.732913613319397
701,0.35050000000000003,-0.0,-0.0,-0.0,-0.0,-0.0,-0.0,0.8231857419013977,2.7160656452178955,-600.4122314453125,-164527.203125,49912.87890625,-1606.8148193359375,-0.0,-0.0,-0.0,-0.0,-0.0,-0.0,-0.0,-0.0,-0.0,-0.0,-0.0,-0.0,-0.00392913818359375,-0.0055694580078125,-0.00537872314453125,-0.00835418701171875,-0.00560760498046875,-0.00888824462890625,-0.00949859619140625,-0.01338958740234375,-0.00335693359375,-0.0098419189453125,-0.0194549560546875,-0.00560760498046875,-0.01201629638671875,-0.00392913818359375,0.0,-0.013580322265625,0.030364990234375,0.0982666015625,0.108184814453125,0.128173828125,0.09735107421875,0.11566162109375,-0.01556396484375,0.113525390625,0.06195068359375,0.020751953125,0.110015869140625,0.096282958984375,-0.974578857421875,-1.65130615234375,0.572509765625,-2.015228271484375,-0.8182606101036072
702,0.35100000000000003,-0.0,-0.0,-0.0,-0.0,-0.0,-0.0,0.9594981074333191,3.658224105834961,-597.7532348632812,-164057.4375,48944.69140625,-1678.3421630859375,-0.0,-0.0,-0.0,-0.0,-0.0,-0.0,-0.0,-0.0,-0.0,-0.0,-0.0,-0.0,0.00926971435546875,0.007171630859375,0.01316070556640625,0.015869140625,0.011749267578125,0.0141143798828125,0.0086212158203125,0.02452850341796875,0.0046539306640625,0.01285552978515625,0.02452850341796875,0.01186370849609375,0.02117156982421875,0.0101470947265625,0.0037384033203125,0.02780914306640625,-0.035858154296875,0.108184814453125,0.103912353515625,0.118865966796875,0.050811767578125,0.11077880859375,0.11322021484375,0.1416015625,0.065460205078125,0.0897216796875,0.125885009765625,0.11383056640625,0.5975341796875,0.95001220703125,-0.1019287109375,1.72515869140625,8.023386001586914
703,0.35150000000000003,-0.0,-0.0,-0.0,-0.0,-0.0,-0.0,1.4534547328948975,3.2304370403289795,-596.9602661132812,-163629.15625,48533.5703125,-1648.82861328125,-0.0,-0.0,-0.0,-0.0,-0.0,-0.0,-0.0,-0.0,-0.0,-0.0,-0.0,-0.0,0.0061798095703125,0.00553131103515625,0.0066375732421875,0.00827789306640625,0.006256103515625,0.00782012939453125,0.0063323974609375,0.01117706298828125,0.00400543212890625,0.007171630859375,0.0213623046875,0.00415802001953125,0.01373291015625,0.0057220458984375,0.00141143798828125,0.0146484375,0.045318603515625,0.21087646484375,0.101776123046875,0.0665283203125,0.100860595703125,0.06988525390625,0.12176513671875,0.09490966796875,0.078277587890625,0.1458740234375,0.077972412109375,0.11627197265625,1.085357666015625,1.8634033203125,-0.65277099609375,2.098388671875,3.755004405975342
704,0.352,-0.0,-0.0,-0.0,-0.0,-0.0,-0.0,2.0952253341674805,3.406186819076538,-598.4016723632812,-163337.375,48367.3203125,-1825.7615966796875,-0.0,-0.0,-0.0,-0.0,-0.0,-0.0,-0.0,-0.0,-0.0,-0.0,-0.0,-0.0,-0.0070953369140625,-0.008087158203125,-0.0112152099609375,-0.0148773193359375,-0.009918212890625,-0.0140380859375,-0.00888824462890625,-0.0225830078125,-0.005645751953125,-0.01129150390625,-0.02490997314453125,-0.0098419189453125,-0.023193359375,-0.01010894775390625,-0.004730224609375,-0.02758026123046875,0.180816650390625,-0.05279541015625,0.042266845703125,0.056304931640625,0.0909423828125,0.061492919921875,0.03570556640625,0.04852294921875,0.128021240234375,0.113983154296875,0.0994873046875,0.09674072265625,-0.164337158203125,-0.55877685546875,0.26031494140625,-1.48651123046875,-0.8182606101036072
705,0.3525,-0.0,-0.0,-0.0,-0.0,-0.0,-0.0,2.3654658794403076,3.3709096908569336,-593.77001953125,-163520.34375,48085.4296875,-1892.388916015625,-0.0,-0.0,-0.0,-0.0,-0.0,-0.0,-0.0,-0.0,-0.0,-0.0,-0.0,-0.0,-0.0072479248046875,-0.00518798828125,-0.00614166259765625,-0.0069427490234375,-0.005340576171875,-0.00766754150390625,-0.0069427490234375,-0.0107574462890625,-0.00324249267578125,-0.0089263916015625,-0.0209808349609375,-0.006561279296875,-0.014190673828125,-0.0054168701171875,-0.00244140625,-0.014801025390625,0.121307373046875,0.167236328125,0.14739990234375,0.090179443359375,0.07598876953125,0.0921630859375,0.10284423828125,0.10498046875,0.0762939453125,-0.057830810546875,0.1043701171875,0.095367431640625,-1.06903076171875,-1.7724609375,0.50567626953125,-1.7974853515625,-1.732913613319397
706,0.353,-0.0,-0.0,-0.0,-0.0,-0.0,-0.0,2.787079095840454,3.048973321914673,-596.3502197265625,-163246.65625,47730.828125,-1994.7030029296875,-0.0,-0.0,-0.0,-0.0,-0.0,-0.0,-0.0,-0.0,-0.0,-0.0,-0.0,-0.0,0.00858306884765625,0.0066375732421875,0.0106048583984375,0.014801025390625,0.01064300537109375,0.01567840576171875,0.008392333984375,0.0244140625,0.00701904296875,0.01312255859375,0.02716064453125,0.01346588134765625,0.0232696533203125,0.01026153564453125,0.0045013427734375,0.02811431884765625,0.128173828125,0.016632080078125,0.09002685546875,0.079498291015625,0.048675537109375,0.086517333984375,0.091705322265625,0.0640869140625,0.1068115234375,0.023956298828125,0.07568359375,0.10833740234375,0.40283203125,1.05560302734375,-0.03143310546875,1.59820556640625,9.547806739807129
707,0.3535,-0.0,-0.0,-0.0,-0.0,-0.0,-0.0,2.9654300212860107,2.8736367225646973,-595.8995971679688,-163282.515625,47172.3515625,-2089.7265625,-0.0,-0.0,-0.0,-0.0,-0.0,-0.0,-0.0,-0.0,-0.0,-0.0,-0.0,-0.0,0.005340576171875,0.003814697265625,0.0054168701171875,0.00850677490234375,0.00675201416015625,0.0098419189453125,0.0072479248046875,0.0135040283203125,0.0037384033203125,0.01018524169921875,0.021820068359375,0.00461578369140625,0.01239776611328125,0.0049591064453125,0.0006866455078125,0.0145721435546875,0.13214111328125,0.10406494140625,0.0274658203125,0.113372802734375,0.163116455078125,0.0860595703125,0.12359619140625,0.131683349609375,0.091094970703125,0.19805908203125,0.123291015625,0.09674072265625,1.1712646484375,1.7816162109375,-0.384521484375,2.0892333984375,11.377113342285156
708,0.354,-0.0,-0.0,-0.0,-0.0,-0.0,-0.0,2.990356683731079,2.6739120483398438,-595.0234375,-163140.765625,46885.41796875,-2134.4033203125,-0.0,-0.0,-0.0,-0.0,-0.0,-0.0,-0.0,-0.0,-0.0,-0.0,-0.0,-0.0,-0.00701904296875,-0.00736236572265625,-0.01068115234375,-0.01491546630859375,-0.0103759765625,-0.01354217529296875,-0.01186370849609375,-0.023193359375,-0.0063323974609375,-0.012054443359375,-0.0260162353515625,-0.01255035400390625,-0.0213623046875,-0.01068115234375,-0.0040435791015625,-0.02643585205078125,0.050201416015625,0.246429443359375,0.147247314453125,0.143890380859375,0.122833251953125,0.133209228515625,0.0982666015625,0.16632080078125,0.069732666015625,0.170135498046875,0.101318359375,0.087738037109375,-0.2978515625,-0.9283447265625,0.107421875,-1.395263671875,-7.830599784851074
709,0.3545,-0.0,-0.0,-0.0,-0.0,-0.0,-0.0,3.636286497116089,2.8773274421691895,-595.2924194335938,-163130.859375,46615.15234375,-2208.207275390625,-0.0,-0.0,-0.0,-0.0,-0.0,-0.0,-0.0,-0.0,-0.0,-0.0,-0.0,-0.0,-0.00720977783203125,-0.00423431396484375,-0.00743865966796875,-0.00782012939453125,-0.0060272216796875,-0.0070953369140625,-0.0048828125,-0.0116729736328125,-0.002899169921875,-0.00949859619140625,-0.01922607421875,-0.00484466552734375,-0.0162506103515625,-0.0060272216796875,-0.0026702880859375,-0.01354217529296875,0.043792724609375,0.162200927734375,0.08209228515625,0.109405517578125,0.07354736328125,0.098724365234375,0.0775146484375,0.13031005859375,0.077972412109375,0.02197265625,0.084075927734375,0.081024169921875,-0.864410400390625,-1.70318603515625,0.35736083984375,-1.960601806640625,-2.95245099067688
710,0.355,-0.0,-0.0,-0.0,-0.0,-0.0,-0.0,3.8106260299682617,2.763042449951172,-594.3853759765625,-163023.984375,46282.921875,-2279.56396484375,-0.0,-0.0,-0.0,-0.0,-0.0,-0.0,-0.0,-0.0,-0.0,-0.0,-0.0,-0.0,0.0089263916015625,0.00850677490234375,0.01270294189453125,0.01369476318359375,0.01140594482421875,0.0151824951171875,0.00911712646484375,0.0229644775390625,0.00614166259765625,0.01277923583984375,0.02590179443359375,0.0165557861328125,0.0225067138671875,0.01155853271484375,0.005340576171875,0.0279998779296875,0.14984130859375,-0.081787109375,0.057220458984375,0.070343017578125,0.126190185546875,0.074920654296875,0.096893310546875,0.09002685546875,0.12359619140625,0.0830078125,0.09674072265625,0.0860595703125,0.38970947265625,1.175537109375,0.465087890625,1.504669189453125,12.901535034179688
711,0.3555,-0.0,-0.0,-0.0,-0.0,-0.0,-0.0,4.256468772888184,3.204254388809204,-595.209716796875,-162969.734375,46102.1484375,-2205.486328125,-0.0,-0.0,-0.0,-0.0,-0.0,-0.0,-0.0,-0.0,-0.0,-0.0,-0.0,-0.0,0.00659942626953125,0.00492095947265625,0.0078582763671875,0.00942230224609375,0.007476806640625,0.00934600830078125,0.00591278076171875,0.0107574462890625,0.003814697265625,0.0086212158203125,0.02155303955078125,0.004730224609375,0.013580322265625,0.00522613525390625,0.0026702880859375,0.0160980224609375,-0.03265380859375,0.143585205078125,0.14373779296875,0.129547119140625,0.09002685546875,0.129241943359375,0.09246826171875,0.189361572265625,0.071868896484375,0.148162841796875,0.092010498046875,0.10345458984375,1.13128662109375,2.02667236328125,-0.1934814453125,1.76849365234375,4.974541664123535
712,0.356,-0.0,-0.0,-0.0,-0.0,-0.0,-0.0,4.8173675537109375,2.889744997024536,-593.0728149414062,-162744.984375,45748.96484375,-2175.076904296875,-0.0,-0.0,-0.0,-0.0,-0.0,-0.0,-0.0,-0.0,-0.0,-0.0,-0.0,-0.0,-0.00682830810546875,-0.0091552734375,-0.01125335693359375,-0.015869140625,-0.01178741455078125,-0.015411376953125,-0.01270294189453125,-0.02254486083984375,-0.00728607177734375,-0.0118255615234375,-0.02414703369140625,-0.0148773193359375,-0.019073486328125,-0.0112152099609375,-0.0020599365234375,-0.027008056640625,0.132904052734375,0.132904052734375,0.07598876953125,0.0836181640625,0.08453369140625,0.07293701171875,0.141448974609375,0.07659912109375,0.096893310546875,0.045623779296875,0.09033203125,0.112152099609375,-0.10589599609375,-0.75225830078125,-0.01007080078125,-1.333465576171875,-2.0377979278564453
713,0.3565,-0.0,-0.0,-0.0,-0.0,-0.0,-0.0,4.723159313201904,3.3759074211120605,-592.3660888671875,-162832.15625,45431.078125,-2284.560546875,-0.0,-0.0,-0.0,-0.0,-0.0,-0.0,-0.0,-0.0,-0.0,-0.0,-0.0,-0.0,-0.0052642822265625,-0.0031280517578125,-0.00583648681640625,-0.00720977783203125,-0.0063323974609375,-0.00850677490234375,-0.00675201416015625,-0.013885498046875,-0.00209808349609375,-0.0099945068359375,-0.01926422119140625,-0.0054168701171875,-0.013275146484375,-0.003509521484375,-0.00225067138671875,-0.0116729736328125,0.126953125,0.086517333984375,0.106658935546875,0.077056884765625,0.118408203125,0.0836181640625,0.043487548828125,-0.0262451171875,0.106964111328125,0.156097412109375,0.10528564453125,0.111846923828125,-0.8563232421875,-1.42608642578125,0.49224853515625,-1.83013916015625,1.6208140850067139
714,0.357,-0.0,-0.0,-0.0,-0.0,-0.0,-0.0,5.147993087768555,3.161522388458252,-589.7066650390625,-162727.984375,45134.8984375,-2375.897705078125,-0.0,-0.0,-0.0,-0.0,-0.0,-0.0,-0.0,-0.0,-0.0,-0.0,-0.0,-0.0,0.00782012939453125,0.00896453857421875,0.01224517822265625,0.0174713134765625,0.0115203857421875,0.01556396484375,0.01155853271484375,0.023040771484375,0.0072479248046875,0.01178741455078125,0.02628326416015625,0.0157928466796875,0.0234222412109375,0.009765625,0.00553131103515625,0.02628326416015625,0.04638671875,0.226593017578125,0.11993408203125,0.10040283203125,0.08819580078125,0.095977783203125,0.146636962890625,0.092010498046875,0.111083984375,0.107574462890625,0.078887939453125,0.14404296875,0.367431640625,1.0211181640625,0.263671875,1.8267822265625,9.852691650390625
715,0.3575,-0.0,-0.0,-0.0,-0.0,-0.0,-0.0,5.751328468322754,3.2141880989074707,-590.3294067382812,-162180.046875,45392.296875,-2174.64111328125,-0.0,-0.0,-0.0,-0.0,-0.0,-0.0,-0.0,-0.0,-0.0,-0.0,-0.0,-0.0,0.0048828125,0.0038909912109375,0.0070953369140625,0.0086212158203125,0.0072479248046875,0.00980377197265625,0.00640869140625,0.01148223876953125,0.00125885009765625,0.0083160400390625,0.0176239013671875,0.0034332275390625,0.01293182373046875,0.005340576171875,0.0029754638671875,0.01338958740234375,0.08514404296875,-0.113677978515625,0.07110595703125,0.0726318359375,0.11322021484375,0.1116943359375,0.107421875,0.098419189453125,0.1214599609375,0.1190185546875,0.096282958984375,0.110626220703125,0.84014892578125,1.74774169921875,-0.5914306640625,1.884307861328125,4.974541664123535
716,0.358,-0.0,-0.0,-0.0,-0.0,-0.0,-0.0,5.620262145996094,2.7213895320892334,-589.6455078125,-162293.09375,45117.1875,-2305.47705078125,-0.0,-0.0,-0.0,-0.0,-0.0,-0.0,-0.0,-0.0,-0.0,-0.0,-0.0,-0.0,-0.0106048583984375,-0.0089263916015625,-0.01094818115234375,-0.0151824951171875,-0.0101470947265625,-0.01369476318359375,-0.009918212890625,-0.02269744873046875,-0.007171630859375,-0.01232147216796875,-0.026397705078125,-0.013275146484375,-0.02277374267578125,-0.0090789794921875,-0.00774383544921875,-0.0266265869140625,0.1959228515625,0.00732421875,0.072784423828125,0.102996826171875,0.098876953125,0.097808837890625,0.081939697265625,0.133514404296875,0.105133056640625,0.0067138671875,0.111541748046875,0.07232666015625,-0.590667724609375,-1.09771728515625,-0.12664794921875,-1.33880615234375,-2.647566556930542
717,0.3585,-0.0,-0.0,-0.0,-0.0,-0.0,-0.0,6.464735984802246,2.228260040283203,-588.72705078125,-162407.78125,45006.88671875,-2462.9365234375,-0.0,-0.0,-0.0,-0.0,-0.0,-0.0,-0.0,-0.0,-0.0,-0.0,-0.0,-0.0,-0.0058746337890625,-0.00431060791015625,-0.00728607177734375,-0.00713348388671875,-0.0061798095703125,-0.00782012939453125,-0.0037384033203125,-0.01049041748046875,-0.00186920166015625,-0.00995635986328125,-0.01949310302734375,-0.0009918212890625,-0.01346588134765625,-0.00415802001953125,-0.0041961669921875,-0.0142669677734375,0.072021484375,0.201568603515625,0.136566162109375,0.093841552734375,0.109405517578125,0.102386474609375,0.155487060546875,0.142974853515625,0.100250244140625,0.203857421875,0.08636474609375,0.08575439453125,-1.288299560546875,-1.661376953125,1.00830078125,-1.64520263671875,1.9256983995437622
718,0.359,-0.0,-0.0,-0.0,-0.0,-0.0,-0.0,7.267464637756348,1.535904884338379,-589.6718139648438,-162149.71875,44773.984375,-2637.032958984375,-0.0,-0.0,-0.0,-0.0,-0.0,-0.0,-0.0,-0.0,-0.0,-0.0,-0.0,-0.0,0.009307861328125,0.00904083251953125,0.01247406005859375,0.0153350830078125,0.0106048583984375,0.01617431640625,0.00926971435546875,0.0244903564453125,0.00530242919921875,0.0179290771484375,0.02689361572265625,0.0164794921875,0.02288818359375,0.0116729736328125,0.00583648681640625,0.0272369384765625,0.20294189453125,-0.00213623046875,0.11383056640625,0.104522705078125,0.10467529296875,0.0897216796875,0.035400390625,0.120086669921875,0.087127685546875,0.084075927734375,0.0897216796875,0.05706787109375,0.94024658203125,1.24420166015625,0.1141357421875,1.83441162109375,11.377113342285156
719,0.3595,-0.0,-0.0,-0.0,-0.0,-0.0,-0.0,6.869209289550781,1.6381781101226807,-587.1486206054688,-162030.984375,45033.63671875,-2596.143310546875,-0.0,-0.0,-0.0,-0.0,-0.0,-0.0,-0.0,-0.0,-0.0,-0.0,-0.0,-0.0,0.0069427490234375,0.0055694580078125,0.00560760498046875,0.0079345703125,0.00469207763671875,0.00919342041015625,0.00286102294921875,0.0101470947265625,0.00274658203125,0.0083160400390625,0.02002716064453125,0.00202178955078125,0.014801025390625,0.0048828125,0.0028228759765625,0.013275146484375,0.066986083984375,0.020904541015625,0.03753662109375,0.110931396484375,0.1092529296875,0.09735107421875,0.097808837890625,0.114288330078125,0.0970458984375,0.134735107421875,0.11260986328125,0.07843017578125,1.114349365234375,1.683349609375,-0.535888671875,1.75048828125,5.279426097869873
720,0.36,-0.0,-0.0,-0.0,-0.0,-0.0,-0.0,6.979001045227051,0.8981840014457703,-585.7353515625,-162298.5,44826.2578125,-2572.04296875,-0.0,-0.0,-0.0,-0.0,-0.0,-0.0,-0.0,-0.0,-0.0,-0.0,-0.0,-0.0,-0.008392333984375,-0.006561279296875,-0.01178741455078125,-0.01461029052734375,-0.0116729736328125,-0.01434326171875,-0.0089263916015625,-0.02254486083984375,-0.00598907470703125,-0.014495849609375,-0.02521514892578125,-0.01373291015625,-0.023651123046875,-0.0122833251953125,-0.00621795654296875,-0.02750396728515625,0.07598876953125,0.41259765625,0.109710693359375,0.1202392578125,0.085601806640625,0.12908935546875,0.130462646484375,0.128936767578125,0.078582763671875,0.187530517578125,0.099639892578125,0.113372802734375,-0.63140869140625,-0.6329345703125,0.155029296875,-1.40594482421875,-5.696409702301025
721,0.3605,-0.0,-0.0,-0.0,-0.0,-0.0,-0.0,6.540082931518555,0.7202543020248413,-585.1094360351562,-162184.375,44727.55078125,-2520.203125,-0.0,-0.0,-0.0,-0.0,-0.0,-0.0,-0.0,-0.0,-0.0,-0.0,-0.0,-0.0,-0.00461578369140625,-0.00469207763671875,-0.0049591064453125,-0.0057220458984375,-0.00400543212890625,-0.0060272216796875,-0.00522613525390625,-0.01018524169921875,-0.0018310546875,-0.00782012939453125,-0.019989013671875,-0.00446319580078125,-0.01361846923828125,-0.00537872314453125,-0.00186920166015625,-0.01232147216796875,0.234832763671875,0.18035888671875,0.101776123046875,0.116729736328125,0.09765625,0.100860595703125,0.11260986328125,0.086669921875,0.084381103515625,0.074310302734375,0.09368896484375,0.13214111328125,-0.6573486328125,-1.74285888671875,0.62255859375,-1.491241455078125,-0.8182606101036072
722,0.361,-0.0,-0.0,-0.0,-0.0,-0.0,-0.0,6.361828804016113,0.24696697294712067,-585.9549560546875,-161933.609375,44880.875,-2471.107666015625,-0.0,-0.0,-0.0,-0.0,-0.0,-0.0,-0.0,-0.0,-0.0,-0.0,-0.0,-0.0,0.0092315673828125,0.0084686279296875,0.01186370849609375,0.015411376953125,0.01171112060546875,0.0135040283203125,0.01293182373046875,0.02262115478515625,0.00782012939453125,0.01434326171875,0.0252532958984375,0.01316070556640625,0.021209716796875,0.013427734375,0.0049591064453125,0.02742767333984375,0.0323486328125,0.012359619140625,0.11199951171875,0.07904052734375,0.127410888671875,0.106201171875,0.061492919921875,0.106353759765625,0.0830078125,0.27435302734375,0.1019287109375,0.1226806640625,0.898895263671875,0.97259521484375,-0.25360107421875,1.52862548828125,11.681997299194336
723,0.3615,-0.0,-0.0,-0.0,-0.0,-0.0,-0.0,6.107059955596924,-0.5628501176834106,-584.0789794921875,-161750.875,44869.53125,-2429.058349609375,-0.0,-0.0,-0.0,-0.0,-0.0,-0.0,-0.0,-0.0,-0.0,-0.0,-0.0,-0.0,0.0048065185546875,0.00278472900390625,0.007171630859375,0.00804901123046875,0.00640869140625,0.00690460205078125,0.00263214111328125,0.0109100341796875,0.003204345703125,0.00461578369140625,0.01628875732421875,0.00377655029296875,0.013580322265625,0.00698089599609375,0.00335693359375,0.0135040283203125,0.021514892578125,0.031280517578125,0.096893310546875,0.08087158203125,0.102996826171875,0.0885009765625,0.08056640625,0.113372802734375,0.090484619140625,0.106201171875,0.1007080078125,0.09521484375,0.357513427734375,1.62872314453125,-0.2178955078125,1.71295166015625,6.1940789222717285
724,0.362,-0.0,-0.0,-0.0,-0.0,-0.0,-0.0,6.151339054107666,-0.5550538301467896,-584.04736328125,-161742.078125,45011.51171875,-2393.171142578125,-0.0,-0.0,-0.0,-0.0,-0.0,-0.0,-0.0,-0.0,-0.0,-0.0,-0.0,-0.0,-0.00804901123046875,-0.0069427490234375,-0.01277923583984375,-0.01499176025390625,-0.01056671142578125,-0.0128173828125,-0.0112152099609375,-0.02155303955078125,-0.00591278076171875,-0.0081634521484375,-0.0241851806640625,-0.0138092041015625,-0.02109527587890625,-0.012054443359375,-0.00469207763671875,-0.02895355224609375,0.013427734375,0.275115966796875,0.07965087890625,0.106353759765625,0.101165771484375,0.102386474609375,0.090179443359375,0.1007080078125,0.087127685546875,0.076904296875,0.10406494140625,0.092315673828125,0.177001953125,-0.6494140625,0.1654052734375,-1.288909912109375,-1.1231448650360107
725,0.3625,-0.0,-0.0,-0.0,-0.0,-0.0,-0.0,5.810642242431641,-0.8104411959648132,-584.1923828125,-161723.890625,44913.9296875,-2256.447265625,-0.0,-0.0,-0.0,-0.0,-0.0,-0.0,-0.0,-0.0,-0.0,-0.0,-0.0,-0.0,-0.0043487548828125,-0.002288818359375,-0.00637054443359375,-0.00789642333984375,-0.004119873046875,-0.00705718994140625,-0.006866455078125,-0.0136566162109375,-0.00324249267578125,-0.0089263916015625,-0.018157958984375,-0.0025177001953125,-0.01033782958984375,-0.0041961669921875,-0.0018310546875,-0.0124359130859375,0.200653076171875,0.022735595703125,0.082550048828125,0.105743408203125,0.072784423828125,0.079498291015625,0.1068115234375,0.08514404296875,0.10040283203125,0.001373291015625,0.1043701171875,0.077667236328125,-0.824737548828125,-1.6790771484375,0.39337158203125,-1.506500244140625,0.09639240801334381
726,0.363,-0.0,-0.0,-0.0,-0.0,-0.0,-0.0,5.064847946166992,-1.0695648193359375,-582.6329956054688,-161579.46875,44914.296875,-2065.0966796875,-0.0,-0.0,-0.0,-0.0,-0.0,-0.0,-0.0,-0.0,-0.0,-0.0,-0.0,-0.0,0.007781982421875,0.0098419189453125,0.01140594482421875,0.017242431640625,0.0116729736328125,0.0142669677734375,0.01117706298828125,0.02201080322265625,0.0080108642578125,0.01209259033203125,0.025482177734375,0.014495849609375,0.0225067138671875,0.01216888427734375,0.0048065185546875,0.02803802490234375,0.07659912109375,0.215911865234375,0.11138916015625,0.117034912109375,0.10894775390625,0.091400146484375,0.1092529296875,0.100555419921875,0.0897216796875,0.146942138671875,0.09124755859375,0.081024169921875,0.570068359375,1.0882568359375,-0.00640869140625,1.84478759765625,7.71850061416626
727,0.3635,-0.0,-0.0,-0.0,-0.0,-0.0,-0.0,5.243339538574219,-1.1297516822814941,-583.6122436523438,-161582.703125,44931.22265625,-2078.401123046875,-0.0,-0.0,-0.0,-0.0,-0.0,-0.0,-0.0,-0.0,-0.0,-0.0,-0.0,-0.0,0.0040435791015625,0.002899169921875,0.00579833984375,0.00682830810546875,0.0037384033203125,0.00850677490234375,0.00579833984375,0.01312255859375,0.004730224609375,0.00995635986328125,0.01987457275390625,0.000457763671875,0.0110626220703125,0.00354766845703125,0.00125885009765625,0.01247406005859375,0.04974365234375,-0.13885498046875,0.088348388671875,0.085601806640625,0.1287841796875,0.09918212890625,0.018310546875,0.0701904296875,0.095977783203125,0.203399658203125,0.1068115234375,0.1165771484375,1.0614013671875,1.849365234375,-0.592041015625,1.583099365234375,3.145235776901245
728,0.364,-0.0,-0.0,-0.0,-0.0,-0.0,-0.0,5.341716766357422,-2.1573352813720703,-581.6513671875,-161215.15625,45104.78125,-2104.92529296875,-0.0,-0.0,-0.0,-0.0,-0.0,-0.0,-0.0,-0.0,-0.0,-0.0,-0.0,-0.0,-0.00789642333984375,-0.0072479248046875,-0.01262664794921875,-0.01575469970703125,-0.01186370849609375,-0.01438140869140625,-0.011138916015625,-0.0238800048828125,-0.00690460205078125,-0.01220703125,-0.0246429443359375,-0.00896453857421875,-0.02094268798828125,-0.00865936279296875,-0.00621795654296875,-0.02651214599609375,0.180816650390625,-0.009613037109375,0.133209228515625,0.10894775390625,0.109100341796875,0.131072998046875,0.133819580078125,0.159759521484375,0.092620849609375,0.19500732421875,0.11260986328125,0.09979248046875,-0.42572021484375,-0.7916259765625,0.41015625,-1.29608154296875,-3.2573351860046387
729,0.3645,-0.0,-0.0,-0.0,-0.0,-0.0,-0.0,5.183651924133301,-2.109771728515625,-578.8619384765625,-160909.28125,44897.54296875,-2020.69921875,-0.0,-0.0,-0.0,-0.0,-0.0,-0.0,-0.0,-0.0,-0.0,-0.0,-0.0,-0.0,-0.00396728515625,-0.00476837158203125,-0.005950927734375,-0.00675201416015625,-0.00667572021484375,-0.006866455078125,-0.0061798095703125,-0.0107574462890625,-0.003509521484375,-0.0084686279296875,-0.0180816650390625,-0.00148773193359375,-0.01270294189453125,-0.00415802001953125,-0.00423431396484375,-0.01148223876953125,0.0933837890625,0.118255615234375,0.1031494140625,0.089263916015625,0.07232666015625,0.10528564453125,0.074310302734375,0.0830078125,0.096588134765625,0.01922607421875,0.088043212890625,0.0555419921875,-0.654296875,-1.89453125,0.53558349609375,-1.639404296875,0.40127673745155334
730,0.365,-0.0,-0.0,-0.0,-0.0,-0.0,-0.0,4.371315002441406,-2.2679972648620605,-578.31298828125,-160802.578125,44692.51171875,-1929.72900390625,-0.0,-0.0,-0.0,-0.0,-0.0,-0.0,-0.0,-0.0,-0.0,-0.0,-0.0,-0.0,0.00881195068359375,0.008544921875,0.01247406005859375,0.01575469970703125,0.01163482666015625,0.01529693603515625,0.01064300537109375,0.02231597900390625,0.00640869140625,0.01201629638671875,0.02506256103515625,0.01277923583984375,0.02349853515625,0.01056671142578125,0.00553131103515625,0.0275421142578125,0.01983642578125,0.091400146484375,0.117950439453125,0.101318359375,0.1220703125,0.093536376953125,0.11871337890625,0.071258544921875,0.095977783203125,0.11566162109375,0.06622314453125,0.117645263671875,0.377960205078125,0.90576171875,0.01495361328125,1.833343505859375,10.4624605178833
731,0.3655,-0.0,-0.0,-0.0,-0.0,-0.0,-0.0,4.480341911315918,-2.3471245765686035,-577.3707885742188,-160003.84375,44724.51171875,-1816.0224609375,-0.0,-0.0,-0.0,-0.0,-0.0,-0.0,-0.0,-0.0,-0.0,-0.0,-0.0,-0.0,0.00461578369140625,0.00621795654296875,0.0060272216796875,0.0091552734375,0.00568389892578125,0.008087158203125,0.003204345703125,0.00804901123046875,0.0034332275390625,0.007781982421875,0.01987457275390625,0.0045013427734375,0.01201629638671875,0.00507354736328125,0.00232696533203125,0.013427734375,0.217437744140625,0.184326171875,0.02716064453125,0.094757080078125,0.113983154296875,0.0787353515625,0.16387939453125,0.07110595703125,0.0921630859375,0.093841552734375,0.098876953125,0.129852294921875,1.035614013671875,1.65557861328125,-0.203857421875,1.41632080078125,6.1940789222717285
732,0.366,-0.0,-0.0,-0.0,-0.0,-0.0,-0.0,4.549736022949219,-2.2377097606658936,-577.8056640625,-159658.0625,44696.265625,-1809.48291015625,-0.0,-0.0,-0.0,-0.0,-0.0,-0.0,-0.0,-0.0,-0.0,-0.0,-0.0,-0.0,-0.00865936279296875,-0.005950927734375,-0.01163482666015625,-0.01552581787109375,-0.01056671142578125,-0.01461029052734375,-0.0122833251953125,-0.02109527587890625,-0.00804901123046875,-0.0125885009765625,-0.025177001953125,-0.0110626220703125,-0.02117156982421875,-0.00965118408203125,-0.00591278076171875,-0.02593994140625,-0.02105712890625,0.277099609375,0.142059326171875,0.120086669921875,0.100250244140625,0.120849609375,0.0665283203125,0.1202392578125,0.05615234375,-0.01007080078125,0.13702392578125,0.048980712890625,-0.56732177734375,-0.79132080078125,0.3607177734375,-1.546630859375,-2.0377979278564453
733,0.3665,-0.0,-0.0,-0.0,-0.0,-0.0,-0.0,4.093186378479004,-2.089320659637451,-575.0184326171875,-159224.6875,44556.5078125,-1721.1083984375,-0.0,-0.0,-0.0,-0.0,-0.0,-0.0,-0.0,-0.0,-0.0,-0.0,-0.0,-0.0,-0.00431060791015625,-0.00194549560546875,-0.00446319580078125,-0.0066375732421875,-0.0054931640625,-0.00732421875,-0.0054931640625,-0.0102996826171875,-0.00354766845703125,-0.00762939453125,-0.019683837890625,-0.0038909912109375,-0.01010894775390625,-0.00370025634765625,-0.0005340576171875,-0.0138092041015625,0.07354736328125,0.149993896484375,0.110321044921875,0.096893310546875,0.084991455078125,0.1025390625,0.1129150390625,0.1068115234375,0.082244873046875,0.19866943359375,0.086212158203125,0.10406494140625,-0.8160400390625,-1.9354248046875,0.5035400390625,-1.599578857421875,-0.5133762359619141
734,0.367,-0.0,-0.0,-0.0,-0.0,-0.0,-0.0,4.471354007720947,-2.0891549587249756,-573.8827514648438,-159029.0625,44144.48828125,-1790.118408203125,-0.0,-0.0,-0.0,-0.0,-0.0,-0.0,-0.0,-0.0,-0.0,-0.0,-0.0,-0.0,0.00820159912109375,0.0115966796875,0.01232147216796875,0.01705169677734375,0.011138916015625,0.01674652099609375,0.0109100341796875,0.0243377685546875,0.00682830810546875,0.01377105712890625,0.02643585205078125,0.009307861328125,0.0197601318359375,0.01132965087890625,0.005340576171875,0.0278472900390625,0.02899169921875,-0.038604736328125,0.0701904296875,0.089874267578125,0.10040283203125,0.091705322265625,0.09185791015625,0.084686279296875,0.09918212890625,0.17181396484375,0.15228271484375,0.098724365234375,0.7879638671875,1.23992919921875,-0.4345703125,1.68487548828125,7.71850061416626
735,0.3675,-0.0,-0.0,-0.0,-0.0,-0.0,-0.0,4.638946533203125,-1.5542610883712769,-571.213134765625,-158048.203125,44355.95703125,-1646.373779296875,-0.0,-0.0,-0.0,-0.0,-0.0,-0.0,-0.0,-0.0,-0.0,-0.0,-0.0,-0.0,0.00560760498046875,0.00255584716796875,0.00583648681640625,0.007171630859375,0.00606536865234375,0.00789642333984375,0.00637054443359375,0.01270294189453125,0.00400543212890625,0.00888824462890625,0.0176239013671875,0.00377655029296875,0.0118255615234375,0.003662109375,0.0034332275390625,0.01190185546875,0.1092529296875,0.11566162109375,0.13671875,0.111541748046875,0.13397216796875,0.096893310546875,0.0811767578125,0.114288330078125,0.107421875,0.135650634765625,0.116729736328125,0.130157470703125,0.933685302734375,1.815185546875,-0.24261474609375,1.801300048828125,4.364773273468018
736,0.368,-0.0,-0.0,-0.0,-0.0,-0.0,-0.0,4.111821174621582,-1.364538550376892,-567.945556640625,-157249.296875,44074.12890625,-1610.439453125,-0.0,-0.0,-0.0,-0.0,-0.0,-0.0,-0.0,-0.0,-0.0,-0.0,-0.0,-0.0,-0.00713348388671875,-0.00888824462890625,-0.0115966796875,-0.01567840576171875,-0.00988006591796875,-0.01537322998046875,-0.01087188720703125,-0.02315521240234375,-0.0061798095703125,-0.011749267578125,-0.0260162353515625,-0.01453399658203125,-0.01956939697265625,-0.01007080078125,-0.00423431396484375,-0.0262451171875,0.149993896484375,0.110321044921875,0.090789794921875,0.102386474609375,0.10498046875,0.08453369140625,0.1837158203125,0.095367431640625,0.121002197265625,0.06256103515625,0.10589599609375,0.102081298828125,-0.14495849609375,-1.0845947265625,0.2239990234375,-1.5606689453125,-0.5133762359619141
737,0.3685,-0.0,-0.0,-0.0,-0.0,-0.0,-0.0,4.4294753074646,-1.3369560241699219,-566.8843383789062,-156913.5,44465.59765625,-1441.4029541015625,-0.0,-0.0,-0.0,-0.0,-0.0,-0.0,-0.0,-0.0,-0.0,-0.0,-0.0,-0.0,-0.00484466552734375,-0.0028228759765625,-0.0054931640625,-0.0057220458984375,-0.0038909912109375,-0.0063323974609375,-0.00335693359375,-0.01323699951171875,-0.003204345703125,-0.0102996826171875,-0.0177764892578125,-0.0038909912109375,-0.011749267578125,-0.00396728515625,-0.001373291015625,-0.01056671142578125,0.092315673828125,0.042724609375,0.083770751953125,0.0946044921875,0.096435546875,0.114593505859375,0.045166015625,0.102996826171875,0.1202392578125,0.133514404296875,0.093994140625,0.085296630859375,-0.759735107421875,-1.76116943359375,0.40740966796875,-1.6351318359375,-0.5133762359619141
738,0.369,-0.0,-0.0,-0.0,-0.0,-0.0,-0.0,3.8747141361236572,-1.3369560241699219,-564.811279296875,-156050.96875,44306.01171875,-1389.096923828125,-0.0,-0.0,-0.0,-0.0,-0.0,-0.0,-0.0,-0.0,-0.0,-0.0,-0.0,-0.0,0.00919342041015625,0.00705718994140625,0.0121307373046875,0.01636505126953125,0.01140594482421875,0.0146484375,0.009002685546875,0.0235748291015625,0.0078582763671875,0.0113677978515625,0.029449462890625,0.0133514404296875,0.0251007080078125,0.010223388671875,0.00732421875,0.02872467041015625,0.145263671875,0.115203857421875,0.08331298828125,0.102081298828125,0.08026123046875,0.095367431640625,0.0787353515625,0.09918212890625,0.11993408203125,0.111541748046875,0.134429931640625,0.09368896484375,0.492706298828125,1.21337890625,0.12481689453125,1.865692138671875,8.023386001586914
739,0.3695,-0.0,-0.0,-0.0,-0.0,-0.0,-0.0,2.9581356048583984,-0.7444425821304321,-563.924072265625,-155549.75,44269.015625,-1182.98291015625,-0.0,-0.0,-0.0,-0.0,-0.0,-0.0,-0.0,-0.0,-0.0,-0.0,-0.0,-0.0,0.00553131103515625,0.0038909912109375,0.0057220458984375,0.00537872314453125,0.00469207763671875,0.0070953369140625,0.003204345703125,0.0102996826171875,0.0020599365234375,0.0106048583984375,0.0201416015625,0.0066375732421875,0.00885009765625,0.00453948974609375,0.00164031982421875,0.01171112060546875,0.0439453125,0.015411376953125,0.09918212890625,0.11016845703125,0.1068115234375,0.1068115234375,0.007171630859375,0.090179443359375,0.111083984375,0.026397705078125,0.12176513671875,0.09368896484375,1.0302734375,2.1160888671875,-0.11474609375,1.59027099609375,5.584310531616211
740,0.37,-0.0,-0.0,-0.0,-0.0,-0.0,-0.0,3.1223678588867188,0.12745219469070435,-559.8660888671875,-154825.109375,44111.0625,-1078.248046875,-0.0,-0.0,-0.0,-0.0,-0.0,-0.0,-0.0,-0.0,-0.0,-0.0,-0.0,-0.0,-0.00896453857421875,-0.0091552734375,-0.01190185546875,-0.01483917236328125,-0.01178741455078125,-0.01369476318359375,-0.009307861328125,-0.02223968505859375,-0.00652313232421875,-0.0116729736328125,-0.02574920654296875,-0.01415252685546875,-0.02002716064453125,-0.01056671142578125,-0.00640869140625,-0.027313232421875,0.062255859375,0.08880615234375,0.112152099609375,0.092926025390625,0.1116943359375,0.102386474609375,0.054473876953125,0.129852294921875,0.10833740234375,0.19256591796875,0.10650634765625,0.087738037109375,-0.561676025390625,-0.95123291015625,0.32745361328125,-1.50482177734375,-4.78175687789917
741,0.3705,-0.0,-0.0,-0.0,-0.0,-0.0,-0.0,2.682718276977539,0.4074409604072571,-559.4873657226562,-153791.421875,44408.4921875,-917.2760009765625,-0.0,-0.0,-0.0,-0.0,-0.0,-0.0,-0.0,-0.0,-0.0,-0.0,-0.0,-0.0,-0.0045013427734375,-0.00514984130859375,-0.00522613525390625,-0.006866455078125,-0.0052642822265625,-0.00743865966796875,-0.004119873046875,-0.00995635986328125,-0.00240325927734375,-0.0067138671875,-0.01949310302734375,-0.0040435791015625,-0.01148223876953125,-0.003509521484375,-0.00377655029296875,-0.01277923583984375,0.130157470703125,0.125732421875,0.07415771484375,0.109405517578125,0.101165771484375,0.102386474609375,0.16510009765625,0.09735107421875,0.1007080078125,0.092620849609375,0.114288330078125,0.07659912109375,-0.60882568359375,-1.89300537109375,0.35369873046875,-1.5228271484375,9.24292278289795
742,0.371,-0.0,-0.0,-0.0,-0.0,-0.0,-0.0,2.3194732666015625,0.005983293056488037,-554.9964599609375,-153415.1875,44497.35546875,-821.3109741210938,-0.0,-0.0,-0.0,-0.0,-0.0,-0.0,-0.0,-0.0,-0.0,-0.0,-0.0,-0.0,0.00965118408203125,0.008087158203125,0.0133514404296875,0.01583099365234375,0.0138092041015625,0.01556396484375,0.01071929931640625,0.02410888671875,0.00732421875,0.00995635986328125,0.02655029296875,0.0131988525390625,0.02178192138671875,0.0087738037109375,0.0083160400390625,0.028228759765625,0.1385498046875,0.095367431640625,0.0921630859375,0.10894775390625,0.091705322265625,0.0897216796875,0.13763427734375,0.1397705078125,0.1068115234375,0.066070556640625,0.088958740234375,0.103912353515625,0.6207275390625,0.89263916015625,-0.247802734375,1.768798828125,10.157575607299805
743,0.3715,-0.0,-0.0,-0.0,-0.0,-0.0,-0.0,2.0841426849365234,0.6182791590690613,-551.8173217773438,-152520.5,44459.9140625,-755.9376831054688,-0.0,-0.0,-0.0,-0.0,-0.0,-0.0,-0.0,-0.0,-0.0,-0.0,-0.0,-0.0,0.00308990478515625,0.00194549560546875,0.0057220458984375,0.0061798095703125,0.005340576171875,0.00789642333984375,0.005035400390625,0.01117706298828125,0.00408172607421875,0.00885009765625,0.01598358154296875,0.000762939453125,0.0107574462890625,0.0041961669921875,0.00377655029296875,0.0116729736328125,0.059051513671875,0.069580078125,0.090484619140625,0.098876953125,0.09185791015625,0.084381103515625,0.09735107421875,0.088958740234375,0.08453369140625,-0.006866455078125,0.09429931640625,0.109405517578125,0.858154296875,1.81182861328125,-0.5914306640625,1.705474853515625,5.889194965362549
744,0.372,-0.0,-0.0,-0.0,-0.0,-0.0,-0.0,1.8734207153320312,0.9993318319320679,-551.6458740234375,-151886.75,44237.0078125,-626.135986328125,-0.0,-0.0,-0.0,-0.0,-0.0,-0.0,-0.0,-0.0,-0.0,-0.0,-0.0,-0.0,-0.00965118408203125,-0.007781982421875,-0.0130462646484375,-0.0151824951171875,-0.01125335693359375,-0.0151824951171875,-0.0096893310546875,-0.02147674560546875,-0.00736236572265625,-0.010833740234375,-0.02643585205078125,-0.0116729736328125,-0.02086639404296875,-0.0102996826171875,-0.006103515625,-0.02777099609375,0.108642578125,0.089569091796875,0.106964111328125,0.081787109375,0.106658935546875,0.08758544921875,0.098114013671875,0.092315673828125,0.11138916015625,0.17425537109375,0.092010498046875,0.10223388671875,-0.47119140625,-0.84747314453125,0.164794921875,-1.4263916015625,-0.5133762359619141
745,0.3725,-0.0,-0.0,-0.0,-0.0,-0.0,-0.0,1.6949996948242188,1.1913816928863525,-550.5330200195312,-151797.625,44507.5625,-521.25927734375,-0.0,-0.0,-0.0,-0.0,-0.0,-0.0,-0.0,-0.0,-0.0,-0.0,-0.0,-0.0,-0.0025177001953125,-0.00400543212890625,-0.003662109375,-0.00682830810546875,-0.00316619873046875,-0.006103515625,-0.00606536865234375,-0.0096893310546875,-0.00385284423828125,-0.00713348388671875,-0.0179290771484375,-0.0017547607421875,-0.00934600830078125,-0.0035858154296875,-0.00049591064453125,-0.01132965087890625,0.2105712890625,0.128631591796875,0.1220703125,0.1019287109375,0.12542724609375,0.0982666015625,-0.00579833984375,0.1220703125,0.092315673828125,0.0115966796875,0.084991455078125,0.076751708984375,-0.654296875,-1.76849365234375,0.7635498046875,-1.50177001953125,0.09639240801334381
746,0.373,-0.0,-0.0,-0.0,-0.0,-0.0,-0.0,1.479026436805725,1.6606251001358032,-550.81201171875,-151704.5,44671.78515625,-356.0791320800781,-0.0,-0.0,-0.0,-0.0,-0.0,-0.0,-0.0,-0.0,-0.0,-0.0,-0.0,-0.0,0.009765625,0.00885009765625,0.01163482666015625,0.01708984375,0.01171112060546875,0.01499176025390625,0.011444091796875,0.0222015380859375,0.009002685546875,0.01148223876953125,0.0274658203125,0.01251220703125,0.02246856689453125,0.01102447509765625,0.00553131103515625,0.0279998779296875,0.0933837890625,0.019683837890625,0.08331298828125,0.093994140625,0.095062255859375,0.108642578125,0.07171630859375,0.087127685546875,0.11077880859375,0.18463134765625,0.12481689453125,0.126953125,0.784149169921875,1.28875732421875,0.05615234375,1.800994873046875,9.852691650390625
747,0.3735,-0.0,-0.0,-0.0,-0.0,-0.0,-0.0,0.9669283628463745,1.3412706851959229,-549.0067749023438,-151617.859375,44593.85546875,-479.2832336425781,-0.0,-0.0,-0.0,-0.0,-0.0,-0.0,-0.0,-0.0,-0.0,-0.0,-0.0,-0.0,0.003662109375,0.003204345703125,0.004425048828125,0.0061798095703125,0.00576019287109375,0.0067138671875,0.00377655029296875,0.00965118408203125,0.0054931640625,0.01071929931640625,0.0159454345703125,0.00164031982421875,0.00911712646484375,0.00461578369140625,0.00194549560546875,0.01129150390625,0.024566650390625,0.09429931640625,0.0921630859375,0.08575439453125,0.09002685546875,0.106048583984375,0.08758544921875,0.106964111328125,0.07598876953125,0.03387451171875,0.13519287109375,0.11138916015625,1.29974365234375,1.71783447265625,-0.3668212890625,1.54754638671875,6.803847789764404
748,0.374,-0.0,-0.0,-0.0,-0.0,-0.0,-0.0,1.5126744508743286,1.0548593997955322,-548.8570556640625,-151586.90625,44579.10546875,-589.1825561523438,-0.0,-0.0,-0.0,-0.0,-0.0,-0.0,-0.0,-0.0,-0.0,-0.0,-0.0,-0.0,-0.0084686279296875,-0.00774383544921875,-0.01300811767578125,-0.0142669677734375,-0.0115966796875,-0.0139617919921875,-0.00926971435546875,-0.02223968505859375,-0.00621795654296875,-0.01247406005859375,-0.0251007080078125,-0.01468658447265625,-0.02246856689453125,-0.01102447509765625,-0.006561279296875,-0.0275421142578125,0.06500244140625,0.116424560546875,0.10498046875,0.108795166015625,0.1019287109375,0.098419189453125,0.0384521484375,0.116424560546875,0.055389404296875,0.158233642578125,0.1116943359375,0.132598876953125,-0.242462158203125,-0.8966064453125,0.23681640625,-1.52069091796875,-1.4280292987823486
749,0.3745,-0.0,-0.0,-0.0,-0.0,-0.0,-0.0,1.4051750898361206,1.1586952209472656,-548.8416748046875,-151674.46875,44383.91015625,-730.4541625976562,-0.0,-0.0,-0.0,-0.0,-0.0,-0.0,-0.0,-0.0,-0.0,-0.0,-0.0,-0.0,-0.003662109375,-0.0035858154296875,-0.00362396240234375,-0.0055694580078125,-0.00385284423828125,-0.00850677490234375,-0.00408172607421875,-0.0095367431640625,-0.0019073486328125,-0.007781982421875,-0.0154876708984375,-0.00308990478515625,-0.01129150390625,-0.0041961669921875,-0.001373291015625,-0.011138916015625,0.11810302734375,0.130767822265625,0.10894775390625,0.0946044921875,0.102691650390625,0.099334716796875,0.206451416015625,0.11016845703125,0.04486083984375,0.09613037109375,0.09674072265625,0.09796142578125,-1.10809326171875,-1.7254638671875,0.465087890625,-1.48712158203125,-0.8182606101036072
750,0.375,-0.0,-0.0,-0.0,-0.0,-0.0,-0.0,1.3044003248214722,1.0173699855804443,-549.0612182617188,-151598.734375,44516.08203125,-766.8965454101562,-0.0,-0.0,-0.0,-0.0,-0.0,-0.0,-0.0,-0.0,-0.0,-0.0,-0.0,-0.0,0.0090789794921875,0.008697509765625,0.01369476318359375,0.0159454345703125,0.01224517822265625,0.01445770263671875,0.01178741455078125,0.02353668212890625,0.00850677490234375,0.0092315673828125,0.02735137939453125,0.014190673828125,0.02048492431640625,0.0110626220703125,0.00492095947265625,0.0289154052734375,0.12115478515625,0.098724365234375,0.086212158203125,0.098114013671875,0.09857177734375,0.101470947265625,0.130767822265625,0.1043701171875,0.0543212890625,0.14068603515625,0.106964111328125,0.08392333984375,0.172576904296875,1.185302734375,-0.03875732421875,1.639556884765625,11.07222843170166
751,0.3755,-0.0,-0.0,-0.0,-0.0,-0.0,-0.0,2.211848258972168,0.9591768980026245,-549.6094970703125,-151648.9375,44385.046875,-1012.1030883789062,-0.0,-0.0,-0.0,-0.0,-0.0,-0.0,-0.0,-0.0,-0.0,-0.0,-0.0,-0.0,0.00476837158203125,0.0043487548828125,0.005035400390625,0.00713348388671875,0.004119873046875,0.0080108642578125,0.00396728515625,0.01018524169921875,0.00087738037109375,0.00896453857421875,0.01678466796875,0.0016021728515625,0.01007080078125,0.00400543212890625,0.00274658203125,0.0124359130859375,0.10498046875,0.009002685546875,0.084686279296875,0.117950439453125,0.1068115234375,0.0897216796875,0.1153564453125,0.093994140625,0.04364013671875,0.082550048828125,0.13427734375,0.10894775390625,1.349639892578125,1.69647216796875,-0.47271728515625,1.658935546875,6.498963356018066
752,0.376,-0.0,-0.0,-0.0,-0.0,-0.0,-0.0,2.3536064624786377,0.5688850283622742,-550.5972900390625,-152042.84375,44406.2265625,-1059.6966552734375,-0.0,-0.0,-0.0,-0.0,-0.0,-0.0,-0.0,-0.0,-0.0,-0.0,-0.0,-0.0,-0.00797271728515625,-0.00881195068359375,-0.0141143798828125,-0.0160980224609375,-0.0113677978515625,-0.0151824951171875,-0.01148223876953125,-0.023040771484375,-0.00720977783203125,-0.00843048095703125,-0.02681732177734375,-0.01270294189453125,-0.02071380615234375,-0.00980377197265625,-0.0064849853515625,-0.02758026123046875,0.088653564453125,0.091705322265625,0.0994873046875,0.087127685546875,0.0982666015625,0.09735107421875,0.070953369140625,0.095672607421875,0.040435791015625,0.077972412109375,0.09765625,0.1019287109375,0.2117919921875,-0.94757080078125,0.257568359375,-1.407318115234375,-0.5133762359619141
753,0.3765,-0.0,-0.0,-0.0,-0.0,-0.0,-0.0,2.694591522216797,0.7978363037109375,-549.9097290039062,-152232.640625,44578.0,-1368.3988037109375,-0.0,-0.0,-0.0,-0.0,-0.0,-0.0,-0.0,-0.0,-0.0,-0.0,-0.0,-0.0,-0.0043487548828125,-0.00377655029296875,-0.00560760498046875,-0.0075531005859375,-0.0048828125,-0.00576019287109375,-0.00091552734375,-0.00827789306640625,-0.0012969970703125,-0.00926971435546875,-0.015411376953125,-0.00186920166015625,-0.00881195068359375,-0.00576019287109375,-0.00308990478515625,-0.0102996826171875,0.114288330078125,0.113983154296875,0.105438232421875,0.088348388671875,0.120391845703125,0.10406494140625,0.05889892578125,0.096435546875,0.035400390625,0.34576416015625,0.100860595703125,0.062713623046875,-0.999298095703125,-1.63909912109375,0.57281494140625,-1.524505615234375,-0.20849192142486572
754,0.377,-0.0,-0.0,-0.0,-0.0,-0.0,-0.0,3.246126651763916,0.5347824096679688,-551.9556274414062,-152098.15625,44539.81640625,-1585.4066162109375,-0.0,-0.0,-0.0,-0.0,-0.0,-0.0,-0.0,-0.0,-0.0,-0.0,-0.0,-0.0,0.00911712646484375,0.00911712646484375,0.013275146484375,0.0159454345703125,0.01194000244140625,0.01514434814453125,0.01094818115234375,0.020904541015625,0.0072479248046875,0.012054443359375,0.02658843994140625,0.013885498046875,0.02185821533203125,0.012054443359375,0.00507354736328125,0.02803802490234375,0.135498046875,0.1092529296875,0.094146728515625,0.093231201171875,0.105438232421875,0.097198486328125,0.109405517578125,0.10009765625,0.05523681640625,0.038909912109375,0.101776123046875,0.080108642578125,0.58990478515625,1.0064697265625,-0.230712890625,1.868896484375,10.4624605178833
755,0.3775,-0.0,-0.0,-0.0,-0.0,-0.0,-0.0,2.891037702560425,0.7674465179443359,-551.8046875,-152597.21875,44556.1328125,-1701.0589599609375,-0.0,-0.0,-0.0,-0.0,-0.0,-0.0,-0.0,-0.0,-0.0,-0.0,-0.0,-0.0,0.00579833984375,0.00385284423828125,0.00499725341796875,0.00736236572265625,0.00446319580078125,0.0070953369140625,0.0020599365234375,0.00926971435546875,0.00274658203125,0.0107574462890625,0.0193023681640625,0.00225067138671875,0.01087188720703125,0.0038909912109375,0.00247955322265625,0.01003265380859375,0.082244873046875,0.10894775390625,0.091400146484375,0.1019287109375,0.095062255859375,0.092620849609375,0.114288330078125,0.11962890625,0.085601806640625,0.032958984375,0.077056884765625,0.1043701171875,1.315460205078125,2.01934814453125,-0.4315185546875,1.75689697265625,6.803847789764404
756,0.378,-0.0,-0.0,-0.0,-0.0,-0.0,-0.0,2.747457981109619,1.0876164436340332,-551.8145751953125,-153181.5,44640.76953125,-1544.0643310546875,-0.0,-0.0,-0.0,-0.0,-0.0,-0.0,-0.0,-0.0,-0.0,-0.0,-0.0,-0.0,-0.0090789794921875,-0.00934600830078125,-0.01129150390625,-0.01598358154296875,-0.010833740234375,-0.01590728759765625,-0.0092315673828125,-0.02407073974609375,-0.00698089599609375,-0.0130462646484375,-0.02593994140625,-0.0099945068359375,-0.01979827880859375,-0.00919342041015625,-0.0043487548828125,-0.02651214599609375,0.102996826171875,0.041656494140625,0.0982666015625,0.11016845703125,0.094757080078125,0.10040283203125,0.14190673828125,0.09429931640625,0.093994140625,0.14373779296875,0.095672607421875,0.119171142578125,-0.4290771484375,-0.96771240234375,0.46875,-1.2872314453125,0.09639240801334381
757,0.3785,-0.0,-0.0,-0.0,-0.0,-0.0,-0.0,2.6222784519195557,1.2478256225585938,-554.9136352539062,-153649.328125,44436.33203125,-1520.2130126953125,-0.0,-0.0,-0.0,-0.0,-0.0,-0.0,-0.0,-0.0,-0.0,-0.0,-0.0,-0.0,-0.00370025634765625,-0.00377655029296875,-0.00377655029296875,-0.00640869140625,-0.0041961669921875,-0.00621795654296875,-0.00324249267578125,-0.00789642333984375,-0.00270843505859375,-0.0077056884765625,-0.01537322998046875,-0.00377655029296875,-0.00965118408203125,-0.00591278076171875,-0.00072479248046875,-0.009307861328125,-0.01373291015625,0.1617431640625,0.116424560546875,0.10284423828125,0.067901611328125,0.0909423828125,0.14678955078125,0.093536376953125,0.074615478515625,0.12359619140625,0.077362060546875,0.092315673828125,-0.971221923828125,-1.689453125,0.4833984375,-1.508941650390625,-2.647566556930542
758,0.379,-0.0,-0.0,-0.0,-0.0,-0.0,-0.0,2.1773476600646973,1.2478256225585938,-556.402099609375,-154189.671875,44600.3203125,-1613.70166015625,-0.0,-0.0,-0.0,-0.0,-0.0,-0.0,-0.0,-0.0,-0.0,-0.0,-0.0,-0.0,0.0096893310546875,0.00888824462890625,0.0130462646484375,0.0154876708984375,0.0127410888671875,0.0136566162109375,0.0112152099609375,0.02254486083984375,0.008392333984375,0.0115966796875,0.0257110595703125,0.011749267578125,0.02063751220703125,0.01102447509765625,0.00598907470703125,0.02819061279296875,0.16021728515625,0.05340576171875,0.0848388671875,0.103607177734375,0.128936767578125,0.10650634765625,0.065460205078125,0.0897216796875,0.06561279296875,0.2044677734375,0.07415771484375,0.093231201171875,0.662384033203125,0.98358154296875,-0.38665771484375,1.7108154296875,10.4624605178833
759,0.3795,-0.0,-0.0,-0.0,-0.0,-0.0,-0.0,1.9626312255859375,1.0338491201400757,-559.5785522460938,-154852.171875,44978.55859375,-1496.8887939453125,-0.0,-0.0,-0.0,-0.0,-0.0,-0.0,-0.0,-0.0,-0.0,-0.0,-0.0,-0.0,0.00507354736328125,0.00396728515625,0.00499725341796875,0.005645751953125,0.003509521484375,0.005950927734375,0.00301361083984375,0.00873565673828125,0.00370025634765625,0.00762939453125,0.018463134765625,0.00213623046875,0.01056671142578125,0.00202178955078125,0.00133514404296875,0.0092315673828125,0.08270263671875,0.065460205078125,0.107269287109375,0.10345458984375,0.11688232421875,0.113372802734375,0.0927734375,0.091094970703125,0.0531005859375,-0.008392333984375,0.07293701171875,0.092315673828125,1.034088134765625,1.75689697265625,-0.36041259765625,1.769561767578125,10.4624605178833
760,0.38,-0.0,-0.0,-0.0,-0.0,-0.0,-0.0,2.14105224609375,0.6952557563781738,-561.6978759765625,-155884.796875,45296.94921875,-1719.4586181640625,-0.0,-0.0,-0.0,-0.0,-0.0,-0.0,-0.0,-0.0,-0.0,-0.0,-0.0,-0.0,-0.0090789794921875,-0.0084686279296875,-0.01262664794921875,-0.01590728759765625,-0.01209259033203125,-0.01422882080078125,-0.00988006591796875,-0.02117156982421875,-0.00835418701171875,-0.008392333984375,-0.0237274169921875,-0.01132965087890625,-0.02017974853515625,-0.01155853271484375,-0.003662109375,-0.02971649169921875,0.09246826171875,0.086212158203125,0.106353759765625,0.09521484375,0.081329345703125,0.096893310546875,0.047607421875,0.11627197265625,0.058746337890625,0.142974853515625,0.06439208984375,0.107269287109375,-0.197906494140625,-0.6591796875,0.38177490234375,-1.464996337890625,1.6208140850067139
761,0.3805,-0.0,-0.0,-0.0,-0.0,-0.0,-0.0,1.498858094215393,-0.32050517201423645,-565.513671875,-156621.625,45498.0234375,-1831.44189453125,-0.0,-0.0,-0.0,-0.0,-0.0,-0.0,-0.0,-0.0,-0.0,-0.0,-0.0,-0.0,-0.0031280517578125,-0.00118255615234375,-0.0040435791015625,-0.00637054443359375,-0.00415802001953125,-0.0064849853515625,-0.0046539306640625,-0.00980377197265625,-0.00331878662109375,-0.006256103515625,-0.01399993896484375,-0.00263214111328125,-0.00988006591796875,-0.00362396240234375,-0.00293731689453125,-0.0099945068359375,0.08209228515625,0.0970458984375,0.1025390625,0.099945068359375,0.078125,0.08941650390625,0.056304931640625,0.063629150390625,0.0567626953125,-0.011749267578125,0.081634521484375,0.096893310546875,-0.706329345703125,-1.76116943359375,0.369873046875,-1.61346435546875,-4.78175687789917
762,0.381,-0.0,-0.0,-0.0,-0.0,-0.0,-0.0,1.58812415599823,-1.1410460472106934,-567.6266479492188,-157814.4375,45740.50390625,-1820.097900390625,-0.0,-0.0,-0.0,-0.0,-0.0,-0.0,-0.0,-0.0,-0.0,-0.0,-0.0,-0.0,0.009613037109375,0.00873565673828125,0.0122833251953125,0.01651763916015625,0.0116729736328125,0.0140380859375,0.01056671142578125,0.023651123046875,0.00701904296875,0.0124359130859375,0.02719879150390625,0.012359619140625,0.02216339111328125,0.010986328125,0.0083160400390625,0.02838134765625,0.096282958984375,0.109405517578125,0.102081298828125,0.102996826171875,0.08453369140625,0.09552001953125,0.111846923828125,0.101776123046875,0.084991455078125,0.21392822265625,0.085296630859375,0.074920654296875,0.74462890625,1.2109375,-0.157470703125,1.903076171875,9.547806739807129
763,0.3815,-0.0,-0.0,-0.0,-0.0,-0.0,-0.0,1.497747778892517,-1.6219263076782227,-571.0173950195312,-159258.0,45937.8828125,-1931.236572265625,-0.0,-0.0,-0.0,-0.0,-0.0,-0.0,-0.0,-0.0,-0.0,-0.0,-0.0,-0.0,0.0046539306640625,0.00469207763671875,0.00568389892578125,0.00675201416015625,0.00423431396484375,0.0049591064453125,0.0042724609375,0.0084686279296875,0.00244140625,0.00682830810546875,0.01682281494140625,0.0077056884765625,0.01049041748046875,0.00392913818359375,0.000457763671875,0.00865936279296875,0.130462646484375,0.106201171875,0.09674072265625,0.10467529296875,0.11962890625,0.113525390625,0.015411376953125,0.111083984375,0.1422119140625,0.0482177734375,0.106658935546875,0.104217529296875,1.1273193359375,1.6162109375,-0.0341796875,1.961212158203125,7.108732223510742
764,0.382,-0.0,-0.0,-0.0,-0.0,-0.0,-0.0,1.7125117778778076,-1.8892347812652588,-576.3961791992188,-160495.9375,46202.9375,-1914.15234375,-0.0,-0.0,-0.0,-0.0,-0.0,-0.0,-0.0,-0.0,-0.0,-0.0,-0.0,-0.0,-0.00782012939453125,-0.00957489013671875,-0.01049041748046875,-0.01644134521484375,-0.00934600830078125,-0.0145721435546875,-0.00858306884765625,-0.02201080322265625,-0.00713348388671875,-0.0133514404296875,-0.0235748291015625,-0.01560211181640625,-0.01895904541015625,-0.013580322265625,-0.00225067138671875,-0.029296875,0.07843017578125,0.101165771484375,0.095367431640625,0.106048583984375,0.105133056640625,0.098114013671875,0.151519775390625,0.129241943359375,0.139312744140625,0.209197998046875,0.10009765625,0.124053955078125,-0.502166748046875,-0.67108154296875,0.1983642578125,-1.580657958984375,-2.0377979278564453
765,0.3825,-0.0,-0.0,-0.0,-0.0,-0.0,-0.0,1.3207013607025146,-1.6566691398620605,-579.9291381835938,-161508.421875,46711.54296875,-1985.0185546875,-0.0,-0.0,-0.0,-0.0,-0.0,-0.0,-0.0,-0.0,-0.0,-0.0,-0.0,-0.0,-0.003662109375,-0.00213623046875,-0.00301361083984375,-0.005950927734375,-0.002899169921875,-0.0061798095703125,-0.00484466552734375,-0.0098419189453125,-0.00408172607421875,-0.0067138671875,-0.0144195556640625,-0.00202178955078125,-0.00988006591796875,-0.00392913818359375,-0.0017547607421875,-0.0106048583984375,0.10009765625,0.101318359375,0.094146728515625,0.102386474609375,0.135955810546875,0.09063720703125,0.06317138671875,0.1092529296875,0.168304443359375,-0.11932373046875,0.047760009765625,0.0726318359375,-0.88226318359375,-1.66107177734375,0.5389404296875,-1.61224365234375,-3.5622196197509766
766,0.383,-0.0,-0.0,-0.0,-0.0,-0.0,-0.0,0.7855211496353149,-2.354447364807129,-581.765380859375,-162591.234375,47414.0703125,-1890.6573486328125,-0.0,-0.0,-0.0,-0.0,-0.0,-0.0,-0.0,-0.0,-0.0,-0.0,-0.0,-0.0,0.00949859619140625,0.00965118408203125,0.01232147216796875,0.0168609619140625,0.0103759765625,0.01422882080078125,0.0116729736328125,0.024566650390625,0.00682830810546875,0.012664794921875,0.0247955322265625,0.01461029052734375,0.02162933349609375,0.01262664794921875,0.0025177001953125,0.0295257568359375,0.14068603515625,0.12359619140625,0.10040283203125,0.09490966796875,0.04547119140625,0.09552001953125,0.015106201171875,0.03173828125,0.17303466796875,0.3973388671875,0.06927490234375,0.099945068359375,0.888824462890625,1.11358642578125,-0.12725830078125,1.87469482421875,10.157575607299805
767,0.3835,-0.0,-0.0,-0.0,-0.0,-0.0,-0.0,0.21567752957344055,-2.139129638671875,-585.0716552734375,-163410.109375,47651.66796875,-1785.5286865234375,-0.0,-0.0,-0.0,-0.0,-0.0,-0.0,-0.0,-0.0,-0.0,-0.0,-0.0,-0.0,0.00247955322265625,0.00370025634765625,0.00324249267578125,0.00667572021484375,0.0052642822265625,0.0078582763671875,0.005035400390625,0.00881195068359375,0.002288818359375,0.0066375732421875,0.01522064208984375,0.0014495849609375,0.004730224609375,0.00446319580078125,0.0040435791015625,0.01068115234375,0.07354736328125,0.06561279296875,0.088043212890625,0.09918212890625,0.096435546875,0.091705322265625,0.088958740234375,0.076751708984375,0.184783935546875,0.054779052734375,0.124053955078125,0.1007080078125,1.045989990234375,1.90582275390625,-0.35797119140625,1.36199951171875,5.889194965362549
768,0.384,-0.0,-0.0,-0.0,-0.0,-0.0,-0.0,-0.1784210205078125,-2.0844638347625732,-588.5343627929688,-165010.71875,47973.1796875,-1704.287109375,-0.0,-0.0,-0.0,-0.0,-0.0,-0.0,-0.0,-0.0,-0.0,-0.0,-0.0,-0.0,-0.00888824462890625,-0.00804901123046875,-0.0121307373046875,-0.01659393310546875,-0.009765625,-0.01560211181640625,-0.00736236572265625,-0.022735595703125,-0.00762939453125,-0.0112152099609375,-0.02407073974609375,-0.01255035400390625,-0.02166748046875,-0.0110626220703125,-0.003662109375,-0.02902984619140625,0.052032470703125,0.10406494140625,0.117034912109375,0.108795166015625,0.126953125,0.11932373046875,0.10711669921875,0.113677978515625,0.168304443359375,0.1239013671875,0.088653564453125,0.090789794921875,-0.183563232421875,-0.63568115234375,0.244140625,-1.680755615234375,0.40127673745155334
769,0.3845,-0.0,-0.0,-0.0,-0.0,-0.0,-0.0,-0.7342349290847778,-2.4099037647247314,-592.201416015625,-165960.46875,48287.73046875,-1721.3980712890625,-0.0,-0.0,-0.0,-0.0,-0.0,-0.0,-0.0,-0.0,-0.0,-0.0,-0.0,-0.0,-0.0023651123046875,-0.0018310546875,-0.00423431396484375,-0.0054168701171875,-0.0054168701171875,-0.00553131103515625,-0.00270843505859375,-0.00743865966796875,-0.0008392333984375,-0.00728607177734375,-0.01399993896484375,-0.00392913818359375,-0.00766754150390625,-0.0042724609375,-0.002288818359375,-0.00823974609375,0.0927734375,0.037841796875,0.08453369140625,0.09033203125,0.052947998046875,0.099639892578125,0.098876953125,0.103302001953125,0.162506103515625,0.086517333984375,0.121612548828125,0.124664306640625,-0.90057373046875,-1.57501220703125,0.35736083984375,-1.411285400390625,0.09639240801334381
770,0.385,-0.0,-0.0,-0.0,-0.0,-0.0,-0.0,-0.3397325873374939,-2.032905101776123,-594.6727905273438,-166709.21875,48378.375,-1753.6583251953125,-0.0,-0.0,-0.0,-0.0,-0.0,-0.0,-0.0,-0.0,-0.0,-0.0,-0.0,-0.0,0.0112152099609375,0.007781982421875,0.01361846923828125,0.01415252685546875,0.0127410888671875,0.0154876708984375,0.01117706298828125,0.023345947265625,0.0093841552734375,0.0122833251953125,0.024871826171875,0.016632080078125,0.0218963623046875,0.011138916015625,0.0052642822265625,0.02864837646484375,0.104827880859375,0.125732421875,0.11993408203125,0.1019287109375,0.1116943359375,0.107879638671875,0.10345458984375,0.108489990234375,0.16754150390625,0.12298583984375,0.124053955078125,0.115203857421875,0.572662353515625,0.7196044921875,0.10009765625,2.073211669921875,8.93803882598877
771,0.3855,-0.0,-0.0,-0.0,-0.0,-0.0,-0.0,-0.37789449095726013,-2.5166847705841064,-598.135986328125,-167843.859375,48902.578125,-2039.00390625,-0.0,-0.0,-0.0,-0.0,-0.0,-0.0,-0.0,-0.0,-0.0,-0.0,-0.0,-0.0,0.00274658203125,0.00049591064453125,0.0035858154296875,0.0048065185546875,0.0043487548828125,0.00675201416015625,0.00457763671875,0.0096893310546875,0.00240325927734375,0.0069427490234375,0.0127410888671875,0.0012969970703125,0.00873565673828125,0.003662109375,0.00156402587890625,0.00972747802734375,0.079193115234375,0.1165771484375,0.096435546875,0.098419189453125,0.1043701171875,0.099029541015625,0.125274658203125,0.11505126953125,0.173797607421875,0.15594482421875,0.091400146484375,0.100860595703125,0.74249267578125,1.55792236328125,-0.4345703125,1.50970458984375,9.24292278289795
772,0.386,-0.0,-0.0,-0.0,-0.0,-0.0,-0.0,-0.3229287266731262,-2.117764949798584,-600.6072998046875,-168962.890625,49143.59765625,-2172.524169921875,-0.0,-0.0,-0.0,-0.0,-0.0,-0.0,-0.0,-0.0,-0.0,-0.0,-0.0,-0.0,-0.0091552734375,-0.00988006591796875,-0.01163482666015625,-0.018157958984375,-0.01102447509765625,-0.0147247314453125,-0.01079559326171875,-0.02338409423828125,-0.0067138671875,-0.01068115234375,-0.02429962158203125,-0.0131988525390625,-0.02033233642578125,-0.0112152099609375,-0.0049591064453125,-0.02925872802734375,0.12420654296875,0.0665283203125,0.097198486328125,0.10009765625,0.09490966796875,0.096893310546875,0.158843994140625,0.0946044921875,0.17608642578125,-0.107421875,0.108642578125,0.09307861328125,-0.319671630859375,-0.66070556640625,0.33905029296875,-1.641845703125,0.09639240801334381
773,0.3865,-0.0,-0.0,-0.0,-0.0,-0.0,-0.0,-0.1399136483669281,-1.9608688354492188,-602.2869873046875,-169617.890625,49060.47265625,-2207.297607421875,-0.0,-0.0,-0.0,-0.0,-0.0,-0.0,-0.0,-0.0,-0.0,-0.0,-0.0,-0.0,-0.0023651123046875,-0.00213623046875,-0.0035858154296875,-0.0049591064453125,-0.00453948974609375,-0.006256103515625,-0.00446319580078125,-0.007171630859375,-0.00049591064453125,-0.0069427490234375,-0.01346588134765625,-0.00278472900390625,-0.0074005126953125,-0.0045013427734375,-0.001678466796875,-0.008087158203125,0.103759765625,0.135345458984375,0.0921630859375,0.09796142578125,0.07843017578125,0.0848388671875,0.03692626953125,0.09552001953125,0.17364501953125,0.050201416015625,0.111236572265625,0.078582763671875,-0.72540283203125,-1.52252197265625,0.69793701171875,-1.291656494140625,-7.830599784851074
774,0.387,-0.0,-0.0,-0.0,-0.0,-0.0,-0.0,-0.11114825308322906,-2.0836055278778076,-603.564208984375,-169716.6875,48950.0234375,-2251.587646484375,-0.0,-0.0,-0.0,-0.0,-0.0,-0.0,-0.0,-0.0,-0.0,-0.0,-0.0,-0.0,0.00789642333984375,0.00949859619140625,0.01209259033203125,0.01605987548828125,0.01239776611328125,0.0165557861328125,0.01079559326171875,0.0237274169921875,0.00743865966796875,0.014495849609375,0.02498626708984375,0.01861572265625,0.0194549560546875,0.0122833251953125,0.004119873046875,0.029296875,0.086517333984375,0.06072998046875,0.083160400390625,0.102081298828125,0.09796142578125,0.089569091796875,0.09124755859375,0.0958251953125,0.16265869140625,0.09185791015625,0.072021484375,0.112762451171875,0.733489990234375,1.10321044921875,0.07415771484375,1.7608642578125,17.1699161529541
775,0.3875,-0.0,-0.0,-0.0,-0.0,-0.0,-0.0,0.11723840981721878,-1.855005145072937,-604.64404296875,-170328.578125,49099.94921875,-2315.318115234375,-0.0,-0.0,-0.0,-0.0,-0.0,-0.0,-0.0,-0.0,-0.0,-0.0,-0.0,-0.0,0.00156402587890625,0.003509521484375,0.00217437744140625,0.00553131103515625,0.00423431396484375,0.0060272216796875,0.0055694580078125,0.00823974609375,0.00278472900390625,0.0055694580078125,0.01247406005859375,0.00102996826171875,0.00614166259765625,0.0041961669921875,0.00164031982421875,0.01018524169921875,0.123748779296875,0.139007568359375,0.107574462890625,0.101470947265625,0.095062255859375,0.095367431640625,0.0927734375,0.10406494140625,0.146636962890625,0.11016845703125,0.09674072265625,0.077667236328125,1.05712890625,1.50665283203125,-0.592041015625,1.483917236328125,5.889194965362549
776,0.388,-0.0,-0.0,-0.0,-0.0,-0.0,-0.0,0.5128251910209656,-1.6825389862060547,-604.2908935546875,-170406.171875,49218.59375,-2446.845458984375,-0.0,-0.0,-0.0,-0.0,-0.0,-0.0,-0.0,-0.0,-0.0,-0.0,-0.0,-0.0,-0.0083160400390625,-0.00995635986328125,-0.0125885009765625,-0.01529693603515625,-0.01079559326171875,-0.01495361328125,-0.008392333984375,-0.02361297607421875,-0.00682830810546875,-0.01323699951171875,-0.02254486083984375,-0.01644134521484375,-0.01918792724609375,-0.0099945068359375,-0.0057220458984375,-0.02841949462890625,0.0799560546875,0.12969970703125,0.1080322265625,0.099334716796875,0.099029541015625,0.106048583984375,0.1068115234375,0.1031494140625,0.138397216796875,0.19866943359375,0.114898681640625,0.0775146484375,-0.5419921875,-0.565185546875,0.1690673828125,-1.590728759765625,-2.0377979278564453
777,0.3885,-0.0,-0.0,-0.0,-0.0,-0.0,-0.0,1.2323368787765503,-0.9472436308860779,-603.5187377929688,-170424.171875,49186.42578125,-2545.098876953125,-0.0,-0.0,-0.0,-0.0,-0.0,-0.0,-0.0,-0.0,-0.0,-0.0,-0.0,-0.0,-0.00308990478515625,-0.00244140625,-0.0020599365234375,-0.00438690185546875,-0.00331878662109375,-0.0072479248046875,-0.00400543212890625,-0.0081634521484375,-0.00209808349609375,-0.007171630859375,-0.0140380859375,-0.0005340576171875,-0.0057220458984375,-0.0025177001953125,-0.00240325927734375,-0.010833740234375,0.101776123046875,0.110931396484375,0.100250244140625,0.1055908203125,0.10467529296875,0.110931396484375,0.104827880859375,0.10284423828125,0.130615234375,-0.0872802734375,0.121307373046875,0.120697021484375,-1.0321044921875,-1.866455078125,0.6243896484375,-1.12823486328125,-2.0377979278564453
778,0.389,-0.0,-0.0,-0.0,-0.0,-0.0,-0.0,1.1928458213806152,-0.026647605001926422,-602.4338989257812,-169794.0,48686.19921875,-2581.11865234375,-0.0,-0.0,-0.0,-0.0,-0.0,-0.0,-0.0,-0.0,-0.0,-0.0,-0.0,-0.0,0.0086212158203125,0.00888824462890625,0.0139617919921875,0.01689910888671875,0.01117706298828125,0.0147247314453125,0.00988006591796875,0.022125244140625,0.00789642333984375,0.01102447509765625,0.0247955322265625,0.01300811767578125,0.0208282470703125,0.0118255615234375,0.004730224609375,0.030059814453125,0.0982666015625,0.10040283203125,0.095672607421875,0.09796142578125,0.086517333984375,0.09552001953125,0.091094970703125,0.0946044921875,0.1031494140625,0.019378662109375,0.083160400390625,0.107879638671875,0.5029296875,0.74127197265625,-0.08392333984375,1.8060302734375,10.4624605178833
779,0.3895,-0.0,-0.0,-0.0,-0.0,-0.0,-0.0,1.8171793222427368,0.23445166647434235,-603.2965698242188,-170054.09375,48537.75390625,-2621.204833984375,-0.0,-0.0,-0.0,-0.0,-0.0,-0.0,-0.0,-0.0,-0.0,-0.0,-0.0,-0.0,0.003509521484375,0.00202178955078125,0.00438690185546875,0.0061798095703125,0.00385284423828125,0.0054931640625,0.0026702880859375,0.00888824462890625,0.0006866455078125,0.0074005126953125,0.015411376953125,0.002288818359375,0.00934600830078125,0.0030517578125,0.0002288818359375,0.00690460205078125,0.108489990234375,0.097503662109375,0.087127685546875,0.0994873046875,0.108642578125,0.091400146484375,0.10040283203125,0.09796142578125,0.095672607421875,0.195159912109375,0.090179443359375,0.087127685546875,1.184844970703125,1.68792724609375,-0.35064697265625,1.22344970703125,9.547806739807129
780,0.39,-0.0,-0.0,-0.0,-0.0,-0.0,-0.0,2.6907191276550293,0.6586828827857971,-603.4261474609375,-170323.796875,48560.58203125,-2719.61328125,-0.0,-0.0,-0.0,-0.0,-0.0,-0.0,-0.0,-0.0,-0.0,-0.0,-0.0,-0.0,-0.00797271728515625,-0.009918212890625,-0.01148223876953125,-0.0180816650390625,-0.01079559326171875,-0.0171661376953125,-0.009307861328125,-0.02346038818359375,-0.006561279296875,-0.009918212890625,-0.0215911865234375,-0.01331329345703125,-0.01903533935546875,-0.011749267578125,-0.00274658203125,-0.02994537353515625,0.096588134765625,0.10711669921875,0.096588134765625,0.0982666015625,0.1129150390625,0.0909423828125,0.11688232421875,0.099334716796875,0.076904296875,0.07568359375,0.09521484375,0.09918212890625,-0.27557373046875,-0.56732177734375,0.55419921875,-1.456756591796875,-0.5133762359619141
781,0.3905,-0.0,-0.0,-0.0,-0.0,-0.0,-0.0,2.927600622177124,1.0858962535858154,-601.91845703125,-170189.875,48599.546875,-2982.500244140625,-0.0,-0.0,-0.0,-0.0,-0.0,-0.0,-0.0,-0.0,-0.0,-0.0,-0.0,-0.0,-0.0028228759765625,-0.00156402587890625,-0.0035858154296875,-0.00476837158203125,-0.00457763671875,-0.00576019287109375,-0.00396728515625,-0.00659942626953125,-0.000152587890625,-0.0048065185546875,-0.01346588134765625,-0.001983642578125,-0.00823974609375,-0.0037384033203125,-0.00087738037109375,-0.00713348388671875,0.075531005859375,0.11810302734375,0.083465576171875,0.09368896484375,0.106353759765625,0.09124755859375,0.101165771484375,0.102081298828125,0.080718994140625,0.068817138671875,0.0714111328125,0.10223388671875,-0.2716064453125,-1.38824462890625,0.48858642578125,-1.32080078125,0.09639240801334381
782,0.391,-0.0,-0.0,-0.0,-0.0,-0.0,-0.0,3.0656838417053223,1.2153282165527344,-604.419677734375,-171147.5625,48448.89453125,-2971.768310546875,-0.0,-0.0,-0.0,-0.0,-0.0,-0.0,-0.0,-0.0,-0.0,-0.0,-0.0,-0.0,0.0075531005859375,0.00812530517578125,0.01354217529296875,0.01705169677734375,0.0140380859375,0.01583099365234375,0.010528564453125,0.0228118896484375,0.00682830810546875,0.01285552978515625,0.02323150634765625,0.01384735107421875,0.02063751220703125,0.01003265380859375,0.00537872314453125,0.02826690673828125,0.103759765625,0.080413818359375,0.1025390625,0.097198486328125,0.096588134765625,0.097503662109375,0.1165771484375,0.102691650390625,0.080108642578125,0.1226806640625,0.086669921875,0.0543212890625,0.713348388671875,0.6982421875,-0.1348876953125,1.672515869140625,11.681997299194336
783,0.3915,-0.0,-0.0,-0.0,-0.0,-0.0,-0.0,3.6414377689361572,1.093685507774353,-607.8867797851562,-171466.03125,48512.328125,-3227.3203125,-0.0,-0.0,-0.0,-0.0,-0.0,-0.0,-0.0,-0.0,-0.0,-0.0,-0.0,-0.0,0.00362396240234375,0.00286102294921875,0.0030517578125,0.00614166259765625,0.00518798828125,0.00583648681640625,0.00274658203125,0.00629425048828125,0.00270843505859375,0.00507354736328125,0.01483917236328125,-0.00030517578125,0.00850677490234375,0.00431060791015625,-0.00030517578125,0.00728607177734375,0.104522705078125,0.08392333984375,0.096435546875,0.102081298828125,0.078277587890625,0.091400146484375,0.00640869140625,0.10040283203125,0.088043212890625,0.063629150390625,0.09552001953125,0.1043701171875,1.008758544921875,1.74774169921875,-0.48126220703125,1.3031005859375,7.413616180419922
784,0.392,-0.0,-0.0,-0.0,-0.0,-0.0,-0.0,3.9337832927703857,1.4345996379852295,-610.6179809570312,-172418.421875,48767.3125,-3253.72900390625,-0.0,-0.0,-0.0,-0.0,-0.0,-0.0,-0.0,-0.0,-0.0,-0.0,-0.0,-0.0,-0.0060272216796875,-0.0084686279296875,-0.0115203857421875,-0.0177001953125,-0.011749267578125,-0.01651763916015625,-0.00965118408203125,-0.023956298828125,-0.007171630859375,-0.01316070556640625,-0.02132415771484375,-0.0122833251953125,-0.01605987548828125,-0.01155853271484375,-0.0020599365234375,-0.02964019775390625,0.0738525390625,0.096893310546875,0.11383056640625,0.1043701171875,0.114288330078125,0.11474609375,0.079803466796875,0.106353759765625,0.128631591796875,0.13458251953125,0.10650634765625,0.1275634765625,-0.398406982421875,-0.71197509765625,0.47393798828125,-1.248779296875,0.7061610817909241
785,0.3925,-0.0,-0.0,-0.0,-0.0,-0.0,-0.0,3.357889175415039,1.085605502128601,-613.120361328125,-173428.875,48713.51171875,-3115.363525390625,-0.0,-0.0,-0.0,-0.0,-0.0,-0.0,-0.0,-0.0,-0.0,-0.0,-0.0,-0.0,-0.00499725341796875,-0.00194549560546875,-0.00240325927734375,-0.00377655029296875,-0.0019073486328125,-0.006256103515625,-0.0028228759765625,-0.00904083251953125,-0.00244140625,-0.00888824462890625,-0.013580322265625,-0.00225067138671875,-0.00545501708984375,-0.00255584716796875,-0.001983642578125,-0.0079345703125,0.09063720703125,0.14007568359375,0.094146728515625,0.09765625,0.07843017578125,0.100555419921875,0.10406494140625,0.100860595703125,0.131378173828125,-0.13763427734375,0.09552001953125,0.081787109375,-1.120758056640625,-1.58538818359375,0.20599365234375,-1.12701416015625,-0.8182606101036072
786,0.393,-0.0,-0.0,-0.0,-0.0,-0.0,-0.0,3.3007888793945312,0.8593335151672363,-613.536865234375,-173758.109375,48849.2109375,-3041.262451171875,-0.0,-0.0,-0.0,-0.0,-0.0,-0.0,-0.0,-0.0,-0.0,-0.0,-0.0,-0.0,0.0084686279296875,0.0091552734375,0.0130462646484375,0.0174713134765625,0.0115966796875,0.01743316650390625,0.00804901123046875,0.0251007080078125,0.0055694580078125,0.010528564453125,0.02330780029296875,0.0128936767578125,0.0196075439453125,0.00988006591796875,0.0057220458984375,0.0295257568359375,0.11566162109375,0.120849609375,0.091705322265625,0.101318359375,0.099945068359375,0.091705322265625,0.109100341796875,0.098114013671875,0.146636962890625,0.113677978515625,0.087432861328125,0.081939697265625,0.23895263671875,0.92987060546875,-0.086669921875,1.429595947265625,10.4624605178833
787,0.3935,-0.0,-0.0,-0.0,-0.0,-0.0,-0.0,3.001298189163208,0.9963496923446655,-616.2738037109375,-174416.84375,48968.1796875,-3152.81982421875,-0.0,-0.0,-0.0,-0.0,-0.0,-0.0,-0.0,-0.0,-0.0,-0.0,-0.0,-0.0,0.0034332275390625,0.00335693359375,0.002899169921875,0.0049591064453125,0.0048065185546875,0.0060272216796875,0.0042724609375,0.005950927734375,0.00179290771484375,0.00354766845703125,0.01491546630859375,-0.00064849853515625,0.00827789306640625,0.0046539306640625,0.00019073486328125,0.007171630859375,0.118255615234375,0.06927490234375,0.113677978515625,0.097808837890625,0.1104736328125,0.0897216796875,0.081787109375,0.100860595703125,0.1519775390625,0.05279541015625,0.09063720703125,0.10498046875,0.68603515625,1.71112060546875,-0.428466796875,1.3934326171875,7.413616180419922
788,0.394,-0.0,-0.0,-0.0,-0.0,-0.0,-0.0,2.660468578338623,1.2894585132598877,-616.8798828125,-174675.40625,49201.11328125,-3069.99169921875,-0.0,-0.0,-0.0,-0.0,-0.0,-0.0,-0.0,-0.0,-0.0,-0.0,-0.0,-0.0,-0.00762939453125,-0.00972747802734375,-0.0115203857421875,-0.01636505126953125,-0.01026153564453125,-0.01491546630859375,-0.00797271728515625,-0.02277374267578125,-0.0067901611328125,-0.01220703125,-0.0206756591796875,-0.0110626220703125,-0.01758575439453125,-0.011749267578125,-0.0040435791015625,-0.0283050537109375,0.09674072265625,0.069427490234375,0.1123046875,0.096893310546875,0.09674072265625,0.108184814453125,0.095062255859375,0.097198486328125,0.135345458984375,0.09857177734375,0.10528564453125,0.107421875,-0.31951904296875,-0.27557373046875,0.51055908203125,-1.165771484375,1.0110454559326172
789,0.3945,-0.0,-0.0,-0.0,-0.0,-0.0,-0.0,2.43472957611084,1.3211790323257446,-618.8963012695312,-174800.9375,49338.6015625,-2891.097900390625,-0.0,-0.0,-0.0,-0.0,-0.0,-0.0,-0.0,-0.0,-0.0,-0.0,-0.0,-0.0,-0.00244140625,-0.00102996826171875,-0.00324249267578125,-0.00568389892578125,-0.0038909912109375,-0.0041961669921875,-0.00274658203125,-0.00701904296875,-0.00164031982421875,-0.0046539306640625,-0.01537322998046875,-0.0023651123046875,-0.00980377197265625,-0.0025177001953125,0.0002288818359375,-0.0070953369140625,0.0970458984375,0.0958251953125,0.10162353515625,0.0970458984375,0.07354736328125,0.102691650390625,0.09002685546875,0.096893310546875,0.153656005859375,0.06439208984375,0.10223388671875,0.10772705078125,-0.67230224609375,-1.64825439453125,0.33447265625,-1.263885498046875,-2.95245099067688
790,0.395,-0.0,-0.0,-0.0,-0.0,-0.0,-0.0,1.6949996948242188,1.8717384338378906,-619.02001953125,-174468.453125,49430.4765625,-2742.46728515625,-0.0,-0.0,-0.0,-0.0,-0.0,-0.0,-0.0,-0.0,-0.0,-0.0,-0.0,-0.0,0.00942230224609375,0.00980377197265625,0.0133514404296875,0.0177764892578125,0.0125885009765625,0.016021728515625,0.00995635986328125,0.021820068359375,0.00904083251953125,0.01102447509765625,0.0241851806640625,0.01262664794921875,0.0182342529296875,0.01285552978515625,0.00640869140625,0.0298309326171875,0.098114013671875,0.09765625,0.095062255859375,0.100250244140625,0.1055908203125,0.098419189453125,0.1654052734375,0.100555419921875,0.142974853515625,-0.14129638671875,0.102996826171875,0.096435546875,0.73760986328125,0.7574462890625,-0.11962890625,1.496734619140625,8.93803882598877
791,0.3955,-0.0,-0.0,-0.0,-0.0,-0.0,-0.0,1.0126218795776367,2.778681516647339,-619.7501831054688,-174501.5625,49283.82421875,-2688.222412109375,-0.0,-0.0,-0.0,-0.0,-0.0,-0.0,-0.0,-0.0,-0.0,-0.0,-0.0,-0.0,0.004425048828125,0.003814697265625,0.00377655029296875,0.003662109375,0.0043487548828125,0.00614166259765625,0.00606536865234375,0.0083160400390625,0.0009918212890625,0.006561279296875,0.015411376953125,0.00194549560546875,0.009002685546875,0.00362396240234375,0.00457763671875,0.0066375732421875,0.115966796875,0.103759765625,0.109100341796875,0.106353759765625,0.103302001953125,0.103759765625,0.1025390625,0.122222900390625,0.1531982421875,0.38116455078125,0.097503662109375,0.09613037109375,1.12701416015625,1.6705322265625,-0.308837890625,1.63421630859375,9.852691650390625
792,0.396,-0.0,-0.0,-0.0,-0.0,-0.0,-0.0,0.7023895382881165,3.340247631072998,-617.8798828125,-174149.375,49223.1015625,-2488.10400390625,-0.0,-0.0,-0.0,-0.0,-0.0,-0.0,-0.0,-0.0,-0.0,-0.0,-0.0,-0.0,-0.00789642333984375,-0.0087738037109375,-0.01186370849609375,-0.01636505126953125,-0.012359619140625,-0.01529693603515625,-0.00759124755859375,-0.02471923828125,-0.00492095947265625,-0.0128173828125,-0.02166748046875,-0.01529693603515625,-0.01850128173828125,-0.01251220703125,-0.0048065185546875,-0.0286102294921875,0.09979248046875,0.117340087890625,0.089111328125,0.094146728515625,0.10711669921875,0.09796142578125,0.067901611328125,0.082550048828125,0.151214599609375,0.037078857421875,0.088348388671875,0.126190185546875,-0.554046630859375,-0.55023193359375,0.27069091796875,-1.455230712890625,0.09639240801334381
793,0.3965,-0.0,-0.0,-0.0,-0.0,-0.0,-0.0,0.26763153076171875,4.038053035736084,-617.527587890625,-173820.5625,48918.58984375,-2496.318115234375,-0.0,-0.0,-0.0,-0.0,-0.0,-0.0,-0.0,-0.0,-0.0,-0.0,-0.0,-0.0,-0.0046539306640625,-0.00354766845703125,-0.0032806396484375,-0.00370025634765625,-0.00118255615234375,-0.00530242919921875,-0.00274658203125,-0.006866455078125,-0.00370025634765625,-0.0075531005859375,-0.01434326171875,-0.000457763671875,-0.00820159912109375,-0.00118255615234375,-7.62939453125e-05,-0.00667572021484375,0.095062255859375,0.098876953125,0.107879638671875,0.09735107421875,0.10009765625,0.0994873046875,0.097503662109375,0.104827880859375,0.150146484375,0.11260986328125,0.092926025390625,0.07598876953125,-0.928497314453125,-1.4813232421875,0.5206298828125,-1.399383544921875,-5.391525745391846
794,0.397,-0.0,-0.0,-0.0,-0.0,-0.0,-0.0,0.5661532282829285,4.9056291580200195,-616.0543823242188,-173621.78125,49451.93359375,-2442.322509765625,-0.0,-0.0,-0.0,-0.0,-0.0,-0.0,-0.0,-0.0,-0.0,-0.0,-0.0,-0.0,0.00885009765625,0.008544921875,0.01148223876953125,0.0177764892578125,0.0115966796875,0.01605987548828125,0.0087738037109375,0.0237274169921875,0.00873565673828125,0.01007080078125,0.02452850341796875,0.0106048583984375,0.02017974853515625,0.011749267578125,0.0060272216796875,0.029144287109375,0.1092529296875,0.085601806640625,0.092926025390625,0.09521484375,0.1055908203125,0.0909423828125,0.10040283203125,0.09918212890625,0.15228271484375,0.114898681640625,0.099639892578125,0.1055908203125,0.5657958984375,0.77850341796875,0.00091552734375,1.491546630859375,15.645493507385254
795,0.3975,-0.0,-0.0,-0.0,-0.0,-0.0,-0.0,0.13533587753772736,5.615215301513672,-616.17724609375,-173516.8125,49065.4765625,-2208.74609375,-0.0,-0.0,-0.0,-0.0,-0.0,-0.0,-0.0,-0.0,-0.0,-0.0,-0.0,-0.0,0.0022125244140625,0.0019073486328125,0.0034332275390625,0.00537872314453125,0.0045013427734375,0.005645751953125,0.00461578369140625,0.00537872314453125,0.000457763671875,0.004730224609375,0.0170135498046875,0.00202178955078125,0.00614166259765625,0.0040435791015625,-0.0002288818359375,0.00667572021484375,0.045318603515625,0.127716064453125,0.09918212890625,0.09765625,0.100250244140625,0.101165771484375,0.102081298828125,0.102996826171875,0.14373779296875,0.102996826171875,0.091400146484375,0.090484619140625,0.95489501953125,1.89361572265625,-0.3619384765625,1.30096435546875,5.889194965362549
796,0.398,-0.0,-0.0,-0.0,-0.0,-0.0,-0.0,-0.25233927369117737,6.493781566619873,-615.360595703125,-173096.0,48962.796875,-2227.04150390625,-0.0,-0.0,-0.0,-0.0,-0.0,-0.0,-0.0,-0.0,-0.0,-0.0,-0.0,-0.0,-0.005950927734375,-0.00957489013671875,-0.0115966796875,-0.01758575439453125,-0.0121307373046875,-0.01323699951171875,-0.0093841552734375,-0.02223968505859375,-0.00720977783203125,-0.0090789794921875,-0.02208709716796875,-0.01461029052734375,-0.0186920166015625,-0.01087188720703125,-0.0049591064453125,-0.02899169921875,0.13519287109375,0.0341796875,0.076751708984375,0.09246826171875,0.083770751953125,0.0982666015625,0.09674072265625,0.097198486328125,0.148773193359375,0.176544189453125,0.0994873046875,0.11749267578125,-0.11383056640625,-0.40802001953125,0.08331298828125,-1.497650146484375,-2.0377979278564453
797,0.3985,-0.0,-0.0,-0.0,-0.0,-0.0,-0.0,-1.4991322755813599,6.8782639503479,-612.5862426757812,-172555.3125,48778.296875,-2084.43798828125,-0.0,-0.0,-0.0,-0.0,-0.0,-0.0,-0.0,-0.0,-0.0,-0.0,-0.0,-0.0,-0.00347137451171875,-0.00152587890625,-0.00347137451171875,-0.00392913818359375,-0.00217437744140625,-0.0046539306640625,-0.0026702880859375,-0.006256103515625,-0.0006103515625,-0.006866455078125,-0.01811981201171875,-0.00209808349609375,-0.00640869140625,-0.00152587890625,0.0014495849609375,-0.00690460205078125,0.094146728515625,0.106353759765625,0.0994873046875,0.099334716796875,0.0897216796875,0.1055908203125,0.118408203125,0.100555419921875,0.133056640625,0.13275146484375,0.10589599609375,0.09033203125,-0.579833984375,-1.8267822265625,0.4150390625,-1.1932373046875,-2.342682361602783
798,0.399,-0.0,-0.0,-0.0,-0.0,-0.0,-0.0,-1.3667527437210083,6.938742160797119,-611.9476318359375,-172221.671875,48550.17578125,-2074.56982421875,-0.0,-0.0,-0.0,-0.0,-0.0,-0.0,-0.0,-0.0,-0.0,-0.0,-0.0,-0.0,0.00675201416015625,0.0096893310546875,0.0118255615234375,0.0177764892578125,0.0119781494140625,0.0171661376953125,0.00873565673828125,0.0250244140625,0.0075531005859375,0.00980377197265625,0.0225067138671875,0.0168609619140625,0.0174713134765625,0.011138916015625,0.00507354736328125,0.029754638671875,0.087432861328125,0.121612548828125,0.10223388671875,0.1080322265625,0.12176513671875,0.113677978515625,0.089874267578125,0.1171875,0.135955810546875,0.06683349609375,0.109405517578125,0.0958251953125,0.433502197265625,0.6072998046875,0.10986328125,1.742706298828125,10.76734447479248
799,0.3995,-0.0,-0.0,-0.0,-0.0,-0.0,-0.0,-1.3381576538085938,7.397823333740234,-610.1209106445312,-171787.5625,48227.11328125,-2040.1328125,-0.0,-0.0,-0.0,-0.0,-0.0,-0.0,-0.0,-0.0,-0.0,-0.0,-0.0,-0.0,0.0032806396484375,0.0029754638671875,0.00385284423828125,0.0040435791015625,0.00377655029296875,0.00453948974609375,0.002288818359375,0.00591278076171875,0.00202178955078125,0.00705718994140625,0.0153350830078125,0.00209808349609375,0.00659942626953125,0.00186920166015625,0.00030517578125,0.0048065185546875,0.098419189453125,0.084686279296875,0.10223388671875,0.0982666015625,0.1239013671875,0.09521484375,0.09552001953125,0.098114013671875,0.121307373046875,0.21087646484375,0.10223388671875,0.10467529296875,0.93536376953125,1.53045654296875,-0.51422119140625,1.18133544921875,5.584310531616211
800,0.4,-0.0,-0.0,-0.0,-0.0,-0.0,-0.0,-1.1917164325714111,7.590138912200928,-608.6442260742188,-171213.59375,48479.203125,-1908.69287109375,-0.0,-0.0,-0.0,-0.0,-0.0,-0.0,-0.0,-0.0,-0.0,-0.0,-0.0,-0.0,-0.0075531005859375,-0.00911712646484375,-0.01232147216796875,-0.01491546630859375,-0.01209259033203125,-0.0142669677734375,-0.00980377197265625,-0.02307891845703125,-0.00812530517578125,-0.011749267578125,-0.02155303955078125,-0.0154876708984375,-0.01781463623046875,-0.01026153564453125,-0.00545501708984375,-0.0274658203125,0.101318359375,0.1007080078125,0.09674072265625,0.0982666015625,0.1019287109375,0.09521484375,0.11077880859375,0.0994873046875,0.102996826171875,0.1763916015625,0.09918212890625,0.109710693359375,-0.48858642578125,-0.63323974609375,0.1055908203125,-1.364898681640625,0.09639240801334381
801,0.4005,-0.0,-0.0,-0.0,-0.0,-0.0,-0.0,-2.467538595199585,7.234494686126709,-606.409912109375,-170619.875,48197.02734375,-1738.0367431640625,-0.0,-0.0,-0.0,-0.0,-0.0,-0.0,-0.0,-0.0,-0.0,-0.0,-0.0,-0.0,-0.0042724609375,-0.00232696533203125,-0.001983642578125,-0.0029754638671875,-0.001220703125,-0.00415802001953125,-0.00457763671875,-0.00766754150390625,-0.00202178955078125,-0.0045013427734375,-0.013580322265625,0.00049591064453125,-0.0066375732421875,-0.00270843505859375,-0.00133514404296875,-0.00751495361328125,0.09979248046875,0.09185791015625,0.10345458984375,0.103912353515625,0.113525390625,0.096588134765625,0.052032470703125,0.095977783203125,0.104522705078125,-0.077667236328125,0.1019287109375,0.12481689453125,-0.642242431640625,-1.3104248046875,0.78704833984375,-1.28265380859375,0.09639240801334381
802,0.401,-0.0,-0.0,-0.0,-0.0,-0.0,-0.0,-1.813858985900879,7.9919819831848145,-606.76318359375,-170428.0625,47705.8203125,-1825.4569091796875,-0.0,-0.0,-0.0,-0.0,-0.0,-0.0,-0.0,-0.0,-0.0,-0.0,-0.0,-0.0,0.01033782958984375,0.006256103515625,0.01323699951171875,0.01827239990234375,0.01201629638671875,0.016632080078125,0.0101470947265625,0.02437591552734375,0.00637054443359375,0.01007080078125,0.0244903564453125,0.01491546630859375,0.0183868408203125,0.0118255615234375,0.0054931640625,0.03124237060546875,0.09796142578125,0.096435546875,0.09613037109375,0.097198486328125,0.09002685546875,0.0897216796875,0.12786865234375,0.097198486328125,0.107269287109375,-0.07781982421875,0.100555419921875,0.053253173828125,0.483551025390625,0.79742431640625,-0.0079345703125,1.386871337890625,9.24292278289795
803,0.4015,-0.0,-0.0,-0.0,-0.0,-0.0,-0.0,-1.9780263900756836,8.24441909790039,-604.1735229492188,-170262.25,47664.8125,-1620.608154296875,-0.0,-0.0,-0.0,-0.0,-0.0,-0.0,-0.0,-0.0,-0.0,-0.0,-0.0,-0.0,0.00225067138671875,0.001983642578125,0.00457763671875,0.005950927734375,0.00331878662109375,0.00446319580078125,0.004119873046875,0.00514984130859375,0.001678466796875,0.00732421875,0.01544952392578125,0.00049591064453125,0.00698089599609375,0.0014495849609375,0.00110626220703125,0.00591278076171875,0.097808837890625,0.09368896484375,0.091552734375,0.093841552734375,0.1025390625,0.09063720703125,0.121917724609375,0.09368896484375,0.102386474609375,0.139312744140625,0.09674072265625,0.08636474609375,1.1517333984375,1.4935302734375,-0.72265625,1.2347412109375,8.633153915405273
804,0.402,-0.0,-0.0,-0.0,-0.0,-0.0,-0.0,-1.5313163995742798,8.527070045471191,-602.2884521484375,-169874.140625,47277.0703125,-1620.5462646484375,-0.0,-0.0,-0.0,-0.0,-0.0,-0.0,-0.0,-0.0,-0.0,-0.0,-0.0,-0.0,-0.00850677490234375,-0.00682830810546875,-0.01277923583984375,-0.01434326171875,-0.01255035400390625,-0.01277923583984375,-0.01102447509765625,-0.0238800048828125,-0.00782012939453125,-0.010223388671875,-0.020599365234375,-0.01384735107421875,-0.016021728515625,-0.01068115234375,-0.0037384033203125,-0.028839111328125,0.096893310546875,0.09613037109375,0.10528564453125,0.102691650390625,0.136260986328125,0.094757080078125,0.105133056640625,0.092926025390625,0.097808837890625,0.075836181640625,0.10406494140625,0.116119384765625,-0.084991455078125,-0.26336669921875,0.28839111328125,-1.2908935546875,-2.342682361602783
805,0.4025,-0.0,-0.0,-0.0,-0.0,-0.0,-0.0,-1.5481795072555542,8.70544147491455,-602.5294189453125,-169806.234375,46824.6484375,-1703.345703125,-0.0,-0.0,-0.0,-0.0,-0.0,-0.0,-0.0,-0.0,-0.0,-0.0,-0.0,-0.0,-0.00102996826171875,-0.00110626220703125,-0.0031280517578125,-0.00545501708984375,-0.00186920166015625,-0.004425048828125,-0.00102996826171875,-0.00553131103515625,-0.00064849853515625,-0.006103515625,-0.0164031982421875,-0.00080108642578125,-0.00621795654296875,-0.0006103515625,-7.62939453125e-05,-0.00522613525390625,0.12054443359375,0.115814208984375,0.095977783203125,0.113677978515625,0.018463134765625,0.098419189453125,0.109100341796875,0.10284423828125,0.106658935546875,0.12847900390625,0.090484619140625,0.107574462890625,-0.71624755859375,-1.47552490234375,0.489501953125,-0.8392333984375,-2.95245099067688
806,0.403,-0.0,-0.0,-0.0,-0.0,-0.0,-0.0,-0.7428824305534363,8.794737815856934,-600.1746826171875,-169191.96875,46556.06640625,-1493.0238037109375,-0.0,-0.0,-0.0,-0.0,-0.0,-0.0,-0.0,-0.0,-0.0,-0.0,-0.0,-0.0,0.00621795654296875,0.0091552734375,0.0133514404296875,0.01735687255859375,0.011749267578125,0.0157928466796875,0.0081634521484375,0.0238800048828125,0.00652313232421875,0.00934600830078125,0.02391815185546875,0.01750946044921875,0.01621246337890625,0.0113677978515625,0.0048828125,0.0295257568359375,0.09979248046875,0.077972412109375,0.095977783203125,0.09033203125,0.10406494140625,0.09796142578125,0.1129150390625,0.103607177734375,0.102386474609375,0.09033203125,0.097503662109375,0.07720947265625,0.229949951171875,0.838623046875,0.1104736328125,1.546783447265625,9.547806739807129
807,0.4035,-0.0,-0.0,-0.0,-0.0,-0.0,-0.0,0.0019473135471343994,8.927571296691895,-598.0487670898438,-168907.421875,45881.875,-1576.5557861328125,-0.0,-0.0,-0.0,-0.0,-0.0,-0.0,-0.0,-0.0,-0.0,-0.0,-0.0,-0.0,0.00263214111328125,0.00148773193359375,0.00308990478515625,0.005340576171875,0.004425048828125,0.0040435791015625,0.00240325927734375,0.0052642822265625,0.00141143798828125,0.00461578369140625,0.014190673828125,0.00152587890625,0.00682830810546875,0.00148773193359375,-0.000762939453125,0.0061798095703125,0.08453369140625,0.142364501953125,0.11322021484375,0.0982666015625,0.098876953125,0.103759765625,0.09490966796875,0.09979248046875,0.0982666015625,0.151824951171875,0.108795166015625,0.126495361328125,0.529632568359375,1.46697998046875,-0.40863037109375,1.308441162109375,17.47480010986328
808,0.404,-0.0,-0.0,-0.0,-0.0,-0.0,-0.0,0.07710418850183487,9.238274574279785,-596.5208740234375,-169151.265625,45541.33984375,-1504.3594970703125,-0.0,-0.0,-0.0,-0.0,-0.0,-0.0,-0.0,-0.0,-0.0,-0.0,-0.0,-0.0,-0.0063323974609375,-0.00720977783203125,-0.01354217529296875,-0.01575469970703125,-0.01308441162109375,-0.014190673828125,-0.00957489013671875,-0.0218963623046875,-0.00835418701171875,-0.007476806640625,-0.02166748046875,-0.01415252685546875,-0.0170135498046875,-0.0104522705078125,-0.00530242919921875,-0.02910614013671875,0.10498046875,0.116119384765625,0.102081298828125,0.09796142578125,0.0775146484375,0.091400146484375,0.08819580078125,0.0994873046875,0.09918212890625,0.1190185546875,0.097808837890625,0.083770751953125,-0.113677978515625,-0.343017578125,0.40374755859375,-1.100006103515625,-1.732913613319397
809,0.4045,-0.0,-0.0,-0.0,-0.0,-0.0,-0.0,0.4920901358127594,8.185619354248047,-597.6943969726562,-169651.453125,45575.98046875,-1503.65966796875,-0.0,-0.0,-0.0,-0.0,-0.0,-0.0,-0.0,-0.0,-0.0,-0.0,-0.0,-0.0,-0.00335693359375,-0.00141143798828125,-0.00057220458984375,-0.00392913818359375,-0.0023651123046875,-0.0045013427734375,-0.00118255615234375,-0.0066375732421875,-0.00164031982421875,-0.00335693359375,-0.012054443359375,0.0014495849609375,-0.00904083251953125,-0.00308990478515625,-0.00011444091796875,-0.0054931640625,0.088958740234375,0.09979248046875,0.09674072265625,0.094451904296875,0.120391845703125,0.09552001953125,0.039520263671875,0.09368896484375,0.09429931640625,-0.00732421875,0.1025390625,0.096588134765625,-0.446014404296875,-1.02203369140625,0.570068359375,-1.14349365234375,-3.8671038150787354
810,0.405,-0.0,-0.0,-0.0,-0.0,-0.0,-0.0,0.1465521603822708,7.3230156898498535,-600.462646484375,-170486.8125,45402.31640625,-1436.3194580078125,-0.0,-0.0,-0.0,-0.0,-0.0,-0.0,-0.0,-0.0,-0.0,-0.0,-0.0,-0.0,0.00888824462890625,0.0090789794921875,0.01373291015625,0.01728057861328125,0.013275146484375,0.01552581787109375,0.009765625,0.02414703369140625,0.00743865966796875,0.00980377197265625,0.0241851806640625,0.01537322998046875,0.01697540283203125,0.01300811767578125,0.00392913818359375,0.0292205810546875,0.09521484375,0.092315673828125,0.08575439453125,0.094146728515625,0.100860595703125,0.08514404296875,0.09246826171875,0.096893310546875,0.093994140625,0.081329345703125,0.110626220703125,0.091094970703125,0.22979736328125,0.62225341796875,-0.0909423828125,1.552886962890625,12.901535034179688
811,0.4055,-0.0,-0.0,-0.0,-0.0,-0.0,-0.0,0.0749451294541359,5.985989570617676,-603.2877807617188,-171555.40625,45226.2578125,-1397.5626220703125,-0.0,-0.0,-0.0,-0.0,-0.0,-0.0,-0.0,-0.0,-0.0,-0.0,-0.0,-0.0,0.00385284423828125,0.00453948974609375,0.00408172607421875,0.00446319580078125,0.00347137451171875,0.00370025634765625,0.00331878662109375,0.0048828125,0.0037384033203125,0.00919342041015625,0.01506805419921875,3.814697265625e-05,0.00690460205078125,0.00217437744140625,-0.00041961669921875,0.00728607177734375,0.11749267578125,0.134429931640625,0.084075927734375,0.0970458984375,0.08514404296875,0.095367431640625,0.16082763671875,0.101318359375,0.079345703125,0.119781494140625,0.0970458984375,0.07720947265625,1.256256103515625,1.50177001953125,-0.34027099609375,1.3623046875,8.93803882598877
812,0.406,-0.0,-0.0,-0.0,-0.0,-0.0,-0.0,0.042547572404146194,5.615215301513672,-606.1129150390625,-172545.640625,45283.19140625,-1482.11767578125,-0.0,-0.0,-0.0,-0.0,-0.0,-0.0,-0.0,-0.0,-0.0,-0.0,-0.0,-0.0,-0.00720977783203125,-0.00946044921875,-0.01033782958984375,-0.01708984375,-0.0095367431640625,-0.015869140625,-0.0092315673828125,-0.02437591552734375,-0.0083160400390625,-0.009918212890625,-0.0223541259765625,-0.01201629638671875,-0.01667022705078125,-0.01129150390625,-0.00194549560546875,-0.0296783447265625,0.1019287109375,0.099639892578125,0.10589599609375,0.105438232421875,0.112457275390625,0.1104736328125,0.087890625,0.110015869140625,0.092926025390625,0.1129150390625,0.11322021484375,0.09735107421875,0.114288330078125,-0.5682373046875,0.36224365234375,-1.2255859375,-1.732913613319397
813,0.40650000000000003,-0.0,-0.0,-0.0,-0.0,-0.0,-0.0,0.5820920467376709,4.888057708740234,-609.4767456054688,-173135.390625,45112.98828125,-1752.1263427734375,-0.0,-0.0,-0.0,-0.0,-0.0,-0.0,-0.0,-0.0,-0.0,-0.0,-0.0,-0.0,-0.0018310546875,-0.001373291015625,-0.0037384033203125,-0.00347137451171875,-0.0025177001953125,-0.003662109375,-0.0020599365234375,-0.0049591064453125,-0.001220703125,-0.00904083251953125,-0.01483917236328125,-0.00194549560546875,-0.006866455078125,-0.00030517578125,-0.0018310546875,-0.004730224609375,0.131988525390625,0.1190185546875,0.120086669921875,0.09796142578125,0.103759765625,0.089569091796875,0.092620849609375,0.101165771484375,0.086517333984375,0.1251220703125,0.0909423828125,0.117340087890625,-0.855865478515625,-1.34368896484375,0.369873046875,-1.243133544921875,-1.732913613319397
814,0.40700000000000003,-0.0,-0.0,-0.0,-0.0,-0.0,-0.0,0.32875341176986694,4.2501959800720215,-611.4100952148438,-173932.671875,44842.6796875,-1586.5009765625,-0.0,-0.0,-0.0,-0.0,-0.0,-0.0,-0.0,-0.0,-0.0,-0.0,-0.0,-0.0,0.007171630859375,0.0083160400390625,0.0135040283203125,0.0159454345703125,0.01373291015625,0.01476287841796875,0.01125335693359375,0.02288818359375,0.00873565673828125,0.008697509765625,0.02437591552734375,0.01468658447265625,0.01720428466796875,0.01209259033203125,0.00659942626953125,0.0290679931640625,0.09124755859375,0.0750732421875,0.0689697265625,0.092926025390625,0.09918212890625,0.08544921875,0.0909423828125,0.087890625,0.0848388671875,0.107269287109375,0.09613037109375,0.10223388671875,0.083770751953125,0.6524658203125,-0.10528564453125,1.31256103515625,10.157575607299805
815,0.40750000000000003,-0.0,-0.0,-0.0,-0.0,-0.0,-0.0,0.850181519985199,3.8938136100769043,-611.0906372070312,-174514.78125,44709.10546875,-1693.0616455078125,-0.0,-0.0,-0.0,-0.0,-0.0,-0.0,-0.0,-0.0,-0.0,-0.0,-0.0,-0.0,0.00469207763671875,0.0028228759765625,0.0037384033203125,0.00316619873046875,0.001983642578125,0.00396728515625,0.00186920166015625,0.005950927734375,0.00194549560546875,0.00926971435546875,0.0170135498046875,-0.00213623046875,0.0058746337890625,0.001983642578125,0.000762939453125,0.0064849853515625,0.086212158203125,0.110015869140625,0.098876953125,0.104827880859375,0.096282958984375,0.10894775390625,0.091552734375,0.111541748046875,0.070343017578125,0.085296630859375,0.106964111328125,0.0958251953125,1.28021240234375,1.73919677734375,-0.40740966796875,0.9765625,8.023386001586914
816,0.40800000000000003,-0.0,-0.0,-0.0,-0.0,-0.0,-0.0,0.26193541288375854,3.5570003986358643,-613.1754760742188,-174935.96875,44130.04296875,-1548.8453369140625,-0.0,-0.0,-0.0,-0.0,-0.0,-0.0,-0.0,-0.0,-0.0,-0.0,-0.0,-0.0,-0.008087158203125,-0.00675201416015625,-0.01300811767578125,-0.01491546630859375,-0.01129150390625,-0.0138092041015625,-0.0086212158203125,-0.023193359375,-0.00789642333984375,-0.0089263916015625,-0.0229644775390625,-0.01300811767578125,-0.01415252685546875,-0.0109100341796875,-0.00408172607421875,-0.03025054931640625,0.10223388671875,0.0994873046875,0.10528564453125,0.09857177734375,0.094757080078125,0.10284423828125,0.1251220703125,0.1043701171875,0.07293701171875,0.154571533203125,0.10101318359375,0.13580322265625,-0.026397705078125,-0.31524658203125,0.44219970703125,-1.3238525390625,1.6208140850067139
817,0.40850000000000003,-0.0,-0.0,-0.0,-0.0,-0.0,-0.0,0.22757263481616974,3.8726301193237305,-614.8314819335938,-175380.453125,44114.875,-1517.4713134765625,-0.0,-0.0,-0.0,-0.0,-0.0,-0.0,-0.0,-0.0,-0.0,-0.0,-0.0,-0.0,-0.00213623046875,-0.00019073486328125,-0.0018310546875,-0.0028228759765625,-0.00392913818359375,-0.0034332275390625,-0.00156402587890625,-0.00385284423828125,-0.001068115234375,-0.0057220458984375,-0.0151824951171875,-0.00255584716796875,-0.00530242919921875,-0.00072479248046875,0.00064849853515625,-0.00476837158203125,0.1007080078125,0.105133056640625,0.092010498046875,0.09490966796875,0.11322021484375,0.10284423828125,0.060272216796875,0.098876953125,0.074920654296875,0.09613037109375,0.0970458984375,0.10406494140625,-0.508575439453125,-1.43951416015625,0.31646728515625,-0.750274658203125,-3.5622196197509766
818,0.40900000000000003,-0.0,-0.0,-0.0,-0.0,-0.0,-0.0,0.6447809934616089,3.4688384532928467,-615.4577026367188,-175725.34375,43642.15234375,-1533.5960693359375,-0.0,-0.0,-0.0,-0.0,-0.0,-0.0,-0.0,-0.0,-0.0,-0.0,-0.0,-0.0,0.00621795654296875,0.01003265380859375,0.012359619140625,0.01895904541015625,0.0127410888671875,0.0144195556640625,0.0096893310546875,0.02201080322265625,0.00797271728515625,0.01041412353515625,0.02498626708984375,0.01407623291015625,0.01560211181640625,0.01064300537109375,0.0054168701171875,0.02964019775390625,0.096282958984375,0.102081298828125,0.097808837890625,0.095977783203125,0.099639892578125,0.0909423828125,0.105133056640625,0.092620849609375,0.08453369140625,-0.128326416015625,0.106658935546875,0.050811767578125,0.504913330078125,0.3472900390625,-0.10955810546875,1.388092041015625,11.07222843170166
819,0.40950000000000003,-0.0,-0.0,-0.0,-0.0,-0.0,-0.0,0.0067647844552993774,3.2223927974700928,-617.00537109375,-176665.5,43809.55078125,-1355.976806640625,-0.0,-0.0,-0.0,-0.0,-0.0,-0.0,-0.0,-0.0,-0.0,-0.0,-0.0,-0.0,0.001678466796875,0.00164031982421875,0.004119873046875,0.00347137451171875,0.0040435791015625,0.00335693359375,0.0035858154296875,0.004425048828125,0.00152587890625,0.0045013427734375,0.01728057861328125,0.00286102294921875,0.009613037109375,0.00041961669921875,0.00125885009765625,0.00568389892578125,0.10833740234375,0.109405517578125,0.0994873046875,0.10894775390625,0.11016845703125,0.1007080078125,0.082855224609375,0.106964111328125,0.08575439453125,0.2374267578125,0.106964111328125,0.0897216796875,0.836181640625,1.41876220703125,-0.1727294921875,1.522979736328125,11.986882209777832
820,0.41000000000000003,-0.0,-0.0,-0.0,-0.0,-0.0,-0.0,0.9404318928718567,3.901942729949951,-617.819580078125,-177389.796875,43742.33984375,-1272.3223876953125,-0.0,-0.0,-0.0,-0.0,-0.0,-0.0,-0.0,-0.0,-0.0,-0.0,-0.0,-0.0,-0.0074005126953125,-0.0095367431640625,-0.0130462646484375,-0.01773834228515625,-0.01132965087890625,-0.0148773193359375,-0.0084686279296875,-0.02498626708984375,-0.00568389892578125,-0.01049041748046875,-0.0241851806640625,-0.01354217529296875,-0.018157958984375,-0.00946044921875,-0.006103515625,-0.02780914306640625,0.10589599609375,0.108184814453125,0.098114013671875,0.1007080078125,0.07415771484375,0.1007080078125,0.100555419921875,0.09552001953125,0.0830078125,0.019378662109375,0.102386474609375,0.109710693359375,-0.0921630859375,-0.24169921875,0.29052734375,-1.219024658203125,-1.4280292987823486
821,0.41050000000000003,-0.0,-0.0,-0.0,-0.0,-0.0,-0.0,0.10858174413442612,3.662113666534424,-618.686767578125,-177890.296875,43843.92578125,-1232.1937255859375,-0.0,-0.0,-0.0,-0.0,-0.0,-0.0,-0.0,-0.0,-0.0,-0.0,-0.0,-0.0,-0.001678466796875,-0.00091552734375,-0.00202178955078125,-0.003662109375,-0.001373291015625,-0.00576019287109375,-0.00156402587890625,-0.0042724609375,-0.000152587890625,-0.007781982421875,-0.01617431640625,-0.00026702880859375,-0.00942230224609375,-0.00011444091796875,-0.0003814697265625,-0.0049591064453125,0.107421875,0.111083984375,0.095367431640625,0.095977783203125,0.09124755859375,0.09613037109375,0.152435302734375,0.104217529296875,0.081787109375,0.01983642578125,0.091552734375,0.086822509765625,-0.767822265625,-1.32659912109375,0.24566650390625,-0.980682373046875,-3.2573351860046387
822,0.41100000000000003,-0.0,-0.0,-0.0,-0.0,-0.0,-0.0,0.700194239616394,3.057389259338379,-620.4837036132812,-178104.859375,43591.09375,-1108.8721923828125,-0.0,-0.0,-0.0,-0.0,-0.0,-0.0,-0.0,-0.0,-0.0,-0.0,-0.0,-0.0,0.0093841552734375,0.00858306884765625,0.0133514404296875,0.015106201171875,0.01270294189453125,0.0150299072265625,0.01087188720703125,0.02422332763671875,0.00949859619140625,0.00980377197265625,0.0244140625,0.015106201171875,0.01819610595703125,0.01232147216796875,0.0057220458984375,0.0310516357421875,0.09429931640625,0.1025390625,0.090789794921875,0.09490966796875,0.106353759765625,0.098419189453125,0.0897216796875,0.098419189453125,0.0885009765625,0.103912353515625,0.09002685546875,0.089263916015625,0.29510498046875,0.49530029296875,0.05035400390625,1.72149658203125,9.852691650390625
823,0.41150000000000003,-0.0,-0.0,-0.0,-0.0,-0.0,-0.0,0.8163148164749146,2.5626919269561768,-622.0560913085938,-178636.3125,43490.52734375,-1287.601318359375,-0.0,-0.0,-0.0,-0.0,-0.0,-0.0,-0.0,-0.0,-0.0,-0.0,-0.0,-0.0,0.0035858154296875,0.002288818359375,0.0029754638671875,0.001373291015625,0.0030517578125,0.0028228759765625,0.00270843505859375,0.007171630859375,0.00247955322265625,0.00705718994140625,0.0159454345703125,0.0012969970703125,0.00675201416015625,0.0037384033203125,0.001678466796875,0.0055694580078125,0.097808837890625,0.099945068359375,0.10345458984375,0.1019287109375,0.079345703125,0.0994873046875,0.084381103515625,0.098114013671875,0.079803466796875,0.006866455078125,0.099945068359375,0.107879638671875,1.109466552734375,1.812744140625,-0.4010009765625,1.2042236328125,10.4624605178833
824,0.41200000000000003,-0.0,-0.0,-0.0,-0.0,-0.0,-0.0,0.39259254932403564,2.5891222953796387,-623.8572998046875,-178928.390625,43243.55078125,-1046.3106689453125,-0.0,-0.0,-0.0,-0.0,-0.0,-0.0,-0.0,-0.0,-0.0,-0.0,-0.0,-0.0,-0.009307861328125,-0.00736236572265625,-0.01373291015625,-0.0151824951171875,-0.0125885009765625,-0.0141143798828125,-0.00965118408203125,-0.02399444580078125,-0.00743865966796875,-0.012664794921875,-0.02407073974609375,-0.0164031982421875,-0.0159454345703125,-0.0109100341796875,-0.00396728515625,-0.029449462890625,0.096282958984375,0.100250244140625,0.090789794921875,0.09857177734375,0.09307861328125,0.103759765625,0.09857177734375,0.099639892578125,0.083465576171875,0.109405517578125,0.1025390625,0.09552001953125,-0.43182373046875,-0.35186767578125,0.18798828125,-1.278228759765625,-0.8182606101036072
825,0.41250000000000003,-0.0,-0.0,-0.0,-0.0,-0.0,-0.0,0.5979092717170715,2.0765397548675537,-625.4291381835938,-179111.1875,43245.37890625,-1106.523681640625,-0.0,-0.0,-0.0,-0.0,-0.0,-0.0,-0.0,-0.0,-0.0,-0.0,-0.0,-0.0,-0.003662109375,-0.00041961669921875,-0.00118255615234375,-0.00156402587890625,-0.00186920166015625,-0.00461578369140625,-0.00247955322265625,-0.0048065185546875,0.0,-0.00659942626953125,-0.0141143798828125,0.00030517578125,-0.010223388671875,-0.00133514404296875,-0.00019073486328125,-0.0032806396484375,0.09490966796875,0.103302001953125,0.098114013671875,0.097198486328125,0.1177978515625,0.108489990234375,0.084381103515625,0.1019287109375,0.086669921875,0.11688232421875,0.09979248046875,0.096588134765625,-0.504913330078125,-1.30462646484375,0.42694091796875,-1.136932373046875,-3.8671038150787354
826,0.41300000000000003,-0.0,-0.0,-0.0,-0.0,-0.0,-0.0,0.9680888652801514,2.1984565258026123,-626.4888916015625,-179770.34375,43150.32421875,-1243.946533203125,-0.0,-0.0,-0.0,-0.0,-0.0,-0.0,-0.0,-0.0,-0.0,-0.0,-0.0,-0.0,0.009002685546875,0.009765625,0.01445770263671875,0.01728057861328125,0.01316070556640625,0.0139617919921875,0.01094818115234375,0.02307891845703125,0.0077056884765625,0.0098419189453125,0.0273895263671875,0.0167083740234375,0.017852783203125,0.0115966796875,0.0048828125,0.02979278564453125,0.099334716796875,0.124359130859375,0.120849609375,0.10986328125,0.10498046875,0.106964111328125,0.10009765625,0.109405517578125,0.09552001953125,0.0927734375,0.107879638671875,0.126953125,0.436248779296875,0.55511474609375,0.28961181640625,1.6131591796875,10.157575607299805
827,0.41350000000000003,-0.0,-0.0,-0.0,-0.0,-0.0,-0.0,0.6376305818557739,2.0003044605255127,-625.0243530273438,-179578.640625,43020.921875,-1080.473876953125,-0.0,-0.0,-0.0,-0.0,-0.0,-0.0,-0.0,-0.0,-0.0,-0.0,-0.0,-0.0,0.00152587890625,0.00164031982421875,0.00331878662109375,0.0041961669921875,0.00244140625,0.00385284423828125,0.00171661376953125,0.0049591064453125,0.00247955322265625,0.00606536865234375,0.01361846923828125,-0.00301361083984375,0.00652313232421875,0.00209808349609375,-0.00011444091796875,0.0064849853515625,0.10345458984375,0.085601806640625,0.076141357421875,0.0897216796875,0.0860595703125,0.0885009765625,0.104217529296875,0.083160400390625,0.0848388671875,0.11322021484375,0.098876953125,0.081787109375,0.8355712890625,1.31317138671875,-0.501708984375,0.921478271484375,8.023386001586914
828,0.41400000000000003,-0.0,-0.0,-0.0,-0.0,-0.0,-0.0,0.7636720538139343,1.9347440004348755,-625.481689453125,-180037.046875,42784.74609375,-1172.5693359375,-0.0,-0.0,-0.0,-0.0,-0.0,-0.0,-0.0,-0.0,-0.0,-0.0,-0.0,-0.0,-0.00698089599609375,-0.00835418701171875,-0.01338958740234375,-0.01697540283203125,-0.0110626220703125,-0.01422882080078125,-0.01010894775390625,-0.023193359375,-0.00698089599609375,-0.0103759765625,-0.02407073974609375,-0.01445770263671875,-0.0156402587890625,-0.0109100341796875,-0.003814697265625,-0.02979278564453125,0.134124755859375,0.0946044921875,0.095367431640625,0.101776123046875,0.085601806640625,0.098419189453125,0.09918212890625,0.094757080078125,0.085601806640625,0.11566162109375,0.10650634765625,0.10467529296875,-0.035400390625,-0.13427734375,0.16876220703125,-0.969085693359375,-2.342682361602783
829,0.41450000000000004,-0.0,-0.0,-0.0,-0.0,-0.0,-0.0,0.8810064196586609,2.328479290008545,-625.43017578125,-179982.875,42699.75390625,-1143.019287109375,-0.0,-0.0,-0.0,-0.0,-0.0,-0.0,-0.0,-0.0,-0.0,-0.0,-0.0,-0.0,-0.00232696533203125,-0.00118255615234375,-0.0034332275390625,-0.00194549560546875,-0.001373291015625,-0.00308990478515625,-0.00148773193359375,-0.00698089599609375,-0.0002288818359375,-0.0078582763671875,-0.01354217529296875,0.00179290771484375,-0.00545501708984375,-0.00118255615234375,-0.00186920166015625,-0.004730224609375,0.081329345703125,0.10528564453125,0.09368896484375,0.1019287109375,0.095062255859375,0.09674072265625,0.0628662109375,0.105133056640625,0.08026123046875,0.028228759765625,0.110931396484375,0.08544921875,-0.718536376953125,-1.2982177734375,0.594482421875,-0.64361572265625,-6.915947437286377
830,0.41500000000000004,-0.0,-0.0,-0.0,-0.0,-0.0,-0.0,1.2489471435546875,2.1779022216796875,-624.7293701171875,-179791.265625,42333.44140625,-1188.9708251953125,-0.0,-0.0,-0.0,-0.0,-0.0,-0.0,-0.0,-0.0,-0.0,-0.0,-0.0,-0.0,0.00720977783203125,0.01186370849609375,0.01247406005859375,0.016937255859375,0.01220703125,0.01590728759765625,0.008697509765625,0.0243377685546875,0.0078582763671875,0.0116729736328125,0.02826690673828125,0.01445770263671875,0.01689910888671875,0.01018524169921875,0.00736236572265625,0.0278472900390625,0.066070556640625,0.100860595703125,0.094146728515625,0.097503662109375,0.1080322265625,0.097503662109375,0.103912353515625,0.0946044921875,0.07965087890625,0.10009765625,0.10223388671875,0.099639892578125,0.605926513671875,0.5621337890625,0.126953125,1.285247802734375,9.852691650390625
831,0.41550000000000004,-0.0,-0.0,-0.0,-0.0,-0.0,-0.0,1.2995165586471558,2.4699137210845947,-625.1795043945312,-179789.703125,41975.875,-1251.7998046875,-0.0,-0.0,-0.0,-0.0,-0.0,-0.0,-0.0,-0.0,-0.0,-0.0,-0.0,-0.0,0.002899169921875,0.00087738037109375,0.00225067138671875,0.00354766845703125,0.003204345703125,0.0040435791015625,0.0009918212890625,0.0035858154296875,0.00202178955078125,0.00682830810546875,0.0151824951171875,-0.00156402587890625,0.00637054443359375,0.0012969970703125,-0.00064849853515625,0.005340576171875,0.0946044921875,0.097503662109375,0.10223388671875,0.107574462890625,0.10772705078125,0.09552001953125,0.099029541015625,0.10009765625,0.08209228515625,0.1019287109375,0.081024169921875,0.106658935546875,0.86090087890625,1.43035888671875,-0.3424072265625,0.87066650390625,8.328269958496094
832,0.41600000000000004,-0.0,-0.0,-0.0,-0.0,-0.0,-0.0,1.4657995700836182,3.0560317039489746,-623.8190307617188,-180121.84375,41833.22265625,-1012.9449462890625,-0.0,-0.0,-0.0,-0.0,-0.0,-0.0,-0.0,-0.0,-0.0,-0.0,-0.0,-0.0,-0.006256103515625,-0.010528564453125,-0.01148223876953125,-0.01628875732421875,-0.01201629638671875,-0.01445770263671875,-0.011749267578125,-0.023193359375,-0.00885009765625,-0.00965118408203125,-0.02582550048828125,-0.01194000244140625,-0.01636505126953125,-0.01201629638671875,-0.003662109375,-0.03154754638671875,0.09735107421875,0.096893310546875,0.097198486328125,0.096435546875,0.1068115234375,0.09735107421875,0.08544921875,0.095062255859375,0.080718994140625,0.15655517578125,0.092926025390625,0.108184814453125,-0.1751708984375,-0.2294921875,0.1904296875,-1.129608154296875,-0.8182606101036072
833,0.4165,-0.0,-0.0,-0.0,-0.0,-0.0,-0.0,1.4400957822799683,3.4252209663391113,-624.976806640625,-180182.375,41655.91796875,-1029.380126953125,-0.0,-0.0,-0.0,-0.0,-0.0,-0.0,-0.0,-0.0,-0.0,-0.0,-0.0,-0.0,-0.00331878662109375,-0.00152587890625,-0.0014495849609375,-0.00152587890625,-0.001373291015625,-0.003814697265625,-0.0035858154296875,-0.003509521484375,-0.0002288818359375,-0.00675201416015625,-0.01277923583984375,0.00213623046875,-0.00766754150390625,-0.001678466796875,0.0017547607421875,-0.00308990478515625,0.11138916015625,0.1019287109375,0.1019287109375,0.1019287109375,0.07843017578125,0.1025390625,0.116424560546875,0.103607177734375,0.091400146484375,0.05279541015625,0.118255615234375,0.101165771484375,-0.6884765625,-1.49658203125,0.68115234375,-0.6402587890625,1.0110454559326172
834,0.417,-0.0,-0.0,-0.0,-0.0,-0.0,-0.0,2.013824939727783,3.514068365097046,-626.6937255859375,-179619.40625,41413.40625,-1121.4613037109375,-0.0,-0.0,-0.0,-0.0,-0.0,-0.0,-0.0,-0.0,-0.0,-0.0,-0.0,-0.0,0.007781982421875,0.0104522705078125,0.01277923583984375,0.01865386962890625,0.01190185546875,0.01750946044921875,0.00701904296875,0.02471923828125,0.00762939453125,0.009002685546875,0.02643585205078125,0.0128173828125,0.0176239013671875,0.01033782958984375,0.00568389892578125,0.02826690673828125,0.10223388671875,0.096282958984375,0.093231201171875,0.09857177734375,0.122222900390625,0.089874267578125,0.079345703125,0.098876953125,0.088653564453125,0.088348388671875,0.103759765625,0.043182373046875,0.235443115234375,0.36773681640625,-0.2288818359375,1.10565185546875,5.584310531616211
835,0.4175,-0.0,-0.0,-0.0,-0.0,-0.0,-0.0,2.4348819255828857,4.329616069793701,-624.8251953125,-179473.78125,41133.93359375,-911.8494873046875,-0.0,-0.0,-0.0,-0.0,-0.0,-0.0,-0.0,-0.0,-0.0,-0.0,-0.0,-0.0,0.0040435791015625,0.00034332275390625,0.00331878662109375,0.0038909912109375,0.0037384033203125,0.002899169921875,0.00213623046875,0.00431060791015625,3.814697265625e-05,0.007781982421875,0.01407623291015625,-0.000457763671875,0.00667572021484375,0.0012969970703125,0.001373291015625,0.0048065185546875,0.103759765625,0.109405517578125,0.10162353515625,0.103302001953125,0.094146728515625,0.090789794921875,0.1202392578125,0.0958251953125,0.095062255859375,0.15594482421875,0.09918212890625,0.10223388671875,0.836944580078125,1.46514892578125,-0.321044921875,1.192169189453125,8.93803882598877
836,0.418,-0.0,-0.0,-0.0,-0.0,-0.0,-0.0,2.778045415878296,4.417423248291016,-623.0032348632812,-179537.453125,40715.8046875,-974.3977661132812,-0.0,-0.0,-0.0,-0.0,-0.0,-0.0,-0.0,-0.0,-0.0,-0.0,-0.0,-0.0,-0.00743865966796875,-0.0081634521484375,-0.0133514404296875,-0.01682281494140625,-0.01293182373046875,-0.015106201171875,-0.0090789794921875,-0.02410888671875,-0.0078582763671875,-0.010528564453125,-0.024261474609375,-0.0153350830078125,-0.01552581787109375,-0.01094818115234375,-0.00247955322265625,-0.02960205078125,0.10101318359375,0.119171142578125,0.099029541015625,0.091552734375,0.09429931640625,0.089263916015625,0.097198486328125,0.096588134765625,0.085296630859375,0.10162353515625,0.094146728515625,0.097198486328125,-0.34332275390625,0.16845703125,0.17242431640625,-0.932464599609375,1.3159297704696655
837,0.4185,-0.0,-0.0,-0.0,-0.0,-0.0,-0.0,2.4086837768554688,4.5849690437316895,-622.0978393554688,-179219.5,40272.046875,-844.8904418945312,-0.0,-0.0,-0.0,-0.0,-0.0,-0.0,-0.0,-0.0,-0.0,-0.0,-0.0,-0.0,-0.0016021728515625,-0.00057220458984375,-0.00118255615234375,-0.001983642578125,-0.00202178955078125,-0.00244140625,-0.000152587890625,-0.0034332275390625,-0.00171661376953125,-0.00701904296875,-0.01323699951171875,0.00244140625,-0.0077056884765625,-0.00148773193359375,0.000762939453125,-0.004730224609375,0.10162353515625,0.09918212890625,0.094146728515625,0.092315673828125,0.107879638671875,0.092010498046875,0.09063720703125,0.0982666015625,0.076446533203125,0.142059326171875,0.09613037109375,0.125274658203125,-0.694427490234375,-1.38427734375,0.39306640625,-0.963592529296875,-6.001294136047363
838,0.419,-0.0,-0.0,-0.0,-0.0,-0.0,-0.0,3.162053346633911,4.453980922698975,-622.3131103515625,-178642.6875,40123.33203125,-806.9969482421875,-0.0,-0.0,-0.0,-0.0,-0.0,-0.0,-0.0,-0.0,-0.0,-0.0,-0.0,-0.0,0.010223388671875,0.0087738037109375,0.01308441162109375,0.0164794921875,0.01323699951171875,0.0152587890625,0.00873565673828125,0.024566650390625,0.00782012939453125,0.01377105712890625,0.0229644775390625,0.0133514404296875,0.01880645751953125,0.0125885009765625,0.00614166259765625,0.02971649169921875,0.09552001953125,0.07049560546875,0.09918212890625,0.10101318359375,0.104827880859375,0.111236572265625,0.1220703125,0.0885009765625,0.09124755859375,0.03173828125,0.094757080078125,0.103759765625,0.44647216796875,0.11932373046875,-0.1763916015625,1.14990234375,8.633153915405273
839,0.4195,-0.0,-0.0,-0.0,-0.0,-0.0,-0.0,2.6240830421447754,4.763781547546387,-620.4395141601562,-178844.015625,39516.015625,-730.9141845703125,-0.0,-0.0,-0.0,-0.0,-0.0,-0.0,-0.0,-0.0,-0.0,-0.0,-0.0,-0.0,0.00457763671875,0.00301361083984375,0.00202178955078125,0.00240325927734375,0.0016021728515625,0.00492095947265625,0.0043487548828125,0.00453948974609375,0.001678466796875,0.00690460205078125,0.016021728515625,-0.00255584716796875,0.01247406005859375,0.0006866455078125,-0.0002288818359375,0.0041961669921875,0.099334716796875,0.098419189453125,0.100860595703125,0.09735107421875,0.097198486328125,0.093841552734375,0.106353759765625,0.1019287109375,0.089263916015625,0.20721435546875,0.1007080078125,0.108184814453125,1.14654541015625,2.0074462890625,-0.48797607421875,1.28387451171875,10.157575607299805
840,0.42,-0.0,-0.0,-0.0,-0.0,-0.0,-0.0,2.5714316368103027,4.736156463623047,-620.5856323242188,-178474.984375,39608.4140625,-798.3778686523438,-0.0,-0.0,-0.0,-0.0,-0.0,-0.0,-0.0,-0.0,-0.0,-0.0,-0.0,-0.0,-0.0093841552734375,-0.0089263916015625,-0.011138916015625,-0.01659393310546875,-0.0102996826171875,-0.01705169677734375,-0.00888824462890625,-0.0238800048828125,-0.00812530517578125,-0.012054443359375,-0.02288818359375,-0.0086212158203125,-0.01918792724609375,-0.00980377197265625,-0.005645751953125,-0.0289154052734375,0.107421875,0.1129150390625,0.100250244140625,0.107574462890625,0.101165771484375,0.10406494140625,0.15655517578125,0.108184814453125,0.092010498046875,0.0726318359375,0.104522705078125,0.1202392578125,-0.171661376953125,0.006103515625,0.5242919921875,-0.622711181640625,-2.342682361602783
841,0.4205,-0.0,-0.0,-0.0,-0.0,-0.0,-0.0,3.3656527996063232,4.942652702331543,-618.851806640625,-178363.875,39351.25,-786.3596801757812,-0.0,-0.0,-0.0,-0.0,-0.0,-0.0,-0.0,-0.0,-0.0,-0.0,-0.0,-0.0,-0.003662109375,-0.001983642578125,-0.00133514404296875,-0.000457763671875,-0.001373291015625,-0.0023651123046875,-0.003662109375,-0.00492095947265625,-0.0014495849609375,-0.00518798828125,-0.01392364501953125,3.814697265625e-05,-0.010223388671875,-0.001068115234375,-0.00011444091796875,-0.00286102294921875,0.09490966796875,0.112152099609375,0.099945068359375,0.10162353515625,0.107879638671875,0.092926025390625,0.111541748046875,0.093536376953125,0.092010498046875,0.111236572265625,0.09429931640625,0.084228515625,-0.6146240234375,-1.69586181640625,0.42022705078125,-0.983123779296875,-6.611063003540039
842,0.421,-0.0,-0.0,-0.0,-0.0,-0.0,-0.0,3.3007888793945312,4.991302490234375,-618.963134765625,-178192.109375,39229.91015625,-871.492919921875,-0.0,-0.0,-0.0,-0.0,-0.0,-0.0,-0.0,-0.0,-0.0,-0.0,-0.0,-0.0,0.00782012939453125,0.00881195068359375,0.0135040283203125,0.01728057861328125,0.0131988525390625,0.015411376953125,0.01049041748046875,0.02288818359375,0.00728607177734375,0.00885009765625,0.02407073974609375,0.014495849609375,0.018310546875,0.01293182373046875,0.0043487548828125,0.02948760986328125,0.109710693359375,0.074920654296875,0.099639892578125,0.09613037109375,0.09490966796875,0.097503662109375,0.097198486328125,0.096435546875,0.09857177734375,0.07415771484375,0.09368896484375,0.0701904296875,0.089569091796875,0.3570556640625,0.02685546875,1.1614990234375,-2.0377979278564453
843,0.4215,-0.0,-0.0,-0.0,-0.0,-0.0,-0.0,3.6625030040740967,5.121413230895996,-617.8547973632812,-178037.296875,38901.8671875,-757.0482177734375,-0.0,-0.0,-0.0,-0.0,-0.0,-0.0,-0.0,-0.0,-0.0,-0.0,-0.0,-0.0,0.004119873046875,0.0034332275390625,0.001373291015625,0.0040435791015625,0.00072479248046875,0.00308990478515625,0.0038909912109375,0.00507354736328125,0.001373291015625,0.00514984130859375,0.01354217529296875,-0.001068115234375,0.01056671142578125,0.00102996826171875,0.0006103515625,0.00331878662109375,0.102081298828125,0.103912353515625,0.10345458984375,0.104827880859375,0.109405517578125,0.105133056640625,0.152130126953125,0.097198486328125,0.096435546875,0.141143798828125,0.105743408203125,0.1068115234375,1.029815673828125,1.53900146484375,-0.19317626953125,1.25457763671875,13.816187858581543
844,0.422,-0.0,-0.0,-0.0,-0.0,-0.0,-0.0,3.330172061920166,5.080432891845703,-617.5479736328125,-178179.0,38909.171875,-636.1088256835938,-0.0,-0.0,-0.0,-0.0,-0.0,-0.0,-0.0,-0.0,-0.0,-0.0,-0.0,-0.0,-0.0081634521484375,-0.0083160400390625,-0.01224517822265625,-0.01621246337890625,-0.012054443359375,-0.01392364501953125,-0.00926971435546875,-0.02376556396484375,-0.008392333984375,-0.01220703125,-0.0225830078125,-0.0118255615234375,-0.02044677734375,-0.0107574462890625,-0.003814697265625,-0.02925872802734375,0.09735107421875,0.09552001953125,0.107421875,0.1043701171875,0.12847900390625,0.099945068359375,0.071563720703125,0.101165771484375,0.10009765625,0.181121826171875,0.102691650390625,0.116119384765625,-0.02044677734375,0.084228515625,0.20263671875,-1.0516357421875,0.40127673745155334
845,0.4225,-0.0,-0.0,-0.0,-0.0,-0.0,-0.0,3.211578369140625,4.813041687011719,-617.5702514648438,-178064.609375,38827.625,-548.589599609375,-0.0,-0.0,-0.0,-0.0,-0.0,-0.0,-0.0,-0.0,-0.0,-0.0,-0.0,-0.0,-0.00301361083984375,-0.00232696533203125,-0.00141143798828125,-0.00118255615234375,0.00095367431640625,-0.00213623046875,-0.0032806396484375,-0.00438690185546875,-0.00091552734375,-0.0037384033203125,-0.011749267578125,-0.00026702880859375,-0.01018524169921875,-0.00133514404296875,0.00072479248046875,-0.00301361083984375,0.10284423828125,0.102996826171875,0.0994873046875,0.104217529296875,0.084991455078125,0.107574462890625,0.10711669921875,0.09429931640625,0.0958251953125,0.075836181640625,0.10345458984375,0.091400146484375,-0.50872802734375,-1.6168212890625,0.3631591796875,-1.1083984375,-2.95245099067688
846,0.423,-0.0,-0.0,-0.0,-0.0,-0.0,-0.0,3.818819761276245,4.688462257385254,-615.8267822265625,-177733.4375,38693.01953125,-498.1424255371094,-0.0,-0.0,-0.0,-0.0,-0.0,-0.0,-0.0,-0.0,-0.0,-0.0,-0.0,-0.0,0.0074005126953125,0.008544921875,0.0128173828125,0.0170135498046875,0.0119781494140625,0.0156402587890625,0.0086212158203125,0.02597808837890625,0.0067901611328125,0.01079559326171875,0.02658843994140625,0.0136566162109375,0.0193023681640625,0.01163482666015625,0.0067138671875,0.02956390380859375,0.093994140625,0.08575439453125,0.102386474609375,0.09765625,0.1123046875,0.101776123046875,0.081329345703125,0.096435546875,0.09002685546875,0.006103515625,0.103912353515625,0.077056884765625,0.153961181640625,0.423583984375,-0.01373291015625,1.18377685546875,8.023386001586914
847,0.4235,-0.0,-0.0,-0.0,-0.0,-0.0,-0.0,3.3243319988250732,4.925693988800049,-616.2523803710938,-177765.4375,38621.08203125,-544.7134399414062,-0.0,-0.0,-0.0,-0.0,-0.0,-0.0,-0.0,-0.0,-0.0,-0.0,-0.0,-0.0,0.0048065185546875,0.00255584716796875,0.00194549560546875,0.00217437744140625,0.00247955322265625,0.0038909912109375,0.00293731689453125,0.0061798095703125,0.00125885009765625,0.005950927734375,0.01323699951171875,0.001373291015625,0.01102447509765625,0.00125885009765625,3.814697265625e-05,0.0022125244140625,0.1104736328125,0.107574462890625,0.101776123046875,0.103302001953125,0.10528564453125,0.10406494140625,0.11077880859375,0.109100341796875,0.096282958984375,0.16204833984375,0.113525390625,0.100555419921875,0.90484619140625,2.03216552734375,-0.1885986328125,1.511688232421875,11.681997299194336
848,0.424,-0.0,-0.0,-0.0,-0.0,-0.0,-0.0,3.246683120727539,4.491593360900879,-613.3056640625,-177663.140625,38449.98828125,-519.6864013671875,-0.0,-0.0,-0.0,-0.0,-0.0,-0.0,-0.0,-0.0,-0.0,-0.0,-0.0,-0.0,-0.00835418701171875,-0.00766754150390625,-0.01331329345703125,-0.01522064208984375,-0.0124359130859375,-0.01491546630859375,-0.00858306884765625,-0.0254058837890625,-0.0051116943359375,-0.0080108642578125,-0.02262115478515625,-0.0127410888671875,-0.0197601318359375,-0.009613037109375,-0.00644683837890625,-0.02773284912109375,0.095062255859375,0.095672607421875,0.099639892578125,0.09521484375,0.106201171875,0.09674072265625,0.089874267578125,0.100250244140625,0.081787109375,0.066680908203125,0.093536376953125,0.08331298828125,0.59356689453125,0.16693115234375,0.02685546875,-0.8404541015625,0.09639240801334381
849,0.4245,-0.0,-0.0,-0.0,-0.0,-0.0,-0.0,3.8592894077301025,4.689086437225342,-614.409912109375,-177692.8125,38128.56640625,-607.433349609375,-0.0,-0.0,-0.0,-0.0,-0.0,-0.0,-0.0,-0.0,-0.0,-0.0,-0.0,-0.0,-0.003204345703125,-0.0002288818359375,3.814697265625e-05,-0.00034332275390625,-0.00255584716796875,-0.003662109375,-0.00118255615234375,-0.00377655029296875,0.00057220458984375,-0.00621795654296875,-0.0127410888671875,-0.001220703125,-0.008087158203125,-0.000762939453125,0.000457763671875,-0.0028228759765625,0.095977783203125,0.101470947265625,0.1055908203125,0.100555419921875,0.095062255859375,0.10162353515625,0.103759765625,0.09857177734375,0.090484619140625,0.10223388671875,0.091400146484375,0.104522705078125,-0.578155517578125,-1.7340087890625,0.46142578125,-1.058349609375,-2.342682361602783
850,0.425,-0.0,-0.0,-0.0,-0.0,-0.0,-0.0,3.7038848400115967,4.177575588226318,-614.4873046875,-177149.734375,37883.95703125,-607.8277587890625,-0.0,-0.0,-0.0,-0.0,-0.0,-0.0,-0.0,-0.0,-0.0,-0.0,-0.0,-0.0,0.00926971435546875,0.0087738037109375,0.012969970703125,0.01552581787109375,0.0118255615234375,0.01506805419921875,0.01026153564453125,0.02544403076171875,0.00766754150390625,0.0112152099609375,0.022735595703125,0.0148773193359375,0.0189208984375,0.01178741455078125,0.00598907470703125,0.029144287109375,0.10406494140625,0.12481689453125,0.087890625,0.09307861328125,0.097808837890625,0.092620849609375,0.103759765625,0.0885009765625,0.097808837890625,0.05645751953125,0.088958740234375,0.10650634765625,0.206451416015625,0.29541015625,0.01708984375,1.29119873046875,13.816187858581543
851,0.4255,-0.0,-0.0,-0.0,-0.0,-0.0,-0.0,4.005719184875488,4.27825927734375,-613.8722534179688,-177055.3125,37914.3515625,-505.9490661621094,-0.0,-0.0,-0.0,-0.0,-0.0,-0.0,-0.0,-0.0,-0.0,-0.0,-0.0,-0.0,0.0008392333984375,0.000762939453125,0.0014495849609375,0.00335693359375,0.00247955322265625,0.00347137451171875,0.00125885009765625,0.00278472900390625,0.00125885009765625,0.00698089599609375,0.01529693603515625,0.00072479248046875,0.00469207763671875,0.00186920166015625,0.001678466796875,0.00324249267578125,0.085601806640625,0.077362060546875,0.08880615234375,0.0994873046875,0.086517333984375,0.110015869140625,0.11077880859375,0.10498046875,0.0848388671875,0.09796142578125,0.10162353515625,0.09521484375,0.762481689453125,2.0709228515625,-0.09979248046875,0.89630126953125,7.108732223510742
852,0.426,-0.0,-0.0,-0.0,-0.0,-0.0,-0.0,4.126505374908447,4.001543045043945,-613.5638427734375,-177349.984375,37791.28515625,-538.4241333007812,-0.0,-0.0,-0.0,-0.0,-0.0,-0.0,-0.0,-0.0,-0.0,-0.0,-0.0,-0.0,-0.0064849853515625,-0.00942230224609375,-0.0121307373046875,-0.01728057861328125,-0.011138916015625,-0.01468658447265625,-0.01117706298828125,-0.023651123046875,-0.00965118408203125,-0.0119781494140625,-0.0240325927734375,-0.0148773193359375,-0.01628875732421875,-0.01293182373046875,-0.0025177001953125,-0.03040313720703125,0.098876953125,0.10467529296875,0.112152099609375,0.099945068359375,0.091552734375,0.10498046875,0.06134033203125,0.0958251953125,0.094757080078125,0.085296630859375,0.098419189453125,0.1025390625,-0.299072265625,-0.21087646484375,0.1214599609375,-0.82122802734375,-1.1231448650360107
853,0.4265,-0.0,-0.0,-0.0,-0.0,-0.0,-0.0,4.09232759475708,4.0335588455200195,-614.8028564453125,-177502.90625,37699.97265625,-509.7561950683594,-0.0,-0.0,-0.0,-0.0,-0.0,-0.0,-0.0,-0.0,-0.0,-0.0,-0.0,-0.0,-0.00270843505859375,0.00057220458984375,-0.00141143798828125,-0.00110626220703125,-0.0002288818359375,-0.0037384033203125,-0.0023651123046875,-0.0034332275390625,0.001220703125,-0.0054931640625,-0.01567840576171875,0.0002288818359375,-0.006866455078125,0.00034332275390625,0.0009918212890625,-0.0028228759765625,0.089874267578125,0.10223388671875,0.107421875,0.0982666015625,0.125274658203125,0.109710693359375,0.059051513671875,0.099029541015625,0.091552734375,0.083160400390625,0.10955810546875,0.13275146484375,-0.66741943359375,-1.82403564453125,0.28564453125,-0.936126708984375,-3.2573351860046387
854,0.427,-0.0,-0.0,-0.0,-0.0,-0.0,-0.0,4.27083158493042,4.111261367797852,-614.88623046875,-178013.828125,37615.13671875,-410.8200378417969,-0.0,-0.0,-0.0,-0.0,-0.0,-0.0,-0.0,-0.0,-0.0,-0.0,-0.0,-0.0,0.007781982421875,0.00988006591796875,0.01308441162109375,0.01682281494140625,0.0136566162109375,0.015411376953125,0.0110626220703125,0.02254486083984375,0.0075531005859375,0.01132965087890625,0.0251007080078125,0.0165557861328125,0.02056121826171875,0.0110626220703125,0.00438690185546875,0.02895355224609375,0.113677978515625,0.106964111328125,0.102691650390625,0.107269287109375,0.12298583984375,0.099029541015625,0.11016845703125,0.10406494140625,0.098419189453125,0.2081298828125,0.09490966796875,0.077362060546875,0.020751953125,0.0189208984375,0.42022705078125,1.279296875,9.547806739807129
855,0.4275,-0.0,-0.0,-0.0,-0.0,-0.0,-0.0,3.7361528873443604,4.0775837898254395,-615.7237548828125,-178172.390625,37731.42578125,-417.87384033203125,-0.0,-0.0,-0.0,-0.0,-0.0,-0.0,-0.0,-0.0,-0.0,-0.0,-0.0,-0.0,0.00316619873046875,0.00385284423828125,-0.00026702880859375,0.0017547607421875,0.0023651123046875,0.004730224609375,0.00133514404296875,0.00194549560546875,0.0016021728515625,0.0057220458984375,0.01560211181640625,-0.0018310546875,0.00759124755859375,-0.0003814697265625,-0.000762939453125,0.00446319580078125,0.098114013671875,0.078582763671875,0.0946044921875,0.095062255859375,0.087127685546875,0.10406494140625,0.129852294921875,0.09521484375,0.085906982421875,0.118408203125,0.11749267578125,0.11627197265625,0.80291748046875,2.064208984375,-0.4827880859375,1.14410400390625,9.24292278289795
856,0.428,-0.0,-0.0,-0.0,-0.0,-0.0,-0.0,3.6799261569976807,4.1334404945373535,-616.7405395507812,-178302.1875,37868.8515625,-330.1942138671875,-0.0,-0.0,-0.0,-0.0,-0.0,-0.0,-0.0,-0.0,-0.0,-0.0,-0.0,-0.0,-0.0072479248046875,-0.01018524169921875,-0.01117706298828125,-0.01605987548828125,-0.01163482666015625,-0.01476287841796875,-0.0106048583984375,-0.02285003662109375,-0.00881195068359375,-0.00743865966796875,-0.0215911865234375,-0.01186370849609375,-0.01743316650390625,-0.01178741455078125,-0.00274658203125,-0.03154754638671875,0.102996826171875,0.102996826171875,0.100860595703125,0.102691650390625,0.121002197265625,0.092315673828125,0.07965087890625,0.097503662109375,0.091094970703125,0.06317138671875,0.102081298828125,0.050811767578125,0.3619384765625,0.30792236328125,0.45166015625,-0.6732177734375,1.6208140850067139
857,0.4285,-0.0,-0.0,-0.0,-0.0,-0.0,-0.0,3.5013394355773926,3.6875109672546387,-619.127197265625,-179144.828125,37926.453125,-70.88259887695312,-0.0,-0.0,-0.0,-0.0,-0.0,-0.0,-0.0,-0.0,-0.0,-0.0,-0.0,-0.0,-0.00209808349609375,-0.00049591064453125,-0.00133514404296875,-0.00026702880859375,-0.00030517578125,-0.00362396240234375,-0.00095367431640625,-0.00286102294921875,0.00072479248046875,-0.00026702880859375,-0.0145721435546875,-0.00431060791015625,-0.00782012939453125,0.00171661376953125,0.000152587890625,-0.00270843505859375,0.099029541015625,0.100860595703125,0.098876953125,0.09765625,0.09368896484375,0.08880615234375,0.081787109375,0.096435546875,0.09735107421875,0.051116943359375,0.0970458984375,0.08331298828125,0.311431884765625,-1.79443359375,0.0982666015625,-0.965576171875,-1.732913613319397
858,0.429,-0.0,-0.0,-0.0,-0.0,-0.0,-0.0,3.579430103302002,3.6433467864990234,-618.37451171875,-179344.296875,38224.671875,-8.774120330810547,-0.0,-0.0,-0.0,-0.0,-0.0,-0.0,-0.0,-0.0,-0.0,-0.0,-0.0,-0.0,0.00705718994140625,0.00942230224609375,0.01277923583984375,0.01705169677734375,0.0130462646484375,0.01491546630859375,0.0102996826171875,0.02285003662109375,0.00904083251953125,0.0099945068359375,0.0244903564453125,0.01544952392578125,0.0179290771484375,0.0107574462890625,0.0055694580078125,0.02933502197265625,0.092620849609375,0.10345458984375,0.109405517578125,0.09674072265625,0.09063720703125,0.09246826171875,-0.002288818359375,0.092010498046875,0.089569091796875,0.04241943359375,0.0946044921875,0.09521484375,0.097808837890625,0.35552978515625,-0.0469970703125,1.026763916015625,9.852691650390625
859,0.4295,-0.0,-0.0,-0.0,-0.0,-0.0,-0.0,3.2772181034088135,4.056277751922607,-619.3409423828125,-180034.71875,38289.3046875,130.1885223388672,-0.0,-0.0,-0.0,-0.0,-0.0,-0.0,-0.0,-0.0,-0.0,-0.0,-0.0,-0.0,0.00118255615234375,0.00335693359375,0.00133514404296875,0.00244140625,0.00026702880859375,0.0018310546875,0.0049591064453125,0.00308990478515625,0.0019073486328125,0.003814697265625,0.0119781494140625,-0.001373291015625,0.0070953369140625,0.00316619873046875,-0.0006866455078125,0.0016021728515625,0.0787353515625,0.11016845703125,0.106201171875,0.098419189453125,0.1263427734375,0.098876953125,0.080413818359375,0.096435546875,0.089569091796875,0.13458251953125,0.089111328125,0.10894775390625,0.695343017578125,2.0440673828125,-0.35064697265625,1.2725830078125,9.852691650390625
860,0.43,-0.0,-0.0,-0.0,-0.0,-0.0,-0.0,3.333360195159912,3.834958791732788,-622.7421875,-180335.15625,38192.12109375,141.3606719970703,-0.0,-0.0,-0.0,-0.0,-0.0,-0.0,-0.0,-0.0,-0.0,-0.0,-0.0,-0.0,-0.00713348388671875,-0.0096893310546875,-0.01129150390625,-0.01712799072265625,-0.013275146484375,-0.01598358154296875,-0.01041412353515625,-0.02277374267578125,-0.00732421875,-0.0109100341796875,-0.0225067138671875,-0.01705169677734375,-0.0176239013671875,-0.01201629638671875,-0.00301361083984375,-0.0313568115234375,0.113067626953125,0.06439208984375,0.075225830078125,0.090179443359375,0.0885009765625,0.089569091796875,0.103302001953125,0.093841552734375,0.09246826171875,0.018310546875,0.100860595703125,0.10772705078125,-0.159149169921875,-0.10345458984375,0.057373046875,-0.831756591796875,0.09639240801334381
861,0.4305,-0.0,-0.0,-0.0,-0.0,-0.0,-0.0,3.1439714431762695,3.6327621936798096,-622.8383178710938,-180170.171875,38364.87109375,353.0528869628906,-0.0,-0.0,-0.0,-0.0,-0.0,-0.0,-0.0,-0.0,-0.0,-0.0,-0.0,-0.0,-0.0011444091796875,0.0006103515625,-0.0012969970703125,-0.00148773193359375,-0.00125885009765625,-0.0002288818359375,-0.00030517578125,-0.0011444091796875,-0.00213623046875,-0.00579833984375,-0.0119781494140625,0.00335693359375,-0.00667572021484375,-0.0006103515625,0.00026702880859375,-0.0017547607421875,0.114898681640625,0.112152099609375,0.112457275390625,0.10986328125,0.098876953125,0.113983154296875,0.112762451171875,0.106964111328125,0.09735107421875,0.1593017578125,0.104217529296875,0.10101318359375,-0.668487548828125,-2.0428466796875,0.61065673828125,-1.1041259765625,-0.8182606101036072
862,0.431,-0.0,-0.0,-0.0,-0.0,-0.0,-0.0,2.7655258178710938,3.632927894592285,-622.9669799804688,-180601.546875,38660.66015625,282.9917907714844,-0.0,-0.0,-0.0,-0.0,-0.0,-0.0,-0.0,-0.0,-0.0,-0.0,-0.0,-0.0,0.00732421875,0.01010894775390625,0.01377105712890625,0.0182342529296875,0.01132965087890625,0.01674652099609375,0.00911712646484375,0.0244903564453125,0.0083160400390625,0.0119781494140625,0.0243377685546875,0.0125885009765625,0.01766204833984375,0.0128173828125,0.00457763671875,0.03162384033203125,0.094757080078125,0.07965087890625,0.10101318359375,0.1025390625,0.097808837890625,0.1025390625,0.11566162109375,0.10101318359375,0.093841552734375,0.080413818359375,0.08819580078125,0.09033203125,0.324249267578125,0.10955810546875,-0.2349853515625,0.80413818359375,-2.342682361602783
863,0.4315,-0.0,-0.0,-0.0,-0.0,-0.0,-0.0,2.283581495285034,3.476085662841797,-622.203125,-180470.5625,38483.546875,511.1165771484375,-0.0,-0.0,-0.0,-0.0,-0.0,-0.0,-0.0,-0.0,-0.0,-0.0,-0.0,-0.0,0.002288818359375,0.0006866455078125,0.0017547607421875,0.00171661376953125,0.0012969970703125,0.00225067138671875,0.00156402587890625,0.00247955322265625,0.00030517578125,0.00614166259765625,0.012969970703125,0.00019073486328125,0.0069427490234375,-0.00049591064453125,0.0016021728515625,0.003204345703125,0.08453369140625,0.103607177734375,0.092620849609375,0.096588134765625,0.114898681640625,0.100250244140625,0.073089599609375,0.1068115234375,0.087432861328125,0.088653564453125,0.091094970703125,0.096435546875,0.59478759765625,1.9915771484375,-0.2032470703125,1.2261962890625,13.511303901672363
864,0.432,-0.0,-0.0,-0.0,-0.0,-0.0,-0.0,2.744338035583496,3.654346466064453,-623.5480346679688,-180667.203125,38598.4921875,487.5005187988281,-0.0,-0.0,-0.0,-0.0,-0.0,-0.0,-0.0,-0.0,-0.0,-0.0,-0.0,-0.0,-0.0079345703125,-0.006561279296875,-0.01308441162109375,-0.01552581787109375,-0.0119781494140625,-0.015411376953125,-0.00858306884765625,-0.02429962158203125,-0.0060272216796875,-0.01041412353515625,-0.01995086669921875,-0.0139617919921875,-0.0167083740234375,-0.00946044921875,-0.0058746337890625,-0.028228759765625,0.087432861328125,0.1043701171875,0.1019287109375,0.10162353515625,0.078887939453125,0.09124755859375,0.054931640625,0.098724365234375,0.0860595703125,0.06256103515625,0.08941650390625,0.1171875,0.059814453125,0.1409912109375,0.25115966796875,-0.606231689453125,-0.8182606101036072
865,0.4325,-0.0,-0.0,-0.0,-0.0,-0.0,-0.0,2.3194732666015625,3.4235777854919434,-623.1342163085938,-181315.515625,38535.05859375,652.3984375,-0.0,-0.0,-0.0,-0.0,-0.0,-0.0,-0.0,-0.0,-0.0,-0.0,-0.0,-0.0,-0.00041961669921875,0.00011444091796875,-7.62939453125e-05,-0.00049591064453125,-0.001068115234375,-0.0003814697265625,-0.00255584716796875,-0.0016021728515625,-0.00026702880859375,-0.00484466552734375,-0.0119781494140625,0.0041961669921875,-0.00553131103515625,0.00030517578125,-0.00072479248046875,-0.00110626220703125,0.09490966796875,0.098419189453125,0.100860595703125,0.08941650390625,0.107269287109375,0.096282958984375,0.09246826171875,0.090484619140625,0.094451904296875,0.0531005859375,0.091552734375,0.099334716796875,-0.45806884765625,-2.00042724609375,0.69793701171875,-1.288909912109375,-4.476872444152832
866,0.433,-0.0,-0.0,-0.0,-0.0,-0.0,-0.0,1.8364890813827515,3.2295873165130615,-624.2759399414062,-181463.203125,38635.796875,784.8262939453125,-0.0,-0.0,-0.0,-0.0,-0.0,-0.0,-0.0,-0.0,-0.0,-0.0,-0.0,-0.0,0.007171630859375,0.0092315673828125,0.0130462646484375,0.01750946044921875,0.01361846923828125,0.016021728515625,0.009002685546875,0.02277374267578125,0.00949859619140625,0.01010894775390625,0.02567291259765625,0.0128173828125,0.016937255859375,0.01277923583984375,0.003509521484375,0.03162384033203125,0.10009765625,0.097808837890625,0.092315673828125,0.0958251953125,0.098724365234375,0.100555419921875,0.07171630859375,0.09735107421875,0.089111328125,-0.00244140625,0.092926025390625,0.1031494140625,0.22857666015625,0.2655029296875,-0.1898193359375,0.870208740234375,9.547806739807129
867,0.4335,-0.0,-0.0,-0.0,-0.0,-0.0,-0.0,1.767700433731079,3.4822041988372803,-627.2306518554688,-181847.34375,38994.265625,912.2740478515625,-0.0,-0.0,-0.0,-0.0,-0.0,-0.0,-0.0,-0.0,-0.0,-0.0,-0.0,-0.0,0.002899169921875,0.0003814697265625,0.0023651123046875,0.0022125244140625,0.00030517578125,0.00152587890625,0.00209808349609375,0.00385284423828125,7.62939453125e-05,0.00606536865234375,0.0112152099609375,-0.00335693359375,0.00873565673828125,0.0016021728515625,0.00064849853515625,-0.0012969970703125,0.098876953125,0.10284423828125,0.0982666015625,0.099029541015625,0.097198486328125,0.096282958984375,0.09979248046875,0.099945068359375,0.087127685546875,0.1556396484375,0.10162353515625,0.075836181640625,1.236114501953125,2.23846435546875,-0.6103515625,1.69830322265625,8.328269958496094
868,0.434,-0.0,-0.0,-0.0,-0.0,-0.0,-0.0,1.77390718460083,3.455498218536377,-627.8723754882812,-182393.0,39085.6953125,970.7067260742188,-0.0,-0.0,-0.0,-0.0,-0.0,-0.0,-0.0,-0.0,-0.0,-0.0,-0.0,-0.0,-0.0057220458984375,-0.00827789306640625,-0.01312255859375,-0.01598358154296875,-0.01323699951171875,-0.0133514404296875,-0.00865936279296875,-0.024871826171875,-0.0054931640625,-0.0116729736328125,-0.02216339111328125,-0.0115203857421875,-0.01377105712890625,-0.01125335693359375,-0.0058746337890625,-0.03009796142578125,0.111846923828125,0.1171875,0.103759765625,0.10894775390625,0.09674072265625,0.09918212890625,0.128173828125,0.1025390625,0.099029541015625,0.103302001953125,0.107421875,0.118408203125,0.211181640625,-0.34759521484375,0.53497314453125,-0.135955810546875,-2.95245099067688
869,0.4345,-0.0,-0.0,-0.0,-0.0,-0.0,-0.0,0.9843334555625916,3.969914436340332,-629.3785400390625,-183035.6875,39310.11328125,1104.0791015625,-0.0,-0.0,-0.0,-0.0,-0.0,-0.0,-0.0,-0.0,-0.0,-0.0,-0.0,-0.0,-0.005035400390625,-0.00064849853515625,-0.001068115234375,3.814697265625e-05,-0.00011444091796875,-0.0026702880859375,-0.0016021728515625,-0.00316619873046875,0.0017547607421875,-0.00644683837890625,-0.013275146484375,0.00110626220703125,-0.00759124755859375,0.00049591064453125,-0.0003814697265625,-0.0009918212890625,0.095977783203125,0.084228515625,0.0909423828125,0.09429931640625,0.09765625,0.095367431640625,0.12054443359375,0.093994140625,0.097503662109375,0.076904296875,0.09765625,0.079193115234375,-1.258087158203125,-2.2015380859375,0.5084228515625,-1.3226318359375,-2.95245099067688
870,0.435,-0.0,-0.0,-0.0,-0.0,-0.0,-0.0,0.9124345779418945,3.7739436626434326,-631.364990234375,-183595.15625,39561.546875,1237.6448974609375,-0.0,-0.0,-0.0,-0.0,-0.0,-0.0,-0.0,-0.0,-0.0,-0.0,-0.0,-0.0,0.008392333984375,0.00911712646484375,0.0140380859375,0.01556396484375,0.01499176025390625,0.0147247314453125,0.01033782958984375,0.02513885498046875,0.00682830810546875,0.0107574462890625,0.02227783203125,0.01434326171875,0.01644134521484375,0.0103759765625,0.0067901611328125,0.0274658203125,0.1007080078125,0.104522705078125,0.09674072265625,0.099639892578125,0.117034912109375,0.096282958984375,0.08636474609375,0.09521484375,0.08392333984375,0.030364990234375,0.104522705078125,0.068206787109375,-0.112152099609375,0.2789306640625,0.0323486328125,0.57952880859375,9.547806739807129
871,0.4355,-0.0,-0.0,-0.0,-0.0,-0.0,-0.0,0.6749481558799744,4.148785591125488,-631.1390991210938,-183871.515625,39678.75,1196.0257568359375,-0.0,-0.0,-0.0,-0.0,-0.0,-0.0,-0.0,-0.0,-0.0,-0.0,-0.0,-0.0,0.001220703125,0.00057220458984375,0.00026702880859375,0.001678466796875,0.0017547607421875,0.00133514404296875,0.00019073486328125,0.0019073486328125,0.00202178955078125,0.0048828125,0.01117706298828125,-0.0022125244140625,0.00743865966796875,0.00171661376953125,0.00034332275390625,0.0002288818359375,0.103302001953125,0.10894775390625,0.103607177734375,0.099029541015625,0.097808837890625,0.101318359375,0.133056640625,0.10284423828125,0.089263916015625,0.093841552734375,0.101165771484375,0.102386474609375,0.95855712890625,2.3236083984375,-0.328369140625,1.464385986328125,8.633153915405273
872,0.436,-0.0,-0.0,-0.0,-0.0,-0.0,-0.0,0.8519457578659058,3.5362706184387207,-632.0773315429688,-183694.390625,39847.4609375,1318.5281982421875,-0.0,-0.0,-0.0,-0.0,-0.0,-0.0,-0.0,-0.0,-0.0,-0.0,-0.0,-0.0,-0.00728607177734375,-0.0070953369140625,-0.0128173828125,-0.01705169677734375,-0.0119781494140625,-0.01499176025390625,-0.00797271728515625,-0.02239227294921875,-0.00885009765625,-0.007171630859375,-0.02391815185546875,-0.009918212890625,-0.01506805419921875,-0.01163482666015625,-0.00392913818359375,-0.0311279296875,0.100860595703125,0.085906982421875,0.101318359375,0.101165771484375,0.112762451171875,0.0982666015625,0.103759765625,0.09368896484375,0.09185791015625,0.16387939453125,0.0982666015625,0.10894775390625,0.330047607421875,0.06378173828125,0.30120849609375,-0.58441162109375,-2.0377979278564453
873,0.4365,-0.0,-0.0,-0.0,-0.0,-0.0,-0.0,0.8427225351333618,3.6742424964904785,-634.036865234375,-184466.609375,40024.953125,1458.3231201171875,-0.0,-0.0,-0.0,-0.0,-0.0,-0.0,-0.0,-0.0,-0.0,-0.0,-0.0,-0.0,-0.00064849853515625,-0.00030517578125,-0.00072479248046875,-0.00072479248046875,0.00011444091796875,-0.00091552734375,-0.00072479248046875,-0.00244140625,-0.000762939453125,-0.00637054443359375,-0.0092315673828125,0.00110626220703125,-0.00873565673828125,0.0012969970703125,-0.000152587890625,0.000762939453125,0.095977783203125,0.0994873046875,0.10101318359375,0.105133056640625,0.10223388671875,0.0982666015625,0.101165771484375,0.104522705078125,0.097503662109375,0.067901611328125,0.098724365234375,0.101165771484375,-1.051483154296875,-2.28485107421875,0.52825927734375,-1.48193359375,-4.476872444152832
874,0.437,-0.0,-0.0,-0.0,-0.0,-0.0,-0.0,1.0210177898406982,4.000975131988525,-636.2343139648438,-184666.15625,40135.1953125,1406.587646484375,-0.0,-0.0,-0.0,-0.0,-0.0,-0.0,-0.0,-0.0,-0.0,-0.0,-0.0,-0.0,0.00946044921875,0.0091552734375,0.0127410888671875,0.0179290771484375,0.0104522705078125,0.01697540283203125,0.0101470947265625,0.02414703369140625,0.00820159912109375,0.01087188720703125,0.02635955810546875,0.0145721435546875,0.014801025390625,0.0119781494140625,0.0040435791015625,0.02964019775390625,0.101470947265625,0.0994873046875,0.083160400390625,0.0970458984375,0.098876953125,0.09674072265625,0.102386474609375,0.094757080078125,0.10223388671875,0.1019287109375,0.102081298828125,0.094451904296875,0.096588134765625,0.8099365234375,0.06103515625,0.683135986328125,7.71850061416626
875,0.4375,-0.0,-0.0,-0.0,-0.0,-0.0,-0.0,0.7333475351333618,4.456520080566406,-634.664306640625,-184549.734375,40044.76171875,1462.2913818359375,-0.0,-0.0,-0.0,-0.0,-0.0,-0.0,-0.0,-0.0,-0.0,-0.0,-0.0,-0.0,0.00400543212890625,7.62939453125e-05,0.00019073486328125,0.00118255615234375,0.00244140625,0.0011444091796875,0.00164031982421875,0.0008392333984375,0.0003814697265625,0.00728607177734375,0.01094818115234375,-0.00110626220703125,0.00873565673828125,0.00209808349609375,-0.001068115234375,-0.00011444091796875,0.11993408203125,0.1025390625,0.113525390625,0.106201171875,0.104827880859375,0.113525390625,0.108642578125,0.104827880859375,0.10589599609375,0.13397216796875,0.103302001953125,0.107574462890625,1.014251708984375,2.42401123046875,-0.2130126953125,2.087249755859375,10.4624605178833
876,0.438,-0.0,-0.0,-0.0,-0.0,-0.0,-0.0,0.7541501522064209,4.109738826751709,-632.9312133789062,-184147.3125,40031.32421875,1582.193115234375,-0.0,-0.0,-0.0,-0.0,-0.0,-0.0,-0.0,-0.0,-0.0,-0.0,-0.0,-0.0,-0.0077056884765625,-0.00904083251953125,-0.0141143798828125,-0.01705169677734375,-0.0115966796875,-0.0144195556640625,-0.010833740234375,-0.02445220947265625,-0.008544921875,-0.0109100341796875,-0.02300262451171875,-0.0160980224609375,-0.01514434814453125,-0.01125335693359375,-0.00530242919921875,-0.028839111328125,0.086669921875,0.084075927734375,0.103759765625,0.095977783203125,0.078582763671875,0.10162353515625,0.107269287109375,0.0970458984375,0.099945068359375,0.09307861328125,0.09735107421875,0.09063720703125,-0.222320556640625,-0.23681640625,0.076904296875,-0.495758056640625,9.852691650390625
877,0.4385,-0.0,-0.0,-0.0,-0.0,-0.0,-0.0,0.2579379081726074,4.752965927124023,-634.6259155273438,-184741.046875,40528.1640625,1677.566650390625,-0.0,-0.0,-0.0,-0.0,-0.0,-0.0,-0.0,-0.0,-0.0,-0.0,-0.0,-0.0,-0.003662109375,-0.00011444091796875,0.00141143798828125,-0.00125885009765625,-0.0017547607421875,-0.00213623046875,-0.001373291015625,-0.00118255615234375,3.814697265625e-05,-0.0070953369140625,-0.01186370849609375,0.00186920166015625,-0.00576019287109375,0.00030517578125,-0.0028228759765625,0.0006866455078125,0.0946044921875,0.071258544921875,0.097808837890625,0.09429931640625,0.0958251953125,0.106964111328125,0.082550048828125,0.097198486328125,0.096435546875,-0.0836181640625,0.106048583984375,0.115509033203125,-1.33636474609375,-2.41058349609375,0.37994384765625,-1.5643310546875,-9.659905433654785
878,0.439,-0.0,-0.0,-0.0,-0.0,-0.0,-0.0,-0.06037822365760803,5.102348327636719,-635.3327026367188,-184497.6875,40312.9609375,1853.5709228515625,-0.0,-0.0,-0.0,-0.0,-0.0,-0.0,-0.0,-0.0,-0.0,-0.0,-0.0,-0.0,0.00885009765625,0.010223388671875,0.01209259033203125,0.0186920166015625,0.01018524169921875,0.01613616943359375,0.01064300537109375,0.02414703369140625,0.0084686279296875,0.01190185546875,0.0255584716796875,0.01522064208984375,0.01560211181640625,0.01220703125,0.0038909912109375,0.02986907958984375,0.093231201171875,0.11566162109375,0.10650634765625,0.095367431640625,0.101318359375,0.09674072265625,0.0665283203125,0.0982666015625,0.096893310546875,0.127716064453125,0.1031494140625,0.119781494140625,0.564117431640625,0.51788330078125,0.11627197265625,0.93231201171875,5.889194965362549
879,0.4395,-0.0,-0.0,-0.0,-0.0,-0.0,-0.0,0.21038591861724854,5.121901512145996,-633.2515869140625,-184426.0625,40398.53125,1884.9515380859375,-0.0,-0.0,-0.0,-0.0,-0.0,-0.0,-0.0,-0.0,-0.0,-0.0,-0.0,-0.0,0.00064849853515625,0.0005340576171875,0.00087738037109375,0.00049591064453125,0.0012969970703125,0.00087738037109375,0.00152587890625,0.00209808349609375,0.00034332275390625,0.00537872314453125,0.009002685546875,-0.0014495849609375,0.0078582763671875,0.00049591064453125,-0.000762939453125,-0.000762939453125,0.101470947265625,0.09674072265625,0.099029541015625,0.1043701171875,0.124359130859375,0.096893310546875,0.111846923828125,0.088043212890625,0.09185791015625,0.08636474609375,0.097808837890625,0.048065185546875,1.392669677734375,2.5048828125,-0.555419921875,1.907806396484375,14.425956726074219
880,0.44,-0.0,-0.0,-0.0,-0.0,-0.0,-0.0,-0.567560613155365,4.943917751312256,-632.8984375,-184227.9375,40333.8125,1898.645751953125,-0.0,-0.0,-0.0,-0.0,-0.0,-0.0,-0.0,-0.0,-0.0,-0.0,-0.0,-0.0,-0.00797271728515625,-0.00885009765625,-0.01399993896484375,-0.01598358154296875,-0.01384735107421875,-0.01529693603515625,-0.00949859619140625,-0.02315521240234375,-0.0052642822265625,-0.011444091796875,-0.024871826171875,-0.01453399658203125,-0.01689910888671875,-0.010223388671875,-0.00457763671875,-0.03086090087890625,0.1007080078125,0.097808837890625,0.09765625,0.09765625,0.091094970703125,0.095062255859375,0.0836181640625,0.09979248046875,0.101776123046875,0.14190673828125,0.09979248046875,0.095977783203125,-0.173492431640625,-0.614013671875,0.0872802734375,-0.827484130859375,-0.5133762359619141
881,0.4405,-0.0,-0.0,-0.0,-0.0,-0.0,-0.0,-0.7934919595718384,5.291459083557129,-631.6346435546875,-183893.484375,40245.25,2032.919677734375,-0.0,-0.0,-0.0,-0.0,-0.0,-0.0,-0.0,-0.0,-0.0,-0.0,-0.0,-0.0,-0.00301361083984375,0.00041961669921875,0.0009918212890625,0.00102996826171875,-0.0023651123046875,0.0002288818359375,-0.00064849853515625,0.00072479248046875,0.00049591064453125,-0.0064849853515625,-0.0084686279296875,0.0029754638671875,-0.00614166259765625,-0.00041961669921875,-7.62939453125e-05,0.00186920166015625,0.09918212890625,0.097198486328125,0.096435546875,0.096435546875,0.1055908203125,0.089263916015625,0.114288330078125,0.09552001953125,0.097503662109375,0.07080078125,0.096588134765625,0.111846923828125,-0.813751220703125,-2.29949951171875,0.49346923828125,-1.599578857421875,-2.95245099067688
882,0.441,-0.0,-0.0,-0.0,-0.0,-0.0,-0.0,-0.7604208588600159,5.282451152801514,-630.4261474609375,-183306.90625,40320.515625,1978.990966796875,-0.0,-0.0,-0.0,-0.0,-0.0,-0.0,-0.0,-0.0,-0.0,-0.0,-0.0,-0.0,0.006561279296875,0.00797271728515625,0.01384735107421875,0.01667022705078125,0.0140380859375,0.0147247314453125,0.01064300537109375,0.02490997314453125,0.0070953369140625,0.00823974609375,0.028228759765625,0.0148773193359375,0.018157958984375,0.00988006591796875,0.00457763671875,0.031585693359375,0.105438232421875,0.10650634765625,0.103912353515625,0.11260986328125,0.099334716796875,0.10009765625,0.101165771484375,0.1068115234375,0.1055908203125,0.106201171875,0.1171875,0.13763427734375,-0.0848388671875,0.8819580078125,0.21881103515625,1.1834716796875,6.803847789764404
883,0.4415,-0.0,-0.0,-0.0,-0.0,-0.0,-0.0,-0.7322391867637634,5.507546424865723,-628.4172973632812,-183721.265625,40137.80859375,1990.0477294921875,-0.0,-0.0,-0.0,-0.0,-0.0,-0.0,-0.0,-0.0,-0.0,-0.0,-0.0,-0.0,0.00125885009765625,-0.00041961669921875,0.00164031982421875,0.00057220458984375,-0.0006103515625,0.0012969970703125,0.00034332275390625,0.002899169921875,-0.00057220458984375,0.0019073486328125,0.00644683837890625,-0.0020599365234375,0.00583648681640625,-0.00179290771484375,-0.00049591064453125,-7.62939453125e-05,0.099029541015625,0.101776123046875,0.09857177734375,0.099029541015625,0.104827880859375,0.097808837890625,0.10772705078125,0.094146728515625,0.100250244140625,0.09857177734375,0.0927734375,0.07354736328125,1.00738525390625,1.99066162109375,-0.62957763671875,1.65069580078125,11.07222843170166
884,0.442,-0.0,-0.0,-0.0,-0.0,-0.0,-0.0,-0.901299774646759,5.231134414672852,-630.9141845703125,-183073.484375,40125.734375,2194.584228515625,-0.0,-0.0,-0.0,-0.0,-0.0,-0.0,-0.0,-0.0,-0.0,-0.0,-0.0,-0.0,-0.00789642333984375,-0.0090789794921875,-0.01216888427734375,-0.0164794921875,-0.01068115234375,-0.014190673828125,-0.0101470947265625,-0.0240325927734375,-0.0078582763671875,-0.01064300537109375,-0.02262115478515625,-0.0145721435546875,-0.01857757568359375,-0.01239776611328125,-0.005035400390625,-0.028533935546875,0.099639892578125,0.100860595703125,0.092315673828125,0.102386474609375,0.092010498046875,0.10650634765625,0.10650634765625,0.09796142578125,0.096435546875,0.0714111328125,0.099334716796875,0.076141357421875,0.044403076171875,-0.44891357421875,0.42877197265625,-1.187286376953125,-2.0377979278564453
885,0.4425,-0.0,-0.0,-0.0,-0.0,-0.0,-0.0,-0.7663367390632629,5.258693695068359,-629.1495971679688,-182542.09375,40331.19140625,2089.60693359375,-0.0,-0.0,-0.0,-0.0,-0.0,-0.0,-0.0,-0.0,-0.0,-0.0,-0.0,-0.0,-0.00102996826171875,-0.00072479248046875,0.001068115234375,0.0008392333984375,0.00102996826171875,-0.0028228759765625,-0.00041961669921875,0.0002288818359375,0.00049591064453125,-0.0048065185546875,-0.0095367431640625,0.0031280517578125,-0.00286102294921875,0.00080108642578125,-0.00171661376953125,0.0014495849609375,0.0958251953125,0.1007080078125,0.105438232421875,0.09857177734375,0.0994873046875,0.101470947265625,0.090789794921875,0.102081298828125,0.0946044921875,0.132293701171875,0.095062255859375,0.102996826171875,-1.04949951171875,-2.30438232421875,0.760498046875,-1.433258056640625,-1.4280292987823486
886,0.443,-0.0,-0.0,-0.0,-0.0,-0.0,-0.0,-0.7227407097816467,5.3478240966796875,-627.6365966796875,-182223.375,39938.265625,1952.284912109375,-0.0,-0.0,-0.0,-0.0,-0.0,-0.0,-0.0,-0.0,-0.0,-0.0,-0.0,-0.0,0.0084686279296875,0.00926971435546875,0.0138092041015625,0.01621246337890625,0.01270294189453125,0.01598358154296875,0.0098419189453125,0.02452850341796875,0.0064849853515625,0.01125335693359375,0.02964019775390625,0.013275146484375,0.0164031982421875,0.0107574462890625,0.00476837158203125,0.030670166015625,0.10162353515625,0.101776123046875,0.106048583984375,0.095977783203125,0.092315673828125,0.0946044921875,0.11993408203125,0.10040283203125,0.091094970703125,0.12725830078125,0.1031494140625,0.09552001953125,0.354156494140625,1.175537109375,-0.01922607421875,0.74920654296875,7.108732223510742
887,0.4435,-0.0,-0.0,-0.0,-0.0,-0.0,-0.0,-1.0615392923355103,5.757560729980469,-626.8588256835938,-181970.5,40011.58203125,2215.525146484375,-0.0,-0.0,-0.0,-0.0,-0.0,-0.0,-0.0,-0.0,-0.0,-0.0,-0.0,-0.0,0.00324249267578125,0.0005340576171875,0.00156402587890625,-0.00087738037109375,-0.00072479248046875,0.001068115234375,0.00209808349609375,0.00102996826171875,-0.00244140625,0.00732421875,0.0092315673828125,-0.00431060791015625,0.005645751953125,-0.00080108642578125,0.00080108642578125,-0.001068115234375,0.09521484375,0.1025390625,0.0933837890625,0.096588134765625,0.096588134765625,0.095672607421875,0.072784423828125,0.096282958984375,0.095062255859375,0.040130615234375,0.1007080078125,0.08331298828125,1.44287109375,2.40997314453125,-0.76904296875,1.79107666015625,8.328269958496094
888,0.444,-0.0,-0.0,-0.0,-0.0,-0.0,-0.0,-1.1418734788894653,5.552855491638184,-622.9037475585938,-181876.484375,40062.4921875,2326.56298828125,-0.0,-0.0,-0.0,-0.0,-0.0,-0.0,-0.0,-0.0,-0.0,-0.0,-0.0,-0.0,-0.007476806640625,-0.0104522705078125,-0.01239776611328125,-0.01773834228515625,-0.01186370849609375,-0.01506805419921875,-0.01033782958984375,-0.02349853515625,-0.00812530517578125,-0.01220703125,-0.023193359375,-0.01544952392578125,-0.0174713134765625,-0.01094818115234375,-0.0048065185546875,-0.02902984619140625,0.0958251953125,0.09185791015625,0.103302001953125,0.100250244140625,0.1116943359375,0.097503662109375,0.08270263671875,0.09918212890625,0.096893310546875,0.084228515625,0.102691650390625,0.094757080078125,-0.23040771484375,-0.51788330078125,0.2105712890625,-1.011199951171875,0.7061610817909241
889,0.4445,-0.0,-0.0,-0.0,-0.0,-0.0,-0.0,-1.4273681640625,5.713186264038086,-622.054931640625,-181366.25,40221.62890625,2391.212646484375,-0.0,-0.0,-0.0,-0.0,-0.0,-0.0,-0.0,-0.0,-0.0,-0.0,-0.0,-0.0,-0.00244140625,0.00041961669921875,7.62939453125e-05,0.00133514404296875,0.00118255615234375,-0.0005340576171875,-0.00034332275390625,-0.00019073486328125,0.001678466796875,-0.005645751953125,-0.0061798095703125,0.00652313232421875,-0.0029754638671875,0.001068115234375,0.0014495849609375,0.00072479248046875,0.111846923828125,0.106048583984375,0.10772705078125,0.107574462890625,0.098724365234375,0.114288330078125,0.11810302734375,0.112457275390625,0.10833740234375,0.204010009765625,0.10101318359375,0.124664306640625,-1.349029541015625,-2.12005615234375,1.0821533203125,-1.148529052734375,-0.5133762359619141
890,0.445,-0.0,-0.0,-0.0,-0.0,-0.0,-0.0,-2.2579214572906494,6.106071472167969,-622.5170288085938,-181443.40625,40480.12890625,2511.6640625,-0.0,-0.0,-0.0,-0.0,-0.0,-0.0,-0.0,-0.0,-0.0,-0.0,-0.0,-0.0,0.0087738037109375,0.0063323974609375,0.01430511474609375,0.01560211181640625,0.01338958740234375,0.0164794921875,0.00957489013671875,0.0262451171875,0.0054168701171875,0.01110076904296875,0.0255584716796875,0.01232147216796875,0.0193023681640625,0.0091552734375,0.00514984130859375,0.03108978271484375,0.093536376953125,0.098876953125,0.093841552734375,0.095062255859375,0.0982666015625,0.099029541015625,0.116424560546875,0.0970458984375,0.10467529296875,0.18280029296875,0.10040283203125,0.127716064453125,0.062408447265625,0.90667724609375,-0.17364501953125,1.44775390625,10.4624605178833
891,0.4455,-0.0,-0.0,-0.0,-0.0,-0.0,-0.0,-2.2933030128479004,6.399957656860352,-620.9249267578125,-180677.328125,40541.703125,2534.855712890625,-0.0,-0.0,-0.0,-0.0,-0.0,-0.0,-0.0,-0.0,-0.0,-0.0,-0.0,-0.0,0.00141143798828125,0.00011444091796875,-3.814697265625e-05,-0.00095367431640625,-0.00080108642578125,0.0016021728515625,0.00148773193359375,0.00034332275390625,-0.00087738037109375,0.00400543212890625,0.00598907470703125,-0.00682830810546875,0.0019073486328125,-0.0006103515625,-0.00217437744140625,-0.00141143798828125,0.098876953125,0.10589599609375,0.094146728515625,0.100250244140625,0.125274658203125,0.09552001953125,0.08758544921875,0.092926025390625,0.09918212890625,0.076446533203125,0.09552001953125,0.061492919921875,1.122589111328125,1.87896728515625,-0.9100341796875,1.400604248046875,10.157575607299805
892,0.446,-0.0,-0.0,-0.0,-0.0,-0.0,-0.0,-2.4806132316589355,6.934906005859375,-620.0813598632812,-180264.359375,40329.12109375,2652.168212890625,-0.0,-0.0,-0.0,-0.0,-0.0,-0.0,-0.0,-0.0,-0.0,-0.0,-0.0,-0.0,-0.00835418701171875,-0.007781982421875,-0.01262664794921875,-0.01674652099609375,-0.0121307373046875,-0.0136566162109375,-0.008392333984375,-0.02223968505859375,-0.009918212890625,-0.00888824462890625,-0.0240325927734375,-0.01434326171875,-0.0150299072265625,-0.012664794921875,-0.00354766845703125,-0.0299835205078125,0.102386474609375,0.100860595703125,0.093841552734375,0.1092529296875,0.084686279296875,0.1043701171875,0.078887939453125,0.092926025390625,0.097503662109375,0.206146240234375,0.103912353515625,0.0994873046875,0.062408447265625,-0.3662109375,0.37017822265625,-0.98663330078125,0.7061610817909241
893,0.4465,-0.0,-0.0,-0.0,-0.0,-0.0,-0.0,-3.1686534881591797,6.871618270874023,-617.3585205078125,-179900.828125,40351.15625,2757.91064453125,-0.0,-0.0,-0.0,-0.0,-0.0,-0.0,-0.0,-0.0,-0.0,-0.0,-0.0,-0.0,-0.00133514404296875,0.00110626220703125,0.00125885009765625,0.00202178955078125,-0.0014495849609375,0.0011444091796875,0.00148773193359375,0.0003814697265625,0.00057220458984375,-0.00331878662109375,-0.004119873046875,0.00431060791015625,-0.00209808349609375,0.00019073486328125,0.00209808349609375,0.00335693359375,0.099334716796875,0.100555419921875,0.10009765625,0.103607177734375,0.110931396484375,0.0970458984375,0.103302001953125,0.095977783203125,0.09674072265625,0.14373779296875,0.105438232421875,0.09857177734375,-0.960540771484375,-2.00347900390625,0.61431884765625,-1.4361572265625,-4.78175687789917
894,0.447,-0.0,-0.0,-0.0,-0.0,-0.0,-0.0,-2.897247076034546,7.13043212890625,-615.94580078125,-179289.0625,40483.58203125,2813.721435546875,-0.0,-0.0,-0.0,-0.0,-0.0,-0.0,-0.0,-0.0,-0.0,-0.0,-0.0,-0.0,0.00942230224609375,0.00850677490234375,0.01308441162109375,0.01728057861328125,0.01247406005859375,0.01468658447265625,0.0099945068359375,0.02227783203125,0.00949859619140625,0.01010894775390625,0.02597808837890625,0.01277923583984375,0.0150299072265625,0.01354217529296875,0.00308990478515625,0.02956390380859375,0.10101318359375,0.101470947265625,0.097503662109375,0.101165771484375,0.102081298828125,0.09490966796875,0.105133056640625,0.099639892578125,0.094146728515625,0.066986083984375,0.095672607421875,0.10162353515625,0.187225341796875,0.79132080078125,-0.338134765625,1.146392822265625,8.93803882598877
895,0.4475,-0.0,-0.0,-0.0,-0.0,-0.0,-0.0,-3.3984315395355225,7.338850975036621,-616.232177734375,-179208.265625,40855.36328125,2790.304443359375,-0.0,-0.0,-0.0,-0.0,-0.0,-0.0,-0.0,-0.0,-0.0,-0.0,-0.0,-0.0,0.001220703125,-0.00102996826171875,0.00102996826171875,-0.0002288818359375,-0.00293731689453125,0.0005340576171875,-0.00034332275390625,0.00148773193359375,0.00034332275390625,0.00049591064453125,0.00728607177734375,-0.00324249267578125,0.00431060791015625,-0.001220703125,-0.0006103515625,-0.0014495849609375,0.10284423828125,0.1068115234375,0.098114013671875,0.100250244140625,0.1263427734375,0.098114013671875,0.10650634765625,0.091094970703125,0.100250244140625,0.1239013671875,0.09063720703125,0.10406494140625,0.949249267578125,2.4224853515625,-0.531005859375,1.756134033203125,11.377113342285156
896,0.448,-0.0,-0.0,-0.0,-0.0,-0.0,-0.0,-3.3007888793945312,7.762714385986328,-612.5466918945312,-178901.359375,40493.86328125,2804.31689453125,-0.0,-0.0,-0.0,-0.0,-0.0,-0.0,-0.0,-0.0,-0.0,-0.0,-0.0,-0.0,-0.0069427490234375,-0.00888824462890625,-0.01232147216796875,-0.0174713134765625,-0.0115203857421875,-0.013580322265625,-0.00934600830078125,-0.023956298828125,-0.00743865966796875,-0.0101470947265625,-0.0246429443359375,-0.010833740234375,-0.01888275146484375,-0.0102996826171875,-0.00362396240234375,-0.0301361083984375,0.100250244140625,0.108642578125,0.106658935546875,0.107574462890625,0.10833740234375,0.112762451171875,0.11077880859375,0.106658935546875,0.10345458984375,0.092926025390625,0.11138916015625,0.1190185546875,0.101318359375,-0.37841796875,0.6353759765625,-0.923614501953125,-0.5133762359619141
897,0.4485,-0.0,-0.0,-0.0,-0.0,-0.0,-0.0,-2.7987020015716553,7.244422435760498,-613.6954345703125,-178846.234375,40454.546875,2928.03662109375,-0.0,-0.0,-0.0,-0.0,-0.0,-0.0,-0.0,-0.0,-0.0,-0.0,-0.0,-0.0,-0.00080108642578125,0.001983642578125,0.00080108642578125,0.00194549560546875,0.0006103515625,0.00095367431640625,0.00148773193359375,-0.0006866455078125,-0.00064849853515625,-0.00118255615234375,-0.0055694580078125,0.00217437744140625,-0.00537872314453125,0.0016021728515625,0.00286102294921875,0.00316619873046875,0.101318359375,0.104522705078125,0.0897216796875,0.101776123046875,0.11383056640625,0.095062255859375,0.112152099609375,0.097503662109375,0.098876953125,0.121307373046875,0.093994140625,0.084991455078125,-0.610198974609375,-2.29949951171875,0.54351806640625,-1.92962646484375,-2.0377979278564453
898,0.449,-0.0,-0.0,-0.0,-0.0,-0.0,-0.0,-3.284311532974243,7.81878137588501,-611.7728881835938,-178407.484375,40275.3125,3024.00732421875,-0.0,-0.0,-0.0,-0.0,-0.0,-0.0,-0.0,-0.0,-0.0,-0.0,-0.0,-0.0,0.006561279296875,0.0092315673828125,0.01270294189453125,0.016021728515625,0.01346588134765625,0.014190673828125,0.010833740234375,0.0250244140625,0.00942230224609375,0.0095367431640625,0.0276947021484375,0.01125335693359375,0.02101898193359375,0.01285552978515625,0.002593994140625,0.03147125244140625,0.095672607421875,0.098114013671875,0.098114013671875,0.097808837890625,0.09674072265625,0.099639892578125,0.09429931640625,0.09857177734375,0.090484619140625,0.075836181640625,0.102386474609375,0.1019287109375,0.3759765625,0.80230712890625,-0.1470947265625,1.398162841796875,6.1940789222717285
899,0.4495,-0.0,-0.0,-0.0,-0.0,-0.0,-0.0,-3.235438108444214,7.83531379699707,-612.3170166015625,-178053.609375,40235.92578125,2851.65478515625,-0.0,-0.0,-0.0,-0.0,-0.0,-0.0,-0.0,-0.0,-0.0,-0.0,-0.0,-0.0,0.0026702880859375,0.0005340576171875,-0.00102996826171875,-0.0006866455078125,0.00057220458984375,0.000762939453125,0.00095367431640625,-0.00080108642578125,-0.00091552734375,0.00553131103515625,0.0051116943359375,-0.0046539306640625,0.0041961669921875,0.00030517578125,0.0003814697265625,-0.00240325927734375,0.097808837890625,0.10162353515625,0.100250244140625,0.099029541015625,0.09307861328125,0.09613037109375,0.096435546875,0.101776123046875,0.099334716796875,0.0970458984375,0.102996826171875,0.0830078125,1.34674072265625,2.46917724609375,-0.36834716796875,1.965484619140625,10.4624605178833
900,0.45,-0.0,-0.0,-0.0,-0.0,-0.0,-0.0,-2.7816977500915527,7.713686943054199,-610.0057983398438,-177886.34375,40008.9765625,2814.166015625,-0.0,-0.0,-0.0,-0.0,-0.0,-0.0,-0.0,-0.0,-0.0,-0.0,-0.0,-0.0,-0.0081634521484375,-0.008087158203125,-0.01445770263671875,-0.01575469970703125,-0.0119781494140625,-0.015716552734375,-0.011138916015625,-0.02361297607421875,-0.00804901123046875,-0.0128173828125,-0.024871826171875,-0.01377105712890625,-0.0147247314453125,-0.01285552978515625,-0.00576019287109375,-0.02971649169921875,0.09857177734375,0.094757080078125,0.093994140625,0.095672607421875,0.09674072265625,0.101776123046875,0.094757080078125,0.09521484375,0.096893310546875,0.054779052734375,0.094146728515625,0.09918212890625,-0.292510986328125,-0.1800537109375,0.55023193359375,-1.135101318359375,0.7061610817909241
901,0.4505,-0.0,-0.0,-0.0,-0.0,-0.0,-0.0,-2.254354953765869,8.061853408813477,-608.6244506835938,-177274.546875,39829.7578125,2622.785888671875,-0.0,-0.0,-0.0,-0.0,-0.0,-0.0,-0.0,-0.0,-0.0,-0.0,-0.0,-0.0,-0.0011444091796875,0.00179290771484375,0.00102996826171875,0.00041961669921875,0.00225067138671875,-3.814697265625e-05,0.00133514404296875,0.0003814697265625,-0.0008392333984375,-0.001983642578125,-0.0034332275390625,0.00232696533203125,-0.0042724609375,0.002593994140625,0.00213623046875,0.003204345703125,0.09674072265625,0.09735107421875,0.09918212890625,0.099639892578125,0.10101318359375,0.10101318359375,0.12359619140625,0.0927734375,0.095977783203125,0.11688232421875,0.092926025390625,0.0927734375,-1.1944580078125,-2.1240234375,0.45989990234375,-1.54754638671875,-4.476872444152832
902,0.451,-0.0,-0.0,-0.0,-0.0,-0.0,-0.0,-2.4086837768554688,8.312949180603027,-608.529052734375,-177571.890625,39751.015625,2833.37939453125,-0.0,-0.0,-0.0,-0.0,-0.0,-0.0,-0.0,-0.0,-0.0,-0.0,-0.0,-0.0,0.0096893310546875,0.00835418701171875,0.012969970703125,0.01636505126953125,0.013580322265625,0.0148773193359375,0.01117706298828125,0.0222015380859375,0.0072479248046875,0.01232147216796875,0.02330780029296875,0.0139617919921875,0.0174713134765625,0.0115203857421875,0.00637054443359375,0.02956390380859375,0.09063720703125,0.089569091796875,0.091705322265625,0.096282958984375,0.111846923828125,0.0927734375,0.07354736328125,0.09002685546875,0.09674072265625,0.08392333984375,0.103759765625,0.123443603515625,0.344696044921875,0.48187255859375,-0.3656005859375,1.3995361328125,7.71850061416626
903,0.4515,-0.0,-0.0,-0.0,-0.0,-0.0,-0.0,-1.9863085746765137,8.758435249328613,-609.2353515625,-177217.484375,39970.0078125,2782.984619140625,-0.0,-0.0,-0.0,-0.0,-0.0,-0.0,-0.0,-0.0,-0.0,-0.0,-0.0,-0.0,0.00331878662109375,3.814697265625e-05,-0.00019073486328125,-0.0016021728515625,-0.000762939453125,-0.0005340576171875,0.0002288818359375,-0.00030517578125,-0.001678466796875,0.0043487548828125,0.00408172607421875,-7.62939453125e-05,0.0042724609375,-0.00091552734375,0.00125885009765625,-0.00232696533203125,0.107421875,0.10284423828125,0.102996826171875,0.10406494140625,0.111236572265625,0.104827880859375,0.08575439453125,0.10223388671875,0.108642578125,0.09033203125,0.110626220703125,0.09124755859375,1.070709228515625,2.17987060546875,-0.1708984375,2.1466064453125,8.023386001586914
904,0.452,-0.0,-0.0,-0.0,-0.0,-0.0,-0.0,-1.9548085927963257,9.106931686401367,-608.4051513671875,-177410.296875,39746.26953125,2754.041259765625,-0.0,-0.0,-0.0,-0.0,-0.0,-0.0,-0.0,-0.0,-0.0,-0.0,-0.0,-0.0,-0.008697509765625,-0.00797271728515625,-0.01445770263671875,-0.01575469970703125,-0.0106048583984375,-0.0162506103515625,-0.01026153564453125,-0.02391815185546875,-0.0063323974609375,-0.0116729736328125,-0.0223541259765625,-0.0142669677734375,-0.0153350830078125,-0.0098419189453125,-0.006561279296875,-0.0287628173828125,0.09490966796875,0.108795166015625,0.099639892578125,0.096282958984375,0.09490966796875,0.099334716796875,0.087890625,0.100555419921875,0.100860595703125,0.0732421875,0.098419189453125,0.086517333984375,-0.487823486328125,-0.00640869140625,0.4449462890625,-1.0162353515625,-1.732913613319397
905,0.4525,-0.0,-0.0,-0.0,-0.0,-0.0,-0.0,-2.207043409347534,9.366424560546875,-607.8226318359375,-176742.296875,39715.87109375,2603.061767578125,-0.0,-0.0,-0.0,-0.0,-0.0,-0.0,-0.0,-0.0,-0.0,-0.0,-0.0,-0.0,-0.0006866455078125,0.001220703125,0.00156402587890625,0.00118255615234375,0.0019073486328125,0.001220703125,0.00102996826171875,-0.00064849853515625,0.000457763671875,-0.00030517578125,-0.00232696533203125,0.0025177001953125,-0.00400543212890625,0.0019073486328125,0.00354766845703125,0.00148773193359375,0.10528564453125,0.0982666015625,0.099029541015625,0.10162353515625,0.101776123046875,0.099945068359375,0.105438232421875,0.098876953125,0.10040283203125,0.043182373046875,0.088043212890625,0.1153564453125,-1.080169677734375,-1.86279296875,0.48370361328125,-1.77337646484375,-2.0377979278564453
906,0.453,-0.0,-0.0,-0.0,-0.0,-0.0,-0.0,-1.7995796203613281,9.78131103515625,-609.083251953125,-177153.78125,39315.671875,2659.31396484375,-0.0,-0.0,-0.0,-0.0,-0.0,-0.0,-0.0,-0.0,-0.0,-0.0,-0.0,-0.0,0.00972747802734375,0.0089263916015625,0.0124359130859375,0.01705169677734375,0.01140594482421875,0.0160980224609375,0.01033782958984375,0.0240325927734375,0.006561279296875,0.01476287841796875,0.02490997314453125,0.01186370849609375,0.02147674560546875,0.01148223876953125,0.0048828125,0.030670166015625,0.10223388671875,0.095367431640625,0.098114013671875,0.10162353515625,0.09552001953125,0.100555419921875,0.118255615234375,0.101318359375,0.09033203125,0.044708251953125,0.09490966796875,0.098114013671875,0.738983154296875,0.55084228515625,-0.2459716796875,1.731414794921875,9.547806739807129
907,0.4535,-0.0,-0.0,-0.0,-0.0,-0.0,-0.0,-2.0061519145965576,10.168474197387695,-607.146484375,-177017.875,39532.30859375,2608.777587890625,-0.0,-0.0,-0.0,-0.0,-0.0,-0.0,-0.0,-0.0,-0.0,-0.0,-0.0,-0.0,0.0002288818359375,-0.00091552734375,-0.0020599365234375,-0.00034332275390625,-0.0002288818359375,-0.00087738037109375,0.00072479248046875,-0.00362396240234375,7.62939453125e-05,0.0020599365234375,0.00179290771484375,-0.001983642578125,0.0016021728515625,0.0003814697265625,-0.0025177001953125,-0.002288818359375,0.09674072265625,0.1025390625,0.096282958984375,0.09552001953125,0.11749267578125,0.095672607421875,0.089111328125,0.0994873046875,0.095367431640625,0.115966796875,0.0921630859375,0.105743408203125,1.287994384765625,2.164306640625,-0.4376220703125,1.600189208984375,9.852691650390625
908,0.454,-0.0,-0.0,-0.0,-0.0,-0.0,-0.0,-1.3532218933105469,10.354177474975586,-608.529052734375,-177096.5,39546.69921875,2672.210693359375,-0.0,-0.0,-0.0,-0.0,-0.0,-0.0,-0.0,-0.0,-0.0,-0.0,-0.0,-0.0,-0.008544921875,-0.009918212890625,-0.01155853271484375,-0.01575469970703125,-0.01251220703125,-0.014495849609375,-0.0104522705078125,-0.02269744873046875,-0.00637054443359375,-0.01293182373046875,-0.0229644775390625,-0.01476287841796875,-0.0177764892578125,-0.01186370849609375,-0.0028228759765625,-0.02986907958984375,0.098114013671875,0.09735107421875,0.09979248046875,0.096893310546875,0.052032470703125,0.10894775390625,0.117645263671875,0.09307861328125,0.099639892578125,0.1043701171875,0.105743408203125,0.15655517578125,-0.137939453125,-0.2215576171875,0.072021484375,-1.219940185546875,-0.8182606101036072
909,0.4545,-0.0,-0.0,-0.0,-0.0,-0.0,-0.0,-1.3232039213180542,10.844539642333984,-608.5882568359375,-177237.5,39484.8125,2521.641845703125,-0.0,-0.0,-0.0,-0.0,-0.0,-0.0,-0.0,-0.0,-0.0,-0.0,-0.0,-0.0,-0.0002288818359375,0.001373291015625,0.001068115234375,0.00171661376953125,0.00213623046875,0.00049591064453125,0.00087738037109375,-0.00034332275390625,0.00141143798828125,-0.0020599365234375,-0.00186920166015625,0.0031280517578125,-0.00034332275390625,0.00240325927734375,0.00030517578125,0.0034332275390625,0.095977783203125,0.095062255859375,0.0885009765625,0.098724365234375,0.117645263671875,0.098419189453125,0.089569091796875,0.0933837890625,0.099334716796875,0.120697021484375,0.10345458984375,0.03753662109375,-0.843048095703125,-1.91619873046875,0.53375244140625,-1.48101806640625,-4.476872444152832
910,0.455,-0.0,-0.0,-0.0,-0.0,-0.0,-0.0,-1.769422173500061,11.237817764282227,-607.6158447265625,-177451.640625,39531.62109375,2690.11279296875,-0.0,-0.0,-0.0,-0.0,-0.0,-0.0,-0.0,-0.0,-0.0,-0.0,-0.0,-0.0,0.00988006591796875,0.0072479248046875,0.01522064208984375,0.017242431640625,0.0107574462890625,0.01708984375,0.00804901123046875,0.02475738525390625,0.00789642333984375,0.01220703125,0.02410888671875,0.01728057861328125,0.01895904541015625,0.0101470947265625,0.00759124755859375,0.0293731689453125,0.102691650390625,0.104217529296875,0.100555419921875,0.1025390625,0.106658935546875,0.108489990234375,0.117950439453125,0.107421875,0.10833740234375,0.07659912109375,0.096435546875,0.089569091796875,0.534210205078125,0.382080078125,0.26580810546875,1.5460205078125,16.25526237487793
911,0.4555,-0.0,-0.0,-0.0,-0.0,-0.0,-0.0,-1.1144732236862183,12.51616096496582,-608.82421875,-177307.203125,39438.7578125,2812.844482421875,-0.0,-0.0,-0.0,-0.0,-0.0,-0.0,-0.0,-0.0,-0.0,-0.0,-0.0,-0.0,0.00087738037109375,-0.00141143798828125,0.00064849853515625,-0.0006866455078125,-0.00072479248046875,-0.00072479248046875,-0.0025177001953125,-0.001373291015625,-0.000762939453125,0.000457763671875,7.62939453125e-05,-0.00244140625,-0.00064849853515625,-0.00179290771484375,-7.62939453125e-05,-0.00347137451171875,0.10284423828125,0.094451904296875,0.09613037109375,0.096893310546875,0.095062255859375,0.09857177734375,0.106353759765625,0.0970458984375,0.09246826171875,0.07232666015625,0.087890625,0.098876953125,1.36199951171875,1.94976806640625,-0.59906005859375,1.57257080078125,-2.647566556930542
912,0.456,-0.0,-0.0,-0.0,-0.0,-0.0,-0.0,-1.0487180948257446,12.492781639099121,-606.8782958984375,-176822.21875,39081.87109375,2642.160888671875,-0.0,-0.0,-0.0,-0.0,-0.0,-0.0,-0.0,-0.0,-0.0,-0.0,-0.0,-0.0,-0.0077056884765625,-0.0087738037109375,-0.01232147216796875,-0.01728057861328125,-0.01033782958984375,-0.0164031982421875,-0.006866455078125,-0.02391815185546875,-0.00835418701171875,-0.01064300537109375,-0.024261474609375,-0.01461029052734375,-0.01850128173828125,-0.009918212890625,-0.005340576171875,-0.02899169921875,0.09674072265625,0.095062255859375,0.098876953125,0.095672607421875,0.106201171875,0.095367431640625,0.0897216796875,0.098114013671875,0.101776123046875,0.043182373046875,0.09796142578125,0.095367431640625,-0.379791259765625,-0.21392822265625,0.1837158203125,-1.222991943359375,4.364773273468018
913,0.4565,-0.0,-0.0,-0.0,-0.0,-0.0,-0.0,-1.3525307178497314,12.888008117675781,-606.8770141601562,-177171.5625,39207.109375,2496.351806640625,-0.0,-0.0,-0.0,-0.0,-0.0,-0.0,-0.0,-0.0,-0.0,-0.0,-0.0,-0.0,-0.0011444091796875,0.00095367431640625,0.0012969970703125,0.00301361083984375,0.00148773193359375,0.001373291015625,-0.0009918212890625,0.00331878662109375,0.0019073486328125,-0.00560760498046875,0.000762939453125,0.00232696533203125,0.00171661376953125,0.0017547607421875,-0.00011444091796875,0.00347137451171875,0.09552001953125,0.09613037109375,0.094757080078125,0.097198486328125,0.09918212890625,0.10162353515625,0.102081298828125,0.1025390625,0.099639892578125,0.132598876953125,0.106201171875,0.103912353515625,-1.31561279296875,-1.741943359375,0.478515625,-1.40655517578125,0.7061610817909241
914,0.457,-0.0,-0.0,-0.0,-0.0,-0.0,-0.0,-1.0990511178970337,13.28042984008789,-607.0880737304688,-176609.296875,38951.3203125,2611.23486328125,-0.0,-0.0,-0.0,-0.0,-0.0,-0.0,-0.0,-0.0,-0.0,-0.0,-0.0,-0.0,0.0083160400390625,0.01087188720703125,0.0125885009765625,0.01678466796875,0.0141143798828125,0.01575469970703125,0.012054443359375,0.02399444580078125,0.00732421875,0.0135040283203125,0.0270843505859375,0.01636505126953125,0.0160980224609375,0.0136566162109375,0.00438690185546875,0.030975341796875,0.10467529296875,0.088043212890625,0.10009765625,0.100250244140625,0.1080322265625,0.09552001953125,0.108795166015625,0.09735107421875,0.103759765625,0.116729736328125,0.09613037109375,0.121917724609375,0.55023193359375,0.78094482421875,0.1959228515625,1.051483154296875,9.24292278289795
915,0.4575,-0.0,-0.0,-0.0,-0.0,-0.0,-0.0,-1.0024993419647217,13.301594734191895,-607.2281494140625,-176834.078125,39282.09375,2505.85693359375,-0.0,-0.0,-0.0,-0.0,-0.0,-0.0,-0.0,-0.0,-0.0,-0.0,-0.0,-0.0,0.0012969970703125,-0.00194549560546875,0.00041961669921875,-0.00194549560546875,-0.0022125244140625,-7.62939453125e-05,0.00030517578125,-0.00247955322265625,-0.0018310546875,0.0025177001953125,0.00102996826171875,-0.00164031982421875,-0.0009918212890625,-0.00209808349609375,0.0025177001953125,-0.00438690185546875,0.097808837890625,0.10162353515625,0.092620849609375,0.098876953125,0.093231201171875,0.094451904296875,0.105133056640625,0.096435546875,0.097503662109375,0.1190185546875,0.090179443359375,0.0823974609375,1.343536376953125,1.92535400390625,-0.45196533203125,1.7529296875,13.511303901672363
916,0.458,-0.0,-0.0,-0.0,-0.0,-0.0,-0.0,-1.0844829082489014,14.08957576751709,-608.2035522460938,-177164.421875,39106.1484375,2423.260009765625,-0.0,-0.0,-0.0,-0.0,-0.0,-0.0,-0.0,-0.0,-0.0,-0.0,-0.0,-0.0,-0.0079345703125,-0.00720977783203125,-0.0145721435546875,-0.01644134521484375,-0.01224517822265625,-0.0157928466796875,-0.00980377197265625,-0.02292633056640625,-0.00713348388671875,-0.0119781494140625,-0.02410888671875,-0.01697540283203125,-0.0176239013671875,-0.0106048583984375,-0.00514984130859375,-0.02864837646484375,0.092926025390625,0.09552001953125,0.09246826171875,0.09765625,0.09552001953125,0.0933837890625,0.106964111328125,0.093994140625,0.09613037109375,0.13275146484375,0.09307861328125,0.070037841796875,-0.0079345703125,-0.26458740234375,0.26336669921875,-0.95245361328125,0.7061610817909241
917,0.4585,-0.0,-0.0,-0.0,-0.0,-0.0,-0.0,-1.0636030435562134,14.5075044631958,-607.5516967773438,-177427.796875,38907.921875,2553.808349609375,-0.0,-0.0,-0.0,-0.0,-0.0,-0.0,-0.0,-0.0,-0.0,-0.0,-0.0,-0.0,-0.00213623046875,0.001678466796875,0.001678466796875,0.00255584716796875,0.00186920166015625,3.814697265625e-05,0.0005340576171875,0.0029754638671875,0.00209808349609375,-0.00335693359375,0.0002288818359375,0.007476806640625,0.0016021728515625,0.001983642578125,0.00057220458984375,0.00522613525390625,0.10650634765625,0.11260986328125,0.09979248046875,0.110321044921875,0.112762451171875,0.100555419921875,0.101776123046875,0.107421875,0.111236572265625,0.0372314453125,0.1092529296875,0.0982666015625,-0.939483642578125,-1.954345703125,0.8209228515625,-1.053314208984375,-0.5133762359619141
918,0.459,-0.0,-0.0,-0.0,-0.0,-0.0,-0.0,-0.8442233204841614,14.775144577026367,-608.0663452148438,-177121.6875,39079.2890625,2425.7265625,-0.0,-0.0,-0.0,-0.0,-0.0,-0.0,-0.0,-0.0,-0.0,-0.0,-0.0,-0.0,0.00736236572265625,0.00835418701171875,0.01499176025390625,0.01712799072265625,0.01255035400390625,0.01522064208984375,0.00957489013671875,0.02544403076171875,0.00774383544921875,0.00934600830078125,0.02536773681640625,0.014495849609375,0.0165557861328125,0.01071929931640625,0.0078582763671875,0.03032684326171875,0.099334716796875,0.10650634765625,0.091552734375,0.095977783203125,0.104522705078125,0.10406494140625,0.092010498046875,0.09246826171875,0.09490966796875,0.087738037109375,0.10223388671875,0.105438232421875,-0.004119873046875,0.51116943359375,-0.205078125,1.1322021484375,7.413616180419922
