Coordinates
version=1
nRows=501
nColumns=40
inDegrees=yes

Units are S.I. units (second, meters, Newtons, ...)
If the header above contains a line with 'inDegrees', this indicates whether rotational values are in degrees (yes) or radians (no).

endheader
time	pelvis_tilt	pelvis_list	pelvis_rotation	pelvis_tx	pelvis_ty	pelvis_tz	hip_flexion_r	hip_adduction_r	hip_rotation_r	knee_angle_r	knee_angle_r_beta	ankle_angle_r	subtalar_angle_r	mtp_angle_r	hip_flexion_l	hip_adduction_l	hip_rotation_l	knee_angle_l	knee_angle_l_beta	ankle_angle_l	subtalar_angle_l	mtp_angle_l	lumbar_extension	lumbar_bending	lumbar_rotation	arm_flex_r	arm_add_r	arm_rot_r	elbow_flex_r	pro_sup_r	wrist_flex_r	wrist_dev_r	arm_flex_l	arm_add_l	arm_rot_l	elbow_flex_l	pro_sup_l	wrist_flex_l	wrist_dev_l
      1.50000000	     14.83315267	      0.01026624	      0.97418270	     -0.24495748	      1.06652139	     -1.06155078	     -1.55931358	     -1.06219133	      1.23156790	     18.92917486	      0.33037643	      0.07853101	      0.00000000	      0.00000000	    -11.40579300	      3.30346631	     -7.00677282	     14.24204898	      0.24857065	     -0.55699734	      0.00000000	      0.00000000	    -22.50400180	     -2.82157724	      5.23103246	     10.17333077	     -7.53908631	      1.40819014	     39.79410616	     85.71698116	      0.00000000	      0.00000000	     20.79971932	    -19.75021598	     37.81577926	     38.90282137	     87.08239604	      0.00000000	      0.00000000
      1.50500000	     14.86652773	      0.01749378	      0.89075934	     -0.24555151	      1.06660507	     -1.06164033	     -1.34345297	     -1.01724366	      1.72161167	     18.94892153	      0.33072107	      0.24446244	      0.00000000	      0.00000000	    -11.38366975	      3.33390968	     -7.11102360	     14.33002908	      0.25010619	     -0.72335365	      0.00000000	      0.00000000	    -22.51645551	     -2.87423133	      5.16132394	     10.54852648	     -7.71440153	      2.25509265	     39.87030780	     84.92810456	      0.00000000	      0.00000000	     21.31564924	    -19.98455885	     38.42873488	     38.99570519	     87.23015697	      0.00000000	      0.00000000
      1.51000000	     14.84339269	     -0.04357186	      0.90483236	     -0.24592397	      1.06665777	     -1.06179775	     -1.11779530	     -0.91004057	      1.77388478	     18.83634855	      0.32875630	      0.29469678	      0.00000000	      0.00000000	    -11.33297051	      3.27334064	     -7.10384724	     14.32582698	      0.25003285	     -0.74185418	      0.00000000	      0.00000000	    -22.47233962	     -2.82320265	      5.12610336	     10.88085726	     -7.62133175	      1.93602978	     39.79656818	     85.74795034	      0.00000000	      0.00000000	     21.75499352	    -19.94553036	     38.54548359	     38.86070867	     87.14383213	      0.00000000	      0.00000000
      1.51500000	     14.84967260	     -0.08941652	      0.88256527	     -0.24639555	      1.06670119	     -1.06188923	     -0.94047698	     -0.80265747	      2.09244334	     18.65079215	      0.32551773	      0.38580849	      0.00000000	      0.00000000	    -11.29236614	      3.22709166	     -7.17358336	     14.35651410	      0.25056844	     -0.77014561	      0.00000000	      0.00000000	    -22.46403607	     -2.79959682	      5.09494365	     11.23320576	     -7.63929526	      2.13375957	     39.80300615	     85.49279929	      0.00000000	      0.00000000	     22.31055731	    -19.98963037	     38.92167851	     38.76287942	     87.17014800	      0.00000000	      0.00000000
      1.52000000	     14.90124954	     -0.10978557	      0.84599364	     -0.24678523	      1.06689747	     -1.06197680	     -0.87722036	     -0.72048578	      2.43901763	     18.31446990	      0.31964780	      0.48565291	      0.00000000	      0.00000000	    -11.32511987	      3.21768427	     -7.26138041	     14.35915871	      0.25061460	     -0.83175227	      0.00000000	      0.00000000	    -22.50352156	     -2.81529306	      5.12428069	     11.48207406	     -7.74301131	      2.34142578	     40.03908190	     85.80196378	      0.00000000	      0.00000000	     22.90252066	    -20.08101769	     39.54724842	     38.72422920	     87.12952134	      0.00000000	      0.00000000
      1.52500000	     14.95045097	     -0.13644768	      0.79509183	     -0.24714902	      1.06703524	     -1.06203617	     -0.74181466	     -0.64210012	      2.72521832	     18.09897214	      0.31588666	      0.55715414	      0.00000000	      0.00000000	    -11.37582043	      3.20243668	     -7.31752482	     14.29260646	      0.24945304	     -0.92705418	      0.00000000	      0.00000000	    -22.51310448	     -2.82246735	      5.10160669	     11.89370408	     -7.81443772	      2.86442440	     39.96415411	     85.46235711	      0.00000000	      0.00000000	     23.47225426	    -20.12435725	     39.93636143	     38.66158092	     87.19276044	      0.00000000	      0.00000000
      1.53000000	     14.96717473	     -0.17059271	      1.02926921	     -0.24788765	      1.06711736	     -1.06267258	     -0.59581596	     -0.59622319	      2.64917534	     17.78036016	      0.31032583	      0.67101147	      0.00000000	      0.00000000	    -11.27462338	      3.13642476	     -7.08329899	     14.44301884	      0.25207823	     -0.88544825	      0.00000000	      0.00000000	    -22.54889947	     -2.71172821	      4.94417078	     12.23433103	     -7.92213598	      2.97947573	     40.10808651	     85.45683660	      0.00000000	      0.00000000	     24.17589874	    -20.11186164	     40.40558294	     38.53974896	     87.22405315	      0.00000000	      0.00000000
      1.53500000	     15.01783349	     -0.15074065	      1.11045367	     -0.24849863	      1.06731876	     -1.06301193	     -0.51370749	     -0.57252299	      2.84820966	     17.37685098	      0.30328326	      0.63944718	      0.00000000	      0.00000000	    -11.24837508	      3.14282195	     -7.08883776	     14.52334815	      0.25348024	     -0.96597898	      0.00000000	      0.00000000	    -22.59233406	     -2.71141563	      4.78546070	     12.60417351	     -8.10969864	      3.77709379	     40.30590083	     84.97673371	      0.00000000	      0.00000000	     24.83424702	    -20.26719867	     41.11486174	     38.57112201	     87.30316231	      0.00000000	      0.00000000
      1.54000000	     14.96553085	     -0.17548923	      1.05424985	     -0.24890436	      1.06737620	     -1.06307139	     -0.28660626	     -0.49758879	      3.09753385	     16.95632084	      0.29594363	      0.58707915	      0.00000000	      0.00000000	    -11.18707438	      3.13190265	     -7.14385170	     14.46836528	      0.25252061	     -1.06198986	      0.00000000	      0.00000000	    -22.52881579	     -2.72590122	      4.83643994	     12.94550137	     -8.17692740	      3.85078110	     40.45797087	     85.80151813	      0.00000000	      0.00000000	     25.38277819	    -20.26354837	     41.29586750	     38.55086593	     87.09900297	      0.00000000	      0.00000000
      1.54500000	     14.95361804	     -0.20194363	      1.02048208	     -0.24940539	      1.06747862	     -1.06315533	     -0.10150436	     -0.43949769	      3.30997350	     16.56009539	      0.28902819	      0.61521346	      0.00000000	      0.00000000	    -11.10587476	      3.10464672	     -7.23310936	     14.54322967	      0.25382724	     -1.11136515	      0.00000000	      0.00000000	    -22.49105109	     -2.72170378	      4.75486283	     13.34580804	     -8.29903468	      4.41225759	     40.63515074	     85.75172405	      0.00000000	      0.00000000	     25.96033315	    -20.35652503	     41.58383296	     38.54325963	     87.10026442	      0.00000000	      0.00000000
      1.55000000	     14.95105895	     -0.23281780	      1.04525276	     -0.24986946	      1.06758962	     -1.06337544	      0.04617133	     -0.37685660	      3.38995248	     16.10983259	      0.28116962	      0.62311190	      0.00000000	      0.00000000	    -11.08038235	      3.07746490	     -7.21641996	     14.52536204	      0.25351539	     -1.15110831	      0.00000000	      0.00000000	    -22.47583248	     -2.69981843	      4.75254164	     13.69764772	     -8.45439282	      4.82076094	     40.85048989	     85.90857774	      0.00000000	      0.00000000	     26.66099761	    -20.39090519	     42.16970492	     38.51222573	     87.02161303	      0.00000000	      0.00000000
      1.55500000	     14.92786185	     -0.26769851	      1.06727662	     -0.25036541	      1.06768110	     -1.06352645	      0.21256987	     -0.31470966	      3.57950694	     15.62803658	      0.27276069	      0.56674762	      0.00000000	      0.00000000	    -10.98373748	      3.03083940	     -7.21255213	     14.60786513	      0.25495534	     -1.17857515	      0.00000000	      0.00000000	    -22.41887499	     -2.65969518	      4.55835411	     14.23255009	     -8.61758939	      5.83386089	     40.91094723	     85.41969815	      0.00000000	      0.00000000	     27.18873402	    -20.55886470	     42.34106531	     38.65719208	     87.13837724	      0.00000000	      0.00000000
      1.56000000	     14.94430434	     -0.27085076	      1.05134137	     -0.25086767	      1.06775845	     -1.06362462	      0.49620607	     -0.29181743	      3.56449677	     15.46294206	      0.26987925	      0.59343403	      0.00000000	      0.00000000	    -10.98322692	      3.03474647	     -7.24461984	     14.57915612	      0.25445428	     -1.18324519	      0.00000000	      0.00000000	    -22.44040646	     -2.67143128	      4.51790781	     14.65876739	     -8.59064044	      5.85869252	     41.11035685	     85.44892293	      0.00000000	      0.00000000	     27.74215580	    -20.57006051	     42.23060403	     38.75992665	     87.10906710	      0.00000000	      0.00000000
      1.56500000	     14.85380035	     -0.23611067	      1.01333326	     -0.25120527	      1.06769475	     -1.06374090	      0.58093248	     -0.29142066	      4.00806908	     14.51813703	      0.25338929	      0.34387927	      0.00000000	      0.00000000	    -10.83507407	      3.07639423	     -7.32700585	     14.62667432	      0.25528363	     -1.29056413	      0.00000000	      0.00000000	    -22.30635082	     -2.74557361	      4.54557712	     14.92731838	     -8.95273067	      6.79229679	     41.60905322	     85.91147640	      0.00000000	      0.00000000	     28.40382006	    -20.64209520	     42.73411452	     38.83533762	     86.91820863	      0.00000000	      0.00000000
      1.57000000	     14.86504778	     -0.24775247	      1.03862106	     -0.25181788	      1.06785048	     -1.06401954	      0.86701571	     -0.27423189	      3.97307957	     14.35758860	      0.25058719	      0.38131110	      0.00000000	      0.00000000	    -10.81529728	      3.07383389	     -7.34708618	     14.59933759	      0.25480651	     -1.30214183	      0.00000000	      0.00000000	    -22.34694736	     -2.72431089	      4.47581846	     15.39830915	     -8.93846389	      6.83185755	     41.80020290	     85.92849735	      0.00000000	      0.00000000	     28.99875970	    -20.62346036	     42.63319958	     38.95135387	     86.89717875	      0.00000000	      0.00000000
      1.57500000	     14.86020964	     -0.24495296	      1.06303669	     -0.25238523	      1.06789589	     -1.06425234	      1.14816678	     -0.27702865	      3.94171893	     14.13017262	      0.24661804	      0.37724005	      0.00000000	      0.00000000	    -10.77948367	      3.07308365	     -7.36065453	     14.58129560	      0.25449162	     -1.32454048	      0.00000000	      0.00000000	    -22.35258612	     -2.71865070	      4.41851570	     15.84628747	     -8.96391417	      6.91639991	     42.00070359	     85.95266920	      0.00000000	      0.00000000	     29.60387275	    -20.63438078	     42.54550790	     39.06955824	     86.87728500	      0.00000000	      0.00000000
      1.58000000	     14.65582555	     -0.18501126	      1.13193292	     -0.25287551	      1.06775286	     -1.06461157	      1.24833873	     -0.33039506	      4.13707792	     12.87914079	      0.22478341	      0.00540149	      0.00000000	      0.00000000	    -10.44581434	      3.13222916	     -7.21294896	     14.74440424	      0.25733840	     -1.45198570	      0.00000000	      0.00000000	    -22.10832444	     -2.78760287	      4.30750978	     16.16794965	     -9.40082610	      8.07649459	     42.54068877	     86.18905258	      0.00000000	      0.00000000	     30.28439859	    -20.70518430	     42.91681500	     39.15705352	     86.81585041	      0.00000000	      0.00000000
      1.58500000	     14.72581331	     -0.21281575	      1.10182881	     -0.25342459	      1.06785708	     -1.06469565	      1.51973542	     -0.29373045	      4.14529009	     12.73474741	      0.22226327	     -0.01938223	      0.00000000	      0.00000000	    -10.49744939	      3.10990069	     -7.24398972	     14.74067062	      0.25727324	     -1.44606693	      0.00000000	      0.00000000	    -22.16804364	     -2.77632661	      4.28469239	     16.67788686	     -9.37078802	      8.17141602	     42.76202581	     86.20678227	      0.00000000	      0.00000000	     30.91514832	    -20.72234665	     42.82002166	     39.27601500	     86.79204868	      0.00000000	      0.00000000
      1.59000000	     14.88980527	     -0.35995753	      1.10321327	     -0.25392674	      1.06814870	     -1.06483281	      1.29624928	     -0.11580701	      4.46578447	     11.69003057	      0.20402952	     -0.90672247	      0.00000000	      0.00000000	    -10.57408076	      2.92503671	     -7.44699140	     14.89230147	      0.25991969	     -1.44632637	      0.00000000	      0.00000000	    -22.30657001	     -2.64203818	      4.22280501	     17.25100948	    -10.07618570	     10.35932353	     43.27068043	     86.40105544	      0.00000000	      0.00000000	     31.72652630	    -20.98652406	     43.72710955	     39.52014046	     86.59035847	      0.00000000	      0.00000000
      1.59500000	     14.91481127	     -0.35916563	      1.07866328	     -0.25446869	      1.06813826	     -1.06497354	      1.63877676	     -0.11901919	      4.40859698	     11.48551784	      0.20046010	     -0.87410129	      0.00000000	      0.00000000	    -10.57310813	      2.93457731	     -7.46173757	     14.86832548	      0.25950123	     -1.44704970	      0.00000000	      0.00000000	    -22.33803249	     -2.64620971	      4.18239498	     17.81081462	    -10.05438346	     10.38782926	     43.49335438	     86.40201842	      0.00000000	      0.00000000	     32.35812234	    -20.97770265	     43.60599582	     39.65136520	     86.56460333	      0.00000000	      0.00000000
      1.60000000	     14.84623757	     -0.28450414	      1.16307836	     -0.25489331	      1.06807397	     -1.06534931	      1.65833424	     -0.20371575	      4.49733817	     10.45938782	      0.18255076	     -1.12418827	      0.00000000	      0.00000000	    -10.40029427	      3.00777870	     -7.29272371	     15.02558700	      0.26224597	     -1.75465581	      0.00000000	      0.00000000	    -22.22167636	     -2.71687645	      3.99590288	     18.24016998	    -10.44777220	     11.51483622	     44.02104374	     86.48254813	      0.00000000	      0.00000000	     33.03201994	    -21.12466246	     43.89541391	     39.86876931	     86.44280259	      0.00000000	      0.00000000
      1.60500000	     14.86800906	     -0.30279517	      1.12215689	     -0.25551355	      1.06804784	     -1.06543168	      1.99107716	     -0.18879327	      4.45137550	     10.26933657	      0.17923374	     -1.12370941	      0.00000000	      0.00000000	    -10.40947808	      2.99426814	     -7.33690460	     14.98933864	      0.26161331	     -1.73872669	      0.00000000	      0.00000000	    -22.26992192	     -2.71946586	      3.98351870	     18.82455217	    -10.41805970	     11.57657658	     44.24804629	     86.48579888	      0.00000000	      0.00000000	     33.69887379	    -21.11604052	     43.77311026	     40.01893740	     86.41600894	      0.00000000	      0.00000000
      1.61000000	     14.79113212	     -0.22339679	      0.98801873	     -0.25583753	      1.06793209	     -1.06542017	      2.10421976	     -0.28076298	      4.45503203	      9.31065095	      0.16250151	     -1.46423695	      0.00000000	      0.00000000	    -10.29722827	      3.09572688	     -7.55687619	     15.00604932	      0.26190497	     -1.71990667	      0.00000000	      0.00000000	    -22.14205296	     -2.88404805	      4.05733350	     19.27266988	    -10.86122416	     12.70119497	     44.77920698	     86.57612588	      0.00000000	      0.00000000	     34.41298968	    -21.21840659	     43.94484037	     40.29738808	     86.31189859	      0.00000000	      0.00000000
      1.61500000	     14.85563205	     -0.25639719	      0.91463923	     -0.25634894	      1.06800154	     -1.06531462	      2.39400463	     -0.23454685	      4.45071832	      9.15586536	      0.15980000	     -1.48963040	      0.00000000	      0.00000000	    -10.33403533	      3.05552028	     -7.56973199	     15.00653079	      0.26191337	     -1.76624685	      0.00000000	      0.00000000	    -22.20163426	     -2.89261582	      4.05635129	     19.85527155	    -10.80703018	     12.78499132	     45.01407069	     86.57878355	      0.00000000	      0.00000000	     35.07653145	    -21.23638106	     43.83086167	     40.43201347	     86.28280437	      0.00000000	      0.00000000
      1.62000000	     15.02820517	     -0.37857985	      1.00323893	     -0.25687744	      1.06817578	     -1.06574401	      2.13652037	     -0.12000546	      4.63134652	      8.00629228	      0.13973616	     -2.34647715	      0.00000000	      0.00000000	    -10.38971605	      2.87870976	     -7.73028476	     15.20428498	      0.26536483	     -1.81597902	      0.00000000	      0.00000000	    -22.34725296	     -2.72504430	      3.80255517	     20.65415094	    -11.46988938	     15.04223878	     45.45520000	     86.57480824	      0.00000000	      0.00000000	     35.90287547	    -21.57694360	     44.61848434	     40.76557923	     86.04885836	      0.00000000	      0.00000000
      1.62500000	     15.05989258	     -0.38721323	      1.00678053	     -0.25738615	      1.06806912	     -1.06578156	      2.44425795	     -0.10977693	      4.51854411	      7.81670968	      0.13642732	     -2.32078280	      0.00000000	      0.00000000	    -10.39189954	      2.86049324	     -7.73901562	     15.20389720	      0.26535807	     -1.82376324	      0.00000000	      0.00000000	    -22.35070920	     -2.73574532	      3.73974422	     21.27471648	    -11.43602143	     15.05886524	     45.69097304	     86.56808015	      0.00000000	      0.00000000	     36.55946531	    -21.54386471	     44.50182465	     40.92109405	     86.02307966	      0.00000000	      0.00000000
      1.63000000	     14.99614917	     -0.30998976	      1.16779250	     -0.25809012	      1.06797652	     -1.06621126	      2.57244285	     -0.22112770	      4.02083543	      6.93498087	      0.12103825	     -2.64790509	      0.00000000	      0.00000000	    -10.14037134	      2.89070320	     -7.59070265	     15.49772191	      0.27048627	     -1.79147599	      0.00000000	      0.00000000	    -22.34146955	     -2.78655457	      3.45054941	     21.90468146	    -11.76917803	     16.08838522	     46.26556812	     86.57614055	      0.00000000	      0.00000000	     37.35088837	    -21.75022745	     44.80318140	     41.29329202	     85.92107121	      0.00000000	      0.00000000
      1.63500000	     15.02939021	     -0.40328148	      1.16889021	     -0.25866343	      1.06782271	     -1.06634124	      2.70580277	     -0.14110441	      4.05613156	      6.30087048	      0.10997094	     -3.02602423	      0.00000000	      0.00000000	    -10.05791974	      2.75491584	     -7.72068407	     15.70637561	      0.27412797	     -1.62367483	      0.00000000	      0.00000000	    -22.31295022	     -2.68925397	      3.30223208	     22.73622574	    -12.05528082	     17.29453590	     46.48931847	     86.54667830	      0.00000000	      0.00000000	     38.13165350	    -21.99354452	     45.34246145	     41.57842991	     85.78505571	      0.00000000	      0.00000000
      1.64000000	     15.06991205	     -0.39856495	      1.11191676	     -0.25924362	      1.06775179	     -1.06632750	      3.01517235	     -0.14383534	      3.94768912	      6.12267025	      0.10686075	     -2.97989971	      0.00000000	      0.00000000	    -10.07518875	      2.75927374	     -7.75224141	     15.69650025	      0.27395561	     -1.64904417	      0.00000000	      0.00000000	    -22.35455327	     -2.72030585	      3.27952419	     23.39475870	    -11.99962763	     17.29696485	     46.72075115	     86.54010547	      0.00000000	      0.00000000	     38.82366446	    -21.96976608	     45.20607616	     41.72219911	     85.75948442	      0.00000000	      0.00000000
      1.64500000	     15.15840534	     -0.28656163	      1.19991686	     -0.25982315	      1.06774372	     -1.06666162	      3.03259301	     -0.29965564	      3.56634734	      5.40464431	      0.09432884	     -3.17429583	      0.00000000	      0.00000000	    -10.02327493	      2.82970478	     -7.81467184	     15.93295911	      0.27808260	     -1.91570680	      0.00000000	      0.00000000	    -22.43781497	     -2.82494361	      3.02652874	     24.16462451	    -12.31746502	     18.44097525	     47.12627781	     86.54342236	      0.00000000	      0.00000000	     39.67804456	    -22.18295951	     45.80778737	     42.05800650	     85.65551104	      0.00000000	      0.00000000
      1.65000000	     15.18297959	     -0.29552851	      1.13815072	     -0.26043091	      1.06769871	     -1.06655448	      3.36376035	     -0.27292053	      3.45723194	      5.21201347	      0.09096680	     -3.14284561	      0.00000000	      0.00000000	    -10.00684558	      2.81111513	     -7.86043152	     15.89637040	      0.27744400	     -1.89574760	      0.00000000	      0.00000000	    -22.47781379	     -2.85283003	      3.02331136	     24.83895794	    -12.26822261	     18.44751555	     47.34015288	     86.53645745	      0.00000000	      0.00000000	     40.42545784	    -22.17205379	     45.66831544	     42.21239288	     85.63048469	      0.00000000	      0.00000000
      1.65500000	     15.20573293	     -0.28662539	      1.09178813	     -0.26101240	      1.06760683	     -1.06650837	      3.66827487	     -0.27946864	      3.31111566	      4.98383767	      0.08698438	     -3.12627079	      0.00000000	      0.00000000	     -9.99603309	      2.81285241	     -7.91194881	     15.89001499	      0.27733308	     -1.89262746	      0.00000000	      0.00000000	    -22.48336706	     -2.90091780	      2.99808276	     25.52441741	    -12.23695792	     18.50577746	     47.58305809	     86.53700173	      0.00000000	      0.00000000	     41.17835616	    -22.14138334	     45.55757848	     42.37954650	     85.60919955	      0.00000000	      0.00000000
      1.66000000	     15.14329521	     -0.06398522	      1.23365092	     -0.26154304	      1.06739168	     -1.06703549	      3.76076525	     -0.56746036	      2.60094233	      4.06612108	      0.07096720	     -3.37796641	      0.00000000	      0.00000000	     -9.73753834	      3.00552118	     -7.96247898	     16.23888238	      0.28342196	     -2.00729736	      0.00000000	      0.00000000	    -22.39824948	     -3.09422326	      2.75035448	     26.24950653	    -12.60589527	     19.62996832	     47.97331966	     86.60202584	      0.00000000	      0.00000000	     42.07361677	    -22.22989506	     46.14241751	     42.61433214	     85.60208858	      0.00000000	      0.00000000
      1.66500000	     15.20447015	     -0.10821857	      1.18051995	     -0.26221646	      1.06727529	     -1.06694367	      4.06094196	     -0.51314754	      2.56574720	      3.92319429	      0.06847266	     -3.41363578	      0.00000000	      0.00000000	     -9.76160254	      2.94911187	     -7.99120610	     16.22525861	      0.28318418	     -2.00108040	      0.00000000	      0.00000000	    -22.46555909	     -3.09858388	      2.69185047	     26.99220093	    -12.55660949	     19.68422271	     48.22509901	     86.59595671	      0.00000000	      0.00000000	     42.86456994	    -22.23888867	     46.05822827	     42.76230769	     85.58079204	      0.00000000	      0.00000000
      1.67000000	     15.38119004	     -0.14734526	      1.26143222	     -0.26297057	      1.06739053	     -1.06707537	      4.01076238	     -0.48214042	      2.20795030	      3.23108186	      0.05639302	     -4.12414596	      0.00000000	      0.00000000	     -9.76049889	      2.86763644	     -7.84381521	     16.62279847	      0.29012256	     -1.94333879	      0.00000000	      0.00000000	    -22.64566261	     -3.06132455	      2.51281142	     28.02584738	    -13.03362005	     21.34134473	     48.52642745	     86.61968981	      0.00000000	      0.00000000	     43.96613791	    -22.54220128	     47.20887816	     43.13260820	     85.57795394	      0.00000000	      0.00000000
      1.67500000	     15.41706288	     -0.16946579	      1.24298228	     -0.26342059	      1.06731624	     -1.06704251	      4.32177571	     -0.45601425	      2.10883473	      3.09028083	      0.05393558	     -4.06145069	      0.00000000	      0.00000000	     -9.78041238	      2.82807291	     -7.92648818	     16.56836632	      0.28917254	     -1.92384564	      0.00000000	      0.00000000	    -22.65357432	     -3.06369566	      2.42998226	     28.71198187	    -12.92367028	     21.32596356	     48.75005367	     86.60410250	      0.00000000	      0.00000000	     44.66637009	    -22.48810095	     47.11631125	     43.26001936	     85.55801390	      0.00000000	      0.00000000
      1.68000000	     15.43144108	     -0.15765400	      1.21019322	     -0.26405704	      1.06718558	     -1.06705538	      4.62856532	     -0.47550234	      1.94307665	      2.89682022	      0.05055905	     -3.99339430	      0.00000000	      0.00000000	     -9.76144774	      2.83369685	     -8.00764802	     16.54462541	      0.28875819	     -1.89838572	      0.00000000	      0.00000000	    -22.66736298	     -3.09383650	      2.36119165	     29.47143494	    -12.86994896	     21.34841048	     48.98389344	     86.59407620	      0.00000000	      0.00000000	     45.42849604	    -22.45276453	     47.04368300	     43.39604931	     85.54090555	      0.00000000	      0.00000000
      1.68500000	     15.51473644	     -0.07508046	      1.31469285	     -0.26473264	      1.06702177	     -1.06727534	      4.71969466	     -0.57311191	      1.37370293	      2.38227619	      0.04157856	     -4.14063289	      0.00000000	      0.00000000	     -9.63480566	      2.83528624	     -8.23938123	     16.91892462	      0.29529094	     -1.72210071	      0.00000000	      0.00000000	    -22.69076585	     -3.17598136	      1.96683959	     30.69815069	    -13.18711126	     23.25688971	     48.93675198	     86.39967247	      0.00000000	      0.00000000	     46.70490143	    -23.01499758	     49.08044855	     43.68510178	     85.36448550	      0.00000000	      0.00000000
      1.69000000	     15.54515884	     -0.09033232	      1.23569140	     -0.26561416	      1.06688444	     -1.06728178	      5.05873645	     -0.56845372	      1.27280456	      2.23521490	      0.03901186	     -4.09087030	      0.00000000	      0.00000000	     -9.61710709	      2.84718150	     -8.25237488	     16.90704855	      0.29508366	     -1.73240524	      0.00000000	      0.00000000	    -22.76081880	     -3.17203718	      1.94739353	     31.47103165	    -13.09023149	     23.19923979	     49.18748967	     86.39268008	      0.00000000	      0.00000000	     47.46015048	    -22.91119532	     48.91470469	     43.82071695	     85.34334058	      0.00000000	      0.00000000
      1.69500000	     15.55552647	     -0.08521995	      1.22425290	     -0.26621924	      1.06677613	     -1.06740118	      5.36766983	     -0.58454787	      1.10626981	      2.06910626	      0.03611272	     -4.06062076	      0.00000000	      0.00000000	     -9.57040261	      2.85679972	     -8.26432719	     16.92524876	      0.29540132	     -1.74437595	      0.00000000	      0.00000000	    -22.79038865	     -3.18896041	      1.89766751	     32.24276570	    -13.07494834	     23.18983595	     49.41182500	     86.39206076	      0.00000000	      0.00000000	     48.23130938	    -22.81886815	     48.79471830	     43.94387009	     85.32801576	      0.00000000	      0.00000000
      1.70000000	     15.59182386	     -0.06398756	      1.20789567	     -0.26680000	      1.06666725	     -1.06746949	      5.64941118	     -0.62219907	      0.90506915	      1.90949826	      0.03332703	     -4.03684075	      0.00000000	      0.00000000	     -9.55942117	      2.87300421	     -8.29024710	     16.96821407	      0.29615120	     -1.74592798	      0.00000000	      0.00000000	    -22.82029024	     -3.21905546	      1.84304456	     33.01003588	    -13.03864335	     23.22273265	     49.64946075	     86.39661440	      0.00000000	      0.00000000	     48.98719458	    -22.70065015	     48.71259411	     44.06046030	     85.31824318	      0.00000000	      0.00000000
      1.70500000	     15.70156843	     -0.11157259	      1.38499119	     -0.26725713	      1.06651267	     -1.06769589	      5.79338624	     -0.59197254	     -0.01076909	      1.65604459	      0.02890343	     -4.23437627	      0.00000000	      0.00000000	     -9.38670965	      2.70492644	     -8.47073442	     17.55351214	      0.30636658	     -1.41783733	      0.00000000	      0.00000000	    -22.83830454	     -3.16776269	      1.63926681	     34.06722727	    -13.51800506	     24.96030246	     49.78097134	     86.44716946	      0.00000000	      0.00000000	     50.34633928	    -22.83808833	     50.59224125	     43.86456323	     85.46426986	      0.00000000	      0.00000000
      1.71000000	     15.72442244	     -0.12016458	      1.33081183	     -0.26788363	      1.06641899	     -1.06774186	      6.08925622	     -0.59633277	     -0.10505955	      1.53357862	      0.02676600	     -4.20280134	      0.00000000	      0.00000000	     -9.37649427	      2.71947809	     -8.50295921	     17.53109687	      0.30597536	     -1.42461060	      0.00000000	      0.00000000	    -22.86055968	     -3.17397942	      1.61322837	     34.84132882	    -13.40083810	     24.88538560	     50.02087497	     86.43409360	      0.00000000	      0.00000000	     51.07433837	    -22.70117467	     50.46199296	     44.00252943	     85.44458297	      0.00000000	      0.00000000
      1.71500000	     15.74838133	     -0.11769650	      1.28111223	     -0.26871835	      1.06628459	     -1.06772102	      6.40225672	     -0.60994458	     -0.22647486	      1.41581986	      0.02471072	     -4.18746415	      0.00000000	      0.00000000	     -9.34103264	      2.73038434	     -8.52563629	     17.52889866	      0.30593700	     -1.43622987	      0.00000000	      0.00000000	    -22.90361211	     -3.19748879	      1.59930151	     35.67259289	    -13.31646758	     24.82477042	     50.26301982	     86.42616087	      0.00000000	      0.00000000	     51.83561575	    -22.60004378	     50.34388338	     44.11673528	     85.43079149	      0.00000000	      0.00000000
      1.72000000	     15.65139942	      0.01964742	      1.23607705	     -0.26946909	      1.06582876	     -1.06761969	      6.89078323	     -0.76176598	     -0.72701457	      1.37950729	      0.02407694	     -4.50795196	      0.00000000	      0.00000000	     -9.02036208	      2.84107256	     -8.73992040	     17.89227179	      0.31227905	     -1.48303180	      0.00000000	      0.00000000	    -22.77846988	     -3.42919420	      1.55625868	     36.62627510	    -13.65710672	     25.98008521	     50.45197152	     86.43370784	      0.00000000	      0.00000000	     53.18932313	    -22.61113049	     51.85047447	     43.89059040	     85.53390981	      0.00000000	      0.00000000
      1.72500000	     15.68143468	      0.01630398	      1.19847663	     -0.27001136	      1.06576342	     -1.06767420	      7.16729611	     -0.76587796	     -0.82449615	      1.28542688	      0.02243493	     -4.47517769	      0.00000000	      0.00000000	     -9.02551628	      2.86121905	     -8.76190964	     17.87658524	      0.31200527	     -1.46509632	      0.00000000	      0.00000000	    -22.80281655	     -3.43338610	      1.52327766	     37.39876638	    -13.54693826	     25.88868347	     50.67254072	     86.42155011	      0.00000000	      0.00000000	     53.89020316	    -22.47962993	     51.72656022	     44.00136258	     85.51957064	      0.00000000	      0.00000000
      1.73000000	     15.78249501	      0.03487475	      1.27864451	     -0.27063715	      1.06562796	     -1.06786239	      7.38445636	     -0.81710173	     -1.44532470	      1.24710672	      0.02176612	     -4.49466580	      0.00000000	      0.00000000	     -8.99318180	      2.85196213	     -8.74257662	     18.08716198	      0.31568053	     -1.34656455	      0.00000000	      0.00000000	    -22.87764004	     -3.46298497	      1.41358562	     38.34808538	    -13.64951898	     26.50266823	     50.67669844	     86.40451531	      0.00000000	      0.00000000	     55.08976307	    -22.42141356	     52.92126820	     43.83741783	     85.58066509	      0.00000000	      0.00000000
      1.73500000	     15.80626790	      0.01179855	      1.25521719	     -0.27116195	      1.06561555	     -1.06793250	      7.64645906	     -0.81453842	     -1.53801976	      1.16207864	      0.02028210	     -4.49308845	      0.00000000	      0.00000000	     -8.98929650	      2.84454208	     -8.77502573	     18.05737842	      0.31516071	     -1.34826676	      0.00000000	      0.00000000	    -22.89782649	     -3.43700310	      1.37702948	     39.10080397	    -13.53713742	     26.40811648	     50.88700375	     86.39406733	      0.00000000	      0.00000000	     55.76581484	    -22.27349130	     52.79042951	     43.94595044	     85.56462179	      0.00000000	      0.00000000
      1.74000000	     15.84504211	      0.00610577	      1.24182978	     -0.27162543	      1.06551191	     -1.06806413	      7.91504423	     -0.83327010	     -1.70346446	      1.10321550	      0.01925474	     -4.52806792	      0.00000000	      0.00000000	     -8.99803078	      2.85094252	     -8.80160925	     18.06591486	      0.31530970	     -1.34559491	      0.00000000	      0.00000000	    -22.92603993	     -3.43132917	      1.32351001	     39.87911549	    -13.44164236	     26.35029465	     51.09003864	     86.38980198	      0.00000000	      0.00000000	     56.49222954	    -22.13682316	     52.67829355	     44.02356946	     85.55396489	      0.00000000	      0.00000000
      1.74500000	     16.03807474	      0.00768950	      1.28213726	     -0.27230477	      1.06567561	     -1.06816008	      8.07493523	     -0.86686118	     -2.50743153	      1.18474931	      0.02067778	     -5.08012576	      0.00000000	      0.00000000	     -9.05442069	      2.82270014	     -8.85531383	     18.29053105	      0.31922999	     -1.33979652	      0.00000000	      0.00000000	    -23.11346432	     -3.44661056	      1.23513790	     40.88005080	    -13.52928910	     26.97129440	     51.06596592	     86.45329096	      0.00000000	      0.00000000	     57.55797203	    -21.96177812	     53.24322034	     43.70631950	     85.62753779	      0.00000000	      0.00000000
      1.75000000	     16.02247372	     -0.04078867	      1.27357398	     -0.27269224	      1.06554375	     -1.06821600	      8.35475540	     -0.83027570	     -2.61399708	      1.10553865	      0.01929529	     -5.04220413	      0.00000000	      0.00000000	     -9.01216428	      2.79077985	     -8.86848020	     18.28226840	      0.31908578	     -1.32176383	      0.00000000	      0.00000000	    -23.05970335	     -3.39657183	      1.21903305	     41.61186314	    -13.46713063	     26.94788042	     51.23904462	     86.44931960	      0.00000000	      0.00000000	     58.24965138	    -21.82917556	     53.22631783	     43.78166107	     85.62504816	      0.00000000	      0.00000000
      1.75500000	     15.97292791	     -0.05518842	      1.27224966	     -0.27321739	      1.06519406	     -1.06824800	      8.73742243	     -0.85365759	     -2.95425351	      1.15454916	      0.02015068	     -5.03820197	      0.00000000	      0.00000000	     -8.83846031	      2.77135499	     -8.86469922	     18.45402300	      0.32208346	     -1.17575236	      0.00000000	      0.00000000	    -22.96328855	     -3.45129585	      1.31735949	     42.42047706	    -13.65415725	     27.36697544	     51.38234737	     86.47517803	      0.00000000	      0.00000000	     59.54469883	    -21.58426054	     54.74141334	     43.44571548	     85.51464444	      0.00000000	      0.00000000
      1.76000000	     16.06228410	     -0.12324207	      1.30248146	     -0.27367093	      1.06517641	     -1.06837574	      8.92600544	     -0.81015950	     -3.24054748	      1.14737098	      0.02002540	     -5.03162028	      0.00000000	      0.00000000	     -8.82388033	      2.68426288	     -8.91054540	     18.63640493	      0.32526663	     -1.10069476	      0.00000000	      0.00000000	    -23.02942821	     -3.37549474	      1.25639405	     43.20260062	    -13.61218164	     27.47436965	     51.59804121	     86.43958034	      0.00000000	      0.00000000	     60.32111663	    -21.42640415	     54.94102601	     43.44986883	     85.71261866	      0.00000000	      0.00000000
      1.76500000	     16.10367414	     -0.10321628	      1.32994289	     -0.27410786	      1.06509073	     -1.06855733	      9.17051277	     -0.87682235	     -3.46632709	      1.18276545	      0.02064315	     -5.06899013	      0.00000000	      0.00000000	     -8.79356285	      2.71091706	     -8.87773383	     18.72854875	      0.32687484	     -1.04463962	      0.00000000	      0.00000000	    -23.03163268	     -3.40295602	      1.25850551	     43.95598996	    -13.68703798	     27.65850771	     51.75851359	     86.57461070	      0.00000000	      0.00000000	     61.20344696	    -21.16107232	     55.42028515	     43.30063899	     85.40298168	      0.00000000	      0.00000000
      1.77000000	     16.09836915	     -0.05093298	      1.38395913	     -0.27429734	      1.06489087	     -1.06881843	      9.42958186	     -0.96970110	     -3.74902915	      1.19192518	      0.02080302	     -4.95171792	      0.00000000	      0.00000000	     -8.74391914	      2.78295653	     -8.79581304	     18.77434165	      0.32767408	     -1.10016652	      0.00000000	      0.00000000	    -22.98701270	     -3.42521503	      1.07309477	     44.80849858	    -13.56671009	     27.93495989	     51.75529970	     86.47628600	      0.00000000	      0.00000000	     61.91125912	    -21.06668321	     55.53177126	     43.31628703	     85.72640056	      0.00000000	      0.00000000
      1.77500000	     16.16816833	     -0.00943921	      1.46580590	     -0.27473165	      1.06487551	     -1.06909733	      9.62828610	     -1.07005025	     -4.17213657	      1.21326081	      0.02117540	     -5.11786404	      0.00000000	      0.00000000	     -8.72218494	      2.82189061	     -8.73153051	     18.93259316	      0.33043609	     -1.05520128	      0.00000000	      0.00000000	    -23.04596281	     -3.43781903	      0.93221342	     45.58994310	    -13.49726310	     27.96925906	     51.81832561	     86.52776554	      0.00000000	      0.00000000	     62.66832695	    -20.91102993	     55.69359103	     43.34375910	     85.71293089	      0.00000000	      0.00000000
      1.78000000	     16.15785599	     -0.01562017	      1.50862015	     -0.27529109	      1.06478378	     -1.06935238	      9.91793017	     -1.12533997	     -4.28331280	      1.24694784	      0.02176335	     -5.28636951	      0.00000000	      0.00000000	     -8.60551368	      2.82100110	     -8.67735114	     19.05116166	      0.33250550	     -1.06773179	      0.00000000	      0.00000000	    -23.01431342	     -3.43314827	      0.93128750	     46.34777308	    -13.51144560	     28.06592446	     51.94277284	     86.58759183	      0.00000000	      0.00000000	     63.48269767	    -20.59340721	     55.99147637	     43.18112695	     85.56121760	      0.00000000	      0.00000000
      1.78500000	     16.25316524	     -0.09747210	      1.51309194	     -0.27570256	      1.06487333	     -1.06932162	     10.07924921	     -1.05480993	     -4.47515479	      1.31497142	      0.02295058	     -5.18890684	      0.00000000	      0.00000000	     -8.65596685	      2.71895301	     -8.74395203	     19.10023844	      0.33336205	     -1.01494934	      0.00000000	      0.00000000	    -23.07929870	     -3.34231065	      0.86249294	     47.11755044	    -13.35937051	     28.11802626	     51.92933786	     86.50704562	      0.00000000	      0.00000000	     64.13093551	    -20.48670740	     56.01964780	     43.19409427	     85.90084442	      0.00000000	      0.00000000
      1.79000000	     16.33472823	     -0.14426416	      1.49470655	     -0.27615370	      1.06488156	     -1.06937260	     10.25182398	     -1.04986531	     -4.63663702	      1.32999788	      0.02321284	     -5.52827992	      0.00000000	      0.00000000	     -8.63016336	      2.66248306	     -8.75519340	     19.27187374	      0.33635765	     -1.01740740	      0.00000000	      0.00000000	    -23.14019316	     -3.32019455	      0.94624112	     47.90786913	    -13.37706281	     28.19504243	     51.97141940	     86.63649871	      0.00000000	      0.00000000	     64.89317924	    -20.14880718	     56.16382097	     43.12070572	     85.69601298	      0.00000000	      0.00000000
      1.79500000	     16.44104900	     -0.18785990	      1.50591733	     -0.27646509	      1.06489101	     -1.06943870	     10.36001032	     -1.02755914	     -4.64630339	      1.37285964	      0.02396092	     -5.39667873	      0.00000000	      0.00000000	     -8.67653113	      2.60826896	     -8.73265458	     19.39389666	      0.33848735	     -0.96696941	      0.00000000	      0.00000000	    -23.20135865	     -3.26646692	      0.91318588	     48.71560286	    -13.27808038	     28.31188365	     51.92426992	     86.56343172	      0.00000000	      0.00000000	     65.55614370	    -20.01270910	     56.34060243	     43.21744323	     85.85187313	      0.00000000	      0.00000000
      1.80000000	     16.46673543	     -0.21463333	      1.51369119	     -0.27680746	      1.06483785	     -1.06948942	     10.58354094	     -1.04147995	     -4.68719652	      1.44064354	      0.02514397	     -5.33082038	      0.00000000	      0.00000000	     -8.64746448	      2.57482187	     -8.72431838	     19.47248955	      0.33985906	     -0.92840823	      0.00000000	      0.00000000	    -23.18282908	     -3.23949747	      0.87947990	     49.46740818	    -13.15511302	     28.43759339	     51.87060671	     86.55998574	      0.00000000	      0.00000000	     66.23430518	    -19.82295294	     56.40834972	     43.20398764	     85.87195744	      0.00000000	      0.00000000
      1.80500000	     16.54972226	     -0.20895370	      1.49211607	     -0.27707975	      1.06488176	     -1.06946851	     10.71726980	     -1.07137997	     -4.67959243	      1.48181773	      0.02586260	     -5.50034215	      0.00000000	      0.00000000	     -8.70125509	      2.57896729	     -8.72866203	     19.51371176	      0.34057852	     -0.91259010	      0.00000000	      0.00000000	    -23.22537036	     -3.26908417	      0.89812902	     50.18245172	    -13.06827303	     28.38436684	     51.82276943	     86.54515694	      0.00000000	      0.00000000	     66.89540769	    -19.58789900	     56.50614477	     43.17728663	     85.88498805	      0.00000000	      0.00000000
      1.81000000	     16.71290743	     -0.22916545	      1.62226507	     -0.27723376	      1.06511258	     -1.06969903	     10.72061797	     -1.11157239	     -4.95943859	      1.48711652	      0.02595508	     -5.61271683	      0.00000000	      0.00000000	     -8.83111213	      2.52456368	     -8.67376500	     19.57626876	      0.34167035	     -0.95059730	      0.00000000	      0.00000000	    -23.33633858	     -3.19057187	      0.67101312	     51.05308815	    -12.88246103	     28.77365925	     51.56042721	     86.61299519	      0.00000000	      0.00000000	     67.47027345	    -19.50451476	     56.52049572	     43.20829075	     86.02439283	      0.00000000	      0.00000000
      1.81500000	     16.82628020	     -0.23613003	      1.65244139	     -0.27744221	      1.06522175	     -1.06982897	     10.78270357	     -1.14324409	     -4.90819890	      1.50703974	      0.02630281	     -5.69463052	      0.00000000	      0.00000000	     -8.92107915	      2.49800297	     -8.68459081	     19.62228306	      0.34247345	     -0.95468564	      0.00000000	      0.00000000	    -23.40933352	     -3.18185416	      0.63699986	     51.66150682	    -12.79685604	     28.78934826	     51.65616225	     86.50321876	      0.00000000	      0.00000000	     68.13990002	    -19.31920204	     56.74581376	     43.28570517	     85.94405663	      0.00000000	      0.00000000
      1.82000000	     16.86703302	     -0.30375433	      1.70418763	     -0.27790449	      1.06524581	     -1.07000583	     10.96366234	     -1.13594625	     -4.91252791	      1.56567148	      0.02732612	     -5.90656709	      0.00000000	      0.00000000	     -8.87678767	      2.40928091	     -8.65982728	     19.74034164	      0.34453396	     -0.91295720	      0.00000000	      0.00000000	    -23.42127557	     -3.10084989	      0.65061388	     52.41995340	    -12.74472638	     28.84308227	     51.46575087	     86.44525274	      0.00000000	      0.00000000	     68.77291345	    -19.07284096	     56.94928112	     43.21774598	     86.10691203	      0.00000000	      0.00000000
      1.82500000	     16.94276458	     -0.31251302	      1.78350566	     -0.27823063	      1.06531239	     -1.07017802	     11.05995121	     -1.17134556	     -4.88772348	      1.59590540	      0.02785380	     -5.73230610	      0.00000000	      0.00000000	     -8.89872700	      2.37111428	     -8.61807540	     19.81573772	      0.34584987	     -0.91190411	      0.00000000	      0.00000000	    -23.46983896	     -3.06759015	      0.55047137	     53.08870551	    -12.61696647	     28.84061585	     51.41371697	     86.43858511	      0.00000000	      0.00000000	     69.40906148	    -18.90429744	     57.07734108	     43.28064988	     86.10350367	      0.00000000	      0.00000000
      1.83000000	     17.04754159	     -0.32835955	      1.86051319	     -0.27846208	      1.06540590	     -1.07034781	     11.11995471	     -1.19964043	     -4.97397901	      1.61798716	      0.02823920	     -5.93879997	      0.00000000	      0.00000000	     -8.95340503	      2.33031311	     -8.57239684	     19.89390813	      0.34721420	     -0.97180373	      0.00000000	      0.00000000	    -23.53658977	     -3.03312116	      0.47225233	     53.77634746	    -12.49740160	     28.86458309	     51.28588579	     86.47337609	      0.00000000	      0.00000000	     70.00892289	    -18.71597473	     57.20271026	     43.36662823	     86.06979365	      0.00000000	      0.00000000
      1.83500000	     17.09801346	     -0.34276022	      1.88894495	     -0.27868581	      1.06546942	     -1.07037864	     11.21195879	     -1.22857827	     -4.68309488	      1.61232497	      0.02814038	     -5.91870611	      0.00000000	      0.00000000	     -8.98077176	      2.28525387	     -8.61537133	     19.92113493	      0.34768940	     -0.97849862	      0.00000000	      0.00000000	    -23.52757109	     -3.01480357	      0.40041611	     54.46241416	    -12.30746528	     28.95608794	     51.07476488	     86.33905824	      0.00000000	      0.00000000	     70.58741520	    -18.60305811	     57.44793213	     43.38209883	     86.01072367	      0.00000000	      0.00000000
      1.84000000	     17.08355733	     -0.37891595	      1.97172233	     -0.27884210	      1.06544131	     -1.07052536	     11.41059223	     -1.23845256	     -4.79123544	      1.67459714	      0.02922723	     -5.99507007	      0.00000000	      0.00000000	     -8.87767220	      2.20901647	     -8.60232893	     20.09596388	      0.35074074	     -0.93777390	      0.00000000	      0.00000000	    -23.46056762	     -2.96094704	      0.39027466	     55.03651349	    -12.26128924	     28.95581251	     51.00989463	     86.33647190	      0.00000000	      0.00000000	     71.04668123	    -18.28582845	     57.19135489	     43.41637910	     86.17748399	      0.00000000	      0.00000000
      1.84500000	     17.10752991	     -0.36015652	      2.04642164	     -0.27904016	      1.06539455	     -1.07062909	     11.54918652	     -1.30120476	     -4.80900837	      1.74150638	      0.03039502	     -6.13937468	      0.00000000	      0.00000000	     -8.87029498	      2.20803795	     -8.58201126	     20.11345550	      0.35104602	     -0.97454351	      0.00000000	      0.00000000	    -23.42645270	     -2.96930726	      0.26147889	     55.66614366	    -12.09202613	     29.04793480	     50.85133585	     86.32349107	      0.00000000	      0.00000000	     71.63648334	    -18.17182067	     57.49406015	     43.47205537	     86.32059944	      0.00000000	      0.00000000
      1.85000000	     17.16327090	     -0.37323879	      2.12204736	     -0.27928409	      1.06542581	     -1.07075096	     11.63985102	     -1.34660520	     -4.60412215	      1.74287659	      0.03041893	     -6.29599758	      0.00000000	      0.00000000	     -8.85363275	      2.15710065	     -8.59462862	     20.23868448	      0.35323168	     -0.97991679	      0.00000000	      0.00000000	    -23.42584833	     -2.93715482	      0.18509851	     56.26858378	    -11.95135976	     29.09857929	     50.71433041	     86.24536666	      0.00000000	      0.00000000	     72.16674419	    -17.96764940	     57.60535112	     43.45298271	     86.29321759	      0.00000000	      0.00000000
      1.85500000	     17.23704626	     -0.44192702	      2.22034314	     -0.27953787	      1.06552665	     -1.07084347	     11.68749531	     -1.31462912	     -4.51201420	      1.77008547	      0.03089382	     -6.21111662	      0.00000000	      0.00000000	     -8.87477836	      2.04636806	     -8.53192184	     20.30563761	      0.35440023	     -0.98316236	      0.00000000	      0.00000000	    -23.46863498	     -2.83928216	      0.05653901	     56.89304419	    -11.80373947	     29.23939118	     50.58310788	     86.21261109	      0.00000000	      0.00000000	     72.72568649	    -17.83199760	     57.71728508	     43.48268893	     86.32827486	      0.00000000	      0.00000000
      1.86000000	     17.23234653	     -0.42376434	      2.33133618	     -0.27979925	      1.06545673	     -1.07097979	     11.82836024	     -1.38514571	     -4.43030605	      1.79057189	      0.03125137	     -6.21806372	      0.00000000	      0.00000000	     -8.79582519	      2.03905451	     -8.40489438	     20.42239920	      0.35643811	     -0.97790626	      0.00000000	      0.00000000	    -23.41321688	     -2.83595270	      0.00759015	     57.48063486	    -11.68263831	     29.17899468	     50.32905990	     86.11286735	      0.00000000	      0.00000000	     73.33412287	    -17.64664724	     58.16632021	     43.56935079	     86.46729147	      0.00000000	      0.00000000
      1.86500000	     17.34739143	     -0.39806528	      2.39234073	     -0.28005351	      1.06555383	     -1.07104744	     11.80445196	     -1.45073876	     -3.99874336	      1.81223846	      0.03162953	     -6.06498835	      0.00000000	      0.00000000	     -8.84989909	      2.02470150	     -8.50573164	     20.52955918	      0.35830840	     -1.02245736	      0.00000000	      0.00000000	    -23.49303003	     -2.84768249	     -0.08688100	     58.07133280	    -11.50433896	     29.29211627	     50.16684861	     85.88656462	      0.00000000	      0.00000000	     73.83052586	    -17.47441006	     58.21397199	     43.59816396	     86.39009911	      0.00000000	      0.00000000
      1.87000000	     17.39132654	     -0.40755215	      2.49064016	     -0.28027389	      1.06552212	     -1.07120886	     11.87727711	     -1.49763353	     -3.98349306	      1.81522431	      0.03168164	     -6.14530060	      0.00000000	      0.00000000	     -8.85387961	      1.99845975	     -8.41266521	     20.57512359	      0.35910365	     -1.01916987	      0.00000000	      0.00000000	    -23.49357099	     -2.80603837	     -0.18363727	     58.64913846	    -11.39239043	     29.29906153	     49.95854007	     86.14644028	      0.00000000	      0.00000000	     74.33448809	    -17.28710145	     58.26707770	     43.64689483	     86.43373486	      0.00000000	      0.00000000
      1.87500000	     17.42507859	     -0.43805599	      2.58556845	     -0.28045832	      1.06553298	     -1.07130772	     11.95024577	     -1.50253962	     -3.87000056	      1.81539190	      0.03168457	     -6.33240940	      0.00000000	      0.00000000	     -8.83033319	      1.95373785	     -8.28491468	     20.68421993	      0.36100774	     -0.98687757	      0.00000000	      0.00000000	    -23.47780620	     -2.74945955	     -0.29668290	     59.21722368	    -11.22116091	     29.43316512	     49.72940042	     86.00007370	      0.00000000	      0.00000000	     74.82262592	    -17.18561242	     58.48630098	     43.73338570	     86.41623668	      0.00000000	      0.00000000
      1.88000000	     17.44320233	     -0.47142459	      2.67634468	     -0.28068839	      1.06546830	     -1.07140246	     12.05128224	     -1.51948511	     -3.68368536	      1.86352082	      0.03252457	     -6.29305578	      0.00000000	      0.00000000	     -8.79449405	      1.89701829	     -8.21940642	     20.74097066	      0.36199823	     -0.93315642	      0.00000000	      0.00000000	    -23.46366653	     -2.70194680	     -0.33864231	     59.68795599	    -11.12589654	     29.35912878	     49.68892553	     86.15991395	      0.00000000	      0.00000000	     75.35264324	    -16.93452117	     58.62970941	     43.66197137	     86.48965984	      0.00000000	      0.00000000
      1.88500000	     17.51207424	     -0.48883705	      2.74322068	     -0.28067503	      1.06544619	     -1.07141907	     12.05795687	     -1.53746294	     -3.48621725	      1.85854704	      0.03243777	     -6.25274029	      0.00000000	      0.00000000	     -8.84176914	      1.84329002	     -8.25480293	     20.79859465	      0.36300396	     -0.90541931	      0.00000000	      0.00000000	    -23.44866730	     -2.66959554	     -0.44741455	     60.27612469	    -10.96290430	     29.65903321	     49.32742611	     86.03178131	      0.00000000	      0.00000000	     75.77059795	    -16.76604573	     58.68311955	     43.62516861	     86.48586501	      0.00000000	      0.00000000
      1.89000000	     17.52538890	     -0.49798635	      2.82159075	     -0.28112244	      1.06536517	     -1.07156266	     12.15540052	     -1.58612533	     -3.24920694	      1.85258048	      0.03233363	     -6.45876280	      0.00000000	      0.00000000	     -8.73716437	      1.80645871	     -8.27263246	     20.98440662	      0.36624699	     -0.93866651	      0.00000000	      0.00000000	    -23.44820110	     -2.63489366	     -0.50698381	     60.79551461	    -10.79521196	     29.65339936	     49.11274431	     85.61916533	      0.00000000	      0.00000000	     76.32101032	    -16.61157048	     59.09016459	     43.63646937	     86.54884855	      0.00000000	      0.00000000
      1.89500000	     17.56831844	     -0.52979598	      2.89979689	     -0.28125718	      1.06530001	     -1.07162499	     12.21463830	     -1.59570052	     -3.07219602	      1.93130244	      0.03370759	     -6.37990743	      0.00000000	      0.00000000	     -8.75323784	      1.76701138	     -8.13260387	     21.03621869	      0.36715128	     -0.82693448	      0.00000000	      0.00000000	    -23.45608980	     -2.57966813	     -0.57167512	     61.29535101	    -10.74122119	     29.78068068	     48.99071602	     85.97860289	      0.00000000	      0.00000000	     76.71148759	    -16.43090609	     59.02131942	     43.69635250	     86.52931687	      0.00000000	      0.00000000
      1.90000000	     17.59727331	     -0.50746920	      2.99606863	     -0.28151182	      1.06520301	     -1.07172945	     12.29424163	     -1.66474262	     -2.93509316	      1.99113427	      0.03475185	     -6.28090422	      0.00000000	      0.00000000	     -8.72679477	      1.78228372	     -7.99050979	     21.10610524	      0.36837103	     -0.81276241	      0.00000000	      0.00000000	    -23.42907872	     -2.58128904	     -0.71433699	     61.80107544	    -10.51110519	     29.86988668	     48.68825166	     85.58668898	      0.00000000	      0.00000000	     77.22380656	    -16.31343628	     59.37499170	     43.70462643	     86.65801547	      0.00000000	      0.00000000
      1.90500000	     17.54095983	     -0.59924755	      3.02630804	     -0.28164758	      1.06500481	     -1.07168826	     12.45460807	     -1.60367418	     -2.65370510	      1.98712075	      0.03468180	     -6.40673693	      0.00000000	      0.00000000	     -8.57781863	      1.66674394	     -8.04559893	     21.26699452	      0.37117908	     -0.67150757	      0.00000000	      0.00000000	    -23.32367086	     -2.49201254	     -0.68059020	     62.27930181	    -10.47043565	     30.04482592	     48.52153494	     85.92173725	      0.00000000	      0.00000000	     77.61358818	    -16.05944156	     59.44084745	     43.63276708	     86.45787798	      0.00000000	      0.00000000
      1.91000000	     17.60843563	     -0.61512669	      3.12786585	     -0.28186840	      1.06486940	     -1.07174388	     12.48611799	     -1.62183454	     -2.54810382	      2.06194756	      0.03598777	     -6.35713717	      0.00000000	      0.00000000	     -8.59996551	      1.64543395	     -7.84270367	     21.33333168	      0.37233688	     -0.53139263	      0.00000000	      0.00000000	    -23.36924002	     -2.44984804	     -0.79134375	     62.75349686	    -10.27332782	     29.99221240	     48.29451731	     85.86166890	      0.00000000	      0.00000000	     78.13166981	    -15.94687242	     59.77799176	     43.61600572	     86.51107158	      0.00000000	      0.00000000
      1.91500000	     17.60796752	     -0.67329827	      3.17033138	     -0.28211844	      1.06473609	     -1.07172318	     12.57031170	     -1.60108081	     -2.22629075	      2.06485678	      0.03603855	     -6.46747831	      0.00000000	      0.00000000	     -8.50949283	      1.56003545	     -7.88971683	     21.50427094	      0.37532033	     -0.55429798	      0.00000000	      0.00000000	    -23.33138317	     -2.37779847	     -0.81796153	     63.24741938	    -10.18024779	     30.21946289	     48.09966175	     85.88820672	      0.00000000	      0.00000000	     78.53173393	    -15.79852776	     59.88758198	     43.56877244	     86.46940617	      0.00000000	      0.00000000
      1.92000000	     17.65391220	     -0.71956854	      3.24208662	     -0.28237497	      1.06462412	     -1.07174731	     12.61786390	     -1.57596849	     -2.18158987	      2.11130975	      0.03684931	     -6.54155499	      0.00000000	      0.00000000	     -8.48628595	      1.50440719	     -7.78922021	     21.61218216	      0.37720374	     -0.46928832	      0.00000000	      0.00000000	    -23.35972990	     -2.31514143	     -0.82023370	     63.60951424	    -10.06444704	     30.05894938	     47.95599069	     86.01088603	      0.00000000	      0.00000000	     79.01308794	    -15.54362439	     60.18707568	     43.47039353	     86.45023425	      0.00000000	      0.00000000
      1.92500000	     17.67373520	     -0.75652710	      3.30937414	     -0.28264176	      1.06447821	     -1.07173822	     12.68224465	     -1.57361790	     -1.98505583	      2.13466824	      0.03725699	     -6.56382491	      0.00000000	      0.00000000	     -8.43774049	      1.46738196	     -7.66364007	     21.69397507	      0.37863129	     -0.45567930	      0.00000000	      0.00000000	    -23.33170014	     -2.25465257	     -0.91822564	     64.07052408	     -9.81076647	     30.05448401	     47.55466096	     85.91559861	      0.00000000	      0.00000000	     79.44637103	    -15.45088324	     60.45738604	     43.45417343	     86.51011744	      0.00000000	      0.00000000
      1.93000000	     17.68603199	     -0.82705427	      3.29935117	     -0.28289818	      1.06423556	     -1.07167183	     12.76303718	     -1.51547690	     -1.65992847	      2.16969187	      0.03786827	     -6.60905480	      0.00000000	      0.00000000	     -8.34134985	      1.38439284	     -7.76320167	     21.89595766	      0.38215655	     -0.23811718	      0.00000000	      0.00000000	    -23.31779698	     -2.19654029	     -0.83419061	     64.53324688	     -9.79877119	     30.25489441	     47.38489626	     86.04718029	      0.00000000	      0.00000000	     79.86368194	    -15.17194157	     60.57749064	     43.26511968	     86.35500760	      0.00000000	      0.00000000
      1.93500000	     17.68953396	     -0.86326600	      3.36038362	     -0.28323480	      1.06401686	     -1.07160917	     12.86152508	     -1.49933141	     -1.48760337	      2.21891890	      0.03872744	     -6.63671836	      0.00000000	      0.00000000	     -8.21456153	      1.34302603	     -7.64177343	     22.10348102	      0.38577852	     -0.17010239	      0.00000000	      0.00000000	    -23.30912591	     -2.14471430	     -0.95501223	     64.99906114	     -9.53388404	     30.29100747	     47.04472703	     85.89272572	      0.00000000	      0.00000000	     80.31093033	    -15.12755909	     60.84265664	     43.21246215	     86.43311104	      0.00000000	      0.00000000
      1.94000000	     17.74053889	     -0.98500666	      3.35260906	     -0.28333451	      1.06377579	     -1.07138499	     12.90005078	     -1.36804741	     -1.40111988	      2.25545494	      0.03936511	     -6.73991052	      0.00000000	      0.00000000	     -8.15584198	      1.20122948	     -7.68843397	     22.33449731	      0.38981051	      0.07814547	      0.00000000	      0.00000000	    -23.30328467	     -2.04318700	     -0.87061404	     65.36619288	     -9.41199676	     30.31378824	     46.82547924	     85.74446225	      0.00000000	      0.00000000	     80.74698263	    -14.91661786	     61.15932991	     43.03892924	     86.47307241	      0.00000000	      0.00000000
      1.94500000	     17.65238310	     -1.05462757	      3.32759355	     -0.28365480	      1.06331013	     -1.07125694	     13.13351261	     -1.31095262	     -1.09111990	      2.37113253	      0.04138407	     -6.69286708	      0.00000000	      0.00000000	     -7.91525194	      1.15142881	     -7.61631079	     22.57250676	      0.39396456	      0.23011725	      0.00000000	      0.00000000	    -23.18535113	     -2.00827352	     -0.80721197	     65.77280271	     -9.34592089	     30.44350883	     46.61242770	     85.85057652	      0.00000000	      0.00000000	     81.17164746	    -14.67936147	     61.39736068	     42.79051708	     86.38960879	      0.00000000	      0.00000000
      1.95000000	     17.69220548	     -1.13901268	      3.34257849	     -0.28395300	      1.06303285	     -1.07125056	     13.19003475	     -1.23916130	     -0.83880240	      2.43527448	      0.04250356	     -6.79060824	      0.00000000	      0.00000000	     -7.85296493	      1.08563842	     -7.49979485	     22.76957679	      0.39740408	      0.50754924	      0.00000000	      0.00000000	    -23.20782097	     -1.90642008	     -0.79512148	     66.27783787	     -9.19524037	     30.64886749	     46.25157472	     86.06380918	      0.00000000	      0.00000000	     81.53355819	    -14.52722755	     61.52460724	     42.69382455	     86.27628245	      0.00000000	      0.00000000
      1.95500000	     17.71575481	     -1.18413790	      3.38942158	     -0.28446530	      1.06272343	     -1.07140917	     13.26782598	     -1.22476227	     -0.74782659	      2.44393967	      0.04265479	     -6.98996872	      0.00000000	      0.00000000	     -7.73323601	      1.07474744	     -7.29408208	     22.98031335	      0.40108213	      0.63652094	      0.00000000	      0.00000000	    -23.25362126	     -1.83305421	     -0.74138793	     66.63871373	     -9.17114097	     30.60961150	     46.14292679	     86.10064154	      0.00000000	      0.00000000	     81.93296839	    -14.24831580	     61.60366053	     42.57559018	     86.29919788	      0.00000000	      0.00000000
      1.96000000	     17.67795453	     -1.27556283	      3.38242519	     -0.28480168	      1.06222872	     -1.07132510	     13.41161188	     -1.13471430	     -0.45322375	      2.51790151	      0.04394567	     -6.93953295	      0.00000000	      0.00000000	     -7.47995873	      0.99697788	     -7.18166298	     23.37218805	      0.40792163	      0.88027104	      0.00000000	      0.00000000	    -23.19404812	     -1.75544686	     -0.75830381	     67.09322531	     -9.01020326	     30.85037858	     45.81717502	     85.90237583	      0.00000000	      0.00000000	     82.33929576	    -14.17103937	     61.93496770	     42.51495096	     86.25565797	      0.00000000	      0.00000000
      1.96500000	     17.72109172	     -1.36960121	      3.39701538	     -0.28512636	      1.06180661	     -1.07131624	     13.47689236	     -1.04923585	     -0.32544336	      2.59421610	      0.04527761	     -6.99257201	      0.00000000	      0.00000000	     -7.36452341	      0.91549178	     -7.05485693	     23.65642556	      0.41288252	      1.11278579	      0.00000000	      0.00000000	    -23.23904699	     -1.64180720	     -0.73669849	     67.52869858	     -8.87384295	     30.96750343	     45.51228210	     85.93282989	      0.00000000	      0.00000000	     82.67295600	    -13.98592296	     61.91104940	     42.35308344	     86.27175218	      0.00000000	      0.00000000
      1.97000000	     17.70483804	     -1.49627248	      3.41516341	     -0.28552245	      1.06126216	     -1.07121048	     13.62082531	     -0.92600562	     -0.15884519	      2.66444243	      0.04650329	     -7.04168586	      0.00000000	      0.00000000	     -7.12409140	      0.78839072	     -6.93359422	     24.05136633	      0.41977553	      1.37657816	      0.00000000	      0.00000000	    -23.21903379	     -1.51699920	     -0.70877623	     67.97024123	     -8.77028426	     31.14342507	     45.20663494	     85.93185736	      0.00000000	      0.00000000	     83.04518375	    -13.83334256	     62.00856448	     42.21921568	     86.28772776	      0.00000000	      0.00000000
      1.97500000	     17.62593942	     -1.62220623	      3.31961919	     -0.28585282	      1.06058425	     -1.07095148	     13.84050035	     -0.77266630	      0.18036110	      2.72609181	      0.04757928	     -7.13378231	      0.00000000	      0.00000000	     -6.83032170	      0.67306324	     -6.91569095	     24.45568983	      0.42683231	      1.67714800	      0.00000000	      0.00000000	    -23.11718872	     -1.44456069	     -0.56895587	     68.34862542	     -8.66333040	     31.19549251	     44.93194759	     85.91769538	      0.00000000	      0.00000000	     83.39468898	    -13.68767225	     62.19498717	     42.14228900	     86.25264203	      0.00000000	      0.00000000
      1.98000000	     17.70064552	     -1.74625391	      3.35754070	     -0.28599172	      1.06006759	     -1.07086588	     13.83981570	     -0.64508041	      0.25671451	      2.77039285	      0.04835248	     -7.09449779	      0.00000000	      0.00000000	     -6.71398419	      0.54302811	     -6.75131415	     24.83767387	      0.43349919	      2.01462604	      0.00000000	      0.00000000	    -23.16782159	     -1.31271543	     -0.58282658	     68.72525642	     -8.55502895	     31.44339741	     44.66822170	     85.96366169	      0.00000000	      0.00000000	     83.73162733	    -13.57926962	     62.27376165	     42.06290634	     86.29164872	      0.00000000	      0.00000000
      1.98500000	     17.65770734	     -1.86904892	      3.34977483	     -0.28655697	      1.05937895	     -1.07088285	     13.94878081	     -0.51329129	      0.53884117	      2.69184785	      0.04698161	     -7.35231992	      0.00000000	      0.00000000	     -6.38688106	      0.44055444	     -6.57170283	     25.31075033	      0.44175593	      2.27279230	      0.00000000	      0.00000000	    -23.15987142	     -1.17448715	     -0.55587534	     69.17023036	     -8.46224367	     31.71489743	     44.41560259	     85.52375778	      0.00000000	      0.00000000	     83.99926668	    -13.47116649	     62.13158269	     42.05077274	     85.96047349	      0.00000000	      0.00000000
      1.99000000	     17.58530445	     -1.81862700	      3.24514379	     -0.28702825	      1.05858664	     -1.07077423	     14.18673224	     -0.56356747	      0.96365061	      2.84468922	      0.04964919	     -7.22217447	      0.00000000	      0.00000000	     -6.04958655	      0.50962839	     -6.59495250	     25.81645091	      0.45058207	      2.58951113	      0.00000000	      0.00000000	    -23.11708035	     -1.26335812	     -0.51939520	     69.68985238	     -8.28295137	     32.04876680	     43.98253642	     85.51807673	      0.00000000	      0.00000000	     84.43234163	    -13.38796742	     62.59067661	     42.00208400	     86.44509821	      0.00000000	      0.00000000
      1.99500000	     17.50985072	     -1.94261183	      3.19109527	     -0.28735027	      1.05772592	     -1.07064681	     14.40485033	     -0.42084976	      1.12795866	      2.93586983	      0.05124059	     -7.17706467	      0.00000000	      0.00000000	     -5.71689232	      0.39927214	     -6.43046037	     26.29090833	      0.45886291	      2.80482318	      0.00000000	      0.00000000	    -23.02732151	     -1.15964556	     -0.38682426	     70.04973517	     -8.24080621	     32.16571973	     43.69363365	     85.87393375	      0.00000000	      0.00000000	     84.65464570	    -13.23213320	     62.27498955	     41.93515990	     86.26273932	      0.00000000	      0.00000000
      2.00000000	     17.52724740	     -2.01414852	      3.15145241	     -0.28775496	      1.05698825	     -1.07058440	     14.51578565	     -0.34053713	      1.33731203	      3.02421147	      0.05278245	     -7.22970130	      0.00000000	      0.00000000	     -5.48492121	      0.32216960	     -6.37031578	     26.75028508	      0.46688055	      2.98684390	      0.00000000	      0.00000000	    -23.07510260	     -1.08994757	     -0.36388728	     70.49404270	     -8.09554966	     32.38935626	     43.39961802	     85.99572554	      0.00000000	      0.00000000	     84.98733776	    -13.16612999	     62.33069055	     41.84967460	     86.16477202	      0.00000000	      0.00000000
      2.00500000	     17.54449875	     -2.10022474	      3.04520360	     -0.28812350	      1.05623038	     -1.07037555	     14.60873903	     -0.21287318	      1.57761043	      3.04530555	      0.05315061	     -7.27570534	      0.00000000	      0.00000000	     -5.25237121	      0.23244296	     -6.34166419	     27.24895988	      0.47558407	      3.28370694	      0.00000000	      0.00000000	    -23.10975405	     -1.03934711	     -0.22315903	     70.95470892	     -7.95475603	     32.57583558	     42.95143930	     85.95653439	      0.00000000	      0.00000000	     85.28026178	    -13.06061317	     62.36124385	     41.80247770	     86.20549949	      0.00000000	      0.00000000
      2.01000000	     17.50407369	     -2.21407415	      2.93091414	     -0.28850762	      1.05535559	     -1.07004205	     14.79412592	     -0.05808323	      1.83826301	      3.14089548	      0.05481897	     -7.25267209	      0.00000000	      0.00000000	     -4.96675665	      0.09909967	     -6.33915537	     27.72764915	      0.48393877	      3.54751835	      0.00000000	      0.00000000	    -23.10330936	     -0.98318663	     -0.14319622	     71.34427564	     -7.77378471	     32.72918792	     42.71122784	     85.76649359	      0.00000000	      0.00000000	     85.60068612	    -13.00015525	     62.32859052	     41.76541266	     86.22453395	      0.00000000	      0.00000000
      2.01500000	     17.44843450	     -2.23341704	      2.75897284	     -0.28892676	      1.05431018	     -1.06974456	     14.98130650	      0.01369679	      2.25141515	      3.18642242	      0.05561356	     -7.27965246	      0.00000000	      0.00000000	     -4.64507966	      0.05853331	     -6.46489335	     28.24769121	      0.49301522	      3.81504373	      0.00000000	      0.00000000	    -23.05948000	     -1.03306312	      0.03809571	     71.73668106	     -7.71303014	     32.96101030	     42.41558032	     85.85820672	      0.00000000	      0.00000000	     85.87357610	    -12.86997528	     62.31509743	     41.68837591	     86.09130624	      0.00000000	      0.00000000
      2.02000000	     17.45196663	     -2.24898955	      2.74333398	     -0.28910251	      1.05349593	     -1.06963438	     15.04660331	      0.04388950	      2.31076992	      3.17281455	      0.05537606	     -7.27585559	      0.00000000	      0.00000000	     -4.42641285	      0.01476465	     -6.39344525	     28.69848506	      0.50088305	      4.02889177	      0.00000000	      0.00000000	    -23.07418771	     -1.02773056	      0.05041675	     72.11535795	     -7.52941222	     33.10160214	     42.00562058	     85.71559520	      0.00000000	      0.00000000	     86.13707975	    -12.82697509	     62.35594897	     41.69213096	     86.20811839	      0.00000000	      0.00000000
      2.02500000	     17.46779795	     -2.27968901	      2.62450878	     -0.28974647	      1.05260288	     -1.06945127	     15.15145917	      0.12017108	      2.62351833	      3.15668657	      0.05509457	     -7.36792617	      0.00000000	      0.00000000	     -4.16169896	     -0.03690674	     -6.41446994	     29.22194251	      0.51001911	      4.24655712	      0.00000000	      0.00000000	    -23.15573467	     -1.02613408	      0.15449273	     72.60332357	     -7.45573366	     33.50274258	     41.72659889	     85.82108328	      0.00000000	      0.00000000	     86.41862435	    -12.72934318	     62.15927502	     41.61362405	     86.05640094	      0.00000000	      0.00000000
      2.03000000	     17.39613670	     -2.32384574	      2.46943309	     -0.29026272	      1.05152803	     -1.06910786	     15.37520709	      0.22011355	      2.80188551	      3.26400956	      0.05696771	     -7.25719144	      0.00000000	      0.00000000	     -3.82491192	     -0.12748994	     -6.55774528	     29.73031833	      0.51889194	      4.45243059	      0.00000000	      0.00000000	    -23.12616436	     -1.05582427	      0.30222587	     72.92296474	     -7.32871851	     33.56044709	     41.48195094	     85.72564085	      0.00000000	      0.00000000	     86.70274910	    -12.58166677	     62.11491387	     41.46493939	     86.21505475	      0.00000000	      0.00000000
      2.03500000	     17.36922336	     -2.40602594	      2.27506167	     -0.29062397	      1.05045852	     -1.06864855	     15.52059572	      0.36679074	      3.09943666	      3.25889981	      0.05687853	     -7.29105689	      0.00000000	      0.00000000	     -3.53417657	     -0.27246478	     -6.77827587	     30.26053232	      0.52814592	      4.66829144	      0.00000000	      0.00000000	    -23.12542357	     -1.04167177	      0.47817109	     73.32265484	     -7.19168004	     33.82817358	     41.14980992	     85.82998278	      0.00000000	      0.00000000	     86.94505819	    -12.51778712	     61.99602794	     41.38519076	     85.96190130	      0.00000000	      0.00000000
      2.04000000	     17.42712911	     -2.47418491	      2.21886651	     -0.29101766	      1.04958453	     -1.06844640	     15.55431643	      0.46840254	      3.11480680	      3.22280765	      0.05624860	     -7.37103632	      0.00000000	      0.00000000	     -3.34605305	     -0.41724569	     -6.90254046	     30.76270628	      0.53691051	      4.91664041	      0.00000000	      0.00000000	    -23.21361905	     -1.01125760	      0.56484667	     73.64748066	     -7.01720728	     33.81878556	     40.82861965	     85.49904191	      0.00000000	      0.00000000	     87.28598004	    -12.43099487	     62.26315089	     41.30552487	     85.85374259	      0.00000000	      0.00000000
      2.04500000	     17.34663125	     -2.44571262	      2.09076016	     -0.29148962	      1.04840643	     -1.06816213	     15.75079462	      0.47923351	      3.46809496	      3.23684691	      0.05649364	     -7.26785958	      0.00000000	      0.00000000	     -2.99782412	     -0.42023635	     -6.96810002	     31.27622718	      0.54587314	      5.13622264	      0.00000000	      0.00000000	    -23.17212992	     -1.08092940	      0.59245417	     74.04371727	     -6.75898054	     33.95425498	     40.38345485	     85.71042750	      0.00000000	      0.00000000	     87.50260558	    -12.37297006	     61.99309413	     41.21861376	     85.78443217	      0.00000000	      0.00000000
      2.05000000	     17.33362326	     -2.44018357	      1.90766201	     -0.29188203	      1.04722563	     -1.06763061	     15.88435664	      0.55256317	      3.60098499	      3.24535852	      0.05664219	     -7.21067126	      0.00000000	      0.00000000	     -2.72026488	     -0.49598189	     -7.23117388	     31.81625883	      0.55529847	      5.36522109	      0.00000000	      0.00000000	    -23.19825476	     -1.17287827	      0.77224396	     74.43462642	     -6.68832235	     34.27307837	     40.12487619	     85.84734038	      0.00000000	      0.00000000	     87.75476443	    -12.24978735	     61.87190053	     41.09184372	     85.77647193	      0.00000000	      0.00000000
      2.05500000	     17.30647365	     -2.47233722	      1.81815288	     -0.29262276	      1.04616041	     -1.06744687	     16.04517586	      0.61919295	      3.69438469	      3.25112397	      0.05674282	     -7.28486945	      0.00000000	      0.00000000	     -2.38331326	     -0.59126732	     -7.34381491	     32.37019869	      0.56496655	      5.53842760	      0.00000000	      0.00000000	    -23.25355099	     -1.18241330	      0.85489989	     74.72439731	     -6.49190115	     34.12120669	     39.82390557	     85.60488749	      0.00000000	      0.00000000	     88.07717131	    -12.16262120	     62.00209486	     40.97542886	     85.59939898	      0.00000000	      0.00000000
      2.06000000	     17.29734184	     -2.57415077	      1.71365445	     -0.29293405	      1.04499805	     -1.06699401	     16.16001180	      0.77813611	      3.72156596	      3.23850994	      0.05652266	     -7.29138809	      0.00000000	      0.00000000	     -2.09295243	     -0.79060280	     -7.53739797	     32.95975776	      0.57525629	      5.82554688	      0.00000000	      0.00000000	    -23.26345919	     -1.12762435	      0.93462571	     75.10885816	     -6.28994169	     34.42700227	     39.39078367	     85.73777712	      0.00000000	      0.00000000	     88.22227427	    -12.13996682	     61.65513215	     40.94091778	     85.71506198	      0.00000000	      0.00000000
      2.06500000	     17.20245384	     -2.57515684	      1.61122690	     -0.29356195	      1.04370573	     -1.06684604	     16.34349778	      0.80449917	      3.89659899	      3.14232014	      0.05484383	     -7.32808750	      0.00000000	      0.00000000	     -1.70459965	     -0.84630513	     -7.68906268	     33.50304714	      0.58473848	      6.06729910	      0.00000000	      0.00000000	    -23.23320305	     -1.16371550	      1.05348922	     75.41548964	     -6.23192794	     34.53851767	     39.23266087	     85.70262553	      0.00000000	      0.00000000	     88.44587397	    -11.96397150	     61.51952239	     40.78677694	     85.63023225	      0.00000000	      0.00000000
      2.07000000	     17.22194837	     -2.60571380	      1.48363952	     -0.29418873	      1.04261906	     -1.06656314	     16.44803914	      0.88482136	      3.92600140	      3.13904285	      0.05478663	     -7.31239587	      0.00000000	      0.00000000	     -1.46159978	     -0.95529501	     -7.91867647	     34.00599913	      0.59351665	      6.23791098	      0.00000000	      0.00000000	    -23.31351353	     -1.17436456	      1.17036402	     75.78234914	     -6.16142384	     34.81531644	     39.01129054	     85.69185579	      0.00000000	      0.00000000	     88.64997535	    -11.86850391	     61.38040278	     40.70719218	     85.53611145	      0.00000000	      0.00000000
      2.07500000	     17.21230123	     -2.68973090	      1.38168172	     -0.29482326	      1.04132913	     -1.06616767	     16.57793148	      1.01813242	      3.94832446	      3.11986773	      0.05445196	     -7.41549881	      0.00000000	      0.00000000	     -1.15340274	     -1.12250944	     -8.05026480	     34.58176209	      0.60356561	      6.51057393	      0.00000000	      0.00000000	    -23.37247983	     -1.12864781	      1.27134239	     76.18510906	     -6.02217576	     35.06169604	     38.68400422	     85.81500557	      0.00000000	      0.00000000	     88.81321728	    -11.76022533	     61.03765944	     40.56377900	     85.58501181	      0.00000000	      0.00000000
      2.08000000	     17.14128966	     -2.77539757	      1.34193143	     -0.29523456	      1.03994787	     -1.06603138	     16.75553156	      1.12397348	      3.85498161	      3.09747192	      0.05406108	     -7.33646804	      0.00000000	      0.00000000	     -0.78438258	     -1.27533781	     -8.14679712	     35.16440234	      0.61373460	      6.82300369	      0.00000000	      0.00000000	    -23.32990472	     -1.04648615	      1.30936761	     76.49970505	     -5.84026748	     35.15061794	     38.32911197	     85.85959875	      0.00000000	      0.00000000	     88.96620286	    -11.68489698	     60.87186376	     40.42825975	     85.57506205	      0.00000000	      0.00000000
      2.08500000	     17.15224366	     -2.77698413	      1.26211535	     -0.29562605	      1.03867377	     -1.06575864	     16.82928944	      1.15642172	      3.82565473	      3.04524018	      0.05314947	     -7.28680412	      0.00000000	      0.00000000	     -0.54605346	     -1.36480514	     -8.39801617	     35.68131527	      0.62275643	      7.06400000	      0.00000000	      0.00000000	    -23.38270091	     -1.06640942	      1.36863745	     76.86209376	     -5.68911374	     35.41948238	     37.99986266	     85.57623183	      0.00000000	      0.00000000	     89.13216413	    -11.63192438	     60.76865443	     40.42427832	     85.39189513	      0.00000000	      0.00000000
      2.09000000	     17.06919424	     -2.79475887	      1.14838829	     -0.29646536	      1.03734872	     -1.06553165	     17.01691569	      1.20475817	      3.87000090	      2.96000192	      0.05166178	     -7.41985439	      0.00000000	      0.00000000	     -0.15731163	     -1.42248021	     -8.44850908	     36.22458083	      0.63223821	      7.30956386	      0.00000000	      0.00000000	    -23.39289961	     -1.08185419	      1.45456409	     77.17788393	     -5.54244710	     35.49639674	     37.74914209	     85.78438116	      0.00000000	      0.00000000	     89.21388885	    -11.47594704	     60.20893812	     40.23165513	     85.60020271	      0.00000000	      0.00000000
      2.09500000	     17.01391682	     -2.79965452	      1.06779772	     -0.29707203	      1.03599616	     -1.06537875	     17.17377875	      1.22506685	      3.96221232	      2.89964872	      0.05060842	     -7.47849971	      0.00000000	      0.00000000	      0.17189327	     -1.46358042	     -8.53219890	     36.71256263	      0.64075509	      7.53654624	      0.00000000	      0.00000000	    -23.40782760	     -1.08826181	      1.49852451	     77.49159620	     -5.38325717	     35.61278691	     37.47898492	     85.76676134	      0.00000000	      0.00000000	     89.28862743	    -11.39876368	     59.80015992	     40.17714186	     85.53281418	      0.00000000	      0.00000000
      2.10000000	     16.95661513	     -2.85725188	      1.02011321	     -0.29763312	      1.03451202	     -1.06519027	     17.35345316	      1.30137589	      3.76800193	      2.89357668	      0.05050244	     -7.42729449	      0.00000000	      0.00000000	      0.51256626	     -1.57216569	     -8.55174839	     37.26371184	      0.65037446	      7.87058654	      0.00000000	      0.00000000	    -23.39497574	     -1.03274181	      1.52989714	     77.77980268	     -5.26244759	     35.80196022	     37.31248188	     85.83201684	      0.00000000	      0.00000000	     89.36954692	    -11.30600562	     59.42708090	     40.07310686	     85.63543543	      0.00000000	      0.00000000
      2.10500000	     16.93789603	     -2.91340392	      1.08526894	     -0.29822220	      1.03321700	     -1.06528321	     17.44613093	      1.33305138	      3.56974541	      2.84180793	      0.04959891	     -7.35975279	      0.00000000	      0.00000000	      0.82655173	     -1.66310942	     -8.47760102	     37.79675077	      0.65967775	      8.16307714	      0.00000000	      0.00000000	    -23.47100564	     -0.91982397	      1.47319903	     78.13829016	     -5.04912570	     35.82795524	     36.93937558	     85.79259317	      0.00000000	      0.00000000	     89.43016551	    -11.29489003	     59.03598478	     40.16758160	     85.60338556	      0.00000000	      0.00000000
      2.11000000	     16.97940981	     -2.92114619	      1.05262152	     -0.29878460	      1.03199384	     -1.06520893	     17.47860052	      1.34025771	      3.48509210	      2.74987900	      0.04799444	     -7.38746380	      0.00000000	      0.00000000	      1.04159648	     -1.69344494	     -8.45111311	     38.27625155	      0.66804661	      8.42617778	      0.00000000	      0.00000000	    -23.56842881	     -0.90754876	      1.52730986	     78.39085510	     -4.96480482	     35.90063369	     36.79733035	     85.74805387	      0.00000000	      0.00000000	     89.48080870	    -11.10626765	     58.58679964	     39.99428859	     85.59321525	      0.00000000	      0.00000000
      2.11500000	     16.84684245	     -2.99493724	      0.99032252	     -0.29937899	      1.03035867	     -1.06499940	     17.75439925	      1.43207972	      3.36291602	      2.75264020	      0.04804263	     -7.36988386	      0.00000000	      0.00000000	      1.51628166	     -1.80881103	     -8.41904001	     38.91083656	      0.67912221	      8.74409722	      0.00000000	      0.00000000	    -23.49661886	     -0.84603870	      1.55534764	     78.71594264	     -4.79091755	     36.00463056	     36.46308727	     85.82274388	      0.00000000	      0.00000000	     89.52708492	    -11.09676861	     58.28274347	     39.99601950	     85.61961368	      0.00000000	      0.00000000
      2.12000000	     16.80625073	     -2.97863285	      0.95739102	     -0.30000699	      1.02905571	     -1.06494334	     17.89224965	      1.40727478	      3.32212351	      2.71003932	      0.04729911	     -7.34031263	      0.00000000	      0.00000000	      1.81470563	     -1.79415050	     -8.39618803	     39.35423697	      0.68686101	      8.95663743	      0.00000000	      0.00000000	    -23.54676280	     -0.84827406	      1.56025989	     78.98909286	     -4.69601821	     36.23803790	     36.31605692	     85.86140714	      0.00000000	      0.00000000	     89.56440805	    -11.04823963	     57.91740695	     40.01452605	     85.72281400	      0.00000000	      0.00000000
      2.12500000	     16.69454480	     -2.96522411	      0.94231296	     -0.30046117	      1.02748009	     -1.06490706	     18.09692764	      1.37878897	      3.17464712	      2.64953514	      0.04624311	     -7.34275320	      0.00000000	      0.00000000	      2.20895782	     -1.76026325	     -8.21983253	     39.85123301	      0.69553523	      9.27726483	      0.00000000	      0.00000000	    -23.48366892	     -0.85067648	      1.57259052	     79.19938657	     -4.56156896	     36.24361749	     36.15127168	     85.70306061	      0.00000000	      0.00000000	     89.58970224	    -10.93433442	     57.52594280	     40.00296695	     85.73644276	      0.00000000	      0.00000000
      2.13000000	     16.66696361	     -3.09577558	      0.97160793	     -0.30120377	      1.02604091	     -1.06491527	     18.25068488	      1.50316314	      2.94392801	      2.68442037	      0.04685197	     -7.32035632	      0.00000000	      0.00000000	      2.59941146	     -1.91892859	     -8.09370458	     40.49681770	      0.70680281	      9.54973372	      0.00000000	      0.00000000	    -23.54060241	     -0.67968769	      1.57637246	     79.53804531	     -4.42297648	     36.43471999	     35.85823679	     85.78112347	      0.00000000	      0.00000000	     89.61645459	    -10.89895913	     57.15019746	     40.03674836	     85.78451655	      0.00000000	      0.00000000
      2.13500000	     16.62440826	     -3.16169230	      1.06255328	     -0.30174277	      1.02469098	     -1.06510556	     18.38473755	      1.51870707	      2.68015705	      2.65554680	      0.04634804	     -7.37722830	      0.00000000	      0.00000000	      2.94531396	     -1.95165464	     -7.78207105	     41.01796966	      0.71589862	      9.82356928	      0.00000000	      0.00000000	    -23.58429441	     -0.54728117	      1.48412771	     79.78761764	     -4.31523826	     36.55237435	     35.72090584	     85.78822986	      0.00000000	      0.00000000	     89.63991016	    -10.88831297	     56.80671362	     40.09474222	     85.84533651	      0.00000000	      0.00000000
      2.14000000	     16.54068017	     -3.20291643	      1.02952302	     -0.30219343	      1.02303877	     -1.06491936	     18.59249528	      1.56523501	      2.56113740	      2.68584543	      0.04687685	     -7.28439092	      0.00000000	      0.00000000	      3.35049674	     -2.00663285	     -7.69745646	     41.62361739	      0.72646917	     10.14982014	      0.00000000	      0.00000000	    -23.54000078	     -0.52381211	      1.53054659	     80.01868813	     -4.19892369	     36.62972858	     35.51695503	     85.75110241	      0.00000000	      0.00000000	     89.65903259	    -10.81733290	     56.51175692	     40.09081259	     85.88185018	      0.00000000	      0.00000000
      2.14500000	     16.47393064	     -3.23203648	      1.02892576	     -0.30302311	      1.02158184	     -1.06498555	     18.80649105	      1.57385662	      2.38365548	      2.73709638	      0.04777134	     -7.29215231	      0.00000000	      0.00000000	      3.75301071	     -2.00094235	     -7.48660229	     42.16616567	      0.73593842	     10.36995462	      0.00000000	      0.00000000	    -23.58449934	     -0.45356707	      1.54792624	     80.27360788	     -4.11964302	     36.70502281	     35.43226432	     85.78167621	      0.00000000	      0.00000000	     89.67905823	    -10.70456889	     56.03544281	     40.03915179	     85.89407237	      0.00000000	      0.00000000
      2.15000000	     16.26720132	     -3.29752164	      1.01812288	     -0.30356532	      1.01977259	     -1.06489770	     19.15060957	      1.62129293	      2.35746229	      2.74605283	      0.04792766	     -7.27204074	      0.00000000	      0.00000000	      4.35960173	     -2.04252856	     -7.20201295	     42.83735663	      0.74765292	     10.62205970	      0.00000000	      0.00000000	    -23.44053796	     -0.38332507	      1.59961077	     80.51932666	     -4.04454922	     36.82534789	     35.27442712	     85.72518194	      0.00000000	      0.00000000	     89.69196595	    -10.62194172	     55.70960112	     40.08829815	     85.91218494	      0.00000000	      0.00000000
      2.15500000	     16.24555991	     -3.29604690	      1.01864418	     -0.30422006	      1.01836184	     -1.06500711	     19.28529782	      1.59974778	      2.19615255	      2.76627317	      0.04828057	     -7.28749862	      0.00000000	      0.00000000	      4.66272875	     -2.00853923	     -7.05125461	     43.29370114	      0.75561763	     10.82737427	      0.00000000	      0.00000000	    -23.51500258	     -0.35691673	      1.61857437	     80.74857380	     -3.99445893	     36.86999030	     35.19412053	     85.69704069	      0.00000000	      0.00000000	     89.70460856	    -10.47320047	     55.25929804	     39.96100229	     85.88023618	      0.00000000	      0.00000000
      2.16000000	     16.17125007	     -3.35371147	      1.02611176	     -0.30484215	      1.01677016	     -1.06498536	     19.49973667	      1.64375662	      1.98579952	      2.82443384	      0.04929567	     -7.26156216	      0.00000000	      0.00000000	      5.00715742	     -2.03534810	     -6.89411793	     43.79720334	      0.76440540	     11.21635922	      0.00000000	      0.00000000	    -23.52979914	     -0.27601949	      1.59172922	     80.99686490	     -3.84558983	     36.95464889	     35.03016712	     85.73121369	      0.00000000	      0.00000000	     89.72131748	    -10.48521877	     54.98283729	     40.03615436	     85.96775076	      0.00000000	      0.00000000
      2.16500000	     16.14417387	     -3.39825828	      1.02196574	     -0.30545109	      1.01532038	     -1.06499905	     19.62829442	      1.66789875	      1.96564734	      2.82451228	      0.04929704	     -7.31352750	      0.00000000	      0.00000000	      5.33277223	     -2.05985746	     -6.72967775	     44.32171085	      0.77355978	     11.44941984	      0.00000000	      0.00000000	    -23.58953778	     -0.22066055	      1.65515879	     81.26724155	     -3.84412393	     37.18632870	     34.91563061	     85.67165603	      0.00000000	      0.00000000	     89.73011034	    -10.34956653	     54.56621662	     40.01745074	     85.98421221	      0.00000000	      0.00000000
      2.17000000	     16.01456191	     -3.45150311	      0.96896393	     -0.30601696	      1.01363352	     -1.06480978	     19.90983656	      1.72485713	      1.85980868	      2.89764501	      0.05057345	     -7.31836212	      0.00000000	      0.00000000	      5.75599583	     -2.10742542	     -6.61648176	     44.84314162	      0.78266047	     11.74788594	      0.00000000	      0.00000000	    -23.52936771	     -0.18416813	      1.72695227	     81.43302670	     -3.61867561	     36.89198748	     34.64080490	     85.69616206	      0.00000000	      0.00000000	     89.74028520	    -10.30330119	     54.32939600	     40.05788378	     85.97498533	      0.00000000	      0.00000000
      2.17500000	     15.91941392	     -3.50184377	      0.99750411	     -0.30673194	      1.01209699	     -1.06485363	     20.11795914	      1.75037193	      1.68627957	      2.89971006	      0.05060949	     -7.26231461	      0.00000000	      0.00000000	      6.18060803	     -2.12586986	     -6.39816527	     45.37899195	      0.79201282	     11.98018760	      0.00000000	      0.00000000	    -23.54236673	     -0.10283351	      1.77543660	     81.66554380	     -3.61586850	     37.04875125	     34.56740431	     85.68749315	      0.00000000	      0.00000000	     89.74973310	    -10.19106119	     54.00894714	     40.08980788	     85.96823141	      0.00000000	      0.00000000
      2.18000000	     15.86488145	     -3.58100808	      1.03684552	     -0.30744075	      1.01046622	     -1.06497839	     20.30816477	      1.79454565	      1.49624612	      2.87763674	      0.05022424	     -7.43562116	      0.00000000	      0.00000000	      6.62638875	     -2.18355101	     -6.13243810	     46.02547763	      0.80329612	     12.12642167	      0.00000000	      0.00000000	    -23.59570697	      0.02894949	      1.72215749	     81.96674118	     -3.58875607	     37.45018013	     34.53108454	     85.54925252	      0.00000000	      0.00000000	     89.75695340	    -10.20130141	     53.55504365	     40.15692021	     85.84638776	      0.00000000	      0.00000000
      2.18500000	     15.77202289	     -3.60478293	      0.94980267	     -0.30813591	      1.00885664	     -1.06482435	     20.53959535	      1.82974677	      1.55660823	      2.92402535	      0.05103387	     -7.43113120	      0.00000000	      0.00000000	      7.00500943	     -2.20068656	     -6.06973629	     46.52308941	      0.81198109	     12.37012556	      0.00000000	      0.00000000	    -23.59693601	      0.03000541	      1.84874229	     82.13505071	     -3.47398508	     37.26232282	     34.40500704	     85.66324914	      0.00000000	      0.00000000	     89.76767826	    -10.07575685	     53.28652073	     40.10254992	     86.02376174	      0.00000000	      0.00000000
      2.19000000	     15.68819421	     -3.62334656	      0.81827610	     -0.30882034	      1.00721898	     -1.06458226	     20.76795592	      1.88418331	      1.69980933	      3.00550252	      0.05245591	     -7.37612473	      0.00000000	      0.00000000	      7.37550570	     -2.23999686	     -6.10927589	     47.04569944	      0.82110235	     12.63670437	      0.00000000	      0.00000000	    -23.61153763	      0.00353286	      2.00044735	     82.35354721	     -3.40896490	     37.34795027	     34.30177568	     85.49896114	      0.00000000	      0.00000000	     89.77452913	     -9.97958425	     52.92276709	     40.09956151	     86.11676125	      0.00000000	      0.00000000
      2.19500000	     15.62746130	     -3.69194900	      0.84635078	     -0.30950054	      1.00562617	     -1.06463484	     20.97511329	      1.93023165	      1.43950626	      3.09342896	      0.05399052	     -7.40324814	      0.00000000	      0.00000000	      7.75014277	     -2.28706509	     -5.91566877	     47.56810070	      0.83021998	     12.83982993	      0.00000000	      0.00000000	    -23.65461706	      0.10802553	      2.02860284	     82.67504976	     -3.34448572	     37.58600242	     34.04928689	     85.42988843	      0.00000000	      0.00000000	     89.78218338	     -9.88775283	     52.54167467	     40.07739559	     86.18936034	      0.00000000	      0.00000000
      2.20000000	     15.54480963	     -3.64007461	      0.77702791	     -0.31023490	      1.00410187	     -1.06451793	     21.17046408	      1.88010131	      1.63654222	      3.07198677	      0.05361628	     -7.38887534	      0.00000000	      0.00000000	      8.11388527	     -2.23396960	     -5.88974490	     48.03902028	      0.83843907	     13.00646839	      0.00000000	      0.00000000	    -23.69077201	      0.01986914	      2.13037538	     82.76617280	     -3.28963809	     37.23313487	     34.08763735	     85.24510305	      0.00000000	      0.00000000	     89.78930070	     -9.73751039	     52.16656100	     40.06965087	     86.14219032	      0.00000000	      0.00000000
      2.20500000	     15.47392206	     -3.76703764	      0.78843072	     -0.31087133	      1.00245481	     -1.06451713	     21.34292247	      1.99394971	      1.51584050	      3.06201760	      0.05344229	     -7.41328427	      0.00000000	      0.00000000	      8.50511973	     -2.34798053	     -5.71062978	     48.58708363	      0.84800458	     13.27382102	      0.00000000	      0.00000000	    -23.71182924	      0.18126646	      2.20007824	     83.04510719	     -3.21168638	     37.37210824	     33.88636114	     85.55689986	      0.00000000	      0.00000000	     89.79525560	     -9.65758515	     51.89896742	     40.04217279	     86.03336526	      0.00000000	      0.00000000
      2.21000000	     15.40439240	     -3.81115274	      0.68450671	     -0.31169286	      1.00074723	     -1.06438571	     21.59646497	      2.05625862	      1.54902396	      3.18678150	      0.05561983	     -7.35672570	      0.00000000	      0.00000000	      8.87634721	     -2.41178007	     -5.71507263	     49.12534341	      0.85739899	     13.54976099	      0.00000000	      0.00000000	    -23.78211067	      0.22047671	      2.28258586	     83.36714882	     -3.19249478	     37.92044131	     33.79332190	     85.49182983	      0.00000000	      0.00000000	     89.80044031	     -9.65243204	     51.39300001	     40.12793170	     86.09301802	      0.00000000	      0.00000000
      2.21500000	     15.25358689	     -3.85147284	      0.57963702	     -0.31254761	      0.99896224	     -1.06419629	     21.87051896	      2.11978154	      1.59341272	      3.14347938	      0.05486407	     -7.47262107	      0.00000000	      0.00000000	      9.34695794	     -2.48635817	     -5.76475356	     49.67782530	      0.86704162	     13.79048430	      0.00000000	      0.00000000	    -23.74515770	      0.23330026	      2.43954676	     83.57671652	     -3.13278453	     37.84190182	     33.68842637	     85.42400880	      0.00000000	      0.00000000	     89.80829183	     -9.51664828	     51.06866884	     40.06331092	     86.14729907	      0.00000000	      0.00000000
      2.22000000	     15.16550468	     -3.84452730	      0.57619173	     -0.31318238	      0.99729981	     -1.06421329	     22.10889586	      2.09351836	      1.54508434	      3.20363070	      0.05591390	     -7.43013965	      0.00000000	      0.00000000	      9.69303653	     -2.45481628	     -5.67317754	     50.09649571	      0.87434879	     14.06038418	      0.00000000	      0.00000000	    -23.76099059	      0.24052099	      2.47997521	     83.79185558	     -3.06417540	     37.84146039	     33.51494877	     85.57871704	      0.00000000	      0.00000000	     89.81295424	     -9.43545426	     50.77716674	     40.05633678	     86.07932902	      0.00000000	      0.00000000
      2.22500000	     15.09546034	     -4.01128105	      0.57438699	     -0.31398422	      0.99562516	     -1.06413326	     22.27778021	      2.25382889	      1.42987453	      3.12892721	      0.05461008	     -7.54024291	      0.00000000	      0.00000000	     10.09172511	     -2.66501062	     -5.62073723	     50.66123118	      0.88420529	     14.31537980	      0.00000000	      0.00000000	    -23.81069438	      0.43372805	      2.55004079	     83.97250327	     -2.92415870	     37.74358745	     33.40331573	     85.52564550	      0.00000000	      0.00000000	     89.81918475	     -9.39310632	     50.41743645	     40.08988125	     86.10327219	      0.00000000	      0.00000000
      2.23000000	     15.04111992	     -4.01938601	      0.47308999	     -0.31465832	      0.99386694	     -1.06393742	     22.46238604	      2.28905694	      1.55747525	      3.15011728	      0.05497992	     -7.43204396	      0.00000000	      0.00000000	     10.42848641	     -2.69936350	     -5.67738023	     51.14102431	      0.89257926	     14.53526031	      0.00000000	      0.00000000	    -23.87382355	      0.41187032	      2.69597984	     84.29124588	     -2.92700584	     38.00910369	     33.25699467	     85.61207847	      0.00000000	      0.00000000	     89.82424228	     -9.31783021	     50.07547748	     40.13162738	     86.06553423	      0.00000000	      0.00000000
      2.23500000	     14.91922636	     -4.08131267	      0.49502372	     -0.31560332	      0.99205812	     -1.06401717	     22.72579887	      2.32170803	      1.43091031	      3.16590373	      0.05525544	     -7.44631821	      0.00000000	      0.00000000	     10.86386676	     -2.72929255	     -5.52716589	     51.63461073	      0.90119397	     14.83197741	      0.00000000	      0.00000000	    -23.88830860	      0.50933942	      2.75053809	     84.52080370	     -2.90969990	     38.04129080	     33.17785352	     85.61598269	      0.00000000	      0.00000000	     89.83005298	     -9.21153142	     49.66007581	     40.17827620	     86.08492077	      0.00000000	      0.00000000
      2.24000000	     14.85916699	     -4.11693103	      0.50409772	     -0.31637110	      0.99033809	     -1.06396830	     22.89741363	      2.33706420	      1.35575825	      3.12438267	      0.05453076	     -7.53071721	      0.00000000	      0.00000000	     11.20753310	     -2.74551198	     -5.42439994	     52.10901099	      0.90947381	     15.09907206	      0.00000000	      0.00000000	    -23.95762235	      0.56941674	      2.78723851	     84.76140976	     -2.81159311	     38.10548928	     32.99496606	     85.60273919	      0.00000000	      0.00000000	     89.83536336	     -9.16040260	     49.34934704	     40.22363833	     86.07112012	      0.00000000	      0.00000000
      2.24500000	     14.76306993	     -4.24593814	      0.47452211	     -0.31716747	      0.98857525	     -1.06383993	     23.10053042	      2.46054446	      1.34686879	      3.05947781	      0.05339796	     -7.50797232	      0.00000000	      0.00000000	     11.60837043	     -2.90834886	     -5.40654765	     52.63336313	      0.91862548	     15.39159766	      0.00000000	      0.00000000	    -23.98582870	      0.70303222	      2.89309700	     84.99005574	     -2.77025735	     38.21176511	     32.91737113	     85.55953755	      0.00000000	      0.00000000	     89.83961686	     -9.07304354	     48.88827706	     40.22131223	     86.15048581	      0.00000000	      0.00000000
      2.25000000	     14.70565411	     -4.29289085	      0.43372401	     -0.31788830	      0.98678133	     -1.06367756	     23.29283904	      2.52109759	      1.29076862	      3.09693746	      0.05405176	     -7.42087672	      0.00000000	      0.00000000	     11.92973750	     -2.98403268	     -5.41503634	     53.08317264	      0.92647614	     15.67032716	      0.00000000	      0.00000000	    -24.04795500	      0.75439625	      2.95922095	     85.18153749	     -2.62711550	     38.11207626	     32.78407961	     85.44149635	      0.00000000	      0.00000000	     89.84494377	     -9.04101958	     48.54018345	     40.22389231	     86.14386249	      0.00000000	      0.00000000
      2.25500000	     14.56045096	     -4.34283501	      0.44356029	     -0.31883227	      0.98485035	     -1.06378284	     23.55623042	      2.53293406	      1.34665527	      3.01376076	      0.05260005	     -7.47691108	      0.00000000	      0.00000000	     12.36850199	     -3.00251560	     -5.34971227	     53.57479776	      0.93505662	     16.00925328	      0.00000000	      0.00000000	    -24.04990698	      0.83687820	      3.03888300	     85.49150913	     -2.63122535	     38.27275356	     32.61660815	     85.52057926	      0.00000000	      0.00000000	     89.84936994	     -8.88213626	     48.07186973	     40.20455864	     86.12354789	      0.00000000	      0.00000000
      2.26000000	     14.44148834	     -4.35336304	      0.49910637	     -0.31951932	      0.98296181	     -1.06391542	     23.71867983	      2.49910851	      1.45077055	      2.83415041	      0.04946526	     -7.59337581	      0.00000000	      0.00000000	     12.83218547	     -3.00411408	     -5.23385093	     54.09559630	      0.94414627	     16.14429805	      0.00000000	      0.00000000	    -24.04580031	      0.90462267	      3.00324526	     85.71703333	     -2.58017628	     38.59950678	     32.58292995	     84.52554715	      0.00000000	      0.00000000	     89.85292742	     -8.93307906	     48.04559583	     40.43066553	     85.08607505	      0.00000000	      0.00000000
      2.26500000	     14.38809095	     -4.49082058	      0.53412145	     -0.32040297	      0.98119562	     -1.06389145	     23.94256679	      2.60383246	      1.22539651	      2.91603560	      0.05089442	     -7.47837896	      0.00000000	      0.00000000	     13.22066271	     -3.13035507	     -5.06032641	     54.64469128	      0.95372978	     16.39486271	      0.00000000	      0.00000000	    -24.15478654	      1.07070226	      3.05269196	     85.92981401	     -2.47332983	     38.27360718	     32.47273116	     85.59653326	      0.00000000	      0.00000000	     89.85821923	     -8.79387361	     47.30109282	     40.32480481	     86.03903551	      0.00000000	      0.00000000
      2.27000000	     14.30942352	     -4.49429821	      0.45799540	     -0.32114591	      0.97920311	     -1.06368860	     24.16684644	      2.62416368	      1.34165338	      2.94399203	      0.05138235	     -7.39102886	      0.00000000	      0.00000000	     13.58931321	     -3.13017247	     -5.01954628	     55.13432028	      0.96227542	     16.65096545	      0.00000000	      0.00000000	    -24.18165320	      1.05309257	      3.13039324	     86.22756910	     -2.37719788	     38.46905271	     32.21354771	     85.54697267	      0.00000000	      0.00000000	     89.86168045	     -8.73055964	     46.92551477	     40.32320541	     85.98039827	      0.00000000	      0.00000000
      2.27500000	     14.23297981	     -4.55610158	      0.46648150	     -0.32190300	      0.97737842	     -1.06376026	     24.33120399	      2.65299327	      1.35198377	      2.85328594	      0.04979923	     -7.42439025	      0.00000000	      0.00000000	     13.97570567	     -3.18387014	     -4.93341605	     55.63853249	      0.97107558	     16.86046389	      0.00000000	      0.00000000	    -24.24071041	      1.15057766	      3.22979254	     86.42193860	     -2.32670667	     38.27348923	     32.09096251	     85.48985042	      0.00000000	      0.00000000	     89.86570950	     -8.60516792	     46.49769915	     40.30968204	     86.08543555	      0.00000000	      0.00000000
      2.28000000	     14.14541680	     -4.51961080	      0.54454829	     -0.32289491	      0.97553569	     -1.06402381	     24.59880608	      2.54460430	      1.39887013	      2.96864829	      0.05181269	     -7.38491603	      0.00000000	      0.00000000	     14.39409745	     -3.07008865	     -4.70567783	     56.11314543	      0.97935914	     17.01499741	      0.00000000	      0.00000000	    -24.30678557	      1.17382270	      3.15308948	     86.63235671	     -2.27640608	     38.37252481	     32.10938266	     85.46656224	      0.00000000	      0.00000000	     89.86969663	     -8.54501051	     46.07364110	     40.35815476	     86.08403052	      0.00000000	      0.00000000
      2.28500000	     14.06444229	     -4.55697009	      0.50994864	     -0.32360471	      0.97368067	     -1.06393719	     24.73658454	      2.57044010	      1.47152245	      2.77647396	      0.04845861	     -7.70332516	      0.00000000	      0.00000000	     14.77840731	     -3.11004945	     -4.65483080	     56.64860160	      0.98870461	     17.22867988	      0.00000000	      0.00000000	    -24.36533648	      1.23988327	      3.20517158	     86.93245820	     -2.18398053	     38.68072300	     31.92950688	     84.43458226	      0.00000000	      0.00000000	     89.87311170	     -8.58615270	     45.86439225	     40.54258185	     84.92468263	      0.00000000	      0.00000000
      2.29000000	     13.84161015	     -4.47841827	      0.47397572	     -0.32450496	      0.97144905	     -1.06386520	     25.20523793	      2.47392661	      1.46501428	      2.97489034	      0.05192163	     -7.42263585	      0.00000000	      0.00000000	     15.35067343	     -3.00982657	     -4.55833874	     57.17488602	      0.99789001	     17.41553990	      0.00000000	      0.00000000	    -24.26205513	      1.13810068	      3.24603785	     87.10768159	     -2.09829756	     38.24909135	     31.77366379	     85.58339500	      0.00000000	      0.00000000	     89.87743110	     -8.41981118	     45.22153802	     40.43380300	     86.07951538	      0.00000000	      0.00000000
      2.29500000	     13.84767281	     -4.49753379	      0.52570082	     -0.32533128	      0.96969948	     -1.06400451	     25.33585436	      2.44752127	      1.42640908	      3.00142211	      0.05238470	     -7.38676284	      0.00000000	      0.00000000	     15.66144260	     -3.00581680	     -4.41948605	     57.68078667	      1.00671964	     17.54990663	      0.00000000	      0.00000000	    -24.41104999	      1.20612859	      3.25681723	     87.30190389	     -2.00821905	     38.07981672	     31.66946479	     85.61362988	      0.00000000	      0.00000000	     89.88104043	     -8.32897665	     44.78117415	     40.43918202	     86.05625730	      0.00000000	      0.00000000
      2.30000000	     13.75388584	     -4.57904832	      0.56072662	     -0.32611501	      0.96783877	     -1.06406388	     25.55744318	      2.48314753	      1.35426627	      3.00576790	      0.05246055	     -7.43693916	      0.00000000	      0.00000000	     16.08764819	     -3.05017230	     -4.23768525	     58.20363433	      1.01584506	     17.77600854	      0.00000000	      0.00000000	    -24.45142538	      1.30758281	      3.30310582	     87.50998525	     -1.96617516	     37.98793621	     31.55402938	     85.57866979	      0.00000000	      0.00000000	     89.88383416	     -8.19911607	     44.35052828	     40.46293335	     85.96903230	      0.00000000	      0.00000000
      2.30500000	     13.70585830	     -4.49596906	      0.50380161	     -0.32694976	      0.96592933	     -1.06400546	     25.77491902	      2.38800125	      1.47072911	      3.08333263	      0.05381431	     -7.30409182	      0.00000000	      0.00000000	     16.41274611	     -2.98200413	     -4.26625063	     58.65117575	      1.02365613	     17.89409680	      0.00000000	      0.00000000	    -24.53322886	      1.22069931	      3.33003789	     87.75129186	     -1.87899494	     38.11548161	     31.40957373	     85.58959404	      0.00000000	      0.00000000	     89.88692912	     -8.18017404	     43.97648648	     40.53778905	     85.92617627	      0.00000000	      0.00000000
      2.31000000	     13.62494937	     -4.52914892	      0.50910770	     -0.32777843	      0.96405457	     -1.06397733	     26.01856120	      2.39056572	      1.42464711	      3.16257185	      0.05519729	     -7.32929958	      0.00000000	      0.00000000	     16.80702075	     -3.01413299	     -4.18653865	     59.15229912	      1.03240238	     18.13924174	      0.00000000	      0.00000000	    -24.59724545	      1.26544573	      3.34580488	     87.98365507	     -1.74893911	     37.98622087	     31.24722957	     85.61323385	      0.00000000	      0.00000000	     89.88977360	     -8.13623703	     43.56014057	     40.59753818	     86.01196346	      0.00000000	      0.00000000
      2.31500000	     13.57215928	     -4.47333478	      0.48635036	     -0.32841899	      0.96214152	     -1.06385813	     26.22376010	      2.32522183	      1.47148493	      3.20998255	      0.05602476	     -7.21609001	      0.00000000	      0.00000000	     17.13609718	     -2.97103893	     -4.16883708	     59.62502167	      1.04065294	     18.25544503	      0.00000000	      0.00000000	    -24.66484111	      1.19336878	      3.37896522	     88.18799226	     -1.81401375	     38.33238006	     31.30106982	     85.50230678	      0.00000000	      0.00000000	     89.89296739	     -8.02191785	     43.03123361	     40.57303260	     85.90444217	      0.00000000	      0.00000000
      2.32000000	     13.53606997	     -4.54629244	      0.50095980	     -0.32945118	      0.96024514	     -1.06386355	     26.43071307	      2.36550775	      1.44661115	      3.25814416	      0.05686534	     -7.36134537	      0.00000000	      0.00000000	     17.51714932	     -3.05830339	     -4.09560333	     60.15338419	      1.04987461	     18.43156585	      0.00000000	      0.00000000	    -24.79139026	      1.29333083	      3.42598902	     88.40415311	     -1.61432440	     37.88660562	     31.07819606	     85.54160366	      0.00000000	      0.00000000	     89.89605034	     -7.94502411	     42.52195688	     40.66980678	     86.00499548	      0.00000000	      0.00000000
      2.32500000	     13.49676810	     -4.54062515	      0.43614732	     -0.33017444	      0.95845481	     -1.06377984	     26.54436701	      2.35476606	      1.54961803	      3.10961721	      0.05427306	     -7.59216465	      0.00000000	      0.00000000	     17.81341185	     -3.09045190	     -4.12885385	     60.58804854	      1.05746093	     18.52667628	      0.00000000	      0.00000000	    -24.89490200	      1.28593604	      3.49701355	     88.60499288	     -1.54872398	     38.06625752	     31.07640211	     84.41144339	      0.00000000	      0.00000000	     89.89845857	     -7.98463491	     42.32605428	     40.81644036	     84.80821412	      0.00000000	      0.00000000
      2.33000000	     13.41118474	     -4.53693633	      0.48986358	     -0.33106720	      0.95637904	     -1.06388742	     26.88452903	      2.28470344	      1.42771725	      3.33504716	      0.05820755	     -7.40970955	      0.00000000	      0.00000000	     18.21829813	     -3.06552235	     -4.03019971	     61.07460045	      1.06595287	     18.74185415	      0.00000000	      0.00000000	    -24.93457312	      1.27940006	      3.48501711	     88.73559665	     -1.47453753	     37.45166398	     30.94139823	     85.55728374	      0.00000000	      0.00000000	     89.90128807	     -7.81818576	     41.70794674	     40.76535946	     86.04432428	      0.00000000	      0.00000000
      2.33500000	     13.39962751	     -4.45893374	      0.54001098	     -0.33183067	      0.95459077	     -1.06407201	     27.04564964	      2.14979359	      1.45256615	      3.38909363	      0.05915084	     -7.30864196	      0.00000000	      0.00000000	     18.48975532	     -2.96774123	     -3.98858748	     61.48076903	      1.07304185	     18.89951096	      0.00000000	      0.00000000	    -25.06121085	      1.23412457	      3.46392277	     88.90237056	     -1.47399721	     37.41244215	     30.95664758	     85.49904524	      0.00000000	      0.00000000	     89.90354512	     -7.69793694	     41.21585522	     40.81906729	     86.02610038	      0.00000000	      0.00000000
      2.34000000	     13.31157451	     -4.48749309	      0.49205287	     -0.33273882	      0.95249612	     -1.06391024	     27.27698702	      2.17959548	      1.63792409	      3.31556726	      0.05786757	     -7.46928263	      0.00000000	      0.00000000	     18.90723215	     -3.06172328	     -4.04728570	     62.02596817	      1.08255737	     19.05603170	      0.00000000	      0.00000000	    -25.12033136	      1.25032822	      3.46244170	     89.11929956	     -1.32993720	     37.60955872	     30.91692800	     83.94060729	      0.00000000	      0.00000000	     89.90638290	     -7.74086561	     41.01919323	     40.91365497	     84.35226327	      0.00000000	      0.00000000
      2.34500000	     13.23814251	     -4.38807530	      0.40445299	     -0.33355128	      0.95052456	     -1.06381595	     27.51046935	      2.08506296	      1.66932823	      3.32376642	      0.05801067	     -7.45810329	      0.00000000	      0.00000000	     19.18575354	     -3.00123839	     -4.21133278	     62.38672363	      1.08885374	     19.37138656	      0.00000000	      0.00000000	    -25.18123865	      1.09661026	      3.57642221	     89.18950112	     -1.28370502	     36.81362630	     30.91882199	     85.52647606	      0.00000000	      0.00000000	     89.90897012	     -7.57212687	     40.31205446	     40.97226016	     86.03199255	      0.00000000	      0.00000000
      2.35000000	     13.14093532	     -4.37131432	      0.48227220	     -0.33424836	      0.94855052	     -1.06393563	     27.73151155	      1.99959183	      1.77080237	      3.28435409	      0.05732279	     -7.28310998	      0.00000000	      0.00000000	     19.55019726	     -2.97457696	     -4.14270258	     62.81771462	      1.09637595	     19.57913481	      0.00000000	      0.00000000	    -25.19358125	      1.11456285	      3.49593407	     89.32191872	     -1.19184559	     37.03021111	     30.86477934	     83.61331469	      0.00000000	      0.00000000	     89.91110127	     -7.53324346	     40.23764501	     41.04162501	     84.03359854	      0.00000000	      0.00000000
      2.35500000	     13.09072471	     -4.27890529	      0.46234770	     -0.33512984	      0.94662885	     -1.06397563	     27.94328699	      1.87087496	      1.84458724	      3.27571122	      0.05717195	     -7.44455439	      0.00000000	      0.00000000	     19.85996016	     -2.91509205	     -4.24512875	     63.20377681	      1.10311401	     19.71781112	      0.00000000	      0.00000000	    -25.28211803	      0.99296835	      3.53797080	     89.38175653	     -1.21775300	     36.34475973	     31.00920771	     85.43557775	      0.00000000	      0.00000000	     89.91320555	     -7.37836176	     39.51297240	     41.05150712	     85.99602858	      0.00000000	      0.00000000
      2.36000000	     13.03060509	     -4.27141674	      0.41174390	     -0.33599856	      0.94463485	     -1.06381899	     28.16340919	      1.85859453	      1.93872633	      3.22367917	      0.05626382	     -7.60120008	      0.00000000	      0.00000000	     20.22195641	     -3.01297157	     -4.39076798	     63.72164101	      1.11215244	     19.82945571	      0.00000000	      0.00000000	    -25.35778341	      0.95382048	      3.54519047	     89.49650378	     -1.16099127	     36.51209799	     31.09328048	     84.03661367	      0.00000000	      0.00000000	     89.91539568	     -7.40564320	     39.26908133	     41.20675726	     84.53161087	      0.00000000	      0.00000000
      2.36500000	     12.82666375	     -4.05013236	      0.37017007	     -0.33671775	      0.94233145	     -1.06384913	     28.63087752	      1.61862386	      2.00929560	      3.39349002	      0.05922757	     -7.43196309	      0.00000000	      0.00000000	     20.69510426	     -2.86417265	     -4.60623689	     64.12933644	      1.11926807	     19.98195012	      0.00000000	      0.00000000	    -25.25158751	      0.68636097	      3.62538225	     89.53844391	     -1.23737408	     35.87441271	     31.18317944	     85.39605338	      0.00000000	      0.00000000	     89.91730364	     -7.10529971	     38.67268204	     41.11985215	     86.02516272	      0.00000000	      0.00000000
      2.37000000	     12.72780954	     -3.88569600	      0.39282758	     -0.33748605	      0.94037068	     -1.06392325	     28.98408532	      1.41260791	      1.68400755	      3.59181596	      0.06268901	     -7.10115122	      0.00000000	      0.00000000	     21.04400063	     -2.69531698	     -4.63859316	     64.53304903	      1.12631418	     20.26324954	      0.00000000	      0.00000000	    -25.27281377	      0.50547822	      3.63366193	     89.58387390	     -1.14052365	     35.42378677	     31.11553430	     83.00498583	      0.00000000	      0.00000000	     89.91981954	     -6.88108377	     38.51646178	     41.05484018	     83.57605114	      0.00000000	      0.00000000
      2.37500000	     12.66358848	     -3.92831308	      0.48541099	     -0.33835540	      0.93846613	     -1.06401880	     29.07064040	      1.37026893	      1.99936302	      3.28026195	      0.05725137	     -7.54891039	      0.00000000	      0.00000000	     21.41734896	     -2.79516016	     -4.62593610	     64.98040578	      1.13412203	     20.20624176	      0.00000000	      0.00000000	    -25.35876560	      0.57243280	      3.51904009	     89.62839309	     -1.18102053	     35.09934088	     31.45170446	     85.31369580	      0.00000000	      0.00000000	     89.92132650	     -6.90901695	     37.83627888	     41.28203445	     86.00016218	      0.00000000	      0.00000000
      2.38000000	     12.60322309	     -3.85188145	      0.52182084	     -0.33914403	      0.93651910	     -1.06406276	     29.29905895	      1.23873001	      1.91986961	      3.24210578	      0.05658542	     -7.64468686	      0.00000000	      0.00000000	     21.74882005	     -2.73332065	     -4.63816890	     65.40116105	      1.14146559	     20.36043157	      0.00000000	      0.00000000	    -25.41242902	      0.47705467	      3.50704439	     89.66366986	     -1.22903498	     34.89846764	     31.62200264	     85.26202820	      0.00000000	      0.00000000	     89.92303380	     -6.71047078	     37.34020305	     41.24854833	     85.81819570	      0.00000000	      0.00000000
      2.38500000	     12.53143251	     -3.71442399	      0.54793535	     -0.33996492	      0.93453357	     -1.06411267	     29.55334785	      1.05751036	      1.97813133	      3.28550267	      0.05734284	     -7.55383937	      0.00000000	      0.00000000	     22.08532590	     -2.62944627	     -4.70734307	     65.81804185	      1.14874154	     20.50901555	      0.00000000	      0.00000000	    -25.46258992	      0.33796318	      3.41957558	     89.69207127	     -1.09606182	     34.36834293	     31.65078402	     85.18927952	      0.00000000	      0.00000000	     89.92501364	     -6.65646972	     36.92481620	     41.32482965	     85.94913896	      0.00000000	      0.00000000
      2.39000000	     12.37253375	     -3.55623581	      0.64903524	     -0.34057925	      0.93238161	     -1.06423463	     29.83166150	      0.80642314	      2.04461291	      3.16421146	      0.05522591	     -7.58942854	      0.00000000	      0.00000000	     22.52771279	     -2.44316624	     -4.69388430	     66.22939731	      1.15592104	     20.65257762	      0.00000000	      0.00000000	    -25.40623268	      0.19148275	      3.28550355	     89.71294755	     -1.08841830	     34.01910923	     31.80970737	     85.28223253	      0.00000000	      0.00000000	     89.92651929	     -6.59589033	     36.62920614	     41.43535991	     85.91734677	      0.00000000	      0.00000000
      2.39500000	     12.30134780	     -3.46743174	      0.71993396	     -0.34163842	      0.93045631	     -1.06429172	     30.10219048	      0.64712601	      1.98583524	      3.15234325	      0.05501877	     -7.75724692	      0.00000000	      0.00000000	     22.88605207	     -2.35992952	     -4.70403519	     66.61545783	      1.16265907	     20.76050674	      0.00000000	      0.00000000	    -25.48369971	      0.09187347	      3.23603061	     89.74009850	     -1.13957991	     33.74656438	     32.03877066	     85.13629382	      0.00000000	      0.00000000	     89.92834058	     -6.36412905	     36.02814735	     41.38857249	     85.85622192	      0.00000000	      0.00000000
      2.40000000	     12.17970786	     -3.34301372	      0.75089202	     -0.34244997	      0.92838005	     -1.06434222	     30.39487689	      0.47828510	      2.05105738	      3.12291386	      0.05450513	     -7.83822601	      0.00000000	      0.00000000	     23.27872876	     -2.24845558	     -4.75146184	     67.01751330	      1.16967626	     20.89576067	      0.00000000	      0.00000000	    -25.48131622	     -0.05298086	      3.23221578	     89.76237866	     -1.25237787	     33.56714630	     32.31119976	     84.99165160	      0.00000000	      0.00000000	     89.93022917	     -6.19099569	     35.68613804	     41.39868026	     85.62987956	      0.00000000	      0.00000000
      2.40500000	     12.15200106	     -3.25228106	      0.88983234	     -0.34320325	      0.92642146	     -1.06453687	     30.56856096	      0.27717546	      2.00263673	      3.05206690	      0.05326862	     -7.98522258	      0.00000000	      0.00000000	     23.59706162	     -2.13153370	     -4.67728319	     67.46755301	      1.17753094	     21.03181002	      0.00000000	      0.00000000	    -25.57524505	     -0.10949136	      3.06865295	     89.78054909	     -1.11526108	     32.90954891	     32.32217282	     85.01006375	      0.00000000	      0.00000000	     89.93201924	     -6.11875671	     35.24967349	     41.50481667	     85.58492322	      0.00000000	      0.00000000
      2.41000000	     12.03459436	     -3.08058294	      0.97630147	     -0.34387448	      0.92437799	     -1.06465724	     30.90960167	      0.03772472	      1.77778930	      3.13409420	      0.05470026	     -7.93297161	      0.00000000	      0.00000000	     23.98567863	     -1.93789968	     -4.69073880	     67.85713686	      1.18433046	     21.13016519	      0.00000000	      0.00000000	    -25.58300320	     -0.25949887	      2.88247935	     89.79276249	     -0.99812819	     32.45539770	     32.46457474	     85.15793710	      0.00000000	      0.00000000	     89.93339499	     -6.13028853	     34.92235976	     41.66734732	     85.71655805	      0.00000000	      0.00000000
      2.41500000	     11.83556102	     -2.99020613	      1.09530373	     -0.34492809	      0.92205706	     -1.06480382	     31.33531272	     -0.15788603	      1.73146177	      3.16454407	      0.05523171	     -7.99380347	      0.00000000	      0.00000000	     24.52005046	     -1.80546801	     -4.60727320	     68.31338753	      1.19229354	     21.29212629	      0.00000000	      0.00000000	    -25.51552405	     -0.33667502	      2.78813669	     89.80945403	     -1.04739400	     32.06217295	     32.65052239	     85.06713393	      0.00000000	      0.00000000	     89.93501299	     -5.97283232	     34.49431222	     41.71458050	     85.68289456	      0.00000000	      0.00000000
      2.42000000	     11.81839742	     -2.78885949	      1.17722869	     -0.34577186	      0.92021995	     -1.06489679	     31.51356115	     -0.43161306	      1.75619435	      3.12330520	      0.05451196	     -8.08941053	      0.00000000	      0.00000000	     24.80911652	     -1.60461176	     -4.67827345	     68.73871672	      1.19971693	     21.36582279	      0.00000000	      0.00000000	    -25.65086328	     -0.54848332	      2.67537201	     89.82148904	     -1.07892074	     31.69893582	     32.91273239	     84.99127207	      0.00000000	      0.00000000	     89.93642869	     -5.86313084	     34.10754522	     41.87628714	     85.49522986	      0.00000000	      0.00000000
      2.42500000	     11.68533562	     -2.70995435	      1.27682439	     -0.34649573	      0.91812303	     -1.06504859	     31.78398833	     -0.59846384	      1.84227707	      3.06026942	      0.05341178	     -8.02887880	      0.00000000	      0.00000000	     25.19449109	     -1.49849538	     -4.62741077	     69.07568578	      1.20559815	     21.51538486	      0.00000000	      0.00000000	    -25.62908485	     -0.60070060	      2.56608768	     89.83258120	     -1.04153196	     31.34701417	     33.05528662	     84.97738956	      0.00000000	      0.00000000	     89.93792883	     -5.72792746	     33.66068498	     41.84376320	     85.49358201	      0.00000000	      0.00000000
      2.43000000	     11.63511603	     -2.57821446	      1.42389778	     -0.34717518	      0.91616026	     -1.06514741	     32.01082107	     -0.83486083	      1.71728011	      3.03474196	      0.05296624	     -8.12285074	      0.00000000	      0.00000000	     25.49343956	     -1.32970502	     -4.55109492	     69.41657408	      1.21154777	     21.66038024	      0.00000000	      0.00000000	    -25.69656064	     -0.70581994	      2.39649825	     89.84008605	     -1.00299930	     30.91391648	     33.17568203	     84.97714710	      0.00000000	      0.00000000	     89.93920288	     -5.68116928	     33.38932378	     41.98649195	     85.53142472	      0.00000000	      0.00000000
      2.43500000	     11.56232495	     -2.51770094	      1.56184991	     -0.34814455	      0.91409972	     -1.06528344	     32.21762539	     -1.00799419	      1.73364796	      2.91905167	      0.05094706	     -8.30359939	      0.00000000	      0.00000000	     25.87471708	     -1.22344390	     -4.45887206	     69.86608767	      1.21939327	     21.79093052	      0.00000000	      0.00000000	    -25.77991761	     -0.73007402	      2.27211760	     89.85148326	     -0.99563440	     30.83367222	     33.42233425	     83.18112402	      0.00000000	      0.00000000	     89.94056597	     -5.63763368	     33.19880272	     42.21357789	     83.71538986	      0.00000000	      0.00000000
      2.44000000	     11.50926536	     -2.31751796	      1.64933562	     -0.34898615	      0.91218368	     -1.06538256	     32.48339850	     -1.28100625	      1.59740133	      2.96899442	      0.05181873	     -8.25711877	      0.00000000	      0.00000000	     26.17295084	     -1.02268390	     -4.50142084	     70.20192342	      1.22525470	     21.83999190	      0.00000000	      0.00000000	    -25.87628391	     -0.92946983	      2.21208689	     89.85729553	     -1.02942184	     30.06683030	     33.63175812	     84.64693635	      0.00000000	      0.00000000	     89.94199108	     -5.33957737	     32.42467365	     42.08607544	     85.34764647	      0.00000000	      0.00000000
      2.44500000	     11.40165481	     -2.13321263	      1.79087365	     -0.34977509	      0.91017343	     -1.06560271	     32.75616358	     -1.57922431	      1.48184322	      2.94335526	      0.05137124	     -8.23607472	      0.00000000	      0.00000000	     26.54019562	     -0.79438699	     -4.47546736	     70.55170174	      1.23135949	     21.91872787	      0.00000000	      0.00000000	    -25.90743416	     -1.08262578	      1.98997739	     89.86504949	     -0.97087115	     29.60140498	     33.77247432	     84.67136229	      0.00000000	      0.00000000	     89.94318258	     -5.31420113	     32.14083796	     42.25379517	     85.29959557	      0.00000000	      0.00000000
      2.45000000	     11.32955137	     -2.09116546	      1.96267493	     -0.35041707	      0.90813262	     -1.06565980	     32.99427268	     -1.74006857	      1.37633314	      2.91289281	      0.05083957	     -8.28735509	      0.00000000	      0.00000000	     26.89672402	     -0.75018526	     -4.41142958	     71.00515834	      1.23927380	     22.04153807	      0.00000000	      0.00000000	    -25.96639175	     -1.09926687	      1.88585868	     89.87122554	     -1.04431302	     29.40313484	     34.05451460	     84.45771539	      0.00000000	      0.00000000	     89.94431871	     -5.11018384	     31.65020316	     42.27742687	     85.26682295	      0.00000000	      0.00000000
      2.45500000	     11.25260079	     -1.97253682	      2.09777353	     -0.35115627	      0.90609422	     -1.06578776	     33.29176843	     -1.96890224	      1.09136094	      2.93547691	      0.05123374	     -8.41588222	      0.00000000	      0.00000000	     27.25215679	     -0.62777339	     -4.40910811	     71.40152746	      1.24619175	     22.10894196	      0.00000000	      0.00000000	    -26.01415598	     -1.19012831	      1.76716659	     89.87698446	     -1.00708509	     28.83690308	     34.17818167	     84.46208827	      0.00000000	      0.00000000	     89.94541829	     -5.00226851	     31.35532556	     42.36011135	     85.14798346	      0.00000000	      0.00000000
      2.46000000	     11.17427156	     -1.78968323	      2.16077362	     -0.35200164	      0.90409255	     -1.06578474	     33.57493414	     -2.21140519	      1.17029222	      3.00764626	      0.05249333	     -8.15390682	      0.00000000	      0.00000000	     27.58152368	     -0.45510033	     -4.47368246	     71.76487400	      1.25253334	     22.20684173	      0.00000000	      0.00000000	    -26.08745856	     -1.38013134	      1.60500175	     89.88167488	     -0.91983330	     28.28621161	     34.32551556	     84.62488495	      0.00000000	      0.00000000	     89.94674244	     -4.99338423	     31.00661627	     42.55509731	     85.18674455	      0.00000000	      0.00000000
      2.46500000	     11.04365430	     -1.70944161	      2.28580634	     -0.35269887	      0.90206497	     -1.06581932	     33.88330131	     -2.38955277	      0.96348441	      2.97493115	      0.05192234	     -8.24586199	      0.00000000	      0.00000000	     27.99074783	     -0.37637875	     -4.46961431	     72.14435420	      1.25915652	     22.26906156	      0.00000000	      0.00000000	    -26.07924551	     -1.44408836	      1.46484117	     89.88677940	     -0.85175090	     27.87997062	     34.46488001	     84.52216245	      0.00000000	      0.00000000	     89.94770039	     -4.92292002	     30.72022303	     42.61419918	     85.19240877	      0.00000000	      0.00000000
      2.47000000	     10.91366737	     -1.57176989	      2.49841159	     -0.35365123	      0.90003540	     -1.06607096	     34.15803024	     -2.68820391	      0.89356824	      2.86365706	      0.04998024	     -8.36755052	      0.00000000	      0.00000000	     28.41471123	     -0.18273581	     -4.41934507	     72.51752249	      1.26566953	     22.32527983	      0.00000000	      0.00000000	    -26.11664448	     -1.52799659	      1.23343217	     89.89140518	     -0.81165335	     27.40797299	     34.64292718	     84.47719501	      0.00000000	      0.00000000	     89.94877025	     -4.82273819	     30.37675291	     42.73067934	     85.06511752	      0.00000000	      0.00000000
      2.47500000	     10.79178906	     -1.53598069	      2.68299094	     -0.35431651	      0.89792899	     -1.06626962	     34.45349433	     -2.86028313	      0.62345848	      2.86972900	      0.05008622	     -8.29125751	      0.00000000	      0.00000000	     28.83349779	     -0.10443144	     -4.34389230	     72.94697791	      1.27316494	     22.41760337	      0.00000000	      0.00000000	    -26.11195120	     -1.50354472	      1.06560685	     89.89501142	     -0.77620864	     27.02424426	     34.85699586	     84.29418692	      0.00000000	      0.00000000	     89.94962706	     -4.73020298	     30.05074681	     42.77824516	     84.96765856	      0.00000000	      0.00000000
      2.48000000	     10.73527492	     -1.43968996	      2.86991698	     -0.35480551	      0.89605497	     -1.06643065	     34.63244668	     -3.10290417	      0.50760156	      2.78088179	      0.04853554	     -8.32441864	      0.00000000	      0.00000000	     29.11193002	      0.01546378	     -4.32355772	     73.28747163	      1.27910768	     22.56976751	      0.00000000	      0.00000000	    -26.18255170	     -1.55829146	      0.89275342	     89.89800349	     -0.75819031	     26.60105130	     34.94102230	     84.28002778	      0.00000000	      0.00000000	     89.95052058	     -4.63931841	     29.77050137	     42.88562839	     84.95991847	      0.00000000	      0.00000000
      2.48500000	     10.67101938	     -1.40026942	      3.01758105	     -0.35529974	      0.89388828	     -1.06632774	     34.85697418	     -3.24103165	      0.26955320	      2.75014800	      0.04799914	     -8.25969329	      0.00000000	      0.00000000	     29.45053649	      0.02134309	     -4.34127726	     73.74501212	      1.28709327	     22.68765450	      0.00000000	      0.00000000	    -26.22356471	     -1.57889862	      0.72083125	     89.90156539	     -0.63095387	     26.15508376	     35.04745028	     84.24029288	      0.00000000	      0.00000000	     89.95144239	     -4.62653363	     29.49036047	     42.99303054	     84.93367877	      0.00000000	      0.00000000
      2.49000000	     10.25781877	     -1.13626945	      2.99839461	     -0.35660729	      0.89146930	     -1.06625896	     35.57880308	     -3.53492731	      0.43473621	      2.86276965	      0.04996476	     -8.33215028	      0.00000000	      0.00000000	     30.16841141	      0.26374057	     -4.53329454	     74.05998555	      1.29259059	     22.70816393	      0.00000000	      0.00000000	    -25.99782296	     -1.88284676	      0.62394010	     89.90487876	     -0.58270294	     25.73974657	     35.27769877	     84.03592527	      0.00000000	      0.00000000	     89.95236758	     -4.57381035	     29.17653086	     43.17607694	     84.91148459	      0.00000000	      0.00000000
      2.49500000	     10.23642816	     -1.21410977	      3.22367093	     -0.35725859	      0.88954837	     -1.06641744	     35.72850068	     -3.62129922	      0.06036005	      2.81570319	      0.04914329	     -8.32807871	      0.00000000	      0.00000000	     30.46509125	      0.22980910	     -4.39592588	     74.48159908	      1.29994914	     22.86311628	      0.00000000	      0.00000000	    -26.08893710	     -1.74098629	      0.43038326	     89.90733665	     -0.49523389	     25.29698577	     35.42328795	     84.08298919	      0.00000000	      0.00000000	     89.95315075	     -4.51536896	     28.85121644	     43.24798691	     84.77568745	      0.00000000	      0.00000000
      2.50000000	     10.23766084	     -1.13471037	      3.41941351	     -0.35750377	      0.88746909	     -1.06652629	     35.84142292	     -3.83400559	     -0.14109498	      2.72902985	      0.04763056	     -8.22413587	      0.00000000	      0.00000000	     30.68821507	      0.33145969	     -4.37614815	     74.87436628	      1.30680422	     23.04603608	      0.00000000	      0.00000000	    -26.17080025	     -1.76817673	      0.24291359	     89.90948825	     -0.44373023	     24.86831028	     35.50411404	     84.16104644	      0.00000000	      0.00000000	     89.95402369	     -4.46495027	     28.68086598	     43.28528480	     84.66492461	      0.00000000	      0.00000000
      2.50500000	      9.95136971	     -1.01148707	      3.55801930	     -0.35828850	      0.88537972	     -1.06668448	     36.32385755	     -4.07464417	     -0.31924957	      2.71807750	      0.04743940	     -8.26480499	      0.00000000	      0.00000000	     31.22760225	      0.49380278	     -4.39349131	     75.17222848	      1.31200289	     23.14476923	      0.00000000	      0.00000000	    -26.02020771	     -1.86798235	      0.12593504	     89.91178988	     -0.42648769	     24.47087917	     35.63941938	     83.97307765	      0.00000000	      0.00000000	     89.95445240	     -4.35555156	     28.36953786	     43.39586573	     84.51662912	      0.00000000	      0.00000000
      2.51000000	      9.86937913	     -1.01775191	      3.68354805	     -0.35899259	      0.88345284	     -1.06671534	     36.57040463	     -4.17509536	     -0.58223153	      2.68590338	      0.04687786	     -8.34576049	      0.00000000	      0.00000000	     31.57281275	      0.48829618	     -4.38238543	     75.56271822	      1.31881822	     23.25331618	      0.00000000	      0.00000000	    -26.06515732	     -1.83735916	      0.00344136	     89.91425701	     -0.36711125	     24.06270751	     35.80727979	     83.98175375	      0.00000000	      0.00000000	     89.95514409	     -4.30927415	     28.09511694	     43.46405219	     84.46717022	      0.00000000	      0.00000000
      2.51500000	      9.70786114	     -0.97028520	      3.82353093	     -0.35963525	      0.88132364	     -1.06676809	     36.89299011	     -4.34881425	     -0.67057057	      2.67896677	      0.04675679	     -7.96096084	      0.00000000	      0.00000000	     31.99722893	      0.52578626	     -4.43322778	     75.95014623	      1.32558012	     23.52250052	      0.00000000	      0.00000000	    -26.00801527	     -1.83535982	     -0.20959810	     89.91628863	     -0.20349253	     24.47870596	     35.92142304	     78.31822477	      0.00000000	      0.00000000	     89.95564755	     -4.37754091	     28.44739145	     43.70490500	     78.59046047	      0.00000000	      0.00000000
      2.52000000	      9.79599221	     -0.99360027	      3.95702647	     -0.36000466	      0.87952445	     -1.06673289	     36.88272438	     -4.40923831	     -0.98521754	      2.51982056	      0.04397917	     -8.13876030	      0.00000000	      0.00000000	     32.14022667	      0.52142275	     -4.33045318	     76.34709935	      1.33250826	     23.68520776	      0.00000000	      0.00000000	    -26.20443029	     -1.79714753	     -0.26296346	     89.91853997	     -0.33696001	     25.66806273	     36.45672632	     68.40676406	      0.00000000	      0.00000000	     89.95623601	     -4.35040516	     29.34024614	     44.18720339	     68.31050155	      0.00000000	      0.00000000
      2.52500000	      9.58738941	     -0.80028200	      4.05963854	     -0.36064953	      0.87746241	     -1.06696702	     37.33060592	     -4.70096734	     -1.02138622	      2.62196531	      0.04576193	     -8.14903425	      0.00000000	      0.00000000	     32.57610659	      0.73454413	     -4.43437018	     76.64596946	      1.33772453	     23.59366411	      0.00000000	      0.00000000	    -26.11831341	     -1.96155552	     -0.33495201	     89.91976660	     -0.26088459	     22.88640605	     36.15900234	     84.33330827	      0.00000000	      0.00000000	     89.95702939	     -4.07541313	     27.44871477	     43.72848470	     83.76165437	      0.00000000	      0.00000000
      2.53000000	      9.37110743	     -0.78875019	      4.12573103	     -0.36154250	      0.87556384	     -1.06697418	     37.72990339	     -4.78614115	     -1.12743782	      2.61836312	      0.04569906	     -8.24072200	      0.00000000	      0.00000000	     33.06298402	      0.76069020	     -4.42812213	     76.96936942	      1.34336892	     23.64622590	      0.00000000	      0.00000000	    -26.05159113	     -1.96689585	     -0.34852742	     89.92110839	     -0.22689832	     22.48877426	     36.34042800	     83.88818680	      0.00000000	      0.00000000	     89.95753692	     -3.98604022	     27.13446082	     43.86062057	     84.00468474	      0.00000000	      0.00000000
      2.53500000	      9.30713961	     -0.77918330	      4.20518004	     -0.36222113	      0.87381076	     -1.06706038	     37.94702831	     -4.87929183	     -1.29950467	      2.58859513	      0.04517951	     -8.23762188	      0.00000000	      0.00000000	     33.34901677	      0.76831197	     -4.44309209	     77.29400464	      1.34903487	     23.87077409	      0.00000000	      0.00000000	    -26.10616865	     -1.95523490	     -0.43887488	     89.92318473	     -0.20461662	     22.73532075	     36.51318083	     80.82867964	      0.00000000	      0.00000000	     89.95801364	     -4.00934889	     27.26334861	     44.00846153	     80.92909564	      0.00000000	      0.00000000
      2.54000000	      9.17871577	     -0.69545552	      4.22624880	     -0.36288714	      0.87185050	     -1.06696128	     38.29417336	     -4.99876774	     -1.40866679	      2.63074509	      0.04591516	     -8.34363689	      0.00000000	      0.00000000	     33.74261571	      0.82556876	     -4.52749573	     77.67170269	      1.35562695	     23.81037819	      0.00000000	      0.00000000	    -26.09190131	     -2.05467628	     -0.38601526	     89.92425143	     -0.21902369	     21.91942480	     36.62887836	     83.65483549	      0.00000000	      0.00000000	     89.95859456	     -3.82031594	     26.69084367	     44.01135115	     83.96144352	      0.00000000	      0.00000000
      2.54500000	      9.18803337	     -0.63704947	      4.33516503	     -0.36296161	      0.87003610	     -1.06689893	     38.39152799	     -5.12260927	     -1.58313221	      2.57470582	      0.04493709	     -8.14570540	      0.00000000	      0.00000000	     33.92933197	      0.86933471	     -4.54378376	     78.04259546	      1.36210025	     23.94772239	      0.00000000	      0.00000000	    -26.16773654	     -2.09878731	     -0.44183688	     89.92525387	     -0.24980145	     21.63132200	     36.72457893	     83.83064841	      0.00000000	      0.00000000	     89.95908273	     -3.72812257	     26.52642890	     44.06859404	     83.74799113	      0.00000000	      0.00000000
      2.55000000	      9.07082072	     -0.66401889	      4.40784423	     -0.36349751	      0.86813262	     -1.06691014	     38.66740274	     -5.16661404	     -1.74715730	      2.54703327	      0.04445412	     -8.20120705	      0.00000000	      0.00000000	     34.30258734	      0.85781284	     -4.50677406	     78.42066804	      1.36869886	     24.02673506	      0.00000000	      0.00000000	    -26.14561277	     -2.05912084	     -0.46203811	     89.92686504	     -0.20942689	     21.30421998	     36.82423598	     83.72849288	      0.00000000	      0.00000000	     89.95941588	     -3.67025506	     26.36965079	     44.13001287	     83.67352079	      0.00000000	      0.00000000
      2.55500000	      8.99361810	     -0.65624740	      4.45145301	     -0.36413034	      0.86635786	     -1.06685780	     38.89599766	     -5.22472184	     -1.75623636	      2.48563948	      0.04338259	     -8.20771507	      0.00000000	      0.00000000	     34.61046932	      0.86331057	     -4.50428192	     78.74543250	      1.37436707	     24.10308780	      0.00000000	      0.00000000	    -26.18000382	     -2.07030321	     -0.41287327	     89.92751845	     -0.27506337	     21.02485211	     37.00865842	     82.98911341	      0.00000000	      0.00000000	     89.96002935	     -3.49795820	     26.10210650	     44.14375121	     83.17730868	      0.00000000	      0.00000000
      2.56000000	      8.89849468	     -0.64946944	      4.54230674	     -0.36469179	      0.86459339	     -1.06699046	     39.16582199	     -5.31912250	     -1.96305640	      2.50457023	      0.04371300	     -8.22153022	      0.00000000	      0.00000000	     34.92990359	      0.88235831	     -4.51738758	     79.06851540	      1.38000593	     24.23543061	      0.00000000	      0.00000000	    -26.19205087	     -2.05048963	     -0.44202228	     89.92947607	     -0.30193630	     20.72004185	     37.12274198	     83.51453337	      0.00000000	      0.00000000	     89.96024173	     -3.45112167	     25.92493771	     44.29739538	     83.45860849	      0.00000000	      0.00000000
      2.56500000	      8.80494304	     -0.62946415	      4.58807229	     -0.36519204	      0.86275376	     -1.06704356	     39.42893859	     -5.39892842	     -2.04664236	      2.49610772	      0.04356530	     -8.13665814	      0.00000000	      0.00000000	     35.24832831	      0.90110862	     -4.54087116	     79.39546268	      1.38571223	     24.33984779	      0.00000000	      0.00000000	    -26.19790952	     -2.04393356	     -0.45046402	     89.93049689	     -0.26953522	     20.48178946	     37.25208947	     83.44082197	      0.00000000	      0.00000000	     89.96069635	     -3.38708346	     25.68648977	     44.38682586	     83.46475538	      0.00000000	      0.00000000
      2.57000000	      8.74324527	     -0.60566829	      4.60094803	     -0.36565782	      0.86102354	     -1.06693261	     39.62610089	     -5.44448755	     -2.00749967	      2.47025917	      0.04311416	     -8.05171758	      0.00000000	      0.00000000	     35.51068261	      0.90681894	     -4.57796549	     79.70446043	      1.39110526	     24.45823485	      0.00000000	      0.00000000	    -26.23690943	     -2.08907611	     -0.40949436	     89.93136240	     -0.27650979	     20.10430178	     37.37824033	     83.45779385	      0.00000000	      0.00000000	     89.96114791	     -3.31721511	     25.60552539	     44.43034129	     83.05802133	      0.00000000	      0.00000000
      2.57500000	      8.59224848	     -0.57800222	      4.53726044	     -0.36619055	      0.85912395	     -1.06672126	     39.96692019	     -5.43976828	     -1.96762070	      2.39802679	      0.04185346	     -8.24510710	      0.00000000	      0.00000000	     35.88221649	      0.88356613	     -4.66323391	     80.03878195	      1.39694027	     24.53538565	      0.00000000	      0.00000000	    -26.16899607	     -2.16253070	     -0.30187872	     89.93263892	     -0.28093005	     19.77171148	     37.49702258	     83.38409431	      0.00000000	      0.00000000	     89.96143835	     -3.23554616	     25.41678209	     44.50529738	     83.02733637	      0.00000000	      0.00000000
      2.58000000	      8.59543442	     -0.63152944	      4.60529223	     -0.36656403	      0.85763485	     -1.06682020	     40.09849222	     -5.45588510	     -2.12685492	      2.40490633	      0.04197353	     -8.04313397	      0.00000000	      0.00000000	     36.09104357	      0.86740137	     -4.59446975	     80.35460752	      1.40245247	     24.61398458	      0.00000000	      0.00000000	    -26.27182241	     -2.06472919	     -0.33000739	     89.93377712	     -0.24942795	     19.61568957	     37.61775414	     83.31390288	      0.00000000	      0.00000000	     89.96194744	     -3.20000334	     25.31170789	     44.47048104	     83.45747244	      0.00000000	      0.00000000
      2.58500000	      8.48650807	     -0.65356422	      4.67127766	     -0.36713882	      0.85582931	     -1.06692775	     40.34842355	     -5.50624103	     -2.28948233	      2.31607113	      0.04042307	     -8.08497917	      0.00000000	      0.00000000	     36.41659703	      0.92542877	     -4.49751122	     80.65473096	      1.40769061	     24.89958421	      0.00000000	      0.00000000	    -26.24683905	     -2.02536819	     -0.27769228	     89.93495617	     -0.31262471	     19.86758125	     37.81991949	     79.38216320	      0.00000000	      0.00000000	     89.96208525	     -3.14855596	     25.53293579	     44.73468586	     79.53307976	      0.00000000	      0.00000000
      2.59000000	      8.45810727	     -0.71666184	      4.68893213	     -0.36760568	      0.85425450	     -1.06688142	     40.52457025	     -5.47847757	     -2.23506512	      2.36390437	      0.04125791	     -7.90275924	      0.00000000	      0.00000000	     36.67153666	      0.84786259	     -4.49624579	     80.99673236	      1.41365966	     24.87215198	      0.00000000	      0.00000000	    -26.30676582	     -1.95352623	     -0.22648409	     89.93574989	     -0.30384592	     19.08599414	     37.88436008	     83.13595216	      0.00000000	      0.00000000	     89.96260821	     -2.99689197	     24.95052981	     44.55843776	     83.32468696	      0.00000000	      0.00000000
      2.59500000	      8.40435483	     -0.68378983	      4.75960996	     -0.36803761	      0.85268308	     -1.06700048	     40.71561235	     -5.56751934	     -2.43473258	      2.23350815	      0.03898207	     -8.10356604	      0.00000000	      0.00000000	     36.91181689	      0.94570168	     -4.43392932	     81.27500985	      1.41851652	     24.98163706	      0.00000000	      0.00000000	    -26.35215106	     -1.97239565	     -0.18471311	     89.93669956	     -0.38062035	     18.93309732	     38.02789915	     82.49546724	      0.00000000	      0.00000000	     89.96270786	     -2.89563327	     24.77887112	     44.73551310	     82.83182790	      0.00000000	      0.00000000
      2.60000000	      8.32236161	     -0.75397040	      4.78260177	     -0.36846197	      0.85101071	     -1.06689697	     40.96303850	     -5.53134888	     -2.56568591	      2.24270396	      0.03914257	     -8.05117846	      0.00000000	      0.00000000	     37.20680962	      0.87413048	     -4.40975526	     81.58149180	      1.42386564	     25.04498992	      0.00000000	      0.00000000	    -26.34373275	     -1.90311565	     -0.11800328	     89.93762568	     -0.38712162	     18.59368101	     38.14471750	     83.00058115	      0.00000000	      0.00000000	     89.96312750	     -2.83108842	     24.68644420	     44.73731758	     82.87898505	      0.00000000	      0.00000000
      2.60500000	      8.27293132	     -0.70914428	      4.78850870	     -0.36894153	      0.84948170	     -1.06694603	     41.16641931	     -5.58884073	     -2.58530219	      2.24053868	      0.03910478	     -7.99627484	      0.00000000	      0.00000000	     37.43152116	      0.92283120	     -4.44954740	     81.83487150	      1.42828795	     25.13724930	      0.00000000	      0.00000000	    -26.40589447	     -1.94128561	     -0.08164306	     89.93835719	     -0.39605247	     18.23062256	     38.30914728	     82.98538335	      0.00000000	      0.00000000	     89.96346801	     -2.76507184	     24.54539881	     44.81176495	     82.79077403	      0.00000000	      0.00000000
      2.61000000	      8.13036161	     -0.62476131	      4.80319400	     -0.36942231	      0.84756311	     -1.06697061	     41.49921521	     -5.68744913	     -2.55633362	      2.26347287	      0.03950505	     -7.84064601	      0.00000000	      0.00000000	     37.80397599	      1.06202753	     -4.44191006	     82.16911735	      1.43412164	     25.25427929	      0.00000000	      0.00000000	    -26.33888225	     -2.02813634	     -0.09904041	     89.93939894	     -0.40425525	     18.03258945	     38.43637494	     82.92640553	      0.00000000	      0.00000000	     89.96381124	     -2.73173149	     24.43433648	     44.85818697	     82.65804267	      0.00000000	      0.00000000
      2.61500000	      8.09297631	     -0.77876220	      4.85444192	     -0.36981984	      0.84618496	     -1.06692622	     41.66062517	     -5.60491171	     -2.72054294	      2.22340996	      0.03880582	     -7.91828608	      0.00000000	      0.00000000	     38.05061525	      0.93862645	     -4.32120092	     82.47554159	      1.43946975	     25.34018413	      0.00000000	      0.00000000	    -26.37924267	     -1.86375833	     -0.02851948	     89.94014533	     -0.40753534	     17.85606701	     38.50939411	     82.62028185	      0.00000000	      0.00000000	     89.96399662	     -2.68888610	     24.30936346	     44.90994189	     82.78271988	      0.00000000	      0.00000000
      2.62000000	      7.95300919	     -0.74377093	      4.80216932	     -0.37024872	      0.84438257	     -1.06682117	     41.99184224	     -5.61835554	     -2.63062321	      2.22540099	      0.03884057	     -7.91530903	      0.00000000	      0.00000000	     38.39694418	      0.96179608	     -4.37422920	     82.77794321	      1.44474766	     25.44012499	      0.00000000	      0.00000000	    -26.31604547	     -1.93840966	      0.08665255	     89.94118627	     -0.45554946	     17.60537446	     38.62780770	     82.48969225	      0.00000000	      0.00000000	     89.96430451	     -2.58118817	     24.18573049	     44.94089205	     82.58075819	      0.00000000	      0.00000000
      2.62500000	      7.90035125	     -0.86801882	      4.88833758	     -0.37058150	      0.84292358	     -1.06687895	     42.16691894	     -5.56659239	     -2.91121974	      2.16347417	      0.03775975	     -8.04330031	      0.00000000	      0.00000000	     38.65997587	      0.92676837	     -4.20879040	     83.08593492	      1.45012313	     25.56489506	      0.00000000	      0.00000000	    -26.33187764	     -1.78079589	      0.12009337	     89.94153877	     -0.44354329	     17.34477856	     38.74581939	     82.57724638	      0.00000000	      0.00000000	     89.96453697	     -2.53135582	     24.09901351	     44.95987542	     82.47912887	      0.00000000	      0.00000000
      2.63000000	      7.74419701	     -0.85623014	      4.83929088	     -0.37109781	      0.84109411	     -1.06679074	     42.51431399	     -5.55846861	     -2.76181959	      2.20436207	      0.03847338	     -7.89827099	      0.00000000	      0.00000000	     39.03525534	      0.94477772	     -4.23169406	     83.39394062	      1.45549884	     25.66221428	      0.00000000	      0.00000000	    -26.24788008	     -1.83013455	      0.14792615	     89.94240638	     -0.38489179	     17.08915722	     38.79573719	     82.48257068	      0.00000000	      0.00000000	     89.96481568	     -2.53504974	     23.96478337	     45.03768536	     82.26280499	      0.00000000	      0.00000000
      2.63500000	      7.69599174	     -1.00330345	      4.90699737	     -0.37145181	      0.83963096	     -1.06675070	     42.70414772	     -5.48349677	     -3.11450195	      2.20404154	      0.03846778	     -7.95248354	      0.00000000	      0.00000000	     39.28614018	      0.87404138	     -4.05378176	     83.70169500	      1.46087017	     25.86926668	      0.00000000	      0.00000000	    -26.26491185	     -1.65937277	      0.23200099	     89.94298533	     -0.46893723	     16.94164374	     38.96297271	     82.50779717	      0.00000000	      0.00000000	     89.96509704	     -2.46720513	     23.93738374	     45.07763436	     81.86288653	      0.00000000	      0.00000000
      2.64000000	      7.53777007	     -0.97407748	      4.84466169	     -0.37186118	      0.83786954	     -1.06667059	     43.03819352	     -5.47855302	     -3.09768635	      2.19256553	      0.03826749	     -7.93106869	      0.00000000	      0.00000000	     39.65412645	      0.87260622	     -4.15026323	     83.98699405	      1.46584958	     25.86235442	      0.00000000	      0.00000000	    -26.17791622	     -1.73050187	      0.27885313	     89.94365134	     -0.42933297	     16.78625154	     39.05883808	     82.17676275	      0.00000000	      0.00000000	     89.96535543	     -2.46958715	     23.78894373	     45.12112973	     82.05396206	      0.00000000	      0.00000000
      2.64500000	      7.45323781	     -1.05919633	      4.91544768	     -0.37220921	      0.83632467	     -1.06675765	     43.23742984	     -5.46873475	     -3.20139880	      2.09762839	      0.03661052	     -8.06976805	      0.00000000	      0.00000000	     39.94229462	      0.88457473	     -4.01288138	     84.26968254	      1.47078342	     25.96128223	      0.00000000	      0.00000000	    -26.15786237	     -1.63832559	      0.30932661	     89.94463693	     -0.50056575	     16.57978141	     39.21530091	     82.22565159	      0.00000000	      0.00000000	     89.96555283	     -2.37463612	     23.67537837	     45.15685069	     81.93976226	      0.00000000	      0.00000000
      2.65000000	      7.38056355	     -1.11598452	      4.90760676	     -0.37254754	      0.83468719	     -1.06680969	     43.45602812	     -5.42632631	     -3.27251900	      2.10414296	      0.03672422	     -7.87674405	      0.00000000	      0.00000000	     40.21350855	      0.87388407	     -3.96054266	     84.57154002	      1.47605183	     26.07815693	      0.00000000	      0.00000000	    -26.14893321	     -1.58447809	      0.39431138	     89.94519020	     -0.52810315	     16.38619129	     39.34165034	     82.32704789	      0.00000000	      0.00000000	     89.96573482	     -2.34920025	     23.58007121	     45.21289975	     81.81720737	      0.00000000	      0.00000000
      2.65500000	      7.33050566	     -1.16922573	      4.90334509	     -0.37294120	      0.83319868	     -1.06674140	     43.64200930	     -5.38225726	     -3.33413119	      2.04600960	      0.03570960	     -7.97736881	      0.00000000	      0.00000000	     40.44598709	      0.86712992	     -3.89343841	     84.83176590	      1.48059363	     26.20115213	      0.00000000	      0.00000000	    -26.17212677	     -1.54808988	      0.46629837	     89.94552823	     -0.58209475	     16.23327990	     39.49329783	     82.19509302	      0.00000000	      0.00000000	     89.96603283	     -2.27822554	     23.47153636	     45.24790774	     81.35506267	      0.00000000	      0.00000000
      2.66000000	      7.20337779	     -1.22493313	      4.93089526	     -0.37329694	      0.83142959	     -1.06677681	     43.94704471	     -5.35549507	     -3.43893732	      2.11048909	      0.03683498	     -7.58625545	      0.00000000	      0.00000000	     40.76444946	      0.92766212	     -3.75169796	     85.12081844	      1.48563854	     26.69692888	      0.00000000	      0.00000000	    -26.09098775	     -1.48401906	      0.39780171	     89.94620618	     -0.55497929	     17.67929579	     39.87986490	     70.36536883	      0.00000000	      0.00000000	     89.96609087	     -2.40943304	     24.52932998	     45.64147829	     69.54729636	      0.00000000	      0.00000000
      2.66500000	      7.18924332	     -1.21202658	      4.82013212	     -0.37352324	      0.83007505	     -1.06661397	     44.08439254	     -5.28711112	     -3.41328595	      1.99271870	      0.03477950	     -8.01771940	      0.00000000	      0.00000000	     40.94609783	      0.86493829	     -3.86178976	     85.38389640	      1.49023012	     26.43429604	      0.00000000	      0.00000000	    -26.14487468	     -1.56951619	      0.61987474	     89.94681993	     -0.59133997	     15.86300193	     39.67523564	     81.83307525	      0.00000000	      0.00000000	     89.96644780	     -2.21098916	     23.20990088	     45.30653203	     81.90896029	      0.00000000	      0.00000000
      2.67000000	      7.17655126	     -1.24482629	      4.77956887	     -0.37390673	      0.82875945	     -1.06651451	     44.21597679	     -5.21907218	     -3.39740567	      1.96686951	      0.03432835	     -7.75616242	      0.00000000	      0.00000000	     41.12664556	      0.84141608	     -3.83282241	     85.62020990	      1.49435457	     26.59957703	      0.00000000	      0.00000000	    -26.20561323	     -1.56442930	      0.68276964	     89.94758038	     -0.61842622	     16.33081688	     39.89530548	     77.26375369	      0.00000000	      0.00000000	     89.96665418	     -2.21466230	     23.56715272	     45.46450834	     77.32605145	      0.00000000	      0.00000000
      2.67500000	      7.10583074	     -1.22975805	      4.75246003	     -0.37417148	      0.82715018	     -1.06651625	     44.44275917	     -5.22668801	     -3.45685407	      1.93260965	      0.03373040	     -7.96015454	      0.00000000	      0.00000000	     41.39159969	      0.87479331	     -3.83223794	     85.91110849	      1.49943171	     26.54467574	      0.00000000	      0.00000000	    -26.18673288	     -1.61653701	      0.72126489	     89.94823344	     -0.62266162	     15.52657462	     39.95830723	     81.90213549	      0.00000000	      0.00000000	     89.96682255	     -2.15369958	     23.09153954	     45.40513618	     80.85810931	      0.00000000	      0.00000000
      2.68000000	      6.99227876	     -1.24620755	      4.79011048	     -0.37442091	      0.82566121	     -1.06662730	     44.69967941	     -5.25248331	     -3.69273898	      1.94683481	      0.03397868	     -7.80183001	      0.00000000	      0.00000000	     41.69034369	      0.94340562	     -3.73614763	     86.17273501	      1.50399795	     26.64289975	      0.00000000	      0.00000000	    -26.13201327	     -1.59072311	      0.70021432	     89.94838358	     -0.59641403	     15.32524080	     39.99355158	     82.02844521	      0.00000000	      0.00000000	     89.96702214	     -2.12403094	     22.94542243	     45.44653547	     80.88447702	      0.00000000	      0.00000000
      2.68500000	      7.03607464	     -1.24152977	      4.75503280	     -0.37462070	      0.82434890	     -1.06659198	     44.78810407	     -5.23266915	     -3.62214671	      1.93956581	      0.03385181	     -7.70499548	      0.00000000	      0.00000000	     41.79396903	      0.98865830	     -3.67134445	     86.44766551	      1.50879639	     26.74885226	      0.00000000	      0.00000000	    -26.23310177	     -1.60505146	      0.75552461	     89.94879351	     -0.60005261	     15.14880724	     40.11018797	     81.79445355	      0.00000000	      0.00000000	     89.96725378	     -2.07865020	     22.80711526	     45.45381521	     80.87556764	      0.00000000	      0.00000000
      2.69000000	      6.94981814	     -1.28346066	      4.72306669	     -0.37491114	      0.82288914	     -1.06653750	     45.00581056	     -5.17540843	     -3.74297360	      1.92261894	      0.03355603	     -7.75386164	      0.00000000	      0.00000000	     42.06519328	      0.94902088	     -3.64542236	     86.70268750	      1.51324737	     26.80657911	      0.00000000	      0.00000000	    -26.21116619	     -1.60739691	      0.86812994	     89.94949794	     -0.69567514	     14.99931522	     40.28873567	     81.75450216	      0.00000000	      0.00000000	     89.96745185	     -2.00423182	     22.67939993	     45.54005304	     81.15770603	      0.00000000	      0.00000000
      2.69500000	      7.17416926	     -1.20683031	      4.67917715	     -0.37580225	      0.82155597	     -1.06629438	     44.97744739	     -5.17625419	     -3.76983437	      1.96535294	      0.03430188	     -7.87168172	      0.00000000	      0.00000000	     42.02609226	      0.97708449	     -3.67646454	     86.97209730	      1.51794946	     26.85821691	      0.00000000	      0.00000000	    -26.47447291	     -1.87881006	      2.15265103	     89.94983513	     -2.18695456	     14.76691812	     40.74726048	     81.72636444	      0.00000000	      0.00000000	     89.96590926	     -1.39281912	     22.67178215	     47.73657361	     80.84636287	      0.00000000	      0.00000000
      2.70000000	      7.15994808	     -1.27026971	      4.59446024	     -0.37606739	      0.82021173	     -1.06615643	     45.13426250	     -5.06424339	     -3.79850518	      1.94158561	      0.03388706	     -7.85369901	      0.00000000	      0.00000000	     42.21195539	      0.89238845	     -3.65671656	     87.23038110	      1.52245736	     26.91856353	      0.00000000	      0.00000000	    -26.51367244	     -1.89610526	      2.33943494	     89.95053535	     -2.38026783	     14.78764198	     40.90601060	     81.62467564	      0.00000000	      0.00000000	     89.96607281	     -1.24129366	     22.92999647	     48.00745300	     70.54708568	      0.00000000	      0.00000000
      2.70500000	      7.13358996	     -1.29206290	      4.52454369	     -0.37627403	      0.81891237	     -1.06595786	     45.29402984	     -4.99013485	     -3.86888773	      1.96120115	      0.03422942	     -7.71636781	      0.00000000	      0.00000000	     42.38934888	      0.84294169	     -3.65554977	     87.47742536	      1.52676909	     26.99732009	      0.00000000	      0.00000000	    -26.53438438	     -1.94644959	      2.39173665	     89.95093513	     -2.37934172	     14.58966771	     40.99913008	     81.95841486	      0.00000000	      0.00000000	     89.96627731	     -1.22689516	     22.97279370	     48.15687005	     66.62195234	      0.00000000	      0.00000000
      2.71000000	      7.07749215	     -1.34282104	      4.45971951	     -0.37658930	      0.81748689	     -1.06587826	     45.46998274	     -4.90449456	     -3.95560799	      1.86046808	      0.03247129	     -7.98259442	      0.00000000	      0.00000000	     42.61391816	      0.80414846	     -3.61296322	     87.75225530	      1.53156578	     27.12714602	      0.00000000	      0.00000000	    -26.53193178	     -1.95025437	      2.50224036	     89.95133409	     -2.44728646	     15.17426852	     41.26929033	     75.98190426	      0.00000000	      0.00000000	     89.96647554	     -1.16955923	     23.05030015	     48.37279313	     61.89754190	      0.00000000	      0.00000000
      2.71500000	      6.91662884	     -1.41334296	      4.45809599	     -0.37676593	      0.81591663	     -1.06582887	     45.78672144	     -4.84954252	     -4.01442434	      1.93906137	      0.03384301	     -7.74450716	      0.00000000	      0.00000000	     42.96881741	      0.74558843	     -3.57358942	     88.01654102	      1.53617844	     27.12993201	      0.00000000	      0.00000000	    -26.39550145	     -1.90520595	      2.53613835	     89.95168777	     -2.45438692	     14.39333702	     41.23595551	     81.31981679	      0.00000000	      0.00000000	     89.96659680	     -1.14414660	     22.55866466	     48.04540287	     73.22124114	      0.00000000	      0.00000000
      2.72000000	      6.99506444	     -1.47232338	      4.49344207	     -0.37694224	      0.81479543	     -1.06586114	     45.80948270	     -4.82395621	     -4.23473983	      1.89357196	      0.03304907	     -7.77097611	      0.00000000	      0.00000000	     43.02405174	      0.71455616	     -3.50815247	     88.27004412	      1.54060290	     27.26300981	      0.00000000	      0.00000000	    -26.53429283	     -1.85961286	      2.57599711	     89.95218846	     -2.48431169	     14.08475683	     41.34059149	     81.56167734	      0.00000000	      0.00000000	     89.96677017	     -1.08995587	     22.68480060	     48.32372376	     67.28683545	      0.00000000	      0.00000000
      2.72500000	      6.81304075	     -1.53508260	      4.47394275	     -0.37720315	      0.81319139	     -1.06575286	     46.20068945	     -4.77813197	     -4.33968775	      2.01651797	      0.03519488	     -7.69283593	      0.00000000	      0.00000000	     43.38122624	      0.66267632	     -3.48311307	     88.50666613	      1.54473273	     27.57956426	      0.00000000	      0.00000000	    -26.37742972	     -1.82252846	      2.53342918	     89.95255392	     -2.46126168	     15.28161495	     41.62510346	     71.65955382	      0.00000000	      0.00000000	     89.96689776	     -1.18513331	     22.88815885	     48.60359161	     59.33807736	      0.00000000	      0.00000000
      2.73000000	      6.80844069	     -1.59746879	      4.47984213	     -0.37739570	      0.81200944	     -1.06571676	     46.26930226	     -4.72277242	     -4.50382202	      1.85921303	      0.03244939	     -7.91039488	      0.00000000	      0.00000000	     43.54349955	      0.60586960	     -3.43856324	     88.75072262	      1.54899232	     27.41528690	      0.00000000	      0.00000000	    -26.43931986	     -1.82344877	      2.65202580	     89.95308685	     -2.57928361	     13.88159732	     41.55182435	     81.40219049	      0.00000000	      0.00000000	     89.96706053	     -0.96329159	     22.71171907	     48.56723411	     59.76487374	      0.00000000	      0.00000000
      2.73500000	      6.71951451	     -1.64247035	      4.46152130	     -0.37760669	      0.81060988	     -1.06557418	     46.50730082	     -4.67105990	     -4.60746498	      1.88754708	      0.03294391	     -7.91081576	      0.00000000	      0.00000000	     43.79478948	      0.56311846	     -3.40841715	     89.00219784	      1.55338139	     27.52282866	      0.00000000	      0.00000000	    -26.39901543	     -1.81379702	      2.64912482	     89.95348557	     -2.53869222	     13.72727607	     41.69687068	     80.96546211	      0.00000000	      0.00000000	     89.96733464	     -1.02144664	     22.20916715	     48.27013817	     72.98485009	      0.00000000	      0.00000000
      2.74000000	      6.49597350	     -1.59064179	      4.37023022	     -0.37793114	      0.80896569	     -1.06530953	     46.90719219	     -4.64571375	     -4.50142696	      1.89912041	      0.03314590	     -8.04802123	      0.00000000	      0.00000000	     44.20047523	      0.57113031	     -3.48687985	     89.22843624	      1.55733000	     27.50591400	      0.00000000	      0.00000000	    -26.21816525	     -1.97337984	      2.71931073	     89.95402710	     -2.67044965	     13.73236538	     41.79818891	     80.97851845	      0.00000000	      0.00000000	     89.96750165	     -0.91964079	     22.34342615	     48.49687147	     66.34124358	      0.00000000	      0.00000000
      2.74500000	      6.48939388	     -1.67687702	      4.39732927	     -0.37817306	      0.80776350	     -1.06530164	     47.00233363	     -4.58355380	     -4.66532431	      1.84885146	      0.03226855	     -7.88069006	      0.00000000	      0.00000000	     44.36177532	      0.48908259	     -3.43747469	     89.48418427	      1.56179364	     27.66231186	      0.00000000	      0.00000000	    -26.25932607	     -1.91563165	      2.74486205	     89.95436890	     -2.65368509	     13.44003236	     41.87692750	     81.18452953	      0.00000000	      0.00000000	     89.96772985	     -0.86139534	     22.28148557	     48.57708528	     65.21719300	      0.00000000	      0.00000000
      2.75000000	      6.37267627	     -1.73465333	      4.36166875	     -0.37835226	      0.80638252	     -1.06505456	     47.26899562	     -4.50400008	     -4.79460188	      1.87541479	      0.03273216	     -7.94207091	      0.00000000	      0.00000000	     44.64610805	      0.37032881	     -3.46289078	     89.72910006	      1.56606823	     27.65215141	      0.00000000	      0.00000000	    -26.18580591	     -1.91420673	      2.74787723	     89.95481149	     -2.62738510	     13.43967087	     41.98337062	     80.52696610	      0.00000000	      0.00000000	     89.96791585	     -0.89135163	     22.00183339	     48.44191937	     71.80796440	      0.00000000	      0.00000000
      2.75500000	      6.28564494	     -1.79117435	      4.47273189	     -0.37860922	      0.80500955	     -1.06518171	     47.47659697	     -4.55431138	     -4.91161342	      1.89873293	      0.03313914	     -7.81271722	      0.00000000	      0.00000000	     44.89411083	      0.43757139	     -3.30272545	     89.97371204	      1.57033752	     27.95423874	      0.00000000	      0.00000000	    -26.15042426	     -1.84453535	      2.64680599	     89.95529962	     -2.59111077	     13.90019496	     42.17652430	     75.29023314	      0.00000000	      0.00000000	     89.96807778	     -0.86266904	     22.02418348	     48.71014248	     66.60936734	      0.00000000	      0.00000000
      2.76000000	      6.24531104	     -1.80986562	      4.47947297	     -0.37877212	      0.80393543	     -1.06506031	     47.56947985	     -4.52343001	     -4.94501098	      1.74141452	      0.03039342	     -7.94864121	      0.00000000	      0.00000000	     45.07142197	      0.36595054	     -3.33869009	     90.17188326	      1.57379626	     27.84622248	      0.00000000	      0.00000000	    -26.17347429	     -1.88734716	      2.63483208	     89.95571338	     -2.65383034	     13.22594348	     42.23760446	     80.30765664	      0.00000000	      0.00000000	     89.96825535	     -0.78019850	     21.88685198	     48.72299237	     66.16579694	      0.00000000	      0.00000000
      2.76500000	      6.12139802	     -1.82075489	      4.53338787	     -0.37901168	      0.80260257	     -1.06500598	     47.81836609	     -4.54789520	     -5.07827324	      1.74277522	      0.03041717	     -7.97109310	      0.00000000	      0.00000000	     45.35288036	      0.37165187	     -3.31412191	     90.40449528	      1.57785610	     27.95776640	      0.00000000	      0.00000000	    -26.09366871	     -1.91414986	      2.54060932	     89.95603895	     -2.67539972	     13.78878351	     42.38236473	     75.24906787	      0.00000000	      0.00000000	     89.96838659	     -0.76996033	     21.91784239	     48.89594912	     62.70558470	      0.00000000	      0.00000000
      2.77000000	      6.07852431	     -1.87396595	      4.56099103	     -0.37921618	      0.80152046	     -1.06487347	     47.96022616	     -4.52194692	     -5.15867022	      1.75306998	      0.03059684	     -7.79477926	      0.00000000	      0.00000000	     45.54286544	      0.30347614	     -3.25700715	     90.60931809	      1.58143093	     27.90102811	      0.00000000	      0.00000000	    -26.11876540	     -1.91574404	      2.54743575	     89.95640807	     -2.72544664	     13.04424191	     42.39438751	     80.04350427	      0.00000000	      0.00000000	     89.96867617	     -0.64771841	     21.42932135	     48.70444032	     70.11973677	      0.00000000	      0.00000000
      2.77500000	      5.97650504	     -1.89441298	      4.62505210	     -0.37929843	      0.80032703	     -1.06477121	     48.14632275	     -4.53990540	     -5.19911202	      1.72713260	      0.03014415	     -7.75537726	      0.00000000	      0.00000000	     45.77330680	      0.27243373	     -3.26407410	     90.81549832	      1.58502946	     27.98504591	      0.00000000	      0.00000000	    -26.06120201	     -1.93696043	      2.39998795	     89.95690002	     -2.68033960	     12.96815627	     42.51715594	     79.98862973	      0.00000000	      0.00000000	     89.96877923	     -0.67345848	     21.57646338	     48.97846134	     63.15487969	      0.00000000	      0.00000000
      2.78000000	      5.83229715	     -1.84461370	      4.68643282	     -0.37958361	      0.79904152	     -1.06469438	     48.43059340	     -4.62370841	     -5.21472937	      1.77561865	      0.03099039	     -7.66966578	      0.00000000	      0.00000000	     46.04938568	      0.34638662	     -3.25225640	     90.96507418	      1.58764005	     28.10976367	      0.00000000	      0.00000000	    -25.99445346	     -2.00452682	      2.31024108	     89.95731137	     -2.67208094	     13.37070017	     42.69497941	     75.10017538	      0.00000000	      0.00000000	     89.96888214	     -0.65107876	     21.58510223	     49.21612604	     59.37891802	      0.00000000	      0.00000000
      2.78500000	      5.82109737	     -1.84229479	      4.72114088	     -0.37967524	      0.79813087	     -1.06457388	     48.50609075	     -4.63926494	     -5.34913528	      1.64456184	      0.02870302	     -8.23232577	      0.00000000	      0.00000000	     46.18682685	      0.29819443	     -3.28839005	     91.17127999	      1.59123902	     27.96448802	      0.00000000	      0.00000000	    -26.04014705	     -2.07162600	      2.22178166	     89.95755399	     -2.62489160	     12.67033517	     42.67544604	     79.53667045	      0.00000000	      0.00000000	     89.96904773	     -0.56112280	     21.39555350	     49.22749133	     58.41912449	      0.00000000	      0.00000000
      2.79000000	      5.75017716	     -1.93710522	      4.74780626	     -0.37982221	      0.79699498	     -1.06435379	     48.66420340	     -4.56561996	     -5.50208703	      1.61121511	      0.02812101	     -8.37478450	      0.00000000	      0.00000000	     46.40606637	      0.14738020	     -3.27135250	     91.38529639	      1.59497431	     28.02637556	      0.00000000	      0.00000000	    -26.01827453	     -2.01479552	      2.16382027	     89.95777145	     -2.60433339	     13.16647545	     42.90598809	     74.64628067	      0.00000000	      0.00000000	     89.96916292	     -0.59892702	     21.38242366	     49.45793597	     55.73536413	      0.00000000	      0.00000000
      2.79500000	      5.62880565	     -1.88968970	      4.77358771	     -0.38005756	      0.79585928	     -1.06411430	     48.88803218	     -4.61393862	     -5.46118409	      1.59175790	      0.02778142	     -8.34893535	      0.00000000	      0.00000000	     46.65692760	      0.13305384	     -3.34994314	     91.53875663	      1.59765270	     27.96828816	      0.00000000	      0.00000000	    -25.96167966	     -2.13525446	      2.07592322	     89.95796646	     -2.60311634	     12.49106365	     42.89381978	     79.66181341	      0.00000000	      0.00000000	     89.96932701	     -0.53935346	     21.18803572	     49.42989017	     57.43720792	      0.00000000	      0.00000000
      2.80000000	      5.53529763	     -1.90073686	      4.81373532	     -0.38027996	      0.79481843	     -1.06403929	     49.05999388	     -4.61782101	     -5.37877649	      1.61931169	      0.02826232	     -7.99838341	      0.00000000	      0.00000000	     46.87732634	      0.10474943	     -3.36446076	     91.72364268	      1.60087957	     28.05882645	      0.00000000	      0.00000000	    -25.95125158	     -2.15299785	      1.93746736	     89.95843475	     -2.49990608	     12.96120245	     43.07809314	     74.61699100	      0.00000000	      0.00000000	     89.96945685	     -0.59165540	     21.07481434	     49.59134043	     55.20066210	      0.00000000	      0.00000000
      2.80500000	      5.43945494	     -1.95607149	      4.91916453	     -0.38037881	      0.79381789	     -1.06396252	     49.20436327	     -4.65053816	     -5.48682938	      1.51317877	      0.02640995	     -8.46558007	      0.00000000	      0.00000000	     47.11232759	      0.05644176	     -3.33504341	     91.90496013	      1.60404415	     27.90472855	      0.00000000	      0.00000000	    -25.89513383	     -2.11380270	      1.79858884	     89.95844657	     -2.44277321	     13.82569130	     43.41076335	     64.93507367	      0.00000000	      0.00000000	     89.96949100	     -0.52663560	     20.95629601	     49.70788679	     51.42786899	      0.00000000	      0.00000000
      2.81000000	      5.36178523	     -2.01654014	      4.97690302	     -0.38044957	      0.79287698	     -1.06379013	     49.36110424	     -4.63134900	     -5.54434178	      1.54129005	      0.02690059	     -8.32786526	      0.00000000	      0.00000000	     47.29534299	     -0.03924501	     -3.33817145	     92.06372008	      1.60681504	     27.99080523	      0.00000000	      0.00000000	    -25.88358436	     -2.10679768	      1.76022061	     89.95876548	     -2.45208277	     12.10291640	     43.12545957	     79.34090796	      0.00000000	      0.00000000	     89.96958291	     -0.50272255	     20.83454006	     49.72418564	     54.71488453	      0.00000000	      0.00000000
      2.81500000	      5.19818290	     -2.03099547	      5.04719996	     -0.38073566	      0.79176363	     -1.06365696	     49.59001872	     -4.65776846	     -5.37069613	      1.59408594	      0.02782205	     -7.99338091	      0.00000000	      0.00000000	     47.60665509	     -0.07201386	     -3.37323251	     92.24191417	      1.60992511	     27.96667639	      0.00000000	      0.00000000	    -25.77536470	     -2.12549574	      1.65872067	     89.95905785	     -2.42548444	     11.98666894	     43.20396336	     79.44311360	      0.00000000	      0.00000000	     89.96964947	     -0.47245322	     20.69347351	     49.72436446	     54.86132299	      0.00000000	      0.00000000
      2.82000000	      5.12307925	     -2.13789523	      5.23113052	     -0.38086867	      0.79084498	     -1.06374637	     49.77114623	     -4.71779346	     -5.47646267	      1.75081693	      0.03055752	     -7.68410914	      0.00000000	      0.00000000	     47.82586732	     -0.06817439	     -3.21130700	     92.41043076	      1.61286628	     28.02394677	      0.00000000	      0.00000000	    -25.73792801	     -1.99231852	      1.37107586	     89.95923213	     -2.27358080	     12.35980609	     43.27968586	     75.31027264	      0.00000000	      0.00000000	     89.96983714	     -0.52346149	     20.57055275	     49.65266022	     53.30598696	      0.00000000	      0.00000000
      2.82500000	      5.04787772	     -2.14010883	      5.28809818	     -0.38091431	      0.79011157	     -1.06359414	     49.80720490	     -4.72950784	     -5.45534434	      1.55456749	      0.02713232	     -7.92555583	      0.00000000	      0.00000000	     47.97539018	     -0.12572508	     -3.26954103	     92.51950325	      1.61476995	     27.95368080	      0.00000000	      0.00000000	    -25.74345687	     -2.02149201	      1.32653376	     89.95943173	     -2.30279356	     11.83548167	     43.30160182	     79.20748267	      0.00000000	      0.00000000	     89.96973723	     -0.50068643	     20.46443297	     49.78201614	     54.28583843	      0.00000000	      0.00000000
      2.83000000	      4.98910264	     -2.23948895	      5.43619027	     -0.38103636	      0.78930586	     -1.06369479	     49.88812571	     -4.76247318	     -5.40898966	      1.54701384	      0.02700049	     -7.83131886	      0.00000000	      0.00000000	     48.14934459	     -0.20615763	     -3.24546304	     92.66939395	      1.61738604	     27.99952256	      0.00000000	      0.00000000	    -25.74035686	     -1.88956194	      1.17335751	     89.95961379	     -2.24727053	     12.16371365	     43.46841541	     75.62358946	      0.00000000	      0.00000000	     89.96968395	     -0.53715869	     20.40160359	     49.90363504	     53.34456443	      0.00000000	      0.00000000
      2.83500000	      4.88824445	     -2.25918672	      5.53956521	     -0.38114682	      0.78839741	     -1.06368548	     50.05023359	     -4.83636516	     -5.45005940	      1.52887715	      0.02668394	     -8.10222923	      0.00000000	      0.00000000	     48.36374901	     -0.19150649	     -3.19795817	     92.81443733	      1.61991752	     27.95223084	      0.00000000	      0.00000000	    -25.69165550	     -1.88260081	      1.03906881	     89.95973177	     -2.19186422	     11.60926858	     43.44537840	     79.11846842	      0.00000000	      0.00000000	     89.96977838	     -0.50160295	     20.24582178	     49.87241357	     53.73422650	      0.00000000	      0.00000000
      2.84000000	      4.77414114	     -2.25966723	      5.70544613	     -0.38134149	      0.78760655	     -1.06377538	     50.20721138	     -4.95853810	     -5.41690869	      1.56278715	      0.02727578	     -8.07550032	      0.00000000	      0.00000000	     48.56939487	     -0.12439536	     -3.17484155	     92.90333847	      1.62146914	     28.00187813	      0.00000000	      0.00000000	    -25.65906635	     -1.84077732	      0.86756347	     89.95993966	     -2.15952465	     11.94101867	     43.63164919	     75.20479835	      0.00000000	      0.00000000	     89.96979195	     -0.48252650	     20.21090115	     49.93525274	     52.59066852	      0.00000000	      0.00000000
      2.84500000	      4.73711608	     -2.35284440	      5.89638530	     -0.38145985	      0.78697450	     -1.06392560	     50.23843642	     -5.03685472	     -5.40205248	      1.54223188	      0.02691702	     -8.23432492	      0.00000000	      0.00000000	     48.72514628	     -0.10886302	     -3.03546059	     93.03085336	      1.62369470	     27.95484097	      0.00000000	      0.00000000	    -25.67930611	     -1.69207129	      0.73187331	     89.96006903	     -2.11242825	     12.08438364	     43.76061542	     72.49708292	      0.00000000	      0.00000000	     89.96977841	     -0.46312758	     20.10725142	     50.00520040	     51.80006542	      0.00000000	      0.00000000
      2.85000000	      4.71874132	     -2.41284595	      6.09310789	     -0.38148483	      0.78645773	     -1.06409707	     50.23172575	     -5.13678547	     -5.37066967	      1.52967171	      0.02669781	     -8.18638912	      0.00000000	      0.00000000	     48.82980220	     -0.09291335	     -2.95921432	     93.12007173	      1.62525185	     27.90296436	      0.00000000	      0.00000000	    -25.71505526	     -1.57527812	      0.55138446	     89.96019517	     -2.11980899	     12.28652649	     43.94340694	     70.56293234	      0.00000000	      0.00000000	     89.96976221	     -0.44738561	     20.05617129	     49.99162570	     51.23524016	      0.00000000	      0.00000000
      2.85500000	      4.60678811	     -2.43429601	      6.24496800	     -0.38160336	      0.78566048	     -1.06423100	     50.37732785	     -5.25376673	     -5.26619404	      1.57717723	      0.02752694	     -8.27737818	      0.00000000	      0.00000000	     49.04636773	     -0.03211311	     -2.90658210	     93.24153317	      1.62737175	     27.92844903	      0.00000000	      0.00000000	    -25.65845896	     -1.50051392	      0.38628707	     89.96027374	     -2.05052549	     12.41841633	     44.02201691	     68.63197074	      0.00000000	      0.00000000	     89.96977201	     -0.48795638	     19.98993692	     50.09403902	     50.66573474	      0.00000000	      0.00000000
      2.86000000	      4.62939091	     -2.48625451	      6.37987040	     -0.38169350	      0.78520245	     -1.06438008	     50.34870944	     -5.30924568	     -5.12747154	      1.61300174	      0.02815219	     -8.27294453	      0.00000000	      0.00000000	     49.10020729	     -0.01781917	     -2.82541236	     93.32077195	      1.62875473	     27.91563681	      0.00000000	      0.00000000	    -25.73803175	     -1.40117986	      0.24701330	     89.96047010	     -1.99508823	     12.54465850	     44.16914198	     66.19053198	      0.00000000	      0.00000000	     89.96972742	     -0.49733768	     19.93457032	     50.13682839	     49.85374428	      0.00000000	      0.00000000
      2.86500000	      4.53073207	     -2.48054579	      6.54812054	     -0.38180011	      0.78456025	     -1.06456021	     50.46019771	     -5.45413464	     -4.91312499	      1.64799206	      0.02876289	     -8.29714912	      0.00000000	      0.00000000	     49.30004182	      0.06022583	     -2.80191686	     93.41754763	      1.63044379	     27.72853375	      0.00000000	      0.00000000	    -25.69484735	     -1.36710660	      0.13467193	     89.96050867	     -2.01143205	     10.97283532	     43.92822353	     79.06974420	      0.00000000	      0.00000000	     89.96976695	     -0.38791845	     19.79431970	     49.94859262	     52.61807735	      0.00000000	      0.00000000
      2.87000000	      4.55553492	     -2.47464749	      6.72526150	     -0.38199708	      0.78415110	     -1.06480090	     50.43058033	     -5.58439213	     -4.70054290	      1.69848682	      0.02964419	     -8.13737854	      0.00000000	      0.00000000	     49.33149172	      0.17192982	     -2.72152121	     93.47087166	      1.63137447	     27.79790684	      0.00000000	      0.00000000	    -25.79558814	     -1.28138225	     -0.08066103	     89.96073584	     -1.97390653	     11.57153231	     44.15407687	     74.16678173	      0.00000000	      0.00000000	     89.96977427	     -0.47430762	     19.78584280	     50.06467738	     51.11443296	      0.00000000	      0.00000000
      2.87500000	      4.55091963	     -2.38967830	      6.81019584	     -0.38211882	      0.78384683	     -1.06474906	     50.41629827	     -5.71372639	     -4.55637913	      1.67546957	      0.02924246	     -8.61595759	      0.00000000	      0.00000000	     49.37822472	      0.22556097	     -2.81600780	     93.52374731	      1.63229732	     27.58920278	      0.00000000	      0.00000000	    -25.86590208	     -1.34184757	     -0.23116531	     89.96066872	     -1.81820252	     12.10534174	     44.47198474	     66.07846729	      0.00000000	      0.00000000	     89.96981318	     -0.48678361	     19.71763101	     50.02853748	     49.22836790	      0.00000000	      0.00000000
      2.88000000	      4.46986384	     -2.41706936	      7.00799164	     -0.38221095	      0.78330042	     -1.06501860	     50.49610306	     -5.83204671	     -4.25142256	      1.84488320	      0.03219929	     -7.91633193	      0.00000000	      0.00000000	     49.51219535	      0.36379796	     -2.67201066	     93.55702542	      1.63287813	     27.82747263	      0.00000000	      0.00000000	    -25.82885143	     -1.21474616	     -0.46635388	     89.96088259	     -1.71657490	     12.42138502	     44.56146745	     63.54705235	      0.00000000	      0.00000000	     89.96975402	     -0.62065927	     19.75421639	     50.16490578	     48.52375950	      0.00000000	      0.00000000
      2.88500000	      4.32905963	     -2.29684023	      7.20093056	     -0.38224905	      0.78260845	     -1.06543186	     50.82571099	     -6.11753179	     -4.40946471	      2.25439702	      0.03934665	     -7.63042535	      0.00000000	      0.00000000	     49.71989152	      0.61567834	     -2.67743339	     93.59853945	      1.63360269	     27.60349104	      0.00000000	      0.00000000	    -25.72196781	     -1.24879257	     -0.65358638	     89.96089258	     -1.65972468	     12.33509310	     44.59025404	     62.28734453	      0.00000000	      0.00000000	     89.96996533	     -0.50732965	     19.67691174	     49.89862754	     48.19776945	      0.00000000	      0.00000000
      2.89000000	      4.41844007	     -2.35305705	      7.36396608	     -0.38222479	      0.78247694	     -1.06567302	     50.52877712	     -6.16966663	     -4.16437049	      1.85422648	      0.03236236	     -8.40154044	      0.00000000	      0.00000000	     49.68467576	      0.63419930	     -2.60330963	     93.67329712	      1.63490746	     27.61110729	      0.00000000	      0.00000000	    -25.88697741	     -1.11695820	     -0.71011822	     89.96101316	     -1.68657494	     10.50867323	     44.28383439	     78.56623891	      0.00000000	      0.00000000	     89.96979226	     -0.49869804	     19.59155110	     49.98377420	     51.25512033	      0.00000000	      0.00000000
      2.89500000	      4.41646476	     -2.34951230	      7.51950688	     -0.38226139	      0.78212548	     -1.06591088	     50.51669435	     -6.29029701	     -4.07897188	      1.86536982	      0.03255685	     -8.49648597	      0.00000000	      0.00000000	     49.73811743	      0.73999183	     -2.53482080	     93.73016838	      1.63590005	     27.61940266	      0.00000000	      0.00000000	    -25.92806873	     -1.02900540	     -0.84178343	     89.96116635	     -1.64217628	     10.79689629	     44.41651887	     75.38558284	      0.00000000	      0.00000000	     89.96973810	     -0.52535662	     19.59127199	     50.01051340	     50.65557465	      0.00000000	      0.00000000
      2.90000000	      4.39022837	     -2.37704393	      7.62584983	     -0.38229895	      0.78179972	     -1.06608746	     50.51124901	     -6.32183929	     -3.92201527	      1.92115648	      0.03353051	     -8.06740265	      0.00000000	      0.00000000	     49.82104997	      0.79564852	     -2.46225410	     93.78564759	      1.63686834	     27.59209211	      0.00000000	      0.00000000	    -25.94115490	     -0.94841272	     -0.91406373	     89.96128035	     -1.65151505	     11.08146921	     44.55843173	     72.53005959	      0.00000000	      0.00000000	     89.96967410	     -0.52590111	     19.59926075	     50.00717847	     50.08156414	      0.00000000	      0.00000000
      2.90500000	      4.37604239	     -2.37355446	      7.68891133	     -0.38237548	      0.78137746	     -1.06622119	     50.52642865	     -6.36260630	     -3.88880990	      1.94752973	      0.03399081	     -8.13310833	      0.00000000	      0.00000000	     49.85495676	      0.83037313	     -2.47439445	     93.85134234	      1.63801493	     27.71487398	      0.00000000	      0.00000000	    -25.97023199	     -0.88727090	     -0.94410170	     89.96133293	     -1.57227412	     11.16350369	     44.69333156	     70.29375319	      0.00000000	      0.00000000	     89.96968466	     -0.55389928	     19.55854367	     50.02648674	     49.68863185	      0.00000000	      0.00000000
      2.91000000	      4.31968358	     -2.30007218	      7.76818647	     -0.38238006	      0.78100081	     -1.06645987	     50.56284179	     -6.47802432	     -3.76089523	      1.95472412	      0.03411637	     -8.04472553	      0.00000000	      0.00000000	     49.95007963	      0.98668148	     -2.47203730	     93.89288708	      1.63874002	     27.62724077	      0.00000000	      0.00000000	    -25.94912118	     -0.91919219	     -1.01130889	     89.96146696	     -1.56164706	     10.13811931	     44.51489432	     78.54494048	      0.00000000	      0.00000000	     89.96967269	     -0.51305717	     19.46668554	     49.88662360	     52.22328037	      0.00000000	      0.00000000
      2.91500000	      4.28391238	     -2.21750378	      7.83908246	     -0.38240477	      0.78062396	     -1.06664539	     50.60559733	     -6.59349837	     -3.79142045	      1.92610240	      0.03361683	     -8.57971422	      0.00000000	      0.00000000	     50.00457396	      1.11875571	     -2.51099415	     93.92559191	      1.63931083	     27.68292538	      0.00000000	      0.00000000	    -25.95671997	     -0.94037937	     -1.10429861	     89.96159194	     -1.50075895	     10.42788650	     44.63616408	     75.48431350	      0.00000000	      0.00000000	     89.96964814	     -0.55890014	     19.49829750	     49.93043809	     51.57520595	      0.00000000	      0.00000000
      2.92000000	      4.27899908	     -2.19282212	      7.87250016	     -0.38236888	      0.78032812	     -1.06675264	     50.59478151	     -6.61653503	     -3.81726614	      1.88506403	      0.03290057	     -8.70330182	      0.00000000	      0.00000000	     50.03056905	      1.17083835	     -2.51035732	     93.96219540	      1.63994968	     27.70634819	      0.00000000	      0.00000000	    -25.98111951	     -0.92356351	     -1.10524341	     89.96160332	     -1.48213416	     10.65626577	     44.74086983	     72.75369568	      0.00000000	      0.00000000	     89.96963716	     -0.56279240	     19.49959506	     49.96222136	     50.91737590	      0.00000000	      0.00000000
      2.92500000	      4.24403103	     -2.18539434	      7.89337728	     -0.38236097	      0.78007768	     -1.06681956	     50.58637567	     -6.60378810	     -3.77792523	      1.84302562	      0.03216687	     -8.52301911	      0.00000000	      0.00000000	     50.08799666	      1.19315108	     -2.52367500	     93.99473427	      1.64051759	     27.70838100	      0.00000000	      0.00000000	    -25.98954789	     -0.89076282	     -1.05721227	     89.96161684	     -1.48525818	     10.86808091	     44.91795383	     69.94795816	      0.00000000	      0.00000000	     89.96957333	     -0.54344254	     19.53605310	     50.00152910	     50.18785835	      0.00000000	      0.00000000
      2.93000000	      4.22748093	     -2.13240141	      7.85785676	     -0.38238524	      0.77975142	     -1.06684495	     50.61868248	     -6.59535527	     -3.73791932	      1.85631747	      0.03239885	     -8.49270600	      0.00000000	      0.00000000	     50.11883564	      1.24492855	     -2.55847755	     94.02614684	      1.64106585	     27.78177216	      0.00000000	      0.00000000	    -26.01598217	     -0.92264493	     -0.97203795	     89.96171423	     -1.47075312	     10.99899717	     45.05484694	     67.51205579	      0.00000000	      0.00000000	     89.96949747	     -0.51513996	     19.55391100	     50.06503620	     49.62816960	      0.00000000	      0.00000000
      2.93500000	      4.17559333	     -2.11264871	      7.84629852	     -0.38235672	      0.77954744	     -1.06692539	     50.64479020	     -6.58394463	     -3.76471623	      1.81346579	      0.03165095	     -8.48537853	      0.00000000	      0.00000000	     50.18038458	      1.30856420	     -2.53605852	     94.04638707	      1.64141910	     27.79781879	      0.00000000	      0.00000000	    -25.98708983	     -0.90780411	     -0.93351028	     89.96180307	     -1.45074545	     11.21253060	     45.17266455	     65.56938209	      0.00000000	      0.00000000	     89.96946139	     -0.54614048	     19.56540606	     50.07845717	     49.12161856	      0.00000000	      0.00000000
      2.94000000	      4.14877444	     -2.05231563	      7.81432924	     -0.38226848	      0.77938129	     -1.06693356	     50.66063458	     -6.57314473	     -3.81482910	      1.79287114	      0.03129150	     -8.49273154	      0.00000000	      0.00000000	     50.21829259	      1.32899943	     -2.61747886	     94.08127309	      1.64202798	     27.64940075	      0.00000000	      0.00000000	    -25.97927524	     -1.00006435	     -0.81283534	     89.96186133	     -1.52457717	      9.70973339	     44.83166176	     78.30056906	      0.00000000	      0.00000000	     89.96946704	     -0.38183092	     19.45137456	     49.85769837	     52.42927193	      0.00000000	      0.00000000
      2.94500000	      4.13808886	     -2.04441544	      7.78486911	     -0.38219369	      0.77923894	     -1.06700102	     50.65318127	     -6.53728194	     -3.98667229	      1.75323511	      0.03059973	     -8.60267944	      0.00000000	      0.00000000	     50.23114958	      1.36572580	     -2.59362901	     94.10180657	      1.64238636	     27.72703907	      0.00000000	      0.00000000	    -25.99042028	     -0.97825083	     -0.70602821	     89.96197092	     -1.54568561	      9.80441842	     44.91468774	     76.79811771	      0.00000000	      0.00000000	     89.96939366	     -0.36938296	     19.44650521	     49.86078846	     52.31534030	      0.00000000	      0.00000000
      2.95000000	      4.10731045	     -2.02724945	      7.73385493	     -0.38209510	      0.77903787	     -1.06701328	     50.66131517	     -6.48263720	     -4.06533216	      1.71332754	      0.02990321	     -8.55637498	      0.00000000	      0.00000000	     50.26809336	      1.37248605	     -2.61987896	     94.12483329	      1.64278825	     27.74309904	      0.00000000	      0.00000000	    -25.99173132	     -0.97653630	     -0.57935265	     89.96200027	     -1.57287576	      9.89824246	     45.03981792	     75.35814189	      0.00000000	      0.00000000	     89.96937885	     -0.34696493	     19.46704095	     49.85727949	     52.13178709	      0.00000000	      0.00000000
      2.95500000	      4.08489772	     -2.00592372	      7.65844227	     -0.38208910	      0.77890703	     -1.06703254	     50.67837074	     -6.41645052	     -4.14621509	      1.72949102	      0.03018531	     -8.45889666	      0.00000000	      0.00000000	     50.28770864	      1.39923897	     -2.64608039	     94.13864735	      1.64302935	     27.78456268	      0.00000000	      0.00000000	    -25.98625743	     -0.95280772	     -0.41938433	     89.96194683	     -1.56282818	      9.98348721	     45.11834635	     74.16341899	      0.00000000	      0.00000000	     89.96942142	     -0.35515981	     19.44976663	     49.83269323	     51.90045607	      0.00000000	      0.00000000
      2.96000000	      4.09132150	     -1.96984246	      7.57888375	     -0.38199058	      0.77886387	     -1.06693578	     50.64450250	     -6.33724837	     -4.29905870	      1.68307998	      0.02937529	     -8.46063510	      0.00000000	      0.00000000	     50.26294866	      1.37680148	     -2.70912304	     94.13675181	      1.64299627	     27.89730553	      0.00000000	      0.00000000	    -26.01107153	     -1.04100982	     -0.31712631	     89.96204952	     -1.58782509	     10.09597757	     45.20129662	     72.19559584	      0.00000000	      0.00000000	     89.96927686	     -0.28661201	     19.50265071	     49.84104612	     51.28592377	      0.00000000	      0.00000000
      2.96500000	      4.04717986	     -1.98349525	      7.50651865	     -0.38191645	      0.77872027	     -1.06692388	     50.67961065	     -6.25550898	     -4.34821446	      1.68125164	      0.02934338	     -8.41940729	      0.00000000	      0.00000000	     50.30953218	      1.37880313	     -2.69145979	     94.16287038	      1.64345212	     27.91179596	      0.00000000	      0.00000000	    -25.97471337	     -1.01350027	     -0.16881599	     89.96198763	     -1.59683341	     10.23571141	     45.27094253	     70.66311482	      0.00000000	      0.00000000	     89.96929502	     -0.29102567	     19.52390270	     49.83732849	     50.84893265	      0.00000000	      0.00000000
      2.97000000	      4.04803623	     -1.98382391	      7.41587563	     -0.38187647	      0.77868201	     -1.06686816	     50.67615886	     -6.15730557	     -4.41413149	      1.69898716	      0.02965292	     -8.40261121	      0.00000000	      0.00000000	     50.30615217	      1.33861049	     -2.73537881	     94.18170551	      1.64378086	     27.98033802	      0.00000000	      0.00000000	    -25.99722241	     -1.01547307	      0.02051927	     89.96198215	     -1.66073491	     10.30624906	     45.39376233	     69.32694107	      0.00000000	      0.00000000	     89.96931845	     -0.18377776	     19.49900405	     49.75267868	     50.46853982	      0.00000000	      0.00000000
      2.97500000	      4.03226637	     -1.94467336	      7.27647077	     -0.38171740	      0.77869909	     -1.06676674	     50.66623000	     -6.03115087	     -4.59292245	      1.65699666	      0.02892005	     -8.30824226	      0.00000000	      0.00000000	     50.29103797	      1.30207598	     -2.82749808	     94.15432459	      1.64330297	     27.92200598	      0.00000000	      0.00000000	    -25.98906329	     -1.08133076	      0.27531547	     89.96205048	     -1.72081689	      9.26264198	     45.17335855	     78.27814811	      0.00000000	      0.00000000	     89.96926554	     -0.10196354	     19.17932152	     49.33438420	     63.12740598	      0.00000000	      0.00000000
      2.98000000	      4.05044848	     -1.92137030	      7.19540168	     -0.38160359	      0.77874427	     -1.06678492	     50.63039470	     -5.94576773	     -4.65846970	      1.65573384	      0.02889801	     -8.30401063	      0.00000000	      0.00000000	     50.23262986	      1.33554122	     -2.85061279	     94.14961061	      1.64322069	     28.04317389	      0.00000000	      0.00000000	    -26.01300662	     -1.09175122	      0.42163934	     89.96219826	     -1.79196328	      9.62576228	     45.28022332	     75.78588326	      0.00000000	      0.00000000	     89.96920533	     -0.08776942	     19.26957550	     49.36067332	     61.48704524	      0.00000000	      0.00000000
      2.98500000	      4.08319730	     -1.91320605	      7.07710105	     -0.38153780	      0.77882138	     -1.06679382	     50.60024162	     -5.83732953	     -4.82963474	      1.68085143	      0.02933639	     -8.24565014	      0.00000000	      0.00000000	     50.16477811	      1.32046042	     -2.88604016	     94.11271284	      1.64257671	     28.10074424	      0.00000000	      0.00000000	    -26.05439367	     -1.09015833	      0.60966731	     89.96226859	     -1.78959480	      9.67792297	     45.35864414	     74.49847713	      0.00000000	      0.00000000	     89.96921989	     -0.05886430	     19.30987816	     49.31849372	     60.79321046	      0.00000000	      0.00000000
      2.99000000	      4.08341125	     -1.94366344	      6.95660344	     -0.38147249	      0.77887759	     -1.06676675	     50.57908409	     -5.67556800	     -4.78278303	      1.71984276	      0.03001692	     -7.83191111	      0.00000000	      0.00000000	     50.14457406	      1.27816755	     -2.89190706	     94.09839517	      1.64232682	     28.14347957	      0.00000000	      0.00000000	    -26.06327155	     -1.04768857	      0.83282255	     89.96228090	     -1.77213609	      9.71210306	     45.42720181	     72.97870191	      0.00000000	      0.00000000	     89.96918801	     -0.03098161	     19.36010177	     49.34324700	     59.78446304	      0.00000000	      0.00000000
      2.99500000	      4.03364708	     -1.86101325	      6.82832148	     -0.38136855	      0.77885010	     -1.06675924	     50.62746416	     -5.61122161	     -4.78886008	      1.69196696	      0.02953039	     -8.15638778	      0.00000000	      0.00000000	     50.14793100	      1.33596733	     -2.98905200	     94.06174160	      1.64168709	     28.20938195	      0.00000000	      0.00000000	    -26.02059476	     -1.14048753	      0.95700532	     89.96222148	     -1.75803276	      9.88656249	     45.49364545	     71.16801684	      0.00000000	      0.00000000	     89.96920415	     -0.03727921	     19.43744468	     49.30509247	     58.38445079	      0.00000000	      0.00000000
      3.00000000	      4.01961169	     -1.87254975	      6.73723066	     -0.38125714	      0.77888885	     -1.06680988	     50.63234470	     -5.49729889	     -4.87497901	      1.75366788	      0.03060728	     -7.96579454	      0.00000000	      0.00000000	     50.14260387	      1.34873790	     -2.98224605	     94.04106548	      1.64132622	     28.28017140	      0.00000000	      0.00000000	    -26.00583189	     -1.09807302	      1.13207279	     89.96230340	     -1.76743458	     10.05943318	     45.58475593	     69.25906169	      0.00000000	      0.00000000	     89.96913376	     -0.04775787	     19.49416461	     49.38362937	     56.89649571	      0.00000000	      0.00000000
      3.00500000	      4.01955128	     -1.84689608	      6.66777354	     -0.38111524	      0.77897777	     -1.06690098	     50.61736962	     -5.43865388	     -5.04411006	      1.73463040	      0.03027501	     -8.29394936	      0.00000000	      0.00000000	     50.10136993	      1.40195982	     -2.99924345	     94.00123355	      1.64063103	     28.33680111	      0.00000000	      0.00000000	    -26.00383972	     -1.10205778	      1.27856323	     89.96231800	     -1.81534794	     10.14694519	     45.66957849	     68.27416483	      0.00000000	      0.00000000	     89.96919329	      0.00303794	     19.54236899	     49.34059665	     56.07899917	      0.00000000	      0.00000000
      3.01000000	      4.01539638	     -1.82853195	      6.56426990	     -0.38100210	      0.77905207	     -1.06692081	     50.60010101	     -5.32640108	     -5.02773217	      1.69562467	      0.02959423	     -8.45256120	      0.00000000	      0.00000000	     50.07442279	      1.41621049	     -3.03106069	     93.98879711	      1.64041397	     28.34029843	      0.00000000	      0.00000000	    -25.99843681	     -1.11251273	      1.43949806	     89.96238419	     -1.83689457	     10.26059872	     45.73778573	     66.95590958	      0.00000000	      0.00000000	     89.96913638	      0.02947675	     19.54820105	     49.38390948	     54.99274825	      0.00000000	      0.00000000
      3.01500000	      4.02545737	     -1.80509428	      6.46524579	     -0.38088427	      0.77922451	     -1.06699462	     50.53627658	     -5.22286005	     -5.00477848	      1.64431267	      0.02869867	     -8.59464160	      0.00000000	      0.00000000	     50.02943692	      1.42467558	     -3.08004230	     93.95296458	      1.63978857	     28.34299877	      0.00000000	      0.00000000	    -26.00781021	     -1.10595314	      1.60466268	     89.96234540	     -1.81243009	     10.29923396	     45.77504611	     66.09127544	      0.00000000	      0.00000000	     89.96916531	      0.06266539	     19.58556118	     49.33059147	     54.03230054	      0.00000000	      0.00000000
      3.02000000	      4.01063229	     -1.83877795	      6.32059956	     -0.38077200	      0.77937107	     -1.06701590	     50.53084401	     -5.04712098	     -4.81306935	      1.68035016	      0.02932764	     -8.18656944	      0.00000000	      0.00000000	     50.02347349	      1.38508032	     -3.07024310	     93.91748056	      1.63916926	     28.31328304	      0.00000000	      0.00000000	    -25.99095383	     -1.08110091	      1.83037298	     89.96238608	     -1.89283599	     10.39844772	     45.83791730	     65.40831362	      0.00000000	      0.00000000	     89.96917820	      0.10394685	     19.57153188	     49.38081274	     53.17747937	      0.00000000	      0.00000000
      3.02500000	      3.92697424	     -1.85230539	      6.25568236	     -0.38064695	      0.77941922	     -1.06713895	     50.59487545	     -4.96222155	     -4.73823121	      1.68590454	      0.02942459	     -8.07120811	      0.00000000	      0.00000000	     50.09449030	      1.43201712	     -3.02202799	     93.88196718	      1.63854944	     28.32468482	      0.00000000	      0.00000000	    -25.89197680	     -1.06225780	      1.95825804	     89.96247012	     -1.90229835	      8.98589233	     45.49085323	     78.19211021	      0.00000000	      0.00000000	     89.96916323	      0.17577729	     19.45814870	     49.23869969	     55.48432061	      0.00000000	      0.00000000
      3.03000000	      3.91693596	     -1.92169688	      6.22381918	     -0.38053597	      0.77961909	     -1.06728709	     50.55990508	     -4.85574585	     -4.74136786	      1.64779137	      0.02875938	     -8.08066245	      0.00000000	      0.00000000	     50.09491643	      1.43461764	     -2.92236637	     93.88725755	      1.63864177	     28.40697624	      0.00000000	      0.00000000	    -25.86714552	     -0.93485503	      2.03984380	     89.96250933	     -1.86007315	      9.31976788	     45.55513781	     75.33391113	      0.00000000	      0.00000000	     89.96915855	      0.10725334	     19.49200901	     49.29450283	     54.37545472	      0.00000000	      0.00000000
      3.03500000	      3.91738257	     -1.95026620	      6.18482530	     -0.38042170	      0.77988115	     -1.06740706	     50.50644595	     -4.76292174	     -4.68445467	      1.61757017	      0.02823193	     -8.10183921	      0.00000000	      0.00000000	     50.07118885	      1.45072708	     -2.88110356	     93.84684952	      1.63793652	     28.39082526	      0.00000000	      0.00000000	    -25.84713338	     -0.87083064	      2.10442346	     89.96248991	     -1.80375341	      9.45306403	     45.57081081	     73.80543224	      0.00000000	      0.00000000	     89.96916905	      0.09838241	     19.47146085	     49.32967435	     53.89830931	      0.00000000	      0.00000000
      3.04000000	      3.86346945	     -1.94780151	      6.10510645	     -0.38033915	      0.78007773	     -1.06750241	     50.52996886	     -4.67279995	     -4.61158450	      1.56546350	      0.02732249	     -8.20129160	      0.00000000	      0.00000000	     50.08214822	      1.47857552	     -2.87798331	     93.78043065	      1.63677729	     28.44658811	      0.00000000	      0.00000000	    -25.78378653	     -0.84316211	      2.21348031	     89.96252592	     -1.79904559	      9.67449675	     45.63599936	     71.92265200	      0.00000000	      0.00000000	     89.96911722	      0.08079789	     19.45970853	     49.35939891	     53.10188431	      0.00000000	      0.00000000
      3.04500000	      3.84334116	     -1.95962612	      6.03917246	     -0.38021945	      0.78041502	     -1.06761417	     50.49996116	     -4.59227968	     -4.60345281	      1.56555801	      0.02732414	     -7.95304061	      0.00000000	      0.00000000	     50.07617630	      1.47050452	     -2.88952568	     93.74501919	      1.63615924	     28.35448234	      0.00000000	      0.00000000	    -25.75705588	     -0.81490530	      2.35073980	     89.96251863	     -1.80633410	      8.87065668	     45.49889830	     78.43196928	      0.00000000	      0.00000000	     89.96913769	      0.12711270	     19.42020320	     49.30248274	     54.36825581	      0.00000000	      0.00000000
      3.05000000	      3.82414370	     -1.95323027	      5.95283067	     -0.38000868	      0.78065627	     -1.06765771	     50.49868235	     -4.50784522	     -4.63013057	      1.48167572	      0.02586012	     -8.59754435	      0.00000000	      0.00000000	     50.04047919	      1.45903303	     -2.92673312	     93.68300779	      1.63507694	     28.44234920	      0.00000000	      0.00000000	    -25.73208383	     -0.79691513	      2.40977717	     89.96256684	     -1.74647350	      9.16174873	     45.55477790	     76.23687477	      0.00000000	      0.00000000	     89.96916838	      0.06759437	     19.37070255	     49.35893860	     53.71242467	      0.00000000	      0.00000000
      3.05500000	      3.75589489	     -1.98177538	      5.86426189	     -0.37997800	      0.78098335	     -1.06768358	     50.51523432	     -4.36751788	     -4.48670045	      1.45061043	      0.02531793	     -8.41403038	      0.00000000	      0.00000000	     50.06798876	      1.44268578	     -2.91339145	     93.60442803	      1.63370546	     28.40464065	      0.00000000	      0.00000000	    -25.64789646	     -0.75137521	      2.52798471	     89.96248295	     -1.71905109	      9.14757220	     45.53643021	     76.27482175	      0.00000000	      0.00000000	     89.96920689	      0.05011892	     19.34436630	     49.32737822	     53.73303808	      0.00000000	      0.00000000
      3.06000000	      3.75280435	     -1.96288764	      5.77930409	     -0.37982516	      0.78119670	     -1.06777860	     50.49200979	     -4.29744790	     -4.28942305	      1.44166813	      0.02516186	     -8.33588666	      0.00000000	      0.00000000	     50.03144815	      1.43502180	     -2.96262889	     93.57217415	      1.63314253	     28.46148043	      0.00000000	      0.00000000	    -25.61269285	     -0.74410765	      2.57809686	     89.96253307	     -1.66463092	      9.34445532	     45.50369209	     74.79942391	      0.00000000	      0.00000000	     89.96923429	      0.02037106	     19.30893256	     49.31097964	     53.39223839	      0.00000000	      0.00000000
      3.06500000	      3.72279658	     -1.95044426	      5.76096223	     -0.37966636	      0.78153896	     -1.06790713	     50.47497632	     -4.25582899	     -4.28933115	      1.43661791	      0.02507371	     -8.34002654	      0.00000000	      0.00000000	     50.02878170	      1.46078761	     -2.97924620	     93.54612549	      1.63268789	     28.45420799	      0.00000000	      0.00000000	    -25.56847582	     -0.72952775	      2.59383677	     89.96242761	     -1.64692676	      9.33740740	     45.54516216	     74.80666060	      0.00000000	      0.00000000	     89.96927441	      0.01839104	     19.29294046	     49.33322329	     53.39478980	      0.00000000	      0.00000000
      3.07000000	      3.66263602	     -1.95813436	      5.64189482	     -0.37957110	      0.78193796	     -1.06792237	     50.49785287	     -4.12003298	     -4.21452885	      1.40647113	      0.02454755	     -8.30191152	      0.00000000	      0.00000000	     50.00734131	      1.43992969	     -2.97753584	     93.41119137	      1.63033285	     28.41474991	      0.00000000	      0.00000000	    -25.49531725	     -0.69879863	      2.69700319	     89.96238130	     -1.59291428	      9.33041814	     45.57989295	     74.84327239	      0.00000000	      0.00000000	     89.96932814	     -0.06171757	     19.24056123	     49.34521140	     53.40460418	      0.00000000	      0.00000000
      3.07500000	      3.63580987	     -1.95634641	      5.61999171	     -0.37945991	      0.78238187	     -1.06801432	     50.47635466	     -4.07430311	     -4.20256185	      1.39715528	      0.02438496	     -8.29284445	      0.00000000	      0.00000000	     50.00519401	      1.43742047	     -2.99308969	     93.38170858	      1.62981828	     28.40818012	      0.00000000	      0.00000000	    -25.45481847	     -0.68894221	      2.70154899	     89.96229251	     -1.57512646	      9.32533409	     45.60795634	     74.85015834	      0.00000000	      0.00000000	     89.96933887	     -0.05405216	     19.23147814	     49.36535060	     53.40702867	      0.00000000	      0.00000000
      3.08000000	      3.61118062	     -1.97000089	      5.48954063	     -0.37939315	      0.78284688	     -1.06798145	     50.46634309	     -3.94189895	     -4.10839710	      1.35257769	      0.02360693	     -8.33580452	      0.00000000	      0.00000000	     49.94910919	      1.35129587	     -3.04139644	     93.23340101	      1.62722982	     28.37186491	      0.00000000	      0.00000000	    -25.41104112	     -0.68166385	      2.78624436	     89.96242446	     -1.49908143	      9.34940191	     45.54436526	     74.89253823	      0.00000000	      0.00000000	     89.96938303	     -0.09795029	     19.20380438	     49.35449826	     53.41777261	      0.00000000	      0.00000000
      3.08500000	      3.58153401	     -1.97250160	      5.47638775	     -0.37926278	      0.78339652	     -1.06809494	     50.44748736	     -3.90464914	     -4.09453028	      1.34480602	      0.02347129	     -8.33571596	      0.00000000	      0.00000000	     49.93432794	      1.34849981	     -3.05544653	     93.20660792	      1.62676219	     28.36387807	      0.00000000	      0.00000000	    -25.38050509	     -0.66328973	      2.78465477	     89.96229953	     -1.50322873	      9.33721906	     45.56572742	     74.89769312	      0.00000000	      0.00000000	     89.96945430	     -0.10028376	     19.18912751	     49.37856920	     53.41963310	      0.00000000	      0.00000000
      3.09000000	      3.52466729	     -1.97728473	      5.35838634	     -0.37900671	      0.78400649	     -1.06803797	     50.44109984	     -3.78343068	     -4.01504771	      1.29811337	      0.02265635	     -8.37640406	      0.00000000	      0.00000000	     49.87264695	      1.27551605	     -3.10099379	     93.02652600	      1.62361917	     28.30976290	      0.00000000	      0.00000000	    -25.29590315	     -0.66564687	      2.85694859	     89.96221839	     -1.42368022	      9.36021196	     45.51454102	     74.93210691	      0.00000000	      0.00000000	     89.96941688	     -0.14622306	     19.14853794	     49.40258704	     53.42699133	      0.00000000	      0.00000000
      3.09500000	      3.49450860	     -1.97492982	      5.33618898	     -0.37885124	      0.78448971	     -1.06812946	     50.41682225	     -3.74306417	     -3.98963354	      1.29194732	      0.02254873	     -8.37433393	      0.00000000	      0.00000000	     49.86235969	      1.25870119	     -3.12227915	     92.99466201	      1.62306304	     28.30296161	      0.00000000	      0.00000000	    -25.24296234	     -0.65626046	      2.84872138	     89.96219857	     -1.42291788	      9.34756713	     45.53967351	     74.93889535	      0.00000000	      0.00000000	     89.96942897	     -0.14951404	     19.13724220	     49.41885465	     53.42880647	      0.00000000	      0.00000000
      3.10000000	      3.42135957	     -1.98156983	      5.15300796	     -0.37883796	      0.78510149	     -1.06792137	     50.43107835	     -3.55880767	     -3.76777936	      1.24490843	      0.02172775	     -8.25791546	      0.00000000	      0.00000000	     49.81797552	      1.09669510	     -3.24760758	     92.78903941	      1.61947425	     28.23673450	      0.00000000	      0.00000000	    -25.14729320	     -0.68608587	      2.95993251	     89.96224090	     -1.33165158	      9.36326775	     45.48860979	     74.99029747	      0.00000000	      0.00000000	     89.96944159	     -0.21673946	     19.09227352	     49.45498001	     53.44063917	      0.00000000	      0.00000000
      3.10500000	      3.39184571	     -1.98410025	      5.13053466	     -0.37861630	      0.78581252	     -1.06799133	     50.40924272	     -3.53778091	     -3.75365645	      1.24131956	      0.02166511	     -8.26013806	      0.00000000	      0.00000000	     49.80582608	      1.07801865	     -3.26316021	     92.75462053	      1.61887352	     28.22955270	      0.00000000	      0.00000000	    -25.10751157	     -0.68118079	      2.95485973	     89.96198126	     -1.32544220	      9.35448326	     45.50428447	     74.99519920	      0.00000000	      0.00000000	     89.96947992	     -0.21339268	     19.08338310	     49.47709303	     53.44238917	      0.00000000	      0.00000000
      3.11000000	      3.32285345	     -1.97818367	      5.00934535	     -0.37842882	      0.78656773	     -1.06790741	     50.42302193	     -3.42480020	     -3.64276497	      1.22070172	      0.02130526	     -8.28553039	      0.00000000	      0.00000000	     49.73415469	      0.97797326	     -3.36441866	     92.51956887	      1.61477110	     28.17074007	      0.00000000	      0.00000000	    -25.01972911	     -0.72024860	      3.00334478	     89.96197804	     -1.28167512	      9.38015683	     45.42139537	     75.03048308	      0.00000000	      0.00000000	     89.96946341	     -0.25315492	     19.05668874	     49.51646203	     53.45192762	      0.00000000	      0.00000000
      3.11500000	      3.36000087	     -1.89182128	      4.86519139	     -0.37828900	      0.78743202	     -1.06789813	     50.29254864	     -3.35337168	     -3.15743891	      1.18254168	      0.02063925	     -8.20356466	      0.00000000	      0.00000000	     49.59654912	      0.88438306	     -3.60169398	     92.41481396	      1.61294278	     28.02043657	      0.00000000	      0.00000000	    -25.03225684	     -0.82282099	      3.03208894	     89.96206722	     -1.20408741	      9.35197539	     45.34180357	     75.25338624	      0.00000000	      0.00000000	     89.96946347	     -0.32917457	     19.07801673	     49.52379113	     53.50479100	      0.00000000	      0.00000000
      3.12000000	      3.29987510	     -1.90878383	      4.82024762	     -0.37817778	      0.78816030	     -1.06799633	     50.29588232	     -3.29501912	     -3.13330816	      1.18057749	      0.02060496	     -8.19310638	      0.00000000	      0.00000000	     49.56343252	      0.84712622	     -3.61449910	     92.26956132	      1.61040764	     27.99897060	      0.00000000	      0.00000000	    -24.95676972	     -0.80084298	      3.04778761	     89.96195750	     -1.17790388	      9.36779831	     45.33246142	     75.28064336	      0.00000000	      0.00000000	     89.96949069	     -0.32580214	     19.05071849	     49.58791659	     53.51373791	      0.00000000	      0.00000000
      3.12500000	      3.22369932	     -1.90977472	      4.76956543	     -0.37798548	      0.78898195	     -1.06800918	     50.31265630	     -3.24667905	     -3.09511627	      1.18787406	      0.02073231	     -8.21157208	      0.00000000	      0.00000000	     49.53194814	      0.78954953	     -3.66404810	     92.10023954	      1.60745242	     27.96347326	      0.00000000	      0.00000000	    -24.86333841	     -0.81027093	      3.04838874	     89.96183804	     -1.16408264	      9.37590280	     45.31108083	     75.31208004	      0.00000000	      0.00000000	     89.96942902	     -0.32836828	     19.03250648	     49.62427439	     53.52268455	      0.00000000	      0.00000000
      3.13000000	      3.17779123	     -1.93497775	      4.72487379	     -0.37784879	      0.78982425	     -1.06804471	     50.29878860	     -3.18357111	     -3.03886191	      1.20803410	      0.02108417	     -8.23700010	      0.00000000	      0.00000000	     49.48262682	      0.71612488	     -3.70793257	     91.94794148	      1.60479432	     27.91782990	      0.00000000	      0.00000000	    -24.78746887	     -0.79238843	      3.06038872	     89.96180293	     -1.17964149	      9.39479305	     45.27275862	     75.34521583	      0.00000000	      0.00000000	     89.96943795	     -0.34041769	     19.01539595	     49.65326859	     53.53197942	      0.00000000	      0.00000000
      3.13500000	      3.14206550	     -1.94021350	      4.68407515	     -0.37769692	      0.79076579	     -1.06814685	     50.27712620	     -3.14579802	     -3.01524324	      1.21394562	      0.02118735	     -8.24568261	      0.00000000	      0.00000000	     49.40199150	      0.66311672	     -3.75998030	     91.77799750	      1.60182824	     27.86762473	      0.00000000	      0.00000000	    -24.72378164	     -0.77634805	      3.08471634	     89.96170512	     -1.17872421	      9.43372317	     45.21876465	     75.38212036	      0.00000000	      0.00000000	     89.96936899	     -0.31696065	     19.01095059	     49.67772776	     53.54082415	      0.00000000	      0.00000000
      3.14000000	      3.10253484	     -1.92835482	      4.63764955	     -0.37748665	      0.79175068	     -1.06820945	     50.25972214	     -3.11916425	     -2.97734339	      1.24243041	      0.02168450	     -8.36640999	      0.00000000	      0.00000000	     49.30906768	      0.61178791	     -3.83449706	     91.58730920	      1.59850010	     27.80682561	      0.00000000	      0.00000000	    -24.67686135	     -0.78601929	      3.07757848	     89.96165357	     -1.18273133	      9.48165884	     45.19331795	     75.43173793	      0.00000000	      0.00000000	     89.96938002	     -0.34256827	     18.98112306	     49.72143104	     53.55269273	      0.00000000	      0.00000000
      3.14500000	      3.05218172	     -1.89886325	      4.57913424	     -0.37731514	      0.79273086	     -1.06826760	     50.23579539	     -3.08803333	     -2.88158717	      1.26801589	      0.02213105	     -8.43360548	      0.00000000	      0.00000000	     49.23705606	      0.55513128	     -3.94267201	     91.39073287	      1.59506919	     27.73784182	      0.00000000	      0.00000000	    -24.59491697	     -0.83247519	      3.05759057	     89.96158004	     -1.17222921	      9.54047859	     45.15065251	     75.48336034	      0.00000000	      0.00000000	     89.96930472	     -0.34528726	     18.98393767	     49.70596297	     53.56416969	      0.00000000	      0.00000000
      3.15000000	      3.01238818	     -1.87904399	      4.52111372	     -0.37712176	      0.79382450	     -1.06832141	     50.18252692	     -3.05186267	     -2.76939537	      1.28214477	      0.02237765	     -8.41064906	      0.00000000	      0.00000000	     49.14722435	      0.50330440	     -4.02110534	     91.21001714	      1.59191511	     27.65482115	      0.00000000	      0.00000000	    -24.53789857	     -0.84880182	      3.08689109	     89.96145503	     -1.20399764	      9.60918240	     45.09641298	     75.53734363	      0.00000000	      0.00000000	     89.96929471	     -0.35012101	     18.97396921	     49.74437888	     53.57801029	      0.00000000	      0.00000000
      3.15500000	      2.97548689	     -1.87914604	      4.47557318	     -0.37696091	      0.79491934	     -1.06842092	     50.14525819	     -3.01650421	     -2.69521655	      1.29915208	      0.02267448	     -8.40878984	      0.00000000	      0.00000000	     49.05804788	      0.44306530	     -4.09409683	     91.00864490	      1.58840050	     27.57598448	      0.00000000	      0.00000000	    -24.47549220	     -0.84304335	      3.07833493	     89.96134570	     -1.18787443	      9.68345063	     45.05725654	     75.58676507	      0.00000000	      0.00000000	     89.96925304	     -0.35292124	     18.96520242	     49.72878428	     53.58931966	      0.00000000	      0.00000000
      3.16000000	      2.93547236	     -1.89582016	      4.46771836	     -0.37669313	      0.79595081	     -1.06860357	     50.10403982	     -3.00945555	     -2.65249047	      1.31867982	      0.02301530	     -8.41542097	      0.00000000	      0.00000000	     48.98090103	      0.38899834	     -4.14549378	     90.81791378	      1.58507162	     27.53308018	      0.00000000	      0.00000000	    -24.39740515	     -0.82016357	      3.05552416	     89.96119796	     -1.20680773	      9.71645907	     45.00739791	     75.61824759	      0.00000000	      0.00000000	     89.96918566	     -0.33689016	     18.95246897	     49.74151586	     53.59762907	      0.00000000	      0.00000000
      3.16500000	      2.89028150	     -1.88795326	      4.44385882	     -0.37649902	      0.79692141	     -1.06863072	     50.07498370	     -3.00047231	     -2.64088252	      1.32220789	      0.02307688	     -8.41115706	      0.00000000	      0.00000000	     48.95066482	      0.37157500	     -4.16757942	     90.75162022	      1.58391457	     27.51275155	      0.00000000	      0.00000000	    -24.31556767	     -0.82411817	      3.04338205	     89.96106606	     -1.21090781	      9.71739614	     45.02947582	     75.62512790	      0.00000000	      0.00000000	     89.96918686	     -0.33507663	     18.93893696	     49.76159425	     53.59957845	      0.00000000	      0.00000000
      3.17000000	      2.93897148	     -1.70728407	      4.32729596	     -0.37619656	      0.79848277	     -1.06869850	     49.91048671	     -3.04802982	     -2.32295209	      1.36482773	      0.02382074	     -8.42460575	      0.00000000	      0.00000000	     48.63048630	      0.34676818	     -4.51155852	     90.34788213	      1.57686802	     27.25522104	      0.00000000	      0.00000000	    -24.33093186	     -1.02457463	      3.00081553	     89.96109085	     -1.22318677	      9.95525793	     44.82477675	     75.81490758	      0.00000000	      0.00000000	     89.96912044	     -0.35724774	     18.94544916	     49.60658302	     53.64152780	      0.00000000	      0.00000000
      3.17500000	      2.87324387	     -1.74187985	      4.33957468	     -0.37595161	      0.79965257	     -1.06888553	     49.89433019	     -3.03921609	     -2.32724379	      1.34702719	      0.02351006	     -8.43090100	      0.00000000	      0.00000000	     48.56022472	      0.31218152	     -4.52420168	     90.09938787	      1.57253097	     27.20854533	      0.00000000	      0.00000000	    -24.22624429	     -0.96754537	      2.99896601	     89.96083500	     -1.25640501	      9.94343744	     44.79214721	     75.84310045	      0.00000000	      0.00000000	     89.96899640	     -0.32837434	     18.92899478	     49.65080388	     53.64982034	      0.00000000	      0.00000000
      3.18000000	      2.87107717	     -1.62784659	      4.30089490	     -0.37565097	      0.80103487	     -1.06902662	     49.79029974	     -3.11520514	     -2.30720964	      1.35318892	      0.02361760	     -8.55121514	      0.00000000	      0.00000000	     48.37304133	      0.36077154	     -4.67563388	     89.81987285	      1.56765251	     27.08615704	      0.00000000	      0.00000000	    -24.18400609	     -1.08878085	      2.96454601	     89.96078239	     -1.34913251	     10.10114480	     44.68830223	     76.01207669	      0.00000000	      0.00000000	     89.96892647	     -0.29129164	     18.96413025	     49.53678172	     53.68100057	      0.00000000	      0.00000000
      3.18500000	      2.79653885	     -1.66369219	      4.29536403	     -0.37535812	      0.80221735	     -1.06929767	     49.76626750	     -3.11160709	     -2.32013284	      1.33790261	      0.02335081	     -8.57034858	      0.00000000	      0.00000000	     48.30375935	      0.31998905	     -4.70010444	     89.61171967	      1.56401956	     27.04233100	      0.00000000	      0.00000000	    -24.06238980	     -1.01881549	      2.98047360	     89.96047405	     -1.33532564	     10.09574649	     44.65720266	     76.04367279	      0.00000000	      0.00000000	     89.96878925	     -0.26119905	     18.95641392	     49.53847906	     53.68870510	      0.00000000	      0.00000000
      3.19000000	      2.75628610	     -1.70095243	      4.30646759	     -0.37510736	      0.80355811	     -1.06942100	     49.68880967	     -3.09358351	     -2.33196188	      1.32461149	      0.02311883	     -8.53254744	      0.00000000	      0.00000000	     48.19228825	      0.27366672	     -4.70245856	     89.35058566	      1.55946191	     26.96976848	      0.00000000	      0.00000000	    -23.96889764	     -0.96159092	      2.95072751	     89.96023107	     -1.34009079	     10.13231842	     44.57059004	     76.08104731	      0.00000000	      0.00000000	     89.96867081	     -0.24961733	     18.95957156	     49.50853841	     53.69583621	      0.00000000	      0.00000000
      3.19500000	      2.72057297	     -1.71783987	      4.28992738	     -0.37478294	      0.80487968	     -1.06968872	     49.62000861	     -3.08635927	     -2.35150079	      1.31586753	      0.02296622	     -8.52096324	      0.00000000	      0.00000000	     48.06857106	      0.27715493	     -4.70063465	     89.09322499	      1.55497012	     26.90491112	      0.00000000	      0.00000000	    -23.87211427	     -0.90857920	      2.97297812	     89.96011535	     -1.37655333	     10.16069545	     44.49834347	     76.11413437	      0.00000000	      0.00000000	     89.96853707	     -0.24309305	     18.96351392	     49.46770700	     53.70154444	      0.00000000	      0.00000000
      3.20000000	      2.67803712	     -1.67621620	      4.23606449	     -0.37450611	      0.80630508	     -1.06965967	     49.56422487	     -3.07584424	     -2.43393993	      1.30365669	      0.02275310	     -8.51350709	      0.00000000	      0.00000000	     47.92606057	      0.27047010	     -4.76061654	     88.82092255	      1.55021754	     26.81215234	      0.00000000	      0.00000000	    -23.77504603	     -0.96789022	      2.99284846	     89.95988013	     -1.38491994	     10.23998964	     44.33057441	     76.16799897	      0.00000000	      0.00000000	     89.96842070	     -0.19911193	     19.02197733	     49.35896204	     53.71142696	      0.00000000	      0.00000000
      3.20500000	      2.67648731	     -1.68900292	      4.23211518	     -0.37417680	      0.80785220	     -1.06995671	     49.45309044	     -3.08629533	     -2.46562735	      1.30469092	      0.02277115	     -8.50302276	      0.00000000	      0.00000000	     47.75186223	      0.25342877	     -4.79209914	     88.55022086	      1.54549291	     26.72049521	      0.00000000	      0.00000000	    -23.72551543	     -0.91821411	      2.99402668	     89.95971808	     -1.43214875	     10.29099744	     44.27332175	     76.21276409	      0.00000000	      0.00000000	     89.96830252	     -0.17742512	     19.05282870	     49.28837058	     53.71776608	      0.00000000	      0.00000000
      3.21000000	      2.64944329	     -1.68165767	      4.25459537	     -0.37378580	      0.80933972	     -1.07021052	     49.34769124	     -3.12567230	     -2.52229254	      1.29776588	      0.02265029	     -8.47269873	      0.00000000	      0.00000000	     47.60044512	      0.27117716	     -4.81834513	     88.29266135	      1.54099765	     26.63411322	      0.00000000	      0.00000000	    -23.61999809	     -0.89113315	      2.97807717	     89.95946014	     -1.48952883	     10.36616335	     44.16297971	     76.25824116	      0.00000000	      0.00000000	     89.96811599	     -0.12620564	     19.11786956	     49.19828043	     53.72629027	      0.00000000	      0.00000000
      3.21500000	      2.79885601	     -1.61745926	      4.23121532	     -0.37341753	      0.81111890	     -1.07044217	     49.05777830	     -3.16127656	     -2.60107382	      1.27592751	      0.02226914	     -8.27824392	      0.00000000	      0.00000000	     47.23869546	      0.33510737	     -4.86185107	     88.01443852	      1.53614174	     26.49067935	      0.00000000	      0.00000000	    -23.70602938	     -0.94399128	      3.02985532	     89.95949927	     -1.67993549	     10.63056928	     44.05301007	     76.46435691	      0.00000000	      0.00000000	     89.96815054	     -0.03233983	     19.25821554	     49.02112616	     53.76743278	      0.00000000	      0.00000000
      3.22000000	      2.73201481	     -1.66148247	      4.24341493	     -0.37300389	      0.81261961	     -1.07061818	     49.00000353	     -3.15682758	     -2.63653714	      1.26414970	      0.02206357	     -8.26181737	      0.00000000	      0.00000000	     47.13961897	      0.31998240	     -4.84330635	     87.74340070	      1.53141124	     26.42548276	      0.00000000	      0.00000000	    -23.57483712	     -0.86718808	      3.03497044	     89.95902380	     -1.70333892	     10.63229453	     44.00941616	     76.49895415	      0.00000000	      0.00000000	     89.96791085	     -0.00512875	     19.29012193	     48.98399222	     53.77444274	      0.00000000	      0.00000000
      3.22500000	      2.73183587	     -1.66581530	      4.21729515	     -0.37273855	      0.81419831	     -1.07083671	     48.88836225	     -3.15618339	     -2.70440710	      1.27243245	      0.02220814	     -8.29980729	      0.00000000	      0.00000000	     47.01480393	      0.34884913	     -4.79502945	     87.45330584	      1.52634813	     26.25204953	      0.00000000	      0.00000000	    -23.50224393	     -0.82230892	      3.08834139	     89.95883444	     -1.74552396	     10.66682987	     43.88985513	     76.54240588	      0.00000000	      0.00000000	     89.96777198	      0.01630636	     19.33836408	     48.91500862	     53.78293255	      0.00000000	      0.00000000
      3.23000000	      2.70884114	     -1.67436151	      4.18730961	     -0.37225948	      0.81584288	     -1.07101198	     48.78368871	     -3.15141149	     -2.77710826	      1.27276601	      0.02221396	     -8.31893012	      0.00000000	      0.00000000	     46.85955846	      0.36392533	     -4.78405325	     87.18553084	      1.52167457	     26.11626755	      0.00000000	      0.00000000	    -23.41743444	     -0.80089199	      3.10716256	     89.95853540	     -1.78624027	     10.71495987	     43.78754656	     76.58859973	      0.00000000	      0.00000000	     89.96760236	      0.05586440	     19.39962161	     48.84968380	     53.79251918	      0.00000000	      0.00000000
      3.23500000	      2.67318629	     -1.68212410	      4.19817853	     -0.37187367	      0.81745277	     -1.07129502	     48.70963371	     -3.18305361	     -2.81788712	      1.29273535	      0.02256249	     -8.34386022	      0.00000000	      0.00000000	     46.69583561	      0.39777549	     -4.78945702	     86.85359909	      1.51588127	     25.99175527	      0.00000000	      0.00000000	    -23.28895475	     -0.73755223	      3.15486804	     89.95824159	     -1.84898592	     10.75781877	     43.66277808	     76.62527878	      0.00000000	      0.00000000	     89.96739795	      0.08636196	     19.48395065	     48.74685916	     53.79969997	      0.00000000	      0.00000000
      3.24000000	      2.72255633	     -1.51122441	      4.14038557	     -0.37139961	      0.81919884	     -1.07148972	     48.55002893	     -3.28430200	     -2.89205009	      1.33952288	      0.02337908	     -8.35906003	      0.00000000	      0.00000000	     46.40845565	      0.56503356	     -4.88970851	     86.51346595	      1.50994483	     25.79113113	      0.00000000	      0.00000000	    -23.24161962	     -0.92479044	      3.18424155	     89.95816305	     -1.97434124	     10.92351274	     43.47314501	     76.78192803	      0.00000000	      0.00000000	     89.96739665	      0.17780563	     19.72920378	     48.53908265	     53.84109502	      0.00000000	      0.00000000
      3.24500000	      2.68874411	     -1.56493489	      4.11676371	     -0.37099148	      0.82090025	     -1.07174701	     48.46903046	     -3.25586345	     -2.86117575	      1.35827555	      0.02370638	     -8.37011180	      0.00000000	      0.00000000	     46.24024295	      0.56684818	     -4.84371202	     86.19033507	      1.50430513	     25.71806875	      0.00000000	      0.00000000	    -23.12046554	     -0.82096204	      3.26346577	     89.95781680	     -2.02102263	     10.97409365	     43.39990220	     76.82580110	      0.00000000	      0.00000000	     89.96716225	      0.21447908	     19.78838584	     48.48369136	     53.85225354	      0.00000000	      0.00000000
      3.25000000	      2.33019640	     -1.68945359	      4.07108856	     -0.37000828	      0.82289222	     -1.07220611	     48.63919945	     -3.18264625	     -2.92500966	      1.35541180	      0.02365640	     -8.40480431	      0.00000000	      0.00000000	     46.33674161	      0.55291673	     -4.74750412	     85.78037892	      1.49715005	     25.61596896	      0.00000000	      0.00000000	    -22.71193896	     -0.43777158	      1.92300872	     89.95745692	     -0.32412130	     10.68124485	     42.78950477	     80.75611691	      0.00000000	      0.00000000	     89.96901416	     -0.66120846	     19.26366712	     45.49490558	     78.85142389	      0.00000000	      0.00000000
      3.25500000	      2.32342796	     -1.72185728	      4.05692747	     -0.36939043	      0.82452043	     -1.07240094	     48.53589063	     -3.15970464	     -2.92847307	      1.40100372	      0.02445213	     -8.44594331	      0.00000000	      0.00000000	     46.13240173	      0.56786241	     -4.67821902	     85.45677837	      1.49150215	     25.53122511	      0.00000000	      0.00000000	    -22.59963477	     -0.35677674	      2.00484730	     89.95717273	     -0.36082358	     10.67183667	     42.66225417	     80.72606402	      0.00000000	      0.00000000	     89.96873095	     -0.61765642	     19.34307210	     45.43791574	     78.86306539	      0.00000000	      0.00000000
      3.26000000	      2.29314508	     -1.75107820	      3.97763085	     -0.36934291	      0.82650351	     -1.07265659	     48.45121784	     -3.09808291	     -2.93642399	      1.44774294	      0.02526788	     -8.53035181	      0.00000000	      0.00000000	     45.96935278	      0.60708858	     -4.59399693	     85.07401901	      1.48482174	     25.42501530	      0.00000000	      0.00000000	    -22.51380565	     -0.30998988	      2.10940538	     89.95710451	     -0.41908536	     10.69420195	     42.59261903	     80.70512806	      0.00000000	      0.00000000	     89.96861789	     -0.57061583	     19.42728402	     45.39859182	     78.87603203	      0.00000000	      0.00000000
      3.26500000	      2.43028352	     -1.73237172	      3.97529646	     -0.36840718	      0.82839617	     -1.07289323	     48.16615727	     -3.10998295	     -2.95581217	      1.46966519	      0.02565050	     -8.56587577	      0.00000000	      0.00000000	     45.54412596	      0.66840609	     -4.57950949	     84.75668884	      1.47928328	     25.39911368	      0.00000000	      0.00000000	    -22.50293289	     -0.29272349	      2.25075939	     89.95662439	     -0.55284243	     10.76591532	     42.38076865	     80.66237059	      0.00000000	      0.00000000	     89.96845448	     -0.41322169	     19.73061447	     45.20193409	     78.92416765	      0.00000000	      0.00000000
      3.27000000	      2.40510361	     -1.78326823	      3.90125791	     -0.36810004	      0.83025461	     -1.07307444	     48.08045566	     -3.03893130	     -2.89914066	      1.51917733	      0.02651465	     -8.57071752	      0.00000000	      0.00000000	     45.33652147	      0.65582965	     -4.53018055	     84.39926244	      1.47304502	     25.35702135	      0.00000000	      0.00000000	    -22.40447740	     -0.21187616	      2.32641838	     89.95634927	     -0.60511928	     10.83028101	     42.38731262	     80.65066788	      0.00000000	      0.00000000	     89.96833082	     -0.46207963	     19.73081336	     45.16512164	     78.93045550	      0.00000000	      0.00000000
      3.27500000	      2.34365918	     -1.82217721	      3.79216826	     -0.36800294	      0.83236048	     -1.07322952	     48.01508551	     -2.93462735	     -2.85464988	      1.55854624	      0.02720176	     -8.61262643	      0.00000000	      0.00000000	     45.17786550	      0.65173929	     -4.48308157	     83.97816266	      1.46569544	     25.27002564	      0.00000000	      0.00000000	    -22.29430018	     -0.14709665	      2.45966001	     89.95594685	     -0.63982438	     10.91116521	     42.30285465	     80.64199844	      0.00000000	      0.00000000	     89.96810361	     -0.44555081	     19.78692093	     45.14249599	     78.94279484	      0.00000000	      0.00000000
      3.28000000	      2.33518058	     -1.85339546	      3.72431748	     -0.36750260	      0.83432639	     -1.07341063	     47.91524452	     -2.87217699	     -2.78565318	      1.61931931	      0.02826245	     -8.68953133	      0.00000000	      0.00000000	     44.95470030	      0.65573957	     -4.44471203	     83.61233236	      1.45931049	     25.16845493	      0.00000000	      0.00000000	    -22.17686457	     -0.08653142	      2.59414943	     89.95561141	     -0.69161522	     10.95670569	     42.18951672	     80.63128380	      0.00000000	      0.00000000	     89.96787509	     -0.40566159	     19.88709483	     45.04917424	     78.96006349	      0.00000000	      0.00000000
      3.28500000	      2.35123319	     -1.89866497	      3.66663774	     -0.36702532	      0.83637098	     -1.07362370	     47.76489644	     -2.80701876	     -2.74731762	      1.65437363	      0.02887427	     -8.73261309	      0.00000000	      0.00000000	     44.69839149	      0.66473791	     -4.37898928	     83.23487732	      1.45272266	     25.05892907	      0.00000000	      0.00000000	    -22.08617469	     -0.02678023	      2.70926920	     89.95532176	     -0.77346820	     11.03617345	     42.03842701	     80.62726643	      0.00000000	      0.00000000	     89.96769353	     -0.35326458	     19.98478382	     44.98250881	     78.97797116	      0.00000000	      0.00000000
      3.29000000	      2.35110500	     -1.90645762	      3.56355412	     -0.36655955	      0.83835132	     -1.07373808	     47.62809010	     -2.71602490	     -2.69464411	      1.65892412	      0.02895369	     -8.80665716	      0.00000000	      0.00000000	     44.46887282	      0.67958254	     -4.34502347	     82.87078638	      1.44636808	     24.94654273	      0.00000000	      0.00000000	    -21.98750782	     -0.01762229	      2.84096762	     89.95491362	     -0.84188295	     11.13933813	     41.91257495	     80.62509658	      0.00000000	      0.00000000	     89.96752843	     -0.30484546	     20.11126480	     44.87766077	     79.00176880	      0.00000000	      0.00000000
      3.29500000	      2.34641502	     -1.95964098	      3.42326603	     -0.36597714	      0.84044859	     -1.07369787	     47.49683336	     -2.56828469	     -2.61528532	      1.67977938	      0.02931768	     -8.83771777	      0.00000000	      0.00000000	     44.22806507	      0.60692347	     -4.31085135	     82.49811205	      1.43986368	     24.83848263	      0.00000000	      0.00000000	    -21.87858885	      0.03106120	      2.99911856	     89.95441720	     -0.85957351	     11.25428697	     41.80602553	     80.62589117	      0.00000000	      0.00000000	     89.96735012	     -0.30600880	     20.19849578	     44.78329075	     79.01919718	      0.00000000	      0.00000000
      3.30000000	      2.38695811	     -1.99693510	      3.35672860	     -0.36517928	      0.84238037	     -1.07381865	     47.30536423	     -2.48287216	     -2.57090542	      1.67736941	      0.02927562	     -8.83183018	      0.00000000	      0.00000000	     43.93819754	      0.57433269	     -4.29228139	     82.15558830	      1.43388551	     24.74453780	      0.00000000	      0.00000000	    -21.77331106	      0.08413396	      3.11423467	     89.95382668	     -0.90465448	     11.33880353	     41.62844533	     80.62363894	      0.00000000	      0.00000000	     89.96707466	     -0.27154584	     20.30184326	     44.70864300	     79.03906283	      0.00000000	      0.00000000
      3.30500000	      2.46502819	     -1.95351880	      3.19703276	     -0.36478873	      0.84484031	     -1.07400743	     47.02460147	     -2.39963772	     -2.31029319	      1.55942202	      0.02721705	     -9.07450675	      0.00000000	      0.00000000	     43.57728647	      0.57859134	     -4.37892653	     81.73174990	      1.42648814	     24.61210702	      0.00000000	      0.00000000	    -21.76660669	      0.01770414	      3.29437791	     89.95385019	     -1.09452705	     11.68345575	     41.53385450	     80.63647014	      0.00000000	      0.00000000	     89.96720462	     -0.21232112	     20.56183752	     44.50874091	     79.11732426	      0.00000000	      0.00000000
      3.31000000	      2.43838564	     -2.03142983	      3.15172525	     -0.36443585	      0.84701904	     -1.07424821	     46.91738413	     -2.31231260	     -2.28160765	      1.57479387	      0.02748534	     -9.10616396	      0.00000000	      0.00000000	     43.35572457	      0.56203635	     -4.28565234	     81.30504105	      1.41904066	     24.50342569	      0.00000000	      0.00000000	    -21.64552821	      0.14215922	      3.36992673	     89.95321861	     -1.10972860	     11.73616043	     41.46073068	     80.63802770	      0.00000000	      0.00000000	     89.96686644	     -0.22803991	     20.56498242	     44.50336763	     79.12774238	      0.00000000	      0.00000000
      3.31500000	      2.45483013	     -2.10454379	      3.08309863	     -0.36395175	      0.84928718	     -1.07438295	     46.74591952	     -2.20491197	     -2.24545455	      1.57936476	      0.02756512	     -9.13232192	      0.00000000	      0.00000000	     43.07980867	      0.53977016	     -4.18491816	     80.87635589	      1.41155870	     24.37963410	      0.00000000	      0.00000000	    -21.56448639	      0.23202718	      3.46123678	     89.95263087	     -1.10768648	     11.79079536	     41.34900550	     80.64085955	      0.00000000	      0.00000000	     89.96661928	     -0.21896763	     20.62022198	     44.43529340	     79.14518416	      0.00000000	      0.00000000
      3.32000000	      2.44785772	     -2.16492447	      2.99318095	     -0.36347711	      0.85146237	     -1.07447544	     46.58919224	     -2.08469538	     -2.20488253	      1.56250374	      0.02727083	     -9.14958885	      0.00000000	      0.00000000	     42.83719453	      0.50656913	     -4.12362447	     80.46501912	      1.40437952	     24.25433059	      0.00000000	      0.00000000	    -21.44885894	      0.29685486	      3.54721374	     89.95213992	     -1.10815460	     11.88115126	     41.21457677	     80.64736935	      0.00000000	      0.00000000	     89.96639906	     -0.22811932	     20.67504758	     44.36150022	     79.16328518	      0.00000000	      0.00000000
      3.32500000	      2.45697486	     -2.19461122	      2.87503555	     -0.36299358	      0.85370030	     -1.07455085	     46.42682493	     -1.97075265	     -2.13715601	      1.54601155	      0.02698299	     -9.14690597	      0.00000000	      0.00000000	     42.56388525	      0.47429571	     -4.09899181	     80.04300404	      1.39701396	     24.11689615	      0.00000000	      0.00000000	    -21.35105313	      0.34114833	      3.68487244	     89.95166177	     -1.12167783	     11.98213728	     41.05874137	     80.65538206	      0.00000000	      0.00000000	     89.96618252	     -0.23178054	     20.74864606	     44.30521011	     79.18573205	      0.00000000	      0.00000000
      3.33000000	      2.66258814	     -2.15906003	      2.71561386	     -0.36228653	      0.85635903	     -1.07455600	     46.02021700	     -1.86497764	     -1.94031508	      1.47828265	      0.02580090	     -9.28196667	      0.00000000	      0.00000000	     42.02425959	      0.42665608	     -4.21866534	     79.60095225	      1.38929870	     23.94145958	      0.00000000	      0.00000000	    -21.45203074	      0.28175459	      3.83439902	     89.95135512	     -1.23149369	     12.29372863	     40.83834513	     80.69876885	      0.00000000	      0.00000000	     89.96614022	     -0.22933885	     20.96697510	     44.13314927	     79.26726996	      0.00000000	      0.00000000
      3.33500000	      2.53504974	     -2.19534513	      2.62527751	     -0.36181462	      0.85823800	     -1.07462250	     45.98473656	     -1.77190409	     -1.86828147	      1.45887218	      0.02546212	     -9.23469069	      0.00000000	      0.00000000	     41.91963940	      0.40430577	     -4.19492993	     79.20550308	      1.38239681	     23.85841928	      0.00000000	      0.00000000	    -21.21059426	      0.31300791	      3.90656441	     89.95066334	     -1.23373887	     12.33435171	     40.82687997	     80.70748369	      0.00000000	      0.00000000	     89.96584154	     -0.24792077	     20.97531479	     44.12947061	     79.28241630	      0.00000000	      0.00000000
      3.34000000	      2.55733324	     -2.26437252	      2.59181618	     -0.36134100	      0.86061338	     -1.07492225	     45.81182911	     -1.70189585	     -1.77472659	      1.45640643	      0.02541909	     -9.25680262	      0.00000000	      0.00000000	     41.62052438	      0.40347526	     -4.11043120	     78.73573544	      1.37419782	     23.71483837	      0.00000000	      0.00000000	    -21.12349481	      0.41354529	      3.97660228	     89.95014395	     -1.27886242	     12.45419030	     40.67458436	     80.72692511	      0.00000000	      0.00000000	     89.96556653	     -0.23053322	     21.04794108	     44.06217842	     79.31285582	      0.00000000	      0.00000000
      3.34500000	      2.73108480	     -2.32699815	      2.56084630	     -0.36066787	      0.86325790	     -1.07515319	     45.40787510	     -1.62033837	     -1.71173832	      1.37640381	      0.02402278	     -9.18991494	      0.00000000	      0.00000000	     41.13313709	      0.36199824	     -4.07904943	     78.27624336	      1.36617817	     23.56593650	      0.00000000	      0.00000000	    -21.17722363	      0.50314039	      3.95972324	     89.94978471	     -1.29302969	     12.79585191	     40.42238484	     80.79004702	      0.00000000	      0.00000000	     89.96545032	     -0.28625660	     21.21143690	     43.86250364	     79.39989911	      0.00000000	      0.00000000
      3.35000000	      2.79466143	     -2.28520095	      2.45893712	     -0.36017846	      0.86580857	     -1.07526232	     45.16969465	     -1.57943368	     -1.57284180	      1.35665498	      0.02367810	     -9.21418299	      0.00000000	      0.00000000	     40.73279972	      0.38513388	     -4.13900245	     77.73823565	      1.35678817	     23.42286066	      0.00000000	      0.00000000	    -21.15210292	      0.45830024	      4.05402746	     89.94920997	     -1.35074416	     12.98078782	     40.29353623	     80.82821408	      0.00000000	      0.00000000	     89.96518531	     -0.28873106	     21.30461558	     43.83540287	     79.48929619	      0.00000000	      0.00000000
      3.35500000	      2.68124903	     -2.36576783	      2.39832646	     -0.35954932	      0.86790632	     -1.07527795	     45.13391328	     -1.47337132	     -1.55733976	      1.34814815	      0.02352962	     -9.19971746	      0.00000000	      0.00000000	     40.58136587	      0.31942238	     -4.09393570	     77.30000210	      1.34913955	     23.33321882	      0.00000000	      0.00000000	    -20.92469701	      0.53228335	      4.10856437	     89.94817530	     -1.34975650	     13.03364868	     40.23392186	     80.83975943	      0.00000000	      0.00000000	     89.96474747	     -0.29595709	     21.33866562	     43.79815589	     79.51213288	      0.00000000	      0.00000000
      3.36000000	      2.63730168	     -2.43014339	      2.36443997	     -0.35917911	      0.87019876	     -1.07549822	     45.01694410	     -1.40857627	     -1.55000718	      1.36349799	      0.02379753	     -9.21086370	      0.00000000	      0.00000000	     40.37743919	      0.28608399	     -4.05150003	     76.84915550	      1.34127079	     23.21023909	      0.00000000	      0.00000000	    -20.79851153	      0.62886663	      4.15123735	     89.94727320	     -1.33631754	     13.10209831	     40.11890027	     80.85499222	      0.00000000	      0.00000000	     89.96444133	     -0.29917816	     21.39284611	     43.74166145	     79.53654085	      0.00000000	      0.00000000
      3.36500000	      2.91739093	     -2.43993481	      2.37148923	     -0.35842116	      0.87325556	     -1.07581897	     44.50092803	     -1.40178295	     -1.66533536	      1.33450738	      0.02329155	     -9.20467104	      0.00000000	      0.00000000	     39.71509535	      0.29884829	     -4.03398467	     76.31512786	      1.33195025	     23.00159008	      0.00000000	      0.00000000	    -20.95870570	      0.67012784	      4.14776768	     89.94691576	     -1.40627564	     13.44835932	     39.83525428	     80.95537501	      0.00000000	      0.00000000	     89.96431654	     -0.31547302	     21.63454374	     43.58066517	     79.66934119	      0.00000000	      0.00000000
      3.37000000	      2.87237285	     -2.51574228	      2.31284116	     -0.35792960	      0.87558616	     -1.07592495	     44.38624321	     -1.30277698	     -1.64385701	      1.34184300	      0.02341958	     -9.21812398	      0.00000000	      0.00000000	     39.48826168	      0.24142139	     -3.98274472	     75.83069953	      1.32349538	     22.84232573	      0.00000000	      0.00000000	    -20.80836632	      0.75045794	      4.17620014	     89.94610447	     -1.38024147	     13.57840001	     39.70320794	     80.98709482	      0.00000000	      0.00000000	     89.96389618	     -0.34838032	     21.69345660	     43.50498044	     79.71055922	      0.00000000	      0.00000000
      3.37500000	      2.82872383	     -2.56906496	      2.26054137	     -0.35746183	      0.87788721	     -1.07599667	     44.27904344	     -1.23003509	     -1.64237397	      1.35428800	      0.02363678	     -9.25485249	      0.00000000	      0.00000000	     39.24381906	      0.16402813	     -3.99252598	     75.34466489	      1.31501248	     22.69169327	      0.00000000	      0.00000000	    -20.65899360	      0.80405887	      4.23543319	     89.94510226	     -1.39301910	     13.68716176	     39.55936106	     81.01515645	      0.00000000	      0.00000000	     89.96342987	     -0.30770382	     21.83939248	     43.43124693	     79.75701040	      0.00000000	      0.00000000
      3.38000000	      2.81597630	     -2.63576998	      2.17046381	     -0.35690705	      0.88039783	     -1.07602514	     44.12726784	     -1.11685717	     -1.64162302	      1.37411423	      0.02398282	     -9.23859437	      0.00000000	      0.00000000	     38.94015083	      0.07853503	     -3.98119506	     74.82795390	      1.30599417	     22.51549103	      0.00000000	      0.00000000	    -20.54662144	      0.86328412	      4.31798961	     89.94420935	     -1.39120277	     13.82571301	     39.35122092	     81.05391915	      0.00000000	      0.00000000	     89.96311418	     -0.33451308	     21.98949790	     43.27198579	     79.80522102	      0.00000000	      0.00000000
      3.38500000	      2.86971207	     -2.68857329	      2.14121251	     -0.35638272	      0.88298877	     -1.07620302	     43.90687083	     -1.05553437	     -1.69536875	      1.40630360	      0.02454463	     -9.26138709	      0.00000000	      0.00000000	     38.57839052	     -0.00443268	     -4.01987061	     74.30819737	      1.29692271	     22.32432234	      0.00000000	      0.00000000	    -20.48670810	      0.93498932	      4.33865127	     89.94321793	     -1.38806749	     13.99215074	     39.17567059	     81.09536271	      0.00000000	      0.00000000	     89.96282990	     -0.32994444	     22.20271142	     43.07730806	     79.85770858	      0.00000000	      0.00000000
      3.39000000	      3.13113937	     -2.70704545	      2.14168087	     -0.35557941	      0.88604683	     -1.07646976	     43.40984015	     -1.03870421	     -1.87247304	      1.41402121	      0.02467933	     -9.26481922	      0.00000000	      0.00000000	     37.95092136	     -0.03264223	     -4.03988649	     73.77135518	      1.28755304	     21.99563445	      0.00000000	      0.00000000	    -20.61552823	      0.97362767	      4.35287882	     89.94291168	     -1.48390872	     14.41046420	     38.88093293	     81.21843421	      0.00000000	      0.00000000	     89.96265997	     -0.36058589	     22.64327941	     42.87164548	     79.99963071	      0.00000000	      0.00000000
      3.39500000	      3.10411747	     -2.75055591	      2.11020376	     -0.35507349	      0.88853624	     -1.07656082	     43.26943651	     -0.97298956	     -1.88387247	      1.39157512	      0.02428757	     -9.21773471	      0.00000000	      0.00000000	     37.67492011	     -0.10010300	     -4.06476364	     73.26160367	      1.27865620	     21.82207259	      0.00000000	      0.00000000	    -20.48536465	      1.02063783	      4.34834668	     89.94136441	     -1.49847659	     14.65211792	     38.76764817	     81.29530594	      0.00000000	      0.00000000	     89.96217102	     -0.38903410	     22.90081973	     42.73846920	     80.09117303	      0.00000000	      0.00000000
      3.40000000	      3.09417495	     -2.80282936	      2.05587809	     -0.35454965	      0.89106325	     -1.07659276	     43.12223998	     -0.91218063	     -1.90213233	      1.42611875	      0.02489047	     -9.31040249	      0.00000000	      0.00000000	     37.36847755	     -0.21273268	     -4.11882554	     72.72315307	      1.26925846	     21.64099653	      0.00000000	      0.00000000	    -20.37187399	      1.06632299	      4.41049055	     89.94010961	     -1.50272011	     14.79023001	     38.57630794	     81.34350927	      0.00000000	      0.00000000	     89.96165041	     -0.37098513	     23.15280297	     42.60875765	     80.16033664	      0.00000000	      0.00000000
      3.40500000	      3.10471747	     -2.88278343	      2.01185604	     -0.35397421	      0.89367719	     -1.07666984	     42.93956288	     -0.81676448	     -1.90862304	      1.46506335	      0.02557018	     -9.30159230	      0.00000000	      0.00000000	     37.02889398	     -0.32059340	     -4.14825928	     72.16460099	      1.25950989	     21.43266500	      0.00000000	      0.00000000	    -20.27162524	      1.14083372	      4.44952645	     89.93902621	     -1.52084891	     14.98790071	     38.36584448	     81.39403841	      0.00000000	      0.00000000	     89.96115524	     -0.36630992	     23.43879136	     42.44636160	     80.23332199	      0.00000000	      0.00000000
      3.41000000	      3.15491639	     -2.94364763	      2.03704822	     -0.35340559	      0.89638144	     -1.07690877	     42.68752826	     -0.80333743	     -1.93063790	      1.49667580	      0.02612192	     -9.32521995	      0.00000000	      0.00000000	     36.66330901	     -0.39733966	     -4.17859966	     71.64820669	      1.25049711	     21.19347419	      0.00000000	      0.00000000	    -20.22270415	      1.23050381	      4.44516082	     89.93754275	     -1.56030259	     15.21596589	     38.19145762	     81.45245544	      0.00000000	      0.00000000	     89.96074954	     -0.35665502	     23.78131359	     42.25496732	     80.31717169	      0.00000000	      0.00000000
      3.41500000	      3.45594072	     -2.82891227	      2.00740895	     -0.35264515	      0.89941641	     -1.07717794	     42.13034779	     -0.86528900	     -2.05490243	      1.39571977	      0.02435991	     -9.30139092	      0.00000000	      0.00000000	     35.96471639	     -0.31425369	     -4.29654373	     71.07965831	      1.24057407	     20.90177262	      0.00000000	      0.00000000	    -20.40885346	      1.13045965	      4.38578880	     89.93671279	     -1.63608742	     15.83275005	     37.95957078	     81.72724159	      0.00000000	      0.00000000	     89.96062466	     -0.58721154	     24.61612828	     42.16129638	     80.73471213	      0.00000000	      0.00000000
      3.42000000	      3.37495826	     -2.95487565	      2.03886639	     -0.35219817	      0.90184217	     -1.07731141	     42.04694527	     -0.79941531	     -2.02714244	      1.44422509	      0.02520648	     -9.29919547	      0.00000000	      0.00000000	     35.77092365	     -0.46669400	     -4.30720333	     70.56997415	      1.23167840	     20.73808689	      0.00000000	      0.00000000	    -20.23561179	      1.27010173	      4.38509393	     89.93454983	     -1.62606276	     15.89174866	     37.80233346	     81.75646801	      0.00000000	      0.00000000	     89.95996739	     -0.52398482	     24.80199488	     42.00319411	     80.79592263	      0.00000000	      0.00000000
      3.42500000	      3.51934865	     -2.93560012	      1.94395123	     -0.35154517	      0.90472561	     -1.07726702	     41.72477713	     -0.74758060	     -2.08166373	      1.47271324	      0.02570369	     -9.43877822	      0.00000000	      0.00000000	     35.24073746	     -0.53243439	     -4.43577152	     69.96102766	      1.22105028	     20.41918996	      0.00000000	      0.00000000	    -20.24658138	      1.23325030	      4.45532559	     89.93321873	     -1.60458642	     16.18676226	     37.39040809	     81.87051005	      0.00000000	      0.00000000	     89.95976539	     -0.56495227	     25.42148350	     41.67708101	     81.02579553	      0.00000000	      0.00000000
      3.43000000	      3.59123635	     -2.97412282	      2.00770943	     -0.35082875	      0.90745804	     -1.07753146	     41.42206488	     -0.76268737	     -2.10876734	      1.43918916	      0.02511859	     -9.40027681	      0.00000000	      0.00000000	     34.83530333	     -0.56101523	     -4.42338367	     69.39120100	      1.21110493	     20.12726626	      0.00000000	      0.00000000	    -20.20358841	      1.30340420	      4.34783306	     89.93184091	     -1.60218335	     16.45340843	     37.14760054	     82.02048303	      0.00000000	      0.00000000	     89.95923985	     -0.64913651	     25.90236287	     41.50445268	     81.26914788	      0.00000000	      0.00000000
      3.43500000	      3.68893763	     -2.95448683	      1.96258443	     -0.35021967	      0.91026104	     -1.07764837	     41.09986170	     -0.75080145	     -1.97695215	      1.45441685	      0.02538436	     -9.28101552	      0.00000000	      0.00000000	     34.37756101	     -0.62143370	     -4.57451880	     68.81414925	      1.20103348	     19.85361905	      0.00000000	      0.00000000	    -20.21352377	      1.27492345	      4.34357939	     89.93017358	     -1.58488482	     16.69085303	     36.90381662	     82.21631576	      0.00000000	      0.00000000	     89.95881711	     -0.70318610	     26.34745346	     41.41863888	     81.59724191	      0.00000000	      0.00000000
      3.44000000	      3.73845032	     -2.99481109	      1.98570851	     -0.34946821	      0.91296835	     -1.07778562	     40.86699233	     -0.74132948	     -2.06695275	      1.48086649	      0.02584600	     -9.31287913	      0.00000000	      0.00000000	     33.97375898	     -0.66579722	     -4.57686029	     68.22575564	      1.19076407	     19.62138568	      0.00000000	      0.00000000	    -20.13827647	      1.33754841	      4.28303214	     89.92755203	     -1.54097717	     16.93288179	     36.62928440	     82.31395981	      0.00000000	      0.00000000	     89.95804002	     -0.73343713	     26.71408973	     41.16450624	     81.76178373	      0.00000000	      0.00000000
      3.44500000	      3.89023276	     -3.02484865	      2.01725414	     -0.34894785	      0.91591486	     -1.07799514	     40.49528716	     -0.74495490	     -2.11344752	      1.47481017	      0.02574029	     -9.37003198	      0.00000000	      0.00000000	     33.45704588	     -0.74127349	     -4.65201903	     67.60610471	      1.17994912	     19.34506103	      0.00000000	      0.00000000	    -20.19006671	      1.38242724	      4.19791589	     89.92631666	     -1.52095514	     17.25501410	     36.34688491	     82.47020203	      0.00000000	      0.00000000	     89.95759223	     -0.80549311	     27.22291069	     40.97297276	     82.00537088	      0.00000000	      0.00000000
      3.45000000	      3.82132910	     -3.11064436	      2.09471434	     -0.34821296	      0.91837221	     -1.07811790	     40.36061304	     -0.73798897	     -2.07057500	      1.48384793	      0.02589803	     -9.34029177	      0.00000000	      0.00000000	     33.21076506	     -0.85297599	     -4.68028947	     67.08511855	      1.17085620	     19.20508387	      0.00000000	      0.00000000	    -20.03235161	      1.51141444	      4.10897513	     89.92258775	     -1.47089122	     17.39504856	     36.22455989	     82.51669371	      0.00000000	      0.00000000	     89.95676598	     -0.80519249	     27.40106448	     40.87885319	     82.08067904	      0.00000000	      0.00000000
      3.45500000	      4.05689584	     -2.94670189	      2.06127860	     -0.34761607	      0.92148730	     -1.07834850	     39.89331002	     -0.86700118	     -1.89217139	      1.47130890	      0.02567918	     -9.27907216	      0.00000000	      0.00000000	     32.54800000	     -0.73221592	     -4.84555224	     66.39183906	      1.15875619	     18.87093905	      0.00000000	      0.00000000	    -20.16528067	      1.35656495	      3.97130957	     89.92166643	     -1.39060611	     17.89288252	     35.86356282	     82.94306011	      0.00000000	      0.00000000	     89.95653724	     -1.03154853	     28.15190688	     40.70849007	     82.80905542	      0.00000000	      0.00000000
      3.46000000	      4.08583963	     -2.96921158	      2.12884495	     -0.34701435	      0.92417049	     -1.07860202	     39.67042811	     -0.90542448	     -1.96251607	      1.51633833	      0.02646510	     -9.31669730	      0.00000000	      0.00000000	     32.18509612	     -0.77846652	     -4.89755067	     65.81279441	      1.14864995	     18.56691846	      0.00000000	      0.00000000	    -20.09365017	      1.40499169	      3.88246846	     89.91924648	     -1.34407015	     18.17731176	     35.54913985	     83.06108230	      0.00000000	      0.00000000	     89.95591579	     -1.01467104	     28.48276381	     40.47286577	     83.02452671	      0.00000000	      0.00000000
      3.46500000	      4.18597561	     -3.00440280	      2.14631767	     -0.34631072	      0.92698426	     -1.07877905	     39.36223764	     -0.88758130	     -1.95960903	      1.52249327	      0.02657252	     -9.36684730	      0.00000000	      0.00000000	     31.72265553	     -0.84711405	     -4.95347790	     65.22320269	      1.13835964	     18.26463429	      0.00000000	      0.00000000	    -20.08690035	      1.45984681	      3.82258791	     89.91709559	     -1.31873519	     18.46162259	     35.25869600	     83.18102854	      0.00000000	      0.00000000	     89.95518645	     -1.04691323	     28.85807030	     40.24594146	     83.18847263	      0.00000000	      0.00000000
      3.47000000	      4.28705622	     -2.99262250	      2.18854903	     -0.34555249	      0.92978805	     -1.07877635	     39.02794204	     -0.92238376	     -1.92787628	      1.51935555	      0.02651776	     -9.38694439	      0.00000000	      0.00000000	     31.28228721	     -0.90805193	     -5.04591248	     64.63635340	      1.12811718	     17.71269944	      0.00000000	      0.00000000	    -20.07362978	      1.43688052	      3.69809365	     89.91392408	     -1.28692024	     18.91652198	     34.98945963	     83.34190025	      0.00000000	      0.00000000	     89.95441941	     -1.10531744	     29.33354616	     40.05374525	     83.39245144	      0.00000000	      0.00000000
      3.47500000	      4.39027247	     -3.02139706	      2.18244937	     -0.34486238	      0.93260026	     -1.07892499	     38.70689795	     -0.90210267	     -1.88936799	      1.52897694	      0.02668568	     -9.32561656	      0.00000000	      0.00000000	     30.78792063	     -0.98502424	     -5.14162673	     63.98743393	      1.11679140	     17.61184505	      0.00000000	      0.00000000	    -20.08224614	      1.48046138	      3.62890102	     89.91154434	     -1.24687492	     19.33951412	     34.78471213	     83.52065202	      0.00000000	      0.00000000	     89.95374040	     -1.20313308	     29.74561621	     39.91325863	     83.62535154	      0.00000000	      0.00000000
      3.48000000	      4.32014579	     -3.14141765	      2.35266251	     -0.34449761	      0.93506524	     -1.07932459	     38.59139876	     -0.94000820	     -1.82186313	      1.59586534	      0.02785310	     -9.31600665	      0.00000000	      0.00000000	     30.55792324	     -1.08539731	     -5.15893967	     63.43151368	      1.10708876	     17.43500035	      0.00000000	      0.00000000	    -19.94538393	      1.66271320	      3.49053115	     89.90726558	     -1.22441617	     19.48445087	     34.62991411	     83.55678763	      0.00000000	      0.00000000	     89.95261381	     -1.13578001	     29.89558912	     39.80290258	     83.67139926	      0.00000000	      0.00000000
      3.48500000	      4.50310309	     -2.99318279	      2.33344497	     -0.34376133	      0.93802812	     -1.07947136	     38.20031706	     -1.05496597	     -1.89500717	      1.60879145	      0.02807871	     -9.29827906	      0.00000000	      0.00000000	     29.96789721	     -0.96538685	     -5.24934193	     62.74523283	      1.09511090	     16.93760818	      0.00000000	      0.00000000	    -20.03034450	      1.51507997	      3.37018832	     89.90590638	     -1.14434491	     20.01949056	     34.26927573	     83.72634963	      0.00000000	      0.00000000	     89.95217253	     -1.24460741	     30.42689481	     39.58509852	     83.85724168	      0.00000000	      0.00000000
      3.49000000	      4.64827040	     -3.03140979	      2.36542728	     -0.34298286	      0.94085038	     -1.07948415	     37.83821072	     -1.03237378	     -1.86786642	      1.66071268	      0.02898490	     -9.30257155	      0.00000000	      0.00000000	     29.43067580	     -1.04341924	     -5.30337828	     62.09993575	      1.08384834	     16.70648773	      0.00000000	      0.00000000	    -20.05854756	      1.54383660	      3.28068732	     89.90275049	     -1.10875219	     20.43849391	     33.97371311	     83.87427889	      0.00000000	      0.00000000	     89.95136733	     -1.29198618	     30.82964852	     39.35154775	     84.01207672	      0.00000000	      0.00000000
      3.49500000	      4.58994604	     -3.12887382	      2.46842809	     -0.34262124	      0.94329233	     -1.07979051	     37.72854342	     -1.03288051	     -1.85317421	      1.70488397	      0.02975584	     -9.32170439	      0.00000000	      0.00000000	     29.21659300	     -1.16671479	     -5.36558745	     61.58120225	      1.07479474	     16.52874745	      0.00000000	      0.00000000	    -19.94676464	      1.67893596	      3.16340305	     89.89881426	     -1.07479054	     20.57481758	     33.91235036	     83.91525106	      0.00000000	      0.00000000	     89.95011509	     -1.25582188	     30.95358455	     39.27886776	     84.05205286	      0.00000000	      0.00000000
      3.50000000	      4.82050434	     -3.03452564	      2.46790297	     -0.34189434	      0.94642439	     -1.07996821	     37.25368785	     -1.10982966	     -1.87871684	      1.68312524	      0.02937608	     -9.32798564	      0.00000000	      0.00000000	     28.52174732	     -1.09279074	     -5.47831648	     60.81941643	      1.06149907	     16.06685312	      0.00000000	      0.00000000	    -20.09150165	      1.59878825	      3.05441901	     89.89586756	     -1.09304801	     21.40411817	     33.68181965	     84.17672260	      0.00000000	      0.00000000	     89.94951561	     -1.43184029	     31.56683599	     39.17348821	     84.33128396	      0.00000000	      0.00000000
      3.50500000	      4.89401455	     -3.06969318	      2.50425564	     -0.34123301	      0.94911893	     -1.08007870	     36.99905220	     -1.10206510	     -1.95592423	      1.77224485	      0.03093151	     -9.28673978	      0.00000000	      0.00000000	     28.07679199	     -1.15394347	     -5.53909735	     60.18854869	      1.05048835	     15.70230134	      0.00000000	      0.00000000	    -20.05991478	      1.64113016	      2.95415520	     89.89318175	     -1.01741099	     21.74686009	     33.40642972	     84.28922819	      0.00000000	      0.00000000	     89.94853707	     -1.45217370	     31.92284714	     38.90953282	     84.46010019	      0.00000000	      0.00000000
      3.51000000	      5.01677298	     -3.10487182	      2.45885413	     -0.34066265	      0.95187152	     -1.08007669	     36.69805215	     -1.04514609	     -1.89697277	      1.86511052	      0.03255232	     -9.20254631	      0.00000000	      0.00000000	     27.58359978	     -1.31325180	     -5.78884018	     59.58387718	      1.03993484	     15.42584015	      0.00000000	      0.00000000	    -20.10547042	      1.65586818	      2.94252404	     89.89020275	     -0.98815261	     22.14966696	     33.22806094	     84.40966294	      0.00000000	      0.00000000	     89.94770921	     -1.50415490	     32.23508870	     38.79962118	     84.60892396	      0.00000000	      0.00000000
      3.51500000	      5.06886917	     -3.13735707	      2.54585490	     -0.34002560	      0.95447951	     -1.08037736	     36.43868080	     -1.07483978	     -2.02831113	      1.87386875	      0.03270518	     -9.29518255	      0.00000000	      0.00000000	     27.19031355	     -1.37778693	     -5.87948309	     58.98435750	      1.02947125	     15.22137062	      0.00000000	      0.00000000	    -20.06566415	      1.72688502	      2.84217878	     89.88590444	     -0.97389663	     22.45293146	     33.03206726	     84.51855798	      0.00000000	      0.00000000	     89.94678157	     -1.48330566	     32.54949983	     38.58294924	     84.70943863	      0.00000000	      0.00000000
      3.52000000	      4.99900205	     -3.29575339	      2.66219578	     -0.33945922	      0.95686166	     -1.08056829	     36.32653729	     -1.01630265	     -2.01785378	      1.91785213	      0.03347283	     -9.30324203	      0.00000000	      0.00000000	     26.95878254	     -1.56814607	     -5.93836545	     58.41641403	      1.01955876	     15.05375842	      0.00000000	      0.00000000	    -19.90404318	      1.90511438	      2.75124344	     89.88028630	     -0.95350265	     22.60053291	     32.91563767	     84.55506434	      0.00000000	      0.00000000	     89.94512460	     -1.42025784	     32.69760815	     38.49221102	     84.74600032	      0.00000000	      0.00000000
      3.52500000	      5.09832813	     -3.39037545	      2.59656299	     -0.33882581	      0.95959017	     -1.08047423	     36.05536527	     -0.87764387	     -2.11187255	      1.97470483	      0.03446510	     -9.35857653	      0.00000000	      0.00000000	     26.45861082	     -1.72273346	     -6.00647718	     57.73010661	      1.00758044	     14.75031711	      0.00000000	      0.00000000	    -19.89975151	      1.98125989	      2.76695969	     89.87569797	     -0.86743717	     22.91336091	     32.67869937	     84.62717064	      0.00000000	      0.00000000	     89.94383788	     -1.45518109	     33.00300532	     38.23120113	     84.81009641	      0.00000000	      0.00000000
      3.53000000	      5.43186194	     -3.29279472	      2.55543270	     -0.33802375	      0.96267164	     -1.08057107	     35.48044926	     -0.91849204	     -2.20995307	      1.98936960	      0.03472105	     -9.34371780	      0.00000000	      0.00000000	     25.66255224	     -1.72537061	     -6.30169111	     57.01769002	      0.99514642	     14.32890156	      0.00000000	      0.00000000	    -20.13424374	      1.86540328	      2.70523025	     89.87404581	     -0.87053370	     23.57909406	     32.41180496	     84.77795391	      0.00000000	      0.00000000	     89.94360562	     -1.56440238	     33.55815796	     38.02411529	     84.94817171	      0.00000000	      0.00000000
      3.53500000	      5.48703381	     -3.40897627	      2.54488645	     -0.33745222	      0.96528567	     -1.08058040	     35.23041157	     -0.79298086	     -2.19695246	      1.98508563	      0.03464628	     -9.29720605	      0.00000000	      0.00000000	     25.24670975	     -1.90987690	     -6.43081811	     56.40264459	      0.98441185	     14.07513594	      0.00000000	      0.00000000	    -20.10721306	      1.98876354	      2.72314834	     89.86865882	     -0.85841114	     23.88336197	     32.30854271	     84.85816601	      0.00000000	      0.00000000	     89.94222524	     -1.58372998	     33.85517366	     37.88921359	     85.03438410	      0.00000000	      0.00000000
      3.54000000	      5.62975020	     -3.40884324	      2.59009848	     -0.33671990	      0.96805970	     -1.08082107	     34.85663772	     -0.80476218	     -2.29788719	      1.96744662	      0.03433842	     -9.25007056	      0.00000000	      0.00000000	     24.68425923	     -1.93566014	     -6.55028382	     55.67372251	      0.97168976	     13.69907455	      0.00000000	      0.00000000	    -20.16257494	      2.01325144	      2.65362538	     89.86380255	     -0.88010845	     24.34618347	     32.21449125	     84.97784349	      0.00000000	      0.00000000	     89.94112121	     -1.60916099	     34.27606394	     37.73739125	     85.15942572	      0.00000000	      0.00000000
      3.54500000	      5.72448958	     -3.51441312	      2.52020124	     -0.33610607	      0.97067292	     -1.08069520	     34.56132509	     -0.65739735	     -2.21095582	      1.98196076	      0.03459174	     -9.27197772	      0.00000000	      0.00000000	     24.18494447	     -2.17286188	     -6.84715850	     55.08367683	      0.96139152	     13.45127537	      0.00000000	      0.00000000	    -20.17153636	      2.09755878	      2.69487643	     89.85846563	     -0.84209034	     24.61687186	     32.07762192	     85.04957114	      0.00000000	      0.00000000	     89.94005507	     -1.65451062	     34.57544021	     37.59249258	     85.24077788	      0.00000000	      0.00000000
      3.55000000	      5.62974919	     -3.61598404	      2.48405986	     -0.33553903	      0.97284898	     -1.08058870	     34.48552407	     -0.53574297	     -2.19276760	      1.96276096	      0.03425664	     -9.22377592	      0.00000000	      0.00000000	     23.99692801	     -2.32643773	     -6.91657940	     54.51755832	      0.95151089	     13.19229149	      0.00000000	      0.00000000	    -19.98695825	      2.17381494	      2.71328787	     89.84989772	     -0.83262637	     24.72401509	     32.00928631	     85.07380579	      0.00000000	      0.00000000	     89.93793817	     -1.63983733	     34.72920223	     37.52681449	     85.27454463	      0.00000000	      0.00000000
      3.55500000	      5.86104012	     -3.60068443	      2.35425516	     -0.33479717	      0.97571135	     -1.08051670	     34.06877901	     -0.45525183	     -2.15231854	      1.98966106	      0.03472614	     -9.28878244	      0.00000000	      0.00000000	     23.32847362	     -2.42551439	     -7.21643806	     53.83862457	      0.93966126	     12.69698298	      0.00000000	      0.00000000	    -20.12063012	      2.12839807	      2.79989343	     89.84547923	     -0.81364822	     25.06444546	     31.75530285	     85.15680087	      0.00000000	      0.00000000	     89.93716746	     -1.67340758	     35.20051708	     37.26016184	     85.36449395	      0.00000000	      0.00000000
      3.56000000	      5.98570689	     -3.67549946	      2.32107445	     -0.33410023	      0.97838500	     -1.08044118	     33.71449550	     -0.35330751	     -2.13622757	      1.94616892	      0.03396706	     -9.23109572	      0.00000000	      0.00000000	     22.80933986	     -2.59763380	     -7.41178733	     53.17629076	      0.92810136	     12.32990361	      0.00000000	      0.00000000	    -20.15219145	      2.16815570	      2.79524262	     89.83961166	     -0.78806631	     25.33057021	     31.66114396	     85.22058850	      0.00000000	      0.00000000	     89.93600560	     -1.72222800	     35.53059868	     37.17236993	     85.44210624	      0.00000000	      0.00000000
      3.56500000	      5.91603915	     -3.79728277	      2.39623328	     -0.33349410	      0.98060277	     -1.08061571	     33.59551624	     -0.28805652	     -2.11919807	      1.93902417	      0.03384236	     -9.21119968	      0.00000000	      0.00000000	     22.55175314	     -2.77244999	     -7.60358634	     52.63338540	      0.91862587	     12.18423681	      0.00000000	      0.00000000	    -20.00010131	      2.31777943	      2.72961978	     89.82952651	     -0.79500270	     25.39029473	     31.65968929	     85.23818668	      0.00000000	      0.00000000	     89.93392157	     -1.71203062	     35.67101196	     37.08059848	     85.47026990	      0.00000000	      0.00000000
      3.57000000	      5.99348878	     -3.88538497	      2.29441698	     -0.33258155	      0.98325863	     -1.08044636	     33.30312702	     -0.11194178	     -2.15140898	      1.92174577	      0.03354079	     -9.17570107	      0.00000000	      0.00000000	     22.02247525	     -2.93705708	     -7.78826842	     51.88729777	      0.90560419	     11.84402664	      0.00000000	      0.00000000	    -19.96983708	      2.37459610	      2.79396447	     89.81535168	     -0.72583806	     25.58585476	     31.54216252	     85.28141271	      0.00000000	      0.00000000	     89.93249276	     -1.75031830	     36.01571282	     36.80280299	     85.52721576	      0.00000000	      0.00000000
      3.57500000	      6.27673110	     -3.67476344	      2.18842473	     -0.33182561	      0.98615383	     -1.08055202	     32.78169021	     -0.24090167	     -2.01723749	      1.86003889	      0.03246380	     -9.25468311	      0.00000000	      0.00000000	     21.25567453	     -2.77969302	     -8.12209215	     51.10748984	      0.89199397	     11.31759264	      0.00000000	      0.00000000	    -20.16064090	      2.11865815	      2.79427901	     89.81440986	     -0.78946826	     26.08039987	     31.38461604	     85.37350495	      0.00000000	      0.00000000	     89.93170518	     -1.83579351	     36.58507886	     36.72224248	     85.63957085	      0.00000000	      0.00000000
      3.58000000	      6.22185079	     -3.85435096	      2.19298733	     -0.33117178	      0.98833477	     -1.08050059	     32.65859547	     -0.07442787	     -1.99265052	      1.86533418	      0.03255622	     -9.22833711	      0.00000000	      0.00000000	     20.99183301	     -3.01587443	     -8.24467883	     50.53830842	      0.88205988	     11.12477353	      0.00000000	      0.00000000	    -20.01156310	      2.29738774	      2.79017839	     89.80064455	     -0.74435204	     26.18338530	     31.38221088	     85.38757249	      0.00000000	      0.00000000	     89.92945323	     -1.85294550	     36.72049958	     36.64034130	     85.66829982	      0.00000000	      0.00000000
      3.58500000	      6.47351293	     -3.79070099	      2.06523436	     -0.33033890	      0.99115226	     -1.08043208	     32.17142326	     -0.03563854	     -2.08967618	      1.81310469	      0.03164465	     -9.23152527	      0.00000000	      0.00000000	     20.26049310	     -3.01050307	     -8.51304909	     49.76851317	      0.86862442	     10.63347551	      0.00000000	      0.00000000	    -20.16543340	      2.19163190	      2.82259731	     89.79681641	     -0.68698859	     26.43890061	     31.16132205	     85.43914368	      0.00000000	      0.00000000	     89.92845231	     -1.94208475	     37.15398090	     36.47774665	     85.74190970	      0.00000000	      0.00000000
      3.59000000	      6.62845967	     -3.70977680	      2.01604792	     -0.32952276	      0.99380646	     -1.08054704	     31.78954965	     -0.08534651	     -1.93315605	      1.80796352	      0.03155492	     -9.11739981	      0.00000000	      0.00000000	     19.63942095	     -2.95477055	     -8.76884209	     48.99603346	      0.85514210	     10.26118635	      0.00000000	      0.00000000	    -20.22719247	      2.09940799	      2.76098271	     89.78199378	     -0.63550111	     26.74042513	     31.10178586	     85.48224935	      0.00000000	      0.00000000	     89.92675514	     -2.06351009	     37.52113748	     36.43748698	     85.81316720	      0.00000000	      0.00000000
      3.59500000	      6.53433843	     -3.84542241	      1.95186565	     -0.32884862	      0.99598540	     -1.08047265	     31.70345523	      0.07268307	     -1.97017568	      1.76143455	      0.03074283	     -9.12410222	      0.00000000	      0.00000000	     19.38574367	     -3.12543635	     -8.92066951	     48.37598953	      0.84432030	     10.04034090	      0.00000000	      0.00000000	    -20.03993809	      2.21694207	      2.78685555	     89.76213623	     -0.58595623	     26.83186994	     31.05986385	     85.49790760	      0.00000000	      0.00000000	     89.92414952	     -2.08407735	     37.65266824	     36.31287081	     85.83100819	      0.00000000	      0.00000000
      3.60000000	      6.79181816	     -3.75348318	      1.90817188	     -0.32782509	      0.99876481	     -1.08062002	     31.17831540	      0.01823890	     -1.97566091	      1.68437261	      0.02939785	     -9.16692457	      0.00000000	      0.00000000	     18.62257186	     -3.03879214	     -9.14608996	     47.55828998	      0.83004875	      9.55222963	      0.00000000	      0.00000000	    -20.18106694	      2.10327536	      2.77288736	     89.75374987	     -0.60295701	     27.20586546	     30.87330601	     85.56139146	      0.00000000	      0.00000000	     89.92275661	     -2.13745732	     38.16340590	     36.17709891	     85.90967125	      0.00000000	      0.00000000
      3.60500000	      6.77913252	     -3.83293973	      1.87107725	     -0.32704519	      1.00101122	     -1.08061774	     30.99307515	      0.10731368	     -2.08531670	      1.68672152	      0.02943884	     -9.11309078	      0.00000000	      0.00000000	     18.24592865	     -3.12879276	     -9.30592045	     46.89207895	      0.81842117	      9.31435362	      0.00000000	      0.00000000	    -20.04538214	      2.16917768	      2.75276439	     89.73015339	     -0.53284617	     27.34749279	     30.74603610	     85.58426555	      0.00000000	      0.00000000	     89.91977158	     -2.16830306	     38.34473299	     36.04132820	     85.93805810	      0.00000000	      0.00000000
      3.61000000	      7.04623408	     -3.73185779	      1.79540533	     -0.32602635	      1.00381192	     -1.08071826	     30.47299588	      0.05475313	     -2.07776913	      1.65096605	      0.02881479	     -9.05714920	      0.00000000	      0.00000000	     17.45003681	     -3.01434397	     -9.52658405	     46.03082915	      0.80338953	      8.88072069	      0.00000000	      0.00000000	    -20.20064894	      2.04550951	      2.73018630	     89.72011450	     -0.52188082	     27.74375226	     30.59133787	     85.66111349	      0.00000000	      0.00000000	     89.91832608	     -2.26439316	     38.81698535	     35.91952778	     86.01170662	      0.00000000	      0.00000000
      3.61500000	      6.95507768	     -3.86644410	      1.79991335	     -0.32533832	      1.00594262	     -1.08069960	     30.36733298	      0.17414732	     -2.14125853	      1.63614789	      0.02855617	     -9.07164354	      0.00000000	      0.00000000	     17.19260537	     -3.16058486	     -9.65291265	     45.38671343	      0.79214759	      8.66088085	      0.00000000	      0.00000000	    -20.00590809	      2.18026078	      2.67845196	     89.68225907	     -0.45165840	     27.81562577	     30.54864843	     85.67652002	      0.00000000	      0.00000000	     89.91513820	     -2.30415037	     38.92644377	     35.81538596	     86.02480190	      0.00000000	      0.00000000
      3.62000000	      7.27539205	     -3.74448276	      1.76748733	     -0.32428517	      1.00884890	     -1.08089139	     29.77389194	      0.09131855	     -2.29747139	      1.59982611	      0.02792223	     -8.99559040	      0.00000000	      0.00000000	     16.29667283	     -2.96406670	     -9.74712006	     44.40048086	      0.77493458	      8.12037282	      0.00000000	      0.00000000	    -20.19889736	      2.04960507	      2.56925914	     89.67091338	     -0.39438413	     28.29671938	     30.30664923	     85.75111490	      0.00000000	      0.00000000	     89.91329096	     -2.48716739	     39.49235484	     35.72134908	     86.10373663	      0.00000000	      0.00000000
      3.62500000	      7.20767989	     -3.82556695	      1.74218912	     -0.32343664	      1.01087478	     -1.08089406	     29.63498733	      0.15937677	     -2.41688467	      1.59628246	      0.02786038	     -8.98798918	      0.00000000	      0.00000000	     16.00350130	     -3.05647982	     -9.93034492	     43.78454584	      0.76418449	      7.91430691	      0.00000000	      0.00000000	    -19.99780627	      2.11759243	      2.56832474	     89.63570082	     -0.36599638	     28.41744966	     30.22765213	     85.77162315	      0.00000000	      0.00000000	     89.90949935	     -2.45476865	     39.69242629	     35.56206965	     86.13048504	      0.00000000	      0.00000000
      3.63000000	      7.38669421	     -3.88449950	      1.66725982	     -0.32246243	      1.01349791	     -1.08079516	     29.25326427	      0.27337654	     -2.61083092	      1.65574326	      0.02889817	     -9.02335282	      0.00000000	      0.00000000	     15.32367239	     -3.10331069	    -10.07730214	     42.92622428	      0.74920395	      7.48026346	      0.00000000	      0.00000000	    -20.03570426	      2.12208757	      2.55773220	     89.59847027	     -0.30719273	     28.72846634	     30.02527233	     85.82091078	      0.00000000	      0.00000000	     89.90712341	     -2.49603033	     40.12971061	     35.33254630	     86.19538484	      0.00000000	      0.00000000
      3.63500000	      7.54413520	     -3.87441183	      1.63904927	     -0.32151283	      1.01611315	     -1.08086015	     28.83666768	      0.28398683	     -2.86731363	      1.60445847	      0.02800308	     -9.03794658	      0.00000000	      0.00000000	     14.65251946	     -3.04145082	    -10.18095501	     42.03706851	      0.73368525	      7.12200610	      0.00000000	      0.00000000	    -20.07023559	      2.10204124	      2.57646607	     89.56496168	     -0.33024455	     29.07692309	     29.85856547	     85.86951599	      0.00000000	      0.00000000	     89.90368140	     -2.54115437	     40.56801916	     35.30085613	     86.26312728	      0.00000000	      0.00000000
      3.64000000	      7.83148073	     -3.78088680	      1.66180912	     -0.32041222	      1.01881056	     -1.08111608	     28.25916774	      0.16899274	     -2.89528477	      1.58602411	      0.02768134	     -8.93283273	      0.00000000	      0.00000000	     13.84903276	     -2.88166527	    -10.28494697	     41.17518354	      0.71864252	      6.70045061	      0.00000000	      0.00000000	    -20.21063588	      2.02711678	      2.43811688	     89.53044439	     -0.32465358	     29.55247293	     29.72070912	     85.92861750	      0.00000000	      0.00000000	     89.90118867	     -2.69729266	     41.13596175	     35.22536529	     86.33306065	      0.00000000	      0.00000000
      3.64500000	      7.82255119	     -3.87087546	      1.63351182	     -0.31944351	      1.02091312	     -1.08112043	     28.03632978	      0.27499229	     -3.12267865	      1.57700713	      0.02752397	     -8.85995048	      0.00000000	      0.00000000	     13.47143061	     -2.95692235	    -10.43965131	     40.51188869	      0.70706584	      6.41984244	      0.00000000	      0.00000000	    -20.05081590	      2.11171770	      2.40370825	     89.44514306	     -0.26659237	     29.70360945	     29.68419154	     85.94416144	      0.00000000	      0.00000000	     89.89689646	     -2.73958985	     41.41153560	     35.04533087	     86.36114343	      0.00000000	      0.00000000
      3.65000000	      8.21363789	     -3.86523267	      1.66570340	     -0.31823414	      1.02388717	     -1.08128117	     27.31330623	      0.26148390	     -3.40430675	      1.51520521	      0.02644532	     -8.81614192	      0.00000000	      0.00000000	     12.50893635	     -2.87038245	    -10.43916719	     39.54518003	      0.69019359	      5.93321154	      0.00000000	      0.00000000	    -20.28494664	      2.10700363	      2.30177534	     89.41230908	     -0.27621514	     30.36685112	     29.48153910	     85.95913175	      0.00000000	      0.00000000	     89.89388460	     -2.88571221	     42.06586890	     34.95751995	     86.41766482	      0.00000000	      0.00000000
      3.65500000	      8.26434880	     -3.93664673	      1.58203728	     -0.31726952	      1.02615223	     -1.08123155	     27.03480272	      0.35906638	     -3.59364234	      1.55331934	      0.02711054	     -8.89039578	      0.00000000	      0.00000000	     12.02965101	     -2.92030455	    -10.59538135	     38.80851333	      0.67733634	      5.60858323	      0.00000000	      0.00000000	    -20.17369932	      2.15111593	      2.35249831	     89.31722641	     -0.26458434	     30.58973757	     29.38615844	     85.96362359	      0.00000000	      0.00000000	     89.88911407	     -2.90153492	     42.46243478	     34.73845649	     86.45374505	      0.00000000	      0.00000000
      3.66000000	      8.58422383	     -3.93319983	      1.58364527	     -0.31606350	      1.02881954	     -1.08133487	     26.38850546	      0.37291341	     -3.87338348	      1.47599378	      0.02576095	     -8.85096133	      0.00000000	      0.00000000	     11.16575583	     -2.85431463	    -10.67070089	     37.90077282	      0.66149327	      5.15389895	      0.00000000	      0.00000000	    -20.33245164	      2.14329209	      2.28514299	     89.23601003	     -0.25675046	     30.98367614	     29.27822221	     85.96698642	      0.00000000	      0.00000000	     89.88502726	     -3.02795194	     43.06988055	     34.68591985	     86.50713750	      0.00000000	      0.00000000
      3.66500000	      8.81180186	     -3.99574468	      1.71487654	     -0.31480620	      1.03142971	     -1.08167470	     25.81454216	      0.37834971	     -4.24263871	      1.39985736	      0.02443212	     -8.78146139	      0.00000000	      0.00000000	     10.44196879	     -2.82791944	    -10.61944467	     37.04026057	      0.64647450	      4.75441444	      0.00000000	      0.00000000	    -20.37714908	      2.24023842	      2.12615104	     89.09633342	     -0.22617829	     31.14754667	     29.16594373	     85.97001330	      0.00000000	      0.00000000	     89.87984060	     -3.06355689	     43.58445699	     34.47331268	     86.54039035	      0.00000000	      0.00000000
      3.67000000	      8.97536370	     -3.96468096	      1.61145361	     -0.31370326	      1.03385340	     -1.08160505	     25.37429454	      0.39404438	     -4.33373837	      1.40851130	      0.02458316	     -8.83657316	      0.00000000	      0.00000000	      9.75309659	     -2.74430263	    -10.79048458	     36.14739993	      0.63089114	      4.32878357	      0.00000000	      0.00000000	    -20.36210838	      2.16849424	      2.16786523	     88.93970891	     -0.22305551	     31.31049141	     29.08416288	     85.96790955	      0.00000000	      0.00000000	     89.87450553	     -3.09249946	     44.13193212	     34.23103726	     86.57152229	      0.00000000	      0.00000000
      3.67500000	      9.15175979	     -4.05149285	      1.64817994	     -0.31248913	      1.03628262	     -1.08180688	     24.88701262	      0.46862980	     -4.69728076	      1.36567499	      0.02383553	     -8.87128575	      0.00000000	      0.00000000	      9.08965363	     -2.75793817	    -10.79554496	     35.30519441	      0.61619189	      3.93672599	      0.00000000	      0.00000000	    -20.35454638	      2.26723215	      2.13688560	     88.72989670	     -0.28386963	     31.43341874	     29.15281639	     85.97457726	      0.00000000	      0.00000000	     89.86807788	     -3.13841741	     44.71690552	     34.11194989	     86.61036032	      0.00000000	      0.00000000
      3.68000000	      9.45526273	     -4.12701084	      1.71102532	     -0.31115884	      1.03885663	     -1.08202957	     24.22294680	      0.53067315	     -5.03783131	      1.32723123	      0.02316455	     -8.70448637	      0.00000000	      0.00000000	      8.26544018	     -2.75375112	    -10.77201387	     34.44514794	      0.60118124	      3.55274580	      0.00000000	      0.00000000	    -20.45786306	      2.35017423	      2.03291426	     88.53506258	     -0.28094460	     31.57229918	     29.10464268	     85.97771545	      0.00000000	      0.00000000	     89.86102143	     -3.18139241	     45.32334556	     33.87362969	     86.63694189	      0.00000000	      0.00000000
      3.68500000	      9.55501438	     -4.24914446	      1.65030534	     -0.30993953	      1.04113832	     -1.08193775	     23.80812492	      0.69362666	     -5.24031142	      1.29503076	      0.02260255	     -8.72443579	      0.00000000	      0.00000000	      7.69355155	     -2.84376566	    -10.91274996	     33.63401338	      0.58702427	      3.19971365	      0.00000000	      0.00000000	    -20.34069858	      2.43782198	      1.96669971	     88.31905404	     -0.16759492	     31.69058269	     29.05164219	     85.98668166	      0.00000000	      0.00000000	     89.85116959	     -3.25848536	     45.79510408	     33.48427114	     86.67973008	      0.00000000	      0.00000000
      3.69000000	      9.87242420	     -4.24205269	      1.73497449	     -0.30846997	      1.04378077	     -1.08219033	     23.09205182	      0.66248324	     -5.57062987	      1.20520576	      0.02103481	     -8.75212974	      0.00000000	      0.00000000	      6.77203911	     -2.70750771	    -10.80040378	     32.59621246	      0.56891123	      2.72113631	      0.00000000	      0.00000000	    -20.42467760	      2.42920502	      1.93227353	     88.02127762	     -0.27616049	     31.71830280	     29.08216144	     85.98122578	      0.00000000	      0.00000000	     89.84239258	     -3.23562200	     46.66538957	     33.31247847	     86.73888944	      0.00000000	      0.00000000
      3.69500000	      9.98522393	     -4.35927934	      1.67832319	     -0.30728938	      1.04592903	     -1.08220222	     22.65383654	      0.81297147	     -5.66587707	      1.17285870	      0.02047025	     -8.75324312	      0.00000000	      0.00000000	      6.18961619	     -2.76219416	    -10.88508852	     31.77571738	      0.55459089	      2.37692783	      0.00000000	      0.00000000	    -20.31251761	      2.52625398	      1.94213002	     87.72993234	     -0.26194785	     31.75102784	     29.11671634	     85.98672380	      0.00000000	      0.00000000	     89.82710362	     -3.28496024	     47.15976678	     33.11406532	     86.76224460	      0.00000000	      0.00000000
      3.70000000	     10.44157092	     -4.19247074	      1.70709933	     -0.30579158	      1.04876154	     -1.08259913	     21.78089408	      0.63385682	     -5.79893218	      1.08172402	      0.01887965	     -8.93073990	      0.00000000	      0.00000000	      5.05750187	     -2.41604017	    -10.72085306	     30.61145918	      0.53427075	      1.76899627	      0.00000000	      0.00000000	    -20.57262446	      2.34584354	      1.83964882	     87.45156007	     -0.31409918	     31.62926565	     29.21083011	     85.98574430	      0.00000000	      0.00000000	     89.81913988	     -3.36727740	     48.08868813	     32.97160461	     86.76238274	      0.00000000	      0.00000000
      3.70500000	     10.68125787	     -4.25117543	      1.74045643	     -0.30443673	      1.05110117	     -1.08270801	     21.15827114	      0.69775431	     -6.04819836	      1.04088108	      0.01816680	     -8.74484325	      0.00000000	      0.00000000	      4.27007308	     -2.37390324	    -10.65600166	     29.66297769	      0.51771663	      1.36357817	      0.00000000	      0.00000000	    -20.57703258	      2.39320008	      1.78536264	     87.06356887	     -0.38019727	     31.59297096	     29.42250876	     85.97251160	      0.00000000	      0.00000000	     89.80513183	     -3.38988387	     48.86472435	     32.73911392	     86.76024788	      0.00000000	      0.00000000
      3.71000000	     10.95488735	     -4.43506441	      1.78799136	     -0.30295884	      1.05347608	     -1.08285164	     20.49657455	      0.88329286	     -6.38268079	      1.03150277	      0.01800312	     -8.61720950	      0.00000000	      0.00000000	      3.47933996	     -2.50903675	    -10.68893345	     28.83038107	      0.50318507	      0.98677061	      0.00000000	      0.00000000	    -20.60212012	      2.57760376	      1.80621948	     86.77123274	     -0.42101632	     31.52923123	     29.41604402	     85.97258057	      0.00000000	      0.00000000	     89.78557469	     -3.35353460	     49.55370064	     32.51201707	     86.80931626	      0.00000000	      0.00000000
      3.71500000	     11.24746399	     -4.32328013	      1.78765355	     -0.30156983	      1.05586109	     -1.08300683	     19.81508331	      0.78361599	     -6.44753969	      0.97061065	      0.01694035	     -8.80760049	      0.00000000	      0.00000000	      2.57559527	     -2.24225074	    -10.56262702	     27.74437791	      0.48423074	      0.41378293	      0.00000000	      0.00000000	    -20.67139842	      2.42320620	      1.73853402	     86.35752117	     -0.47226444	     31.26826686	     29.63064809	     85.97118271	      0.00000000	      0.00000000	     89.76974897	     -3.38338718	     50.39698592	     32.29441584	     86.82807346	      0.00000000	      0.00000000
      3.72000000	     11.44415178	     -4.33270626	      1.81124171	     -0.30013305	      1.05793254	     -1.08325031	     19.24182108	      0.77848278	     -6.52448436	      0.96004590	      0.01675596	     -8.83973259	      0.00000000	      0.00000000	      1.83709232	     -2.13231721	    -10.44983508	     26.81805690	      0.46806339	      0.01429150	      0.00000000	      0.00000000	    -20.62883466	      2.42151941	      1.67507167	     86.00920217	     -0.51724469	     31.16794473	     29.76936645	     85.99085554	      0.00000000	      0.00000000	     89.74500504	     -3.39870040	     51.14483887	     32.10451189	     86.84168427	      0.00000000	      0.00000000
      3.72500000	     11.80712623	     -4.39978095	      1.86402579	     -0.29858163	      1.06038007	     -1.08345908	     18.44373619	      0.85713393	     -6.69869229	      0.91454161	      0.01596176	     -8.81978679	      0.00000000	      0.00000000	      0.85812215	     -2.09059830	    -10.34755314	     25.75873058	      0.44957466	     -0.44460901	      0.00000000	      0.00000000	    -20.73881660	      2.48142489	      1.65681350	     85.59198348	     -0.59273422	     30.91581172	     29.93919012	     86.00553774	      0.00000000	      0.00000000	     89.71893946	     -3.36341398	     51.94763174	     31.85218612	     86.83693270	      0.00000000	      0.00000000
      3.73000000	     12.04665197	     -4.43786931	      1.95966769	     -0.29710015	      1.06247585	     -1.08372028	     17.82191024	      0.87324745	     -6.93441579	      0.91722861	      0.01600866	     -8.90937451	      0.00000000	      0.00000000	      0.09541404	     -2.03418473	    -10.25380857	     24.85440931	      0.43379128	     -0.91837332	      0.00000000	      0.00000000	    -20.71411741	      2.53019951	      1.58770840	     85.21278611	     -0.66713991	     30.83585085	     30.07065900	     86.02706191	      0.00000000	      0.00000000	     89.68311485	     -3.33410353	     52.72588688	     31.66886577	     86.87203317	      0.00000000	      0.00000000
      3.73500000	     12.29602290	     -4.43594268	      1.94876049	     -0.29554116	      1.06449230	     -1.08382709	     17.14851508	      0.88586731	     -6.87573386	      0.89974511	      0.01570351	     -8.72662871	      0.00000000	      0.00000000	     -0.72475359	     -1.90453081	    -10.09499905	     23.88577055	      0.41688534	     -1.36895959	      0.00000000	      0.00000000	    -20.70691289	      2.49404165	      1.54800645	     84.77314769	     -0.76329174	     30.67834205	     30.38960220	     86.03812873	      0.00000000	      0.00000000	     89.63969060	     -3.38227187	     53.51545690	     31.51096769	     86.87668441	      0.00000000	      0.00000000
      3.74000000	     12.53050141	     -4.42803299	      1.96545665	     -0.29409180	      1.06644524	     -1.08399217	     16.51830851	      0.88984638	     -6.97391917	      0.87844448	      0.01533175	     -8.85624004	      0.00000000	      0.00000000	     -1.50600235	     -1.78544723	    -10.00452517	     22.93338312	      0.40026304	     -1.84994857	      0.00000000	      0.00000000	    -20.69326210	      2.46835882	      1.49608696	     84.39563129	     -0.74584332	     30.46304145	     30.44664016	     86.02427505	      0.00000000	      0.00000000	     89.58504889	     -3.38176534	     54.26763191	     31.36147115	     86.88305696	      0.00000000	      0.00000000
      3.74500000	     12.47799199	     -4.45733129	      2.00620075	     -0.29290043	      1.06765957	     -1.08417041	     16.23764577	      0.89167029	     -6.95421571	      0.92793196	      0.01619547	     -8.87811270	      0.00000000	      0.00000000	     -1.59073827	     -1.80084048	    -10.03317961	     22.84883885	      0.39878747	     -1.87550845	      0.00000000	      0.00000000	    -20.41128963	      2.53906459	      1.45743625	     84.13716279	     -0.76812381	     30.48334148	     30.39574510	     86.02951373	      0.00000000	      0.00000000	     89.46572510	     -3.37429349	     54.26226648	     31.39208567	     86.88048224	      0.00000000	      0.00000000
      3.75000000	     12.95889460	     -4.45078183	      1.96604432	     -0.29111768	      1.07002871	     -1.08427010	     15.28290116	      0.92750962	     -6.84944041	      0.87859512	      0.01533438	     -8.79950990	      0.00000000	      0.00000000	     -3.01496210	     -1.59406366	     -9.88990378	     21.08978743	      0.36808623	     -2.76356328	      0.00000000	      0.00000000	    -20.59424602	      2.47001306	      1.45583295	     83.60063013	     -0.83629708	     30.16561360	     30.78868383	     85.80491817	      0.00000000	      0.00000000	     89.43816960	     -3.48610525	     55.80832552	     31.29845473	     86.98629162	      0.00000000	      0.00000000
      3.75500000	     13.16440763	     -4.50516386	      2.03034823	     -0.28956765	      1.07168783	     -1.08446513	     14.67629940	      0.98238735	     -6.95015689	      0.89124263	      0.01555512	     -8.91386662	      0.00000000	      0.00000000	     -3.71285101	     -1.55357457	     -9.72071683	     20.26901920	      0.35376112	     -3.17732738	      0.00000000	      0.00000000	    -20.52112526	      2.52913289	      1.41953951	     83.18859512	     -0.95467585	     30.06419530	     31.00017573	     86.00502894	      0.00000000	      0.00000000	     89.34102632	     -3.46495487	     56.54533330	     31.21743945	     86.90941719	      0.00000000	      0.00000000
      3.76000000	     13.31696548	     -4.46606049	      1.94641488	     -0.28814662	      1.07311770	     -1.08449280	     14.12902247	      0.97422649	     -6.85258748	      0.89117179	      0.01555388	     -8.94678970	      0.00000000	      0.00000000	     -4.36928169	     -1.40895369	     -9.78261925	     19.43125014	      0.33913929	     -3.58604864	      0.00000000	      0.00000000	    -20.43942884	      2.45211638	      1.46667516	     82.83903560	     -1.03972677	     29.99332597	     31.19839395	     85.87873764	      0.00000000	      0.00000000	     89.23689201	     -3.46620664	     57.09313725	     31.17357518	     86.93020149	      0.00000000	      0.00000000
      3.76500000	     13.51865585	     -4.61231113	      2.01285409	     -0.28655765	      1.07459203	     -1.08466141	     13.51708221	      1.13109398	     -6.92115615	      0.90375756	      0.01577355	     -8.86725408	      0.00000000	      0.00000000	     -5.05328590	     -1.46527404	     -9.61894218	     18.62276789	      0.32502862	     -3.93339893	      0.00000000	      0.00000000	    -20.33697360	      2.62827087	      1.45349512	     82.45428770	     -1.12938693	     29.98283930	     31.34434114	     85.94474537	      0.00000000	      0.00000000	     89.10283947	     -3.48269733	     57.78135211	     31.17141530	     86.92478128	      0.00000000	      0.00000000
      3.77000000	     13.68527468	     -4.64527154	      2.02185157	     -0.28513513	      1.07594363	     -1.08469419	     12.96059921	      1.18131978	     -6.91732767	      0.90921391	      0.01586878	     -8.97205422	      0.00000000	      0.00000000	     -5.69708040	     -1.41074171	     -9.57489623	     17.82668444	      0.31113434	     -4.33075355	      0.00000000	      0.00000000	    -20.24446500	      2.65761861	      1.44709316	     82.09523030	     -1.11065155	     29.63678744	     31.40290377	     85.95979101	      0.00000000	      0.00000000	     88.92493695	     -3.46777443	     58.15275304	     31.16034297	     86.97176387	      0.00000000	      0.00000000
      3.77500000	     13.91840133	     -4.72814756	      2.09374867	     -0.28364327	      1.07727154	     -1.08493608	     12.32845383	      1.27320022	     -7.05135427	      0.92802040	      0.01619701	     -9.07389425	      0.00000000	      0.00000000	     -6.39161555	     -1.40282746	     -9.41914794	     17.05310063	      0.29763275	     -4.75258844	      0.00000000	      0.00000000	    -20.20981236	      2.77712413	      1.39619561	     81.75237794	     -1.18763058	     29.59851628	     31.56483411	     85.93871406	      0.00000000	      0.00000000	     88.77223707	     -3.47108306	     58.57228396	     31.14769711	     86.94338140	      0.00000000	      0.00000000
      3.78000000	     14.04729831	     -4.73674820	      2.02359515	     -0.28221169	      1.07823830	     -1.08487742	     11.83154617	      1.31524867	     -6.96321698	      0.95961093	      0.01674837	     -9.21006302	      0.00000000	      0.00000000	     -6.95922238	     -1.31627323	     -9.45577263	     16.34213591	      0.28522408	     -5.03673244	      0.00000000	      0.00000000	    -20.08745588	      2.77307764	      1.46146375	     81.48984194	     -1.23967618	     29.65114081	     31.60497791	     85.98988152	      0.00000000	      0.00000000	     88.59491989	     -3.48194093	     58.80894674	     31.23219269	     86.94424237	      0.00000000	      0.00000000
      3.78500000	     14.17887935	     -4.83927442	      2.01407946	     -0.28076512	      1.07916498	     -1.08485016	     11.33367252	      1.45315646	     -7.05577324	      0.99115146	      0.01729886	     -9.37036516	      0.00000000	      0.00000000	     -7.49622013	     -1.33366684	     -9.38172291	     15.69459737	      0.27392240	     -5.31462465	      0.00000000	      0.00000000	    -19.94412028	      2.87959885	      1.48728585	     81.16360500	     -1.33146907	     29.69003800	     31.77567911	     86.07326645	      0.00000000	      0.00000000	     88.38903242	     -3.45115792	     59.07733604	     31.19071012	     86.91958951	      0.00000000	      0.00000000
      3.79000000	     14.31613796	     -4.93614897	      2.01417536	     -0.27933704	      1.08001869	     -1.08492822	     10.81871329	      1.58128124	     -7.02794750	      1.03100617	      0.01799445	     -9.29896392	      0.00000000	      0.00000000	     -8.05629905	     -1.33309826	     -9.30870678	     14.99209661	      0.26166145	     -5.60377203	      0.00000000	      0.00000000	    -19.80278837	      2.99709501	      1.52011525	     80.79490186	     -1.37683789	     29.43950575	     31.96029279	     86.02628394	      0.00000000	      0.00000000	     88.19220272	     -3.44649586	     59.31485472	     31.24156349	     86.93882810	      0.00000000	      0.00000000
      3.79500000	     14.47882790	     -4.96873006	      1.98398746	     -0.27782152	      1.08070162	     -1.08493472	     10.29364187	      1.64977287	     -7.07921957	      1.04481879	      0.01823553	     -9.54420218	      0.00000000	      0.00000000	     -8.63624578	     -1.25340035	     -9.13704584	     14.34181774	      0.25031194	     -5.94002553	      0.00000000	      0.00000000	    -19.70457225	      3.04538975	      1.49395912	     80.61359391	     -1.41182585	     29.90909499	     31.96334784	     85.55948483	      0.00000000	      0.00000000	     88.06942329	     -3.58563276	     59.80536179	     31.39127753	     86.73308594	      0.00000000	      0.00000000
      3.80000000	     14.57180018	     -5.04749468	      1.93806487	     -0.27657135	      1.08125717	     -1.08490309	      9.86160390	      1.76598818	     -7.06551147	      1.08483180	      0.01893389	     -9.61804048	      0.00000000	      0.00000000	     -9.06005055	     -1.25751809	     -9.20653328	     13.81082636	      0.24104439	     -6.06479086	      0.00000000	      0.00000000	    -19.54936661	      3.12063559	      1.60029288	     80.30251768	     -1.45417585	     29.41836326	     32.05062904	     86.11760225	      0.00000000	      0.00000000	     87.85234926	     -3.44229294	     59.73802002	     31.31522418	     86.93351989	      0.00000000	      0.00000000
      3.80500000	     14.70731116	     -5.18737737	      1.94127470	     -0.27521845	      1.08172541	     -1.08496218	      9.37679436	      1.93523793	     -7.08735791	      1.09933569	      0.01918703	     -9.78827163	      0.00000000	      0.00000000	     -9.54065309	     -1.31252909	     -9.05931237	     13.28467268	      0.23186128	     -6.14510525	      0.00000000	      0.00000000	    -19.41454450	      3.30178792	      1.62512556	     80.08873508	     -1.46837198	     29.45750304	     32.03869233	     86.06089643	      0.00000000	      0.00000000	     87.64201379	     -3.40909495	     59.76434222	     31.30076055	     86.88884689	      0.00000000	      0.00000000
      3.81000000	     14.85001934	     -5.18456986	      1.82722427	     -0.27390077	      1.08208654	     -1.08478868	      8.90021555	      1.98081559	     -7.00588727	      1.13965821	      0.01989079	     -9.75423678	      0.00000000	      0.00000000	    -10.06865738	     -1.20225527	     -9.06046546	     12.66010829	      0.22096057	     -6.41233994	      0.00000000	      0.00000000	    -19.32119079	      3.25967716	      1.74935062	     79.82549263	     -1.70987773	     29.89742194	     32.40521931	     85.28996202	      0.00000000	      0.00000000	     87.64268097	     -3.59980256	     60.80365438	     31.74489239	     86.69754913	      0.00000000	      0.00000000
      3.81500000	     15.04708461	     -5.26424556	      1.90156326	     -0.27257939	      1.08244632	     -1.08494932	      8.33005536	      2.10108176	     -7.01378804	      1.11703523	      0.01949594	     -9.94614679	      0.00000000	      0.00000000	    -10.63459981	     -1.18809870	     -8.82630063	     12.06648433	      0.21059988	     -6.44245222	      0.00000000	      0.00000000	    -19.27841310	      3.38763389	      1.64356468	     79.59332445	     -1.66751019	     29.78850457	     32.45714396	     85.30212015	      0.00000000	      0.00000000	     87.48087710	     -3.60301273	     60.66812955	     31.66576246	     86.73820624	      0.00000000	      0.00000000
      3.82000000	     15.10444041	     -5.32348884	      1.80041793	     -0.27135311	      1.08243408	     -1.08483359	      7.96105995	      2.20487205	     -6.93235040	      1.15052094	      0.02008038	     -9.93686949	      0.00000000	      0.00000000	    -10.93626859	     -1.16074840	     -8.83586640	     11.76035503	      0.20525692	     -6.39306145	      0.00000000	      0.00000000	    -19.09567285	      3.44922407	      1.75764224	     79.42197412	     -1.59040608	     29.30792843	     32.33337137	     86.17585481	      0.00000000	      0.00000000	     87.31342778	     -3.55766201	     60.65278160	     31.70199787	     86.90380917	      0.00000000	      0.00000000
      3.82500000	     15.24188745	     -5.36246394	      1.72160942	     -0.27009704	      1.08245380	     -1.08476406	      7.50608985	      2.29077825	     -6.89575969	      1.17202082	      0.02045562	     -9.97481485	      0.00000000	      0.00000000	    -11.34120063	     -1.12001184	     -8.86072476	     11.38843232	      0.19876564	     -6.22405671	      0.00000000	      0.00000000	    -19.00394331	      3.49260395	      1.80440408	     79.27965498	     -1.58931422	     29.29869992	     32.36293472	     86.20117094	      0.00000000	      0.00000000	     87.22907042	     -3.60364464	     60.89226338	     31.76089328	     86.89594907	      0.00000000	      0.00000000
      3.83000000	     15.34834611	     -5.35874656	      1.64922673	     -0.26893076	      1.08238203	     -1.08467341	      7.07122999	      2.33395764	     -6.71126732	      1.14909798	      0.02005554	     -9.95991660	      0.00000000	      0.00000000	    -11.71901088	     -1.02859242	     -8.84581400	     11.02810442	      0.19247673	     -6.28746204	      0.00000000	      0.00000000	    -18.86417126	      3.47817882	      1.95669189	     79.08819626	     -1.84902365	     29.62204106	     32.58574071	     85.71911215	      0.00000000	      0.00000000	     87.19057872	     -3.71261216	     61.57956750	     32.23127380	     86.83495624	      0.00000000	      0.00000000
      3.83500000	     15.47340207	     -5.44534135	      1.65452254	     -0.26775966	      1.08225975	     -1.08460130	      6.59881194	      2.46388751	     -6.66441574	      1.07231615	      0.01871545	    -10.07775021	      0.00000000	      0.00000000	    -12.08888524	     -1.05420907	     -8.48654976	     10.71531712	      0.18701756	     -6.02000649	      0.00000000	      0.00000000	    -18.78833541	      3.58597893	      1.85427582	     78.88654477	     -1.78586485	     29.55776948	     32.77031333	     85.42691265	      0.00000000	      0.00000000	     87.14872850	     -3.83376561	     61.78708391	     32.18778866	     86.83786338	      0.00000000	      0.00000000
      3.84000000	     15.52321335	     -5.47886194	      1.47459872	     -0.26670047	      1.08188604	     -1.08433196	      6.27092653	      2.56957423	     -6.43855666	      1.10647302	      0.01931160	     -9.97171125	      0.00000000	      0.00000000	    -12.31719385	     -1.00981997	     -8.71607166	     10.53669026	      0.18389994	     -5.80984584	      0.00000000	      0.00000000	    -18.63529265	      3.59540148	      2.04650730	     78.82811863	     -1.86172408	     29.63479458	     32.73788617	     85.98067075	      0.00000000	      0.00000000	     87.00895917	     -3.70911240	     61.55048796	     32.03070602	     87.06526696	      0.00000000	      0.00000000
      3.84500000	     15.57367706	     -5.44929632	      1.33782125	     -0.26570068	      1.08144692	     -1.08408083	      5.95172042	      2.59689735	     -6.15938156	      1.11556864	      0.01947035	     -9.98639952	      0.00000000	      0.00000000	    -12.54301036	     -0.91095160	     -8.71707820	     10.35973607	      0.18081150	     -5.63078731	      0.00000000	      0.00000000	    -18.49166924	      3.53788981	      2.14865275	     78.69980179	     -1.82055828	     29.33653506	     32.75074140	     86.16400483	      0.00000000	      0.00000000	     87.03993465	     -3.80249966	     62.02176301	     32.18730815	     86.89237937	      0.00000000	      0.00000000
      3.85000000	     15.72060545	     -5.39586243	      1.27254352	     -0.26459348	      1.08111591	     -1.08405325	      5.50171003	      2.58249315	     -6.02808148	      1.09014923	      0.01902669	     -9.79875932	      0.00000000	      0.00000000	    -12.89154695	     -0.79979726	     -8.63827984	     10.11135057	      0.17647636	     -5.59737414	      0.00000000	      0.00000000	    -18.43495741	      3.50450092	      2.16458384	     78.57733555	     -1.83877981	     29.33466126	     32.85607843	     86.10898146	      0.00000000	      0.00000000	     87.04155946	     -3.95706281	     62.43730603	     32.38609911	     86.98515700	      0.00000000	      0.00000000
      3.85500000	     15.82686401	     -5.39209135	      1.14081613	     -0.26358522	      1.08076099	     -1.08379393	      5.09087631	      2.64469837	     -5.73089171	      1.03783394	      0.01811362	     -9.72441157	      0.00000000	      0.00000000	    -13.14202011	     -0.74301169	     -8.72080732	     10.01244041	      0.17475005	     -5.35707778	      0.00000000	      0.00000000	    -18.36000315	      3.47752182	      2.28928639	     78.47564155	     -1.88112154	     29.24120490	     32.95700837	     86.11515544	      0.00000000	      0.00000000	     87.00619248	     -3.99768438	     62.61846144	     32.48323490	     86.95564824	      0.00000000	      0.00000000
      3.86000000	     15.88637686	     -5.36198338	      1.03525752	     -0.26269583	      1.08022747	     -1.08355957	      4.77328113	      2.66955808	     -5.57272437	      0.99380404	      0.01734515	     -9.80075238	      0.00000000	      0.00000000	    -13.28302631	     -0.67867503	     -8.68758616	     10.00788120	      0.17467048	     -5.16727823	      0.00000000	      0.00000000	    -18.25080857	      3.42095898	      2.37638379	     78.38345651	     -1.94616886	     29.17583094	     33.07230851	     86.28143924	      0.00000000	      0.00000000	     87.05201789	     -4.08689372	     63.08454489	     32.63232837	     86.89902659	      0.00000000	      0.00000000
      3.86500000	     15.96301342	     -5.29475463	      0.83993903	     -0.26184919	      1.07962137	     -1.08322405	      4.43158464	      2.66954961	     -5.23441490	      0.95541317	      0.01667511	     -9.75180953	      0.00000000	      0.00000000	    -13.42227472	     -0.56319142	     -8.77736314	     10.06867124	      0.17573146	     -4.96771259	      0.00000000	      0.00000000	    -18.18039736	      3.31024535	      2.52254964	     78.33514882	     -1.98145350	     29.21602226	     33.13827209	     86.10894097	      0.00000000	      0.00000000	     87.09666413	     -4.15404708	     63.32598777	     32.74818264	     86.95298227	      0.00000000	      0.00000000
      3.87000000	     16.04173987	     -5.16015587	      0.69176177	     -0.26101002	      1.07910823	     -1.08289417	      4.10610982	      2.58781226	     -4.98757220	      0.92563975	      0.01615546	     -9.65055351	      0.00000000	      0.00000000	    -13.58391720	     -0.39411706	     -8.82790814	     10.04057695	      0.17524113	     -4.83041296	      0.00000000	      0.00000000	    -18.08867556	      3.12166641	      2.63447228	     78.21205818	     -2.02246355	     28.96948100	     33.25447070	     86.23583110	      0.00000000	      0.00000000	     87.14206373	     -4.17719852	     63.69580873	     32.78788857	     86.93360635	      0.00000000	      0.00000000
      3.87500000	     16.15212907	     -5.13902016	      0.55687571	     -0.26016050	      1.07872412	     -1.08250920	      3.70940072	      2.64421449	     -4.62393005	      0.88317573	      0.01541432	     -9.37044002	      0.00000000	      0.00000000	    -13.72559959	     -0.36067046	     -8.89068012	     10.14133674	      0.17699972	     -4.78132826	      0.00000000	      0.00000000	    -18.04792225	      3.04798682	      2.74105692	     78.09424586	     -2.01221055	     28.74667226	     33.38583576	     85.98640318	      0.00000000	      0.00000000	     87.22414518	     -4.25648323	     64.17723135	     32.86347846	     86.92556604	      0.00000000	      0.00000000
      3.88000000	     16.22044528	     -4.96299773	      0.39073728	     -0.25947364	      1.07817174	     -1.08221802	      3.41831182	      2.52024173	     -4.40153860	      0.84942200	      0.01482521	     -9.41275163	      0.00000000	      0.00000000	    -13.84478954	     -0.14184454	     -8.87249035	     10.19857423	      0.17799870	     -4.59764297	      0.00000000	      0.00000000	    -17.97043273	      2.83462494	      2.79719266	     78.03987249	     -1.98299803	     28.61858298	     33.43698831	     86.29396157	      0.00000000	      0.00000000	     87.21289728	     -4.34505724	     64.18876144	     32.96636861	     86.91404173	      0.00000000	      0.00000000
      3.88500000	     16.46999742	     -4.85632883	      0.25897362	     -0.25812334	      1.07780714	     -1.08179586	      2.86871022	      2.49020824	     -4.21285474	      0.80835536	      0.01410846	     -9.13714637	      0.00000000	      0.00000000	    -14.20164541	     -0.03094166	     -9.05967316	     10.22892028	      0.17852834	     -4.44407967	      0.00000000	      0.00000000	    -18.01739917	      2.66625310	      2.86673411	     77.91567844	     -1.97015191	     28.49850356	     33.53311559	     86.26608816	      0.00000000	      0.00000000	     87.30667202	     -4.47174674	     64.73627201	     33.05893431	     86.91760943	      0.00000000	      0.00000000
      3.89000000	     16.46727610	     -4.64133873	      0.16555223	     -0.25794830	      1.07732380	     -1.08161907	      2.69465324	      2.32050749	     -4.07165220	      0.80807290	      0.01410353	     -9.12743101	      0.00000000	      0.00000000	    -14.15941021	      0.20037255	     -8.89170197	     10.36408031	      0.18088733	     -4.32225643	      0.00000000	      0.00000000	    -17.95514553	      2.41100677	      2.92147461	     77.83608652	     -1.98848675	     27.97162164	     33.66999635	     86.27115088	      0.00000000	      0.00000000	     87.41561196	     -4.45394788	     65.02957560	     33.04334154	     86.88832312	      0.00000000	      0.00000000
      3.89500000	     16.49740667	     -4.50794898	     -0.08938720	     -0.25737491	      1.07684192	     -1.08103802	      2.46453255	      2.25410858	     -3.64973502	      0.76801984	      0.01340447	     -9.09564269	      0.00000000	      0.00000000	    -14.16272430	      0.35086197	     -9.20446017	     10.55542256	      0.18422688	     -4.16247393	      0.00000000	      0.00000000	    -17.86447205	      2.19464675	      3.08726837	     77.70788026	     -1.94021196	     27.75776817	     33.78746284	     86.29194034	      0.00000000	      0.00000000	     87.44826491	     -4.58698082	     65.22635101	     33.21921310	     86.86891620	      0.00000000	      0.00000000
      3.90000000	     16.54627722	     -4.33018355	     -0.27682852	     -0.25678823	      1.07635269	     -1.08053521	      2.21706328	      2.14979960	     -3.49446660	      0.73622844	      0.01284961	     -9.09551319	      0.00000000	      0.00000000	    -14.27570787	      0.56327703	     -9.25306657	     10.54593281	      0.18406125	     -4.07607856	      0.00000000	      0.00000000	    -17.79045173	      1.94481870	      3.19941504	     77.61271776	     -1.94090306	     27.47755723	     33.92899445	     86.31572495	      0.00000000	      0.00000000	     87.48498193	     -4.65214106	     65.36971229	     33.28531538	     86.94401773	      0.00000000	      0.00000000
      3.90500000	     16.62197428	     -4.19914652	     -0.44304713	     -0.25621291	      1.07598283	     -1.08013268	      1.94575287	      2.08346190	     -3.28379233	      0.71761969	      0.01252483	     -8.90465630	      0.00000000	      0.00000000	    -14.38727491	      0.71755297	     -9.40372174	     10.56068440	      0.18431871	     -4.02684799	      0.00000000	      0.00000000	    -17.73636401	      1.74889000	      3.18208732	     77.45669112	     -1.74161490	     27.11250256	     34.00801442	     86.03175502	      0.00000000	      0.00000000	     87.51836081	     -4.76241593	     65.58424120	     33.09144680	     87.09446636	      0.00000000	      0.00000000
      3.91000000	     16.69123712	     -4.04119158	     -0.59374482	     -0.25567042	      1.07571365	     -1.07977625	      1.68272963	      1.98649233	     -3.13312874	      0.69984113	      0.01221453	     -9.02285399	      0.00000000	      0.00000000	    -14.51955322	      0.90510205	     -9.44168756	     10.57139698	      0.18450568	     -3.92669677	      0.00000000	      0.00000000	    -17.70378466	      1.52734508	      3.26466842	     77.32581865	     -1.72754569	     26.80484525	     34.22085780	     86.08280985	      0.00000000	      0.00000000	     87.57020092	     -4.80013930	     65.78056007	     33.10290636	     87.02980294	      0.00000000	      0.00000000
      3.91500000	     16.76059386	     -3.85806503	     -0.77264258	     -0.25495991	      1.07547772	     -1.07936635	      1.41593183	      1.86838454	     -2.98022419	      0.66623275	      0.01162796	     -8.90743293	      0.00000000	      0.00000000	    -14.67480826	      1.12770327	     -9.51655888	     10.50663790	      0.18337542	     -3.94779392	      0.00000000	      0.00000000	    -17.64682953	      1.27196002	      3.41626824	     77.16081709	     -1.73800674	     26.36809910	     34.33029681	     86.13934666	      0.00000000	      0.00000000	     87.55363656	     -4.80247843	     65.81903675	     33.18511947	     87.05614276	      0.00000000	      0.00000000
      3.92000000	     16.76348448	     -3.72939762	     -0.89624475	     -0.25456821	      1.07514812	     -1.07911808	      1.25339219	      1.79356202	     -3.03722172	      0.63649705	      0.01110897	     -9.10416237	      0.00000000	      0.00000000	    -14.64257976	      1.26913007	     -9.60723352	     10.65274875	      0.18592554	     -3.83030492	      0.00000000	      0.00000000	    -17.56819374	      1.10589928	      3.45955382	     77.01747337	     -1.69371445	     25.99877075	     34.50058085	     86.19298376	      0.00000000	      0.00000000	     87.56581078	     -4.84695586	     65.81101825	     33.20147669	     86.92872658	      0.00000000	      0.00000000
      3.92500000	     16.82377825	     -3.60328525	     -1.07539633	     -0.25414828	      1.07494232	     -1.07874736	      1.02278648	      1.72036055	     -2.81443947	      0.61622810	      0.01075521	     -9.05816814	      0.00000000	      0.00000000	    -14.76659358	      1.44035468	     -9.74832585	     10.58824234	      0.18479969	     -3.88824529	      0.00000000	      0.00000000	    -17.52487613	      0.91741731	      3.58115930	     76.87638729	     -1.69918594	     25.71913684	     34.70392248	     86.25139063	      0.00000000	      0.00000000	     87.56712281	     -4.88367809	     65.81145649	     33.26383502	     87.01884240	      0.00000000	      0.00000000
      3.93000000	     16.86876278	     -3.51354970	     -1.21275893	     -0.25366066	      1.07477172	     -1.07844299	      0.79921776	      1.69541442	     -2.72172752	      0.59145414	      0.01032282	     -8.98491329	      0.00000000	      0.00000000	    -14.83943237	      1.55483284	     -9.89575793	     10.60542382	      0.18509956	     -3.89102737	      0.00000000	      0.00000000	    -17.47763485	      0.78469079	      3.66081573	     76.76195405	     -1.69994424	     25.56812210	     34.83614716	     86.24539835	      0.00000000	      0.00000000	     87.56069011	     -4.94507062	     65.80302239	     33.33393463	     87.00318804	      0.00000000	      0.00000000
      3.93500000	     16.87302032	     -3.38519268	     -1.37650001	     -0.25332178	      1.07452857	     -1.07814779	      0.64583816	      1.61801552	     -2.57980014	      0.57506129	      0.01003671	     -8.96692858	      0.00000000	      0.00000000	    -14.87979989	      1.73263233	     -9.93562993	     10.59427333	      0.18490495	     -3.84322174	      0.00000000	      0.00000000	    -17.43022052	      0.60555552	      3.76372843	     76.64443570	     -1.64986782	     25.12981908	     34.95833380	     86.32150029	      0.00000000	      0.00000000	     87.58816408	     -4.97357278	     65.75686725	     33.37107286	     86.98776863	      0.00000000	      0.00000000
      3.94000000	     16.89026295	     -3.31351908	     -1.44053471	     -0.25278128	      1.07439547	     -1.07795611	      0.45948176	      1.59514167	     -2.67420365	      0.55576731	      0.00969997	     -8.98575976	      0.00000000	      0.00000000	    -14.90587802	      1.81179612	    -10.05315166	     10.66411123	      0.18612385	     -3.75599881	      0.00000000	      0.00000000	    -17.34305319	      0.51019994	      3.75224542	     76.54404875	     -1.61592441	     25.04335814	     35.05453500	     86.15393646	      0.00000000	      0.00000000	     87.55873175	     -5.03136388	     65.75799738	     33.38619002	     87.01006703	      0.00000000	      0.00000000
      3.94500000	     16.86980490	     -3.28913213	     -1.47093855	     -0.25242148	      1.07417607	     -1.07783762	      0.34744665	      1.62964320	     -2.68497853	      0.57096261	      0.00996518	     -8.98335304	      0.00000000	      0.00000000	    -14.90007435	      1.84066556	    -10.05096113	     10.66616062	      0.18615962	     -3.75387760	      0.00000000	      0.00000000	    -17.25732872	      0.50010818	      3.75626996	     76.54126076	     -1.61626888	     25.03941151	     35.05994428	     86.15616754	      0.00000000	      0.00000000	     87.57608138	     -5.03880342	     65.74944195	     33.38920954	     87.00822006	      0.00000000	      0.00000000
      3.95000000	     16.89147789	     -3.21265028	     -1.59706684	     -0.25208897	      1.07411159	     -1.07767306	      0.16933297	      1.60683320	     -2.78906423	      0.52849262	      0.00922394	     -8.94478002	      0.00000000	      0.00000000	    -14.94380845	      1.96271380	    -10.06583961	     10.68580598	      0.18650250	     -3.71094947	      0.00000000	      0.00000000	    -17.20972815	      0.39409293	      3.80819745	     76.45551914	     -1.58993049	     25.00351264	     35.08714557	     86.17835038	      0.00000000	      0.00000000	     87.54706744	     -5.09532308	     65.71873067	     33.39972277	     86.99428190	      0.00000000	      0.00000000
      3.95500000	     16.89076879	     -3.13703326	     -1.65520141	     -0.25175739	      1.07400183	     -1.07754913	      0.03384415	      1.58056360	     -2.88572677	      0.51631291	      0.00901136	     -8.88466202	      0.00000000	      0.00000000	    -14.96379645	      2.05689341	    -10.09339832	     10.67872336	      0.18637888	     -3.66878722	      0.00000000	      0.00000000	    -17.13696330	      0.30039456	      3.81864795	     76.39028326	     -1.59110102	     24.93782254	     35.12716673	     86.19638620	      0.00000000	      0.00000000	     87.54832262	     -5.12125255	     65.66977764	     33.41709618	     86.97932673	      0.00000000	      0.00000000
      3.96000000	     16.94527768	     -3.03731518	     -1.63517571	     -0.25134119	      1.07402686	     -1.07758499	     -0.17635715	      1.51214128	     -3.09009238	      0.51203801	      0.00893675	     -8.73086090	      0.00000000	      0.00000000	    -15.02476444	      2.16407784	    -10.12030841	     10.71948980	      0.18709039	     -3.63459234	      0.00000000	      0.00000000	    -17.14395619	      0.19748772	      3.74882018	     76.27845638	     -1.60315798	     24.68135160	     35.36748794	     86.24614199	      0.00000000	      0.00000000	     87.54035450	     -5.13955904	     65.53851675	     33.47695037	     86.94789372	      0.00000000	      0.00000000
      3.96500000	     16.92216590	     -3.03507643	     -1.69814675	     -0.25111038	      1.07398536	     -1.07743871	     -0.27662587	      1.55647667	     -3.13249914	      0.50593997	      0.00883032	     -8.72761718	      0.00000000	      0.00000000	    -15.00664149	      2.17993015	    -10.11189569	     10.73195644	      0.18730798	     -3.63937221	      0.00000000	      0.00000000	    -17.08329997	      0.18336770	      3.77788319	     76.24075756	     -1.59992842	     24.65788454	     35.38214546	     86.25231465	      0.00000000	      0.00000000	     87.54922085	     -5.15921779	     65.51910722	     33.47265100	     86.94421063	      0.00000000	      0.00000000
      3.97000000	     16.91390179	     -3.01982873	     -1.76017569	     -0.25077117	      1.07396356	     -1.07730428	     -0.39732989	      1.59587252	     -3.21885588	      0.49207684	      0.00858836	     -8.70454901	      0.00000000	      0.00000000	    -15.00311848	      2.21050429	    -10.11597906	     10.76137068	      0.18782135	     -3.63841346	      0.00000000	      0.00000000	    -17.02303186	      0.16324875	      3.81302083	     76.19413615	     -1.59512478	     24.62538084	     35.40595873	     86.25999845	      0.00000000	      0.00000000	     87.53880176	     -5.16559656	     65.49296461	     33.47622081	     86.93921006	      0.00000000	      0.00000000
      3.97500000	     16.89994297	     -3.00772486	     -1.77523610	     -0.25055479	      1.07397606	     -1.07728546	     -0.49975117	      1.62184718	     -3.29523424	      0.49368815	      0.00861648	     -8.70296197	      0.00000000	      0.00000000	    -14.98644761	      2.22489661	    -10.12426552	     10.77993577	      0.18814537	     -3.64067888	      0.00000000	      0.00000000	    -16.97023652	      0.16003527	      3.81239430	     76.18452771	     -1.62243586	     24.60178411	     35.41168791	     86.26497466	      0.00000000	      0.00000000	     87.55323649	     -5.15876943	     65.47104176	     33.49011066	     86.93561987	      0.00000000	      0.00000000
      3.98000000	     16.88498409	     -2.99854757	     -1.78961961	     -0.25031201	      1.07402157	     -1.07720511	     -0.57522676	      1.64450223	     -3.31067138	      0.56532593	      0.00986680	     -8.70361016	      0.00000000	      0.00000000	    -14.97227157	      2.23492572	    -10.12609654	     10.78129596	      0.18816911	     -3.64201149	      0.00000000	      0.00000000	    -16.92629378	      0.15775753	      3.80838414	     76.18707787	     -1.62472706	     24.59853791	     35.41624157	     86.26574272	      0.00000000	      0.00000000	     87.55942766	     -5.15597035	     65.46557883	     33.49300821	     86.93491179	      0.00000000	      0.00000000
      3.98500000	     16.93948698	     -3.05891701	     -1.70530357	     -0.25006263	      1.07416518	     -1.07722334	     -0.75430809	      1.76798772	     -4.10090071	      0.50817306	      0.00886929	     -8.74757256	      0.00000000	      0.00000000	    -14.93696229	      2.11377590	    -10.23425575	     11.03244418	      0.19255248	     -3.63174987	      0.00000000	      0.00000000	    -16.95270270	      0.22868007	      3.76749892	     76.13464794	     -1.69432154	     24.52792548	     35.48682965	     86.32022536	      0.00000000	      0.00000000	     87.53809077	     -5.09687544	     65.30987617	     33.50121927	     86.90179729	      0.00000000	      0.00000000
      3.99000000	     16.86983347	     -3.11437746	     -1.67287280	     -0.24993652	      1.07415507	     -1.07721596	     -0.76522538	      1.87572471	     -4.47608013	      0.50980706	      0.00889781	     -8.92196904	      0.00000000	      0.00000000	    -14.78612048	      2.02166766	    -10.23683277	     11.22897158	      0.19598253	     -3.53298846	      0.00000000	      0.00000000	    -16.86919155	      0.31727998	      3.74439194	     76.09479499	     -1.74502838	     24.63900898	     35.59559258	     86.38812680	      0.00000000	      0.00000000	     87.52747530	     -5.03378614	     65.14217003	     33.39980126	     86.88296670	      0.00000000	      0.00000000
      3.99500000	     16.74014516	     -3.10909386	     -1.72623475	     -0.24978121	      1.07407661	     -1.07711948	     -0.58929205	      1.89862840	     -4.72300825	      0.79873825	      0.01394061	     -8.72961572	      0.00000000	      0.00000000	    -14.64140483	      2.03229337	    -10.18843934	     11.24151730	      0.19620149	     -3.51499595	      0.00000000	      0.00000000	    -16.69672033	      0.31335481	      3.76890098	     76.07123372	     -1.97611194	     25.74679044	     35.90202304	     82.87194060	      0.00000000	      0.00000000	     87.35165113	     -5.09224741	     65.23736129	     33.64661246	     83.86849102	      0.00000000	      0.00000000
      4.00000000	     16.80651869	     -3.17006032	     -1.69226785	     -0.24962730	      1.07426191	     -1.07704930	     -0.87182160	      2.01094877	     -4.90456741	      0.51615095	      0.00900853	     -9.11046135	      0.00000000	      0.00000000	    -14.65147178	      1.92538210	    -10.36260521	     11.39615680	      0.19890046	     -3.49160079	      0.00000000	      0.00000000	    -16.76743810	      0.36930000	      3.76500949	     76.17306431	     -1.83907045	     24.91554910	     35.51735933	     86.37505411	      0.00000000	      0.00000000	     87.46205071	     -4.92432811	     64.83597332	     33.26120793	     86.91033731	      0.00000000	      0.00000000
