Static Optimization
version=1
nRows=126
nColumns=114
inDegrees=no
This file contains static optimization results.

endheader
time	addbrev_r	addlong_r	addmagDist_r	addmagIsch_r	addmagMid_r	addmagProx_r	bflh_r	bfsh_r	edl_r	ehl_r	fdl_r	fhl_r	gaslat_r	gasmed_r	glmax1_r	glmax2_r	glmax3_r	glmed1_r	glmed2_r	glmed3_r	glmin1_r	glmin2_r	glmin3_r	grac_r	iliacus_r	perbrev_r	perlong_r	piri_r	psoas_r	recfem_r	sart_r	semimem_r	semiten_r	soleus_r	tfl_r	tibant_r	tibpost_r	vasint_r	vaslat_r	vasmed_r	addbrev_l	addlong_l	addmagDist_l	addmagIsch_l	addmagMid_l	addmagProx_l	bflh_l	bfsh_l	edl_l	ehl_l	fdl_l	fhl_l	gaslat_l	gasmed_l	glmax1_l	glmax2_l	glmax3_l	glmed1_l	glmed2_l	glmed3_l	glmin1_l	glmin2_l	glmin3_l	grac_l	iliacus_l	perbrev_l	perlong_l	piri_l	psoas_l	recfem_l	sart_l	semimem_l	semiten_l	soleus_l	tfl_l	tibant_l	tibpost_l	vasint_l	vaslat_l	vasmed_l	lumbar_ext	lumbar_bend	lumbar_rot	shoulder_flex_r	shoulder_add_r	shoulder_rot_r	elbow_flex_r	pro_sup_r	wrist_flex_r	wrist_dev_r	shoulder_flex_l	shoulder_add_l	shoulder_rot_l	elbow_flex_l	pro_sup_l	wrist_flex_l	wrist_dev_l	FX	FY	FZ	MX	MY	MZ	hip_flexion_r_reserve	hip_adduction_r_reserve	hip_rotation_r_reserve	knee_angle_r_reserve	ankle_angle_r_reserve	hip_flexion_l_reserve	hip_adduction_l_reserve	hip_rotation_l_reserve	knee_angle_l_reserve	ankle_angle_l_reserve
      4.97500000	      0.01008610	      0.01006335	      0.01009797	      0.01015963	      0.01007568	      0.01009235	      0.01215334	      0.01892652	      0.01703311	      0.01299856	      0.01074099	      0.01033968	      0.01040763	      0.01029608	      0.02281461	      0.02445791	      0.01009929	      0.09659829	      0.04937948	      0.03080694	      0.03318188	      0.03373818	      0.02375737	      0.01026141	      0.01241646	      0.01084643	      0.01044977	      0.01192872	      0.01022200	      0.01008413	      0.01726272	      0.04404640	      0.01340210	      0.01006207	      0.03234552	      0.03155215	      0.01025419	      0.01005654	      0.01001958	      0.01003467	      0.01006259	      0.01004365	      0.01006163	      0.01008530	      0.01005115	      0.01006550	      0.01088398	      0.02216938	      0.01767605	      0.01315715	      0.01071273	      0.01031337	      0.01055947	      0.01038451	      0.03449632	      0.03061927	      0.01004208	      0.11148038	      0.05476423	      0.03436496	      0.03448343	      0.03197822	      0.02014132	      0.01018707	      0.01464466	      0.01080623	      0.01039828	      0.01189642	      0.01020611	      0.01009202	      0.02112638	      0.03629607	      0.01212300	      0.01004773	      0.03227978	      0.03374021	      0.01023329	      0.01004615	      0.01001678	      0.01002931	     -1.11021566	     -0.29815767	     -0.01417810	     -0.19610142	     -0.38315426	     -0.02675045	      0.23700274	     -0.00520018	      0.00000000	     -0.00000000	     -0.06368827	     -0.55882777	     -0.07218891	      0.22472647	     -0.00621436	     -0.00000000	      0.00000000	      0.00757468	      0.90021239	      0.00684148	     -0.00075417	      0.00098574	     -0.06756034	     -0.00533575	     -0.08065804	      0.00620477	      0.06428514	      0.06267732	     -0.00781424	     -0.10049477	      0.01314164	      0.07563543	      0.06765055
      4.98000000	      0.01008598	      0.01006476	      0.01008393	      0.01011619	      0.01007223	      0.01009064	      0.01097357	      0.01849339	      0.01663511	      0.01246935	      0.01050208	      0.01022425	      0.01023131	      0.01016233	      0.01733466	      0.01570796	      0.01006666	      0.09123645	      0.04754109	      0.03083649	      0.03207220	      0.03283354	      0.02342531	      0.01021332	      0.01331570	      0.01057949	      0.01029824	      0.01155005	      0.01025950	      0.01009196	      0.01737460	      0.03290943	      0.01188578	      0.01003711	      0.03291713	      0.03172323	      0.01016716	      0.01005317	      0.01001877	      0.01003307	      0.01006776	      0.01004832	      0.01006193	      0.01007852	      0.01005398	      0.01007071	      0.01055146	      0.02120712	      0.01708678	      0.01256982	      0.01049183	      0.01021553	      0.01031822	      0.01020857	      0.02693465	      0.01973319	      0.01004065	      0.09675358	      0.04944773	      0.03318555	      0.03066031	      0.02882541	      0.01848204	      0.01017551	      0.01487170	      0.01055934	      0.01027311	      0.01139245	      0.01024091	      0.01009522	      0.02041176	      0.02900954	      0.01139354	      0.01003059	      0.02989423	      0.03332953	      0.01016095	      0.01004799	      0.01001711	      0.01003011	     -1.24166830	     -0.29218169	     -0.11900950	     -0.18201992	     -0.33939944	     -0.02158583	      0.19834249	     -0.00444171	      0.00000000	      0.00000000	     -0.06009298	     -0.51536039	     -0.05502697	      0.18927190	     -0.00474224	      0.00000000	      0.00000000	      0.01177785	      0.78716164	      0.00809570	     -0.00263212	      0.00004810	     -0.05945822	     -0.00014012	     -0.08181866	      0.00299362	      0.06445102	      0.06324318	     -0.00222795	     -0.09293871	      0.00612998	      0.07330852	      0.06684523
      4.98500000	      0.01008784	      0.01006465	      0.01007807	      0.01009432	      0.01007205	      0.01009331	      0.01038786	      0.01870086	      0.01652818	      0.01216973	      0.01038527	      0.01017540	      0.01015304	      0.01010506	      0.01239739	      0.01111050	      0.01004653	      0.08429498	      0.04433916	      0.02969214	      0.03074573	      0.03158162	      0.02286321	      0.01020933	      0.01600773	      0.01044555	      0.01023118	      0.01131600	      0.01033179	      0.01009041	      0.01822482	      0.02078335	      0.01092017	      0.01002757	      0.03356790	      0.03204321	      0.01013170	      0.01005105	      0.01001813	      0.01003188	      0.01007304	      0.01005146	      0.01006384	      0.01007561	      0.01005740	      0.01007736	      0.01028782	      0.02072257	      0.01677179	      0.01221723	      0.01038629	      0.01017575	      0.01018160	      0.01011435	      0.01837753	      0.01219957	      0.01003886	      0.08238141	      0.04378626	      0.03130793	      0.02706321	      0.02580055	      0.01696563	      0.01017991	      0.01630890	      0.01043826	      0.01022006	      0.01108231	      0.01032751	      0.01010759	      0.02020177	      0.02157114	      0.01079712	      0.01002421	      0.02779464	      0.03307162	      0.01013272	      0.01005000	      0.01001766	      0.01003115	     -1.37855412	     -0.28586120	     -0.22084084	     -0.16733831	     -0.29626900	     -0.01660613	      0.16039629	     -0.00369835	     -0.00000000	      0.00000000	     -0.05543965	     -0.47192916	     -0.03846820	      0.15456213	     -0.00331051	     -0.00000000	     -0.00000000	      0.01565560	      0.67551021	      0.00908163	     -0.00427429	     -0.00091030	     -0.05192084	      0.00716220	     -0.08332715	      0.00007047	      0.06678484	      0.06412443	      0.00440555	     -0.08612072	      0.00015348	      0.07239560	      0.06622779
      4.99000000	      0.01009119	      0.01007149	      0.01007099	      0.01007789	      0.01007056	      0.01009506	      0.01017538	      0.01833347	      0.01624253	      0.01169642	      0.01028537	      0.01014313	      0.01013597	      0.01009456	      0.01038839	      0.01018103	      0.01003582	      0.07487532	      0.03893621	      0.02651866	      0.02932492	      0.03004531	      0.02184226	      0.01019932	      0.02226350	      0.01032476	      0.01018308	      0.01099081	      0.01067537	      0.01017141	      0.01989332	      0.01068464	      0.01036988	      0.01002334	      0.03629598	      0.03235890	      0.01011004	      0.01004095	      0.01001423	      0.01002526	      0.01008373	      0.01006237	      0.01006775	      0.01007581	      0.01006364	      0.01008733	      0.01025222	      0.02093523	      0.01630028	      0.01170153	      0.01029150	      0.01014761	      0.01016650	      0.01010582	      0.01139637	      0.01035177	      0.01003902	      0.06713629	      0.03657953	      0.02745081	      0.02345224	      0.02254975	      0.01510585	      0.01020189	      0.01984974	      0.01032518	      0.01017995	      0.01073222	      0.01044518	      0.01008983	      0.02069522	      0.01282011	      0.01058406	      0.01002137	      0.02607573	      0.03290084	      0.01011437	      0.01004366	      0.01001540	      0.01002718	     -1.51506497	     -0.27945534	     -0.31605779	     -0.15233141	     -0.25452878	     -0.01186432	      0.12394655	     -0.00298191	     -0.00000000	     -0.00000000	     -0.04986496	     -0.42877868	     -0.02290539	      0.12131409	     -0.00195604	     -0.00000000	     -0.00000000	      0.01909034	      0.56721590	      0.00974963	     -0.00564252	     -0.00184724	     -0.04501736	      0.02033794	     -0.08796412	     -0.00294807	      0.06714389	      0.06532983	      0.01486262	     -0.08065340	     -0.00390777	      0.07484384	      0.06594641
      4.99500000	      0.01009154	      0.01007766	      0.01005758	      0.01005666	      0.01006354	      0.01009408	      0.01004892	      0.01696414	      0.01682037	      0.01235889	      0.01038020	      0.01016051	      0.01010530	      0.01007271	      0.01011392	      0.01005180	      0.01002312	      0.06412007	      0.03212638	      0.02212537	      0.02840869	      0.02885764	      0.02115605	      0.01016745	      0.03336418	      0.01044835	      0.01021628	      0.01159773	      0.01621671	      0.01441648	      0.02280114	      0.01004583	      0.01009922	      0.01002381	      0.04294980	      0.03256586	      0.01011918	      0.01005614	      0.01002018	      0.01003524	      0.01009508	      0.01007998	      0.01006069	      0.01006124	      0.01006355	      0.01009662	      0.01009816	      0.01944938	      0.01672511	      0.01233349	      0.01039672	      0.01017025	      0.01018871	      0.01011599	      0.01028331	      0.01009832	      0.01002839	      0.05132496	      0.02800703	      0.02211250	      0.02089528	      0.02016899	      0.01462128	      0.01022651	      0.02985828	      0.01045481	      0.01021605	      0.01108102	      0.01528217	      0.01006967	      0.02275292	      0.01019568	      0.01023383	      0.01002227	      0.02835708	      0.03271889	      0.01012736	      0.01004794	      0.01001749	      0.01003045	     -1.64561066	     -0.27347931	     -0.40141286	     -0.13727040	     -0.21487409	     -0.00740393	      0.08970300	     -0.00230262	      0.00000000	     -0.00000000	     -0.04352892	     -0.38615341	     -0.00868630	      0.09015132	     -0.00071121	      0.00000000	     -0.00000000	      0.02199341	      0.46405228	      0.01005896	     -0.00671749	     -0.00272191	     -0.03878256	      0.04001263	     -0.09755307	     -0.00660929	      0.05895065	      0.06638693	      0.03446101	     -0.08157887	     -0.00702624	      0.06846398	      0.06555351
      5.00000000	      0.01009524	      0.01008455	      0.01005415	      0.01005119	      0.01006245	      0.01009671	      0.01004153	      0.01702396	      0.01676369	      0.01221684	      0.01033180	      0.01014385	      0.01008896	      0.01006173	      0.01006831	      0.01003550	      0.01002034	      0.05454295	      0.02610040	      0.01831246	      0.02705741	      0.02726092	      0.02000256	      0.01016002	      0.04128493	      0.01039175	      0.01019177	      0.01151518	      0.02289659	      0.02538666	      0.02515595	      0.01003904	      0.01008220	      0.01002156	      0.04582927	      0.03274527	      0.01010796	      0.01005441	      0.01001957	      0.01003416	      0.01010698	      0.01010104	      0.01005563	      0.01005157	      0.01006415	      0.01010492	      0.01004381	      0.01831942	      0.01650221	      0.01215609	      0.01035385	      0.01015662	      0.01011723	      0.01007282	      0.01008977	      0.01004057	      0.01002244	      0.03768095	      0.02052380	      0.01742659	      0.01866763	      0.01802391	      0.01359876	      0.01019042	      0.03901939	      0.01040481	      0.01019685	      0.01093780	      0.02353256	      0.01412397	      0.02461674	      0.01003995	      0.01008787	      0.01002081	      0.03035739	      0.03248051	      0.01011839	      0.01005307	      0.01001901	      0.01003326	     -1.76520158	     -0.26854919	     -0.47419514	     -0.12241290	     -0.17790340	     -0.00325662	      0.05827291	     -0.00166868	      0.00000000	      0.00000000	     -0.03660771	     -0.34429197	      0.00390453	      0.06158184	      0.00039753	     -0.00000000	      0.00000000	      0.02430559	      0.36754388	      0.00998079	     -0.00749805	     -0.00349695	     -0.03322208	      0.05411598	     -0.10250629	     -0.00895450	      0.06040666	      0.06766311	      0.05201835	     -0.08276090	     -0.00895863	      0.06432307	      0.06516799
      5.00500000	      0.01010889	      0.01000267	      0.01004978	      0.01005279	      0.01004698	      0.01016254	      0.01004344	      0.02050794	      0.02018653	      0.01570072	      0.01171075	      0.01062614	      0.01039588	      0.01024563	      0.01016696	      0.01006977	      0.01002292	      0.04459228	      0.02133754	      0.01698053	      0.02684545	      0.02645870	      0.02087339	      0.01067591	      0.04872142	      0.01198463	      0.01093217	      0.01447332	      0.03104630	      0.03556894	      0.02847027	      0.01003397	      0.01011217	      0.01006150	      0.04710259	      0.03414540	      0.01041217	      0.01009790	      0.01002928	      0.01005382	      0.01029388	      0.01015266	      0.01005214	      0.01005508	      0.01004806	      0.01028965	      0.01004469	      0.02131796	      0.01991447	      0.01560817	      0.01183317	      0.01072834	      0.01058843	      0.01033501	      0.01018678	      0.01006993	      0.01002339	      0.02486995	      0.01708302	      0.01619127	      0.01941900	      0.01885036	      0.01598932	      0.01122124	      0.04642757	      0.01205576	      0.01098393	      0.01349762	      0.03264604	      0.02219187	      0.02747964	      0.01003611	      0.01015778	      0.01006584	      0.03077473	      0.03381121	      0.01049291	      0.01008800	      0.01002594	      0.01004792	     -1.86975582	     -0.26523752	     -0.53235983	     -0.10799379	     -0.14409888	      0.00055811	      0.03014320	     -0.00108626	      0.00000000	     -0.00000000	     -0.02928276	     -0.30342186	      0.01465556	      0.03598872	      0.00135048	      0.00000000	      0.00000000	      0.02599994	      0.27892687	      0.00950088	     -0.00799746	     -0.00414147	     -0.02831962	      0.06629314	     -0.10379906	     -0.00781794	      0.06158498	      0.06899631	      0.06584925	     -0.07836086	     -0.00708808	      0.06470517	      0.06530273
      5.01000000	      0.01008228	      0.01008373	      0.01004488	      0.01004077	      0.01005363	      0.01009153	      0.01003186	      0.01793930	      0.01755872	      0.01314553	      0.01063838	      0.01024413	      0.01011356	      0.01007530	      0.01005823	      0.01002826	      0.01001665	      0.03663940	      0.01617775	      0.01347963	      0.02417325	      0.02359892	      0.01781690	      0.01014771	      0.05421074	      0.01075601	      0.01034711	      0.01233017	      0.03538687	      0.04317899	      0.02888998	      0.01002739	      0.01006605	      0.01003051	      0.04846635	      0.03298382	      0.01017258	      0.01009618	      0.01003228	      0.01005850	      0.01010701	      0.01002105	      0.01004485	      0.01004295	      0.01004688	      0.01010922	      0.01003401	      0.01897965	      0.01716664	      0.01303616	      0.01071142	      0.01029869	      0.01027861	      0.01016406	      0.01007413	      0.01003407	      0.01001877	      0.01598347	      0.01259056	      0.01246044	      0.01579963	      0.01526967	      0.01307067	      0.01039506	      0.05207714	      0.01080718	      0.01038750	      0.01153439	      0.03782054	      0.02737733	      0.02747802	      0.01002928	      0.01007353	      0.01003544	      0.03051309	      0.03239329	      0.01021695	      0.01005596	      0.01001910	      0.01003381	     -1.95623075	     -0.26393908	     -0.57459096	     -0.09421711	     -0.11381418	      0.00403293	      0.00567206	     -0.00055951	     -0.00000000	     -0.00000000	     -0.02173110	     -0.26375837	      0.02343170	      0.01362967	      0.00213488	      0.00000000	     -0.00000000	      0.02708525	      0.19913029	      0.00862206	     -0.00824011	     -0.00463227	     -0.02404359	      0.07678671	     -0.10659140	     -0.00937051	      0.06411700	      0.07034108	      0.07766828	     -0.07858718	     -0.00742627	      0.06618937	      0.06521051
      5.01500000	      0.01011194	      0.01012235	      0.01004889	      0.01004297	      0.01006216	      0.01010909	      0.01003015	      0.01750307	      0.01665744	      0.01194481	      0.01027397	      0.01012647	      0.01007709	      0.01005278	      0.01004137	      0.01002261	      0.01001631	      0.02869407	      0.01224380	      0.01112600	      0.02227558	      0.02133364	      0.01544833	      0.01017266	      0.05919879	      0.01032107	      0.01016596	      0.01117008	      0.04031249	      0.04928193	      0.03003742	      0.01002496	      0.01006156	      0.01001860	      0.04894796	      0.03294397	      0.01009605	      0.01005117	      0.01001832	      0.01003203	      0.01016352	      0.01022019	      0.01005428	      0.01004521	      0.01007366	      0.01014510	      0.01003295	      0.01842009	      0.01612589	      0.01182927	      0.01030707	      0.01014723	      0.01012001	      0.01007267	      0.01004378	      0.01002310	      0.01001844	      0.01090873	      0.01055025	      0.01061593	      0.01308310	      0.01265074	      0.01136595	      0.01025941	      0.05695972	      0.01034684	      0.01018190	      0.01069121	      0.04368497	      0.03191181	      0.02829941	      0.01002724	      0.01007007	      0.01001991	      0.02982317	      0.03211766	      0.01011316	      0.01004761	      0.01001709	      0.01002984	     -2.02260788	     -0.26474086	     -0.60028555	     -0.08125164	     -0.08727206	      0.00717248	     -0.01491477	     -0.00009059	      0.00000000	     -0.00000000	     -0.01412171	     -0.22550744	      0.03017351	     -0.00535774	      0.00274479	      0.00000000	     -0.00000000	      0.02760409	      0.12877369	      0.00736608	     -0.00825783	     -0.00495485	     -0.02034984	      0.08560026	     -0.10697598	     -0.00899276	      0.06538794	      0.07168799	      0.08816173	     -0.07531342	     -0.00713167	      0.06769037	      0.06501451
      5.02000000	      0.01011888	      0.01015406	      0.01004831	      0.01004168	      0.01006342	      0.01011270	      0.01002844	      0.01780414	      0.01684073	      0.01217245	      0.01029761	      0.01012804	      0.01007576	      0.01005120	      0.01003774	      0.01002075	      0.01001563	      0.02023014	      0.01101131	      0.01058764	      0.02039100	      0.01890240	      0.01395501	      0.01017426	      0.06393254	      0.01035481	      0.01017133	      0.01116435	      0.04505056	      0.05402016	      0.03089853	      0.01002316	      0.01005863	      0.01001807	      0.04830372	      0.03291374	      0.01009611	      0.01005077	      0.01001805	      0.01003164	      0.01032717	      0.01265890	      0.01005628	      0.01004471	      0.01008348	      0.01022959	      0.01003133	      0.01861561	      0.01630559	      0.01204584	      0.01034341	      0.01015563	      0.01013524	      0.01007968	      0.01003710	      0.01002015	      0.01001792	      0.01020820	      0.01024290	      0.01032342	      0.01192748	      0.01166909	      0.01107990	      0.01042666	      0.06094443	      0.01039165	      0.01019499	      0.01077987	      0.04935762	      0.03533565	      0.02882907	      0.01002517	      0.01006742	      0.01002042	      0.02819591	      0.03208107	      0.01011831	      0.01004588	      0.01001645	      0.01002872	     -2.06783423	     -0.26731411	     -0.60949044	     -0.06923119	     -0.06456875	      0.00999337	     -0.03152362	      0.00032022	      0.00000000	      0.00000000	     -0.00661563	     -0.18886927	      0.03489246	     -0.02094693	      0.00318065	      0.00000000	      0.00000000	      0.02762354	      0.06817845	      0.00577410	     -0.00808620	     -0.00510332	     -0.01718729	      0.09374668	     -0.10488725	     -0.00564715	      0.06658475	      0.07297196	      0.09787857	     -0.06947477	     -0.00737358	      0.06872016	      0.06520457
      5.02500000	      0.01010327	      0.01005903	      0.01004949	      0.01004131	      0.01006881	      0.01010068	      0.01002689	      0.01803885	      0.01705889	      0.01255509	      0.01041864	      0.01016485	      0.01007224	      0.01004881	      0.01003466	      0.01001912	      0.01001518	      0.01355295	      0.01063809	      0.01041976	      0.01813692	      0.01643576	      0.01295989	      0.01016291	      0.06818584	      0.01050160	      0.01022896	      0.01131673	      0.04985523	      0.05739602	      0.03141447	      0.01002132	      0.01005889	      0.01002188	      0.04642054	      0.03289931	      0.01012004	      0.01008802	      0.01002947	      0.01005485	      0.01076841	      0.01730328	      0.01005915	      0.01004485	      0.01009856	      0.01044727	      0.01003028	      0.01881286	      0.01657277	      0.01242382	      0.01049547	      0.01021918	      0.01022842	      0.01013348	      0.01003385	      0.01001859	      0.01001772	      0.01012895	      0.01019577	      0.01029478	      0.01167979	      0.01149016	      0.01115559	      0.01072808	      0.06333152	      0.01056309	      0.01027816	      0.01104554	      0.05282188	      0.03774802	      0.02923403	      0.01002379	      0.01006600	      0.01002965	      0.02728332	      0.03221945	      0.01016459	      0.01004687	      0.01001653	      0.01002900	     -2.09177727	     -0.27085740	     -0.60283499	     -0.05825936	     -0.04568141	      0.01252463	     -0.04418715	      0.00067432	      0.00000000	      0.00000000	      0.00063346	     -0.15404215	      0.03766462	     -0.03320964	      0.00344853	      0.00000000	     -0.00000000	      0.02722301	      0.01739025	      0.00390552	     -0.00776141	     -0.00507974	     -0.01450199	      0.10156798	     -0.10015197	     -0.00205478	      0.06770847	      0.07428777	      0.10403550	     -0.06586864	     -0.00726398	      0.06959318	      0.06579499
      5.03000000	      0.01014857	      0.01038158	      0.01005112	      0.01004147	      0.01007392	      0.01013478	      0.01002665	      0.01832673	      0.01726870	      0.01269455	      0.01038611	      0.01014218	      0.01007409	      0.01004874	      0.01003035	      0.01001721	      0.01001499	      0.01072677	      0.01024163	      0.01018875	      0.01532961	      0.01377861	      0.01167903	      0.01022362	      0.07193813	      0.01047214	      0.01020011	      0.01109940	      0.05509646	      0.05952690	      0.03160841	      0.01002123	      0.01005670	      0.01001793	      0.04327627	      0.03288966	      0.01010302	      0.01005624	      0.01001947	      0.01003470	      0.01110759	      0.02121467	      0.01005885	      0.01004417	      0.01010160	      0.01056637	      0.01002980	      0.01895726	      0.01680513	      0.01256589	      0.01046517	      0.01018844	      0.01018512	      0.01010326	      0.01003234	      0.01001795	      0.01001748	      0.01010420	      0.01014762	      0.01021441	      0.01138830	      0.01122156	      0.01101722	      0.01087596	      0.06464563	      0.01053724	      0.01024447	      0.01105508	      0.05490754	      0.03911059	      0.02945369	      0.01002329	      0.01006527	      0.01002270	      0.02658483	      0.03225639	      0.01013871	      0.01004342	      0.01001551	      0.01002712	     -2.09518229	     -0.27412893	     -0.58147812	     -0.04841708	     -0.03047936	      0.01480840	     -0.05305371	      0.00097454	     -0.00000000	     -0.00000000	      0.00747980	     -0.12122589	      0.03862412	     -0.04230099	      0.00355942	     -0.00000000	      0.00000000	      0.02648429	     -0.02379027	      0.00183477	     -0.00731767	     -0.00489384	     -0.01224165	      0.10954372	     -0.09257024	     -0.00003733	      0.06820028	      0.07551120	      0.10789538	     -0.06307695	     -0.00663410	      0.07023348	      0.06613018
      5.03500000	      0.01031376	      0.01339496	      0.01005297	      0.01004171	      0.01008122	      0.01021256	      0.01002617	      0.01827652	      0.01723122	      0.01262805	      0.01035373	      0.01013152	      0.01007088	      0.01004617	      0.01002797	      0.01001606	      0.01001490	      0.01016907	      0.01012178	      0.01011315	      0.01305397	      0.01191663	      0.01086611	      0.01033006	      0.07482230	      0.01043412	      0.01018345	      0.01087661	      0.05977332	      0.06062570	      0.03158420	      0.01002044	      0.01005582	      0.01001651	      0.03979065	      0.03289600	      0.01009610	      0.01005011	      0.01001757	      0.01003098	      0.01138009	      0.02412526	      0.01005939	      0.01004412	      0.01010528	      0.01064847	      0.01002956	      0.01881825	      0.01679834	      0.01250672	      0.01042979	      0.01017350	      0.01016234	      0.01008999	      0.01003153	      0.01001760	      0.01001747	      0.01009599	      0.01012776	      0.01017313	      0.01111838	      0.01097342	      0.01085500	      0.01092869	      0.06511188	      0.01049823	      0.01022477	      0.01099416	      0.05596786	      0.03969097	      0.02942721	      0.01002297	      0.01006511	      0.01002066	      0.02586859	      0.03236540	      0.01012819	      0.01004235	      0.01001520	      0.01002654	     -2.07960252	     -0.27555824	     -0.54705437	     -0.03976843	     -0.01873933	      0.01689887	     -0.05837223	      0.00122484	      0.00000000	      0.00000000	      0.01378873	     -0.09062518	      0.03795472	     -0.04844424	      0.00352838	     -0.00000000	      0.00000000	      0.02548750	     -0.05577345	     -0.00035250	     -0.00678703	     -0.00456288	     -0.01035862	      0.11636928	     -0.08433110	      0.00113266	      0.06868831	      0.07682374	      0.10998216	     -0.06058149	     -0.00552893	      0.07053424	      0.06682330
      5.04000000	      0.01067258	      0.01920638	      0.01005474	      0.01004202	      0.01008922	      0.01034190	      0.01002596	      0.01830574	      0.01732135	      0.01270511	      0.01036038	      0.01013084	      0.01006852	      0.01004410	      0.01002665	      0.01001540	      0.01001489	      0.01010132	      0.01009484	      0.01009328	      0.01193262	      0.01113796	      0.01056827	      0.01047693	      0.07652692	      0.01044424	      0.01018353	      0.01080170	      0.06300876	      0.06084487	      0.03143748	      0.01002009	      0.01005581	      0.01001589	      0.03683266	      0.03297149	      0.01009522	      0.01004985	      0.01001745	      0.01003080	      0.01173879	      0.02616507	      0.01006049	      0.01004440	      0.01011183	      0.01078114	      0.01002955	      0.01870176	      0.01693890	      0.01259339	      0.01044074	      0.01017417	      0.01015718	      0.01008657	      0.01003098	      0.01001738	      0.01001757	      0.01008994	      0.01011807	      0.01015516	      0.01102791	      0.01088561	      0.01080739	      0.01104293	      0.06487764	      0.01051270	      0.01022701	      0.01102872	      0.05621540	      0.03970648	      0.02923197	      0.01002288	      0.01006559	      0.01002021	      0.02519630	      0.03258377	      0.01012807	      0.01004161	      0.01001494	      0.01002609	     -2.04725254	     -0.27338029	     -0.50158725	     -0.03236226	     -0.01016069	      0.01885940	     -0.06047337	      0.00142984	      0.00000000	      0.00000000	      0.01943898	     -0.06244861	      0.03587968	     -0.05191617	      0.00337352	     -0.00000000	      0.00000000	      0.02430846	     -0.07914569	     -0.00256367	     -0.00619957	     -0.00410967	     -0.00881030	      0.12092414	     -0.07737876	      0.00210310	      0.06902033	      0.07813104	      0.11062549	     -0.05821573	     -0.00411889	      0.07042213	      0.06771405
      5.04500000	      0.01136540	      0.02529736	      0.01005656	      0.01004242	      0.01009886	      0.01057413	      0.01002594	      0.01837056	      0.01750199	      0.01287964	      0.01039736	      0.01013824	      0.01006690	      0.01004252	      0.01002574	      0.01001495	      0.01001493	      0.01008235	      0.01008325	      0.01008394	      0.01142587	      0.01082700	      0.01045778	      0.01069217	      0.07732618	      0.01049135	      0.01019688	      0.01080455	      0.06510188	      0.06037930	      0.03118837	      0.01002001	      0.01005649	      0.01001592	      0.03430125	      0.03312822	      0.01009932	      0.01005447	      0.01001879	      0.01003355	      0.01216604	      0.02750203	      0.01006255	      0.01004508	      0.01012350	      0.01096959	      0.01002974	      0.01858732	      0.01717812	      0.01277877	      0.01048740	      0.01018732	      0.01016340	      0.01008961	      0.01003057	      0.01001725	      0.01001779	      0.01008425	      0.01011227	      0.01014654	      0.01103730	      0.01088559	      0.01082761	      0.01121070	      0.06411353	      0.01056809	      0.01024667	      0.01113236	      0.05586998	      0.03933885	      0.02890131	      0.01002294	      0.01006668	      0.01002101	      0.02454952	      0.03289924	      0.01013635	      0.01004144	      0.01001482	      0.01002591	     -2.00080642	     -0.26575356	     -0.44735987	     -0.02623243	     -0.00438024	      0.02075976	     -0.05974967	      0.00159453	     -0.00000000	     -0.00000000	      0.02431983	     -0.03690171	      0.03265222	     -0.05303260	      0.00311509	      0.00000000	     -0.00000000	      0.02301614	     -0.09463466	     -0.00470284	     -0.00558225	     -0.00356219	     -0.00755789	      0.12371133	     -0.07142290	      0.00316901	      0.06919298	      0.07945487	      0.11018245	     -0.05588670	     -0.00256324	      0.06991707	      0.06879276
      5.05000000	      0.01229475	      0.03043037	      0.01005814	      0.01004282	      0.01010911	      0.01088519	      0.01002567	      0.01819422	      0.01753738	      0.01293633	      0.01045182	      0.01016082	      0.01006453	      0.01004103	      0.01002509	      0.01001464	      0.01001501	      0.01007198	      0.01007595	      0.01007792	      0.01112830	      0.01066016	      0.01039846	      0.01083510	      0.07744901	      0.01055174	      0.01022872	      0.01080253	      0.06633777	      0.05941125	      0.03084023	      0.01001930	      0.01005815	      0.01001820	      0.03207457	      0.03334376	      0.01011505	      0.01007882	      0.01002604	      0.01004863	      0.01253863	      0.02838036	      0.01006746	      0.01004717	      0.01014547	      0.01116217	      0.01003018	      0.01827355	      0.01726910	      0.01284699	      0.01054848	      0.01021974	      0.01018710	      0.01010485	      0.01003056	      0.01001733	      0.01001842	      0.01008021	      0.01011125	      0.01014521	      0.01102376	      0.01087071	      0.01083357	      0.01132882	      0.06299744	      0.01063341	      0.01028714	      0.01120807	      0.05515394	      0.03875206	      0.02842395	      0.01002306	      0.01006852	      0.01002553	      0.02381644	      0.03328043	      0.01016088	      0.01004485	      0.01001589	      0.01002785	     -1.94322385	     -0.25089806	     -0.38677617	     -0.02139943	     -0.00098930	      0.02267415	     -0.05663757	      0.00172404	     -0.00000000	     -0.00000000	      0.02832635	     -0.01417634	      0.02854740	     -0.05213411	      0.00277452	     -0.00000000	      0.00000000	      0.02167262	     -0.10307423	     -0.00667531	     -0.00495976	     -0.00295075	     -0.00656433	      0.12519020	     -0.06622444	      0.00437218	      0.06934216	      0.08089312	      0.10902510	     -0.05352692	     -0.00101673	      0.06909387	      0.07016527
      5.05500000	      0.01319472	      0.03430428	      0.01005979	      0.01004345	      0.01011906	      0.01115545	      0.01002563	      0.01803203	      0.01759859	      0.01292444	      0.01043768	      0.01015546	      0.01006044	      0.01003807	      0.01002488	      0.01001456	      0.01001518	      0.01006788	      0.01007142	      0.01007285	      0.01088651	      0.01051427	      0.01032675	      0.01097705	      0.07702808	      0.01053504	      0.01022057	      0.01072749	      0.06685093	      0.05811464	      0.03042834	      0.01001896	      0.01005894	      0.01001716	      0.03022608	      0.03363111	      0.01011143	      0.01007944	      0.01002624	      0.01004907	      0.01275927	      0.02910616	      0.01006966	      0.01004830	      0.01015429	      0.01124210	      0.01003059	      0.01792112	      0.01736420	      0.01284351	      0.01053015	      0.01021054	      0.01016310	      0.01009178	      0.01003078	      0.01001753	      0.01001887	      0.01007892	      0.01010668	      0.01013403	      0.01094084	      0.01079144	      0.01076772	      0.01135306	      0.06168076	      0.01061382	      0.01027550	      0.01118568	      0.05427689	      0.03806150	      0.02786780	      0.01002331	      0.01006977	      0.01002398	      0.02301765	      0.03365262	      0.01015411	      0.01004583	      0.01001630	      0.01002853	     -1.87763620	     -0.22725223	     -0.32224333	     -0.01787427	      0.00044687	      0.02467992	     -0.05160152	      0.00182369	      0.00000000	     -0.00000000	      0.03135814	      0.00555971	      0.02385325	     -0.04957227	      0.00237374	     -0.00000000	     -0.00000000	      0.02033842	     -0.10537000	     -0.00839153	     -0.00435553	     -0.00230635	     -0.00579246	      0.12559741	     -0.06183613	      0.00565140	      0.06923332	      0.08231190	      0.10750570	     -0.05101914	      0.00034895	      0.06798150	      0.07149514
      5.06000000	      0.01342028	      0.03702984	      0.01006124	      0.01004419	      0.01012012	      0.01101827	      0.01002656	      0.01764164	      0.01742425	      0.01248579	      0.01028418	      0.01011146	      0.01005620	      0.01003461	      0.01002503	      0.01001470	      0.01001541	      0.01006977	      0.01007110	      0.01007034	      0.01053071	      0.01031379	      0.01021990	      0.01090354	      0.07620775	      0.01034776	      0.01015086	      0.01046596	      0.06681953	      0.05661441	      0.02993664	      0.01002017	      0.01005846	      0.01001268	      0.02868325	      0.03398005	      0.01008306	      0.01004495	      0.01001605	      0.01002806	      0.01249290	      0.03002225	      0.01006575	      0.01004727	      0.01012885	      0.01096858	      0.01003105	      0.01726638	      0.01718719	      0.01241148	      0.01034091	      0.01013928	      0.01009084	      0.01005198	      0.01003146	      0.01001797	      0.01001891	      0.01008381	      0.01010109	      0.01011555	      0.01061453	      0.01050845	      0.01049792	      0.01104610	      0.06033015	      0.01039851	      0.01017870	      0.01084390	      0.05346820	      0.03736005	      0.02719745	      0.01002388	      0.01007018	      0.01001571	      0.02194577	      0.03398617	      0.01010439	      0.01004126	      0.01001492	      0.01002603	     -1.80728162	     -0.19364057	     -0.25606881	     -0.01566144	      0.00037000	      0.02685608	     -0.04511951	      0.00189901	     -0.00000000	     -0.00000000	      0.03332420	      0.02217507	      0.01885972	     -0.04569833	      0.00193440	      0.00000000	      0.00000000	      0.01907752	     -0.10246929	     -0.00977193	     -0.00379175	     -0.00165915	     -0.00520502	      0.12521992	     -0.05820710	      0.00689587	      0.06884788	      0.08377068	      0.10601163	     -0.04821129	      0.00139797	      0.06665036	      0.07280523
      5.06500000	      0.01414128	      0.03816705	      0.01006225	      0.01004468	      0.01012813	      0.01130264	      0.01002685	      0.01766824	      0.01774641	      0.01274432	      0.01032835	      0.01011901	      0.01005355	      0.01003263	      0.01002512	      0.01001479	      0.01001559	      0.01006801	      0.01006913	      0.01006814	      0.01058189	      0.01033647	      0.01022911	      0.01107573	      0.07503668	      0.01040523	      0.01016515	      0.01051638	      0.06616273	      0.05524282	      0.02957831	      0.01002053	      0.01006020	      0.01001266	      0.02771720	      0.03447367	      0.01008711	      0.01005300	      0.01001849	      0.01003294	      0.01310272	      0.03094739	      0.01006963	      0.01004879	      0.01015116	      0.01128315	      0.01003149	      0.01707783	      0.01752845	      0.01267154	      0.01039550	      0.01015231	      0.01009361	      0.01005322	      0.01003137	      0.01001803	      0.01001944	      0.01007859	      0.01009682	      0.01011142	      0.01065274	      0.01053849	      0.01054136	      0.01126376	      0.05896646	      0.01046469	      0.01019904	      0.01098204	      0.05267461	      0.03698203	      0.02664936	      0.01002408	      0.01007170	      0.01001636	      0.02119406	      0.03450747	      0.01011220	      0.01004280	      0.01001542	      0.01002693	     -1.73542535	     -0.14937186	     -0.19037482	     -0.01476582	     -0.00078581	      0.02928406	     -0.03766901	      0.00195569	     -0.00000000	      0.00000000	      0.03414609	      0.03558637	      0.01384883	     -0.04085371	      0.00147726	      0.00000000	     -0.00000000	      0.01795972	     -0.09533385	     -0.01074937	     -0.00328980	     -0.00103670	     -0.00476266	      0.12402096	     -0.05582046	      0.00817133	      0.06860390	      0.08521954	      0.10448884	     -0.04543755	      0.00211514	      0.06510866	      0.07430860
      5.07000000	      0.01377344	      0.03829693	      0.01006259	      0.01004500	      0.01012408	      0.01101084	      0.01002706	      0.01718846	      0.01762528	      0.01234662	      0.01025284	      0.01010521	      0.01005152	      0.01003090	      0.01002538	      0.01001496	      0.01001574	      0.01006979	      0.01006992	      0.01006772	      0.01043750	      0.01027057	      0.01019753	      0.01084658	      0.07372041	      0.01030508	      0.01013991	      0.01037573	      0.06521553	      0.05398687	      0.02921005	      0.01002055	      0.01006009	      0.01001144	      0.02704384	      0.03503058	      0.01007918	      0.01004335	      0.01001561	      0.01002719	      0.01316644	      0.03252229	      0.01006972	      0.01004929	      0.01014323	      0.01117574	      0.01003197	      0.01635692	      0.01738006	      0.01227391	      0.01029583	      0.01012688	      0.01007242	      0.01004213	      0.01003183	      0.01001836	      0.01001987	      0.01007892	      0.01009535	      0.01010679	      0.01043569	      0.01036727	      0.01038000	      0.01104500	      0.05781337	      0.01034394	      0.01016062	      0.01073436	      0.05226302	      0.03678145	      0.02599886	      0.01002438	      0.01007273	      0.01001410	      0.01999338	      0.03500115	      0.01009618	      0.01004220	      0.01001533	      0.01002672	     -1.66526308	     -0.09431636	     -0.12703875	     -0.01519411	     -0.00260240	      0.03204581	     -0.02971235	      0.00199943	      0.00000000	      0.00000000	      0.03376131	      0.04576749	      0.00908561	     -0.03536245	      0.00102163	      0.00000000	      0.00000000	      0.01705506	     -0.08491726	     -0.01127293	     -0.00286893	     -0.00046318	     -0.00442526	      0.12248518	     -0.05431219	      0.00926066	      0.06833568	      0.08677875	      0.10353758	     -0.04224460	      0.00233410	      0.06352775	      0.07587448
      5.07500000	      0.01573193	      0.03649267	      0.01008023	      0.01004977	      0.01028284	      0.01266468	      0.01002556	      0.01877935	      0.01981895	      0.01486950	      0.01099658	      0.01030478	      0.01010779	      0.01005983	      0.01002547	      0.01001491	      0.01001636	      0.01006221	      0.01008432	      0.01008811	      0.01187036	      0.01117882	      0.01073897	      0.01252436	      0.07218500	      0.01121047	      0.01046277	      0.01144517	      0.06359428	      0.05340531	      0.02965829	      0.01001757	      0.01005770	      0.01002381	      0.02791197	      0.03575793	      0.01020346	      0.01009439	      0.01002990	      0.01005555	      0.01614192	      0.03386914	      0.01014595	      0.01008181	      0.01051100	      0.01352213	      0.01004046	      0.01820886	      0.01962039	      0.01478628	      0.01116875	      0.01041347	      0.01021215	      0.01011387	      0.01003737	      0.01002143	      0.01002788	      0.01008031	      0.01014479	      0.01019252	      0.01157977	      0.01136328	      0.01142522	      0.01311775	      0.05667063	      0.01135067	      0.01056997	      0.01243796	      0.05179968	      0.03736254	      0.02640550	      0.01002756	      0.01011697	      0.01003378	      0.02101037	      0.03571894	      0.01028326	      0.01008077	      0.01002693	      0.01004820	     -1.59978209	     -0.02894159	     -0.06765876	     -0.01694553	     -0.00468092	      0.03521608	     -0.02168104	      0.00203556	     -0.00000000	     -0.00000000	      0.03212942	      0.05275258	      0.00480789	     -0.02952491	      0.00058487	     -0.00000000	      0.00000000	      0.01642293	     -0.07214436	     -0.01131126	     -0.00254557	      0.00004182	     -0.00415255	      0.12016151	     -0.05474759	      0.01047591	      0.06815417	      0.08828594	      0.10241385	     -0.03956461	      0.00225279	      0.06171980	      0.07760966
      5.08000000	      0.01517390	      0.03432758	      0.01008289	      0.01005227	      0.01027095	      0.01241878	      0.01002621	      0.01877372	      0.02014393	      0.01502482	      0.01099894	      0.01029614	      0.01010702	      0.01005827	      0.01002708	      0.01001578	      0.01001710	      0.01007767	      0.01009415	      0.01009342	      0.01209912	      0.01133371	      0.01081281	      0.01242876	      0.07084395	      0.01121790	      0.01045331	      0.01146426	      0.06216824	      0.05304775	      0.02968118	      0.01001581	      0.01005912	      0.01002205	      0.02833504	      0.03644262	      0.01019656	      0.01008159	      0.01002609	      0.01004790	      0.01714813	      0.03624000	      0.01016074	      0.01008635	      0.01061449	      0.01420500	      0.01004195	      0.01804618	      0.01989196	      0.01492515	      0.01117012	      0.01040037	      0.01018839	      0.01010071	      0.01003667	      0.01002127	      0.01002915	      0.01006684	      0.01012609	      0.01017085	      0.01141091	      0.01121859	      0.01133324	      0.01340454	      0.05601423	      0.01135774	      0.01055714	      0.01248562	      0.05209265	      0.03790907	      0.02610286	      0.01002829	      0.01012320	      0.01003118	      0.02027818	      0.03621677	      0.01027183	      0.01008233	      0.01002741	      0.01004910	     -1.54160759	      0.04570295	     -0.01352791	     -0.01999759	     -0.00664552	      0.03885269	     -0.01396080	      0.00206848	      0.00000000	      0.00000000	      0.02924018	      0.05663606	      0.00121600	     -0.02361305	      0.00018191	     -0.00000000	      0.00000000	      0.01610210	     -0.05789443	     -0.01085665	     -0.00233142	      0.00046347	     -0.00390604	      0.11825565	     -0.05574582	      0.01116291	      0.06809899	      0.08969953	      0.10258102	     -0.03610180	      0.00154330	      0.06012886	      0.07896850
      5.08500000	      0.01206005	      0.03150982	      0.01005983	      0.01004428	      0.01010905	      0.01059217	      0.01002709	      0.01701696	      0.01844741	      0.01254553	      0.01024654	      0.01010106	      0.01004631	      0.01002669	      0.01002666	      0.01001570	      0.01001585	      0.01008255	      0.01007558	      0.01006980	      0.01065235	      0.01036456	      0.01022658	      0.01060217	      0.06982253	      0.01029803	      0.01013431	      0.01036721	      0.06102186	      0.05302593	      0.02915166	      0.01002078	      0.01006081	      0.01000997	      0.02835033	      0.03723033	      0.01007611	      0.01004231	      0.01001526	      0.01002658	      0.01650394	      0.04003878	      0.01007843	      0.01005204	      0.01020863	      0.01280523	      0.01003249	      0.01545868	      0.01802320	      0.01243261	      0.01028481	      0.01011981	      0.01005950	      0.01003451	      0.01003094	      0.01001816	      0.01002117	      0.01006400	      0.01008210	      0.01009367	      0.01027886	      0.01024818	      0.01028768	      0.01150767	      0.05585418	      0.01033294	      0.01015197	      0.01073873	      0.05319924	      0.03843157	      0.02475324	      0.01002415	      0.01007454	      0.01001253	      0.01706406	      0.03669124	      0.01009078	      0.01004443	      0.01001620	      0.01002822	     -1.49291844	      0.12804103	      0.03439688	     -0.02429947	     -0.00815121	      0.04299221	     -0.00688220	      0.00210145	      0.00000000	      0.00000000	      0.02511554	      0.05757501	     -0.00153169	     -0.01786739	     -0.00017501	      0.00000000	      0.00000000	      0.01610692	     -0.04298704	     -0.00992800	     -0.00223176	      0.00079225	     -0.00365095	      0.11698521	     -0.05741160	      0.01139366	      0.06842802	      0.09099031	      0.10418075	     -0.03171332	      0.00011912	      0.05885107	      0.08005825
      5.09000000	      0.01130211	      0.02758511	      0.01005766	      0.01004333	      0.01010072	      0.01042188	      0.01002671	      0.01700055	      0.01872738	      0.01255571	      0.01023994	      0.01009969	      0.01004518	      0.01002573	      0.01002709	      0.01001592	      0.01001569	      0.01009079	      0.01007951	      0.01007205	      0.01080864	      0.01044065	      0.01025059	      0.01047956	      0.06891992	      0.01028870	      0.01013199	      0.01036551	      0.05965140	      0.05395223	      0.02953659	      0.01002054	      0.01006000	      0.01000956	      0.02975409	      0.03809402	      0.01007525	      0.01004106	      0.01001483	      0.01002583	      0.01839995	      0.04364441	      0.01008141	      0.01005261	      0.01024486	      0.01395503	      0.01003234	      0.01516754	      0.01819057	      0.01241873	      0.01027517	      0.01011735	      0.01005664	      0.01003277	      0.01003026	      0.01001786	      0.01002147	      0.01005833	      0.01007719	      0.01008930	      0.01023633	      0.01021564	      0.01025531	      0.01171876	      0.05584694	      0.01032085	      0.01014835	      0.01071050	      0.05439354	      0.03966912	      0.02452959	      0.01002378	      0.01007436	      0.01001209	      0.01606547	      0.03726339	      0.01008916	      0.01004508	      0.01001646	      0.01002867	     -1.45546208	      0.21605993	      0.07552923	     -0.02977781	     -0.00889412	      0.04765353	     -0.00071955	      0.00213685	      0.00000000	     -0.00000000	      0.01979916	      0.05579285	     -0.00331423	     -0.01249417	     -0.00047637	      0.00000000	     -0.00000000	      0.01642836	     -0.02817084	     -0.00856998	     -0.00224385	      0.00102428	     -0.00335939	      0.11563592	     -0.06081623	      0.01149811	      0.06895212	      0.09217046	      0.10586266	     -0.02786386	     -0.00154625	      0.05754831	      0.08116085
      5.09500000	      0.01075361	      0.02321426	      0.01005506	      0.01004204	      0.01009237	      0.01030413	      0.01002613	      0.01703109	      0.01901490	      0.01255087	      0.01023417	      0.01009873	      0.01004438	      0.01002500	      0.01002746	      0.01001608	      0.01001544	      0.01010288	      0.01008465	      0.01007510	      0.01103779	      0.01056000	      0.01028684	      0.01038084	      0.06834774	      0.01028009	      0.01013026	      0.01036921	      0.05848277	      0.05561214	      0.03016359	      0.01002012	      0.01005872	      0.01000921	      0.03158143	      0.03900136	      0.01007468	      0.01003980	      0.01001440	      0.01002506	      0.02071107	      0.04764910	      0.01008431	      0.01005294	      0.01029467	      0.01560841	      0.01003202	      0.01489674	      0.01834124	      0.01238538	      0.01026660	      0.01011559	      0.01005454	      0.01003145	      0.01002941	      0.01001746	      0.01002168	      0.01005282	      0.01007218	      0.01008487	      0.01020549	      0.01019129	      0.01022891	      0.01198003	      0.05615412	      0.01030962	      0.01014564	      0.01067812	      0.05597683	      0.04119516	      0.02442014	      0.01002329	      0.01007380	      0.01001174	      0.01510786	      0.03782807	      0.01008804	      0.01004566	      0.01001670	      0.01002907	     -1.43063518	      0.30743878	      0.10967722	     -0.03634506	     -0.00862160	      0.05284267	      0.00430443	      0.00217679	     -0.00000000	      0.00000000	      0.01334216	      0.05158009	     -0.00404129	     -0.00766269	     -0.00071501	      0.00000000	     -0.00000000	      0.01703648	     -0.01411530	     -0.00684830	     -0.00235640	      0.00116184	     -0.00301397	      0.11482950	     -0.06527025	      0.01121483	      0.06979237	      0.09314325	      0.10821268	     -0.02396884	     -0.00357638	      0.05644262	      0.08202702
      5.10000000	      0.01158091	      0.02031786	      0.01003825	      0.01003035	      0.01007086	      0.01076335	      0.01002437	      0.01875215	      0.02076488	      0.01487947	      0.01096134	      0.01032292	      0.01007639	      0.01004328	      0.01002369	      0.01001358	      0.01001201	      0.01033785	      0.01018030	      0.01013617	      0.01356030	      0.01251968	      0.01141585	      0.01091016	      0.06802714	      0.01114886	      0.01046905	      0.01154536	      0.05755689	      0.05818965	      0.03137725	      0.01001832	      0.01005206	      0.01002692	      0.03376032	      0.04004290	      0.01022474	      0.01016885	      0.01004889	      0.01010008	      0.02385971	      0.05110866	      0.01028147	      0.01012487	      0.01154058	      0.01933127	      0.01004854	      0.01681062	      0.02009409	      0.01467629	      0.01109689	      0.01041299	      0.01015870	      0.01008881	      0.01003689	      0.01002263	      0.01004275	      0.01003326	      0.01006975	      0.01010438	      0.01055019	      0.01048761	      0.01071742	      0.01460245	      0.05672573	      0.01125982	      0.01055458	      0.01225349	      0.05765256	      0.04325786	      0.02531469	      0.01002864	      0.01013157	      0.01003657	      0.01662189	      0.03859825	      0.01029291	      0.01014773	      0.01005224	      0.01009214	     -1.41956807	      0.39971136	      0.13703521	     -0.04390035	     -0.00713988	      0.05855259	      0.00801414	      0.00222346	      0.00000000	     -0.00000000	      0.00579904	      0.04528977	     -0.00365225	     -0.00350366	     -0.00088602	      0.00000000	     -0.00000000	      0.01788288	     -0.00140448	     -0.00484386	     -0.00254830	      0.00121267	     -0.00261065	      0.11452425	     -0.07049251	      0.01025956	      0.07126381	      0.09394833	      0.11077656	     -0.02090047	     -0.00566072	      0.05563567	      0.08286926
      5.10500000	      0.01031858	      0.01503273	      0.01004924	      0.01003873	      0.01007720	      0.01019710	      0.01002445	      0.01749741	      0.01975638	      0.01281642	      0.01024346	      0.01009910	      0.01004389	      0.01002426	      0.01002792	      0.01001619	      0.01001468	      0.01015620	      0.01009987	      0.01008401	      0.01203677	      0.01118882	      0.01048141	      0.01027542	      0.06830953	      0.01029323	      0.01013146	      0.01045983	      0.05709013	      0.06111756	      0.03215633	      0.01001886	      0.01005502	      0.01000871	      0.03616354	      0.04087250	      0.01007485	      0.01003772	      0.01001362	      0.01002373	      0.02607929	      0.05629232	      0.01009188	      0.01005325	      0.01054841	      0.02044842	      0.01003105	      0.01474517	      0.01877142	      0.01257447	      0.01027804	      0.01011634	      0.01005253	      0.01003001	      0.01002746	      0.01001649	      0.01002190	      0.01004344	      0.01006269	      0.01007607	      0.01016542	      0.01015722	      0.01019546	      0.01297305	      0.05753100	      0.01032488	      0.01014752	      0.01072158	      0.05999378	      0.04480209	      0.02458912	      0.01002206	      0.01007197	      0.01001130	      0.01374309	      0.03888355	      0.01008832	      0.01004687	      0.01001714	      0.01002985	     -1.42316945	      0.49042746	      0.15813747	     -0.05232409	     -0.00431695	      0.06476008	      0.01028012	      0.00227915	     -0.00000000	     -0.00000000	     -0.00276688	      0.03732897	     -0.00211893	     -0.00010934	     -0.00098666	     -0.00000000	     -0.00000000	      0.01890143	      0.00946891	     -0.00264793	     -0.00278961	      0.00119004	     -0.00216135	      0.11530516	     -0.07661940	      0.00920673	      0.07241850	      0.09421228	      0.11440815	     -0.01633404	     -0.00838648	      0.05486743	      0.08280042
      5.11000000	      0.01080433	      0.01493922	      0.01003011	      0.01002747	      0.01003715	      0.01043445	      0.01002134	      0.01948372	      0.02163228	      0.01538257	      0.01112757	      0.01038568	      0.01010186	      0.01005534	      0.01002957	      0.01001592	      0.01001156	      0.01090743	      0.01036819	      0.01025006	      0.01515855	      0.01404611	      0.01237167	      0.01065203	      0.06882641	      0.01133513	      0.01055794	      0.01208655	      0.05723156	      0.06496387	      0.03378036	      0.01001707	      0.01004522	      0.01003141	      0.03841404	      0.04198041	      0.01026899	      0.01016798	      0.01004539	      0.01009766	      0.02890159	      0.05988212	      0.01038907	      0.01015211	      0.01265704	      0.02392729	      0.01005645	      0.01701300	      0.02067635	      0.01509700	      0.01127574	      0.01049000	      0.01018415	      0.01010199	      0.01003761	      0.01002348	      0.01005133	      0.01002945	      0.01006089	      0.01009364	      0.01042056	      0.01037916	      0.01063476	      0.01599280	      0.05854968	      0.01145540	      0.01065593	      0.01251098	      0.06210864	      0.04701246	      0.02584406	      0.01003211	      0.01015688	      0.01004220	      0.01572705	      0.03967207	      0.01034821	      0.01017454	      0.01006118	      0.01010853	     -1.44214359	      0.57727049	      0.17379045	     -0.06147228	     -0.00008182	      0.07142427	      0.01102127	      0.00234600	      0.00000000	      0.00000000	     -0.01227733	      0.02814819	      0.00055518	      0.00246476	     -0.00101642	      0.00000000	      0.00000000	      0.02000926	      0.01810925	     -0.00035825	     -0.00304090	      0.00111165	     -0.00169488	      0.11689145	     -0.08236361	      0.00691092	      0.07439725	      0.09447725	      0.11778337	     -0.01357161	     -0.01086366	      0.05460908	      0.08304617
      5.11500000	      0.01018843	      0.01127072	      0.01004340	      0.01003494	      0.01006464	      0.01014545	      0.01002235	      0.01848178	      0.02067687	      0.01342031	      0.01027189	      0.01010110	      0.01004582	      0.01002474	      0.01002794	      0.01001598	      0.01001371	      0.01035110	      0.01013431	      0.01010258	      0.01375021	      0.01266534	      0.01107744	      0.01023049	      0.06963275	      0.01033572	      0.01013586	      0.01075396	      0.05718450	      0.06897299	      0.03501801	      0.01001719	      0.01005030	      0.01000841	      0.04134625	      0.04271621	      0.01007611	      0.01003453	      0.01001258	      0.01002181	      0.03142424	      0.06475860	      0.01009856	      0.01005261	      0.01116425	      0.02586199	      0.01002988	      0.01513437	      0.01936951	      0.01307438	      0.01031558	      0.01011929	      0.01005249	      0.01002969	      0.01002557	      0.01001551	      0.01002179	      0.01003649	      0.01005493	      0.01006841	      0.01013780	      0.01013258	      0.01017282	      0.01447141	      0.05947404	      0.01037640	      0.01015375	      0.01088138	      0.06448779	      0.04828081	      0.02520842	      0.01002081	      0.01006971	      0.01001104	      0.01318137	      0.03978032	      0.01008986	      0.01004695	      0.01001719	      0.01002992	     -1.47704097	      0.65813317	      0.18499808	     -0.07117298	      0.00557649	      0.07848807	      0.01020712	      0.00242569	     -0.00000000	      0.00000000	     -0.02263536	      0.01822881	      0.00434035	      0.00419705	     -0.00097691	     -0.00000000	      0.00000000	      0.02111095	      0.02422234	      0.00192469	     -0.00325700	      0.00099841	     -0.00126068	      0.11874080	     -0.08995905	      0.00493469	      0.07621184	      0.09381682	      0.12148930	     -0.00930294	     -0.01367896	      0.05424153	      0.08201137
      5.12000000	      0.01015505	      0.01072239	      0.01004090	      0.01003313	      0.01006000	      0.01012860	      0.01002128	      0.01904433	      0.02111805	      0.01372476	      0.01029932	      0.01010412	      0.01004825	      0.01002563	      0.01002771	      0.01001573	      0.01001321	      0.01049590	      0.01016274	      0.01011860	      0.01451577	      0.01350533	      0.01154043	      0.01021352	      0.07084178	      0.01037361	      0.01014190	      0.01101586	      0.05807839	      0.07335358	      0.03666018	      0.01001632	      0.01004792	      0.01000839	      0.04366017	      0.04359576	      0.01007794	      0.01003340	      0.01001216	      0.01002110	      0.03370905	      0.06836612	      0.01010334	      0.01005236	      0.01167158	      0.02824229	      0.01002940	      0.01538804	      0.01964241	      0.01332292	      0.01035083	      0.01012409	      0.01005384	      0.01003026	      0.01002476	      0.01001508	      0.01002174	      0.01003393	      0.01005187	      0.01006523	      0.01012738	      0.01012314	      0.01016442	      0.01522664	      0.06044033	      0.01042141	      0.01016239	      0.01098346	      0.06658239	      0.04955736	      0.02562783	      0.01002028	      0.01006888	      0.01001110	      0.01303316	      0.04016266	      0.01009257	      0.01004698	      0.01001717	      0.01002991	     -1.52835096	      0.73119408	      0.19289137	     -0.08122670	      0.01260844	      0.08588072	      0.00785672	      0.00251937	      0.00000000	     -0.00000000	     -0.03372504	      0.00806811	      0.00918707	      0.00509628	     -0.00087161	      0.00000000	     -0.00000000	      0.02210465	      0.02761769	      0.00410241	     -0.00338846	      0.00087392	     -0.00092885	      0.12185580	     -0.09613713	      0.00208628	      0.07847073	      0.09300338	      0.12481622	     -0.00629707	     -0.01627845	      0.05437533	      0.08098069
      5.12500000	      0.01013258	      0.01040054	      0.01003895	      0.01003153	      0.01005715	      0.01011802	      0.01002026	      0.01949889	      0.02141503	      0.01386805	      0.01033259	      0.01011013	      0.01005129	      0.01002686	      0.01002718	      0.01001533	      0.01001274	      0.01059068	      0.01019354	      0.01013911	      0.01493890	      0.01409769	      0.01196895	      0.01018593	      0.07238399	      0.01041445	      0.01015277	      0.01131214	      0.05960893	      0.07768168	      0.03834968	      0.01001548	      0.01004574	      0.01000855	      0.04553570	      0.04444238	      0.01008155	      0.01003232	      0.01001173	      0.01002037	      0.03553103	      0.07122333	      0.01011170	      0.01005264	      0.01226275	      0.03016850	      0.01002914	      0.01551659	      0.01975334	      0.01341715	      0.01039183	      0.01013418	      0.01005750	      0.01003198	      0.01002409	      0.01001473	      0.01002182	      0.01003190	      0.01004938	      0.01006258	      0.01011880	      0.01011541	      0.01015608	      0.01581363	      0.06126398	      0.01046851	      0.01017818	      0.01104357	      0.06837072	      0.05025199	      0.02602272	      0.01001992	      0.01006871	      0.01001148	      0.01277761	      0.04050922	      0.01009873	      0.01004732	      0.01001722	      0.01003004	     -1.59655390	      0.79501708	      0.19867691	     -0.09141073	      0.02090353	      0.09352072	      0.00403470	      0.00262773	      0.00000000	      0.00000000	     -0.04541611	     -0.00183637	      0.01503180	      0.00519756	     -0.00070566	     -0.00000000	     -0.00000000	      0.02288526	      0.02820972	      0.00608456	     -0.00338468	      0.00076312	     -0.00079071	      0.12592091	     -0.10131475	     -0.00104365	      0.08093290	      0.09179201	      0.12766330	     -0.00380416	     -0.01872207	      0.05487744	      0.07954257
      5.13000000	      0.01012425	      0.01035495	      0.01003719	      0.01003007	      0.01005450	      0.01011286	      0.01001933	      0.02004265	      0.02173579	      0.01405348	      0.01036067	      0.01011524	      0.01005609	      0.01002873	      0.01002649	      0.01001488	      0.01001232	      0.01054879	      0.01020420	      0.01015219	      0.01505267	      0.01438858	      0.01226112	      0.01017905	      0.07408776	      0.01044934	      0.01016170	      0.01162042	      0.06159415	      0.08164540	      0.04002346	      0.01001472	      0.01004375	      0.01000870	      0.04691766	      0.04521722	      0.01008483	      0.01003113	      0.01001130	      0.01001963	      0.03680211	      0.07314159	      0.01011544	      0.01005235	      0.01271559	      0.03156824	      0.01002897	      0.01575787	      0.01988789	      0.01354586	      0.01042727	      0.01014253	      0.01006167	      0.01003393	      0.01002363	      0.01001449	      0.01002182	      0.01003038	      0.01004752	      0.01006060	      0.01011242	      0.01010966	      0.01014969	      0.01629730	      0.06177640	      0.01050962	      0.01019115	      0.01110192	      0.06966360	      0.05011717	      0.02642640	      0.01001970	      0.01006866	      0.01001180	      0.01265928	      0.04076654	      0.01010397	      0.01004672	      0.01001697	      0.01002963	     -1.68207419	      0.84864201	      0.20359432	     -0.10148532	      0.03029241	      0.10131908	     -0.00115276	      0.00275124	      0.00000000	      0.00000000	     -0.05757091	     -0.01100188	      0.02180133	      0.00455830	     -0.00048543	      0.00000000	     -0.00000000	      0.02334394	      0.02601821	      0.00779481	     -0.00319694	      0.00069097	     -0.00095435	      0.13059545	     -0.10535790	     -0.00434962	      0.08353457	      0.09014343	      0.12968417	     -0.00181745	     -0.02092605	      0.05569846	      0.07762723
      5.13500000	      0.01012458	      0.01047955	      0.01003580	      0.01002883	      0.01005256	      0.01011209	      0.01001853	      0.02061106	      0.02202973	      0.01423770	      0.01039428	      0.01012188	      0.01006337	      0.01003152	      0.01002567	      0.01001439	      0.01001196	      0.01042839	      0.01019660	      0.01015671	      0.01485332	      0.01435022	      0.01238960	      0.01018146	      0.07581770	      0.01049017	      0.01017313	      0.01193772	      0.06394053	      0.08487770	      0.04159639	      0.01001407	      0.01004209	      0.01000895	      0.04767901	      0.04591822	      0.01008908	      0.01002997	      0.01001088	      0.01001891	      0.03738246	      0.07388154	      0.01011832	      0.01005212	      0.01302270	      0.03230753	      0.01002905	      0.01605823	      0.01998646	      0.01366951	      0.01046998	      0.01015364	      0.01006813	      0.01003693	      0.01002338	      0.01001438	      0.01002189	      0.01002935	      0.01004628	      0.01005928	      0.01010789	      0.01010559	      0.01014541	      0.01663945	      0.06185282	      0.01055798	      0.01020799	      0.01116415	      0.07029441	      0.04892321	      0.02678626	      0.01001970	      0.01006925	      0.01001229	      0.01260561	      0.04092239	      0.01011096	      0.01004576	      0.01001659	      0.01002899	     -1.78516749	      0.89162021	      0.20885548	     -0.11120147	      0.04055254	      0.10918230	     -0.00756156	      0.00289030	      0.00000000	     -0.00000000	     -0.07005026	     -0.01897579	      0.02941628	      0.00325384	     -0.00021819	      0.00000000	      0.00000000	      0.02336725	      0.02116715	      0.00917422	     -0.00278061	      0.00068174	     -0.00153748	      0.13565111	     -0.10793433	     -0.00777830	      0.08625398	      0.08810829	      0.13059881	     -0.00045858	     -0.02281484	      0.05689173	      0.07526080
      5.14000000	      0.01013788	      0.01089467	      0.01003477	      0.01002783	      0.01005132	      0.01011718	      0.01001789	      0.02124830	      0.02234187	      0.01449345	      0.01045139	      0.01013325	      0.01007675	      0.01003647	      0.01002483	      0.01001391	      0.01001168	      0.01030143	      0.01017879	      0.01015508	      0.01445344	      0.01407385	      0.01239521	      0.01020009	      0.07739047	      0.01055916	      0.01019302	      0.01229432	      0.06647562	      0.08699112	      0.04298493	      0.01001355	      0.01004083	      0.01000939	      0.04773884	      0.04653078	      0.01009608	      0.01002882	      0.01001046	      0.01001819	      0.03716632	      0.07324430	      0.01012306	      0.01005233	      0.01316060	      0.03230040	      0.01002948	      0.01649532	      0.02009569	      0.01385716	      0.01054222	      0.01017313	      0.01007991	      0.01004227	      0.01002337	      0.01001441	      0.01002211	      0.01002881	      0.01004565	      0.01005860	      0.01010516	      0.01010311	      0.01014488	      0.01688136	      0.06136055	      0.01063929	      0.01023745	      0.01127434	      0.07010161	      0.04644565	      0.02709769	      0.01001999	      0.01007098	      0.01001315	      0.01267799	      0.04093952	      0.01012294	      0.01004471	      0.01001616	      0.01002827	     -1.90581899	      0.92398180	      0.21556640	     -0.12030813	      0.05141618	      0.11701420	     -0.01501334	      0.00304536	     -0.00000000	     -0.00000000	     -0.08271904	     -0.02535312	      0.03779434	      0.00137246	      0.00008829	      0.00000000	     -0.00000000	      0.02284027	      0.01388225	      0.01018151	     -0.00209765	      0.00075730	     -0.00265962	      0.14073869	     -0.10884054	     -0.01129088	      0.08906855	      0.08573317	      0.13012849	      0.00018772	     -0.02433519	      0.05849001	      0.07245474
      5.14500000	      0.01017484	      0.01167785	      0.01003409	      0.01002706	      0.01005077	      0.01013453	      0.01001744	      0.02184713	      0.02257658	      0.01468383	      0.01050633	      0.01014634	      0.01009750	      0.01004384	      0.01002402	      0.01001348	      0.01001149	      0.01019412	      0.01015119	      0.01014416	      0.01384144	      0.01354953	      0.01221794	      0.01023265	      0.07858714	      0.01062266	      0.01021477	      0.01257433	      0.06892890	      0.08758180	      0.04410959	      0.01001320	      0.01004003	      0.01000994	      0.04710132	      0.04704621	      0.01010437	      0.01002772	      0.01001004	      0.01001750	      0.03608355	      0.07109803	      0.01012534	      0.01005255	      0.01303463	      0.03148523	      0.01003030	      0.01694662	      0.02009319	      0.01397224	      0.01061280	      0.01019660	      0.01009897	      0.01005067	      0.01002365	      0.01001461	      0.01002244	      0.01002875	      0.01004572	      0.01005873	      0.01010432	      0.01010244	      0.01014652	      0.01689854	      0.06019631	      0.01071532	      0.01027081	      0.01135805	      0.06896155	      0.04245405	      0.02727781	      0.01002062	      0.01007375	      0.01001430	      0.01274588	      0.04076859	      0.01013791	      0.01004321	      0.01001558	      0.01002730	     -2.04368673	      0.94616166	      0.22465641	     -0.12855621	      0.06257890	      0.12471540	     -0.02329847	      0.00321678	      0.00000000	     -0.00000000	     -0.09544990	     -0.02979407	      0.04685126	     -0.00098930	      0.00042597	     -0.00000000	     -0.00000000	      0.02165397	      0.00448877	      0.01079187	     -0.00111907	      0.00093517	     -0.00443319	      0.14538860	     -0.10811980	     -0.01483178	      0.09200054	      0.08310892	      0.12806170	      0.00005614	     -0.02543686	      0.06056293	      0.06926579
      5.15000000	      0.01023547	      0.01286151	      0.01003381	      0.01002657	      0.01005107	      0.01016498	      0.01001721	      0.02236139	      0.02267119	      0.01470774	      0.01051952	      0.01015294	      0.01012226	      0.01005215	      0.01002333	      0.01001313	      0.01001140	      0.01012042	      0.01011943	      0.01012417	      0.01302659	      0.01279791	      0.01183487	      0.01026975	      0.07919990	      0.01063383	      0.01022342	      0.01266006	      0.07103149	      0.08626647	      0.04489818	      0.01001303	      0.01003976	      0.01001034	      0.04578148	      0.04743979	      0.01010934	      0.01002675	      0.01000966	      0.01001688	      0.03409335	      0.06736394	      0.01011988	      0.01005224	      0.01255572	      0.02983216	      0.01003147	      0.01733878	      0.01988519	      0.01390958	      0.01063493	      0.01021076	      0.01012267	      0.01006081	      0.01002431	      0.01001504	      0.01002280	      0.01002928	      0.01004671	      0.01006008	      0.01010521	      0.01010362	      0.01014745	      0.01660107	      0.05828540	      0.01073380	      0.01028748	      0.01134203	      0.06679029	      0.03675782	      0.02727589	      0.01002166	      0.01007689	      0.01001535	      0.01271882	      0.04032272	      0.01014816	      0.01004116	      0.01001484	      0.01002602	     -2.19805029	      0.95892327	      0.23684693	     -0.13570101	      0.07370822	      0.13218072	     -0.03217760	      0.00340468	      0.00000000	      0.00000000	     -0.10812316	     -0.03203883	      0.05649726	     -0.00372964	      0.00078660	      0.00000000	     -0.00000000	      0.01971323	     -0.00658914	      0.01099691	      0.00017211	      0.00122745	     -0.00695512	      0.14913779	     -0.10585849	     -0.01832759	      0.09508269	      0.08032959	      0.12425790	     -0.00091382	     -0.02610931	      0.06319782	      0.06573463
      5.15500000	      0.01030201	      0.01446747	      0.01003394	      0.01002636	      0.01005228	      0.01019886	      0.01001724	      0.02278229	      0.02258607	      0.01453313	      0.01048711	      0.01015189	      0.01014459	      0.01005919	      0.01002287	      0.01001292	      0.01001144	      0.01008503	      0.01009683	      0.01010616	      0.01212869	      0.01195534	      0.01134443	      0.01029313	      0.07905919	      0.01058884	      0.01021717	      0.01253674	      0.07256741	      0.08269420	      0.04528190	      0.01001306	      0.01004012	      0.01001057	      0.04377362	      0.04768835	      0.01011026	      0.01002574	      0.01000926	      0.01001622	      0.03115955	      0.06198176	      0.01010964	      0.01005178	      0.01184060	      0.02731805	      0.01003321	      0.01767559	      0.01941241	      0.01363913	      0.01060300	      0.01021353	      0.01015373	      0.01007384	      0.01002545	      0.01001576	      0.01002333	      0.01003050	      0.01004885	      0.01006298	      0.01010830	      0.01010719	      0.01014856	      0.01597937	      0.05559733	      0.01068959	      0.01028461	      0.01122249	      0.06354112	      0.02926303	      0.02707537	      0.01002330	      0.01008069	      0.01001637	      0.01257372	      0.03953344	      0.01015267	      0.01003886	      0.01001401	      0.01002459	     -2.36773986	      0.96328898	      0.25268332	     -0.14150828	      0.08445351	      0.13929618	     -0.04138456	      0.00360846	     -0.00000000	      0.00000000	     -0.12062753	     -0.03192371	      0.06663166	     -0.00674456	      0.00116184	      0.00000000	     -0.00000000	      0.01694437	     -0.01882723	      0.01080481	      0.00177981	      0.00163989	     -0.01029980	      0.15159952	     -0.10208100	     -0.02168007	      0.09834535	      0.07751641	      0.11865619	     -0.00282886	     -0.02634857	      0.06651139	      0.06193914
      5.16000000	      0.01040061	      0.01674000	      0.01003444	      0.01002643	      0.01005417	      0.01024731	      0.01001758	      0.02323654	      0.02246132	      0.01438363	      0.01047148	      0.01015481	      0.01018109	      0.01007047	      0.01002269	      0.01001286	      0.01001161	      0.01007039	      0.01008569	      0.01009705	      0.01144288	      0.01131850	      0.01097365	      0.01033370	      0.07799632	      0.01056404	      0.01021758	      0.01240588	      0.07329636	      0.07657991	      0.04520326	      0.01001336	      0.01004123	      0.01001097	      0.04111766	      0.04777188	      0.01011355	      0.01002460	      0.01000883	      0.01001549	      0.02731818	      0.05490491	      0.01010190	      0.01005179	      0.01119996	      0.02403299	      0.01003551	      0.01821541	      0.01886907	      0.01338798	      0.01059222	      0.01022486	      0.01021912	      0.01010012	      0.01002708	      0.01001678	      0.01002409	      0.01003250	      0.01005213	      0.01006731	      0.01011470	      0.01011404	      0.01015711	      0.01527191	      0.05207608	      0.01066922	      0.01029306	      0.01114185	      0.05914608	      0.02015860	      0.02675534	      0.01002553	      0.01008560	      0.01001816	      0.01251812	      0.03843120	      0.01016316	      0.01003658	      0.01001315	      0.01002313	     -2.55106349	      0.96045964	      0.27260279	     -0.14576533	      0.09445725	      0.14593815	     -0.05063222	      0.00382626	     -0.00000000	     -0.00000000	     -0.13286407	     -0.02940206	      0.07714049	     -0.00993216	      0.00154339	     -0.00000000	     -0.00000000	      0.01330340	     -0.03159868	      0.01023988	      0.00369434	      0.00217147	     -0.01451258	      0.15236098	     -0.09691066	     -0.02476639	      0.10177680	      0.07482725	      0.11114774	     -0.00574967	     -0.02614131	      0.07072071	      0.05809319
      5.16500000	      0.01047869	      0.01932802	      0.01003539	      0.01002682	      0.01005687	      0.01028723	      0.01001829	      0.02359459	      0.02213562	      0.01399867	      0.01041471	      0.01015076	      0.01020607	      0.01007793	      0.01002279	      0.01001296	      0.01001193	      0.01006254	      0.01007985	      0.01009257	      0.01086726	      0.01079431	      0.01064205	      0.01035298	      0.07592453	      0.01048890	      0.01020500	      0.01207521	      0.07306072	      0.06772308	      0.04462815	      0.01001398	      0.01004330	      0.01001118	      0.03787931	      0.04769856	      0.01011298	      0.01002342	      0.01000838	      0.01001474	      0.02277919	      0.04628593	      0.01009998	      0.01005424	      0.01069951	      0.02020102	      0.01004303	      0.01911317	      0.01813033	      0.01293569	      0.01052436	      0.01022064	      0.01036211	      0.01015645	      0.01002979	      0.01001848	      0.01002594	      0.01003564	      0.01005740	      0.01007442	      0.01012593	      0.01012602	      0.01017054	      0.01453898	      0.04720029	      0.01058508	      0.01027820	      0.01096584	      0.05318989	      0.01124915	      0.02607917	      0.01003244	      0.01011145	      0.01001967	      0.01209853	      0.03730812	      0.01016488	      0.01003251	      0.01001165	      0.01002054	     -2.74573414	      0.95172237	      0.29696953	     -0.14829387	      0.10336659	      0.15197645	     -0.05961875	      0.00405456	      0.00000000	      0.00000000	     -0.14474863	     -0.02456189	      0.08789675	     -0.01319459	      0.00192325	     -0.00000000	      0.00000000	      0.00878435	     -0.04417124	      0.00934538	      0.00588484	      0.00281557	     -0.01959979	      0.15116536	     -0.09053006	     -0.02748361	      0.10541189	      0.07246457	      0.10077622	     -0.00888853	     -0.02536122	      0.07789119	      0.05478812
      5.17000000	      0.01061360	      0.02209126	      0.01003675	      0.01002740	      0.01006084	      0.01035865	      0.01001947	      0.02400146	      0.02186314	      0.01368121	      0.01038996	      0.01015475	      0.01024187	      0.01009051	      0.01002293	      0.01001310	      0.01001237	      0.01005506	      0.01007521	      0.01009064	      0.01056028	      0.01052042	      0.01046492	      0.01040578	      0.07281588	      0.01045223	      0.01020549	      0.01178236	      0.07172973	      0.05619812	      0.04355968	      0.01001504	      0.01004669	      0.01001185	      0.03420604	      0.04757307	      0.01011765	      0.01002184	      0.01000778	      0.01001372	      0.01830797	      0.03634969	      0.01014890	      0.01007858	      0.01066244	      0.01671218	      0.01017148	      0.02224427	      0.01775329	      0.01263897	      0.01048446	      0.01022212	      0.01118886	      0.01049464	      0.01003823	      0.01002424	      0.01003792	      0.01004010	      0.01006556	      0.01008556	      0.01014064	      0.01014023	      0.01019280	      0.01514508	      0.03879417	      0.01053469	      0.01027303	      0.01085800	      0.04384817	      0.01011593	      0.02455192	      0.01023612	      0.01057557	      0.01002153	      0.01090845	      0.03707470	      0.01016995	      0.01002146	      0.01000764	      0.01001353	     -2.94880971	      0.93835567	      0.32604469	     -0.14896328	      0.11084476	      0.15728012	     -0.06803155	      0.00428821	     -0.00000000	      0.00000000	     -0.15621047	     -0.01763164	      0.09876070	     -0.01643494	      0.00229382	     -0.00000000	      0.00000000	      0.00342571	     -0.05570549	      0.00818784	      0.00828837	      0.00356092	     -0.02551773	      0.14783460	     -0.08326554	     -0.02968007	      0.10916402	      0.07075036	      0.08334800	     -0.00912237	     -0.02343432	      0.09586325	      0.05336029
      5.17500000	      0.01095690	      0.02455274	      0.01005147	      0.01003796	      0.01008687	      0.01055631	      0.01002820	      0.02454798	      0.02193459	      0.01377352	      0.01045452	      0.01019549	      0.01033996	      0.01012603	      0.01003149	      0.01001809	      0.01001739	      0.01006898	      0.01009631	      0.01011704	      0.01049455	      0.01046690	      0.01044956	      0.01060992	      0.06875793	      0.01051922	      0.01025411	      0.01174717	      0.06929571	      0.04224796	      0.04206165	      0.01002211	      0.01006839	      0.01001540	      0.03033103	      0.04764232	      0.01015074	      0.01002786	      0.01000990	      0.01001749	      0.01422093	      0.02543581	      0.01016892	      0.01009901	      0.01049290	      0.01356028	      0.01049284	      0.02496069	      0.01810373	      0.01278705	      0.01054774	      0.01026891	      0.01266878	      0.01109178	      0.01005615	      0.01003544	      0.01005038	      0.01006163	      0.01010101	      0.01013343	      0.01021882	      0.01022227	      0.01030221	      0.01502835	      0.03259923	      0.01059938	      0.01032446	      0.01094600	      0.03601205	      0.01008334	      0.02408815	      0.01401432	      0.01198711	      0.01002749	      0.01094549	      0.03787713	      0.01020958	      0.01002859	      0.01001011	      0.01001797	     -3.15667510	      0.92152551	      0.35992355	     -0.14770592	      0.11658134	      0.16172333	     -0.07555070	      0.00452048	      0.00000000	     -0.00000000	     -0.16719202	     -0.00897547	      0.10957966	     -0.01955189	      0.00264777	     -0.00000000	      0.00000000	     -0.00269266	     -0.06525531	      0.00684323	      0.01082677	      0.00438630	     -0.03217991	      0.14236494	     -0.07542376	     -0.03116136	      0.11292482	      0.07012490	      0.06965555	     -0.01391598	     -0.02180778	      0.10942022	      0.05402417
      5.18000000	      0.01152954	      0.02608047	      0.01004123	      0.01002970	      0.01007341	      0.01086072	      0.01002167	      0.02506531	      0.02213946	      0.01413150	      0.01052479	      0.01019284	      0.01041321	      0.01013474	      0.01002416	      0.01001389	      0.01001373	      0.01004801	      0.01007206	      0.01009246	      0.01047247	      0.01044634	      0.01044837	      0.01091328	      0.06361972	      0.01060857	      0.01026447	      0.01190778	      0.06557114	      0.02606677	      0.03999408	      0.01001631	      0.01005393	      0.01001338	      0.02615254	      0.04784386	      0.01014246	      0.01002182	      0.01000770	      0.01001364	      0.01159179	      0.01494286	      0.01010325	      0.01006710	      0.01022509	      0.01143521	      0.01043920	      0.02588114	      0.01865693	      0.01320140	      0.01063709	      0.01028001	      0.01354535	      0.01154165	      0.01004719	      0.01002867	      0.01003459	      0.01006380	      0.01011169	      0.01017078	      0.01037850	      0.01041740	      0.01059443	      0.01344177	      0.03031107	      0.01070353	      0.01034974	      0.01117611	      0.03096911	      0.01004940	      0.02538126	      0.02378828	      0.01242310	      0.01002474	      0.01239419	      0.03882532	      0.01020929	      0.01002052	      0.01000718	      0.01001282	     -3.36506319	      0.90217301	      0.39848270	     -0.14453365	      0.12030087	      0.16519017	     -0.08185404	      0.00474313	      0.00000000	     -0.00000000	     -0.17765309	      0.00091783	      0.12018825	     -0.02243590	      0.00297789	     -0.00000000	      0.00000000	     -0.00945786	     -0.07177159	      0.00537370	      0.01343877	      0.00525248	     -0.03947512	      0.13452093	     -0.06705273	     -0.03179111	      0.11686477	      0.07071524	      0.06323889	     -0.02687816	     -0.02105029	      0.11486915	      0.05561231
      5.18500000	      0.01305858	      0.02653434	      0.01005130	      0.01003455	      0.01011069	      0.01203183	      0.01002923	      0.02672922	      0.02353639	      0.01572640	      0.01098130	      0.01030959	      0.01098582	      0.01031920	      0.01002585	      0.01001489	      0.01001586	      0.01004185	      0.01007624	      0.01011461	      0.01080295	      0.01076316	      0.01080360	      0.01265769	      0.05656125	      0.01114235	      0.01045490	      0.01292480	      0.05958803	      0.01139158	      0.03746948	      0.01002343	      0.01009026	      0.01001834	      0.02240396	      0.04895524	      0.01021511	      0.01001965	      0.01000685	      0.01001221	      0.01077520	      0.01105463	      0.01007447	      0.01006250	      0.01010755	      0.01075947	      0.01095310	      0.02732649	      0.02056388	      0.01481114	      0.01116872	      0.01046256	      0.01456585	      0.01217104	      0.01011206	      0.01005848	      0.01003401	      0.01037475	      0.01079152	      0.01156880	      0.01172397	      0.01210131	      0.01255093	      0.01301228	      0.02811107	      0.01129520	      0.01060467	      0.01222036	      0.02582454	      0.01004352	      0.02750458	      0.03331589	      0.01388431	      0.01003369	      0.01635346	      0.04092417	      0.01032622	      0.01001852	      0.01000639	      0.01001148	     -3.56905797	      0.88090405	      0.44133196	     -0.13955769	      0.12177260	      0.16758218	     -0.08662233	      0.00494661	      0.00000000	      0.00000000	     -0.18757874	      0.01144607	      0.13041039	     -0.02496753	      0.00327697	     -0.00000000	      0.00000000	     -0.01669878	     -0.07410919	      0.00387147	      0.01600378	      0.00611823	     -0.04722565	      0.12214017	     -0.05751709	     -0.03116965	      0.12438989	      0.07356210	      0.05534527	     -0.04332346	     -0.02095492	      0.12072534	      0.05942001
      5.19000000	      0.01245344	      0.02459467	      0.01006242	      0.01004321	      0.01012418	      0.01168393	      0.01012520	      0.03045489	      0.02317695	      0.01448142	      0.01042470	      0.01014161	      0.01129890	      0.01033607	      0.01003375	      0.01001993	      0.01002100	      0.01005459	      0.01008118	      0.01010479	      0.01028809	      0.01027284	      0.01030786	      0.01441827	      0.04473122	      0.01050956	      0.01019588	      0.01146267	      0.04896360	      0.01004984	      0.03336837	      0.01033034	      0.01062111	      0.01001007	      0.01447245	      0.05014335	      0.01010562	      0.01001598	      0.01000558	      0.01000997	      0.01009361	      0.01007305	      0.01005773	      0.01004801	      0.01007459	      0.01009444	      0.01049924	      0.02807092	      0.01973119	      0.01351411	      0.01052599	      0.01019944	      0.01388072	      0.01149033	      0.01011364	      0.01005764	      0.01003016	      0.01090307	      0.01199763	      0.01445222	      0.01230626	      0.01326226	      0.01368245	      0.01085967	      0.02533206	      0.01059912	      0.01025785	      0.01133984	      0.01990193	      0.01004681	      0.02891149	      0.04412552	      0.01294279	      0.01001658	      0.01882349	      0.04143917	      0.01014711	      0.01001829	      0.01000639	      0.01001145	     -3.76310589	      0.85792985	      0.48778385	     -0.13300399	      0.12082067	      0.16882861	     -0.08954263	      0.00512056	     -0.00000000	     -0.00000000	     -0.19698507	      0.02190203	      0.14006122	     -0.02701648	      0.00353792	     -0.00000000	     -0.00000000	     -0.02414661	     -0.07103357	      0.00253939	      0.01822650	      0.00696645	     -0.05512509	      0.09957809	     -0.04212544	     -0.02949168	      0.15016043	      0.07839273	      0.04901749	     -0.06081534	     -0.02055182	      0.12969014	      0.06295210
      5.19500000	      0.01231871	      0.02166356	      0.01006866	      0.01004567	      0.01014675	      0.01171835	      0.01018930	      0.03191070	      0.02399278	      0.01481568	      0.01048092	      0.01016106	      0.01120417	      0.01031209	      0.01003354	      0.01001988	      0.01002221	      0.01004564	      0.01007761	      0.01011203	      0.01037685	      0.01036887	      0.01042677	      0.01572535	      0.04013597	      0.01057475	      0.01022469	      0.01177057	      0.04427816	      0.01003735	      0.03228764	      0.01922753	      0.01206396	      0.01001107	      0.01331643	      0.05167748	      0.01011906	      0.01001394	      0.01000482	      0.01000866	      0.01008566	      0.01005931	      0.01004590	      0.01004384	      0.01004982	      0.01008632	      0.01073086	      0.02947195	      0.02051039	      0.01382592	      0.01057979	      0.01022007	      0.01359001	      0.01125394	      0.01018616	      0.01008774	      0.01002877	      0.01277520	      0.01544844	      0.02044442	      0.01389217	      0.01572887	      0.01623116	      0.01070109	      0.02438571	      0.01066328	      0.01028710	      0.01159995	      0.01730567	      0.01003953	      0.03091526	      0.05332892	      0.01354712	      0.01001761	      0.02210841	      0.04300103	      0.01016199	      0.01001618	      0.01000560	      0.01001008	     -3.94099378	      0.83303749	      0.53682753	     -0.12523037	      0.11733109	      0.16889928	     -0.09031214	      0.00525470	      0.00000000	     -0.00000000	     -0.20592415	      0.03148120	      0.14894945	     -0.02843929	      0.00375411	     -0.00000000	      0.00000000	     -0.03154531	     -0.06124374	      0.00152060	      0.01986743	      0.00775436	     -0.06287056	      0.09101323	     -0.03935725	     -0.02836778	      0.16085209	      0.08497019	      0.04666008	     -0.07267986	     -0.02133479	      0.13912292	      0.06918886
      5.20000000	      0.01087435	      0.01803494	      0.01005880	      0.01004274	      0.01009946	      0.01064197	      0.01014501	      0.03212607	      0.02365216	      0.01352433	      0.01023889	      0.01010624	      0.01036807	      0.01010211	      0.01003725	      0.01002204	      0.01002194	      0.01006250	      0.01009275	      0.01011708	      0.01023943	      0.01024020	      0.01026211	      0.01445162	      0.03857396	      0.01027395	      0.01013767	      0.01098473	      0.04251018	      0.01003663	      0.03236322	      0.03412321	      0.01203021	      0.01000795	      0.01204523	      0.05165311	      0.01008226	      0.01001374	      0.01000474	      0.01000855	      0.01011101	      0.01009408	      0.01004826	      0.01004192	      0.01005821	      0.01011565	      0.01040555	      0.03092318	      0.02012241	      0.01259151	      0.01026941	      0.01012786	      0.01233035	      0.01050817	      0.01010337	      0.01005459	      0.01002753	      0.01543615	      0.01949865	      0.02638008	      0.01399410	      0.01718020	      0.01792451	      0.01031483	      0.02406991	      0.01030265	      0.01015793	      0.01084916	      0.01543523	      0.01003769	      0.03313410	      0.06237276	      0.01280420	      0.01001133	      0.02486835	      0.04346616	      0.01009935	      0.01001542	      0.01000533	      0.01000961	     -4.09587970	      0.80561095	      0.58713442	     -0.11673287	      0.11125059	      0.16781243	     -0.08864880	      0.00533971	     -0.00000000	     -0.00000000	     -0.21448962	      0.03930289	      0.15688347	     -0.02907924	      0.00391969	      0.00000000	     -0.00000000	     -0.03884069	     -0.04340124	      0.00058865	      0.02131558	      0.00829968	     -0.07049718	      0.08904696	     -0.04101858	     -0.02804987	      0.16660811	      0.09046860	      0.04676034	     -0.08318613	     -0.02271679	      0.15060126	      0.07564533
      5.20500000	      0.01074430	      0.01337414	      0.01006006	      0.01004387	      0.01009985	      0.01063922	      0.01031931	      0.03229647	      0.02481274	      0.01485823	      0.01038385	      0.01012707	      0.01037461	      0.01011917	      0.01004103	      0.01002391	      0.01002299	      0.01007300	      0.01012694	      0.01018999	      0.01059050	      0.01063637	      0.01073324	      0.01446836	      0.03657621	      0.01046405	      0.01017636	      0.01252212	      0.03906426	      0.01003194	      0.03280708	      0.04806271	      0.01430814	      0.01000850	      0.01376037	      0.05336100	      0.01009429	      0.01001306	      0.01000447	      0.01000810	      0.01009746	      0.01007344	      0.01004303	      0.01003928	      0.01004909	      0.01010140	      0.01094498	      0.03241100	      0.02142549	      0.01387464	      0.01044821	      0.01016500	      0.01216255	      0.01060334	      0.01016115	      0.01007359	      0.01002631	      0.01832705	      0.02310836	      0.03092259	      0.01584480	      0.01954212	      0.02075561	      0.01053355	      0.02469892	      0.01052547	      0.01021643	      0.01177706	      0.01629168	      0.01003109	      0.03551379	      0.06871867	      0.01432483	      0.01001293	      0.02744778	      0.04497723	      0.01012227	      0.01001371	      0.01000469	      0.01000851	     -4.22032446	      0.77466758	      0.63707901	     -0.10814583	      0.10258184	      0.16564038	     -0.08430629	      0.00536802	      0.00000000	     -0.00000000	     -0.22282646	      0.04444419	      0.16368381	     -0.02876838	      0.00402996	     -0.00000000	      0.00000000	     -0.04583270	     -0.01614869	     -0.00022376	      0.02215165	      0.00856265	     -0.07755163	      0.08514669	     -0.04770102	     -0.02667335	      0.17177979	      0.10016468	      0.04878227	     -0.09204939	     -0.02546806	      0.16209734	      0.08542057
      5.21000000	      0.01021869	      0.01028744	      0.01004463	      0.01004104	      0.01004613	      0.01024234	      0.01061767	      0.03337834	      0.02560015	      0.01624989	      0.01072841	      0.01019621	      0.01059263	      0.01019387	      0.01008557	      0.01004375	      0.01002369	      0.01057751	      0.01088713	      0.01132943	      0.01272295	      0.01325337	      0.01356047	      0.01347837	      0.03520242	      0.01088783	      0.01029203	      0.01675859	      0.03377065	      0.01002923	      0.03503600	      0.05789110	      0.01579796	      0.01001121	      0.01790743	      0.05345172	      0.01013797	      0.01001264	      0.01000428	      0.01000781	      0.01009680	      0.01005458	      0.01004038	      0.01004033	      0.01004135	      0.01010151	      0.01166320	      0.03414799	      0.02282640	      0.01539221	      0.01081430	      0.01025210	      0.01228240	      0.01071065	      0.01030155	      0.01012320	      0.01002757	      0.02038814	      0.02580938	      0.03435919	      0.01785872	      0.02188584	      0.02353907	      0.01096805	      0.02628021	      0.01096669	      0.01034875	      0.01325876	      0.01762495	      0.01002405	      0.03845110	      0.07313219	      0.01585456	      0.01001686	      0.03031964	      0.04614711	      0.01017721	      0.01001250	      0.01000422	      0.01000772	     -4.30632348	      0.73889872	      0.68479269	     -0.10023588	      0.09137885	      0.16251551	     -0.07708542	      0.00533465	     -0.00000000	      0.00000000	     -0.23113989	      0.04597863	      0.16919698	     -0.02732753	      0.00408170	     -0.00000000	     -0.00000000	     -0.05153514	      0.02187132	      0.00051436	      0.02109141	      0.00878726	     -0.08309629	      0.08062750	     -0.06759514	     -0.02328948	      0.18152420	      0.10797764	      0.05265113	     -0.10155002	     -0.02779019	      0.17522951	      0.09600736
      5.21500000	      0.01007831	      0.01007460	      0.01003567	      0.01003125	      0.01004199	      0.01008201	      0.01009568	      0.03228334	      0.03632722	      0.01844467	      0.01016299	      0.01005989	      0.01003006	      0.01001528	      0.01006584	      0.01003392	      0.01001880	      0.02641935	      0.02172389	      0.02513798	      0.01838711	      0.02260012	      0.02399468	      0.01032187	      0.03230676	      0.01019925	      0.01007989	      0.02836919	      0.02362073	      0.01003445	      0.03797862	      0.03354763	      0.01083938	      0.01000393	      0.02613592	      0.07864459	      0.01004546	      0.01001230	      0.01000417	      0.01000764	      0.01008414	      0.01006936	      0.01003622	      0.01003191	      0.01004270	      0.01008783	      0.01046314	      0.03599983	      0.02164253	      0.01364061	      0.01026570	      0.01010063	      0.01124197	      0.01027540	      0.01009265	      0.01004714	      0.01002192	      0.02215960	      0.02764441	      0.03689035	      0.01741625	      0.02281625	      0.02510772	      0.01032222	      0.02772695	      0.01031734	      0.01012882	      0.01206527	      0.01705084	      0.01002655	      0.04191595	      0.07737722	      0.01417716	      0.01000792	      0.03310079	      0.04546936	      0.01007598	      0.01001177	      0.01000399	      0.01000731	     -4.34542594	      0.69673259	      0.72826059	     -0.09388850	      0.07774260	      0.15863465	     -0.06684122	      0.00523776	      0.00000000	      0.00000000	     -0.23969969	      0.04301691	      0.17330683	     -0.02456759	      0.00407332	      0.00000000	     -0.00000000	     -0.05554512	      0.07189907	      0.00324635	      0.01276715	      0.00970361	     -0.08375629	      0.07307432	     -0.10762818	     -0.02182665	      0.18188128	      0.17216046	      0.05877230	     -0.11294703	     -0.02925376	      0.19207369	      0.10409436
      5.22000000	      0.01007459	      0.01007020	      0.01003341	      0.01002918	      0.01003936	      0.01007798	      0.01018151	      0.03663918	      0.02512226	      0.01455378	      0.01024355	      0.01008351	      0.01017338	      0.01006052	      0.01006240	      0.01003215	      0.01001798	      0.02314369	      0.01997093	      0.02385650	      0.01801812	      0.02244978	      0.02412028	      0.01046285	      0.03390503	      0.01029515	      0.01011237	      0.03007936	      0.02543214	      0.01002510	      0.04164852	      0.07369240	      0.01361722	      0.01000547	      0.02567076	      0.05340865	      0.01006345	      0.01001048	      0.01000352	      0.01000650	      0.01007698	      0.01006308	      0.01003233	      0.01002860	      0.01003795	      0.01007980	      0.01034042	      0.03817609	      0.02170235	      0.01359149	      0.01026841	      0.01009770	      0.01119624	      0.01028828	      0.01008386	      0.01004256	      0.01001981	      0.02325081	      0.02882985	      0.03849182	      0.01840085	      0.02460900	      0.02739882	      0.01031161	      0.03058074	      0.01032064	      0.01012605	      0.01256060	      0.01835083	      0.01002339	      0.04610975	      0.07762754	      0.01359135	      0.01000729	      0.03664303	      0.04548669	      0.01007316	      0.01001061	      0.01000357	      0.01000658	     -4.32900050	      0.64645249	      0.76545128	     -0.09008486	      0.06181573	      0.15425711	     -0.05349089	      0.00507868	      0.00000000	     -0.00000000	     -0.24884264	      0.03475168	      0.17594607	     -0.02029924	      0.00400487	     -0.00000000	      0.00000000	     -0.06050805	      0.13488150	      0.00311649	      0.01607767	      0.00803345	     -0.09020265	      0.07972807	     -0.11264554	     -0.02309490	      0.21265744	      0.12667771	      0.06722096	     -0.12573394	     -0.03055731	      0.21047289	      0.11431189
      5.22500000	      0.01003172	      0.01002730	      0.01001668	      0.01001524	      0.01001830	      0.01003408	      0.01001206	      0.01882462	      0.15224009	      0.07258694	      0.01004219	      0.01001355	      0.01000305	      0.01000167	      0.01006097	      0.01002483	      0.01001003	      0.11111651	      0.09334158	      0.10337470	      0.05045080	      0.06563776	      0.07242912	      0.01005623	      0.04997977	      0.01005153	      0.01001863	      0.08573762	      0.02657870	      0.27413257	      0.05601391	      0.01000935	      0.01002684	      0.01000077	      0.07928760	      0.32407168	      0.01001011	      0.01002423	      0.01000826	      0.01001520	      0.01006399	      0.01005864	      0.01002828	      0.01002481	      0.01003383	      0.01006487	      0.01049801	      0.04068120	      0.02396006	      0.01652001	      0.01071264	      0.01014093	      0.01224722	      0.01065302	      0.01013430	      0.01005077	      0.01001732	      0.02393415	      0.02987767	      0.03981865	      0.02134203	      0.02737532	      0.03043858	      0.01086814	      0.03465594	      0.01090610	      0.01020878	      0.01602911	      0.02317063	      0.01002153	      0.05101611	      0.07354519	      0.01519362	      0.01000805	      0.04089814	      0.04617356	      0.01009468	      0.01000962	      0.01000322	      0.01000597	     -4.24857099	      0.58635193	      0.79446415	     -0.08986973	      0.04377467	      0.14969684	     -0.03702257	      0.00486149	      0.00000000	      0.00000000	     -0.25897467	      0.02050226	      0.17710970	     -0.01434667	      0.00387789	     -0.00000000	      0.00000000	     -0.06706214	      0.21159424	     -0.00121362	     -0.03313229	      0.01277999	     -0.06455662	      0.11985669	     -0.25893712	     -0.04835602	      0.08536812	      0.83926933	      0.07787684	     -0.14085012	     -0.03192494	      0.23049433	      0.12693615
      5.23000000	      0.01004937	      0.01004375	      0.01002358	      0.01002118	      0.01002661	      0.01005194	      0.01014282	      0.04349049	      0.02611880	      0.01633271	      0.01048162	      0.01011037	      0.01060335	      0.01019214	      0.01007419	      0.01003168	      0.01001404	      0.05156731	      0.04506044	      0.05225048	      0.02871900	      0.03761136	      0.04188831	      0.01041190	      0.03899097	      0.01060384	      0.01016197	      0.05381721	      0.02545050	      0.01001958	      0.05452754	      0.07069566	      0.01271712	      0.01000596	      0.03858044	      0.05292973	      0.01008012	      0.01000813	      0.01000268	      0.01000504	      0.01006180	      0.01004970	      0.01002423	      0.01002175	      0.01002816	      0.01006180	      0.01018532	      0.04356465	      0.02293183	      0.01536111	      0.01051400	      0.01013150	      0.01208207	      0.01061168	      0.01008236	      0.01003676	      0.01001525	      0.02531850	      0.03089952	      0.04120781	      0.02205285	      0.02957911	      0.03327947	      0.01052791	      0.03890745	      0.01063737	      0.01018194	      0.01621754	      0.02502702	      0.01001887	      0.05723908	      0.06668691	      0.01286602	      0.01000807	      0.04606150	      0.04529832	      0.01009327	      0.01000834	      0.01000277	      0.01000517	     -4.09612972	      0.51486846	      0.81367290	     -0.09431157	      0.02381805	      0.14531074	     -0.01750056	      0.00459258	      0.00000000	     -0.00000000	     -0.27056839	     -0.00024847	      0.17686667	     -0.00655656	      0.00369550	     -0.00000000	      0.00000000	     -0.06467331	      0.30292476	      0.00842507	      0.00566520	      0.00591912	     -0.08929654	      0.09827441	     -0.16930008	     -0.03255115	      0.26616710	      0.14977018	      0.09206698	     -0.16046510	     -0.03313668	      0.25579603	      0.13809884
      5.23500000	      0.49792164	      0.39102988	      0.82612774	      0.88988312	      0.71679248	      0.56679546	      0.99002999	      0.44336240	      0.99999938	      0.99999878	      0.01000081	      0.01000025	      0.01000004	      0.01000002	      0.93561419	      0.99218696	      0.97496029	      0.62399451	      0.71656631	      0.84436192	      0.45673148	      0.48621639	      0.54785199	      0.53688409	      0.27965149	      0.01000096	      0.01000035	      0.66089851	      0.29032101	      0.01741401	      0.36934998	      0.99438729	      0.78389230	      0.01000000	      0.38350652	      0.99999969	      0.01000019	      0.56419131	      0.36003001	      0.46771027	      0.47661785	      0.45332917	      0.55714127	      0.57983825	      0.51360636	      0.46622499	      0.36594332	      0.44628327	      0.42375496	      0.46403870	      0.57937756	      0.62263727	      0.43055021	      0.28681633	      0.65647618	      0.65256377	      0.58089668	      0.66555850	      0.64174226	      0.59447572	      0.58349128	      0.57943059	      0.56030975	      0.45960011	      0.46094841	      0.56778012	      0.62663304	      0.51224936	      0.43179347	      0.57569492	      0.45072209	      0.32649526	      0.41572258	      0.12095915	      0.53053614	      0.38457810	      0.59399011	      0.41889257	      0.18037801	      0.30231813	     -1.68151223	      2.01461285	      0.07484679	     -0.85796562	     -2.26584985	     -0.04306434	     -0.11671362	      0.19340710	     -1.58764846	      4.01213814	     -0.69299702	     -4.19653746	     -0.47656654	      0.82239950	      0.07497635	     -6.95029544	      1.24215153	     -3.00971328	     -1.36602296	     -0.96123615	      0.51064383	     -0.27078336	     -1.70627150	     -0.97016928	      0.47716048	     -0.20402994	     -0.11232275	      0.99999991	     -0.25311935	     -0.01746982	      0.11447697	      0.17649913	      0.41156564
      5.24000000	      0.01003313	      0.01002910	      0.01001569	      0.01001424	      0.01001755	      0.01003420	      0.01004869	      0.05344722	      0.02682503	      0.01713975	      0.01050053	      0.01010237	      0.01192971	      0.01043397	      0.01005763	      0.01002390	      0.01001001	      0.08707656	      0.07826916	      0.09048173	      0.04339874	      0.05882551	      0.06747495	      0.01022281	      0.04910632	      0.01063006	      0.01015012	      0.09251246	      0.02936911	      0.01001816	      0.07490295	      0.04598080	      0.01069213	      0.01000529	      0.05824846	      0.05128677	      0.01007565	      0.01000621	      0.01000202	      0.01000388	      0.01004510	      0.01003719	      0.01001744	      0.01001574	      0.01002020	      0.01004399	      0.01006148	      0.05091347	      0.02350155	      0.01607608	      0.01051209	      0.01011312	      0.01375970	      0.01085981	      0.01005672	      0.01002658	      0.01001139	      0.03037098	      0.03631136	      0.04817794	      0.02706381	      0.03779635	      0.04323673	      0.01036113	      0.05033583	      0.01064506	      0.01015789	      0.02234936	      0.03309081	      0.01001891	      0.07361746	      0.03817197	      0.01095201	      0.01000658	      0.06027859	      0.04360173	      0.01008090	      0.01000671	      0.01000219	      0.01000418	     -3.54723609	      0.33283115	      0.81825798	     -0.12126884	     -0.02102033	      0.13860656	      0.03007870	      0.00393432	     -0.00000000	     -0.00000000	     -0.30029601	     -0.06235533	      0.17284389	      0.01501935	      0.00318511	     -0.00000000	      0.00000000	     -0.06371599	      0.52769882	      0.01502528	     -0.00907216	      0.00283791	     -0.07857313	      0.13532110	     -0.25679174	     -0.04536714	      0.34246403	      0.17720563	      0.13019909	     -0.21705103	     -0.03804078	      0.31611777	      0.16540304
      5.24500000	      0.89307888	      0.95930094	      0.09322530	      0.36006678	      0.17952860	      0.10039031	      0.93940747	      0.90748257	      0.99995869	      0.99988932	      0.01005563	      0.01001175	      0.01000100	      0.01000034	      0.06348919	      0.03328239	      0.02574715	      0.99101790	      0.80400961	      0.02751777	      0.96992645	      0.95750659	      0.70040917	      0.90350198	      0.94881947	      0.01007107	      0.01001720	      0.02929548	      0.81141145	      0.01582289	      0.81193373	      0.99170190	      0.96874525	      0.01000037	      0.82842753	      0.99998180	      0.01000864	      0.01673234	      0.01202069	      0.01394488	      0.50500072	      0.51439869	      0.37662388	      0.31828332	      0.43906050	      0.52754099	      0.55293184	      0.55427375	      0.57118536	      0.53619781	      0.43723426	      0.30751609	      0.13340578	      0.07112721	      0.30098037	      0.24062581	      0.27448723	      0.24328094	      0.36524353	      0.44679594	      0.41275233	      0.42503009	      0.45649564	      0.52501864	      0.54750392	      0.44831157	      0.34738094	      0.50860143	      0.58247096	      0.20586710	      0.56932794	      0.69675286	      0.53115008	      0.02936417	      0.50170266	      0.63171030	      0.26166927	      0.14626872	      0.04829435	      0.09602539	     -0.61102544	      0.18122809	     -0.21867622	     -0.19187299	      0.32277939	      0.22396710	      0.02610401	      0.00532899	      0.01447681	      0.04074803	     -0.19512293	     -0.15921565	      0.09576444	     -0.04568147	      0.00377576	      0.04046959	      0.02185319	      9.81526453	    -37.90223651	     11.23624405	      3.10522981	      1.42795862	      0.61028138	      0.96832079	      0.82708233	      0.99222382	      0.98778178	      0.99999614	      0.46019162	     -0.23764379	     -0.55853508	      0.69959973	      0.82496903
      5.25000000	      0.01002246	      0.01002000	      0.01001036	      0.01000943	      0.01001164	      0.01002257	      0.01001616	      0.06280931	      0.02590107	      0.01518976	      0.01017310	      0.01005362	      0.01549497	      0.01033515	      0.01003468	      0.01001641	      0.01000703	      0.12232561	      0.10985933	      0.12746900	      0.06145886	      0.08536847	      0.09990219	      0.01006651	      0.07179928	      0.01020451	      0.01007163	      0.14922322	      0.04477711	      0.01006461	      0.10600859	      0.01003248	      0.01005045	      0.01000286	      0.09058155	      0.04843686	      0.01004233	      0.01000544	      0.01000174	      0.01000342	      0.01003072	      0.01002641	      0.01001168	      0.01001041	      0.01001370	      0.01002951	      0.01001685	      0.05605558	      0.02126343	      0.01383480	      0.01018340	      0.01005934	      0.01424836	      0.01040098	      0.01002821	      0.01001535	      0.01000785	      0.03816563	      0.04606257	      0.06169910	      0.03605290	      0.05375543	      0.06292339	      0.01007601	      0.07364681	      0.01021732	      0.01007664	      0.03800880	      0.05052240	      0.01132107	      0.10160491	      0.01002849	      0.01005186	      0.01000355	      0.09199509	      0.03898135	      0.01004560	      0.01000621	      0.01000200	      0.01000390	     -2.63872374	      0.09471986	      0.77582411	     -0.17809212	     -0.07117823	      0.13717669	      0.08735591	      0.00318312	     -0.00000000	      0.00000000	     -0.34260501	     -0.15163542	      0.16604760	      0.04512194	      0.00253147	      0.00000000	      0.00000000	     -0.05791081	      0.80241043	      0.01955483	     -0.02480793	     -0.00009700	     -0.05720457	      0.21680477	     -0.38954660	     -0.05789113	      0.41827187	      0.20807561	      0.21033945	     -0.33219511	     -0.04855643	      0.36496669	      0.18990853
      5.25500000	      0.62157566	      0.61822847	      0.67759986	      0.82934385	      0.63594429	      0.59985527	      0.22226134	      0.53848647	      0.99918508	      0.99955838	      0.01087843	      0.01014571	      0.01001822	      0.01000273	      0.39807932	      0.32192445	      0.76374420	      0.63834393	      0.47845320	      0.42671807	      0.46285589	      0.45983878	      0.45309225	      0.54249025	      0.51338517	      0.01094735	      0.01025316	      0.41281146	      0.56034120	      0.92441643	      0.52592007	      0.11248786	      0.35324763	      0.01000038	      0.46049886	      0.99961265	      0.01009163	      0.90373326	      0.97400909	      0.94180228	      0.46462774	      0.45518548	      0.20879359	      0.25547005	      0.30544452	      0.57602174	      0.32449480	      0.75028636	      0.61510407	      0.57792085	      0.45141808	      0.58363361	      0.65405125	      0.39189103	      0.13916743	      0.09109949	      0.01357692	      0.66477611	      0.20104487	      0.50103035	      0.31817835	      0.31313652	      0.39923042	      0.65898476	      0.60300237	      0.45900967	      0.50187351	      0.59651215	      0.73713285	      0.34281270	      0.76533824	      0.55756776	      0.64984062	      0.09626099	      0.48479629	      0.61736814	      0.68085385	      0.25469333	      0.14057102	      0.17802243	     -0.14494935	     -1.46080906	     -1.67410434	    -15.14279792	      0.76119711	      1.03382161	     54.19727262	     -1.24334792	     -0.00000000	     -0.00000000	    -20.83557292	     -6.42056379	      0.81970521	     68.04707243	     -1.28336364	     -0.00000000	     -0.00000000	    281.16883745	   -739.58761221	    316.05462615	     62.15908403	     34.05699234	     30.80020356	     -0.35356358	      0.04528423	      0.45292553	     -0.79990362	      0.99997577	      0.79195430	     -0.63289445	      0.10837466	      0.49593427	      0.50527539
      5.26000000	      0.39608994	      0.37437353	      0.35562248	      0.36588826	      0.35052517	      0.39652700	      0.25888560	      0.48460566	      0.54492819	      0.52855038	      0.46587641	      0.44234890	      0.33501939	      0.26067670	      0.56516116	      0.57073645	      0.35032067	      0.65127545	      0.61947211	      0.62852229	      0.54893290	      0.56709853	      0.58200234	      0.43327365	      0.51062511	      0.46822500	      0.44856545	      0.60945485	      0.48071065	      0.82740216	      0.51429135	      0.21404433	      0.36059042	      0.01302339	      0.55568528	      0.55612418	      0.43839664	      0.69248745	      0.94380088	      0.78084224	      0.48417573	      0.48055301	      0.40858795	      0.39153325	      0.42796587	      0.50445711	      0.64748048	      0.57406811	      0.49995917	      0.50099842	      0.50761283	      0.41823823	      0.29522296	      0.15686675	      0.39604817	      0.36155732	      0.37672883	      0.36457536	      0.42126396	      0.46837327	      0.44315193	      0.44803217	      0.46885621	      0.54273844	      0.53521917	      0.50974368	      0.45010909	      0.51350553	      0.56455732	      0.14149257	      0.57402690	      0.90035760	      0.61066137	      0.03434761	      0.50180836	      0.51559862	      0.38675604	      0.06452109	      0.03404853	      0.02652865	     -5.71761189	     10.78173359	      3.38202166	     41.30086649	    151.88097637	     31.52190029	     37.11639320	      0.05654260	      0.00000026	      0.00000016	      9.14444262	    159.43036699	     18.39714734	     65.72522950	     -1.96835460	      0.00000027	      0.00000036	   1265.28424745	  -3330.86606378	   1255.39221622	    231.73136171	    147.63667778	    148.25541070	     -0.11586026	     -0.28443392	     -0.25146284	     -0.27921146	      0.31670888	      0.46891127	     -0.38419792	     -0.48709920	      0.76857617	      0.62420408
      5.26500000	      0.42980138	      0.39978075	      0.39753808	      0.39718483	      0.38749005	      0.44259349	      0.28798504	      0.50071611	      0.76722431	      0.64798453	      0.25239440	      0.01696096	      0.01288300	      0.01010726	      0.54478546	      0.59326689	      0.41500603	      0.54805678	      0.56541537	      0.61290054	      0.48368076	      0.50513713	      0.52890491	      0.47177422	      0.46082257	      0.27783496	      0.03627494	      0.60386320	      0.45671309	      0.83947636	      0.47510729	      0.19851508	      0.38225456	      0.01003764	      0.50404294	      0.89457501	      0.01460720	      0.75505360	      0.86253638	      0.88293562	      0.46651443	      0.43239916	      0.40435599	      0.32279451	      0.44186377	      0.54108314	      0.68292002	      0.55022970	      0.53233447	      0.51803324	      0.47087605	      0.38518530	      0.52231926	      0.63319119	      0.32765560	      0.29981153	      0.40713663	      0.10746320	      0.33769001	      0.54890423	      0.34122084	      0.36909639	      0.44182678	      0.52330622	      0.48827419	      0.47513869	      0.41339748	      0.54885296	      0.54819427	      0.18895850	      0.56070442	      0.74335340	      0.57731991	      0.24559958	      0.47836122	      0.55225124	      0.35355690	      0.14701775	      0.08803718	      0.12173316	     -3.22257286	     -1.06735558	     -1.58255799	     39.40947472	      2.51934668	      5.62765942	    -52.90170962	      2.88548583	      0.00001710	     -0.00001626	   -102.55034856	     -6.39149959	     39.29734413	     23.78307723	     -0.77892216	      0.00001014	     -0.00003390	   1509.96657472	  -3611.42354094	   1438.86347292	    231.09411226	    178.47918606	    178.74545559	     -0.22899705	     -0.13390170	     -0.41796644	     -0.19773880	      0.99995166	      0.22603893	     -0.31233339	     -0.87281739	      0.66912059	      0.67707136
      5.27000000	      0.42961830	      0.41888603	      0.49642987	      0.57115036	      0.44392923	      0.39832705	      0.30839510	      0.45635624	      0.72665237	      0.63638256	      0.28900536	      0.01281701	      0.01016079	      0.01006626	      0.70958188	      0.75647352	      0.54326273	      0.83496660	      0.71295959	      0.62806488	      0.64122795	      0.64006081	      0.61748889	      0.43224479	      0.49429069	      0.30351039	      0.07871030	      0.51592286	      0.43208486	      0.83849828	      0.46772406	      0.22689607	      0.37302765	      0.01003308	      0.54793785	      0.67299891	      0.01266885	      0.93561513	      0.88211944	      0.98951312	      0.47438465	      0.45152290	      0.49613659	      0.48606574	      0.48534215	      0.50040909	      0.60085274	      0.51161896	      0.50314399	      0.50399567	      0.50693777	      0.51381676	      0.69872770	      0.99320734	      0.51860477	      0.54970292	      0.54653763	      0.37127529	      0.50149861	      0.57190129	      0.46709617	      0.47951659	      0.50486245	      0.50352759	      0.48218180	      0.50668806	      0.51134793	      0.53457896	      0.49164943	      0.37951185	      0.51052161	      0.60899702	      0.53407357	      0.40378519	      0.49636048	      0.50202202	      0.51683346	      0.41844262	      0.23586451	      0.36813619	     -0.65803447	     -1.59068031	     -0.97903226	    -23.73556745	      0.61229252	     16.53048019	      6.65166600	      0.67694381	     -0.00000000	     -0.00000000	    -26.21622827	     -9.84661012	      6.87899492	     22.80092453	     -0.90283218	     -0.00000000	     -0.00000000	   1135.40518128	  -2270.74994251	   1088.11259138	    143.47704588	    132.70813229	    127.60809086	     -0.15081407	     -0.31765156	      0.56598078	     -0.65992714	      0.99973309	     -0.06353375	     -0.07996252	     -0.17886242	      0.19271717	      0.25183206
      5.27500000	      0.29623227	      0.27367583	      0.31761172	      0.18428662	      0.33093776	      0.34599059	      0.35473418	      0.54700508	      0.99997748	      0.99998775	      0.01002142	      0.01004475	      0.01000197	      0.01000012	      0.66065281	      0.67218826	      0.34840486	      0.72816023	      0.66857566	      0.75804965	      0.64437433	      0.64863533	      0.66230937	      0.28115167	      0.69827062	      0.01001992	      0.01005316	      0.38949022	      0.28935434	      0.67054581	      0.45860784	      0.29288475	      0.28278439	      0.01000000	      0.70182872	      0.99996779	      0.01003872	      0.53199548	      0.99614861	      0.57509921	      0.46285623	      0.54875444	      0.47089110	      0.53936235	      0.49323204	      0.51951288	      0.50748395	      0.38607654	      0.49980949	      0.49621865	      0.52188439	      0.45057425	      0.54515559	      0.66722994	      0.58387491	      0.60397085	      0.52835155	      0.42118471	      0.47240854	      0.42353920	      0.51448462	      0.48177295	      0.48818904	      0.42147286	      0.46520655	      0.51305762	      0.48533112	      0.49295447	      0.49773591	      0.41002340	      0.48759770	      0.68137490	      0.56357402	      0.27427614	      0.47995503	      0.48808150	      0.57868350	      0.45696979	      0.27948346	      0.42011832	     -0.26402708	      2.93674083	      3.57825281	   -119.08974433	     -5.39354263	     59.57478877	     11.72683895	      2.08886196	     -0.00000007	     -0.00000001	   -114.78328926	    -39.36928861	     51.46203325	     24.43475599	      2.47357815	      0.00000017	     -0.00000008	    795.35109371	  -1177.04095524	    511.05741097	     88.83445046	     93.15508149	     86.80872278	     -0.28382328	     -0.59714269	      0.57409919	     -0.18364017	      0.99999510	      0.14305440	     -0.07155061	      0.21906107	      0.35909771	      0.37048941
      5.28000000	      0.08043950	      0.08739264	      0.07674263	      0.33039851	      0.07067600	      0.06577323	      0.07191610	      0.50135198	      0.99999049	      0.99997268	      0.01001135	      0.01005074	      0.01000010	      0.01000004	      0.94755955	      0.94657546	      0.06997859	      0.94865793	      0.95268508	      0.92613635	      0.95230833	      0.95231843	      0.94449829	      0.09043591	      0.93191136	      0.01001256	      0.01008911	      0.07584571	      0.08475545	      0.91990953	      0.22481462	      0.60324880	      0.12809569	      0.01000002	      0.92671455	      0.99998328	      0.01013955	      0.49175721	      0.49996296	      0.44804532	      0.51789502	      0.53818192	      0.49944359	      0.52894427	      0.50193341	      0.49078447	      0.42031503	      0.50330511	      0.50888252	      0.50705621	      0.50051350	      0.50087037	      0.48117920	      0.34864289	      0.53380775	      0.50724494	      0.45785246	      0.79471821	      0.55792652	      0.47863570	      0.56223386	      0.55108634	      0.52332498	      0.50480124	      0.52164874	      0.50081541	      0.49882813	      0.48708334	      0.50845765	      0.53791585	      0.50242932	      0.47759231	      0.49430621	      0.99143933	      0.51423939	      0.51056116	      0.50351526	      0.47903584	      0.27731101	      0.40194666	      0.24481819	     -1.88517653	      2.99680948	   -110.20425865	    -21.00293634	     49.79707115	     11.45897400	      1.29155493	     -0.00000031	      0.00000029	    -22.14402764	   -100.45105450	    -22.88359221	     22.75764262	     -0.99181197	      0.00000023	      0.00000027	    695.40115577	   -802.88862805	    356.09417526	     64.42890654	     82.02820019	     73.75099962	     -0.84326620	     -0.88503939	      0.88144373	     -0.08528942	      0.99999982	      0.06875971	      0.13330059	      0.59100608	      0.04182981	      0.23933655
      5.28500000	      0.23025893	      0.62031774	      0.13301631	      0.99708639	      0.09514532	      0.05479746	      0.06065423	      0.49057640	      0.72584716	      0.63164667	      0.31651620	      0.10878102	      0.01354461	      0.01012041	      0.97060878	      0.95181916	      0.06053029	      0.99909756	      0.98436394	      0.70448694	      0.98524348	      0.98163420	      0.96552635	      0.29139459	      0.90779829	      0.32354564	      0.14198420	      0.01054109	      0.19014326	      0.88912973	      0.37729723	      0.50304497	      0.44445038	      0.01009928	      0.88900814	      0.80193652	      0.09003342	      0.65523080	      0.84783342	      0.72486092	      0.49162107	      0.48976200	      0.46437104	      0.45151797	      0.47525283	      0.49800667	      0.54709239	      0.52179255	      0.51105215	      0.50798854	      0.49792476	      0.47818105	      0.45857597	      0.36425213	      0.46591145	      0.45120977	      0.45317708	      0.43868821	      0.47675870	      0.49422090	      0.48761563	      0.48984543	      0.49685386	      0.51325367	      0.50962605	      0.49835432	      0.48386993	      0.50981682	      0.51624657	      0.41158585	      0.52279746	      0.58024001	      0.53526501	      0.28693411	      0.50526975	      0.51466943	      0.47280537	      0.37633649	      0.17054372	      0.34798957	     -0.58050756	     -3.58128965	     -3.12650105	    -47.65531012	     -4.74723567	      4.11626175	     83.46832302	     -1.62926984	     -0.00000000	     -0.00000000	   -110.74706379	    -27.32848821	     43.71879600	    102.57923304	     -1.52267275	     -0.00000000	     -0.00000000	    850.51116898	   -992.11289904	   1188.60869463	     23.32287185	    110.24112036	     87.19560869	      0.30184200	     -0.54413231	      0.99962110	     -0.28172208	      0.98099728	      0.13044211	     -0.09547323	     -0.17424892	      0.33464772	      0.32254314
      5.29000000	      0.36780552	      0.47108892	      0.31280424	      0.61893184	      0.24092655	      0.15611986	      0.18037404	      0.50905526	      0.51847478	      0.50915786	      0.49761152	      0.42341729	      0.17973952	      0.03172102	      0.89992531	      0.84086948	      0.21101314	      0.99991687	      0.95522476	      0.65910723	      0.94778536	      0.93506373	      0.87625878	      0.43002968	      0.65431625	      0.49794459	      0.44716496	      0.15669987	      0.40879259	      0.74688948	      0.49160037	      0.45060237	      0.45687115	      0.01474418	      0.65656085	      0.53611074	      0.40644020	      0.59583948	      0.74046266	      0.64258717	      0.49670428	      0.48681234	      0.49192523	      0.48893981	      0.48828738	      0.50493151	      0.54372075	      0.50088069	      0.50930922	      0.50746765	      0.50191923	      0.46903733	      0.28945338	      0.27193644	      0.50543873	      0.49292924	      0.50047536	      0.50273169	      0.51774658	      0.51052323	      0.52106749	      0.52350576	      0.50729408	      0.51377872	      0.51859718	      0.50215048	      0.48072465	      0.50225392	      0.51515325	      0.42023098	      0.49893747	      0.57910850	      0.51306909	      0.01673268	      0.50798454	      0.51247918	      0.45752668	      0.39609630	      0.25629062	      0.34751204	     -1.04362308	     -6.61481723	     -9.54112271	    -10.11870197	     12.70726837	     87.63968539	    -20.82152299	     12.36537344	      0.00000000	     -0.00000000	   -456.65902527	     -2.90473522	     61.99606060	    580.10897125	    -18.64262701	     -0.00000000	     -0.00000000	    632.89610429	   -409.81438105	   1091.13476421	    -66.33516717	    127.73164521	     99.15704478	     -0.11377194	     -0.07526608	      0.99876163	     -0.29130028	      0.71610484	      0.04094374	     -0.19962687	     -0.12063408	      0.35556534	      0.56153607
      5.29500000	      0.33849902	      0.40505434	      0.28875219	      0.52880311	      0.22648567	      0.17260302	      0.20981050	      0.50054806	      0.51220436	      0.50810358	      0.49966578	      0.48691708	      0.37416229	      0.25178605	      0.88192005	      0.82236458	      0.23234593	      0.99992352	      0.94391676	      0.73754958	      0.91649864	      0.90749511	      0.85916579	      0.42757393	      0.61070088	      0.49964361	      0.49103885	      0.32451775	      0.39960497	      0.74241639	      0.49127534	      0.44088836	      0.45886990	      0.20731285	      0.62479850	      0.51580920	      0.48408673	      0.53486879	      0.27709647	      0.55312967	      0.49872000	      0.49947039	      0.48554863	      0.48353025	      0.48946137	      0.49772460	      0.53183866	      0.51068200	      0.50429018	      0.50375875	      0.50225980	      0.49932477	      0.53913119	      0.56680607	      0.49195756	      0.48508719	      0.48003778	      0.49957821	      0.49860298	      0.49729122	      0.50289027	      0.50301643	      0.50284068	      0.50796454	      0.50735439	      0.50227454	      0.50012709	      0.50269352	      0.50830457	      0.44363944	      0.51051137	      0.56289594	      0.52033314	      0.38912815	      0.50425979	      0.50489752	      0.49864430	      0.41642395	      0.20982877	      0.36731638	      2.48924889	    -13.15450773	      1.07455609	    -21.32786678	    117.41921205	     19.18854547	    140.86177339	     -4.32978771	     -0.00000000	     -0.00000000	   -177.04805739	   -185.09537604	     13.78859115	    181.27842685	     -4.01480955	     -0.00000000	     -0.00000000	   1713.55172854	  -1101.73702796	   1957.82664691	    -40.93485930	    213.76325179	    162.05272200	     -0.00111685	     -0.29983893	      0.99774785	     -0.09540419	      0.24086367	      0.04062669	     -0.04145162	     -0.00045133	      0.21672219	      0.07458481
      5.30000000	      0.34300893	      0.43977884	      0.30777184	      0.61519382	      0.22922245	      0.15361152	      0.19836673	      0.49839467	      0.52744089	      0.51633453	      0.49091917	      0.43841831	      0.11233202	      0.03285583	      0.91827335	      0.87342072	      0.24903326	      0.99994413	      0.95929028	      0.78560827	      0.94768773	      0.93797236	      0.89576859	      0.42839637	      0.63208467	      0.49039216	      0.45406958	      0.29043931	      0.38051064	      0.73199447	      0.47872835	      0.47076171	      0.47446492	      0.01971423	      0.63453389	      0.54326382	      0.42887959	      0.59543439	      0.80331298	      0.66817694	      0.50271738	      0.50495985	      0.49299038	      0.49390308	      0.49493192	      0.49840667	      0.56920097	      0.51179756	      0.51091803	      0.50767050	      0.49895173	      0.48168160	      0.45509618	      0.58281743	      0.50122875	      0.49609224	      0.48483820	      0.52334695	      0.50861097	      0.50027244	      0.50934196	      0.50951325	      0.50738039	      0.51105456	      0.50891242	      0.49888390	      0.48623624	      0.50238063	      0.50804203	      0.42582398	      0.51018141	      0.61635166	      0.52695965	      0.20117605	      0.50526292	      0.51474515	      0.47820992	      0.41668239	      0.24115022	      0.36673560	    -46.21315790	    -41.65992228	     74.93104135	   -128.27030015	     68.45701399	     92.52597667	     24.09909932	      2.75119777	     -0.00000000	     -0.00000003	   -111.97219811	   -223.58120045	     -5.41520357	     -5.81984814	     -0.94799352	     -0.00000001	     -0.00000000	   1778.86321016	   -915.17956487	   1679.50748056	    -42.44154828	    221.52889060	    170.41628529	     -0.18727325	     -0.19180311	      0.99858949	     -0.28719151	      0.71255510	     -0.03445503	     -0.07329861	      0.07068811	      0.26454356	      0.36762313
      5.30500000	      0.92162575	      0.93370641	      0.96524105	      0.96943098	      0.95650296	      0.89651524	      0.89933334	      0.13753392	      0.90325860	      0.82837401	      0.19200381	      0.05958447	      0.01559062	      0.01273246	      0.94512752	      0.96174299	      0.96911473	      0.95639039	      0.91898114	      0.88107516	      0.87344767	      0.84757098	      0.78451336	      0.54578223	      0.16799113	      0.18213555	      0.07053904	      0.10029638	      0.12252788	      0.22053343	      0.10881363	      0.52867422	      0.55920597	      0.01245581	      0.27343444	      0.93859227	      0.05544570	      0.98495811	      0.99557734	      0.99060049	      0.09311713	      0.05731691	      0.98238142	      0.98062917	      0.90417585	      0.20663298	      0.04582372	      0.05718455	      0.73932039	      0.64289696	      0.31477856	      0.13789843	      0.01891351	      0.01386925	      0.96431889	      0.97965388	      0.98558847	      0.27533385	      0.93233039	      0.96848383	      0.26478381	      0.56615656	      0.84900459	      0.06606755	      0.07090690	      0.30907906	      0.15794773	      0.94529303	      0.06635449	      0.99362517	      0.06619679	      0.01522819	      0.02565947	      0.01710025	      0.36261128	      0.80680039	      0.12739284	      0.99646415	      0.99884043	      0.99768976	      1.91578226	     -6.66818787	     -5.05236932	     63.64789083	     63.33061605	     98.47474103	   -160.82684713	     17.00388595	      0.00000000	     -0.00000000	   -112.70255218	    -24.74036520	   -117.72037974	     39.68836044	     -8.38159333	     -0.00000000	     -0.00000000	    244.50204338	      6.23713639	    271.01845043	    -84.58791550	    129.29810258	    120.84367647	     -0.96026723	      0.94697512	      0.94675031	     -0.97888163	      0.98818692	     -0.97676645	     -0.87511137	     -0.98703528	     -0.99470664	      0.96092144
      5.31000000	      0.93604364	      0.94164798	      0.97970876	      0.98190666	      0.97412070	      0.91949956	      0.91614392	      0.12402754	      0.91242733	      0.83876121	      0.19032622	      0.04953561	      0.01471585	      0.01279742	      0.96816653	      0.97963142	      0.98206449	      0.96605514	      0.94034457	      0.92895605	      0.85499396	      0.83059324	      0.78434657	      0.49587683	      0.12738766	      0.17671995	      0.06025697	      0.16568108	      0.08796540	      0.96630377	      0.08472639	      0.03994336	      0.31855985	      0.01213230	      0.24849359	      0.95254424	      0.04619190	      0.98991561	      0.99680008	      0.99356882	      0.07092712	      0.04307798	      0.93391785	      0.95031219	      0.69099297	      0.14073666	      0.11500686	      0.12217278	      0.78659898	      0.68478048	      0.28391538	      0.09920317	      0.01622076	      0.01307633	      0.97371868	      0.98488649	      0.97497328	      0.60356922	      0.95613363	      0.97706803	      0.41599509	      0.68658116	      0.88286509	      0.10120829	      0.09107862	      0.27370557	      0.11905346	      0.95784282	      0.06541224	      0.97580756	      0.12115506	      0.03073083	      0.07333603	      0.01420621	      0.38843850	      0.85619632	      0.09025224	      0.99034219	      0.99694955	      0.99384070	      2.07355103	     -5.30209195	     -3.90029224	     58.58921285	     55.24282697	     89.05384501	   -142.53637390	     14.12032736	     -0.00000000	     -0.00000000	    -81.41596711	    -16.05950966	    -83.55107955	      6.44876071	     -5.68586150	     -0.00000000	     -0.00000000	    222.41276189	     39.40346362	    228.28114037	    -78.82598858	     97.45988691	     91.50425300	     -0.97837463	      0.96636970	      0.93229428	     -0.98594875	      0.99142995	     -0.97688156	     -0.92332665	     -0.96060894	     -0.98609801	      0.98058207
      5.31500000	      0.94319062	      0.95056485	      0.97829382	      0.98003569	      0.97316339	      0.92953876	      0.88898633	      0.10093430	      0.93507241	      0.88136742	      0.16446071	      0.04763673	      0.01623957	      0.01380504	      0.96748212	      0.97806859	      0.98005345	      0.96655127	      0.94536791	      0.94200167	      0.87255922	      0.85137932	      0.82423862	      0.38365825	      0.10615780	      0.14878692	      0.05579166	      0.25184221	      0.07760264	      0.92590888	      0.07519383	      0.06236455	      0.19381171	      0.01249996	      0.21816706	      0.96292770	      0.04544490	      0.98897575	      0.99633358	      0.99281209	      0.07211903	      0.04469332	      0.94853100	      0.95721490	      0.83671196	      0.14426206	      0.08569262	      0.09912441	      0.85818405	      0.77528444	      0.22958590	      0.07715007	      0.01666802	      0.01374761	      0.97246281	      0.98337935	      0.97465269	      0.60042023	      0.95542222	      0.97525498	      0.37694583	      0.71545266	      0.89398668	      0.08814717	      0.08029695	      0.21629133	      0.09011811	      0.95903465	      0.06057780	      0.97515157	      0.09784736	      0.02955284	      0.06378299	      0.01436122	      0.34248315	      0.91118410	      0.07215584	      0.98965825	      0.99658026	      0.99326447	      3.14551876	     -6.90955143	     -2.11777012	     56.22281166	     86.27392038	     81.89751310	   -194.56796572	     13.92846322	      0.00000000	      0.00000000	    -83.91089414	    -21.75578334	    -78.53837224	    -12.67530972	     -4.80380539	      0.00000000	      0.00000000	    313.98596588	     68.23877505	    293.74984490	    -80.13427539	    112.87102275	    100.23613627	     -0.97656927	      0.96309051	      0.91703681	     -0.98506756	      0.99087761	     -0.97571609	     -0.91352336	     -0.95964345	     -0.98543266	      0.98229498
      5.32000000	      0.43435695	      0.41552692	      0.55801280	      0.62229438	      0.48301640	      0.41679633	      0.50081705	      0.46941924	      0.99912655	      0.97953025	      0.11729042	      0.01072219	      0.01005588	      0.01007865	      0.72101299	      0.76554915	      0.61541608	      0.77091483	      0.70118333	      0.69779511	      0.60922592	      0.61407466	      0.61209986	      0.46626284	      0.46376137	      0.08280593	      0.01130316	      0.60089043	      0.40294812	      0.54250935	      0.45579760	      0.46852111	      0.48153578	      0.01000014	      0.50374851	      0.99987528	      0.01056984	      0.72784320	      0.97358128	      0.81992314	      0.45928608	      0.43278002	      0.52500167	      0.53789971	      0.49578304	      0.47155220	      0.66044726	      0.50434316	      0.52178060	      0.51015566	      0.48825737	      0.45045506	      0.20183134	      0.39365099	      0.58634656	      0.63340470	      0.56404654	      0.54021229	      0.56587373	      0.59173943	      0.50699857	      0.51385512	      0.52805483	      0.50597565	      0.47240887	      0.48674380	      0.45862938	      0.55714118	      0.45426057	      0.33322844	      0.49179531	      0.70093559	      0.56514576	      0.15498264	      0.49563573	      0.54103577	      0.44709758	      0.43733833	      0.32787085	      0.40611731	      8.66125140	    -10.02979869	     16.65861654	    -46.86925047	    109.01765727	     72.75559795	   -202.20883932	      8.60696958	      0.00000000	      0.00000000	    -62.87738709	   -136.99435575	    -38.37804042	    -68.06472176	      1.15267896	      0.00000000	      0.00000000	    480.59332949	   -142.35245655	    420.77946418	    -57.41793387	    102.40584509	    110.09768913	     -0.56322772	     -0.00321941	      0.33688868	     -0.57592041	      0.99998117	     -0.31792377	     -0.12553801	     -0.05025447	      0.16375787	      0.67619834
      5.32500000	      0.84538755	      0.85243546	      0.96586420	      0.96757979	      0.95203533	      0.84269854	      0.91009776	      0.19561689	      0.86620169	      0.77069031	      0.32523205	      0.10114089	      0.02294239	      0.01724897	      0.94636107	      0.97131965	      0.97082283	      0.87591279	      0.88252617	      0.92181899	      0.65148473	      0.64615625	      0.67686498	      0.47828284	      0.16105814	      0.29548266	      0.11925148	      0.72563083	      0.11698005	      0.18175815	      0.14044397	      0.10251558	      0.46526809	      0.01402536	      0.34772799	      0.93324327	      0.09838543	      0.97951631	      0.99425005	      0.98776966	      0.16467561	      0.08483475	      0.90848827	      0.92161489	      0.79176174	      0.32607280	      0.23785113	      0.18586378	      0.87045289	      0.74379487	      0.31854188	      0.06385093	      0.01620606	      0.01347324	      0.95005775	      0.97297144	      0.95135988	      0.56741537	      0.91166118	      0.95441345	      0.46841152	      0.57285029	      0.76904320	      0.18438560	      0.15131469	      0.29054780	      0.08277210	      0.91760163	      0.10669812	      0.91105494	      0.17729673	      0.05115723	      0.14348975	      0.01086668	      0.43547393	      0.95458495	      0.05923460	      0.98165038	      0.99534288	      0.98960603	      1.79233362	     -2.72053927	     -2.56239441	     40.42723195	     70.56627845	     68.95667744	   -160.25898592	     12.28945047	      0.00000000	     -0.00000000	    -57.22863992	     12.05140724	    -67.92227147	   -106.99018095	     -1.32018167	      0.00000000	     -0.00000000	    302.99579105	     73.10151031	    213.32555229	    -94.57904326	    126.77862893	    116.34116210	     -0.97524764	      0.91234160	      0.19837042	     -0.97751729	      0.98684628	     -0.96543459	     -0.76228765	     -0.89887794	     -0.97932923	      0.99702170
      5.33000000	      0.89677661	      0.92571716	      0.96981817	      0.97062599	      0.96118001	      0.88057327	      0.75962194	      0.16842839	      0.90770184	      0.79033865	      0.36001293	      0.07743949	      0.01942995	      0.01551635	      0.94921473	      0.97084875	      0.97115183	      0.88283947	      0.88013245	      0.91909086	      0.60141988	      0.58602116	      0.60524822	      0.46684118	      0.16782275	      0.32212669	      0.09488843	      0.62538343	      0.11786677	      0.37642247	      0.12142614	      0.06212092	      0.35112172	      0.01305843	      0.37969317	      0.96318718	      0.07613989	      0.98608348	      0.99569898	      0.99132253	      0.15677753	      0.07280866	      0.93715712	      0.94595171	      0.76198862	      0.33232820	      0.11984496	      0.16073955	      0.59126187	      0.54410250	      0.46476638	      0.35330160	      0.02253744	      0.01580357	      0.95959761	      0.97843406	      0.96742126	      0.58612560	      0.91997653	      0.96279949	      0.49184045	      0.57091976	      0.76550998	      0.15560424	      0.13657452	      0.45796872	      0.37249182	      0.93377589	      0.08806108	      0.95076934	      0.16151112	      0.02874864	      0.09170309	      0.01497111	      0.46018137	      0.67438960	      0.34920617	      0.98938620	      0.99676633	      0.99342655	      0.99645074	     -1.59100311	     -2.74422686	     42.34096259	     42.50410215	     64.19355081	   -109.36118251	     10.94804319	     -0.00000000	     -0.00000000	    -36.72792554	      6.66065296	    -44.66909061	    -70.09471231	      0.30144394	     -0.00000000	     -0.00000000	    201.05266062	    107.54562899	    149.62827396	    -92.63013750	    100.79324750	    104.64539823	     -0.97475095	      0.94059541	     -0.23953299	     -0.98533880	      0.99094562	     -0.97790975	     -0.80427372	     -0.94392381	     -0.98811114	      0.99571510
      5.33500000	      0.54799992	      0.54465679	      0.82852160	      0.83736417	      0.75256994	      0.55004733	      0.33815149	      0.36934168	      0.99697786	      0.99815380	      0.13415945	      0.01403904	      0.01080022	      0.01031339	      0.76504792	      0.86002471	      0.84273417	      0.67276701	      0.65990313	      0.73281988	      0.50979429	      0.51536093	      0.53464877	      0.45181052	      0.34687770	      0.08262851	      0.01546377	      0.60958314	      0.30321472	      0.45601276	      0.33127944	      0.46775654	      0.45667849	      0.01000430	      0.43808323	      0.99980342	      0.01404211	      0.89684809	      0.97884773	      0.93170208	      0.37245860	      0.29557023	      0.61421879	      0.64362865	      0.51633668	      0.40674180	      0.39691729	      0.38846104	      0.44562296	      0.45451405	      0.46868088	      0.48816220	      0.29998410	      0.20754205	      0.74837538	      0.83557986	      0.70007785	      0.60172787	      0.69027285	      0.76274078	      0.49924023	      0.51810716	      0.56696844	      0.38726879	      0.37383817	      0.46998086	      0.48493583	      0.67507862	      0.31886206	      0.55928938	      0.38386606	      0.20061245	      0.36673613	      0.80655321	      0.46039622	      0.42850911	      0.48853099	      0.87635604	      0.96127676	      0.92681366	      5.28850524	     -6.10240748	      6.74825372	     20.62121580	    128.41358859	     49.93150569	   -245.13241884	      3.89656674	      0.00000000	      0.00000000	    -48.97566002	    -69.77009890	      9.72872660	    -71.19803389	      2.71853170	      0.00000000	     -0.00000000	    458.35561763	    132.50454831	    243.83528356	    -80.24498897	     72.39218159	     69.61550142	     -0.77900732	      0.46742700	     -0.16571545	     -0.87510469	      0.99996195	     -0.75809445	     -0.28075362	     -0.15870913	     -0.87045716	     -0.45566677
      5.34000000	      0.89773688	      0.92969916	      0.94187629	      0.94018273	      0.93553368	      0.87690355	      0.56970584	      0.17375832	      0.88612731	      0.82436104	      0.33783530	      0.12442124	      0.03842380	      0.02799207	      0.88702391	      0.92340373	      0.93593181	      0.97360562	      0.82709943	      0.83748166	      0.69753946	      0.63645436	      0.60097831	      0.49078423	      0.21181632	      0.29479295	      0.13727697	      0.37129018	      0.17422675	      0.33770975	      0.14953134	      0.05409861	      0.17015340	      0.02038117	      0.36413179	      0.93535156	      0.12561874	      0.96174794	      0.98618726	      0.97428037	      0.18147157	      0.10409467	      0.87769877	      0.88475253	      0.78371014	      0.32402222	      0.09491018	      0.15765657	      0.20738089	      0.28807261	      0.57877405	      0.80971464	      0.19181688	      0.10731673	      0.91764663	      0.94782267	      0.91789026	      0.53683368	      0.87019133	      0.92561140	      0.46249684	      0.56967462	      0.75211118	      0.15297492	      0.16263946	      0.60920431	      0.79311426	      0.89565873	      0.12634479	      0.91907258	      0.17106567	      0.04450731	      0.10336548	      0.97904067	      0.45062190	      0.13808051	      0.80977571	      0.96823244	      0.98874289	      0.97871845	      0.01375095	     -1.31421698	     -6.82977698	     93.70309496	     29.98555255	     92.98400214	   -106.60733358	     12.86101528	     -0.00000000	      0.00000000	    -11.21511222	      8.88537909	     -3.07173743	    -59.53032332	      2.73602093	      0.00000000	      0.00000000	    122.39579107	    141.21118656	    131.44949119	   -111.37738473	     77.20895080	     83.44943104	     -0.94107204	      0.90742469	     -0.16949716	     -0.96110482	      0.97340806	     -0.93265494	     -0.77493367	     -0.89283097	     -0.96560609	     -0.94261802
      5.34500000	      0.92258118	      0.94968331	      0.96103506	      0.95910881	      0.95658207	      0.91078679	      0.01686775	      0.13972409	      0.91194628	      0.83546843	      0.33941561	      0.10465755	      0.03101373	      0.02349342	      0.91782508	      0.94884930	      0.95687332	      0.84142395	      0.82742042	      0.88364209	      0.61535300	      0.56946936	      0.57141394	      0.47682292	      0.15751473	      0.29370499	      0.11809385	      0.53170551	      0.12643274	      0.27030995	      0.11249995	      0.08305876	      0.24297447	      0.01865343	      0.34840954	      0.95593644	      0.10715760	      0.97238007	      0.99049856	      0.98148139	      0.17135090	      0.08238683	      0.91350429	      0.91942899	      0.82343881	      0.35741930	      0.07543067	      0.12342923	      0.20932754	      0.29888417	      0.54699264	      0.77730941	      0.11318066	      0.02580818	      0.94359410	      0.96475658	      0.94140134	      0.47766090	      0.90550744	      0.94900640	      0.46831398	      0.57502417	      0.77772464	      0.12742530	      0.12965032	      0.57330543	      0.75686498	      0.92529483	      0.09166127	      0.92780089	      0.13376251	      0.04066362	      0.07975373	      0.98285948	      0.44145686	      0.12584941	      0.77512082	      0.97424276	      0.99051068	      0.98235056	      0.21056519	     -1.31700068	     -6.59677272	    100.14043378	     42.97670465	     88.59149058	   -129.06104793	     11.98264580	     -0.00000000	     -0.00000000	     -2.91258743	     16.20935073	      5.57732556	    -80.91974310	      3.02997205	      0.00000000	      0.00000000	    154.69371774	    186.30353215	    143.69112255	   -121.62813051	     71.34993553	     69.77658934	     -0.96277354	      0.93350422	     -0.62624354	     -0.97390145	      0.97913182	     -0.95360774	     -0.80644762	     -0.88687214	     -0.97258527	     -0.95405897
      5.35000000	      0.44196249	      0.45349567	      0.56705554	      0.61498882	      0.50126099	      0.37916066	      0.34837639	      0.43703362	      0.89710557	      0.69448316	      0.43879526	      0.16647039	      0.02234935	      0.01635211	      0.71077169	      0.73279079	      0.57006899	      0.86332812	      0.74922452	      0.70883870	      0.64575027	      0.63652834	      0.62317474	      0.43889566	      0.48669023	      0.41017408	      0.19588345	      0.61345236	      0.39773763	      0.57058612	      0.43033224	      0.25653454	      0.39575955	      0.01000269	      0.50555918	      0.99783748	      0.17520912	      0.74156316	      0.93804084	      0.83542708	      0.46625225	      0.42439250	      0.55921368	      0.56245735	      0.52858993	      0.48382545	      0.42966567	      0.45274168	      0.47628751	      0.48599788	      0.49999776	      0.51531997	      0.44095532	      0.38822262	      0.59545758	      0.65206771	      0.58136222	      0.51702953	      0.56296262	      0.60769098	      0.50090209	      0.50612609	      0.52081016	      0.45622801	      0.45536068	      0.50133158	      0.51335801	      0.56827511	      0.42971926	      0.55228267	      0.45582168	      0.31485733	      0.43179381	      0.61734406	      0.49532522	      0.45620645	      0.51485253	      0.68863120	      0.99293994	      0.76247744	     -0.21872984	     -4.45293344	     24.32107077	     -8.49077733	    151.03485898	     85.92938217	   -243.49070664	      6.45086175	      0.00000001	      0.00000000	     36.99637739	     -4.72020024	      5.79050366	    -78.06108329	     -1.49577329	      0.00000000	      0.00000001	    313.82034287	    298.86560330	    166.37755168	    -89.88899643	     51.66651252	     47.38363466	     -0.59279568	      0.14972639	      0.44134884	     -0.74327425	      0.99778701	     -0.47573556	     -0.13008079	     -0.14697682	     -0.67174013	     -0.29885326
      5.35500000	      0.94410401	      0.96399929	      0.97408373	      0.97229580	      0.97104446	      0.93813809	      0.07615551	      0.07952762	      0.95621757	      0.91337419	      0.31075724	      0.07043455	      0.02094346	      0.01682516	      0.94728545	      0.96798650	      0.97068753	      0.83797495	      0.89105825	      0.93255695	      0.60652169	      0.56567419	      0.61024251	      0.32178926	      0.10581140	      0.24715734	      0.07841429	      0.74658898	      0.08202973	      0.34035585	      0.07135722	      0.02818888	      0.08983797	      0.01423002	      0.33120238	      0.97912220	      0.07346729	      0.98473327	      0.99472637	      0.99000776	      0.17325310	      0.06340420	      0.95796205	      0.95331487	      0.93343888	      0.73890271	      0.04852023	      0.06975734	      0.11159291	      0.19203736	      0.57445783	      0.86088372	      0.07427029	      0.03867108	      0.94304981	      0.97453342	      0.96839404	      0.02322240	      0.72703251	      0.95033639	      0.15783210	      0.19102114	      0.42674301	      0.08430166	      0.07272984	      0.61938654	      0.84545155	      0.92105765	      0.06166605	      0.94558827	      0.07876908	      0.02117453	      0.04811667	      0.99112037	      0.41650199	      0.06009124	      0.85557823	      0.98763374	      0.99575823	      0.99191785	     -0.64048283	      0.94708133	     -2.88471291	     97.30398744	     42.15953486	     86.01120228	   -129.01524920	     10.81818676	      0.00000000	      0.00000000	     36.44585709	     56.71624298	      1.30061691	   -119.49957689	      3.40770363	      0.00000000	      0.00000000	    155.62526368	    257.24530170	     70.41638415	   -125.23936140	     54.87832273	     54.46105590	     -0.97861342	      0.95216541	     -0.84506471	     -0.98774550	      0.99057273	     -0.97928501	     -0.83555926	     -0.98182131	     -0.98930118	     -0.97864218
      5.36000000	      0.52457189	      0.62008244	      0.67839885	      0.68965780	      0.63282637	      0.47100412	      0.35105743	      0.40523975	      0.97976315	      0.86470042	      0.43095739	      0.09930639	      0.01690127	      0.01234568	      0.69605078	      0.71741662	      0.65218025	      0.80413067	      0.69999233	      0.67702919	      0.65535256	      0.65198472	      0.64586290	      0.45998163	      0.45357333	      0.38564210	      0.12354271	      0.60900810	      0.37744712	      0.51151675	      0.39232423	      0.18225098	      0.39728246	      0.01000153	      0.51558023	      0.99913278	      0.11090515	      0.78726999	      0.95075969	      0.87863240	      0.44451908	      0.36295066	      0.61119098	      0.61297877	      0.55675271	      0.47289655	      0.36842303	      0.42633771	      0.45045926	      0.48068151	      0.52226130	      0.56056983	      0.45628048	      0.37924244	      0.63898855	      0.71869371	      0.62963065	      0.51680721	      0.58890975	      0.66363817	      0.52024672	      0.52465432	      0.53545093	      0.43019448	      0.43746166	      0.52599921	      0.55642827	      0.60607292	      0.38407692	      0.60874188	      0.43731131	      0.20709420	      0.38374788	      0.89875879	      0.51346153	      0.38739335	      0.55855320	      0.75219111	      0.91068763	      0.81997957	     -1.06782081	     -0.50989846	      0.01380767	     87.18126244	     63.44045164	     68.70053891	   -154.08343421	      7.55588857	      0.00000000	     -0.00000000	     39.95255597	     27.64525271	     22.89297064	   -106.01906253	      4.52169822	     -0.00000000	      0.00000000	    173.45668955	    242.79616154	     85.45525705	   -114.29832940	     44.95245924	     44.67141603	     -0.73314815	      0.32049406	      0.21452411	     -0.86063567	      0.99985884	     -0.57454700	     -0.21794847	     -0.22532408	     -0.77767642	     -0.73361586
      5.36500000	      0.57009872	      0.64658010	      0.67605807	      0.70175945	      0.63723671	      0.50891225	      0.35360222	      0.38231508	      0.96496252	      0.84855728	      0.43156143	      0.13154499	      0.01771783	      0.01286713	      0.74721610	      0.77255740	      0.66373000	      0.80828256	      0.73727196	      0.72980762	      0.63941353	      0.64084956	      0.64409289	      0.45015651	      0.43675398	      0.39200267	      0.15429075	      0.64051286	      0.36180990	      0.51475717	      0.36925443	      0.14441744	      0.37863094	      0.01000164	      0.49650186	      0.99909653	      0.14437685	      0.79797520	      0.91477607	      0.85856650	      0.45106962	      0.38641297	      0.62906750	      0.62909959	      0.57904998	      0.48295607	      0.35033616	      0.39371152	      0.49223457	      0.49641494	      0.50127293	      0.50524106	      0.32127532	      0.25472993	      0.66985015	      0.72940320	      0.64902954	      0.54458058	      0.62212421	      0.68474652	      0.51254162	      0.52232927	      0.54871519	      0.41015941	      0.41094993	      0.50167160	      0.50483239	      0.64142801	      0.36800858	      0.59849789	      0.40399249	      0.23419539	      0.36108622	      0.62261294	      0.49858144	      0.48071943	      0.50499537	      0.75563872	      0.85848417	      0.80475855	     -0.74606866	     -1.31126951	      0.62813716	     93.60317253	     84.77972264	     46.99396756	   -183.95355756	      4.36652830	      0.00000000	      0.00000000	     37.78498271	     38.50040803	     32.71028412	   -121.76976654	      6.08559842	      0.00000000	      0.00000000	    187.14665655	    293.55415033	     95.86173154	   -110.35882108	     44.01740581	     38.09695052	     -0.52943826	      0.36545606	      0.20464690	     -0.79588356	      0.99945287	     -0.59935501	     -0.20261328	     -0.31484812	     -0.71422508	     -0.21223071
      5.37000000	      0.88934648	      0.92865399	      0.93896697	      0.93106163	      0.93618920	      0.88396524	      0.16268274	      0.13116697	      0.92461745	      0.87487502	      0.37839855	      0.12612418	      0.04014162	      0.03040253	      0.87375778	      0.91570431	      0.92588525	      0.66149391	      0.79150351	      0.85826923	      0.55863124	      0.52809026	      0.55886125	      0.38702878	      0.17234477	      0.31826137	      0.13525361	      0.69632408	      0.14283836	      0.28224905	      0.12192730	      0.05174520	      0.15119730	      0.02477522	      0.42424041	      0.95793531	      0.13186713	      0.95149736	      0.97871911	      0.96656338	      0.26799477	      0.10870332	      0.90805787	      0.89685587	      0.87247836	      0.68555582	      0.09659728	      0.12033944	      0.11975261	      0.21238180	      0.56305022	      0.80697132	      0.01363235	      0.03809469	      0.87156816	      0.93649561	      0.92098371	      0.08242816	      0.52347787	      0.88567368	      0.23018581	      0.25306371	      0.37687373	      0.14649101	      0.12627382	      0.60002394	      0.79359730	      0.83824643	      0.10953004	      0.85806295	      0.13530696	      0.04347848	      0.09442664	      0.99063162	      0.48345880	      0.04728970	      0.79776554	      0.95623525	      0.98155007	      0.96872838	     -1.16526672	      0.97038947	     -0.17257231	     86.63211529	     60.56794951	     53.94876219	   -146.87860685	      7.01140612	      0.00000000	      0.00000000	     60.93619443	     65.39554561	     20.52436794	   -146.29116577	      5.24658580	     -0.00000000	     -0.00000000	    176.25044532	    315.56778825	     64.15712619	   -111.06443488	     41.32494991	     36.46171567	     -0.94091854	      0.87303607	     -0.80203593	     -0.96102697	      0.97064662	     -0.93566002	     -0.78209628	     -0.96359807	     -0.96117274	     -0.98165645
      5.37500000	      0.88575929	      0.92715185	      0.93177336	      0.92398265	      0.92934688	      0.87536462	      0.14733023	      0.14109174	      0.92788892	      0.87725930	      0.38892562	      0.13456904	      0.03796543	      0.02773339	      0.86103275	      0.90755493	      0.91613102	      0.70669074	      0.78119129	      0.84555129	      0.58590590	      0.55919632	      0.57896139	      0.40089104	      0.20155709	      0.33186263	      0.14428439	      0.67257940	      0.16451350	      0.31858356	      0.13275327	      0.05304366	      0.15872810	      0.02253516	      0.44190072	      0.96166207	      0.14126062	      0.95047721	      0.98117110	      0.96599228	      0.42345697	      0.20731593	      0.90225569	      0.89183067	      0.87348036	      0.72677775	      0.09214100	      0.12491935	      0.16886896	      0.25539080	      0.54053803	      0.74444087	      0.14593065	      0.07874721	      0.86453492	      0.92737565	      0.90939210	      0.01374856	      0.64162780	      0.87443770	      0.29322019	      0.31653576	      0.44980570	      0.17050465	      0.15009105	      0.56821788	      0.73212556	      0.81744275	      0.12783202	      0.82958789	      0.13939630	      0.03986126	      0.09879418	      0.97157897	      0.49029450	      0.09896313	      0.73488734	      0.95835623	      0.98380344	      0.97117493	     -1.82642349	      0.90885972	      1.87551734	     89.59872928	     85.10131982	     36.12209147	   -181.07187779	      5.66406882	     -0.00000000	      0.00000000	     71.26554251	     82.17677368	     14.89520351	   -177.27580271	      5.20533654	     -0.00000000	     -0.00000000	    215.42444738	    391.96793921	     79.81408788	   -111.94686687	     37.15685778	     27.99014253	     -0.94606531	      0.87672682	     -0.75100911	     -0.96494259	      0.97579302	     -0.93912670	     -0.52035641	     -0.92761406	     -0.96750624	     -0.94040943
      5.38000000	      0.94965538	      0.97165323	      0.97129563	      0.96743598	      0.97058334	      0.94337744	      0.08349689	      0.07134067	      0.97253923	      0.94697026	      0.30825406	      0.06777810	      0.01945591	      0.01577523	      0.92691180	      0.95774561	      0.96275856	      0.77582433	      0.85979544	      0.91731764	      0.64313576	      0.59940925	      0.62617579	      0.33833120	      0.11722639	      0.23540911	      0.07342813	      0.74256932	      0.09016239	      0.19614462	      0.06631335	      0.02687863	      0.08743515	      0.01408968	      0.40444913	      0.98728017	      0.07192135	      0.98025208	      0.99347075	      0.98701707	      0.36693007	      0.12551240	      0.95355070	      0.94717740	      0.93511123	      0.81134901	      0.04472191	      0.06155379	      0.07694273	      0.13776134	      0.56930227	      0.84709319	      0.09271279	      0.04304174	      0.93325270	      0.96937765	      0.95826395	      0.06761081	      0.67847744	      0.93910841	      0.20616030	      0.22835287	      0.35527746	      0.09135842	      0.07780072	      0.62038066	      0.83592995	      0.90247592	      0.06371028	      0.89728064	      0.07044767	      0.02033571	      0.04807729	      0.99085201	      0.47941937	      0.04149698	      0.83768385	      0.98419440	      0.99443216	      0.98963028	     -1.16317427	      0.95831078	      1.85461606	     83.09174628	     55.87832623	     56.49855752	   -136.31825786	      6.18003207	     -0.00000000	     -0.00000000	     70.19210901	     55.97445353	     37.77482725	   -132.68518779	      6.15355883	     -0.00000000	     -0.00000000	    158.69810625	    299.08282462	     61.31518866	   -114.08885977	     30.91542725	     28.51890006	     -0.97982601	      0.95208548	     -0.88674170	     -0.98799832	      0.99231950	     -0.97910829	     -0.73025144	     -0.97138389	     -0.98946610	     -0.98164489
      5.38500000	      0.92784554	      0.95819130	      0.95086647	      0.94464817	      0.95119410	      0.91673030	      0.08150630	      0.09512309	      0.95773113	      0.92516592	      0.33091919	      0.09509007	      0.02579184	      0.01975170	      0.88381686	      0.92376520	      0.93498398	      0.80292076	      0.82741066	      0.87276348	      0.67148072	      0.62348977	      0.62127904	      0.31677392	      0.17569105	      0.26212286	      0.10163477	      0.62823121	      0.13963461	      0.38955162	      0.09268378	      0.03364325	      0.09789657	      0.01737282	      0.43936148	      0.97944475	      0.10015482	      0.96673087	      0.98872297	      0.97805562	      0.57249888	      0.28158472	      0.92916721	      0.91964805	      0.91257451	      0.82500926	      0.05722922	      0.08360539	      0.09906716	      0.15977391	      0.56440291	      0.81993181	      0.12279645	      0.05815314	      0.88207606	      0.94300117	      0.93127170	      0.10265579	      0.54655524	      0.88920604	      0.24078412	      0.25234592	      0.35193017	      0.12299897	      0.11530091	      0.61193090	      0.81034845	      0.82524544	      0.09877282	      0.87980814	      0.09572064	      0.02630524	      0.06516360	      0.98392203	      0.48633897	      0.05646577	      0.81131764	      0.97293269	      0.99030779	      0.98181034	     -2.64848715	      1.02585414	      2.94736564	     84.17455977	     63.48219533	     48.87602670	   -146.64464658	      5.46574791	      0.00000000	     -0.00000000	     77.20249138	     61.65164574	     37.41119573	   -143.78891587	      6.25424174	     -0.00000000	     -0.00000000	    113.34375212	    339.64963989	     53.09983511	   -113.38942513	     24.00927974	     19.15864807	     -0.96308932	      0.92574372	     -0.77728960	     -0.97967617	      0.98655028	     -0.96263587	     -0.30396618	     -0.94455595	     -0.98198749	     -0.96876469
      5.39000000	      0.61655814	      0.70637347	      0.67198800	      0.65261530	      0.67861526	      0.59776083	      0.43447939	      0.41611357	      0.67270361	      0.60877382	      0.49176737	      0.41814156	      0.18116023	      0.11877891	      0.59903055	      0.63004110	      0.62880253	      0.58255159	      0.58018572	      0.59602939	      0.54242886	      0.53873172	      0.53912350	      0.49562768	      0.46027525	      0.48287307	      0.42424290	      0.54923011	      0.43615119	      0.47056889	      0.40685132	      0.27545748	      0.43981732	      0.09718339	      0.50341941	      0.81233975	      0.42310181	      0.70214715	      0.89641300	      0.79050819	      0.49453143	      0.45653463	      0.58684377	      0.58719969	      0.56075722	      0.49661895	      0.35618939	      0.41985311	      0.49276316	      0.49836826	      0.50590670	      0.51034132	      0.36865519	      0.28365679	      0.62738181	      0.67055935	      0.58276643	      0.59478626	      0.60623064	      0.64214523	      0.53728586	      0.54160001	      0.55172367	      0.44552749	      0.46131131	      0.50641931	      0.51002570	      0.61858303	      0.41747332	      0.56035665	      0.43159730	      0.21992787	      0.38970102	      0.45568823	      0.50513293	      0.48205585	      0.51004381	      0.70037378	      0.85879429	      0.76332728	     -8.22460152	     -1.92737537	     10.13320421	    100.85737032	    122.20462232	     23.39105468	   -231.25199185	      2.78093673	     -0.00000001	     -0.00000000	     68.66519688	     75.70575193	      2.09913643	   -179.15231035	     -0.61435259	     -0.00000000	     -0.00000000	     67.71932695	    462.81988621	     10.69680411	   -111.67716125	     18.06612217	      9.98343787	     -0.68529005	      0.49330862	     -0.23468752	     -0.73768710	      0.99806905	     -0.49319194	     -0.11929544	      0.15489699	     -0.72102557	      0.14756668
      5.39500000	      0.98391490	      0.99172364	      0.98857690	      0.98675287	      0.98899713	      0.98030279	      0.02040584	      0.02735562	      0.99213428	      0.98503547	      0.17060091	      0.02918070	      0.01276924	      0.01167420	      0.96626406	      0.97934198	      0.98357458	      0.95341954	      0.95052156	      0.96428061	      0.86484735	      0.80430227	      0.78534289	      0.09381233	      0.07176386	      0.10523752	      0.03090032	      0.71363172	      0.05082060	      0.78003319	      0.02798919	      0.01360509	      0.02498769	      0.01142155	      0.42106141	      0.99639962	      0.03059732	      0.99349778	      0.99792487	      0.99587476	      0.93429290	      0.93906076	      0.98544038	      0.98229779	      0.98362206	      0.96883731	      0.01846306	      0.02488724	      0.12112307	      0.18178547	      0.54747576	      0.76311649	      0.01541959	      0.01264874	      0.93928870	      0.98250172	      0.98385827	      0.02992251	      0.16000653	      0.94300052	      0.08961983	      0.08276214	      0.10660707	      0.04052938	      0.04012157	      0.59422013	      0.75465402	      0.74713408	      0.03628234	      0.96930174	      0.02797038	      0.01285940	      0.02081117	      0.97449254	      0.46003674	      0.07030774	      0.75491300	      0.99448760	      0.99818747	      0.99649691	     -5.68768361	      1.88395802	      5.09892532	     86.64146722	     78.13749604	     34.12174909	   -168.30367094	      4.60218775	     -0.00000000	      0.00000000	     87.24393664	     77.03134651	     28.20579166	   -167.76062646	      6.08002062	      0.00000000	     -0.00000000	     38.74824391	    424.44403740	     -0.94290540	   -107.83744700	     12.68068987	      7.50502333	     -0.99244410	      0.98463110	     -0.92383724	     -0.99643166	      0.99755797	     -0.99289469	      0.90862118	     -0.98944960	     -0.99676732	     -0.95284454
      5.40000000	      0.95963618	      0.97822233	      0.96969678	      0.96516758	      0.97091954	      0.95173061	      0.03645551	      0.05232036	      0.98028516	      0.96461934	      0.24268987	      0.05575062	      0.01734612	      0.01447368	      0.92367495	      0.94850922	      0.95774725	      0.90406766	      0.90122553	      0.92249760	      0.80316008	      0.75731689	      0.74523962	      0.16072925	      0.13649698	      0.17172080	      0.05920851	      0.69599870	      0.10009250	      0.71267470	      0.05375021	      0.01981813	      0.04722934	      0.01395402	      0.46763765	      0.99060314	      0.05866552	      0.98225543	      0.99410905	      0.98851343	      0.88372955	      0.89753963	      0.96311241	      0.95561420	      0.95959140	      0.93244283	      0.03254990	      0.04690171	      0.30987172	      0.43017216	      0.46712279	      0.47410454	      0.02201614	      0.01748360	      0.86345506	      0.95421930	      0.95913029	      0.05674886	      0.18897165	      0.87040438	      0.14753156	      0.13678951	      0.16126277	      0.08071657	      0.07850742	      0.46095439	      0.46887401	      0.58197407	      0.07214280	      0.92147715	      0.05347052	      0.01795361	      0.03819685	      0.93932605	      0.47707138	      0.16519260	      0.46893569	      0.98482973	      0.99483991	      0.99018347	     -5.86401178	      1.87931547	      5.62577558	     82.79474676	     79.94767441	     27.33632572	   -167.21878330	      3.80504531	      0.00000000	     -0.00000000	     90.06469404	     76.91491985	     30.14438352	   -167.89074062	      6.17535221	     -0.00000000	     -0.00000000	     37.84466718	    428.59605625	     -3.64261614	   -103.62562633	      8.72629512	      3.43106063	     -0.97930368	      0.95854462	     -0.83550339	     -0.99006062	      0.99335543	     -0.98063059	      0.81661610	     -0.97275149	     -0.99095683	     -0.89334028
      5.40500000	      0.90067429	      0.93716237	      0.91666763	      0.89869484	      0.92127483	      0.89179836	      0.10236518	      0.13122122	      0.93056906	      0.89270159	      0.32615049	      0.13389597	      0.03622841	      0.02556993	      0.79356412	      0.81521308	      0.87580130	      0.76109633	      0.76426958	      0.79511829	      0.66085062	      0.61919379	      0.60653080	      0.27187940	      0.23774774	      0.26575741	      0.13907925	      0.56688752	      0.20716835	      0.51134434	      0.13042339	      0.04906921	      0.12551070	      0.02475716	      0.47222436	      0.96525114	      0.13835239	      0.93926970	      0.97953157	      0.95958299	      0.75467065	      0.76385736	      0.86013505	      0.84544419	      0.85504071	      0.82019846	      0.08685828	      0.12426823	      0.41405164	      0.44092579	      0.47666960	      0.49619683	      0.09121683	      0.05494459	      0.77562848	      0.88222482	      0.85470443	      0.07343411	      0.27398448	      0.78808664	      0.24321611	      0.23065502	      0.26266905	      0.17527950	      0.17413202	      0.47894082	      0.49490111	      0.61857353	      0.16397198	      0.80703868	      0.13780488	      0.03950369	      0.10384702	      0.73532423	      0.47332426	      0.35479280	      0.49490529	      0.93950917	      0.98098124	      0.96297374	     -7.96149806	      4.45402789	      2.57419704	     81.40977881	     57.74187114	     12.86029172	   -147.38338983	      2.98021687	     -0.00000000	     -0.00000000	     97.24221875	    108.61244661	      8.45276723	   -214.11859894	      5.13402442	      0.00000000	      0.00000000	      7.48399506	    536.62985496	    -68.92329536	    -99.07698169	      3.20676961	     -7.99072388	     -0.93701342	      0.87426308	     -0.76750130	     -0.96616639	      0.97575201	     -0.91922268	      0.47705852	     -0.84343620	     -0.96671595	     -0.51457915
      5.41000000	      0.97355665	      0.98649549	      0.98112045	      0.97797793	      0.98177869	      0.96891764	      0.02287861	      0.03228244	      0.98964532	      0.98130124	      0.15935272	      0.03528818	      0.01362089	      0.01216347	      0.95757433	      0.97140627	      0.97400809	      0.94258100	      0.94619515	      0.95919002	      0.88382657	      0.86687829	      0.87614083	      0.07094409	      0.08445457	      0.10637609	      0.03719808	      0.92197115	      0.05837286	      0.95109838	      0.03401396	      0.01477251	      0.02824144	      0.01208575	      0.46880576	      0.99521379	      0.03694881	      0.99030811	      0.99684046	      0.99384243	      0.95840334	      0.97328753	      0.97895003	      0.97374088	      0.97872620	      0.96929119	      0.02210384	      0.03064457	      0.37215551	      0.41581346	      0.47456984	      0.50691342	      0.02052988	      0.01541174	      0.67340112	      0.95946443	      0.97449677	      0.03217601	      0.06766353	      0.70913360	      0.08506756	      0.07304318	      0.07364414	      0.05632038	      0.05662194	      0.47829740	      0.50476647	      0.06849583	      0.05666484	      0.94752641	      0.03432208	      0.01427766	      0.02591220	      0.84623892	      0.46910679	      0.27991988	      0.50476610	      0.99114659	      0.99709256	      0.99437213	     -7.73843590	      4.46625659	      3.25612593	     82.96693552	     58.76990264	     10.58837776	   -169.79364426	      3.33193325	     -0.00000000	      0.00000000	     94.70484991	    106.34331494	      7.00833586	   -209.77788853	      4.92309119	     -0.00000000	      0.00000000	     11.33033561	    523.87107616	    -87.90579749	    -97.80828641	      0.69663571	     -6.88141144	     -0.98865140	      0.97285183	     -0.90310448	     -0.99494116	      0.99661003	     -0.98901619	      0.95659344	     -0.98647863	     -0.99511619	     -0.71981184
      5.41500000	      0.96698991	      0.98342884	      0.97569324	      0.97133068	      0.97682261	      0.96044261	      0.02610350	      0.03852241	      0.98726449	      0.97656792	      0.22512910	      0.04207884	      0.01443966	      0.01265165	      0.94031370	      0.96052735	      0.96546183	      0.92218422	      0.92415644	      0.94445294	      0.82985173	      0.80333736	      0.81371859	      0.10363852	      0.12098191	      0.14691943	      0.04462578	      0.87102904	      0.07979359	      0.87557574	      0.04039501	      0.01606156	      0.03356461	      0.01263821	      0.49825691	      0.99407322	      0.04432253	      0.98759538	      0.99597400	      0.99208629	      0.94182261	      0.96335592	      0.97274851	      0.96541636	      0.97248319	      0.95868738	      0.02517468	      0.03599696	      0.36145091	      0.41906218	      0.50646095	      0.55360038	      0.02262548	      0.01649526	      0.38070212	      0.94371087	      0.96624748	      0.04155740	      0.10570189	      0.49398488	      0.12810549	      0.10677042	      0.10909178	      0.07310768	      0.07537388	      0.51204225	      0.55061106	      0.12133191	      0.07450256	      0.92069853	      0.04077464	      0.01540831	      0.03010237	      0.84813377	      0.49825697	      0.26307138	      0.55061163	      0.98880412	      0.99626541	      0.99284031	     -7.62958423	      4.99242607	      2.60171639	     78.64861460	     45.58457809	      9.74133275	   -156.22136906	      3.05667856	     -0.00000000	     -0.00000000	     95.05028398	    104.69672872	      9.21575155	   -205.40049136	      4.91388645	     -0.00000001	     -0.00000001	      1.55658941	    512.66148334	   -108.20564206	    -94.56285506	     -3.11343792	     -9.36505826	     -0.98577895	      0.96589152	     -0.87439005	     -0.99360288	      0.99573873	     -0.98650848	      0.92842138	     -0.98107439	     -0.99381645	     -0.73187070
      5.42000000	      0.92591090	      0.96054728	      0.94399201	      0.93451434	      0.94636526	      0.91487266	      0.04552860	      0.07133741	      0.97060604	      0.94802217	      0.28223769	      0.07939351	      0.02012012	      0.01610162	      0.88997540	      0.91887552	      0.92397267	      0.86274047	      0.86867875	      0.89575975	      0.76262964	      0.73768696	      0.75359473	      0.13469384	      0.18552988	      0.21401388	      0.08424863	      0.87603978	      0.13472010	      0.90361654	      0.07531047	      0.02405167	      0.06042784	      0.01609211	      0.48306149	      0.98613277	      0.08373688	      0.97108860	      0.99033753	      0.98126761	      0.92192527	      0.96135273	      0.93973864	      0.92520483	      0.94179364	      0.92361360	      0.04481727	      0.06796001	      0.34790197	      0.40270297	      0.49158063	      0.54109234	      0.04434129	      0.02770667	      0.49872349	      0.87337645	      0.92374361	      0.08418646	      0.15197228	      0.55175353	      0.20814122	      0.17693857	      0.16545525	      0.13803942	      0.14625228	      0.49739584	      0.53794120	      0.06489814	      0.14590521	      0.85601726	      0.07679046	      0.02315190	      0.05630248	      0.85020389	      0.48306149	      0.25841034	      0.53794912	      0.97282805	      0.99067735	      0.98235112	     -7.15660398	      5.20569720	      2.17975691	     73.46588598	     33.02373746	     11.72906496	   -139.33927047	      2.80155233	     -0.00000000	     -0.00000000	     94.70312741	     97.90127793	     15.75001411	   -193.44989684	      5.08321953	      0.00000000	      0.00000000	     -5.24354548	    483.30966508	   -118.69479834	    -92.02076931	     -6.70895543	    -11.05445817	     -0.96640285	      0.91674352	     -0.79551994	     -0.98483804	      0.98967317	     -0.96727379	      0.99445862	     -0.95272706	     -0.98479549	     -0.75902228
      5.42500000	      0.95573393	      0.97696403	      0.96758939	      0.96161422	      0.96890715	      0.94971897	      0.02933463	      0.04352347	      0.98336535	      0.97085429	      0.20687382	      0.04882291	      0.01564209	      0.01334053	      0.93183441	      0.95325751	      0.95597591	      0.90464894	      0.91434677	      0.93784561	      0.83120485	      0.81612796	      0.83500143	      0.09360325	      0.12084211	      0.14568568	      0.05154900	      0.90486180	      0.08360777	      0.91478064	      0.04602993	      0.01769597	      0.03728191	      0.01361190	      0.47321833	      0.99199909	      0.05129704	      0.98404985	      0.99471281	      0.98970573	      0.95066699	      0.97147147	      0.96620289	      0.95730766	      0.96786146	      0.95749273	      0.02930015	      0.04223103	      0.27415083	      0.34393445	      0.48815539	      0.57415195	      0.02430915	      0.01753791	      0.18185343	      0.90209988	      0.95560998	      0.05184120	      0.10232399	      0.31124531	      0.14711271	      0.11781046	      0.10918081	      0.09100212	      0.10126767	      0.49838396	      0.56885057	      0.08547489	      0.10603213	      0.91426760	      0.04706302	      0.01739678	      0.03587484	      0.88634982	      0.47321833	      0.18811417	      0.56887914	      0.98456039	      0.99470746	      0.98995818	     -7.34691251	      5.83878951	      1.49198627	     71.09504901	     22.86355066	      9.14231836	   -132.12373577	      2.57690093	     -0.00000000	     -0.00000000	     95.53475228	    100.83805426	     13.74540361	   -196.31180399	      4.86554720	      0.00000000	      0.00000000	    -13.95670909	    490.64413066	   -141.25149491	    -90.15646819	    -10.68035329	    -14.42103591	     -0.98168014	      0.94964819	     -0.89490207	     -0.99180837	      0.99418511	     -0.98173643	      0.94854656	     -0.97480566	     -0.99149271	     -0.80227282
      5.43000000	      0.96263916	      0.98336454	      0.97473397	      0.97010656	      0.97486082	      0.95752554	      0.02196131	      0.03344512	      0.98940781	      0.98049923	      0.17522522	      0.03702236	      0.01292703	      0.01166567	      0.95648202	      0.97050413	      0.96625503	      0.93218064	      0.94069817	      0.96127311	      0.86586572	      0.85511631	      0.87664652	      0.06649913	      0.09787293	      0.11918171	      0.03902047	      0.93653102	      0.06246619	      0.94797141	      0.03626082	      0.01425546	      0.02762058	      0.01176952	      0.46819506	      0.99563753	      0.03886631	      0.98973136	      0.99706673	      0.99372814	      0.97564679	      0.98811560	      0.97833810	      0.97144069	      0.98087585	      0.97685822	      0.02236571	      0.03239644	      0.23846306	      0.31770041	      0.48563809	      0.58695689	      0.01946867	      0.01448993	      0.06466680	      0.88830955	      0.96810785	      0.03850631	      0.07289603	      0.13332032	      0.12657937	      0.09447490	      0.08186025	      0.07876073	      0.09416572	      0.49759383	      0.58064520	      0.05371558	      0.10686570	      0.94025204	      0.03565180	      0.01406289	      0.02783864	      0.92397269	      0.46819506	      0.14824882	      0.58069414	      0.99022218	      0.99713008	      0.99404388	     -7.12907288	      6.12954541	      1.04570532	     67.37134537	     12.92923154	      9.35759598	   -120.55923242	      2.35568980	     -0.00000000	     -0.00000000	     95.02086576	     97.96097284	     16.03423938	   -190.26438961	      4.79401009	     -0.00000000	     -0.00000000	    -20.26833894	    476.30619502	   -153.47032604	    -88.40148127	    -14.49305934	    -16.97794847	     -0.98867627	      0.95711262	     -0.91258601	     -0.99561790	      0.99716274	     -0.98957045	      0.98477962	     -0.98582484	     -0.99557137	     -0.87561628
      5.43500000	      0.94201749	      0.97242488	      0.95857567	      0.94997943	      0.96028396	      0.93496708	      0.03072323	      0.04919434	      0.98208699	      0.96673565	      0.24043289	      0.05527063	      0.01525795	      0.01302654	      0.93774140	      0.94693947	      0.94355317	      0.93190427	      0.92842298	      0.93882712	      0.78029880	      0.73993768	      0.76797681	      0.09231291	      0.13826842	      0.16379456	      0.05858639	      0.94757146	      0.09299891	      0.94576814	      0.05237056	      0.01768942	      0.04075087	      0.01327652	      0.47625858	      0.99215804	      0.05839012	      0.98231547	      0.99460111	      0.98904491	      0.95394529	      0.97365261	      0.96058250	      0.94900281	      0.96434617	      0.95668876	      0.03102941	      0.04787565	      0.26407640	      0.34210666	      0.49112970	      0.57714350	      0.02837233	      0.01874784	      0.17875559	      0.82079097	      0.94441524	      0.05922948	      0.08189323	      0.29409534	      0.18066217	      0.12803191	      0.10477830	      0.11709845	      0.14259779	      0.50128374	      0.57174252	      0.03722950	      0.16189766	      0.91255218	      0.05330115	      0.01748918	      0.04012029	      0.91216456	      0.47625858	      0.16829048	      0.57179077	      0.98268908	      0.99459759	      0.98920634	     -5.87177545	      5.62352646	      0.85824875	     60.69010328	      3.23956575	     16.45085295	    -98.27907319	      2.12778804	      0.00000000	      0.00000000	     91.34380818	     80.62207750	     29.76736364	   -162.68669798	      5.13911455	      0.00000000	     -0.00000000	    -20.07816892	    408.00089081	   -140.60922930	    -87.10704072	    -17.35515684	    -17.37034265	     -0.98035603	      0.93414980	     -0.89091325	     -0.99189860	      0.99472784	     -0.98099182	      0.95234643	     -0.97304878	     -0.99166393	     -0.85321436
      5.44000000	      0.95255535	      0.97772848	      0.96514411	      0.95590203	      0.96757678	      0.94774092	      0.02888625	      0.04408317	      0.98443873	      0.97002517	      0.30733901	      0.05248904	      0.01463569	      0.01269705	      0.90009232	      0.93831042	      0.94944242	      0.85448090	      0.87653964	      0.91508179	      0.69388561	      0.62854049	      0.68145475	      0.12236782	      0.14121188	      0.13221373	      0.05658747	      0.91545774	      0.10012135	      0.87429394	      0.04553779	      0.01705520	      0.03804917	      0.01290328	      0.54367558	      0.99312441	      0.05641878	      0.98445872	      0.99512161	      0.99029897	      0.94592291	      0.97223753	      0.96190114	      0.94917002	      0.96484064	      0.95254082	      0.02884665	      0.04366356	      0.23575781	      0.33641900	      0.56847912	      0.67449331	      0.01301450	      0.01353700	      0.01678723	      0.63844693	      0.94561380	      0.06473794	      0.10240019	      0.30461242	      0.20687794	      0.12583273	      0.11750662	      0.13714709	      0.15766886	      0.58435904	      0.66939851	      0.10651946	      0.20966484	      0.90355173	      0.04830585	      0.01691579	      0.03699534	      0.93733902	      0.54367558	      0.13297972	      0.66944273	      0.98441626	      0.99497031	      0.99021409	     -5.80097535	      5.91029373	     -0.42879167	     58.24147187	     -4.73023926	     15.46634278	    -89.41483233	      1.91237550	      0.00000000	     -0.00000000	     89.60904804	     79.21176169	     30.29959774	   -158.57947156	      4.93520150	     -0.00000000	     -0.00000000	    -26.52478424	    402.48899663	   -150.44134985	    -85.99240572	    -21.01608563	    -20.32385276	     -0.98337757	      0.94531605	     -0.93639807	     -0.99270402	      0.99501082	     -0.98321117	      0.93528464	     -0.97317046	     -0.99228402	     -0.89645590
      5.44500000	      0.94047183	      0.96668700	      0.95494224	      0.94628842	      0.95664605	      0.93649774	      0.03335188	      0.05035986	      0.97868986	      0.96317766	      0.22695138	      0.05805084	      0.01646882	      0.01376414	      0.90187631	      0.93688654	      0.94148599	      0.81716691	      0.87186349	      0.91717324	      0.75426291	      0.73804928	      0.75811798	      0.10452884	      0.13188273	      0.16240592	      0.06107001	      0.88004807	      0.09946448	      0.91976561	      0.05241947	      0.01942704	      0.04307550	      0.01440741	      0.51611489	      0.98984013	      0.06101547	      0.97961068	      0.99329964	      0.98670012	      0.94752314	      0.97151581	      0.95533826	      0.94311030	      0.95959608	      0.95074634	      0.03387224	      0.05082970	      0.21048849	      0.30184381	      0.54571306	      0.73195674	      0.03092479	      0.02042821	      0.15968159	      0.73212795	      0.93782147	      0.07137121	      0.12772578	      0.20691489	      0.20790319	      0.15359165	      0.13296347	      0.12093678	      0.16221702	      0.56654435	      0.71999828	      0.09883787	      0.19211603	      0.91485753	      0.05516028	      0.01947148	      0.04371641	      0.96898505	      0.51611489	      0.11724298	      0.72007610	      0.97912269	      0.99303175	      0.98654339	     -5.88107040	      6.27822065	     -1.10491191	     56.87691098	    -11.15834633	     13.53148280	    -85.19353041	      1.74949747	     -0.00000000	     -0.00000000	     90.22649047	     82.29753001	     26.73944205	   -162.54803270	      4.61108152	     -0.00000000	     -0.00000000	    -31.00110977	    406.18748765	   -163.71066296	    -85.36808351	    -24.56545488	    -23.61451070	     -0.97602176	      0.91799154	     -0.90481003	     -0.98991717	      0.99286639	     -0.97691842	      0.94163631	     -0.96392671	     -0.98910375	     -0.97216287
      5.45000000	      0.97260456	      0.98671702	      0.97941771	      0.97390928	      0.98083514	      0.97136296	      0.02088258	      0.02886105	      0.98909725	      0.98022846	      0.20372087	      0.03637728	      0.01301858	      0.01173509	      0.92517183	      0.96326202	      0.97137615	      0.97208874	      0.87448051	      0.94464809	      0.81349423	      0.83033025	      0.87624102	      0.06643456	      0.07853721	      0.12420191	      0.03831781	      0.88952554	      0.05916678	      0.95474480	      0.02940870	      0.01424724	      0.02563824	      0.01220644	      0.53457130	      0.99487000	      0.03832818	      0.99089616	      0.99704023	      0.99429218	      0.97035700	      0.98472584	      0.97698230	      0.96940933	      0.97907929	      0.97295752	      0.02168791	      0.03005192	      0.11788883	      0.19563598	      0.58660157	      0.83571962	      0.02007210	      0.01482709	      0.16415398	      0.85086134	      0.96697862	      0.04452952	      0.10131991	      0.09841083	      0.17900426	      0.11653262	      0.09973479	      0.07499323	      0.10037006	      0.62184782	      0.82456059	      0.07871627	      0.11089342	      0.95001197	      0.03215847	      0.01458105	      0.02652826	      0.97500137	      0.53457130	      0.06705865	      0.82459253	      0.99004231	      0.99664499	      0.99363067	     -6.22250055	      6.35644294	     -1.05087754	     55.63839197	    -11.11375906	      9.65916534	    -85.84523452	      1.44115150	     -0.00000000	     -0.00000000	     89.62191999	     84.61225179	     24.43480586	   -163.86907565	      4.34364487	      0.00000000	     -0.00000000	    -35.44461365	    418.99017092	   -169.16140095	    -84.84138915	    -28.11934729	    -27.21519835	     -0.99032980	      0.96534451	     -0.96858873	     -0.99567824	      0.99642842	     -0.98942603	      0.96240013	     -0.98338992	     -0.99507450	     -0.98317981
      5.45500000	      0.98475006	      0.99470280	      0.98929152	      0.98420553	      0.99070716	      0.98279238	      0.01450823	      0.01931037	      0.99599937	      0.99187684	      0.14068525	      0.02227518	      0.01140609	      0.01087214	      0.95590614	      0.97424706	      0.98115863	      0.95097967	      0.94225641	      0.96420004	      0.87752678	      0.87486689	      0.90601313	      0.05264323	      0.07492434	      0.08913674	      0.02363736	      0.95999435	      0.04826899	      0.97406511	      0.01942537	      0.01207916	      0.01718489	      0.01101539	      0.45381890	      0.99789924	      0.02367958	      0.99614064	      0.99839260	      0.99734948	      0.98323316	      0.99323947	      0.98713930	      0.98034781	      0.98900408	      0.98486800	      0.01448728	      0.01956940	      0.06055193	      0.14042841	      0.50049559	      0.76043101	      0.01463996	      0.01230545	      0.06278945	      0.61882973	      0.97772202	      0.03104686	      0.06258473	      0.06333309	      0.13052134	      0.08446700	      0.06813224	      0.06150537	      0.11127636	      0.53285327	      0.74611660	      0.04463209	      0.16232786	      0.97329236	      0.02126615	      0.01208178	      0.01696333	      0.99613870	      0.45381890	      0.02470669	      0.74608153	      0.99597898	      0.99834128	      0.99727284	     -6.01450965	      6.15545020	     -0.65047950	     53.14021059	    -10.78454329	      9.07073241	    -82.05328101	      1.11299553	      0.00000000	      0.00000000	     89.92306790	     81.30807560	     26.73966950	   -159.05652353	      4.32641289	      0.00000000	      0.00000000	    -33.51841234	    407.54583498	   -164.31482767	    -84.87036249	    -31.34788796	    -29.75261476	     -0.99525725	      0.98581155	     -0.98662406	     -0.99757288	      0.99832525	     -0.99524660	      0.98227656	     -0.99283337	     -0.99751182	     -0.99555803
      5.46000000	      0.94725915	      0.97399011	      0.95795075	      0.94726795	      0.96097832	      0.94293119	      0.02987276	      0.04635114	      0.98957990	      0.97571962	      0.24874456	      0.04628786	      0.01377806	      0.01228924	      0.88680140	      0.93161378	      0.94190990	      0.77590429	      0.85642147	      0.91219787	      0.72656270	      0.68074178	      0.69362903	      0.10585695	      0.14705740	      0.16535273	      0.04958967	      0.86191757	      0.10303276	      0.94172105	      0.04683217	      0.01795700	      0.03927260	      0.01120378	      0.47029936	      0.99643488	      0.04977529	      0.98271686	      0.99436348	      0.98903913	      0.95273006	      0.97599344	      0.95717028	      0.94268363	      0.96248528	      0.95510444	      0.02978073	      0.04635865	      0.10836281	      0.21737742	      0.50099878	      0.67490402	      0.03251379	      0.02022246	      0.14379308	      0.56105095	      0.93666509	      0.06897742	      0.12747795	      0.21189590	      0.23905319	      0.16389672	      0.13583940	      0.12380442	      0.20459761	      0.52204548	      0.66444815	      0.09364891	      0.27023256	      0.93754560	      0.04984628	      0.01789771	      0.03916123	      0.99698713	      0.47029936	      0.03347995	      0.66435575	      0.98218419	      0.99405809	      0.98862388	     -5.40932735	      5.72720969	     -0.04688396	     49.93822396	    -10.88517034	     11.20563817	    -75.17863358	      0.81452284	      0.00000000	      0.00000000	     89.35137059	     73.31838528	     33.74929489	   -147.30928498	      4.50399226	     -0.00000000	     -0.00000000	    -29.78603999	    375.88981387	   -152.89980199	    -85.08855260	    -34.28200823	    -31.37847723	     -0.98069225	      0.93252076	     -0.92902182	     -0.99175623	      0.99811337	     -0.98064362	      0.94377395	     -0.97085988	     -0.99120292	     -0.99806720
      5.46500000	      0.96204215	      0.98246460	      0.97114094	      0.96482236	      0.97263800	      0.95879373	      0.02266399	      0.03332120	      0.98939991	      0.98065086	      0.20548236	      0.03578832	      0.01264743	      0.01150707	      0.96342439	      0.97146626	      0.96262588	      0.75869859	      0.92704130	      0.97006000	      0.74478753	      0.68096044	      0.69458494	      0.05790470	      0.09744526	      0.11694752	      0.03752889	      0.94840582	      0.05141400	      0.96919841	      0.03377120	      0.01481775	      0.02858662	      0.01174472	      0.47018781	      0.99543058	      0.03767256	      0.98899489	      0.99669726	      0.99330364	      0.97649718	      0.98874034	      0.97498908	      0.96754401	      0.97869471	      0.97639029	      0.02255629	      0.03282157	      0.06642645	      0.11822684	      0.53157747	      0.81485777	      0.02464585	      0.01618017	      0.05380020	      0.50572231	      0.96267031	      0.04359193	      0.06193265	      0.13541878	      0.21077556	      0.11255968	      0.07603688	      0.09143723	      0.19754825	      0.57323914	      0.80290818	      0.03254891	      0.29054003	      0.96370588	      0.03443874	      0.01473898	      0.02869942	      0.98684703	      0.47018781	      0.03876576	      0.80270998	      0.98882264	      0.99656006	      0.99305482	     -5.67040710	      5.72562514	      0.18589159	     48.34164609	    -10.42280210	      7.82797990	    -74.92135755	      0.47730267	      0.00000000	     -0.00000000	     89.98350888	     74.44477144	     32.06317183	   -148.30454479	      4.33319119	      0.00000000	      0.00000000	    -33.19500836	    386.50239095	   -154.53695822	    -85.27499054	    -37.58983497	    -34.63190857	     -0.98825578	      0.95233769	     -0.94897095	     -0.99516871	      0.99724716	     -0.98885454	      0.98166293	     -0.98459040	     -0.99501009	     -0.97690756
      5.47000000	      0.87431015	      0.92885053	      0.88269990	      0.85754010	      0.89305568	      0.87305145	      0.08318026	      0.11877892	      0.91088680	      0.85995622	      0.40701111	      0.17698479	      0.03376977	      0.02328968	      0.67506458	      0.75844265	      0.84820831	      0.31111975	      0.58612660	      0.80683415	      0.54452361	      0.44542688	      0.42451251	      0.25040359	      0.29143204	      0.34816651	      0.18398993	      0.50746111	      0.27898650	      0.84388709	      0.11581808	      0.04194440	      0.10738774	      0.02955734	      0.50994299	      0.95482492	      0.18474199	      0.93729721	      0.97813830	      0.95928216	      0.81515201	      0.87932664	      0.84576279	      0.81398950	      0.85303845	      0.82611459	      0.10565566	      0.14351823	      0.33586721	      0.41135051	      0.51997027	      0.57752702	      0.09561030	      0.05432752	      0.27932126	      0.69858515	      0.81331886	      0.19628581	      0.30030018	      0.47260735	      0.40059316	      0.34926232	      0.32794641	      0.26854270	      0.27927156	      0.52681803	      0.57389953	      0.04990035	      0.26888104	      0.79132200	      0.14609166	      0.05200265	      0.13168968	      0.95830403	      0.50994299	      0.19941068	      0.57381350	      0.91763472	      0.97100151	      0.94492712	     -4.99196509	      5.10956387	      0.74134138	     44.39320784	    -12.03546481	     10.93391031	    -64.73268952	      0.20111992	      0.00000000	      0.00000000	     84.99999911	     62.24336568	     43.35218679	   -126.94757761	      4.59311187	      0.00000000	     -0.00000000	    -34.76809788	    347.29163788	   -140.99887994	    -84.84151879	    -39.83516212	    -35.46503998	     -0.93419539	      0.81959632	     -0.86311077	     -0.96911298	      0.96865280	     -0.91458388	      0.78559658	     -0.85046445	     -0.95766671	     -0.99466947
      5.47500000	      0.55654479	      0.70477236	      0.55485912	      0.57395755	      0.55070478	      0.48444272	      0.20798325	      0.26754452	      0.99807578	      0.99965994	      0.01182659	      0.01271170	      0.01126894	      0.01084524	      0.71101724	      0.72511399	      0.53733320	      0.68849024	      0.71472931	      0.72645168	      0.70118829	      0.69734794	      0.69580824	      0.34327414	      0.54912060	      0.01104800	      0.01269425	      0.69625138	      0.38997003	      0.75938561	      0.27631139	      0.11928780	      0.24398815	      0.01029163	      0.49562700	      0.99999999	      0.01269151	      0.86481119	      0.94216396	      0.90653824	      0.56460070	      0.60265052	      0.58210215	      0.56084561	      0.58990285	      0.57218631	      0.34355080	      0.39905403	      0.52562721	      0.51181588	      0.49401897	      0.48465156	      0.27741677	      0.18419270	      0.48672155	      0.52028543	      0.55768764	      0.42647672	      0.47234019	      0.49550112	      0.48240424	      0.47437368	      0.47155929	      0.46513886	      0.47627299	      0.49291741	      0.48525214	      0.47915862	      0.47614790	      0.56202271	      0.40033646	      0.21474494	      0.38394201	      0.36883897	      0.49562700	      0.55877348	      0.48527102	      0.68070854	      0.84250077	      0.74894796	     -5.38446911	      3.84899042	      3.18956722	     38.31355064	     -9.78241249	      5.56289836	    -41.19478697	     -0.83288347	      0.00000001	     -0.00000000	     92.14270469	     48.43940737	     46.96802594	   -101.07842177	      2.04988116	      0.00000000	      0.00000000	    -82.28873176	    352.16688653	   -104.54218671	    -79.17214855	    -37.59533915	    -37.29427232	     -0.47389399	      0.29908133	      0.08597988	     -0.90490644	      0.99996747	     -0.58343361	      0.09932504	     -0.38997493	     -0.75645913	      0.30387737
      5.48000000	      0.87253401	      0.93323448	      0.87679362	      0.84413296	      0.89101152	      0.86845443	      0.07763462	      0.11897175	      0.93235306	      0.88537450	      0.39983098	      0.15304335	      0.02788474	      0.02008466	      0.67649102	      0.90501747	      0.82984768	      0.39364621	      0.66304349	      0.89687329	      0.60772458	      0.52844569	      0.50266050	      0.27397447	      0.33744319	      0.33585280	      0.16023649	      0.57381369	      0.23276555	      0.85742819	      0.11271338	      0.03864444	      0.10529373	      0.02433238	      0.51204504	      0.96708642	      0.16137443	      0.94276523	      0.98150012	      0.96375421	      0.83761253	      0.90059749	      0.84412096	      0.80521581	      0.85737156	      0.83922116	      0.08926426	      0.13336154	      0.40092770	      0.45071523	      0.51824135	      0.55453942	      0.07493540	      0.04140608	      0.14127691	      0.58305961	      0.80006404	      0.18940940	      0.27907847	      0.31654063	      0.40658747	      0.34442788	      0.30749250	      0.27258258	      0.33567271	      0.52250134	      0.55221688	      0.05805779	      0.34160351	      0.82617341	      0.13672302	      0.04375830	      0.11672732	      0.91052162	      0.51204504	      0.29467964	      0.55212648	      0.93048132	      0.97673188	      0.95508383	     -4.91018365	      4.96031462	      1.30106665	     39.83287389	    -10.94246622	      6.29664153	    -61.08051290	     -0.44708711	     -0.00000000	     -0.00000000	     85.75209076	     60.37694860	     43.23808653	   -124.07682729	      4.47962739	     -0.00000000	     -0.00000000	    -33.54680067	    340.96012587	   -138.55743225	    -82.72346123	    -44.06816269	    -39.11821069	     -0.94096640	      0.82348711	     -0.86639224	     -0.97342820	      0.97729858	     -0.92864858	      0.93263880	     -0.87961011	     -0.96610383	     -0.88942402
      5.48500000	      0.95191773	      0.97947592	      0.95946325	      0.94508275	      0.96403416	      0.94854559	      0.02645693	      0.04147746	      0.98736653	      0.97532464	      0.25444504	      0.04489915	      0.01323498	      0.01183788	      0.81502079	      0.91438579	      0.93968205	      0.57329007	      0.78266208	      0.88829342	      0.67323200	      0.61185435	      0.61035819	      0.11869034	      0.19029471	      0.17287805	      0.04763699	      0.79439757	      0.12789841	      0.96371839	      0.03922394	      0.01635551	      0.03523491	      0.01241792	      0.47504485	      0.99435019	      0.04814773	      0.98659209	      0.99597376	      0.99189233	      0.96228528	      0.98314683	      0.95984149	      0.94092502	      0.96727968	      0.96301251	      0.02632166	      0.04150767	      0.28397636	      0.34707155	      0.49075123	      0.57876811	      0.02391102	      0.01613627	      0.12783301	      0.33801280	      0.93250265	      0.06514976	      0.13486026	      0.21011263	      0.27977750	      0.18734626	      0.14840508	      0.14048992	      0.34639023	      0.50161767	      0.57368364	      0.08682545	      0.52276717	      0.95721109	      0.04229015	      0.01637319	      0.03525119	      0.87744727	      0.47504485	      0.20309881	      0.57344873	      0.98573443	      0.99562046	      0.99128082	     -5.27890849	      5.45279755	      0.98094058	     37.23654936	    -15.39762365	      3.65358841	    -48.80046588	     -0.78769841	      0.00000000	      0.00000000	     89.36789130	     66.41556300	     37.00373652	   -134.39417079	      4.28720896	      0.00000000	      0.00000000	    -41.67460982	    356.86545940	   -147.61263949	    -81.46692379	    -46.28800399	    -41.39419328	     -0.98627652	      0.93907096	     -0.95093970	     -0.99425571	      0.99621017	     -0.98623275	      0.95833476	     -0.97877611	     -0.99374428	     -0.77536106
      5.49000000	      0.90867443	      0.95277732	      0.91023639	      0.88543261	      0.92116063	      0.90528237	      0.05546848	      0.08524961	      0.95478909	      0.92287327	      0.32165442	      0.10746618	      0.02168978	      0.01652057	      0.69398552	      0.93866429	      0.87490197	      0.43555672	      0.70132926	      0.89006576	      0.64339751	      0.55740682	      0.53273191	      0.19356596	      0.26580724	      0.25029687	      0.11235224	      0.64308278	      0.14296920	      0.91832346	      0.07971017	      0.02940799	      0.07440051	      0.01957998	      0.49565680	      0.97824475	      0.11334360	      0.96135753	      0.98776054	      0.97593327	      0.89267481	      0.93530624	      0.89035139	      0.86106890	      0.90172135	      0.89206534	      0.06448399	      0.09560436	      0.33305427	      0.39079183	      0.50732093	      0.57382525	      0.05035706	      0.02945891	      0.11789982	      0.39525089	      0.85440894	      0.13527477	      0.21129533	      0.22636970	      0.34997369	      0.26622787	      0.22774944	      0.20970230	      0.36138023	      0.51536848	      0.56981794	      0.08615376	      0.47122280	      0.89294912	      0.09614402	      0.03361212	      0.08389881	      0.82633786	      0.49565680	      0.27078346	      0.56961008	      0.95217882	      0.98424422	      0.96927476	     -5.18660831	      5.43820381	      1.10574873	     34.51363526	    -17.57996511	      3.03597877	    -40.58466828	     -1.07157306	      0.00000000	      0.00000000	     89.00343669	     64.69740093	     38.13456428	   -131.22923916	      4.28737405	      0.00000000	     -0.00000000	    -45.16814769	    350.02219022	   -146.95253567	    -80.39214944	    -48.08053570	    -42.70400972	     -0.95948959	      0.87507735	     -0.90613965	     -0.98250712	      0.98507856	     -0.95134783	      0.96865223	     -0.91986981	     -0.97729678	     -0.66043291
      5.49500000	      0.91453949	      0.95707196	      0.92567672	      0.90564992	      0.93144295	      0.91009674	      0.04577778	      0.06899231	      0.97292475	      0.95497456	      0.29593261	      0.07023449	      0.01767657	      0.01430833	      0.71794405	      0.85107567	      0.89980468	      0.56835743	      0.70661494	      0.81721812	      0.64599843	      0.59830636	      0.59180602	      0.17216632	      0.27015360	      0.22373637	      0.07392995	      0.70347673	      0.20601245	      0.94520520	      0.06476533	      0.02563559	      0.05908796	      0.01590464	      0.48289015	      0.98668447	      0.07477042	      0.97045506	      0.98985355	      0.98112850	      0.95401522	      0.98684499	      0.93639475	      0.90549863	      0.95142706	      0.95073529	      0.04463187	      0.06732739	      0.36798814	      0.41612003	      0.48987642	      0.53122147	      0.03391309	      0.02194802	      0.17061046	      0.30541516	      0.89071221	      0.09854066	      0.18811819	      0.25757760	      0.33531267	      0.24663921	      0.20450255	      0.19931946	      0.48847831	      0.49471957	      0.52860681	      0.11979581	      0.70531049	      0.93610808	      0.06598554	      0.02624569	      0.05919802	      0.78647687	      0.48289015	      0.28949678	      0.52845978	      0.96973573	      0.98928311	      0.97972003	     -5.07284838	      5.45037321	      1.22861585	     31.91567213	    -19.44156392	      2.53707527	    -32.82104050	     -1.36570359	     -0.00000000	      0.00000000	     89.31885263	     63.19123896	     39.35335720	   -129.00534840	      4.31277485	     -0.00000000	      0.00000000	    -47.44627650	    343.13920228	   -146.58536932	    -79.89044024	    -50.07507830	    -44.11135191	     -0.96745425	      0.88082923	     -0.90376664	     -0.98617562	      0.99091735	     -0.96952874	      0.97460866	     -0.95941218	     -0.98500792	     -0.59342694
      5.50000000	      0.91645724	      0.95849018	      0.92181748	      0.89990638	      0.93040558	      0.91166634	      0.04450626	      0.07026309	      0.97338486	      0.95260550	      0.27848457	      0.07388251	      0.01744681	      0.01426422	      0.78304729	      0.84490115	      0.89190466	      0.62910028	      0.76646915	      0.83147813	      0.68144864	      0.63280543	      0.62986805	      0.15526077	      0.25436778	      0.20624584	      0.07768701	      0.79038623	      0.19488530	      0.94710962	      0.06487893	      0.02502085	      0.05947924	      0.01581323	      0.48569238	      0.98733005	      0.07860110	      0.97104115	      0.99054259	      0.98166745	      0.92947342	      0.96436371	      0.92077977	      0.89362409	      0.93390351	      0.92926182	      0.04462267	      0.07086232	      0.40835624	      0.44269773	      0.49002735	      0.51563121	      0.03751161	      0.02289945	      0.14547687	      0.13893277	      0.88025117	      0.11303523	      0.17507653	      0.19558767	      0.34810924	      0.23575828	      0.18817049	      0.19196690	      0.65633472	      0.49302886	      0.51400916	      0.12255043	      0.99469678	      0.93852964	      0.07033868	      0.02537932	      0.06021077	      0.72904123	      0.48569238	      0.34045875	      0.51391288	      0.96873366	      0.98953585	      0.97998891	     -5.00114778	      5.44763897	      1.30242329	     29.62314326	    -21.54613562	      2.03389078	    -25.28213530	     -1.64646616	      0.00000000	      0.00000000	     89.46488790	     61.75078459	     40.77130311	   -126.59695880	      4.34194902	      0.00000000	     -0.00000000	    -51.02626341	    337.92252251	   -145.58908450	    -79.65321527	    -52.15098154	    -45.61816127	     -0.96792570	      0.88608553	     -0.90731157	     -0.98635864	      0.99104710	     -0.96752832	      0.91169540	     -0.95120640	     -0.98499864	     -0.52689175
      5.50500000	      0.76948163	      0.91847965	      0.67532330	      0.64036781	      0.72440462	      0.74041473	      0.31096767	      0.42431898	      0.79487618	      0.68636356	      0.48834915	      0.33256995	      0.07908543	      0.04975459	      0.25811505	      0.35647729	      0.61643451	      0.46264627	      0.41987208	      0.37396532	      0.50293556	      0.49025586	      0.47121981	      0.51027434	      0.60599771	      0.46131729	      0.34020871	      0.18082827	      0.70453284	      0.71164167	      0.39566378	      0.17079053	      0.39220001	      0.06623920	      0.53149440	      0.88391510	      0.34207117	      0.77782924	      0.82824538	      0.89129034	      0.52191558	      0.40943741	      0.59368326	      0.58013846	      0.57834532	      0.54726018	      0.35800000	      0.41969041	      0.69754848	      0.62878224	      0.52192442	      0.46886434	      0.22285231	      0.14629581	      0.58254455	      0.64047912	      0.58854047	      0.43606735	      0.51581975	      0.56947273	      0.51558856	      0.50961274	      0.51289363	      0.46155341	      0.48729670	      0.51537680	      0.47201057	      0.60123461	      0.45311717	      0.71835818	      0.41544008	      0.23643569	      0.39276140	      0.20484966	      0.53149440	      0.79291411	      0.47220341	      0.75077773	      0.88837224	      0.81231882	     -9.39428529	      5.73409611	     -8.11016826	     62.23610936	    -44.55221622	    -46.22371131	     32.50772811	     -2.54742881	      0.00000000	      0.00000000	    111.62554822	     67.11376338	    -12.17715339	    -46.25968463	     -1.48867227	     -0.00000000	     -0.00000000	   -314.47114180	    746.59270672	   -175.04146354	    -73.87738165	    -49.87639803	    -62.68777877	     -0.77502002	      0.78885012	     -0.75734797	     -0.85153466	      0.91389933	     -0.99822477	     -0.69626654	     -0.12594860	     -0.88914220	      0.80036846
      5.51000000	      0.96486868	      0.98711483	      0.96639647	      0.94924222	      0.97238709	      0.96209242	      0.02033444	      0.03229904	      0.99287454	      0.98487607	      0.24739447	      0.03367861	      0.01166382	      0.01091651	      0.74167918	      0.87510780	      0.94221434	      0.51050021	      0.73985415	      0.85901246	      0.66349183	      0.59303994	      0.57358553	      0.10855815	      0.25876726	      0.15751923	      0.03578419	      0.73496231	      0.17939876	      0.98383714	      0.02865268	      0.01380987	      0.02681382	      0.01130512	      0.47699610	      0.99703445	      0.03635396	      0.99183208	      0.99778129	      0.99532728	      0.97135913	      0.98944002	      0.96458180	      0.94197996	      0.97352219	      0.97121171	      0.02042497	      0.03259822	      0.42998529	      0.45112626	      0.47956440	      0.49466943	      0.01759198	      0.01309203	      0.09219007	      0.17551842	      0.93064606	      0.05941906	      0.12524448	      0.16669174	      0.32874477	      0.19697994	      0.14139609	      0.13927038	      0.63955095	      0.48134187	      0.49371947	      0.07102471	      0.79381780	      0.97977532	      0.03149697	      0.01394650	      0.02721214	      0.66911714	      0.47699610	      0.38348853	      0.49366153	      0.99091827	      0.99751591	      0.99477532	     -4.82149817	      5.47339631	      1.38325002	     25.13269930	    -25.70983902	      1.19630652	    -10.43825590	     -2.16662973	      0.00000000	      0.00000000	     89.05775888	     59.24442155	     42.53951167	   -122.12144174	      4.31931523	     -0.00000000	      0.00000000	    -57.07549953	    326.59640639	   -144.37236015	    -78.97847723	    -55.98412738	    -48.40855083	     -0.99197718	      0.95994167	     -0.97205376	     -0.99689755	      0.99805091	     -0.99190187	      0.97125923	     -0.98701840	     -0.99657261	     -0.37207689
      5.51500000	      0.91897261	      0.96329261	      0.91990831	      0.89876561	      0.93020763	      0.91401016	      0.04311306	      0.06936197	      0.97525862	      0.95628961	      0.28939256	      0.07116138	      0.01596026	      0.01295662	      0.63262855	      0.76637815	      0.89143451	      0.65303625	      0.66314149	      0.76535372	      0.63849450	      0.58083802	      0.54652683	      0.15545887	      0.36125867	      0.21445519	      0.07511836	      0.61858730	      0.29818586	      0.95544889	      0.06155104	      0.02334685	      0.05814784	      0.01506657	      0.47418980	      0.98928146	      0.07620221	      0.97271366	      0.99246350	      0.98374859	      0.92837630	      0.97285174	      0.92095718	      0.88932177	      0.93529022	      0.92970953	      0.04416411	      0.06955019	      0.47604898	      0.47581992	      0.47397537	      0.47263391	      0.03106520	      0.01980596	      0.16814308	      0.23716224	      0.87800378	      0.10793633	      0.19217355	      0.24199218	      0.35360879	      0.24772650	      0.20350865	      0.21044596	      0.61611057	      0.47382335	      0.47271905	      0.14409466	      0.74456209	      0.94748723	      0.06586868	      0.02365516	      0.05899732	      0.65612566	      0.47418980	      0.46719912	      0.47272411	      0.96907071	      0.99123939	      0.98034049	     -5.53330200	      5.68239052	      1.45572315	     25.49944920	    -30.83223446	     -1.60474494	     -5.62532283	     -2.22210163	     -0.00000000	     -0.00000000	     90.16928838	     60.78549823	     37.64132611	   -109.37079061	      3.85734409	     -0.00000000	     -0.00000000	    -83.57523651	    357.57261929	   -159.47693538	    -78.57959351	    -58.16916080	    -50.94718730	     -0.97277813	      0.89814393	     -0.92339215	     -0.98972179	      0.99383496	     -0.97061727	      0.91924051	     -0.95306012	     -0.98910895	     -0.30800885
      5.52000000	      0.95262706	      0.97705028	      0.95234698	      0.93669168	      0.95875876	      0.94979636	      0.02955531	      0.04484988	      0.98554409	      0.97428796	      0.20397598	      0.04574336	      0.01406734	      0.01229998	      0.72087553	      0.85478457	      0.93050468	      0.79000259	      0.76847602	      0.86030476	      0.72403988	      0.64226783	      0.59078795	      0.10533972	      0.33506170	      0.13598932	      0.04788093	      0.70044804	      0.21791314	      0.97485028	      0.04002590	      0.01878223	      0.03822414	      0.01332348	      0.46881674	      0.99312614	      0.04847126	      0.98360007	      0.99462793	      0.98964495	      0.95818302	      0.97911543	      0.95053497	      0.93065844	      0.95976841	      0.95798280	      0.03011448	      0.04513352	      0.44310962	      0.45472521	      0.47020145	      0.47830629	      0.02518834	      0.01706566	      0.08937342	      0.12483191	      0.92102936	      0.07167157	      0.11542859	      0.13720168	      0.30531756	      0.17003871	      0.12686861	      0.12620632	      0.74656756	      0.47115816	      0.47779948	      0.07695410	      0.87766558	      0.97045893	      0.04323640	      0.01917791	      0.03885182	      0.58282109	      0.46881674	      0.41586402	      0.47777095	      0.98196601	      0.99397071	      0.98847888	     -5.67727976	      5.74887879	      1.51257200	     24.14623682	    -33.43093039	     -2.73818327	      0.10029983	     -2.40531691	     -0.00000000	     -0.00000000	     90.48509120	     60.49298785	     36.88673689	   -104.92135413	      3.74867702	     -0.00000000	     -0.00000000	    -92.41366485	    362.94999362	   -163.05256310	    -78.29176907	    -59.95604685	    -52.36892390	     -0.98181618	      0.93843509	     -0.94976222	     -0.99228147	      0.99502638	     -0.98149169	      0.94787219	     -0.97259144	     -0.99145049	     -0.22067834
      5.52500000	      0.90116915	      0.94869481	      0.89322191	      0.86729633	      0.90681079	      0.89359017	      0.05688669	      0.09054978	      0.96128309	      0.93701351	      0.28324922	      0.09140329	      0.01955339	      0.01491034	      0.67737974	      0.75439685	      0.85389998	      0.99460239	      0.77588878	      0.77903795	      0.78362985	      0.73896572	      0.66327818	      0.17927581	      0.52601101	      0.21952465	      0.09505431	      0.63968325	      0.38080701	      0.94464403	      0.08166940	      0.03149559	      0.07593044	      0.01772249	      0.48793022	      0.98197193	      0.09605757	      0.95752103	      0.98714752	      0.97321952	      0.91029962	      0.94425539	      0.89181435	      0.86061177	      0.90836404	      0.90786164	      0.06109527	      0.09069814	      0.46602267	      0.47537283	      0.48919688	      0.49664127	      0.04347732	      0.02527684	      0.14479080	      0.16816664	      0.84142130	      0.14169414	      0.19183172	      0.19690920	      0.38363018	      0.26178019	      0.20798898	      0.20328711	      0.80994865	      0.49007291	      0.49617532	      0.12958639	      0.84395715	      0.93500106	      0.08795203	      0.03468701	      0.07771211	      0.54924294	      0.48793022	      0.45029316	      0.49615119	      0.95256761	      0.98452741	      0.96872427	     -7.48475186	      6.24190559	      1.69376663	     27.88013233	    -42.81139492	     -8.60645964	      1.55891034	     -2.21351926	      0.00000000	      0.00000000	     94.01013280	     65.88800791	     24.69826267	    -79.09145294	      2.72806492	      0.00000000	      0.00000000	   -150.10441363	    445.03177273	   -199.29976470	    -78.45206920	    -62.98364334	    -56.93932581	     -0.95267162	      0.87664468	     -0.88355928	     -0.98237723	      0.98919141	     -0.94964888	      0.87848992	     -0.92125982	     -0.97941829	     -0.21324598
      5.53000000	      0.54912813	      0.79889739	      0.37235452	      0.35859083	      0.43363872	      0.44377824	      0.37373492	      0.38730138	      0.63398406	      0.46653345	      0.47042247	      0.60392786	      0.12195584	      0.07260817	      0.54384037	      0.50439294	      0.40106270	      0.65219810	      0.80083505	      0.68021205	      0.75524250	      0.77178025	      0.76837942	      0.25878826	      0.40650632	      0.53152647	      0.61223030	      0.50950028	      0.51413618	      0.58111102	      0.40985451	      0.22557704	      0.39398355	      0.10677087	      0.39901346	      0.99803907	      0.61423477	      0.56030900	      0.85945627	      0.75969969	      0.57667103	      0.48607559	      0.55976755	      0.51245870	      0.59495985	      0.59737040	      0.41352850	      0.40042755	      0.49148746	      0.43936099	      0.39619892	      0.38212168	      0.24995734	      0.16153957	      0.20185541	      0.30690423	      0.46572524	      0.15547003	      0.17664310	      0.19341769	      0.36980785	      0.30074690	      0.22727035	      0.50170362	      0.51470325	      0.39434342	      0.38291671	      0.19921638	      0.52494220	      0.47021094	      0.31995585	      0.30270060	      0.43752006	      0.22495035	      0.39901346	      0.63462474	      0.38295346	      0.49692004	      0.79526764	      0.61404903	     -8.43598657	      5.85497115	     -8.54872080	     43.98951498	    -68.78649615	    -48.20906384	     30.71958847	     -3.27162621	     -0.00000000	      0.00000001	    104.91185725	     52.57308192	      1.48990098	    -16.51087873	     -2.59287501	     -0.00000000	     -0.00000000	   -293.63807583	    679.61869165	   -153.80630086	    -74.68219356	    -59.04592618	    -67.35746849	     -0.39076651	      0.49620524	     -0.04984599	     -0.81940758	      0.85832589	     -0.97657471	     -0.33848265	     -0.72520419	     -0.73209229	      0.67102782
      5.53500000	      0.30367245	      0.86361788	      0.22287561	      0.43191188	      0.20842290	      0.14071242	      0.22888257	      0.26668916	      0.99997522	      0.99998642	      0.01000688	      0.01003290	      0.01001043	      0.01000668	      0.92427355	      0.92522456	      0.32991521	      0.92106898	      0.97422988	      0.95297755	      0.95192243	      0.95906897	      0.96244160	      0.15468924	      0.64405952	      0.01001628	      0.01003250	      0.92068103	      0.13400621	      0.75861343	      0.24038493	      0.16315430	      0.28027985	      0.01000239	      0.37662667	      1.00000000	      0.01003238	      0.76149262	      0.92620124	      0.86675875	      0.59448529	      0.51646501	      0.55229005	      0.49865328	      0.59973412	      0.61232637	      0.43969966	      0.40304371	      0.43943332	      0.39980159	      0.37541897	      0.37013669	      0.27056635	      0.17688826	      0.12891671	      0.22419698	      0.44229846	      0.12711875	      0.13082867	      0.12975904	      0.34553514	      0.26847748	      0.18564344	      0.51762463	      0.52744769	      0.37465672	      0.37041520	      0.11862068	      0.55369090	      0.37767421	      0.30985679	      0.33991046	      0.45820960	      0.24013197	      0.37662667	      0.57554172	      0.37042616	      0.41635410	      0.73719455	      0.52690377	     -7.87435294	      5.28586473	     -6.43505526	     38.09764712	    -62.89346690	    -41.09185120	     26.81191730	     -3.30207552	      0.00000010	      0.00000009	    101.98430816	     45.77949554	     12.27352112	    -16.85635225	     -2.28461292	      0.00000002	      0.00000007	   -267.47726645	    611.82668624	   -141.42886434	    -74.91321011	    -59.33906518	    -66.02652263	     -0.01933008	      0.42278929	      0.80536079	     -0.89540158	      0.99999991	     -0.97912625	     -0.21300121	     -0.80398812	     -0.64779710	      0.60381799
      5.54000000	      0.29835113	      0.85819435	      0.22993315	      0.44722209	      0.20843650	      0.13966418	      0.22896926	      0.27347666	      0.99997560	      0.99998677	      0.01000675	      0.01003177	      0.01001038	      0.01000664	      0.92377420	      0.92496955	      0.33999030	      0.91660580	      0.96912174	      0.95080124	      0.94716212	      0.95468839	      0.95876305	      0.17174630	      0.65520077	      0.01001618	      0.01003137	      0.92159007	      0.13330116	      0.76508735	      0.24378939	      0.16476849	      0.28375380	      0.01000240	      0.39011112	      1.00000000	      0.01003126	      0.75972349	      0.92466471	      0.86240337	      0.58719932	      0.51054843	      0.54779732	      0.49924394	      0.59113229	      0.60381580	      0.44628828	      0.41343037	      0.44787985	      0.41206890	      0.38884355	      0.38283072	      0.27642270	      0.17999885	      0.15568736	      0.24117834	      0.44846335	      0.16272910	      0.16466058	      0.15930929	      0.36182128	      0.29151194	      0.21523930	      0.51814296	      0.52883254	      0.38802773	      0.38316983	      0.14290677	      0.55229443	      0.38286045	      0.32855079	      0.34797819	      0.46330833	      0.24512008	      0.39011112	      0.57389912	      0.38318052	      0.41747015	      0.72220831	      0.51505015	     -8.83488633	      5.27581471	     -6.20256829	     37.92918553	    -64.25835844	    -41.73350154	     25.24801969	     -3.17049292	     -0.00000002	     -0.00000006	    102.45393900	     46.61191939	     10.09550671	    -15.86211348	     -2.29579372	     -0.00000001	     -0.00000005	   -282.33837299	    625.62635320	   -144.33067081	    -75.74619582	    -60.77887362	    -67.09343055	      0.03545048	      0.38891663	      0.81047131	     -0.89197511	      0.99999991	     -0.84596030	     -0.21237887	     -0.73711530	     -0.62636380	      0.59654865
      5.54500000	      0.29442083	      0.85434463	      0.23857484	      0.46492136	      0.20837349	      0.13705929	      0.22792644	      0.28476218	      0.99997411	      0.99998636	      0.01000698	      0.01003313	      0.01001118	      0.01000710	      0.92554734	      0.92783421	      0.35329940	      0.91435857	      0.96299904	      0.94917193	      0.94492628	      0.95235727	      0.95637154	      0.19276263	      0.67131470	      0.01001755	      0.01003272	      0.92488308	      0.13122554	      0.77418219	      0.25064997	      0.16542659	      0.28993637	      0.01000271	      0.40961142	      1.00000000	      0.01003261	      0.75842216	      0.92357789	      0.85874929	      0.58062292	      0.50298013	      0.54775000	      0.50506764	      0.58523574	      0.59669477	      0.45548973	      0.42896026	      0.46011340	      0.42952950	      0.40829603	      0.40139658	      0.28237536	      0.18249937	      0.18832246	      0.26238925	      0.46049837	      0.20930007	      0.20638278	      0.19549288	      0.38427536	      0.32146303	      0.25198864	      0.52102976	      0.53173152	      0.40742838	      0.40181728	      0.17456483	      0.55030607	      0.38853349	      0.35414414	      0.35615744	      0.47116256	      0.25023916	      0.40961142	      0.57274329	      0.40182695	      0.42258163	      0.70617997	      0.50473747	     -9.42210796	      5.09995104	     -5.47762011	     36.82623758	    -62.59501487	    -40.05479527	     22.66955314	     -3.02929013	      0.00000009	      0.00000006	    101.98204891	     45.92966974	     11.11087987	    -16.47081361	     -2.13924768	      0.00000006	      0.00000006	   -286.28988117	    618.11804730	   -143.60943212	    -76.18219956	    -61.59735315	    -66.99936653	      0.10848719	      0.33591704	      0.82420441	     -0.88750213	      0.99999990	     -0.68815425	     -0.20671697	     -0.63091916	     -0.59994994	      0.58817466
      5.55000000	      0.31148244	      0.84649801	      0.25687083	      0.46552889	      0.22346596	      0.15029332	      0.22542751	      0.28977890	      0.99997495	      0.99998682	      0.01000687	      0.01003175	      0.01001076	      0.01000683	      0.91299026	      0.91533643	      0.36984011	      0.90231619	      0.95141236	      0.93801155	      0.93254392	      0.94115384	      0.94590767	      0.20976986	      0.66774181	      0.01001752	      0.01003139	      0.91299933	      0.14760794	      0.78175589	      0.25823263	      0.15894454	      0.28690687	      0.01000257	      0.42622897	      1.00000000	      0.01003129	      0.76440729	      0.92438761	      0.86050186	      0.57569496	      0.49434847	      0.55083248	      0.51234350	      0.58299492	      0.59262722	      0.45990028	      0.44030651	      0.47602513	      0.44710735	      0.42466167	      0.41592747	      0.28137159	      0.17968526	      0.21266973	      0.28146821	      0.47283160	      0.24064999	      0.23607644	      0.22239211	      0.40212376	      0.34431129	      0.27904991	      0.52273202	      0.53319809	      0.42361074	      0.41648034	      0.19736957	      0.54652264	      0.40081800	      0.37278984	      0.35664678	      0.47517273	      0.24976970	      0.42622897	      0.58148109	      0.41648810	      0.43534907	      0.70190587	      0.50823356	    -10.09913999	      5.06150469	     -5.29767629	     36.59508603	    -62.61916495	    -40.00106283	     20.62708313	     -2.93292944	      0.00000001	      0.00000004	    101.65956304	     46.02830844	     10.34606449	    -15.73389685	     -2.10849993	     -0.00000000	     -0.00000000	   -294.67880882	    622.09129167	   -144.09213700	    -76.72996477	    -62.28765705	    -67.26308410	      0.12044633	      0.31549427	      0.80003096	     -0.88696620	      0.99999990	     -0.59281908	     -0.21479125	     -0.57690371	     -0.59208348	      0.59378129
      5.55500000	      0.27532680	      0.85164212	      0.23756412	      0.48471811	      0.19617555	      0.12588365	      0.22227822	      0.29513773	      0.99996776	      0.99998348	      0.01000775	      0.01004040	      0.01001366	      0.01000859	      0.93078830	      0.93486486	      0.36793356	      0.91791131	      0.96192469	      0.95147458	      0.94493662	      0.95204335	      0.95645545	      0.20807152	      0.68682321	      0.01002143	      0.01003993	      0.93144263	      0.11926806	      0.78704033	      0.25130335	      0.16188034	      0.29650630	      0.01000332	      0.43151620	      1.00000000	      0.01003980	      0.76185986	      0.92414572	      0.85944023	      0.57754828	      0.49405362	      0.55421208	      0.51646620	      0.58520815	      0.59470607	      0.46799370	      0.44876827	      0.47165404	      0.44745211	      0.43031170	      0.42320478	      0.28464350	      0.17995694	      0.20061604	      0.26712939	      0.47665987	      0.25121129	      0.23702585	      0.21578930	      0.40880982	      0.34989566	      0.28114678	      0.52824559	      0.53853664	      0.42949657	      0.42368093	      0.18279418	      0.54988537	      0.38360576	      0.38123739	      0.36276687	      0.48247100	      0.25300975	      0.43151620	      0.57151473	      0.42368322	      0.42393869	      0.68620478	      0.48970221	    -10.71047095	      5.01665904	     -5.09775261	     36.64423116	    -62.30382777	    -39.96496232	     19.09814356	     -2.83354813	     -0.00000007	     -0.00000004	    101.35042825	     46.20512224	      9.08486753	    -14.57200013	     -2.13462887	     -0.00000004	     -0.00000000	   -303.70776362	    628.75721114	   -145.29744316	    -77.26918524	    -63.02751375	    -67.61343676	      0.18134567	      0.31634874	      0.83996483	     -0.88691397	      0.99999988	     -0.56668063	     -0.21455056	     -0.57104791	     -0.57618484	      0.58363479
      5.56000000	      0.21129301	      0.77857918	      0.16738964	      0.58067951	      0.13814577	      0.07369407	      0.23612077	      0.35177465	      0.99999567	      0.99999222	      0.01008212	      0.01001127	      0.01000160	      0.01000097	      0.97239506	      0.97248819	      0.30979603	      0.97167536	      0.97860029	      0.97609628	      0.96540714	      0.96888649	      0.96935482	      0.62573859	      0.92973404	      0.01004629	      0.01001198	      0.97198909	      0.06170956	      0.79544536	      0.08041440	      0.55370049	      0.01362505	      0.01000101	      0.43255811	      0.99999798	      0.01001215	      0.71888880	      0.91310793	      0.85127621	      0.57119157	      0.47299802	      0.55904993	      0.52162485	      0.58623021	      0.58951610	      0.49117661	      0.45698012	      0.45664648	      0.43984122	      0.43205874	      0.42839995	      0.28943482	      0.16474933	      0.17995266	      0.25577696	      0.48254994	      0.26361002	      0.23522907	      0.20430848	      0.41628611	      0.35600695	      0.28144090	      0.53409547	      0.53069538	      0.43170711	      0.42869194	      0.15843007	      0.52702818	      0.33565287	      0.38351782	      0.39179742	      0.49731470	      0.25772619	      0.43255811	      0.54938061	      0.42869044	      0.39999541	      0.66373632	      0.45805060	    -14.20026408	      6.90863518	     -3.88899759	     36.57060780	    -61.50465140	    -39.46399235	     17.85368852	     -2.75449004	      0.00000230	      0.00000462	    100.70884489	     45.96490858	      8.49385953	    -13.55696454	     -2.15911956	      0.00000210	      0.00000020	   -309.34892198	    630.28053749	   -145.63024043	    -77.63211811	    -63.56969461	    -67.84547466	     -0.07938875	      0.43395216	      0.95701101	     -0.88157376	      0.99999852	     -0.58575130	     -0.25503324	     -0.54690941	     -0.55070324	      0.56120255
      5.56500000	      0.54082398	      0.69163906	      0.49152320	      0.54103309	      0.48683889	      0.42991455	      0.23306493	      0.35223394	      0.99998664	      0.99999494	      0.01000450	      0.01001623	      0.01000632	      0.01000387	      0.67873707	      0.76699674	      0.48716799	      0.74258375	      0.74956376	      0.75801416	      0.75964657	      0.75833517	      0.75036681	      0.39393716	      0.66208461	      0.01001136	      0.01001614	      0.70884579	      0.44553335	      0.78771179	      0.34133882	      0.15038544	      0.29932882	      0.01000138	      0.50696563	      1.00000000	      0.01001612	      0.81014389	      0.84834590	      0.90606902	      0.48833265	      0.41951287	      0.51516780	      0.51252813	      0.50854196	      0.50252365	      0.42954923	      0.46550038	      0.59663903	      0.55697778	      0.50208407	      0.47408249	      0.26553322	      0.17231436	      0.51291780	      0.53588820	      0.51886436	      0.44838505	      0.48775693	      0.50432021	      0.49059306	      0.48985662	      0.49245363	      0.47310920	      0.47929479	      0.49877461	      0.47585208	      0.51067428	      0.46451431	      0.60348263	      0.46827454	      0.32885167	      0.44421334	      0.24103871	      0.50696563	      0.67350552	      0.47582695	      0.58906060	      0.71961229	      0.63312298	     -9.61510313	      4.30972861	     -2.35102963	     30.39489226	    -52.28329432	    -28.81361433	     14.30898676	     -2.72358941	     -0.00000001	     -0.00000000	     98.75130513	     41.63513355	     22.26059225	    -25.56052461	     -1.00716656	     -0.00000000	     -0.00000000	   -260.56061400	    530.30990029	   -132.79614358	    -75.69474926	    -63.02812140	    -63.56207603	     -0.28893817	      0.73274893	      0.22201575	     -0.76869510	      1.00000000	      0.10530555	     -0.43399887	      0.09497009	     -0.63063608	      0.63926964
      5.57000000	      0.53436217	      0.70303237	      0.48419648	      0.53895329	      0.47720625	      0.41650766	      0.23003166	      0.34929273	      0.99998551	      0.99999451	      0.01000474	      0.01001741	      0.01000691	      0.01000422	      0.69153267	      0.77522421	      0.48191739	      0.75143071	      0.75921695	      0.76756697	      0.76930978	      0.76858251	      0.76027847	      0.38920019	      0.66886883	      0.01001226	      0.01001731	      0.71897167	      0.43215496	      0.78962901	      0.33778971	      0.14962440	      0.29620981	      0.01000150	      0.50590837	      1.00000000	      0.01001728	      0.81126992	      0.85210689	      0.90598809	      0.48745694	      0.42015323	      0.51326596	      0.51084826	      0.50681235	      0.50118046	      0.43180320	      0.46668973	      0.59497839	      0.55541421	      0.50107811	      0.47337875	      0.26309420	      0.16881225	      0.51055770	      0.53268683	      0.51693050	      0.44892821	      0.48662796	      0.50218047	      0.48984097	      0.48904451	      0.49137120	      0.47340786	      0.47909056	      0.49781124	      0.47513901	      0.50811827	      0.46465720	      0.59813154	      0.46943229	      0.33171516	      0.44583899	      0.23723389	      0.50590837	      0.67335332	      0.47509718	      0.58334940	      0.71338174	      0.62599998	     -9.51014269	      4.13667158	     -1.81514611	     29.24486552	    -49.42067624	    -26.05918780	     13.40355765	     -2.78294296	      0.00000007	      0.00000006	     96.95835467	     39.55892944	     24.61179018	    -25.49501616	     -0.98009662	      0.00000007	      0.00000007	   -253.62370466	    507.81914738	   -128.08874052	    -76.44136636	    -62.50532321	    -63.22573486	     -0.26450263	      0.72862415	      0.25541166	     -0.76753589	      1.00000000	      0.11498294	     -0.42019815	      0.10466814	     -0.61569835	      0.64201102
      5.57500000	      0.54091679	      0.69436043	      0.48630647	      0.53510216	      0.48260857	      0.42490243	      0.22815193	      0.35517093	      0.99640661	      0.99956104	      0.03118033	      0.01471191	      0.01205647	      0.01120147	      0.68866425	      0.77312808	      0.48035448	      0.75042802	      0.75877183	      0.76835077	      0.77327057	      0.77390700	      0.76453181	      0.39550295	      0.66972218	      0.01543503	      0.01469564	      0.71641180	      0.44939132	      0.79158335	      0.34565567	      0.14598570	      0.29760028	      0.01066692	      0.50542257	      0.99999495	      0.01469163	      0.81227770	      0.85682263	      0.91071330	      0.48187801	      0.41396652	      0.50897641	      0.50767530	      0.50141141	      0.49581162	      0.43167984	      0.46728930	      0.59226420	      0.55346923	      0.50073141	      0.47378542	      0.25722005	      0.15957120	      0.51326329	      0.53484411	      0.51479565	      0.44886155	      0.48785411	      0.50381347	      0.48857943	      0.48886286	      0.49238779	      0.47052668	      0.47514780	      0.49756501	      0.47551079	      0.51066425	      0.46042722	      0.59859559	      0.47190215	      0.32921965	      0.44492482	      0.23040517	      0.50542257	      0.67165755	      0.47545337	      0.58037716	      0.71199099	      0.62250426	     -9.03836570	      3.96222291	     -0.72759974	     27.18251322	    -45.98504146	    -23.77409120	     14.47121466	     -2.88115954	     -0.00000000	     -0.00000000	     95.53800372	     37.63947376	     26.40938602	    -26.14991284	     -1.04387459	     -0.00000000	     -0.00000000	   -243.60030771	    488.87108521	   -126.94569485	    -76.50032818	    -62.82638703	    -62.92862239	     -0.27456930	      0.74200765	      0.25278379	     -0.77132193	      0.99997933	      0.15396283	     -0.42625820	      0.13651149	     -0.61805323	      0.65420129
      5.58000000	      0.87399318	      0.93628392	      0.87060940	      0.82735705	      0.88776848	      0.87280819	      0.05144959	      0.09243508	      0.96669740	      0.93995739	      0.35787654	      0.09626927	      0.01858401	      0.01454224	      0.47820144	      0.60247940	      0.81773383	      0.48921511	      0.56506910	      0.65489276	      0.56948422	      0.51978622	      0.49074065	      0.20974596	      0.53452215	      0.28225395	      0.10163996	      0.49633302	      0.50761237	      0.95513055	      0.07673031	      0.02925693	      0.07172740	      0.01779637	      0.48537196	      0.98443891	      0.10280369	      0.96132902	      0.98735412	      0.97570531	      0.90329591	      0.95352793	      0.86761792	      0.81333789	      0.89652891	      0.89959854	      0.05836022	      0.09710180	      0.57261840	      0.53175569	      0.48094285	      0.45534702	      0.04492928	      0.02507519	      0.15669417	      0.18459650	      0.78205918	      0.18072691	      0.23861303	      0.24310109	      0.45299475	      0.33629492	      0.25871389	      0.29508676	      0.74476912	      0.47795971	      0.45701116	      0.14574645	      0.83282817	      0.94490608	      0.08561136	      0.03233415	      0.07956187	      0.21315807	      0.48537196	      0.66607964	      0.45694010	      0.95382402	      0.98468015	      0.97065565	     -3.62508326	      5.69741433	      1.35635942	      6.89384999	    -45.09221303	     -0.79001067	     56.14933957	     -4.54233379	     -0.00000000	     -0.00000000	     87.01868677	     47.58940828	     51.88535085	   -101.25650994	      4.19948662	     -0.00000000	     -0.00000000	    -82.98106393	    265.99156570	   -140.70778260	    -78.15873617	    -74.45318359	    -61.77879742	     -0.95537457	      0.84385033	     -0.89284776	     -0.98228247	      0.98855311	     -0.95416394	      0.90540836	     -0.93534559	     -0.97909230	      0.62512429
      5.58500000	      0.87004296	      0.92213941	      0.87519127	      0.84681095	      0.88558843	      0.87159308	      0.06436376	      0.10110495	      0.95213053	      0.92455918	      0.29614846	      0.10811305	      0.02478458	      0.01817538	      0.64973966	      0.96412146	      0.84720891	      0.44218361	      0.67208454	      0.81499877	      0.61801448	      0.55876115	      0.53755638	      0.18886961	      0.38705255	      0.23216008	      0.11241692	      0.72451802	      0.15631482	      0.94256227	      0.08573284	      0.03839353	      0.08406736	      0.02407246	      0.48686904	      0.99974204	      0.11331132	      0.95264071	      0.98176829	      0.96926552	      0.89284909	      0.93874159	      0.88087436	      0.84920293	      0.89594410	      0.89482756	      0.07617383	      0.10547833	      0.57187777	      0.53622846	      0.48198302	      0.45691868	      0.03933216	      0.02473659	      0.15873437	      0.19628990	      0.84326673	      0.12663871	      0.19375731	      0.21509128	      0.42734032	      0.26093871	      0.20648385	      0.27262476	      0.76898893	      0.47875036	      0.45836711	      0.15021031	      0.81249645	      0.92336125	      0.09215417	      0.04484565	      0.09510232	      0.31503474	      0.48686904	      0.61699180	      0.45829112	      0.94145954	      0.97718547	      0.95978842	     -3.68667132	      5.53769836	      1.54610043	      7.75632158	    -42.81898866	     -0.91735314	     50.43387236	     -4.34927830	     -0.00000000	      0.00000000	     85.71736869	     46.79569668	     51.04718508	    -99.21587520	      4.23612050	     -0.00000000	      0.00000000	    -80.17018068	    267.93954878	   -138.84001616	    -78.06650212	    -74.98332373	    -59.55861557	     -0.93928013	      0.81265352	     -0.87193514	     -0.97228588	      0.97867093	     -0.94704569	      0.86024257	     -0.92518143	     -0.96720517	      0.51030838
      5.59000000	      0.54093379	      0.69935572	      0.51854155	      0.55118234	      0.51255643	      0.44813151	      0.19939344	      0.29112842	      0.99760168	      0.99957209	      0.01698590	      0.01331353	      0.01134374	      0.01078604	      0.70424850	      0.71840885	      0.50679795	      0.70003650	      0.71794392	      0.72225799	      0.71837351	      0.71617300	      0.71110867	      0.35734498	      0.61928314	      0.01139621	      0.01329109	      0.70726933	      0.40701614	      0.82900401	      0.27020392	      0.12287007	      0.24436571	      0.01045914	      0.49951479	      1.00000000	      0.01328602	      0.85841814	      0.93591325	      0.90712665	      0.52530114	      0.54598654	      0.53257376	      0.52192949	      0.53595256	      0.53231821	      0.38644332	      0.43204429	      0.66714156	      0.59456635	      0.49014332	      0.43689778	      0.13451255	      0.07350574	      0.48803662	      0.50726567	      0.52530719	      0.44561456	      0.48160103	      0.49510675	      0.48802127	      0.48453375	      0.48426735	      0.47001697	      0.48675723	      0.48387179	      0.44032031	      0.48462151	      0.48704416	      0.60940003	      0.42542150	      0.27273902	      0.41216646	      0.11935069	      0.49951479	      0.78823255	      0.44010973	      0.62856156	      0.80424671	      0.69237260	     -5.23938084	      3.16846550	      2.37803129	     16.37624165	    -32.49272342	     -4.75640739	     15.65678846	     -3.79481414	      0.00000000	     -0.00000000	     82.57183884	     27.52522970	     45.99503493	    -36.33219832	     -2.12367299	     -0.00000000	     -0.00000000	   -152.01571484	    312.92077571	    -90.46153976	    -79.52786382	    -57.49154523	    -57.89389710	     -0.38912065	      0.44576913	      0.16369994	     -0.89883781	      0.99996658	     -0.45389757	      0.01406552	     -0.34784891	     -0.72660840	      0.76923545
      5.59500000	      0.47903091	      0.69895603	      0.46995717	      0.55386878	      0.44003074	      0.34358306	      0.21254898	      0.30559768	      0.99973233	      0.99994543	      0.01016470	      0.01032765	      0.01020012	      0.01013113	      0.80447523	      0.82059554	      0.48132215	      0.78661166	      0.80841534	      0.81572234	      0.80536505	      0.80528286	      0.80337237	      0.35056299	      0.67026126	      0.01017040	      0.01032338	      0.80822234	      0.29449716	      0.82382999	      0.28033740	      0.15021795	      0.26024102	      0.01005742	      0.50176232	      0.99999986	      0.01032250	      0.84709863	      0.91317931	      0.89315703	      0.52338528	      0.54118897	      0.52692668	      0.51857115	      0.53029109	      0.52874214	      0.42224362	      0.45431683	      0.62881075	      0.57383318	      0.49463110	      0.45419389	      0.20211277	      0.12280478	      0.48813146	      0.50229780	      0.52064968	      0.45712020	      0.48484313	      0.49420276	      0.49199354	      0.48871616	      0.48775805	      0.48309148	      0.49439518	      0.48987120	      0.45680238	      0.48454186	      0.49686998	      0.57763147	      0.44838185	      0.33102582	      0.44083425	      0.21112422	      0.50176232	      0.72178864	      0.45661749	      0.59395927	      0.74205814	      0.64377732	    -12.90865808	      3.76738818	    -12.24126036	     32.48585490	    -51.08540066	    -35.97832350	     15.51379340	     -3.90814330	     -0.00000003	      0.00000000	     80.25294834	     29.71732650	     23.77609620	     10.61562718	     -3.04940883	      0.00000000	     -0.00000001	   -328.92026545	    572.08019182	   -109.00698026	    -80.36234094	    -64.60504904	    -68.55540225	     -0.16891444	      0.38833817	      0.44070483	     -0.85783596	      0.99999877	     -0.38022223	      0.02637945	     -0.30872362	     -0.60861205	      0.43142635
      5.60000000	      0.46106350	      0.71065065	      0.45587679	      0.55738672	      0.41904058	      0.31414732	      0.21319237	      0.30668399	      0.99972735	      0.99994588	      0.01017147	      0.01033050	      0.01021584	      0.01014264	      0.83268539	      0.84570524	      0.47281538	      0.80877688	      0.83256984	      0.83946956	      0.82733201	      0.82826474	      0.82833471	      0.34729281	      0.68849901	      0.01017854	      0.01032614	      0.83561945	      0.26082433	      0.82664490	      0.27819491	      0.15627728	      0.26196898	      0.01006246	      0.50156415	      0.99999986	      0.01032527	      0.84529753	      0.90904342	      0.88810556	      0.52034719	      0.53716311	      0.52367031	      0.51610652	      0.52664742	      0.52581701	      0.42944221	      0.45843059	      0.61746406	      0.56695274	      0.49509968	      0.45843278	      0.21652108	      0.13210240	      0.48768254	      0.50108415	      0.51855558	      0.45621875	      0.48436072	      0.49338874	      0.49099316	      0.48816666	      0.48761325	      0.48391459	      0.49356746	      0.49079520	      0.46081337	      0.48342696	      0.49721560	      0.57042966	      0.45348360	      0.34440150	      0.44575521	      0.22774953	      0.50156415	      0.70630469	      0.46062228	      0.58560463	      0.72512417	      0.63144606	    -12.81325463	      3.76054167	    -10.81653631	     30.80788648	    -48.88415011	    -33.91314726	     16.74928039	     -3.90020642	     -0.00000000	     -0.00000001	     81.01197041	     27.73589753	     22.15122978	     12.09776874	     -3.13939801	     -0.00000001	     -0.00000001	   -330.39150243	    571.96923771	   -111.77656512	    -80.59864303	    -65.34341220	    -69.16177470	     -0.10168738	      0.37494607	      0.51031429	     -0.85451423	      0.99999867	     -0.35882363	      0.03328934	     -0.31953612	     -0.57337568	      0.39054392
