,time,Force_Fx1,Force_Fy1,Force_Fz1,Moment_Mx1,Moment_My1,Moment_Mz1,Force_Fx2,Force_Fy2,Force_Fz2,Moment_Mx2,Moment_My2,Moment_Mz2,Force_Fx3,Force_Fy3,Force_Fz3,Moment_Mx3,Moment_My3,Moment_Mz3,Force_Fx4,Force_Fy4,Force_Fz4,Moment_Mx4,Moment_My4,Moment_Mz4,Voltage_1,Voltage_2,Voltage_3,Voltage_4,Voltage_5,Voltage_6,Voltage_7,Voltage_8,Voltage_9,Voltage_10,Voltage_11,Voltage_12,Voltage_13,Voltage_14,Voltage_15,Voltage_16,Voltage_1-VM,Voltage_2-VL,Voltage_3-RF,Voltage_4-GRA,Voltage_5-TA,Voltage_6-AL,Voltage_7-ST,Voltage_8-BF,Voltage_9-MG,Voltage_10-LG,Voltage_11-TFL,Voltage_12-Gmax,Voltage_13-Gmed-intra,Voltage_14-PIR-intra,Voltage_15-OI-intra,Voltage_16-QF-intra,Force_Rig,TreadmillSpikes_1
0,0.0,-0.0,-0.0,-0.0,-0.0,-0.0,-0.0,-0.0,-0.0,-0.0,-0.0,-0.0,-0.0,-1.5783759355545044,4.656599521636963,-876.5639038085938,244333.328125,3156.299560546875,-1635.5677490234375,-0.0,-0.0,-0.0,-0.0,-0.0,-0.0,0.0072479248046875,0.00995635986328125,0.0160980224609375,0.02452850341796875,0.01605987548828125,0.0226593017578125,0.0089263916015625,0.0311279296875,0.01110076904296875,0.01087188720703125,0.02780914306640625,0.02422332763671875,0.01834869384765625,0.01453399658203125,0.006866455078125,0.037841796875,0.06500244140625,0.095062255859375,0.07293701171875,0.0860595703125,0.04608154296875,0.0701904296875,0.26947021484375,0.0518798828125,0.2850341796875,0.08636474609375,0.06378173828125,0.009765625,-0.49468994140625,-0.10528564453125,2.78778076171875,2.244720458984375,7.754581928253174,1.2499618530273438
1,0.0005,-0.0,-0.0,-0.0,-0.0,-0.0,-0.0,-0.0,-0.0,-0.0,-0.0,-0.0,-0.0,-1.4833595752716064,3.9683220386505127,-877.6942138671875,243771.625,2991.349609375,-1744.02490234375,-0.0,-0.0,-0.0,-0.0,-0.0,-0.0,0.001983642578125,0.0046539306640625,0.00385284423828125,0.00408172607421875,0.003204345703125,0.0034332275390625,0.00339508056640625,0.00659942626953125,0.00263214111328125,0.00217437744140625,0.00606536865234375,0.00324249267578125,0.00423431396484375,0.00362396240234375,0.001983642578125,0.007171630859375,0.11566162109375,0.09033203125,0.079345703125,0.077362060546875,-0.113983154296875,0.07843017578125,0.09857177734375,0.12664794921875,0.40435791015625,0.1751708984375,0.055389404296875,0.0616455078125,-0.1959228515625,0.167388916015625,2.452392578125,3.4906005859375,8.071402549743652,1.2499618530273438
2,0.001,-0.0,-0.0,-0.0,-0.0,-0.0,-0.0,-0.0,-0.0,-0.0,-0.0,-0.0,-0.0,-1.1532402038574219,3.9869327545166016,-876.518310546875,243728.1875,2768.411865234375,-1722.413818359375,-0.0,-0.0,-0.0,-0.0,-0.0,-0.0,-0.008392333984375,-0.009002685546875,-0.01651763916015625,-0.0229644775390625,-0.0167083740234375,-0.01697540283203125,-0.01049041748046875,-0.03082275390625,-0.01041412353515625,-0.01049041748046875,-0.0279998779296875,-0.0251007080078125,-0.0156402587890625,-0.01430511474609375,-0.00518798828125,-0.04024505615234375,0.032196044921875,0.020751953125,0.081634521484375,0.079345703125,0.220184326171875,0.088958740234375,0.135498046875,0.13458251953125,0.384521484375,0.22491455078125,0.070037841796875,0.08453369140625,0.325775146484375,-0.016021728515625,-2.21099853515625,-0.819854736328125,-3.334141492843628,1.2499618530273438
3,0.0015,-0.0,-0.0,-0.0,-0.0,-0.0,-0.0,-0.0,-0.0,-0.0,-0.0,-0.0,-0.0,-0.9060496687889099,3.7789738178253174,-875.7965087890625,243144.859375,2790.101806640625,-1635.4293212890625,-0.0,-0.0,-0.0,-0.0,-0.0,-0.0,-0.0008392333984375,-0.0043487548828125,-0.00286102294921875,-0.00347137451171875,-0.0022125244140625,-0.0019073486328125,-0.00476837158203125,-0.00476837158203125,-0.00186920166015625,-0.00213623046875,-0.0026702880859375,-0.00194549560546875,-0.00499725341796875,-0.0023651123046875,-0.0025177001953125,-0.006866455078125,0.0506591796875,0.1617431640625,0.08087158203125,0.070648193359375,0.183868408203125,0.076904296875,0.14373779296875,-0.01068115234375,0.00579833984375,0.05767822265625,0.09857177734375,0.0811767578125,0.136871337890625,0.2899169921875,-0.61004638671875,-3.869781494140625,-14.73968505859375,1.2499618530273438
4,0.002,-0.0,-0.0,-0.0,-0.0,-0.0,-0.0,-0.0,-0.0,-0.0,-0.0,-0.0,-0.0,-0.6273643970489502,3.791471481323242,-877.36767578125,242970.875,2797.53173828125,-1637.41455078125,-0.0,-0.0,-0.0,-0.0,-0.0,-0.0,0.00972747802734375,0.00896453857421875,0.01613616943359375,0.02208709716796875,0.01483917236328125,0.0208282470703125,0.011138916015625,0.0305938720703125,0.0107574462890625,0.01117706298828125,0.0287628173828125,0.02422332763671875,0.0179290771484375,0.014190673828125,0.01071929931640625,0.039520263671875,0.072784423828125,0.105438232421875,0.092315673828125,0.080108642578125,0.086822509765625,0.076141357421875,0.03082275390625,0.240478515625,0.20904541015625,0.22918701171875,0.1043701171875,0.1123046875,-0.579071044921875,0.282135009765625,3.33251953125,2.627410888671875,3.3190925121307373,1.2499618530273438
5,0.0025,-0.0,-0.0,-0.0,-0.0,-0.0,-0.0,-0.0,-0.0,-0.0,-0.0,-0.0,-0.0,-0.9308093786239624,3.683903932571411,-877.1953735351562,242580.640625,2215.798583984375,-1713.790283203125,-0.0,-0.0,-0.0,-0.0,-0.0,-0.0,0.00133514404296875,0.00194549560546875,0.003662109375,0.00484466552734375,0.00316619873046875,0.00286102294921875,0.00156402587890625,0.0042724609375,0.0019073486328125,0.00186920166015625,0.00446319580078125,0.00469207763671875,0.00560760498046875,0.0020599365234375,-0.001678466796875,0.0067138671875,0.108489990234375,0.12298583984375,0.063629150390625,0.074005126953125,0.08453369140625,0.08209228515625,0.19866943359375,0.01861572265625,-0.17913818359375,0.15594482421875,0.05706787109375,0.147552490234375,0.074005126953125,0.01953125,0.68115234375,3.93829345703125,6.487298965454102,1.2499618530273438
6,0.003,-0.0,-0.0,-0.0,-0.0,-0.0,-0.0,-0.0,-0.0,-0.0,-0.0,-0.0,-0.0,-1.1662155389785767,3.62764835357666,-880.1345825195312,242920.828125,2444.80126953125,-1635.76904296875,-0.0,-0.0,-0.0,-0.0,-0.0,-0.0,-0.00812530517578125,-0.009918212890625,-0.01522064208984375,-0.02407073974609375,-0.01491546630859375,-0.01903533935546875,-0.01186370849609375,-0.03025054931640625,-0.01117706298828125,-0.0112152099609375,-0.0276947021484375,-0.02559661865234375,-0.01995086669921875,-0.01415252685546875,-0.0048828125,-0.04085540771484375,0.085296630859375,0.133056640625,0.09002685546875,0.076904296875,-0.007781982421875,0.081024169921875,0.16326904296875,0.3753662109375,0.184326171875,0.17669677734375,0.055694580078125,0.0677490234375,0.669403076171875,0.107574462890625,-2.81982421875,-2.231597900390625,4.348759651184082,1.2499618530273438
7,0.0035,-0.0,-0.0,-0.0,-0.0,-0.0,-0.0,-0.0,-0.0,-0.0,-0.0,-0.0,-0.0,-1.4062472581863403,3.7095108032226562,-880.6378784179688,242642.984375,2074.212890625,-1834.83935546875,-0.0,-0.0,-0.0,-0.0,-0.0,-0.0,-0.00102996826171875,-0.00244140625,-0.00232696533203125,-0.002899169921875,-0.00392913818359375,-0.0030517578125,-0.00324249267578125,-0.00438690185546875,-0.00118255615234375,-0.00213623046875,-0.0034332275390625,-0.0029754638671875,-0.005035400390625,-0.00148773193359375,0.00095367431640625,-0.005035400390625,0.09765625,-0.2581787109375,0.084075927734375,0.08880615234375,-0.089569091796875,0.082550048828125,0.11138916015625,0.14862060546875,0.1751708984375,-0.0616455078125,0.092315673828125,0.023040771484375,0.13153076171875,0.068817138671875,0.511016845703125,-2.730560302734375,-4.522219181060791,1.2499618530273438
8,0.004,-0.0,-0.0,-0.0,-0.0,-0.0,-0.0,-0.0,-0.0,-0.0,-0.0,-0.0,-0.0,-1.3306617736816406,3.7846837043762207,-883.5208129882812,242401.421875,2008.015380859375,-1720.4993896484375,-0.0,-0.0,-0.0,-0.0,-0.0,-0.0,0.0101470947265625,0.00637054443359375,0.016326904296875,0.02338409423828125,0.01705169677734375,0.0196075439453125,0.01373291015625,0.03231048583984375,0.011138916015625,0.01361846923828125,0.02658843994140625,0.026702880859375,0.01674652099609375,0.01445770263671875,0.00720977783203125,0.04070281982421875,-0.021820068359375,0.15106201171875,0.03204345703125,0.074615478515625,0.25238037109375,0.063018798828125,0.20843505859375,0.12359619140625,0.15350341796875,0.21148681640625,0.124359130859375,0.109710693359375,-0.947418212890625,0.113525390625,3.82568359375,2.43560791015625,6.487298965454102,1.2499618530273438
9,0.0045000000000000005,-0.0,-0.0,-0.0,-0.0,-0.0,-0.0,-0.0,-0.0,-0.0,-0.0,-0.0,-0.0,-1.4682179689407349,3.667494773864746,-883.0567016601562,242307.125,1821.3907470703125,-1693.1846923828125,-0.0,-0.0,-0.0,-0.0,-0.0,-0.0,0.0005340576171875,0.00537872314453125,0.0030517578125,0.00598907470703125,0.00308990478515625,0.00213623046875,0.0034332275390625,0.00514984130859375,0.00286102294921875,0.00156402587890625,0.00514984130859375,0.00026702880859375,0.00362396240234375,0.00244140625,0.00225067138671875,0.00762939453125,0.06988525390625,0.07781982421875,0.0714111328125,0.077056884765625,0.071868896484375,0.0848388671875,0.29937744140625,0.13702392578125,0.1348876953125,0.14068603515625,0.00823974609375,0.116729736328125,0.040130615234375,0.0836181640625,-0.013427734375,2.91046142578125,7.358555793762207,1.2499618530273438
10,0.005,-0.0,-0.0,-0.0,-0.0,-0.0,-0.0,-0.0,-0.0,-0.0,-0.0,-0.0,-0.0,-1.5013641119003296,3.274592161178589,-884.750244140625,242284.0,1269.01025390625,-1542.76611328125,-0.0,-0.0,-0.0,-0.0,-0.0,-0.0,-0.00926971435546875,-0.00858306884765625,-0.01705169677734375,-0.0223541259765625,-0.016326904296875,-0.01972198486328125,-0.01026153564453125,-0.02986907958984375,-0.01087188720703125,-0.01239776611328125,-0.02655029296875,-0.026092529296875,-0.01590728759765625,-0.01514434814453125,-0.00457763671875,-0.0392913818359375,0.06988525390625,0.086669921875,0.07904052734375,0.080413818359375,0.05218505859375,0.0836181640625,-0.11077880859375,0.1422119140625,0.12298583984375,0.1678466796875,0.067291259765625,0.092010498046875,0.448760986328125,-0.081787109375,-2.399139404296875,-1.91741943359375,-4.522219181060791,1.2499618530273438
11,0.0055,-0.0,-0.0,-0.0,-0.0,-0.0,-0.0,-0.0,-0.0,-0.0,-0.0,-0.0,-0.0,-1.4606437683105469,3.091259002685547,-884.7769165039062,241415.890625,1025.4373779296875,-1364.799560546875,-0.0,-0.0,-0.0,-0.0,-0.0,-0.0,-0.001373291015625,-0.002899169921875,-0.00213623046875,-0.0035858154296875,-0.0034332275390625,-0.00423431396484375,-0.0002288818359375,-0.00209808349609375,-0.00194549560546875,-0.0014495849609375,-0.002899169921875,-0.00057220458984375,-0.00164031982421875,-0.00148773193359375,-0.00118255615234375,-0.00553131103515625,0.09124755859375,0.074462890625,0.077362060546875,0.074462890625,0.060882568359375,0.0787353515625,0.133056640625,0.13702392578125,0.0439453125,0.20355224609375,0.16571044921875,0.0872802734375,0.113983154296875,0.181121826171875,0.403900146484375,-0.67840576171875,-6.50234842300415,1.2499618530273438
12,0.006,-0.0,-0.0,-0.0,-0.0,-0.0,-0.0,-0.0,-0.0,-0.0,-0.0,-0.0,-0.0,-0.9895227551460266,1.9430770874023438,-883.4075927734375,240767.453125,912.4282836914062,-1214.14453125,-0.0,-0.0,-0.0,-0.0,-0.0,-0.0,0.00858306884765625,0.0084686279296875,0.0173187255859375,0.02269744873046875,0.01628875732421875,0.019073486328125,0.01094818115234375,0.02960205078125,0.01129150390625,0.01125335693359375,0.0254058837890625,0.02323150634765625,0.01613616943359375,0.0138092041015625,0.00614166259765625,0.04032135009765625,0.0958251953125,0.081787109375,0.092315673828125,0.074005126953125,0.076904296875,0.081787109375,0.13580322265625,0.118408203125,-0.025634765625,0.1165771484375,-0.06622314453125,0.101470947265625,-0.620269775390625,-0.295562744140625,2.5628662109375,1.8353271484375,6.091273307800293,1.2499618530273438
13,0.006500000000000001,-0.0,-0.0,-0.0,-0.0,-0.0,-0.0,-0.0,-0.0,-0.0,-0.0,-0.0,-0.0,-0.716579258441925,1.0598602294921875,-882.6552734375,239749.28125,998.9817504882812,-1159.44287109375,-0.0,-0.0,-0.0,-0.0,-0.0,-0.0,0.0008392333984375,0.0080108642578125,0.00164031982421875,0.00518798828125,0.00461578369140625,0.0032806396484375,0.00431060791015625,0.00476837158203125,0.0023651123046875,0.0003814697265625,0.0048828125,0.00034332275390625,0.00385284423828125,0.00255584716796875,-0.0008392333984375,0.00598907470703125,0.108489990234375,0.149688720703125,0.09552001953125,0.07659912109375,-0.01068115234375,0.081939697265625,0.1470947265625,0.14190673828125,0.087890625,0.096435546875,0.061187744140625,0.0799560546875,0.521240234375,-0.11474609375,-0.236663818359375,0.8123779296875,7.437760829925537,1.2499618530273438
14,0.007,-0.0,-0.0,-0.0,-0.0,-0.0,-0.0,-0.0,-0.0,-0.0,-0.0,-0.0,-0.0,-0.9688675403594971,-0.6182518005371094,-882.2514038085938,238826.890625,743.1234130859375,-915.7825927734375,-0.0,-0.0,-0.0,-0.0,-0.0,-0.0,-0.00850677490234375,-0.006256103515625,-0.01491546630859375,-0.02086639404296875,-0.01506805419921875,-0.019073486328125,-0.00972747802734375,-0.03021240234375,-0.009307861328125,-0.0101470947265625,-0.0231170654296875,-0.02124786376953125,-0.01377105712890625,-0.01499176025390625,-0.00640869140625,-0.0403594970703125,0.0885009765625,0.129241943359375,0.05462646484375,0.08697509765625,0.1348876953125,0.079345703125,0.0927734375,0.11566162109375,0.23040771484375,0.22064208984375,0.130767822265625,-0.005035400390625,0.77850341796875,0.390167236328125,-1.7523193359375,-0.712127685546875,-5.3934760093688965,1.2499618530273438
15,0.0075,-0.0,-0.0,-0.0,-0.0,-0.0,-0.0,-0.0,-0.0,-0.0,-0.0,-0.0,-0.0,-0.9687925577163696,-2.045389175415039,-878.8975219726562,237739.765625,469.74560546875,-831.8016357421875,-0.0,-0.0,-0.0,-0.0,-0.0,-0.0,-0.00118255615234375,-0.007171630859375,-0.00072479248046875,-0.003204345703125,-0.0012969970703125,-0.00217437744140625,-0.00408172607421875,-0.00579833984375,-0.003662109375,-7.62939453125e-05,-0.004730224609375,0.00091552734375,-0.00530242919921875,-0.00362396240234375,-0.0008392333984375,-0.00484466552734375,0.021820068359375,0.05950927734375,0.063323974609375,0.081787109375,0.111083984375,0.0653076171875,0.16357421875,0.142822265625,0.572509765625,0.1416015625,0.084228515625,0.028228759765625,-0.14984130859375,0.250091552734375,1.30767822265625,-2.123870849609375,-5.155860424041748,1.2499618530273438
16,0.008,-0.0,-0.0,-0.0,-0.0,-0.0,-0.0,-0.0,-0.0,-0.0,-0.0,-0.0,-0.0,-1.4939497709274292,-3.967440128326416,-877.7116088867188,236799.4375,717.4177856445312,-748.3973388671875,-0.0,-0.0,-0.0,-0.0,-0.0,-0.0,0.00919342041015625,0.007781982421875,0.01743316650390625,0.02216339111328125,0.0156402587890625,0.02094268798828125,0.0095367431640625,0.03383636474609375,0.009613037109375,0.01220703125,0.02544403076171875,0.0235748291015625,0.0144195556640625,0.01529693603515625,0.00823974609375,0.03910064697265625,0.07598876953125,0.17608642578125,0.08087158203125,0.0616455078125,0.05950927734375,0.071868896484375,0.14892578125,0.137939453125,0.20660400390625,0.0042724609375,0.0726318359375,0.06378173828125,-0.48065185546875,-0.06072998046875,2.05902099609375,0.716552734375,10.843584060668945,1.2499618530273438
17,0.0085,-0.0,-0.0,-0.0,-0.0,-0.0,-0.0,-0.0,-0.0,-0.0,-0.0,-0.0,-0.0,-1.52229905128479,-4.893075942993164,-874.9739990234375,235985.203125,898.966552734375,-877.9859619140625,-0.0,-0.0,-0.0,-0.0,-0.0,-0.0,0.00186920166015625,0.00461578369140625,0.0022125244140625,0.00518798828125,0.00392913818359375,0.00308990478515625,0.00152587890625,0.006103515625,0.0019073486328125,0.00102996826171875,0.0054168701171875,0.0026702880859375,0.00400543212890625,0.00194549560546875,0.00030517578125,0.00789642333984375,0.103759765625,0.117034912109375,0.08331298828125,0.0738525390625,0.070953369140625,0.074615478515625,0.1239013671875,0.13702392578125,0.150146484375,0.0567626953125,0.13519287109375,0.0921630859375,0.272674560546875,0.09796142578125,0.04791259765625,2.11029052734375,8.15060806274414,1.2499618530273438
18,0.009000000000000001,-0.0,-0.0,-0.0,-0.0,-0.0,-0.0,-0.0,-0.0,-0.0,-0.0,-0.0,-0.0,-2.6254093647003174,-6.087045192718506,-872.1525268554688,234821.703125,1085.771484375,-809.1461181640625,-0.0,-0.0,-0.0,-0.0,-0.0,-0.0,-0.00885009765625,-0.008697509765625,-0.0157928466796875,-0.02185821533203125,-0.0140380859375,-0.0194549560546875,-0.009918212890625,-0.0307464599609375,-0.0101470947265625,-0.0116729736328125,-0.02696990966796875,-0.02033233642578125,-0.01453399658203125,-0.0127410888671875,-0.008087158203125,-0.03879547119140625,0.052642822265625,0.020751953125,0.075225830078125,0.073699951171875,0.072479248046875,0.076141357421875,0.16357421875,0.126953125,0.23468017578125,0.1837158203125,0.00946044921875,0.093231201171875,0.740203857421875,0.17913818359375,-1.683349609375,-0.128631591796875,-4.680629253387451,1.2499618530273438
19,0.0095,-0.0,-0.0,-0.0,-0.0,-0.0,-0.0,-0.0,-0.0,-0.0,-0.0,-0.0,-0.0,-1.94439697265625,-6.514179229736328,-870.0573120117188,234117.890625,1306.6072998046875,-673.2048950195312,-0.0,-0.0,-0.0,-0.0,-0.0,-0.0,0.00148773193359375,-0.00614166259765625,-0.0012969970703125,-0.00362396240234375,-0.002593994140625,-0.00431060791015625,-0.00091552734375,-0.0031280517578125,-0.000762939453125,-0.001678466796875,-0.00701904296875,-0.00339508056640625,-0.005035400390625,-0.00186920166015625,0.00179290771484375,-0.0049591064453125,0.049285888671875,0.09185791015625,0.06805419921875,0.075836181640625,0.10284423828125,0.078582763671875,0.0836181640625,0.1531982421875,-0.29998779296875,0.27862548828125,0.05340576171875,0.0921630859375,-0.076141357421875,-0.088958740234375,-0.897674560546875,-2.12493896484375,-7.690425872802734,1.2499618530273438
20,0.01,-0.0,-0.0,-0.0,-0.0,-0.0,-0.0,-0.0,-0.0,-0.0,-0.0,-0.0,-0.0,-1.8775570392608643,-7.220528602600098,-866.6231689453125,233351.75,663.8363647460938,-566.7860717773438,-0.0,-0.0,-0.0,-0.0,-0.0,-0.0,0.01094818115234375,0.00453948974609375,0.01773834228515625,0.02285003662109375,0.0168609619140625,0.02254486083984375,0.01125335693359375,0.03139495849609375,0.0092315673828125,0.0125885009765625,0.02422332763671875,0.02349853515625,0.01491546630859375,0.01556396484375,0.00873565673828125,0.040740966796875,0.051422119140625,0.138397216796875,0.078277587890625,0.07232666015625,0.037689208984375,0.07598876953125,0.31494140625,0.2252197265625,0.712890625,0.228271484375,0.05645751953125,0.12542724609375,-0.5926513671875,-0.095672607421875,1.9110107421875,2.159271240234375,5.7744526863098145,1.2499618530273438
21,0.0105,-0.0,-0.0,-0.0,-0.0,-0.0,-0.0,-0.0,-0.0,-0.0,-0.0,-0.0,-0.0,-2.1364150047302246,-7.507343292236328,-863.1896362304688,232749.234375,1153.0391845703125,-542.2987060546875,-0.0,-0.0,-0.0,-0.0,-0.0,-0.0,0.00225067138671875,0.006103515625,0.004119873046875,0.003814697265625,0.00141143798828125,0.0028228759765625,0.00030517578125,0.00576019287109375,0.0016021728515625,0.0030517578125,0.0051116943359375,7.62939453125e-05,0.00110626220703125,0.001220703125,0.00110626220703125,0.007476806640625,0.09307861328125,-0.00396728515625,0.08087158203125,0.072174072265625,0.01739501953125,0.0738525390625,0.09368896484375,0.09033203125,0.1934814453125,0.0677490234375,0.08026123046875,0.089263916015625,0.25848388671875,0.12451171875,0.533294677734375,2.320098876953125,6.883325099945068,1.2499618530273438
22,0.011,-0.0,-0.0,-0.0,-0.0,-0.0,-0.0,-0.0,-0.0,-0.0,-0.0,-0.0,-0.0,-2.4912989139556885,-7.257107257843018,-862.6663208007812,232195.890625,1419.320068359375,-713.07861328125,-0.0,-0.0,-0.0,-0.0,-0.0,-0.0,-0.00797271728515625,-0.0127410888671875,-0.01583099365234375,-0.02262115478515625,-0.01590728759765625,-0.0200653076171875,-0.01056671142578125,-0.0302886962890625,-0.00865936279296875,-0.01129150390625,-0.02521514892578125,-0.0211334228515625,-0.01689910888671875,-0.013885498046875,-0.00743865966796875,-0.03795623779296875,0.0518798828125,-0.01953125,0.07965087890625,0.059967041015625,0.091400146484375,0.109405517578125,0.20599365234375,0.05126953125,0.0201416015625,0.05340576171875,0.088348388671875,0.015869140625,0.217742919921875,0.18463134765625,-0.6451416015625,-1.397857666015625,-4.046988010406494,1.2499618530273438
23,0.0115,-0.0,-0.0,-0.0,-0.0,-0.0,-0.0,-0.0,-0.0,-0.0,-0.0,-0.0,-0.0,-2.4764301776885986,-6.2197136878967285,-857.9537353515625,231640.296875,1477.1175537109375,-858.6011352539062,-0.0,-0.0,-0.0,-0.0,-0.0,-0.0,-0.00186920166015625,-0.00522613525390625,-0.00125885009765625,-0.00274658203125,-0.002899169921875,-0.00064849853515625,-0.00354766845703125,-0.00518798828125,-0.001678466796875,0.00091552734375,-0.00324249267578125,-0.00278472900390625,-0.00370025634765625,-0.003204345703125,0.00041961669921875,-0.005645751953125,0.08697509765625,0.145721435546875,0.069427490234375,0.08087158203125,0.106201171875,0.0811767578125,0.0933837890625,0.18463134765625,0.6768798828125,0.0238037109375,0.193023681640625,0.0750732421875,-0.172882080078125,-0.038299560546875,-0.22430419921875,-1.33880615234375,-5.868706703186035,1.2499618530273438
24,0.012,-0.0,-0.0,-0.0,-0.0,-0.0,-0.0,-0.0,-0.0,-0.0,-0.0,-0.0,-0.0,-2.7500343322753906,-4.335259437561035,-855.8595581054688,232012.46875,1577.80078125,-895.4960327148438,-0.0,-0.0,-0.0,-0.0,-0.0,-0.0,0.01064300537109375,0.00621795654296875,0.0174713134765625,0.02079010009765625,0.01644134521484375,0.01964569091796875,0.01148223876953125,0.0311279296875,0.00774383544921875,0.01163482666015625,0.02536773681640625,0.02460479736328125,0.0150299072265625,0.0151824951171875,0.00736236572265625,0.0392913818359375,0.077056884765625,0.098419189453125,0.0714111328125,0.075531005859375,0.0775146484375,0.048980712890625,-0.0921630859375,0.1287841796875,0.10284423828125,0.1312255859375,0.015716552734375,0.0897216796875,-0.56976318359375,0.05859375,2.69989013671875,2.15362548828125,6.170478343963623,1.2499618530273438
25,0.0125,-0.0,-0.0,-0.0,-0.0,-0.0,-0.0,-0.0,-0.0,-0.0,-0.0,-0.0,-0.0,-2.7576045989990234,-2.384685516357422,-856.758544921875,232412.265625,1625.854248046875,-895.01953125,-0.0,-0.0,-0.0,-0.0,-0.0,-0.0,-0.0006103515625,0.006561279296875,0.00370025634765625,0.00522613525390625,0.00457763671875,0.00354766845703125,0.003509521484375,0.00335693359375,0.00125885009765625,0.000457763671875,0.00823974609375,0.002593994140625,0.00293731689453125,0.0025177001953125,-0.0017547607421875,0.00701904296875,0.07293701171875,0.094146728515625,0.07537841796875,0.066680908203125,0.050048828125,0.0775146484375,0.283203125,0.15899658203125,0.1800537109375,0.32379150390625,0.006256103515625,0.03509521484375,0.5670166015625,0.321502685546875,1.151123046875,2.578582763671875,5.932862758636475,1.2499618530273438
26,0.013000000000000001,-0.0,-0.0,-0.0,-0.0,-0.0,-0.0,-0.0,-0.0,-0.0,-0.0,-0.0,-0.0,-2.194833517074585,0.23451775312423706,-858.8828735351562,233417.609375,1371.566650390625,-810.10009765625,-0.0,-0.0,-0.0,-0.0,-0.0,-0.0,-0.00766754150390625,-0.009765625,-0.01659393310546875,-0.0234222412109375,-0.0146484375,-0.0212860107421875,-0.00957489013671875,-0.0325775146484375,-0.00988006591796875,-0.0112152099609375,-0.02574920654296875,-0.024566650390625,-0.01567840576171875,-0.013275146484375,-0.0083160400390625,-0.036773681640625,0.080413818359375,0.077667236328125,0.079803466796875,0.082550048828125,0.073089599609375,0.070037841796875,0.09307861328125,0.13153076171875,-0.16845703125,0.08270263671875,0.0213623046875,0.032958984375,0.460357666015625,0.13214111328125,-2.681732177734375,-1.01806640625,-3.1757311820983887,1.2499618530273438
27,0.0135,-0.0,-0.0,-0.0,-0.0,-0.0,-0.0,-0.0,-0.0,-0.0,-0.0,-0.0,-0.0,-1.1224277019500732,2.1850340366363525,-862.115966796875,234276.234375,1378.5286865234375,-771.50830078125,-0.0,-0.0,-0.0,-0.0,-0.0,-0.0,-0.0006866455078125,-0.00431060791015625,-0.00335693359375,-0.0048828125,-0.0005340576171875,-0.002288818359375,-0.00133514404296875,-0.005035400390625,-0.00255584716796875,-0.00091552734375,-0.00476837158203125,0.00026702880859375,-0.0037384033203125,-0.00080108642578125,-0.00091552734375,-0.0072479248046875,0.081329345703125,0.033111572265625,0.078277587890625,0.0726318359375,0.137939453125,0.049896240234375,0.21087646484375,0.15106201171875,0.2459716796875,0.11260986328125,0.1220703125,0.114593505859375,-0.015869140625,-0.010528564453125,-0.26580810546875,-2.430572509765625,-6.343937873840332,1.2499618530273438
28,0.014,-0.0,-0.0,-0.0,-0.0,-0.0,-0.0,-0.0,-0.0,-0.0,-0.0,-0.0,-0.0,-0.4855960011482239,4.254929065704346,-862.90673828125,235628.8125,1044.5081787109375,-363.0358581542969,-0.0,-0.0,-0.0,-0.0,-0.0,-0.0,0.00957489013671875,0.00774383544921875,0.0171661376953125,0.02140045166015625,0.0154876708984375,0.0183868408203125,0.01129150390625,0.0318145751953125,0.01129150390625,0.01026153564453125,0.02655029296875,0.02513885498046875,0.01491546630859375,0.01476287841796875,0.00762939453125,0.0399017333984375,0.080718994140625,0.088348388671875,0.079345703125,0.07171630859375,0.086669921875,0.0787353515625,0.05462646484375,0.157470703125,-0.16937255859375,-0.05889892578125,0.084381103515625,0.10589599609375,-0.593109130859375,0.08758544921875,3.072052001953125,2.621917724609375,8.54663372039795,1.2499618530273438
29,0.0145,-0.0,-0.0,-0.0,-0.0,-0.0,-0.0,-0.0,-0.0,-0.0,-0.0,-0.0,-0.0,1.6464096307754517,5.982520580291748,-866.3374633789062,236457.78125,692.6580810546875,-256.4420166015625,-0.0,-0.0,-0.0,-0.0,-0.0,-0.0,0.00026702880859375,0.00518798828125,0.00301361083984375,0.00339508056640625,0.00331878662109375,0.0054931640625,0.00377655029296875,0.00446319580078125,0.0003814697265625,0.00141143798828125,0.00484466552734375,0.00431060791015625,0.003662109375,0.0034332275390625,0.001068115234375,0.0054931640625,0.079193115234375,0.079803466796875,0.079498291015625,0.070953369140625,-0.036163330078125,0.081634521484375,0.045166015625,-0.05889892578125,0.31463623046875,0.24017333984375,0.074615478515625,0.060577392578125,0.1483154296875,-0.024566650390625,1.598663330078125,2.18597412109375,7.754581928253174,1.2499618530273438
30,0.015,-0.0,-0.0,-0.0,-0.0,-0.0,-0.0,-0.0,-0.0,-0.0,-0.0,-0.0,-0.0,2.371610403060913,7.146230697631836,-869.2638549804688,237339.109375,251.05172729492188,146.5652618408203,-0.0,-0.0,-0.0,-0.0,-0.0,-0.0,-0.0098419189453125,-0.008087158203125,-0.018310546875,-0.0214385986328125,-0.0156402587890625,-0.0191497802734375,-0.01300811767578125,-0.0301361083984375,-0.01049041748046875,-0.011749267578125,-0.0262451171875,-0.02651214599609375,-0.01575469970703125,-0.0153350830078125,-0.0038909912109375,-0.0402069091796875,0.083160400390625,0.050811767578125,0.07537841796875,0.062408447265625,0.058135986328125,0.071563720703125,0.21759033203125,0.20904541015625,0.13671875,0.00518798828125,0.08148193359375,0.06591796875,0.535736083984375,-0.040130615234375,-2.413787841796875,-1.60552978515625,-0.7203710675239563,1.2499618530273438
31,0.0155,-0.0,-0.0,-0.0,-0.0,-0.0,-0.0,-0.0,-0.0,-0.0,-0.0,-0.0,-0.0,3.702047348022461,7.92525053024292,-869.4188232421875,237896.046875,-87.60296630859375,411.9820861816406,-0.0,-0.0,-0.0,-0.0,-0.0,-0.0,0.000152587890625,-0.0037384033203125,-0.0025177001953125,-0.00545501708984375,-0.0023651123046875,-0.00194549560546875,-0.001983642578125,-0.00347137451171875,-0.00179290771484375,-0.00072479248046875,-0.00606536865234375,-0.00156402587890625,-0.0026702880859375,-0.0003814697265625,0.001220703125,-0.0081634521484375,0.127716064453125,0.10345458984375,0.076751708984375,0.07415771484375,0.09765625,0.07080078125,0.08087158203125,0.2117919921875,0.40496826171875,0.06622314453125,0.096588134765625,0.065460205078125,-0.244598388671875,-0.020294189453125,-0.157318115234375,-1.558837890625,-5.551886081695557,1.2499618530273438
32,0.016,-0.0,-0.0,-0.0,-0.0,-0.0,-0.0,-0.0,-0.0,-0.0,-0.0,-0.0,-0.0,4.2820963859558105,7.764350414276123,-871.13330078125,238416.359375,-113.18968963623047,603.6439208984375,-0.0,-0.0,-0.0,-0.0,-0.0,-0.0,0.0077056884765625,0.0112152099609375,0.01697540283203125,0.0232696533203125,0.0157928466796875,0.0197601318359375,0.01007080078125,0.0312042236328125,0.00835418701171875,0.0104522705078125,0.02777099609375,0.02716064453125,0.01708984375,0.015106201171875,0.0080108642578125,0.0383758544921875,0.08087158203125,0.176849365234375,0.078887939453125,0.074310302734375,-0.016937255859375,0.07293701171875,0.1708984375,0.15350341796875,-0.15289306640625,0.1116943359375,0.09002685546875,0.064544677734375,-0.262908935546875,0.17730712890625,3.66363525390625,2.6983642578125,-6.185527801513672,1.2499618530273438
33,0.0165,-0.0,-0.0,-0.0,-0.0,-0.0,-0.0,-0.0,-0.0,-0.0,-0.0,-0.0,-0.0,4.790382385253906,7.507343292236328,-871.0371704101562,238106.015625,-714.4110107421875,838.5935668945312,-0.0,-0.0,-0.0,-0.0,-0.0,-0.0,0.0028228759765625,0.0046539306640625,0.00278472900390625,0.0041961669921875,0.0042724609375,0.004730224609375,0.00225067138671875,0.00659942626953125,-0.00118255615234375,0.003204345703125,0.00644683837890625,0.0025177001953125,0.002899169921875,0.001373291015625,0.0,0.0054931640625,0.112152099609375,-0.020294189453125,0.089111328125,0.076751708984375,0.40985107421875,0.076751708984375,0.20263671875,0.15045166015625,0.43365478515625,0.18280029296875,0.085906982421875,0.05706787109375,0.357818603515625,0.103912353515625,0.2069091796875,1.131591796875,6.566504001617432,1.2499618530273438
34,0.017,-0.0,-0.0,-0.0,-0.0,-0.0,-0.0,-0.0,-0.0,-0.0,-0.0,-0.0,-0.0,5.145225524902344,6.897165298461914,-870.4030151367188,237863.171875,-879.90625,868.3800048828125,-0.0,-0.0,-0.0,-0.0,-0.0,-0.0,-0.008544921875,-0.00873565673828125,-0.01705169677734375,-0.02166748046875,-0.015716552734375,-0.0189971923828125,-0.0109100341796875,-0.03154754638671875,-0.00888824462890625,-0.0122833251953125,-0.02410888671875,-0.02445220947265625,-0.01636505126953125,-0.01506805419921875,-0.00774383544921875,-0.0405120849609375,-0.010223388671875,0.070343017578125,0.052642822265625,0.074005126953125,0.17791748046875,0.054931640625,0.1080322265625,0.12786865234375,0.1165771484375,0.245361328125,0.068206787109375,0.0909423828125,0.77667236328125,0.166778564453125,-2.3919677734375,-2.642059326171875,-5.076655387878418,1.2499618530273438
35,0.0175,-0.0,-0.0,-0.0,-0.0,-0.0,-0.0,-0.0,-0.0,-0.0,-0.0,-0.0,-0.0,5.435858726501465,5.85362434387207,-870.0215454101562,237320.984375,-768.934326171875,1008.46826171875,-0.0,-0.0,-0.0,-0.0,-0.0,-0.0,-0.00133514404296875,-0.0066375732421875,-0.00274658203125,-0.00453948974609375,-0.00377655029296875,-0.00186920166015625,-0.000457763671875,-0.0051116943359375,-0.00125885009765625,-0.0029754638671875,-0.00396728515625,-0.00030517578125,-0.00232696533203125,-0.00049591064453125,-0.000457763671875,-0.00583648681640625,0.054168701171875,0.041656494140625,0.055999755859375,0.07415771484375,0.10833740234375,0.065765380859375,0.050048828125,-0.04241943359375,0.05767822265625,0.0543212890625,0.08056640625,0.094146728515625,-0.025482177734375,0.116119384765625,0.14068603515625,-1.81365966796875,-5.235065460205078,1.2499618530273438
36,0.018000000000000002,-0.0,-0.0,-0.0,-0.0,-0.0,-0.0,-0.0,-0.0,-0.0,-0.0,-0.0,-0.0,4.590185165405273,4.865898609161377,-868.8189697265625,236888.296875,-715.9696655273438,902.689697265625,-0.0,-0.0,-0.0,-0.0,-0.0,-0.0,0.0102996826171875,0.00576019287109375,0.01766204833984375,0.02414703369140625,0.01651763916015625,0.0196075439453125,0.01049041748046875,0.03002166748046875,0.01010894775390625,0.01117706298828125,0.0273895263671875,0.02490997314453125,0.01895904541015625,0.0148773193359375,0.00629425048828125,0.04085540771484375,0.082550048828125,0.074615478515625,0.073394775390625,0.074920654296875,0.04180908203125,0.063934326171875,0.1708984375,0.28533935546875,-0.1226806640625,-0.14373779296875,0.10009765625,0.122222900390625,-0.7916259765625,0.08941650390625,3.466949462890625,2.3468017578125,7.120940208435059,1.2499618530273438
37,0.0185,-0.0,-0.0,-0.0,-0.0,-0.0,-0.0,-0.0,-0.0,-0.0,-0.0,-0.0,-0.0,4.685105800628662,3.775482654571533,-866.5291748046875,236538.53125,-684.2794189453125,783.8651733398438,-0.0,-0.0,-0.0,-0.0,-0.0,-0.0,-0.00057220458984375,0.00553131103515625,0.00209808349609375,0.00530242919921875,0.002593994140625,0.00396728515625,0.0055694580078125,0.0048828125,-0.00011444091796875,0.0008392333984375,0.0052642822265625,0.0003814697265625,0.00347137451171875,0.0005340576171875,0.00141143798828125,0.00659942626953125,0.112457275390625,0.10528564453125,0.0897216796875,0.078887939453125,0.034637451171875,0.084686279296875,0.21240234375,0.103759765625,0.1531982421875,0.20538330078125,0.117034912109375,0.087738037109375,0.2734375,-0.005340576171875,-0.8294677734375,2.070770263671875,7.912992000579834,1.2499618530273438
38,0.019,-0.0,-0.0,-0.0,-0.0,-0.0,-0.0,-0.0,-0.0,-0.0,-0.0,-0.0,-0.0,3.8062398433685303,3.267902374267578,-866.8779296875,235937.59375,-331.04132080078125,656.1459350585938,-0.0,-0.0,-0.0,-0.0,-0.0,-0.0,-0.009002685546875,-0.0099945068359375,-0.01728057861328125,-0.02166748046875,-0.015106201171875,-0.01888275146484375,-0.00957489013671875,-0.03101348876953125,-0.00881195068359375,-0.0116729736328125,-0.0264739990234375,-0.0225830078125,-0.01483917236328125,-0.01434326171875,-0.005645751953125,-0.0385284423828125,0.0994873046875,0.030670166015625,0.09033203125,0.083465576171875,0.068206787109375,0.089569091796875,0.1971435546875,0.3125,0.244140625,0.2093505859375,0.030059814453125,0.03448486328125,0.498809814453125,-0.0811767578125,-1.7218017578125,-1.01165771484375,-4.7598347663879395,1.2499618530273438
39,0.0195,-0.0,-0.0,-0.0,-0.0,-0.0,-0.0,-0.0,-0.0,-0.0,-0.0,-0.0,-0.0,2.6865203380584717,2.3512372970581055,-865.1646728515625,235745.40625,-133.21456909179688,331.6208190917969,-0.0,-0.0,-0.0,-0.0,-0.0,-0.0,-0.000152587890625,-0.0029754638671875,-0.00156402587890625,-0.00331878662109375,-0.004119873046875,-0.00499725341796875,-0.00308990478515625,-0.0043487548828125,-0.001373291015625,-0.00152587890625,-0.0029754638671875,0.0016021728515625,0.00026702880859375,-0.00423431396484375,0.00049591064453125,-0.005340576171875,0.084075927734375,0.0518798828125,0.05615234375,0.07843017578125,0.0421142578125,0.07415771484375,0.1434326171875,0.13031005859375,0.2423095703125,0.06439208984375,0.085601806640625,0.081634521484375,0.15289306640625,0.17974853515625,1.4990234375,-0.48492431640625,-6.106322288513184,1.2499618530273438
40,0.02,-0.0,-0.0,-0.0,-0.0,-0.0,-0.0,-0.0,-0.0,-0.0,-0.0,-0.0,-0.0,1.5165401697158813,1.1187982559204102,-864.6990966796875,235237.796875,350.57293701171875,-46.65382385253906,-0.0,-0.0,-0.0,-0.0,-0.0,-0.0,0.0086212158203125,0.00614166259765625,0.01743316650390625,0.02246856689453125,0.0152587890625,0.0189208984375,0.010223388671875,0.0319671630859375,0.0106048583984375,0.01148223876953125,0.02674102783203125,0.0238800048828125,0.01682281494140625,0.014801025390625,0.00652313232421875,0.03833770751953125,0.04425048828125,0.087890625,0.08270263671875,0.07110595703125,0.0421142578125,0.068359375,0.11260986328125,-0.10986328125,0.1141357421875,0.1666259765625,0.166778564453125,0.128021240234375,-0.760650634765625,-0.0958251953125,2.9620361328125,1.200714111328125,6.80411958694458,1.2499618530273438
41,0.0205,-0.0,-0.0,-0.0,-0.0,-0.0,-0.0,-0.0,-0.0,-0.0,-0.0,-0.0,-0.0,0.37183862924575806,0.769513726234436,-865.19775390625,235455.484375,373.3830261230469,-304.7051696777344,-0.0,-0.0,-0.0,-0.0,-0.0,-0.0,0.00152587890625,0.00720977783203125,0.0045013427734375,0.00484466552734375,0.00274658203125,0.0019073486328125,0.00274658203125,0.0048065185546875,0.00274658203125,0.00019073486328125,0.00553131103515625,0.000457763671875,0.00270843505859375,0.00293731689453125,0.0005340576171875,0.0089263916015625,0.066070556640625,0.013275146484375,0.07232666015625,0.079345703125,0.096588134765625,0.072021484375,-0.0146484375,0.17364501953125,0.09796142578125,0.38818359375,-0.01800537109375,0.10589599609375,0.35064697265625,0.060882568359375,0.029754638671875,2.0953369140625,7.358555793762207,1.2499618530273438
42,0.021,-0.0,-0.0,-0.0,-0.0,-0.0,-0.0,-0.0,-0.0,-0.0,-0.0,-0.0,-0.0,-0.8871078491210938,-0.11392705142498016,-867.2926025390625,235380.109375,938.7210693359375,-534.612548828125,-0.0,-0.0,-0.0,-0.0,-0.0,-0.0,-0.0101470947265625,-0.007781982421875,-0.01750946044921875,-0.01979827880859375,-0.0144195556640625,-0.02017974853515625,-0.00946044921875,-0.03124237060546875,-0.0096893310546875,-0.01209259033203125,-0.023956298828125,-0.0238800048828125,-0.01491546630859375,-0.01399993896484375,-0.00598907470703125,-0.0385284423828125,0.079193115234375,0.091705322265625,0.07720947265625,0.066375732421875,0.064544677734375,0.074005126953125,0.27069091796875,0.302734375,0.15960693359375,0.360107421875,0.03509521484375,0.012359619140625,0.4736328125,0.174560546875,-2.481536865234375,-0.88409423828125,-6.0271172523498535,1.2499618530273438
43,0.021500000000000002,-0.0,-0.0,-0.0,-0.0,-0.0,-0.0,-0.0,-0.0,-0.0,-0.0,-0.0,-0.0,-1.631314992904663,-0.7151658535003662,-865.6148071289062,235689.078125,1520.135498046875,-802.2708740234375,-0.0,-0.0,-0.0,-0.0,-0.0,-0.0,-0.00278472900390625,-0.00675201416015625,-0.00186920166015625,-0.0029754638671875,-0.0038909912109375,-0.00579833984375,-0.00354766845703125,-0.0045013427734375,-0.0011444091796875,0.0006103515625,-0.00278472900390625,0.00152587890625,-0.00492095947265625,-0.002899169921875,-0.00072479248046875,-0.00644683837890625,0.078582763671875,0.089874267578125,0.074462890625,0.074005126953125,0.030059814453125,0.094146728515625,0.28778076171875,0.11444091796875,0.06744384765625,-0.21331787109375,0.0909423828125,0.04913330078125,-0.122833251953125,0.22979736328125,0.435638427734375,-1.6241455078125,-5.631091594696045,1.2499618530273438
44,0.022,-0.0,-0.0,-0.0,-0.0,-0.0,-0.0,-0.0,-0.0,-0.0,-0.0,-0.0,-0.0,-2.3238909244537354,-1.3161582946777344,-868.689208984375,236312.265625,1557.8682861328125,-1069.8924560546875,-0.0,-0.0,-0.0,-0.0,-0.0,-0.0,0.010528564453125,0.0057220458984375,0.0183868408203125,0.02056121826171875,0.01491546630859375,0.01739501953125,0.01163482666015625,0.03124237060546875,0.0084686279296875,0.0127410888671875,0.02368927001953125,0.0257110595703125,0.01384735107421875,0.0133514404296875,0.00637054443359375,0.04032135009765625,0.075531005859375,0.099334716796875,0.084686279296875,0.080108642578125,0.019989013671875,0.081024169921875,0.24444580078125,0.1214599609375,0.09429931640625,0.12420654296875,0.0506591796875,0.041046142578125,-0.647430419921875,-0.146942138671875,3.0780029296875,2.2943115234375,6.170478343963623,1.2499618530273438
45,0.0225,-0.0,-0.0,-0.0,-0.0,-0.0,-0.0,-0.0,-0.0,-0.0,-0.0,-0.0,-0.0,-3.593411445617676,-1.0598602294921875,-869.6334228515625,236787.890625,1936.1343994140625,-1257.4884033203125,-0.0,-0.0,-0.0,-0.0,-0.0,-0.0,0.001678466796875,0.00659942626953125,0.0037384033203125,0.00484466552734375,0.00293731689453125,0.00286102294921875,0.002288818359375,0.0064849853515625,0.0003814697265625,0.0026702880859375,0.005035400390625,0.00133514404296875,0.002899169921875,0.00133514404296875,0.0012969970703125,0.006256103515625,0.09490966796875,0.037384033203125,0.0726318359375,0.07354736328125,0.063018798828125,0.068206787109375,0.17425537109375,-0.00091552734375,0.0830078125,0.185546875,0.0689697265625,0.04974365234375,0.241546630859375,0.035247802734375,0.3759765625,2.5238037109375,12.982123374938965,1.2499618530273438
46,0.023,-0.0,-0.0,-0.0,-0.0,-0.0,-0.0,-0.0,-0.0,-0.0,-0.0,-0.0,-0.0,-3.282299041748047,-0.6890770196914673,-870.4695434570312,237262.65625,2302.556884765625,-1506.560791015625,-0.0,-0.0,-0.0,-0.0,-0.0,-0.0,-0.0083160400390625,-0.0092315673828125,-0.0167083740234375,-0.02300262451171875,-0.01552581787109375,-0.017852783203125,-0.0107574462890625,-0.0307464599609375,-0.0098419189453125,-0.01064300537109375,-0.024566650390625,-0.02399444580078125,-0.016937255859375,-0.01529693603515625,-0.006256103515625,-0.0384521484375,0.07049560546875,0.061187744140625,0.06744384765625,0.070648193359375,0.081024169921875,0.09674072265625,0.02044677734375,0.16998291015625,0.12359619140625,0.150146484375,0.109710693359375,0.087432861328125,0.79193115234375,0.293426513671875,-1.64031982421875,-1.67510986328125,-4.126193046569824,1.2499618530273438
47,0.0235,-0.0,-0.0,-0.0,-0.0,-0.0,-0.0,-0.0,-0.0,-0.0,-0.0,-0.0,-0.0,-4.045248985290527,-0.5211071968078613,-872.1807861328125,238159.046875,1998.9488525390625,-1575.203369140625,-0.0,-0.0,-0.0,-0.0,-0.0,-0.0,-0.00301361083984375,-0.006561279296875,-0.00194549560546875,-0.00148773193359375,-0.00392913818359375,-0.00270843505859375,-0.00141143798828125,-0.00484466552734375,-0.00095367431640625,-0.000152587890625,-0.00553131103515625,-0.00095367431640625,-0.006103515625,-0.00270843505859375,-0.0008392333984375,-0.0052642822265625,0.11505126953125,0.122222900390625,0.072174072265625,0.08758544921875,0.073699951171875,0.07568359375,0.260009765625,0.19012451171875,-0.01373291015625,0.2044677734375,0.0836181640625,0.072021484375,-0.0103759765625,-0.142974853515625,0.2392578125,-3.1207275390625,-7.294399738311768,1.2499618530273438
48,0.024,-0.0,-0.0,-0.0,-0.0,-0.0,-0.0,-0.0,-0.0,-0.0,-0.0,-0.0,-0.0,-4.1515679359436035,1.015458345413208,-873.0545654296875,238708.546875,2365.5546875,-1749.890380859375,-0.0,-0.0,-0.0,-0.0,-0.0,-0.0,0.00946044921875,0.01049041748046875,0.01705169677734375,0.02124786376953125,0.0153350830078125,0.01705169677734375,0.01209259033203125,0.0289154052734375,0.01148223876953125,0.01129150390625,0.0270843505859375,0.02285003662109375,0.0167083740234375,0.01575469970703125,0.00690460205078125,0.0397491455078125,0.022125244140625,-0.01007080078125,0.068359375,0.07171630859375,0.09063720703125,0.063629150390625,-0.02044677734375,0.03997802734375,-0.3662109375,0.157470703125,0.075225830078125,0.0341796875,-0.447998046875,-0.256195068359375,2.506866455078125,2.21466064453125,7.200145721435547,1.2499618530273438
49,0.0245,-0.0,-0.0,-0.0,-0.0,-0.0,-0.0,-0.0,-0.0,-0.0,-0.0,-0.0,-0.0,-3.7258529663085938,1.6781120300292969,-876.4058837890625,239770.0,2308.803955078125,-1859.072509765625,-0.0,-0.0,-0.0,-0.0,-0.0,-0.0,0.0028228759765625,0.0066375732421875,0.0025177001953125,0.00308990478515625,0.00400543212890625,0.0066375732421875,0.00270843505859375,0.00568389892578125,0.0032806396484375,0.00152587890625,0.00461578369140625,0.0016021728515625,0.00553131103515625,0.00400543212890625,0.00019073486328125,0.0040435791015625,0.170440673828125,0.086669921875,0.082550048828125,0.089569091796875,0.07232666015625,0.06866455078125,0.1495361328125,0.13153076171875,0.66436767578125,0.166015625,0.110015869140625,0.078582763671875,0.200653076171875,0.1361083984375,0.540618896484375,3.0755615234375,6.566504001617432,1.2499618530273438
50,0.025,-0.0,-0.0,-0.0,-0.0,-0.0,-0.0,-0.0,-0.0,-0.0,-0.0,-0.0,-0.0,-3.539395570755005,2.8083016872406006,-877.06884765625,240750.734375,2382.4970703125,-1808.2889404296875,-0.0,-0.0,-0.0,-0.0,-0.0,-0.0,-0.01071929931640625,-0.00797271728515625,-0.0174713134765625,-0.0211334228515625,-0.01556396484375,-0.0196075439453125,-0.0107574462890625,-0.03131866455078125,-0.00759124755859375,-0.01190185546875,-0.023956298828125,-0.0223541259765625,-0.0147247314453125,-0.01522064208984375,-0.00560760498046875,-0.0409698486328125,0.025787353515625,0.106658935546875,0.086669921875,0.05584716796875,0.10498046875,0.083770751953125,0.145263671875,0.15411376953125,0.08392333984375,0.142822265625,0.078582763671875,0.103302001953125,0.4718017578125,0.2301025390625,-0.560455322265625,-1.401519775390625,-3.1757311820983887,1.2499618530273438
51,0.025500000000000002,-0.0,-0.0,-0.0,-0.0,-0.0,-0.0,-0.0,-0.0,-0.0,-0.0,-0.0,-0.0,-3.4324400424957275,3.3290631771087646,-878.7429809570312,241046.3125,2296.155029296875,-1890.9716796875,-0.0,-0.0,-0.0,-0.0,-0.0,-0.0,-0.0009918212890625,-0.0049591064453125,-0.0022125244140625,-0.00530242919921875,-0.00278472900390625,-0.00102996826171875,-0.00095367431640625,-0.00537872314453125,-0.00286102294921875,-0.00179290771484375,-0.00507354736328125,-0.00278472900390625,-0.0054168701171875,-0.00110626220703125,0.0003814697265625,-0.008392333984375,0.083465576171875,0.0482177734375,0.08087158203125,0.070953369140625,-0.02655029296875,0.080108642578125,0.20660400390625,0.12725830078125,0.150146484375,0.17791748046875,0.025634765625,0.07659912109375,0.1287841796875,0.015869140625,-1.279144287109375,-2.742919921875,-6.0271172523498535,1.2499618530273438
52,0.026000000000000002,-0.0,-0.0,-0.0,-0.0,-0.0,-0.0,-0.0,-0.0,-0.0,-0.0,-0.0,-0.0,-2.8020713329315186,4.035412788391113,-878.2967529296875,241245.71875,2011.8770751953125,-1765.48095703125,-0.0,-0.0,-0.0,-0.0,-0.0,-0.0,0.00934600830078125,0.0043487548828125,0.01861572265625,0.023193359375,0.01453399658203125,0.0194549560546875,0.01117706298828125,0.02986907958984375,0.01003265380859375,0.01132965087890625,0.0250244140625,0.02391815185546875,0.0182342529296875,0.0139617919921875,0.006561279296875,0.03925323486328125,0.0384521484375,0.102996826171875,0.05645751953125,0.070037841796875,0.056304931640625,0.06988525390625,0.13031005859375,0.13519287109375,0.09246826171875,0.21484375,0.039520263671875,0.073699951171875,-0.904998779296875,-0.065765380859375,2.78167724609375,2.9498291015625,8.071402549743652,1.2499618530273438
53,0.0265,-0.0,-0.0,-0.0,-0.0,-0.0,-0.0,-0.0,-0.0,-0.0,-0.0,-0.0,-0.0,-2.358355760574341,4.346099376678467,-879.163818359375,241723.078125,1994.4678955078125,-1718.00830078125,-0.0,-0.0,-0.0,-0.0,-0.0,-0.0,0.00247955322265625,0.00835418701171875,0.0020599365234375,0.00308990478515625,0.00240325927734375,0.0046539306640625,0.0037384033203125,0.00537872314453125,0.00064849853515625,0.0034332275390625,0.005950927734375,0.00286102294921875,0.00843048095703125,0.00518798828125,0.00141143798828125,0.00701904296875,0.074920654296875,0.098114013671875,0.07415771484375,0.074920654296875,0.346832275390625,0.04791259765625,0.07659912109375,0.02105712890625,0.15106201171875,0.133056640625,0.08514404296875,0.09124755859375,0.243072509765625,0.218963623046875,1.31988525390625,4.999847412109375,5.536837100982666,1.2499618530273438
54,0.027,-0.0,-0.0,-0.0,-0.0,-0.0,-0.0,-0.0,-0.0,-0.0,-0.0,-0.0,-0.0,-1.7556818723678589,5.457491874694824,-878.9240112304688,241400.21875,1476.279541015625,-1498.55810546875,-0.0,-0.0,-0.0,-0.0,-0.0,-0.0,-0.00850677490234375,-0.00827789306640625,-0.01678466796875,-0.02193450927734375,-0.014190673828125,-0.0203704833984375,-0.0113677978515625,-0.03215789794921875,-0.008544921875,-0.01277923583984375,-0.0255584716796875,-0.02445220947265625,-0.018463134765625,-0.0124359130859375,-0.0087738037109375,-0.038604736328125,0.07537841796875,0.071258544921875,0.0750732421875,0.0701904296875,0.1556396484375,0.082244873046875,0.12420654296875,0.09674072265625,0.11566162109375,0.2545166015625,0.09063720703125,0.159454345703125,0.556640625,0.04791259765625,-2.519683837890625,-2.4853515625,-3.492551803588867,1.2499618530273438
55,0.0275,-0.0,-0.0,-0.0,-0.0,-0.0,-0.0,-0.0,-0.0,-0.0,-0.0,-0.0,-0.0,-0.6069996356964111,6.331258773803711,-878.8881225585938,241633.6875,1074.50830078125,-1419.5736083984375,-0.0,-0.0,-0.0,-0.0,-0.0,-0.0,-0.0003814697265625,-0.0018310546875,-0.0012969970703125,-0.00286102294921875,-0.00209808349609375,-0.0025177001953125,-0.00225067138671875,-0.00606536865234375,0.000762939453125,-0.0009918212890625,-0.0067901611328125,-0.00133514404296875,-0.0067901611328125,-0.00057220458984375,0.00225067138671875,-0.00614166259765625,0.0927734375,0.0701904296875,0.078125,0.07720947265625,0.113067626953125,0.066680908203125,0.1287841796875,0.20904541015625,0.14617919921875,0.11016845703125,0.056304931640625,0.13336181640625,0.2679443359375,-0.02777099609375,0.46630859375,-3.405303955078125,-6.106322288513184,1.2499618530273438
56,0.028,-0.0,-0.0,-0.0,-0.0,-0.0,-0.0,-0.0,-0.0,-0.0,-0.0,-0.0,-0.0,-0.16803929209709167,6.782087326049805,-879.0899658203125,241549.859375,1261.0970458984375,-1366.080078125,-0.0,-0.0,-0.0,-0.0,-0.0,-0.0,0.0080108642578125,0.00690460205078125,0.0168609619140625,0.02216339111328125,0.0152587890625,0.01819610595703125,0.01125335693359375,0.031585693359375,0.009613037109375,0.0107574462890625,0.02590179443359375,0.02483367919921875,0.02044677734375,0.01270294189453125,0.00858306884765625,0.03871917724609375,0.08331298828125,0.0775146484375,0.082244873046875,0.081634521484375,0.128326416015625,0.0799560546875,0.13153076171875,0.1611328125,-0.3240966796875,-0.006103515625,0.081329345703125,-0.01556396484375,-0.615997314453125,-0.07904052734375,3.7445068359375,3.045654296875,8.467429161071777,1.2499618530273438
57,0.0285,-0.0,-0.0,-0.0,-0.0,-0.0,-0.0,-0.0,-0.0,-0.0,-0.0,-0.0,-0.0,0.4435539245605469,6.782005786895752,-878.6138305664062,241441.484375,973.0363159179688,-1148.55712890625,-0.0,-0.0,-0.0,-0.0,-0.0,-0.0,0.00423431396484375,0.00354766845703125,0.002288818359375,0.003814697265625,0.002899169921875,0.004425048828125,0.00255584716796875,0.0067901611328125,-0.00026702880859375,0.00102996826171875,0.00423431396484375,0.00377655029296875,0.00873565673828125,0.00392913818359375,0.001220703125,0.005645751953125,0.09124755859375,0.082855224609375,0.07293701171875,0.07843017578125,-0.0848388671875,0.08026123046875,0.0927734375,-0.00732421875,0.1434326171875,0.13397216796875,0.090179443359375,-0.028228759765625,-0.083465576171875,0.119171142578125,1.912384033203125,3.712005615234375,6.091273307800293,1.2499618530273438
58,0.029,-0.0,-0.0,-0.0,-0.0,-0.0,-0.0,-0.0,-0.0,-0.0,-0.0,-0.0,-0.0,0.9251015186309814,6.378074645996094,-875.1983032226562,240631.140625,564.3157348632812,-1029.611083984375,-0.0,-0.0,-0.0,-0.0,-0.0,-0.0,-0.00904083251953125,-0.007476806640625,-0.01739501953125,-0.0213623046875,-0.01537322998046875,-0.020599365234375,-0.01178741455078125,-0.03055572509765625,-0.011138916015625,-0.0101470947265625,-0.02574920654296875,-0.02468109130859375,-0.01728057861328125,-0.01468658447265625,-0.0064849853515625,-0.038909912109375,0.08026123046875,0.024261474609375,0.0946044921875,0.0750732421875,0.216064453125,0.08148193359375,0.1678466796875,0.38665771484375,-0.0811767578125,0.26885986328125,0.090179443359375,0.075836181640625,0.717010498046875,-0.000457763671875,-2.28271484375,-2.837066650390625,-7.452810287475586,1.2499618530273438
59,0.029500000000000002,-0.0,-0.0,-0.0,-0.0,-0.0,-0.0,-0.0,-0.0,-0.0,-0.0,-0.0,-0.0,0.9949304461479187,5.936581134796143,-874.624755859375,240296.5625,316.54345703125,-934.2521362304688,-0.0,-0.0,-0.0,-0.0,-0.0,-0.0,-0.002288818359375,-0.0045013427734375,-0.00385284423828125,-0.00141143798828125,-0.00396728515625,-0.00377655029296875,-0.00431060791015625,-0.0057220458984375,0.00217437744140625,-0.00156402587890625,-0.0035858154296875,-0.00274658203125,-0.00591278076171875,-0.00335693359375,0.00057220458984375,-0.00743865966796875,0.089263916015625,0.09002685546875,0.0750732421875,0.0732421875,-0.085601806640625,0.0738525390625,0.15869140625,0.16143798828125,0.2764892578125,0.14068603515625,0.0909423828125,0.11474609375,0.035247802734375,0.0634765625,-0.450592041015625,-3.433990478515625,-6.264732837677002,1.2499618530273438
60,0.03,-0.0,-0.0,-0.0,-0.0,-0.0,-0.0,-0.0,-0.0,-0.0,-0.0,-0.0,-0.0,1.5967941284179688,4.984368801116943,-873.8886108398438,239724.09375,-51.40058517456055,-646.3069458007812,-0.0,-0.0,-0.0,-0.0,-0.0,-0.0,0.0098419189453125,0.0098419189453125,0.0183868408203125,0.02101898193359375,0.01674652099609375,0.0183868408203125,0.01194000244140625,0.029296875,0.0118255615234375,0.01377105712890625,0.028533935546875,0.025177001953125,0.019378662109375,0.01575469970703125,0.0061798095703125,0.03833770751953125,0.0775146484375,0.20538330078125,0.055084228515625,0.0830078125,0.33905029296875,0.063629150390625,0.181884765625,0.1416015625,0.213623046875,0.20050048828125,0.09063720703125,0.076751708984375,-0.592803955078125,0.1654052734375,3.396759033203125,3.454132080078125,14.645431518554688,1.2499618530273438
61,0.0305,-0.0,-0.0,-0.0,-0.0,-0.0,-0.0,-0.0,-0.0,-0.0,-0.0,-0.0,-0.0,1.8725976943969727,4.277956008911133,-872.2188720703125,239087.390625,-23.942989349365234,-699.8167114257812,-0.0,-0.0,-0.0,-0.0,-0.0,-0.0,0.002288818359375,0.00385284423828125,0.0029754638671875,0.00362396240234375,0.00263214111328125,0.0030517578125,0.00270843505859375,0.00774383544921875,0.001068115234375,0.00030517578125,0.005035400390625,0.0020599365234375,0.0069427490234375,0.00324249267578125,0.00049591064453125,0.00652313232421875,0.08453369140625,0.191497802734375,0.0653076171875,0.0762939453125,0.171661376953125,0.07659912109375,0.15380859375,0.14739990234375,-0.48675537109375,0.0921630859375,0.052490234375,0.04241943359375,0.048828125,0.06744384765625,0.7635498046875,3.528900146484375,7.6753764152526855,1.2499618530273438
62,0.031,-0.0,-0.0,-0.0,-0.0,-0.0,-0.0,-0.0,-0.0,-0.0,-0.0,-0.0,-0.0,1.3695789575576782,3.463918924331665,-869.8515625,238279.65625,-336.8402404785156,-703.5763549804688,-0.0,-0.0,-0.0,-0.0,-0.0,-0.0,-0.00835418701171875,-0.0043487548828125,-0.0173187255859375,-0.02132415771484375,-0.01590728759765625,-0.0176239013671875,-0.0112152099609375,-0.029296875,-0.009307861328125,-0.01033782958984375,-0.025482177734375,-0.0250244140625,-0.0197601318359375,-0.014190673828125,-0.0054931640625,-0.03875732421875,0.077667236328125,-0.040740966796875,0.07965087890625,0.078277587890625,0.104522705078125,0.0885009765625,0.164794921875,0.16387939453125,0.44891357421875,0.2197265625,0.08209228515625,0.074920654296875,0.850067138671875,0.01617431640625,-2.857666015625,-2.322998046875,-5.235065460205078,1.2499618530273438
63,0.0315,-0.0,-0.0,-0.0,-0.0,-0.0,-0.0,-0.0,-0.0,-0.0,-0.0,-0.0,-0.0,1.448785424232483,2.168997049331665,-868.5715942382812,237719.296875,48.75251770019531,-825.7333374023438,-0.0,-0.0,-0.0,-0.0,-0.0,-0.0,-0.003662109375,-0.00225067138671875,-0.00133514404296875,-0.00362396240234375,-0.0029754638671875,-0.002899169921875,-0.0020599365234375,-0.0054168701171875,-0.00087738037109375,-0.00263214111328125,-0.0051116943359375,-0.002899169921875,-0.00835418701171875,0.0,0.000457763671875,-0.005645751953125,0.049896240234375,0.10467529296875,0.07110595703125,0.078125,0.045623779296875,0.07049560546875,0.14068603515625,0.1141357421875,0.4815673828125,0.11871337890625,0.094146728515625,0.078125,0.242156982421875,-0.001373291015625,-0.55450439453125,-3.446807861328125,-5.631091594696045,1.2499618530273438
64,0.032,-0.0,-0.0,-0.0,-0.0,-0.0,-0.0,-0.0,-0.0,-0.0,-0.0,-0.0,-0.0,0.7293766736984253,1.2561076879501343,-869.3488159179688,237036.921875,-230.12393188476562,-978.1102294921875,-0.0,-0.0,-0.0,-0.0,-0.0,-0.0,0.0101470947265625,0.0069427490234375,0.01739501953125,0.0229644775390625,0.0154876708984375,0.019683837890625,0.01064300537109375,0.03421783447265625,0.00843048095703125,0.01316070556640625,0.0273895263671875,0.02803802490234375,0.0186920166015625,0.01300811767578125,0.00926971435546875,0.03887176513671875,0.192108154296875,0.055389404296875,0.0830078125,0.089111328125,0.0103759765625,0.065460205078125,0.286865234375,0.16754150390625,0.185546875,0.1806640625,0.095367431640625,0.0726318359375,-0.70953369140625,0.112457275390625,4.311065673828125,2.42431640625,6.80411958694458,1.2499618530273438
65,0.0325,-0.0,-0.0,-0.0,-0.0,-0.0,-0.0,-0.0,-0.0,-0.0,-0.0,-0.0,-0.0,0.33507007360458374,-0.07847851514816284,-867.5639038085938,236588.734375,-123.11038970947266,-995.1350708007812,-0.0,-0.0,-0.0,-0.0,-0.0,-0.0,0.002288818359375,0.004119873046875,0.00385284423828125,0.00518798828125,0.00179290771484375,0.00194549560546875,0.00171661376953125,0.0045013427734375,0.00194549560546875,0.00362396240234375,0.00698089599609375,0.00209808349609375,0.006256103515625,0.0017547607421875,-0.0012969970703125,0.00823974609375,-0.03753662109375,0.009613037109375,0.0836181640625,0.073699951171875,0.04058837890625,0.08819580078125,0.07904052734375,0.21881103515625,0.08331298828125,0.08758544921875,0.06378173828125,0.110321044921875,0.026397705078125,0.09033203125,0.484771728515625,4.446868896484375,7.833786964416504,1.2499618530273438
66,0.033,-0.0,-0.0,-0.0,-0.0,-0.0,-0.0,-0.0,-0.0,-0.0,-0.0,-0.0,-0.0,0.1475370228290558,-0.43169060349464417,-868.340087890625,236227.6875,28.07074737548828,-1018.5751953125,-0.0,-0.0,-0.0,-0.0,-0.0,-0.0,-0.0083160400390625,-0.01018524169921875,-0.0168609619140625,-0.02124786376953125,-0.0148773193359375,-0.019378662109375,-0.0093841552734375,-0.0299072265625,-0.0101470947265625,-0.01079559326171875,-0.026397705078125,-0.0260162353515625,-0.01865386962890625,-0.01312255859375,-0.007476806640625,-0.03742218017578125,0.02227783203125,0.05645751953125,0.084686279296875,0.075531005859375,0.188751220703125,0.091400146484375,0.24383544921875,0.16632080078125,0.26275634765625,0.44281005859375,0.191192626953125,0.12725830078125,0.5108642578125,0.1239013671875,-2.81707763671875,-2.09716796875,-4.99744987487793,1.2499618530273438
67,0.0335,-0.0,-0.0,-0.0,-0.0,-0.0,-0.0,-0.0,-0.0,-0.0,-0.0,-0.0,-0.0,0.1087147444486618,-1.4417200088500977,-868.7285766601562,236290.4375,-245.2681121826172,-1292.1282958984375,-0.0,-0.0,-0.0,-0.0,-0.0,-0.0,-7.62939453125e-05,0.00034332275390625,-0.0020599365234375,-0.0040435791015625,-0.0023651123046875,-0.00408172607421875,-0.0034332275390625,-0.006103515625,0.0006103515625,-0.00179290771484375,-0.0040435791015625,-0.00263214111328125,-0.00732421875,-0.00171661376953125,3.814697265625e-05,-0.006866455078125,0.079803466796875,0.114593505859375,0.07049560546875,0.08209228515625,-0.000457763671875,0.0653076171875,0.1409912109375,0.130615234375,0.01922607421875,-0.10040283203125,0.034332275390625,0.097808837890625,0.327301025390625,0.29205322265625,-0.462799072265625,-3.9678955078125,-5.235065460205078,1.2499618530273438
68,0.034,-0.0,-0.0,-0.0,-0.0,-0.0,-0.0,-0.0,-0.0,-0.0,-0.0,-0.0,-0.0,-0.709686279296875,-1.7583740949630737,-869.1572875976562,236432.625,-205.85836791992188,-1318.9849853515625,-0.0,-0.0,-0.0,-0.0,-0.0,-0.0,0.01132965087890625,0.00415802001953125,0.0165557861328125,0.022735595703125,0.0164031982421875,0.01941680908203125,0.01010894775390625,0.0337982177734375,0.0091552734375,0.0135040283203125,0.0240325927734375,0.02529144287109375,0.01781463623046875,0.01522064208984375,0.0083160400390625,0.037994384765625,0.08636474609375,0.0946044921875,0.052642822265625,0.074310302734375,0.06256103515625,0.07568359375,0.12664794921875,0.11322021484375,-0.08819580078125,0.00762939453125,-0.000152587890625,0.1678466796875,-0.892791748046875,-0.08941650390625,3.4039306640625,2.5604248046875,6.883325099945068,1.2499618530273438
69,0.0345,-0.0,-0.0,-0.0,-0.0,-0.0,-0.0,-0.0,-0.0,-0.0,-0.0,-0.0,-0.0,-1.2115459442138672,-1.5696091651916504,-871.1731567382812,236476.25,-284.5090637207031,-1247.9874267578125,-0.0,-0.0,-0.0,-0.0,-0.0,-0.0,0.0031280517578125,0.0069427490234375,0.00476837158203125,0.00202178955078125,0.00263214111328125,0.00278472900390625,0.0055694580078125,0.0070953369140625,-0.00087738037109375,0.0030517578125,0.0031280517578125,0.0022125244140625,0.0074005126953125,0.0042724609375,0.00213623046875,0.007781982421875,0.080413818359375,0.056915283203125,0.049591064453125,0.07537841796875,0.14862060546875,0.067901611328125,0.11993408203125,0.01953125,0.1263427734375,0.2178955078125,0.09429931640625,-0.015869140625,0.284423828125,-0.225372314453125,1.005401611328125,4.8297119140625,5.8536577224731445,1.2499618530273438
70,0.035,-0.0,-0.0,-0.0,-0.0,-0.0,-0.0,-0.0,-0.0,-0.0,-0.0,-0.0,-0.0,-1.497907042503357,-1.5217320919036865,-874.4244995117188,236996.578125,-616.9630737304688,-1386.4149169921875,-0.0,-0.0,-0.0,-0.0,-0.0,-0.0,-0.008087158203125,-0.00873565673828125,-0.01567840576171875,-0.02246856689453125,-0.0144195556640625,-0.02170562744140625,-0.0096893310546875,-0.030517578125,-0.01056671142578125,-0.01132965087890625,-0.0240325927734375,-0.02475738525390625,-0.01708984375,-0.014190673828125,-0.00995635986328125,-0.03910064697265625,0.0726318359375,0.080413818359375,0.070648193359375,0.07476806640625,0.023345947265625,0.07659912109375,0.16998291015625,0.360107421875,0.19866943359375,0.17303466796875,0.120391845703125,-0.1080322265625,0.63873291015625,0.255279541015625,-2.475433349609375,-1.499786376953125,-3.413346767425537,1.2499618530273438
71,0.035500000000000004,-0.0,-0.0,-0.0,-0.0,-0.0,-0.0,-0.0,-0.0,-0.0,-0.0,-0.0,-0.0,-0.7506915926933289,-0.7744824290275574,-875.3231201171875,237006.765625,-859.5557861328125,-1368.7044677734375,-0.0,-0.0,-0.0,-0.0,-0.0,-0.0,-0.0016021728515625,-0.00431060791015625,-0.00263214111328125,-0.00209808349609375,-0.0037384033203125,-0.00453948974609375,-0.0040435791015625,-0.0066375732421875,-0.00041961669921875,-0.00087738037109375,-0.0026702880859375,-0.0009918212890625,-0.0075531005859375,-0.0034332275390625,-0.001220703125,-0.005035400390625,0.087432861328125,0.101776123046875,0.08087158203125,0.07598876953125,0.18524169921875,0.084075927734375,0.15472412109375,-0.15869140625,0.1702880859375,0.2069091796875,0.004425048828125,0.020751953125,0.2581787109375,0.1904296875,-0.0543212890625,-4.385223388671875,-4.601424217224121,1.2499618530273438
72,0.036000000000000004,-0.0,-0.0,-0.0,-0.0,-0.0,-0.0,-0.0,-0.0,-0.0,-0.0,-0.0,-0.0,0.04747411608695984,-0.38407859206199646,-879.0421142578125,237648.0,-1375.8795166015625,-1094.18603515625,-0.0,-0.0,-0.0,-0.0,-0.0,-0.0,0.00732421875,0.00522613525390625,0.01659393310546875,0.0234222412109375,0.0165557861328125,0.019378662109375,0.010833740234375,0.03284454345703125,0.00980377197265625,0.0106048583984375,0.022735595703125,0.02567291259765625,0.01865386962890625,0.01468658447265625,0.00751495361328125,0.038909912109375,0.07110595703125,0.0274658203125,0.07049560546875,0.074310302734375,-0.15380859375,0.068206787109375,0.2716064453125,0.18646240234375,0.2618408203125,0.194091796875,0.082550048828125,0.099334716796875,-0.622711181640625,-0.164642333984375,3.05816650390625,2.18963623046875,6.249683380126953,1.2499618530273438
73,0.0365,-0.0,-0.0,-0.0,-0.0,-0.0,-0.0,-0.0,-0.0,-0.0,-0.0,-0.0,-0.0,0.839796245098114,0.15603455901145935,-882.6552734375,238125.734375,-2255.01171875,-826.495361328125,-0.0,-0.0,-0.0,-0.0,-0.0,-0.0,0.0042724609375,0.00362396240234375,0.00400543212890625,0.00377655029296875,0.00362396240234375,0.00213623046875,0.001220703125,0.00865936279296875,0.0026702880859375,0.0023651123046875,0.003814697265625,0.00255584716796875,0.00797271728515625,0.0031280517578125,0.00255584716796875,0.0075531005859375,0.07598876953125,0.15716552734375,0.08026123046875,0.076904296875,0.115203857421875,0.07293701171875,-0.0823974609375,0.51849365234375,-0.17547607421875,0.0677490234375,0.1141357421875,0.108795166015625,-0.057830810546875,0.04791259765625,1.608734130859375,3.74298095703125,-5.631091594696045,1.2499618530273438
74,0.037,-0.0,-0.0,-0.0,-0.0,-0.0,-0.0,-0.0,-0.0,-0.0,-0.0,-0.0,-0.0,1.7846404314041138,0.587114691734314,-883.9698486328125,238471.53125,-2410.88330078125,-618.0405883789062,-0.0,-0.0,-0.0,-0.0,-0.0,-0.0,-0.009613037109375,-0.0054168701171875,-0.01720428466796875,-0.02223968505859375,-0.01678466796875,-0.02170562744140625,-0.0081634521484375,-0.03261566162109375,-0.00591278076171875,-0.01308441162109375,-0.02384185791015625,-0.0252532958984375,-0.01667022705078125,-0.01434326171875,-0.00820159912109375,-0.0382232666015625,0.082550048828125,0.1220703125,0.081787109375,0.065765380859375,0.09613037109375,0.06805419921875,0.14068603515625,0.1318359375,-0.413818359375,0.12054443359375,0.079498291015625,0.1348876953125,0.932769775390625,0.28045654296875,-2.3968505859375,-1.2518310546875,-3.0173208713531494,1.2499618530273438
75,0.0375,-0.0,-0.0,-0.0,-0.0,-0.0,-0.0,-0.0,-0.0,-0.0,-0.0,-0.0,-0.0,2.395191192626953,0.8310354948043823,-885.572265625,238758.140625,-3016.609619140625,-327.89508056640625,-0.0,-0.0,-0.0,-0.0,-0.0,-0.0,-0.0008392333984375,-0.005340576171875,-0.00263214111328125,-0.00514984130859375,-0.0012969970703125,-0.00141143798828125,-0.00217437744140625,-0.00492095947265625,-0.00400543212890625,-0.0005340576171875,-0.00598907470703125,-0.0011444091796875,-0.00659942626953125,-0.00331878662109375,-0.002593994140625,-0.00659942626953125,0.09490966796875,0.003509521484375,0.076904296875,0.077667236328125,0.096435546875,0.06500244140625,0.16937255859375,0.152587890625,0.7183837890625,0.16143798828125,0.11444091796875,0.102691650390625,0.160369873046875,-0.050506591796875,-0.905303955078125,-3.79180908203125,-5.3934760093688965,1.2499618530273438
76,0.038,-0.0,-0.0,-0.0,-0.0,-0.0,-0.0,-0.0,-0.0,-0.0,-0.0,-0.0,-0.0,3.751220464706421,0.3532867431640625,-887.4188232421875,238545.25,-3341.440673828125,-164.63592529296875,-0.0,-0.0,-0.0,-0.0,-0.0,-0.0,0.0084686279296875,0.00705718994140625,0.01712799072265625,0.02285003662109375,0.0171661376953125,0.01857757568359375,0.01251220703125,0.0304412841796875,0.01110076904296875,0.009765625,0.02735137939453125,0.0249481201171875,0.0188446044921875,0.0141143798828125,0.00576019287109375,0.0397491455078125,0.08758544921875,0.01190185546875,0.086822509765625,0.055084228515625,0.08758544921875,0.07781982421875,0.06927490234375,0.10498046875,0.29632568359375,0.1702880859375,0.07965087890625,0.071563720703125,-0.640106201171875,-0.175018310546875,3.56689453125,3.177490234375,7.279350757598877,1.2499618530273438
77,0.0385,-0.0,-0.0,-0.0,-0.0,-0.0,-0.0,-0.0,-0.0,-0.0,-0.0,-0.0,-0.0,4.371951580047607,-0.5865973234176636,-887.4600219726562,237886.875,-3693.436279296875,215.46563720703125,-0.0,-0.0,-0.0,-0.0,-0.0,-0.0,0.0040435791015625,0.0083160400390625,0.0030517578125,0.0048828125,0.00400543212890625,0.0025177001953125,0.00431060791015625,0.00629425048828125,0.00255584716796875,0.002288818359375,0.0037384033203125,0.0022125244140625,0.00881195068359375,0.00301361083984375,0.00141143798828125,0.0074005126953125,0.165863037109375,-0.0042724609375,0.07598876953125,0.079498291015625,0.0421142578125,0.085296630859375,0.21575927734375,0.12298583984375,0.13885498046875,0.3643798828125,0.01953125,0.09307861328125,0.23651123046875,-0.019989013671875,1.639404296875,4.6636962890625,5.695247173309326,1.2499618530273438
78,0.039,-0.0,-0.0,-0.0,-0.0,-0.0,-0.0,-0.0,-0.0,-0.0,-0.0,-0.0,-0.0,4.712310314178467,-1.5897903442382812,-885.8394775390625,237389.40625,-4023.953369140625,421.80169677734375,-0.0,-0.0,-0.0,-0.0,-0.0,-0.0,-0.0067138671875,-0.0098419189453125,-0.01682281494140625,-0.02166748046875,-0.01556396484375,-0.01857757568359375,-0.01224517822265625,-0.02811431884765625,-0.01110076904296875,-0.01010894775390625,-0.024871826171875,-0.02323150634765625,-0.0179290771484375,-0.01422882080078125,-0.0054931640625,-0.03963470458984375,-0.006561279296875,0.23681640625,0.065765380859375,0.081787109375,0.006561279296875,0.072174072265625,0.0738525390625,0.10345458984375,0.242919921875,-0.04638671875,0.112762451171875,0.0933837890625,0.404052734375,0.239715576171875,-1.229400634765625,-2.4505615234375,-3.888577699661255,1.2499618530273438
79,0.0395,-0.0,-0.0,-0.0,-0.0,-0.0,-0.0,-0.0,-0.0,-0.0,-0.0,-0.0,-0.0,5.64534854888916,-3.4338788986206055,-883.7027587890625,236473.4375,-4082.025634765625,681.8330688476562,-0.0,-0.0,-0.0,-0.0,-0.0,-0.0,-0.00396728515625,-0.00461578369140625,-0.00278472900390625,-0.00209808349609375,-0.002899169921875,-0.00579833984375,-0.0037384033203125,-0.007476806640625,-0.0030517578125,-0.002899169921875,-0.0032806396484375,-0.00492095947265625,-0.00850677490234375,-0.0032806396484375,-0.00041961669921875,-0.00675201416015625,0.062713623046875,0.085601806640625,0.074310302734375,0.078887939453125,0.0811767578125,0.0799560546875,0.17913818359375,0.11962890625,-0.6317138671875,-0.07293701171875,0.11016845703125,0.074615478515625,0.09735107421875,0.05950927734375,-1.938018798828125,-4.501800537109375,-6.106322288513184,1.2499618530273438
80,0.04,-0.0,-0.0,-0.0,-0.0,-0.0,-0.0,-0.0,-0.0,-0.0,-0.0,-0.0,-0.0,5.578007698059082,-5.25640344619751,-880.33837890625,235747.765625,-3860.78857421875,893.401611328125,-0.0,-0.0,-0.0,-0.0,-0.0,-0.0,0.009002685546875,0.00507354736328125,0.01850128173828125,0.02410888671875,0.0179290771484375,0.01949310302734375,0.0112152099609375,0.0315093994140625,0.00843048095703125,0.01094818115234375,0.02521514892578125,0.02574920654296875,0.01804351806640625,0.0138092041015625,0.00732421875,0.03986358642578125,0.113983154296875,0.157318115234375,0.107574462890625,0.07659912109375,0.06317138671875,0.080718994140625,0.338134765625,0.04974365234375,0.185546875,0.1739501953125,0.072021484375,0.085601806640625,-0.788421630859375,-0.131072998046875,3.072509765625,2.689056396484375,8.3090181350708,1.2499618530273438
81,0.0405,-0.0,-0.0,-0.0,-0.0,-0.0,-0.0,-0.0,-0.0,-0.0,-0.0,-0.0,-0.0,5.04570198059082,-6.581065654754639,-878.7633666992188,235085.71875,-3504.581298828125,550.3322143554688,-0.0,-0.0,-0.0,-0.0,-0.0,-0.0,0.00240325927734375,0.0045013427734375,0.00301361083984375,0.00469207763671875,0.0022125244140625,0.00476837158203125,0.0048065185546875,0.007476806640625,0.00057220458984375,0.00125885009765625,0.00576019287109375,0.00370025634765625,0.0096893310546875,0.0005340576171875,0.002899169921875,0.00659942626953125,0.102996826171875,0.165252685546875,0.084991455078125,0.07843017578125,0.076446533203125,0.081329345703125,-0.086669921875,0.25787353515625,0.02716064453125,0.0531005859375,-0.0030517578125,0.043487548828125,0.086212158203125,0.182952880859375,1.624755859375,4.999847412109375,6.328888893127441,1.2499618530273438
82,0.041,-0.0,-0.0,-0.0,-0.0,-0.0,-0.0,-0.0,-0.0,-0.0,-0.0,-0.0,-0.0,4.124246597290039,-7.220698356628418,-877.9449462890625,234112.84375,-2966.830810546875,367.98974609375,-0.0,-0.0,-0.0,-0.0,-0.0,-0.0,-0.0084686279296875,-0.005950927734375,-0.01796722412109375,-0.0225830078125,-0.01708984375,-0.0189208984375,-0.012054443359375,-0.03025054931640625,-0.0103759765625,-0.01132965087890625,-0.0263214111328125,-0.02544403076171875,-0.01972198486328125,-0.01476287841796875,-0.00579833984375,-0.0392913818359375,0.03204345703125,-0.069580078125,0.044097900390625,0.078582763671875,0.08392333984375,0.06866455078125,0.09429931640625,0.14007568359375,0.2923583984375,0.2362060546875,0.05035400390625,0.075836181640625,0.77117919921875,0.07904052734375,-3.596954345703125,-2.1148681640625,-3.1757311820983887,1.2499618530273438
83,0.0415,-0.0,-0.0,-0.0,-0.0,-0.0,-0.0,-0.0,-0.0,-0.0,-0.0,-0.0,-0.0,3.2932446002960205,-6.977413177490234,-876.7197265625,234016.4375,-2831.322509765625,241.54232788085938,-0.0,-0.0,-0.0,-0.0,-0.0,-0.0,-0.0020599365234375,-0.00102996826171875,-0.00247955322265625,-0.00392913818359375,-0.002593994140625,-0.0041961669921875,-0.0040435791015625,-0.00545501708984375,0.00026702880859375,-0.00102996826171875,-0.00579833984375,-0.005035400390625,-0.0099945068359375,-0.00217437744140625,-3.814697265625e-05,-0.0063323974609375,0.073394775390625,0.05218505859375,0.06134033203125,0.07049560546875,0.068206787109375,0.069427490234375,0.0048828125,0.18585205078125,0.08453369140625,0.12908935546875,0.086822509765625,0.100250244140625,0.417938232421875,-0.0225830078125,-1.757049560546875,-4.63775634765625,-7.611220359802246,1.2499618530273438
84,0.042,-0.0,-0.0,-0.0,-0.0,-0.0,-0.0,-0.0,-0.0,-0.0,-0.0,-0.0,-0.0,2.9164352416992188,-6.314728736877441,-875.4098510742188,233954.5,-2394.1923828125,63.483489990234375,-0.0,-0.0,-0.0,-0.0,-0.0,-0.0,0.0098419189453125,0.00331878662109375,0.01758575439453125,0.0215911865234375,0.0177001953125,0.019989013671875,0.0092315673828125,0.03353118896484375,0.00701904296875,0.0125885009765625,0.02452850341796875,0.0276947021484375,0.0179290771484375,0.01575469970703125,0.00774383544921875,0.0383758544921875,0.137786865234375,0.023345947265625,0.084228515625,0.06744384765625,0.10650634765625,0.079193115234375,0.18951416015625,0.12847900390625,0.0408935546875,0.09735107421875,0.092315673828125,0.0225830078125,-0.7623291015625,0.0433349609375,3.8525390625,3.020477294921875,7.0417351722717285,1.2499618530273438
85,0.0425,-0.0,-0.0,-0.0,-0.0,-0.0,-0.0,-0.0,-0.0,-0.0,-0.0,-0.0,-0.0,2.672384738922119,-5.762935161590576,-876.1528930664062,234040.109375,-1803.8182373046875,-136.7870635986328,-0.0,-0.0,-0.0,-0.0,-0.0,-0.0,0.001068115234375,0.003814697265625,0.00354766845703125,0.0063323974609375,0.0041961669921875,0.00331878662109375,0.00339508056640625,0.005645751953125,0.00087738037109375,0.00171661376953125,0.00690460205078125,0.007476806640625,0.00621795654296875,0.0002288818359375,0.00080108642578125,0.00774383544921875,0.037994384765625,0.08026123046875,0.08056640625,0.072784423828125,0.06500244140625,0.084228515625,0.1531982421875,0.11016845703125,-0.2410888671875,0.23529052734375,0.079803466796875,0.03875732421875,-0.0201416015625,0.1434326171875,3.024444580078125,3.6663818359375,7.992197036743164,1.2499618530273438
86,0.043000000000000003,-0.0,-0.0,-0.0,-0.0,-0.0,-0.0,-0.0,-0.0,-0.0,-0.0,-0.0,-0.0,1.8296200037002563,-4.736210823059082,-875.7159423828125,234181.0625,-1777.8782958984375,-259.4888610839844,-0.0,-0.0,-0.0,-0.0,-0.0,-0.0,-0.01007080078125,-0.006103515625,-0.01636505126953125,-0.0215911865234375,-0.01544952392578125,-0.01850128173828125,-0.00926971435546875,-0.0312042236328125,-0.0090789794921875,-0.01171112060546875,-0.024566650390625,-0.0249481201171875,-0.01773834228515625,-0.0144195556640625,-0.00701904296875,-0.03986358642578125,0.052337646484375,0.186614990234375,0.073089599609375,0.079498291015625,0.05126953125,0.07415771484375,0.15838623046875,0.1336669921875,0.40374755859375,0.1983642578125,0.08514404296875,0.116119384765625,0.639190673828125,0.19622802734375,-2.5189208984375,-2.69989013671875,0.942937433719635,1.2499618530273438
87,0.043500000000000004,-0.0,-0.0,-0.0,-0.0,-0.0,-0.0,-0.0,-0.0,-0.0,-0.0,-0.0,-0.0,1.5192605257034302,-3.731766939163208,-876.4146118164062,234827.171875,-1532.9049072265625,-567.2216186523438,-0.0,-0.0,-0.0,-0.0,-0.0,-0.0,-0.0009918212890625,-0.003509521484375,-0.00255584716796875,-0.00408172607421875,-0.00286102294921875,-0.0025177001953125,-0.00301361083984375,-0.00637054443359375,-0.000457763671875,0.00141143798828125,-0.00568389892578125,-0.0054931640625,-0.0054168701171875,-0.002899169921875,0.0003814697265625,-0.00728607177734375,0.0616455078125,-0.002288818359375,0.077667236328125,0.0738525390625,0.161895751953125,0.06500244140625,0.1409912109375,0.1007080078125,0.3741455078125,0.147705078125,0.097503662109375,0.121002197265625,-0.0799560546875,0.010223388671875,-0.813446044921875,-2.500762939453125,-4.9182448387146,1.2499618530273438
88,0.044,-0.0,-0.0,-0.0,-0.0,-0.0,-0.0,-0.0,-0.0,-0.0,-0.0,-0.0,-0.0,0.6434458494186401,-3.5652596950531006,-879.0753784179688,235290.171875,-1159.370849609375,-823.5272216796875,-0.0,-0.0,-0.0,-0.0,-0.0,-0.0,0.0109100341796875,0.00667572021484375,0.0177764892578125,0.02216339111328125,0.01880645751953125,0.01979827880859375,0.01178741455078125,0.03208160400390625,0.01117706298828125,0.010986328125,0.02777099609375,0.02498626708984375,0.01941680908203125,0.014190673828125,0.00774383544921875,0.03963470458984375,0.1715087890625,0.151824951171875,0.078887939453125,0.08026123046875,0.087127685546875,0.068206787109375,0.1202392578125,0.25543212890625,0.2587890625,0.12451171875,0.0958251953125,0.028533935546875,-0.647430419921875,0.175628662109375,3.68560791015625,3.895416259765625,6.80411958694458,1.2499618530273438
89,0.0445,-0.0,-0.0,-0.0,-0.0,-0.0,-0.0,-0.0,-0.0,-0.0,-0.0,-0.0,-0.0,0.25485605001449585,-2.1855883598327637,-879.862060546875,235569.609375,-904.6671142578125,-1053.196533203125,-0.0,-0.0,-0.0,-0.0,-0.0,-0.0,0.00057220458984375,0.00629425048828125,0.00385284423828125,0.00583648681640625,0.00293731689453125,0.00152587890625,0.0026702880859375,0.006103515625,0.00247955322265625,0.00057220458984375,0.00701904296875,0.00194549560546875,0.0038909912109375,-0.000152587890625,-3.814697265625e-05,0.00743865966796875,0.01495361328125,0.162811279296875,0.061798095703125,0.0860595703125,-0.042877197265625,0.0811767578125,0.107421875,0.150146484375,-0.14739990234375,0.17608642578125,0.110626220703125,0.01129150390625,0.2789306640625,0.105438232421875,0.069122314453125,2.15179443359375,7.0417351722717285,1.2499618530273438
90,0.045,-0.0,-0.0,-0.0,-0.0,-0.0,-0.0,-0.0,-0.0,-0.0,-0.0,-0.0,-0.0,-0.8303514122962952,-1.4357500076293945,-880.5157470703125,235850.265625,-688.7804565429688,-1287.8961181640625,-0.0,-0.0,-0.0,-0.0,-0.0,-0.0,-0.0070953369140625,-0.00507354736328125,-0.01659393310546875,-0.021209716796875,-0.01567840576171875,-0.0194549560546875,-0.0098419189453125,-0.03223419189453125,-0.0079345703125,-0.0099945068359375,-0.02552032470703125,-0.0252532958984375,-0.01766204833984375,-0.01300811767578125,-0.007781982421875,-0.0385284423828125,0.07171630859375,0.131378173828125,0.077972412109375,0.078125,0.133819580078125,0.06683349609375,0.26153564453125,0.16357421875,0.43731689453125,0.1202392578125,0.063018798828125,0.091094970703125,0.856475830078125,-0.00335693359375,-2.989501953125,-2.099609375,-5.3934760093688965,1.2499618530273438
91,0.0455,-0.0,-0.0,-0.0,-0.0,-0.0,-0.0,-0.0,-0.0,-0.0,-0.0,-0.0,-0.0,-1.1304216384887695,-1.0598602294921875,-881.912109375,236184.0625,-782.5397338867188,-1591.4857177734375,-0.0,-0.0,-0.0,-0.0,-0.0,-0.0,-0.00148773193359375,-0.00537872314453125,-0.00225067138671875,-0.0038909912109375,-0.00274658203125,-0.00469207763671875,-0.00362396240234375,-0.00583648681640625,-0.0018310546875,0.0006866455078125,-0.00484466552734375,-0.00148773193359375,-0.00576019287109375,-0.00354766845703125,-0.001068115234375,-0.00579833984375,0.077056884765625,0.077667236328125,0.070343017578125,0.069427490234375,0.250091552734375,0.08819580078125,-0.069580078125,0.10711669921875,0.115966796875,0.23712158203125,0.064697265625,0.1409912109375,-0.12847900390625,-0.089569091796875,-0.203094482421875,-2.8070068359375,-5.3934760093688965,1.2499618530273438
92,0.046,-0.0,-0.0,-0.0,-0.0,-0.0,-0.0,-0.0,-0.0,-0.0,-0.0,-0.0,-0.0,-1.8086684942245483,-0.9518202543258667,-881.8666381835938,236114.078125,-450.2090759277344,-1611.066650390625,-0.0,-0.0,-0.0,-0.0,-0.0,-0.0,0.0080108642578125,0.008544921875,0.0153350830078125,0.02140045166015625,0.01678466796875,0.0209808349609375,0.01132965087890625,0.0328826904296875,0.01026153564453125,0.01251220703125,0.02582550048828125,0.0284576416015625,0.01705169677734375,0.0152587890625,0.00873565673828125,0.0379180908203125,0.09735107421875,0.05645751953125,0.068206787109375,0.078887939453125,0.183563232421875,0.06591796875,0.10345458984375,-0.126953125,0.12298583984375,0.25390625,0.06683349609375,0.0909423828125,-0.71746826171875,-0.013427734375,4.4482421875,2.968292236328125,6.72491455078125,1.2499618530273438
93,0.0465,-0.0,-0.0,-0.0,-0.0,-0.0,-0.0,-0.0,-0.0,-0.0,-0.0,-0.0,-0.0,-2.0749242305755615,-1.3936741352081299,-881.743896484375,236112.765625,-224.68946838378906,-1777.818115234375,-0.0,-0.0,-0.0,-0.0,-0.0,-0.0,0.0037384033203125,0.00560760498046875,0.00286102294921875,0.003204345703125,0.004730224609375,0.0046539306640625,0.0028228759765625,0.00728607177734375,0.0008392333984375,0.0023651123046875,0.00530242919921875,0.0009918212890625,0.00415802001953125,0.0035858154296875,0.00286102294921875,0.006103515625,0.05828857421875,0.054931640625,0.074920654296875,0.0830078125,0.03570556640625,0.0689697265625,0.0250244140625,0.4443359375,0.11199951171875,-0.0469970703125,0.1202392578125,0.06866455078125,0.2130126953125,-0.011444091796875,0.550537109375,2.61016845703125,7.0417351722717285,1.2499618530273438
94,0.047,-0.0,-0.0,-0.0,-0.0,-0.0,-0.0,-0.0,-0.0,-0.0,-0.0,-0.0,-0.0,-2.2486462593078613,-2.1082043647766113,-880.423828125,235525.546875,-206.744140625,-1806.49462890625,-0.0,-0.0,-0.0,-0.0,-0.0,-0.0,-0.00804901123046875,-0.00885009765625,-0.01659393310546875,-0.020904541015625,-0.01750946044921875,-0.0191497802734375,-0.01155853271484375,-0.0299072265625,-0.01125335693359375,-0.01110076904296875,-0.026397705078125,-0.02716064453125,-0.016021728515625,-0.0154876708984375,-0.006103515625,-0.0397491455078125,0.1055908203125,0.081634521484375,0.081024169921875,0.0653076171875,0.00732421875,0.078887939453125,0.18524169921875,0.02777099609375,0.118408203125,0.1727294921875,0.059356689453125,0.0775146484375,0.482025146484375,0.003509521484375,-2.75909423828125,-2.120208740234375,-4.680629253387451,1.2499618530273438
95,0.0475,-0.0,-0.0,-0.0,-0.0,-0.0,-0.0,-0.0,-0.0,-0.0,-0.0,-0.0,-0.0,-2.3253402709960938,-1.9198955297470093,-879.0721435546875,235528.375,67.06713104248047,-1748.4268798828125,-0.0,-0.0,-0.0,-0.0,-0.0,-0.0,-0.00064849853515625,-0.0038909912109375,-0.0030517578125,-0.0032806396484375,-0.0022125244140625,-0.0032806396484375,-0.00179290771484375,-0.00682830810546875,-0.00247955322265625,-0.0002288818359375,-0.00308990478515625,-0.00034332275390625,-0.00331878662109375,-0.00255584716796875,-0.0017547607421875,-0.0064849853515625,0.0555419921875,0.123443603515625,0.081634521484375,0.08056640625,0.0555419921875,0.07965087890625,0.2435302734375,-0.09857177734375,0.11444091796875,0.14556884765625,0.032501220703125,0.028839111328125,0.1361083984375,0.265655517578125,0.7135009765625,-1.618194580078125,-4.9182448387146,1.2499618530273438
96,0.048,-0.0,-0.0,-0.0,-0.0,-0.0,-0.0,-0.0,-0.0,-0.0,-0.0,-0.0,-0.0,-1.8210140466690063,-2.4613590240478516,-875.6722412109375,234987.734375,331.3991394042969,-1633.4423828125,-0.0,-0.0,-0.0,-0.0,-0.0,-0.0,0.0092315673828125,0.007476806640625,0.01552581787109375,0.02330780029296875,0.01865386962890625,0.020599365234375,0.010528564453125,0.03253936767578125,0.0099945068359375,0.010986328125,0.02658843994140625,0.02376556396484375,0.01697540283203125,0.01537322998046875,0.006866455078125,0.03875732421875,0.07720947265625,0.046844482421875,0.066375732421875,0.08331298828125,0.04638671875,0.075836181640625,0.172119140625,0.6903076171875,0.147705078125,0.3424072265625,0.111846923828125,0.027618408203125,-0.85174560546875,-0.1031494140625,2.731170654296875,2.0172119140625,6.64570951461792,1.2499618530273438
97,0.0485,-0.0,-0.0,-0.0,-0.0,-0.0,-0.0,-0.0,-0.0,-0.0,-0.0,-0.0,-0.0,-1.5967941284179688,-1.843066692352295,-874.5323486328125,234508.09375,482.8685607910156,-1544.1337890625,-0.0,-0.0,-0.0,-0.0,-0.0,-0.0,0.00049591064453125,0.00797271728515625,0.00446319580078125,0.004425048828125,0.00331878662109375,0.0037384033203125,0.00232696533203125,0.00400543212890625,0.0006103515625,0.0031280517578125,0.0061798095703125,0.0003814697265625,0.001220703125,0.0030517578125,0.00030517578125,0.00644683837890625,0.080108642578125,0.063323974609375,0.076141357421875,0.066986083984375,0.062408447265625,0.085296630859375,0.126953125,0.18157958984375,0.00823974609375,0.1513671875,0.0067138671875,0.0531005859375,0.410308837890625,0.0653076171875,-0.3546142578125,1.41510009765625,7.754581928253174,1.2499618530273438
98,0.049,-0.0,-0.0,-0.0,-0.0,-0.0,-0.0,-0.0,-0.0,-0.0,-0.0,-0.0,-0.0,-0.9107383489608765,-1.9843451976776123,-872.7623901367188,234272.75,411.7583923339844,-1527.8782958984375,-0.0,-0.0,-0.0,-0.0,-0.0,-0.0,-0.0081634521484375,-0.0087738037109375,-0.0164031982421875,-0.02063751220703125,-0.015869140625,-0.01850128173828125,-0.01129150390625,-0.03040313720703125,-0.0084686279296875,-0.01232147216796875,-0.0237274169921875,-0.02368927001953125,-0.0164031982421875,-0.01377105712890625,-0.00579833984375,-0.03753662109375,0.08758544921875,0.071868896484375,0.076446533203125,0.077972412109375,0.0714111328125,0.066680908203125,0.32135009765625,0.147705078125,-0.09124755859375,-0.0238037109375,0.086212158203125,0.08758544921875,0.63446044921875,0.24993896484375,-2.20947265625,-2.507476806640625,-10.621016502380371,1.2499618530273438
99,0.0495,-0.0,-0.0,-0.0,-0.0,-0.0,-0.0,-0.0,-0.0,-0.0,-0.0,-0.0,-0.0,-0.5322647094726562,-1.8665765523910522,-871.7380981445312,233891.09375,509.8793640136719,-1339.70458984375,-0.0,-0.0,-0.0,-0.0,-0.0,-0.0,-0.00186920166015625,-0.00263214111328125,-0.0023651123046875,-0.00331878662109375,-0.00213623046875,-0.0041961669921875,-0.00102996826171875,-0.0070953369140625,0.00095367431640625,-0.000762939453125,-0.00438690185546875,0.0,-0.00438690185546875,-0.001373291015625,-0.000762939453125,-0.0063323974609375,0.074310302734375,0.0714111328125,0.079193115234375,0.079345703125,0.098419189453125,0.086212158203125,0.18218994140625,0.15045166015625,0.3497314453125,0.28839111328125,0.100250244140625,0.0921630859375,-0.018310546875,0.104827880859375,1.612091064453125,-1.9427490234375,-9.03691291809082,1.2499618530273438
100,0.05,-0.0,-0.0,-0.0,-0.0,-0.0,-0.0,-0.0,-0.0,-0.0,-0.0,-0.0,-0.0,-0.05286628007888794,-1.1243903636932373,-869.4816284179688,233303.4375,466.2839660644531,-1194.87548828125,-0.0,-0.0,-0.0,-0.0,-0.0,-0.0,0.0113677978515625,0.0054931640625,0.0177764892578125,0.0225830078125,0.01667022705078125,0.01926422119140625,0.01140594482421875,0.032958984375,0.01018524169921875,0.0128936767578125,0.02391815185546875,0.02452850341796875,0.01926422119140625,0.01483917236328125,0.0052642822265625,0.0400543212890625,0.080108642578125,0.07781982421875,0.072021484375,0.070037841796875,0.08270263671875,0.08331298828125,0.14923095703125,0.10498046875,-0.1336669921875,0.3009033203125,0.0665283203125,0.099945068359375,-0.76446533203125,-0.174407958984375,2.123565673828125,4.19830322265625,7.992197036743164,1.2499618530273438
101,0.0505,-0.0,-0.0,-0.0,-0.0,-0.0,-0.0,-0.0,-0.0,-0.0,-0.0,-0.0,-0.0,0.20139914751052856,-1.012115478515625,-866.87744140625,233308.0,765.8756713867188,-1135.365234375,-0.0,-0.0,-0.0,-0.0,-0.0,-0.0,0.002899169921875,0.0057220458984375,0.003509521484375,0.00469207763671875,0.00301361083984375,0.00484466552734375,0.00354766845703125,0.00736236572265625,0.0035858154296875,0.00148773193359375,0.0043487548828125,0.0009918212890625,0.00240325927734375,0.00408172607421875,0.0012969970703125,0.0070953369140625,0.086669921875,0.1556396484375,0.08087158203125,0.0726318359375,0.06561279296875,0.076446533203125,0.18280029296875,0.11505126953125,0.3594970703125,0.142822265625,0.048065185546875,0.081787109375,0.17242431640625,0.08026123046875,0.020904541015625,2.1295166015625,13.774174690246582,1.2499618530273438
102,0.051000000000000004,-0.0,-0.0,-0.0,-0.0,-0.0,-0.0,-0.0,-0.0,-0.0,-0.0,-0.0,-0.0,0.24960112571716309,-0.45358559489250183,-866.0853881835938,233012.46875,757.337646484375,-1109.5751953125,-0.0,-0.0,-0.0,-0.0,-0.0,-0.0,-0.008392333984375,-0.00865936279296875,-0.0168609619140625,-0.02376556396484375,-0.016326904296875,-0.01964569091796875,-0.00980377197265625,-0.03116607666015625,-0.00896453857421875,-0.01049041748046875,-0.02552032470703125,-0.0228118896484375,-0.01750946044921875,-0.013580322265625,-0.007476806640625,-0.0380706787109375,0.252227783203125,-0.069732666015625,0.1190185546875,0.084228515625,0.078887939453125,0.079345703125,0.1904296875,0.10223388671875,0.25390625,0.1544189453125,0.0677490234375,0.09033203125,0.645294189453125,0.31585693359375,-2.3480224609375,-1.302337646484375,-4.284603595733643,1.2499618530273438
103,0.051500000000000004,-0.0,-0.0,-0.0,-0.0,-0.0,-0.0,-0.0,-0.0,-0.0,-0.0,-0.0,-0.0,0.7257676124572754,-0.453660249710083,-864.4517211914062,232642.1875,851.9702758789062,-1041.88818359375,-0.0,-0.0,-0.0,-0.0,-0.0,-0.0,-0.00080108642578125,-0.00652313232421875,-0.00331878662109375,-0.00377655029296875,-0.00225067138671875,-0.001220703125,-0.00164031982421875,-0.00690460205078125,-0.00255584716796875,-0.0014495849609375,-0.00522613525390625,-0.00125885009765625,-0.00423431396484375,-0.0041961669921875,0.00026702880859375,-0.00858306884765625,-0.0531005859375,0.09307861328125,0.07080078125,0.071258544921875,0.152587890625,0.077667236328125,0.0592041015625,0.10986328125,0.33721923828125,0.2752685546875,0.086669921875,0.154876708984375,-0.1800537109375,-0.052490234375,-0.242919921875,-2.778778076171875,-6.6607584953308105,1.2499618530273438
104,0.052000000000000005,-0.0,-0.0,-0.0,-0.0,-0.0,-0.0,-0.0,-0.0,-0.0,-0.0,-0.0,-0.0,0.5565900802612305,-1.3248252868652344,-864.4993896484375,232906.609375,824.1065063476562,-1119.0400390625,-0.0,-0.0,-0.0,-0.0,-0.0,-0.0,0.00919342041015625,0.0083160400390625,0.017547607421875,0.02227783203125,0.01750946044921875,0.0193023681640625,0.011749267578125,0.03368377685546875,0.00995635986328125,0.0122833251953125,0.02773284912109375,0.02666473388671875,0.01674652099609375,0.01544952392578125,0.0080108642578125,0.03910064697265625,0.011749267578125,0.146026611328125,0.03814697265625,0.067138671875,0.054473876953125,0.0628662109375,0.26153564453125,0.1226806640625,0.14312744140625,0.2813720703125,0.115814208984375,0.079498291015625,-0.393524169921875,-0.022125244140625,4.211883544921875,3.05328369140625,7.120940208435059,1.2499618530273438
105,0.0525,-0.0,-0.0,-0.0,-0.0,-0.0,-0.0,-0.0,-0.0,-0.0,-0.0,-0.0,-0.0,-0.03989556431770325,-1.8061542510986328,-864.8485107421875,233104.40625,1364.9046630859375,-1319.0455322265625,-0.0,-0.0,-0.0,-0.0,-0.0,-0.0,0.0029754638671875,0.00774383544921875,0.00453948974609375,0.00415802001953125,0.00370025634765625,0.002593994140625,0.0035858154296875,0.0067901611328125,0.00171661376953125,0.0017547607421875,0.0048065185546875,0.00213623046875,0.0016021728515625,0.00308990478515625,0.00301361083984375,0.0086212158203125,0.054168701171875,0.1495361328125,0.05645751953125,0.0799560546875,0.01739501953125,0.08056640625,0.01983642578125,0.0982666015625,-0.07537841796875,-0.05126953125,0.125274658203125,0.002288818359375,0.458526611328125,0.0897216796875,1.058807373046875,3.017425537109375,6.328888893127441,1.2499618530273438
106,0.053,-0.0,-0.0,-0.0,-0.0,-0.0,-0.0,-0.0,-0.0,-0.0,-0.0,-0.0,-0.0,-0.6851286888122559,-1.815333366394043,-863.8494873046875,233311.453125,1469.373779296875,-1454.486328125,-0.0,-0.0,-0.0,-0.0,-0.0,-0.0,-0.00782012939453125,-0.0112152099609375,-0.01674652099609375,-0.023193359375,-0.016021728515625,-0.017242431640625,-0.010528564453125,-0.029754638671875,-0.010223388671875,-0.010528564453125,-0.026397705078125,-0.0228118896484375,-0.0183868408203125,-0.01499176025390625,-0.0043487548828125,-0.0392913818359375,0.074920654296875,0.05645751953125,0.067901611328125,0.083770751953125,0.082855224609375,0.083770751953125,0.12603759765625,0.11993408203125,0.4345703125,0.2117919921875,-0.048065185546875,0.00518798828125,0.52886962890625,0.16876220703125,-1.185150146484375,-2.74505615234375,-3.6509623527526855,1.2499618530273438
107,0.0535,-0.0,-0.0,-0.0,-0.0,-0.0,-0.0,-0.0,-0.0,-0.0,-0.0,-0.0,-0.0,-0.899427592754364,-1.665846347808838,-865.3432006835938,233700.390625,1848.978515625,-1686.9666748046875,-0.0,-0.0,-0.0,-0.0,-0.0,-0.0,-0.0012969970703125,-0.00690460205078125,-0.00164031982421875,-0.00507354736328125,-0.0025177001953125,-0.00301361083984375,-0.001373291015625,-0.005035400390625,-0.00270843505859375,-0.0020599365234375,-0.0051116943359375,-0.00156402587890625,-0.0049591064453125,-0.002593994140625,0.0022125244140625,-0.0079345703125,0.090179443359375,0.15899658203125,0.076904296875,0.0714111328125,0.0616455078125,0.074310302734375,-0.00396728515625,0.10528564453125,0.17578125,0.12542724609375,0.03509521484375,0.056915283203125,-0.09368896484375,-0.040740966796875,-0.41412353515625,-3.371734619140625,-5.868706703186035,1.2499618530273438
108,0.054,-0.0,-0.0,-0.0,-0.0,-0.0,-0.0,-0.0,-0.0,-0.0,-0.0,-0.0,-0.0,-1.1017135381698608,-1.2754639387130737,-866.74072265625,234602.71875,2087.043212890625,-1734.055908203125,-0.0,-0.0,-0.0,-0.0,-0.0,-0.0,0.01003265380859375,0.00743865966796875,0.01766204833984375,0.0218963623046875,0.01678466796875,0.01972198486328125,0.01056671142578125,0.0325775146484375,0.00885009765625,0.0136566162109375,0.026702880859375,0.02445220947265625,0.0171661376953125,0.0148773193359375,0.00743865966796875,0.0376129150390625,0.0982666015625,0.11383056640625,0.075531005859375,0.08087158203125,0.1068115234375,0.086212158203125,0.2197265625,0.1226806640625,0.04058837890625,0.2813720703125,0.08697509765625,0.07781982421875,-0.756378173828125,0.2313232421875,3.212890625,2.55126953125,7.0417351722717285,1.2499618530273438
109,0.0545,-0.0,-0.0,-0.0,-0.0,-0.0,-0.0,-0.0,-0.0,-0.0,-0.0,-0.0,-0.0,-1.3695615530014038,-0.6941753625869751,-869.4365844726562,235857.3125,2139.293212890625,-1704.4927978515625,-0.0,-0.0,-0.0,-0.0,-0.0,-0.0,0.00156402587890625,0.00789642333984375,0.00370025634765625,0.0057220458984375,0.00274658203125,0.0038909912109375,0.00324249267578125,0.005035400390625,0.0028228759765625,0.00392913818359375,0.006866455078125,0.0017547607421875,0.00701904296875,0.0031280517578125,-0.00091552734375,0.00789642333984375,0.08514404296875,0.069580078125,0.07781982421875,0.065765380859375,0.05340576171875,0.08514404296875,0.23895263671875,0.05767822265625,0.1226806640625,0.26336669921875,0.09918212890625,0.074005126953125,0.439453125,0.191802978515625,0.1983642578125,3.878326416015625,4.507169723510742,1.2499618530273438
110,0.055,-0.0,-0.0,-0.0,-0.0,-0.0,-0.0,-0.0,-0.0,-0.0,-0.0,-0.0,-0.0,-1.5718069076538086,0.11444920301437378,-873.931396484375,236928.71875,2603.69921875,-1992.7572021484375,-0.0,-0.0,-0.0,-0.0,-0.0,-0.0,-0.0089263916015625,-0.01049041748046875,-0.0157928466796875,-0.02162933349609375,-0.01461029052734375,-0.0196075439453125,-0.0110626220703125,-0.0312042236328125,-0.01003265380859375,-0.0109100341796875,-0.02841949462890625,-0.02407073974609375,-0.01674652099609375,-0.012969970703125,-0.00762939453125,-0.03910064697265625,0.1165771484375,0.05767822265625,0.091094970703125,0.081634521484375,0.082855224609375,0.078277587890625,0.1788330078125,0.2825927734375,0.0140380859375,0.147705078125,0.086517333984375,0.08819580078125,0.41717529296875,-0.045928955078125,-3.193206787109375,-2.282562255859375,-4.2053985595703125,1.2499618530273438
111,0.0555,-0.0,-0.0,-0.0,-0.0,-0.0,-0.0,-0.0,-0.0,-0.0,-0.0,-0.0,-0.0,-1.888063669204712,1.186449646949768,-876.4695434570312,237757.359375,2694.76171875,-2022.39892578125,-0.0,-0.0,-0.0,-0.0,-0.0,-0.0,-0.003662109375,-0.0032806396484375,-0.00194549560546875,-0.0030517578125,-0.00232696533203125,-0.0026702880859375,-0.0019073486328125,-0.0063323974609375,-0.0034332275390625,-0.00316619873046875,-0.0029754638671875,-0.000762939453125,-0.00194549560546875,-0.00286102294921875,-0.001068115234375,-0.007171630859375,0.055389404296875,0.04730224609375,0.075225830078125,0.079193115234375,0.04974365234375,0.07232666015625,0.12969970703125,0.137939453125,-0.16693115234375,0.07080078125,0.106048583984375,0.131378173828125,0.165252685546875,-0.068511962890625,0.018463134765625,-1.878814697265625,-4.443014144897461,1.2499618530273438
112,0.056,-0.0,-0.0,-0.0,-0.0,-0.0,-0.0,-0.0,-0.0,-0.0,-0.0,-0.0,-0.0,-1.9390108585357666,2.0816826820373535,-876.6190795898438,239066.140625,2658.46044921875,-2234.206787109375,-0.0,-0.0,-0.0,-0.0,-0.0,-0.0,0.0084686279296875,0.00644683837890625,0.01651763916015625,0.02399444580078125,0.0159454345703125,0.019989013671875,0.01049041748046875,0.03108978271484375,0.009765625,0.01194000244140625,0.025787353515625,0.02460479736328125,0.01949310302734375,0.0147247314453125,0.00675201416015625,0.0385284423828125,0.078582763671875,0.08880615234375,0.062103271484375,0.0799560546875,0.09552001953125,0.06011962890625,0.17822265625,-0.04241943359375,0.50811767578125,0.14678955078125,0.1470947265625,0.150299072265625,-0.720977783203125,-0.10498046875,3.46954345703125,3.67034912109375,9.893121719360352,1.2499618530273438
113,0.0565,-0.0,-0.0,-0.0,-0.0,-0.0,-0.0,-0.0,-0.0,-0.0,-0.0,-0.0,-0.0,-2.509273052215576,3.0281620025634766,-877.5177001953125,239589.640625,2951.1904296875,-2242.7744140625,-0.0,-0.0,-0.0,-0.0,-0.0,-0.0,0.0028228759765625,0.0055694580078125,0.0049591064453125,0.004425048828125,0.0038909912109375,0.0032806396484375,0.00263214111328125,0.00637054443359375,0.001373291015625,0.0023651123046875,0.00598907470703125,0.00385284423828125,0.00263214111328125,0.003662109375,0.00213623046875,0.00720977783203125,0.079345703125,0.0537109375,0.086822509765625,0.078887939453125,0.1263427734375,0.067901611328125,0.2410888671875,0.48431396484375,0.01708984375,0.230712890625,0.0433349609375,0.068206787109375,0.062103271484375,0.101776123046875,2.068328857421875,2.232513427734375,7.358555793762207,1.2499618530273438
114,0.057,-0.0,-0.0,-0.0,-0.0,-0.0,-0.0,-0.0,-0.0,-0.0,-0.0,-0.0,-0.0,-2.458416223526001,3.949589252471924,-880.51025390625,240248.125,2946.18359375,-2433.1962890625,-0.0,-0.0,-0.0,-0.0,-0.0,-0.0,-0.0067138671875,-0.009765625,-0.017852783203125,-0.02170562744140625,-0.01605987548828125,-0.01926422119140625,-0.0110626220703125,-0.03017425537109375,-0.01155853271484375,-0.0116729736328125,-0.02658843994140625,-0.025177001953125,-0.01796722412109375,-0.014190673828125,-0.00759124755859375,-0.0373077392578125,0.0592041015625,0.118408203125,0.06988525390625,0.058746337890625,0.055694580078125,0.093841552734375,-0.13763427734375,0.1751708984375,0.30364990234375,0.3094482421875,0.036163330078125,0.016632080078125,0.599517822265625,0.1202392578125,-2.591094970703125,-2.328643798828125,-16.006967544555664,1.2499618530273438
115,0.0575,-0.0,-0.0,-0.0,-0.0,-0.0,-0.0,-0.0,-0.0,-0.0,-0.0,-0.0,-0.0,-2.547905445098877,4.1774983406066895,-878.9188842773438,240413.40625,3257.2333984375,-2420.65966796875,-0.0,-0.0,-0.0,-0.0,-0.0,-0.0,-0.0041961669921875,-0.00457763671875,-0.0031280517578125,-0.00286102294921875,-0.0014495849609375,-0.003662109375,-0.00392913818359375,-0.0061798095703125,-0.00141143798828125,-0.00209808349609375,-0.0043487548828125,-0.0023651123046875,-0.006256103515625,-0.0029754638671875,-0.0011444091796875,-0.005035400390625,0.07568359375,0.153350830078125,0.065155029296875,0.070037841796875,0.029754638671875,0.068206787109375,0.15625,0.194091796875,0.37750244140625,-0.0274658203125,0.097503662109375,0.037689208984375,0.02349853515625,-0.065765380859375,0.3082275390625,-2.98309326171875,-5.3934760093688965,1.2499618530273438
116,0.058,-0.0,-0.0,-0.0,-0.0,-0.0,-0.0,-0.0,-0.0,-0.0,-0.0,-0.0,-0.0,-2.636991024017334,5.121245384216309,-879.9127197265625,240296.859375,3376.613525390625,-2585.651611328125,-0.0,-0.0,-0.0,-0.0,-0.0,-0.0,0.0091552734375,0.00865936279296875,0.01758575439453125,0.02361297607421875,0.01621246337890625,0.01842498779296875,0.01232147216796875,0.03040313720703125,0.0101470947265625,0.0124359130859375,0.02628326416015625,0.02605438232421875,0.02201080322265625,0.01354217529296875,0.00766754150390625,0.03787994384765625,0.0811767578125,0.01922607421875,0.072021484375,0.06561279296875,0.10711669921875,0.070953369140625,0.181884765625,0.12969970703125,0.03936767578125,0.27130126953125,0.08697509765625,0.085296630859375,-0.351409912109375,-0.010986328125,3.83270263671875,4.498291015625,7.516966342926025,1.2499618530273438
117,0.0585,-0.0,-0.0,-0.0,-0.0,-0.0,-0.0,-0.0,-0.0,-0.0,-0.0,-0.0,-0.0,-2.6871566772460938,4.506103515625,-878.7196655273438,240122.5,3589.23193359375,-2551.8740234375,-0.0,-0.0,-0.0,-0.0,-0.0,-0.0,0.00362396240234375,0.003662109375,0.00598907470703125,0.0045013427734375,0.00354766845703125,0.00263214111328125,0.002899169921875,0.0057220458984375,0.00339508056640625,0.0042724609375,0.0054168701171875,0.00240325927734375,0.00301361083984375,0.001983642578125,0.001068115234375,0.00751495361328125,0.09246826171875,0.059814453125,0.0714111328125,0.079498291015625,0.149078369140625,0.042724609375,0.07354736328125,0.1470947265625,0.069580078125,0.38604736328125,0.009918212890625,0.119781494140625,0.077972412109375,-0.06195068359375,0.332794189453125,2.5897216796875,6.962530136108398,1.2499618530273438
118,0.059000000000000004,-0.0,-0.0,-0.0,-0.0,-0.0,-0.0,-0.0,-0.0,-0.0,-0.0,-0.0,-0.0,-2.7500343322753906,4.125317573547363,-877.7672119140625,239558.5,3644.88427734375,-2492.687255859375,-0.0,-0.0,-0.0,-0.0,-0.0,-0.0,-0.0099945068359375,-0.005035400390625,-0.01674652099609375,-0.02017974853515625,-0.0165557861328125,-0.0177764892578125,-0.0112152099609375,-0.03040313720703125,-0.0089263916015625,-0.0128173828125,-0.0254058837890625,-0.02681732177734375,-0.015716552734375,-0.01567840576171875,-0.00507354736328125,-0.03940582275390625,0.070648193359375,0.02960205078125,0.08636474609375,0.0616455078125,0.055999755859375,0.108795166015625,0.26580810546875,0.096435546875,0.15960693359375,0.14312744140625,0.066986083984375,0.0836181640625,0.70892333984375,-0.05584716796875,-3.64471435546875,-2.055511474609375,-6.0271172523498535,1.2499618530273438
119,0.059500000000000004,-0.0,-0.0,-0.0,-0.0,-0.0,-0.0,-0.0,-0.0,-0.0,-0.0,-0.0,-0.0,-2.786614418029785,2.763923168182373,-875.6722412109375,239302.453125,3791.355224609375,-2425.014892578125,-0.0,-0.0,-0.0,-0.0,-0.0,-0.0,-0.00125885009765625,-0.0045013427734375,-0.00362396240234375,-0.00362396240234375,-0.0035858154296875,-0.00339508056640625,-0.0043487548828125,-0.0038909912109375,-0.00087738037109375,-0.0043487548828125,-0.0049591064453125,-0.001068115234375,-0.00232696533203125,-0.00274658203125,0.0008392333984375,-0.00751495361328125,0.062103271484375,0.09857177734375,0.080108642578125,0.075836181640625,0.042877197265625,0.0799560546875,0.04852294921875,0.0732421875,0.11138916015625,-0.1318359375,0.04608154296875,0.09033203125,0.009002685546875,0.100555419921875,0.842437744140625,-1.478729248046875,-6.5815534591674805,1.2499618530273438
120,0.06,-0.0,-0.0,-0.0,-0.0,-0.0,-0.0,-0.0,-0.0,-0.0,-0.0,-0.0,-0.0,-2.64823317527771,2.070497751235962,-874.12109375,239083.4375,3996.96533203125,-2362.326171875,-0.0,-0.0,-0.0,-0.0,-0.0,-0.0,0.00782012939453125,0.00644683837890625,0.01590728759765625,0.02269744873046875,0.0159454345703125,0.0197601318359375,0.01125335693359375,0.03192901611328125,0.01071929931640625,0.01087188720703125,0.0279998779296875,0.02658843994140625,0.0211334228515625,0.01476287841796875,0.0083160400390625,0.039825439453125,0.0396728515625,0.030517578125,0.076141357421875,0.079193115234375,0.037384033203125,0.073089599609375,0.08819580078125,0.1470947265625,0.09765625,-0.0079345703125,0.126953125,0.038299560546875,-0.898895263671875,-0.038909912109375,4.552459716796875,4.12109375,7.6753764152526855,1.2499618530273438
121,0.0605,-0.0,-0.0,-0.0,-0.0,-0.0,-0.0,-0.0,-0.0,-0.0,-0.0,-0.0,-0.0,-2.4970335960388184,1.1252305507659912,-873.8748168945312,238362.84375,4030.9892578125,-2332.849609375,-0.0,-0.0,-0.0,-0.0,-0.0,-0.0,0.0012969970703125,0.00457763671875,0.00453948974609375,0.0063323974609375,0.0043487548828125,0.00286102294921875,0.0037384033203125,0.0037384033203125,0.00133514404296875,0.00156402587890625,0.00644683837890625,0.00293731689453125,0.00423431396484375,0.00186920166015625,-0.00026702880859375,0.0077056884765625,0.059967041015625,0.048370361328125,0.0701904296875,0.07354736328125,0.06011962890625,0.07781982421875,0.12786865234375,0.12054443359375,0.098876953125,0.22064208984375,0.11138916015625,0.0390625,0.080718994140625,0.0738525390625,0.0726318359375,2.27203369140625,6.72491455078125,1.2499618530273438
122,0.061,-0.0,-0.0,-0.0,-0.0,-0.0,-0.0,-0.0,-0.0,-0.0,-0.0,-0.0,-0.0,-2.4706952571868896,0.5467981100082397,-869.8926391601562,238213.65625,3990.533203125,-2294.58154296875,-0.0,-0.0,-0.0,-0.0,-0.0,-0.0,-0.0070953369140625,-0.00873565673828125,-0.01682281494140625,-0.0228118896484375,-0.01438140869140625,-0.0197601318359375,-0.01224517822265625,-0.030670166015625,-0.01007080078125,-0.01068115234375,-0.0257110595703125,-0.0241851806640625,-0.01827239990234375,-0.0146484375,-0.0078582763671875,-0.03940582275390625,0.11383056640625,0.13092041015625,0.0579833984375,0.080718994140625,0.084991455078125,0.078125,0.155029296875,0.15167236328125,0.1251220703125,0.2227783203125,0.04150390625,0.038299560546875,0.5615234375,0.14373779296875,-2.7691650390625,-3.085174560546875,-4.9182448387146,1.2499618530273438
123,0.0615,-0.0,-0.0,-0.0,-0.0,-0.0,-0.0,-0.0,-0.0,-0.0,-0.0,-0.0,-0.0,-2.812215805053711,0.6314582824707031,-869.2471313476562,237908.171875,4160.7197265625,-2231.078125,-0.0,-0.0,-0.0,-0.0,-0.0,-0.0,-0.001678466796875,-0.00400543212890625,-0.004119873046875,-0.00392913818359375,-0.00209808349609375,-0.00194549560546875,-0.0019073486328125,-0.00701904296875,-0.00080108642578125,-0.0019073486328125,-0.003662109375,-0.0017547607421875,-0.00232696533203125,-0.00156402587890625,-0.0041961669921875,-0.00743865966796875,0.03814697265625,0.063018798828125,0.073699951171875,0.078887939453125,0.088653564453125,0.08148193359375,0.3607177734375,0.06439208984375,0.1458740234375,0.46783447265625,0.0628662109375,0.03814697265625,0.054779052734375,0.186920166015625,-0.189056396484375,-1.551361083984375,-6.6607584953308105,1.2499618530273438
124,0.062,-0.0,-0.0,-0.0,-0.0,-0.0,-0.0,-0.0,-0.0,-0.0,-0.0,-0.0,-0.0,-2.812065839767456,0.5916895270347595,-868.8992309570312,237718.84375,3913.3193359375,-2168.885009765625,-0.0,-0.0,-0.0,-0.0,-0.0,-0.0,0.0103759765625,0.00759124755859375,0.0185394287109375,0.02101898193359375,0.0173187255859375,0.01964569091796875,0.01300811767578125,0.03055572509765625,0.010223388671875,0.014190673828125,0.02628326416015625,0.0264739990234375,0.01766204833984375,0.01651763916015625,0.00690460205078125,0.039825439453125,0.08087158203125,0.058441162109375,0.074920654296875,0.076141357421875,0.091705322265625,0.08026123046875,0.0213623046875,0.12115478515625,0.06591796875,0.13153076171875,0.079345703125,0.09063720703125,-0.675811767578125,0.02899169921875,3.330841064453125,2.97698974609375,4.190349102020264,1.2499618530273438
125,0.0625,-0.0,-0.0,-0.0,-0.0,-0.0,-0.0,-0.0,-0.0,-0.0,-0.0,-0.0,-0.0,-2.4571409225463867,0.5916080474853516,-869.822509765625,237851.5625,3965.055908203125,-2247.11572265625,-0.0,-0.0,-0.0,-0.0,-0.0,-0.0,0.00202178955078125,0.005035400390625,0.00339508056640625,0.0037384033203125,0.00331878662109375,0.0042724609375,0.004730224609375,0.00652313232421875,0.00179290771484375,0.00125885009765625,0.00385284423828125,0.00049591064453125,0.00499725341796875,0.00396728515625,0.00110626220703125,0.007171630859375,0.090789794921875,-0.015106201171875,0.07110595703125,0.076141357421875,0.067138671875,0.08331298828125,0.23590087890625,0.10650634765625,-0.03570556640625,0.069580078125,0.120391845703125,0.10406494140625,0.371856689453125,0.03265380859375,-0.447845458984375,2.25250244140625,6.566504001617432,1.2499618530273438
126,0.063,-0.0,-0.0,-0.0,-0.0,-0.0,-0.0,-0.0,-0.0,-0.0,-0.0,-0.0,-0.0,-1.9113719463348389,1.3196066617965698,-867.3453979492188,237921.578125,3953.98193359375,-2086.483154296875,-0.0,-0.0,-0.0,-0.0,-0.0,-0.0,-0.00885009765625,-0.0075531005859375,-0.0179290771484375,-0.021514892578125,-0.0165557861328125,-0.0205230712890625,-0.010986328125,-0.0305938720703125,-0.01018524169921875,-0.0110626220703125,-0.02635955810546875,-0.02567291259765625,-0.0179290771484375,-0.016326904296875,-0.005645751953125,-0.0397491455078125,0.07476806640625,0.13671875,0.0823974609375,0.070037841796875,0.021209716796875,0.06591796875,0.05828857421875,0.35064697265625,-0.22674560546875,0.13397216796875,0.068511962890625,0.10528564453125,0.7012939453125,-0.02349853515625,-2.0867919921875,-2.52166748046875,-3.967782974243164,1.2499618530273438
127,0.0635,-0.0,-0.0,-0.0,-0.0,-0.0,-0.0,-0.0,-0.0,-0.0,-0.0,-0.0,-0.0,-1.9651340246200562,1.7126835584640503,-867.9378051757812,237966.171875,3803.1943359375,-1997.479736328125,-0.0,-0.0,-0.0,-0.0,-0.0,-0.0,-0.0023651123046875,-0.006561279296875,-0.00286102294921875,-0.00164031982421875,-0.001983642578125,-0.0045013427734375,-0.00308990478515625,-0.00640869140625,-0.0023651123046875,-0.0017547607421875,-0.00339508056640625,0.0011444091796875,-0.00568389892578125,-0.002593994140625,-0.001678466796875,-0.00621795654296875,0.09490966796875,0.11383056640625,0.084381103515625,0.067596435546875,0.126800537109375,0.074615478515625,0.20965576171875,0.208740234375,-0.09796142578125,0.18829345703125,0.09185791015625,0.11688232421875,-0.284881591796875,0.143890380859375,0.944671630859375,-2.852325439453125,-1.9876537322998047,1.2499618530273438
128,0.064,-0.0,-0.0,-0.0,-0.0,-0.0,-0.0,-0.0,-0.0,-0.0,-0.0,-0.0,-0.0,-2.395191192626953,2.194546937942505,-867.2392578125,238258.953125,3524.04345703125,-2052.4970703125,-0.0,-0.0,-0.0,-0.0,-0.0,-0.0,0.00988006591796875,0.00659942626953125,0.01827239990234375,0.02044677734375,0.01644134521484375,0.01895904541015625,0.0138092041015625,0.03231048583984375,0.00919342041015625,0.01300811767578125,0.0247955322265625,0.025634765625,0.0152587890625,0.0152587890625,0.0069427490234375,0.04047393798828125,0.101470947265625,0.078582763671875,0.056915283203125,0.08026123046875,0.100250244140625,0.064849853515625,0.18157958984375,0.1324462890625,0.35797119140625,0.19073486328125,0.125579833984375,0.08697509765625,-0.55511474609375,-0.02227783203125,3.360748291015625,3.60443115234375,8.54663372039795,1.2499618530273438
129,0.0645,-0.0,-0.0,-0.0,-0.0,-0.0,-0.0,-0.0,-0.0,-0.0,-0.0,-0.0,-0.0,-2.183441162109375,2.9352574348449707,-867.453125,238228.1875,3724.1064453125,-2001.9366455078125,-0.0,-0.0,-0.0,-0.0,-0.0,-0.0,0.0016021728515625,0.0046539306640625,0.00377655029296875,0.0048065185546875,0.0026702880859375,0.0048065185546875,0.003662109375,0.00701904296875,0.00026702880859375,0.001220703125,0.00637054443359375,0.0025177001953125,0.0057220458984375,0.00263214111328125,0.00141143798828125,0.00698089599609375,0.03936767578125,0.009002685546875,0.067138671875,0.089569091796875,0.123443603515625,0.05462646484375,0.257568359375,0.1849365234375,0.17242431640625,0.30517578125,0.08392333984375,0.040283203125,0.220947265625,0.005645751953125,0.59326171875,2.4383544921875,7.0417351722717285,1.2499618530273438
130,0.065,-0.0,-0.0,-0.0,-0.0,-0.0,-0.0,-0.0,-0.0,-0.0,-0.0,-0.0,-0.0,-2.006319522857666,3.1320908069610596,-866.9972534179688,238293.046875,3662.167236328125,-2111.349365234375,-0.0,-0.0,-0.0,-0.0,-0.0,-0.0,-0.00858306884765625,-0.00835418701171875,-0.01674652099609375,-0.02178192138671875,-0.015716552734375,-0.0201416015625,-0.010833740234375,-0.03002166748046875,-0.00946044921875,-0.0133514404296875,-0.0234222412109375,-0.0254058837890625,-0.01495361328125,-0.014190673828125,-0.0058746337890625,-0.037689208984375,0.052947998046875,0.148468017578125,0.068817138671875,0.068359375,0.048065185546875,0.091552734375,-0.09368896484375,0.0030517578125,0.14617919921875,0.1397705078125,0.04425048828125,0.05462646484375,0.820770263671875,0.281524658203125,-2.11883544921875,-1.88720703125,-4.7598347663879395,1.2499618530273438
131,0.0655,-0.0,-0.0,-0.0,-0.0,-0.0,-0.0,-0.0,-0.0,-0.0,-0.0,-0.0,-0.0,-2.783831834793091,2.8399620056152344,-867.0224609375,238441.1875,3758.146728515625,-2164.26318359375,-0.0,-0.0,-0.0,-0.0,-0.0,-0.0,-0.00324249267578125,-0.00415802001953125,-0.00232696533203125,-0.00232696533203125,-0.0030517578125,-0.00415802001953125,-0.00457763671875,-0.0054931640625,-0.001068115234375,-0.00240325927734375,-0.00553131103515625,-0.0037384033203125,-0.00919342041015625,-0.00370025634765625,-0.00225067138671875,-0.0066375732421875,0.06988525390625,0.14739990234375,0.077056884765625,0.068817138671875,0.013885498046875,0.097503662109375,0.16845703125,0.11993408203125,-0.40863037109375,-0.00335693359375,0.04913330078125,0.087890625,0.02685546875,-0.012664794921875,-1.723480224609375,-4.0142822265625,-5.235065460205078,1.2499618530273438
132,0.066,-0.0,-0.0,-0.0,-0.0,-0.0,-0.0,-0.0,-0.0,-0.0,-0.0,-0.0,-0.0,-2.3478901386260986,2.8871302604675293,-866.7030029296875,238661.28125,3773.267333984375,-2006.8897705078125,-0.0,-0.0,-0.0,-0.0,-0.0,-0.0,0.0098419189453125,0.00621795654296875,0.01800537109375,0.0231170654296875,0.014495849609375,0.02338409423828125,0.01125335693359375,0.03223419189453125,0.01087188720703125,0.0133514404296875,0.02574920654296875,0.02658843994140625,0.01918792724609375,0.01369476318359375,0.00827789306640625,0.03894805908203125,0.084228515625,0.06805419921875,0.079193115234375,0.077667236328125,0.086212158203125,0.07781982421875,0.2288818359375,0.16815185546875,1.21368408203125,-0.0750732421875,0.05767822265625,0.142059326171875,-0.61737060546875,-0.0482177734375,4.044189453125,2.5433349609375,7.120940208435059,1.2499618530273438
133,0.0665,-0.0,-0.0,-0.0,-0.0,-0.0,-0.0,-0.0,-0.0,-0.0,-0.0,-0.0,-0.0,-2.325971841812134,2.5694894790649414,-866.1139526367188,238764.921875,3688.9765625,-1979.233642578125,-0.0,-0.0,-0.0,-0.0,-0.0,-0.0,0.002899169921875,0.00560760498046875,0.0019073486328125,0.00576019287109375,0.00263214111328125,0.00492095947265625,0.0029754638671875,0.0054931640625,0.002899169921875,0.00232696533203125,0.00579833984375,0.00301361083984375,0.00888824462890625,0.0048065185546875,-0.00095367431640625,0.007476806640625,0.08758544921875,0.03265380859375,0.083465576171875,0.07843017578125,0.0653076171875,0.07781982421875,0.1519775390625,-0.0555419921875,0.21331787109375,0.113525390625,0.107879638671875,0.088043212890625,0.060577392578125,-0.050506591796875,1.60736083984375,4.66094970703125,6.64570951461792,1.2499618530273438
134,0.067,-0.0,-0.0,-0.0,-0.0,-0.0,-0.0,-0.0,-0.0,-0.0,-0.0,-0.0,-0.0,-2.162163257598877,2.337885618209839,-867.5870361328125,238941.703125,3667.54638671875,-1922.685302734375,-0.0,-0.0,-0.0,-0.0,-0.0,-0.0,-0.0102996826171875,-0.0087738037109375,-0.01651763916015625,-0.02166748046875,-0.0131988525390625,-0.0201416015625,-0.008697509765625,-0.031890869140625,-0.0081634521484375,-0.012359619140625,-0.0243377685546875,-0.02353668212890625,-0.0167083740234375,-0.0130462646484375,-0.0060272216796875,-0.03833770751953125,0.0836181640625,0.147705078125,0.073394775390625,0.07720947265625,0.113677978515625,0.0799560546875,0.3521728515625,0.4559326171875,0.0653076171875,0.2911376953125,0.1287841796875,0.128936767578125,0.323638916015625,0.151214599609375,-1.3055419921875,-1.898345947265625,-4.99744987487793,1.2499618530273438
135,0.0675,-0.0,-0.0,-0.0,-0.0,-0.0,-0.0,-0.0,-0.0,-0.0,-0.0,-0.0,-0.0,-1.7742156982421875,1.9848228693008423,-868.2850952148438,239271.0,3787.287841796875,-1978.9010009765625,-0.0,-0.0,-0.0,-0.0,-0.0,-0.0,-0.00278472900390625,-0.006103515625,-0.00293731689453125,-0.00446319580078125,-0.002593994140625,-0.001220703125,0.0002288818359375,-0.00537872314453125,-0.00423431396484375,-0.002899169921875,-0.0028228759765625,-0.00396728515625,-0.0083160400390625,-0.0014495849609375,0.00011444091796875,-0.0066375732421875,0.07598876953125,0.05889892578125,0.07720947265625,0.0799560546875,0.1251220703125,0.08544921875,0.14617919921875,0.06805419921875,0.4144287109375,0.372314453125,0.0177001953125,0.048675537109375,-0.020751953125,0.061798095703125,-2.013702392578125,-4.782257080078125,-6.50234842300415,1.2499618530273438
136,0.068,-0.0,-0.0,-0.0,-0.0,-0.0,-0.0,-0.0,-0.0,-0.0,-0.0,-0.0,-0.0,-2.3391222953796387,1.631657600402832,-868.927978515625,239885.09375,3765.40625,-1934.0989990234375,-0.0,-0.0,-0.0,-0.0,-0.0,-0.0,0.00865936279296875,0.00720977783203125,0.01781463623046875,0.0225830078125,0.01552581787109375,0.018768310546875,0.0093841552734375,0.030670166015625,0.00972747802734375,0.01201629638671875,0.026702880859375,0.02391815185546875,0.0199127197265625,0.0121307373046875,0.0070953369140625,0.03753662109375,0.152435302734375,0.063934326171875,0.067291259765625,0.074462890625,-0.022735595703125,0.07904052734375,-0.03570556640625,0.33782958984375,0.22003173828125,-0.4876708984375,0.07080078125,-0.051727294921875,-0.574493408203125,0.0787353515625,2.679443359375,3.06427001953125,7.516966342926025,1.2499618530273438
137,0.0685,-0.0,-0.0,-0.0,-0.0,-0.0,-0.0,-0.0,-0.0,-0.0,-0.0,-0.0,-0.0,-2.600728988647461,2.16605281829834,-869.9027099609375,239939.859375,4109.466796875,-2216.70068359375,-0.0,-0.0,-0.0,-0.0,-0.0,-0.0,0.0051116943359375,0.00583648681640625,0.00308990478515625,0.0048065185546875,0.00400543212890625,0.0038909912109375,0.0054168701171875,0.00705718994140625,0.00102996826171875,0.001983642578125,0.0049591064453125,0.0067138671875,0.01087188720703125,0.00476837158203125,0.0016021728515625,0.0081634521484375,0.028228759765625,0.10833740234375,0.083770751953125,0.079193115234375,0.050506591796875,0.07537841796875,0.2203369140625,0.17181396484375,0.19805908203125,0.21881103515625,0.06988525390625,0.049591064453125,0.31158447265625,0.245208740234375,1.724700927734375,4.999847412109375,5.378426551818848,1.2499618530273438
138,0.069,-0.0,-0.0,-0.0,-0.0,-0.0,-0.0,-0.0,-0.0,-0.0,-0.0,-0.0,-0.0,-3.20772123336792,2.575399875640869,-872.4186401367188,240944.078125,4174.44873046875,-2291.79248046875,-0.0,-0.0,-0.0,-0.0,-0.0,-0.0,-0.01049041748046875,-0.00579833984375,-0.01750946044921875,-0.02063751220703125,-0.01567840576171875,-0.01667022705078125,-0.012664794921875,-0.03154754638671875,-0.009613037109375,-0.011444091796875,-0.02437591552734375,-0.02521514892578125,-0.01827239990234375,-0.01495361328125,-0.0058746337890625,-0.0395965576171875,0.022735595703125,0.04730224609375,0.0653076171875,0.0677490234375,0.073394775390625,0.070648193359375,0.2545166015625,0.0592041015625,0.5010986328125,0.02227783203125,0.094757080078125,0.090789794921875,0.582427978515625,0.11322021484375,-3.660125732421875,-2.79541015625,-4.601424217224121,1.2499618530273438
139,0.0695,-0.0,-0.0,-0.0,-0.0,-0.0,-0.0,-0.0,-0.0,-0.0,-0.0,-0.0,-0.0,-3.5661892890930176,3.0948104858398438,-873.8706665039062,241986.0,4378.37939453125,-2374.873291015625,-0.0,-0.0,-0.0,-0.0,-0.0,-0.0,-0.00102996826171875,-0.002593994140625,-0.00377655029296875,-0.00270843505859375,-0.0022125244140625,-0.00095367431640625,-0.00278472900390625,-0.0055694580078125,-0.0008392333984375,-0.0020599365234375,-0.00530242919921875,-0.00591278076171875,-0.00797271728515625,-0.00225067138671875,0.001983642578125,-0.007476806640625,0.070343017578125,0.0653076171875,0.074005126953125,0.07659912109375,0.085601806640625,0.080413818359375,0.1507568359375,0.18280029296875,0.27191162109375,0.23834228515625,0.0848388671875,0.05889892578125,0.375518798828125,0.113677978515625,-2.003173828125,-4.55291748046875,-6.977579116821289,1.2499618530273438
140,0.07,-0.0,-0.0,-0.0,-0.0,-0.0,-0.0,-0.0,-0.0,-0.0,-0.0,-0.0,-0.0,-3.236384868621826,4.034391403198242,-875.3231201171875,242164.890625,4287.90185546875,-2270.054931640625,-0.0,-0.0,-0.0,-0.0,-0.0,-0.0,0.01003265380859375,0.0051116943359375,0.01720428466796875,0.02353668212890625,0.01720428466796875,0.01956939697265625,0.0116729736328125,0.02925872802734375,0.01117706298828125,0.0113677978515625,0.02834320068359375,0.0263214111328125,0.02208709716796875,0.01514434814453125,0.00675201416015625,0.0402069091796875,0.0762939453125,0.079345703125,0.083770751953125,0.078582763671875,0.069427490234375,0.078277587890625,0.1397705078125,0.33782958984375,0.22491455078125,0.196533203125,0.081329345703125,0.09796142578125,-0.911865234375,0.08941650390625,3.71826171875,4.217376708984375,14.249405860900879,1.2499618530273438
141,0.07050000000000001,-0.0,-0.0,-0.0,-0.0,-0.0,-0.0,-0.0,-0.0,-0.0,-0.0,-0.0,-0.0,-3.6371421813964844,4.606971263885498,-878.8259887695312,242499.890625,4625.2060546875,-2364.97216796875,-0.0,-0.0,-0.0,-0.0,-0.0,-0.0,0.00087738037109375,0.00606536865234375,0.00377655029296875,0.00507354736328125,0.0026702880859375,0.00171661376953125,0.00431060791015625,0.00629425048828125,0.00293731689453125,0.00270843505859375,0.005645751953125,0.0045013427734375,0.00457763671875,0.00270843505859375,0.00087738037109375,0.008087158203125,0.089569091796875,0.0762939453125,0.078277587890625,0.07293701171875,-0.022430419921875,0.06988525390625,0.17120361328125,0.157470703125,-0.2685546875,0.17181396484375,0.097198486328125,0.121612548828125,0.12786865234375,0.023956298828125,3.222808837890625,4.2669677734375,7.200145721435547,1.2499618530273438
142,0.07100000000000001,-0.0,-0.0,-0.0,-0.0,-0.0,-0.0,-0.0,-0.0,-0.0,-0.0,-0.0,-0.0,-3.5197033882141113,5.330419063568115,-876.5967407226562,242973.78125,4963.25048828125,-2601.978271484375,-0.0,-0.0,-0.0,-0.0,-0.0,-0.0,-0.0092315673828125,-0.00820159912109375,-0.01735687255859375,-0.02292633056640625,-0.01445770263671875,-0.01953125,-0.01049041748046875,-0.03082275390625,-0.00988006591796875,-0.01132965087890625,-0.024871826171875,-0.0255584716796875,-0.02094268798828125,-0.01415252685546875,-0.00732421875,-0.03826141357421875,0.091552734375,0.03265380859375,0.08392333984375,0.068511962890625,0.051116943359375,0.07537841796875,0.1019287109375,0.0885009765625,0.4754638671875,0.172119140625,0.06805419921875,0.07843017578125,0.606842041015625,0.177459716796875,-3.34930419921875,-3.233642578125,-4.7598347663879395,1.2499618530273438
143,0.07150000000000001,-0.0,-0.0,-0.0,-0.0,-0.0,-0.0,-0.0,-0.0,-0.0,-0.0,-0.0,-0.0,-3.977546453475952,5.254106521606445,-876.7197265625,242901.5,5159.77490234375,-2631.9375,-0.0,-0.0,-0.0,-0.0,-0.0,-0.0,-0.001068115234375,-0.0038909912109375,-0.00225067138671875,-0.00469207763671875,-0.0009918212890625,-0.0019073486328125,0.00019073486328125,-0.0034332275390625,-0.00274658203125,-0.00286102294921875,-0.00461578369140625,-0.003509521484375,-0.0074005126953125,-0.002288818359375,0.0,-0.007781982421875,0.1226806640625,0.054473876953125,0.07965087890625,0.076141357421875,0.156402587890625,0.085601806640625,0.13763427734375,0.2783203125,0.5816650390625,0.15716552734375,0.079803466796875,0.0811767578125,0.248260498046875,0.17852783203125,-1.27349853515625,-4.47723388671875,-4.99744987487793,1.2499618530273438
144,0.07200000000000001,-0.0,-0.0,-0.0,-0.0,-0.0,-0.0,-0.0,-0.0,-0.0,-0.0,-0.0,-0.0,-4.478978633880615,5.490360736846924,-877.82421875,243153.359375,5415.0029296875,-2948.8271484375,-0.0,-0.0,-0.0,-0.0,-0.0,-0.0,0.01087188720703125,0.009002685546875,0.01659393310546875,0.02300262451171875,0.0144195556640625,0.020904541015625,0.00843048095703125,0.03353118896484375,0.009613037109375,0.0133514404296875,0.02727508544921875,0.02880096435546875,0.02254486083984375,0.01346588134765625,0.00942230224609375,0.03818511962890625,0.03570556640625,0.0830078125,0.06195068359375,0.076141357421875,0.27923583984375,0.07965087890625,0.1971435546875,0.12298583984375,0.17364501953125,0.155029296875,0.091705322265625,0.0897216796875,-0.492095947265625,0.105743408203125,4.82879638671875,4.329833984375,6.328888893127441,1.2499618530273438
145,0.0725,-0.0,-0.0,-0.0,-0.0,-0.0,-0.0,-0.0,-0.0,-0.0,-0.0,-0.0,-0.0,-4.65652322769165,5.520895004272461,-876.8973999023438,242986.609375,5179.62158203125,-2874.4658203125,-0.0,-0.0,-0.0,-0.0,-0.0,-0.0,0.0048065185546875,0.003814697265625,0.00335693359375,0.006256103515625,0.00308990478515625,0.003662109375,0.00335693359375,0.0061798095703125,0.00507354736328125,0.00148773193359375,0.00507354736328125,0.00370025634765625,0.008544921875,0.00347137451171875,0.00118255615234375,0.00995635986328125,0.089569091796875,0.081939697265625,0.069732666015625,0.081939697265625,0.13916015625,0.0665283203125,0.31097412109375,0.2117919921875,0.20538330078125,0.16845703125,0.006561279296875,0.077667236328125,-0.12664794921875,0.088653564453125,1.4044189453125,4.870452880859375,7.279350757598877,1.2499618530273438
146,0.073,-0.0,-0.0,-0.0,-0.0,-0.0,-0.0,-0.0,-0.0,-0.0,-0.0,-0.0,-0.0,-4.642152309417725,5.373091220855713,-879.8665161132812,242842.21875,5153.6943359375,-2928.535400390625,-0.0,-0.0,-0.0,-0.0,-0.0,-0.0,-0.0096893310546875,-0.0052642822265625,-0.01728057861328125,-0.020904541015625,-0.01453399658203125,-0.020904541015625,-0.0109100341796875,-0.0308990478515625,-0.0101470947265625,-0.012969970703125,-0.02765655517578125,-0.02468109130859375,-0.01857757568359375,-0.013427734375,-0.0063323974609375,-0.0392913818359375,0.059814453125,0.0897216796875,0.064239501953125,0.063629150390625,0.07293701171875,0.077056884765625,-0.06805419921875,0.086669921875,-0.23681640625,0.16632080078125,0.066070556640625,0.110626220703125,0.81024169921875,0.06011962890625,-2.289581298828125,-2.713470458984375,-4.284603595733643,1.2499618530273438
147,0.0735,-0.0,-0.0,-0.0,-0.0,-0.0,-0.0,-0.0,-0.0,-0.0,-0.0,-0.0,-0.0,-4.450192928314209,5.402997016906738,-877.1842041015625,242531.09375,5202.619140625,-2943.4326171875,-0.0,-0.0,-0.0,-0.0,-0.0,-0.0,-0.0014495849609375,-0.00484466552734375,-0.00370025634765625,-0.0030517578125,-0.00213623046875,-0.00225067138671875,-0.005340576171875,-0.007171630859375,-0.001983642578125,-0.0023651123046875,-0.0064849853515625,-0.00423431396484375,-0.00469207763671875,-0.0017547607421875,-0.00087738037109375,-0.00850677490234375,0.08392333984375,0.088043212890625,0.078887939453125,0.076751708984375,0.05218505859375,0.08575439453125,0.157470703125,-0.00091552734375,0.1483154296875,0.11505126953125,0.0848388671875,0.0482177734375,0.26214599609375,-0.022125244140625,-1.409149169921875,-3.5455322265625,-5.076655387878418,1.2499618530273438
148,0.074,-0.0,-0.0,-0.0,-0.0,-0.0,-0.0,-0.0,-0.0,-0.0,-0.0,-0.0,-0.0,-4.509521484375,4.313098430633545,-878.2322387695312,242680.015625,5092.869140625,-2919.037841796875,-0.0,-0.0,-0.0,-0.0,-0.0,-0.0,0.0101470947265625,0.00591278076171875,0.01728057861328125,0.0218963623046875,0.0156402587890625,0.01857757568359375,0.01209259033203125,0.03154754638671875,0.01068115234375,0.01148223876953125,0.0269317626953125,0.030364990234375,0.01941680908203125,0.01834869384765625,0.0058746337890625,0.0405120849609375,0.050201416015625,0.0616455078125,0.0750732421875,0.07965087890625,0.047760009765625,0.0823974609375,0.1446533203125,0.35125732421875,-0.0506591796875,0.07965087890625,0.08148193359375,-0.017242431640625,-0.911102294921875,-0.053253173828125,4.999847412109375,3.961639404296875,6.328888893127441,1.2499618530273438
149,0.0745,-0.0,-0.0,-0.0,-0.0,-0.0,-0.0,-0.0,-0.0,-0.0,-0.0,-0.0,-0.0,-4.243347644805908,3.635894298553467,-881.4334106445312,242928.875,4924.13916015625,-2854.78125,-0.0,-0.0,-0.0,-0.0,-0.0,-0.0,0.00179290771484375,0.00469207763671875,0.00446319580078125,0.00370025634765625,0.0031280517578125,0.00240325927734375,0.00301361083984375,0.0046539306640625,0.0012969970703125,0.00244140625,0.007476806640625,0.00362396240234375,0.00614166259765625,0.00335693359375,0.00156402587890625,0.0070953369140625,0.07232666015625,-0.01861572265625,0.073089599609375,0.08209228515625,0.04241943359375,0.0701904296875,0.16204833984375,0.15289306640625,0.26611328125,0.1177978515625,0.06500244140625,0.03662109375,0.013885498046875,0.0146484375,1.103973388671875,3.899993896484375,5.7744526863098145,1.2499618530273438
150,0.075,-0.0,-0.0,-0.0,-0.0,-0.0,-0.0,-0.0,-0.0,-0.0,-0.0,-0.0,-0.0,-4.080696105957031,2.899852991104126,-881.4337768554688,242914.40625,4749.08203125,-2746.132080078125,-0.0,-0.0,-0.0,-0.0,-0.0,-0.0,-0.008392333984375,-0.01125335693359375,-0.0164031982421875,-0.0231170654296875,-0.0146484375,-0.0201416015625,-0.01033782958984375,-0.0319671630859375,-0.009002685546875,-0.012664794921875,-0.026092529296875,-0.02597808837890625,-0.01972198486328125,-0.014801025390625,-0.00553131103515625,-0.0382232666015625,0.07354736328125,0.08056640625,0.062408447265625,0.076141357421875,0.06927490234375,0.079803466796875,0.1483154296875,0.09368896484375,0.08758544921875,0.20477294921875,0.05401611328125,0.107269287109375,0.336151123046875,-0.037994384765625,-3.037567138671875,-3.08746337890625,-3.0965261459350586,1.2499618530273438
151,0.0755,-0.0,-0.0,-0.0,-0.0,-0.0,-0.0,-0.0,-0.0,-0.0,-0.0,-0.0,-0.0,-3.859271764755249,1.2810155153274536,-882.3033447265625,242718.65625,4868.31591796875,-2657.46875,-0.0,-0.0,-0.0,-0.0,-0.0,-0.0,-0.00164031982421875,-0.0002288818359375,-0.002593994140625,-0.00339508056640625,-0.00255584716796875,-0.00598907470703125,-0.00362396240234375,-0.00675201416015625,0.00213623046875,-0.00213623046875,-0.00274658203125,-0.00171661376953125,-0.0057220458984375,-0.00225067138671875,-0.001983642578125,-0.00766754150390625,0.081787109375,0.068511962890625,0.074005126953125,0.07904052734375,0.02960205078125,0.084381103515625,0.0634765625,0.0006103515625,-0.57159423828125,0.1324462890625,0.072021484375,0.1336669921875,0.517578125,0.29083251953125,-0.0823974609375,-2.721405029296875,-3.809372663497925,1.2499618530273438
152,0.076,-0.0,-0.0,-0.0,-0.0,-0.0,-0.0,-0.0,-0.0,-0.0,-0.0,-0.0,-0.0,-3.6670291423797607,1.031050205230713,-883.4712524414062,242722.234375,4956.470703125,-2657.4365234375,-0.0,-0.0,-0.0,-0.0,-0.0,-0.0,0.00873565673828125,0.006866455078125,0.01911163330078125,0.0220489501953125,0.01621246337890625,0.0194549560546875,0.012054443359375,0.03002166748046875,0.01071929931640625,0.01041412353515625,0.02643585205078125,0.0255584716796875,0.01918792724609375,0.01514434814453125,0.0083160400390625,0.03993988037109375,0.18890380859375,0.08819580078125,0.085906982421875,0.072784423828125,0.055084228515625,0.08270263671875,0.2838134765625,0.13824462890625,0.03509521484375,0.1312255859375,0.079803466796875,0.127410888671875,-0.694732666015625,-0.099334716796875,2.81585693359375,2.9498291015625,-0.4827556014060974,1.2499618530273438
153,0.0765,-0.0,-0.0,-0.0,-0.0,-0.0,-0.0,-0.0,-0.0,-0.0,-0.0,-0.0,-0.0,-3.814563751220703,0.07340328395366669,-883.1270751953125,242731.21875,4822.0283203125,-2632.772705078125,-0.0,-0.0,-0.0,-0.0,-0.0,-0.0,0.002593994140625,0.00396728515625,0.00377655029296875,0.0043487548828125,0.00461578369140625,0.0037384033203125,0.0032806396484375,0.00789642333984375,0.00049591064453125,0.00095367431640625,0.005035400390625,0.0025177001953125,0.0092315673828125,0.003509521484375,0.0008392333984375,0.00743865966796875,0.015411376953125,-0.023193359375,0.0921630859375,0.07659912109375,0.071563720703125,0.070037841796875,0.1483154296875,0.37200927734375,-0.04364013671875,0.14892578125,0.1025390625,0.028533935546875,0.121612548828125,-0.0347900390625,1.40960693359375,4.400177001953125,2.685451030731201,1.2499618530273438
154,0.077,-0.0,-0.0,-0.0,-0.0,-0.0,-0.0,-0.0,-0.0,-0.0,-0.0,-0.0,-0.0,-3.7559711933135986,-0.4416084289550781,-885.3299560546875,242882.1875,4709.38427734375,-2697.175537109375,-0.0,-0.0,-0.0,-0.0,-0.0,-0.0,-0.01064300537109375,-0.00690460205078125,-0.01888275146484375,-0.02101898193359375,-0.01621246337890625,-0.0182342529296875,-0.0115203857421875,-0.02971649169921875,-0.00949859619140625,-0.0127410888671875,-0.023956298828125,-0.02895355224609375,-0.01941680908203125,-0.0148773193359375,-0.00659942626953125,-0.0390625,0.0653076171875,0.069732666015625,0.080718994140625,0.066986083984375,0.08636474609375,0.083160400390625,0.16754150390625,0.11627197265625,0.06500244140625,0.1617431640625,0.0823974609375,0.005645751953125,0.7373046875,0.243377685546875,-3.525238037109375,-3.828887939453125,-4.680629253387451,1.2499618530273438
155,0.0775,-0.0,-0.0,-0.0,-0.0,-0.0,-0.0,-0.0,-0.0,-0.0,-0.0,-0.0,-0.0,-3.771202564239502,-0.6915232539176941,-885.7380981445312,242611.265625,4660.31103515625,-2721.839599609375,-0.0,-0.0,-0.0,-0.0,-0.0,-0.0,-0.00152587890625,-0.0048828125,-0.00263214111328125,-0.00537872314453125,-0.00202178955078125,-0.0042724609375,-0.00278472900390625,-0.0052642822265625,-0.0018310546875,-0.0022125244140625,-0.005035400390625,-0.00209808349609375,-0.00637054443359375,-0.00278472900390625,0.0012969970703125,-0.00934600830078125,0.032958984375,0.10223388671875,0.058441162109375,0.074005126953125,0.076446533203125,0.08056640625,-0.0335693359375,0.1904296875,0.0482177734375,0.19134521484375,0.054168701171875,0.10711669921875,0.124053955078125,0.317230224609375,-0.02471923828125,-4.2071533203125,-3.254936456680298,1.2499618530273438
156,0.078,-0.0,-0.0,-0.0,-0.0,-0.0,-0.0,-0.0,-0.0,-0.0,-0.0,-0.0,-0.0,-3.4597206115722656,-0.6914485692977905,-886.0176391601562,242400.578125,4589.4990234375,-2598.6474609375,-0.0,-0.0,-0.0,-0.0,-0.0,-0.0,0.0099945068359375,0.0058746337890625,0.01796722412109375,0.0225067138671875,0.016632080078125,0.019683837890625,0.0110626220703125,0.030975341796875,0.00988006591796875,0.0107574462890625,0.02559661865234375,0.02750396728515625,0.0183868408203125,0.016021728515625,0.00453948974609375,0.04016876220703125,0.074005126953125,0.0897216796875,0.07476806640625,0.093841552734375,0.08636474609375,0.072784423828125,0.05615234375,0.1580810546875,0.1971435546875,0.17852783203125,0.074310302734375,0.0848388671875,-0.834808349609375,-0.062255859375,3.077850341796875,3.23486328125,7.833786964416504,1.2499618530273438
157,0.0785,-0.0,-0.0,-0.0,-0.0,-0.0,-0.0,-0.0,-0.0,-0.0,-0.0,-0.0,-0.0,-3.282299041748047,0.057990431785583496,-885.4379272460938,241996.546875,4241.79248046875,-2464.434814453125,-0.0,-0.0,-0.0,-0.0,-0.0,-0.0,0.00354766845703125,0.0051116943359375,0.005340576171875,0.00446319580078125,0.003509521484375,0.00270843505859375,0.0042724609375,0.00408172607421875,0.0040435791015625,0.003509521484375,0.00514984130859375,0.00598907470703125,0.00667572021484375,0.00164031982421875,0.001373291015625,0.00804901123046875,0.092620849609375,0.08636474609375,0.07843017578125,0.08331298828125,0.064239501953125,0.08819580078125,0.0958251953125,0.11688232421875,0.14862060546875,0.39337158203125,0.019073486328125,0.037384033203125,-0.009765625,-0.112457275390625,1.47247314453125,4.7393798828125,6.566504001617432,1.2499618530273438
158,0.079,-0.0,-0.0,-0.0,-0.0,-0.0,-0.0,-0.0,-0.0,-0.0,-0.0,-0.0,-0.0,-3.0008931159973145,0.33808010816574097,-883.7027587890625,241715.796875,4363.2685546875,-2409.94287109375,-0.0,-0.0,-0.0,-0.0,-0.0,-0.0,-0.008697509765625,-0.0063323974609375,-0.0171661376953125,-0.02170562744140625,-0.01491546630859375,-0.01861572265625,-0.01331329345703125,-0.03108978271484375,-0.00850677490234375,-0.0113677978515625,-0.0231170654296875,-0.02582550048828125,-0.01659393310546875,-0.0154876708984375,-0.00579833984375,-0.04009246826171875,0.084381103515625,0.12451171875,0.063629150390625,0.076141357421875,0.064697265625,0.096282958984375,0.14739990234375,0.13885498046875,0.1861572265625,-0.191650390625,0.078277587890625,0.080718994140625,0.5859375,0.172576904296875,-2.501220703125,-1.644744873046875,-3.809372663497925,1.2499618530273438
159,0.0795,-0.0,-0.0,-0.0,-0.0,-0.0,-0.0,-0.0,-0.0,-0.0,-0.0,-0.0,-0.0,-2.4839019775390625,0.6760109663009644,-881.4398803710938,241213.109375,3976.2275390625,-2163.06787109375,-0.0,-0.0,-0.0,-0.0,-0.0,-0.0,-0.00118255615234375,-0.00186920166015625,-0.00331878662109375,-0.003662109375,-0.0029754638671875,-0.00385284423828125,-0.00324249267578125,-0.00667572021484375,-0.0006866455078125,-0.00255584716796875,-0.00335693359375,-0.00492095947265625,-0.008697509765625,-0.00225067138671875,0.0006866455078125,-0.005645751953125,0.07659912109375,0.12786865234375,0.070953369140625,0.073394775390625,0.071563720703125,0.07293701171875,0.41595458984375,0.0811767578125,0.0933837890625,0.1947021484375,0.1031494140625,0.110931396484375,0.2227783203125,0.19683837890625,-1.64459228515625,-4.786834716796875,-7.690425872802734,1.2499618530273438
160,0.08,-0.0,-0.0,-0.0,-0.0,-0.0,-0.0,-0.0,-0.0,-0.0,-0.0,-0.0,-0.0,-2.36810564994812,0.8832168579101562,-881.6224975585938,241012.65625,4028.491943359375,-2137.270751953125,-0.0,-0.0,-0.0,-0.0,-0.0,-0.0,0.0092315673828125,0.00629425048828125,0.01750946044921875,0.01873016357421875,0.0164031982421875,0.0185394287109375,0.01251220703125,0.03025054931640625,0.01178741455078125,0.01178741455078125,0.02658843994140625,0.0264739990234375,0.0171661376953125,0.01544952392578125,0.0078582763671875,0.0411224365234375,0.052337646484375,0.09246826171875,0.0714111328125,0.07781982421875,0.07049560546875,0.062103271484375,-0.27557373046875,0.1873779296875,-0.15777587890625,0.1611328125,0.071563720703125,0.083160400390625,-0.694122314453125,0.05828857421875,3.700103759765625,2.652587890625,6.170478343963623,1.2499618530273438
161,0.0805,-0.0,-0.0,-0.0,-0.0,-0.0,-0.0,-0.0,-0.0,-0.0,-0.0,-0.0,-0.0,-2.6035077571868896,1.4553292989730835,-880.089599609375,240299.71875,3870.904052734375,-2200.457275390625,-0.0,-0.0,-0.0,-0.0,-0.0,-0.0,0.00270843505859375,0.00453948974609375,0.00431060791015625,0.0061798095703125,0.002288818359375,0.0030517578125,0.00339508056640625,0.00858306884765625,0.00347137451171875,0.001220703125,0.0061798095703125,0.00362396240234375,0.00606536865234375,0.00213623046875,0.0011444091796875,0.009613037109375,0.077056884765625,0.07476806640625,0.07415771484375,0.070343017578125,0.0921630859375,0.07720947265625,0.10467529296875,0.164794921875,0.042724609375,0.223388671875,0.0689697265625,0.10528564453125,-0.0640869140625,0.0830078125,1.64825439453125,4.381256103515625,6.012068271636963,1.2499618530273438
162,0.081,-0.0,-0.0,-0.0,-0.0,-0.0,-0.0,-0.0,-0.0,-0.0,-0.0,-0.0,-0.0,-2.129058837890625,1.9232177734375,-879.2249145507812,239994.53125,3664.280029296875,-2072.31787109375,-0.0,-0.0,-0.0,-0.0,-0.0,-0.0,-0.0087738037109375,-0.007476806640625,-0.01781463623046875,-0.0202178955078125,-0.015411376953125,-0.01922607421875,-0.01190185546875,-0.030975341796875,-0.0089263916015625,-0.0115203857421875,-0.0261688232421875,-0.02521514892578125,-0.01926422119140625,-0.0141143798828125,-0.00858306884765625,-0.0382232666015625,0.106048583984375,0.0714111328125,0.077972412109375,0.074462890625,0.087890625,0.076751708984375,0.1226806640625,0.11688232421875,0.3363037109375,0.20233154296875,0.094146728515625,0.09429931640625,0.69488525390625,0.22369384765625,-2.321319580078125,-3.200531005859375,-3.888577699661255,1.2499618530273438
163,0.0815,-0.0,-0.0,-0.0,-0.0,-0.0,-0.0,-0.0,-0.0,-0.0,-0.0,-0.0,-0.0,-1.894086480140686,2.249828815460205,-877.7672119140625,239241.078125,3560.595703125,-2056.41943359375,-0.0,-0.0,-0.0,-0.0,-0.0,-0.0,-0.001068115234375,-0.005645751953125,-0.00354766845703125,-0.003814697265625,3.814697265625e-05,-0.0022125244140625,-0.00278472900390625,-0.006256103515625,-0.00232696533203125,-0.001373291015625,-0.0066375732421875,-0.0048065185546875,-0.00667572021484375,-0.00209808349609375,-0.0020599365234375,-0.0080108642578125,0.137939453125,0.064239501953125,0.08819580078125,0.078277587890625,0.09124755859375,0.0732421875,0.20294189453125,0.15838623046875,0.34759521484375,0.1788330078125,0.088653564453125,0.029449462890625,0.09918212890625,-0.041351318359375,-2.3260498046875,-4.371185302734375,-6.819169044494629,1.2499618530273438
164,0.082,-0.0,-0.0,-0.0,-0.0,-0.0,-0.0,-0.0,-0.0,-0.0,-0.0,-0.0,-0.0,-2.2021145820617676,2.2184324264526367,-875.7133178710938,238383.234375,3426.74609375,-1831.4486083984375,-0.0,-0.0,-0.0,-0.0,-0.0,-0.0,0.01178741455078125,0.006561279296875,0.01918792724609375,0.0222015380859375,0.015869140625,0.01850128173828125,0.0103759765625,0.03082275390625,0.0099945068359375,0.01445770263671875,0.0246429443359375,0.02777099609375,0.01739501953125,0.0148773193359375,0.00598907470703125,0.0399017333984375,0.00518798828125,0.165252685546875,0.08026123046875,0.0750732421875,0.085296630859375,0.070953369140625,0.1300048828125,0.14007568359375,0.126953125,0.11383056640625,0.125274658203125,0.066375732421875,-0.83892822265625,-0.158233642578125,3.23699951171875,2.99102783203125,7.279350757598877,1.2499618530273438
165,0.0825,-0.0,-0.0,-0.0,-0.0,-0.0,-0.0,-0.0,-0.0,-0.0,-0.0,-0.0,-0.0,-2.071739673614502,2.2236690521240234,-873.453857421875,237678.578125,3385.528564453125,-1698.83447265625,-0.0,-0.0,-0.0,-0.0,-0.0,-0.0,0.0032806396484375,0.01071929931640625,0.00324249267578125,0.00446319580078125,0.003204345703125,0.00392913818359375,0.005035400390625,0.00598907470703125,0.00457763671875,0.00415802001953125,0.0091552734375,0.0040435791015625,0.0081634521484375,0.00400543212890625,0.00125885009765625,0.0081634521484375,0.07476806640625,0.026397705078125,0.065765380859375,0.081634521484375,0.087890625,0.063934326171875,0.162353515625,0.14373779296875,0.123291015625,0.1580810546875,0.126953125,0.073394775390625,0.162811279296875,0.352630615234375,2.388916015625,4.999847412109375,6.4080939292907715,1.2499618530273438
166,0.083,-0.0,-0.0,-0.0,-0.0,-0.0,-0.0,-0.0,-0.0,-0.0,-0.0,-0.0,-0.0,-2.0560848712921143,2.4516549110412598,-871.2571411132812,236884.03125,3303.334716796875,-1529.4923095703125,-0.0,-0.0,-0.0,-0.0,-0.0,-0.0,-0.00705718994140625,-0.00827789306640625,-0.01567840576171875,-0.02201080322265625,-0.01495361328125,-0.021209716796875,-0.01018524169921875,-0.0318145751953125,-0.00942230224609375,-0.0119781494140625,-0.024871826171875,-0.0252532958984375,-0.01922607421875,-0.01434326171875,-0.0096893310546875,-0.038604736328125,0.07415771484375,0.09796142578125,0.0823974609375,0.082550048828125,0.07843017578125,0.066375732421875,0.27435302734375,0.2008056640625,0.1483154296875,0.15106201171875,-0.007781982421875,0.010986328125,0.538177490234375,0.019989013671875,-2.9656982421875,-2.884063720703125,-2.700500249862671,1.2499618530273438
167,0.0835,-0.0,-0.0,-0.0,-0.0,-0.0,-0.0,-0.0,-0.0,-0.0,-0.0,-0.0,-0.0,-1.758404016494751,2.0471410751342773,-869.636474609375,236179.34375,2932.620361328125,-1607.8760986328125,-0.0,-0.0,-0.0,-0.0,-0.0,-0.0,-7.62939453125e-05,-0.0038909912109375,-0.00324249267578125,-0.00408172607421875,-0.00385284423828125,-0.0030517578125,-0.0022125244140625,-0.00461578369140625,0.00019073486328125,-0.00194549560546875,-0.00614166259765625,-0.0049591064453125,-0.0070953369140625,-0.00293731689453125,0.000457763671875,-0.00728607177734375,0.093994140625,0.081024169921875,0.07720947265625,0.0714111328125,0.08087158203125,0.0750732421875,0.1025390625,0.12420654296875,0.128173828125,0.14251708984375,0.072174072265625,0.057220458984375,0.172882080078125,-0.053863525390625,-1.106414794921875,-3.696746826171875,-4.2053985595703125,1.2499618530273438
168,0.084,-0.0,-0.0,-0.0,-0.0,-0.0,-0.0,-0.0,-0.0,-0.0,-0.0,-0.0,-0.0,-1.7583461999893188,2.192242383956909,-867.454345703125,235552.203125,2597.55712890625,-1502.946533203125,-0.0,-0.0,-0.0,-0.0,-0.0,-0.0,0.00843048095703125,0.00675201416015625,0.01743316650390625,0.0240325927734375,0.01644134521484375,0.01941680908203125,0.01064300537109375,0.0316619873046875,0.00865936279296875,0.0122833251953125,0.0257110595703125,0.0290679931640625,0.0208282470703125,0.01522064208984375,0.00682830810546875,0.03871917724609375,0.08636474609375,0.0848388671875,0.0677490234375,0.077056884765625,0.072784423828125,0.070037841796875,0.2532958984375,0.2099609375,0.04150390625,0.1654052734375,0.035400390625,0.085906982421875,-0.724945068359375,-0.037078857421875,4.823760986328125,4.576416015625,-5.076655387878418,1.2499618530273438
169,0.0845,-0.0,-0.0,-0.0,-0.0,-0.0,-0.0,-0.0,-0.0,-0.0,-0.0,-0.0,-0.0,-0.8369690179824829,1.4765092134475708,-865.9586181640625,234876.453125,2452.82275390625,-1167.75830078125,-0.0,-0.0,-0.0,-0.0,-0.0,-0.0,0.00339508056640625,0.0064849853515625,0.00274658203125,0.00396728515625,0.003204345703125,0.0038909912109375,0.00423431396484375,0.00736236572265625,0.0028228759765625,0.00232696533203125,0.00476837158203125,0.0049591064453125,0.00583648681640625,0.0048828125,0.002899169921875,0.007171630859375,0.076446533203125,0.081939697265625,0.0732421875,0.067901611328125,0.08026123046875,0.080413818359375,0.17578125,0.11444091796875,0.00732421875,0.16693115234375,0.05615234375,0.091400146484375,0.485382080078125,0.169525146484375,2.245635986328125,2.958221435546875,6.091273307800293,1.2499618530273438
170,0.085,-0.0,-0.0,-0.0,-0.0,-0.0,-0.0,-0.0,-0.0,-0.0,-0.0,-0.0,-0.0,-0.5394657850265503,1.7346032857894897,-864.3390502929688,234488.953125,2464.18896484375,-1102.8577880859375,-0.0,-0.0,-0.0,-0.0,-0.0,-0.0,-0.00835418701171875,-0.00812530517578125,-0.01766204833984375,-0.02227783203125,-0.01617431640625,-0.0164794921875,-0.0124359130859375,-0.03055572509765625,-0.01041412353515625,-0.00965118408203125,-0.02590179443359375,-0.02742767333984375,-0.019683837890625,-0.0136566162109375,-0.0081634521484375,-0.0385284423828125,0.086212158203125,0.0775146484375,0.074005126953125,0.075225830078125,0.080718994140625,0.078277587890625,0.11260986328125,0.1495361328125,0.6976318359375,0.1495361328125,0.09857177734375,0.090179443359375,0.5377197265625,0.047607421875,-3.984832763671875,-3.180389404296875,-5.710296630859375,1.2499618530273438
171,0.0855,-0.0,-0.0,-0.0,-0.0,-0.0,-0.0,-0.0,-0.0,-0.0,-0.0,-0.0,-0.0,-0.01602569967508316,1.2439143657684326,-862.8798217773438,233987.921875,1725.1353759765625,-873.5401000976562,-0.0,-0.0,-0.0,-0.0,-0.0,-0.0,-0.00339508056640625,-0.00728607177734375,-0.00293731689453125,-0.00255584716796875,-0.002899169921875,-0.003204345703125,-0.00209808349609375,-0.00667572021484375,-0.003662109375,-0.0032806396484375,-0.0048828125,-0.00186920166015625,-0.0058746337890625,-0.00331878662109375,-0.0016021728515625,-0.007476806640625,0.15869140625,0.0750732421875,0.074462890625,0.072784423828125,0.07781982421875,0.07904052734375,0.21240234375,0.1458740234375,0.0848388671875,0.152587890625,0.085601806640625,0.1068115234375,-0.164794921875,0.085906982421875,-0.721588134765625,-3.260345458984375,-5.789501667022705,1.2499618530273438
172,0.08600000000000001,-0.0,-0.0,-0.0,-0.0,-0.0,-0.0,-0.0,-0.0,-0.0,-0.0,-0.0,-0.0,0.5644660592079163,0.5780202746391296,-862.4678955078125,233652.046875,1863.1617431640625,-684.4691772460938,-0.0,-0.0,-0.0,-0.0,-0.0,-0.0,0.00827789306640625,0.01117706298828125,0.01705169677734375,0.02170562744140625,0.0167083740234375,0.01949310302734375,0.0101470947265625,0.03063201904296875,0.01178741455078125,0.01071929931640625,0.02964019775390625,0.0260162353515625,0.021820068359375,0.01399993896484375,0.00629425048828125,0.03719329833984375,0.018310546875,0.074310302734375,0.08148193359375,0.082550048828125,0.084686279296875,0.074005126953125,0.15045166015625,0.1544189453125,0.2984619140625,0.1275634765625,0.0689697265625,0.089569091796875,-0.44219970703125,0.306396484375,4.423370361328125,4.999847412109375,7.358555793762207,1.2499618530273438
173,0.08650000000000001,-0.0,-0.0,-0.0,-0.0,-0.0,-0.0,-0.0,-0.0,-0.0,-0.0,-0.0,-0.0,0.8871078491210938,0.14446787536144257,-862.848388671875,233280.046875,1812.2708740234375,-430.8388366699219,-0.0,-0.0,-0.0,-0.0,-0.0,-0.0,-7.62939453125e-05,0.0045013427734375,0.0031280517578125,0.00457763671875,0.0041961669921875,0.00438690185546875,0.00408172607421875,0.0067901611328125,0.0002288818359375,0.0011444091796875,0.0049591064453125,0.00324249267578125,0.00606536865234375,0.00377655029296875,0.00057220458984375,0.006866455078125,0.049896240234375,0.07843017578125,0.078277587890625,0.080413818359375,0.076446533203125,0.062408447265625,0.2117919921875,0.17730712890625,-0.42327880859375,0.25787353515625,0.08636474609375,0.10040283203125,0.06591796875,0.001220703125,0.419921875,2.71697998046875,7.358555793762207,1.2499618530273438
174,0.08700000000000001,-0.0,-0.0,-0.0,-0.0,-0.0,-0.0,-0.0,-0.0,-0.0,-0.0,-0.0,-0.0,0.7582847476005554,-0.7626383304595947,-860.5645751953125,232776.828125,1624.7783203125,-468.8620910644531,-0.0,-0.0,-0.0,-0.0,-0.0,-0.0,-0.01026153564453125,-0.005035400390625,-0.0167083740234375,-0.0212860107421875,-0.01483917236328125,-0.0182342529296875,-0.0116729736328125,-0.03131866455078125,-0.00988006591796875,-0.012969970703125,-0.02685546875,-0.025634765625,-0.0188446044921875,-0.01277923583984375,-0.00774383544921875,-0.03864288330078125,0.084991455078125,0.040435791015625,0.08575439453125,0.0689697265625,0.059356689453125,0.092315673828125,0.108642578125,0.11444091796875,0.52459716796875,0.01678466796875,0.09613037109375,0.1202392578125,0.98602294921875,-0.108489990234375,-3.16375732421875,-2.86285400390625,-5.314270973205566,1.2499618530273438
175,0.08750000000000001,-0.0,-0.0,-0.0,-0.0,-0.0,-0.0,-0.0,-0.0,-0.0,-0.0,-0.0,-0.0,0.789461076259613,-2.0711112022399902,-861.6421508789062,232567.4375,1811.8170166015625,-480.03125,-0.0,-0.0,-0.0,-0.0,-0.0,-0.0,-0.00308990478515625,-0.0032806396484375,-0.00202178955078125,-0.00316619873046875,-0.00293731689453125,-0.0045013427734375,-0.0038909912109375,-0.00659942626953125,-0.00080108642578125,-0.00335693359375,-0.00583648681640625,-7.62939453125e-05,-0.0045013427734375,-0.00331878662109375,-0.0022125244140625,-0.0078582763671875,0.068206787109375,0.04852294921875,0.057525634765625,0.083465576171875,0.070953369140625,0.069580078125,0.0775146484375,0.1361083984375,0.18035888671875,-0.22247314453125,0.06561279296875,0.084991455078125,0.142974853515625,-0.04302978515625,0.411834716796875,-1.98760986328125,-4.680629253387451,1.2499618530273438
176,0.088,-0.0,-0.0,-0.0,-0.0,-0.0,-0.0,-0.0,-0.0,-0.0,-0.0,-0.0,-0.0,0.08871078491210938,-2.3521642684936523,-859.9970092773438,232527.921875,1968.5113525390625,-688.2686157226562,-0.0,-0.0,-0.0,-0.0,-0.0,-0.0,0.0092315673828125,0.00499725341796875,0.0174713134765625,0.0220489501953125,0.01739501953125,0.01995086669921875,0.0124359130859375,0.0316619873046875,0.0096893310546875,0.01178741455078125,0.0270843505859375,0.0275421142578125,0.01850128173828125,0.015716552734375,0.00812530517578125,0.03936767578125,0.069122314453125,-0.008392333984375,0.055694580078125,0.076141357421875,0.082855224609375,0.082244873046875,0.242919921875,0.1312255859375,-0.04119873046875,0.1104736328125,0.086669921875,0.032806396484375,-0.945892333984375,0.01953125,4.999847412109375,3.30047607421875,7.437760829925537,1.2499618530273438
177,0.0885,-0.0,-0.0,-0.0,-0.0,-0.0,-0.0,-0.0,-0.0,-0.0,-0.0,-0.0,-0.0,-0.4435539245605469,-2.384685516357422,-861.6686401367188,232621.28125,1760.5006103515625,-680.9061889648438,-0.0,-0.0,-0.0,-0.0,-0.0,-0.0,0.00263214111328125,0.00522613525390625,0.00522613525390625,0.00553131103515625,0.0020599365234375,0.00293731689453125,0.0034332275390625,0.00640869140625,0.00080108642578125,0.00377655029296875,0.00823974609375,0.00339508056640625,0.0051116943359375,0.00125885009765625,0.001068115234375,0.00804901123046875,0.0860595703125,0.19256591796875,0.067596435546875,0.07659912109375,0.070343017578125,0.0750732421875,0.0390625,-0.00518798828125,-0.09124755859375,0.24383544921875,0.057220458984375,-0.00885009765625,0.101318359375,0.1171875,0.94818115234375,2.753448486328125,6.80411958694458,1.2499618530273438
178,0.089,-0.0,-0.0,-0.0,-0.0,-0.0,-0.0,-0.0,-0.0,-0.0,-0.0,-0.0,-0.0,-1.0480806827545166,-2.0869672298431396,-861.4218139648438,232951.921875,2153.7294921875,-976.8510131835938,-0.0,-0.0,-0.0,-0.0,-0.0,-0.0,-0.00942230224609375,-0.008697509765625,-0.0164031982421875,-0.02040863037109375,-0.01628875732421875,-0.0164794921875,-0.01186370849609375,-0.02971649169921875,-0.01102447509765625,-0.01102447509765625,-0.0243377685546875,-0.02704620361328125,-0.0176239013671875,-0.01575469970703125,-0.00347137451171875,-0.04016876220703125,0.086669921875,0.001220703125,0.083770751953125,0.08544921875,0.08331298828125,0.092315673828125,0.11383056640625,0.38116455078125,0.3076171875,0.20477294921875,0.087738037109375,0.090789794921875,0.474853515625,0.1739501953125,-3.239593505859375,-3.032989501953125,-7.690425872802734,1.2499618530273438
179,0.0895,-0.0,-0.0,-0.0,-0.0,-0.0,-0.0,-0.0,-0.0,-0.0,-0.0,-0.0,-0.0,-1.6194790601730347,-1.6493752002716064,-862.6237182617188,233163.359375,2012.715576171875,-1058.43701171875,-0.0,-0.0,-0.0,-0.0,-0.0,-0.0,-0.0026702880859375,-0.00274658203125,-0.00362396240234375,-0.00408172607421875,-0.0020599365234375,-0.00274658203125,-0.00293731689453125,-0.006103515625,-0.00034332275390625,-0.00244140625,-0.00354766845703125,-0.0020599365234375,-0.0028228759765625,-0.00209808349609375,-0.0014495849609375,-0.00820159912109375,0.080413818359375,-0.080108642578125,0.07965087890625,0.073699951171875,0.09490966796875,0.084075927734375,0.12237548828125,0.06072998046875,0.14312744140625,0.14129638671875,0.259246826171875,0.103759765625,0.2130126953125,0.180511474609375,0.415191650390625,-2.31170654296875,-4.9182448387146,1.2499618530273438
180,0.09,-0.0,-0.0,-0.0,-0.0,-0.0,-0.0,-0.0,-0.0,-0.0,-0.0,-0.0,-0.0,-1.7576342821121216,-1.5790598392486572,-863.6934204101562,233866.140625,2110.917236328125,-1171.57861328125,-0.0,-0.0,-0.0,-0.0,-0.0,-0.0,0.01079559326171875,0.00385284423828125,0.0168609619140625,0.02368927001953125,0.01728057861328125,0.021514892578125,0.00919342041015625,0.0318145751953125,0.00942230224609375,0.01251220703125,0.024261474609375,0.02376556396484375,0.01949310302734375,0.01415252685546875,0.00797271728515625,0.0406646728515625,0.053558349609375,0.08331298828125,0.07598876953125,0.07049560546875,0.085601806640625,0.046234130859375,0.20599365234375,0.286865234375,0.26336669921875,0.14739990234375,-0.00152587890625,0.07354736328125,-0.973663330078125,-0.195770263671875,2.590484619140625,3.10821533203125,7.120940208435059,1.2499618530273438
181,0.0905,-0.0,-0.0,-0.0,-0.0,-0.0,-0.0,-0.0,-0.0,-0.0,-0.0,-0.0,-0.0,-1.8739500045776367,-0.49125683307647705,-865.546875,234120.671875,1930.466552734375,-1256.5916748046875,-0.0,-0.0,-0.0,-0.0,-0.0,-0.0,0.00293731689453125,0.00782012939453125,0.0031280517578125,0.006256103515625,0.00438690185546875,0.00431060791015625,0.002899169921875,0.00469207763671875,0.002593994140625,0.001983642578125,0.0072479248046875,0.0029754638671875,0.00579833984375,0.00308990478515625,-0.00156402587890625,0.0080108642578125,0.07080078125,0.08270263671875,0.08270263671875,0.062408447265625,0.045623779296875,0.076446533203125,0.0970458984375,0.0787353515625,0.167236328125,0.16326904296875,-0.05615234375,0.096893310546875,0.559234619140625,0.17547607421875,0.587921142578125,1.963653564453125,9.101070404052734,1.2499618530273438
182,0.091,-0.0,-0.0,-0.0,-0.0,-0.0,-0.0,-0.0,-0.0,-0.0,-0.0,-0.0,-0.0,-1.9516372680664062,0.05510754883289337,-867.030029296875,234735.25,1915.647216796875,-1365.9197998046875,-0.0,-0.0,-0.0,-0.0,-0.0,-0.0,-0.00980377197265625,-0.0078582763671875,-0.01781463623046875,-0.02071380615234375,-0.01659393310546875,-0.01880645751953125,-0.01140594482421875,-0.03101348876953125,-0.01056671142578125,-0.0115966796875,-0.02532958984375,-0.02597808837890625,-0.0170135498046875,-0.01373291015625,-0.00598907470703125,-0.04001617431640625,0.059356689453125,0.04058837890625,0.079193115234375,0.087738037109375,0.061492919921875,0.076751708984375,0.018310546875,-0.15380859375,0.16448974609375,-0.03204345703125,-0.03509521484375,0.035400390625,0.62713623046875,0.041961669921875,-3.218536376953125,-3.070831298828125,-4.2053985595703125,1.2499618530273438
183,0.0915,-0.0,-0.0,-0.0,-0.0,-0.0,-0.0,-0.0,-0.0,-0.0,-0.0,-0.0,-0.0,-1.4311929941177368,0.5299301147460938,-869.5582275390625,235506.78125,1715.6148681640625,-1193.047607421875,-0.0,-0.0,-0.0,-0.0,-0.0,-0.0,-0.00324249267578125,-0.00606536865234375,-0.0009918212890625,-0.0038909912109375,-0.00064849853515625,-0.0034332275390625,-0.003204345703125,-0.00637054443359375,-0.0032806396484375,-0.001068115234375,-0.0051116943359375,0.001220703125,-0.00537872314453125,-0.00202178955078125,-0.00095367431640625,-0.00827789306640625,0.05035400390625,0.072479248046875,0.073394775390625,0.065460205078125,0.08697509765625,0.0921630859375,0.12725830078125,0.71075439453125,0.1165771484375,0.2508544921875,0.076751708984375,0.027618408203125,-0.095977783203125,0.00244140625,0.774078369140625,-2.96356201171875,-6.6607584953308105,1.2499618530273438
184,0.092,-0.0,-0.0,-0.0,-0.0,-0.0,-0.0,-0.0,-0.0,-0.0,-0.0,-0.0,-0.0,-0.9422262907028198,0.8116176724433899,-870.868896484375,235979.15625,1503.958984375,-1122.0810546875,-0.0,-0.0,-0.0,-0.0,-0.0,-0.0,0.00797271728515625,0.0063323974609375,0.0174713134765625,0.0231170654296875,0.01674652099609375,0.0193023681640625,0.01220703125,0.0305938720703125,0.01079559326171875,0.01125335693359375,0.02712249755859375,0.0247955322265625,0.02101898193359375,0.0152587890625,0.009002685546875,0.0388336181640625,0.087432861328125,0.055084228515625,0.070343017578125,0.06256103515625,0.0689697265625,0.07415771484375,0.25299072265625,0.028076171875,0.11749267578125,0.20721435546875,0.127410888671875,0.090179443359375,-0.838470458984375,-0.063934326171875,3.40545654296875,4.03228759765625,6.4080939292907715,1.2499618530273438
185,0.0925,-0.0,-0.0,-0.0,-0.0,-0.0,-0.0,-0.0,-0.0,-0.0,-0.0,-0.0,-0.0,-0.5491012334823608,1.2577745914459229,-874.0105590820312,236493.96875,1296.907958984375,-882.8480834960938,-0.0,-0.0,-0.0,-0.0,-0.0,-0.0,0.00049591064453125,0.00591278076171875,0.00339508056640625,0.0052642822265625,0.00579833984375,0.004119873046875,0.00591278076171875,0.00598907470703125,0.0005340576171875,0.00217437744140625,0.00576019287109375,0.00354766845703125,0.002593994140625,0.002899169921875,-0.0018310546875,0.00823974609375,0.08544921875,0.063934326171875,0.071258544921875,0.073089599609375,0.072784423828125,0.074462890625,0.252685546875,0.5413818359375,0.137939453125,0.201416015625,0.117645263671875,0.157012939453125,0.24322509765625,0.036163330078125,0.311126708984375,2.4774169921875,6.487298965454102,1.2499618530273438
186,0.093,-0.0,-0.0,-0.0,-0.0,-0.0,-0.0,-0.0,-0.0,-0.0,-0.0,-0.0,-0.0,0.2492208480834961,1.3121230602264404,-874.1425170898438,237035.171875,994.7754516601562,-866.79052734375,-0.0,-0.0,-0.0,-0.0,-0.0,-0.0,-0.0064849853515625,-0.00904083251953125,-0.0151824951171875,-0.021209716796875,-0.0171661376953125,-0.01911163330078125,-0.01071929931640625,-0.030670166015625,-0.0102996826171875,-0.01064300537109375,-0.0235748291015625,-0.0235748291015625,-0.0141143798828125,-0.01461029052734375,-0.0066375732421875,-0.0386810302734375,0.075836181640625,0.08697509765625,0.08392333984375,0.070953369140625,0.07659912109375,0.059051513671875,0.07354736328125,0.140380859375,0.14923095703125,0.3521728515625,0.100555419921875,0.12603759765625,0.622711181640625,0.4412841796875,-2.673797607421875,-1.598968505859375,-5.076655387878418,1.2499618530273438
187,0.0935,-0.0,-0.0,-0.0,-0.0,-0.0,-0.0,-0.0,-0.0,-0.0,-0.0,-0.0,-0.0,0.426584929227829,1.3962523937225342,-874.9739990234375,237003.0,957.5609130859375,-674.64794921875,-0.0,-0.0,-0.0,-0.0,-0.0,-0.0,-0.00217437744140625,-0.00827789306640625,-0.00392913818359375,-0.00263214111328125,-0.00331878662109375,-0.00408172607421875,-0.0028228759765625,-0.0072479248046875,-0.00324249267578125,-0.003662109375,-0.0041961669921875,-0.00396728515625,-0.00247955322265625,-0.00270843505859375,-0.00133514404296875,-0.00782012939453125,0.0836181640625,0.080413818359375,0.07843017578125,0.0921630859375,0.086822509765625,0.0787353515625,0.11932373046875,-0.04302978515625,-0.23773193359375,0.218505859375,0.069122314453125,0.004425048828125,-0.164642333984375,0.12939453125,-1.067352294921875,-2.515411376953125,-6.819169044494629,1.2499618530273438
188,0.094,-0.0,-0.0,-0.0,-0.0,-0.0,-0.0,-0.0,-0.0,-0.0,-0.0,-0.0,-0.0,0.6209754943847656,1.497992992401123,-875.18896484375,237635.140625,666.130126953125,-694.0167846679688,-0.0,-0.0,-0.0,-0.0,-0.0,-0.0,0.00926971435546875,0.008697509765625,0.0167083740234375,0.0215911865234375,0.0189971923828125,0.01949310302734375,0.009765625,0.030975341796875,0.0101470947265625,0.012359619140625,0.023193359375,0.02628326416015625,0.01953125,0.014495849609375,0.00789642333984375,0.03711700439453125,0.086517333984375,0.060577392578125,0.074462890625,0.069580078125,0.076141357421875,0.06744384765625,0.11505126953125,0.18890380859375,-0.13702392578125,0.00701904296875,0.088653564453125,0.01617431640625,-0.53863525390625,-0.2899169921875,3.80584716796875,3.936920166015625,7.200145721435547,1.2499618530273438
189,0.0945,-0.0,-0.0,-0.0,-0.0,-0.0,-0.0,-0.0,-0.0,-0.0,-0.0,-0.0,-0.0,0.709686279296875,1.644092082977295,-875.3231201171875,237561.0625,458.498291015625,-681.3505859375,-0.0,-0.0,-0.0,-0.0,-0.0,-0.0,0.002288818359375,0.0067138671875,0.00469207763671875,0.005950927734375,0.002593994140625,0.0063323974609375,0.00347137451171875,0.00652313232421875,0.0006866455078125,0.0048065185546875,0.00568389892578125,0.00576019287109375,0.00591278076171875,0.0018310546875,0.00072479248046875,0.00705718994140625,0.211029052734375,0.103302001953125,0.095062255859375,0.064849853515625,0.08270263671875,0.078125,0.08087158203125,0.1416015625,0.5950927734375,0.1409912109375,0.085906982421875,0.084075927734375,0.321807861328125,0.045166015625,1.230926513671875,2.8704833984375,5.457632064819336,1.2499618530273438
190,0.095,-0.0,-0.0,-0.0,-0.0,-0.0,-0.0,-0.0,-0.0,-0.0,-0.0,-0.0,-0.0,0.740972101688385,1.4472813606262207,-877.01318359375,237583.5625,181.11293029785156,-443.0632019042969,-0.0,-0.0,-0.0,-0.0,-0.0,-0.0,-0.007781982421875,-0.01010894775390625,-0.0140380859375,-0.0212860107421875,-0.01556396484375,-0.018768310546875,-0.0112152099609375,-0.03170013427734375,-0.01007080078125,-0.01155853271484375,-0.0260162353515625,-0.0225830078125,-0.01674652099609375,-0.01430511474609375,-0.00652313232421875,-0.0385284423828125,0.00885009765625,0.08026123046875,0.08026123046875,0.0653076171875,0.07843017578125,0.071258544921875,0.1904296875,0.24658203125,0.10650634765625,0.096435546875,0.1025390625,0.07171630859375,0.50506591796875,0.1416015625,-1.95953369140625,-2.6593017578125,-6.0271172523498535,1.2499618530273438
191,0.0955,-0.0,-0.0,-0.0,-0.0,-0.0,-0.0,-0.0,-0.0,-0.0,-0.0,-0.0,-0.0,1.441838026046753,1.251032829284668,-875.1094970703125,237582.359375,103.18738555908203,-539.2443237304688,-0.0,-0.0,-0.0,-0.0,-0.0,-0.0,-0.00255584716796875,-0.0032806396484375,-0.0028228759765625,-0.002288818359375,-0.00278472900390625,-0.0037384033203125,-0.00377655029296875,-0.00797271728515625,-0.00072479248046875,-0.0023651123046875,-0.00484466552734375,-0.0020599365234375,-0.00579833984375,-0.0017547607421875,-0.00186920166015625,-0.0079345703125,0.0042724609375,0.0811767578125,0.058135986328125,0.085601806640625,0.0921630859375,0.074462890625,0.2642822265625,0.16510009765625,0.29876708984375,0.20355224609375,0.15655517578125,0.10162353515625,0.100555419921875,-0.114898681640625,-0.389556884765625,-2.905426025390625,-4.2053985595703125,1.2499618530273438
192,0.096,-0.0,-0.0,-0.0,-0.0,-0.0,-0.0,-0.0,-0.0,-0.0,-0.0,-0.0,-0.0,1.0817875862121582,1.4818768501281738,-875.2551879882812,237437.5625,341.8921813964844,-574.012939453125,-0.0,-0.0,-0.0,-0.0,-0.0,-0.0,0.01018524169921875,0.00827789306640625,0.01834869384765625,0.02262115478515625,0.01735687255859375,0.0201416015625,0.0119781494140625,0.029754638671875,0.009765625,0.0109100341796875,0.02704620361328125,0.0262451171875,0.01880645751953125,0.01644134521484375,0.00759124755859375,0.0396728515625,0.075836181640625,0.099639892578125,0.060577392578125,0.078582763671875,0.050811767578125,0.07171630859375,0.31524658203125,0.16754150390625,0.2069091796875,0.24627685546875,0.001678466796875,0.09490966796875,-0.702972412109375,-0.00213623046875,3.5443115234375,3.583526611328125,8.15060806274414,1.2499618530273438
193,0.0965,-0.0,-0.0,-0.0,-0.0,-0.0,-0.0,-0.0,-0.0,-0.0,-0.0,-0.0,-0.0,0.9044069051742554,1.6264424324035645,-875.2637329101562,237350.59375,97.81019592285156,-734.0191650390625,-0.0,-0.0,-0.0,-0.0,-0.0,-0.0,0.0022125244140625,0.0075531005859375,0.00263214111328125,0.0028228759765625,0.0048828125,0.00225067138671875,0.00335693359375,0.0070953369140625,0.00377655029296875,0.0028228759765625,0.00698089599609375,0.0,0.00667572021484375,0.00453948974609375,0.00171661376953125,0.00732421875,0.07354736328125,0.077362060546875,0.08270263671875,0.0830078125,0.05859375,0.087738037109375,0.029296875,0.08758544921875,-0.23895263671875,0.26580810546875,0.000457763671875,0.09979248046875,0.319976806640625,0.35064697265625,0.90301513671875,4.142608642578125,-0.8787814378738403,1.2499618530273438
194,0.097,-0.0,-0.0,-0.0,-0.0,-0.0,-0.0,-0.0,-0.0,-0.0,-0.0,-0.0,-0.0,0.8523597717285156,1.9968031644821167,-875.9603271484375,237037.734375,422.56341552734375,-735.2933959960938,-0.0,-0.0,-0.0,-0.0,-0.0,-0.0,-0.0084686279296875,-0.01285552978515625,-0.0160980224609375,-0.0225830078125,-0.016937255859375,-0.01766204833984375,-0.01102447509765625,-0.03093719482421875,-0.0103759765625,-0.01155853271484375,-0.0266265869140625,-0.02704620361328125,-0.017547607421875,-0.01445770263671875,-0.00499725341796875,-0.0394439697265625,0.08148193359375,0.071563720703125,0.07659912109375,0.07476806640625,0.077362060546875,0.084075927734375,0.13885498046875,0.14495849609375,0.40313720703125,-0.1104736328125,0.05706787109375,0.14556884765625,0.32440185546875,0.1483154296875,-3.062591552734375,-2.855224609375,-7.611220359802246,1.2499618530273438
195,0.0975,-0.0,-0.0,-0.0,-0.0,-0.0,-0.0,-0.0,-0.0,-0.0,-0.0,-0.0,-0.0,0.5861119031906128,1.9430770874023438,-875.3292236328125,237187.75,67.77796173095703,-680.8436279296875,-0.0,-0.0,-0.0,-0.0,-0.0,-0.0,-0.00148773193359375,-0.003662109375,-0.00278472900390625,-0.00396728515625,-0.00335693359375,-0.0040435791015625,-0.0023651123046875,-0.006103515625,-0.0006103515625,-0.0038909912109375,-0.0052642822265625,-0.00644683837890625,-0.00392913818359375,-0.00270843505859375,-0.0002288818359375,-0.00644683837890625,0.093231201171875,0.1348876953125,0.077972412109375,0.074462890625,-0.040740966796875,0.07843017578125,0.16571044921875,0.15625,0.162353515625,0.07110595703125,0.09735107421875,0.0567626953125,0.207366943359375,0.0054931640625,-1.406707763671875,-2.35992431640625,-5.551886081695557,1.2499618530273438
196,0.098,-0.0,-0.0,-0.0,-0.0,-0.0,-0.0,-0.0,-0.0,-0.0,-0.0,-0.0,-0.0,0.21125832200050354,1.9616787433624268,-873.9219360351562,237197.578125,186.96571350097656,-800.2805786132812,-0.0,-0.0,-0.0,-0.0,-0.0,-0.0,0.00942230224609375,0.0084686279296875,0.0156402587890625,0.02300262451171875,0.01739501953125,0.02155303955078125,0.0112152099609375,0.03185272216796875,0.01026153564453125,0.0124359130859375,0.02849578857421875,0.02593994140625,0.0208282470703125,0.01430511474609375,0.0086212158203125,0.03936767578125,0.09002685546875,0.091400146484375,0.08270263671875,0.079193115234375,0.090789794921875,0.078582763671875,0.1611328125,0.130615234375,0.28228759765625,0.19775390625,0.10589599609375,-0.02197265625,-0.713348388671875,0.1007080078125,4.140167236328125,4.30694580078125,7.6753764152526855,1.2499618530273438
197,0.0985,-0.0,-0.0,-0.0,-0.0,-0.0,-0.0,-0.0,-0.0,-0.0,-0.0,-0.0,-0.0,0.9036827087402344,1.1297427415847778,-874.624755859375,236900.96875,-66.67771911621094,-639.6184692382812,-0.0,-0.0,-0.0,-0.0,-0.0,-0.0,0.00347137451171875,0.00583648681640625,0.0048065185546875,0.005340576171875,0.003662109375,0.0034332275390625,0.0037384033203125,0.007781982421875,0.00156402587890625,0.00274658203125,0.00823974609375,0.0067901611328125,0.0046539306640625,0.0006103515625,0.0034332275390625,0.008392333984375,0.09246826171875,0.09063720703125,0.07049560546875,0.079193115234375,0.010986328125,0.069580078125,0.14404296875,0.01617431640625,0.123291015625,0.19012451171875,0.074310302734375,0.007171630859375,0.19073486328125,0.23406982421875,2.525634765625,2.504425048828125,6.328888893127441,1.2499618530273438
198,0.099,-0.0,-0.0,-0.0,-0.0,-0.0,-0.0,-0.0,-0.0,-0.0,-0.0,-0.0,-0.0,1.0286349058151245,0.9000643491744995,-873.9957885742188,236926.3125,-93.6971435546875,-669.3099365234375,-0.0,-0.0,-0.0,-0.0,-0.0,-0.0,-0.0083160400390625,-0.01155853271484375,-0.015716552734375,-0.0212860107421875,-0.0146484375,-0.020599365234375,-0.0107574462890625,-0.02994537353515625,-0.00873565673828125,-0.013580322265625,-0.02597808837890625,-0.02567291259765625,-0.0185394287109375,-0.01384735107421875,-0.00644683837890625,-0.0389862060546875,0.06744384765625,0.0738525390625,0.08453369140625,0.086212158203125,-0.039520263671875,0.074462890625,0.19073486328125,0.41168212890625,0.128173828125,0.1873779296875,0.077972412109375,0.060577392578125,0.51116943359375,0.084228515625,-3.15765380859375,-2.845306396484375,-5.472681045532227,1.2499618530273438
199,0.0995,-0.0,-0.0,-0.0,-0.0,-0.0,-0.0,-0.0,-0.0,-0.0,-0.0,-0.0,-0.0,1.1178793907165527,0.8656139969825745,-875.1827392578125,236836.578125,-193.06382751464844,-663.4182739257812,-0.0,-0.0,-0.0,-0.0,-0.0,-0.0,-0.00164031982421875,-0.0063323974609375,-0.00240325927734375,-0.00476837158203125,-0.00522613525390625,-0.00308990478515625,-0.0032806396484375,-0.0042724609375,-0.00164031982421875,-0.001678466796875,-0.0057220458984375,-0.00484466552734375,-0.00675201416015625,-0.00335693359375,0.00049591064453125,-0.00640869140625,0.062103271484375,0.026092529296875,0.074920654296875,0.08026123046875,0.217132568359375,0.073394775390625,0.1629638671875,0.21575927734375,-0.01556396484375,0.13427734375,0.06256103515625,0.08636474609375,-0.039520263671875,-0.0909423828125,-0.49407958984375,-2.647857666015625,-4.680629253387451,1.2499618530273438
200,0.1,-0.0,-0.0,-0.0,-0.0,-0.0,-0.0,-0.0,-0.0,-0.0,-0.0,-0.0,-0.0,1.0999715328216553,0.3710351586341858,-875.2533569335938,236639.65625,-438.3081970214844,-651.7322998046875,-0.0,-0.0,-0.0,-0.0,-0.0,-0.0,0.0083160400390625,0.01087188720703125,0.01659393310546875,0.02338409423828125,0.0165557861328125,0.02063751220703125,0.012969970703125,0.03093719482421875,0.01010894775390625,0.009765625,0.02773284912109375,0.02613067626953125,0.023040771484375,0.0141143798828125,0.0078582763671875,0.0383758544921875,0.08148193359375,0.054779052734375,0.06317138671875,0.08331298828125,0.132598876953125,0.070648193359375,0.16632080078125,0.03448486328125,0.5224609375,0.181884765625,0.09490966796875,0.122528076171875,-0.353851318359375,0.01617431640625,3.833770751953125,4.98016357421875,6.883325099945068,1.2499618530273438
201,0.1005,-0.0,-0.0,-0.0,-0.0,-0.0,-0.0,-0.0,-0.0,-0.0,-0.0,-0.0,-0.0,2.1468212604522705,-0.8831157684326172,-874.9739990234375,236590.046875,-624.6786499023438,-473.3561096191406,-0.0,-0.0,-0.0,-0.0,-0.0,-0.0,0.00274658203125,0.0055694580078125,0.00209808349609375,0.00385284423828125,0.00377655029296875,0.0049591064453125,0.004730224609375,0.0079345703125,0.003814697265625,0.00202178955078125,0.0060272216796875,0.00057220458984375,0.0046539306640625,0.00446319580078125,0.0023651123046875,0.0083160400390625,0.09979248046875,0.084228515625,0.083770751953125,0.07293701171875,0.09124755859375,0.096282958984375,0.1336669921875,0.06317138671875,0.374755859375,0.12176513671875,0.089111328125,0.138397216796875,0.250244140625,0.054473876953125,-0.56640625,2.840118408203125,6.170478343963623,1.2499618530273438
202,0.101,-0.0,-0.0,-0.0,-0.0,-0.0,-0.0,-0.0,-0.0,-0.0,-0.0,-0.0,-0.0,2.501262903213501,-1.7131561040878296,-875.9530639648438,236663.03125,-558.5697021484375,-301.26129150390625,-0.0,-0.0,-0.0,-0.0,-0.0,-0.0,-0.010223388671875,-0.00644683837890625,-0.0162506103515625,-0.02178192138671875,-0.0151824951171875,-0.0197601318359375,-0.0122833251953125,-0.03093719482421875,-0.01129150390625,-0.0115966796875,-0.0257110595703125,-0.0266265869140625,-0.02048492431640625,-0.0159454345703125,-0.00560760498046875,-0.04001617431640625,0.1068115234375,0.052947998046875,0.081634521484375,0.075836181640625,0.06805419921875,0.075836181640625,-0.12176513671875,0.34912109375,0.01617431640625,0.12847900390625,0.083160400390625,0.042266845703125,0.8050537109375,0.003814697265625,-4.132232666015625,-3.967742919921875,-6.185527801513672,1.2499618530273438
203,0.1015,-0.0,-0.0,-0.0,-0.0,-0.0,-0.0,-0.0,-0.0,-0.0,-0.0,-0.0,-0.0,2.3601651191711426,-2.2971243858337402,-876.232666015625,236722.140625,-682.295166015625,-259.8973693847656,-0.0,-0.0,-0.0,-0.0,-0.0,-0.0,-0.0014495849609375,-0.00457763671875,-0.0031280517578125,-0.00499725341796875,-0.00347137451171875,-0.00263214111328125,-0.00225067138671875,-0.00457763671875,-0.00255584716796875,-0.0045013427734375,-0.0051116943359375,-0.00171661376953125,-0.00553131103515625,-0.0026702880859375,0.001068115234375,-0.0075531005859375,0.084075927734375,0.220947265625,0.055084228515625,0.06744384765625,0.06195068359375,0.081024169921875,0.05645751953125,0.0390625,0.15045166015625,0.13702392578125,0.059051513671875,0.053253173828125,-0.02655029296875,0.094757080078125,0.078125,-2.7984619140625,-5.710296630859375,1.2499618530273438
204,0.10200000000000001,-0.0,-0.0,-0.0,-0.0,-0.0,-0.0,-0.0,-0.0,-0.0,-0.0,-0.0,-0.0,1.8988662958145142,-3.4087636470794678,-878.7483520507812,236614.203125,-1045.1112060546875,-414.43115234375,-0.0,-0.0,-0.0,-0.0,-0.0,-0.0,0.0092315673828125,0.0064849853515625,0.01598358154296875,0.02468109130859375,0.01804351806640625,0.019073486328125,0.01171112060546875,0.03025054931640625,0.009002685546875,0.0096893310546875,0.02841949462890625,0.02986907958984375,0.02307891845703125,0.01506805419921875,0.0072479248046875,0.0396728515625,0.1727294921875,0.00579833984375,0.06744384765625,0.084075927734375,0.055389404296875,0.070648193359375,0.18402099609375,0.18585205078125,0.0946044921875,0.0946044921875,0.0933837890625,0.055084228515625,-0.9112548828125,0.096282958984375,4.999847412109375,3.9111328125,5.695247173309326,1.2499618530273438
205,0.10250000000000001,-0.0,-0.0,-0.0,-0.0,-0.0,-0.0,-0.0,-0.0,-0.0,-0.0,-0.0,-0.0,1.68416166305542,-4.152456760406494,-880.97509765625,236484.765625,-1102.85986328125,-509.7190856933594,-0.0,-0.0,-0.0,-0.0,-0.0,-0.0,0.003509521484375,0.004425048828125,0.0031280517578125,0.00484466552734375,0.0063323974609375,0.0038909912109375,0.00507354736328125,0.00675201416015625,0.0019073486328125,0.00301361083984375,0.004119873046875,0.00476837158203125,0.00518798828125,0.00385284423828125,0.00095367431640625,0.006866455078125,-0.07293701171875,0.144500732421875,0.07568359375,0.066680908203125,0.060272216796875,0.065460205078125,0.06591796875,0.26031494140625,0.10223388671875,0.235595703125,0.06622314453125,0.0799560546875,0.25970458984375,-0.09857177734375,0.673065185546875,3.320465087890625,6.72491455078125,1.2499618530273438
206,0.10300000000000001,-0.0,-0.0,-0.0,-0.0,-0.0,-0.0,-0.0,-0.0,-0.0,-0.0,-0.0,-0.0,1.2435002326965332,-5.933983325958252,-879.0927734375,236227.359375,-1196.752685546875,-463.6927185058594,-0.0,-0.0,-0.0,-0.0,-0.0,-0.0,-0.00904083251953125,-0.00980377197265625,-0.01758575439453125,-0.020904541015625,-0.01811981201171875,-0.01819610595703125,-0.01102447509765625,-0.029449462890625,-0.00804901123046875,-0.012054443359375,-0.0264739990234375,-0.02735137939453125,-0.0173187255859375,-0.01575469970703125,-0.0038909912109375,-0.03963470458984375,0.03326416015625,0.09124755859375,0.065460205078125,0.086212158203125,0.066070556640625,0.058135986328125,0.29754638671875,0.1708984375,0.152587890625,0.1910400390625,0.06134033203125,0.104522705078125,0.68267822265625,0.067901611328125,-3.212127685546875,-2.793426513671875,-0.95798659324646,1.2499618530273438
207,0.10350000000000001,-0.0,-0.0,-0.0,-0.0,-0.0,-0.0,-0.0,-0.0,-0.0,-0.0,-0.0,-0.0,1.2056970596313477,-6.927102088928223,-880.766845703125,236320.109375,-1070.0882568359375,-516.6702270507812,-0.0,-0.0,-0.0,-0.0,-0.0,-0.0,-0.0019073486328125,-0.0023651123046875,-0.00335693359375,-0.0048828125,-0.00339508056640625,-0.00396728515625,-0.00041961669921875,-0.00499725341796875,-0.00087738037109375,-0.0029754638671875,-0.0045013427734375,-0.00385284423828125,-0.00316619873046875,-0.00213623046875,-0.00091552734375,-0.00606536865234375,0.083770751953125,0.05126953125,0.076446533203125,0.07354736328125,0.06134033203125,0.0897216796875,0.0836181640625,0.0982666015625,0.15380859375,0.3338623046875,0.140228271484375,0.111236572265625,0.267486572265625,0.191650390625,0.09063720703125,-1.50421142578125,-3.7301673889160156,1.2499618530273438
208,0.10400000000000001,-0.0,-0.0,-0.0,-0.0,-0.0,-0.0,-0.0,-0.0,-0.0,-0.0,-0.0,-0.0,0.7642408609390259,-7.808518409729004,-879.4501342773438,236420.28125,-957.4286499023438,-558.9757690429688,-0.0,-0.0,-0.0,-0.0,-0.0,-0.0,0.00858306884765625,0.0052642822265625,0.01697540283203125,0.02117156982421875,0.01583099365234375,0.02010345458984375,0.00988006591796875,0.031280517578125,0.00885009765625,0.01129150390625,0.02574920654296875,0.0254058837890625,0.017547607421875,0.013885498046875,0.007781982421875,0.0391387939453125,0.1043701171875,0.149078369140625,0.075531005859375,0.08087158203125,0.067291259765625,0.089874267578125,0.15838623046875,0.0555419921875,0.11474609375,-0.10406494140625,-0.02410888671875,0.073089599609375,-0.8978271484375,-0.071868896484375,3.206329345703125,3.95294189453125,7.279350757598877,1.2499618530273438
209,0.1045,-0.0,-0.0,-0.0,-0.0,-0.0,-0.0,-0.0,-0.0,-0.0,-0.0,-0.0,-0.0,0.38887500762939453,-7.933215618133545,-878.9580688476562,236020.640625,-872.4657592773438,-731.9595336914062,-0.0,-0.0,-0.0,-0.0,-0.0,-0.0,0.00110626220703125,0.0067901611328125,0.00324249267578125,0.00518798828125,0.00446319580078125,0.00469207763671875,0.0025177001953125,0.00606536865234375,0.00064849853515625,0.00156402587890625,0.00698089599609375,0.00247955322265625,0.00423431396484375,0.00362396240234375,0.0006866455078125,0.00720977783203125,0.092926025390625,0.096435546875,0.077056884765625,0.080108642578125,0.0732421875,0.07354736328125,0.2874755859375,0.19744873046875,0.0836181640625,-0.0341796875,0.02716064453125,0.061798095703125,0.49224853515625,0.0592041015625,0.396575927734375,1.93267822265625,10.922788619995117,1.2499618530273438
210,0.105,-0.0,-0.0,-0.0,-0.0,-0.0,-0.0,-0.0,-0.0,-0.0,-0.0,-0.0,-0.0,0.214024156332016,-8.05549430847168,-880.5604248046875,236450.0625,-404.39752197265625,-690.2865600585938,-0.0,-0.0,-0.0,-0.0,-0.0,-0.0,-0.00965118408203125,-0.0103759765625,-0.01766204833984375,-0.02197265625,-0.0159454345703125,-0.01956939697265625,-0.00904083251953125,-0.030517578125,-0.00759124755859375,-0.01220703125,-0.0254058837890625,-0.0257110595703125,-0.0179290771484375,-0.01384735107421875,-0.00759124755859375,-0.0368499755859375,0.072784423828125,0.0762939453125,0.078277587890625,0.076751708984375,0.107421875,0.0592041015625,0.113525390625,0.12176513671875,0.1239013671875,0.159912109375,0.086517333984375,0.104522705078125,0.412750244140625,0.135345458984375,-2.591400146484375,-2.14019775390625,-5.314270973205566,1.2499618530273438
211,0.1055,-0.0,-0.0,-0.0,-0.0,-0.0,-0.0,-0.0,-0.0,-0.0,-0.0,-0.0,-0.0,0.3884768486022949,-7.8575592041015625,-879.717529296875,236636.671875,-396.98760986328125,-671.7142333984375,-0.0,-0.0,-0.0,-0.0,-0.0,-0.0,-0.0009918212890625,-0.0055694580078125,-0.00385284423828125,-0.00415802001953125,-0.0018310546875,-0.00377655029296875,-0.0032806396484375,-0.00392913818359375,-0.00049591064453125,-0.0012969970703125,-0.0051116943359375,-0.001678466796875,-0.00499725341796875,-0.00240325927734375,0.00030517578125,-0.00659942626953125,0.07598876953125,0.0604248046875,0.078887939453125,0.079498291015625,0.06988525390625,0.07843017578125,0.15777587890625,0.1702880859375,-0.05401611328125,0.0537109375,0.219573974609375,0.142364501953125,0.013427734375,0.227813720703125,0.810089111328125,-3.609619140625,-6.264732837677002,1.2499618530273438
212,0.106,-0.0,-0.0,-0.0,-0.0,-0.0,-0.0,-0.0,-0.0,-0.0,-0.0,-0.0,-0.0,0.17742156982421875,-7.7023396492004395,-880.415283203125,237024.8125,-280.2941589355469,-595.1110229492188,-0.0,-0.0,-0.0,-0.0,-0.0,-0.0,0.0086212158203125,0.008087158203125,0.01689910888671875,0.0235748291015625,0.015411376953125,0.020599365234375,0.0113677978515625,0.0315093994140625,0.01033782958984375,0.0122833251953125,0.02559661865234375,0.026092529296875,0.0196075439453125,0.01598358154296875,0.007476806640625,0.04001617431640625,0.1239013671875,0.06103515625,0.083770751953125,0.064849853515625,0.03509521484375,0.086517333984375,0.2313232421875,0.1287841796875,-0.01434326171875,0.03204345703125,0.08636474609375,0.0439453125,-0.742950439453125,0.037384033203125,4.117279052734375,3.638153076171875,6.328888893127441,1.2499618530273438
213,0.1065,-0.0,-0.0,-0.0,-0.0,-0.0,-0.0,-0.0,-0.0,-0.0,-0.0,-0.0,-0.0,-0.32155629992485046,-6.5394511222839355,-880.4149780273438,237026.5625,53.15589904785156,-757.0709228515625,-0.0,-0.0,-0.0,-0.0,-0.0,-0.0,0.00247955322265625,0.0026702880859375,0.00438690185546875,0.00579833984375,0.0030517578125,0.00339508056640625,0.003204345703125,0.0042724609375,0.00049591064453125,0.002593994140625,0.0049591064453125,0.006561279296875,0.0090789794921875,0.00263214111328125,-0.00087738037109375,0.00675201416015625,0.07110595703125,0.01251220703125,0.07843017578125,0.075836181640625,0.09185791015625,0.078582763671875,0.1171875,0.07781982421875,0.09674072265625,0.23773193359375,-0.13580322265625,-0.023040771484375,-0.053558349609375,-0.062408447265625,2.209320068359375,4.894866943359375,6.883325099945068,1.2499618530273438
214,0.107,-0.0,-0.0,-0.0,-0.0,-0.0,-0.0,-0.0,-0.0,-0.0,-0.0,-0.0,-0.0,-0.03703048825263977,-5.75934362411499,-880.0078125,237615.8125,151.1607208251953,-827.1835327148438,-0.0,-0.0,-0.0,-0.0,-0.0,-0.0,-0.008087158203125,-0.00701904296875,-0.0165557861328125,-0.02117156982421875,-0.0157928466796875,-0.0201416015625,-0.0101470947265625,-0.03253936767578125,-0.009002685546875,-0.01331329345703125,-0.0241851806640625,-0.02750396728515625,-0.01766204833984375,-0.0147247314453125,-0.00736236572265625,-0.0376129150390625,0.0506591796875,0.094451904296875,0.070343017578125,0.0714111328125,0.082855224609375,0.095062255859375,0.10467529296875,0.128173828125,0.3448486328125,0.19378662109375,0.012664794921875,0.027008056640625,0.803985595703125,0.339508056640625,-3.372802734375,-2.551422119140625,-4.99744987487793,1.2499618530273438
215,0.1075,-0.0,-0.0,-0.0,-0.0,-0.0,-0.0,-0.0,-0.0,-0.0,-0.0,-0.0,-0.0,0.2475421279668808,-4.6070146560668945,-879.862060546875,237882.09375,341.326904296875,-789.4904174804688,-0.0,-0.0,-0.0,-0.0,-0.0,-0.0,-0.0016021728515625,-0.00324249267578125,-0.00156402587890625,-0.0032806396484375,-0.0031280517578125,-0.0043487548828125,-0.0032806396484375,-0.005645751953125,-0.0029754638671875,-0.0014495849609375,-0.0054168701171875,-0.0014495849609375,-0.00797271728515625,-0.0028228759765625,-0.0009918212890625,-0.00820159912109375,0.0677490234375,0.09368896484375,0.073394775390625,0.0732421875,0.03936767578125,0.07781982421875,0.28961181640625,0.19683837890625,0.16845703125,0.1177978515625,0.07843017578125,0.07843017578125,0.1934814453125,-0.006561279296875,-1.29974365234375,-4.510345458984375,-6.5815534591674805,1.2499618530273438
216,0.108,-0.0,-0.0,-0.0,-0.0,-0.0,-0.0,-0.0,-0.0,-0.0,-0.0,-0.0,-0.0,0.4949687719345093,-3.1610145568847656,-880.4869995117188,238382.859375,275.4702453613281,-682.7238159179688,-0.0,-0.0,-0.0,-0.0,-0.0,-0.0,0.010528564453125,0.0077056884765625,0.0173187255859375,0.0220489501953125,0.01590728759765625,0.0189971923828125,0.0109100341796875,0.0312042236328125,0.01178741455078125,0.01163482666015625,0.02727508544921875,0.025177001953125,0.02193450927734375,0.01468658447265625,0.00682830810546875,0.039215087890625,0.07720947265625,0.077362060546875,0.0628662109375,0.07659912109375,0.06195068359375,0.07659912109375,0.0970458984375,0.00579833984375,0.07965087890625,0.1361083984375,0.11505126953125,0.1190185546875,-0.569305419921875,-0.07415771484375,3.303375244140625,4.02069091796875,7.5961713790893555,1.2499618530273438
217,0.1085,-0.0,-0.0,-0.0,-0.0,-0.0,-0.0,-0.0,-0.0,-0.0,-0.0,-0.0,-0.0,0.5883297920227051,-1.9105745553970337,-881.460693359375,238866.796875,277.83062744140625,-775.9991455078125,-0.0,-0.0,-0.0,-0.0,-0.0,-0.0,0.00186920166015625,0.0043487548828125,0.0045013427734375,0.00644683837890625,0.0038909912109375,0.00446319580078125,0.003662109375,0.00701904296875,0.0029754638671875,0.0026702880859375,0.00751495361328125,0.006103515625,0.00843048095703125,0.001220703125,0.00049591064453125,0.00885009765625,0.0750732421875,0.07476806640625,0.072174072265625,0.083770751953125,0.068511962890625,0.07049560546875,0.0811767578125,0.4571533203125,0.2197265625,0.09033203125,0.144195556640625,0.108795166015625,-0.016326904296875,0.140533447265625,1.792449951171875,4.999847412109375,5.299221515655518,1.2499618530273438
218,0.109,-0.0,-0.0,-0.0,-0.0,-0.0,-0.0,-0.0,-0.0,-0.0,-0.0,-0.0,-0.0,0.709686279296875,0.17155984044075012,-881.0572509765625,239321.171875,241.771240234375,-645.7862548828125,-0.0,-0.0,-0.0,-0.0,-0.0,-0.0,-0.0089263916015625,-0.00789642333984375,-0.016021728515625,-0.0217437744140625,-0.01617431640625,-0.01979827880859375,-0.01270294189453125,-0.03223419189453125,-0.00881195068359375,-0.0107574462890625,-0.02681732177734375,-0.02223968505859375,-0.0213623046875,-0.01338958740234375,-0.00835418701171875,-0.04058837890625,0.08636474609375,0.073089599609375,0.093231201171875,0.07781982421875,0.094451904296875,0.069122314453125,0.169677734375,0.17486572265625,0.1123046875,0.184326171875,0.095977783203125,0.12451171875,0.45928955078125,0.0994873046875,-1.712646484375,-2.66937255859375,-3.254936456680298,1.2499618530273438
219,0.1095,-0.0,-0.0,-0.0,-0.0,-0.0,-0.0,-0.0,-0.0,-0.0,-0.0,-0.0,-0.0,0.4946231245994568,1.255241870880127,-882.2320556640625,239828.1875,459.44287109375,-670.8187255859375,-0.0,-0.0,-0.0,-0.0,-0.0,-0.0,-0.0011444091796875,-0.00461578369140625,-0.0019073486328125,-0.0029754638671875,-0.00347137451171875,-0.006256103515625,-0.0043487548828125,-0.006866455078125,-0.00213623046875,-0.0018310546875,-0.0048828125,-0.003814697265625,-0.0083160400390625,-0.0042724609375,-0.0006103515625,-0.006866455078125,0.06072998046875,0.103607177734375,0.073699951171875,0.076446533203125,0.090789794921875,0.06744384765625,0.14801025390625,0.13916015625,-0.27557373046875,0.19317626953125,0.067901611328125,0.0335693359375,0.12603759765625,-0.032501220703125,-1.775054931640625,-4.290313720703125,-7.452810287475586,1.2499618530273438
220,0.11,-0.0,-0.0,-0.0,-0.0,-0.0,-0.0,-0.0,-0.0,-0.0,-0.0,-0.0,-0.0,0.31705158948898315,2.157346248626709,-881.533447265625,239923.734375,669.6461181640625,-787.5184936523438,-0.0,-0.0,-0.0,-0.0,-0.0,-0.0,0.00820159912109375,0.00701904296875,0.0156402587890625,0.02330780029296875,0.0147247314453125,0.02002716064453125,0.01186370849609375,0.03093719482421875,0.01041412353515625,0.00926971435546875,0.02765655517578125,0.024871826171875,0.02368927001953125,0.01399993896484375,0.00881195068359375,0.03986358642578125,0.05462646484375,0.11260986328125,0.04669189453125,0.06622314453125,0.092926025390625,0.077362060546875,0.10894775390625,0.1190185546875,0.184326171875,0.17425537109375,0.076446533203125,0.009307861328125,-0.628662109375,-0.1495361328125,4.451904296875,4.613189697265625,9.259480476379395,1.2499618530273438
221,0.1105,-0.0,-0.0,-0.0,-0.0,-0.0,-0.0,-0.0,-0.0,-0.0,-0.0,-0.0,-0.0,-0.5831021070480347,2.8074402809143066,-880.5838623046875,239915.25,611.0485229492188,-872.623291015625,-0.0,-0.0,-0.0,-0.0,-0.0,-0.0,0.00316619873046875,0.00591278076171875,0.003204345703125,0.0040435791015625,0.0028228759765625,0.00354766845703125,0.00537872314453125,0.0078582763671875,0.00278472900390625,0.00186920166015625,0.0083160400390625,0.0057220458984375,0.00888824462890625,0.0037384033203125,0.00209808349609375,0.009918212890625,0.097198486328125,0.094451904296875,0.078582763671875,0.067901611328125,0.09033203125,0.071258544921875,0.12115478515625,0.111083984375,0.16387939453125,0.108642578125,0.08026123046875,0.0579833984375,0.19989013671875,0.3253173828125,2.761993408203125,4.999847412109375,7.279350757598877,1.2499618530273438
222,0.111,-0.0,-0.0,-0.0,-0.0,-0.0,-0.0,-0.0,-0.0,-0.0,-0.0,-0.0,-0.0,-0.46253183484077454,2.9335103034973145,-881.0588989257812,239701.03125,584.5806884765625,-925.51513671875,-0.0,-0.0,-0.0,-0.0,-0.0,-0.0,-0.01148223876953125,-0.00743865966796875,-0.01789093017578125,-0.0200653076171875,-0.01617431640625,-0.02086639404296875,-0.01190185546875,-0.031890869140625,-0.0096893310546875,-0.0131988525390625,-0.02574920654296875,-0.02643585205078125,-0.0215911865234375,-0.01495361328125,-0.0066375732421875,-0.0395965576171875,0.048065185546875,0.103607177734375,0.07476806640625,0.070953369140625,0.08056640625,0.074310302734375,0.10284423828125,0.13641357421875,-0.2801513671875,0.22369384765625,0.174102783203125,0.0921630859375,0.608978271484375,-0.12542724609375,-3.290863037109375,-4.10797119140625,-14.73968505859375,1.2499618530273438
223,0.1115,-0.0,-0.0,-0.0,-0.0,-0.0,-0.0,-0.0,-0.0,-0.0,-0.0,-0.0,-0.0,-1.197291612625122,2.675144672393799,-880.5346069335938,239776.3125,884.404052734375,-947.2298583984375,-0.0,-0.0,-0.0,-0.0,-0.0,-0.0,-0.0008392333984375,-0.00553131103515625,-0.00164031982421875,-0.003509521484375,-0.0034332275390625,-0.00339508056640625,-0.00354766845703125,-0.00579833984375,-0.00057220458984375,0.0,-0.003814697265625,-0.0060272216796875,-0.007781982421875,-0.00423431396484375,-0.00179290771484375,-0.00774383544921875,0.09063720703125,0.08056640625,0.075531005859375,0.068359375,0.091400146484375,0.066680908203125,0.12054443359375,0.11962890625,0.87890625,0.185546875,0.035400390625,0.15899658203125,0.368804931640625,0.176239013671875,-2.37060546875,-4.7222900390625,-7.056784629821777,1.2499618530273438
224,0.112,-0.0,-0.0,-0.0,-0.0,-0.0,-0.0,-0.0,-0.0,-0.0,-0.0,-0.0,-0.0,-1.4958159923553467,2.964883327484131,-878.7393798828125,239716.296875,946.8543701171875,-1025.7711181640625,-0.0,-0.0,-0.0,-0.0,-0.0,-0.0,0.008697509765625,0.00579833984375,0.01708984375,0.02292633056640625,0.0154876708984375,0.01987457275390625,0.01056671142578125,0.0305938720703125,0.007171630859375,0.01178741455078125,0.0264739990234375,0.02613067626953125,0.0222015380859375,0.01438140869140625,0.0067138671875,0.03795623779296875,0.13427734375,0.106964111328125,0.08331298828125,0.07537841796875,0.079803466796875,0.083465576171875,0.14739990234375,-0.01434326171875,0.09918212890625,0.1177978515625,-0.02532958984375,0.055999755859375,-0.83648681640625,-0.072479248046875,3.50311279296875,4.8590087890625,6.962530136108398,1.2499618530273438
225,0.1125,-0.0,-0.0,-0.0,-0.0,-0.0,-0.0,-0.0,-0.0,-0.0,-0.0,-0.0,-0.0,-2.160313606262207,2.68778657913208,-877.5687255859375,239504.125,872.244140625,-1049.5465087890625,-0.0,-0.0,-0.0,-0.0,-0.0,-0.0,0.00244140625,0.0025177001953125,0.00423431396484375,0.00537872314453125,0.00431060791015625,0.0054168701171875,0.0025177001953125,0.00675201416015625,0.0008392333984375,0.0005340576171875,0.00896453857421875,0.00759124755859375,0.0079345703125,0.0034332275390625,0.0028228759765625,0.0084686279296875,0.00152587890625,0.083770751953125,0.07598876953125,0.07720947265625,0.078887939453125,0.093231201171875,0.29510498046875,0.3021240234375,0.0299072265625,-0.31005859375,0.07415771484375,0.003204345703125,-0.08026123046875,0.25177001953125,2.965240478515625,4.404449462890625,5.8536577224731445,1.2499618530273438
226,0.113,-0.0,-0.0,-0.0,-0.0,-0.0,-0.0,-0.0,-0.0,-0.0,-0.0,-0.0,-0.0,-2.117255926132202,2.492149829864502,-876.9639282226562,239223.734375,1322.4217529296875,-1032.684814453125,-0.0,-0.0,-0.0,-0.0,-0.0,-0.0,-0.00835418701171875,-0.01068115234375,-0.015869140625,-0.02277374267578125,-0.0148773193359375,-0.020294189453125,-0.01239776611328125,-0.03070831298828125,-0.0102996826171875,-0.01071929931640625,-0.02414703369140625,-0.0257110595703125,-0.02223968505859375,-0.01430511474609375,-0.00873565673828125,-0.03879547119140625,0.054779052734375,0.10223388671875,0.0732421875,0.064544677734375,0.081024169921875,0.064849853515625,-0.14373779296875,0.23406982421875,0.13946533203125,0.1806640625,0.091705322265625,0.07110595703125,0.456390380859375,0.167236328125,-2.8662109375,-4.32952880859375,-5.3934760093688965,1.2499618530273438
227,0.1135,-0.0,-0.0,-0.0,-0.0,-0.0,-0.0,-0.0,-0.0,-0.0,-0.0,-0.0,-0.0,-2.1868624687194824,1.8623504638671875,-876.4464111328125,238945.640625,842.6668701171875,-999.3245239257812,-0.0,-0.0,-0.0,-0.0,-0.0,-0.0,-0.00396728515625,-0.00385284423828125,-0.00255584716796875,-0.0026702880859375,-0.00362396240234375,-0.00469207763671875,-0.00213623046875,-0.00701904296875,-0.00244140625,-0.0025177001953125,-0.0052642822265625,-0.00255584716796875,-0.0090789794921875,-0.00213623046875,-0.0040435791015625,-0.007171630859375,0.078277587890625,0.092620849609375,0.064697265625,0.07110595703125,0.07537841796875,0.08453369140625,0.0347900390625,-0.0018310546875,0.13092041015625,0.16998291015625,0.085296630859375,0.075836181640625,0.1007080078125,0.068817138671875,-1.07391357421875,-4.878997802734375,-4.601424217224121,1.2499618530273438
228,0.114,-0.0,-0.0,-0.0,-0.0,-0.0,-0.0,-0.0,-0.0,-0.0,-0.0,-0.0,-0.0,-1.8015618324279785,1.3746310472488403,-876.5674438476562,238642.484375,897.2005615234375,-1009.5094604492188,-0.0,-0.0,-0.0,-0.0,-0.0,-0.0,0.010833740234375,0.00705718994140625,0.0189971923828125,0.02277374267578125,0.0164031982421875,0.018157958984375,0.012664794921875,0.03093719482421875,0.00980377197265625,0.011444091796875,0.028076171875,0.02674102783203125,0.02593994140625,0.01552581787109375,0.006866455078125,0.03955841064453125,0.084991455078125,0.09246826171875,0.091552734375,0.088348388671875,0.079803466796875,0.06744384765625,0.15380859375,0.244140625,-0.10162353515625,0.26123046875,0.087432861328125,0.092010498046875,-0.592803955078125,0.229034423828125,4.24835205078125,4.999847412109375,6.487298965454102,1.2499618530273438
229,0.1145,-0.0,-0.0,-0.0,-0.0,-0.0,-0.0,-0.0,-0.0,-0.0,-0.0,-0.0,-0.0,-2.167860507965088,0.9135911464691162,-876.37060546875,238034.359375,988.0300903320312,-854.1386108398438,-0.0,-0.0,-0.0,-0.0,-0.0,-0.0,0.00438690185546875,0.00415802001953125,0.00423431396484375,0.0063323974609375,0.0037384033203125,0.005340576171875,0.0029754638671875,0.0064849853515625,0.003204345703125,0.00278472900390625,0.0066375732421875,0.00209808349609375,0.00762939453125,0.00133514404296875,0.00179290771484375,0.008392333984375,0.117645263671875,0.06744384765625,0.07110595703125,0.077972412109375,0.0726318359375,0.076141357421875,0.24505615234375,0.2520751953125,0.560302734375,0.0726318359375,0.092010498046875,0.08636474609375,-0.24749755859375,0.158538818359375,1.163330078125,4.48822021484375,6.4080939292907715,1.2499618530273438
230,0.115,-0.0,-0.0,-0.0,-0.0,-0.0,-0.0,-0.0,-0.0,-0.0,-0.0,-0.0,-0.0,-1.981971263885498,0.8746706247329712,-873.6201782226562,237735.515625,1055.8206787109375,-835.4170532226562,-0.0,-0.0,-0.0,-0.0,-0.0,-0.0,-0.00926971435546875,-0.0054931640625,-0.01613616943359375,-0.02140045166015625,-0.0135040283203125,-0.0200653076171875,-0.01033782958984375,-0.03108978271484375,-0.0095367431640625,-0.01354217529296875,-0.02719879150390625,-0.02666473388671875,-0.0215911865234375,-0.0121307373046875,-0.00843048095703125,-0.03864288330078125,0.1251220703125,0.03143310546875,0.07049560546875,0.066986083984375,0.101318359375,0.0823974609375,0.07904052734375,0.24566650390625,0.05615234375,0.35003662109375,0.134124755859375,0.05950927734375,0.85723876953125,-0.073699951171875,-3.3563232421875,-3.907318115234375,-4.7598347663879395,1.2499618530273438
231,0.1155,-0.0,-0.0,-0.0,-0.0,-0.0,-0.0,-0.0,-0.0,-0.0,-0.0,-0.0,-0.0,-1.8629264831542969,-0.245516836643219,-872.4530029296875,238076.5625,1009.8585815429688,-845.0442504882812,-0.0,-0.0,-0.0,-0.0,-0.0,-0.0,-0.001373291015625,-0.00301361083984375,-0.00232696533203125,-0.0055694580078125,-0.0037384033203125,-0.0034332275390625,-0.00339508056640625,-0.00640869140625,-0.00133514404296875,-0.001068115234375,-0.00701904296875,-0.0046539306640625,-0.00957489013671875,-0.00255584716796875,0.0002288818359375,-0.0075531005859375,0.00946044921875,0.150909423828125,0.06591796875,0.08148193359375,0.11260986328125,0.067138671875,0.20477294921875,0.159912109375,0.16998291015625,0.1593017578125,0.05126953125,0.063934326171875,0.329132080078125,-0.09765625,-0.753631591796875,-4.299468994140625,-4.522219181060791,1.2499618530273438
232,0.116,-0.0,-0.0,-0.0,-0.0,-0.0,-0.0,-0.0,-0.0,-0.0,-0.0,-0.0,-0.0,-2.149886131286621,-1.0300039052963257,-872.6839599609375,236966.625,1356.8992919921875,-885.1663208007812,-0.0,-0.0,-0.0,-0.0,-0.0,-0.0,0.0099945068359375,0.003814697265625,0.0189971923828125,0.0229644775390625,0.01552581787109375,0.0197601318359375,0.00972747802734375,0.03070831298828125,0.0101470947265625,0.0115966796875,0.027923583984375,0.029144287109375,0.02254486083984375,0.01499176025390625,0.00637054443359375,0.0396728515625,0.072174072265625,0.15533447265625,0.06439208984375,0.085296630859375,0.053253173828125,0.088043212890625,0.12115478515625,0.1287841796875,0.06927490234375,0.0115966796875,0.1007080078125,0.112762451171875,-0.93780517578125,0.150909423828125,4.999847412109375,3.850860595703125,5.140811443328857,1.2499618530273438
233,0.1165,-0.0,-0.0,-0.0,-0.0,-0.0,-0.0,-0.0,-0.0,-0.0,-0.0,-0.0,-0.0,-2.129058837890625,-1.8649625778198242,-871.4052124023438,236954.46875,1622.8096923828125,-1004.0062866210938,-0.0,-0.0,-0.0,-0.0,-0.0,-0.0,0.00370025634765625,0.00484466552734375,0.00385284423828125,0.005340576171875,0.00186920166015625,0.003204345703125,0.0032806396484375,0.00537872314453125,0.003509521484375,0.00263214111328125,0.00545501708984375,0.0032806396484375,0.005950927734375,0.00274658203125,0.00244140625,0.007781982421875,0.071258544921875,-0.031585693359375,0.087432861328125,0.079193115234375,0.04058837890625,0.0872802734375,0.1373291015625,0.08636474609375,-0.00885009765625,0.0787353515625,0.010833740234375,0.096435546875,-0.14617919921875,0.065765380859375,1.39190673828125,4.822540283203125,6.012068271636963,1.2499618530273438
234,0.117,-0.0,-0.0,-0.0,-0.0,-0.0,-0.0,-0.0,-0.0,-0.0,-0.0,-0.0,-0.0,-2.503591537475586,-2.2963638305664062,-866.9043579101562,236336.671875,1755.838623046875,-1070.269287109375,-0.0,-0.0,-0.0,-0.0,-0.0,-0.0,-0.009307861328125,-0.00873565673828125,-0.01689910888671875,-0.02269744873046875,-0.01506805419921875,-0.0193023681640625,-0.0099945068359375,-0.03154754638671875,-0.00949859619140625,-0.01262664794921875,-0.0266265869140625,-0.02643585205078125,-0.020294189453125,-0.013580322265625,-0.00835418701171875,-0.0383758544921875,0.105438232421875,0.1019287109375,0.08026123046875,0.08209228515625,0.07049560546875,0.086212158203125,0.09765625,0.08758544921875,0.0592041015625,0.294189453125,0.063323974609375,0.10101318359375,0.61187744140625,0.088653564453125,-3.2476806640625,-2.981414794921875,-7.373605251312256,1.2499618530273438
235,0.11750000000000001,-0.0,-0.0,-0.0,-0.0,-0.0,-0.0,-0.0,-0.0,-0.0,-0.0,-0.0,-0.0,-2.2770118713378906,-1.9527556896209717,-867.2531127929688,236354.671875,1936.3602294921875,-1020.6487426757812,-0.0,-0.0,-0.0,-0.0,-0.0,-0.0,-0.001983642578125,-0.00362396240234375,-0.00469207763671875,-0.0048828125,-0.004119873046875,-0.00335693359375,-0.00118255615234375,-0.00537872314453125,-0.00186920166015625,-0.00308990478515625,-0.0045013427734375,-0.0016021728515625,-0.0038909912109375,-0.00347137451171875,-0.00026702880859375,-0.00858306884765625,0.084991455078125,-0.09185791015625,0.062713623046875,0.07415771484375,0.078887939453125,0.07232666015625,0.167236328125,-0.064697265625,0.2685546875,0.06072998046875,0.0872802734375,0.089874267578125,0.515289306640625,0.2203369140625,0.066070556640625,-2.8564453125,1.2597581148147583,1.2499618530273438
236,0.11800000000000001,-0.0,-0.0,-0.0,-0.0,-0.0,-0.0,-0.0,-0.0,-0.0,-0.0,-0.0,-0.0,-2.799100399017334,-1.618905782699585,-866.4011840820312,236489.46875,2197.840576171875,-1159.29931640625,-0.0,-0.0,-0.0,-0.0,-0.0,-0.0,0.008087158203125,0.0063323974609375,0.01773834228515625,0.0223541259765625,0.0164031982421875,0.02071380615234375,0.01056671142578125,0.03143310546875,0.00713348388671875,0.0125885009765625,0.023651123046875,0.027313232421875,0.01903533935546875,0.01537322998046875,0.007476806640625,0.040130615234375,0.114288330078125,0.074920654296875,0.062255859375,0.07965087890625,0.069427490234375,0.0732421875,-0.06805419921875,0.29998779296875,0.0677490234375,0.2899169921875,0.039520263671875,0.08148193359375,-0.84991455078125,-0.094757080078125,3.817291259765625,3.511810302734375,7.992197036743164,1.2499618530273438
237,0.11850000000000001,-0.0,-0.0,-0.0,-0.0,-0.0,-0.0,-0.0,-0.0,-0.0,-0.0,-0.0,-0.0,-3.2333147525787354,-1.3446013927459717,-867.0216674804688,236746.65625,2432.566650390625,-1366.736328125,-0.0,-0.0,-0.0,-0.0,-0.0,-0.0,0.00026702880859375,0.0054168701171875,0.0045013427734375,0.00591278076171875,0.00141143798828125,0.00553131103515625,0.00240325927734375,0.00598907470703125,0.0022125244140625,0.00232696533203125,0.00675201416015625,0.00125885009765625,0.00823974609375,0.0018310546875,0.00171661376953125,0.00835418701171875,0.063018798828125,0.10162353515625,0.066070556640625,0.081634521484375,0.094757080078125,0.06683349609375,0.37567138671875,0.0677490234375,0.28900146484375,0.21148681640625,0.079498291015625,0.04608154296875,-0.0396728515625,-0.0006103515625,0.237579345703125,4.086151123046875,6.566504001617432,1.2499618530273438
238,0.11900000000000001,-0.0,-0.0,-0.0,-0.0,-0.0,-0.0,-0.0,-0.0,-0.0,-0.0,-0.0,-0.0,-3.430722236633301,-1.1176025867462158,-868.4183959960938,236969.625,2305.55419921875,-1430.21240234375,-0.0,-0.0,-0.0,-0.0,-0.0,-0.0,-0.0098419189453125,-0.0060272216796875,-0.01739501953125,-0.0183868408203125,-0.014495849609375,-0.0179290771484375,-0.0115203857421875,-0.03185272216796875,-0.01007080078125,-0.0125885009765625,-0.0241851806640625,-0.0284576416015625,-0.018768310546875,-0.0135040283203125,-0.005950927734375,-0.03841400146484375,0.02716064453125,0.08331298828125,0.077362060546875,0.06011962890625,0.093841552734375,0.069427490234375,0.22857666015625,0.32318115234375,0.146484375,0.10894775390625,0.116424560546875,0.02899169921875,0.59600830078125,0.1812744140625,-3.88763427734375,-3.206024169921875,-3.809372663497925,1.2499618530273438
239,0.11950000000000001,-0.0,-0.0,-0.0,-0.0,-0.0,-0.0,-0.0,-0.0,-0.0,-0.0,-0.0,-0.0,-3.5971839427948,-0.401825487613678,-867.24853515625,237178.46875,2438.40283203125,-1666.787353515625,-0.0,-0.0,-0.0,-0.0,-0.0,-0.0,-0.001678466796875,-0.0019073486328125,-0.00362396240234375,-0.00553131103515625,-0.00286102294921875,-0.0031280517578125,-0.00026702880859375,-0.00606536865234375,-0.00026702880859375,-0.0034332275390625,-0.0028228759765625,-0.00453948974609375,-0.0075531005859375,-0.00225067138671875,-0.00110626220703125,-0.00732421875,0.043792724609375,0.038909912109375,0.076446533203125,0.069580078125,0.03021240234375,0.07049560546875,0.155029296875,0.18646240234375,0.11444091796875,0.196533203125,0.07965087890625,0.01007080078125,0.3070068359375,0.371856689453125,-0.3167724609375,-4.04144287109375,-6.0271172523498535,1.2499618530273438
240,0.12,-0.0,-0.0,-0.0,-0.0,-0.0,-0.0,-0.0,-0.0,-0.0,-0.0,-0.0,-0.0,-4.189443588256836,0.019948966801166534,-866.481689453125,237469.765625,2471.07861328125,-1710.0885009765625,-0.0,-0.0,-0.0,-0.0,-0.0,-0.0,0.0089263916015625,0.00701904296875,0.015716552734375,0.02246856689453125,0.016937255859375,0.01895904541015625,0.0118255615234375,0.03162384033203125,0.010223388671875,0.0118255615234375,0.02506256103515625,0.0276947021484375,0.01911163330078125,0.0160980224609375,0.00286102294921875,0.03997802734375,0.07232666015625,0.103912353515625,0.075225830078125,0.0830078125,0.07904052734375,0.077667236328125,-0.0396728515625,0.05523681640625,0.16510009765625,0.18341064453125,0.1116943359375,0.077667236328125,-0.8148193359375,-0.145721435546875,3.4808349609375,4.07073974609375,6.80411958694458,1.2499618530273438
241,0.1205,-0.0,-0.0,-0.0,-0.0,-0.0,-0.0,-0.0,-0.0,-0.0,-0.0,-0.0,-0.0,-3.822962522506714,0.9915285110473633,-867.2926025390625,237929.78125,2362.119873046875,-1690.5087890625,-0.0,-0.0,-0.0,-0.0,-0.0,-0.0,0.0019073486328125,0.00484466552734375,0.002899169921875,0.00598907470703125,0.00461578369140625,0.005645751953125,0.002899169921875,0.0069427490234375,0.00110626220703125,0.00278472900390625,0.00514984130859375,0.00568389892578125,0.0077056884765625,0.00560760498046875,0.001678466796875,0.00804901123046875,0.08392333984375,0.0775146484375,0.072784423828125,0.070953369140625,0.06378173828125,0.07659912109375,0.1568603515625,0.17822265625,0.1373291015625,-0.052490234375,0.0848388671875,0.113067626953125,-0.16448974609375,0.004425048828125,1.622467041015625,4.124908447265625,6.64570951461792,1.2499618530273438
242,0.121,-0.0,-0.0,-0.0,-0.0,-0.0,-0.0,-0.0,-0.0,-0.0,-0.0,-0.0,-0.0,-3.145183563232422,1.5496611595153809,-868.340087890625,238610.75,2548.048828125,-1656.2904052734375,-0.0,-0.0,-0.0,-0.0,-0.0,-0.0,-0.0067901611328125,-0.00736236572265625,-0.0139617919921875,-0.0213623046875,-0.014801025390625,-0.01903533935546875,-0.01110076904296875,-0.03047943115234375,-0.01049041748046875,-0.009307861328125,-0.025634765625,-0.02197265625,-0.01842498779296875,-0.01323699951171875,-0.00659942626953125,-0.03875732421875,0.084686279296875,0.075531005859375,0.085601806640625,0.070648193359375,0.131072998046875,0.0604248046875,0.26824951171875,0.1654052734375,0.1605224609375,0.23773193359375,0.067596435546875,0.10986328125,0.75775146484375,0.25299072265625,-2.582855224609375,-2.457275390625,-4.284603595733643,1.2499618530273438
243,0.1215,-0.0,-0.0,-0.0,-0.0,-0.0,-0.0,-0.0,-0.0,-0.0,-0.0,-0.0,-0.0,-3.132956027984619,2.745805501937866,-868.7201538085938,238604.90625,2464.142578125,-1655.9586181640625,-0.0,-0.0,-0.0,-0.0,-0.0,-0.0,-0.00377655029296875,-0.0035858154296875,-0.00324249267578125,-0.00507354736328125,-0.00308990478515625,-0.00186920166015625,-0.00225067138671875,-0.00682830810546875,-0.003204345703125,-0.002593994140625,-0.00408172607421875,-0.00469207763671875,-0.0057220458984375,-0.0019073486328125,-0.00148773193359375,-0.0093841552734375,0.08514404296875,0.047454833984375,0.07598876953125,0.07720947265625,0.086517333984375,0.079803466796875,-0.1123046875,0.0885009765625,0.145263671875,0.157470703125,0.087738037109375,0.072174072265625,0.33172607421875,0.09613037109375,-1.675872802734375,-3.585968017578125,-6.6607584953308105,1.2499618530273438
244,0.122,-0.0,-0.0,-0.0,-0.0,-0.0,-0.0,-0.0,-0.0,-0.0,-0.0,-0.0,-0.0,-2.7906057834625244,2.425078868865967,-869.6866455078125,239192.96875,2187.396484375,-1694.749755859375,-0.0,-0.0,-0.0,-0.0,-0.0,-0.0,0.009307861328125,0.00827789306640625,0.01735687255859375,0.0212860107421875,0.01789093017578125,0.01873016357421875,0.0119781494140625,0.0304412841796875,0.0089263916015625,0.01163482666015625,0.02429962158203125,0.0281524658203125,0.01979827880859375,0.0168609619140625,0.00370025634765625,0.0397491455078125,0.0750732421875,0.05950927734375,0.0750732421875,0.079193115234375,0.056610107421875,0.081787109375,0.06439208984375,0.1287841796875,0.17791748046875,0.01007080078125,0.106353759765625,0.072479248046875,-0.4852294921875,-0.1849365234375,3.497314453125,4.276580810546875,7.833786964416504,1.2499618530273438
245,0.1225,-0.0,-0.0,-0.0,-0.0,-0.0,-0.0,-0.0,-0.0,-0.0,-0.0,-0.0,-0.0,-2.190037250518799,3.0507850646972656,-866.485107421875,239409.015625,2439.205078125,-1490.7813720703125,-0.0,-0.0,-0.0,-0.0,-0.0,-0.0,0.00274658203125,0.00415802001953125,0.00476837158203125,0.00545501708984375,0.00423431396484375,0.00339508056640625,0.00179290771484375,0.00640869140625,0.001983642578125,0.00244140625,0.00545501708984375,0.0061798095703125,0.0090789794921875,0.00263214111328125,0.0028228759765625,0.00881195068359375,0.07843017578125,0.0726318359375,0.077972412109375,0.058746337890625,0.07171630859375,0.07537841796875,0.19439697265625,0.13946533203125,0.1483154296875,0.1953125,0.05035400390625,0.0677490234375,-0.035400390625,-0.02471923828125,2.1392822265625,4.999847412109375,6.80411958694458,1.2499618530273438
246,0.123,-0.0,-0.0,-0.0,-0.0,-0.0,-0.0,-0.0,-0.0,-0.0,-0.0,-0.0,-0.0,-1.7669726610183716,3.512589931488037,-867.75048828125,239521.890625,2145.374755859375,-1467.5234375,-0.0,-0.0,-0.0,-0.0,-0.0,-0.0,-0.00911712646484375,-0.007781982421875,-0.01728057861328125,-0.0189971923828125,-0.0152587890625,-0.01743316650390625,-0.01094818115234375,-0.030975341796875,-0.01010894775390625,-0.0122833251953125,-0.0229644775390625,-0.02559661865234375,-0.0196075439453125,-0.01392364501953125,-0.00240325927734375,-0.03955841064453125,0.12847900390625,0.084991455078125,0.0836181640625,0.072479248046875,0.04669189453125,0.058441162109375,0.27923583984375,0.18829345703125,0.1507568359375,0.19775390625,0.0604248046875,0.09002685546875,0.567474365234375,0.291900634765625,-2.47039794921875,-3.948516845703125,-3.1757311820983887,1.2499618530273438
247,0.1235,-0.0,-0.0,-0.0,-0.0,-0.0,-0.0,-0.0,-0.0,-0.0,-0.0,-0.0,-0.0,-0.9210485219955444,3.858889102935791,-866.863037109375,239598.5,1936.676513671875,-1448.698974609375,-0.0,-0.0,-0.0,-0.0,-0.0,-0.0,-0.004119873046875,-0.007171630859375,-0.00324249267578125,-0.00492095947265625,-0.00377655029296875,-0.003662109375,-0.0020599365234375,-0.0063323974609375,-0.00255584716796875,-0.0042724609375,-0.006103515625,-0.001678466796875,-0.00797271728515625,-0.00133514404296875,0.0005340576171875,-0.007781982421875,0.03997802734375,0.1220703125,0.085296630859375,0.0762939453125,0.0677490234375,0.09063720703125,0.0592041015625,0.09033203125,-0.04547119140625,0.267333984375,0.064849853515625,0.094757080078125,-0.114593505859375,-0.1318359375,-0.78704833984375,-4.08447265625,-11.254657745361328,1.2499618530273438
248,0.124,-0.0,-0.0,-0.0,-0.0,-0.0,-0.0,-0.0,-0.0,-0.0,-0.0,-0.0,-0.0,0.01342540979385376,3.9065637588500977,-865.1434936523438,239472.90625,2171.459228515625,-1336.1246337890625,-0.0,-0.0,-0.0,-0.0,-0.0,-0.0,0.01056671142578125,0.00804901123046875,0.01617431640625,0.02246856689453125,0.01621246337890625,0.02101898193359375,0.01377105712890625,0.0333404541015625,0.01190185546875,0.0135040283203125,0.02696990966796875,0.02838134765625,0.018768310546875,0.0151824951171875,0.00545501708984375,0.04016876220703125,0.0946044921875,-0.145263671875,0.089874267578125,0.086822509765625,0.09307861328125,0.075225830078125,0.12603759765625,0.15380859375,0.48828125,0.648193359375,0.1031494140625,0.07720947265625,-0.88714599609375,-0.085906982421875,4.5440673828125,3.772735595703125,9.655506134033203,1.2499618530273438
249,0.1245,-0.0,-0.0,-0.0,-0.0,-0.0,-0.0,-0.0,-0.0,-0.0,-0.0,-0.0,-0.0,0.13634014129638672,3.933574676513672,-865.1426391601562,239659.203125,1780.171875,-1274.45751953125,-0.0,-0.0,-0.0,-0.0,-0.0,-0.0,0.00209808349609375,0.00484466552734375,0.00354766845703125,0.00728607177734375,0.0032806396484375,0.00324249267578125,0.00240325927734375,0.0064849853515625,0.0016021728515625,0.00232696533203125,0.00705718994140625,0.00579833984375,0.00904083251953125,0.00152587890625,0.0011444091796875,0.00705718994140625,0.03204345703125,0.032806396484375,0.081024169921875,0.07415771484375,0.0787353515625,0.084991455078125,0.284423828125,0.09307861328125,-0.3973388671875,-0.03631591796875,0.05950927734375,0.018463134765625,0.252838134765625,0.1708984375,1.8450927734375,4.01397705078125,6.64570951461792,1.2499618530273438
250,0.125,-0.0,-0.0,-0.0,-0.0,-0.0,-0.0,-0.0,-0.0,-0.0,-0.0,-0.0,-0.0,-0.13619017601013184,4.266186714172363,-865.546875,240112.578125,1916.9285888671875,-1240.0985107421875,-0.0,-0.0,-0.0,-0.0,-0.0,-0.0,-0.010223388671875,-0.007171630859375,-0.01819610595703125,-0.02105712890625,-0.01522064208984375,-0.017547607421875,-0.00988006591796875,-0.0310516357421875,-0.00823974609375,-0.01293182373046875,-0.0251007080078125,-0.02727508544921875,-0.01857757568359375,-0.01476287841796875,-0.00652313232421875,-0.037689208984375,0.08270263671875,0.10833740234375,0.06622314453125,0.06927490234375,0.06927490234375,0.084228515625,0.23773193359375,0.3436279296875,0.6787109375,0.10589599609375,0.070343017578125,0.043792724609375,0.69244384765625,0.05462646484375,-3.542022705078125,-3.206787109375,-4.99744987487793,1.2499618530273438
251,0.1255,-0.0,-0.0,-0.0,-0.0,-0.0,-0.0,-0.0,-0.0,-0.0,-0.0,-0.0,-0.0,-0.15068121254444122,4.286630153656006,-863.69580078125,240136.15625,1719.535400390625,-1388.35498046875,-0.0,-0.0,-0.0,-0.0,-0.0,-0.0,0.0002288818359375,-0.00255584716796875,-0.0020599365234375,-0.00530242919921875,-0.00339508056640625,-0.00362396240234375,-0.003662109375,-0.00598907470703125,-0.0011444091796875,0.00011444091796875,-0.006103515625,-0.0035858154296875,-0.0063323974609375,-0.00255584716796875,0.00026702880859375,-0.0067138671875,0.065765380859375,0.113067626953125,0.061187744140625,0.08209228515625,0.07080078125,0.077667236328125,0.29266357421875,0.17364501953125,0.3179931640625,0.19927978515625,0.089874267578125,0.104827880859375,0.236663818359375,0.09765625,-0.22125244140625,-2.5140380859375,-5.235065460205078,1.2499618530273438
252,0.126,-0.0,-0.0,-0.0,-0.0,-0.0,-0.0,-0.0,-0.0,-0.0,-0.0,-0.0,-0.0,-0.4435539245605469,4.816411018371582,-865.138916015625,240503.9375,1748.4813232421875,-1436.8310546875,-0.0,-0.0,-0.0,-0.0,-0.0,-0.0,0.01178741455078125,0.00667572021484375,0.01861572265625,0.02399444580078125,0.0154876708984375,0.02109527587890625,0.010223388671875,0.03223419189453125,0.009918212890625,0.0135040283203125,0.02765655517578125,0.02712249755859375,0.02227783203125,0.01495361328125,0.0070953369140625,0.0391387939453125,0.07781982421875,-0.010223388671875,0.0567626953125,0.07659912109375,0.070648193359375,0.06591796875,0.3448486328125,0.21881103515625,0.15289306640625,0.2105712890625,0.12451171875,0.113677978515625,-0.811920166015625,-0.049285888671875,4.3255615234375,4.999847412109375,6.72491455078125,1.2499618530273438
253,0.1265,-0.0,-0.0,-0.0,-0.0,-0.0,-0.0,-0.0,-0.0,-0.0,-0.0,-0.0,-0.0,-0.4698953628540039,5.346225738525391,-864.4175415039062,240753.625,1996.9178466796875,-1504.890380859375,-0.0,-0.0,-0.0,-0.0,-0.0,-0.0,0.001220703125,0.00522613525390625,0.00568389892578125,0.00507354736328125,0.00400543212890625,0.0037384033203125,0.0040435791015625,0.00621795654296875,0.00080108642578125,0.00377655029296875,0.00736236572265625,0.00606536865234375,0.00293731689453125,0.0034332275390625,0.0014495849609375,0.008087158203125,0.07537841796875,0.078887939453125,0.067901611328125,0.071258544921875,0.101318359375,0.078582763671875,0.067138671875,0.07110595703125,0.08697509765625,0.283203125,0.197601318359375,0.08148193359375,0.22735595703125,0.220947265625,2.345428466796875,2.86285400390625,7.833786964416504,1.2499618530273438
254,0.127,-0.0,-0.0,-0.0,-0.0,-0.0,-0.0,-0.0,-0.0,-0.0,-0.0,-0.0,-0.0,-1.2836459875106812,6.322946548461914,-864.5814208984375,241429.890625,2188.140380859375,-1576.693115234375,-0.0,-0.0,-0.0,-0.0,-0.0,-0.0,-0.0096893310546875,-0.0090789794921875,-0.01659393310546875,-0.02124786376953125,-0.0154876708984375,-0.01865386962890625,-0.01293182373046875,-0.03162384033203125,-0.01129150390625,-0.0103759765625,-0.02651214599609375,-0.0260162353515625,-0.0206756591796875,-0.01354217529296875,-0.0067138671875,-0.03887176513671875,0.0830078125,0.0860595703125,0.079193115234375,0.077667236328125,0.105743408203125,0.08270263671875,0.15899658203125,0.17791748046875,0.118408203125,0.26702880859375,0.022125244140625,0.06072998046875,0.5535888671875,0.070648193359375,-4.462432861328125,-3.85650634765625,-6.0271172523498535,1.2499618530273438
255,0.1275,-0.0,-0.0,-0.0,-0.0,-0.0,-0.0,-0.0,-0.0,-0.0,-0.0,-0.0,-0.0,-2.2127487659454346,6.0475358963012695,-866.1627807617188,241970.390625,2000.3206787109375,-1884.5435791015625,-0.0,-0.0,-0.0,-0.0,-0.0,-0.0,-0.0028228759765625,-0.00652313232421875,-0.00202178955078125,-0.00530242919921875,-0.004119873046875,-0.0043487548828125,-0.00396728515625,-0.0078582763671875,-0.00225067138671875,-0.00087738037109375,-0.006866455078125,-0.00278472900390625,-0.0087738037109375,-0.00400543212890625,0.00019073486328125,-0.00736236572265625,0.0836181640625,0.0701904296875,0.081329345703125,0.08392333984375,0.114288330078125,0.09307861328125,0.07781982421875,0.0396728515625,0.07171630859375,0.0537109375,-0.07110595703125,0.02655029296875,-0.250396728515625,-0.12542724609375,-1.25396728515625,-3.66180419921875,-5.551886081695557,1.2499618530273438
256,0.128,-0.0,-0.0,-0.0,-0.0,-0.0,-0.0,-0.0,-0.0,-0.0,-0.0,-0.0,-0.0,-2.572612762451172,6.286792755126953,-867.45751953125,242253.328125,2435.669189453125,-2083.719970703125,-0.0,-0.0,-0.0,-0.0,-0.0,-0.0,0.01125335693359375,0.00934600830078125,0.01708984375,0.02201080322265625,0.016021728515625,0.019989013671875,0.012054443359375,0.03154754638671875,0.01194000244140625,0.01102447509765625,0.028533935546875,0.02777099609375,0.023193359375,0.01529693603515625,0.006256103515625,0.040130615234375,0.1031494140625,0.136260986328125,0.08056640625,0.084991455078125,0.08209228515625,0.075836181640625,0.1708984375,-0.0457763671875,0.1507568359375,0.15380859375,0.098876953125,0.081329345703125,-0.56243896484375,0.203399658203125,4.59991455078125,4.999847412109375,6.64570951461792,1.2499618530273438
257,0.1285,-0.0,-0.0,-0.0,-0.0,-0.0,-0.0,-0.0,-0.0,-0.0,-0.0,-0.0,-0.0,-3.041862964630127,6.535804748535156,-866.0613403320312,242490.59375,2344.965576171875,-2069.962158203125,-0.0,-0.0,-0.0,-0.0,-0.0,-0.0,0.003204345703125,0.00370025634765625,0.0032806396484375,0.00438690185546875,0.0063323974609375,0.00614166259765625,0.0041961669921875,0.00614166259765625,0.00125885009765625,0.00225067138671875,0.005645751953125,0.00453948974609375,0.00518798828125,0.00530242919921875,0.001983642578125,0.0066375732421875,0.056610107421875,-0.022430419921875,0.084686279296875,0.08636474609375,0.03082275390625,0.084075927734375,0.24169921875,0.63934326171875,0.12298583984375,0.13824462890625,0.069427490234375,0.101776123046875,-0.02166748046875,0.149078369140625,1.28936767578125,2.551727294921875,5.7744526863098145,1.2499618530273438
258,0.129,-0.0,-0.0,-0.0,-0.0,-0.0,-0.0,-0.0,-0.0,-0.0,-0.0,-0.0,-0.0,-3.3244588375091553,6.157158374786377,-866.8605346679688,242577.953125,2435.23828125,-2143.660400390625,-0.0,-0.0,-0.0,-0.0,-0.0,-0.0,-0.0095367431640625,-0.00820159912109375,-0.01644134521484375,-0.02117156982421875,-0.01678466796875,-0.016937255859375,-0.01068115234375,-0.030059814453125,-0.0093841552734375,-0.011444091796875,-0.02681732177734375,-0.028076171875,-0.01682281494140625,-0.0152587890625,-0.0030517578125,-0.038909912109375,0.08544921875,0.04638671875,0.079498291015625,0.069732666015625,0.074920654296875,0.08087158203125,0.16754150390625,0.19683837890625,0.09368896484375,0.16082763671875,0.080718994140625,0.159149169921875,0.748748779296875,-0.037841796875,-3.48297119140625,-3.059539794921875,-5.314270973205566,1.2499618530273438
259,0.1295,-0.0,-0.0,-0.0,-0.0,-0.0,-0.0,-0.0,-0.0,-0.0,-0.0,-0.0,-0.0,-3.2147092819213867,5.564266204833984,-867.6417236328125,243233.640625,2618.82080078125,-2249.690673828125,-0.0,-0.0,-0.0,-0.0,-0.0,-0.0,-0.00247955322265625,-0.00255584716796875,-0.00606536865234375,-0.00492095947265625,-0.00301361083984375,-0.00415802001953125,-0.00019073486328125,-0.00591278076171875,-0.00179290771484375,-0.0032806396484375,-0.0057220458984375,-0.00640869140625,-0.00431060791015625,-0.0006103515625,-0.0016021728515625,-0.0066375732421875,0.08453369140625,0.050048828125,0.06622314453125,0.06805419921875,0.069732666015625,0.075836181640625,0.10955810546875,0.0347900390625,0.20904541015625,0.21881103515625,0.100860595703125,0.030975341796875,0.233917236328125,0.052642822265625,-0.718994140625,-2.112274169921875,-4.046988010406494,1.2499618530273438
260,0.13,-0.0,-0.0,-0.0,-0.0,-0.0,-0.0,-0.0,-0.0,-0.0,-0.0,-0.0,-0.0,-3.303494930267334,5.5392537117004395,-868.0897827148438,243251.296875,2190.19775390625,-2283.76025390625,-0.0,-0.0,-0.0,-0.0,-0.0,-0.0,0.01007080078125,0.00331878662109375,0.01758575439453125,0.0240325927734375,0.016632080078125,0.02086639404296875,0.01224517822265625,0.03238677978515625,0.0079345703125,0.01190185546875,0.0263214111328125,0.02849578857421875,0.02223968505859375,0.01346588134765625,0.010223388671875,0.03871917724609375,0.016632080078125,0.0970458984375,0.07049560546875,0.093231201171875,0.074310302734375,0.072021484375,0.40771484375,0.28564453125,0.11474609375,0.23040771484375,0.078887939453125,-0.025482177734375,-1.028594970703125,0.088043212890625,4.812469482421875,4.6942138671875,3.873528480529785,1.2499618530273438
261,0.1305,-0.0,-0.0,-0.0,-0.0,-0.0,-0.0,-0.0,-0.0,-0.0,-0.0,-0.0,-0.0,-3.3248069286346436,5.500783920288086,-868.8710327148438,243552.59375,2247.39013671875,-2331.44775390625,-0.0,-0.0,-0.0,-0.0,-0.0,-0.0,0.00209808349609375,0.0054931640625,0.00286102294921875,0.0041961669921875,0.0032806396484375,0.00537872314453125,0.003814697265625,0.0064849853515625,0.0046539306640625,0.000457763671875,0.00362396240234375,0.00217437744140625,0.00701904296875,0.003814697265625,0.00072479248046875,0.00820159912109375,0.08026123046875,0.052337646484375,0.079498291015625,0.074615478515625,0.070648193359375,0.076904296875,-0.1519775390625,0.08819580078125,0.04852294921875,0.1025390625,0.080413818359375,0.064239501953125,0.348052978515625,-0.1812744140625,0.61309814453125,3.563995361328125,2.685451030731201,1.2499618530273438
262,0.131,-0.0,-0.0,-0.0,-0.0,-0.0,-0.0,-0.0,-0.0,-0.0,-0.0,-0.0,-0.0,-3.6549885272979736,4.9070281982421875,-867.9070434570312,243518.8125,1993.9263916015625,-2313.98974609375,-0.0,-0.0,-0.0,-0.0,-0.0,-0.0,-0.01117706298828125,-0.00919342041015625,-0.01728057861328125,-0.0229644775390625,-0.015716552734375,-0.0179290771484375,-0.01071929931640625,-0.03108978271484375,-0.008697509765625,-0.01064300537109375,-0.02628326416015625,-0.02635955810546875,-0.0214385986328125,-0.01461029052734375,-0.005645751953125,-0.03917694091796875,0.11199951171875,0.0750732421875,0.09674072265625,0.07537841796875,0.09033203125,0.0701904296875,0.1513671875,0.11016845703125,0.26336669921875,0.1397705078125,0.083160400390625,0.09796142578125,0.645904541015625,0.072174072265625,-3.252105712890625,-3.702545166015625,-5.3934760093688965,1.2499618530273438
263,0.1315,-0.0,-0.0,-0.0,-0.0,-0.0,-0.0,-0.0,-0.0,-0.0,-0.0,-0.0,-0.0,-3.814563751220703,4.546991348266602,-868.1593017578125,243755.34375,1957.3148193359375,-2470.82470703125,-0.0,-0.0,-0.0,-0.0,-0.0,-0.0,-0.001068115234375,-0.00377655029296875,-0.0048065185546875,-0.0052642822265625,-0.0041961669921875,-0.0043487548828125,-0.001983642578125,-0.0048828125,-0.00102996826171875,-0.0023651123046875,-0.00354766845703125,-0.00324249267578125,-0.0037384033203125,-0.0026702880859375,-0.002288818359375,-0.0063323974609375,0.077667236328125,-0.02655029296875,0.07049560546875,0.07537841796875,0.101470947265625,0.0836181640625,0.155029296875,0.1123046875,0.18707275390625,0.21820068359375,0.126800537109375,0.110015869140625,0.131378173828125,0.160675048828125,-0.234222412109375,-1.515045166015625,1.734989047050476,1.2499618530273438
264,0.132,-0.0,-0.0,-0.0,-0.0,-0.0,-0.0,-0.0,-0.0,-0.0,-0.0,-0.0,-0.0,-4.169406890869141,4.461739540100098,-867.8829345703125,244108.0625,1823.301025390625,-2634.7666015625,-0.0,-0.0,-0.0,-0.0,-0.0,-0.0,0.00797271728515625,0.00762939453125,0.01560211181640625,0.0222015380859375,0.01628875732421875,0.01941680908203125,0.011444091796875,0.0339508056640625,0.010833740234375,0.012969970703125,0.0269317626953125,0.0267791748046875,0.018463134765625,0.01434326171875,0.00736236572265625,0.0383758544921875,0.051727294921875,0.1544189453125,0.03326416015625,0.071563720703125,0.055999755859375,0.05157470703125,0.1214599609375,0.042724609375,0.15228271484375,0.16082763671875,0.265655517578125,0.076904296875,-0.639495849609375,0.0921630859375,3.3892822265625,3.707427978515625,7.5961713790893555,1.2499618530273438
265,0.1325,-0.0,-0.0,-0.0,-0.0,-0.0,-0.0,-0.0,-0.0,-0.0,-0.0,-0.0,-0.0,-4.169406890869141,4.129745960235596,-869.9901733398438,244289.703125,1400.637451171875,-2678.8583984375,-0.0,-0.0,-0.0,-0.0,-0.0,-0.0,0.0037384033203125,0.00469207763671875,0.0042724609375,0.007171630859375,0.002899169921875,0.001068115234375,0.0032806396484375,0.0040435791015625,0.002593994140625,0.00370025634765625,0.005035400390625,0.00385284423828125,0.00514984130859375,0.00301361083984375,0.00087738037109375,0.00873565673828125,0.117645263671875,0.039520263671875,0.0860595703125,0.071563720703125,0.084686279296875,0.04241943359375,0.2734375,0.10589599609375,0.03173828125,0.31707763671875,-0.2130126953125,0.102081298828125,0.13092041015625,-0.08636474609375,0.499420166015625,2.956390380859375,5.140811443328857,1.2499618530273438
266,0.133,-0.0,-0.0,-0.0,-0.0,-0.0,-0.0,-0.0,-0.0,-0.0,-0.0,-0.0,-0.0,-3.74485445022583,4.241971015930176,-870.52978515625,244894.171875,1233.9903564453125,-2731.527099609375,-0.0,-0.0,-0.0,-0.0,-0.0,-0.0,-0.007781982421875,-0.0087738037109375,-0.01617431640625,-0.02109527587890625,-0.01491546630859375,-0.0177764892578125,-0.01087188720703125,-0.02971649169921875,-0.00835418701171875,-0.0121307373046875,-0.0244140625,-0.02899169921875,-0.01781463623046875,-0.016021728515625,-0.006256103515625,-0.039520263671875,0.05096435546875,0.14129638671875,0.09033203125,0.0848388671875,0.06988525390625,0.09124755859375,0.37353515625,0.399169921875,0.5902099609375,0.21240234375,0.027008056640625,0.104827880859375,0.57952880859375,0.153045654296875,-3.692474365234375,-3.896636962890625,-4.522219181060791,1.2499618530273438
267,0.1335,-0.0,-0.0,-0.0,-0.0,-0.0,-0.0,-0.0,-0.0,-0.0,-0.0,-0.0,-0.0,-3.8361473083496094,4.303907871246338,-872.2562866210938,245650.375,926.0323486328125,-2672.193359375,-0.0,-0.0,-0.0,-0.0,-0.0,-0.0,-0.001220703125,-0.00308990478515625,-0.00335693359375,-0.003662109375,-0.0023651123046875,-0.003814697265625,-0.00629425048828125,-0.00705718994140625,-0.00164031982421875,-0.000762939453125,-0.0029754638671875,0.00095367431640625,-0.00736236572265625,-0.001373291015625,-0.00232696533203125,-0.00843048095703125,0.040435791015625,0.0067138671875,0.06195068359375,0.07659912109375,0.10406494140625,0.083465576171875,0.145263671875,0.16693115234375,0.1861572265625,-0.152587890625,0.08453369140625,0.0762939453125,-0.04974365234375,0.319366455078125,1.432647705078125,-2.9254150390625,-5.235065460205078,1.2499618530273438
268,0.134,-0.0,-0.0,-0.0,-0.0,-0.0,-0.0,-0.0,-0.0,-0.0,-0.0,-0.0,-0.0,-3.30395770072937,4.616358280181885,-872.8709106445312,245981.546875,738.4424438476562,-2521.926513671875,-0.0,-0.0,-0.0,-0.0,-0.0,-0.0,0.0113677978515625,0.0055694580078125,0.01834869384765625,0.0212860107421875,0.016326904296875,0.01834869384765625,0.012359619140625,0.031890869140625,0.01071929931640625,0.0128173828125,0.02651214599609375,0.025634765625,0.01972198486328125,0.01537322998046875,0.0087738037109375,0.03856658935546875,0.081939697265625,0.24566650390625,0.076446533203125,0.076446533203125,0.162506103515625,0.080108642578125,0.1666259765625,0.1702880859375,-0.27069091796875,0.0909423828125,0.0567626953125,0.08331298828125,-0.7098388671875,-0.064239501953125,3.62457275390625,4.10125732421875,7.0417351722717285,1.2499618530273438
269,0.1345,-0.0,-0.0,-0.0,-0.0,-0.0,-0.0,-0.0,-0.0,-0.0,-0.0,-0.0,-0.0,-2.7518787384033203,4.174576759338379,-873.662841796875,246901.3125,330.91326904296875,-2410.945556640625,-0.0,-0.0,-0.0,-0.0,-0.0,-0.0,0.0006866455078125,0.00762939453125,0.003204345703125,0.0067901611328125,0.003204345703125,0.0035858154296875,0.0032806396484375,0.00713348388671875,0.00324249267578125,0.0026702880859375,0.005950927734375,0.0032806396484375,0.00606536865234375,0.0026702880859375,-0.00102996826171875,0.00820159912109375,0.101165771484375,-0.00030517578125,0.089874267578125,0.085296630859375,0.074310302734375,0.0775146484375,0.18829345703125,0.0823974609375,0.2508544921875,0.1641845703125,0.1171875,0.17364501953125,0.463714599609375,0.108795166015625,0.497589111328125,2.392120361328125,5.299221515655518,1.2499618530273438
270,0.135,-0.0,-0.0,-0.0,-0.0,-0.0,-0.0,-0.0,-0.0,-0.0,-0.0,-0.0,-0.0,-2.284705877304077,3.777759075164795,-874.9802856445312,246904.015625,-107.16371154785156,-2314.46044921875,-0.0,-0.0,-0.0,-0.0,-0.0,-0.0,-0.00858306884765625,-0.00904083251953125,-0.01743316650390625,-0.02185821533203125,-0.0146484375,-0.01880645751953125,-0.01255035400390625,-0.029754638671875,-0.01102447509765625,-0.0112152099609375,-0.025177001953125,-0.024261474609375,-0.0179290771484375,-0.013275146484375,-0.00579833984375,-0.0385284423828125,0.07080078125,0.053558349609375,0.071868896484375,0.094757080078125,-0.0482177734375,0.0628662109375,0.1800537109375,0.230712890625,0.1043701171875,0.1617431640625,0.113677978515625,0.074920654296875,0.56884765625,0.3369140625,-2.716522216796875,-2.7520751953125,-3.334141492843628,1.2499618530273438
271,0.1355,-0.0,-0.0,-0.0,-0.0,-0.0,-0.0,-0.0,-0.0,-0.0,-0.0,-0.0,-0.0,-1.9297877550125122,3.909214735031128,-873.3141479492188,247179.0,-394.9703369140625,-2291.816650390625,-0.0,-0.0,-0.0,-0.0,-0.0,-0.0,-0.00087738037109375,-0.0051116943359375,-0.0045013427734375,-0.0054931640625,-0.0031280517578125,-0.00339508056640625,-0.00270843505859375,-0.0055694580078125,-0.00156402587890625,-0.0019073486328125,-0.0066375732421875,-0.00400543212890625,-0.0043487548828125,-0.00438690185546875,0.00026702880859375,-0.0079345703125,0.06988525390625,0.063323974609375,0.07476806640625,0.08056640625,0.0433349609375,0.084228515625,0.0958251953125,0.08392333984375,0.19500732421875,-0.02197265625,0.07781982421875,-0.045623779296875,0.032501220703125,0.00213623046875,0.212249755859375,-2.828216552734375,-7.294399738311768,1.2499618530273438
272,0.136,-0.0,-0.0,-0.0,-0.0,-0.0,-0.0,-0.0,-0.0,-0.0,-0.0,-0.0,-0.0,-1.3306617736816406,4.062797546386719,-874.2801513671875,247334.71875,-578.2888793945312,-2224.71728515625,-0.0,-0.0,-0.0,-0.0,-0.0,-0.0,0.00995635986328125,0.0075531005859375,0.017242431640625,0.0226593017578125,0.0154876708984375,0.01964569091796875,0.0109100341796875,0.029296875,0.00957489013671875,0.0106048583984375,0.0269317626953125,0.0257110595703125,0.02079010009765625,0.01422882080078125,0.00812530517578125,0.0385284423828125,0.069580078125,0.06317138671875,0.078887939453125,0.07415771484375,0.08453369140625,0.088653564453125,0.128173828125,0.0927734375,0.0396728515625,0.1116943359375,0.033721923828125,-0.0140380859375,-0.623931884765625,-0.169219970703125,4.45220947265625,4.15283203125,6.883325099945068,1.2499618530273438
273,0.1365,-0.0,-0.0,-0.0,-0.0,-0.0,-0.0,-0.0,-0.0,-0.0,-0.0,-0.0,-0.0,-1.2867991924285889,5.012501239776611,-874.8876342773438,247942.015625,-605.1720581054688,-2195.43994140625,-0.0,-0.0,-0.0,-0.0,-0.0,-0.0,0.0003814697265625,0.00553131103515625,0.00457763671875,0.00637054443359375,0.00423431396484375,0.0043487548828125,0.00354766845703125,0.00698089599609375,0.00152587890625,0.0031280517578125,0.0072479248046875,0.0035858154296875,0.00522613525390625,0.00354766845703125,0.00278472900390625,0.0067901611328125,0.094757080078125,0.101776123046875,0.098419189453125,0.076751708984375,0.08544921875,0.089263916015625,0.2301025390625,0.18798828125,-0.09674072265625,0.02532958984375,0.10040283203125,0.068359375,0.313873291015625,0.105743408203125,1.0601806640625,3.19427490234375,9.338685989379883,1.2499618530273438
274,0.137,-0.0,-0.0,-0.0,-0.0,-0.0,-0.0,-0.0,-0.0,-0.0,-0.0,-0.0,-0.0,-1.0645294189453125,5.718999862670898,-875.7588500976562,248679.5,-1203.6934814453125,-2201.802001953125,-0.0,-0.0,-0.0,-0.0,-0.0,-0.0,-0.008697509765625,-0.00911712646484375,-0.01495361328125,-0.0220489501953125,-0.01544952392578125,-0.01911163330078125,-0.0106048583984375,-0.03238677978515625,-0.00926971435546875,-0.0103759765625,-0.02422332763671875,-0.0218963623046875,-0.01834869384765625,-0.012664794921875,-0.00698089599609375,-0.0384521484375,0.0555419921875,-0.094757080078125,0.055084228515625,0.0640869140625,0.10406494140625,0.08453369140625,0.16998291015625,0.13916015625,0.2947998046875,0.1605224609375,0.08331298828125,0.1385498046875,0.552825927734375,0.1910400390625,-1.38092041015625,-3.90045166015625,-3.334141492843628,1.2499618530273438
275,0.1375,-0.0,-0.0,-0.0,-0.0,-0.0,-0.0,-0.0,-0.0,-0.0,-0.0,-0.0,-0.0,-1.2865338325500488,6.755929470062256,-877.06884765625,248920.390625,-1244.1995849609375,-2209.09375,-0.0,-0.0,-0.0,-0.0,-0.0,-0.0,-0.00156402587890625,-0.0048828125,-0.00263214111328125,-0.00362396240234375,-0.00316619873046875,-0.00400543212890625,-0.0012969970703125,-0.00514984130859375,-0.000457763671875,-0.00408172607421875,-0.00583648681640625,-0.0040435791015625,-0.00579833984375,-0.00247955322265625,-0.000457763671875,-0.0057220458984375,0.081787109375,0.05767822265625,0.072479248046875,0.08392333984375,0.087127685546875,0.055084228515625,0.44525146484375,0.1324462890625,0.1995849609375,0.2105712890625,0.006256103515625,0.12054443359375,0.02410888671875,0.051422119140625,-0.638427734375,-3.145751953125,-5.868706703186035,1.2499618530273438
276,0.138,-0.0,-0.0,-0.0,-0.0,-0.0,-0.0,-0.0,-0.0,-0.0,-0.0,-0.0,-0.0,-0.9759736061096191,7.706028461456299,-876.6320190429688,249412.09375,-1241.953857421875,-2045.503662109375,-0.0,-0.0,-0.0,-0.0,-0.0,-0.0,0.01026153564453125,0.00522613525390625,0.0183868408203125,0.02017974853515625,0.01773834228515625,0.01926422119140625,0.01262664794921875,0.0310516357421875,0.00904083251953125,0.0122833251953125,0.02475738525390625,0.0254058837890625,0.0185394287109375,0.01678466796875,0.0054931640625,0.03917694091796875,0.053558349609375,-0.001678466796875,0.072479248046875,0.084381103515625,0.10589599609375,0.064544677734375,-0.07904052734375,0.1788330078125,0.05218505859375,0.3985595703125,0.174102783203125,0.07171630859375,-0.974273681640625,-0.15106201171875,3.145294189453125,3.964996337890625,2.3686304092407227,1.2499618530273438
277,0.1385,-0.0,-0.0,-0.0,-0.0,-0.0,-0.0,-0.0,-0.0,-0.0,-0.0,-0.0,-0.0,-0.7984047532081604,8.810086250305176,-876.7197265625,249648.171875,-1319.3951416015625,-1933.9066162109375,-0.0,-0.0,-0.0,-0.0,-0.0,-0.0,0.00392913818359375,0.007171630859375,0.00438690185546875,0.00530242919921875,0.00385284423828125,0.0022125244140625,0.00446319580078125,0.0081634521484375,0.000457763671875,0.00293731689453125,0.0077056884765625,0.0037384033203125,0.0061798095703125,0.0011444091796875,0.00339508056640625,0.00888824462890625,0.063934326171875,0.08819580078125,0.07781982421875,0.085296630859375,0.10833740234375,0.062103271484375,0.39642333984375,0.234375,0.07659912109375,0.518798828125,0.02532958984375,0.0457763671875,0.296783447265625,0.23101806640625,-0.067291259765625,4.558563232421875,5.061605930328369,1.2499618530273438
278,0.139,-0.0,-0.0,-0.0,-0.0,-0.0,-0.0,-0.0,-0.0,-0.0,-0.0,-0.0,-0.0,-1.2859501838684082,9.936071395874023,-877.5921630859375,249636.46875,-1433.431396484375,-1807.9766845703125,-0.0,-0.0,-0.0,-0.0,-0.0,-0.0,-0.0081634521484375,-0.008087158203125,-0.01590728759765625,-0.0197601318359375,-0.01529693603515625,-0.0170135498046875,-0.01346588134765625,-0.0337982177734375,-0.00972747802734375,-0.01316070556640625,-0.02567291259765625,-0.02674102783203125,-0.01598358154296875,-0.01445770263671875,-0.00675201416015625,-0.0376129150390625,0.070953369140625,0.127410888671875,0.07354736328125,0.07293701171875,0.093994140625,0.09185791015625,0.08941650390625,0.21209716796875,0.4132080078125,-0.19775390625,0.0341796875,0.075531005859375,0.7574462890625,0.0335693359375,-3.809967041015625,-3.04534912109375,-4.046988010406494,1.2499618530273438
279,0.1395,-0.0,-0.0,-0.0,-0.0,-0.0,-0.0,-0.0,-0.0,-0.0,-0.0,-0.0,-0.0,-1.0863040685653687,10.333637237548828,-877.2423706054688,249893.796875,-1334.7427978515625,-1703.9200439453125,-0.0,-0.0,-0.0,-0.0,-0.0,-0.0,-0.00247955322265625,-0.0032806396484375,-0.00423431396484375,-0.0046539306640625,-0.0017547607421875,-0.0016021728515625,-0.0022125244140625,-0.006561279296875,-0.001983642578125,-0.00255584716796875,-0.0051116943359375,-0.00202178955078125,-0.00720977783203125,-0.00030517578125,0.00026702880859375,-0.0075531005859375,0.086212158203125,0.0927734375,0.084075927734375,0.070648193359375,0.181427001953125,0.09063720703125,0.064697265625,0.13824462890625,0.1959228515625,-0.029296875,0.13763427734375,0.1177978515625,0.201568603515625,0.04425048828125,-0.532073974609375,-2.928466796875,-4.363808631896973,1.2499618530273438
280,0.14,-0.0,-0.0,-0.0,-0.0,-0.0,-0.0,-0.0,-0.0,-0.0,-0.0,-0.0,-0.0,-0.7990970611572266,9.738336563110352,-876.634521484375,249877.25,-1057.796142578125,-1570.5230712890625,-0.0,-0.0,-0.0,-0.0,-0.0,-0.0,0.01007080078125,0.006256103515625,0.016021728515625,0.02288818359375,0.014801025390625,0.0199127197265625,0.01224517822265625,0.03162384033203125,0.0107574462890625,0.01155853271484375,0.026092529296875,0.02590179443359375,0.02147674560546875,0.01453399658203125,0.00759124755859375,0.0390625,0.092315673828125,0.01190185546875,0.067596435546875,0.072021484375,0.056304931640625,0.08087158203125,0.20599365234375,0.13824462890625,0.23223876953125,0.26824951171875,0.028228759765625,0.0701904296875,-0.821075439453125,-0.14312744140625,4.187469482421875,4.585418701171875,7.0417351722717285,1.2499618530273438
281,0.1405,-0.0,-0.0,-0.0,-0.0,-0.0,-0.0,-0.0,-0.0,-0.0,-0.0,-0.0,-0.0,-0.9758186340332031,8.921350479125977,-876.106201171875,249625.265625,-950.8182983398438,-1422.5906982421875,-0.0,-0.0,-0.0,-0.0,-0.0,-0.0,0.0025177001953125,0.00640869140625,0.001678466796875,0.00492095947265625,0.00362396240234375,0.00476837158203125,0.0043487548828125,0.00640869140625,0.00164031982421875,0.00026702880859375,0.00545501708984375,0.00537872314453125,0.004425048828125,0.00370025634765625,0.003509521484375,0.0101470947265625,0.08209228515625,0.1055908203125,0.073394775390625,0.0689697265625,-0.111236572265625,0.082550048828125,0.1348876953125,0.14068603515625,0.0738525390625,0.135498046875,0.046539306640625,0.0567626953125,0.133209228515625,-0.022735595703125,2.40692138671875,3.105316162109375,5.378426551818848,1.2499618530273438
282,0.14100000000000001,-0.0,-0.0,-0.0,-0.0,-0.0,-0.0,-0.0,-0.0,-0.0,-0.0,-0.0,-0.0,-1.7517471313476562,8.743846893310547,-875.6631469726562,249700.828125,-733.0584716796875,-1349.322265625,-0.0,-0.0,-0.0,-0.0,-0.0,-0.0,-0.0087738037109375,-0.00873565673828125,-0.01499176025390625,-0.0215911865234375,-0.01499176025390625,-0.019683837890625,-0.0110626220703125,-0.0323486328125,-0.01026153564453125,-0.010986328125,-0.0250244140625,-0.0241851806640625,-0.0211334228515625,-0.01316070556640625,-0.0084686279296875,-0.03814697265625,0.06072998046875,0.176544189453125,0.079498291015625,0.079803466796875,0.053558349609375,0.066680908203125,0.20050048828125,0.13336181640625,0.15960693359375,0.16845703125,0.0482177734375,0.14923095703125,0.588531494140625,0.268707275390625,-3.4857177734375,-3.699951171875,-5.631091594696045,1.2499618530273438
283,0.14150000000000001,-0.0,-0.0,-0.0,-0.0,-0.0,-0.0,-0.0,-0.0,-0.0,-0.0,-0.0,-0.0,-2.0403480529785156,7.905452728271484,-873.9317626953125,249366.65625,-720.0162353515625,-1356.9063720703125,-0.0,-0.0,-0.0,-0.0,-0.0,-0.0,-0.0005340576171875,-0.0043487548828125,-0.00171661376953125,-0.00377655029296875,-0.0037384033203125,-0.0030517578125,-0.0032806396484375,-0.0054168701171875,-0.00179290771484375,-0.001068115234375,-0.00579833984375,-0.0034332275390625,-0.00850677490234375,-0.00335693359375,0.00141143798828125,-0.00690460205078125,0.188751220703125,0.155181884765625,0.099334716796875,0.0775146484375,0.08544921875,0.073394775390625,0.1739501953125,0.1055908203125,0.15594482421875,0.1708984375,0.12969970703125,0.148468017578125,0.037078857421875,0.16265869140625,-0.51361083984375,-3.01422119140625,-5.710296630859375,1.2499618530273438
284,0.14200000000000002,-0.0,-0.0,-0.0,-0.0,-0.0,-0.0,-0.0,-0.0,-0.0,-0.0,-0.0,-0.0,-2.572612762451172,7.640636920928955,-875.0499877929688,249531.03125,-704.7827758789062,-1490.6431884765625,-0.0,-0.0,-0.0,-0.0,-0.0,-0.0,0.009613037109375,0.00965118408203125,0.01667022705078125,0.02407073974609375,0.0144195556640625,0.0200653076171875,0.010528564453125,0.03261566162109375,0.0074005126953125,0.012054443359375,0.0284576416015625,0.029144287109375,0.02246856689453125,0.01590728759765625,0.00728607177734375,0.04047393798828125,0.008697509765625,0.22979736328125,0.0640869140625,0.0701904296875,0.096435546875,0.0811767578125,0.10711669921875,-0.07598876953125,0.15594482421875,0.17303466796875,0.10467529296875,-0.066375732421875,-0.467529296875,0.199127197265625,4.999847412109375,4.999847412109375,8.15060806274414,1.2499618530273438
285,0.14250000000000002,-0.0,-0.0,-0.0,-0.0,-0.0,-0.0,-0.0,-0.0,-0.0,-0.0,-0.0,-0.0,-3.282299041748047,7.332552909851074,-873.0499267578125,249694.28125,-569.9407958984375,-1542.379638671875,-0.0,-0.0,-0.0,-0.0,-0.0,-0.0,0.00213623046875,0.00385284423828125,0.0032806396484375,0.00591278076171875,0.00316619873046875,0.0057220458984375,0.00457763671875,0.00629425048828125,0.00091552734375,0.0008392333984375,0.0046539306640625,0.0019073486328125,0.004730224609375,0.002899169921875,0.0026702880859375,0.009307861328125,0.053253173828125,0.05645751953125,0.05157470703125,0.07110595703125,0.106964111328125,0.071563720703125,0.17822265625,0.06439208984375,0.140380859375,0.18157958984375,0.00732421875,-0.060577392578125,0.14007568359375,-0.153045654296875,1.164398193359375,2.170257568359375,6.962530136108398,1.2499618530273438
286,0.14300000000000002,-0.0,-0.0,-0.0,-0.0,-0.0,-0.0,-0.0,-0.0,-0.0,-0.0,-0.0,-0.0,-3.8352227210998535,6.911675930023193,-873.0496215820312,249782.046875,-543.6172485351562,-1492.4364013671875,-0.0,-0.0,-0.0,-0.0,-0.0,-0.0,-0.00949859619140625,-0.00705718994140625,-0.01621246337890625,-0.0208282470703125,-0.013427734375,-0.0177001953125,-0.0096893310546875,-0.03124237060546875,-0.01003265380859375,-0.01216888427734375,-0.02651214599609375,-0.02780914306640625,-0.02105712890625,-0.0128936767578125,-0.0075531005859375,-0.0368499755859375,0.08392333984375,0.09857177734375,0.076751708984375,0.086517333984375,0.079498291015625,0.056610107421875,0.1129150390625,0.7733154296875,0.15533447265625,0.17181396484375,0.06256103515625,0.059356689453125,0.8416748046875,-0.019073486328125,-3.392181396484375,-4.6978759765625,-7.690425872802734,1.2499618530273438
287,0.14350000000000002,-0.0,-0.0,-0.0,-0.0,-0.0,-0.0,-0.0,-0.0,-0.0,-0.0,-0.0,-0.0,-4.078371047973633,7.3713884353637695,-874.9556274414062,250040.5,-1048.8536376953125,-1564.8345947265625,-0.0,-0.0,-0.0,-0.0,-0.0,-0.0,-0.00362396240234375,-0.003814697265625,-0.0037384033203125,-0.0032806396484375,-0.00194549560546875,-0.002899169921875,-0.00141143798828125,-0.00701904296875,-0.0035858154296875,-0.00209808349609375,-0.0040435791015625,-0.00263214111328125,-0.00507354736328125,-0.00156402587890625,-0.00156402587890625,-0.00812530517578125,0.063018798828125,0.06103515625,0.069122314453125,0.074310302734375,0.0885009765625,0.08697509765625,0.220947265625,0.22430419921875,0.1507568359375,0.17303466796875,0.086669921875,0.108489990234375,0.080718994140625,0.019378662109375,-0.404052734375,-2.59063720703125,-5.631091594696045,1.2499618530273438
288,0.14400000000000002,-0.0,-0.0,-0.0,-0.0,-0.0,-0.0,-0.0,-0.0,-0.0,-0.0,-0.0,-0.0,-3.594064712524414,7.593120574951172,-875.153564453125,250522.59375,-1023.5477905273438,-1446.5357666015625,-0.0,-0.0,-0.0,-0.0,-0.0,-0.0,0.01010894775390625,0.00644683837890625,0.0180816650390625,0.022125244140625,0.015716552734375,0.01956939697265625,0.01102447509765625,0.03246307373046875,0.0103759765625,0.01346588134765625,0.02681732177734375,0.0296783447265625,0.0199127197265625,0.015106201171875,0.00732421875,0.039215087890625,0.0836181640625,0.07781982421875,0.070343017578125,0.0555419921875,0.0970458984375,0.081939697265625,0.18280029296875,0.1495361328125,0.12664794921875,0.14678955078125,0.09307861328125,0.15655517578125,-0.9130859375,0.1190185546875,4.999847412109375,4.0301513671875,6.883325099945068,1.2499618530273438
289,0.1445,-0.0,-0.0,-0.0,-0.0,-0.0,-0.0,-0.0,-0.0,-0.0,-0.0,-0.0,-0.0,-2.8817410469055176,7.704036712646484,-877.05810546875,250881.890625,-1028.6419677734375,-1327.3311767578125,-0.0,-0.0,-0.0,-0.0,-0.0,-0.0,0.0023651123046875,0.00598907470703125,0.002593994140625,0.00461578369140625,0.0028228759765625,0.00675201416015625,0.00324249267578125,0.00812530517578125,0.00041961669921875,0.00110626220703125,0.006866455078125,0.0023651123046875,0.003509521484375,0.003509521484375,0.00225067138671875,0.00873565673828125,0.08819580078125,0.065765380859375,0.09521484375,0.086517333984375,0.14984130859375,0.06500244140625,0.11260986328125,-0.096435546875,0.13580322265625,-0.02166748046875,0.09552001953125,0.10833740234375,0.30029296875,0.077056884765625,0.5657958984375,2.13134765625,9.180274963378906,1.2499618530273438
290,0.145,-0.0,-0.0,-0.0,-0.0,-0.0,-0.0,-0.0,-0.0,-0.0,-0.0,-0.0,-0.0,-2.6124396324157715,8.060105323791504,-876.8099975585938,251515.53125,-1203.515869140625,-1217.0458984375,-0.0,-0.0,-0.0,-0.0,-0.0,-0.0,-0.01064300537109375,-0.00820159912109375,-0.0185394287109375,-0.01983642578125,-0.0160980224609375,-0.01964569091796875,-0.01285552978515625,-0.03063201904296875,-0.0103759765625,-0.010986328125,-0.02536773681640625,-0.02628326416015625,-0.01941680908203125,-0.013580322265625,-0.00919342041015625,-0.039215087890625,0.145263671875,0.02227783203125,0.073394775390625,0.067596435546875,0.08636474609375,0.062713623046875,0.16632080078125,0.18707275390625,0.21331787109375,0.20904541015625,0.08941650390625,0.051422119140625,0.5682373046875,0.1397705078125,-4.00604248046875,-4.041900634765625,-3.492551803588867,1.2499618530273438
291,0.1455,-0.0,-0.0,-0.0,-0.0,-0.0,-0.0,-0.0,-0.0,-0.0,-0.0,-0.0,-0.0,-1.954887866973877,8.632636070251465,-876.8878784179688,251605.625,-1555.1546630859375,-1207.735595703125,-0.0,-0.0,-0.0,-0.0,-0.0,-0.0,-0.00274658203125,-0.0032806396484375,-0.0055694580078125,-0.00415802001953125,-0.0014495849609375,-0.0040435791015625,-0.0009918212890625,-0.00823974609375,-0.00171661376953125,-0.0043487548828125,-0.0046539306640625,-0.003814697265625,-0.0037384033203125,-0.00141143798828125,-0.00133514404296875,-0.00873565673828125,0.034942626953125,0.0933837890625,0.062255859375,0.0738525390625,0.00579833984375,0.08148193359375,0.130615234375,0.13214111328125,0.2008056640625,0.223388671875,0.095672607421875,0.04058837890625,0.300140380859375,0.294647216796875,-0.532684326171875,-2.51312255859375,-5.789501667022705,1.2499618530273438
292,0.146,-0.0,-0.0,-0.0,-0.0,-0.0,-0.0,-0.0,-0.0,-0.0,-0.0,-0.0,-0.0,-1.6163090467453003,9.289670944213867,-877.3132934570312,251684.484375,-1639.626220703125,-1177.6387939453125,-0.0,-0.0,-0.0,-0.0,-0.0,-0.0,0.0081634521484375,0.0072479248046875,0.01621246337890625,0.022735595703125,0.01651763916015625,0.02105712890625,0.01216888427734375,0.0324249267578125,0.0107574462890625,0.01239776611328125,0.025177001953125,0.0258636474609375,0.0203704833984375,0.0138092041015625,0.00629425048828125,0.0396728515625,0.01312255859375,0.09765625,0.064849853515625,0.07232666015625,0.080413818359375,0.06622314453125,0.140380859375,0.10711669921875,0.15350341796875,0.17120361328125,0.086822509765625,0.07659912109375,-0.830535888671875,-0.066986083984375,3.85986328125,3.511810302734375,7.0417351722717285,1.2499618530273438
293,0.1465,-0.0,-0.0,-0.0,-0.0,-0.0,-0.0,-0.0,-0.0,-0.0,-0.0,-0.0,-0.0,-1.2225594520568848,9.630762100219727,-875.8394775390625,251532.484375,-1881.1671142578125,-1125.65673828125,-0.0,-0.0,-0.0,-0.0,-0.0,-0.0,0.0019073486328125,0.00301361083984375,0.0029754638671875,0.0054931640625,0.00446319580078125,0.00461578369140625,0.005950927734375,0.0079345703125,0.00125885009765625,0.00148773193359375,0.00370025634765625,0.005645751953125,0.00797271728515625,0.0054931640625,0.00034332275390625,0.009002685546875,0.09033203125,0.086212158203125,0.069732666015625,0.075531005859375,0.057525634765625,0.08270263671875,0.23406982421875,0.29449462890625,0.09002685546875,0.23529052734375,0.206451416015625,0.0921630859375,0.0439453125,-0.159759521484375,1.949310302734375,4.01824951171875,5.2200164794921875,1.2499618530273438
294,0.147,-0.0,-0.0,-0.0,-0.0,-0.0,-0.0,-0.0,-0.0,-0.0,-0.0,-0.0,-0.0,-0.9526544809341431,9.915091514587402,-874.2600708007812,250955.921875,-1897.0235595703125,-961.5806274414062,-0.0,-0.0,-0.0,-0.0,-0.0,-0.0,-0.0083160400390625,-0.00858306884765625,-0.01708984375,-0.02193450927734375,-0.01705169677734375,-0.0201416015625,-0.012664794921875,-0.03204345703125,-0.00827789306640625,-0.01346588134765625,-0.0255584716796875,-0.0273895263671875,-0.01934051513671875,-0.01506805419921875,-0.00720977783203125,-0.038604736328125,0.06195068359375,0.096588134765625,0.075531005859375,0.093231201171875,0.03692626953125,0.08514404296875,0.19622802734375,0.167236328125,-0.24139404296875,0.10833740234375,-0.03387451171875,0.097198486328125,0.7244873046875,0.01861572265625,-2.924652099609375,-3.003692626953125,-4.046988010406494,1.2499618530273438
295,0.1475,-0.0,-0.0,-0.0,-0.0,-0.0,-0.0,-0.0,-0.0,-0.0,-0.0,-0.0,-0.0,-0.3548431396484375,10.655332565307617,-872.4384765625,251390.015625,-2094.432861328125,-807.6657104492188,-0.0,-0.0,-0.0,-0.0,-0.0,-0.0,-0.00331878662109375,-0.00293731689453125,-0.00331878662109375,-0.00270843505859375,-0.00293731689453125,-0.004425048828125,-0.0040435791015625,-0.0074005126953125,-0.0022125244140625,-0.0031280517578125,-0.00286102294921875,-0.00019073486328125,-0.0072479248046875,-0.00232696533203125,-0.0026702880859375,-0.006866455078125,0.089874267578125,0.152130126953125,0.08697509765625,0.0848388671875,0.07171630859375,0.05828857421875,0.091552734375,0.12176513671875,-0.0537109375,0.25115966796875,-0.050201416015625,0.091400146484375,0.15960693359375,0.097808837890625,0.114898681640625,-4.2822265625,-5.947912216186523,1.2499618530273438
296,0.148,-0.0,-0.0,-0.0,-0.0,-0.0,-0.0,-0.0,-0.0,-0.0,-0.0,-0.0,-0.0,0.5599544048309326,11.082176208496094,-872.77001953125,251199.90625,-2218.22705078125,-730.6032104492188,-0.0,-0.0,-0.0,-0.0,-0.0,-0.0,0.01049041748046875,0.0041961669921875,0.01735687255859375,0.02227783203125,0.01522064208984375,0.022125244140625,0.0112152099609375,0.03265380859375,0.00820159912109375,0.01338958740234375,0.02498626708984375,0.02834320068359375,0.02048492431640625,0.0157928466796875,0.00736236572265625,0.03986358642578125,0.14801025390625,-0.025177001953125,0.0762939453125,0.083770751953125,0.0836181640625,0.087127685546875,0.10498046875,0.04852294921875,0.283203125,0.28411865234375,0.0677490234375,0.099639892578125,-0.9149169921875,-0.035400390625,4.166717529296875,3.9727783203125,7.912992000579834,1.2499618530273438
297,0.1485,-0.0,-0.0,-0.0,-0.0,-0.0,-0.0,-0.0,-0.0,-0.0,-0.0,-0.0,-0.0,1.5967941284179688,11.528257369995117,-871.9791259765625,251289.21875,-2654.00439453125,-436.1583557128906,-0.0,-0.0,-0.0,-0.0,-0.0,-0.0,0.00301361083984375,0.00232696533203125,0.00400543212890625,0.00576019287109375,0.00446319580078125,0.00568389892578125,0.00141143798828125,0.0067138671875,0.00141143798828125,0.0035858154296875,0.0079345703125,0.00347137451171875,0.00774383544921875,0.003204345703125,0.0003814697265625,0.0086212158203125,0.02166748046875,0.045623779296875,0.085601806640625,0.076751708984375,0.1068115234375,0.0872802734375,0.11932373046875,0.1171875,0.2197265625,-0.03936767578125,0.137481689453125,0.087127685546875,-0.22216796875,0.18280029296875,1.410369873046875,4.003753662109375,5.457632064819336,1.2499618530273438
298,0.149,-0.0,-0.0,-0.0,-0.0,-0.0,-0.0,-0.0,-0.0,-0.0,-0.0,-0.0,-0.0,2.19437313079834,12.118511199951172,-871.1140747070312,250567.953125,-3193.758056640625,-195.1859588623047,-0.0,-0.0,-0.0,-0.0,-0.0,-0.0,-0.0069427490234375,-0.00560760498046875,-0.0160980224609375,-0.021514892578125,-0.014801025390625,-0.020751953125,-0.01026153564453125,-0.03299713134765625,-0.00789642333984375,-0.011138916015625,-0.02330780029296875,-0.0269317626953125,-0.01735687255859375,-0.01529693603515625,-0.0054168701171875,-0.03963470458984375,0.108184814453125,0.007476806640625,0.093536376953125,0.067138671875,0.139007568359375,0.092620849609375,0.11962890625,0.2191162109375,-0.0360107421875,0.18157958984375,0.12115478515625,0.143890380859375,0.873870849609375,0.388031005859375,-3.225860595703125,-2.68890380859375,-3.334141492843628,1.2499618530273438
299,0.1495,-0.0,-0.0,-0.0,-0.0,-0.0,-0.0,-0.0,-0.0,-0.0,-0.0,-0.0,-0.0,2.8805813789367676,12.318367004394531,-867.8064575195312,249779.8125,-3315.88134765625,-68.1402359008789,-0.0,-0.0,-0.0,-0.0,-0.0,-0.0,-0.00209808349609375,-0.00492095947265625,-0.00316619873046875,-0.00423431396484375,-0.0029754638671875,-0.002288818359375,-0.0037384033203125,-0.0054168701171875,-0.0014495849609375,-0.0045013427734375,-0.00579833984375,-0.0054931640625,-0.00698089599609375,-0.00244140625,-0.001983642578125,-0.00865936279296875,0.09735107421875,0.33416748046875,0.06439208984375,0.05157470703125,0.01922607421875,0.085296630859375,0.167236328125,0.18280029296875,0.15472412109375,0.15838623046875,0.090789794921875,0.09368896484375,0.119781494140625,0.09735107421875,-1.6119384765625,-4.433135986328125,-3.492551803588867,1.2499618530273438
300,0.15,-0.0,-0.0,-0.0,-0.0,-0.0,-0.0,-0.0,-0.0,-0.0,-0.0,-0.0,-0.0,3.756863594055176,12.541679382324219,-866.1316528320312,249418.8125,-3504.1396484375,175.97946166992188,-0.0,-0.0,-0.0,-0.0,-0.0,-0.0,0.00904083251953125,0.0089263916015625,0.0171661376953125,0.023193359375,0.0164794921875,0.02101898193359375,0.010528564453125,0.0315093994140625,0.00850677490234375,0.0121307373046875,0.0238800048828125,0.0269317626953125,0.019989013671875,0.01712799072265625,0.0074005126953125,0.0388336181640625,0.02532958984375,0.096282958984375,0.0543212890625,0.07904052734375,0.06134033203125,0.088958740234375,0.03387451171875,0.1763916015625,0.1409912109375,0.16632080078125,0.02655029296875,0.0616455078125,-0.59295654296875,-0.121917724609375,3.6004638671875,3.54827880859375,7.5961713790893555,1.2499618530273438
301,0.1505,-0.0,-0.0,-0.0,-0.0,-0.0,-0.0,-0.0,-0.0,-0.0,-0.0,-0.0,-0.0,3.6371421813964844,12.736244201660156,-863.288330078125,248437.5,-4175.2119140625,324.24456787109375,-0.0,-0.0,-0.0,-0.0,-0.0,-0.0,0.00392913818359375,0.0061798095703125,0.00370025634765625,0.00377655029296875,0.00186920166015625,0.0048065185546875,0.0043487548828125,0.00698089599609375,0.00247955322265625,0.00354766845703125,0.00507354736328125,0.00324249267578125,0.00980377197265625,0.002593994140625,0.00152587890625,0.008697509765625,0.076141357421875,0.128631591796875,0.0946044921875,0.062103271484375,0.07537841796875,0.050506591796875,0.2532958984375,-0.15899658203125,0.152587890625,0.1324462890625,0.076141357421875,0.039520263671875,-0.108795166015625,-0.091400146484375,2.25006103515625,4.999847412109375,1.2597581148147583,1.2499618530273438
302,0.151,-0.0,-0.0,-0.0,-0.0,-0.0,-0.0,-0.0,-0.0,-0.0,-0.0,-0.0,-0.0,4.25811767578125,12.471156120300293,-859.169189453125,247349.4375,-4320.19775390625,508.5672607421875,-0.0,-0.0,-0.0,-0.0,-0.0,-0.0,-0.009002685546875,-0.0057220458984375,-0.01705169677734375,-0.02079010009765625,-0.0152587890625,-0.01682281494140625,-0.01331329345703125,-0.0299835205078125,-0.01277923583984375,-0.0110626220703125,-0.02597808837890625,-0.0251007080078125,-0.01758575439453125,-0.014190673828125,-0.00522613525390625,-0.03780364990234375,0.0946044921875,0.0830078125,0.093841552734375,0.07720947265625,0.081024169921875,0.067596435546875,-0.128173828125,0.49468994140625,0.1287841796875,0.1251220703125,0.0921630859375,0.013427734375,0.730743408203125,0.22369384765625,-2.4945068359375,-3.162078857421875,-1.2748072147369385,1.2499618530273438
303,0.1515,-0.0,-0.0,-0.0,-0.0,-0.0,-0.0,-0.0,-0.0,-0.0,-0.0,-0.0,-0.0,4.5419020652771,12.117645263671875,-854.2587890625,246212.234375,-4654.98291015625,613.4120483398438,-0.0,-0.0,-0.0,-0.0,-0.0,-0.0,-0.0020599365234375,-0.0035858154296875,-0.00415802001953125,-0.00385284423828125,-0.00255584716796875,-0.0026702880859375,-0.00194549560546875,-0.00873565673828125,-0.0019073486328125,-0.00377655029296875,-0.00522613525390625,-0.00499725341796875,-0.0083160400390625,0.00034332275390625,-0.0029754638671875,-0.00789642333984375,0.095367431640625,0.09918212890625,0.07110595703125,0.092926025390625,0.09246826171875,0.07659912109375,0.29205322265625,0.1702880859375,0.1715087890625,0.20538330078125,0.098114013671875,0.04852294921875,0.25726318359375,-0.006103515625,-1.72760009765625,-4.494781494140625,-5.551886081695557,1.2499618530273438
304,0.152,-0.0,-0.0,-0.0,-0.0,-0.0,-0.0,-0.0,-0.0,-0.0,-0.0,-0.0,-0.0,4.820393085479736,12.259312629699707,-850.5580444335938,245000.34375,-4923.31884765625,738.10791015625,-0.0,-0.0,-0.0,-0.0,-0.0,-0.0,0.00904083251953125,0.006103515625,0.017242431640625,0.02105712890625,0.0168609619140625,0.02048492431640625,0.0115203857421875,0.03170013427734375,0.0067901611328125,0.0135040283203125,0.024871826171875,0.02658843994140625,0.0196075439453125,0.01651763916015625,0.0077056884765625,0.03849029541015625,0.0634765625,0.1263427734375,0.047149658203125,0.07598876953125,0.093231201171875,0.0537109375,-0.03753662109375,0.12603759765625,0.11871337890625,0.20050048828125,0.084991455078125,0.057830810546875,-0.842132568359375,-0.057373046875,3.5009765625,4.35089111328125,6.328888893127441,1.2499618530273438
305,0.1525,-0.0,-0.0,-0.0,-0.0,-0.0,-0.0,-0.0,-0.0,-0.0,-0.0,-0.0,-0.0,5.316216945648193,12.093668937683105,-847.9020385742188,244052.8125,-5296.5107421875,724.593017578125,-0.0,-0.0,-0.0,-0.0,-0.0,-0.0,0.00415802001953125,0.00614166259765625,0.0040435791015625,0.005035400390625,0.00263214111328125,0.005035400390625,0.00431060791015625,0.00934600830078125,0.00362396240234375,0.00240325927734375,0.007171630859375,0.00362396240234375,0.01010894775390625,0.001983642578125,0.00324249267578125,0.00835418701171875,0.07232666015625,0.081787109375,0.06683349609375,0.0897216796875,0.094146728515625,0.09552001953125,0.13336181640625,0.06378173828125,0.16143798828125,0.284423828125,0.104827880859375,0.095062255859375,0.119476318359375,0.23651123046875,1.88385009765625,4.999847412109375,6.72491455078125,1.2499618530273438
306,0.153,-0.0,-0.0,-0.0,-0.0,-0.0,-0.0,-0.0,-0.0,-0.0,-0.0,-0.0,-0.0,6.356586456298828,11.818050384521484,-844.4364624023438,242846.953125,-5483.93212890625,1081.15625,-0.0,-0.0,-0.0,-0.0,-0.0,-0.0,-0.01102447509765625,-0.00713348388671875,-0.01678466796875,-0.020751953125,-0.0153350830078125,-0.0202178955078125,-0.010223388671875,-0.0325775146484375,-0.00797271728515625,-0.0128173828125,-0.023651123046875,-0.02582550048828125,-0.02017974853515625,-0.0139617919921875,-0.00568389892578125,-0.03833770751953125,0.244293212890625,0.043487548828125,0.07781982421875,0.082244873046875,0.097808837890625,0.0823974609375,0.2496337890625,0.18768310546875,0.12542724609375,0.09368896484375,0.05401611328125,0.10345458984375,0.614166259765625,0.170440673828125,-3.034820556640625,-3.820343017578125,-6.185527801513672,1.2499618530273438
307,0.1535,-0.0,-0.0,-0.0,-0.0,-0.0,-0.0,-0.0,-0.0,-0.0,-0.0,-0.0,-0.0,7.6700029373168945,11.328988075256348,-841.106201171875,241792.59375,-5629.15673828125,1319.220703125,-0.0,-0.0,-0.0,-0.0,-0.0,-0.0,-0.003509521484375,-0.00213623046875,-0.00186920166015625,-0.00499725341796875,-0.00308990478515625,-0.00438690185546875,-0.00354766845703125,-0.00720977783203125,-0.00057220458984375,-0.00179290771484375,-0.005035400390625,-0.00518798828125,-0.01049041748046875,-0.0045013427734375,-0.001678466796875,-0.0083160400390625,0.105438232421875,0.11871337890625,0.079803466796875,0.068511962890625,0.056915283203125,0.089874267578125,0.1458740234375,0.05950927734375,0.1361083984375,-0.123291015625,0.081939697265625,0.073699951171875,0.38909912109375,-0.102996826171875,-2.27142333984375,-4.55657958984375,-4.2053985595703125,1.2499618530273438
308,0.154,-0.0,-0.0,-0.0,-0.0,-0.0,-0.0,-0.0,-0.0,-0.0,-0.0,-0.0,-0.0,8.12066650390625,10.703583717346191,-835.8975219726562,240503.109375,-5780.02685546875,1445.986328125,-0.0,-0.0,-0.0,-0.0,-0.0,-0.0,0.0102996826171875,0.00438690185546875,0.01712799072265625,0.02254486083984375,0.01651763916015625,0.01911163330078125,0.0128936767578125,0.0330352783203125,0.00988006591796875,0.01163482666015625,0.02727508544921875,0.02597808837890625,0.020751953125,0.01209259033203125,0.007781982421875,0.03864288330078125,-0.06439208984375,0.10406494140625,0.091400146484375,0.051727294921875,0.046844482421875,0.072174072265625,0.22064208984375,-0.00213623046875,-0.11474609375,0.3143310546875,0.131378173828125,0.055694580078125,-0.69244384765625,0.029449462890625,4.355926513671875,3.714752197265625,6.80411958694458,1.2499618530273438
309,0.1545,-0.0,-0.0,-0.0,-0.0,-0.0,-0.0,-0.0,-0.0,-0.0,-0.0,-0.0,-0.0,8.911721229553223,9.66752815246582,-833.7740478515625,239550.734375,-5810.72998046875,1624.242431640625,-0.0,-0.0,-0.0,-0.0,-0.0,-0.0,0.001983642578125,0.002593994140625,0.0048065185546875,0.00713348388671875,0.0041961669921875,0.00308990478515625,0.00499725341796875,0.00705718994140625,0.0009918212890625,0.0012969970703125,0.00713348388671875,0.0074005126953125,0.0092315673828125,0.00293731689453125,0.00095367431640625,0.00865936279296875,0.02655029296875,0.04852294921875,0.071868896484375,0.073394775390625,0.0555419921875,0.0537109375,0.36346435546875,0.15777587890625,-0.4315185546875,0.17303466796875,0.049896240234375,0.07659912109375,-0.10650634765625,0.078582763671875,2.74810791015625,4.820709228515625,6.170478343963623,1.2499618530273438
310,0.155,-0.0,-0.0,-0.0,-0.0,-0.0,-0.0,-0.0,-0.0,-0.0,-0.0,-0.0,-0.0,9.129624366760254,8.920490264892578,-830.9808349609375,238701.640625,-5889.13623046875,1583.4898681640625,-0.0,-0.0,-0.0,-0.0,-0.0,-0.0,-0.009613037109375,-0.0061798095703125,-0.01613616943359375,-0.01903533935546875,-0.0151824951171875,-0.01773834228515625,-0.0121307373046875,-0.03078460693359375,-0.01094818115234375,-0.01155853271484375,-0.02437591552734375,-0.0267791748046875,-0.01903533935546875,-0.01461029052734375,-0.00579833984375,-0.03955841064453125,0.129241943359375,0.0537109375,0.0677490234375,0.07415771484375,0.092620849609375,0.04852294921875,0.38970947265625,0.377197265625,0.44769287109375,0.12420654296875,-0.015716552734375,0.114898681640625,0.67138671875,0.072021484375,-4.156951904296875,-3.47747802734375,-3.809372663497925,1.2499618530273438
311,0.1555,-0.0,-0.0,-0.0,-0.0,-0.0,-0.0,-0.0,-0.0,-0.0,-0.0,-0.0,-0.0,9.774449348449707,8.350325584411621,-829.9974365234375,237292.234375,-5864.4921875,1999.364013671875,-0.0,-0.0,-0.0,-0.0,-0.0,-0.0,-0.00354766845703125,-0.004119873046875,-0.00278472900390625,-0.00453948974609375,-0.0040435791015625,-0.00514984130859375,-0.00522613525390625,-0.00823974609375,-0.0030517578125,-0.0032806396484375,-0.0041961669921875,-0.00232696533203125,-0.0091552734375,-0.0028228759765625,-0.00164031982421875,-0.0080108642578125,0.16937255859375,0.162353515625,0.09918212890625,0.0433349609375,0.11260986328125,0.07598876953125,0.00946044921875,-0.1800537109375,-0.59478759765625,0.072021484375,0.0738525390625,0.105133056640625,0.19073486328125,0.023040771484375,-0.86700439453125,-4.6075439453125,-3.888577699661255,1.2499618530273438
312,0.156,-0.0,-0.0,-0.0,-0.0,-0.0,-0.0,-0.0,-0.0,-0.0,-0.0,-0.0,-0.0,8.919492721557617,6.600025653839111,-827.5526733398438,236414.96875,-5573.8681640625,1806.76611328125,-0.0,-0.0,-0.0,-0.0,-0.0,-0.0,0.01117706298828125,0.0080108642578125,0.01689910888671875,0.02216339111328125,0.01789093017578125,0.01956939697265625,0.01255035400390625,0.03147125244140625,0.01094818115234375,0.01155853271484375,0.02880096435546875,0.02620697021484375,0.0250244140625,0.014190673828125,0.00560760498046875,0.03757476806640625,-0.001983642578125,-0.0982666015625,0.087738037109375,0.08941650390625,0.110626220703125,0.104522705078125,0.10711669921875,0.38726806640625,0.4217529296875,0.5609130859375,0.105133056640625,0.03509521484375,-0.594024658203125,0.218505859375,4.1412353515625,4.999847412109375,6.64570951461792,1.2499618530273438
313,0.1565,-0.0,-0.0,-0.0,-0.0,-0.0,-0.0,-0.0,-0.0,-0.0,-0.0,-0.0,-0.0,8.443490982055664,4.769371032714844,-824.028076171875,235361.421875,-5357.818359375,1630.6302490234375,-0.0,-0.0,-0.0,-0.0,-0.0,-0.0,0.0012969970703125,0.00080108642578125,0.00469207763671875,0.006103515625,0.0043487548828125,0.00453948974609375,0.00171661376953125,0.00637054443359375,0.00152587890625,0.00232696533203125,0.00911712646484375,0.0061798095703125,0.00804901123046875,0.0034332275390625,0.000762939453125,0.00751495361328125,0.027313232421875,0.071258544921875,0.078582763671875,0.124969482421875,0.01739501953125,0.058746337890625,0.19073486328125,0.27801513671875,0.22552490234375,-0.14556884765625,0.149688720703125,0.087432861328125,-0.20782470703125,0.111541748046875,1.953277587890625,4.088592529296875,4.5863752365112305,1.2499618530273438
314,0.157,-0.0,-0.0,-0.0,-0.0,-0.0,-0.0,-0.0,-0.0,-0.0,-0.0,-0.0,-0.0,7.63770866394043,3.411785840988159,-821.20458984375,234564.625,-4826.947265625,1462.7059326171875,-0.0,-0.0,-0.0,-0.0,-0.0,-0.0,-0.0092315673828125,-0.00537872314453125,-0.01712799072265625,-0.02246856689453125,-0.0151824951171875,-0.02040863037109375,-0.0116729736328125,-0.032501220703125,-0.01003265380859375,-0.010986328125,-0.0261688232421875,-0.025177001953125,-0.0237274169921875,-0.01323699951171875,-0.00827789306640625,-0.03833770751953125,0.053863525390625,0.13153076171875,0.07476806640625,0.130157470703125,0.0750732421875,0.084686279296875,0.2984619140625,0.18280029296875,0.07598876953125,0.028076171875,0.003204345703125,0.120391845703125,0.753326416015625,0.089263916015625,-3.02459716796875,-4.09576416015625,-1.1163969039916992,1.2499618530273438
315,0.1575,-0.0,-0.0,-0.0,-0.0,-0.0,-0.0,-0.0,-0.0,-0.0,-0.0,-0.0,-0.0,6.467075347900391,2.634150266647339,-818.760498046875,233998.78125,-4591.34228515625,1148.807373046875,-0.0,-0.0,-0.0,-0.0,-0.0,-0.0,-0.002593994140625,-0.00293731689453125,-0.00339508056640625,-0.0054931640625,-0.0038909912109375,-0.002593994140625,-0.00186920166015625,-0.00514984130859375,-0.00324249267578125,-0.0025177001953125,-0.00514984130859375,-0.00457763671875,-0.0077056884765625,-0.00274658203125,0.002288818359375,-0.00774383544921875,0.192108154296875,0.086517333984375,0.124664306640625,0.098114013671875,0.07415771484375,0.078277587890625,0.22308349609375,0.13885498046875,0.0927734375,0.16693115234375,0.0506591796875,0.02197265625,0.340576171875,0.17578125,-0.4205322265625,-4.62890625,-4.126193046569824,1.2499618530273438
316,0.158,-0.0,-0.0,-0.0,-0.0,-0.0,-0.0,-0.0,-0.0,-0.0,-0.0,-0.0,-0.0,5.258391857147217,2.6587226390838623,-817.1110229492188,233283.40625,-4103.26806640625,749.0630493164062,-0.0,-0.0,-0.0,-0.0,-0.0,-0.0,0.0104522705078125,0.005340576171875,0.018310546875,0.02063751220703125,0.01743316650390625,0.01819610595703125,0.01445770263671875,0.03116607666015625,0.0119781494140625,0.01277923583984375,0.0254058837890625,0.03009796142578125,0.02048492431640625,0.0168609619140625,0.0060272216796875,0.04093170166015625,0.113067626953125,0.0274658203125,0.05706787109375,0.069580078125,0.068359375,0.10528564453125,0.14373779296875,0.13763427734375,0.10986328125,0.18310546875,0.0750732421875,-0.040283203125,-0.8209228515625,0.002899169921875,4.999847412109375,4.067230224609375,8.625839233398438,1.2499618530273438
317,0.1585,-0.0,-0.0,-0.0,-0.0,-0.0,-0.0,-0.0,-0.0,-0.0,-0.0,-0.0,-0.0,4.796329498291016,2.707662343978882,-816.6656494140625,233453.421875,-4090.828857421875,298.7506408691406,-0.0,-0.0,-0.0,-0.0,-0.0,-0.0,0.003814697265625,0.00469207763671875,0.00507354736328125,0.00423431396484375,0.00308990478515625,0.0029754638671875,0.0025177001953125,0.006103515625,0.00423431396484375,0.0023651123046875,0.00492095947265625,0.00362396240234375,0.0080108642578125,0.002899169921875,-0.00057220458984375,0.00835418701171875,-0.091705322265625,0.182037353515625,0.0177001953125,0.06683349609375,0.064239501953125,0.0946044921875,0.1318359375,0.11993408203125,0.11383056640625,0.1220703125,0.094451904296875,0.05157470703125,-0.028533935546875,-0.107879638671875,1.92474365234375,4.398193359375,2.2102200984954834,1.2499618530273438
318,0.159,-0.0,-0.0,-0.0,-0.0,-0.0,-0.0,-0.0,-0.0,-0.0,-0.0,-0.0,-0.0,4.071190357208252,3.797832489013672,-818.6265258789062,234018.09375,-4068.54541015625,208.3297882080078,-0.0,-0.0,-0.0,-0.0,-0.0,-0.0,-0.008087158203125,-0.008392333984375,-0.01598358154296875,-0.02101898193359375,-0.01689910888671875,-0.01911163330078125,-0.01506805419921875,-0.03093719482421875,-0.010223388671875,-0.01018524169921875,-0.02655029296875,-0.0267791748046875,-0.02140045166015625,-0.014801025390625,-0.00762939453125,-0.03993988037109375,0.05706787109375,0.070037841796875,0.055999755859375,0.068206787109375,0.07354736328125,0.07568359375,0.25665283203125,-0.10345458984375,0.1123046875,0.09735107421875,0.0848388671875,0.089569091796875,0.733489990234375,0.0616455078125,-3.77777099609375,-4.207000732421875,-5.789501667022705,1.2499618530273438
319,0.1595,-0.0,-0.0,-0.0,-0.0,-0.0,-0.0,-0.0,-0.0,-0.0,-0.0,-0.0,-0.0,4.603155136108398,4.823409080505371,-819.0127563476562,234309.90625,-3826.02978515625,119.876220703125,-0.0,-0.0,-0.0,-0.0,-0.0,-0.0,-0.0006103515625,-0.00133514404296875,-0.00244140625,-0.0058746337890625,-0.0017547607421875,-0.0037384033203125,-0.0014495849609375,-0.00682830810546875,-0.0003814697265625,-0.0011444091796875,-0.0048065185546875,-0.0051116943359375,-0.0074005126953125,-0.00316619873046875,-0.0014495849609375,-0.00705718994140625,0.12420654296875,0.116729736328125,0.0592041015625,0.061187744140625,0.07598876953125,0.060272216796875,0.1593017578125,0.30181884765625,0.152587890625,0.25970458984375,0.09674072265625,0.110931396484375,0.522308349609375,0.2178955078125,-0.7183837890625,-3.073272705078125,-6.106322288513184,1.2499618530273438
320,0.16,-0.0,-0.0,-0.0,-0.0,-0.0,-0.0,-0.0,-0.0,-0.0,-0.0,-0.0,-0.0,5.263338088989258,6.398359298706055,-820.1963500976562,234968.15625,-3756.84228515625,18.533702850341797,-0.0,-0.0,-0.0,-0.0,-0.0,-0.0,0.01190185546875,0.0042724609375,0.01895904541015625,0.02307891845703125,0.017547607421875,0.01918792724609375,0.0101470947265625,0.03170013427734375,0.01094818115234375,0.01186370849609375,0.024566650390625,0.0289154052734375,0.01972198486328125,0.01514434814453125,0.00579833984375,0.0397491455078125,0.076751708984375,0.053558349609375,0.07965087890625,0.039520263671875,0.082550048828125,0.037384033203125,-0.03509521484375,0.4852294921875,0.1336669921875,0.172119140625,0.10528564453125,0.125885009765625,-0.888214111328125,-0.257568359375,4.5098876953125,3.2733154296875,6.566504001617432,1.2499618530273438
321,0.1605,-0.0,-0.0,-0.0,-0.0,-0.0,-0.0,-0.0,-0.0,-0.0,-0.0,-0.0,-0.0,4.825226783752441,8.051787376403809,-823.0651245117188,235538.921875,-3599.913330078125,-126.31705474853516,-0.0,-0.0,-0.0,-0.0,-0.0,-0.0,0.00156402587890625,0.0054931640625,0.00499725341796875,0.0061798095703125,0.00377655029296875,0.00499725341796875,0.00354766845703125,0.00644683837890625,0.00141143798828125,0.0019073486328125,0.00812530517578125,0.0028228759765625,0.00827789306640625,0.003204345703125,0.0009918212890625,0.008697509765625,0.05157470703125,0.059051513671875,0.0927734375,0.0579833984375,0.071563720703125,0.077972412109375,0.28076171875,0.2801513671875,0.16876220703125,0.1287841796875,0.095367431640625,0.111846923828125,0.183868408203125,0.100555419921875,0.6683349609375,3.848114013671875,5.378426551818848,1.2499618530273438
322,0.161,-0.0,-0.0,-0.0,-0.0,-0.0,-0.0,-0.0,-0.0,-0.0,-0.0,-0.0,-0.0,4.740810394287109,10.10763931274414,-824.6550903320312,235938.90625,-3574.78125,-427.2445373535156,-0.0,-0.0,-0.0,-0.0,-0.0,-0.0,-0.00812530517578125,-0.0067901611328125,-0.01743316650390625,-0.02166748046875,-0.0164794921875,-0.01834869384765625,-0.01293182373046875,-0.03025054931640625,-0.01018524169921875,-0.00980377197265625,-0.0262451171875,-0.02506256103515625,-0.01491546630859375,-0.0157928466796875,-0.0058746337890625,-0.04001617431640625,0.064849853515625,0.112762451171875,0.103607177734375,0.101165771484375,0.088348388671875,0.073699951171875,0.0555419921875,0.13397216796875,0.13458251953125,0.0067138671875,0.056915283203125,0.104217529296875,0.685882568359375,0.2044677734375,-3.65447998046875,-0.98602294921875,-4.601424217224121,1.2499618530273438
323,0.1615,-0.0,-0.0,-0.0,-0.0,-0.0,-0.0,-0.0,-0.0,-0.0,-0.0,-0.0,-0.0,4.754874229431152,11.849223136901855,-823.7884521484375,236084.578125,-3218.27294921875,-489.58978271484375,-0.0,-0.0,-0.0,-0.0,-0.0,-0.0,-0.0012969970703125,-0.00576019287109375,-0.004119873046875,-0.00545501708984375,-0.0030517578125,-0.00286102294921875,-0.00537872314453125,-0.0067138671875,-0.00156402587890625,-0.0023651123046875,-0.00370025634765625,-0.00396728515625,-0.00583648681640625,-0.00244140625,-3.814697265625e-05,-0.01068115234375,0.079498291015625,-0.0262451171875,0.086212158203125,0.078277587890625,0.11932373046875,0.056304931640625,-0.0360107421875,0.091552734375,0.1776123046875,0.1885986328125,0.079345703125,0.13702392578125,0.088653564453125,0.260162353515625,-0.583953857421875,-4.20501708984375,-7.8488359451293945,1.2499618530273438
324,0.162,-0.0,-0.0,-0.0,-0.0,-0.0,-0.0,-0.0,-0.0,-0.0,-0.0,-0.0,-0.0,5.297728538513184,13.110312461853027,-824.5,236110.125,-2704.297119140625,-323.8729248046875,-0.0,-0.0,-0.0,-0.0,-0.0,-0.0,0.0080108642578125,0.0072479248046875,0.01659393310546875,0.0235748291015625,0.0164031982421875,0.019378662109375,0.01190185546875,0.03078460693359375,0.00827789306640625,0.01132965087890625,0.02552032470703125,0.02948760986328125,0.0177764892578125,0.0164794921875,0.00823974609375,0.0383758544921875,0.317840576171875,0.0115966796875,0.075836181640625,0.055389404296875,0.122833251953125,0.061187744140625,0.28900146484375,0.19683837890625,-0.30517578125,0.38330078125,0.119476318359375,0.177459716796875,-0.843505859375,-0.081329345703125,4.608154296875,3.2220458984375,8.467429161071777,1.2499618530273438
325,0.1625,-0.0,-0.0,-0.0,-0.0,-0.0,-0.0,-0.0,-0.0,-0.0,-0.0,-0.0,-0.0,5.03155517578125,13.626389503479004,-822.4047241210938,235652.96875,-2494.2626953125,-332.2364196777344,-0.0,-0.0,-0.0,-0.0,-0.0,-0.0,0.002288818359375,0.00545501708984375,0.00431060791015625,0.00476837158203125,0.00244140625,0.0048065185546875,0.0034332275390625,0.0086212158203125,0.00049591064453125,0.0030517578125,0.0067901611328125,0.00362396240234375,0.006103515625,0.001983642578125,0.00232696533203125,0.00873565673828125,0.224761962890625,0.052947998046875,0.10528564453125,0.03936767578125,0.08331298828125,0.057525634765625,0.13885498046875,0.01495361328125,0.5291748046875,0.1177978515625,0.09063720703125,0.09033203125,0.0177001953125,0.095367431640625,1.485595703125,4.039459228515625,6.249683380126953,1.2499618530273438
326,0.163,-0.0,-0.0,-0.0,-0.0,-0.0,-0.0,-0.0,-0.0,-0.0,-0.0,-0.0,-0.0,3.066167116165161,13.477087020874023,-820.3539428710938,235197.75,-1516.383056640625,-859.23779296875,-0.0,-0.0,-0.0,-0.0,-0.0,-0.0,-0.00823974609375,-0.006866455078125,-0.01659393310546875,-0.02105712890625,-0.01617431640625,-0.01880645751953125,-0.01277923583984375,-0.03139495849609375,-0.0103759765625,-0.01354217529296875,-0.0252532958984375,-0.027618408203125,-0.0173187255859375,-0.01598358154296875,-0.006256103515625,-0.03841400146484375,-0.225982666015625,0.07171630859375,0.09307861328125,0.133056640625,0.055999755859375,0.143585205078125,0.1666259765625,0.11322021484375,0.25970458984375,-0.426025390625,0.06256103515625,0.013427734375,0.894622802734375,0.27099609375,-2.271575927734375,-2.219696044921875,-4.522219181060791,1.2499618530273438
327,0.1635,-0.0,-0.0,-0.0,-0.0,-0.0,-0.0,-0.0,-0.0,-0.0,-0.0,-0.0,-0.0,0.6711259484291077,12.933357238769531,-822.358154296875,235352.875,-901.0120239257812,-1509.1036376953125,-0.0,-0.0,-0.0,-0.0,-0.0,-0.0,-0.00392913818359375,-0.0041961669921875,-0.00484466552734375,-0.0048065185546875,-0.0018310546875,-0.002593994140625,-0.0030517578125,-0.00812530517578125,-0.00270843505859375,-0.0045013427734375,-0.00701904296875,-0.00354766845703125,-0.00629425048828125,-0.001068115234375,0.00011444091796875,-0.0086212158203125,-0.096893310546875,0.035400390625,0.0592041015625,0.12969970703125,0.00152587890625,0.056610107421875,0.04241943359375,0.18585205078125,0.10833740234375,0.05126953125,0.07537841796875,0.035858154296875,0.08514404296875,-0.108184814453125,-0.66162109375,-3.5614013671875,-6.819169044494629,1.2499618530273438
328,0.164,-0.0,-0.0,-0.0,-0.0,-0.0,-0.0,-0.0,-0.0,-0.0,-0.0,-0.0,-0.0,-0.9004197716712952,12.35178279876709,-822.05419921875,235450.84375,-521.5957641601562,-1959.282470703125,-0.0,-0.0,-0.0,-0.0,-0.0,-0.0,0.00759124755859375,0.00751495361328125,0.0176239013671875,0.02246856689453125,0.01560211181640625,0.0196075439453125,0.01285552978515625,0.03055572509765625,0.01056671142578125,0.01140594482421875,0.02655029296875,0.0261688232421875,0.01911163330078125,0.01373291015625,0.006866455078125,0.03940582275390625,0.061798095703125,0.130615234375,0.067138671875,0.108795166015625,0.038299560546875,0.08514404296875,0.18524169921875,0.1251220703125,0.128173828125,0.3594970703125,-0.033721923828125,0.070343017578125,-0.6396484375,-0.0128173828125,3.77899169921875,2.83477783203125,8.784249305725098,1.2499618530273438
329,0.1645,-0.0,-0.0,-0.0,-0.0,-0.0,-0.0,-0.0,-0.0,-0.0,-0.0,-0.0,-0.0,-1.9012901782989502,12.024881362915039,-822.653076171875,235346.203125,-3.874525547027588,-2181.011962890625,-0.0,-0.0,-0.0,-0.0,-0.0,-0.0,0.00362396240234375,0.0091552734375,0.00392913818359375,0.00514984130859375,0.00316619873046875,0.002899169921875,0.0034332275390625,0.00896453857421875,0.00225067138671875,0.003662109375,0.00659942626953125,0.00148773193359375,0.005645751953125,0.003509521484375,-3.814697265625e-05,0.00885009765625,0.134429931640625,0.078277587890625,0.07720947265625,0.061187744140625,0.08697509765625,0.064239501953125,0.1910400390625,0.1654052734375,0.18157958984375,0.069580078125,0.082550048828125,0.12420654296875,0.460662841796875,0.143890380859375,0.662384033203125,3.96453857421875,6.72491455078125,1.2499618530273438
330,0.165,-0.0,-0.0,-0.0,-0.0,-0.0,-0.0,-0.0,-0.0,-0.0,-0.0,-0.0,-0.0,-2.8394267559051514,11.658462524414062,-823.498291015625,235867.515625,417.75030517578125,-2130.53369140625,-0.0,-0.0,-0.0,-0.0,-0.0,-0.0,-0.0089263916015625,-0.0080108642578125,-0.0160980224609375,-0.02185821533203125,-0.0145721435546875,-0.019378662109375,-0.00965118408203125,-0.03082275390625,-0.00820159912109375,-0.0118255615234375,-0.025177001953125,-0.0243377685546875,-0.0182342529296875,-0.0127410888671875,-0.00736236572265625,-0.038299560546875,0.15625,0.110015869140625,0.07843017578125,0.05340576171875,0.08941650390625,0.06683349609375,0.18402099609375,0.1739501953125,0.079345703125,0.11383056640625,0.124359130859375,0.09613037109375,0.64666748046875,0.097198486328125,-2.032470703125,-2.7325439453125,-1.512422800064087,1.2499618530273438
331,0.1655,-0.0,-0.0,-0.0,-0.0,-0.0,-0.0,-0.0,-0.0,-0.0,-0.0,-0.0,-0.0,-2.889357089996338,11.406233787536621,-826.6421508789062,236477.828125,723.2811279296875,-2363.81884765625,-0.0,-0.0,-0.0,-0.0,-0.0,-0.0,-0.00164031982421875,-0.00514984130859375,-0.00255584716796875,-0.0045013427734375,-0.0035858154296875,-0.004119873046875,-0.005340576171875,-0.0064849853515625,-0.00213623046875,-0.000152587890625,-0.00652313232421875,-0.0049591064453125,-0.0058746337890625,-0.00324249267578125,0.000762939453125,-0.00858306884765625,0.035247802734375,-0.123443603515625,0.06011962890625,0.082550048828125,0.077056884765625,0.084075927734375,0.13763427734375,0.08758544921875,0.1348876953125,0.18310546875,0.148162841796875,-0.03509521484375,-0.043792724609375,-0.16571044921875,-0.943450927734375,-3.2086181640625,-4.7598347663879395,1.2499618530273438
332,0.166,-0.0,-0.0,-0.0,-0.0,-0.0,-0.0,-0.0,-0.0,-0.0,-0.0,-0.0,-0.0,-3.7130398750305176,11.456793785095215,-830.9799194335938,237251.359375,1210.5655517578125,-2572.01513671875,-0.0,-0.0,-0.0,-0.0,-0.0,-0.0,0.010528564453125,0.005950927734375,0.01888275146484375,0.023193359375,0.0164031982421875,0.01911163330078125,0.01125335693359375,0.0298309326171875,0.01125335693359375,0.01125335693359375,0.0286865234375,0.026702880859375,0.02197265625,0.01392364501953125,0.00560760498046875,0.0403594970703125,-0.00396728515625,0.218505859375,0.06622314453125,0.070953369140625,0.07293701171875,0.0775146484375,0.13702392578125,0.0927734375,0.11627197265625,0.15594482421875,0.01800537109375,-0.023345947265625,-0.7861328125,-0.09063720703125,4.07989501953125,4.18182373046875,5.932862758636475,1.2499618530273438
333,0.1665,-0.0,-0.0,-0.0,-0.0,-0.0,-0.0,-0.0,-0.0,-0.0,-0.0,-0.0,-0.0,-3.1302995681762695,12.12485122680664,-833.822998046875,238602.75,1218.8135986328125,-2588.240966796875,-0.0,-0.0,-0.0,-0.0,-0.0,-0.0,0.00240325927734375,0.00415802001953125,0.002593994140625,0.0058746337890625,0.00331878662109375,0.00396728515625,0.006866455078125,0.00835418701171875,0.00446319580078125,0.00171661376953125,0.0066375732421875,0.00476837158203125,0.00812530517578125,0.0043487548828125,0.00133514404296875,0.00926971435546875,0.084686279296875,0.09979248046875,0.04913330078125,0.053863525390625,0.0909423828125,0.069122314453125,0.27984619140625,0.00457763671875,0.20050048828125,0.335693359375,0.067596435546875,0.06805419921875,0.179290771484375,0.2288818359375,1.01806640625,4.0020751953125,6.328888893127441,1.2499618530273438
334,0.167,-0.0,-0.0,-0.0,-0.0,-0.0,-0.0,-0.0,-0.0,-0.0,-0.0,-0.0,-0.0,-3.0794143676757812,12.403471946716309,-837.912109375,239439.234375,1380.5120849609375,-2342.498779296875,-0.0,-0.0,-0.0,-0.0,-0.0,-0.0,-0.0079345703125,-0.0103759765625,-0.01636505126953125,-0.022430419921875,-0.01491546630859375,-0.0214385986328125,-0.0131988525390625,-0.02986907958984375,-0.0093841552734375,-0.0102996826171875,-0.024261474609375,-0.0241851806640625,-0.02033233642578125,-0.01399993896484375,-0.0080108642578125,-0.0405120849609375,0.14312744140625,0.100555419921875,0.074005126953125,0.02838134765625,0.138702392578125,0.067291259765625,0.140380859375,0.1739501953125,-0.14892578125,-0.0091552734375,0.092315673828125,0.081939697265625,0.5029296875,0.237274169921875,-2.6373291015625,-3.440399169921875,-5.3934760093688965,1.2499618530273438
335,0.1675,-0.0,-0.0,-0.0,-0.0,-0.0,-0.0,-0.0,-0.0,-0.0,-0.0,-0.0,-0.0,-1.8642719984054565,12.35299301147461,-840.5560913085938,240038.109375,1747.16943359375,-2159.6181640625,-0.0,-0.0,-0.0,-0.0,-0.0,-0.0,-0.0020599365234375,-0.00286102294921875,-0.0040435791015625,-0.00415802001953125,-0.003509521484375,-0.0028228759765625,-0.0017547607421875,-0.00640869140625,-0.00247955322265625,-0.003662109375,-0.006256103515625,-0.005950927734375,-0.00457763671875,-0.00202178955078125,0.00064849853515625,-0.006866455078125,0.11016845703125,-0.051727294921875,0.10223388671875,0.099029541015625,-0.115966796875,0.07232666015625,0.3753662109375,0.22918701171875,0.37353515625,0.08270263671875,0.06561279296875,0.111083984375,0.258636474609375,0.020599365234375,-1.1114501953125,-2.40325927734375,-5.314270973205566,1.2499618530273438
336,0.168,-0.0,-0.0,-0.0,-0.0,-0.0,-0.0,-0.0,-0.0,-0.0,-0.0,-0.0,-0.0,-1.180585503578186,12.616388320922852,-840.8040161132812,240296.71875,1968.4063720703125,-2044.453857421875,-0.0,-0.0,-0.0,-0.0,-0.0,-0.0,0.0104522705078125,0.0067138671875,0.0183868408203125,0.02025604248046875,0.01720428466796875,0.01987457275390625,0.01247406005859375,0.02910614013671875,0.01003265380859375,0.01277923583984375,0.02506256103515625,0.02788543701171875,0.01926422119140625,0.016326904296875,0.0080108642578125,0.03936767578125,0.0640869140625,0.0799560546875,0.079803466796875,0.142974853515625,0.128936767578125,0.057525634765625,0.22186279296875,0.19683837890625,0.26153564453125,0.19622802734375,0.108489990234375,0.1531982421875,-0.728607177734375,-0.104827880859375,4.23583984375,3.87237548828125,7.279350757598877,1.2499618530273438
337,0.1685,-0.0,-0.0,-0.0,-0.0,-0.0,-0.0,-0.0,-0.0,-0.0,-0.0,-0.0,-0.0,-0.5558626651763916,11.216854095458984,-842.3474731445312,239565.375,2086.091064453125,-1946.800048828125,-0.0,-0.0,-0.0,-0.0,-0.0,-0.0,0.00408172607421875,0.00423431396484375,0.00331878662109375,0.00499725341796875,0.001983642578125,0.003509521484375,0.00514984130859375,0.008087158203125,0.003662109375,0.00080108642578125,0.0049591064453125,0.004119873046875,0.0049591064453125,0.00133514404296875,0.001678466796875,0.00965118408203125,0.028228759765625,0.185699462890625,0.080108642578125,0.0885009765625,-0.046844482421875,0.0775146484375,0.13641357421875,0.08636474609375,0.211181640625,0.18890380859375,0.1092529296875,0.124664306640625,0.0543212890625,0.046234130859375,1.62811279296875,2.64984130859375,6.962530136108398,1.2499618530273438
338,0.169,-0.0,-0.0,-0.0,-0.0,-0.0,-0.0,-0.0,-0.0,-0.0,-0.0,-0.0,-0.0,-0.07713674008846283,10.333637237548828,-838.763427734375,238583.359375,2411.7353515625,-1870.1348876953125,-0.0,-0.0,-0.0,-0.0,-0.0,-0.0,-0.0110626220703125,-0.00751495361328125,-0.0176239013671875,-0.0206756591796875,-0.0164794921875,-0.01922607421875,-0.011749267578125,-0.03124237060546875,-0.009002685546875,-0.01132965087890625,-0.025787353515625,-0.0273895263671875,-0.0194549560546875,-0.01491546630859375,-0.00484466552734375,-0.03818511962890625,0.170135498046875,0.130157470703125,0.054779052734375,0.075531005859375,0.225830078125,0.065155029296875,0.09552001953125,0.2301025390625,-0.3778076171875,0.22216796875,0.042724609375,0.15838623046875,0.654296875,-0.029296875,-3.4210205078125,-3.975830078125,-4.601424217224121,1.2499618530273438
339,0.1695,-0.0,-0.0,-0.0,-0.0,-0.0,-0.0,-0.0,-0.0,-0.0,-0.0,-0.0,-0.0,-0.11446364223957062,9.299416542053223,-836.2744750976562,237459.046875,3030.25830078125,-1756.50927734375,-0.0,-0.0,-0.0,-0.0,-0.0,-0.0,0.000152587890625,-0.00514984130859375,-0.0034332275390625,-0.00396728515625,-0.00377655029296875,-0.00255584716796875,-0.00492095947265625,-0.00457763671875,-0.00087738037109375,0.00057220458984375,-0.006866455078125,-0.00209808349609375,-0.0077056884765625,-0.00244140625,-0.0006866455078125,-0.0074005126953125,0.47882080078125,0.24383544921875,0.0579833984375,0.036163330078125,0.150909423828125,0.032958984375,0.238037109375,-0.01190185546875,0.75897216796875,0.09002685546875,0.084228515625,0.168304443359375,0.005645751953125,-0.164794921875,-0.1715087890625,-3.029937744140625,-4.363808631896973,1.2499618530273438
340,0.17,-0.0,-0.0,-0.0,-0.0,-0.0,-0.0,-0.0,-0.0,-0.0,-0.0,-0.0,-0.0,-1.1274123191833496,8.228453636169434,-834.3264770507812,236969.484375,3688.50927734375,-2028.25732421875,-0.0,-0.0,-0.0,-0.0,-0.0,-0.0,0.008087158203125,0.008697509765625,0.01743316650390625,0.023345947265625,0.0157928466796875,0.01964569091796875,0.01163482666015625,0.0298309326171875,0.00980377197265625,0.01132965087890625,0.02777099609375,0.027008056640625,0.02147674560546875,0.015869140625,0.00598907470703125,0.0409698486328125,-0.21697998046875,0.12908935546875,0.098876953125,0.0,0.109405517578125,0.11016845703125,0.1568603515625,-0.2301025390625,0.45867919921875,-0.2911376953125,-0.010528564453125,0.031280517578125,-0.59722900390625,0.19683837890625,4.999847412109375,4.999847412109375,5.616042137145996,1.2499618530273438
341,0.1705,-0.0,-0.0,-0.0,-0.0,-0.0,-0.0,-0.0,-0.0,-0.0,-0.0,-0.0,-0.0,-4.154574394226074,6.2598347663879395,-834.5593872070312,236266.9375,4136.69873046875,-2861.46484375,-0.0,-0.0,-0.0,-0.0,-0.0,-0.0,0.00194549560546875,0.00698089599609375,0.00530242919921875,0.0052642822265625,0.00568389892578125,0.0029754638671875,0.00263214111328125,0.00682830810546875,0.00164031982421875,0.00339508056640625,0.00652313232421875,0.0017547607421875,0.001220703125,0.00293731689453125,0.000457763671875,0.00926971435546875,-0.172271728515625,-0.151214599609375,0.09002685546875,0.05157470703125,0.060882568359375,0.133209228515625,0.17425537109375,0.7965087890625,-0.0439453125,0.1678466796875,0.070648193359375,-0.037078857421875,0.23773193359375,0.018157958984375,0.069122314453125,1.637115478515625,5.616042137145996,1.2499618530273438
342,0.171,-0.0,-0.0,-0.0,-0.0,-0.0,-0.0,-0.0,-0.0,-0.0,-0.0,-0.0,-0.0,-7.813244819641113,4.769371032714844,-836.1588134765625,236229.53125,4787.546875,-3810.017822265625,-0.0,-0.0,-0.0,-0.0,-0.0,-0.0,-0.00881195068359375,-0.0052642822265625,-0.01583099365234375,-0.0209808349609375,-0.014495849609375,-0.0185394287109375,-0.01117706298828125,-0.03032684326171875,-0.01251220703125,-0.01064300537109375,-0.0262451171875,-0.0267791748046875,-0.01922607421875,-0.0147247314453125,-0.0074005126953125,-0.03963470458984375,-0.11444091796875,0.09796142578125,0.09124755859375,0.171966552734375,0.097808837890625,0.032806396484375,0.13153076171875,0.35308837890625,0.40435791015625,0.22979736328125,0.108642578125,0.01556396484375,1.01409912109375,0.03814697265625,-4.327850341796875,-3.593597412109375,-6.343937873840332,1.2499618530273438
343,0.1715,-0.0,-0.0,-0.0,-0.0,-0.0,-0.0,-0.0,-0.0,-0.0,-0.0,-0.0,-0.0,-10.363798141479492,3.6729981899261475,-838.9508666992188,236451.515625,5081.0712890625,-4560.8623046875,-0.0,-0.0,-0.0,-0.0,-0.0,-0.0,-0.00255584716796875,-0.00545501708984375,-0.00347137451171875,-0.00232696533203125,-0.00263214111328125,-0.0041961669921875,-0.00446319580078125,-0.00751495361328125,-0.00118255615234375,-0.0043487548828125,-0.004730224609375,-0.00217437744140625,-0.0016021728515625,-0.00247955322265625,-0.00152587890625,-0.0084686279296875,-0.09521484375,0.00274658203125,0.11962890625,0.14678955078125,0.045318603515625,0.0457763671875,0.14129638671875,0.16937255859375,0.0848388671875,0.18157958984375,0.131683349609375,0.062408447265625,0.06256103515625,0.084228515625,-0.330047607421875,-2.0904541015625,1.2597581148147583,1.2499618530273438
344,0.17200000000000001,-0.0,-0.0,-0.0,-0.0,-0.0,-0.0,-0.0,-0.0,-0.0,-0.0,-0.0,-0.0,-11.506342887878418,3.2369840145111084,-841.4968872070312,236741.484375,5151.83984375,-4753.60791015625,-0.0,-0.0,-0.0,-0.0,-0.0,-0.0,0.00858306884765625,0.0061798095703125,0.01766204833984375,0.0229644775390625,0.0173187255859375,0.01773834228515625,0.01399993896484375,0.03269195556640625,0.01117706298828125,0.01140594482421875,0.026397705078125,0.0295257568359375,0.0201416015625,0.01575469970703125,0.00644683837890625,0.04058837890625,0.1318359375,0.089263916015625,0.081939697265625,0.098419189453125,-0.034942626953125,0.103302001953125,0.152587890625,0.07476806640625,-0.7568359375,0.24627685546875,0.062713623046875,0.10498046875,-0.67474365234375,0.19317626953125,4.999847412109375,4.05426025390625,6.80411958694458,1.2499618530273438
345,0.17250000000000001,-0.0,-0.0,-0.0,-0.0,-0.0,-0.0,-0.0,-0.0,-0.0,-0.0,-0.0,-0.0,-10.864506721496582,3.330238103866577,-845.7479858398438,237314.0625,5051.47998046875,-4672.86279296875,-0.0,-0.0,-0.0,-0.0,-0.0,-0.0,0.00244140625,0.00232696533203125,0.00331878662109375,0.0055694580078125,0.00545501708984375,0.0028228759765625,0.0019073486328125,0.00568389892578125,0.00255584716796875,0.00110626220703125,0.003814697265625,0.0018310546875,0.00705718994140625,0.0041961669921875,0.00110626220703125,0.00812530517578125,0.092926025390625,0.22369384765625,0.059356689453125,0.073699951171875,0.047607421875,0.0628662109375,0.1416015625,0.15960693359375,-0.55023193359375,0.091552734375,-0.002899169921875,0.1104736328125,0.010528564453125,-0.120697021484375,-0.0799560546875,2.820587158203125,5.061605930328369,1.2499618530273438
346,0.17300000000000001,-0.0,-0.0,-0.0,-0.0,-0.0,-0.0,-0.0,-0.0,-0.0,-0.0,-0.0,-0.0,-9.570579528808594,3.7457115650177,-850.0811767578125,238078.671875,4853.55029296875,-4274.0712890625,-0.0,-0.0,-0.0,-0.0,-0.0,-0.0,-0.0081634521484375,-0.008544921875,-0.017547607421875,-0.0208282470703125,-0.01773834228515625,-0.0131988525390625,-0.01331329345703125,-0.03101348876953125,-0.01129150390625,-0.00942230224609375,-0.02490997314453125,-0.02613067626953125,-0.01766204833984375,-0.01384735107421875,-0.00499725341796875,-0.03879547119140625,0.089569091796875,0.0384521484375,0.065765380859375,0.0433349609375,0.213623046875,0.07232666015625,0.0518798828125,-0.2001953125,1.41632080078125,0.10467529296875,0.065765380859375,0.037384033203125,0.43212890625,0.082244873046875,-3.70574951171875,-2.882537841796875,-4.522219181060791,1.2499618530273438
347,0.17350000000000002,-0.0,-0.0,-0.0,-0.0,-0.0,-0.0,-0.0,-0.0,-0.0,-0.0,-0.0,-0.0,-7.816561698913574,4.873841762542725,-852.7708740234375,238150.296875,4373.42138671875,-3825.55810546875,-0.0,-0.0,-0.0,-0.0,-0.0,-0.0,-0.001373291015625,7.62939453125e-05,-0.00301361083984375,-0.00423431396484375,-0.00278472900390625,-0.0040435791015625,-0.00331878662109375,-0.007171630859375,-0.00232696533203125,-0.001373291015625,-0.00400543212890625,-0.00156402587890625,-0.0034332275390625,-0.00171661376953125,-0.001373291015625,-0.00850677490234375,0.11810302734375,0.044403076171875,0.09307861328125,0.09552001953125,-0.183868408203125,0.100860595703125,0.10040283203125,0.00701904296875,0.42083740234375,0.18646240234375,0.09429931640625,-0.057830810546875,0.15869140625,0.20355224609375,0.628204345703125,-1.20697021484375,-5.710296630859375,1.2499618530273438
348,0.17400000000000002,-0.0,-0.0,-0.0,-0.0,-0.0,-0.0,-0.0,-0.0,-0.0,-0.0,-0.0,-0.0,-5.480493545532227,6.130133152008057,-853.9213256835938,237712.453125,4061.326904296875,-3164.322998046875,-0.0,-0.0,-0.0,-0.0,-0.0,-0.0,0.00949859619140625,0.0058746337890625,0.01800537109375,0.0237274169921875,0.01651763916015625,0.02349853515625,0.01094818115234375,0.03063201904296875,0.0095367431640625,0.0141143798828125,0.0255584716796875,0.0276947021484375,0.0203704833984375,0.01445770263671875,0.00965118408203125,0.03917694091796875,0.111846923828125,0.0738525390625,0.0750732421875,0.08758544921875,0.295867919921875,0.08148193359375,0.26397705078125,0.33660888671875,0.53131103515625,0.22064208984375,0.072784423828125,0.011444091796875,-0.972747802734375,-0.09918212890625,4.334716796875,3.71490478515625,7.754581928253174,1.2499618530273438
349,0.17450000000000002,-0.0,-0.0,-0.0,-0.0,-0.0,-0.0,-0.0,-0.0,-0.0,-0.0,-0.0,-0.0,-3.4860692024230957,6.862858295440674,-852.6663208007812,236231.046875,3938.629638671875,-2575.9287109375,-0.0,-0.0,-0.0,-0.0,-0.0,-0.0,0.00148773193359375,0.0067901611328125,0.0026702880859375,0.004425048828125,0.00476837158203125,0.0055694580078125,0.00431060791015625,0.0072479248046875,0.00141143798828125,0.0048065185546875,0.00415802001953125,0.0028228759765625,0.00530242919921875,0.00583648681640625,0.001983642578125,0.006866455078125,0.497589111328125,0.03082275390625,0.078887939453125,0.0323486328125,0.386505126953125,0.03814697265625,0.0311279296875,0.23956298828125,0.2825927734375,0.10894775390625,0.099639892578125,0.083465576171875,0.456085205078125,0.112762451171875,0.72052001953125,2.364044189453125,5.536837100982666,1.2499618530273438
350,0.17500000000000002,-0.0,-0.0,-0.0,-0.0,-0.0,-0.0,-0.0,-0.0,-0.0,-0.0,-0.0,-0.0,-2.3592593669891357,6.862817764282227,-849.9764404296875,234816.125,3913.756103515625,-2301.714599609375,-0.0,-0.0,-0.0,-0.0,-0.0,-0.0,-0.0090789794921875,-0.0090789794921875,-0.0171661376953125,-0.02132415771484375,-0.01651763916015625,-0.020599365234375,-0.011444091796875,-0.02895355224609375,-0.00965118408203125,-0.01277923583984375,-0.02574920654296875,-0.02758026123046875,-0.01918792724609375,-0.0151824951171875,-0.003662109375,-0.0394439697265625,-0.021514892578125,-0.029754638671875,0.081634521484375,0.00244140625,0.16998291015625,0.10345458984375,0.16021728515625,0.1495361328125,-0.21087646484375,0.11199951171875,0.08026123046875,0.08331298828125,0.75225830078125,0.281524658203125,-3.1170654296875,-3.397216796875,-4.2053985595703125,1.2499618530273438
351,0.17550000000000002,-0.0,-0.0,-0.0,-0.0,-0.0,-0.0,-0.0,-0.0,-0.0,-0.0,-0.0,-0.0,-2.6877880096435547,6.526528358459473,-846.8335571289062,232720.21875,3923.193115234375,-2373.377197265625,-0.0,-0.0,-0.0,-0.0,-0.0,-0.0,-0.00118255615234375,-0.00713348388671875,-0.0032806396484375,-0.00392913818359375,-0.00213623046875,-0.001220703125,-0.003814697265625,-0.00698089599609375,-0.00247955322265625,-0.00102996826171875,-0.0045013427734375,0.000152587890625,-0.00431060791015625,-0.004119873046875,-0.0008392333984375,-0.008697509765625,-0.23895263671875,0.206298828125,0.05706787109375,0.0439453125,0.125732421875,0.092620849609375,0.113525390625,0.14129638671875,1.04644775390625,0.14495849609375,0.06317138671875,0.068206787109375,-0.13336181640625,0.09490966796875,1.604766845703125,-2.52777099609375,-7.452810287475586,1.2499618530273438
352,0.176,-0.0,-0.0,-0.0,-0.0,-0.0,-0.0,-0.0,-0.0,-0.0,-0.0,-0.0,-0.0,-3.6197636127471924,5.263791561126709,-841.3870239257812,230481.921875,4161.1748046875,-2626.65673828125,-0.0,-0.0,-0.0,-0.0,-0.0,-0.0,0.0089263916015625,0.00438690185546875,0.01750946044921875,0.02239227294921875,0.0159454345703125,0.018463134765625,0.00873565673828125,0.03002166748046875,0.01201629638671875,0.009765625,0.026397705078125,0.02593994140625,0.02017974853515625,0.01438140869140625,0.00782012939453125,0.0390625,-0.037384033203125,0.087432861328125,0.066070556640625,0.08758544921875,0.07537841796875,0.1080322265625,0.07568359375,0.064697265625,-0.00244140625,0.15838623046875,0.13946533203125,0.09735107421875,-1.117706298828125,-0.114593505859375,3.497467041015625,3.819427490234375,6.170478343963623,1.2499618530273438
353,0.1765,-0.0,-0.0,-0.0,-0.0,-0.0,-0.0,-0.0,-0.0,-0.0,-0.0,-0.0,-0.0,-3.601557970046997,4.1421380043029785,-833.634033203125,227904.8125,4747.87646484375,-2576.414794921875,-0.0,-0.0,-0.0,-0.0,-0.0,-0.0,0.0018310546875,0.004425048828125,0.00415802001953125,0.0049591064453125,0.00392913818359375,0.0054931640625,0.003814697265625,0.0058746337890625,0.0017547607421875,0.00244140625,0.0060272216796875,0.0023651123046875,0.00598907470703125,0.003509521484375,0.002899169921875,0.00782012939453125,0.03021240234375,0.06866455078125,0.06072998046875,0.109405517578125,0.0115966796875,0.0054931640625,0.04486083984375,0.1226806640625,0.18096923828125,0.1605224609375,0.14312744140625,0.15350341796875,0.09765625,-0.039520263671875,-0.383758544921875,2.8485107421875,7.200145721435547,1.2499618530273438
354,0.177,-0.0,-0.0,-0.0,-0.0,-0.0,-0.0,-0.0,-0.0,-0.0,-0.0,-0.0,-0.0,-3.486358880996704,2.4554922580718994,-827.6643676757812,225327.125,4979.552734375,-2529.265380859375,-0.0,-0.0,-0.0,-0.0,-0.0,-0.0,-0.00949859619140625,-0.0060272216796875,-0.01865386962890625,-0.0200653076171875,-0.01708984375,-0.0186920166015625,-0.0115966796875,-0.030975341796875,-0.00797271728515625,-0.01430511474609375,-0.023345947265625,-0.0247955322265625,-0.01621246337890625,-0.01689910888671875,-0.0060272216796875,-0.0386810302734375,0.889434814453125,0.002593994140625,0.044708251953125,0.0469970703125,0.066986083984375,0.0494384765625,0.1611328125,0.12420654296875,-0.17486572265625,0.16571044921875,0.03631591796875,0.146484375,0.62896728515625,0.240478515625,-2.620697021484375,-2.122955322265625,-5.710296630859375,1.2499618530273438
355,0.1775,-0.0,-0.0,-0.0,-0.0,-0.0,-0.0,-0.0,-0.0,-0.0,-0.0,-0.0,-0.0,-3.5310845375061035,1.0512248277664185,-821.6587524414062,222660.546875,5307.11962890625,-2324.960693359375,-0.0,-0.0,-0.0,-0.0,-0.0,-0.0,-0.0009918212890625,-0.00507354736328125,-0.0031280517578125,-0.0048065185546875,-0.00316619873046875,-0.00408172607421875,-0.0023651123046875,-0.00537872314453125,-0.00293731689453125,-0.001678466796875,-0.00759124755859375,-0.0035858154296875,-0.00659942626953125,-0.0031280517578125,0.00240325927734375,-0.00797271728515625,-0.24078369140625,0.037078857421875,0.09857177734375,0.07904052734375,0.06591796875,0.08087158203125,0.184326171875,0.15411376953125,0.1025390625,0.17303466796875,0.06561279296875,0.03326416015625,0.13885498046875,0.049591064453125,0.03143310546875,-2.415771484375,-14.264453887939453,1.2499618530273438
356,0.178,-0.0,-0.0,-0.0,-0.0,-0.0,-0.0,-0.0,-0.0,-0.0,-0.0,-0.0,-0.0,-4.684774398803711,-0.8565801382064819,-817.7850952148438,220525.8125,5475.0302734375,-2711.92333984375,-0.0,-0.0,-0.0,-0.0,-0.0,-0.0,0.008392333984375,0.00988006591796875,0.0170135498046875,0.02407073974609375,0.0170135498046875,0.01987457275390625,0.01178741455078125,0.03032684326171875,0.00789642333984375,0.0098419189453125,0.02628326416015625,0.02490997314453125,0.018768310546875,0.01739501953125,0.00713348388671875,0.0390625,-0.3143310546875,0.2288818359375,0.113525390625,0.122222900390625,0.014190673828125,0.13946533203125,0.11260986328125,0.101318359375,0.108642578125,0.159912109375,-0.036773681640625,-0.027923583984375,-0.457000732421875,-0.094451904296875,3.327484130859375,3.39385986328125,5.378426551818848,1.2499618530273438
357,0.1785,-0.0,-0.0,-0.0,-0.0,-0.0,-0.0,-0.0,-0.0,-0.0,-0.0,-0.0,-0.0,-6.14785623550415,-3.0461080074310303,-817.298828125,219478.3125,5789.0537109375,-3060.5419921875,-0.0,-0.0,-0.0,-0.0,-0.0,-0.0,0.00209808349609375,0.007476806640625,0.00392913818359375,0.0061798095703125,0.00339508056640625,0.0040435791015625,0.002899169921875,0.0052642822265625,0.0019073486328125,0.00278472900390625,0.006866455078125,0.00339508056640625,0.0041961669921875,0.00446319580078125,-0.0003814697265625,0.00873565673828125,0.024871826171875,-0.0360107421875,0.091400146484375,0.08758544921875,0.0457763671875,0.068511962890625,0.11199951171875,0.14739990234375,0.0970458984375,0.11962890625,0.079498291015625,-0.0115966796875,0.347137451171875,0.0714111328125,1.120758056640625,3.094635009765625,7.0417351722717285,1.2499618530273438
358,0.179,-0.0,-0.0,-0.0,-0.0,-0.0,-0.0,-0.0,-0.0,-0.0,-0.0,-0.0,-0.0,-6.556497097015381,-4.5927276611328125,-815.067626953125,218328.09375,5674.0107421875,-3230.224609375,-0.0,-0.0,-0.0,-0.0,-0.0,-0.0,-0.00782012939453125,-0.010986328125,-0.01575469970703125,-0.02288818359375,-0.0151824951171875,-0.01888275146484375,-0.010528564453125,-0.02910614013671875,-0.00995635986328125,-0.011444091796875,-0.02445220947265625,-0.023651123046875,-0.0193023681640625,-0.01667022705078125,-0.0048828125,-0.03925323486328125,0.32012939453125,0.16204833984375,0.026702880859375,0.0616455078125,0.075531005859375,0.076141357421875,0.12420654296875,0.1397705078125,0.12237548828125,0.15350341796875,0.058746337890625,0.06011962890625,0.555877685546875,0.198974609375,-1.517791748046875,-3.16650390625,-3.809372663497925,1.2499618530273438
359,0.1795,-0.0,-0.0,-0.0,-0.0,-0.0,-0.0,-0.0,-0.0,-0.0,-0.0,-0.0,-0.0,-7.016027927398682,-6.0058746337890625,-813.5542602539062,217248.890625,5886.2666015625,-3299.2236328125,-0.0,-0.0,-0.0,-0.0,-0.0,-0.0,-0.00209808349609375,-0.0048828125,-0.00339508056640625,-0.004730224609375,-0.001068115234375,-0.0034332275390625,-0.00148773193359375,-0.00713348388671875,-0.00133514404296875,-0.00244140625,-0.0049591064453125,-0.00293731689453125,-0.004730224609375,-0.00072479248046875,-0.00408172607421875,-0.00774383544921875,0.2288818359375,0.113983154296875,0.053253173828125,0.100555419921875,0.052032470703125,0.055999755859375,0.20477294921875,0.20050048828125,0.1409912109375,0.118408203125,0.090484619140625,0.102996826171875,0.07781982421875,0.0421142578125,-0.806121826171875,-2.7783203125,-4.522219181060791,1.2499618530273438
360,0.18,-0.0,-0.0,-0.0,-0.0,-0.0,-0.0,-0.0,-0.0,-0.0,-0.0,-0.0,-0.0,-7.081356525421143,-7.480475902557373,-812.702880859375,216833.328125,6036.84130859375,-3370.58935546875,-0.0,-0.0,-0.0,-0.0,-0.0,-0.0,0.0093841552734375,0.0098419189453125,0.01621246337890625,0.02559661865234375,0.01583099365234375,0.01857757568359375,0.0122833251953125,0.030670166015625,0.01041412353515625,0.01102447509765625,0.02918243408203125,0.02513885498046875,0.02124786376953125,0.01506805419921875,0.00698089599609375,0.03955841064453125,-0.11474609375,-0.30364990234375,0.151824951171875,0.10498046875,0.0860595703125,0.092926025390625,0.19378662109375,0.13763427734375,0.150146484375,0.2288818359375,0.113525390625,0.14801025390625,-0.7012939453125,0.0860595703125,3.22540283203125,3.4539794921875,7.120940208435059,1.2499618530273438
361,0.1805,-0.0,-0.0,-0.0,-0.0,-0.0,-0.0,-0.0,-0.0,-0.0,-0.0,-0.0,-0.0,-7.521020889282227,-8.751443862915039,-813.2804565429688,215672.71875,5580.1845703125,-3576.2939453125,-0.0,-0.0,-0.0,-0.0,-0.0,-0.0,0.0022125244140625,0.0075531005859375,0.0043487548828125,0.006103515625,0.0032806396484375,0.0048065185546875,0.0032806396484375,0.007171630859375,0.0008392333984375,0.00217437744140625,0.00736236572265625,0.00522613525390625,0.00762939453125,0.00293731689453125,0.00091552734375,0.008087158203125,-0.0396728515625,0.054779052734375,0.0848388671875,0.057830810546875,0.059051513671875,0.07232666015625,0.1080322265625,0.1434326171875,0.14373779296875,0.14678955078125,0.11566162109375,0.104217529296875,0.3387451171875,0.287933349609375,1.386260986328125,4.317169189453125,6.566504001617432,1.2499618530273438
362,0.181,-0.0,-0.0,-0.0,-0.0,-0.0,-0.0,-0.0,-0.0,-0.0,-0.0,-0.0,-0.0,-7.390096664428711,-9.83806324005127,-812.9315795898438,215169.953125,5736.2666015625,-3471.861083984375,-0.0,-0.0,-0.0,-0.0,-0.0,-0.0,-0.00827789306640625,-0.0093841552734375,-0.0164031982421875,-0.0222015380859375,-0.0162506103515625,-0.01987457275390625,-0.01186370849609375,-0.03078460693359375,-0.00988006591796875,-0.01178741455078125,-0.02552032470703125,-0.02719879150390625,-0.020599365234375,-0.0167083740234375,-0.00598907470703125,-0.0405120849609375,-0.126495361328125,0.230560302734375,0.0537109375,0.069732666015625,0.073394775390625,0.048675537109375,0.1556396484375,0.11810302734375,0.14129638671875,0.196533203125,0.060272216796875,0.068359375,0.678558349609375,0.025634765625,-2.75115966796875,-4.14459228515625,-4.8390398025512695,1.2499618530273438
363,0.1815,-0.0,-0.0,-0.0,-0.0,-0.0,-0.0,-0.0,-0.0,-0.0,-0.0,-0.0,-0.0,-6.598989486694336,-10.57876205444336,-813.5233154296875,214606.4375,5497.51220703125,-3343.6708984375,-0.0,-0.0,-0.0,-0.0,-0.0,-0.0,-0.00255584716796875,-0.00438690185546875,-0.0035858154296875,-0.00507354736328125,-0.00335693359375,-0.0040435791015625,-0.00118255615234375,-0.00728607177734375,-0.00171661376953125,-0.0055694580078125,-0.00637054443359375,-0.00232696533203125,-0.00530242919921875,-0.00110626220703125,-0.00091552734375,-0.00789642333984375,0.5963134765625,0.0164794921875,0.0335693359375,0.034942626953125,0.00701904296875,0.039520263671875,0.12176513671875,0.198974609375,0.15869140625,0.14556884765625,0.01007080078125,0.05401611328125,0.170745849609375,-0.024566650390625,-0.101470947265625,-2.991485595703125,-5.472681045532227,1.2499618530273438
364,0.182,-0.0,-0.0,-0.0,-0.0,-0.0,-0.0,-0.0,-0.0,-0.0,-0.0,-0.0,-0.0,-5.759194374084473,-11.543025970458984,-813.1189575195312,214010.109375,5222.05810546875,-3171.972900390625,-0.0,-0.0,-0.0,-0.0,-0.0,-0.0,0.0092315673828125,0.00782012939453125,0.01697540283203125,0.02346038818359375,0.01583099365234375,0.01918792724609375,0.0103759765625,0.03055572509765625,0.01018524169921875,0.01094818115234375,0.02689361572265625,0.025482177734375,0.02231597900390625,0.0152587890625,0.00759124755859375,0.03765106201171875,0.020599365234375,-0.012054443359375,0.0616455078125,0.03997802734375,0.154876708984375,0.12237548828125,0.15472412109375,0.167236328125,0.15777587890625,0.15716552734375,0.08209228515625,0.028228759765625,-0.753631591796875,-0.1287841796875,4.151763916015625,4.388275146484375,6.962530136108398,1.2499618530273438
365,0.1825,-0.0,-0.0,-0.0,-0.0,-0.0,-0.0,-0.0,-0.0,-0.0,-0.0,-0.0,-0.0,-5.315761566162109,-11.32547664642334,-813.7108764648438,213455.234375,5014.01318359375,-3064.35595703125,-0.0,-0.0,-0.0,-0.0,-0.0,-0.0,0.0012969970703125,0.0043487548828125,0.0029754638671875,0.00644683837890625,0.00514984130859375,0.003662109375,0.001373291015625,0.0072479248046875,0.00209808349609375,0.0016021728515625,0.00843048095703125,0.0060272216796875,0.00774383544921875,0.0019073486328125,-0.0003814697265625,0.01087188720703125,-0.08056640625,0.205535888671875,0.04852294921875,0.086212158203125,0.078582763671875,0.117950439453125,0.120849609375,0.1751708984375,0.12847900390625,0.10040283203125,0.15228271484375,0.055389404296875,0.061187744140625,0.25177001953125,2.376556396484375,3.45245361328125,5.695247173309326,1.2499618530273438
366,0.183,-0.0,-0.0,-0.0,-0.0,-0.0,-0.0,-0.0,-0.0,-0.0,-0.0,-0.0,-0.0,-5.206620216369629,-11.801177024841309,-814.140625,213451.359375,4648.75048828125,-3180.752685546875,-0.0,-0.0,-0.0,-0.0,-0.0,-0.0,-0.0107574462890625,-0.007171630859375,-0.01781463623046875,-0.02040863037109375,-0.01495361328125,-0.0186920166015625,-0.0109100341796875,-0.02994537353515625,-0.00865936279296875,-0.0131988525390625,-0.02605438232421875,-0.02475738525390625,-0.0203704833984375,-0.01415252685546875,-0.0067901611328125,-0.0376129150390625,0.438385009765625,0.1129150390625,0.073394775390625,0.068817138671875,0.09765625,0.039520263671875,0.137939453125,0.1678466796875,0.17852783203125,0.17608642578125,0.161590576171875,0.106048583984375,0.6561279296875,0.055389404296875,-3.094940185546875,-3.636932373046875,-6.819169044494629,1.2499618530273438
367,0.1835,-0.0,-0.0,-0.0,-0.0,-0.0,-0.0,-0.0,-0.0,-0.0,-0.0,-0.0,-0.0,-5.2952561378479,-11.767545700073242,-816.42431640625,214289.078125,4510.17236328125,-3167.275634765625,-0.0,-0.0,-0.0,-0.0,-0.0,-0.0,-0.00118255615234375,-0.00339508056640625,-0.00217437744140625,-0.00431060791015625,-0.0035858154296875,-0.00476837158203125,-0.00148773193359375,-0.00812530517578125,-0.00102996826171875,-0.0011444091796875,-0.00438690185546875,-0.00247955322265625,-0.00576019287109375,-0.003662109375,-0.00019073486328125,-0.00812530517578125,-0.0445556640625,-0.080718994140625,0.13763427734375,0.1165771484375,0.084381103515625,0.087890625,0.16357421875,0.15289306640625,0.1763916015625,0.3515625,0.0311279296875,0.077362060546875,-0.05950927734375,0.007781982421875,-0.5029296875,-1.89788818359375,-4.522219181060791,1.2499618530273438
368,0.184,-0.0,-0.0,-0.0,-0.0,-0.0,-0.0,-0.0,-0.0,-0.0,-0.0,-0.0,-0.0,-4.6889424324035645,-12.039077758789062,-821.2296142578125,215154.8125,4083.71533203125,-3091.452880859375,-0.0,-0.0,-0.0,-0.0,-0.0,-0.0,0.01140594482421875,0.0067901611328125,0.01739501953125,0.0217437744140625,0.01708984375,0.0164794921875,0.0116729736328125,0.03116607666015625,0.00988006591796875,0.01194000244140625,0.02895355224609375,0.02620697021484375,0.02155303955078125,0.0152587890625,0.0048828125,0.0388336181640625,-0.377044677734375,0.081024169921875,0.10467529296875,0.135955810546875,0.093231201171875,0.07720947265625,0.14495849609375,0.13641357421875,0.1348876953125,0.12847900390625,-0.013885498046875,0.06500244140625,-0.69366455078125,0.27984619140625,4.16107177734375,4.999847412109375,10.209942817687988,1.2499618530273438
369,0.1845,-0.0,-0.0,-0.0,-0.0,-0.0,-0.0,-0.0,-0.0,-0.0,-0.0,-0.0,-0.0,-3.8295693397521973,-12.419774055480957,-825.5271606445312,216382.859375,3698.82763671875,-2894.569580078125,-0.0,-0.0,-0.0,-0.0,-0.0,-0.0,0.0023651123046875,0.00499725341796875,0.00354766845703125,0.0032806396484375,0.005340576171875,0.0045013427734375,0.00255584716796875,0.00701904296875,0.002593994140625,0.0025177001953125,0.0054931640625,0.00026702880859375,0.00370025634765625,0.0031280517578125,0.00301361083984375,0.0078582763671875,0.203399658203125,0.235595703125,0.039825439453125,0.052032470703125,0.0457763671875,0.034637451171875,0.113525390625,0.13458251953125,0.19195556640625,0.13763427734375,0.02899169921875,0.12054443359375,0.06011962890625,-0.00946044921875,-0.472259521484375,2.885589599609375,5.7744526863098145,1.2499618530273438
370,0.185,-0.0,-0.0,-0.0,-0.0,-0.0,-0.0,-0.0,-0.0,-0.0,-0.0,-0.0,-0.0,-2.416738748550415,-12.730303764343262,-830.5232543945312,217398.21875,3429.285400390625,-2463.04345703125,-0.0,-0.0,-0.0,-0.0,-0.0,-0.0,-0.0093841552734375,-0.00568389892578125,-0.0167083740234375,-0.019683837890625,-0.016326904296875,-0.019378662109375,-0.011138916015625,-0.0307464599609375,-0.0083160400390625,-0.013275146484375,-0.02544403076171875,-0.0278472900390625,-0.01857757568359375,-0.01628875732421875,-0.00579833984375,-0.0382232666015625,0.2667236328125,0.0958251953125,0.0726318359375,-0.000457763671875,0.065765380859375,0.05950927734375,0.0665283203125,0.16082763671875,0.16693115234375,0.1690673828125,0.06072998046875,0.08575439453125,0.82000732421875,0.001678466796875,-3.96759033203125,-4.474029541015625,-5.314270973205566,1.2499618530273438
371,0.1855,-0.0,-0.0,-0.0,-0.0,-0.0,-0.0,-0.0,-0.0,-0.0,-0.0,-0.0,-0.0,-2.560925006866455,-11.619324684143066,-837.6376953125,218926.046875,3212.45166015625,-2359.42236328125,-0.0,-0.0,-0.0,-0.0,-0.0,-0.0,-0.001983642578125,-0.00446319580078125,-0.00431060791015625,-0.0037384033203125,-0.0025177001953125,-0.0040435791015625,-0.00217437744140625,-0.0048065185546875,-0.00026702880859375,-0.0035858154296875,-0.00579833984375,-0.0040435791015625,-0.006103515625,-0.00118255615234375,-0.00225067138671875,-0.00629425048828125,-0.0860595703125,0.040740966796875,0.11383056640625,0.073394775390625,-0.07537841796875,0.11077880859375,0.1312255859375,0.14617919921875,0.13458251953125,0.23834228515625,0.094451904296875,0.039825439453125,0.098876953125,-0.00274658203125,-0.0390625,-2.659454345703125,-1.1163969039916992,1.2499618530273438
372,0.186,-0.0,-0.0,-0.0,-0.0,-0.0,-0.0,-0.0,-0.0,-0.0,-0.0,-0.0,-0.0,-2.816666841506958,-10.725687980651855,-842.9168090820312,220530.515625,2945.114990234375,-2359.327392578125,-0.0,-0.0,-0.0,-0.0,-0.0,-0.0,0.010528564453125,0.00659942626953125,0.0180816650390625,0.0213623046875,0.01651763916015625,0.0199127197265625,0.012664794921875,0.03162384033203125,0.0101470947265625,0.01316070556640625,0.02574920654296875,0.02895355224609375,0.02231597900390625,0.01373291015625,0.00957489013671875,0.03803253173828125,-0.093231201171875,0.09124755859375,0.071563720703125,0.133056640625,0.345306396484375,0.0506591796875,0.1507568359375,0.15472412109375,0.1593017578125,0.00701904296875,0.110321044921875,0.02105712890625,-0.737762451171875,0.03021240234375,4.999847412109375,4.61151123046875,7.912992000579834,1.2499618530273438
373,0.1865,-0.0,-0.0,-0.0,-0.0,-0.0,-0.0,-0.0,-0.0,-0.0,-0.0,-0.0,-0.0,-3.6149024963378906,-9.008811950683594,-846.5618896484375,221605.703125,3003.715576171875,-2327.929443359375,-0.0,-0.0,-0.0,-0.0,-0.0,-0.0,0.00156402587890625,0.00514984130859375,0.00339508056640625,0.00713348388671875,0.00293731689453125,0.005035400390625,0.00240325927734375,0.00644683837890625,0.0040435791015625,0.001068115234375,0.00682830810546875,0.0029754638671875,0.009002685546875,0.0018310546875,0.00034332275390625,0.00751495361328125,0.00396728515625,0.0262451171875,0.059051513671875,0.084686279296875,-0.10009765625,0.132904052734375,0.14129638671875,-0.032958984375,0.1727294921875,0.191650390625,0.073699951171875,0.102691650390625,0.146942138671875,0.01129150390625,1.183624267578125,4.52301025390625,5.378426551818848,1.2499618530273438
374,0.187,-0.0,-0.0,-0.0,-0.0,-0.0,-0.0,-0.0,-0.0,-0.0,-0.0,-0.0,-0.0,-3.3710098266601562,-7.595664978027344,-852.0392456054688,222649.5625,3018.53955078125,-2327.41064453125,-0.0,-0.0,-0.0,-0.0,-0.0,-0.0,-0.01041412353515625,-0.00896453857421875,-0.01636505126953125,-0.0213623046875,-0.01461029052734375,-0.0206756591796875,-0.01026153564453125,-0.03017425537109375,-0.0079345703125,-0.01094818115234375,-0.026702880859375,-0.02559661865234375,-0.02117156982421875,-0.0127410888671875,-0.00804901123046875,-0.037384033203125,0.181427001953125,-0.208587646484375,0.04730224609375,0.049285888671875,0.119171142578125,0.095062255859375,0.15045166015625,-0.00274658203125,-0.0390625,0.1922607421875,0.131683349609375,0.14251708984375,0.61492919921875,0.05615234375,-3.450775146484375,-2.84515380859375,-3.6509623527526855,1.2499618530273438
375,0.1875,-0.0,-0.0,-0.0,-0.0,-0.0,-0.0,-0.0,-0.0,-0.0,-0.0,-0.0,-0.0,-4.473693370819092,-6.702192783355713,-857.5569458007812,223809.109375,3206.445556640625,-2405.94921875,-0.0,-0.0,-0.0,-0.0,-0.0,-0.0,-0.0022125244140625,-0.002593994140625,-0.00240325927734375,-0.00347137451171875,-0.0020599365234375,-0.00270843505859375,-0.00270843505859375,-0.0063323974609375,-0.00293731689453125,-0.002899169921875,-0.0028228759765625,-0.00415802001953125,-0.00331878662109375,-0.003662109375,-0.0003814697265625,-0.008697509765625,0.153045654296875,0.103759765625,0.11505126953125,0.090484619140625,0.15228271484375,0.058135986328125,0.14923095703125,0.30609130859375,0.26123046875,0.15869140625,0.218963623046875,0.1177978515625,0.37078857421875,0.21209716796875,-1.882171630859375,-3.432769775390625,-6.106322288513184,1.2499618530273438
376,0.188,-0.0,-0.0,-0.0,-0.0,-0.0,-0.0,-0.0,-0.0,-0.0,-0.0,-0.0,-0.0,-5.117314338684082,-6.530849456787109,-862.6829833984375,225200.8125,3524.53076171875,-2704.72607421875,-0.0,-0.0,-0.0,-0.0,-0.0,-0.0,0.00949859619140625,0.00347137451171875,0.01506805419921875,0.02086639404296875,0.01682281494140625,0.01800537109375,0.01270294189453125,0.02986907958984375,0.01041412353515625,0.01190185546875,0.02819061279296875,0.02460479736328125,0.01922607421875,0.01529693603515625,0.00591278076171875,0.0385284423828125,0.081634521484375,0.018463134765625,0.101470947265625,0.028228759765625,0.07293701171875,0.020751953125,0.0640869140625,0.19744873046875,0.10101318359375,0.186767578125,0.043792724609375,0.098114013671875,-0.944061279296875,0.05096435546875,3.2574462890625,3.919830322265625,6.4080939292907715,1.2499618530273438
377,0.1885,-0.0,-0.0,-0.0,-0.0,-0.0,-0.0,-0.0,-0.0,-0.0,-0.0,-0.0,-0.0,-5.565682411193848,-6.061533451080322,-868.13916015625,226582.03125,3657.283935546875,-2870.31591796875,-0.0,-0.0,-0.0,-0.0,-0.0,-0.0,0.0037384033203125,0.0066375732421875,0.00408172607421875,0.006866455078125,0.0026702880859375,0.0055694580078125,0.0031280517578125,0.00576019287109375,0.0029754638671875,0.00274658203125,0.0095367431640625,0.0055694580078125,0.00774383544921875,0.00064849853515625,0.0017547607421875,0.00835418701171875,-0.02349853515625,-0.011444091796875,0.06927490234375,0.09185791015625,0.07781982421875,0.098419189453125,0.3912353515625,0.103759765625,0.3375244140625,0.06927490234375,-0.00885009765625,0.075225830078125,0.193939208984375,0.019989013671875,1.501922607421875,4.71710205078125,4.744785308837891,1.2499618530273438
378,0.189,-0.0,-0.0,-0.0,-0.0,-0.0,-0.0,-0.0,-0.0,-0.0,-0.0,-0.0,-0.0,-5.205909252166748,-5.708395957946777,-870.673828125,227193.078125,3965.548583984375,-2638.9765625,-0.0,-0.0,-0.0,-0.0,-0.0,-0.0,-0.00804901123046875,-0.0075531005859375,-0.01682281494140625,-0.02166748046875,-0.01544952392578125,-0.0188446044921875,-0.0112152099609375,-0.03124237060546875,-0.01049041748046875,-0.0113677978515625,-0.025787353515625,-0.02338409423828125,-0.0200653076171875,-0.01354217529296875,-0.0077056884765625,-0.03826141357421875,0.548553466796875,0.09063720703125,0.0531005859375,0.138092041015625,-0.056915283203125,0.09765625,0.0665283203125,0.0982666015625,0.15869140625,0.1287841796875,-0.062255859375,0.0177001953125,0.575714111328125,0.183868408203125,-2.335357666015625,-2.7740478515625,-3.809372663497925,1.2499618530273438
379,0.1895,-0.0,-0.0,-0.0,-0.0,-0.0,-0.0,-0.0,-0.0,-0.0,-0.0,-0.0,-0.0,-3.898817777633667,-5.4200215339660645,-871.6280517578125,227292.40625,4233.9609375,-2433.6201171875,-0.0,-0.0,-0.0,-0.0,-0.0,-0.0,-0.0023651123046875,-0.00431060791015625,-0.002593994140625,-0.00354766845703125,-0.00362396240234375,-0.00370025634765625,-0.0034332275390625,-0.00606536865234375,-0.0014495849609375,-0.0022125244140625,-0.00457763671875,-0.00225067138671875,-0.00576019287109375,-0.00263214111328125,-0.00118255615234375,-0.00782012939453125,0.31585693359375,0.06378173828125,0.073699951171875,0.08758544921875,-0.114288330078125,0.072784423828125,0.25665283203125,0.1544189453125,0.18829345703125,0.18890380859375,0.068206787109375,0.0360107421875,0.119781494140625,0.20233154296875,-0.01983642578125,-3.292083740234375,-5.155860424041748,1.2499618530273438
380,0.19,-0.0,-0.0,-0.0,-0.0,-0.0,-0.0,-0.0,-0.0,-0.0,-0.0,-0.0,-0.0,-3.9595937728881836,-5.058158874511719,-872.1640625,227581.921875,4111.56787109375,-2378.63916015625,-0.0,-0.0,-0.0,-0.0,-0.0,-0.0,0.00957489013671875,0.00514984130859375,0.01708984375,0.02285003662109375,0.01689910888671875,0.020294189453125,0.009765625,0.03414154052734375,0.00881195068359375,0.0124359130859375,0.02410888671875,0.02635955810546875,0.02010345458984375,0.0148773193359375,0.00804901123046875,0.0389862060546875,-0.336151123046875,-0.03326416015625,0.064544677734375,0.069122314453125,0.05950927734375,0.098114013671875,0.1519775390625,0.1171875,0.05889892578125,0.2349853515625,0.122222900390625,0.13946533203125,-0.853271484375,-0.14739990234375,3.89923095703125,3.678436279296875,7.516966342926025,1.2499618530273438
381,0.1905,-0.0,-0.0,-0.0,-0.0,-0.0,-0.0,-0.0,-0.0,-0.0,-0.0,-0.0,-0.0,-4.491940021514893,-5.030244827270508,-874.197021484375,228151.921875,4804.650390625,-2444.979248046875,-0.0,-0.0,-0.0,-0.0,-0.0,-0.0,0.002593994140625,0.00518798828125,0.00194549560546875,0.0046539306640625,0.0031280517578125,0.00377655029296875,0.0028228759765625,0.00873565673828125,0.0042724609375,0.0019073486328125,0.00537872314453125,0.00469207763671875,0.0089263916015625,0.00385284423828125,0.001373291015625,0.01041412353515625,-0.13397216796875,0.07598876953125,0.0433349609375,-0.0439453125,0.09307861328125,0.037384033203125,0.06744384765625,0.04302978515625,0.19500732421875,0.079345703125,0.18890380859375,0.105133056640625,-0.0518798828125,0.0,2.757110595703125,4.999847412109375,3.635913133621216,1.2499618530273438
382,0.191,-0.0,-0.0,-0.0,-0.0,-0.0,-0.0,-0.0,-0.0,-0.0,-0.0,-0.0,-0.0,-5.02428674697876,-5.712791919708252,-874.0376586914062,227679.46875,4849.169921875,-2716.561767578125,-0.0,-0.0,-0.0,-0.0,-0.0,-0.0,-0.008087158203125,-0.00453948974609375,-0.01613616943359375,-0.02162933349609375,-0.0154876708984375,-0.0180816650390625,-0.011749267578125,-0.029449462890625,-0.01232147216796875,-0.00919342041015625,-0.02414703369140625,-0.02490997314453125,-0.01819610595703125,-0.01407623291015625,-0.00518798828125,-0.0394439697265625,-0.037841796875,0.2716064453125,0.085906982421875,0.048675537109375,0.338592529296875,0.0494384765625,0.0616455078125,-0.22857666015625,0.169677734375,0.162353515625,0.0787353515625,0.01861572265625,1.17462158203125,0.299530029296875,-2.985382080078125,-2.219390869140625,-4.126193046569824,1.2499618530273438
383,0.1915,-0.0,-0.0,-0.0,-0.0,-0.0,-0.0,-0.0,-0.0,-0.0,-0.0,-0.0,-0.0,-4.960279941558838,-6.15432596206665,-872.0693359375,227177.421875,5026.77490234375,-2545.4716796875,-0.0,-0.0,-0.0,-0.0,-0.0,-0.0,-0.00301361083984375,-0.00347137451171875,-0.00194549560546875,-0.0046539306640625,-0.0003814697265625,-0.0012969970703125,-0.00308990478515625,-0.00591278076171875,-0.0048828125,-0.001373291015625,-0.0054931640625,-0.00316619873046875,-0.00812530517578125,-0.0008392333984375,-0.000152587890625,-0.0089263916015625,0.05279541015625,0.14312744140625,0.12451171875,0.164794921875,0.319366455078125,0.1397705078125,0.2667236328125,0.76507568359375,0.15960693359375,0.1678466796875,0.013885498046875,-0.001220703125,0.242767333984375,0.0958251953125,-1.28448486328125,-4.406585693359375,-5.551886081695557,1.2499618530273438
384,0.192,-0.0,-0.0,-0.0,-0.0,-0.0,-0.0,-0.0,-0.0,-0.0,-0.0,-0.0,-0.0,-4.520661354064941,-6.917341232299805,-869.1641845703125,226203.609375,5169.08154296875,-2546.59130859375,-0.0,-0.0,-0.0,-0.0,-0.0,-0.0,0.00980377197265625,0.00591278076171875,0.0176239013671875,0.022125244140625,0.0150299072265625,0.021514892578125,0.010223388671875,0.03185272216796875,0.00946044921875,0.009918212890625,0.02651214599609375,0.026702880859375,0.01987457275390625,0.0128936767578125,0.0084686279296875,0.03780364990234375,0.94818115234375,0.0689697265625,0.004730224609375,0.108795166015625,-0.5908203125,0.093841552734375,0.2069091796875,0.43182373046875,0.30426025390625,0.09490966796875,0.085296630859375,0.046234130859375,-0.59234619140625,0.044097900390625,3.716278076171875,3.3770751953125,9.497096061706543,1.2499618530273438
385,0.1925,-0.0,-0.0,-0.0,-0.0,-0.0,-0.0,-0.0,-0.0,-0.0,-0.0,-0.0,-0.0,-4.761967658996582,-7.835791110992432,-866.7197875976562,225106.75,4976.00146484375,-2397.50341796875,-0.0,-0.0,-0.0,-0.0,-0.0,-0.0,0.00156402587890625,0.00530242919921875,0.00377655029296875,0.0045013427734375,0.00335693359375,0.002593994140625,0.00682830810546875,0.0083160400390625,0.002593994140625,0.000762939453125,0.0041961669921875,0.0037384033203125,0.00614166259765625,0.003509521484375,-7.62939453125e-05,0.00911712646484375,0.19378662109375,0.04119873046875,0.022125244140625,0.0628662109375,-0.181121826171875,0.10894775390625,0.2001953125,0.25787353515625,0.06256103515625,0.2020263671875,0.11260986328125,0.076446533203125,0.119171142578125,-0.0958251953125,1.214752197265625,4.56207275390625,6.249683380126953,1.2499618530273438
386,0.193,-0.0,-0.0,-0.0,-0.0,-0.0,-0.0,-0.0,-0.0,-0.0,-0.0,-0.0,-0.0,-6.035574913024902,-9.510376930236816,-864.6115112304688,224519.21875,4828.3828125,-2795.1279296875,-0.0,-0.0,-0.0,-0.0,-0.0,-0.0,-0.0066375732421875,-0.00797271728515625,-0.0162506103515625,-0.0206756591796875,-0.0160980224609375,-0.01781463623046875,-0.0133514404296875,-0.029296875,-0.00926971435546875,-0.0079345703125,-0.0244903564453125,-0.02269744873046875,-0.0214385986328125,-0.0160980224609375,-0.00698089599609375,-0.037994384765625,-0.194091796875,-0.02685546875,0.151519775390625,0.041656494140625,0.497589111328125,0.1397705078125,0.1397705078125,0.12420654296875,0.2252197265625,0.05767822265625,0.073089599609375,0.0872802734375,0.6280517578125,0.130462646484375,-1.710357666015625,-4.0643310546875,-5.947912216186523,1.2499618530273438
387,0.1935,-0.0,-0.0,-0.0,-0.0,-0.0,-0.0,-0.0,-0.0,-0.0,-0.0,-0.0,-0.0,-7.895259857177734,-12.080815315246582,-868.4645385742188,224977.59375,4398.34130859375,-3352.200439453125,-0.0,-0.0,-0.0,-0.0,-0.0,-0.0,-0.0017547607421875,-0.00335693359375,-0.00377655029296875,-0.0055694580078125,-0.00499725341796875,-0.002899169921875,-0.00293731689453125,-0.0055694580078125,-0.00156402587890625,0.0,-0.00339508056640625,-0.0078582763671875,-0.00789642333984375,-0.00331878662109375,-0.0011444091796875,-0.0081634521484375,-0.3936767578125,-0.250396728515625,0.09857177734375,0.0390625,0.313720703125,0.035400390625,0.03326416015625,0.00091552734375,0.133056640625,0.20538330078125,0.061187744140625,0.10711669921875,0.188751220703125,0.170745849609375,-2.19818115234375,-4.261016845703125,-3.809372663497925,1.2499618530273438
388,0.194,-0.0,-0.0,-0.0,-0.0,-0.0,-0.0,-0.0,-0.0,-0.0,-0.0,-0.0,-0.0,-9.494897842407227,-13.926329612731934,-873.115478515625,225872.75,4155.37060546875,-3728.81689453125,-0.0,-0.0,-0.0,-0.0,-0.0,-0.0,0.0087738037109375,0.00423431396484375,0.01628875732421875,0.02262115478515625,0.01590728759765625,0.019989013671875,0.012359619140625,0.0308990478515625,0.010223388671875,0.00881195068359375,0.025177001953125,0.0258636474609375,0.02140045166015625,0.01552581787109375,0.0054168701171875,0.04062652587890625,-0.06805419921875,0.43121337890625,0.064239501953125,0.061492919921875,0.142974853515625,-0.03662109375,0.048828125,0.068359375,0.16815185546875,0.22857666015625,0.09429931640625,0.0909423828125,-0.76507568359375,-0.099639892578125,3.7469482421875,4.32159423828125,5.299221515655518,1.2499618530273438
389,0.1945,-0.0,-0.0,-0.0,-0.0,-0.0,-0.0,-0.0,-0.0,-0.0,-0.0,-0.0,-0.0,-9.58348560333252,-15.313607215881348,-879.029541015625,227386.6875,3650.842529296875,-3600.9638671875,-0.0,-0.0,-0.0,-0.0,-0.0,-0.0,0.0037384033203125,0.0061798095703125,0.0037384033203125,0.004119873046875,0.00446319580078125,0.0043487548828125,0.00385284423828125,0.00804901123046875,0.00385284423828125,0.0040435791015625,0.00823974609375,0.005950927734375,0.0077056884765625,0.0025177001953125,0.0022125244140625,0.00850677490234375,0.84930419921875,0.15777587890625,0.060882568359375,0.13580322265625,0.087890625,-0.003204345703125,0.14129638671875,0.1177978515625,0.028076171875,0.10986328125,0.0958251953125,0.087890625,0.099639892578125,0.3662109375,2.496795654296875,4.999847412109375,5.299221515655518,1.2499618530273438
390,0.195,-0.0,-0.0,-0.0,-0.0,-0.0,-0.0,-0.0,-0.0,-0.0,-0.0,-0.0,-0.0,-8.897183418273926,-15.308229446411133,-885.448486328125,228994.609375,2699.710693359375,-3449.506591796875,-0.0,-0.0,-0.0,-0.0,-0.0,-0.0,-0.01007080078125,-0.00873565673828125,-0.01766204833984375,-0.02010345458984375,-0.01689910888671875,-0.01789093017578125,-0.0128936767578125,-0.0293731689453125,-0.0109100341796875,-0.01224517822265625,-0.025177001953125,-0.0283050537109375,-0.0185394287109375,-0.0148773193359375,-0.0038909912109375,-0.0392913818359375,-0.184783935546875,-0.237274169921875,0.10467529296875,0.083465576171875,0.037078857421875,0.058441162109375,0.16510009765625,0.135498046875,0.146484375,0.09368896484375,0.0830078125,0.130157470703125,0.49957275390625,0.07904052734375,-3.647918701171875,-3.05816650390625,-5.155860424041748,1.2499618530273438
391,0.1955,-0.0,-0.0,-0.0,-0.0,-0.0,-0.0,-0.0,-0.0,-0.0,-0.0,-0.0,-0.0,-7.892886161804199,-15.191329956054688,-892.3182373046875,230620.171875,2250.754150390625,-3112.985107421875,-0.0,-0.0,-0.0,-0.0,-0.0,-0.0,-0.00247955322265625,-0.00186920166015625,-0.00118255615234375,-0.00377655029296875,-0.0045013427734375,-0.00484466552734375,-0.00278472900390625,-0.008544921875,-0.001983642578125,-0.0023651123046875,-0.00438690185546875,-0.00553131103515625,-0.0091552734375,-0.00629425048828125,-0.00156402587890625,-0.0058746337890625,-0.11260986328125,0.13397216796875,0.079345703125,0.034332275390625,-0.0079345703125,0.146636962890625,0.16845703125,0.11260986328125,0.1702880859375,0.1666259765625,0.083160400390625,0.16387939453125,0.39581298828125,-0.023651123046875,-1.849822998046875,-4.674530029296875,-4.7598347663879395,1.2499618530273438
392,0.196,-0.0,-0.0,-0.0,-0.0,-0.0,-0.0,-0.0,-0.0,-0.0,-0.0,-0.0,-0.0,-6.209754943847656,-14.2219820022583,-893.3655395507812,231491.546875,1490.56787109375,-2864.683349609375,-0.0,-0.0,-0.0,-0.0,-0.0,-0.0,0.01079559326171875,0.00652313232421875,0.01781463623046875,0.023651123046875,0.01697540283203125,0.0194549560546875,0.01155853271484375,0.03231048583984375,0.00823974609375,0.01209259033203125,0.0266265869140625,0.0289154052734375,0.021514892578125,0.01445770263671875,0.00560760498046875,0.039825439453125,0.433197021484375,0.241241455078125,0.069122314453125,0.10711669921875,-0.102691650390625,0.11322021484375,0.19744873046875,0.1422119140625,0.16571044921875,0.1397705078125,0.08148193359375,0.07110595703125,-0.82763671875,-0.019989013671875,4.48211669921875,4.512481689453125,7.437760829925537,1.2499618530273438
393,0.1965,-0.0,-0.0,-0.0,-0.0,-0.0,-0.0,-0.0,-0.0,-0.0,-0.0,-0.0,-0.0,-4.313794136047363,-12.130890846252441,-896.3777465820312,231777.25,1308.1700439453125,-2457.9130859375,-0.0,-0.0,-0.0,-0.0,-0.0,-0.0,0.002288818359375,0.0029754638671875,0.00354766845703125,0.00629425048828125,0.00396728515625,0.0043487548828125,0.005035400390625,0.00766754150390625,0.00270843505859375,0.001220703125,0.007781982421875,0.00988006591796875,0.00911712646484375,0.00335693359375,0.00057220458984375,0.00957489013671875,0.10986328125,0.136566162109375,0.06744384765625,0.14617919921875,0.13641357421875,0.09368896484375,0.234375,0.14739990234375,0.08880615234375,0.1348876953125,0.127410888671875,0.026092529296875,-0.086669921875,0.18798828125,4.0673828125,4.36859130859375,6.328888893127441,1.2499618530273438
394,0.197,-0.0,-0.0,-0.0,-0.0,-0.0,-0.0,-0.0,-0.0,-0.0,-0.0,-0.0,-0.0,-3.3999621868133545,-9.655889511108398,-895.1180419921875,231482.8125,1028.2841796875,-2259.337646484375,-0.0,-0.0,-0.0,-0.0,-0.0,-0.0,-0.01110076904296875,-0.006256103515625,-0.0165557861328125,-0.0203704833984375,-0.0160980224609375,-0.0177764892578125,-0.01201629638671875,-0.0299072265625,-0.01056671142578125,-0.01102447509765625,-0.02780914306640625,-0.02880096435546875,-0.0203704833984375,-0.01438140869140625,-0.00396728515625,-0.04047393798828125,0.468292236328125,-0.00579833984375,0.0274658203125,-0.003662109375,0.02716064453125,0.09857177734375,0.2227783203125,0.18463134765625,0.09521484375,0.21636962890625,0.09368896484375,0.039215087890625,0.815582275390625,-0.0555419921875,-4.115447998046875,-3.79974365234375,-5.235065460205078,1.2499618530273438
395,0.1975,-0.0,-0.0,-0.0,-0.0,-0.0,-0.0,-0.0,-0.0,-0.0,-0.0,-0.0,-0.0,-3.367647647857666,-8.653851509094238,-894.8822021484375,231405.625,951.7132568359375,-2288.162109375,-0.0,-0.0,-0.0,-0.0,-0.0,-0.0,-0.0022125244140625,-0.0052642822265625,-0.00568389892578125,-0.00377655029296875,-0.00362396240234375,-0.0032806396484375,-0.0035858154296875,-0.0081634521484375,-0.0026702880859375,-0.00457763671875,-0.00614166259765625,-0.0038909912109375,-0.0084686279296875,-0.00194549560546875,-0.0014495849609375,-0.0066375732421875,0.640869140625,-0.37872314453125,0.08148193359375,0.05859375,-0.121002197265625,0.13885498046875,0.264892578125,0.2130126953125,0.1800537109375,0.15533447265625,-0.078125,0.044708251953125,0.228271484375,-0.0537109375,-0.770263671875,-5.0,-7.135989665985107,1.2499618530273438
396,0.198,-0.0,-0.0,-0.0,-0.0,-0.0,-0.0,-0.0,-0.0,-0.0,-0.0,-0.0,-0.0,-5.857824325561523,-8.24432373046875,-897.3197021484375,231802.375,891.9791259765625,-2805.37939453125,-0.0,-0.0,-0.0,-0.0,-0.0,-0.0,0.01010894775390625,0.0083160400390625,0.01758575439453125,0.0226593017578125,0.01667022705078125,0.0186920166015625,0.0141143798828125,0.0299835205078125,0.011749267578125,0.013885498046875,0.0278472900390625,0.02674102783203125,0.02231597900390625,0.0144195556640625,0.0070953369140625,0.03971099853515625,-0.299072265625,0.127105712890625,0.146942138671875,0.124664306640625,0.558624267578125,0.0958251953125,0.1953125,0.15869140625,0.18890380859375,0.15228271484375,0.01800537109375,0.064849853515625,-0.511322021484375,0.117645263671875,4.642486572265625,4.1839599609375,6.091273307800293,1.2499618530273438
397,0.1985,-0.0,-0.0,-0.0,-0.0,-0.0,-0.0,-0.0,-0.0,-0.0,-0.0,-0.0,-0.0,-9.228588104248047,-8.477554321289062,-901.978515625,233205.875,591.3837280273438,-3608.69677734375,-0.0,-0.0,-0.0,-0.0,-0.0,-0.0,0.0016021728515625,0.0018310546875,0.003814697265625,0.00518798828125,0.00507354736328125,0.00461578369140625,0.00385284423828125,0.00827789306640625,0.0019073486328125,-0.0016021728515625,0.0058746337890625,0.0032806396484375,0.01171112060546875,0.0038909912109375,0.00194549560546875,0.00698089599609375,-0.6011962890625,0.222625732421875,0.1715087890625,0.08819580078125,-0.54656982421875,0.141754150390625,0.14404296875,-0.01678466796875,0.18646240234375,0.15838623046875,0.1214599609375,0.103912353515625,-0.137939453125,-0.003509521484375,1.452178955078125,4.999847412109375,9.893121719360352,1.2499618530273438
398,0.199,-0.0,-0.0,-0.0,-0.0,-0.0,-0.0,-0.0,-0.0,-0.0,-0.0,-0.0,-0.0,-12.153377532958984,-8.627691268920898,-909.5399169921875,234758.640625,354.2773132324219,-4203.62255859375,-0.0,-0.0,-0.0,-0.0,-0.0,-0.0,-0.008544921875,-0.00766754150390625,-0.01773834228515625,-0.0209808349609375,-0.01705169677734375,-0.01865386962890625,-0.0104522705078125,-0.03101348876953125,-0.00690460205078125,-0.01064300537109375,-0.02429962158203125,-0.03055572509765625,-0.0213623046875,-0.01613616943359375,-0.0064849853515625,-0.037689208984375,-0.297698974609375,0.432891845703125,0.02838134765625,0.10345458984375,0.325469970703125,-0.019989013671875,0.1611328125,0.07537841796875,0.155029296875,0.20965576171875,0.205535888671875,0.141754150390625,0.720672607421875,0.08544921875,-4.387359619140625,-4.114532470703125,-5.235065460205078,1.2499618530273438
399,0.1995,-0.0,-0.0,-0.0,-0.0,-0.0,-0.0,-0.0,-0.0,-0.0,-0.0,-0.0,-0.0,-13.572750091552734,-7.62379789352417,-918.0308227539062,237151.796875,-305.11468505859375,-4570.07373046875,-0.0,-0.0,-0.0,-0.0,-0.0,-0.0,-0.00179290771484375,-0.00164031982421875,-0.0035858154296875,-0.0045013427734375,-0.0029754638671875,-0.002593994140625,-0.0011444091796875,-0.006256103515625,-0.00316619873046875,0.0003814697265625,-0.00530242919921875,-0.00377655029296875,-0.00560760498046875,-0.0023651123046875,0.00125885009765625,-0.0087738037109375,0.102081298828125,0.214691162109375,0.027313232421875,0.074462890625,0.51055908203125,0.00946044921875,0.15899658203125,0.15167236328125,0.13031005859375,0.0714111328125,0.155029296875,0.169830322265625,0.316925048828125,0.0732421875,-1.916656494140625,-4.356536865234375,-6.50234842300415,1.2499618530273438
400,0.2,-0.0,-0.0,-0.0,-0.0,-0.0,-0.0,-0.0,-0.0,-0.0,-0.0,-0.0,-0.0,-13.453115463256836,-6.564975738525391,-926.0718383789062,239321.75,-895.605712890625,-4529.966796875,-0.0,-0.0,-0.0,-0.0,-0.0,-0.0,0.0089263916015625,0.00598907470703125,0.0139617919921875,0.0223541259765625,0.0148773193359375,0.0199127197265625,0.01094818115234375,0.03265380859375,0.01018524169921875,0.010986328125,0.028533935546875,0.0258636474609375,0.02300262451171875,0.01285552978515625,0.00774383544921875,0.0386810302734375,0.21453857421875,0.09796142578125,0.042266845703125,0.053558349609375,0.2069091796875,0.003509521484375,0.17974853515625,0.16021728515625,0.05279541015625,0.1104736328125,0.188140869140625,0.072479248046875,-0.88531494140625,0.134735107421875,4.6759033203125,4.999847412109375,6.249683380126953,1.2499618530273438
401,0.2005,-0.0,-0.0,-0.0,-0.0,-0.0,-0.0,-0.0,-0.0,-0.0,-0.0,-0.0,-0.0,-11.412973403930664,-4.886904716491699,-933.4005126953125,241126.796875,-1984.79931640625,-4004.653076171875,-0.0,-0.0,-0.0,-0.0,-0.0,-0.0,0.00034332275390625,0.0052642822265625,0.0030517578125,0.00583648681640625,0.00438690185546875,0.0049591064453125,0.00392913818359375,0.00492095947265625,0.00202178955078125,0.00080108642578125,0.00820159912109375,0.007781982421875,0.007476806640625,0.00339508056640625,0.00110626220703125,0.00858306884765625,0.665130615234375,0.032806396484375,-0.003662109375,-0.041656494140625,0.115203857421875,0.013275146484375,0.1312255859375,0.21636962890625,0.14678955078125,0.1519775390625,-0.1202392578125,-0.018310546875,-0.136871337890625,0.083160400390625,1.957244873046875,3.805999755859375,4.0319390296936035,1.2499618530273438
402,0.201,-0.0,-0.0,-0.0,-0.0,-0.0,-0.0,-0.0,-0.0,-0.0,-0.0,-0.0,-0.0,-10.082686424255371,-3.8866159915924072,-936.3125,242107.828125,-2317.156005859375,-3409.220947265625,-0.0,-0.0,-0.0,-0.0,-0.0,-0.0,-0.0090789794921875,-0.00598907470703125,-0.0176239013671875,-0.02048492431640625,-0.01529693603515625,-0.01979827880859375,-0.012359619140625,-0.03032684326171875,-0.0110626220703125,-0.01201629638671875,-0.02628326416015625,-0.02643585205078125,-0.020904541015625,-0.01316070556640625,-0.00698089599609375,-0.03856658935546875,0.096282958984375,0.0103759765625,0.0946044921875,0.0762939453125,-0.1953125,0.102081298828125,0.341796875,0.2227783203125,0.14556884765625,0.1715087890625,-0.01220703125,-0.00335693359375,0.7366943359375,0.1043701171875,-3.588104248046875,-3.5638427734375,-3.0965261459350586,1.2499618530273438
403,0.2015,-0.0,-0.0,-0.0,-0.0,-0.0,-0.0,-0.0,-0.0,-0.0,-0.0,-0.0,-0.0,-8.5162353515625,-3.2086341381073,-938.6366577148438,242225.609375,-2850.24853515625,-2864.47509765625,-0.0,-0.0,-0.0,-0.0,-0.0,-0.0,-0.0006866455078125,-0.00232696533203125,-0.00377655029296875,-0.00438690185546875,-0.00293731689453125,-0.0037384033203125,-0.00240325927734375,-0.00499725341796875,-0.00026702880859375,-0.0018310546875,-0.0031280517578125,-0.00392913818359375,-0.00553131103515625,-0.0025177001953125,-0.0003814697265625,-0.00690460205078125,-0.0482177734375,0.02410888671875,0.196075439453125,0.18524169921875,0.011138916015625,0.1800537109375,0.14190673828125,0.157470703125,0.1824951171875,0.1824951171875,0.078277587890625,0.015716552734375,0.41534423828125,0.352020263671875,-0.064697265625,-3.342132568359375,-6.0271172523498535,1.2499618530273438
404,0.202,-0.0,-0.0,-0.0,-0.0,-0.0,-0.0,-0.0,-0.0,-0.0,-0.0,-0.0,-0.0,-7.983970642089844,-3.562285900115967,-935.72607421875,241318.9375,-3267.60107421875,-2488.481689453125,-0.0,-0.0,-0.0,-0.0,-0.0,-0.0,0.00820159912109375,0.00751495361328125,0.01678466796875,0.0226593017578125,0.01514434814453125,0.020904541015625,0.0107574462890625,0.03162384033203125,0.00934600830078125,0.013885498046875,0.02422332763671875,0.02685546875,0.01941680908203125,0.01506805419921875,0.0061798095703125,0.0403594970703125,-0.273590087890625,-0.03021240234375,0.0604248046875,0.09490966796875,0.251007080078125,0.099029541015625,0.10467529296875,0.13519287109375,0.1141357421875,0.12176513671875,0.081329345703125,0.05584716796875,-0.686492919921875,-0.22308349609375,4.069061279296875,2.914886474609375,7.358555793762207,1.2499618530273438
405,0.2025,-0.0,-0.0,-0.0,-0.0,-0.0,-0.0,-0.0,-0.0,-0.0,-0.0,-0.0,-0.0,-7.629183292388916,-4.681049346923828,-931.5367431640625,240013.40625,-3481.592529296875,-2340.1796875,-0.0,-0.0,-0.0,-0.0,-0.0,-0.0,0.00270843505859375,0.0054168701171875,0.00476837158203125,0.00415802001953125,0.0048065185546875,0.005035400390625,0.0042724609375,0.00797271728515625,0.00087738037109375,0.001373291015625,0.00461578369140625,0.0041961669921875,0.00911712646484375,0.0064849853515625,0.0035858154296875,0.0083160400390625,0.223541259765625,0.0677490234375,-0.025177001953125,0.064849853515625,-0.07476806640625,0.122528076171875,0.14739990234375,0.1177978515625,0.14312744140625,0.1416015625,0.07080078125,0.16143798828125,0.120697021484375,-0.12603759765625,1.995086669921875,4.560546875,4.823990345001221,1.2499618530273438
406,0.203,-0.0,-0.0,-0.0,-0.0,-0.0,-0.0,-0.0,-0.0,-0.0,-0.0,-0.0,-0.0,-8.723109245300293,-5.652587890625,-925.7183227539062,238126.984375,-3446.691162109375,-2341.25048828125,-0.0,-0.0,-0.0,-0.0,-0.0,-0.0,-0.0089263916015625,-0.008697509765625,-0.01621246337890625,-0.022430419921875,-0.01506805419921875,-0.019683837890625,-0.01064300537109375,-0.03070831298828125,-0.00823974609375,-0.00881195068359375,-0.02544403076171875,-0.0272369384765625,-0.019683837890625,-0.01514434814453125,-0.00774383544921875,-0.03910064697265625,0.124359130859375,0.221710205078125,0.06744384765625,-0.0140380859375,0.648040771484375,0.082244873046875,0.12359619140625,0.19775390625,0.13336181640625,0.16998291015625,0.081939697265625,0.051727294921875,0.732574462890625,0.1251220703125,-3.46038818359375,-3.02093505859375,-3.967782974243164,1.2499618530273438
407,0.20350000000000001,-0.0,-0.0,-0.0,-0.0,-0.0,-0.0,-0.0,-0.0,-0.0,-0.0,-0.0,-0.0,-10.645696640014648,-6.889091491699219,-919.5515747070312,236562.015625,-3748.300048828125,-2619.75634765625,-0.0,-0.0,-0.0,-0.0,-0.0,-0.0,-0.0048828125,-0.00492095947265625,-0.00469207763671875,-0.0041961669921875,-0.00453948974609375,-0.00530242919921875,-0.002899169921875,-0.00530242919921875,-0.001678466796875,-0.01102447509765625,-0.0031280517578125,-0.0032806396484375,-0.0048065185546875,-0.00335693359375,7.62939453125e-05,-0.00720977783203125,-0.01068115234375,-0.09857177734375,0.189208984375,0.05126953125,-1.19415283203125,0.066070556640625,0.1165771484375,0.13153076171875,0.2105712890625,0.21209716796875,0.119171142578125,-0.002899169921875,0.02166748046875,0.242156982421875,0.17578125,-3.24127197265625,-5.076655387878418,1.2499618530273438
408,0.20400000000000001,-0.0,-0.0,-0.0,-0.0,-0.0,-0.0,-0.0,-0.0,-0.0,-0.0,-0.0,-0.0,-11.118610382080078,-7.890262126922607,-913.846923828125,234830.796875,-4143.99462890625,-2926.939697265625,-0.0,-0.0,-0.0,-0.0,-0.0,-0.0,0.00885009765625,0.00698089599609375,0.016632080078125,0.02300262451171875,0.01720428466796875,0.0200653076171875,0.01239776611328125,0.03040313720703125,0.01094818115234375,0.010986328125,0.02613067626953125,0.02552032470703125,0.0196075439453125,0.01617431640625,0.00637054443359375,0.040740966796875,-0.151824951171875,0.2276611328125,0.104522705078125,0.107879638671875,0.002899169921875,0.005340576171875,0.1031494140625,0.07659912109375,0.2154541015625,0.1702880859375,0.0927734375,0.05462646484375,-0.70526123046875,-0.07110595703125,3.816070556640625,4.4476318359375,8.3090181350708,1.2499618530273438
409,0.20450000000000002,-0.0,-0.0,-0.0,-0.0,-0.0,-0.0,-0.0,-0.0,-0.0,-0.0,-0.0,-0.0,-10.262747764587402,-8.654828071594238,-908.1461181640625,232624.953125,-4622.0185546875,-2511.24267578125,-0.0,-0.0,-0.0,-0.0,-0.0,-0.0,0.0048828125,0.00396728515625,0.00560760498046875,0.00408172607421875,0.0029754638671875,0.00492095947265625,0.00213623046875,0.0042724609375,0.0029754638671875,0.01018524169921875,0.0061798095703125,0.004425048828125,0.0038909912109375,0.00133514404296875,0.00095367431640625,0.009002685546875,0.080413818359375,0.185394287109375,0.07232666015625,0.106353759765625,0.889129638671875,0.03173828125,0.10345458984375,0.1104736328125,0.09613037109375,0.0732421875,0.096435546875,0.140228271484375,-0.1495361328125,0.01373291015625,0.73974609375,3.360137939453125,0.4677064120769501,1.2499618530273438
410,0.20500000000000002,-0.0,-0.0,-0.0,-0.0,-0.0,-0.0,-0.0,-0.0,-0.0,-0.0,-0.0,-0.0,-7.659006118774414,-8.596030235290527,-898.712646484375,230217.625,-5237.2353515625,-1995.12109375,-0.0,-0.0,-0.0,-0.0,-0.0,-0.0,-0.00797271728515625,-0.0064849853515625,-0.01644134521484375,-0.02117156982421875,-0.01491546630859375,-0.018157958984375,-0.0084686279296875,-0.02948760986328125,-0.00919342041015625,-0.0106048583984375,-0.0252532958984375,-0.0222015380859375,-0.0176239013671875,-0.01251220703125,-0.007476806640625,-0.03692626953125,0.169677734375,0.086517333984375,0.062408447265625,0.10345458984375,0.37017822265625,0.066070556640625,0.21392822265625,0.16998291015625,0.1287841796875,0.11993408203125,0.07965087890625,0.131072998046875,0.85357666015625,0.33355712890625,-1.505889892578125,-1.66046142578125,-8.640887260437012,1.2499618530273438
411,0.20550000000000002,-0.0,-0.0,-0.0,-0.0,-0.0,-0.0,-0.0,-0.0,-0.0,-0.0,-0.0,-0.0,-4.496509075164795,-8.477788925170898,-886.1468505859375,227273.78125,-5977.47412109375,-1083.2669677734375,-0.0,-0.0,-0.0,-0.0,-0.0,-0.0,-0.0043487548828125,-0.00568389892578125,-0.0035858154296875,-0.0054168701171875,-0.00308990478515625,-0.0032806396484375,-0.00324249267578125,-0.00774383544921875,-0.00377655029296875,-0.00164031982421875,-0.004730224609375,-0.00213623046875,-0.00553131103515625,-0.0019073486328125,-0.001983642578125,-0.0098419189453125,0.263214111328125,0.024871826171875,0.030670166015625,-0.018463134765625,0.13214111328125,0.0225830078125,0.04974365234375,0.13519287109375,0.1361083984375,0.1434326171875,0.059356689453125,0.115509033203125,-0.0323486328125,0.036163330078125,0.059356689453125,-2.3797607421875,-4.443014144897461,1.2499618530273438
412,0.20600000000000002,-0.0,-0.0,-0.0,-0.0,-0.0,-0.0,-0.0,-0.0,-0.0,-0.0,-0.0,-0.0,-1.4206949472427368,-8.685404777526855,-870.9126586914062,223052.28125,-6157.892578125,-388.8489990234375,-0.0,-0.0,-0.0,-0.0,-0.0,-0.0,0.00858306884765625,0.00514984130859375,0.01758575439453125,0.02201080322265625,0.01708984375,0.0203704833984375,0.01155853271484375,0.0299072265625,0.00949859619140625,0.00934600830078125,0.02544403076171875,0.02590179443359375,0.01865386962890625,0.015869140625,0.00762939453125,0.0394439697265625,0.702362060546875,0.090789794921875,0.040130615234375,-0.06195068359375,0.103912353515625,0.018310546875,0.25482177734375,0.19195556640625,0.150146484375,0.16998291015625,0.0433349609375,0.102691650390625,-0.860595703125,-0.090179443359375,3.949737548828125,4.24896240234375,9.813916206359863,1.2499618530273438
413,0.20650000000000002,-0.0,-0.0,-0.0,-0.0,-0.0,-0.0,-0.0,-0.0,-0.0,-0.0,-0.0,-0.0,-0.4421081244945526,-9.505942344665527,-855.54541015625,218642.5625,-6341.18603515625,136.509033203125,-0.0,-0.0,-0.0,-0.0,-0.0,-0.0,0.00247955322265625,0.0048828125,0.00385284423828125,0.0055694580078125,0.00385284423828125,0.002288818359375,0.0031280517578125,0.00881195068359375,0.00377655029296875,0.00244140625,0.0067901611328125,0.0025177001953125,0.00030517578125,0.00354766845703125,-0.00034332275390625,0.00904083251953125,-0.074615478515625,0.153045654296875,0.1019287109375,0.051422119140625,-0.075225830078125,0.11077880859375,0.16021728515625,0.22705078125,0.14190673828125,0.2056884765625,0.155029296875,0.080718994140625,-0.01434326171875,0.16632080078125,0.457916259765625,1.793060302734375,6.566504001617432,1.2499618530273438
414,0.20700000000000002,-0.0,-0.0,-0.0,-0.0,-0.0,-0.0,-0.0,-0.0,-0.0,-0.0,-0.0,-0.0,0.20908373594284058,-11.83354377746582,-842.8458251953125,215040.859375,-6307.3212890625,175.12721252441406,-0.0,-0.0,-0.0,-0.0,-0.0,-0.0,-0.00637054443359375,-0.00823974609375,-0.01529693603515625,-0.02040863037109375,-0.0159454345703125,-0.0177764892578125,-0.01209259033203125,-0.03101348876953125,-0.010223388671875,-0.01064300537109375,-0.024871826171875,-0.0217437744140625,-0.0183868408203125,-0.014190673828125,-0.0060272216796875,-0.03814697265625,-0.01556396484375,-0.073699951171875,0.116729736328125,0.24566650390625,-0.010986328125,0.25299072265625,0.23101806640625,0.14862060546875,0.1715087890625,0.15869140625,0.087127685546875,0.034332275390625,0.49163818359375,0.18829345703125,-1.6412353515625,-3.636932373046875,-4.99744987487793,1.2499618530273438
415,0.20750000000000002,-0.0,-0.0,-0.0,-0.0,-0.0,-0.0,-0.0,-0.0,-0.0,-0.0,-0.0,-0.0,-0.08871078491210938,-13.954826354980469,-830.5130004882812,212287.109375,-6248.71923828125,243.19281005859375,-0.0,-0.0,-0.0,-0.0,-0.0,-0.0,-0.0014495849609375,-0.0030517578125,-0.00316619873046875,-0.00415802001953125,-0.00347137451171875,-0.00431060791015625,-0.00492095947265625,-0.009002685546875,-0.00118255615234375,-0.00125885009765625,-0.0041961669921875,-0.00545501708984375,-0.0043487548828125,-0.0014495849609375,-0.00293731689453125,-0.00888824462890625,0.07720947265625,0.06744384765625,0.066986083984375,0.191192626953125,0.017852783203125,0.122528076171875,0.09429931640625,0.091552734375,0.15869140625,0.079345703125,-0.044403076171875,0.01556396484375,0.058746337890625,-0.143890380859375,-1.35589599609375,-3.00506591796875,-5.631091594696045,1.2499618530273438
416,0.20800000000000002,-0.0,-0.0,-0.0,-0.0,-0.0,-0.0,-0.0,-0.0,-0.0,-0.0,-0.0,-0.0,0.4093939960002899,-15.809581756591797,-822.8468627929688,210319.5625,-6282.35888671875,469.58465576171875,-0.0,-0.0,-0.0,-0.0,-0.0,-0.0,0.00873565673828125,0.00640869140625,0.0174713134765625,0.0196075439453125,0.015869140625,0.01819610595703125,0.0125885009765625,0.02948760986328125,0.0103759765625,0.01285552978515625,0.0273895263671875,0.02597808837890625,0.017547607421875,0.0139617919921875,0.0055694580078125,0.03894805908203125,-0.221405029296875,-0.03662109375,0.11016845703125,0.12054443359375,0.00030517578125,0.135955810546875,0.16326904296875,0.08575439453125,0.140380859375,0.11199951171875,0.06622314453125,0.057830810546875,-0.7171630859375,0.1483154296875,4.50042724609375,3.5980224609375,5.7744526863098145,1.2499618530273438
417,0.2085,-0.0,-0.0,-0.0,-0.0,-0.0,-0.0,-0.0,-0.0,-0.0,-0.0,-0.0,-0.0,1.0927064418792725,-16.60239601135254,-816.7765502929688,209212.96875,-6576.591796875,817.0323486328125,-0.0,-0.0,-0.0,-0.0,-0.0,-0.0,0.002899169921875,0.0058746337890625,0.00461578369140625,0.004730224609375,0.003509521484375,0.005645751953125,0.004425048828125,0.00720977783203125,0.00080108642578125,0.00133514404296875,0.00820159912109375,0.00339508056640625,0.00919342041015625,0.00431060791015625,0.004119873046875,0.00865936279296875,0.11016845703125,0.069427490234375,0.030517578125,0.111236572265625,0.107879638671875,0.072784423828125,0.1519775390625,0.1177978515625,0.15533447265625,0.21209716796875,0.109405517578125,0.11749267578125,0.368804931640625,0.146026611328125,1.11785888671875,4.21966552734375,6.64570951461792,1.2499618530273438
418,0.209,-0.0,-0.0,-0.0,-0.0,-0.0,-0.0,-0.0,-0.0,-0.0,-0.0,-0.0,-0.0,2.9251410961151123,-16.30699920654297,-814.0009765625,208729.328125,-7039.26513671875,1124.3978271484375,-0.0,-0.0,-0.0,-0.0,-0.0,-0.0,-0.0101470947265625,-0.00934600830078125,-0.01720428466796875,-0.02178192138671875,-0.0150299072265625,-0.0228118896484375,-0.01125335693359375,-0.0308990478515625,-0.00946044921875,-0.012664794921875,-0.0255584716796875,-0.0254058837890625,-0.02079010009765625,-0.01373291015625,-0.01068115234375,-0.0371551513671875,0.008087158203125,0.120849609375,0.03692626953125,0.036773681640625,0.055694580078125,0.047454833984375,0.14739990234375,0.16998291015625,0.15625,0.1739501953125,0.118560791015625,0.073089599609375,0.61431884765625,-0.023345947265625,-3.76434326171875,-3.1488037109375,-4.680629253387451,1.2499618530273438
419,0.2095,-0.0,-0.0,-0.0,-0.0,-0.0,-0.0,-0.0,-0.0,-0.0,-0.0,-0.0,-0.0,4.199806213378906,-15.693470001220703,-813.9920654296875,209244.203125,-7490.740234375,1324.5489501953125,-0.0,-0.0,-0.0,-0.0,-0.0,-0.0,-0.0026702880859375,-0.00415802001953125,-0.002593994140625,-0.00568389892578125,-0.0025177001953125,-0.00324249267578125,-0.0032806396484375,-0.0055694580078125,-0.00293731689453125,-0.00301361083984375,-0.0070953369140625,-0.00362396240234375,-0.005035400390625,-0.00041961669921875,-0.000762939453125,-0.0079345703125,0.30975341796875,0.242156982421875,0.07232666015625,0.0152587890625,0.0067138671875,0.093536376953125,0.145263671875,0.18829345703125,0.145263671875,0.04180908203125,0.077667236328125,0.032196044921875,0.33416748046875,-0.059814453125,-0.778045654296875,-3.393402099609375,-4.126193046569824,1.2499618530273438
420,0.21,-0.0,-0.0,-0.0,-0.0,-0.0,-0.0,-0.0,-0.0,-0.0,-0.0,-0.0,-0.0,4.468725681304932,-13.460637092590332,-816.9934692382812,210418.3125,-7942.166015625,1443.1068115234375,-0.0,-0.0,-0.0,-0.0,-0.0,-0.0,0.00965118408203125,0.0084686279296875,0.01529693603515625,0.0222015380859375,0.01628875732421875,0.0197601318359375,0.01308441162109375,0.0296783447265625,0.0099945068359375,0.01110076904296875,0.028533935546875,0.024261474609375,0.0215911865234375,0.015869140625,0.00797271728515625,0.039825439453125,-0.18951416015625,0.099639892578125,0.1123046875,0.06378173828125,0.0360107421875,0.045013427734375,0.11932373046875,0.1397705078125,0.164794921875,0.1275634765625,0.09307861328125,0.052642822265625,-0.67626953125,0.15625,4.247894287109375,3.892059326171875,5.7744526863098145,1.2499618530273438
421,0.2105,-0.0,-0.0,-0.0,-0.0,-0.0,-0.0,-0.0,-0.0,-0.0,-0.0,-0.0,-0.0,4.937289237976074,-10.982270240783691,-815.651611328125,211909.90625,-8630.984375,1277.2232666015625,-0.0,-0.0,-0.0,-0.0,-0.0,-0.0,-0.000152587890625,0.00545501708984375,0.00331878662109375,0.00583648681640625,0.00476837158203125,0.004119873046875,0.0035858154296875,0.005340576171875,0.0030517578125,-0.001983642578125,0.00762939453125,0.00820159912109375,0.0083160400390625,0.00453948974609375,-0.0019073486328125,0.0077056884765625,0.26763916015625,0.344085693359375,-0.00335693359375,0.082244873046875,-0.244598388671875,0.01708984375,0.10650634765625,0.09185791015625,0.164794921875,0.1788330078125,0.041046142578125,0.077972412109375,0.3021240234375,0.108489990234375,2.039031982421875,2.95684814453125,5.7744526863098145,1.2499618530273438
422,0.211,-0.0,-0.0,-0.0,-0.0,-0.0,-0.0,-0.0,-0.0,-0.0,-0.0,-0.0,-0.0,5.9741950035095215,-6.660552501678467,-818.8572387695312,213521.421875,-9619.78125,1209.5650634765625,-0.0,-0.0,-0.0,-0.0,-0.0,-0.0,-0.0084686279296875,-0.0096893310546875,-0.0157928466796875,-0.02239227294921875,-0.01491546630859375,-0.01804351806640625,-0.01110076904296875,-0.03025054931640625,-0.010223388671875,-0.0096893310546875,-0.02681732177734375,-0.02353668212890625,-0.01964569091796875,-0.01190185546875,-0.0063323974609375,-0.0388336181640625,0.14495849609375,0.03448486328125,0.02288818359375,0.0726318359375,0.485992431640625,0.0390625,0.17333984375,0.1654052734375,0.14862060546875,0.14984130859375,0.10955810546875,0.122222900390625,0.5078125,0.012359619140625,-2.60284423828125,-3.47015380859375,-0.6411659121513367,1.2499618530273438
423,0.2115,-0.0,-0.0,-0.0,-0.0,-0.0,-0.0,-0.0,-0.0,-0.0,-0.0,-0.0,-0.0,7.271052360534668,-2.3268771171569824,-823.528076171875,215770.609375,-10573.69140625,1143.1427001953125,-0.0,-0.0,-0.0,-0.0,-0.0,-0.0,-0.00316619873046875,-0.00705718994140625,-0.002899169921875,-0.00331878662109375,-0.00354766845703125,-0.00186920166015625,-0.0038909912109375,-0.00804901123046875,-0.00125885009765625,-0.0041961669921875,-0.00431060791015625,-0.002899169921875,-0.00247955322265625,-0.00316619873046875,-0.0022125244140625,-0.008087158203125,0.7342529296875,0.03570556640625,0.143280029296875,-0.02166748046875,0.157928466796875,0.04364013671875,0.137939453125,0.15960693359375,0.166015625,0.1873779296875,0.236358642578125,0.12969970703125,-0.2655029296875,-0.01068115234375,-0.73455810546875,-2.252044677734375,-3.334141492843628,1.2499618530273438
424,0.212,-0.0,-0.0,-0.0,-0.0,-0.0,-0.0,-0.0,-0.0,-0.0,-0.0,-0.0,-0.0,8.164745330810547,1.3759170770645142,-830.6052856445312,218630.328125,-11840.181640625,1319.393310546875,-0.0,-0.0,-0.0,-0.0,-0.0,-0.0,0.00904083251953125,0.00823974609375,0.01659393310546875,0.02239227294921875,0.017242431640625,0.01781463623046875,0.0150299072265625,0.0299835205078125,0.01201629638671875,0.0098419189453125,0.02838134765625,0.023651123046875,0.0223541259765625,0.01407623291015625,0.00728607177734375,0.03925323486328125,0.256195068359375,0.1409912109375,0.182952880859375,0.020904541015625,0.1080322265625,0.023651123046875,0.1287841796875,0.23895263671875,0.128173828125,0.21728515625,-0.006561279296875,0.078277587890625,-0.648193359375,0.0732421875,3.77777099609375,4.999847412109375,7.912992000579834,1.2499618530273438
425,0.2125,-0.0,-0.0,-0.0,-0.0,-0.0,-0.0,-0.0,-0.0,-0.0,-0.0,-0.0,-0.0,10.055047035217285,3.7943737506866455,-840.3007202148438,222355.171875,-13075.5517578125,1580.30908203125,-0.0,-0.0,-0.0,-0.0,-0.0,-0.0,0.0032806396484375,0.00156402587890625,0.00392913818359375,0.004730224609375,0.004425048828125,0.003814697265625,0.00385284423828125,0.00743865966796875,0.00110626220703125,0.00057220458984375,0.0061798095703125,0.002288818359375,0.00667572021484375,0.00293731689453125,0.00064849853515625,0.0074005126953125,-0.786285400390625,-0.016326904296875,0.120697021484375,0.16845703125,0.082855224609375,0.08758544921875,0.13031005859375,0.0982666015625,0.16998291015625,0.17242431640625,-0.043487548828125,0.033111572265625,0.031585693359375,0.16021728515625,0.491943359375,2.81036376953125,0.2300909161567688,1.2499618530273438
426,0.213,-0.0,-0.0,-0.0,-0.0,-0.0,-0.0,-0.0,-0.0,-0.0,-0.0,-0.0,-0.0,12.214983940124512,5.322603702545166,-851.3091430664062,225513.046875,-14561.943359375,2184.577392578125,-0.0,-0.0,-0.0,-0.0,-0.0,-0.0,-0.00980377197265625,-0.0063323974609375,-0.0164794921875,-0.02185821533203125,-0.0156402587890625,-0.01739501953125,-0.01209259033203125,-0.02826690673828125,-0.01026153564453125,-0.01079559326171875,-0.02593994140625,-0.02559661865234375,-0.02170562744140625,-0.013427734375,-0.007171630859375,-0.03780364990234375,-0.41595458984375,0.136566162109375,0.040130615234375,0.085601806640625,0.091552734375,0.071563720703125,0.091552734375,0.0750732421875,0.15472412109375,0.10162353515625,0.03387451171875,0.01312255859375,0.902862548828125,0.175323486328125,-3.427886962890625,-3.559112548828125,-4.443014144897461,1.2499618530273438
427,0.2135,-0.0,-0.0,-0.0,-0.0,-0.0,-0.0,-0.0,-0.0,-0.0,-0.0,-0.0,-0.0,14.459857940673828,6.032779216766357,-858.670166015625,228690.765625,-15713.19921875,2828.622314453125,-0.0,-0.0,-0.0,-0.0,-0.0,-0.0,-0.002899169921875,-0.0031280517578125,-0.0041961669921875,-0.0018310546875,-0.00423431396484375,-0.00423431396484375,-0.00278472900390625,-0.0058746337890625,-0.0018310546875,-0.00301361083984375,-0.00518798828125,-0.00324249267578125,-0.00423431396484375,-0.00606536865234375,-0.0014495849609375,-0.00789642333984375,0.27801513671875,0.049896240234375,0.04547119140625,0.1055908203125,0.031890869140625,0.10711669921875,0.19561767578125,0.13580322265625,0.14801025390625,0.1226806640625,0.10162353515625,0.061187744140625,0.40618896484375,-0.01312255859375,-0.767364501953125,-2.607879638671875,-6.264732837677002,1.2499618530273438
428,0.214,-0.0,-0.0,-0.0,-0.0,-0.0,-0.0,-0.0,-0.0,-0.0,-0.0,-0.0,-0.0,15.932976722717285,6.209273338317871,-862.8912963867188,230409.140625,-16996.669921875,3424.273193359375,-0.0,-0.0,-0.0,-0.0,-0.0,-0.0,0.00751495361328125,0.0058746337890625,0.016326904296875,0.02216339111328125,0.016632080078125,0.02056121826171875,0.01216888427734375,0.03101348876953125,0.011138916015625,0.01056671142578125,0.0274658203125,0.028228759765625,0.02010345458984375,0.01369476318359375,0.00885009765625,0.0392913818359375,0.3521728515625,0.05584716796875,0.018463134765625,0.05340576171875,-0.086517333984375,0.05096435546875,0.1483154296875,0.17852783203125,0.1318359375,0.14312744140625,0.180511474609375,0.104522705078125,-0.859832763671875,0.108489990234375,4.999847412109375,3.549652099609375,7.833786964416504,1.2499618530273438
429,0.2145,-0.0,-0.0,-0.0,-0.0,-0.0,-0.0,-0.0,-0.0,-0.0,-0.0,-0.0,-0.0,17.152158737182617,6.48252534866333,-864.7266235351562,231577.5,-17700.033203125,3781.17822265625,-0.0,-0.0,-0.0,-0.0,-0.0,-0.0,0.0019073486328125,0.00415802001953125,0.00530242919921875,0.0061798095703125,0.00396728515625,0.0045013427734375,0.0022125244140625,0.00640869140625,0.0031280517578125,0.0042724609375,0.00614166259765625,0.00213623046875,0.00690460205078125,0.00171661376953125,0.001373291015625,0.00751495361328125,0.43243408203125,0.0372314453125,0.034942626953125,0.0518798828125,0.416107177734375,0.087127685546875,0.23651123046875,0.2349853515625,0.1251220703125,0.13214111328125,0.1605224609375,0.10772705078125,0.1275634765625,0.008544921875,-0.23590087890625,3.643798828125,6.091273307800293,1.2499618530273438
430,0.215,-0.0,-0.0,-0.0,-0.0,-0.0,-0.0,-0.0,-0.0,-0.0,-0.0,-0.0,-0.0,16.597604751586914,6.478365421295166,-865.4248046875,232307.5625,-18559.599609375,3679.966064453125,-0.0,-0.0,-0.0,-0.0,-0.0,-0.0,-0.00942230224609375,-0.01010894775390625,-0.01495361328125,-0.02239227294921875,-0.014495849609375,-0.02117156982421875,-0.00904083251953125,-0.03345489501953125,-0.01094818115234375,-0.0159454345703125,-0.0273895263671875,-0.0263214111328125,-0.0182342529296875,-0.01453399658203125,-0.0069427490234375,-0.0390625,-0.22186279296875,-0.095062255859375,0.113677978515625,0.044403076171875,-0.4791259765625,0.136260986328125,0.20782470703125,0.22369384765625,0.1922607421875,0.20538330078125,-0.10009765625,0.055389404296875,0.4730224609375,-0.043792724609375,-3.35418701171875,-2.857513427734375,-2.5420899391174316,1.2499618530273438
431,0.2155,-0.0,-0.0,-0.0,-0.0,-0.0,-0.0,-0.0,-0.0,-0.0,-0.0,-0.0,-0.0,15.116495132446289,6.39466667175293,-865.4244995117188,232754.5625,-19202.63671875,3354.014404296875,-0.0,-0.0,-0.0,-0.0,-0.0,-0.0,-0.0029754638671875,-0.00370025634765625,-0.0048828125,-0.0035858154296875,-0.00225067138671875,-0.0029754638671875,-0.0008392333984375,-0.0058746337890625,-0.0011444091796875,-0.00385284423828125,-0.0037384033203125,-0.00232696533203125,-0.002899169921875,-0.00141143798828125,0.0011444091796875,-0.008087158203125,-0.37322998046875,-0.27191162109375,0.1544189453125,0.020751953125,-0.14739990234375,0.12451171875,0.1055908203125,0.11199951171875,0.20172119140625,0.21087646484375,0.069580078125,0.0494384765625,0.11474609375,0.29144287109375,0.4156494140625,-1.616973876953125,-4.601424217224121,1.2499618530273438
432,0.216,-0.0,-0.0,-0.0,-0.0,-0.0,-0.0,-0.0,-0.0,-0.0,-0.0,-0.0,-0.0,13.989895820617676,5.9485673904418945,-865.7733764648438,233653.90625,-20006.6875,3028.36181640625,-0.0,-0.0,-0.0,-0.0,-0.0,-0.0,0.0106048583984375,0.005950927734375,0.01712799072265625,0.0237274169921875,0.017547607421875,0.02197265625,0.00911712646484375,0.03261566162109375,0.00858306884765625,0.01567840576171875,0.02437591552734375,0.02605438232421875,0.01750946044921875,0.01552581787109375,0.007781982421875,0.03917694091796875,-0.1885986328125,0.20538330078125,0.1239013671875,0.17303466796875,0.710906982421875,0.053253173828125,0.1593017578125,0.12481689453125,0.13641357421875,0.14801025390625,0.12969970703125,0.0982666015625,-0.94146728515625,-0.241241455078125,3.4173583984375,2.029876708984375,7.516966342926025,1.2499618530273438
433,0.2165,-0.0,-0.0,-0.0,-0.0,-0.0,-0.0,-0.0,-0.0,-0.0,-0.0,-0.0,-0.0,13.953919410705566,6.941512107849121,-869.9822387695312,234743.796875,-20606.58984375,3204.972900390625,-0.0,-0.0,-0.0,-0.0,-0.0,-0.0,0.001983642578125,0.00698089599609375,0.00400543212890625,0.0063323974609375,0.0041961669921875,0.0066375732421875,0.0055694580078125,0.00762939453125,0.0022125244140625,0.00232696533203125,0.00720977783203125,0.002288818359375,0.00701904296875,0.003814697265625,0.00179290771484375,0.00904083251953125,0.2593994140625,0.368499755859375,0.018310546875,0.14373779296875,0.341033935546875,0.02532958984375,0.1666259765625,0.126953125,0.1409912109375,0.098876953125,0.111083984375,0.115203857421875,0.50811767578125,0.0262451171875,0.475311279296875,3.062286376953125,5.2200164794921875,1.2499618530273438
434,0.217,-0.0,-0.0,-0.0,-0.0,-0.0,-0.0,-0.0,-0.0,-0.0,-0.0,-0.0,-0.0,14.402414321899414,7.595664978027344,-873.6803588867188,236208.875,-21052.80859375,3336.247314453125,-0.0,-0.0,-0.0,-0.0,-0.0,-0.0,-0.007476806640625,-0.00782012939453125,-0.0168609619140625,-0.021820068359375,-0.0152587890625,-0.018463134765625,-0.01049041748046875,-0.02826690673828125,-0.00949859619140625,-0.00919342041015625,-0.02887725830078125,-0.02410888671875,-0.02117156982421875,-0.01361846923828125,-0.00629425048828125,-0.03879547119140625,0.672760009765625,0.11383056640625,-0.039520263671875,0.07568359375,0.18096923828125,0.05279541015625,0.206298828125,0.2227783203125,0.11993408203125,0.11260986328125,0.276336669921875,0.1275634765625,0.7464599609375,0.033416748046875,-2.709197998046875,-3.535614013671875,-3.7301673889160156,1.2499618530273438
435,0.2175,-0.0,-0.0,-0.0,-0.0,-0.0,-0.0,-0.0,-0.0,-0.0,-0.0,-0.0,-0.0,13.13446044921875,7.720416069030762,-878.1370239257812,237665.234375,-21310.095703125,3204.5439453125,-0.0,-0.0,-0.0,-0.0,-0.0,-0.0,-0.00385284423828125,-0.0055694580078125,-0.00080108642578125,-0.003509521484375,-0.002899169921875,-0.003662109375,-0.0028228759765625,-0.00896453857421875,-0.000457763671875,-0.003204345703125,-0.0038909912109375,-0.00171661376953125,-0.0057220458984375,-0.00499725341796875,3.814697265625e-05,-0.00774383544921875,-0.19012451171875,-0.22613525390625,0.05828857421875,-0.046844482421875,-0.003204345703125,0.135498046875,0.1434326171875,0.19439697265625,0.1348876953125,0.1605224609375,-0.103912353515625,0.139007568359375,0.1116943359375,0.05279541015625,0.55145263671875,-2.21649169921875,-9.116118431091309,1.2499618530273438
436,0.218,-0.0,-0.0,-0.0,-0.0,-0.0,-0.0,-0.0,-0.0,-0.0,-0.0,-0.0,-0.0,11.386380195617676,7.4190216064453125,-882.8807983398438,239351.078125,-21525.4453125,2639.582275390625,-0.0,-0.0,-0.0,-0.0,-0.0,-0.0,0.0095367431640625,0.0061798095703125,0.01789093017578125,0.02223968505859375,0.01544952392578125,0.01850128173828125,0.01068115234375,0.02960205078125,0.00949859619140625,0.01285552978515625,0.0254058837890625,0.02819061279296875,0.0164794921875,0.01495361328125,0.0057220458984375,0.039825439453125,-0.284271240234375,-0.02471923828125,0.1776123046875,0.04791259765625,0.179595947265625,-0.03814697265625,0.05859375,0.0616455078125,0.1641845703125,0.16876220703125,0.03387451171875,0.09552001953125,-0.80718994140625,-0.12847900390625,4.347381591796875,2.7972412109375,7.437760829925537,1.2499618530273438
437,0.2185,-0.0,-0.0,-0.0,-0.0,-0.0,-0.0,-0.0,-0.0,-0.0,-0.0,-0.0,-0.0,9.497665405273438,7.128340244293213,-886.822998046875,240492.171875,-21919.80078125,2566.43359375,-0.0,-0.0,-0.0,-0.0,-0.0,-0.0,0.002288818359375,0.0043487548828125,0.0054168701171875,0.00640869140625,0.0057220458984375,0.00377655029296875,0.0028228759765625,0.00789642333984375,0.0019073486328125,0.00125885009765625,0.008087158203125,0.00453948974609375,0.0080108642578125,0.00339508056640625,0.00030517578125,0.00701904296875,-0.0640869140625,0.514373779296875,0.06439208984375,0.158843994140625,-0.037078857421875,0.05645751953125,0.120849609375,0.11199951171875,0.1318359375,0.13275146484375,0.076141357421875,0.07476806640625,0.30426025390625,0.1434326171875,0.872650146484375,3.63922119140625,2.685451030731201,1.2499618530273438
438,0.219,-0.0,-0.0,-0.0,-0.0,-0.0,-0.0,-0.0,-0.0,-0.0,-0.0,-0.0,-0.0,8.287386894226074,7.481742858886719,-889.4915161132812,241262.34375,-22032.912109375,2300.523681640625,-0.0,-0.0,-0.0,-0.0,-0.0,-0.0,-0.0093841552734375,-0.00823974609375,-0.01728057861328125,-0.020904541015625,-0.01575469970703125,-0.0193023681640625,-0.011444091796875,-0.03021240234375,-0.00957489013671875,-0.012664794921875,-0.0229644775390625,-0.0252532958984375,-0.0168609619140625,-0.01506805419921875,-0.00522613525390625,-0.03887176513671875,0.24932861328125,0.164794921875,-0.009307861328125,0.00885009765625,-0.010986328125,0.03387451171875,0.13580322265625,0.159912109375,0.1409912109375,0.14312744140625,0.06561279296875,0.11627197265625,0.517730712890625,0.36865234375,-2.607574462890625,-1.91497802734375,3.0022716522216797,1.2499618530273438
439,0.2195,-0.0,-0.0,-0.0,-0.0,-0.0,-0.0,-0.0,-0.0,-0.0,-0.0,-0.0,-0.0,7.014162063598633,8.005838394165039,-888.9400634765625,241741.8125,-22381.1484375,2080.98583984375,-0.0,-0.0,-0.0,-0.0,-0.0,-0.0,-0.00148773193359375,-0.00415802001953125,-0.00194549560546875,-0.00347137451171875,-0.003662109375,-0.0034332275390625,-0.00286102294921875,-0.00682830810546875,-0.00179290771484375,-0.00152587890625,-0.00408172607421875,-0.00232696533203125,-0.0048065185546875,-0.00308990478515625,-0.00186920166015625,-0.007171630859375,0.439453125,-0.104217529296875,0.048828125,0.02532958984375,0.033111572265625,0.0787353515625,0.2056884765625,0.2276611328125,0.13702392578125,0.1983642578125,0.12786865234375,0.12908935546875,-0.14801025390625,-0.015716552734375,-0.0018310546875,-1.9720458984375,-4.363808631896973,1.2499618530273438
440,0.22,-0.0,-0.0,-0.0,-0.0,-0.0,-0.0,-0.0,-0.0,-0.0,-0.0,-0.0,-0.0,5.557164669036865,8.396666526794434,-892.30712890625,242868.3125,-22302.998046875,1908.68505859375,-0.0,-0.0,-0.0,-0.0,-0.0,-0.0,0.00888824462890625,0.00881195068359375,0.0168609619140625,0.02368927001953125,0.016632080078125,0.02017974853515625,0.01041412353515625,0.03204345703125,0.008697509765625,0.011138916015625,0.02483367919921875,0.024261474609375,0.020294189453125,0.01514434814453125,0.007171630859375,0.0399017333984375,-0.0927734375,-0.16510009765625,0.173187255859375,0.130462646484375,-0.10589599609375,0.177154541015625,0.18798828125,0.19287109375,0.1470947265625,0.1837158203125,0.2593994140625,0.018463134765625,-0.56182861328125,-0.084075927734375,2.753448486328125,3.804168701171875,7.6753764152526855,1.2499618530273438
441,0.2205,-0.0,-0.0,-0.0,-0.0,-0.0,-0.0,-0.0,-0.0,-0.0,-0.0,-0.0,-0.0,5.164371490478516,9.210744857788086,-896.4214477539062,244269.21875,-22784.84375,1745.6055908203125,-0.0,-0.0,-0.0,-0.0,-0.0,-0.0,0.0019073486328125,0.004119873046875,0.00461578369140625,0.0060272216796875,0.00415802001953125,0.0052642822265625,0.0038909912109375,0.00461578369140625,-0.00186920166015625,0.00213623046875,0.00732421875,0.00152587890625,0.0078582763671875,0.0043487548828125,0.001373291015625,0.0086212158203125,-0.33050537109375,0.548248291015625,0.032501220703125,0.17547607421875,0.181121826171875,0.122528076171875,0.17608642578125,0.1397705078125,0.16326904296875,0.1458740234375,-0.185546875,-0.0225830078125,0.19378662109375,0.131378173828125,0.32958984375,3.4857177734375,6.170478343963623,1.2499618530273438
442,0.221,-0.0,-0.0,-0.0,-0.0,-0.0,-0.0,-0.0,-0.0,-0.0,-0.0,-0.0,-0.0,6.171545028686523,10.478689193725586,-901.5349731445312,245886.0,-22989.50390625,2113.197509765625,-0.0,-0.0,-0.0,-0.0,-0.0,-0.0,-0.00949859619140625,-0.0086212158203125,-0.0179290771484375,-0.020904541015625,-0.0154876708984375,-0.017852783203125,-0.01056671142578125,-0.02880096435546875,-0.0099945068359375,-0.011444091796875,-0.0266265869140625,-0.0213623046875,-0.01972198486328125,-0.0142669677734375,-0.004425048828125,-0.03826141357421875,-0.25970458984375,0.133514404296875,0.071563720703125,0.087127685546875,0.0323486328125,0.08331298828125,0.1495361328125,0.09368896484375,0.1373291015625,0.1043701171875,0.032806396484375,-0.00885009765625,0.60211181640625,0.15777587890625,-1.34552001953125,-3.155059814453125,-4.8390398025512695,1.2499618530273438
443,0.2215,-0.0,-0.0,-0.0,-0.0,-0.0,-0.0,-0.0,-0.0,-0.0,-0.0,-0.0,-0.0,8.300373077392578,11.2919282913208,-906.3975830078125,247508.640625,-23331.56640625,2718.828369140625,-0.0,-0.0,-0.0,-0.0,-0.0,-0.0,-0.00152587890625,-0.00492095947265625,-0.00293731689453125,-0.00530242919921875,-0.00408172607421875,-0.00209808349609375,-0.00354766845703125,-0.00560760498046875,-0.00225067138671875,-0.0020599365234375,-0.00545501708984375,-0.0042724609375,-0.00667572021484375,-0.003509521484375,0.00118255615234375,-0.00823974609375,0.0299072265625,-0.0433349609375,0.100860595703125,0.065765380859375,0.067596435546875,0.030975341796875,0.1275634765625,0.10223388671875,0.1068115234375,0.126953125,0.0946044921875,0.087890625,0.03082275390625,0.13763427734375,-1.384429931640625,-2.7020263671875,-6.106322288513184,1.2499618530273438
444,0.222,-0.0,-0.0,-0.0,-0.0,-0.0,-0.0,-0.0,-0.0,-0.0,-0.0,-0.0,-0.0,10.492857933044434,12.446510314941406,-906.4246826171875,248091.1875,-23780.0234375,3222.69482421875,-0.0,-0.0,-0.0,-0.0,-0.0,-0.0,0.00896453857421875,0.0079345703125,0.01743316650390625,0.023345947265625,0.01659393310546875,0.02105712890625,0.0121307373046875,0.03170013427734375,0.0091552734375,0.0135040283203125,0.0250244140625,0.02796173095703125,0.02010345458984375,0.01613616943359375,0.00827789306640625,0.03894805908203125,0.757904052734375,0.161285400390625,0.03753662109375,0.062408447265625,0.25848388671875,0.04180908203125,0.22979736328125,0.18341064453125,0.18463134765625,0.21881103515625,0.093231201171875,0.149078369140625,-0.5987548828125,-0.126953125,4.2034912109375,4.182891845703125,7.358555793762207,1.2499618530273438
445,0.2225,-0.0,-0.0,-0.0,-0.0,-0.0,-0.0,-0.0,-0.0,-0.0,-0.0,-0.0,-0.0,12.45141315460205,13.538012504577637,-906.0054931640625,248120.234375,-24137.26171875,3690.635009765625,-0.0,-0.0,-0.0,-0.0,-0.0,-0.0,0.00209808349609375,0.00698089599609375,0.00179290771484375,0.00408172607421875,0.0043487548828125,0.0037384033203125,0.0055694580078125,0.00614166259765625,0.00339508056640625,-0.00102996826171875,0.00720977783203125,0.0040435791015625,0.00789642333984375,0.00400543212890625,0.001220703125,0.00885009765625,-0.247955322265625,0.026397705078125,0.0634765625,0.001373291015625,-0.31768798828125,0.0390625,-0.05645751953125,0.1971435546875,0.233154296875,0.24749755859375,0.13336181640625,0.112762451171875,0.37872314453125,0.20477294921875,0.7733154296875,3.9764404296875,6.091273307800293,1.2499618530273438
446,0.223,-0.0,-0.0,-0.0,-0.0,-0.0,-0.0,-0.0,-0.0,-0.0,-0.0,-0.0,-0.0,14.28243637084961,14.251596450805664,-903.7861938476562,248337.96875,-24343.771484375,3988.7587890625,-0.0,-0.0,-0.0,-0.0,-0.0,-0.0,-0.00720977783203125,-0.0119781494140625,-0.0164031982421875,-0.02117156982421875,-0.01495361328125,-0.01972198486328125,-0.01110076904296875,-0.03314971923828125,-0.01049041748046875,-0.00904083251953125,-0.02773284912109375,-0.02635955810546875,-0.01987457275390625,-0.0139617919921875,-0.006561279296875,-0.03765106201171875,-0.4937744140625,-0.01861572265625,0.13580322265625,0.107574462890625,0.44891357421875,0.1055908203125,0.32440185546875,0.1641845703125,0.1287841796875,0.10833740234375,0.02227783203125,0.055694580078125,0.29296875,0.001068115234375,-3.506317138671875,-3.600311279296875,-4.8390398025512695,1.2499618530273438
447,0.2235,-0.0,-0.0,-0.0,-0.0,-0.0,-0.0,-0.0,-0.0,-0.0,-0.0,-0.0,-0.0,16.081323623657227,14.678645133972168,-901.45166015625,247663.296875,-24784.62109375,4321.3662109375,-0.0,-0.0,-0.0,-0.0,-0.0,-0.0,3.814697265625e-05,-0.0026702880859375,-0.00209808349609375,-0.00354766845703125,-0.0040435791015625,-0.002899169921875,-0.00530242919921875,-0.00705718994140625,-0.0025177001953125,-0.000762939453125,-0.0042724609375,-0.00396728515625,-0.0060272216796875,-0.00408172607421875,-0.000152587890625,-0.008392333984375,-0.045623779296875,0.22491455078125,0.059356689453125,0.144805908203125,-0.052947998046875,0.107879638671875,0.21881103515625,0.120849609375,0.11260986328125,0.13214111328125,0.028228759765625,0.011749267578125,0.240478515625,0.069732666015625,-0.72967529296875,-3.223724365234375,-6.343937873840332,1.2499618530273438
448,0.224,-0.0,-0.0,-0.0,-0.0,-0.0,-0.0,-0.0,-0.0,-0.0,-0.0,-0.0,-0.0,18.548076629638672,15.304099082946777,-892.7432861328125,246109.859375,-25120.666015625,4679.36376953125,-0.0,-0.0,-0.0,-0.0,-0.0,-0.0,0.00988006591796875,0.010223388671875,0.01651763916015625,0.02414703369140625,0.0167083740234375,0.021209716796875,0.01129150390625,0.03055572509765625,0.00965118408203125,0.013275146484375,0.02796173095703125,0.02689361572265625,0.02086639404296875,0.01598358154296875,0.0072479248046875,0.0395965576171875,0.164642333984375,0.083160400390625,0.05462646484375,0.16387939453125,0.221710205078125,0.087432861328125,0.22918701171875,0.15380859375,0.14190673828125,0.14373779296875,0.045928955078125,0.026092529296875,-0.5975341796875,-0.003509521484375,4.165191650390625,4.027099609375,7.120940208435059,1.2499618530273438
449,0.2245,-0.0,-0.0,-0.0,-0.0,-0.0,-0.0,-0.0,-0.0,-0.0,-0.0,-0.0,-0.0,20.78279685974121,15.552227973937988,-882.9683227539062,243646.75,-24776.943359375,5191.013671875,-0.0,-0.0,-0.0,-0.0,-0.0,-0.0,0.00308990478515625,0.0067138671875,0.003204345703125,0.0055694580078125,0.003814697265625,0.00392913818359375,0.00324249267578125,0.006103515625,0.00438690185546875,0.00331878662109375,0.00698089599609375,0.003662109375,0.00576019287109375,0.00293731689453125,0.00133514404296875,0.0093841552734375,0.765838623046875,0.006866455078125,0.028839111328125,0.081329345703125,0.05584716796875,0.033721923828125,0.216064453125,0.18035888671875,0.166015625,0.150146484375,0.0579833984375,0.10009765625,0.2020263671875,0.185089111328125,1.81243896484375,3.57208251953125,7.5961713790893555,1.2499618530273438
450,0.225,-0.0,-0.0,-0.0,-0.0,-0.0,-0.0,-0.0,-0.0,-0.0,-0.0,-0.0,-0.0,21.04019546508789,13.770347595214844,-871.482421875,240334.34375,-24327.333984375,5263.49462890625,-0.0,-0.0,-0.0,-0.0,-0.0,-0.0,-0.0087738037109375,-0.0101470947265625,-0.01628875732421875,-0.02330780029296875,-0.0154876708984375,-0.01953125,-0.0115203857421875,-0.02880096435546875,-0.00766754150390625,-0.010528564453125,-0.02590179443359375,-0.02605438232421875,-0.0185394287109375,-0.01514434814453125,-0.00576019287109375,-0.039215087890625,0.167388916015625,-0.042877197265625,0.049285888671875,-0.032501220703125,0.272064208984375,0.04486083984375,0.1763916015625,0.2392578125,0.1568603515625,0.15472412109375,0.27374267578125,0.128326416015625,0.578155517578125,0.012969970703125,-3.0242919921875,-3.210296630859375,-9.512144088745117,1.2499618530273438
451,0.2255,-0.0,-0.0,-0.0,-0.0,-0.0,-0.0,-0.0,-0.0,-0.0,-0.0,-0.0,-0.0,20.25026512145996,11.160642623901367,-863.578857421875,237928.859375,-24039.861328125,5200.34912109375,-0.0,-0.0,-0.0,-0.0,-0.0,-0.0,-0.0009918212890625,-0.0032806396484375,-0.0008392333984375,-0.00377655029296875,-0.00385284423828125,-0.00308990478515625,-0.0034332275390625,-0.0041961669921875,-0.00141143798828125,-0.0009918212890625,-0.00423431396484375,-0.00728607177734375,-0.00701904296875,-0.00453948974609375,0.0002288818359375,-0.007476806640625,-0.3619384765625,0.179290771484375,0.245208740234375,0.064697265625,0.14495849609375,0.13336181640625,0.15625,0.1617431640625,0.2447509765625,0.28472900390625,0.038604736328125,0.124969482421875,0.12481689453125,0.225830078125,-1.20208740234375,-3.944091796875,-10.224990844726562,1.2499618530273438
452,0.226,-0.0,-0.0,-0.0,-0.0,-0.0,-0.0,-0.0,-0.0,-0.0,-0.0,-0.0,-0.0,20.17719078063965,9.09713363647461,-859.96044921875,236852.21875,-23346.65625,5259.1513671875,-0.0,-0.0,-0.0,-0.0,-0.0,-0.0,0.00926971435546875,0.00751495361328125,0.0160980224609375,0.0238037109375,0.01537322998046875,0.0199127197265625,0.01255035400390625,0.03070831298828125,0.0102996826171875,0.011138916015625,0.02796173095703125,0.0279998779296875,0.02048492431640625,0.01483917236328125,0.0063323974609375,0.03993988037109375,-0.39398193359375,0.03814697265625,0.073394775390625,0.11505126953125,-0.073089599609375,0.05279541015625,0.04150390625,0.0567626953125,0.1092529296875,0.2093505859375,0.030670166015625,0.1129150390625,-0.88592529296875,0.17303466796875,4.75189208984375,4.485321044921875,7.6753764152526855,1.2499618530273438
453,0.2265,-0.0,-0.0,-0.0,-0.0,-0.0,-0.0,-0.0,-0.0,-0.0,-0.0,-0.0,-0.0,20.25003433227539,7.892855644226074,-856.818115234375,235722.125,-22598.138671875,5412.45556640625,-0.0,-0.0,-0.0,-0.0,-0.0,-0.0,0.00385284423828125,0.007171630859375,0.00446319580078125,0.0051116943359375,0.0031280517578125,0.0041961669921875,0.0041961669921875,0.006866455078125,0.00316619873046875,0.00396728515625,0.00640869140625,0.0035858154296875,0.00949859619140625,0.0045013427734375,0.00091552734375,0.00934600830078125,0.3631591796875,-0.017547607421875,-0.103912353515625,0.0830078125,0.391998291015625,0.08880615234375,0.11810302734375,0.10467529296875,0.1080322265625,-0.03631591796875,-0.05279541015625,0.088348388671875,0.072479248046875,0.13031005859375,1.224517822265625,4.999847412109375,9.655506134033203,1.2499618530273438
454,0.227,-0.0,-0.0,-0.0,-0.0,-0.0,-0.0,-0.0,-0.0,-0.0,-0.0,-0.0,-0.0,16.896039962768555,6.111253261566162,-851.1714477539062,234382.0,-21594.865234375,4867.62841796875,-0.0,-0.0,-0.0,-0.0,-0.0,-0.0,-0.01007080078125,-0.0061798095703125,-0.01667022705078125,-0.02124786376953125,-0.01560211181640625,-0.0186920166015625,-0.01064300537109375,-0.03063201904296875,-0.010833740234375,-0.01384735107421875,-0.02758026123046875,-0.02513885498046875,-0.01911163330078125,-0.0167083740234375,-0.00415802001953125,-0.0397491455078125,0.89508056640625,-0.0054931640625,0.040435791015625,0.06561279296875,-0.23284912109375,0.071258544921875,0.22216796875,0.23773193359375,0.24749755859375,0.22705078125,0.0146484375,0.045928955078125,0.863037109375,0.012664794921875,-2.847137451171875,-3.400115966796875,-3.5717570781707764,1.2499618530273438
455,0.2275,-0.0,-0.0,-0.0,-0.0,-0.0,-0.0,-0.0,-0.0,-0.0,-0.0,-0.0,-0.0,12.02603816986084,3.694657325744629,-847.809326171875,232803.21875,-20426.251953125,3803.548828125,-0.0,-0.0,-0.0,-0.0,-0.0,-0.0,-0.004425048828125,-0.00396728515625,-0.00347137451171875,-0.00225067138671875,-0.0030517578125,-0.004119873046875,-0.0022125244140625,-0.006866455078125,-0.00213623046875,-0.0038909912109375,-0.00377655029296875,-0.0043487548828125,-0.0075531005859375,-0.002593994140625,-0.0006866455078125,-0.00820159912109375,-0.13824462890625,-0.403594970703125,0.192413330078125,0.010833740234375,-0.070037841796875,0.14984130859375,0.1873779296875,0.20294189453125,0.2081298828125,0.1812744140625,0.119781494140625,0.074615478515625,0.1702880859375,-0.07171630859375,-1.476593017578125,-4.029693603515625,-7.452810287475586,1.2499618530273438
456,0.228,-0.0,-0.0,-0.0,-0.0,-0.0,-0.0,-0.0,-0.0,-0.0,-0.0,-0.0,-0.0,7.463730812072754,1.2866506576538086,-845.9013671875,232035.03125,-19215.001953125,2700.14208984375,-0.0,-0.0,-0.0,-0.0,-0.0,-0.0,0.00995635986328125,0.0060272216796875,0.01834869384765625,0.02208709716796875,0.0182342529296875,0.0194549560546875,0.00995635986328125,0.03192901611328125,0.00858306884765625,0.01316070556640625,0.0252532958984375,0.03055572509765625,0.018768310546875,0.01598358154296875,0.00732421875,0.03955841064453125,-0.235595703125,0.35675048828125,0.097808837890625,-0.0225830078125,0.322723388671875,0.10406494140625,0.06866455078125,0.07720947265625,0.14434814453125,0.1104736328125,0.148468017578125,0.088653564453125,-0.830841064453125,-0.0518798828125,4.999847412109375,3.67095947265625,7.437760829925537,1.2499618530273438
457,0.2285,-0.0,-0.0,-0.0,-0.0,-0.0,-0.0,-0.0,-0.0,-0.0,-0.0,-0.0,-0.0,4.089731216430664,0.29740414023399353,-848.7520141601562,232269.6875,-18347.90234375,2068.57177734375,-0.0,-0.0,-0.0,-0.0,-0.0,-0.0,0.00270843505859375,0.00324249267578125,0.00392913818359375,0.00537872314453125,0.003814697265625,0.00579833984375,0.00423431396484375,0.00576019287109375,0.00095367431640625,0.00186920166015625,0.0051116943359375,0.004425048828125,0.01132965087890625,0.0031280517578125,0.0023651123046875,0.007781982421875,-0.24139404296875,0.4901123046875,0.088348388671875,0.04547119140625,0.254058837890625,0.00457763671875,0.0811767578125,0.09124755859375,0.238037109375,0.3106689453125,0.161590576171875,0.06378173828125,-0.137481689453125,-0.04180908203125,1.270599365234375,4.5343017578125,6.012068271636963,1.2499618530273438
458,0.229,-0.0,-0.0,-0.0,-0.0,-0.0,-0.0,-0.0,-0.0,-0.0,-0.0,-0.0,-0.0,2.7500343322753906,0.6182518005371094,-854.7596435546875,233655.984375,-17685.630859375,1841.2833251953125,-0.0,-0.0,-0.0,-0.0,-0.0,-0.0,-0.00942230224609375,-0.00606536865234375,-0.017852783203125,-0.0197601318359375,-0.0159454345703125,-0.01983642578125,-0.0128173828125,-0.032501220703125,-0.01041412353515625,-0.01186370849609375,-0.027008056640625,-0.0257110595703125,-0.0194549560546875,-0.01224517822265625,-0.0089263916015625,-0.03711700439453125,0.081329345703125,0.366668701171875,0.089263916015625,0.1318359375,0.12481689453125,0.03875732421875,0.1611328125,0.15533447265625,-0.06317138671875,-0.10162353515625,0.07476806640625,0.052642822265625,0.723419189453125,-0.048828125,-3.155517578125,-2.73590087890625,-3.254936456680298,1.2499618530273438
459,0.2295,-0.0,-0.0,-0.0,-0.0,-0.0,-0.0,-0.0,-0.0,-0.0,-0.0,-0.0,-0.0,2.4418201446533203,2.4962193965911865,-861.0996704101562,235248.71875,-17171.38671875,1860.271240234375,-0.0,-0.0,-0.0,-0.0,-0.0,-0.0,-0.00225067138671875,-0.00179290771484375,-0.00400543212890625,-0.00499725341796875,-0.00293731689453125,-0.003814697265625,0.0006866455078125,-0.00614166259765625,-0.00041961669921875,-0.0029754638671875,-0.00377655029296875,-0.00469207763671875,-0.0067901611328125,-0.00141143798828125,-0.00133514404296875,-0.006256103515625,0.055389404296875,0.01495361328125,0.046539306640625,0.21087646484375,0.15411376953125,0.11474609375,0.230712890625,0.17913818359375,0.179443359375,0.391845703125,0.115203857421875,0.119171142578125,0.49072265625,0.194091796875,-1.011962890625,-3.60260009765625,-6.264732837677002,1.2499618530273438
460,0.23,-0.0,-0.0,-0.0,-0.0,-0.0,-0.0,-0.0,-0.0,-0.0,-0.0,-0.0,-0.0,0.8311702013015747,3.909217119216919,-864.7195434570312,235948.03125,-16582.857421875,1555.0731201171875,-0.0,-0.0,-0.0,-0.0,-0.0,-0.0,0.00972747802734375,0.00514984130859375,0.0177001953125,0.02216339111328125,0.015869140625,0.0205230712890625,0.0119781494140625,0.030059814453125,0.01087188720703125,0.01224517822265625,0.024261474609375,0.0279998779296875,0.02017974853515625,0.01590728759765625,0.0052642822265625,0.03879547119140625,0.452117919921875,-0.35797119140625,0.09552001953125,0.110015869140625,-0.004730224609375,0.13427734375,0.20477294921875,0.2142333984375,0.16876220703125,0.191650390625,0.122222900390625,0.037841796875,-0.898895263671875,-0.22674560546875,4.00909423828125,3.960418701171875,8.625839233398438,1.2499618530273438
461,0.2305,-0.0,-0.0,-0.0,-0.0,-0.0,-0.0,-0.0,-0.0,-0.0,-0.0,-0.0,-0.0,-0.39115503430366516,5.191497802734375,-866.8142700195312,236421.328125,-15740.6484375,1391.978759765625,-0.0,-0.0,-0.0,-0.0,-0.0,-0.0,0.00209808349609375,0.0070953369140625,0.00362396240234375,0.005950927734375,0.00354766845703125,0.00072479248046875,0.0025177001953125,0.00453948974609375,0.00152587890625,-0.00179290771484375,0.00732421875,0.00316619873046875,0.0074005126953125,0.00240325927734375,-0.0005340576171875,0.0109100341796875,0.072174072265625,0.103302001953125,0.070037841796875,0.026092529296875,-0.659027099609375,0.079345703125,0.18096923828125,0.1593017578125,0.2288818359375,0.25146484375,0.10711669921875,-0.043182373046875,0.223846435546875,0.06744384765625,1.3751220703125,4.20166015625,4.269554615020752,1.2499618530273438
462,0.231,-0.0,-0.0,-0.0,-0.0,-0.0,-0.0,-0.0,-0.0,-0.0,-0.0,-0.0,-0.0,-0.7524659037590027,6.6339898109436035,-869.5169677734375,237319.171875,-15460.5166015625,1298.688232421875,-0.0,-0.0,-0.0,-0.0,-0.0,-0.0,-0.0096893310546875,-0.0072479248046875,-0.01773834228515625,-0.0213623046875,-0.0164031982421875,-0.019683837890625,-0.01323699951171875,-0.0310516357421875,-0.0113677978515625,-0.0122833251953125,-0.0263214111328125,-0.02696990966796875,-0.0206756591796875,-0.01506805419921875,-0.00621795654296875,-0.0397491455078125,-0.50811767578125,-0.042572021484375,0.085296630859375,0.084228515625,-0.272369384765625,0.054168701171875,0.14739990234375,0.10040283203125,0.11627197265625,0.09613037109375,-0.0079345703125,0.049285888671875,0.763702392578125,0.185394287109375,-3.321533203125,-3.439178466796875,-3.6509623527526855,1.2499618530273438
463,0.2315,-0.0,-0.0,-0.0,-0.0,-0.0,-0.0,-0.0,-0.0,-0.0,-0.0,-0.0,-0.0,-0.4536858797073364,7.782395839691162,-872.2705078125,237555.640625,-15240.775390625,1206.8623046875,-0.0,-0.0,-0.0,-0.0,-0.0,-0.0,-0.001678466796875,-0.002593994140625,-0.00301361083984375,-0.0043487548828125,-0.0037384033203125,-0.001678466796875,-0.00438690185546875,-0.0077056884765625,-0.00102996826171875,-0.00118255615234375,-0.00335693359375,-0.00019073486328125,-0.00568389892578125,-0.00270843505859375,0.00030517578125,-0.00812530517578125,-0.0152587890625,0.25970458984375,0.044097900390625,0.092926025390625,0.401763916015625,0.03692626953125,0.086669921875,0.10772705078125,0.11993408203125,0.115966796875,0.059661865234375,0.1129150390625,0.246124267578125,0.103759765625,0.410919189453125,-4.2095947265625,-2.6212949752807617,1.2499618530273438
464,0.232,-0.0,-0.0,-0.0,-0.0,-0.0,-0.0,-0.0,-0.0,-0.0,-0.0,-0.0,-0.0,0.36514830589294434,9.019071578979492,-873.0982666015625,237321.859375,-15014.05078125,1385.7237548828125,-0.0,-0.0,-0.0,-0.0,-0.0,-0.0,0.0098419189453125,0.00537872314453125,0.0167083740234375,0.02315521240234375,0.015716552734375,0.02063751220703125,0.011444091796875,0.03082275390625,0.0086212158203125,0.0118255615234375,0.02349853515625,0.02960205078125,0.0180816650390625,0.0154876708984375,0.006866455078125,0.03963470458984375,1.19873046875,-0.08758544921875,0.07232666015625,0.05950927734375,0.15960693359375,0.0494384765625,0.15228271484375,0.19287109375,0.14129638671875,0.14495849609375,0.043487548828125,0.15106201171875,-0.820159912109375,-0.1763916015625,4.02252197265625,3.13140869140625,5.378426551818848,1.2499618530273438
465,0.2325,-0.0,-0.0,-0.0,-0.0,-0.0,-0.0,-0.0,-0.0,-0.0,-0.0,-0.0,-0.0,0.8766800165176392,8.390560150146484,-871.0922241210938,237098.875,-14433.0068359375,1612.1761474609375,-0.0,-0.0,-0.0,-0.0,-0.0,-0.0,0.00278472900390625,0.0045013427734375,0.0031280517578125,0.005645751953125,0.00370025634765625,0.0045013427734375,0.0029754638671875,0.00835418701171875,0.00278472900390625,0.00095367431640625,0.00576019287109375,0.00286102294921875,0.00774383544921875,0.00457763671875,0.0017547607421875,0.0077056884765625,-0.1275634765625,0.069732666015625,0.052947998046875,0.032196044921875,0.02044677734375,0.058135986328125,0.23406982421875,0.26123046875,0.15899658203125,0.1849365234375,0.276641845703125,0.102996826171875,0.077056884765625,0.087432861328125,2.340240478515625,4.199676513671875,6.091273307800293,1.2499618530273438
466,0.233,-0.0,-0.0,-0.0,-0.0,-0.0,-0.0,-0.0,-0.0,-0.0,-0.0,-0.0,-0.0,0.6209754943847656,7.761702537536621,-873.707763671875,236888.328125,-14235.611328125,1574.607177734375,-0.0,-0.0,-0.0,-0.0,-0.0,-0.0,-0.00957489013671875,-0.0058746337890625,-0.01708984375,-0.0205230712890625,-0.01495361328125,-0.01979827880859375,-0.0102996826171875,-0.033721923828125,-0.0086212158203125,-0.0122833251953125,-0.0246429443359375,-0.0273895263671875,-0.01789093017578125,-0.01384735107421875,-0.0054168701171875,-0.0388336181640625,-0.478515625,0.131988525390625,0.116729736328125,0.076446533203125,0.09552001953125,0.221405029296875,0.14892578125,0.09765625,0.16387939453125,0.1739501953125,-0.1788330078125,0.06256103515625,0.816650390625,0.33050537109375,-2.553253173828125,-2.506103515625,-0.4035504162311554,1.2499618530273438
467,0.2335,-0.0,-0.0,-0.0,-0.0,-0.0,-0.0,-0.0,-0.0,-0.0,-0.0,-0.0,-0.0,0.9426556825637817,6.558091640472412,-874.1026611328125,236979.875,-14203.669921875,1600.5902099609375,-0.0,-0.0,-0.0,-0.0,-0.0,-0.0,-0.0029754638671875,-0.0051116943359375,-0.00331878662109375,-0.0055694580078125,-0.00316619873046875,-0.0012969970703125,-0.00415802001953125,-0.00537872314453125,-0.003509521484375,-0.0011444091796875,-0.0057220458984375,-0.00370025634765625,-0.00766754150390625,-0.00179290771484375,-0.0009918212890625,-0.009918212890625,-0.1202392578125,-0.150146484375,0.101165771484375,0.10406494140625,-0.076446533203125,0.058441162109375,0.07843017578125,0.08087158203125,0.1513671875,0.137939453125,0.070343017578125,0.0494384765625,0.03570556640625,0.0,-1.5838623046875,-4.637298583984375,-5.155860424041748,1.2499618530273438
468,0.234,-0.0,-0.0,-0.0,-0.0,-0.0,-0.0,-0.0,-0.0,-0.0,-0.0,-0.0,-0.0,0.6209754943847656,5.288118362426758,-873.3590087890625,236208.0,-13814.29296875,1711.1846923828125,-0.0,-0.0,-0.0,-0.0,-0.0,-0.0,0.0095367431640625,0.010223388671875,0.016632080078125,0.02285003662109375,0.015411376953125,0.0209808349609375,0.01277923583984375,0.03204345703125,0.0098419189453125,0.0128173828125,0.02628326416015625,0.02513885498046875,0.02109527587890625,0.0147247314453125,0.0046539306640625,0.0402069091796875,0.13031005859375,0.241851806640625,0.07904052734375,0.0689697265625,-0.10284423828125,0.035247802734375,0.11322021484375,0.10894775390625,0.15411376953125,0.12237548828125,0.07171630859375,0.0634765625,-0.343017578125,-0.0872802734375,3.420562744140625,4.2156982421875,6.80411958694458,1.2499618530273438
469,0.23450000000000001,-0.0,-0.0,-0.0,-0.0,-0.0,-0.0,-0.0,-0.0,-0.0,-0.0,-0.0,-0.0,0.8649909496307373,4.2505717277526855,-867.9478759765625,234949.515625,-13053.150390625,1737.00048828125,-0.0,-0.0,-0.0,-0.0,-0.0,-0.0,0.00308990478515625,0.00415802001953125,0.00461578369140625,0.00568389892578125,0.00457763671875,0.00270843505859375,0.00202178955078125,0.00507354736328125,0.0031280517578125,0.00560760498046875,0.006561279296875,0.00621795654296875,0.00732421875,0.00396728515625,0.00072479248046875,0.00812530517578125,0.226593017578125,0.135040283203125,0.03265380859375,0.07598876953125,0.316009521484375,0.024871826171875,0.1873779296875,0.157470703125,0.16510009765625,0.18402099609375,0.081329345703125,0.09765625,-0.18096923828125,0.099639892578125,2.249908447265625,4.999847412109375,4.982400894165039,1.2499618530273438
470,0.23500000000000001,-0.0,-0.0,-0.0,-0.0,-0.0,-0.0,-0.0,-0.0,-0.0,-0.0,-0.0,-0.0,0.6876852512359619,3.1357715129852295,-863.6698608398438,232574.046875,-12322.2294921875,1718.239501953125,-0.0,-0.0,-0.0,-0.0,-0.0,-0.0,-0.00850677490234375,-0.00843048095703125,-0.0151824951171875,-0.02307891845703125,-0.015106201171875,-0.0199127197265625,-0.00995635986328125,-0.02979278564453125,-0.009307861328125,-0.01232147216796875,-0.02300262451171875,-0.02506256103515625,-0.0196075439453125,-0.01617431640625,-0.00579833984375,-0.03932952880859375,0.43060302734375,0.1336669921875,0.0030517578125,0.041961669921875,-0.01800537109375,0.051116943359375,0.1727294921875,0.19805908203125,0.15533447265625,0.1434326171875,0.027008056640625,0.0311279296875,0.6231689453125,0.313262939453125,-2.198638916015625,-2.74383544921875,-4.9182448387146,1.2499618530273438
471,0.23550000000000001,-0.0,-0.0,-0.0,-0.0,-0.0,-0.0,-0.0,-0.0,-0.0,-0.0,-0.0,-0.0,-0.021851085126399994,2.41796875,-853.8072509765625,230214.171875,-11404.45703125,1498.4141845703125,-0.0,-0.0,-0.0,-0.0,-0.0,-0.0,-0.0028228759765625,-0.0037384033203125,-0.00225067138671875,-0.00301361083984375,-0.003204345703125,-0.00392913818359375,-0.0054168701171875,-0.00644683837890625,-0.0023651123046875,-0.0002288818359375,-0.0037384033203125,-0.00457763671875,-0.00988006591796875,-0.003814697265625,-0.00232696533203125,-0.006866455078125,0.22491455078125,-0.022430419921875,0.079193115234375,0.043487548828125,0.40924072265625,0.18280029296875,0.19683837890625,0.2764892578125,0.11810302734375,0.12664794921875,0.0762939453125,0.00762939453125,0.193328857421875,0.088348388671875,-2.090301513671875,-4.83673095703125,-4.680629253387451,1.2499618530273438
472,0.23600000000000002,-0.0,-0.0,-0.0,-0.0,-0.0,-0.0,-0.0,-0.0,-0.0,-0.0,-0.0,-0.0,-2.2278401851654053,1.1048321723937988,-849.9271240234375,228716.078125,-10400.2568359375,933.3858642578125,-0.0,-0.0,-0.0,-0.0,-0.0,-0.0,0.00942230224609375,0.0046539306640625,0.01674652099609375,0.02166748046875,0.0165557861328125,0.01949310302734375,0.013580322265625,0.0299835205078125,0.01041412353515625,0.00885009765625,0.025482177734375,0.02483367919921875,0.01918792724609375,0.0164794921875,0.00782012939453125,0.03955841064453125,0.543212890625,-0.41900634765625,0.07659912109375,0.101318359375,-0.214996337890625,0.19378662109375,0.1666259765625,0.08697509765625,0.18096923828125,0.20965576171875,0.1446533203125,0.056915283203125,-0.8624267578125,0.003204345703125,3.627471923828125,3.737945556640625,7.120940208435059,1.2499618530273438
473,0.23650000000000002,-0.0,-0.0,-0.0,-0.0,-0.0,-0.0,-0.0,-0.0,-0.0,-0.0,-0.0,-0.0,-4.879093170166016,0.33363866806030273,-848.260009765625,228013.921875,-9791.072265625,245.78631591796875,-0.0,-0.0,-0.0,-0.0,-0.0,-0.0,0.002899169921875,0.00579833984375,0.002899169921875,0.005340576171875,0.00354766845703125,0.00186920166015625,0.00335693359375,0.006561279296875,0.00370025634765625,0.00156402587890625,0.00774383544921875,0.003814697265625,0.00827789306640625,0.0031280517578125,0.0006103515625,0.0102996826171875,-0.326690673828125,0.110931396484375,0.093841552734375,0.13946533203125,-0.128936767578125,0.00396728515625,0.22857666015625,0.2020263671875,0.172119140625,0.185546875,0.137786865234375,0.142974853515625,0.0732421875,0.260162353515625,1.46881103515625,4.999847412109375,5.7744526863098145,1.2499618530273438
474,0.23700000000000002,-0.0,-0.0,-0.0,-0.0,-0.0,-0.0,-0.0,-0.0,-0.0,-0.0,-0.0,-0.0,-6.7420196533203125,0.14320485293865204,-850.7029418945312,229089.53125,-9682.8466796875,-452.893310546875,-0.0,-0.0,-0.0,-0.0,-0.0,-0.0,-0.00736236572265625,-0.01079559326171875,-0.01750946044921875,-0.02269744873046875,-0.01621246337890625,-0.0188446044921875,-0.01094818115234375,-0.03223419189453125,-0.008392333984375,-0.0087738037109375,-0.02658843994140625,-0.02635955810546875,-0.01911163330078125,-0.016326904296875,-0.006561279296875,-0.04039764404296875,0.264434814453125,-0.77178955078125,0.13336181640625,0.099334716796875,0.428924560546875,0.117340087890625,0.1861572265625,0.1568603515625,0.15533447265625,0.228271484375,0.0360107421875,0.130157470703125,0.41473388671875,0.016632080078125,-3.79730224609375,-3.1781005859375,-3.6509623527526855,1.2499618530273438
475,0.23750000000000002,-0.0,-0.0,-0.0,-0.0,-0.0,-0.0,-0.0,-0.0,-0.0,-0.0,-0.0,-0.0,-8.406100273132324,1.248669147491455,-860.5144653320312,231748.734375,-9676.1884765625,-998.9026489257812,-0.0,-0.0,-0.0,-0.0,-0.0,-0.0,-0.00209808349609375,-0.00011444091796875,-0.00194549560546875,-0.00392913818359375,-0.00164031982421875,-0.00457763671875,-0.00530242919921875,-0.006103515625,-0.00164031982421875,-0.00087738037109375,-0.0043487548828125,-0.00720977783203125,-0.00728607177734375,-0.00244140625,-0.00278472900390625,-0.00804901123046875,-0.62713623046875,0.866851806640625,0.22552490234375,0.07843017578125,0.160675048828125,-0.01312255859375,0.11749267578125,0.10650634765625,0.0872802734375,0.07415771484375,0.17669677734375,0.03143310546875,0.489044189453125,0.0146484375,-1.468353271484375,-3.826751708984375,-5.947912216186523,1.2499618530273438
476,0.23800000000000002,-0.0,-0.0,-0.0,-0.0,-0.0,-0.0,-0.0,-0.0,-0.0,-0.0,-0.0,-0.0,-9.170928955078125,2.637261152267456,-872.7811279296875,235099.875,-9695.376953125,-1374.5595703125,-0.0,-0.0,-0.0,-0.0,-0.0,-0.0,0.0074005126953125,0.01079559326171875,0.01667022705078125,0.021209716796875,0.0164794921875,0.01819610595703125,0.0115203857421875,0.0301361083984375,0.009765625,0.0090789794921875,0.02704620361328125,0.02452850341796875,0.02056121826171875,0.0156402587890625,0.0067901611328125,0.0379180908203125,-0.491790771484375,0.35614013671875,0.073089599609375,0.002593994140625,-0.362396240234375,-0.04852294921875,0.04150390625,0.04486083984375,0.145263671875,0.1019287109375,0.229949951171875,0.019683837890625,-0.4473876953125,0.02838134765625,3.26751708984375,3.7652587890625,9.97232723236084,1.2499618530273438
477,0.23850000000000002,-0.0,-0.0,-0.0,-0.0,-0.0,-0.0,-0.0,-0.0,-0.0,-0.0,-0.0,-0.0,-9.378211975097656,3.541456699371338,-885.6153564453125,238680.59375,-10146.873046875,-1714.995849609375,-0.0,-0.0,-0.0,-0.0,-0.0,-0.0,0.00370025634765625,0.00278472900390625,0.004119873046875,0.0042724609375,0.00545501708984375,0.0049591064453125,0.00469207763671875,0.00522613525390625,0.00141143798828125,0.00499725341796875,0.00492095947265625,0.007171630859375,0.00789642333984375,0.00545501708984375,0.0002288818359375,0.007171630859375,-0.243072509765625,0.44891357421875,-0.1446533203125,0.00274658203125,0.333099365234375,0.019073486328125,0.13519287109375,0.14251708984375,0.10040283203125,0.12847900390625,-0.02105712890625,0.056610107421875,0.053863525390625,0.137481689453125,2.85125732421875,4.3927001953125,7.754581928253174,1.2499618530273438
478,0.23900000000000002,-0.0,-0.0,-0.0,-0.0,-0.0,-0.0,-0.0,-0.0,-0.0,-0.0,-0.0,-0.0,-9.648398399353027,3.398193359375,-895.3250732421875,241436.625,-10378.2529296875,-2058.3935546875,-0.0,-0.0,-0.0,-0.0,-0.0,-0.0,-0.00751495361328125,-0.0092315673828125,-0.0145721435546875,-0.02105712890625,-0.01506805419921875,-0.0177001953125,-0.0092315673828125,-0.0339508056640625,-0.00885009765625,-0.01377105712890625,-0.02559661865234375,-0.026397705078125,-0.01720428466796875,-0.014801025390625,-0.00499725341796875,-0.0380706787109375,0.389862060546875,0.381927490234375,0.043487548828125,0.10101318359375,-0.31402587890625,0.059356689453125,0.18341064453125,0.13885498046875,0.24139404296875,0.20599365234375,-0.162506103515625,0.081329345703125,0.660400390625,0.047149658203125,-3.108367919921875,-2.5628662109375,-4.046988010406494,1.2499618530273438
479,0.23950000000000002,-0.0,-0.0,-0.0,-0.0,-0.0,-0.0,-0.0,-0.0,-0.0,-0.0,-0.0,-0.0,-9.880788803100586,2.2755284309387207,-903.9025268554688,243598.09375,-10751.828125,-2108.260986328125,-0.0,-0.0,-0.0,-0.0,-0.0,-0.0,-0.0014495849609375,-0.00301361083984375,-0.0031280517578125,-0.005035400390625,-0.0032806396484375,-0.000762939453125,-0.00213623046875,-0.0048065185546875,-0.001373291015625,-0.0008392333984375,-0.00576019287109375,-0.00415802001953125,-0.0090789794921875,-0.00141143798828125,0.001220703125,-0.00850677490234375,0.25848388671875,-0.03509521484375,0.034027099609375,0.13671875,0.33782958984375,0.132598876953125,0.16845703125,0.15960693359375,0.12603759765625,0.1324462890625,0.0482177734375,0.054473876953125,0.11199951171875,0.04486083984375,-0.318450927734375,-4.412689208984375,-6.50234842300415,1.2499618530273438
480,0.24,-0.0,-0.0,-0.0,-0.0,-0.0,-0.0,-0.0,-0.0,-0.0,-0.0,-0.0,-0.0,-9.893916130065918,1.174240231513977,-910.4329223632812,245232.390625,-11359.9833984375,-2126.826416015625,-0.0,-0.0,-0.0,-0.0,-0.0,-0.0,0.0098419189453125,0.00545501708984375,0.0177764892578125,0.0217437744140625,0.016326904296875,0.019073486328125,0.01224517822265625,0.03307342529296875,0.01079559326171875,0.011138916015625,0.026702880859375,0.02735137939453125,0.022125244140625,0.01415252685546875,0.00823974609375,0.038909912109375,0.00946044921875,0.01007080078125,0.10498046875,0.156402587890625,0.0482177734375,0.161895751953125,0.14495849609375,0.15838623046875,0.14404296875,0.15716552734375,0.153045654296875,0.085601806640625,-0.69427490234375,0.130615234375,4.6136474609375,4.878692626953125,6.64570951461792,1.2499618530273438
481,0.2405,-0.0,-0.0,-0.0,-0.0,-0.0,-0.0,-0.0,-0.0,-0.0,-0.0,-0.0,-0.0,-9.246685028076172,0.5844272971153259,-915.9064331054688,246969.796875,-11689.0810546875,-2075.967529296875,-0.0,-0.0,-0.0,-0.0,-0.0,-0.0,0.00171661376953125,0.00255584716796875,0.0022125244140625,0.00682830810546875,0.0041961669921875,0.005035400390625,0.00400543212890625,0.0067138671875,0.00335693359375,0.00133514404296875,0.00522613525390625,0.00316619873046875,0.0113677978515625,0.00354766845703125,-0.000457763671875,0.00713348388671875,0.397491455078125,0.107574462890625,0.116119384765625,0.08941650390625,0.096282958984375,0.1007080078125,0.13092041015625,0.12725830078125,0.14190673828125,0.14495849609375,0.1739501953125,0.04974365234375,-0.28533935546875,-0.064544677734375,0.683441162109375,4.40887451171875,6.170478343963623,1.2499618530273438
482,0.241,-0.0,-0.0,-0.0,-0.0,-0.0,-0.0,-0.0,-0.0,-0.0,-0.0,-0.0,-0.0,-8.052067756652832,0.5094067454338074,-920.0673828125,247565.671875,-11940.0107421875,-2038.6297607421875,-0.0,-0.0,-0.0,-0.0,-0.0,-0.0,-0.0090789794921875,-0.00732421875,-0.0160980224609375,-0.02269744873046875,-0.0139617919921875,-0.020599365234375,-0.00957489013671875,-0.03063201904296875,-0.00904083251953125,-0.010986328125,-0.0258636474609375,-0.02544403076171875,-0.0214385986328125,-0.01293182373046875,-0.00820159912109375,-0.037841796875,0.0018310546875,0.0994873046875,0.070953369140625,0.087890625,-0.0225830078125,0.082550048828125,0.1983642578125,0.186767578125,0.07354736328125,0.11016845703125,0.141448974609375,0.070648193359375,0.87249755859375,0.00091552734375,-3.719024658203125,-3.397064208984375,-3.809372663497925,1.2499618530273438
483,0.2415,-0.0,-0.0,-0.0,-0.0,-0.0,-0.0,-0.0,-0.0,-0.0,-0.0,-0.0,-0.0,-7.478921413421631,0.2445565164089203,-919.5576171875,247940.734375,-12418.517578125,-1917.46435546875,-0.0,-0.0,-0.0,-0.0,-0.0,-0.0,-0.00396728515625,-0.001983642578125,-0.00286102294921875,-0.00530242919921875,-0.00499725341796875,-0.005035400390625,-0.00240325927734375,-0.00652313232421875,-0.00011444091796875,-0.0074005126953125,-0.00362396240234375,-0.00423431396484375,-0.00690460205078125,-0.0034332275390625,0.0025177001953125,-0.00713348388671875,-0.098419189453125,0.00091552734375,0.117645263671875,0.0445556640625,-0.934295654296875,0.07171630859375,0.13519287109375,0.1007080078125,0.25054931640625,0.2685546875,0.04486083984375,0.099334716796875,0.32989501953125,0.23529052734375,-0.86883544921875,-3.28826904296875,-6.185527801513672,1.2499618530273438
484,0.242,-0.0,-0.0,-0.0,-0.0,-0.0,-0.0,-0.0,-0.0,-0.0,-0.0,-0.0,-0.0,-6.578430652618408,-0.16287140548229218,-916.388427734375,246244.546875,-12575.5810546875,-1761.70263671875,-0.0,-0.0,-0.0,-0.0,-0.0,-0.0,0.0090789794921875,0.00606536865234375,0.0165557861328125,0.0226593017578125,0.01552581787109375,0.020904541015625,0.01010894775390625,0.03147125244140625,0.01129150390625,0.0145721435546875,0.02651214599609375,0.02841949462890625,0.01934051513671875,0.01430511474609375,0.00690460205078125,0.0386810302734375,0.01953125,0.117645263671875,0.031280517578125,-0.0201416015625,0.1983642578125,0.02960205078125,0.09979248046875,0.14923095703125,0.20233154296875,0.1812744140625,0.054779052734375,0.092315673828125,-0.856781005859375,-0.00091552734375,4.6331787109375,3.51654052734375,7.200145721435547,1.2499618530273438
485,0.2425,-0.0,-0.0,-0.0,-0.0,-0.0,-0.0,-0.0,-0.0,-0.0,-0.0,-0.0,-0.0,-5.998111248016357,-0.8087897300720215,-907.8491821289062,244080.546875,-12518.33984375,-1649.5472412109375,-0.0,-0.0,-0.0,-0.0,-0.0,-0.0,0.0034332275390625,0.003662109375,0.0032806396484375,0.00476837158203125,0.003662109375,0.0046539306640625,0.006103515625,0.00812530517578125,0.00324249267578125,0.00213623046875,0.00396728515625,0.00415802001953125,0.00675201416015625,0.00415802001953125,0.0006866455078125,0.0091552734375,0.143280029296875,0.0506591796875,0.055084228515625,0.02593994140625,0.11993408203125,0.068817138671875,0.1934814453125,0.169677734375,0.13458251953125,0.12664794921875,0.017242431640625,0.1190185546875,-0.023956298828125,-0.004730224609375,1.69891357421875,4.65301513671875,6.012068271636963,1.2499618530273438
486,0.243,-0.0,-0.0,-0.0,-0.0,-0.0,-0.0,-0.0,-0.0,-0.0,-0.0,-0.0,-0.0,-4.449667453765869,-2.424811840057373,-897.9386596679688,240857.609375,-12502.521484375,-1318.4468994140625,-0.0,-0.0,-0.0,-0.0,-0.0,-0.0,-0.006561279296875,-0.00736236572265625,-0.01728057861328125,-0.02193450927734375,-0.01529693603515625,-0.01811981201171875,-0.0128173828125,-0.0296783447265625,-0.010833740234375,-0.00667572021484375,-0.0255584716796875,-0.026702880859375,-0.02044677734375,-0.01399993896484375,-0.0074005126953125,-0.03955841064453125,0.391998291015625,0.115966796875,0.0006103515625,0.078125,0.756683349609375,0.04425048828125,0.11260986328125,0.19561767578125,0.11962890625,0.125732421875,0.0634765625,0.105133056640625,0.617218017578125,0.10467529296875,-3.547515869140625,-3.2183837890625,-3.5717570781707764,1.2499618530273438
487,0.2435,-0.0,-0.0,-0.0,-0.0,-0.0,-0.0,-0.0,-0.0,-0.0,-0.0,-0.0,-0.0,-2.71567964553833,-3.974475860595703,-886.3162841796875,237253.34375,-12283.7861328125,-808.6694946289062,-0.0,-0.0,-0.0,-0.0,-0.0,-0.0,-0.00194549560546875,-0.0026702880859375,-0.00354766845703125,-0.00453948974609375,-0.002288818359375,-0.00278472900390625,-0.0002288818359375,-0.00705718994140625,-0.001678466796875,-0.00244140625,-0.00400543212890625,-0.0017547607421875,-0.0037384033203125,-0.00072479248046875,-0.0018310546875,-0.00736236572265625,0.574188232421875,0.012054443359375,0.101165771484375,0.08941650390625,0.23712158203125,0.0750732421875,0.196533203125,0.25970458984375,0.155029296875,0.16326904296875,0.042877197265625,0.0848388671875,0.34637451171875,0.180206298828125,-0.225830078125,-1.895751953125,-7.532015323638916,1.2499618530273438
488,0.244,-0.0,-0.0,-0.0,-0.0,-0.0,-0.0,-0.0,-0.0,-0.0,-0.0,-0.0,-0.0,-0.29498010873794556,-4.980241775512695,-873.3634643554688,234131.015625,-12207.7041015625,-108.63517761230469,-0.0,-0.0,-0.0,-0.0,-0.0,-0.0,0.00850677490234375,0.0072479248046875,0.016937255859375,0.0218963623046875,0.01556396484375,0.0201416015625,0.0116729736328125,0.03269195556640625,0.0104522705078125,0.00995635986328125,0.02597808837890625,0.0264739990234375,0.01766204833984375,0.0145721435546875,0.008544921875,0.0397491455078125,0.272674560546875,-0.10223388671875,0.12847900390625,0.07843017578125,-0.147247314453125,0.175323486328125,0.02899169921875,0.21392822265625,0.15716552734375,0.15380859375,0.06072998046875,0.05523681640625,-0.72174072265625,-0.224761962890625,3.70574951171875,3.048858642578125,7.516966342926025,1.2499618530273438
489,0.2445,-0.0,-0.0,-0.0,-0.0,-0.0,-0.0,-0.0,-0.0,-0.0,-0.0,-0.0,-0.0,2.0111472606658936,-5.9861249923706055,-862.926025390625,230937.609375,-12186.2119140625,415.2063903808594,-0.0,-0.0,-0.0,-0.0,-0.0,-0.0,0.00247955322265625,0.0061798095703125,0.0040435791015625,0.006256103515625,0.00392913818359375,0.00278472900390625,0.0041961669921875,0.00736236572265625,0.00179290771484375,0.004119873046875,0.00720977783203125,0.00217437744140625,0.00659942626953125,0.00286102294921875,0.00064849853515625,0.008544921875,-0.123748779296875,-0.08636474609375,0.0347900390625,0.050201416015625,0.542144775390625,0.06439208984375,0.17242431640625,0.08331298828125,0.1739501953125,0.1934814453125,0.10894775390625,0.06927490234375,0.387420654296875,-0.06439208984375,0.3472900390625,3.226318359375,2.8438613414764404,1.2499618530273438
490,0.245,-0.0,-0.0,-0.0,-0.0,-0.0,-0.0,-0.0,-0.0,-0.0,-0.0,-0.0,-0.0,4.0510454177856445,-6.7124481201171875,-853.7149658203125,228103.015625,-12298.8681640625,975.1320190429688,-0.0,-0.0,-0.0,-0.0,-0.0,-0.0,-0.0086212158203125,-0.0066375732421875,-0.0174713134765625,-0.02262115478515625,-0.0147247314453125,-0.01987457275390625,-0.01064300537109375,-0.03246307373046875,-0.0091552734375,-0.01140594482421875,-0.02521514892578125,-0.0228118896484375,-0.01873016357421875,-0.01407623291015625,-0.00804901123046875,-0.03818511962890625,-0.19683837890625,-0.129547119140625,-0.00579833984375,0.1397705078125,-0.017547607421875,0.063018798828125,0.19561767578125,0.155029296875,0.1580810546875,0.1611328125,0.169830322265625,0.035858154296875,0.731201171875,0.189208984375,-1.761932373046875,-2.52471923828125,-3.967782974243164,1.2499618530273438
491,0.2455,-0.0,-0.0,-0.0,-0.0,-0.0,-0.0,-0.0,-0.0,-0.0,-0.0,-0.0,-0.0,5.21433162689209,-6.781250953674316,-850.2613525390625,226956.390625,-12755.9169921875,1259.4298095703125,-0.0,-0.0,-0.0,-0.0,-0.0,-0.0,-0.0026702880859375,-0.00751495361328125,-0.00392913818359375,-0.0046539306640625,-0.0029754638671875,-0.0028228759765625,-0.0051116943359375,-0.0057220458984375,-0.0034332275390625,-0.0028228759765625,-0.0045013427734375,0.0002288818359375,-0.00461578369140625,-0.00293731689453125,-0.001983642578125,-0.009002685546875,0.001983642578125,0.285491943359375,0.077667236328125,0.113525390625,-0.078582763671875,0.028228759765625,0.13916015625,0.1312255859375,0.10955810546875,0.118408203125,0.18341064453125,0.050048828125,-0.060577392578125,0.275115966796875,1.3165283203125,-2.989044189453125,-5.789501667022705,1.2499618530273438
492,0.246,-0.0,-0.0,-0.0,-0.0,-0.0,-0.0,-0.0,-0.0,-0.0,-0.0,-0.0,-0.0,6.988697052001953,-6.942936897277832,-847.8764038085938,226383.953125,-12987.787109375,1659.3193359375,-0.0,-0.0,-0.0,-0.0,-0.0,-0.0,0.006561279296875,0.00568389892578125,0.01667022705078125,0.02231597900390625,0.01483917236328125,0.0197601318359375,0.010223388671875,0.0308990478515625,0.01087188720703125,0.0115203857421875,0.0266265869140625,0.02414703369140625,0.01972198486328125,0.014801025390625,0.0075531005859375,0.0390625,-0.1922607421875,0.085601806640625,0.111083984375,0.020294189453125,-0.004119873046875,0.051422119140625,0.16510009765625,0.086669921875,0.1171875,0.14923095703125,0.012359619140625,0.063934326171875,-0.90179443359375,-0.05645751953125,3.486328125,3.0810546875,2.3686304092407227,1.2499618530273438
493,0.2465,-0.0,-0.0,-0.0,-0.0,-0.0,-0.0,-0.0,-0.0,-0.0,-0.0,-0.0,-0.0,8.003310203552246,-6.9043707847595215,-846.9053344726562,226234.625,-13359.2255859375,1694.7884521484375,-0.0,-0.0,-0.0,-0.0,-0.0,-0.0,0.00080108642578125,0.00732421875,0.00484466552734375,0.006256103515625,0.0035858154296875,0.00377655029296875,0.00362396240234375,0.0058746337890625,0.0043487548828125,0.00278472900390625,0.007171630859375,0.00301361083984375,0.00499725341796875,0.0018310546875,-7.62939453125e-05,0.0091552734375,0.811309814453125,0.00274658203125,0.113067626953125,0.1025390625,0.029754638671875,0.075836181640625,0.1788330078125,0.111083984375,0.14129638671875,0.10711669921875,-0.149993896484375,0.119171142578125,0.303955078125,0.17974853515625,-0.260772705078125,3.138275146484375,7.437760829925537,1.2499618530273438
494,0.247,-0.0,-0.0,-0.0,-0.0,-0.0,-0.0,-0.0,-0.0,-0.0,-0.0,-0.0,-0.0,8.165096282958984,-7.119465351104736,-848.3016967773438,226313.5,-13539.6650390625,1648.3773193359375,-0.0,-0.0,-0.0,-0.0,-0.0,-0.0,-0.00957489013671875,-0.0072479248046875,-0.01720428466796875,-0.0218963623046875,-0.015716552734375,-0.01922607421875,-0.01194000244140625,-0.0287628173828125,-0.01010894775390625,-0.009307861328125,-0.0262451171875,-0.02414703369140625,-0.0171661376953125,-0.0148773193359375,-0.007476806640625,-0.03997802734375,-0.218048095703125,-0.1361083984375,0.077667236328125,0.091552734375,0.125274658203125,0.117645263671875,0.1568603515625,0.21209716796875,0.14495849609375,0.140380859375,0.03692626953125,0.124969482421875,0.71136474609375,0.238037109375,-2.634429931640625,-1.753692626953125,-4.7598347663879395,1.2499618530273438
495,0.2475,-0.0,-0.0,-0.0,-0.0,-0.0,-0.0,-0.0,-0.0,-0.0,-0.0,-0.0,-0.0,7.625798225402832,-7.4190216064453125,-850.6083984375,227376.296875,-13591.6337890625,1432.677734375,-0.0,-0.0,-0.0,-0.0,-0.0,-0.0,-0.0020599365234375,-0.00598907470703125,-0.0040435791015625,-0.00408172607421875,-0.00385284423828125,-0.00568389892578125,-0.004119873046875,-0.00743865966796875,-0.0016021728515625,-0.00396728515625,-0.00469207763671875,-0.0063323974609375,-0.00614166259765625,-0.00286102294921875,-0.0009918212890625,-0.00614166259765625,-0.44281005859375,-0.4425048828125,0.068511962890625,0.019073486328125,-0.5279541015625,0.130462646484375,0.08331298828125,0.07476806640625,0.17974853515625,0.1904296875,0.101318359375,0.010223388671875,-0.27496337890625,-0.03448486328125,-0.687103271484375,-2.6727294921875,-5.551886081695557,1.2499618530273438
496,0.248,-0.0,-0.0,-0.0,-0.0,-0.0,-0.0,-0.0,-0.0,-0.0,-0.0,-0.0,-0.0,6.523488998413086,-7.384315013885498,-856.4688720703125,228578.5625,-13405.9287109375,1052.661865234375,-0.0,-0.0,-0.0,-0.0,-0.0,-0.0,0.0090789794921875,0.00949859619140625,0.01811981201171875,0.02094268798828125,0.0177001953125,0.01873016357421875,0.01373291015625,0.031585693359375,0.013275146484375,0.0138092041015625,0.0255584716796875,0.0262451171875,0.0179290771484375,0.0150299072265625,0.0058746337890625,0.03936767578125,-0.2288818359375,0.648651123046875,0.11932373046875,0.03326416015625,0.460357666015625,0.0018310546875,0.0982666015625,0.140380859375,0.15228271484375,0.17303466796875,0.25115966796875,0.00640869140625,-0.38604736328125,-0.153350830078125,3.30291748046875,3.63067626953125,7.437760829925537,1.2499618530273438
497,0.2485,-0.0,-0.0,-0.0,-0.0,-0.0,-0.0,-0.0,-0.0,-0.0,-0.0,-0.0,-0.0,5.911643028259277,-6.498149871826172,-859.273681640625,229840.0,-13532.5341796875,678.5032958984375,-0.0,-0.0,-0.0,-0.0,-0.0,-0.0,0.0023651123046875,0.005645751953125,0.0051116943359375,0.00690460205078125,0.0034332275390625,0.00370025634765625,0.00209808349609375,0.00690460205078125,0.0035858154296875,0.00244140625,0.0069427490234375,0.00293731689453125,0.00507354736328125,0.00110626220703125,0.0018310546875,0.0090789794921875,-0.115203857421875,0.184783935546875,0.14190673828125,0.137939453125,0.12725830078125,0.123138427734375,0.1556396484375,0.1104736328125,0.14129638671875,0.18096923828125,-0.048828125,0.05218505859375,0.247955322265625,0.142974853515625,0.81756591796875,2.708587646484375,6.328888893127441,1.2499618530273438
498,0.249,-0.0,-0.0,-0.0,-0.0,-0.0,-0.0,-0.0,-0.0,-0.0,-0.0,-0.0,-0.0,4.5916547775268555,-5.949840068817139,-863.8011474609375,231489.1875,-13454.4619140625,274.1527404785156,-0.0,-0.0,-0.0,-0.0,-0.0,-0.0,-0.01026153564453125,-0.01102447509765625,-0.016937255859375,-0.02166748046875,-0.013580322265625,-0.018463134765625,-0.0098419189453125,-0.03269195556640625,-0.00690460205078125,-0.0115203857421875,-0.02593994140625,-0.0226593017578125,-0.0186920166015625,-0.01495361328125,-0.008544921875,-0.03810882568359375,0.438385009765625,0.152587890625,0.036773681640625,0.07568359375,0.063018798828125,0.08697509765625,0.1806640625,0.1641845703125,0.1690673828125,0.08453369140625,0.062103271484375,0.12115478515625,0.45074462890625,0.15716552734375,-1.38458251953125,-3.614959716796875,-5.235065460205078,1.2499618530273438
499,0.2495,-0.0,-0.0,-0.0,-0.0,-0.0,-0.0,-0.0,-0.0,-0.0,-0.0,-0.0,-0.0,3.6721584796905518,-4.98087739944458,-867.2283325195312,233352.5,-13492.080078125,-426.4415283203125,-0.0,-0.0,-0.0,-0.0,-0.0,-0.0,-0.003662109375,-0.00576019287109375,-0.0032806396484375,-0.003509521484375,-0.00209808349609375,-0.0029754638671875,-0.0026702880859375,-0.00640869140625,-0.001373291015625,-0.0032806396484375,-0.00614166259765625,-0.0023651123046875,-0.0017547607421875,-0.001373291015625,-0.00263214111328125,-0.00762939453125,0.85784912109375,-0.1007080078125,0.049591064453125,0.01373291015625,0.08148193359375,0.081634521484375,0.19744873046875,0.22186279296875,0.1446533203125,0.10223388671875,0.117645263671875,0.052032470703125,0.009307861328125,0.043182373046875,-0.691375732421875,-2.4493408203125,-4.9182448387146,1.2499618530273438
500,0.25,-0.0,-0.0,-0.0,-0.0,-0.0,-0.0,-0.0,-0.0,-0.0,-0.0,-0.0,-0.0,3.0697860717773438,-3.6027424335479736,-872.9519653320312,235314.453125,-13150.501953125,-794.122314453125,-0.0,-0.0,-0.0,-0.0,-0.0,-0.0,0.011138916015625,0.0063323974609375,0.0171661376953125,0.02079010009765625,0.0162506103515625,0.01758575439453125,0.01224517822265625,0.03353118896484375,0.01018524169921875,0.01209259033203125,0.02490997314453125,0.0235748291015625,0.01941680908203125,0.01369476318359375,0.00701904296875,0.03757476806640625,-0.194549560546875,-0.2520751953125,0.014190673828125,0.08941650390625,0.054473876953125,0.072479248046875,0.16815185546875,0.126953125,0.16326904296875,0.14373779296875,0.42236328125,0.10772705078125,-0.676727294921875,-0.1275634765625,3.880157470703125,4.234161376953125,7.0417351722717285,1.2499618530273438
501,0.2505,-0.0,-0.0,-0.0,-0.0,-0.0,-0.0,-0.0,-0.0,-0.0,-0.0,-0.0,-0.0,3.7961511611938477,-1.8697500228881836,-880.705322265625,237652.859375,-13819.68359375,-804.3007202148438,-0.0,-0.0,-0.0,-0.0,-0.0,-0.0,0.00431060791015625,0.0063323974609375,0.0041961669921875,0.004425048828125,0.00316619873046875,0.00469207763671875,0.0025177001953125,0.0055694580078125,0.00286102294921875,0.00202178955078125,0.00560760498046875,0.00152587890625,0.00682830810546875,0.00308990478515625,0.0028228759765625,0.0087738037109375,-0.42633056640625,0.308380126953125,0.030364990234375,0.07171630859375,-0.09857177734375,-0.0299072265625,0.1031494140625,0.1031494140625,0.15716552734375,0.16845703125,-0.0250244140625,0.134735107421875,0.2044677734375,0.218505859375,0.84686279296875,4.09637451171875,7.992197036743164,1.2499618530273438
502,0.251,-0.0,-0.0,-0.0,-0.0,-0.0,-0.0,-0.0,-0.0,-0.0,-0.0,-0.0,-0.0,4.843886375427246,-0.7766777873039246,-886.4239501953125,239893.328125,-14002.9736328125,-672.9066162109375,-0.0,-0.0,-0.0,-0.0,-0.0,-0.0,-0.00843048095703125,-0.0106048583984375,-0.0167083740234375,-0.0209808349609375,-0.016021728515625,-0.01865386962890625,-0.00957489013671875,-0.03414154052734375,-0.00804901123046875,-0.01049041748046875,-0.0258636474609375,-0.02643585205078125,-0.01758575439453125,-0.01556396484375,-0.0066375732421875,-0.03818511962890625,0.20172119140625,0.272064208984375,0.15045166015625,0.107574462890625,0.292205810546875,0.09124755859375,0.17120361328125,0.145263671875,0.1409912109375,0.18341064453125,-0.18829345703125,0.132293701171875,0.3424072265625,0.020751953125,-3.635711669921875,-2.909393310546875,-5.551886081695557,1.2499618530273438
503,0.2515,-0.0,-0.0,-0.0,-0.0,-0.0,-0.0,-0.0,-0.0,-0.0,-0.0,-0.0,-0.0,7.079729080200195,-0.2840425670146942,-889.9160766601562,241110.09375,-14297.04296875,-392.806396484375,-0.0,-0.0,-0.0,-0.0,-0.0,-0.0,-0.0020599365234375,-0.003814697265625,-0.0011444091796875,-0.00537872314453125,-0.00308990478515625,-0.00370025634765625,-0.0008392333984375,-0.00469207763671875,-0.0023651123046875,-0.003814697265625,-0.00606536865234375,-0.00293731689453125,-0.00537872314453125,-0.00102996826171875,0.000457763671875,-0.00728607177734375,0.265045166015625,0.096588134765625,0.11871337890625,0.092926025390625,0.089111328125,0.086517333984375,0.10833740234375,0.16693115234375,0.238037109375,0.1824951171875,0.00030517578125,0.074462890625,0.113677978515625,0.0146484375,-0.59844970703125,-2.9534912109375,-6.819169044494629,1.2499618530273438
504,0.252,-0.0,-0.0,-0.0,-0.0,-0.0,-0.0,-0.0,-0.0,-0.0,-0.0,-0.0,-0.0,8.746233940124512,-0.23060664534568787,-889.5671997070312,241832.96875,-14427.046875,-65.24919128417969,-0.0,-0.0,-0.0,-0.0,-0.0,-0.0,0.01102447509765625,0.0052642822265625,0.01750946044921875,0.0228118896484375,0.01621246337890625,0.0179290771484375,0.00965118408203125,0.03330230712890625,0.00713348388671875,0.01300811767578125,0.0240325927734375,0.02834320068359375,0.01857757568359375,0.01491546630859375,0.00640869140625,0.03814697265625,0.160369873046875,0.004730224609375,-0.023193359375,0.06622314453125,0.035552978515625,0.095977783203125,0.15289306640625,0.19683837890625,0.11505126953125,0.07720947265625,0.123138427734375,0.007781982421875,-0.694427490234375,-0.042572021484375,4.1387939453125,3.88641357421875,8.467429161071777,1.2499618530273438
505,0.2525,-0.0,-0.0,-0.0,-0.0,-0.0,-0.0,-0.0,-0.0,-0.0,-0.0,-0.0,-0.0,10.52182674407959,-0.4595142900943756,-888.45166015625,241923.65625,-14735.900390625,369.3487854003906,-0.0,-0.0,-0.0,-0.0,-0.0,-0.0,0.0006866455078125,0.0060272216796875,0.0037384033203125,0.00637054443359375,0.00400543212890625,0.0048828125,0.00362396240234375,0.00530242919921875,0.00164031982421875,0.0016021728515625,0.00789642333984375,0.00507354736328125,0.00560760498046875,0.00270843505859375,0.00118255615234375,0.0079345703125,0.344390869140625,0.069580078125,0.03082275390625,0.09490966796875,0.22857666015625,0.05615234375,0.2032470703125,0.18707275390625,0.10406494140625,0.1300048828125,0.11322021484375,0.03326416015625,0.16998291015625,0.1300048828125,2.140350341796875,2.556610107421875,13.85338020324707,1.2499618530273438
506,0.253,-0.0,-0.0,-0.0,-0.0,-0.0,-0.0,-0.0,-0.0,-0.0,-0.0,-0.0,-0.0,11.479360580444336,-0.05303911864757538,-885.3090209960938,241449.859375,-14719.13671875,684.5372314453125,-0.0,-0.0,-0.0,-0.0,-0.0,-0.0,-0.00701904296875,-0.0099945068359375,-0.01514434814453125,-0.022430419921875,-0.0142669677734375,-0.01926422119140625,-0.00865936279296875,-0.0307464599609375,-0.00885009765625,-0.0101470947265625,-0.0258636474609375,-0.02498626708984375,-0.01827239990234375,-0.01361846923828125,-0.0069427490234375,-0.03864288330078125,0.469970703125,-0.0433349609375,0.063018798828125,0.079193115234375,0.139312744140625,0.124969482421875,0.15411376953125,0.21026611328125,0.1434326171875,0.096435546875,0.140838623046875,0.114288330078125,0.591888427734375,-0.0091552734375,-3.48602294921875,-2.777862548828125,-4.601424217224121,1.2499618530273438
507,0.2535,-0.0,-0.0,-0.0,-0.0,-0.0,-0.0,-0.0,-0.0,-0.0,-0.0,-0.0,-0.0,12.437230110168457,-0.19434091448783875,-882.1666259765625,240504.90625,-14666.7392578125,904.6611328125,-0.0,-0.0,-0.0,-0.0,-0.0,-0.0,-0.0028228759765625,-0.00614166259765625,-0.00232696533203125,-0.00370025634765625,-0.00396728515625,-0.0058746337890625,-0.00469207763671875,-0.0054931640625,0.00034332275390625,-0.00354766845703125,-0.00621795654296875,-0.0017547607421875,-0.005035400390625,-0.00396728515625,-0.00209808349609375,-0.0079345703125,-0.09796142578125,0.192413330078125,0.15350341796875,0.07476806640625,-0.4315185546875,0.127105712890625,0.12542724609375,0.12969970703125,0.118408203125,0.17852783203125,0.161285400390625,0.1116943359375,-0.1611328125,-0.065155029296875,0.07171630859375,-2.6934814453125,-5.868706703186035,1.2499618530273438
508,0.254,-0.0,-0.0,-0.0,-0.0,-0.0,-0.0,-0.0,-0.0,-0.0,-0.0,-0.0,-0.0,12.98691463470459,-0.5474230051040649,-874.557373046875,238789.828125,-14672.9404296875,1023.6937866210938,-0.0,-0.0,-0.0,-0.0,-0.0,-0.0,0.01338958740234375,0.00835418701171875,0.0193023681640625,0.02040863037109375,0.0164031982421875,0.02124786376953125,0.01300811767578125,0.03009796142578125,0.01331329345703125,0.01796722412109375,0.027618408203125,0.0279998779296875,0.02109527587890625,0.01560211181640625,0.0058746337890625,0.04047393798828125,-0.09246826171875,0.106658935546875,0.08331298828125,0.075225830078125,0.70404052734375,0.135345458984375,0.089111328125,0.1165771484375,0.28411865234375,0.262451171875,-0.0689697265625,0.1470947265625,-0.561370849609375,0.161590576171875,4.1070556640625,4.97711181640625,7.437760829925537,1.2499618530273438
509,0.2545,-0.0,-0.0,-0.0,-0.0,-0.0,-0.0,-0.0,-0.0,-0.0,-0.0,-0.0,-0.0,13.342228889465332,-0.8129380345344543,-867.3663940429688,236660.140625,-14527.615234375,1148.4239501953125,-0.0,-0.0,-0.0,-0.0,-0.0,-0.0,0.00030517578125,0.00713348388671875,0.0038909912109375,0.0058746337890625,0.00396728515625,0.00308990478515625,0.00133514404296875,0.00621795654296875,0.00202178955078125,0.002288818359375,0.00762939453125,0.00217437744140625,0.00263214111328125,0.00255584716796875,-0.00072479248046875,0.009002685546875,0.283660888671875,0.099334716796875,0.05828857421875,0.0311279296875,-0.171051025390625,0.0445556640625,0.23834228515625,0.1605224609375,0.146484375,0.1092529296875,0.039215087890625,0.10345458984375,0.171966552734375,0.192718505859375,0.57769775390625,1.768035888671875,5.695247173309326,1.2499618530273438
510,0.255,-0.0,-0.0,-0.0,-0.0,-0.0,-0.0,-0.0,-0.0,-0.0,-0.0,-0.0,-0.0,13.821475982666016,-1.819259524345398,-859.6079711914062,234518.171875,-14363.443359375,1433.5224609375,-0.0,-0.0,-0.0,-0.0,-0.0,-0.0,-0.0086212158203125,-0.0054168701171875,-0.0160980224609375,-0.02227783203125,-0.0164794921875,-0.01926422119140625,-0.0102996826171875,-0.02948760986328125,-0.01056671142578125,-0.0087738037109375,-0.02750396728515625,-0.0249481201171875,-0.01941680908203125,-0.01384735107421875,-0.0080108642578125,-0.03917694091796875,0.419921875,-0.21728515625,0.102081298828125,0.02288818359375,0.5047607421875,0.047149658203125,0.10162353515625,0.1678466796875,0.0921630859375,0.107421875,0.120086669921875,0.005950927734375,1.03057861328125,-0.059661865234375,-3.77044677734375,-2.673187255859375,-4.9182448387146,1.2499618530273438
511,0.2555,-0.0,-0.0,-0.0,-0.0,-0.0,-0.0,-0.0,-0.0,-0.0,-0.0,-0.0,-0.0,14.620022773742676,-1.4658981561660767,-853.2586059570312,233345.1875,-14460.7705078125,1712.822509765625,-0.0,-0.0,-0.0,-0.0,-0.0,-0.0,-0.002288818359375,-0.005950927734375,-0.00370025634765625,-0.00492095947265625,-0.00316619873046875,-0.00499725341796875,-0.00213623046875,-0.0048828125,-0.00164031982421875,-0.0025177001953125,-0.006561279296875,-0.0037384033203125,-0.00308990478515625,-0.0017547607421875,-0.00152587890625,-0.0063323974609375,-0.257110595703125,-0.16082763671875,0.091705322265625,0.10040283203125,0.175628662109375,0.051727294921875,0.13458251953125,0.16448974609375,0.11016845703125,0.1031494140625,0.231475830078125,0.0396728515625,-0.182037353515625,0.083770751953125,-0.43792724609375,-1.6864013671875,-5.947912216186523,1.2499618530273438
512,0.256,-0.0,-0.0,-0.0,-0.0,-0.0,-0.0,-0.0,-0.0,-0.0,-0.0,-0.0,-0.0,15.346965789794922,-0.42454278469085693,-851.2257080078125,232454.46875,-14455.91015625,1915.5399169921875,-0.0,-0.0,-0.0,-0.0,-0.0,-0.0,0.00980377197265625,0.00858306884765625,0.01861572265625,0.02300262451171875,0.01537322998046875,0.02002716064453125,0.01056671142578125,0.030670166015625,0.0109100341796875,0.01190185546875,0.0269317626953125,0.0315093994140625,0.01674652099609375,0.01499176025390625,0.0080108642578125,0.039215087890625,-0.10589599609375,0.11138916015625,0.149383544921875,0.10345458984375,0.047454833984375,0.1690673828125,0.06744384765625,0.09063720703125,0.15533447265625,0.1568603515625,-0.0592041015625,0.0830078125,-0.72601318359375,0.151519775390625,4.999847412109375,3.285064697265625,8.942659378051758,1.2499618530273438
513,0.2565,-0.0,-0.0,-0.0,-0.0,-0.0,-0.0,-0.0,-0.0,-0.0,-0.0,-0.0,-0.0,16.10953712463379,-0.706573486328125,-851.5068969726562,232946.3125,-14855.611328125,2343.32861328125,-0.0,-0.0,-0.0,-0.0,-0.0,-0.0,0.0023651123046875,0.00453948974609375,0.0040435791015625,0.00530242919921875,0.005035400390625,0.005340576171875,0.00301361083984375,0.00804901123046875,0.00156402587890625,-0.00011444091796875,0.00507354736328125,0.00370025634765625,0.00598907470703125,0.00347137451171875,0.001373291015625,0.006103515625,-0.0439453125,0.248870849609375,0.10223388671875,0.087738037109375,0.059967041015625,0.10406494140625,0.2252197265625,0.18707275390625,0.19073486328125,0.22430419921875,-0.037689208984375,0.0897216796875,0.200347900390625,0.01678466796875,0.94635009765625,2.2247314453125,6.64570951461792,1.2499618530273438
514,0.257,-0.0,-0.0,-0.0,-0.0,-0.0,-0.0,-0.0,-0.0,-0.0,-0.0,-0.0,-0.0,16.447397232055664,-0.00207597017288208,-853.4013061523438,233740.328125,-15207.705078125,2319.838134765625,-0.0,-0.0,-0.0,-0.0,-0.0,-0.0,-0.00881195068359375,-0.00804901123046875,-0.0182342529296875,-0.0199127197265625,-0.0164794921875,-0.01804351806640625,-0.01270294189453125,-0.02986907958984375,-0.00942230224609375,-0.01190185546875,-0.0261688232421875,-0.02593994140625,-0.01941680908203125,-0.01384735107421875,-0.0080108642578125,-0.0379180908203125,0.03021240234375,-0.39886474609375,0.15289306640625,0.10009765625,-0.060272216796875,0.1336669921875,0.2032470703125,0.107421875,0.18035888671875,0.16876220703125,0.086669921875,0.063323974609375,0.60699462890625,0.120697021484375,-2.945709228515625,-3.443145751953125,-3.492551803588867,1.2499618530273438
515,0.2575,-0.0,-0.0,-0.0,-0.0,-0.0,-0.0,-0.0,-0.0,-0.0,-0.0,-0.0,-0.0,15.70180892944336,0.6851301789283752,-859.9510498046875,235184.40625,-15619.7705078125,2070.184326171875,-0.0,-0.0,-0.0,-0.0,-0.0,-0.0,-0.0008392333984375,-0.00225067138671875,-0.0034332275390625,-0.0040435791015625,-0.00244140625,-0.00476837158203125,-0.00370025634765625,-0.0052642822265625,-0.00011444091796875,-0.001068115234375,-0.003662109375,-0.00392913818359375,-0.00293731689453125,-0.002593994140625,-0.00362396240234375,-0.0074005126953125,-0.262298583984375,0.3662109375,0.007476806640625,0.086517333984375,0.176239013671875,-0.042266845703125,0.111083984375,0.1519775390625,0.15899658203125,0.223388671875,0.313262939453125,0.142974853515625,0.02349853515625,0.26458740234375,-0.474853515625,-1.127471923828125,-5.235065460205078,1.2499618530273438
516,0.258,-0.0,-0.0,-0.0,-0.0,-0.0,-0.0,-0.0,-0.0,-0.0,-0.0,-0.0,-0.0,14.975479125976562,1.8023093938827515,-865.3942260742188,237135.734375,-16343.8037109375,1886.4267578125,-0.0,-0.0,-0.0,-0.0,-0.0,-0.0,0.010223388671875,0.00667572021484375,0.0179290771484375,0.022125244140625,0.01583099365234375,0.0191497802734375,0.01148223876953125,0.0308990478515625,0.01033782958984375,0.012664794921875,0.02422332763671875,0.0257110595703125,0.0180816650390625,0.0148773193359375,0.00690460205078125,0.038909912109375,-0.3497314453125,0.22125244140625,-0.04180908203125,0.03814697265625,-0.093841552734375,0.103302001953125,0.0604248046875,0.02227783203125,0.13702392578125,0.20111083984375,-0.135345458984375,0.055694580078125,-0.760650634765625,-0.093231201171875,3.399200439453125,3.56231689453125,8.388223648071289,1.2499618530273438
517,0.2585,-0.0,-0.0,-0.0,-0.0,-0.0,-0.0,-0.0,-0.0,-0.0,-0.0,-0.0,-0.0,14.956048011779785,2.735034227371216,-873.4469604492188,239755.28125,-17144.314453125,1928.4178466796875,-0.0,-0.0,-0.0,-0.0,-0.0,-0.0,0.001983642578125,0.00850677490234375,0.0031280517578125,0.00331878662109375,0.00415802001953125,0.0046539306640625,0.00568389892578125,0.0069427490234375,0.0,0.00179290771484375,0.00560760498046875,0.00034332275390625,0.0052642822265625,0.0051116943359375,0.00164031982421875,0.008544921875,0.1141357421875,0.3680419921875,0.01312255859375,-0.051727294921875,0.0201416015625,0.01495361328125,0.06195068359375,0.0946044921875,0.13702392578125,0.0323486328125,0.099945068359375,-0.043487548828125,0.47821044921875,-0.02410888671875,0.230865478515625,3.005218505859375,-1.0371917486190796,1.2499618530273438
518,0.259,-0.0,-0.0,-0.0,-0.0,-0.0,-0.0,-0.0,-0.0,-0.0,-0.0,-0.0,-0.0,15.859593391418457,4.187076568603516,-880.056640625,242384.015625,-17572.78515625,2130.566650390625,-0.0,-0.0,-0.0,-0.0,-0.0,-0.0,-0.00759124755859375,-0.00980377197265625,-0.01392364501953125,-0.02105712890625,-0.01483917236328125,-0.017547607421875,-0.01003265380859375,-0.0308990478515625,-0.0102996826171875,-0.01102447509765625,-0.027618408203125,-0.02269744873046875,-0.01903533935546875,-0.0130462646484375,-0.00701904296875,-0.03841400146484375,0.385284423828125,0.078125,0.094146728515625,0.059814453125,0.03326416015625,0.081634521484375,0.20599365234375,0.2117919921875,0.155029296875,0.07110595703125,0.111083984375,0.03814697265625,0.63934326171875,-0.036163330078125,-2.342987060546875,-3.522186279296875,-6.343937873840332,1.2499618530273438
519,0.2595,-0.0,-0.0,-0.0,-0.0,-0.0,-0.0,-0.0,-0.0,-0.0,-0.0,-0.0,-0.0,16.923898696899414,5.757166862487793,-889.495849609375,245235.265625,-18140.720703125,2315.191650390625,-0.0,-0.0,-0.0,-0.0,-0.0,-0.0,-0.000152587890625,-0.004730224609375,-0.0026702880859375,-0.0054931640625,-0.00240325927734375,-0.0011444091796875,-0.001983642578125,-0.00431060791015625,-0.00232696533203125,-0.0019073486328125,-0.0048065185546875,7.62939453125e-05,-0.0054168701171875,-0.001678466796875,0.00110626220703125,-0.0081634521484375,-0.08514404296875,0.10284423828125,0.2471923828125,0.21453857421875,0.08331298828125,0.103302001953125,0.2239990234375,0.2081298828125,0.16204833984375,0.17303466796875,0.12481689453125,0.09124755859375,0.032806396484375,0.14068603515625,1.45294189453125,-2.2418212890625,-5.868706703186035,1.2499618530273438
520,0.26,-0.0,-0.0,-0.0,-0.0,-0.0,-0.0,-0.0,-0.0,-0.0,-0.0,-0.0,-0.0,18.62926483154297,7.246183395385742,-896.4148559570312,247696.09375,-18451.9453125,2583.73974609375,-0.0,-0.0,-0.0,-0.0,-0.0,-0.0,0.0103759765625,0.00614166259765625,0.0164031982421875,0.0250244140625,0.01567840576171875,0.02071380615234375,0.01117706298828125,0.0313568115234375,0.00995635986328125,0.01251220703125,0.0264739990234375,0.023345947265625,0.02044677734375,0.01552581787109375,0.005035400390625,0.04001617431640625,0.089111328125,-0.172882080078125,0.02166748046875,0.157928466796875,0.103912353515625,0.126495361328125,0.16693115234375,0.15625,0.14190673828125,0.15899658203125,0.066680908203125,0.1129150390625,-0.95123291015625,-0.0927734375,2.97515869140625,4.351654052734375,12.665302276611328,1.2499618530273438
521,0.2605,-0.0,-0.0,-0.0,-0.0,-0.0,-0.0,-0.0,-0.0,-0.0,-0.0,-0.0,-0.0,19.213951110839844,8.390560150146484,-904.0328979492188,249921.875,-18777.345703125,2881.0732421875,-0.0,-0.0,-0.0,-0.0,-0.0,-0.0,0.000762939453125,0.0055694580078125,0.00347137451171875,0.00629425048828125,0.004425048828125,0.00293731689453125,0.0008392333984375,0.00579833984375,0.0009918212890625,0.0016021728515625,0.005035400390625,0.00316619873046875,0.0043487548828125,0.00308990478515625,-0.00148773193359375,0.0069427490234375,-0.193939208984375,-0.02471923828125,-0.067291259765625,0.120697021484375,-0.263824462890625,0.107421875,0.2008056640625,0.1312255859375,0.20172119140625,0.2191162109375,-0.0506591796875,0.09185791015625,0.094451904296875,-0.0323486328125,0.30364990234375,2.271728515625,6.091273307800293,1.2499618530273438
522,0.261,-0.0,-0.0,-0.0,-0.0,-0.0,-0.0,-0.0,-0.0,-0.0,-0.0,-0.0,-0.0,20.451427459716797,9.27377700805664,-907.794189453125,251472.015625,-18824.306640625,3147.657958984375,-0.0,-0.0,-0.0,-0.0,-0.0,-0.0,-0.00713348388671875,-0.00797271728515625,-0.015716552734375,-0.02285003662109375,-0.01514434814453125,-0.01819610595703125,-0.008544921875,-0.0299072265625,-0.00919342041015625,-0.0074005126953125,-0.02414703369140625,-0.02521514892578125,-0.015411376953125,-0.0159454345703125,-0.005340576171875,-0.038909912109375,0.02777099609375,0.1507568359375,0.13092041015625,0.04730224609375,0.51300048828125,0.06500244140625,0.09429931640625,0.1116943359375,0.26031494140625,0.27862548828125,0.08758544921875,0.08941650390625,0.723419189453125,0.3704833984375,-2.534027099609375,-1.55242919921875,-4.9182448387146,1.2499618530273438
523,0.2615,-0.0,-0.0,-0.0,-0.0,-0.0,-0.0,-0.0,-0.0,-0.0,-0.0,-0.0,-0.0,21.06087875366211,9.767444610595703,-909.3966064453125,252078.84375,-18581.39453125,3317.041259765625,-0.0,-0.0,-0.0,-0.0,-0.0,-0.0,-0.0005340576171875,-0.00553131103515625,-0.0035858154296875,-0.0035858154296875,-0.00240325927734375,-0.003662109375,-0.00396728515625,-0.004119873046875,-0.001373291015625,-0.001678466796875,-0.00576019287109375,-0.00270843505859375,-0.00507354736328125,-0.0005340576171875,7.62939453125e-05,-0.00732421875,0.20782470703125,0.267181396484375,-0.01739501953125,0.01953125,0.1861572265625,0.0201416015625,0.1385498046875,0.17669677734375,0.00335693359375,-0.013427734375,0.10589599609375,0.060882568359375,-0.00823974609375,-0.013275146484375,-0.29998779296875,-2.466888427734375,-5.551886081695557,1.2499618530273438
524,0.262,-0.0,-0.0,-0.0,-0.0,-0.0,-0.0,-0.0,-0.0,-0.0,-0.0,-0.0,-0.0,20.173845291137695,9.575078964233398,-909.9708862304688,252132.34375,-17781.6953125,3120.99267578125,-0.0,-0.0,-0.0,-0.0,-0.0,-0.0,0.01026153564453125,0.00640869140625,0.01728057861328125,0.02071380615234375,0.0165557861328125,0.0217437744140625,0.01216888427734375,0.031280517578125,0.0115203857421875,0.01232147216796875,0.02429962158203125,0.02758026123046875,0.01468658447265625,0.0170135498046875,0.00637054443359375,0.04123687744140625,0.98052978515625,-0.16693115234375,0.033416748046875,0.052337646484375,0.145263671875,0.079498291015625,0.2203369140625,0.25299072265625,0.159912109375,0.0762939453125,0.13702392578125,0.064544677734375,-0.542144775390625,-0.098876953125,4.150390625,2.63824462890625,7.0417351722717285,1.2499618530273438
525,0.2625,-0.0,-0.0,-0.0,-0.0,-0.0,-0.0,-0.0,-0.0,-0.0,-0.0,-0.0,-0.0,17.230792999267578,8.743846893310547,-910.320556640625,251964.984375,-17082.068359375,2607.464599609375,-0.0,-0.0,-0.0,-0.0,-0.0,-0.0,0.0012969970703125,0.00583648681640625,0.0028228759765625,0.003662109375,0.00446319580078125,0.0032806396484375,0.005645751953125,0.00728607177734375,0.00011444091796875,-0.0005340576171875,0.00621795654296875,0.0006866455078125,0.00484466552734375,0.0026702880859375,0.00270843505859375,0.00762939453125,-0.1531982421875,0.0225830078125,0.13214111328125,0.073089599609375,-0.156402587890625,0.10101318359375,0.19012451171875,0.21942138671875,0.16845703125,0.1898193359375,0.08270263671875,0.134735107421875,0.286102294921875,0.15350341796875,0.106658935546875,2.85186767578125,5.932862758636475,1.2499618530273438
526,0.263,-0.0,-0.0,-0.0,-0.0,-0.0,-0.0,-0.0,-0.0,-0.0,-0.0,-0.0,-0.0,15.080833435058594,7.226924896240234,-908.4095458984375,251616.671875,-16315.03515625,2012.288818359375,-0.0,-0.0,-0.0,-0.0,-0.0,-0.0,-0.0079345703125,-0.011138916015625,-0.015869140625,-0.02307891845703125,-0.01567840576171875,-0.01987457275390625,-0.01087188720703125,-0.03208160400390625,-0.009002685546875,-0.0089263916015625,-0.025177001953125,-0.0217437744140625,-0.01941680908203125,-0.01415252685546875,-0.00652313232421875,-0.03833770751953125,-0.603179931640625,-0.13763427734375,0.159454345703125,0.093841552734375,0.298004150390625,0.15411376953125,0.10009765625,0.04058837890625,0.22247314453125,0.21331787109375,-0.00152587890625,0.114898681640625,0.46630859375,0.252532958984375,-1.62933349609375,-2.812957763671875,-4.443014144897461,1.2499618530273438
527,0.2635,-0.0,-0.0,-0.0,-0.0,-0.0,-0.0,-0.0,-0.0,-0.0,-0.0,-0.0,-0.0,13.688685417175293,5.944658279418945,-905.8202514648438,250714.15625,-15585.88671875,1815.611572265625,-0.0,-0.0,-0.0,-0.0,-0.0,-0.0,-0.001373291015625,-0.00553131103515625,-0.00240325927734375,-0.0048828125,-0.0031280517578125,-0.003814697265625,-0.0009918212890625,-0.00476837158203125,-0.001373291015625,-0.00217437744140625,-0.0052642822265625,-0.00301361083984375,-0.0042724609375,-0.00217437744140625,0.0020599365234375,-0.0067138671875,-0.178375244140625,0.435791015625,0.0250244140625,0.133209228515625,0.094451904296875,0.00213623046875,0.1361083984375,0.125732421875,0.14312744140625,0.14801025390625,0.099639892578125,0.0653076171875,-0.155487060546875,-0.039520263671875,0.251007080078125,-1.868438720703125,-5.551886081695557,1.2499618530273438
528,0.264,-0.0,-0.0,-0.0,-0.0,-0.0,-0.0,-0.0,-0.0,-0.0,-0.0,-0.0,-0.0,13.071064949035645,5.226202011108398,-900.1730346679688,249317.84375,-15070.015625,1809.904541015625,-0.0,-0.0,-0.0,-0.0,-0.0,-0.0,0.0098419189453125,0.00530242919921875,0.0174713134765625,0.02254486083984375,0.01789093017578125,0.0186920166015625,0.01377105712890625,0.03047943115234375,0.0113677978515625,0.0089263916015625,0.0261688232421875,0.02716064453125,0.0185394287109375,0.01667022705078125,0.0054168701171875,0.0399017333984375,0.260162353515625,0.16510009765625,0.1348876953125,0.013885498046875,-0.070343017578125,0.022125244140625,0.12603759765625,0.13702392578125,0.12359619140625,0.12939453125,0.082855224609375,0.078887939453125,-0.972747802734375,-0.009002685546875,3.602142333984375,4.098052978515625,6.249683380126953,1.2499618530273438
529,0.2645,-0.0,-0.0,-0.0,-0.0,-0.0,-0.0,-0.0,-0.0,-0.0,-0.0,-0.0,-0.0,12.514556884765625,4.681049346923828,-894.6112060546875,247809.671875,-14355.9619140625,1765.3529052734375,-0.0,-0.0,-0.0,-0.0,-0.0,-0.0,0.0009918212890625,0.0063323974609375,0.00316619873046875,0.0058746337890625,0.00324249267578125,0.00492095947265625,0.00392913818359375,0.0069427490234375,0.0018310546875,0.00064849853515625,0.00766754150390625,0.0023651123046875,0.0089263916015625,0.00110626220703125,-0.0003814697265625,0.0070953369140625,0.5084228515625,0.026092529296875,-0.001068115234375,-0.060272216796875,0.0421142578125,-0.00152587890625,0.15289306640625,0.22308349609375,0.1434326171875,0.1385498046875,0.12603759765625,0.05584716796875,0.38604736328125,0.321044921875,0.22552490234375,4.26239013671875,7.200145721435547,1.2499618530273438
530,0.265,-0.0,-0.0,-0.0,-0.0,-0.0,-0.0,-0.0,-0.0,-0.0,-0.0,-0.0,-0.0,11.798534393310547,3.922819137573242,-890.8042602539062,246324.3125,-13999.1416015625,1702.4818115234375,-0.0,-0.0,-0.0,-0.0,-0.0,-0.0,-0.00888824462890625,-0.0077056884765625,-0.0154876708984375,-0.02025604248046875,-0.01583099365234375,-0.0177001953125,-0.01129150390625,-0.03200531005859375,-0.009613037109375,-0.01178741455078125,-0.02742767333984375,-0.02574920654296875,-0.0202178955078125,-0.01384735107421875,-0.0066375732421875,-0.03856658935546875,0.105743408203125,-0.180206298828125,-0.016937255859375,0.056915283203125,0.039825439453125,0.131378173828125,0.23681640625,0.2685546875,0.12176513671875,0.13092041015625,-0.0555419921875,0.0189208984375,0.505523681640625,0.074615478515625,-3.349151611328125,-4.266815185546875,-3.413346767425537,1.2499618530273438
531,0.2655,-0.0,-0.0,-0.0,-0.0,-0.0,-0.0,-0.0,-0.0,-0.0,-0.0,-0.0,-0.0,11.42874813079834,3.466390609741211,-887.3394165039062,245676.78125,-13545.1796875,1628.1971435546875,-0.0,-0.0,-0.0,-0.0,-0.0,-0.0,-7.62939453125e-05,-0.00186920166015625,-0.0028228759765625,-0.00659942626953125,-0.002288818359375,-0.0037384033203125,-0.00240325927734375,-0.00568389892578125,-0.0017547607421875,-0.0028228759765625,-0.00579833984375,-0.005950927734375,-0.00888824462890625,-0.00148773193359375,0.00152587890625,-0.0087738037109375,-0.364837646484375,-0.254364013671875,0.186309814453125,0.18524169921875,-0.167083740234375,0.196533203125,0.1788330078125,0.1446533203125,0.17547607421875,0.17822265625,0.11383056640625,0.043182373046875,0.379486083984375,0.003204345703125,-1.612396240234375,-4.4403076171875,-6.185527801513672,1.2499618530273438
532,0.266,-0.0,-0.0,-0.0,-0.0,-0.0,-0.0,-0.0,-0.0,-0.0,-0.0,-0.0,-0.0,11.768948554992676,3.061803102493286,-888.0380249023438,245688.484375,-13414.6318359375,1806.29541015625,-0.0,-0.0,-0.0,-0.0,-0.0,-0.0,0.01064300537109375,0.00667572021484375,0.01911163330078125,0.0222015380859375,0.0162506103515625,0.0208282470703125,0.01087188720703125,0.03170013427734375,0.009613037109375,0.00995635986328125,0.025634765625,0.02658843994140625,0.01983642578125,0.01499176025390625,0.00762939453125,0.03978729248046875,-0.42755126953125,0.394744873046875,0.161285400390625,0.14190673828125,-0.41015625,0.113372802734375,0.0604248046875,0.0390625,0.24658203125,0.24566650390625,0.12115478515625,0.0811767578125,-0.655517578125,-0.159912109375,4.4354248046875,3.85101318359375,6.4080939292907715,1.2499618530273438
533,0.2665,-0.0,-0.0,-0.0,-0.0,-0.0,-0.0,-0.0,-0.0,-0.0,-0.0,-0.0,-0.0,12.633931159973145,3.0175845623016357,-888.3873291015625,245487.78125,-13468.548828125,2110.97900390625,-0.0,-0.0,-0.0,-0.0,-0.0,-0.0,0.00469207763671875,0.00469207763671875,0.0054168701171875,0.00518798828125,0.00415802001953125,0.00476837158203125,0.001373291015625,0.00827789306640625,0.00385284423828125,0.00553131103515625,0.008392333984375,0.005035400390625,0.00701904296875,0.00217437744140625,0.00255584716796875,0.00858306884765625,-0.066375732421875,0.564422607421875,-0.02685546875,0.12359619140625,0.496978759765625,0.09735107421875,0.14678955078125,0.10284423828125,0.13336181640625,0.09613037109375,0.128021240234375,0.12725830078125,0.033111572265625,0.239715576171875,2.85919189453125,4.326934814453125,8.784249305725098,1.2499618530273438
534,0.267,-0.0,-0.0,-0.0,-0.0,-0.0,-0.0,-0.0,-0.0,-0.0,-0.0,-0.0,-0.0,13.735575675964355,3.19411301612854,-884.0518798828125,244721.453125,-13219.525390625,2561.6875,-0.0,-0.0,-0.0,-0.0,-0.0,-0.0,-0.00972747802734375,-0.0060272216796875,-0.0164031982421875,-0.0213623046875,-0.0146484375,-0.01842498779296875,-0.0107574462890625,-0.03177642822265625,-0.01094818115234375,-0.01140594482421875,-0.02597808837890625,-0.0264739990234375,-0.02002716064453125,-0.01140594482421875,-0.00743865966796875,-0.03871917724609375,0.24627685546875,0.225067138671875,0.01068115234375,0.0616455078125,0.25909423828125,0.0115966796875,0.13336181640625,0.09490966796875,0.15777587890625,0.1690673828125,0.063629150390625,0.12603759765625,0.818023681640625,0.093231201171875,-3.63250732421875,-3.35784912109375,-3.888577699661255,1.2499618530273438
535,0.2675,-0.0,-0.0,-0.0,-0.0,-0.0,-0.0,-0.0,-0.0,-0.0,-0.0,-0.0,-0.0,13.675907135009766,3.2309329509735107,-879.3099365234375,243142.65625,-13054.818359375,2514.7431640625,-0.0,-0.0,-0.0,-0.0,-0.0,-0.0,-0.0006103515625,-0.0043487548828125,-0.0030517578125,-0.0040435791015625,-0.00247955322265625,-0.0038909912109375,-0.003814697265625,-0.00514984130859375,-0.00171661376953125,-0.00034332275390625,-0.00377655029296875,-0.0045013427734375,-0.00797271728515625,-0.0037384033203125,0.00034332275390625,-0.00698089599609375,0.42694091796875,0.060577392578125,0.03997802734375,-0.0103759765625,0.10345458984375,0.045318603515625,0.13916015625,0.1885986328125,0.035400390625,0.08087158203125,-0.029296875,0.11199951171875,0.124359130859375,0.111236572265625,-1.47979736328125,-3.475341796875,-5.789501667022705,1.2499618530273438
536,0.268,-0.0,-0.0,-0.0,-0.0,-0.0,-0.0,-0.0,-0.0,-0.0,-0.0,-0.0,-0.0,13.083579063415527,2.282062292098999,-874.9739990234375,241663.03125,-12317.5576171875,2459.569580078125,-0.0,-0.0,-0.0,-0.0,-0.0,-0.0,0.00881195068359375,0.0083160400390625,0.01667022705078125,0.02285003662109375,0.01506805419921875,0.021209716796875,0.0107574462890625,0.0305938720703125,0.0099945068359375,0.01079559326171875,0.02811431884765625,0.02880096435546875,0.0217437744140625,0.01312255859375,0.00774383544921875,0.0388336181640625,1.095428466796875,-0.4962158203125,0.296783447265625,-0.00030517578125,0.01068115234375,0.063629150390625,0.21820068359375,0.31829833984375,0.174560546875,0.15289306640625,-0.018310546875,-0.04669189453125,-0.64788818359375,0.09033203125,4.402008056640625,4.42230224609375,8.071402549743652,1.2499618530273438
537,0.2685,-0.0,-0.0,-0.0,-0.0,-0.0,-0.0,-0.0,-0.0,-0.0,-0.0,-0.0,-0.0,11.895892143249512,1.7436039447784424,-873.3406372070312,240750.5,-11970.7705078125,2233.706298828125,-0.0,-0.0,-0.0,-0.0,-0.0,-0.0,0.00278472900390625,0.00362396240234375,0.003662109375,0.0052642822265625,0.00438690185546875,0.001983642578125,0.00293731689453125,0.006103515625,0.00095367431640625,0.00324249267578125,0.00576019287109375,0.00324249267578125,0.00820159912109375,0.002288818359375,-0.0017547607421875,0.00797271728515625,-0.48187255859375,-0.4840087890625,0.175018310546875,0.0762939453125,-0.018157958984375,0.108184814453125,0.1153564453125,0.20111083984375,0.17791748046875,0.19073486328125,0.09002685546875,-0.016937255859375,-0.136566162109375,0.009307861328125,1.48101806640625,4.28802490234375,5.536837100982666,1.2499618530273438
538,0.269,-0.0,-0.0,-0.0,-0.0,-0.0,-0.0,-0.0,-0.0,-0.0,-0.0,-0.0,-0.0,12.01324462890625,1.4553611278533936,-872.5653686523438,241179.328125,-11418.794921875,2263.380615234375,-0.0,-0.0,-0.0,-0.0,-0.0,-0.0,-0.0077056884765625,-0.0055694580078125,-0.0154876708984375,-0.0222015380859375,-0.01373291015625,-0.018310546875,-0.0103759765625,-0.02887725830078125,-0.00942230224609375,-0.0109100341796875,-0.02685546875,-0.02681732177734375,-0.0186920166015625,-0.014495849609375,-0.0045013427734375,-0.03993988037109375,-0.2105712890625,0.961456298828125,-0.256195068359375,0.14007568359375,0.184173583984375,0.1739501953125,0.11138916015625,0.0048828125,0.13427734375,0.2960205078125,0.167694091796875,0.097808837890625,1.000213623046875,-0.09063720703125,-2.5909423828125,-2.852020263671875,-3.0173208713531494,1.2499618530273438
539,0.2695,-0.0,-0.0,-0.0,-0.0,-0.0,-0.0,-0.0,-0.0,-0.0,-0.0,-0.0,-0.0,12.153377532958984,1.9198499917984009,-878.0611572265625,242273.140625,-11394.580078125,2338.528564453125,-0.0,-0.0,-0.0,-0.0,-0.0,-0.0,-0.00110626220703125,-0.00240325927734375,-0.00141143798828125,-0.00217437744140625,-0.002288818359375,-0.00377655029296875,-0.00347137451171875,-0.0060272216796875,-0.00133514404296875,-0.00171661376953125,-0.00087738037109375,-0.00469207763671875,-0.008087158203125,-0.00415802001953125,-0.0008392333984375,-0.006256103515625,0.19317626953125,0.53924560546875,0.06683349609375,0.14984130859375,0.12115478515625,0.08453369140625,0.2294921875,0.2166748046875,0.2093505859375,0.1983642578125,0.14984130859375,0.140228271484375,0.35003662109375,0.255126953125,-1.42791748046875,-4.403533935546875,-7.135989665985107,1.2499618530273438
540,0.27,-0.0,-0.0,-0.0,-0.0,-0.0,-0.0,-0.0,-0.0,-0.0,-0.0,-0.0,-0.0,12.975329399108887,1.7388206720352173,-881.51513671875,243966.984375,-11158.4365234375,2212.684814453125,-0.0,-0.0,-0.0,-0.0,-0.0,-0.0,0.009307861328125,0.00537872314453125,0.0176239013671875,0.02254486083984375,0.01667022705078125,0.01804351806640625,0.0115203857421875,0.03032684326171875,0.011749267578125,0.0109100341796875,0.0270843505859375,0.0274658203125,0.0185394287109375,0.014190673828125,0.00713348388671875,0.0394439697265625,-0.32745361328125,0.027923583984375,0.209197998046875,0.090179443359375,-0.037994384765625,0.121917724609375,0.1849365234375,0.12786865234375,0.11322021484375,-0.07904052734375,0.097198486328125,0.095062255859375,-0.897674560546875,0.061798095703125,4.27520751953125,2.810211181640625,7.912992000579834,1.2499618530273438
541,0.2705,-0.0,-0.0,-0.0,-0.0,-0.0,-0.0,-0.0,-0.0,-0.0,-0.0,-0.0,-0.0,12.825601577758789,2.588780403137207,-888.0010375976562,245519.09375,-11057.7646484375,2064.514892578125,-0.0,-0.0,-0.0,-0.0,-0.0,-0.0,0.002899169921875,0.00591278076171875,0.001983642578125,0.0052642822265625,0.0019073486328125,0.0048828125,0.003509521484375,0.007476806640625,0.00370025634765625,0.0022125244140625,0.0069427490234375,0.00209808349609375,0.00843048095703125,0.00217437744140625,0.00469207763671875,0.00812530517578125,-0.20782470703125,-0.143280029296875,-0.071258544921875,0.081329345703125,0.03631591796875,-0.038909912109375,0.05859375,0.03570556640625,0.111083984375,0.07720947265625,0.152740478515625,0.077362060546875,0.1348876953125,0.1666259765625,1.457366943359375,4.855499267578125,5.140811443328857,1.2499618530273438
542,0.271,-0.0,-0.0,-0.0,-0.0,-0.0,-0.0,-0.0,-0.0,-0.0,-0.0,-0.0,-0.0,11.36507797241211,3.359814167022705,-891.07470703125,246646.296875,-10479.82421875,1386.0230712890625,-0.0,-0.0,-0.0,-0.0,-0.0,-0.0,-0.011444091796875,-0.0072479248046875,-0.01796722412109375,-0.0215911865234375,-0.01567840576171875,-0.0186920166015625,-0.0104522705078125,-0.03360748291015625,-0.00835418701171875,-0.0119781494140625,-0.02613067626953125,-0.0260162353515625,-0.01842498779296875,-0.01506805419921875,-0.0079345703125,-0.0383758544921875,0.480499267578125,0.2386474609375,0.084686279296875,0.022735595703125,0.0738525390625,-0.05950927734375,0.11016845703125,0.1739501953125,0.2020263671875,0.2227783203125,-0.018463134765625,0.087127685546875,0.579681396484375,0.08056640625,-2.4102783203125,-2.960968017578125,-4.046988010406494,1.2499618530273438
543,0.2715,-0.0,-0.0,-0.0,-0.0,-0.0,-0.0,-0.0,-0.0,-0.0,-0.0,-0.0,-0.0,9.11010456085205,3.811326265335083,-891.7865600585938,247489.90625,-9756.490234375,748.0178833007812,-0.0,-0.0,-0.0,-0.0,-0.0,-0.0,-0.00335693359375,-0.00141143798828125,-0.00255584716796875,-0.00331878662109375,-0.00263214111328125,-0.00263214111328125,-0.00213623046875,-0.0075531005859375,-0.00213623046875,-0.00274658203125,-0.00255584716796875,-0.005035400390625,-0.00499725341796875,-0.00431060791015625,-0.00072479248046875,-0.008697509765625,-0.0347900390625,-0.045318603515625,0.08575439453125,0.009765625,-0.173187255859375,0.10467529296875,0.17608642578125,0.2081298828125,0.14892578125,0.22796630859375,-0.012969970703125,0.034637451171875,0.37109375,0.189361572265625,-1.042938232421875,-3.0572509765625,-4.601424217224121,1.2499618530273438
544,0.272,-0.0,-0.0,-0.0,-0.0,-0.0,-0.0,-0.0,-0.0,-0.0,-0.0,-0.0,-0.0,7.045788288116455,3.1929595470428467,-894.5264892578125,248137.96875,-9205.482421875,-29.23072052001953,-0.0,-0.0,-0.0,-0.0,-0.0,-0.0,0.0107574462890625,0.00568389892578125,0.01842498779296875,0.02307891845703125,0.01728057861328125,0.01911163330078125,0.01239776611328125,0.030517578125,0.0112152099609375,0.013427734375,0.029144287109375,0.02490997314453125,0.02017974853515625,0.01407623291015625,0.0064849853515625,0.03875732421875,-0.25634765625,0.345611572265625,0.15625,0.08819580078125,0.27008056640625,0.123443603515625,0.103759765625,0.05096435546875,0.14007568359375,0.26641845703125,0.1123046875,0.057373046875,-0.950164794921875,0.0213623046875,3.909912109375,2.501983642578125,9.655506134033203,1.2499618530273438
545,0.2725,-0.0,-0.0,-0.0,-0.0,-0.0,-0.0,-0.0,-0.0,-0.0,-0.0,-0.0,-0.0,6.588919639587402,3.267902374267578,-894.7273559570312,248662.015625,-8299.9912109375,-363.8507080078125,-0.0,-0.0,-0.0,-0.0,-0.0,-0.0,0.0040435791015625,0.0064849853515625,0.0028228759765625,0.0060272216796875,0.0048065185546875,0.00598907470703125,0.00507354736328125,0.00675201416015625,0.003204345703125,0.00232696533203125,0.00499725341796875,0.00431060791015625,0.009307861328125,0.0037384033203125,0.001373291015625,0.0075531005859375,0.09124755859375,0.292205810546875,0.01983642578125,0.174560546875,0.213775634765625,0.068206787109375,0.1556396484375,0.1361083984375,0.223388671875,0.2392578125,0.1385498046875,0.111846923828125,0.277252197265625,0.00091552734375,1.216583251953125,4.739532470703125,6.80411958694458,1.2499618530273438
546,0.273,-0.0,-0.0,-0.0,-0.0,-0.0,-0.0,-0.0,-0.0,-0.0,-0.0,-0.0,-0.0,6.298465728759766,3.0668203830718994,-894.1253051757812,248398.65625,-7493.2333984375,-567.1902465820312,-0.0,-0.0,-0.0,-0.0,-0.0,-0.0,-0.01071929931640625,-0.00576019287109375,-0.0164794921875,-0.0205230712890625,-0.01605987548828125,-0.0194549560546875,-0.01262664794921875,-0.03139495849609375,-0.012054443359375,-0.0121307373046875,-0.0262451171875,-0.02674102783203125,-0.01781463623046875,-0.0136566162109375,-0.0066375732421875,-0.04100799560546875,0.8001708984375,0.07080078125,0.068206787109375,0.086517333984375,0.106201171875,0.098114013671875,0.1971435546875,0.174560546875,-0.02410888671875,-0.09979248046875,0.049285888671875,0.07354736328125,0.7550048828125,0.05340576171875,-3.975982666015625,-2.511749267578125,-14.422863960266113,1.2499618530273438
547,0.2735,-0.0,-0.0,-0.0,-0.0,-0.0,-0.0,-0.0,-0.0,-0.0,-0.0,-0.0,-0.0,5.46227502822876,2.788666248321533,-892.3798828125,248261.1875,-6501.5283203125,-808.9737548828125,-0.0,-0.0,-0.0,-0.0,-0.0,-0.0,-0.00354766845703125,-0.00659942626953125,-0.00217437744140625,-0.002899169921875,-0.00087738037109375,-0.0052642822265625,-0.0043487548828125,-0.00789642333984375,-0.0023651123046875,-0.001068115234375,-0.00606536865234375,0.000457763671875,-0.00782012939453125,-0.00331878662109375,-0.00213623046875,-0.0079345703125,0.23468017578125,-0.144195556640625,0.15869140625,-0.0390625,0.089569091796875,0.069122314453125,0.2001953125,0.26885986328125,0.22705078125,0.1898193359375,0.0360107421875,0.054473876953125,-0.025634765625,0.0,-0.09918212890625,-4.00970458984375,-5.551886081695557,1.2499618530273438
548,0.274,-0.0,-0.0,-0.0,-0.0,-0.0,-0.0,-0.0,-0.0,-0.0,-0.0,-0.0,-0.0,3.839458465576172,2.15637469291687,-889.5362548828125,247917.5,-5669.83544921875,-1327.26513671875,-0.0,-0.0,-0.0,-0.0,-0.0,-0.0,0.00888824462890625,0.0067138671875,0.01552581787109375,0.0218963623046875,0.014495849609375,0.01983642578125,0.01331329345703125,0.03246307373046875,0.0101470947265625,0.0112152099609375,0.0263214111328125,0.02384185791015625,0.0188446044921875,0.013885498046875,0.00782012939453125,0.0395965576171875,-0.4302978515625,-0.59051513671875,0.1641845703125,0.031585693359375,-0.21484375,0.1043701171875,0.15472412109375,0.07781982421875,0.155029296875,0.15289306640625,0.1458740234375,0.094451904296875,-0.832061767578125,-0.228424072265625,2.796783447265625,3.0133056640625,6.72491455078125,1.2499618530273438
549,0.2745,-0.0,-0.0,-0.0,-0.0,-0.0,-0.0,-0.0,-0.0,-0.0,-0.0,-0.0,-0.0,2.3315491676330566,1.9929949045181274,-885.99755859375,246622.28125,-4432.59326171875,-1875.26904296875,-0.0,-0.0,-0.0,-0.0,-0.0,-0.0,0.003204345703125,0.002899169921875,0.00431060791015625,0.00453948974609375,0.0037384033203125,0.00484466552734375,0.00209808349609375,0.00598907470703125,0.0034332275390625,0.0046539306640625,0.006561279296875,0.0012969970703125,0.0079345703125,0.0018310546875,0.00217437744140625,0.0066375732421875,-0.27740478515625,0.6756591796875,-0.07720947265625,0.122833251953125,0.338287353515625,0.0360107421875,0.1104736328125,0.07232666015625,0.19775390625,0.1763916015625,0.18463134765625,0.1068115234375,-0.0372314453125,-0.017547607421875,0.369415283203125,4.5391845703125,6.80411958694458,1.2499618530273438
550,0.275,-0.0,-0.0,-0.0,-0.0,-0.0,-0.0,-0.0,-0.0,-0.0,-0.0,-0.0,-0.0,0.7476539611816406,2.5736911296844482,-878.2154541015625,245075.5625,-3566.34521484375,-2308.33740234375,-0.0,-0.0,-0.0,-0.0,-0.0,-0.0,-0.00896453857421875,-0.00522613525390625,-0.01697540283203125,-0.02105712890625,-0.01628875732421875,-0.01922607421875,-0.010833740234375,-0.0315093994140625,-0.00762939453125,-0.01209259033203125,-0.021820068359375,-0.0262451171875,-0.01674652099609375,-0.0151824951171875,-0.0064849853515625,-0.038299560546875,0.1556396484375,0.1934814453125,0.022735595703125,0.0860595703125,0.105438232421875,0.041046142578125,0.086669921875,0.12908935546875,0.0537109375,0.09979248046875,0.101470947265625,0.102996826171875,0.71563720703125,0.308837890625,-2.30255126953125,-1.743927001953125,-4.9182448387146,1.2499618530273438
551,0.2755,-0.0,-0.0,-0.0,-0.0,-0.0,-0.0,-0.0,-0.0,-0.0,-0.0,-0.0,-0.0,-0.6462265253067017,2.7379722595214844,-869.7870483398438,242637.03125,-2598.79541015625,-2766.96337890625,-0.0,-0.0,-0.0,-0.0,-0.0,-0.0,-0.00232696533203125,-0.00339508056640625,-0.00278472900390625,-0.00446319580078125,-0.00141143798828125,-0.0030517578125,-0.00244140625,-0.00774383544921875,-0.00286102294921875,-0.0009918212890625,-0.0048828125,-0.00274658203125,-0.00644683837890625,-0.00148773193359375,-0.00255584716796875,-0.00782012939453125,0.30670166015625,0.04608154296875,0.0750732421875,0.02227783203125,0.1751708984375,0.052032470703125,0.13275146484375,0.18829345703125,0.191650390625,0.18707275390625,-0.052642822265625,0.06134033203125,0.282440185546875,0.102996826171875,-1.1639404296875,-3.982391357421875,-5.076655387878418,1.2499618530273438
552,0.276,-0.0,-0.0,-0.0,-0.0,-0.0,-0.0,-0.0,-0.0,-0.0,-0.0,-0.0,-0.0,-1.2930306196212769,2.157636880874634,-859.8123168945312,239738.671875,-1531.8758544921875,-3055.767578125,-0.0,-0.0,-0.0,-0.0,-0.0,-0.0,0.0080108642578125,0.00621795654296875,0.01827239990234375,0.02471923828125,0.0164794921875,0.01850128173828125,0.01277923583984375,0.02910614013671875,0.01026153564453125,0.0063323974609375,0.0263214111328125,0.0267791748046875,0.0213623046875,0.0146484375,0.0067138671875,0.0405120849609375,0.262603759765625,-0.114288330078125,0.011749267578125,0.01922607421875,-0.68817138671875,0.084686279296875,0.22369384765625,0.23284912109375,0.17974853515625,0.15716552734375,-0.029144287109375,0.061187744140625,-0.693359375,-0.054931640625,4.4598388671875,3.840789794921875,6.4080939292907715,1.2499618530273438
553,0.2765,-0.0,-0.0,-0.0,-0.0,-0.0,-0.0,-0.0,-0.0,-0.0,-0.0,-0.0,-0.0,-2.0022056102752686,0.9467957615852356,-848.9376831054688,237138.390625,-685.0496826171875,-3141.41650390625,-0.0,-0.0,-0.0,-0.0,-0.0,-0.0,0.00518798828125,0.00713348388671875,0.00286102294921875,0.00408172607421875,0.0034332275390625,0.0060272216796875,0.005340576171875,0.00659942626953125,0.00225067138671875,0.0048828125,0.0041961669921875,0.00278472900390625,0.00888824462890625,0.00400543212890625,0.00164031982421875,0.006561279296875,0.163116455078125,-0.286102294921875,0.11260986328125,0.158233642578125,0.543670654296875,0.16021728515625,0.240478515625,0.2374267578125,0.12725830078125,0.17120361328125,0.029754638671875,0.054168701171875,0.1513671875,0.095672607421875,1.53717041015625,4.999847412109375,6.4080939292907715,1.2499618530273438
554,0.277,-0.0,-0.0,-0.0,-0.0,-0.0,-0.0,-0.0,-0.0,-0.0,-0.0,-0.0,-0.0,-2.2696526050567627,0.051655352115631104,-841.4554443359375,235164.703125,-310.9281921386719,-3150.558837890625,-0.0,-0.0,-0.0,-0.0,-0.0,-0.0,-0.0089263916015625,-0.00774383544921875,-0.01537322998046875,-0.02197265625,-0.01499176025390625,-0.0180816650390625,-0.0122833251953125,-0.0286102294921875,-0.01026153564453125,-0.011444091796875,-0.024566650390625,-0.02262115478515625,-0.01903533935546875,-0.0127410888671875,-0.00591278076171875,-0.03856658935546875,0.05401611328125,0.486297607421875,0.076751708984375,0.15106201171875,0.140228271484375,0.139923095703125,0.1385498046875,0.12115478515625,0.16387939453125,0.19073486328125,0.20233154296875,0.11444091796875,0.44921875,0.308074951171875,-1.62200927734375,-2.3797607421875,-6.0271172523498535,1.2499618530273438
555,0.2775,-0.0,-0.0,-0.0,-0.0,-0.0,-0.0,-0.0,-0.0,-0.0,-0.0,-0.0,-0.0,-2.889198064804077,-0.7689469456672668,-837.012451171875,234187.09375,277.5325012207031,-3070.439453125,-0.0,-0.0,-0.0,-0.0,-0.0,-0.0,-0.0040435791015625,-0.00316619873046875,-0.00225067138671875,-0.00362396240234375,-0.00423431396484375,-0.0049591064453125,-0.0028228759765625,-0.00301361083984375,-0.00034332275390625,-0.001983642578125,-0.00370025634765625,-0.00614166259765625,-0.01007080078125,-0.00255584716796875,-0.0022125244140625,-0.006103515625,-0.48919677734375,-0.013580322265625,0.115509033203125,0.027618408203125,0.062408447265625,0.04119873046875,0.03021240234375,0.0439453125,0.22064208984375,0.19439697265625,0.219573974609375,0.1116943359375,0.169219970703125,0.072174072265625,-1.7913818359375,-4.3414306640625,-5.789501667022705,1.2499618530273438
556,0.278,-0.0,-0.0,-0.0,-0.0,-0.0,-0.0,-0.0,-0.0,-0.0,-0.0,-0.0,-0.0,-2.421478748321533,-1.1361894607543945,-834.3214721679688,233743.1875,776.0867309570312,-3070.224853515625,-0.0,-0.0,-0.0,-0.0,-0.0,-0.0,0.0096893310546875,0.00698089599609375,0.01667022705078125,0.02166748046875,0.01575469970703125,0.016937255859375,0.0099945068359375,0.0299072265625,0.0115966796875,0.01190185546875,0.0249481201171875,0.02716064453125,0.0182342529296875,0.0162506103515625,0.00431060791015625,0.03810882568359375,0.1141357421875,0.1605224609375,0.056915283203125,-0.03387451171875,0.061492919921875,-0.041961669921875,0.072021484375,0.1593017578125,-0.05096435546875,-0.054931640625,-0.029754638671875,0.012969970703125,-0.7586669921875,-0.16082763671875,4.0740966796875,3.560638427734375,3.715118169784546,1.2499618530273438
557,0.2785,-0.0,-0.0,-0.0,-0.0,-0.0,-0.0,-0.0,-0.0,-0.0,-0.0,-0.0,-0.0,-2.5964715480804443,-0.644597053527832,-836.463134765625,234274.109375,1222.802734375,-3065.384521484375,-0.0,-0.0,-0.0,-0.0,-0.0,-0.0,0.004119873046875,0.00762939453125,0.0043487548828125,0.00396728515625,0.0035858154296875,0.0041961669921875,0.0035858154296875,0.00461578369140625,0.00213623046875,0.005645751953125,0.00850677490234375,0.005950927734375,0.0081634521484375,0.00240325927734375,0.00179290771484375,0.00782012939453125,0.44708251953125,0.1239013671875,0.214385986328125,0.075531005859375,0.17364501953125,0.01953125,0.20172119140625,0.2789306640625,0.18951416015625,0.17852783203125,-0.04241943359375,0.03021240234375,0.226287841796875,0.332489013671875,2.3089599609375,4.999847412109375,6.012068271636963,1.2499618530273438
558,0.279,-0.0,-0.0,-0.0,-0.0,-0.0,-0.0,-0.0,-0.0,-0.0,-0.0,-0.0,-0.0,-3.598710298538208,0.6565151214599609,-838.5109252929688,235578.96875,1534.2347412109375,-3413.757080078125,-0.0,-0.0,-0.0,-0.0,-0.0,-0.0,-0.0110626220703125,-0.0099945068359375,-0.01873016357421875,-0.02166748046875,-0.0170135498046875,-0.01918792724609375,-0.01117706298828125,-0.02819061279296875,-0.0103759765625,-0.012359619140625,-0.02716064453125,-0.02788543701171875,-0.01941680908203125,-0.01552581787109375,-0.005645751953125,-0.039825439453125,-0.279388427734375,-0.316009521484375,0.22857666015625,0.084686279296875,0.008087158203125,0.209808349609375,0.12359619140625,0.1007080078125,0.1885986328125,0.2044677734375,0.019683837890625,0.09307861328125,0.437164306640625,-0.085906982421875,-3.011932373046875,-2.600860595703125,-6.5815534591674805,1.2499618530273438
559,0.2795,-0.0,-0.0,-0.0,-0.0,-0.0,-0.0,-0.0,-0.0,-0.0,-0.0,-0.0,-0.0,-3.663951873779297,2.234734296798706,-845.1310424804688,237327.078125,1499.2891845703125,-3560.580810546875,-0.0,-0.0,-0.0,-0.0,-0.0,-0.0,-0.003662109375,-0.004730224609375,-0.00274658203125,-0.00469207763671875,-0.00301361083984375,-0.0031280517578125,-0.00263214111328125,-0.00507354736328125,-0.00316619873046875,-0.002288818359375,-0.0069427490234375,-0.00247955322265625,-0.008697509765625,-0.001678466796875,-0.000762939453125,-0.00873565673828125,-0.3228759765625,0.369873046875,-0.16204833984375,0.072784423828125,0.12420654296875,0.092315673828125,0.0213623046875,0.01007080078125,0.16632080078125,0.19683837890625,0.14312744140625,0.093994140625,0.362091064453125,-0.070343017578125,-1.05987548828125,-5.0,2.527040719985962,1.2499618530273438
560,0.28,-0.0,-0.0,-0.0,-0.0,-0.0,-0.0,-0.0,-0.0,-0.0,-0.0,-0.0,-0.0,-3.38641095161438,4.024402141571045,-851.18603515625,239597.453125,1508.5413818359375,-3651.34033203125,-0.0,-0.0,-0.0,-0.0,-0.0,-0.0,0.01094818115234375,0.005950927734375,0.0182342529296875,0.02239227294921875,0.01651763916015625,0.0201416015625,0.0101470947265625,0.0304412841796875,0.00911712646484375,0.012969970703125,0.02593994140625,0.02582550048828125,0.0194549560546875,0.01682281494140625,0.00774383544921875,0.0400543212890625,0.131378173828125,0.520477294921875,-0.04058837890625,0.10833740234375,0.07476806640625,0.07476806640625,0.07110595703125,0.0762939453125,0.15655517578125,0.2154541015625,0.066680908203125,0.0384521484375,-0.73211669921875,0.0311279296875,3.639678955078125,2.9248046875,6.80411958694458,1.2499618530273438
561,0.2805,-0.0,-0.0,-0.0,-0.0,-0.0,-0.0,-0.0,-0.0,-0.0,-0.0,-0.0,-0.0,-2.8387451171875,5.806333541870117,-857.1057739257812,241288.40625,1750.4224853515625,-3665.9755859375,-0.0,-0.0,-0.0,-0.0,-0.0,-0.0,0.002593994140625,0.00576019287109375,0.00354766845703125,0.004425048828125,0.0034332275390625,0.00545501708984375,0.00484466552734375,0.00553131103515625,0.00026702880859375,0.00091552734375,0.00598907470703125,0.00705718994140625,0.00957489013671875,0.00423431396484375,0.00316619873046875,0.00823974609375,0.3118896484375,0.119171142578125,0.114898681640625,0.153656005859375,0.044097900390625,0.044708251953125,0.21514892578125,0.235595703125,0.13763427734375,0.059814453125,0.019989013671875,0.004730224609375,0.054931640625,-0.067596435546875,3.249359130859375,4.656829833984375,4.5863752365112305,1.2499618530273438
562,0.281,-0.0,-0.0,-0.0,-0.0,-0.0,-0.0,-0.0,-0.0,-0.0,-0.0,-0.0,-0.0,-3.3710098266601562,7.557153701782227,-862.2969360351562,242911.671875,2010.476318359375,-3945.79541015625,-0.0,-0.0,-0.0,-0.0,-0.0,-0.0,-0.01010894775390625,-0.00881195068359375,-0.01613616943359375,-0.02490997314453125,-0.0150299072265625,-0.019683837890625,-0.0107574462890625,-0.03131866455078125,-0.01010894775390625,-0.01331329345703125,-0.026092529296875,-0.02559661865234375,-0.0209808349609375,-0.01369476318359375,-0.0061798095703125,-0.0391387939453125,0.178070068359375,-0.245361328125,-0.032501220703125,0.0592041015625,0.0567626953125,0.1190185546875,0.18310546875,0.1837158203125,0.15411376953125,0.0701904296875,0.10101318359375,0.1239013671875,0.68695068359375,0.10040283203125,-3.358612060546875,-2.635955810546875,-4.284603595733643,1.2499618530273438
563,0.28150000000000003,-0.0,-0.0,-0.0,-0.0,-0.0,-0.0,-0.0,-0.0,-0.0,-0.0,-0.0,-0.0,-4.396800994873047,9.48397445678711,-865.0894775390625,244325.453125,2285.4609375,-4415.21875,-0.0,-0.0,-0.0,-0.0,-0.0,-0.0,-0.00324249267578125,-0.0038909912109375,-0.00171661376953125,-0.00400543212890625,-0.00217437744140625,-0.00453948974609375,-0.00377655029296875,-0.0075531005859375,-0.0008392333984375,-0.0014495849609375,-0.004730224609375,-0.00396728515625,-0.0084686279296875,-0.004425048828125,0.0006866455078125,-0.008697509765625,0.4052734375,-0.095367431640625,0.370025634765625,0.006256103515625,-0.2020263671875,0.041351318359375,0.13824462890625,0.08392333984375,0.15411376953125,0.1495361328125,0.023193359375,0.096282958984375,0.03265380859375,-0.001373291015625,-1.629180908203125,-3.73321533203125,-7.452810287475586,1.2499618530273438
564,0.28200000000000003,-0.0,-0.0,-0.0,-0.0,-0.0,-0.0,-0.0,-0.0,-0.0,-0.0,-0.0,-0.0,-6.054501056671143,10.835959434509277,-868.7328491210938,245309.515625,2616.3173828125,-5044.4404296875,-0.0,-0.0,-0.0,-0.0,-0.0,-0.0,0.01110076904296875,0.0086212158203125,0.017547607421875,0.02208709716796875,0.01583099365234375,0.02117156982421875,0.0116729736328125,0.0316619873046875,0.01007080078125,0.01708984375,0.0267791748046875,0.02544403076171875,0.0220489501953125,0.01377105712890625,0.00812530517578125,0.037689208984375,-0.31646728515625,-0.078277587890625,0.018463134765625,0.118408203125,0.6365966796875,0.069732666015625,0.2532958984375,0.2008056640625,0.23223876953125,0.22186279296875,0.135345458984375,0.113525390625,-0.5517578125,0.1708984375,3.120574951171875,4.274749755859375,6.80411958694458,1.2499618530273438
565,0.28250000000000003,-0.0,-0.0,-0.0,-0.0,-0.0,-0.0,-0.0,-0.0,-0.0,-0.0,-0.0,-0.0,-7.700991153717041,12.238031387329102,-872.1807861328125,246942.65625,3344.207275390625,-5629.22265625,-0.0,-0.0,-0.0,-0.0,-0.0,-0.0,0.00339508056640625,0.0028228759765625,0.00446319580078125,0.0041961669921875,0.00274658203125,0.0049591064453125,0.0052642822265625,0.008087158203125,0.0016021728515625,0.00438690185546875,0.00553131103515625,0.00263214111328125,0.00782012939453125,0.004730224609375,0.0016021728515625,0.00766754150390625,-0.746917724609375,0.180816650390625,-0.013427734375,0.142364501953125,0.450592041015625,0.11962890625,0.16845703125,0.10101318359375,0.16845703125,0.29541015625,0.25115966796875,0.129547119140625,0.005035400390625,0.03082275390625,1.047515869140625,3.938140869140625,5.932862758636475,1.2499618530273438
566,0.28300000000000003,-0.0,-0.0,-0.0,-0.0,-0.0,-0.0,-0.0,-0.0,-0.0,-0.0,-0.0,-0.0,-8.942736625671387,13.3861722946167,-875.9113159179688,248416.515625,3560.191162109375,-6050.77197265625,-0.0,-0.0,-0.0,-0.0,-0.0,-0.0,-0.011749267578125,-0.00652313232421875,-0.01758575439453125,-0.02124786376953125,-0.01556396484375,-0.0180816650390625,-0.008087158203125,-0.03086090087890625,-0.0099945068359375,-0.0128173828125,-0.025787353515625,-0.0270843505859375,-0.01758575439453125,-0.01377105712890625,-0.00457763671875,-0.0389862060546875,-0.08331298828125,0.411529541015625,0.008697509765625,0.0518798828125,0.13763427734375,0.025177001953125,0.06591796875,0.09857177734375,0.001220703125,0.0677490234375,0.30548095703125,0.13763427734375,0.89111328125,0.06439208984375,-3.513336181640625,-2.108917236328125,-3.334141492843628,1.2499618530273438
567,0.28350000000000003,-0.0,-0.0,-0.0,-0.0,-0.0,-0.0,-0.0,-0.0,-0.0,-0.0,-0.0,-0.0,-8.871078491210938,13.750107765197754,-879.9044799804688,249386.25,4179.60595703125,-6172.93701171875,-0.0,-0.0,-0.0,-0.0,-0.0,-0.0,-0.00274658203125,-0.006561279296875,-0.00316619873046875,-0.00514984130859375,-0.003204345703125,-0.003662109375,-0.003509521484375,-0.0052642822265625,-0.00286102294921875,-0.00244140625,-0.0054931640625,-0.002288818359375,-0.00469207763671875,-0.0035858154296875,0.00209808349609375,-0.00640869140625,0.309600830078125,0.088043212890625,-0.020294189453125,-0.050048828125,0.11016845703125,-0.03631591796875,0.21636962890625,0.185546875,0.15380859375,0.015869140625,-0.04302978515625,0.062255859375,-0.11505126953125,0.05218505859375,-0.83343505859375,-1.64794921875,-6.739963531494141,1.2499618530273438
568,0.28400000000000003,-0.0,-0.0,-0.0,-0.0,-0.0,-0.0,-0.0,-0.0,-0.0,-0.0,-0.0,-0.0,-9.570109367370605,13.347183227539062,-882.0266723632812,249946.375,4911.7431640625,-6358.64697265625,-0.0,-0.0,-0.0,-0.0,-0.0,-0.0,0.0070953369140625,0.0069427490234375,0.016326904296875,0.022735595703125,0.01552581787109375,0.0200653076171875,0.00988006591796875,0.030517578125,0.0107574462890625,0.0106048583984375,0.0281524658203125,0.02895355224609375,0.0171661376953125,0.01495361328125,0.00637054443359375,0.03940582275390625,0.521240234375,-0.00091552734375,0.1141357421875,-0.0384521484375,0.018157958984375,0.032501220703125,0.17303466796875,0.21881103515625,0.2105712890625,0.05889892578125,-0.065460205078125,0.02899169921875,-0.991058349609375,0.20416259765625,4.290618896484375,2.297821044921875,7.912992000579834,1.2499618530273438
569,0.28450000000000003,-0.0,-0.0,-0.0,-0.0,-0.0,-0.0,-0.0,-0.0,-0.0,-0.0,-0.0,-0.0,-11.049779891967773,11.38296890258789,-881.5662231445312,249753.75,5702.31103515625,-6660.32080078125,-0.0,-0.0,-0.0,-0.0,-0.0,-0.0,0.0023651123046875,0.00614166259765625,0.00446319580078125,0.0052642822265625,0.00362396240234375,0.003204345703125,0.002899169921875,0.00713348388671875,0.000152587890625,0.002288818359375,0.00644683837890625,0.0048065185546875,0.00518798828125,0.002288818359375,0.0002288818359375,0.00762939453125,0.239410400390625,0.03936767578125,0.08392333984375,0.122222900390625,0.01129150390625,0.07354736328125,0.18280029296875,0.22216796875,0.1800537109375,0.14373779296875,0.023345947265625,0.024261474609375,0.448150634765625,0.1611328125,0.90057373046875,2.107086181640625,7.833786964416504,1.2499618530273438
570,0.28500000000000003,-0.0,-0.0,-0.0,-0.0,-0.0,-0.0,-0.0,-0.0,-0.0,-0.0,-0.0,-0.0,-12.351649284362793,9.411449432373047,-877.8902587890625,248613.875,6811.51806640625,-7105.70263671875,-0.0,-0.0,-0.0,-0.0,-0.0,-0.0,-0.00823974609375,-0.00972747802734375,-0.0147247314453125,-0.021514892578125,-0.0159454345703125,-0.0189208984375,-0.0113677978515625,-0.03276824951171875,-0.0090789794921875,-0.01125335693359375,-0.0258636474609375,-0.02582550048828125,-0.01678466796875,-0.01415252685546875,-0.00743865966796875,-0.03826141357421875,0.05126953125,-0.30181884765625,0.181427001953125,0.173797607421875,0.081787109375,0.226287841796875,0.125732421875,0.11322021484375,0.22705078125,0.234375,0.028533935546875,0.0885009765625,0.576171875,0.026092529296875,-2.6715087890625,-2.549591064453125,-3.888577699661255,1.2499618530273438
571,0.28550000000000003,-0.0,-0.0,-0.0,-0.0,-0.0,-0.0,-0.0,-0.0,-0.0,-0.0,-0.0,-0.0,-13.642963409423828,7.76201057434082,-876.4519653320312,247890.484375,7781.50146484375,-7087.79296875,-0.0,-0.0,-0.0,-0.0,-0.0,-0.0,-0.00354766845703125,-0.00339508056640625,-0.00377655029296875,-0.0026702880859375,-0.00179290771484375,-0.0023651123046875,-0.00148773193359375,-0.0052642822265625,-0.00225067138671875,-0.00331878662109375,-0.00293731689453125,0.00026702880859375,-0.00125885009765625,-0.0020599365234375,-0.0018310546875,-0.007781982421875,0.195770263671875,0.3515625,0.107574462890625,0.098419189453125,0.062713623046875,0.096588134765625,0.12664794921875,0.145263671875,0.13580322265625,0.2105712890625,0.075225830078125,0.08758544921875,-0.0067138671875,0.283966064453125,0.938568115234375,-0.838623046875,-12.997171401977539,1.2499618530273438
572,0.28600000000000003,-0.0,-0.0,-0.0,-0.0,-0.0,-0.0,-0.0,-0.0,-0.0,-0.0,-0.0,-0.0,-14.814701080322266,5.829231262207031,-875.0482177734375,247432.546875,8575.22265625,-7257.30712890625,-0.0,-0.0,-0.0,-0.0,-0.0,-0.0,0.0083160400390625,0.0061798095703125,0.01667022705078125,0.0228118896484375,0.0152587890625,0.0185394287109375,0.00919342041015625,0.03223419189453125,0.00690460205078125,0.01018524169921875,0.02490997314453125,0.0251007080078125,0.01552581787109375,0.0150299072265625,0.00843048095703125,0.03856658935546875,0.433502197265625,-0.2215576171875,0.044097900390625,0.069427490234375,-0.129547119140625,0.077972412109375,0.25787353515625,0.2593994140625,-0.0469970703125,-0.01373291015625,0.0762939453125,-0.00091552734375,-0.856475830078125,-0.094451904296875,3.19427490234375,2.48077392578125,7.833786964416504,1.2499618530273438
573,0.28650000000000003,-0.0,-0.0,-0.0,-0.0,-0.0,-0.0,-0.0,-0.0,-0.0,-0.0,-0.0,-0.0,-16.066728591918945,5.034336090087891,-875.946044921875,248136.21875,9107.0009765625,-7435.93505859375,-0.0,-0.0,-0.0,-0.0,-0.0,-0.0,0.00125885009765625,0.008544921875,0.0041961669921875,0.00507354736328125,0.00255584716796875,0.00141143798828125,0.0037384033203125,0.007171630859375,0.0032806396484375,0.00118255615234375,0.006103515625,0.0009918212890625,0.0028228759765625,0.0038909912109375,-0.0012969970703125,0.0095367431640625,0.153961181640625,-0.698089599609375,0.2532958984375,0.02197265625,-0.139007568359375,0.135345458984375,0.2130126953125,0.1690673828125,0.23468017578125,0.22247314453125,0.03082275390625,0.04791259765625,0.519561767578125,0.0311279296875,-0.137176513671875,2.01141357421875,7.279350757598877,1.2499618530273438
574,0.28700000000000003,-0.0,-0.0,-0.0,-0.0,-0.0,-0.0,-0.0,-0.0,-0.0,-0.0,-0.0,-0.0,-16.292800903320312,5.015051364898682,-881.8414306640625,249491.609375,9593.7392578125,-7531.81884765625,-0.0,-0.0,-0.0,-0.0,-0.0,-0.0,-0.00789642333984375,-0.01018524169921875,-0.01544952392578125,-0.02288818359375,-0.01415252685546875,-0.0208282470703125,-0.008392333984375,-0.03002166748046875,-0.01018524169921875,-0.00850677490234375,-0.02513885498046875,-0.02422332763671875,-0.01705169677734375,-0.01338958740234375,-0.00701904296875,-0.03932952880859375,-0.696868896484375,0.780181884765625,0.424346923828125,0.137176513671875,0.258941650390625,0.12298583984375,0.11016845703125,0.059814453125,0.17547607421875,0.15289306640625,0.138397216796875,0.1385498046875,0.5633544921875,0.165557861328125,-2.08251953125,-2.23846435546875,-5.076655387878418,1.2499618530273438
575,0.28750000000000003,-0.0,-0.0,-0.0,-0.0,-0.0,-0.0,-0.0,-0.0,-0.0,-0.0,-0.0,-0.0,-15.406143188476562,6.476886749267578,-889.4443969726562,251528.375,9411.9609375,-7316.5595703125,-0.0,-0.0,-0.0,-0.0,-0.0,-0.0,-0.00095367431640625,-0.0054931640625,-0.00431060791015625,-0.00396728515625,-0.0049591064453125,-0.000762939453125,-0.00457763671875,-0.0069427490234375,-0.0019073486328125,0.0006866455078125,-0.002899169921875,0.001068115234375,-0.00392913818359375,-0.00335693359375,-0.001373291015625,-0.00705718994140625,-0.392608642578125,-0.320892333984375,-0.33111572265625,0.145263671875,0.283660888671875,0.05340576171875,0.03448486328125,-0.03021240234375,0.06744384765625,0.11932373046875,0.2398681640625,0.127105712890625,0.012054443359375,0.1434326171875,1.820526123046875,-2.584228515625,-5.155860424041748,1.2499618530273438
576,0.28800000000000003,-0.0,-0.0,-0.0,-0.0,-0.0,-0.0,-0.0,-0.0,-0.0,-0.0,-0.0,-0.0,-13.385599136352539,9.146137237548828,-895.923095703125,253673.921875,9182.6416015625,-6843.13134765625,-0.0,-0.0,-0.0,-0.0,-0.0,-0.0,0.00904083251953125,0.0066375732421875,0.01758575439453125,0.0234222412109375,0.01636505126953125,0.0188446044921875,0.01270294189453125,0.0299835205078125,0.0103759765625,0.01209259033203125,0.02742767333984375,0.02689361572265625,0.01766204833984375,0.0153350830078125,0.00537872314453125,0.03963470458984375,0.2532958984375,0.58197021484375,-0.272064208984375,0.062255859375,0.208587646484375,-0.023956298828125,0.09674072265625,0.11444091796875,0.13519287109375,0.152587890625,0.131072998046875,0.11688232421875,-0.84625244140625,0.12359619140625,3.6358642578125,3.329315185546875,7.516966342926025,1.2499618530273438
577,0.2885,-0.0,-0.0,-0.0,-0.0,-0.0,-0.0,-0.0,-0.0,-0.0,-0.0,-0.0,-0.0,-11.828418731689453,11.912884712219238,-905.2325439453125,256057.703125,9206.533203125,-6412.8193359375,-0.0,-0.0,-0.0,-0.0,-0.0,-0.0,0.00034332275390625,0.00518798828125,0.00377655029296875,0.00545501708984375,0.00469207763671875,0.00335693359375,-0.0005340576171875,0.00392913818359375,0.00072479248046875,0.0026702880859375,0.00576019287109375,0.00270843505859375,0.00339508056640625,0.0032806396484375,-0.0002288818359375,0.006561279296875,0.5517578125,0.013275146484375,0.1971435546875,-0.0811767578125,0.104827880859375,-0.014190673828125,0.12420654296875,0.24505615234375,0.13397216796875,0.1220703125,-0.06378173828125,0.121307373046875,0.23162841796875,0.039215087890625,0.27557373046875,2.347259521484375,6.328888893127441,1.2499618530273438
578,0.289,-0.0,-0.0,-0.0,-0.0,-0.0,-0.0,-0.0,-0.0,-0.0,-0.0,-0.0,-0.0,-10.754616737365723,13.443807601928711,-910.7806396484375,257569.28125,9228.8427734375,-6306.25439453125,-0.0,-0.0,-0.0,-0.0,-0.0,-0.0,-0.0106048583984375,-0.00637054443359375,-0.01697540283203125,-0.02056121826171875,-0.01556396484375,-0.0203704833984375,-0.01190185546875,-0.03063201904296875,-0.01300811767578125,-0.01590728759765625,-0.02613067626953125,-0.02399444580078125,-0.0171661376953125,-0.01346588134765625,-0.006561279296875,-0.037689208984375,0.112457275390625,-0.21636962890625,0.058441162109375,-0.00579833984375,-0.6060791015625,0.066375732421875,0.23040771484375,0.32470703125,0.21514892578125,0.205078125,-0.061492919921875,-0.068359375,0.75469970703125,0.112152099609375,-2.4554443359375,-1.83807373046875,-5.3934760093688965,1.2499618530273438
579,0.2895,-0.0,-0.0,-0.0,-0.0,-0.0,-0.0,-0.0,-0.0,-0.0,-0.0,-0.0,-0.0,-10.605629920959473,13.710671424865723,-916.3668212890625,259361.90625,9367.2236328125,-6174.1806640625,-0.0,-0.0,-0.0,-0.0,-0.0,-0.0,-0.00125885009765625,-0.00835418701171875,-0.00194549560546875,-0.00423431396484375,-0.00141143798828125,-0.00347137451171875,-0.0038909912109375,-0.007781982421875,-0.00125885009765625,-0.00091552734375,-0.00335693359375,-0.00415802001953125,-0.0046539306640625,-0.0018310546875,-0.00423431396484375,-0.00827789306640625,-0.5438232421875,-0.1409912109375,0.2923583984375,0.224761962890625,0.152740478515625,0.18768310546875,0.157470703125,0.1397705078125,0.23193359375,0.22613525390625,0.121002197265625,-0.12481689453125,-0.125885009765625,0.021209716796875,-0.476531982421875,-2.723236083984375,-4.284603595733643,1.2499618530273438
580,0.29,-0.0,-0.0,-0.0,-0.0,-0.0,-0.0,-0.0,-0.0,-0.0,-0.0,-0.0,-0.0,-10.685033798217773,13.659486770629883,-922.8440551757812,260946.59375,9591.015625,-5890.8984375,-0.0,-0.0,-0.0,-0.0,-0.0,-0.0,0.00888824462890625,0.00957489013671875,0.018157958984375,0.0223541259765625,0.01628875732421875,0.02105712890625,0.01300811767578125,0.03108978271484375,0.01132965087890625,0.0128173828125,0.02410888671875,0.023956298828125,0.0188446044921875,0.01438140869140625,0.008544921875,0.0392913818359375,-0.294647216796875,0.738525390625,0.24261474609375,0.1910400390625,0.352325439453125,0.115966796875,0.0640869140625,0.0360107421875,0.28961181640625,0.39764404296875,0.2178955078125,0.057525634765625,-0.6787109375,-0.2459716796875,2.955474853515625,3.28521728515625,6.566504001617432,1.2499618530273438
581,0.2905,-0.0,-0.0,-0.0,-0.0,-0.0,-0.0,-0.0,-0.0,-0.0,-0.0,-0.0,-0.0,-10.743155479431152,13.434006690979004,-930.2964477539062,262204.9375,10020.9013671875,-5644.51904296875,-0.0,-0.0,-0.0,-0.0,-0.0,-0.0,0.0025177001953125,0.00640869140625,0.00274658203125,0.0040435791015625,0.00469207763671875,0.00576019287109375,0.00286102294921875,0.00728607177734375,0.00087738037109375,0.00049591064453125,0.00652313232421875,0.00335693359375,0.00438690185546875,0.0030517578125,0.00152587890625,0.00675201416015625,0.77545166015625,0.26123046875,0.13214111328125,0.095672607421875,0.0750732421875,-0.03143310546875,0.1849365234375,0.23590087890625,0.03326416015625,0.00823974609375,0.348968505859375,0.079803466796875,0.34088134765625,0.091552734375,1.360321044921875,3.10302734375,7.200145721435547,1.2499618530273438
582,0.291,-0.0,-0.0,-0.0,-0.0,-0.0,-0.0,-0.0,-0.0,-0.0,-0.0,-0.0,-0.0,-10.734004974365234,12.651674270629883,-937.5076904296875,264666.28125,10412.3681640625,-5652.6728515625,-0.0,-0.0,-0.0,-0.0,-0.0,-0.0,-0.00885009765625,-0.00843048095703125,-0.0164794921875,-0.02025604248046875,-0.01720428466796875,-0.01827239990234375,-0.01316070556640625,-0.0318145751953125,-0.00865936279296875,-0.01190185546875,-0.02323150634765625,-0.02254486083984375,-0.0173187255859375,-0.01575469970703125,-0.00644683837890625,-0.03894805908203125,0.247650146484375,-0.022430419921875,-0.372314453125,0.02288818359375,0.050048828125,0.050811767578125,0.18646240234375,0.13275146484375,0.0634765625,0.0128173828125,-0.1812744140625,0.138397216796875,0.5755615234375,0.328826904296875,-1.660614013671875,-2.6202392578125,-4.680629253387451,1.2499618530273438
583,0.2915,-0.0,-0.0,-0.0,-0.0,-0.0,-0.0,-0.0,-0.0,-0.0,-0.0,-0.0,-0.0,-11.297297477722168,12.404773712158203,-947.1611938476562,266373.5,10939.123046875,-5690.00439453125,-0.0,-0.0,-0.0,-0.0,-0.0,-0.0,-0.00286102294921875,-0.006103515625,-0.0038909912109375,-0.004425048828125,-0.0020599365234375,-0.0025177001953125,-0.0029754638671875,-0.0086212158203125,-0.00011444091796875,-0.00316619873046875,-0.00492095947265625,-0.00392913818359375,-0.004119873046875,-0.001373291015625,-0.0030517578125,-0.008087158203125,-0.6365966796875,0.09735107421875,0.361175537109375,0.054779052734375,-0.135650634765625,0.1123046875,0.08941650390625,0.03021240234375,0.130615234375,0.09735107421875,-0.106201171875,0.152435302734375,-0.166168212890625,-0.00762939453125,-1.089935302734375,-2.341766357421875,-4.601424217224121,1.2499618530273438
584,0.292,-0.0,-0.0,-0.0,-0.0,-0.0,-0.0,-0.0,-0.0,-0.0,-0.0,-0.0,-0.0,-11.922462463378906,11.680708885192871,-952.904052734375,267622.5,11391.7373046875,-5809.248046875,-0.0,-0.0,-0.0,-0.0,-0.0,-0.0,0.01007080078125,0.00583648681640625,0.01811981201171875,0.022125244140625,0.01758575439453125,0.02208709716796875,0.01178741455078125,0.03322601318359375,0.01125335693359375,0.01110076904296875,0.02506256103515625,0.02414703369140625,0.01720428466796875,0.01560211181640625,0.00675201416015625,0.03948211669921875,-0.133209228515625,0.818634033203125,-0.20721435546875,0.1092529296875,0.20538330078125,0.035552978515625,0.09613037109375,0.0482177734375,0.2655029296875,0.25390625,0.08514404296875,0.113372802734375,-0.771484375,-0.210113525390625,2.600860595703125,2.980499267578125,9.180274963378906,1.2499618530273438
585,0.2925,-0.0,-0.0,-0.0,-0.0,-0.0,-0.0,-0.0,-0.0,-0.0,-0.0,-0.0,-0.0,-12.548213958740234,11.45068645477295,-956.6754150390625,268268.4375,12009.4296875,-6001.06884765625,-0.0,-0.0,-0.0,-0.0,-0.0,-0.0,0.0023651123046875,0.00888824462890625,0.0035858154296875,0.0046539306640625,0.0043487548828125,0.002593994140625,0.00514984130859375,0.00885009765625,0.0030517578125,0.00301361083984375,0.006256103515625,0.0020599365234375,0.00476837158203125,0.00347137451171875,0.0014495849609375,0.00888824462890625,0.283050537109375,-0.088348388671875,0.23895263671875,0.142669677734375,-0.083770751953125,0.0457763671875,0.22186279296875,0.18951416015625,0.0177001953125,0.081787109375,0.232391357421875,0.110015869140625,0.485992431640625,0.156097412109375,0.80902099609375,3.799591064453125,5.695247173309326,1.2499618530273438
586,0.293,-0.0,-0.0,-0.0,-0.0,-0.0,-0.0,-0.0,-0.0,-0.0,-0.0,-0.0,-0.0,-13.395328521728516,11.176960945129395,-957.9480590820312,268621.03125,12506.9169921875,-6090.68310546875,-0.0,-0.0,-0.0,-0.0,-0.0,-0.0,-0.010528564453125,-0.00904083251953125,-0.0157928466796875,-0.020904541015625,-0.0156402587890625,-0.019378662109375,-0.009918212890625,-0.03162384033203125,-0.00823974609375,-0.012359619140625,-0.02292633056640625,-0.0244903564453125,-0.016021728515625,-0.01369476318359375,-0.00545501708984375,-0.039520263671875,0.266876220703125,0.126800537109375,-0.112457275390625,0.013885498046875,0.0396728515625,0.076141357421875,0.198974609375,0.1922607421875,0.177001953125,0.208740234375,0.11260986328125,0.135955810546875,0.49835205078125,0.10467529296875,-2.716064453125,-2.181854248046875,-3.967782974243164,1.2499618530273438
587,0.2935,-0.0,-0.0,-0.0,-0.0,-0.0,-0.0,-0.0,-0.0,-0.0,-0.0,-0.0,-0.0,-14.59717082977295,10.911955833435059,-958.92822265625,268312.625,13266.232421875,-6081.005859375,-0.0,-0.0,-0.0,-0.0,-0.0,-0.0,-0.0032806396484375,-0.0048828125,-0.00347137451171875,-0.00392913818359375,-0.0034332275390625,-0.0043487548828125,-0.00423431396484375,-0.0061798095703125,-7.62939453125e-05,-0.00064849853515625,-0.0052642822265625,-0.00232696533203125,-0.00701904296875,-0.00392913818359375,-0.0003814697265625,-0.00644683837890625,0.4931640625,-0.013580322265625,-0.066986083984375,-0.039215087890625,0.268096923828125,0.014190673828125,0.16815185546875,0.19805908203125,-0.02685546875,-0.14678955078125,-0.064544677734375,0.0909423828125,0.071563720703125,0.010986328125,-0.25848388671875,-2.387847900390625,-0.24514009058475494,1.2499618530273438
588,0.294,-0.0,-0.0,-0.0,-0.0,-0.0,-0.0,-0.0,-0.0,-0.0,-0.0,-0.0,-0.0,-15.346965789794922,9.297171592712402,-958.7703857421875,267873.53125,13620.7490234375,-6149.009765625,-0.0,-0.0,-0.0,-0.0,-0.0,-0.0,0.01094818115234375,0.0086212158203125,0.01628875732421875,0.0222015380859375,0.0151824951171875,0.02109527587890625,0.0093841552734375,0.03231048583984375,0.00858306884765625,0.01079559326171875,0.027008056640625,0.02597808837890625,0.019989013671875,0.012664794921875,0.00820159912109375,0.0379180908203125,0.8917236328125,-0.09735107421875,0.1116943359375,0.008544921875,-0.301361083984375,0.0677490234375,0.1641845703125,0.3070068359375,0.32623291015625,0.2581787109375,-0.10894775390625,0.106658935546875,-0.694580078125,0.106658935546875,3.4747314453125,3.30780029296875,7.754581928253174,1.2499618530273438
589,0.2945,-0.0,-0.0,-0.0,-0.0,-0.0,-0.0,-0.0,-0.0,-0.0,-0.0,-0.0,-0.0,-16.483755111694336,8.438815116882324,-960.2605590820312,267159.75,13949.25390625,-6236.27734375,-0.0,-0.0,-0.0,-0.0,-0.0,-0.0,0.0025177001953125,0.00675201416015625,0.0032806396484375,0.00553131103515625,0.003814697265625,0.00400543212890625,0.00362396240234375,0.00492095947265625,0.001220703125,0.0032806396484375,0.00743865966796875,0.0038909912109375,0.00492095947265625,0.0031280517578125,-0.00171661376953125,0.00690460205078125,-0.052642822265625,-0.31524658203125,0.29052734375,0.139923095703125,0.161590576171875,0.1776123046875,0.22125244140625,0.2227783203125,0.2056884765625,0.191650390625,0.025634765625,-0.000457763671875,0.223846435546875,0.203399658203125,1.45751953125,2.13836669921875,6.249683380126953,1.2499618530273438
590,0.295,-0.0,-0.0,-0.0,-0.0,-0.0,-0.0,-0.0,-0.0,-0.0,-0.0,-0.0,-0.0,-16.807048797607422,6.037875652313232,-961.9127197265625,266729.46875,14112.0693359375,-6021.4716796875,-0.0,-0.0,-0.0,-0.0,-0.0,-0.0,-0.00926971435546875,-0.01033782958984375,-0.0174713134765625,-0.02140045166015625,-0.01583099365234375,-0.0176239013671875,-0.01186370849609375,-0.0278472900390625,-0.009765625,-0.009002685546875,-0.0262451171875,-0.0254058837890625,-0.01842498779296875,-0.013427734375,-0.006103515625,-0.0382232666015625,-0.565185546875,-0.489501953125,0.0347900390625,0.15289306640625,0.5218505859375,0.218048095703125,0.057373046875,-0.01983642578125,0.1434326171875,0.2496337890625,0.332183837890625,0.0897216796875,0.416107177734375,0.068359375,-2.59063720703125,-3.448333740234375,-4.363808631896973,1.2499618530273438
591,0.2955,-0.0,-0.0,-0.0,-0.0,-0.0,-0.0,-0.0,-0.0,-0.0,-0.0,-0.0,-0.0,-16.032278060913086,3.6291463375091553,-964.3568115234375,267062.46875,14477.966796875,-5762.63134765625,-0.0,-0.0,-0.0,-0.0,-0.0,-0.0,-0.00324249267578125,-0.00743865966796875,-0.00415802001953125,-0.00408172607421875,-0.00171661376953125,-0.0028228759765625,-0.0019073486328125,-0.00438690185546875,-0.001373291015625,-0.003509521484375,-0.006103515625,-0.00080108642578125,-0.0029754638671875,-0.002288818359375,-0.0002288818359375,-0.00728607177734375,0.45257568359375,0.532073974609375,0.0213623046875,-0.013275146484375,0.15716552734375,-0.049285888671875,0.06256103515625,0.14312744140625,0.1947021484375,0.1446533203125,0.478363037109375,0.186004638671875,-0.053863525390625,0.00885009765625,-0.487518310546875,-2.875213623046875,-7.056784629821777,1.2499618530273438
592,0.296,-0.0,-0.0,-0.0,-0.0,-0.0,-0.0,-0.0,-0.0,-0.0,-0.0,-0.0,-0.0,-15.267175674438477,1.7585939168930054,-968.6395263671875,267925.15625,14748.9638671875,-5527.9228515625,-0.0,-0.0,-0.0,-0.0,-0.0,-0.0,0.0103759765625,0.0083160400390625,0.0156402587890625,0.02246856689453125,0.01560211181640625,0.01987457275390625,0.00995635986328125,0.02971649169921875,0.00865936279296875,0.01201629638671875,0.026092529296875,0.02658843994140625,0.02109527587890625,0.0156402587890625,0.0070953369140625,0.03871917724609375,-0.06256103515625,-0.586700439453125,0.134735107421875,-0.066375732421875,0.0286865234375,-0.016326904296875,0.16571044921875,0.19744873046875,0.09735107421875,-0.0238037109375,-0.23773193359375,-0.008544921875,-0.61767578125,0.027618408203125,4.122467041015625,4.266510009765625,8.54663372039795,1.2499618530273438
593,0.2965,-0.0,-0.0,-0.0,-0.0,-0.0,-0.0,-0.0,-0.0,-0.0,-0.0,-0.0,-0.0,-15.233379364013672,0.7871372699737549,-973.4346923828125,269344.375,15053.240234375,-5393.3544921875,-0.0,-0.0,-0.0,-0.0,-0.0,-0.0,0.00217437744140625,0.0049591064453125,0.00331878662109375,0.00560760498046875,0.00339508056640625,0.00408172607421875,0.0032806396484375,0.0035858154296875,0.00164031982421875,0.00141143798828125,0.00659942626953125,0.00152587890625,0.00377655029296875,0.00270843505859375,0.0006866455078125,0.0074005126953125,-0.38299560546875,0.05859375,0.215301513671875,0.121612548828125,-0.000457763671875,0.07904052734375,0.0567626953125,-0.0238037109375,0.15350341796875,0.1837158203125,-0.0726318359375,0.000762939453125,0.00701904296875,0.053253173828125,-0.46478271484375,1.95220947265625,5.536837100982666,1.2499618530273438
594,0.297,-0.0,-0.0,-0.0,-0.0,-0.0,-0.0,-0.0,-0.0,-0.0,-0.0,-0.0,-0.0,-14.999764442443848,1.140573263168335,-979.0512084960938,270079.375,15373.4794921875,-5452.45166015625,-0.0,-0.0,-0.0,-0.0,-0.0,-0.0,-0.008392333984375,-0.008697509765625,-0.01514434814453125,-0.02178192138671875,-0.01430511474609375,-0.019989013671875,-0.00946044921875,-0.03093719482421875,-0.00988006591796875,-0.01220703125,-0.0255584716796875,-0.02155303955078125,-0.01800537109375,-0.011749267578125,-0.00762939453125,-0.03780364990234375,-0.0604248046875,0.311431884765625,-0.046539306640625,0.192108154296875,-0.305023193359375,-0.000152587890625,0.1873779296875,0.10467529296875,0.15289306640625,0.2099609375,0.036163330078125,0.1318359375,0.797119140625,0.1422119140625,-2.730712890625,-2.574462890625,-3.888577699661255,1.2499618530273438
595,0.2975,-0.0,-0.0,-0.0,-0.0,-0.0,-0.0,-0.0,-0.0,-0.0,-0.0,-0.0,-0.0,-14.840238571166992,2.5059268474578857,-982.8322143554688,271236.3125,15574.2978515625,-5427.38037109375,-0.0,-0.0,-0.0,-0.0,-0.0,-0.0,-0.0003814697265625,-0.0046539306640625,-0.00278472900390625,-0.00213623046875,-0.00408172607421875,-0.00339508056640625,-0.003204345703125,-0.0051116943359375,0.00026702880859375,-0.00240325927734375,-0.00560760498046875,-0.00087738037109375,-0.00469207763671875,-0.0035858154296875,-0.001220703125,-0.00492095947265625,0.533599853515625,0.20843505859375,-0.243682861328125,0.0726318359375,0.151214599609375,0.162506103515625,0.23406982421875,0.25634765625,0.44342041015625,0.457763671875,0.08331298828125,0.06500244140625,0.06622314453125,-0.03875732421875,0.504913330078125,-1.88751220703125,-6.6607584953308105,1.2499618530273438
596,0.298,-0.0,-0.0,-0.0,-0.0,-0.0,-0.0,-0.0,-0.0,-0.0,-0.0,-0.0,-0.0,-14.404437065124512,3.5181775093078613,-985.552978515625,272081.65625,15938.396484375,-5526.8623046875,-0.0,-0.0,-0.0,-0.0,-0.0,-0.0,0.010223388671875,0.007171630859375,0.0170135498046875,0.021820068359375,0.0159454345703125,0.018768310546875,0.0110626220703125,0.03101348876953125,0.01110076904296875,0.01239776611328125,0.0255584716796875,0.02941131591796875,0.01781463623046875,0.01323699951171875,0.0072479248046875,0.03814697265625,0.6903076171875,-0.251617431640625,0.142059326171875,0.100250244140625,0.067901611328125,0.16845703125,0.26153564453125,0.2728271484375,-0.2850341796875,-0.157470703125,0.12359619140625,0.096893310546875,-0.688018798828125,0.05645751953125,4.999847412109375,2.92205810546875,8.229813575744629,1.2499618530273438
597,0.2985,-0.0,-0.0,-0.0,-0.0,-0.0,-0.0,-0.0,-0.0,-0.0,-0.0,-0.0,-0.0,-13.25131893157959,5.034336090087891,-991.0812377929688,273544.875,16299.2880859375,-5461.44970703125,-0.0,-0.0,-0.0,-0.0,-0.0,-0.0,0.003814697265625,0.00640869140625,0.0017547607421875,0.00453948974609375,0.0017547607421875,0.0029754638671875,0.0002288818359375,0.00728607177734375,0.00148773193359375,0.00301361083984375,0.0051116943359375,-0.0005340576171875,0.00293731689453125,0.002288818359375,0.0014495849609375,0.00766754150390625,-0.35308837890625,-0.2825927734375,0.246124267578125,0.15594482421875,0.0787353515625,-0.031890869140625,0.169677734375,0.2447509765625,0.10162353515625,0.0457763671875,0.08575439453125,-0.00762939453125,0.272216796875,0.1385498046875,0.300750732421875,1.701507568359375,3.4775028228759766,1.2499618530273438
598,0.299,-0.0,-0.0,-0.0,-0.0,-0.0,-0.0,-0.0,-0.0,-0.0,-0.0,-0.0,-0.0,-12.548985481262207,5.733760833740234,-996.0730590820312,275094.0625,16477.798828125,-5346.9951171875,-0.0,-0.0,-0.0,-0.0,-0.0,-0.0,-0.01110076904296875,-0.00904083251953125,-0.0164794921875,-0.0197601318359375,-0.0165557861328125,-0.01865386962890625,-0.0107574462890625,-0.0318145751953125,-0.008697509765625,-0.0128936767578125,-0.0255584716796875,-0.0283050537109375,-0.01461029052734375,-0.01476287841796875,-0.0054931640625,-0.0386810302734375,-0.644073486328125,0.347137451171875,0.09857177734375,0.046844482421875,0.19775390625,0.16448974609375,0.03936767578125,0.0579833984375,0.1898193359375,0.16998291015625,0.176849365234375,0.010223388671875,0.50445556640625,0.049591064453125,-3.2098388671875,-2.204742431640625,-5.710296630859375,1.2499618530273438
599,0.2995,-0.0,-0.0,-0.0,-0.0,-0.0,-0.0,-0.0,-0.0,-0.0,-0.0,-0.0,-0.0,-12.112537384033203,5.944214820861816,-999.97021484375,275877.3125,16565.90234375,-5303.3115234375,-0.0,-0.0,-0.0,-0.0,-0.0,-0.0,-0.00026702880859375,-0.00438690185546875,-0.002593994140625,-0.0045013427734375,-0.00244140625,-0.002593994140625,7.62939453125e-05,-0.00408172607421875,-0.002899169921875,-0.0011444091796875,-0.00469207763671875,-0.0002288818359375,-0.00255584716796875,-0.00152587890625,-0.0006866455078125,-0.00667572021484375,-0.01190185546875,0.352325439453125,-0.01556396484375,0.07598876953125,0.010833740234375,0.010223388671875,0.107421875,0.020751953125,0.23040771484375,0.24322509765625,0.210113525390625,0.10009765625,0.175018310546875,0.1019287109375,0.606842041015625,-1.370086669921875,-7.611220359802246,1.2499618530273438
600,0.3,-0.0,-0.0,-0.0,-0.0,-0.0,-0.0,-0.0,-0.0,-0.0,-0.0,-0.0,-0.0,-11.450640678405762,6.263920783996582,-1004.6427612304688,276842.8125,16935.080078125,-5389.4140625,-0.0,-0.0,-0.0,-0.0,-0.0,-0.0,0.00972747802734375,0.0054931640625,0.01705169677734375,0.02269744873046875,0.01636505126953125,0.02002716064453125,0.0130462646484375,0.0336456298828125,0.0110626220703125,0.01209259033203125,0.02689361572265625,0.0225067138671875,0.01796722412109375,0.01430511474609375,0.00701904296875,0.0392913818359375,0.01708984375,0.516204833984375,-0.237884521484375,-0.051727294921875,0.143280029296875,-0.00732421875,0.0927734375,0.0933837890625,0.24383544921875,0.53253173828125,0.518035888671875,0.204315185546875,-0.736083984375,-0.04791259765625,2.339935302734375,2.637481689453125,13.932584762573242,1.2499618530273438
601,0.3005,-0.0,-0.0,-0.0,-0.0,-0.0,-0.0,-0.0,-0.0,-0.0,-0.0,-0.0,-0.0,-11.3412446975708,5.92439079284668,-1005.5296020507812,277832.3125,17263.474609375,-5311.8310546875,-0.0,-0.0,-0.0,-0.0,-0.0,-0.0,0.00255584716796875,0.007781982421875,0.00518798828125,0.0051116943359375,0.00400543212890625,0.00331878662109375,0.002288818359375,0.00152587890625,0.0040435791015625,0.002288818359375,0.00392913818359375,0.0018310546875,0.00171661376953125,0.00278472900390625,0.00202178955078125,0.0091552734375,0.365447998046875,0.407257080078125,0.161590576171875,0.039215087890625,0.189056396484375,0.120849609375,0.10772705078125,0.19317626953125,-0.1177978515625,-0.13458251953125,-0.34088134765625,0.205841064453125,0.6207275390625,0.028839111328125,0.03570556640625,1.956329345703125,5.457632064819336,1.2499618530273438
602,0.301,-0.0,-0.0,-0.0,-0.0,-0.0,-0.0,-0.0,-0.0,-0.0,-0.0,-0.0,-0.0,-10.611015319824219,4.327762603759766,-1009.3179931640625,278339.6875,17425.3671875,-5140.57275390625,-0.0,-0.0,-0.0,-0.0,-0.0,-0.0,-0.009613037109375,-0.00946044921875,-0.01674652099609375,-0.02010345458984375,-0.015716552734375,-0.01689910888671875,-0.0112152099609375,-0.03208160400390625,-0.01148223876953125,-0.0113677978515625,-0.0249481201171875,-0.02349853515625,-0.014495849609375,-0.01415252685546875,-0.005340576171875,-0.03879547119140625,0.569305419921875,0.0689697265625,0.1202392578125,0.084686279296875,0.147857666015625,0.11474609375,0.24871826171875,0.2288818359375,0.2410888671875,-0.106201171875,-0.290679931640625,0.105743408203125,0.47027587890625,0.0921630859375,-1.675872802734375,-0.911712646484375,-6.264732837677002,1.2499618530273438
603,0.3015,-0.0,-0.0,-0.0,-0.0,-0.0,-0.0,-0.0,-0.0,-0.0,-0.0,-0.0,-0.0,-9.881348609924316,2.683950901031494,-1011.6018676757812,278574.1875,17681.4375,-4859.728515625,-0.0,-0.0,-0.0,-0.0,-0.0,-0.0,-0.00244140625,-0.006561279296875,-0.0049591064453125,-0.003814697265625,-0.00213623046875,-0.00400543212890625,-0.00152587890625,-0.0057220458984375,-0.00148773193359375,-0.00316619873046875,-0.003814697265625,0.00141143798828125,-0.00545501708984375,-0.00213623046875,-0.00278472900390625,-0.0070953369140625,-0.006256103515625,-0.17181396484375,0.1617431640625,0.023040771484375,0.172576904296875,-0.01800537109375,0.14129638671875,0.1123046875,0.25054931640625,0.11993408203125,0.090789794921875,-0.102691650390625,-0.114593505859375,0.093994140625,0.954437255859375,-3.443603515625,-4.9182448387146,1.2499618530273438
604,0.302,-0.0,-0.0,-0.0,-0.0,-0.0,-0.0,-0.0,-0.0,-0.0,-0.0,-0.0,-0.0,-8.994465827941895,0.8767924904823303,-1013.834716796875,278482.34375,17980.7578125,-4469.533203125,-0.0,-0.0,-0.0,-0.0,-0.0,-0.0,0.00782012939453125,0.0049591064453125,0.01819610595703125,0.022430419921875,0.01708984375,0.0179290771484375,0.01148223876953125,0.03124237060546875,0.01110076904296875,0.0066375732421875,0.02674102783203125,0.02407073974609375,0.0179290771484375,0.01338958740234375,0.00720977783203125,0.03932952880859375,-0.51177978515625,0.415191650390625,-0.030059814453125,0.194244384765625,-0.471954345703125,0.060882568359375,0.1885986328125,0.12847900390625,0.2325439453125,0.22613525390625,0.160675048828125,-0.045928955078125,-0.784759521484375,0.1220703125,3.35418701171875,2.8680419921875,6.80411958694458,1.2499618530273438
605,0.3025,-0.0,-0.0,-0.0,-0.0,-0.0,-0.0,-0.0,-0.0,-0.0,-0.0,-0.0,-0.0,-7.391421794891357,-1.0535167455673218,-1013.7492065429688,278888.34375,18463.890625,-4083.264404296875,-0.0,-0.0,-0.0,-0.0,-0.0,-0.0,0.00377655029296875,0.005645751953125,0.00579833984375,0.00469207763671875,0.00469207763671875,0.00347137451171875,0.0022125244140625,0.00751495361328125,0.00415802001953125,0.0030517578125,0.00576019287109375,0.00133514404296875,0.002899169921875,0.00125885009765625,0.0034332275390625,0.0083160400390625,0.0592041015625,0.45806884765625,0.236663818359375,0.287933349609375,0.0579833984375,0.232086181640625,0.22064208984375,0.1470947265625,0.17242431640625,0.20294189453125,0.16204833984375,0.030670166015625,0.15899658203125,0.01617431640625,0.306549072265625,2.43377685546875,7.0417351722717285,1.2499618530273438
606,0.303,-0.0,-0.0,-0.0,-0.0,-0.0,-0.0,-0.0,-0.0,-0.0,-0.0,-0.0,-0.0,-6.954362392425537,-2.25533390045166,-1014.9837646484375,278646.75,18748.0859375,-3905.28857421875,-0.0,-0.0,-0.0,-0.0,-0.0,-0.0,-0.008087158203125,-0.0063323974609375,-0.01636505126953125,-0.021514892578125,-0.01590728759765625,-0.0215911865234375,-0.0096893310546875,-0.0292205810546875,-0.0070953369140625,-0.01125335693359375,-0.023040771484375,-0.0244903564453125,-0.0145721435546875,-0.01415252685546875,-0.008544921875,-0.0392913818359375,0.53131103515625,-0.312652587890625,0.0054931640625,0.088653564453125,0.254364013671875,0.10162353515625,0.20355224609375,0.20904541015625,0.14007568359375,0.2239990234375,0.142974853515625,0.230712890625,0.942535400390625,0.224456787109375,-2.24334716796875,-1.14837646484375,-4.601424217224121,1.2499618530273438
607,0.3035,-0.0,-0.0,-0.0,-0.0,-0.0,-0.0,-0.0,-0.0,-0.0,-0.0,-0.0,-0.0,-6.564598083496094,-1.866980791091919,-1015.7304077148438,278889.90625,19216.232421875,-3889.0791015625,-0.0,-0.0,-0.0,-0.0,-0.0,-0.0,-0.00301361083984375,-0.0032806396484375,-0.00308990478515625,-0.00461578369140625,-0.003662109375,-0.0054931640625,-0.00171661376953125,-0.00713348388671875,-0.000457763671875,-0.00152587890625,-0.00518798828125,-0.002288818359375,-0.00576019287109375,-0.0022125244140625,-0.001068115234375,-0.0055694580078125,0.077972412109375,-0.207061767578125,0.039825439453125,-0.13824462890625,0.13153076171875,0.0311279296875,0.0311279296875,0.0579833984375,0.1239013671875,0.1763916015625,0.147247314453125,0.2008056640625,-0.023193359375,0.0067138671875,0.221099853515625,-2.615203857421875,-5.3934760093688965,1.2499618530273438
608,0.304,-0.0,-0.0,-0.0,-0.0,-0.0,-0.0,-0.0,-0.0,-0.0,-0.0,-0.0,-0.0,-7.1028852462768555,-1.3539962768554688,-1015.122802734375,278825.84375,19449.91015625,-4089.2353515625,-0.0,-0.0,-0.0,-0.0,-0.0,-0.0,0.009918212890625,0.01007080078125,0.01789093017578125,0.021209716796875,0.01674652099609375,0.0189971923828125,0.01094818115234375,0.030059814453125,0.00949859619140625,0.0128936767578125,0.0255584716796875,0.02567291259765625,0.01544952392578125,0.0153350830078125,0.00629425048828125,0.03971099853515625,0.14434814453125,0.301666259765625,0.002593994140625,-0.069122314453125,0.146026611328125,0.00457763671875,0.1116943359375,0.196533203125,0.140380859375,0.09429931640625,-0.073699951171875,0.00244140625,-0.441741943359375,-0.1422119140625,3.175048828125,2.960052490234375,6.012068271636963,1.2499618530273438
609,0.3045,-0.0,-0.0,-0.0,-0.0,-0.0,-0.0,-0.0,-0.0,-0.0,-0.0,-0.0,-0.0,-7.587742328643799,-0.25313639640808105,-1014.4951171875,278271.625,19678.736328125,-4395.73876953125,-0.0,-0.0,-0.0,-0.0,-0.0,-0.0,0.00308990478515625,0.00827789306640625,0.0022125244140625,0.00537872314453125,0.0032806396484375,0.00308990478515625,0.00335693359375,0.00698089599609375,0.0030517578125,-0.0019073486328125,0.0058746337890625,-0.00301361083984375,0.0072479248046875,0.00232696533203125,0.00141143798828125,0.00873565673828125,0.047454833984375,0.471954345703125,0.040283203125,0.19744873046875,-0.494537353515625,0.146942138671875,0.252685546875,0.2252197265625,0.19012451171875,0.16845703125,-0.021514892578125,-0.029449462890625,0.336761474609375,0.155029296875,0.12969970703125,3.36456298828125,6.80411958694458,1.2499618530273438
610,0.305,-0.0,-0.0,-0.0,-0.0,-0.0,-0.0,-0.0,-0.0,-0.0,-0.0,-0.0,-0.0,-8.43331527709961,0.2649650573730469,-1012.8887939453125,278136.34375,20182.212890625,-4635.45703125,-0.0,-0.0,-0.0,-0.0,-0.0,-0.0,-0.0078582763671875,-0.0066375732421875,-0.01781463623046875,-0.0206756591796875,-0.01689910888671875,-0.0189971923828125,-0.01068115234375,-0.03208160400390625,-0.00820159912109375,-0.01068115234375,-0.022735595703125,-0.02239227294921875,-0.013427734375,-0.01407623291015625,-0.00682830810546875,-0.0394439697265625,-0.144195556640625,-0.094146728515625,0.16143798828125,0.16387939453125,0.270538330078125,0.06134033203125,0.13275146484375,0.12115478515625,0.12908935546875,0.09246826171875,0.082550048828125,0.04669189453125,0.665435791015625,0.273895263671875,-1.2921142578125,-1.067352294921875,-5.155860424041748,1.2499618530273438
611,0.3055,-0.0,-0.0,-0.0,-0.0,-0.0,-0.0,-0.0,-0.0,-0.0,-0.0,-0.0,-0.0,-9.63362979888916,0.7835984826087952,-1010.4224243164062,277604.59375,20491.43359375,-4994.00537109375,-0.0,-0.0,-0.0,-0.0,-0.0,-0.0,-0.00484466552734375,-0.0057220458984375,-0.0028228759765625,-0.00514984130859375,-0.0022125244140625,-0.00301361083984375,-0.0026702880859375,-0.00759124755859375,-0.0019073486328125,-0.00362396240234375,-0.00370025634765625,3.814697265625e-05,-0.00850677490234375,-0.00152587890625,-0.00110626220703125,-0.00885009765625,0.091552734375,0.1141357421875,-0.136871337890625,0.0360107421875,0.120849609375,0.0018310546875,0.11383056640625,0.09490966796875,0.0921630859375,0.12969970703125,0.1171875,0.09307861328125,0.106353759765625,0.035400390625,-0.1800537109375,-4.123687744140625,-5.868706703186035,1.2499618530273438
612,0.306,-0.0,-0.0,-0.0,-0.0,-0.0,-0.0,-0.0,-0.0,-0.0,-0.0,-0.0,-0.0,-10.692411422729492,1.8492563962936401,-1010.4664916992188,277616.125,20549.244140625,-5334.60009765625,-0.0,-0.0,-0.0,-0.0,-0.0,-0.0,0.009765625,0.00568389892578125,0.01621246337890625,0.02231597900390625,0.0135040283203125,0.019989013671875,0.011138916015625,0.03177642822265625,0.01026153564453125,0.01132965087890625,0.0263214111328125,0.02376556396484375,0.0186920166015625,0.0128936767578125,0.00820159912109375,0.0395965576171875,0.1849365234375,-0.6243896484375,0.19439697265625,0.08758544921875,0.090789794921875,0.053863525390625,0.20599365234375,0.17181396484375,0.11474609375,0.15289306640625,0.079498291015625,0.146942138671875,-0.84197998046875,-0.1715087890625,2.679443359375,2.7117919921875,7.516966342926025,1.2499618530273438
613,0.3065,-0.0,-0.0,-0.0,-0.0,-0.0,-0.0,-0.0,-0.0,-0.0,-0.0,-0.0,-0.0,-12.01209831237793,2.3268966674804688,-1011.1862182617188,277435.46875,20910.94921875,-5462.4736328125,-0.0,-0.0,-0.0,-0.0,-0.0,-0.0,0.0031280517578125,0.00751495361328125,0.00331878662109375,0.00423431396484375,0.00457763671875,0.0017547607421875,0.00461578369140625,0.00701904296875,0.0042724609375,0.00110626220703125,0.00522613525390625,0.005035400390625,0.0113677978515625,0.00415802001953125,0.000457763671875,0.008392333984375,0.320892333984375,-0.02410888671875,0.075836181640625,0.073699951171875,0.10650634765625,0.106964111328125,0.1483154296875,0.18157958984375,0.1763916015625,0.16998291015625,0.214385986328125,0.154876708984375,0.157470703125,0.208740234375,2.005157470703125,4.999847412109375,4.190349102020264,1.2499618530273438
614,0.307,-0.0,-0.0,-0.0,-0.0,-0.0,-0.0,-0.0,-0.0,-0.0,-0.0,-0.0,-0.0,-11.959882736206055,2.368683099746704,-1011.3070678710938,277305.15625,20965.05078125,-5291.6865234375,-0.0,-0.0,-0.0,-0.0,-0.0,-0.0,-0.00835418701171875,-0.0098419189453125,-0.01628875732421875,-0.022125244140625,-0.0153350830078125,-0.0203704833984375,-0.0127410888671875,-0.03131866455078125,-0.01041412353515625,-0.0110626220703125,-0.027618408203125,-0.02643585205078125,-0.01880645751953125,-0.0142669677734375,-0.006561279296875,-0.03910064697265625,-0.215301513671875,0.062713623046875,-0.07171630859375,0.061492919921875,0.034637451171875,0.177001953125,0.05950927734375,0.05889892578125,0.1593017578125,0.21087646484375,-0.032806396484375,0.090789794921875,0.606689453125,0.1416015625,-3.92730712890625,-2.924652099609375,-3.809372663497925,1.2499618530273438
615,0.3075,-0.0,-0.0,-0.0,-0.0,-0.0,-0.0,-0.0,-0.0,-0.0,-0.0,-0.0,-0.0,-12.111625671386719,1.911878228187561,-1010.978759765625,277349.4375,20963.654296875,-5157.451171875,-0.0,-0.0,-0.0,-0.0,-0.0,-0.0,-0.00152587890625,-0.00263214111328125,-0.0026702880859375,-0.00377655029296875,-0.001373291015625,-0.00492095947265625,-0.00423431396484375,-0.00659942626953125,-0.00156402587890625,-0.0011444091796875,-0.0042724609375,-0.0052642822265625,-0.00698089599609375,-0.005645751953125,-0.003204345703125,-0.0064849853515625,-0.340118408203125,0.7025146484375,0.098876953125,0.02227783203125,0.0616455078125,0.0250244140625,-0.0482177734375,0.11444091796875,0.1580810546875,0.15350341796875,0.113067626953125,-0.02197265625,0.37261962890625,-0.106658935546875,-1.686859130859375,-4.739532470703125,1.4181684255599976,1.2499618530273438
616,0.308,-0.0,-0.0,-0.0,-0.0,-0.0,-0.0,-0.0,-0.0,-0.0,-0.0,-0.0,-0.0,-11.532402038574219,1.9847038984298706,-1009.5618896484375,277091.84375,20933.8515625,-4794.1845703125,-0.0,-0.0,-0.0,-0.0,-0.0,-0.0,0.00946044921875,0.0061798095703125,0.01682281494140625,0.02166748046875,0.0162506103515625,0.0185394287109375,0.01068115234375,0.031585693359375,0.0122833251953125,0.0118255615234375,0.027008056640625,0.02613067626953125,0.020751953125,0.01544952392578125,0.00545501708984375,0.03997802734375,-0.13092041015625,0.19927978515625,-0.092620849609375,0.00091552734375,0.063018798828125,0.048675537109375,0.12969970703125,0.0909423828125,0.15167236328125,0.11810302734375,0.240020751953125,0.104827880859375,-0.737762451171875,0.04302978515625,3.821868896484375,4.371185302734375,6.170478343963623,1.2499618530273438
617,0.3085,-0.0,-0.0,-0.0,-0.0,-0.0,-0.0,-0.0,-0.0,-0.0,-0.0,-0.0,-0.0,-11.830368041992188,2.556342363357544,-1010.872802734375,276657.5625,21016.541015625,-4675.6640625,-0.0,-0.0,-0.0,-0.0,-0.0,-0.0,0.00377655029296875,0.001983642578125,0.0035858154296875,0.00522613525390625,0.00408172607421875,0.00514984130859375,0.00247955322265625,0.003814697265625,0.00148773193359375,0.00213623046875,0.0054931640625,0.0067138671875,0.00835418701171875,0.00453948974609375,0.00110626220703125,0.00720977783203125,0.702667236328125,0.066375732421875,0.020904541015625,0.18096923828125,0.0494384765625,0.060882568359375,0.30975341796875,0.25115966796875,0.13458251953125,0.08758544921875,-0.0164794921875,-0.00732421875,-0.083160400390625,0.100555419921875,2.17926025390625,4.610443115234375,5.536837100982666,1.2499618530273438
618,0.309,-0.0,-0.0,-0.0,-0.0,-0.0,-0.0,-0.0,-0.0,-0.0,-0.0,-0.0,-0.0,-12.251805305480957,3.0126118659973145,-1009.2131958007812,276235.15625,21338.466796875,-4579.45947265625,-0.0,-0.0,-0.0,-0.0,-0.0,-0.0,-0.0089263916015625,-0.0086212158203125,-0.0167083740234375,-0.0220489501953125,-0.01491546630859375,-0.01865386962890625,-0.010986328125,-0.0319671630859375,-0.01033782958984375,-0.012054443359375,-0.025482177734375,-0.0254058837890625,-0.019378662109375,-0.01148223876953125,-0.007476806640625,-0.037841796875,0.4443359375,-0.037994384765625,0.06988525390625,0.171356201171875,0.15960693359375,0.07568359375,0.21636962890625,0.33599853515625,0.1708984375,0.1324462890625,-0.02105712890625,0.02471923828125,0.68756103515625,0.09429931640625,-2.5653076171875,-2.427825927734375,-4.601424217224121,1.2499618530273438
619,0.3095,-0.0,-0.0,-0.0,-0.0,-0.0,-0.0,-0.0,-0.0,-0.0,-0.0,-0.0,-0.0,-13.358088493347168,2.4682841300964355,-1005.8684692382812,275425.40625,21505.9453125,-4800.40869140625,-0.0,-0.0,-0.0,-0.0,-0.0,-0.0,-0.0017547607421875,-0.0026702880859375,-0.0017547607421875,-0.00408172607421875,-0.00293731689453125,-0.00408172607421875,-0.00461578369140625,-0.00583648681640625,0.00049591064453125,-0.0009918212890625,-0.002593994140625,-0.00667572021484375,-0.00720977783203125,-0.00331878662109375,-0.0018310546875,-0.00690460205078125,-0.58441162109375,-0.193634033203125,0.494232177734375,0.122222900390625,0.053558349609375,0.154571533203125,0.10711669921875,0.0408935546875,0.22247314453125,0.2423095703125,0.018463134765625,0.21759033203125,0.277252197265625,0.040435791015625,-1.629791259765625,-4.091339111328125,-5.710296630859375,1.2499618530273438
620,0.31,-0.0,-0.0,-0.0,-0.0,-0.0,-0.0,-0.0,-0.0,-0.0,-0.0,-0.0,-0.0,-14.469045639038086,2.3892593383789062,-1003.2781372070312,274212.25,21737.73046875,-4891.72216796875,-0.0,-0.0,-0.0,-0.0,-0.0,-0.0,0.006561279296875,0.00797271728515625,0.01720428466796875,0.02155303955078125,0.0162506103515625,0.0177764892578125,0.01323699951171875,0.0298309326171875,0.010833740234375,0.00888824462890625,0.03009796142578125,0.0260162353515625,0.02079010009765625,0.01605987548828125,0.00629425048828125,0.03925323486328125,-0.36376953125,0.426788330078125,-0.15625,0.026397705078125,-0.25848388671875,0.0018310546875,-0.0872802734375,-0.01617431640625,0.17242431640625,0.16082763671875,0.15838623046875,0.176544189453125,-0.64971923828125,0.270538330078125,3.63006591796875,3.944549560546875,7.0417351722717285,1.2499618530273438
621,0.3105,-0.0,-0.0,-0.0,-0.0,-0.0,-0.0,-0.0,-0.0,-0.0,-0.0,-0.0,-0.0,-15.160520553588867,2.3382787704467773,-998.9227294921875,272672.53125,21775.23828125,-4854.978515625,-0.0,-0.0,-0.0,-0.0,-0.0,-0.0,0.0023651123046875,0.0054168701171875,0.0048065185546875,0.00553131103515625,0.0030517578125,0.003814697265625,0.00377655029296875,0.0063323974609375,0.0006866455078125,0.0040435791015625,0.00576019287109375,0.0038909912109375,0.005950927734375,0.00362396240234375,0.00362396240234375,0.00823974609375,0.27618408203125,0.32928466796875,0.108795166015625,0.09246826171875,0.17333984375,0.01739501953125,0.3668212890625,0.2191162109375,0.10467529296875,0.13702392578125,0.067138671875,0.0323486328125,-0.069122314453125,0.045623779296875,1.0565185546875,4.525299072265625,6.328888893127441,1.2499618530273438
622,0.311,-0.0,-0.0,-0.0,-0.0,-0.0,-0.0,-0.0,-0.0,-0.0,-0.0,-0.0,-0.0,-14.413288116455078,2.3007736206054688,-994.3489990234375,271108.34375,21497.03515625,-4594.98193359375,-0.0,-0.0,-0.0,-0.0,-0.0,-0.0,-0.0089263916015625,-0.00675201416015625,-0.01628875732421875,-0.020751953125,-0.0164031982421875,-0.02017974853515625,-0.01140594482421875,-0.031890869140625,-0.01102447509765625,-0.012054443359375,-0.02681732177734375,-0.0263214111328125,-0.01842498779296875,-0.01506805419921875,-0.0058746337890625,-0.039825439453125,0.37384033203125,-0.33843994140625,0.112152099609375,0.1226806640625,-0.242462158203125,0.1324462890625,0.34576416015625,0.25146484375,0.0982666015625,0.11810302734375,0.1153564453125,0.02655029296875,0.83740234375,0.0115966796875,-3.148651123046875,-2.62298583984375,-2.85891056060791,1.2499618530273438
623,0.3115,-0.0,-0.0,-0.0,-0.0,-0.0,-0.0,-0.0,-0.0,-0.0,-0.0,-0.0,-0.0,-13.56847095489502,1.8169853687286377,-990.3433227539062,270214.71875,21520.859375,-4359.97802734375,-0.0,-0.0,-0.0,-0.0,-0.0,-0.0,-0.00263214111328125,-0.004119873046875,-0.00400543212890625,-0.001678466796875,-0.003814697265625,-0.001373291015625,-0.0038909912109375,-0.00640869140625,-0.0009918212890625,0.00080108642578125,-0.001678466796875,-0.0037384033203125,-0.00698089599609375,-0.00438690185546875,-0.001983642578125,-0.0060272216796875,0.543365478515625,-0.370635986328125,0.091705322265625,0.097198486328125,0.617828369140625,0.111541748046875,0.22308349609375,0.1934814453125,0.2557373046875,0.2349853515625,-0.0006103515625,0.056304931640625,0.13824462890625,0.114593505859375,-0.699005126953125,-3.972015380859375,-6.739963531494141,1.2499618530273438
624,0.312,-0.0,-0.0,-0.0,-0.0,-0.0,-0.0,-0.0,-0.0,-0.0,-0.0,-0.0,-0.0,-12.913661003112793,1.3041092157363892,-985.2730712890625,269045.03125,21034.919921875,-3829.947998046875,-0.0,-0.0,-0.0,-0.0,-0.0,-0.0,0.009307861328125,0.00675201416015625,0.01804351806640625,0.021820068359375,0.017852783203125,0.016632080078125,0.01094818115234375,0.0321197509765625,0.0096893310546875,0.01125335693359375,0.02529144287109375,0.02986907958984375,0.01827239990234375,0.01499176025390625,0.00675201416015625,0.039520263671875,-0.235748291015625,0.648345947265625,0.058746337890625,0.047760009765625,-0.115203857421875,0.090789794921875,0.140380859375,0.16082763671875,-0.01708984375,0.00885009765625,0.104217529296875,0.09796142578125,-0.740966796875,0.064239501953125,4.887847900390625,4.0472412109375,7.437760829925537,1.2499618530273438
625,0.3125,-0.0,-0.0,-0.0,-0.0,-0.0,-0.0,-0.0,-0.0,-0.0,-0.0,-0.0,-0.0,-12.153377532958984,0.9212857484817505,-980.9173583984375,267441.34375,21098.173828125,-3477.738037109375,-0.0,-0.0,-0.0,-0.0,-0.0,-0.0,0.00091552734375,0.00164031982421875,0.0006866455078125,0.00400543212890625,0.0028228759765625,0.00263214111328125,0.0034332275390625,0.00743865966796875,0.0014495849609375,-0.00125885009765625,0.0040435791015625,0.00194549560546875,0.00701904296875,0.00270843505859375,0.0022125244140625,0.00713348388671875,-0.03875732421875,-0.1220703125,0.110931396484375,0.028076171875,-0.052032470703125,-0.0103759765625,0.0537109375,0.084228515625,0.2471923828125,0.172119140625,0.064239501953125,0.086822509765625,0.00762939453125,-0.09521484375,0.909271240234375,3.878173828125,4.744785308837891,1.2499618530273438
626,0.313,-0.0,-0.0,-0.0,-0.0,-0.0,-0.0,-0.0,-0.0,-0.0,-0.0,-0.0,-0.0,-11.929636001586914,0.2532290816307068,-973.95068359375,265143.40625,20620.849609375,-3305.070068359375,-0.0,-0.0,-0.0,-0.0,-0.0,-0.0,-0.0087738037109375,-0.00774383544921875,-0.0170135498046875,-0.02178192138671875,-0.0156402587890625,-0.01766204833984375,-0.01216888427734375,-0.029449462890625,-0.01079559326171875,-0.009765625,-0.02490997314453125,-0.0258636474609375,-0.0199127197265625,-0.01247406005859375,-0.00652313232421875,-0.03887176513671875,-0.02166748046875,0.04608154296875,0.07476806640625,-0.0439453125,0.025177001953125,0.056610107421875,0.079345703125,0.11505126953125,0.19073486328125,0.18280029296875,0.078582763671875,-0.000762939453125,0.4644775390625,0.162811279296875,-3.371734619140625,-3.363494873046875,-2.6212949752807617,1.2499618530273438
627,0.3135,-0.0,-0.0,-0.0,-0.0,-0.0,-0.0,-0.0,-0.0,-0.0,-0.0,-0.0,-0.0,-10.49887752532959,-0.2649650573730469,-967.6661987304688,262621.65625,20222.873046875,-2691.491943359375,-0.0,-0.0,-0.0,-0.0,-0.0,-0.0,0.00019073486328125,-0.0008392333984375,-0.0035858154296875,-0.00362396240234375,-0.00232696533203125,-0.0009918212890625,0.0,-0.00591278076171875,-0.00179290771484375,0.0028228759765625,-0.0048065185546875,-0.00186920166015625,-0.00453948974609375,0.00034332275390625,-0.0012969970703125,-0.0060272216796875,0.250701904296875,0.014190673828125,0.05157470703125,0.017852783203125,0.994415283203125,0.06500244140625,0.2374267578125,0.19622802734375,0.17059326171875,0.2899169921875,0.03631591796875,0.029144287109375,0.385589599609375,0.14495849609375,-0.69366455078125,-3.348236083984375,-4.99744987487793,1.2499618530273438
628,0.314,-0.0,-0.0,-0.0,-0.0,-0.0,-0.0,-0.0,-0.0,-0.0,-0.0,-0.0,-0.0,-8.207579612731934,-0.3605833947658539,-960.6834716796875,260572.90625,20057.181640625,-2006.4134521484375,-0.0,-0.0,-0.0,-0.0,-0.0,-0.0,0.010833740234375,0.0043487548828125,0.0180816650390625,0.022430419921875,0.017852783203125,0.0193023681640625,0.0128936767578125,0.03204345703125,0.00911712646484375,0.01354217529296875,0.0244140625,0.0275421142578125,0.01636505126953125,0.01605987548828125,0.00606536865234375,0.04180908203125,0.546417236328125,-0.06439208984375,0.102081298828125,0.16693115234375,0.355682373046875,0.084686279296875,0.29144287109375,0.20050048828125,0.09124755859375,0.13946533203125,0.13824462890625,0.058746337890625,-0.998992919921875,-0.0531005859375,3.917999267578125,2.214508056640625,-3.888577699661255,1.2499618530273438
629,0.3145,-0.0,-0.0,-0.0,-0.0,-0.0,-0.0,-0.0,-0.0,-0.0,-0.0,-0.0,-0.0,-6.614327430725098,-1.0598602294921875,-956.828857421875,258963.84375,19539.50390625,-1488.17529296875,-0.0,-0.0,-0.0,-0.0,-0.0,-0.0,0.00385284423828125,0.0058746337890625,0.0048828125,0.00362396240234375,0.00278472900390625,0.0019073486328125,0.00316619873046875,0.004425048828125,0.00148773193359375,0.00244140625,0.006561279296875,0.003662109375,0.00751495361328125,0.0032806396484375,0.0016021728515625,0.00881195068359375,-0.09735107421875,-0.31097412109375,0.193634033203125,0.1031494140625,0.093231201171875,0.144500732421875,0.2520751953125,0.21759033203125,0.0811767578125,0.06195068359375,0.1239013671875,0.110321044921875,0.042724609375,0.104827880859375,1.51763916015625,4.559478759765625,6.012068271636963,1.2499618530273438
630,0.315,-0.0,-0.0,-0.0,-0.0,-0.0,-0.0,-0.0,-0.0,-0.0,-0.0,-0.0,-0.0,-6.7490234375,-2.561328887939453,-953.7007446289062,257420.78125,19359.0390625,-1352.23681640625,-0.0,-0.0,-0.0,-0.0,-0.0,-0.0,-0.0089263916015625,-0.010223388671875,-0.01678466796875,-0.0213623046875,-0.0159454345703125,-0.0186920166015625,-0.01209259033203125,-0.02838134765625,-0.0092315673828125,-0.012969970703125,-0.025787353515625,-0.0279998779296875,-0.01678466796875,-0.01712799072265625,-0.00476837158203125,-0.04001617431640625,-0.38726806640625,0.472412109375,0.014190673828125,0.107421875,0.00579833984375,0.17822265625,0.118408203125,0.08636474609375,0.20050048828125,0.14068603515625,0.159759521484375,0.140228271484375,0.512847900390625,0.10040283203125,-2.721099853515625,-2.103118896484375,-5.551886081695557,1.2499618530273438
631,0.3155,-0.0,-0.0,-0.0,-0.0,-0.0,-0.0,-0.0,-0.0,-0.0,-0.0,-0.0,-0.0,-7.100214958190918,-3.755340337753296,-948.8261108398438,256368.828125,19398.65234375,-1413.364013671875,-0.0,-0.0,-0.0,-0.0,-0.0,-0.0,0.00011444091796875,-0.0011444091796875,-0.005340576171875,-0.00377655029296875,-0.003509521484375,-0.001983642578125,-0.00225067138671875,-0.00659942626953125,3.814697265625e-05,-0.0017547607421875,-0.00553131103515625,-0.00347137451171875,-0.00530242919921875,-0.0025177001953125,-0.0011444091796875,-0.00675201416015625,0.1409912109375,-0.37689208984375,0.142974853515625,0.09735107421875,0.1025390625,0.029754638671875,0.09857177734375,0.115966796875,0.1605224609375,0.12359619140625,-0.090789794921875,0.12481689453125,0.18798828125,0.07110595703125,-0.26947021484375,-3.820343017578125,-6.185527801513672,1.2499618530273438
632,0.316,-0.0,-0.0,-0.0,-0.0,-0.0,-0.0,-0.0,-0.0,-0.0,-0.0,-0.0,-0.0,-8.250102996826172,-5.112992763519287,-947.222900390625,255291.09375,19356.169921875,-1609.0242919921875,-0.0,-0.0,-0.0,-0.0,-0.0,-0.0,0.0087738037109375,0.00518798828125,0.01903533935546875,0.01987457275390625,0.01773834228515625,0.01922607421875,0.0121307373046875,0.0311279296875,0.0121307373046875,0.01316070556640625,0.025482177734375,0.02685546875,0.01750946044921875,0.01605987548828125,0.00629425048828125,0.0397491455078125,0.151824951171875,0.341949462890625,-0.047149658203125,0.0177001953125,-0.009613037109375,0.039520263671875,0.1220703125,0.023193359375,0.23651123046875,0.224609375,0.01556396484375,0.14251708984375,-0.864105224609375,-0.081329345703125,3.396759033203125,3.0792236328125,6.962530136108398,1.2499618530273438
633,0.3165,-0.0,-0.0,-0.0,-0.0,-0.0,-0.0,-0.0,-0.0,-0.0,-0.0,-0.0,-0.0,-8.821992874145508,-5.162109375,-944.985107421875,254558.90625,19093.439453125,-1876.419921875,-0.0,-0.0,-0.0,-0.0,-0.0,-0.0,0.001068115234375,0.003509521484375,0.00530242919921875,0.00492095947265625,0.00263214111328125,0.00240325927734375,0.00194549560546875,0.0070953369140625,0.00125885009765625,0.00026702880859375,0.00720977783203125,0.0028228759765625,0.0046539306640625,0.002593994140625,0.00164031982421875,0.00888824462890625,-0.064849853515625,0.26458740234375,0.0762939453125,0.010833740234375,-0.231781005859375,0.013885498046875,0.025634765625,0.0860595703125,0.18890380859375,0.081787109375,0.15869140625,0.045623779296875,-0.042572021484375,0.076904296875,1.002960205078125,4.07135009765625,7.6753764152526855,1.2499618530273438
634,0.317,-0.0,-0.0,-0.0,-0.0,-0.0,-0.0,-0.0,-0.0,-0.0,-0.0,-0.0,-0.0,-9.219915390014648,-5.293321132659912,-942.697509765625,253706.46875,19100.9765625,-1834.7508544921875,-0.0,-0.0,-0.0,-0.0,-0.0,-0.0,-0.006866455078125,-0.00507354736328125,-0.01598358154296875,-0.02025604248046875,-0.0138092041015625,-0.01934051513671875,-0.01026153564453125,-0.0302886962890625,-0.01033782958984375,-0.0077056884765625,-0.02452850341796875,-0.0238800048828125,-0.01689910888671875,-0.01445770263671875,-0.0098419189453125,-0.0389862060546875,-0.0140380859375,0.666351318359375,0.112457275390625,0.110626220703125,0.5267333984375,0.06500244140625,0.2056884765625,0.1995849609375,0.20599365234375,0.30914306640625,0.098114013671875,0.01678466796875,0.958404541015625,0.2655029296875,-2.3919677734375,-1.484527587890625,-4.99744987487793,1.2499618530273438
635,0.3175,-0.0,-0.0,-0.0,-0.0,-0.0,-0.0,-0.0,-0.0,-0.0,-0.0,-0.0,-0.0,-9.363319396972656,-5.387622833251953,-940.4569091796875,252387.71875,19028.623046875,-2039.531494140625,-0.0,-0.0,-0.0,-0.0,-0.0,-0.0,-0.00049591064453125,-0.00400543212890625,-0.00186920166015625,-0.00335693359375,-0.00095367431640625,-0.003204345703125,-0.00194549560546875,-0.00530242919921875,-0.002288818359375,-0.00484466552734375,-0.0063323974609375,-0.00202178955078125,-0.00560760498046875,-0.0006866455078125,-0.0011444091796875,-0.0075531005859375,0.220489501953125,0.11016845703125,0.11138916015625,0.16143798828125,-0.338897705078125,0.196685791015625,0.17242431640625,0.18585205078125,0.123291015625,0.11688232421875,0.113067626953125,-0.016326904296875,0.4107666015625,0.075836181640625,-0.7989501953125,-3.30352783203125,-4.601424217224121,1.2499618530273438
636,0.318,-0.0,-0.0,-0.0,-0.0,-0.0,-0.0,-0.0,-0.0,-0.0,-0.0,-0.0,-0.0,-9.494791984558105,-5.470492839813232,-934.3082275390625,251010.0,18704.62890625,-2039.671142578125,-0.0,-0.0,-0.0,-0.0,-0.0,-0.0,0.0061798095703125,0.009002685546875,0.016632080078125,0.0244140625,0.01529693603515625,0.0189208984375,0.0098419189453125,0.02994537353515625,0.01117706298828125,0.0055694580078125,0.025787353515625,0.0238800048828125,0.01735687255859375,0.01575469970703125,0.007476806640625,0.03955841064453125,0.048980712890625,0.086669921875,-0.0531005859375,0.129852294921875,-1.230316162109375,0.087127685546875,0.19744873046875,0.1300048828125,0.1654052734375,0.14801025390625,0.08056640625,0.071563720703125,-0.64422607421875,-0.176239013671875,2.34619140625,1.726837158203125,6.4080939292907715,1.2499618530273438
637,0.3185,-0.0,-0.0,-0.0,-0.0,-0.0,-0.0,-0.0,-0.0,-0.0,-0.0,-0.0,-0.0,-9.225921630859375,-5.433105945587158,-928.3731689453125,249025.0625,18196.205078125,-2039.4842529296875,-0.0,-0.0,-0.0,-0.0,-0.0,-0.0,0.00110626220703125,0.0045013427734375,0.0038909912109375,0.004425048828125,0.005950927734375,0.0064849853515625,0.0052642822265625,0.005035400390625,0.0014495849609375,0.0042724609375,0.00640869140625,0.00335693359375,0.00782012939453125,0.0032806396484375,0.00148773193359375,0.00560760498046875,0.204315185546875,0.572662353515625,0.106201171875,0.059967041015625,0.41259765625,0.06378173828125,0.19287109375,0.16571044921875,0.189208984375,0.2532958984375,0.087890625,0.21514892578125,0.1556396484375,0.0323486328125,1.01318359375,4.222869873046875,7.200145721435547,1.2499618530273438
638,0.319,-0.0,-0.0,-0.0,-0.0,-0.0,-0.0,-0.0,-0.0,-0.0,-0.0,-0.0,-0.0,-8.691083908081055,-5.52138614654541,-924.00439453125,247602.53125,17902.166015625,-2022.156982421875,-0.0,-0.0,-0.0,-0.0,-0.0,-0.0,-0.00926971435546875,-0.009307861328125,-0.01773834228515625,-0.02071380615234375,-0.0164794921875,-0.01880645751953125,-0.01194000244140625,-0.029144287109375,-0.010223388671875,-0.01087188720703125,-0.0244140625,-0.0199127197265625,-0.0180816650390625,-0.0156402587890625,-0.00766754150390625,-0.03894805908203125,0.240020751953125,-0.26641845703125,0.178985595703125,0.019073486328125,0.532379150390625,0.092620849609375,0.1983642578125,0.26519775390625,0.11260986328125,0.32440185546875,0.13397216796875,0.049285888671875,0.35400390625,0.27008056640625,-0.7427978515625,-2.424163818359375,-4.99744987487793,1.2499618530273438
639,0.3195,-0.0,-0.0,-0.0,-0.0,-0.0,-0.0,-0.0,-0.0,-0.0,-0.0,-0.0,-0.0,-8.161392211914062,-5.160787105560303,-921.2507934570312,246790.234375,17443.541015625,-1981.7996826171875,-0.0,-0.0,-0.0,-0.0,-0.0,-0.0,-0.0037384033203125,-0.00499725341796875,-0.003204345703125,-0.00499725341796875,-0.00247955322265625,-0.003204345703125,-0.007171630859375,-0.00522613525390625,-0.00316619873046875,-0.001983642578125,-0.00507354736328125,-0.0049591064453125,-0.00797271728515625,-0.0017547607421875,-0.00225067138671875,-0.008087158203125,-0.469207763671875,-0.01678466796875,0.032196044921875,0.031585693359375,0.2105712890625,0.07293701171875,0.0921630859375,0.045166015625,0.01617431640625,-0.22674560546875,0.15472412109375,-0.030517578125,0.12359619140625,0.007171630859375,-1.410980224609375,-4.339752197265625,-6.0271172523498535,1.2499618530273438
640,0.32,-0.0,-0.0,-0.0,-0.0,-0.0,-0.0,-0.0,-0.0,-0.0,-0.0,-0.0,-0.0,-8.11819076538086,-4.986728668212891,-919.6925659179688,246147.953125,17146.841796875,-1950.4207763671875,-0.0,-0.0,-0.0,-0.0,-0.0,-0.0,0.0090789794921875,0.00637054443359375,0.01819610595703125,0.0222015380859375,0.016326904296875,0.0191497802734375,0.012359619140625,0.03009796142578125,0.01190185546875,0.011749267578125,0.02620697021484375,0.02666473388671875,0.018310546875,0.014190673828125,0.005950927734375,0.0411224365234375,0.307769775390625,0.330963134765625,0.028228759765625,0.06591796875,0.109405517578125,0.02105712890625,0.1153564453125,0.14251708984375,0.2606201171875,0.12847900390625,0.191650390625,0.043182373046875,-0.87310791015625,-0.112762451171875,3.495330810546875,2.671661376953125,8.863454818725586,1.2499618530273438
641,0.3205,-0.0,-0.0,-0.0,-0.0,-0.0,-0.0,-0.0,-0.0,-0.0,-0.0,-0.0,-0.0,-8.03166389465332,-4.4116530418396,-918.7793579101562,245189.71875,16774.0859375,-2159.3359375,-0.0,-0.0,-0.0,-0.0,-0.0,-0.0,0.0017547607421875,0.0055694580078125,0.00209808349609375,0.00476837158203125,0.00274658203125,0.00377655029296875,0.00507354736328125,0.00530242919921875,0.00133514404296875,-0.00240325927734375,0.00522613525390625,0.0043487548828125,0.011138916015625,0.00278472900390625,0.0022125244140625,0.0072479248046875,-0.081329345703125,-0.317840576171875,0.105438232421875,0.045623779296875,-0.581207275390625,0.098724365234375,0.15472412109375,0.14404296875,0.22979736328125,0.22369384765625,-0.1739501953125,0.065765380859375,0.308837890625,0.22247314453125,1.891937255859375,4.999847412109375,12.902917861938477,1.2499618530273438
642,0.321,-0.0,-0.0,-0.0,-0.0,-0.0,-0.0,-0.0,-0.0,-0.0,-0.0,-0.0,-0.0,-8.739049911499023,-4.414017677307129,-915.662353515625,244166.96875,16475.90234375,-2423.91455078125,-0.0,-0.0,-0.0,-0.0,-0.0,-0.0,-0.00629425048828125,-0.0079345703125,-0.0173187255859375,-0.020751953125,-0.01567840576171875,-0.018157958984375,-0.01209259033203125,-0.0298309326171875,-0.00980377197265625,-0.0075531005859375,-0.026702880859375,-0.0238800048828125,-0.01667022705078125,-0.01499176025390625,-0.006561279296875,-0.03902435302734375,-0.0543212890625,0.14862060546875,0.107269287109375,0.05767822265625,0.164794921875,-0.03875732421875,0.0872802734375,0.07354736328125,0.19378662109375,0.19134521484375,0.03204345703125,0.172119140625,0.6817626953125,0.029754638671875,-2.2723388671875,-1.773529052734375,-3.967782974243164,1.2499618530273438
643,0.3215,-0.0,-0.0,-0.0,-0.0,-0.0,-0.0,-0.0,-0.0,-0.0,-0.0,-0.0,-0.0,-9.097838401794434,-5.169795036315918,-913.2335205078125,243184.5625,16423.009765625,-2736.208740234375,-0.0,-0.0,-0.0,-0.0,-0.0,-0.0,-0.001983642578125,-0.0020599365234375,-0.00133514404296875,-0.00240325927734375,-0.00156402587890625,-0.0018310546875,-0.0030517578125,-0.0046539306640625,-0.00217437744140625,-0.00194549560546875,-0.00400543212890625,-0.00164031982421875,-0.00698089599609375,-0.004119873046875,-0.00102996826171875,-0.00728607177734375,0.600128173828125,0.396270751953125,0.18035888671875,0.074615478515625,0.138092041015625,0.05157470703125,0.1507568359375,0.1776123046875,0.1507568359375,0.18096923828125,0.24383544921875,0.08026123046875,0.54412841796875,0.123748779296875,-1.458587646484375,-3.613739013671875,-5.868706703186035,1.2499618530273438
644,0.322,-0.0,-0.0,-0.0,-0.0,-0.0,-0.0,-0.0,-0.0,-0.0,-0.0,-0.0,-0.0,-10.114872932434082,-6.0058746337890625,-910.2092895507812,242334.03125,16338.8310546875,-3065.964111328125,-0.0,-0.0,-0.0,-0.0,-0.0,-0.0,0.01194000244140625,0.0055694580078125,0.0170135498046875,0.02307891845703125,0.01636505126953125,0.0197601318359375,0.010833740234375,0.03047943115234375,0.0101470947265625,0.011749267578125,0.02532958984375,0.0254058837890625,0.01956939697265625,0.016021728515625,0.0054931640625,0.0418853759765625,0.005645751953125,-0.032501220703125,-0.03936767578125,0.08026123046875,0.040740966796875,0.1519775390625,0.19256591796875,0.22247314453125,0.250244140625,0.179443359375,-0.052642822265625,0.08758544921875,-0.596160888671875,-0.024261474609375,3.5980224609375,3.693695068359375,7.833786964416504,1.2499618530273438
645,0.3225,-0.0,-0.0,-0.0,-0.0,-0.0,-0.0,-0.0,-0.0,-0.0,-0.0,-0.0,-0.0,-10.87138843536377,-7.379159450531006,-909.0128173828125,241191.265625,16410.736328125,-3333.133544921875,-0.0,-0.0,-0.0,-0.0,-0.0,-0.0,0.0034332275390625,0.0040435791015625,0.0026702880859375,0.002899169921875,0.00286102294921875,0.00553131103515625,0.00232696533203125,0.00675201416015625,0.0022125244140625,0.00461578369140625,0.004425048828125,0.0048828125,0.00484466552734375,0.0043487548828125,0.0020599365234375,0.0063323974609375,-0.0384521484375,-0.2874755859375,0.11383056640625,0.123443603515625,0.459136962890625,0.157012939453125,0.17669677734375,0.16204833984375,-0.020751953125,0.0677490234375,0.032501220703125,0.0836181640625,-0.089111328125,0.10986328125,2.073822021484375,3.623504638671875,7.200145721435547,1.2499618530273438
646,0.323,-0.0,-0.0,-0.0,-0.0,-0.0,-0.0,-0.0,-0.0,-0.0,-0.0,-0.0,-0.0,-11.267914772033691,-8.877148628234863,-904.9880981445312,239524.875,16154.1005859375,-3540.2890625,-0.0,-0.0,-0.0,-0.0,-0.0,-0.0,-0.0119781494140625,-0.00896453857421875,-0.01613616943359375,-0.0223541259765625,-0.0156402587890625,-0.02124786376953125,-0.009918212890625,-0.030975341796875,-0.00942230224609375,-0.02239227294921875,-0.0266265869140625,-0.0246429443359375,-0.019073486328125,-0.01270294189453125,-0.0070953369140625,-0.037841796875,-0.06317138671875,0.0567626953125,0.065765380859375,0.118255615234375,-1.752471923828125,0.091552734375,0.16937255859375,0.177001953125,0.32745361328125,0.281982421875,0.07415771484375,0.07049560546875,0.708160400390625,0.017852783203125,-2.80426025390625,-1.82891845703125,-4.7598347663879395,1.2499618530273438
647,0.3235,-0.0,-0.0,-0.0,-0.0,-0.0,-0.0,-0.0,-0.0,-0.0,-0.0,-0.0,-0.0,-11.709823608398438,-10.201899528503418,-901.172119140625,238438.234375,15725.6572265625,-3674.677978515625,-0.0,-0.0,-0.0,-0.0,-0.0,-0.0,0.0016021728515625,-0.005645751953125,-0.0042724609375,-0.0035858154296875,-0.0014495849609375,0.00232696533203125,-0.00324249267578125,-0.0054931640625,-0.00396728515625,0.01194000244140625,-0.00606536865234375,-0.0041961669921875,-0.0054168701171875,-0.0012969970703125,-0.0002288818359375,-0.008392333984375,0.033111572265625,0.14404296875,0.12664794921875,0.08148193359375,1.95831298828125,0.06561279296875,0.1739501953125,0.08148193359375,0.2020263671875,0.167236328125,0.117950439453125,0.01373291015625,0.057220458984375,-0.03326416015625,-1.96624755859375,-3.5400390625,-5.631091594696045,1.2499618530273438
648,0.324,-0.0,-0.0,-0.0,-0.0,-0.0,-0.0,-0.0,-0.0,-0.0,-0.0,-0.0,-0.0,-10.90866756439209,-11.21822738647461,-898.8826904296875,236938.78125,15043.466796875,-3437.49609375,-0.0,-0.0,-0.0,-0.0,-0.0,-0.0,0.008087158203125,0.0083160400390625,0.01651763916015625,0.02216339111328125,0.0164031982421875,0.022125244140625,0.0121307373046875,0.03101348876953125,0.01102447509765625,0.011749267578125,0.02956390380859375,0.02719879150390625,0.0214385986328125,0.0139617919921875,0.00736236572265625,0.03803253173828125,0.4302978515625,-0.012664794921875,-0.020599365234375,-0.03875732421875,0.601959228515625,0.010528564453125,0.13885498046875,0.15228271484375,0.15777587890625,0.12451171875,0.05889892578125,0.074462890625,-0.50750732421875,0.194244384765625,4.52239990234375,3.716888427734375,6.4080939292907715,1.2499618530273438
649,0.3245,-0.0,-0.0,-0.0,-0.0,-0.0,-0.0,-0.0,-0.0,-0.0,-0.0,-0.0,-0.0,-9.539651870727539,-11.922136306762695,-896.631591796875,236254.875,14507.2001953125,-3302.08740234375,-0.0,-0.0,-0.0,-0.0,-0.0,-0.0,0.00194549560546875,0.00438690185546875,0.00209808349609375,0.0040435791015625,0.00560760498046875,0.00362396240234375,0.00408172607421875,0.00545501708984375,0.00232696533203125,0.0003814697265625,0.0058746337890625,0.001678466796875,0.0054168701171875,0.00457763671875,-0.00209808349609375,0.009307861328125,0.0531005859375,0.14678955078125,0.072479248046875,-0.004119873046875,0.17242431640625,0.05950927734375,0.0830078125,0.140380859375,0.16326904296875,0.19622802734375,0.09307861328125,0.12481689453125,0.18890380859375,0.054931640625,0.357208251953125,2.233123779296875,5.7744526863098145,1.2499618530273438
650,0.325,-0.0,-0.0,-0.0,-0.0,-0.0,-0.0,-0.0,-0.0,-0.0,-0.0,-0.0,-0.0,-9.625693321228027,-12.147087097167969,-898.902099609375,236464.078125,13976.9658203125,-3096.14208984375,-0.0,-0.0,-0.0,-0.0,-0.0,-0.0,-0.00823974609375,-0.01007080078125,-0.01689910888671875,-0.02307891845703125,-0.01590728759765625,-0.0217437744140625,-0.00995635986328125,-0.030975341796875,-0.01041412353515625,-0.012664794921875,-0.026397705078125,-0.0261688232421875,-0.01651763916015625,-0.01491546630859375,-0.00675201416015625,-0.040740966796875,-0.4522705078125,-0.167388916015625,0.107421875,0.12725830078125,-0.0244140625,0.055084228515625,0.11932373046875,0.118408203125,0.08880615234375,0.3472900390625,0.069580078125,0.03082275390625,0.690765380859375,0.008544921875,-2.524566650390625,-2.214813232421875,-3.6509623527526855,1.2499618530273438
651,0.3255,-0.0,-0.0,-0.0,-0.0,-0.0,-0.0,-0.0,-0.0,-0.0,-0.0,-0.0,-0.0,-8.914901733398438,-12.144761085510254,-901.517822265625,236795.90625,13493.4111328125,-2902.20263671875,-0.0,-0.0,-0.0,-0.0,-0.0,-0.0,0.001068115234375,-0.0051116943359375,-0.00324249267578125,-0.00469207763671875,-0.0025177001953125,-0.001373291015625,-0.0016021728515625,-0.00568389892578125,-0.00049591064453125,-0.002899169921875,-0.00522613525390625,-0.00385284423828125,-0.00293731689453125,-0.0017547607421875,-3.814697265625e-05,-0.00621795654296875,0.430145263671875,-0.0152587890625,0.167388916015625,0.177459716796875,0.02838134765625,0.057220458984375,0.20538330078125,0.1678466796875,0.0982666015625,0.0750732421875,0.01617431640625,-0.054779052734375,-0.09063720703125,0.160675048828125,-0.29388427734375,-1.27685546875,-5.551886081695557,1.2499618530273438
652,0.326,-0.0,-0.0,-0.0,-0.0,-0.0,-0.0,-0.0,-0.0,-0.0,-0.0,-0.0,-0.0,-8.872906684875488,-12.319510459899902,-907.1030883789062,238163.21875,13032.4228515625,-2916.209716796875,-0.0,-0.0,-0.0,-0.0,-0.0,-0.0,0.0096893310546875,0.00614166259765625,0.01926422119140625,0.02197265625,0.017547607421875,0.01811981201171875,0.0113677978515625,0.030517578125,0.0112152099609375,0.010528564453125,0.02532958984375,0.0296783447265625,0.0164031982421875,0.01537322998046875,0.0054931640625,0.03971099853515625,0.1031494140625,0.243377685546875,0.28717041015625,0.119476318359375,-0.2130126953125,0.193634033203125,0.2288818359375,0.233154296875,0.25634765625,0.115966796875,0.07598876953125,0.055084228515625,-0.809478759765625,-0.07110595703125,4.5233154296875,2.7740478515625,7.754581928253174,1.2499618530273438
653,0.3265,-0.0,-0.0,-0.0,-0.0,-0.0,-0.0,-0.0,-0.0,-0.0,-0.0,-0.0,-0.0,-8.605744361877441,-11.56934642791748,-911.64111328125,239149.078125,12641.1044921875,-2915.60107421875,-0.0,-0.0,-0.0,-0.0,-0.0,-0.0,0.0020599365234375,0.00446319580078125,0.004730224609375,0.00514984130859375,0.0009918212890625,0.00194549560546875,0.00080108642578125,0.0092315673828125,0.0022125244140625,-0.001373291015625,0.00415802001953125,-3.814697265625e-05,0.00339508056640625,0.0016021728515625,0.00011444091796875,0.00782012939453125,-0.481109619140625,-0.532379150390625,-0.171661376953125,0.09033203125,-0.484771728515625,0.20355224609375,0.15472412109375,0.03997802734375,0.19775390625,0.206298828125,0.277252197265625,0.095977783203125,0.0347900390625,-0.23468017578125,-0.2899169921875,2.816009521484375,6.4080939292907715,1.2499618530273438
654,0.327,-0.0,-0.0,-0.0,-0.0,-0.0,-0.0,-0.0,-0.0,-0.0,-0.0,-0.0,-0.0,-8.73971939086914,-10.244635581970215,-914.612060546875,240595.15625,12315.5849609375,-3004.657470703125,-0.0,-0.0,-0.0,-0.0,-0.0,-0.0,-0.0080108642578125,-0.00972747802734375,-0.01720428466796875,-0.02223968505859375,-0.0151824951171875,-0.018157958984375,-0.009765625,-0.03261566162109375,-0.007476806640625,-0.01033782958984375,-0.026397705078125,-0.023956298828125,-0.019073486328125,-0.013427734375,-0.0078582763671875,-0.0384521484375,0.40313720703125,0.75714111328125,-0.024566650390625,0.057220458984375,0.2117919921875,-0.113677978515625,0.137939453125,0.1324462890625,0.1953125,0.2081298828125,-0.008392333984375,0.245819091796875,0.49346923828125,0.01129150390625,-2.613067626953125,-2.382659912109375,-7.7696309089660645,1.2499618530273438
655,0.3275,-0.0,-0.0,-0.0,-0.0,-0.0,-0.0,-0.0,-0.0,-0.0,-0.0,-0.0,-0.0,-9.447964668273926,-8.345603942871094,-920.367919921875,242046.234375,12247.28125,-3272.0615234375,-0.0,-0.0,-0.0,-0.0,-0.0,-0.0,-0.000457763671875,-0.0041961669921875,-0.0046539306640625,-0.00316619873046875,-0.00286102294921875,-0.0032806396484375,-0.0017547607421875,-0.0049591064453125,-0.00133514404296875,-0.00102996826171875,-0.003204345703125,0.0005340576171875,-0.00080108642578125,-0.00118255615234375,-0.0018310546875,-0.0066375732421875,0.354461669921875,-0.279998779296875,-0.021514892578125,0.04638671875,0.3790283203125,-0.003204345703125,0.230712890625,0.35980224609375,0.05096435546875,0.1263427734375,-0.0286865234375,0.062255859375,-0.02593994140625,0.300750732421875,1.038360595703125,-0.9521484375,-5.551886081695557,1.2499618530273438
656,0.328,-0.0,-0.0,-0.0,-0.0,-0.0,-0.0,-0.0,-0.0,-0.0,-0.0,-0.0,-0.0,-10.557936668395996,-7.065285682678223,-926.650146484375,243761.9375,12129.05859375,-3925.258056640625,-0.0,-0.0,-0.0,-0.0,-0.0,-0.0,0.00804901123046875,0.00843048095703125,0.01705169677734375,0.02216339111328125,0.0150299072265625,0.01949310302734375,0.0093841552734375,0.032196044921875,0.0090789794921875,0.01110076904296875,0.0264739990234375,0.02532958984375,0.0176239013671875,0.01354217529296875,0.00720977783203125,0.0377655029296875,-0.86822509765625,-0.794830322265625,0.443878173828125,0.0555419921875,0.093536376953125,0.249481201171875,0.0927734375,-0.02471923828125,0.23345947265625,0.09918212890625,0.269775390625,-0.002593994140625,-0.898895263671875,-0.095062255859375,3.5089111328125,2.75421142578125,16.3879451751709,1.2499618530273438
657,0.3285,-0.0,-0.0,-0.0,-0.0,-0.0,-0.0,-0.0,-0.0,-0.0,-0.0,-0.0,-0.0,-11.84233570098877,-5.389460563659668,-931.7117919921875,244960.609375,12001.47265625,-4385.298828125,-0.0,-0.0,-0.0,-0.0,-0.0,-0.0,0.0057220458984375,0.007781982421875,0.00377655029296875,0.0045013427734375,0.0028228759765625,0.00415802001953125,0.00308990478515625,0.0079345703125,0.0035858154296875,0.00202178955078125,0.00518798828125,-0.00057220458984375,0.0049591064453125,0.00301361083984375,0.0034332275390625,0.00637054443359375,-0.582427978515625,1.27349853515625,-0.142974853515625,0.1324462890625,0.07293701171875,-0.09918212890625,-0.1068115234375,-0.0140380859375,0.120849609375,0.137939453125,0.261383056640625,0.0201416015625,0.392608642578125,-0.017547607421875,0.294036865234375,2.37457275390625,5.616042137145996,1.2499618530273438
658,0.329,-0.0,-0.0,-0.0,-0.0,-0.0,-0.0,-0.0,-0.0,-0.0,-0.0,-0.0,-0.0,-12.774791717529297,-4.371595859527588,-935.2012939453125,246127.953125,11805.6318359375,-4786.033203125,-0.0,-0.0,-0.0,-0.0,-0.0,-0.0,-0.01007080078125,-0.007781982421875,-0.0162506103515625,-0.01949310302734375,-0.013885498046875,-0.017547607421875,-0.01007080078125,-0.032958984375,-0.00980377197265625,-0.01377105712890625,-0.02559661865234375,-0.0232696533203125,-0.01598358154296875,-0.01434326171875,-0.00743865966796875,-0.037994384765625,1.33880615234375,0.070343017578125,0.000762939453125,0.097198486328125,-0.206756591796875,0.029754638671875,0.29205322265625,0.2679443359375,0.19287109375,0.20538330078125,0.052337646484375,0.08270263671875,0.68115234375,0.148468017578125,-2.63763427734375,-2.112274169921875,-4.680629253387451,1.2499618530273438
659,0.3295,-0.0,-0.0,-0.0,-0.0,-0.0,-0.0,-0.0,-0.0,-0.0,-0.0,-0.0,-0.0,-14.371285438537598,-4.371854782104492,-938.6949462890625,247021.171875,11572.5302734375,-5232.15625,-0.0,-0.0,-0.0,-0.0,-0.0,-0.0,-0.0014495849609375,-0.00682830810546875,-0.00274658203125,-0.0032806396484375,-0.0018310546875,-0.003662109375,-0.00152587890625,-0.0057220458984375,0.00011444091796875,-0.0022125244140625,-0.00331878662109375,0.001678466796875,-0.0043487548828125,-0.00217437744140625,-0.00202178955078125,-0.0070953369140625,-0.229644775390625,-0.1812744140625,0.18707275390625,0.11810302734375,-0.0238037109375,0.2130126953125,0.4205322265625,0.29052734375,0.1422119140625,0.14404296875,-0.05157470703125,0.11688232421875,-0.04364013671875,0.299072265625,1.076812744140625,-2.843475341796875,-5.155860424041748,1.2499618530273438
660,0.33,-0.0,-0.0,-0.0,-0.0,-0.0,-0.0,-0.0,-0.0,-0.0,-0.0,-0.0,-0.0,-15.080809593200684,-5.608397483825684,-940.0905151367188,247618.8125,11010.248046875,-5544.4873046875,-0.0,-0.0,-0.0,-0.0,-0.0,-0.0,0.00865936279296875,0.009002685546875,0.01697540283203125,0.022735595703125,0.0136566162109375,0.01934051513671875,0.009918212890625,0.030975341796875,0.0081634521484375,0.0110626220703125,0.02681732177734375,0.02452850341796875,0.0189208984375,0.01247406005859375,0.00942230224609375,0.03757476806640625,-0.5694580078125,0.335693359375,0.030059814453125,0.08941650390625,0.031280517578125,0.061492919921875,-0.03692626953125,-0.03265380859375,0.11993408203125,0.13153076171875,0.061187744140625,0.18402099609375,-0.4071044921875,0.035858154296875,3.8720703125,2.829742431640625,6.091273307800293,1.2499618530273438
661,0.3305,-0.0,-0.0,-0.0,-0.0,-0.0,-0.0,-0.0,-0.0,-0.0,-0.0,-0.0,-0.0,-14.85912036895752,-6.536189079284668,-943.4091796875,248629.375,10528.9580078125,-5633.6279296875,-0.0,-0.0,-0.0,-0.0,-0.0,-0.0,0.0014495849609375,0.00392913818359375,0.00347137451171875,0.00621795654296875,0.0048065185546875,0.0035858154296875,-0.00041961669921875,0.0054931640625,0.00293731689453125,0.00217437744140625,0.00492095947265625,0.00110626220703125,0.00423431396484375,0.00125885009765625,-0.0009918212890625,0.0074005126953125,0.39947509765625,0.225677490234375,-0.018768310546875,0.02044677734375,0.13763427734375,-0.0189208984375,0.16326904296875,0.19073486328125,0.10162353515625,0.1153564453125,0.139923095703125,0.116729736328125,0.1373291015625,-0.060882568359375,0.00091552734375,2.805938720703125,6.4080939292907715,1.2499618530273438
662,0.331,-0.0,-0.0,-0.0,-0.0,-0.0,-0.0,-0.0,-0.0,-0.0,-0.0,-0.0,-0.0,-14.637916564941406,-6.402793884277344,-947.9449462890625,249879.953125,9640.7978515625,-5633.408203125,-0.0,-0.0,-0.0,-0.0,-0.0,-0.0,-0.0079345703125,-0.0083160400390625,-0.0168609619140625,-0.02227783203125,-0.015411376953125,-0.0215911865234375,-0.010833740234375,-0.0308990478515625,-0.0096893310546875,-0.010986328125,-0.0250244140625,-0.02384185791015625,-0.01617431640625,-0.01407623291015625,-0.0081634521484375,-0.03925323486328125,0.067596435546875,-0.48614501953125,0.096282958984375,0.067596435546875,0.1068115234375,0.075531005859375,0.18951416015625,0.16021728515625,0.11932373046875,0.19317626953125,0.125732421875,0.0225830078125,0.680999755859375,0.342254638671875,-1.971435546875,-1.10076904296875,-4.680629253387451,1.2499618530273438
663,0.3315,-0.0,-0.0,-0.0,-0.0,-0.0,-0.0,-0.0,-0.0,-0.0,-0.0,-0.0,-0.0,-14.015579223632812,-6.845110893249512,-950.3892822265625,250499.546875,9122.986328125,-5410.6826171875,-0.0,-0.0,-0.0,-0.0,-0.0,-0.0,-0.00041961669921875,-0.0048065185546875,-0.00194549560546875,-0.00301361083984375,-0.003814697265625,-0.00209808349609375,-0.00431060791015625,-0.00438690185546875,-0.00091552734375,-0.00080108642578125,-0.00457763671875,-0.0049591064453125,-0.0048828125,-0.00270843505859375,0.00152587890625,-0.006256103515625,0.256805419921875,0.288238525390625,0.09033203125,0.039825439453125,0.105743408203125,0.052642822265625,0.09002685546875,0.13427734375,0.16937255859375,0.2587890625,0.099639892578125,0.01617431640625,-0.062255859375,0.023956298828125,-1.22039794921875,-2.65838623046875,-4.522219181060791,1.2499618530273438
664,0.332,-0.0,-0.0,-0.0,-0.0,-0.0,-0.0,-0.0,-0.0,-0.0,-0.0,-0.0,-0.0,-12.997686386108398,-6.977413177490234,-950.9188232421875,250903.53125,8539.5107421875,-5113.08251953125,-0.0,-0.0,-0.0,-0.0,-0.0,-0.0,0.00690460205078125,0.0087738037109375,0.01789093017578125,0.02277374267578125,0.01613616943359375,0.01888275146484375,0.0116729736328125,0.02933502197265625,0.0103759765625,0.01018524169921875,0.02471923828125,0.02597808837890625,0.01537322998046875,0.01506805419921875,0.00644683837890625,0.0399017333984375,0.066986083984375,0.2008056640625,0.084686279296875,-0.05218505859375,-0.076904296875,0.091400146484375,-0.07904052734375,0.15472412109375,0.1983642578125,0.13214111328125,-0.00732421875,0.099029541015625,-0.4083251953125,-0.096588134765625,2.967681884765625,1.8780517578125,7.279350757598877,1.2499618530273438
665,0.3325,-0.0,-0.0,-0.0,-0.0,-0.0,-0.0,-0.0,-0.0,-0.0,-0.0,-0.0,-0.0,-11.933005332946777,-6.8463287353515625,-950.91552734375,250864.1875,8017.39697265625,-4830.9140625,-0.0,-0.0,-0.0,-0.0,-0.0,-0.0,0.00171661376953125,0.00560760498046875,0.00457763671875,0.0051116943359375,0.0032806396484375,0.00377655029296875,0.00415802001953125,0.005035400390625,0.00110626220703125,-0.0003814697265625,0.00598907470703125,0.00347137451171875,0.00499725341796875,0.004730224609375,0.00087738037109375,0.007476806640625,0.07720947265625,0.23651123046875,0.010986328125,0.0830078125,0.057220458984375,0.1544189453125,0.408935546875,0.1031494140625,0.1495361328125,0.05462646484375,0.024261474609375,0.077362060546875,0.265960693359375,0.100860595703125,0.7940673828125,3.120880126953125,5.536837100982666,1.2499618530273438
666,0.333,-0.0,-0.0,-0.0,-0.0,-0.0,-0.0,-0.0,-0.0,-0.0,-0.0,-0.0,-0.0,-10.866715431213379,-6.624126434326172,-949.6868286132812,250355.75,7842.15380859375,-4430.06689453125,-0.0,-0.0,-0.0,-0.0,-0.0,-0.0,-0.007781982421875,-0.01068115234375,-0.01506805419921875,-0.0199127197265625,-0.01285552978515625,-0.018768310546875,-0.0096893310546875,-0.03124237060546875,-0.0079345703125,-0.01216888427734375,-0.02422332763671875,-0.02178192138671875,-0.01422882080078125,-0.0141143798828125,-0.0069427490234375,-0.0390625,0.96954345703125,0.0,0.1239013671875,0.196533203125,0.00823974609375,0.13580322265625,0.32135009765625,0.30517578125,0.13824462890625,0.1470947265625,0.091400146484375,0.076446533203125,0.403594970703125,0.298004150390625,-1.6229248046875,-1.447601318359375,-2.066859006881714,1.2499618530273438
667,0.3335,-0.0,-0.0,-0.0,-0.0,-0.0,-0.0,-0.0,-0.0,-0.0,-0.0,-0.0,-0.0,-10.114620208740234,-6.757004737854004,-947.4244995117188,250525.6875,7156.74169921875,-4192.0712890625,-0.0,-0.0,-0.0,-0.0,-0.0,-0.0,-0.0011444091796875,-0.00476837158203125,-0.00255584716796875,-0.00446319580078125,-0.0032806396484375,-0.0041961669921875,-0.0042724609375,-0.00385284423828125,-0.000152587890625,-0.0017547607421875,-0.004425048828125,-0.00408172607421875,-0.0055694580078125,-0.00232696533203125,-0.000457763671875,-0.0054168701171875,-0.355224609375,-0.3265380859375,0.18402099609375,0.15899658203125,0.047760009765625,0.16876220703125,-0.0262451171875,0.12969970703125,0.1580810546875,0.1641845703125,0.150299072265625,0.079803466796875,-0.1226806640625,-0.05218505859375,-0.74188232421875,-2.27142333984375,-3.967782974243164,1.2499618530273438
668,0.334,-0.0,-0.0,-0.0,-0.0,-0.0,-0.0,-0.0,-0.0,-0.0,-0.0,-0.0,-0.0,-9.403343200683594,-6.139768600463867,-947.428466796875,250822.21875,6759.52099609375,-3731.874267578125,-0.0,-0.0,-0.0,-0.0,-0.0,-0.0,0.0067901611328125,0.006256103515625,0.01682281494140625,0.02285003662109375,0.01651763916015625,0.01834869384765625,0.01285552978515625,0.02918243408203125,0.01018524169921875,0.00957489013671875,0.02685546875,0.0250244140625,0.01667022705078125,0.01575469970703125,0.00732421875,0.04047393798828125,-0.1446533203125,0.33477783203125,-0.0433349609375,0.01007080078125,0.082855224609375,0.05615234375,0.107421875,0.05950927734375,0.11627197265625,0.11871337890625,-0.0592041015625,0.0091552734375,-0.8563232421875,-0.033721923828125,3.386688232421875,2.19390869140625,6.091273307800293,1.2499618530273438
669,0.3345,-0.0,-0.0,-0.0,-0.0,-0.0,-0.0,-0.0,-0.0,-0.0,-0.0,-0.0,-0.0,-8.690469741821289,-5.832404613494873,-948.2874755859375,251170.109375,6739.59228515625,-3612.731201171875,-0.0,-0.0,-0.0,-0.0,-0.0,-0.0,0.00324249267578125,0.00690460205078125,0.003509521484375,0.00453948974609375,0.00331878662109375,0.001983642578125,0.00080108642578125,0.00598907470703125,0.00209808349609375,0.00453948974609375,0.0069427490234375,0.00011444091796875,0.0061798095703125,0.0034332275390625,-3.814697265625e-05,0.007171630859375,0.079193115234375,0.227508544921875,0.15625,0.032806396484375,0.142669677734375,-0.023651123046875,0.21514892578125,0.14739990234375,0.13641357421875,0.16998291015625,0.11138916015625,-0.03326416015625,0.38421630859375,0.19683837890625,-0.249176025390625,3.319854736328125,-4.8390398025512695,1.2499618530273438
670,0.335,-0.0,-0.0,-0.0,-0.0,-0.0,-0.0,-0.0,-0.0,-0.0,-0.0,-0.0,-0.0,-8.86878776550293,-5.391043663024902,-945.3302612304688,250811.0625,6031.556640625,-3404.017822265625,-0.0,-0.0,-0.0,-0.0,-0.0,-0.0,-0.00885009765625,-0.0048828125,-0.0160980224609375,-0.02162933349609375,-0.01556396484375,-0.018463134765625,-0.0110626220703125,-0.03143310546875,-0.00946044921875,-0.01369476318359375,-0.02521514892578125,-0.0260162353515625,-0.01453399658203125,-0.0168609619140625,-0.0060272216796875,-0.0402069091796875,-0.22247314453125,0.107879638671875,0.135345458984375,0.187225341796875,-0.431365966796875,0.075225830078125,0.17181396484375,0.10986328125,0.2490234375,0.2593994140625,0.08270263671875,-0.007476806640625,0.7708740234375,-0.028076171875,-3.05511474609375,-1.395721435546875,-2.3836796283721924,1.2499618530273438
671,0.3355,-0.0,-0.0,-0.0,-0.0,-0.0,-0.0,-0.0,-0.0,-0.0,-0.0,-0.0,-0.0,-8.385111808776855,-4.899919509887695,-941.8390502929688,250157.4375,5563.27734375,-3195.875732421875,-0.0,-0.0,-0.0,-0.0,-0.0,-0.0,-0.00339508056640625,-0.00408172607421875,-0.00095367431640625,-0.00270843505859375,-0.002288818359375,-0.00308990478515625,-0.00232696533203125,-0.00553131103515625,-0.0009918212890625,0.00232696533203125,-0.0022125244140625,-0.00034332275390625,-0.00522613525390625,-0.00438690185546875,0.00133514404296875,-0.0054931640625,0.01953125,0.354156494140625,-0.171661376953125,0.0787353515625,0.77789306640625,0.0811767578125,0.16143798828125,0.06439208984375,0.1593017578125,0.147705078125,0.073699951171875,0.1751708984375,0.348968505859375,0.05828857421875,0.215606689453125,-1.841278076171875,-7.294399738311768,1.2499618530273438
672,0.336,-0.0,-0.0,-0.0,-0.0,-0.0,-0.0,-0.0,-0.0,-0.0,-0.0,-0.0,-0.0,-8.119154930114746,-4.944608688354492,-937.8323364257812,249260.234375,5082.0009765625,-3017.6943359375,-0.0,-0.0,-0.0,-0.0,-0.0,-0.0,0.00904083251953125,0.0069427490234375,0.01605987548828125,0.02277374267578125,0.01384735107421875,0.02193450927734375,0.009307861328125,0.0353240966796875,0.01071929931640625,0.0115966796875,0.0254058837890625,0.02712249755859375,0.01636505126953125,0.01438140869140625,0.01068115234375,0.03875732421875,0.883026123046875,-0.054473876953125,0.0677490234375,0.0189208984375,0.201568603515625,0.04669189453125,0.22003173828125,0.26763916015625,0.1251220703125,0.1654052734375,0.24078369140625,0.211029052734375,-0.636444091796875,-0.073089599609375,3.5833740234375,2.4884033203125,7.437760829925537,1.2499618530273438
673,0.3365,-0.0,-0.0,-0.0,-0.0,-0.0,-0.0,-0.0,-0.0,-0.0,-0.0,-0.0,-0.0,-7.93588399887085,-4.7229814529418945,-938.16455078125,249449.390625,4454.2294921875,-2735.935302734375,-0.0,-0.0,-0.0,-0.0,-0.0,-0.0,0.001373291015625,0.00423431396484375,0.0026702880859375,0.0042724609375,0.0037384033203125,0.0034332275390625,0.00579833984375,0.00637054443359375,0.00209808349609375,3.814697265625e-05,0.00629425048828125,0.00812530517578125,0.00469207763671875,0.0030517578125,0.00087738037109375,0.0077056884765625,0.55908203125,-0.133514404296875,0.085906982421875,-0.052947998046875,0.091400146484375,0.09033203125,0.224609375,0.3936767578125,0.2520751953125,0.26641845703125,0.215606689453125,0.196380615234375,0.126190185546875,0.264892578125,2.215118408203125,2.30621337890625,6.012068271636963,1.2499618530273438
674,0.337,-0.0,-0.0,-0.0,-0.0,-0.0,-0.0,-0.0,-0.0,-0.0,-0.0,-0.0,-0.0,-8.117857933044434,-4.769371032714844,-941.1349487304688,250744.421875,3834.750244140625,-2588.305419921875,-0.0,-0.0,-0.0,-0.0,-0.0,-0.0,-0.0084686279296875,-0.00919342041015625,-0.0162506103515625,-0.02285003662109375,-0.01537322998046875,-0.0213623046875,-0.01190185546875,-0.03223419189453125,-0.00934600830078125,-0.012664794921875,-0.0241851806640625,-0.02727508544921875,-0.0157928466796875,-0.016326904296875,-0.0064849853515625,-0.0382232666015625,-0.830078125,-0.2484130859375,0.115203857421875,0.056304931640625,0.067596435546875,0.1275634765625,0.0390625,0.05645751953125,-0.174560546875,-0.17333984375,-0.022125244140625,0.014495849609375,0.51361083984375,0.128631591796875,-2.62603759765625,-2.316436767578125,-2.225269317626953,1.2499618530273438
675,0.3375,-0.0,-0.0,-0.0,-0.0,-0.0,-0.0,-0.0,-0.0,-0.0,-0.0,-0.0,-0.0,-7.806549072265625,-4.727787017822266,-945.6737060546875,252094.328125,3358.169189453125,-2438.05029296875,-0.0,-0.0,-0.0,-0.0,-0.0,-0.0,-0.00225067138671875,-0.005340576171875,-0.00148773193359375,-0.003204345703125,-0.0009918212890625,-0.00194549560546875,-0.00133514404296875,-0.00545501708984375,-0.00457763671875,-0.00354766845703125,-0.0048828125,-0.00019073486328125,-0.00591278076171875,-0.000762939453125,-0.00057220458984375,-0.0072479248046875,-0.41900634765625,0.973968505859375,0.065765380859375,0.145263671875,-0.114288330078125,0.1190185546875,-0.008544921875,-0.025634765625,0.23681640625,0.18829345703125,0.115814208984375,-0.034637451171875,-0.150604248046875,-0.04852294921875,-0.32958984375,-3.42437744140625,-5.235065460205078,1.2499618530273438
676,0.338,-0.0,-0.0,-0.0,-0.0,-0.0,-0.0,-0.0,-0.0,-0.0,-0.0,-0.0,-0.0,-8.557777404785156,-4.286402702331543,-948.6597290039062,252570.484375,2968.45263671875,-2278.041748046875,-0.0,-0.0,-0.0,-0.0,-0.0,-0.0,0.011444091796875,0.0081634521484375,0.01689910888671875,0.02201080322265625,0.0167083740234375,0.01895904541015625,0.01026153564453125,0.03192901611328125,0.01041412353515625,0.0138092041015625,0.02796173095703125,0.02765655517578125,0.017242431640625,0.01445770263671875,0.00446319580078125,0.03925323486328125,0.424041748046875,0.257568359375,-0.055084228515625,0.1318359375,0.12969970703125,0.031280517578125,0.189208984375,0.15228271484375,0.20751953125,0.0738525390625,0.0408935546875,-0.00518798828125,-0.58929443359375,0.060272216796875,3.84368896484375,3.587188720703125,6.962530136108398,1.2499618530273438
677,0.3385,-0.0,-0.0,-0.0,-0.0,-0.0,-0.0,-0.0,-0.0,-0.0,-0.0,-0.0,-0.0,-9.182562828063965,-4.547574520111084,-947.9466552734375,253042.15625,2789.023681640625,-2306.315673828125,-0.0,-0.0,-0.0,-0.0,-0.0,-0.0,0.00244140625,0.004119873046875,0.0040435791015625,0.0057220458984375,0.00156402587890625,0.00308990478515625,0.001983642578125,0.007781982421875,0.0038909912109375,0.0031280517578125,0.00522613525390625,0.00072479248046875,0.0025177001953125,0.00152587890625,0.0020599365234375,0.00885009765625,0.728759765625,-0.079345703125,0.094146728515625,0.146636962890625,0.052337646484375,0.10040283203125,0.2337646484375,0.23651123046875,0.123291015625,0.20477294921875,0.025482177734375,0.193939208984375,0.065460205078125,-0.042724609375,-0.455474853515625,1.84844970703125,6.883325099945068,1.2499618530273438
678,0.339,-0.0,-0.0,-0.0,-0.0,-0.0,-0.0,-0.0,-0.0,-0.0,-0.0,-0.0,-0.0,-10.950591087341309,-4.633787631988525,-947.2401733398438,253078.546875,2714.120849609375,-2676.645751953125,-0.0,-0.0,-0.0,-0.0,-0.0,-0.0,-0.00942230224609375,-0.0077056884765625,-0.0167083740234375,-0.0215911865234375,-0.0148773193359375,-0.01953125,-0.00850677490234375,-0.03063201904296875,-0.00820159912109375,-0.011749267578125,-0.02536773681640625,-0.02742767333984375,-0.01483917236328125,-0.0135040283203125,-0.0070953369140625,-0.0380706787109375,-0.204620361328125,0.052337646484375,0.142669677734375,0.0262451171875,0.06011962890625,0.083770751953125,0.12969970703125,0.17791748046875,0.169677734375,0.19317626953125,0.153656005859375,0.269775390625,0.90728759765625,0.144195556640625,-3.260650634765625,-1.62200927734375,-4.8390398025512695,1.2499618530273438
679,0.3395,-0.0,-0.0,-0.0,-0.0,-0.0,-0.0,-0.0,-0.0,-0.0,-0.0,-0.0,-0.0,-13.258922576904297,-4.551891326904297,-946.541259765625,253437.171875,3027.408447265625,-3137.53662109375,-0.0,-0.0,-0.0,-0.0,-0.0,-0.0,-0.00232696533203125,-0.0055694580078125,-0.00347137451171875,-0.00324249267578125,-0.00240325927734375,-0.0040435791015625,-0.005340576171875,-0.00751495361328125,-0.0016021728515625,-0.001373291015625,-0.00522613525390625,0.0002288818359375,-0.00194549560546875,-0.0031280517578125,-0.0014495849609375,-0.0066375732421875,0.0054931640625,0.009002685546875,0.124969482421875,-0.05828857421875,0.079193115234375,-0.034637451171875,-0.0103759765625,0.11962890625,0.1226806640625,0.0177001953125,0.117645263671875,0.021514892578125,-0.06134033203125,0.0115966796875,0.74188232421875,-0.970611572265625,-8.324066162109375,1.2499618530273438
680,0.34,-0.0,-0.0,-0.0,-0.0,-0.0,-0.0,-0.0,-0.0,-0.0,-0.0,-0.0,-0.0,-16.27022933959961,-4.418416976928711,-948.1258544921875,254288.96875,3350.42333984375,-3778.459716796875,-0.0,-0.0,-0.0,-0.0,-0.0,-0.0,0.00823974609375,0.00637054443359375,0.01739501953125,0.02300262451171875,0.0162506103515625,0.0189971923828125,0.01094818115234375,0.0308990478515625,0.00865936279296875,0.01079559326171875,0.0278472900390625,0.02620697021484375,0.020294189453125,0.01369476318359375,0.007781982421875,0.03757476806640625,-0.159149169921875,0.4022216796875,0.011138916015625,0.0335693359375,0.09063720703125,0.073394775390625,-0.01861572265625,0.15899658203125,0.12237548828125,0.18402099609375,0.1483154296875,-0.142364501953125,-0.914154052734375,0.082550048828125,4.62432861328125,3.1439208984375,7.279350757598877,1.2499618530273438
681,0.3405,-0.0,-0.0,-0.0,-0.0,-0.0,-0.0,-0.0,-0.0,-0.0,-0.0,-0.0,-0.0,-17.253034591674805,-3.3634674549102783,-951.4381103515625,255815.453125,3680.443115234375,-4283.12451171875,-0.0,-0.0,-0.0,-0.0,-0.0,-0.0,0.00171661376953125,0.00667572021484375,0.003204345703125,0.0043487548828125,0.003509521484375,0.00461578369140625,0.00232696533203125,0.00308990478515625,0.002288818359375,0.001373291015625,0.00659942626953125,0.00171661376953125,0.003509521484375,0.00354766845703125,0.00087738037109375,0.00637054443359375,-0.04852294921875,-0.3411865234375,0.07965087890625,0.114898681640625,0.052032470703125,0.11474609375,-0.0787353515625,0.09735107421875,0.21575927734375,0.13092041015625,0.017547607421875,-0.036773681640625,0.287933349609375,0.081787109375,0.08880615234375,1.87225341796875,7.279350757598877,1.2499618530273438
682,0.341,-0.0,-0.0,-0.0,-0.0,-0.0,-0.0,-0.0,-0.0,-0.0,-0.0,-0.0,-0.0,-18.005714416503906,-0.8480291366577148,-953.3534545898438,257363.734375,3780.56787109375,-4566.8818359375,-0.0,-0.0,-0.0,-0.0,-0.0,-0.0,-0.0102996826171875,-0.01140594482421875,-0.0159454345703125,-0.0208282470703125,-0.0146484375,-0.0177764892578125,-0.01209259033203125,-0.03143310546875,-0.009613037109375,-0.01434326171875,-0.0266265869140625,-0.0270843505859375,-0.0165557861328125,-0.0148773193359375,-0.00396728515625,-0.038909912109375,-0.040130615234375,0.552215576171875,0.050201416015625,0.169830322265625,0.056915283203125,0.13671875,0.11199951171875,0.06439208984375,0.13519287109375,-0.17730712890625,0.02227783203125,0.084991455078125,0.434112548828125,0.037689208984375,-2.880401611328125,-1.986083984375,-2.3836796283721924,1.2499618530273438
683,0.3415,-0.0,-0.0,-0.0,-0.0,-0.0,-0.0,-0.0,-0.0,-0.0,-0.0,-0.0,-0.0,-18.140026092529297,1.5443063974380493,-956.6649780273438,259152.15625,3657.529052734375,-4637.43310546875,-0.0,-0.0,-0.0,-0.0,-0.0,-0.0,-0.0022125244140625,-0.000762939453125,-0.003814697265625,-0.00499725341796875,-0.0018310546875,-0.00209808349609375,0.00030517578125,-0.0055694580078125,0.00011444091796875,-0.00392913818359375,-0.00095367431640625,-0.00034332275390625,-0.0031280517578125,-0.001678466796875,-0.00232696533203125,-0.0067138671875,0.587158203125,0.021820068359375,0.009918212890625,0.034332275390625,-0.004730224609375,0.073699951171875,-0.0128173828125,0.1409912109375,0.11932373046875,0.19561767578125,0.04974365234375,0.17364501953125,0.264892578125,0.276641845703125,0.3082275390625,-1.103668212890625,-6.343937873840332,1.2499618530273438
684,0.342,-0.0,-0.0,-0.0,-0.0,-0.0,-0.0,-0.0,-0.0,-0.0,-0.0,-0.0,-0.0,-18.188518524169922,3.9716804027557373,-957.1825561523438,260604.859375,3746.643798828125,-4819.37890625,-0.0,-0.0,-0.0,-0.0,-0.0,-0.0,0.0090789794921875,0.0081634521484375,0.0171661376953125,0.02223968505859375,0.01537322998046875,0.01918792724609375,0.01262664794921875,0.03124237060546875,0.011444091796875,0.011749267578125,0.02819061279296875,0.0252532958984375,0.01708984375,0.01468658447265625,0.008697509765625,0.0383758544921875,0.697784423828125,-0.18951416015625,0.120391845703125,0.033416748046875,0.097808837890625,0.117645263671875,0.45562744140625,0.2130126953125,0.1513671875,0.16143798828125,0.21820068359375,0.176239013671875,-0.67657470703125,0.022735595703125,3.097381591796875,2.648773193359375,8.071402549743652,1.2499618530273438
685,0.3425,-0.0,-0.0,-0.0,-0.0,-0.0,-0.0,-0.0,-0.0,-0.0,-0.0,-0.0,-0.0,-18.179859161376953,6.262101650238037,-960.1669921875,261924.109375,3541.438720703125,-4963.27685546875,-0.0,-0.0,-0.0,-0.0,-0.0,-0.0,-0.00091552734375,0.00576019287109375,0.00247955322265625,0.00514984130859375,0.0041961669921875,0.00396728515625,0.0025177001953125,0.00453948974609375,0.0002288818359375,0.00118255615234375,0.00553131103515625,-0.00255584716796875,0.0040435791015625,0.00339508056640625,-0.0009918212890625,0.005950927734375,-0.689544677734375,0.181732177734375,0.1617431640625,0.026702880859375,-0.042877197265625,0.064239501953125,0.1953125,0.05279541015625,0.13427734375,0.24749755859375,0.07415771484375,0.07049560546875,0.3485107421875,-0.02227783203125,-0.26123046875,2.09014892578125,6.091273307800293,1.2499618530273438
686,0.343,-0.0,-0.0,-0.0,-0.0,-0.0,-0.0,-0.0,-0.0,-0.0,-0.0,-0.0,-0.0,-17.919578552246094,7.638328552246094,-959.6728515625,262648.6875,2604.685791015625,-5188.68798828125,-0.0,-0.0,-0.0,-0.0,-0.0,-0.0,-0.00965118408203125,-0.00637054443359375,-0.0183868408203125,-0.0209808349609375,-0.01567840576171875,-0.01781463623046875,-0.0095367431640625,-0.02933502197265625,-0.00827789306640625,-0.0096893310546875,-0.02506256103515625,-0.0249481201171875,-0.01697540283203125,-0.01369476318359375,-0.004119873046875,-0.03856658935546875,-0.534210205078125,0.492095947265625,0.08880615234375,0.12542724609375,0.42816162109375,0.06195068359375,0.0799560546875,-0.07568359375,0.18280029296875,0.235595703125,0.088653564453125,0.134735107421875,0.580902099609375,0.055389404296875,-2.16339111328125,-2.19635009765625,-4.99744987487793,1.2499618530273438
687,0.3435,-0.0,-0.0,-0.0,-0.0,-0.0,-0.0,-0.0,-0.0,-0.0,-0.0,-0.0,-0.0,-16.289480209350586,7.988396644592285,-960.877685546875,263579.34375,1588.1304931640625,-4832.60205078125,-0.0,-0.0,-0.0,-0.0,-0.0,-0.0,-0.001373291015625,-0.00530242919921875,-0.00171661376953125,-0.00331878662109375,-0.002288818359375,-0.00244140625,-0.0034332275390625,-0.00690460205078125,-0.00278472900390625,-0.0016021728515625,-0.00194549560546875,0.00064849853515625,-0.0032806396484375,-0.00301361083984375,-0.0011444091796875,-0.00774383544921875,0.10955810546875,0.207977294921875,0.03021240234375,0.180816650390625,0.040740966796875,0.0054931640625,0.14373779296875,0.23162841796875,0.1629638671875,0.16510009765625,-0.0872802734375,0.079345703125,0.05950927734375,0.228118896484375,0.93597412109375,-1.99615478515625,-5.3934760093688965,1.2499618530273438
688,0.34400000000000003,-0.0,-0.0,-0.0,-0.0,-0.0,-0.0,-0.0,-0.0,-0.0,-0.0,-0.0,-0.0,-13.31309986114502,8.226824760437012,-960.684326171875,264426.5625,266.21966552734375,-4366.90869140625,-0.0,-0.0,-0.0,-0.0,-0.0,-0.0,0.009002685546875,0.0106048583984375,0.0177764892578125,0.0238037109375,0.01739501953125,0.01941680908203125,0.0104522705078125,0.030059814453125,0.00934600830078125,0.010528564453125,0.02590179443359375,0.025482177734375,0.019989013671875,0.01720428466796875,0.00499725341796875,0.0390625,0.182342529296875,0.08514404296875,0.0408935546875,0.118255615234375,-0.034637451171875,0.103912353515625,0.107421875,0.21209716796875,0.0982666015625,0.10406494140625,-0.0225830078125,0.0408935546875,-0.441131591796875,-0.090789794921875,2.6043701171875,3.304443359375,5.140811443328857,1.2499618530273438
689,0.34450000000000003,-0.0,-0.0,-0.0,-0.0,-0.0,-0.0,-0.0,-0.0,-0.0,-0.0,-0.0,-0.0,-10.346563339233398,7.468198776245117,-961.71826171875,264833.46875,-1112.0687255859375,-3638.744873046875,-0.0,-0.0,-0.0,-0.0,-0.0,-0.0,0.0020599365234375,0.005950927734375,0.00453948974609375,0.0037384033203125,0.00209808349609375,0.00362396240234375,0.00331878662109375,0.006866455078125,0.00293731689453125,0.00156402587890625,0.006561279296875,0.0012969970703125,0.00301361083984375,0.00324249267578125,0.00217437744140625,0.00736236572265625,0.380401611328125,0.037078857421875,0.08209228515625,0.029754638671875,0.063629150390625,0.031585693359375,-0.02655029296875,0.06011962890625,0.1519775390625,0.15289306640625,0.091094970703125,0.04547119140625,0.303192138671875,0.013580322265625,0.623779296875,2.55096435546875,6.72491455078125,1.2499618530273438
690,0.34500000000000003,-0.0,-0.0,-0.0,-0.0,-0.0,-0.0,-0.0,-0.0,-0.0,-0.0,-0.0,-0.0,-7.366504192352295,6.359161376953125,-958.7841186523438,264929.59375,-2397.68359375,-2895.281005859375,-0.0,-0.0,-0.0,-0.0,-0.0,-0.0,-0.0087738037109375,-0.00823974609375,-0.0183868408203125,-0.02124786376953125,-0.016937255859375,-0.01880645751953125,-0.00965118408203125,-0.030059814453125,-0.01007080078125,-0.0119781494140625,-0.023651123046875,-0.0237274169921875,-0.01384735107421875,-0.015869140625,-0.0055694580078125,-0.03871917724609375,0.30487060546875,0.011749267578125,0.01800537109375,0.059051513671875,0.077056884765625,0.053253173828125,0.12786865234375,0.1788330078125,0.13946533203125,0.20477294921875,0.108184814453125,-0.0201416015625,0.652923583984375,0.281829833984375,-1.529388427734375,-0.68817138671875,-4.8390398025512695,1.2499618530273438
691,0.34550000000000003,-0.0,-0.0,-0.0,-0.0,-0.0,-0.0,-0.0,-0.0,-0.0,-0.0,-0.0,-0.0,-4.836533069610596,5.645438194274902,-956.1588134765625,264536.8125,-3717.334716796875,-2360.89697265625,-0.0,-0.0,-0.0,-0.0,-0.0,-0.0,-0.0009918212890625,-0.00736236572265625,-0.00225067138671875,-0.0012969970703125,-0.00152587890625,-0.00469207763671875,-0.002288818359375,-0.0054168701171875,-0.00125885009765625,-0.0006866455078125,-0.00301361083984375,-0.0005340576171875,-0.0077056884765625,-0.0034332275390625,-0.0020599365234375,-0.005645751953125,0.238800048828125,0.061187744140625,0.058135986328125,0.113677978515625,0.072784423828125,0.09796142578125,0.29266357421875,0.25726318359375,0.19561767578125,0.08148193359375,0.061798095703125,0.09979248046875,-0.00457763671875,0.053863525390625,-0.54656982421875,-3.41094970703125,-5.472681045532227,1.2499618530273438
692,0.34600000000000003,-0.0,-0.0,-0.0,-0.0,-0.0,-0.0,-0.0,-0.0,-0.0,-0.0,-0.0,-0.0,-3.15484356880188,4.673601150512695,-951.2857055664062,263860.96875,-4695.5869140625,-2109.705078125,-0.0,-0.0,-0.0,-0.0,-0.0,-0.0,0.0104522705078125,0.0064849853515625,0.01735687255859375,0.02193450927734375,0.0159454345703125,0.01773834228515625,0.0092315673828125,0.03204345703125,0.01064300537109375,0.0116729736328125,0.0244140625,0.02315521240234375,0.01750946044921875,0.0139617919921875,0.005340576171875,0.0394439697265625,-0.172119140625,-0.230255126953125,0.1190185546875,0.027923583984375,0.063629150390625,0.18463134765625,0.181884765625,0.30059814453125,0.1092529296875,0.311279296875,0.10772705078125,0.050811767578125,-0.56182861328125,-0.147705078125,2.35595703125,2.96600341796875,6.091273307800293,1.2499618530273438
693,0.34650000000000003,-0.0,-0.0,-0.0,-0.0,-0.0,-0.0,-0.0,-0.0,-0.0,-0.0,-0.0,-0.0,-2.2177696228027344,4.112667560577393,-948.8270263671875,263663.4375,-5258.8017578125,-2064.100830078125,-0.0,-0.0,-0.0,-0.0,-0.0,-0.0,0.00354766845703125,0.00522613525390625,0.00270843505859375,0.00370025634765625,0.00179290771484375,0.0031280517578125,0.0018310546875,0.00720977783203125,0.00263214111328125,0.0031280517578125,0.00354766845703125,0.00476837158203125,0.0046539306640625,0.00209808349609375,-0.00034332275390625,0.00896453857421875,0.24932861328125,0.171661376953125,0.146942138671875,0.029296875,0.036163330078125,0.06072998046875,-0.03387451171875,0.0927734375,0.09796142578125,0.02288818359375,0.142364501953125,-0.053253173828125,0.128326416015625,-0.019378662109375,2.052001953125,3.97003173828125,5.378426551818848,1.2499618530273438
694,0.34700000000000003,-0.0,-0.0,-0.0,-0.0,-0.0,-0.0,-0.0,-0.0,-0.0,-0.0,-0.0,-0.0,-1.5080833435058594,4.719275951385498,-946.8679809570312,263468.15625,-5490.8037109375,-2090.524169921875,-0.0,-0.0,-0.0,-0.0,-0.0,-0.0,-0.0093841552734375,-0.0066375732421875,-0.0177764892578125,-0.02193450927734375,-0.0153350830078125,-0.0193023681640625,-0.0101470947265625,-0.030670166015625,-0.0083160400390625,-0.01220703125,-0.02285003662109375,-0.0251007080078125,-0.01857757568359375,-0.01338958740234375,-0.0066375732421875,-0.038909912109375,0.19012451171875,0.186004638671875,0.091552734375,0.156402587890625,0.039215087890625,0.078277587890625,0.21881103515625,0.2685546875,0.1947021484375,-0.1837158203125,0.198516845703125,0.092620849609375,0.54290771484375,0.237579345703125,-1.819915771484375,-2.450408935546875,-8.561681747436523,1.2499618530273438
695,0.34750000000000003,-0.0,-0.0,-0.0,-0.0,-0.0,-0.0,-0.0,-0.0,-0.0,-0.0,-0.0,-0.0,-1.7113038301467896,6.001769065856934,-944.1221923828125,263707.34375,-5477.90478515625,-2372.81591796875,-0.0,-0.0,-0.0,-0.0,-0.0,-0.0,-0.00148773193359375,-0.0045013427734375,-0.00286102294921875,-0.0022125244140625,-0.003814697265625,-0.00377655029296875,-0.00347137451171875,-0.0057220458984375,0.00049591064453125,0.00087738037109375,-0.00301361083984375,-0.0042724609375,-0.00701904296875,-0.0038909912109375,-0.00019073486328125,-0.00621795654296875,-0.124359130859375,0.158538818359375,0.084991455078125,0.06134033203125,0.13275146484375,0.026702880859375,0.06866455078125,0.06256103515625,0.15838623046875,0.47515869140625,0.01007080078125,0.18463134765625,-0.0335693359375,0.135345458984375,-1.18377685546875,-4.282989501953125,-1.9876537322998047,1.2499618530273438
696,0.34800000000000003,-0.0,-0.0,-0.0,-0.0,-0.0,-0.0,-0.0,-0.0,-0.0,-0.0,-0.0,-0.0,-2.71193528175354,7.461106300354004,-939.9325561523438,262680.3125,-4797.6826171875,-2668.40234375,-0.0,-0.0,-0.0,-0.0,-0.0,-0.0,0.009613037109375,0.00675201416015625,0.0165557861328125,0.02056121826171875,0.0157928466796875,0.0189971923828125,0.01201629638671875,0.030975341796875,0.0112152099609375,0.0109100341796875,0.025482177734375,0.02483367919921875,0.0173187255859375,0.01514434814453125,0.0060272216796875,0.03963470458984375,0.04425048828125,0.088348388671875,0.04730224609375,0.0909423828125,0.093994140625,0.01922607421875,0.21820068359375,-0.02349853515625,0.19134521484375,0.08392333984375,0.06744384765625,0.125579833984375,-0.54351806640625,-0.07171630859375,3.18756103515625,2.5567626953125,6.72491455078125,1.2499618530273438
697,0.34850000000000003,-0.0,-0.0,-0.0,-0.0,-0.0,-0.0,-0.0,-0.0,-0.0,-0.0,-0.0,-0.0,-4.25811767578125,7.776577949523926,-930.15673828125,260640.953125,-4218.0888671875,-3039.46630859375,-0.0,-0.0,-0.0,-0.0,-0.0,-0.0,0.00232696533203125,0.00457763671875,0.0026702880859375,0.004730224609375,0.00431060791015625,0.00484466552734375,0.0064849853515625,0.00514984130859375,-0.000152587890625,0.0023651123046875,0.00545501708984375,0.00396728515625,0.01026153564453125,0.0040435791015625,0.00057220458984375,0.005340576171875,0.17608642578125,-0.08148193359375,0.03692626953125,0.07904052734375,0.067596435546875,0.093536376953125,0.19622802734375,0.15533447265625,0.133056640625,0.5047607421875,0.030517578125,0.0762939453125,0.092315673828125,0.21087646484375,1.0174560546875,4.999847412109375,5.932862758636475,1.2499618530273438
698,0.34900000000000003,-0.0,-0.0,-0.0,-0.0,-0.0,-0.0,-0.0,-0.0,-0.0,-0.0,-0.0,-0.0,-6.20531702041626,7.31744384765625,-919.0020141601562,257892.453125,-3085.2158203125,-3519.969482421875,-0.0,-0.0,-0.0,-0.0,-0.0,-0.0,-0.0081634521484375,-0.00766754150390625,-0.016937255859375,-0.0213623046875,-0.013885498046875,-0.0199127197265625,-0.01232147216796875,-0.0305938720703125,-0.00995635986328125,-0.01079559326171875,-0.02422332763671875,-0.0266265869140625,-0.01888275146484375,-0.0133514404296875,-0.0086212158203125,-0.0384521484375,0.334625244140625,0.052490234375,0.060577392578125,0.066070556640625,0.086822509765625,0.0958251953125,0.2764892578125,0.52093505859375,0.125732421875,0.15045166015625,0.034027099609375,0.05645751953125,0.62164306640625,0.103759765625,-3.853912353515625,-2.655029296875,-4.7598347663879395,1.2499618530273438
699,0.34950000000000003,-0.0,-0.0,-0.0,-0.0,-0.0,-0.0,-0.0,-0.0,-0.0,-0.0,-0.0,-0.0,-7.928228378295898,5.489549160003662,-906.9661254882812,254375.46875,-1922.615478515625,-3770.05419921875,-0.0,-0.0,-0.0,-0.0,-0.0,-0.0,-0.001983642578125,-0.00354766845703125,-0.00370025634765625,-0.00453948974609375,-0.0018310546875,-0.00255584716796875,-0.00171661376953125,-0.00457763671875,-0.0026702880859375,-0.0028228759765625,-0.00461578369140625,-0.0040435791015625,-0.00701904296875,-0.00141143798828125,-0.000457763671875,-0.0058746337890625,0.012054443359375,-0.1153564453125,0.07537841796875,0.096282958984375,0.05828857421875,0.091400146484375,0.18096923828125,0.0994873046875,0.19866943359375,0.18218994140625,0.10345458984375,0.0457763671875,0.2606201171875,-0.048828125,-1.229400634765625,-4.753570556640625,-7.056784629821777,1.2499618530273438
700,0.35000000000000003,-0.0,-0.0,-0.0,-0.0,-0.0,-0.0,-0.0,-0.0,-0.0,-0.0,-0.0,-0.0,-9.085798263549805,3.839651346206665,-894.7843627929688,250670.828125,-918.1109008789062,-3907.094482421875,-0.0,-0.0,-0.0,-0.0,-0.0,-0.0,0.008697509765625,0.00888824462890625,0.01674652099609375,0.0244903564453125,0.0157928466796875,0.0220489501953125,0.00972747802734375,0.03078460693359375,0.01110076904296875,0.010986328125,0.02529144287109375,0.0260162353515625,0.0212860107421875,0.01384735107421875,0.009002685546875,0.03765106201171875,0.08544921875,0.121307373046875,0.0848388671875,0.09674072265625,0.096435546875,0.09979248046875,0.14892578125,0.09552001953125,0.10986328125,0.1116943359375,0.11627197265625,0.107879638671875,-0.558013916015625,-0.184783935546875,3.548583984375,3.35235595703125,7.516966342926025,1.2499618530273438
701,0.35050000000000003,-0.0,-0.0,-0.0,-0.0,-0.0,-0.0,-0.0,-0.0,-0.0,-0.0,-0.0,-0.0,-10.029105186462402,1.9848551750183105,-879.2202758789062,246377.671875,-545.8338012695312,-3969.1787109375,-0.0,-0.0,-0.0,-0.0,-0.0,-0.0,0.00110626220703125,0.00461578369140625,0.00396728515625,0.003509521484375,0.00522613525390625,0.0030517578125,0.0018310546875,0.005035400390625,0.00324249267578125,0.0018310546875,0.00522613525390625,0.0067138671875,0.0049591064453125,0.0037384033203125,0.00152587890625,0.00759124755859375,0.37445068359375,0.22979736328125,0.057220458984375,0.05584716796875,-0.274810791015625,0.016632080078125,0.0677490234375,0.39947509765625,0.16357421875,0.09765625,0.117034912109375,0.19256591796875,0.07110595703125,0.077362060546875,2.7838134765625,3.46160888671875,4.190349102020264,1.2499618530273438
702,0.35100000000000003,-0.0,-0.0,-0.0,-0.0,-0.0,-0.0,-0.0,-0.0,-0.0,-0.0,-0.0,-0.0,-10.103293418884277,0.8511732816696167,-865.420166015625,242563.34375,-332.46820068359375,-3877.312744140625,-0.0,-0.0,-0.0,-0.0,-0.0,-0.0,-0.008544921875,-0.0093841552734375,-0.01689910888671875,-0.02132415771484375,-0.0140380859375,-0.01964569091796875,-0.00823974609375,-0.031280517578125,-0.009613037109375,-0.01049041748046875,-0.02288818359375,-0.0251007080078125,-0.016937255859375,-0.01251220703125,-0.0077056884765625,-0.0368499755859375,0.06134033203125,0.012969970703125,0.126495361328125,0.051422119140625,0.269775390625,0.033721923828125,0.1959228515625,0.2008056640625,0.264892578125,0.23284912109375,0.1031494140625,0.05462646484375,0.6292724609375,0.144195556640625,-2.51739501953125,-1.92596435546875,-3.888577699661255,1.2499618530273438
703,0.35150000000000003,-0.0,-0.0,-0.0,-0.0,-0.0,-0.0,-0.0,-0.0,-0.0,-0.0,-0.0,-0.0,-8.959789276123047,0.9248796105384827,-851.8047485351562,238328.5,-526.0471801757812,-3584.84912109375,-0.0,-0.0,-0.0,-0.0,-0.0,-0.0,-0.0002288818359375,-0.0042724609375,-0.00087738037109375,-0.0031280517578125,-0.0042724609375,-0.00274658203125,-0.00347137451171875,-0.006103515625,-0.0016021728515625,0.0014495849609375,-0.00457763671875,-0.00530242919921875,-0.00614166259765625,-0.0026702880859375,0.0020599365234375,-0.0064849853515625,-0.146942138671875,0.029754638671875,0.0701904296875,0.030364990234375,0.502777099609375,0.08636474609375,0.0177001953125,0.0579833984375,0.12481689453125,0.0860595703125,0.00457763671875,0.00030517578125,-0.066986083984375,0.0103759765625,-1.030120849609375,-3.52752685546875,-6.6607584953308105,1.2499618530273438
704,0.352,-0.0,-0.0,-0.0,-0.0,-0.0,-0.0,-0.0,-0.0,-0.0,-0.0,-0.0,-0.0,-6.402480125427246,1.1431031227111816,-839.6895751953125,235302.359375,-832.1256713867188,-2839.737548828125,-0.0,-0.0,-0.0,-0.0,-0.0,-0.0,0.01010894775390625,0.00774383544921875,0.01708984375,0.02208709716796875,0.0150299072265625,0.0186920166015625,0.0125885009765625,0.03143310546875,0.011138916015625,0.01220703125,0.02620697021484375,0.02750396728515625,0.0189971923828125,0.01804351806640625,0.00675201416015625,0.03993988037109375,0.071563720703125,0.1739501953125,0.049285888671875,0.1080322265625,0.115966796875,0.11322021484375,0.284423828125,-0.13763427734375,-0.2197265625,0.233154296875,0.05615234375,0.062713623046875,-0.5963134765625,0.22552490234375,3.886871337890625,4.3292236328125,6.566504001617432,1.2499618530273438
705,0.3525,-0.0,-0.0,-0.0,-0.0,-0.0,-0.0,-0.0,-0.0,-0.0,-0.0,-0.0,-0.0,-3.1622798442840576,1.626157283782959,-827.8385009765625,231760.8125,-1155.4093017578125,-1884.6298828125,-0.0,-0.0,-0.0,-0.0,-0.0,-0.0,0.001373291015625,0.00492095947265625,0.00537872314453125,0.0035858154296875,0.0046539306640625,0.002899169921875,0.003509521484375,0.00698089599609375,0.0028228759765625,0.0018310546875,0.00408172607421875,0.003662109375,0.00446319580078125,0.00377655029296875,0.0026702880859375,0.0078582763671875,0.686492919921875,0.029296875,0.041351318359375,0.08209228515625,0.085601806640625,0.11474609375,0.355224609375,0.5572509765625,0.166015625,0.19561767578125,0.030364990234375,0.153350830078125,-0.011749267578125,0.00701904296875,1.466827392578125,3.5968017578125,3.794323444366455,1.2499618530273438
706,0.353,-0.0,-0.0,-0.0,-0.0,-0.0,-0.0,-0.0,-0.0,-0.0,-0.0,-0.0,-0.0,-0.8871078491210938,1.761088490486145,-817.1998901367188,228515.046875,-1217.3333740234375,-1439.787109375,-0.0,-0.0,-0.0,-0.0,-0.0,-0.0,-0.00782012939453125,-0.00705718994140625,-0.0157928466796875,-0.0213623046875,-0.01430511474609375,-0.0202178955078125,-0.01201629638671875,-0.02986907958984375,-0.010223388671875,-0.01262664794921875,-0.02582550048828125,-0.027313232421875,-0.02010345458984375,-0.01308441162109375,-0.0080108642578125,-0.0379180908203125,-0.037994384765625,-0.205230712890625,0.13946533203125,0.07965087890625,0.05706787109375,0.14556884765625,0.18646240234375,0.24078369140625,0.1019287109375,0.18798828125,0.08758544921875,0.13671875,0.8856201171875,0.112457275390625,-3.988494873046875,-2.681732177734375,-3.967782974243164,1.2499618530273438
707,0.3535,-0.0,-0.0,-0.0,-0.0,-0.0,-0.0,-0.0,-0.0,-0.0,-0.0,-0.0,-0.0,0.17196986079216003,1.8799189329147339,-807.652099609375,225896.15625,-1465.19189453125,-1025.5440673828125,-0.0,-0.0,-0.0,-0.0,-0.0,-0.0,-0.0011444091796875,-0.00438690185546875,-0.00385284423828125,-0.00255584716796875,-0.001678466796875,-0.00255584716796875,-0.00347137451171875,-0.00652313232421875,-0.00156402587890625,-0.00164031982421875,-0.00392913818359375,-0.00141143798828125,-0.0057220458984375,-0.002899169921875,-0.001678466796875,-0.0054168701171875,-0.442352294921875,-0.06103515625,0.03448486328125,0.0775146484375,0.1263427734375,0.057373046875,0.08514404296875,0.04425048828125,0.39947509765625,0.0775146484375,0.088043212890625,0.00946044921875,0.209808349609375,0.166168212890625,-0.324249267578125,-3.97552490234375,-2.9381158351898193,1.2499618530273438
708,0.354,-0.0,-0.0,-0.0,-0.0,-0.0,-0.0,-0.0,-0.0,-0.0,-0.0,-0.0,-0.0,0.9646152853965759,2.426057815551758,-801.1394653320312,224400.875,-1926.4664306640625,-771.8359375,-0.0,-0.0,-0.0,-0.0,-0.0,-0.0,0.01033782958984375,0.0043487548828125,0.01728057861328125,0.02132415771484375,0.0168609619140625,0.01766204833984375,0.0122833251953125,0.0307464599609375,0.0080108642578125,0.01102447509765625,0.02399444580078125,0.02826690673828125,0.01537322998046875,0.01674652099609375,0.00545501708984375,0.04058837890625,-0.124664306640625,0.77850341796875,0.012054443359375,0.081787109375,-0.084381103515625,-0.026092529296875,0.0347900390625,-0.02593994140625,0.23773193359375,0.2032470703125,0.077362060546875,-0.04241943359375,-0.90728759765625,-0.027618408203125,3.873291015625,2.05078125,6.962530136108398,1.2499618530273438
709,0.3545,-0.0,-0.0,-0.0,-0.0,-0.0,-0.0,-0.0,-0.0,-0.0,-0.0,-0.0,-0.0,2.15339994430542,3.155346393585205,-798.509765625,223368.484375,-2439.41015625,-412.9635925292969,-0.0,-0.0,-0.0,-0.0,-0.0,-0.0,0.00225067138671875,0.004425048828125,0.00164031982421875,0.00316619873046875,0.00385284423828125,0.00598907470703125,0.00316619873046875,0.00640869140625,0.00072479248046875,0.0026702880859375,0.00385284423828125,0.00293731689453125,0.00858306884765625,0.00396728515625,0.00030517578125,0.0054931640625,0.378570556640625,-0.0018310546875,0.064544677734375,0.023193359375,-0.044403076171875,0.04913330078125,0.0115966796875,0.10101318359375,0.15594482421875,0.18646240234375,0.115203857421875,0.0311279296875,0.030517578125,0.009918212890625,1.548309326171875,3.813629150390625,5.8536577224731445,1.2499618530273438
710,0.355,-0.0,-0.0,-0.0,-0.0,-0.0,-0.0,-0.0,-0.0,-0.0,-0.0,-0.0,-0.0,4.175206661224365,3.2736763954162598,-796.3692016601562,222766.28125,-2878.86474609375,229.19020080566406,-0.0,-0.0,-0.0,-0.0,-0.0,-0.0,-0.00980377197265625,-0.00823974609375,-0.01941680908203125,-0.0205230712890625,-0.015716552734375,-0.01941680908203125,-0.01079559326171875,-0.03101348876953125,-0.00640869140625,-0.012359619140625,-0.02483367919921875,-0.02803802490234375,-0.01735687255859375,-0.014495849609375,-0.0067901611328125,-0.0380706787109375,-0.006256103515625,-0.01068115234375,0.058441162109375,0.0396728515625,0.06317138671875,0.038604736328125,0.2142333984375,0.0897216796875,0.17364501953125,0.2581787109375,0.166015625,0.15350341796875,0.31341552734375,0.01708984375,-2.5396728515625,-2.36297607421875,-8.086451530456543,1.2499618530273438
711,0.3555,-0.0,-0.0,-0.0,-0.0,-0.0,-0.0,-0.0,-0.0,-0.0,-0.0,-0.0,-0.0,6.369328022003174,3.721357583999634,-796.6011352539062,222534.84375,-3436.11572265625,662.0628662109375,-0.0,-0.0,-0.0,-0.0,-0.0,-0.0,-0.0002288818359375,-0.0028228759765625,-0.00213623046875,-0.0037384033203125,-0.00030517578125,-0.0035858154296875,-0.000762939453125,-0.00560760498046875,-0.001220703125,-0.00171661376953125,-0.00457763671875,-0.0014495849609375,-0.00331878662109375,-0.00164031982421875,-0.000457763671875,-0.0070953369140625,-0.08636474609375,0.068206787109375,0.128173828125,0.16998291015625,0.045166015625,0.150146484375,0.2606201171875,0.47515869140625,0.0067138671875,0.04180908203125,0.076751708984375,0.126800537109375,0.31951904296875,0.266265869140625,-0.034637451171875,-2.56011962890625,-5.551886081695557,1.2499618530273438
712,0.356,-0.0,-0.0,-0.0,-0.0,-0.0,-0.0,-0.0,-0.0,-0.0,-0.0,-0.0,-0.0,8.196696281433105,4.015632629394531,-796.5537719726562,222725.484375,-3908.9736328125,1136.100830078125,-0.0,-0.0,-0.0,-0.0,-0.0,-0.0,0.01094818115234375,0.00637054443359375,0.01834869384765625,0.02124786376953125,0.01567840576171875,0.02033233642578125,0.01155853271484375,0.0308990478515625,0.00972747802734375,0.013427734375,0.026397705078125,0.02460479736328125,0.01720428466796875,0.0151824951171875,0.0055694580078125,0.040130615234375,0.45379638671875,0.04150390625,0.107269287109375,0.137481689453125,0.037078857421875,0.04638671875,0.2496337890625,0.11016845703125,0.4156494140625,0.04241943359375,0.088348388671875,0.052642822265625,-0.745849609375,0.058441162109375,2.250518798828125,2.94525146484375,5.8536577224731445,1.2499618530273438
713,0.3565,-0.0,-0.0,-0.0,-0.0,-0.0,-0.0,-0.0,-0.0,-0.0,-0.0,-0.0,-0.0,10.100725173950195,4.604978084564209,-798.3472900390625,222896.828125,-4090.021728515625,1528.85107421875,-0.0,-0.0,-0.0,-0.0,-0.0,-0.0,3.814697265625e-05,0.0066375732421875,0.0054168701171875,0.004119873046875,0.003814697265625,0.0029754638671875,0.0043487548828125,0.00362396240234375,0.00316619873046875,0.0022125244140625,0.00537872314453125,0.001983642578125,0.004425048828125,0.00255584716796875,0.00087738037109375,0.00774383544921875,0.003662109375,0.492095947265625,0.07843017578125,0.010223388671875,0.09490966796875,0.009918212890625,-0.078125,0.1495361328125,0.198974609375,0.2117919921875,-0.00274658203125,0.043182373046875,0.32135009765625,-0.08148193359375,0.572967529296875,3.87420654296875,5.7744526863098145,1.2499618530273438
714,0.357,-0.0,-0.0,-0.0,-0.0,-0.0,-0.0,-0.0,-0.0,-0.0,-0.0,-0.0,-0.0,11.21876335144043,5.4822187423706055,-797.9240112304688,222702.109375,-4113.35107421875,1668.4500732421875,-0.0,-0.0,-0.0,-0.0,-0.0,-0.0,-0.0096893310546875,-0.0067138671875,-0.01667022705078125,-0.02010345458984375,-0.01495361328125,-0.01956939697265625,-0.01026153564453125,-0.0324249267578125,-0.00942230224609375,-0.011138916015625,-0.0261688232421875,-0.02471923828125,-0.0186920166015625,-0.01338958740234375,-0.008087158203125,-0.0379180908203125,0.04425048828125,-0.122222900390625,0.049285888671875,0.05218505859375,0.07659912109375,0.1055908203125,0.3082275390625,0.1019287109375,0.2105712890625,0.179443359375,0.068511962890625,0.05767822265625,0.77362060546875,-0.032806396484375,-2.74627685546875,-1.850433349609375,-4.284603595733643,1.2499618530273438
715,0.3575,-0.0,-0.0,-0.0,-0.0,-0.0,-0.0,-0.0,-0.0,-0.0,-0.0,-0.0,-0.0,11.75737190246582,5.781891345977783,-797.1131591796875,222963.1875,-3622.4736328125,1750.5155029296875,-0.0,-0.0,-0.0,-0.0,-0.0,-0.0,-0.0014495849609375,-0.00499725341796875,-0.0012969970703125,-0.00263214111328125,-0.00240325927734375,-0.0035858154296875,-0.0042724609375,-0.00446319580078125,-0.00209808349609375,0.0003814697265625,-0.002593994140625,0.00064849853515625,-0.00843048095703125,-0.0023651123046875,0.001068115234375,-0.00560760498046875,-0.080718994140625,0.216827392578125,0.106658935546875,0.135498046875,0.074615478515625,0.159912109375,0.274658203125,-0.16448974609375,0.09124755859375,-0.0982666015625,0.101470947265625,0.09307861328125,0.14312744140625,0.27862548828125,0.687103271484375,-4.1595458984375,-5.551886081695557,1.2499618530273438
716,0.358,-0.0,-0.0,-0.0,-0.0,-0.0,-0.0,-0.0,-0.0,-0.0,-0.0,-0.0,-0.0,12.371886253356934,6.6046037673950195,-798.8331909179688,223421.515625,-3108.49560546875,1865.57177734375,-0.0,-0.0,-0.0,-0.0,-0.0,-0.0,0.00885009765625,0.0072479248046875,0.01689910888671875,0.02368927001953125,0.01708984375,0.0206756591796875,0.01239776611328125,0.03116607666015625,0.01148223876953125,0.01125335693359375,0.028533935546875,0.02536773681640625,0.01895904541015625,0.014495849609375,0.0072479248046875,0.0380706787109375,0.294189453125,0.176239013671875,0.055999755859375,0.039215087890625,0.103302001953125,0.100555419921875,0.2447509765625,0.367431640625,0.16754150390625,0.452880859375,0.098114013671875,0.103912353515625,-0.688629150390625,0.007781982421875,3.24798583984375,2.705535888671875,6.091273307800293,1.2499618530273438
717,0.3585,-0.0,-0.0,-0.0,-0.0,-0.0,-0.0,-0.0,-0.0,-0.0,-0.0,-0.0,-0.0,12.473845481872559,7.589040756225586,-797.728515625,223316.203125,-2445.984375,1790.6414794921875,-0.0,-0.0,-0.0,-0.0,-0.0,-0.0,0.00354766845703125,0.00629425048828125,0.00423431396484375,0.003662109375,0.00553131103515625,0.00308990478515625,0.00354766845703125,0.00701904296875,0.00194549560546875,0.001373291015625,0.00202178955078125,0.00164031982421875,0.00614166259765625,0.00335693359375,0.00213623046875,0.00530242919921875,0.093841552734375,0.02410888671875,0.049896240234375,0.08209228515625,0.083770751953125,0.104522705078125,0.18951416015625,0.5670166015625,-0.108642578125,0.17333984375,0.074005126953125,-0.00030517578125,0.1904296875,-0.065765380859375,0.9222412109375,4.14825439453125,6.80411958694458,1.2499618530273438
718,0.359,-0.0,-0.0,-0.0,-0.0,-0.0,-0.0,-0.0,-0.0,-0.0,-0.0,-0.0,-0.0,12.201101303100586,8.288825035095215,-794.72216796875,222691.203125,-1454.77734375,1811.088623046875,-0.0,-0.0,-0.0,-0.0,-0.0,-0.0,-0.0098419189453125,-0.00728607177734375,-0.01720428466796875,-0.021209716796875,-0.0170135498046875,-0.018768310546875,-0.01148223876953125,-0.0299072265625,-0.00919342041015625,-0.0122833251953125,-0.0247955322265625,-0.0247955322265625,-0.01552581787109375,-0.01529693603515625,-0.00438690185546875,-0.0396728515625,0.286865234375,0.03265380859375,0.108184814453125,0.1495361328125,0.08453369140625,0.0848388671875,0.140380859375,0.07110595703125,-0.302734375,0.098876953125,0.051727294921875,0.0634765625,0.777130126953125,0.356292724609375,-1.73919677734375,-0.972442626953125,-4.2053985595703125,1.2499618530273438
719,0.3595,-0.0,-0.0,-0.0,-0.0,-0.0,-0.0,-0.0,-0.0,-0.0,-0.0,-0.0,-0.0,11.27315616607666,8.247793197631836,-789.781005859375,221044.828125,-840.7194213867188,1468.2557373046875,-0.0,-0.0,-0.0,-0.0,-0.0,-0.0,-0.00072479248046875,-0.00499725341796875,0.00011444091796875,-0.00270843505859375,-0.0025177001953125,-0.0009918212890625,-0.0035858154296875,-0.00537872314453125,-0.00202178955078125,7.62939453125e-05,-0.0035858154296875,-0.00377655029296875,-0.00896453857421875,-0.0031280517578125,0.0002288818359375,-0.0063323974609375,-0.010833740234375,-0.020294189453125,0.073394775390625,0.05828857421875,-0.099029541015625,0.03143310546875,0.1129150390625,0.455322265625,0.74188232421875,0.2508544921875,0.153045654296875,0.101470947265625,0.106658935546875,0.02288818359375,-1.302490234375,-4.1253662109375,-5.155860424041748,1.2499618530273438
720,0.36,-0.0,-0.0,-0.0,-0.0,-0.0,-0.0,-0.0,-0.0,-0.0,-0.0,-0.0,-0.0,10.36522102355957,7.459712505340576,-783.7119750976562,218971.6875,-42.195125579833984,1282.4893798828125,-0.0,-0.0,-0.0,-0.0,-0.0,-0.0,0.00904083251953125,0.01003265380859375,0.0174713134765625,0.02140045166015625,0.01697540283203125,0.0201416015625,0.01224517822265625,0.03002166748046875,0.01369476318359375,0.0130462646484375,0.027313232421875,0.02384185791015625,0.01483917236328125,0.01407623291015625,0.0067901611328125,0.03925323486328125,-0.302886962890625,0.05706787109375,0.076904296875,0.0018310546875,0.295257568359375,0.04638671875,0.03143310546875,0.1806640625,0.31402587890625,0.2276611328125,0.1263427734375,0.095367431640625,-0.531463623046875,-0.083465576171875,3.302459716796875,1.4056396484375,5.2200164794921875,1.2499618530273438
721,0.3605,-0.0,-0.0,-0.0,-0.0,-0.0,-0.0,-0.0,-0.0,-0.0,-0.0,-0.0,-0.0,9.861071586608887,6.617070198059082,-777.2115478515625,216906.609375,160.9652862548828,1199.995361328125,-0.0,-0.0,-0.0,-0.0,-0.0,-0.0,0.00194549560546875,0.0055694580078125,0.003204345703125,0.0045013427734375,0.00270843505859375,0.003814697265625,0.00457763671875,0.00484466552734375,-0.00293731689453125,0.0016021728515625,0.005035400390625,0.0028228759765625,0.00629425048828125,0.00244140625,0.002288818359375,0.00629425048828125,-0.03021240234375,0.0262451171875,0.104827880859375,0.005035400390625,-0.0567626953125,0.077056884765625,0.107421875,0.12847900390625,0.05126953125,0.1129150390625,0.034027099609375,0.010528564453125,0.2783203125,-0.009307861328125,0.684051513671875,4.0185546875,7.358555793762207,1.2499618530273438
722,0.361,-0.0,-0.0,-0.0,-0.0,-0.0,-0.0,-0.0,-0.0,-0.0,-0.0,-0.0,-0.0,9.902108192443848,5.347064971923828,-770.794921875,214799.5,631.728271484375,1186.18017578125,-0.0,-0.0,-0.0,-0.0,-0.0,-0.0,-0.007781982421875,-0.00919342041015625,-0.01659393310546875,-0.0205230712890625,-0.01678466796875,-0.0188446044921875,-0.0113677978515625,-0.02941131591796875,-0.01216888427734375,-0.00934600830078125,-0.02521514892578125,-0.02201080322265625,-0.01697540283203125,-0.015411376953125,-0.0054168701171875,-0.039825439453125,0.144500732421875,0.26580810546875,0.037384033203125,0.09613037109375,0.16204833984375,0.052032470703125,0.201416015625,0.06317138671875,0.205078125,0.26824951171875,0.05889892578125,-0.0048828125,0.551300048828125,0.137176513671875,-0.908660888671875,-1.9964599609375,-3.413346767425537,1.2499618530273438
723,0.3615,-0.0,-0.0,-0.0,-0.0,-0.0,-0.0,-0.0,-0.0,-0.0,-0.0,-0.0,-0.0,9.684118270874023,4.4638895988464355,-764.9912109375,212583.546875,967.2886352539062,1319.5023193359375,-0.0,-0.0,-0.0,-0.0,-0.0,-0.0,-0.001373291015625,-0.00553131103515625,-0.00255584716796875,-0.00415802001953125,-0.00286102294921875,-0.001983642578125,-0.001373291015625,-0.00553131103515625,-0.00125885009765625,-0.00244140625,-0.003662109375,-0.00225067138671875,-0.007781982421875,-0.00125885009765625,-0.00019073486328125,-0.00591278076171875,0.833282470703125,0.008392333984375,0.049896240234375,0.12603759765625,0.164642333984375,0.11474609375,0.06439208984375,0.14068603515625,0.16998291015625,0.05584716796875,0.0286865234375,0.08270263671875,-0.118255615234375,-0.007171630859375,-0.22491455078125,-4.368133544921875,-13.630812644958496,1.2499618530273438
724,0.362,-0.0,-0.0,-0.0,-0.0,-0.0,-0.0,-0.0,-0.0,-0.0,-0.0,-0.0,-0.0,9.49952507019043,2.6570889949798584,-759.8128051757812,210688.3125,972.702392578125,1347.309326171875,-0.0,-0.0,-0.0,-0.0,-0.0,-0.0,0.01079559326171875,0.00545501708984375,0.017852783203125,0.020599365234375,0.016632080078125,0.0180816650390625,0.010223388671875,0.0307464599609375,0.0112152099609375,0.01239776611328125,0.0266265869140625,0.02475738525390625,0.015716552734375,0.0153350830078125,0.00576019287109375,0.03875732421875,0.208282470703125,-0.071868896484375,0.095367431640625,0.1434326171875,0.100250244140625,0.16143798828125,0.2777099609375,0.14373779296875,0.09735107421875,0.16326904296875,0.13641357421875,0.1605224609375,-0.85205078125,-0.028839111328125,2.9095458984375,2.1795654296875,7.200145721435547,1.2499618530273438
725,0.3625,-0.0,-0.0,-0.0,-0.0,-0.0,-0.0,-0.0,-0.0,-0.0,-0.0,-0.0,-0.0,8.356609344482422,1.221393346786499,-755.5939331054688,209342.46875,918.2693481445312,1216.5283203125,-0.0,-0.0,-0.0,-0.0,-0.0,-0.0,0.0025177001953125,0.00896453857421875,0.0046539306640625,0.0048065185546875,0.00202178955078125,0.00244140625,0.00518798828125,0.00492095947265625,0.002593994140625,0.002288818359375,0.0064849853515625,0.00164031982421875,0.006561279296875,0.00347137451171875,0.0018310546875,0.00804901123046875,-0.184173583984375,0.165863037109375,0.07598876953125,0.03692626953125,0.1690673828125,0.062408447265625,0.23834228515625,0.14312744140625,0.12298583984375,0.108642578125,0.115203857421875,0.153350830078125,0.10040283203125,0.2679443359375,1.784515380859375,4.999847412109375,5.457632064819336,1.2499618530273438
726,0.363,-0.0,-0.0,-0.0,-0.0,-0.0,-0.0,-0.0,-0.0,-0.0,-0.0,-0.0,-0.0,6.927113056182861,0.4743117690086365,-754.0079956054688,208758.28125,749.074951171875,945.8778686523438,-0.0,-0.0,-0.0,-0.0,-0.0,-0.0,-0.01018524169921875,-0.00865936279296875,-0.0148773193359375,-0.0213623046875,-0.01495361328125,-0.0205230712890625,-0.00919342041015625,-0.03093719482421875,-0.0103759765625,-0.0118255615234375,-0.0243377685546875,-0.02490997314453125,-0.0170135498046875,-0.01491546630859375,-0.0069427490234375,-0.038299560546875,-0.44036865234375,0.631561279296875,0.11627197265625,-0.006561279296875,0.1837158203125,-0.017852783203125,0.04669189453125,0.00640869140625,0.17730712890625,0.23101806640625,0.144500732421875,0.061187744140625,0.49713134765625,0.1739501953125,-2.9327392578125,-1.751556396484375,-3.888577699661255,1.2499618530273438
727,0.3635,-0.0,-0.0,-0.0,-0.0,-0.0,-0.0,-0.0,-0.0,-0.0,-0.0,-0.0,-0.0,6.588063716888428,-0.8351622223854065,-757.438232421875,209391.3125,22.873029708862305,907.9187622070312,-0.0,-0.0,-0.0,-0.0,-0.0,-0.0,-0.00156402587890625,-0.00385284423828125,-0.0020599365234375,-0.00164031982421875,-0.00148773193359375,-0.00278472900390625,-0.00423431396484375,-0.00484466552734375,0.00080108642578125,-0.00316619873046875,-0.0038909912109375,-0.004425048828125,-0.00469207763671875,-0.00209808349609375,-0.00041961669921875,-0.005645751953125,0.012969970703125,0.171051025390625,0.0360107421875,0.069427490234375,-0.08453369140625,0.05645751953125,0.06591796875,0.30609130859375,0.11627197265625,0.17822265625,0.067596435546875,0.09002685546875,0.263671875,0.009307861328125,-1.009368896484375,-3.164825439453125,-6.185527801513672,1.2499618530273438
728,0.364,-0.0,-0.0,-0.0,-0.0,-0.0,-0.0,-0.0,-0.0,-0.0,-0.0,-0.0,-0.0,7.330549716949463,-0.22475673258304596,-761.0255126953125,210500.53125,-797.4843139648438,1054.247314453125,-0.0,-0.0,-0.0,-0.0,-0.0,-0.0,0.00988006591796875,0.00743865966796875,0.01674652099609375,0.02197265625,0.01445770263671875,0.02071380615234375,0.0095367431640625,0.0318145751953125,0.00995635986328125,0.01186370849609375,0.0275421142578125,0.02506256103515625,0.015869140625,0.01384735107421875,0.008697509765625,0.0395965576171875,0.34698486328125,0.063323974609375,0.0665283203125,0.080413818359375,0.022735595703125,0.0872802734375,0.1708984375,0.1666259765625,0.21453857421875,0.15106201171875,0.0762939453125,0.168304443359375,-0.5755615234375,0.003814697265625,3.336334228515625,1.812591552734375,7.200145721435547,1.2499618530273438
729,0.3645,-0.0,-0.0,-0.0,-0.0,-0.0,-0.0,-0.0,-0.0,-0.0,-0.0,-0.0,-0.0,8.46786880493164,1.1883492469787598,-768.9906616210938,212234.1875,-1483.550537109375,1338.5234375,-0.0,-0.0,-0.0,-0.0,-0.0,-0.0,0.0003814697265625,0.00484466552734375,0.0042724609375,0.0052642822265625,0.00270843505859375,0.00217437744140625,0.003814697265625,0.00499725341796875,0.0030517578125,0.00286102294921875,0.007476806640625,0.00335693359375,0.00186920166015625,0.002593994140625,0.00152587890625,0.00850677490234375,0.067901611328125,0.086822509765625,0.048675537109375,0.09613037109375,0.041351318359375,0.09552001953125,0.128173828125,0.08880615234375,0.02288818359375,-0.0421142578125,0.16357421875,0.124359130859375,0.20751953125,0.150146484375,0.970916748046875,1.34063720703125,5.378426551818848,1.2499618530273438
730,0.365,-0.0,-0.0,-0.0,-0.0,-0.0,-0.0,-0.0,-0.0,-0.0,-0.0,-0.0,-0.0,9.0000581741333,2.5212361812591553,-777.1471557617188,215052.859375,-2123.612548828125,1328.4573974609375,-0.0,-0.0,-0.0,-0.0,-0.0,-0.0,-0.0080108642578125,-0.010528564453125,-0.01659393310546875,-0.02185821533203125,-0.01323699951171875,-0.01987457275390625,-0.0092315673828125,-0.0323486328125,-0.01010894775390625,-0.01262664794921875,-0.0255584716796875,-0.023651123046875,-0.01522064208984375,-0.01312255859375,-0.00698089599609375,-0.0377655029296875,0.542755126953125,0.0872802734375,0.080108642578125,0.07049560546875,0.08209228515625,0.106964111328125,0.24749755859375,0.40374755859375,0.17242431640625,0.01068115234375,0.033111572265625,-0.009918212890625,0.43212890625,0.10711669921875,-2.6007080078125,-1.2994384765625,-3.334141492843628,1.2499618530273438
731,0.3655,-0.0,-0.0,-0.0,-0.0,-0.0,-0.0,-0.0,-0.0,-0.0,-0.0,-0.0,-0.0,9.073261260986328,3.5801007747650146,-785.7169799804688,217412.96875,-2820.840576171875,1315.340087890625,-0.0,-0.0,-0.0,-0.0,-0.0,-0.0,0.001068115234375,-0.00339508056640625,-0.00377655029296875,-0.00530242919921875,-0.0038909912109375,-0.00347137451171875,-0.00247955322265625,-0.003204345703125,-0.0006103515625,-0.001983642578125,-0.006103515625,-0.0028228759765625,-0.00072479248046875,-0.00244140625,0.0002288818359375,-0.0069427490234375,-0.270233154296875,-0.40191650390625,0.149078369140625,0.114288330078125,0.079498291015625,0.08453369140625,-0.00213623046875,0.17333984375,0.17486572265625,0.21636962890625,0.059356689453125,0.044097900390625,0.019378662109375,-0.068817138671875,-0.1641845703125,-1.219482421875,-6.977579116821289,1.2499618530273438
732,0.366,-0.0,-0.0,-0.0,-0.0,-0.0,-0.0,-0.0,-0.0,-0.0,-0.0,-0.0,-0.0,9.01675033569336,4.23107385635376,-793.7208862304688,219260.78125,-3298.380859375,1285.8511962890625,-0.0,-0.0,-0.0,-0.0,-0.0,-0.0,0.010833740234375,0.01026153564453125,0.01758575439453125,0.02429962158203125,0.0168609619140625,0.02044677734375,0.0109100341796875,0.03231048583984375,0.011138916015625,0.012359619140625,0.030364990234375,0.02559661865234375,0.0197601318359375,0.01495361328125,0.00614166259765625,0.0390625,-0.067596435546875,0.20263671875,0.077667236328125,0.144195556640625,0.118408203125,0.11749267578125,0.277099609375,0.1446533203125,0.16357421875,0.35614013671875,0.125732421875,0.043487548828125,-0.632781982421875,0.250244140625,3.324737548828125,3.998565673828125,6.72491455078125,1.2499618530273438
733,0.3665,-0.0,-0.0,-0.0,-0.0,-0.0,-0.0,-0.0,-0.0,-0.0,-0.0,-0.0,-0.0,9.306145668029785,4.071247100830078,-800.9871826171875,221687.421875,-3761.219970703125,1277.530517578125,-0.0,-0.0,-0.0,-0.0,-0.0,-0.0,0.00087738037109375,0.00606536865234375,0.003509521484375,0.00301361083984375,0.00171661376953125,0.00392913818359375,0.00270843505859375,0.0083160400390625,0.0016021728515625,0.00247955322265625,0.0037384033203125,-0.00194549560546875,-0.000152587890625,0.00347137451171875,0.0017547607421875,0.00598907470703125,0.239715576171875,0.110626220703125,0.009765625,0.077972412109375,0.069122314453125,0.07415771484375,0.20416259765625,0.11688232421875,0.15350341796875,0.123291015625,0.253448486328125,0.055389404296875,0.013580322265625,-0.097808837890625,-0.3021240234375,1.688079833984375,7.120940208435059,1.2499618530273438
734,0.367,-0.0,-0.0,-0.0,-0.0,-0.0,-0.0,-0.0,-0.0,-0.0,-0.0,-0.0,-0.0,8.201445579528809,3.564177989959717,-808.6012573242188,223437.140625,-3756.556396484375,942.5940551757812,-0.0,-0.0,-0.0,-0.0,-0.0,-0.0,-0.0099945068359375,-0.0080108642578125,-0.01678466796875,-0.01956939697265625,-0.01659393310546875,-0.0188446044921875,-0.0115203857421875,-0.03204345703125,-0.0104522705078125,-0.0122833251953125,-0.0260162353515625,-0.02613067626953125,-0.01407623291015625,-0.01552581787109375,-0.006866455078125,-0.03955841064453125,0.248565673828125,0.09796142578125,0.071258544921875,0.1153564453125,0.073394775390625,0.093994140625,0.18951416015625,0.14190673828125,0.146484375,0.01861572265625,0.159759521484375,0.092926025390625,0.622711181640625,-0.038299560546875,-2.496795654296875,-1.939239501953125,-4.363808631896973,1.2499618530273438
735,0.3675,-0.0,-0.0,-0.0,-0.0,-0.0,-0.0,-0.0,-0.0,-0.0,-0.0,-0.0,-0.0,6.355952739715576,2.8262939453125,-814.37890625,225564.625,-3903.7294921875,665.360595703125,-0.0,-0.0,-0.0,-0.0,-0.0,-0.0,-0.003204345703125,-0.00492095947265625,-0.0025177001953125,-0.00240325927734375,-0.002899169921875,-0.00347137451171875,-0.00324249267578125,-0.0075531005859375,-0.00072479248046875,-0.0011444091796875,-0.0028228759765625,-0.00148773193359375,-0.00431060791015625,-0.00392913818359375,-0.001068115234375,-0.0070953369140625,-0.001983642578125,0.111236572265625,0.113372802734375,0.0604248046875,0.06744384765625,0.09124755859375,0.130615234375,0.076904296875,0.16082763671875,-0.0201416015625,-0.138702392578125,0.1104736328125,-0.05615234375,0.138397216796875,-0.4840087890625,-1.551666259765625,-11.650683403015137,1.2499618530273438
736,0.368,-0.0,-0.0,-0.0,-0.0,-0.0,-0.0,-0.0,-0.0,-0.0,-0.0,-0.0,-0.0,4.97664213180542,1.5102678537368774,-818.760498046875,226756.140625,-3641.2802734375,567.5397338867188,-0.0,-0.0,-0.0,-0.0,-0.0,-0.0,0.009918212890625,0.00885009765625,0.0156402587890625,0.02254486083984375,0.015106201171875,0.02124786376953125,0.00759124755859375,0.0319671630859375,0.01003265380859375,0.0133514404296875,0.0272369384765625,0.027313232421875,0.0189208984375,0.01251220703125,0.00812530517578125,0.03711700439453125,0.483551025390625,0.0482177734375,0.074615478515625,0.01312255859375,0.198516845703125,0.01312255859375,-0.02471923828125,0.31097412109375,0.155029296875,0.29876708984375,-0.0823974609375,0.080718994140625,-0.618896484375,0.113677978515625,4.255523681640625,2.70538330078125,10.526762962341309,1.2499618530273438
737,0.3685,-0.0,-0.0,-0.0,-0.0,-0.0,-0.0,-0.0,-0.0,-0.0,-0.0,-0.0,-0.0,3.34904408454895,-0.15881019830703735,-821.2557983398438,227582.828125,-3535.774658203125,202.6446533203125,-0.0,-0.0,-0.0,-0.0,-0.0,-0.0,0.00102996826171875,0.00751495361328125,0.00186920166015625,0.003662109375,0.0035858154296875,0.0032806396484375,0.0040435791015625,0.00583648681640625,0.0022125244140625,0.00087738037109375,0.00385284423828125,0.0006103515625,0.00194549560546875,0.0046539306640625,-0.000457763671875,0.00598907470703125,-0.164642333984375,-0.201568603515625,0.094451904296875,0.063934326171875,0.0439453125,0.079345703125,0.12786865234375,0.19805908203125,0.20904541015625,0.1593017578125,0.10284423828125,0.07904052734375,0.321044921875,-0.0738525390625,0.26397705078125,1.3800048828125,6.012068271636963,1.2499618530273438
738,0.369,-0.0,-0.0,-0.0,-0.0,-0.0,-0.0,-0.0,-0.0,-0.0,-0.0,-0.0,-0.0,1.991439700126648,-2.2691662311553955,-821.1687622070312,228056.5,-3604.94482421875,-117.81620788574219,-0.0,-0.0,-0.0,-0.0,-0.0,-0.0,-0.00835418701171875,-0.0099945068359375,-0.01590728759765625,-0.01964569091796875,-0.01552581787109375,-0.01850128173828125,-0.01399993896484375,-0.02933502197265625,-0.0101470947265625,-0.01209259033203125,-0.02593994140625,-0.022735595703125,-0.01617431640625,-0.01537322998046875,-0.004730224609375,-0.03910064697265625,-0.076904296875,0.459442138671875,0.05279541015625,0.040435791015625,-0.04974365234375,0.027618408203125,0.347900390625,0.02777099609375,0.1092529296875,-0.208740234375,0.153350830078125,0.1043701171875,0.3619384765625,0.08453369140625,-2.038116455078125,-2.041168212890625,-3.5717570781707764,1.2499618530273438
739,0.3695,-0.0,-0.0,-0.0,-0.0,-0.0,-0.0,-0.0,-0.0,-0.0,-0.0,-0.0,-0.0,0.7188756465911865,-2.8171448707580566,-819.6153564453125,227830.84375,-3404.865234375,-286.62188720703125,-0.0,-0.0,-0.0,-0.0,-0.0,-0.0,-0.001983642578125,-0.00354766845703125,-0.00301361083984375,-0.0035858154296875,-0.0020599365234375,-0.001373291015625,0.00034332275390625,-0.00522613525390625,-0.0018310546875,-0.002899169921875,-0.002899169921875,0.0022125244140625,-0.0005340576171875,-0.00041961669921875,-0.0020599365234375,-0.00675201416015625,0.16571044921875,0.177764892578125,0.0653076171875,0.061187744140625,0.035858154296875,0.075225830078125,0.08544921875,0.013427734375,0.2069091796875,1.00006103515625,0.116119384765625,0.089569091796875,0.033416748046875,0.14373779296875,1.329345703125,-1.26922607421875,-5.631091594696045,1.2499618530273438
740,0.37,-0.0,-0.0,-0.0,-0.0,-0.0,-0.0,-0.0,-0.0,-0.0,-0.0,-0.0,-0.0,-0.3058180809020996,-2.6101388931274414,-818.64111328125,227730.015625,-3241.136962890625,-466.1361999511719,-0.0,-0.0,-0.0,-0.0,-0.0,-0.0,0.0089263916015625,0.00858306884765625,0.01758575439453125,0.0228118896484375,0.0164794921875,0.021209716796875,0.00858306884765625,0.02979278564453125,0.00850677490234375,0.0131988525390625,0.02471923828125,0.02521514892578125,0.01667022705078125,0.0144195556640625,0.007171630859375,0.0384521484375,0.57830810546875,0.079803466796875,0.021514892578125,0.08056640625,0.095367431640625,0.111846923828125,0.28839111328125,0.2667236328125,0.18585205078125,0.0457763671875,0.059356689453125,0.147247314453125,-0.70648193359375,-0.1324462890625,2.75299072265625,1.787872314453125,5.8536577224731445,1.2499618530273438
741,0.3705,-0.0,-0.0,-0.0,-0.0,-0.0,-0.0,-0.0,-0.0,-0.0,-0.0,-0.0,-0.0,-1.8043856620788574,-2.6007819175720215,-819.49609375,228193.609375,-3271.8134765625,-691.14306640625,-0.0,-0.0,-0.0,-0.0,-0.0,-0.0,0.0040435791015625,0.0081634521484375,0.003509521484375,0.00270843505859375,0.0023651123046875,0.00385284423828125,0.0023651123046875,0.00782012939453125,0.00263214111328125,0.0030517578125,0.0041961669921875,3.814697265625e-05,0.00301361083984375,0.00301361083984375,0.0016021728515625,0.007171630859375,0.983123779296875,-0.11444091796875,0.07080078125,0.089569091796875,0.11566162109375,0.135040283203125,-0.26336669921875,0.24444580078125,-0.00732421875,0.1544189453125,0.070037841796875,0.0152587890625,0.569610595703125,0.05523681640625,0.2264404296875,1.515655517578125,7.516966342926025,1.2499618530273438
742,0.371,-0.0,-0.0,-0.0,-0.0,-0.0,-0.0,-0.0,-0.0,-0.0,-0.0,-0.0,-0.0,-4.829967975616455,-1.5313825607299805,-823.9602661132812,229706.546875,-3387.0546875,-1372.036865234375,-0.0,-0.0,-0.0,-0.0,-0.0,-0.0,-0.0093841552734375,-0.00919342041015625,-0.01705169677734375,-0.02101898193359375,-0.016326904296875,-0.020294189453125,-0.01079559326171875,-0.031280517578125,-0.0104522705078125,-0.0131988525390625,-0.0247955322265625,-0.02590179443359375,-0.01216888427734375,-0.01415252685546875,-0.006561279296875,-0.0390625,-0.667572021484375,-0.13824462890625,0.102081298828125,0.054931640625,-0.078277587890625,0.06683349609375,0.09368896484375,0.16082763671875,0.15289306640625,-0.0323486328125,0.174407958984375,-0.021209716796875,0.51544189453125,0.04730224609375,-2.027130126953125,-0.600433349609375,-4.7598347663879395,1.2499618530273438
743,0.3715,-0.0,-0.0,-0.0,-0.0,-0.0,-0.0,-0.0,-0.0,-0.0,-0.0,-0.0,-0.0,-7.787169456481934,-0.3235967755317688,-830.5142822265625,232307.6875,-4000.842041015625,-2049.198974609375,-0.0,-0.0,-0.0,-0.0,-0.0,-0.0,-0.00186920166015625,-0.0063323974609375,-0.00225067138671875,-0.00377655029296875,-0.0012969970703125,-0.00274658203125,-0.0006103515625,-0.0061798095703125,-0.00339508056640625,0.00087738037109375,-0.00274658203125,0.00202178955078125,-0.00186920166015625,-0.001983642578125,-0.00030517578125,-0.00640869140625,-0.32318115234375,0.528564453125,0.133819580078125,0.045318603515625,0.233917236328125,0.042266845703125,-0.06011962890625,0.0775146484375,0.16021728515625,0.23895263671875,0.13641357421875,-0.032958984375,-0.20050048828125,0.12908935546875,1.551971435546875,-1.09405517578125,-4.9182448387146,1.2499618530273438
744,0.372,-0.0,-0.0,-0.0,-0.0,-0.0,-0.0,-0.0,-0.0,-0.0,-0.0,-0.0,-0.0,-9.95544719696045,1.7078531980514526,-841.456298828125,235737.890625,-4887.2080078125,-2798.34521484375,-0.0,-0.0,-0.0,-0.0,-0.0,-0.0,0.00774383544921875,0.0087738037109375,0.0170135498046875,0.02079010009765625,0.01621246337890625,0.0205230712890625,0.012969970703125,0.03063201904296875,0.0095367431640625,0.01293182373046875,0.02712249755859375,0.02414703369140625,0.01499176025390625,0.015869140625,0.0075531005859375,0.03772735595703125,-0.15869140625,0.226593017578125,0.059051513671875,0.08819580078125,0.25360107421875,-0.038604736328125,0.22979736328125,0.12237548828125,0.17913818359375,0.16571044921875,0.096588134765625,0.024871826171875,-0.51666259765625,-0.004730224609375,2.15576171875,2.168731689453125,6.72491455078125,1.2499618530273438
745,0.3725,-0.0,-0.0,-0.0,-0.0,-0.0,-0.0,-0.0,-0.0,-0.0,-0.0,-0.0,-0.0,-11.907022476196289,4.268833637237549,-853.3265380859375,239484.984375,-6407.55908203125,-2996.838623046875,-0.0,-0.0,-0.0,-0.0,-0.0,-0.0,0.0014495849609375,0.00469207763671875,0.00293731689453125,0.0046539306640625,0.00125885009765625,0.00301361083984375,0.00278472900390625,0.0060272216796875,0.000152587890625,0.00278472900390625,0.00728607177734375,0.00049591064453125,0.0026702880859375,0.000457763671875,0.0019073486328125,0.00797271728515625,-0.133209228515625,0.00732421875,0.107269287109375,0.101776123046875,0.027008056640625,0.08331298828125,0.01861572265625,0.0439453125,0.15716552734375,0.20904541015625,0.034942626953125,0.113525390625,0.2386474609375,0.015716552734375,0.3997802734375,1.634674072265625,6.64570951461792,1.2499618530273438
746,0.373,-0.0,-0.0,-0.0,-0.0,-0.0,-0.0,-0.0,-0.0,-0.0,-0.0,-0.0,-0.0,-11.700603485107422,7.683986663818359,-866.3999633789062,243192.96875,-7575.52978515625,-2972.773681640625,-0.0,-0.0,-0.0,-0.0,-0.0,-0.0,-0.0098419189453125,-0.00766754150390625,-0.01598358154296875,-0.0213623046875,-0.0148773193359375,-0.01949310302734375,-0.00774383544921875,-0.0312042236328125,-0.00858306884765625,-0.0124359130859375,-0.0246429443359375,-0.02231597900390625,-0.01491546630859375,-0.013580322265625,-0.0069427490234375,-0.03765106201171875,0.1422119140625,0.19775390625,0.073394775390625,0.08056640625,0.077056884765625,0.111541748046875,0.07415771484375,-0.04913330078125,0.1739501953125,0.2899169921875,0.03082275390625,0.176544189453125,0.917205810546875,0.322113037109375,-2.519683837890625,-0.67474365234375,-5.314270973205566,1.2499618530273438
747,0.3735,-0.0,-0.0,-0.0,-0.0,-0.0,-0.0,-0.0,-0.0,-0.0,-0.0,-0.0,-0.0,-11.128125190734863,10.744911193847656,-876.0614013671875,246609.53125,-8608.421875,-2754.203125,-0.0,-0.0,-0.0,-0.0,-0.0,-0.0,-0.00095367431640625,-0.00736236572265625,-0.00278472900390625,-0.00244140625,-0.00255584716796875,0.00041961669921875,-0.0049591064453125,-0.00476837158203125,-0.00171661376953125,-3.814697265625e-05,-0.0048828125,-0.0016021728515625,-0.00072479248046875,-0.00408172607421875,-0.00080108642578125,-0.00698089599609375,0.328826904296875,0.002593994140625,0.04058837890625,0.08392333984375,0.090789794921875,0.07781982421875,0.05279541015625,-0.17333984375,0.18341064453125,0.15960693359375,0.0762939453125,0.122222900390625,-0.186920166015625,-0.0360107421875,-0.421600341796875,-0.83038330078125,-5.235065460205078,1.2499618530273438
748,0.374,-0.0,-0.0,-0.0,-0.0,-0.0,-0.0,-0.0,-0.0,-0.0,-0.0,-0.0,-0.0,-10.861918449401855,13.355083465576172,-883.00439453125,249331.5,-9302.392578125,-2697.544189453125,-0.0,-0.0,-0.0,-0.0,-0.0,-0.0,0.00946044921875,0.0093841552734375,0.01758575439453125,0.02330780029296875,0.0179290771484375,0.02017974853515625,0.00911712646484375,0.03238677978515625,0.00782012939453125,0.0124359130859375,0.0258636474609375,0.0244903564453125,0.01171112060546875,0.01468658447265625,0.0064849853515625,0.0389862060546875,0.29327392578125,0.086822509765625,0.03997802734375,0.106353759765625,0.090789794921875,0.13031005859375,0.39642333984375,0.6103515625,0.16357421875,0.13519287109375,0.095062255859375,0.041046142578125,-0.48431396484375,-0.11474609375,2.42218017578125,1.059112548828125,4.0319390296936035,1.2499618530273438
749,0.3745,-0.0,-0.0,-0.0,-0.0,-0.0,-0.0,-0.0,-0.0,-0.0,-0.0,-0.0,-0.0,-10.36069107055664,15.367973327636719,-888.9807739257812,250729.0625,-10339.14453125,-2504.883056640625,-0.0,-0.0,-0.0,-0.0,-0.0,-0.0,0.00263214111328125,0.0040435791015625,0.00209808349609375,0.0037384033203125,0.00301361083984375,0.00408172607421875,0.0046539306640625,0.00644683837890625,-0.0011444091796875,0.0019073486328125,0.00396728515625,0.0026702880859375,0.0049591064453125,0.00324249267578125,0.0025177001953125,0.00629425048828125,0.32562255859375,-0.05401611328125,0.088348388671875,0.10955810546875,0.048370361328125,0.0433349609375,0.14739990234375,0.4443359375,0.17730712890625,0.1824951171875,0.04241943359375,0.024871826171875,0.136566162109375,0.070037841796875,0.1104736328125,1.9207763671875,3.081476926803589,1.2499618530273438
750,0.375,-0.0,-0.0,-0.0,-0.0,-0.0,-0.0,-0.0,-0.0,-0.0,-0.0,-0.0,-0.0,-10.003375053405762,16.820068359375,-891.1888427734375,251675.625,-10914.1279296875,-2389.04638671875,-0.0,-0.0,-0.0,-0.0,-0.0,-0.0,-0.0087738037109375,-0.01010894775390625,-0.01697540283203125,-0.0205230712890625,-0.01613616943359375,-0.02010345458984375,-0.0098419189453125,-0.03147125244140625,-0.00957489013671875,-0.01277923583984375,-0.02414703369140625,-0.019378662109375,-0.01590728759765625,-0.01354217529296875,-0.0067901611328125,-0.0372314453125,-0.099029541015625,-0.186004638671875,0.109710693359375,0.101470947265625,0.0567626953125,0.064697265625,0.3900146484375,0.17059326171875,0.14434814453125,0.2593994140625,0.057525634765625,0.039215087890625,0.504913330078125,0.23468017578125,-0.216064453125,-1.326751708984375,-3.254936456680298,1.2499618530273438
751,0.3755,-0.0,-0.0,-0.0,-0.0,-0.0,-0.0,-0.0,-0.0,-0.0,-0.0,-0.0,-0.0,-10.102407455444336,17.71378517150879,-892.822509765625,252406.078125,-11579.978515625,-2251.199951171875,-0.0,-0.0,-0.0,-0.0,-0.0,-0.0,-0.00240325927734375,-0.00629425048828125,-0.00247955322265625,-0.0031280517578125,-0.00278472900390625,-0.00331878662109375,-0.00232696533203125,-0.00728607177734375,7.62939453125e-05,0.00011444091796875,-0.0034332275390625,-0.0014495849609375,-0.00270843505859375,-0.001678466796875,-0.00255584716796875,-0.0066375732421875,0.098419189453125,0.2545166015625,0.071258544921875,0.069732666015625,0.101470947265625,0.03082275390625,0.05767822265625,-0.07659912109375,0.167236328125,0.3375244140625,0.05126953125,0.057220458984375,-0.06439208984375,0.109710693359375,-0.9466552734375,-1.334381103515625,3.239887237548828,1.2499618530273438
752,0.376,-0.0,-0.0,-0.0,-0.0,-0.0,-0.0,-0.0,-0.0,-0.0,-0.0,-0.0,-0.0,-9.53104019165039,17.300357818603516,-891.7755126953125,251995.15625,-12090.955078125,-2010.09326171875,-0.0,-0.0,-0.0,-0.0,-0.0,-0.0,0.0086212158203125,0.00675201416015625,0.01811981201171875,0.02391815185546875,0.0193023681640625,0.01987457275390625,0.010223388671875,0.03143310546875,0.01094818115234375,0.01178741455078125,0.02712249755859375,0.02498626708984375,0.0179290771484375,0.01491546630859375,0.0096893310546875,0.03849029541015625,-0.124969482421875,0.03204345703125,0.050201416015625,0.076751708984375,0.001983642578125,0.099029541015625,0.46356201171875,0.8062744140625,0.17059326171875,0.15045166015625,0.080108642578125,0.080108642578125,-0.850677490234375,-0.111083984375,2.77862548828125,2.209014892578125,6.962530136108398,1.2499618530273438
753,0.3765,-0.0,-0.0,-0.0,-0.0,-0.0,-0.0,-0.0,-0.0,-0.0,-0.0,-0.0,-0.0,-8.853774070739746,16.516155242919922,-888.480224609375,251289.046875,-12342.4384765625,-1893.36376953125,-0.0,-0.0,-0.0,-0.0,-0.0,-0.0,0.0019073486328125,0.0046539306640625,0.00335693359375,0.0052642822265625,0.00301361083984375,0.00354766845703125,0.00087738037109375,0.0051116943359375,0.00102996826171875,0.002899169921875,0.00774383544921875,0.00194549560546875,0.00621795654296875,-0.001068115234375,0.00041961669921875,0.00720977783203125,0.0396728515625,0.08331298828125,0.062408447265625,0.092926025390625,0.107574462890625,0.093536376953125,0.1910400390625,0.294189453125,0.15625,-0.01373291015625,0.070343017578125,0.0823974609375,0.21209716796875,0.229644775390625,0.751190185546875,3.33099365234375,5.8536577224731445,1.2499618530273438
754,0.377,-0.0,-0.0,-0.0,-0.0,-0.0,-0.0,-0.0,-0.0,-0.0,-0.0,-0.0,-0.0,-8.250102996826172,15.367973327636719,-882.5023193359375,249681.6875,-12422.7177734375,-1676.14794921875,-0.0,-0.0,-0.0,-0.0,-0.0,-0.0,-0.00789642333984375,-0.0119781494140625,-0.01674652099609375,-0.02185821533203125,-0.01483917236328125,-0.01880645751953125,-0.00934600830078125,-0.02925872802734375,-0.01071929931640625,-0.01087188720703125,-0.0273895263671875,-0.02277374267578125,-0.01636505126953125,-0.013580322265625,-0.00667572021484375,-0.0379180908203125,0.162200927734375,0.041351318359375,0.029296875,0.005035400390625,0.20294189453125,0.08148193359375,-0.16448974609375,0.2716064453125,0.1458740234375,0.2532958984375,0.14923095703125,0.116729736328125,0.20904541015625,0.04425048828125,-2.23358154296875,-2.386016845703125,-4.443014144897461,1.2499618530273438
755,0.3775,-0.0,-0.0,-0.0,-0.0,-0.0,-0.0,-0.0,-0.0,-0.0,-0.0,-0.0,-0.0,-7.573578357696533,13.905162811279297,-873.9700317382812,247569.703125,-12362.0419921875,-1433.1209716796875,-0.0,-0.0,-0.0,-0.0,-0.0,-0.0,-0.003814697265625,-0.00080108642578125,-0.00377655029296875,-0.00385284423828125,-0.0029754638671875,-0.00194549560546875,-0.00049591064453125,-0.0060272216796875,-0.000152587890625,-0.00492095947265625,-0.00438690185546875,-0.00171661376953125,-0.00072479248046875,-0.00225067138671875,-0.0017547607421875,-0.006103515625,0.210113525390625,-0.0762939453125,0.083160400390625,0.04241943359375,0.04852294921875,0.069732666015625,0.0262451171875,0.12847900390625,0.19805908203125,0.1849365234375,0.071258544921875,0.1220703125,0.301055908203125,0.160369873046875,-0.185394287109375,-1.9683837890625,-7.611220359802246,1.2499618530273438
756,0.378,-0.0,-0.0,-0.0,-0.0,-0.0,-0.0,-0.0,-0.0,-0.0,-0.0,-0.0,-0.0,-6.0323333740234375,11.592450141906738,-865.3943481445312,244794.890625,-12704.3662109375,-1082.2099609375,-0.0,-0.0,-0.0,-0.0,-0.0,-0.0,0.0099945068359375,0.00682830810546875,0.01667022705078125,0.02246856689453125,0.01682281494140625,0.01861572265625,0.01079559326171875,0.030364990234375,0.0091552734375,0.01194000244140625,0.02582550048828125,0.02552032470703125,0.0182342529296875,0.01483917236328125,0.00621795654296875,0.03879547119140625,-0.24322509765625,-0.116119384765625,0.12359619140625,0.121612548828125,-0.0372314453125,0.049591064453125,0.0567626953125,0.181884765625,0.1300048828125,-0.05584716796875,0.047454833984375,0.123748779296875,-0.802001953125,-0.04302978515625,3.6932373046875,2.78900146484375,6.4080939292907715,1.2499618530273438
757,0.3785,-0.0,-0.0,-0.0,-0.0,-0.0,-0.0,-0.0,-0.0,-0.0,-0.0,-0.0,-0.0,-4.191982746124268,9.831009864807129,-853.9169311523438,242185.796875,-12852.9833984375,-732.9151611328125,-0.0,-0.0,-0.0,-0.0,-0.0,-0.0,0.00324249267578125,0.00728607177734375,0.00316619873046875,0.0032806396484375,0.001678466796875,0.00392913818359375,0.00213623046875,0.0055694580078125,-0.00030517578125,0.00209808349609375,0.0061798095703125,0.00274658203125,0.0054168701171875,0.00537872314453125,0.00148773193359375,0.0063323974609375,0.0836181640625,0.104522705078125,0.0732421875,0.0872802734375,0.014801025390625,0.03875732421875,0.5096435546875,-0.06500244140625,0.15655517578125,-0.103759765625,0.07965087890625,0.05950927734375,0.282745361328125,0.21636962890625,2.101898193359375,3.029327392578125,5.8536577224731445,1.2499618530273438
758,0.379,-0.0,-0.0,-0.0,-0.0,-0.0,-0.0,-0.0,-0.0,-0.0,-0.0,-0.0,-0.0,-2.2063639163970947,8.198144912719727,-844.186279296875,239533.734375,-12872.505859375,-172.17391967773438,-0.0,-0.0,-0.0,-0.0,-0.0,-0.0,-0.008697509765625,-0.00965118408203125,-0.01567840576171875,-0.02079010009765625,-0.01514434814453125,-0.0194549560546875,-0.01224517822265625,-0.029296875,-0.01003265380859375,-0.00926971435546875,-0.027008056640625,-0.02307891845703125,-0.01865386962890625,-0.01415252685546875,-0.006866455078125,-0.03932952880859375,0.082244873046875,0.151519775390625,0.04180908203125,0.109100341796875,0.102386474609375,0.073394775390625,0.4327392578125,0.1849365234375,0.15869140625,-0.1678466796875,0.083465576171875,0.035400390625,0.609588623046875,0.02349853515625,-2.135772705078125,-1.9830322265625,-4.284603595733643,1.2499618530273438
759,0.3795,-0.0,-0.0,-0.0,-0.0,-0.0,-0.0,-0.0,-0.0,-0.0,-0.0,-0.0,-0.0,-0.38186511397361755,6.823779582977295,-834.472412109375,236858.921875,-12657.64453125,421.9300231933594,-0.0,-0.0,-0.0,-0.0,-0.0,-0.0,0.001220703125,-0.00446319580078125,-0.00240325927734375,-0.00377655029296875,-7.62939453125e-05,-0.00164031982421875,-0.0011444091796875,-0.00316619873046875,-0.00125885009765625,-0.00156402587890625,-0.00644683837890625,-0.0011444091796875,0.00011444091796875,-0.00240325927734375,-0.00072479248046875,-0.00743865966796875,0.34942626953125,0.15777587890625,0.05523681640625,0.080108642578125,0.086669921875,0.142974853515625,0.11566162109375,0.3985595703125,-0.037841796875,0.41107177734375,0.09674072265625,0.156707763671875,0.05645751953125,0.054779052734375,0.1654052734375,-1.56982421875,-7.532015323638916,1.2499618530273438
760,0.38,-0.0,-0.0,-0.0,-0.0,-0.0,-0.0,-0.0,-0.0,-0.0,-0.0,-0.0,-0.0,0.9489724636077881,5.575887680053711,-826.5797119140625,234875.84375,-12917.4111328125,710.1248779296875,-0.0,-0.0,-0.0,-0.0,-0.0,-0.0,0.01079559326171875,0.0101470947265625,0.01735687255859375,0.02201080322265625,0.01590728759765625,0.01895904541015625,0.01178741455078125,0.03086090087890625,0.011444091796875,0.012359619140625,0.0289154052734375,0.0252532958984375,0.01720428466796875,0.0150299072265625,0.0061798095703125,0.04032135009765625,0.146942138671875,-0.144195556640625,0.126190185546875,0.059814453125,0.11322021484375,0.09765625,0.0439453125,0.2093505859375,0.1055908203125,0.2618408203125,0.1055908203125,0.1116943359375,-0.417022705078125,0.161895751953125,4.0850830078125,3.074493408203125,6.64570951461792,1.2499618530273438
761,0.3805,-0.0,-0.0,-0.0,-0.0,-0.0,-0.0,-0.0,-0.0,-0.0,-0.0,-0.0,-0.0,2.075514793395996,4.757700443267822,-822.2059326171875,233511.71875,-13121.8642578125,784.0145874023438,-0.0,-0.0,-0.0,-0.0,-0.0,-0.0,0.00152587890625,0.0018310546875,0.00244140625,0.0040435791015625,0.002288818359375,0.00484466552734375,0.001983642578125,0.0055694580078125,0.0002288818359375,0.00171661376953125,0.00518798828125,0.00110626220703125,0.0032806396484375,0.0029754638671875,-0.0002288818359375,0.00675201416015625,-0.322418212890625,-0.03997802734375,0.088348388671875,0.056610107421875,0.09490966796875,0.050201416015625,-0.01983642578125,0.13519287109375,0.694580078125,-0.20843505859375,0.177764892578125,0.021209716796875,0.07354736328125,0.04180908203125,-0.086669921875,1.49200439453125,11.556429862976074,1.2499618530273438
762,0.381,-0.0,-0.0,-0.0,-0.0,-0.0,-0.0,-0.0,-0.0,-0.0,-0.0,-0.0,-0.0,2.0787672996520996,4.112868309020996,-820.1104125976562,233171.828125,-13407.228515625,816.2991943359375,-0.0,-0.0,-0.0,-0.0,-0.0,-0.0,-0.0078582763671875,-0.0121307373046875,-0.0159454345703125,-0.02193450927734375,-0.0147247314453125,-0.01865386962890625,-0.008392333984375,-0.030364990234375,-0.01026153564453125,-0.0119781494140625,-0.02655029296875,-0.026092529296875,-0.01537322998046875,-0.01415252685546875,-0.00545501708984375,-0.03704071044921875,0.179901123046875,0.4364013671875,0.03997802734375,0.103302001953125,0.131988525390625,0.102996826171875,0.048828125,0.0164794921875,0.028076171875,0.16143798828125,0.099639892578125,-0.073394775390625,0.556793212890625,0.031280517578125,-2.672271728515625,-1.44256591796875,-1.6708331108093262,1.2499618530273438
763,0.3815,-0.0,-0.0,-0.0,-0.0,-0.0,-0.0,-0.0,-0.0,-0.0,-0.0,-0.0,-0.0,2.7500343322753906,3.8598995208740234,-819.1568603515625,233372.21875,-14033.5634765625,816.692626953125,-0.0,-0.0,-0.0,-0.0,-0.0,-0.0,-0.00377655029296875,-0.00202178955078125,-0.00293731689453125,-0.00194549560546875,-0.00270843505859375,-0.00377655029296875,-0.0020599365234375,-0.00453948974609375,-0.001068115234375,-0.0019073486328125,-0.0049591064453125,-0.001678466796875,-0.0054168701171875,-0.0016021728515625,-0.00225067138671875,-0.0049591064453125,0.2630615234375,0.027313232421875,0.079345703125,0.01373291015625,0.1171875,0.06439208984375,0.166015625,0.1324462890625,0.18157958984375,0.1885986328125,0.07904052734375,-0.00518798828125,0.050201416015625,-0.07049560546875,0.221099853515625,-2.037506103515625,-5.551886081695557,1.2499618530273438
764,0.382,-0.0,-0.0,-0.0,-0.0,-0.0,-0.0,-0.0,-0.0,-0.0,-0.0,-0.0,-0.0,3.7258529663085938,3.7095108032226562,-821.4030151367188,234099.25,-14702.158203125,906.3154296875,-0.0,-0.0,-0.0,-0.0,-0.0,-0.0,0.00850677490234375,0.009002685546875,0.01678466796875,0.02162933349609375,0.0162506103515625,0.019378662109375,0.01140594482421875,0.03185272216796875,0.00843048095703125,0.01033782958984375,0.02819061279296875,0.02521514892578125,0.01628875732421875,0.01499176025390625,0.00820159912109375,0.04016876220703125,-0.143585205078125,0.134124755859375,0.05767822265625,0.078887939453125,-0.018310546875,0.054779052734375,-0.12786865234375,0.10894775390625,0.052490234375,-0.0311279296875,0.038909912109375,0.036773681640625,-0.702056884765625,0.05615234375,3.718719482421875,1.71173095703125,2.447835683822632,1.2499618530273438
765,0.3825,-0.0,-0.0,-0.0,-0.0,-0.0,-0.0,-0.0,-0.0,-0.0,-0.0,-0.0,-0.0,5.0703125,3.73384952545166,-825.3463134765625,235014.578125,-15474.263671875,1166.0657958984375,-0.0,-0.0,-0.0,-0.0,-0.0,-0.0,0.0026702880859375,0.0051116943359375,0.0040435791015625,0.0046539306640625,0.0034332275390625,0.0049591064453125,0.00125885009765625,0.00446319580078125,0.00278472900390625,0.004730224609375,0.00621795654296875,-0.00011444091796875,0.00324249267578125,0.001373291015625,0.00274658203125,0.00652313232421875,0.1312255859375,0.06439208984375,0.098724365234375,0.15350341796875,0.05126953125,0.11627197265625,0.0042724609375,0.22552490234375,0.6103515625,0.21942138671875,-0.005340576171875,0.15350341796875,0.26397705078125,0.13031005859375,-1.038360595703125,1.95709228515625,6.72491455078125,1.2499618530273438
766,0.383,-0.0,-0.0,-0.0,-0.0,-0.0,-0.0,-0.0,-0.0,-0.0,-0.0,-0.0,-0.0,6.298465728759766,4.403797626495361,-826.742431640625,235695.609375,-16245.4091796875,1387.4278564453125,-0.0,-0.0,-0.0,-0.0,-0.0,-0.0,-0.00766754150390625,-0.01209259033203125,-0.016021728515625,-0.02223968505859375,-0.014801025390625,-0.02033233642578125,-0.01007080078125,-0.030975341796875,-0.0090789794921875,-0.01270294189453125,-0.0255584716796875,-0.02338409423828125,-0.01575469970703125,-0.0135040283203125,-0.0086212158203125,-0.0366973876953125,0.2056884765625,0.08758544921875,0.037994384765625,0.08056640625,0.08026123046875,0.065765380859375,0.15960693359375,0.13153076171875,0.24322509765625,0.20660400390625,0.11077880859375,0.247039794921875,0.32623291015625,0.020751953125,-2.65594482421875,-0.70220947265625,-4.284603595733643,1.2499618530273438
767,0.3835,-0.0,-0.0,-0.0,-0.0,-0.0,-0.0,-0.0,-0.0,-0.0,-0.0,-0.0,-0.0,7.667237281799316,4.983957290649414,-826.9409790039062,236399.640625,-17241.6640625,1498.487548828125,-0.0,-0.0,-0.0,-0.0,-0.0,-0.0,-0.0020599365234375,-0.0043487548828125,-0.00263214111328125,-0.000457763671875,-0.0029754638671875,-0.00522613525390625,-0.00225067138671875,-0.00576019287109375,0.00041961669921875,-0.0011444091796875,-0.00270843505859375,0.0032806396484375,-0.000152587890625,-0.00331878662109375,-0.0006103515625,-0.003814697265625,0.377197265625,-0.054931640625,0.051116943359375,0.0799560546875,0.094757080078125,0.07659912109375,0.29876708984375,-0.23284912109375,0.0897216796875,0.0543212890625,0.05462646484375,0.151214599609375,0.083465576171875,0.323333740234375,1.761932373046875,0.22613525390625,-4.363808631896973,1.2499618530273438
768,0.384,-0.0,-0.0,-0.0,-0.0,-0.0,-0.0,-0.0,-0.0,-0.0,-0.0,-0.0,-0.0,8.681048393249512,6.573688983917236,-829.5346069335938,237294.0625,-18040.73046875,1656.305908203125,-0.0,-0.0,-0.0,-0.0,-0.0,-0.0,0.0084686279296875,0.0095367431640625,0.0170135498046875,0.02262115478515625,0.01613616943359375,0.01964569091796875,0.01010894775390625,0.03086090087890625,0.00946044921875,0.01255035400390625,0.0263214111328125,0.02292633056640625,0.015106201171875,0.0138092041015625,0.00804901123046875,0.03803253173828125,-0.426025390625,0.2520751953125,0.113983154296875,0.0579833984375,0.096435546875,0.024871826171875,0.10711669921875,0.08880615234375,0.20111083984375,0.26763916015625,0.1141357421875,-0.02166748046875,-0.668792724609375,-0.0457763671875,2.599029541015625,1.978302001953125,7.6753764152526855,1.2499618530273438
769,0.3845,-0.0,-0.0,-0.0,-0.0,-0.0,-0.0,-0.0,-0.0,-0.0,-0.0,-0.0,-0.0,9.682107925415039,8.276970863342285,-830.6317138671875,238077.78125,-18666.521484375,1890.533203125,-0.0,-0.0,-0.0,-0.0,-0.0,-0.0,0.00240325927734375,0.0043487548828125,0.00335693359375,0.00457763671875,0.0030517578125,0.00232696533203125,0.00202178955078125,0.00698089599609375,0.001678466796875,0.00209808349609375,0.0031280517578125,0.000152587890625,0.00247955322265625,0.00232696533203125,0.0016021728515625,0.007781982421875,0.02899169921875,-0.061492919921875,0.0714111328125,0.079193115234375,0.096435546875,0.054779052734375,0.08575439453125,0.49835205078125,0.08819580078125,0.0482177734375,0.0799560546875,-0.03021240234375,0.391693115234375,-0.0238037109375,0.06378173828125,1.253204345703125,7.0417351722717285,1.2499618530273438
770,0.385,-0.0,-0.0,-0.0,-0.0,-0.0,-0.0,-0.0,-0.0,-0.0,-0.0,-0.0,-0.0,10.847229957580566,10.39697265625,-831.9271850585938,238668.328125,-19358.19140625,2019.1180419921875,-0.0,-0.0,-0.0,-0.0,-0.0,-0.0,-0.00885009765625,-0.0080108642578125,-0.01678466796875,-0.0211334228515625,-0.01712799072265625,-0.019073486328125,-0.01087188720703125,-0.03093719482421875,-0.00762939453125,-0.01312255859375,-0.02445220947265625,-0.02490997314453125,-0.01499176025390625,-0.01483917236328125,-0.0064849853515625,-0.03879547119140625,0.276031494140625,0.014495849609375,0.032501220703125,0.073394775390625,0.105438232421875,0.10833740234375,0.19622802734375,-0.12847900390625,0.1318359375,0.25634765625,0.069427490234375,0.00152587890625,0.609588623046875,0.105438232421875,-2.10174560546875,-0.991058349609375,-3.0965261459350586,1.2499618530273438
771,0.3855,-0.0,-0.0,-0.0,-0.0,-0.0,-0.0,-0.0,-0.0,-0.0,-0.0,-0.0,-0.0,11.152587890625,11.443220138549805,-831.5808715820312,238959.984375,-19706.884765625,2091.642333984375,-0.0,-0.0,-0.0,-0.0,-0.0,-0.0,-0.0009918212890625,-0.00335693359375,-0.0038909912109375,-0.0045013427734375,-0.00019073486328125,-0.00232696533203125,-0.0012969970703125,-0.004730224609375,-0.0017547607421875,-0.0022125244140625,-0.0035858154296875,0.00247955322265625,-0.00499725341796875,-0.00179290771484375,-0.0026702880859375,-0.00652313232421875,0.160064697265625,-0.16845703125,0.110321044921875,0.063934326171875,0.102386474609375,0.120086669921875,0.21575927734375,0.321044921875,0.13397216796875,0.25177001953125,0.194549560546875,0.041656494140625,0.17608642578125,0.116729736328125,0.86395263671875,-3.089752197265625,-4.2053985595703125,1.2499618530273438
772,0.386,-0.0,-0.0,-0.0,-0.0,-0.0,-0.0,-0.0,-0.0,-0.0,-0.0,-0.0,-0.0,11.292415618896484,12.65603256225586,-832.474853515625,239186.0,-20014.5859375,2041.046875,-0.0,-0.0,-0.0,-0.0,-0.0,-0.0,0.0101470947265625,0.00637054443359375,0.018157958984375,0.02185821533203125,0.01617431640625,0.01926422119140625,0.01102447509765625,0.02948760986328125,0.01056671142578125,0.01194000244140625,0.025482177734375,0.02391815185546875,0.014801025390625,0.0153350830078125,0.00514984130859375,0.03993988037109375,0.308990478515625,-0.007781982421875,0.11260986328125,0.074005126953125,0.04119873046875,0.04913330078125,0.142822265625,0.26397705078125,0.22674560546875,0.01373291015625,0.015411376953125,0.132293701171875,-0.91217041015625,-0.1922607421875,2.35015869140625,1.90521240234375,7.279350757598877,1.2499618530273438
773,0.3865,-0.0,-0.0,-0.0,-0.0,-0.0,-0.0,-0.0,-0.0,-0.0,-0.0,-0.0,-0.0,11.456846237182617,13.058511734008789,-833.0758056640625,239550.5625,-20213.23046875,2210.4384765625,-0.0,-0.0,-0.0,-0.0,-0.0,-0.0,0.0040435791015625,0.00431060791015625,0.00308990478515625,0.00232696533203125,0.0031280517578125,0.00377655029296875,0.00362396240234375,0.00667572021484375,0.00213623046875,0.00179290771484375,0.00385284423828125,0.00049591064453125,0.005035400390625,0.0040435791015625,0.00102996826171875,0.0060272216796875,-0.20538330078125,0.1422119140625,0.067138671875,0.118865966796875,0.06103515625,0.08056640625,-0.12451171875,0.15472412109375,0.0732421875,0.27862548828125,0.025177001953125,0.041046142578125,-0.07476806640625,-0.027618408203125,0.902252197265625,2.870330810546875,7.120940208435059,1.2499618530273438
774,0.387,-0.0,-0.0,-0.0,-0.0,-0.0,-0.0,-0.0,-0.0,-0.0,-0.0,-0.0,-0.0,11.50585651397705,13.031965255737305,-832.1327514648438,239617.4375,-20334.431640625,2159.916748046875,-0.0,-0.0,-0.0,-0.0,-0.0,-0.0,-0.01018524169921875,-0.0058746337890625,-0.0173187255859375,-0.02094268798828125,-0.016326904296875,-0.0213623046875,-0.00888824462890625,-0.0313568115234375,-0.007476806640625,-0.01216888427734375,-0.02376556396484375,-0.025177001953125,-0.0125885009765625,-0.01529693603515625,-0.0087738037109375,-0.0386810302734375,-0.01068115234375,0.17852783203125,0.053863525390625,0.08544921875,0.056915283203125,0.0775146484375,0.09246826171875,-0.0115966796875,-0.16448974609375,-0.16082763671875,0.072479248046875,0.188140869140625,0.746307373046875,0.300445556640625,-2.506866455078125,0.63873291015625,-6.977579116821289,1.2499618530273438
775,0.3875,-0.0,-0.0,-0.0,-0.0,-0.0,-0.0,-0.0,-0.0,-0.0,-0.0,-0.0,-0.0,11.647958755493164,13.539945602416992,-829.1925659179688,238589.0,-20152.556640625,2143.04541015625,-0.0,-0.0,-0.0,-0.0,-0.0,-0.0,-0.00011444091796875,-0.0028228759765625,-0.004425048828125,-0.00408172607421875,-0.0019073486328125,-0.00030517578125,-0.0026702880859375,-0.00331878662109375,0.00087738037109375,-0.00286102294921875,-0.003662109375,-0.00408172607421875,-0.00560760498046875,-0.00213623046875,-0.00095367431640625,-0.0055694580078125,0.291595458984375,0.041046142578125,0.05126953125,0.07598876953125,0.08819580078125,0.06500244140625,0.13458251953125,0.07080078125,0.52642822265625,0.213623046875,0.06988525390625,0.21728515625,0.0067138671875,0.09124755859375,-1.53350830078125,-3.8427734375,-6.50234842300415,1.2499618530273438
776,0.388,-0.0,-0.0,-0.0,-0.0,-0.0,-0.0,-0.0,-0.0,-0.0,-0.0,-0.0,-0.0,11.597014427185059,12.418817520141602,-826.44189453125,237432.9375,-19949.818359375,2151.728759765625,-0.0,-0.0,-0.0,-0.0,-0.0,-0.0,0.00972747802734375,0.0080108642578125,0.0159454345703125,0.02201080322265625,0.01529693603515625,0.0194549560546875,0.01068115234375,0.032196044921875,0.00926971435546875,0.0141143798828125,0.02410888671875,0.02643585205078125,0.01537322998046875,0.0153350830078125,0.00762939453125,0.0389862060546875,0.0042724609375,0.024261474609375,0.105743408203125,0.050201416015625,0.036163330078125,0.078277587890625,0.18280029296875,-0.05462646484375,0.28900146484375,0.2130126953125,0.10406494140625,0.05523681640625,-0.5694580078125,-0.106201171875,3.718414306640625,1.223602294921875,7.754581928253174,1.2499618530273438
777,0.3885,-0.0,-0.0,-0.0,-0.0,-0.0,-0.0,-0.0,-0.0,-0.0,-0.0,-0.0,-0.0,11.48455810546875,11.169219970703125,-822.6143188476562,235950.828125,-19847.453125,2134.26123046875,-0.0,-0.0,-0.0,-0.0,-0.0,-0.0,0.002288818359375,0.0035858154296875,0.00339508056640625,0.0041961669921875,0.00339508056640625,0.001983642578125,0.0040435791015625,0.0057220458984375,0.000152587890625,0.003204345703125,0.00492095947265625,0.00423431396484375,0.0067901611328125,0.00232696533203125,0.0012969970703125,0.00823974609375,0.33111572265625,0.12603759765625,0.044403076171875,0.036468505859375,0.093231201171875,0.068359375,0.06805419921875,0.26580810546875,0.24627685546875,0.21209716796875,0.098876953125,-0.09918212890625,-0.009002685546875,0.02227783203125,1.62567138671875,4.1510009765625,5.299221515655518,1.2499618530273438
778,0.389,-0.0,-0.0,-0.0,-0.0,-0.0,-0.0,-0.0,-0.0,-0.0,-0.0,-0.0,-0.0,12.129680633544922,9.87226676940918,-816.9366455078125,234413.640625,-20088.349609375,2179.927734375,-0.0,-0.0,-0.0,-0.0,-0.0,-0.0,-0.00736236572265625,-0.00766754150390625,-0.015869140625,-0.02246856689453125,-0.015411376953125,-0.01895904541015625,-0.011138916015625,-0.03116607666015625,-0.00827789306640625,-0.0119781494140625,-0.02384185791015625,-0.02216339111328125,-0.01537322998046875,-0.01430511474609375,-0.0048828125,-0.04001617431640625,-0.038604736328125,0.0115966796875,0.10467529296875,0.095977783203125,-0.062713623046875,0.151824951171875,0.06866455078125,0.1824951171875,0.172119140625,0.18951416015625,0.074920654296875,0.05706787109375,0.7000732421875,0.16876220703125,-0.612335205078125,-1.2969970703125,-5.235065460205078,1.2499618530273438
779,0.3895,-0.0,-0.0,-0.0,-0.0,-0.0,-0.0,-0.0,-0.0,-0.0,-0.0,-0.0,-0.0,12.214377403259277,8.543734550476074,-812.988525390625,232976.109375,-20179.158203125,2112.370849609375,-0.0,-0.0,-0.0,-0.0,-0.0,-0.0,-0.00064849853515625,-0.00293731689453125,-0.00232696533203125,-0.00270843505859375,-0.00293731689453125,-0.003814697265625,-0.00270843505859375,-0.0052642822265625,0.00080108642578125,-0.00095367431640625,-0.00308990478515625,-0.00469207763671875,-0.00614166259765625,-0.00270843505859375,-0.00064849853515625,-0.0055694580078125,-0.103607177734375,0.137786865234375,0.094146728515625,0.112762451171875,0.210113525390625,0.11474609375,0.19866943359375,-0.09735107421875,0.02532958984375,0.19561767578125,0.069427490234375,0.083160400390625,0.1324462890625,0.121002197265625,-1.341094970703125,-4.0875244140625,-6.50234842300415,1.2499618530273438
780,0.39,-0.0,-0.0,-0.0,-0.0,-0.0,-0.0,-0.0,-0.0,-0.0,-0.0,-0.0,-0.0,12.872406005859375,7.507343292236328,-809.1680908203125,232165.46875,-20584.97265625,2248.355224609375,-0.0,-0.0,-0.0,-0.0,-0.0,-0.0,0.00835418701171875,0.00720977783203125,0.01583099365234375,0.02193450927734375,0.01567840576171875,0.01911163330078125,0.01148223876953125,0.0324249267578125,0.01033782958984375,0.011138916015625,0.0258636474609375,0.023345947265625,0.01941680908203125,0.01346588134765625,0.008392333984375,0.0389862060546875,0.112762451171875,0.06317138671875,-0.002899169921875,0.094146728515625,0.130157470703125,0.046844482421875,0.11962890625,0.2520751953125,-0.39154052734375,0.16326904296875,0.0653076171875,0.071563720703125,-0.7373046875,-0.135498046875,3.209228515625,3.093719482421875,6.962530136108398,1.2499618530273438
781,0.3905,-0.0,-0.0,-0.0,-0.0,-0.0,-0.0,-0.0,-0.0,-0.0,-0.0,-0.0,-0.0,13.913470268249512,6.447483062744141,-807.5521240234375,231475.90625,-20971.6484375,2350.26953125,-0.0,-0.0,-0.0,-0.0,-0.0,-0.0,0.00072479248046875,0.00339508056640625,0.003509521484375,0.0048828125,0.00324249267578125,0.00354766845703125,0.0035858154296875,0.0060272216796875,-0.00041961669921875,0.001983642578125,0.0067901611328125,0.0048065185546875,0.00797271728515625,0.00110626220703125,0.00194549560546875,0.004730224609375,0.16326904296875,0.159912109375,0.097503662109375,0.045928955078125,0.112457275390625,0.105743408203125,0.0994873046875,0.12298583984375,0.34423828125,0.12847900390625,0.07537841796875,0.137176513671875,0.048675537109375,0.228271484375,1.66015625,4.6099853515625,5.378426551818848,1.2499618530273438
782,0.391,-0.0,-0.0,-0.0,-0.0,-0.0,-0.0,-0.0,-0.0,-0.0,-0.0,-0.0,-0.0,14.328530311584473,5.29049825668335,-808.1182861328125,231154.75,-21181.162109375,2372.200439453125,-0.0,-0.0,-0.0,-0.0,-0.0,-0.0,-0.00652313232421875,-0.009002685546875,-0.01678466796875,-0.0212860107421875,-0.017547607421875,-0.01903533935546875,-0.00957489013671875,-0.03101348876953125,-0.00701904296875,-0.01064300537109375,-0.02471923828125,-0.02399444580078125,-0.01468658447265625,-0.0150299072265625,-0.006561279296875,-0.0374603271484375,-0.04486083984375,-0.18890380859375,0.142059326171875,0.08514404296875,0.11383056640625,0.12939453125,0.05401611328125,-0.11199951171875,0.21636962890625,0.18707275390625,0.0506591796875,0.19866943359375,0.55816650390625,0.094146728515625,-1.975250244140625,-0.2215576171875,-4.522219181060791,1.2499618530273438
783,0.3915,-0.0,-0.0,-0.0,-0.0,-0.0,-0.0,-0.0,-0.0,-0.0,-0.0,-0.0,-0.0,13.73581600189209,3.738095760345459,-807.767333984375,231295.796875,-21354.6015625,2017.4102783203125,-0.0,-0.0,-0.0,-0.0,-0.0,-0.0,-0.001068115234375,-0.000762939453125,-0.00255584716796875,-0.00324249267578125,-0.00156402587890625,-0.00244140625,-0.00270843505859375,-0.0029754638671875,-0.00011444091796875,-0.003814697265625,-0.00274658203125,-0.00308990478515625,-0.00492095947265625,-0.00156402587890625,-7.62939453125e-05,-0.005340576171875,0.122222900390625,0.247650146484375,0.0677490234375,0.07293701171875,0.0286865234375,0.031585693359375,0.21453857421875,0.4888916015625,0.24566650390625,-0.0408935546875,0.065765380859375,0.16082763671875,0.544281005859375,0.112152099609375,-0.8306884765625,-3.34808349609375,-6.343937873840332,1.2499618530273438
784,0.392,-0.0,-0.0,-0.0,-0.0,-0.0,-0.0,-0.0,-0.0,-0.0,-0.0,-0.0,-0.0,13.38085651397705,3.1795806884765625,-809.8856811523438,231553.84375,-21760.533203125,1706.013671875,-0.0,-0.0,-0.0,-0.0,-0.0,-0.0,0.00690460205078125,0.00843048095703125,0.01773834228515625,0.02223968505859375,0.01674652099609375,0.0189971923828125,0.013427734375,0.0299835205078125,0.0101470947265625,0.01003265380859375,0.0267791748046875,0.02475738525390625,0.01514434814453125,0.0157928466796875,0.00621795654296875,0.0397491455078125,-0.06988525390625,0.169219970703125,0.079193115234375,0.04302978515625,0.055999755859375,0.028076171875,0.3179931640625,0.12298583984375,0.1397705078125,0.10589599609375,0.11566162109375,0.0225830078125,-0.60821533203125,0.057830810546875,3.080596923828125,2.172698974609375,7.437760829925537,1.2499618530273438
785,0.3925,-0.0,-0.0,-0.0,-0.0,-0.0,-0.0,-0.0,-0.0,-0.0,-0.0,-0.0,-0.0,13.366218566894531,2.509922504425049,-810.3495483398438,231761.625,-21965.388671875,1542.939453125,-0.0,-0.0,-0.0,-0.0,-0.0,-0.0,0.000457763671875,0.00339508056640625,0.00377655029296875,0.003509521484375,0.0043487548828125,0.00171661376953125,0.0023651123046875,0.0049591064453125,0.00194549560546875,0.00270843505859375,0.0067901611328125,0.00530242919921875,0.00640869140625,0.003814697265625,0.00030517578125,0.007476806640625,0.020294189453125,0.090179443359375,0.079803466796875,0.10162353515625,0.035858154296875,0.091705322265625,-0.12664794921875,0.257568359375,0.12939453125,0.16357421875,0.08331298828125,0.03204345703125,-0.05889892578125,0.19195556640625,1.719970703125,3.871612548828125,6.566504001617432,1.2499618530273438
786,0.393,-0.0,-0.0,-0.0,-0.0,-0.0,-0.0,-0.0,-0.0,-0.0,-0.0,-0.0,-0.0,14.371147155761719,2.7455317974090576,-812.126708984375,232063.375,-22423.1796875,1573.2777099609375,-0.0,-0.0,-0.0,-0.0,-0.0,-0.0,-0.01010894775390625,-0.0074005126953125,-0.0157928466796875,-0.02044677734375,-0.0153350830078125,-0.01827239990234375,-0.0109100341796875,-0.03040313720703125,-0.01110076904296875,-0.0116729736328125,-0.02353668212890625,-0.0247955322265625,-0.0151824951171875,-0.01556396484375,-0.0040435791015625,-0.04093170166015625,0.0799560546875,0.01220703125,0.05218505859375,0.0872802734375,0.063323974609375,0.0701904296875,0.0836181640625,0.3314208984375,0.0799560546875,0.224609375,0.108489990234375,-0.020904541015625,0.5816650390625,0.15411376953125,-2.613067626953125,-1.676483154296875,-3.0965261459350586,1.2499618530273438
787,0.3935,-0.0,-0.0,-0.0,-0.0,-0.0,-0.0,-0.0,-0.0,-0.0,-0.0,-0.0,-0.0,16.0418643951416,3.2826249599456787,-812.9122924804688,232683.484375,-22839.49609375,1628.9305419921875,-0.0,-0.0,-0.0,-0.0,-0.0,-0.0,-0.0006103515625,-0.0032806396484375,-0.00347137451171875,-0.00286102294921875,-0.00400543212890625,-0.00286102294921875,-0.00308990478515625,-0.0038909912109375,-0.00049591064453125,-0.00247955322265625,-0.0028228759765625,-0.0031280517578125,-0.00591278076171875,-0.00217437744140625,-0.0006866455078125,-0.0049591064453125,0.18402099609375,0.078277587890625,0.078887939453125,0.077362060546875,0.041656494140625,0.0750732421875,-0.00030517578125,0.00457763671875,0.1153564453125,0.21392822265625,0.09002685546875,-0.04852294921875,0.008697509765625,0.13580322265625,-0.95367431640625,-4.098358154296875,-5.710296630859375,1.2499618530273438
788,0.394,-0.0,-0.0,-0.0,-0.0,-0.0,-0.0,-0.0,-0.0,-0.0,-0.0,-0.0,-0.0,16.965709686279297,4.077669620513916,-814.2215576171875,233223.546875,-23272.99609375,1820.2635498046875,-0.0,-0.0,-0.0,-0.0,-0.0,-0.0,0.0098419189453125,0.00850677490234375,0.01888275146484375,0.0229644775390625,0.0182342529296875,0.01857757568359375,0.011749267578125,0.03055572509765625,0.010528564453125,0.01277923583984375,0.02552032470703125,0.02777099609375,0.01857757568359375,0.0148773193359375,0.0066375732421875,0.0391387939453125,0.113525390625,0.152130126953125,0.0860595703125,0.078582763671875,0.088653564453125,0.091705322265625,0.3509521484375,0.5169677734375,0.16021728515625,0.11077880859375,0.097808837890625,0.070343017578125,-0.62835693359375,0.110626220703125,3.608856201171875,4.131011962890625,6.487298965454102,1.2499618530273438
789,0.3945,-0.0,-0.0,-0.0,-0.0,-0.0,-0.0,-0.0,-0.0,-0.0,-0.0,-0.0,-0.0,18.43678855895996,4.511096477508545,-814.1030883789062,233397.5,-23782.3359375,2056.04296875,-0.0,-0.0,-0.0,-0.0,-0.0,-0.0,0.0037384033203125,0.00278472900390625,0.0016021728515625,0.0030517578125,0.00308990478515625,0.00423431396484375,0.0023651123046875,0.003662109375,0.00202178955078125,0.002288818359375,0.00438690185546875,0.00537872314453125,0.00698089599609375,0.00209808349609375,-7.62939453125e-05,0.00522613525390625,0.07598876953125,0.063323974609375,0.062103271484375,0.055084228515625,0.065155029296875,0.060882568359375,0.150146484375,0.09124755859375,0.07537841796875,0.03326416015625,-0.0897216796875,0.18646240234375,-0.113067626953125,0.056304931640625,2.019500732421875,3.9312744140625,-0.561960756778717,1.2499618530273438
790,0.395,-0.0,-0.0,-0.0,-0.0,-0.0,-0.0,-0.0,-0.0,-0.0,-0.0,-0.0,-0.0,20.21088981628418,4.821083068847656,-814.28125,233187.171875,-24353.66015625,2252.697509765625,-0.0,-0.0,-0.0,-0.0,-0.0,-0.0,-0.00766754150390625,-0.0078582763671875,-0.01491546630859375,-0.02315521240234375,-0.0145721435546875,-0.02048492431640625,-0.0107574462890625,-0.03009796142578125,-0.01010894775390625,-0.01110076904296875,-0.0258636474609375,-0.02285003662109375,-0.01972198486328125,-0.01537322998046875,-0.0067901611328125,-0.0382232666015625,0.053558349609375,0.03936767578125,0.073089599609375,0.0738525390625,0.0299072265625,0.086212158203125,0.10528564453125,0.08575439453125,0.10223388671875,0.1983642578125,0.104217529296875,0.224151611328125,0.913848876953125,0.12847900390625,-1.693267822265625,-2.1380615234375,-4.601424217224121,1.2499618530273438
791,0.3955,-0.0,-0.0,-0.0,-0.0,-0.0,-0.0,-0.0,-0.0,-0.0,-0.0,-0.0,-0.0,21.180500030517578,5.034336090087891,-813.1138305664062,232912.53125,-24896.033203125,2399.71044921875,-0.0,-0.0,-0.0,-0.0,-0.0,-0.0,-0.0012969970703125,-0.001678466796875,-0.00217437744140625,-0.00408172607421875,-0.0030517578125,-0.0037384033203125,-0.0029754638671875,-0.002899169921875,-0.0022125244140625,-0.00102996826171875,-0.003509521484375,-0.00278472900390625,-0.00499725341796875,-0.00133514404296875,0.00110626220703125,-0.00576019287109375,0.18157958984375,-0.00274658203125,0.08880615234375,0.062408447265625,0.09918212890625,0.0775146484375,0.14862060546875,-0.2069091796875,0.1739501953125,0.21697998046875,0.08819580078125,0.114288330078125,0.290069580078125,0.220489501953125,-0.077972412109375,-3.49151611328125,-4.9182448387146,1.2499618530273438
792,0.396,-0.0,-0.0,-0.0,-0.0,-0.0,-0.0,-0.0,-0.0,-0.0,-0.0,-0.0,-0.0,22.413097381591797,5.564266204833984,-812.9692993164062,232744.1875,-25700.43359375,2551.059814453125,-0.0,-0.0,-0.0,-0.0,-0.0,-0.0,0.0093841552734375,0.0077056884765625,0.018157958984375,0.02292633056640625,0.016326904296875,0.01911163330078125,0.01163482666015625,0.03162384033203125,0.0091552734375,0.0104522705078125,0.02796173095703125,0.0272369384765625,0.0186920166015625,0.01377105712890625,0.0078582763671875,0.03925323486328125,0.143280029296875,-0.020904541015625,0.04974365234375,0.080718994140625,-0.066070556640625,0.04547119140625,0.274658203125,0.37750244140625,0.05950927734375,0.140380859375,0.09002685546875,-0.110321044921875,-0.67138671875,0.01617431640625,4.156951904296875,2.569580078125,9.97232723236084,1.2499618530273438
793,0.3965,-0.0,-0.0,-0.0,-0.0,-0.0,-0.0,-0.0,-0.0,-0.0,-0.0,-0.0,-0.0,23.72804069519043,6.176896095275879,-812.824951171875,232193.546875,-26195.470703125,2672.67529296875,-0.0,-0.0,-0.0,-0.0,-0.0,-0.0,0.0009918212890625,0.00270843505859375,0.0037384033203125,0.0041961669921875,0.005645751953125,0.00213623046875,0.0014495849609375,0.00400543212890625,0.00213623046875,0.0054168701171875,0.00263214111328125,0.00247955322265625,0.004425048828125,0.00270843505859375,-0.00030517578125,0.0081634521484375,0.01617431640625,0.0067138671875,0.07080078125,0.081634521484375,0.37017822265625,0.0738525390625,0.1837158203125,0.65032958984375,0.18524169921875,-0.0347900390625,0.08087158203125,-0.0592041015625,-0.1300048828125,0.008392333984375,-0.01251220703125,3.697509765625,7.6753764152526855,1.2499618530273438
794,0.397,-0.0,-0.0,-0.0,-0.0,-0.0,-0.0,-0.0,-0.0,-0.0,-0.0,-0.0,-0.0,24.520715713500977,6.1097612380981445,-812.33203125,232332.9375,-26955.875,2844.0654296875,-0.0,-0.0,-0.0,-0.0,-0.0,-0.0,-0.00995635986328125,-0.0086212158203125,-0.01735687255859375,-0.021209716796875,-0.01560211181640625,-0.01926422119140625,-0.013427734375,-0.03154754638671875,-0.0095367431640625,-0.01384735107421875,-0.0263214111328125,-0.02582550048828125,-0.0165557861328125,-0.01522064208984375,-0.00537872314453125,-0.04093170166015625,0.05523681640625,0.125579833984375,0.056915283203125,0.0640869140625,-0.074615478515625,0.098724365234375,0.09613037109375,0.09735107421875,-0.10345458984375,0.0714111328125,0.09429931640625,0.096282958984375,0.560302734375,-0.043182373046875,-2.902069091796875,-2.0965576171875,-3.0173208713531494,1.2499618530273438
795,0.3975,-0.0,-0.0,-0.0,-0.0,-0.0,-0.0,-0.0,-0.0,-0.0,-0.0,-0.0,-0.0,24.844083786010742,5.371975421905518,-812.8668823242188,232024.65625,-27611.912109375,2967.977783203125,-0.0,-0.0,-0.0,-0.0,-0.0,-0.0,-0.00125885009765625,-0.00293731689453125,-0.0006866455078125,-0.0029754638671875,-0.00335693359375,-0.00217437744140625,-0.0009918212890625,-0.00278472900390625,0.0005340576171875,0.00049591064453125,-0.0025177001953125,-0.00225067138671875,-0.00499725341796875,-0.00316619873046875,0.0014495849609375,-0.00499725341796875,0.16326904296875,-0.05828857421875,-0.037384033203125,0.081939697265625,0.349578857421875,0.108184814453125,0.064697265625,0.218505859375,0.65399169921875,0.15625,0.0909423828125,0.2294921875,0.19866943359375,0.113372802734375,-0.257110595703125,-2.98309326171875,-5.314270973205566,1.2499618530273438
796,0.398,-0.0,-0.0,-0.0,-0.0,-0.0,-0.0,-0.0,-0.0,-0.0,-0.0,-0.0,-0.0,24.354354858398438,4.8734893798828125,-813.09326171875,231500.875,-28128.095703125,2948.425048828125,-0.0,-0.0,-0.0,-0.0,-0.0,-0.0,0.00896453857421875,0.005340576171875,0.0176239013671875,0.022125244140625,0.0159454345703125,0.01781463623046875,0.0119781494140625,0.0295257568359375,0.00972747802734375,0.010986328125,0.0251007080078125,0.02613067626953125,0.01678466796875,0.01636505126953125,0.00640869140625,0.039520263671875,0.01007080078125,0.026092529296875,0.133514404296875,0.065765380859375,0.175323486328125,0.0634765625,0.27984619140625,-0.03753662109375,-0.20111083984375,0.206298828125,0.08148193359375,0.146484375,-0.88836669921875,-0.190277099609375,2.698211669921875,3.00567626953125,6.328888893127441,1.2499618530273438
797,0.3985,-0.0,-0.0,-0.0,-0.0,-0.0,-0.0,-0.0,-0.0,-0.0,-0.0,-0.0,-0.0,22.37110137939453,3.7616283893585205,-813.3974609375,231601.515625,-28398.72265625,2399.20849609375,-0.0,-0.0,-0.0,-0.0,-0.0,-0.0,0.00194549560546875,0.00690460205078125,0.00396728515625,0.0052642822265625,0.0035858154296875,0.0035858154296875,0.00324249267578125,0.00438690185546875,0.0014495849609375,0.00308990478515625,0.0061798095703125,-0.0012969970703125,0.00286102294921875,0.00316619873046875,0.0006866455078125,0.00675201416015625,-0.213165283203125,0.215911865234375,0.11993408203125,0.06805419921875,0.071868896484375,0.026397705078125,0.267333984375,0.1995849609375,0.61126708984375,0.2081298828125,0.106964111328125,0.01739501953125,0.250701904296875,0.089569091796875,-0.08270263671875,3.325347900390625,7.0417351722717285,1.2499618530273438
798,0.399,-0.0,-0.0,-0.0,-0.0,-0.0,-0.0,-0.0,-0.0,-0.0,-0.0,-0.0,-0.0,19.97599220275879,2.9347832202911377,-817.3638916015625,232097.140625,-28488.013671875,1836.604736328125,-0.0,-0.0,-0.0,-0.0,-0.0,-0.0,-0.008697509765625,-0.0081634521484375,-0.01636505126953125,-0.02185821533203125,-0.016632080078125,-0.0203704833984375,-0.01094818115234375,-0.0298309326171875,-0.01125335693359375,-0.01125335693359375,-0.0243377685546875,-0.02216339111328125,-0.0196075439453125,-0.014495849609375,-0.0066375732421875,-0.03894805908203125,0.11810302734375,0.102081298828125,0.05859375,0.067901611328125,0.02288818359375,0.056610107421875,0.18463134765625,0.059814453125,-0.14739990234375,0.30059814453125,0.08087158203125,0.019378662109375,0.7318115234375,0.20263671875,-2.09014892578125,-2.275543212890625,-4.7598347663879395,1.2499618530273438
799,0.3995,-0.0,-0.0,-0.0,-0.0,-0.0,-0.0,-0.0,-0.0,-0.0,-0.0,-0.0,-0.0,18.278236389160156,2.858583450317383,-820.8253784179688,232571.828125,-28311.025390625,1360.7281494140625,-0.0,-0.0,-0.0,-0.0,-0.0,-0.0,-0.00370025634765625,-0.0048828125,-0.0016021728515625,-0.00030517578125,-0.001678466796875,-0.0037384033203125,-0.00400543212890625,-0.00457763671875,0.00118255615234375,-0.00148773193359375,-0.00370025634765625,0.0014495849609375,-0.00797271728515625,-0.00225067138671875,-0.0006866455078125,-0.00415802001953125,0.023345947265625,0.01922607421875,0.05645751953125,0.08819580078125,0.0054931640625,0.084381103515625,0.30975341796875,0.16998291015625,0.2337646484375,-0.02777099609375,0.080108642578125,0.097503662109375,0.122833251953125,0.11993408203125,0.658111572265625,-4.045257568359375,-5.076655387878418,1.2499618530273438
800,0.4,-0.0,-0.0,-0.0,-0.0,-0.0,-0.0,-0.0,-0.0,-0.0,-0.0,-0.0,-0.0,16.782670974731445,3.091259002685547,-823.4419555664062,232927.125,-28229.09765625,1063.0635986328125,-0.0,-0.0,-0.0,-0.0,-0.0,-0.0,0.01026153564453125,0.00347137451171875,0.017852783203125,0.0212860107421875,0.01667022705078125,0.02063751220703125,0.00934600830078125,0.03208160400390625,0.00980377197265625,0.01190185546875,0.024261474609375,0.02559661865234375,0.01689910888671875,0.01495361328125,0.00652313232421875,0.0395965576171875,0.130462646484375,0.037994384765625,0.064239501953125,0.080413818359375,0.017547607421875,0.065460205078125,0.3338623046875,0.3179931640625,0.364990234375,-0.0341796875,0.05279541015625,0.147857666015625,-0.83221435546875,-0.06439208984375,2.5238037109375,1.846771240234375,6.170478343963623,1.2499618530273438
801,0.4005,-0.0,-0.0,-0.0,-0.0,-0.0,-0.0,-0.0,-0.0,-0.0,-0.0,-0.0,-0.0,15.008539199829102,3.038925886154175,-827.1917114257812,233473.015625,-27927.58203125,823.3541259765625,-0.0,-0.0,-0.0,-0.0,-0.0,-0.0,0.00293731689453125,0.00263214111328125,0.0025177001953125,0.00476837158203125,0.0009918212890625,0.0032806396484375,0.00087738037109375,0.00698089599609375,0.00316619873046875,0.0017547607421875,0.0041961669921875,0.00202178955078125,0.00377655029296875,0.00225067138671875,0.002593994140625,0.0067901611328125,0.31280517578125,-0.0604248046875,0.068359375,0.075836181640625,-0.08514404296875,0.111236572265625,0.169677734375,-0.02044677734375,0.4510498046875,-0.0286865234375,0.117950439453125,0.076446533203125,-0.10162353515625,0.025787353515625,1.1358642578125,2.666473388671875,7.279350757598877,1.2499618530273438
802,0.401,-0.0,-0.0,-0.0,-0.0,-0.0,-0.0,-0.0,-0.0,-0.0,-0.0,-0.0,-0.0,14.390652656555176,3.0359251499176025,-829.3770751953125,233120.125,-27870.673828125,657.0921630859375,-0.0,-0.0,-0.0,-0.0,-0.0,-0.0,-0.00843048095703125,-0.006561279296875,-0.016021728515625,-0.02155303955078125,-0.01476287841796875,-0.0174713134765625,-0.0077056884765625,-0.0301361083984375,-0.00972747802734375,-0.01216888427734375,-0.02506256103515625,-0.023040771484375,-0.01262664794921875,-0.0128936767578125,-0.0054168701171875,-0.0376129150390625,0.148468017578125,0.06927490234375,0.096893310546875,0.088958740234375,-0.090179443359375,0.121307373046875,0.5230712890625,0.2166748046875,0.35003662109375,0.26031494140625,0.06011962890625,0.027618408203125,0.71868896484375,0.216064453125,-1.827545166015625,0.6103515625,-2.700500249862671,1.2499618530273438
803,0.4015,-0.0,-0.0,-0.0,-0.0,-0.0,-0.0,-0.0,-0.0,-0.0,-0.0,-0.0,-0.0,14.1937255859375,3.016794204711914,-829.6497802734375,232749.984375,-28008.73046875,574.4776000976562,-0.0,-0.0,-0.0,-0.0,-0.0,-0.0,-0.00232696533203125,-0.0052642822265625,-0.00232696533203125,-0.00225067138671875,-0.00186920166015625,-0.00171661376953125,-0.00370025634765625,-0.00514984130859375,-0.00102996826171875,0.0029754638671875,-0.004119873046875,-0.003204345703125,-0.00522613525390625,-0.00370025634765625,0.00263214111328125,-0.00518798828125,-0.11993408203125,0.027313232421875,0.088348388671875,0.088043212890625,0.528717041015625,0.0592041015625,-0.0146484375,0.2587890625,0.15228271484375,0.1947021484375,0.04180908203125,0.03448486328125,0.125885009765625,-0.01983642578125,-1.21429443359375,-3.68682861328125,-6.898374080657959,1.2499618530273438
804,0.402,-0.0,-0.0,-0.0,-0.0,-0.0,-0.0,-0.0,-0.0,-0.0,-0.0,-0.0,-0.0,15.188700675964355,3.019663095474243,-828.81982421875,232208.703125,-28222.80078125,902.2785034179688,-0.0,-0.0,-0.0,-0.0,-0.0,-0.0,0.006561279296875,0.01041412353515625,0.0170135498046875,0.023040771484375,0.01689910888671875,0.01861572265625,0.01148223876953125,0.03047943115234375,0.0122833251953125,0.01148223876953125,0.0273895263671875,0.0241851806640625,0.0186920166015625,0.0124359130859375,0.0067901611328125,0.03772735595703125,0.054931640625,0.200042724609375,0.067596435546875,0.088043212890625,0.187530517578125,0.05157470703125,-0.042724609375,0.21759033203125,0.11749267578125,0.140380859375,0.150604248046875,0.096435546875,-0.503082275390625,-0.19989013671875,3.30230712890625,2.860870361328125,7.200145721435547,1.2499618530273438
805,0.4025,-0.0,-0.0,-0.0,-0.0,-0.0,-0.0,-0.0,-0.0,-0.0,-0.0,-0.0,-0.0,16.430477142333984,3.267902374267578,-829.1685180664062,231811.703125,-28735.654296875,1555.0455322265625,-0.0,-0.0,-0.0,-0.0,-0.0,-0.0,0.00179290771484375,0.0045013427734375,0.002593994140625,0.0038909912109375,0.00156402587890625,0.002288818359375,0.00347137451171875,0.00644683837890625,0.002899169921875,0.00141143798828125,0.00377655029296875,0.00209808349609375,0.00690460205078125,0.0031280517578125,0.00133514404296875,0.0069427490234375,0.122222900390625,0.058135986328125,0.06744384765625,0.07781982421875,0.1214599609375,0.076141357421875,0.267333984375,-0.03753662109375,0.14251708984375,0.191650390625,-0.01434326171875,0.182037353515625,-0.001678466796875,0.108489990234375,1.285247802734375,4.517822265625,7.833786964416504,1.2499618530273438
806,0.403,-0.0,-0.0,-0.0,-0.0,-0.0,-0.0,-0.0,-0.0,-0.0,-0.0,-0.0,-0.0,18.557554244995117,3.814758062362671,-829.3688354492188,231333.609375,-29280.091796875,1948.0142822265625,-0.0,-0.0,-0.0,-0.0,-0.0,-0.0,-0.00682830810546875,-0.009918212890625,-0.01590728759765625,-0.02193450927734375,-0.01544952392578125,-0.018157958984375,-0.01071929931640625,-0.028839111328125,-0.01220703125,-0.0110626220703125,-0.02498626708984375,-0.02071380615234375,-0.01621246337890625,-0.0150299072265625,-0.004730224609375,-0.0397491455078125,0.1788330078125,0.064849853515625,0.070648193359375,0.07476806640625,0.004425048828125,0.08758544921875,0.12481689453125,0.03997802734375,0.08392333984375,0.31494140625,0.027313232421875,0.04791259765625,0.52520751953125,0.2777099609375,-0.9326171875,-1.498870849609375,-3.7301673889160156,1.2499618530273438
807,0.4035,-0.0,-0.0,-0.0,-0.0,-0.0,-0.0,-0.0,-0.0,-0.0,-0.0,-0.0,-0.0,19.8712158203125,3.339149236679077,-829.584228515625,230936.15625,-29883.021484375,2435.46728515625,-0.0,-0.0,-0.0,-0.0,-0.0,-0.0,-0.00255584716796875,-0.00396728515625,-0.00202178955078125,-0.00225067138671875,-0.0042724609375,-0.0042724609375,-0.0035858154296875,-0.00396728515625,-0.00049591064453125,-0.0032806396484375,-0.00461578369140625,-0.00354766845703125,-0.0049591064453125,-0.00186920166015625,0.00049591064453125,-0.00492095947265625,0.049285888671875,0.083770751953125,0.09552001953125,0.07720947265625,0.01800537109375,0.09552001953125,0.14984130859375,-0.101318359375,0.05126953125,0.10284423828125,0.06988525390625,-0.1031494140625,-0.04638671875,-0.0177001953125,-0.71533203125,-2.617034912109375,-6.5815534591674805,1.2499618530273438
808,0.404,-0.0,-0.0,-0.0,-0.0,-0.0,-0.0,-0.0,-0.0,-0.0,-0.0,-0.0,-0.0,21.609708786010742,3.213963508605957,-828.3961791992188,230190.546875,-30333.2734375,2840.04296875,-0.0,-0.0,-0.0,-0.0,-0.0,-0.0,0.00965118408203125,0.007171630859375,0.01834869384765625,0.02246856689453125,0.01987457275390625,0.01865386962890625,0.01117706298828125,0.03025054931640625,0.010986328125,0.01079559326171875,0.0251007080078125,0.02452850341796875,0.01506805419921875,0.01678466796875,0.0035858154296875,0.04024505615234375,0.13153076171875,0.129241943359375,0.055084228515625,0.078582763671875,0.067291259765625,0.06805419921875,0.1953125,0.7342529296875,0.18798828125,0.12359619140625,0.093994140625,-0.002288818359375,-0.633544921875,-0.23345947265625,2.568817138671875,2.231903076171875,7.0417351722717285,1.2499618530273438
809,0.4045,-0.0,-0.0,-0.0,-0.0,-0.0,-0.0,-0.0,-0.0,-0.0,-0.0,-0.0,-0.0,22.656946182250977,2.2608234882354736,-826.5100708007812,228961.0625,-30636.25,3487.380615234375,-0.0,-0.0,-0.0,-0.0,-0.0,-0.0,0.00213623046875,0.00560760498046875,0.00247955322265625,0.00415802001953125,0.00354766845703125,0.00560760498046875,0.0031280517578125,0.00568389892578125,0.000457763671875,0.00240325927734375,0.00560760498046875,0.0022125244140625,0.00431060791015625,0.00194549560546875,0.00030517578125,0.0048828125,0.0592041015625,0.065460205078125,0.071258544921875,0.07843017578125,0.230865478515625,0.06439208984375,0.255126953125,0.2154541015625,0.12908935546875,0.205078125,0.0933837890625,0.130157470703125,0.38848876953125,0.078582763671875,0.42205810546875,2.462158203125,6.80411958694458,1.2499618530273438
810,0.405,-0.0,-0.0,-0.0,-0.0,-0.0,-0.0,-0.0,-0.0,-0.0,-0.0,-0.0,-0.0,24.200576782226562,1.3248252868652344,-824.6246948242188,227981.8125,-30912.91015625,3832.29736328125,-0.0,-0.0,-0.0,-0.0,-0.0,-0.0,-0.009002685546875,-0.011444091796875,-0.01712799072265625,-0.0225830078125,-0.01628875732421875,-0.01781463623046875,-0.0107574462890625,-0.03200531005859375,-0.00804901123046875,-0.013275146484375,-0.0246429443359375,-0.023193359375,-0.0146484375,-0.01361846923828125,-0.0049591064453125,-0.03856658935546875,0.1043701171875,0.09735107421875,0.0445556640625,0.077667236328125,0.0701904296875,0.04547119140625,-0.0732421875,0.2227783203125,0.10345458984375,0.20538330078125,0.0640869140625,0.274200439453125,0.47515869140625,0.064239501953125,-1.85760498046875,-1.38671875,-4.046988010406494,1.2499618530273438
811,0.4055,-0.0,-0.0,-0.0,-0.0,-0.0,-0.0,-0.0,-0.0,-0.0,-0.0,-0.0,-0.0,24.484176635742188,0.6186431646347046,-821.62451171875,226500.375,-31118.435546875,4016.3349609375,-0.0,-0.0,-0.0,-0.0,-0.0,-0.0,-0.002288818359375,-0.00255584716796875,-0.003662109375,-0.00225067138671875,-0.00274658203125,-0.0020599365234375,-0.0037384033203125,-0.00720977783203125,-0.00110626220703125,-0.00041961669921875,-0.0031280517578125,-0.00125885009765625,-0.00240325927734375,-0.0019073486328125,-0.001220703125,-0.00431060791015625,0.256500244140625,-0.07659912109375,0.137176513671875,0.06744384765625,0.061492919921875,0.1641845703125,0.23162841796875,-0.09246826171875,0.20111083984375,0.128173828125,0.065460205078125,0.19317626953125,0.280609130859375,-0.035400390625,0.5950927734375,-2.110595703125,-7.452810287475586,1.2499618530273438
812,0.406,-0.0,-0.0,-0.0,-0.0,-0.0,-0.0,-0.0,-0.0,-0.0,-0.0,-0.0,-0.0,22.90511703491211,-0.21197566390037537,-820.6458740234375,225832.671875,-30961.833984375,3807.302978515625,-0.0,-0.0,-0.0,-0.0,-0.0,-0.0,0.0089263916015625,0.0077056884765625,0.01689910888671875,0.0226593017578125,0.01678466796875,0.01861572265625,0.00957489013671875,0.0333404541015625,0.00720977783203125,0.01148223876953125,0.0273895263671875,0.0240325927734375,0.01811981201171875,0.01483917236328125,0.008392333984375,0.0388336181640625,0.28717041015625,0.014190673828125,0.102386474609375,0.0787353515625,0.064697265625,0.066680908203125,0.24871826171875,0.3582763671875,-0.52581787109375,0.15899658203125,0.089569091796875,0.011138916015625,-0.6402587890625,0.2105712890625,3.2012939453125,3.11309814453125,7.358555793762207,1.2499618530273438
813,0.40650000000000003,-0.0,-0.0,-0.0,-0.0,-0.0,-0.0,-0.0,-0.0,-0.0,-0.0,-0.0,-0.0,19.427661895751953,-0.9009900689125061,-820.7862548828125,225316.296875,-30572.578125,3116.647705078125,-0.0,-0.0,-0.0,-0.0,-0.0,-0.0,0.00324249267578125,0.00423431396484375,0.0026702880859375,0.002593994140625,0.00225067138671875,0.00415802001953125,0.002593994140625,0.0069427490234375,-0.00225067138671875,0.0038909912109375,0.004730224609375,0.002288818359375,0.00118255615234375,0.0025177001953125,0.0009918212890625,0.0046539306640625,-0.361785888671875,0.064849853515625,0.108184814453125,0.087890625,-0.0140380859375,0.08148193359375,0.16357421875,0.11199951171875,0.40771484375,0.00579833984375,0.12603759765625,-0.069580078125,0.14312744140625,0.12969970703125,1.149749755859375,1.168670654296875,5.8536577224731445,1.2499618530273438
814,0.40700000000000003,-0.0,-0.0,-0.0,-0.0,-0.0,-0.0,-0.0,-0.0,-0.0,-0.0,-0.0,-0.0,16.678112030029297,-0.8832168579101562,-820.6456298828125,225328.53125,-30479.734375,2378.92431640625,-0.0,-0.0,-0.0,-0.0,-0.0,-0.0,-0.0091552734375,-0.0109100341796875,-0.01773834228515625,-0.02086639404296875,-0.017242431640625,-0.0179290771484375,-0.0115203857421875,-0.0292205810546875,-0.01186370849609375,-0.0127410888671875,-0.025177001953125,-0.02475738525390625,-0.01262664794921875,-0.0148773193359375,-0.0049591064453125,-0.039520263671875,-0.062255859375,0.06256103515625,0.08819580078125,0.072021484375,-0.145263671875,0.033416748046875,0.16082763671875,0.1153564453125,0.51361083984375,0.14617919921875,0.078125,0.052337646484375,0.2435302734375,0.11749267578125,-2.186431884765625,-0.732421875,-3.967782974243164,1.2499618530273438
815,0.40750000000000003,-0.0,-0.0,-0.0,-0.0,-0.0,-0.0,-0.0,-0.0,-0.0,-0.0,-0.0,-0.0,14.992122650146484,-0.8300528526306152,-822.1130981445312,225314.515625,-30701.060546875,2015.798095703125,-0.0,-0.0,-0.0,-0.0,-0.0,-0.0,-0.00274658203125,-0.0051116943359375,-0.00263214111328125,-0.00240325927734375,-0.0019073486328125,-0.002288818359375,-0.000762939453125,-0.0060272216796875,-0.00202178955078125,0.00087738037109375,-0.00316619873046875,-0.00057220458984375,-0.00431060791015625,-0.003662109375,0.0,-0.00560760498046875,0.09918212890625,0.064697265625,0.086212158203125,0.08575439453125,0.1190185546875,0.055389404296875,-0.0592041015625,0.089111328125,0.1483154296875,0.17333984375,0.050506591796875,0.057830810546875,0.034332275390625,0.000762939453125,-0.52093505859375,-2.05474853515625,-6.50234842300415,1.2499618530273438
816,0.40800000000000003,-0.0,-0.0,-0.0,-0.0,-0.0,-0.0,-0.0,-0.0,-0.0,-0.0,-0.0,-0.0,15.028459548950195,-1.0949766635894775,-824.7676391601562,225447.46875,-31023.611328125,2056.872314453125,-0.0,-0.0,-0.0,-0.0,-0.0,-0.0,0.00820159912109375,0.0101470947265625,0.0170135498046875,0.02307891845703125,0.016021728515625,0.019989013671875,0.01300811767578125,0.02994537353515625,0.01026153564453125,0.012359619140625,0.0264739990234375,0.02521514892578125,0.0162506103515625,0.01522064208984375,0.0061798095703125,0.038909912109375,0.150146484375,0.18951416015625,0.068817138671875,0.07720947265625,0.431365966796875,0.08392333984375,0.24383544921875,-0.23040771484375,0.101318359375,0.1708984375,0.051727294921875,0.062713623046875,-0.56427001953125,0.001983642578125,3.304290771484375,2.691650390625,8.54663372039795,1.2499618530273438
817,0.40850000000000003,-0.0,-0.0,-0.0,-0.0,-0.0,-0.0,-0.0,-0.0,-0.0,-0.0,-0.0,-0.0,15.686243057250977,0.03641228377819061,-826.5138549804688,225731.5,-31452.94921875,2187.9599609375,-0.0,-0.0,-0.0,-0.0,-0.0,-0.0,-0.00087738037109375,0.0045013427734375,0.00385284423828125,0.00240325927734375,0.0054168701171875,0.00339508056640625,0.00240325927734375,0.003204345703125,-7.62939453125e-05,0.00286102294921875,0.006256103515625,0.000457763671875,-0.001068115234375,0.0016021728515625,0.00164031982421875,0.00667572021484375,0.2679443359375,-0.07904052734375,0.04913330078125,0.0836181640625,0.169219970703125,0.0970458984375,0.15899658203125,0.6927490234375,0.067138671875,0.15625,0.077667236328125,0.05279541015625,0.18768310546875,0.17974853515625,-0.35430908203125,1.356658935546875,7.6753764152526855,1.2499618530273438
818,0.40900000000000003,-0.0,-0.0,-0.0,-0.0,-0.0,-0.0,-0.0,-0.0,-0.0,-0.0,-0.0,-0.0,15.897666931152344,0.634879469871521,-826.7252807617188,225987.71875,-31602.58984375,2295.0185546875,-0.0,-0.0,-0.0,-0.0,-0.0,-0.0,-0.0095367431640625,-0.01033782958984375,-0.0167083740234375,-0.0201416015625,-0.01598358154296875,-0.01705169677734375,-0.0107574462890625,-0.030059814453125,-0.01140594482421875,-0.0106048583984375,-0.0273895263671875,-0.02307891845703125,-0.01171112060546875,-0.0148773193359375,-0.00377655029296875,-0.04009246826171875,0.10894775390625,-0.00762939453125,0.111846923828125,0.074310302734375,0.080413818359375,0.100860595703125,0.26824951171875,0.32470703125,0.12420654296875,0.17333984375,0.1043701171875,0.124969482421875,0.64117431640625,0.075836181640625,-2.191619873046875,-0.6890869140625,-15.135710716247559,1.2499618530273438
819,0.40950000000000003,-0.0,-0.0,-0.0,-0.0,-0.0,-0.0,-0.0,-0.0,-0.0,-0.0,-0.0,-0.0,16.197032928466797,2.049837827682495,-828.6749267578125,225936.921875,-31970.873046875,2563.147216796875,-0.0,-0.0,-0.0,-0.0,-0.0,-0.0,-0.00164031982421875,-0.00286102294921875,-0.00213623046875,-0.002288818359375,-0.00217437744140625,-0.0035858154296875,-0.00286102294921875,-0.00335693359375,0.000457763671875,-0.0008392333984375,-0.0016021728515625,-0.002593994140625,-0.0043487548828125,-0.00347137451171875,-0.00011444091796875,-0.00431060791015625,0.059661865234375,0.109710693359375,0.096435546875,0.0714111328125,0.09521484375,0.090484619140625,0.1458740234375,0.1800537109375,0.16998291015625,0.1446533203125,0.19317626953125,0.152587890625,0.047454833984375,0.154876708984375,0.30181884765625,-2.17803955078125,-5.314270973205566,1.2499618530273438
820,0.41000000000000003,-0.0,-0.0,-0.0,-0.0,-0.0,-0.0,-0.0,-0.0,-0.0,-0.0,-0.0,-0.0,16.000640869140625,3.6026008129119873,-828.6837768554688,225996.8125,-32018.509765625,2569.6455078125,-0.0,-0.0,-0.0,-0.0,-0.0,-0.0,0.0066375732421875,0.00812530517578125,0.01506805419921875,0.021514892578125,0.015716552734375,0.01922607421875,0.01232147216796875,0.0296783447265625,0.01102447509765625,0.00904083251953125,0.02773284912109375,0.0252532958984375,0.01445770263671875,0.01506805419921875,0.00675201416015625,0.0396728515625,0.03875732421875,0.12451171875,0.081024169921875,0.072021484375,0.031280517578125,0.019073486328125,-0.00091552734375,0.108642578125,-0.048828125,0.1226806640625,-0.0390625,0.129241943359375,-0.61279296875,0.218048095703125,3.703765869140625,1.6070556640625,6.170478343963623,1.2499618530273438
821,0.41050000000000003,-0.0,-0.0,-0.0,-0.0,-0.0,-0.0,-0.0,-0.0,-0.0,-0.0,-0.0,-0.0,16.39270782470703,4.734562873840332,-831.18212890625,226080.046875,-31911.935546875,2635.861083984375,-0.0,-0.0,-0.0,-0.0,-0.0,-0.0,0.00179290771484375,0.0052642822265625,0.00232696533203125,0.003509521484375,0.00225067138671875,0.003509521484375,0.00396728515625,0.004425048828125,0.00057220458984375,0.00156402587890625,0.00293731689453125,-0.00064849853515625,0.0029754638671875,0.0038909912109375,0.0005340576171875,0.0051116943359375,-0.0225830078125,0.0616455078125,0.054473876953125,0.091552734375,0.051727294921875,0.062408447265625,0.4278564453125,-0.03509521484375,0.27252197265625,0.1605224609375,-0.0799560546875,0.04058837890625,0.1953125,-0.00946044921875,-0.814666748046875,1.784820556640625,6.962530136108398,1.2499618530273438
822,0.41100000000000003,-0.0,-0.0,-0.0,-0.0,-0.0,-0.0,-0.0,-0.0,-0.0,-0.0,-0.0,-0.0,17.24481201171875,5.526689052581787,-832.65234375,226103.171875,-32365.04296875,2986.3828125,-0.0,-0.0,-0.0,-0.0,-0.0,-0.0,-0.0070953369140625,-0.01033782958984375,-0.01575469970703125,-0.02185821533203125,-0.0147247314453125,-0.01834869384765625,-0.01186370849609375,-0.0292205810546875,-0.01262664794921875,-0.010833740234375,-0.026702880859375,-0.02208709716796875,-0.0141143798828125,-0.01544952392578125,-0.0045013427734375,-0.040130615234375,0.10406494140625,0.19744873046875,0.064697265625,0.07080078125,0.078582763671875,0.084228515625,0.03387451171875,0.4486083984375,0.057373046875,0.14739990234375,0.063934326171875,-0.035858154296875,0.430145263671875,-0.00274658203125,-1.317138671875,-0.653076171875,-3.967782974243164,1.2499618530273438
823,0.41150000000000003,-0.0,-0.0,-0.0,-0.0,-0.0,-0.0,-0.0,-0.0,-0.0,-0.0,-0.0,-0.0,18.660911560058594,6.251902103424072,-832.1031494140625,226248.734375,-32729.35546875,3355.244384765625,-0.0,-0.0,-0.0,-0.0,-0.0,-0.0,-0.0011444091796875,-0.0032806396484375,-0.0025177001953125,-0.003204345703125,-0.0031280517578125,-0.00274658203125,-0.000152587890625,-0.00415802001953125,-0.002593994140625,-0.0043487548828125,-0.00278472900390625,0.00179290771484375,0.00072479248046875,-0.002593994140625,-0.001373291015625,-0.00640869140625,0.1202392578125,0.069732666015625,0.070648193359375,0.075225830078125,-0.285491943359375,0.09185791015625,0.10406494140625,-0.08880615234375,0.11260986328125,0.35675048828125,0.071563720703125,0.054473876953125,0.20294189453125,0.1019287109375,0.89202880859375,-0.25238037109375,-5.314270973205566,1.2499618530273438
824,0.41200000000000003,-0.0,-0.0,-0.0,-0.0,-0.0,-0.0,-0.0,-0.0,-0.0,-0.0,-0.0,-0.0,20.457387924194336,6.270839691162109,-834.0480346679688,225685.875,-32675.171875,3913.76904296875,-0.0,-0.0,-0.0,-0.0,-0.0,-0.0,0.00690460205078125,0.0075531005859375,0.016632080078125,0.022125244140625,0.01705169677734375,0.01827239990234375,0.0103759765625,0.0304412841796875,0.01125335693359375,0.008697509765625,0.02593994140625,0.0234222412109375,0.0144195556640625,0.01377105712890625,0.00713348388671875,0.03894805908203125,0.110015869140625,0.030670166015625,0.06561279296875,0.0775146484375,-0.03753662109375,0.08575439453125,0.08026123046875,0.184326171875,-0.03875732421875,-0.13092041015625,0.10955810546875,0.1068115234375,-0.623779296875,-0.069122314453125,2.740631103515625,1.28204345703125,6.012068271636963,1.2499618530273438
825,0.41250000000000003,-0.0,-0.0,-0.0,-0.0,-0.0,-0.0,-0.0,-0.0,-0.0,-0.0,-0.0,-0.0,21.657249450683594,5.706317901611328,-833.3346557617188,225120.0,-32525.54296875,4430.3662109375,-0.0,-0.0,-0.0,-0.0,-0.0,-0.0,0.005340576171875,0.00514984130859375,0.0040435791015625,0.0030517578125,0.00156402587890625,0.0029754638671875,0.00152587890625,0.0057220458984375,0.00377655029296875,0.00423431396484375,0.0028228759765625,-0.0003814697265625,0.00240325927734375,0.00232696533203125,0.00263214111328125,0.00598907470703125,0.106048583984375,-0.108795166015625,0.089263916015625,0.083160400390625,0.3582763671875,0.0958251953125,0.0213623046875,0.00701904296875,0.0006103515625,0.06744384765625,0.083770751953125,0.15350341796875,0.30975341796875,0.055694580078125,-0.4156494140625,1.7047119140625,5.932862758636475,1.2499618530273438
826,0.41300000000000003,-0.0,-0.0,-0.0,-0.0,-0.0,-0.0,-0.0,-0.0,-0.0,-0.0,-0.0,-0.0,22.5019474029541,4.857692718505859,-831.1935424804688,224054.65625,-32426.2578125,4636.98583984375,-0.0,-0.0,-0.0,-0.0,-0.0,-0.0,-0.01010894775390625,-0.0115966796875,-0.01667022705078125,-0.0209808349609375,-0.01544952392578125,-0.016326904296875,-0.0102996826171875,-0.03070831298828125,-0.00949859619140625,-0.0131988525390625,-0.02655029296875,-0.022735595703125,-0.01285552978515625,-0.01499176025390625,-0.0057220458984375,-0.0392913818359375,0.1068115234375,0.1580810546875,0.0738525390625,0.06591796875,0.089569091796875,0.0543212890625,0.126953125,0.15411376953125,0.48736572265625,0.23834228515625,0.104522705078125,0.058441162109375,0.54107666015625,0.181732177734375,-1.87744140625,-1.14410400390625,-4.7598347663879395,1.2499618530273438
827,0.41350000000000003,-0.0,-0.0,-0.0,-0.0,-0.0,-0.0,-0.0,-0.0,-0.0,-0.0,-0.0,-0.0,22.21660804748535,3.433706760406494,-830.146240234375,222995.875,-32171.443359375,4904.7333984375,-0.0,-0.0,-0.0,-0.0,-0.0,-0.0,-0.0025177001953125,-0.00499725341796875,-0.00316619873046875,-0.0028228759765625,-0.0003814697265625,-0.00064849853515625,-0.00247955322265625,-0.005035400390625,-0.00186920166015625,-0.00278472900390625,-0.00213623046875,0.00347137451171875,-0.002593994140625,-0.001220703125,-0.0040435791015625,-0.0054931640625,0.179290771484375,0.25421142578125,0.10009765625,0.07110595703125,0.18707275390625,0.038604736328125,0.16326904296875,0.45440673828125,0.25634765625,0.17120361328125,0.099029541015625,-0.029449462890625,0.02532958984375,0.149688720703125,1.285247802734375,-2.203521728515625,-7.532015323638916,1.2499618530273438
828,0.41400000000000003,-0.0,-0.0,-0.0,-0.0,-0.0,-0.0,-0.0,-0.0,-0.0,-0.0,-0.0,-0.0,21.891958236694336,1.7366719245910645,-827.3533325195312,221917.375,-31924.86328125,4969.9052734375,-0.0,-0.0,-0.0,-0.0,-0.0,-0.0,0.007171630859375,0.01007080078125,0.01659393310546875,0.0225830078125,0.0157928466796875,0.01979827880859375,0.00988006591796875,0.0318145751953125,0.0109100341796875,0.0113677978515625,0.02964019775390625,0.02460479736328125,0.0148773193359375,0.0146484375,0.008087158203125,0.03879547119140625,-0.1361083984375,-0.009918212890625,0.0555419921875,0.079345703125,-0.15899658203125,0.1104736328125,0.16387939453125,0.269775390625,0.37933349609375,0.04486083984375,0.09490966796875,0.030517578125,-0.4998779296875,0.235137939453125,3.439483642578125,1.33209228515625,6.883325099945068,1.2499618530273438
829,0.41450000000000004,-0.0,-0.0,-0.0,-0.0,-0.0,-0.0,-0.0,-0.0,-0.0,-0.0,-0.0,-0.0,21.906612396240234,-0.16193662583827972,-824.075439453125,220817.265625,-31352.923828125,5186.9609375,-0.0,-0.0,-0.0,-0.0,-0.0,-0.0,0.0019073486328125,0.003509521484375,0.0023651123046875,0.00469207763671875,0.00156402587890625,0.00354766845703125,0.00217437744140625,0.00499725341796875,0.0018310546875,0.0030517578125,0.0040435791015625,0.001220703125,0.002288818359375,-0.0002288818359375,0.0017547607421875,0.0055694580078125,0.0244140625,0.076446533203125,0.06378173828125,0.08544921875,0.209503173828125,0.025634765625,-0.0274658203125,-0.10406494140625,0.0372314453125,0.29693603515625,0.07965087890625,0.186004638671875,0.06805419921875,0.039215087890625,-0.2044677734375,1.88018798828125,7.437760829925537,1.2499618530273438
830,0.41500000000000004,-0.0,-0.0,-0.0,-0.0,-0.0,-0.0,-0.0,-0.0,-0.0,-0.0,-0.0,-0.0,21.877111434936523,-2.2912282943725586,-823.299560546875,219562.90625,-30701.84375,5336.36083984375,-0.0,-0.0,-0.0,-0.0,-0.0,-0.0,-0.0083160400390625,-0.0103759765625,-0.0154876708984375,-0.0222015380859375,-0.0156402587890625,-0.01842498779296875,-0.0107574462890625,-0.03070831298828125,-0.0080108642578125,-0.0106048583984375,-0.0255584716796875,-0.02223968505859375,-0.01453399658203125,-0.01224517822265625,-0.0069427490234375,-0.0374603271484375,0.11199951171875,0.034942626953125,0.056304931640625,0.061798095703125,0.08056640625,0.084381103515625,0.29022216796875,-0.01373291015625,0.23712158203125,-0.03570556640625,0.056915283203125,0.19866943359375,0.453643798828125,0.1336669921875,-1.5899658203125,-0.27618408203125,-2.225269317626953,1.2499618530273438
831,0.41550000000000004,-0.0,-0.0,-0.0,-0.0,-0.0,-0.0,-0.0,-0.0,-0.0,-0.0,-0.0,-0.0,21.227365493774414,-4.219573020935059,-820.2357177734375,218581.6875,-30195.9375,5346.87939453125,-0.0,-0.0,-0.0,-0.0,-0.0,-0.0,-0.00072479248046875,-0.0043487548828125,-0.00110626220703125,-0.00438690185546875,-0.004119873046875,-0.0025177001953125,-0.0032806396484375,-0.00522613525390625,-0.00125885009765625,-0.0006103515625,-0.004425048828125,-0.00339508056640625,-0.00396728515625,-0.00080108642578125,0.001678466796875,-0.005950927734375,0.028228759765625,0.062408447265625,0.016937255859375,0.08575439453125,0.067596435546875,0.101318359375,0.12542724609375,0.030517578125,0.02593994140625,0.17425537109375,0.03265380859375,0.059661865234375,-0.124664306640625,-0.076141357421875,-0.36468505859375,-1.738128662109375,-18.38312339782715,1.2499618530273438
832,0.41600000000000004,-0.0,-0.0,-0.0,-0.0,-0.0,-0.0,-0.0,-0.0,-0.0,-0.0,-0.0,-0.0,19.181602478027344,-5.74929141998291,-818.8956298828125,217760.390625,-29371.119140625,4883.796875,-0.0,-0.0,-0.0,-0.0,-0.0,-0.0,0.01071929931640625,0.00942230224609375,0.01628875732421875,0.02349853515625,0.01674652099609375,0.021820068359375,0.00919342041015625,0.03246307373046875,0.00949859619140625,0.0124359130859375,0.02532958984375,0.0232696533203125,0.01758575439453125,0.01293182373046875,0.00885009765625,0.03887176513671875,0.144500732421875,0.05401611328125,0.14068603515625,0.07049560546875,0.08331298828125,0.0799560546875,0.12054443359375,0.50567626953125,0.1995849609375,0.1727294921875,0.093994140625,-0.033111572265625,-0.422515869140625,-0.22918701171875,3.2257080078125,2.84149169921875,7.5961713790893555,1.2499618530273438
833,0.4165,-0.0,-0.0,-0.0,-0.0,-0.0,-0.0,-0.0,-0.0,-0.0,-0.0,-0.0,-0.0,16.77237319946289,-7.48727560043335,-817.22900390625,216947.84375,-28487.861328125,4295.12841796875,-0.0,-0.0,-0.0,-0.0,-0.0,-0.0,0.00324249267578125,0.0067901611328125,0.00240325927734375,0.0043487548828125,0.00156402587890625,0.001068115234375,0.0022125244140625,0.00701904296875,0.0046539306640625,-7.62939453125e-05,0.0042724609375,-0.001373291015625,0.00225067138671875,0.0028228759765625,0.0006103515625,0.0072479248046875,0.1129150390625,-0.05218505859375,0.102081298828125,0.08697509765625,0.13153076171875,0.0946044921875,0.159912109375,0.008544921875,0.01617431640625,0.03631591796875,0.123138427734375,0.00885009765625,0.33477783203125,0.152130126953125,-0.491485595703125,2.26776123046875,5.8536577224731445,1.2499618530273438
834,0.417,-0.0,-0.0,-0.0,-0.0,-0.0,-0.0,-0.0,-0.0,-0.0,-0.0,-0.0,-0.0,14.903411865234375,-8.920490264892578,-816.2365112304688,216726.359375,-27665.005859375,3928.633544921875,-0.0,-0.0,-0.0,-0.0,-0.0,-0.0,-0.01087188720703125,-0.00988006591796875,-0.01766204833984375,-0.02246856689453125,-0.01495361328125,-0.01918792724609375,-0.01132965087890625,-0.03215789794921875,-0.00789642333984375,-0.012664794921875,-0.023345947265625,-0.02040863037109375,-0.0164794921875,-0.01434326171875,-0.00843048095703125,-0.0386810302734375,-0.06072998046875,0.048065185546875,0.055999755859375,0.058441162109375,0.05401611328125,0.0372314453125,0.11749267578125,-0.05035400390625,0.2618408203125,0.12176513671875,0.122222900390625,0.140533447265625,0.32135009765625,0.379791259765625,-0.817108154296875,-1.439208984375,-3.492551803588867,1.2499618530273438
835,0.4175,-0.0,-0.0,-0.0,-0.0,-0.0,-0.0,-0.0,-0.0,-0.0,-0.0,-0.0,-0.0,13.361167907714844,-9.926039695739746,-816.9345092773438,216488.0625,-26783.775390625,3525.5791015625,-0.0,-0.0,-0.0,-0.0,-0.0,-0.0,-0.0003814697265625,-0.00362396240234375,-0.002593994140625,-0.00438690185546875,-0.00263214111328125,-0.0029754638671875,0.0002288818359375,-0.0045013427734375,-0.0006103515625,-0.00244140625,-0.0054168701171875,0.001373291015625,-0.00293731689453125,-0.00209808349609375,-0.00095367431640625,-0.0060272216796875,0.064697265625,0.222625732421875,0.055084228515625,0.07293701171875,-0.03204345703125,0.058441162109375,0.24658203125,0.08880615234375,0.16998291015625,0.22247314453125,0.084228515625,0.11566162109375,0.03997802734375,0.003509521484375,0.133209228515625,-1.7694091796875,-6.264732837677002,1.2499618530273438
836,0.418,-0.0,-0.0,-0.0,-0.0,-0.0,-0.0,-0.0,-0.0,-0.0,-0.0,-0.0,-0.0,11.60057258605957,-9.30771255493164,-816.1015014648438,216991.671875,-25503.267578125,3061.2822265625,-0.0,-0.0,-0.0,-0.0,-0.0,-0.0,0.01026153564453125,0.0063323974609375,0.0176239013671875,0.01972198486328125,0.01667022705078125,0.01880645751953125,0.0101470947265625,0.0310516357421875,0.009918212890625,0.01251220703125,0.02315521240234375,0.02471923828125,0.01430511474609375,0.0162506103515625,0.0063323974609375,0.0400543212890625,0.111846923828125,0.084686279296875,0.056304931640625,0.07415771484375,0.021209716796875,0.0885009765625,-0.1904296875,0.20599365234375,0.162353515625,0.0079345703125,-0.04241943359375,0.20538330078125,-0.5560302734375,-0.20599365234375,2.710113525390625,1.292572021484375,6.962530136108398,1.2499618530273438
837,0.4185,-0.0,-0.0,-0.0,-0.0,-0.0,-0.0,-0.0,-0.0,-0.0,-0.0,-0.0,-0.0,9.703502655029297,-8.281671524047852,-819.1097412109375,217998.1875,-24537.990234375,2437.2490234375,-0.0,-0.0,-0.0,-0.0,-0.0,-0.0,0.00560760498046875,0.00553131103515625,0.00118255615234375,0.00461578369140625,0.0028228759765625,0.00423431396484375,0.0008392333984375,0.0069427490234375,0.00011444091796875,0.00255584716796875,0.0055694580078125,0.000762939453125,0.00530242919921875,0.001678466796875,0.00049591064453125,0.0048828125,0.182952880859375,0.118408203125,0.0714111328125,0.098419189453125,0.07904052734375,0.09124755859375,0.4541015625,0.08453369140625,0.0714111328125,-0.09765625,0.035858154296875,0.081329345703125,0.38360595703125,0.263519287109375,0.042266845703125,2.1893310546875,6.883325099945068,1.2499618530273438
838,0.419,-0.0,-0.0,-0.0,-0.0,-0.0,-0.0,-0.0,-0.0,-0.0,-0.0,-0.0,-0.0,7.902754306793213,-6.733097076416016,-821.9029541015625,219021.359375,-23625.666015625,1646.796875,-0.0,-0.0,-0.0,-0.0,-0.0,-0.0,-0.0096893310546875,-0.01064300537109375,-0.01728057861328125,-0.01983642578125,-0.0154876708984375,-0.0200653076171875,-0.0107574462890625,-0.03185272216796875,-0.01007080078125,-0.012359619140625,-0.02628326416015625,-0.023193359375,-0.01537322998046875,-0.01407623291015625,-0.007171630859375,-0.03742218017578125,0.063018798828125,-0.016632080078125,0.124053955078125,0.073089599609375,0.096282958984375,0.0640869140625,0.18585205078125,0.21636962890625,-0.23223876953125,0.02593994140625,0.0628662109375,-0.1751708984375,0.47882080078125,-0.021209716796875,-2.102508544921875,-2.171478271484375,-2.225269317626953,1.2499618530273438
839,0.4195,-0.0,-0.0,-0.0,-0.0,-0.0,-0.0,-0.0,-0.0,-0.0,-0.0,-0.0,-0.0,6.108023643493652,-4.974647521972656,-827.0579833984375,220719.765625,-23070.103515625,959.3151245117188,-0.0,-0.0,-0.0,-0.0,-0.0,-0.0,-0.001373291015625,-0.0026702880859375,-0.00308990478515625,-0.00278472900390625,-0.0003814697265625,-0.00034332275390625,-0.00263214111328125,-0.00690460205078125,3.814697265625e-05,-0.0002288818359375,-0.00392913818359375,0.0009918212890625,-0.0023651123046875,-0.00274658203125,-0.001983642578125,-0.0046539306640625,0.04852294921875,0.0067138671875,0.07598876953125,0.065765380859375,0.085296630859375,0.06744384765625,0.06622314453125,0.15228271484375,0.81787109375,0.1446533203125,0.058135986328125,-0.0244140625,0.265045166015625,0.006256103515625,0.3924560546875,-2.0953369140625,-5.710296630859375,1.2499618530273438
840,0.42,-0.0,-0.0,-0.0,-0.0,-0.0,-0.0,-0.0,-0.0,-0.0,-0.0,-0.0,-0.0,5.753303050994873,-1.358546257019043,-831.7807006835938,223245.3125,-22462.375,508.0353698730469,-0.0,-0.0,-0.0,-0.0,-0.0,-0.0,0.00972747802734375,0.00762939453125,0.0159454345703125,0.020599365234375,0.016632080078125,0.01972198486328125,0.01186370849609375,0.03063201904296875,0.0127410888671875,0.0096893310546875,0.0269317626953125,0.02521514892578125,0.0162506103515625,0.01617431640625,0.00713348388671875,0.03955841064453125,0.082855224609375,0.09918212890625,0.071258544921875,0.079498291015625,-0.026397705078125,0.061798095703125,-0.10284423828125,0.111083984375,0.34027099609375,0.29449462890625,0.100555419921875,0.195159912109375,-0.50140380859375,0.135040283203125,3.803863525390625,2.46734619140625,7.516966342926025,1.2499618530273438
841,0.4205,-0.0,-0.0,-0.0,-0.0,-0.0,-0.0,-0.0,-0.0,-0.0,-0.0,-0.0,-0.0,5.424130439758301,2.4857237339019775,-842.4702758789062,226177.6875,-22128.8828125,226.2185821533203,-0.0,-0.0,-0.0,-0.0,-0.0,-0.0,0.00537872314453125,0.00354766845703125,0.00213623046875,0.00469207763671875,0.0032806396484375,0.0014495849609375,0.001373291015625,0.006561279296875,0.00156402587890625,0.0,0.0029754638671875,0.0025177001953125,0.0031280517578125,0.00164031982421875,0.0006866455078125,0.00583648681640625,0.05859375,0.09521484375,0.061492919921875,0.07080078125,0.064849853515625,0.06988525390625,0.41412353515625,-0.00946044921875,-0.860595703125,0.12786865234375,0.080413818359375,0.17669677734375,0.191192626953125,0.031280517578125,1.06964111328125,1.36016845703125,3.3190925121307373,1.2499618530273438
842,0.421,-0.0,-0.0,-0.0,-0.0,-0.0,-0.0,-0.0,-0.0,-0.0,-0.0,-0.0,-0.0,5.288894176483154,6.186391353607178,-856.3854370117188,230289.421875,-21842.068359375,94.32492065429688,-0.0,-0.0,-0.0,-0.0,-0.0,-0.0,-0.00858306884765625,-0.0099945068359375,-0.01689910888671875,-0.020294189453125,-0.0154876708984375,-0.0180816650390625,-0.01033782958984375,-0.02960205078125,-0.0096893310546875,-0.01163482666015625,-0.0247955322265625,-0.02407073974609375,-0.0152587890625,-0.015869140625,-0.00461578369140625,-0.0385284423828125,0.15472412109375,0.029296875,0.071258544921875,0.074615478515625,0.10955810546875,0.079803466796875,0.17974853515625,0.28045654296875,0.4632568359375,0.4583740234375,0.0653076171875,0.113067626953125,0.456695556640625,0.142974853515625,-1.776123046875,-1.85943603515625,-3.334141492843628,1.2499618530273438
843,0.4215,-0.0,-0.0,-0.0,-0.0,-0.0,-0.0,-0.0,-0.0,-0.0,-0.0,-0.0,-0.0,5.178919315338135,9.588008880615234,-864.0797729492188,233828.546875,-21076.048828125,-349.8498840332031,-0.0,-0.0,-0.0,-0.0,-0.0,-0.0,0.0009918212890625,-0.0067138671875,-0.0011444091796875,-0.0022125244140625,-0.002288818359375,-0.00064849853515625,-0.0008392333984375,-0.0034332275390625,-0.0017547607421875,0.00072479248046875,-0.00583648681640625,-0.00148773193359375,-0.00194549560546875,-0.00148773193359375,0.0008392333984375,-0.00583648681640625,0.093536376953125,0.146942138671875,0.099639892578125,0.07476806640625,0.329132080078125,0.102996826171875,0.2557373046875,0.1007080078125,0.61248779296875,-0.0189208984375,0.084075927734375,0.07781982421875,-0.020294189453125,0.074005126953125,-0.0457763671875,-1.53961181640625,-4.522219181060791,1.2499618530273438
844,0.422,-0.0,-0.0,-0.0,-0.0,-0.0,-0.0,-0.0,-0.0,-0.0,-0.0,-0.0,-0.0,4.646579742431641,12.465450286865234,-874.5880737304688,236283.171875,-20507.01171875,-598.0517578125,-0.0,-0.0,-0.0,-0.0,-0.0,-0.0,0.01026153564453125,0.0091552734375,0.01613616943359375,0.02315521240234375,0.01560211181640625,0.0226593017578125,0.01010894775390625,0.03204345703125,0.0091552734375,0.0118255615234375,0.0292205810546875,0.0249481201171875,0.02044677734375,0.0135040283203125,0.00698089599609375,0.03849029541015625,-0.0054931640625,-0.00823974609375,0.06622314453125,0.074310302734375,0.07080078125,0.05279541015625,0.09429931640625,0.2313232421875,0.8807373046875,0.1983642578125,0.108642578125,0.04791259765625,-0.45440673828125,0.254364013671875,3.246002197265625,4.3035888671875,8.15060806274414,1.2499618530273438
845,0.4225,-0.0,-0.0,-0.0,-0.0,-0.0,-0.0,-0.0,-0.0,-0.0,-0.0,-0.0,-0.0,4.123876571655273,15.35605525970459,-881.4379272460938,238019.328125,-20031.013671875,-927.9768676757812,-0.0,-0.0,-0.0,-0.0,-0.0,-0.0,0.00095367431640625,0.0028228759765625,0.0019073486328125,0.00457763671875,0.00225067138671875,0.0043487548828125,0.00179290771484375,0.004119873046875,0.000762939453125,0.000762939453125,0.00408172607421875,0.0011444091796875,0.00152587890625,-0.00057220458984375,0.000457763671875,0.00675201416015625,0.143585205078125,0.0567626953125,0.0665283203125,0.06805419921875,0.00946044921875,0.084991455078125,0.18402099609375,0.145263671875,0.391845703125,0.14892578125,0.086822509765625,-0.017547607421875,-0.15838623046875,-0.010833740234375,-0.035858154296875,1.629791259765625,7.5961713790893555,1.2499618530273438
846,0.423,-0.0,-0.0,-0.0,-0.0,-0.0,-0.0,-0.0,-0.0,-0.0,-0.0,-0.0,-0.0,3.3808391094207764,16.836071014404297,-888.1563720703125,239986.984375,-19235.46484375,-1150.2166748046875,-0.0,-0.0,-0.0,-0.0,-0.0,-0.0,-0.009765625,-0.00705718994140625,-0.01651763916015625,-0.01953125,-0.0151824951171875,-0.018768310546875,-0.00980377197265625,-0.03204345703125,-0.00957489013671875,-0.0124359130859375,-0.02574920654296875,-0.024261474609375,-0.01628875732421875,-0.013427734375,-0.0078582763671875,-0.03871917724609375,0.050048828125,0.308380126953125,0.090789794921875,0.071563720703125,-0.17303466796875,0.067291259765625,0.19622802734375,0.1849365234375,0.08453369140625,0.2978515625,0.101318359375,0.04608154296875,0.62774658203125,-0.04119873046875,-1.8988037109375,-2.146759033203125,-4.046988010406494,1.2499618530273438
847,0.4235,-0.0,-0.0,-0.0,-0.0,-0.0,-0.0,-0.0,-0.0,-0.0,-0.0,-0.0,-0.0,2.6947669982910156,17.674495697021484,-892.1682739257812,240834.09375,-18457.873046875,-1287.6287841796875,-0.0,-0.0,-0.0,-0.0,-0.0,-0.0,-0.0006103515625,-0.0037384033203125,-0.00179290771484375,-0.00392913818359375,-0.0014495849609375,-0.003204345703125,-0.00125885009765625,-0.0032806396484375,-0.00171661376953125,-0.00011444091796875,-0.00362396240234375,0.0006103515625,-0.00141143798828125,-0.0006103515625,-0.00091552734375,-0.006866455078125,0.091094970703125,-0.205535888671875,0.08575439453125,0.087127685546875,0.505218505859375,0.103607177734375,0.081787109375,0.09979248046875,-0.35675048828125,0.04058837890625,0.0360107421875,0.134735107421875,-0.03509521484375,-0.007781982421875,0.7635498046875,-1.06964111328125,-6.50234842300415,1.2499618530273438
848,0.424,-0.0,-0.0,-0.0,-0.0,-0.0,-0.0,-0.0,-0.0,-0.0,-0.0,-0.0,-0.0,2.450500011444092,17.122962951660156,-893.9143676757812,241262.0,-17874.79296875,-1302.9697265625,-0.0,-0.0,-0.0,-0.0,-0.0,-0.0,0.008544921875,0.00591278076171875,0.01766204833984375,0.0208282470703125,0.014495849609375,0.01972198486328125,0.01186370849609375,0.030975341796875,0.010223388671875,0.00728607177734375,0.02681732177734375,0.025177001953125,0.01415252685546875,0.0144195556640625,0.007476806640625,0.03971099853515625,0.10467529296875,0.045166015625,0.0677490234375,0.06683349609375,-0.294036865234375,0.057220458984375,0.16021728515625,0.04058837890625,0.41900634765625,0.189208984375,0.08758544921875,0.190887451171875,-0.79254150390625,0.193328857421875,3.4527587890625,2.08648681640625,7.437760829925537,1.2499618530273438
849,0.4245,-0.0,-0.0,-0.0,-0.0,-0.0,-0.0,-0.0,-0.0,-0.0,-0.0,-0.0,-0.0,1.8849505186080933,15.577814102172852,-894.3530883789062,241075.796875,-17076.541015625,-1318.4346923828125,-0.0,-0.0,-0.0,-0.0,-0.0,-0.0,0.0041961669921875,0.0054931640625,0.00385284423828125,0.00522613525390625,0.00152587890625,0.001678466796875,0.0016021728515625,0.004119873046875,0.0020599365234375,0.00560760498046875,0.001983642578125,-0.00091552734375,0.0022125244140625,0.00225067138671875,0.0017547607421875,0.00675201416015625,0.216522216796875,0.14617919921875,0.07171630859375,0.084075927734375,0.638885498046875,0.026397705078125,0.32073974609375,-0.1214599609375,0.01983642578125,0.02349853515625,0.119781494140625,0.01068115234375,0.20721435546875,-0.084381103515625,-0.7281494140625,2.06298828125,6.64570951461792,1.2499618530273438
850,0.425,-0.0,-0.0,-0.0,-0.0,-0.0,-0.0,-0.0,-0.0,-0.0,-0.0,-0.0,-0.0,1.4748148918151855,13.5684175491333,-893.47900390625,240014.296875,-16066.982421875,-1245.1043701171875,-0.0,-0.0,-0.0,-0.0,-0.0,-0.0,-0.00858306884765625,-0.007171630859375,-0.0159454345703125,-0.02086639404296875,-0.01338958740234375,-0.01964569091796875,-0.0119781494140625,-0.03177642822265625,-0.0121307373046875,-0.01094818115234375,-0.025482177734375,-0.02338409423828125,-0.01407623291015625,-0.01468658447265625,-0.0064849853515625,-0.04016876220703125,-0.1007080078125,0.205535888671875,0.019683837890625,0.063018798828125,0.258636474609375,0.1025390625,0.06103515625,0.66436767578125,-0.23895263671875,0.22979736328125,0.040435791015625,-0.045928955078125,0.444183349609375,-0.153656005859375,-1.783599853515625,-0.835113525390625,-4.363808631896973,1.2499618530273438
851,0.4255,-0.0,-0.0,-0.0,-0.0,-0.0,-0.0,-0.0,-0.0,-0.0,-0.0,-0.0,-0.0,0.5322647094726562,11.205933570861816,-889.419921875,238367.96875,-15240.4658203125,-1146.2298583984375,-0.0,-0.0,-0.0,-0.0,-0.0,-0.0,-0.000152587890625,-0.0034332275390625,-0.00118255615234375,-0.00217437744140625,-0.0025177001953125,-0.00324249267578125,-0.00396728515625,-0.0026702880859375,-0.000152587890625,-0.000457763671875,-0.0012969970703125,-0.00194549560546875,-0.00255584716796875,-0.00274658203125,0.0017547607421875,-0.00522613525390625,-0.035552978515625,0.06591796875,0.12359619140625,0.088043212890625,0.04302978515625,0.09674072265625,0.0360107421875,0.20172119140625,0.16998291015625,0.16571044921875,0.13397216796875,0.186004638671875,0.261993408203125,0.246124267578125,-0.1239013671875,-1.1993408203125,-4.99744987487793,1.2499618530273438
852,0.426,-0.0,-0.0,-0.0,-0.0,-0.0,-0.0,-0.0,-0.0,-0.0,-0.0,-0.0,-0.0,-0.3109480142593384,8.445876121520996,-885.7517700195312,236653.03125,-14204.2314453125,-1154.973388671875,-0.0,-0.0,-0.0,-0.0,-0.0,-0.0,0.0083160400390625,0.007476806640625,0.016021728515625,0.023956298828125,0.01415252685546875,0.0203704833984375,0.00934600830078125,0.0315093994140625,0.01033782958984375,0.00972747802734375,0.02811431884765625,0.02288818359375,0.01819610595703125,0.0136566162109375,0.006866455078125,0.03910064697265625,0.0506591796875,0.12725830078125,0.089263916015625,0.060272216796875,-0.19317626953125,0.055389404296875,0.04669189453125,-0.3753662109375,0.08392333984375,0.18463134765625,0.073089599609375,0.135955810546875,-0.81390380859375,0.052490234375,2.652587890625,2.19482421875,5.061605930328369,1.2499618530273438
853,0.4265,-0.0,-0.0,-0.0,-0.0,-0.0,-0.0,-0.0,-0.0,-0.0,-0.0,-0.0,-0.0,-0.9096328616142273,5.675014019012451,-882.2645263671875,234889.375,-13561.779296875,-1033.448486328125,-0.0,-0.0,-0.0,-0.0,-0.0,-0.0,0.00171661376953125,0.00614166259765625,0.0025177001953125,0.00690460205078125,0.00484466552734375,0.0038909912109375,0.00293731689453125,0.00469207763671875,0.00217437744140625,0.00263214111328125,0.0052642822265625,0.001068115234375,0.004119873046875,0.002593994140625,0.0016021728515625,0.00774383544921875,0.106048583984375,0.066070556640625,0.09033203125,0.075225830078125,0.25421142578125,0.09368896484375,0.19012451171875,0.61981201171875,0.3271484375,0.2618408203125,0.0091552734375,-0.177764892578125,0.208587646484375,-0.00701904296875,1.383056640625,3.311920166015625,7.358555793762207,1.2499618530273438
854,0.427,-0.0,-0.0,-0.0,-0.0,-0.0,-0.0,-0.0,-0.0,-0.0,-0.0,-0.0,-0.0,-1.2071787118911743,2.495516061782837,-878.4654541015625,233560.96875,-12692.8359375,-1072.19775390625,-0.0,-0.0,-0.0,-0.0,-0.0,-0.0,-0.0101470947265625,-0.00774383544921875,-0.01728057861328125,-0.02033233642578125,-0.01605987548828125,-0.0191497802734375,-0.01171112060546875,-0.03162384033203125,-0.00911712646484375,-0.0113677978515625,-0.023651123046875,-0.02490997314453125,-0.01621246337890625,-0.01617431640625,-0.006866455078125,-0.0397491455078125,0.1446533203125,0.03814697265625,0.08270263671875,0.0848388671875,0.055389404296875,0.0732421875,0.19073486328125,0.18646240234375,-0.347900390625,0.07232666015625,0.04974365234375,0.008697509765625,0.61370849609375,0.349884033203125,-2.246551513671875,-1.4373779296875,-2.77970552444458,1.2499618530273438
855,0.4275,-0.0,-0.0,-0.0,-0.0,-0.0,-0.0,-0.0,-0.0,-0.0,-0.0,-0.0,-0.0,-1.9061214923858643,-0.20947518944740295,-875.7125244140625,231686.8125,-11801.57421875,-913.3840942382812,-0.0,-0.0,-0.0,-0.0,-0.0,-0.0,-0.00244140625,-0.00396728515625,-0.00209808349609375,-0.00240325927734375,-0.0030517578125,-0.00335693359375,-0.0038909912109375,-0.0041961669921875,0.00057220458984375,-0.002288818359375,-0.00331878662109375,-0.0006866455078125,-0.00797271728515625,-0.00202178955078125,7.62939453125e-05,-0.0041961669921875,0.117950439453125,-0.07171630859375,0.0604248046875,0.090789794921875,-0.008392333984375,0.0579833984375,0.30609130859375,0.2972412109375,-0.125732421875,0.0341796875,0.10528564453125,0.075531005859375,0.122528076171875,0.01861572265625,0.565948486328125,-4.4708251953125,-6.819169044494629,1.2499618530273438
856,0.428,-0.0,-0.0,-0.0,-0.0,-0.0,-0.0,-0.0,-0.0,-0.0,-0.0,-0.0,-0.0,-2.0403480529785156,-3.3990657329559326,-873.318115234375,230335.65625,-11249.5615234375,-870.2091674804688,-0.0,-0.0,-0.0,-0.0,-0.0,-0.0,0.00858306884765625,0.0069427490234375,0.01522064208984375,0.02147674560546875,0.0135040283203125,0.0202178955078125,0.011444091796875,0.03116607666015625,0.01026153564453125,0.010528564453125,0.0257110595703125,0.0247955322265625,0.0154876708984375,0.0146484375,0.0080108642578125,0.03963470458984375,0.120391845703125,0.254974365234375,0.062408447265625,0.064849853515625,-0.09033203125,0.089263916015625,0.0537109375,-0.59295654296875,0.4034423828125,0.2587890625,0.08453369140625,-0.00946044921875,-0.7659912109375,-0.135040283203125,2.922821044921875,1.03179931640625,1.2597581148147583,1.2499618530273438
857,0.4285,-0.0,-0.0,-0.0,-0.0,-0.0,-0.0,-0.0,-0.0,-0.0,-0.0,-0.0,-0.0,-1.7971731424331665,-5.662463665008545,-869.6463623046875,229055.015625,-11069.1123046875,-762.98779296875,-0.0,-0.0,-0.0,-0.0,-0.0,-0.0,0.00186920166015625,0.0038909912109375,0.00408172607421875,0.00232696533203125,0.00560760498046875,0.0030517578125,0.00453948974609375,0.00591278076171875,-0.0002288818359375,0.00034332275390625,0.00396728515625,0.00080108642578125,0.0061798095703125,0.00244140625,-0.00057220458984375,0.0043487548828125,0.14434814453125,-0.073699951171875,0.066375732421875,0.08544921875,-0.0823974609375,0.09124755859375,0.28411865234375,1.09649658203125,0.03265380859375,0.14801025390625,0.07171630859375,0.010986328125,0.007476806640625,0.054473876953125,0.85601806640625,4.007568359375,7.0417351722717285,1.2499618530273438
858,0.429,-0.0,-0.0,-0.0,-0.0,-0.0,-0.0,-0.0,-0.0,-0.0,-0.0,-0.0,-0.0,-1.297860026359558,-8.377205848693848,-869.9567260742188,227934.0625,-10976.8447265625,-496.37091064453125,-0.0,-0.0,-0.0,-0.0,-0.0,-0.0,-0.00835418701171875,-0.00469207763671875,-0.01674652099609375,-0.01956939697265625,-0.0151824951171875,-0.01979827880859375,-0.0096893310546875,-0.03047943115234375,-0.01068115234375,-0.013275146484375,-0.02445220947265625,-0.02300262451171875,-0.01026153564453125,-0.0153350830078125,-0.00476837158203125,-0.03940582275390625,-0.06683349609375,0.238800048828125,0.03692626953125,0.07232666015625,-0.016021728515625,0.0439453125,0.2734375,0.2569580078125,-0.46417236328125,0.19317626953125,0.097198486328125,0.1239013671875,0.95306396484375,0.243072509765625,-1.202239990234375,0.23895263671875,-2.4628846645355225,1.2499618530273438
859,0.4295,-0.0,-0.0,-0.0,-0.0,-0.0,-0.0,-0.0,-0.0,-0.0,-0.0,-0.0,-0.0,-0.6114073395729065,-10.421958923339844,-868.4313354492188,227650.015625,-10422.0546875,-240.39431762695312,-0.0,-0.0,-0.0,-0.0,-0.0,-0.0,-0.0014495849609375,-0.00301361083984375,-0.00408172607421875,-0.0031280517578125,-0.0014495849609375,-0.001068115234375,-0.0031280517578125,-0.0048065185546875,-0.00064849853515625,-0.00152587890625,-0.003814697265625,-0.00377655029296875,-0.00453948974609375,-0.00347137451171875,-0.00392913818359375,-0.004425048828125,0.029754638671875,-0.010986328125,0.0799560546875,0.07232666015625,0.10955810546875,0.071258544921875,0.1104736328125,0.15533447265625,0.35003662109375,0.1739501953125,0.09124755859375,0.18829345703125,0.217437744140625,-0.128631591796875,-1.89483642578125,-3.712005615234375,-6.898374080657959,1.2499618530273438
860,0.43,-0.0,-0.0,-0.0,-0.0,-0.0,-0.0,-0.0,-0.0,-0.0,-0.0,-0.0,-0.0,0.6443169116973877,-12.295318603515625,-867.990966796875,227225.25,-10484.3310546875,75.39790344238281,-0.0,-0.0,-0.0,-0.0,-0.0,-0.0,0.009307861328125,0.0074005126953125,0.01689910888671875,0.023193359375,0.0153350830078125,0.02048492431640625,0.012664794921875,0.03124237060546875,0.013275146484375,0.012359619140625,0.0266265869140625,0.0229644775390625,0.01491546630859375,0.01338958740234375,0.006256103515625,0.04047393798828125,0.1043701171875,0.086212158203125,0.085601806640625,0.088348388671875,0.110626220703125,0.0726318359375,0.2618408203125,0.05615234375,0.5120849609375,0.5126953125,0.079803466796875,0.175323486328125,-0.434417724609375,-0.122833251953125,2.010650634765625,0.8685302734375,7.5961713790893555,1.2499618530273438
861,0.4305,-0.0,-0.0,-0.0,-0.0,-0.0,-0.0,-0.0,-0.0,-0.0,-0.0,-0.0,-0.0,1.0084450244903564,-14.010664939880371,-867.7701416015625,227066.609375,-9983.5302734375,275.0447998046875,-0.0,-0.0,-0.0,-0.0,-0.0,-0.0,0.00308990478515625,0.0049591064453125,0.0031280517578125,0.002593994140625,0.00308990478515625,0.00396728515625,0.0037384033203125,0.0049591064453125,0.00213623046875,0.00164031982421875,0.00438690185546875,0.003814697265625,0.0037384033203125,0.00461578369140625,0.001373291015625,0.00499725341796875,0.049285888671875,0.133819580078125,0.06744384765625,0.08270263671875,0.044708251953125,0.067596435546875,0.0994873046875,-0.0018310546875,0.43731689453125,0.04638671875,0.075225830078125,0.05706787109375,0.074462890625,0.208892822265625,1.466064453125,3.78448486328125,7.516966342926025,1.2499618530273438
862,0.431,-0.0,-0.0,-0.0,-0.0,-0.0,-0.0,-0.0,-0.0,-0.0,-0.0,-0.0,-0.0,0.6771016716957092,-14.37299633026123,-867.8626708984375,227034.359375,-9460.4609375,346.7514953613281,-0.0,-0.0,-0.0,-0.0,-0.0,-0.0,-0.00675201416015625,-0.009765625,-0.01556396484375,-0.02208709716796875,-0.01430511474609375,-0.01949310302734375,-0.01049041748046875,-0.02925872802734375,-0.01277923583984375,-0.0104522705078125,-0.027923583984375,-0.01880645751953125,-0.01537322998046875,-0.0151824951171875,-0.00629425048828125,-0.0385284423828125,0.095062255859375,0.135498046875,0.068511962890625,0.081634521484375,0.056915283203125,0.0836181640625,0.1092529296875,0.06500244140625,0.03082275390625,-0.13641357421875,0.081939697265625,0.02227783203125,0.717315673828125,0.213470458984375,0.304107666015625,-1.012115478515625,-2.9381158351898193,1.2499618530273438
863,0.4315,-0.0,-0.0,-0.0,-0.0,-0.0,-0.0,-0.0,-0.0,-0.0,-0.0,-0.0,-0.0,1.1295486688613892,-14.034368515014648,-866.78076171875,227008.359375,-9119.9609375,251.31922912597656,-0.0,-0.0,-0.0,-0.0,-0.0,-0.0,-0.001373291015625,-0.00431060791015625,-0.0018310546875,-0.0008392333984375,-0.00213623046875,-0.00095367431640625,-0.00240325927734375,-0.00286102294921875,-0.00095367431640625,-0.001068115234375,-0.0032806396484375,-0.00331878662109375,-0.00278472900390625,-0.00240325927734375,0.001983642578125,-0.00591278076171875,0.10162353515625,0.0439453125,0.092315673828125,0.06866455078125,0.06805419921875,0.099334716796875,0.257568359375,0.19927978515625,0.0628662109375,0.1190185546875,0.08697509765625,0.127105712890625,0.0146484375,0.212554931640625,-1.1578369140625,-4.167938232421875,-8.007246017456055,1.2499618530273438
864,0.432,-0.0,-0.0,-0.0,-0.0,-0.0,-0.0,-0.0,-0.0,-0.0,-0.0,-0.0,-0.0,1.1359573602676392,-12.23580265045166,-866.4666137695312,227119.78125,-8452.8837890625,116.35615539550781,-0.0,-0.0,-0.0,-0.0,-0.0,-0.0,0.00934600830078125,0.006866455078125,0.01682281494140625,0.0240325927734375,0.01476287841796875,0.02040863037109375,0.0093841552734375,0.0312042236328125,0.0118255615234375,0.0106048583984375,0.0266265869140625,0.02452850341796875,0.017547607421875,0.0142669677734375,0.0080108642578125,0.03902435302734375,0.14556884765625,-0.005035400390625,0.081634521484375,0.078125,0.068206787109375,0.08819580078125,0.145263671875,0.1568603515625,0.10986328125,0.3070068359375,0.06256103515625,0.21392822265625,-0.733184814453125,0.015106201171875,3.388671875,1.79840087890625,7.754581928253174,1.2499618530273438
865,0.4325,-0.0,-0.0,-0.0,-0.0,-0.0,-0.0,-0.0,-0.0,-0.0,-0.0,-0.0,-0.0,0.33780401945114136,-10.180779457092285,-866.5338134765625,227738.65625,-7783.40185546875,5.643099784851074,-0.0,-0.0,-0.0,-0.0,-0.0,-0.0,0.00255584716796875,0.00667572021484375,0.00347137451171875,0.00423431396484375,0.00347137451171875,0.00049591064453125,0.00274658203125,0.0060272216796875,0.0028228759765625,0.0019073486328125,0.00492095947265625,0.0026702880859375,0.0052642822265625,0.00457763671875,0.00133514404296875,0.0061798095703125,0.04425048828125,0.165863037109375,0.0762939453125,0.0665283203125,0.123443603515625,0.081634521484375,0.35614013671875,0.11505126953125,0.120849609375,0.09185791015625,0.155029296875,0.07537841796875,0.125885009765625,0.213470458984375,1.264801025390625,3.983001708984375,6.170478343963623,1.2499618530273438
866,0.433,-0.0,-0.0,-0.0,-0.0,-0.0,-0.0,-0.0,-0.0,-0.0,-0.0,-0.0,-0.0,-1.129199743270874,-7.683986663818359,-868.1508178710938,228399.21875,-7113.45751953125,-566.3716430664062,-0.0,-0.0,-0.0,-0.0,-0.0,-0.0,-0.00881195068359375,-0.009765625,-0.01739501953125,-0.0193023681640625,-0.014801025390625,-0.019073486328125,-0.01148223876953125,-0.03147125244140625,-0.01064300537109375,-0.011749267578125,-0.0261688232421875,-0.02475738525390625,-0.01438140869140625,-0.01430511474609375,-0.0079345703125,-0.038909912109375,0.0482177734375,0.0482177734375,0.1092529296875,0.07293701171875,0.108489990234375,0.03326416015625,0.28656005859375,0.16357421875,0.3729248046875,0.4718017578125,0.106201171875,-0.03692626953125,0.35400390625,-0.01251220703125,-2.642822265625,-1.355743408203125,-3.967782974243164,1.2499618530273438
867,0.4335,-0.0,-0.0,-0.0,-0.0,-0.0,-0.0,-0.0,-0.0,-0.0,-0.0,-0.0,-0.0,-3.1694648265838623,-4.681049346923828,-871.67236328125,229490.078125,-6019.58349609375,-1141.475341796875,-0.0,-0.0,-0.0,-0.0,-0.0,-0.0,-0.00213623046875,-0.00011444091796875,-0.00263214111328125,-0.00171661376953125,-0.002899169921875,-0.00335693359375,-0.002288818359375,-0.00461578369140625,0.00057220458984375,-0.00335693359375,-0.00400543212890625,-0.0048828125,-0.0055694580078125,0.00019073486328125,0.000457763671875,-0.0041961669921875,0.0665283203125,0.105133056640625,0.0811767578125,0.0885009765625,0.093231201171875,0.070343017578125,0.2899169921875,0.1416015625,0.023193359375,0.0933837890625,-0.012359619140625,0.058135986328125,0.5145263671875,-0.048370361328125,-2.00042724609375,-4.090118408203125,-7.135989665985107,1.2499618530273438
868,0.434,-0.0,-0.0,-0.0,-0.0,-0.0,-0.0,-0.0,-0.0,-0.0,-0.0,-0.0,-0.0,-4.266063213348389,-0.6744961142539978,-873.926513671875,230800.53125,-5318.2978515625,-1548.392333984375,-0.0,-0.0,-0.0,-0.0,-0.0,-0.0,0.0084686279296875,0.007781982421875,0.01636505126953125,0.022735595703125,0.015411376953125,0.02124786376953125,0.01110076904296875,0.030975341796875,0.0089263916015625,0.010833740234375,0.02742767333984375,0.02513885498046875,0.01750946044921875,0.015106201171875,0.008087158203125,0.0384521484375,0.084686279296875,0.0732421875,0.09185791015625,0.0714111328125,0.013275146484375,0.092620849609375,0.20416259765625,0.08392333984375,0.27313232421875,0.34881591796875,0.033111572265625,0.14251708984375,-0.6549072265625,0.053253173828125,3.0718994140625,2.512969970703125,7.912992000579834,1.2499618530273438
869,0.4345,-0.0,-0.0,-0.0,-0.0,-0.0,-0.0,-0.0,-0.0,-0.0,-0.0,-0.0,-0.0,-4.967803955078125,3.2194032669067383,-876.9730224609375,232393.703125,-4531.208984375,-1672.0460205078125,-0.0,-0.0,-0.0,-0.0,-0.0,-0.0,0.0032806396484375,0.00324249267578125,0.0042724609375,0.0041961669921875,0.002899169921875,0.00400543212890625,0.00492095947265625,0.0064849853515625,0.00049591064453125,0.00125885009765625,0.0052642822265625,0.0054168701171875,0.00492095947265625,0.00385284423828125,0.00133514404296875,0.00274658203125,0.0823974609375,0.087738037109375,0.07537841796875,0.079345703125,0.035552978515625,0.089263916015625,0.220947265625,0.07171630859375,0.240478515625,0.59173583984375,0.093536376953125,0.143585205078125,-0.09490966796875,0.203704833984375,1.96502685546875,3.16253662109375,5.378426551818848,1.2499618530273438
870,0.435,-0.0,-0.0,-0.0,-0.0,-0.0,-0.0,-0.0,-0.0,-0.0,-0.0,-0.0,-0.0,-4.749079704284668,6.383527755737305,-881.0359497070312,233992.53125,-4058.727294921875,-1628.1656494140625,-0.0,-0.0,-0.0,-0.0,-0.0,-0.0,-0.007781982421875,-0.00858306884765625,-0.017242431640625,-0.0226593017578125,-0.016937255859375,-0.01613616943359375,-0.01216888427734375,-0.0301361083984375,-0.0098419189453125,-0.012359619140625,-0.02574920654296875,-0.0247955322265625,-0.01674652099609375,-0.0139617919921875,-0.006103515625,-0.0383758544921875,0.1837158203125,0.084686279296875,0.061798095703125,0.080413818359375,0.163421630859375,0.05889892578125,0.17669677734375,-0.0701904296875,0.567626953125,-0.39520263671875,0.132293701171875,0.04791259765625,0.66680908203125,0.095672607421875,-2.75787353515625,-0.55908203125,-6.185527801513672,1.2499618530273438
871,0.4355,-0.0,-0.0,-0.0,-0.0,-0.0,-0.0,-0.0,-0.0,-0.0,-0.0,-0.0,-0.0,-5.184689044952393,8.140369415283203,-884.4302368164062,234965.234375,-2786.409912109375,-1711.4188232421875,-0.0,-0.0,-0.0,-0.0,-0.0,-0.0,-0.0022125244140625,-0.004730224609375,-0.003814697265625,-0.00301361083984375,-0.000152587890625,-0.00286102294921875,-0.00186920166015625,-0.00347137451171875,-0.00152587890625,-0.00377655029296875,-0.0022125244140625,-0.00179290771484375,-0.00423431396484375,-0.001983642578125,-0.00133514404296875,-0.00423431396484375,0.054931640625,0.068359375,0.08758544921875,0.063934326171875,0.137939453125,0.055694580078125,0.20416259765625,0.61920166015625,-0.04913330078125,0.1068115234375,0.062255859375,0.057220458984375,0.099945068359375,0.102691650390625,-0.6536865234375,-2.816009521484375,-5.551886081695557,1.2499618530273438
872,0.436,-0.0,-0.0,-0.0,-0.0,-0.0,-0.0,-0.0,-0.0,-0.0,-0.0,-0.0,-0.0,-5.975624084472656,8.71198558807373,-885.700439453125,235451.6875,-2136.7041015625,-1765.3553466796875,-0.0,-0.0,-0.0,-0.0,-0.0,-0.0,0.01010894775390625,0.0055694580078125,0.01682281494140625,0.02285003662109375,0.01667022705078125,0.01865386962890625,0.01262664794921875,0.03108978271484375,0.0110626220703125,0.011749267578125,0.025634765625,0.0258636474609375,0.01789093017578125,0.0164794921875,0.0075531005859375,0.03986358642578125,0.272064208984375,0.040435791015625,0.029449462890625,0.070343017578125,0.07720947265625,0.08544921875,0.2325439453125,0.10162353515625,0.10711669921875,0.20538330078125,0.08331298828125,0.15045166015625,-0.762939453125,0.108642578125,4.135589599609375,3.3062744140625,15.516688346862793,1.2499618530273438
873,0.4365,-0.0,-0.0,-0.0,-0.0,-0.0,-0.0,-0.0,-0.0,-0.0,-0.0,-0.0,-0.0,-7.199809551239014,8.743846893310547,-885.32275390625,235771.953125,-1124.9495849609375,-1979.708740234375,-0.0,-0.0,-0.0,-0.0,-0.0,-0.0,0.00034332275390625,0.00194549560546875,0.00278472900390625,0.0034332275390625,0.00316619873046875,0.002288818359375,0.003509521484375,0.00202178955078125,0.000762939453125,0.00019073486328125,0.00392913818359375,0.00217437744140625,0.00396728515625,0.0032806396484375,0.0005340576171875,0.005340576171875,-0.110015869140625,0.060882568359375,0.080718994140625,0.066680908203125,-0.01220703125,0.06744384765625,0.17791748046875,0.06744384765625,0.2337646484375,0.1959228515625,0.100860595703125,0.122833251953125,-0.085906982421875,-0.13641357421875,0.7647705078125,3.53302001953125,7.0417351722717285,1.2499618530273438
874,0.437,-0.0,-0.0,-0.0,-0.0,-0.0,-0.0,-0.0,-0.0,-0.0,-0.0,-0.0,-0.0,-8.325027465820312,8.125595092773438,-884.2755737304688,235699.921875,22.373519897460938,-2234.7060546875,-0.0,-0.0,-0.0,-0.0,-0.0,-0.0,-0.0080108642578125,-0.0077056884765625,-0.01705169677734375,-0.02063751220703125,-0.0167083740234375,-0.0193023681640625,-0.00957489013671875,-0.030364990234375,-0.01010894775390625,-0.01102447509765625,-0.0254058837890625,-0.02445220947265625,-0.0148773193359375,-0.01354217529296875,-0.0070953369140625,-0.0379180908203125,0.09490966796875,0.1544189453125,0.093841552734375,0.07568359375,0.279388427734375,0.076141357421875,0.19561767578125,-0.16387939453125,0.1019287109375,0.067138671875,0.14495849609375,0.009307861328125,0.8587646484375,0.0848388671875,-2.589111328125,-0.796356201171875,-3.413346767425537,1.2499618530273438
875,0.4375,-0.0,-0.0,-0.0,-0.0,-0.0,-0.0,-0.0,-0.0,-0.0,-0.0,-0.0,-0.0,-9.125690460205078,7.67050838470459,-883.4522094726562,235253.953125,936.9625854492188,-2369.2861328125,-0.0,-0.0,-0.0,-0.0,-0.0,-0.0,-0.00049591064453125,-0.00072479248046875,-0.00316619873046875,-0.00408172607421875,0.001373291015625,-0.00461578369140625,-0.00148773193359375,-0.00457763671875,-0.0029754638671875,-0.004119873046875,-0.0048828125,-0.00095367431640625,-0.00469207763671875,-0.00072479248046875,-0.00072479248046875,-0.005340576171875,0.151214599609375,0.090484619140625,0.068206787109375,0.087432861328125,-0.18707275390625,0.09735107421875,0.24139404296875,0.4864501953125,-0.15289306640625,0.1629638671875,0.011749267578125,-0.06927490234375,0.37139892578125,0.1092529296875,-0.587615966796875,-3.2061767578125,-5.551886081695557,1.2499618530273438
876,0.438,-0.0,-0.0,-0.0,-0.0,-0.0,-0.0,-0.0,-0.0,-0.0,-0.0,-0.0,-0.0,-9.97390365600586,6.201099872589111,-882.4310913085938,234499.671875,1359.6170654296875,-2492.921142578125,-0.0,-0.0,-0.0,-0.0,-0.0,-0.0,0.00904083251953125,0.0054168701171875,0.01743316650390625,0.02231597900390625,0.01888275146484375,0.020294189453125,0.012359619140625,0.03009796142578125,0.010833740234375,0.012359619140625,0.02590179443359375,0.0290679931640625,0.0151824951171875,0.01239776611328125,0.00568389892578125,0.040130615234375,0.064239501953125,-0.0286865234375,0.06744384765625,0.07171630859375,-0.024871826171875,0.0762939453125,0.19500732421875,0.9869384765625,0.47271728515625,0.2545166015625,0.067138671875,0.0494384765625,-0.89935302734375,-0.02838134765625,4.28802490234375,1.83990478515625,6.170478343963623,1.2499618530273438
877,0.4385,-0.0,-0.0,-0.0,-0.0,-0.0,-0.0,-0.0,-0.0,-0.0,-0.0,-0.0,-0.0,-9.701168060302734,4.1259050369262695,-881.0092163085938,234443.34375,1669.3734130859375,-2260.318603515625,-0.0,-0.0,-0.0,-0.0,-0.0,-0.0,0.00263214111328125,0.00186920166015625,0.00202178955078125,0.00209808349609375,0.0031280517578125,0.00301361083984375,0.00217437744140625,0.00576019287109375,0.0030517578125,0.00118255615234375,0.00293731689453125,0.002593994140625,0.00522613525390625,0.00057220458984375,-0.0003814697265625,0.00514984130859375,-0.019989013671875,0.175628662109375,0.067901611328125,0.081024169921875,-0.1361083984375,0.08453369140625,0.21942138671875,0.18585205078125,0.267333984375,0.16510009765625,0.092620849609375,0.110015869140625,-0.048065185546875,0.028076171875,1.136474609375,3.0194091796875,6.72491455078125,1.2499618530273438
878,0.439,-0.0,-0.0,-0.0,-0.0,-0.0,-0.0,-0.0,-0.0,-0.0,-0.0,-0.0,-0.0,-8.186800956726074,1.2555866241455078,-880.5604248046875,233314.375,1599.1539306640625,-1728.1051025390625,-0.0,-0.0,-0.0,-0.0,-0.0,-0.0,-0.00911712646484375,-0.008087158203125,-0.0164031982421875,-0.02223968505859375,-0.01712799072265625,-0.018768310546875,-0.00995635986328125,-0.0301361083984375,-0.00759124755859375,-0.01094818115234375,-0.0257110595703125,-0.02552032470703125,-0.01499176025390625,-0.0148773193359375,-0.0066375732421875,-0.0396728515625,0.0482177734375,0.052032470703125,0.073394775390625,0.08544921875,0.4376220703125,0.062103271484375,0.01312255859375,0.1116943359375,0.05462646484375,0.06011962890625,0.0811767578125,0.12908935546875,0.543365478515625,0.09979248046875,-2.388763427734375,-0.755767822265625,-3.7301673889160156,1.2499618530273438
879,0.4395,-0.0,-0.0,-0.0,-0.0,-0.0,-0.0,-0.0,-0.0,-0.0,-0.0,-0.0,-0.0,-6.984084129333496,-0.8951979875564575,-878.9625854492188,233008.0,1677.8712158203125,-1244.549560546875,-0.0,-0.0,-0.0,-0.0,-0.0,-0.0,0.0005340576171875,0.0014495849609375,-0.00255584716796875,-0.00232696533203125,-0.0018310546875,-0.003814697265625,-0.0008392333984375,-0.0032806396484375,0.0016021728515625,-0.002288818359375,-0.0026702880859375,0.0003814697265625,-0.00507354736328125,-0.00049591064453125,-0.00072479248046875,-0.00431060791015625,0.1214599609375,0.177001953125,0.07293701171875,0.075225830078125,0.2459716796875,0.07110595703125,0.255126953125,0.059814453125,-0.47027587890625,0.2838134765625,0.087738037109375,0.17913818359375,0.48095703125,0.347442626953125,0.244903564453125,-3.45916748046875,-5.155860424041748,1.2499618530273438
880,0.44,-0.0,-0.0,-0.0,-0.0,-0.0,-0.0,-0.0,-0.0,-0.0,-0.0,-0.0,-0.0,-5.88055419921875,-2.800764322280884,-878.9155883789062,232547.109375,2059.534423828125,-1060.2840576171875,-0.0,-0.0,-0.0,-0.0,-0.0,-0.0,0.00743865966796875,0.00640869140625,0.01705169677734375,0.0213623046875,0.0171661376953125,0.0202178955078125,0.0093841552734375,0.03032684326171875,0.00942230224609375,0.01117706298828125,0.024261474609375,0.02307891845703125,0.0146484375,0.0154876708984375,0.00438690185546875,0.03875732421875,0.078582763671875,0.110626220703125,0.079498291015625,0.0750732421875,0.091094970703125,0.087127685546875,0.0286865234375,0.00152587890625,0.35675048828125,0.0732421875,0.10040283203125,0.115203857421875,-0.707855224609375,-0.09735107421875,1.82769775390625,1.344451904296875,5.932862758636475,1.2499618530273438
881,0.4405,-0.0,-0.0,-0.0,-0.0,-0.0,-0.0,-0.0,-0.0,-0.0,-0.0,-0.0,-0.0,-6.000857830047607,-3.8605072498321533,-878.3640747070312,231925.875,1959.19384765625,-876.0306396484375,-0.0,-0.0,-0.0,-0.0,-0.0,-0.0,0.003204345703125,0.00286102294921875,0.002593994140625,0.00255584716796875,0.00240325927734375,0.00522613525390625,0.0037384033203125,0.004730224609375,0.0002288818359375,0.00102996826171875,0.00370025634765625,0.00171661376953125,0.0052642822265625,0.003814697265625,7.62939453125e-05,0.00499725341796875,0.067291259765625,0.053253173828125,0.06439208984375,0.080718994140625,0.011138916015625,0.116119384765625,0.1788330078125,0.045166015625,0.65093994140625,0.17547607421875,0.08331298828125,0.002288818359375,-0.038909912109375,0.018310546875,1.07635498046875,3.15521240234375,5.695247173309326,1.2499618530273438
882,0.441,-0.0,-0.0,-0.0,-0.0,-0.0,-0.0,-0.0,-0.0,-0.0,-0.0,-0.0,-0.0,-5.568359851837158,-4.732641696929932,-878.9969482421875,232090.0,2259.23779296875,-647.271240234375,-0.0,-0.0,-0.0,-0.0,-0.0,-0.0,-0.01007080078125,-0.00621795654296875,-0.0165557861328125,-0.0211334228515625,-0.01560211181640625,-0.02170562744140625,-0.01041412353515625,-0.03253936767578125,-0.00896453857421875,-0.0130462646484375,-0.0232696533203125,-0.02368927001953125,-0.01678466796875,-0.01190185546875,-0.0083160400390625,-0.0377655029296875,0.2520751953125,0.08544921875,0.0787353515625,0.0848388671875,0.009307861328125,0.103912353515625,0.1434326171875,0.00030517578125,-0.126953125,-0.06195068359375,0.07904052734375,0.044097900390625,0.53955078125,0.21820068359375,-1.59088134765625,-0.9808349609375,-2.77970552444458,1.2499618530273438
883,0.4415,-0.0,-0.0,-0.0,-0.0,-0.0,-0.0,-0.0,-0.0,-0.0,-0.0,-0.0,-0.0,-4.941810131072998,-5.3564019203186035,-877.2134399414062,231494.625,2235.313232421875,-517.8558959960938,-0.0,-0.0,-0.0,-0.0,-0.0,-0.0,-0.00118255615234375,-0.00186920166015625,-0.0023651123046875,-0.0042724609375,-0.00118255615234375,-0.00213623046875,-3.814697265625e-05,-0.00453948974609375,-0.00286102294921875,-0.00156402587890625,-0.00354766845703125,-3.814697265625e-05,-0.00469207763671875,-0.001068115234375,-0.00110626220703125,-0.00614166259765625,-0.0421142578125,-0.030517578125,0.089263916015625,0.078125,0.033111572265625,0.093994140625,0.1458740234375,0.28900146484375,0.16754150390625,0.167236328125,0.09613037109375,0.16845703125,0.317840576171875,0.1165771484375,-0.049591064453125,-3.4149169921875,-3.809372663497925,1.2499618530273438
884,0.442,-0.0,-0.0,-0.0,-0.0,-0.0,-0.0,-0.0,-0.0,-0.0,-0.0,-0.0,-0.0,-4.670388221740723,-5.886406421661377,-876.9457397460938,230980.046875,2428.239013671875,-393.8866271972656,-0.0,-0.0,-0.0,-0.0,-0.0,-0.0,0.0110626220703125,0.0054168701171875,0.01819610595703125,0.020751953125,0.0159454345703125,0.0205230712890625,0.008697509765625,0.03452301025390625,0.01102447509765625,0.01251220703125,0.026092529296875,0.02201080322265625,0.01522064208984375,0.01445770263671875,0.0083160400390625,0.038909912109375,0.03997802734375,0.113677978515625,0.07659912109375,0.091705322265625,0.02685546875,0.059661865234375,0.2459716796875,0.24169921875,0.1507568359375,0.147705078125,0.146026611328125,0.22247314453125,-0.89263916015625,-0.080718994140625,1.89361572265625,2.24884033203125,6.4080939292907715,1.2499618530273438
885,0.4425,-0.0,-0.0,-0.0,-0.0,-0.0,-0.0,-0.0,-0.0,-0.0,-0.0,-0.0,-0.0,-4.665483474731445,-6.063108444213867,-877.1721801757812,230586.296875,2671.929443359375,-428.93621826171875,-0.0,-0.0,-0.0,-0.0,-0.0,-0.0,0.0023651123046875,0.0052642822265625,0.00202178955078125,0.00331878662109375,0.00316619873046875,0.0034332275390625,0.00377655029296875,0.0045013427734375,0.00057220458984375,-0.0003814697265625,0.00331878662109375,0.00247955322265625,0.0051116943359375,0.00186920166015625,-0.00072479248046875,0.0057220458984375,0.06317138671875,0.10284423828125,0.076141357421875,0.063629150390625,-0.006561279296875,0.08575439453125,0.09796142578125,-0.0262451171875,0.4351806640625,0.29296875,0.087432861328125,0.045013427734375,0.055084228515625,-0.128021240234375,1.349029541015625,2.885894775390625,-4.126193046569824,1.2499618530273438
886,0.443,-0.0,-0.0,-0.0,-0.0,-0.0,-0.0,-0.0,-0.0,-0.0,-0.0,-0.0,-0.0,-4.6129608154296875,-6.067967414855957,-877.2952270507812,230547.5,2715.952392578125,-381.6452331542969,-0.0,-0.0,-0.0,-0.0,-0.0,-0.0,-0.00904083251953125,-0.0067901611328125,-0.01636505126953125,-0.0203704833984375,-0.014801025390625,-0.0197601318359375,-0.00946044921875,-0.03253936767578125,-0.009765625,-0.01262664794921875,-0.02353668212890625,-0.02262115478515625,-0.01155853271484375,-0.0157928466796875,-0.00759124755859375,-0.0379180908203125,0.097198486328125,-0.02105712890625,0.0347900390625,0.08514404296875,0.029144287109375,0.08819580078125,-0.01007080078125,0.20904541015625,0.0439453125,0.13641357421875,-0.02685546875,-0.06011962890625,0.72906494140625,0.3143310546875,-1.55303955078125,0.241241455078125,-4.522219181060791,1.2499618530273438
887,0.4435,-0.0,-0.0,-0.0,-0.0,-0.0,-0.0,-0.0,-0.0,-0.0,-0.0,-0.0,-0.0,-4.701671600341797,-6.0058746337890625,-874.556884765625,230013.875,2955.388671875,-531.5055541992188,-0.0,-0.0,-0.0,-0.0,-0.0,-0.0,0.00049591064453125,-0.00316619873046875,-0.00293731689453125,-0.00347137451171875,-0.0008392333984375,-0.00194549560546875,-0.001220703125,-0.00377655029296875,-0.00179290771484375,-0.00034332275390625,-0.00217437744140625,0.003204345703125,-0.003662109375,-0.00164031982421875,-0.0009918212890625,-0.00514984130859375,0.13824462890625,0.045318603515625,0.111236572265625,0.08026123046875,0.050201416015625,0.079193115234375,0.16876220703125,0.21820068359375,-0.107421875,0.16815185546875,0.0201416015625,0.02593994140625,0.24169921875,0.091552734375,0.194854736328125,-2.5518798828125,-5.076655387878418,1.2499618530273438
888,0.444,-0.0,-0.0,-0.0,-0.0,-0.0,-0.0,-0.0,-0.0,-0.0,-0.0,-0.0,-0.0,-5.531135082244873,-6.359161376953125,-874.8340454101562,230178.703125,3293.2919921875,-787.2023315429688,-0.0,-0.0,-0.0,-0.0,-0.0,-0.0,0.0089263916015625,0.007781982421875,0.0170135498046875,0.02277374267578125,0.0159454345703125,0.02185821533203125,0.0101470947265625,0.03093719482421875,0.011138916015625,0.0113677978515625,0.02529144287109375,0.0223541259765625,0.0167083740234375,0.0144195556640625,0.01102447509765625,0.03978729248046875,0.05401611328125,0.392303466796875,0.073394775390625,0.075225830078125,0.101776123046875,0.07843017578125,0.1214599609375,0.20904541015625,0.35736083984375,0.2337646484375,0.08819580078125,0.072479248046875,-0.514068603515625,-0.21697998046875,1.6796875,2.100372314453125,8.388223648071289,1.2499618530273438
889,0.4445,-0.0,-0.0,-0.0,-0.0,-0.0,-0.0,-0.0,-0.0,-0.0,-0.0,-0.0,-0.0,-6.036645412445068,-6.451776504516602,-874.7637939453125,230124.421875,3474.7333984375,-965.5499267578125,-0.0,-0.0,-0.0,-0.0,-0.0,-0.0,0.0014495849609375,0.00396728515625,0.0031280517578125,0.00164031982421875,0.00278472900390625,0.002899169921875,0.00354766845703125,0.0049591064453125,-0.00041961669921875,0.00041961669921875,0.003814697265625,0.00274658203125,0.00232696533203125,0.0041961669921875,0.00118255615234375,0.00438690185546875,0.01861572265625,0.283355712890625,0.046844482421875,0.0830078125,0.059661865234375,0.0506591796875,0.3387451171875,0.11444091796875,0.16204833984375,0.1025390625,0.082244873046875,0.07293701171875,0.033721923828125,-0.012054443359375,0.885772705078125,2.40631103515625,7.516966342926025,1.2499618530273438
890,0.445,-0.0,-0.0,-0.0,-0.0,-0.0,-0.0,-0.0,-0.0,-0.0,-0.0,-0.0,-0.0,-6.799797534942627,-5.952419281005859,-873.212158203125,229877.671875,3760.938720703125,-1164.6121826171875,-0.0,-0.0,-0.0,-0.0,-0.0,-0.0,-0.00942230224609375,-0.00926971435546875,-0.01537322998046875,-0.02094268798828125,-0.01552581787109375,-0.01781463623046875,-0.0119781494140625,-0.03055572509765625,-0.00980377197265625,-0.01033782958984375,-0.0228118896484375,-0.01987457275390625,-0.0142669677734375,-0.0131988525390625,-0.00598907470703125,-0.04016876220703125,0.097503662109375,0.193939208984375,0.058746337890625,0.0701904296875,0.044708251953125,0.073089599609375,0.08758544921875,0.0830078125,0.081787109375,0.04058837890625,0.079345703125,0.041351318359375,0.352325439453125,0.25115966796875,-0.770263671875,-0.4425048828125,-3.334141492843628,1.2499618530273438
891,0.4455,-0.0,-0.0,-0.0,-0.0,-0.0,-0.0,-0.0,-0.0,-0.0,-0.0,-0.0,-0.0,-7.17764949798584,-5.441244602203369,-873.804931640625,230463.953125,4106.9423828125,-1311.7044677734375,-0.0,-0.0,-0.0,-0.0,-0.0,-0.0,-0.0018310546875,-0.0012969970703125,-0.001373291015625,-0.00308990478515625,-0.0026702880859375,-0.00278472900390625,-0.00392913818359375,-0.00377655029296875,-3.814697265625e-05,0.001068115234375,-0.001373291015625,-0.00164031982421875,-0.00423431396484375,-0.0002288818359375,-0.00019073486328125,-0.00339508056640625,0.1666259765625,0.066986083984375,0.07659912109375,0.081329345703125,0.11627197265625,0.09307861328125,0.10650634765625,0.06561279296875,0.08270263671875,0.2239990234375,0.076141357421875,0.075531005859375,0.2691650390625,0.095367431640625,-0.133819580078125,-1.959991455078125,-6.423142910003662,1.2499618530273438
892,0.446,-0.0,-0.0,-0.0,-0.0,-0.0,-0.0,-0.0,-0.0,-0.0,-0.0,-0.0,-0.0,-7.308837413787842,-4.765650272369385,-874.3822021484375,230762.671875,4107.38330078125,-1567.0484619140625,-0.0,-0.0,-0.0,-0.0,-0.0,-0.0,0.00965118408203125,0.00949859619140625,0.017242431640625,0.02292633056640625,0.01739501953125,0.01903533935546875,0.01270294189453125,0.03261566162109375,0.01064300537109375,0.01407623291015625,0.02559661865234375,0.024261474609375,0.01483917236328125,0.0162506103515625,0.00690460205078125,0.03955841064453125,0.006103515625,0.0762939453125,0.091094970703125,0.077362060546875,0.103302001953125,0.044097900390625,0.194091796875,0.257568359375,0.27130126953125,0.3204345703125,0.08880615234375,0.135650634765625,-0.5804443359375,-0.0347900390625,2.631072998046875,2.05078125,6.962530136108398,1.2499618530273438
893,0.4465,-0.0,-0.0,-0.0,-0.0,-0.0,-0.0,-0.0,-0.0,-0.0,-0.0,-0.0,-0.0,-7.636250019073486,-4.884769439697266,-874.3826904296875,231378.078125,4650.64013671875,-1708.9976806640625,-0.0,-0.0,-0.0,-0.0,-0.0,-0.0,0.00335693359375,0.0058746337890625,0.00232696533203125,0.00171661376953125,0.002288818359375,0.00202178955078125,0.00247955322265625,0.0063323974609375,0.0018310546875,0.00030517578125,0.00499725341796875,0.001068115234375,0.0038909912109375,0.00202178955078125,0.0003814697265625,0.005340576171875,0.037689208984375,0.086822509765625,0.06866455078125,0.057220458984375,0.102996826171875,0.078277587890625,0.05645751953125,0.12237548828125,0.19622802734375,0.2557373046875,0.05401611328125,0.10833740234375,0.286102294921875,0.3021240234375,1.31683349609375,2.546539306640625,6.72491455078125,1.2499618530273438
894,0.447,-0.0,-0.0,-0.0,-0.0,-0.0,-0.0,-0.0,-0.0,-0.0,-0.0,-0.0,-0.0,-7.925975322723389,-4.799952030181885,-874.1547241210938,231441.859375,4786.5732421875,-1876.839599609375,-0.0,-0.0,-0.0,-0.0,-0.0,-0.0,-0.01003265380859375,-0.007171630859375,-0.0188446044921875,-0.01934051513671875,-0.0165557861328125,-0.02109527587890625,-0.01129150390625,-0.03147125244140625,-0.0086212158203125,-0.01300811767578125,-0.025177001953125,-0.02506256103515625,-0.01293182373046875,-0.0136566162109375,-0.0102996826171875,-0.0384521484375,0.103302001953125,-0.17974853515625,0.083465576171875,0.0750732421875,0.109405517578125,0.0726318359375,0.2099609375,0.146484375,-0.0048828125,0.0341796875,0.11627197265625,0.085601806640625,0.55816650390625,-0.0262451171875,-2.154541015625,-1.802825927734375,-4.126193046569824,1.2499618530273438
895,0.4475,-0.0,-0.0,-0.0,-0.0,-0.0,-0.0,-0.0,-0.0,-0.0,-0.0,-0.0,-0.0,-8.987218856811523,-4.1848225593566895,-872.6378784179688,231523.109375,5177.0029296875,-2055.34716796875,-0.0,-0.0,-0.0,-0.0,-0.0,-0.0,-0.00102996826171875,-0.00274658203125,-0.00247955322265625,-0.0023651123046875,-0.00247955322265625,-0.00087738037109375,-0.00087738037109375,-0.0035858154296875,-0.00213623046875,-0.001983642578125,-0.002288818359375,0.0006866455078125,-0.00339508056640625,-0.00110626220703125,-0.00125885009765625,-0.004730224609375,0.111083984375,0.008087158203125,0.08453369140625,0.071563720703125,0.07293701171875,0.0775146484375,0.1751708984375,-0.13031005859375,0.0946044921875,-0.05340576171875,0.011138916015625,0.113372802734375,0.1702880859375,-0.10528564453125,-0.048675537109375,-2.340850830078125,-7.928041458129883,1.2499618530273438
896,0.448,-0.0,-0.0,-0.0,-0.0,-0.0,-0.0,-0.0,-0.0,-0.0,-0.0,-0.0,-0.0,-9.28711986541748,-3.764294147491455,-872.8912353515625,231495.15625,5735.9970703125,-2359.187744140625,-0.0,-0.0,-0.0,-0.0,-0.0,-0.0,0.0084686279296875,0.00919342041015625,0.01735687255859375,0.020599365234375,0.0177001953125,0.019683837890625,0.012054443359375,0.03002166748046875,0.0102996826171875,0.01178741455078125,0.02593994140625,0.0238800048828125,0.01628875732421875,0.01575469970703125,0.0054931640625,0.03940582275390625,0.04425048828125,0.130615234375,0.071258544921875,0.08026123046875,0.015106201171875,0.08514404296875,-0.07781982421875,0.56671142578125,0.0445556640625,0.29693603515625,0.05767822265625,0.062103271484375,-0.65704345703125,-0.001678466796875,2.69989013671875,2.15057373046875,6.012068271636963,1.2499618530273438
897,0.4485,-0.0,-0.0,-0.0,-0.0,-0.0,-0.0,-0.0,-0.0,-0.0,-0.0,-0.0,-0.0,-9.27826976776123,-3.176682233810425,-871.121826171875,231855.234375,5892.58935546875,-2401.92724609375,-0.0,-0.0,-0.0,-0.0,-0.0,-0.0,0.00255584716796875,0.00507354736328125,0.0026702880859375,0.00408172607421875,0.0018310546875,0.00247955322265625,0.00186920166015625,0.0074005126953125,0.001068115234375,0.0005340576171875,0.00438690185546875,0.00446319580078125,0.0034332275390625,0.0026702880859375,0.001068115234375,0.00507354736328125,0.028533935546875,0.057830810546875,0.0579833984375,0.08056640625,0.127716064453125,0.092620849609375,0.35369873046875,0.14617919921875,0.2655029296875,-0.2703857421875,0.0897216796875,0.013580322265625,0.175933837890625,0.34210205078125,1.2261962890625,2.13714599609375,5.061605930328369,1.2499618530273438
898,0.449,-0.0,-0.0,-0.0,-0.0,-0.0,-0.0,-0.0,-0.0,-0.0,-0.0,-0.0,-0.0,-8.84329891204834,-2.3266959190368652,-868.4705810546875,231806.328125,5723.333984375,-2458.80810546875,-0.0,-0.0,-0.0,-0.0,-0.0,-0.0,-0.0084686279296875,-0.01132965087890625,-0.01644134521484375,-0.02285003662109375,-0.01659393310546875,-0.0185394287109375,-0.01117706298828125,-0.0298309326171875,-0.010986328125,-0.01239776611328125,-0.02605438232421875,-0.0238800048828125,-0.01338958740234375,-0.016937255859375,-0.005950927734375,-0.04093170166015625,0.068359375,0.161590576171875,0.06927490234375,0.05706787109375,-0.21209716796875,0.07568359375,-0.2130126953125,-0.3338623046875,0.22796630859375,0.67138671875,0.09429931640625,0.003204345703125,0.381317138671875,0.129852294921875,-2.563934326171875,-1.58599853515625,2.3686304092407227,1.2499618530273438
899,0.4495,-0.0,-0.0,-0.0,-0.0,-0.0,-0.0,-0.0,-0.0,-0.0,-0.0,-0.0,-0.0,-7.479601860046387,-1.4156471490859985,-866.8237915039062,231930.21875,6067.5966796875,-2229.64208984375,-0.0,-0.0,-0.0,-0.0,-0.0,-0.0,-0.001373291015625,-0.001678466796875,-0.00194549560546875,-0.00225067138671875,-0.00080108642578125,-0.002593994140625,-0.00385284423828125,-0.003814697265625,0.0020599365234375,-0.001068115234375,-0.00362396240234375,-0.00202178955078125,-0.00415802001953125,-0.00019073486328125,-0.000457763671875,-0.0043487548828125,0.08270263671875,0.105438232421875,0.066070556640625,0.075531005859375,0.106964111328125,0.06256103515625,0.2398681640625,0.452880859375,0.02349853515625,-0.0494384765625,0.02838134765625,0.078887939453125,-0.058135986328125,0.086212158203125,-0.0250244140625,-3.351898193359375,-4.99744987487793,1.2499618530273438
900,0.45,-0.0,-0.0,-0.0,-0.0,-0.0,-0.0,-0.0,-0.0,-0.0,-0.0,-0.0,-0.0,-5.619112014770508,-0.49973079562187195,-867.0538330078125,231968.390625,5513.94287109375,-1922.1429443359375,-0.0,-0.0,-0.0,-0.0,-0.0,-0.0,0.008392333984375,0.0096893310546875,0.01537322998046875,0.0225067138671875,0.015106201171875,0.01987457275390625,0.01178741455078125,0.03154754638671875,0.01247406005859375,0.0103759765625,0.02750396728515625,0.021820068359375,0.018768310546875,0.01560211181640625,0.0058746337890625,0.04070281982421875,0.097198486328125,0.088348388671875,0.078582763671875,0.084075927734375,0.14190673828125,0.074615478515625,0.04638671875,0.1763916015625,-0.040283203125,0.213623046875,0.13092041015625,0.11810302734375,-0.625,0.037841796875,2.417144775390625,3.14605712890625,6.64570951461792,1.2499618530273438
901,0.4505,-0.0,-0.0,-0.0,-0.0,-0.0,-0.0,-0.0,-0.0,-0.0,-0.0,-0.0,-0.0,-3.8708181381225586,0.32528287172317505,-867.1734008789062,232583.03125,5299.89453125,-1485.1485595703125,-0.0,-0.0,-0.0,-0.0,-0.0,-0.0,0.001220703125,0.0077056884765625,0.00110626220703125,0.0023651123046875,0.00301361083984375,0.0016021728515625,0.0032806396484375,0.00469207763671875,0.00030517578125,-0.0006103515625,0.00286102294921875,-0.00152587890625,0.0028228759765625,0.00270843505859375,-0.000152587890625,0.0048828125,0.092315673828125,0.019989013671875,0.0555419921875,0.076904296875,0.0958251953125,0.053253173828125,-0.00732421875,0.2349853515625,-0.28411865234375,0.26824951171875,0.04180908203125,0.140380859375,0.345916748046875,0.061798095703125,-1.151885986328125,1.61956787109375,6.249683380126953,1.2499618530273438
902,0.451,-0.0,-0.0,-0.0,-0.0,-0.0,-0.0,-0.0,-0.0,-0.0,-0.0,-0.0,-0.0,-1.5645036697387695,1.41314697265625,-868.9273681640625,233295.3125,5039.1630859375,-1058.5438232421875,-0.0,-0.0,-0.0,-0.0,-0.0,-0.0,-0.0070953369140625,-0.0078582763671875,-0.016937255859375,-0.02239227294921875,-0.016021728515625,-0.015869140625,-0.009918212890625,-0.0305938720703125,-0.01171112060546875,-0.00972747802734375,-0.02727508544921875,-0.02239227294921875,-0.01323699951171875,-0.0125885009765625,-0.006561279296875,-0.0396728515625,0.06866455078125,0.03265380859375,0.061492919921875,0.06195068359375,0.162200927734375,0.071258544921875,0.19256591796875,0.008544921875,0.90545654296875,0.49041748046875,0.0634765625,0.069122314453125,0.84564208984375,0.013885498046875,-2.011566162109375,-0.174102783203125,-3.492551803588867,1.2499618530273438
903,0.4515,-0.0,-0.0,-0.0,-0.0,-0.0,-0.0,-0.0,-0.0,-0.0,-0.0,-0.0,-0.0,-0.11525566875934601,2.2681281566619873,-870.6724853515625,233975.375,4790.59619140625,-671.6884155273438,-0.0,-0.0,-0.0,-0.0,-0.0,-0.0,-0.0030517578125,-0.00469207763671875,-0.00152587890625,-0.00091552734375,-0.0009918212890625,-0.0034332275390625,-0.0063323974609375,-0.00499725341796875,0.00041961669921875,-0.00118255615234375,-0.0048065185546875,0.000762939453125,-0.004730224609375,-0.0020599365234375,-0.00030517578125,-0.00270843505859375,0.091094970703125,0.277252197265625,0.088348388671875,0.07659912109375,0.059356689453125,0.08636474609375,0.15716552734375,0.03021240234375,0.137939453125,-0.762939453125,0.0787353515625,0.0140380859375,0.029144287109375,-0.098724365234375,1.219635009765625,-1.900787353515625,-5.631091594696045,1.2499618530273438
904,0.452,-0.0,-0.0,-0.0,-0.0,-0.0,-0.0,-0.0,-0.0,-0.0,-0.0,-0.0,-0.0,0.8268395066261292,3.1195766925811768,-871.7196655273438,234590.390625,4785.919921875,-621.564453125,-0.0,-0.0,-0.0,-0.0,-0.0,-0.0,0.01007080078125,0.00843048095703125,0.0191497802734375,0.02262115478515625,0.01674652099609375,0.0182342529296875,0.01068115234375,0.03299713134765625,0.0084686279296875,0.01415252685546875,0.026397705078125,0.02742767333984375,0.0135040283203125,0.0144195556640625,0.00782012939453125,0.0390625,0.080413818359375,-0.067291259765625,0.081329345703125,0.075225830078125,0.0469970703125,0.07476806640625,0.15655517578125,0.17120361328125,-0.189208984375,0.118408203125,0.061187744140625,0.05645751953125,-0.570526123046875,0.107421875,3.805389404296875,0.99273681640625,6.4080939292907715,1.2499618530273438
905,0.4525,-0.0,-0.0,-0.0,-0.0,-0.0,-0.0,-0.0,-0.0,-0.0,-0.0,-0.0,-0.0,1.5983093976974487,3.5313587188720703,-874.968017578125,235229.890625,4984.12158203125,-373.03521728515625,-0.0,-0.0,-0.0,-0.0,-0.0,-0.0,0.00354766845703125,0.005645751953125,0.00095367431640625,0.0040435791015625,0.002288818359375,0.00278472900390625,0.0030517578125,0.00560760498046875,0.000762939453125,-0.0002288818359375,0.00362396240234375,-0.00019073486328125,0.0061798095703125,0.00110626220703125,0.0014495849609375,0.00476837158203125,0.063629150390625,-0.0018310546875,0.085296630859375,0.08209228515625,0.06500244140625,0.070953369140625,0.14678955078125,0.13275146484375,0.1629638671875,0.2923583984375,0.079803466796875,0.103912353515625,0.2294921875,0.113677978515625,-0.098876953125,1.977996826171875,6.883325099945068,1.2499618530273438
906,0.453,-0.0,-0.0,-0.0,-0.0,-0.0,-0.0,-0.0,-0.0,-0.0,-0.0,-0.0,-0.0,1.8629264831542969,3.7380948066711426,-874.7378540039062,235898.609375,4941.3203125,-333.6304016113281,-0.0,-0.0,-0.0,-0.0,-0.0,-0.0,-0.00820159912109375,-0.00942230224609375,-0.01621246337890625,-0.02193450927734375,-0.0167083740234375,-0.0202178955078125,-0.0107574462890625,-0.02960205078125,-0.00995635986328125,-0.0113677978515625,-0.0255584716796875,-0.0226593017578125,-0.0152587890625,-0.01445770263671875,-0.00621795654296875,-0.03887176513671875,0.09857177734375,0.064239501953125,0.067901611328125,0.08331298828125,-0.07049560546875,0.075836181640625,0.19256591796875,0.1019287109375,0.02593994140625,0.37811279296875,0.259857177734375,0.16021728515625,0.54473876953125,0.160980224609375,-1.945953369140625,-1.329803466796875,-4.126193046569824,1.2499618530273438
907,0.4535,-0.0,-0.0,-0.0,-0.0,-0.0,-0.0,-0.0,-0.0,-0.0,-0.0,-0.0,-0.0,1.7154641151428223,2.8262939453125,-875.3184814453125,236301.78125,5185.5400390625,-353.2502136230469,-0.0,-0.0,-0.0,-0.0,-0.0,-0.0,0.0006866455078125,-0.00164031982421875,-0.00171661376953125,-0.00316619873046875,-0.0025177001953125,-0.00156402587890625,0.00080108642578125,-0.0030517578125,-0.00301361083984375,-7.62939453125e-05,-0.00194549560546875,3.814697265625e-05,0.00011444091796875,-0.001373291015625,0.0003814697265625,-0.0046539306640625,0.10345458984375,0.20233154296875,0.062408447265625,0.085601806640625,0.345611572265625,0.070648193359375,0.20355224609375,0.03692626953125,-0.17669677734375,0.3558349609375,0.054779052734375,0.12054443359375,0.265960693359375,0.191650390625,0.738983154296875,-1.0699462890625,-5.631091594696045,1.2499618530273438
908,0.454,-0.0,-0.0,-0.0,-0.0,-0.0,-0.0,-0.0,-0.0,-0.0,-0.0,-0.0,-0.0,0.680743932723999,2.502760410308838,-876.8336181640625,236275.53125,5903.06396484375,-453.5187683105469,-0.0,-0.0,-0.0,-0.0,-0.0,-0.0,0.008697509765625,0.0069427490234375,0.016021728515625,0.02239227294921875,0.01651763916015625,0.02132415771484375,0.00926971435546875,0.03009796142578125,0.0104522705078125,0.01209259033203125,0.0262451171875,0.02117156982421875,0.01361846923828125,0.01590728759765625,0.0054931640625,0.04047393798828125,0.216064453125,0.023345947265625,0.081939697265625,0.078277587890625,0.097198486328125,0.08331298828125,0.2947998046875,0.34576416015625,0.91766357421875,-0.27587890625,-0.016326904296875,0.007476806640625,-0.841217041015625,-0.01373291015625,2.263336181640625,0.743255615234375,5.616042137145996,1.2499618530273438
909,0.4545,-0.0,-0.0,-0.0,-0.0,-0.0,-0.0,-0.0,-0.0,-0.0,-0.0,-0.0,-0.0,-0.5032384395599365,1.7053860425949097,-877.8846435546875,236629.59375,6633.23876953125,-860.181884765625,-0.0,-0.0,-0.0,-0.0,-0.0,-0.0,0.0016021728515625,0.00759124755859375,0.0018310546875,0.0042724609375,0.001373291015625,0.00274658203125,-0.00064849853515625,0.0041961669921875,0.00377655029296875,0.00263214111328125,0.00385284423828125,-0.0026702880859375,0.0019073486328125,0.0028228759765625,0.00133514404296875,0.00339508056640625,0.005340576171875,-0.00579833984375,0.0933837890625,0.070648193359375,0.14068603515625,0.10498046875,0.169677734375,0.1861572265625,0.48828125,-0.1300048828125,0.070648193359375,0.07598876953125,0.57525634765625,-0.007476806640625,-0.8843994140625,1.80267333984375,7.437760829925537,1.2499618530273438
910,0.455,-0.0,-0.0,-0.0,-0.0,-0.0,-0.0,-0.0,-0.0,-0.0,-0.0,-0.0,-0.0,-2.1594815254211426,0.0006365999579429626,-878.8145751953125,236900.84375,7142.6484375,-1118.5960693359375,-0.0,-0.0,-0.0,-0.0,-0.0,-0.0,-0.00804901123046875,-0.0102996826171875,-0.01750946044921875,-0.02166748046875,-0.01560211181640625,-0.01934051513671875,-0.00949859619140625,-0.03040313720703125,-0.00598907470703125,-0.01129150390625,-0.02532958984375,-0.021514892578125,-0.01514434814453125,-0.01178741455078125,-0.008392333984375,-0.03772735595703125,-0.055084228515625,0.213775634765625,0.083465576171875,0.086212158203125,0.0848388671875,0.05767822265625,0.28533935546875,0.1324462890625,0.31646728515625,-0.0018310546875,0.113067626953125,0.148162841796875,0.534515380859375,0.176544189453125,-1.1297607421875,-0.623931884765625,0.3092960715293884,1.2499618530273438
911,0.4555,-0.0,-0.0,-0.0,-0.0,-0.0,-0.0,-0.0,-0.0,-0.0,-0.0,-0.0,-0.0,-3.6961445808410645,-1.1777600049972534,-876.7213745117188,236743.5625,7677.830078125,-1416.8675537109375,-0.0,-0.0,-0.0,-0.0,-0.0,-0.0,-0.0019073486328125,-0.00431060791015625,-0.00308990478515625,-0.00331878662109375,-0.00087738037109375,-0.0014495849609375,-0.00019073486328125,-0.00377655029296875,-0.001373291015625,-0.00354766845703125,-0.00186920166015625,0.00522613525390625,-0.00148773193359375,-0.0011444091796875,-0.00217437744140625,-0.00453948974609375,0.06805419921875,0.067291259765625,0.07293701171875,0.079345703125,0.012664794921875,0.0653076171875,0.0653076171875,-0.00396728515625,0.06134033203125,0.3472900390625,0.11627197265625,0.044708251953125,-0.0653076171875,0.150604248046875,1.1041259765625,-2.164764404296875,-6.0271172523498535,1.2499618530273438
912,0.456,-0.0,-0.0,-0.0,-0.0,-0.0,-0.0,-0.0,-0.0,-0.0,-0.0,-0.0,-0.0,-4.849134922027588,-1.9726141691207886,-876.8353271484375,236897.90625,8292.4716796875,-1714.5435791015625,-0.0,-0.0,-0.0,-0.0,-0.0,-0.0,0.008087158203125,0.00797271728515625,0.01613616943359375,0.02208709716796875,0.0144195556640625,0.0189208984375,0.01155853271484375,0.0299072265625,0.00946044921875,0.01079559326171875,0.02780914306640625,0.0225830078125,0.0144195556640625,0.01556396484375,0.00797271728515625,0.03963470458984375,0.071563720703125,0.118560791015625,0.062713623046875,0.0933837890625,-0.040130615234375,0.0628662109375,0.0982666015625,-0.43670654296875,0.0189208984375,0.15960693359375,0.087432861328125,-0.0982666015625,-0.699920654296875,-0.002593994140625,1.88446044921875,0.98663330078125,6.962530136108398,1.2499618530273438
913,0.4565,-0.0,-0.0,-0.0,-0.0,-0.0,-0.0,-0.0,-0.0,-0.0,-0.0,-0.0,-0.0,-5.707212924957275,-2.266885280609131,-876.8362426757812,236870.359375,8788.216796875,-1932.8355712890625,-0.0,-0.0,-0.0,-0.0,-0.0,-0.0,0.00087738037109375,0.00301361083984375,0.00156402587890625,0.004425048828125,0.00530242919921875,0.0029754638671875,0.0038909912109375,0.00244140625,0.000762939453125,0.0006866455078125,0.00446319580078125,0.00095367431640625,0.002288818359375,0.00263214111328125,7.62939453125e-05,0.0045013427734375,0.081939697265625,0.05126953125,0.07568359375,0.064849853515625,0.08270263671875,0.0933837890625,0.418701171875,0.45166015625,0.14801025390625,0.32867431640625,0.0628662109375,0.04119873046875,0.03875732421875,0.0030517578125,0.322113037109375,2.081451416015625,8.625839233398438,1.2499618530273438
914,0.457,-0.0,-0.0,-0.0,-0.0,-0.0,-0.0,-0.0,-0.0,-0.0,-0.0,-0.0,-0.0,-6.357421875,-1.9723708629608154,-876.3709716796875,236875.6875,9217.3486328125,-2239.700927734375,-0.0,-0.0,-0.0,-0.0,-0.0,-0.0,-0.00885009765625,-0.007171630859375,-0.01537322998046875,-0.02170562744140625,-0.01476287841796875,-0.018768310546875,-0.0090789794921875,-0.03070831298828125,-0.0087738037109375,-0.01220703125,-0.0234222412109375,-0.0232696533203125,-0.013275146484375,-0.01422882080078125,-0.0063323974609375,-0.03765106201171875,0.1116943359375,0.00396728515625,0.04913330078125,0.06072998046875,0.09521484375,0.08514404296875,0.25634765625,0.623779296875,0.18829345703125,0.205078125,0.11383056640625,0.12969970703125,0.5706787109375,0.301666259765625,-1.565704345703125,0.45166015625,-3.254936456680298,1.2499618530273438
915,0.4575,-0.0,-0.0,-0.0,-0.0,-0.0,-0.0,-0.0,-0.0,-0.0,-0.0,-0.0,-0.0,-6.623816967010498,-2.8558905124664307,-876.4866943359375,237144.625,9687.46484375,-2240.10107421875,-0.0,-0.0,-0.0,-0.0,-0.0,-0.0,-0.0008392333984375,-0.00354766845703125,-0.00209808349609375,-0.00232696533203125,-0.0025177001953125,-0.0019073486328125,-0.00263214111328125,-0.00354766845703125,-0.0009918212890625,0.000457763671875,-0.00324249267578125,0.0002288818359375,-0.00293731689453125,-0.00244140625,0.00324249267578125,-0.004425048828125,0.106048583984375,0.045013427734375,0.08758544921875,0.073699951171875,0.0115966796875,0.087432861328125,0.078125,0.20782470703125,0.07110595703125,-0.009765625,0.0872802734375,0.09063720703125,0.30975341796875,-0.018463134765625,0.0341796875,-2.02911376953125,-5.076655387878418,1.2499618530273438
916,0.458,-0.0,-0.0,-0.0,-0.0,-0.0,-0.0,-0.0,-0.0,-0.0,-0.0,-0.0,-0.0,-6.298465728759766,-2.385143280029297,-876.2529296875,237448.828125,10325.9990234375,-2279.225830078125,-0.0,-0.0,-0.0,-0.0,-0.0,-0.0,0.01056671142578125,0.0067901611328125,0.0176239013671875,0.0211334228515625,0.01346588134765625,0.020599365234375,0.0095367431640625,0.03269195556640625,0.0095367431640625,0.01369476318359375,0.02544403076171875,0.02246856689453125,0.01399993896484375,0.0144195556640625,0.008392333984375,0.03902435302734375,0.0799560546875,-0.10101318359375,0.08087158203125,0.064239501953125,0.24810791015625,0.06744384765625,-0.05706787109375,-0.0787353515625,-0.02685546875,0.29083251953125,0.076141357421875,0.184783935546875,-0.49285888671875,-0.155792236328125,1.881866455078125,1.942901611328125,6.328888893127441,1.2499618530273438
917,0.4585,-0.0,-0.0,-0.0,-0.0,-0.0,-0.0,-0.0,-0.0,-0.0,-0.0,-0.0,-0.0,-6.032918453216553,-1.6781120300292969,-876.0167846679688,237849.0,10282.4794921875,-2259.183837890625,-0.0,-0.0,-0.0,-0.0,-0.0,-0.0,0.0,0.0054168701171875,-7.62939453125e-05,0.005035400390625,0.00278472900390625,0.00255584716796875,0.00316619873046875,0.00377655029296875,0.000762939453125,-0.001220703125,0.00553131103515625,0.0028228759765625,0.00438690185546875,0.0006866455078125,-0.0011444091796875,0.00522613525390625,0.059967041015625,0.145416259765625,0.080413818359375,0.0738525390625,-0.063323974609375,0.07293701171875,0.08880615234375,-0.0701904296875,-0.16845703125,0.1947021484375,0.075531005859375,0.067901611328125,0.301971435546875,-0.024871826171875,1.387786865234375,2.531585693359375,6.883325099945068,1.2499618530273438
918,0.459,-0.0,-0.0,-0.0,-0.0,-0.0,-0.0,-0.0,-0.0,-0.0,-0.0,-0.0,-0.0,-5.557179927825928,-0.7380344867706299,-876.2491455078125,238501.421875,10329.10546875,-2317.680419921875,-0.0,-0.0,-0.0,-0.0,-0.0,-0.0,-0.00881195068359375,-0.00995635986328125,-0.01781463623046875,-0.02048492431640625,-0.0159454345703125,-0.02178192138671875,-0.00926971435546875,-0.03055572509765625,-0.0098419189453125,-0.01148223876953125,-0.023651123046875,-0.021209716796875,-0.015869140625,-0.0146484375,-0.00804901123046875,-0.03787994384765625,0.079345703125,0.0811767578125,0.077056884765625,0.07354736328125,0.093231201171875,0.066375732421875,0.13671875,-0.03753662109375,-0.65338134765625,0.10955810546875,0.0628662109375,-0.078277587890625,0.315704345703125,0.371856689453125,0.1507568359375,-1.39251708984375,-3.413346767425537,1.2499618530273438
919,0.4595,-0.0,-0.0,-0.0,-0.0,-0.0,-0.0,-0.0,-0.0,-0.0,-0.0,-0.0,-0.0,-4.702657699584961,0.0863584578037262,-879.1676635742188,239096.1875,10357.5712890625,-2277.345947265625,-0.0,-0.0,-0.0,-0.0,-0.0,-0.0,-0.0005340576171875,-0.0041961669921875,-0.00072479248046875,-0.00213623046875,-0.0006866455078125,-0.00133514404296875,-0.0016021728515625,-0.00308990478515625,-0.001068115234375,0.00026702880859375,-0.0032806396484375,-7.62939453125e-05,-0.00514984130859375,-0.0002288818359375,0.00152587890625,-0.00453948974609375,0.073089599609375,0.075531005859375,0.085906982421875,0.08087158203125,0.22003173828125,0.0921630859375,0.13336181640625,0.4522705078125,0.77606201171875,0.31402587890625,0.076751708984375,0.036773681640625,-0.152435302734375,-0.0494384765625,0.213165283203125,-3.567047119140625,-5.631091594696045,1.2499618530273438
920,0.46,-0.0,-0.0,-0.0,-0.0,-0.0,-0.0,-0.0,-0.0,-0.0,-0.0,-0.0,-0.0,-3.312610626220703,1.3829683065414429,-880.9095458984375,240060.25,10083.7666015625,-1990.6109619140625,-0.0,-0.0,-0.0,-0.0,-0.0,-0.0,0.00926971435546875,0.00576019287109375,0.0180816650390625,0.0234222412109375,0.01583099365234375,0.02033233642578125,0.00980377197265625,0.0312042236328125,0.01003265380859375,0.01392364501953125,0.02605438232421875,0.02262115478515625,0.0139617919921875,0.0139617919921875,0.0064849853515625,0.037841796875,0.081787109375,0.053253173828125,0.07476806640625,0.0836181640625,0.269317626953125,0.069427490234375,0.3302001953125,0.1544189453125,0.32928466796875,0.09368896484375,0.075225830078125,0.10101318359375,-0.940399169921875,-0.104827880859375,2.12921142578125,0.70587158203125,7.358555793762207,1.2499618530273438
921,0.4605,-0.0,-0.0,-0.0,-0.0,-0.0,-0.0,-0.0,-0.0,-0.0,-0.0,-0.0,-0.0,-2.5142979621887207,2.765768527984619,-882.0765991210938,240756.046875,9933.6181640625,-1829.6778564453125,-0.0,-0.0,-0.0,-0.0,-0.0,-0.0,0.00179290771484375,0.00705718994140625,0.0042724609375,0.00263214111328125,0.00347137451171875,0.00133514404296875,0.00415802001953125,0.00415802001953125,0.0012969970703125,0.0012969970703125,0.00354766845703125,0.0018310546875,0.0054931640625,0.0046539306640625,0.0006103515625,0.00469207763671875,0.116424560546875,0.12054443359375,0.091705322265625,0.08636474609375,0.07568359375,0.083465576171875,0.19744873046875,0.14434814453125,0.21514892578125,0.1739501953125,0.062713623046875,0.1300048828125,0.412750244140625,0.25299072265625,1.219329833984375,2.686767578125,6.80411958694458,1.2499618530273438
922,0.461,-0.0,-0.0,-0.0,-0.0,-0.0,-0.0,-0.0,-0.0,-0.0,-0.0,-0.0,-0.0,-1.8309167623519897,3.5907771587371826,-884.5097045898438,241305.4375,10049.8837890625,-1908.6134033203125,-0.0,-0.0,-0.0,-0.0,-0.0,-0.0,-0.0067901611328125,-0.01338958740234375,-0.01617431640625,-0.02315521240234375,-0.0154876708984375,-0.01689910888671875,-0.0099945068359375,-0.03047943115234375,-0.0096893310546875,-0.01209259033203125,-0.026092529296875,-0.02132415771484375,-0.01087188720703125,-0.0145721435546875,-0.00324249267578125,-0.0397491455078125,0.09185791015625,0.030059814453125,0.067596435546875,0.075531005859375,-0.05889892578125,0.091400146484375,0.10467529296875,0.0811767578125,0.54779052734375,0.17852783203125,0.07904052734375,0.11138916015625,0.319061279296875,0.157623291015625,-1.42669677734375,-0.3814697265625,-4.8390398025512695,1.2499618530273438
923,0.4615,-0.0,-0.0,-0.0,-0.0,-0.0,-0.0,-0.0,-0.0,-0.0,-0.0,-0.0,-0.0,-2.1903867721557617,4.827163219451904,-884.8773193359375,241304.625,10225.6064453125,-1928.4942626953125,-0.0,-0.0,-0.0,-0.0,-0.0,-0.0,7.62939453125e-05,-0.0037384033203125,-0.00301361083984375,-0.00110626220703125,0.0,-0.0020599365234375,-0.00286102294921875,-0.00354766845703125,0.0003814697265625,0.00186920166015625,-0.00274658203125,-0.0003814697265625,-0.00308990478515625,-0.00431060791015625,0.0002288818359375,-0.00377655029296875,-0.0006103515625,0.19622802734375,0.048370361328125,0.07171630859375,0.283355712890625,0.063323974609375,0.157470703125,0.07720947265625,0.0299072265625,0.14007568359375,0.10406494140625,0.081939697265625,0.25848388671875,0.01617431640625,-0.135498046875,-2.406005859375,-9.03691291809082,1.2499618530273438
924,0.462,-0.0,-0.0,-0.0,-0.0,-0.0,-0.0,-0.0,-0.0,-0.0,-0.0,-0.0,-0.0,-1.747132658958435,5.621909141540527,-884.9927368164062,240929.5,10191.9736328125,-1919.5445556640625,-0.0,-0.0,-0.0,-0.0,-0.0,-0.0,0.0090789794921875,0.008087158203125,0.01781463623046875,0.0226593017578125,0.01708984375,0.01888275146484375,0.01041412353515625,0.03055572509765625,0.01140594482421875,0.01094818115234375,0.0247955322265625,0.02384185791015625,0.0136566162109375,0.01430511474609375,0.00690460205078125,0.0388336181640625,0.04119873046875,0.00701904296875,0.070343017578125,0.069427490234375,0.11322021484375,0.068206787109375,0.21240234375,0.10162353515625,0.0543212890625,0.1043701171875,0.05279541015625,0.14373779296875,-0.6915283203125,-0.1776123046875,3.081207275390625,2.11517333984375,6.64570951461792,1.2499618530273438
925,0.4625,-0.0,-0.0,-0.0,-0.0,-0.0,-0.0,-0.0,-0.0,-0.0,-0.0,-0.0,-0.0,-1.4771854877471924,6.120993137359619,-885.213134765625,240902.078125,10266.435546875,-1858.664306640625,-0.0,-0.0,-0.0,-0.0,-0.0,-0.0,0.0005340576171875,0.00530242919921875,0.00431060791015625,0.003509521484375,0.00152587890625,-0.001068115234375,0.00335693359375,0.00400543212890625,0.0026702880859375,0.00034332275390625,0.00308990478515625,0.00263214111328125,0.00423431396484375,0.003662109375,0.00057220458984375,0.0040435791015625,0.06927490234375,0.0250244140625,0.07965087890625,0.082550048828125,-0.085601806640625,0.068817138671875,0.18524169921875,0.1190185546875,-1.126708984375,0.45440673828125,0.04547119140625,0.14892578125,0.0750732421875,0.174407958984375,1.43280029296875,3.003997802734375,7.516966342926025,1.2499618530273438
926,0.463,-0.0,-0.0,-0.0,-0.0,-0.0,-0.0,-0.0,-0.0,-0.0,-0.0,-0.0,-0.0,-1.8629264831542969,6.21339750289917,-884.6366577148438,240675.484375,10359.998046875,-1829.2708740234375,-0.0,-0.0,-0.0,-0.0,-0.0,-0.0,-0.00827789306640625,-0.00782012939453125,-0.016632080078125,-0.0215911865234375,-0.01495361328125,-0.01800537109375,-0.01026153564453125,-0.03047943115234375,-0.00850677490234375,-0.01125335693359375,-0.0269317626953125,-0.022430419921875,-0.01445770263671875,-0.012969970703125,-0.00766754150390625,-0.03787994384765625,0.084228515625,0.084991455078125,0.074310302734375,0.082550048828125,0.00701904296875,0.052947998046875,0.1922607421875,0.09765625,0.831298828125,-0.2996826171875,0.108184814453125,0.030364990234375,0.616455078125,0.101165771484375,-2.526702880859375,-0.388031005859375,-9.670554161071777,1.2499618530273438
927,0.4635,-0.0,-0.0,-0.0,-0.0,-0.0,-0.0,-0.0,-0.0,-0.0,-0.0,-0.0,-0.0,-1.7406569719314575,5.47832727432251,-882.5609130859375,240273.90625,10718.4033203125,-1956.8729248046875,-0.0,-0.0,-0.0,-0.0,-0.0,-0.0,7.62939453125e-05,-0.00431060791015625,-0.00202178955078125,-0.00263214111328125,-0.001373291015625,-0.00331878662109375,0.001373291015625,-0.00545501708984375,-0.00255584716796875,-0.0014495849609375,-0.00286102294921875,0.00171661376953125,-0.0035858154296875,-0.0011444091796875,-0.00270843505859375,-0.0042724609375,0.087432861328125,0.155029296875,0.087127685546875,0.0921630859375,0.1361083984375,0.088653564453125,0.3045654296875,0.2093505859375,0.05035400390625,0.2459716796875,0.067596435546875,-0.013885498046875,0.071563720703125,0.05157470703125,-0.24658203125,-1.7437744140625,-4.284603595733643,1.2499618530273438
928,0.464,-0.0,-0.0,-0.0,-0.0,-0.0,-0.0,-0.0,-0.0,-0.0,-0.0,-0.0,-0.0,-2.129058837890625,5.096560955047607,-883.00439453125,239794.125,10945.4287109375,-1751.2403564453125,-0.0,-0.0,-0.0,-0.0,-0.0,-0.0,0.00980377197265625,0.007781982421875,0.018768310546875,0.02105712890625,0.01667022705078125,0.01842498779296875,0.0098419189453125,0.032501220703125,0.00942230224609375,0.0112152099609375,0.0274658203125,0.02410888671875,0.01483917236328125,0.0138092041015625,0.00598907470703125,0.03833770751953125,0.102081298828125,0.10498046875,0.068511962890625,0.07232666015625,-0.462188720703125,0.0933837890625,0.0738525390625,-0.0042724609375,0.31463623046875,0.0738525390625,0.061492919921875,0.044097900390625,-0.5340576171875,0.302886962890625,2.85552978515625,2.6385498046875,6.883325099945068,1.2499618530273438
929,0.4645,-0.0,-0.0,-0.0,-0.0,-0.0,-0.0,-0.0,-0.0,-0.0,-0.0,-0.0,-0.0,-2.569918155670166,3.678281545639038,-881.1351928710938,239055.9375,11370.6494140625,-1880.2166748046875,-0.0,-0.0,-0.0,-0.0,-0.0,-0.0,0.0029754638671875,0.00644683837890625,0.00209808349609375,0.00469207763671875,0.00347137451171875,0.00354766845703125,0.00247955322265625,0.0035858154296875,0.001373291015625,0.00186920166015625,0.00415802001953125,-7.62939453125e-05,0.004730224609375,0.00133514404296875,0.0006103515625,0.00457763671875,0.13458251953125,0.259857177734375,0.10711669921875,0.074005126953125,0.264892578125,0.109100341796875,0.198974609375,0.36834716796875,-0.303955078125,0.2984619140625,0.05279541015625,0.069580078125,0.19134521484375,-0.01922607421875,-0.866851806640625,1.99249267578125,6.170478343963623,1.2499618530273438
930,0.465,-0.0,-0.0,-0.0,-0.0,-0.0,-0.0,-0.0,-0.0,-0.0,-0.0,-0.0,-0.0,-3.456800937652588,1.94598388671875,-879.388916015625,238111.375,11589.7392578125,-2048.782958984375,-0.0,-0.0,-0.0,-0.0,-0.0,-0.0,-0.009765625,-0.0067901611328125,-0.01819610595703125,-0.01983642578125,-0.0162506103515625,-0.01628875732421875,-0.01102447509765625,-0.03131866455078125,-0.008087158203125,-0.0118255615234375,-0.0243377685546875,-0.0243377685546875,-0.014495849609375,-0.01499176025390625,-0.0067901611328125,-0.03875732421875,0.0372314453125,0.100250244140625,0.033721923828125,0.065460205078125,0.114593505859375,0.066680908203125,0.10589599609375,0.13275146484375,0.92376708984375,0.02685546875,0.072479248046875,0.07659912109375,0.85052490234375,-0.032501220703125,-2.201385498046875,-1.2371826171875,-4.284603595733643,1.2499618530273438
931,0.4655,-0.0,-0.0,-0.0,-0.0,-0.0,-0.0,-0.0,-0.0,-0.0,-0.0,-0.0,-0.0,-3.87776517868042,0.11675146967172623,-880.3715209960938,237406.46875,11643.6357421875,-1942.476318359375,-0.0,-0.0,-0.0,-0.0,-0.0,-0.0,-0.000762939453125,-0.003204345703125,-0.00301361083984375,-0.00301361083984375,-0.001678466796875,-0.000152587890625,-0.00148773193359375,-0.00392913818359375,-0.0038909912109375,-0.0006103515625,-0.001220703125,-0.0006866455078125,-0.003662109375,-0.00225067138671875,0.0003814697265625,-0.00576019287109375,0.052337646484375,0.157928466796875,0.05859375,0.07354736328125,0.296173095703125,0.068359375,0.05340576171875,0.06744384765625,0.34149169921875,0.41259765625,0.079193115234375,0.114288330078125,0.21636962890625,0.130462646484375,-0.434722900390625,-3.058013916015625,-5.076655387878418,1.2499618530273438
932,0.466,-0.0,-0.0,-0.0,-0.0,-0.0,-0.0,-0.0,-0.0,-0.0,-0.0,-0.0,-0.0,-3.9569640159606934,-1.5614352226257324,-879.4136962890625,236749.15625,12237.2666015625,-1941.990478515625,-0.0,-0.0,-0.0,-0.0,-0.0,-0.0,0.00881195068359375,0.0079345703125,0.01758575439453125,0.02140045166015625,0.01651763916015625,0.018768310546875,0.01293182373046875,0.02994537353515625,0.0119781494140625,0.01129150390625,0.0274658203125,0.02685546875,0.01422882080078125,0.0170135498046875,0.00553131103515625,0.04138946533203125,-0.004119873046875,0.13519287109375,0.079498291015625,0.08056640625,0.158233642578125,0.07415771484375,0.1800537109375,0.17364501953125,0.16571044921875,0.42724609375,0.084228515625,0.21453857421875,-0.841217041015625,0.1141357421875,4.14398193359375,1.42852783203125,7.0417351722717285,1.2499618530273438
933,0.4665,-0.0,-0.0,-0.0,-0.0,-0.0,-0.0,-0.0,-0.0,-0.0,-0.0,-0.0,-0.0,-4.971249580383301,-3.038095235824585,-878.3535766601562,236233.546875,12513.4130859375,-1929.013427734375,-0.0,-0.0,-0.0,-0.0,-0.0,-0.0,0.00087738037109375,0.00019073486328125,0.00232696533203125,0.0034332275390625,0.00232696533203125,0.003662109375,0.00064849853515625,0.00274658203125,0.001678466796875,0.00331878662109375,0.00385284423828125,0.00186920166015625,0.0040435791015625,0.00263214111328125,0.00133514404296875,0.00476837158203125,0.044097900390625,0.085296630859375,0.064544677734375,0.073089599609375,0.046234130859375,0.07171630859375,0.13946533203125,0.12969970703125,0.5712890625,0.0677490234375,0.07904052734375,0.038299560546875,-0.327911376953125,0.093841552734375,1.409149169921875,3.800201416015625,7.279350757598877,1.2499618530273438
934,0.467,-0.0,-0.0,-0.0,-0.0,-0.0,-0.0,-0.0,-0.0,-0.0,-0.0,-0.0,-0.0,-6.507837295532227,-4.094607830047607,-879.736328125,235896.90625,13087.3017578125,-2171.143310546875,-0.0,-0.0,-0.0,-0.0,-0.0,-0.0,-0.00995635986328125,-0.00728607177734375,-0.01720428466796875,-0.0218963623046875,-0.0152587890625,-0.021820068359375,-0.00965118408203125,-0.03265380859375,-0.01018524169921875,-0.01071929931640625,-0.0254058837890625,-0.02227783203125,-0.0173187255859375,-0.0145721435546875,-0.00629425048828125,-0.03986358642578125,0.1312255859375,0.06500244140625,0.08209228515625,0.083465576171875,0.161285400390625,0.088958740234375,0.1708984375,0.16143798828125,-0.07659912109375,0.0762939453125,0.05889892578125,-0.056304931640625,0.66864013671875,0.102996826171875,-1.395721435546875,-1.63818359375,-5.235065460205078,1.2499618530273438
935,0.4675,-0.0,-0.0,-0.0,-0.0,-0.0,-0.0,-0.0,-0.0,-0.0,-0.0,-0.0,-0.0,-6.887341022491455,-5.05496072769165,-879.2752075195312,235178.671875,13105.7626953125,-2212.05517578125,-0.0,-0.0,-0.0,-0.0,-0.0,-0.0,-0.0006866455078125,-0.00030517578125,-0.0002288818359375,-0.0023651123046875,-0.00217437744140625,-0.0042724609375,-0.00171661376953125,-0.0028228759765625,0.00072479248046875,-0.000762939453125,-0.00339508056640625,-0.001068115234375,-0.00232696533203125,-0.000152587890625,0.0011444091796875,-0.0058746337890625,0.1007080078125,0.3314208984375,0.127105712890625,0.085601806640625,0.003814697265625,0.065765380859375,0.2508544921875,0.0469970703125,-0.20751953125,0.27252197265625,0.066986083984375,0.08148193359375,0.25421142578125,0.2728271484375,-0.6890869140625,-2.2894287109375,-4.99744987487793,1.2499618530273438
936,0.468,-0.0,-0.0,-0.0,-0.0,-0.0,-0.0,-0.0,-0.0,-0.0,-0.0,-0.0,-0.0,-6.649339199066162,-5.720691204071045,-878.1475219726562,234575.578125,13277.2333984375,-2151.4384765625,-0.0,-0.0,-0.0,-0.0,-0.0,-0.0,0.0090789794921875,0.0048065185546875,0.01678466796875,0.02216339111328125,0.01506805419921875,0.01953125,0.01125335693359375,0.03093719482421875,0.01209259033203125,0.01094818115234375,0.0257110595703125,0.02323150634765625,0.0150299072265625,0.01522064208984375,0.007476806640625,0.040283203125,0.026397705078125,0.0909423828125,0.08148193359375,0.077667236328125,-0.098419189453125,0.108795166015625,0.0372314453125,-0.1806640625,0.08758544921875,0.191650390625,0.0750732421875,0.091094970703125,-1.006317138671875,-0.21148681640625,2.8955078125,0.8807373046875,5.536837100982666,1.2499618530273438
937,0.4685,-0.0,-0.0,-0.0,-0.0,-0.0,-0.0,-0.0,-0.0,-0.0,-0.0,-0.0,-0.0,-6.439492225646973,-6.913095951080322,-877.1637573242188,233986.71875,13108.80859375,-1985.7640380859375,-0.0,-0.0,-0.0,-0.0,-0.0,-0.0,-0.000152587890625,0.0040435791015625,0.00255584716796875,0.00431060791015625,0.00225067138671875,0.00362396240234375,0.00087738037109375,0.00286102294921875,0.000457763671875,0.00232696533203125,0.004730224609375,-0.000457763671875,0.00041961669921875,0.00186920166015625,0.00156402587890625,0.004425048828125,0.259857177734375,-0.104217529296875,0.048980712890625,0.078582763671875,-0.05950927734375,0.071868896484375,0.1763916015625,0.218505859375,0.0732421875,0.1824951171875,0.069580078125,0.044708251953125,0.1422119140625,0.0616455078125,0.467376708984375,2.457122802734375,5.616042137145996,1.2499618530273438
938,0.46900000000000003,-0.0,-0.0,-0.0,-0.0,-0.0,-0.0,-0.0,-0.0,-0.0,-0.0,-0.0,-0.0,-5.980392932891846,-7.595664978027344,-875.084716796875,233134.53125,13252.74609375,-1728.1414794921875,-0.0,-0.0,-0.0,-0.0,-0.0,-0.0,-0.00701904296875,-0.00522613525390625,-0.01728057861328125,-0.0218963623046875,-0.01514434814453125,-0.0185394287109375,-0.009918212890625,-0.03093719482421875,-0.00942230224609375,-0.00904083251953125,-0.0267791748046875,-0.02445220947265625,-0.01415252685546875,-0.0119781494140625,-0.0051116943359375,-0.03894805908203125,-0.02288818359375,0.028839111328125,0.076446533203125,0.077667236328125,0.328826904296875,0.06591796875,0.07720947265625,0.23406982421875,-0.0677490234375,0.25390625,0.0799560546875,0.05706787109375,0.87493896484375,0.020599365234375,-1.941375732421875,-1.13372802734375,-6.185527801513672,1.2499618530273438
939,0.46950000000000003,-0.0,-0.0,-0.0,-0.0,-0.0,-0.0,-0.0,-0.0,-0.0,-0.0,-0.0,-0.0,-5.621313571929932,-8.06966495513916,-874.2931518554688,232725.53125,13293.7626953125,-1687.50537109375,-0.0,-0.0,-0.0,-0.0,-0.0,-0.0,-0.00156402587890625,-0.0017547607421875,-0.0002288818359375,-0.0037384033203125,-0.00194549560546875,-0.00125885009765625,-0.0014495849609375,-0.0019073486328125,-0.00213623046875,0.0012969970703125,-0.0026702880859375,-0.000152587890625,-0.00438690185546875,0.0003814697265625,-3.814697265625e-05,-0.00579833984375,0.068817138671875,0.188751220703125,0.072174072265625,0.066680908203125,0.11444091796875,0.0738525390625,0.281982421875,0.21636962890625,0.45013427734375,-0.074462890625,0.093841552734375,0.077667236328125,0.25848388671875,0.14190673828125,0.73638916015625,-3.565216064453125,0.8637322187423706,1.2499618530273438
940,0.47000000000000003,-0.0,-0.0,-0.0,-0.0,-0.0,-0.0,-0.0,-0.0,-0.0,-0.0,-0.0,-0.0,-5.173238754272461,-8.209266662597656,-875.1945190429688,232358.78125,13282.17578125,-1568.591064453125,-0.0,-0.0,-0.0,-0.0,-0.0,-0.0,0.0075531005859375,0.00560760498046875,0.01712799072265625,0.02288818359375,0.0153350830078125,0.01888275146484375,0.00949859619140625,0.03078460693359375,0.0110626220703125,0.01224517822265625,0.02765655517578125,0.0231170654296875,0.01697540283203125,0.01476287841796875,0.00835418701171875,0.03940582275390625,0.09674072265625,0.1708984375,0.067291259765625,0.0738525390625,0.140380859375,0.072784423828125,0.26519775390625,0.25482177734375,0.04486083984375,0.12725830078125,0.082550048828125,0.12969970703125,-0.935516357421875,-0.05096435546875,1.35955810546875,2.38525390625,7.5961713790893555,1.2499618530273438
941,0.47050000000000003,-0.0,-0.0,-0.0,-0.0,-0.0,-0.0,-0.0,-0.0,-0.0,-0.0,-0.0,-0.0,-5.196372032165527,-8.446257591247559,-874.73486328125,232103.984375,13339.08984375,-1529.664306640625,-0.0,-0.0,-0.0,-0.0,-0.0,-0.0,0.0016021728515625,0.002593994140625,0.0026702880859375,0.00316619873046875,0.0018310546875,0.00255584716796875,0.00041961669921875,0.00431060791015625,0.002288818359375,0.00164031982421875,0.0023651123046875,0.00087738037109375,0.00469207763671875,0.00308990478515625,0.00202178955078125,0.00476837158203125,0.009002685546875,0.01922607421875,0.075531005859375,0.071563720703125,0.04119873046875,0.07781982421875,0.21148681640625,0.14617919921875,0.10589599609375,0.24017333984375,0.098724365234375,0.129241943359375,-0.13916015625,-0.00457763671875,1.378631591796875,4.25872802734375,7.120940208435059,1.2499618530273438
942,0.47100000000000003,-0.0,-0.0,-0.0,-0.0,-0.0,-0.0,-0.0,-0.0,-0.0,-0.0,-0.0,-0.0,-5.4163312911987305,-8.660476684570312,-874.605224609375,232143.859375,13513.3857421875,-1526.5885009765625,-0.0,-0.0,-0.0,-0.0,-0.0,-0.0,-0.008544921875,-0.0069427490234375,-0.0180816650390625,-0.0211334228515625,-0.01739501953125,-0.01983642578125,-0.0106048583984375,-0.030364990234375,-0.01049041748046875,-0.012969970703125,-0.024261474609375,-0.02315521240234375,-0.01079559326171875,-0.0147247314453125,-0.00804901123046875,-0.0388336181640625,0.016632080078125,0.137786865234375,0.07049560546875,0.079498291015625,0.16265869140625,0.06500244140625,0.08453369140625,0.05340576171875,-0.13885498046875,0.29083251953125,0.069732666015625,0.034332275390625,0.63720703125,0.338134765625,-1.147308349609375,0.47454833984375,-3.888577699661255,1.2499618530273438
943,0.47150000000000003,-0.0,-0.0,-0.0,-0.0,-0.0,-0.0,-0.0,-0.0,-0.0,-0.0,-0.0,-0.0,-5.882749557495117,-8.445990562438965,-876.4114990234375,232063.640625,13720.6435546875,-1715.796630859375,-0.0,-0.0,-0.0,-0.0,-0.0,-0.0,-0.002593994140625,-0.0032806396484375,-0.00171661376953125,-0.001678466796875,-0.00247955322265625,-0.0034332275390625,-0.00270843505859375,-0.00370025634765625,-0.00030517578125,0.000457763671875,-0.00244140625,-0.00209808349609375,-0.00659942626953125,-0.00301361083984375,0.00110626220703125,-0.0040435791015625,0.09002685546875,0.094757080078125,0.07293701171875,0.081939697265625,0.10162353515625,0.07659912109375,0.1507568359375,0.06500244140625,-0.20843505859375,-0.05462646484375,0.047454833984375,0.05767822265625,0.1763916015625,0.195465087890625,-1.2884521484375,-3.66058349609375,-5.314270973205566,1.2499618530273438
944,0.47200000000000003,-0.0,-0.0,-0.0,-0.0,-0.0,-0.0,-0.0,-0.0,-0.0,-0.0,-0.0,-0.0,-6.891645431518555,-7.187030792236328,-876.0424194335938,232047.046875,14108.3671875,-1995.997802734375,-0.0,-0.0,-0.0,-0.0,-0.0,-0.0,0.00926971435546875,0.00720977783203125,0.01697540283203125,0.02552032470703125,0.01567840576171875,0.0213623046875,0.01132965087890625,0.0312042236328125,0.0109100341796875,0.0121307373046875,0.0251007080078125,0.025482177734375,0.0151824951171875,0.0157928466796875,0.005950927734375,0.04119873046875,0.1239013671875,0.042572021484375,0.074005126953125,0.06500244140625,0.09002685546875,0.094451904296875,0.08026123046875,0.18768310546875,0.31524658203125,0.22735595703125,0.07720947265625,0.076904296875,-0.751953125,-0.091400146484375,2.662506103515625,1.605987548828125,6.883325099945068,1.2499618530273438
945,0.47250000000000003,-0.0,-0.0,-0.0,-0.0,-0.0,-0.0,-0.0,-0.0,-0.0,-0.0,-0.0,-0.0,-7.362995147705078,-5.917552947998047,-874.886474609375,232327.109375,14685.373046875,-2162.939453125,-0.0,-0.0,-0.0,-0.0,-0.0,-0.0,0.00095367431640625,0.0041961669921875,0.00255584716796875,0.00400543212890625,0.00152587890625,0.0025177001953125,0.00255584716796875,0.00324249267578125,0.00263214111328125,0.0018310546875,0.003509521484375,0.000152587890625,0.00392913818359375,0.003662109375,0.001373291015625,0.0054168701171875,0.103759765625,0.071868896484375,0.078887939453125,0.070343017578125,0.121002197265625,0.087738037109375,0.12786865234375,0.17578125,0.48919677734375,0.13214111328125,0.048828125,0.087127685546875,-0.0341796875,0.047760009765625,1.214599609375,3.78204345703125,7.516966342926025,1.2499618530273438
946,0.47300000000000003,-0.0,-0.0,-0.0,-0.0,-0.0,-0.0,-0.0,-0.0,-0.0,-0.0,-0.0,-0.0,-7.629127502441406,-4.537646770477295,-874.384521484375,232238.046875,15368.498046875,-2299.959228515625,-0.0,-0.0,-0.0,-0.0,-0.0,-0.0,-0.01026153564453125,-0.005035400390625,-0.0179290771484375,-0.02132415771484375,-0.0168609619140625,-0.02063751220703125,-0.01033782958984375,-0.03162384033203125,-0.00904083251953125,-0.013427734375,-0.0246429443359375,-0.020904541015625,-0.0167083740234375,-0.01583099365234375,-0.0043487548828125,-0.03871917724609375,0.0482177734375,0.102691650390625,0.0775146484375,0.077667236328125,0.0439453125,0.083160400390625,0.1654052734375,0.13153076171875,0.01983642578125,0.16021728515625,0.0457763671875,0.10101318359375,0.8038330078125,0.248260498046875,-0.011138916015625,-1.31134033203125,-3.334141492843628,1.2499618530273438
947,0.47350000000000003,-0.0,-0.0,-0.0,-0.0,-0.0,-0.0,-0.0,-0.0,-0.0,-0.0,-0.0,-0.0,-7.656747341156006,-2.9204413890838623,-873.8178100585938,232061.578125,15683.41796875,-2356.925537109375,-0.0,-0.0,-0.0,-0.0,-0.0,-0.0,0.00041961669921875,-0.00537872314453125,-0.00301361083984375,-0.002593994140625,-0.00011444091796875,0.00011444091796875,-0.003204345703125,-0.0045013427734375,-0.00179290771484375,-0.0006103515625,-0.0020599365234375,-0.001220703125,-0.00518798828125,-0.001373291015625,-0.0020599365234375,-0.0041961669921875,0.08087158203125,0.194244384765625,0.1007080078125,0.091552734375,-0.014495849609375,0.072479248046875,0.0775146484375,0.15533447265625,0.2581787109375,0.09765625,0.064544677734375,0.077667236328125,0.27618408203125,0.11505126953125,-0.753936767578125,-4.434967041015625,-7.2151947021484375,1.2499618530273438
948,0.47400000000000003,-0.0,-0.0,-0.0,-0.0,-0.0,-0.0,-0.0,-0.0,-0.0,-0.0,-0.0,-0.0,-8.387826919555664,-1.9370274543762207,-871.83154296875,231782.671875,16198.326171875,-2564.74365234375,-0.0,-0.0,-0.0,-0.0,-0.0,-0.0,0.009002685546875,0.004730224609375,0.01556396484375,0.02323150634765625,0.016021728515625,0.0205230712890625,0.00888824462890625,0.0304412841796875,0.0099945068359375,0.01087188720703125,0.0279998779296875,0.02399444580078125,0.0160980224609375,0.0152587890625,0.006103515625,0.03932952880859375,0.065460205078125,0.043487548828125,0.077667236328125,0.089569091796875,0.068817138671875,0.04364013671875,0.10040283203125,0.18890380859375,0.10986328125,0.0592041015625,0.098419189453125,0.079498291015625,-0.874176025390625,-0.045013427734375,2.6239013671875,1.548919677734375,6.091273307800293,1.2499618530273438
949,0.47450000000000003,-0.0,-0.0,-0.0,-0.0,-0.0,-0.0,-0.0,-0.0,-0.0,-0.0,-0.0,-0.0,-8.250102996826172,-0.7463871240615845,-869.9530639648438,231506.171875,16576.546875,-2607.30126953125,-0.0,-0.0,-0.0,-0.0,-0.0,-0.0,0.0022125244140625,0.00835418701171875,0.0018310546875,0.000762939453125,0.00217437744140625,0.002899169921875,0.00400543212890625,0.0058746337890625,0.0011444091796875,0.00217437744140625,0.00347137451171875,0.00209808349609375,0.00797271728515625,0.0029754638671875,0.00030517578125,0.00415802001953125,0.07476806640625,0.03204345703125,0.06317138671875,0.06256103515625,0.09063720703125,0.089111328125,0.1104736328125,0.0421142578125,0.04791259765625,0.277099609375,0.181884765625,0.073699951171875,0.21209716796875,0.214385986328125,2.025146484375,4.999847412109375,7.437760829925537,1.2499618530273438
950,0.47500000000000003,-0.0,-0.0,-0.0,-0.0,-0.0,-0.0,-0.0,-0.0,-0.0,-0.0,-0.0,-0.0,-7.874192714691162,0.09467097371816635,-865.7628784179688,230532.546875,16748.607421875,-2540.46142578125,-0.0,-0.0,-0.0,-0.0,-0.0,-0.0,-0.00705718994140625,-0.00965118408203125,-0.01613616943359375,-0.02162933349609375,-0.014801025390625,-0.0189971923828125,-0.00949859619140625,-0.032501220703125,-0.01003265380859375,-0.0109100341796875,-0.02719879150390625,-0.02330780029296875,-0.01476287841796875,-0.0151824951171875,-0.0064849853515625,-0.0408172607421875,0.078277587890625,0.054473876953125,0.0830078125,0.075836181640625,0.250091552734375,0.0836181640625,0.35400390625,0.15289306640625,0.230712890625,0.3875732421875,0.029449462890625,0.154876708984375,0.634613037109375,0.014801025390625,-2.29644775390625,-0.88958740234375,-2.3836796283721924,1.2499618530273438
951,0.47550000000000003,-0.0,-0.0,-0.0,-0.0,-0.0,-0.0,-0.0,-0.0,-0.0,-0.0,-0.0,-0.0,-7.601758003234863,0.20389285683631897,-861.9475708007812,229376.46875,17151.861328125,-2396.781982421875,-0.0,-0.0,-0.0,-0.0,-0.0,-0.0,-0.0005340576171875,-0.00030517578125,-0.00057220458984375,-0.00209808349609375,-0.0022125244140625,-0.00209808349609375,-0.00469207763671875,-0.0042724609375,0.000457763671875,-0.00091552734375,-0.004119873046875,-0.0029754638671875,-0.00690460205078125,-0.0005340576171875,0.001068115234375,-0.004119873046875,0.091705322265625,0.02166748046875,0.06622314453125,0.07843017578125,0.04486083984375,0.085906982421875,0.1239013671875,0.159912109375,-0.0787353515625,-0.01800537109375,0.02777099609375,0.115203857421875,0.619964599609375,-0.084686279296875,-1.009979248046875,-4.43023681640625,-15.214916229248047,1.2499618530273438
952,0.47600000000000003,-0.0,-0.0,-0.0,-0.0,-0.0,-0.0,-0.0,-0.0,-0.0,-0.0,-0.0,-0.0,-7.956643104553223,0.31226876378059387,-856.818115234375,228264.90625,17922.986328125,-2508.746826171875,-0.0,-0.0,-0.0,-0.0,-0.0,-0.0,0.0091552734375,0.0060272216796875,0.0170135498046875,0.02384185791015625,0.015411376953125,0.0189208984375,0.0077056884765625,0.03143310546875,0.0095367431640625,0.0130462646484375,0.0273895263671875,0.02391815185546875,0.0148773193359375,0.015411376953125,0.0064849853515625,0.040740966796875,0.106048583984375,0.06561279296875,0.06805419921875,0.08941650390625,0.05126953125,0.05645751953125,0.355224609375,0.20416259765625,0.0848388671875,-0.31585693359375,0.076904296875,-0.072479248046875,-0.736846923828125,0.087432861328125,2.31781005859375,1.882781982421875,6.170478343963623,1.2499618530273438
953,0.47650000000000003,-0.0,-0.0,-0.0,-0.0,-0.0,-0.0,-0.0,-0.0,-0.0,-0.0,-0.0,-0.0,-8.161392211914062,-0.21753990650177002,-851.742431640625,227107.484375,18268.349609375,-2483.9033203125,-0.0,-0.0,-0.0,-0.0,-0.0,-0.0,0.00263214111328125,0.003204345703125,0.00232696533203125,0.00286102294921875,0.00331878662109375,0.00293731689453125,0.00209808349609375,0.0046539306640625,-0.00171661376953125,0.0006866455078125,0.0034332275390625,0.0060272216796875,0.0054931640625,0.0003814697265625,0.00072479248046875,0.004425048828125,0.06011962890625,0.073089599609375,0.063934326171875,0.08331298828125,0.014190673828125,0.074310302734375,0.2777099609375,0.08544921875,0.12969970703125,0.18524169921875,0.087432861328125,-0.00579833984375,0.023651123046875,-0.040740966796875,2.59918212890625,4.169921875,6.80411958694458,1.2499618530273438
954,0.47700000000000004,-0.0,-0.0,-0.0,-0.0,-0.0,-0.0,-0.0,-0.0,-0.0,-0.0,-0.0,-0.0,-7.697772979736328,-0.42163124680519104,-845.994384765625,225910.6875,18516.01171875,-2385.41455078125,-0.0,-0.0,-0.0,-0.0,-0.0,-0.0,-0.00896453857421875,-0.00659942626953125,-0.01796722412109375,-0.02025604248046875,-0.0167083740234375,-0.01934051513671875,-0.009002685546875,-0.02994537353515625,-0.0074005126953125,-0.013580322265625,-0.0247955322265625,-0.02735137939453125,-0.01506805419921875,-0.0142669677734375,-0.0055694580078125,-0.0391387939453125,0.06378173828125,0.103912353515625,0.07537841796875,0.0787353515625,0.0177001953125,0.097198486328125,0.223388671875,0.22705078125,-0.04364013671875,0.21270751953125,0.103912353515625,0.084228515625,0.70037841796875,0.119171142578125,-2.725067138671875,-1.4141845703125,-3.413346767425537,1.2499618530273438
955,0.47750000000000004,-0.0,-0.0,-0.0,-0.0,-0.0,-0.0,-0.0,-0.0,-0.0,-0.0,-0.0,-0.0,-7.458958148956299,-0.8832168579101562,-842.9874267578125,225157.90625,18823.990234375,-2330.828857421875,-0.0,-0.0,-0.0,-0.0,-0.0,-0.0,-0.00095367431640625,-0.00072479248046875,-0.00095367431640625,-0.00156402587890625,0.0002288818359375,-0.0020599365234375,-0.00179290771484375,-0.00164031982421875,0.00011444091796875,0.00034332275390625,-0.003204345703125,-0.00072479248046875,-0.00385284423828125,0.0006103515625,-0.000762939453125,-0.0038909912109375,0.1556396484375,0.1458740234375,0.07904052734375,0.06988525390625,0.33721923828125,0.054779052734375,0.107421875,0.126953125,-0.06011962890625,0.28564453125,0.10162353515625,0.05401611328125,0.265960693359375,0.11138916015625,-1.156005859375,-4.00360107421875,-4.9182448387146,1.2499618530273438
956,0.47800000000000004,-0.0,-0.0,-0.0,-0.0,-0.0,-0.0,-0.0,-0.0,-0.0,-0.0,-0.0,-0.0,-6.865285396575928,-1.2634626626968384,-840.679931640625,224709.828125,18507.197265625,-2179.733154296875,-0.0,-0.0,-0.0,-0.0,-0.0,-0.0,0.00926971435546875,0.00823974609375,0.01720428466796875,0.02269744873046875,0.0176239013671875,0.0237274169921875,0.0128936767578125,0.031585693359375,0.01007080078125,0.01434326171875,0.02849578857421875,0.02685546875,0.01850128173828125,0.01361846923828125,0.0075531005859375,0.0390625,0.20782470703125,-0.006561279296875,0.0732421875,0.064544677734375,-0.070343017578125,0.080718994140625,0.1690673828125,0.096435546875,1.5765380859375,0.36224365234375,0.083465576171875,0.049591064453125,-0.63140869140625,0.139312744140625,3.75274658203125,3.44482421875,6.487298965454102,1.2499618530273438
957,0.47850000000000004,-0.0,-0.0,-0.0,-0.0,-0.0,-0.0,-0.0,-0.0,-0.0,-0.0,-0.0,-0.0,-6.660961627960205,-2.2080421447753906,-841.2125854492188,224894.5,18890.400390625,-2102.41015625,-0.0,-0.0,-0.0,-0.0,-0.0,-0.0,0.00423431396484375,-0.000457763671875,0.00225067138671875,0.00316619873046875,0.00225067138671875,0.00579833984375,0.0020599365234375,0.00331878662109375,0.000457763671875,0.0040435791015625,0.0045013427734375,0.00034332275390625,0.00278472900390625,0.00133514404296875,-0.0002288818359375,0.0045013427734375,-0.079498291015625,0.08941650390625,0.0927734375,0.0823974609375,0.17791748046875,0.084991455078125,0.19287109375,-0.04119873046875,1.34613037109375,0.0445556640625,0.041961669921875,0.08697509765625,-0.14678955078125,0.15533447265625,0.84320068359375,3.883514404296875,6.487298965454102,1.2499618530273438
958,0.47900000000000004,-0.0,-0.0,-0.0,-0.0,-0.0,-0.0,-0.0,-0.0,-0.0,-0.0,-0.0,-0.0,-6.325443267822266,-2.949218988418579,-843.3685302734375,225439.328125,18876.564453125,-1936.0113525390625,-0.0,-0.0,-0.0,-0.0,-0.0,-0.0,-0.0079345703125,-0.00667572021484375,-0.01651763916015625,-0.02101898193359375,-0.0162506103515625,-0.02147674560546875,-0.01132965087890625,-0.02994537353515625,-0.00926971435546875,-0.0121307373046875,-0.02590179443359375,-0.025787353515625,-0.01598358154296875,-0.0164794921875,-0.0049591064453125,-0.03871917724609375,0.0787353515625,0.085906982421875,0.07476806640625,0.07232666015625,0.1116943359375,0.05828857421875,0.0775146484375,0.5535888671875,-0.4180908203125,-0.0457763671875,0.165557861328125,0.086517333984375,0.913848876953125,-0.05523681640625,-2.34527587890625,-1.707763671875,-4.126193046569824,1.2499618530273438
959,0.47950000000000004,-0.0,-0.0,-0.0,-0.0,-0.0,-0.0,-0.0,-0.0,-0.0,-0.0,-0.0,-0.0,-6.962349891662598,-2.933432102203369,-846.2376098632812,226160.65625,19120.24609375,-1933.859375,-0.0,-0.0,-0.0,-0.0,-0.0,-0.0,-0.00125885009765625,-0.00186920166015625,-0.00102996826171875,-0.00091552734375,-0.00213623046875,-0.0032806396484375,-0.00232696533203125,-0.0008392333984375,0.00019073486328125,-0.0016021728515625,-0.00255584716796875,-0.00179290771484375,-0.005035400390625,-0.00057220458984375,-0.0008392333984375,-0.002593994140625,0.093994140625,0.06805419921875,0.01800537109375,0.08636474609375,0.120086669921875,0.07049560546875,0.247802734375,0.23590087890625,0.05615234375,0.252685546875,0.21087646484375,0.10589599609375,0.22308349609375,0.03265380859375,-0.75164794921875,-3.765869140625,-4.601424217224121,1.2499618530273438
960,0.48,-0.0,-0.0,-0.0,-0.0,-0.0,-0.0,-0.0,-0.0,-0.0,-0.0,-0.0,-0.0,-8.010831832885742,-3.506124258041382,-849.9727172851562,227171.171875,19685.443359375,-2130.69873046875,-0.0,-0.0,-0.0,-0.0,-0.0,-0.0,0.01087188720703125,0.0057220458984375,0.01800537109375,0.0231170654296875,0.01461029052734375,0.0223541259765625,0.00782012939453125,0.030975341796875,0.01071929931640625,0.01201629638671875,0.02887725830078125,0.0257110595703125,0.0153350830078125,0.01377105712890625,0.00705718994140625,0.0408172607421875,0.068511962890625,-0.04486083984375,0.135345458984375,0.083160400390625,0.115814208984375,0.10528564453125,0.13092041015625,0.10162353515625,0.41229248046875,-0.37841796875,-0.138397216796875,0.1629638671875,-0.902252197265625,0.180206298828125,4.1632080078125,1.1016845703125,5.378426551818848,1.2499618530273438
961,0.4805,-0.0,-0.0,-0.0,-0.0,-0.0,-0.0,-0.0,-0.0,-0.0,-0.0,-0.0,-0.0,-9.155708312988281,-3.4528141021728516,-853.9520874023438,228419.21875,19780.052734375,-2371.54931640625,-0.0,-0.0,-0.0,-0.0,-0.0,-0.0,-0.0009918212890625,0.0031280517578125,0.00209808349609375,0.00316619873046875,0.00247955322265625,0.00316619873046875,0.004730224609375,0.00225067138671875,7.62939453125e-05,0.0005340576171875,0.0051116943359375,0.00049591064453125,0.003814697265625,0.00041961669921875,0.0002288818359375,0.005340576171875,0.032196044921875,0.223236083984375,0.07781982421875,0.074310302734375,0.05889892578125,0.066070556640625,0.12115478515625,0.1318359375,0.2105712890625,0.41748046875,0.0634765625,0.164031982421875,0.064697265625,0.04791259765625,0.7763671875,3.2476806640625,8.15060806274414,1.2499618530273438
962,0.481,-0.0,-0.0,-0.0,-0.0,-0.0,-0.0,-0.0,-0.0,-0.0,-0.0,-0.0,-0.0,-10.166483879089355,-3.2412924766540527,-859.506103515625,229777.765625,20051.482421875,-2481.958740234375,-0.0,-0.0,-0.0,-0.0,-0.0,-0.0,-0.0091552734375,-0.00579833984375,-0.01682281494140625,-0.02162933349609375,-0.01590728759765625,-0.01743316650390625,-0.00904083251953125,-0.03047943115234375,-0.01220703125,-0.01216888427734375,-0.026092529296875,-0.024261474609375,-0.0154876708984375,-0.0142669677734375,-0.00579833984375,-0.040740966796875,0.099334716796875,0.053253173828125,0.076751708984375,0.07537841796875,-0.020751953125,0.07659912109375,0.238037109375,0.1458740234375,0.0909423828125,0.22735595703125,0.047149658203125,0.03570556640625,0.812225341796875,0.121307373046875,-2.696685791015625,-0.955047607421875,-4.284603595733643,1.2499618530273438
963,0.4815,-0.0,-0.0,-0.0,-0.0,-0.0,-0.0,-0.0,-0.0,-0.0,-0.0,-0.0,-0.0,-11.062163352966309,-3.382791757583618,-864.8826904296875,231373.78125,20067.115234375,-2687.413330078125,-0.0,-0.0,-0.0,-0.0,-0.0,-0.0,-0.00087738037109375,-0.0012969970703125,-0.00110626220703125,-0.00274658203125,-0.0003814697265625,-0.0012969970703125,0.0019073486328125,-0.003814697265625,-0.0031280517578125,-0.00133514404296875,-0.001373291015625,0.00141143798828125,-0.0035858154296875,-0.00148773193359375,-0.00110626220703125,-0.003509521484375,0.1068115234375,-0.05645751953125,0.093231201171875,0.08697509765625,-0.00885009765625,0.09796142578125,0.07537841796875,0.13763427734375,0.12451171875,0.2825927734375,0.103912353515625,-0.040435791015625,0.439605712890625,0.151214599609375,-0.31890869140625,-3.09600830078125,-6.898374080657959,1.2499618530273438
964,0.482,-0.0,-0.0,-0.0,-0.0,-0.0,-0.0,-0.0,-0.0,-0.0,-0.0,-0.0,-0.0,-11.931617736816406,-3.2767446041107178,-870.3302001953125,233193.734375,20352.052734375,-2922.33349609375,-0.0,-0.0,-0.0,-0.0,-0.0,-0.0,0.01087188720703125,0.00492095947265625,0.01720428466796875,0.0232696533203125,0.0147247314453125,0.021209716796875,0.01125335693359375,0.03173828125,0.01018524169921875,0.01125335693359375,0.0267791748046875,0.0228118896484375,0.0168609619140625,0.01369476318359375,0.0093841552734375,0.0392913818359375,0.112457275390625,0.1953125,0.055999755859375,0.086669921875,0.0616455078125,0.063323974609375,0.19256591796875,0.0494384765625,0.12664794921875,0.17547607421875,0.10528564453125,0.009307861328125,-0.882415771484375,0.0048828125,2.51251220703125,1.36016845703125,10.28914737701416,1.2499618530273438
965,0.4825,-0.0,-0.0,-0.0,-0.0,-0.0,-0.0,-0.0,-0.0,-0.0,-0.0,-0.0,-0.0,-12.836512565612793,-3.046788454055786,-874.624755859375,234920.109375,19918.923828125,-3139.563232421875,-0.0,-0.0,-0.0,-0.0,-0.0,-0.0,0.00141143798828125,0.00396728515625,0.00347137451171875,0.00392913818359375,0.0012969970703125,0.0028228759765625,0.0003814697265625,0.0038909912109375,0.003509521484375,0.0025177001953125,0.00354766845703125,-0.00171661376953125,0.00606536865234375,0.00301361083984375,0.00041961669921875,0.0045013427734375,0.046234130859375,0.11322021484375,0.064697265625,0.0677490234375,0.03936767578125,0.05462646484375,0.12908935546875,0.09063720703125,0.17547607421875,0.18890380859375,0.077362060546875,0.04486083984375,0.1727294921875,0.051116943359375,-0.165863037109375,3.886260986328125,8.942659378051758,1.2499618530273438
966,0.483,-0.0,-0.0,-0.0,-0.0,-0.0,-0.0,-0.0,-0.0,-0.0,-0.0,-0.0,-0.0,-12.490893363952637,-2.641541004180908,-879.7577514648438,236433.265625,19817.490234375,-3094.61474609375,-0.0,-0.0,-0.0,-0.0,-0.0,-0.0,-0.0080108642578125,-0.0096893310546875,-0.01636505126953125,-0.02315521240234375,-0.01552581787109375,-0.01880645751953125,-0.0080108642578125,-0.0311279296875,-0.009613037109375,-0.0118255615234375,-0.02685546875,-0.0231170654296875,-0.01377105712890625,-0.0139617919921875,-0.00629425048828125,-0.03971099853515625,0.07415771484375,0.090789794921875,0.071868896484375,0.077362060546875,0.074310302734375,0.081024169921875,-0.13153076171875,0.11627197265625,0.2490234375,0.11962890625,0.084991455078125,0.125885009765625,0.68115234375,0.17852783203125,-1.671600341796875,-0.522918701171875,-3.334141492843628,1.2499618530273438
967,0.4835,-0.0,-0.0,-0.0,-0.0,-0.0,-0.0,-0.0,-0.0,-0.0,-0.0,-0.0,-0.0,-11.9929838180542,-2.4730072021484375,-883.2125244140625,237363.375,19316.23046875,-2981.25537109375,-0.0,-0.0,-0.0,-0.0,-0.0,-0.0,-0.001983642578125,-0.0025177001953125,-0.00293731689453125,-0.00057220458984375,0.0,-0.0045013427734375,-0.00316619873046875,-0.0030517578125,-0.00041961669921875,-0.00072479248046875,-0.0016021728515625,0.00209808349609375,-0.00354766845703125,-0.0016021728515625,0.001068115234375,-0.0025177001953125,0.213165283203125,0.044097900390625,0.08056640625,0.07720947265625,0.098724365234375,0.101318359375,0.1611328125,0.4608154296875,-0.82611083984375,0.1507568359375,0.08453369140625,0.16021728515625,0.0531005859375,0.15289306640625,0.675048828125,-2.536773681640625,-0.8787814378738403,1.2499618530273438
968,0.484,-0.0,-0.0,-0.0,-0.0,-0.0,-0.0,-0.0,-0.0,-0.0,-0.0,-0.0,-0.0,-11.302196502685547,-1.88103187084198,-886.948974609375,238375.28125,18913.5,-2772.90869140625,-0.0,-0.0,-0.0,-0.0,-0.0,-0.0,0.0102996826171875,0.00583648681640625,0.01804351806640625,0.0220489501953125,0.0188446044921875,0.020599365234375,0.01148223876953125,0.03093719482421875,0.010223388671875,0.012054443359375,0.0262451171875,0.02399444580078125,0.01499176025390625,0.0156402587890625,0.00415802001953125,0.0392913818359375,0.04241943359375,0.11322021484375,0.090789794921875,0.070037841796875,0.36895751953125,0.09033203125,0.072021484375,0.29022216796875,0.1226806640625,0.2899169921875,0.12115478515625,0.066375732421875,-0.748748779296875,-0.038299560546875,2.326202392578125,1.357879638671875,7.437760829925537,1.2499618530273438
969,0.4845,-0.0,-0.0,-0.0,-0.0,-0.0,-0.0,-0.0,-0.0,-0.0,-0.0,-0.0,-0.0,-10.424915313720703,-2.1652731895446777,-889.8184204101562,239392.203125,18585.537109375,-2606.34716796875,-0.0,-0.0,-0.0,-0.0,-0.0,-0.0,0.0014495849609375,0.00240325927734375,7.62939453125e-05,0.00293731689453125,0.00308990478515625,0.0042724609375,0.0006866455078125,0.0012969970703125,-0.001373291015625,0.0022125244140625,0.00385284423828125,-0.0014495849609375,3.814697265625e-05,0.00202178955078125,0.00072479248046875,0.00335693359375,0.0018310546875,0.165863037109375,0.03936767578125,0.081024169921875,0.157928466796875,0.0286865234375,0.0372314453125,0.1666259765625,0.870361328125,0.1458740234375,0.0799560546875,0.010223388671875,0.1275634765625,0.11199951171875,-0.277557373046875,2.962646484375,6.64570951461792,1.2499618530273438
970,0.485,-0.0,-0.0,-0.0,-0.0,-0.0,-0.0,-0.0,-0.0,-0.0,-0.0,-0.0,-0.0,-9.492053985595703,-1.563646912574768,-889.6635131835938,240253.71875,18234.310546875,-2498.927001953125,-0.0,-0.0,-0.0,-0.0,-0.0,-0.0,-0.00885009765625,-0.00701904296875,-0.0164031982421875,-0.02101898193359375,-0.0173187255859375,-0.022430419921875,-0.00995635986328125,-0.03124237060546875,-0.0093841552734375,-0.0139617919921875,-0.02471923828125,-0.0194549560546875,-0.0124359130859375,-0.01392364501953125,-0.00621795654296875,-0.0386810302734375,0.0567626953125,0.07537841796875,0.06591796875,0.086822509765625,-0.09521484375,0.060577392578125,0.179443359375,0.17669677734375,-0.31005859375,-0.10467529296875,0.06195068359375,0.07293701171875,0.583343505859375,0.29205322265625,-0.535888671875,-0.0152587890625,-2.9381158351898193,1.2499618530273438
971,0.4855,-0.0,-0.0,-0.0,-0.0,-0.0,-0.0,-0.0,-0.0,-0.0,-0.0,-0.0,-0.0,-9.03843879699707,-0.9876226782798767,-892.3919677734375,240898.71875,18016.75,-2578.683837890625,-0.0,-0.0,-0.0,-0.0,-0.0,-0.0,-0.00244140625,-0.00583648681640625,-0.00232696533203125,-0.00339508056640625,-0.0005340576171875,-0.0018310546875,-0.00110626220703125,-0.0041961669921875,-0.00019073486328125,-0.0011444091796875,-0.00335693359375,-0.001068115234375,-0.0048065185546875,-0.00152587890625,-0.0016021728515625,-0.0020599365234375,0.074615478515625,0.1214599609375,0.0537109375,0.062713623046875,-0.00946044921875,0.07110595703125,-0.18341064453125,-0.00823974609375,-0.12939453125,0.56396484375,0.076904296875,0.101165771484375,-0.316009521484375,-0.0579833984375,0.2191162109375,-2.9364013671875,-6.185527801513672,1.2499618530273438
972,0.486,-0.0,-0.0,-0.0,-0.0,-0.0,-0.0,-0.0,-0.0,-0.0,-0.0,-0.0,-0.0,-8.818795204162598,0.036268074065446854,-892.5748901367188,241541.1875,17946.98046875,-2388.12744140625,-0.0,-0.0,-0.0,-0.0,-0.0,-0.0,0.00560760498046875,0.00911712646484375,0.01743316650390625,0.02338409423828125,0.01628875732421875,0.01674652099609375,0.00896453857421875,0.02956390380859375,0.0104522705078125,0.01155853271484375,0.02620697021484375,0.0238800048828125,0.0104522705078125,0.016937255859375,0.00446319580078125,0.04100799560546875,0.09613037109375,0.06988525390625,0.082550048828125,0.0848388671875,0.076141357421875,0.07843017578125,0.1751708984375,0.1080322265625,-0.4949951171875,-0.48309326171875,0.05035400390625,0.101165771484375,-0.58380126953125,-0.239715576171875,2.4993896484375,0.612640380859375,6.091273307800293,1.2499618530273438
973,0.4865,-0.0,-0.0,-0.0,-0.0,-0.0,-0.0,-0.0,-0.0,-0.0,-0.0,-0.0,-0.0,-8.375358581542969,1.0234761238098145,-891.7332763671875,241711.0625,17824.1171875,-2408.483642578125,-0.0,-0.0,-0.0,-0.0,-0.0,-0.0,0.0018310546875,0.005035400390625,0.0018310546875,0.003204345703125,0.0035858154296875,0.00125885009765625,0.003662109375,0.0034332275390625,0.001678466796875,0.00186920166015625,0.0035858154296875,-0.00164031982421875,0.00377655029296875,0.00339508056640625,0.00255584716796875,0.00713348388671875,0.119476318359375,0.071868896484375,0.093994140625,0.07537841796875,0.0482177734375,0.07904052734375,0.1605224609375,0.101318359375,0.1605224609375,0.0726318359375,0.087738037109375,0.1568603515625,0.2227783203125,0.12786865234375,-0.288543701171875,3.23883056640625,7.516966342926025,1.2499618530273438
974,0.487,-0.0,-0.0,-0.0,-0.0,-0.0,-0.0,-0.0,-0.0,-0.0,-0.0,-0.0,-0.0,-8.42265796661377,1.979544758796692,-891.5890502929688,241603.53125,17985.712890625,-2574.010498046875,-0.0,-0.0,-0.0,-0.0,-0.0,-0.0,-0.00850677490234375,-0.0090789794921875,-0.0157928466796875,-0.02231597900390625,-0.01556396484375,-0.0186920166015625,-0.00637054443359375,-0.0305938720703125,-0.01129150390625,-0.01087188720703125,-0.0267791748046875,-0.0185394287109375,-0.01529693603515625,-0.01399993896484375,-0.00377655029296875,-0.0397491455078125,0.06866455078125,0.113525390625,0.03997802734375,0.071563720703125,0.126800537109375,0.057220458984375,0.1702880859375,0.11962890625,0.08636474609375,0.357666015625,0.14984130859375,0.176544189453125,0.527191162109375,0.096588134765625,-0.340423583984375,-1.424102783203125,-3.7301673889160156,1.2499618530273438
975,0.4875,-0.0,-0.0,-0.0,-0.0,-0.0,-0.0,-0.0,-0.0,-0.0,-0.0,-0.0,-0.0,-8.527047157287598,2.6496505737304688,-890.2940063476562,241985.453125,17955.443359375,-2598.461181640625,-0.0,-0.0,-0.0,-0.0,-0.0,-0.0,0.000762939453125,-0.00095367431640625,0.00049591064453125,-0.002899169921875,-0.00335693359375,0.0016021728515625,-0.00064849853515625,-0.0038909912109375,-0.00247955322265625,0.0008392333984375,-0.0051116943359375,-0.00080108642578125,-0.0023651123046875,-0.00034332275390625,-0.00041961669921875,-0.004730224609375,0.072174072265625,0.062408447265625,0.078582763671875,0.076446533203125,0.188751220703125,0.083160400390625,0.16357421875,0.0146484375,0.18524169921875,0.2685546875,-0.008544921875,-0.056304931640625,0.244293212890625,-0.15380859375,-0.553436279296875,-2.894744873046875,-6.343937873840332,1.2499618530273438
976,0.488,-0.0,-0.0,-0.0,-0.0,-0.0,-0.0,-0.0,-0.0,-0.0,-0.0,-0.0,-0.0,-8.89698600769043,3.3820180892944336,-889.3323974609375,241820.5625,17992.798828125,-2777.876708984375,-0.0,-0.0,-0.0,-0.0,-0.0,-0.0,0.0089263916015625,0.00476837158203125,0.0170135498046875,0.02315521240234375,0.01682281494140625,0.019989013671875,0.009307861328125,0.03147125244140625,0.01171112060546875,0.01346588134765625,0.026092529296875,0.02414703369140625,0.01373291015625,0.01529693603515625,0.006866455078125,0.0392913818359375,0.06927490234375,0.126190185546875,0.05645751953125,0.081787109375,0.11505126953125,0.068817138671875,0.1019287109375,0.01556396484375,0.155029296875,0.17364501953125,0.01739501953125,-0.059814453125,-0.941009521484375,-0.137939453125,2.529296875,1.72943115234375,7.833786964416504,1.2499618530273438
977,0.4885,-0.0,-0.0,-0.0,-0.0,-0.0,-0.0,-0.0,-0.0,-0.0,-0.0,-0.0,-0.0,-8.94503402709961,4.162181854248047,-889.97314453125,242053.078125,17798.744140625,-2954.409423828125,-0.0,-0.0,-0.0,-0.0,-0.0,-0.0,0.004119873046875,0.00537872314453125,0.00225067138671875,0.0022125244140625,0.00469207763671875,0.00244140625,0.00186920166015625,0.00469207763671875,0.00102996826171875,0.00293731689453125,0.0052642822265625,0.00225067138671875,0.00476837158203125,-0.00030517578125,-0.00102996826171875,0.00354766845703125,0.083770751953125,0.085601806640625,0.08209228515625,0.0830078125,0.057220458984375,0.07843017578125,0.06683349609375,0.35247802734375,0.14556884765625,0.111083984375,0.070953369140625,0.072784423828125,0.58685302734375,0.266571044921875,0.844879150390625,3.22052001953125,6.091273307800293,1.2499618530273438
978,0.489,-0.0,-0.0,-0.0,-0.0,-0.0,-0.0,-0.0,-0.0,-0.0,-0.0,-0.0,-0.0,-8.493562698364258,4.897762775421143,-888.5462646484375,241994.640625,17888.853515625,-2941.53662109375,-0.0,-0.0,-0.0,-0.0,-0.0,-0.0,-0.0089263916015625,-0.01026153564453125,-0.01499176025390625,-0.0213623046875,-0.0142669677734375,-0.02048492431640625,-0.01132965087890625,-0.0299072265625,-0.0110626220703125,-0.01270294189453125,-0.026702880859375,-0.0237274169921875,-0.0130462646484375,-0.0164031982421875,-0.0048828125,-0.03993988037109375,0.087738037109375,-0.00762939453125,0.081787109375,0.071868896484375,-0.11566162109375,0.076141357421875,0.159912109375,0.1702880859375,-0.303955078125,0.12542724609375,0.09552001953125,0.117340087890625,0.481719970703125,-0.06195068359375,-1.825408935546875,-0.3289794921875,-1.8292434215545654,1.2499618530273438
979,0.4895,-0.0,-0.0,-0.0,-0.0,-0.0,-0.0,-0.0,-0.0,-0.0,-0.0,-0.0,-0.0,-8.693656921386719,5.4388957023620605,-890.58447265625,242417.546875,17570.591796875,-2882.213134765625,-0.0,-0.0,-0.0,-0.0,-0.0,-0.0,0.000457763671875,-0.00270843505859375,-0.001678466796875,-0.0006866455078125,-0.00095367431640625,0.0025177001953125,-0.00102996826171875,-0.00331878662109375,-0.0025177001953125,-0.000457763671875,0.00034332275390625,-0.00064849853515625,-0.00152587890625,-0.00240325927734375,0.000152587890625,-0.00316619873046875,0.138702392578125,0.146942138671875,0.058746337890625,0.072784423828125,0.07598876953125,0.078277587890625,0.2557373046875,0.2032470703125,0.625,0.2325439453125,0.095977783203125,0.096435546875,0.119781494140625,0.06591796875,-0.746917724609375,-2.15301513671875,-5.235065460205078,1.2499618530273438
980,0.49,-0.0,-0.0,-0.0,-0.0,-0.0,-0.0,-0.0,-0.0,-0.0,-0.0,-0.0,-0.0,-9.111536026000977,5.389912128448486,-889.9965209960938,242704.703125,17607.111328125,-2988.685546875,-0.0,-0.0,-0.0,-0.0,-0.0,-0.0,0.009918212890625,0.006103515625,0.01781463623046875,0.02288818359375,0.01682281494140625,0.02269744873046875,0.0112152099609375,0.03124237060546875,0.01190185546875,0.012969970703125,0.02819061279296875,0.02544403076171875,0.01499176025390625,0.0162506103515625,0.00759124755859375,0.03948211669921875,0.052490234375,0.234222412109375,0.07598876953125,0.08056640625,0.258331298828125,0.086517333984375,0.0982666015625,-0.0335693359375,0.81298828125,0.23345947265625,0.096282958984375,0.242156982421875,-0.7958984375,0.061492919921875,2.984619140625,1.42364501953125,-1.5916279554367065,1.2499618530273438
981,0.4905,-0.0,-0.0,-0.0,-0.0,-0.0,-0.0,-0.0,-0.0,-0.0,-0.0,-0.0,-0.0,-9.454574584960938,5.689902305603027,-891.5390014648438,243092.40625,17744.82421875,-3111.437255859375,-0.0,-0.0,-0.0,-0.0,-0.0,-0.0,0.00213623046875,0.00400543212890625,0.0022125244140625,0.00202178955078125,0.00011444091796875,0.003204345703125,0.00148773193359375,0.00530242919921875,0.00102996826171875,0.00091552734375,0.00293731689453125,0.0011444091796875,0.0026702880859375,0.00202178955078125,0.00118255615234375,0.00316619873046875,-0.0408935546875,-0.089874267578125,0.062255859375,0.0726318359375,0.149993896484375,0.062408447265625,0.24017333984375,0.0054931640625,0.40313720703125,0.21209716796875,0.100250244140625,0.106964111328125,0.25787353515625,0.160675048828125,1.413421630859375,2.517547607421875,7.912992000579834,1.2499618530273438
982,0.491,-0.0,-0.0,-0.0,-0.0,-0.0,-0.0,-0.0,-0.0,-0.0,-0.0,-0.0,-0.0,-10.126614570617676,5.210979461669922,-892.1830444335938,243024.25,17583.701171875,-3302.595947265625,-0.0,-0.0,-0.0,-0.0,-0.0,-0.0,-0.008087158203125,-0.011444091796875,-0.01514434814453125,-0.02201080322265625,-0.0148773193359375,-0.01903533935546875,-0.0127410888671875,-0.0292205810546875,-0.01251220703125,-0.010528564453125,-0.02582550048828125,-0.02132415771484375,-0.01369476318359375,-0.01636505126953125,-0.00545501708984375,-0.04024505615234375,0.09429931640625,0.04669189453125,0.0750732421875,0.084228515625,0.140838623046875,0.105438232421875,-0.030517578125,0.576171875,0.26458740234375,0.18646240234375,0.0830078125,-0.126190185546875,0.40374755859375,0.13153076171875,-1.928253173828125,0.125274658203125,-3.0173208713531494,1.2499618530273438
983,0.4915,-0.0,-0.0,-0.0,-0.0,-0.0,-0.0,-0.0,-0.0,-0.0,-0.0,-0.0,-0.0,-10.56879711151123,4.264827728271484,-890.9826049804688,242576.8125,17783.626953125,-3494.178955078125,-0.0,-0.0,-0.0,-0.0,-0.0,-0.0,-0.00164031982421875,-0.004730224609375,-0.00209808349609375,3.814697265625e-05,-0.00034332275390625,-0.00141143798828125,-0.00377655029296875,-0.0031280517578125,-0.000152587890625,-0.001983642578125,-0.001983642578125,-0.00286102294921875,-0.00492095947265625,-0.0030517578125,-7.62939453125e-05,-0.00141143798828125,0.09185791015625,0.01373291015625,0.09429931640625,0.07781982421875,-0.032196044921875,0.10589599609375,0.2001953125,0.20355224609375,0.3155517578125,0.00762939453125,0.05859375,0.024871826171875,-0.002288818359375,0.10467529296875,-1.93817138671875,-2.980194091796875,-5.235065460205078,1.2499618530273438
984,0.492,-0.0,-0.0,-0.0,-0.0,-0.0,-0.0,-0.0,-0.0,-0.0,-0.0,-0.0,-0.0,-11.582539558410645,3.658820390701294,-889.4864501953125,242147.21875,18067.5390625,-3516.17724609375,-0.0,-0.0,-0.0,-0.0,-0.0,-0.0,0.009765625,0.0069427490234375,0.0177764892578125,0.02025604248046875,0.016326904296875,0.02002716064453125,0.01079559326171875,0.03047943115234375,0.0106048583984375,0.011444091796875,0.0274658203125,0.0243377685546875,0.01537322998046875,0.0168609619140625,0.00598907470703125,0.04077911376953125,0.05401611328125,0.010986328125,0.071258544921875,0.084686279296875,-0.02197265625,0.08392333984375,0.13397216796875,0.10894775390625,0.16082763671875,0.0946044921875,0.058441162109375,0.102691650390625,-0.5938720703125,0.17730712890625,2.6171875,1.727447509765625,6.487298965454102,1.2499618530273438
985,0.4925,-0.0,-0.0,-0.0,-0.0,-0.0,-0.0,-0.0,-0.0,-0.0,-0.0,-0.0,-0.0,-11.139644622802734,2.6998605728149414,-885.9961547851562,241443.453125,18199.080078125,-3643.2353515625,-0.0,-0.0,-0.0,-0.0,-0.0,-0.0,-3.814697265625e-05,0.00331878662109375,0.00331878662109375,0.00339508056640625,0.001983642578125,-0.00011444091796875,0.00385284423828125,0.0037384033203125,0.0019073486328125,0.0014495849609375,0.00316619873046875,0.00133514404296875,0.0048065185546875,0.00293731689453125,0.00049591064453125,0.00438690185546875,0.079345703125,0.089263916015625,0.077056884765625,0.077972412109375,0.044403076171875,0.072021484375,0.16387939453125,0.0164794921875,0.0531005859375,0.19287109375,0.059967041015625,0.121002197265625,0.109710693359375,0.23773193359375,0.714111328125,2.653350830078125,6.962530136108398,1.2499618530273438
986,0.493,-0.0,-0.0,-0.0,-0.0,-0.0,-0.0,-0.0,-0.0,-0.0,-0.0,-0.0,-0.0,-11.228364944458008,2.409897565841675,-883.3040771484375,240401.296875,18102.248046875,-3537.394287109375,-0.0,-0.0,-0.0,-0.0,-0.0,-0.0,-0.0080108642578125,-0.0077056884765625,-0.01811981201171875,-0.02147674560546875,-0.01750946044921875,-0.01895904541015625,-0.009002685546875,-0.03078460693359375,-0.007781982421875,-0.01239776611328125,-0.02811431884765625,-0.0225830078125,-0.015869140625,-0.014190673828125,-0.00904083251953125,-0.0388336181640625,0.08819580078125,0.10894775390625,0.06317138671875,0.083770751953125,0.061187744140625,0.074920654296875,0.1519775390625,-0.0018310546875,0.24658203125,0.2996826171875,0.079498291015625,0.2044677734375,0.70556640625,-0.02899169921875,-2.061614990234375,-0.867919921875,-3.5717570781707764,1.2499618530273438
987,0.4935,-0.0,-0.0,-0.0,-0.0,-0.0,-0.0,-0.0,-0.0,-0.0,-0.0,-0.0,-0.0,-10.961989402770996,1.640581488609314,-879.163818359375,239507.390625,17991.439453125,-3520.49267578125,-0.0,-0.0,-0.0,-0.0,-0.0,-0.0,-0.00179290771484375,-0.00202178955078125,-0.00057220458984375,-0.0020599365234375,-0.00110626220703125,-0.0020599365234375,-0.003204345703125,-0.00091552734375,0.0008392333984375,-0.0011444091796875,-0.00400543212890625,0.00331878662109375,-0.00278472900390625,-0.00118255615234375,0.000152587890625,-0.00347137451171875,0.1116943359375,0.08392333984375,0.066986083984375,0.082244873046875,0.106658935546875,0.07476806640625,0.2044677734375,0.2288818359375,0.1092529296875,0.22369384765625,0.09063720703125,0.1800537109375,0.208892822265625,-0.0634765625,0.89508056640625,-3.106689453125,-6.0271172523498535,1.2499618530273438
988,0.494,-0.0,-0.0,-0.0,-0.0,-0.0,-0.0,-0.0,-0.0,-0.0,-0.0,-0.0,-0.0,-11.127145767211914,1.4010854959487915,-877.3187866210938,238716.890625,17873.6328125,-3673.092041015625,-0.0,-0.0,-0.0,-0.0,-0.0,-0.0,0.00911712646484375,0.0040435791015625,0.01644134521484375,0.0237274169921875,0.0148773193359375,0.01850128173828125,0.00911712646484375,0.03093719482421875,0.01129150390625,0.010528564453125,0.0305938720703125,0.02674102783203125,0.0164031982421875,0.0146484375,0.006103515625,0.03978729248046875,0.1031494140625,0.051727294921875,0.108489990234375,0.072479248046875,0.025787353515625,0.0994873046875,0.0970458984375,-0.125732421875,-0.5859375,0.05523681640625,0.0592041015625,-0.080413818359375,-0.92010498046875,0.090484619140625,4.68658447265625,1.727142333984375,4.903195858001709,1.2499618530273438
989,0.4945,-0.0,-0.0,-0.0,-0.0,-0.0,-0.0,-0.0,-0.0,-0.0,-0.0,-0.0,-0.0,-11.26626968383789,1.0849144458770752,-876.219482421875,238668.3125,17782.3203125,-3626.749755859375,-0.0,-0.0,-0.0,-0.0,-0.0,-0.0,-0.00011444091796875,0.00492095947265625,0.00152587890625,0.00209808349609375,0.00415802001953125,0.00316619873046875,0.00217437744140625,0.000762939453125,-0.00026702880859375,7.62939453125e-05,0.0030517578125,-0.0005340576171875,0.00240325927734375,0.0023651123046875,-0.0019073486328125,0.0041961669921875,0.065765380859375,0.002288818359375,0.092315673828125,0.072784423828125,0.0946044921875,0.07080078125,0.072021484375,0.35888671875,0.13153076171875,-0.0286865234375,0.089874267578125,-0.05615234375,0.253448486328125,-0.104217529296875,0.294036865234375,2.250518798828125,7.992197036743164,1.2499618530273438
990,0.495,-0.0,-0.0,-0.0,-0.0,-0.0,-0.0,-0.0,-0.0,-0.0,-0.0,-0.0,-0.0,-11.505615234375,0.9582037925720215,-874.4271240234375,238325.328125,17877.220703125,-3795.979248046875,-0.0,-0.0,-0.0,-0.0,-0.0,-0.0,-0.0087738037109375,-0.00988006591796875,-0.0167083740234375,-0.02231597900390625,-0.01415252685546875,-0.01918792724609375,-0.01003265380859375,-0.03215789794921875,-0.01007080078125,-0.01003265380859375,-0.027008056640625,-0.02216339111328125,-0.01255035400390625,-0.01430511474609375,-0.0067901611328125,-0.0397491455078125,0.045013427734375,0.093231201171875,0.07781982421875,0.077667236328125,0.196380615234375,0.05828857421875,0.16143798828125,0.18096923828125,0.4364013671875,-0.010986328125,0.082244873046875,0.07049560546875,0.538482666015625,0.125579833984375,-1.685333251953125,-0.03265380859375,-6.50234842300415,1.2499618530273438
991,0.4955,-0.0,-0.0,-0.0,-0.0,-0.0,-0.0,-0.0,-0.0,-0.0,-0.0,-0.0,-0.0,-11.304919242858887,1.6396323442459106,-872.9775390625,237975.25,17895.529296875,-3829.730712890625,-0.0,-0.0,-0.0,-0.0,-0.0,-0.0,0.001678466796875,-0.00308990478515625,-0.00030517578125,-0.00255584716796875,-0.00179290771484375,-0.00110626220703125,-0.00148773193359375,-0.00072479248046875,0.0,-0.0002288818359375,-0.0016021728515625,-0.00072479248046875,-0.00125885009765625,0.001678466796875,0.001068115234375,-0.004730224609375,0.0732421875,0.054168701171875,0.04608154296875,0.08026123046875,0.1116943359375,0.072784423828125,0.1806640625,0.14923095703125,0.1263427734375,0.2020263671875,0.077362060546875,0.11077880859375,0.133056640625,0.25360107421875,0.123443603515625,-1.39404296875,-6.50234842300415,1.2499618530273438
992,0.496,-0.0,-0.0,-0.0,-0.0,-0.0,-0.0,-0.0,-0.0,-0.0,-0.0,-0.0,-0.0,-11.368724822998047,1.5375423431396484,-872.834716796875,237527.0625,17942.70703125,-3817.64404296875,-0.0,-0.0,-0.0,-0.0,-0.0,-0.0,0.00823974609375,0.00522613525390625,0.01598358154296875,0.023040771484375,0.015716552734375,0.01842498779296875,0.0093841552734375,0.0305938720703125,0.00949859619140625,0.01224517822265625,0.0260162353515625,0.0234222412109375,0.013580322265625,0.015411376953125,0.006256103515625,0.0397491455078125,0.083770751953125,0.06744384765625,0.066680908203125,0.077667236328125,0.049285888671875,0.07110595703125,0.11932373046875,0.12786865234375,-0.01922607421875,0.1922607421875,0.07049560546875,0.0994873046875,-0.94451904296875,0.0250244140625,2.372589111328125,1.597747802734375,4.6655802726745605,1.2499618530273438
993,0.4965,-0.0,-0.0,-0.0,-0.0,-0.0,-0.0,-0.0,-0.0,-0.0,-0.0,-0.0,-0.0,-11.493550300598145,2.042358636856079,-871.788330078125,237434.46875,17851.966796875,-3842.65283203125,-0.0,-0.0,-0.0,-0.0,-0.0,-0.0,0.0014495849609375,0.00652313232421875,0.00232696533203125,0.00339508056640625,0.00110626220703125,0.001678466796875,0.00164031982421875,0.002899169921875,0.00225067138671875,0.00148773193359375,0.0005340576171875,-0.00385284423828125,0.00286102294921875,0.0026702880859375,-0.0011444091796875,0.00476837158203125,0.09613037109375,0.048370361328125,0.09033203125,0.0946044921875,0.143890380859375,0.081939697265625,0.34698486328125,0.04638671875,0.18402099609375,0.21697998046875,0.11016845703125,0.102691650390625,0.6103515625,-0.0457763671875,-0.9307861328125,1.95587158203125,13.774174690246582,1.2499618530273438
994,0.497,-0.0,-0.0,-0.0,-0.0,-0.0,-0.0,-0.0,-0.0,-0.0,-0.0,-0.0,-0.0,-11.557256698608398,2.271618127822876,-870.7841796875,237025.171875,17806.318359375,-3877.00927734375,-0.0,-0.0,-0.0,-0.0,-0.0,-0.0,-0.01010894775390625,-0.00667572021484375,-0.01708984375,-0.0212860107421875,-0.01575469970703125,-0.01865386962890625,-0.01003265380859375,-0.03021240234375,-0.00823974609375,-0.0127410888671875,-0.02605438232421875,-0.02391815185546875,-0.01445770263671875,-0.0141143798828125,-0.00652313232421875,-0.0382232666015625,0.07843017578125,0.090484619140625,0.084991455078125,0.0689697265625,0.0836181640625,0.096435546875,-0.128173828125,-0.07965087890625,0.13153076171875,0.34912109375,0.17730712890625,0.1513671875,0.6573486328125,0.112762451171875,-1.813812255859375,-0.958099365234375,-3.888577699661255,1.2499618530273438
995,0.4975,-0.0,-0.0,-0.0,-0.0,-0.0,-0.0,-0.0,-0.0,-0.0,-0.0,-0.0,-0.0,-11.858705520629883,2.4056806564331055,-868.242431640625,236693.84375,17889.05078125,-3893.812255859375,-0.0,-0.0,-0.0,-0.0,-0.0,-0.0,-0.0005340576171875,-0.0035858154296875,-0.00080108642578125,-0.00278472900390625,-0.00034332275390625,-0.00255584716796875,-0.00278472900390625,-0.00255584716796875,-3.814697265625e-05,-0.00133514404296875,-0.0026702880859375,0.0040435791015625,-0.00331878662109375,0.00019073486328125,0.00019073486328125,-0.00286102294921875,0.05767822265625,-0.166015625,0.08636474609375,0.076904296875,-0.026397705078125,0.08453369140625,0.27008056640625,0.39947509765625,0.33721923828125,-0.0653076171875,-0.04852294921875,0.07568359375,-0.18524169921875,0.183868408203125,1.392669677734375,-3.049163818359375,-6.264732837677002,1.2499618530273438
996,0.498,-0.0,-0.0,-0.0,-0.0,-0.0,-0.0,-0.0,-0.0,-0.0,-0.0,-0.0,-0.0,-11.724318504333496,2.458575963973999,-867.6015014648438,236136.296875,17980.216796875,-3897.12841796875,-0.0,-0.0,-0.0,-0.0,-0.0,-0.0,0.0096893310546875,0.00457763671875,0.01667022705078125,0.023040771484375,0.01605987548828125,0.02239227294921875,0.00946044921875,0.03139495849609375,0.01064300537109375,0.0121307373046875,0.0272369384765625,0.0235748291015625,0.01682281494140625,0.01476287841796875,0.005950927734375,0.0403594970703125,0.106964111328125,0.109100341796875,0.067138671875,0.0732421875,0.11016845703125,0.079803466796875,0.02471923828125,0.17974853515625,0.3887939453125,0.25146484375,0.054168701171875,0.00335693359375,-0.8721923828125,-0.0823974609375,2.03887939453125,2.277984619140625,7.992197036743164,1.2499618530273438
997,0.4985,-0.0,-0.0,-0.0,-0.0,-0.0,-0.0,-0.0,-0.0,-0.0,-0.0,-0.0,-0.0,-11.522323608398438,2.4875621795654297,-865.3524780273438,235744.640625,17955.501953125,-4036.9833984375,-0.0,-0.0,-0.0,-0.0,-0.0,-0.0,0.00148773193359375,0.003204345703125,0.00247955322265625,0.00171661376953125,0.001220703125,0.00186920166015625,0.000762939453125,0.00484466552734375,0.0019073486328125,3.814697265625e-05,0.00125885009765625,-0.000762939453125,0.0043487548828125,0.00034332275390625,0.0009918212890625,0.00324249267578125,0.031280517578125,-0.045623779296875,0.082244873046875,0.0738525390625,0.032806396484375,0.07171630859375,0.03204345703125,0.1458740234375,0.145263671875,-0.03936767578125,0.06988525390625,0.0445556640625,0.057830810546875,-0.010223388671875,0.07843017578125,3.08563232421875,6.249683380126953,1.2499618530273438
998,0.499,-0.0,-0.0,-0.0,-0.0,-0.0,-0.0,-0.0,-0.0,-0.0,-0.0,-0.0,-0.0,-11.103643417358398,2.15405011177063,-863.0446166992188,235545.09375,18058.7734375,-3812.585693359375,-0.0,-0.0,-0.0,-0.0,-0.0,-0.0,-0.0087738037109375,-0.00751495361328125,-0.01678466796875,-0.02063751220703125,-0.0151824951171875,-0.0179290771484375,-0.00942230224609375,-0.03116607666015625,-0.0093841552734375,-0.01148223876953125,-0.02437591552734375,-0.02086639404296875,-0.01361846923828125,-0.014495849609375,-0.00568389892578125,-0.03879547119140625,0.0885009765625,0.07080078125,0.08087158203125,0.07110595703125,-0.00701904296875,0.083770751953125,0.28228759765625,0.13214111328125,0.1068115234375,0.21453857421875,0.0872802734375,0.0811767578125,0.665435791015625,0.352630615234375,-1.279449462890625,0.24444580078125,-2.225269317626953,1.2499618530273438
999,0.4995,-0.0,-0.0,-0.0,-0.0,-0.0,-0.0,-0.0,-0.0,-0.0,-0.0,-0.0,-0.0,-10.394182205200195,1.9430770874023438,-861.0670166015625,235111.640625,17780.25,-3682.048583984375,-0.0,-0.0,-0.0,-0.0,-0.0,-0.0,-7.62939453125e-05,-0.00213623046875,-0.00110626220703125,-0.0006103515625,-0.00091552734375,-0.0026702880859375,0.00209808349609375,-0.0006866455078125,-0.00041961669921875,-0.0020599365234375,-0.00125885009765625,0.0032806396484375,-0.00274658203125,-0.00049591064453125,-0.0019073486328125,-0.000762939453125,0.0543212890625,0.232696533203125,0.070953369140625,0.080413818359375,0.01861572265625,0.076904296875,0.18585205078125,0.1727294921875,-0.0543212890625,0.242919921875,0.156097412109375,0.120697021484375,-0.1361083984375,0.01312255859375,0.695343017578125,-2.111663818359375,-7.7696309089660645,1.2499618530273438
1000,0.5,-0.0,-0.0,-0.0,-0.0,-0.0,-0.0,-0.0,-0.0,-0.0,-0.0,-0.0,-0.0,-9.886564254760742,1.9674912691116333,-859.96044921875,234911.484375,17921.744140625,-3571.281005859375,-0.0,-0.0,-0.0,-0.0,-0.0,-0.0,0.00865936279296875,0.00797271728515625,0.01739501953125,0.02223968505859375,0.01682281494140625,0.0189971923828125,0.0101470947265625,0.03253936767578125,0.0107574462890625,0.0125885009765625,0.0254058837890625,0.0247955322265625,0.01255035400390625,0.01674652099609375,0.00518798828125,0.039520263671875,0.11016845703125,0.070648193359375,0.089263916015625,0.084991455078125,-0.007476806640625,0.0787353515625,0.299072265625,0.07476806640625,0.44708251953125,-0.01434326171875,0.07965087890625,0.196380615234375,-0.6121826171875,-0.054931640625,2.619171142578125,1.46026611328125,7.992197036743164,1.2499618530273438
1001,0.5005000000000001,-0.0,-0.0,-0.0,-0.0,-0.0,-0.0,-0.0,-0.0,-0.0,-0.0,-0.0,-0.0,-10.1375093460083,2.393852949142456,-859.0455932617188,234696.078125,17510.470703125,-3688.021728515625,-0.0,-0.0,-0.0,-0.0,-0.0,-0.0,0.00308990478515625,0.0037384033203125,0.0019073486328125,0.00270843505859375,0.00347137451171875,0.00331878662109375,0.0017547607421875,0.00156402587890625,-0.00087738037109375,0.00156402587890625,0.00308990478515625,0.00080108642578125,0.001220703125,0.002899169921875,0.000457763671875,0.00293731689453125,0.113067626953125,0.03875732421875,0.0885009765625,0.075225830078125,0.234375,0.075225830078125,0.18157958984375,0.2459716796875,-0.3326416015625,0.22430419921875,0.001220703125,0.039215087890625,0.2685546875,0.112457275390625,0.4998779296875,2.935028076171875,7.279350757598877,1.2499618530273438
1002,0.501,-0.0,-0.0,-0.0,-0.0,-0.0,-0.0,-0.0,-0.0,-0.0,-0.0,-0.0,-0.0,-10.452375411987305,3.091259002685547,-859.8034057617188,235192.640625,17641.80078125,-3914.14111328125,-0.0,-0.0,-0.0,-0.0,-0.0,-0.0,-0.008544921875,-0.0090789794921875,-0.0152587890625,-0.0244140625,-0.01434326171875,-0.020904541015625,-0.01255035400390625,-0.030059814453125,-0.0118255615234375,-0.01068115234375,-0.025787353515625,-0.0206756591796875,-0.01544952392578125,-0.01461029052734375,-0.00652313232421875,-0.03971099853515625,0.02227783203125,0.107574462890625,0.052337646484375,0.0738525390625,0.03997802734375,0.081634521484375,0.08331298828125,0.126953125,-0.013427734375,0.05279541015625,0.069732666015625,-0.10528564453125,0.584716796875,0.25115966796875,-0.28350830078125,-1.138153076171875,-2.77970552444458,1.2499618530273438
1003,0.5015000000000001,-0.0,-0.0,-0.0,-0.0,-0.0,-0.0,-0.0,-0.0,-0.0,-0.0,-0.0,-0.0,-11.193232536315918,3.2436633110046387,-862.3087158203125,235568.890625,17336.9296875,-4014.682373046875,-0.0,-0.0,-0.0,-0.0,-0.0,-0.0,-0.000457763671875,-0.00171661376953125,-0.0011444091796875,-0.00217437744140625,-0.000457763671875,-0.0014495849609375,-0.00263214111328125,-0.002899169921875,0.00091552734375,-0.0016021728515625,-0.00213623046875,-0.0003814697265625,-0.00255584716796875,-0.001373291015625,-0.003509521484375,-0.002288818359375,0.06561279296875,0.03631591796875,0.054779052734375,0.07720947265625,0.270538330078125,0.074920654296875,0.1434326171875,0.10467529296875,0.1617431640625,-0.068359375,0.0775146484375,0.012359619140625,-0.019378662109375,0.032501220703125,-0.76568603515625,-2.74444580078125,-6.5815534591674805,1.2499618530273438
1004,0.502,-0.0,-0.0,-0.0,-0.0,-0.0,-0.0,-0.0,-0.0,-0.0,-0.0,-0.0,-0.0,-10.782546997070312,3.4203813076019287,-861.2944946289062,235996.90625,16957.86328125,-3887.47265625,-0.0,-0.0,-0.0,-0.0,-0.0,-0.0,0.00804901123046875,0.00934600830078125,0.0173187255859375,0.021820068359375,0.0162506103515625,0.01880645751953125,0.0127410888671875,0.03139495849609375,0.0116729736328125,0.01201629638671875,0.02727508544921875,0.022735595703125,0.01399993896484375,0.016021728515625,0.006561279296875,0.03963470458984375,0.069122314453125,0.20111083984375,0.069732666015625,0.07720947265625,0.042877197265625,0.062255859375,0.17120361328125,0.14617919921875,0.1361083984375,0.1800537109375,0.09002685546875,0.089111328125,-0.717010498046875,-0.172119140625,2.04742431640625,1.152496337890625,6.80411958694458,1.2499618530273438
1005,0.5025000000000001,-0.0,-0.0,-0.0,-0.0,-0.0,-0.0,-0.0,-0.0,-0.0,-0.0,-0.0,-0.0,-10.645294189453125,3.372227668762207,-862.7857055664062,236120.328125,16764.765625,-3978.974609375,-0.0,-0.0,-0.0,-0.0,-0.0,-0.0,0.0016021728515625,0.00583648681640625,0.00194549560546875,0.00217437744140625,0.0014495849609375,0.0037384033203125,0.00293731689453125,0.00255584716796875,0.00186920166015625,-0.00057220458984375,0.00560760498046875,-0.00152587890625,0.00598907470703125,0.00049591064453125,-0.00091552734375,0.00522613525390625,0.083465576171875,0.083160400390625,0.073699951171875,0.084381103515625,0.13763427734375,0.0726318359375,0.19500732421875,0.16021728515625,0.1080322265625,0.19683837890625,0.087738037109375,0.117034912109375,0.3948974609375,0.1983642578125,0.841217041015625,3.394927978515625,3.0022716522216797,1.2499618530273438
1006,0.503,-0.0,-0.0,-0.0,-0.0,-0.0,-0.0,-0.0,-0.0,-0.0,-0.0,-0.0,-0.0,-10.225911140441895,3.813707113265991,-862.3731079101562,236347.765625,16296.078125,-3948.95556640625,-0.0,-0.0,-0.0,-0.0,-0.0,-0.0,-0.00926971435546875,-0.00881195068359375,-0.01789093017578125,-0.02223968505859375,-0.016021728515625,-0.01895904541015625,-0.00919342041015625,-0.0310516357421875,-0.0096893310546875,-0.0128936767578125,-0.02597808837890625,-0.02414703369140625,-0.01617431640625,-0.0141143798828125,-0.007171630859375,-0.038604736328125,0.073699951171875,0.072479248046875,0.087127685546875,0.07537841796875,-0.099029541015625,0.05706787109375,0.1171875,0.067138671875,0.18951416015625,0.15228271484375,0.09063720703125,0.100250244140625,0.496368408203125,0.04547119140625,-2.56317138671875,-1.70379638671875,-6.898374080657959,1.2499618530273438
1007,0.5035000000000001,-0.0,-0.0,-0.0,-0.0,-0.0,-0.0,-0.0,-0.0,-0.0,-0.0,-0.0,-0.0,-9.645380020141602,4.15875768661499,-864.4993896484375,236516.0,15794.9091796875,-3800.235107421875,-0.0,-0.0,-0.0,-0.0,-0.0,-0.0,-0.0002288818359375,-0.00560760498046875,-0.0017547607421875,0.00133514404296875,-0.0006103515625,-0.00179290771484375,-0.0026702880859375,-0.0028228759765625,0.00030517578125,0.00030517578125,-0.0022125244140625,-0.0003814697265625,-0.002899169921875,-0.0005340576171875,0.0008392333984375,-0.001678466796875,0.0921630859375,0.028839111328125,0.0848388671875,0.11749267578125,0.197296142578125,0.06011962890625,0.633544921875,0.20294189453125,-0.087890625,0.196533203125,0.0762939453125,0.10498046875,0.09429931640625,0.037841796875,0.04913330078125,-3.006439208984375,-6.264732837677002,1.2499618530273438
1008,0.504,-0.0,-0.0,-0.0,-0.0,-0.0,-0.0,-0.0,-0.0,-0.0,-0.0,-0.0,-0.0,-8.847024917602539,4.962490558624268,-863.2921752929688,236477.359375,15351.7763671875,-3510.921875,-0.0,-0.0,-0.0,-0.0,-0.0,-0.0,0.0096893310546875,0.00583648681640625,0.01628875732421875,0.02197265625,0.0152587890625,0.0201416015625,0.01056671142578125,0.0321197509765625,0.010833740234375,0.0116729736328125,0.02819061279296875,0.02292633056640625,0.01728057861328125,0.0154876708984375,0.00553131103515625,0.03910064697265625,0.068206787109375,0.048065185546875,0.103302001953125,0.068359375,0.109405517578125,0.105133056640625,0.15167236328125,0.24993896484375,0.36041259765625,0.20416259765625,0.10223388671875,0.09735107421875,-0.77362060546875,0.041046142578125,3.210296630859375,2.40203857421875,11.318814277648926,1.2499618530273438
1009,0.5045000000000001,-0.0,-0.0,-0.0,-0.0,-0.0,-0.0,-0.0,-0.0,-0.0,-0.0,-0.0,-0.0,-8.007966041564941,5.645349979400635,-864.43359375,236547.71875,14737.98828125,-3308.1552734375,-0.0,-0.0,-0.0,-0.0,-0.0,-0.0,0.000457763671875,0.00453948974609375,0.0040435791015625,0.002288818359375,0.0014495849609375,0.00133514404296875,0.00274658203125,0.0034332275390625,0.00019073486328125,-0.00270843505859375,0.00247955322265625,0.00171661376953125,0.00598907470703125,0.001983642578125,0.0031280517578125,0.0025177001953125,0.087432861328125,0.1434326171875,0.068817138671875,0.075836181640625,0.078582763671875,0.080108642578125,0.12237548828125,0.1580810546875,-0.189208984375,0.30914306640625,0.051422119140625,0.0738525390625,0.289459228515625,0.23468017578125,1.662139892578125,2.756805419921875,7.120940208435059,1.2499618530273438
1010,0.505,-0.0,-0.0,-0.0,-0.0,-0.0,-0.0,-0.0,-0.0,-0.0,-0.0,-0.0,-0.0,-7.308184623718262,5.3300557136535645,-864.8211669921875,236974.015625,14137.03515625,-3242.89208984375,-0.0,-0.0,-0.0,-0.0,-0.0,-0.0,-0.0089263916015625,-0.00713348388671875,-0.01636505126953125,-0.02197265625,-0.018310546875,-0.018157958984375,-0.0098419189453125,-0.031890869140625,-0.00896453857421875,-0.011749267578125,-0.0272369384765625,-0.0238037109375,-0.01712799072265625,-0.014495849609375,-0.00621795654296875,-0.0392913818359375,0.0457763671875,0.129547119140625,0.04638671875,0.070648193359375,0.05523681640625,0.05706787109375,0.0,0.1708984375,0.63629150390625,0.0946044921875,0.0604248046875,0.018310546875,0.72601318359375,0.045318603515625,-2.2100830078125,-2.064666748046875,-6.185527801513672,1.2499618530273438
1011,0.5055000000000001,-0.0,-0.0,-0.0,-0.0,-0.0,-0.0,-0.0,-0.0,-0.0,-0.0,-0.0,-0.0,-6.619155406951904,5.499717712402344,-865.3856811523438,237198.65625,13958.3310546875,-3134.00390625,-0.0,-0.0,-0.0,-0.0,-0.0,-0.0,-0.0002288818359375,-0.00171661376953125,-0.00179290771484375,-0.00141143798828125,-0.00030517578125,-0.00186920166015625,-0.0009918212890625,-0.00202178955078125,0.00080108642578125,-0.001220703125,-0.00244140625,-0.00057220458984375,-0.0022125244140625,-0.00110626220703125,-0.00133514404296875,-0.00263214111328125,0.031280517578125,0.087432861328125,0.07049560546875,0.07476806640625,0.056304931640625,0.073394775390625,0.2484130859375,0.1727294921875,0.203857421875,0.2008056640625,0.0836181640625,0.049285888671875,0.159454345703125,0.044708251953125,-1.18560791015625,-3.55743408203125,-7.056784629821777,1.2499618530273438
1012,0.506,-0.0,-0.0,-0.0,-0.0,-0.0,-0.0,-0.0,-0.0,-0.0,-0.0,-0.0,-0.0,-6.571099281311035,5.187280654907227,-868.4081420898438,237451.515625,13326.2236328125,-3110.12060546875,-0.0,-0.0,-0.0,-0.0,-0.0,-0.0,0.009765625,0.005340576171875,0.01766204833984375,0.02300262451171875,0.0171661376953125,0.02040863037109375,0.011138916015625,0.03162384033203125,0.0119781494140625,0.01285552978515625,0.027618408203125,0.0247955322265625,0.0206756591796875,0.0151824951171875,0.01007080078125,0.03978729248046875,0.0830078125,0.0555419921875,0.076141357421875,0.09063720703125,0.107879638671875,0.07720947265625,0.2117919921875,0.15594482421875,0.47454833984375,0.22369384765625,0.080108642578125,0.10406494140625,-0.82061767578125,0.02166748046875,3.4033203125,3.44024658203125,7.0417351722717285,1.2499618530273438
1013,0.5065000000000001,-0.0,-0.0,-0.0,-0.0,-0.0,-0.0,-0.0,-0.0,-0.0,-0.0,-0.0,-0.0,-6.168565273284912,4.946014404296875,-867.8973999023438,237416.078125,13022.12109375,-3001.316162109375,-0.0,-0.0,-0.0,-0.0,-0.0,-0.0,0.00274658203125,0.00049591064453125,0.00133514404296875,0.00339508056640625,0.00324249267578125,0.00091552734375,-0.0011444091796875,0.00396728515625,0.00362396240234375,0.0011444091796875,0.00507354736328125,-0.00072479248046875,0.0043487548828125,0.00110626220703125,0.0030517578125,0.0028228759765625,0.08575439453125,0.103759765625,0.0860595703125,0.071258544921875,0.014801025390625,0.077667236328125,0.14251708984375,0.07904052734375,-0.030517578125,-0.101318359375,0.0653076171875,0.111236572265625,-0.003509521484375,0.116424560546875,0.928192138671875,4.10552978515625,6.012068271636963,1.2499618530273438
1014,0.507,-0.0,-0.0,-0.0,-0.0,-0.0,-0.0,-0.0,-0.0,-0.0,-0.0,-0.0,-0.0,-5.967324733734131,4.086395740509033,-867.1300659179688,237559.625,12610.458984375,-2789.586669921875,-0.0,-0.0,-0.0,-0.0,-0.0,-0.0,-0.00804901123046875,-0.00934600830078125,-0.01697540283203125,-0.02117156982421875,-0.0148773193359375,-0.0189971923828125,-0.01087188720703125,-0.0296783447265625,-0.00988006591796875,-0.01140594482421875,-0.02681732177734375,-0.02532958984375,-0.01789093017578125,-0.01567840576171875,-0.00823974609375,-0.040435791015625,0.11322021484375,0.05828857421875,0.0775146484375,0.083160400390625,0.022125244140625,0.054473876953125,0.1458740234375,0.1507568359375,0.05615234375,0.1507568359375,0.009307861328125,0.09979248046875,0.816192626953125,0.153961181640625,-2.80731201171875,-2.331085205078125,-3.492551803588867,1.2499618530273438
1015,0.5075000000000001,-0.0,-0.0,-0.0,-0.0,-0.0,-0.0,-0.0,-0.0,-0.0,-0.0,-0.0,-0.0,-5.4349846839904785,3.550618886947632,-868.5260620117188,237669.4375,12047.08203125,-2680.627685546875,-0.0,-0.0,-0.0,-0.0,-0.0,-0.0,-0.0002288818359375,-0.001220703125,-0.00133514404296875,-0.00213623046875,-0.000152587890625,0.00057220458984375,0.00019073486328125,-0.00278472900390625,-0.00148773193359375,-0.00125885009765625,-0.00152587890625,-0.00186920166015625,-0.00308990478515625,-0.00225067138671875,-0.00152587890625,-0.00125885009765625,0.048828125,0.101318359375,0.061187744140625,0.0714111328125,0.078582763671875,0.07781982421875,0.11993408203125,-0.04669189453125,0.08087158203125,0.34698486328125,0.11688232421875,0.083465576171875,0.38818359375,0.029754638671875,-1.231231689453125,-3.495635986328125,-5.789501667022705,1.2499618530273438
1016,0.508,-0.0,-0.0,-0.0,-0.0,-0.0,-0.0,-0.0,-0.0,-0.0,-0.0,-0.0,-0.0,-5.1923956871032715,3.4624228477478027,-870.1786499023438,237895.296875,12002.7978515625,-2502.479248046875,-0.0,-0.0,-0.0,-0.0,-0.0,-0.0,0.0104522705078125,0.00476837158203125,0.01682281494140625,0.02178192138671875,0.0170135498046875,0.01861572265625,0.01064300537109375,0.0330352783203125,0.009765625,0.0115203857421875,0.02658843994140625,0.0279998779296875,0.01667022705078125,0.01483917236328125,0.0072479248046875,0.03955841064453125,0.114898681640625,0.040740966796875,0.072021484375,0.063323974609375,0.0750732421875,0.071258544921875,0.13092041015625,0.225830078125,-0.2105712890625,0.582275390625,0.049591064453125,0.07598876953125,-0.886688232421875,0.027313232421875,4.2340087890625,1.0052490234375,4.6655802726745605,1.2499618530273438
1017,0.5085000000000001,-0.0,-0.0,-0.0,-0.0,-0.0,-0.0,-0.0,-0.0,-0.0,-0.0,-0.0,-0.0,-4.276249408721924,2.849717140197754,-871.7389526367188,238572.78125,11402.1474609375,-2222.861572265625,-0.0,-0.0,-0.0,-0.0,-0.0,-0.0,0.001983642578125,-0.00095367431640625,0.0020599365234375,0.00125885009765625,0.003204345703125,0.00171661376953125,-0.00308990478515625,0.00213623046875,0.0016021728515625,0.002288818359375,0.00247955322265625,-0.0002288818359375,0.0054168701171875,-0.00026702880859375,0.0020599365234375,0.00324249267578125,0.05889892578125,0.18707275390625,0.061492919921875,0.07537841796875,0.0872802734375,0.071563720703125,0.2130126953125,0.29388427734375,0.203857421875,-0.6103515625,0.070953369140625,0.076751708984375,-0.150299072265625,0.125732421875,0.69610595703125,4.999847412109375,8.70504379272461,1.2499618530273438
1018,0.509,-0.0,-0.0,-0.0,-0.0,-0.0,-0.0,-0.0,-0.0,-0.0,-0.0,-0.0,-0.0,-4.4824419021606445,2.7613208293914795,-873.669677734375,238874.046875,10836.8798828125,-2300.59765625,-0.0,-0.0,-0.0,-0.0,-0.0,-0.0,-0.00980377197265625,-0.00614166259765625,-0.01728057861328125,-0.01972198486328125,-0.0157928466796875,-0.01995086669921875,-0.01033782958984375,-0.0304412841796875,-0.0087738037109375,-0.01148223876953125,-0.026702880859375,-0.025787353515625,-0.01697540283203125,-0.0148773193359375,-0.0067138671875,-0.03978729248046875,0.060272216796875,-0.010833740234375,0.084991455078125,0.0714111328125,-0.001068115234375,0.064544677734375,0.1434326171875,0.13031005859375,0.04486083984375,0.07049560546875,0.06591796875,0.109405517578125,0.679168701171875,0.16143798828125,-3.109130859375,-1.023406982421875,-10.70022201538086,1.2499618530273438
1019,0.5095000000000001,-0.0,-0.0,-0.0,-0.0,-0.0,-0.0,-0.0,-0.0,-0.0,-0.0,-0.0,-0.0,-4.4540228843688965,2.1847357749938965,-876.0213623046875,239546.671875,10707.380859375,-2227.415771484375,-0.0,-0.0,-0.0,-0.0,-0.0,-0.0,0.00095367431640625,0.0003814697265625,-0.00263214111328125,-0.00164031982421875,-0.00019073486328125,-0.0003814697265625,0.00030517578125,-0.00240325927734375,-0.00011444091796875,-0.00247955322265625,0.00034332275390625,0.0014495849609375,-0.0054168701171875,-0.00213623046875,-0.00049591064453125,-0.00171661376953125,0.055389404296875,0.09307861328125,0.139007568359375,0.09368896484375,0.063323974609375,0.119781494140625,0.18951416015625,0.18341064453125,0.04425048828125,0.2435302734375,0.11749267578125,0.13580322265625,0.42236328125,0.22064208984375,-0.40924072265625,-4.0155029296875,-9.432938575744629,1.2499618530273438
1020,0.51,-0.0,-0.0,-0.0,-0.0,-0.0,-0.0,-0.0,-0.0,-0.0,-0.0,-0.0,-0.0,-4.505541801452637,2.603187084197998,-877.06884765625,239545.296875,10300.7236328125,-2331.943603515625,-0.0,-0.0,-0.0,-0.0,-0.0,-0.0,0.00835418701171875,0.00438690185546875,0.018310546875,0.02223968505859375,0.01628875732421875,0.01861572265625,0.009765625,0.0319671630859375,0.0078582763671875,0.0145721435546875,0.02475738525390625,0.0261688232421875,0.0177764892578125,0.015106201171875,0.0079345703125,0.03936767578125,0.079193115234375,0.065460205078125,0.0537109375,0.0775146484375,-0.035400390625,0.062408447265625,0.17822265625,0.15594482421875,-0.0933837890625,0.2032470703125,0.13519287109375,0.03814697265625,-1.00860595703125,-0.246124267578125,3.184661865234375,2.08160400390625,7.358555793762207,1.2499618530273438
1021,0.5105000000000001,-0.0,-0.0,-0.0,-0.0,-0.0,-0.0,-0.0,-0.0,-0.0,-0.0,-0.0,-0.0,-4.991079807281494,2.491807699203491,-878.8889770507812,239848.15625,10109.248046875,-2293.362060546875,-0.0,-0.0,-0.0,-0.0,-0.0,-0.0,0.0020599365234375,0.0032806396484375,0.00125885009765625,0.00247955322265625,0.001068115234375,0.00213623046875,0.0048065185546875,0.0035858154296875,-0.001373291015625,0.00240325927734375,0.003509521484375,-3.814697265625e-05,0.005340576171875,0.000457763671875,3.814697265625e-05,0.003204345703125,0.0848388671875,0.016326904296875,0.053558349609375,0.07781982421875,0.33355712890625,0.05157470703125,0.22796630859375,0.15350341796875,0.2227783203125,0.2984619140625,0.061798095703125,-0.030364990234375,0.15533447265625,0.0146484375,1.153411865234375,4.16473388671875,9.813916206359863,1.2499618530273438
1022,0.511,-0.0,-0.0,-0.0,-0.0,-0.0,-0.0,-0.0,-0.0,-0.0,-0.0,-0.0,-0.0,-4.25811767578125,2.3005731105804443,-877.6923217773438,239989.9375,9542.9580078125,-2241.3720703125,-0.0,-0.0,-0.0,-0.0,-0.0,-0.0,-0.007781982421875,-0.00881195068359375,-0.01605987548828125,-0.02227783203125,-0.0141143798828125,-0.01651763916015625,-0.00782012939453125,-0.0307464599609375,-0.01190185546875,-0.0102996826171875,-0.026702880859375,-0.0214385986328125,-0.0173187255859375,-0.01491546630859375,-0.0060272216796875,-0.03963470458984375,0.155029296875,0.124053955078125,0.069732666015625,0.077362060546875,0.177154541015625,0.086517333984375,0.23773193359375,0.1434326171875,1.3128662109375,0.16357421875,0.08758544921875,0.036163330078125,0.71441650390625,0.12237548828125,-1.22955322265625,-1.374359130859375,-3.6509623527526855,1.2499618530273438
1023,0.5115000000000001,-0.0,-0.0,-0.0,-0.0,-0.0,-0.0,-0.0,-0.0,-0.0,-0.0,-0.0,-0.0,-4.192566394805908,2.2924530506134033,-879.3306274414062,239782.171875,9443.216796875,-2114.977294921875,-0.0,-0.0,-0.0,-0.0,-0.0,-0.0,0.00110626220703125,-0.002593994140625,-0.00019073486328125,-0.00247955322265625,-0.0006103515625,-0.00057220458984375,-0.00202178955078125,-0.00095367431640625,0.00011444091796875,-0.00072479248046875,-0.001068115234375,0.00286102294921875,-0.00457763671875,-0.00186920166015625,-0.0016021728515625,-0.0012969970703125,-0.01220703125,0.184326171875,0.0775146484375,0.079345703125,0.0982666015625,0.07080078125,0.23284912109375,0.11810302734375,0.2178955078125,0.203857421875,0.07110595703125,0.118408203125,0.100250244140625,0.124053955078125,0.90118408203125,-4.727325439453125,-6.185527801513672,1.2499618530273438
1024,0.512,-0.0,-0.0,-0.0,-0.0,-0.0,-0.0,-0.0,-0.0,-0.0,-0.0,-0.0,-0.0,-4.1075758934021,2.519040584564209,-877.7672119140625,240178.84375,9230.044921875,-2184.474853515625,-0.0,-0.0,-0.0,-0.0,-0.0,-0.0,0.0092315673828125,0.00537872314453125,0.01781463623046875,0.02170562744140625,0.015106201171875,0.01873016357421875,0.01277923583984375,0.03131866455078125,0.01186370849609375,0.01087188720703125,0.024871826171875,0.02532958984375,0.01739501953125,0.014495849609375,0.0075531005859375,0.03955841064453125,0.057220458984375,0.09429931640625,0.084991455078125,0.077972412109375,0.00396728515625,0.09063720703125,0.1336669921875,0.130615234375,0.040283203125,0.091552734375,0.003509521484375,0.216064453125,-0.899810791015625,-0.255889892578125,3.06396484375,1.60675048828125,6.80411958694458,1.2499618530273438
1025,0.5125,-0.0,-0.0,-0.0,-0.0,-0.0,-0.0,-0.0,-0.0,-0.0,-0.0,-0.0,-0.0,-3.9068007469177246,2.7379722595214844,-878.0394897460938,240129.875,8560.6220703125,-2242.3076171875,-0.0,-0.0,-0.0,-0.0,-0.0,-0.0,0.0012969970703125,0.00324249267578125,0.00049591064453125,0.00141143798828125,0.00339508056640625,0.00274658203125,0.0017547607421875,0.001373291015625,0.00095367431640625,-0.00026702880859375,0.003662109375,-0.0009918212890625,0.00614166259765625,-0.0011444091796875,0.00110626220703125,0.00476837158203125,0.0897216796875,0.06072998046875,0.069580078125,0.083160400390625,0.07293701171875,0.0726318359375,0.0628662109375,0.206298828125,-0.03387451171875,0.106201171875,0.059814453125,0.065155029296875,-0.087890625,0.00335693359375,0.7177734375,4.1339111328125,5.457632064819336,1.2499618530273438
1026,0.513,-0.0,-0.0,-0.0,-0.0,-0.0,-0.0,-0.0,-0.0,-0.0,-0.0,-0.0,-0.0,-4.011743545532227,2.7150888442993164,-878.2845458984375,240246.40625,8391.009765625,-2174.245361328125,-0.0,-0.0,-0.0,-0.0,-0.0,-0.0,-0.00675201416015625,-0.006256103515625,-0.0157928466796875,-0.02147674560546875,-0.01537322998046875,-0.020599365234375,-0.0106048583984375,-0.03032684326171875,-0.009765625,-0.0115203857421875,-0.0234222412109375,-0.02460479736328125,-0.01194000244140625,-0.01407623291015625,-0.00591278076171875,-0.03879547119140625,0.098876953125,0.130767822265625,0.088043212890625,0.0750732421875,0.055694580078125,0.08453369140625,0.1129150390625,0.1617431640625,-0.0079345703125,0.21209716796875,0.113525390625,-0.06072998046875,0.86944580078125,0.405731201171875,-1.995849609375,-0.193634033203125,-3.0173208713531494,1.2499618530273438
1027,0.5135,-0.0,-0.0,-0.0,-0.0,-0.0,-0.0,-0.0,-0.0,-0.0,-0.0,-0.0,-0.0,-3.416895866394043,2.515644073486328,-879.163818359375,240507.453125,8103.25537109375,-2071.625732421875,-0.0,-0.0,-0.0,-0.0,-0.0,-0.0,-0.001220703125,-0.0031280517578125,-0.00171661376953125,-0.00072479248046875,-0.000457763671875,-0.00049591064453125,-3.814697265625e-05,-0.0034332275390625,-0.0019073486328125,-0.0009918212890625,-0.002593994140625,0.00080108642578125,-0.0064849853515625,-0.000457763671875,-0.00209808349609375,-0.0011444091796875,0.110321044921875,-0.00030517578125,0.07232666015625,0.076141357421875,0.03814697265625,0.064849853515625,0.443115234375,0.16937255859375,0.1641845703125,0.233154296875,0.10040283203125,0.047607421875,0.04058837890625,-0.020599365234375,-1.019439697265625,-4.298553466796875,-6.739963531494141,1.2499618530273438
1028,0.514,-0.0,-0.0,-0.0,-0.0,-0.0,-0.0,-0.0,-0.0,-0.0,-0.0,-0.0,-0.0,-3.039034843444824,1.9458264112472534,-878.5445556640625,240176.515625,7572.50634765625,-1989.1578369140625,-0.0,-0.0,-0.0,-0.0,-0.0,-0.0,0.011138916015625,0.00640869140625,0.01739501953125,0.02269744873046875,0.01636505126953125,0.0225830078125,0.0091552734375,0.030364990234375,0.01041412353515625,0.01117706298828125,0.0272369384765625,0.0223541259765625,0.01873016357421875,0.012969970703125,0.0093841552734375,0.03955841064453125,0.09124755859375,0.007781982421875,0.0628662109375,0.065765380859375,0.02960205078125,0.06683349609375,0.00335693359375,0.05340576171875,0.2569580078125,0.08697509765625,0.01708984375,0.139617919921875,-0.6427001953125,-0.04547119140625,2.28790283203125,1.9122314453125,7.6753764152526855,1.2499618530273438
1029,0.5145,-0.0,-0.0,-0.0,-0.0,-0.0,-0.0,-0.0,-0.0,-0.0,-0.0,-0.0,-0.0,-2.504134178161621,1.940494418144226,-878.0264892578125,240325.421875,7326.14208984375,-1965.880126953125,-0.0,-0.0,-0.0,-0.0,-0.0,-0.0,0.0019073486328125,0.00461578369140625,0.00087738037109375,0.001373291015625,0.0006103515625,0.00209808349609375,0.003662109375,0.00091552734375,-0.0003814697265625,0.0008392333984375,0.00278472900390625,0.00217437744140625,0.0060272216796875,-0.00064849853515625,0.00011444091796875,0.002593994140625,0.04852294921875,0.1995849609375,0.07781982421875,0.07720947265625,0.022430419921875,0.08819580078125,0.0006103515625,0.03204345703125,0.14434814453125,0.18768310546875,0.0738525390625,0.06011962890625,0.199737548828125,-0.0067138671875,1.92840576171875,4.999847412109375,6.091273307800293,1.2499618530273438
1030,0.515,-0.0,-0.0,-0.0,-0.0,-0.0,-0.0,-0.0,-0.0,-0.0,-0.0,-0.0,-0.0,-2.0882415771484375,1.5897903442382812,-877.7578735351562,240505.171875,7058.287109375,-1877.529052734375,-0.0,-0.0,-0.0,-0.0,-0.0,-0.0,-0.009307861328125,-0.00762939453125,-0.01758575439453125,-0.0235748291015625,-0.0152587890625,-0.0197601318359375,-0.01056671142578125,-0.0301361083984375,-0.0104522705078125,-0.010528564453125,-0.0252532958984375,-0.02063751220703125,-0.01842498779296875,-0.01483917236328125,-0.0067138671875,-0.04131317138671875,0.065155029296875,0.0115966796875,0.0531005859375,0.0726318359375,0.099334716796875,0.07843017578125,-0.03753662109375,0.1324462890625,-0.16510009765625,0.25482177734375,0.112152099609375,0.019073486328125,0.687408447265625,0.140380859375,-0.947113037109375,-2.40020751953125,-2.304474353790283,1.2499618530273438
1031,0.5155,-0.0,-0.0,-0.0,-0.0,-0.0,-0.0,-0.0,-0.0,-0.0,-0.0,-0.0,-0.0,-2.463268518447876,1.1707748174667358,-876.622314453125,240233.21875,6571.98193359375,-1877.188720703125,-0.0,-0.0,-0.0,-0.0,-0.0,-0.0,-0.00011444091796875,-0.00232696533203125,-0.00118255615234375,-0.00213623046875,-0.00026702880859375,0.00030517578125,-0.0025177001953125,-0.0016021728515625,0.000152587890625,-0.002288818359375,-0.00049591064453125,-0.00026702880859375,-0.0049591064453125,-0.0014495849609375,0.0014495849609375,-0.0011444091796875,0.0787353515625,0.163421630859375,0.076904296875,0.066375732421875,0.109710693359375,0.05615234375,0.18951416015625,0.13885498046875,0.0018310546875,0.0579833984375,0.120697021484375,0.153045654296875,0.19378662109375,0.066375732421875,-0.8929443359375,-4.164276123046875,-3.6509623527526855,1.2499618530273438
1032,0.516,-0.0,-0.0,-0.0,-0.0,-0.0,-0.0,-0.0,-0.0,-0.0,-0.0,-0.0,-0.0,-2.395191192626953,0.9677731990814209,-874.899658203125,240160.421875,6502.33837890625,-1907.5302734375,-0.0,-0.0,-0.0,-0.0,-0.0,-0.0,0.010986328125,0.001983642578125,0.0185394287109375,0.0208282470703125,0.01773834228515625,0.0189971923828125,0.00988006591796875,0.0324249267578125,0.00896453857421875,0.012969970703125,0.02536773681640625,0.0266265869140625,0.01590728759765625,0.0139617919921875,0.00698089599609375,0.0384521484375,0.068511962890625,0.175628662109375,0.070037841796875,0.082550048828125,0.142822265625,0.064239501953125,0.052490234375,0.18890380859375,0.0103759765625,0.03570556640625,0.1031494140625,0.13916015625,-0.97900390625,0.029754638671875,2.978515625,1.6796875,4.982400894165039,1.2499618530273438
1033,0.5165,-0.0,-0.0,-0.0,-0.0,-0.0,-0.0,-0.0,-0.0,-0.0,-0.0,-0.0,-0.0,-1.8419914245605469,0.6599382758140564,-872.7835693359375,239730.75,5995.22802734375,-1951.968505859375,-0.0,-0.0,-0.0,-0.0,-0.0,-0.0,0.004119873046875,0.00537872314453125,0.00202178955078125,0.0008392333984375,0.00186920166015625,0.00274658203125,0.0035858154296875,0.003814697265625,3.814697265625e-05,0.001068115234375,0.0041961669921875,0.00339508056640625,0.0079345703125,-0.00072479248046875,-0.00091552734375,0.00179290771484375,0.074615478515625,0.10772705078125,0.077667236328125,0.078277587890625,0.111083984375,0.0701904296875,0.0555419921875,0.2978515625,0.08697509765625,0.12664794921875,0.0347900390625,0.035400390625,0.285186767578125,0.092315673828125,2.291259765625,4.999847412109375,6.72491455078125,1.2499618530273438
1034,0.517,-0.0,-0.0,-0.0,-0.0,-0.0,-0.0,-0.0,-0.0,-0.0,-0.0,-0.0,-0.0,-1.4405325651168823,0.5747664570808411,-870.2576904296875,239189.890625,5521.8759765625,-1735.9979248046875,-0.0,-0.0,-0.0,-0.0,-0.0,-0.0,-0.0101470947265625,-0.00946044921875,-0.0164794921875,-0.02132415771484375,-0.01617431640625,-0.01956939697265625,-0.011444091796875,-0.03170013427734375,-0.01068115234375,-0.01129150390625,-0.0278472900390625,-0.0249481201171875,-0.0177001953125,-0.015106201171875,-0.0054168701171875,-0.03948211669921875,0.079345703125,0.070953369140625,0.074310302734375,0.0750732421875,-0.0616455078125,0.0836181640625,0.23529052734375,0.14617919921875,0.3570556640625,0.1385498046875,0.05157470703125,0.04058837890625,0.55572509765625,0.005950927734375,-2.8741455078125,-1.912078857421875,4.190349102020264,1.2499618530273438
1035,0.5175,-0.0,-0.0,-0.0,-0.0,-0.0,-0.0,-0.0,-0.0,-0.0,-0.0,-0.0,-0.0,-0.8421586155891418,0.9032279253005981,-868.1631469726562,238559.3125,4740.85498046875,-1557.5330810546875,-0.0,-0.0,-0.0,-0.0,-0.0,-0.0,-0.00095367431640625,-0.00301361083984375,0.0017547607421875,0.00030517578125,-0.00194549560546875,-0.001983642578125,-0.00164031982421875,0.00091552734375,-0.00072479248046875,0.00011444091796875,-0.0009918212890625,-0.003204345703125,-0.00385284423828125,-0.00034332275390625,0.00202178955078125,-0.0020599365234375,0.093994140625,0.1214599609375,0.081329345703125,0.072479248046875,0.0311279296875,0.0762939453125,0.21697998046875,0.11016845703125,0.12725830078125,0.2178955078125,0.090179443359375,0.092620849609375,0.189208984375,0.00946044921875,-1.78985595703125,-4.466552734375,-5.868706703186035,1.2499618530273438
1036,0.518,-0.0,-0.0,-0.0,-0.0,-0.0,-0.0,-0.0,-0.0,-0.0,-0.0,-0.0,-0.0,-0.06719892472028732,0.8841007351875305,-866.3367919921875,238641.78125,4331.873046875,-1535.159912109375,-0.0,-0.0,-0.0,-0.0,-0.0,-0.0,0.00942230224609375,0.00469207763671875,0.017547607421875,0.02346038818359375,0.01453399658203125,0.0203704833984375,0.0109100341796875,0.03124237060546875,0.01129150390625,0.0119781494140625,0.0257110595703125,0.02777099609375,0.0164794921875,0.0162506103515625,0.00682830810546875,0.04001617431640625,0.08941650390625,0.12786865234375,0.0775146484375,0.072479248046875,0.178375244140625,0.07720947265625,0.06683349609375,0.1141357421875,0.05645751953125,0.2392578125,0.02716064453125,0.044403076171875,-1.211395263671875,-0.0885009765625,3.518218994140625,2.2021484375,5.061605930328369,1.2499618530273438
1037,0.5185,-0.0,-0.0,-0.0,-0.0,-0.0,-0.0,-0.0,-0.0,-0.0,-0.0,-0.0,-0.0,0.4442063271999359,1.7886765003204346,-864.76318359375,238821.890625,3748.768310546875,-1467.4906005859375,-0.0,-0.0,-0.0,-0.0,-0.0,-0.0,0.0008392333984375,0.0041961669921875,0.0016021728515625,0.00316619873046875,0.00087738037109375,0.00118255615234375,0.00392913818359375,0.00308990478515625,-0.00030517578125,-0.0003814697265625,0.00308990478515625,0.00270843505859375,0.00568389892578125,0.00293731689453125,-0.00118255615234375,0.00308990478515625,0.05584716796875,0.01495361328125,0.07171630859375,0.076904296875,0.168304443359375,0.08880615234375,0.21942138671875,0.12359619140625,0.20904541015625,-0.01922607421875,0.086517333984375,0.044097900390625,0.00946044921875,0.200347900390625,1.82464599609375,4.62493896484375,7.754581928253174,1.2499618530273438
1038,0.519,-0.0,-0.0,-0.0,-0.0,-0.0,-0.0,-0.0,-0.0,-0.0,-0.0,-0.0,-0.0,0.7319856286048889,2.6274490356445312,-866.420654296875,239073.5,3212.707275390625,-1237.2449951171875,-0.0,-0.0,-0.0,-0.0,-0.0,-0.0,-0.008087158203125,-0.00560760498046875,-0.01739501953125,-0.02197265625,-0.01598358154296875,-0.018157958984375,-0.01110076904296875,-0.0301361083984375,-0.00980377197265625,-0.0115203857421875,-0.0250244140625,-0.0243377685546875,-0.0177001953125,-0.0146484375,-0.00606536865234375,-0.039825439453125,0.075836181640625,0.0341796875,0.067596435546875,0.07781982421875,0.084381103515625,0.07659912109375,0.0079345703125,0.1019287109375,0.23712158203125,-0.0762939453125,0.08026123046875,0.07843017578125,0.91278076171875,0.14068603515625,-2.57049560546875,-1.820526123046875,-3.7301673889160156,1.2499618530273438
1039,0.5195,-0.0,-0.0,-0.0,-0.0,-0.0,-0.0,-0.0,-0.0,-0.0,-0.0,-0.0,-0.0,0.9537809491157532,3.4445457458496094,-866.6818237304688,239457.765625,2527.0205078125,-1214.67236328125,-0.0,-0.0,-0.0,-0.0,-0.0,-0.0,-0.003509521484375,-0.00141143798828125,-0.00057220458984375,-0.0012969970703125,-0.00019073486328125,-0.0019073486328125,-0.001678466796875,-0.001678466796875,-7.62939453125e-05,0.00030517578125,-0.0028228759765625,0.00011444091796875,-0.00774383544921875,-0.000457763671875,0.00133514404296875,-0.00186920166015625,0.0787353515625,0.07293701171875,0.071258544921875,0.081329345703125,0.058441162109375,0.07171630859375,0.1507568359375,0.22064208984375,0.16998291015625,0.26580810546875,0.2081298828125,0.093536376953125,0.2496337890625,0.035552978515625,-0.839385986328125,-4.68963623046875,-6.185527801513672,1.2499618530273438
1040,0.52,-0.0,-0.0,-0.0,-0.0,-0.0,-0.0,-0.0,-0.0,-0.0,-0.0,-0.0,-0.0,1.641173243522644,4.018660545349121,-867.5547485351562,239987.515625,1983.599365234375,-1021.2293701171875,-0.0,-0.0,-0.0,-0.0,-0.0,-0.0,0.0089263916015625,0.0078582763671875,0.0180816650390625,0.0222015380859375,0.01712799072265625,0.01903533935546875,0.0150299072265625,0.03124237060546875,0.01079559326171875,0.01148223876953125,0.02674102783203125,0.0278472900390625,0.02132415771484375,0.013427734375,0.0086212158203125,0.03826141357421875,0.077056884765625,0.08331298828125,0.080413818359375,0.075225830078125,0.06805419921875,0.067291259765625,0.10467529296875,0.19866943359375,0.0128173828125,0.4949951171875,0.049896240234375,0.16082763671875,-0.72113037109375,-0.01922607421875,3.5052490234375,3.946380615234375,6.64570951461792,1.2499618530273438
1041,0.5205,-0.0,-0.0,-0.0,-0.0,-0.0,-0.0,-0.0,-0.0,-0.0,-0.0,-0.0,-0.0,2.151395797729492,4.946014404296875,-868.9512329101562,240564.453125,1517.490234375,-775.876953125,-0.0,-0.0,-0.0,-0.0,-0.0,-0.0,0.0029754638671875,0.000457763671875,0.00034332275390625,0.00125885009765625,0.00080108642578125,0.00377655029296875,0.0014495849609375,0.0017547607421875,-0.0009918212890625,-0.000152587890625,0.00335693359375,-0.00072479248046875,0.0045013427734375,0.00102996826171875,0.0003814697265625,0.003204345703125,0.078125,0.076751708984375,0.073699951171875,0.068511962890625,0.111083984375,0.0714111328125,-0.14892578125,-0.0640869140625,0.44403076171875,0.263671875,-0.001678466796875,0.110321044921875,-0.20416259765625,-0.031280517578125,1.295623779296875,3.954620361328125,7.0417351722717285,1.2499618530273438
1042,0.521,-0.0,-0.0,-0.0,-0.0,-0.0,-0.0,-0.0,-0.0,-0.0,-0.0,-0.0,-0.0,2.750546455383301,5.785325527191162,-871.6580200195312,241229.421875,1260.5372314453125,-693.764892578125,-0.0,-0.0,-0.0,-0.0,-0.0,-0.0,-0.01102447509765625,-0.00576019287109375,-0.01678466796875,-0.0212860107421875,-0.01476287841796875,-0.019378662109375,-0.011138916015625,-0.032196044921875,-0.012359619140625,-0.010528564453125,-0.0263214111328125,-0.02391815185546875,-0.02094268798828125,-0.0140380859375,-0.006866455078125,-0.03887176513671875,0.073699951171875,0.08575439453125,0.080108642578125,0.07598876953125,0.0555419921875,0.08697509765625,0.17974853515625,0.13641357421875,0.4852294921875,-0.3009033203125,0.0421142578125,-0.025787353515625,0.89263916015625,0.189971923828125,-2.66754150390625,-2.4200439453125,-4.522219181060791,1.2499618530273438
1043,0.5215,-0.0,-0.0,-0.0,-0.0,-0.0,-0.0,-0.0,-0.0,-0.0,-0.0,-0.0,-0.0,2.860753059387207,6.270163536071777,-873.6640014648438,242161.46875,874.7847900390625,-478.583740234375,-0.0,-0.0,-0.0,-0.0,-0.0,-0.0,-0.001983642578125,-0.0017547607421875,-0.00030517578125,-0.0009918212890625,-0.0019073486328125,-0.00278472900390625,0.0006866455078125,0.00072479248046875,-0.00030517578125,-0.00202178955078125,-3.814697265625e-05,0.00164031982421875,-0.0043487548828125,0.000152587890625,-0.0017547607421875,-0.00179290771484375,0.0885009765625,0.0750732421875,0.084228515625,0.065765380859375,0.05584716796875,0.076751708984375,0.1361083984375,0.0714111328125,-0.3179931640625,0.07598876953125,0.07720947265625,0.018463134765625,0.0909423828125,0.284271240234375,-0.59814453125,-3.79791259765625,-5.710296630859375,1.2499618530273438
1044,0.522,-0.0,-0.0,-0.0,-0.0,-0.0,-0.0,-0.0,-0.0,-0.0,-0.0,-0.0,-0.0,2.7709884643554688,6.249002933502197,-877.849609375,243138.09375,565.0971069335938,-262.7637023925781,-0.0,-0.0,-0.0,-0.0,-0.0,-0.0,0.0101470947265625,0.00530242919921875,0.018310546875,0.02124786376953125,0.01781463623046875,0.0200653076171875,0.01224517822265625,0.03200531005859375,0.01216888427734375,0.01194000244140625,0.0266265869140625,0.02689361572265625,0.01903533935546875,0.01575469970703125,0.00904083251953125,0.038604736328125,0.033721923828125,0.074462890625,0.083770751953125,0.091094970703125,0.059051513671875,0.0848388671875,-0.057373046875,0.2008056640625,0.150146484375,0.30670166015625,0.084991455078125,0.089263916015625,-0.89630126953125,0.126190185546875,4.64019775390625,3.06396484375,3.9527337551116943,1.2499618530273438
1045,0.5225,-0.0,-0.0,-0.0,-0.0,-0.0,-0.0,-0.0,-0.0,-0.0,-0.0,-0.0,-0.0,2.6613235473632812,5.873961925506592,-879.8576049804688,243821.078125,749.8893432617188,-329.85723876953125,-0.0,-0.0,-0.0,-0.0,-0.0,-0.0,0.00164031982421875,0.00152587890625,0.00141143798828125,0.00415802001953125,0.00118255615234375,0.00133514404296875,0.00110626220703125,0.0025177001953125,0.00164031982421875,0.00118255615234375,0.0019073486328125,-0.00095367431640625,0.00759124755859375,0.00080108642578125,0.00141143798828125,0.0022125244140625,0.138397216796875,0.0946044921875,0.03448486328125,0.0726318359375,0.06927490234375,0.0775146484375,0.147705078125,0.03387451171875,0.0653076171875,0.145263671875,0.091705322265625,0.116119384765625,-0.08148193359375,0.067138671875,1.12762451171875,4.857025146484375,7.912992000579834,1.2499618530273438
1046,0.523,-0.0,-0.0,-0.0,-0.0,-0.0,-0.0,-0.0,-0.0,-0.0,-0.0,-0.0,-0.0,2.2846477031707764,4.482668876647949,-883.26220703125,244445.703125,364.0921630859375,-376.4910888671875,-0.0,-0.0,-0.0,-0.0,-0.0,-0.0,-0.00957489013671875,-0.00545501708984375,-0.016937255859375,-0.02079010009765625,-0.01567840576171875,-0.0214385986328125,-0.01026153564453125,-0.03246307373046875,-0.00743865966796875,-0.01392364501953125,-0.0254058837890625,-0.02803802490234375,-0.01590728759765625,-0.013885498046875,-0.00667572021484375,-0.03749847412109375,0.05615234375,0.046234130859375,0.07293701171875,0.092620849609375,0.079803466796875,0.060577392578125,0.23712158203125,0.089111328125,-0.11199951171875,0.14129638671875,0.0933837890625,0.10498046875,0.808258056640625,0.095672607421875,-2.72613525390625,-1.324920654296875,-3.492551803588867,1.2499618530273438
1047,0.5235,-0.0,-0.0,-0.0,-0.0,-0.0,-0.0,-0.0,-0.0,-0.0,-0.0,-0.0,-0.0,1.8846843242645264,3.8211669921875,-886.32470703125,244632.703125,431.4183349609375,-338.544677734375,-0.0,-0.0,-0.0,-0.0,-0.0,-0.0,-0.00274658203125,-0.00385284423828125,-0.00041961669921875,0.00102996826171875,-0.0009918212890625,-0.00202178955078125,-0.00087738037109375,-0.0008392333984375,0.0005340576171875,-0.00030517578125,-0.00202178955078125,-0.0009918212890625,-0.00484466552734375,0.00034332275390625,0.00087738037109375,-0.0017547607421875,0.030670166015625,0.052032470703125,0.0653076171875,0.077667236328125,0.089874267578125,0.091705322265625,0.20294189453125,0.045166015625,0.28350830078125,0.15625,0.0933837890625,0.092315673828125,0.299072265625,-0.025177001953125,-0.4339599609375,-2.748870849609375,-15.927762985229492,1.2499618530273438
1048,0.524,-0.0,-0.0,-0.0,-0.0,-0.0,-0.0,-0.0,-0.0,-0.0,-0.0,-0.0,-0.0,0.8437093496322632,2.6515560150146484,-886.666748046875,244927.9375,562.7280883789062,-429.1750183105469,-0.0,-0.0,-0.0,-0.0,-0.0,-0.0,0.00789642333984375,0.00606536865234375,0.0162506103515625,0.0232696533203125,0.01766204833984375,0.0189208984375,0.01270294189453125,0.03002166748046875,0.00926971435546875,0.0118255615234375,0.02651214599609375,0.026397705078125,0.01483917236328125,0.0162506103515625,0.00438690185546875,0.04001617431640625,0.0506591796875,0.127716064453125,0.066375732421875,0.07232666015625,0.09368896484375,0.08209228515625,0.2276611328125,0.584716796875,0.05523681640625,0.5328369140625,0.08941650390625,-0.012359619140625,-0.8551025390625,0.0457763671875,2.46856689453125,2.6824951171875,6.566504001617432,1.2499618530273438
1049,0.5245,-0.0,-0.0,-0.0,-0.0,-0.0,-0.0,-0.0,-0.0,-0.0,-0.0,-0.0,-0.0,0.1557474434375763,1.8351818323135376,-889.37451171875,245340.265625,905.4752197265625,-488.54296875,-0.0,-0.0,-0.0,-0.0,-0.0,-0.0,0.00179290771484375,0.00446319580078125,0.0005340576171875,0.0003814697265625,0.002899169921875,0.0019073486328125,0.00057220458984375,0.0005340576171875,-0.0008392333984375,0.0011444091796875,0.0014495849609375,-0.0022125244140625,-0.00080108642578125,-0.0006866455078125,0.00164031982421875,0.001678466796875,0.0714111328125,0.1019287109375,0.079193115234375,0.0750732421875,0.0628662109375,0.080108642578125,0.09368896484375,0.2386474609375,0.4071044921875,0.29083251953125,0.086212158203125,0.01434326171875,0.44677734375,-0.0860595703125,-0.66192626953125,2.103729248046875,7.200145721435547,1.2499618530273438
1050,0.525,-0.0,-0.0,-0.0,-0.0,-0.0,-0.0,-0.0,-0.0,-0.0,-0.0,-0.0,-0.0,-0.19902071356773376,1.5037727355957031,-890.157470703125,245375.375,1045.1873779296875,-674.8099365234375,-0.0,-0.0,-0.0,-0.0,-0.0,-0.0,-0.00774383544921875,-0.00911712646484375,-0.0170135498046875,-0.021209716796875,-0.01678466796875,-0.0183868408203125,-0.0115203857421875,-0.0307464599609375,-0.00980377197265625,-0.011138916015625,-0.02410888671875,-0.02338409423828125,-0.01102447509765625,-0.01689910888671875,-0.0048828125,-0.0380706787109375,0.094146728515625,0.076904296875,0.081939697265625,0.074005126953125,0.15350341796875,0.0823974609375,0.13458251953125,0.06134033203125,0.41412353515625,-0.02777099609375,0.08453369140625,0.09185791015625,0.70281982421875,0.19256591796875,-1.2811279296875,0.56304931640625,-2.9381158351898193,1.2499618530273438
1051,0.5255,-0.0,-0.0,-0.0,-0.0,-0.0,-0.0,-0.0,-0.0,-0.0,-0.0,-0.0,-0.0,-0.1343410611152649,0.6233289837837219,-890.1771240234375,245162.015625,1265.7764892578125,-541.0928344726562,-0.0,-0.0,-0.0,-0.0,-0.0,-0.0,-0.00148773193359375,-0.0038909912109375,-0.00263214111328125,-0.00171661376953125,0.00030517578125,-0.00194549560546875,-0.00133514404296875,-0.00217437744140625,7.62939453125e-05,-0.0023651123046875,-0.00213623046875,0.00530242919921875,-0.0038909912109375,-0.001068115234375,0.00118255615234375,0.0003814697265625,0.100555419921875,0.047607421875,0.078887939453125,0.0738525390625,-0.062713623046875,0.073089599609375,0.1141357421875,0.0830078125,-0.60272216796875,0.0811767578125,0.09124755859375,0.128173828125,-0.1861572265625,-0.08148193359375,1.84967041015625,-2.653656005859375,-7.928041458129883,1.2499618530273438
1052,0.526,-0.0,-0.0,-0.0,-0.0,-0.0,-0.0,-0.0,-0.0,-0.0,-0.0,-0.0,-0.0,0.13449102640151978,0.26780223846435547,-887.6503295898438,244251.734375,1047.31103515625,-496.9472351074219,-0.0,-0.0,-0.0,-0.0,-0.0,-0.0,0.01026153564453125,0.005035400390625,0.01651763916015625,0.023193359375,0.015411376953125,0.02117156982421875,0.01094818115234375,0.030975341796875,0.0104522705078125,0.0115203857421875,0.02490997314453125,0.02628326416015625,0.01369476318359375,0.01560211181640625,0.005340576171875,0.03993988037109375,0.06134033203125,0.088653564453125,0.06866455078125,0.082550048828125,0.1141357421875,0.06927490234375,0.11688232421875,0.213623046875,0.59234619140625,0.30029296875,0.09552001953125,0.131072998046875,-0.9014892578125,-0.154571533203125,3.238067626953125,1.48681640625,6.566504001617432,1.2499618530273438
1053,0.5265,-0.0,-0.0,-0.0,-0.0,-0.0,-0.0,-0.0,-0.0,-0.0,-0.0,-0.0,-0.0,0.6912806630134583,0.0669923722743988,-885.0875244140625,243801.078125,886.9044189453125,-481.2796936035156,-0.0,-0.0,-0.0,-0.0,-0.0,-0.0,0.00110626220703125,0.002593994140625,0.0002288818359375,0.00217437744140625,0.0006866455078125,3.814697265625e-05,0.00110626220703125,0.0030517578125,-0.00026702880859375,0.00263214111328125,0.0022125244140625,-0.0016021728515625,-0.00133514404296875,0.0012969970703125,0.002899169921875,0.0011444091796875,0.06622314453125,-0.078582763671875,0.074462890625,0.071868896484375,0.10040283203125,0.0897216796875,0.2130126953125,0.01190185546875,-0.333251953125,0.1422119140625,0.080718994140625,0.06683349609375,0.33782958984375,0.198822021484375,0.05828857421875,1.020355224609375,6.80411958694458,1.2499618530273438
1054,0.527,-0.0,-0.0,-0.0,-0.0,-0.0,-0.0,-0.0,-0.0,-0.0,-0.0,-0.0,-0.0,1.2665685415267944,0.6427614092826843,-883.8709106445312,243340.5625,541.23779296875,-481.79248046875,-0.0,-0.0,-0.0,-0.0,-0.0,-0.0,-0.008697509765625,-0.00335693359375,-0.0174713134765625,-0.02109527587890625,-0.01621246337890625,-0.01750946044921875,-0.009765625,-0.03093719482421875,-0.010223388671875,-0.010833740234375,-0.0252532958984375,-0.0226593017578125,-0.01384735107421875,-0.01434326171875,-0.00728607177734375,-0.0380706787109375,0.20172119140625,0.118255615234375,0.073394775390625,0.0836181640625,0.217437744140625,0.06927490234375,0.1666259765625,0.1116943359375,0.75958251953125,0.15289306640625,0.05889892578125,0.045623779296875,1.006927490234375,0.408935546875,-2.1337890625,-0.72601318359375,-4.126193046569824,1.2499618530273438
1055,0.5275,-0.0,-0.0,-0.0,-0.0,-0.0,-0.0,-0.0,-0.0,-0.0,-0.0,-0.0,-0.0,2.086479902267456,0.996272087097168,-883.1022338867188,243106.796875,237.2976531982422,-354.23150634765625,-0.0,-0.0,-0.0,-0.0,-0.0,-0.0,0.000457763671875,-0.00560760498046875,-0.00133514404296875,-3.814697265625e-05,-0.00080108642578125,-0.0003814697265625,-0.00019073486328125,-0.00186920166015625,-0.000762939453125,-0.00270843505859375,-0.0014495849609375,0.00179290771484375,-0.00110626220703125,-0.00072479248046875,-0.00064849853515625,-3.814697265625e-05,-0.002288818359375,-0.2618408203125,0.0762939453125,0.08270263671875,0.145416259765625,0.090789794921875,0.23284912109375,0.20111083984375,0.09674072265625,0.15289306640625,0.076904296875,0.053863525390625,-0.2520751953125,-0.037841796875,-0.07568359375,-1.88995361328125,-5.868706703186035,1.2499618530273438
1056,0.528,-0.0,-0.0,-0.0,-0.0,-0.0,-0.0,-0.0,-0.0,-0.0,-0.0,-0.0,-0.0,2.391469955444336,1.4094420671463013,-883.437255859375,242751.46875,7.597927570343018,-234.0091552734375,-0.0,-0.0,-0.0,-0.0,-0.0,-0.0,0.00972747802734375,0.00728607177734375,0.01743316650390625,0.022430419921875,0.016021728515625,0.01834869384765625,0.01049041748046875,0.030670166015625,0.0119781494140625,0.0118255615234375,0.02582550048828125,0.02368927001953125,0.0171661376953125,0.01514434814453125,0.00820159912109375,0.0397491455078125,0.0701904296875,0.069427490234375,0.083465576171875,0.076446533203125,0.088348388671875,0.073699951171875,0.09765625,-0.09002685546875,0.1318359375,0.14556884765625,0.086822509765625,0.127410888671875,-0.659637451171875,-0.155487060546875,2.646331787109375,1.84844970703125,7.5961713790893555,1.2499618530273438
1057,0.5285,-0.0,-0.0,-0.0,-0.0,-0.0,-0.0,-0.0,-0.0,-0.0,-0.0,-0.0,-0.0,2.4839019775390625,2.317476272583008,-881.7747192382812,242420.25,-248.21307373046875,-285.893798828125,-0.0,-0.0,-0.0,-0.0,-0.0,-0.0,0.0020599365234375,0.00640869140625,0.00019073486328125,0.00217437744140625,0.00274658203125,0.0012969970703125,0.00152587890625,0.00141143798828125,0.00179290771484375,-0.0003814697265625,0.00507354736328125,-0.0016021728515625,0.00095367431640625,0.00049591064453125,0.00026702880859375,0.001983642578125,0.0799560546875,0.0567626953125,0.0823974609375,0.07354736328125,0.0640869140625,0.07598876953125,0.08270263671875,0.3759765625,0.06195068359375,0.21484375,0.093231201171875,0.114593505859375,0.3289794921875,0.10345458984375,0.597686767578125,2.7569580078125,4.5863752365112305,1.2499618530273438
1058,0.529,-0.0,-0.0,-0.0,-0.0,-0.0,-0.0,-0.0,-0.0,-0.0,-0.0,-0.0,-0.0,2.593743085861206,2.7842185497283936,-882.8380737304688,242030.6875,-576.9479370117188,-442.4087219238281,-0.0,-0.0,-0.0,-0.0,-0.0,-0.0,-0.00942230224609375,-0.00850677490234375,-0.0165557861328125,-0.02166748046875,-0.0138092041015625,-0.01934051513671875,-0.01209259033203125,-0.03047943115234375,-0.01140594482421875,-0.011138916015625,-0.02471923828125,-0.0225067138671875,-0.0152587890625,-0.01491546630859375,-0.0061798095703125,-0.03932952880859375,0.081787109375,0.058441162109375,0.051116943359375,0.081634521484375,0.1165771484375,0.05157470703125,0.08148193359375,0.234375,-0.10101318359375,0.1275634765625,0.123138427734375,0.03021240234375,0.496063232421875,0.24993896484375,-0.842742919921875,-1.51214599609375,-3.809372663497925,1.2499618530273438
1059,0.5295,-0.0,-0.0,-0.0,-0.0,-0.0,-0.0,-0.0,-0.0,-0.0,-0.0,-0.0,-0.0,3.176941394805908,2.333916664123535,-881.8085327148438,242007.8125,-757.9906005859375,-346.0700988769531,-0.0,-0.0,-0.0,-0.0,-0.0,-0.0,-7.62939453125e-05,-0.0030517578125,0.00072479248046875,-0.00133514404296875,-0.0002288818359375,-0.0006103515625,0.002288818359375,-0.00110626220703125,-0.0020599365234375,-0.00091552734375,-0.001373291015625,0.0022125244140625,-0.00164031982421875,-0.0009918212890625,-0.0006103515625,-0.00152587890625,0.070343017578125,0.0994873046875,0.068359375,0.076446533203125,0.05615234375,0.087890625,0.38421630859375,0.16510009765625,0.18646240234375,0.24078369140625,0.0115966796875,0.0177001953125,0.0732421875,-0.028228759765625,0.52276611328125,-2.400970458984375,-6.6607584953308105,1.2499618530273438
1060,0.53,-0.0,-0.0,-0.0,-0.0,-0.0,-0.0,-0.0,-0.0,-0.0,-0.0,-0.0,-0.0,3.235581398010254,2.3334689140319824,-879.3662109375,241214.046875,-1387.29736328125,-68.89644622802734,-0.0,-0.0,-0.0,-0.0,-0.0,-0.0,0.0099945068359375,0.00667572021484375,0.0164794921875,0.02429962158203125,0.0156402587890625,0.0212860107421875,0.01102447509765625,0.03124237060546875,0.011444091796875,0.0095367431640625,0.0257110595703125,0.024871826171875,0.01796722412109375,0.01560211181640625,0.0042724609375,0.0405120849609375,0.080108642578125,0.08087158203125,0.08819580078125,0.072479248046875,-0.062103271484375,0.097808837890625,0.2880859375,0.166015625,0.12603759765625,0.1141357421875,0.0604248046875,0.052642822265625,-0.7318115234375,-0.088653564453125,3.293609619140625,2.77923583984375,12.506892204284668,1.2499618530273438
1061,0.5305,-0.0,-0.0,-0.0,-0.0,-0.0,-0.0,-0.0,-0.0,-0.0,-0.0,-0.0,-0.0,3.4547629356384277,1.8130625486373901,-877.6847534179688,240430.296875,-1744.90869140625,-161.0635986328125,-0.0,-0.0,-0.0,-0.0,-0.0,-0.0,0.00087738037109375,0.00537872314453125,-0.00011444091796875,0.0026702880859375,0.0008392333984375,0.00141143798828125,0.00118255615234375,0.0019073486328125,0.00041961669921875,0.0006103515625,0.0042724609375,-0.00274658203125,0.002593994140625,0.00034332275390625,0.00247955322265625,0.00102996826171875,0.086669921875,-0.00091552734375,0.079498291015625,0.07965087890625,0.004730224609375,0.083465576171875,0.1654052734375,0.1361083984375,0.06500244140625,0.13580322265625,0.02899169921875,0.09368896484375,0.38055419921875,0.11444091796875,-0.06744384765625,3.71826171875,7.358555793762207,1.2499618530273438
1062,0.531,-0.0,-0.0,-0.0,-0.0,-0.0,-0.0,-0.0,-0.0,-0.0,-0.0,-0.0,-0.0,4.216324806213379,1.2522064447402954,-876.1036376953125,239935.859375,-1552.9466552734375,27.706745147705078,-0.0,-0.0,-0.0,-0.0,-0.0,-0.0,-0.01064300537109375,-0.00751495361328125,-0.01850128173828125,-0.02040863037109375,-0.0164031982421875,-0.020904541015625,-0.009307861328125,-0.03070831298828125,-0.0078582763671875,-0.011444091796875,-0.0263214111328125,-0.02407073974609375,-0.01819610595703125,-0.013427734375,-0.008087158203125,-0.03826141357421875,0.079803466796875,0.10101318359375,0.070343017578125,0.077362060546875,0.070037841796875,0.07293701171875,0.32806396484375,0.1483154296875,-0.2557373046875,0.2093505859375,0.0738525390625,0.152740478515625,0.53436279296875,-0.06378173828125,-3.122711181640625,-2.03155517578125,-4.046988010406494,1.2499618530273438
1063,0.5315,-0.0,-0.0,-0.0,-0.0,-0.0,-0.0,-0.0,-0.0,-0.0,-0.0,-0.0,-0.0,4.388471603393555,1.0805904865264893,-874.4395751953125,239229.640625,-1844.906494140625,-0.23223459720611572,-0.0,-0.0,-0.0,-0.0,-0.0,-0.0,0.000762939453125,-0.00091552734375,-0.00041961669921875,-0.00019073486328125,-0.000457763671875,-0.00278472900390625,0.00110626220703125,-0.00091552734375,0.0003814697265625,-0.000457763671875,0.00041961669921875,0.00354766845703125,-0.00362396240234375,-0.00049591064453125,-0.00072479248046875,-0.001373291015625,0.111846923828125,0.087890625,0.0701904296875,0.066375732421875,0.091094970703125,0.079803466796875,0.0823974609375,0.106201171875,-0.58563232421875,0.2105712890625,0.091094970703125,0.126800537109375,0.198974609375,0.022125244140625,-0.43731689453125,-2.82073974609375,-5.551886081695557,1.2499618530273438
1064,0.532,-0.0,-0.0,-0.0,-0.0,-0.0,-0.0,-0.0,-0.0,-0.0,-0.0,-0.0,-0.0,4.884687423706055,1.1481819152832031,-873.2061767578125,238595.75,-2084.975341796875,113.60281372070312,-0.0,-0.0,-0.0,-0.0,-0.0,-0.0,0.0096893310546875,0.0057220458984375,0.0176239013671875,0.02368927001953125,0.016021728515625,0.02193450927734375,0.0106048583984375,0.03292083740234375,0.009002685546875,0.01361846923828125,0.024566650390625,0.02620697021484375,0.01697540283203125,0.016937255859375,0.00743865966796875,0.03910064697265625,0.059356689453125,0.03570556640625,0.097808837890625,0.091705322265625,0.087432861328125,0.084228515625,0.20477294921875,0.15869140625,0.80078125,-0.062255859375,0.07293701171875,0.008697509765625,-0.65887451171875,-0.042724609375,2.9962158203125,3.150482177734375,5.2200164794921875,1.2499618530273438
1065,0.5325,-0.0,-0.0,-0.0,-0.0,-0.0,-0.0,-0.0,-0.0,-0.0,-0.0,-0.0,-0.0,5.130334854125977,0.6859440207481384,-872.6114501953125,238035.296875,-2077.600830078125,254.9925994873047,-0.0,-0.0,-0.0,-0.0,-0.0,-0.0,0.00164031982421875,0.00514984130859375,0.00019073486328125,0.000152587890625,0.00041961669921875,0.0006866455078125,0.0018310546875,0.00171661376953125,-0.0003814697265625,-0.001220703125,0.00217437744140625,0.00293731689453125,0.003662109375,-0.00019073486328125,-0.001068115234375,0.0023651123046875,0.06378173828125,0.0189208984375,0.06103515625,0.069122314453125,0.054779052734375,0.07476806640625,0.01220703125,0.035400390625,0.0762939453125,0.10406494140625,0.0836181640625,0.02197265625,0.172882080078125,0.149383544921875,2.0404052734375,2.94952392578125,8.784249305725098,1.2499618530273438
1066,0.533,-0.0,-0.0,-0.0,-0.0,-0.0,-0.0,-0.0,-0.0,-0.0,-0.0,-0.0,-0.0,5.213291168212891,0.5299301147460938,-870.1670532226562,237479.015625,-2251.875732421875,389.4748229980469,-0.0,-0.0,-0.0,-0.0,-0.0,-0.0,-0.010986328125,-0.00965118408203125,-0.0159454345703125,-0.02185821533203125,-0.0139617919921875,-0.02201080322265625,-0.0110626220703125,-0.03185272216796875,-0.00919342041015625,-0.010528564453125,-0.0267791748046875,-0.02422332763671875,-0.0171661376953125,-0.01422882080078125,-0.005950927734375,-0.0391387939453125,0.0799560546875,0.03753662109375,0.08544921875,0.07720947265625,0.151519775390625,0.08514404296875,0.09307861328125,0.21484375,0.2197265625,0.1922607421875,0.085906982421875,0.10589599609375,0.444183349609375,0.134735107421875,-2.28179931640625,-2.613525390625,-4.522219181060791,1.2499618530273438
1067,0.5335,-0.0,-0.0,-0.0,-0.0,-0.0,-0.0,-0.0,-0.0,-0.0,-0.0,-0.0,-0.0,5.370151042938232,0.12934762239456177,-868.3648681640625,236799.78125,-2391.099853515625,357.71478271484375,-0.0,-0.0,-0.0,-0.0,-0.0,-0.0,-0.0028228759765625,-0.0040435791015625,-0.00049591064453125,-0.0003814697265625,-0.0005340576171875,-0.0019073486328125,-3.814697265625e-05,-0.00141143798828125,0.00091552734375,0.00148773193359375,-0.0023651123046875,0.0011444091796875,-0.00347137451171875,0.00080108642578125,0.00057220458984375,-0.00125885009765625,0.081787109375,0.158843994140625,0.07904052734375,0.078125,0.09613037109375,0.081634521484375,0.13824462890625,0.08941650390625,0.064697265625,0.3131103515625,0.082244873046875,0.1092529296875,-0.19287109375,-0.0250244140625,0.181121826171875,-1.9244384765625,-6.264732837677002,1.2499618530273438
1068,0.534,-0.0,-0.0,-0.0,-0.0,-0.0,-0.0,-0.0,-0.0,-0.0,-0.0,-0.0,-0.0,5.725144386291504,-0.3328484296798706,-866.1383666992188,235959.921875,-2340.786376953125,462.6767272949219,-0.0,-0.0,-0.0,-0.0,-0.0,-0.0,0.010528564453125,0.00705718994140625,0.0185394287109375,0.02048492431640625,0.01800537109375,0.01953125,0.01201629638671875,0.03326416015625,0.00946044921875,0.01220703125,0.0269317626953125,0.0260162353515625,0.02033233642578125,0.01430511474609375,0.0077056884765625,0.037994384765625,0.155792236328125,0.124664306640625,0.059814453125,0.08758544921875,0.0677490234375,0.08514404296875,0.0653076171875,0.0958251953125,0.16937255859375,0.1434326171875,0.077362060546875,0.10955810546875,-0.583953857421875,0.21759033203125,3.238525390625,3.802642822265625,6.012068271636963,1.2499618530273438
1069,0.5345,-0.0,-0.0,-0.0,-0.0,-0.0,-0.0,-0.0,-0.0,-0.0,-0.0,-0.0,-0.0,5.329478740692139,-0.9103986024856567,-865.7080078125,235590.609375,-2201.604248046875,343.5533142089844,-0.0,-0.0,-0.0,-0.0,-0.0,-0.0,0.0012969970703125,0.00217437744140625,0.00049591064453125,-3.814697265625e-05,0.00156402587890625,0.00537872314453125,-0.0003814697265625,0.001068115234375,0.0011444091796875,0.0016021728515625,0.00247955322265625,-0.0022125244140625,0.0,-0.0008392333984375,-0.000457763671875,0.00255584716796875,0.0152587890625,0.19622802734375,0.070037841796875,0.069122314453125,0.067596435546875,0.07110595703125,0.25848388671875,0.081787109375,0.74249267578125,-0.0482177734375,0.078887939453125,0.14129638671875,0.27374267578125,0.22003173828125,0.288543701171875,1.825408935546875,7.437760829925537,1.2499618530273438
1070,0.535,-0.0,-0.0,-0.0,-0.0,-0.0,-0.0,-0.0,-0.0,-0.0,-0.0,-0.0,-0.0,4.858665466308594,-1.0598602294921875,-864.5797729492188,235293.234375,-1950.37646484375,204.00369262695312,-0.0,-0.0,-0.0,-0.0,-0.0,-0.0,-0.0092315673828125,-0.00743865966796875,-0.01605987548828125,-0.02216339111328125,-0.0160980224609375,-0.02017974853515625,-0.0115966796875,-0.030364990234375,-0.01033782958984375,-0.0107574462890625,-0.0267791748046875,-0.02445220947265625,-0.0157928466796875,-0.01285552978515625,-0.00812530517578125,-0.03910064697265625,0.09918212890625,-0.167999267578125,0.075531005859375,0.070648193359375,0.137786865234375,0.07904052734375,0.09246826171875,0.211181640625,0.0189208984375,0.2484130859375,0.07720947265625,0.118408203125,0.82275390625,0.0946044921875,-2.038726806640625,-1.832733154296875,-3.413346767425537,1.2499618530273438
1071,0.5355,-0.0,-0.0,-0.0,-0.0,-0.0,-0.0,-0.0,-0.0,-0.0,-0.0,-0.0,-0.0,4.374480724334717,-1.0525927543640137,-863.480712890625,234844.875,-2196.574951171875,-33.626060485839844,-0.0,-0.0,-0.0,-0.0,-0.0,-0.0,0.0006866455078125,-0.00347137451171875,-0.00141143798828125,-3.814697265625e-05,-0.00072479248046875,-3.814697265625e-05,-0.0008392333984375,-0.001220703125,-0.00118255615234375,0.00087738037109375,0.00064849853515625,0.00133514404296875,-0.0037384033203125,-0.00034332275390625,0.000152587890625,-0.000762939453125,0.076751708984375,0.055999755859375,0.0799560546875,0.076446533203125,-0.021209716796875,0.06805419921875,0.16326904296875,0.28167724609375,0.11383056640625,0.27587890625,0.054168701171875,-0.053863525390625,0.030670166015625,0.159454345703125,0.232696533203125,-2.46734619140625,-5.551886081695557,1.2499618530273438
1072,0.536,-0.0,-0.0,-0.0,-0.0,-0.0,-0.0,-0.0,-0.0,-0.0,-0.0,-0.0,-0.0,4.245273113250732,-1.448236346244812,-863.6412353515625,235090.96875,-2261.768798828125,-188.91650390625,-0.0,-0.0,-0.0,-0.0,-0.0,-0.0,0.00949859619140625,0.00514984130859375,0.0182342529296875,0.0225830078125,0.01651763916015625,0.02071380615234375,0.0089263916015625,0.03124237060546875,0.0078582763671875,0.01132965087890625,0.02620697021484375,0.02567291259765625,0.01758575439453125,0.01346588134765625,0.0067901611328125,0.040283203125,0.0433349609375,0.099029541015625,0.074462890625,0.072479248046875,-0.0701904296875,0.0830078125,0.10955810546875,0.12969970703125,0.1617431640625,0.17974853515625,0.073394775390625,-0.039215087890625,-0.819549560546875,-0.07049560546875,4.65606689453125,2.19451904296875,0.4677064120769501,1.2499618530273438
1073,0.5365,-0.0,-0.0,-0.0,-0.0,-0.0,-0.0,-0.0,-0.0,-0.0,-0.0,-0.0,-0.0,4.225315093994141,-1.2086721658706665,-863.402587890625,234624.875,-2527.117431640625,-373.5868835449219,-0.0,-0.0,-0.0,-0.0,-0.0,-0.0,0.00057220458984375,0.0049591064453125,0.00080108642578125,0.0023651123046875,-0.0003814697265625,0.00034332275390625,0.0008392333984375,0.000457763671875,0.00152587890625,0.0025177001953125,0.0006103515625,-0.00461578369140625,0.00213623046875,0.0022125244140625,-0.00011444091796875,0.0014495849609375,0.038604736328125,0.10589599609375,0.07415771484375,0.074005126953125,0.1654052734375,0.063629150390625,0.11474609375,0.0421142578125,0.03631591796875,0.15289306640625,0.067901611328125,0.0445556640625,0.397491455078125,-0.041656494140625,-0.67230224609375,1.77764892578125,9.734711647033691,1.2499618530273438
1074,0.537,-0.0,-0.0,-0.0,-0.0,-0.0,-0.0,-0.0,-0.0,-0.0,-0.0,-0.0,-0.0,4.032340049743652,-0.7948951721191406,-861.896484375,235083.84375,-2810.50439453125,-326.3142395019531,-0.0,-0.0,-0.0,-0.0,-0.0,-0.0,-0.00736236572265625,-0.01087188720703125,-0.01590728759765625,-0.023345947265625,-0.01453399658203125,-0.01819610595703125,-0.01064300537109375,-0.03204345703125,-0.00858306884765625,-0.0127410888671875,-0.02414703369140625,-0.0247955322265625,-0.01827239990234375,-0.0151824951171875,-0.0048828125,-0.03963470458984375,0.0823974609375,0.076904296875,0.07171630859375,0.084991455078125,0.092010498046875,0.065155029296875,0.09979248046875,0.2978515625,0.17730712890625,0.17608642578125,0.0714111328125,0.09246826171875,0.486297607421875,0.15625,-2.5006103515625,-2.6507568359375,-3.334141492843628,1.2499618530273438
1075,0.5375,-0.0,-0.0,-0.0,-0.0,-0.0,-0.0,-0.0,-0.0,-0.0,-0.0,-0.0,-0.0,4.552554130554199,-0.15659618377685547,-864.3087768554688,235197.265625,-3090.438232421875,-389.1676330566406,-0.0,-0.0,-0.0,-0.0,-0.0,-0.0,0.00125885009765625,-0.00286102294921875,-0.00064849853515625,-0.00102996826171875,-0.00102996826171875,7.62939453125e-05,-0.0005340576171875,-0.00064849853515625,-0.00072479248046875,0.0011444091796875,0.00179290771484375,0.00217437744140625,0.00087738037109375,-0.0006103515625,0.00213623046875,-0.0016021728515625,0.0848388671875,0.090179443359375,0.084381103515625,0.073699951171875,0.092926025390625,0.09033203125,0.20294189453125,0.062255859375,0.10284423828125,0.242919921875,0.06744384765625,0.12969970703125,-0.029296875,0.13092041015625,0.687255859375,-0.76629638671875,-6.50234842300415,1.2499618530273438
1076,0.538,-0.0,-0.0,-0.0,-0.0,-0.0,-0.0,-0.0,-0.0,-0.0,-0.0,-0.0,-0.0,4.693202972412109,0.3133416473865509,-866.3240966796875,235832.859375,-3436.6865234375,-243.434814453125,-0.0,-0.0,-0.0,-0.0,-0.0,-0.0,0.008697509765625,0.0078582763671875,0.01811981201171875,0.0244140625,0.01556396484375,0.018768310546875,0.0104522705078125,0.03154754638671875,0.0113677978515625,0.011444091796875,0.02872467041015625,0.0249481201171875,0.01781463623046875,0.01560211181640625,0.007171630859375,0.04108428955078125,0.10894775390625,0.08148193359375,0.075531005859375,0.078887939453125,0.099029541015625,0.084075927734375,0.16845703125,0.07659912109375,-0.59783935546875,0.28656005859375,0.06439208984375,0.136566162109375,-0.859527587890625,-0.136871337890625,3.037261962890625,1.942291259765625,6.883325099945068,1.2499618530273438
1077,0.5385,-0.0,-0.0,-0.0,-0.0,-0.0,-0.0,-0.0,-0.0,-0.0,-0.0,-0.0,-0.0,4.701671600341797,0.5870864987373352,-867.2926025390625,236082.421875,-3689.302734375,-276.86053466796875,-0.0,-0.0,-0.0,-0.0,-0.0,-0.0,0.0025177001953125,0.0069427490234375,0.0012969970703125,0.00064849853515625,0.001068115234375,0.0043487548828125,-0.0009918212890625,0.0018310546875,-0.000762939453125,7.62939453125e-05,0.0012969970703125,-0.00331878662109375,0.0022125244140625,-0.001220703125,0.00087738037109375,0.0023651123046875,0.063323974609375,0.091552734375,0.05859375,0.078887939453125,0.072479248046875,0.074462890625,0.23040771484375,0.24383544921875,0.4998779296875,-0.1104736328125,0.08697509765625,0.11871337890625,0.55145263671875,-0.096893310546875,-0.313568115234375,2.54425048828125,6.566504001617432,1.2499618530273438
1078,0.539,-0.0,-0.0,-0.0,-0.0,-0.0,-0.0,-0.0,-0.0,-0.0,-0.0,-0.0,-0.0,4.6329216957092285,0.8147684335708618,-868.689208984375,236622.046875,-3995.158935546875,-382.130615234375,-0.0,-0.0,-0.0,-0.0,-0.0,-0.0,-0.008544921875,-0.006866455078125,-0.01720428466796875,-0.02277374267578125,-0.0151824951171875,-0.0202178955078125,-0.00888824462890625,-0.03246307373046875,-0.01041412353515625,-0.01190185546875,-0.02498626708984375,-0.0243377685546875,-0.01415252685546875,-0.01544952392578125,-0.0041961669921875,-0.0399017333984375,0.079498291015625,0.142364501953125,0.071563720703125,0.079498291015625,0.059814453125,0.07080078125,0.02349853515625,0.17059326171875,0.32012939453125,-0.02288818359375,0.1214599609375,0.037078857421875,0.72967529296875,0.230865478515625,-2.21771240234375,-0.76324462890625,-3.254936456680298,1.2499618530273438
1079,0.5395,-0.0,-0.0,-0.0,-0.0,-0.0,-0.0,-0.0,-0.0,-0.0,-0.0,-0.0,-0.0,4.475310802459717,1.3537511825561523,-868.2678833007812,236913.65625,-4153.68017578125,-355.50732421875,-0.0,-0.0,-0.0,-0.0,-0.0,-0.0,0.00011444091796875,-0.0035858154296875,-7.62939453125e-05,-0.002288818359375,0.00057220458984375,-0.00080108642578125,-0.00095367431640625,-0.00102996826171875,-0.000762939453125,0.0,-0.0003814697265625,0.006103515625,-0.00438690185546875,-0.00255584716796875,-0.00064849853515625,7.62939453125e-05,0.075836181640625,0.06622314453125,0.0762939453125,0.076751708984375,0.10711669921875,0.086517333984375,-0.01434326171875,0.06561279296875,0.103759765625,0.1544189453125,0.132293701171875,0.017242431640625,-0.235748291015625,0.087127685546875,1.298370361328125,-3.11737060546875,-6.6607584953308105,1.2499618530273438
1080,0.54,-0.0,-0.0,-0.0,-0.0,-0.0,-0.0,-0.0,-0.0,-0.0,-0.0,-0.0,-0.0,4.810209274291992,1.6188920736312866,-869.5436401367188,236936.3125,-4373.615234375,-457.53253173828125,-0.0,-0.0,-0.0,-0.0,-0.0,-0.0,0.008697509765625,0.0074005126953125,0.0173187255859375,0.0254058837890625,0.0162506103515625,0.02040863037109375,0.00965118408203125,0.0319671630859375,0.0101470947265625,0.0119781494140625,0.025482177734375,0.0266265869140625,0.01590728759765625,0.01514434814453125,0.00759124755859375,0.04047393798828125,0.082550048828125,0.062713623046875,0.081787109375,0.07781982421875,0.10498046875,0.074462890625,0.3955078125,0.17578125,0.05828857421875,0.14678955078125,0.00762939453125,0.07171630859375,-0.734100341796875,-0.02777099609375,3.306121826171875,2.321014404296875,6.487298965454102,1.2499618530273438
1081,0.5405,-0.0,-0.0,-0.0,-0.0,-0.0,-0.0,-0.0,-0.0,-0.0,-0.0,-0.0,-0.0,5.085869789123535,1.8738110065460205,-871.055419921875,237239.140625,-4229.14794921875,-332.0274658203125,-0.0,-0.0,-0.0,-0.0,-0.0,-0.0,0.0016021728515625,0.0064849853515625,0.0019073486328125,0.00217437744140625,0.000457763671875,0.002288818359375,0.00125885009765625,0.0009918212890625,0.00095367431640625,-0.001678466796875,0.0018310546875,-0.00213623046875,0.00263214111328125,-0.00011444091796875,-0.001068115234375,0.0030517578125,0.083770751953125,0.07843017578125,0.072479248046875,0.069580078125,0.036163330078125,0.06927490234375,0.2825927734375,0.15594482421875,0.142822265625,0.35736083984375,0.06866455078125,0.09613037109375,0.479583740234375,0.217437744140625,-0.235443115234375,1.920013427734375,7.754581928253174,1.2499618530273438
1082,0.541,-0.0,-0.0,-0.0,-0.0,-0.0,-0.0,-0.0,-0.0,-0.0,-0.0,-0.0,-0.0,6.091464042663574,1.9136558771133423,-871.13330078125,237720.71875,-4729.119140625,-103.94658660888672,-0.0,-0.0,-0.0,-0.0,-0.0,-0.0,-0.0087738037109375,-0.0051116943359375,-0.01522064208984375,-0.02223968505859375,-0.0144195556640625,-0.02231597900390625,-0.00835418701171875,-0.03147125244140625,-0.0086212158203125,-0.0116729736328125,-0.0261688232421875,-0.0231170654296875,-0.0141143798828125,-0.01495361328125,-0.0048828125,-0.04016876220703125,0.08453369140625,0.064849853515625,0.091400146484375,0.098114013671875,0.07843017578125,0.09246826171875,0.13641357421875,0.1531982421875,0.07415771484375,0.377197265625,0.105743408203125,0.130767822265625,0.7525634765625,0.260162353515625,-2.0550537109375,-1.100311279296875,-2.304474353790283,1.2499618530273438
1083,0.5415,-0.0,-0.0,-0.0,-0.0,-0.0,-0.0,-0.0,-0.0,-0.0,-0.0,-0.0,-0.0,6.5842671394348145,1.2365036010742188,-871.482421875,237809.578125,-4553.1953125,18.15104103088379,-0.0,-0.0,-0.0,-0.0,-0.0,-0.0,-0.00232696533203125,-0.00377655029296875,0.0,0.0,0.0006103515625,-0.0014495849609375,-0.001678466796875,-0.00293731689453125,0.00141143798828125,-0.00026702880859375,0.00049591064453125,-0.0003814697265625,-0.0035858154296875,0.000762939453125,0.0002288818359375,-0.0003814697265625,0.08026123046875,0.15533447265625,0.08575439453125,0.07232666015625,0.052032470703125,0.07049560546875,-0.0445556640625,0.16143798828125,-0.2508544921875,0.091552734375,0.042724609375,0.108795166015625,-0.26580810546875,-0.02960205078125,-0.349578857421875,-2.600555419921875,-6.185527801513672,1.2499618530273438
1084,0.542,-0.0,-0.0,-0.0,-0.0,-0.0,-0.0,-0.0,-0.0,-0.0,-0.0,-0.0,-0.0,6.7420196533203125,0.7168629169464111,-871.83154296875,238396.46875,-4550.60302734375,116.72146606445312,-0.0,-0.0,-0.0,-0.0,-0.0,-0.0,0.00934600830078125,0.008392333984375,0.017547607421875,0.0226593017578125,0.0168609619140625,0.0206756591796875,0.0101470947265625,0.0325775146484375,0.0087738037109375,0.01300811767578125,0.0238037109375,0.02796173095703125,0.0164031982421875,0.01373291015625,0.0072479248046875,0.03993988037109375,0.0836181640625,0.101165771484375,0.070953369140625,0.078277587890625,0.0042724609375,0.08758544921875,0.17333984375,0.11688232421875,0.3973388671875,-0.25390625,0.064239501953125,0.0341796875,-0.539703369140625,-0.258026123046875,3.53851318359375,2.851715087890625,6.012068271636963,1.2499618530273438
1085,0.5425,-0.0,-0.0,-0.0,-0.0,-0.0,-0.0,-0.0,-0.0,-0.0,-0.0,-0.0,-0.0,6.387176513671875,0.2739759385585785,-871.13330078125,238435.109375,-4079.326171875,97.11593627929688,-0.0,-0.0,-0.0,-0.0,-0.0,-0.0,0.00019073486328125,0.0045013427734375,0.00293731689453125,0.00080108642578125,0.00087738037109375,-0.001220703125,-0.001220703125,0.00270843505859375,0.00019073486328125,-0.00072479248046875,0.00141143798828125,-0.0002288818359375,0.00438690185546875,-0.0009918212890625,0.001220703125,-0.00156402587890625,0.048980712890625,0.1092529296875,0.054473876953125,0.07781982421875,0.044403076171875,0.063018798828125,0.24200439453125,0.2093505859375,-0.17303466796875,-0.3131103515625,0.098724365234375,0.04241943359375,0.193328857421875,0.121612548828125,0.727996826171875,2.869110107421875,5.8536577224731445,1.2499618530273438
1086,0.543,-0.0,-0.0,-0.0,-0.0,-0.0,-0.0,-0.0,-0.0,-0.0,-0.0,-0.0,-0.0,6.289709568023682,0.932722806930542,-872.4876708984375,238803.8125,-3773.686767578125,54.591880798339844,-0.0,-0.0,-0.0,-0.0,-0.0,-0.0,-0.01033782958984375,-0.0086212158203125,-0.01766204833984375,-0.019989013671875,-0.01678466796875,-0.0201416015625,-0.0099945068359375,-0.03070831298828125,-0.00911712646484375,-0.01094818115234375,-0.02597808837890625,-0.0235748291015625,-0.01842498779296875,-0.01544952392578125,-0.005950927734375,-0.039825439453125,0.06011962890625,0.0634765625,0.064239501953125,0.07476806640625,0.099639892578125,0.09918212890625,0.07965087890625,0.091552734375,0.1702880859375,0.3607177734375,0.140838623046875,0.08636474609375,0.3533935546875,0.12451171875,-1.556549072265625,-1.94091796875,-6.343937873840332,1.2499618530273438
1087,0.5435,-0.0,-0.0,-0.0,-0.0,-0.0,-0.0,-0.0,-0.0,-0.0,-0.0,-0.0,-0.0,6.290084362030029,1.286158800125122,-871.482421875,239355.390625,-3515.61767578125,-28.554580688476562,-0.0,-0.0,-0.0,-0.0,-0.0,-0.0,-0.0014495849609375,-0.00415802001953125,-0.0028228759765625,0.0012969970703125,0.00080108642578125,-0.00030517578125,0.0006103515625,-0.00133514404296875,0.00152587890625,0.001068115234375,-0.0005340576171875,-0.00034332275390625,-0.002899169921875,0.0019073486328125,0.00141143798828125,0.00041961669921875,0.080413818359375,0.080108642578125,0.078582763671875,0.079498291015625,0.12908935546875,0.0604248046875,0.2178955078125,0.157470703125,0.21453857421875,0.389404296875,0.029144287109375,0.109710693359375,-0.038909912109375,-0.128326416015625,0.145416259765625,-2.269287109375,-5.076655387878418,1.2499618530273438
1088,0.544,-0.0,-0.0,-0.0,-0.0,-0.0,-0.0,-0.0,-0.0,-0.0,-0.0,-0.0,-0.0,5.735569953918457,2.4232354164123535,-872.561767578125,239365.453125,-3313.278564453125,-166.8158416748047,-0.0,-0.0,-0.0,-0.0,-0.0,-0.0,0.00736236572265625,0.0048828125,0.01800537109375,0.02239227294921875,0.01743316650390625,0.01758575439453125,0.01255035400390625,0.03147125244140625,0.00881195068359375,0.01331329345703125,0.0255584716796875,0.02532958984375,0.01613616943359375,0.015411376953125,0.00743865966796875,0.0397491455078125,0.0726318359375,0.112457275390625,0.09185791015625,0.07476806640625,0.06805419921875,0.0860595703125,0.233154296875,0.15289306640625,-0.2154541015625,0.589599609375,0.02410888671875,0.0286865234375,-0.899810791015625,-0.010223388671875,3.0010986328125,3.14361572265625,16.229534149169922,1.2499618530273438
1089,0.5445,-0.0,-0.0,-0.0,-0.0,-0.0,-0.0,-0.0,-0.0,-0.0,-0.0,-0.0,-0.0,6.051651954650879,2.8262939453125,-873.1972045898438,240012.21875,-3037.586669921875,-158.85426330566406,-0.0,-0.0,-0.0,-0.0,-0.0,-0.0,-0.000152587890625,0.00568389892578125,0.00171661376953125,0.00118255615234375,0.0019073486328125,0.00064849853515625,-0.0002288818359375,0.0022125244140625,-0.00011444091796875,0.0005340576171875,0.0012969970703125,-0.00286102294921875,0.0055694580078125,3.814697265625e-05,0.00019073486328125,-0.001373291015625,0.11077880859375,0.067596435546875,0.081939697265625,0.068817138671875,0.096893310546875,0.07904052734375,0.003662109375,0.150146484375,0.31494140625,-0.06683349609375,0.084381103515625,0.016326904296875,0.637054443359375,0.352935791015625,0.04913330078125,3.915252685546875,7.0417351722717285,1.2499618530273438
1090,0.545,-0.0,-0.0,-0.0,-0.0,-0.0,-0.0,-0.0,-0.0,-0.0,-0.0,-0.0,-0.0,5.639002799987793,3.702035903930664,-873.0009765625,240445.8125,-2478.78125,-219.49169921875,-0.0,-0.0,-0.0,-0.0,-0.0,-0.0,-0.010528564453125,-0.00934600830078125,-0.01617431640625,-0.0212860107421875,-0.01476287841796875,-0.018157958984375,-0.0127410888671875,-0.03021240234375,-0.010528564453125,-0.01003265380859375,-0.0274658203125,-0.0258636474609375,-0.01537322998046875,-0.01499176025390625,-0.007171630859375,-0.03948211669921875,0.0469970703125,0.1519775390625,0.079345703125,0.06622314453125,0.117645263671875,0.064544677734375,0.1092529296875,0.1611328125,0.86761474609375,-0.05218505859375,0.131683349609375,0.064239501953125,0.5242919921875,0.08331298828125,-2.937164306640625,-1.675872802734375,-4.601424217224121,1.2499618530273438
1091,0.5455,-0.0,-0.0,-0.0,-0.0,-0.0,-0.0,-0.0,-0.0,-0.0,-0.0,-0.0,-0.0,5.461665153503418,3.9553582668304443,-873.0302124023438,240747.484375,-2347.07958984375,-367.90167236328125,-0.0,-0.0,-0.0,-0.0,-0.0,-0.0,-0.00049591064453125,-0.00049591064453125,-0.00152587890625,0.0009918212890625,0.00072479248046875,0.001220703125,-0.0005340576171875,-0.00179290771484375,0.0003814697265625,0.0002288818359375,-3.814697265625e-05,0.00011444091796875,-0.00690460205078125,-0.00011444091796875,0.00087738037109375,0.00019073486328125,0.044097900390625,0.039825439453125,0.080413818359375,0.066986083984375,0.131683349609375,0.068511962890625,0.25360107421875,0.14617919921875,0.2899169921875,0.2655029296875,-0.001678466796875,0.081634521484375,0.3375244140625,-0.08453369140625,-0.912933349609375,-4.629669189453125,-6.185527801513672,1.2499618530273438
1092,0.546,-0.0,-0.0,-0.0,-0.0,-0.0,-0.0,-0.0,-0.0,-0.0,-0.0,-0.0,-0.0,5.531398773193359,4.358955383300781,-873.2009887695312,240894.703125,-2173.35107421875,-149.67494201660156,-0.0,-0.0,-0.0,-0.0,-0.0,-0.0,0.00835418701171875,0.004730224609375,0.01781463623046875,0.0231170654296875,0.0167083740234375,0.0183868408203125,0.0121307373046875,0.03284454345703125,0.010223388671875,0.0118255615234375,0.0260162353515625,0.0247955322265625,0.0205230712890625,0.01430511474609375,0.00751495361328125,0.04016876220703125,0.070648193359375,0.17852783203125,0.072784423828125,0.0823974609375,0.01129150390625,0.0958251953125,0.4034423828125,0.1739501953125,0.208740234375,0.289306640625,0.0738525390625,0.1043701171875,-0.971832275390625,0.008392333984375,3.5894775390625,3.533172607421875,6.883325099945068,1.2499618530273438
1093,0.5465,-0.0,-0.0,-0.0,-0.0,-0.0,-0.0,-0.0,-0.0,-0.0,-0.0,-0.0,-0.0,5.620285511016846,3.816817045211792,-872.6538696289062,240547.265625,-1923.3052978515625,-247.0399932861328,-0.0,-0.0,-0.0,-0.0,-0.0,-0.0,-0.00034332275390625,0.004730224609375,0.0014495849609375,0.003204345703125,0.00064849853515625,-0.00034332275390625,0.00152587890625,0.0009918212890625,0.00148773193359375,-0.000152587890625,0.002288818359375,0.00202178955078125,0.00492095947265625,0.001220703125,-0.00011444091796875,-0.0005340576171875,0.07415771484375,0.131378173828125,0.066375732421875,0.07080078125,0.0567626953125,0.07720947265625,0.196533203125,0.201416015625,0.18768310546875,0.384521484375,0.103759765625,0.11383056640625,-0.0341796875,0.162506103515625,2.094573974609375,3.700408935546875,7.279350757598877,1.2499618530273438
1094,0.547,-0.0,-0.0,-0.0,-0.0,-0.0,-0.0,-0.0,-0.0,-0.0,-0.0,-0.0,-0.0,5.126198768615723,2.883124351501465,-871.3326416015625,240748.53125,-1680.8150634765625,-131.21731567382812,-0.0,-0.0,-0.0,-0.0,-0.0,-0.0,-0.0089263916015625,-0.0074005126953125,-0.01438140869140625,-0.02262115478515625,-0.01514434814453125,-0.01926422119140625,-0.0104522705078125,-0.03070831298828125,-0.011444091796875,-0.01155853271484375,-0.02727508544921875,-0.02498626708984375,-0.0186920166015625,-0.0153350830078125,-0.004730224609375,-0.03978729248046875,0.127716064453125,0.077667236328125,0.072479248046875,0.080413818359375,0.004119873046875,0.059661865234375,0.03570556640625,0.07476806640625,0.1715087890625,0.570068359375,0.05767822265625,0.088348388671875,0.75958251953125,-0.060882568359375,-3.327789306640625,-2.76336669921875,-4.8390398025512695,1.2499618530273438
1095,0.5475,-0.0,-0.0,-0.0,-0.0,-0.0,-0.0,-0.0,-0.0,-0.0,-0.0,-0.0,-0.0,4.967803955078125,2.0125300884246826,-866.9942626953125,240359.71875,-1433.2294921875,-150.61325073242188,-0.0,-0.0,-0.0,-0.0,-0.0,-0.0,-0.00133514404296875,-0.00385284423828125,-0.00072479248046875,0.002288818359375,0.00019073486328125,0.00080108642578125,-0.00423431396484375,-0.0002288818359375,0.0011444091796875,-0.000152587890625,0.00072479248046875,-0.0009918212890625,-0.00392913818359375,0.00030517578125,-0.00034332275390625,-0.00034332275390625,0.0494384765625,0.077667236328125,0.069580078125,0.069580078125,0.077362060546875,0.04425048828125,0.177001953125,0.1751708984375,0.19256591796875,-0.54779052734375,0.12298583984375,0.119781494140625,0.0653076171875,0.041351318359375,-0.967559814453125,-4.143218994140625,-4.7598347663879395,1.2499618530273438
1096,0.548,-0.0,-0.0,-0.0,-0.0,-0.0,-0.0,-0.0,-0.0,-0.0,-0.0,-0.0,-0.0,4.188300609588623,0.8455953001976013,-863.2515258789062,239337.15625,-1116.0133056640625,-259.3902282714844,-0.0,-0.0,-0.0,-0.0,-0.0,-0.0,0.00904083251953125,0.008697509765625,0.0168609619140625,0.0231170654296875,0.01583099365234375,0.019378662109375,0.01224517822265625,0.03116607666015625,0.011749267578125,0.01251220703125,0.02716064453125,0.0289154052734375,0.0202178955078125,0.016937255859375,0.00518798828125,0.03910064697265625,0.046844482421875,0.088958740234375,0.054473876953125,0.068206787109375,0.091400146484375,0.101318359375,0.1666259765625,0.21942138671875,0.07415771484375,-0.11474609375,0.10101318359375,0.100555419921875,-0.64056396484375,0.185699462890625,4.2523193359375,4.4097900390625,6.80411958694458,1.2499618530273438
1097,0.5485,-0.0,-0.0,-0.0,-0.0,-0.0,-0.0,-0.0,-0.0,-0.0,-0.0,-0.0,-0.0,3.5295794010162354,-0.3345175087451935,-862.256103515625,238741.578125,-849.6041259765625,-554.8875732421875,-0.0,-0.0,-0.0,-0.0,-0.0,-0.0,0.001220703125,0.0019073486328125,-0.00030517578125,0.001068115234375,0.0002288818359375,0.00019073486328125,0.00133514404296875,0.00133514404296875,0.00026702880859375,0.00019073486328125,0.00087738037109375,-0.0005340576171875,0.0041961669921875,-0.00125885009765625,-0.0005340576171875,-0.000152587890625,0.094757080078125,-0.008697509765625,0.086212158203125,0.074615478515625,0.082855224609375,0.07293701171875,0.15838623046875,0.16876220703125,0.1171875,0.1861572265625,0.03753662109375,0.0189208984375,0.072021484375,0.18768310546875,1.1322021484375,4.081878662109375,7.120940208435059,1.2499618530273438
1098,0.549,-0.0,-0.0,-0.0,-0.0,-0.0,-0.0,-0.0,-0.0,-0.0,-0.0,-0.0,-0.0,3.314678907394409,-0.7201167941093445,-858.8594360351562,239034.734375,-483.4582824707031,-620.7703247070312,-0.0,-0.0,-0.0,-0.0,-0.0,-0.0,-0.007781982421875,-0.0070953369140625,-0.01583099365234375,-0.02231597900390625,-0.01537322998046875,-0.01903533935546875,-0.01194000244140625,-0.02994537353515625,-0.01155853271484375,-0.01190185546875,-0.027923583984375,-0.02712249755859375,-0.01644134521484375,-0.0144195556640625,-0.005950927734375,-0.0388336181640625,0.110931396484375,0.121612548828125,0.0848388671875,0.07568359375,0.025177001953125,0.0897216796875,0.12786865234375,0.150146484375,0.12359619140625,0.185546875,0.0799560546875,-0.017547607421875,0.927734375,-0.002593994140625,-3.36822509765625,-1.844482421875,-4.9182448387146,1.2499618530273438
1099,0.5495,-0.0,-0.0,-0.0,-0.0,-0.0,-0.0,-0.0,-0.0,-0.0,-0.0,-0.0,-0.0,2.693828821182251,0.08832168579101562,-858.8588256835938,239247.71875,-459.5892639160156,-819.4457397460938,-0.0,-0.0,-0.0,-0.0,-0.0,-0.0,0.00213623046875,-0.00385284423828125,-0.0002288818359375,-0.00049591064453125,0.0,0.0017547607421875,-0.00049591064453125,0.00057220458984375,-0.00125885009765625,0.00049591064453125,0.0023651123046875,0.00080108642578125,-0.0042724609375,-0.0003814697265625,0.0009918212890625,0.0011444091796875,0.05157470703125,0.17913818359375,0.090789794921875,0.068511962890625,0.098724365234375,0.0616455078125,0.18951416015625,0.1373291015625,0.159912109375,0.2996826171875,0.102996826171875,0.08544921875,0.123291015625,0.169677734375,-0.088043212890625,-4.09393310546875,-4.443014144897461,1.2499618530273438
1100,0.55,-0.0,-0.0,-0.0,-0.0,-0.0,-0.0,-0.0,-0.0,-0.0,-0.0,-0.0,-0.0,1.5267435312271118,1.292238712310791,-860.2361450195312,240488.34375,-266.5633239746094,-1138.2989501953125,-0.0,-0.0,-0.0,-0.0,-0.0,-0.0,0.0081634521484375,0.0070953369140625,0.01697540283203125,0.022430419921875,0.0157928466796875,0.01743316650390625,0.01216888427734375,0.03173828125,0.008544921875,0.01300811767578125,0.026092529296875,0.02986907958984375,0.01964569091796875,0.01556396484375,0.0064849853515625,0.03795623779296875,0.045623779296875,0.06683349609375,0.081787109375,0.082244873046875,0.0958251953125,0.080108642578125,0.2191162109375,0.1348876953125,-0.0115966796875,0.28167724609375,0.040740966796875,0.113525390625,-0.819244384765625,0.1092529296875,4.6270751953125,2.8399658203125,6.80411958694458,1.2499618530273438
1101,0.5505,-0.0,-0.0,-0.0,-0.0,-0.0,-0.0,-0.0,-0.0,-0.0,-0.0,-0.0,-0.0,1.2047470808029175,2.5798492431640625,-862.6072387695312,241461.125,-191.85638427734375,-1427.14453125,-0.0,-0.0,-0.0,-0.0,-0.0,-0.0,0.00041961669921875,0.00217437744140625,0.001220703125,0.00030517578125,-0.00057220458984375,0.00225067138671875,0.00293731689453125,0.0005340576171875,-0.001983642578125,0.001678466796875,-0.00026702880859375,-0.000762939453125,0.00545501708984375,3.814697265625e-05,-0.00091552734375,0.00057220458984375,0.068359375,0.130615234375,0.029296875,0.081939697265625,0.081939697265625,0.067596435546875,0.1953125,0.14923095703125,0.5462646484375,0.2960205078125,0.0689697265625,0.023040771484375,-0.19073486328125,0.047454833984375,0.745391845703125,4.026947021484375,-3.967782974243164,1.2499618530273438
1102,0.551,-0.0,-0.0,-0.0,-0.0,-0.0,-0.0,-0.0,-0.0,-0.0,-0.0,-0.0,-0.0,1.0274089574813843,3.78342604637146,-865.56298828125,242574.140625,-130.54119873046875,-1433.2271728515625,-0.0,-0.0,-0.0,-0.0,-0.0,-0.0,-0.00911712646484375,-0.00789642333984375,-0.0189971923828125,-0.02193450927734375,-0.0154876708984375,-0.0199127197265625,-0.00942230224609375,-0.03223419189453125,-0.01056671142578125,-0.0107574462890625,-0.027618408203125,-0.02399444580078125,-0.01880645751953125,-0.0136566162109375,-0.0063323974609375,-0.039825439453125,0.0689697265625,-0.15167236328125,0.086212158203125,0.09002685546875,0.098114013671875,0.080108642578125,0.30242919921875,0.17547607421875,0.23345947265625,0.377197265625,0.099945068359375,0.09735107421875,0.468292236328125,0.05645751953125,-2.96112060546875,-2.34619140625,-3.967782974243164,1.2499618530273438
1103,0.5515,-0.0,-0.0,-0.0,-0.0,-0.0,-0.0,-0.0,-0.0,-0.0,-0.0,-0.0,-0.0,0.654230535030365,5.424431324005127,-868.049072265625,243461.34375,-184.47372436523438,-1546.8682861328125,-0.0,-0.0,-0.0,-0.0,-0.0,-0.0,-0.00011444091796875,-0.00270843505859375,0.0016021728515625,-0.00133514404296875,-0.000152587890625,-0.00152587890625,-0.00244140625,0.00057220458984375,-0.000152587890625,0.00118255615234375,-0.0006103515625,7.62939453125e-05,-0.00270843505859375,0.00133514404296875,0.0012969970703125,-0.0020599365234375,0.07415771484375,0.0494384765625,0.069122314453125,0.081939697265625,0.060577392578125,0.072479248046875,0.115966796875,0.19195556640625,-0.15228271484375,-0.3924560546875,0.078582763671875,0.107574462890625,0.297698974609375,0.088348388671875,-0.1171875,-2.855987548828125,-6.819169044494629,1.2499618530273438
1104,0.552,-0.0,-0.0,-0.0,-0.0,-0.0,-0.0,-0.0,-0.0,-0.0,-0.0,-0.0,-0.0,0.08871078491210938,6.6276164054870605,-870.7115478515625,244686.84375,5.471343040466309,-1754.59912109375,-0.0,-0.0,-0.0,-0.0,-0.0,-0.0,0.01033782958984375,0.0058746337890625,0.01705169677734375,0.02353668212890625,0.0160980224609375,0.02040863037109375,0.0092315673828125,0.03162384033203125,0.01224517822265625,0.0128936767578125,0.02712249755859375,0.02544403076171875,0.01911163330078125,0.01644134521484375,0.00637054443359375,0.04024505615234375,0.081939697265625,0.06744384765625,0.0714111328125,0.088043212890625,0.12054443359375,0.0555419921875,0.04486083984375,0.11505126953125,0.34210205078125,-0.228271484375,0.110015869140625,0.081634521484375,-0.820465087890625,-0.032806396484375,3.767242431640625,2.93548583984375,6.4080939292907715,1.2499618530273438
1105,0.5525,-0.0,-0.0,-0.0,-0.0,-0.0,-0.0,-0.0,-0.0,-0.0,-0.0,-0.0,-0.0,0.1925947070121765,8.725543022155762,-870.5199584960938,245561.03125,265.8227233886719,-1907.3665771484375,-0.0,-0.0,-0.0,-0.0,-0.0,-0.0,0.0020599365234375,0.006103515625,0.0003814697265625,0.00125885009765625,0.00110626220703125,0.0018310546875,0.0030517578125,3.814697265625e-05,0.0022125244140625,7.62939453125e-05,0.00247955322265625,-7.62939453125e-05,0.00469207763671875,0.0002288818359375,-0.00133514404296875,0.003814697265625,0.0909423828125,0.075836181640625,0.07415771484375,0.07049560546875,0.138702392578125,0.0567626953125,0.30364990234375,0.14495849609375,0.15899658203125,0.35858154296875,0.09490966796875,0.08392333984375,0.379638671875,0.082855224609375,0.84259033203125,4.1241455078125,7.516966342926025,1.2499618530273438
1106,0.553,-0.0,-0.0,-0.0,-0.0,-0.0,-0.0,-0.0,-0.0,-0.0,-0.0,-0.0,-0.0,-0.05209191143512726,10.00140380859375,-871.4935913085938,246365.25,322.81689453125,-1836.667236328125,-0.0,-0.0,-0.0,-0.0,-0.0,-0.0,-0.00743865966796875,-0.0077056884765625,-0.01758575439453125,-0.02079010009765625,-0.0150299072265625,-0.018310546875,-0.0102996826171875,-0.032196044921875,-0.00972747802734375,-0.01285552978515625,-0.0252532958984375,-0.0240325927734375,-0.02094268798828125,-0.01346588134765625,-0.00911712646484375,-0.038604736328125,0.067596435546875,0.0726318359375,0.08056640625,0.05462646484375,0.000762939453125,0.112762451171875,0.27923583984375,0.18218994140625,0.10711669921875,0.23834228515625,0.04302978515625,0.069427490234375,0.712738037109375,0.099639892578125,-2.297515869140625,-2.83782958984375,-2.304474353790283,1.2499618530273438
1107,0.5535,-0.0,-0.0,-0.0,-0.0,-0.0,-0.0,-0.0,-0.0,-0.0,-0.0,-0.0,-0.0,0.780129611492157,11.237656593322754,-872.0472412109375,247207.796875,415.1967468261719,-1751.9993896484375,-0.0,-0.0,-0.0,-0.0,-0.0,-0.0,-0.00034332275390625,-0.0034332275390625,0.00049591064453125,-0.00186920166015625,-0.00110626220703125,0.00232696533203125,-0.001220703125,0.000152587890625,-0.00049591064453125,-0.0008392333984375,0.0012969970703125,0.003814697265625,-0.00370025634765625,-0.00133514404296875,-0.0002288818359375,0.00064849853515625,0.08575439453125,0.0823974609375,0.076751708984375,0.066986083984375,-0.012054443359375,0.0811767578125,-0.13580322265625,0.074462890625,0.0750732421875,0.08636474609375,0.071258544921875,0.086212158203125,-0.10833740234375,0.10101318359375,0.242767333984375,-4.228515625,-6.739963531494141,1.2499618530273438
1108,0.554,-0.0,-0.0,-0.0,-0.0,-0.0,-0.0,-0.0,-0.0,-0.0,-0.0,-0.0,-0.0,1.0964112281799316,12.507696151733398,-876.4332885742188,247802.375,445.82794189453125,-1527.159423828125,-0.0,-0.0,-0.0,-0.0,-0.0,-0.0,0.0093841552734375,0.00335693359375,0.0174713134765625,0.022430419921875,0.015716552734375,0.02048492431640625,0.011444091796875,0.03093719482421875,0.01300811767578125,0.0118255615234375,0.0266265869140625,0.02422332763671875,0.0211334228515625,0.015411376953125,0.00728607177734375,0.03948211669921875,0.07781982421875,0.086822509765625,0.072479248046875,0.079193115234375,0.0653076171875,0.0775146484375,0.06622314453125,0.15411376953125,0.48248291015625,0.3497314453125,0.042266845703125,0.103759765625,-1.0015869140625,-0.093994140625,3.400421142578125,4.194183349609375,7.358555793762207,1.2499618530273438
1109,0.5545,-0.0,-0.0,-0.0,-0.0,-0.0,-0.0,-0.0,-0.0,-0.0,-0.0,-0.0,-0.0,1.421417236328125,12.983287811279297,-877.4814453125,249014.359375,417.8231506347656,-1300.9090576171875,-0.0,-0.0,-0.0,-0.0,-0.0,-0.0,0.0008392333984375,0.00286102294921875,0.00213623046875,0.0022125244140625,-0.00011444091796875,-0.00064849853515625,0.0009918212890625,0.000152587890625,0.0016021728515625,0.00064849853515625,0.00072479248046875,-0.0018310546875,0.005340576171875,0.0019073486328125,-0.00133514404296875,-0.00034332275390625,0.07843017578125,0.078582763671875,0.0762939453125,0.079345703125,0.0909423828125,0.078887939453125,0.14923095703125,0.15350341796875,0.0341796875,-0.33172607421875,0.051422119140625,0.0775146484375,0.235443115234375,0.066070556640625,0.799407958984375,4.760894775390625,6.962530136108398,1.2499618530273438
1110,0.555,-0.0,-0.0,-0.0,-0.0,-0.0,-0.0,-0.0,-0.0,-0.0,-0.0,-0.0,-0.0,1.79230797290802,13.35284423828125,-879.170654296875,249695.8125,520.6612548828125,-1051.139404296875,-0.0,-0.0,-0.0,-0.0,-0.0,-0.0,-0.00881195068359375,-0.00457763671875,-0.0167083740234375,-0.02101898193359375,-0.0162506103515625,-0.01781463623046875,-0.01129150390625,-0.030517578125,-0.00732421875,-0.011749267578125,-0.02246856689453125,-0.027008056640625,-0.01636505126953125,-0.01247406005859375,-0.00835418701171875,-0.03826141357421875,0.194549560546875,0.07781982421875,0.077362060546875,0.0836181640625,0.133209228515625,0.068817138671875,0.21392822265625,0.1690673828125,0.18310546875,0.50537109375,0.082550048828125,0.050506591796875,0.818634033203125,0.45440673828125,-2.64129638671875,-0.9478759765625,-2.6212949752807617,1.2499618530273438
1111,0.5555,-0.0,-0.0,-0.0,-0.0,-0.0,-0.0,-0.0,-0.0,-0.0,-0.0,-0.0,-0.0,1.9862960577011108,12.965349197387695,-882.5789184570312,250288.03125,496.71063232421875,-973.7474365234375,-0.0,-0.0,-0.0,-0.0,-0.0,-0.0,-0.00110626220703125,-0.00370025634765625,0.00110626220703125,-0.00072479248046875,0.00110626220703125,-0.00080108642578125,-0.0012969970703125,0.0019073486328125,0.00156402587890625,0.00095367431640625,-0.001220703125,0.00164031982421875,-0.00431060791015625,0.00095367431640625,-0.0006103515625,-0.00064849853515625,0.00579833984375,0.183868408203125,0.085906982421875,0.0885009765625,0.09918212890625,0.067138671875,0.0726318359375,0.1922607421875,0.267333984375,0.17364501953125,0.08270263671875,0.06744384765625,-0.13702392578125,0.123291015625,-0.616607666015625,-4.366912841796875,-9.670554161071777,1.2499618530273438
1112,0.556,-0.0,-0.0,-0.0,-0.0,-0.0,-0.0,-0.0,-0.0,-0.0,-0.0,-0.0,-0.0,1.5608441829681396,12.522624015808105,-882.6552734375,250680.953125,904.011962890625,-1027.93994140625,-0.0,-0.0,-0.0,-0.0,-0.0,-0.0,0.00911712646484375,0.00705718994140625,0.017852783203125,0.02166748046875,0.0156402587890625,0.01979827880859375,0.0066375732421875,0.033416748046875,0.00774383544921875,0.0124359130859375,0.02582550048828125,0.0255584716796875,0.01987457275390625,0.01323699951171875,0.007171630859375,0.0385284423828125,0.066375732421875,-0.1544189453125,0.085906982421875,0.077667236328125,0.0494384765625,0.080108642578125,0.25421142578125,0.13336181640625,0.08758544921875,-0.4339599609375,0.098419189453125,0.028839111328125,-0.510711669921875,-0.040740966796875,2.742462158203125,3.146514892578125,6.170478343963623,1.2499618530273438
1113,0.5565,-0.0,-0.0,-0.0,-0.0,-0.0,-0.0,-0.0,-0.0,-0.0,-0.0,-0.0,-0.0,0.5322647094726562,11.640625,-883.2830810546875,251087.75,1208.03857421875,-1052.5882568359375,-0.0,-0.0,-0.0,-0.0,-0.0,-0.0,0.00152587890625,0.0034332275390625,-0.00064849853515625,0.0003814697265625,0.00194549560546875,0.00064849853515625,0.0019073486328125,0.00125885009765625,-0.00064849853515625,0.00030517578125,0.0,0.0002288818359375,0.0041961669921875,-0.00091552734375,0.00396728515625,0.0002288818359375,0.06072998046875,0.18280029296875,0.0634765625,0.0775146484375,0.07904052734375,0.08087158203125,0.16357421875,0.13275146484375,0.12420654296875,0.1226806640625,0.08270263671875,0.036163330078125,0.153045654296875,0.034332275390625,1.147918701171875,4.923553466796875,8.071402549743652,1.2499618530273438
1114,0.557,-0.0,-0.0,-0.0,-0.0,-0.0,-0.0,-0.0,-0.0,-0.0,-0.0,-0.0,-0.0,-0.21310389041900635,11.251394271850586,-883.3555297851562,250976.765625,1457.60400390625,-1106.794921875,-0.0,-0.0,-0.0,-0.0,-0.0,-0.0,-0.0098419189453125,-0.00949859619140625,-0.01461029052734375,-0.02197265625,-0.01468658447265625,-0.0202178955078125,-0.00949859619140625,-0.02964019775390625,-0.01117706298828125,-0.009918212890625,-0.02685546875,-0.02185821533203125,-0.01605987548828125,-0.016326904296875,-0.0057220458984375,-0.0391387939453125,0.115509033203125,0.130157470703125,0.071563720703125,0.074462890625,0.108642578125,0.05767822265625,0.130615234375,0.16204833984375,0.2032470703125,0.7171630859375,0.08270263671875,0.094757080078125,0.47393798828125,0.2276611328125,-1.5924072265625,-2.31781005859375,-6.423142910003662,1.2499618530273438
1115,0.5575,-0.0,-0.0,-0.0,-0.0,-0.0,-0.0,-0.0,-0.0,-0.0,-0.0,-0.0,-0.0,-1.1535277366638184,10.333637237548828,-883.6338500976562,251357.84375,1812.8243408203125,-1303.413330078125,-0.0,-0.0,-0.0,-0.0,-0.0,-0.0,0.00133514404296875,-0.00316619873046875,-0.0005340576171875,0.00019073486328125,0.000457763671875,0.0020599365234375,-0.003814697265625,-0.00034332275390625,3.814697265625e-05,-0.000152587890625,0.00041961669921875,-0.00034332275390625,-0.00518798828125,-7.62939453125e-05,0.00064849853515625,0.00091552734375,0.057373046875,0.063934326171875,0.070037841796875,0.076446533203125,0.092926025390625,0.08636474609375,0.155029296875,0.1544189453125,0.14129638671875,0.22918701171875,0.07171630859375,0.28656005859375,0.092315673828125,-0.064544677734375,-1.092529296875,-4.221954345703125,-4.99744987487793,1.2499618530273438
1116,0.558,-0.0,-0.0,-0.0,-0.0,-0.0,-0.0,-0.0,-0.0,-0.0,-0.0,-0.0,-0.0,-2.146696090698242,9.945056915283203,-885.448486328125,251697.609375,2107.302490234375,-1428.8306884765625,-0.0,-0.0,-0.0,-0.0,-0.0,-0.0,0.0095367431640625,0.00507354736328125,0.0173187255859375,0.02223968505859375,0.01552581787109375,0.01720428466796875,0.01117706298828125,0.03082275390625,0.00946044921875,0.0115966796875,0.02567291259765625,0.02559661865234375,0.0200653076171875,0.0133514404296875,0.008392333984375,0.0388336181640625,0.032501220703125,0.061187744140625,0.074462890625,0.07598876953125,0.070953369140625,0.06500244140625,0.13763427734375,0.13031005859375,0.01007080078125,-0.02227783203125,0.117645263671875,0.17364501953125,-0.87921142578125,-0.2044677734375,3.95904541015625,3.4173583984375,5.2200164794921875,1.2499618530273438
1117,0.5585,-0.0,-0.0,-0.0,-0.0,-0.0,-0.0,-0.0,-0.0,-0.0,-0.0,-0.0,-0.0,-3.7968974113464355,9.09713363647461,-886.9856567382812,251877.484375,2412.236328125,-1548.8271484375,-0.0,-0.0,-0.0,-0.0,-0.0,-0.0,0.0009918212890625,0.003814697265625,-0.00034332275390625,0.00202178955078125,0.00141143798828125,0.0005340576171875,0.00034332275390625,-7.62939453125e-05,-0.0020599365234375,0.001373291015625,0.00202178955078125,-0.00171661376953125,0.00659942626953125,0.00049591064453125,0.00049591064453125,0.00030517578125,0.075531005859375,0.0518798828125,0.07232666015625,0.086822509765625,0.055694580078125,0.081787109375,0.196533203125,0.1678466796875,0.3363037109375,-0.208740234375,0.068359375,-0.136566162109375,0.31341552734375,0.155792236328125,1.483154296875,4.999847412109375,7.912992000579834,1.2499618530273438
1118,0.559,-0.0,-0.0,-0.0,-0.0,-0.0,-0.0,-0.0,-0.0,-0.0,-0.0,-0.0,-0.0,-4.736921310424805,8.515144348144531,-888.24169921875,252240.59375,2825.678466796875,-1792.835693359375,-0.0,-0.0,-0.0,-0.0,-0.0,-0.0,-0.00797271728515625,-0.0093841552734375,-0.01735687255859375,-0.02155303955078125,-0.0159454345703125,-0.0189208984375,-0.0109100341796875,-0.03200531005859375,-0.009765625,-0.012054443359375,-0.028228759765625,-0.0250244140625,-0.0176239013671875,-0.01415252685546875,-0.007781982421875,-0.0394439697265625,0.075225830078125,0.074462890625,0.07904052734375,0.081329345703125,0.06378173828125,0.07781982421875,0.09613037109375,0.1641845703125,0.13427734375,0.1611328125,0.073394775390625,-0.100250244140625,0.558319091796875,-0.09521484375,-2.70263671875,-2.023468017578125,-3.888577699661255,1.2499618530273438
1119,0.5595,-0.0,-0.0,-0.0,-0.0,-0.0,-0.0,-0.0,-0.0,-0.0,-0.0,-0.0,-0.0,-5.712590217590332,8.248863220214844,-891.173095703125,252865.203125,3122.08642578125,-2037.049072265625,-0.0,-0.0,-0.0,-0.0,-0.0,-0.0,-0.0006103515625,-0.0008392333984375,0.00202178955078125,-0.00011444091796875,0.00064849853515625,0.0011444091796875,0.000457763671875,0.0002288818359375,-0.0014495849609375,0.0014495849609375,-7.62939453125e-05,0.0038909912109375,-0.0045013427734375,-0.0017547607421875,0.000152587890625,0.00148773193359375,0.093841552734375,0.0836181640625,0.079498291015625,0.090179443359375,0.086822509765625,0.05157470703125,0.46783447265625,0.24078369140625,0.186767578125,0.24200439453125,0.06439208984375,0.079498291015625,0.231170654296875,-0.1055908203125,-0.71380615234375,-4.239501953125,-6.0271172523498535,1.2499618530273438
1120,0.56,-0.0,-0.0,-0.0,-0.0,-0.0,-0.0,-0.0,-0.0,-0.0,-0.0,-0.0,-0.0,-6.333482265472412,8.019842147827148,-892.8495483398438,253168.390625,3425.074462890625,-2144.52392578125,-0.0,-0.0,-0.0,-0.0,-0.0,-0.0,0.00946044921875,0.00591278076171875,0.016937255859375,0.0234222412109375,0.01506805419921875,0.02201080322265625,0.010986328125,0.03200531005859375,0.0103759765625,0.0128936767578125,0.02597808837890625,0.02620697021484375,0.0201416015625,0.01369476318359375,0.00690460205078125,0.03925323486328125,0.09002685546875,0.050201416015625,0.078125,0.065765380859375,0.10040283203125,0.12359619140625,0.00152587890625,-0.10528564453125,0.78369140625,0.24871826171875,0.07843017578125,0.20050048828125,-0.956878662109375,-0.11810302734375,4.096221923828125,3.549041748046875,4.6655802726745605,1.2499618530273438
1121,0.5605,-0.0,-0.0,-0.0,-0.0,-0.0,-0.0,-0.0,-0.0,-0.0,-0.0,-0.0,-0.0,-6.900529384613037,6.836971759796143,-896.4095458984375,253619.203125,3638.755126953125,-2340.795166015625,-0.0,-0.0,-0.0,-0.0,-0.0,-0.0,-0.00026702880859375,0.001068115234375,0.00011444091796875,0.00148773193359375,0.0006103515625,-0.00270843505859375,0.000457763671875,-0.00034332275390625,0.00087738037109375,-0.00125885009765625,0.00179290771484375,0.00080108642578125,0.005950927734375,-0.0005340576171875,-0.00263214111328125,0.00064849853515625,0.06256103515625,0.04241943359375,0.067138671875,0.074920654296875,0.078125,0.081634521484375,0.1300048828125,0.12786865234375,-0.52093505859375,0.16143798828125,0.057525634765625,0.071868896484375,-0.146484375,0.3668212890625,1.996917724609375,4.180145263671875,7.437760829925537,1.2499618530273438
1122,0.561,-0.0,-0.0,-0.0,-0.0,-0.0,-0.0,-0.0,-0.0,-0.0,-0.0,-0.0,-0.0,-8.00134563446045,6.00770378112793,-898.2987060546875,253812.53125,4136.0458984375,-2537.227783203125,-0.0,-0.0,-0.0,-0.0,-0.0,-0.0,-0.00957489013671875,-0.0086212158203125,-0.01506805419921875,-0.0222015380859375,-0.0135040283203125,-0.020294189453125,-0.0116729736328125,-0.0304412841796875,-0.00972747802734375,-0.01155853271484375,-0.026092529296875,-0.0254058837890625,-0.01750946044921875,-0.01422882080078125,-0.004730224609375,-0.03940582275390625,0.083160400390625,0.128936767578125,0.074462890625,0.09918212890625,0.090179443359375,0.083160400390625,0.23529052734375,0.13092041015625,0.1055908203125,0.1409912109375,0.088958740234375,0.06011962890625,0.46539306640625,0.174102783203125,-2.88330078125,-2.66815185546875,-3.6509623527526855,1.2499618530273438
1123,0.5615,-0.0,-0.0,-0.0,-0.0,-0.0,-0.0,-0.0,-0.0,-0.0,-0.0,-0.0,-0.0,-8.853745460510254,4.644499778747559,-899.6954345703125,253731.078125,4276.38134765625,-2687.15625,-0.0,-0.0,-0.0,-0.0,-0.0,-0.0,0.00049591064453125,-0.00217437744140625,0.00080108642578125,0.00019073486328125,0.0005340576171875,0.000457763671875,-0.000457763671875,0.0006103515625,-0.00118255615234375,0.0002288818359375,-0.0008392333984375,0.0034332275390625,-0.00537872314453125,-0.00019073486328125,-0.00064849853515625,0.00141143798828125,0.05889892578125,0.1544189453125,0.066680908203125,0.070343017578125,0.044708251953125,0.064544677734375,0.26947021484375,0.25146484375,0.13519287109375,0.14678955078125,0.042266845703125,0.08087158203125,-0.068817138671875,-0.1611328125,-0.07171630859375,-4.21661376953125,-4.363808631896973,1.2499618530273438
1124,0.562,-0.0,-0.0,-0.0,-0.0,-0.0,-0.0,-0.0,-0.0,-0.0,-0.0,-0.0,-0.0,-9.38608455657959,3.9916584491729736,-900.8790893554688,253265.6875,4467.03125,-2841.05859375,-0.0,-0.0,-0.0,-0.0,-0.0,-0.0,0.0093841552734375,0.00926971435546875,0.016937255859375,0.023193359375,0.0170135498046875,0.01987457275390625,0.012969970703125,0.03208160400390625,0.009002685546875,0.0115203857421875,0.026092529296875,0.026397705078125,0.02254486083984375,0.0133514404296875,0.00762939453125,0.03902435302734375,0.0909423828125,0.08697509765625,0.07965087890625,0.09368896484375,0.07843017578125,0.079345703125,0.3314208984375,0.16265869140625,0.21881103515625,0.40985107421875,0.06439208984375,0.037078857421875,-0.6536865234375,0.174102783203125,3.89801025390625,4.38568115234375,4.744785308837891,1.2499618530273438
1125,0.5625,-0.0,-0.0,-0.0,-0.0,-0.0,-0.0,-0.0,-0.0,-0.0,-0.0,-0.0,-0.0,-9.134581565856934,3.3193249702453613,-898.085693359375,252653.5,4819.58642578125,-2877.30810546875,-0.0,-0.0,-0.0,-0.0,-0.0,-0.0,0.0006866455078125,0.00331878662109375,-0.000152587890625,0.00072479248046875,0.0009918212890625,-0.000457763671875,0.0012969970703125,-0.00026702880859375,0.00019073486328125,0.00072479248046875,-7.62939453125e-05,-0.00331878662109375,0.0066375732421875,0.00133514404296875,-0.00225067138671875,-0.0012969970703125,0.03692626953125,0.07904052734375,0.069580078125,0.0701904296875,0.123138427734375,0.066986083984375,-0.03021240234375,0.40252685546875,-0.04791259765625,0.69549560546875,0.078887939453125,0.044403076171875,0.158843994140625,0.047454833984375,-0.193939208984375,4.11407470703125,6.566504001617432,1.2499618530273438
1126,0.5630000000000001,-0.0,-0.0,-0.0,-0.0,-0.0,-0.0,-0.0,-0.0,-0.0,-0.0,-0.0,-0.0,-8.513313293457031,2.475916624069214,-897.1171264648438,252105.25,4887.52392578125,-2680.926513671875,-0.0,-0.0,-0.0,-0.0,-0.0,-0.0,-0.01018524169921875,-0.00583648681640625,-0.0177001953125,-0.02010345458984375,-0.01476287841796875,-0.01949310302734375,-0.00949859619140625,-0.03253936767578125,-0.0077056884765625,-0.01209259033203125,-0.02727508544921875,-0.02490997314453125,-0.02124786376953125,-0.01331329345703125,-0.005645751953125,-0.03955841064453125,0.036773681640625,0.11932373046875,0.07049560546875,0.06134033203125,0.0848388671875,0.0885009765625,0.23223876953125,0.16357421875,0.0628662109375,-0.0054931640625,0.0732421875,0.09735107421875,0.896453857421875,0.084381103515625,-3.040771484375,-3.159637451171875,-0.8787814378738403,1.2499618530273438
1127,0.5635,-0.0,-0.0,-0.0,-0.0,-0.0,-0.0,-0.0,-0.0,-0.0,-0.0,-0.0,-0.0,-7.8610944747924805,1.5897903442382812,-893.6134643554688,251466.09375,5005.388671875,-2503.78125,-0.0,-0.0,-0.0,-0.0,-0.0,-0.0,-0.00030517578125,-0.0043487548828125,-0.00091552734375,0.0005340576171875,0.0011444091796875,0.00011444091796875,-0.00263214111328125,0.0005340576171875,0.0012969970703125,-0.00026702880859375,0.000152587890625,0.00400543212890625,-0.0034332275390625,0.00152587890625,0.00030517578125,0.0006866455078125,0.081024169921875,-0.07293701171875,0.074615478515625,0.07598876953125,0.074005126953125,0.08209228515625,0.11932373046875,0.09674072265625,0.21209716796875,0.14404296875,0.102081298828125,0.139617919921875,-0.13946533203125,0.0445556640625,0.4681396484375,-2.94921875,0.942937433719635,1.2499618530273438
1128,0.5640000000000001,-0.0,-0.0,-0.0,-0.0,-0.0,-0.0,-0.0,-0.0,-0.0,-0.0,-0.0,-0.0,-7.345954895019531,0.4041837453842163,-891.1552734375,250328.96875,5230.169921875,-2272.158447265625,-0.0,-0.0,-0.0,-0.0,-0.0,-0.0,0.00881195068359375,0.00568389892578125,0.01819610595703125,0.02162933349609375,0.01728057861328125,0.02140045166015625,0.01007080078125,0.03173828125,0.00934600830078125,0.0121307373046875,0.027313232421875,0.02651214599609375,0.0164794921875,0.0154876708984375,0.005645751953125,0.04070281982421875,0.0872802734375,0.0469970703125,0.082855224609375,0.078125,0.051116943359375,0.0750732421875,0.1324462890625,0.11199951171875,0.3448486328125,-0.13671875,0.121612548828125,0.14312744140625,-0.7037353515625,0.06805419921875,4.416656494140625,2.7960205078125,7.6753764152526855,1.2499618530273438
1129,0.5645,-0.0,-0.0,-0.0,-0.0,-0.0,-0.0,-0.0,-0.0,-0.0,-0.0,-0.0,-0.0,-7.1552934646606445,0.15971921384334564,-888.65771484375,249856.09375,5389.86376953125,-2104.267822265625,-0.0,-0.0,-0.0,-0.0,-0.0,-0.0,-3.814697265625e-05,0.004730224609375,-0.00030517578125,0.0006866455078125,0.00041961669921875,0.00026702880859375,0.00125885009765625,-0.0023651123046875,-0.0006103515625,3.814697265625e-05,0.0002288818359375,-0.0049591064453125,-0.0002288818359375,0.00156402587890625,-0.0003814697265625,-0.00091552734375,0.0762939453125,0.074615478515625,0.076141357421875,0.08331298828125,0.01861572265625,0.078582763671875,0.076904296875,0.12237548828125,-0.0897216796875,-0.01800537109375,-0.0042724609375,0.07110595703125,0.42694091796875,-0.0311279296875,-1.156768798828125,1.76055908203125,6.72491455078125,1.2499618530273438
1130,0.5650000000000001,-0.0,-0.0,-0.0,-0.0,-0.0,-0.0,-0.0,-0.0,-0.0,-0.0,-0.0,-0.0,-6.640477180480957,-0.09239580482244492,-886.2295532226562,248410.359375,5453.54296875,-2153.243896484375,-0.0,-0.0,-0.0,-0.0,-0.0,-0.0,-0.01079559326171875,-0.00835418701171875,-0.017547607421875,-0.02155303955078125,-0.016326904296875,-0.0201416015625,-0.0131988525390625,-0.03192901611328125,-0.0096893310546875,-0.01087188720703125,-0.02925872802734375,-0.02349853515625,-0.015716552734375,-0.0145721435546875,-0.00606536865234375,-0.04180908203125,0.08026123046875,0.081329345703125,0.081939697265625,0.079803466796875,0.108795166015625,0.0762939453125,0.2386474609375,0.0823974609375,0.36773681640625,0.1220703125,0.06317138671875,0.0384521484375,0.36468505859375,-0.0799560546875,-2.6446533203125,-1.587371826171875,-4.522219181060791,1.2499618530273438
1131,0.5655,-0.0,-0.0,-0.0,-0.0,-0.0,-0.0,-0.0,-0.0,-0.0,-0.0,-0.0,-0.0,-5.799930572509766,0.29854685068130493,-881.6915283203125,247165.53125,5659.412109375,-2087.63818359375,-0.0,-0.0,-0.0,-0.0,-0.0,-0.0,-0.0011444091796875,-0.00293731689453125,0.00171661376953125,0.0006103515625,0.0002288818359375,0.00049591064453125,0.00186920166015625,0.00080108642578125,0.0020599365234375,-0.00041961669921875,0.00057220458984375,0.00438690185546875,0.001983642578125,0.00057220458984375,-0.00072479248046875,0.001678466796875,0.08880615234375,0.07843017578125,0.06805419921875,0.081329345703125,0.03326416015625,0.069122314453125,0.19683837890625,0.1849365234375,0.2020263671875,0.36285400390625,0.062713623046875,0.14495849609375,-0.296173095703125,0.136871337890625,0.833282470703125,-0.598907470703125,-6.264732837677002,1.2499618530273438
1132,0.5660000000000001,-0.0,-0.0,-0.0,-0.0,-0.0,-0.0,-0.0,-0.0,-0.0,-0.0,-0.0,-0.0,-4.680120468139648,0.706573486328125,-878.0502319335938,246392.25,5454.44287109375,-1925.697265625,-0.0,-0.0,-0.0,-0.0,-0.0,-0.0,0.00835418701171875,0.0079345703125,0.01552581787109375,0.02384185791015625,0.0170135498046875,0.01953125,0.01270294189453125,0.030670166015625,0.0095367431640625,0.0119781494140625,0.0251007080078125,0.02727508544921875,0.01495361328125,0.0164031982421875,0.006561279296875,0.04032135009765625,0.083770751953125,0.085296630859375,0.082244873046875,0.0677490234375,0.000762939453125,0.084991455078125,0.0909423828125,0.086669921875,0.08636474609375,0.29449462890625,0.136566162109375,0.066070556640625,-0.80291748046875,-0.15533447265625,3.37310791015625,2.97607421875,7.0417351722717285,1.2499618530273438
1133,0.5665,-0.0,-0.0,-0.0,-0.0,-0.0,-0.0,-0.0,-0.0,-0.0,-0.0,-0.0,-0.0,-4.241386413574219,1.3581411838531494,-874.2296752929688,245536.3125,5677.43017578125,-1854.7215576171875,-0.0,-0.0,-0.0,-0.0,-0.0,-0.0,0.00030517578125,0.00701904296875,-0.00041961669921875,-0.0011444091796875,0.00080108642578125,-0.0022125244140625,0.001068115234375,0.000457763671875,-0.00152587890625,-0.00026702880859375,0.00011444091796875,-0.001373291015625,-0.0008392333984375,-0.00049591064453125,0.00110626220703125,-0.00057220458984375,0.071258544921875,0.0714111328125,0.08331298828125,0.0738525390625,0.123291015625,0.086822509765625,0.09918212890625,0.0909423828125,-0.391845703125,-0.123291015625,-0.005950927734375,-0.001678466796875,0.6219482421875,-0.0347900390625,0.09429931640625,2.634124755859375,5.932862758636475,1.2499618530273438
1134,0.5670000000000001,-0.0,-0.0,-0.0,-0.0,-0.0,-0.0,-0.0,-0.0,-0.0,-0.0,-0.0,-0.0,-4.213307857513428,2.009544610977173,-872.6162719726562,245037.015625,5609.4833984375,-1943.5697021484375,-0.0,-0.0,-0.0,-0.0,-0.0,-0.0,-0.0101470947265625,-0.0070953369140625,-0.0165557861328125,-0.0208282470703125,-0.0162506103515625,-0.01903533935546875,-0.009918212890625,-0.0304412841796875,-0.008087158203125,-0.013427734375,-0.02544403076171875,-0.0237274169921875,-0.01766204833984375,-0.0125885009765625,-0.0048065185546875,-0.04039764404296875,0.10162353515625,0.0738525390625,0.08148193359375,0.087127685546875,0.063323974609375,0.07049560546875,0.29388427734375,0.20904541015625,0.2606201171875,0.1336669921875,0.059051513671875,0.06011962890625,0.746917724609375,0.172119140625,-2.28729248046875,-2.356414794921875,-2.77970552444458,1.2499618530273438
1135,0.5675,-0.0,-0.0,-0.0,-0.0,-0.0,-0.0,-0.0,-0.0,-0.0,-0.0,-0.0,-0.0,-3.0882623195648193,3.4941723346710205,-868.2747192382812,244077.078125,5576.13525390625,-1923.91552734375,-0.0,-0.0,-0.0,-0.0,-0.0,-0.0,0.00118255615234375,-0.0052642822265625,-0.00034332275390625,-3.814697265625e-05,0.0003814697265625,0.00179290771484375,-0.00110626220703125,-7.62939453125e-05,-0.0006103515625,0.00316619873046875,0.0003814697265625,0.00507354736328125,-0.0012969970703125,0.00011444091796875,0.0018310546875,-0.00057220458984375,0.0732421875,-0.047454833984375,0.063934326171875,0.076446533203125,0.081787109375,0.066986083984375,0.1007080078125,0.16571044921875,0.20263671875,0.162353515625,0.07232666015625,0.075531005859375,-0.29083251953125,0.0579833984375,1.81854248046875,-1.82403564453125,-8.403271675109863,1.2499618530273438
1136,0.5680000000000001,-0.0,-0.0,-0.0,-0.0,-0.0,-0.0,-0.0,-0.0,-0.0,-0.0,-0.0,-0.0,-2.572612762451172,4.4267683029174805,-866.5943603515625,243950.171875,5502.57666015625,-1797.173828125,-0.0,-0.0,-0.0,-0.0,-0.0,-0.0,0.00942230224609375,0.0054931640625,0.01651763916015625,0.023651123046875,0.0156402587890625,0.02101898193359375,0.0110626220703125,0.03108978271484375,0.008544921875,0.0130462646484375,0.02635955810546875,0.024871826171875,0.01567840576171875,0.01495361328125,0.00904083251953125,0.04001617431640625,0.037384033203125,0.055694580078125,0.074615478515625,0.074615478515625,0.0872802734375,0.059967041015625,0.31158447265625,0.19744873046875,0.10223388671875,0.2117919921875,0.0762939453125,0.034637451171875,-0.789794921875,-0.00701904296875,2.875213623046875,2.1282958984375,7.992197036743164,1.2499618530273438
1137,0.5685,-0.0,-0.0,-0.0,-0.0,-0.0,-0.0,-0.0,-0.0,-0.0,-0.0,-0.0,-0.0,-2.029968023300171,5.348628997802734,-863.9961547851562,243694.8125,5008.5263671875,-1659.2198486328125,-0.0,-0.0,-0.0,-0.0,-0.0,-0.0,0.0006866455078125,0.00530242919921875,0.0005340576171875,-0.00087738037109375,0.0003814697265625,0.00156402587890625,3.814697265625e-05,0.00030517578125,-3.814697265625e-05,-0.00041961669921875,0.0006866455078125,-0.0043487548828125,0.0002288818359375,-0.00072479248046875,0.000457763671875,0.00030517578125,0.0689697265625,0.077667236328125,0.0799560546875,0.074005126953125,0.105438232421875,0.083770751953125,0.02716064453125,0.068359375,0.11077880859375,0.1171875,0.08331298828125,0.064239501953125,0.4364013671875,0.132598876953125,0.0347900390625,1.451568603515625,9.576300621032715,1.2499618530273438
1138,0.5690000000000001,-0.0,-0.0,-0.0,-0.0,-0.0,-0.0,-0.0,-0.0,-0.0,-0.0,-0.0,-0.0,-1.41937255859375,6.038610935211182,-864.0208740234375,243595.34375,4620.2373046875,-1733.1617431640625,-0.0,-0.0,-0.0,-0.0,-0.0,-0.0,-0.00885009765625,-0.00553131103515625,-0.0171661376953125,-0.020294189453125,-0.015106201171875,-0.0186920166015625,-0.01201629638671875,-0.0313568115234375,-0.009613037109375,-0.0121307373046875,-0.02349853515625,-0.02544403076171875,-0.01556396484375,-0.01277923583984375,-0.0072479248046875,-0.037384033203125,0.087738037109375,0.080718994140625,0.07598876953125,0.074005126953125,0.08880615234375,0.074615478515625,0.1959228515625,0.20050048828125,-0.07904052734375,0.272216796875,0.10040283203125,0.122528076171875,0.796661376953125,0.2947998046875,-1.398468017578125,-1.405029296875,-4.601424217224121,1.2499618530273438
1139,0.5695,-0.0,-0.0,-0.0,-0.0,-0.0,-0.0,-0.0,-0.0,-0.0,-0.0,-0.0,-0.0,-0.7260847091674805,6.840112209320068,-862.753662109375,243476.953125,4789.7548828125,-1727.0233154296875,-0.0,-0.0,-0.0,-0.0,-0.0,-0.0,-0.00171661376953125,-0.003204345703125,0.00133514404296875,0.0009918212890625,0.000152587890625,-0.00091552734375,0.00049591064453125,0.001068115234375,0.00026702880859375,0.00057220458984375,-0.0008392333984375,0.0023651123046875,0.0009918212890625,0.00125885009765625,0.00034332275390625,0.00049591064453125,0.091094970703125,0.051422119140625,0.083770751953125,0.080413818359375,0.08056640625,0.053863525390625,0.12664794921875,0.1953125,0.0726318359375,0.3326416015625,0.07598876953125,0.15350341796875,-0.1788330078125,-0.096893310546875,0.458221435546875,-2.693023681640625,-14.73968505859375,1.2499618530273438
1140,0.5700000000000001,-0.0,-0.0,-0.0,-0.0,-0.0,-0.0,-0.0,-0.0,-0.0,-0.0,-0.0,-0.0,-0.2100684642791748,7.523595333099365,-863.7005615234375,243471.4375,4644.208984375,-1667.2550048828125,-0.0,-0.0,-0.0,-0.0,-0.0,-0.0,0.0083160400390625,0.00934600830078125,0.01739501953125,0.023040771484375,0.01621246337890625,0.02071380615234375,0.0106048583984375,0.0316619873046875,0.010528564453125,0.01415252685546875,0.02361297607421875,0.02475738525390625,0.018768310546875,0.0151824951171875,0.00507354736328125,0.03864288330078125,0.059814453125,0.071563720703125,0.074005126953125,0.072784423828125,0.09063720703125,0.103912353515625,0.14984130859375,0.09521484375,0.45623779296875,-0.155029296875,0.086822509765625,0.11138916015625,-0.355987548828125,-0.19012451171875,2.4755859375,3.08807373046875,3.9527337551116943,1.2499618530273438
1141,0.5705,-0.0,-0.0,-0.0,-0.0,-0.0,-0.0,-0.0,-0.0,-0.0,-0.0,-0.0,-0.0,-0.016264909878373146,7.611858367919922,-864.022216796875,243322.65625,4501.9755859375,-1718.592529296875,-0.0,-0.0,-0.0,-0.0,-0.0,-0.0,0.00179290771484375,0.005340576171875,0.00072479248046875,0.0003814697265625,0.0002288818359375,-0.0016021728515625,0.00110626220703125,0.00164031982421875,-0.00049591064453125,-0.00171661376953125,0.00133514404296875,-0.0009918212890625,-0.00019073486328125,-0.00072479248046875,-0.0030517578125,0.0005340576171875,0.09185791015625,0.084228515625,0.072174072265625,0.0762939453125,0.082855224609375,0.075225830078125,0.43975830078125,0.18402099609375,0.20538330078125,-0.03143310546875,0.08880615234375,0.05584716796875,0.468902587890625,0.196380615234375,0.643157958984375,1.9989013671875,7.833786964416504,1.2499618530273438
1142,0.5710000000000001,-0.0,-0.0,-0.0,-0.0,-0.0,-0.0,-0.0,-0.0,-0.0,-0.0,-0.0,-0.0,-0.28235554695129395,8.374407768249512,-863.8011474609375,243598.375,4392.19287109375,-1734.8626708984375,-0.0,-0.0,-0.0,-0.0,-0.0,-0.0,-0.0102996826171875,-0.0098419189453125,-0.01583099365234375,-0.02368927001953125,-0.014801025390625,-0.0200653076171875,-0.01102447509765625,-0.03124237060546875,-0.01068115234375,-0.01220703125,-0.026702880859375,-0.02071380615234375,-0.013275146484375,-0.01361846923828125,-0.00492095947265625,-0.04058837890625,0.0689697265625,0.0750732421875,0.075225830078125,0.081024169921875,-0.119476318359375,0.081634521484375,0.0079345703125,0.098876953125,0.25604248046875,0.05157470703125,0.076751708984375,0.029144287109375,0.487518310546875,0.21209716796875,-0.322113037109375,-1.7730712890625,-2.225269317626953,1.2499618530273438
1143,0.5715,-0.0,-0.0,-0.0,-0.0,-0.0,-0.0,-0.0,-0.0,-0.0,-0.0,-0.0,-0.0,0.040266137570142746,8.406637191772461,-863.102783203125,242972.09375,4198.3447265625,-1748.014404296875,-0.0,-0.0,-0.0,-0.0,-0.0,-0.0,-0.000152587890625,-0.00492095947265625,0.0014495849609375,0.0023651123046875,0.001678466796875,-0.0006103515625,-0.00255584716796875,0.001983642578125,-0.00011444091796875,0.0018310546875,0.001068115234375,0.00133514404296875,-0.00049591064453125,0.00164031982421875,0.00331878662109375,-0.000152587890625,0.09063720703125,0.12725830078125,0.07415771484375,0.08636474609375,0.09246826171875,0.07598876953125,0.1080322265625,0.15289306640625,-0.19561767578125,0.19134521484375,0.088043212890625,0.082244873046875,-0.201568603515625,-0.060882568359375,0.031890869140625,-2.385101318359375,-5.551886081695557,1.2499618530273438
1144,0.5720000000000001,-0.0,-0.0,-0.0,-0.0,-0.0,-0.0,-0.0,-0.0,-0.0,-0.0,-0.0,-0.0,-0.008176781237125397,7.635878086090088,-862.9760131835938,242558.546875,4359.53369140625,-1788.6805419921875,-0.0,-0.0,-0.0,-0.0,-0.0,-0.0,0.0102996826171875,0.00762939453125,0.01682281494140625,0.022430419921875,0.016632080078125,0.0209808349609375,0.0113677978515625,0.03170013427734375,0.01110076904296875,0.0128173828125,0.02536773681640625,0.02552032470703125,0.01644134521484375,0.01369476318359375,0.008697509765625,0.0389862060546875,0.089263916015625,0.075531005859375,0.076751708984375,0.081634521484375,0.06927490234375,0.072784423828125,0.09185791015625,0.17974853515625,0.5120849609375,0.19317626953125,0.06195068359375,0.09033203125,-0.709228515625,-0.076446533203125,3.0450439453125,2.35992431640625,5.536837100982666,1.2499618530273438
1145,0.5725,-0.0,-0.0,-0.0,-0.0,-0.0,-0.0,-0.0,-0.0,-0.0,-0.0,-0.0,-0.0,0.0,6.937024116516113,-861.2938842773438,241917.734375,4496.91162109375,-1861.7061767578125,-0.0,-0.0,-0.0,-0.0,-0.0,-0.0,0.00141143798828125,0.0072479248046875,-0.00087738037109375,0.0003814697265625,-0.00034332275390625,0.00118255615234375,0.0031280517578125,-0.0026702880859375,-0.0005340576171875,0.0003814697265625,0.0029754638671875,-0.003509521484375,0.005035400390625,-0.00110626220703125,0.0,0.00057220458984375,-0.01922607421875,0.117950439453125,0.059814453125,0.0750732421875,0.19561767578125,0.069122314453125,0.29052734375,0.130615234375,0.18310546875,0.30303955078125,0.095062255859375,-0.012664794921875,0.664215087890625,0.233001708984375,-0.01312255859375,4.59442138671875,9.576300621032715,1.2499618530273438
1146,0.5730000000000001,-0.0,-0.0,-0.0,-0.0,-0.0,-0.0,-0.0,-0.0,-0.0,-0.0,-0.0,-0.0,-0.5162917375564575,6.535804748535156,-860.8541259765625,241651.78125,4463.4296875,-2040.1846923828125,-0.0,-0.0,-0.0,-0.0,-0.0,-0.0,-0.0107574462890625,-0.0116729736328125,-0.01728057861328125,-0.02185821533203125,-0.014801025390625,-0.01895904541015625,-0.0128173828125,-0.02948760986328125,-0.00942230224609375,-0.01255035400390625,-0.024871826171875,-0.02597808837890625,-0.01605987548828125,-0.0153350830078125,-0.0046539306640625,-0.03879547119140625,0.10894775390625,0.0091552734375,0.097503662109375,0.068817138671875,0.044403076171875,0.084991455078125,0.1495361328125,0.22491455078125,0.4998779296875,-0.0946044921875,0.056610107421875,-0.00885009765625,0.3570556640625,0.067291259765625,-2.83660888671875,-2.2406005859375,-4.284603595733643,1.2499618530273438
1147,0.5735,-0.0,-0.0,-0.0,-0.0,-0.0,-0.0,-0.0,-0.0,-0.0,-0.0,-0.0,-0.0,-1.2738137245178223,6.311576843261719,-860.9451904296875,241039.703125,4479.81982421875,-2121.431640625,-0.0,-0.0,-0.0,-0.0,-0.0,-0.0,-3.814697265625e-05,-0.003204345703125,0.00030517578125,0.00244140625,0.0009918212890625,-0.00133514404296875,-0.00232696533203125,0.00110626220703125,0.00194549560546875,7.62939453125e-05,0.00164031982421875,0.00095367431640625,-0.00270843505859375,0.0025177001953125,-0.0014495849609375,0.0011444091796875,0.1251220703125,0.15411376953125,0.06561279296875,0.0848388671875,-0.157318115234375,0.084075927734375,0.1849365234375,0.14862060546875,-0.33782958984375,0.1177978515625,0.12176513671875,0.093994140625,-0.041961669921875,0.19378662109375,-0.34942626953125,-2.167205810546875,-4.443014144897461,1.2499618530273438
1148,0.5740000000000001,-0.0,-0.0,-0.0,-0.0,-0.0,-0.0,-0.0,-0.0,-0.0,-0.0,-0.0,-0.0,-1.9674936532974243,5.434983253479004,-860.9083251953125,240625.96875,4445.81494140625,-2275.694580078125,-0.0,-0.0,-0.0,-0.0,-0.0,-0.0,0.00942230224609375,0.00762939453125,0.019073486328125,0.0240325927734375,0.01674652099609375,0.02132415771484375,0.01270294189453125,0.0304412841796875,0.01094818115234375,0.0113677978515625,0.025634765625,0.02590179443359375,0.01750946044921875,0.01590728759765625,0.005950927734375,0.03986358642578125,-0.00213623046875,0.155792236328125,0.05126953125,0.07354736328125,0.233917236328125,0.079345703125,0.31829833984375,0.1556396484375,0.2593994140625,0.16021728515625,0.049285888671875,0.133209228515625,-0.550384521484375,-0.045623779296875,3.27056884765625,3.498992919921875,6.80411958694458,1.2499618530273438
1149,0.5745,-0.0,-0.0,-0.0,-0.0,-0.0,-0.0,-0.0,-0.0,-0.0,-0.0,-0.0,-0.0,-2.635802745819092,4.857692718505859,-861.6057739257812,240665.59375,4552.3603515625,-2438.37451171875,-0.0,-0.0,-0.0,-0.0,-0.0,-0.0,0.0005340576171875,0.00244140625,0.000457763671875,0.00057220458984375,0.0006103515625,-0.00194549560546875,-0.0029754638671875,0.000152587890625,0.00049591064453125,-0.00064849853515625,-0.00118255615234375,0.000152587890625,-0.00091552734375,0.00133514404296875,0.00080108642578125,-0.00209808349609375,0.0701904296875,0.10101318359375,0.073699951171875,0.072784423828125,0.14862060546875,0.06744384765625,0.1312255859375,0.14068603515625,-0.1873779296875,0.0067138671875,0.0836181640625,0.107421875,0.25665283203125,0.057830810546875,1.068572998046875,1.488800048828125,7.437760829925537,1.2499618530273438
1150,0.5750000000000001,-0.0,-0.0,-0.0,-0.0,-0.0,-0.0,-0.0,-0.0,-0.0,-0.0,-0.0,-0.0,-2.4739718437194824,5.059909820556641,-864.6854248046875,240975.09375,4233.7216796875,-2497.522216796875,-0.0,-0.0,-0.0,-0.0,-0.0,-0.0,-0.00850677490234375,-0.01056671142578125,-0.01598358154296875,-0.0217437744140625,-0.01628875732421875,-0.01697540283203125,-0.01346588134765625,-0.0307464599609375,-0.00946044921875,-0.0118255615234375,-0.024871826171875,-0.02613067626953125,-0.01750946044921875,-0.0133514404296875,-0.0064849853515625,-0.039215087890625,0.081024169921875,0.08148193359375,0.077667236328125,0.076141357421875,0.12115478515625,0.079803466796875,0.126953125,0.08087158203125,0.443115234375,-0.181884765625,0.081329345703125,0.0933837890625,0.490264892578125,0.10467529296875,-2.540435791015625,-1.869964599609375,-3.5717570781707764,1.2499618530273438
1151,0.5755,-0.0,-0.0,-0.0,-0.0,-0.0,-0.0,-0.0,-0.0,-0.0,-0.0,-0.0,-0.0,-2.9117748737335205,4.4473090171813965,-867.437255859375,241197.5625,4018.55712890625,-2489.274658203125,-0.0,-0.0,-0.0,-0.0,-0.0,-0.0,0.00080108642578125,-0.00385284423828125,0.0005340576171875,-0.00102996826171875,0.00080108642578125,0.00095367431640625,0.00080108642578125,-0.0017547607421875,0.001220703125,0.00194549560546875,0.0006103515625,0.002899169921875,-0.0032806396484375,0.0008392333984375,-0.00026702880859375,0.0029754638671875,0.086517333984375,0.06378173828125,0.080413818359375,0.06927490234375,0.093994140625,0.06988525390625,0.120849609375,0.142822265625,0.11199951171875,0.1312255859375,0.0592041015625,0.08331298828125,-0.2435302734375,-0.13824462890625,0.211334228515625,-2.382354736328125,-5.947912216186523,1.2499618530273438
1152,0.5760000000000001,-0.0,-0.0,-0.0,-0.0,-0.0,-0.0,-0.0,-0.0,-0.0,-0.0,-0.0,-0.0,-2.6926021575927734,4.088836193084717,-870.2089233398438,240827.265625,3853.338134765625,-2382.7451171875,-0.0,-0.0,-0.0,-0.0,-0.0,-0.0,0.0091552734375,0.008087158203125,0.01758575439453125,0.02231597900390625,0.0182342529296875,0.0193023681640625,0.0130462646484375,0.032501220703125,0.01129150390625,0.0115203857421875,0.02811431884765625,0.02658843994140625,0.02170562744140625,0.01468658447265625,0.00812530517578125,0.03997802734375,0.094146728515625,0.019989013671875,0.082550048828125,0.075225830078125,-0.111541748046875,0.076141357421875,0.155029296875,0.1416015625,0.32440185546875,0.26519775390625,0.0714111328125,0.139007568359375,-0.507965087890625,0.08270263671875,4.006500244140625,4.344940185546875,6.72491455078125,1.2499618530273438
1153,0.5765,-0.0,-0.0,-0.0,-0.0,-0.0,-0.0,-0.0,-0.0,-0.0,-0.0,-0.0,-0.0,-2.129058837890625,3.402761459350586,-874.4407958984375,241143.890625,3450.84814453125,-2087.552734375,-0.0,-0.0,-0.0,-0.0,-0.0,-0.0,0.001678466796875,0.0038909912109375,7.62939453125e-05,0.00034332275390625,0.0006866455078125,-0.0002288818359375,0.00156402587890625,-0.00019073486328125,-0.00263214111328125,0.002288818359375,7.62939453125e-05,-0.0052642822265625,3.814697265625e-05,0.00064849853515625,0.0016021728515625,-0.001220703125,0.076446533203125,0.101165771484375,0.07293701171875,0.081634521484375,0.186767578125,0.0726318359375,0.1934814453125,0.12054443359375,-0.14923095703125,0.26519775390625,0.07720947265625,0.057373046875,0.223846435546875,-0.097503662109375,-0.792694091796875,1.680450439453125,6.962530136108398,1.2499618530273438
1154,0.577,-0.0,-0.0,-0.0,-0.0,-0.0,-0.0,-0.0,-0.0,-0.0,-0.0,-0.0,-0.0,-1.2729625701904297,2.545891046524048,-876.49267578125,241402.234375,2906.67041015625,-1897.311279296875,-0.0,-0.0,-0.0,-0.0,-0.0,-0.0,-0.00873565673828125,-0.0101470947265625,-0.0167083740234375,-0.0206756591796875,-0.01613616943359375,-0.0200653076171875,-0.010528564453125,-0.03101348876953125,-0.00743865966796875,-0.01308441162109375,-0.02620697021484375,-0.02437591552734375,-0.0174713134765625,-0.01224517822265625,-0.0060272216796875,-0.039215087890625,0.073394775390625,0.0848388671875,0.0750732421875,0.08209228515625,0.054168701171875,0.054473876953125,0.08087158203125,0.07904052734375,-0.19195556640625,0.18218994140625,0.108184814453125,-0.010223388671875,0.472412109375,0.0225830078125,-2.1588134765625,-2.025146484375,-2.77970552444458,1.2499618530273438
1155,0.5775,-0.0,-0.0,-0.0,-0.0,-0.0,-0.0,-0.0,-0.0,-0.0,-0.0,-0.0,-0.0,-1.303808569908142,1.6165257692337036,-880.6660766601562,241611.609375,2931.04736328125,-1681.024658203125,-0.0,-0.0,-0.0,-0.0,-0.0,-0.0,0.0005340576171875,-0.004730224609375,0.000457763671875,0.001373291015625,0.00080108642578125,0.00240325927734375,0.0005340576171875,0.0017547607421875,0.00064849853515625,-0.000152587890625,0.00316619873046875,0.00274658203125,0.00057220458984375,0.00087738037109375,-0.0008392333984375,0.00301361083984375,0.084228515625,0.0848388671875,0.091094970703125,0.0860595703125,0.085296630859375,0.0909423828125,0.0311279296875,0.1409912109375,0.63018798828125,0.14556884765625,0.071258544921875,0.050506591796875,-0.331878662109375,0.086822509765625,0.572357177734375,-1.969451904296875,2.2894251346588135,1.2499618530273438
1156,0.578,-0.0,-0.0,-0.0,-0.0,-0.0,-0.0,-0.0,-0.0,-0.0,-0.0,-0.0,-0.0,-0.9450398087501526,0.6182518005371094,-883.111328125,241820.578125,2488.850830078125,-1390.791259765625,-0.0,-0.0,-0.0,-0.0,-0.0,-0.0,0.0090789794921875,0.007781982421875,0.017547607421875,0.0235748291015625,0.01773834228515625,0.02033233642578125,0.013275146484375,0.0316619873046875,0.01251220703125,0.01140594482421875,0.028533935546875,0.02735137939453125,0.0162506103515625,0.01495361328125,0.00843048095703125,0.0392913818359375,0.088348388671875,0.043487548828125,0.073089599609375,0.074005126953125,-0.00762939453125,0.076446533203125,0.12969970703125,0.242919921875,0.06256103515625,0.223388671875,0.052337646484375,0.10467529296875,-0.6689453125,0.1416015625,4.120635986328125,2.81707763671875,6.170478343963623,1.2499618530273438
1157,0.5785,-0.0,-0.0,-0.0,-0.0,-0.0,-0.0,-0.0,-0.0,-0.0,-0.0,-0.0,-0.0,-0.5476120710372925,-0.6454533934593201,-885.2201538085938,241705.3125,2415.174072265625,-1375.36328125,-0.0,-0.0,-0.0,-0.0,-0.0,-0.0,-0.00064849853515625,0.00583648681640625,0.0008392333984375,0.00118255615234375,0.00049591064453125,-0.00171661376953125,0.00102996826171875,0.00011444091796875,-0.00244140625,-0.001373291015625,-0.00049591064453125,-0.00293731689453125,0.00091552734375,0.002288818359375,-0.00240325927734375,-0.002593994140625,0.233001708984375,0.316162109375,0.094451904296875,0.081024169921875,0.03204345703125,0.054473876953125,0.1953125,0.2252197265625,0.205078125,0.20843505859375,0.0927734375,0.150909423828125,0.3839111328125,0.0360107421875,-0.00885009765625,1.70562744140625,6.012068271636963,1.2499618530273438
1158,0.579,-0.0,-0.0,-0.0,-0.0,-0.0,-0.0,-0.0,-0.0,-0.0,-0.0,-0.0,-0.0,-1.00337553024292,-1.4283684492111206,-886.9535522460938,241517.59375,2340.24658203125,-1276.630126953125,-0.0,-0.0,-0.0,-0.0,-0.0,-0.0,-0.0089263916015625,-0.01068115234375,-0.0152587890625,-0.022430419921875,-0.015716552734375,-0.01995086669921875,-0.01224517822265625,-0.0321197509765625,-0.0106048583984375,-0.01117706298828125,-0.0251007080078125,-0.02651214599609375,-0.015869140625,-0.01373291015625,-0.0074005126953125,-0.03932952880859375,-0.026702880859375,-0.398712158203125,0.100250244140625,0.074615478515625,0.194549560546875,0.10528564453125,0.1434326171875,0.09307861328125,0.1263427734375,0.0067138671875,0.06591796875,0.084381103515625,0.464630126953125,0.0140380859375,-2.669525146484375,-1.98394775390625,-2.3836796283721924,1.2499618530273438
1159,0.5795,-0.0,-0.0,-0.0,-0.0,-0.0,-0.0,-0.0,-0.0,-0.0,-0.0,-0.0,-0.0,-1.1836671829223633,-2.783412456512451,-888.6903686523438,241375.09375,2119.864013671875,-1282.189697265625,-0.0,-0.0,-0.0,-0.0,-0.0,-0.0,3.814697265625e-05,-0.00034332275390625,0.00179290771484375,-0.001220703125,0.001678466796875,0.00110626220703125,0.00244140625,0.0005340576171875,-0.00133514404296875,0.0012969970703125,0.00263214111328125,0.00560760498046875,0.0003814697265625,-0.000152587890625,0.00293731689453125,0.0032806396484375,0.0323486328125,0.12420654296875,0.0433349609375,0.0714111328125,0.204010009765625,0.07415771484375,0.1971435546875,0.19439697265625,0.08087158203125,0.0982666015625,0.0872802734375,-0.015411376953125,0.1416015625,0.216522216796875,0.650177001953125,-1.1175537109375,-6.343937873840332,1.2499618530273438
1160,0.58,-0.0,-0.0,-0.0,-0.0,-0.0,-0.0,-0.0,-0.0,-0.0,-0.0,-0.0,-0.0,-1.7438726425170898,-3.63629412651062,-887.2630615234375,240661.109375,2066.99658203125,-1243.755615234375,-0.0,-0.0,-0.0,-0.0,-0.0,-0.0,0.00972747802734375,0.0048065185546875,0.0194549560546875,0.02254486083984375,0.01598358154296875,0.0212860107421875,0.0104522705078125,0.03269195556640625,0.010528564453125,0.01129150390625,0.02716064453125,0.0220489501953125,0.01941680908203125,0.01514434814453125,0.00598907470703125,0.03925323486328125,0.063629150390625,0.153656005859375,0.066986083984375,0.064849853515625,0.11199951171875,0.067291259765625,0.06561279296875,-0.02105712890625,0.1263427734375,0.04150390625,0.07354736328125,0.063934326171875,-0.7049560546875,-0.06134033203125,2.47344970703125,3.058624267578125,6.72491455078125,1.2499618530273438
1161,0.5805,-0.0,-0.0,-0.0,-0.0,-0.0,-0.0,-0.0,-0.0,-0.0,-0.0,-0.0,-0.0,-1.8800044059753418,-4.5626349449157715,-888.071044921875,240273.328125,1953.3944091796875,-1479.9873046875,-0.0,-0.0,-0.0,-0.0,-0.0,-0.0,0.00019073486328125,0.00335693359375,0.00087738037109375,-0.00095367431640625,-0.0014495849609375,-7.62939453125e-05,0.001068115234375,-0.00057220458984375,-0.00026702880859375,-0.0025177001953125,-0.0011444091796875,-0.0043487548828125,0.0034332275390625,-0.00171661376953125,-0.001678466796875,-0.0009918212890625,0.07049560546875,0.085601806640625,0.055389404296875,0.072479248046875,0.066070556640625,0.079803466796875,0.09674072265625,0.1495361328125,0.1116943359375,0.152587890625,0.079803466796875,0.0958251953125,0.42755126953125,0.110015869140625,-0.55389404296875,2.598724365234375,7.279350757598877,1.2499618530273438
1162,0.581,-0.0,-0.0,-0.0,-0.0,-0.0,-0.0,-0.0,-0.0,-0.0,-0.0,-0.0,-0.0,-2.604203462600708,-4.609208106994629,-887.9517822265625,239528.328125,2058.400146484375,-1490.7464599609375,-0.0,-0.0,-0.0,-0.0,-0.0,-0.0,-0.00919342041015625,-0.00797271728515625,-0.01674652099609375,-0.02147674560546875,-0.01430511474609375,-0.0185394287109375,-0.01209259033203125,-0.03154754638671875,-0.01163482666015625,-0.010986328125,-0.0278472900390625,-0.02483367919921875,-0.015411376953125,-0.01438140869140625,-0.00614166259765625,-0.0385284423828125,0.08697509765625,0.106658935546875,0.070953369140625,0.070343017578125,0.059356689453125,0.06927490234375,0.213623046875,0.1922607421875,0.07354736328125,0.108642578125,0.070648193359375,0.05584716796875,0.619049072265625,0.0830078125,-2.236480712890625,-1.589202880859375,-3.254936456680298,1.2499618530273438
1163,0.5815,-0.0,-0.0,-0.0,-0.0,-0.0,-0.0,-0.0,-0.0,-0.0,-0.0,-0.0,-0.0,-3.5934195518493652,-5.887692451477051,-887.6614990234375,238958.921875,1946.4486083984375,-1467.6181640625,-0.0,-0.0,-0.0,-0.0,-0.0,-0.0,-0.00125885009765625,-0.0054168701171875,-0.00049591064453125,0.00152587890625,0.0009918212890625,-7.62939453125e-05,-0.001373291015625,0.0006103515625,0.00274658203125,0.00034332275390625,0.00148773193359375,0.0061798095703125,-0.00026702880859375,0.0025177001953125,0.0003814697265625,0.0019073486328125,0.14404296875,0.037689208984375,0.097503662109375,0.072174072265625,0.0592041015625,0.0799560546875,0.17425537109375,0.15625,-0.12298583984375,0.1812744140625,0.10833740234375,0.069122314453125,-0.38818359375,0.15350341796875,1.9500732421875,-1.649017333984375,-7.532015323638916,1.2499618530273438
1164,0.582,-0.0,-0.0,-0.0,-0.0,-0.0,-0.0,-0.0,-0.0,-0.0,-0.0,-0.0,-0.0,-4.096432685852051,-5.932408332824707,-886.6721801757812,238213.78125,2354.406982421875,-1640.6591796875,-0.0,-0.0,-0.0,-0.0,-0.0,-0.0,0.0091552734375,0.006561279296875,0.0171661376953125,0.0234222412109375,0.0164031982421875,0.021820068359375,0.0093841552734375,0.0304412841796875,0.01251220703125,0.0115966796875,0.02712249755859375,0.0251007080078125,0.0164031982421875,0.015411376953125,0.00762939453125,0.039825439453125,0.008392333984375,0.144805908203125,0.07476806640625,0.077667236328125,0.066375732421875,0.097503662109375,0.240478515625,0.10498046875,0.15869140625,-0.05584716796875,0.07293701171875,0.08331298828125,-0.6219482421875,-0.145263671875,3.1317138671875,3.3514404296875,6.566504001617432,1.2499618530273438
1165,0.5825,-0.0,-0.0,-0.0,-0.0,-0.0,-0.0,-0.0,-0.0,-0.0,-0.0,-0.0,-0.0,-5.574466705322266,-7.462900161743164,-886.2639770507812,237780.5,2564.26025390625,-1825.3177490234375,-0.0,-0.0,-0.0,-0.0,-0.0,-0.0,-0.0003814697265625,0.0061798095703125,-0.0006866455078125,-0.00095367431640625,7.62939453125e-05,0.00171661376953125,0.00156402587890625,-0.0011444091796875,-0.00179290771484375,-0.00102996826171875,0.00057220458984375,-0.0029754638671875,-0.00030517578125,-0.00244140625,0.00064849853515625,-0.0003814697265625,0.064697265625,0.116119384765625,0.067596435546875,0.06988525390625,0.07904052734375,0.027313232421875,-0.025634765625,0.189208984375,0.5804443359375,0.28656005859375,0.076446533203125,0.10345458984375,0.625,0.204010009765625,0.177154541015625,1.108856201171875,6.80411958694458,1.2499618530273438
1166,0.583,-0.0,-0.0,-0.0,-0.0,-0.0,-0.0,-0.0,-0.0,-0.0,-0.0,-0.0,-0.0,-7.052614212036133,-8.169650077819824,-882.30615234375,236551.40625,3334.177978515625,-2004.4935302734375,-0.0,-0.0,-0.0,-0.0,-0.0,-0.0,-0.00919342041015625,-0.0084686279296875,-0.0160980224609375,-0.0214385986328125,-0.01544952392578125,-0.0209808349609375,-0.00965118408203125,-0.0302886962890625,-0.00988006591796875,-0.01220703125,-0.0240325927734375,-0.02437591552734375,-0.01434326171875,-0.01514434814453125,-0.005950927734375,-0.0394439697265625,0.05645751953125,0.069580078125,0.086669921875,0.051422119140625,0.03570556640625,0.103607177734375,0.284423828125,0.09307861328125,0.14190673828125,0.1531982421875,0.0799560546875,0.106964111328125,0.76019287109375,0.49072265625,-2.29461669921875,-1.881103515625,0.07168057560920715,1.2499618530273438
1167,0.5835,-0.0,-0.0,-0.0,-0.0,-0.0,-0.0,-0.0,-0.0,-0.0,-0.0,-0.0,-0.0,-8.545490264892578,-8.360962867736816,-879.1047973632812,235448.4375,4375.5322265625,-2376.314453125,-0.0,-0.0,-0.0,-0.0,-0.0,-0.0,0.00057220458984375,-0.0077056884765625,0.001373291015625,0.00148773193359375,3.814697265625e-05,0.0016021728515625,-0.001983642578125,0.00255584716796875,0.00263214111328125,0.00019073486328125,0.00156402587890625,0.0031280517578125,0.00217437744140625,-0.000457763671875,-0.00194549560546875,0.001678466796875,0.084381103515625,0.0701904296875,0.08087158203125,0.076446533203125,0.057220458984375,0.07537841796875,0.1007080078125,0.12451171875,0.34515380859375,-0.04730224609375,0.100250244140625,0.0433349609375,-0.4327392578125,0.10498046875,0.018768310546875,-1.810302734375,-4.99744987487793,1.2499618530273438
1168,0.584,-0.0,-0.0,-0.0,-0.0,-0.0,-0.0,-0.0,-0.0,-0.0,-0.0,-0.0,-0.0,-9.506757736206055,-8.184638023376465,-875.5565185546875,234731.875,4825.50537109375,-2446.208251953125,-0.0,-0.0,-0.0,-0.0,-0.0,-0.0,0.0084686279296875,0.00762939453125,0.01773834228515625,0.02208709716796875,0.01705169677734375,0.02025604248046875,0.00995635986328125,0.03204345703125,0.0070953369140625,0.013885498046875,0.0261688232421875,0.02399444580078125,0.01926422119140625,0.01373291015625,0.006866455078125,0.040435791015625,0.077362060546875,0.071258544921875,0.07415771484375,0.075225830078125,0.06500244140625,0.072174072265625,0.184326171875,0.1678466796875,0.350341796875,-0.21240234375,0.035858154296875,0.04913330078125,-0.71533203125,-0.15960693359375,2.762603759765625,2.63519287109375,-4.99744987487793,1.2499618530273438
1169,0.5845,-0.0,-0.0,-0.0,-0.0,-0.0,-0.0,-0.0,-0.0,-0.0,-0.0,-0.0,-0.0,-9.980331420898438,-7.286905765533447,-871.5372924804688,233876.171875,5283.361328125,-2683.615478515625,-0.0,-0.0,-0.0,-0.0,-0.0,-0.0,-0.00148773193359375,0.00514984130859375,0.00041961669921875,0.0005340576171875,-0.0006103515625,-0.00347137451171875,0.001678466796875,-0.0016021728515625,-0.00041961669921875,-0.00171661376953125,-0.0020599365234375,-0.0034332275390625,0.00179290771484375,-0.00091552734375,-0.00209808349609375,-0.00102996826171875,0.083465576171875,0.077362060546875,0.078582763671875,0.081787109375,0.075836181640625,0.0750732421875,0.21942138671875,0.20599365234375,-0.20263671875,0.25665283203125,0.04486083984375,0.10101318359375,0.40283203125,-0.0494384765625,-0.133819580078125,1.97113037109375,7.437760829925537,1.2499618530273438
1170,0.585,-0.0,-0.0,-0.0,-0.0,-0.0,-0.0,-0.0,-0.0,-0.0,-0.0,-0.0,-0.0,-10.394935607910156,-6.094196319580078,-869.564453125,232840.203125,5540.59912109375,-2728.276611328125,-0.0,-0.0,-0.0,-0.0,-0.0,-0.0,-0.009613037109375,-0.00736236572265625,-0.01659393310546875,-0.0211334228515625,-0.0153350830078125,-0.0191497802734375,-0.01079559326171875,-0.03032684326171875,-0.00865936279296875,-0.01171112060546875,-0.02513885498046875,-0.019378662109375,-0.0177764892578125,-0.01125335693359375,-0.008544921875,-0.0388336181640625,0.0689697265625,0.086669921875,0.07965087890625,0.070953369140625,0.08056640625,0.079193115234375,0.1470947265625,0.11322021484375,0.20599365234375,0.18463134765625,0.053253173828125,0.10833740234375,0.653839111328125,0.2447509765625,-1.146697998046875,-2.1759033203125,-4.99744987487793,1.2499618530273438
1171,0.5855,-0.0,-0.0,-0.0,-0.0,-0.0,-0.0,-0.0,-0.0,-0.0,-0.0,-0.0,-0.0,-10.482400894165039,-5.180517196655273,-865.483642578125,232480.484375,5767.337890625,-2559.87841796875,-0.0,-0.0,-0.0,-0.0,-0.0,-0.0,-0.00030517578125,-0.00263214111328125,0.001983642578125,-0.0006103515625,0.0017547607421875,0.002288818359375,-0.000152587890625,0.00072479248046875,0.0014495849609375,0.00072479248046875,0.00102996826171875,0.00308990478515625,-0.00591278076171875,0.00209808349609375,0.0014495849609375,0.0020599365234375,0.088958740234375,0.06011962890625,0.076446533203125,0.079345703125,0.07720947265625,0.07598876953125,0.1202392578125,0.11444091796875,0.14312744140625,0.17913818359375,0.10162353515625,0.031280517578125,-0.189666748046875,-0.0201416015625,-0.58502197265625,-4.121246337890625,-5.314270973205566,1.2499618530273438
1172,0.586,-0.0,-0.0,-0.0,-0.0,-0.0,-0.0,-0.0,-0.0,-0.0,-0.0,-0.0,-0.0,-10.496779441833496,-3.8285934925079346,-863.208740234375,232183.453125,5959.33984375,-2866.51708984375,-0.0,-0.0,-0.0,-0.0,-0.0,-0.0,0.0093841552734375,0.00640869140625,0.01804351806640625,0.02407073974609375,0.01674652099609375,0.01781463623046875,0.0124359130859375,0.031585693359375,0.0092315673828125,0.0121307373046875,0.02529144287109375,0.02552032470703125,0.02231597900390625,0.01338958740234375,0.00988006591796875,0.03940582275390625,0.068359375,0.043182373046875,0.076751708984375,0.086669921875,0.085906982421875,0.08087158203125,0.2606201171875,0.238037109375,-0.40985107421875,0.16265869140625,0.069122314453125,0.0177001953125,-0.863189697265625,-0.0994873046875,3.32855224609375,4.4110107421875,5.061605930328369,1.2499618530273438
1173,0.5865,-0.0,-0.0,-0.0,-0.0,-0.0,-0.0,-0.0,-0.0,-0.0,-0.0,-0.0,-0.0,-9.84455394744873,-2.427680015563965,-862.866943359375,231895.375,6113.0439453125,-2642.904052734375,-0.0,-0.0,-0.0,-0.0,-0.0,-0.0,0.00125885009765625,0.0049591064453125,-0.002593994140625,-0.0018310546875,0.000457763671875,0.0003814697265625,0.001983642578125,-0.00194549560546875,-0.0006103515625,0.00202178955078125,0.00057220458984375,-0.00453948974609375,0.004730224609375,0.0011444091796875,-0.00057220458984375,-0.00278472900390625,0.081787109375,0.072174072265625,0.081329345703125,0.08056640625,0.08056640625,0.079193115234375,0.0848388671875,0.150146484375,0.5718994140625,0.20111083984375,0.08056640625,0.0860595703125,0.3363037109375,0.17242431640625,1.271209716796875,4.9951171875,7.754581928253174,1.2499618530273438
1174,0.587,-0.0,-0.0,-0.0,-0.0,-0.0,-0.0,-0.0,-0.0,-0.0,-0.0,-0.0,-0.0,-9.578173637390137,-1.0884407758712769,-862.3377685546875,232283.0,5835.1337890625,-2503.667236328125,-0.0,-0.0,-0.0,-0.0,-0.0,-0.0,-0.00865936279296875,-0.00896453857421875,-0.01567840576171875,-0.02254486083984375,-0.01514434814453125,-0.019073486328125,-0.0107574462890625,-0.03170013427734375,-0.0099945068359375,-0.01262664794921875,-0.02803802490234375,-0.02777099609375,-0.01796722412109375,-0.0136566162109375,-0.0080108642578125,-0.0390625,0.084381103515625,0.090484619140625,0.067291259765625,0.076446533203125,0.093841552734375,0.06500244140625,0.18829345703125,0.1348876953125,0.267333984375,0.400390625,0.08453369140625,0.13824462890625,0.559844970703125,0.078582763671875,-2.84759521484375,-2.287750244140625,-2.3836796283721924,1.2499618530273438
1175,0.5875,-0.0,-0.0,-0.0,-0.0,-0.0,-0.0,-0.0,-0.0,-0.0,-0.0,-0.0,-0.0,-8.799687385559082,-0.16242772340774536,-864.679931640625,232927.671875,5655.2529296875,-2260.766845703125,-0.0,-0.0,-0.0,-0.0,-0.0,-0.0,-0.00247955322265625,0.00030517578125,0.00202178955078125,0.00080108642578125,0.00141143798828125,-0.00057220458984375,0.00011444091796875,0.00034332275390625,-0.0005340576171875,-0.00057220458984375,0.000762939453125,0.0055694580078125,-0.00396728515625,-0.000152587890625,0.002593994140625,0.0025177001953125,0.081939697265625,0.181121826171875,0.0823974609375,0.076446533203125,0.08270263671875,0.0799560546875,0.2301025390625,0.13824462890625,-0.206298828125,0.228271484375,0.07965087890625,0.111541748046875,0.13885498046875,-0.0079345703125,-0.148773193359375,-3.91143798828125,-5.472681045532227,1.2499618530273438
1176,0.588,-0.0,-0.0,-0.0,-0.0,-0.0,-0.0,-0.0,-0.0,-0.0,-0.0,-0.0,-0.0,-7.998207092285156,0.9889910817146301,-866.1890869140625,233372.0625,5818.32080078125,-2027.352294921875,-0.0,-0.0,-0.0,-0.0,-0.0,-0.0,0.01201629638671875,0.00545501708984375,0.01697540283203125,0.0225830078125,0.0154876708984375,0.0234222412109375,0.00988006591796875,0.031890869140625,0.0095367431640625,0.01331329345703125,0.02620697021484375,0.02681732177734375,0.01995086669921875,0.01529693603515625,0.00728607177734375,0.04058837890625,0.0714111328125,0.099945068359375,0.069427490234375,0.071258544921875,0.075225830078125,0.067901611328125,0.20721435546875,0.113525390625,0.7293701171875,0.02960205078125,0.07659912109375,0.06866455078125,-0.68695068359375,-0.004119873046875,4.019622802734375,4.3280029296875,6.012068271636963,1.2499618530273438
1177,0.5885,-0.0,-0.0,-0.0,-0.0,-0.0,-0.0,-0.0,-0.0,-0.0,-0.0,-0.0,-0.0,-6.9656195640563965,1.2965947389602661,-866.0219116210938,233109.390625,5544.974609375,-1874.6783447265625,-0.0,-0.0,-0.0,-0.0,-0.0,-0.0,-0.0005340576171875,0.00041961669921875,0.0,-0.00030517578125,-0.00072479248046875,-0.00118255615234375,-0.00034332275390625,-0.00019073486328125,0.00019073486328125,-0.0019073486328125,-0.0002288818359375,-0.00209808349609375,0.00518798828125,-0.00011444091796875,-0.0016021728515625,-0.001373291015625,0.064697265625,0.067596435546875,0.077056884765625,0.06988525390625,0.136566162109375,0.085601806640625,0.059814453125,0.16387939453125,0.13275146484375,-0.0726318359375,0.0799560546875,0.075225830078125,-0.03662109375,0.18524169921875,1.26800537109375,4.282989501953125,6.566504001617432,1.2499618530273438
1178,0.589,-0.0,-0.0,-0.0,-0.0,-0.0,-0.0,-0.0,-0.0,-0.0,-0.0,-0.0,-0.0,-6.060538291931152,1.3710252046585083,-865.2693481445312,233371.5625,5315.8544921875,-1669.8638916015625,-0.0,-0.0,-0.0,-0.0,-0.0,-0.0,-0.0080108642578125,-0.00820159912109375,-0.017547607421875,-0.020294189453125,-0.01689910888671875,-0.01739501953125,-0.01041412353515625,-0.03177642822265625,-0.00957489013671875,-0.01338958740234375,-0.026397705078125,-0.0249481201171875,-0.0183868408203125,-0.01644134521484375,-0.0060272216796875,-0.0391387939453125,0.081634521484375,0.068511962890625,0.07781982421875,0.072784423828125,0.12969970703125,0.07476806640625,0.0970458984375,0.035400390625,0.28350830078125,0.21392822265625,0.10833740234375,0.082244873046875,0.518341064453125,0.1336669921875,-3.3837890625,-2.487640380859375,-5.076655387878418,1.2499618530273438
1179,0.5895,-0.0,-0.0,-0.0,-0.0,-0.0,-0.0,-0.0,-0.0,-0.0,-0.0,-0.0,-0.0,-5.341053485870361,1.264501929283142,-866.1344604492188,232759.78125,4841.63818359375,-1500.7847900390625,-0.0,-0.0,-0.0,-0.0,-0.0,-0.0,0.00041961669921875,-0.001068115234375,0.0003814697265625,0.002593994140625,0.00152587890625,0.0006866455078125,-0.00011444091796875,0.00102996826171875,-0.00057220458984375,0.00030517578125,0.00171661376953125,-0.0003814697265625,-0.0034332275390625,0.0022125244140625,-0.000457763671875,0.00232696533203125,0.181427001953125,0.06317138671875,0.08026123046875,0.077056884765625,-0.048370361328125,0.072784423828125,0.2972412109375,0.11260986328125,0.0970458984375,0.1953125,0.07568359375,0.037689208984375,-0.04730224609375,0.02044677734375,-1.1627197265625,-3.6248779296875,-4.99744987487793,1.2499618530273438
1180,0.59,-0.0,-0.0,-0.0,-0.0,-0.0,-0.0,-0.0,-0.0,-0.0,-0.0,-0.0,-0.0,-4.762410640716553,0.7531216144561768,-862.7348022460938,232622.21875,4716.74462890625,-1322.4437255859375,-0.0,-0.0,-0.0,-0.0,-0.0,-0.0,0.009002685546875,0.00820159912109375,0.01865386962890625,0.02132415771484375,0.0180816650390625,0.01789093017578125,0.0124359130859375,0.03284454345703125,0.0095367431640625,0.0119781494140625,0.02803802490234375,0.02788543701171875,0.02197265625,0.014801025390625,0.00720977783203125,0.03971099853515625,0.001678466796875,0.066070556640625,0.0787353515625,0.08087158203125,0.02838134765625,0.069732666015625,0.05462646484375,0.2154541015625,0.1385498046875,0.15533447265625,0.08819580078125,0.008392333984375,-0.635986328125,0.117340087890625,4.16748046875,4.60601806640625,5.378426551818848,1.2499618530273438
1181,0.5905,-0.0,-0.0,-0.0,-0.0,-0.0,-0.0,-0.0,-0.0,-0.0,-0.0,-0.0,-0.0,-3.9032745361328125,-0.5489219427108765,-863.102783203125,232583.15625,4366.31005859375,-1397.125244140625,-0.0,-0.0,-0.0,-0.0,-0.0,-0.0,0.00102996826171875,0.0009918212890625,-0.00194549560546875,-0.00255584716796875,-0.00095367431640625,0.0003814697265625,-0.00041961669921875,-0.00209808349609375,-0.00064849853515625,-0.0003814697265625,-0.001068115234375,-0.003509521484375,0.00148773193359375,-0.00091552734375,-0.00011444091796875,-0.00293731689453125,0.077362060546875,0.15869140625,0.071563720703125,0.0726318359375,0.076904296875,0.077972412109375,-0.057373046875,-0.06103515625,0.048828125,0.17120361328125,0.052337646484375,0.107574462890625,0.08026123046875,0.08514404296875,0.5987548828125,3.55804443359375,-2.700500249862671,1.2499618530273438
1182,0.591,-0.0,-0.0,-0.0,-0.0,-0.0,-0.0,-0.0,-0.0,-0.0,-0.0,-0.0,-0.0,-3.861618995666504,-0.9108654856681824,-861.8701171875,232171.140625,4019.267578125,-1219.203369140625,-0.0,-0.0,-0.0,-0.0,-0.0,-0.0,-0.009002685546875,-0.00652313232421875,-0.01617431640625,-0.0214385986328125,-0.0156402587890625,-0.0193023681640625,-0.01209259033203125,-0.03032684326171875,-0.00820159912109375,-0.01270294189453125,-0.02429962158203125,-0.0255584716796875,-0.0189208984375,-0.01331329345703125,-0.00858306884765625,-0.038604736328125,0.0543212890625,0.054931640625,0.0799560546875,0.081024169921875,0.110626220703125,0.07537841796875,0.41839599609375,0.1763916015625,-0.17425537109375,0.22369384765625,0.08575439453125,0.054473876953125,1.1419677734375,0.155029296875,-2.574920654296875,-2.423553466796875,-1.4332176446914673,1.2499618530273438
1183,0.5915,-0.0,-0.0,-0.0,-0.0,-0.0,-0.0,-0.0,-0.0,-0.0,-0.0,-0.0,-0.0,-3.091067314147949,-1.8880784511566162,-861.7061767578125,232218.859375,3936.433349609375,-1209.6676025390625,-0.0,-0.0,-0.0,-0.0,-0.0,-0.0,-0.00026702880859375,-0.0022125244140625,0.00156402587890625,0.00034332275390625,0.0006103515625,0.0019073486328125,0.00102996826171875,0.0011444091796875,0.00049591064453125,-0.0002288818359375,0.00179290771484375,0.0029754638671875,-0.0014495849609375,-0.00087738037109375,0.000152587890625,0.004119873046875,0.0482177734375,0.086212158203125,0.067291259765625,0.067138671875,0.0640869140625,0.0830078125,-0.255126953125,0.3173828125,0.24505615234375,0.10162353515625,0.045318603515625,0.121002197265625,0.085296630859375,0.092926025390625,-0.26153564453125,-3.2794189453125,-6.0271172523498535,1.2499618530273438
1184,0.592,-0.0,-0.0,-0.0,-0.0,-0.0,-0.0,-0.0,-0.0,-0.0,-0.0,-0.0,-0.0,-2.361553907394409,-2.4318830966949463,-861.3330688476562,232411.484375,3238.5234375,-924.4465942382812,-0.0,-0.0,-0.0,-0.0,-0.0,-0.0,0.01056671142578125,0.005645751953125,0.0170135498046875,0.0215911865234375,0.0148773193359375,0.019378662109375,0.01064300537109375,0.03162384033203125,0.01049041748046875,0.01220703125,0.02704620361328125,0.03086090087890625,0.01811981201171875,0.0157928466796875,0.0070953369140625,0.0394439697265625,0.083770751953125,0.044708251953125,0.071563720703125,0.070953369140625,0.097808837890625,0.08087158203125,0.06317138671875,0.05706787109375,0.225830078125,0.1080322265625,0.06683349609375,0.067901611328125,-0.766754150390625,0.06988525390625,4.999847412109375,3.662109375,7.992197036743164,1.2499618530273438
1185,0.5925,-0.0,-0.0,-0.0,-0.0,-0.0,-0.0,-0.0,-0.0,-0.0,-0.0,-0.0,-0.0,-2.162862777709961,-3.016603708267212,-862.404541015625,232266.9375,3030.23193359375,-1065.619873046875,-0.0,-0.0,-0.0,-0.0,-0.0,-0.0,-7.62939453125e-05,0.00194549560546875,-0.00141143798828125,0.00041961669921875,0.0008392333984375,0.001678466796875,0.001068115234375,-0.00324249267578125,-0.0006103515625,0.00141143798828125,-0.00080108642578125,-0.00530242919921875,-0.00080108642578125,-0.001678466796875,0.0008392333984375,-0.0025177001953125,0.09490966796875,0.136260986328125,0.074615478515625,0.075531005859375,0.13397216796875,0.068206787109375,0.2777099609375,0.1031494140625,0.6610107421875,0.1873779296875,0.090789794921875,-0.018310546875,0.107421875,0.006103515625,-0.0384521484375,2.4951171875,7.833786964416504,1.2499618530273438
1186,0.593,-0.0,-0.0,-0.0,-0.0,-0.0,-0.0,-0.0,-0.0,-0.0,-0.0,-0.0,-0.0,-1.7332605123519897,-3.3698158264160156,-862.2702026367188,233113.9375,2691.704833984375,-1031.2000732421875,-0.0,-0.0,-0.0,-0.0,-0.0,-0.0,-0.00926971435546875,-0.00919342041015625,-0.01720428466796875,-0.02285003662109375,-0.0164031982421875,-0.0205230712890625,-0.01094818115234375,-0.0330352783203125,-0.00782012939453125,-0.01354217529296875,-0.026397705078125,-0.02597808837890625,-0.02079010009765625,-0.01102447509765625,-0.00579833984375,-0.04039764404296875,0.0848388671875,-0.029754638671875,0.089263916015625,0.076141357421875,0.070953369140625,0.080718994140625,0.14801025390625,0.0775146484375,-0.14068603515625,0.211181640625,0.097503662109375,0.095977783203125,0.6597900390625,-0.00030517578125,-3.155059814453125,-2.948760986328125,-3.6509623527526855,1.2499618530273438
1187,0.5935,-0.0,-0.0,-0.0,-0.0,-0.0,-0.0,-0.0,-0.0,-0.0,-0.0,-0.0,-0.0,-1.0917150974273682,-3.512211799621582,-865.9776000976562,233342.75,2155.273681640625,-1069.5738525390625,-0.0,-0.0,-0.0,-0.0,-0.0,-0.0,3.814697265625e-05,-0.0006866455078125,0.00057220458984375,0.001373291015625,0.00102996826171875,0.00331878662109375,-0.00057220458984375,0.00217437744140625,0.00095367431640625,-0.0006866455078125,0.00438690185546875,0.0026702880859375,-0.00148773193359375,0.00095367431640625,0.00087738037109375,0.00263214111328125,0.035552978515625,0.072784423828125,0.06927490234375,0.075225830078125,0.090484619140625,0.083770751953125,0.16937255859375,0.02105712890625,0.2471923828125,-0.03631591796875,0.106353759765625,0.137481689453125,0.084991455078125,0.108489990234375,-0.19989013671875,-2.603912353515625,-6.50234842300415,1.2499618530273438
1188,0.594,-0.0,-0.0,-0.0,-0.0,-0.0,-0.0,-0.0,-0.0,-0.0,-0.0,-0.0,-0.0,-0.9141435623168945,-3.267902374267578,-867.8013305664062,233782.46875,2071.827880859375,-1053.2822265625,-0.0,-0.0,-0.0,-0.0,-0.0,-0.0,0.011138916015625,0.00576019287109375,0.018310546875,0.0229644775390625,0.0170135498046875,0.0228118896484375,0.01148223876953125,0.0296783447265625,0.0098419189453125,0.0104522705078125,0.028228759765625,0.02593994140625,0.018768310546875,0.01575469970703125,0.0054931640625,0.04100799560546875,0.075225830078125,0.075531005859375,0.081329345703125,0.0714111328125,0.07598876953125,0.0897216796875,0.1287841796875,0.3875732421875,0.54473876953125,0.1251220703125,0.024871826171875,0.05615234375,-0.7208251953125,0.019683837890625,3.233795166015625,3.19915771484375,7.358555793762207,1.2499618530273438
1189,0.5945,-0.0,-0.0,-0.0,-0.0,-0.0,-0.0,-0.0,-0.0,-0.0,-0.0,-0.0,-0.0,-1.2015742063522339,-2.628328323364258,-869.9486083984375,234606.828125,1774.521484375,-1085.5899658203125,-0.0,-0.0,-0.0,-0.0,-0.0,-0.0,0.000152587890625,0.00240325927734375,-0.00141143798828125,0.0,0.00125885009765625,-0.00102996826171875,-0.0003814697265625,-0.0022125244140625,-0.00011444091796875,0.00080108642578125,-0.0025177001953125,-0.0046539306640625,0.00247955322265625,0.00057220458984375,-0.00152587890625,-0.002593994140625,0.083160400390625,0.096588134765625,0.07476806640625,0.0750732421875,0.065460205078125,0.06317138671875,0.17578125,0.20904541015625,0.54473876953125,-0.128173828125,0.0787353515625,0.07781982421875,0.289764404296875,0.111541748046875,-0.121307373046875,2.6385498046875,6.170478343963623,1.2499618530273438
1190,0.595,-0.0,-0.0,-0.0,-0.0,-0.0,-0.0,-0.0,-0.0,-0.0,-0.0,-0.0,-0.0,-0.6962687373161316,-2.3713269233703613,-871.291748046875,235105.5625,1622.93359375,-1306.3153076171875,-0.0,-0.0,-0.0,-0.0,-0.0,-0.0,-0.0083160400390625,-0.00698089599609375,-0.01621246337890625,-0.0212860107421875,-0.01552581787109375,-0.01983642578125,-0.01102447509765625,-0.030975341796875,-0.00858306884765625,-0.01270294189453125,-0.025787353515625,-0.0251007080078125,-0.0185394287109375,-0.01384735107421875,-0.0084686279296875,-0.04047393798828125,0.0848388671875,0.08087158203125,0.091552734375,0.09033203125,0.06988525390625,0.0701904296875,0.218505859375,0.1300048828125,0.2203369140625,0.228271484375,0.08209228515625,0.082244873046875,0.932464599609375,0.098114013671875,-2.91259765625,-2.1685791015625,-2.85891056060791,1.2499618530273438
1191,0.5955,-0.0,-0.0,-0.0,-0.0,-0.0,-0.0,-0.0,-0.0,-0.0,-0.0,-0.0,-0.0,-0.7850545048713684,-2.7160706520080566,-875.060546875,235747.4375,1700.0823974609375,-1269.446044921875,-0.0,-0.0,-0.0,-0.0,-0.0,-0.0,0.00049591064453125,-0.0035858154296875,0.0028228759765625,0.0019073486328125,0.00011444091796875,0.00141143798828125,-0.0011444091796875,0.003509521484375,0.001068115234375,0.0006103515625,0.00324249267578125,0.0099945068359375,-0.0016021728515625,-0.00141143798828125,0.00091552734375,0.00263214111328125,0.084381103515625,0.110931396484375,0.07476806640625,0.090789794921875,0.098876953125,0.0775146484375,0.13092041015625,0.16815185546875,0.147705078125,0.30303955078125,0.081024169921875,0.118408203125,0.0335693359375,0.36285400390625,1.59515380859375,-3.41705322265625,-8.086451530456543,1.2499618530273438
1192,0.596,-0.0,-0.0,-0.0,-0.0,-0.0,-0.0,-0.0,-0.0,-0.0,-0.0,-0.0,-0.0,-0.07980503886938095,-3.091259002685547,-875.1660766601562,236286.421875,1771.085205078125,-1171.08251953125,-0.0,-0.0,-0.0,-0.0,-0.0,-0.0,0.00766754150390625,0.0037384033203125,0.01819610595703125,0.02178192138671875,0.0167083740234375,0.0211334228515625,0.00942230224609375,0.033416748046875,0.010223388671875,0.011138916015625,0.02590179443359375,0.02475738525390625,0.01842498779296875,0.01407623291015625,0.0095367431640625,0.03993988037109375,0.07476806640625,0.083770751953125,0.076446533203125,0.091552734375,0.051116943359375,0.0830078125,0.1104736328125,0.14312744140625,0.16387939453125,0.09796142578125,0.100860595703125,0.074615478515625,-0.92529296875,-0.18646240234375,2.9315185546875,2.61444091796875,5.457632064819336,1.2499618530273438
1193,0.5965,-0.0,-0.0,-0.0,-0.0,-0.0,-0.0,-0.0,-0.0,-0.0,-0.0,-0.0,-0.0,-0.7718791365623474,-3.205982208251953,-873.3847045898438,236443.234375,1807.9803466796875,-1496.49462890625,-0.0,-0.0,-0.0,-0.0,-0.0,-0.0,-0.00057220458984375,0.00286102294921875,-0.0006866455078125,-0.00049591064453125,-0.00118255615234375,-0.0019073486328125,-0.00125885009765625,-0.00030517578125,-0.00133514404296875,-0.00194549560546875,-0.0022125244140625,-0.00278472900390625,0.00255584716796875,-0.00041961669921875,-0.0018310546875,-0.0023651123046875,0.07720947265625,0.08514404296875,0.07904052734375,0.07843017578125,0.07781982421875,0.079193115234375,0.16143798828125,0.1190185546875,0.1385498046875,-0.13427734375,0.130767822265625,0.0018310546875,0.12847900390625,0.013885498046875,0.771026611328125,3.48968505859375,8.625839233398438,1.2499618530273438
1194,0.597,-0.0,-0.0,-0.0,-0.0,-0.0,-0.0,-0.0,-0.0,-0.0,-0.0,-0.0,-0.0,-0.7228702306747437,-2.8919246196746826,-873.4736328125,236528.375,1903.466796875,-1484.4505615234375,-0.0,-0.0,-0.0,-0.0,-0.0,-0.0,-0.0080108642578125,-0.00568389892578125,-0.0167083740234375,-0.02117156982421875,-0.0167083740234375,-0.01918792724609375,-0.0112152099609375,-0.03101348876953125,-0.00885009765625,-0.012054443359375,-0.0244903564453125,-0.023345947265625,-0.0168609619140625,-0.01434326171875,-0.005645751953125,-0.04047393798828125,0.08056640625,0.095367431640625,0.076751708984375,0.068359375,0.079803466796875,0.09063720703125,0.1300048828125,0.068359375,0.12664794921875,-0.04791259765625,0.034027099609375,0.04791259765625,0.89019775390625,0.4205322265625,-2.193450927734375,-1.692047119140625,2.2102200984954834,1.2499618530273438
1195,0.5975,-0.0,-0.0,-0.0,-0.0,-0.0,-0.0,-0.0,-0.0,-0.0,-0.0,-0.0,-0.0,-0.31546783447265625,-2.6987695693969727,-874.624755859375,236670.078125,1809.7879638671875,-1564.326171875,-0.0,-0.0,-0.0,-0.0,-0.0,-0.0,-0.00049591064453125,-0.00484466552734375,0.00152587890625,0.002593994140625,0.00034332275390625,0.001373291015625,-0.00396728515625,0.00293731689453125,0.00194549560546875,0.00011444091796875,-0.0009918212890625,0.00423431396484375,-0.00110626220703125,0.00141143798828125,0.00057220458984375,0.00247955322265625,0.073394775390625,0.05950927734375,0.061492919921875,0.078887939453125,0.0286865234375,0.080718994140625,0.22735595703125,0.13214111328125,0.09033203125,0.16571044921875,0.0775146484375,0.11749267578125,-0.102386474609375,0.008697509765625,-0.39642333984375,-3.6859130859375,-5.868706703186035,1.2499618530273438
1196,0.598,-0.0,-0.0,-0.0,-0.0,-0.0,-0.0,-0.0,-0.0,-0.0,-0.0,-0.0,-0.0,0.29223260283470154,-1.6807405948638916,-874.0292358398438,237131.671875,1942.2725830078125,-1458.120849609375,-0.0,-0.0,-0.0,-0.0,-0.0,-0.0,0.00972747802734375,0.00667572021484375,0.01590728759765625,0.02353668212890625,0.016021728515625,0.02025604248046875,0.01186370849609375,0.0301361083984375,0.01094818115234375,0.01132965087890625,0.0255584716796875,0.0250244140625,0.02063751220703125,0.01415252685546875,0.0091552734375,0.038909912109375,0.06683349609375,0.07232666015625,0.078277587890625,0.069732666015625,0.0360107421875,0.07293701171875,0.27435302734375,0.16143798828125,0.12237548828125,0.14068603515625,0.011444091796875,0.08575439453125,-0.718841552734375,-0.164031982421875,3.1097412109375,3.766937255859375,4.982400894165039,1.2499618530273438
1197,0.5985,-0.0,-0.0,-0.0,-0.0,-0.0,-0.0,-0.0,-0.0,-0.0,-0.0,-0.0,-0.0,1.1142655611038208,-1.2365036010742188,-874.8804321289062,237701.84375,1830.3885498046875,-1507.2974853515625,-0.0,-0.0,-0.0,-0.0,-0.0,-0.0,0.00156402587890625,0.004730224609375,-0.0017547607421875,-0.000762939453125,-0.001373291015625,-0.0003814697265625,0.000457763671875,-0.0018310546875,-0.0002288818359375,-0.001373291015625,0.00030517578125,-0.00324249267578125,0.00171661376953125,-0.00095367431640625,0.00064849853515625,-0.00171661376953125,0.17181396484375,0.045318603515625,0.08575439453125,0.084381103515625,0.101318359375,0.07232666015625,0.00030517578125,0.1971435546875,0.14923095703125,0.21026611328125,0.078277587890625,0.07171630859375,0.287628173828125,0.099945068359375,0.782928466796875,4.84375,7.833786964416504,1.2499618530273438
1198,0.599,-0.0,-0.0,-0.0,-0.0,-0.0,-0.0,-0.0,-0.0,-0.0,-0.0,-0.0,-0.0,1.369511365890503,-0.7194665670394897,-876.9669189453125,238334.875,1478.9061279296875,-1427.4129638671875,-0.0,-0.0,-0.0,-0.0,-0.0,-0.0,-0.00827789306640625,-0.00598907470703125,-0.01739501953125,-0.02140045166015625,-0.0152587890625,-0.01987457275390625,-0.0107574462890625,-0.03025054931640625,-0.01194000244140625,-0.01033782958984375,-0.02445220947265625,-0.02414703369140625,-0.01888275146484375,-0.0153350830078125,-0.00667572021484375,-0.0392913818359375,0.044097900390625,0.09063720703125,0.088653564453125,0.062713623046875,0.069427490234375,0.081787109375,0.096435546875,0.13885498046875,0.13580322265625,0.16387939453125,0.07537841796875,0.04547119140625,0.751190185546875,0.224151611328125,-1.56402587890625,-2.421722412109375,-3.5717570781707764,1.2499618530273438
1199,0.5995,-0.0,-0.0,-0.0,-0.0,-0.0,-0.0,-0.0,-0.0,-0.0,-0.0,-0.0,-0.0,1.470872163772583,-0.07550325989723206,-878.1163330078125,239007.046875,1434.97509765625,-1511.8389892578125,-0.0,-0.0,-0.0,-0.0,-0.0,-0.0,0.0005340576171875,-0.0048065185546875,0.00057220458984375,0.00194549560546875,3.814697265625e-05,0.00232696533203125,-0.00316619873046875,0.0037384033203125,0.00091552734375,-0.00179290771484375,0.00148773193359375,0.0030517578125,-0.00362396240234375,3.814697265625e-05,0.0011444091796875,0.00194549560546875,0.0042724609375,-0.023651123046875,0.05279541015625,0.070953369140625,0.08209228515625,0.07720947265625,0.1318359375,0.14251708984375,0.13397216796875,0.16204833984375,0.091400146484375,0.069732666015625,-0.0921630859375,0.01953125,-0.382537841796875,-4.6124267578125,-6.0271172523498535,1.2499618530273438
1200,0.6,-0.0,-0.0,-0.0,-0.0,-0.0,-0.0,-0.0,-0.0,-0.0,-0.0,-0.0,-0.0,1.5198942422866821,0.4926501512527466,-879.2142333984375,239486.28125,1470.149169921875,-1757.5438232421875,-0.0,-0.0,-0.0,-0.0,-0.0,-0.0,0.0090789794921875,0.00537872314453125,0.01720428466796875,0.02349853515625,0.01697540283203125,0.01964569091796875,0.010833740234375,0.03124237060546875,0.01102447509765625,0.0121307373046875,0.027618408203125,0.02452850341796875,0.01811981201171875,0.01422882080078125,0.0061798095703125,0.04119873046875,0.058441162109375,0.056304931640625,0.07232666015625,0.09613037109375,0.0750732421875,0.050811767578125,0.3900146484375,0.198974609375,0.11505126953125,0.00457763671875,0.089874267578125,0.12542724609375,-1.028594970703125,-0.03204345703125,2.748565673828125,1.837615966796875,5.616042137145996,1.2499618530273438
1201,0.6005,-0.0,-0.0,-0.0,-0.0,-0.0,-0.0,-0.0,-0.0,-0.0,-0.0,-0.0,-0.0,1.1660157442092896,1.0852991342544556,-880.261474609375,240048.265625,1044.3011474609375,-1736.2574462890625,-0.0,-0.0,-0.0,-0.0,-0.0,-0.0,-0.000152587890625,0.00705718994140625,-0.00141143798828125,-0.00072479248046875,-0.0011444091796875,0.00011444091796875,0.0037384033203125,-0.00263214111328125,-0.0006103515625,-0.000457763671875,0.00102996826171875,-0.002288818359375,0.00492095947265625,-0.000457763671875,-0.00171661376953125,-0.0020599365234375,0.049285888671875,0.10009765625,0.0787353515625,0.074920654296875,0.0897216796875,0.082550048828125,0.04364013671875,-0.08026123046875,0.32745361328125,0.25146484375,0.1177978515625,0.13580322265625,0.339202880859375,0.17181396484375,1.231231689453125,4.91119384765625,6.64570951461792,1.2499618530273438
1202,0.601,-0.0,-0.0,-0.0,-0.0,-0.0,-0.0,-0.0,-0.0,-0.0,-0.0,-0.0,-0.0,1.5459920167922974,2.0313987731933594,-881.0087280273438,240496.046875,932.6273193359375,-1778.226806640625,-0.0,-0.0,-0.0,-0.0,-0.0,-0.0,-0.01110076904296875,-0.007781982421875,-0.01617431640625,-0.02239227294921875,-0.012969970703125,-0.0203704833984375,-0.01346588134765625,-0.03063201904296875,-0.01049041748046875,-0.0106048583984375,-0.02841949462890625,-0.0244903564453125,-0.01819610595703125,-0.01354217529296875,-0.007476806640625,-0.0395965576171875,0.082550048828125,0.102081298828125,0.062103271484375,0.068817138671875,0.08575439453125,0.079498291015625,0.07232666015625,0.3753662109375,0.06134033203125,0.0341796875,0.0189208984375,0.027618408203125,0.6695556640625,-0.062255859375,-2.09503173828125,-3.276824951171875,-4.8390398025512695,1.2499618530273438
1203,0.6015,-0.0,-0.0,-0.0,-0.0,-0.0,-0.0,-0.0,-0.0,-0.0,-0.0,-0.0,-0.0,0.7983970642089844,2.8768045902252197,-879.9617309570312,241023.8125,974.089599609375,-1876.0345458984375,-0.0,-0.0,-0.0,-0.0,-0.0,-0.0,-0.0003814697265625,-0.00301361083984375,0.00232696533203125,0.0030517578125,0.00133514404296875,0.00049591064453125,0.00125885009765625,0.0014495849609375,0.00194549560546875,-0.0006103515625,0.00087738037109375,0.0055694580078125,-0.0017547607421875,0.00171661376953125,-0.00049591064453125,0.0040435791015625,0.096893310546875,0.101165771484375,0.064239501953125,0.06439208984375,0.0897216796875,0.079345703125,0.103759765625,0.19927978515625,0.0018310546875,0.606689453125,0.059661865234375,-0.01251220703125,0.168304443359375,0.028228759765625,-0.0146484375,-3.9630126953125,-5.789501667022705,1.2499618530273438
