,time,Force_Fx1,Force_Fy1,Force_Fz1,Moment_Mx1,Moment_My1,Moment_Mz1,Force_Fx2,Force_Fy2,Force_Fz2,Moment_Mx2,Moment_My2,Moment_Mz2,Force_Fx3,Force_Fy3,Force_Fz3,Moment_Mx3,Moment_My3,Moment_Mz3,Force_Fx4,Force_Fy4,Force_Fz4,Moment_Mx4,Moment_My4,Moment_Mz4,Voltage_1,Voltage_2,Voltage_3,Voltage_4,Voltage_5,Voltage_6,Voltage_7,Voltage_8,Voltage_9,Voltage_10,Voltage_11,Voltage_12,Voltage_13,Voltage_14,Voltage_15,Voltage_16,Voltage_1-VM,Voltage_2-VL,Voltage_3-RF,Voltage_4-GRA,Voltage_5-TA,Voltage_6-AL,Voltage_7-ST,Voltage_8-BF,Voltage_9-MG,Voltage_10-LG,Voltage_11-TFL,Voltage_12-Gmax,Voltage_13-Gmed-intra,Voltage_14-PIR-intra,Voltage_15-OI-intra,Voltage_16-QF-intra,Force_Rig
0,0.0,-0.0,-0.0,-0.0,-0.0,-0.0,-0.0,3.295727014541626,23.946277618408203,-476.3417053222656,-134020.203125,26330.96875,-1666.0372314453125,-3.0310842990875244,-24.80354118347168,-141.6000213623047,34957.33984375,4480.095703125,-1677.8673095703125,-0.0,-0.0,-0.0,-0.0,-0.0,-0.0,-0.0005340576171875,-0.0012969970703125,-7.62939453125e-05,-0.00156402587890625,-0.00247955322265625,-0.00286102294921875,-0.0016021728515625,-0.00213623046875,-0.00057220458984375,-0.0052642822265625,-0.013580322265625,0.0045013427734375,-0.00720977783203125,-0.0014495849609375,-0.0003814697265625,-0.00492095947265625,0.102691650390625,0.101470947265625,0.092620849609375,0.097503662109375,0.089874267578125,0.1019287109375,0.089874267578125,0.106353759765625,0.09918212890625,0.0958251953125,0.101470947265625,0.093536376953125,-0.321502685546875,-1.56829833984375,0.87127685546875,-1.0321044921875,-1.4280292987823486
1,0.0005,-0.0,-0.0,-0.0,-0.0,-0.0,-0.0,3.321155548095703,24.011077880859375,-474.9689636230469,-134173.65625,26295.482421875,-1706.5794677734375,-2.9521360397338867,-25.284574508666992,-142.04696655273438,35054.234375,4391.0322265625,-1643.39111328125,-0.0,-0.0,-0.0,-0.0,-0.0,-0.0,0.00904083251953125,0.0086212158203125,0.0148773193359375,0.0170135498046875,0.0121307373046875,0.0145721435546875,0.01026153564453125,0.02498626708984375,0.00888824462890625,0.010833740234375,0.023040771484375,0.013885498046875,0.018768310546875,0.0110626220703125,0.00637054443359375,0.03021240234375,0.096282958984375,0.10101318359375,0.091094970703125,0.0982666015625,0.09765625,0.090484619140625,0.08758544921875,0.09490966796875,0.100250244140625,0.110931396484375,0.098724365234375,0.091552734375,0.129241943359375,-0.00244140625,-0.042724609375,1.08184814453125,9.24292278289795
2,0.001,-0.0,-0.0,-0.0,-0.0,-0.0,-0.0,3.632727861404419,23.92631721496582,-475.4949951171875,-134247.390625,26373.126953125,-1502.03662109375,-2.789276599884033,-25.083358764648438,-140.845703125,34987.0703125,4570.564453125,-1639.8770751953125,-0.0,-0.0,-0.0,-0.0,-0.0,-0.0,0.00232696533203125,0.00049591064453125,0.00232696533203125,0.00255584716796875,0.0025177001953125,0.0022125244140625,0.00164031982421875,0.00461578369140625,-0.00026702880859375,0.0078582763671875,0.012359619140625,-0.0034332275390625,0.0074005126953125,0.00133514404296875,0.0025177001953125,0.0030517578125,0.100555419921875,0.097808837890625,0.10101318359375,0.10101318359375,0.098724365234375,0.09063720703125,0.10406494140625,0.10284423828125,0.092315673828125,0.10040283203125,0.1007080078125,0.080718994140625,1.055450439453125,1.77703857421875,-0.494384765625,1.314849853515625,7.71850061416626
3,0.0015,-0.0,-0.0,-0.0,-0.0,-0.0,-0.0,3.2508373260498047,23.819183349609375,-476.6517333984375,-134281.921875,26252.970703125,-1719.5860595703125,-3.001875877380371,-24.84309196472168,-143.0693817138672,35162.6796875,4482.22119140625,-1700.5577392578125,-0.0,-0.0,-0.0,-0.0,-0.0,-0.0,-0.0066375732421875,-0.0087738037109375,-0.01415252685546875,-0.0160980224609375,-0.01255035400390625,-0.01407623291015625,-0.00904083251953125,-0.02292633056640625,-0.00514984130859375,-0.0152587890625,-0.02223968505859375,-0.0130462646484375,-0.01331329345703125,-0.011138916015625,-0.0054931640625,-0.028839111328125,0.103759765625,0.098724365234375,0.107879638671875,0.111236572265625,0.10772705078125,0.102691650390625,0.100555419921875,0.1104736328125,0.107269287109375,0.073394775390625,0.107269287109375,0.110626220703125,-0.207366943359375,-0.1446533203125,0.4595947265625,-0.422210693359375,-1.4280292987823486
4,0.002,-0.0,-0.0,-0.0,-0.0,-0.0,-0.0,3.493256092071533,24.026142120361328,-476.0309753417969,-134126.9375,26601.1640625,-1539.3741455078125,-3.0410518646240234,-24.81839370727539,-142.80300903320312,35171.640625,4380.01318359375,-1623.3460693359375,-0.0,-0.0,-0.0,-0.0,-0.0,-0.0,-0.0028228759765625,-0.00091552734375,-0.000457763671875,-0.00209808349609375,-0.0018310546875,-0.002593994140625,-0.00331878662109375,-0.0037384033203125,0.00019073486328125,-0.0055694580078125,-0.01369476318359375,-0.0014495849609375,-0.00812530517578125,-0.001373291015625,0.00179290771484375,-0.003509521484375,0.0927734375,0.095367431640625,0.09796142578125,0.09735107421875,0.10040283203125,0.0982666015625,0.106964111328125,0.088348388671875,0.09796142578125,0.12664794921875,0.097198486328125,0.107421875,-0.8880615234375,-1.9927978515625,0.20233154296875,-1.033477783203125,-6.306178569793701
5,0.0025,-0.0,-0.0,-0.0,-0.0,-0.0,-0.0,3.54331111907959,23.914688110351562,-477.2010498046875,-134133.40625,26480.013671875,-1652.7816162109375,-3.0799381732940674,-25.273834228515625,-142.95584106445312,35196.8515625,4510.6708984375,-1717.0908203125,-0.0,-0.0,-0.0,-0.0,-0.0,-0.0,0.00667572021484375,0.01056671142578125,0.01312255859375,0.01697540283203125,0.01178741455078125,0.01529693603515625,0.01110076904296875,0.02338409423828125,0.0091552734375,0.00751495361328125,0.0247955322265625,0.0118255615234375,0.015716552734375,0.01232147216796875,0.00400543212890625,0.0315093994140625,0.09674072265625,0.0994873046875,0.096435546875,0.0927734375,0.087890625,0.101165771484375,0.095062255859375,0.105438232421875,0.099029541015625,0.092620849609375,0.09429931640625,0.093994140625,-0.30517578125,0.1910400390625,-0.05096435546875,0.986480712890625,8.633153915405273
6,0.003,-0.0,-0.0,-0.0,-0.0,-0.0,-0.0,3.298713207244873,23.886947631835938,-478.359375,-134168.296875,26483.19921875,-1594.1773681640625,-3.0548338890075684,-24.94295310974121,-141.25421142578125,35035.03515625,4420.80078125,-1521.3741455078125,-0.0,-0.0,-0.0,-0.0,-0.0,-0.0,0.0043487548828125,0.00072479248046875,0.001678466796875,0.00194549560546875,0.0023651123046875,0.0032806396484375,0.00244140625,0.0058746337890625,-0.00049591064453125,0.00774383544921875,0.0154876708984375,-0.00072479248046875,0.00675201416015625,-0.000152587890625,-0.00034332275390625,0.0030517578125,0.102386474609375,0.099945068359375,0.091552734375,0.097503662109375,0.098114013671875,0.10101318359375,0.072021484375,0.10650634765625,0.09246826171875,0.106353759765625,0.097503662109375,0.102996826171875,0.995025634765625,2.156982421875,-0.38787841796875,1.06475830078125,9.24292278289795
7,0.0035,-0.0,-0.0,-0.0,-0.0,-0.0,-0.0,3.339506149291992,23.745676040649414,-478.012451171875,-134189.359375,26544.17578125,-1573.83837890625,-2.940938949584961,-25.133291244506836,-143.2508544921875,35273.765625,4444.0849609375,-1741.883544921875,-0.0,-0.0,-0.0,-0.0,-0.0,-0.0,-0.008087158203125,-0.00629425048828125,-0.01407623291015625,-0.01499176025390625,-0.0121307373046875,-0.01434326171875,-0.008392333984375,-0.02300262451171875,-0.006256103515625,-0.0104522705078125,-0.01842498779296875,-0.01064300537109375,-0.01842498779296875,-0.00934600830078125,-0.0057220458984375,-0.027618408203125,0.100250244140625,0.09765625,0.099029541015625,0.095062255859375,0.09429931640625,0.10650634765625,0.0970458984375,0.09429931640625,0.09613037109375,0.07659912109375,0.09857177734375,0.110626220703125,0.261077880859375,0.4986572265625,0.3125,-0.823516845703125,-1.4280292987823486
8,0.004,-0.0,-0.0,-0.0,-0.0,-0.0,-0.0,3.211578369140625,24.001371383666992,-476.0865478515625,-134117.390625,26484.20703125,-1618.8348388671875,-3.243877410888672,-25.32188606262207,-140.95274353027344,34951.375,4210.64013671875,-1704.0286865234375,-0.0,-0.0,-0.0,-0.0,-0.0,-0.0,-0.004730224609375,-0.000762939453125,-0.00186920166015625,-0.00087738037109375,-7.62939453125e-05,-0.0035858154296875,-0.000762939453125,-0.0048828125,-0.00041961669921875,-0.00518798828125,-0.0128936767578125,0.001983642578125,-0.0074005126953125,0.00034332275390625,0.0006866455078125,-0.00247955322265625,0.0933837890625,0.1019287109375,0.09246826171875,0.100555419921875,0.088653564453125,0.100860595703125,0.09368896484375,0.099029541015625,0.10986328125,0.091400146484375,0.10284423828125,0.096435546875,-0.951690673828125,-1.9024658203125,0.41900634765625,-1.031036376953125,-4.78175687789917
9,0.0045000000000000005,-0.0,-0.0,-0.0,-0.0,-0.0,-0.0,3.0201425552368164,23.696313858032227,-475.784912109375,-134176.765625,26262.8515625,-1535.57568359375,-3.079650402069092,-25.032297134399414,-142.453857421875,35333.51953125,4403.3251953125,-1682.5274658203125,-0.0,-0.0,-0.0,-0.0,-0.0,-0.0,0.01064300537109375,0.00728607177734375,0.01331329345703125,0.01705169677734375,0.0115203857421875,0.0164031982421875,0.0086212158203125,0.02529144287109375,0.008392333984375,0.01125335693359375,0.0225067138671875,0.0118255615234375,0.01949310302734375,0.01026153564453125,0.005340576171875,0.03055572509765625,0.094451904296875,0.101776123046875,0.09185791015625,0.09857177734375,0.09490966796875,0.100860595703125,0.092315673828125,0.0958251953125,0.106353759765625,0.125579833984375,0.08575439453125,0.097198486328125,0.4156494140625,0.0006103515625,-0.0640869140625,0.771331787109375,17.47480010986328
10,0.005,-0.0,-0.0,-0.0,-0.0,-0.0,-0.0,3.2244298458099365,24.15458869934082,-475.98577880859375,-134386.640625,26561.064453125,-1589.4720458984375,-2.902174711227417,-24.7296199798584,-141.00660705566406,35108.0859375,4520.677734375,-1673.8343505859375,-0.0,-0.0,-0.0,-0.0,-0.0,-0.0,0.00396728515625,0.00194549560546875,0.00171661376953125,0.0003814697265625,0.00148773193359375,0.00423431396484375,0.0034332275390625,0.00293731689453125,-0.00087738037109375,0.00675201416015625,0.0148773193359375,0.001983642578125,0.00797271728515625,0.00133514404296875,-0.00019073486328125,0.00293731689453125,0.1031494140625,0.10833740234375,0.098724365234375,0.109710693359375,0.105743408203125,0.103759765625,0.10498046875,0.107421875,0.0994873046875,0.1055908203125,0.10650634765625,0.0994873046875,1.0662841796875,1.9903564453125,-0.0518798828125,1.435699462890625,2.8403513431549072
11,0.0055,-0.0,-0.0,-0.0,-0.0,-0.0,-0.0,3.096841812133789,23.886947631835938,-475.5823059082031,-134110.921875,26586.857421875,-1506.1585693359375,-3.0921735763549805,-25.007631301879883,-140.70809936523438,34783.85546875,4493.57763671875,-1657.01123046875,-0.0,-0.0,-0.0,-0.0,-0.0,-0.0,-0.00652313232421875,-0.00888824462890625,-0.0118255615234375,-0.01674652099609375,-0.0133514404296875,-0.01461029052734375,-0.0102996826171875,-0.02277374267578125,-0.00705718994140625,-0.01079559326171875,-0.0203704833984375,-0.01605987548828125,-0.01495361328125,-0.01190185546875,-0.0025177001953125,-0.03025054931640625,0.1055908203125,0.101165771484375,0.098114013671875,0.09918212890625,0.0970458984375,0.098114013671875,0.095672607421875,0.103912353515625,0.101318359375,0.0909423828125,0.09979248046875,0.096435546875,-0.006866455078125,0.19622802734375,0.0677490234375,-0.551910400390625,-1.732913613319397
12,0.006,-0.0,-0.0,-0.0,-0.0,-0.0,-0.0,3.134763717651367,23.657522201538086,-475.5306701660156,-134164.75,26597.216796875,-1627.22119140625,-2.9777169227600098,-24.843713760375977,-141.6578369140625,35133.55859375,4433.97265625,-1724.58935546875,-0.0,-0.0,-0.0,-0.0,-0.0,-0.0,-0.00213623046875,0.00041961669921875,-0.00030517578125,-0.0018310546875,-0.001678466796875,-0.00213623046875,0.00110626220703125,-0.00293731689453125,-0.00072479248046875,-0.00701904296875,-0.01262664794921875,0.00026702880859375,-0.00858306884765625,0.00102996826171875,-0.001373291015625,-0.002899169921875,0.09918212890625,0.1019287109375,0.09307861328125,0.09796142578125,0.103759765625,0.101470947265625,0.09429931640625,0.09429931640625,0.09552001953125,0.112152099609375,0.10528564453125,0.09796142578125,-0.764617919921875,-1.95343017578125,0.4010009765625,-1.378021240234375,0.40127673745155334
13,0.006500000000000001,-0.0,-0.0,-0.0,-0.0,-0.0,-0.0,2.8803956508636475,23.9248046875,-474.5675048828125,-133940.0,26405.62109375,-1468.595458984375,-3.180354118347168,-24.94428825378418,-141.00515747070312,34997.34375,4314.46923828125,-1564.075439453125,-0.0,-0.0,-0.0,-0.0,-0.0,-0.0,0.01003265380859375,0.00759124755859375,0.014801025390625,0.01781463623046875,0.01270294189453125,0.01636505126953125,0.0089263916015625,0.02429962158203125,0.0080108642578125,0.01224517822265625,0.0238800048828125,0.01445770263671875,0.0203704833984375,0.0087738037109375,0.0058746337890625,0.02994537353515625,0.09490966796875,0.10162353515625,0.098114013671875,0.09552001953125,0.095367431640625,0.0933837890625,0.106201171875,0.101470947265625,0.099029541015625,0.146026611328125,0.09918212890625,0.09307861328125,0.412445068359375,0.1849365234375,0.05035400390625,1.25885009765625,8.328269958496094
14,0.007,-0.0,-0.0,-0.0,-0.0,-0.0,-0.0,2.969688892364502,23.989824295043945,-475.787841796875,-134039.125,26478.833984375,-1559.7181396484375,-2.9274559020996094,-24.995037078857422,-140.7142333984375,35122.98046875,4204.27099609375,-1699.281005859375,-0.0,-0.0,-0.0,-0.0,-0.0,-0.0,0.00152587890625,0.00080108642578125,0.00148773193359375,0.00270843505859375,0.0018310546875,0.00041961669921875,0.0022125244140625,0.0035858154296875,0.00072479248046875,0.00640869140625,0.012664794921875,-3.814697265625e-05,0.006561279296875,0.00213623046875,0.00072479248046875,-0.00030517578125,0.10040283203125,0.099639892578125,0.09796142578125,0.0994873046875,0.101776123046875,0.09521484375,0.075531005859375,0.10223388671875,0.096588134765625,0.09918212890625,0.101318359375,0.10833740234375,1.007232666015625,2.37548828125,-0.37353515625,1.267547607421875,10.157575607299805
15,0.0075,-0.0,-0.0,-0.0,-0.0,-0.0,-0.0,3.0331573486328125,23.65713882446289,-476.03125,-134019.578125,26775.6953125,-1481.3172607421875,-3.2172727584838867,-24.79481315612793,-142.9970703125,35018.2734375,4412.6552734375,-1572.212158203125,-0.0,-0.0,-0.0,-0.0,-0.0,-0.0,-0.0075531005859375,-0.007171630859375,-0.01201629638671875,-0.016632080078125,-0.0124359130859375,-0.01560211181640625,-0.00782012939453125,-0.0249481201171875,-0.00698089599609375,-0.010833740234375,-0.0231170654296875,-0.014190673828125,-0.0170135498046875,-0.01056671142578125,-0.0037384033203125,-0.029754638671875,0.09429931640625,0.096893310546875,0.096588134765625,0.100860595703125,0.10498046875,0.106353759765625,0.080718994140625,0.092315673828125,0.097503662109375,0.10772705078125,0.09033203125,0.098724365234375,-0.0927734375,-0.09552001953125,0.09307861328125,-0.82977294921875,1.3159297704696655
16,0.008,-0.0,-0.0,-0.0,-0.0,-0.0,-0.0,3.0447702407836914,23.809419631958008,-475.02703857421875,-133895.203125,26699.34765625,-1460.455810546875,-3.104877471923828,-25.12052345275879,-142.5549774169922,35214.75,4460.12841796875,-1708.0301513671875,-0.0,-0.0,-0.0,-0.0,-0.0,-0.0,-0.001373291015625,0.0008392333984375,-0.0005340576171875,-0.0014495849609375,-0.0008392333984375,-0.001983642578125,0.00019073486328125,-0.00339508056640625,-0.00110626220703125,-0.00690460205078125,-0.01171112060546875,0.00438690185546875,-0.00560760498046875,-0.0018310546875,-0.00034332275390625,-0.00095367431640625,0.093536376953125,0.09857177734375,0.09765625,0.0872802734375,0.07781982421875,0.100250244140625,0.122528076171875,0.096893310546875,0.0970458984375,0.09063720703125,0.09033203125,0.0933837890625,-0.987701416015625,-2.06390380859375,0.73760986328125,-0.99212646484375,-2.342682361602783
17,0.0085,-0.0,-0.0,-0.0,-0.0,-0.0,-0.0,2.8028390407562256,23.924226760864258,-473.9224853515625,-134171.625,26727.7734375,-1560.310546875,-2.8417413234710693,-25.006376266479492,-143.4447021484375,35134.33203125,4548.01318359375,-1703.03125,-0.0,-0.0,-0.0,-0.0,-0.0,-0.0,0.0074005126953125,0.01007080078125,0.01194000244140625,0.01621246337890625,0.01369476318359375,0.0140380859375,0.01064300537109375,0.0250244140625,0.00675201416015625,0.0118255615234375,0.02353668212890625,0.01911163330078125,0.0180816650390625,0.0135040283203125,0.00476837158203125,0.030364990234375,0.101318359375,0.102691650390625,0.100860595703125,0.107421875,0.1092529296875,0.1092529296875,0.084381103515625,0.10284423828125,0.1080322265625,0.009613037109375,0.108184814453125,0.099334716796875,-0.110931396484375,0.22430419921875,0.30853271484375,1.24755859375,11.377113342285156
18,0.009000000000000001,-0.0,-0.0,-0.0,-0.0,-0.0,-0.0,2.5871047973632812,23.608366012573242,-476.6313781738281,-134221.40625,26724.69921875,-1419.1566162109375,-3.093651056289673,-25.171680450439453,-141.71136474609375,35114.625,4642.4130859375,-1708.080810546875,-0.0,-0.0,-0.0,-0.0,-0.0,-0.0,0.00148773193359375,-0.00011444091796875,0.00133514404296875,0.0034332275390625,0.000457763671875,0.00171661376953125,0.00118255615234375,0.00316619873046875,0.00041961669921875,0.0055694580078125,0.0128936767578125,-0.0049591064453125,0.00667572021484375,0.00225067138671875,0.0011444091796875,0.00057220458984375,0.0958251953125,0.099639892578125,0.098114013671875,0.092620849609375,0.095977783203125,0.091400146484375,0.09185791015625,0.09796142578125,0.101318359375,0.120849609375,0.10589599609375,0.099639892578125,0.94818115234375,2.19085693359375,-0.537109375,1.371612548828125,11.986882209777832
19,0.0095,-0.0,-0.0,-0.0,-0.0,-0.0,-0.0,3.018063545227051,23.95002555847168,-476.0268249511719,-133971.765625,26597.099609375,-1459.1248779296875,-3.308199644088745,-25.083358764648438,-142.30859375,35261.52734375,4616.1201171875,-1736.6007080078125,-0.0,-0.0,-0.0,-0.0,-0.0,-0.0,-0.0079345703125,-0.00885009765625,-0.01323699951171875,-0.01590728759765625,-0.01232147216796875,-0.0152587890625,-0.00965118408203125,-0.02468109130859375,-0.0054931640625,-0.00946044921875,-0.02117156982421875,-0.016937255859375,-0.01705169677734375,-0.01094818115234375,-0.00598907470703125,-0.0292205810546875,0.09918212890625,0.09674072265625,0.095062255859375,0.10223388671875,0.0897216796875,0.095367431640625,0.09429931640625,0.09765625,0.09796142578125,0.05645751953125,0.10711669921875,0.0982666015625,0.215911865234375,-0.11016845703125,-0.19256591796875,-0.45623779296875,0.09639240801334381
20,0.01,-0.0,-0.0,-0.0,-0.0,-0.0,-0.0,2.891637086868286,24.154338836669922,-474.3206787109375,-134360.234375,26664.126953125,-1417.460693359375,-3.0205979347229004,-24.995037078857422,-142.22439575195312,35218.03515625,4539.912109375,-1753.5909423828125,-0.0,-0.0,-0.0,-0.0,-0.0,-0.0,-0.00186920166015625,0.00011444091796875,-0.00102996826171875,-0.00080108642578125,-0.0009918212890625,-0.00141143798828125,-0.00255584716796875,-0.00125885009765625,0.00011444091796875,-0.006561279296875,-0.01155853271484375,0.0031280517578125,-0.0046539306640625,-0.00102996826171875,-0.001068115234375,-0.000762939453125,0.0946044921875,0.100860595703125,0.097198486328125,0.098114013671875,0.09918212890625,0.087738037109375,0.114593505859375,0.09368896484375,0.100250244140625,0.041046142578125,0.1031494140625,0.083770751953125,-0.775604248046875,-1.9439697265625,0.60546875,-1.03912353515625,-3.2573351860046387
21,0.0105,-0.0,-0.0,-0.0,-0.0,-0.0,-0.0,2.854736328125,23.650781631469727,-477.291748046875,-134070.0,26584.38671875,-1417.80712890625,-3.245654344558716,-25.39537239074707,-142.02117919921875,35201.28125,4455.3623046875,-1772.799072265625,-0.0,-0.0,-0.0,-0.0,-0.0,-0.0,0.00766754150390625,0.00812530517578125,0.0139617919921875,0.015716552734375,0.0135040283203125,0.01491546630859375,0.009765625,0.025482177734375,0.00705718994140625,0.01190185546875,0.0240325927734375,0.0170135498046875,0.01682281494140625,0.0116729736328125,0.0058746337890625,0.02864837646484375,0.090789794921875,0.0970458984375,0.103759765625,0.101776123046875,0.1031494140625,0.096435546875,0.0811767578125,0.099639892578125,0.09246826171875,0.108795166015625,0.084381103515625,0.10040283203125,0.19744873046875,0.86822509765625,0.169677734375,0.875396728515625,10.4624605178833
22,0.011,-0.0,-0.0,-0.0,-0.0,-0.0,-0.0,2.6396889686584473,23.582963943481445,-475.6293029785156,-134157.375,26546.4921875,-1412.4954833984375,-3.5326805114746094,-25.358642578125,-141.46839904785156,35249.32421875,4549.00830078125,-1794.0628662109375,-0.0,-0.0,-0.0,-0.0,-0.0,-0.0,0.00274658203125,0.00125885009765625,0.00034332275390625,0.0008392333984375,0.00171661376953125,0.003814697265625,-0.00026702880859375,0.00244140625,-0.00057220458984375,0.00469207763671875,0.01129150390625,-0.00286102294921875,0.005340576171875,0.00026702880859375,0.002899169921875,0.0014495849609375,0.095367431640625,0.0994873046875,0.09552001953125,0.0982666015625,0.107269287109375,0.09429931640625,0.080413818359375,0.100860595703125,0.099639892578125,0.0970458984375,0.102081298828125,0.092315673828125,0.713043212890625,1.96746826171875,-0.4095458984375,1.2432861328125,11.07222843170166
23,0.0115,-0.0,-0.0,-0.0,-0.0,-0.0,-0.0,2.6864850521087646,23.735010147094727,-475.4844970703125,-134070.25,26586.8515625,-1426.196533203125,-3.3448400497436523,-25.197734832763672,-143.25515747070312,35389.078125,4604.392578125,-1783.28173828125,-0.0,-0.0,-0.0,-0.0,-0.0,-0.0,-0.009765625,-0.0066375732421875,-0.0125885009765625,-0.01697540283203125,-0.0119781494140625,-0.01651763916015625,-0.00919342041015625,-0.0240325927734375,-0.007476806640625,-0.00896453857421875,-0.02532958984375,-0.01399993896484375,-0.01667022705078125,-0.01110076904296875,-0.0049591064453125,-0.03025054931640625,0.0970458984375,0.0994873046875,0.101165771484375,0.101165771484375,0.10162353515625,0.0946044921875,0.098114013671875,0.090484619140625,0.099334716796875,0.0787353515625,0.09857177734375,0.103912353515625,0.170135498046875,-0.391845703125,0.08087158203125,-0.637054443359375,0.40127673745155334
24,0.012,-0.0,-0.0,-0.0,-0.0,-0.0,-0.0,2.9738337993621826,23.834163665771484,-475.4847717285156,-134385.53125,26845.62109375,-1290.722412109375,-3.3710098266601562,-25.5349178314209,-142.77841186523438,35159.94921875,4579.01953125,-1732.73974609375,-0.0,-0.0,-0.0,-0.0,-0.0,-0.0,-0.00469207763671875,-0.00026702880859375,0.00026702880859375,0.00064849853515625,-0.00030517578125,-0.003204345703125,-0.00080108642578125,-0.00225067138671875,0.00110626220703125,-0.00560760498046875,-0.01262664794921875,0.0063323974609375,-0.00576019287109375,0.00217437744140625,0.000457763671875,-0.00202178955078125,0.09857177734375,0.10589599609375,0.108489990234375,0.106353759765625,0.096893310546875,0.110931396484375,0.099639892578125,0.10589599609375,0.110626220703125,0.11871337890625,0.11322021484375,0.112762451171875,-0.8892822265625,-2.21771240234375,1.029052734375,-1.148834228515625,-2.0377979278564453
25,0.0125,-0.0,-0.0,-0.0,-0.0,-0.0,-0.0,2.7028143405914307,23.600147247314453,-476.0096435546875,-134142.15625,26775.70703125,-1502.0655517578125,-3.104877471923828,-24.78927993774414,-142.06634521484375,35292.1484375,4983.55419921875,-1779.5455322265625,-0.0,-0.0,-0.0,-0.0,-0.0,-0.0,0.00946044921875,0.0061798095703125,0.0140380859375,0.01705169677734375,0.0115203857421875,0.01628875732421875,0.0096893310546875,0.02468109130859375,0.00751495361328125,0.01190185546875,0.02880096435546875,0.014190673828125,0.01705169677734375,0.0099945068359375,0.00507354736328125,0.03055572509765625,0.100555419921875,0.094146728515625,0.100860595703125,0.10406494140625,0.096893310546875,0.089263916015625,0.101776123046875,0.094451904296875,0.09796142578125,0.100860595703125,0.09796142578125,0.100860595703125,0.36041259765625,0.6610107421875,0.11077880859375,0.774993896484375,9.24292278289795
26,0.013000000000000001,-0.0,-0.0,-0.0,-0.0,-0.0,-0.0,2.989600419998169,23.74475860595703,-474.8840637207031,-134035.546875,26815.4765625,-1543.096435546875,-3.495680809020996,-25.021297454833984,-142.453857421875,35298.16015625,4613.00927734375,-1818.347900390625,-0.0,-0.0,-0.0,-0.0,-0.0,-0.0,0.00301361083984375,0.0002288818359375,7.62939453125e-05,0.00087738037109375,0.00133514404296875,0.00091552734375,0.00179290771484375,0.0019073486328125,-0.000152587890625,0.0016021728515625,0.01209259033203125,-0.00476837158203125,0.00530242919921875,-0.00057220458984375,3.814697265625e-05,0.00141143798828125,0.10284423828125,0.103302001953125,0.0946044921875,0.096435546875,0.096435546875,0.100860595703125,0.08544921875,0.095367431640625,0.1025390625,0.060882568359375,0.09429931640625,0.09552001953125,0.6524658203125,2.1820068359375,-0.80718994140625,1.59454345703125,11.377113342285156
27,0.0135,-0.0,-0.0,-0.0,-0.0,-0.0,-0.0,2.6763153076171875,23.744611740112305,-474.3206787109375,-134184.4375,26802.8359375,-1466.5830078125,-3.3351950645446777,-25.216663360595703,-142.453857421875,35342.8046875,4639.22705078125,-1844.8154296875,-0.0,-0.0,-0.0,-0.0,-0.0,-0.0,-0.00576019287109375,-0.00919342041015625,-0.01338958740234375,-0.01552581787109375,-0.0113677978515625,-0.01338958740234375,-0.0092315673828125,-0.023651123046875,-0.006256103515625,-0.01102447509765625,-0.02155303955078125,-0.0138092041015625,-0.01514434814453125,-0.0115966796875,-0.0052642822265625,-0.0289154052734375,0.095977783203125,0.09307861328125,0.096435546875,0.096588134765625,0.09674072265625,0.100250244140625,0.086212158203125,0.1043701171875,0.09796142578125,0.141143798828125,0.103759765625,0.091094970703125,-0.17852783203125,-0.277099609375,0.30487060546875,-0.537567138671875,0.40127673745155334
28,0.014,-0.0,-0.0,-0.0,-0.0,-0.0,-0.0,2.837125301361084,23.55710792541504,-474.6378479003906,-134071.875,26777.109375,-1440.6705322265625,-3.246640920639038,-25.410236358642578,-143.04776000976562,35432.8359375,4533.96923828125,-1877.59765625,-0.0,-0.0,-0.0,-0.0,-0.0,-0.0,-0.003509521484375,-0.000152587890625,-0.00133514404296875,3.814697265625e-05,0.00087738037109375,-0.002593994140625,-0.0017547607421875,-0.00125885009765625,0.00091552734375,-0.00148773193359375,-0.0110626220703125,0.00339508056640625,-0.00911712646484375,0.001678466796875,0.00125885009765625,-0.00209808349609375,0.096435546875,0.097503662109375,0.09124755859375,0.094451904296875,0.1025390625,0.09613037109375,0.084228515625,0.097198486328125,0.098876953125,0.10650634765625,0.09918212890625,0.0909423828125,-0.55999755859375,-1.90277099609375,0.58685302734375,-1.5899658203125,-2.342682361602783
29,0.0145,-0.0,-0.0,-0.0,-0.0,-0.0,-0.0,2.6138646602630615,23.699764251708984,-476.2984313964844,-134276.21875,26835.83984375,-1270.946044921875,-3.0161666870117188,-25.50743293762207,-141.9294891357422,35325.28125,4773.16552734375,-1767.690673828125,-0.0,-0.0,-0.0,-0.0,-0.0,-0.0,0.0083160400390625,0.00957489013671875,0.0118255615234375,0.01819610595703125,0.01064300537109375,0.0162506103515625,0.0081634521484375,0.023956298828125,0.0080108642578125,0.01056671142578125,0.02788543701171875,0.01598358154296875,0.0160980224609375,0.0124359130859375,0.0051116943359375,0.0308990478515625,0.089263916015625,0.09796142578125,0.0982666015625,0.093536376953125,0.111236572265625,0.096588134765625,0.07415771484375,0.097198486328125,0.09552001953125,0.013275146484375,0.0982666015625,0.099639892578125,0.074615478515625,0.71044921875,0.12298583984375,0.964813232421875,0.40127673745155334
30,0.015,-0.0,-0.0,-0.0,-0.0,-0.0,-0.0,2.703157901763916,23.41447639465332,-475.27392578125,-134097.09375,26887.5859375,-1212.9075927734375,-3.2202510833740234,-25.118589401245117,-142.31459045410156,35462.6640625,4686.37646484375,-1841.841552734375,-0.0,-0.0,-0.0,-0.0,-0.0,-0.0,0.00339508056640625,-0.00011444091796875,0.00087738037109375,0.00091552734375,0.0003814697265625,0.00213623046875,0.001678466796875,0.0037384033203125,0.000152587890625,0.0049591064453125,0.00949859619140625,-0.00286102294921875,0.00553131103515625,0.0005340576171875,0.00064849853515625,0.00019073486328125,0.092926025390625,0.09674072265625,0.094451904296875,0.106048583984375,0.10101318359375,0.0970458984375,0.09613037109375,0.089874267578125,0.088348388671875,0.0909423828125,0.099639892578125,0.093231201171875,1.11663818359375,2.31719970703125,-0.6640625,1.491546630859375,14.730840682983398
31,0.0155,-0.0,-0.0,-0.0,-0.0,-0.0,-0.0,2.543170213699341,23.538936614990234,-476.8603515625,-134037.125,26673.21484375,-1350.282470703125,-3.309016227722168,-25.330245971679688,-142.66416931152344,35415.0546875,4611.4775390625,-1850.81982421875,-0.0,-0.0,-0.0,-0.0,-0.0,-0.0,-0.0064849853515625,-0.0106048583984375,-0.01338958740234375,-0.015716552734375,-0.0128936767578125,-0.0125885009765625,-0.01049041748046875,-0.02376556396484375,-0.0072479248046875,-0.01049041748046875,-0.0225830078125,-0.01163482666015625,-0.0151824951171875,-0.0109100341796875,-0.00518798828125,-0.02864837646484375,0.111846923828125,0.109710693359375,0.102081298828125,0.109405517578125,0.108489990234375,0.100555419921875,0.094757080078125,0.103302001953125,0.10162353515625,0.09552001953125,0.101318359375,0.095367431640625,-0.098876953125,-0.40863037109375,0.52093505859375,-0.4510498046875,-0.20849192142486572
32,0.016,-0.0,-0.0,-0.0,-0.0,-0.0,-0.0,2.4253060817718506,23.700382232666016,-476.43975830078125,-134309.671875,26906.923828125,-1331.91259765625,-3.114957809448242,-25.418292999267578,-144.26536560058594,35467.08984375,4890.2529296875,-1904.376953125,-0.0,-0.0,-0.0,-0.0,-0.0,-0.0,-0.00293731689453125,0.00080108642578125,0.00080108642578125,-0.00011444091796875,-0.00049591064453125,-0.00186920166015625,0.0020599365234375,-0.002288818359375,0.000152587890625,-0.0067901611328125,-0.0102996826171875,0.00293731689453125,-0.00469207763671875,-0.000152587890625,-0.00194549560546875,0.0012969970703125,0.096282958984375,0.0970458984375,0.095977783203125,0.097503662109375,0.106201171875,0.101165771484375,0.07720947265625,0.09765625,0.094146728515625,0.143585205078125,0.09552001953125,0.083770751953125,-1.153411865234375,-2.27264404296875,0.37506103515625,-1.49200439453125,-3.5622196197509766
33,0.0165,-0.0,-0.0,-0.0,-0.0,-0.0,-0.0,2.2222001552581787,23.584476470947266,-475.02703857421875,-134040.9375,26806.361328125,-1416.8741455078125,-3.1935882568359375,-25.26000213623047,-142.0408935546875,35286.51171875,4677.15087890625,-1862.26318359375,-0.0,-0.0,-0.0,-0.0,-0.0,-0.0,0.00949859619140625,0.00896453857421875,0.013427734375,0.0189208984375,0.010833740234375,0.01857757568359375,0.00751495361328125,0.02445220947265625,0.00736236572265625,0.01026153564453125,0.02857208251953125,0.01338958740234375,0.01720428466796875,0.0124359130859375,0.00408172607421875,0.030975341796875,0.095062255859375,0.094757080078125,0.0933837890625,0.097503662109375,0.095367431640625,0.097503662109375,0.10040283203125,0.089874267578125,0.099029541015625,0.03265380859375,0.09765625,0.081634521484375,0.158233642578125,0.89508056640625,-0.10955810546875,0.941925048828125,7.108732223510742
34,0.017,-0.0,-0.0,-0.0,-0.0,-0.0,-0.0,2.2223641872406006,23.43340492248535,-476.0865478515625,-134152.90625,26871.3828125,-1329.2186279296875,-3.4945859909057617,-25.056554794311523,-142.8342742919922,35485.9375,4954.9619140625,-1797.69482421875,-0.0,-0.0,-0.0,-0.0,-0.0,-0.0,0.00408172607421875,0.00186920166015625,0.000152587890625,0.00072479248046875,0.00110626220703125,0.0026702880859375,0.00293731689453125,-3.814697265625e-05,-0.0014495849609375,0.006103515625,0.01190185546875,-0.00431060791015625,0.00461578369140625,0.0012969970703125,0.001678466796875,0.0002288818359375,0.098419189453125,0.094757080078125,0.09063720703125,0.09521484375,0.09490966796875,0.104522705078125,0.0933837890625,0.10284423828125,0.100555419921875,0.07843017578125,0.098724365234375,0.103607177734375,1.178741455078125,2.24761962890625,-0.41107177734375,1.5948486328125,8.633153915405273
35,0.0175,-0.0,-0.0,-0.0,-0.0,-0.0,-0.0,2.2999751567840576,24.0227108001709,-474.78143310546875,-133929.0,27002.685546875,-1229.5374755859375,-3.301570177078247,-25.233125686645508,-141.93765258789062,35515.15625,4681.7841796875,-1909.8387451171875,-0.0,-0.0,-0.0,-0.0,-0.0,-0.0,-0.00766754150390625,-0.0075531005859375,-0.01251220703125,-0.01636505126953125,-0.0118255615234375,-0.01476287841796875,-0.0080108642578125,-0.02468109130859375,-0.00728607177734375,-0.010223388671875,-0.02353668212890625,-0.01255035400390625,-0.01453399658203125,-0.0116729736328125,-0.0029754638671875,-0.0296783447265625,0.097503662109375,0.09918212890625,0.097503662109375,0.09368896484375,0.097198486328125,0.102081298828125,0.103607177734375,0.095367431640625,0.099639892578125,0.026397705078125,0.09796142578125,0.111846923828125,0.312652587890625,-0.31036376953125,0.25146484375,-0.760955810546875,-2.342682361602783
36,0.018000000000000002,-0.0,-0.0,-0.0,-0.0,-0.0,-0.0,2.366541624069214,24.231111526489258,-475.38018798828125,-134075.921875,26720.537109375,-1370.6876220703125,-3.309372663497925,-24.97553825378418,-142.77352905273438,35567.58203125,4744.6484375,-1900.6473388671875,-0.0,-0.0,-0.0,-0.0,-0.0,-0.0,-0.0041961669921875,-0.0005340576171875,-0.0002288818359375,0.000457763671875,0.00019073486328125,-0.00194549560546875,-0.00080108642578125,-0.00110626220703125,0.0011444091796875,-0.00553131103515625,-0.010833740234375,0.001068115234375,-0.00499725341796875,0.000152587890625,0.0006866455078125,0.00102996826171875,0.099639892578125,0.098114013671875,0.095062255859375,0.101165771484375,0.102996826171875,0.09765625,0.09979248046875,0.101470947265625,0.09246826171875,0.1336669921875,0.09521484375,0.085296630859375,-0.86212158203125,-2.24853515625,0.52581787109375,-1.42425537109375,-2.95245099067688
37,0.0185,-0.0,-0.0,-0.0,-0.0,-0.0,-0.0,2.3886542320251465,23.983352661132812,-474.1837158203125,-134263.203125,27305.9140625,-1330.9976806640625,-3.5828871726989746,-24.987741470336914,-143.39454650878906,35310.12109375,4836.3095703125,-1811.7806396484375,-0.0,-0.0,-0.0,-0.0,-0.0,-0.0,0.00759124755859375,0.0096893310546875,0.0128936767578125,0.018157958984375,0.0128936767578125,0.01651763916015625,0.0098419189453125,0.02410888671875,0.006866455078125,0.009765625,0.02613067626953125,0.01308441162109375,0.01827239990234375,0.0107574462890625,0.00701904296875,0.03040313720703125,0.1068115234375,0.093994140625,0.099639892578125,0.10009765625,0.103607177734375,0.096435546875,0.10040283203125,0.0958251953125,0.094757080078125,0.1068115234375,0.09918212890625,0.09002685546875,0.131072998046875,0.76934814453125,-0.06103515625,1.074066162109375,8.328269958496094
38,0.019,-0.0,-0.0,-0.0,-0.0,-0.0,-0.0,2.511958122253418,23.303720474243164,-476.1144104003906,-134394.578125,27141.712890625,-1306.5458984375,-3.548431396484375,-25.29414176940918,-143.07293701171875,35072.35546875,4950.72705078125,-1886.881591796875,-0.0,-0.0,-0.0,-0.0,-0.0,-0.0,0.0040435791015625,0.001220703125,0.00034332275390625,0.00064849853515625,0.00095367431640625,0.002288818359375,0.0032806396484375,0.0002288818359375,-0.00217437744140625,0.0051116943359375,0.0104522705078125,-0.00110626220703125,0.00492095947265625,0.0,0.0006103515625,0.00057220458984375,0.106964111328125,0.103759765625,0.11016845703125,0.105743408203125,0.10833740234375,0.103759765625,0.14068603515625,0.11016845703125,0.109405517578125,0.142974853515625,0.11444091796875,0.1123046875,1.175537109375,2.07550048828125,-0.33538818359375,1.8243408203125,8.633153915405273
39,0.0195,-0.0,-0.0,-0.0,-0.0,-0.0,-0.0,2.2302627563476562,23.468717575073242,-475.5432434082031,-133968.359375,27160.978515625,-1301.8553466796875,-3.528085947036743,-25.13764762878418,-142.10470581054688,35403.59375,4798.98681640625,-1786.4229736328125,-0.0,-0.0,-0.0,-0.0,-0.0,-0.0,-0.0079345703125,-0.009002685546875,-0.01216888427734375,-0.01617431640625,-0.0112152099609375,-0.0142669677734375,-0.00904083251953125,-0.022735595703125,-0.00919342041015625,-0.0078582763671875,-0.02353668212890625,-0.01434326171875,-0.01590728759765625,-0.01220703125,-0.0017547607421875,-0.029296875,0.102691650390625,0.10162353515625,0.09521484375,0.097198486328125,0.111083984375,0.09674072265625,0.1177978515625,0.099334716796875,0.09979248046875,0.17242431640625,0.10040283203125,0.106964111328125,0.091705322265625,-0.47119140625,0.3533935546875,-0.84747314453125,0.7061610817909241
40,0.02,-0.0,-0.0,-0.0,-0.0,-0.0,-0.0,2.0176639556884766,24.003570556640625,-474.75640869140625,-134201.359375,27206.8515625,-1366.5587158203125,-3.3710098266601562,-24.91339874267578,-143.50131225585938,35412.484375,4665.1357421875,-1898.0841064453125,-0.0,-0.0,-0.0,-0.0,-0.0,-0.0,-0.00255584716796875,-0.0005340576171875,-0.0003814697265625,0.00110626220703125,0.00019073486328125,-0.00057220458984375,-0.00102996826171875,-0.00240325927734375,0.00194549560546875,-0.005340576171875,-0.009307861328125,0.0017547607421875,-0.006866455078125,0.00110626220703125,0.00049591064453125,0.00072479248046875,0.09918212890625,0.096282958984375,0.097808837890625,0.0927734375,0.096588134765625,0.099029541015625,0.101470947265625,0.099334716796875,0.0921630859375,0.078125,0.093994140625,0.113677978515625,-1.046600341796875,-2.05902099609375,0.51788330078125,-1.748199462890625,-2.0377979278564453
41,0.0205,-0.0,-0.0,-0.0,-0.0,-0.0,-0.0,2.1006271839141846,23.893354415893555,-474.7831115722656,-134061.03125,27347.78125,-1425.09814453125,-3.3161795139312744,-25.076921463012695,-142.18716430664062,35126.49609375,4971.900390625,-1823.0777587890625,-0.0,-0.0,-0.0,-0.0,-0.0,-0.0,0.00873565673828125,0.00957489013671875,0.01201629638671875,0.01827239990234375,0.010833740234375,0.01514434814453125,0.0109100341796875,0.02529144287109375,0.00812530517578125,0.0115966796875,0.02544403076171875,0.01361846923828125,0.01949310302734375,0.01068115234375,0.0041961669921875,0.02902984619140625,0.092926025390625,0.1007080078125,0.10040283203125,0.09765625,0.071563720703125,0.100860595703125,0.10284423828125,0.094451904296875,0.104217529296875,0.071258544921875,0.10162353515625,0.086669921875,0.35247802734375,0.892333984375,-0.2093505859375,1.17706298828125,9.24292278289795
42,0.021,-0.0,-0.0,-0.0,-0.0,-0.0,-0.0,2.196359634399414,23.770187377929688,-475.818115234375,-134566.09375,27141.2421875,-1243.5921630859375,-3.166118860244751,-25.062284469604492,-143.04405212402344,35263.22265625,4573.2109375,-1870.3740234375,-0.0,-0.0,-0.0,-0.0,-0.0,-0.0,0.00255584716796875,0.00057220458984375,-0.00148773193359375,0.00202178955078125,0.00072479248046875,0.0003814697265625,0.000152587890625,0.00102996826171875,0.001220703125,0.0042724609375,0.0084686279296875,-0.00347137451171875,0.0051116943359375,0.0011444091796875,-0.0022125244140625,-0.001373291015625,0.09368896484375,0.0958251953125,0.093231201171875,0.097198486328125,0.08331298828125,0.100555419921875,0.156707763671875,0.096588134765625,0.09246826171875,0.066070556640625,0.095977783203125,0.11260986328125,1.45416259765625,2.3486328125,-0.64056396484375,1.5533447265625,10.157575607299805
43,0.021500000000000002,-0.0,-0.0,-0.0,-0.0,-0.0,-0.0,2.291746139526367,23.76409149169922,-475.16064453125,-134539.734375,27264.072265625,-1256.8306884765625,-3.6707682609558105,-25.03457260131836,-142.02024841308594,35240.57421875,4795.794921875,-1985.2158203125,-0.0,-0.0,-0.0,-0.0,-0.0,-0.0,-0.00732421875,-0.01033782958984375,-0.0115966796875,-0.01720428466796875,-0.01194000244140625,-0.014801025390625,-0.0115966796875,-0.02338409423828125,-0.009307861328125,-0.011444091796875,-0.0223541259765625,-0.014801025390625,-0.01758575439453125,-0.01255035400390625,-0.00518798828125,-0.0281524658203125,0.1007080078125,0.09918212890625,0.098419189453125,0.099945068359375,0.1031494140625,0.096588134765625,0.09490966796875,0.087890625,0.10040283203125,0.087432861328125,0.102081298828125,0.08941650390625,-0.074615478515625,-0.384521484375,0.2032470703125,-1.190032958984375,7.71850061416626
44,0.022,-0.0,-0.0,-0.0,-0.0,-0.0,-0.0,2.5813114643096924,23.168115615844727,-476.2425231933594,-134289.4375,27539.59375,-1140.473876953125,-3.2212088108062744,-24.851716995239258,-142.82603454589844,35210.53515625,5039.322265625,-1907.1019287109375,-0.0,-0.0,-0.0,-0.0,-0.0,-0.0,-0.001678466796875,-0.00026702880859375,0.0011444091796875,-3.814697265625e-05,0.00072479248046875,-0.000152587890625,-0.001678466796875,0.00118255615234375,0.00041961669921875,-0.00652313232421875,-0.00591278076171875,0.0025177001953125,-0.00522613525390625,0.000457763671875,0.0018310546875,0.00141143798828125,0.10772705078125,0.10406494140625,0.09857177734375,0.095977783203125,0.103302001953125,0.09429931640625,0.07598876953125,0.105743408203125,0.099639892578125,0.0469970703125,0.094451904296875,0.079193115234375,-1.186981201171875,-1.95220947265625,0.43182373046875,-1.652069091796875,-8.135483741760254
45,0.0225,-0.0,-0.0,-0.0,-0.0,-0.0,-0.0,1.9347707033157349,23.123573303222656,-475.6230773925781,-134295.390625,27328.3203125,-1200.7100830078125,-3.309973955154419,-24.81839370727539,-142.56277465820312,35237.56640625,4910.43798828125,-2016.558349609375,-0.0,-0.0,-0.0,-0.0,-0.0,-0.0,0.0079345703125,0.01026153564453125,0.01308441162109375,0.01926422119140625,0.01190185546875,0.01544952392578125,0.0112152099609375,0.0235748291015625,0.00926971435546875,0.01110076904296875,0.0258636474609375,0.0194549560546875,0.02025604248046875,0.014190673828125,0.00591278076171875,0.029449462890625,0.106201171875,0.098114013671875,0.10101318359375,0.101776123046875,0.101470947265625,0.107574462890625,0.116424560546875,0.102691650390625,0.109710693359375,0.076904296875,0.105743408203125,0.10345458984375,0.30731201171875,0.70556640625,0.14892578125,1.6436767578125,6.803847789764404
46,0.023,-0.0,-0.0,-0.0,-0.0,-0.0,-0.0,2.1077284812927246,23.252283096313477,-477.3886413574219,-134665.671875,27538.935546875,-1359.5166015625,-3.609384775161743,-24.956571578979492,-142.10470581054688,35261.18359375,4857.52392578125,-2065.006591796875,-0.0,-0.0,-0.0,-0.0,-0.0,-0.0,0.00301361083984375,0.00087738037109375,0.0,-0.0005340576171875,0.000457763671875,0.0026702880859375,0.00118255615234375,0.00019073486328125,-0.001678466796875,0.00431060791015625,0.0084686279296875,-0.00133514404296875,0.00217437744140625,-0.00102996826171875,0.00408172607421875,-0.001678466796875,0.10101318359375,0.099029541015625,0.097198486328125,0.100250244140625,0.091552734375,0.09185791015625,0.10101318359375,0.09735107421875,0.097808837890625,0.07232666015625,0.101318359375,0.09765625,1.0748291015625,2.2528076171875,-0.443115234375,1.57318115234375,9.547806739807129
47,0.0235,-0.0,-0.0,-0.0,-0.0,-0.0,-0.0,1.845408320426941,23.051618576049805,-477.54022216796875,-134515.03125,27791.76171875,-1151.3948974609375,-3.5867233276367188,-24.96733283996582,-142.01577758789062,35240.95703125,5000.25390625,-2016.74267578125,-0.0,-0.0,-0.0,-0.0,-0.0,-0.0,-0.00888824462890625,-0.006866455078125,-0.01312255859375,-0.01617431640625,-0.0113677978515625,-0.01605987548828125,-0.0086212158203125,-0.02471923828125,-0.0081634521484375,-0.0109100341796875,-0.0251007080078125,-0.0152587890625,-0.01720428466796875,-0.01312255859375,-0.00492095947265625,-0.02994537353515625,0.1025390625,0.1019287109375,0.096588134765625,0.098419189453125,0.099029541015625,0.10101318359375,0.085296630859375,0.09552001953125,0.095062255859375,0.0927734375,0.098419189453125,0.083465576171875,-0.359344482421875,-0.40374755859375,0.20355224609375,-1.041717529296875,-1.4280292987823486
48,0.024,-0.0,-0.0,-0.0,-0.0,-0.0,-0.0,1.784210205078125,23.5534610748291,-477.9635925292969,-134856.6875,27807.005859375,-1149.3289794921875,-4.035079479217529,-24.90166664123535,-141.9750213623047,35014.64453125,4935.42041015625,-2087.373291015625,-0.0,-0.0,-0.0,-0.0,-0.0,-0.0,0.0003814697265625,0.0003814697265625,0.0006866455078125,0.00064849853515625,0.00202178955078125,0.0002288818359375,-0.00186920166015625,-0.0009918212890625,0.00171661376953125,-0.001983642578125,-0.00774383544921875,0.00232696533203125,-0.00316619873046875,0.00110626220703125,0.00270843505859375,3.814697265625e-05,0.096282958984375,0.103302001953125,0.091705322265625,0.098419189453125,0.099639892578125,0.101165771484375,0.09490966796875,0.106964111328125,0.09674072265625,0.093994140625,0.099029541015625,0.10406494140625,-0.99761962890625,-1.94488525390625,0.60699462890625,-1.49139404296875,-2.0377979278564453
49,0.0245,-0.0,-0.0,-0.0,-0.0,-0.0,-0.0,1.939244270324707,23.441295623779297,-476.2168884277344,-134470.09375,27792.947265625,-964.86474609375,-3.492506980895996,-25.08816146850586,-141.0572509765625,35156.3359375,4842.35595703125,-2036.9744873046875,-0.0,-0.0,-0.0,-0.0,-0.0,-0.0,0.0084686279296875,0.009765625,0.01407623291015625,0.0167083740234375,0.01338958740234375,0.017547607421875,0.009613037109375,0.02471923828125,0.00682830810546875,0.01445770263671875,0.02689361572265625,0.0151824951171875,0.0188446044921875,0.01285552978515625,0.00518798828125,0.03025054931640625,0.099029541015625,0.095672607421875,0.09979248046875,0.09613037109375,0.0982666015625,0.09613037109375,0.116729736328125,0.094757080078125,0.102386474609375,0.136260986328125,0.10223388671875,0.116729736328125,0.97564697265625,0.82550048828125,0.02899169921875,1.302642822265625,8.633153915405273
50,0.025,-0.0,-0.0,-0.0,-0.0,-0.0,-0.0,1.6247942447662354,23.558605194091797,-477.0162353515625,-134796.46875,27954.890625,-1092.4437255859375,-3.7865474224090576,-25.01828956604004,-141.25942993164062,35083.12890625,4807.88232421875,-1926.2828369140625,-0.0,-0.0,-0.0,-0.0,-0.0,-0.0,0.0038909912109375,0.0006866455078125,-0.00095367431640625,-0.00148773193359375,0.00186920166015625,0.0009918212890625,0.0006866455078125,-0.0018310546875,-0.00072479248046875,0.0060272216796875,0.00545501708984375,-0.00278472900390625,0.0018310546875,0.000152587890625,0.000762939453125,-0.00431060791015625,0.095062255859375,0.101165771484375,0.09613037109375,0.10406494140625,0.099639892578125,0.098114013671875,0.08575439453125,0.098114013671875,0.099029541015625,0.13397216796875,0.104217529296875,0.104217529296875,1.354522705078125,2.00714111328125,-0.36895751953125,1.5789794921875,9.24292278289795
51,0.025500000000000002,-0.0,-0.0,-0.0,-0.0,-0.0,-0.0,1.8081084489822388,23.6434326171875,-477.6112365722656,-134567.765625,27944.51171875,-1060.3089599609375,-3.6696743965148926,-24.999460220336914,-142.72743225097656,35017.28125,5071.7490234375,-1996.450439453125,-0.0,-0.0,-0.0,-0.0,-0.0,-0.0,-0.0092315673828125,-0.0091552734375,-0.01346588134765625,-0.01567840576171875,-0.0130462646484375,-0.0156402587890625,-0.00957489013671875,-0.02460479736328125,-0.00568389892578125,-0.01194000244140625,-0.0229644775390625,-0.014801025390625,-0.01811981201171875,-0.01026153564453125,-0.00308990478515625,-0.030517578125,0.10162353515625,0.092620849609375,0.10009765625,0.099945068359375,0.093841552734375,0.093536376953125,0.081024169921875,0.098724365234375,0.0946044921875,0.107574462890625,0.09521484375,0.1007080078125,-0.233917236328125,-0.2435302734375,0.29876708984375,-1.028900146484375,0.09639240801334381
52,0.026000000000000002,-0.0,-0.0,-0.0,-0.0,-0.0,-0.0,1.3706568479537964,23.61541748046875,-477.9975280761719,-134591.015625,28157.46484375,-1052.438720703125,-3.669518232345581,-24.521194458007812,-141.16810607910156,35017.125,4952.103515625,-1974.67626953125,-0.0,-0.0,-0.0,-0.0,-0.0,-0.0,-0.001220703125,0.00041961669921875,0.00095367431640625,0.00110626220703125,0.00141143798828125,-0.00110626220703125,0.0019073486328125,0.001068115234375,-0.00102996826171875,-0.00301361083984375,-0.0037384033203125,0.0048828125,-0.0042724609375,0.00133514404296875,0.002288818359375,0.00286102294921875,0.10833740234375,0.1068115234375,0.099334716796875,0.101318359375,0.103759765625,0.112152099609375,0.10589599609375,0.105743408203125,0.103912353515625,0.067138671875,0.106201171875,0.13214111328125,-1.041717529296875,-1.8499755859375,0.81298828125,-1.16058349609375,-1.1231448650360107
53,0.0265,-0.0,-0.0,-0.0,-0.0,-0.0,-0.0,1.8126202821731567,23.397005081176758,-477.2743225097656,-134550.640625,28024.828125,-1096.5364990234375,-3.6089208126068115,-24.96291160583496,-140.23194885253906,34749.7109375,5031.89501953125,-1977.52392578125,-0.0,-0.0,-0.0,-0.0,-0.0,-0.0,0.0093841552734375,0.0087738037109375,0.0115203857421875,0.01811981201171875,0.0136566162109375,0.01495361328125,0.01117706298828125,0.02269744873046875,0.00896453857421875,0.01094818115234375,0.02407073974609375,0.01373291015625,0.0189208984375,0.01163482666015625,0.00514984130859375,0.0301361083984375,0.100555419921875,0.09979248046875,0.10162353515625,0.09246826171875,0.09002685546875,0.095367431640625,0.0640869140625,0.097808837890625,0.093536376953125,0.1654052734375,0.10589599609375,0.074920654296875,0.31951904296875,0.692138671875,-0.1336669921875,1.4532470703125,9.852691650390625
54,0.027,-0.0,-0.0,-0.0,-0.0,-0.0,-0.0,1.1560051441192627,23.5019588470459,-476.9205017089844,-134630.203125,28242.7734375,-1117.9427490234375,-3.5805344581604004,-24.634185791015625,-141.7705078125,34756.703125,5192.35693359375,-1977.3651123046875,-0.0,-0.0,-0.0,-0.0,-0.0,-0.0,0.00057220458984375,0.0008392333984375,-0.00118255615234375,-0.002593994140625,0.0012969970703125,-7.62939453125e-05,0.0008392333984375,-0.0011444091796875,-0.000152587890625,0.003509521484375,0.0057220458984375,-0.00507354736328125,7.62939453125e-05,0.0006866455078125,0.0016021728515625,-0.00301361083984375,0.103302001953125,0.10223388671875,0.096282958984375,0.093841552734375,0.11077880859375,0.1019287109375,0.085906982421875,0.1055908203125,0.09490966796875,0.110321044921875,0.10101318359375,0.08819580078125,0.883941650390625,2.16705322265625,-0.7855224609375,1.632232666015625,9.24292278289795
55,0.0275,-0.0,-0.0,-0.0,-0.0,-0.0,-0.0,1.2453781366348267,23.612424850463867,-476.43975830078125,-134588.0625,28329.919921875,-1004.578857421875,-3.7258529663085938,-25.030513763427734,-142.2306365966797,35019.2421875,4970.2392578125,-1965.6177978515625,-0.0,-0.0,-0.0,-0.0,-0.0,-0.0,-0.00690460205078125,-0.00942230224609375,-0.0113677978515625,-0.016937255859375,-0.0128173828125,-0.01373291015625,-0.01117706298828125,-0.0225067138671875,-0.00621795654296875,-0.01087188720703125,-0.0226593017578125,-0.01422882080078125,-0.01678466796875,-0.01148223876953125,-0.0048828125,-0.02964019775390625,0.095062255859375,0.09857177734375,0.102996826171875,0.095672607421875,0.102081298828125,0.104522705078125,0.117950439453125,0.09552001953125,0.095977783203125,0.08636474609375,0.095977783203125,0.10772705078125,-0.148468017578125,-0.14923095703125,0.4608154296875,-1.1016845703125,-1.1231448650360107
56,0.028,-0.0,-0.0,-0.0,-0.0,-0.0,-0.0,1.2523090839385986,23.43457794189453,-475.5934753417969,-134512.796875,28265.97265625,-926.3802490234375,-3.342583417892456,-24.666635513305664,-139.66064453125,35087.16796875,5107.0341796875,-1907.14111328125,-0.0,-0.0,-0.0,-0.0,-0.0,-0.0,-3.814697265625e-05,0.00141143798828125,0.00091552734375,0.001068115234375,0.00049591064453125,0.0020599365234375,0.0017547607421875,-0.00102996826171875,0.001678466796875,-0.0019073486328125,-0.00354766845703125,0.003662109375,-0.00335693359375,0.00202178955078125,0.00164031982421875,0.003509521484375,0.096282958984375,0.10040283203125,0.095367431640625,0.095062255859375,0.092315673828125,0.10162353515625,0.095977783203125,0.096282958984375,0.0946044921875,0.145416259765625,0.09674072265625,0.08209228515625,-0.814666748046875,-1.79534912109375,0.47637939453125,-1.623077392578125,-1.732913613319397
57,0.0285,-0.0,-0.0,-0.0,-0.0,-0.0,-0.0,1.4273681640625,23.441295623779297,-477.27203369140625,-134694.328125,28275.421875,-1121.7303466796875,-3.2220969200134277,-24.96665382385254,-142.2294464111328,34975.98828125,4964.68408203125,-1895.4688720703125,-0.0,-0.0,-0.0,-0.0,-0.0,-0.0,0.008087158203125,0.0092315673828125,0.0135040283203125,0.01865386962890625,0.0125885009765625,0.0160980224609375,0.00926971435546875,0.026092529296875,0.00762939453125,0.01216888427734375,0.02429962158203125,0.01216888427734375,0.0202178955078125,0.01117706298828125,0.0042724609375,0.0315093994140625,0.09521484375,0.105133056640625,0.10284423828125,0.097198486328125,0.100860595703125,0.099029541015625,0.10894775390625,0.098114013671875,0.08941650390625,0.074615478515625,0.09674072265625,0.0994873046875,0.88714599609375,0.26336669921875,-0.189208984375,1.418609619140625,9.24292278289795
58,0.029,-0.0,-0.0,-0.0,-0.0,-0.0,-0.0,1.4561219215393066,23.82654571533203,-477.02056884765625,-134786.53125,28339.6953125,-934.6167602539062,-3.9062960147857666,-24.465106964111328,-141.27020263671875,34791.94921875,5017.92041015625,-1907.4908447265625,-0.0,-0.0,-0.0,-0.0,-0.0,-0.0,0.0014495849609375,-0.00080108642578125,-0.00202178955078125,-0.00049591064453125,-0.001373291015625,0.00049591064453125,-0.00041961669921875,0.00095367431640625,-0.00041961669921875,0.002593994140625,0.0037384033203125,-0.00423431396484375,0.00408172607421875,-0.0020599365234375,-0.0023651123046875,-0.00339508056640625,0.092315673828125,0.10162353515625,0.09796142578125,0.099639892578125,0.091552734375,0.100860595703125,0.108489990234375,0.09429931640625,0.09368896484375,0.089874267578125,0.0994873046875,0.083770751953125,1.355133056640625,1.976318359375,-0.4779052734375,1.60675048828125,10.76734447479248
59,0.029500000000000002,-0.0,-0.0,-0.0,-0.0,-0.0,-0.0,1.637345552444458,23.679885864257812,-476.5646667480469,-134753.859375,28346.091796875,-907.4498901367188,-3.4625232219696045,-24.88099479675293,-141.1809844970703,35123.66015625,5259.927734375,-1977.1217041015625,-0.0,-0.0,-0.0,-0.0,-0.0,-0.0,-0.0101470947265625,-0.0078582763671875,-0.01140594482421875,-0.01728057861328125,-0.012359619140625,-0.0151824951171875,-0.00885009765625,-0.02285003662109375,-0.00652313232421875,-0.01499176025390625,-0.020904541015625,-0.01201629638671875,-0.01552581787109375,-0.0104522705078125,-0.006866455078125,-0.0286865234375,0.107879638671875,0.105743408203125,0.1080322265625,0.1068115234375,0.1080322265625,0.1092529296875,0.096435546875,0.11077880859375,0.112457275390625,0.1416015625,0.105438232421875,0.10955810546875,-0.662841796875,-0.16845703125,0.5084228515625,-0.7403564453125,-1.1231448650360107
60,0.03,-0.0,-0.0,-0.0,-0.0,-0.0,-0.0,1.936220407485962,23.50154685974121,-477.03167724609375,-134694.1875,28426.177734375,-926.5943603515625,-3.665856122970581,-24.553428649902344,-141.63243103027344,34927.21484375,4993.45166015625,-2046.060791015625,-0.0,-0.0,-0.0,-0.0,-0.0,-0.0,-0.00171661376953125,0.000762939453125,0.00034332275390625,0.00141143798828125,0.00316619873046875,-0.00011444091796875,-0.000762939453125,0.002899169921875,0.0,-0.00316619873046875,-0.003662109375,0.0028228759765625,-0.00278472900390625,0.00194549560546875,7.62939453125e-05,0.00278472900390625,0.099639892578125,0.098876953125,0.096588134765625,0.09857177734375,0.09246826171875,0.099334716796875,0.0775146484375,0.106658935546875,0.097198486328125,0.088958740234375,0.098876953125,0.093536376953125,-1.17645263671875,-1.86279296875,0.46539306640625,-1.51947021484375,-1.732913613319397
61,0.0305,-0.0,-0.0,-0.0,-0.0,-0.0,-0.0,1.5501995086669922,23.441295623779297,-476.9075622558594,-134670.8125,28638.763671875,-829.345947265625,-3.577199697494507,-24.70142936706543,-141.76502990722656,34803.578125,4878.74560546875,-2066.061279296875,-0.0,-0.0,-0.0,-0.0,-0.0,-0.0,0.0106048583984375,0.0091552734375,0.01220703125,0.0182342529296875,0.01190185546875,0.016326904296875,0.0101470947265625,0.0241851806640625,0.00881195068359375,0.0116729736328125,0.023956298828125,0.01461029052734375,0.016632080078125,0.011749267578125,0.0055694580078125,0.0302886962890625,0.095977783203125,0.097503662109375,0.10406494140625,0.099639892578125,0.097198486328125,0.097198486328125,0.089569091796875,0.096588134765625,0.09765625,0.089111328125,0.102386474609375,0.103912353515625,0.353546142578125,0.43426513671875,-0.277099609375,1.54876708984375,9.547806739807129
62,0.031,-0.0,-0.0,-0.0,-0.0,-0.0,-0.0,1.309114694595337,23.530426025390625,-476.42327880859375,-134814.078125,28524.041015625,-1003.296875,-3.6970021724700928,-24.730072021484375,-141.85211181640625,34805.41015625,4929.00732421875,-1936.3515625,-0.0,-0.0,-0.0,-0.0,-0.0,-0.0,0.0012969970703125,0.000152587890625,-0.00209808349609375,-0.00064849853515625,-0.00011444091796875,0.00064849853515625,-0.00156402587890625,-0.00019073486328125,-0.00057220458984375,0.00209808349609375,0.00347137451171875,-0.00347137451171875,0.00316619873046875,-0.00152587890625,-0.0022125244140625,-0.00339508056640625,0.099334716796875,0.09857177734375,0.104522705078125,0.099639892578125,0.106201171875,0.100250244140625,0.06134033203125,0.0994873046875,0.10040283203125,0.100860595703125,0.10009765625,0.1043701171875,1.100616455078125,2.09747314453125,-0.135498046875,1.6351318359375,11.681997299194336
63,0.0315,-0.0,-0.0,-0.0,-0.0,-0.0,-0.0,1.396381139755249,23.50508689880371,-476.18695068359375,-134561.828125,28705.51171875,-779.6995239257812,-3.6969337463378906,-24.286518096923828,-140.70809936523438,34781.671875,5106.02392578125,-2045.9466552734375,-0.0,-0.0,-0.0,-0.0,-0.0,-0.0,-0.00888824462890625,-0.0087738037109375,-0.01338958740234375,-0.01678466796875,-0.01049041748046875,-0.01678466796875,-0.008697509765625,-0.02437591552734375,-0.00762939453125,-0.00980377197265625,-0.022430419921875,-0.0128173828125,-0.0162506103515625,-0.01010894775390625,-0.006561279296875,-0.0290679931640625,0.097503662109375,0.098724365234375,0.09674072265625,0.100555419921875,0.109100341796875,0.09429931640625,0.13763427734375,0.097198486328125,0.0970458984375,0.084075927734375,0.09765625,0.109100341796875,0.094451904296875,0.128173828125,0.49468994140625,-1.235198974609375,-9.355021476745605
64,0.032,-0.0,-0.0,-0.0,-0.0,-0.0,-0.0,1.6040765047073364,23.59212875366211,-476.5416564941406,-134794.109375,28442.8359375,-995.1262817382812,-3.96480393409729,-25.025667190551758,-141.0572509765625,34798.5703125,5147.0869140625,-1996.6668701171875,-0.0,-0.0,-0.0,-0.0,-0.0,-0.0,-0.002288818359375,0.00030517578125,0.0011444091796875,0.0034332275390625,-0.00011444091796875,0.0006103515625,0.00102996826171875,0.0030517578125,0.0012969970703125,-0.0038909912109375,-0.0023651123046875,0.00171661376953125,-0.0006103515625,0.0005340576171875,0.000457763671875,0.00453948974609375,0.0946044921875,0.09918212890625,0.094757080078125,0.09307861328125,0.098724365234375,0.098419189453125,0.1251220703125,0.09429931640625,0.101776123046875,0.166778564453125,0.096435546875,0.074920654296875,-1.015625,-1.97784423828125,0.38360595703125,-1.552886962890625,1.3159297704696655
65,0.0325,-0.0,-0.0,-0.0,-0.0,-0.0,-0.0,1.5195069313049316,23.379924774169922,-476.1965637207031,-134261.96875,28497.4375,-918.0725708007812,-3.724308490753174,-24.34478187561035,-141.6411895751953,34874.3515625,4911.087890625,-2024.9541015625,-0.0,-0.0,-0.0,-0.0,-0.0,-0.0,0.00885009765625,0.0087738037109375,0.0127410888671875,0.01705169677734375,0.01331329345703125,0.01552581787109375,0.0107574462890625,0.02227783203125,0.00823974609375,0.01041412353515625,0.0228118896484375,0.01354217529296875,0.01674652099609375,0.01186370849609375,0.00423431396484375,0.02918243408203125,0.1019287109375,0.099945068359375,0.098876953125,0.098724365234375,0.106964111328125,0.09918212890625,0.11260986328125,0.10101318359375,0.101318359375,0.118408203125,0.093841552734375,0.0933837890625,0.4254150390625,0.32989501953125,-0.194091796875,1.1187744140625,8.633153915405273
66,0.033,-0.0,-0.0,-0.0,-0.0,-0.0,-0.0,1.4273681640625,23.382741928100586,-475.8545227050781,-134534.96875,28470.60546875,-838.967529296875,-3.6995058059692383,-24.5230712890625,-141.28639221191406,34728.12109375,4892.3037109375,-2034.8248291015625,-0.0,-0.0,-0.0,-0.0,-0.0,-0.0,0.00011444091796875,0.00019073486328125,-0.001678466796875,0.000152587890625,-0.000457763671875,-0.00141143798828125,-0.00080108642578125,-0.0002288818359375,-0.0017547607421875,0.00026702880859375,0.00514984130859375,-0.002288818359375,0.00476837158203125,-0.00164031982421875,-0.00064849853515625,-0.00152587890625,0.103912353515625,0.1068115234375,0.1007080078125,0.106658935546875,0.11138916015625,0.101318359375,0.08575439453125,0.1019287109375,0.106201171875,0.040283203125,0.10955810546875,0.1141357421875,0.980072021484375,2.07672119140625,-0.196533203125,1.84783935546875,11.07222843170166
67,0.0335,-0.0,-0.0,-0.0,-0.0,-0.0,-0.0,1.1292803287506104,23.442373275756836,-476.1986083984375,-134335.265625,28552.587890625,-898.05810546875,-3.547269582748413,-24.84629249572754,-141.87498474121094,34881.203125,4940.66796875,-1807.416259765625,-0.0,-0.0,-0.0,-0.0,-0.0,-0.0,-0.00713348388671875,-0.0081634521484375,-0.0133514404296875,-0.0160980224609375,-0.01110076904296875,-0.0164031982421875,-0.00858306884765625,-0.02338409423828125,-0.00896453857421875,-0.0106048583984375,-0.0232696533203125,-0.01499176025390625,-0.01461029052734375,-0.01163482666015625,-0.00518798828125,-0.02941131591796875,0.106658935546875,0.10009765625,0.09246826171875,0.095672607421875,0.0946044921875,0.09674072265625,0.09674072265625,0.0970458984375,0.102081298828125,0.124969482421875,0.102691650390625,0.1055908203125,-0.18768310546875,-0.01312255859375,0.28533935546875,-0.981903076171875,-0.20849192142486572
68,0.034,-0.0,-0.0,-0.0,-0.0,-0.0,-0.0,1.0696817636489868,23.35216522216797,-476.91290283203125,-134508.921875,28391.30078125,-809.9865112304688,-3.932535409927368,-24.52614402770996,-141.283935546875,34795.33203125,5229.66748046875,-1956.7581787109375,-0.0,-0.0,-0.0,-0.0,-0.0,-0.0,-0.0008392333984375,0.00049591064453125,0.00087738037109375,0.0023651123046875,0.0023651123046875,0.0014495849609375,-0.00057220458984375,0.0019073486328125,0.0017547607421875,-0.0035858154296875,-0.0031280517578125,0.00110626220703125,0.00019073486328125,0.0016021728515625,-0.000762939453125,0.003509521484375,0.097198486328125,0.09063720703125,0.09979248046875,0.095367431640625,0.101470947265625,0.095367431640625,0.099639892578125,0.09765625,0.099334716796875,0.077667236328125,0.09613037109375,0.099029541015625,-1.16180419921875,-1.93878173828125,0.2740478515625,-1.6064453125,-4.476872444152832
69,0.0345,-0.0,-0.0,-0.0,-0.0,-0.0,-0.0,1.070526123046875,23.055973052978516,-475.6192321777344,-134582.25,28646.314453125,-810.1919555664062,-3.9626705646514893,-24.848342895507812,-140.35894775390625,34702.2734375,4974.13427734375,-1956.64111328125,-0.0,-0.0,-0.0,-0.0,-0.0,-0.0,0.0078582763671875,0.00988006591796875,0.0135040283203125,0.01659393310546875,0.01171112060546875,0.01659393310546875,0.00820159912109375,0.02445220947265625,0.00827789306640625,0.009002685546875,0.02689361572265625,0.0186920166015625,0.01739501953125,0.01117706298828125,0.0058746337890625,0.0286102294921875,0.0946044921875,0.097503662109375,0.093231201171875,0.10009765625,0.09735107421875,0.10498046875,0.106201171875,0.092315673828125,0.09735107421875,0.08087158203125,0.10284423828125,0.106353759765625,-0.010223388671875,0.7330322265625,0.6964111328125,1.407928466796875,7.413616180419922
70,0.035,-0.0,-0.0,-0.0,-0.0,-0.0,-0.0,1.3681833744049072,23.412595748901367,-475.9693908691406,-134513.734375,28703.08203125,-868.1224365234375,-3.6371421813964844,-24.464590072631836,-140.8258514404297,34990.04296875,5069.4697265625,-1976.631103515625,-0.0,-0.0,-0.0,-0.0,-0.0,-0.0,0.00072479248046875,-0.000152587890625,-0.00156402587890625,-0.00019073486328125,0.000762939453125,0.000762939453125,-0.000457763671875,-0.001678466796875,0.0003814697265625,0.0030517578125,0.002288818359375,-0.00213623046875,-0.00091552734375,-0.00019073486328125,-0.0022125244140625,-0.002899169921875,0.107879638671875,0.103302001953125,0.099639892578125,0.0982666015625,0.09613037109375,0.09857177734375,0.131988525390625,0.10040283203125,0.1007080078125,0.07904052734375,0.09765625,0.084686279296875,1.454620361328125,2.18963623046875,-0.3875732421875,1.38519287109375,8.93803882598877
71,0.035500000000000004,-0.0,-0.0,-0.0,-0.0,-0.0,-0.0,1.2489471435546875,23.471994400024414,-476.087646484375,-134337.1875,28480.8984375,-780.3905639648438,-3.7851126194000244,-24.670717239379883,-140.3603515625,35110.83984375,5100.71044921875,-1947.2078857421875,-0.0,-0.0,-0.0,-0.0,-0.0,-0.0,-0.00720977783203125,-0.00835418701171875,-0.01262664794921875,-0.0150299072265625,-0.01140594482421875,-0.0153350830078125,-0.00701904296875,-0.02376556396484375,-0.00789642333984375,-0.00896453857421875,-0.0240325927734375,-0.01575469970703125,-0.01422882080078125,-0.0112152099609375,-0.0057220458984375,-0.027618408203125,0.0921630859375,0.10009765625,0.10345458984375,0.1007080078125,0.101318359375,0.097808837890625,0.103302001953125,0.09674072265625,0.09796142578125,0.11444091796875,0.095062255859375,0.08941650390625,0.22186279296875,-0.36468505859375,0.25115966796875,-0.825958251953125,0.09639240801334381
72,0.036000000000000004,-0.0,-0.0,-0.0,-0.0,-0.0,-0.0,0.9514102339744568,23.441547393798828,-476.3221130371094,-134380.234375,28502.486328125,-751.1885375976562,-3.696333169937134,-24.67129135131836,-142.80360412597656,35068.51171875,4970.4931640625,-1937.0579833984375,-0.0,-0.0,-0.0,-0.0,-0.0,-0.0,-0.001678466796875,0.00041961669921875,0.00152587890625,0.00255584716796875,0.0037384033203125,-0.0002288818359375,-0.00049591064453125,0.00339508056640625,0.00171661376953125,-0.00255584716796875,-0.001068115234375,0.0026702880859375,-0.00030517578125,0.00217437744140625,-0.00156402587890625,0.00354766845703125,0.09796142578125,0.097808837890625,0.0994873046875,0.098876953125,0.102386474609375,0.092010498046875,0.09124755859375,0.101470947265625,0.10223388671875,0.112762451171875,0.09429931640625,0.1025390625,-0.88226318359375,-1.7864990234375,0.5145263671875,-1.51611328125,-2.95245099067688
73,0.0365,-0.0,-0.0,-0.0,-0.0,-0.0,-0.0,1.2489471435546875,23.262664794921875,-474.673828125,-134189.625,28675.65625,-780.759765625,-3.785057306289673,-24.789112091064453,-141.98818969726562,34920.37890625,5023.50732421875,-2006.40966796875,-0.0,-0.0,-0.0,-0.0,-0.0,-0.0,0.007781982421875,0.0104522705078125,0.01373291015625,0.017242431640625,0.01369476318359375,0.01434326171875,0.01270294189453125,0.02422332763671875,0.0070953369140625,0.0128173828125,0.025634765625,0.01605987548828125,0.017547607421875,0.01262664794921875,0.00240325927734375,0.0307464599609375,0.10986328125,0.108642578125,0.09765625,0.103912353515625,0.1031494140625,0.09979248046875,0.101470947265625,0.10772705078125,0.105743408203125,0.111541748046875,0.109405517578125,0.116424560546875,0.591888427734375,0.46722412109375,0.16571044921875,1.38946533203125,7.71850061416626
74,0.037,-0.0,-0.0,-0.0,-0.0,-0.0,-0.0,1.2489471435546875,23.441295623779297,-475.02838134765625,-134043.40625,28734.6171875,-790.2427368164062,-3.7258529663085938,-24.994781494140625,-140.5913848876953,35040.4921875,5006.845703125,-2006.4058837890625,-0.0,-0.0,-0.0,-0.0,-0.0,-0.0,0.00164031982421875,-0.0020599365234375,-0.00034332275390625,-0.00125885009765625,-0.001068115234375,-0.00095367431640625,-0.000762939453125,-0.00225067138671875,-0.00064849853515625,0.00064849853515625,3.814697265625e-05,-0.00202178955078125,-0.00019073486328125,-0.002593994140625,0.0002288818359375,-0.0037384033203125,0.09918212890625,0.101776123046875,0.0982666015625,0.10009765625,0.09124755859375,0.092010498046875,0.088653564453125,0.098419189453125,0.099029541015625,0.084991455078125,0.09979248046875,0.102996826171875,1.4508056640625,1.87713623046875,-0.52032470703125,1.507415771484375,8.633153915405273
75,0.0375,-0.0,-0.0,-0.0,-0.0,-0.0,-0.0,1.0118114948272705,23.46891975402832,-475.7311096191406,-134606.4375,28388.505859375,-887.6698608398438,-3.6078901290893555,-24.75919532775879,-141.4082794189453,35072.0234375,4916.58203125,-1976.6226806640625,-0.0,-0.0,-0.0,-0.0,-0.0,-0.0,-0.006561279296875,-0.0095367431640625,-0.01190185546875,-0.01575469970703125,-0.012664794921875,-0.0147247314453125,-0.0124359130859375,-0.02246856689453125,-0.00644683837890625,-0.01163482666015625,-0.023651123046875,-0.01232147216796875,-0.01605987548828125,-0.01312255859375,-0.0026702880859375,-0.0299072265625,0.09674072265625,0.0946044921875,0.09796142578125,0.096893310546875,0.08392333984375,0.10101318359375,0.108489990234375,0.098114013671875,0.100250244140625,0.071868896484375,0.100555419921875,0.117034912109375,-0.284881591796875,-0.25787353515625,0.223388671875,-0.7415771484375,-0.5133762359619141
76,0.038,-0.0,-0.0,-0.0,-0.0,-0.0,-0.0,0.774497926235199,23.203079223632812,-475.3865661621094,-134276.3125,28490.73046875,-819.5075073242188,-3.9032745361328125,-24.702518463134766,-141.17176818847656,35201.109375,4784.20849609375,-1977.0821533203125,-0.0,-0.0,-0.0,-0.0,-0.0,-0.0,-0.0006866455078125,0.001983642578125,0.00164031982421875,0.00247955322265625,0.0023651123046875,0.00087738037109375,0.00263214111328125,0.00247955322265625,0.0012969970703125,0.0017547607421875,-0.0006103515625,0.0037384033203125,0.00217437744140625,0.00278472900390625,0.00087738037109375,0.00396728515625,0.10894775390625,0.09490966796875,0.09521484375,0.103302001953125,0.102996826171875,0.10772705078125,0.1116943359375,0.097808837890625,0.102386474609375,0.127410888671875,0.10101318359375,0.097198486328125,-0.876007080078125,-1.845703125,0.54718017578125,-1.04522705078125,-4.171988487243652
77,0.0385,-0.0,-0.0,-0.0,-0.0,-0.0,-0.0,1.279006004333496,22.966577529907227,-475.6143798828125,-134284.546875,28345.625,-693.307861328125,-3.666131019592285,-24.84899139404297,-141.9871826171875,34989.515625,4759.544921875,-1917.9862060546875,-0.0,-0.0,-0.0,-0.0,-0.0,-0.0,0.00896453857421875,0.0083160400390625,0.01323699951171875,0.01903533935546875,0.0116729736328125,0.01739501953125,0.00926971435546875,0.02346038818359375,0.0091552734375,0.013427734375,0.02620697021484375,0.01560211181640625,0.019073486328125,0.00988006591796875,0.00499725341796875,0.0299835205078125,0.094451904296875,0.0982666015625,0.0958251953125,0.0946044921875,0.094146728515625,0.09368896484375,0.085906982421875,0.092926025390625,0.095062255859375,0.108489990234375,0.0811767578125,0.08819580078125,0.708465576171875,0.8294677734375,0.01068115234375,1.21673583984375,18.38945198059082
78,0.039,-0.0,-0.0,-0.0,-0.0,-0.0,-0.0,1.424938678741455,23.11367416381836,-474.559326171875,-134204.4375,28332.892578125,-722.494140625,-3.5207266807556152,-24.966339111328125,-141.97804260253906,34974.48828125,4921.26611328125,-1965.9234619140625,-0.0,-0.0,-0.0,-0.0,-0.0,-0.0,0.0009918212890625,0.00110626220703125,-0.0028228759765625,-0.00186920166015625,-0.00034332275390625,-0.000762939453125,-0.0019073486328125,-0.00308990478515625,0.00019073486328125,0.00030517578125,-0.00179290771484375,-0.00621795654296875,-0.00152587890625,-0.0006103515625,-0.00286102294921875,-0.004119873046875,0.109405517578125,0.098724365234375,0.08941650390625,0.1025390625,0.10772705078125,0.098114013671875,0.10833740234375,0.09857177734375,0.099029541015625,0.126495361328125,0.10711669921875,0.0994873046875,1.007843017578125,1.5380859375,-0.75408935546875,1.436309814453125,1.6208140850067139
79,0.0395,-0.0,-0.0,-0.0,-0.0,-0.0,-0.0,0.9237372279167175,22.93527603149414,-476.5424499511719,-134395.9375,28129.544921875,-848.4713134765625,-3.282299041748047,-24.84827423095703,-141.63743591308594,35078.45703125,4836.74072265625,-1857.8519287109375,-0.0,-0.0,-0.0,-0.0,-0.0,-0.0,-0.00762939453125,-0.00690460205078125,-0.0127410888671875,-0.01735687255859375,-0.01087188720703125,-0.0160980224609375,-0.00949859619140625,-0.0238037109375,-0.00728607177734375,-0.009765625,-0.0241851806640625,-0.013275146484375,-0.018310546875,-0.00988006591796875,-0.00446319580078125,-0.03025054931640625,0.09307861328125,0.0994873046875,0.09674072265625,0.10009765625,0.11077880859375,0.09918212890625,0.090789794921875,0.09246826171875,0.09246826171875,0.079498291015625,0.098419189453125,0.09368896484375,0.0616455078125,-0.47576904296875,0.3570556640625,-0.867919921875,-3.2573351860046387
80,0.04,-0.0,-0.0,-0.0,-0.0,-0.0,-0.0,0.8921051025390625,23.291690826416016,-474.68011474609375,-134617.46875,28279.818359375,-702.4139404296875,-3.5770108699798584,-24.789939880371094,-141.7497100830078,35228.73046875,4703.98779296875,-1798.7366943359375,-0.0,-0.0,-0.0,-0.0,-0.0,-0.0,-0.00156402587890625,0.0019073486328125,0.00171661376953125,0.00110626220703125,0.00274658203125,0.0018310546875,0.00186920166015625,0.00278472900390625,0.00370025634765625,-0.00335693359375,0.00091552734375,0.0055694580078125,0.0017547607421875,0.00339508056640625,-0.00030517578125,0.00461578369140625,0.107421875,0.10498046875,0.10650634765625,0.10833740234375,0.103912353515625,0.10711669921875,0.117950439453125,0.101470947265625,0.101470947265625,0.138702392578125,0.10223388671875,0.10284423828125,-1.162872314453125,-1.84906005859375,0.987548828125,-1.226959228515625,0.09639240801334381
81,0.0405,-0.0,-0.0,-0.0,-0.0,-0.0,-0.0,1.3970205783843994,23.054452896118164,-476.79290771484375,-134558.125,28098.951171875,-799.7793579101562,-3.22373628616333,-25.083358764648438,-140.60308837890625,35308.9296875,4956.84033203125,-1936.246826171875,-0.0,-0.0,-0.0,-0.0,-0.0,-0.0,0.00827789306640625,0.0106048583984375,0.01338958740234375,0.016937255859375,0.0135040283203125,0.014801025390625,0.010223388671875,0.02536773681640625,0.008697509765625,0.01087188720703125,0.028839111328125,0.01125335693359375,0.01739501953125,0.0119781494140625,0.005035400390625,0.02925872802734375,0.09796142578125,0.10223388671875,0.096588134765625,0.099029541015625,0.10101318359375,0.10284423828125,0.102691650390625,0.091400146484375,0.0927734375,0.065765380859375,0.106658935546875,0.096435546875,0.403594970703125,0.74188232421875,-0.1947021484375,1.1669921875,9.852691650390625
82,0.041,-0.0,-0.0,-0.0,-0.0,-0.0,-0.0,1.546980857849121,23.202285766601562,-477.16192626953125,-134566.703125,28069.373046875,-713.2274780273438,-3.4880268573760986,-24.96874237060547,-143.1596221923828,35085.2109375,4690.345703125,-1769.7344970703125,-0.0,-0.0,-0.0,-0.0,-0.0,-0.0,0.0006103515625,-0.00041961669921875,-0.00263214111328125,-0.0017547607421875,-0.0011444091796875,-0.00072479248046875,-0.00125885009765625,-0.00316619873046875,0.00064849853515625,3.814697265625e-05,-0.0016021728515625,-0.00240325927734375,-0.0022125244140625,-0.0018310546875,-0.0017547607421875,-0.0048828125,0.101318359375,0.099639892578125,0.100250244140625,0.1031494140625,0.09613037109375,0.10284423828125,0.09979248046875,0.095672607421875,0.096588134765625,0.13092041015625,0.0933837890625,0.10284423828125,1.327362060546875,1.7681884765625,-0.5712890625,1.5155029296875,8.93803882598877
83,0.0415,-0.0,-0.0,-0.0,-0.0,-0.0,-0.0,1.3968923091888428,22.78693389892578,-475.86279296875,-134582.875,28098.52734375,-751.376953125,-3.518155813217163,-24.997142791748047,-142.46218872070312,35218.3203125,4672.71630859375,-1868.97705078125,-0.0,-0.0,-0.0,-0.0,-0.0,-0.0,-0.0077056884765625,-0.00667572021484375,-0.01232147216796875,-0.01628875732421875,-0.0116729736328125,-0.01407623291015625,-0.01018524169921875,-0.02323150634765625,-0.0067901611328125,-0.0103759765625,-0.0223541259765625,-0.01491546630859375,-0.01678466796875,-0.01201629638671875,-0.004119873046875,-0.030517578125,0.095977783203125,0.09613037109375,0.0970458984375,0.0970458984375,0.102081298828125,0.09124755859375,0.097808837890625,0.10284423828125,0.101776123046875,0.086822509765625,0.09857177734375,0.098114013671875,0.115814208984375,-0.09002685546875,0.33721923828125,-0.87158203125,1.6208140850067139
84,0.042,-0.0,-0.0,-0.0,-0.0,-0.0,-0.0,1.6338918209075928,22.758779525756836,-476.1978454589844,-134520.640625,27951.591796875,-841.5439453125,-3.396665573120117,-25.02759552001953,-142.78451538085938,35305.34375,4929.33349609375,-1829.9996337890625,-0.0,-0.0,-0.0,-0.0,-0.0,-0.0,-0.0016021728515625,0.00057220458984375,0.00255584716796875,0.00347137451171875,0.001068115234375,0.0012969970703125,-0.0003814697265625,0.00431060791015625,0.00125885009765625,-0.00186920166015625,0.00244140625,0.00469207763671875,0.00286102294921875,0.001220703125,0.00049591064453125,0.00522613525390625,0.098724365234375,0.1025390625,0.09429931640625,0.095062255859375,0.098114013671875,0.09033203125,0.087432861328125,0.10528564453125,0.098419189453125,0.08453369140625,0.101470947265625,0.080718994140625,-0.953826904296875,-1.39434814453125,0.576171875,-1.245269775390625,-2.0377979278564453
85,0.0425,-0.0,-0.0,-0.0,-0.0,-0.0,-0.0,0.7775148749351501,22.995643615722656,-476.3081970214844,-134355.421875,28252.875,-801.9841918945312,-3.3989062309265137,-25.083358764648438,-143.14227294921875,35331.109375,4829.638671875,-1827.6231689453125,-0.0,-0.0,-0.0,-0.0,-0.0,-0.0,0.0091552734375,0.0089263916015625,0.01194000244140625,0.0174713134765625,0.01094818115234375,0.016632080078125,0.00919342041015625,0.02368927001953125,0.00865936279296875,0.0119781494140625,0.02468109130859375,0.01102447509765625,0.01773834228515625,0.01117706298828125,0.00324249267578125,0.03032684326171875,0.094146728515625,0.102691650390625,0.1007080078125,0.098724365234375,0.10162353515625,0.095672607421875,0.106964111328125,0.100555419921875,0.10040283203125,0.113983154296875,0.101318359375,0.095367431640625,0.40374755859375,0.57525634765625,-0.33599853515625,0.94390869140625,7.71850061416626
86,0.043000000000000003,-0.0,-0.0,-0.0,-0.0,-0.0,-0.0,1.6364803314208984,22.64484214782715,-475.7447204589844,-134358.046875,28032.01953125,-908.6183471679688,-3.545673370361328,-25.312475204467773,-143.73046875,35436.76171875,4745.0986328125,-1886.1363525390625,-0.0,-0.0,-0.0,-0.0,-0.0,-0.0,0.00019073486328125,-0.000152587890625,-0.00232696533203125,-0.0030517578125,-0.0012969970703125,-0.001220703125,-0.0006866455078125,-0.00385284423828125,-0.00049591064453125,0.00064849853515625,-0.0029754638671875,-0.00579833984375,-0.00057220458984375,-0.003204345703125,-0.00011444091796875,-0.00576019287109375,0.09979248046875,0.096435546875,0.098876953125,0.1007080078125,0.099945068359375,0.093994140625,0.0958251953125,0.096893310546875,0.09674072265625,0.09429931640625,0.095977783203125,0.0994873046875,0.940399169921875,1.66107177734375,-0.72509765625,1.42974853515625,11.07222843170166
87,0.043500000000000004,-0.0,-0.0,-0.0,-0.0,-0.0,-0.0,1.6148650646209717,22.875795364379883,-475.7094421386719,-134457.796875,28107.880859375,-771.3388671875,-3.107797145843506,-25.323728561401367,-141.73257446289062,35367.8984375,4925.1357421875,-1808.9117431640625,-0.0,-0.0,-0.0,-0.0,-0.0,-0.0,-0.009918212890625,-0.00682830810546875,-0.0122833251953125,-0.0160980224609375,-0.0116729736328125,-0.01438140869140625,-0.00865936279296875,-0.0247955322265625,-0.00629425048828125,-0.01216888427734375,-0.02655029296875,-0.01117706298828125,-0.01514434814453125,-0.010833740234375,-0.00537872314453125,-0.0293731689453125,0.10894775390625,0.108642578125,0.108642578125,0.1116943359375,0.103759765625,0.113067626953125,0.100250244140625,0.10589599609375,0.10894775390625,0.106353759765625,0.1141357421875,0.106201171875,-0.271148681640625,-0.49346923828125,0.45867919921875,-0.559539794921875,0.09639240801334381
88,0.044,-0.0,-0.0,-0.0,-0.0,-0.0,-0.0,1.6609532833099365,23.468852996826172,-477.7176513671875,-134583.65625,28018.98828125,-976.6189575195312,-3.227325677871704,-24.96455955505371,-142.92349243164062,35412.5703125,4491.54931640625,-1838.615478515625,-0.0,-0.0,-0.0,-0.0,-0.0,-0.0,0.00019073486328125,-0.0003814697265625,0.00225067138671875,0.00335693359375,0.0014495849609375,0.0018310546875,0.00179290771484375,0.00469207763671875,-0.00034332275390625,0.00080108642578125,0.00492095947265625,0.001373291015625,0.00396728515625,0.0025177001953125,0.00171661376953125,0.0052642822265625,0.09552001953125,0.0994873046875,0.098419189453125,0.10528564453125,0.10284423828125,0.103759765625,0.09796142578125,0.094146728515625,0.099945068359375,0.093994140625,0.086822509765625,0.09185791015625,-0.954437255859375,-1.26007080078125,0.2630615234375,-1.182403564453125,-0.8182606101036072
89,0.0445,-0.0,-0.0,-0.0,-0.0,-0.0,-0.0,1.626244068145752,23.053905487060547,-474.9322814941406,-134719.421875,27833.7734375,-968.0422973632812,-3.316366195678711,-25.25664520263672,-143.2995147705078,35299.28125,4585.09521484375,-1926.6724853515625,-0.0,-0.0,-0.0,-0.0,-0.0,-0.0,0.00675201416015625,0.01033782958984375,0.0125885009765625,0.01598358154296875,0.01270294189453125,0.0156402587890625,0.0093841552734375,0.0225830078125,0.0103759765625,0.00995635986328125,0.02529144287109375,0.01373291015625,0.0173187255859375,0.0112152099609375,0.00415802001953125,0.0289154052734375,0.095672607421875,0.0970458984375,0.091400146484375,0.095672607421875,0.09490966796875,0.096588134765625,0.110321044921875,0.0994873046875,0.101165771484375,0.09613037109375,0.105743408203125,0.088653564453125,0.239715576171875,0.58319091796875,-0.1708984375,1.097412109375,8.633153915405273
90,0.045,-0.0,-0.0,-0.0,-0.0,-0.0,-0.0,1.6330968141555786,22.724611282348633,-475.7333984375,-134513.3125,27809.556640625,-898.5779418945312,-3.5791800022125244,-25.348323822021484,-142.69590759277344,35458.83984375,4646.46240234375,-1867.5364990234375,-0.0,-0.0,-0.0,-0.0,-0.0,-0.0,0.00080108642578125,-0.00263214111328125,-0.00179290771484375,-0.0006103515625,-0.0026702880859375,-0.001068115234375,-0.00247955322265625,-0.00225067138671875,-0.003662109375,0.00049591064453125,-0.0023651123046875,-0.004119873046875,-0.00377655029296875,-0.0026702880859375,0.00164031982421875,-0.0046539306640625,0.102996826171875,0.10284423828125,0.1043701171875,0.09613037109375,0.099029541015625,0.09552001953125,0.1141357421875,0.1007080078125,0.0994873046875,-0.01373291015625,0.08056640625,0.09796142578125,1.1907958984375,1.4764404296875,-0.31463623046875,1.222991943359375,10.4624605178833
91,0.0455,-0.0,-0.0,-0.0,-0.0,-0.0,-0.0,1.6717040538787842,22.813522338867188,-475.99432373046875,-134430.34375,27663.1640625,-897.2728881835938,-3.343942403793335,-24.9643497467041,-142.33255004882812,35107.31640625,4773.21240234375,-1776.9996337890625,-0.0,-0.0,-0.0,-0.0,-0.0,-0.0,-0.00919342041015625,-0.0080108642578125,-0.0124359130859375,-0.01781463623046875,-0.010986328125,-0.0151824951171875,-0.00732421875,-0.02391815185546875,-0.00606536865234375,-0.010833740234375,-0.024566650390625,-0.00965118408203125,-0.01766204833984375,-0.01155853271484375,-0.00438690185546875,-0.02964019775390625,0.09674072265625,0.09857177734375,0.099029541015625,0.092315673828125,0.088653564453125,0.097808837890625,0.0799560546875,0.09979248046875,0.100555419921875,0.087738037109375,0.096282958984375,0.09735107421875,-0.001983642578125,-0.14923095703125,0.46142578125,-0.8135986328125,0.7061610817909241
92,0.046,-0.0,-0.0,-0.0,-0.0,-0.0,-0.0,1.6368921995162964,22.82147789001465,-474.92010498046875,-134409.953125,27563.146484375,-860.4567260742188,-3.1088643074035645,-25.26397132873535,-142.57546997070312,35322.16796875,4905.0283203125,-1828.4669189453125,-0.0,-0.0,-0.0,-0.0,-0.0,-0.0,-0.0003814697265625,0.0022125244140625,0.0028228759765625,0.00156402587890625,0.00202178955078125,0.00301361083984375,0.00164031982421875,0.0045013427734375,7.62939453125e-05,-0.00034332275390625,0.0040435791015625,0.00110626220703125,0.00492095947265625,0.0022125244140625,0.00179290771484375,0.0054168701171875,0.10162353515625,0.09613037109375,0.095367431640625,0.09979248046875,0.096588134765625,0.100250244140625,0.095367431640625,0.093231201171875,0.10009765625,0.0946044921875,0.09979248046875,0.09857177734375,-0.892486572265625,-1.4752197265625,0.45135498046875,-1.138153076171875,-0.5133762359619141
93,0.0465,-0.0,-0.0,-0.0,-0.0,-0.0,-0.0,1.128579020500183,22.732511520385742,-474.70758056640625,-134606.953125,27453.89453125,-878.085205078125,-3.278149366378784,-25.524967193603516,-144.2887725830078,35457.5390625,4468.56396484375,-1855.5606689453125,-0.0,-0.0,-0.0,-0.0,-0.0,-0.0,0.00560760498046875,0.0093841552734375,0.0128936767578125,0.01800537109375,0.0112152099609375,0.016326904296875,0.01007080078125,0.02315521240234375,0.00858306884765625,0.0101470947265625,0.02506256103515625,0.01300811767578125,0.01903533935546875,0.01087188720703125,0.003509521484375,0.030059814453125,0.098724365234375,0.096588134765625,0.0946044921875,0.093994140625,0.099639892578125,0.09979248046875,0.078125,0.09552001953125,0.096893310546875,0.119781494140625,0.095062255859375,0.103607177734375,0.072479248046875,0.8013916015625,-0.0457763671875,1.228179931640625,8.023386001586914
94,0.047,-0.0,-0.0,-0.0,-0.0,-0.0,-0.0,1.596767544746399,22.55449867248535,-476.79290771484375,-134468.953125,27753.8515625,-919.2818603515625,-3.1979851722717285,-25.35270118713379,-143.37916564941406,35479.6015625,4844.92578125,-1819.690673828125,-0.0,-0.0,-0.0,-0.0,-0.0,-0.0,0.0006103515625,-0.00141143798828125,-0.00194549560546875,-0.0006866455078125,-0.00179290771484375,-0.003662109375,0.000762939453125,-0.004425048828125,-0.00194549560546875,0.00019073486328125,-0.0054168701171875,-0.00095367431640625,-0.00457763671875,-0.000152587890625,-7.62939453125e-05,-0.00659942626953125,0.1007080078125,0.10498046875,0.0982666015625,0.102996826171875,0.111846923828125,0.110321044921875,0.102996826171875,0.099945068359375,0.102081298828125,0.108184814453125,0.110626220703125,0.100250244140625,1.0870361328125,1.2237548828125,-0.0213623046875,1.37359619140625,11.377113342285156
95,0.0475,-0.0,-0.0,-0.0,-0.0,-0.0,-0.0,1.36946702003479,23.084774017333984,-475.4362487792969,-134667.84375,27680.484375,-850.1151123046875,-3.260399580001831,-25.493999481201172,-143.74615478515625,35553.64453125,4742.6923828125,-1730.84765625,-0.0,-0.0,-0.0,-0.0,-0.0,-0.0,-0.00705718994140625,-0.00762939453125,-0.01247406005859375,-0.01483917236328125,-0.011749267578125,-0.01468658447265625,-0.00888824462890625,-0.02490997314453125,-0.00789642333984375,-0.0116729736328125,-0.02574920654296875,-0.01407623291015625,-0.0170135498046875,-0.0091552734375,-0.0054168701171875,-0.028839111328125,0.094146728515625,0.10009765625,0.09613037109375,0.101318359375,0.078887939453125,0.0994873046875,0.103607177734375,0.096435546875,0.097503662109375,0.095367431640625,0.09185791015625,0.10040283203125,-0.350494384765625,-0.45166015625,0.32745361328125,-0.92559814453125,-0.8182606101036072
96,0.048,-0.0,-0.0,-0.0,-0.0,-0.0,-0.0,1.3695212602615356,22.61266326904297,-474.9221496582031,-134583.5,27548.009765625,-860.8148193359375,-3.4069323539733887,-25.281538009643555,-142.4351043701172,35300.046875,4682.33251953125,-1849.6080322265625,-0.0,-0.0,-0.0,-0.0,-0.0,-0.0,0.002288818359375,0.0026702880859375,0.0028228759765625,0.0030517578125,0.0028228759765625,0.00331878662109375,0.00110626220703125,0.00484466552734375,0.002899169921875,0.00171661376953125,0.00324249267578125,0.0026702880859375,0.005340576171875,0.000152587890625,0.00335693359375,0.00583648681640625,0.0982666015625,0.101776123046875,0.092620849609375,0.09918212890625,0.091552734375,0.09735107421875,0.11383056640625,0.09735107421875,0.097198486328125,0.101318359375,0.102996826171875,0.092315673828125,-0.87860107421875,-1.2945556640625,0.25726318359375,-1.20361328125,0.09639240801334381
97,0.0485,-0.0,-0.0,-0.0,-0.0,-0.0,-0.0,1.3856639862060547,23.000768661499023,-475.0473327636719,-134491.53125,27587.337890625,-974.1888427734375,-3.5958786010742188,-25.29609489440918,-144.3028564453125,35550.453125,4686.5966796875,-1914.576171875,-0.0,-0.0,-0.0,-0.0,-0.0,-0.0,0.005950927734375,0.00980377197265625,0.01392364501953125,0.01743316650390625,0.0131988525390625,0.01613616943359375,0.00888824462890625,0.02292633056640625,0.00812530517578125,0.01178741455078125,0.02658843994140625,0.0141143798828125,0.02040863037109375,0.01064300537109375,0.005645751953125,0.03082275390625,0.102996826171875,0.09521484375,0.09185791015625,0.091400146484375,0.100860595703125,0.098419189453125,0.10223388671875,0.0994873046875,0.09552001953125,0.1043701171875,0.0909423828125,0.099029541015625,0.441436767578125,0.6658935546875,0.0421142578125,1.258697509765625,5.279426097869873
98,0.049,-0.0,-0.0,-0.0,-0.0,-0.0,-0.0,1.6057891845703125,22.75972557067871,-477.58209228515625,-134819.3125,27446.544921875,-898.7225952148438,-3.115224838256836,-25.51981544494629,-143.6041259765625,35624.6953125,4545.30126953125,-1818.2041015625,-0.0,-0.0,-0.0,-0.0,-0.0,-0.0,-0.000762939453125,-0.0006866455078125,-0.00171661376953125,-0.00331878662109375,-0.00301361083984375,-0.0017547607421875,-0.00019073486328125,-0.00614166259765625,-0.00011444091796875,-0.00087738037109375,-0.0040435791015625,-0.0026702880859375,-0.00530242919921875,-0.00064849853515625,-0.00213623046875,-0.0066375732421875,0.098876953125,0.104827880859375,0.102081298828125,0.093231201171875,0.097503662109375,0.097198486328125,0.089569091796875,0.100555419921875,0.100555419921875,0.11505126953125,0.098876953125,0.099029541015625,1.18408203125,1.48834228515625,-0.3985595703125,1.29241943359375,11.681997299194336
99,0.0495,-0.0,-0.0,-0.0,-0.0,-0.0,-0.0,1.4273681640625,22.8173828125,-474.798828125,-134619.953125,27371.4765625,-867.6058349609375,-3.104877471923828,-25.14582061767578,-144.6510009765625,35538.8515625,4693.34912109375,-1758.7735595703125,-0.0,-0.0,-0.0,-0.0,-0.0,-0.0,-0.00713348388671875,-0.0081634521484375,-0.01262664794921875,-0.01674652099609375,-0.0096893310546875,-0.0154876708984375,-0.0093841552734375,-0.0226593017578125,-0.007476806640625,-0.01190185546875,-0.02445220947265625,-0.01216888427734375,-0.0171661376953125,-0.01251220703125,-0.001220703125,-0.02971649169921875,0.09613037109375,0.091552734375,0.100860595703125,0.09918212890625,0.09521484375,0.0872802734375,0.10345458984375,0.095977783203125,0.097808837890625,0.10162353515625,0.10223388671875,0.078125,-0.173492431640625,-0.26336669921875,0.33294677734375,-1.03790283203125,-5.391525745391846
100,0.05,-0.0,-0.0,-0.0,-0.0,-0.0,-0.0,1.5482311248779297,22.702369689941406,-475.9385070800781,-134498.515625,27417.458984375,-911.0631103515625,-3.3451902866363525,-25.410938262939453,-144.6725311279297,35568.671875,4768.412109375,-1856.6378173828125,-0.0,-0.0,-0.0,-0.0,-0.0,-0.0,-0.00011444091796875,0.001220703125,0.00362396240234375,0.0037384033203125,0.0019073486328125,0.00141143798828125,0.00362396240234375,0.0060272216796875,0.00034332275390625,0.0005340576171875,0.00823974609375,0.00438690185546875,0.00461578369140625,0.00457763671875,0.0029754638671875,0.0051116943359375,0.093231201171875,0.099639892578125,0.097808837890625,0.093536376953125,0.099945068359375,0.100860595703125,0.095977783203125,0.099334716796875,0.088348388671875,0.097503662109375,0.104522705078125,0.08514404296875,-0.910491943359375,-0.9283447265625,0.42633056640625,-0.89019775390625,-1.4280292987823486
101,0.0505,-0.0,-0.0,-0.0,-0.0,-0.0,-0.0,1.6197638511657715,22.906513214111328,-475.0036315917969,-134432.359375,27324.0390625,-948.7019653320312,-3.230876922607422,-25.49360466003418,-143.70370483398438,35553.30078125,4706.79736328125,-1877.607666015625,-0.0,-0.0,-0.0,-0.0,-0.0,-0.0,0.00774383544921875,0.00919342041015625,0.0136566162109375,0.0170135498046875,0.01102447509765625,0.015869140625,0.0112152099609375,0.02399444580078125,0.00667572021484375,0.012664794921875,0.0252532958984375,0.01438140869140625,0.01995086669921875,0.011749267578125,0.00400543212890625,0.02857208251953125,0.1092529296875,0.10650634765625,0.0994873046875,0.105438232421875,0.10589599609375,0.104217529296875,0.100250244140625,0.11016845703125,0.104827880859375,0.094146728515625,0.10284423828125,0.103302001953125,0.383453369140625,0.499267578125,0.05126953125,1.54388427734375,9.852691650390625
102,0.051000000000000004,-0.0,-0.0,-0.0,-0.0,-0.0,-0.0,1.6181079149246216,22.823535919189453,-472.65625,-134167.921875,27124.4609375,-938.4302978515625,-3.3078453540802,-25.556411743164062,-143.5250701904297,35688.6171875,4303.2607421875,-1797.2286376953125,-0.0,-0.0,-0.0,-0.0,-0.0,-0.0,-0.001983642578125,0.000457763671875,-0.00152587890625,-0.00278472900390625,-0.00278472900390625,-0.00125885009765625,-0.00125885009765625,-0.00812530517578125,-0.001220703125,-3.814697265625e-05,-0.00682830810546875,-0.00629425048828125,-0.00576019287109375,-0.000762939453125,-0.0018310546875,-0.0052642822265625,0.097503662109375,0.10345458984375,0.09429931640625,0.09857177734375,0.101318359375,0.09796142578125,0.092315673828125,0.098876953125,0.0982666015625,0.102386474609375,0.09735107421875,0.092315673828125,1.071014404296875,1.1273193359375,-0.5426025390625,0.885162353515625,5.584310531616211
103,0.051500000000000004,-0.0,-0.0,-0.0,-0.0,-0.0,-0.0,1.7905759811401367,22.728252410888672,-474.4468078613281,-134182.234375,27047.65625,-1003.3493041992188,-3.4472382068634033,-25.430431365966797,-143.12759399414062,35704.87109375,4790.37548828125,-1854.4910888671875,-0.0,-0.0,-0.0,-0.0,-0.0,-0.0,-0.00705718994140625,-0.00736236572265625,-0.01125335693359375,-0.01834869384765625,-0.010528564453125,-0.01445770263671875,-0.009918212890625,-0.02330780029296875,-0.00682830810546875,-0.012359619140625,-0.024261474609375,-0.0133514404296875,-0.016326904296875,-0.011749267578125,-0.0046539306640625,-0.02819061279296875,0.0946044921875,0.097808837890625,0.09979248046875,0.095367431640625,0.09674072265625,0.1019287109375,0.100250244140625,0.095672607421875,0.0946044921875,0.089569091796875,0.09979248046875,0.10345458984375,-0.093231201171875,-0.3582763671875,0.235595703125,-0.80780029296875,-0.5133762359619141
104,0.052000000000000005,-0.0,-0.0,-0.0,-0.0,-0.0,-0.0,1.7015279531478882,22.893468856811523,-473.48797607421875,-134143.46875,27167.74609375,-1015.7394409179688,-3.104877471923828,-25.178054809570312,-144.2740020751953,35724.625,4797.20556640625,-1809.649169921875,-0.0,-0.0,-0.0,-0.0,-0.0,-0.0,0.00110626220703125,0.0009918212890625,0.00339508056640625,0.00392913818359375,0.00263214111328125,0.00171661376953125,0.00270843505859375,0.00743865966796875,0.00133514404296875,-0.0009918212890625,0.0090789794921875,0.00331878662109375,0.00690460205078125,0.00213623046875,0.00225067138671875,0.00804901123046875,0.10223388671875,0.09552001953125,0.09765625,0.100250244140625,0.106201171875,0.09613037109375,0.109405517578125,0.103912353515625,0.098876953125,0.099639892578125,0.100860595703125,0.092010498046875,-0.902099609375,-0.88134765625,0.41473388671875,-0.6866455078125,-2.342682361602783
105,0.0525,-0.0,-0.0,-0.0,-0.0,-0.0,-0.0,1.8986396789550781,22.728252410888672,-474.8735046386719,-133936.921875,27045.931640625,-1034.7049560546875,-3.282299041748047,-25.41823959350586,-143.60025024414062,35841.51953125,4554.80419921875,-1850.184814453125,-0.0,-0.0,-0.0,-0.0,-0.0,-0.0,0.010986328125,0.009002685546875,0.01232147216796875,0.01773834228515625,0.0124359130859375,0.01750946044921875,0.00823974609375,0.02384185791015625,0.00720977783203125,0.01361846923828125,0.02674102783203125,0.01682281494140625,0.01758575439453125,0.0104522705078125,0.00667572021484375,0.0295257568359375,0.1019287109375,0.098419189453125,0.099945068359375,0.10009765625,0.08941650390625,0.09857177734375,0.103912353515625,0.099639892578125,0.09490966796875,0.08270263671875,0.10528564453125,0.103759765625,0.7794189453125,0.91949462890625,0.10406494140625,1.3702392578125,7.413616180419922
106,0.053,-0.0,-0.0,-0.0,-0.0,-0.0,-0.0,1.7591005563735962,22.84940528869629,-472.3559265136719,-133905.46875,26939.130859375,-1082.548583984375,-3.289112091064453,-25.076576232910156,-144.22642517089844,35638.6953125,4524.94970703125,-1663.8038330078125,-0.0,-0.0,-0.0,-0.0,-0.0,-0.0,-0.00152587890625,0.00026702880859375,-0.0045013427734375,-0.00339508056640625,-0.001068115234375,-0.00354766845703125,-0.0030517578125,-0.0054168701171875,-0.00194549560546875,-0.0020599365234375,-0.0102996826171875,-0.002899169921875,-0.00881195068359375,-0.002288818359375,-0.00030517578125,-0.0064849853515625,0.102691650390625,0.1007080078125,0.09552001953125,0.097198486328125,0.106048583984375,0.10223388671875,0.09429931640625,0.090179443359375,0.101318359375,0.113067626953125,0.080108642578125,0.09552001953125,0.826416015625,0.6402587890625,-0.19287109375,0.811920166015625,8.633153915405273
107,0.0535,-0.0,-0.0,-0.0,-0.0,-0.0,-0.0,1.6057891845703125,22.532207489013672,-474.6454772949219,-133502.09375,26889.669921875,-923.6578979492188,-3.3250279426574707,-25.27777099609375,-143.05422973632812,35229.02734375,4834.359375,-1812.32373046875,-0.0,-0.0,-0.0,-0.0,-0.0,-0.0,-0.00762939453125,-0.00827789306640625,-0.01148223876953125,-0.01697540283203125,-0.01293182373046875,-0.0145721435546875,-0.01102447509765625,-0.0241851806640625,-0.00667572021484375,-0.01209259033203125,-0.02513885498046875,-0.01689910888671875,-0.0179290771484375,-0.0115966796875,-0.00431060791015625,-0.03078460693359375,0.096435546875,0.09429931640625,0.10009765625,0.095062255859375,0.093536376953125,0.101165771484375,0.083770751953125,0.0970458984375,0.089874267578125,0.126495361328125,0.087432861328125,0.11077880859375,-0.238189697265625,-0.5316162109375,-0.02227783203125,-0.997772216796875,-0.8182606101036072
108,0.054,-0.0,-0.0,-0.0,-0.0,-0.0,-0.0,1.809016227722168,22.15129280090332,-472.6236877441406,-133977.859375,26787.017578125,-1122.8758544921875,-3.257572650909424,-25.316471099853516,-142.07611083984375,35415.3515625,4482.0712890625,-1774.482666015625,-0.0,-0.0,-0.0,-0.0,-0.0,-0.0,0.00030517578125,0.00179290771484375,0.003814697265625,0.00431060791015625,0.003204345703125,0.00263214111328125,0.00469207763671875,0.00484466552734375,0.00141143798828125,0.00274658203125,0.0096893310546875,0.006103515625,0.00640869140625,0.00370025634765625,0.0014495849609375,0.0061798095703125,0.102691650390625,0.106048583984375,0.102386474609375,0.10528564453125,0.113067626953125,0.1129150390625,0.1141357421875,0.10345458984375,0.10467529296875,0.092315673828125,0.111083984375,0.09796142578125,-0.720062255859375,-0.65643310546875,0.75439453125,-0.75164794921875,-1.4280292987823486
109,0.0545,-0.0,-0.0,-0.0,-0.0,-0.0,-0.0,2.1163551807403564,22.436185836791992,-473.5843811035156,-133779.296875,26817.173828125,-1003.2781372070312,-3.452291965484619,-24.850299835205078,-143.82122802734375,35480.76171875,4441.2392578125,-1824.021728515625,-0.0,-0.0,-0.0,-0.0,-0.0,-0.0,0.007781982421875,0.00843048095703125,0.01323699951171875,0.01605987548828125,0.0121307373046875,0.01636505126953125,0.01071929931640625,0.02330780029296875,0.00804901123046875,0.01247406005859375,0.02655029296875,0.01026153564453125,0.0200653076171875,0.01071929931640625,0.00507354736328125,0.0292205810546875,0.097808837890625,0.09979248046875,0.092010498046875,0.096588134765625,0.09613037109375,0.097198486328125,0.1123046875,0.098419189453125,0.0970458984375,0.098419189453125,0.09613037109375,0.08056640625,0.541534423828125,0.74371337890625,-0.22705078125,1.19232177734375,7.413616180419922
110,0.055,-0.0,-0.0,-0.0,-0.0,-0.0,-0.0,1.7039141654968262,22.476463317871094,-473.32733154296875,-133848.96875,26685.2265625,-1159.8673095703125,-3.0161666870117188,-25.179323196411133,-143.0257110595703,35751.21875,4528.3583984375,-1777.6395263671875,-0.0,-0.0,-0.0,-0.0,-0.0,-0.0,-0.00141143798828125,-0.002899169921875,-0.00148773193359375,-0.002899169921875,-0.00270843505859375,-0.00308990478515625,-0.00164031982421875,-0.00644683837890625,-0.0038909912109375,-0.00057220458984375,-0.00965118408203125,-0.00682830810546875,-0.010223388671875,-0.00293731689453125,-0.001678466796875,-0.006866455078125,0.090789794921875,0.09674072265625,0.096282958984375,0.095062255859375,0.0933837890625,0.102691650390625,0.110626220703125,0.095062255859375,0.099029541015625,0.06866455078125,0.101318359375,0.102081298828125,1.0296630859375,0.72967529296875,-0.401611328125,0.58837890625,7.108732223510742
111,0.0555,-0.0,-0.0,-0.0,-0.0,-0.0,-0.0,2.0518417358398438,22.801454544067383,-474.1272888183594,-133585.984375,26642.2265625,-1034.6844482421875,-3.0161666870117188,-25.163877487182617,-143.37464904785156,35402.2890625,4433.3134765625,-1791.0,-0.0,-0.0,-0.0,-0.0,-0.0,-0.0,-0.00759124755859375,-0.00812530517578125,-0.01361846923828125,-0.01392364501953125,-0.01129150390625,-0.015411376953125,-0.00934600830078125,-0.021820068359375,-0.00751495361328125,-0.010833740234375,-0.02529144287109375,-0.0136566162109375,-0.01617431640625,-0.01285552978515625,-0.0040435791015625,-0.028533935546875,0.09796142578125,0.10162353515625,0.1031494140625,0.100250244140625,0.093536376953125,0.095977783203125,0.103912353515625,0.098419189453125,0.10345458984375,0.103912353515625,0.098419189453125,0.087738037109375,0.085906982421875,-0.20294189453125,0.4443359375,-1.04461669921875,5.889194965362549
112,0.056,-0.0,-0.0,-0.0,-0.0,-0.0,-0.0,1.889527678489685,22.37173080444336,-474.1597595214844,-134045.234375,26434.73046875,-1181.2003173828125,-2.9274559020996094,-25.44465446472168,-144.26292419433594,35694.49609375,4512.67041015625,-1761.4129638671875,-0.0,-0.0,-0.0,-0.0,-0.0,-0.0,0.0014495849609375,0.00152587890625,0.00301361083984375,0.00396728515625,0.0023651123046875,0.0037384033203125,0.0020599365234375,0.00659942626953125,0.00274658203125,0.0035858154296875,0.01316070556640625,0.00301361083984375,0.0103759765625,0.0030517578125,-0.0006103515625,0.0091552734375,0.10223388671875,0.0946044921875,0.096588134765625,0.103607177734375,0.0927734375,0.09521484375,0.078582763671875,0.09979248046875,0.097198486328125,0.05462646484375,0.099945068359375,0.095367431640625,-0.468902587890625,-0.22369384765625,0.37628173828125,-0.77362060546875,-11.489212036132812
113,0.0565,-0.0,-0.0,-0.0,-0.0,-0.0,-0.0,2.0277225971221924,22.54157257080078,-473.9341125488281,-134092.390625,26356.681640625,-1128.1383056640625,-3.00787615776062,-25.484521865844727,-143.46868896484375,35630.36328125,4677.2099609375,-1775.1473388671875,-0.0,-0.0,-0.0,-0.0,-0.0,-0.0,0.00881195068359375,0.007476806640625,0.01323699951171875,0.016021728515625,0.0118255615234375,0.014801025390625,0.01041412353515625,0.02262115478515625,0.00823974609375,0.0103759765625,0.0243377685546875,0.011444091796875,0.019378662109375,0.0112152099609375,0.0057220458984375,0.02727508544921875,0.100555419921875,0.096893310546875,0.098724365234375,0.104522705078125,0.10162353515625,0.099334716796875,0.11505126953125,0.096435546875,0.091094970703125,0.10406494140625,0.0946044921875,0.101776123046875,-0.05401611328125,0.692138671875,-0.22979736328125,1.272735595703125,7.108732223510742
114,0.057,-0.0,-0.0,-0.0,-0.0,-0.0,-0.0,2.1804840564727783,22.452280044555664,-473.356201171875,-133982.203125,26381.9765625,-1189.078857421875,-3.0246188640594482,-25.501136779785156,-143.72299194335938,35528.96484375,4623.68408203125,-1826.138671875,-0.0,-0.0,-0.0,-0.0,-0.0,-0.0,0.00019073486328125,-0.00301361083984375,-0.00225067138671875,-0.003814697265625,-0.0023651123046875,-0.002899169921875,-0.0006866455078125,-0.00640869140625,-0.00354766845703125,-0.0002288818359375,-0.00873565673828125,-0.0060272216796875,-0.00995635986328125,-0.0017547607421875,-0.000457763671875,-0.007781982421875,0.09735107421875,0.105133056640625,0.103607177734375,0.1025390625,0.093994140625,0.1031494140625,0.08758544921875,0.0909423828125,0.10040283203125,0.12115478515625,0.096893310546875,0.0927734375,1.267547607421875,0.8721923828125,-0.4107666015625,0.7745361328125,13.816187858581543
115,0.0575,-0.0,-0.0,-0.0,-0.0,-0.0,-0.0,2.3044211864471436,22.113142013549805,-474.8031921386719,-134562.890625,26549.763671875,-1242.886962890625,-3.314760208129883,-25.292320251464844,-143.31405639648438,35547.62890625,4712.60302734375,-1691.6773681640625,-0.0,-0.0,-0.0,-0.0,-0.0,-0.0,-0.0083160400390625,-0.00827789306640625,-0.0131988525390625,-0.01434326171875,-0.0115203857421875,-0.01651763916015625,-0.0092315673828125,-0.0225830078125,-0.00701904296875,-0.0133514404296875,-0.0229644775390625,-0.01026153564453125,-0.01705169677734375,-0.01163482666015625,-0.00644683837890625,-0.02727508544921875,0.103759765625,0.111846923828125,0.107269287109375,0.104217529296875,0.103912353515625,0.101318359375,0.097198486328125,0.10162353515625,0.104217529296875,0.125579833984375,0.107421875,0.09674072265625,-0.195159912109375,-0.34515380859375,0.4522705078125,-0.8563232421875,0.7061610817909241
116,0.058,-0.0,-0.0,-0.0,-0.0,-0.0,-0.0,2.690979242324829,22.380765914916992,-473.5204162597656,-134321.9375,26378.853515625,-1173.62548828125,-3.104877471923828,-25.380720138549805,-143.05914306640625,35768.09375,4340.091796875,-1743.027099609375,-0.0,-0.0,-0.0,-0.0,-0.0,-0.0,0.00461578369140625,0.00217437744140625,0.0035858154296875,0.00476837158203125,0.00453948974609375,0.004425048828125,0.0034332275390625,0.00720977783203125,0.00186920166015625,0.00225067138671875,0.0087738037109375,0.00537872314453125,0.0093841552734375,0.00308990478515625,0.00270843505859375,0.0069427490234375,0.1007080078125,0.09063720703125,0.098419189453125,0.100555419921875,0.096282958984375,0.093231201171875,0.100860595703125,0.095977783203125,0.1068115234375,0.12542724609375,0.099029541015625,0.102386474609375,-0.596923828125,-0.64910888671875,0.533447265625,-0.493316650390625,1.0110454559326172
117,0.0585,-0.0,-0.0,-0.0,-0.0,-0.0,-0.0,2.497894287109375,22.137115478515625,-472.81451416015625,-134165.765625,26186.845703125,-1298.5115966796875,-2.880403518676758,-25.092384338378906,-143.15216064453125,35349.3671875,4613.9462890625,-1696.24072265625,-0.0,-0.0,-0.0,-0.0,-0.0,-0.0,0.00736236572265625,0.00865936279296875,0.0121307373046875,0.01773834228515625,0.01293182373046875,0.01476287841796875,0.0086212158203125,0.02429962158203125,0.00759124755859375,0.00942230224609375,0.0244140625,0.01346588134765625,0.020294189453125,0.01049041748046875,0.00457763671875,0.02948760986328125,0.09796142578125,0.10162353515625,0.09674072265625,0.09918212890625,0.096282958984375,0.09490966796875,0.0701904296875,0.10040283203125,0.104522705078125,0.09552001953125,0.1025390625,0.097808837890625,0.302276611328125,0.4248046875,-0.126953125,1.418304443359375,6.498963356018066
118,0.059000000000000004,-0.0,-0.0,-0.0,-0.0,-0.0,-0.0,2.2960398197174072,22.249740600585938,-473.3539123535156,-134090.703125,26147.798828125,-1269.127197265625,-3.1609137058258057,-25.33433723449707,-143.62991333007812,35526.1796875,4573.64697265625,-1796.337158203125,-0.0,-0.0,-0.0,-0.0,-0.0,-0.0,-0.00164031982421875,-0.001068115234375,-0.00225067138671875,-0.00499725341796875,-0.002288818359375,-0.0035858154296875,-0.0054168701171875,-0.00522613525390625,-0.00274658203125,-0.00385284423828125,-0.01018524169921875,-0.00240325927734375,-0.0106048583984375,-0.0034332275390625,-0.00030517578125,-0.0078582763671875,0.099639892578125,0.101776123046875,0.098419189453125,0.10223388671875,0.109405517578125,0.103607177734375,0.087738037109375,0.09918212890625,0.0970458984375,0.056915283203125,0.09521484375,0.1068115234375,0.58349609375,0.62408447265625,-0.0640869140625,0.8367919921875,10.4624605178833
119,0.059500000000000004,-0.0,-0.0,-0.0,-0.0,-0.0,-0.0,2.558119297027588,21.968660354614258,-474.71209716796875,-134011.109375,26068.30859375,-1237.0137939453125,-3.347785472869873,-25.227401733398438,-144.76904296875,35396.1796875,4707.6611328125,-1669.9749755859375,-0.0,-0.0,-0.0,-0.0,-0.0,-0.0,-0.00759124755859375,-0.0084686279296875,-0.01186370849609375,-0.01583099365234375,-0.0103759765625,-0.0153350830078125,-0.00759124755859375,-0.0238800048828125,-0.008544921875,-0.01003265380859375,-0.0222015380859375,-0.01186370849609375,-0.01926422119140625,-0.00766754150390625,-0.0054168701171875,-0.02872467041015625,0.096588134765625,0.0927734375,0.09796142578125,0.100555419921875,0.10528564453125,0.096893310546875,0.101318359375,0.097198486328125,0.096282958984375,0.1019287109375,0.093994140625,0.098419189453125,0.019073486328125,-0.14617919921875,0.654296875,-1.1456298828125,-1.1231448650360107
120,0.06,-0.0,-0.0,-0.0,-0.0,-0.0,-0.0,2.7655258178710938,22.16048812866211,-473.275146484375,-134104.4375,26197.087890625,-1372.2445068359375,-2.8387451171875,-25.39435386657715,-143.72137451171875,35390.4140625,4395.4609375,-1710.286376953125,-0.0,-0.0,-0.0,-0.0,-0.0,-0.0,0.00270843505859375,-3.814697265625e-05,0.00492095947265625,0.00453948974609375,0.003662109375,0.0037384033203125,0.00530242919921875,0.0058746337890625,0.0011444091796875,0.00568389892578125,0.01087188720703125,0.00141143798828125,0.0115203857421875,0.0032806396484375,0.00011444091796875,0.00835418701171875,0.096588134765625,0.10101318359375,0.092926025390625,0.09857177734375,0.095062255859375,0.0994873046875,0.094757080078125,0.096282958984375,0.098419189453125,0.104827880859375,0.099639892578125,0.10772705078125,-0.468292236328125,-0.4083251953125,0.2783203125,-0.42083740234375,-1.1231448650360107
121,0.0605,-0.0,-0.0,-0.0,-0.0,-0.0,-0.0,2.174146890640259,22.427797317504883,-474.0073547363281,-134248.125,26171.7109375,-1287.345458984375,-3.081925868988037,-25.570669174194336,-143.50131225585938,35573.47265625,4571.47216796875,-1751.1903076171875,-0.0,-0.0,-0.0,-0.0,-0.0,-0.0,0.00797271728515625,0.0104522705078125,0.01251220703125,0.01552581787109375,0.0124359130859375,0.01583099365234375,0.00835418701171875,0.02422332763671875,0.0091552734375,0.01163482666015625,0.026397705078125,0.01102447509765625,0.01926422119140625,0.00972747802734375,0.0042724609375,0.0289154052734375,0.0970458984375,0.0933837890625,0.092620849609375,0.10101318359375,0.095977783203125,0.098724365234375,0.101165771484375,0.09979248046875,0.10284423828125,0.103759765625,0.099334716796875,0.108489990234375,0.37261962890625,0.77972412109375,-0.140380859375,1.214752197265625,9.24292278289795
122,0.061,-0.0,-0.0,-0.0,-0.0,-0.0,-0.0,2.663640022277832,22.058555603027344,-474.5021057128906,-134321.265625,26200.6640625,-1393.053466796875,-2.993323564529419,-25.181726455688477,-142.453857421875,35336.046875,4393.119140625,-1673.08544921875,-0.0,-0.0,-0.0,-0.0,-0.0,-0.0,-0.0023651123046875,-0.001373291015625,-0.0030517578125,-0.00286102294921875,-0.00354766845703125,-0.0034332275390625,-0.00293731689453125,-0.00743865966796875,-0.00247955322265625,-0.003662109375,-0.0124359130859375,-0.0032806396484375,-0.0091552734375,-0.0038909912109375,-0.0018310546875,-0.00732421875,0.109710693359375,0.103302001953125,0.104522705078125,0.10284423828125,0.096282958984375,0.099639892578125,0.097198486328125,0.101470947265625,0.10498046875,0.11077880859375,0.105743408203125,0.059814453125,0.653076171875,0.380859375,-0.25970458984375,0.79559326171875,9.24292278289795
123,0.0615,-0.0,-0.0,-0.0,-0.0,-0.0,-0.0,2.352696418762207,22.22850799560547,-473.5655822753906,-134525.359375,25821.44921875,-1297.7955322265625,-2.960463523864746,-25.23740577697754,-144.0697021484375,35340.21875,4546.95654296875,-1710.4034423828125,-0.0,-0.0,-0.0,-0.0,-0.0,-0.0,-0.0095367431640625,-0.00881195068359375,-0.011138916015625,-0.01750946044921875,-0.0128936767578125,-0.01430511474609375,-0.0093841552734375,-0.02330780029296875,-0.00789642333984375,-0.01293182373046875,-0.0222015380859375,-0.01300811767578125,-0.018768310546875,-0.01026153564453125,-0.003509521484375,-0.02880096435546875,0.090179443359375,0.10009765625,0.0897216796875,0.0958251953125,0.083770751953125,0.09796142578125,0.09857177734375,0.095062255859375,0.0970458984375,0.022735595703125,0.0921630859375,0.0927734375,-0.295257568359375,-0.53680419921875,0.1971435546875,-0.829925537109375,0.09639240801334381
124,0.062,-0.0,-0.0,-0.0,-0.0,-0.0,-0.0,2.720308303833008,22.160198211669922,-475.64385986328125,-134360.75,25984.0625,-1218.2354736328125,-2.7274930477142334,-25.36026954650879,-142.6255645751953,35312.3828125,4568.7490234375,-1717.8323974609375,-0.0,-0.0,-0.0,-0.0,-0.0,-0.0,0.00286102294921875,0.0014495849609375,0.0035858154296875,0.00530242919921875,0.0037384033203125,0.005035400390625,0.00286102294921875,0.0075531005859375,0.00202178955078125,0.00560760498046875,0.0115203857421875,0.00461578369140625,0.01094818115234375,0.002899169921875,0.00194549560546875,0.0087738037109375,0.093536376953125,0.099945068359375,0.09521484375,0.09674072265625,0.09674072265625,0.098724365234375,0.122222900390625,0.099029541015625,0.0994873046875,0.117950439453125,0.0927734375,0.1116943359375,-0.458984375,-0.26336669921875,0.242919921875,-0.2734375,-0.5133762359619141
125,0.0625,-0.0,-0.0,-0.0,-0.0,-0.0,-0.0,2.4536831378936768,22.47249412536621,-475.02703857421875,-134497.5,25761.478515625,-1290.8529052734375,-2.694462537765503,-25.514307022094727,-143.32472229003906,35338.2109375,4446.57666015625,-1754.9952392578125,-0.0,-0.0,-0.0,-0.0,-0.0,-0.0,0.00965118408203125,0.0096893310546875,0.012664794921875,0.0171661376953125,0.0128173828125,0.01697540283203125,0.00835418701171875,0.0247955322265625,0.00988006591796875,0.012359619140625,0.0244140625,0.01140594482421875,0.02025604248046875,0.01087188720703125,0.00514984130859375,0.0295257568359375,0.0994873046875,0.09765625,0.099639892578125,0.09674072265625,0.096893310546875,0.111236572265625,0.08575439453125,0.102081298828125,0.105438232421875,0.11444091796875,0.101470947265625,0.09765625,0.59844970703125,0.7861328125,-0.11932373046875,1.4520263671875,8.023386001586914
126,0.063,-0.0,-0.0,-0.0,-0.0,-0.0,-0.0,2.620668411254883,22.37173080444336,-474.23223876953125,-134508.140625,25939.7421875,-1371.435546875,-3.0826094150543213,-25.4035701751709,-142.14923095703125,35455.1953125,4475.62158203125,-1762.6065673828125,-0.0,-0.0,-0.0,-0.0,-0.0,-0.0,-0.00209808349609375,-0.000152587890625,-0.0046539306640625,-0.00514984130859375,-0.0008392333984375,-0.0042724609375,-0.00438690185546875,-0.00820159912109375,-0.0011444091796875,-0.00335693359375,-0.01178741455078125,-0.0006103515625,-0.012664794921875,-0.00316619873046875,-0.00026702880859375,-0.00942230224609375,0.095977783203125,0.0970458984375,0.097198486328125,0.09735107421875,0.101470947265625,0.10467529296875,0.0775146484375,0.094757080078125,0.099639892578125,0.096435546875,0.09857177734375,0.110931396484375,0.966339111328125,0.59234619140625,-0.155029296875,0.389251708984375,8.023386001586914
127,0.0635,-0.0,-0.0,-0.0,-0.0,-0.0,-0.0,2.553921699523926,22.1712646484375,-475.6007995605469,-134311.328125,25804.486328125,-1367.9595947265625,-2.7721943855285645,-25.072362899780273,-142.80300903320312,35255.703125,4674.87744140625,-1739.9813232421875,-0.0,-0.0,-0.0,-0.0,-0.0,-0.0,-0.0086212158203125,-0.00762939453125,-0.0118255615234375,-0.016632080078125,-0.01251220703125,-0.01373291015625,-0.0083160400390625,-0.02483367919921875,-0.0069427490234375,-0.01293182373046875,-0.02437591552734375,-0.01392364501953125,-0.01819610595703125,-0.00934600830078125,-0.00362396240234375,-0.029296875,0.09674072265625,0.097503662109375,0.09918212890625,0.099029541015625,0.102081298828125,0.095977783203125,0.097503662109375,0.098724365234375,0.100250244140625,0.110931396484375,0.09552001953125,0.079193115234375,-0.221710205078125,-0.84075927734375,0.2685546875,-1.12152099609375,-0.8182606101036072
128,0.064,-0.0,-0.0,-0.0,-0.0,-0.0,-0.0,2.754051923751831,21.92607879638672,-475.7299499511719,-134347.21875,25787.068359375,-1258.787841796875,-2.9274559020996094,-25.182950973510742,-142.89212036132812,35344.54296875,4666.40625,-1614.122314453125,-0.0,-0.0,-0.0,-0.0,-0.0,-0.0,0.0028228759765625,0.00240325927734375,0.0046539306640625,0.0049591064453125,0.00400543212890625,0.00591278076171875,0.00057220458984375,0.008087158203125,0.00278472900390625,0.005035400390625,0.013580322265625,0.00247955322265625,0.013275146484375,0.0014495849609375,0.0031280517578125,0.0096893310546875,0.102081298828125,0.10009765625,0.087432861328125,0.09857177734375,0.10406494140625,0.09368896484375,0.091705322265625,0.099639892578125,0.091705322265625,0.045623779296875,0.09613037109375,0.099639892578125,-0.350799560546875,0.07110595703125,-0.0115966796875,-0.088043212890625,-0.5133762359619141
129,0.0645,-0.0,-0.0,-0.0,-0.0,-0.0,-0.0,2.8985800743103027,22.314693450927734,-474.4942626953125,-134478.8125,25838.033203125,-1477.7608642578125,-3.1035993099212646,-25.503204345703125,-142.064208984375,35633.515625,4525.83203125,-1688.3577880859375,-0.0,-0.0,-0.0,-0.0,-0.0,-0.0,0.00736236572265625,0.00919342041015625,0.01312255859375,0.01445770263671875,0.0128173828125,0.0154876708984375,0.01033782958984375,0.02262115478515625,0.0081634521484375,0.010986328125,0.02605438232421875,0.0153350830078125,0.01819610595703125,0.01392364501953125,0.004119873046875,0.027923583984375,0.108184814453125,0.104522705078125,0.11138916015625,0.10467529296875,0.10467529296875,0.1055908203125,0.092010498046875,0.106658935546875,0.10040283203125,0.07476806640625,0.11016845703125,0.109405517578125,0.20843505859375,0.9124755859375,0.17120361328125,1.35986328125,7.413616180419922
130,0.065,-0.0,-0.0,-0.0,-0.0,-0.0,-0.0,2.997499942779541,22.181594848632812,-474.3677062988281,-134177.0625,25579.32421875,-1353.1895751953125,-3.104877471923828,-25.44662094116211,-141.8873291015625,35374.80078125,4576.30322265625,-1754.9273681640625,-0.0,-0.0,-0.0,-0.0,-0.0,-0.0,-0.00225067138671875,-0.00110626220703125,-0.004119873046875,-0.0045013427734375,-0.003662109375,-0.00331878662109375,-0.0067138671875,-0.006866455078125,-0.0018310546875,-0.0046539306640625,-0.01232147216796875,-0.00244140625,-0.01247406005859375,-0.00431060791015625,-0.000152587890625,-0.0080108642578125,0.0994873046875,0.1019287109375,0.098419189453125,0.09918212890625,0.102386474609375,0.098876953125,0.087127685546875,0.103607177734375,0.097808837890625,0.093536376953125,0.1043701171875,0.079803466796875,0.478363037109375,-0.05218505859375,-0.12420654296875,0.11688232421875,9.24292278289795
131,0.0655,-0.0,-0.0,-0.0,-0.0,-0.0,-0.0,2.7776339054107666,22.239309310913086,-473.61431884765625,-134399.0625,25845.876953125,-1408.3646240234375,-2.9178051948547363,-25.336423873901367,-143.32220458984375,35237.6953125,4522.51123046875,-1792.3494873046875,-0.0,-0.0,-0.0,-0.0,-0.0,-0.0,-0.0084686279296875,-0.00804901123046875,-0.01178741455078125,-0.0153350830078125,-0.01224517822265625,-0.01415252685546875,-0.006256103515625,-0.0243377685546875,-0.0084686279296875,-0.0106048583984375,-0.0247955322265625,-0.0144195556640625,-0.01842498779296875,-0.01110076904296875,-0.0042724609375,-0.027923583984375,0.099639892578125,0.09246826171875,0.090179443359375,0.10894775390625,0.1025390625,0.098724365234375,0.09796142578125,0.09796142578125,0.098724365234375,0.097503662109375,0.092926025390625,0.092315673828125,-0.12542724609375,-0.77606201171875,0.142822265625,-1.113128662109375,-5.391525745391846
132,0.066,-0.0,-0.0,-0.0,-0.0,-0.0,-0.0,2.7101657390594482,22.002880096435547,-474.4909973144531,-134520.296875,25826.45703125,-1378.3092041015625,-2.8509280681610107,-25.4366455078125,-143.3324737548828,35573.328125,4576.64794921875,-1606.2728271484375,-0.0,-0.0,-0.0,-0.0,-0.0,-0.0,0.004119873046875,0.001678466796875,0.00522613525390625,0.00522613525390625,0.00457763671875,0.00492095947265625,0.0057220458984375,0.00888824462890625,0.00091552734375,0.00476837158203125,0.01468658447265625,0.00301361083984375,0.0131988525390625,0.00492095947265625,0.00209808349609375,0.0089263916015625,0.095977783203125,0.10223388671875,0.0994873046875,0.10162353515625,0.09307861328125,0.090484619140625,0.08880615234375,0.09521484375,0.098724365234375,0.06195068359375,0.10284423828125,0.11138916015625,-0.156402587890625,0.10467529296875,0.4083251953125,0.067291259765625,-3.2573351860046387
133,0.0665,-0.0,-0.0,-0.0,-0.0,-0.0,-0.0,2.7655258178710938,22.37173080444336,-474.673828125,-134657.875,25730.845703125,-1459.8082275390625,-2.8814268112182617,-25.32374382019043,-142.62184143066406,35541.51171875,4474.6962890625,-1772.93212890625,-0.0,-0.0,-0.0,-0.0,-0.0,-0.0,0.00896453857421875,0.0077056884765625,0.0122833251953125,0.0177001953125,0.01338958740234375,0.0140380859375,0.0096893310546875,0.0232696533203125,0.0090789794921875,0.0125885009765625,0.02445220947265625,0.0130462646484375,0.0189971923828125,0.00988006591796875,0.00400543212890625,0.02941131591796875,0.09765625,0.1019287109375,0.09246826171875,0.095977783203125,0.086212158203125,0.09246826171875,0.0946044921875,0.10467529296875,0.09674072265625,0.09429931640625,0.101165771484375,0.093994140625,0.46142578125,1.080322265625,-0.2569580078125,1.2689208984375,8.328269958496094
134,0.067,-0.0,-0.0,-0.0,-0.0,-0.0,-0.0,2.7018179893493652,22.09160041809082,-474.48883056640625,-134541.515625,25497.646484375,-1350.122802734375,-3.180996894836426,-25.31470489501953,-142.71966552734375,35550.38671875,4447.70361328125,-1859.1541748046875,-0.0,-0.0,-0.0,-0.0,-0.0,-0.0,-0.00217437744140625,-0.00396728515625,-0.00457763671875,-0.00339508056640625,-0.002899169921875,-0.00614166259765625,-0.00171661376953125,-0.00782012939453125,-0.00335693359375,-0.00308990478515625,-0.01220703125,-0.00583648681640625,-0.01338958740234375,-0.00255584716796875,-0.00095367431640625,-0.0092315673828125,0.0994873046875,0.09613037109375,0.100860595703125,0.09552001953125,0.108642578125,0.0927734375,0.11322021484375,0.093231201171875,0.102081298828125,0.120391845703125,0.094451904296875,0.0921630859375,0.659332275390625,-0.0079345703125,-0.15472412109375,0.053558349609375,8.023386001586914
135,0.0675,-0.0,-0.0,-0.0,-0.0,-0.0,-0.0,3.0883259773254395,21.96478843688965,-473.6654357910156,-134408.71875,25589.490234375,-1339.2015380859375,-3.3161206245422363,-25.272701263427734,-143.60171508789062,35243.859375,4767.2041015625,-1777.310546875,-0.0,-0.0,-0.0,-0.0,-0.0,-0.0,-0.00576019287109375,-0.00804901123046875,-0.01239776611328125,-0.0176239013671875,-0.00988006591796875,-0.0141143798828125,-0.010223388671875,-0.02208709716796875,-0.00545501708984375,-0.0109100341796875,-0.025634765625,-0.01537322998046875,-0.01617431640625,-0.008697509765625,-0.0046539306640625,-0.02960205078125,0.0958251953125,0.09613037109375,0.094146728515625,0.096435546875,0.097198486328125,0.0921630859375,0.1025390625,0.099334716796875,0.101470947265625,0.097503662109375,0.10406494140625,0.093841552734375,-0.05279541015625,-0.77117919921875,0.1373291015625,-0.97991943359375,0.09639240801334381
136,0.068,-0.0,-0.0,-0.0,-0.0,-0.0,-0.0,2.773393392562866,22.096479415893555,-474.2687072753906,-134365.0625,25579.97265625,-1309.795654296875,-2.9274559020996094,-25.327484130859375,-144.06622314453125,35410.5625,4412.150390625,-1751.694580078125,-0.0,-0.0,-0.0,-0.0,-0.0,-0.0,0.002899169921875,0.00499725341796875,0.00415802001953125,0.0052642822265625,0.00560760498046875,0.005950927734375,0.00293731689453125,0.0081634521484375,0.00453948974609375,0.00507354736328125,0.01300811767578125,0.009002685546875,0.01560211181640625,0.0025177001953125,0.00217437744140625,0.00949859619140625,0.10650634765625,0.106201171875,0.1007080078125,0.105133056640625,0.09796142578125,0.109710693359375,0.103912353515625,0.102996826171875,0.106658935546875,0.097198486328125,0.1031494140625,0.106048583984375,-0.114593505859375,-0.00244140625,0.49530029296875,0.4315185546875,1.6208140850067139
137,0.0685,-0.0,-0.0,-0.0,-0.0,-0.0,-0.0,3.1640148162841797,21.795339584350586,-474.0204162597656,-134399.0,25516.185546875,-1382.3009033203125,-3.0841116905212402,-25.226179122924805,-142.5578155517578,35586.421875,4622.1767578125,-1751.8353271484375,-0.0,-0.0,-0.0,-0.0,-0.0,-0.0,0.00919342041015625,0.0075531005859375,0.01262664794921875,0.01880645751953125,0.01087188720703125,0.0151824951171875,0.00823974609375,0.02422332763671875,0.0089263916015625,0.0106048583984375,0.02685546875,0.0121307373046875,0.019378662109375,0.009765625,0.00484466552734375,0.028839111328125,0.09735107421875,0.097808837890625,0.100860595703125,0.098114013671875,0.093994140625,0.096282958984375,0.093841552734375,0.0982666015625,0.09429931640625,0.11138916015625,0.09765625,0.096893310546875,0.645294189453125,1.1126708984375,-0.479736328125,1.335601806640625,7.108732223510742
138,0.069,-0.0,-0.0,-0.0,-0.0,-0.0,-0.0,3.2187602519989014,21.637990951538086,-474.7022705078125,-134270.796875,25402.283203125,-1386.8250732421875,-2.995508909225464,-25.41002655029297,-144.01307678222656,35465.62890625,4444.2333984375,-1736.0067138671875,-0.0,-0.0,-0.0,-0.0,-0.0,-0.0,-0.0019073486328125,-0.0031280517578125,-0.00347137451171875,-0.0058746337890625,-0.00244140625,-0.005340576171875,-0.0034332275390625,-0.0075531005859375,-0.00476837158203125,-0.0060272216796875,-0.0125885009765625,-0.008087158203125,-0.013885498046875,-0.00362396240234375,-0.0006103515625,-0.011138916015625,0.099639892578125,0.0958251953125,0.098876953125,0.097198486328125,0.097808837890625,0.098876953125,0.101318359375,0.09552001953125,0.0970458984375,0.089569091796875,0.10650634765625,0.1129150390625,0.194549560546875,0.025634765625,-0.3375244140625,-0.03082275390625,7.413616180419922
139,0.0695,-0.0,-0.0,-0.0,-0.0,-0.0,-0.0,3.1018013954162598,22.035757064819336,-473.61431884765625,-134589.421875,25335.78125,-1476.42919921875,-2.852335214614868,-25.57933807373047,-143.33985900878906,35637.125,4545.91357421875,-1824.890625,-0.0,-0.0,-0.0,-0.0,-0.0,-0.0,-0.008697509765625,-0.00545501708984375,-0.01255035400390625,-0.01720428466796875,-0.01178741455078125,-0.013580322265625,-0.0087738037109375,-0.02490997314453125,-0.006256103515625,-0.01239776611328125,-0.0220489501953125,-0.01148223876953125,-0.0177001953125,-0.0081634521484375,-0.00396728515625,-0.0272369384765625,0.10589599609375,0.09124755859375,0.091400146484375,0.102691650390625,0.101165771484375,0.094146728515625,0.10223388671875,0.095062255859375,0.098419189453125,0.129852294921875,0.10284423828125,0.112152099609375,-0.408782958984375,-0.59722900390625,0.63629150390625,-0.903472900390625,-0.20849192142486572
140,0.07,-0.0,-0.0,-0.0,-0.0,-0.0,-0.0,3.101956367492676,21.919660568237305,-473.1803283691406,-134354.234375,25145.470703125,-1373.185546875,-2.907099723815918,-25.239734649658203,-143.6615447998047,35765.5859375,4453.21875,-1754.0350341796875,-0.0,-0.0,-0.0,-0.0,-0.0,-0.0,0.00476837158203125,0.00213623046875,0.0055694580078125,0.00598907470703125,0.003509521484375,0.007476806640625,0.00469207763671875,0.00919342041015625,0.00156402587890625,0.0093841552734375,0.01178741455078125,0.005950927734375,0.0154876708984375,0.00385284423828125,0.00308990478515625,0.0115203857421875,0.095672607421875,0.1043701171875,0.103607177734375,0.101318359375,0.093536376953125,0.09918212890625,0.092926025390625,0.096435546875,0.101470947265625,0.07537841796875,0.094757080078125,0.060882568359375,0.14923095703125,0.45562744140625,0.3875732421875,0.17669677734375,0.7061610817909241
141,0.07050000000000001,-0.0,-0.0,-0.0,-0.0,-0.0,-0.0,3.0614585876464844,22.179332733154297,-472.6667785644531,-134545.484375,25029.154296875,-1470.03662109375,-3.439472198486328,-25.68145179748535,-143.98519897460938,35663.75,4419.54296875,-1624.369140625,-0.0,-0.0,-0.0,-0.0,-0.0,-0.0,0.00743865966796875,0.00751495361328125,0.01392364501953125,0.017547607421875,0.0116729736328125,0.0144195556640625,0.0102996826171875,0.0237274169921875,0.00743865966796875,0.010986328125,0.02582550048828125,0.01369476318359375,0.0183868408203125,0.0110626220703125,0.0035858154296875,0.02994537353515625,0.095367431640625,0.097198486328125,0.0994873046875,0.095367431640625,0.1019287109375,0.0982666015625,0.093994140625,0.097198486328125,0.098419189453125,0.16082763671875,0.091552734375,0.0970458984375,0.3509521484375,0.9564208984375,-0.11566162109375,1.36566162109375,8.023386001586914
142,0.07100000000000001,-0.0,-0.0,-0.0,-0.0,-0.0,-0.0,3.191441059112549,21.543704986572266,-474.1042175292969,-134478.09375,25299.919921875,-1404.81591796875,-2.9960830211639404,-25.681615829467773,-143.77142333984375,35495.6328125,4479.623046875,-1704.2625732421875,-0.0,-0.0,-0.0,-0.0,-0.0,-0.0,-0.00110626220703125,-0.0035858154296875,-0.0052642822265625,-0.005035400390625,-0.00415802001953125,-0.00576019287109375,-0.00690460205078125,-0.00774383544921875,-0.00396728515625,-0.00377655029296875,-0.014495849609375,-0.0064849853515625,-0.0135040283203125,-0.00514984130859375,-0.0035858154296875,-0.010986328125,0.10009765625,0.0970458984375,0.1043701171875,0.095672607421875,0.099945068359375,0.095977783203125,0.089111328125,0.095672607421875,0.096435546875,0.096282958984375,0.0933837890625,0.09857177734375,0.22491455078125,-0.3131103515625,-0.1104736328125,-0.19378662109375,7.71850061416626
143,0.07150000000000001,-0.0,-0.0,-0.0,-0.0,-0.0,-0.0,2.998551845550537,22.055171966552734,-473.3189392089844,-134590.46875,25143.6328125,-1293.9178466796875,-2.913020133972168,-25.789932250976562,-145.0115509033203,35513.1953125,4529.533203125,-1722.466796875,-0.0,-0.0,-0.0,-0.0,-0.0,-0.0,-0.008697509765625,-0.00843048095703125,-0.01087188720703125,-0.014801025390625,-0.0115203857421875,-0.01556396484375,-0.0070953369140625,-0.02201080322265625,-0.00667572021484375,-0.011749267578125,-0.02445220947265625,-0.011138916015625,-0.01605987548828125,-0.00926971435546875,-0.0069427490234375,-0.02841949462890625,0.102081298828125,0.108184814453125,0.102386474609375,0.1019287109375,0.1019287109375,0.11077880859375,0.10284423828125,0.10498046875,0.105438232421875,0.13275146484375,0.110626220703125,0.114288330078125,-0.211944580078125,-0.7135009765625,0.58807373046875,-0.875701904296875,-0.20849192142486572
144,0.07200000000000001,-0.0,-0.0,-0.0,-0.0,-0.0,-0.0,3.4098896980285645,21.906206130981445,-471.4952392578125,-134446.4375,25261.05859375,-1310.2919921875,-3.376249313354492,-26.0008602142334,-143.30831909179688,35619.2734375,4409.72314453125,-1770.6988525390625,-0.0,-0.0,-0.0,-0.0,-0.0,-0.0,0.00518798828125,0.0035858154296875,0.0046539306640625,0.00614166259765625,0.00415802001953125,0.00431060791015625,0.005950927734375,0.00934600830078125,0.0018310546875,0.00675201416015625,0.012054443359375,0.0038909912109375,0.013885498046875,0.00461578369140625,0.00186920166015625,0.0104522705078125,0.096588134765625,0.098876953125,0.093536376953125,0.09613037109375,0.09796142578125,0.096282958984375,0.091400146484375,0.0933837890625,0.094757080078125,0.108184814453125,0.0994873046875,0.110931396484375,-0.01953125,0.238037109375,0.1275634765625,0.212554931640625,2.8403513431549072
145,0.0725,-0.0,-0.0,-0.0,-0.0,-0.0,-0.0,3.340238094329834,21.564855575561523,-472.12347412109375,-134389.0,25080.783203125,-1406.3115234375,-3.159069538116455,-25.701610565185547,-144.60719299316406,35772.296875,4302.60595703125,-1775.460205078125,-0.0,-0.0,-0.0,-0.0,-0.0,-0.0,0.00789642333984375,0.00946044921875,0.01285552978515625,0.01636505126953125,0.01148223876953125,0.015106201171875,0.00980377197265625,0.02231597900390625,0.00743865966796875,0.0093841552734375,0.0263214111328125,0.01132965087890625,0.0171661376953125,0.0112152099609375,0.0063323974609375,0.0290679931640625,0.09735107421875,0.099334716796875,0.093536376953125,0.099945068359375,0.100250244140625,0.0958251953125,0.106048583984375,0.099334716796875,0.094146728515625,0.085601806640625,0.102081298828125,0.096588134765625,0.220489501953125,1.0260009765625,-0.3704833984375,1.20208740234375,-4.78175687789917
146,0.073,-0.0,-0.0,-0.0,-0.0,-0.0,-0.0,3.3400213718414307,21.539222717285156,-471.848388671875,-134147.203125,25149.361328125,-1328.453125,-3.0161666870117188,-26.020475387573242,-144.1226043701172,35649.8515625,4404.2705078125,-1818.2607421875,-0.0,-0.0,-0.0,-0.0,-0.0,-0.0,-0.003204345703125,-0.00202178955078125,-0.00438690185546875,-0.00629425048828125,-0.003509521484375,-0.00591278076171875,-0.00438690185546875,-0.00789642333984375,-0.00324249267578125,-0.004425048828125,-0.01216888427734375,-0.0057220458984375,-0.01308441162109375,-0.00335693359375,-0.002288818359375,-0.01026153564453125,0.097198486328125,0.098876953125,0.09490966796875,0.09613037109375,0.1123046875,0.10009765625,0.090789794921875,0.092315673828125,0.099334716796875,0.11993408203125,0.102386474609375,0.094451904296875,0.446319580078125,-0.36956787109375,0.01220703125,-0.08026123046875,11.681997299194336
147,0.0735,-0.0,-0.0,-0.0,-0.0,-0.0,-0.0,3.463805675506592,21.71297836303711,-472.12451171875,-134150.828125,25144.033203125,-1563.607666015625,-3.139524221420288,-26.001070022583008,-145.92889404296875,35856.00390625,4342.724609375,-1693.1943359375,-0.0,-0.0,-0.0,-0.0,-0.0,-0.0,-0.007781982421875,-0.00606536865234375,-0.0131988525390625,-0.0154876708984375,-0.010986328125,-0.0139617919921875,-0.0102996826171875,-0.02414703369140625,-0.0030517578125,-0.010833740234375,-0.02269744873046875,-0.01216888427734375,-0.01827239990234375,-0.00885009765625,-0.00423431396484375,-0.02811431884765625,0.094757080078125,0.0958251953125,0.095977783203125,0.096282958984375,0.10009765625,0.102691650390625,0.09674072265625,0.09857177734375,0.090484619140625,0.10406494140625,0.1025390625,0.091552734375,-0.334014892578125,-0.45623779296875,0.3131103515625,-1.15447998046875,-1.1231448650360107
148,0.074,-0.0,-0.0,-0.0,-0.0,-0.0,-0.0,3.67694354057312,21.623769760131836,-472.3545227050781,-134119.390625,24826.71484375,-1428.855224609375,-3.301562547683716,-26.339040756225586,-145.52040100097656,36075.3984375,4599.2578125,-1782.43896484375,-0.0,-0.0,-0.0,-0.0,-0.0,-0.0,0.0022125244140625,0.0030517578125,0.0051116943359375,0.00789642333984375,0.00255584716796875,0.0083160400390625,0.00492095947265625,0.00850677490234375,0.00354766845703125,0.00591278076171875,0.01407623291015625,0.00408172607421875,0.016021728515625,0.00316619873046875,0.0032806396484375,0.01064300537109375,0.099334716796875,0.098724365234375,0.104217529296875,0.094757080078125,0.096435546875,0.1025390625,0.1025390625,0.09613037109375,0.093841552734375,0.088653564453125,0.102386474609375,0.09613037109375,0.01739501953125,0.45501708984375,0.0238037109375,0.50506591796875,0.09639240801334381
149,0.0745,-0.0,-0.0,-0.0,-0.0,-0.0,-0.0,3.5142130851745605,21.712846755981445,-470.71282958984375,-133693.15625,24652.068359375,-1463.0906982421875,-3.2318992614746094,-26.08600425720215,-145.45933532714844,35940.8359375,4630.67578125,-1782.361328125,-0.0,-0.0,-0.0,-0.0,-0.0,-0.0,0.007476806640625,0.00820159912109375,0.0119781494140625,0.0174713134765625,0.01224517822265625,0.01407623291015625,0.00774383544921875,0.02246856689453125,0.009307861328125,0.01155853271484375,0.0222015380859375,0.01354217529296875,0.015411376953125,0.01194000244140625,0.00446319580078125,0.0281524658203125,0.094451904296875,0.09521484375,0.1007080078125,0.100860595703125,0.09765625,0.091400146484375,0.09735107421875,0.096893310546875,0.098876953125,0.08819580078125,0.091400146484375,0.1055908203125,0.468292236328125,0.56854248046875,-0.2252197265625,1.28143310546875,6.803847789764404
150,0.075,-0.0,-0.0,-0.0,-0.0,-0.0,-0.0,3.833061456680298,21.413305282592773,-469.9317626953125,-133554.953125,24647.05859375,-1380.92333984375,-2.997175931930542,-25.84354591369629,-146.08258056640625,36033.9609375,4539.65185546875,-1777.9251708984375,-0.0,-0.0,-0.0,-0.0,-0.0,-0.0,-0.00049591064453125,-0.00396728515625,-0.0040435791015625,-0.00457763671875,-0.00457763671875,-0.006866455078125,-0.0060272216796875,-0.00713348388671875,-0.00408172607421875,-0.00579833984375,-0.01293182373046875,-0.00232696533203125,-0.0135040283203125,-0.0048828125,-0.0006103515625,-0.01125335693359375,0.101470947265625,0.111541748046875,0.105438232421875,0.104827880859375,0.102691650390625,0.102996826171875,0.11016845703125,0.105743408203125,0.106201171875,0.105133056640625,0.10498046875,0.105438232421875,0.161285400390625,-0.66680908203125,0.30426025390625,0.110626220703125,9.24292278289795
151,0.0755,-0.0,-0.0,-0.0,-0.0,-0.0,-0.0,3.6035609245300293,21.231948852539062,-469.5152587890625,-133691.25,24385.365234375,-1358.0113525390625,-2.803831100463867,-26.354623794555664,-145.59622192382812,36363.81640625,4523.33740234375,-1662.60693359375,-0.0,-0.0,-0.0,-0.0,-0.0,-0.0,-0.0077056884765625,-0.0075531005859375,-0.01132965087890625,-0.01674652099609375,-0.0115203857421875,-0.01415252685546875,-0.007781982421875,-0.02391815185546875,-0.00759124755859375,-0.0110626220703125,-0.02277374267578125,-0.0135040283203125,-0.01712799072265625,-0.01186370849609375,-0.00637054443359375,-0.02651214599609375,0.100860595703125,0.10101318359375,0.096282958984375,0.093994140625,0.09765625,0.100250244140625,0.094146728515625,0.098876953125,0.09063720703125,0.04547119140625,0.096588134765625,0.10650634765625,-0.16204833984375,-0.39581298828125,0.296630859375,-1.27288818359375,0.7061610817909241
152,0.076,-0.0,-0.0,-0.0,-0.0,-0.0,-0.0,3.7468414306640625,21.088727951049805,-468.7441711425781,-133746.5625,24407.2265625,-1345.8450927734375,-2.889965057373047,-26.745304107666016,-148.6009063720703,36309.609375,4450.607421875,-1740.22216796875,-0.0,-0.0,-0.0,-0.0,-0.0,-0.0,0.00255584716796875,0.00316619873046875,0.0054168701171875,0.00583648681640625,0.003204345703125,0.0078582763671875,0.00385284423828125,0.00896453857421875,0.0045013427734375,0.003814697265625,0.01430511474609375,0.00274658203125,0.0148773193359375,0.00408172607421875,0.00431060791015625,0.0098419189453125,0.0982666015625,0.099334716796875,0.093994140625,0.093841552734375,0.099639892578125,0.096893310546875,0.09979248046875,0.092315673828125,0.0994873046875,0.05859375,0.100555419921875,0.094451904296875,-0.00213623046875,0.68878173828125,-0.2178955078125,0.509033203125,1.3159297704696655
153,0.0765,-0.0,-0.0,-0.0,-0.0,-0.0,-0.0,3.7468414306640625,20.98286247253418,-469.4576416015625,-133392.96875,24372.01171875,-1335.1138916015625,-2.7314536571502686,-26.63823699951172,-146.6436767578125,36607.84375,4377.6552734375,-1783.038818359375,-0.0,-0.0,-0.0,-0.0,-0.0,-0.0,0.01010894775390625,0.0069427490234375,0.01247406005859375,0.01789093017578125,0.0125885009765625,0.013580322265625,0.0083160400390625,0.02277374267578125,0.00865936279296875,0.0115966796875,0.02597808837890625,0.0125885009765625,0.01758575439453125,0.012664794921875,0.005340576171875,0.02758026123046875,0.094451904296875,0.098419189453125,0.09307861328125,0.102996826171875,0.093231201171875,0.0994873046875,0.092620849609375,0.104522705078125,0.099334716796875,0.098876953125,0.10467529296875,0.10955810546875,0.5181884765625,0.928955078125,-0.1708984375,1.511077880859375,9.852691650390625
154,0.077,-0.0,-0.0,-0.0,-0.0,-0.0,-0.0,3.586937665939331,20.515119552612305,-467.96343994140625,-133744.46875,24078.099609375,-1417.6260986328125,-2.607731819152832,-26.83139991760254,-148.53485107421875,36471.12890625,4559.4228515625,-1705.08642578125,-0.0,-0.0,-0.0,-0.0,-0.0,-0.0,-0.004730224609375,-0.00408172607421875,-0.00354766845703125,-0.0064849853515625,-0.0042724609375,-0.0035858154296875,-0.00530242919921875,-0.00804901123046875,-0.00308990478515625,-0.00621795654296875,-0.01354217529296875,-0.00316619873046875,-0.0146484375,-0.00591278076171875,0.00171661376953125,-0.01247406005859375,0.098114013671875,0.1007080078125,0.09613037109375,0.10223388671875,0.09185791015625,0.09765625,0.104522705078125,0.094757080078125,0.09307861328125,0.098419189453125,0.1043701171875,0.099945068359375,0.0836181640625,-0.52886962890625,0.12664794921875,-0.384979248046875,6.803847789764404
155,0.0775,-0.0,-0.0,-0.0,-0.0,-0.0,-0.0,3.7271573543548584,20.39250946044922,-468.1763610839844,-133546.78125,23980.869140625,-1301.1043701171875,-2.6429989337921143,-26.72498321533203,-148.46156311035156,36678.30078125,4814.07861328125,-1747.077880859375,-0.0,-0.0,-0.0,-0.0,-0.0,-0.0,-0.00972747802734375,-0.00827789306640625,-0.01087188720703125,-0.01461029052734375,-0.01239776611328125,-0.01506805419921875,-0.008544921875,-0.02223968505859375,-0.00789642333984375,-0.013427734375,-0.0234222412109375,-0.01251220703125,-0.01499176025390625,-0.01094818115234375,-0.00659942626953125,-0.0286102294921875,0.098876953125,0.096893310546875,0.09490966796875,0.091400146484375,0.088653564453125,0.1031494140625,0.096588134765625,0.09521484375,0.102386474609375,0.115814208984375,0.10162353515625,0.094146728515625,-0.7574462890625,-0.70281982421875,0.38970947265625,-1.244049072265625,0.09639240801334381
156,0.078,-0.0,-0.0,-0.0,-0.0,-0.0,-0.0,3.7468414306640625,20.01887321472168,-469.4482421875,-133984.484375,24195.607421875,-1411.546875,-2.7329351902008057,-27.09666633605957,-149.29385375976562,36739.15625,4574.92041015625,-1776.516357421875,-0.0,-0.0,-0.0,-0.0,-0.0,-0.0,0.00698089599609375,0.00354766845703125,0.00560760498046875,0.0061798095703125,0.006103515625,0.006256103515625,0.0049591064453125,0.0106048583984375,0.00110626220703125,0.008392333984375,0.01293182373046875,0.00396728515625,0.013885498046875,0.004730224609375,0.00064849853515625,0.011138916015625,0.101470947265625,0.098114013671875,0.10284423828125,0.099945068359375,0.093536376953125,0.10498046875,0.09674072265625,0.09765625,0.09796142578125,0.10528564453125,0.08941650390625,0.11016845703125,0.286865234375,0.78033447265625,0.01861572265625,0.6231689453125,1.3159297704696655
157,0.0785,-0.0,-0.0,-0.0,-0.0,-0.0,-0.0,3.764288902282715,19.305118560791016,-469.44781494140625,-134064.46875,24101.201171875,-1435.9052734375,-2.874871015548706,-27.292200088500977,-148.5995635986328,36683.375,4672.0625,-1699.8270263671875,-0.0,-0.0,-0.0,-0.0,-0.0,-0.0,0.00911712646484375,0.01026153564453125,0.01163482666015625,0.01529693603515625,0.0118255615234375,0.01567840576171875,0.00980377197265625,0.021820068359375,0.0072479248046875,0.01018524169921875,0.02643585205078125,0.0170135498046875,0.01918792724609375,0.00957489013671875,0.00461578369140625,0.029449462890625,0.106658935546875,0.103912353515625,0.11077880859375,0.108642578125,0.101318359375,0.10833740234375,0.1171875,0.09857177734375,0.10894775390625,0.081329345703125,0.152587890625,0.082244873046875,0.45196533203125,0.770263671875,0.2886962890625,1.795654296875,7.71850061416626
158,0.079,-0.0,-0.0,-0.0,-0.0,-0.0,-0.0,3.675570487976074,19.37689971923828,-471.3541564941406,-134648.859375,24297.998046875,-1464.90283203125,-2.8741514682769775,-27.079505920410156,-149.71559143066406,36698.63671875,4509.91552734375,-1753.24609375,-0.0,-0.0,-0.0,-0.0,-0.0,-0.0,-0.0055694580078125,-0.0032806396484375,-0.00423431396484375,-0.00606536865234375,-0.00499725341796875,-0.00537872314453125,-0.0041961669921875,-0.01140594482421875,-0.00194549560546875,-0.00629425048828125,-0.01316070556640625,-0.00560760498046875,-0.01598358154296875,-0.0041961669921875,-0.00011444091796875,-0.01102447509765625,0.102081298828125,0.096435546875,0.095977783203125,0.099334716796875,0.0927734375,0.10345458984375,0.08697509765625,0.0921630859375,0.101165771484375,0.11932373046875,0.113525390625,0.093231201171875,0.007476806640625,-0.733642578125,0.07080078125,-0.86334228515625,8.328269958496094
159,0.0795,-0.0,-0.0,-0.0,-0.0,-0.0,-0.0,3.7825307846069336,18.66388511657715,-471.8482971191406,-134917.53125,24445.890625,-1430.317138671875,-2.5902817249298096,-27.150062561035156,-148.87815856933594,37058.375,4629.78662109375,-1758.9166259765625,-0.0,-0.0,-0.0,-0.0,-0.0,-0.0,-0.0060272216796875,-0.0074005126953125,-0.012359619140625,-0.01659393310546875,-0.010986328125,-0.0122833251953125,-0.01010894775390625,-0.0238800048828125,-0.00762939453125,-0.01140594482421875,-0.02460479736328125,-0.0136566162109375,-0.01880645751953125,-0.0127410888671875,-0.00423431396484375,-0.0267791748046875,0.09979248046875,0.0982666015625,0.0994873046875,0.100860595703125,0.109100341796875,0.09918212890625,0.0946044921875,0.0994873046875,0.1025390625,0.08056640625,0.106964111328125,0.086517333984375,-0.301055908203125,-0.75286865234375,0.29876708984375,-1.243896484375,0.7061610817909241
160,0.08,-0.0,-0.0,-0.0,-0.0,-0.0,-0.0,3.639936923980713,18.68202781677246,-473.61431884765625,-135606.859375,24544.806640625,-1494.7015380859375,-2.7321598529815674,-26.991064071655273,-148.25047302246094,36679.47265625,4435.4443359375,-1753.0738525390625,-0.0,-0.0,-0.0,-0.0,-0.0,-0.0,0.0051116943359375,0.00438690185546875,0.0038909912109375,0.00720977783203125,0.0045013427734375,0.006256103515625,0.0067901611328125,0.00988006591796875,0.002593994140625,0.009765625,0.01331329345703125,0.003662109375,0.016021728515625,0.00507354736328125,0.00732421875,0.0121307373046875,0.0933837890625,0.10101318359375,0.09857177734375,0.09735107421875,0.10955810546875,0.09674072265625,0.09002685546875,0.09979248046875,0.1043701171875,0.099334716796875,0.10162353515625,0.09521484375,0.554046630859375,0.73150634765625,0.0250244140625,0.81634521484375,2.2305827140808105
161,0.0805,-0.0,-0.0,-0.0,-0.0,-0.0,-0.0,3.6926872730255127,18.769922256469727,-473.3336181640625,-135584.25,24265.255859375,-1623.2091064453125,-2.696934461593628,-27.220491409301758,-149.02139282226562,36560.26953125,4693.6650390625,-1776.97802734375,-0.0,-0.0,-0.0,-0.0,-0.0,-0.0,0.00644683837890625,0.0086212158203125,0.01255035400390625,0.01728057861328125,0.01216888427734375,0.01445770263671875,0.00843048095703125,0.02231597900390625,0.0093841552734375,0.0128936767578125,0.02574920654296875,0.01346588134765625,0.01766204833984375,0.01300811767578125,0.00423431396484375,0.0278472900390625,0.098876953125,0.09490966796875,0.0921630859375,0.096893310546875,0.101470947265625,0.095672607421875,0.12664794921875,0.09796142578125,0.096893310546875,0.084075927734375,0.0927734375,0.09735107421875,0.74462890625,1.0906982421875,0.02227783203125,1.22711181640625,7.71850061416626
162,0.081,-0.0,-0.0,-0.0,-0.0,-0.0,-0.0,3.870891809463501,18.504314422607422,-474.393798828125,-136014.421875,24500.5234375,-1424.8353271484375,-2.573514699935913,-27.167570114135742,-148.52980041503906,36373.0546875,4548.01708984375,-1800.4990234375,-0.0,-0.0,-0.0,-0.0,-0.0,-0.0,-0.00408172607421875,-0.00308990478515625,-0.00423431396484375,-0.005645751953125,-0.00377655029296875,-0.0060272216796875,-0.00545501708984375,-0.0102996826171875,-0.00152587890625,-0.01049041748046875,-0.014190673828125,-0.0060272216796875,-0.01392364501953125,-0.00339508056640625,-0.0019073486328125,-0.0104522705078125,0.094757080078125,0.09765625,0.09674072265625,0.10223388671875,0.088958740234375,0.094451904296875,0.10223388671875,0.094451904296875,0.1043701171875,0.116729736328125,0.08819580078125,0.102081298828125,-0.060882568359375,-1.1016845703125,0.074462890625,-0.576629638671875,9.24292278289795
163,0.0815,-0.0,-0.0,-0.0,-0.0,-0.0,-0.0,3.6043901443481445,18.772003173828125,-475.0326843261719,-135949.640625,24473.197265625,-1506.686767578125,-2.5566515922546387,-27.167497634887695,-147.26914978027344,36793.18359375,4596.68408203125,-1777.0360107421875,-0.0,-0.0,-0.0,-0.0,-0.0,-0.0,-0.0087738037109375,-0.0074005126953125,-0.01125335693359375,-0.01552581787109375,-0.011444091796875,-0.01720428466796875,-0.008087158203125,-0.02178192138671875,-0.00621795654296875,-0.01216888427734375,-0.02490997314453125,-0.01308441162109375,-0.01781463623046875,-0.0087738037109375,-0.0045013427734375,-0.02811431884765625,0.098419189453125,0.098876953125,0.095977783203125,0.09613037109375,0.095367431640625,0.09246826171875,0.0775146484375,0.09979248046875,0.098419189453125,0.176849365234375,0.08941650390625,0.0921630859375,-0.54901123046875,-0.52642822265625,0.284423828125,-1.3580322265625,-0.20849192142486572
164,0.082,-0.0,-0.0,-0.0,-0.0,-0.0,-0.0,3.281858444213867,18.86144256591797,-475.8083190917969,-136117.203125,24243.212890625,-1512.269287109375,-2.627164125442505,-26.691802978515625,-147.1272735595703,36397.04296875,4627.53515625,-1699.4984130859375,-0.0,-0.0,-0.0,-0.0,-0.0,-0.0,0.0026702880859375,0.003509521484375,0.0063323974609375,0.00644683837890625,0.0063323974609375,0.0060272216796875,0.00431060791015625,0.0116729736328125,0.00377655029296875,0.00518798828125,0.01712799072265625,0.00659942626953125,0.01293182373046875,0.00469207763671875,0.00270843505859375,0.0116729736328125,0.10498046875,0.102996826171875,0.104827880859375,0.1019287109375,0.115814208984375,0.1031494140625,0.084991455078125,0.1007080078125,0.10162353515625,0.08392333984375,0.09857177734375,0.113067626953125,0.21392822265625,1.13922119140625,-0.035400390625,1.103515625,0.7061610817909241
165,0.0825,-0.0,-0.0,-0.0,-0.0,-0.0,-0.0,3.3389766216278076,19.373197555541992,-475.6660461425781,-136079.734375,24529.552734375,-1516.8123779296875,-2.606555461883545,-26.408184051513672,-146.926025390625,36000.44921875,4653.44482421875,-1753.7091064453125,-0.0,-0.0,-0.0,-0.0,-0.0,-0.0,0.00972747802734375,0.00789642333984375,0.0122833251953125,0.01758575439453125,0.01220703125,0.0147247314453125,0.00946044921875,0.02353668212890625,0.00568389892578125,0.01239776611328125,0.025482177734375,0.01468658447265625,0.01605987548828125,0.0077056884765625,0.00640869140625,0.02849578857421875,0.09857177734375,0.098724365234375,0.094451904296875,0.09490966796875,0.096435546875,0.09613037109375,0.103607177734375,0.096282958984375,0.0970458984375,0.128936767578125,0.090179443359375,0.113525390625,0.542755126953125,0.85113525390625,-0.27374267578125,1.26708984375,5.889194965362549
166,0.083,-0.0,-0.0,-0.0,-0.0,-0.0,-0.0,3.5347366333007812,18.98477554321289,-476.15325927734375,-136232.09375,24468.23828125,-1453.0655517578125,-2.5343217849731445,-26.410512924194336,-145.10557556152344,36078.05078125,4792.673828125,-1699.3609619140625,-0.0,-0.0,-0.0,-0.0,-0.0,-0.0,-0.00476837158203125,-0.0026702880859375,-0.005035400390625,-0.0063323974609375,-0.00240325927734375,-0.0084686279296875,-0.00469207763671875,-0.009307861328125,-0.00301361083984375,-0.0063323974609375,-0.01346588134765625,-0.00537872314453125,-0.01506805419921875,-0.00316619873046875,-0.00396728515625,-0.0104522705078125,0.1080322265625,0.0982666015625,0.104827880859375,0.096435546875,0.09307861328125,0.099945068359375,0.089263916015625,0.098419189453125,0.1043701171875,0.025177001953125,0.076751708984375,0.092315673828125,-0.2105712890625,-0.6817626953125,0.108642578125,-0.941925048828125,2.2305827140808105
167,0.0835,-0.0,-0.0,-0.0,-0.0,-0.0,-0.0,3.4067041873931885,19.44995880126953,-476.4284973144531,-136284.6875,24593.205078125,-1569.5762939453125,-2.3925113677978516,-26.493837356567383,-144.9740753173828,35882.62109375,4661.9609375,-1800.3182373046875,-0.0,-0.0,-0.0,-0.0,-0.0,-0.0,-0.008697509765625,-0.0095367431640625,-0.01110076904296875,-0.01323699951171875,-0.01132965087890625,-0.01434326171875,-0.0110626220703125,-0.02368927001953125,-0.006256103515625,-0.01110076904296875,-0.0262451171875,-0.01415252685546875,-0.0206756591796875,-0.009918212890625,-0.00286102294921875,-0.027618408203125,0.09307861328125,0.096588134765625,0.10040283203125,0.1025390625,0.093231201171875,0.09857177734375,0.110321044921875,0.0927734375,0.096282958984375,0.125579833984375,0.084075927734375,0.105438232421875,-0.403594970703125,-0.82733154296875,0.48980712890625,-1.6668701171875,0.7061610817909241
168,0.084,-0.0,-0.0,-0.0,-0.0,-0.0,-0.0,3.250998020172119,19.539249420166016,-477.1337890625,-136344.8125,24645.65234375,-1424.2413330078125,-2.464390993118286,-26.176198959350586,-144.05763244628906,35495.03125,4416.03125,-1676.1119384765625,-0.0,-0.0,-0.0,-0.0,-0.0,-0.0,0.00347137451171875,0.00400543212890625,0.00476837158203125,0.0070953369140625,0.00392913818359375,0.005645751953125,0.00759124755859375,0.00843048095703125,0.00370025634765625,0.00598907470703125,0.014190673828125,0.008697509765625,0.0147247314453125,0.00499725341796875,0.0032806396484375,0.01239776611328125,0.09552001953125,0.095977783203125,0.10040283203125,0.096435546875,0.10498046875,0.102691650390625,0.084686279296875,0.09613037109375,0.10162353515625,0.09307861328125,0.09857177734375,0.081329345703125,0.41107177734375,1.114501953125,0.125732421875,1.02935791015625,-0.5133762359619141
169,0.0845,-0.0,-0.0,-0.0,-0.0,-0.0,-0.0,3.4956412315368652,19.255691528320312,-475.87744140625,-136545.140625,24665.525390625,-1493.8702392578125,-2.608768939971924,-25.969921112060547,-142.26023864746094,35208.44921875,4720.1748046875,-1728.9659423828125,-0.0,-0.0,-0.0,-0.0,-0.0,-0.0,0.007781982421875,0.0087738037109375,0.013427734375,0.018310546875,0.01094818115234375,0.01483917236328125,0.01049041748046875,0.02368927001953125,0.009307861328125,0.012359619140625,0.026702880859375,0.0118255615234375,0.018157958984375,0.0109100341796875,0.00507354736328125,0.02964019775390625,0.09552001953125,0.101470947265625,0.098419189453125,0.09857177734375,0.098114013671875,0.095062255859375,0.10162353515625,0.095062255859375,0.095367431640625,0.138397216796875,0.109710693359375,0.07904052734375,0.693206787109375,0.67291259765625,-0.21575927734375,1.5924072265625,6.498963356018066
170,0.085,-0.0,-0.0,-0.0,-0.0,-0.0,-0.0,3.5444982051849365,19.64130401611328,-476.7132568359375,-136662.953125,24494.791015625,-1556.138916015625,-2.766324043273926,-26.08733367919922,-142.24722290039062,35107.34375,4571.36962890625,-1740.0020751953125,-0.0,-0.0,-0.0,-0.0,-0.0,-0.0,-0.00457763671875,-0.00286102294921875,-0.00438690185546875,-0.00629425048828125,-0.0028228759765625,-0.009002685546875,-0.0052642822265625,-0.00934600830078125,-0.004119873046875,-0.00591278076171875,-0.0119781494140625,-0.005950927734375,-0.01255035400390625,-0.0037384033203125,-0.0046539306640625,-0.0116729736328125,0.096435546875,0.09552001953125,0.0946044921875,0.101470947265625,0.115966796875,0.092926025390625,0.085906982421875,0.097808837890625,0.096282958984375,0.07965087890625,0.0909423828125,0.084381103515625,-0.214080810546875,-0.68359375,0.09796142578125,-0.721588134765625,5.889194965362549
171,0.0855,-0.0,-0.0,-0.0,-0.0,-0.0,-0.0,3.4426910877227783,19.414268493652344,-478.0610656738281,-136650.109375,24950.1875,-1669.135009765625,-2.7701776027679443,-25.6494140625,-141.0572509765625,34965.296875,4782.3251953125,-1924.514404296875,-0.0,-0.0,-0.0,-0.0,-0.0,-0.0,-0.00885009765625,-0.00598907470703125,-0.0110626220703125,-0.01461029052734375,-0.0125885009765625,-0.01560211181640625,-0.00675201416015625,-0.0220489501953125,-0.00579833984375,-0.01373291015625,-0.02490997314453125,-0.01018524169921875,-0.01773834228515625,-0.0089263916015625,-0.0031280517578125,-0.026702880859375,0.1043701171875,0.106658935546875,0.107879638671875,0.106353759765625,0.110931396484375,0.09796142578125,0.105743408203125,0.110931396484375,0.10528564453125,0.096435546875,0.0994873046875,0.113067626953125,-0.51239013671875,-0.645751953125,0.67413330078125,-0.744171142578125,-3.2573351860046387
172,0.08600000000000001,-0.0,-0.0,-0.0,-0.0,-0.0,-0.0,3.4792098999023438,19.631589889526367,-479.24713134765625,-136932.984375,24669.630859375,-1682.4317626953125,-3.0161666870117188,-25.171680450439453,-140.85121154785156,34608.875,5022.47900390625,-1877.3731689453125,-0.0,-0.0,-0.0,-0.0,-0.0,-0.0,0.0057220458984375,0.00270843505859375,0.00652313232421875,0.0069427490234375,0.0043487548828125,0.008087158203125,0.0054168701171875,0.00934600830078125,0.0029754638671875,0.00732421875,0.01316070556640625,0.0058746337890625,0.01316070556640625,0.00377655029296875,0.0037384033203125,0.01178741455078125,0.0946044921875,0.09368896484375,0.094451904296875,0.098876953125,0.091094970703125,0.091705322265625,0.09552001953125,0.093231201171875,0.097503662109375,0.0933837890625,0.095977783203125,0.08575439453125,0.41656494140625,0.992431640625,-0.0762939453125,1.353912353515625,0.7061610817909241
173,0.08650000000000001,-0.0,-0.0,-0.0,-0.0,-0.0,-0.0,3.7420125007629395,19.90162467956543,-479.9524230957031,-137345.28125,25083.96875,-1715.24169921875,-3.0843427181243896,-24.72543716430664,-139.31149291992188,34319.1953125,4788.6455078125,-1805.803466796875,-0.0,-0.0,-0.0,-0.0,-0.0,-0.0,0.007171630859375,0.00873565673828125,0.012664794921875,0.0170135498046875,0.01110076904296875,0.01483917236328125,0.00865936279296875,0.0220489501953125,0.00888824462890625,0.01110076904296875,0.0241851806640625,0.0083160400390625,0.0159454345703125,0.01201629638671875,0.00606536865234375,0.02826690673828125,0.10498046875,0.093536376953125,0.10009765625,0.101776123046875,0.102081298828125,0.09429931640625,0.097808837890625,0.095062255859375,0.099639892578125,0.099639892578125,0.087127685546875,0.099639892578125,0.537567138671875,0.81329345703125,-0.39276123046875,1.30706787109375,4.669657230377197
174,0.08700000000000001,-0.0,-0.0,-0.0,-0.0,-0.0,-0.0,3.941007375717163,19.39896583557129,-481.5920104980469,-137217.65625,24653.5546875,-1581.4791259765625,-3.3710098266601562,-24.673044204711914,-138.1403350830078,34234.23046875,4629.11279296875,-1884.4481201171875,-0.0,-0.0,-0.0,-0.0,-0.0,-0.0,-0.0031280517578125,-0.00339508056640625,-0.00518798828125,-0.00579833984375,-0.00614166259765625,-0.00598907470703125,-0.004425048828125,-0.0109100341796875,-0.00286102294921875,-0.006103515625,-0.01369476318359375,-0.00579833984375,-0.01384735107421875,-0.0064849853515625,-0.00034332275390625,-0.01220703125,0.09613037109375,0.099945068359375,0.09552001953125,0.09918212890625,0.099945068359375,0.100860595703125,0.093231201171875,0.101318359375,0.09765625,0.105438232421875,0.0994873046875,0.10345458984375,0.08636474609375,-0.87615966796875,0.2923583984375,-0.99029541015625,4.05988883972168
175,0.08750000000000001,-0.0,-0.0,-0.0,-0.0,-0.0,-0.0,3.678781747817993,19.697818756103516,-480.6159973144531,-137631.984375,25066.578125,-1655.0107421875,-3.0946059226989746,-24.413175582885742,-136.333984375,34001.0078125,4787.6796875,-1847.572265625,-0.0,-0.0,-0.0,-0.0,-0.0,-0.0,-0.0079345703125,-0.00728607177734375,-0.01171112060546875,-0.0146484375,-0.01132965087890625,-0.0159454345703125,-0.0091552734375,-0.0220489501953125,-0.00576019287109375,-0.011444091796875,-0.0238800048828125,-0.01224517822265625,-0.01922607421875,-0.00713348388671875,-0.003814697265625,-0.02689361572265625,0.09490966796875,0.1007080078125,0.0946044921875,0.101470947265625,0.091094970703125,0.095672607421875,0.098419189453125,0.09979248046875,0.10223388671875,0.109405517578125,0.098114013671875,0.09490966796875,-0.16632080078125,-0.5560302734375,0.35858154296875,-1.26373291015625,-1.1231448650360107
176,0.088,-0.0,-0.0,-0.0,-0.0,-0.0,-0.0,3.7991960048675537,19.682334899902344,-481.44561767578125,-137702.109375,24825.841796875,-1686.0579833984375,-3.230208158493042,-23.752880096435547,-136.20767211914062,33956.76171875,4728.57861328125,-1973.229248046875,-0.0,-0.0,-0.0,-0.0,-0.0,-0.0,0.0040435791015625,0.00507354736328125,0.00576019287109375,0.00843048095703125,0.00591278076171875,0.00629425048828125,0.00568389892578125,0.010833740234375,0.00213623046875,0.005950927734375,0.0151824951171875,0.00377655029296875,0.01552581787109375,0.0022125244140625,0.0034332275390625,0.01220703125,0.093841552734375,0.10162353515625,0.087432861328125,0.091400146484375,0.09124755859375,0.09979248046875,0.089111328125,0.094451904296875,0.09246826171875,0.086517333984375,0.099334716796875,0.09429931640625,0.283966064453125,0.9173583984375,-0.09552001953125,1.215362548828125,2.5354671478271484
177,0.0885,-0.0,-0.0,-0.0,-0.0,-0.0,-0.0,3.731508493423462,19.802268981933594,-483.332275390625,-137714.21875,25124.16015625,-1651.62158203125,-3.40771222114563,-23.728055953979492,-135.67552185058594,33508.8125,4708.4287109375,-2030.723388671875,-0.0,-0.0,-0.0,-0.0,-0.0,-0.0,0.00881195068359375,0.00926971435546875,0.011749267578125,0.0153350830078125,0.01071929931640625,0.0133514404296875,0.0090789794921875,0.02391815185546875,0.005950927734375,0.00888824462890625,0.02536773681640625,0.01007080078125,0.0170135498046875,0.01049041748046875,0.0031280517578125,0.02849578857421875,0.097503662109375,0.10162353515625,0.09735107421875,0.095062255859375,0.0958251953125,0.10009765625,0.05889892578125,0.096435546875,0.0970458984375,0.1123046875,0.107421875,0.09765625,0.246124267578125,1.0302734375,-0.440673828125,1.377410888671875,5.889194965362549
178,0.089,-0.0,-0.0,-0.0,-0.0,-0.0,-0.0,4.088459014892578,19.83911895751953,-483.21044921875,-137981.265625,24885.119140625,-1785.7642822265625,-3.7778074741363525,-23.420377731323242,-133.95458984375,33684.01171875,4803.8359375,-2001.208251953125,-0.0,-0.0,-0.0,-0.0,-0.0,-0.0,-0.0041961669921875,-0.00171661376953125,-0.0054931640625,-0.0051116943359375,-0.0045013427734375,-0.0069427490234375,-0.00431060791015625,-0.0106048583984375,-0.00431060791015625,-0.00400543212890625,-0.01529693603515625,-0.00278472900390625,-0.01140594482421875,-0.0058746337890625,-0.00072479248046875,-0.01255035400390625,0.10711669921875,0.108184814453125,0.106353759765625,0.10528564453125,0.10406494140625,0.10406494140625,0.113983154296875,0.105438232421875,0.108642578125,0.1007080078125,0.10284423828125,0.103302001953125,-0.167694091796875,-1.3775634765625,0.48095703125,-1.04766845703125,6.803847789764404
179,0.0895,-0.0,-0.0,-0.0,-0.0,-0.0,-0.0,3.947255849838257,20.054340362548828,-484.2370910644531,-137880.984375,25049.720703125,-1797.6793212890625,-3.615360736846924,-23.560203552246094,-133.72506713867188,33306.56640625,4846.73193359375,-2067.690185546875,-0.0,-0.0,-0.0,-0.0,-0.0,-0.0,-0.00629425048828125,-0.00675201416015625,-0.01270294189453125,-0.0157928466796875,-0.0107574462890625,-0.0140380859375,-0.006866455078125,-0.0232696533203125,-0.0061798095703125,-0.0116729736328125,-0.0217437744140625,-0.0112152099609375,-0.01651763916015625,-0.0084686279296875,-0.00690460205078125,-0.027313232421875,0.09521484375,0.095367431640625,0.097808837890625,0.095672607421875,0.1092529296875,0.09521484375,0.084381103515625,0.09796142578125,0.09674072265625,0.084686279296875,0.09368896484375,0.10589599609375,-0.067596435546875,-0.653076171875,0.47943115234375,-1.129913330078125,-8.44036865234375
180,0.09,-0.0,-0.0,-0.0,-0.0,-0.0,-0.0,3.992248296737671,20.277009963989258,-482.6499328613281,-138214.328125,25035.939453125,-1865.7740478515625,-3.6080150604248047,-23.302095413208008,-133.08538818359375,33219.80859375,4890.61328125,-1993.595947265625,-0.0,-0.0,-0.0,-0.0,-0.0,-0.0,0.00453948974609375,0.00446319580078125,0.005950927734375,0.00728607177734375,0.0048065185546875,0.00606536865234375,0.006103515625,0.00957489013671875,0.00232696533203125,0.00804901123046875,0.01556396484375,0.00514984130859375,0.01415252685546875,0.00392913818359375,0.0048828125,0.01140594482421875,0.0970458984375,0.10040283203125,0.0958251953125,0.100860595703125,0.102081298828125,0.101165771484375,0.107269287109375,0.10040283203125,0.0982666015625,0.089111328125,0.104827880859375,0.10040283203125,0.528564453125,1.241455078125,-0.203857421875,1.39801025390625,12.901535034179688
181,0.0905,-0.0,-0.0,-0.0,-0.0,-0.0,-0.0,4.38612699508667,20.685483932495117,-483.59197998046875,-138143.0625,24633.072265625,-1804.6158447265625,-3.881101369857788,-23.633413314819336,-132.270263671875,32995.60546875,4850.8798828125,-2003.6683349609375,-0.0,-0.0,-0.0,-0.0,-0.0,-0.0,0.007171630859375,0.00820159912109375,0.0121307373046875,0.01628875732421875,0.01117706298828125,0.01430511474609375,0.00926971435546875,0.0217437744140625,0.00919342041015625,0.01255035400390625,0.0237274169921875,0.01129150390625,0.01659393310546875,0.01117706298828125,0.00507354736328125,0.02696990966796875,0.102081298828125,0.098724365234375,0.098419189453125,0.100860595703125,0.095672607421875,0.1007080078125,0.097198486328125,0.102081298828125,0.105743408203125,0.0823974609375,0.101318359375,0.12969970703125,0.399017333984375,0.7952880859375,-0.17333984375,1.29547119140625,4.669657230377197
182,0.091,-0.0,-0.0,-0.0,-0.0,-0.0,-0.0,4.311397075653076,20.663619995117188,-484.2360534667969,-138119.921875,24963.14453125,-1846.158203125,-3.659562587738037,-23.243162155151367,-133.9284210205078,32898.24609375,4810.17919921875,-2000.88720703125,-0.0,-0.0,-0.0,-0.0,-0.0,-0.0,-0.003662109375,-0.0045013427734375,-0.00438690185546875,-0.00568389892578125,-0.00579833984375,-0.00675201416015625,-0.00579833984375,-0.01003265380859375,-0.00209808349609375,-0.0069427490234375,-0.0142669677734375,-0.00278472900390625,-0.013427734375,-0.0054168701171875,-0.00133514404296875,-0.01346588134765625,0.09918212890625,0.100555419921875,0.097808837890625,0.09429931640625,0.09033203125,0.09918212890625,0.097503662109375,0.098419189453125,0.099029541015625,0.0738525390625,0.0958251953125,0.091094970703125,-0.38330078125,-0.79986572265625,0.40191650390625,-1.416015625,2.5354671478271484
183,0.0915,-0.0,-0.0,-0.0,-0.0,-0.0,-0.0,3.806975841522217,20.48348617553711,-483.6759948730469,-138496.859375,24986.75,-1877.546630859375,-3.740368604660034,-23.21415138244629,-132.03643798828125,33065.78125,4940.5771484375,-2055.375,-0.0,-0.0,-0.0,-0.0,-0.0,-0.0,-0.008087158203125,-0.00698089599609375,-0.01110076904296875,-0.0157928466796875,-0.010223388671875,-0.014801025390625,-0.0101470947265625,-0.02285003662109375,-0.00591278076171875,-0.0115203857421875,-0.02468109130859375,-0.012969970703125,-0.0177001953125,-0.0095367431640625,-0.00392913818359375,-0.02658843994140625,0.095672607421875,0.09979248046875,0.09552001953125,0.099029541015625,0.106201171875,0.100860595703125,0.08056640625,0.097808837890625,0.1025390625,0.08544921875,0.096588134765625,0.070343017578125,-0.5511474609375,-0.7928466796875,0.18890380859375,-1.1395263671875,0.09639240801334381
184,0.092,-0.0,-0.0,-0.0,-0.0,-0.0,-0.0,3.9540634155273438,20.566139221191406,-485.2122497558594,-138326.078125,24726.9609375,-1972.7144775390625,-3.6599292755126953,-23.168912887573242,-130.46951293945312,32836.45703125,4852.4296875,-1993.1668701171875,-0.0,-0.0,-0.0,-0.0,-0.0,-0.0,0.00583648681640625,0.00347137451171875,0.00579833984375,0.00713348388671875,0.0054931640625,0.00843048095703125,0.0037384033203125,0.01132965087890625,0.00335693359375,0.00667572021484375,0.0174713134765625,0.00507354736328125,0.01434326171875,0.00659942626953125,0.002899169921875,0.0121307373046875,0.099639892578125,0.10009765625,0.106048583984375,0.095367431640625,0.09918212890625,0.100250244140625,0.087890625,0.102081298828125,0.098876953125,0.145416259765625,0.097198486328125,0.098419189453125,0.51025390625,1.15966796875,-0.2520751953125,1.50848388671875,4.974541664123535
185,0.0925,-0.0,-0.0,-0.0,-0.0,-0.0,-0.0,4.423037528991699,21.26992416381836,-485.26922607421875,-138710.78125,24965.248046875,-1829.0096435546875,-3.78613543510437,-22.544963836669922,-131.68609619140625,32785.6171875,4992.09814453125,-1914.6199951171875,-0.0,-0.0,-0.0,-0.0,-0.0,-0.0,0.00812530517578125,0.0084686279296875,0.01239776611328125,0.0148773193359375,0.011138916015625,0.01560211181640625,0.010223388671875,0.02292633056640625,0.00621795654296875,0.00957489013671875,0.026092529296875,0.01468658447265625,0.01861572265625,0.010528564453125,0.004730224609375,0.0276947021484375,0.100555419921875,0.101470947265625,0.102996826171875,0.102996826171875,0.116119384765625,0.10284423828125,0.092010498046875,0.10589599609375,0.10711669921875,0.0836181640625,0.111846923828125,0.117034912109375,0.409698486328125,0.93902587890625,0.2362060546875,1.71539306640625,4.364773273468018
186,0.093,-0.0,-0.0,-0.0,-0.0,-0.0,-0.0,4.019309997558594,21.058170318603516,-486.4774169921875,-138570.71875,24902.369140625,-1846.10400390625,-3.9546830654144287,-22.7589054107666,-131.42782592773438,32671.833984375,5065.41650390625,-2069.563232421875,-0.0,-0.0,-0.0,-0.0,-0.0,-0.0,-0.00576019287109375,-0.00438690185546875,-0.00476837158203125,-0.00701904296875,-0.00392913818359375,-0.00797271728515625,-0.00484466552734375,-0.01087188720703125,-0.002288818359375,-0.0070953369140625,-0.01430511474609375,-0.00682830810546875,-0.0162506103515625,-0.0037384033203125,-0.0049591064453125,-0.0131988525390625,0.0982666015625,0.09796142578125,0.093536376953125,0.0982666015625,0.09002685546875,0.09674072265625,0.09918212890625,0.103759765625,0.09246826171875,0.13397216796875,0.10345458984375,0.098114013671875,-0.40435791015625,-0.7879638671875,0.17578125,-1.395263671875,3.755004405975342
187,0.0935,-0.0,-0.0,-0.0,-0.0,-0.0,-0.0,4.498142242431641,21.058393478393555,-485.9755859375,-138311.546875,24970.220703125,-1943.2108154296875,-3.991985321044922,-22.508132934570312,-130.23355102539062,32413.875,4992.61669921875,-2080.37158203125,-0.0,-0.0,-0.0,-0.0,-0.0,-0.0,-0.00652313232421875,-0.00789642333984375,-0.01354217529296875,-0.01434326171875,-0.01003265380859375,-0.0121307373046875,-0.00873565673828125,-0.02140045166015625,-0.00591278076171875,-0.0124359130859375,-0.02407073974609375,-0.0127410888671875,-0.0159454345703125,-0.01007080078125,-0.005035400390625,-0.0286102294921875,0.09429931640625,0.09185791015625,0.0897216796875,0.095062255859375,0.108795166015625,0.09674072265625,0.097198486328125,0.094757080078125,0.0982666015625,0.100860595703125,0.10406494140625,0.090789794921875,-0.236663818359375,-0.7562255859375,0.2642822265625,-1.1895751953125,-1.1231448650360107
188,0.094,-0.0,-0.0,-0.0,-0.0,-0.0,-0.0,4.065989971160889,21.08247184753418,-485.26922607421875,-138820.90625,24894.599609375,-1950.90576171875,-3.930884838104248,-22.437652587890625,-129.1317596435547,32548.384765625,4912.63232421875,-2042.7896728515625,-0.0,-0.0,-0.0,-0.0,-0.0,-0.0,0.0054168701171875,0.00560760498046875,0.0048828125,0.0074005126953125,0.006866455078125,0.00713348388671875,0.00591278076171875,0.01155853271484375,0.0023651123046875,0.0096893310546875,0.01377105712890625,0.00736236572265625,0.01636505126953125,0.0052642822265625,0.00324249267578125,0.0121307373046875,0.09796142578125,0.100860595703125,0.097808837890625,0.09613037109375,0.093841552734375,0.09185791015625,0.106964111328125,0.097198486328125,0.09979248046875,0.105438232421875,0.09918212890625,0.0921630859375,0.628662109375,0.9716796875,0.0238037109375,1.6064453125,5.584310531616211
189,0.0945,-0.0,-0.0,-0.0,-0.0,-0.0,-0.0,4.15514612197876,21.086191177368164,-486.383056640625,-138969.4375,25043.294921875,-1963.3519287109375,-3.9032745361328125,-22.015806198120117,-129.3876190185547,32327.26953125,4835.45458984375,-2097.392822265625,-0.0,-0.0,-0.0,-0.0,-0.0,-0.0,0.00484466552734375,0.0084686279296875,0.01186370849609375,0.01651763916015625,0.01251220703125,0.014190673828125,0.0095367431640625,0.02124786376953125,0.006256103515625,0.0127410888671875,0.02780914306640625,0.0131988525390625,0.01811981201171875,0.01033782958984375,0.00164031982421875,0.02696990966796875,0.102081298828125,0.0982666015625,0.089111328125,0.09246826171875,0.087890625,0.0946044921875,0.086669921875,0.10101318359375,0.091705322265625,0.0616455078125,0.09765625,0.099639892578125,0.6658935546875,1.162109375,-0.14495849609375,1.177825927734375,5.584310531616211
190,0.095,-0.0,-0.0,-0.0,-0.0,-0.0,-0.0,4.244273662567139,20.85651397705078,-486.1678466796875,-138763.703125,25132.111328125,-1955.7108154296875,-4.016042709350586,-22.01605224609375,-129.37547302246094,32119.2734375,4981.21728515625,-2029.122314453125,-0.0,-0.0,-0.0,-0.0,-0.0,-0.0,-0.00476837158203125,-0.00492095947265625,-0.00499725341796875,-0.00732421875,-0.00408172607421875,-0.0064849853515625,-0.00667572021484375,-0.00904083251953125,-0.003662109375,-0.0054931640625,-0.0156402587890625,-0.00835418701171875,-0.0146484375,-0.00640869140625,-0.0018310546875,-0.01255035400390625,0.09307861328125,0.0982666015625,0.096435546875,0.0897216796875,0.09765625,0.094146728515625,0.107574462890625,0.089569091796875,0.091705322265625,0.086212158203125,0.092620849609375,0.096893310546875,-0.389862060546875,-0.8001708984375,0.01861572265625,-1.50054931640625,4.974541664123535
191,0.0955,-0.0,-0.0,-0.0,-0.0,-0.0,-0.0,4.166012763977051,21.0726261138916,-486.478759765625,-139324.0,25008.44140625,-1930.697021484375,-4.158612251281738,-21.866300582885742,-127.99048614501953,32150.130859375,4889.9482421875,-2114.65869140625,-0.0,-0.0,-0.0,-0.0,-0.0,-0.0,-0.0093841552734375,-0.00858306884765625,-0.0115966796875,-0.01476287841796875,-0.00946044921875,-0.01392364501953125,-0.00888824462890625,-0.0228118896484375,-0.00789642333984375,-0.009307861328125,-0.021514892578125,-0.0122833251953125,-0.0177001953125,-0.01125335693359375,-0.0049591064453125,-0.027923583984375,0.097198486328125,0.1007080078125,0.09765625,0.098876953125,0.100555419921875,0.098419189453125,0.1068115234375,0.095062255859375,0.10223388671875,0.117034912109375,0.091552734375,0.093994140625,-0.18402099609375,-0.55999755859375,0.157470703125,-1.2677001953125,-0.8182606101036072
192,0.096,-0.0,-0.0,-0.0,-0.0,-0.0,-0.0,3.900611400604248,20.907724380493164,-485.817626953125,-138919.625,25086.662109375,-2014.1053466796875,-3.7258529663085938,-21.903778076171875,-128.83694458007812,32360.5390625,4871.66796875,-2101.749755859375,-0.0,-0.0,-0.0,-0.0,-0.0,-0.0,0.006256103515625,0.00392913818359375,0.007171630859375,0.008392333984375,0.004119873046875,0.00865936279296875,0.00659942626953125,0.01132965087890625,0.00431060791015625,0.005645751953125,0.01483917236328125,0.01018524169921875,0.0153350830078125,0.00774383544921875,0.0011444091796875,0.01323699951171875,0.108489990234375,0.1043701171875,0.101470947265625,0.10528564453125,0.121002197265625,0.106353759765625,0.11688232421875,0.102691650390625,0.10406494140625,0.131683349609375,0.10528564453125,0.10833740234375,0.577392578125,0.61126708984375,0.15869140625,1.663665771484375,4.974541664123535
193,0.0965,-0.0,-0.0,-0.0,-0.0,-0.0,-0.0,4.729531764984131,20.447490692138672,-486.78594970703125,-139095.125,24840.685546875,-2102.44189453125,-3.7127304077148438,-21.63724708557129,-128.8885955810547,32014.212890625,4696.6962890625,-2050.56689453125,-0.0,-0.0,-0.0,-0.0,-0.0,-0.0,0.0087738037109375,0.007476806640625,0.01262664794921875,0.01514434814453125,0.011444091796875,0.016021728515625,0.00911712646484375,0.02353668212890625,0.00522613525390625,0.01129150390625,0.02117156982421875,0.01216888427734375,0.01678466796875,0.010223388671875,0.0060272216796875,0.02712249755859375,0.095672607421875,0.101165771484375,0.095367431640625,0.100250244140625,0.106658935546875,0.10101318359375,0.10498046875,0.103302001953125,0.105438232421875,0.1068115234375,0.102996826171875,0.0970458984375,0.538330078125,0.49713134765625,-0.27313232421875,1.219329833984375,6.1940789222717285
194,0.097,-0.0,-0.0,-0.0,-0.0,-0.0,-0.0,4.473553657531738,21.034774780273438,-486.22955322265625,-139177.765625,25213.705078125,-2098.298095703125,-4.093710422515869,-21.601131439208984,-128.48779296875,32239.078125,4825.36767578125,-2144.208984375,-0.0,-0.0,-0.0,-0.0,-0.0,-0.0,-0.0067901611328125,-0.00335693359375,-0.0058746337890625,-0.0075531005859375,-0.0035858154296875,-0.0084686279296875,-0.0060272216796875,-0.01026153564453125,-0.00476837158203125,-0.0064849853515625,-0.01434326171875,-0.00885009765625,-0.012054443359375,-0.00385284423828125,-0.003662109375,-0.01293182373046875,0.0958251953125,0.098419189453125,0.098114013671875,0.102386474609375,0.077362060546875,0.09735107421875,0.099639892578125,0.098876953125,0.095977783203125,0.089111328125,0.095977783203125,0.094146728515625,-0.609283447265625,-0.70831298828125,0.05126953125,-1.015625,3.755004405975342
195,0.0975,-0.0,-0.0,-0.0,-0.0,-0.0,-0.0,4.434767723083496,20.70398712158203,-487.08612060546875,-139119.390625,25018.091796875,-2022.9189453125,-3.839620590209961,-21.67656898498535,-128.08534240722656,32110.65234375,5130.322265625,-2038.0721435546875,-0.0,-0.0,-0.0,-0.0,-0.0,-0.0,-0.0081634521484375,-0.00885009765625,-0.012054443359375,-0.01331329345703125,-0.009765625,-0.0131988525390625,-0.0084686279296875,-0.0229644775390625,-0.00640869140625,-0.0121307373046875,-0.0228118896484375,-0.012359619140625,-0.01476287841796875,-0.00762939453125,-0.0045013427734375,-0.0267791748046875,0.0927734375,0.097808837890625,0.102691650390625,0.099639892578125,0.099639892578125,0.09857177734375,0.089263916015625,0.095672607421875,0.09979248046875,0.110626220703125,0.09307861328125,0.09490966796875,-0.294036865234375,-0.51544189453125,0.394287109375,-0.784912109375,-0.5133762359619141
196,0.098,-0.0,-0.0,-0.0,-0.0,-0.0,-0.0,4.294829845428467,20.550914764404297,-486.73260498046875,-139177.953125,25034.591796875,-2081.437255859375,-3.6625683307647705,-21.52531623840332,-128.08860778808594,32290.599609375,4866.07568359375,-2105.763671875,-0.0,-0.0,-0.0,-0.0,-0.0,-0.0,0.00774383544921875,0.004730224609375,0.00568389892578125,0.009002685546875,0.00370025634765625,0.0107574462890625,0.00576019287109375,0.011138916015625,0.0031280517578125,0.0096893310546875,0.01728057861328125,0.00743865966796875,0.01476287841796875,0.00553131103515625,0.00335693359375,0.01361846923828125,0.09857177734375,0.098724365234375,0.095062255859375,0.1025390625,0.104827880859375,0.09979248046875,0.096893310546875,0.103607177734375,0.097503662109375,0.103912353515625,0.09735107421875,0.104522705078125,0.70526123046875,0.90240478515625,-0.0408935546875,1.643829345703125,7.108732223510742
197,0.0985,-0.0,-0.0,-0.0,-0.0,-0.0,-0.0,4.511439323425293,20.35999298095703,-486.32879638671875,-139282.25,24752.47265625,-2014.8179931640625,-3.9287211894989014,-21.79012107849121,-128.88656616210938,32192.591796875,5001.08984375,-2067.79345703125,-0.0,-0.0,-0.0,-0.0,-0.0,-0.0,0.00858306884765625,0.0090789794921875,0.01194000244140625,0.01522064208984375,0.01178741455078125,0.0131988525390625,0.0074005126953125,0.02201080322265625,0.00823974609375,0.01373291015625,0.0238037109375,0.01140594482421875,0.0119781494140625,0.01079559326171875,0.0032806396484375,0.02689361572265625,0.094757080078125,0.10101318359375,0.098419189453125,0.100250244140625,0.08148193359375,0.101776123046875,0.074462890625,0.10101318359375,0.104827880859375,0.1165771484375,0.097198486328125,0.093536376953125,0.720062255859375,0.79132080078125,-0.18890380859375,1.190948486328125,6.1940789222717285
198,0.099,-0.0,-0.0,-0.0,-0.0,-0.0,-0.0,4.181466579437256,20.550777435302734,-486.68194580078125,-139505.21875,25035.76953125,-2056.427978515625,-3.890833616256714,-21.828651428222656,-129.0360107421875,32119.556640625,5102.6103515625,-2059.29052734375,-0.0,-0.0,-0.0,-0.0,-0.0,-0.0,-0.00537872314453125,-0.00431060791015625,-0.006561279296875,-0.0077056884765625,-0.005035400390625,-0.00835418701171875,-0.00759124755859375,-0.01033782958984375,-0.00347137451171875,-0.0066375732421875,-0.0156402587890625,-0.0083160400390625,-0.0142669677734375,-0.00667572021484375,-0.0009918212890625,-0.01438140869140625,0.096588134765625,0.096893310546875,0.09552001953125,0.0933837890625,0.096282958984375,0.097503662109375,0.0970458984375,0.099639892578125,0.095672607421875,0.027923583984375,0.0994873046875,0.10284423828125,-0.343475341796875,-0.52215576171875,0.1544189453125,-1.518402099609375,4.974541664123535
199,0.0995,-0.0,-0.0,-0.0,-0.0,-0.0,-0.0,4.271295547485352,20.334033966064453,-488.7523193359375,-139406.890625,24832.34375,-1989.6224365234375,-3.915578842163086,-22.06817054748535,-128.83694458007812,32255.638671875,5109.88232421875,-2004.5408935546875,-0.0,-0.0,-0.0,-0.0,-0.0,-0.0,-0.0063323974609375,-0.0048828125,-0.011444091796875,-0.01583099365234375,-0.0110626220703125,-0.0139617919921875,-0.00576019287109375,-0.021514892578125,-0.00583648681640625,-0.01033782958984375,-0.023956298828125,-0.01056671142578125,-0.01678466796875,-0.00942230224609375,-0.00396728515625,-0.0270843505859375,0.104217529296875,0.106048583984375,0.10528564453125,0.100860595703125,0.1202392578125,0.10711669921875,0.1190185546875,0.10711669921875,0.1025390625,0.1336669921875,0.105438232421875,0.11474609375,-0.359649658203125,-0.86090087890625,0.73638916015625,-0.814361572265625,-8.135483741760254
200,0.1,-0.0,-0.0,-0.0,-0.0,-0.0,-0.0,4.600444316864014,20.206329345703125,-488.15045166015625,-139581.765625,24911.056640625,-2023.652099609375,-3.8772149085998535,-22.106367111206055,-128.734375,32247.51953125,5178.14794921875,-2055.191162109375,-0.0,-0.0,-0.0,-0.0,-0.0,-0.0,0.00293731689453125,0.005340576171875,0.00690460205078125,0.00858306884765625,0.00614166259765625,0.0064849853515625,0.00545501708984375,0.0130462646484375,0.00362396240234375,0.0070953369140625,0.0153350830078125,0.00484466552734375,0.01697540283203125,0.005950927734375,0.00316619873046875,0.014495849609375,0.098724365234375,0.0946044921875,0.093231201171875,0.099029541015625,0.10223388671875,0.09185791015625,0.10101318359375,0.093231201171875,0.10284423828125,0.110321044921875,0.097503662109375,0.12603759765625,0.49102783203125,0.3564453125,-0.2374267578125,1.42791748046875,1.9256983995437622
201,0.1005,-0.0,-0.0,-0.0,-0.0,-0.0,-0.0,4.344770908355713,20.550573348999023,-487.9419250488281,-139543.46875,24896.02734375,-2047.903564453125,-3.891242265701294,-22.38355827331543,-129.13873291015625,32150.615234375,4911.64697265625,-2144.263671875,-0.0,-0.0,-0.0,-0.0,-0.0,-0.0,0.00720977783203125,0.0064849853515625,0.01270294189453125,0.0165557861328125,0.01262664794921875,0.01384735107421875,0.00640869140625,0.0217437744140625,0.0075531005859375,0.01068115234375,0.02277374267578125,0.0121307373046875,0.0173187255859375,0.0107574462890625,0.0046539306640625,0.02559661865234375,0.09918212890625,0.1007080078125,0.0897216796875,0.10772705078125,0.10223388671875,0.091400146484375,0.106353759765625,0.094757080078125,0.099639892578125,0.096588134765625,0.1007080078125,0.07354736328125,0.602569580078125,0.821533203125,-0.2410888671875,1.02325439453125,5.279426097869873
202,0.101,-0.0,-0.0,-0.0,-0.0,-0.0,-0.0,4.511096477508545,19.991893768310547,-488.7425537109375,-139522.015625,25096.95703125,-2090.288818359375,-4.2845869064331055,-22.772512435913086,-128.63890075683594,32191.54296875,5256.125,-2178.293701171875,-0.0,-0.0,-0.0,-0.0,-0.0,-0.0,-0.0049591064453125,-0.00408172607421875,-0.00659942626953125,-0.0066375732421875,-0.00579833984375,-0.00640869140625,-0.00621795654296875,-0.01171112060546875,-0.00377655029296875,-0.006561279296875,-0.01262664794921875,-0.00629425048828125,-0.01323699951171875,-0.0049591064453125,-0.005340576171875,-0.01316070556640625,0.096588134765625,0.1007080078125,0.0994873046875,0.098419189453125,0.0982666015625,0.09063720703125,0.097808837890625,0.09918212890625,0.099029541015625,0.09246826171875,0.103302001953125,0.090179443359375,0.0146484375,-0.2294921875,0.467529296875,-1.244049072265625,2.8403513431549072
203,0.1015,-0.0,-0.0,-0.0,-0.0,-0.0,-0.0,4.5884504318237305,20.47308349609375,-487.94140625,-139617.515625,24910.46484375,-2118.054931640625,-4.192956924438477,-22.35710906982422,-129.09341430664062,32318.736328125,5168.22412109375,-2098.0068359375,-0.0,-0.0,-0.0,-0.0,-0.0,-0.0,-0.00759124755859375,-0.0086212158203125,-0.01102447509765625,-0.0154876708984375,-0.011138916015625,-0.012359619140625,-0.0091552734375,-0.02285003662109375,-0.00789642333984375,-0.01194000244140625,-0.021514892578125,-0.009918212890625,-0.01495361328125,-0.01056671142578125,-0.0034332275390625,-0.026702880859375,0.098876953125,0.0897216796875,0.10223388671875,0.09979248046875,0.108489990234375,0.09796142578125,0.088043212890625,0.09918212890625,0.097198486328125,0.1141357421875,0.095062255859375,0.099945068359375,-0.245513916015625,-0.52093505859375,0.43670654296875,-1.15447998046875,-0.8182606101036072
204,0.10200000000000001,-0.0,-0.0,-0.0,-0.0,-0.0,-0.0,4.600155353546143,20.108617782592773,-488.15618896484375,-139578.78125,24778.34765625,-2127.081298828125,-4.269740104675293,-22.26863670349121,-129.3233184814453,32454.74609375,5323.11083984375,-2114.839599609375,-0.0,-0.0,-0.0,-0.0,-0.0,-0.0,0.0037384033203125,0.004730224609375,0.00698089599609375,0.00766754150390625,0.00743865966796875,0.00667572021484375,0.00640869140625,0.01216888427734375,0.00339508056640625,0.0083160400390625,0.01277923583984375,0.00637054443359375,0.0164794921875,0.0046539306640625,0.0040435791015625,0.0135040283203125,0.093536376953125,0.098419189453125,0.09552001953125,0.100860595703125,0.10009765625,0.09796142578125,0.0860595703125,0.093994140625,0.09918212890625,0.103759765625,0.096893310546875,0.10711669921875,0.67047119140625,0.27496337890625,-0.0677490234375,1.3763427734375,3.145235776901245
205,0.10250000000000001,-0.0,-0.0,-0.0,-0.0,-0.0,-0.0,4.774237632751465,20.154979705810547,-488.6472473144531,-139675.453125,24638.18359375,-2073.71435546875,-4.196490287780762,-22.8139591217041,-128.549072265625,32352.275390625,5207.96142578125,-2148.440673828125,-0.0,-0.0,-0.0,-0.0,-0.0,-0.0,0.00751495361328125,0.008087158203125,0.009765625,0.01575469970703125,0.01007080078125,0.01346588134765625,0.00843048095703125,0.02376556396484375,0.00751495361328125,0.010223388671875,0.0234222412109375,0.0087738037109375,0.01605987548828125,0.00988006591796875,0.00335693359375,0.02727508544921875,0.095367431640625,0.0982666015625,0.097198486328125,0.099334716796875,0.08941650390625,0.097808837890625,0.107421875,0.10528564453125,0.10162353515625,0.083770751953125,0.107269287109375,0.09765625,0.506439208984375,0.8392333984375,-0.3955078125,1.292572021484375,4.05988883972168
206,0.10300000000000001,-0.0,-0.0,-0.0,-0.0,-0.0,-0.0,4.394023895263672,19.592483520507812,-488.5120849609375,-139630.203125,24848.453125,-2149.06689453125,-4.3968586921691895,-22.82550621032715,-129.0338592529297,32419.216796875,4966.974609375,-2153.874755859375,-0.0,-0.0,-0.0,-0.0,-0.0,-0.0,-0.003204345703125,-0.00408172607421875,-0.00438690185546875,-0.00804901123046875,-0.005645751953125,-0.0070953369140625,-0.00492095947265625,-0.01155853271484375,-0.00423431396484375,-0.0079345703125,-0.01262664794921875,-0.00377655029296875,-0.0147247314453125,-0.00457763671875,-0.003509521484375,-0.01373291015625,0.099945068359375,0.110015869140625,0.10406494140625,0.106201171875,0.123748779296875,0.10498046875,0.093536376953125,0.1068115234375,0.110931396484375,0.162200927734375,0.10101318359375,0.1092529296875,-0.332794189453125,-0.19866943359375,0.33233642578125,-0.82183837890625,3.755004405975342
207,0.10350000000000001,-0.0,-0.0,-0.0,-0.0,-0.0,-0.0,4.471742153167725,20.020719528198242,-487.9402770996094,-139620.9375,24767.939453125,-2115.8203125,-3.814563751220703,-23.11286735534668,-131.281005859375,32374.439453125,5207.02294921875,-2174.058349609375,-0.0,-0.0,-0.0,-0.0,-0.0,-0.0,-0.0072479248046875,-0.007476806640625,-0.01194000244140625,-0.01537322998046875,-0.01216888427734375,-0.01300811767578125,-0.0070953369140625,-0.01956939697265625,-0.00553131103515625,-0.0138092041015625,-0.0214385986328125,-0.0133514404296875,-0.01613616943359375,-0.0107574462890625,-0.00431060791015625,-0.0251007080078125,0.096588134765625,0.09796142578125,0.093536376953125,0.09552001953125,0.10650634765625,0.104217529296875,0.1025390625,0.089111328125,0.0970458984375,0.10406494140625,0.094451904296875,0.08026123046875,-0.694122314453125,-0.8642578125,0.2850341796875,-1.07940673828125,-0.8182606101036072
208,0.10400000000000001,-0.0,-0.0,-0.0,-0.0,-0.0,-0.0,4.349098205566406,19.864980697631836,-487.60955810546875,-139750.8125,24723.578125,-2123.233642578125,-4.0529985427856445,-23.50462532043457,-129.86280822753906,32316.970703125,5193.443359375,-2179.875732421875,-0.0,-0.0,-0.0,-0.0,-0.0,-0.0,0.00423431396484375,0.0052642822265625,0.00675201416015625,0.00797271728515625,0.005950927734375,0.0079345703125,0.0061798095703125,0.01354217529296875,0.00293731689453125,0.0069427490234375,0.016632080078125,0.007781982421875,0.01522064208984375,0.00579833984375,0.00244140625,0.01552581787109375,0.095977783203125,0.102386474609375,0.097198486328125,0.09521484375,0.10498046875,0.10040283203125,0.107421875,0.09857177734375,0.092315673828125,0.121917724609375,0.098114013671875,0.09246826171875,0.3948974609375,0.33599853515625,0.19866943359375,1.41021728515625,6.1940789222717285
209,0.1045,-0.0,-0.0,-0.0,-0.0,-0.0,-0.0,4.477773666381836,19.776016235351562,-487.45660400390625,-139493.25,24425.990234375,-2114.043701171875,-4.158466339111328,-23.377424240112305,-130.47271728515625,32355.65234375,5271.3837890625,-2294.657470703125,-0.0,-0.0,-0.0,-0.0,-0.0,-0.0,0.00736236572265625,0.0084686279296875,0.0110626220703125,0.0159454345703125,0.01071929931640625,0.0152587890625,0.0089263916015625,0.02292633056640625,0.00614166259765625,0.0102996826171875,0.02407073974609375,0.00659942626953125,0.01712799072265625,0.01125335693359375,0.003662109375,0.02716064453125,0.0982666015625,0.09918212890625,0.099334716796875,0.093231201171875,0.092620849609375,0.097198486328125,0.07232666015625,0.096435546875,0.106353759765625,0.057220458984375,0.099945068359375,0.09307861328125,0.42510986328125,1.10992431640625,-0.679931640625,1.15203857421875,5.584310531616211
210,0.105,-0.0,-0.0,-0.0,-0.0,-0.0,-0.0,4.560569763183594,19.786949157714844,-486.01849365234375,-138949.265625,24370.94921875,-2156.053466796875,-4.041757106781006,-23.482784271240234,-131.08511352539062,32572.73828125,5317.73388671875,-2200.355712890625,-0.0,-0.0,-0.0,-0.0,-0.0,-0.0,-0.0031280517578125,-0.004425048828125,-0.00705718994140625,-0.00782012939453125,-0.004119873046875,-0.006866455078125,-0.00438690185546875,-0.01285552978515625,-0.002593994140625,-0.00507354736328125,-0.012969970703125,-0.00457763671875,-0.01697540283203125,-0.0052642822265625,-0.002593994140625,-0.014495849609375,0.09918212890625,0.099639892578125,0.0970458984375,0.092010498046875,0.085296630859375,0.094146728515625,0.114898681640625,0.09796142578125,0.099029541015625,0.080718994140625,0.101318359375,0.0946044921875,-0.133056640625,0.352783203125,0.27008056640625,-1.262054443359375,1.6208140850067139
211,0.1055,-0.0,-0.0,-0.0,-0.0,-0.0,-0.0,4.328577518463135,19.708494186401367,-484.1673889160156,-138785.046875,24278.33203125,-2068.235595703125,-3.998948097229004,-24.150663375854492,-130.7362518310547,32860.5234375,5196.51611328125,-2283.635986328125,-0.0,-0.0,-0.0,-0.0,-0.0,-0.0,-0.0057220458984375,-0.0066375732421875,-0.01232147216796875,-0.01651763916015625,-0.01010894775390625,-0.0138092041015625,-0.00896453857421875,-0.02170562744140625,-0.00518798828125,-0.0118255615234375,-0.022735595703125,-0.01129150390625,-0.0180816650390625,-0.0113677978515625,-0.0032806396484375,-0.02628326416015625,0.09765625,0.10162353515625,0.092315673828125,0.09490966796875,0.08514404296875,0.09246826171875,0.10040283203125,0.093841552734375,0.11627197265625,0.09490966796875,0.09735107421875,0.092926025390625,-0.859375,-0.7928466796875,0.35186767578125,-1.275787353515625,-2.647566556930542
212,0.106,-0.0,-0.0,-0.0,-0.0,-0.0,-0.0,4.589075565338135,19.716079711914062,-484.01226806640625,-138666.796875,24180.884765625,-2132.669189453125,-4.052137851715088,-24.161224365234375,-132.56521606445312,33095.015625,5277.79443359375,-2246.892822265625,-0.0,-0.0,-0.0,-0.0,-0.0,-0.0,0.006256103515625,0.00415802001953125,0.0061798095703125,0.00957489013671875,0.00640869140625,0.01010894775390625,0.00789642333984375,0.01033782958984375,0.00629425048828125,0.00659942626953125,0.01728057861328125,0.00484466552734375,0.01552581787109375,0.0072479248046875,0.001678466796875,0.0157928466796875,0.100860595703125,0.0994873046875,0.100860595703125,0.10711669921875,0.08880615234375,0.10284423828125,0.0994873046875,0.101165771484375,0.09796142578125,0.094451904296875,0.09735107421875,0.10528564453125,0.290374755859375,0.1739501953125,-0.0225830078125,1.24481201171875,6.1940789222717285
213,0.1065,-0.0,-0.0,-0.0,-0.0,-0.0,-0.0,4.707312107086182,19.648046493530273,-482.36126708984375,-138220.1875,24273.1328125,-2032.135009765625,-4.111965656280518,-24.337812423706055,-134.03318786621094,32983.68359375,5203.01708984375,-2171.095703125,-0.0,-0.0,-0.0,-0.0,-0.0,-0.0,0.00881195068359375,0.008087158203125,0.01056671142578125,0.0157928466796875,0.0098419189453125,0.0145721435546875,0.00804901123046875,0.02193450927734375,0.00827789306640625,0.01224517822265625,0.0232696533203125,0.0121307373046875,0.01583099365234375,0.0091552734375,0.00484466552734375,0.0266265869140625,0.1043701171875,0.103759765625,0.102996826171875,0.1068115234375,0.09429931640625,0.108489990234375,0.10406494140625,0.097198486328125,0.084381103515625,0.10986328125,0.10833740234375,0.112457275390625,0.613861083984375,0.91644287109375,-0.07171630859375,1.6949462890625,-6.915947437286377
214,0.107,-0.0,-0.0,-0.0,-0.0,-0.0,-0.0,4.6784234046936035,19.36024284362793,-481.77191162109375,-137836.3125,23944.833984375,-2149.327880859375,-3.7258529663085938,-25.083358764648438,-134.73214721679688,33347.5546875,5529.07568359375,-2302.838623046875,-0.0,-0.0,-0.0,-0.0,-0.0,-0.0,-0.00522613525390625,-0.00514984130859375,-0.00606536865234375,-0.00942230224609375,-0.0041961669921875,-0.00946044921875,-0.0040435791015625,-0.01194000244140625,-0.00408172607421875,-0.0060272216796875,-0.0160980224609375,-0.0072479248046875,-0.0147247314453125,-0.0063323974609375,-0.00255584716796875,-0.015869140625,0.098724365234375,0.0982666015625,0.098724365234375,0.102081298828125,0.0897216796875,0.095367431640625,0.110015869140625,0.101776123046875,0.103759765625,0.089111328125,0.106964111328125,0.1025390625,-0.177764892578125,-0.08758544921875,-0.14678955078125,-1.0321044921875,8.023386001586914
215,0.1075,-0.0,-0.0,-0.0,-0.0,-0.0,-0.0,4.352079391479492,19.212671279907227,-479.7748718261719,-137707.6875,24060.23828125,-2084.576904296875,-3.8931243419647217,-25.672607421875,-136.71282958984375,33667.16796875,5313.39892578125,-2201.034423828125,-0.0,-0.0,-0.0,-0.0,-0.0,-0.0,-0.0072479248046875,-0.00690460205078125,-0.01262664794921875,-0.01483917236328125,-0.01194000244140625,-0.0128936767578125,-0.00888824462890625,-0.02094268798828125,-0.00652313232421875,-0.011138916015625,-0.02170562744140625,-0.01140594482421875,-0.01613616943359375,-0.01132965087890625,-0.0045013427734375,-0.025482177734375,0.09552001953125,0.091400146484375,0.095062255859375,0.10406494140625,0.1019287109375,0.09857177734375,0.083160400390625,0.09796142578125,0.088348388671875,0.136260986328125,0.095367431640625,0.10345458984375,-0.874481201171875,-0.78887939453125,0.59326171875,-1.14227294921875,0.7061610817909241
216,0.108,-0.0,-0.0,-0.0,-0.0,-0.0,-0.0,4.5793256759643555,19.2221622467041,-477.9299621582031,-137422.765625,23843.365234375,-2094.212890625,-3.686504364013672,-26.0449275970459,-136.59710693359375,33746.2421875,5331.40625,-2336.190185546875,-0.0,-0.0,-0.0,-0.0,-0.0,-0.0,0.006256103515625,0.00377655029296875,0.0077056884765625,0.007171630859375,0.0067138671875,0.007476806640625,0.00629425048828125,0.01239776611328125,0.002593994140625,0.008087158203125,0.01522064208984375,0.0072479248046875,0.01667022705078125,0.0052642822265625,0.00255584716796875,0.0154876708984375,0.0958251953125,0.09796142578125,0.09613037109375,0.097198486328125,0.06866455078125,0.102386474609375,0.104522705078125,0.095977783203125,0.102081298828125,0.06072998046875,0.0982666015625,0.09918212890625,0.437164306640625,0.05279541015625,0.0946044921875,1.382598876953125,4.974541664123535
217,0.1085,-0.0,-0.0,-0.0,-0.0,-0.0,-0.0,4.6687846183776855,18.806514739990234,-478.0095520019531,-137398.515625,23737.740234375,-2195.251220703125,-3.70615553855896,-26.535764694213867,-137.83721923828125,33899.08984375,5317.66357421875,-2214.406982421875,-0.0,-0.0,-0.0,-0.0,-0.0,-0.0,0.00843048095703125,0.0063323974609375,0.0112152099609375,0.01506805419921875,0.010986328125,0.01300811767578125,0.00827789306640625,0.0229644775390625,0.00644683837890625,0.01003265380859375,0.02410888671875,0.0104522705078125,0.0144195556640625,0.009613037109375,0.0040435791015625,0.02559661865234375,0.103607177734375,0.10009765625,0.1007080078125,0.094451904296875,0.112762451171875,0.0946044921875,0.102996826171875,0.098724365234375,0.08209228515625,0.110321044921875,0.088653564453125,0.088043212890625,0.554351806640625,1.1407470703125,-0.185546875,1.273956298828125,6.498963356018066
218,0.109,-0.0,-0.0,-0.0,-0.0,-0.0,-0.0,4.233424663543701,18.676889419555664,-477.7722473144531,-137503.09375,23789.99609375,-2198.41943359375,-3.4894652366638184,-26.879405975341797,-138.14697265625,34152.765625,5568.9072265625,-2221.083740234375,-0.0,-0.0,-0.0,-0.0,-0.0,-0.0,-0.0055694580078125,-0.00492095947265625,-0.0060272216796875,-0.0090789794921875,-0.0054168701171875,-0.0090789794921875,-0.00644683837890625,-0.0118255615234375,-0.00446319580078125,-0.0070953369140625,-0.0135040283203125,-0.00682830810546875,-0.01590728759765625,-0.00598907470703125,-0.00339508056640625,-0.015716552734375,0.099029541015625,0.09490966796875,0.100555419921875,0.111541748046875,0.08819580078125,0.100250244140625,0.0970458984375,0.099029541015625,0.124053955078125,0.063018798828125,0.10009765625,0.08697509765625,-0.18035888671875,0.2093505859375,-0.0323486328125,-0.890350341796875,2.5354671478271484
219,0.1095,-0.0,-0.0,-0.0,-0.0,-0.0,-0.0,4.767969131469727,18.5487003326416,-476.200439453125,-137540.75,23617.818359375,-2266.9765625,-3.0653178691864014,-27.537267684936523,-139.69839477539062,34557.47265625,5431.6494140625,-2207.520751953125,-0.0,-0.0,-0.0,-0.0,-0.0,-0.0,-0.006866455078125,-0.0077056884765625,-0.00965118408203125,-0.01430511474609375,-0.009613037109375,-0.01255035400390625,-0.0092315673828125,-0.02185821533203125,-0.0067138671875,-0.01041412353515625,-0.02414703369140625,-0.01338958740234375,-0.01552581787109375,-0.0092315673828125,-0.00354766845703125,-0.0249481201171875,0.100555419921875,0.105743408203125,0.094757080078125,0.120391845703125,0.09185791015625,0.088958740234375,0.066986083984375,0.09429931640625,0.09552001953125,0.061492919921875,0.099029541015625,0.0775146484375,-0.136871337890625,-0.9197998046875,0.37841796875,-1.2384033203125,-1.732913613319397
220,0.11,-0.0,-0.0,-0.0,-0.0,-0.0,-0.0,4.955900192260742,18.91449546813965,-476.36505126953125,-137014.21875,23440.00390625,-2120.51904296875,-3.272859573364258,-27.68414878845215,-140.00979614257812,34748.53125,5354.95751953125,-2362.2880859375,-0.0,-0.0,-0.0,-0.0,-0.0,-0.0,0.00629425048828125,0.00400543212890625,0.0074005126953125,0.00946044921875,0.007476806640625,0.0086212158203125,0.00762939453125,0.01186370849609375,0.00530242919921875,0.006866455078125,0.0157928466796875,0.01041412353515625,0.01590728759765625,0.0067901611328125,0.0037384033203125,0.01636505126953125,0.102081298828125,0.107421875,0.10406494140625,0.079803466796875,0.10528564453125,0.103912353515625,0.110321044921875,0.10040283203125,0.1092529296875,0.105743408203125,0.10345458984375,0.10528564453125,0.419921875,-0.00579833984375,0.3857421875,1.182708740234375,7.413616180419922
221,0.1105,-0.0,-0.0,-0.0,-0.0,-0.0,-0.0,4.768099784851074,18.440675735473633,-475.1851501464844,-136785.765625,23243.76953125,-2260.085205078125,-3.3033249378204346,-28.479097366333008,-141.75555419921875,34699.8125,5528.19775390625,-2339.770263671875,-0.0,-0.0,-0.0,-0.0,-0.0,-0.0,0.00843048095703125,0.00751495361328125,0.012054443359375,0.01583099365234375,0.0089263916015625,0.01216888427734375,0.0069427490234375,0.020904541015625,0.00713348388671875,0.01056671142578125,0.025634765625,0.0103759765625,0.0174713134765625,0.00965118408203125,0.0032806396484375,0.02513885498046875,0.0909423828125,0.100250244140625,0.099945068359375,0.095977783203125,0.122222900390625,0.092315673828125,0.08941650390625,0.103607177734375,0.091705322265625,0.104217529296875,0.1007080078125,0.100860595703125,0.680694580078125,1.1297607421875,-0.28533935546875,1.3653564453125,5.889194965362549
222,0.111,-0.0,-0.0,-0.0,-0.0,-0.0,-0.0,5.165050506591797,18.4625301361084,-474.21185302734375,-136240.765625,23221.623046875,-2270.149658203125,-3.4780545234680176,-28.262939453125,-142.6103973388672,35016.55078125,5570.85986328125,-2299.9140625,-0.0,-0.0,-0.0,-0.0,-0.0,-0.0,-0.003509521484375,-0.00621795654296875,-0.00675201416015625,-0.00835418701171875,-0.0064849853515625,-0.0069427490234375,-0.00888824462890625,-0.01251220703125,-0.003204345703125,-0.00988006591796875,-0.01132965087890625,-0.01125335693359375,-0.01514434814453125,-0.00675201416015625,-0.0014495849609375,-0.014801025390625,0.100860595703125,0.1007080078125,0.097503662109375,0.09490966796875,0.14007568359375,0.09429931640625,0.097198486328125,0.099029541015625,0.084991455078125,0.104522705078125,0.097198486328125,0.103607177734375,-0.2099609375,0.14556884765625,0.0286865234375,-0.884857177734375,2.5354671478271484
223,0.1115,-0.0,-0.0,-0.0,-0.0,-0.0,-0.0,5.223325729370117,18.49005126953125,-473.3325500488281,-135821.328125,22860.056640625,-2227.713134765625,-3.184558153152466,-29.07052993774414,-144.94810485839844,35392.75,5709.9931640625,-2485.086181640625,-0.0,-0.0,-0.0,-0.0,-0.0,-0.0,-0.00675201416015625,-0.00843048095703125,-0.0115203857421875,-0.01495361328125,-0.0095367431640625,-0.01300811767578125,-0.00591278076171875,-0.02193450927734375,-0.00461578369140625,-0.00904083251953125,-0.0222015380859375,-0.01399993896484375,-0.0160980224609375,-0.0089263916015625,-0.004425048828125,-0.0246429443359375,0.1025390625,0.09552001953125,0.093841552734375,0.09552001953125,0.06256103515625,0.095977783203125,0.104217529296875,0.096435546875,0.092010498046875,0.110015869140625,0.09613037109375,0.09735107421875,-0.265350341796875,-0.89111328125,0.37933349609375,-0.909423828125,-1.1231448650360107
224,0.112,-0.0,-0.0,-0.0,-0.0,-0.0,-0.0,5.4596686363220215,18.53912353515625,-470.94781494140625,-135456.203125,22571.36328125,-2264.238037109375,-3.2334821224212646,-29.66720199584961,-145.21194458007812,35719.53125,5585.12451171875,-2405.24951171875,-0.0,-0.0,-0.0,-0.0,-0.0,-0.0,0.005340576171875,0.00396728515625,0.008087158203125,0.00949859619140625,0.0074005126953125,0.008087158203125,0.00598907470703125,0.01316070556640625,0.0055694580078125,0.00476837158203125,0.01644134521484375,0.00988006591796875,0.0147247314453125,0.00568389892578125,0.0043487548828125,0.0162506103515625,0.097808837890625,0.0994873046875,0.094757080078125,0.096435546875,0.08880615234375,0.103607177734375,0.093536376953125,0.099639892578125,0.097503662109375,0.103759765625,0.0982666015625,0.091705322265625,-0.149688720703125,0.31402587890625,0.35491943359375,0.85723876953125,5.584310531616211
225,0.1125,-0.0,-0.0,-0.0,-0.0,-0.0,-0.0,5.482072353363037,18.46396827697754,-468.19195556640625,-134790.140625,22381.697265625,-2333.162109375,-3.2510807514190674,-30.51078224182129,-147.061767578125,36071.32421875,5875.53662109375,-2558.24072265625,-0.0,-0.0,-0.0,-0.0,-0.0,-0.0,0.00545501708984375,0.00640869140625,0.0106048583984375,0.014495849609375,0.0116729736328125,0.01384735107421875,0.00835418701171875,0.0209808349609375,0.00865936279296875,0.011138916015625,0.02208709716796875,0.00804901123046875,0.014190673828125,0.00980377197265625,0.00415802001953125,0.0260162353515625,0.095672607421875,0.096282958984375,0.100250244140625,0.105133056640625,0.10162353515625,0.103912353515625,0.091094970703125,0.091400146484375,0.09674072265625,0.093994140625,0.100250244140625,0.100555419921875,0.449981689453125,1.02294921875,-0.26519775390625,1.26495361328125,5.584310531616211
226,0.113,-0.0,-0.0,-0.0,-0.0,-0.0,-0.0,5.74111795425415,18.58800506591797,-467.1202697753906,-134631.75,22287.5234375,-2368.12109375,-3.264997959136963,-31.243247985839844,-150.29273986816406,36289.0234375,5954.37255859375,-2553.764892578125,-0.0,-0.0,-0.0,-0.0,-0.0,-0.0,-0.00453948974609375,-0.00522613525390625,-0.00690460205078125,-0.00782012939453125,-0.0072479248046875,-0.0074005126953125,-0.00766754150390625,-0.0125885009765625,-0.0046539306640625,-0.00698089599609375,-0.01491546630859375,-0.01049041748046875,-0.0138092041015625,-0.006103515625,-0.00347137451171875,-0.016632080078125,0.10223388671875,0.098419189453125,0.098114013671875,0.104827880859375,0.08209228515625,0.10284423828125,0.0994873046875,0.095062255859375,0.120391845703125,0.07598876953125,0.096282958984375,0.10284423828125,-0.077972412109375,-0.17425537109375,-0.1123046875,-0.601806640625,1.6208140850067139
227,0.1135,-0.0,-0.0,-0.0,-0.0,-0.0,-0.0,5.717962265014648,18.239891052246094,-464.5914001464844,-134138.484375,21995.431640625,-2488.172119140625,-3.3965134620666504,-31.636091232299805,-152.33047485351562,36846.76953125,5895.2158203125,-2502.23046875,-0.0,-0.0,-0.0,-0.0,-0.0,-0.0,-0.00743865966796875,-0.00988006591796875,-0.010223388671875,-0.01415252685546875,-0.01007080078125,-0.01277923583984375,-0.00705718994140625,-0.0197601318359375,-0.00499725341796875,-0.00766754150390625,-0.02201080322265625,-0.00911712646484375,-0.01529693603515625,-0.00946044921875,-0.00423431396484375,-0.025177001953125,0.11260986328125,0.10406494140625,0.09552001953125,0.10101318359375,0.091705322265625,0.10711669921875,0.107879638671875,0.104522705078125,0.122528076171875,0.06683349609375,0.139923095703125,0.113372802734375,-0.260162353515625,-0.90423583984375,0.63201904296875,-1.094207763671875,0.09639240801334381
228,0.114,-0.0,-0.0,-0.0,-0.0,-0.0,-0.0,5.896230697631836,17.802339553833008,-465.0108947753906,-134137.09375,21856.2421875,-2499.478515625,-3.2102866172790527,-33.23389434814453,-154.1668701171875,37368.64453125,6022.42431640625,-2499.7119140625,-0.0,-0.0,-0.0,-0.0,-0.0,-0.0,0.00308990478515625,0.00720977783203125,0.00606536865234375,0.00972747802734375,0.00682830810546875,0.0077056884765625,0.00789642333984375,0.013580322265625,0.00396728515625,0.00640869140625,0.01361846923828125,0.0067901611328125,0.01438140869140625,0.00591278076171875,0.00244140625,0.015869140625,0.09857177734375,0.09613037109375,0.101165771484375,0.099639892578125,0.086517333984375,0.104522705078125,0.096588134765625,0.11474609375,0.07110595703125,0.1129150390625,0.124969482421875,0.09857177734375,-0.052032470703125,-0.003662109375,-0.0579833984375,0.771636962890625,7.71850061416626
229,0.1145,-0.0,-0.0,-0.0,-0.0,-0.0,-0.0,6.066314697265625,17.80963706970215,-464.2387390136719,-133806.375,21688.97265625,-2459.32568359375,-3.064642906188965,-33.97199630737305,-155.11679077148438,37350.2109375,6337.86328125,-2551.2177734375,-0.0,-0.0,-0.0,-0.0,-0.0,-0.0,0.00736236572265625,0.0070953369140625,0.01132965087890625,0.0146484375,0.0095367431640625,0.013885498046875,0.0069427490234375,0.0213623046875,0.00644683837890625,0.0118255615234375,0.0241851806640625,0.00957489013671875,0.016021728515625,0.01010894775390625,0.0041961669921875,0.02410888671875,0.09796142578125,0.1019287109375,0.0933837890625,0.087127685546875,0.0970458984375,0.098724365234375,0.087890625,0.07110595703125,0.114898681640625,0.09429931640625,0.10833740234375,0.090789794921875,0.71319580078125,1.03271484375,-0.34423828125,1.385040283203125,4.669657230377197
230,0.115,-0.0,-0.0,-0.0,-0.0,-0.0,-0.0,5.9934892654418945,17.882728576660156,-463.6933288574219,-133822.765625,21694.90625,-2499.11865234375,-3.500037670135498,-34.72650909423828,-157.2133331298828,37915.3671875,6261.1845703125,-2656.81103515625,-0.0,-0.0,-0.0,-0.0,-0.0,-0.0,-0.00560760498046875,-0.00415802001953125,-0.00659942626953125,-0.00957489013671875,-0.00518798828125,-0.00972747802734375,-0.00537872314453125,-0.01155853271484375,-0.00484466552734375,-0.00675201416015625,-0.0140380859375,-0.00720977783203125,-0.01506805419921875,-0.00537872314453125,-0.00209808349609375,-0.0164794921875,0.103302001953125,0.09918212890625,0.09674072265625,0.099639892578125,0.10986328125,0.100250244140625,0.107269287109375,0.108184814453125,0.091552734375,0.07720947265625,0.10498046875,0.090484619140625,-0.161590576171875,0.247802734375,0.159912109375,-0.6256103515625,3.145235776901245
231,0.1155,-0.0,-0.0,-0.0,-0.0,-0.0,-0.0,5.93647575378418,17.47750473022461,-462.72869873046875,-133510.609375,21535.603515625,-2616.435791015625,-3.0321035385131836,-35.64176940917969,-158.4521026611328,38290.97265625,6519.89404296875,-2813.12890625,-0.0,-0.0,-0.0,-0.0,-0.0,-0.0,-0.0063323974609375,-0.00629425048828125,-0.01071929931640625,-0.01285552978515625,-0.010223388671875,-0.01209259033203125,-0.0072479248046875,-0.0211334228515625,-0.0078582763671875,-0.0096893310546875,-0.0214385986328125,-0.00896453857421875,-0.01495361328125,-0.00980377197265625,-0.0034332275390625,-0.023345947265625,0.091400146484375,0.097198486328125,0.097808837890625,0.101776123046875,0.0994873046875,0.091400146484375,0.117034912109375,0.08056640625,0.11016845703125,0.0628662109375,0.096282958984375,0.090179443359375,-0.127410888671875,-0.61859130859375,0.59295654296875,-1.35650634765625,-2.95245099067688
232,0.116,-0.0,-0.0,-0.0,-0.0,-0.0,-0.0,6.081947326660156,17.186548233032227,-461.3212890625,-133260.125,21489.220703125,-2544.93115234375,-3.0566062927246094,-36.444393157958984,-160.26058959960938,38564.83984375,6498.18701171875,-2754.044921875,-0.0,-0.0,-0.0,-0.0,-0.0,-0.0,0.00446319580078125,0.004425048828125,0.00675201416015625,0.00843048095703125,0.00736236572265625,0.00850677490234375,0.0069427490234375,0.0141143798828125,0.0023651123046875,0.00762939453125,0.010986328125,0.0090789794921875,0.0162506103515625,0.0055694580078125,0.0042724609375,0.01499176025390625,0.105743408203125,0.100860595703125,0.09246826171875,0.103607177734375,0.1031494140625,0.0927734375,0.099639892578125,0.10223388671875,0.06622314453125,0.10711669921875,0.098724365234375,0.09307861328125,0.1824951171875,-0.14892578125,0.25421142578125,0.848846435546875,11.07222843170166
233,0.1165,-0.0,-0.0,-0.0,-0.0,-0.0,-0.0,6.326295852661133,17.19704818725586,-461.50531005859375,-133046.890625,21353.822265625,-2478.17724609375,-2.983311414718628,-37.408050537109375,-161.0580291748047,38858.43359375,6766.83935546875,-2756.8291015625,-0.0,-0.0,-0.0,-0.0,-0.0,-0.0,0.00782012939453125,0.00827789306640625,0.01087188720703125,0.01522064208984375,0.01064300537109375,0.012359619140625,0.00789642333984375,0.0183868408203125,0.006866455078125,0.008544921875,0.02407073974609375,0.00965118408203125,0.01789093017578125,0.009918212890625,0.00476837158203125,0.026397705078125,0.092315673828125,0.091552734375,0.098419189453125,0.09918212890625,0.11810302734375,0.098876953125,0.100250244140625,0.09552001953125,0.088653564453125,0.11627197265625,0.096588134765625,0.0927734375,0.720672607421875,1.0198974609375,-0.3302001953125,1.59393310546875,7.108732223510742
234,0.117,-0.0,-0.0,-0.0,-0.0,-0.0,-0.0,5.977104187011719,17.242965698242188,-456.66168212890625,-132545.578125,21132.86328125,-2473.035888671875,-2.894437789916992,-37.89000701904297,-163.43270874023438,39486.51171875,6893.69287109375,-2950.949951171875,-0.0,-0.0,-0.0,-0.0,-0.0,-0.0,-0.003814697265625,-0.00457763671875,-0.00644683837890625,-0.00858306884765625,-0.005340576171875,-0.008544921875,-0.0052642822265625,-0.0122833251953125,-0.00385284423828125,-0.0077056884765625,-0.01445770263671875,-0.0060272216796875,-0.01338958740234375,-0.006103515625,-0.0020599365234375,-0.016632080078125,0.1043701171875,0.105438232421875,0.10498046875,0.101470947265625,0.126190185546875,0.109405517578125,0.0970458984375,0.109405517578125,0.092926025390625,0.095977783203125,0.124664306640625,0.0970458984375,0.113067626953125,0.025634765625,0.19927978515625,-0.26702880859375,-2.0377979278564453
235,0.11750000000000001,-0.0,-0.0,-0.0,-0.0,-0.0,-0.0,6.114615440368652,16.529996871948242,-454.86651611328125,-132233.75,20891.923828125,-2505.314453125,-3.0161666870117188,-38.563480377197266,-163.8829345703125,39482.625,7088.201171875,-2870.8037109375,-0.0,-0.0,-0.0,-0.0,-0.0,-0.0,-0.007476806640625,-0.006561279296875,-0.011444091796875,-0.01537322998046875,-0.00995635986328125,-0.01384735107421875,-0.006561279296875,-0.01926422119140625,-0.00408172607421875,-0.0113677978515625,-0.021514892578125,-0.01148223876953125,-0.01522064208984375,-0.01079559326171875,-0.005645751953125,-0.02490997314453125,0.10040283203125,0.099639892578125,0.09674072265625,0.107879638671875,0.113372802734375,0.095672607421875,0.099639892578125,0.104522705078125,0.120849609375,0.066986083984375,0.2166748046875,0.097198486328125,-0.84197998046875,-0.8154296875,0.15899658203125,-1.20269775390625,-1.1231448650360107
236,0.11800000000000001,-0.0,-0.0,-0.0,-0.0,-0.0,-0.0,5.9216413497924805,16.4072265625,-455.0580139160156,-132175.71875,20971.419921875,-2514.00439453125,-2.8939859867095947,-39.038185119628906,-164.799560546875,39605.8515625,7126.65576171875,-2971.097900390625,-0.0,-0.0,-0.0,-0.0,-0.0,-0.0,0.00736236572265625,0.00522613525390625,0.0089263916015625,0.00946044921875,0.00522613525390625,0.00949859619140625,0.00484466552734375,0.0147247314453125,0.0049591064453125,0.007476806640625,0.0160980224609375,0.00621795654296875,0.01758575439453125,0.0058746337890625,0.004730224609375,0.0168609619140625,0.099639892578125,0.090789794921875,0.10040283203125,0.10406494140625,0.073394775390625,0.09857177734375,0.091094970703125,0.106201171875,0.127716064453125,0.1025390625,0.15533447265625,0.097198486328125,0.214996337890625,0.1275634765625,0.02716064453125,0.85479736328125,7.413616180419922
237,0.11850000000000001,-0.0,-0.0,-0.0,-0.0,-0.0,-0.0,6.355337142944336,16.20210075378418,-454.5426025390625,-131913.921875,20851.5078125,-2550.587646484375,-3.227219343185425,-39.47979736328125,-165.55413818359375,39900.23828125,7372.5048828125,-3151.929931640625,-0.0,-0.0,-0.0,-0.0,-0.0,-0.0,0.0069427490234375,0.0079345703125,0.0116729736328125,0.01613616943359375,0.00965118408203125,0.0127410888671875,0.00885009765625,0.01953125,0.00621795654296875,0.01087188720703125,0.0232696533203125,0.00804901123046875,0.0138092041015625,0.01049041748046875,0.005645751953125,0.02574920654296875,0.10101318359375,0.09674072265625,0.102996826171875,0.101318359375,0.089874267578125,0.10101318359375,0.09613037109375,0.058746337890625,0.105743408203125,0.105743408203125,0.112762451171875,0.117950439453125,0.953826904296875,1.19293212890625,-0.28350830078125,1.371002197265625,5.584310531616211
238,0.11900000000000001,-0.0,-0.0,-0.0,-0.0,-0.0,-0.0,5.991033554077148,16.45499610900879,-452.1530456542969,-131653.1875,20560.873046875,-2543.359619140625,-3.2892837524414062,-40.138729095458984,-168.1852264404297,40141.73046875,7387.26806640625,-3111.2587890625,-0.0,-0.0,-0.0,-0.0,-0.0,-0.0,-0.003204345703125,-0.00667572021484375,-0.00453948974609375,-0.0092315673828125,-0.00583648681640625,-0.0084686279296875,-0.0061798095703125,-0.01171112060546875,-0.00484466552734375,-0.006561279296875,-0.0135040283203125,-0.0080108642578125,-0.014495849609375,-0.00766754150390625,-0.00110626220703125,-0.01728057861328125,0.098114013671875,0.09918212890625,0.10040283203125,0.100555419921875,0.11138916015625,0.102691650390625,0.09857177734375,0.082550048828125,0.06103515625,0.0982666015625,0.082244873046875,0.076141357421875,0.400238037109375,0.0537109375,0.0579833984375,-0.606231689453125,0.09639240801334381
239,0.11950000000000001,-0.0,-0.0,-0.0,-0.0,-0.0,-0.0,6.409501075744629,16.125782012939453,-451.826171875,-131359.078125,20598.68359375,-2494.26953125,-3.4528720378875732,-40.689186096191406,-168.61326599121094,40624.25390625,7687.2900390625,-3307.789306640625,-0.0,-0.0,-0.0,-0.0,-0.0,-0.0,-0.0058746337890625,-0.00774383544921875,-0.01003265380859375,-0.011749267578125,-0.0091552734375,-0.012664794921875,-0.0066375732421875,-0.0201416015625,-0.00759124755859375,-0.01373291015625,-0.02262115478515625,-0.0118255615234375,-0.01461029052734375,-0.01068115234375,-0.0026702880859375,-0.02376556396484375,0.0970458984375,0.10009765625,0.095977783203125,0.085296630859375,0.0958251953125,0.09368896484375,0.09613037109375,0.09796142578125,0.103302001953125,0.10040283203125,0.075836181640625,0.097808837890625,-0.64483642578125,-0.921630859375,0.2447509765625,-1.415557861328125,-2.0377979278564453
240,0.12,-0.0,-0.0,-0.0,-0.0,-0.0,-0.0,6.615016460418701,16.152742385864258,-451.0373840332031,-131396.9375,20329.22265625,-2552.694091796875,-3.671386241912842,-41.34797286987305,-169.87551879882812,40585.5625,8078.13623046875,-3483.80615234375,-0.0,-0.0,-0.0,-0.0,-0.0,-0.0,0.00392913818359375,0.0049591064453125,0.00690460205078125,0.00885009765625,0.00850677490234375,0.00812530517578125,0.0067138671875,0.0119781494140625,0.00335693359375,0.00698089599609375,0.01308441162109375,0.00988006591796875,0.0131988525390625,0.007171630859375,0.00274658203125,0.016937255859375,0.099639892578125,0.092926025390625,0.095672607421875,0.080108642578125,0.101318359375,0.0982666015625,0.10223388671875,0.091400146484375,0.058135986328125,0.082550048828125,0.064697265625,0.090179443359375,0.0738525390625,0.225830078125,-0.0115966796875,0.81268310546875,6.803847789764404
241,0.1205,-0.0,-0.0,-0.0,-0.0,-0.0,-0.0,6.1751861572265625,15.68695068359375,-451.55352783203125,-131136.5,20086.9921875,-2492.19384765625,-3.6437182426452637,-41.55208206176758,-170.46363830566406,41166.0625,8433.0,-3559.09765625,-0.0,-0.0,-0.0,-0.0,-0.0,-0.0,0.00682830810546875,0.0070953369140625,0.01087188720703125,0.0142669677734375,0.00946044921875,0.012359619140625,0.00850677490234375,0.01953125,0.008392333984375,0.0130462646484375,0.0237274169921875,0.0128936767578125,0.0154876708984375,0.009765625,0.00171661376953125,0.02471923828125,0.10833740234375,0.10711669921875,0.10711669921875,0.12176513671875,0.11138916015625,0.10498046875,0.100860595703125,0.10467529296875,0.12664794921875,0.118560791015625,0.072479248046875,0.116119384765625,0.958709716796875,0.93658447265625,-0.23345947265625,1.6436767578125,4.364773273468018
242,0.121,-0.0,-0.0,-0.0,-0.0,-0.0,-0.0,7.019138813018799,15.476491928100586,-449.9767761230469,-131237.25,20026.037109375,-2620.944091796875,-3.855684995651245,-41.8580436706543,-171.43344116210938,41183.75,8618.5888671875,-3717.052978515625,-0.0,-0.0,-0.0,-0.0,-0.0,-0.0,-0.00606536865234375,-0.00560760498046875,-0.00743865966796875,-0.0092315673828125,-0.00606536865234375,-0.00946044921875,-0.00644683837890625,-0.0141143798828125,-0.0042724609375,-0.00606536865234375,-0.01445770263671875,-0.00797271728515625,-0.01697540283203125,-0.00728607177734375,-0.001220703125,-0.01800537109375,0.096588134765625,0.101776123046875,0.094757080078125,0.1055908203125,0.08514404296875,0.097198486328125,0.070037841796875,0.100555419921875,0.06317138671875,0.03021240234375,0.058135986328125,0.0994873046875,0.087127685546875,-0.166015625,-0.264892578125,-0.72418212890625,0.7061610817909241
243,0.1215,-0.0,-0.0,-0.0,-0.0,-0.0,-0.0,7.101677894592285,15.470953941345215,-451.69219970703125,-131331.25,20110.1796875,-2773.367431640625,-4.087015151977539,-42.3249626159668,-171.83233642578125,41509.390625,8919.5322265625,-3771.440673828125,-0.0,-0.0,-0.0,-0.0,-0.0,-0.0,-0.00644683837890625,-0.00701904296875,-0.00980377197265625,-0.0136566162109375,-0.00766754150390625,-0.0122833251953125,-0.00614166259765625,-0.02044677734375,-0.00698089599609375,-0.01224517822265625,-0.02437591552734375,-0.00942230224609375,-0.0144195556640625,-0.00881195068359375,-0.0041961669921875,-0.02269744873046875,0.10345458984375,0.096282958984375,0.094451904296875,0.08819580078125,0.099029541015625,0.099029541015625,0.104522705078125,0.095367431640625,0.114288330078125,0.12420654296875,0.06561279296875,0.0982666015625,-0.538482666015625,-0.782470703125,0.3277587890625,-1.22528076171875,-0.5133762359619141
244,0.122,-0.0,-0.0,-0.0,-0.0,-0.0,-0.0,6.96456241607666,15.371925354003906,-450.304443359375,-131428.640625,19764.2890625,-2628.589111328125,-4.039424419403076,-42.56491470336914,-172.64334106445312,41448.09765625,9105.0244140625,-3929.33740234375,-0.0,-0.0,-0.0,-0.0,-0.0,-0.0,0.00640869140625,0.00453948974609375,0.0067901611328125,0.00946044921875,0.00743865966796875,0.0084686279296875,0.0072479248046875,0.01232147216796875,0.004425048828125,0.00576019287109375,0.0144195556640625,0.009002685546875,0.01537322998046875,0.0066375732421875,0.00278472900390625,0.016937255859375,0.102081298828125,0.099334716796875,0.10040283203125,0.081634521484375,0.098114013671875,0.0927734375,0.10162353515625,0.089874267578125,0.08758544921875,0.110626220703125,0.064697265625,0.116729736328125,-0.080108642578125,0.0152587890625,0.34088134765625,0.9307861328125,7.413616180419922
245,0.1225,-0.0,-0.0,-0.0,-0.0,-0.0,-0.0,6.96445369720459,14.700488090515137,-450.516845703125,-131591.671875,19960.427734375,-2619.583251953125,-4.039370536804199,-42.788841247558594,-173.31800842285156,41404.1640625,9267.689453125,-4144.783203125,-0.0,-0.0,-0.0,-0.0,-0.0,-0.0,0.0079345703125,0.00759124755859375,0.011444091796875,0.015106201171875,0.010833740234375,0.012664794921875,0.006866455078125,0.01861572265625,0.0057220458984375,0.01033782958984375,0.0257110595703125,0.01316070556640625,0.0138092041015625,0.01079559326171875,0.00415802001953125,0.0260162353515625,0.101165771484375,0.092926025390625,0.099029541015625,0.096893310546875,0.08148193359375,0.10162353515625,0.104827880859375,0.0970458984375,0.103912353515625,-0.00457763671875,0.069732666015625,0.104827880859375,0.79132080078125,1.2078857421875,0.11871337890625,1.41021728515625,5.279426097869873
246,0.123,-0.0,-0.0,-0.0,-0.0,-0.0,-0.0,7.130972862243652,14.641430854797363,-452.941650390625,-131481.03125,19827.02734375,-2773.62939453125,-4.163512229919434,-43.418914794921875,-173.55154418945312,41505.24609375,9489.8701171875,-4188.685546875,-0.0,-0.0,-0.0,-0.0,-0.0,-0.0,-0.003204345703125,-0.00583648681640625,-0.00732421875,-0.0099945068359375,-0.007476806640625,-0.0083160400390625,-0.00812530517578125,-0.0127410888671875,-0.00453948974609375,-0.007476806640625,-0.0136566162109375,-0.01094818115234375,-0.012054443359375,-0.00690460205078125,-0.001983642578125,-0.0174713134765625,0.096893310546875,0.100250244140625,0.094757080078125,0.0994873046875,0.107269287109375,0.093536376953125,0.019073486328125,0.089111328125,0.13092041015625,-0.009765625,0.068359375,0.060577392578125,0.30303955078125,-0.1263427734375,-0.03936767578125,-0.580596923828125,11.377113342285156
247,0.1235,-0.0,-0.0,-0.0,-0.0,-0.0,-0.0,7.523887634277344,14.463547706604004,-451.9051513671875,-131919.640625,19825.490234375,-2929.8759765625,-4.4827880859375,-43.371707916259766,-172.1772918701172,41427.0703125,9681.3369140625,-4216.82275390625,-0.0,-0.0,-0.0,-0.0,-0.0,-0.0,-0.00774383544921875,-0.0095367431640625,-0.01041412353515625,-0.01369476318359375,-0.007781982421875,-0.0113677978515625,-0.0048065185546875,-0.01964569091796875,-0.00438690185546875,-0.00782012939453125,-0.022125244140625,-0.010528564453125,-0.014801025390625,-0.00904083251953125,-0.0054931640625,-0.02475738525390625,0.10406494140625,0.1055908203125,0.09368896484375,0.1220703125,0.1019287109375,0.09307861328125,0.10711669921875,0.088653564453125,0.06439208984375,0.091552734375,0.06988525390625,0.096282958984375,-0.300140380859375,-0.44342041015625,0.31707763671875,-1.3543701171875,-5.086641311645508
248,0.124,-0.0,-0.0,-0.0,-0.0,-0.0,-0.0,7.934112548828125,14.528255462646484,-451.7616882324219,-131931.828125,19633.9921875,-2842.180419921875,-4.743201732635498,-43.012664794921875,-172.31744384765625,41486.203125,10054.4453125,-4420.35302734375,-0.0,-0.0,-0.0,-0.0,-0.0,-0.0,0.0074005126953125,0.0035858154296875,0.00827789306640625,0.00942230224609375,0.007476806640625,0.0099945068359375,0.00446319580078125,0.0150299072265625,0.00415802001953125,0.00728607177734375,0.0153350830078125,0.00972747802734375,0.0164031982421875,0.0045013427734375,0.00392913818359375,0.0174713134765625,0.1031494140625,0.1019287109375,0.10406494140625,0.104522705078125,0.11383056640625,0.107574462890625,0.10528564453125,0.102691650390625,0.115203857421875,0.113525390625,0.088653564453125,0.11627197265625,0.06622314453125,0.181884765625,0.3656005859375,0.914306640625,5.584310531616211
249,0.1245,-0.0,-0.0,-0.0,-0.0,-0.0,-0.0,7.861438751220703,14.48641586303711,-452.81988525390625,-132079.265625,19406.099609375,-3146.522216796875,-4.748769760131836,-43.106449127197266,-172.2955322265625,41153.0625,10088.451171875,-4718.828125,-0.0,-0.0,-0.0,-0.0,-0.0,-0.0,0.0049591064453125,0.0063323974609375,0.00965118408203125,0.014495849609375,0.008697509765625,0.012969970703125,0.00789642333984375,0.02140045166015625,0.0074005126953125,0.00782012939453125,0.0229644775390625,0.00865936279296875,0.01247406005859375,0.00949859619140625,0.002899169921875,0.02315521240234375,0.096282958984375,0.095977783203125,0.0994873046875,0.079498291015625,0.115509033203125,0.09613037109375,0.099029541015625,0.09124755859375,0.099029541015625,0.098724365234375,0.081787109375,0.097198486328125,0.33111572265625,0.8404541015625,-0.457763671875,1.18804931640625,4.974541664123535
250,0.125,-0.0,-0.0,-0.0,-0.0,-0.0,-0.0,8.049484252929688,14.528255462646484,-452.9638671875,-132462.859375,19524.263671875,-2957.378173828125,-5.145225524902344,-42.92969512939453,-170.87796020507812,41247.4296875,10442.3134765625,-4745.07861328125,-0.0,-0.0,-0.0,-0.0,-0.0,-0.0,-0.00423431396484375,-0.005035400390625,-0.0069427490234375,-0.00858306884765625,-0.0083160400390625,-0.00873565673828125,-0.00720977783203125,-0.01346588134765625,-0.00545501708984375,-0.00579833984375,-0.012969970703125,-0.01041412353515625,-0.01277923583984375,-0.0081634521484375,-0.000457763671875,-0.01750946044921875,0.09857177734375,0.09552001953125,0.100555419921875,0.103912353515625,0.100860595703125,0.095062255859375,0.101318359375,0.104827880859375,0.071868896484375,0.086822509765625,0.07720947265625,0.08209228515625,0.23773193359375,-0.16998291015625,0.04241943359375,-0.783843994140625,0.7061610817909241
251,0.1255,-0.0,-0.0,-0.0,-0.0,-0.0,-0.0,8.338583946228027,14.271249771118164,-453.2961730957031,-132713.59375,19434.1640625,-3145.19970703125,-5.677490234375,-42.71134567260742,-170.07798767089844,40819.2890625,10641.693359375,-4984.4873046875,-0.0,-0.0,-0.0,-0.0,-0.0,-0.0,-0.00591278076171875,-0.0058746337890625,-0.00980377197265625,-0.012359619140625,-0.00774383544921875,-0.01247406005859375,-0.006256103515625,-0.0200653076171875,-0.00690460205078125,-0.01049041748046875,-0.02384185791015625,-0.01064300537109375,-0.01392364501953125,-0.00850677490234375,-0.0042724609375,-0.0226593017578125,0.09368896484375,0.093994140625,0.093536376953125,0.106353759765625,0.06744384765625,0.0933837890625,0.10162353515625,0.103302001953125,0.076904296875,0.1153564453125,0.08697509765625,0.1129150390625,-0.691680908203125,-0.654296875,0.38970947265625,-1.1114501953125,-0.5133762359619141
252,0.126,-0.0,-0.0,-0.0,-0.0,-0.0,-0.0,8.63323974609375,14.176774024963379,-454.0028381347656,-132764.234375,19472.94921875,-3270.685791015625,-5.776352882385254,-42.58116149902344,-168.12649536132812,40659.38671875,10895.69140625,-5059.5078125,-0.0,-0.0,-0.0,-0.0,-0.0,-0.0,0.0049591064453125,0.00568389892578125,0.0078582763671875,0.01041412353515625,0.007476806640625,0.011138916015625,0.0066375732421875,0.01434326171875,0.00377655029296875,0.00762939453125,0.01659393310546875,0.01216888427734375,0.01407623291015625,0.00762939453125,0.00095367431640625,0.017242431640625,0.10009765625,0.096282958984375,0.09429931640625,0.095062255859375,0.091400146484375,0.092620849609375,0.096588134765625,0.0958251953125,0.104827880859375,0.095367431640625,0.084991455078125,0.10650634765625,0.1922607421875,0.75927734375,0.31982421875,0.821990966796875,7.413616180419922
253,0.1265,-0.0,-0.0,-0.0,-0.0,-0.0,-0.0,9.042524337768555,14.406891822814941,-456.3280334472656,-133332.9375,19464.5546875,-3282.68994140625,-6.209754943847656,-41.766265869140625,-168.00059509277344,39992.7421875,11042.8828125,-5282.88427734375,-0.0,-0.0,-0.0,-0.0,-0.0,-0.0,0.0074005126953125,0.00774383544921875,0.01178741455078125,0.013580322265625,0.00988006591796875,0.012664794921875,0.006256103515625,0.01827239990234375,0.0038909912109375,0.01255035400390625,0.02277374267578125,0.00988006591796875,0.0140380859375,0.010833740234375,0.0051116943359375,0.02483367919921875,0.0958251953125,0.1019287109375,0.094451904296875,0.099639892578125,0.09307861328125,0.098876953125,0.1116943359375,0.10223388671875,0.09796142578125,0.09124755859375,0.07598876953125,0.083160400390625,0.799407958984375,0.90484619140625,-0.43731689453125,1.363372802734375,5.584310531616211
254,0.127,-0.0,-0.0,-0.0,-0.0,-0.0,-0.0,8.864517211914062,14.003006935119629,-455.23004150390625,-133606.90625,19245.90625,-3444.502197265625,-6.564598083496094,-42.02677917480469,-165.8659210205078,39908.390625,11047.080078125,-5365.68701171875,-0.0,-0.0,-0.0,-0.0,-0.0,-0.0,-0.0030517578125,-0.0055694580078125,-0.0067138671875,-0.0084686279296875,-0.0067138671875,-0.008544921875,-0.0075531005859375,-0.01354217529296875,-0.00453948974609375,-0.00553131103515625,-0.01430511474609375,-0.0098419189453125,-0.01354217529296875,-0.00804901123046875,-0.0035858154296875,-0.01598358154296875,0.10223388671875,0.093536376953125,0.094451904296875,0.104522705078125,0.103302001953125,0.09918212890625,0.10162353515625,0.089263916015625,0.117950439453125,0.081787109375,0.082244873046875,0.09613037109375,0.16571044921875,-0.091552734375,-0.03021240234375,-0.6256103515625,1.0110454559326172
255,0.1275,-0.0,-0.0,-0.0,-0.0,-0.0,-0.0,9.583179473876953,14.134113311767578,-458.07440185546875,-134009.4375,19405.240234375,-3592.214599609375,-6.704664707183838,-41.543739318847656,-165.2038116455078,39707.4296875,11216.87890625,-5431.34814453125,-0.0,-0.0,-0.0,-0.0,-0.0,-0.0,-0.00514984130859375,-0.0051116943359375,-0.009765625,-0.01384735107421875,-0.00980377197265625,-0.012969970703125,-0.00823974609375,-0.017852783203125,-0.00537872314453125,-0.01026153564453125,-0.0213623046875,-0.0077056884765625,-0.01102447509765625,-0.006561279296875,-0.00213623046875,-0.0225067138671875,0.09185791015625,0.098419189453125,0.099945068359375,0.106658935546875,0.10986328125,0.102081298828125,0.100860595703125,0.104827880859375,0.106353759765625,0.107269287109375,0.113525390625,0.1068115234375,-0.522003173828125,-0.3009033203125,0.4510498046875,-0.7391357421875,-0.8182606101036072
256,0.128,-0.0,-0.0,-0.0,-0.0,-0.0,-0.0,9.705843925476074,13.534256935119629,-459.6368103027344,-134482.46875,19546.64453125,-3664.989013671875,-6.830730438232422,-41.17152786254883,-164.5980682373047,39425.90234375,11476.048828125,-5503.1630859375,-0.0,-0.0,-0.0,-0.0,-0.0,-0.0,0.0066375732421875,0.005950927734375,0.007781982421875,0.01056671142578125,0.0070953369140625,0.01018524169921875,0.00621795654296875,0.01407623291015625,0.00553131103515625,0.00705718994140625,0.015411376953125,0.00644683837890625,0.015411376953125,0.00591278076171875,0.00476837158203125,0.0180816650390625,0.1141357421875,0.108642578125,0.103607177734375,0.101318359375,0.103759765625,0.1019287109375,0.079193115234375,0.0909423828125,0.10955810546875,0.1031494140625,0.1068115234375,0.100860595703125,0.240325927734375,0.23193359375,-0.14312744140625,0.837860107421875,7.108732223510742
257,0.1285,-0.0,-0.0,-0.0,-0.0,-0.0,-0.0,10.21678352355957,13.721726417541504,-461.80865478515625,-135232.84375,19398.736328125,-3728.64599609375,-6.724442005157471,-40.62360382080078,-161.29075622558594,38833.8671875,11624.9677734375,-5637.17138671875,-0.0,-0.0,-0.0,-0.0,-0.0,-0.0,0.0074005126953125,0.00804901123046875,0.010986328125,0.01346588134765625,0.010986328125,0.01308441162109375,0.00904083251953125,0.01880645751953125,0.00392913818359375,0.0099945068359375,0.02349853515625,0.00942230224609375,0.01224517822265625,0.008544921875,0.0035858154296875,0.022125244140625,0.0946044921875,0.106658935546875,0.106964111328125,0.0982666015625,0.07110595703125,0.093994140625,0.1104736328125,0.09979248046875,0.102691650390625,0.085906982421875,0.093536376953125,0.10467529296875,0.719146728515625,0.78033447265625,-0.26824951171875,1.01776123046875,5.584310531616211
258,0.129,-0.0,-0.0,-0.0,-0.0,-0.0,-0.0,10.395150184631348,13.4035062789917,-464.0953063964844,-135796.3125,19652.115234375,-3706.81787109375,-7.046077251434326,-40.57314682006836,-160.77587890625,38607.6640625,11809.21484375,-5736.17578125,-0.0,-0.0,-0.0,-0.0,-0.0,-0.0,-0.00591278076171875,-0.00514984130859375,-0.006256103515625,-0.00946044921875,-0.0057220458984375,-0.008544921875,-0.00518798828125,-0.0159454345703125,-0.0048065185546875,-0.00720977783203125,-0.015716552734375,-0.0083160400390625,-0.013427734375,-0.00675201416015625,-0.00362396240234375,-0.019073486328125,0.11810302734375,0.10650634765625,0.09429931640625,0.09979248046875,0.07904052734375,0.09124755859375,0.085296630859375,0.096588134765625,0.12939453125,0.10498046875,0.09185791015625,0.110626220703125,0.14678955078125,-0.27313232421875,0.2972412109375,-0.49652099609375,3.145235776901245
259,0.1295,-0.0,-0.0,-0.0,-0.0,-0.0,-0.0,10.530941009521484,13.191299438476562,-465.8605651855469,-136301.109375,19619.689453125,-3738.9052734375,-7.498129844665527,-39.47979736328125,-157.99925231933594,37947.77734375,11877.5517578125,-5876.08349609375,-0.0,-0.0,-0.0,-0.0,-0.0,-0.0,-0.0060272216796875,-0.0049591064453125,-0.00804901123046875,-0.01251220703125,-0.01007080078125,-0.012969970703125,-0.0058746337890625,-0.020294189453125,-0.00579833984375,-0.01003265380859375,-0.02193450927734375,-0.010223388671875,-0.0116729736328125,-0.0079345703125,-0.00152587890625,-0.0209808349609375,0.084228515625,0.0872802734375,0.087432861328125,0.08026123046875,0.11810302734375,0.110626220703125,0.075531005859375,0.093536376953125,0.078887939453125,0.09735107421875,0.102691650390625,0.07568359375,-0.156707763671875,-0.37994384765625,0.5084228515625,-0.6005859375,-1.1231448650360107
260,0.13,-0.0,-0.0,-0.0,-0.0,-0.0,-0.0,10.259208679199219,13.326967239379883,-469.02294921875,-137118.8125,19729.546875,-3836.391845703125,-7.266313076019287,-39.08829879760742,-155.2371063232422,37585.0625,11859.0283203125,-5856.24658203125,-0.0,-0.0,-0.0,-0.0,-0.0,-0.0,0.0049591064453125,0.0058746337890625,0.00980377197265625,0.009765625,0.009002685546875,0.00885009765625,0.00698089599609375,0.01495361328125,0.00431060791015625,0.0086212158203125,0.01590728759765625,0.0103759765625,0.012664794921875,0.0067138671875,0.00392913818359375,0.018157958984375,0.1123046875,0.096588134765625,0.1031494140625,0.101318359375,0.07537841796875,0.103607177734375,0.11749267578125,0.106201171875,0.07415771484375,0.12237548828125,0.0946044921875,0.0787353515625,0.479278564453125,0.4180908203125,0.2874755859375,0.909423828125,7.71850061416626
261,0.1305,-0.0,-0.0,-0.0,-0.0,-0.0,-0.0,10.654895782470703,13.361886978149414,-471.3414306640625,-138027.265625,19905.599609375,-3795.766357421875,-7.575077533721924,-38.23942947387695,-154.6131134033203,36981.02734375,11922.5556640625,-5951.79833984375,-0.0,-0.0,-0.0,-0.0,-0.0,-0.0,0.00545501708984375,0.00682830810546875,0.010833740234375,0.012054443359375,0.0079345703125,0.01068115234375,0.00675201416015625,0.01972198486328125,0.00545501708984375,0.0103759765625,0.0238037109375,0.00667572021484375,0.014190673828125,0.0095367431640625,0.00537872314453125,0.02323150634765625,0.10833740234375,0.088958740234375,0.09429931640625,0.096282958984375,0.10528564453125,0.09735107421875,0.0103759765625,0.101165771484375,0.1043701171875,0.100250244140625,0.093536376953125,0.100555419921875,0.587005615234375,0.650634765625,-0.51513671875,1.21612548828125,3.450119972229004
262,0.131,-0.0,-0.0,-0.0,-0.0,-0.0,-0.0,10.283604621887207,12.881178855895996,-473.0627136230469,-138293.234375,19913.37109375,-3898.901611328125,-7.764050006866455,-38.070343017578125,-152.55003356933594,36444.8984375,11972.244140625,-5875.7021484375,-0.0,-0.0,-0.0,-0.0,-0.0,-0.0,-0.00644683837890625,-0.00461578369140625,-0.0075531005859375,-0.0090789794921875,-0.00804901123046875,-0.009613037109375,-0.0051116943359375,-0.01567840576171875,-0.00484466552734375,-0.0064849853515625,-0.01384735107421875,-0.00743865966796875,-0.01361846923828125,-0.00591278076171875,-0.00484466552734375,-0.0177001953125,0.102996826171875,0.10711669921875,0.10345458984375,0.1092529296875,0.141143798828125,0.102081298828125,0.10162353515625,0.10345458984375,0.09796142578125,0.13275146484375,0.1068115234375,0.10650634765625,0.35675048828125,-0.19683837890625,0.10528564453125,-0.461883544921875,1.0110454559326172
263,0.1315,-0.0,-0.0,-0.0,-0.0,-0.0,-0.0,10.680110931396484,13.002436637878418,-476.80694580078125,-139245.640625,20024.3828125,-3897.632080078125,-7.891683101654053,-36.8760871887207,-148.38943481445312,35744.6953125,12098.9609375,-5920.51513671875,-0.0,-0.0,-0.0,-0.0,-0.0,-0.0,-0.0045013427734375,-0.00621795654296875,-0.00926971435546875,-0.01209259033203125,-0.0081634521484375,-0.0119781494140625,-0.00823974609375,-0.018310546875,-0.0069427490234375,-0.01132965087890625,-0.0251007080078125,-0.011749267578125,-0.01399993896484375,-0.009765625,-0.00385284423828125,-0.021209716796875,0.091400146484375,0.099639892578125,0.098114013671875,0.0970458984375,0.09796142578125,0.103912353515625,0.059661865234375,0.099029541015625,0.093536376953125,0.090179443359375,0.098876953125,0.109710693359375,-0.58135986328125,-0.5615234375,0.0439453125,-0.9600830078125,-2.0377979278564453
264,0.132,-0.0,-0.0,-0.0,-0.0,-0.0,-0.0,10.787613868713379,12.606812477111816,-477.45855712890625,-140109.859375,20149.01171875,-3927.16943359375,-7.678686618804932,-36.38853454589844,-145.2470703125,35285.1796875,12091.373046875,-5884.70361328125,-0.0,-0.0,-0.0,-0.0,-0.0,-0.0,0.0052642822265625,0.00598907470703125,0.00904083251953125,0.0096893310546875,0.00782012939453125,0.00843048095703125,0.00675201416015625,0.0147247314453125,0.00438690185546875,0.009765625,0.015716552734375,0.0106048583984375,0.01155853271484375,0.0081634521484375,0.0011444091796875,0.0182342529296875,0.07598876953125,0.11077880859375,0.100860595703125,0.087432861328125,0.093994140625,0.09033203125,0.097808837890625,0.091094970703125,0.124969482421875,0.14007568359375,0.091705322265625,0.097503662109375,0.40679931640625,0.3582763671875,-0.0128173828125,0.85723876953125,7.413616180419922
265,0.1325,-0.0,-0.0,-0.0,-0.0,-0.0,-0.0,10.926655769348145,12.745647430419922,-479.8014221191406,-140625.4375,20435.91015625,-4118.6845703125,-8.03658676147461,-35.511898040771484,-143.33323669433594,34572.89453125,11980.5341796875,-5872.8310546875,-0.0,-0.0,-0.0,-0.0,-0.0,-0.0,0.00537872314453125,0.00621795654296875,0.0092315673828125,0.01216888427734375,0.00858306884765625,0.01262664794921875,0.00759124755859375,0.01911163330078125,0.00518798828125,0.009765625,0.02620697021484375,0.01018524169921875,0.01678466796875,0.0091552734375,0.00431060791015625,0.0212860107421875,0.12542724609375,0.0909423828125,0.0921630859375,0.105133056640625,0.081634521484375,0.0933837890625,0.099029541015625,0.091705322265625,0.1019287109375,0.084381103515625,0.09674072265625,0.093536376953125,0.6378173828125,0.90545654296875,-0.2960205078125,1.419677734375,4.364773273468018
266,0.133,-0.0,-0.0,-0.0,-0.0,-0.0,-0.0,10.91724681854248,12.533852577209473,-482.82196044921875,-141622.78125,20514.33984375,-3924.024658203125,-7.721034526824951,-34.66785430908203,-140.00979614257812,34100.8984375,11964.98046875,-5828.44873046875,-0.0,-0.0,-0.0,-0.0,-0.0,-0.0,-0.0058746337890625,-0.003814697265625,-0.00843048095703125,-0.00942230224609375,-0.008392333984375,-0.00885009765625,-0.00514984130859375,-0.01613616943359375,-0.00354766845703125,-0.0087738037109375,-0.01338958740234375,-0.00759124755859375,-0.01556396484375,-0.00682830810546875,-0.0011444091796875,-0.01796722412109375,0.108642578125,0.085601806640625,0.092010498046875,0.086669921875,0.12237548828125,0.10040283203125,0.091552734375,0.098419189453125,0.11199951171875,0.132293701171875,0.101318359375,0.101165771484375,-0.010223388671875,0.11077880859375,0.18890380859375,-0.984344482421875,-4.171988487243652
267,0.1335,-0.0,-0.0,-0.0,-0.0,-0.0,-0.0,11.022004127502441,12.121734619140625,-485.304931640625,-142541.03125,20577.49609375,-4030.251953125,-7.849381446838379,-34.186561584472656,-137.72232055664062,33417.01953125,12077.8876953125,-5844.77734375,-0.0,-0.0,-0.0,-0.0,-0.0,-0.0,-0.0043487548828125,-0.00446319580078125,-0.0084686279296875,-0.0115966796875,-0.00843048095703125,-0.01277923583984375,-0.00827789306640625,-0.0179290771484375,-0.00762939453125,-0.0112152099609375,-0.0243377685546875,-0.0104522705078125,-0.01476287841796875,-0.00823974609375,-0.00274658203125,-0.02117156982421875,0.1055908203125,0.121612548828125,0.095062255859375,0.1007080078125,0.10467529296875,0.0982666015625,0.084228515625,0.1031494140625,0.065765380859375,0.0360107421875,0.08636474609375,0.106658935546875,-0.220794677734375,-0.55206298828125,0.45196533203125,-0.98724365234375,4.05988883972168
268,0.134,-0.0,-0.0,-0.0,-0.0,-0.0,-0.0,10.829094886779785,11.897483825683594,-488.1059875488281,-143644.515625,20895.365234375,-3996.369873046875,-7.986865997314453,-33.24879455566406,-134.24310302734375,32766.154296875,11720.4169921875,-5769.9169921875,-0.0,-0.0,-0.0,-0.0,-0.0,-0.0,0.00629425048828125,0.00682830810546875,0.0086212158203125,0.0113677978515625,0.00732421875,0.00888824462890625,0.00736236572265625,0.0162506103515625,0.00537872314453125,0.0066375732421875,0.0168609619140625,0.00713348388671875,0.0156402587890625,0.0078582763671875,0.00186920166015625,0.020294189453125,0.11383056640625,0.10345458984375,0.096282958984375,0.095672607421875,0.10009765625,0.096282958984375,0.100860595703125,0.091705322265625,0.07415771484375,0.07598876953125,0.08331298828125,0.074920654296875,0.09033203125,0.4071044921875,-0.15350341796875,1.164398193359375,7.71850061416626
269,0.1345,-0.0,-0.0,-0.0,-0.0,-0.0,-0.0,11.099848747253418,11.503304481506348,-493.0283508300781,-144840.5625,21209.658203125,-4069.51953125,-7.7122626304626465,-32.906768798828125,-133.86123657226562,32310.51953125,11853.712890625,-5800.19580078125,-0.0,-0.0,-0.0,-0.0,-0.0,-0.0,0.00827789306640625,0.00675201416015625,0.0083160400390625,0.01178741455078125,0.0095367431640625,0.011749267578125,0.00904083251953125,0.01926422119140625,0.00576019287109375,0.0098419189453125,0.0251007080078125,0.012664794921875,0.01789093017578125,0.0104522705078125,0.00438690185546875,0.0211334228515625,0.0830078125,0.084075927734375,0.10589599609375,0.09674072265625,0.1141357421875,0.1068115234375,0.009002685546875,0.103912353515625,0.171661376953125,0.248565673828125,0.11138916015625,0.11444091796875,0.422515869140625,0.869140625,-0.00030517578125,1.450653076171875,2.2305827140808105
270,0.135,-0.0,-0.0,-0.0,-0.0,-0.0,-0.0,10.786736488342285,11.495245933532715,-497.9735412597656,-146259.0,21614.37890625,-3966.868408203125,-7.71521520614624,-31.70748519897461,-128.2873992919922,31916.31640625,11734.0146484375,-5678.49560546875,-0.0,-0.0,-0.0,-0.0,-0.0,-0.0,-0.005340576171875,-0.0057220458984375,-0.0084686279296875,-0.009765625,-0.0081634521484375,-0.0101470947265625,-0.00530242919921875,-0.01495361328125,-0.0041961669921875,-0.00720977783203125,-0.016632080078125,-0.00885009765625,-0.01556396484375,-0.005645751953125,-0.00370025634765625,-0.017242431640625,0.1092529296875,0.104827880859375,0.104522705078125,0.083465576171875,0.08514404296875,0.099029541015625,0.131072998046875,0.090484619140625,0.107574462890625,0.20782470703125,0.0970458984375,0.11932373046875,-0.319366455078125,-0.22369384765625,0.1055908203125,-0.960540771484375,-2.0377979278564453
271,0.1355,-0.0,-0.0,-0.0,-0.0,-0.0,-0.0,10.700322151184082,11.3096923828125,-502.3935852050781,-147761.46875,22140.904296875,-3794.118896484375,-7.626612663269043,-30.95549964904785,-127.30040740966797,31247.763671875,11447.837890625,-5588.4443359375,-0.0,-0.0,-0.0,-0.0,-0.0,-0.0,-0.0064849853515625,-0.00713348388671875,-0.01010894775390625,-0.0136566162109375,-0.0090789794921875,-0.0112152099609375,-0.0074005126953125,-0.01678466796875,-0.004119873046875,-0.00885009765625,-0.02452850341796875,-0.00835418701171875,-0.01316070556640625,-0.00728607177734375,-0.0026702880859375,-0.02223968505859375,0.100250244140625,0.11016845703125,0.103759765625,0.106353759765625,0.077667236328125,0.09429931640625,0.063629150390625,0.10406494140625,0.081024169921875,-0.050811767578125,0.1025390625,0.080413818359375,-0.40130615234375,-0.69732666015625,0.29052734375,-0.830535888671875,-3.2573351860046387
272,0.136,-0.0,-0.0,-0.0,-0.0,-0.0,-0.0,10.211105346679688,11.80162239074707,-507.33837890625,-149167.59375,22881.408203125,-3823.645751953125,-7.324585914611816,-30.163040161132812,-122.22178649902344,30507.9375,11406.6806640625,-5455.02880859375,-0.0,-0.0,-0.0,-0.0,-0.0,-0.0,0.004730224609375,0.0079345703125,0.0079345703125,0.0121307373046875,0.0070953369140625,0.010528564453125,0.00698089599609375,0.0154876708984375,0.00598907470703125,0.0057220458984375,0.01834869384765625,0.00732421875,0.01636505126953125,0.00835418701171875,0.00377655029296875,0.02025604248046875,0.097808837890625,0.09765625,0.08636474609375,0.09796142578125,0.11627197265625,0.091552734375,0.022735595703125,0.101470947265625,0.102081298828125,0.10162353515625,0.1043701171875,0.100860595703125,-0.035247802734375,0.4718017578125,0.062255859375,1.1297607421875,8.328269958496094
273,0.1365,-0.0,-0.0,-0.0,-0.0,-0.0,-0.0,10.163497924804688,11.899991035461426,-512.9981079101562,-150696.34375,23207.5390625,-3471.23486328125,-6.9626898765563965,-28.792869567871094,-120.27837371826172,29797.677734375,11045.84765625,-5292.46435546875,-0.0,-0.0,-0.0,-0.0,-0.0,-0.0,0.00644683837890625,0.005645751953125,0.009918212890625,0.013427734375,0.00919342041015625,0.0119781494140625,0.0084686279296875,0.02063751220703125,0.00732421875,0.01148223876953125,0.0241851806640625,0.01087188720703125,0.0144195556640625,0.007171630859375,0.0028228759765625,0.0211334228515625,0.09185791015625,0.074462890625,0.093536376953125,0.0946044921875,0.0836181640625,0.102081298828125,0.189056396484375,0.0994873046875,0.106201171875,0.0885009765625,0.09796142578125,0.0799560546875,0.671844482421875,0.8331298828125,-0.029296875,0.879364013671875,6.803847789764404
274,0.137,-0.0,-0.0,-0.0,-0.0,-0.0,-0.0,9.23020076751709,12.067917823791504,-517.7618408203125,-152432.328125,24010.8671875,-3412.449462890625,-6.779005527496338,-27.513254165649414,-117.99667358398438,29003.970703125,10971.6904296875,-5232.6806640625,-0.0,-0.0,-0.0,-0.0,-0.0,-0.0,-0.00640869140625,-0.00537872314453125,-0.0087738037109375,-0.00911712646484375,-0.00919342041015625,-0.00919342041015625,-0.00888824462890625,-0.01514434814453125,-0.0042724609375,-0.00865936279296875,-0.01514434814453125,-0.00972747802734375,-0.01514434814453125,-0.00835418701171875,-0.00293731689453125,-0.0194549560546875,0.090789794921875,0.117340087890625,0.1043701171875,0.097198486328125,0.08941650390625,0.095977783203125,0.12420654296875,0.098876953125,0.099029541015625,0.074615478515625,0.09307861328125,0.0921630859375,-0.3790283203125,-0.21636962890625,0.06317138671875,-1.0858154296875,0.09639240801334381
275,0.1375,-0.0,-0.0,-0.0,-0.0,-0.0,-0.0,9.228520393371582,12.339797973632812,-523.0821533203125,-153728.90625,24391.8125,-3223.1943359375,-6.436420440673828,-26.1864070892334,-114.521728515625,28134.357421875,10432.4775390625,-4994.1337890625,-0.0,-0.0,-0.0,-0.0,-0.0,-0.0,-0.00606536865234375,-0.0067901611328125,-0.009918212890625,-0.01239776611328125,-0.007476806640625,-0.01102447509765625,-0.00518798828125,-0.01712799072265625,-0.00446319580078125,-0.00789642333984375,-0.0232696533203125,-0.01041412353515625,-0.01190185546875,-0.00820159912109375,-0.004119873046875,-0.023040771484375,0.11505126953125,0.0775146484375,0.07232666015625,0.094146728515625,0.117950439453125,0.092010498046875,0.10009765625,0.097198486328125,0.108642578125,0.1190185546875,0.088653564453125,0.10833740234375,-0.218353271484375,-0.34332275390625,0.09429931640625,-0.6231689453125,-2.342682361602783
276,0.138,-0.0,-0.0,-0.0,-0.0,-0.0,-0.0,8.698902130126953,12.789336204528809,-529.4027709960938,-155204.28125,25286.103515625,-3046.694580078125,-5.9870758056640625,-25.523170471191406,-109.45548248291016,27398.884765625,10079.892578125,-4786.6513671875,-0.0,-0.0,-0.0,-0.0,-0.0,-0.0,0.0054168701171875,0.00640869140625,0.0080108642578125,0.01163482666015625,0.00640869140625,0.010528564453125,0.00614166259765625,0.0152587890625,0.0055694580078125,0.0074005126953125,0.0164031982421875,0.01041412353515625,0.0182342529296875,0.00659942626953125,0.00408172607421875,0.01857757568359375,0.092315673828125,0.127410888671875,0.12176513671875,0.108489990234375,0.077056884765625,0.121917724609375,0.029449462890625,0.101776123046875,0.1129150390625,0.13214111328125,0.101165771484375,0.09490966796875,0.39398193359375,0.18524169921875,0.09857177734375,1.59515380859375,8.023386001586914
277,0.1385,-0.0,-0.0,-0.0,-0.0,-0.0,-0.0,7.981869220733643,12.880166053771973,-533.3147583007812,-156556.640625,25829.126953125,-2858.3115234375,-5.724391937255859,-23.803539276123047,-106.14208984375,26149.41796875,9890.564453125,-4460.8583984375,-0.0,-0.0,-0.0,-0.0,-0.0,-0.0,0.007781982421875,0.00553131103515625,0.0092315673828125,0.0130462646484375,0.01071929931640625,0.01338958740234375,0.00980377197265625,0.01964569091796875,0.00514984130859375,0.0140380859375,0.02437591552734375,0.00904083251953125,0.01377105712890625,0.00835418701171875,0.0011444091796875,0.020751953125,0.108489990234375,0.1055908203125,0.095062255859375,0.099639892578125,0.107269287109375,0.100555419921875,0.1739501953125,0.09735107421875,0.102386474609375,0.14312744140625,0.1043701171875,0.099334716796875,1.070709228515625,0.7525634765625,-0.41015625,1.0650634765625,1.9256983995437622
278,0.139,-0.0,-0.0,-0.0,-0.0,-0.0,-0.0,7.047630310058594,13.547821044921875,-537.3603515625,-157644.828125,26513.22265625,-2505.552734375,-5.1031694412231445,-22.342334747314453,-101.76864624023438,25335.77734375,9398.244140625,-4176.845703125,-0.0,-0.0,-0.0,-0.0,-0.0,-0.0,-0.0066375732421875,-0.0057220458984375,-0.0090789794921875,-0.0101470947265625,-0.007476806640625,-0.010528564453125,-0.005950927734375,-0.01514434814453125,-0.0045013427734375,-0.00980377197265625,-0.01708984375,-0.0109100341796875,-0.01605987548828125,-0.006256103515625,-0.00457763671875,-0.0189971923828125,0.0860595703125,0.114593505859375,0.079498291015625,0.093231201171875,0.126190185546875,0.08819580078125,0.084228515625,0.089111328125,0.102081298828125,0.142974853515625,0.11322021484375,0.09368896484375,-0.010833740234375,-0.20751953125,0.1055908203125,-1.033782958984375,-1.1231448650360107
279,0.1395,-0.0,-0.0,-0.0,-0.0,-0.0,-0.0,7.1368408203125,14.126496315002441,-539.848876953125,-158654.359375,27022.345703125,-2271.61328125,-5.326837062835693,-20.928068161010742,-95.49021911621094,24035.630859375,8893.2021484375,-4101.8076171875,-0.0,-0.0,-0.0,-0.0,-0.0,-0.0,-0.00530242919921875,-0.0057220458984375,-0.0077056884765625,-0.01110076904296875,-0.00751495361328125,-0.01132965087890625,-0.0067901611328125,-0.01636505126953125,-0.00499725341796875,-0.009765625,-0.0246429443359375,-0.00965118408203125,-0.0162506103515625,-0.00762939453125,-0.00400543212890625,-0.02147674560546875,0.09674072265625,0.0885009765625,0.113067626953125,0.097198486328125,0.0640869140625,0.10528564453125,0.19378662109375,0.097808837890625,0.105133056640625,0.09979248046875,0.0994873046875,0.09735107421875,-0.087432861328125,-0.40863037109375,0.33111572265625,-0.779876708984375,-2.95245099067688
280,0.14,-0.0,-0.0,-0.0,-0.0,-0.0,-0.0,6.107827663421631,14.440361022949219,-542.6633911132812,-159753.328125,27583.74609375,-2065.154296875,-5.1439361572265625,-19.516525268554688,-90.77434539794922,23127.453125,8464.453125,-4012.829833984375,-0.0,-0.0,-0.0,-0.0,-0.0,-0.0,0.005645751953125,0.0058746337890625,0.00873565673828125,0.01186370849609375,0.0096893310546875,0.011138916015625,0.00919342041015625,0.01575469970703125,0.00579833984375,0.00667572021484375,0.01922607421875,0.01010894775390625,0.01728057861328125,0.008392333984375,0.00331878662109375,0.02071380615234375,-0.010528564453125,0.11688232421875,0.110626220703125,0.096893310546875,0.079345703125,0.091400146484375,0.093536376953125,0.103607177734375,0.102386474609375,0.109100341796875,0.095672607421875,0.091552734375,0.221405029296875,0.46417236328125,0.19622802734375,1.1822509765625,15.645493507385254
281,0.1405,-0.0,-0.0,-0.0,-0.0,-0.0,-0.0,6.02117395401001,14.48636531829834,-546.190673828125,-160432.0,28082.150390625,-1831.9732666015625,-5.278853893280029,-18.06346321105957,-88.33535766601562,22022.521484375,8340.02734375,-3909.3515625,-0.0,-0.0,-0.0,-0.0,-0.0,-0.0,0.007781982421875,0.00728607177734375,0.01018524169921875,0.01361846923828125,0.01026153564453125,0.01178741455078125,0.00812530517578125,0.0179290771484375,0.004730224609375,0.01026153564453125,0.0244140625,0.00606536865234375,0.01415252685546875,0.00873565673828125,0.00278472900390625,0.0201416015625,0.16204833984375,0.080718994140625,0.077667236328125,0.096588134765625,0.09735107421875,0.08087158203125,0.09979248046875,0.088348388671875,0.112762451171875,0.09185791015625,0.098419189453125,0.101776123046875,0.56884765625,0.9869384765625,-0.4595947265625,0.916595458984375,9.547806739807129
282,0.14100000000000001,-0.0,-0.0,-0.0,-0.0,-0.0,-0.0,5.441841125488281,14.485133171081543,-548.317626953125,-161307.515625,28401.146484375,-1656.6934814453125,-5.634660243988037,-16.64813232421875,-83.96896362304688,20981.216796875,7912.03857421875,-3761.92724609375,-0.0,-0.0,-0.0,-0.0,-0.0,-0.0,-0.00522613525390625,-0.00583648681640625,-0.00705718994140625,-0.01064300537109375,-0.00789642333984375,-0.01140594482421875,-0.00782012939453125,-0.01628875732421875,-0.006256103515625,-0.00732421875,-0.01834869384765625,-0.01026153564453125,-0.01590728759765625,-0.00751495361328125,-0.0032806396484375,-0.02044677734375,0.159759521484375,0.0994873046875,0.11260986328125,0.10009765625,0.081024169921875,0.107574462890625,0.108795166015625,0.110321044921875,0.100860595703125,0.093841552734375,0.11199951171875,0.11199951171875,-0.233612060546875,-0.04119873046875,-0.14984130859375,-0.840301513671875,-2.95245099067688
283,0.14150000000000001,-0.0,-0.0,-0.0,-0.0,-0.0,-0.0,5.087433815002441,14.618196487426758,-551.4856567382812,-161921.828125,28767.09375,-1378.5177001953125,-5.503533840179443,-15.410840034484863,-78.36919403076172,19854.8125,7393.7490234375,-3537.269775390625,-0.0,-0.0,-0.0,-0.0,-0.0,-0.0,-0.00545501708984375,-0.00362396240234375,-0.00896453857421875,-0.01094818115234375,-0.00728607177734375,-0.0122833251953125,-0.005950927734375,-0.01861572265625,-0.003814697265625,-0.01064300537109375,-0.0243377685546875,-0.00728607177734375,-0.01613616943359375,-0.00820159912109375,-0.0042724609375,-0.02048492431640625,0.129241943359375,0.108642578125,0.102996826171875,0.104522705078125,0.10498046875,0.101318359375,0.0457763671875,0.10894775390625,0.113067626953125,0.14678955078125,0.10711669921875,0.098876953125,-0.29541015625,-0.7086181640625,0.54107666015625,-0.602874755859375,-0.20849192142486572
284,0.14200000000000002,-0.0,-0.0,-0.0,-0.0,-0.0,-0.0,4.681901931762695,14.482701301574707,-552.7213745117188,-162690.234375,29216.056640625,-1188.1053466796875,-5.279365062713623,-14.395722389221191,-74.5424575805664,18607.119140625,6854.27783203125,-3418.77587890625,-0.0,-0.0,-0.0,-0.0,-0.0,-0.0,0.00797271728515625,0.0045013427734375,0.010528564453125,0.0106048583984375,0.00797271728515625,0.0110626220703125,0.0051116943359375,0.01708984375,0.00492095947265625,0.00980377197265625,0.0170135498046875,0.01148223876953125,0.01495361328125,0.00652313232421875,0.0032806396484375,0.0189971923828125,0.087127685546875,0.082550048828125,0.07904052734375,0.0946044921875,0.088958740234375,0.08819580078125,0.086822509765625,0.088348388671875,0.1165771484375,0.03448486328125,0.098419189453125,0.09429931640625,0.26641845703125,0.22735595703125,0.17852783203125,1.214752197265625,11.681997299194336
285,0.14250000000000002,-0.0,-0.0,-0.0,-0.0,-0.0,-0.0,4.372969627380371,14.661675453186035,-556.7936401367188,-163241.765625,29376.57421875,-1232.231201171875,-5.056514739990234,-12.806039810180664,-68.4337158203125,17393.564453125,6137.91845703125,-3121.369873046875,-0.0,-0.0,-0.0,-0.0,-0.0,-0.0,0.00457763671875,0.005340576171875,0.00911712646484375,0.0131988525390625,0.00843048095703125,0.01102447509765625,0.009918212890625,0.01697540283203125,0.008697509765625,0.01087188720703125,0.02445220947265625,0.0067901611328125,0.017242431640625,0.00728607177734375,0.00171661376953125,0.0217437744140625,0.099945068359375,0.101776123046875,0.103759765625,0.099029541015625,0.10772705078125,0.096893310546875,0.113677978515625,0.101165771484375,0.09552001953125,0.1910400390625,0.0921630859375,0.106201171875,0.394744873046875,0.7073974609375,-0.44830322265625,1.09222412109375,3.755004405975342
286,0.14300000000000002,-0.0,-0.0,-0.0,-0.0,-0.0,-0.0,4.014858722686768,14.841560363769531,-558.556396484375,-164096.78125,29857.787109375,-968.1063232421875,-4.48011589050293,-11.393497467041016,-62.15247344970703,16353.453125,5700.46044921875,-2927.765869140625,-0.0,-0.0,-0.0,-0.0,-0.0,-0.0,-0.0057220458984375,-0.0060272216796875,-0.00812530517578125,-0.01129150390625,-0.00579833984375,-0.01003265380859375,-0.00614166259765625,-0.01659393310546875,-0.004425048828125,-0.0064849853515625,-0.018157958984375,-0.00949859619140625,-0.0160980224609375,-0.00621795654296875,-0.0045013427734375,-0.01995086669921875,0.0823974609375,0.09124755859375,0.092315673828125,0.086517333984375,0.102386474609375,0.088043212890625,0.09185791015625,0.084075927734375,0.129241943359375,0.0286865234375,0.0885009765625,0.08880615234375,0.08636474609375,-0.0506591796875,0.1715087890625,-0.917205810546875,-0.8182606101036072
287,0.14350000000000002,-0.0,-0.0,-0.0,-0.0,-0.0,-0.0,3.88053297996521,14.349249839782715,-562.265380859375,-164945.265625,30382.599609375,-895.7296142578125,-4.080696105957031,-9.715385437011719,-56.91412353515625,14804.5068359375,5169.4404296875,-2541.696533203125,-0.0,-0.0,-0.0,-0.0,-0.0,-0.0,-0.0045013427734375,-0.00514984130859375,-0.00827789306640625,-0.01171112060546875,-0.008697509765625,-0.0115966796875,-0.00919342041015625,-0.01834869384765625,-0.00446319580078125,-0.01201629638671875,-0.02185821533203125,-0.00820159912109375,-0.01674652099609375,-0.0080108642578125,-0.003204345703125,-0.019989013671875,0.0775146484375,0.09124755859375,0.099029541015625,0.101165771484375,0.13671875,0.10223388671875,0.01953125,0.10589599609375,0.09552001953125,0.122528076171875,0.11810302734375,0.097808837890625,-0.39459228515625,-0.301513671875,0.40557861328125,-0.77178955078125,-2.342682361602783
288,0.14400000000000002,-0.0,-0.0,-0.0,-0.0,-0.0,-0.0,4.014191150665283,14.483760833740234,-565.7943115234375,-165931.671875,30658.0390625,-691.044677734375,-3.991786003112793,-8.479080200195312,-52.546138763427734,13544.541015625,4591.76123046875,-2333.58642578125,-0.0,-0.0,-0.0,-0.0,-0.0,-0.0,0.00579833984375,0.006103515625,0.00804901123046875,0.01308441162109375,0.0090789794921875,0.0121307373046875,0.005645751953125,0.01796722412109375,0.00461578369140625,0.008087158203125,0.018157958984375,0.01033782958984375,0.01750946044921875,0.00629425048828125,0.00400543212890625,0.0188446044921875,0.063629150390625,0.101470947265625,0.107574462890625,0.09552001953125,0.06866455078125,0.1019287109375,0.0439453125,0.094146728515625,0.108795166015625,-0.018310546875,0.097198486328125,0.0921630859375,0.37261962890625,0.1153564453125,0.11260986328125,1.19537353515625,9.852691650390625
289,0.1445,-0.0,-0.0,-0.0,-0.0,-0.0,-0.0,3.5237278938293457,13.904317855834961,-568.2662353515625,-167213.0,31072.69921875,-545.207763671875,-3.6371076107025146,-6.800631999969482,-45.38943862915039,11895.28515625,3707.906005859375,-2036.294921875,-0.0,-0.0,-0.0,-0.0,-0.0,-0.0,0.00591278076171875,0.0070953369140625,0.0092315673828125,0.0118255615234375,0.00896453857421875,0.009765625,0.0084686279296875,0.016326904296875,0.0029754638671875,0.008087158203125,0.02513885498046875,0.00537872314453125,0.014801025390625,0.006866455078125,0.00194549560546875,0.0217437744140625,0.1165771484375,0.10986328125,0.0927734375,0.10009765625,0.125885009765625,0.09796142578125,0.11383056640625,0.0982666015625,0.107269287109375,0.17913818359375,0.094146728515625,0.110321044921875,0.049896240234375,1.138916015625,-0.3399658203125,1.01226806640625,3.145235776901245
290,0.145,-0.0,-0.0,-0.0,-0.0,-0.0,-0.0,3.3007888793945312,13.949505805969238,-570.5619506835938,-168329.140625,31885.462890625,-398.8385314941406,-2.9276013374328613,-5.741199016571045,-39.105552673339844,10148.6875,3396.411376953125,-1649.8824462890625,-0.0,-0.0,-0.0,-0.0,-0.0,-0.0,-0.005035400390625,-0.00598907470703125,-0.00865936279296875,-0.01010894775390625,-0.0080108642578125,-0.008697509765625,-0.00675201416015625,-0.0153350830078125,-0.00751495361328125,-0.00652313232421875,-0.0176239013671875,-0.00972747802734375,-0.01621246337890625,-0.00713348388671875,-0.0023651123046875,-0.0212860107421875,0.148773193359375,0.065765380859375,0.09307861328125,0.096435546875,0.11871337890625,0.094757080078125,0.1611328125,0.1007080078125,0.113372802734375,0.105743408203125,0.11810302734375,0.102996826171875,0.075836181640625,0.0433349609375,0.069580078125,-0.719757080078125,1.6208140850067139
291,0.1455,-0.0,-0.0,-0.0,-0.0,-0.0,-0.0,3.1671154499053955,13.54640007019043,-574.09228515625,-169350.390625,31998.365234375,-267.44891357421875,-2.6619935035705566,-4.372479438781738,-32.8220100402832,8715.4833984375,2624.393798828125,-1412.2322998046875,-0.0,-0.0,-0.0,-0.0,-0.0,-0.0,-0.00606536865234375,-0.0038909912109375,-0.00881195068359375,-0.0121307373046875,-0.0083160400390625,-0.0121307373046875,-0.007171630859375,-0.01895904541015625,-0.00396728515625,-0.01247406005859375,-0.022735595703125,-0.0103759765625,-0.01514434814453125,-0.00579833984375,-0.000762939453125,-0.0200653076171875,0.091400146484375,0.115966796875,0.11444091796875,0.09796142578125,0.08331298828125,0.095672607421875,0.1019287109375,0.090179443359375,0.097808837890625,0.094146728515625,0.088653564453125,0.09368896484375,-0.640106201171875,-0.6402587890625,0.1611328125,-0.64788818359375,-3.5622196197509766
292,0.146,-0.0,-0.0,-0.0,-0.0,-0.0,-0.0,2.586233139038086,13.236082077026367,-578.8636474609375,-170379.609375,32527.8515625,-33.54667282104492,-2.262685775756836,-3.2682745456695557,-26.5355224609375,7065.3779296875,2005.0318603515625,-1010.6417846679688,-0.0,-0.0,-0.0,-0.0,-0.0,-0.0,0.00675201416015625,0.0052642822265625,0.00949859619140625,0.0106048583984375,0.00873565673828125,0.01163482666015625,0.00736236572265625,0.01850128173828125,0.003662109375,0.00885009765625,0.01583099365234375,0.0115966796875,0.013580322265625,0.0092315673828125,0.00530242919921875,0.0208282470703125,0.063934326171875,0.12481689453125,0.103607177734375,0.104827880859375,0.084381103515625,0.10040283203125,0.081939697265625,0.094757080078125,0.099029541015625,0.12969970703125,0.095977783203125,0.092315673828125,0.028076171875,0.01312255859375,0.15045166015625,0.751800537109375,9.547806739807129
293,0.1465,-0.0,-0.0,-0.0,-0.0,-0.0,-0.0,2.275683641433716,12.835864067077637,-580.9745483398438,-171536.96875,32657.36328125,-34.27468490600586,-1.7732536792755127,-1.8991557359695435,-21.651185989379883,5765.05908203125,1420.5546875,-698.7680053710938,-0.0,-0.0,-0.0,-0.0,-0.0,-0.0,0.00762939453125,0.0077056884765625,0.0096893310546875,0.012969970703125,0.0084686279296875,0.0118255615234375,0.0074005126953125,0.0164794921875,0.00308990478515625,0.01033782958984375,0.02429962158203125,0.00713348388671875,0.0188446044921875,0.0079345703125,0.004730224609375,0.02155303955078125,0.114288330078125,0.089569091796875,0.100860595703125,0.093994140625,0.21942138671875,0.089569091796875,0.1300048828125,0.096282958984375,0.1080322265625,0.136566162109375,0.103302001953125,0.096588134765625,0.6640625,0.8477783203125,-0.14556884765625,1.3018798828125,2.8403513431549072
294,0.147,-0.0,-0.0,-0.0,-0.0,-0.0,-0.0,2.1396334171295166,12.567386627197266,-584.6851806640625,-172633.5625,33005.80859375,38.21527862548828,-0.0,-0.0,-0.0,-0.0,-0.0,-0.0,-0.0,-0.0,-0.0,-0.0,-0.0,-0.0,-0.00789642333984375,-0.0057220458984375,-0.0099945068359375,-0.009307861328125,-0.008697509765625,-0.0096893310546875,-0.0070953369140625,-0.0162506103515625,-0.0061798095703125,-0.0079345703125,-0.01617431640625,-0.008392333984375,-0.01712799072265625,-0.00835418701171875,-0.00301361083984375,-0.0211334228515625,0.10650634765625,0.0390625,0.0750732421875,0.09521484375,0.00640869140625,0.102081298828125,0.1153564453125,0.094451904296875,0.108795166015625,0.0164794921875,0.101776123046875,0.09857177734375,0.2783203125,0.21575927734375,0.26824951171875,-0.9918212890625,-0.5133762359619141
295,0.1475,-0.0,-0.0,-0.0,-0.0,-0.0,-0.0,1.6049425601959229,11.855189323425293,-587.5164794921875,-173841.46875,33359.58203125,155.43605041503906,-0.0,-0.0,-0.0,-0.0,-0.0,-0.0,-0.0,-0.0,-0.0,-0.0,-0.0,-0.0,-0.004425048828125,-0.0052642822265625,-0.0078582763671875,-0.01064300537109375,-0.00789642333984375,-0.0107574462890625,-0.00682830810546875,-0.0159454345703125,-0.00518798828125,-0.010223388671875,-0.02529144287109375,-0.0093841552734375,-0.0185394287109375,-0.00885009765625,-0.0031280517578125,-0.02063751220703125,0.07476806640625,0.11962890625,0.1043701171875,0.106353759765625,0.111083984375,0.106048583984375,0.10223388671875,0.099945068359375,0.11444091796875,0.106353759765625,0.073699951171875,0.0927734375,0.06744384765625,-0.99945068359375,0.2215576171875,-1.02783203125,-1.4280292987823486
296,0.148,-0.0,-0.0,-0.0,-0.0,-0.0,-0.0,1.5175327062606812,11.452779769897461,-594.7550048828125,-175266.328125,33448.890625,228.07872009277344,-0.0,-0.0,-0.0,-0.0,-0.0,-0.0,-0.0,-0.0,-0.0,-0.0,-0.0,-0.0,0.00701904296875,0.0045013427734375,0.00881195068359375,0.0116729736328125,0.009613037109375,0.011138916015625,0.007171630859375,0.0164794921875,0.0055694580078125,0.00743865966796875,0.01880645751953125,0.0109100341796875,0.01617431640625,0.009613037109375,0.003204345703125,0.0223541259765625,0.11383056640625,0.121612548828125,0.10955810546875,0.09765625,-0.0006103515625,0.10162353515625,0.112457275390625,0.10284423828125,0.095672607421875,0.081024169921875,0.122528076171875,0.1251220703125,0.204620361328125,0.206298828125,0.08453369140625,0.9783935546875,8.328269958496094
297,0.1485,-0.0,-0.0,-0.0,-0.0,-0.0,-0.0,1.4758927822113037,10.519624710083008,-598.4522705078125,-176631.609375,33976.98046875,315.0283508300781,-0.0,-0.0,-0.0,-0.0,-0.0,-0.0,-0.0,-0.0,-0.0,-0.0,-0.0,-0.0,0.00652313232421875,0.00598907470703125,0.00995635986328125,0.01232147216796875,0.00873565673828125,0.01407623291015625,0.00743865966796875,0.01819610595703125,0.0058746337890625,0.01033782958984375,0.02651214599609375,0.008087158203125,0.01644134521484375,0.00644683837890625,0.00316619873046875,0.0189971923828125,0.10986328125,0.1080322265625,0.108184814453125,0.108795166015625,0.015716552734375,0.1007080078125,0.099639892578125,0.116119384765625,0.1153564453125,0.167999267578125,0.117340087890625,0.10894775390625,0.476531982421875,1.05987548828125,-0.08941650390625,1.126708984375,4.974541664123535
298,0.149,-0.0,-0.0,-0.0,-0.0,-0.0,-0.0,1.6937713623046875,10.389214515686035,-603.7684326171875,-178348.09375,34381.7109375,359.7181396484375,-0.0,-0.0,-0.0,-0.0,-0.0,-0.0,-0.0,-0.0,-0.0,-0.0,-0.0,-0.0,-0.0048065185546875,-0.0051116943359375,-0.0083160400390625,-0.01186370849609375,-0.00797271728515625,-0.0112152099609375,-0.0101470947265625,-0.01636505126953125,-0.00621795654296875,-0.00640869140625,-0.0193023681640625,-0.0102996826171875,-0.0167083740234375,-0.0066375732421875,-0.003814697265625,-0.02117156982421875,0.1116943359375,0.092926025390625,0.097503662109375,0.100555419921875,0.11810302734375,0.09857177734375,0.09918212890625,0.101470947265625,0.113525390625,0.07537841796875,0.068359375,0.061492919921875,0.251007080078125,0.03021240234375,0.02044677734375,-0.96954345703125,0.7061610817909241
299,0.1495,-0.0,-0.0,-0.0,-0.0,-0.0,-0.0,1.425987958908081,10.60789680480957,-607.6324462890625,-180039.75,34280.71875,431.5839538574219,-0.0,-0.0,-0.0,-0.0,-0.0,-0.0,-0.0,-0.0,-0.0,-0.0,-0.0,-0.0,-0.00507354736328125,-0.0043487548828125,-0.008697509765625,-0.01003265380859375,-0.00865936279296875,-0.0112152099609375,-0.00858306884765625,-0.01781463623046875,-0.005035400390625,-0.01186370849609375,-0.0246429443359375,-0.00965118408203125,-0.01708984375,-0.00774383544921875,-0.00255584716796875,-0.019073486328125,0.128021240234375,0.084991455078125,0.101165771484375,0.08148193359375,0.1385498046875,0.094757080078125,0.035858154296875,0.094451904296875,0.08941650390625,0.159912109375,0.088958740234375,0.0933837890625,-0.52001953125,-0.927734375,0.1715087890625,-0.81268310546875,-2.0377979278564453
300,0.15,-0.0,-0.0,-0.0,-0.0,-0.0,-0.0,1.3396892547607422,10.6533784866333,-611.5280151367188,-181157.25,34954.53125,577.7761840820312,-0.0,-0.0,-0.0,-0.0,-0.0,-0.0,-0.0,-0.0,-0.0,-0.0,-0.0,-0.0,0.00614166259765625,0.0070953369140625,0.009765625,0.0118255615234375,0.0095367431640625,0.0106048583984375,0.00774383544921875,0.0164031982421875,0.0051116943359375,0.00873565673828125,0.019073486328125,0.01102447509765625,0.018157958984375,0.00732421875,0.00270843505859375,0.020599365234375,0.076904296875,0.09613037109375,0.09918212890625,0.10040283203125,0.103759765625,0.0958251953125,0.033111572265625,0.093231201171875,0.095672607421875,0.01861572265625,0.0958251953125,0.09124755859375,0.14801025390625,0.1361083984375,0.22705078125,1.196746826171875,5.584310531616211
301,0.1505,-0.0,-0.0,-0.0,-0.0,-0.0,-0.0,0.8078146576881409,9.980966567993164,-614.8992919921875,-182366.625,35042.859375,620.367431640625,-0.0,-0.0,-0.0,-0.0,-0.0,-0.0,-0.0,-0.0,-0.0,-0.0,-0.0,-0.0,0.0063323974609375,0.00579833984375,0.00904083251953125,0.0115966796875,0.00919342041015625,0.01010894775390625,0.00614166259765625,0.01628875732421875,0.00423431396484375,0.013427734375,0.02582550048828125,0.01094818115234375,0.01590728759765625,0.00820159912109375,0.004119873046875,0.020599365234375,0.103302001953125,0.112152099609375,0.088653564453125,0.0927734375,0.101318359375,0.102081298828125,0.1361083984375,0.095977783203125,0.1007080078125,0.075531005859375,0.095367431640625,0.100555419921875,0.727081298828125,1.47064208984375,0.0286865234375,1.1016845703125,7.413616180419922
302,0.151,-0.0,-0.0,-0.0,-0.0,-0.0,-0.0,0.5771597027778625,9.795323371887207,-617.5386962890625,-183101.953125,35268.15234375,855.2283935546875,-0.0,-0.0,-0.0,-0.0,-0.0,-0.0,-0.0,-0.0,-0.0,-0.0,-0.0,-0.0,-0.0057220458984375,-0.0049591064453125,-0.00965118408203125,-0.01079559326171875,-0.0104522705078125,-0.01049041748046875,-0.0063323974609375,-0.01850128173828125,-0.004425048828125,-0.00823974609375,-0.01861572265625,-0.01316070556640625,-0.0145721435546875,-0.008697509765625,-0.0026702880859375,-0.02166748046875,0.081024169921875,0.11688232421875,0.086669921875,0.09521484375,0.1409912109375,0.097808837890625,0.0836181640625,0.1019287109375,0.099639892578125,0.0830078125,0.13275146484375,0.09918212890625,0.188446044921875,0.1080322265625,-0.1947021484375,-0.659637451171875,-5.696409702301025
303,0.1515,-0.0,-0.0,-0.0,-0.0,-0.0,-0.0,0.04364781454205513,9.899213790893555,-619.8232421875,-183610.796875,35678.453125,1031.4896240234375,-0.0,-0.0,-0.0,-0.0,-0.0,-0.0,-0.0,-0.0,-0.0,-0.0,-0.0,-0.0,-0.00682830810546875,-0.0070953369140625,-0.00904083251953125,-0.01255035400390625,-0.00885009765625,-0.010833740234375,-0.0041961669921875,-0.01621246337890625,-0.00354766845703125,-0.00865936279296875,-0.02521514892578125,-0.0061798095703125,-0.01659393310546875,-0.00652313232421875,-0.00152587890625,-0.01949310302734375,0.08148193359375,0.122833251953125,0.091552734375,0.09613037109375,0.037384033203125,0.09674072265625,0.06072998046875,0.10040283203125,0.09063720703125,0.075836181640625,0.11260986328125,0.098419189453125,-0.24688720703125,-1.16851806640625,0.4541015625,-0.7965087890625,-2.95245099067688
304,0.152,-0.0,-0.0,-0.0,-0.0,-0.0,-0.0,0.13484197854995728,9.709061622619629,-620.5128173828125,-183875.5625,35595.328125,1089.122314453125,-0.0,-0.0,-0.0,-0.0,-0.0,-0.0,-0.0,-0.0,-0.0,-0.0,-0.0,-0.0,0.00598907470703125,0.00667572021484375,0.00919342041015625,0.012969970703125,0.0072479248046875,0.01209259033203125,0.00888824462890625,0.01689910888671875,0.00682830810546875,0.00698089599609375,0.0196075439453125,0.01171112060546875,0.01834869384765625,0.00659942626953125,0.00499725341796875,0.02109527587890625,0.08270263671875,0.0897216796875,0.11474609375,0.103912353515625,0.075225830078125,0.1116943359375,0.089874267578125,0.109405517578125,0.106353759765625,0.067901611328125,0.1177978515625,0.117950439453125,0.10894775390625,-0.0390625,0.416259765625,1.17340087890625,8.93803882598877
305,0.1525,-0.0,-0.0,-0.0,-0.0,-0.0,-0.0,-0.5743229985237122,9.358692169189453,-620.3561401367188,-183953.890625,35644.0703125,1205.20263671875,-0.0,-0.0,-0.0,-0.0,-0.0,-0.0,-0.0,-0.0,-0.0,-0.0,-0.0,-0.0,0.006256103515625,0.00820159912109375,0.01003265380859375,0.01224517822265625,0.008544921875,0.01125335693359375,0.0084686279296875,0.01743316650390625,0.0055694580078125,0.01216888427734375,0.02437591552734375,0.00408172607421875,0.0136566162109375,0.00675201416015625,0.00324249267578125,0.01956939697265625,0.10894775390625,0.12054443359375,0.1116943359375,0.10284423828125,0.19561767578125,0.110321044921875,0.106964111328125,0.105743408203125,0.09246826171875,0.08209228515625,0.102996826171875,0.1068115234375,0.773773193359375,1.37451171875,-0.472412109375,1.05682373046875,2.5354671478271484
306,0.153,-0.0,-0.0,-0.0,-0.0,-0.0,-0.0,-0.3134002685546875,9.178106307983398,-619.449951171875,-183977.703125,35454.9140625,1411.1346435546875,-0.0,-0.0,-0.0,-0.0,-0.0,-0.0,-0.0,-0.0,-0.0,-0.0,-0.0,-0.0,-0.006256103515625,-0.0067138671875,-0.00896453857421875,-0.012359619140625,-0.0089263916015625,-0.0109100341796875,-0.00682830810546875,-0.01758575439453125,-0.00865936279296875,-0.00644683837890625,-0.01995086669921875,-0.01041412353515625,-0.01651763916015625,-0.00812530517578125,-0.00225067138671875,-0.02277374267578125,0.10894775390625,0.106048583984375,0.10467529296875,0.095977783203125,0.05340576171875,0.10467529296875,0.10009765625,0.09735107421875,0.1055908203125,0.1214599609375,0.0836181640625,0.09490966796875,0.247039794921875,0.0128173828125,-0.10345458984375,-0.697021484375,-4.78175687789917
307,0.1535,-0.0,-0.0,-0.0,-0.0,-0.0,-0.0,-0.4410948157310486,9.305459022521973,-619.8209838867188,-183843.03125,35680.13671875,1235.8211669921875,-0.0,-0.0,-0.0,-0.0,-0.0,-0.0,-0.0,-0.0,-0.0,-0.0,-0.0,-0.0,-0.00415802001953125,-0.00499725341796875,-0.00896453857421875,-0.00995635986328125,-0.00701904296875,-0.00988006591796875,-0.0063323974609375,-0.0189971923828125,-0.00492095947265625,-0.01201629638671875,-0.02445220947265625,-0.0090789794921875,-0.01129150390625,-0.00759124755859375,-0.0042724609375,-0.01903533935546875,0.04486083984375,0.1031494140625,0.088653564453125,0.097503662109375,0.04791259765625,0.104522705078125,0.1043701171875,0.090789794921875,0.104827880859375,0.09674072265625,0.07904052734375,0.101165771484375,-0.05889892578125,-0.96771240234375,0.28228759765625,-0.250701904296875,-2.95245099067688
308,0.154,-0.0,-0.0,-0.0,-0.0,-0.0,-0.0,-0.44079267978668213,9.350809097290039,-618.0440673828125,-183719.96875,35734.10546875,1410.4451904296875,-0.0,-0.0,-0.0,-0.0,-0.0,-0.0,-0.0,-0.0,-0.0,-0.0,-0.0,-0.0,0.005950927734375,0.00762939453125,0.0092315673828125,0.01232147216796875,0.0091552734375,0.0103759765625,0.00736236572265625,0.01735687255859375,0.0057220458984375,0.00926971435546875,0.01903533935546875,0.01407623291015625,0.0159454345703125,0.01010894775390625,0.00141143798828125,0.0218963623046875,0.079193115234375,0.07476806640625,0.0982666015625,0.09857177734375,0.1214599609375,0.095672607421875,0.0421142578125,0.091705322265625,0.1275634765625,0.096435546875,0.086517333984375,0.10009765625,0.0433349609375,0.1214599609375,0.15838623046875,1.01043701171875,10.4624605178833
309,0.1545,-0.0,-0.0,-0.0,-0.0,-0.0,-0.0,-0.35136643052101135,8.91030502319336,-616.6630249023438,-183246.390625,35593.6171875,1400.3441162109375,-0.0,-0.0,-0.0,-0.0,-0.0,-0.0,-0.0,-0.0,-0.0,-0.0,-0.0,-0.0,0.0058746337890625,0.0060272216796875,0.00762939453125,0.01239776611328125,0.00812530517578125,0.01354217529296875,0.00762939453125,0.01804351806640625,0.00705718994140625,0.00885009765625,0.023651123046875,0.00667572021484375,0.0151824951171875,0.0072479248046875,0.00400543212890625,0.01895904541015625,0.161895751953125,0.107879638671875,0.11077880859375,0.103302001953125,0.200347900390625,0.102081298828125,0.163726806640625,0.098724365234375,0.0787353515625,0.109710693359375,0.084381103515625,0.10040283203125,0.412750244140625,1.38458251953125,-0.386962890625,0.995941162109375,1.3159297704696655
310,0.155,-0.0,-0.0,-0.0,-0.0,-0.0,-0.0,-0.572609543800354,8.375356674194336,-615.0916137695312,-182574.828125,35723.625,1539.7557373046875,-0.0,-0.0,-0.0,-0.0,-0.0,-0.0,-0.0,-0.0,-0.0,-0.0,-0.0,-0.0,-0.0063323974609375,-0.0058746337890625,-0.0093841552734375,-0.01194000244140625,-0.0096893310546875,-0.012054443359375,-0.0061798095703125,-0.01827239990234375,-0.00362396240234375,-0.008087158203125,-0.01895904541015625,-0.01293182373046875,-0.0174713134765625,-0.00946044921875,-0.00244140625,-0.02254486083984375,0.112762451171875,0.08087158203125,0.07904052734375,0.0921630859375,0.125885009765625,0.099639892578125,0.098419189453125,0.087738037109375,0.1409912109375,0.119171142578125,0.091094970703125,0.0848388671875,-0.080413818359375,0.09185791015625,-0.164794921875,-0.759124755859375,-0.8182606101036072
311,0.1555,-0.0,-0.0,-0.0,-0.0,-0.0,-0.0,-0.20947521924972534,8.470396995544434,-613.8505859375,-182247.28125,35516.21484375,1524.5379638671875,-0.0,-0.0,-0.0,-0.0,-0.0,-0.0,-0.0,-0.0,-0.0,-0.0,-0.0,-0.0,-0.005645751953125,-0.00553131103515625,-0.0089263916015625,-0.01068115234375,-0.0074005126953125,-0.01232147216796875,-0.007476806640625,-0.01789093017578125,-0.00518798828125,-0.01068115234375,-0.0244140625,-0.00522613525390625,-0.01552581787109375,-0.00530242919921875,-0.00347137451171875,-0.01735687255859375,0.10894775390625,0.0921630859375,0.1055908203125,0.107421875,0.114288330078125,0.116424560546875,0.136566162109375,0.107269287109375,0.065765380859375,0.128631591796875,0.08544921875,0.098419189453125,-0.453948974609375,-1.53533935546875,0.3485107421875,-0.89813232421875,-1.4280292987823486
312,0.156,-0.0,-0.0,-0.0,-0.0,-0.0,-0.0,-0.544709324836731,8.144420623779297,-613.1453247070312,-181821.0625,35173.46875,1424.4578857421875,-0.0,-0.0,-0.0,-0.0,-0.0,-0.0,-0.0,-0.0,-0.0,-0.0,-0.0,-0.0,0.00732421875,0.0061798095703125,0.00919342041015625,0.0116729736328125,0.00865936279296875,0.01140594482421875,0.00698089599609375,0.01865386962890625,0.00423431396484375,0.011444091796875,0.01972198486328125,0.0116729736328125,0.01583099365234375,0.00934600830078125,0.00274658203125,0.0211334228515625,0.077056884765625,0.0970458984375,0.104522705078125,0.094451904296875,0.125732421875,0.1055908203125,0.091705322265625,0.096282958984375,0.096435546875,0.11444091796875,0.088043212890625,0.14068603515625,0.140228271484375,0.03570556640625,0.06744384765625,0.891571044921875,10.4624605178833
313,0.1565,-0.0,-0.0,-0.0,-0.0,-0.0,-0.0,-0.1321585327386856,7.678460597991943,-611.3676147460938,-181158.859375,34919.5234375,1567.9820556640625,-0.0,-0.0,-0.0,-0.0,-0.0,-0.0,-0.0,-0.0,-0.0,-0.0,-0.0,-0.0,0.006866455078125,0.00637054443359375,0.00823974609375,0.0102996826171875,0.0064849853515625,0.01056671142578125,0.00438690185546875,0.01682281494140625,0.00530242919921875,0.012359619140625,0.024871826171875,0.0045013427734375,0.01590728759765625,0.0067901611328125,0.00701904296875,0.01979827880859375,0.066070556640625,0.1123046875,0.10009765625,0.077362060546875,0.198822021484375,0.09552001953125,0.0579833984375,0.10406494140625,0.11474609375,0.12451171875,0.078582763671875,0.104827880859375,0.693817138671875,1.5655517578125,-0.45806884765625,0.87677001953125,8.328269958496094
314,0.157,-0.0,-0.0,-0.0,-0.0,-0.0,-0.0,0.36026474833488464,7.483534336090088,-609.5479125976562,-180702.328125,34779.09375,1468.0692138671875,-0.0,-0.0,-0.0,-0.0,-0.0,-0.0,-0.0,-0.0,-0.0,-0.0,-0.0,-0.0,-0.00453948974609375,-0.0081634521484375,-0.00926971435546875,-0.01194000244140625,-0.0096893310546875,-0.011749267578125,-0.0083160400390625,-0.01758575439453125,-0.00530242919921875,-0.00804901123046875,-0.01781463623046875,-0.0106048583984375,-0.01667022705078125,-0.009002685546875,-0.00530242919921875,-0.0214385986328125,0.121307373046875,0.1025390625,0.094146728515625,0.09521484375,-0.037689208984375,0.093536376953125,0.097198486328125,0.094451904296875,0.10772705078125,0.10589599609375,0.067901611328125,0.050201416015625,0.328369140625,0.12664794921875,0.108642578125,-0.58319091796875,-15.147823333740234
315,0.1575,-0.0,-0.0,-0.0,-0.0,-0.0,-0.0,-0.060692042112350464,7.397823333740234,-610.1961669921875,-180694.65625,34686.7734375,1555.8311767578125,-0.0,-0.0,-0.0,-0.0,-0.0,-0.0,-0.0,-0.0,-0.0,-0.0,-0.0,-0.0,-0.0034332275390625,-0.0048065185546875,-0.00682830810546875,-0.00919342041015625,-0.00762939453125,-0.00896453857421875,-0.00766754150390625,-0.01514434814453125,-0.00583648681640625,-0.0107574462890625,-0.02471923828125,-0.00812530517578125,-0.0160980224609375,-0.00782012939453125,-0.00255584716796875,-0.01918792724609375,0.043792724609375,-0.02899169921875,0.09063720703125,0.113983154296875,0.073699951171875,0.08758544921875,0.15106201171875,0.0860595703125,0.0927734375,0.12481689453125,0.065155029296875,0.077362060546875,-0.370635986328125,-1.259765625,0.474853515625,-0.99273681640625,-1.4280292987823486
316,0.158,-0.0,-0.0,-0.0,-0.0,-0.0,-0.0,-0.31037387251853943,7.3049702644348145,-609.588623046875,-180395.265625,34735.1484375,1572.2718505859375,-0.0,-0.0,-0.0,-0.0,-0.0,-0.0,-0.0,-0.0,-0.0,-0.0,-0.0,-0.0,0.00537872314453125,0.00972747802734375,0.0104522705078125,0.013427734375,0.009765625,0.01224517822265625,0.00759124755859375,0.017242431640625,0.00560760498046875,0.00919342041015625,0.02147674560546875,0.01010894775390625,0.01667022705078125,0.0075531005859375,0.00492095947265625,0.02147674560546875,0.116729736328125,0.1104736328125,0.1092529296875,0.069580078125,0.142669677734375,0.09796142578125,0.10498046875,0.091705322265625,0.118408203125,0.135345458984375,0.07232666015625,0.095367431640625,0.153045654296875,0.2423095703125,0.01953125,0.843658447265625,13.206418991088867
317,0.1585,-0.0,-0.0,-0.0,-0.0,-0.0,-0.0,-0.40719717741012573,7.219562530517578,-608.682861328125,-180249.484375,34938.5,1687.989501953125,-0.0,-0.0,-0.0,-0.0,-0.0,-0.0,-0.0,-0.0,-0.0,-0.0,-0.0,-0.0,0.0092315673828125,0.00827789306640625,0.00949859619140625,0.01354217529296875,0.0079345703125,0.0109100341796875,0.0074005126953125,0.017547607421875,0.004425048828125,0.0091552734375,0.02269744873046875,0.003662109375,0.0174713134765625,0.005340576171875,0.0049591064453125,0.01873016357421875,0.113525390625,0.091094970703125,0.085296630859375,0.101776123046875,0.293121337890625,0.096588134765625,0.230560302734375,0.110321044921875,0.091552734375,0.184478759765625,0.0701904296875,0.100555419921875,0.65673828125,1.771240234375,-0.44830322265625,1.54388427734375,3.145235776901245
318,0.159,-0.0,-0.0,-0.0,-0.0,-0.0,-0.0,-0.6896902322769165,7.21157169342041,-607.8543701171875,-179882.40625,35041.71484375,1924.635986328125,-0.0,-0.0,-0.0,-0.0,-0.0,-0.0,-0.0,-0.0,-0.0,-0.0,-0.0,-0.0,-0.00774383544921875,-0.00537872314453125,-0.0101470947265625,-0.01125335693359375,-0.008087158203125,-0.01079559326171875,-0.0064849853515625,-0.0185394287109375,-0.0035858154296875,-0.00843048095703125,-0.0209808349609375,-0.00919342041015625,-0.01613616943359375,-0.00743865966796875,-0.00545501708984375,-0.0217437744140625,0.122528076171875,0.108642578125,0.0970458984375,0.114593505859375,0.1434326171875,0.10833740234375,0.118865966796875,0.114288330078125,0.075531005859375,0.15167236328125,0.094146728515625,0.119476318359375,0.018157958984375,0.0054931640625,0.3082275390625,-0.36865234375,-0.20849192142486572
319,0.1595,-0.0,-0.0,-0.0,-0.0,-0.0,-0.0,-1.6991074085235596,7.452648639678955,-606.0242919921875,-179221.796875,34625.328125,2099.2802734375,-0.0,-0.0,-0.0,-0.0,-0.0,-0.0,-0.0,-0.0,-0.0,-0.0,-0.0,-0.0,-0.00579833984375,-0.0070953369140625,-0.00850677490234375,-0.01178741455078125,-0.0077056884765625,-0.0109100341796875,-0.0081634521484375,-0.0165557861328125,-0.005950927734375,-0.011444091796875,-0.02597808837890625,-0.00659942626953125,-0.01613616943359375,-0.00583648681640625,-0.0012969970703125,-0.01766204833984375,0.066986083984375,0.112152099609375,0.103912353515625,0.098114013671875,0.04547119140625,0.09613037109375,0.077056884765625,0.090484619140625,0.121612548828125,0.12481689453125,0.091400146484375,0.09185791015625,-0.692291259765625,-1.8017578125,0.38360595703125,-1.28173828125,-2.342682361602783
320,0.16,-0.0,-0.0,-0.0,-0.0,-0.0,-0.0,-1.920148253440857,7.627010345458984,-606.6285400390625,-178968.953125,34702.62109375,2213.729248046875,-0.0,-0.0,-0.0,-0.0,-0.0,-0.0,-0.0,-0.0,-0.0,-0.0,-0.0,-0.0,0.0069427490234375,0.00629425048828125,0.01026153564453125,0.01216888427734375,0.00946044921875,0.009918212890625,0.008544921875,0.01651763916015625,0.00537872314453125,0.0093841552734375,0.01934051513671875,0.01132965087890625,0.0150299072265625,0.0103759765625,0.00225067138671875,0.02292633056640625,0.1116943359375,0.087738037109375,0.074005126953125,0.107269287109375,-0.107421875,0.09735107421875,0.134735107421875,0.086822509765625,0.123443603515625,0.076904296875,0.111236572265625,0.094757080078125,0.33477783203125,-0.03021240234375,0.02899169921875,0.703887939453125,12.596650123596191
321,0.1605,-0.0,-0.0,-0.0,-0.0,-0.0,-0.0,-2.6250946521759033,7.8099260330200195,-603.7349243164062,-178507.28125,34857.86328125,2342.002685546875,-0.0,-0.0,-0.0,-0.0,-0.0,-0.0,-0.0,-0.0,-0.0,-0.0,-0.0,-0.0,0.00774383544921875,0.0078582763671875,0.009002685546875,0.0103759765625,0.008697509765625,0.01178741455078125,0.010986328125,0.01766204833984375,0.00537872314453125,0.01285552978515625,0.024566650390625,0.00392913818359375,0.0176239013671875,0.00728607177734375,0.00255584716796875,0.0173187255859375,0.081024169921875,0.11016845703125,0.11871337890625,0.05889892578125,0.2099609375,0.105438232421875,0.060577392578125,0.09918212890625,0.084991455078125,0.13092041015625,0.108642578125,0.102691650390625,1.0614013671875,1.80206298828125,-0.281982421875,1.562042236328125,4.974541664123535
322,0.161,-0.0,-0.0,-0.0,-0.0,-0.0,-0.0,-2.2212250232696533,7.703007698059082,-604.0695190429688,-177582.46875,34584.359375,2435.356201171875,-0.0,-0.0,-0.0,-0.0,-0.0,-0.0,-0.0,-0.0,-0.0,-0.0,-0.0,-0.0,-0.00583648681640625,-0.0051116943359375,-0.00934600830078125,-0.01293182373046875,-0.00896453857421875,-0.010833740234375,-0.00835418701171875,-0.01918792724609375,-0.00537872314453125,-0.00957489013671875,-0.0189971923828125,-0.01285552978515625,-0.01773834228515625,-0.00885009765625,-0.00278472900390625,-0.022735595703125,0.115814208984375,0.10009765625,0.095367431640625,0.116119384765625,0.252838134765625,0.10040283203125,0.088653564453125,0.125274658203125,0.074920654296875,0.027618408203125,0.111083984375,0.109405517578125,0.15472412109375,0.1171875,-0.03997802734375,-0.80474853515625,-3.8671038150787354
323,0.1615,-0.0,-0.0,-0.0,-0.0,-0.0,-0.0,-1.929703950881958,7.974837303161621,-603.3237915039062,-177264.625,34423.96875,2186.23388671875,-0.0,-0.0,-0.0,-0.0,-0.0,-0.0,-0.0,-0.0,-0.0,-0.0,-0.0,-0.0,-0.00720977783203125,-0.0041961669921875,-0.00827789306640625,-0.00965118408203125,-0.00762939453125,-0.00949859619140625,-0.0040435791015625,-0.01499176025390625,-0.00331878662109375,-0.0115966796875,-0.025634765625,-0.0081634521484375,-0.0176239013671875,-0.00576019287109375,-0.0032806396484375,-0.01850128173828125,0.17547607421875,0.078125,0.106964111328125,0.10589599609375,0.136260986328125,0.108184814453125,0.091552734375,0.09735107421875,0.05584716796875,0.063018798828125,0.12847900390625,0.116729736328125,-0.84625244140625,-1.99462890625,0.2911376953125,-1.320037841796875,0.40127673745155334
324,0.162,-0.0,-0.0,-0.0,-0.0,-0.0,-0.0,-1.7420159578323364,8.2939453125,-602.7684326171875,-176292.796875,34232.99609375,2080.173583984375,-0.0,-0.0,-0.0,-0.0,-0.0,-0.0,-0.0,-0.0,-0.0,-0.0,-0.0,-0.0,0.00713348388671875,0.006866455078125,0.0104522705078125,0.01312255859375,0.00980377197265625,0.01331329345703125,0.0077056884765625,0.01918792724609375,0.00457763671875,0.01186370849609375,0.0189208984375,0.0115966796875,0.01598358154296875,0.00972747802734375,0.00377655029296875,0.02338409423828125,0.060577392578125,0.085601806640625,0.096282958984375,0.115203857421875,0.19195556640625,0.095672607421875,0.09246826171875,0.1263427734375,0.046539306640625,0.05279541015625,0.112152099609375,0.086517333984375,0.41900634765625,0.0738525390625,0.16937255859375,0.728759765625,8.023386001586914
325,0.1625,-0.0,-0.0,-0.0,-0.0,-0.0,-0.0,-0.3841917812824249,7.880651950836182,-600.7786254882812,-175565.484375,33722.140625,1848.721435546875,-0.0,-0.0,-0.0,-0.0,-0.0,-0.0,-0.0,-0.0,-0.0,-0.0,-0.0,-0.0,0.00762939453125,0.006561279296875,0.00751495361328125,0.0106048583984375,0.00881195068359375,0.0107574462890625,0.00804901123046875,0.01300811767578125,0.0052642822265625,0.009002685546875,0.0249481201171875,0.0087738037109375,0.019073486328125,0.0079345703125,0.0020599365234375,0.018768310546875,0.0811767578125,0.084686279296875,0.09979248046875,0.11962890625,0.044403076171875,0.0933837890625,0.09765625,0.085296630859375,0.16754150390625,0.106048583984375,0.08697509765625,0.10223388671875,0.810699462890625,1.749267578125,-0.0555419921875,1.76788330078125,2.8403513431549072
326,0.163,-0.0,-0.0,-0.0,-0.0,-0.0,-0.0,1.285908579826355,8.388440132141113,-598.7409057617188,-174931.890625,33554.93359375,1401.3118896484375,-0.0,-0.0,-0.0,-0.0,-0.0,-0.0,-0.0,-0.0,-0.0,-0.0,-0.0,-0.0,-0.0069427490234375,-0.00835418701171875,-0.0101470947265625,-0.01110076904296875,-0.00972747802734375,-0.0095367431640625,-0.0096893310546875,-0.0188446044921875,-0.00698089599609375,-0.0080108642578125,-0.02323150634765625,-0.01220703125,-0.01678466796875,-0.008392333984375,-0.0052642822265625,-0.02140045166015625,0.09552001953125,0.072174072265625,0.101470947265625,0.124359130859375,-0.25482177734375,0.082855224609375,0.098724365234375,0.082244873046875,0.175323486328125,0.086822509765625,0.0921630859375,0.0909423828125,0.338897705078125,-0.1239013671875,-0.0091552734375,-0.7427978515625,-1.732913613319397
327,0.1635,-0.0,-0.0,-0.0,-0.0,-0.0,-0.0,2.392984628677368,8.619382858276367,-596.167724609375,-173731.234375,33285.21875,1059.09423828125,-0.0,-0.0,-0.0,-0.0,-0.0,-0.0,-0.0,-0.0,-0.0,-0.0,-0.0,-0.0,-0.00743865966796875,-0.00293731689453125,-0.00804901123046875,-0.0096893310546875,-0.0067901611328125,-0.01010894775390625,-0.00621795654296875,-0.01495361328125,-0.0032806396484375,-0.01373291015625,-0.0250244140625,-0.00797271728515625,-0.0182342529296875,-0.0064849853515625,-0.004119873046875,-0.01922607421875,0.0836181640625,0.131378173828125,0.1007080078125,0.111541748046875,0.189056396484375,0.113067626953125,0.08087158203125,0.125579833984375,0.003509521484375,0.106353759765625,0.088653564453125,0.092010498046875,-0.933837890625,-1.85455322265625,0.384521484375,-1.59454345703125,-6.001294136047363
328,0.164,-0.0,-0.0,-0.0,-0.0,-0.0,-0.0,2.5291481018066406,8.341695785522461,-592.5513916015625,-172777.671875,32819.10546875,871.3895874023438,-0.0,-0.0,-0.0,-0.0,-0.0,-0.0,-0.0,-0.0,-0.0,-0.0,-0.0,-0.0,0.00530242919921875,0.00797271728515625,0.01033782958984375,0.01224517822265625,0.009307861328125,0.0121307373046875,0.0087738037109375,0.0179290771484375,0.00522613525390625,0.00946044921875,0.0199127197265625,0.01079559326171875,0.01987457275390625,0.00835418701171875,0.00545501708984375,0.021820068359375,0.10040283203125,0.09796142578125,0.10833740234375,0.099029541015625,0.154571533203125,0.10955810546875,0.004730224609375,0.09490966796875,0.10711669921875,0.064239501953125,0.09857177734375,0.1092529296875,-0.167388916015625,0.04608154296875,0.10528564453125,1.11175537109375,8.328269958496094
329,0.1645,-0.0,-0.0,-0.0,-0.0,-0.0,-0.0,2.749006986618042,8.991168022155762,-590.516845703125,-171838.984375,32695.544921875,723.9304809570312,-0.0,-0.0,-0.0,-0.0,-0.0,-0.0,-0.0,-0.0,-0.0,-0.0,-0.0,-0.0,0.006866455078125,0.00545501708984375,0.0078582763671875,0.01262664794921875,0.0072479248046875,0.0101470947265625,0.0077056884765625,0.01636505126953125,0.00629425048828125,0.0124359130859375,0.02658843994140625,0.00843048095703125,0.018157958984375,0.00865936279296875,0.004119873046875,0.01941680908203125,0.14190673828125,0.040740966796875,0.10101318359375,0.089569091796875,0.112152099609375,0.09979248046875,0.344696044921875,0.08453369140625,0.1751708984375,0.070343017578125,0.1068115234375,0.10009765625,1.199951171875,2.0404052734375,-0.2734375,1.83746337890625,4.974541664123535
330,0.165,-0.0,-0.0,-0.0,-0.0,-0.0,-0.0,2.837893009185791,9.846104621887207,-588.607666015625,-170699.953125,32542.8046875,944.8523559570312,-0.0,-0.0,-0.0,-0.0,-0.0,-0.0,-0.0,-0.0,-0.0,-0.0,-0.0,-0.0,-0.00614166259765625,-0.007781982421875,-0.0095367431640625,-0.012054443359375,-0.0092315673828125,-0.01270294189453125,-0.00888824462890625,-0.01911163330078125,-0.0054931640625,-0.01007080078125,-0.0196075439453125,-0.0115966796875,-0.01857757568359375,-0.01064300537109375,-0.00156402587890625,-0.0228118896484375,0.081787109375,0.080108642578125,0.093536376953125,0.0958251953125,0.08819580078125,0.12603759765625,0.16357421875,0.083770751953125,0.18890380859375,0.08758544921875,0.10345458984375,0.0823974609375,0.22125244140625,-0.0860595703125,0.05401611328125,-0.8453369140625,-1.732913613319397
331,0.1655,-0.0,-0.0,-0.0,-0.0,-0.0,-0.0,2.6763153076171875,10.297442436218262,-586.8198852539062,-169701.640625,32432.986328125,898.6124877929688,-0.0,-0.0,-0.0,-0.0,-0.0,-0.0,-0.0,-0.0,-0.0,-0.0,-0.0,-0.0,-0.00606536865234375,-0.0049591064453125,-0.00728607177734375,-0.010223388671875,-0.00743865966796875,-0.0115966796875,-0.00736236572265625,-0.01682281494140625,-0.00453948974609375,-0.00946044921875,-0.02445220947265625,-0.0058746337890625,-0.01758575439453125,-0.00530242919921875,-0.002288818359375,-0.01674652099609375,0.072479248046875,0.05401611328125,0.076446533203125,0.09552001953125,0.12481689453125,0.08636474609375,0.166778564453125,0.094451904296875,0.146942138671875,0.088653564453125,0.130462646484375,0.091094970703125,-0.567169189453125,-1.9482421875,0.32989501953125,-1.662139892578125,-2.0377979278564453
332,0.166,-0.0,-0.0,-0.0,-0.0,-0.0,-0.0,2.1351349353790283,11.218606948852539,-582.4873657226562,-168266.4375,32468.802734375,987.1986694335938,-0.0,-0.0,-0.0,-0.0,-0.0,-0.0,-0.0,-0.0,-0.0,-0.0,-0.0,-0.0,0.0067138671875,0.00644683837890625,0.011138916015625,0.014801025390625,0.0095367431640625,0.01373291015625,0.008392333984375,0.01842498779296875,0.0063323974609375,0.00690460205078125,0.02254486083984375,0.01209259033203125,0.0222015380859375,0.0084686279296875,0.0054168701171875,0.02407073974609375,0.110321044921875,0.11474609375,0.12420654296875,0.0927734375,-0.082244873046875,0.109710693359375,0.150299072265625,0.11383056640625,0.117340087890625,0.102081298828125,0.125885009765625,0.110626220703125,0.186767578125,0.1171875,0.3179931640625,1.17889404296875,12.901535034179688
333,0.1665,-0.0,-0.0,-0.0,-0.0,-0.0,-0.0,1.7601089477539062,11.747153282165527,-580.9332885742188,-167631.65625,32527.81640625,1102.6971435546875,-0.0,-0.0,-0.0,-0.0,-0.0,-0.0,-0.0,-0.0,-0.0,-0.0,-0.0,-0.0,0.00675201416015625,0.0054168701171875,0.00820159912109375,0.00988006591796875,0.0084686279296875,0.00957489013671875,0.00782012939453125,0.01697540283203125,0.00698089599609375,0.01201629638671875,0.02414703369140625,0.00560760498046875,0.0171661376953125,0.00728607177734375,0.0030517578125,0.01750946044921875,0.0714111328125,0.107574462890625,0.103759765625,0.0823974609375,0.04638671875,0.099029541015625,0.143585205078125,0.1007080078125,0.117034912109375,0.24658203125,0.11505126953125,0.093536376953125,0.835113525390625,2.0123291015625,-0.660400390625,1.92901611328125,3.145235776901245
334,0.167,-0.0,-0.0,-0.0,-0.0,-0.0,-0.0,1.468877911567688,12.799490928649902,-579.0017700195312,-166640.609375,32658.07421875,1294.629638671875,-0.0,-0.0,-0.0,-0.0,-0.0,-0.0,-0.0,-0.0,-0.0,-0.0,-0.0,-0.0,-0.0064849853515625,-0.00568389892578125,-0.01102447509765625,-0.0113677978515625,-0.00965118408203125,-0.012054443359375,-0.00934600830078125,-0.02033233642578125,-0.00629425048828125,-0.00995635986328125,-0.02017974853515625,-0.01277923583984375,-0.02124786376953125,-0.00774383544921875,-0.00614166259765625,-0.02201080322265625,0.04730224609375,0.12481689453125,0.108184814453125,0.087432861328125,0.191192626953125,0.11505126953125,0.074005126953125,0.097808837890625,0.117950439453125,0.10009765625,0.10772705078125,0.10986328125,-0.019683837890625,0.0750732421875,-0.20416259765625,-0.88409423828125,3.145235776901245
335,0.1675,-0.0,-0.0,-0.0,-0.0,-0.0,-0.0,1.5229061841964722,12.904942512512207,-577.4742431640625,-165976.75,32993.97265625,1368.7978515625,-0.0,-0.0,-0.0,-0.0,-0.0,-0.0,-0.0,-0.0,-0.0,-0.0,-0.0,-0.0,-0.0067901611328125,-0.00469207763671875,-0.00690460205078125,-0.009307861328125,-0.00514984130859375,-0.010223388671875,-0.006561279296875,-0.01476287841796875,-0.00377655029296875,-0.01007080078125,-0.023193359375,-0.00667572021484375,-0.0199127197265625,-0.00732421875,-0.0040435791015625,-0.01750946044921875,0.1348876953125,0.0738525390625,0.082244873046875,0.11138916015625,0.106201171875,0.103302001953125,0.097808837890625,0.09613037109375,0.130462646484375,0.122833251953125,0.109100341796875,0.1165771484375,-0.991973876953125,-1.693115234375,0.5712890625,-1.869964599609375,-2.0377979278564453
336,0.168,-0.0,-0.0,-0.0,-0.0,-0.0,-0.0,1.2553822994232178,12.732789039611816,-578.0426635742188,-165863.234375,33168.11328125,1460.651611328125,-0.0,-0.0,-0.0,-0.0,-0.0,-0.0,-0.0,-0.0,-0.0,-0.0,-0.0,-0.0,0.008544921875,0.006256103515625,0.01068115234375,0.0131988525390625,0.00972747802734375,0.01239776611328125,0.00934600830078125,0.0199127197265625,0.00659942626953125,0.0102996826171875,0.025482177734375,0.01232147216796875,0.020599365234375,0.00690460205078125,0.00598907470703125,0.02197265625,0.125732421875,0.077362060546875,0.092010498046875,0.1300048828125,0.162353515625,0.108642578125,0.109710693359375,0.1031494140625,0.03265380859375,0.081787109375,0.11932373046875,0.082550048828125,0.23651123046875,0.50872802734375,0.3460693359375,0.97381591796875,9.24292278289795
337,0.1685,-0.0,-0.0,-0.0,-0.0,-0.0,-0.0,0.8243969678878784,12.498041152954102,-578.3974609375,-165813.3125,33561.0390625,1501.268798828125,-0.0,-0.0,-0.0,-0.0,-0.0,-0.0,-0.0,-0.0,-0.0,-0.0,-0.0,-0.0,0.00408172607421875,0.0061798095703125,0.0067901611328125,0.010223388671875,0.00705718994140625,0.00972747802734375,0.007171630859375,0.0142669677734375,0.00522613525390625,0.01194000244140625,0.02483367919921875,0.00598907470703125,0.01605987548828125,0.00732421875,0.003204345703125,0.0177001953125,0.140533447265625,0.064849853515625,0.095062255859375,0.085601806640625,0.10009765625,0.07110595703125,0.057525634765625,0.070343017578125,0.14312744140625,0.08148193359375,0.10467529296875,0.086517333984375,0.89599609375,2.00408935546875,-0.42938232421875,1.824188232421875,1.6208140850067139
338,0.169,-0.0,-0.0,-0.0,-0.0,-0.0,-0.0,0.6925584077835083,12.210865020751953,-578.8619384765625,-166278.703125,33920.0,1577.4710693359375,-0.0,-0.0,-0.0,-0.0,-0.0,-0.0,-0.0,-0.0,-0.0,-0.0,-0.0,-0.0,-0.00732421875,-0.00713348388671875,-0.01018524169921875,-0.0128936767578125,-0.01003265380859375,-0.01132965087890625,-0.01071929931640625,-0.01903533935546875,-0.00728607177734375,-0.0089263916015625,-0.02353668212890625,-0.0099945068359375,-0.0206756591796875,-0.00946044921875,-0.00278472900390625,-0.02288818359375,0.11199951171875,0.081024169921875,0.091400146484375,0.078582763671875,-0.07354736328125,0.05767822265625,0.054473876953125,0.0897216796875,0.12420654296875,0.06195068359375,0.10162353515625,0.10162353515625,-0.02044677734375,-0.30487060546875,-0.02471923828125,-1.146240234375,-2.0377979278564453
339,0.1695,-0.0,-0.0,-0.0,-0.0,-0.0,-0.0,0.48036596179008484,11.415546417236328,-581.1983642578125,-166336.578125,34113.29296875,1486.97998046875,-0.0,-0.0,-0.0,-0.0,-0.0,-0.0,-0.0,-0.0,-0.0,-0.0,-0.0,-0.0,-0.00579833984375,-0.004119873046875,-0.0070953369140625,-0.01094818115234375,-0.0078582763671875,-0.01132965087890625,-0.006561279296875,-0.015106201171875,-0.00522613525390625,-0.0084686279296875,-0.0252532958984375,-0.0032806396484375,-0.01708984375,-0.00438690185546875,0.0,-0.01705169677734375,0.10284423828125,0.072021484375,0.096435546875,0.105743408203125,0.1605224609375,0.086822509765625,0.0933837890625,0.078582763671875,0.13519287109375,0.096893310546875,0.118560791015625,0.106658935546875,-0.59967041015625,-2.313232421875,0.81329345703125,-1.80999755859375,-2.0377979278564453
340,0.17,-0.0,-0.0,-0.0,-0.0,-0.0,-0.0,0.44605255126953125,10.805795669555664,-583.9968872070312,-166944.296875,34584.48828125,1574.2423095703125,-0.0,-0.0,-0.0,-0.0,-0.0,-0.0,-0.0,-0.0,-0.0,-0.0,-0.0,-0.0,0.00732421875,0.007781982421875,0.011138916015625,0.0128173828125,0.010528564453125,0.01071929931640625,0.00896453857421875,0.0194549560546875,0.00720977783203125,0.00942230224609375,0.02391815185546875,0.0101470947265625,0.0205230712890625,0.00873565673828125,0.0040435791015625,0.02338409423828125,0.03204345703125,0.14251708984375,0.1068115234375,0.0714111328125,0.167999267578125,0.091400146484375,0.0311279296875,0.092315673828125,0.1336669921875,0.118865966796875,0.118865966796875,0.09552001953125,0.256500244140625,0.357666015625,0.0848388671875,1.045684814453125,8.93803882598877
341,0.1705,-0.0,-0.0,-0.0,-0.0,-0.0,-0.0,0.6726390719413757,11.052169799804688,-583.9689331054688,-167223.953125,34751.94921875,1493.68017578125,-0.0,-0.0,-0.0,-0.0,-0.0,-0.0,-0.0,-0.0,-0.0,-0.0,-0.0,-0.0,0.00629425048828125,0.0037384033203125,0.00835418701171875,0.0104522705078125,0.00675201416015625,0.008544921875,0.004730224609375,0.0156402587890625,0.0043487548828125,0.011444091796875,0.02468109130859375,0.0045013427734375,0.0193023681640625,0.006561279296875,0.005035400390625,0.0182342529296875,0.127410888671875,0.161895751953125,0.100555419921875,0.10162353515625,0.0665283203125,0.0994873046875,0.155792236328125,0.143280029296875,0.062408447265625,0.08087158203125,0.113067626953125,0.098114013671875,1.014862060546875,2.07000732421875,-0.615234375,2.1783447265625,1.9256983995437622
342,0.171,-0.0,-0.0,-0.0,-0.0,-0.0,-0.0,0.5061180591583252,10.755660057067871,-586.8228759765625,-167559.046875,35034.2109375,1535.4365234375,-0.0,-0.0,-0.0,-0.0,-0.0,-0.0,-0.0,-0.0,-0.0,-0.0,-0.0,-0.0,-0.00591278076171875,-0.007171630859375,-0.01003265380859375,-0.01102447509765625,-0.0095367431640625,-0.0118255615234375,-0.00629425048828125,-0.01880645751953125,-0.0055694580078125,-0.00919342041015625,-0.02140045166015625,-0.01220703125,-0.01911163330078125,-0.0095367431640625,-0.0035858154296875,-0.024566650390625,0.08941650390625,0.1788330078125,0.105743408203125,0.109710693359375,0.163726806640625,0.117340087890625,0.157623291015625,0.085296630859375,0.074005126953125,0.11383056640625,0.1177978515625,0.096893310546875,0.1123046875,-0.028076171875,0.196533203125,-0.845794677734375,-2.0377979278564453
343,0.1715,-0.0,-0.0,-0.0,-0.0,-0.0,-0.0,0.47952258586883545,11.223013877868652,-587.0438232421875,-167690.171875,35503.8125,1603.882080078125,-0.0,-0.0,-0.0,-0.0,-0.0,-0.0,-0.0,-0.0,-0.0,-0.0,-0.0,-0.0,-0.0075531005859375,-0.00629425048828125,-0.0079345703125,-0.0091552734375,-0.00728607177734375,-0.0093841552734375,-0.00705718994140625,-0.01495361328125,-0.00392913818359375,-0.00980377197265625,-0.02071380615234375,-0.00156402587890625,-0.01659393310546875,-0.00579833984375,-0.00263214111328125,-0.0160980224609375,0.10406494140625,0.130157470703125,0.09918212890625,0.1214599609375,0.2838134765625,0.1025390625,0.111541748046875,0.078887939453125,0.109100341796875,0.108795166015625,0.11077880859375,0.0848388671875,-0.549468994140625,-1.69677734375,0.738525390625,-1.904296875,0.7061610817909241
344,0.17200000000000001,-0.0,-0.0,-0.0,-0.0,-0.0,-0.0,0.33106526732444763,11.620230674743652,-587.7808837890625,-167755.703125,35672.3515625,1676.1297607421875,-0.0,-0.0,-0.0,-0.0,-0.0,-0.0,-0.0,-0.0,-0.0,-0.0,-0.0,-0.0,0.005340576171875,0.00579833984375,0.010528564453125,0.01377105712890625,0.0098419189453125,0.01323699951171875,0.0083160400390625,0.0191497802734375,0.0052642822265625,0.00995635986328125,0.0225067138671875,0.01068115234375,0.01789093017578125,0.009765625,0.00293731689453125,0.02315521240234375,0.1751708984375,0.159912109375,0.08392333984375,0.10345458984375,0.055694580078125,0.07049560546875,0.09429931640625,0.077667236328125,0.088958740234375,0.08758544921875,0.106201171875,0.088958740234375,0.079498291015625,0.55938720703125,0.05035400390625,0.73089599609375,11.377113342285156
345,0.17250000000000001,-0.0,-0.0,-0.0,-0.0,-0.0,-0.0,0.3722362518310547,11.311870574951172,-587.7218627929688,-167976.46875,35829.5546875,1697.54150390625,-0.0,-0.0,-0.0,-0.0,-0.0,-0.0,-0.0,-0.0,-0.0,-0.0,-0.0,-0.0,0.00698089599609375,0.00682830810546875,0.00644683837890625,0.009918212890625,0.00698089599609375,0.00942230224609375,0.00644683837890625,0.013275146484375,0.00518798828125,0.008544921875,0.02300262451171875,0.00064849853515625,0.01667022705078125,0.00713348388671875,0.00164031982421875,0.01712799072265625,0.073089599609375,-0.040283203125,0.100860595703125,0.10040283203125,0.08544921875,0.099639892578125,0.097808837890625,0.101470947265625,0.0604248046875,0.093994140625,0.11260986328125,0.103912353515625,1.10687255859375,2.0587158203125,-1.0015869140625,2.040252685546875,1.0110454559326172
346,0.17300000000000001,-0.0,-0.0,-0.0,-0.0,-0.0,-0.0,0.5759655237197876,10.955241203308105,-588.7200927734375,-168335.609375,36057.30078125,1622.1610107421875,-0.0,-0.0,-0.0,-0.0,-0.0,-0.0,-0.0,-0.0,-0.0,-0.0,-0.0,-0.0,-0.00606536865234375,-0.0074005126953125,-0.01068115234375,-0.0133514404296875,-0.00896453857421875,-0.0115203857421875,-0.00850677490234375,-0.0197601318359375,-0.00469207763671875,-0.00843048095703125,-0.021514892578125,-0.00736236572265625,-0.01644134521484375,-0.00888824462890625,-0.0038909912109375,-0.02315521240234375,0.1336669921875,0.10711669921875,0.083465576171875,0.0970458984375,-0.096435546875,0.118255615234375,0.11260986328125,0.10711669921875,0.14923095703125,0.139923095703125,0.121917724609375,0.123291015625,0.1275634765625,-0.30670166015625,0.27435302734375,-0.480194091796875,2.5354671478271484
347,0.17350000000000002,-0.0,-0.0,-0.0,-0.0,-0.0,-0.0,0.5918055772781372,10.404403686523438,-588.8139038085938,-168230.109375,36341.9296875,1470.384521484375,-0.0,-0.0,-0.0,-0.0,-0.0,-0.0,-0.0,-0.0,-0.0,-0.0,-0.0,-0.0,-0.005645751953125,-0.00370025634765625,-0.0051116943359375,-0.0077056884765625,-0.005340576171875,-0.00926971435546875,-0.00698089599609375,-0.01461029052734375,-0.00576019287109375,-0.0109100341796875,-0.0249481201171875,-0.0045013427734375,-0.0173187255859375,-0.00820159912109375,-0.00335693359375,-0.0170135498046875,0.093841552734375,0.091705322265625,0.106048583984375,0.0750732421875,0.09185791015625,0.110931396484375,0.11474609375,0.090789794921875,0.09674072265625,0.058441162109375,0.11199951171875,0.11627197265625,-1.073455810546875,-2.17498779296875,0.718994140625,-1.920166015625,-14.233170509338379
348,0.17400000000000002,-0.0,-0.0,-0.0,-0.0,-0.0,-0.0,0.14597809314727783,9.545063972473145,-590.0352172851562,-168848.34375,36819.45703125,1411.316162109375,-0.0,-0.0,-0.0,-0.0,-0.0,-0.0,-0.0,-0.0,-0.0,-0.0,-0.0,-0.0,0.0058746337890625,0.00850677490234375,0.00942230224609375,0.014495849609375,0.00888824462890625,0.0125885009765625,0.005950927734375,0.01964569091796875,0.0064849853515625,0.00972747802734375,0.02307891845703125,0.0106048583984375,0.0200653076171875,0.0095367431640625,0.0034332275390625,0.02471923828125,0.07171630859375,-0.005035400390625,0.089569091796875,0.067901611328125,0.131988525390625,0.09796142578125,0.16845703125,0.07965087890625,0.0946044921875,0.08087158203125,0.101165771484375,0.106201171875,-0.023651123046875,0.40740966796875,-0.123291015625,1.075286865234375,15.645493507385254
349,0.17450000000000002,-0.0,-0.0,-0.0,-0.0,-0.0,-0.0,-0.44605255126953125,8.937085151672363,-591.6089477539062,-169230.109375,36898.52734375,1554.4871826171875,-0.0,-0.0,-0.0,-0.0,-0.0,-0.0,-0.0,-0.0,-0.0,-0.0,-0.0,-0.0,0.00827789306640625,0.005645751953125,0.00858306884765625,0.00843048095703125,0.00728607177734375,0.0090789794921875,0.0048828125,0.01468658447265625,0.00209808349609375,0.01178741455078125,0.0226593017578125,0.0060272216796875,0.01621246337890625,0.00762939453125,0.005645751953125,0.0177001953125,0.07965087890625,0.1287841796875,0.11260986328125,0.10223388671875,0.127105712890625,0.103302001953125,0.091094970703125,0.08941650390625,0.091094970703125,0.062713623046875,0.107269287109375,0.088958740234375,1.1737060546875,2.044677734375,-0.30609130859375,2.102813720703125,1.9256983995437622
350,0.17500000000000002,-0.0,-0.0,-0.0,-0.0,-0.0,-0.0,-0.924138605594635,8.418636322021484,-591.543212890625,-169341.125,37330.47265625,1602.1160888671875,-0.0,-0.0,-0.0,-0.0,-0.0,-0.0,-0.0,-0.0,-0.0,-0.0,-0.0,-0.0,-0.0052642822265625,-0.00560760498046875,-0.0093841552734375,-0.01209259033203125,-0.0106048583984375,-0.0119781494140625,-0.0090789794921875,-0.02101898193359375,-0.00751495361328125,-0.009307861328125,-0.021514892578125,-0.01010894775390625,-0.0160980224609375,-0.008544921875,-0.003204345703125,-0.02288818359375,0.10467529296875,0.14404296875,0.0897216796875,0.126190185546875,0.272064208984375,0.093994140625,0.11688232421875,0.1129150390625,0.038299560546875,0.2459716796875,0.0909423828125,0.0762939453125,0.10528564453125,-0.29205322265625,0.38726806640625,-0.682373046875,-2.647566556930542
351,0.17550000000000002,-0.0,-0.0,-0.0,-0.0,-0.0,-0.0,-0.828360378742218,8.191515922546387,-593.34228515625,-169805.375,37124.41015625,1610.2720947265625,-0.0,-0.0,-0.0,-0.0,-0.0,-0.0,-0.0,-0.0,-0.0,-0.0,-0.0,-0.0,-0.0057220458984375,-0.00797271728515625,-0.00701904296875,-0.00934600830078125,-0.00659942626953125,-0.00885009765625,-0.00896453857421875,-0.0150299072265625,-0.00606536865234375,-0.01369476318359375,-0.02429962158203125,-0.00537872314453125,-0.0164794921875,-0.00560760498046875,-0.00072479248046875,-0.017852783203125,0.249481201171875,0.11077880859375,0.091705322265625,0.09765625,-0.300140380859375,0.1104736328125,0.143280029296875,0.10101318359375,0.242156982421875,0.05859375,0.102996826171875,0.08697509765625,-1.35711669921875,-2.1044921875,0.5560302734375,-1.917724609375,1.9256983995437622
352,0.176,-0.0,-0.0,-0.0,-0.0,-0.0,-0.0,0.2590057849884033,7.716922760009766,-590.7676391601562,-169857.1875,37142.5859375,1314.5244140625,-0.0,-0.0,-0.0,-0.0,-0.0,-0.0,-0.0,-0.0,-0.0,-0.0,-0.0,-0.0,0.00782012939453125,0.00598907470703125,0.010223388671875,0.01377105712890625,0.0091552734375,0.0125885009765625,0.00698089599609375,0.019073486328125,0.0070953369140625,0.0109100341796875,0.02452850341796875,0.0092315673828125,0.019989013671875,0.01007080078125,0.0040435791015625,0.0247955322265625,-0.012664794921875,0.040130615234375,0.105743408203125,0.109405517578125,-0.197601318359375,0.106964111328125,0.094146728515625,0.12969970703125,-0.005950927734375,0.102386474609375,0.1202392578125,0.086822509765625,0.165252685546875,0.51513671875,-0.02685546875,0.88470458984375,9.547806739807129
353,0.1765,-0.0,-0.0,-0.0,-0.0,-0.0,-0.0,1.436159610748291,7.584867477416992,-591.2780151367188,-169434.546875,37094.23828125,919.7052001953125,-0.0,-0.0,-0.0,-0.0,-0.0,-0.0,-0.0,-0.0,-0.0,-0.0,-0.0,-0.0,0.00637054443359375,0.00583648681640625,0.0074005126953125,0.00873565673828125,0.00507354736328125,0.01033782958984375,0.00553131103515625,0.014190673828125,0.00377655029296875,0.01247406005859375,0.02307891845703125,0.00835418701171875,0.017852783203125,0.005950927734375,0.00392913818359375,0.01529693603515625,0.01861572265625,0.099029541015625,0.109405517578125,0.089263916015625,0.304718017578125,0.100860595703125,0.0732421875,0.097808837890625,0.088348388671875,0.13458251953125,0.114288330078125,0.101470947265625,1.221466064453125,1.8011474609375,-0.26153564453125,2.138824462890625,3.755004405975342
354,0.177,-0.0,-0.0,-0.0,-0.0,-0.0,-0.0,2.0518417358398438,7.001182556152344,-590.8699951171875,-168999.40625,36815.03125,762.5327758789062,-0.0,-0.0,-0.0,-0.0,-0.0,-0.0,-0.0,-0.0,-0.0,-0.0,-0.0,-0.0,-0.008544921875,-0.00652313232421875,-0.01110076904296875,-0.0131988525390625,-0.0090789794921875,-0.0124359130859375,-0.00957489013671875,-0.0176239013671875,-0.00583648681640625,-0.00820159912109375,-0.0234222412109375,-0.011444091796875,-0.01964569091796875,-0.0093841552734375,-0.0049591064453125,-0.0238800048828125,0.06134033203125,0.096282958984375,0.0933837890625,0.114288330078125,0.14892578125,0.099639892578125,0.0579833984375,0.098876953125,0.0775146484375,0.12908935546875,0.105743408203125,0.096282958984375,0.31341552734375,-0.33447265625,-0.0555419921875,-0.82244873046875,-0.5133762359619141
355,0.1775,-0.0,-0.0,-0.0,-0.0,-0.0,-0.0,2.390577793121338,6.51556396484375,-590.3223266601562,-168259.265625,36790.25390625,550.1085815429688,-0.0,-0.0,-0.0,-0.0,-0.0,-0.0,-0.0,-0.0,-0.0,-0.0,-0.0,-0.0,-0.006256103515625,-0.00209808349609375,-0.0064849853515625,-0.00827789306640625,-0.00637054443359375,-0.00888824462890625,-0.0064849853515625,-0.01430511474609375,-0.00339508056640625,-0.01148223876953125,-0.02323150634765625,-0.00911712646484375,-0.0186920166015625,-0.005950927734375,-0.002593994140625,-0.01583099365234375,0.1055908203125,0.045928955078125,0.100250244140625,0.10498046875,0.305938720703125,0.100250244140625,0.0701904296875,0.103912353515625,0.05767822265625,0.03997802734375,0.08544921875,0.09429931640625,-0.70220947265625,-1.856689453125,0.1812744140625,-2.1417236328125,-2.0377979278564453
356,0.178,-0.0,-0.0,-0.0,-0.0,-0.0,-0.0,2.457890510559082,6.097646236419678,-587.1434936523438,-167926.875,36576.41796875,526.6172485351562,-0.0,-0.0,-0.0,-0.0,-0.0,-0.0,-0.0,-0.0,-0.0,-0.0,-0.0,-0.0,0.00637054443359375,0.00736236572265625,0.012359619140625,0.013580322265625,0.01132965087890625,0.01194000244140625,0.009765625,0.01926422119140625,0.0046539306640625,0.00804901123046875,0.02475738525390625,0.0121307373046875,0.020751953125,0.00812530517578125,0.0072479248046875,0.02315521240234375,0.15380859375,0.08514404296875,0.069732666015625,0.0909423828125,0.2044677734375,0.095977783203125,0.05340576171875,0.076446533203125,0.110321044921875,0.084991455078125,0.1019287109375,0.104827880859375,0.118255615234375,0.8367919921875,0.15838623046875,1.2030029296875,10.157575607299805
357,0.1785,-0.0,-0.0,-0.0,-0.0,-0.0,-0.0,2.4459285736083984,5.615215301513672,-585.3773193359375,-167228.703125,36566.2109375,423.36737060546875,-0.0,-0.0,-0.0,-0.0,-0.0,-0.0,-0.0,-0.0,-0.0,-0.0,-0.0,-0.0,0.00904083251953125,0.00522613525390625,0.0093841552734375,0.0109100341796875,0.0061798095703125,0.008697509765625,0.005950927734375,0.0153350830078125,0.0032806396484375,0.00835418701171875,0.02285003662109375,0.00537872314453125,0.01399993896484375,0.0066375732421875,0.003814697265625,0.0179290771484375,0.01800537109375,0.199127197265625,0.110931396484375,0.1190185546875,0.09674072265625,0.1116943359375,0.0823974609375,0.142059326171875,0.058746337890625,0.131988525390625,0.11993408203125,0.102996826171875,0.756072998046875,2.2003173828125,-0.47882080078125,1.96990966796875,3.755004405975342
358,0.179,-0.0,-0.0,-0.0,-0.0,-0.0,-0.0,1.9531543254852295,5.655046463012695,-582.7093505859375,-166910.921875,36646.83984375,387.34698486328125,-0.0,-0.0,-0.0,-0.0,-0.0,-0.0,-0.0,-0.0,-0.0,-0.0,-0.0,-0.0,-0.00537872314453125,-0.006866455078125,-0.0090789794921875,-0.013885498046875,-0.00919342041015625,-0.01373291015625,-0.0075531005859375,-0.02132415771484375,-0.00614166259765625,-0.009002685546875,-0.02452850341796875,-0.01255035400390625,-0.01949310302734375,-0.009765625,-0.002593994140625,-0.02498626708984375,0.06317138671875,0.099945068359375,0.099945068359375,0.115203857421875,0.101165771484375,0.113067626953125,0.096893310546875,0.045013427734375,0.05157470703125,0.038604736328125,0.086212158203125,0.09857177734375,0.03936767578125,-0.653076171875,-0.107421875,-1.15234375,-1.4280292987823486
359,0.1795,-0.0,-0.0,-0.0,-0.0,-0.0,-0.0,1.4767802953720093,5.7633185386657715,-586.0397338867188,-166490.328125,36764.8046875,706.1068115234375,-0.0,-0.0,-0.0,-0.0,-0.0,-0.0,-0.0,-0.0,-0.0,-0.0,-0.0,-0.0,-0.00514984130859375,-0.00408172607421875,-0.00782012939453125,-0.00804901123046875,-0.0067901611328125,-0.01003265380859375,-0.006866455078125,-0.0164794921875,-0.00518798828125,-0.01003265380859375,-0.02239227294921875,-0.0066375732421875,-0.01689910888671875,-0.00457763671875,-0.0006103515625,-0.0144195556640625,0.12420654296875,0.093231201171875,0.101470947265625,0.079803466796875,-0.008087158203125,0.098114013671875,0.098114013671875,0.097503662109375,0.029754638671875,0.170135498046875,0.09124755859375,0.0933837890625,-0.85540771484375,-1.96533203125,0.4827880859375,-2.04742431640625,-1.1231448650360107
360,0.18,-0.0,-0.0,-0.0,-0.0,-0.0,-0.0,0.8223370909690857,5.952311992645264,-584.15966796875,-166410.625,37105.27734375,777.9373168945312,-0.0,-0.0,-0.0,-0.0,-0.0,-0.0,-0.0,-0.0,-0.0,-0.0,-0.0,-0.0,0.00560760498046875,0.00751495361328125,0.0104522705078125,0.01392364501953125,0.0095367431640625,0.0144195556640625,0.0078582763671875,0.02063751220703125,0.00579833984375,0.01190185546875,0.02655029296875,0.0146484375,0.02109527587890625,0.010528564453125,0.0043487548828125,0.02536773681640625,0.15869140625,0.097503662109375,0.110626220703125,0.060272216796875,0.07598876953125,0.1043701171875,0.057830810546875,0.056610107421875,0.117950439453125,0.081329345703125,0.104522705078125,0.118255615234375,0.136260986328125,0.87554931640625,0.2294921875,1.375579833984375,9.852691650390625
361,0.1805,-0.0,-0.0,-0.0,-0.0,-0.0,-0.0,1.0209773778915405,6.209380149841309,-585.9646606445312,-167010.46875,37563.15234375,683.8624267578125,-0.0,-0.0,-0.0,-0.0,-0.0,-0.0,-0.0,-0.0,-0.0,-0.0,-0.0,-0.0,0.00640869140625,0.00316619873046875,0.00652313232421875,0.0103759765625,0.006256103515625,0.00911712646484375,0.005950927734375,0.01300811767578125,0.00324249267578125,0.0092315673828125,0.02269744873046875,0.0051116943359375,0.01728057861328125,0.00701904296875,0.00217437744140625,0.0171661376953125,0.073699951171875,0.15777587890625,0.10162353515625,0.092926025390625,-0.1983642578125,0.106353759765625,0.22216796875,0.095672607421875,0.14404296875,0.069580078125,0.0909423828125,0.077362060546875,0.900421142578125,1.77642822265625,-0.4388427734375,2.0989990234375,0.40127673745155334
362,0.181,-0.0,-0.0,-0.0,-0.0,-0.0,-0.0,0.9713202714920044,6.565690517425537,-587.8101196289062,-167369.03125,37934.41015625,651.6805419921875,-0.0,-0.0,-0.0,-0.0,-0.0,-0.0,-0.0,-0.0,-0.0,-0.0,-0.0,-0.0,-0.008392333984375,-0.0063323974609375,-0.01178741455078125,-0.01293182373046875,-0.0099945068359375,-0.01255035400390625,-0.00965118408203125,-0.019073486328125,-0.00598907470703125,-0.0079345703125,-0.02349853515625,-0.01140594482421875,-0.02185821533203125,-0.0092315673828125,-0.0052642822265625,-0.0232696533203125,0.13458251953125,0.07049560546875,0.084075927734375,0.101318359375,0.054931640625,0.10772705078125,0.113372802734375,0.097503662109375,0.147705078125,0.12664794921875,0.115814208984375,0.085601806640625,0.05126953125,-0.44708251953125,-0.0762939453125,-1.244659423828125,-0.5133762359619141
363,0.1815,-0.0,-0.0,-0.0,-0.0,-0.0,-0.0,0.6832389235496521,7.022084712982178,-588.9476318359375,-167747.859375,38062.1328125,603.3228149414062,-0.0,-0.0,-0.0,-0.0,-0.0,-0.0,-0.0,-0.0,-0.0,-0.0,-0.0,-0.0,-0.00705718994140625,-0.00370025634765625,-0.0077056884765625,-0.008392333984375,-0.00728607177734375,-0.00885009765625,-0.0048828125,-0.0139617919921875,-0.00102996826171875,-0.008087158203125,-0.0211334228515625,-0.00640869140625,-0.01506805419921875,-0.00606536865234375,-0.00400543212890625,-0.0157928466796875,0.15045166015625,0.1788330078125,0.1007080078125,0.090484619140625,0.17852783203125,0.088958740234375,0.069732666015625,0.09429931640625,0.105133056640625,0.1171875,0.100250244140625,0.09368896484375,-0.7818603515625,-1.9580078125,0.516357421875,-1.953582763671875,-0.5133762359619141
364,0.182,-0.0,-0.0,-0.0,-0.0,-0.0,-0.0,-0.26763153076171875,7.495507717132568,-590.754638671875,-168031.34375,38675.65234375,821.5484619140625,-0.0,-0.0,-0.0,-0.0,-0.0,-0.0,-0.0,-0.0,-0.0,-0.0,-0.0,-0.0,0.00820159912109375,0.00629425048828125,0.01220703125,0.01361846923828125,0.01068115234375,0.0116729736328125,0.01003265380859375,0.0196075439453125,0.00583648681640625,0.01041412353515625,0.02765655517578125,0.01369476318359375,0.02288818359375,0.0074005126953125,0.00606536865234375,0.02353668212890625,0.10040283203125,0.156707763671875,0.10955810546875,0.100555419921875,0.084991455078125,0.09307861328125,0.10833740234375,0.135040283203125,-0.099945068359375,0.087127685546875,0.086212158203125,0.11016845703125,0.452728271484375,1.18927001953125,0.17913818359375,1.275177001953125,10.157575607299805
365,0.1825,-0.0,-0.0,-0.0,-0.0,-0.0,-0.0,-0.9605035781860352,7.615450859069824,-592.8331298828125,-168479.515625,38839.4453125,1062.5408935546875,-0.0,-0.0,-0.0,-0.0,-0.0,-0.0,-0.0,-0.0,-0.0,-0.0,-0.0,-0.0,0.0052642822265625,0.00518798828125,0.00514984130859375,0.00942230224609375,0.00591278076171875,0.0083160400390625,0.00659942626953125,0.01430511474609375,0.00598907470703125,0.01094818115234375,0.023651123046875,0.0057220458984375,0.01537322998046875,0.0060272216796875,0.00148773193359375,0.01628875732421875,0.212554931640625,-0.147247314453125,0.095062255859375,0.0848388671875,0.10162353515625,0.081329345703125,0.098419189453125,0.025177001953125,0.1922607421875,0.103912353515625,0.090179443359375,0.097198486328125,1.135101318359375,2.05535888671875,-0.477294921875,2.037200927734375,1.6208140850067139
366,0.183,-0.0,-0.0,-0.0,-0.0,-0.0,-0.0,-1.5846457481384277,8.10030460357666,-594.5574951171875,-168906.8125,39320.20703125,1242.0625,-0.0,-0.0,-0.0,-0.0,-0.0,-0.0,-0.0,-0.0,-0.0,-0.0,-0.0,-0.0,-0.00667572021484375,-0.00957489013671875,-0.01071929931640625,-0.0146484375,-0.009613037109375,-0.0128936767578125,-0.00865936279296875,-0.0196075439453125,-0.0046539306640625,-0.01068115234375,-0.024871826171875,-0.0118255615234375,-0.0199127197265625,-0.0084686279296875,-0.004425048828125,-0.02475738525390625,0.042266845703125,0.01739501953125,0.084381103515625,0.09735107421875,0.06561279296875,0.0958251953125,0.116729736328125,0.091094970703125,0.097198486328125,0.094757080078125,0.10894775390625,0.097808837890625,-0.049896240234375,-0.7373046875,0.05126953125,-1.080322265625,-2.0377979278564453
367,0.1835,-0.0,-0.0,-0.0,-0.0,-0.0,-0.0,-1.548703908920288,8.745478630065918,-596.7468872070312,-169071.96875,39258.02734375,1092.949462890625,-0.0,-0.0,-0.0,-0.0,-0.0,-0.0,-0.0,-0.0,-0.0,-0.0,-0.0,-0.0,-0.00514984130859375,-0.00637054443359375,-0.0057220458984375,-0.0063323974609375,-0.00553131103515625,-0.009765625,-0.0077056884765625,-0.01499176025390625,-0.0048828125,-0.0130462646484375,-0.02414703369140625,-0.00461578369140625,-0.0160980224609375,-0.005950927734375,-0.0031280517578125,-0.0145721435546875,-0.0408935546875,0.237884521484375,0.11810302734375,0.117340087890625,-0.157928466796875,0.11688232421875,0.102996826171875,0.115509033203125,0.060882568359375,0.116119384765625,0.12176513671875,0.109710693359375,-1.3067626953125,-2.1221923828125,0.8721923828125,-1.964111328125,-9.050137519836426
368,0.184,-0.0,-0.0,-0.0,-0.0,-0.0,-0.0,-1.4665656089782715,8.819849014282227,-599.2340087890625,-169435.546875,39606.2890625,995.9963989257812,-0.0,-0.0,-0.0,-0.0,-0.0,-0.0,-0.0,-0.0,-0.0,-0.0,-0.0,-0.0,0.00942230224609375,0.00843048095703125,0.01331329345703125,0.013427734375,0.01094818115234375,0.01308441162109375,0.00988006591796875,0.0193023681640625,0.00682830810546875,0.0115966796875,0.02727508544921875,0.0109100341796875,0.0229644775390625,0.00858306884765625,0.00591278076171875,0.02429962158203125,0.01800537109375,0.139312744140625,0.115814208984375,0.11322021484375,0.38238525390625,0.1025390625,0.08636474609375,0.096588134765625,0.08544921875,0.108184814453125,0.096893310546875,0.095672607421875,0.224456787109375,0.72509765625,-0.08636474609375,1.330413818359375,11.986882209777832
369,0.1845,-0.0,-0.0,-0.0,-0.0,-0.0,-0.0,-0.5633963942527771,9.949690818786621,-601.2236328125,-169868.671875,39693.8359375,726.4482421875,-0.0,-0.0,-0.0,-0.0,-0.0,-0.0,-0.0,-0.0,-0.0,-0.0,-0.0,-0.0,0.00690460205078125,0.00675201416015625,0.00782012939453125,0.00919342041015625,0.0067901611328125,0.0109100341796875,0.0079345703125,0.01399993896484375,0.00263214111328125,0.0112152099609375,0.02285003662109375,0.00392913818359375,0.013427734375,0.0049591064453125,0.0025177001953125,0.0151824951171875,0.13397216796875,0.050201416015625,0.095367431640625,0.0787353515625,0.27801513671875,0.059356689453125,0.09552001953125,0.104827880859375,0.08087158203125,0.037384033203125,0.065460205078125,0.097198486328125,1.461639404296875,1.982421875,-0.57830810546875,1.996612548828125,4.364773273468018
370,0.185,-0.0,-0.0,-0.0,-0.0,-0.0,-0.0,-0.20639249682426453,10.595438957214355,-598.9263305664062,-169648.34375,39786.40625,723.2652587890625,-0.0,-0.0,-0.0,-0.0,-0.0,-0.0,-0.0,-0.0,-0.0,-0.0,-0.0,-0.0,-0.007781982421875,-0.0055694580078125,-0.0107574462890625,-0.01224517822265625,-0.0096893310546875,-0.01251220703125,-0.00827789306640625,-0.019683837890625,-0.0064849853515625,-0.00888824462890625,-0.02391815185546875,-0.009918212890625,-0.02147674560546875,-0.00835418701171875,-0.00598907470703125,-0.02544403076171875,0.0335693359375,0.13092041015625,0.097503662109375,0.129547119140625,0.22705078125,0.117034912109375,0.11962890625,0.124969482421875,0.060577392578125,0.12451171875,0.129547119140625,0.09124755859375,0.16326904296875,-0.4718017578125,0.322265625,-1.1480712890625,-3.8671038150787354
371,0.1855,-0.0,-0.0,-0.0,-0.0,-0.0,-0.0,1.0930107831954956,9.915939331054688,-596.9185791015625,-168735.75,39603.3828125,519.6287841796875,-0.0,-0.0,-0.0,-0.0,-0.0,-0.0,-0.0,-0.0,-0.0,-0.0,-0.0,-0.0,-0.0063323974609375,-0.0048828125,-0.00530242919921875,-0.006866455078125,-0.006561279296875,-0.00888824462890625,-0.00782012939453125,-0.0128936767578125,-0.00568389892578125,-0.01171112060546875,-0.0211334228515625,-0.00553131103515625,-0.0176239013671875,-0.00759124755859375,0.0,-0.015869140625,0.15350341796875,0.1190185546875,0.095672607421875,0.071868896484375,0.07080078125,0.126190185546875,0.050201416015625,0.08697509765625,0.12115478515625,0.110321044921875,0.106201171875,0.092010498046875,-1.097412109375,-1.65863037109375,0.548095703125,-2.173919677734375,-0.5133762359619141
372,0.186,-0.0,-0.0,-0.0,-0.0,-0.0,-0.0,1.990148663520813,9.90485668182373,-592.3729858398438,-167587.546875,39019.6640625,124.51142120361328,-0.0,-0.0,-0.0,-0.0,-0.0,-0.0,-0.0,-0.0,-0.0,-0.0,-0.0,-0.0,0.0066375732421875,0.008544921875,0.01064300537109375,0.01560211181640625,0.0107574462890625,0.0125885009765625,0.0096893310546875,0.02166748046875,0.00682830810546875,0.009613037109375,0.0225830078125,0.01178741455078125,0.019378662109375,0.01033782958984375,0.0035858154296875,0.02521514892578125,0.091705322265625,0.121612548828125,0.08209228515625,0.081634521484375,-0.031890869140625,0.098876953125,0.0927734375,0.034332275390625,0.074310302734375,0.05279541015625,0.09307861328125,0.10101318359375,0.09918212890625,0.68206787109375,-0.1300048828125,1.3897705078125,7.71850061416626
373,0.1865,-0.0,-0.0,-0.0,-0.0,-0.0,-0.0,2.3813281059265137,10.156513214111328,-589.3490600585938,-166261.5,39109.546875,-54.60215759277344,-0.0,-0.0,-0.0,-0.0,-0.0,-0.0,-0.0,-0.0,-0.0,-0.0,-0.0,-0.0,0.0069427490234375,0.0046539306640625,0.0064849853515625,0.00865936279296875,0.00598907470703125,0.00942230224609375,0.00553131103515625,0.012359619140625,0.0048065185546875,0.01285552978515625,0.0214385986328125,0.00507354736328125,0.01708984375,0.00705718994140625,0.0009918212890625,0.01575469970703125,0.1165771484375,0.079498291015625,0.11260986328125,0.116424560546875,0.081634521484375,0.0958251953125,0.126190185546875,0.076141357421875,0.07293701171875,0.0848388671875,0.084381103515625,0.097808837890625,1.142120361328125,1.807861328125,-0.5755615234375,2.2723388671875,4.05988883972168
374,0.187,-0.0,-0.0,-0.0,-0.0,-0.0,-0.0,1.8463135957717896,10.350781440734863,-584.42041015625,-165230.90625,38746.49609375,154.15196228027344,-0.0,-0.0,-0.0,-0.0,-0.0,-0.0,-0.0,-0.0,-0.0,-0.0,-0.0,-0.0,-0.00743865966796875,-0.008087158203125,-0.00949859619140625,-0.01468658447265625,-0.009765625,-0.0128936767578125,-0.00881195068359375,-0.0199127197265625,-0.00701904296875,-0.0101470947265625,-0.0225830078125,-0.0093841552734375,-0.01789093017578125,-0.010528564453125,-0.0016021728515625,-0.02567291259765625,0.0689697265625,0.11566162109375,0.103302001953125,0.128631591796875,-0.01922607421875,0.1080322265625,0.1751708984375,0.059051513671875,0.189208984375,0.121612548828125,0.0750732421875,0.103302001953125,-0.313568115234375,-0.59234619140625,0.30548095703125,-0.794677734375,-2.0377979278564453
375,0.1875,-0.0,-0.0,-0.0,-0.0,-0.0,-0.0,1.6175622940063477,10.835225105285645,-581.5941162109375,-164258.609375,38905.05078125,305.7849426269531,-0.0,-0.0,-0.0,-0.0,-0.0,-0.0,-0.0,-0.0,-0.0,-0.0,-0.0,-0.0,-0.0058746337890625,-0.00263214111328125,-0.00713348388671875,-0.00881195068359375,-0.00762939453125,-0.0092315673828125,-0.006256103515625,-0.01323699951171875,-0.00293731689453125,-0.0099945068359375,-0.02227783203125,-0.0034332275390625,-0.0135040283203125,-0.00476837158203125,-0.00335693359375,-0.01476287841796875,0.189208984375,0.0909423828125,0.070648193359375,0.11016845703125,0.27618408203125,0.107574462890625,0.13031005859375,0.1043701171875,0.010223388671875,0.107421875,0.084228515625,0.090789794921875,-0.985107421875,-1.88201904296875,0.6103515625,-1.9256591796875,-1.732913613319397
376,0.188,-0.0,-0.0,-0.0,-0.0,-0.0,-0.0,1.2222071886062622,10.452055931091309,-580.110107421875,-163309.59375,38655.1953125,346.4149169921875,-0.0,-0.0,-0.0,-0.0,-0.0,-0.0,-0.0,-0.0,-0.0,-0.0,-0.0,-0.0,0.0079345703125,0.007476806640625,0.010528564453125,0.0148773193359375,0.012054443359375,0.01434326171875,0.0102996826171875,0.023345947265625,0.00682830810546875,0.01514434814453125,0.02399444580078125,0.01190185546875,0.0176239013671875,0.0104522705078125,0.0043487548828125,0.0261688232421875,0.09796142578125,0.080718994140625,0.102386474609375,0.11688232421875,0.0140380859375,0.08697509765625,0.10223388671875,0.103607177734375,0.080108642578125,0.06988525390625,0.104217529296875,0.090179443359375,0.851287841796875,0.8892822265625,-0.22003173828125,1.2713623046875,11.681997299194336
377,0.1885,-0.0,-0.0,-0.0,-0.0,-0.0,-0.0,1.0198829174041748,9.98260498046875,-578.0028686523438,-163369.09375,38759.32421875,354.7952880859375,-0.0,-0.0,-0.0,-0.0,-0.0,-0.0,-0.0,-0.0,-0.0,-0.0,-0.0,-0.0,0.0066375732421875,0.006256103515625,0.0069427490234375,0.009002685546875,0.00476837158203125,0.009307861328125,0.0061798095703125,0.01171112060546875,0.0031280517578125,0.009307861328125,0.02254486083984375,0.00392913818359375,0.01789093017578125,0.007171630859375,0.00347137451171875,0.0154876708984375,0.08819580078125,0.227508544921875,0.09124755859375,0.10406494140625,0.009002685546875,0.09979248046875,0.12176513671875,0.096588134765625,0.04638671875,0.099639892578125,0.11871337890625,0.08514404296875,1.191864013671875,2.0281982421875,-0.5877685546875,2.29461669921875,4.364773273468018
378,0.189,-0.0,-0.0,-0.0,-0.0,-0.0,-0.0,0.7502347826957703,9.650428771972656,-576.798828125,-163455.015625,38892.40625,312.69293212890625,-0.0,-0.0,-0.0,-0.0,-0.0,-0.0,-0.0,-0.0,-0.0,-0.0,-0.0,-0.0,-0.00850677490234375,-0.0064849853515625,-0.01071929931640625,-0.01430511474609375,-0.00949859619140625,-0.01277923583984375,-0.00988006591796875,-0.01995086669921875,-0.00789642333984375,-0.0086212158203125,-0.02437591552734375,-0.00804901123046875,-0.022735595703125,-0.010986328125,-0.00324249267578125,-0.0261688232421875,0.04180908203125,0.109405517578125,0.11199951171875,0.11566162109375,0.134124755859375,0.105438232421875,0.11016845703125,0.10101318359375,0.187530517578125,0.037841796875,0.07568359375,0.09368896484375,-0.105438232421875,-0.41107177734375,0.28839111328125,-1.20635986328125,-2.342682361602783
379,0.1895,-0.0,-0.0,-0.0,-0.0,-0.0,-0.0,0.5352630615234375,8.74567985534668,-579.0629272460938,-163585.125,39168.2109375,311.9870300292969,-0.0,-0.0,-0.0,-0.0,-0.0,-0.0,-0.0,-0.0,-0.0,-0.0,-0.0,-0.0,-0.00514984130859375,-0.00484466552734375,-0.00545501708984375,-0.0064849853515625,-0.00659942626953125,-0.0084686279296875,-0.00553131103515625,-0.01155853271484375,-0.0037384033203125,-0.010528564453125,-0.023040771484375,-0.0048828125,-0.01575469970703125,-0.0067138671875,-0.00087738037109375,-0.01461029052734375,0.06927490234375,0.0830078125,0.096588134765625,0.10223388671875,0.0048828125,0.09429931640625,0.166015625,0.09063720703125,-0.040130615234375,0.07904052734375,0.09613037109375,0.11016845703125,-0.909576416015625,-1.72454833984375,0.80780029296875,-1.96380615234375,0.40127673745155334
380,0.19,-0.0,-0.0,-0.0,-0.0,-0.0,-0.0,0.44605255126953125,7.957555294036865,-581.9381103515625,-164233.703125,39595.3046875,273.621337890625,-0.0,-0.0,-0.0,-0.0,-0.0,-0.0,-0.0,-0.0,-0.0,-0.0,-0.0,-0.0,0.00690460205078125,0.01049041748046875,0.0112152099609375,0.01556396484375,0.0096893310546875,0.014190673828125,0.009613037109375,0.02208709716796875,0.00576019287109375,0.01018524169921875,0.02513885498046875,0.01117706298828125,0.01979827880859375,0.01079559326171875,0.00530242919921875,0.026702880859375,0.131378173828125,0.1025390625,0.13092041015625,0.116424560546875,0.145111083984375,0.10101318359375,0.0970458984375,0.122833251953125,0.13885498046875,0.13519287109375,0.095672607421875,0.11383056640625,0.153350830078125,0.92864990234375,-0.0653076171875,1.44561767578125,7.108732223510742
381,0.1905,-0.0,-0.0,-0.0,-0.0,-0.0,-0.0,0.4334586262702942,7.10526704788208,-581.7372436523438,-165127.375,40073.125,34.90662384033203,-0.0,-0.0,-0.0,-0.0,-0.0,-0.0,-0.0,-0.0,-0.0,-0.0,-0.0,-0.0,0.003509521484375,0.003509521484375,0.0061798095703125,0.00835418701171875,0.0067138671875,0.00911712646484375,0.00904083251953125,0.01331329345703125,0.00522613525390625,0.01209259033203125,0.02353668212890625,0.0057220458984375,0.01644134521484375,0.00522613525390625,0.00209808349609375,0.0152587890625,0.076904296875,0.1080322265625,0.103759765625,0.08514404296875,0.158843994140625,0.07781982421875,0.060272216796875,0.095672607421875,0.131378173828125,0.045166015625,0.095977783203125,0.10711669921875,1.265411376953125,2.042236328125,-0.33935546875,2.4078369140625,-9.355021476745605
382,0.191,-0.0,-0.0,-0.0,-0.0,-0.0,-0.0,-0.1019166111946106,6.69752836227417,-585.975830078125,-165625.140625,40407.0625,118.25350189208984,-0.0,-0.0,-0.0,-0.0,-0.0,-0.0,-0.0,-0.0,-0.0,-0.0,-0.0,-0.0,-0.0074005126953125,-0.00720977783203125,-0.01102447509765625,-0.01415252685546875,-0.00995635986328125,-0.01216888427734375,-0.00957489013671875,-0.019683837890625,-0.00659942626953125,-0.01026153564453125,-0.02437591552734375,-0.0121307373046875,-0.0213623046875,-0.01186370849609375,-0.003662109375,-0.02674102783203125,0.148162841796875,0.1171875,0.09613037109375,0.093231201171875,0.206146240234375,0.08636474609375,0.06500244140625,0.1080322265625,0.102386474609375,0.1513671875,0.101470947265625,0.10284423828125,-0.395355224609375,-0.67596435546875,0.24169921875,-1.379852294921875,0.40127673745155334
383,0.1915,-0.0,-0.0,-0.0,-0.0,-0.0,-0.0,-0.6497789621353149,6.467954158782959,-588.7509765625,-167105.71875,40898.48046875,76.41738891601562,-0.0,-0.0,-0.0,-0.0,-0.0,-0.0,-0.0,-0.0,-0.0,-0.0,-0.0,-0.0,-0.00736236572265625,-0.00537872314453125,-0.00637054443359375,-0.00820159912109375,-0.007171630859375,-0.00972747802734375,-0.00659942626953125,-0.01312255859375,-0.00316619873046875,-0.0113677978515625,-0.02269744873046875,-0.0045013427734375,-0.01621246337890625,-0.00370025634765625,-7.62939453125e-05,-0.0141143798828125,0.119781494140625,0.061492919921875,0.092926025390625,0.1239013671875,0.099945068359375,0.08544921875,0.093231201171875,0.06988525390625,0.152587890625,0.130157470703125,0.08331298828125,0.097503662109375,-1.2322998046875,-2.081298828125,0.4345703125,-2.069244384765625,1.0110454559326172
384,0.192,-0.0,-0.0,-0.0,-0.0,-0.0,-0.0,-1.6308889389038086,6.3152666091918945,-592.635986328125,-168503.546875,41188.67578125,18.03689193725586,-0.0,-0.0,-0.0,-0.0,-0.0,-0.0,-0.0,-0.0,-0.0,-0.0,-0.0,-0.0,0.0087738037109375,0.0057220458984375,0.01346588134765625,0.0133514404296875,0.01125335693359375,0.01338958740234375,0.009765625,0.02166748046875,0.007171630859375,0.01495361328125,0.027618408203125,0.012054443359375,0.0237274169921875,0.00911712646484375,0.0058746337890625,0.02536773681640625,0.194091796875,0.12969970703125,0.06591796875,0.058135986328125,-0.0103759765625,0.1080322265625,0.08636474609375,0.027923583984375,0.161895751953125,0.076446533203125,0.08331298828125,0.103302001953125,0.656585693359375,0.9063720703125,0.19195556640625,1.59271240234375,9.24292278289795
385,0.1925,-0.0,-0.0,-0.0,-0.0,-0.0,-0.0,-1.9626312255859375,5.983407974243164,-598.292724609375,-170084.828125,41729.4453125,290.1192932128906,-0.0,-0.0,-0.0,-0.0,-0.0,-0.0,-0.0,-0.0,-0.0,-0.0,-0.0,-0.0,0.0069427490234375,0.00579833984375,0.0058746337890625,0.00888824462890625,0.00568389892578125,0.00698089599609375,0.0043487548828125,0.0135040283203125,0.00370025634765625,0.00762939453125,0.02227783203125,0.0054168701171875,0.01491546630859375,0.00804901123046875,0.0023651123046875,0.015106201171875,-0.06744384765625,0.012054443359375,0.078277587890625,0.0823974609375,0.1104736328125,0.107421875,0.13275146484375,0.143585205078125,0.083160400390625,0.078277587890625,0.1007080078125,0.08758544921875,0.912628173828125,2.07366943359375,-0.533447265625,1.95770263671875,4.364773273468018
386,0.193,-0.0,-0.0,-0.0,-0.0,-0.0,-0.0,-1.8088994026184082,5.702481746673584,-604.1857299804688,-171610.703125,41927.40234375,-74.53759765625,-0.0,-0.0,-0.0,-0.0,-0.0,-0.0,-0.0,-0.0,-0.0,-0.0,-0.0,-0.0,-0.00518798828125,-0.009307861328125,-0.0098419189453125,-0.014801025390625,-0.0091552734375,-0.0138092041015625,-0.00896453857421875,-0.02166748046875,-0.00682830810546875,-0.0104522705078125,-0.024566650390625,-0.012359619140625,-0.02048492431640625,-0.0098419189453125,-0.00415802001953125,-0.0263214111328125,0.071868896484375,-0.11871337890625,0.127105712890625,0.11993408203125,-0.137481689453125,0.084686279296875,0.102081298828125,0.117034912109375,0.0579833984375,0.08880615234375,0.092315673828125,0.088348388671875,-0.171051025390625,-0.5609130859375,0.21942138671875,-1.31500244140625,-1.1231448650360107
387,0.1935,-0.0,-0.0,-0.0,-0.0,-0.0,-0.0,-0.44605255126953125,5.358841896057129,-610.7012939453125,-172912.0,41767.9609375,-279.9295349121094,-0.0,-0.0,-0.0,-0.0,-0.0,-0.0,-0.0,-0.0,-0.0,-0.0,-0.0,-0.0,-0.0057220458984375,-0.00347137451171875,-0.0043487548828125,-0.00728607177734375,-0.00438690185546875,-0.00743865966796875,-0.0040435791015625,-0.013275146484375,-0.00392913818359375,-0.0079345703125,-0.021209716796875,-0.0067901611328125,-0.01667022705078125,-0.00518798828125,-0.0037384033203125,-0.01369476318359375,0.06072998046875,0.227203369140625,0.13885498046875,0.1416015625,0.112762451171875,0.13702392578125,0.101470947265625,0.13458251953125,0.05157470703125,0.114288330078125,0.138397216796875,0.10223388671875,-0.409698486328125,-1.59393310546875,0.34027099609375,-1.894073486328125,-1.732913613319397
388,0.194,-0.0,-0.0,-0.0,-0.0,-0.0,-0.0,0.49744802713394165,4.7888288497924805,-613.0244140625,-173823.109375,42290.62109375,-564.21875,-0.0,-0.0,-0.0,-0.0,-0.0,-0.0,-0.0,-0.0,-0.0,-0.0,-0.0,-0.0,0.00850677490234375,0.00823974609375,0.01232147216796875,0.01556396484375,0.01186370849609375,0.015411376953125,0.0101470947265625,0.02262115478515625,0.006256103515625,0.01094818115234375,0.0264739990234375,0.014801025390625,0.024261474609375,0.00888824462890625,0.004425048828125,0.02655029296875,0.236968994140625,0.158538818359375,0.106964111328125,0.091094970703125,0.164794921875,0.1055908203125,0.105743408203125,0.119781494140625,0.10986328125,0.11505126953125,0.121612548828125,0.093994140625,0.41717529296875,0.92315673828125,0.17120361328125,1.829833984375,11.07222843170166
389,0.1945,-0.0,-0.0,-0.0,-0.0,-0.0,-0.0,1.1838096380233765,4.141026020050049,-614.8320922851562,-174807.34375,42045.0078125,-952.9329833984375,-0.0,-0.0,-0.0,-0.0,-0.0,-0.0,-0.0,-0.0,-0.0,-0.0,-0.0,-0.0,0.00751495361328125,0.0067138671875,0.00774383544921875,0.0091552734375,0.0054931640625,0.00804901123046875,0.00476837158203125,0.01125335693359375,0.003509521484375,0.00957489013671875,0.02178192138671875,0.003509521484375,0.0147247314453125,0.00659942626953125,0.00423431396484375,0.0151824951171875,0.12451171875,0.065155029296875,0.11383056640625,0.10284423828125,0.38818359375,0.13946533203125,0.084075927734375,0.0506591796875,0.14007568359375,0.085906982421875,0.09613037109375,0.0872802734375,1.039886474609375,2.03460693359375,-0.6451416015625,2.08160400390625,5.889194965362549
390,0.195,-0.0,-0.0,-0.0,-0.0,-0.0,-0.0,2.2164089679718018,4.254456043243408,-615.498291015625,-175467.46875,42090.34375,-1334.4075927734375,-0.0,-0.0,-0.0,-0.0,-0.0,-0.0,-0.0,-0.0,-0.0,-0.0,-0.0,-0.0,-0.00675201416015625,-0.00858306884765625,-0.01201629638671875,-0.01285552978515625,-0.01007080078125,-0.0136566162109375,-0.01102447509765625,-0.02155303955078125,-0.00881195068359375,-0.011444091796875,-0.02826690673828125,-0.01247406005859375,-0.0244903564453125,-0.00743865966796875,-0.0052642822265625,-0.025634765625,0.04608154296875,0.0946044921875,0.116424560546875,0.126190185546875,0.047760009765625,0.107879638671875,0.208892822265625,0.102691650390625,0.07568359375,0.079345703125,0.107879638671875,0.10162353515625,-0.180511474609375,-0.93170166015625,0.11260986328125,-1.5283203125,-2.95245099067688
391,0.1955,-0.0,-0.0,-0.0,-0.0,-0.0,-0.0,2.709562301635742,3.836966037750244,-615.239501953125,-175389.15625,42141.12109375,-1587.51171875,-0.0,-0.0,-0.0,-0.0,-0.0,-0.0,-0.0,-0.0,-0.0,-0.0,-0.0,-0.0,-0.00736236572265625,-0.00453948974609375,-0.00728607177734375,-0.00774383544921875,-0.00537872314453125,-0.0074005126953125,-0.00514984130859375,-0.0122833251953125,-0.00316619873046875,-0.009918212890625,-0.02017974853515625,-0.0055694580078125,-0.0162506103515625,-0.0054931640625,-0.0016021728515625,-0.01434326171875,0.122222900390625,0.19073486328125,0.08453369140625,0.08331298828125,0.13671875,0.0811767578125,0.125732421875,0.09735107421875,0.039825439453125,0.075225830078125,0.110015869140625,0.097503662109375,-1.0595703125,-1.56951904296875,0.386962890625,-1.913909912109375,-0.8182606101036072
392,0.196,-0.0,-0.0,-0.0,-0.0,-0.0,-0.0,3.230416774749756,4.067211627960205,-611.7076416015625,-174560.75,41951.74609375,-1812.0450439453125,-0.0,-0.0,-0.0,-0.0,-0.0,-0.0,-0.0,-0.0,-0.0,-0.0,-0.0,-0.0,0.00732421875,0.008392333984375,0.01255035400390625,0.01567840576171875,0.01216888427734375,0.0151824951171875,0.01079559326171875,0.02346038818359375,0.00606536865234375,0.01323699951171875,0.02635955810546875,0.015106201171875,0.0203704833984375,0.01007080078125,0.00499725341796875,0.02674102783203125,0.08941650390625,0.176239013671875,0.089874267578125,0.06988525390625,0.10955810546875,0.093994140625,0.101776123046875,0.0885009765625,0.148162841796875,0.1416015625,0.091705322265625,0.09735107421875,0.347900390625,1.30889892578125,0.0811767578125,1.50360107421875,11.07222843170166
393,0.1965,-0.0,-0.0,-0.0,-0.0,-0.0,-0.0,3.4649455547332764,4.442268371582031,-608.8822021484375,-173907.546875,41526.390625,-1659.3629150390625,-0.0,-0.0,-0.0,-0.0,-0.0,-0.0,-0.0,-0.0,-0.0,-0.0,-0.0,-0.0,0.00751495361328125,0.00659942626953125,0.00728607177734375,0.00835418701171875,0.00560760498046875,0.0081634521484375,0.0048065185546875,0.01132965087890625,0.00335693359375,0.00942230224609375,0.0191497802734375,0.0029754638671875,0.015716552734375,0.00644683837890625,0.00331878662109375,0.0148773193359375,0.105743408203125,0.103759765625,0.086669921875,0.075225830078125,0.236358642578125,0.113067626953125,0.075836181640625,0.075531005859375,0.074005126953125,0.130615234375,0.09307861328125,0.092926025390625,0.99365234375,1.68548583984375,-0.584716796875,2.071533203125,4.364773273468018
394,0.197,-0.0,-0.0,-0.0,-0.0,-0.0,-0.0,3.531001091003418,4.870477199554443,-607.0819091796875,-172864.0,41327.53515625,-1714.6357421875,-0.0,-0.0,-0.0,-0.0,-0.0,-0.0,-0.0,-0.0,-0.0,-0.0,-0.0,-0.0,-0.00774383544921875,-0.00904083251953125,-0.01201629638671875,-0.01316070556640625,-0.01094818115234375,-0.01201629638671875,-0.01071929931640625,-0.01953125,-0.0074005126953125,-0.011138916015625,-0.0272369384765625,-0.01239776611328125,-0.02384185791015625,-0.010528564453125,-0.00484466552734375,-0.026702880859375,-0.02838134765625,0.13092041015625,0.105743408203125,0.069427490234375,0.00946044921875,0.139312744140625,0.107269287109375,0.08544921875,0.117340087890625,0.08087158203125,0.106353759765625,0.094146728515625,-0.233154296875,-0.87249755859375,0.20294189453125,-1.49505615234375,0.09639240801334381
395,0.1975,-0.0,-0.0,-0.0,-0.0,-0.0,-0.0,4.118208885192871,5.190303325653076,-601.9664306640625,-172290.21875,40808.890625,-1863.5262451171875,-0.0,-0.0,-0.0,-0.0,-0.0,-0.0,-0.0,-0.0,-0.0,-0.0,-0.0,-0.0,-0.0046539306640625,-0.0026702880859375,-0.00751495361328125,-0.00823974609375,-0.005340576171875,-0.00835418701171875,-0.00701904296875,-0.01361846923828125,-0.002288818359375,-0.00934600830078125,-0.01819610595703125,-0.00057220458984375,-0.01354217529296875,-0.0031280517578125,-0.00263214111328125,-0.013275146484375,0.19256591796875,-0.051422119140625,0.098114013671875,0.087890625,-0.009765625,0.10833740234375,0.1080322265625,0.133056640625,0.169677734375,0.070953369140625,0.11993408203125,0.1080322265625,-0.898284912109375,-1.64642333984375,0.98052978515625,-1.69403076171875,0.7061610817909241
396,0.198,-0.0,-0.0,-0.0,-0.0,-0.0,-0.0,4.668294906616211,4.560311317443848,-598.9618530273438,-171337.203125,40553.90625,-2178.38037109375,-0.0,-0.0,-0.0,-0.0,-0.0,-0.0,-0.0,-0.0,-0.0,-0.0,-0.0,-0.0,0.00888824462890625,0.00698089599609375,0.0125885009765625,0.01399993896484375,0.0106048583984375,0.01216888427734375,0.01129150390625,0.02155303955078125,0.00797271728515625,0.0102996826171875,0.02964019775390625,0.01209259033203125,0.0240325927734375,0.00972747802734375,0.00438690185546875,0.02643585205078125,0.04791259765625,0.0811767578125,0.10894775390625,0.08514404296875,0.0555419921875,0.113525390625,0.096588134765625,0.12359619140625,0.031280517578125,0.090179443359375,0.117034912109375,0.092620849609375,0.360260009765625,1.2066650390625,-0.0762939453125,1.710205078125,10.76734447479248
397,0.1985,-0.0,-0.0,-0.0,-0.0,-0.0,-0.0,5.70947265625,3.8550198078155518,-594.4906616210938,-171019.984375,40135.25390625,-2364.37548828125,-0.0,-0.0,-0.0,-0.0,-0.0,-0.0,-0.0,-0.0,-0.0,-0.0,-0.0,-0.0,0.00659942626953125,0.0052642822265625,0.00659942626953125,0.0081634521484375,0.006866455078125,0.0090789794921875,0.0069427490234375,0.01129150390625,0.00202178955078125,0.0081634521484375,0.01865386962890625,0.00274658203125,0.01445770263671875,0.0060272216796875,0.0043487548828125,0.0139617919921875,0.1080322265625,0.191192626953125,0.126800537109375,0.127105712890625,0.11199951171875,0.084991455078125,0.086822509765625,0.085296630859375,0.115203857421875,0.077056884765625,0.0970458984375,0.09429931640625,1.033172607421875,1.71722412109375,-0.62774658203125,1.90887451171875,4.05988883972168
398,0.199,-0.0,-0.0,-0.0,-0.0,-0.0,-0.0,5.850762367248535,2.792910575866699,-594.5794067382812,-171047.921875,40099.640625,-2596.815673828125,-0.0,-0.0,-0.0,-0.0,-0.0,-0.0,-0.0,-0.0,-0.0,-0.0,-0.0,-0.0,-0.007171630859375,-0.009307861328125,-0.0106048583984375,-0.0165557861328125,-0.0112152099609375,-0.0152587890625,-0.0087738037109375,-0.02262115478515625,-0.0058746337890625,-0.013427734375,-0.02437591552734375,-0.01117706298828125,-0.019683837890625,-0.01007080078125,-0.00377655029296875,-0.02773284912109375,0.149688720703125,0.185699462890625,0.063934326171875,0.1361083984375,0.12725830078125,0.095367431640625,0.03631591796875,0.088348388671875,0.092315673828125,0.085601806640625,0.091705322265625,0.1055908203125,-0.394744873046875,-0.68115234375,0.46600341796875,-1.17950439453125,0.09639240801334381
399,0.1995,-0.0,-0.0,-0.0,-0.0,-0.0,-0.0,6.3929877281188965,1.1957249641418457,-594.6953125,-171319.875,40067.296875,-2790.748779296875,-0.0,-0.0,-0.0,-0.0,-0.0,-0.0,-0.0,-0.0,-0.0,-0.0,-0.0,-0.0,-0.0051116943359375,-0.0020599365234375,-0.00568389892578125,-0.00637054443359375,-0.0072479248046875,-0.0074005126953125,-0.00621795654296875,-0.0127410888671875,-0.00118255615234375,-0.008087158203125,-0.0182342529296875,-0.00370025634765625,-0.01316070556640625,-0.0035858154296875,-0.0029754638671875,-0.0136566162109375,0.162506103515625,0.102691650390625,0.066375732421875,0.119781494140625,0.04150390625,0.10223388671875,0.098114013671875,0.096588134765625,0.18280029296875,0.124664306640625,0.0897216796875,0.09002685546875,-0.76019287109375,-1.474609375,0.4400634765625,-1.82647705078125,0.7061610817909241
400,0.2,-0.0,-0.0,-0.0,-0.0,-0.0,-0.0,6.779998779296875,0.4304732084274292,-594.3756103515625,-171033.390625,40345.03515625,-3076.716064453125,-0.0,-0.0,-0.0,-0.0,-0.0,-0.0,-0.0,-0.0,-0.0,-0.0,-0.0,-0.0,0.009613037109375,0.00858306884765625,0.01239776611328125,0.016326904296875,0.0099945068359375,0.0164031982421875,0.00904083251953125,0.02410888671875,0.0042724609375,0.014495849609375,0.026092529296875,0.01117706298828125,0.02140045166015625,0.0115966796875,0.00396728515625,0.02758026123046875,0.05401611328125,-0.142364501953125,0.1458740234375,0.123748779296875,0.018463134765625,0.099945068359375,0.0787353515625,0.1043701171875,0.0531005859375,0.062408447265625,0.12786865234375,0.10589599609375,0.79559326171875,1.08184814453125,-0.37078857421875,1.6156005859375,9.852691650390625
401,0.2005,-0.0,-0.0,-0.0,-0.0,-0.0,-0.0,6.5646514892578125,-0.11981911957263947,-592.8429565429688,-170894.03125,40503.625,-3057.0263671875,-0.0,-0.0,-0.0,-0.0,-0.0,-0.0,-0.0,-0.0,-0.0,-0.0,-0.0,-0.0,0.00621795654296875,0.0066375732421875,0.00743865966796875,0.00797271728515625,0.00652313232421875,0.008697509765625,0.0069427490234375,0.01171112060546875,0.00186920166015625,0.0061798095703125,0.0197601318359375,0.00431060791015625,0.01628875732421875,0.0051116943359375,0.00385284423828125,0.0145721435546875,0.0384521484375,0.137939453125,0.124664306640625,0.128326416015625,0.205230712890625,0.085601806640625,0.0860595703125,0.11260986328125,0.158538818359375,0.196685791015625,0.10589599609375,0.10650634765625,0.767059326171875,1.761474609375,-0.2880859375,2.03521728515625,-6.306178569793701
402,0.201,-0.0,-0.0,-0.0,-0.0,-0.0,-0.0,5.7558722496032715,-0.8021736145019531,-591.9907836914062,-170335.140625,41062.4375,-2967.59765625,-0.0,-0.0,-0.0,-0.0,-0.0,-0.0,-0.0,-0.0,-0.0,-0.0,-0.0,-0.0,-0.0083160400390625,-0.008392333984375,-0.01171112060546875,-0.01644134521484375,-0.01064300537109375,-0.0153350830078125,-0.0095367431640625,-0.02346038818359375,-0.00499725341796875,-0.01491546630859375,-0.0243377685546875,-0.01071929931640625,-0.02056121826171875,-0.01094818115234375,-0.00461578369140625,-0.028076171875,0.00152587890625,0.224609375,0.086669921875,0.103607177734375,0.1177978515625,0.090789794921875,0.05828857421875,0.1092529296875,0.09124755859375,0.0506591796875,0.087738037109375,0.10986328125,-0.544281005859375,-0.8880615234375,0.526123046875,-1.321258544921875,0.09639240801334381
403,0.2015,-0.0,-0.0,-0.0,-0.0,-0.0,-0.0,4.565356254577637,-0.47686439752578735,-589.5411376953125,-170107.09375,41319.45703125,-2841.278076171875,-0.0,-0.0,-0.0,-0.0,-0.0,-0.0,-0.0,-0.0,-0.0,-0.0,-0.0,-0.0,-0.00621795654296875,-0.00377655029296875,-0.00667572021484375,-0.00789642333984375,-0.0054168701171875,-0.00850677490234375,-0.00568389892578125,-0.0121307373046875,-0.0012969970703125,-0.006256103515625,-0.01918792724609375,-0.00457763671875,-0.01377105712890625,-0.00392913818359375,-0.00274658203125,-0.0140380859375,0.24078369140625,0.08453369140625,0.092926025390625,0.07904052734375,0.03692626953125,0.10498046875,0.109710693359375,0.10406494140625,0.087432861328125,0.119171142578125,0.07965087890625,0.107879638671875,-0.623931884765625,-1.78466796875,0.50628662109375,-1.767730712890625,0.09639240801334381
404,0.202,-0.0,-0.0,-0.0,-0.0,-0.0,-0.0,3.9619834423065186,-0.4665853679180145,-588.8134155273438,-169798.0,41667.8125,-2738.055908203125,-0.0,-0.0,-0.0,-0.0,-0.0,-0.0,-0.0,-0.0,-0.0,-0.0,-0.0,-0.0,0.01041412353515625,0.0072479248046875,0.01247406005859375,0.01628875732421875,0.011138916015625,0.01491546630859375,0.00942230224609375,0.02307891845703125,0.00621795654296875,0.0138092041015625,0.02658843994140625,0.010223388671875,0.0229644775390625,0.0110626220703125,0.0052642822265625,0.0272369384765625,-0.03204345703125,-0.145416259765625,0.06866455078125,0.084381103515625,0.159912109375,0.09796142578125,0.105743408203125,0.0958251953125,0.116729736328125,0.081787109375,0.13458251953125,0.08270263671875,0.819854736328125,1.0321044921875,-0.39093017578125,1.6021728515625,10.76734447479248
405,0.2025,-0.0,-0.0,-0.0,-0.0,-0.0,-0.0,3.4792098999023438,-0.23075731098651886,-586.0706787109375,-168728.34375,42007.58203125,-2675.6826171875,-0.0,-0.0,-0.0,-0.0,-0.0,-0.0,-0.0,-0.0,-0.0,-0.0,-0.0,-0.0,0.00415802001953125,0.00324249267578125,0.0038909912109375,0.00766754150390625,0.00553131103515625,0.0106048583984375,0.00507354736328125,0.01300811767578125,0.00457763671875,0.01140594482421875,0.019073486328125,0.00301361083984375,0.0135040283203125,0.00274658203125,0.0008392333984375,0.01430511474609375,0.037841796875,0.14434814453125,0.13214111328125,0.09552001953125,0.16571044921875,0.09857177734375,0.130615234375,0.104522705078125,0.0897216796875,0.142974853515625,0.10589599609375,0.099029541015625,1.468048095703125,1.7364501953125,-0.49774169921875,1.90521240234375,3.145235776901245
406,0.203,-0.0,-0.0,-0.0,-0.0,-0.0,-0.0,3.3534154891967773,0.14620444178581238,-584.4493408203125,-168046.25,42348.85546875,-2415.791015625,-0.0,-0.0,-0.0,-0.0,-0.0,-0.0,-0.0,-0.0,-0.0,-0.0,-0.0,-0.0,-0.0081634521484375,-0.00873565673828125,-0.011444091796875,-0.015411376953125,-0.01094818115234375,-0.0160980224609375,-0.01064300537109375,-0.02399444580078125,-0.00568389892578125,-0.01552581787109375,-0.0220489501953125,-0.01102447509765625,-0.02063751220703125,-0.01071929931640625,-0.00335693359375,-0.02777099609375,0.08697509765625,0.1727294921875,0.135955810546875,0.1397705078125,0.018310546875,0.0494384765625,0.09857177734375,0.115966796875,0.03173828125,0.078887939453125,0.09857177734375,0.09124755859375,-0.48187255859375,-0.5206298828125,0.36651611328125,-1.4666748046875,-2.647566556930542
407,0.20350000000000001,-0.0,-0.0,-0.0,-0.0,-0.0,-0.0,2.1087520122528076,0.7818118929862976,-584.6574096679688,-168116.375,42739.21875,-2026.7689208984375,-0.0,-0.0,-0.0,-0.0,-0.0,-0.0,-0.0,-0.0,-0.0,-0.0,-0.0,-0.0,-0.0063323974609375,-0.0042724609375,-0.00606536865234375,-0.0069427490234375,-0.006103515625,-0.0079345703125,-0.0037384033203125,-0.01087188720703125,-0.0006103515625,-0.0092315673828125,-0.02079010009765625,-0.005035400390625,-0.0135040283203125,-0.00522613525390625,-0.001678466796875,-0.0125885009765625,0.075531005859375,0.03631591796875,0.075836181640625,0.12725830078125,-0.040435791015625,0.078277587890625,0.10894775390625,0.110015869140625,0.07232666015625,0.0958251953125,0.067596435546875,0.107574462890625,-1.0369873046875,-1.79168701171875,0.53466796875,-1.509857177734375,-2.647566556930542
408,0.20400000000000001,-0.0,-0.0,-0.0,-0.0,-0.0,-0.0,1.6057891845703125,1.3369560241699219,-586.5673828125,-168538.546875,43083.13671875,-1929.2642822265625,-0.0,-0.0,-0.0,-0.0,-0.0,-0.0,-0.0,-0.0,-0.0,-0.0,-0.0,-0.0,0.009613037109375,0.0099945068359375,0.0122833251953125,0.0174713134765625,0.01056671142578125,0.01644134521484375,0.0092315673828125,0.0251007080078125,0.005340576171875,0.0131988525390625,0.0262451171875,0.01392364501953125,0.02002716064453125,0.0115966796875,0.0048828125,0.02895355224609375,0.221099853515625,-0.015716552734375,0.01739501953125,0.07080078125,0.17059326171875,0.095367431640625,0.061492919921875,0.029144287109375,0.2667236328125,0.0714111328125,0.064849853515625,0.095062255859375,0.506744384765625,1.1260986328125,-0.08758544921875,1.607666015625,8.633153915405273
409,0.20450000000000002,-0.0,-0.0,-0.0,-0.0,-0.0,-0.0,1.2160413265228271,1.3334861993789673,-587.1152954101562,-168878.265625,43368.35546875,-1928.02978515625,-0.0,-0.0,-0.0,-0.0,-0.0,-0.0,-0.0,-0.0,-0.0,-0.0,-0.0,-0.0,0.00492095947265625,0.00179290771484375,0.00640869140625,0.00881195068359375,0.0060272216796875,0.01018524169921875,0.00789642333984375,0.01373291015625,0.005950927734375,0.01033782958984375,0.0200653076171875,0.003204345703125,0.01434326171875,0.0048065185546875,0.00049591064453125,0.0139617919921875,0.094451904296875,0.340728759765625,0.09735107421875,0.106964111328125,-0.084686279296875,0.1336669921875,0.14556884765625,0.09613037109375,0.146636962890625,0.152587890625,0.15289306640625,0.099639892578125,1.145172119140625,1.717529296875,-0.2984619140625,2.1142578125,3.145235776901245
410,0.20500000000000002,-0.0,-0.0,-0.0,-0.0,-0.0,-0.0,1.642114520072937,1.2312806844711304,-588.6726684570312,-168700.0625,43699.7890625,-2062.609619140625,-0.0,-0.0,-0.0,-0.0,-0.0,-0.0,-0.0,-0.0,-0.0,-0.0,-0.0,-0.0,-0.00759124755859375,-0.0074005126953125,-0.01071929931640625,-0.01750946044921875,-0.00919342041015625,-0.01583099365234375,-0.0095367431640625,-0.02407073974609375,-0.00820159912109375,-0.0121307373046875,-0.0260162353515625,-0.01255035400390625,-0.02002716064453125,-0.0110626220703125,-0.0035858154296875,-0.0286865234375,0.1007080078125,0.1080322265625,0.111236572265625,0.118560791015625,0.2679443359375,0.13092041015625,0.031890869140625,0.13092041015625,0.0799560546875,0.04547119140625,0.100250244140625,0.101165771484375,-0.428009033203125,-0.850830078125,0.2789306640625,-1.614227294921875,-2.95245099067688
411,0.20550000000000002,-0.0,-0.0,-0.0,-0.0,-0.0,-0.0,1.3772274255752563,0.8021736145019531,-586.9962158203125,-168644.328125,44025.140625,-1930.565673828125,-0.0,-0.0,-0.0,-0.0,-0.0,-0.0,-0.0,-0.0,-0.0,-0.0,-0.0,-0.0,-0.00293731689453125,-0.00308990478515625,-0.005340576171875,-0.0070953369140625,-0.0042724609375,-0.0072479248046875,-0.00583648681640625,-0.0110626220703125,-0.00308990478515625,-0.0069427490234375,-0.0206756591796875,-0.00774383544921875,-0.0122833251953125,-0.00640869140625,0.0,-0.0122833251953125,0.0738525390625,0.140380859375,0.13336181640625,0.117645263671875,0.2947998046875,0.095062255859375,0.045318603515625,0.1226806640625,0.066375732421875,0.11505126953125,0.099639892578125,0.09185791015625,-0.586700439453125,-1.81549072265625,0.318603515625,-1.571502685546875,-0.5133762359619141
412,0.20600000000000002,-0.0,-0.0,-0.0,-0.0,-0.0,-0.0,1.3936443328857422,0.6937481164932251,-587.405029296875,-167930.609375,44109.12109375,-2000.07373046875,-0.0,-0.0,-0.0,-0.0,-0.0,-0.0,-0.0,-0.0,-0.0,-0.0,-0.0,-0.0,0.01018524169921875,0.0060272216796875,0.012359619140625,0.015869140625,0.01220703125,0.0144195556640625,0.0092315673828125,0.02262115478515625,0.00751495361328125,0.01277923583984375,0.02864837646484375,0.0122833251953125,0.02338409423828125,0.00995635986328125,0.00518798828125,0.02826690673828125,-0.0421142578125,0.14892578125,0.138702392578125,0.150299072265625,-0.1434326171875,0.0927734375,0.095367431640625,0.116424560546875,0.0653076171875,0.109710693359375,0.100860595703125,0.08575439453125,0.88165283203125,1.19537353515625,-0.00518798828125,1.66839599609375,8.633153915405273
413,0.20650000000000002,-0.0,-0.0,-0.0,-0.0,-0.0,-0.0,1.6780303716659546,1.5534850358963013,-584.0166015625,-167537.4375,43862.2109375,-1952.07080078125,-0.0,-0.0,-0.0,-0.0,-0.0,-0.0,-0.0,-0.0,-0.0,-0.0,-0.0,-0.0,0.005645751953125,0.0070953369140625,0.0063323974609375,0.00774383544921875,0.004730224609375,0.00698089599609375,0.00484466552734375,0.01129150390625,0.00293731689453125,0.00705718994140625,0.01964569091796875,0.00782012939453125,0.01255035400390625,0.0061798095703125,0.00164031982421875,0.0122833251953125,0.242919921875,0.038604736328125,0.055999755859375,0.117645263671875,0.26123046875,0.143585205078125,0.112457275390625,0.087127685546875,0.1385498046875,0.09246826171875,0.06378173828125,0.093841552734375,0.9515380859375,2.04345703125,-0.18463134765625,1.60003662109375,2.5354671478271484
414,0.20700000000000002,-0.0,-0.0,-0.0,-0.0,-0.0,-0.0,2.1067821979522705,2.158015489578247,-582.8895874023438,-166763.65625,44086.9921875,-1911.87451171875,-0.0,-0.0,-0.0,-0.0,-0.0,-0.0,-0.0,-0.0,-0.0,-0.0,-0.0,-0.0,-0.007476806640625,-0.0075531005859375,-0.0116729736328125,-0.0170135498046875,-0.0115203857421875,-0.01537322998046875,-0.01010894775390625,-0.02437591552734375,-0.007476806640625,-0.0130462646484375,-0.024871826171875,-0.01430511474609375,-0.0188446044921875,-0.01087188720703125,-0.00293731689453125,-0.02864837646484375,0.0384521484375,-0.000457763671875,0.045623779296875,0.027008056640625,0.42816162109375,0.078125,0.10101318359375,0.09429931640625,0.05767822265625,0.118408203125,0.079803466796875,0.1123046875,-0.48370361328125,-0.78125,0.172119140625,-1.5155029296875,7.71850061416626
415,0.20750000000000002,-0.0,-0.0,-0.0,-0.0,-0.0,-0.0,1.6949996948242188,2.9053661823272705,-581.408203125,-166295.03125,43957.35546875,-1641.2579345703125,-0.0,-0.0,-0.0,-0.0,-0.0,-0.0,-0.0,-0.0,-0.0,-0.0,-0.0,-0.0,-0.0063323974609375,-0.00621795654296875,-0.00614166259765625,-0.00667572021484375,-0.0060272216796875,-0.00888824462890625,-0.00457763671875,-0.01018524169921875,-0.0017547607421875,-0.0081634521484375,-0.0203704833984375,-0.004425048828125,-0.01277923583984375,-0.0037384033203125,-0.0040435791015625,-0.01384735107421875,0.119781494140625,0.055084228515625,0.077667236328125,0.0732421875,-0.1513671875,0.093841552734375,0.0970458984375,0.099029541015625,0.08270263671875,0.06927490234375,0.101318359375,0.10833740234375,-0.87066650390625,-1.82830810546875,0.3826904296875,-1.387481689453125,-1.4280292987823486
416,0.20800000000000002,-0.0,-0.0,-0.0,-0.0,-0.0,-0.0,1.2837045192718506,3.316345453262329,-585.5723876953125,-166671.5,44028.98828125,-1535.6607666015625,-0.0,-0.0,-0.0,-0.0,-0.0,-0.0,-0.0,-0.0,-0.0,-0.0,-0.0,-0.0,0.0090789794921875,0.01125335693359375,0.01293182373046875,0.01728057861328125,0.01277923583984375,0.01613616943359375,0.010223388671875,0.0241851806640625,0.00598907470703125,0.01415252685546875,0.0250244140625,0.01445770263671875,0.02147674560546875,0.0101470947265625,0.00579833984375,0.02651214599609375,0.122528076171875,0.258636474609375,0.139312744140625,0.05126953125,0.247802734375,0.122528076171875,0.107421875,0.09033203125,0.104522705078125,0.105438232421875,0.08514404296875,0.12237548828125,0.640106201171875,0.9539794921875,-0.0506591796875,2.058563232421875,3.755004405975342
417,0.2085,-0.0,-0.0,-0.0,-0.0,-0.0,-0.0,0.8562720417976379,4.011611461639404,-586.212158203125,-167305.484375,44146.68359375,-1271.59619140625,-0.0,-0.0,-0.0,-0.0,-0.0,-0.0,-0.0,-0.0,-0.0,-0.0,-0.0,-0.0,0.00469207763671875,0.0037384033203125,0.004730224609375,0.00759124755859375,0.0042724609375,0.00850677490234375,0.006103515625,0.0133514404296875,0.00431060791015625,0.0087738037109375,0.01972198486328125,0.001678466796875,0.0115203857421875,0.003509521484375,0.0020599365234375,0.012054443359375,0.03204345703125,0.17669677734375,0.048065185546875,0.04974365234375,0.08148193359375,0.11810302734375,0.113677978515625,0.08056640625,0.158233642578125,0.12481689453125,0.075836181640625,0.09674072265625,1.0736083984375,1.92657470703125,-0.44219970703125,1.72637939453125,4.974541664123535
418,0.209,-0.0,-0.0,-0.0,-0.0,-0.0,-0.0,2.0880942344665527,4.2777862548828125,-589.6669921875,-167902.328125,44021.40234375,-1441.6175537109375,-0.0,-0.0,-0.0,-0.0,-0.0,-0.0,-0.0,-0.0,-0.0,-0.0,-0.0,-0.0,-0.008087158203125,-0.0083160400390625,-0.01201629638671875,-0.01590728759765625,-0.0104522705078125,-0.0157928466796875,-0.00911712646484375,-0.02429962158203125,-0.00713348388671875,-0.01201629638671875,-0.02490997314453125,-0.01354217529296875,-0.0249481201171875,-0.00835418701171875,-0.00499725341796875,-0.02719879150390625,0.180511474609375,-0.313262939453125,0.0543212890625,0.107879638671875,-0.01312255859375,0.092620849609375,0.077056884765625,0.09307861328125,0.09002685546875,0.028839111328125,0.114288330078125,0.083465576171875,-0.273590087890625,-0.7513427734375,0.1202392578125,-1.802978515625,0.09639240801334381
419,0.2095,-0.0,-0.0,-0.0,-0.0,-0.0,-0.0,2.801227569580078,3.921649932861328,-592.77734375,-168637.484375,44242.33203125,-1798.8272705078125,-0.0,-0.0,-0.0,-0.0,-0.0,-0.0,-0.0,-0.0,-0.0,-0.0,-0.0,-0.0,-0.0031280517578125,-0.00530242919921875,-0.0043487548828125,-0.00614166259765625,-0.00453948974609375,-0.0079345703125,-0.0067138671875,-0.011138916015625,-0.00270843505859375,-0.00835418701171875,-0.0173187255859375,-0.00339508056640625,-0.0106048583984375,-0.003814697265625,-0.00171661376953125,-0.0124359130859375,-0.07232666015625,0.3338623046875,0.137176513671875,0.14251708984375,-0.088958740234375,0.091705322265625,0.092315673828125,0.133209228515625,0.054931640625,0.10833740234375,0.118408203125,0.09552001953125,-0.772552490234375,-1.7340087890625,0.64208984375,-1.5087890625,0.09639240801334381
420,0.21,-0.0,-0.0,-0.0,-0.0,-0.0,-0.0,3.568704128265381,4.3315110206604,-594.897216796875,-169134.140625,44135.953125,-1886.3162841796875,-0.0,-0.0,-0.0,-0.0,-0.0,-0.0,-0.0,-0.0,-0.0,-0.0,-0.0,-0.0,0.00881195068359375,0.00919342041015625,0.01232147216796875,0.0167083740234375,0.0118255615234375,0.01583099365234375,0.009613037109375,0.02384185791015625,0.00614166259765625,0.01338958740234375,0.025634765625,0.0152587890625,0.0188446044921875,0.01220703125,0.003814697265625,0.02910614013671875,0.1263427734375,0.17486572265625,0.101776123046875,0.085296630859375,0.02532958984375,0.0604248046875,0.107879638671875,0.106353759765625,0.067596435546875,0.103759765625,0.106048583984375,0.09796142578125,0.78369140625,1.26434326171875,0.03875732421875,1.58966064453125,11.681997299194336
421,0.2105,-0.0,-0.0,-0.0,-0.0,-0.0,-0.0,3.6576309204101562,4.384884834289551,-595.2490234375,-169151.109375,44447.69140625,-1722.7982177734375,-0.0,-0.0,-0.0,-0.0,-0.0,-0.0,-0.0,-0.0,-0.0,-0.0,-0.0,-0.0,0.0064849853515625,0.00507354736328125,0.00629425048828125,0.00736236572265625,0.00583648681640625,0.00728607177734375,0.0029754638671875,0.01140594482421875,0.0046539306640625,0.00957489013671875,0.0185394287109375,0.0025177001953125,0.0136566162109375,0.0049591064453125,0.0025177001953125,0.0115203857421875,0.15869140625,0.112152099609375,0.105743408203125,0.11474609375,0.24932861328125,0.070953369140625,0.0836181640625,0.111541748046875,0.070343017578125,0.05706787109375,0.103302001953125,0.10772705078125,1.09161376953125,1.70867919921875,-0.45989990234375,1.6546630859375,6.498963356018066
422,0.211,-0.0,-0.0,-0.0,-0.0,-0.0,-0.0,2.445141315460205,5.0075836181640625,-597.2994384765625,-169808.265625,44672.171875,-1528.745361328125,-0.0,-0.0,-0.0,-0.0,-0.0,-0.0,-0.0,-0.0,-0.0,-0.0,-0.0,-0.0,-0.00682830810546875,-0.00835418701171875,-0.01163482666015625,-0.01495361328125,-0.01117706298828125,-0.01445770263671875,-0.00965118408203125,-0.0214385986328125,-0.006561279296875,-0.0106048583984375,-0.0262451171875,-0.01209259033203125,-0.02040863037109375,-0.0104522705078125,-0.00514984130859375,-0.02758026123046875,-0.09033203125,0.17486572265625,0.107574462890625,0.12786865234375,0.11383056640625,0.12725830078125,0.09246826171875,0.095062255859375,0.086212158203125,0.123443603515625,0.106048583984375,0.089111328125,-0.190887451171875,-0.80780029296875,0.46234130859375,-1.450347900390625,-2.342682361602783
423,0.2115,-0.0,-0.0,-0.0,-0.0,-0.0,-0.0,2.121378183364868,5.221995830535889,-600.1254272460938,-170211.3125,45032.81640625,-1213.258056640625,-0.0,-0.0,-0.0,-0.0,-0.0,-0.0,-0.0,-0.0,-0.0,-0.0,-0.0,-0.0,-0.004425048828125,-0.00354766845703125,-0.00530242919921875,-0.00820159912109375,-0.004730224609375,-0.0063323974609375,-0.0026702880859375,-0.01049041748046875,-0.00213623046875,-0.0087738037109375,-0.0179290771484375,-0.000457763671875,-0.01026153564453125,-0.00652313232421875,-0.0019073486328125,-0.01331329345703125,0.3741455078125,0.12664794921875,0.111236572265625,0.101165771484375,0.21514892578125,0.0775146484375,0.11260986328125,0.104522705078125,0.101165771484375,0.116729736328125,0.063323974609375,0.110321044921875,-0.75347900390625,-1.8890380859375,0.70404052734375,-1.25579833984375,1.3159297704696655
424,0.212,-0.0,-0.0,-0.0,-0.0,-0.0,-0.0,1.6226847171783447,5.043519973754883,-604.9303588867188,-171671.390625,45597.26171875,-1054.547119140625,-0.0,-0.0,-0.0,-0.0,-0.0,-0.0,-0.0,-0.0,-0.0,-0.0,-0.0,-0.0,0.00888824462890625,0.00942230224609375,0.012054443359375,0.01750946044921875,0.01148223876953125,0.01522064208984375,0.0096893310546875,0.02483367919921875,0.0069427490234375,0.01209259033203125,0.02651214599609375,0.01331329345703125,0.0200653076171875,0.01049041748046875,0.0031280517578125,0.02910614013671875,0.1580810546875,-0.082244873046875,0.047760009765625,0.08697509765625,0.229034423828125,0.11138916015625,0.10711669921875,0.066680908203125,0.11566162109375,0.120697021484375,0.089111328125,0.08758544921875,0.623931884765625,1.11602783203125,-0.2313232421875,1.762847900390625,10.4624605178833
425,0.2125,-0.0,-0.0,-0.0,-0.0,-0.0,-0.0,0.8921051025390625,4.512386322021484,-608.7267456054688,-173274.734375,46120.6640625,-798.300048828125,-0.0,-0.0,-0.0,-0.0,-0.0,-0.0,-0.0,-0.0,-0.0,-0.0,-0.0,-0.0,0.00598907470703125,0.0012969970703125,0.005645751953125,0.00583648681640625,0.00640869140625,0.00659942626953125,0.005035400390625,0.01247406005859375,0.00446319580078125,0.0087738037109375,0.01903533935546875,0.00194549560546875,0.0093841552734375,0.00225067138671875,0.00141143798828125,0.01186370849609375,0.020294189453125,0.026702880859375,0.101470947265625,0.079803466796875,0.037841796875,0.16082763671875,0.113983154296875,0.115966796875,0.072479248046875,0.05279541015625,0.09796142578125,0.10711669921875,0.988311767578125,1.97174072265625,-0.6048583984375,1.446990966796875,6.803847789764404
426,0.213,-0.0,-0.0,-0.0,-0.0,-0.0,-0.0,0.32613471150398254,3.959197998046875,-615.2957763671875,-174780.75,47060.8515625,-587.0994873046875,-0.0,-0.0,-0.0,-0.0,-0.0,-0.0,-0.0,-0.0,-0.0,-0.0,-0.0,-0.0,-0.00675201416015625,-0.00896453857421875,-0.01190185546875,-0.01506805419921875,-0.0106048583984375,-0.013885498046875,-0.01140594482421875,-0.02025604248046875,-0.006103515625,-0.0122833251953125,-0.0258636474609375,-0.0115203857421875,-0.02101898193359375,-0.01132965087890625,-0.00640869140625,-0.027923583984375,-0.09185791015625,0.09368896484375,0.092315673828125,0.09521484375,-0.0445556640625,0.064544677734375,0.051727294921875,0.09185791015625,0.092926025390625,0.010986328125,0.118865966796875,0.10284423828125,-0.2777099609375,-0.73272705078125,0.52337646484375,-1.499481201171875,-0.8182606101036072
427,0.2135,-0.0,-0.0,-0.0,-0.0,-0.0,-0.0,0.07295705378055573,3.816368341445923,-622.3031005859375,-176717.21875,47464.1015625,-482.5000915527344,-0.0,-0.0,-0.0,-0.0,-0.0,-0.0,-0.0,-0.0,-0.0,-0.0,-0.0,-0.0,-0.00484466552734375,-0.00091552734375,-0.00423431396484375,-0.006103515625,-0.0034332275390625,-0.00690460205078125,-0.00324249267578125,-0.0112152099609375,-0.00476837158203125,-0.0090789794921875,-0.01834869384765625,-0.00072479248046875,-0.01033782958984375,-0.002593994140625,-0.002899169921875,-0.01209259033203125,0.106353759765625,0.371551513671875,0.034637451171875,0.10284423828125,0.152587890625,0.116424560546875,0.0811767578125,0.1165771484375,0.0732421875,0.222625732421875,0.0933837890625,0.098114013671875,-0.998687744140625,-1.60125732421875,0.52215576171875,-1.5252685546875,-0.5133762359619141
428,0.214,-0.0,-0.0,-0.0,-0.0,-0.0,-0.0,0.035080645233392715,3.370938301086426,-625.4063110351562,-178076.953125,47956.7890625,-546.6146850585938,-0.0,-0.0,-0.0,-0.0,-0.0,-0.0,-0.0,-0.0,-0.0,-0.0,-0.0,-0.0,0.01033782958984375,0.0098419189453125,0.01308441162109375,0.01651763916015625,0.0118255615234375,0.016632080078125,0.01041412353515625,0.0238800048828125,0.007171630859375,0.01506805419921875,0.0250244140625,0.012664794921875,0.02040863037109375,0.01171112060546875,0.0038909912109375,0.0287628173828125,0.19775390625,-0.161590576171875,0.097503662109375,0.13519287109375,0.287322998046875,0.21087646484375,0.089263916015625,0.086517333984375,0.075531005859375,0.185699462890625,0.113067626953125,0.091705322265625,0.82672119140625,0.99334716796875,-0.26123046875,1.8017578125,11.986882209777832
429,0.2145,-0.0,-0.0,-0.0,-0.0,-0.0,-0.0,0.21673448383808136,2.352385997772217,-630.489013671875,-179328.421875,48358.33203125,-625.8515625,-0.0,-0.0,-0.0,-0.0,-0.0,-0.0,-0.0,-0.0,-0.0,-0.0,-0.0,-0.0,0.0049591064453125,0.00179290771484375,0.005950927734375,0.0058746337890625,0.005645751953125,0.0064849853515625,0.00732421875,0.0121307373046875,0.00339508056640625,0.00682830810546875,0.01667022705078125,0.00213623046875,0.0125885009765625,0.00362396240234375,0.00217437744140625,0.0118255615234375,0.0177001953125,0.1025390625,0.12298583984375,0.147705078125,0.027313232421875,0.137176513671875,0.100555419921875,0.1104736328125,0.052337646484375,0.13275146484375,0.1678466796875,0.103302001953125,1.123199462890625,1.67755126953125,-0.5523681640625,1.82281494140625,7.413616180419922
430,0.215,-0.0,-0.0,-0.0,-0.0,-0.0,-0.0,0.25200995802879333,1.9415637254714966,-633.6048583984375,-180518.625,49035.7421875,-566.74267578125,-0.0,-0.0,-0.0,-0.0,-0.0,-0.0,-0.0,-0.0,-0.0,-0.0,-0.0,-0.0,-0.00865936279296875,-0.0083160400390625,-0.01346588134765625,-0.01422882080078125,-0.011749267578125,-0.01476287841796875,-0.01216888427734375,-0.02201080322265625,-0.007781982421875,-0.0135040283203125,-0.02590179443359375,-0.01102447509765625,-0.02197265625,-0.01018524169921875,-0.0048828125,-0.02780914306640625,-0.088653564453125,0.22369384765625,0.115814208984375,0.08331298828125,0.097503662109375,0.0506591796875,0.12237548828125,0.13702392578125,0.0537109375,0.0665283203125,0.10894775390625,0.1019287109375,-0.452880859375,-0.9136962890625,0.250244140625,-1.40228271484375,-1.1231448650360107
431,0.2155,-0.0,-0.0,-0.0,-0.0,-0.0,-0.0,0.0503506064414978,1.4454989433288574,-637.15234375,-181455.015625,49507.953125,-718.4405517578125,-0.0,-0.0,-0.0,-0.0,-0.0,-0.0,-0.0,-0.0,-0.0,-0.0,-0.0,-0.0,-0.006256103515625,-0.00339508056640625,-0.00522613525390625,-0.00499725341796875,-0.00423431396484375,-0.00732421875,-0.00598907470703125,-0.011444091796875,-0.00316619873046875,-0.0098419189453125,-0.0179290771484375,-0.003662109375,-0.0101470947265625,-0.0029754638671875,-0.00102996826171875,-0.0113677978515625,0.1263427734375,0.105133056640625,0.08880615234375,0.054168701171875,0.029449462890625,0.084228515625,0.1177978515625,0.0665283203125,0.1220703125,0.09033203125,0.065765380859375,0.11474609375,-1.197052001953125,-1.89056396484375,0.335693359375,-1.583099365234375,0.09639240801334381
432,0.216,-0.0,-0.0,-0.0,-0.0,-0.0,-0.0,-0.4264855980873108,1.139145851135254,-637.8258666992188,-182067.578125,49744.58203125,-517.4867553710938,-0.0,-0.0,-0.0,-0.0,-0.0,-0.0,-0.0,-0.0,-0.0,-0.0,-0.0,-0.0,0.0101470947265625,0.00827789306640625,0.01384735107421875,0.01659393310546875,0.011138916015625,0.0150299072265625,0.00946044921875,0.02285003662109375,0.00736236572265625,0.01186370849609375,0.0262451171875,0.01316070556640625,0.022125244140625,0.0103759765625,0.00522613525390625,0.02841949462890625,0.2001953125,0.0079345703125,0.076751708984375,0.0823974609375,0.09002685546875,0.0714111328125,0.0592041015625,0.062408447265625,0.135498046875,0.044708251953125,0.076446533203125,0.105133056640625,0.562896728515625,0.8538818359375,-0.17822265625,1.789093017578125,10.157575607299805
433,0.2165,-0.0,-0.0,-0.0,-0.0,-0.0,-0.0,-0.6244735717773438,0.9654416441917419,-639.2557373046875,-182387.84375,50169.47265625,-426.2933044433594,-0.0,-0.0,-0.0,-0.0,-0.0,-0.0,-0.0,-0.0,-0.0,-0.0,-0.0,-0.0,0.00576019287109375,0.00629425048828125,0.00675201416015625,0.00698089599609375,0.005035400390625,0.0064849853515625,0.00518798828125,0.008544921875,0.002899169921875,0.010986328125,0.021514892578125,0.00431060791015625,0.011138916015625,0.0055694580078125,0.00087738037109375,0.01018524169921875,0.029296875,0.28564453125,0.139923095703125,0.12786865234375,0.26123046875,0.123748779296875,0.172882080078125,0.09857177734375,0.05523681640625,0.084381103515625,0.085601806640625,0.07171630859375,1.27716064453125,1.99737548828125,-0.3076171875,1.730804443359375,8.633153915405273
434,0.217,-0.0,-0.0,-0.0,-0.0,-0.0,-0.0,-0.9664714336395264,0.8714811205863953,-640.1778564453125,-182625.734375,50595.125,-414.93145751953125,-0.0,-0.0,-0.0,-0.0,-0.0,-0.0,-0.0,-0.0,-0.0,-0.0,-0.0,-0.0,-0.00698089599609375,-0.0101470947265625,-0.01140594482421875,-0.01617431640625,-0.012359619140625,-0.0164031982421875,-0.00980377197265625,-0.0252532958984375,-0.00720977783203125,-0.0115203857421875,-0.0237274169921875,-0.01262664794921875,-0.02109527587890625,-0.011138916015625,-0.0028228759765625,-0.02864837646484375,0.0994873046875,0.084381103515625,0.1361083984375,0.130615234375,-0.200042724609375,0.102386474609375,0.077972412109375,0.117645263671875,0.033416748046875,0.107879638671875,0.064544677734375,0.07110595703125,-0.30975341796875,-0.59661865234375,0.48065185546875,-1.551971435546875,-6.001294136047363
435,0.2175,-0.0,-0.0,-0.0,-0.0,-0.0,-0.0,-0.5552582740783691,0.90205979347229,-642.5925903320312,-183358.375,50670.44140625,-466.99078369140625,-0.0,-0.0,-0.0,-0.0,-0.0,-0.0,-0.0,-0.0,-0.0,-0.0,-0.0,-0.0,-0.00553131103515625,-0.0035858154296875,-0.00545501708984375,-0.00652313232421875,-0.00431060791015625,-0.00640869140625,-0.0040435791015625,-0.009765625,0.0014495849609375,-0.00766754150390625,-0.016937255859375,-0.00240325927734375,-0.01125335693359375,-0.00438690185546875,-0.0014495849609375,-0.01201629638671875,-0.305328369140625,0.043487548828125,0.006561279296875,0.10772705078125,0.093536376953125,0.057525634765625,0.095367431640625,0.09521484375,0.16815185546875,0.131683349609375,0.09307861328125,0.08819580078125,-1.006927490234375,-1.4361572265625,0.54351806640625,-1.852874755859375,-4.171988487243652
436,0.218,-0.0,-0.0,-0.0,-0.0,-0.0,-0.0,-0.2474883496761322,0.6842881441116333,-641.238037109375,-182888.203125,50886.94140625,-548.3680419921875,-0.0,-0.0,-0.0,-0.0,-0.0,-0.0,-0.0,-0.0,-0.0,-0.0,-0.0,-0.0,0.00926971435546875,0.0101470947265625,0.01262664794921875,0.01636505126953125,0.0125885009765625,0.01617431640625,0.01148223876953125,0.02201080322265625,0.0067901611328125,0.01384735107421875,0.02758026123046875,0.01155853271484375,0.0228118896484375,0.011444091796875,0.00576019287109375,0.029144287109375,0.422515869140625,0.110626220703125,0.106201171875,0.0677490234375,0.27313232421875,0.041656494140625,0.080718994140625,0.097503662109375,0.190887451171875,0.088958740234375,0.097198486328125,0.112762451171875,0.704803466796875,1.16119384765625,-0.1190185546875,1.70440673828125,7.413616180419922
437,0.2185,-0.0,-0.0,-0.0,-0.0,-0.0,-0.0,-0.5352630615234375,0.4456520080566406,-639.0390014648438,-182997.640625,51077.1484375,-539.125244140625,-0.0,-0.0,-0.0,-0.0,-0.0,-0.0,-0.0,-0.0,-0.0,-0.0,-0.0,-0.0,0.006561279296875,0.00301361083984375,0.00644683837890625,0.00652313232421875,0.00598907470703125,0.00606536865234375,0.00415802001953125,0.0106048583984375,0.00324249267578125,0.00873565673828125,0.01739501953125,0.00431060791015625,0.01125335693359375,0.003509521484375,0.003204345703125,0.01010894775390625,0.082244873046875,0.10894775390625,0.13519287109375,0.09124755859375,0.091705322265625,0.11688232421875,0.100860595703125,0.116424560546875,0.136566162109375,0.112152099609375,0.130157470703125,0.112457275390625,0.920562744140625,1.66717529296875,-0.1361083984375,1.93084716796875,7.71850061416626
438,0.219,-0.0,-0.0,-0.0,-0.0,-0.0,-0.0,-1.050110101699829,0.07516168057918549,-637.8728637695312,-182669.375,51453.828125,-368.5376892089844,-0.0,-0.0,-0.0,-0.0,-0.0,-0.0,-0.0,-0.0,-0.0,-0.0,-0.0,-0.0,-0.00949859619140625,-0.0090789794921875,-0.0133514404296875,-0.0168609619140625,-0.0099945068359375,-0.01407623291015625,-0.01049041748046875,-0.0206756591796875,-0.00766754150390625,-0.01007080078125,-0.026702880859375,-0.01171112060546875,-0.021514892578125,-0.0101470947265625,-0.00522613525390625,-0.0284576416015625,-0.041351318359375,0.21942138671875,0.1495361328125,0.096282958984375,0.13397216796875,0.07659912109375,0.06805419921875,0.097808837890625,0.101318359375,0.06805419921875,0.0836181640625,0.10345458984375,-0.177154541015625,-0.75042724609375,0.3692626953125,-1.568756103515625,-3.2573351860046387
439,0.2195,-0.0,-0.0,-0.0,-0.0,-0.0,-0.0,-2.202623128890991,-0.32220903038978577,-636.783447265625,-182293.3125,51693.125,-116.66867065429688,-0.0,-0.0,-0.0,-0.0,-0.0,-0.0,-0.0,-0.0,-0.0,-0.0,-0.0,-0.0,-0.00682830810546875,-0.00423431396484375,-0.00507354736328125,-0.0057220458984375,-0.0051116943359375,-0.00385284423828125,-0.002899169921875,-0.0091552734375,-0.00179290771484375,-0.0081634521484375,-0.01781463623046875,-0.00637054443359375,-0.01041412353515625,-0.0042724609375,-0.0014495849609375,-0.0098419189453125,0.27984619140625,0.050048828125,0.202178955078125,0.071563720703125,-0.030670166015625,0.089263916015625,0.10833740234375,0.053253173828125,0.223388671875,0.119171142578125,0.09765625,0.104522705078125,-0.6494140625,-1.746826171875,0.294189453125,-1.639556884765625,-1.1231448650360107
440,0.22,-0.0,-0.0,-0.0,-0.0,-0.0,-0.0,-1.811439871788025,-0.17122164368629456,-637.7890625,-182017.1875,51843.3828125,-112.18262481689453,-0.0,-0.0,-0.0,-0.0,-0.0,-0.0,-0.0,-0.0,-0.0,-0.0,-0.0,-0.0,0.0075531005859375,0.00820159912109375,0.01308441162109375,0.0171661376953125,0.01247406005859375,0.01644134521484375,0.0107574462890625,0.02544403076171875,0.006561279296875,0.01239776611328125,0.02376556396484375,0.01361846923828125,0.02185821533203125,0.01209259033203125,0.002899169921875,0.02918243408203125,0.2001953125,0.139617919921875,0.151519775390625,0.132293701171875,-0.116424560546875,0.19378662109375,0.090484619140625,0.12451171875,0.120849609375,0.114288330078125,0.09521484375,0.079498291015625,0.555419921875,0.64483642578125,-0.2142333984375,1.904449462890625,9.852691650390625
441,0.2205,-0.0,-0.0,-0.0,-0.0,-0.0,-0.0,-1.590869665145874,0.3490685224533081,-633.905029296875,-181558.890625,51853.78125,-129.93121337890625,-0.0,-0.0,-0.0,-0.0,-0.0,-0.0,-0.0,-0.0,-0.0,-0.0,-0.0,-0.0,0.00431060791015625,0.0029754638671875,0.00476837158203125,0.0061798095703125,0.0045013427734375,0.00736236572265625,0.00446319580078125,0.0116729736328125,0.0035858154296875,0.00789642333984375,0.017852783203125,0.0025177001953125,0.010223388671875,0.00316619873046875,0.00415802001953125,0.0113677978515625,-0.03204345703125,-0.0347900390625,0.0518798828125,0.067596435546875,0.221710205078125,0.113677978515625,0.10101318359375,0.106353759765625,0.157012939453125,0.09765625,0.124359130859375,0.102081298828125,0.845184326171875,1.8109130859375,-0.37261962890625,1.803131103515625,7.71850061416626
442,0.221,-0.0,-0.0,-0.0,-0.0,-0.0,-0.0,-0.9053103923797607,0.7262367010116577,-632.2749633789062,-180802.90625,51837.55078125,-210.7322540283203,-0.0,-0.0,-0.0,-0.0,-0.0,-0.0,-0.0,-0.0,-0.0,-0.0,-0.0,-0.0,-0.009002685546875,-0.00705718994140625,-0.0136566162109375,-0.016326904296875,-0.01132965087890625,-0.0160980224609375,-0.01132965087890625,-0.024261474609375,-0.00736236572265625,-0.01201629638671875,-0.0257110595703125,-0.011444091796875,-0.02208709716796875,-0.00843048095703125,-0.006103515625,-0.0270843505859375,-0.1641845703125,0.07049560546875,0.104827880859375,0.0848388671875,0.324554443359375,0.065460205078125,0.07568359375,0.108184814453125,0.1116943359375,0.1287841796875,0.118255615234375,0.09796142578125,-0.42938232421875,-0.78857421875,0.21820068359375,-1.670074462890625,0.40127673745155334
443,0.2215,-0.0,-0.0,-0.0,-0.0,-0.0,-0.0,-0.7007108330726624,0.38569819927215576,-633.1681518554688,-180969.703125,52679.640625,-296.176513671875,-0.0,-0.0,-0.0,-0.0,-0.0,-0.0,-0.0,-0.0,-0.0,-0.0,-0.0,-0.0,-0.00518798828125,-0.0048828125,-0.00438690185546875,-0.0037384033203125,-0.0040435791015625,-0.0049591064453125,-0.00644683837890625,-0.0096893310546875,-0.00431060791015625,-0.007476806640625,-0.0182342529296875,-0.0054168701171875,-0.01102447509765625,-0.00213623046875,0.000152587890625,-0.00949859619140625,0.1898193359375,0.126190185546875,0.03265380859375,0.081939697265625,0.04547119140625,0.117950439453125,0.1025390625,0.107574462890625,0.13885498046875,0.038909912109375,0.096435546875,0.091094970703125,-0.823974609375,-1.77398681640625,0.25543212890625,-1.6845703125,-1.732913613319397
444,0.222,-0.0,-0.0,-0.0,-0.0,-0.0,-0.0,-1.2829344272613525,0.16552087664604187,-634.71484375,-181137.03125,53075.8515625,-258.53399658203125,-0.0,-0.0,-0.0,-0.0,-0.0,-0.0,-0.0,-0.0,-0.0,-0.0,-0.0,-0.0,0.00965118408203125,0.0077056884765625,0.01239776611328125,0.016021728515625,0.01194000244140625,0.01483917236328125,0.01018524169921875,0.0237274169921875,0.0067138671875,0.01148223876953125,0.0279998779296875,0.01773834228515625,0.0237274169921875,0.0104522705078125,0.00614166259765625,0.0293731689453125,0.1348876953125,0.179290771484375,0.00762939453125,0.1220703125,0.114288330078125,0.103607177734375,0.101318359375,0.102996826171875,0.07843017578125,0.11871337890625,0.105743408203125,0.09429931640625,0.533599853515625,1.14715576171875,0.28167724609375,2.138824462890625,11.681997299194336
445,0.2225,-0.0,-0.0,-0.0,-0.0,-0.0,-0.0,-1.9500421285629272,-0.22474132478237152,-636.0424194335938,-182148.453125,53772.33203125,-127.77628326416016,-0.0,-0.0,-0.0,-0.0,-0.0,-0.0,-0.0,-0.0,-0.0,-0.0,-0.0,-0.0,0.00553131103515625,0.0019073486328125,0.00507354736328125,0.005645751953125,0.00225067138671875,0.0074005126953125,0.00553131103515625,0.01010894775390625,0.00331878662109375,0.00743865966796875,0.018463134765625,0.00110626220703125,0.0112152099609375,0.00274658203125,-0.0014495849609375,0.010833740234375,-0.011749267578125,0.062103271484375,0.16754150390625,0.152587890625,0.06439208984375,0.089874267578125,0.054168701171875,0.09063720703125,0.093231201171875,-0.0189208984375,0.08392333984375,0.0714111328125,1.0546875,1.72210693359375,-0.43975830078125,1.68792724609375,5.889194965362549
446,0.223,-0.0,-0.0,-0.0,-0.0,-0.0,-0.0,-2.2055816650390625,-0.713043212890625,-640.4618530273438,-182948.828125,54857.1484375,76.60982513427734,-0.0,-0.0,-0.0,-0.0,-0.0,-0.0,-0.0,-0.0,-0.0,-0.0,-0.0,-0.0,-0.00926971435546875,-0.00949859619140625,-0.0106048583984375,-0.01552581787109375,-0.01018524169921875,-0.01697540283203125,-0.0078582763671875,-0.0228118896484375,-0.00640869140625,-0.01377105712890625,-0.02574920654296875,-0.01491546630859375,-0.0214385986328125,-0.011138916015625,-0.00423431396484375,-0.02960205078125,-0.1800537109375,0.043792724609375,0.146331787109375,0.094451904296875,0.08514404296875,0.147552490234375,0.2288818359375,0.08026123046875,0.08575439453125,0.072479248046875,0.100555419921875,0.095062255859375,-0.5755615234375,-0.93109130859375,0.28594970703125,-1.55303955078125,-3.5622196197509766
447,0.2235,-0.0,-0.0,-0.0,-0.0,-0.0,-0.0,-2.5992848873138428,-1.1924617290496826,-642.7874755859375,-184176.765625,55793.99609375,24.940170288085938,-0.0,-0.0,-0.0,-0.0,-0.0,-0.0,-0.0,-0.0,-0.0,-0.0,-0.0,-0.0,-0.005340576171875,-0.00415802001953125,-0.0052642822265625,-0.0058746337890625,-0.005340576171875,-0.005645751953125,-0.00278472900390625,-0.00919342041015625,-0.00171661376953125,-0.008697509765625,-0.01522064208984375,-0.00530242919921875,-0.00873565673828125,-0.002899169921875,-0.00156402587890625,-0.01010894775390625,0.299835205078125,-0.00762939453125,0.071563720703125,0.076904296875,0.089874267578125,0.031890869140625,0.034942626953125,0.10101318359375,0.093536376953125,0.091552734375,0.08880615234375,0.110015869140625,-1.02386474609375,-1.39373779296875,0.48065185546875,-1.41326904296875,5.584310531616211
448,0.224,-0.0,-0.0,-0.0,-0.0,-0.0,-0.0,-2.789475202560425,-1.9923732280731201,-644.648193359375,-184274.09375,56616.22265625,39.386234283447266,-0.0,-0.0,-0.0,-0.0,-0.0,-0.0,-0.0,-0.0,-0.0,-0.0,-0.0,-0.0,0.0086212158203125,0.0101470947265625,0.01384735107421875,0.0170135498046875,0.012359619140625,0.01522064208984375,0.01033782958984375,0.02300262451171875,0.00659942626953125,0.01537322998046875,0.027923583984375,0.016021728515625,0.02109527587890625,0.01331329345703125,0.0054168701171875,0.02918243408203125,0.21820068359375,0.152587890625,0.186614990234375,0.105438232421875,0.08331298828125,0.124664306640625,0.127105712890625,0.08392333984375,0.059814453125,0.15625,0.133209228515625,0.10833740234375,0.895843505859375,1.40228271484375,-0.0836181640625,1.89300537109375,13.206418991088867
449,0.2245,-0.0,-0.0,-0.0,-0.0,-0.0,-0.0,-3.8141324520111084,-1.9944841861724854,-646.1456909179688,-184887.265625,57476.73046875,302.2892761230469,-0.0,-0.0,-0.0,-0.0,-0.0,-0.0,-0.0,-0.0,-0.0,-0.0,-0.0,-0.0,0.0041961669921875,0.00308990478515625,0.004730224609375,0.00469207763671875,0.0038909912109375,0.00507354736328125,0.00484466552734375,0.0096893310546875,0.0042724609375,0.00789642333984375,0.0130462646484375,0.00030517578125,0.008697509765625,0.0043487548828125,7.62939453125e-05,0.00957489013671875,0.02899169921875,0.1702880859375,0.112152099609375,0.075531005859375,0.094451904296875,0.078582763671875,-0.04241943359375,0.108184814453125,0.118408203125,-0.0006103515625,0.1055908203125,0.11383056640625,1.027069091796875,1.46820068359375,-0.54107666015625,1.4874267578125,3.145235776901245
450,0.225,-0.0,-0.0,-0.0,-0.0,-0.0,-0.0,-5.074538230895996,-2.3278417587280273,-647.2000732421875,-184944.390625,58484.6171875,562.2063598632812,-0.0,-0.0,-0.0,-0.0,-0.0,-0.0,-0.0,-0.0,-0.0,-0.0,-0.0,-0.0,-0.0078582763671875,-0.007781982421875,-0.01171112060546875,-0.016937255859375,-0.01201629638671875,-0.0145721435546875,-0.01312255859375,-0.02246856689453125,-0.008392333984375,-0.0145721435546875,-0.0260162353515625,-0.01560211181640625,-0.0202178955078125,-0.00949859619140625,-0.00415802001953125,-0.02742767333984375,0.12298583984375,0.127716064453125,0.162200927734375,0.0982666015625,0.113677978515625,0.12359619140625,0.00701904296875,0.101165771484375,0.035400390625,0.144805908203125,0.115203857421875,0.111083984375,-0.669403076171875,-0.69915771484375,0.1629638671875,-1.522064208984375,-1.1231448650360107
451,0.2255,-0.0,-0.0,-0.0,-0.0,-0.0,-0.0,-6.423642158508301,-1.8047693967819214,-646.80517578125,-184848.75,59259.08203125,826.358154296875,-0.0,-0.0,-0.0,-0.0,-0.0,-0.0,-0.0,-0.0,-0.0,-0.0,-0.0,-0.0,-0.0049591064453125,-0.00011444091796875,-0.00385284423828125,-0.00354766845703125,-0.0023651123046875,-0.0055694580078125,-0.00392913818359375,-0.01010894775390625,-0.00270843505859375,-0.0069427490234375,-0.01537322998046875,0.0003814697265625,-0.0083160400390625,-0.00148773193359375,-0.00057220458984375,-0.00972747802734375,0.07904052734375,0.08331298828125,0.166168212890625,0.108795166015625,0.345458984375,0.090789794921875,0.198974609375,0.101165771484375,0.136566162109375,0.136871337890625,0.09918212890625,0.10528564453125,-0.551605224609375,-1.7095947265625,0.714111328125,-1.27471923828125,0.40127673745155334
452,0.226,-0.0,-0.0,-0.0,-0.0,-0.0,-0.0,-7.214939594268799,-1.0918736457824707,-643.8026123046875,-184282.78125,60269.76953125,1251.0133056640625,-0.0,-0.0,-0.0,-0.0,-0.0,-0.0,-0.0,-0.0,-0.0,-0.0,-0.0,-0.0,0.01010894775390625,0.0045013427734375,0.01293182373046875,0.0177764892578125,0.01186370849609375,0.01468658447265625,0.0115966796875,0.0232696533203125,0.00804901123046875,0.01300811767578125,0.02750396728515625,0.01338958740234375,0.02086639404296875,0.01033782958984375,0.00514984130859375,0.02716064453125,-0.054779052734375,0.0762939453125,0.03143310546875,0.139923095703125,-0.3399658203125,0.0787353515625,0.125732421875,0.106353759765625,0.12786865234375,0.13580322265625,0.058441162109375,0.087890625,0.74462890625,0.95062255859375,-0.1019287109375,1.70684814453125,9.547806739807129
453,0.2265,-0.0,-0.0,-0.0,-0.0,-0.0,-0.0,-7.827550888061523,-0.36799830198287964,-643.5371704101562,-183794.265625,60484.203125,1525.839599609375,-0.0,-0.0,-0.0,-0.0,-0.0,-0.0,-0.0,-0.0,-0.0,-0.0,-0.0,-0.0,0.004119873046875,0.00675201416015625,0.005645751953125,0.00644683837890625,0.0057220458984375,0.003814697265625,0.003662109375,0.00766754150390625,0.002593994140625,0.00720977783203125,0.01506805419921875,0.00438690185546875,0.01293182373046875,0.00484466552734375,0.00152587890625,0.008697509765625,0.270233154296875,-0.003662109375,0.06744384765625,0.142974853515625,0.186920166015625,0.055694580078125,0.100860595703125,0.118560791015625,0.0579833984375,0.10650634765625,0.10101318359375,0.0909423828125,0.995330810546875,1.70928955078125,-0.35064697265625,1.86859130859375,8.328269958496094
454,0.227,-0.0,-0.0,-0.0,-0.0,-0.0,-0.0,-8.385787963867188,0.9923250675201416,-641.06396484375,-183232.453125,61258.31640625,1563.65576171875,-0.0,-0.0,-0.0,-0.0,-0.0,-0.0,-0.0,-0.0,-0.0,-0.0,-0.0,-0.0,-0.0074005126953125,-0.0081634521484375,-0.01125335693359375,-0.01667022705078125,-0.01129150390625,-0.015869140625,-0.00942230224609375,-0.02162933349609375,-0.007171630859375,-0.012054443359375,-0.023345947265625,-0.0140380859375,-0.02071380615234375,-0.01232147216796875,-0.00423431396484375,-0.0304412841796875,0.158233642578125,0.031890869140625,0.117950439453125,0.09368896484375,0.35003662109375,0.142669677734375,0.07598876953125,0.093536376953125,0.101165771484375,0.152130126953125,0.132904052734375,0.08758544921875,-0.41259765625,-0.59661865234375,0.52886962890625,-1.488800048828125,-1.1231448650360107
455,0.2275,-0.0,-0.0,-0.0,-0.0,-0.0,-0.0,-8.35255241394043,0.7113001346588135,-638.0714721679688,-182515.8125,61854.4375,1640.2271728515625,-0.0,-0.0,-0.0,-0.0,-0.0,-0.0,-0.0,-0.0,-0.0,-0.0,-0.0,-0.0,-0.0031280517578125,-0.00308990478515625,-0.00339508056640625,-0.0038909912109375,-0.0028228759765625,-0.0067901611328125,-0.00598907470703125,-0.01041412353515625,-0.00057220458984375,-0.00713348388671875,-0.01338958740234375,-0.001678466796875,-0.0080108642578125,-0.0030517578125,-0.00293731689453125,-0.0106048583984375,0.081634521484375,0.2947998046875,0.094451904296875,0.084381103515625,0.0469970703125,0.108184814453125,0.09490966796875,0.122222900390625,0.074920654296875,0.0537109375,0.0958251953125,0.083465576171875,-0.578765869140625,-1.328125,0.5938720703125,-1.549835205078125,-1.1231448650360107
456,0.228,-0.0,-0.0,-0.0,-0.0,-0.0,-0.0,-8.350431442260742,1.3038036823272705,-636.0770263671875,-182060.75,62317.125,1662.461181640625,-0.0,-0.0,-0.0,-0.0,-0.0,-0.0,-0.0,-0.0,-0.0,-0.0,-0.0,-0.0,0.0095367431640625,0.00644683837890625,0.01323699951171875,0.015869140625,0.01129150390625,0.01483917236328125,0.01087188720703125,0.02483367919921875,0.00812530517578125,0.00995635986328125,0.02567291259765625,0.0122833251953125,0.02178192138671875,0.00881195068359375,0.00461578369140625,0.0273895263671875,0.224609375,0.113677978515625,0.107269287109375,0.07843017578125,0.092926025390625,0.10711669921875,0.083160400390625,0.024261474609375,0.07720947265625,0.075836181640625,0.103302001953125,0.103302001953125,0.37506103515625,0.87432861328125,-0.19256591796875,1.673431396484375,10.4624605178833
457,0.2285,-0.0,-0.0,-0.0,-0.0,-0.0,-0.0,-8.574295997619629,0.7691040635108948,-631.3434448242188,-181201.578125,62527.3828125,1921.8968505859375,-0.0,-0.0,-0.0,-0.0,-0.0,-0.0,-0.0,-0.0,-0.0,-0.0,-0.0,-0.0,0.00400543212890625,0.00400543212890625,0.005340576171875,0.00576019287109375,0.003662109375,0.004425048828125,0.0041961669921875,0.0083160400390625,0.00335693359375,0.00583648681640625,0.01644134521484375,0.00080108642578125,0.0101470947265625,0.00186920166015625,0.00102996826171875,0.0089263916015625,0.01922607421875,0.1092529296875,0.14862060546875,0.11016845703125,0.162200927734375,0.09185791015625,0.029296875,0.113067626953125,-0.00335693359375,0.0946044921875,0.095062255859375,0.10406494140625,0.888519287109375,1.6094970703125,-0.55999755859375,1.52130126953125,6.1940789222717285
458,0.229,-0.0,-0.0,-0.0,-0.0,-0.0,-0.0,-8.706314086914062,0.7989057898521423,-629.1572265625,-180882.96875,62921.23046875,1884.0802001953125,-0.0,-0.0,-0.0,-0.0,-0.0,-0.0,-0.0,-0.0,-0.0,-0.0,-0.0,-0.0,-0.00896453857421875,-0.01132965087890625,-0.0110626220703125,-0.01705169677734375,-0.0106048583984375,-0.01384735107421875,-0.00957489013671875,-0.02399444580078125,-0.00701904296875,-0.01331329345703125,-0.0235748291015625,-0.01178741455078125,-0.019073486328125,-0.01117706298828125,-0.002593994140625,-0.02796173095703125,0.05859375,0.172271728515625,0.074005126953125,0.08758544921875,0.0189208984375,0.06072998046875,0.079803466796875,0.08392333984375,0.17120361328125,0.12176513671875,0.0653076171875,0.115203857421875,-0.537109375,-0.736083984375,0.478515625,-1.41693115234375,-1.1231448650360107
459,0.2295,-0.0,-0.0,-0.0,-0.0,-0.0,-0.0,-9.400071144104004,0.9474964141845703,-628.47607421875,-180032.40625,62969.390625,2050.067138671875,-0.0,-0.0,-0.0,-0.0,-0.0,-0.0,-0.0,-0.0,-0.0,-0.0,-0.0,-0.0,-0.0045013427734375,-0.00026702880859375,-0.00301361083984375,-0.00347137451171875,-0.0034332275390625,-0.0045013427734375,-0.0042724609375,-0.00888824462890625,-0.00194549560546875,-0.00888824462890625,-0.0147247314453125,-0.00244140625,-0.00476837158203125,-0.00335693359375,-0.00217437744140625,-0.0090789794921875,0.092620849609375,-0.05615234375,0.128936767578125,0.089874267578125,0.176849365234375,0.112457275390625,0.062408447265625,0.126495361328125,0.257720947265625,0.09033203125,0.064544677734375,0.108795166015625,-0.80963134765625,-1.62506103515625,0.25543212890625,-1.37298583984375,-0.20849192142486572
460,0.23,-0.0,-0.0,-0.0,-0.0,-0.0,-0.0,-9.446843147277832,1.618286371231079,-625.22119140625,-180021.1875,63351.36328125,2335.3623046875,-0.0,-0.0,-0.0,-0.0,-0.0,-0.0,-0.0,-0.0,-0.0,-0.0,-0.0,-0.0,0.007171630859375,0.00957489013671875,0.01209259033203125,0.01758575439453125,0.01117706298828125,0.0160980224609375,0.01079559326171875,0.02414703369140625,0.00858306884765625,0.01209259033203125,0.02471923828125,0.01308441162109375,0.0202178955078125,0.01102447509765625,0.00331878662109375,0.02910614013671875,-0.034942626953125,-0.069122314453125,-0.09521484375,0.06927490234375,0.09368896484375,0.090789794921875,0.139007568359375,0.002899169921875,0.218048095703125,0.084991455078125,0.139007568359375,0.106201171875,0.58807373046875,0.85296630859375,-0.3448486328125,1.686859130859375,10.4624605178833
461,0.2305,-0.0,-0.0,-0.0,-0.0,-0.0,-0.0,-9.949429512023926,1.402575969696045,-622.8599243164062,-179706.5,63793.90625,2376.89599609375,-0.0,-0.0,-0.0,-0.0,-0.0,-0.0,-0.0,-0.0,-0.0,-0.0,-0.0,-0.0,0.0046539306640625,0.0029754638671875,0.00591278076171875,0.00606536865234375,0.0035858154296875,0.0046539306640625,0.00324249267578125,0.00827789306640625,0.00209808349609375,0.00843048095703125,0.015869140625,0.0031280517578125,0.0112152099609375,0.00270843505859375,0.000762939453125,0.00946044921875,0.326080322265625,0.103759765625,0.0439453125,0.0616455078125,0.007171630859375,0.16326904296875,0.092926025390625,0.107879638671875,0.1422119140625,0.094451904296875,0.127105712890625,0.082244873046875,1.186370849609375,1.641845703125,-0.14892578125,1.78253173828125,7.413616180419922
462,0.231,-0.0,-0.0,-0.0,-0.0,-0.0,-0.0,-9.917004585266113,1.42608642578125,-624.2565307617188,-179686.53125,63893.05859375,2438.4951171875,-0.0,-0.0,-0.0,-0.0,-0.0,-0.0,-0.0,-0.0,-0.0,-0.0,-0.0,-0.0,-0.0095367431640625,-0.007171630859375,-0.011444091796875,-0.015869140625,-0.01110076904296875,-0.014495849609375,-0.0089263916015625,-0.02384185791015625,-0.0078582763671875,-0.01239776611328125,-0.02193450927734375,-0.012359619140625,-0.01918792724609375,-0.010833740234375,-0.0034332275390625,-0.0287628173828125,0.19683837890625,0.231781005859375,0.234832763671875,0.147247314453125,0.08575439453125,0.1312255859375,0.08636474609375,0.11444091796875,0.139617919921875,0.101165771484375,0.12237548828125,0.053863525390625,-0.346527099609375,-0.23681640625,0.4168701171875,-1.358795166015625,-2.647566556930542
463,0.2315,-0.0,-0.0,-0.0,-0.0,-0.0,-0.0,-9.762657165527344,0.7457166314125061,-623.5625610351562,-180190.390625,63972.1796875,2388.204833984375,-0.0,-0.0,-0.0,-0.0,-0.0,-0.0,-0.0,-0.0,-0.0,-0.0,-0.0,-0.0,-0.00331878662109375,-0.00247955322265625,-0.00286102294921875,-0.00316619873046875,-0.003814697265625,-0.006103515625,-0.00492095947265625,-0.0098419189453125,-0.0029754638671875,-0.009307861328125,-0.015716552734375,-0.0040435791015625,-0.00720977783203125,-0.0020599365234375,-0.00072479248046875,-0.0091552734375,-0.109405517578125,0.285491943359375,0.09368896484375,0.06622314453125,0.1617431640625,0.095977783203125,0.097198486328125,0.1031494140625,0.142059326171875,0.10955810546875,0.089263916015625,0.066986083984375,-1.005401611328125,-1.8798828125,0.43121337890625,-1.34521484375,-0.20849192142486572
464,0.232,-0.0,-0.0,-0.0,-0.0,-0.0,-0.0,-9.715252876281738,-0.10436561703681946,-627.24755859375,-180534.890625,64254.84375,2192.650634765625,-0.0,-0.0,-0.0,-0.0,-0.0,-0.0,-0.0,-0.0,-0.0,-0.0,-0.0,-0.0,0.0084686279296875,0.0086212158203125,0.0127410888671875,0.01659393310546875,0.01102447509765625,0.014190673828125,0.009918212890625,0.0244903564453125,0.00789642333984375,0.01285552978515625,0.02552032470703125,0.0151824951171875,0.01781463623046875,0.01129150390625,0.0038909912109375,0.0270843505859375,0.530853271484375,-0.00823974609375,0.064849853515625,0.087890625,0.070343017578125,0.0958251953125,0.10467529296875,0.09307861328125,0.11810302734375,0.091094970703125,0.135040283203125,0.10162353515625,0.66650390625,0.93048095703125,-0.184326171875,1.712188720703125,10.4624605178833
465,0.2325,-0.0,-0.0,-0.0,-0.0,-0.0,-0.0,-8.855947494506836,-0.8997406363487244,-629.5289306640625,-181868.546875,64265.07421875,1910.12158203125,-0.0,-0.0,-0.0,-0.0,-0.0,-0.0,-0.0,-0.0,-0.0,-0.0,-0.0,-0.0,0.00453948974609375,0.0046539306640625,0.003204345703125,0.0042724609375,0.0031280517578125,0.006103515625,0.0057220458984375,0.00820159912109375,0.00335693359375,0.00606536865234375,0.01499176025390625,0.0038909912109375,0.0093841552734375,0.00316619873046875,0.00194549560546875,0.010223388671875,0.052032470703125,-0.086669921875,0.068817138671875,0.106658935546875,0.160675048828125,0.027313232421875,0.099334716796875,0.089569091796875,0.1129150390625,0.0860595703125,0.10284423828125,0.161590576171875,0.955810546875,1.556396484375,-0.11962890625,1.65740966796875,7.71850061416626
466,0.233,-0.0,-0.0,-0.0,-0.0,-0.0,-0.0,-7.591176509857178,-1.3210384845733643,-629.9140625,-182665.046875,64253.48828125,1609.140380859375,-0.0,-0.0,-0.0,-0.0,-0.0,-0.0,-0.0,-0.0,-0.0,-0.0,-0.0,-0.0,-0.0103759765625,-0.0083160400390625,-0.01247406005859375,-0.01495361328125,-0.0122833251953125,-0.0135040283203125,-0.00934600830078125,-0.02246856689453125,-0.00789642333984375,-0.01155853271484375,-0.02498626708984375,-0.012359619140625,-0.01895904541015625,-0.01125335693359375,-0.0048828125,-0.02933502197265625,0.046844482421875,0.186767578125,0.1068115234375,0.096282958984375,0.067291259765625,0.08148193359375,0.0933837890625,0.107421875,0.082244873046875,0.125579833984375,0.0958251953125,0.146484375,-0.348968505859375,-0.57464599609375,0.452880859375,-1.27105712890625,-2.647566556930542
467,0.2335,-0.0,-0.0,-0.0,-0.0,-0.0,-0.0,-7.161210536956787,-2.049999237060547,-632.192138671875,-183279.0625,64649.734375,1507.4483642578125,-0.0,-0.0,-0.0,-0.0,-0.0,-0.0,-0.0,-0.0,-0.0,-0.0,-0.0,-0.0,-0.0034332275390625,-0.00370025634765625,-0.0031280517578125,-0.00354766845703125,-0.0042724609375,-0.00522613525390625,-0.00644683837890625,-0.00926971435546875,-0.0016021728515625,-0.006103515625,-0.0147247314453125,-0.00392913818359375,-0.00820159912109375,-0.00293731689453125,-0.00057220458984375,-0.0091552734375,-0.243377685546875,-0.128631591796875,0.044097900390625,0.065155029296875,-0.022430419921875,0.110931396484375,0.11138916015625,0.080413818359375,0.08880615234375,0.1177978515625,0.080108642578125,0.123138427734375,-0.7330322265625,-1.81732177734375,0.5120849609375,-1.567230224609375,-9.355021476745605
468,0.234,-0.0,-0.0,-0.0,-0.0,-0.0,-0.0,-6.4721903800964355,-2.5112969875335693,-634.7614135742188,-184067.59375,64622.3359375,1318.03955078125,-0.0,-0.0,-0.0,-0.0,-0.0,-0.0,-0.0,-0.0,-0.0,-0.0,-0.0,-0.0,0.01068115234375,0.009765625,0.0130462646484375,0.01628875732421875,0.01316070556640625,0.01323699951171875,0.0107574462890625,0.02307891845703125,0.0067901611328125,0.01125335693359375,0.0252532958984375,0.01434326171875,0.0191497802734375,0.01201629638671875,0.00614166259765625,0.028839111328125,0.195770263671875,0.345001220703125,0.0628662109375,0.088348388671875,0.101165771484375,0.09490966796875,0.082550048828125,0.09765625,0.072784423828125,0.077056884765625,0.064849853515625,0.088348388671875,0.571136474609375,0.82183837890625,-0.15106201171875,1.6497802734375,16.56014633178711
469,0.23450000000000001,-0.0,-0.0,-0.0,-0.0,-0.0,-0.0,-5.870938301086426,-3.0872998237609863,-635.2061157226562,-184573.28125,64834.359375,1168.644287109375,-0.0,-0.0,-0.0,-0.0,-0.0,-0.0,-0.0,-0.0,-0.0,-0.0,-0.0,-0.0,0.005035400390625,0.00308990478515625,0.00408172607421875,0.0057220458984375,0.0041961669921875,0.005340576171875,0.001068115234375,0.00720977783203125,0.00415802001953125,0.00774383544921875,0.016937255859375,0.0032806396484375,0.00843048095703125,0.00240325927734375,-0.0002288818359375,0.00812530517578125,0.362091064453125,0.26214599609375,0.120391845703125,0.126953125,0.125885009765625,0.14617919921875,0.099945068359375,0.1092529296875,0.059356689453125,0.088043212890625,0.073394775390625,0.081634521484375,0.998382568359375,1.86004638671875,-0.361328125,1.39251708984375,5.889194965362549
470,0.23500000000000001,-0.0,-0.0,-0.0,-0.0,-0.0,-0.0,-5.588051795959473,-3.4265503883361816,-635.5276489257812,-185073.96875,64759.375,1126.0650634765625,-0.0,-0.0,-0.0,-0.0,-0.0,-0.0,-0.0,-0.0,-0.0,-0.0,-0.0,-0.0,-0.0104522705078125,-0.00881195068359375,-0.01323699951171875,-0.01644134521484375,-0.012359619140625,-0.0141143798828125,-0.0101470947265625,-0.02227783203125,-0.00865936279296875,-0.009002685546875,-0.02536773681640625,-0.0136566162109375,-0.02277374267578125,-0.0112152099609375,-0.00530242919921875,-0.02971649169921875,0.129852294921875,-0.061798095703125,0.083160400390625,0.09521484375,0.13824462890625,0.107269287109375,0.130157470703125,0.097198486328125,0.07171630859375,0.098876953125,0.166778564453125,0.06744384765625,-0.28228759765625,-0.74310302734375,0.2130126953125,-1.68365478515625,-3.8671038150787354
471,0.23550000000000001,-0.0,-0.0,-0.0,-0.0,-0.0,-0.0,-5.830840110778809,-3.4014620780944824,-634.2125854492188,-184867.078125,64595.27734375,1016.3898315429688,-0.0,-0.0,-0.0,-0.0,-0.0,-0.0,-0.0,-0.0,-0.0,-0.0,-0.0,-0.0,-0.00457763671875,-0.00247955322265625,-0.00438690185546875,-0.00400543212890625,-0.0026702880859375,-0.005340576171875,-0.0011444091796875,-0.00843048095703125,-0.00263214111328125,-0.00812530517578125,-0.01483917236328125,-0.00431060791015625,-0.0096893310546875,-0.00133514404296875,0.00080108642578125,-0.0072479248046875,-0.20660400390625,0.1519775390625,0.045013427734375,0.113677978515625,0.183563232421875,0.064849853515625,0.108489990234375,0.1141357421875,0.07415771484375,0.035858154296875,0.120697021484375,0.106048583984375,-0.905303955078125,-1.60888671875,0.5340576171875,-1.3653564453125,-0.20849192142486572
472,0.23600000000000002,-0.0,-0.0,-0.0,-0.0,-0.0,-0.0,-5.434786796569824,-4.082035064697266,-633.3074951171875,-184945.71875,64777.76953125,1040.2408447265625,-0.0,-0.0,-0.0,-0.0,-0.0,-0.0,-0.0,-0.0,-0.0,-0.0,-0.0,-0.0,0.007781982421875,0.00732421875,0.0124359130859375,0.01743316650390625,0.01163482666015625,0.01556396484375,0.00988006591796875,0.0254058837890625,0.00751495361328125,0.01300811767578125,0.0240325927734375,0.01758575439453125,0.02017974853515625,0.01155853271484375,0.0032806396484375,0.02918243408203125,0.0750732421875,0.155792236328125,0.0384521484375,0.09765625,-0.162506103515625,0.0640869140625,0.125732421875,0.109405517578125,0.091400146484375,0.112152099609375,0.0555419921875,0.12237548828125,0.44525146484375,0.65582275390625,0.23895263671875,1.891021728515625,9.24292278289795
473,0.23650000000000002,-0.0,-0.0,-0.0,-0.0,-0.0,-0.0,-5.359436511993408,-4.061222076416016,-632.445556640625,-185261.59375,64663.58203125,1079.9981689453125,-0.0,-0.0,-0.0,-0.0,-0.0,-0.0,-0.0,-0.0,-0.0,-0.0,-0.0,-0.0,0.00354766845703125,0.00461578369140625,0.0029754638671875,0.00518798828125,0.002899169921875,0.00640869140625,0.0057220458984375,0.00823974609375,0.0026702880859375,0.005645751953125,0.01583099365234375,-0.001678466796875,0.00766754150390625,0.00423431396484375,0.00152587890625,0.00881195068359375,0.195770263671875,0.06317138671875,0.104827880859375,0.0836181640625,0.25146484375,0.116729736328125,0.082855224609375,0.084991455078125,0.086517333984375,0.09918212890625,0.068206787109375,0.116119384765625,0.955963134765625,1.71173095703125,-0.80352783203125,1.219482421875,7.108732223510742
474,0.23700000000000002,-0.0,-0.0,-0.0,-0.0,-0.0,-0.0,-5.467148780822754,-4.214413642883301,-631.8388671875,-185107.265625,64404.51171875,1125.7332763671875,-0.0,-0.0,-0.0,-0.0,-0.0,-0.0,-0.0,-0.0,-0.0,-0.0,-0.0,-0.0,-0.008087158203125,-0.00751495361328125,-0.0125885009765625,-0.0160980224609375,-0.0119781494140625,-0.015716552734375,-0.01041412353515625,-0.023956298828125,-0.00823974609375,-0.0110626220703125,-0.02300262451171875,-0.01216888427734375,-0.01979827880859375,-0.0093841552734375,-0.0063323974609375,-0.0293731689453125,0.21881103515625,0.21240234375,0.074310302734375,0.127105712890625,0.100860595703125,0.095367431640625,0.088958740234375,0.09185791015625,0.084381103515625,0.051422119140625,0.089263916015625,0.09674072265625,-0.42236328125,-0.43365478515625,0.28045654296875,-1.385345458984375,-1.4280292987823486
475,0.23750000000000002,-0.0,-0.0,-0.0,-0.0,-0.0,-0.0,-5.301705360412598,-3.9345483779907227,-630.25,-185436.25,64563.98828125,1257.63720703125,-0.0,-0.0,-0.0,-0.0,-0.0,-0.0,-0.0,-0.0,-0.0,-0.0,-0.0,-0.0,-0.0048065185546875,-0.00255584716796875,-0.0032806396484375,-0.00308990478515625,-0.0035858154296875,-0.0048828125,-0.00240325927734375,-0.0081634521484375,-0.0029754638671875,-0.0070953369140625,-0.012359619140625,-0.003814697265625,-0.0054168701171875,-0.0020599365234375,-0.00049591064453125,-0.0084686279296875,-0.030517578125,0.12908935546875,0.082244873046875,0.1214599609375,0.130767822265625,0.078277587890625,0.070343017578125,0.1007080078125,0.069122314453125,0.123291015625,0.0927734375,0.08331298828125,-1.009521484375,-1.32659912109375,0.25543212890625,-0.86395263671875,-1.732913613319397
476,0.23800000000000002,-0.0,-0.0,-0.0,-0.0,-0.0,-0.0,-5.4674506187438965,-3.838792562484741,-631.8634033203125,-185350.8125,64105.59765625,1264.0501708984375,-0.0,-0.0,-0.0,-0.0,-0.0,-0.0,-0.0,-0.0,-0.0,-0.0,-0.0,-0.0,0.00934600830078125,0.00823974609375,0.01430511474609375,0.0160980224609375,0.01300811767578125,0.01514434814453125,0.011749267578125,0.0249481201171875,0.0089263916015625,0.0118255615234375,0.0257110595703125,0.01552581787109375,0.0196075439453125,0.00835418701171875,0.0077056884765625,0.029449462890625,-0.2606201171875,0.026397705078125,0.178985595703125,0.0970458984375,0.16876220703125,0.1605224609375,0.1025390625,0.080718994140625,0.085296630859375,0.1165771484375,0.12451171875,0.086669921875,0.506439208984375,1.10504150390625,0.22064208984375,1.559600830078125,10.4624605178833
477,0.23850000000000002,-0.0,-0.0,-0.0,-0.0,-0.0,-0.0,-4.607199668884277,-3.9277617931365967,-632.796630859375,-185263.5625,64038.91796875,1061.0799560546875,-0.0,-0.0,-0.0,-0.0,-0.0,-0.0,-0.0,-0.0,-0.0,-0.0,-0.0,-0.0,0.00232696533203125,0.00034332275390625,0.00278472900390625,0.00579833984375,0.00408172607421875,0.00560760498046875,0.00423431396484375,0.0074005126953125,0.0017547607421875,0.00354766845703125,0.01415252685546875,0.001220703125,0.007781982421875,0.00396728515625,-0.000457763671875,0.00782012939453125,0.43975830078125,-0.12664794921875,0.04730224609375,0.084686279296875,-0.0128173828125,0.08331298828125,0.086517333984375,0.08544921875,0.090484619140625,0.114288330078125,0.12359619140625,0.080108642578125,0.64910888671875,1.6107177734375,-0.43365478515625,1.31561279296875,7.71850061416626
478,0.23900000000000002,-0.0,-0.0,-0.0,-0.0,-0.0,-0.0,-4.601501941680908,-4.048279285430908,-630.5286865234375,-185179.53125,63805.6484375,964.7448120117188,-0.0,-0.0,-0.0,-0.0,-0.0,-0.0,-0.0,-0.0,-0.0,-0.0,-0.0,-0.0,-0.0093841552734375,-0.00675201416015625,-0.01270294189453125,-0.0156402587890625,-0.0125885009765625,-0.01415252685546875,-0.01132965087890625,-0.023651123046875,-0.00942230224609375,-0.01262664794921875,-0.025787353515625,-0.0124359130859375,-0.0199127197265625,-0.01018524169921875,-0.00469207763671875,-0.029449462890625,0.102081298828125,0.214996337890625,0.12786865234375,0.1068115234375,0.23193359375,0.09002685546875,0.082244873046875,0.11688232421875,0.067138671875,0.07568359375,0.122528076171875,0.0946044921875,-0.467987060546875,-0.75408935546875,0.21728515625,-1.398162841796875,-2.342682361602783
479,0.23950000000000002,-0.0,-0.0,-0.0,-0.0,-0.0,-0.0,-4.811791896820068,-4.099998474121094,-630.3010864257812,-185148.4375,63570.9453125,1138.3106689453125,-0.0,-0.0,-0.0,-0.0,-0.0,-0.0,-0.0,-0.0,-0.0,-0.0,-0.0,-0.0,-0.0038909912109375,-0.00240325927734375,-0.00392913818359375,-0.00423431396484375,-0.003204345703125,-0.0042724609375,0.00034332275390625,-0.0075531005859375,-0.00240325927734375,-0.005340576171875,-0.0157928466796875,0.00164031982421875,-0.00766754150390625,-0.00091552734375,-0.000762939453125,-0.006561279296875,0.054168701171875,0.203704833984375,0.142974853515625,0.09857177734375,-0.003662109375,0.077667236328125,0.09002685546875,0.1177978515625,0.078887939453125,0.167999267578125,0.065460205078125,0.10223388671875,-0.447235107421875,-1.70013427734375,0.882568359375,-1.238861083984375,-3.2573351860046387
480,0.24,-0.0,-0.0,-0.0,-0.0,-0.0,-0.0,-4.6335320472717285,-4.126101970672607,-629.594970703125,-185063.890625,63310.8671875,1010.9391479492188,-0.0,-0.0,-0.0,-0.0,-0.0,-0.0,-0.0,-0.0,-0.0,-0.0,-0.0,-0.0,0.0083160400390625,0.01026153564453125,0.01163482666015625,0.0193023681640625,0.0116729736328125,0.01636505126953125,0.01049041748046875,0.0255584716796875,0.0077056884765625,0.01312255859375,0.02513885498046875,0.0125885009765625,0.01903533935546875,0.0107574462890625,0.00457763671875,0.0299072265625,-0.28045654296875,0.117034912109375,0.0,0.07476806640625,0.220794677734375,0.07476806640625,0.107879638671875,0.096435546875,0.0897216796875,0.093231201171875,0.075225830078125,0.096893310546875,0.754241943359375,0.821533203125,-0.12054443359375,1.46514892578125,8.328269958496094
481,0.2405,-0.0,-0.0,-0.0,-0.0,-0.0,-0.0,-4.040765762329102,-4.398820400238037,-630.2607421875,-185055.953125,63183.234375,873.0045776367188,-0.0,-0.0,-0.0,-0.0,-0.0,-0.0,-0.0,-0.0,-0.0,-0.0,-0.0,-0.0,0.0041961669921875,0.0017547607421875,0.0031280517578125,0.0025177001953125,0.0043487548828125,0.0055694580078125,0.001678466796875,0.007171630859375,0.00431060791015625,0.0061798095703125,0.01399993896484375,-0.0016021728515625,0.00484466552734375,0.00385284423828125,0.00095367431640625,0.00797271728515625,0.6109619140625,-0.0213623046875,0.001373291015625,0.12481689453125,-0.084228515625,0.15106201171875,0.0982666015625,0.0921630859375,0.092010498046875,0.1348876953125,0.084075927734375,0.06744384765625,0.778961181640625,1.630859375,-0.59600830078125,1.1181640625,14.730840682983398
482,0.241,-0.0,-0.0,-0.0,-0.0,-0.0,-0.0,-3.1487679481506348,-5.044055461883545,-629.6549072265625,-185117.59375,62961.390625,619.42626953125,-0.0,-0.0,-0.0,-0.0,-0.0,-0.0,-0.0,-0.0,-0.0,-0.0,-0.0,-0.0,-0.0063323974609375,-0.00762939453125,-0.0118255615234375,-0.0171661376953125,-0.01190185546875,-0.01495361328125,-0.0109100341796875,-0.02338409423828125,-0.00652313232421875,-0.0080108642578125,-0.02384185791015625,-0.01499176025390625,-0.01712799072265625,-0.01125335693359375,-0.0057220458984375,-0.02788543701171875,-0.15777587890625,0.114288330078125,0.211334228515625,0.121917724609375,0.195770263671875,0.11322021484375,0.10009765625,0.118560791015625,0.06866455078125,0.051116943359375,0.134124755859375,0.072479248046875,-0.002899169921875,-0.45654296875,0.169677734375,-1.1669921875,4.974541664123535
483,0.2415,-0.0,-0.0,-0.0,-0.0,-0.0,-0.0,-2.649759531021118,-5.788708686828613,-629.7387084960938,-185037.78125,62955.6328125,274.1028137207031,-0.0,-0.0,-0.0,-0.0,-0.0,-0.0,-0.0,-0.0,-0.0,-0.0,-0.0,-0.0,-0.00179290771484375,-0.0011444091796875,-0.00392913818359375,-0.0045013427734375,-0.0040435791015625,-0.0049591064453125,-0.003814697265625,-0.00720977783203125,0.00026702880859375,-0.00598907470703125,-0.0154876708984375,-0.00213623046875,-0.00759124755859375,-0.0040435791015625,0.00091552734375,-0.00701904296875,0.119781494140625,0.09735107421875,0.076446533203125,0.083465576171875,0.135498046875,0.07598876953125,0.085296630859375,0.10986328125,0.07110595703125,0.113677978515625,0.11383056640625,0.11566162109375,-0.8526611328125,-1.48773193359375,0.37933349609375,-1.333160400390625,-6.306178569793701
484,0.242,-0.0,-0.0,-0.0,-0.0,-0.0,-0.0,-3.0064547061920166,-6.800589084625244,-627.3712768554688,-184735.15625,63123.83984375,376.8683166503906,-0.0,-0.0,-0.0,-0.0,-0.0,-0.0,-0.0,-0.0,-0.0,-0.0,-0.0,-0.0,0.0081634521484375,0.00934600830078125,0.0135040283203125,0.0148773193359375,0.01312255859375,0.014495849609375,0.011749267578125,0.023956298828125,0.0095367431640625,0.010528564453125,0.0240325927734375,0.01491546630859375,0.01895904541015625,0.01033782958984375,0.006103515625,0.02956390380859375,0.070648193359375,-0.0140380859375,0.141143798828125,0.064697265625,0.2374267578125,0.0653076171875,0.039215087890625,0.09033203125,0.08331298828125,-0.00579833984375,0.10894775390625,0.127410888671875,-0.0103759765625,0.6903076171875,-0.14678955078125,1.53594970703125,13.206418991088867
485,0.2425,-0.0,-0.0,-0.0,-0.0,-0.0,-0.0,-3.8940629959106445,-7.1616034507751465,-626.541259765625,-184342.859375,63191.8671875,552.1961059570312,-0.0,-0.0,-0.0,-0.0,-0.0,-0.0,-0.0,-0.0,-0.0,-0.0,-0.0,-0.0,0.00331878662109375,0.00209808349609375,0.00324249267578125,0.00583648681640625,0.003509521484375,0.004119873046875,0.003204345703125,0.00545501708984375,0.0026702880859375,0.00667572021484375,0.0165557861328125,0.00156402587890625,0.00823974609375,0.0032806396484375,-0.00087738037109375,0.00690460205078125,0.10284423828125,0.193939208984375,0.040130615234375,0.056304931640625,0.036163330078125,0.06927490234375,0.112457275390625,0.0872802734375,0.102081298828125,0.159454345703125,0.0592041015625,0.117034912109375,0.828094482421875,1.61529541015625,-0.3173828125,1.36322021484375,5.279426097869873
486,0.243,-0.0,-0.0,-0.0,-0.0,-0.0,-0.0,-4.55387544631958,-7.211291313171387,-626.78759765625,-184194.40625,63424.3984375,783.4607543945312,-0.0,-0.0,-0.0,-0.0,-0.0,-0.0,-0.0,-0.0,-0.0,-0.0,-0.0,-0.0,-0.00640869140625,-0.01209259033203125,-0.01140594482421875,-0.01766204833984375,-0.0101470947265625,-0.0164031982421875,-0.009307861328125,-0.02384185791015625,-0.00579833984375,-0.009918212890625,-0.02285003662109375,-0.0144195556640625,-0.01750946044921875,-0.01308441162109375,-0.00423431396484375,-0.0295257568359375,-0.213165283203125,0.16326904296875,0.1226806640625,0.108489990234375,-0.18402099609375,0.025787353515625,0.11627197265625,0.06011962890625,0.170440673828125,0.134124755859375,0.0286865234375,0.07781982421875,-0.37078857421875,-0.58441162109375,0.22979736328125,-1.24664306640625,0.40127673745155334
487,0.2435,-0.0,-0.0,-0.0,-0.0,-0.0,-0.0,-4.576849460601807,-6.987123489379883,-626.2191772460938,-184913.4375,63793.765625,726.5223999023438,-0.0,-0.0,-0.0,-0.0,-0.0,-0.0,-0.0,-0.0,-0.0,-0.0,-0.0,-0.0,-0.00232696533203125,0.00091552734375,-0.00400543212890625,-0.00484466552734375,-0.00396728515625,-0.0029754638671875,-0.00286102294921875,-0.0061798095703125,-0.00087738037109375,-0.00820159912109375,-0.01567840576171875,-0.0014495849609375,-0.00827789306640625,-0.00194549560546875,0.00110626220703125,-0.00690460205078125,0.4278564453125,-0.15533447265625,0.317230224609375,0.139007568359375,0.337677001953125,0.15777587890625,0.098419189453125,0.10894775390625,0.053253173828125,0.08209228515625,0.07843017578125,0.092315673828125,-1.051025390625,-1.5863037109375,0.49591064453125,-1.42120361328125,-2.342682361602783
488,0.244,-0.0,-0.0,-0.0,-0.0,-0.0,-0.0,-4.91035270690918,-7.068497657775879,-627.5858154296875,-184284.640625,64054.3515625,656.660888671875,-0.0,-0.0,-0.0,-0.0,-0.0,-0.0,-0.0,-0.0,-0.0,-0.0,-0.0,-0.0,0.00942230224609375,0.010223388671875,0.0138092041015625,0.01926422119140625,0.0116729736328125,0.01605987548828125,0.010986328125,0.02529144287109375,0.00804901123046875,0.0102996826171875,0.0269317626953125,0.0135040283203125,0.02040863037109375,0.0106048583984375,0.00629425048828125,0.0296783447265625,0.238800048828125,-0.004425048828125,0.1263427734375,0.1287841796875,0.01922607421875,0.164031982421875,0.08544921875,0.110626220703125,0.10009765625,0.206451416015625,0.2178955078125,0.11199951171875,0.386505126953125,0.9185791015625,-0.00518798828125,1.38519287109375,11.07222843170166
489,0.2445,-0.0,-0.0,-0.0,-0.0,-0.0,-0.0,-5.301384925842285,-6.735980033874512,-627.83154296875,-184190.046875,63875.40625,796.6820678710938,-0.0,-0.0,-0.0,-0.0,-0.0,-0.0,-0.0,-0.0,-0.0,-0.0,-0.0,-0.0,0.00545501708984375,0.0054168701171875,0.00217437744140625,0.0029754638671875,0.004425048828125,0.0043487548828125,0.00125885009765625,0.00762939453125,0.00247955322265625,0.0070953369140625,0.013427734375,-0.0011444091796875,0.00926971435546875,0.003204345703125,0.00316619873046875,0.0063323974609375,0.13946533203125,0.268096923828125,0.149078369140625,0.105438232421875,0.41351318359375,0.1251220703125,0.102996826171875,0.1605224609375,0.049285888671875,-0.0048828125,0.111846923828125,0.124664306640625,1.043243408203125,1.46759033203125,-0.299072265625,1.615447998046875,9.547806739807129
490,0.245,-0.0,-0.0,-0.0,-0.0,-0.0,-0.0,-5.410982608795166,-5.944267749786377,-626.6633911132812,-183717.5625,64399.984375,1077.3779296875,-0.0,-0.0,-0.0,-0.0,-0.0,-0.0,-0.0,-0.0,-0.0,-0.0,-0.0,-0.0,-0.00705718994140625,-0.00888824462890625,-0.01224517822265625,-0.0171661376953125,-0.01132965087890625,-0.0150299072265625,-0.0074005126953125,-0.026702880859375,-0.00789642333984375,-0.0103759765625,-0.02117156982421875,-0.01338958740234375,-0.01689910888671875,-0.00965118408203125,-0.0042724609375,-0.02880096435546875,0.10040283203125,0.28961181640625,0.113525390625,0.063018798828125,0.1312255859375,0.103607177734375,0.09765625,0.087890625,0.1141357421875,0.12237548828125,0.106201171875,0.119171142578125,0.042877197265625,-0.26092529296875,0.3826904296875,-1.10565185546875,-2.342682361602783
491,0.2455,-0.0,-0.0,-0.0,-0.0,-0.0,-0.0,-6.746087551116943,-5.194060325622559,-626.8944091796875,-183427.046875,64023.29296875,1350.640380859375,-0.0,-0.0,-0.0,-0.0,-0.0,-0.0,-0.0,-0.0,-0.0,-0.0,-0.0,-0.0,-0.00324249267578125,-0.00148773193359375,-0.0035858154296875,-0.003814697265625,-0.0042724609375,-0.0051116943359375,-0.00377655029296875,-0.00957489013671875,-0.0009918212890625,-0.0032806396484375,-0.01434326171875,-0.0011444091796875,-0.00865936279296875,-0.00293731689453125,-0.0022125244140625,-0.00705718994140625,-0.02105712890625,-0.098114013671875,0.03387451171875,0.09796142578125,0.102691650390625,0.04852294921875,0.10498046875,0.063018798828125,0.125885009765625,0.09521484375,0.101470947265625,0.104522705078125,-0.651092529296875,-1.400146484375,0.31219482421875,-1.192626953125,-2.647566556930542
492,0.246,-0.0,-0.0,-0.0,-0.0,-0.0,-0.0,-6.777088165283203,-4.459428310394287,-624.9083862304688,-182706.875,64452.23046875,1441.95263671875,-0.0,-0.0,-0.0,-0.0,-0.0,-0.0,-0.0,-0.0,-0.0,-0.0,-0.0,-0.0,0.0102996826171875,0.006866455078125,0.01434326171875,0.01861572265625,0.01163482666015625,0.015716552734375,0.0098419189453125,0.0229644775390625,0.00782012939453125,0.01186370849609375,0.02475738525390625,0.0131988525390625,0.01781463623046875,0.010986328125,0.00431060791015625,0.0296783447265625,-0.655670166015625,0.096893310546875,0.05126953125,0.087127685546875,-0.10040283203125,0.097503662109375,0.096282958984375,0.102386474609375,0.098724365234375,0.162811279296875,0.0494384765625,0.092926025390625,0.52764892578125,0.5767822265625,-0.1580810546875,1.389923095703125,9.547806739807129
493,0.2465,-0.0,-0.0,-0.0,-0.0,-0.0,-0.0,-7.552239894866943,-3.565216064453125,-625.382080078125,-182738.28125,64565.421875,1599.0615234375,-0.0,-0.0,-0.0,-0.0,-0.0,-0.0,-0.0,-0.0,-0.0,-0.0,-0.0,-0.0,0.00270843505859375,0.00522613525390625,0.0025177001953125,0.00400543212890625,0.001983642578125,0.003814697265625,0.002288818359375,0.0064849853515625,0.003204345703125,0.00499725341796875,0.01567840576171875,0.003662109375,0.0078582763671875,0.00286102294921875,0.00080108642578125,0.0066375732421875,0.574188232421875,0.057220458984375,0.0238037109375,0.14373779296875,0.2593994140625,0.086212158203125,0.09002685546875,0.1165771484375,0.105743408203125,-0.14068603515625,0.0836181640625,0.08087158203125,0.660858154296875,1.585693359375,-0.020751953125,1.651458740234375,11.377113342285156
494,0.247,-0.0,-0.0,-0.0,-0.0,-0.0,-0.0,-7.279688358306885,-2.6814095973968506,-624.0590209960938,-182140.25,64970.4375,1744.1429443359375,-0.0,-0.0,-0.0,-0.0,-0.0,-0.0,-0.0,-0.0,-0.0,-0.0,-0.0,-0.0,-0.008087158203125,-0.0081634521484375,-0.01224517822265625,-0.01689910888671875,-0.0110626220703125,-0.01506805419921875,-0.0063323974609375,-0.02582550048828125,-0.00568389892578125,-0.0102996826171875,-0.0246429443359375,-0.0162506103515625,-0.017852783203125,-0.01026153564453125,-0.0067138671875,-0.028839111328125,0.31494140625,0.053253173828125,0.08392333984375,0.121917724609375,0.275421142578125,0.149383544921875,0.073089599609375,0.1141357421875,0.081024169921875,0.219573974609375,0.135040283203125,0.08636474609375,-0.112762451171875,-0.55816650390625,0.27801513671875,-1.259918212890625,-1.4280292987823486
495,0.2475,-0.0,-0.0,-0.0,-0.0,-0.0,-0.0,-7.493682861328125,-2.2259654998779297,-622.5355224609375,-181353.546875,65229.4453125,1763.080322265625,-0.0,-0.0,-0.0,-0.0,-0.0,-0.0,-0.0,-0.0,-0.0,-0.0,-0.0,-0.0,-0.0028228759765625,-0.00560760498046875,-0.0019073486328125,-0.00461578369140625,-0.0020599365234375,-0.00316619873046875,-0.00095367431640625,-0.0066375732421875,-0.00263214111328125,-0.0055694580078125,-0.0150299072265625,-0.0016021728515625,-0.00885009765625,-0.0006866455078125,0.00034332275390625,-0.005950927734375,0.31646728515625,0.09979248046875,0.14251708984375,0.08331298828125,-0.328826904296875,0.201263427734375,0.076904296875,0.09552001953125,0.089263916015625,0.194091796875,0.157470703125,0.089263916015625,-0.570068359375,-1.41937255859375,0.4742431640625,-1.33575439453125,-0.8182606101036072
496,0.248,-0.0,-0.0,-0.0,-0.0,-0.0,-0.0,-8.205231666564941,-1.9630024433135986,-621.2603759765625,-180738.6875,65425.24609375,1929.03173828125,-0.0,-0.0,-0.0,-0.0,-0.0,-0.0,-0.0,-0.0,-0.0,-0.0,-0.0,-0.0,0.0093841552734375,0.009918212890625,0.0131988525390625,0.016021728515625,0.0130462646484375,0.01461029052734375,0.01232147216796875,0.02353668212890625,0.009002685546875,0.01194000244140625,0.02716064453125,0.01316070556640625,0.01922607421875,0.011444091796875,0.00446319580078125,0.03055572509765625,0.01373291015625,0.144195556640625,0.166168212890625,0.091400146484375,0.044708251953125,0.09613037109375,0.044097900390625,0.090179443359375,0.09063720703125,0.102691650390625,0.0933837890625,0.09674072265625,0.66802978515625,0.838623046875,-0.00213623046875,1.51947021484375,9.852691650390625
497,0.2485,-0.0,-0.0,-0.0,-0.0,-0.0,-0.0,-8.26998519897461,-1.0411115884780884,-620.0712280273438,-180049.25,65247.62890625,2242.28271484375,-0.0,-0.0,-0.0,-0.0,-0.0,-0.0,-0.0,-0.0,-0.0,-0.0,-0.0,-0.0,0.00274658203125,0.00400543212890625,0.002899169921875,0.00461578369140625,0.00324249267578125,0.0032806396484375,0.00293731689453125,0.00652313232421875,0.00324249267578125,0.00682830810546875,0.0164031982421875,0.0025177001953125,0.007171630859375,0.00263214111328125,0.000762939453125,0.00728607177734375,-0.178070068359375,0.187225341796875,0.029144287109375,0.12542724609375,0.18951416015625,0.084991455078125,0.112457275390625,0.09521484375,0.084991455078125,0.0616455078125,0.089874267578125,0.07476806640625,1.166534423828125,1.75537109375,-0.250244140625,1.1181640625,8.93803882598877
498,0.249,-0.0,-0.0,-0.0,-0.0,-0.0,-0.0,-8.562483787536621,-0.35479843616485596,-616.8717041015625,-178920.84375,65751.6953125,2234.746337890625,-0.0,-0.0,-0.0,-0.0,-0.0,-0.0,-0.0,-0.0,-0.0,-0.0,-0.0,-0.0,-0.00751495361328125,-0.00537872314453125,-0.01323699951171875,-0.01552581787109375,-0.0124359130859375,-0.01621246337890625,-0.01018524169921875,-0.0243377685546875,-0.00675201416015625,-0.0122833251953125,-0.02239227294921875,-0.01621246337890625,-0.0159454345703125,-0.01316070556640625,-0.0031280517578125,-0.0301361083984375,-0.088348388671875,0.23834228515625,0.004425048828125,0.138397216796875,0.558624267578125,0.109710693359375,0.13641357421875,0.112152099609375,0.059051513671875,0.122833251953125,0.032196044921875,0.0750732421875,-0.295867919921875,-0.36224365234375,0.0128173828125,-1.083526611328125,-1.1231448650360107
499,0.2495,-0.0,-0.0,-0.0,-0.0,-0.0,-0.0,-8.561226844787598,0.35503172874450684,-615.1197509765625,-177951.703125,65399.4140625,2147.00732421875,-0.0,-0.0,-0.0,-0.0,-0.0,-0.0,-0.0,-0.0,-0.0,-0.0,-0.0,-0.0,-0.00255584716796875,-0.0057220458984375,-0.0042724609375,-0.0046539306640625,-0.0017547607421875,-0.003204345703125,-0.00186920166015625,-0.006256103515625,-0.001220703125,-0.00621795654296875,-0.01598358154296875,0.00080108642578125,-0.0079345703125,-0.0009918212890625,0.00019073486328125,-0.0066375732421875,0.29876708984375,0.011749267578125,0.079498291015625,0.01617431640625,-0.4168701171875,0.057220458984375,0.102996826171875,0.0946044921875,0.104827880859375,0.146484375,0.06622314453125,0.0994873046875,-0.543212890625,-1.395263671875,0.73699951171875,-1.27960205078125,-1.732913613319397
500,0.25,-0.0,-0.0,-0.0,-0.0,-0.0,-0.0,-7.6721038818359375,0.38665536046028137,-614.29931640625,-177256.171875,65373.7265625,1923.15380859375,-0.0,-0.0,-0.0,-0.0,-0.0,-0.0,-0.0,-0.0,-0.0,-0.0,-0.0,-0.0,0.007171630859375,0.00774383544921875,0.01312255859375,0.017242431640625,0.01308441162109375,0.014495849609375,0.0131988525390625,0.02307891845703125,0.009307861328125,0.0093841552734375,0.02712249755859375,0.01468658447265625,0.0199127197265625,0.01094818115234375,0.00400543212890625,0.02941131591796875,0.269775390625,-0.142059326171875,0.078582763671875,0.0775146484375,-0.156097412109375,0.11688232421875,0.107879638671875,0.1177978515625,0.11627197265625,0.078582763671875,0.13824462890625,0.1275634765625,0.332794189453125,0.694580078125,0.15167236328125,1.80450439453125,10.157575607299805
501,0.2505,-0.0,-0.0,-0.0,-0.0,-0.0,-0.0,-7.524901866912842,1.1887755393981934,-612.5332641601562,-176379.703125,65359.390625,1902.850341796875,-0.0,-0.0,-0.0,-0.0,-0.0,-0.0,-0.0,-0.0,-0.0,-0.0,-0.0,-0.0,0.002288818359375,0.007171630859375,0.00461578369140625,0.00457763671875,0.0023651123046875,0.0041961669921875,0.00362396240234375,0.00469207763671875,0.0017547607421875,0.00858306884765625,0.01354217529296875,-0.0012969970703125,0.00701904296875,0.002288818359375,0.00152587890625,0.00621795654296875,0.02777099609375,0.207977294921875,0.186004638671875,0.101776123046875,0.687713623046875,0.064544677734375,0.099945068359375,0.1092529296875,0.10009765625,0.073089599609375,0.0799560546875,0.11322021484375,1.165771484375,1.318359375,-0.7177734375,1.5447998046875,-0.20849192142486572
502,0.251,-0.0,-0.0,-0.0,-0.0,-0.0,-0.0,-7.374447822570801,1.5460765361785889,-612.1796875,-176020.25,65524.8046875,1893.98974609375,-0.0,-0.0,-0.0,-0.0,-0.0,-0.0,-0.0,-0.0,-0.0,-0.0,-0.0,-0.0,-0.0080108642578125,-0.0093841552734375,-0.01308441162109375,-0.01628875732421875,-0.012664794921875,-0.0164031982421875,-0.01007080078125,-0.02315521240234375,-0.00774383544921875,-0.0138092041015625,-0.02399444580078125,-0.01506805419921875,-0.0191497802734375,-0.01125335693359375,-0.0046539306640625,-0.02849578857421875,0.146636962890625,0.25665283203125,0.037384033203125,0.081939697265625,0.37353515625,0.0933837890625,0.078125,0.08575439453125,0.120086669921875,0.02197265625,0.07843017578125,0.084381103515625,-0.585784912109375,-0.5548095703125,0.19775390625,-1.34002685546875,1.6208140850067139
503,0.2515,-0.0,-0.0,-0.0,-0.0,-0.0,-0.0,-7.612849712371826,1.66420578956604,-613.4761352539062,-176183.890625,65414.94140625,2098.42822265625,-0.0,-0.0,-0.0,-0.0,-0.0,-0.0,-0.0,-0.0,-0.0,-0.0,-0.0,-0.0,-0.0035858154296875,-0.00335693359375,-0.00240325927734375,-0.00316619873046875,-0.0005340576171875,-0.00438690185546875,-0.00164031982421875,-0.005035400390625,-0.00225067138671875,-0.00759124755859375,-0.01373291015625,0.00209808349609375,-0.00789642333984375,-0.00164031982421875,-0.0016021728515625,-0.006256103515625,-0.13702392578125,-0.103302001953125,0.111846923828125,0.085601806640625,0.1129150390625,0.10833740234375,0.096893310546875,0.08087158203125,0.123748779296875,0.10589599609375,0.078277587890625,0.063018798828125,-0.906219482421875,-1.3116455078125,0.6549072265625,-0.99700927734375,-2.342682361602783
504,0.252,-0.0,-0.0,-0.0,-0.0,-0.0,-0.0,-7.82111930847168,1.5445958375930786,-615.7130126953125,-176739.265625,65973.03125,1952.462158203125,-0.0,-0.0,-0.0,-0.0,-0.0,-0.0,-0.0,-0.0,-0.0,-0.0,-0.0,-0.0,0.00942230224609375,0.00766754150390625,0.01251220703125,0.016021728515625,0.01285552978515625,0.0125885009765625,0.010986328125,0.0237274169921875,0.00934600830078125,0.0104522705078125,0.0283050537109375,0.01590728759765625,0.0164031982421875,0.0115203857421875,0.00507354736328125,0.02902984619140625,-0.29937744140625,0.23345947265625,0.00732421875,0.125274658203125,0.00396728515625,0.0628662109375,0.11260986328125,0.097198486328125,0.0946044921875,0.0750732421875,0.05767822265625,0.090484619140625,0.340118408203125,0.72662353515625,-0.0933837890625,1.3690185546875,6.803847789764404
505,0.2525,-0.0,-0.0,-0.0,-0.0,-0.0,-0.0,-7.641787052154541,1.4849274158477783,-618.1838989257812,-177299.109375,65985.859375,1942.7025146484375,-0.0,-0.0,-0.0,-0.0,-0.0,-0.0,-0.0,-0.0,-0.0,-0.0,-0.0,-0.0,0.003662109375,0.00240325927734375,0.00244140625,0.00377655029296875,0.0011444091796875,0.00396728515625,0.00263214111328125,0.006561279296875,0.003814697265625,0.0060272216796875,0.013885498046875,0.00049591064453125,0.0064849853515625,0.00339508056640625,0.00080108642578125,0.00682830810546875,0.4364013671875,-0.0909423828125,0.0433349609375,0.099334716796875,0.001068115234375,0.125732421875,0.092315673828125,0.101470947265625,0.11688232421875,0.14923095703125,0.185394287109375,0.130157470703125,0.704193115234375,1.61376953125,-0.4833984375,1.23382568359375,7.108732223510742
506,0.253,-0.0,-0.0,-0.0,-0.0,-0.0,-0.0,-6.958592414855957,1.1289563179016113,-622.4205322265625,-177931.28125,66342.9453125,1542.731201171875,-0.0,-0.0,-0.0,-0.0,-0.0,-0.0,-0.0,-0.0,-0.0,-0.0,-0.0,-0.0,-0.00766754150390625,-0.00934600830078125,-0.0125885009765625,-0.0177764892578125,-0.010986328125,-0.01628875732421875,-0.0066375732421875,-0.023651123046875,-0.00743865966796875,-0.0104522705078125,-0.02346038818359375,-0.01285552978515625,-0.018310546875,-0.01033782958984375,-0.0035858154296875,-0.02902984619140625,0.288543701171875,-0.02044677734375,0.157623291015625,0.08697509765625,0.084075927734375,0.087432861328125,0.043182373046875,0.111846923828125,0.092010498046875,0.0634765625,0.1776123046875,0.128631591796875,-0.41748046875,-0.2850341796875,0.76568603515625,-1.11663818359375,-1.732913613319397
507,0.2535,-0.0,-0.0,-0.0,-0.0,-0.0,-0.0,-6.274423122406006,1.2475303411483765,-623.4795532226562,-178050.546875,66501.546875,1464.7342529296875,-0.0,-0.0,-0.0,-0.0,-0.0,-0.0,-0.0,-0.0,-0.0,-0.0,-0.0,-0.0,-0.00171661376953125,-0.0009918212890625,-0.00244140625,-0.00148773193359375,-0.00286102294921875,-0.00347137451171875,-0.0020599365234375,-0.004119873046875,0.0003814697265625,-0.0061798095703125,-0.0146484375,0.00072479248046875,-0.00675201416015625,-0.00202178955078125,0.0006866455078125,-0.004119873046875,-0.02655029296875,0.34942626953125,0.1904296875,0.105438232421875,0.10498046875,0.11749267578125,0.118560791015625,0.11199951171875,0.118255615234375,0.114593505859375,0.121307373046875,0.120697021484375,-0.677642822265625,-1.20391845703125,0.78155517578125,-0.815582275390625,-2.95245099067688
508,0.254,-0.0,-0.0,-0.0,-0.0,-0.0,-0.0,-6.334680557250977,1.5148499011993408,-624.302001953125,-178403.40625,66773.4453125,1513.6944580078125,-0.0,-0.0,-0.0,-0.0,-0.0,-0.0,-0.0,-0.0,-0.0,-0.0,-0.0,-0.0,0.00751495361328125,0.00652313232421875,0.0130462646484375,0.01758575439453125,0.01178741455078125,0.0164794921875,0.0090789794921875,0.02445220947265625,0.0070953369140625,0.01186370849609375,0.0229644775390625,0.0128936767578125,0.01712799072265625,0.01064300537109375,0.00576019287109375,0.02986907958984375,-0.080413818359375,0.10833740234375,0.140838623046875,0.120086669921875,-0.160675048828125,0.10467529296875,0.104827880859375,0.102386474609375,0.10833740234375,0.11474609375,0.063323974609375,0.088348388671875,0.657196044921875,0.40313720703125,-0.1611328125,1.237335205078125,9.547806739807129
509,0.2545,-0.0,-0.0,-0.0,-0.0,-0.0,-0.0,-6.155525207519531,1.9002124071121216,-626.7794799804688,-178381.78125,66706.8671875,1562.7738037109375,-0.0,-0.0,-0.0,-0.0,-0.0,-0.0,-0.0,-0.0,-0.0,-0.0,-0.0,-0.0,0.00286102294921875,0.0035858154296875,0.00202178955078125,0.00392913818359375,0.0042724609375,0.00484466552734375,0.00347137451171875,0.0022125244140625,0.00091552734375,0.0054168701171875,0.01369476318359375,-0.00030517578125,0.0083160400390625,0.00247955322265625,-0.00244140625,0.0052642822265625,0.27984619140625,0.212554931640625,0.05859375,0.144500732421875,0.308074951171875,0.105133056640625,0.08056640625,0.094451904296875,0.10711669921875,0.11138916015625,0.00274658203125,0.035552978515625,0.774078369140625,1.2646484375,-0.36834716796875,1.071319580078125,8.93803882598877
510,0.255,-0.0,-0.0,-0.0,-0.0,-0.0,-0.0,-5.857637405395508,2.167802333831787,-626.5380859375,-178532.78125,66684.4140625,1563.2252197265625,-0.0,-0.0,-0.0,-0.0,-0.0,-0.0,-0.0,-0.0,-0.0,-0.0,-0.0,-0.0,-0.0103759765625,-0.0107574462890625,-0.01316070556640625,-0.01667022705078125,-0.01239776611328125,-0.0146484375,-0.0080108642578125,-0.02353668212890625,-0.00701904296875,-0.01148223876953125,-0.02346038818359375,-0.0147247314453125,-0.01590728759765625,-0.01140594482421875,-0.002899169921875,-0.03021240234375,0.1904296875,0.0079345703125,0.272369384765625,0.08636474609375,-0.219573974609375,0.117645263671875,0.106048583984375,0.0848388671875,0.116729736328125,0.15167236328125,0.11016845703125,0.112152099609375,-0.26214599609375,-0.15594482421875,0.31036376953125,-1.061248779296875,-2.0377979278564453
511,0.2555,-0.0,-0.0,-0.0,-0.0,-0.0,-0.0,-5.1712565422058105,2.1087639331817627,-627.4804077148438,-178617.84375,67039.4921875,1221.2108154296875,-0.0,-0.0,-0.0,-0.0,-0.0,-0.0,-0.0,-0.0,-0.0,-0.0,-0.0,-0.0,-0.0018310546875,-0.00156402587890625,-0.00171661376953125,-0.00316619873046875,-0.00446319580078125,-0.00293731689453125,-0.00335693359375,-0.00308990478515625,-0.00095367431640625,-0.0069427490234375,-0.0115966796875,0.0,-0.00812530517578125,-0.000762939453125,0.00041961669921875,-0.005645751953125,0.201568603515625,0.02685546875,-0.075531005859375,0.0555419921875,-0.087890625,0.0885009765625,0.111236572265625,0.093841552734375,0.12420654296875,0.063629150390625,0.13275146484375,0.14068603515625,-0.625762939453125,-1.04461669921875,0.4534912109375,-1.07635498046875,-3.5622196197509766
512,0.256,-0.0,-0.0,-0.0,-0.0,-0.0,-0.0,-4.994643211364746,2.1098008155822754,-629.7288818359375,-178484.265625,67308.6171875,1240.375732421875,-0.0,-0.0,-0.0,-0.0,-0.0,-0.0,-0.0,-0.0,-0.0,-0.0,-0.0,-0.0,0.00690460205078125,0.0128173828125,0.01209259033203125,0.01819610595703125,0.01026153564453125,0.015411376953125,0.00995635986328125,0.023956298828125,0.007171630859375,0.009765625,0.02605438232421875,0.01392364501953125,0.0179290771484375,0.00980377197265625,0.0046539306640625,0.029449462890625,0.042724609375,0.173797607421875,0.005340576171875,0.08453369140625,0.48187255859375,0.07293701171875,0.103302001953125,0.08575439453125,0.12481689453125,0.06988525390625,0.11932373046875,0.130767822265625,-0.014801025390625,0.537109375,0.00732421875,1.39678955078125,10.157575607299805
513,0.2565,-0.0,-0.0,-0.0,-0.0,-0.0,-0.0,-4.4605255126953125,2.1683754920959473,-629.7198486328125,-178444.359375,66789.15625,1085.2900390625,-0.0,-0.0,-0.0,-0.0,-0.0,-0.0,-0.0,-0.0,-0.0,-0.0,-0.0,-0.0,0.00370025634765625,0.0045013427734375,0.0035858154296875,0.00335693359375,0.001373291015625,0.0040435791015625,0.00217437744140625,0.0052642822265625,0.00213623046875,0.0063323974609375,0.0139617919921875,-0.001678466796875,0.00804901123046875,0.0032806396484375,0.0016021728515625,0.00522613525390625,0.069427490234375,0.310211181640625,0.099945068359375,0.10772705078125,0.357818603515625,0.10894775390625,0.1190185546875,0.095062255859375,0.1220703125,0.089569091796875,0.061187744140625,0.11138916015625,0.966339111328125,1.58233642578125,-0.2398681640625,1.243438720703125,10.4624605178833
514,0.257,-0.0,-0.0,-0.0,-0.0,-0.0,-0.0,-4.137564659118652,2.4034152030944824,-627.941650390625,-178069.40625,66962.875,1017.3912353515625,-0.0,-0.0,-0.0,-0.0,-0.0,-0.0,-0.0,-0.0,-0.0,-0.0,-0.0,-0.0,-0.0096893310546875,-0.00598907470703125,-0.0138092041015625,-0.0157928466796875,-0.0128173828125,-0.0156402587890625,-0.0090789794921875,-0.0234222412109375,-0.00774383544921875,-0.01232147216796875,-0.0232696533203125,-0.01277923583984375,-0.01590728759765625,-0.010986328125,-0.00537872314453125,-0.0295257568359375,-0.109710693359375,0.077056884765625,0.124053955078125,0.081787109375,0.343780517578125,0.05859375,0.06988525390625,0.09796142578125,0.135650634765625,0.17974853515625,0.089111328125,0.089569091796875,-0.335540771484375,-0.240478515625,0.40740966796875,-0.9698486328125,-1.4280292987823486
515,0.2575,-0.0,-0.0,-0.0,-0.0,-0.0,-0.0,-3.4809980392456055,3.266923666000366,-629.0205688476562,-177629.484375,67022.4296875,880.786376953125,-0.0,-0.0,-0.0,-0.0,-0.0,-0.0,-0.0,-0.0,-0.0,-0.0,-0.0,-0.0,-0.0022125244140625,-0.00598907470703125,-0.00263214111328125,-0.00278472900390625,0.0003814697265625,-0.0029754638671875,-0.00270843505859375,-0.00400543212890625,-0.00240325927734375,-0.00621795654296875,-0.01323699951171875,0.0002288818359375,-0.008087158203125,-0.00232696533203125,-0.0030517578125,-0.0046539306640625,0.128326416015625,-0.164947509765625,0.009918212890625,0.141143798828125,-0.29876708984375,0.20263671875,0.10284423828125,0.109710693359375,0.087127685546875,0.143280029296875,0.14892578125,0.068206787109375,-0.580596923828125,-1.41876220703125,0.27130126953125,-1.13494873046875,-8.74525260925293
516,0.258,-0.0,-0.0,-0.0,-0.0,-0.0,-0.0,-3.0892863273620605,4.01287317276001,-625.6126098632812,-177317.53125,67046.53125,939.1185913085938,-0.0,-0.0,-0.0,-0.0,-0.0,-0.0,-0.0,-0.0,-0.0,-0.0,-0.0,-0.0,0.00946044921875,0.0099945068359375,0.0131988525390625,0.01827239990234375,0.01422882080078125,0.016021728515625,0.0086212158203125,0.0247955322265625,0.006866455078125,0.01186370849609375,0.02460479736328125,0.01461029052734375,0.01766204833984375,0.0133514404296875,0.00499725341796875,0.029754638671875,0.04669189453125,0.174102783203125,0.214385986328125,0.12054443359375,0.23468017578125,0.07354736328125,0.080413818359375,0.128173828125,0.064544677734375,0.05950927734375,0.069427490234375,0.074615478515625,0.7244873046875,0.49896240234375,-0.13641357421875,1.437530517578125,16.56014633178711
517,0.2585,-0.0,-0.0,-0.0,-0.0,-0.0,-0.0,-3.3298027515411377,4.128986358642578,-625.022216796875,-176599.734375,66970.5234375,871.2274780273438,-0.0,-0.0,-0.0,-0.0,-0.0,-0.0,-0.0,-0.0,-0.0,-0.0,-0.0,-0.0,0.0028228759765625,0.00244140625,0.00217437744140625,0.00301361083984375,0.00179290771484375,0.00274658203125,0.00400543212890625,0.0060272216796875,0.0012969970703125,0.0032806396484375,0.01308441162109375,-0.0002288818359375,0.0077056884765625,0.00293731689453125,7.62939453125e-05,0.00568389892578125,-0.171356201171875,0.189056396484375,-0.060577392578125,0.08941650390625,0.12115478515625,0.092926025390625,0.09613037109375,0.09796142578125,0.11505126953125,0.064697265625,0.06500244140625,0.0921630859375,0.872955322265625,1.6876220703125,-0.06591796875,1.132049560546875,9.852691650390625
518,0.259,-0.0,-0.0,-0.0,-0.0,-0.0,-0.0,-3.7733547687530518,4.422784328460693,-622.5321655273438,-175899.875,67117.6484375,1095.1817626953125,-0.0,-0.0,-0.0,-0.0,-0.0,-0.0,-0.0,-0.0,-0.0,-0.0,-0.0,-0.0,-0.00865936279296875,-0.0072479248046875,-0.0136566162109375,-0.01476287841796875,-0.0138092041015625,-0.01430511474609375,-0.0084686279296875,-0.02307891845703125,-0.0067901611328125,-0.00896453857421875,-0.0223541259765625,-0.01346588134765625,-0.017547607421875,-0.0121307373046875,-0.0035858154296875,-0.0295257568359375,0.20843505859375,0.128173828125,0.1995849609375,0.08209228515625,0.11322021484375,0.11810302734375,0.151824951171875,0.078277587890625,0.122222900390625,0.08758544921875,0.119171142578125,0.102386474609375,-0.01861572265625,0.111083984375,0.26275634765625,-1.087646484375,-1.732913613319397
519,0.2595,-0.0,-0.0,-0.0,-0.0,-0.0,-0.0,-4.1036834716796875,5.224691390991211,-622.053955078125,-175879.328125,67198.2578125,1194.7274169921875,-0.0,-0.0,-0.0,-0.0,-0.0,-0.0,-0.0,-0.0,-0.0,-0.0,-0.0,-0.0,-0.001068115234375,-0.00415802001953125,-0.00072479248046875,-0.00274658203125,-0.0028228759765625,-0.00286102294921875,-0.00244140625,-0.00202178955078125,-0.00091552734375,-0.0072479248046875,-0.01491546630859375,0.0,-0.00827789306640625,-0.00186920166015625,0.00102996826171875,-0.00568389892578125,0.419464111328125,-0.169677734375,0.02044677734375,0.115509033203125,-0.19012451171875,0.10589599609375,0.106048583984375,0.090789794921875,0.09063720703125,0.145416259765625,0.1220703125,0.084991455078125,-0.733184814453125,-1.5777587890625,0.44281005859375,-0.923309326171875,-0.5133762359619141
520,0.26,-0.0,-0.0,-0.0,-0.0,-0.0,-0.0,-3.838834285736084,5.23268985748291,-622.8953247070312,-175854.15625,67252.609375,1008.8843994140625,-0.0,-0.0,-0.0,-0.0,-0.0,-0.0,-0.0,-0.0,-0.0,-0.0,-0.0,-0.0,0.0075531005859375,0.0067901611328125,0.01453399658203125,0.01750946044921875,0.01544952392578125,0.0154876708984375,0.00980377197265625,0.02384185791015625,0.00789642333984375,0.00789642333984375,0.02445220947265625,0.01361846923828125,0.0189971923828125,0.012359619140625,0.00347137451171875,0.0307464599609375,-0.153961181640625,0.5694580078125,0.222015380859375,0.1458740234375,-0.2362060546875,0.0909423828125,0.111846923828125,0.13397216796875,0.04364013671875,0.12115478515625,0.0885009765625,0.09002685546875,0.06591796875,0.32867431640625,-0.16143798828125,1.28814697265625,9.24292278289795
521,0.2605,-0.0,-0.0,-0.0,-0.0,-0.0,-0.0,-3.6893882751464844,5.134806156158447,-625.49365234375,-176231.78125,67438.125,871.947998046875,-0.0,-0.0,-0.0,-0.0,-0.0,-0.0,-0.0,-0.0,-0.0,-0.0,-0.0,-0.0,0.00293731689453125,0.00423431396484375,0.00148773193359375,0.00263214111328125,0.00263214111328125,0.004730224609375,0.00514984130859375,0.0048828125,0.000762939453125,0.00576019287109375,0.0133514404296875,0.0035858154296875,0.00858306884765625,0.00270843505859375,-0.00064849853515625,0.004425048828125,0.5712890625,-0.15899658203125,0.025634765625,0.1220703125,0.4443359375,0.11474609375,0.101165771484375,0.10772705078125,0.083465576171875,0.07415771484375,0.066070556640625,0.078887939453125,0.990753173828125,1.2860107421875,-0.1214599609375,1.362152099609375,9.24292278289795
522,0.261,-0.0,-0.0,-0.0,-0.0,-0.0,-0.0,-3.303981304168701,5.405117988586426,-626.18798828125,-176042.984375,67816.4921875,785.3562622070312,-0.0,-0.0,-0.0,-0.0,-0.0,-0.0,-0.0,-0.0,-0.0,-0.0,-0.0,-0.0,-0.007781982421875,-0.00705718994140625,-0.01384735107421875,-0.01575469970703125,-0.013275146484375,-0.01483917236328125,-0.01026153564453125,-0.02292633056640625,-0.00659942626953125,-0.01079559326171875,-0.02231597900390625,-0.0154876708984375,-0.01735687255859375,-0.012054443359375,-0.0037384033203125,-0.0296783447265625,0.19317626953125,0.1641845703125,0.0347900390625,0.07568359375,0.198211669921875,0.078582763671875,0.081329345703125,0.0848388671875,0.069427490234375,0.176239013671875,0.1324462890625,0.061187744140625,-0.1263427734375,0.0396728515625,0.15594482421875,-1.19720458984375,2.5354671478271484
523,0.2615,-0.0,-0.0,-0.0,-0.0,-0.0,-0.0,-3.1795568466186523,4.584491729736328,-628.0806884765625,-177214.09375,68237.4296875,619.7300415039062,-0.0,-0.0,-0.0,-0.0,-0.0,-0.0,-0.0,-0.0,-0.0,-0.0,-0.0,-0.0,-0.00335693359375,-0.0025177001953125,-0.0011444091796875,-0.001983642578125,0.000152587890625,-0.003509521484375,-0.00152587890625,-0.00675201416015625,-0.00072479248046875,-0.004119873046875,-0.01209259033203125,-0.00164031982421875,-0.01026153564453125,-0.00072479248046875,-0.001373291015625,-0.00362396240234375,0.19744873046875,0.186309814453125,0.21240234375,0.069580078125,0.02960205078125,0.159454345703125,0.102386474609375,0.101318359375,0.072784423828125,0.074005126953125,0.1116943359375,0.086669921875,-0.596466064453125,-1.49017333984375,0.24200439453125,-1.16607666015625,-2.647566556930542
524,0.262,-0.0,-0.0,-0.0,-0.0,-0.0,-0.0,-2.9797611236572266,4.196415424346924,-629.84716796875,-177526.28125,68558.9453125,638.13330078125,-0.0,-0.0,-0.0,-0.0,-0.0,-0.0,-0.0,-0.0,-0.0,-0.0,-0.0,-0.0,0.0086212158203125,0.00885009765625,0.01255035400390625,0.01613616943359375,0.0115966796875,0.015106201171875,0.010986328125,0.02460479736328125,0.00820159912109375,0.01071929931640625,0.02445220947265625,0.0150299072265625,0.0193023681640625,0.01277923583984375,0.00598907470703125,0.029754638671875,-0.167999267578125,0.128326416015625,0.16082763671875,0.05645751953125,0.169830322265625,0.007171630859375,0.111236572265625,0.09368896484375,0.089874267578125,0.093994140625,0.0506591796875,0.101165771484375,0.171661376953125,0.504150390625,0.1861572265625,1.521453857421875,9.852691650390625
525,0.2625,-0.0,-0.0,-0.0,-0.0,-0.0,-0.0,-3.036965847015381,3.358513355255127,-630.0429077148438,-178132.875,69050.2890625,442.1246032714844,-0.0,-0.0,-0.0,-0.0,-0.0,-0.0,-0.0,-0.0,-0.0,-0.0,-0.0,-0.0,0.00431060791015625,0.00209808349609375,0.001373291015625,0.00186920166015625,0.00152587890625,0.0051116943359375,0.00171661376953125,0.0055694580078125,0.0009918212890625,0.0049591064453125,0.0133514404296875,-0.00072479248046875,0.00988006591796875,0.00171661376953125,-0.000762939453125,0.00370025634765625,0.215911865234375,0.0750732421875,-0.133819580078125,0.090484619140625,0.053253173828125,0.048370361328125,0.08819580078125,0.077362060546875,0.102386474609375,0.120391845703125,0.090789794921875,0.1336669921875,0.812225341796875,1.83929443359375,-0.382080078125,1.159515380859375,10.4624605178833
526,0.263,-0.0,-0.0,-0.0,-0.0,-0.0,-0.0,-2.733084201812744,2.9372498989105225,-634.0221557617188,-178829.65625,69253.2109375,372.5881652832031,-0.0,-0.0,-0.0,-0.0,-0.0,-0.0,-0.0,-0.0,-0.0,-0.0,-0.0,-0.0,-0.00728607177734375,-0.009918212890625,-0.01354217529296875,-0.0165557861328125,-0.0127410888671875,-0.014495849609375,-0.01087188720703125,-0.022735595703125,-0.00629425048828125,-0.0103759765625,-0.02239227294921875,-0.01430511474609375,-0.0177764892578125,-0.01117706298828125,-0.004425048828125,-0.02964019775390625,0.010833740234375,-0.02838134765625,0.001220703125,0.133209228515625,-0.219573974609375,0.121917724609375,0.1025390625,0.0872802734375,0.075225830078125,0.105133056640625,0.117950439453125,0.136260986328125,-0.0970458984375,-0.01739501953125,0.2081298828125,-1.17462158203125,-1.1231448650360107
527,0.2635,-0.0,-0.0,-0.0,-0.0,-0.0,-0.0,-3.2073171138763428,2.6781694889068604,-636.6713256835938,-179526.0,69829.5546875,435.1268005371094,-0.0,-0.0,-0.0,-0.0,-0.0,-0.0,-0.0,-0.0,-0.0,-0.0,-0.0,-0.0,-0.0025177001953125,-0.000762939453125,-0.000457763671875,-0.001983642578125,0.00091552734375,-0.00339508056640625,-0.0016021728515625,-0.00579833984375,-0.0020599365234375,-0.00148773193359375,-0.01194000244140625,-0.00034332275390625,-0.00835418701171875,-0.00186920166015625,0.00072479248046875,-0.00461578369140625,-0.313873291015625,0.419769287109375,0.007171630859375,0.093231201171875,0.377044677734375,0.159454345703125,0.09429931640625,0.09521484375,0.0970458984375,0.142059326171875,0.06744384765625,0.130767822265625,-0.3662109375,-1.4471435546875,0.2001953125,-0.95489501953125,-1.732913613319397
528,0.264,-0.0,-0.0,-0.0,-0.0,-0.0,-0.0,-4.014472961425781,1.8673211336135864,-635.017578125,-179861.125,70022.1796875,434.7951965332031,-0.0,-0.0,-0.0,-0.0,-0.0,-0.0,-0.0,-0.0,-0.0,-0.0,-0.0,-0.0,0.0089263916015625,0.00728607177734375,0.01438140869140625,0.01766204833984375,0.01293182373046875,0.01392364501953125,0.0104522705078125,0.02292633056640625,0.00865936279296875,0.01064300537109375,0.02468109130859375,0.0182342529296875,0.02048492431640625,0.01129150390625,0.00293731689453125,0.03040313720703125,0.084991455078125,0.16265869140625,0.05096435546875,0.076751708984375,-0.055084228515625,0.08392333984375,0.122222900390625,0.091705322265625,0.135650634765625,0.059051513671875,0.092620849609375,0.140380859375,0.238800048828125,0.26123046875,0.22430419921875,1.702880859375,10.4624605178833
529,0.2645,-0.0,-0.0,-0.0,-0.0,-0.0,-0.0,-4.408834934234619,1.6653227806091309,-637.95458984375,-180481.515625,70203.046875,331.83685302734375,-0.0,-0.0,-0.0,-0.0,-0.0,-0.0,-0.0,-0.0,-0.0,-0.0,-0.0,-0.0,0.00362396240234375,-0.00041961669921875,0.00247955322265625,0.00274658203125,0.00232696533203125,0.00377655029296875,0.00057220458984375,0.00514984130859375,0.001068115234375,0.0081634521484375,0.0128936767578125,0.0016021728515625,0.00518798828125,0.00026702880859375,0.0025177001953125,0.0042724609375,0.4486083984375,0.030517578125,0.10162353515625,0.06866455078125,0.247802734375,0.04913330078125,0.095977783203125,0.081939697265625,0.119781494140625,0.073089599609375,0.140533447265625,0.08636474609375,0.93597412109375,1.65985107421875,-0.3082275390625,1.042327880859375,9.852691650390625
530,0.265,-0.0,-0.0,-0.0,-0.0,-0.0,-0.0,-4.638946533203125,1.2992022037506104,-638.810302734375,-181049.5,70531.0546875,486.9547119140625,-0.0,-0.0,-0.0,-0.0,-0.0,-0.0,-0.0,-0.0,-0.0,-0.0,-0.0,-0.0,-0.0074005126953125,-0.00782012939453125,-0.01201629638671875,-0.016021728515625,-0.0112152099609375,-0.0156402587890625,-0.00926971435546875,-0.0250244140625,-0.00743865966796875,-0.0115966796875,-0.02254486083984375,-0.01331329345703125,-0.0194549560546875,-0.0110626220703125,-0.0061798095703125,-0.0289154052734375,0.17913818359375,0.29632568359375,0.102386474609375,0.131378173828125,0.12786865234375,-0.000152587890625,0.090179443359375,0.11688232421875,0.09124755859375,0.072784423828125,0.05828857421875,0.0738525390625,-0.253143310546875,-0.0408935546875,0.1763916015625,-0.9637451171875,-1.1231448650360107
531,0.2655,-0.0,-0.0,-0.0,-0.0,-0.0,-0.0,-4.7562055587768555,1.1816577911376953,-641.6370239257812,-181540.515625,70316.046875,362.2610168457031,-0.0,-0.0,-0.0,-0.0,-0.0,-0.0,-0.0,-0.0,-0.0,-0.0,-0.0,-0.0,-0.00213623046875,-0.00286102294921875,-0.00095367431640625,-0.00095367431640625,-0.0016021728515625,-0.00255584716796875,-0.002288818359375,-0.0040435791015625,-0.000152587890625,-0.0026702880859375,-0.0101470947265625,-0.00156402587890625,-0.008087158203125,-0.0017547607421875,0.00148773193359375,-0.0029754638671875,-0.5322265625,0.005645751953125,0.06683349609375,0.09979248046875,-0.149383544921875,0.18280029296875,0.106658935546875,0.1080322265625,0.114288330078125,0.1141357421875,0.12054443359375,0.0958251953125,-0.5047607421875,-1.38397216796875,0.5621337890625,-0.92498779296875,-1.4280292987823486
532,0.266,-0.0,-0.0,-0.0,-0.0,-0.0,-0.0,-4.2261528968811035,1.1360232830047607,-640.4468994140625,-181689.78125,70379.640625,148.20460510253906,-0.0,-0.0,-0.0,-0.0,-0.0,-0.0,-0.0,-0.0,-0.0,-0.0,-0.0,-0.0,0.00820159912109375,0.008544921875,0.01209259033203125,0.01728057861328125,0.01232147216796875,0.0159454345703125,0.00782012939453125,0.02513885498046875,0.00804901123046875,0.0115203857421875,0.02429962158203125,0.0156402587890625,0.01773834228515625,0.011444091796875,0.00640869140625,0.02971649169921875,0.73211669921875,-0.05096435546875,0.068359375,0.128173828125,-0.267333984375,0.106353759765625,0.11688232421875,0.089111328125,0.104827880859375,0.12115478515625,0.150909423828125,0.09429931640625,0.31494140625,0.4852294921875,-0.09368896484375,1.1163330078125,11.681997299194336
533,0.2665,-0.0,-0.0,-0.0,-0.0,-0.0,-0.0,-3.3899993896484375,1.0920231342315674,-641.5958862304688,-182066.859375,70318.875,-5.619386196136475,-0.0,-0.0,-0.0,-0.0,-0.0,-0.0,-0.0,-0.0,-0.0,-0.0,-0.0,-0.0,0.002899169921875,0.00499725341796875,0.00156402587890625,0.0030517578125,0.001678466796875,0.0023651123046875,0.00072479248046875,0.00461578369140625,0.00400543212890625,0.004730224609375,0.01194000244140625,-0.00274658203125,0.0067901611328125,0.0025177001953125,0.00064849853515625,0.00457763671875,0.000762939453125,0.142974853515625,0.18829345703125,0.12176513671875,0.51239013671875,0.124359130859375,0.06378173828125,0.1220703125,0.086822509765625,0.036163330078125,0.09796142578125,0.09552001953125,0.662994384765625,1.8450927734375,-0.38909912109375,0.948486328125,10.157575607299805
534,0.267,-0.0,-0.0,-0.0,-0.0,-0.0,-0.0,-3.2280330657958984,1.3205161094665527,-641.1768188476562,-181814.59375,70493.515625,-168.16258239746094,-0.0,-0.0,-0.0,-0.0,-0.0,-0.0,-0.0,-0.0,-0.0,-0.0,-0.0,-0.0,-0.007171630859375,-0.00659942626953125,-0.0121307373046875,-0.01758575439453125,-0.01018524169921875,-0.016326904296875,-0.00568389892578125,-0.02471923828125,-0.006866455078125,-0.00850677490234375,-0.02086639404296875,-0.0144195556640625,-0.01873016357421875,-0.00926971435546875,-0.00606536865234375,-0.0281524658203125,-0.314483642578125,0.2178955078125,0.086669921875,0.083160400390625,0.35980224609375,0.09002685546875,0.10284423828125,0.105133056640625,0.09521484375,0.176849365234375,0.070953369140625,0.11474609375,0.25543212890625,0.16632080078125,0.22369384765625,-0.938720703125,1.9256983995437622
535,0.2675,-0.0,-0.0,-0.0,-0.0,-0.0,-0.0,-3.1265511512756348,1.1805497407913208,-638.7692260742188,-181675.4375,70460.578125,-274.38909912109375,-0.0,-0.0,-0.0,-0.0,-0.0,-0.0,-0.0,-0.0,-0.0,-0.0,-0.0,-0.0,-0.0020599365234375,-0.00209808349609375,-0.001983642578125,-0.00087738037109375,-0.001068115234375,-0.00171661376953125,0.00049591064453125,-0.0042724609375,-0.00255584716796875,-0.00514984130859375,-0.00988006591796875,0.003509521484375,-0.00476837158203125,-0.00179290771484375,-0.001983642578125,-0.0034332275390625,0.308380126953125,0.056915283203125,0.022735595703125,0.092926025390625,0.163726806640625,0.166015625,0.12115478515625,0.087127685546875,0.1287841796875,0.175628662109375,0.067138671875,0.11260986328125,-0.5828857421875,-1.8328857421875,0.8197021484375,-0.625152587890625,1.9256983995437622
536,0.268,-0.0,-0.0,-0.0,-0.0,-0.0,-0.0,-3.4792098999023438,1.1128458976745605,-640.0477905273438,-181857.875,70669.9921875,-234.12985229492188,-0.0,-0.0,-0.0,-0.0,-0.0,-0.0,-0.0,-0.0,-0.0,-0.0,-0.0,-0.0,0.0089263916015625,0.00614166259765625,0.01361846923828125,0.01617431640625,0.014190673828125,0.01476287841796875,0.0115966796875,0.02471923828125,0.00690460205078125,0.01148223876953125,0.0212860107421875,0.0142669677734375,0.01781463623046875,0.01140594482421875,0.00499725341796875,0.0305938720703125,-0.0067138671875,0.157928466796875,0.035400390625,0.138397216796875,0.084686279296875,0.09185791015625,0.1007080078125,0.110015869140625,0.119171142578125,0.095062255859375,0.067901611328125,0.034027099609375,0.194091796875,0.13885498046875,-0.01495361328125,1.0601806640625,6.1940789222717285
537,0.2685,-0.0,-0.0,-0.0,-0.0,-0.0,-0.0,-3.3473422527313232,0.9189139604568481,-639.0963134765625,-181681.5,70013.09375,-387.6013488769531,-0.0,-0.0,-0.0,-0.0,-0.0,-0.0,-0.0,-0.0,-0.0,-0.0,-0.0,-0.0,0.002899169921875,0.00133514404296875,0.00080108642578125,0.0018310546875,0.00202178955078125,0.00396728515625,0.00415802001953125,0.00202178955078125,0.00057220458984375,0.00713348388671875,0.014801025390625,-0.00179290771484375,0.00698089599609375,0.0016021728515625,-0.00213623046875,0.00396728515625,0.163726806640625,-0.055389404296875,0.118560791015625,0.079193115234375,-0.03631591796875,0.037994384765625,0.11322021484375,0.0726318359375,0.1385498046875,0.09613037109375,0.101318359375,0.07110595703125,1.175384521484375,2.01171875,-0.498046875,1.10443115234375,10.4624605178833
538,0.269,-0.0,-0.0,-0.0,-0.0,-0.0,-0.0,-2.6552016735076904,0.5898949503898621,-638.3889770507812,-181548.15625,69883.640625,-612.9188842773438,-0.0,-0.0,-0.0,-0.0,-0.0,-0.0,-0.0,-0.0,-0.0,-0.0,-0.0,-0.0,-0.0078582763671875,-0.009307861328125,-0.01293182373046875,-0.01567840576171875,-0.011749267578125,-0.01422882080078125,-0.00873565673828125,-0.02246856689453125,-0.00885009765625,-0.0095367431640625,-0.0225830078125,-0.01255035400390625,-0.016632080078125,-0.01224517822265625,-0.0026702880859375,-0.031890869140625,-0.039215087890625,0.01220703125,0.356292724609375,0.07904052734375,0.009765625,0.0445556640625,0.124664306640625,0.08819580078125,0.136871337890625,0.048828125,0.125274658203125,0.1104736328125,0.079345703125,0.02655029296875,0.20233154296875,-0.64453125,-2.342682361602783
539,0.2695,-0.0,-0.0,-0.0,-0.0,-0.0,-0.0,-1.2147420644760132,0.781391978263855,-637.843017578125,-181554.296875,69497.71875,-984.2545776367188,-0.0,-0.0,-0.0,-0.0,-0.0,-0.0,-0.0,-0.0,-0.0,-0.0,-0.0,-0.0,-0.00469207763671875,0.00080108642578125,-0.00026702880859375,-0.00011444091796875,-0.0016021728515625,-0.0041961669921875,-0.000762939453125,-0.00423431396484375,0.001220703125,-0.0046539306640625,-0.0128173828125,0.00030517578125,-0.00720977783203125,0.00034332275390625,-0.00125885009765625,-0.0026702880859375,0.11932373046875,0.308074951171875,0.14373779296875,0.085296630859375,0.365753173828125,0.054779052734375,0.12664794921875,0.098419189453125,0.11383056640625,0.06378173828125,0.081634521484375,0.124359130859375,-0.60638427734375,-1.70684814453125,0.33172607421875,-0.902862548828125,-4.78175687789917
540,0.27,-0.0,-0.0,-0.0,-0.0,-0.0,-0.0,-0.14407050609588623,0.3565216064453125,-637.9515991210938,-181389.28125,69356.6640625,-1313.2755126953125,-0.0,-0.0,-0.0,-0.0,-0.0,-0.0,-0.0,-0.0,-0.0,-0.0,-0.0,-0.0,0.009613037109375,0.0042724609375,0.0141143798828125,0.01781463623046875,0.01186370849609375,0.016632080078125,0.007781982421875,0.0257110595703125,0.00728607177734375,0.0113677978515625,0.02254486083984375,0.01399993896484375,0.0188446044921875,0.00965118408203125,0.0084686279296875,0.0292205810546875,0.363311767578125,-0.031280517578125,-0.032196044921875,0.0811767578125,-0.531463623046875,0.213470458984375,0.1025390625,0.085906982421875,0.109710693359375,0.1409912109375,0.133819580078125,0.11993408203125,0.098419189453125,-0.0848388671875,0.023193359375,1.0113525390625,6.1940789222717285
541,0.2705,-0.0,-0.0,-0.0,-0.0,-0.0,-0.0,0.14396321773529053,0.2126876562833786,-637.6505126953125,-181577.5625,69142.3125,-1405.46875,-0.0,-0.0,-0.0,-0.0,-0.0,-0.0,-0.0,-0.0,-0.0,-0.0,-0.0,-0.0,0.0038909912109375,0.00415802001953125,0.00011444091796875,0.00244140625,0.00263214111328125,0.00370025634765625,0.00202178955078125,0.003204345703125,3.814697265625e-05,0.00396728515625,0.0142669677734375,-0.00217437744140625,0.00644683837890625,-0.0005340576171875,0.00080108642578125,0.0037384033203125,0.069580078125,0.176544189453125,0.321197509765625,0.108184814453125,0.267486572265625,0.1416015625,0.091400146484375,0.104217529296875,0.09521484375,0.091552734375,0.0860595703125,0.09735107421875,1.023406982421875,1.9781494140625,-0.6573486328125,1.0791015625,9.852691650390625
542,0.271,-0.0,-0.0,-0.0,-0.0,-0.0,-0.0,0.8847750425338745,0.5494292974472046,-636.1271362304688,-181622.640625,68862.3203125,-1806.2113037109375,-0.0,-0.0,-0.0,-0.0,-0.0,-0.0,-0.0,-0.0,-0.0,-0.0,-0.0,-0.0,-0.00759124755859375,-0.00637054443359375,-0.0110626220703125,-0.01728057861328125,-0.009765625,-0.0170135498046875,-0.0086212158203125,-0.023345947265625,-0.00774383544921875,-0.011749267578125,-0.02353668212890625,-0.0102996826171875,-0.01651763916015625,-0.01056671142578125,-0.0049591064453125,-0.030059814453125,0.10955810546875,0.16876220703125,0.105438232421875,0.116424560546875,0.3216552734375,0.13671875,0.102691650390625,0.09918212890625,0.101470947265625,0.057220458984375,0.072784423828125,0.110931396484375,-0.210418701171875,0.0274658203125,0.5816650390625,-0.52154541015625,-0.5133762359619141
543,0.2715,-0.0,-0.0,-0.0,-0.0,-0.0,-0.0,1.1719934940338135,-0.3714909553527832,-639.7463989257812,-181818.578125,68566.3828125,-1923.176025390625,-0.0,-0.0,-0.0,-0.0,-0.0,-0.0,-0.0,-0.0,-0.0,-0.0,-0.0,-0.0,-0.00293731689453125,0.00202178955078125,-0.00202178955078125,-0.00244140625,-0.00225067138671875,-0.00194549560546875,0.0009918212890625,-0.00423431396484375,-0.00164031982421875,-0.006256103515625,-0.013275146484375,0.00091552734375,-0.0054931640625,-0.001373291015625,-0.00244140625,-0.00217437744140625,0.021820068359375,-0.0555419921875,-0.066070556640625,0.0738525390625,0.2679443359375,-0.00274658203125,0.08697509765625,0.0885009765625,0.099029541015625,0.059661865234375,0.0775146484375,0.093841552734375,-0.888824462890625,-1.888427734375,0.43121337890625,-0.99029541015625,-6.611063003540039
544,0.272,-0.0,-0.0,-0.0,-0.0,-0.0,-0.0,2.2805211544036865,-0.5153238773345947,-636.1846313476562,-181767.9375,68075.7578125,-2194.115234375,-0.0,-0.0,-0.0,-0.0,-0.0,-0.0,-0.0,-0.0,-0.0,-0.0,-0.0,-0.0,0.0087738037109375,0.0079345703125,0.01262664794921875,0.01766204833984375,0.010986328125,0.01758575439453125,0.00896453857421875,0.02513885498046875,0.0055694580078125,0.0125885009765625,0.02162933349609375,0.0159454345703125,0.01697540283203125,0.0125885009765625,0.00560760498046875,0.0298309326171875,0.304718017578125,-0.01495361328125,0.001373291015625,0.06103515625,0.102996826171875,0.04608154296875,0.111846923828125,0.075836181640625,0.100860595703125,0.09674072265625,0.128326416015625,0.096435546875,0.177001953125,0.0372314453125,0.01312255859375,0.63140869140625,7.108732223510742
545,0.2725,-0.0,-0.0,-0.0,-0.0,-0.0,-0.0,2.8738808631896973,-0.7401076555252075,-634.9860229492188,-181666.46875,67687.078125,-2437.260498046875,-0.0,-0.0,-0.0,-0.0,-0.0,-0.0,-0.0,-0.0,-0.0,-0.0,-0.0,-0.0,0.00194549560546875,-0.0022125244140625,0.0006103515625,0.00354766845703125,0.0017547607421875,0.00324249267578125,0.001068115234375,0.003662109375,0.0012969970703125,0.00476837158203125,0.01476287841796875,-0.00247955322265625,0.0063323974609375,0.000457763671875,0.00213623046875,0.00335693359375,0.221710205078125,0.1226806640625,0.106658935546875,0.107269287109375,-0.205078125,0.070343017578125,0.122528076171875,0.10223388671875,0.084075927734375,0.047607421875,0.099639892578125,0.1123046875,0.898590087890625,2.15362548828125,-0.4010009765625,1.2835693359375,8.93803882598877
546,0.273,-0.0,-0.0,-0.0,-0.0,-0.0,-0.0,3.6576309204101562,-0.9264126420021057,-632.9305419921875,-181440.4375,67283.4140625,-2838.113525390625,-0.0,-0.0,-0.0,-0.0,-0.0,-0.0,-0.0,-0.0,-0.0,-0.0,-0.0,-0.0,-0.0045013427734375,-0.0080108642578125,-0.0115966796875,-0.01708984375,-0.010986328125,-0.0147247314453125,-0.010223388671875,-0.02231597900390625,-0.00720977783203125,-0.00583648681640625,-0.02086639404296875,-0.0133514404296875,-0.01651763916015625,-0.0122833251953125,-0.0023651123046875,-0.03009796142578125,0.098114013671875,0.172576904296875,0.067901611328125,0.12054443359375,0.19287109375,0.13275146484375,0.094451904296875,0.117340087890625,0.068511962890625,0.0469970703125,0.100860595703125,0.09613037109375,0.46417236328125,0.24932861328125,0.2783203125,-0.727081298828125,-0.8182606101036072
547,0.2735,-0.0,-0.0,-0.0,-0.0,-0.0,-0.0,3.7032041549682617,-0.6591780781745911,-632.5122680664062,-181237.734375,66966.734375,-2858.3134765625,-0.0,-0.0,-0.0,-0.0,-0.0,-0.0,-0.0,-0.0,-0.0,-0.0,-0.0,-0.0,-0.0040435791015625,-0.00026702880859375,-0.00057220458984375,-0.0016021728515625,-0.0014495849609375,-0.0032806396484375,-0.00164031982421875,-0.00396728515625,0.00080108642578125,-0.00751495361328125,-0.0142669677734375,0.0019073486328125,-0.00518798828125,0.00041961669921875,-7.62939453125e-05,-0.00244140625,-0.08209228515625,0.114288330078125,0.219879150390625,0.16204833984375,-0.078125,0.029296875,0.107879638671875,0.11627197265625,0.0604248046875,0.152740478515625,0.025177001953125,0.10986328125,-0.96405029296875,-2.265625,0.58746337890625,-1.3275146484375,-3.2573351860046387
548,0.274,-0.0,-0.0,-0.0,-0.0,-0.0,-0.0,3.7822835445404053,0.08913040161132812,-631.0647583007812,-181255.6875,66588.2421875,-2866.5615234375,-0.0,-0.0,-0.0,-0.0,-0.0,-0.0,-0.0,-0.0,-0.0,-0.0,-0.0,-0.0,0.0072479248046875,0.00911712646484375,0.01323699951171875,0.015411376953125,0.0125885009765625,0.0146484375,0.010986328125,0.02254486083984375,0.00804901123046875,0.01010894775390625,0.0247955322265625,0.0139617919921875,0.01735687255859375,0.01201629638671875,0.00431060791015625,0.02956390380859375,0.0177001953125,0.010833740234375,0.024566650390625,0.073089599609375,0.13092041015625,0.03326416015625,0.0897216796875,0.09552001953125,0.108642578125,0.118865966796875,-0.009613037109375,0.09368896484375,0.09124755859375,0.42083740234375,-0.1019287109375,0.9423828125,17.47480010986328
549,0.2745,-0.0,-0.0,-0.0,-0.0,-0.0,-0.0,4.121123313903809,0.23187300562858582,-629.6136474609375,-181296.9375,66448.0546875,-2921.9365234375,-0.0,-0.0,-0.0,-0.0,-0.0,-0.0,-0.0,-0.0,-0.0,-0.0,-0.0,-0.0,0.0014495849609375,0.0037384033203125,0.00293731689453125,0.00209808349609375,0.00080108642578125,0.00133514404296875,0.0031280517578125,0.00492095947265625,0.0008392333984375,0.00568389892578125,0.01178741455078125,0.0003814697265625,0.00873565673828125,0.002899169921875,-0.00030517578125,0.0026702880859375,-0.07049560546875,0.352630615234375,-0.073699951171875,0.0616455078125,0.37628173828125,0.1593017578125,0.09796142578125,0.098419189453125,0.1123046875,0.155029296875,0.154876708984375,0.068359375,1.041412353515625,1.995849609375,-0.15625,1.368255615234375,0.7061610817909241
550,0.275,-0.0,-0.0,-0.0,-0.0,-0.0,-0.0,4.139399528503418,0.2673912048339844,-629.2252197265625,-180981.984375,66030.8203125,-2971.76611328125,-0.0,-0.0,-0.0,-0.0,-0.0,-0.0,-0.0,-0.0,-0.0,-0.0,-0.0,-0.0,-0.00827789306640625,-0.00980377197265625,-0.01270294189453125,-0.0165557861328125,-0.010833740234375,-0.01483917236328125,-0.0098419189453125,-0.02285003662109375,-0.00774383544921875,-0.010223388671875,-0.024871826171875,-0.01285552978515625,-0.01728057861328125,-0.01056671142578125,-0.0055694580078125,-0.03078460693359375,0.391387939453125,-0.2972412109375,0.07232666015625,0.039825439453125,0.136260986328125,0.1239013671875,0.1019287109375,0.063018798828125,0.10589599609375,0.1312255859375,0.211029052734375,0.07080078125,-0.236663818359375,-0.2215576171875,0.09796142578125,-0.69305419921875,0.7061610817909241
551,0.2755,-0.0,-0.0,-0.0,-0.0,-0.0,-0.0,4.4513959884643555,-0.8204159736633301,-630.072998046875,-181262.5,65814.203125,-3244.618408203125,-0.0,-0.0,-0.0,-0.0,-0.0,-0.0,-0.0,-0.0,-0.0,-0.0,-0.0,-0.0,-0.0020599365234375,-0.00125885009765625,-0.00030517578125,-0.00110626220703125,0.0023651123046875,-0.00308990478515625,-0.00164031982421875,-0.00247955322265625,-0.0002288818359375,-0.0048828125,-0.01209259033203125,0.0006103515625,-0.0079345703125,-0.001220703125,0.00301361083984375,-0.0012969970703125,0.212554931640625,0.413665771484375,0.208587646484375,0.12054443359375,0.09613037109375,0.128173828125,0.12481689453125,0.13641357421875,0.051116943359375,0.07965087890625,0.17974853515625,0.087738037109375,-1.06536865234375,-2.04620361328125,0.3643798828125,-1.215362548828125,-2.0377979278564453
552,0.276,-0.0,-0.0,-0.0,-0.0,-0.0,-0.0,4.887910842895508,-1.3994847536087036,-626.5097045898438,-181072.8125,65572.2734375,-3420.582275390625,-0.0,-0.0,-0.0,-0.0,-0.0,-0.0,-0.0,-0.0,-0.0,-0.0,-0.0,-0.0,0.00713348388671875,0.0093841552734375,0.01312255859375,0.017242431640625,0.01369476318359375,0.01373291015625,0.0096893310546875,0.02349853515625,0.010223388671875,0.01068115234375,0.0241851806640625,0.01384735107421875,0.018157958984375,0.01041412353515625,0.003662109375,0.030517578125,0.015716552734375,0.069427490234375,0.210113525390625,0.111083984375,0.108184814453125,0.107421875,0.1153564453125,0.10650634765625,0.081634521484375,0.023651123046875,0.118255615234375,0.11505126953125,0.100860595703125,0.53375244140625,0.0445556640625,1.2127685546875,10.4624605178833
553,0.2765,-0.0,-0.0,-0.0,-0.0,-0.0,-0.0,4.51361083984375,-1.6234943866729736,-626.5791625976562,-180668.15625,65638.1015625,-3593.61865234375,-0.0,-0.0,-0.0,-0.0,-0.0,-0.0,-0.0,-0.0,-0.0,-0.0,-0.0,-0.0,0.00461578369140625,0.00244140625,0.00026702880859375,0.00118255615234375,0.00362396240234375,0.00308990478515625,0.0035858154296875,0.002593994140625,-0.00011444091796875,0.00797271728515625,0.011749267578125,0.00171661376953125,0.00751495361328125,-0.0002288818359375,0.00274658203125,0.002288818359375,-0.00640869140625,0.180511474609375,0.113067626953125,0.15289306640625,0.15380859375,0.092926025390625,0.109710693359375,0.098114013671875,0.08148193359375,0.0921630859375,0.05950927734375,0.0830078125,1.421051025390625,2.2015380859375,-0.3558349609375,1.5838623046875,9.547806739807129
554,0.277,-0.0,-0.0,-0.0,-0.0,-0.0,-0.0,4.771391868591309,-1.6113437414169312,-626.0831298828125,-180763.5,65247.046875,-3587.357421875,-0.0,-0.0,-0.0,-0.0,-0.0,-0.0,-0.0,-0.0,-0.0,-0.0,-0.0,-0.0,-0.0057220458984375,-0.0102996826171875,-0.0124359130859375,-0.01583099365234375,-0.0118255615234375,-0.01491546630859375,-0.0109100341796875,-0.0217437744140625,-0.0074005126953125,-0.00762939453125,-0.02300262451171875,-0.01522064208984375,-0.01674652099609375,-0.0119781494140625,-0.002593994140625,-0.02956390380859375,-0.158843994140625,0.178070068359375,0.085906982421875,0.17547607421875,-0.041351318359375,0.06988525390625,0.07171630859375,0.10345458984375,0.0604248046875,0.101470947265625,0.007476806640625,0.0555419921875,0.272979736328125,-0.2166748046875,0.140380859375,-0.871429443359375,1.3159297704696655
555,0.2775,-0.0,-0.0,-0.0,-0.0,-0.0,-0.0,5.441841125488281,-1.5251864194869995,-627.6007080078125,-181300.90625,65411.859375,-3713.029296875,-0.0,-0.0,-0.0,-0.0,-0.0,-0.0,-0.0,-0.0,-0.0,-0.0,-0.0,-0.0,-0.00431060791015625,0.00011444091796875,-0.0008392333984375,0.00072479248046875,-0.0009918212890625,-0.0040435791015625,-0.00019073486328125,-0.00171661376953125,0.0009918212890625,-0.00560760498046875,-0.009765625,-0.00110626220703125,-0.00614166259765625,0.00263214111328125,-0.00110626220703125,-0.0018310546875,-0.53466796875,0.09368896484375,-0.0225830078125,0.0787353515625,0.306549072265625,0.06988525390625,0.103607177734375,0.096893310546875,0.09613037109375,0.16357421875,0.055999755859375,0.084228515625,-0.943756103515625,-1.7401123046875,0.37750244140625,-1.190032958984375,-2.0377979278564453
556,0.278,-0.0,-0.0,-0.0,-0.0,-0.0,-0.0,6.585435390472412,-1.7724214792251587,-629.2623901367188,-181853.828125,65168.5859375,-4040.398193359375,-0.0,-0.0,-0.0,-0.0,-0.0,-0.0,-0.0,-0.0,-0.0,-0.0,-0.0,-0.0,0.00843048095703125,0.00843048095703125,0.013275146484375,0.0180816650390625,0.0116729736328125,0.017242431640625,0.01071929931640625,0.02490997314453125,0.0077056884765625,0.01041412353515625,0.026092529296875,0.016937255859375,0.0189971923828125,0.01056671142578125,0.00492095947265625,0.03162384033203125,0.85662841796875,-0.100250244140625,0.23406982421875,0.03662109375,0.18310546875,0.084228515625,0.118408203125,0.078582763671875,0.126495361328125,0.13092041015625,0.15380859375,0.13946533203125,0.3363037109375,0.38238525390625,0.2166748046875,1.064300537109375,9.24292278289795
557,0.2785,-0.0,-0.0,-0.0,-0.0,-0.0,-0.0,6.711501121520996,-2.3802597522735596,-627.5597534179688,-182000.234375,64932.42578125,-4398.4892578125,-0.0,-0.0,-0.0,-0.0,-0.0,-0.0,-0.0,-0.0,-0.0,-0.0,-0.0,-0.0,0.00091552734375,0.0022125244140625,0.00186920166015625,0.00064849853515625,0.000457763671875,0.00186920166015625,0.003662109375,0.00324249267578125,0.00209808349609375,0.00347137451171875,0.01163482666015625,-0.001068115234375,0.0077056884765625,7.62939453125e-05,-0.0011444091796875,0.0017547607421875,0.323333740234375,0.109710693359375,0.136260986328125,0.076751708984375,0.095062255859375,0.022735595703125,0.087890625,0.101318359375,0.10650634765625,0.065765380859375,0.12969970703125,0.15533447265625,0.921630859375,2.4224853515625,-0.4290771484375,1.36749267578125,7.71850061416626
558,0.279,-0.0,-0.0,-0.0,-0.0,-0.0,-0.0,7.556691646575928,-3.3501813411712646,-628.7220458984375,-182570.515625,64740.44921875,-4679.81640625,-0.0,-0.0,-0.0,-0.0,-0.0,-0.0,-0.0,-0.0,-0.0,-0.0,-0.0,-0.0,-0.0054931640625,-0.01003265380859375,-0.01216888427734375,-0.0176239013671875,-0.0127410888671875,-0.01445770263671875,-0.01094818115234375,-0.02323150634765625,-0.00843048095703125,-0.0116729736328125,-0.0237274169921875,-0.0154876708984375,-0.015869140625,-0.0119781494140625,-0.00392913818359375,-0.0290679931640625,-0.015716552734375,0.226898193359375,0.30853271484375,0.044708251953125,0.039215087890625,0.19805908203125,0.112152099609375,0.089263916015625,0.115966796875,0.07598876953125,0.10284423828125,0.143280029296875,-0.131072998046875,-0.408935546875,0.22430419921875,-0.886688232421875,3.450119972229004
559,0.2795,-0.0,-0.0,-0.0,-0.0,-0.0,-0.0,7.698237419128418,-3.3977551460266113,-628.6781616210938,-182547.953125,64561.8984375,-4924.38623046875,-0.0,-0.0,-0.0,-0.0,-0.0,-0.0,-0.0,-0.0,-0.0,-0.0,-0.0,-0.0,-0.00026702880859375,-0.0003814697265625,-0.00125885009765625,0.0006103515625,-7.62939453125e-05,-0.001068115234375,-0.0011444091796875,-0.00354766845703125,0.00011444091796875,-0.0035858154296875,-0.00995635986328125,0.00194549560546875,-0.0066375732421875,0.000457763671875,-0.00209808349609375,0.0016021728515625,0.069427490234375,0.112762451171875,0.067901611328125,0.077667236328125,0.194549560546875,0.11932373046875,0.096893310546875,0.087432861328125,0.11322021484375,0.047760009765625,0.12908935546875,0.130462646484375,-0.746612548828125,-2.042236328125,0.5609130859375,-1.21246337890625,-0.5133762359619141
560,0.28,-0.0,-0.0,-0.0,-0.0,-0.0,-0.0,7.909517765045166,-3.9587552547454834,-627.08447265625,-182419.296875,64487.0,-4631.7021484375,-0.0,-0.0,-0.0,-0.0,-0.0,-0.0,-0.0,-0.0,-0.0,-0.0,-0.0,-0.0,0.0098419189453125,0.00652313232421875,0.01522064208984375,0.01697540283203125,0.01300811767578125,0.01697540283203125,0.00934600830078125,0.02567291259765625,0.0067901611328125,0.01277923583984375,0.02635955810546875,0.01537322998046875,0.01995086669921875,0.01224517822265625,0.005340576171875,0.0307464599609375,0.071868896484375,0.03326416015625,0.05615234375,0.11138916015625,-0.18951416015625,0.094146728515625,0.085601806640625,0.100860595703125,0.0872802734375,0.200042724609375,0.09185791015625,0.097198486328125,0.43426513671875,1.01715087890625,0.0457763671875,1.0345458984375,9.852691650390625
561,0.2805,-0.0,-0.0,-0.0,-0.0,-0.0,-0.0,7.530899524688721,-3.739922523498535,-626.8944091796875,-182075.1875,64374.23828125,-4796.89111328125,-0.0,-0.0,-0.0,-0.0,-0.0,-0.0,-0.0,-0.0,-0.0,-0.0,-0.0,-0.0,0.00186920166015625,0.004425048828125,0.0025177001953125,0.00164031982421875,0.00141143798828125,0.00148773193359375,0.00324249267578125,0.00316619873046875,0.00110626220703125,0.00499725341796875,0.00942230224609375,-0.003509521484375,0.00759124755859375,0.00133514404296875,0.00141143798828125,0.00118255615234375,0.046234130859375,0.366973876953125,0.17059326171875,0.141754150390625,0.2752685546875,0.1568603515625,0.09185791015625,0.1116943359375,0.08209228515625,0.1318359375,0.070037841796875,0.06561279296875,0.966339111328125,2.00714111328125,-0.5364990234375,1.5850830078125,9.852691650390625
562,0.281,-0.0,-0.0,-0.0,-0.0,-0.0,-0.0,7.761314392089844,-3.0449821949005127,-626.0277099609375,-181758.875,63933.27734375,-4727.26025390625,-0.0,-0.0,-0.0,-0.0,-0.0,-0.0,-0.0,-0.0,-0.0,-0.0,-0.0,-0.0,-0.00675201416015625,-0.00583648681640625,-0.01422882080078125,-0.01720428466796875,-0.0115203857421875,-0.01552581787109375,-0.00736236572265625,-0.02574920654296875,-0.007476806640625,-0.010528564453125,-0.0246429443359375,-0.01377105712890625,-0.0162506103515625,-0.01262664794921875,-0.0025177001953125,-0.0308990478515625,0.2447509765625,-0.043792724609375,0.230712890625,0.1416015625,0.390777587890625,0.14556884765625,0.095977783203125,0.0927734375,0.074920654296875,0.134124755859375,0.053253173828125,0.077667236328125,0.19500732421875,-0.604248046875,0.106201171875,-0.69549560546875,1.3159297704696655
563,0.28150000000000003,-0.0,-0.0,-0.0,-0.0,-0.0,-0.0,7.5169172286987305,-2.035764694213867,-624.2737426757812,-181730.59375,63731.58984375,-4719.93359375,-0.0,-0.0,-0.0,-0.0,-0.0,-0.0,-0.0,-0.0,-0.0,-0.0,-0.0,-0.0,-0.00217437744140625,0.00034332275390625,-0.00095367431640625,-0.00064849853515625,0.000152587890625,-0.001983642578125,7.62939453125e-05,-0.002593994140625,0.00026702880859375,-0.00614166259765625,-0.0103759765625,0.0054168701171875,-0.00568389892578125,3.814697265625e-05,-0.0009918212890625,0.000457763671875,-0.078887939453125,0.225677490234375,0.006256103515625,0.10498046875,0.0067138671875,0.01861572265625,0.124053955078125,0.110321044921875,0.091705322265625,0.13702392578125,0.073699951171875,0.1025390625,-0.8612060546875,-2.13592529296875,0.63323974609375,-1.177978515625,-2.95245099067688
564,0.28200000000000003,-0.0,-0.0,-0.0,-0.0,-0.0,-0.0,7.021838188171387,-2.075768232345581,-625.0732421875,-181354.03125,63788.58984375,-4310.4345703125,-0.0,-0.0,-0.0,-0.0,-0.0,-0.0,-0.0,-0.0,-0.0,-0.0,-0.0,-0.0,0.00881195068359375,0.01071929931640625,0.0128936767578125,0.01682281494140625,0.01369476318359375,0.0159454345703125,0.0104522705078125,0.023956298828125,0.00705718994140625,0.0121307373046875,0.0261688232421875,0.0139617919921875,0.0177764892578125,0.00995635986328125,0.00736236572265625,0.029144287109375,0.023345947265625,-0.090179443359375,0.259552001953125,0.11138916015625,0.42327880859375,0.14373779296875,0.088653564453125,0.103759765625,0.094451904296875,0.050201416015625,0.09490966796875,0.106048583984375,0.416717529296875,0.716552734375,0.0701904296875,0.90362548828125,11.986882209777832
565,0.28250000000000003,-0.0,-0.0,-0.0,-0.0,-0.0,-0.0,6.512367248535156,-1.8837223052978516,-621.651123046875,-181209.96875,63620.109375,-4180.2236328125,-0.0,-0.0,-0.0,-0.0,-0.0,-0.0,-0.0,-0.0,-0.0,-0.0,-0.0,-0.0,0.0012969970703125,-0.00072479248046875,-0.0002288818359375,0.0018310546875,0.002288818359375,0.00148773193359375,-0.00041961669921875,0.00270843505859375,0.00141143798828125,0.00457763671875,0.00957489013671875,-0.0040435791015625,0.00385284423828125,0.00179290771484375,0.001678466796875,0.000152587890625,0.01922607421875,0.000152587890625,-0.01251220703125,0.1031494140625,0.1165771484375,0.065460205078125,0.120086669921875,0.1104736328125,0.07781982421875,0.08392333984375,0.110321044921875,0.08575439453125,1.182098388671875,2.1295166015625,-0.8282470703125,1.37664794921875,10.157575607299805
566,0.28300000000000003,-0.0,-0.0,-0.0,-0.0,-0.0,-0.0,6.054071426391602,-1.42608642578125,-623.8173828125,-180910.15625,63453.5078125,-4134.16650390625,-0.0,-0.0,-0.0,-0.0,-0.0,-0.0,-0.0,-0.0,-0.0,-0.0,-0.0,-0.0,-0.00820159912109375,-0.00972747802734375,-0.01361846923828125,-0.015411376953125,-0.01300811767578125,-0.0142669677734375,-0.010833740234375,-0.02422332763671875,-0.00675201416015625,-0.010223388671875,-0.0232696533203125,-0.0141143798828125,-0.01544952392578125,-0.0098419189453125,-0.0074005126953125,-0.02834320068359375,0.266876220703125,0.05645751953125,0.103912353515625,0.078582763671875,0.07659912109375,0.1348876953125,0.110015869140625,0.0885009765625,0.09521484375,0.129852294921875,0.146331787109375,0.094451904296875,0.09521484375,-0.40435791015625,0.31890869140625,-0.74798583984375,2.5354671478271484
567,0.28350000000000003,-0.0,-0.0,-0.0,-0.0,-0.0,-0.0,6.168664932250977,-1.5407814979553223,-621.8020629882812,-181171.828125,63198.42578125,-4180.2822265625,-0.0,-0.0,-0.0,-0.0,-0.0,-0.0,-0.0,-0.0,-0.0,-0.0,-0.0,-0.0,-0.0025177001953125,0.00030517578125,0.000457763671875,0.00019073486328125,-0.001983642578125,-0.00102996826171875,0.00026702880859375,-0.00049591064453125,-3.814697265625e-05,-0.0054931640625,-0.0092315673828125,0.00606536865234375,-0.0055694580078125,-0.00011444091796875,-0.0011444091796875,-7.62939453125e-05,0.21087646484375,0.254364013671875,0.04150390625,0.072784423828125,0.061798095703125,0.078125,0.108795166015625,0.062408447265625,0.1116943359375,0.05401611328125,0.13092041015625,0.09613037109375,-1.09832763671875,-1.878662109375,0.76385498046875,-1.541748046875,-1.732913613319397
568,0.28400000000000003,-0.0,-0.0,-0.0,-0.0,-0.0,-0.0,6.6397199630737305,-1.795522928237915,-620.8416748046875,-180887.21875,63039.53125,-4293.28564453125,-0.0,-0.0,-0.0,-0.0,-0.0,-0.0,-0.0,-0.0,-0.0,-0.0,-0.0,-0.0,0.00743865966796875,0.00797271728515625,0.012664794921875,0.01850128173828125,0.0110626220703125,0.01613616943359375,0.00888824462890625,0.02414703369140625,0.0090789794921875,0.00850677490234375,0.0273895263671875,0.01216888427734375,0.01728057861328125,0.01186370849609375,0.005035400390625,0.03139495849609375,0.401458740234375,0.1226806640625,0.110015869140625,0.103607177734375,-0.02349853515625,0.095367431640625,0.096435546875,0.114898681640625,0.08514404296875,0.129852294921875,0.1324462890625,0.0927734375,-0.051727294921875,0.72998046875,0.00885009765625,1.01715087890625,4.974541664123535
569,0.28450000000000003,-0.0,-0.0,-0.0,-0.0,-0.0,-0.0,6.652480602264404,-2.100595474243164,-622.1015625,-180773.109375,63394.5625,-4310.24951171875,-0.0,-0.0,-0.0,-0.0,-0.0,-0.0,-0.0,-0.0,-0.0,-0.0,-0.0,-0.0,0.00301361083984375,0.002288818359375,0.0011444091796875,0.00064849853515625,0.001068115234375,0.0017547607421875,0.00179290771484375,0.00171661376953125,-0.00141143798828125,0.0055694580078125,0.00957489013671875,-0.0041961669921875,0.0054168701171875,-0.001068115234375,0.00156402587890625,-3.814697265625e-05,-0.11138916015625,0.287933349609375,0.12420654296875,0.130157470703125,0.13153076171875,0.12451171875,0.121307373046875,0.115203857421875,0.081787109375,0.037078857421875,0.06683349609375,0.09246826171875,1.121063232421875,2.235107421875,-0.6329345703125,1.6497802734375,14.121071815490723
570,0.28500000000000003,-0.0,-0.0,-0.0,-0.0,-0.0,-0.0,5.990121364593506,-2.5086567401885986,-620.2354736328125,-180690.640625,63194.03515625,-4139.2119140625,-0.0,-0.0,-0.0,-0.0,-0.0,-0.0,-0.0,-0.0,-0.0,-0.0,-0.0,-0.0,-0.00701904296875,-0.0067901611328125,-0.01323699951171875,-0.017547607421875,-0.0106048583984375,-0.0150299072265625,-0.006866455078125,-0.0243377685546875,-0.006561279296875,-0.00885009765625,-0.0241851806640625,-0.0115966796875,-0.014801025390625,-0.01300811767578125,-0.0052642822265625,-0.0290679931640625,0.1751708984375,0.066070556640625,0.153961181640625,0.12054443359375,0.162506103515625,0.1068115234375,0.05462646484375,0.110626220703125,0.096588134765625,0.239410400390625,0.0677490234375,0.082550048828125,0.44097900390625,-0.46600341796875,0.491943359375,-0.513763427734375,-2.0377979278564453
571,0.28550000000000003,-0.0,-0.0,-0.0,-0.0,-0.0,-0.0,5.097065448760986,-1.9873509407043457,-619.3773803710938,-180586.671875,63595.69921875,-3900.3369140625,-0.0,-0.0,-0.0,-0.0,-0.0,-0.0,-0.0,-0.0,-0.0,-0.0,-0.0,-0.0,-0.00286102294921875,0.0003814697265625,0.00057220458984375,0.00091552734375,0.00072479248046875,-0.00202178955078125,-0.00152587890625,-0.00080108642578125,0.001220703125,-0.00553131103515625,-0.008087158203125,0.0046539306640625,-0.00476837158203125,0.0016021728515625,-0.0009918212890625,-7.62939453125e-05,-0.203857421875,0.173187255859375,0.04974365234375,0.111236572265625,0.08636474609375,0.1080322265625,0.126953125,0.105743408203125,0.087432861328125,0.1031494140625,0.05767822265625,0.054779052734375,-0.850830078125,-1.89117431640625,0.61492919921875,-1.397552490234375,-1.732913613319397
572,0.28600000000000003,-0.0,-0.0,-0.0,-0.0,-0.0,-0.0,4.73993444442749,-2.5847816467285156,-619.830810546875,-180716.046875,64222.73828125,-3917.813720703125,-0.0,-0.0,-0.0,-0.0,-0.0,-0.0,-0.0,-0.0,-0.0,-0.0,-0.0,-0.0,0.0078582763671875,0.00804901123046875,0.01331329345703125,0.01667022705078125,0.0118255615234375,0.0157928466796875,0.009613037109375,0.0264739990234375,0.00598907470703125,0.010833740234375,0.02452850341796875,0.012054443359375,0.0189971923828125,0.0099945068359375,0.0046539306640625,0.03040313720703125,-0.143890380859375,-0.14312744140625,-0.137176513671875,0.092926025390625,0.097198486328125,0.0775146484375,0.110321044921875,0.075225830078125,0.109710693359375,0.079803466796875,0.07354736328125,0.09521484375,0.27740478515625,0.7598876953125,-0.1885986328125,1.170654296875,9.852691650390625
573,0.28650000000000003,-0.0,-0.0,-0.0,-0.0,-0.0,-0.0,4.307297706604004,-3.4257442951202393,-621.08984375,-181167.09375,64375.0703125,-3872.022705078125,-0.0,-0.0,-0.0,-0.0,-0.0,-0.0,-0.0,-0.0,-0.0,-0.0,-0.0,-0.0,0.00370025634765625,0.00057220458984375,-0.0008392333984375,-0.00034332275390625,0.001220703125,0.00347137451171875,0.00102996826171875,0.00087738037109375,0.000457763671875,0.003814697265625,0.010833740234375,-0.00423431396484375,0.0043487548828125,-7.62939453125e-05,-0.0005340576171875,-0.0006103515625,0.10162353515625,0.28289794921875,0.223846435546875,0.10772705078125,-0.00213623046875,0.05889892578125,0.11566162109375,0.0921630859375,0.1068115234375,0.103302001953125,0.1226806640625,0.1434326171875,1.231536865234375,2.2711181640625,-0.42694091796875,1.72332763671875,8.328269958496094
574,0.28700000000000003,-0.0,-0.0,-0.0,-0.0,-0.0,-0.0,4.190246105194092,-3.45957350730896,-622.4468994140625,-181763.828125,64595.671875,-4085.782958984375,-0.0,-0.0,-0.0,-0.0,-0.0,-0.0,-0.0,-0.0,-0.0,-0.0,-0.0,-0.0,-0.007171630859375,-0.0102996826171875,-0.0144195556640625,-0.0170135498046875,-0.014801025390625,-0.01415252685546875,-0.01018524169921875,-0.022735595703125,-0.00720977783203125,-0.0121307373046875,-0.0217437744140625,-0.01190185546875,-0.019073486328125,-0.01094818115234375,-0.0069427490234375,-0.0299835205078125,0.44586181640625,-0.28045654296875,0.207366943359375,0.0048828125,-0.31494140625,0.0054931640625,0.10955810546875,0.05706787109375,0.1385498046875,0.10986328125,0.14404296875,0.152435302734375,-0.18585205078125,-0.01800537109375,0.3167724609375,-0.9918212890625,-0.20849192142486572
575,0.28750000000000003,-0.0,-0.0,-0.0,-0.0,-0.0,-0.0,4.64996337890625,-4.024895191192627,-622.7554321289062,-181911.96875,65296.10546875,-4039.788330078125,-0.0,-0.0,-0.0,-0.0,-0.0,-0.0,-0.0,-0.0,-0.0,-0.0,-0.0,-0.0,-0.0005340576171875,0.00324249267578125,0.00030517578125,-0.00034332275390625,0.00091552734375,-0.000762939453125,0.00049591064453125,-0.00148773193359375,-0.00030517578125,-0.0049591064453125,-0.0061798095703125,0.0046539306640625,-0.0075531005859375,0.00041961669921875,0.001068115234375,0.00171661376953125,0.10894775390625,0.18157958984375,0.169219970703125,0.086517333984375,0.489349365234375,0.181884765625,0.06378173828125,0.106353759765625,0.08544921875,0.01861572265625,0.133514404296875,0.138397216796875,-1.21337890625,-1.8865966796875,0.5908203125,-1.636199951171875,-2.95245099067688
576,0.28800000000000003,-0.0,-0.0,-0.0,-0.0,-0.0,-0.0,3.9787399768829346,-4.206857681274414,-620.7349853515625,-181506.828125,65321.12109375,-3911.0869140625,-0.0,-0.0,-0.0,-0.0,-0.0,-0.0,-0.0,-0.0,-0.0,-0.0,-0.0,-0.0,0.009307861328125,0.01033782958984375,0.01300811767578125,0.017547607421875,0.0121307373046875,0.015411376953125,0.01178741455078125,0.02410888671875,0.0072479248046875,0.01251220703125,0.0243377685546875,0.0141143798828125,0.017852783203125,0.009765625,0.00732421875,0.029296875,0.075836181640625,0.26397705078125,0.13153076171875,0.08056640625,0.318450927734375,0.069122314453125,0.105743408203125,0.103912353515625,0.09857177734375,0.154571533203125,0.086822509765625,0.117645263671875,0.407562255859375,0.86578369140625,-0.096435546875,1.120147705078125,8.633153915405273
577,0.2885,-0.0,-0.0,-0.0,-0.0,-0.0,-0.0,3.4438912868499756,-3.10508394241333,-620.537109375,-181395.6875,65737.0546875,-3733.404296875,-0.0,-0.0,-0.0,-0.0,-0.0,-0.0,-0.0,-0.0,-0.0,-0.0,-0.0,-0.0,0.00396728515625,-0.00064849853515625,0.00011444091796875,-0.000457763671875,0.0008392333984375,0.00232696533203125,0.0031280517578125,-0.00118255615234375,-0.00034332275390625,0.008697509765625,0.0095367431640625,-7.62939453125e-05,0.00598907470703125,7.62939453125e-05,0.00118255615234375,-0.001678466796875,0.006866455078125,0.155181884765625,0.017852783203125,0.111541748046875,0.049285888671875,0.08453369140625,0.119476318359375,0.09613037109375,0.106658935546875,0.158233642578125,0.0537109375,0.08209228515625,1.472930908203125,2.20703125,-0.12786865234375,1.918792724609375,10.4624605178833
578,0.289,-0.0,-0.0,-0.0,-0.0,-0.0,-0.0,2.8298840522766113,-2.2575416564941406,-619.7904052734375,-181407.34375,66406.921875,-3402.720947265625,-0.0,-0.0,-0.0,-0.0,-0.0,-0.0,-0.0,-0.0,-0.0,-0.0,-0.0,-0.0,-0.0078582763671875,-0.0095367431640625,-0.0128936767578125,-0.015869140625,-0.0128936767578125,-0.01522064208984375,-0.008392333984375,-0.02368927001953125,-0.007171630859375,-0.0115966796875,-0.025177001953125,-0.01499176025390625,-0.01758575439453125,-0.011749267578125,-0.003814697265625,-0.030059814453125,0.01068115234375,-0.031280517578125,0.03692626953125,0.113983154296875,-0.0701904296875,0.098114013671875,0.09307861328125,0.081329345703125,0.098114013671875,0.11138916015625,0.0531005859375,0.076751708984375,-0.337982177734375,-0.56549072265625,0.03936767578125,-0.862274169921875,-2.0377979278564453
579,0.2895,-0.0,-0.0,-0.0,-0.0,-0.0,-0.0,2.0270683765411377,-1.589470386505127,-621.8517456054688,-181720.3125,67032.0546875,-3327.224609375,-0.0,-0.0,-0.0,-0.0,-0.0,-0.0,-0.0,-0.0,-0.0,-0.0,-0.0,-0.0,-0.00247955322265625,0.0009918212890625,-0.00209808349609375,0.00087738037109375,0.00102996826171875,-0.00232696533203125,0.0002288818359375,-0.00102996826171875,0.0006103515625,-0.0035858154296875,-0.007781982421875,0.0019073486328125,-0.0061798095703125,0.00255584716796875,-0.00118255615234375,0.0,0.0250244140625,-0.290069580078125,0.01251220703125,0.130615234375,0.193939208984375,-0.011749267578125,0.105743408203125,0.09307861328125,0.0897216796875,0.116729736328125,0.02410888671875,0.09033203125,-1.21490478515625,-1.86981201171875,0.54840087890625,-1.61529541015625,-2.647566556930542
580,0.29,-0.0,-0.0,-0.0,-0.0,-0.0,-0.0,1.6647863388061523,-0.9406622052192688,-622.40087890625,-181728.578125,67325.359375,-3175.469482421875,-0.0,-0.0,-0.0,-0.0,-0.0,-0.0,-0.0,-0.0,-0.0,-0.0,-0.0,-0.0,0.0089263916015625,0.007781982421875,0.014801025390625,0.01720428466796875,0.01277923583984375,0.0174713134765625,0.0078582763671875,0.026397705078125,0.008087158203125,0.01125335693359375,0.02765655517578125,0.014801025390625,0.01842498779296875,0.01247406005859375,0.004730224609375,0.03055572509765625,0.455169677734375,0.489349365234375,0.129852294921875,0.077362060546875,0.10772705078125,0.10040283203125,0.10650634765625,0.09857177734375,0.08941650390625,0.041656494140625,0.1531982421875,0.112762451171875,0.298614501953125,1.0784912109375,-0.0482177734375,1.33941650390625,10.157575607299805
581,0.2905,-0.0,-0.0,-0.0,-0.0,-0.0,-0.0,1.7442941665649414,-0.5160422325134277,-622.8513793945312,-181779.34375,67870.3359375,-3097.39404296875,-0.0,-0.0,-0.0,-0.0,-0.0,-0.0,-0.0,-0.0,-0.0,-0.0,-0.0,-0.0,0.00110626220703125,-0.00030517578125,-0.000762939453125,0.0002288818359375,0.00164031982421875,0.0006866455078125,-0.00019073486328125,0.00072479248046875,0.00213623046875,0.0051116943359375,0.006866455078125,-0.001068115234375,0.0043487548828125,0.0012969970703125,0.00011444091796875,-0.0018310546875,0.172119140625,0.08026123046875,0.1141357421875,0.052642822265625,0.128631591796875,0.172882080078125,0.066070556640625,0.090179443359375,0.106048583984375,0.012969970703125,0.18463134765625,0.0982666015625,1.34552001953125,2.46734619140625,-0.36651611328125,1.74530029296875,8.633153915405273
582,0.291,-0.0,-0.0,-0.0,-0.0,-0.0,-0.0,0.987785816192627,0.8267159461975098,-624.0689697265625,-182028.125,68196.71875,-2899.580078125,-0.0,-0.0,-0.0,-0.0,-0.0,-0.0,-0.0,-0.0,-0.0,-0.0,-0.0,-0.0,-0.00644683837890625,-0.00957489013671875,-0.01163482666015625,-0.0168609619140625,-0.00946044921875,-0.0146484375,-0.0099945068359375,-0.02445220947265625,-0.0066375732421875,-0.01056671142578125,-0.025177001953125,-0.01369476318359375,-0.01766204833984375,-0.009918212890625,-0.00652313232421875,-0.030364990234375,-0.16326904296875,0.12542724609375,0.172271728515625,0.1007080078125,0.0494384765625,0.13153076171875,0.101318359375,0.103302001953125,0.09033203125,0.149078369140625,0.014190673828125,0.105743408203125,-0.076446533203125,-0.56884765625,0.40313720703125,-1.085357666015625,9.547806739807129
583,0.2915,-0.0,-0.0,-0.0,-0.0,-0.0,-0.0,0.7940627336502075,1.419245719909668,-623.7857055664062,-182492.796875,68400.0546875,-2611.825439453125,-0.0,-0.0,-0.0,-0.0,-0.0,-0.0,-0.0,-0.0,-0.0,-0.0,-0.0,-0.0,-0.0028228759765625,3.814697265625e-05,-0.0003814697265625,0.00171661376953125,0.0006103515625,-0.0022125244140625,0.0003814697265625,-0.00057220458984375,0.00247955322265625,-0.0043487548828125,-0.0089263916015625,0.00286102294921875,-0.0045013427734375,0.00102996826171875,-0.0006103515625,0.001373291015625,-0.096588134765625,0.1123046875,-0.07965087890625,0.164794921875,0.13763427734375,0.0091552734375,0.0787353515625,0.10162353515625,0.0970458984375,0.107574462890625,0.0726318359375,0.073394775390625,-0.958099365234375,-2.12799072265625,0.4913330078125,-1.452178955078125,3.755004405975342
584,0.292,-0.0,-0.0,-0.0,-0.0,-0.0,-0.0,-0.13809534907341003,1.8961589336395264,-625.6412963867188,-182705.046875,69127.4765625,-2547.645751953125,-0.0,-0.0,-0.0,-0.0,-0.0,-0.0,-0.0,-0.0,-0.0,-0.0,-0.0,-0.0,0.01010894775390625,0.0081634521484375,0.0142669677734375,0.0189208984375,0.012359619140625,0.016937255859375,0.011749267578125,0.02532958984375,0.00827789306640625,0.0131988525390625,0.02490997314453125,0.0177001953125,0.0185394287109375,0.01163482666015625,0.00621795654296875,0.02857208251953125,0.25543212890625,0.010223388671875,0.150604248046875,0.08026123046875,-0.01220703125,0.18218994140625,0.113677978515625,0.07965087890625,0.119781494140625,0.1446533203125,0.22857666015625,0.07904052734375,0.699310302734375,0.58502197265625,0.08270263671875,1.619110107421875,6.803847789764404
585,0.2925,-0.0,-0.0,-0.0,-0.0,-0.0,-0.0,-0.6083417534828186,1.5152168273925781,-625.481689453125,-182934.171875,69394.8046875,-2173.171142578125,-0.0,-0.0,-0.0,-0.0,-0.0,-0.0,-0.0,-0.0,-0.0,-0.0,-0.0,-0.0,0.0023651123046875,-0.00041961669921875,-0.00152587890625,0.0006103515625,0.0019073486328125,-0.000457763671875,0.00019073486328125,3.814697265625e-05,0.00011444091796875,0.0030517578125,0.006561279296875,-0.00514984130859375,0.00659942626953125,0.00118255615234375,-0.003509521484375,-0.0018310546875,0.487518310546875,-0.0640869140625,0.192108154296875,0.119171142578125,0.05767822265625,0.185699462890625,0.111236572265625,0.129547119140625,0.060882568359375,0.065765380859375,0.1904296875,0.089263916015625,0.987701416015625,2.15087890625,-0.74676513671875,1.53533935546875,11.986882209777832
586,0.293,-0.0,-0.0,-0.0,-0.0,-0.0,-0.0,-1.5165786743164062,1.3369560241699219,-626.18798828125,-183193.734375,70348.28125,-2167.74365234375,-0.0,-0.0,-0.0,-0.0,-0.0,-0.0,-0.0,-0.0,-0.0,-0.0,-0.0,-0.0,-0.0063323974609375,-0.0087738037109375,-0.01361846923828125,-0.01659393310546875,-0.01110076904296875,-0.01537322998046875,-0.00988006591796875,-0.0257110595703125,-0.00720977783203125,-0.0093841552734375,-0.0238800048828125,-0.01613616943359375,-0.01850128173828125,-0.01194000244140625,-0.00324249267578125,-0.0312042236328125,-0.09429931640625,0.176544189453125,0.048828125,0.081787109375,0.040130615234375,0.029754638671875,0.102386474609375,0.110015869140625,0.1068115234375,0.083465576171875,0.07720947265625,0.10406494140625,0.0140380859375,-0.4644775390625,0.0885009765625,-1.156463623046875,0.7061610817909241
587,0.2935,-0.0,-0.0,-0.0,-0.0,-0.0,-0.0,-2.0848987102508545,0.8021736145019531,-626.0266723632812,-183205.046875,70277.296875,-2115.046142578125,-0.0,-0.0,-0.0,-0.0,-0.0,-0.0,-0.0,-0.0,-0.0,-0.0,-0.0,-0.0,-0.00133514404296875,0.000457763671875,0.00110626220703125,0.0009918212890625,0.0012969970703125,0.000762939453125,0.0008392333984375,-0.0014495849609375,3.814697265625e-05,-0.00091552734375,-0.00522613525390625,0.004119873046875,-0.00370025634765625,0.001220703125,0.002288818359375,0.0022125244140625,0.113983154296875,0.030975341796875,0.122833251953125,0.087127685546875,0.06134033203125,0.07293701171875,0.10223388671875,0.080413818359375,0.113067626953125,0.046234130859375,0.0726318359375,0.0994873046875,-0.574493408203125,-1.8792724609375,0.72052001953125,-1.41876220703125,-2.647566556930542
588,0.294,-0.0,-0.0,-0.0,-0.0,-0.0,-0.0,-1.9217312335968018,0.4121924638748169,-628.4690551757812,-183734.75,71081.0390625,-2035.7396240234375,-0.0,-0.0,-0.0,-0.0,-0.0,-0.0,-0.0,-0.0,-0.0,-0.0,-0.0,-0.0,0.0087738037109375,0.0104522705078125,0.01354217529296875,0.0157928466796875,0.01300811767578125,0.01712799072265625,0.0104522705078125,0.02445220947265625,0.00560760498046875,0.01251220703125,0.02872467041015625,0.01438140869140625,0.01773834228515625,0.01338958740234375,0.0046539306640625,0.0310516357421875,0.144500732421875,0.112762451171875,0.10894775390625,0.097503662109375,0.089263916015625,0.070343017578125,0.092010498046875,0.083160400390625,0.106048583984375,0.10162353515625,0.0823974609375,0.034637451171875,0.956573486328125,0.83648681640625,-0.19561767578125,1.33270263671875,6.803847789764404
589,0.2945,-0.0,-0.0,-0.0,-0.0,-0.0,-0.0,-2.0349364280700684,0.455352246761322,-629.0804443359375,-184258.6875,71480.6015625,-2098.964111328125,-0.0,-0.0,-0.0,-0.0,-0.0,-0.0,-0.0,-0.0,-0.0,-0.0,-0.0,-0.0,0.001220703125,-0.0002288818359375,-0.000762939453125,0.0005340576171875,-0.00026702880859375,-0.000457763671875,0.0003814697265625,-0.00125885009765625,-7.62939453125e-05,0.0030517578125,0.00652313232421875,-0.00644683837890625,0.00652313232421875,-0.00026702880859375,-0.0006866455078125,-0.001678466796875,-0.1922607421875,0.05096435546875,0.1007080078125,0.08392333984375,0.153045654296875,0.12847900390625,0.10009765625,0.08514404296875,0.10955810546875,0.164947509765625,0.0946044921875,0.083160400390625,1.314239501953125,2.19268798828125,-0.7830810546875,1.7022705078125,10.4624605178833
590,0.295,-0.0,-0.0,-0.0,-0.0,-0.0,-0.0,-2.3606460094451904,-0.20225809514522552,-628.75537109375,-184230.546875,72040.546875,-2139.821533203125,-0.0,-0.0,-0.0,-0.0,-0.0,-0.0,-0.0,-0.0,-0.0,-0.0,-0.0,-0.0,-0.0086212158203125,-0.0081634521484375,-0.01216888427734375,-0.01861572265625,-0.01216888427734375,-0.0148773193359375,-0.009002685546875,-0.02323150634765625,-0.00701904296875,-0.0122833251953125,-0.02193450927734375,-0.01140594482421875,-0.01796722412109375,-0.0106048583984375,-0.00553131103515625,-0.02910614013671875,0.46417236328125,-0.1287841796875,0.173492431640625,0.077972412109375,0.177001953125,0.08514404296875,0.089569091796875,0.05523681640625,0.1190185546875,0.1153564453125,0.089874267578125,0.155487060546875,-0.397796630859375,-0.155029296875,0.4302978515625,-1.16363525390625,1.3159297704696655
591,0.2955,-0.0,-0.0,-0.0,-0.0,-0.0,-0.0,-2.78283953666687,-0.5347824096679688,-627.24755859375,-184218.453125,72415.3125,-2150.07275390625,-0.0,-0.0,-0.0,-0.0,-0.0,-0.0,-0.0,-0.0,-0.0,-0.0,-0.0,-0.0,-0.000457763671875,-0.0008392333984375,0.0030517578125,0.00133514404296875,7.62939453125e-05,0.00087738037109375,-7.62939453125e-05,0.00244140625,0.0006866455078125,-0.00469207763671875,-0.003204345703125,0.00606536865234375,-0.00270843505859375,-0.0006103515625,0.0035858154296875,0.00240325927734375,0.212249755859375,0.11138916015625,0.070343017578125,0.110321044921875,0.033721923828125,0.19317626953125,0.09368896484375,0.134429931640625,0.085906982421875,0.11810302734375,0.185089111328125,0.168609619140625,-0.985565185546875,-1.7877197265625,0.83740234375,-1.38031005859375,-2.0377979278564453
592,0.296,-0.0,-0.0,-0.0,-0.0,-0.0,-0.0,-3.211578369140625,-0.6780380010604858,-625.6897583007812,-183791.875,72565.5078125,-1966.753173828125,-0.0,-0.0,-0.0,-0.0,-0.0,-0.0,-0.0,-0.0,-0.0,-0.0,-0.0,-0.0,0.007781982421875,0.0107574462890625,0.0128936767578125,0.01651763916015625,0.0153350830078125,0.015411376953125,0.011749267578125,0.02178192138671875,0.00720977783203125,0.0136566162109375,0.02330780029296875,0.0139617919921875,0.01789093017578125,0.01163482666015625,0.0049591064453125,0.029449462890625,0.033416748046875,0.3729248046875,0.128631591796875,0.106658935546875,0.24444580078125,0.098114013671875,0.0640869140625,0.128326416015625,0.076751708984375,0.169219970703125,0.09429931640625,0.137939453125,0.757904052734375,0.4986572265625,-0.22430419921875,1.469879150390625,9.852691650390625
593,0.2965,-0.0,-0.0,-0.0,-0.0,-0.0,-0.0,-3.8243327140808105,-0.5347824096679688,-625.9051513671875,-183364.109375,72726.046875,-1800.6695556640625,-0.0,-0.0,-0.0,-0.0,-0.0,-0.0,-0.0,-0.0,-0.0,-0.0,-0.0,-0.0,0.00179290771484375,-0.00091552734375,-0.0025177001953125,0.001220703125,-0.00026702880859375,-0.0026702880859375,0.0006866455078125,-0.001373291015625,0.000457763671875,0.00194549560546875,0.00263214111328125,-0.0032806396484375,0.0031280517578125,-0.000457763671875,-0.00263214111328125,-0.0019073486328125,0.027618408203125,0.163421630859375,-0.06805419921875,0.100250244140625,0.0872802734375,0.055694580078125,0.1129150390625,0.0970458984375,0.09765625,0.1495361328125,0.020904541015625,0.10894775390625,0.913543701171875,1.883544921875,-0.63812255859375,1.551361083984375,9.24292278289795
594,0.297,-0.0,-0.0,-0.0,-0.0,-0.0,-0.0,-4.555569171905518,-0.5585220456123352,-624.0689697265625,-182665.328125,73093.6015625,-1640.78857421875,-0.0,-0.0,-0.0,-0.0,-0.0,-0.0,-0.0,-0.0,-0.0,-0.0,-0.0,-0.0,-0.00705718994140625,-0.0113677978515625,-0.01312255859375,-0.01567840576171875,-0.01190185546875,-0.0153350830078125,-0.01049041748046875,-0.0238800048828125,-0.00637054443359375,-0.0112152099609375,-0.0212860107421875,-0.0133514404296875,-0.016326904296875,-0.01209259033203125,-0.00438690185546875,-0.03116607666015625,-0.60089111328125,0.12542724609375,0.242919921875,0.1348876953125,0.0531005859375,0.073394775390625,0.107879638671875,0.083465576171875,0.105133056640625,0.116729736328125,0.069427490234375,0.08697509765625,-0.458526611328125,0.06622314453125,0.37933349609375,-1.116790771484375,0.09639240801334381
595,0.2975,-0.0,-0.0,-0.0,-0.0,-0.0,-0.0,-5.227091312408447,-0.04732148349285126,-621.7841796875,-182335.4375,73507.421875,-1474.5052490234375,-0.0,-0.0,-0.0,-0.0,-0.0,-0.0,-0.0,-0.0,-0.0,-0.0,-0.0,-0.0,-0.00263214111328125,0.0037384033203125,-0.000152587890625,0.00072479248046875,0.001373291015625,0.00278472900390625,0.00057220458984375,0.00026702880859375,0.00225067138671875,-0.00225067138671875,-0.0018310546875,0.0040435791015625,-0.00293731689453125,0.002899169921875,0.0006103515625,0.0030517578125,0.76690673828125,-0.092010498046875,0.06866455078125,0.06439208984375,0.346832275390625,0.0390625,0.08331298828125,0.076904296875,0.11383056640625,0.151519775390625,0.092010498046875,0.06500244140625,-0.99151611328125,-1.46728515625,0.52032470703125,-1.47308349609375,-2.0377979278564453
596,0.298,-0.0,-0.0,-0.0,-0.0,-0.0,-0.0,-5.982333660125732,-0.24902711808681488,-619.40478515625,-181801.6875,73795.203125,-1211.3507080078125,-0.0,-0.0,-0.0,-0.0,-0.0,-0.0,-0.0,-0.0,-0.0,-0.0,-0.0,-0.0,0.01125335693359375,0.008697509765625,0.01377105712890625,0.01773834228515625,0.0116729736328125,0.01544952392578125,0.0113677978515625,0.02178192138671875,0.008544921875,0.01354217529296875,0.023651123046875,0.01445770263671875,0.01705169677734375,0.0103759765625,0.0063323974609375,0.03055572509765625,0.071868896484375,0.202484130859375,0.136566162109375,0.072784423828125,0.235137939453125,0.080413818359375,0.113067626953125,0.1092529296875,0.092010498046875,0.04730224609375,0.11871337890625,0.060577392578125,0.625762939453125,0.1422119140625,-0.13153076171875,1.413116455078125,8.93803882598877
597,0.2985,-0.0,-0.0,-0.0,-0.0,-0.0,-0.0,-6.4046149253845215,-0.6239128112792969,-617.1185302734375,-181495.578125,74192.9140625,-1032.846923828125,-0.0,-0.0,-0.0,-0.0,-0.0,-0.0,-0.0,-0.0,-0.0,-0.0,-0.0,-0.0,0.00400543212890625,-0.00110626220703125,-0.00087738037109375,0.00064849853515625,-0.0020599365234375,0.00141143798828125,-0.0003814697265625,-0.0002288818359375,-0.00091552734375,0.003662109375,0.0034332275390625,-0.00598907470703125,0.00484466552734375,-0.00244140625,7.62939453125e-05,-0.00286102294921875,0.12359619140625,0.011138916015625,0.030364990234375,0.1129150390625,0.139007568359375,0.065155029296875,0.10467529296875,0.1025390625,0.093536376953125,0.11962890625,0.067901611328125,0.080413818359375,1.486968994140625,2.04376220703125,-0.7244873046875,1.7230224609375,10.76734447479248
598,0.299,-0.0,-0.0,-0.0,-0.0,-0.0,-0.0,-7.179104804992676,-0.928791880607605,-619.849365234375,-181364.90625,74338.953125,-874.6433715820312,-0.0,-0.0,-0.0,-0.0,-0.0,-0.0,-0.0,-0.0,-0.0,-0.0,-0.0,-0.0,-0.00789642333984375,-0.01056671142578125,-0.01224517822265625,-0.01644134521484375,-0.0118255615234375,-0.0159454345703125,-0.006866455078125,-0.0241851806640625,-0.007781982421875,-0.011749267578125,-0.023956298828125,-0.0077056884765625,-0.01728057861328125,-0.01110076904296875,-0.00461578369140625,-0.02956390380859375,-0.027313232421875,0.079803466796875,0.051116943359375,0.10955810546875,-0.0653076171875,0.09857177734375,0.09613037109375,0.102386474609375,0.106964111328125,0.089263916015625,0.13153076171875,0.09490966796875,-0.30487060546875,-0.26947021484375,0.70098876953125,-0.885009765625,1.9256983995437622
599,0.2995,-0.0,-0.0,-0.0,-0.0,-0.0,-0.0,-7.319727897644043,-2.0266010761260986,-618.8639526367188,-181619.671875,74543.53125,-586.083251953125,-0.0,-0.0,-0.0,-0.0,-0.0,-0.0,-0.0,-0.0,-0.0,-0.0,-0.0,-0.0,-0.0009918212890625,-7.62939453125e-05,0.00091552734375,0.0026702880859375,0.0011444091796875,0.00034332275390625,-0.00133514404296875,0.0011444091796875,0.00308990478515625,-0.00507354736328125,-0.002593994140625,0.0025177001953125,-0.00041961669921875,0.0016021728515625,3.814697265625e-05,0.00316619873046875,0.11505126953125,-0.052490234375,0.166778564453125,0.11871337890625,0.089874267578125,0.14373779296875,0.111846923828125,0.09735107421875,0.097198486328125,0.095672607421875,0.13427734375,0.118560791015625,-1.340789794921875,-1.6961669921875,0.5279541015625,-1.300048828125,-3.2573351860046387
600,0.3,-0.0,-0.0,-0.0,-0.0,-0.0,-0.0,-7.427823543548584,-2.298250198364258,-619.7384033203125,-181876.71875,74637.296875,-723.3663330078125,-0.0,-0.0,-0.0,-0.0,-0.0,-0.0,-0.0,-0.0,-0.0,-0.0,-0.0,-0.0,0.00823974609375,0.008087158203125,0.013580322265625,0.0164794921875,0.013275146484375,0.01491546630859375,0.00751495361328125,0.02471923828125,0.0087738037109375,0.00926971435546875,0.0247955322265625,0.01491546630859375,0.0164031982421875,0.01239776611328125,0.0067138671875,0.02872467041015625,-0.53192138671875,0.152587890625,-0.00823974609375,0.096588134765625,0.02349853515625,0.101318359375,0.087890625,0.0982666015625,0.103607177734375,0.099639892578125,0.0750732421875,0.130157470703125,-0.045928955078125,0.5438232421875,0.07720947265625,1.25213623046875,9.547806739807129
601,0.3005,-0.0,-0.0,-0.0,-0.0,-0.0,-0.0,-7.761314392089844,-2.1894829273223877,-619.0170288085938,-182213.8125,75088.171875,-671.09814453125,-0.0,-0.0,-0.0,-0.0,-0.0,-0.0,-0.0,-0.0,-0.0,-0.0,-0.0,-0.0,0.00125885009765625,0.00171661376953125,-0.001678466796875,-0.00133514404296875,-0.0006866455078125,0.000762939453125,-0.0002288818359375,-0.00110626220703125,0.00225067138671875,0.00202178955078125,0.0046539306640625,-0.0054168701171875,0.0022125244140625,0.00011444091796875,-0.000152587890625,-0.0035858154296875,0.346221923828125,-0.189971923828125,0.384063720703125,0.07598876953125,0.082855224609375,0.1165771484375,0.086669921875,0.06256103515625,0.11627197265625,0.0634765625,0.10223388671875,0.090789794921875,0.997314453125,2.08282470703125,-0.445556640625,1.58782958984375,9.547806739807129
602,0.301,-0.0,-0.0,-0.0,-0.0,-0.0,-0.0,-7.74174690246582,-2.6934618949890137,-619.4776611328125,-182169.65625,75427.609375,-621.9048461914062,-0.0,-0.0,-0.0,-0.0,-0.0,-0.0,-0.0,-0.0,-0.0,-0.0,-0.0,-0.0,-0.0079345703125,-0.0074005126953125,-0.01247406005859375,-0.0157928466796875,-0.0106048583984375,-0.015411376953125,-0.0078582763671875,-0.02384185791015625,-0.00843048095703125,-0.0095367431640625,-0.02140045166015625,-0.01255035400390625,-0.0171661376953125,-0.0107574462890625,-0.005340576171875,-0.02773284912109375,0.39306640625,0.39276123046875,0.207366943359375,0.10284423828125,0.018463134765625,0.139312744140625,0.091094970703125,0.117950439453125,0.088958740234375,0.06988525390625,0.1385498046875,0.084991455078125,-0.024261474609375,0.12939453125,0.367431640625,-1.085357666015625,-4.476872444152832
603,0.3015,-0.0,-0.0,-0.0,-0.0,-0.0,-0.0,-7.516818046569824,-2.9379754066467285,-618.69287109375,-182155.03125,75322.5078125,-556.0684204101562,-0.0,-0.0,-0.0,-0.0,-0.0,-0.0,-0.0,-0.0,-0.0,-0.0,-0.0,-0.0,-0.00133514404296875,0.00202178955078125,0.00179290771484375,0.0003814697265625,0.0018310546875,0.001678466796875,0.00064849853515625,0.00080108642578125,0.00293731689453125,0.0017547607421875,-0.002899169921875,0.00270843505859375,-0.00278472900390625,0.00408172607421875,0.000762939453125,0.00293731689453125,0.02105712890625,0.3515625,-0.138702392578125,0.087432861328125,0.04180908203125,0.102691650390625,0.103759765625,0.10955810546875,0.099945068359375,0.115509033203125,0.104217529296875,0.096282958984375,-0.603485107421875,-1.8804931640625,0.58502197265625,-1.6259765625,1.3159297704696655
604,0.302,-0.0,-0.0,-0.0,-0.0,-0.0,-0.0,-7.91971492767334,-3.3147871494293213,-619.3070068359375,-181995.859375,75506.5546875,-418.6217041015625,-0.0,-0.0,-0.0,-0.0,-0.0,-0.0,-0.0,-0.0,-0.0,-0.0,-0.0,-0.0,0.0096893310546875,0.00762939453125,0.015106201171875,0.017547607421875,0.01251220703125,0.017242431640625,0.01049041748046875,0.02414703369140625,0.00705718994140625,0.0135040283203125,0.025482177734375,0.0153350830078125,0.01613616943359375,0.011138916015625,0.00579833984375,0.0293731689453125,0.246429443359375,0.03692626953125,0.296630859375,0.091705322265625,0.038909912109375,0.16204833984375,0.116424560546875,0.084381103515625,0.109405517578125,0.07568359375,0.091094970703125,0.08209228515625,0.791778564453125,0.60211181640625,-0.1519775390625,0.928802490234375,6.1940789222717285
605,0.3025,-0.0,-0.0,-0.0,-0.0,-0.0,-0.0,-8.115328788757324,-2.9154891967773438,-618.4979248046875,-181916.90625,75701.3984375,-512.4991455078125,-0.0,-0.0,-0.0,-0.0,-0.0,-0.0,-0.0,-0.0,-0.0,-0.0,-0.0,-0.0,0.001373291015625,0.0017547607421875,-0.00057220458984375,-0.00255584716796875,7.62939453125e-05,-0.00133514404296875,0.0029754638671875,-0.00240325927734375,-0.001373291015625,0.00213623046875,0.0019073486328125,-0.00091552734375,0.00179290771484375,0.0023651123046875,-0.0006866455078125,-0.004425048828125,-0.356597900390625,0.284881591796875,0.146026611328125,0.16571044921875,0.200653076171875,0.10162353515625,0.09307861328125,0.1300048828125,0.088043212890625,0.240325927734375,0.08148193359375,0.069122314453125,1.193084716796875,1.6986083984375,-0.118408203125,1.681365966796875,10.4624605178833
606,0.303,-0.0,-0.0,-0.0,-0.0,-0.0,-0.0,-7.786737442016602,-3.4277796745300293,-617.8024291992188,-181838.765625,75762.0625,-440.2498779296875,-0.0,-0.0,-0.0,-0.0,-0.0,-0.0,-0.0,-0.0,-0.0,-0.0,-0.0,-0.0,-0.0067138671875,-0.0092315673828125,-0.014495849609375,-0.01567840576171875,-0.01186370849609375,-0.0145721435546875,-0.010528564453125,-0.02239227294921875,-0.0067138671875,-0.00972747802734375,-0.02300262451171875,-0.01522064208984375,-0.0151824951171875,-0.0102996826171875,-0.00591278076171875,-0.0299835205078125,0.270538330078125,0.1348876953125,0.025634765625,0.074615478515625,-0.2130126953125,0.009765625,0.11322021484375,0.108489990234375,0.098724365234375,0.10009765625,0.07598876953125,0.087738037109375,0.125579833984375,-0.18280029296875,0.306396484375,-0.7501220703125,0.40127673745155334
607,0.3035,-0.0,-0.0,-0.0,-0.0,-0.0,-0.0,-7.873398303985596,-3.2086944580078125,-617.6301879882812,-181294.765625,75980.3359375,-373.9992980957031,-0.0,-0.0,-0.0,-0.0,-0.0,-0.0,-0.0,-0.0,-0.0,-0.0,-0.0,-0.0,-0.00095367431640625,0.00396728515625,0.000762939453125,0.001220703125,0.0009918212890625,0.001220703125,0.00244140625,-7.62939453125e-05,0.00118255615234375,-0.0016021728515625,-0.00095367431640625,0.0012969970703125,-0.00118255615234375,0.00213623046875,0.002288818359375,0.0026702880859375,0.241851806640625,-0.179443359375,0.041351318359375,0.064849853515625,0.487060546875,0.03021240234375,0.128326416015625,0.064849853515625,0.130462646484375,0.08544921875,0.102691650390625,0.12359619140625,-1.1468505859375,-1.68182373046875,0.37506103515625,-1.30615234375,-2.647566556930542
608,0.304,-0.0,-0.0,-0.0,-0.0,-0.0,-0.0,-8.163766860961914,-3.6979076862335205,-618.402099609375,-181703.859375,76215.6328125,-285.8725891113281,-0.0,-0.0,-0.0,-0.0,-0.0,-0.0,-0.0,-0.0,-0.0,-0.0,-0.0,-0.0,0.00804901123046875,0.00736236572265625,0.01495361328125,0.01617431640625,0.0121307373046875,0.01766204833984375,0.0086212158203125,0.0252532958984375,0.00751495361328125,0.011749267578125,0.02704620361328125,0.0136566162109375,0.01850128173828125,0.01079559326171875,0.00850677490234375,0.028839111328125,-0.03662109375,0.203094482421875,0.019378662109375,0.060272216796875,0.0811767578125,0.07110595703125,0.11077880859375,0.077362060546875,0.13824462890625,0.0457763671875,0.07720947265625,0.13092041015625,0.567779541015625,0.52032470703125,0.130615234375,1.41326904296875,8.328269958496094
609,0.3045,-0.0,-0.0,-0.0,-0.0,-0.0,-0.0,-8.011259078979492,-3.4550607204437256,-618.508056640625,-181802.84375,76547.359375,-263.3973083496094,-0.0,-0.0,-0.0,-0.0,-0.0,-0.0,-0.0,-0.0,-0.0,-0.0,-0.0,-0.0,0.00217437744140625,-0.00034332275390625,-0.00179290771484375,-0.000457763671875,-0.00091552734375,-0.0014495849609375,0.00179290771484375,-0.00240325927734375,-0.00057220458984375,0.0028228759765625,0.002593994140625,-0.002288818359375,0.00118255615234375,-0.00164031982421875,-0.0002288818359375,-0.0026702880859375,0.3826904296875,0.00030517578125,0.1226806640625,0.091400146484375,0.116119384765625,0.156707763671875,0.067291259765625,0.100250244140625,0.099639892578125,0.177001953125,0.13427734375,0.11322021484375,1.32232666015625,2.154541015625,-0.63079833984375,1.5948486328125,6.803847789764404
610,0.305,-0.0,-0.0,-0.0,-0.0,-0.0,-0.0,-8.320709228515625,-3.9217376708984375,-618.95654296875,-181860.234375,76823.6953125,-240.9982147216797,-0.0,-0.0,-0.0,-0.0,-0.0,-0.0,-0.0,-0.0,-0.0,-0.0,-0.0,-0.0,-0.00743865966796875,-0.008087158203125,-0.0128936767578125,-0.01613616943359375,-0.01094818115234375,-0.015106201171875,-0.01102447509765625,-0.021820068359375,-0.00762939453125,-0.0121307373046875,-0.02330780029296875,-0.01430511474609375,-0.01659393310546875,-0.01148223876953125,-0.004425048828125,-0.0302886962890625,-0.19989013671875,-0.143585205078125,0.122222900390625,0.1129150390625,0.244598388671875,0.03570556640625,0.0994873046875,0.110931396484375,0.084991455078125,0.166778564453125,0.084991455078125,0.092926025390625,-0.17608642578125,-0.31646728515625,0.2911376953125,-0.814666748046875,-0.5133762359619141
611,0.3055,-0.0,-0.0,-0.0,-0.0,-0.0,-0.0,-8.742630004882812,-3.8563218116760254,-620.9752197265625,-182302.453125,76902.34375,13.51907730102539,-0.0,-0.0,-0.0,-0.0,-0.0,-0.0,-0.0,-0.0,-0.0,-0.0,-0.0,-0.0,-0.0009918212890625,-0.0019073486328125,0.00217437744140625,0.00324249267578125,0.00110626220703125,0.0006866455078125,0.000152587890625,0.00019073486328125,0.00194549560546875,-0.00232696533203125,0.000762939453125,0.00194549560546875,0.00030517578125,0.00164031982421875,0.002288818359375,0.00400543212890625,-0.281982421875,0.21881103515625,-0.28778076171875,0.099334716796875,-0.2276611328125,0.083160400390625,0.125274658203125,0.113372802734375,0.098419189453125,0.059051513671875,0.042572021484375,0.111083984375,-0.95001220703125,-1.47613525390625,0.42938232421875,-1.075592041015625,-1.732913613319397
612,0.306,-0.0,-0.0,-0.0,-0.0,-0.0,-0.0,-9.121129989624023,-3.4535884857177734,-621.685791015625,-183118.484375,77497.8984375,182.33985900878906,-0.0,-0.0,-0.0,-0.0,-0.0,-0.0,-0.0,-0.0,-0.0,-0.0,-0.0,-0.0,0.01094818115234375,0.00732421875,0.01316070556640625,0.01728057861328125,0.01201629638671875,0.0170135498046875,0.00881195068359375,0.0250244140625,0.0066375732421875,0.01468658447265625,0.025634765625,0.01560211181640625,0.01743316650390625,0.01132965087890625,0.0040435791015625,0.02918243408203125,0.643310546875,-0.166168212890625,0.555419921875,0.083160400390625,-0.169219970703125,0.191192626953125,0.094146728515625,0.064239501953125,0.128631591796875,0.11566162109375,0.22125244140625,0.130767822265625,0.67047119140625,0.6182861328125,-0.042724609375,1.158599853515625,8.93803882598877
613,0.3065,-0.0,-0.0,-0.0,-0.0,-0.0,-0.0,-8.921051025390625,-4.055110454559326,-625.56298828125,-183270.671875,78146.4765625,57.45307540893555,-0.0,-0.0,-0.0,-0.0,-0.0,-0.0,-0.0,-0.0,-0.0,-0.0,-0.0,-0.0,0.00156402587890625,-0.0011444091796875,0.000457763671875,-0.00171661376953125,-0.00102996826171875,-0.00141143798828125,-3.814697265625e-05,-0.00278472900390625,-0.00148773193359375,0.00030517578125,-3.814697265625e-05,-0.003509521484375,-0.00186920166015625,-0.00270843505859375,0.000152587890625,-0.00331878662109375,0.370635986328125,0.11138916015625,0.218353271484375,0.160369873046875,-0.017242431640625,0.1922607421875,0.04913330078125,0.1165771484375,0.06500244140625,0.06927490234375,0.135498046875,0.088958740234375,0.94635009765625,1.6448974609375,-0.51666259765625,1.423797607421875,9.547806739807129
614,0.307,-0.0,-0.0,-0.0,-0.0,-0.0,-0.0,-9.255826950073242,-3.8326072692871094,-626.541259765625,-183890.125,78568.4921875,247.7375030517578,-0.0,-0.0,-0.0,-0.0,-0.0,-0.0,-0.0,-0.0,-0.0,-0.0,-0.0,-0.0,-0.007476806640625,-0.0074005126953125,-0.01216888427734375,-0.01743316650390625,-0.00873565673828125,-0.0154876708984375,-0.01007080078125,-0.0238800048828125,-0.0083160400390625,-0.01110076904296875,-0.0269317626953125,-0.014190673828125,-0.01682281494140625,-0.008544921875,-0.00743865966796875,-0.03055572509765625,-0.17425537109375,0.507965087890625,0.138092041015625,0.148162841796875,0.156402587890625,0.09857177734375,0.050811767578125,0.13427734375,0.069580078125,0.0372314453125,0.03082275390625,0.063934326171875,-0.132598876953125,-0.64849853515625,0.07415771484375,-0.650634765625,-0.20849192142486572
615,0.3075,-0.0,-0.0,-0.0,-0.0,-0.0,-0.0,-9.344775199890137,-3.5207018852233887,-627.07080078125,-183891.875,78873.0859375,306.5650634765625,-0.0,-0.0,-0.0,-0.0,-0.0,-0.0,-0.0,-0.0,-0.0,-0.0,-0.0,-0.0,-0.000762939453125,0.00171661376953125,0.00019073486328125,0.0026702880859375,0.0005340576171875,0.00347137451171875,-0.00095367431640625,0.00225067138671875,0.001678466796875,-0.00034332275390625,0.00095367431640625,0.00362396240234375,0.0026702880859375,0.00194549560546875,0.00080108642578125,0.00446319580078125,-0.04364013671875,0.055389404296875,-0.1513671875,0.084075927734375,0.175933837890625,-0.042572021484375,0.113525390625,0.072021484375,0.110626220703125,0.049591064453125,0.067901611328125,0.091094970703125,-0.671234130859375,-1.473388671875,0.67413330078125,-1.177825927734375,-0.8182606101036072
616,0.308,-0.0,-0.0,-0.0,-0.0,-0.0,-0.0,-9.70185661315918,-3.543146848678589,-626.2754516601562,-184109.671875,79131.0390625,547.8216552734375,-0.0,-0.0,-0.0,-0.0,-0.0,-0.0,-0.0,-0.0,-0.0,-0.0,-0.0,-0.0,0.0081634521484375,0.00568389892578125,0.0141143798828125,0.01636505126953125,0.01316070556640625,0.0160980224609375,0.00972747802734375,0.02452850341796875,0.00881195068359375,0.0122833251953125,0.026702880859375,0.01621246337890625,0.01819610595703125,0.0089263916015625,0.00579833984375,0.02956390380859375,0.1959228515625,0.022430419921875,-0.0714111328125,0.04119873046875,-0.045318603515625,0.16326904296875,0.08697509765625,0.08270263671875,0.11383056640625,0.218353271484375,0.09368896484375,0.107879638671875,0.44464111328125,0.943603515625,-0.10772705078125,1.254119873046875,18.694337844848633
617,0.3085,-0.0,-0.0,-0.0,-0.0,-0.0,-0.0,-9.858012199401855,-3.654346466064453,-629.4564208984375,-184508.4375,79492.375,606.1725463867188,-0.0,-0.0,-0.0,-0.0,-0.0,-0.0,-0.0,-0.0,-0.0,-0.0,-0.0,-0.0,0.00019073486328125,-0.00186920166015625,-0.00152587890625,-0.00125885009765625,-0.00110626220703125,-0.00049591064453125,-0.001068115234375,-0.00270843505859375,-0.00152587890625,0.0005340576171875,0.00011444091796875,-0.00545501708984375,-0.00217437744140625,-0.00133514404296875,-0.0003814697265625,-0.00522613525390625,0.318450927734375,0.308837890625,0.122833251953125,0.09735107421875,-0.29876708984375,0.0750732421875,0.108489990234375,0.131072998046875,0.08026123046875,0.116119384765625,0.094146728515625,0.129852294921875,0.947723388671875,1.573486328125,-0.6121826171875,1.41937255859375,5.584310531616211
618,0.309,-0.0,-0.0,-0.0,-0.0,-0.0,-0.0,-8.987421989440918,-2.963407039642334,-629.0078125,-184701.421875,79704.9140625,592.1917114257812,-0.0,-0.0,-0.0,-0.0,-0.0,-0.0,-0.0,-0.0,-0.0,-0.0,-0.0,-0.0,-0.00732421875,-0.00675201416015625,-0.01224517822265625,-0.016021728515625,-0.01247406005859375,-0.0154876708984375,-0.0078582763671875,-0.0243377685546875,-0.0069427490234375,-0.0101470947265625,-0.02593994140625,-0.0139617919921875,-0.018310546875,-0.01190185546875,-0.0051116943359375,-0.029144287109375,0.068817138671875,0.052032470703125,0.090179443359375,0.10986328125,0.480499267578125,0.156402587890625,0.111541748046875,0.085906982421875,0.09002685546875,0.029449462890625,0.15380859375,0.117034912109375,-0.056915283203125,-0.44921875,0.18585205078125,-1.0186767578125,-2.95245099067688
619,0.3095,-0.0,-0.0,-0.0,-0.0,-0.0,-0.0,-9.165605545043945,-2.9664220809936523,-629.7158203125,-184447.21875,79812.0546875,482.2335205078125,-0.0,-0.0,-0.0,-0.0,-0.0,-0.0,-0.0,-0.0,-0.0,-0.0,-0.0,-0.0,-0.00026702880859375,0.001220703125,0.00102996826171875,0.002593994140625,0.0026702880859375,0.00091552734375,0.00072479248046875,0.0025177001953125,0.00308990478515625,-0.0016021728515625,0.00041961669921875,0.007781982421875,0.00232696533203125,0.00308990478515625,-7.62939453125e-05,0.00492095947265625,0.182952880859375,-0.096588134765625,0.0445556640625,0.092010498046875,0.214080810546875,0.096588134765625,0.10955810546875,0.113677978515625,0.097198486328125,0.110015869140625,0.11474609375,0.10101318359375,-0.887451171875,-1.534423828125,0.9490966796875,-1.07818603515625,1.6208140850067139
620,0.31,-0.0,-0.0,-0.0,-0.0,-0.0,-0.0,-9.099472045898438,-2.8741259574890137,-630.6871337890625,-184621.84375,80362.5078125,577.6041259765625,-0.0,-0.0,-0.0,-0.0,-0.0,-0.0,-0.0,-0.0,-0.0,-0.0,-0.0,-0.0,0.00789642333984375,0.0084686279296875,0.01468658447265625,0.01522064208984375,0.01373291015625,0.01544952392578125,0.00762939453125,0.0241851806640625,0.00698089599609375,0.01010894775390625,0.0252532958984375,0.014495849609375,0.01735687255859375,0.01049041748046875,0.00598907470703125,0.0281524658203125,-0.0091552734375,0.442352294921875,0.0927734375,0.080413818359375,0.235443115234375,0.115966796875,0.059661865234375,0.093536376953125,0.100555419921875,0.075836181640625,0.064697265625,0.055999755859375,0.116119384765625,0.54840087890625,-0.04486083984375,1.034698486328125,8.328269958496094
621,0.3105,-0.0,-0.0,-0.0,-0.0,-0.0,-0.0,-9.255973815917969,-2.4049882888793945,-630.5191040039062,-184667.0,80456.5546875,841.7196655273438,-0.0,-0.0,-0.0,-0.0,-0.0,-0.0,-0.0,-0.0,-0.0,-0.0,-0.0,-0.0,0.0003814697265625,-0.00225067138671875,-0.00141143798828125,-0.00225067138671875,-0.00316619873046875,-0.001220703125,0.00087738037109375,-0.00400543212890625,0.0002288818359375,-0.000457763671875,-0.00095367431640625,-0.006256103515625,-0.00396728515625,-0.00087738037109375,-0.0006103515625,-0.00469207763671875,0.009307861328125,0.227813720703125,-0.010833740234375,0.098724365234375,0.00640869140625,0.061798095703125,0.056915283203125,0.089569091796875,0.09552001953125,0.181121826171875,0.030670166015625,0.0836181640625,1.015777587890625,1.41845703125,-0.684814453125,1.13311767578125,9.547806739807129
622,0.311,-0.0,-0.0,-0.0,-0.0,-0.0,-0.0,-9.723945617675781,-2.319254159927368,-631.3992919921875,-184772.875,80840.875,907.0731811523438,-0.0,-0.0,-0.0,-0.0,-0.0,-0.0,-0.0,-0.0,-0.0,-0.0,-0.0,-0.0,-0.0074005126953125,-0.0101470947265625,-0.01251220703125,-0.01476287841796875,-0.01277923583984375,-0.01522064208984375,-0.00881195068359375,-0.02544403076171875,-0.0054931640625,-0.0103759765625,-0.026092529296875,-0.01377105712890625,-0.01621246337890625,-0.012359619140625,-0.0057220458984375,-0.02925872802734375,-0.24139404296875,-0.094146728515625,0.0750732421875,0.0885009765625,0.019989013671875,0.11199951171875,0.111083984375,0.058135986328125,0.118408203125,0.0433349609375,0.07965087890625,0.1068115234375,-0.368499755859375,-0.48370361328125,0.4449462890625,-0.80718994140625,-0.8182606101036072
623,0.3115,-0.0,-0.0,-0.0,-0.0,-0.0,-0.0,-9.811017990112305,-1.9783453941345215,-633.2515869140625,-184877.234375,81161.7109375,980.1259155273438,-0.0,-0.0,-0.0,-0.0,-0.0,-0.0,-0.0,-0.0,-0.0,-0.0,-0.0,-0.0,0.00110626220703125,0.0008392333984375,0.0012969970703125,0.00316619873046875,0.0025177001953125,0.004119873046875,-0.00034332275390625,0.00293731689453125,0.003509521484375,0.00091552734375,0.002899169921875,0.006866455078125,0.0035858154296875,0.00244140625,0.00030517578125,0.0052642822265625,0.3070068359375,0.099334716796875,-0.057373046875,0.06683349609375,0.015869140625,0.049591064453125,0.10223388671875,0.094146728515625,0.110321044921875,0.07476806640625,0.07598876953125,0.091400146484375,-0.399627685546875,-1.053466796875,0.60791015625,-1.080322265625,-3.2573351860046387
624,0.312,-0.0,-0.0,-0.0,-0.0,-0.0,-0.0,-10.43527889251709,-2.254652976989746,-632.5360107421875,-185402.109375,81387.1875,1206.0692138671875,-0.0,-0.0,-0.0,-0.0,-0.0,-0.0,-0.0,-0.0,-0.0,-0.0,-0.0,-0.0,0.00858306884765625,0.00759124755859375,0.0162506103515625,0.015106201171875,0.01312255859375,0.01556396484375,0.0099945068359375,0.0252532958984375,0.008544921875,0.01190185546875,0.0257110595703125,0.01422882080078125,0.020599365234375,0.0090789794921875,0.006256103515625,0.0304412841796875,0.154266357421875,0.308074951171875,0.043182373046875,0.13671875,0.06561279296875,0.178985595703125,0.086669921875,0.101318359375,0.08636474609375,0.09857177734375,0.15167236328125,0.09918212890625,0.2874755859375,0.6561279296875,-0.01678466796875,1.194915771484375,9.547806739807129
625,0.3125,-0.0,-0.0,-0.0,-0.0,-0.0,-0.0,-10.637682914733887,-2.4443864822387695,-636.1626586914062,-186252.453125,81820.390625,1397.219482421875,-0.0,-0.0,-0.0,-0.0,-0.0,-0.0,-0.0,-0.0,-0.0,-0.0,-0.0,-0.0,0.00041961669921875,0.00133514404296875,-0.00217437744140625,-0.00286102294921875,-0.00091552734375,-0.00034332275390625,-0.00186920166015625,-0.0035858154296875,-0.00057220458984375,0.0020599365234375,-0.00270843505859375,-0.006866455078125,-0.00335693359375,0.00011444091796875,-0.00316619873046875,-0.0046539306640625,0.03997802734375,-0.244293212890625,0.09429931640625,0.120086669921875,0.0457763671875,0.081024169921875,0.12115478515625,0.099334716796875,0.0897216796875,0.105133056640625,0.108642578125,0.085601806640625,1.24176025390625,1.58416748046875,-0.5023193359375,1.2481689453125,9.852691650390625
626,0.313,-0.0,-0.0,-0.0,-0.0,-0.0,-0.0,-10.572894096374512,-2.6278998851776123,-639.5974731445312,-186761.546875,82167.7421875,1235.7681884765625,-0.0,-0.0,-0.0,-0.0,-0.0,-0.0,-0.0,-0.0,-0.0,-0.0,-0.0,-0.0,-0.006256103515625,-0.00713348388671875,-0.0131988525390625,-0.01689910888671875,-0.010223388671875,-0.01567840576171875,-0.0099945068359375,-0.02216339111328125,-0.0072479248046875,-0.01270294189453125,-0.023956298828125,-0.012969970703125,-0.01613616943359375,-0.01163482666015625,-0.00335693359375,-0.03032684326171875,-0.267791748046875,0.483245849609375,-0.081787109375,0.10986328125,0.15869140625,0.08056640625,0.113067626953125,0.111083984375,0.099639892578125,0.105743408203125,0.0738525390625,0.111541748046875,-0.2679443359375,-0.3863525390625,0.2606201171875,-0.5413818359375,-0.5133762359619141
627,0.3135,-0.0,-0.0,-0.0,-0.0,-0.0,-0.0,-10.348419189453125,-2.898343563079834,-643.3363647460938,-187539.484375,82847.8671875,1359.4786376953125,-0.0,-0.0,-0.0,-0.0,-0.0,-0.0,-0.0,-0.0,-0.0,-0.0,-0.0,-0.0,-0.002288818359375,0.00339508056640625,0.0025177001953125,0.00385284423828125,0.00091552734375,0.00270843505859375,0.00164031982421875,0.00370025634765625,0.00072479248046875,-0.0006103515625,0.0048828125,0.00377655029296875,0.00102996826171875,0.00232696533203125,0.00247955322265625,0.005035400390625,0.233306884765625,0.1092529296875,0.233306884765625,0.10986328125,0.10528564453125,-0.011444091796875,0.11077880859375,0.067291259765625,0.11322021484375,0.117950439453125,0.0726318359375,0.138092041015625,-0.788726806640625,-1.2921142578125,0.4742431640625,-1.319732666015625,-0.8182606101036072
628,0.314,-0.0,-0.0,-0.0,-0.0,-0.0,-0.0,-9.699016571044922,-3.3799586296081543,-644.3837280273438,-188285.640625,83219.1015625,1124.942626953125,-0.0,-0.0,-0.0,-0.0,-0.0,-0.0,-0.0,-0.0,-0.0,-0.0,-0.0,-0.0,0.00888824462890625,0.00888824462890625,0.013275146484375,0.0171661376953125,0.012359619140625,0.01613616943359375,0.01033782958984375,0.02376556396484375,0.00782012939453125,0.0099945068359375,0.0262451171875,0.012359619140625,0.0193023681640625,0.0130462646484375,0.0029754638671875,0.030517578125,0.618438720703125,0.003509521484375,0.20721435546875,0.07843017578125,0.08880615234375,0.26580810546875,0.025482177734375,0.092315673828125,0.100250244140625,-0.067596435546875,0.171661376953125,0.118865966796875,0.301361083984375,0.4840087890625,-0.0836181640625,1.31378173828125,7.71850061416626
629,0.3145,-0.0,-0.0,-0.0,-0.0,-0.0,-0.0,-9.677482604980469,-3.076854705810547,-648.2838134765625,-188949.078125,83550.7734375,1176.6256103515625,-0.0,-0.0,-0.0,-0.0,-0.0,-0.0,-0.0,-0.0,-0.0,-0.0,-0.0,-0.0,-0.0003814697265625,-0.00247955322265625,-0.00194549560546875,-0.0020599365234375,-0.0032806396484375,-0.00057220458984375,-0.0005340576171875,-0.00308990478515625,-0.0019073486328125,-0.000152587890625,-0.00133514404296875,-0.005645751953125,-0.00484466552734375,-0.00270843505859375,0.000762939453125,-0.0072479248046875,-0.1739501953125,0.020751953125,0.098724365234375,0.083770751953125,0.000457763671875,0.1312255859375,0.121917724609375,0.11199951171875,0.0830078125,0.121002197265625,0.106658935546875,0.07904052734375,0.830230712890625,1.60888671875,-0.39794921875,1.28509521484375,9.24292278289795
630,0.315,-0.0,-0.0,-0.0,-0.0,-0.0,-0.0,-10.034158706665039,-3.522672176361084,-647.54736328125,-189645.578125,83773.4609375,1227.8311767578125,-0.0,-0.0,-0.0,-0.0,-0.0,-0.0,-0.0,-0.0,-0.0,-0.0,-0.0,-0.0,-0.00667572021484375,-0.0070953369140625,-0.01331329345703125,-0.015716552734375,-0.010986328125,-0.01575469970703125,-0.00705718994140625,-0.02300262451171875,-0.00701904296875,-0.009765625,-0.0229644775390625,-0.01087188720703125,-0.0194549560546875,-0.01033782958984375,-0.0042724609375,-0.02864837646484375,-0.1031494140625,0.200347900390625,0.0250244140625,0.08880615234375,0.257568359375,0.038909912109375,0.125274658203125,0.092315673828125,0.109710693359375,0.2099609375,0.062103271484375,0.058135986328125,0.251312255859375,-0.1568603515625,0.49957275390625,-1.21612548828125,0.09639240801334381
631,0.3155,-0.0,-0.0,-0.0,-0.0,-0.0,-0.0,-10.16172981262207,-3.6924402713775635,-650.1031494140625,-190105.0625,84510.6171875,1280.66748046875,-0.0,-0.0,-0.0,-0.0,-0.0,-0.0,-0.0,-0.0,-0.0,-0.0,-0.0,-0.0,0.00247955322265625,0.00118255615234375,0.0026702880859375,0.00324249267578125,0.00457763671875,0.0026702880859375,0.0014495849609375,0.00518798828125,0.0020599365234375,-0.000762939453125,0.003204345703125,0.00530242919921875,0.0046539306640625,0.00186920166015625,0.00255584716796875,0.00614166259765625,0.355987548828125,-0.0054931640625,0.238494873046875,0.133209228515625,0.1055908203125,0.126495361328125,0.1080322265625,0.124359130859375,0.076904296875,0.116119384765625,0.142822265625,0.10498046875,-0.77056884765625,-1.14837646484375,0.557861328125,-1.10107421875,-0.20849192142486572
632,0.316,-0.0,-0.0,-0.0,-0.0,-0.0,-0.0,-9.97493839263916,-3.633195638656616,-652.490966796875,-190818.71875,85061.3359375,1258.452880859375,-0.0,-0.0,-0.0,-0.0,-0.0,-0.0,-0.0,-0.0,-0.0,-0.0,-0.0,-0.0,0.0095367431640625,0.006256103515625,0.0130462646484375,0.018157958984375,0.0121307373046875,0.01506805419921875,0.011138916015625,0.02330780029296875,0.007171630859375,0.012054443359375,0.025177001953125,0.010986328125,0.01651763916015625,0.013427734375,0.002899169921875,0.02948760986328125,0.38482666015625,0.201568603515625,-0.12359619140625,0.11810302734375,-0.13702392578125,0.0506591796875,0.139923095703125,0.119476318359375,0.086517333984375,0.089263916015625,0.028076171875,0.125732421875,0.564727783203125,0.596923828125,-0.07171630859375,1.1212158203125,8.023386001586914
633,0.3165,-0.0,-0.0,-0.0,-0.0,-0.0,-0.0,-10.017526626586914,-3.853675365447998,-656.3110961914062,-191449.109375,85542.0546875,1103.6795654296875,-0.0,-0.0,-0.0,-0.0,-0.0,-0.0,-0.0,-0.0,-0.0,-0.0,-0.0,-0.0,0.0018310546875,0.00179290771484375,-0.001678466796875,-0.00385284423828125,0.001373291015625,-0.00141143798828125,-0.00164031982421875,-0.00270843505859375,-0.001983642578125,0.0,-0.00457763671875,-0.00072479248046875,-0.00240325927734375,-0.00385284423828125,0.00133514404296875,-0.005645751953125,0.20294189453125,0.07080078125,0.380401611328125,0.09552001953125,0.19683837890625,0.157928466796875,0.09033203125,0.110931396484375,0.1031494140625,0.063323974609375,0.17242431640625,0.107421875,1.21246337890625,1.22161865234375,-0.13458251953125,1.39862060546875,9.24292278289795
634,0.317,-0.0,-0.0,-0.0,-0.0,-0.0,-0.0,-9.587591171264648,-3.8326072692871094,-658.2642211914062,-192351.03125,85949.9140625,1131.182373046875,-0.0,-0.0,-0.0,-0.0,-0.0,-0.0,-0.0,-0.0,-0.0,-0.0,-0.0,-0.0,-0.006256103515625,-0.0081634521484375,-0.01369476318359375,-0.01453399658203125,-0.01251220703125,-0.01583099365234375,-0.00782012939453125,-0.0240325927734375,-0.0074005126953125,-0.0127410888671875,-0.021820068359375,-0.013885498046875,-0.01888275146484375,-0.0078582763671875,-0.00476837158203125,-0.0295257568359375,-0.049896240234375,-0.167236328125,-0.04150390625,0.084686279296875,0.151519775390625,0.1019287109375,0.084381103515625,0.084686279296875,0.108795166015625,0.16998291015625,0.127410888671875,0.05645751953125,-0.292510986328125,-0.47332763671875,0.322265625,-1.107177734375,0.09639240801334381
635,0.3175,-0.0,-0.0,-0.0,-0.0,-0.0,-0.0,-9.503617286682129,-4.063518524169922,-659.4912109375,-192445.046875,86066.5390625,1110.2904052734375,-0.0,-0.0,-0.0,-0.0,-0.0,-0.0,-0.0,-0.0,-0.0,-0.0,-0.0,-0.0,0.00148773193359375,0.00240325927734375,0.00278472900390625,0.0058746337890625,0.0031280517578125,0.00171661376953125,0.0008392333984375,0.00591278076171875,0.0020599365234375,-0.0016021728515625,0.0037384033203125,0.0054931640625,0.006256103515625,-0.00091552734375,0.0028228759765625,0.006256103515625,0.009307861328125,0.326995849609375,0.161285400390625,0.117340087890625,0.152587890625,0.130157470703125,0.090484619140625,0.117950439453125,0.066680908203125,0.095672607421875,0.138092041015625,0.081787109375,-0.9857177734375,-1.09710693359375,0.5963134765625,-0.68756103515625,-0.5133762359619141
636,0.318,-0.0,-0.0,-0.0,-0.0,-0.0,-0.0,-8.647737503051758,-3.642993688583374,-662.3175048828125,-193485.953125,86430.53125,928.1206665039062,-0.0,-0.0,-0.0,-0.0,-0.0,-0.0,-0.0,-0.0,-0.0,-0.0,-0.0,-0.0,0.00919342041015625,0.0081634521484375,0.01178741455078125,0.01667022705078125,0.0130462646484375,0.01277923583984375,0.00980377197265625,0.02422332763671875,0.00682830810546875,0.011749267578125,0.02590179443359375,0.0109100341796875,0.01842498779296875,0.0122833251953125,0.006103515625,0.02796173095703125,0.01556396484375,-0.384063720703125,0.06622314453125,0.08270263671875,0.0726318359375,0.04180908203125,0.11016845703125,0.066986083984375,0.125732421875,0.06072998046875,0.07293701171875,0.101776123046875,0.3814697265625,0.53436279296875,-0.328369140625,1.31011962890625,1.3159297704696655
637,0.3185,-0.0,-0.0,-0.0,-0.0,-0.0,-0.0,-8.947774887084961,-4.094108581542969,-662.0831909179688,-194257.375,86769.75,896.673828125,-0.0,-0.0,-0.0,-0.0,-0.0,-0.0,-0.0,-0.0,-0.0,-0.0,-0.0,-0.0,0.00080108642578125,-0.002899169921875,-0.00133514404296875,-0.00240325927734375,-0.00133514404296875,-0.0035858154296875,-0.001678466796875,-0.00385284423828125,-0.003814697265625,0.000152587890625,-0.0048065185546875,-0.00247955322265625,-0.00583648681640625,-0.00186920166015625,0.0006866455078125,-0.00644683837890625,-0.231475830078125,0.60943603515625,0.028076171875,0.117340087890625,0.139007568359375,0.0921630859375,0.0933837890625,0.102081298828125,0.091400146484375,0.106048583984375,0.071563720703125,0.109100341796875,0.8990478515625,1.40167236328125,-0.4718017578125,0.972137451171875,8.023386001586914
638,0.319,-0.0,-0.0,-0.0,-0.0,-0.0,-0.0,-8.757149696350098,-4.052322864532471,-664.117919921875,-194680.921875,87326.1171875,876.177490234375,-0.0,-0.0,-0.0,-0.0,-0.0,-0.0,-0.0,-0.0,-0.0,-0.0,-0.0,-0.0,-0.00850677490234375,-0.00957489013671875,-0.01171112060546875,-0.0157928466796875,-0.01216888427734375,-0.0141143798828125,-0.00774383544921875,-0.0231170654296875,-0.00858306884765625,-0.01018524169921875,-0.02346038818359375,-0.01255035400390625,-0.0196075439453125,-0.0081634521484375,-0.005645751953125,-0.029449462890625,0.79010009765625,-0.08575439453125,0.02716064453125,0.0848388671875,0.047454833984375,0.08026123046875,0.10711669921875,0.0811767578125,0.11566162109375,0.0982666015625,0.0445556640625,0.121002197265625,-0.146942138671875,-0.40985107421875,0.191650390625,-1.058807373046875,0.09639240801334381
639,0.3195,-0.0,-0.0,-0.0,-0.0,-0.0,-0.0,-9.483490943908691,-4.333745002746582,-664.792236328125,-194986.359375,87723.4921875,988.45166015625,-0.0,-0.0,-0.0,-0.0,-0.0,-0.0,-0.0,-0.0,-0.0,-0.0,-0.0,-0.0,0.0018310546875,0.00316619873046875,0.00278472900390625,0.0057220458984375,0.0028228759765625,0.00263214111328125,0.00217437744140625,0.00530242919921875,0.00213623046875,-0.00057220458984375,0.00659942626953125,0.00583648681640625,0.00522613525390625,0.0026702880859375,0.00080108642578125,0.0078582763671875,0.247802734375,0.105133056640625,0.516510009765625,0.068359375,0.104522705078125,0.178070068359375,0.10772705078125,0.093841552734375,0.101776123046875,0.0457763671875,0.17486572265625,0.100555419921875,-0.706634521484375,-0.914306640625,0.5047607421875,-0.640716552734375,-2.0377979278564453
640,0.32,-0.0,-0.0,-0.0,-0.0,-0.0,-0.0,-9.325854301452637,-4.60746955871582,-668.2164306640625,-195147.96875,88174.71875,920.8329467773438,-0.0,-0.0,-0.0,-0.0,-0.0,-0.0,-0.0,-0.0,-0.0,-0.0,-0.0,-0.0,0.009918212890625,0.00995635986328125,0.0135040283203125,0.015869140625,0.013275146484375,0.015106201171875,0.010223388671875,0.02422332763671875,0.008544921875,0.01277923583984375,0.02429962158203125,0.01373291015625,0.0185394287109375,0.0102996826171875,0.00469207763671875,0.029449462890625,-0.348968505859375,-0.01739501953125,0.24322509765625,0.113372802734375,0.103912353515625,0.1104736328125,0.037994384765625,0.1019287109375,0.115509033203125,0.08026123046875,0.149993896484375,0.089263916015625,0.684051513671875,0.5230712890625,-0.20965576171875,1.4593505859375,7.413616180419922
641,0.3205,-0.0,-0.0,-0.0,-0.0,-0.0,-0.0,-9.765029907226562,-4.422509670257568,-665.09130859375,-195043.859375,88653.5859375,1130.264892578125,-0.0,-0.0,-0.0,-0.0,-0.0,-0.0,-0.0,-0.0,-0.0,-0.0,-0.0,-0.0,0.000457763671875,-0.00164031982421875,-0.00293731689453125,-0.00255584716796875,-0.00354766845703125,-0.00209808349609375,0.00049591064453125,-0.00640869140625,-0.001983642578125,7.62939453125e-05,-0.00553131103515625,-0.0049591064453125,-0.005645751953125,-0.00152587890625,-0.0005340576171875,-0.0070953369140625,0.509033203125,0.16326904296875,0.0640869140625,0.124969482421875,0.113067626953125,0.1263427734375,0.121917724609375,0.106964111328125,0.09002685546875,0.16876220703125,0.028228759765625,0.111846923828125,0.971832275390625,0.931396484375,-0.33935546875,0.89630126953125,7.71850061416626
642,0.321,-0.0,-0.0,-0.0,-0.0,-0.0,-0.0,-10.238719940185547,-3.8735475540161133,-665.55322265625,-195039.703125,88988.2265625,1209.4091796875,-0.0,-0.0,-0.0,-0.0,-0.0,-0.0,-0.0,-0.0,-0.0,-0.0,-0.0,-0.0,-0.00896453857421875,-0.009307861328125,-0.01140594482421875,-0.016326904296875,-0.0125885009765625,-0.015106201171875,-0.00988006591796875,-0.023956298828125,-0.00823974609375,-0.01155853271484375,-0.024261474609375,-0.0128936767578125,-0.01895904541015625,-0.00858306884765625,-0.005340576171875,-0.02956390380859375,0.07354736328125,0.032501220703125,0.084228515625,0.070343017578125,0.108489990234375,0.132598876953125,0.083770751953125,0.085296630859375,0.11138916015625,0.081329345703125,0.09307861328125,0.125885009765625,-0.212554931640625,-0.50811767578125,0.30548095703125,-0.983734130859375,0.40127673745155334
643,0.3215,-0.0,-0.0,-0.0,-0.0,-0.0,-0.0,-11.569382667541504,-3.702695608139038,-665.2802734375,-194905.015625,89131.9453125,1520.490234375,-0.0,-0.0,-0.0,-0.0,-0.0,-0.0,-0.0,-0.0,-0.0,-0.0,-0.0,-0.0,0.00034332275390625,0.0037384033203125,0.0022125244140625,0.0035858154296875,0.0025177001953125,0.00316619873046875,0.00270843505859375,0.00568389892578125,0.0043487548828125,7.62939453125e-05,0.007171630859375,0.0048828125,0.00728607177734375,0.00102996826171875,0.00110626220703125,0.00835418701171875,0.061798095703125,0.305023193359375,0.01312255859375,0.106658935546875,0.0811767578125,0.087738037109375,0.104827880859375,0.09063720703125,0.102691650390625,0.19317626953125,0.11810302734375,0.092620849609375,-0.769805908203125,-0.653076171875,0.4083251953125,-0.673828125,-0.8182606101036072
644,0.322,-0.0,-0.0,-0.0,-0.0,-0.0,-0.0,-12.95586109161377,-3.12741756439209,-665.3599243164062,-195061.921875,89762.3125,1908.1165771484375,-0.0,-0.0,-0.0,-0.0,-0.0,-0.0,-0.0,-0.0,-0.0,-0.0,-0.0,-0.0,0.00873565673828125,0.01007080078125,0.01216888427734375,0.016937255859375,0.014190673828125,0.0127410888671875,0.0089263916015625,0.02536773681640625,0.00640869140625,0.010223388671875,0.02712249755859375,0.0154876708984375,0.01636505126953125,0.011138916015625,0.0054168701171875,0.0304412841796875,-0.286712646484375,-0.086669921875,0.284881591796875,0.17730712890625,0.14434814453125,0.132293701171875,0.096588134765625,0.1324462890625,0.053558349609375,0.05889892578125,0.099029541015625,0.052490234375,0.431060791015625,0.82672119140625,-0.06683349609375,1.16729736328125,8.93803882598877
645,0.3225,-0.0,-0.0,-0.0,-0.0,-0.0,-0.0,-13.916839599609375,-3.3180906772613525,-666.8356323242188,-195326.796875,89886.65625,2326.865478515625,-0.0,-0.0,-0.0,-0.0,-0.0,-0.0,-0.0,-0.0,-0.0,-0.0,-0.0,-0.0,-0.00041961669921875,-0.0026702880859375,-0.00286102294921875,-0.0022125244140625,-0.001678466796875,-0.00484466552734375,-0.00324249267578125,-0.00396728515625,-0.00354766845703125,-0.002288818359375,-0.008392333984375,-0.0029754638671875,-0.01007080078125,-0.00308990478515625,0.00064849853515625,-0.008087158203125,0.269012451171875,0.018157958984375,-0.0799560546875,0.13214111328125,0.07049560546875,0.069122314453125,0.126495361328125,0.140228271484375,0.07232666015625,0.039215087890625,0.064544677734375,0.059356689453125,0.684661865234375,0.68817138671875,-0.17547607421875,0.66650390625,7.413616180419922
646,0.323,-0.0,-0.0,-0.0,-0.0,-0.0,-0.0,-14.569920539855957,-3.1599299907684326,-665.6309204101562,-195666.546875,90420.1484375,2392.31884765625,-0.0,-0.0,-0.0,-0.0,-0.0,-0.0,-0.0,-0.0,-0.0,-0.0,-0.0,-0.0,-0.00637054443359375,-0.00728607177734375,-0.0133514404296875,-0.01552581787109375,-0.01041412353515625,-0.01407623291015625,-0.0096893310546875,-0.02468109130859375,-0.0045013427734375,-0.011138916015625,-0.02437591552734375,-0.01697540283203125,-0.01575469970703125,-0.0127410888671875,-0.0028228759765625,-0.027923583984375,0.5535888671875,0.042572021484375,0.261688232421875,0.113525390625,0.082244873046875,0.177764892578125,0.092315673828125,0.1080322265625,0.07720947265625,0.12481689453125,0.1348876953125,0.100860595703125,0.183258056640625,-0.32501220703125,-0.279541015625,-1.020050048828125,1.0110454559326172
647,0.3235,-0.0,-0.0,-0.0,-0.0,-0.0,-0.0,-14.967218399047852,-3.0908215045928955,-665.8239135742188,-195572.59375,90568.0703125,2467.962646484375,-0.0,-0.0,-0.0,-0.0,-0.0,-0.0,-0.0,-0.0,-0.0,-0.0,-0.0,-0.0,0.00240325927734375,0.00156402587890625,0.00408172607421875,0.00396728515625,0.0023651123046875,0.0034332275390625,0.00225067138671875,0.00537872314453125,0.0018310546875,0.00293731689453125,0.009765625,0.00583648681640625,0.00896453857421875,0.003204345703125,0.0011444091796875,0.005950927734375,-0.21820068359375,-0.319671630859375,0.110626220703125,0.1220703125,0.1025390625,0.09765625,0.042266845703125,0.076446533203125,0.113067626953125,-0.101165771484375,0.14556884765625,0.10650634765625,-0.37322998046875,-0.44097900390625,0.52642822265625,-0.35247802734375,0.09639240801334381
648,0.324,-0.0,-0.0,-0.0,-0.0,-0.0,-0.0,-14.296051979064941,-2.711744785308838,-667.8984375,-195580.046875,90804.7265625,2734.055419921875,-0.0,-0.0,-0.0,-0.0,-0.0,-0.0,-0.0,-0.0,-0.0,-0.0,-0.0,-0.0,0.00629425048828125,0.01132965087890625,0.01293182373046875,0.0168609619140625,0.014495849609375,0.0157928466796875,0.01148223876953125,0.02239227294921875,0.0084686279296875,0.0110626220703125,0.02468109130859375,0.0148773193359375,0.01911163330078125,0.01003265380859375,0.0040435791015625,0.02941131591796875,0.435333251953125,0.30242919921875,0.131683349609375,0.07720947265625,0.127716064453125,0.130767822265625,0.102691650390625,0.087432861328125,0.117340087890625,0.146026611328125,0.114898681640625,0.125732421875,0.26275634765625,0.73516845703125,0.04425048828125,1.378936767578125,2.5354671478271484
649,0.3245,-0.0,-0.0,-0.0,-0.0,-0.0,-0.0,-14.788948059082031,-2.346585750579834,-668.05810546875,-196132.703125,90469.59375,2649.722412109375,-0.0,-0.0,-0.0,-0.0,-0.0,-0.0,-0.0,-0.0,-0.0,-0.0,-0.0,-0.0,-0.00118255615234375,-0.00274658203125,-0.0006103515625,-0.0029754638671875,-0.0023651123046875,-0.00232696533203125,-0.002593994140625,-0.00659942626953125,-0.00339508056640625,-0.00102996826171875,-0.00804901123046875,-0.0070953369140625,-0.00720977783203125,-0.003509521484375,-0.0003814697265625,-0.00759124755859375,0.129547119140625,0.376739501953125,0.027313232421875,0.089263916015625,0.1434326171875,0.124359130859375,0.09765625,0.11627197265625,0.097198486328125,0.11749267578125,0.07232666015625,0.095367431640625,0.80352783203125,0.73516845703125,-0.45654296875,0.526275634765625,8.328269958496094
650,0.325,-0.0,-0.0,-0.0,-0.0,-0.0,-0.0,-13.689093589782715,-2.3163280487060547,-669.1970825195312,-196434.8125,90383.7265625,2493.315185546875,-0.0,-0.0,-0.0,-0.0,-0.0,-0.0,-0.0,-0.0,-0.0,-0.0,-0.0,-0.0,-0.008087158203125,-0.00812530517578125,-0.01163482666015625,-0.01636505126953125,-0.01110076904296875,-0.0146484375,-0.00736236572265625,-0.02410888671875,-0.00728607177734375,-0.0099945068359375,-0.0234222412109375,-0.01605987548828125,-0.0156402587890625,-0.0104522705078125,-0.00701904296875,-0.02826690673828125,0.590972900390625,0.183258056640625,0.313262939453125,0.104827880859375,0.031280517578125,0.112762451171875,0.1055908203125,0.09552001953125,0.087738037109375,0.103759765625,0.09857177734375,0.111541748046875,-0.149078369140625,-0.25054931640625,0.03448486328125,-0.75958251953125,-13.318517684936523
651,0.3255,-0.0,-0.0,-0.0,-0.0,-0.0,-0.0,-12.281082153320312,-1.8421440124511719,-670.4141845703125,-196792.78125,90329.9140625,2162.185546875,-0.0,-0.0,-0.0,-0.0,-0.0,-0.0,-0.0,-0.0,-0.0,-0.0,-0.0,-0.0,0.00141143798828125,0.00095367431640625,0.0032806396484375,0.005035400390625,0.002593994140625,0.001678466796875,0.00301361083984375,0.0066375732421875,0.001373291015625,0.0016021728515625,0.00904083251953125,0.00652313232421875,0.00514984130859375,0.00423431396484375,0.00133514404296875,0.00713348388671875,-0.3668212890625,-0.095672607421875,0.008087158203125,0.041046142578125,0.057373046875,0.0189208984375,0.11383056640625,0.046844482421875,0.135345458984375,0.11444091796875,0.1226806640625,0.117645263671875,-0.51483154296875,-0.3240966796875,0.5950927734375,-0.645599365234375,4.05988883972168
652,0.326,-0.0,-0.0,-0.0,-0.0,-0.0,-0.0,-10.863890647888184,-2.099581480026245,-670.8056640625,-196897.59375,90295.3828125,1852.9541015625,-0.0,-0.0,-0.0,-0.0,-0.0,-0.0,-0.0,-0.0,-0.0,-0.0,-0.0,-0.0,0.0086212158203125,0.0078582763671875,0.0119781494140625,0.0162506103515625,0.01190185546875,0.01590728759765625,0.0086212158203125,0.0254058837890625,0.00888824462890625,0.009613037109375,0.02483367919921875,0.01438140869140625,0.018310546875,0.00972747802734375,0.00614166259765625,0.02979278564453125,0.46112060546875,-0.021209716796875,0.059661865234375,0.046539306640625,0.123748779296875,0.0634765625,0.047149658203125,0.100555419921875,0.10589599609375,0.013885498046875,0.126190185546875,0.108489990234375,0.401611328125,0.487060546875,0.2020263671875,1.04461669921875,9.24292278289795
653,0.3265,-0.0,-0.0,-0.0,-0.0,-0.0,-0.0,-10.278946876525879,-1.4363338947296143,-672.45458984375,-197371.828125,90364.2265625,1518.6427001953125,-0.0,-0.0,-0.0,-0.0,-0.0,-0.0,-0.0,-0.0,-0.0,-0.0,-0.0,-0.0,-0.00133514404296875,-0.0005340576171875,-0.00339508056640625,-0.00431060791015625,-0.0032806396484375,-0.00400543212890625,-0.00225067138671875,-0.00652313232421875,-0.00072479248046875,-0.0020599365234375,-0.009307861328125,-0.0067901611328125,-0.0087738037109375,-0.00278472900390625,-0.0023651123046875,-0.0074005126953125,-0.409393310546875,0.16143798828125,0.160980224609375,0.054931640625,0.14678955078125,0.05828857421875,0.11016845703125,0.082855224609375,0.114288330078125,0.20599365234375,0.055084228515625,0.08087158203125,0.737762451171875,0.54779052734375,-0.3900146484375,0.81329345703125,8.633153915405273
654,0.327,-0.0,-0.0,-0.0,-0.0,-0.0,-0.0,-9.83281135559082,-1.7629700899124146,-672.0595703125,-196954.09375,90082.2109375,1570.195556640625,-0.0,-0.0,-0.0,-0.0,-0.0,-0.0,-0.0,-0.0,-0.0,-0.0,-0.0,-0.0,-0.0080108642578125,-0.00751495361328125,-0.010986328125,-0.01636505126953125,-0.01377105712890625,-0.0133514404296875,-0.0087738037109375,-0.02353668212890625,-0.00843048095703125,-0.01041412353515625,-0.025482177734375,-0.012969970703125,-0.01712799072265625,-0.01140594482421875,-0.0046539306640625,-0.02948760986328125,0.0689697265625,0.09735107421875,-0.11932373046875,0.070648193359375,0.133514404296875,0.059814453125,0.097503662109375,0.0628662109375,0.13641357421875,0.07843017578125,0.070343017578125,0.100860595703125,-0.430755615234375,-0.67138671875,0.3594970703125,-0.777435302734375,0.40127673745155334
655,0.3275,-0.0,-0.0,-0.0,-0.0,-0.0,-0.0,-9.76314926147461,-1.7434394359588623,-671.3871459960938,-197053.34375,90085.78125,1612.23291015625,-0.0,-0.0,-0.0,-0.0,-0.0,-0.0,-0.0,-0.0,-0.0,-0.0,-0.0,-0.0,0.0025177001953125,0.0030517578125,0.00400543212890625,0.00461578369140625,0.00385284423828125,0.00469207763671875,0.00278472900390625,0.00858306884765625,0.00091552734375,0.001220703125,0.01201629638671875,0.0028228759765625,0.0093841552734375,0.00244140625,0.0025177001953125,0.00820159912109375,0.34332275390625,-0.092926025390625,0.168304443359375,0.1531982421875,0.095672607421875,0.17059326171875,0.097198486328125,0.106201171875,0.07598876953125,0.146942138671875,0.1226806640625,0.089569091796875,-0.644989013671875,-0.3179931640625,0.0592041015625,-0.3363037109375,-0.5133762359619141
656,0.328,-0.0,-0.0,-0.0,-0.0,-0.0,-0.0,-9.74347972869873,-2.239325523376465,-672.5757446289062,-197026.515625,89819.3828125,1813.631591796875,-0.0,-0.0,-0.0,-0.0,-0.0,-0.0,-0.0,-0.0,-0.0,-0.0,-0.0,-0.0,0.0074005126953125,0.00873565673828125,0.01445770263671875,0.01522064208984375,0.012664794921875,0.015106201171875,0.00919342041015625,0.0226593017578125,0.0081634521484375,0.0128173828125,0.02475738525390625,0.0128173828125,0.01766204833984375,0.0128173828125,0.0018310546875,0.0292205810546875,0.104522705078125,0.32196044921875,0.127105712890625,0.1727294921875,0.020599365234375,0.153350830078125,0.1031494140625,0.15228271484375,0.045013427734375,0.012664794921875,0.13336181640625,0.066070556640625,0.323028564453125,0.64178466796875,-0.14251708984375,1.306304931640625,8.633153915405273
657,0.3285,-0.0,-0.0,-0.0,-0.0,-0.0,-0.0,-10.356463432312012,-1.8214749097824097,-671.39501953125,-197174.875,89723.609375,2012.4423828125,-0.0,-0.0,-0.0,-0.0,-0.0,-0.0,-0.0,-0.0,-0.0,-0.0,-0.0,-0.0,-0.0028228759765625,-0.00202178955078125,-0.0032806396484375,-0.0034332275390625,-0.004425048828125,-0.0029754638671875,-0.00331878662109375,-0.00865936279296875,-0.00278472900390625,-0.00209808349609375,-0.0095367431640625,-0.0042724609375,-0.00972747802734375,-0.00392913818359375,-0.00019073486328125,-0.0086212158203125,-0.504302978515625,0.107421875,-0.035400390625,0.0909423828125,0.12115478515625,0.092010498046875,0.110626220703125,0.1373291015625,0.09033203125,0.07171630859375,0.059051513671875,0.09552001953125,0.607757568359375,0.42633056640625,-0.19775390625,0.781402587890625,8.023386001586914
658,0.329,-0.0,-0.0,-0.0,-0.0,-0.0,-0.0,-11.100897789001465,-1.6547178030014038,-671.7942504882812,-197087.796875,89902.9921875,2226.38232421875,-0.0,-0.0,-0.0,-0.0,-0.0,-0.0,-0.0,-0.0,-0.0,-0.0,-0.0,-0.0,-0.00797271728515625,-0.00762939453125,-0.01300811767578125,-0.0157928466796875,-0.01316070556640625,-0.01434326171875,-0.0067901611328125,-0.0238037109375,-0.00820159912109375,-0.00904083251953125,-0.0231170654296875,-0.0112152099609375,-0.01888275146484375,-0.01003265380859375,-0.00438690185546875,-0.02864837646484375,0.406646728515625,-0.02288818359375,0.09185791015625,0.098876953125,0.15472412109375,0.027008056640625,0.092926025390625,0.082244873046875,0.123291015625,0.070343017578125,0.0115966796875,0.124969482421875,-0.05767822265625,-0.41168212890625,0.401611328125,-1.000823974609375,-0.5133762359619141
659,0.3295,-0.0,-0.0,-0.0,-0.0,-0.0,-0.0,-11.372931480407715,-1.5731178522109985,-671.8720092773438,-197453.1875,89638.90625,2367.75830078125,-0.0,-0.0,-0.0,-0.0,-0.0,-0.0,-0.0,-0.0,-0.0,-0.0,-0.0,-0.0,0.00301361083984375,0.0026702880859375,0.00514984130859375,0.0048828125,0.00576019287109375,0.00324249267578125,0.0030517578125,0.0104522705078125,0.00270843505859375,0.003509521484375,0.012359619140625,0.00331878662109375,0.0086212158203125,0.0029754638671875,0.0031280517578125,0.0086212158203125,-0.904998779296875,0.512237548828125,0.031280517578125,0.17974853515625,0.141143798828125,0.1593017578125,0.10345458984375,0.12847900390625,0.063629150390625,0.17547607421875,0.102691650390625,0.0775146484375,-0.123443603515625,-0.179443359375,0.01922607421875,-0.36773681640625,0.09639240801334381
660,0.33,-0.0,-0.0,-0.0,-0.0,-0.0,-0.0,-10.845189094543457,-1.2984974384307861,-670.8894653320312,-197416.140625,89727.921875,2190.8095703125,-0.0,-0.0,-0.0,-0.0,-0.0,-0.0,-0.0,-0.0,-0.0,-0.0,-0.0,-0.0,0.0081634521484375,0.00720977783203125,0.01270294189453125,0.01667022705078125,0.0095367431640625,0.01506805419921875,0.011749267578125,0.0234222412109375,0.0055694580078125,0.0116729736328125,0.02532958984375,0.01434326171875,0.01735687255859375,0.01064300537109375,0.0074005126953125,0.0289154052734375,0.971527099609375,-0.375213623046875,0.16326904296875,0.106353759765625,0.07781982421875,0.124969482421875,0.101470947265625,0.086517333984375,0.091400146484375,0.1116943359375,0.188446044921875,0.115203857421875,0.3033447265625,0.811767578125,-0.11383056640625,1.154327392578125,7.413616180419922
661,0.3305,-0.0,-0.0,-0.0,-0.0,-0.0,-0.0,-11.086977005004883,-1.4193358421325684,-669.3519897460938,-197230.25,89716.3046875,2273.99853515625,-0.0,-0.0,-0.0,-0.0,-0.0,-0.0,-0.0,-0.0,-0.0,-0.0,-0.0,-0.0,-0.00209808349609375,-0.0003814697265625,-0.0048065185546875,-0.00415802001953125,-0.00133514404296875,-0.0035858154296875,-0.0035858154296875,-0.005340576171875,-0.00225067138671875,-0.0048065185546875,-0.0092315673828125,-0.0008392333984375,-0.008392333984375,-0.0032806396484375,0.00087738037109375,-0.0090789794921875,0.573577880859375,0.291595458984375,0.18798828125,0.074462890625,0.161895751953125,0.09063720703125,0.103607177734375,0.125579833984375,0.1019287109375,0.15167236328125,0.129852294921875,0.13336181640625,0.428314208984375,0.33050537109375,-0.05462646484375,0.6182861328125,7.71850061416626
662,0.331,-0.0,-0.0,-0.0,-0.0,-0.0,-0.0,-10.456740379333496,-1.1014149188995361,-669.57861328125,-196916.6875,89215.65625,2341.0859375,-0.0,-0.0,-0.0,-0.0,-0.0,-0.0,-0.0,-0.0,-0.0,-0.0,-0.0,-0.0,-0.0067138671875,-0.0095367431640625,-0.01239776611328125,-0.01491546630859375,-0.01018524169921875,-0.0151824951171875,-0.01331329345703125,-0.02246856689453125,-0.0067138671875,-0.00988006591796875,-0.0252532958984375,-0.01384735107421875,-0.0170135498046875,-0.01251220703125,-0.00522613525390625,-0.0287628173828125,-0.11474609375,0.379180908203125,0.0189208984375,0.0732421875,0.07354736328125,0.0689697265625,0.137481689453125,0.113067626953125,0.099334716796875,-0.008392333984375,0.098419189453125,0.12664794921875,0.029449462890625,-0.7330322265625,0.30181884765625,-1.18560791015625,2.5354671478271484
663,0.3315,-0.0,-0.0,-0.0,-0.0,-0.0,-0.0,-11.056026458740234,-0.7320835590362549,-669.6804809570312,-196976.828125,88962.0390625,2416.76953125,-0.0,-0.0,-0.0,-0.0,-0.0,-0.0,-0.0,-0.0,-0.0,-0.0,-0.0,-0.0,0.002288818359375,0.00194549560546875,0.00308990478515625,0.00568389892578125,0.00331878662109375,0.003814697265625,0.0066375732421875,0.0060272216796875,0.00339508056640625,0.00476837158203125,0.0122833251953125,0.00171661376953125,0.0092315673828125,0.0054931640625,0.00087738037109375,0.00919342041015625,-0.119781494140625,0.053253173828125,0.03692626953125,0.0384521484375,0.05279541015625,0.096893310546875,0.081024169921875,0.070953369140625,0.1416015625,0.08148193359375,0.038604736328125,0.0897216796875,0.05035400390625,-0.09002685546875,0.1434326171875,-0.279693603515625,0.7061610817909241
664,0.332,-0.0,-0.0,-0.0,-0.0,-0.0,-0.0,-10.959639549255371,-0.7832012176513672,-669.1781005859375,-196747.0,89122.59375,2602.765869140625,-0.0,-0.0,-0.0,-0.0,-0.0,-0.0,-0.0,-0.0,-0.0,-0.0,-0.0,-0.0,0.00888824462890625,0.009613037109375,0.01251220703125,0.01560211181640625,0.01007080078125,0.01697540283203125,0.00957489013671875,0.0232696533203125,0.00843048095703125,0.01117706298828125,0.02567291259765625,0.0124359130859375,0.0191497802734375,0.01129150390625,0.00579833984375,0.02704620361328125,0.24017333984375,-0.1507568359375,-0.119171142578125,0.075836181640625,0.1373291015625,0.10955810546875,0.052032470703125,0.06744384765625,0.120086669921875,0.161895751953125,0.05157470703125,0.06500244140625,0.254364013671875,0.92681884765625,-0.11749267578125,1.39678955078125,8.023386001586914
665,0.3325,-0.0,-0.0,-0.0,-0.0,-0.0,-0.0,-10.964631080627441,-0.586133599281311,-668.548583984375,-197038.109375,89059.2578125,2700.47412109375,-0.0,-0.0,-0.0,-0.0,-0.0,-0.0,-0.0,-0.0,-0.0,-0.0,-0.0,-0.0,-0.002899169921875,-0.00293731689453125,-0.00270843505859375,-0.00400543212890625,-0.0035858154296875,-0.005645751953125,-0.00049591064453125,-0.00720977783203125,-0.0029754638671875,-0.00270843505859375,-0.01064300537109375,-0.0048065185546875,-0.0113677978515625,-0.003204345703125,-0.0026702880859375,-0.0087738037109375,-0.2435302734375,0.179595947265625,0.43182373046875,0.11688232421875,0.133209228515625,0.112762451171875,0.069122314453125,0.127716064453125,0.07843017578125,0.102386474609375,0.1025390625,0.069427490234375,0.55938720703125,0.41046142578125,0.0,0.224456787109375,6.498963356018066
666,0.333,-0.0,-0.0,-0.0,-0.0,-0.0,-0.0,-11.221671104431152,-0.8398460149765015,-667.86328125,-197331.734375,88697.1875,2826.239501953125,-0.0,-0.0,-0.0,-0.0,-0.0,-0.0,-0.0,-0.0,-0.0,-0.0,-0.0,-0.0,-0.0087738037109375,-0.00835418701171875,-0.01186370849609375,-0.01491546630859375,-0.0107574462890625,-0.01613616943359375,-0.01129150390625,-0.02246856689453125,-0.00926971435546875,-0.0128173828125,-0.02475738525390625,-0.0104522705078125,-0.01918792724609375,-0.01216888427734375,-0.0054931640625,-0.02796173095703125,-0.32318115234375,0.135650634765625,0.15350341796875,0.121917724609375,0.190277099609375,0.092620849609375,0.1153564453125,0.12359619140625,0.095367431640625,0.0054931640625,0.07354736328125,0.039520263671875,-0.346527099609375,-0.75439453125,0.325927734375,-1.360931396484375,-1.732913613319397
667,0.3335,-0.0,-0.0,-0.0,-0.0,-0.0,-0.0,-10.864909172058105,-1.351060152053833,-670.056640625,-197639.65625,88961.140625,2673.424560546875,-0.0,-0.0,-0.0,-0.0,-0.0,-0.0,-0.0,-0.0,-0.0,-0.0,-0.0,-0.0,0.0035858154296875,0.0025177001953125,0.00240325927734375,0.00518798828125,0.003814697265625,0.0057220458984375,0.00247955322265625,0.0080108642578125,0.0035858154296875,0.0043487548828125,0.01338958740234375,0.00278472900390625,0.01277923583984375,0.00461578369140625,0.00091552734375,0.00965118408203125,-0.10284423828125,-0.251007080078125,-0.10498046875,0.13519287109375,-0.016326904296875,0.12542724609375,0.11688232421875,0.0836181640625,0.098724365234375,-0.0201416015625,0.091094970703125,0.07110595703125,-0.062103271484375,0.02227783203125,0.13153076171875,0.032196044921875,-0.20849192142486572
668,0.334,-0.0,-0.0,-0.0,-0.0,-0.0,-0.0,-10.020379066467285,-1.8012936115264893,-669.9082641601562,-197694.9375,88449.375,2542.277099609375,-0.0,-0.0,-0.0,-0.0,-0.0,-0.0,-0.0,-0.0,-0.0,-0.0,-0.0,-0.0,0.00949859619140625,0.00980377197265625,0.01331329345703125,0.01667022705078125,0.0128173828125,0.0168609619140625,0.0093841552734375,0.0226593017578125,0.0083160400390625,0.01064300537109375,0.0249481201171875,0.01422882080078125,0.0197601318359375,0.01102447509765625,0.0038909912109375,0.02872467041015625,0.603485107421875,0.269927978515625,0.2532958984375,0.131072998046875,0.1239013671875,0.163421630859375,0.083770751953125,0.120391845703125,0.083160400390625,0.17303466796875,0.18096923828125,0.12176513671875,0.18951416015625,0.80596923828125,0.04852294921875,1.5484619140625,8.328269958496094
669,0.3345,-0.0,-0.0,-0.0,-0.0,-0.0,-0.0,-9.151384353637695,-1.768006682395935,-672.36474609375,-198279.296875,88335.0859375,2332.777099609375,-0.0,-0.0,-0.0,-0.0,-0.0,-0.0,-0.0,-0.0,-0.0,-0.0,-0.0,-0.0,-0.002593994140625,-0.00102996826171875,-0.0041961669921875,-0.00507354736328125,-0.0018310546875,-0.004425048828125,-0.00591278076171875,-0.0074005126953125,-0.0022125244140625,-0.00408172607421875,-0.01239776611328125,-0.00560760498046875,-0.01190185546875,-0.00408172607421875,-0.0002288818359375,-0.01007080078125,0.169525146484375,0.157470703125,0.065155029296875,0.069427490234375,0.109405517578125,0.002899169921875,0.0885009765625,0.102081298828125,0.101318359375,0.058746337890625,0.109100341796875,0.137176513671875,0.2899169921875,-0.2587890625,-0.18402099609375,-0.06378173828125,6.1940789222717285
670,0.335,-0.0,-0.0,-0.0,-0.0,-0.0,-0.0,-8.281631469726562,-2.1576790809631348,-671.82177734375,-198554.0,88071.390625,2130.084716796875,-0.0,-0.0,-0.0,-0.0,-0.0,-0.0,-0.0,-0.0,-0.0,-0.0,-0.0,-0.0,-0.007476806640625,-0.007476806640625,-0.01300811767578125,-0.01491546630859375,-0.01171112060546875,-0.01434326171875,-0.00980377197265625,-0.0244903564453125,-0.00446319580078125,-0.01110076904296875,-0.02410888671875,-0.01506805419921875,-0.015716552734375,-0.00965118408203125,-0.00629425048828125,-0.0287628173828125,-0.0836181640625,0.260162353515625,0.32073974609375,0.080108642578125,0.083770751953125,0.095367431640625,0.08331298828125,0.072174072265625,0.122222900390625,0.03326416015625,0.057525634765625,0.127105712890625,-0.31280517578125,-0.67718505859375,0.2886962890625,-1.009979248046875,-2.342682361602783
671,0.3355,-0.0,-0.0,-0.0,-0.0,-0.0,-0.0,-8.032299041748047,-2.5141475200653076,-672.45458984375,-198668.015625,88256.1171875,2134.630615234375,-0.0,-0.0,-0.0,-0.0,-0.0,-0.0,-0.0,-0.0,-0.0,-0.0,-0.0,-0.0,0.00286102294921875,0.0032806396484375,0.0049591064453125,0.00438690185546875,0.00423431396484375,0.00537872314453125,0.0040435791015625,0.0078582763671875,0.002593994140625,0.00812530517578125,0.01285552978515625,0.0043487548828125,0.0148773193359375,0.0031280517578125,0.00156402587890625,0.00972747802734375,-0.538482666015625,0.101318359375,-0.06439208984375,0.069427490234375,0.1141357421875,0.09033203125,0.0958251953125,0.083465576171875,0.12237548828125,0.0994873046875,0.093841552734375,0.118865966796875,0.174713134765625,0.47821044921875,0.1336669921875,0.41717529296875,-1.1231448650360107
672,0.336,-0.0,-0.0,-0.0,-0.0,-0.0,-0.0,-8.438109397888184,-2.262106418609619,-673.441162109375,-199140.90625,88081.1171875,2263.009033203125,-0.0,-0.0,-0.0,-0.0,-0.0,-0.0,-0.0,-0.0,-0.0,-0.0,-0.0,-0.0,0.00701904296875,0.00965118408203125,0.0128936767578125,0.0165557861328125,0.01102447509765625,0.0152587890625,0.0109100341796875,0.02315521240234375,0.0055694580078125,0.010833740234375,0.02689361572265625,0.014190673828125,0.01567840576171875,0.01163482666015625,0.0045013427734375,0.0302886962890625,0.349884033203125,-0.088348388671875,0.18157958984375,0.076904296875,0.129852294921875,0.07171630859375,0.09246826171875,0.1043701171875,0.09674072265625,0.1055908203125,0.064697265625,0.089874267578125,0.49896240234375,0.86029052734375,-0.230712890625,1.242828369140625,6.498963356018066
673,0.3365,-0.0,-0.0,-0.0,-0.0,-0.0,-0.0,-8.063071250915527,-2.123380184173584,-673.51416015625,-199390.84375,87737.984375,2182.253662109375,-0.0,-0.0,-0.0,-0.0,-0.0,-0.0,-0.0,-0.0,-0.0,-0.0,-0.0,-0.0,-0.003509521484375,-0.00125885009765625,-0.00244140625,-0.00629425048828125,-0.003204345703125,-0.00400543212890625,-0.00438690185546875,-0.00713348388671875,-0.0014495849609375,-0.00263214111328125,-0.0124359130859375,-0.00213623046875,-0.01384735107421875,-0.0040435791015625,-0.00156402587890625,-0.00957489013671875,0.554656982421875,0.153656005859375,0.0372314453125,0.0994873046875,0.0921630859375,0.128326416015625,0.106658935546875,0.142364501953125,0.06805419921875,0.133056640625,0.16387939453125,0.113372802734375,0.6268310546875,-0.00518798828125,-0.06927490234375,-0.192718505859375,7.108732223510742
674,0.337,-0.0,-0.0,-0.0,-0.0,-0.0,-0.0,-8.598495483398438,-1.9927971363067627,-674.1480102539062,-199047.5625,87249.984375,2450.854248046875,-0.0,-0.0,-0.0,-0.0,-0.0,-0.0,-0.0,-0.0,-0.0,-0.0,-0.0,-0.0,-0.0086212158203125,-0.0078582763671875,-0.0113677978515625,-0.01674652099609375,-0.01178741455078125,-0.015411376953125,-0.00789642333984375,-0.02140045166015625,-0.0110626220703125,-0.01293182373046875,-0.024566650390625,-0.01277923583984375,-0.017852783203125,-0.01079559326171875,-0.003662109375,-0.0276947021484375,0.06195068359375,-0.0823974609375,0.305938720703125,0.08514404296875,0.089263916015625,0.180816650390625,0.069427490234375,0.084228515625,0.108795166015625,0.050201416015625,0.116729736328125,0.11810302734375,-0.630340576171875,-0.689697265625,0.39703369140625,-1.042938232421875,-1.1231448650360107
675,0.3375,-0.0,-0.0,-0.0,-0.0,-0.0,-0.0,-8.493227005004883,-1.30246102809906,-672.8723754882812,-199087.65625,87629.7109375,2398.90673828125,-0.0,-0.0,-0.0,-0.0,-0.0,-0.0,-0.0,-0.0,-0.0,-0.0,-0.0,-0.0,0.00492095947265625,0.0018310546875,0.004730224609375,0.00606536865234375,0.00324249267578125,0.00461578369140625,0.00514984130859375,0.00904083251953125,0.0014495849609375,0.00614166259765625,0.0121307373046875,0.00347137451171875,0.01468658447265625,0.0042724609375,0.001373291015625,0.01064300537109375,-0.0531005859375,0.107269287109375,0.184173583984375,0.123291015625,0.142364501953125,0.1031494140625,0.0872802734375,0.09124755859375,0.105743408203125,0.0872802734375,0.1220703125,0.08087158203125,-0.11932373046875,0.0531005859375,0.28228759765625,0.3509521484375,-1.1231448650360107
676,0.338,-0.0,-0.0,-0.0,-0.0,-0.0,-0.0,-8.707891464233398,-1.228110671043396,-672.8859252929688,-199322.984375,87242.3515625,2498.649658203125,-0.0,-0.0,-0.0,-0.0,-0.0,-0.0,-0.0,-0.0,-0.0,-0.0,-0.0,-0.0,0.0109100341796875,0.00812530517578125,0.01102447509765625,0.0154876708984375,0.0122833251953125,0.01544952392578125,0.00827789306640625,0.0235748291015625,0.00675201416015625,0.013427734375,0.02346038818359375,0.01300811767578125,0.02025604248046875,0.01018524169921875,0.00507354736328125,0.02758026123046875,0.353546142578125,-0.09735107421875,-0.01800537109375,0.10345458984375,0.154266357421875,0.095977783203125,0.052947998046875,0.106658935546875,0.07843017578125,0.0079345703125,0.07049560546875,0.041351318359375,0.46905517578125,0.73089599609375,-0.255126953125,1.273345947265625,6.498963356018066
677,0.3385,-0.0,-0.0,-0.0,-0.0,-0.0,-0.0,-8.866740226745605,-1.1225202083587646,-671.748291015625,-199691.125,86877.125,2603.8388671875,-0.0,-0.0,-0.0,-0.0,-0.0,-0.0,-0.0,-0.0,-0.0,-0.0,-0.0,-0.0,-0.0032806396484375,-0.0006866455078125,-0.00431060791015625,-0.00316619873046875,-0.00461578369140625,-0.00370025634765625,-0.0034332275390625,-0.00980377197265625,-0.00148773193359375,-0.0041961669921875,-0.01125335693359375,-0.0058746337890625,-0.01049041748046875,-0.0035858154296875,-0.00255584716796875,-0.00904083251953125,-0.5780029296875,0.49957275390625,-0.034027099609375,0.110626220703125,0.33050537109375,0.091705322265625,0.10162353515625,0.11871337890625,0.082855224609375,0.1416015625,0.103759765625,0.050811767578125,0.19073486328125,-0.23773193359375,-0.06378173828125,-0.17578125,5.279426097869873
678,0.339,-0.0,-0.0,-0.0,-0.0,-0.0,-0.0,-8.225387573242188,-1.3189513683319092,-672.9469604492188,-199086.71875,86458.234375,2539.126220703125,-0.0,-0.0,-0.0,-0.0,-0.0,-0.0,-0.0,-0.0,-0.0,-0.0,-0.0,-0.0,-0.0067901611328125,-0.01125335693359375,-0.01194000244140625,-0.0145721435546875,-0.010223388671875,-0.0145721435546875,-0.0084686279296875,-0.02193450927734375,-0.0057220458984375,-0.00980377197265625,-0.0247955322265625,-0.0121307373046875,-0.01728057861328125,-0.008697509765625,-0.0052642822265625,-0.029144287109375,0.628509521484375,0.09185791015625,0.172882080078125,0.10650634765625,-0.107269287109375,0.093841552734375,0.124053955078125,0.080718994140625,0.103912353515625,0.077056884765625,0.1226806640625,0.114898681640625,-0.1910400390625,-0.5560302734375,0.51544189453125,-1.164093017578125,-0.5133762359619141
679,0.3395,-0.0,-0.0,-0.0,-0.0,-0.0,-0.0,-7.636751651763916,-1.3907661437988281,-672.2413330078125,-199675.265625,86315.3828125,2515.76513671875,-0.0,-0.0,-0.0,-0.0,-0.0,-0.0,-0.0,-0.0,-0.0,-0.0,-0.0,-0.0,0.00568389892578125,0.0028228759765625,0.00461578369140625,0.0054168701171875,0.006256103515625,0.005645751953125,0.00331878662109375,0.01068115234375,0.00179290771484375,0.00629425048828125,0.01377105712890625,0.00640869140625,0.0142669677734375,0.0046539306640625,0.0023651123046875,0.00896453857421875,-0.00579833984375,0.15106201171875,0.198516845703125,0.140533447265625,0.05645751953125,0.12939453125,0.1104736328125,0.111083984375,0.086517333984375,0.08758544921875,0.093841552734375,0.141143798828125,0.114898681640625,0.66619873046875,0.35491943359375,0.430755615234375,0.7061610817909241
680,0.34,-0.0,-0.0,-0.0,-0.0,-0.0,-0.0,-7.921835899353027,-1.4618537425994873,-671.8191528320312,-199361.125,85827.125,2574.08154296875,-0.0,-0.0,-0.0,-0.0,-0.0,-0.0,-0.0,-0.0,-0.0,-0.0,-0.0,-0.0,0.0083160400390625,0.01003265380859375,0.01033782958984375,0.0164031982421875,0.01312255859375,0.015106201171875,0.00720977783203125,0.0225830078125,0.008392333984375,0.01056671142578125,0.02605438232421875,0.0121307373046875,0.01834869384765625,0.012359619140625,0.0046539306640625,0.02777099609375,-0.0250244140625,0.14556884765625,-0.04974365234375,0.079803466796875,0.14068603515625,0.0384521484375,0.117645263671875,0.091094970703125,0.110931396484375,0.03265380859375,0.035400390625,0.106964111328125,0.31097412109375,1.01318359375,0.047607421875,1.35955810546875,6.1940789222717285
681,0.3405,-0.0,-0.0,-0.0,-0.0,-0.0,-0.0,-7.493682861328125,-1.3726837635040283,-672.6666870117188,-199501.578125,85688.0546875,2451.23876953125,-0.0,-0.0,-0.0,-0.0,-0.0,-0.0,-0.0,-0.0,-0.0,-0.0,-0.0,-0.0,-0.00396728515625,-0.0009918212890625,-0.00301361083984375,-0.006256103515625,-0.0026702880859375,-0.00591278076171875,-0.0035858154296875,-0.0086212158203125,-0.00377655029296875,-0.0064849853515625,-0.0130462646484375,-0.00553131103515625,-0.0144195556640625,-0.00331878662109375,0.000152587890625,-0.01201629638671875,-0.08026123046875,0.27740478515625,0.2130126953125,0.07232666015625,0.080718994140625,0.107269287109375,0.067596435546875,0.087738037109375,0.11016845703125,0.20172119140625,0.089111328125,0.1043701171875,0.115814208984375,-0.38543701171875,-0.0341796875,-0.17547607421875,9.24292278289795
682,0.341,-0.0,-0.0,-0.0,-0.0,-0.0,-0.0,-7.1727614402771,-1.1768364906311035,-672.8796997070312,-199647.921875,85318.5234375,2334.238525390625,-0.0,-0.0,-0.0,-0.0,-0.0,-0.0,-0.0,-0.0,-0.0,-0.0,-0.0,-0.0,-0.00774383544921875,-0.007781982421875,-0.0127410888671875,-0.01495361328125,-0.009765625,-0.0160980224609375,-0.0081634521484375,-0.02262115478515625,-0.00606536865234375,-0.011138916015625,-0.02597808837890625,-0.011749267578125,-0.01491546630859375,-0.00904083251953125,-0.00408172607421875,-0.02834320068359375,-0.242919921875,-0.153656005859375,0.0372314453125,0.089263916015625,0.121612548828125,0.059814453125,0.116729736328125,0.074310302734375,0.124969482421875,0.147247314453125,0.101470947265625,0.082855224609375,-0.315704345703125,-0.80810546875,0.4766845703125,-0.913848876953125,-0.5133762359619141
683,0.3415,-0.0,-0.0,-0.0,-0.0,-0.0,-0.0,-7.011469841003418,-1.1932373046875,-674.0804443359375,-200241.328125,84999.546875,2357.2646484375,-0.0,-0.0,-0.0,-0.0,-0.0,-0.0,-0.0,-0.0,-0.0,-0.0,-0.0,-0.0,0.00530242919921875,0.00202178955078125,0.00522613525390625,0.00598907470703125,0.00518798828125,0.00690460205078125,0.00354766845703125,0.0110626220703125,0.00274658203125,0.00614166259765625,0.0135040283203125,0.00301361083984375,0.01438140869140625,0.00213623046875,0.00186920166015625,0.00972747802734375,0.50811767578125,0.110321044921875,0.291595458984375,0.12359619140625,0.112152099609375,0.17120361328125,0.14190673828125,0.117950439453125,0.07720947265625,0.128173828125,0.157623291015625,0.1080322265625,0.2691650390625,0.4833984375,-0.1318359375,0.570068359375,1.3159297704696655
684,0.342,-0.0,-0.0,-0.0,-0.0,-0.0,-0.0,-6.8152241706848145,-1.4635725021362305,-672.45458984375,-200143.734375,84762.71875,2380.654296875,-0.0,-0.0,-0.0,-0.0,-0.0,-0.0,-0.0,-0.0,-0.0,-0.0,-0.0,-0.0,0.0084686279296875,0.01064300537109375,0.0116729736328125,0.01529693603515625,0.01239776611328125,0.01605987548828125,0.00820159912109375,0.02162933349609375,0.008544921875,0.0128173828125,0.02651214599609375,0.01316070556640625,0.01537322998046875,0.011138916015625,0.00484466552734375,0.0283050537109375,0.301666259765625,0.255126953125,0.115509033203125,0.09368896484375,0.145263671875,0.11474609375,0.032806396484375,0.112762451171875,0.09002685546875,0.06072998046875,0.090179443359375,0.118865966796875,0.848236083984375,1.07391357421875,-0.228271484375,1.3946533203125,15.95037841796875
685,0.3425,-0.0,-0.0,-0.0,-0.0,-0.0,-0.0,-6.494807720184326,-1.6773459911346436,-671.8233642578125,-200267.046875,84097.8515625,2315.662109375,-0.0,-0.0,-0.0,-0.0,-0.0,-0.0,-0.0,-0.0,-0.0,-0.0,-0.0,-0.0,-0.0046539306640625,-0.00278472900390625,-0.0038909912109375,-0.00621795654296875,-0.0017547607421875,-0.005950927734375,-0.0054931640625,-0.00885009765625,-0.00213623046875,-0.00820159912109375,-0.01251220703125,-0.0051116943359375,-0.01491546630859375,-0.0030517578125,-0.00057220458984375,-0.01132965087890625,-0.335540771484375,0.069732666015625,0.057373046875,0.082855224609375,0.082244873046875,0.064697265625,0.125732421875,0.10101318359375,0.11260986328125,0.1446533203125,0.062255859375,0.11138916015625,-0.101165771484375,-0.19134521484375,0.03936767578125,-0.457000732421875,-6.306178569793701
686,0.343,-0.0,-0.0,-0.0,-0.0,-0.0,-0.0,-6.529843807220459,-1.6392689943313599,-674.6573486328125,-199958.25,83660.6171875,2380.94873046875,-0.0,-0.0,-0.0,-0.0,-0.0,-0.0,-0.0,-0.0,-0.0,-0.0,-0.0,-0.0,-0.00690460205078125,-0.0099945068359375,-0.01262664794921875,-0.01522064208984375,-0.010986328125,-0.01495361328125,-0.0110626220703125,-0.02105712890625,-0.00640869140625,-0.0102996826171875,-0.02391815185546875,-0.01201629638671875,-0.01667022705078125,-0.0098419189453125,-0.0042724609375,-0.02895355224609375,0.4583740234375,-0.18341064453125,0.232086181640625,0.0726318359375,0.07232666015625,0.09307861328125,0.052032470703125,0.04119873046875,0.127410888671875,0.03570556640625,0.141448974609375,0.09979248046875,-0.187835693359375,-0.4644775390625,0.53741455078125,-1.249847412109375,0.09639240801334381
687,0.3435,-0.0,-0.0,-0.0,-0.0,-0.0,-0.0,-6.140283107757568,-0.9608765244483948,-671.265869140625,-199983.90625,83447.75,2245.96240234375,-0.0,-0.0,-0.0,-0.0,-0.0,-0.0,-0.0,-0.0,-0.0,-0.0,-0.0,-0.0,0.00339508056640625,0.00415802001953125,0.00507354736328125,0.00705718994140625,0.00469207763671875,0.0055694580078125,0.006866455078125,0.00652313232421875,0.00514984130859375,0.00415802001953125,0.01201629638671875,0.0043487548828125,0.01522064208984375,0.004425048828125,0.00049591064453125,0.011444091796875,-0.1788330078125,0.431671142578125,0.0872802734375,0.1312255859375,0.186614990234375,0.15167236328125,0.08026123046875,0.129547119140625,0.0555419921875,0.115203857421875,0.140228271484375,0.08392333984375,0.101318359375,0.44952392578125,-0.01434326171875,0.599517822265625,4.974541664123535
688,0.34400000000000003,-0.0,-0.0,-0.0,-0.0,-0.0,-0.0,-5.994459629058838,-0.8021736145019531,-670.5609130859375,-199734.546875,83043.75,2023.429931640625,-0.0,-0.0,-0.0,-0.0,-0.0,-0.0,-0.0,-0.0,-0.0,-0.0,-0.0,-0.0,0.0079345703125,0.0083160400390625,0.01377105712890625,0.01636505126953125,0.01087188720703125,0.0157928466796875,0.0095367431640625,0.0237274169921875,0.006561279296875,0.0109100341796875,0.02445220947265625,0.01384735107421875,0.01895904541015625,0.0102996826171875,0.0037384033203125,0.02841949462890625,0.159759521484375,-0.004119873046875,0.18280029296875,0.089874267578125,0.029449462890625,0.0823974609375,0.05126953125,0.09674072265625,0.094146728515625,0.107421875,0.043487548828125,0.079803466796875,0.771484375,0.83984375,-0.06591796875,1.38641357421875,6.498963356018066
689,0.34450000000000003,-0.0,-0.0,-0.0,-0.0,-0.0,-0.0,-6.495094299316406,-0.767659068107605,-669.1504516601562,-199385.625,82531.125,2164.9013671875,-0.0,-0.0,-0.0,-0.0,-0.0,-0.0,-0.0,-0.0,-0.0,-0.0,-0.0,-0.0,-0.0034332275390625,-0.00308990478515625,-0.00370025634765625,-0.00499725341796875,-0.00457763671875,-0.0060272216796875,-0.00232696533203125,-0.00957489013671875,-0.00148773193359375,-0.00690460205078125,-0.01285552978515625,-0.00148773193359375,-0.01224517822265625,-0.0046539306640625,-0.00041961669921875,-0.0093841552734375,0.32623291015625,0.537261962890625,0.078582763671875,0.107421875,0.154266357421875,0.052947998046875,0.128936767578125,0.11260986328125,0.1019287109375,0.19378662109375,0.085601806640625,0.098419189453125,-0.13275146484375,-0.69671630859375,0.32135009765625,-0.204010009765625,8.328269958496094
690,0.34500000000000003,-0.0,-0.0,-0.0,-0.0,-0.0,-0.0,-6.440376281738281,-0.10322320461273193,-667.86328125,-199561.203125,82427.0546875,2118.232666015625,-0.0,-0.0,-0.0,-0.0,-0.0,-0.0,-0.0,-0.0,-0.0,-0.0,-0.0,-0.0,-0.00823974609375,-0.0102996826171875,-0.01247406005859375,-0.01583099365234375,-0.009918212890625,-0.0150299072265625,-0.01190185546875,-0.02044677734375,-0.006561279296875,-0.01178741455078125,-0.0249481201171875,-0.01399993896484375,-0.0177764892578125,-0.01079559326171875,-0.0030517578125,-0.02872467041015625,0.227813720703125,-0.1544189453125,-0.08026123046875,0.09185791015625,0.01617431640625,0.064697265625,0.1116943359375,0.070648193359375,0.1177978515625,-0.037689208984375,0.050811767578125,0.0701904296875,-0.337677001953125,-0.54779052734375,0.1275634765625,-1.553497314453125,-0.5133762359619141
691,0.34550000000000003,-0.0,-0.0,-0.0,-0.0,-0.0,-0.0,-6.6222310066223145,-0.6274233460426331,-669.792724609375,-199191.1875,81983.453125,2193.137451171875,-0.0,-0.0,-0.0,-0.0,-0.0,-0.0,-0.0,-0.0,-0.0,-0.0,-0.0,-0.0,0.00400543212890625,0.004425048828125,0.005950927734375,0.00652313232421875,0.0048828125,0.0054931640625,0.00804901123046875,0.0086212158203125,0.00431060791015625,0.00545501708984375,0.01331329345703125,0.00396728515625,0.01434326171875,0.00370025634765625,0.0016021728515625,0.01068115234375,-0.031890869140625,0.24261474609375,0.243682861328125,0.130615234375,0.174102783203125,0.20965576171875,0.096893310546875,0.1226806640625,0.07293701171875,0.232391357421875,0.13580322265625,0.078277587890625,0.191802978515625,0.882568359375,-0.3240966796875,0.685272216796875,1.9256983995437622
692,0.34600000000000003,-0.0,-0.0,-0.0,-0.0,-0.0,-0.0,-6.8389387130737305,-0.26352763175964355,-668.0965576171875,-199147.28125,81627.6796875,2259.9853515625,-0.0,-0.0,-0.0,-0.0,-0.0,-0.0,-0.0,-0.0,-0.0,-0.0,-0.0,-0.0,0.00804901123046875,0.0054168701171875,0.0121307373046875,0.016326904296875,0.013275146484375,0.01495361328125,0.00640869140625,0.0234222412109375,0.00759124755859375,0.01125335693359375,0.02552032470703125,0.0124359130859375,0.0179290771484375,0.01049041748046875,0.008392333984375,0.0276947021484375,0.0946044921875,-0.174102783203125,0.006866455078125,0.070648193359375,0.049591064453125,0.077972412109375,0.106964111328125,0.06103515625,0.1239013671875,0.0164794921875,0.09063720703125,0.09033203125,0.505828857421875,0.804443359375,-0.0201416015625,1.42333984375,6.803847789764404
693,0.34650000000000003,-0.0,-0.0,-0.0,-0.0,-0.0,-0.0,-6.622726917266846,-0.1952609121799469,-666.8037109375,-198964.640625,81106.90625,2195.995361328125,-0.0,-0.0,-0.0,-0.0,-0.0,-0.0,-0.0,-0.0,-0.0,-0.0,-0.0,-0.0,-0.0051116943359375,-0.00171661376953125,-0.00415802001953125,-0.006561279296875,-0.0041961669921875,-0.00507354736328125,-0.00396728515625,-0.0099945068359375,-0.00270843505859375,-0.00640869140625,-0.012054443359375,-0.00377655029296875,-0.01499176025390625,-0.00301361083984375,-0.0012969970703125,-0.01125335693359375,-0.01678466796875,0.294189453125,0.10284423828125,0.099029541015625,0.214996337890625,0.04638671875,0.102386474609375,0.114288330078125,0.091400146484375,0.272979736328125,0.108489990234375,0.1123046875,0.093536376953125,-0.5902099609375,0.0689697265625,-0.5523681640625,6.803847789764404
694,0.34700000000000003,-0.0,-0.0,-0.0,-0.0,-0.0,-0.0,-6.792383193969727,-0.2673912048339844,-665.171875,-198825.390625,81087.4140625,2023.235107421875,-0.0,-0.0,-0.0,-0.0,-0.0,-0.0,-0.0,-0.0,-0.0,-0.0,-0.0,-0.0,-0.00865936279296875,-0.0077056884765625,-0.01056671142578125,-0.01495361328125,-0.01316070556640625,-0.01522064208984375,-0.0063323974609375,-0.02300262451171875,-0.00675201416015625,-0.0127410888671875,-0.0286102294921875,-0.01033782958984375,-0.0183868408203125,-0.0099945068359375,-0.005645751953125,-0.02811431884765625,0.108489990234375,0.089111328125,0.06317138671875,0.10955810546875,0.00885009765625,0.113372802734375,0.065765380859375,0.0909423828125,0.1025390625,0.164947509765625,0.085906982421875,0.14251708984375,-0.343780517578125,-0.91552734375,0.45318603515625,-1.280975341796875,-1.4280292987823486
695,0.34750000000000003,-0.0,-0.0,-0.0,-0.0,-0.0,-0.0,-6.579824924468994,-0.33967235684394836,-663.558349609375,-198631.40625,80922.1640625,1942.3939208984375,-0.0,-0.0,-0.0,-0.0,-0.0,-0.0,-0.0,-0.0,-0.0,-0.0,-0.0,-0.0,0.002899169921875,0.00392913818359375,0.00499725341796875,0.00522613525390625,0.00461578369140625,0.00659942626953125,0.00400543212890625,0.0083160400390625,0.00392913818359375,0.00392913818359375,0.013580322265625,0.005645751953125,0.01438140869140625,0.005645751953125,0.00102996826171875,0.01071929931640625,0.172119140625,0.045928955078125,0.124969482421875,0.103302001953125,0.089874267578125,0.09674072265625,0.080413818359375,0.114288330078125,0.08941650390625,0.103302001953125,0.081939697265625,0.1080322265625,0.1629638671875,0.6451416015625,0.08758544921875,1.077880859375,1.9256983995437622
696,0.34800000000000003,-0.0,-0.0,-0.0,-0.0,-0.0,-0.0,-6.813620567321777,-0.17826080322265625,-663.604736328125,-198303.828125,80221.0859375,1917.128173828125,-0.0,-0.0,-0.0,-0.0,-0.0,-0.0,-0.0,-0.0,-0.0,-0.0,-0.0,-0.0,0.0080108642578125,0.00904083251953125,0.01255035400390625,0.0162506103515625,0.01071929931640625,0.01567840576171875,0.0106048583984375,0.02368927001953125,0.005950927734375,0.009002685546875,0.0255584716796875,0.0165557861328125,0.01728057861328125,0.01094818115234375,0.0041961669921875,0.02742767333984375,0.37261962890625,0.17974853515625,0.089111328125,0.07080078125,0.067901611328125,0.096893310546875,0.042266845703125,0.116729736328125,0.110321044921875,-0.00396728515625,0.1116943359375,0.108184814453125,0.296173095703125,0.67535400390625,0.1470947265625,1.59759521484375,6.1940789222717285
697,0.34850000000000003,-0.0,-0.0,-0.0,-0.0,-0.0,-0.0,-6.551393508911133,-0.6963301301002502,-661.3515014648438,-197767.375,79804.03125,1956.6253662109375,-0.0,-0.0,-0.0,-0.0,-0.0,-0.0,-0.0,-0.0,-0.0,-0.0,-0.0,-0.0,-0.00392913818359375,-0.00324249267578125,-0.004425048828125,-0.005035400390625,-0.00499725341796875,-0.0052642822265625,-0.0043487548828125,-0.01102447509765625,-0.00080108642578125,-0.00560760498046875,-0.013580322265625,-0.0055694580078125,-0.01644134521484375,-0.00377655029296875,-0.0028228759765625,-0.010986328125,0.132904052734375,0.0482177734375,0.04608154296875,0.12115478515625,0.139617919921875,0.11260986328125,0.107879638671875,0.08392333984375,0.104827880859375,0.133514404296875,0.123443603515625,0.104827880859375,0.005340576171875,-0.66070556640625,0.01922607421875,-0.81695556640625,6.803847789764404
698,0.34900000000000003,-0.0,-0.0,-0.0,-0.0,-0.0,-0.0,-6.400644779205322,-0.13910940289497375,-659.4529418945312,-197601.421875,79410.4296875,1754.093017578125,-0.0,-0.0,-0.0,-0.0,-0.0,-0.0,-0.0,-0.0,-0.0,-0.0,-0.0,-0.0,-0.00885009765625,-0.00827789306640625,-0.01186370849609375,-0.01575469970703125,-0.0112152099609375,-0.0147247314453125,-0.0089263916015625,-0.0240325927734375,-0.00751495361328125,-0.01308441162109375,-0.02490997314453125,-0.01209259033203125,-0.01934051513671875,-0.00926971435546875,-0.00659942626953125,-0.02773284912109375,0.032958984375,0.03204345703125,0.266876220703125,0.133514404296875,-0.00732421875,0.153350830078125,0.08758544921875,0.121612548828125,0.067901611328125,0.05523681640625,0.115814208984375,0.10772705078125,-0.7244873046875,-0.69793701171875,0.374755859375,-1.366729736328125,-1.732913613319397
699,0.34950000000000003,-0.0,-0.0,-0.0,-0.0,-0.0,-0.0,-6.607815742492676,-0.607333242893219,-657.8428344726562,-196861.65625,78981.0234375,1702.6346435546875,-0.0,-0.0,-0.0,-0.0,-0.0,-0.0,-0.0,-0.0,-0.0,-0.0,-0.0,-0.0,0.00400543212890625,0.004730224609375,0.006103515625,0.0052642822265625,0.00492095947265625,0.00858306884765625,0.005340576171875,0.0091552734375,0.0040435791015625,0.0080108642578125,0.0130462646484375,0.0049591064453125,0.01338958740234375,0.0043487548828125,0.00400543212890625,0.009613037109375,0.082550048828125,0.21026611328125,0.075531005859375,0.074462890625,0.14404296875,0.052337646484375,0.126495361328125,0.084686279296875,0.10711669921875,0.1025390625,0.059967041015625,0.09918212890625,0.43853759765625,0.79437255859375,0.04547119140625,0.925750732421875,3.145235776901245
700,0.35000000000000003,-0.0,-0.0,-0.0,-0.0,-0.0,-0.0,-6.79652214050293,-0.4786691665649414,-654.612548828125,-195924.46875,78699.125,1739.582763671875,-0.0,-0.0,-0.0,-0.0,-0.0,-0.0,-0.0,-0.0,-0.0,-0.0,-0.0,-0.0,0.007171630859375,0.00576019287109375,0.0121307373046875,0.0168609619140625,0.0118255615234375,0.014190673828125,0.008697509765625,0.02254486083984375,0.00759124755859375,0.01239776611328125,0.02635955810546875,0.01300811767578125,0.01674652099609375,0.0107574462890625,0.0051116943359375,0.0284576416015625,0.411834716796875,0.072021484375,-0.027923583984375,0.063629150390625,0.0079345703125,0.057373046875,0.10589599609375,0.066375732421875,0.121002197265625,0.070343017578125,0.0909423828125,0.0897216796875,0.753936767578125,1.0211181640625,-0.23681640625,1.46484375,7.413616180419922
701,0.35050000000000003,-0.0,-0.0,-0.0,-0.0,-0.0,-0.0,-7.047630310058594,-0.7857183218002319,-653.3829345703125,-195716.453125,78319.4296875,1856.415771484375,-0.0,-0.0,-0.0,-0.0,-0.0,-0.0,-0.0,-0.0,-0.0,-0.0,-0.0,-0.0,-0.003814697265625,-0.00499725341796875,-0.00377655029296875,-0.00598907470703125,-0.003814697265625,-0.0070953369140625,-0.0041961669921875,-0.01117706298828125,-0.00362396240234375,-0.0045013427734375,-0.01285552978515625,-0.00476837158203125,-0.01369476318359375,-0.00560760498046875,-0.00335693359375,-0.0103759765625,0.03448486328125,0.15411376953125,0.100555419921875,0.07843017578125,0.10223388671875,0.088348388671875,0.1214599609375,0.1116943359375,0.123748779296875,0.075225830078125,0.081329345703125,0.084381103515625,-0.039520263671875,-0.640869140625,0.11749267578125,-0.90362548828125,6.1940789222717285
702,0.35100000000000003,-0.0,-0.0,-0.0,-0.0,-0.0,-0.0,-6.763611793518066,-0.6802982687950134,-649.7861938476562,-194925.0625,77883.984375,1638.6923828125,-0.0,-0.0,-0.0,-0.0,-0.0,-0.0,-0.0,-0.0,-0.0,-0.0,-0.0,-0.0,-0.00659942626953125,-0.00782012939453125,-0.01239776611328125,-0.01617431640625,-0.01094818115234375,-0.01346588134765625,-0.00911712646484375,-0.02071380615234375,-0.0087738037109375,-0.0118255615234375,-0.0246429443359375,-0.0106048583984375,-0.01842498779296875,-0.01148223876953125,-0.00335693359375,-0.02841949462890625,0.243988037109375,-0.03936767578125,0.031585693359375,0.097503662109375,0.111541748046875,0.134124755859375,0.10162353515625,0.101470947265625,0.092010498046875,0.10589599609375,0.101470947265625,0.076904296875,-0.404052734375,-0.62835693359375,0.44647216796875,-1.299591064453125,0.7061610817909241
703,0.35150000000000003,-0.0,-0.0,-0.0,-0.0,-0.0,-0.0,-6.082633972167969,-1.4021750688552856,-647.5726318359375,-194360.90625,77167.6171875,1441.086669921875,-0.0,-0.0,-0.0,-0.0,-0.0,-0.0,-0.0,-0.0,-0.0,-0.0,-0.0,-0.0,0.004425048828125,0.00507354736328125,0.00553131103515625,0.00598907470703125,0.00553131103515625,0.00637054443359375,0.00431060791015625,0.01129150390625,0.0018310546875,0.0052642822265625,0.014190673828125,0.0063323974609375,0.01605987548828125,0.00591278076171875,0.00255584716796875,0.0119781494140625,0.17120361328125,-0.3009033203125,-0.01434326171875,0.1129150390625,0.137176513671875,0.125885009765625,0.131072998046875,0.1055908203125,0.107421875,0.111236572265625,0.16204833984375,0.10589599609375,0.117645263671875,0.8502197265625,0.025634765625,1.2652587890625,3.145235776901245
704,0.352,-0.0,-0.0,-0.0,-0.0,-0.0,-0.0,-5.742005348205566,-1.7259809970855713,-644.9710083007812,-193716.328125,76815.96875,1164.38623046875,-0.0,-0.0,-0.0,-0.0,-0.0,-0.0,-0.0,-0.0,-0.0,-0.0,-0.0,-0.0,0.0070953369140625,0.0081634521484375,0.01392364501953125,0.01651763916015625,0.01251220703125,0.0152587890625,0.00835418701171875,0.02193450927734375,0.0083160400390625,0.01255035400390625,0.0244903564453125,0.01171112060546875,0.01819610595703125,0.01186370849609375,0.00545501708984375,0.02834320068359375,0.10528564453125,0.378570556640625,0.087432861328125,0.133819580078125,0.0701904296875,0.11566162109375,0.084991455078125,0.13092041015625,0.064697265625,-0.0201416015625,0.105133056640625,0.108489990234375,0.74432373046875,0.70556640625,-0.20843505859375,1.41387939453125,-2.0377979278564453
705,0.3525,-0.0,-0.0,-0.0,-0.0,-0.0,-0.0,-5.311970233917236,-1.9285310506820679,-642.114013671875,-192992.796875,76047.109375,1081.719482421875,-0.0,-0.0,-0.0,-0.0,-0.0,-0.0,-0.0,-0.0,-0.0,-0.0,-0.0,-0.0,-0.00354766845703125,-0.0037384033203125,-0.00400543212890625,-0.0075531005859375,-0.00415802001953125,-0.005035400390625,-0.00629425048828125,-0.0096893310546875,-0.003814697265625,-0.00560760498046875,-0.01384735107421875,-0.00621795654296875,-0.01552581787109375,-0.00331878662109375,0.00057220458984375,-0.01377105712890625,0.15594482421875,0.162200927734375,0.261077880859375,0.10284423828125,0.09124755859375,0.09246826171875,0.108795166015625,0.120697021484375,0.095977783203125,0.07354736328125,0.07232666015625,0.087890625,-0.012969970703125,-0.87860107421875,-0.07171630859375,-1.183013916015625,7.108732223510742
706,0.353,-0.0,-0.0,-0.0,-0.0,-0.0,-0.0,-5.77498722076416,-1.749382495880127,-638.5792846679688,-192309.5625,75626.4921875,1191.181884765625,-0.0,-0.0,-0.0,-0.0,-0.0,-0.0,-0.0,-0.0,-0.0,-0.0,-0.0,-0.0,-0.0074005126953125,-0.00652313232421875,-0.01384735107421875,-0.01522064208984375,-0.01201629638671875,-0.01346588134765625,-0.00843048095703125,-0.02368927001953125,-0.00659942626953125,-0.01216888427734375,-0.02292633056640625,-0.01155853271484375,-0.01758575439453125,-0.01056671142578125,-0.0054931640625,-0.027618408203125,0.052337646484375,0.169525146484375,0.05950927734375,0.082550048828125,0.12115478515625,0.0469970703125,0.10711669921875,0.12603759765625,0.111236572265625,0.20751953125,0.077972412109375,0.09552001953125,-0.182342529296875,-0.58837890625,0.54595947265625,-1.23077392578125,-0.5133762359619141
707,0.3535,-0.0,-0.0,-0.0,-0.0,-0.0,-0.0,-5.620262145996094,-2.3815300464630127,-637.2991333007812,-191806.96875,75393.234375,1004.226318359375,-0.0,-0.0,-0.0,-0.0,-0.0,-0.0,-0.0,-0.0,-0.0,-0.0,-0.0,-0.0,0.0055694580078125,0.00431060791015625,0.0029754638671875,0.0067901611328125,0.0052642822265625,0.00629425048828125,0.0072479248046875,0.00957489013671875,0.00270843505859375,0.008544921875,0.016632080078125,0.00720977783203125,0.015869140625,0.00598907470703125,0.0017547607421875,0.01220703125,0.159759521484375,-0.03753662109375,0.0775146484375,0.06927490234375,0.09552001953125,0.06072998046875,0.089874267578125,0.066680908203125,0.115509033203125,0.1025390625,0.09246826171875,0.10101318359375,0.7373046875,1.3360595703125,0.06805419921875,1.26556396484375,2.2305827140808105
708,0.354,-0.0,-0.0,-0.0,-0.0,-0.0,-0.0,-5.792022705078125,-2.422485113143921,-633.4413452148438,-191067.15625,74583.015625,959.2362670898438,-0.0,-0.0,-0.0,-0.0,-0.0,-0.0,-0.0,-0.0,-0.0,-0.0,-0.0,-0.0,0.0092315673828125,0.007781982421875,0.01277923583984375,0.01590728759765625,0.01110076904296875,0.01556396484375,0.0091552734375,0.02410888671875,0.00560760498046875,0.01064300537109375,0.0269317626953125,0.01262664794921875,0.01743316650390625,0.00911712646484375,0.00476837158203125,0.0270843505859375,-0.028076171875,0.078582763671875,-0.016021728515625,0.0958251953125,0.109710693359375,0.137481689453125,0.153045654296875,0.09063720703125,0.094757080078125,0.169830322265625,0.112152099609375,0.126190185546875,0.47882080078125,0.72906494140625,-0.2288818359375,1.28875732421875,7.413616180419922
709,0.3545,-0.0,-0.0,-0.0,-0.0,-0.0,-0.0,-5.4259161949157715,-2.3555469512939453,-632.419189453125,-190514.46875,74399.6796875,840.1705932617188,-0.0,-0.0,-0.0,-0.0,-0.0,-0.0,-0.0,-0.0,-0.0,-0.0,-0.0,-0.0,-0.0037384033203125,-0.00240325927734375,-0.0066375732421875,-0.00621795654296875,-0.003662109375,-0.00614166259765625,-0.00637054443359375,-0.0090789794921875,-0.0046539306640625,-0.00579833984375,-0.0140380859375,-0.00774383544921875,-0.01247406005859375,-0.00553131103515625,-0.0018310546875,-0.01277923583984375,0.53314208984375,-0.125732421875,0.212249755859375,0.09063720703125,0.0958251953125,0.11566162109375,0.067901611328125,0.085601806640625,0.10833740234375,-0.026702880859375,0.136260986328125,0.120697021484375,-0.105743408203125,-0.830078125,0.07476806640625,-0.97381591796875,4.05988883972168
710,0.355,-0.0,-0.0,-0.0,-0.0,-0.0,-0.0,-5.241734504699707,-3.1828763484954834,-629.013427734375,-189395.46875,74233.671875,618.010009765625,-0.0,-0.0,-0.0,-0.0,-0.0,-0.0,-0.0,-0.0,-0.0,-0.0,-0.0,-0.0,-0.00911712646484375,-0.00988006591796875,-0.01148223876953125,-0.01422882080078125,-0.0093841552734375,-0.01491546630859375,-0.00957489013671875,-0.02269744873046875,-0.00644683837890625,-0.01270294189453125,-0.02285003662109375,-0.01140594482421875,-0.01728057861328125,-0.01056671142578125,-0.005950927734375,-0.0275421142578125,0.2838134765625,0.363922119140625,0.172576904296875,0.11444091796875,0.079345703125,0.12481689453125,0.110626220703125,0.161895751953125,0.08148193359375,0.201263427734375,0.119781494140625,0.09857177734375,-0.683746337890625,-0.73974609375,0.5303955078125,-0.91400146484375,-0.5133762359619141
711,0.3555,-0.0,-0.0,-0.0,-0.0,-0.0,-0.0,-5.084999084472656,-3.0619540214538574,-624.506103515625,-188790.078125,73557.546875,698.8185424804688,-0.0,-0.0,-0.0,-0.0,-0.0,-0.0,-0.0,-0.0,-0.0,-0.0,-0.0,-0.0,0.00518798828125,0.00347137451171875,0.006103515625,0.00598907470703125,0.0054931640625,0.00640869140625,0.0069427490234375,0.00782012939453125,0.00453948974609375,0.0057220458984375,0.01605987548828125,0.00698089599609375,0.01209259033203125,0.0048828125,0.00225067138671875,0.0118255615234375,0.164337158203125,0.20751953125,0.0701904296875,0.1043701171875,0.070343017578125,0.087738037109375,0.037689208984375,0.11016845703125,0.100860595703125,0.083160400390625,0.0616455078125,0.09246826171875,0.113372802734375,1.27685546875,-0.0018310546875,1.172943115234375,1.9256983995437622
712,0.356,-0.0,-0.0,-0.0,-0.0,-0.0,-0.0,-5.499608993530273,-3.612337589263916,-622.9471435546875,-188364.75,73099.1875,743.281982421875,-0.0,-0.0,-0.0,-0.0,-0.0,-0.0,-0.0,-0.0,-0.0,-0.0,-0.0,-0.0,0.009002685546875,0.00980377197265625,0.01312255859375,0.0162506103515625,0.0121307373046875,0.0125885009765625,0.0083160400390625,0.02437591552734375,0.0070953369140625,0.01300811767578125,0.02361297607421875,0.00911712646484375,0.01678466796875,0.0106048583984375,0.00705718994140625,0.028076171875,-0.251312255859375,0.066986083984375,0.022735595703125,0.10894775390625,0.16815185546875,0.093231201171875,0.163421630859375,0.093841552734375,0.0933837890625,0.142669677734375,0.088043212890625,0.088958740234375,0.45684814453125,0.8184814453125,-0.2899169921875,1.223907470703125,5.889194965362549
713,0.3565,-0.0,-0.0,-0.0,-0.0,-0.0,-0.0,-5.394925594329834,-4.06874942779541,-622.8053588867188,-187619.8125,72877.1171875,620.8735961914062,-0.0,-0.0,-0.0,-0.0,-0.0,-0.0,-0.0,-0.0,-0.0,-0.0,-0.0,-0.0,-0.0035858154296875,-0.00278472900390625,-0.00514984130859375,-0.00560760498046875,-0.00507354736328125,-0.00553131103515625,-0.00720977783203125,-0.00823974609375,-0.00270843505859375,-0.006103515625,-0.01312255859375,-0.00858306884765625,-0.0135040283203125,-0.00385284423828125,-0.002899169921875,-0.01171112060546875,0.104217529296875,0.123138427734375,0.161285400390625,0.09033203125,0.0799560546875,0.0653076171875,0.12420654296875,0.10101318359375,0.109710693359375,0.082855224609375,0.09185791015625,0.08148193359375,-0.131988525390625,-0.83587646484375,0.201416015625,-1.00128173828125,3.755004405975342
714,0.357,-0.0,-0.0,-0.0,-0.0,-0.0,-0.0,-5.031259536743164,-3.6586432456970215,-618.8946533203125,-186783.171875,72299.3671875,325.0699462890625,-0.0,-0.0,-0.0,-0.0,-0.0,-0.0,-0.0,-0.0,-0.0,-0.0,-0.0,-0.0,-0.0077056884765625,-0.009307861328125,-0.01224517822265625,-0.015411376953125,-0.00965118408203125,-0.0131988525390625,-0.0101470947265625,-0.0228118896484375,-0.007171630859375,-0.00827789306640625,-0.0225830078125,-0.009613037109375,-0.01735687255859375,-0.01110076904296875,-0.00576019287109375,-0.02628326416015625,0.02655029296875,-0.04364013671875,-0.04180908203125,0.093841552734375,0.0946044921875,0.1214599609375,0.125579833984375,0.07568359375,0.108642578125,0.11077880859375,0.1361083984375,0.083160400390625,0.08026123046875,-0.372314453125,0.635986328125,-0.941619873046875,-0.5133762359619141
715,0.3575,-0.0,-0.0,-0.0,-0.0,-0.0,-0.0,-4.669956207275391,-3.534234046936035,-614.88623046875,-185963.0,71741.4453125,392.4487609863281,-0.0,-0.0,-0.0,-0.0,-0.0,-0.0,-0.0,-0.0,-0.0,-0.0,-0.0,-0.0,0.00598907470703125,0.0043487548828125,0.0067901611328125,0.00705718994140625,0.00690460205078125,0.00652313232421875,0.00579833984375,0.0121307373046875,0.00091552734375,0.00812530517578125,0.0157928466796875,0.00492095947265625,0.0144195556640625,0.004425048828125,0.0032806396484375,0.0125885009765625,0.16082763671875,0.158843994140625,0.12115478515625,0.1214599609375,0.09002685546875,0.1226806640625,0.1544189453125,0.0970458984375,0.086212158203125,0.00823974609375,0.106201171875,0.074462890625,0.513153076171875,1.1529541015625,-0.10101318359375,1.417694091796875,3.755004405975342
716,0.358,-0.0,-0.0,-0.0,-0.0,-0.0,-0.0,-4.463921070098877,-3.8017661571502686,-611.829833984375,-185078.859375,71188.2109375,309.5827331542969,-0.0,-0.0,-0.0,-0.0,-0.0,-0.0,-0.0,-0.0,-0.0,-0.0,-0.0,-0.0,0.00858306884765625,0.0107574462890625,0.01216888427734375,0.01678466796875,0.01140594482421875,0.01384735107421875,0.0107574462890625,0.02384185791015625,0.00946044921875,0.0102996826171875,0.02460479736328125,0.00865936279296875,0.0159454345703125,0.01026153564453125,0.0051116943359375,0.0295257568359375,0.022125244140625,0.20904541015625,0.107879638671875,0.09185791015625,0.118255615234375,0.0927734375,0.107269287109375,0.11322021484375,0.091094970703125,0.225067138671875,0.1031494140625,0.10833740234375,0.540771484375,0.8428955078125,-0.37322998046875,1.227264404296875,5.584310531616211
717,0.3585,-0.0,-0.0,-0.0,-0.0,-0.0,-0.0,-4.472829818725586,-3.6143922805786133,-610.587158203125,-184482.71875,70786.9296875,56.68144226074219,-0.0,-0.0,-0.0,-0.0,-0.0,-0.0,-0.0,-0.0,-0.0,-0.0,-0.0,-0.0,-0.0067138671875,-0.0014495849609375,-0.00606536865234375,-0.00644683837890625,-0.006103515625,-0.00698089599609375,-0.00751495361328125,-0.0112152099609375,-0.00217437744140625,-0.00732421875,-0.01338958740234375,-0.006256103515625,-0.0151824951171875,-0.004730224609375,-0.00270843505859375,-0.0112152099609375,0.0238037109375,0.148468017578125,0.073394775390625,0.085296630859375,0.117034912109375,0.0579833984375,0.1080322265625,0.104217529296875,0.107421875,0.1116943359375,0.097808837890625,0.11444091796875,-0.283660888671875,-0.95703125,0.40618896484375,-1.229248046875,4.669657230377197
718,0.359,-0.0,-0.0,-0.0,-0.0,-0.0,-0.0,-4.516559600830078,-4.115283012390137,-608.7005004882812,-183992.5625,70397.4921875,2.816819429397583,-0.0,-0.0,-0.0,-0.0,-0.0,-0.0,-0.0,-0.0,-0.0,-0.0,-0.0,-0.0,-0.007171630859375,-0.00743865966796875,-0.01041412353515625,-0.01453399658203125,-0.011749267578125,-0.015411376953125,-0.00782012939453125,-0.02231597900390625,-0.0069427490234375,-0.01277923583984375,-0.026092529296875,-0.0115966796875,-0.01811981201171875,-0.00835418701171875,-0.0038909912109375,-0.02803802490234375,0.275726318359375,0.017547607421875,0.041046142578125,0.0921630859375,0.073699951171875,0.092010498046875,0.0634765625,0.09521484375,0.095062255859375,0.07293701171875,0.096282958984375,0.11749267578125,-0.408477783203125,-0.76416015625,0.30792236328125,-1.03363037109375,-7.5257158279418945
719,0.3595,-0.0,-0.0,-0.0,-0.0,-0.0,-0.0,-3.7468414306640625,-3.9651734828948975,-605.4622192382812,-183193.078125,70029.5546875,-144.22300720214844,-0.0,-0.0,-0.0,-0.0,-0.0,-0.0,-0.0,-0.0,-0.0,-0.0,-0.0,-0.0,0.0045013427734375,0.005035400390625,0.00644683837890625,0.00873565673828125,0.00537872314453125,0.0083160400390625,0.0034332275390625,0.011444091796875,0.003204345703125,0.00499725341796875,0.016326904296875,0.00301361083984375,0.01438140869140625,0.0055694580078125,0.0023651123046875,0.0131988525390625,0.130462646484375,0.071563720703125,0.164947509765625,0.120697021484375,0.10040283203125,0.1287841796875,0.221710205078125,0.098114013671875,0.081024169921875,0.140838623046875,0.11932373046875,0.10711669921875,0.30059814453125,0.88775634765625,-0.29083251953125,1.15814208984375,10.4624605178833
720,0.36,-0.0,-0.0,-0.0,-0.0,-0.0,-0.0,-3.925262451171875,-4.515323162078857,-604.8770141601562,-182912.28125,69478.8203125,-231.6306915283203,-0.0,-0.0,-0.0,-0.0,-0.0,-0.0,-0.0,-0.0,-0.0,-0.0,-0.0,-0.0,0.0089263916015625,0.0099945068359375,0.01255035400390625,0.01537322998046875,0.011444091796875,0.01373291015625,0.011138916015625,0.02254486083984375,0.0086212158203125,0.0115203857421875,0.023193359375,0.01255035400390625,0.01750946044921875,0.01148223876953125,0.00598907470703125,0.02719879150390625,-0.197296142578125,0.05126953125,0.088653564453125,0.11322021484375,0.10009765625,0.09857177734375,0.15045166015625,0.09613037109375,0.096282958984375,0.10955810546875,0.087432861328125,0.093994140625,0.67626953125,0.93963623046875,-0.04241943359375,1.295623779296875,5.584310531616211
721,0.3605,-0.0,-0.0,-0.0,-0.0,-0.0,-0.0,-3.2404112815856934,-4.322146892547607,-602.2860107421875,-182472.65625,68850.3125,-300.05328369140625,-0.0,-0.0,-0.0,-0.0,-0.0,-0.0,-0.0,-0.0,-0.0,-0.0,-0.0,-0.0,-0.00370025634765625,-0.00537872314453125,-0.00530242919921875,-0.00652313232421875,-0.005950927734375,-0.006103515625,-0.00568389892578125,-0.009765625,-0.0029754638671875,-0.006561279296875,-0.0151824951171875,-0.002288818359375,-0.013275146484375,-0.0058746337890625,-0.00057220458984375,-0.01277923583984375,0.37139892578125,0.12969970703125,0.0665283203125,0.090789794921875,0.149993896484375,0.059967041015625,0.097808837890625,0.089263916015625,0.10040283203125,0.1324462890625,0.10650634765625,0.104827880859375,-0.2142333984375,-0.709228515625,0.4168701171875,-1.20086669921875,3.755004405975342
722,0.361,-0.0,-0.0,-0.0,-0.0,-0.0,-0.0,-3.226619243621826,-4.397444248199463,-599.8699951171875,-181647.96875,68662.5234375,-382.8949890136719,-0.0,-0.0,-0.0,-0.0,-0.0,-0.0,-0.0,-0.0,-0.0,-0.0,-0.0,-0.0,-0.00865936279296875,-0.008697509765625,-0.011444091796875,-0.0136566162109375,-0.0102996826171875,-0.01506805419921875,-0.01010894775390625,-0.02315521240234375,-0.0057220458984375,-0.01312255859375,-0.0225067138671875,-0.0118255615234375,-0.0173187255859375,-0.00957489013671875,-0.00701904296875,-0.02666473388671875,0.28167724609375,-0.003814697265625,0.080718994140625,0.0787353515625,0.032196044921875,0.09552001953125,0.10986328125,0.08148193359375,0.09979248046875,0.07476806640625,0.120391845703125,0.105743408203125,-0.629425048828125,-0.58563232421875,0.1824951171875,-1.09405517578125,-0.20849192142486572
723,0.3615,-0.0,-0.0,-0.0,-0.0,-0.0,-0.0,-2.467973232269287,-4.041314125061035,-597.0496215820312,-181330.828125,68350.984375,-392.60577392578125,-0.0,-0.0,-0.0,-0.0,-0.0,-0.0,-0.0,-0.0,-0.0,-0.0,-0.0,-0.0,0.00591278076171875,0.0041961669921875,0.00640869140625,0.007781982421875,0.006256103515625,0.00701904296875,0.00553131103515625,0.0113677978515625,0.00385284423828125,0.00606536865234375,0.01834869384765625,0.0030517578125,0.01567840576171875,0.0057220458984375,-0.00030517578125,0.014190673828125,0.133056640625,0.09979248046875,0.138397216796875,0.102691650390625,0.10498046875,0.11566162109375,0.10101318359375,0.149688720703125,0.09613037109375,0.181732177734375,0.0970458984375,0.093841552734375,0.570831298828125,1.2005615234375,-0.29327392578125,1.51031494140625,3.755004405975342
724,0.362,-0.0,-0.0,-0.0,-0.0,-0.0,-0.0,-2.8099355697631836,-4.827788352966309,-595.755615234375,-180688.71875,67653.2578125,-475.95599365234375,-0.0,-0.0,-0.0,-0.0,-0.0,-0.0,-0.0,-0.0,-0.0,-0.0,-0.0,-0.0,0.00782012939453125,0.00789642333984375,0.01346588134765625,0.01682281494140625,0.01163482666015625,0.014801025390625,0.006866455078125,0.021514892578125,0.00560760498046875,0.01178741455078125,0.0238037109375,0.013275146484375,0.0150299072265625,0.00972747802734375,0.00560760498046875,0.02742767333984375,0.03997802734375,0.15838623046875,0.072021484375,0.110931396484375,0.126800537109375,0.08697509765625,0.12725830078125,0.077362060546875,0.101776123046875,0.047454833984375,0.07537841796875,0.0872802734375,0.41046142578125,0.6695556640625,-0.01495361328125,1.419219970703125,5.889194965362549
725,0.3625,-0.0,-0.0,-0.0,-0.0,-0.0,-0.0,-2.3194732666015625,-4.99149227142334,-592.7534790039062,-180116.359375,67404.734375,-602.8887939453125,-0.0,-0.0,-0.0,-0.0,-0.0,-0.0,-0.0,-0.0,-0.0,-0.0,-0.0,-0.0,-0.00530242919921875,-0.0048065185546875,-0.00606536865234375,-0.007171630859375,-0.00637054443359375,-0.00644683837890625,-0.00850677490234375,-0.0107574462890625,-0.002288818359375,-0.008544921875,-0.01316070556640625,-0.00446319580078125,-0.0153350830078125,-0.00457763671875,-0.00225067138671875,-0.01312255859375,0.02410888671875,0.09033203125,0.081787109375,0.0885009765625,0.052337646484375,0.106048583984375,0.03509521484375,0.1129150390625,0.103302001953125,0.085296630859375,0.1123046875,0.087738037109375,-0.67047119140625,-0.73516845703125,0.44525146484375,-1.49505615234375,4.974541664123535
726,0.363,-0.0,-0.0,-0.0,-0.0,-0.0,-0.0,-1.9921389818191528,-4.842523097991943,-590.4557495117188,-179742.140625,67343.6328125,-568.6917724609375,-0.0,-0.0,-0.0,-0.0,-0.0,-0.0,-0.0,-0.0,-0.0,-0.0,-0.0,-0.0,-0.0075531005859375,-0.00881195068359375,-0.01216888427734375,-0.01556396484375,-0.010223388671875,-0.0135040283203125,-0.0090789794921875,-0.02216339111328125,-0.00782012939453125,-0.0112152099609375,-0.0220489501953125,-0.011138916015625,-0.0160980224609375,-0.00885009765625,-0.00453948974609375,-0.028533935546875,0.032958984375,0.02716064453125,0.06439208984375,0.081329345703125,0.08056640625,0.07568359375,0.096893310546875,0.07720947265625,0.10009765625,0.10498046875,0.1129150390625,0.104827880859375,-0.490264892578125,-0.42449951171875,0.29327392578125,-1.0711669921875,0.7061610817909241
727,0.3635,-0.0,-0.0,-0.0,-0.0,-0.0,-0.0,-2.5125951766967773,-4.841412544250488,-589.639892578125,-179563.328125,66851.3046875,-622.1883544921875,-0.0,-0.0,-0.0,-0.0,-0.0,-0.0,-0.0,-0.0,-0.0,-0.0,-0.0,-0.0,0.00751495361328125,0.00453948974609375,0.004730224609375,0.00873565673828125,0.004730224609375,0.00965118408203125,0.00606536865234375,0.0095367431640625,0.004730224609375,0.008392333984375,0.01445770263671875,0.00614166259765625,0.01796722412109375,0.0045013427734375,0.0041961669921875,0.012664794921875,0.1104736328125,0.08941650390625,0.077667236328125,0.110931396484375,0.072021484375,0.1141357421875,-0.055389404296875,0.093841552734375,0.091705322265625,-0.04852294921875,0.087738037109375,0.08209228515625,0.794677734375,0.65338134765625,0.0018310546875,1.77581787109375,5.584310531616211
728,0.364,-0.0,-0.0,-0.0,-0.0,-0.0,-0.0,-2.453995704650879,-4.827661514282227,-587.9810791015625,-179034.609375,66725.9921875,-495.6108093261719,-0.0,-0.0,-0.0,-0.0,-0.0,-0.0,-0.0,-0.0,-0.0,-0.0,-0.0,-0.0,0.00919342041015625,0.00774383544921875,0.01171112060546875,0.0146484375,0.011444091796875,0.01651763916015625,0.009307861328125,0.0231170654296875,0.005645751953125,0.0116729736328125,0.0237274169921875,0.01251220703125,0.01804351806640625,0.01110076904296875,0.005950927734375,0.0263214111328125,0.121002197265625,0.062103271484375,0.099639892578125,0.11932373046875,0.10650634765625,0.12115478515625,0.091400146484375,0.11077880859375,0.077972412109375,0.152130126953125,0.0836181640625,0.087890625,0.748748779296875,0.95703125,-0.04150390625,1.24359130859375,5.584310531616211
729,0.3645,-0.0,-0.0,-0.0,-0.0,-0.0,-0.0,-2.6763153076171875,-4.827578544616699,-586.927490234375,-178247.140625,66378.1796875,-456.1751708984375,-0.0,-0.0,-0.0,-0.0,-0.0,-0.0,-0.0,-0.0,-0.0,-0.0,-0.0,-0.0,-0.0043487548828125,-0.00370025634765625,-0.0057220458984375,-0.00675201416015625,-0.0057220458984375,-0.00743865966796875,-0.002593994140625,-0.01384735107421875,-0.00225067138671875,-0.00888824462890625,-0.0136566162109375,-0.00705718994140625,-0.01537322998046875,-0.00408172607421875,-0.0017547607421875,-0.013275146484375,-0.088348388671875,0.045318603515625,0.077972412109375,0.11016845703125,0.104827880859375,0.081024169921875,0.111541748046875,0.080718994140625,0.105438232421875,0.113067626953125,0.079498291015625,0.11505126953125,-0.39031982421875,-0.46356201171875,0.06500244140625,-1.32293701171875,4.669657230377197
730,0.365,-0.0,-0.0,-0.0,-0.0,-0.0,-0.0,-2.929450273513794,-4.694943904876709,-587.8239135742188,-178728.765625,66414.8359375,-504.9302673339844,-0.0,-0.0,-0.0,-0.0,-0.0,-0.0,-0.0,-0.0,-0.0,-0.0,-0.0,-0.0,-0.009002685546875,-0.0087738037109375,-0.010528564453125,-0.015716552734375,-0.0083160400390625,-0.01430511474609375,-0.01163482666015625,-0.0235748291015625,-0.00713348388671875,-0.0107574462890625,-0.024566650390625,-0.010986328125,-0.0162506103515625,-0.00896453857421875,-0.00621795654296875,-0.028533935546875,0.073089599609375,0.160369873046875,0.177154541015625,0.088958740234375,0.103607177734375,0.116729736328125,0.045318603515625,0.12237548828125,0.091400146484375,-0.0140380859375,0.091705322265625,0.11383056640625,-0.426025390625,-0.83740234375,0.25634765625,-0.913848876953125,-1.4280292987823486
731,0.3655,-0.0,-0.0,-0.0,-0.0,-0.0,-0.0,-2.929530620574951,-4.499730110168457,-584.626953125,-178176.34375,66127.7265625,-470.77825927734375,-0.0,-0.0,-0.0,-0.0,-0.0,-0.0,-0.0,-0.0,-0.0,-0.0,-0.0,-0.0,0.00301361083984375,0.005950927734375,0.0055694580078125,0.00812530517578125,0.00431060791015625,0.0064849853515625,0.00782012939453125,0.01163482666015625,0.0032806396484375,0.006103515625,0.01567840576171875,0.00690460205078125,0.01903533935546875,0.00476837158203125,0.00225067138671875,0.014190673828125,0.172882080078125,0.007781982421875,-0.03692626953125,0.077362060546875,0.106964111328125,0.07110595703125,0.1300048828125,0.002899169921875,0.109405517578125,0.145263671875,0.11688232421875,0.11138916015625,0.329742431640625,0.6365966796875,-0.0555419921875,1.837615966796875,4.364773273468018
732,0.366,-0.0,-0.0,-0.0,-0.0,-0.0,-0.0,-2.7973523139953613,-4.620447635650635,-584.739990234375,-178110.34375,65792.046875,-514.258544921875,-0.0,-0.0,-0.0,-0.0,-0.0,-0.0,-0.0,-0.0,-0.0,-0.0,-0.0,-0.0,0.00919342041015625,0.00926971435546875,0.01201629638671875,0.01514434814453125,0.009307861328125,0.01506805419921875,0.009613037109375,0.02429962158203125,0.0067138671875,0.01407623291015625,0.0246429443359375,0.0118255615234375,0.0164031982421875,0.01007080078125,0.00701904296875,0.0276947021484375,0.107421875,0.014190673828125,0.195159912109375,0.09246826171875,0.00274658203125,0.108184814453125,0.127716064453125,0.093231201171875,0.085906982421875,0.10711669921875,0.125579833984375,0.104217529296875,0.701751708984375,0.86029052734375,-0.1416015625,1.22955322265625,6.1940789222717285
733,0.3665,-0.0,-0.0,-0.0,-0.0,-0.0,-0.0,-2.2125155925750732,-4.962742805480957,-585.2756958007812,-178319.265625,65400.80859375,-603.4898681640625,-0.0,-0.0,-0.0,-0.0,-0.0,-0.0,-0.0,-0.0,-0.0,-0.0,-0.0,-0.0,-0.00545501708984375,-0.0023651123046875,-0.0072479248046875,-0.007171630859375,-0.00881195068359375,-0.00881195068359375,-0.00629425048828125,-0.0109100341796875,-0.00362396240234375,-0.0054931640625,-0.01491546630859375,-0.00591278076171875,-0.01506805419921875,-0.00476837158203125,-0.0016021728515625,-0.01445770263671875,0.13336181640625,0.1458740234375,0.169219970703125,0.11566162109375,0.084228515625,0.146942138671875,0.057830810546875,0.121002197265625,0.066680908203125,0.06378173828125,0.137481689453125,0.089111328125,-0.32196044921875,-0.49468994140625,0.20263671875,-1.65924072265625,4.974541664123535
734,0.367,-0.0,-0.0,-0.0,-0.0,-0.0,-0.0,-1.9910508394241333,-4.859580993652344,-585.7567749023438,-178201.5,65332.0078125,-765.02001953125,-0.0,-0.0,-0.0,-0.0,-0.0,-0.0,-0.0,-0.0,-0.0,-0.0,-0.0,-0.0,-0.00553131103515625,-0.00644683837890625,-0.01148223876953125,-0.0152587890625,-0.0119781494140625,-0.0136566162109375,-0.00896453857421875,-0.02086639404296875,-0.0054168701171875,-0.00843048095703125,-0.02349853515625,-0.01438140869140625,-0.01598358154296875,-0.00942230224609375,-0.00202178955078125,-0.02742767333984375,0.06134033203125,0.204010009765625,0.11260986328125,0.097198486328125,0.126190185546875,0.09979248046875,0.09857177734375,0.09490966796875,0.08636474609375,0.17913818359375,0.09368896484375,0.07781982421875,0.035400390625,-0.6182861328125,0.4949951171875,-1.2225341796875,-1.732913613319397
735,0.3675,-0.0,-0.0,-0.0,-0.0,-0.0,-0.0,-2.352057933807373,-5.3011250495910645,-585.8695068359375,-178442.25,65004.75390625,-680.907470703125,-0.0,-0.0,-0.0,-0.0,-0.0,-0.0,-0.0,-0.0,-0.0,-0.0,-0.0,-0.0,0.00514984130859375,0.00255584716796875,0.0054168701171875,0.009002685546875,0.00499725341796875,0.009307861328125,0.00545501708984375,0.01129150390625,0.0054168701171875,0.00591278076171875,0.0174713134765625,0.0064849853515625,0.01544952392578125,0.006103515625,0.0028228759765625,0.0138092041015625,0.128936767578125,0.10650634765625,0.0830078125,0.0848388671875,0.0897216796875,0.0732421875,0.075225830078125,0.115203857421875,0.09368896484375,0.024566650390625,0.081939697265625,0.081939697265625,0.52703857421875,0.7281494140625,-0.032958984375,1.470947265625,4.364773273468018
736,0.368,-0.0,-0.0,-0.0,-0.0,-0.0,-0.0,-1.8921891450881958,-5.338424205780029,-587.1151733398438,-178947.6875,64481.33984375,-811.8523559570312,-0.0,-0.0,-0.0,-0.0,-0.0,-0.0,-0.0,-0.0,-0.0,-0.0,-0.0,-0.0,0.00762939453125,0.008087158203125,0.0124359130859375,0.014801025390625,0.0103759765625,0.01247406005859375,0.009307861328125,0.02349853515625,0.00728607177734375,0.0087738037109375,0.0229644775390625,0.01224517822265625,0.0145721435546875,0.01110076904296875,0.00396728515625,0.02834320068359375,0.406494140625,0.0433349609375,0.0494384765625,0.10345458984375,0.067596435546875,0.0970458984375,0.04669189453125,0.0836181640625,0.094451904296875,0.014190673828125,0.053253173828125,0.093841552734375,0.09490966796875,0.849609375,-0.2484130859375,1.162261962890625,4.05988883972168
737,0.3685,-0.0,-0.0,-0.0,-0.0,-0.0,-0.0,-1.610966444015503,-5.671187400817871,-585.44091796875,-178814.03125,64270.1640625,-1140.030517578125,-0.0,-0.0,-0.0,-0.0,-0.0,-0.0,-0.0,-0.0,-0.0,-0.0,-0.0,-0.0,-0.0054168701171875,-0.00331878662109375,-0.005645751953125,-0.00820159912109375,-0.00530242919921875,-0.0090789794921875,-0.0052642822265625,-0.01079559326171875,-0.00431060791015625,-0.00591278076171875,-0.0124359130859375,-0.00946044921875,-0.01552581787109375,-0.0067138671875,-0.00091552734375,-0.0135040283203125,0.089569091796875,0.2703857421875,0.10284423828125,0.130462646484375,0.06866455078125,0.12359619140625,0.08331298828125,0.110931396484375,0.0714111328125,0.124664306640625,0.12359619140625,0.112152099609375,-0.107574462890625,-0.00732421875,0.0042724609375,-1.48345947265625,3.450119972229004
738,0.369,-0.0,-0.0,-0.0,-0.0,-0.0,-0.0,-0.0,-5.8771138191223145,-585.6276245117188,-178738.625,63956.125,-1372.7548828125,-0.0,-0.0,-0.0,-0.0,-0.0,-0.0,-0.0,-0.0,-0.0,-0.0,-0.0,-0.0,-0.00823974609375,-0.00728607177734375,-0.01007080078125,-0.01453399658203125,-0.0089263916015625,-0.01476287841796875,-0.0070953369140625,-0.023193359375,-0.00652313232421875,-0.0099945068359375,-0.0238800048828125,-0.00629425048828125,-0.01354217529296875,-0.0099945068359375,-0.005645751953125,-0.0263214111328125,-0.018463134765625,0.04364013671875,0.10711669921875,0.108795166015625,0.105438232421875,0.130157470703125,0.113525390625,0.131683349609375,0.083770751953125,0.11932373046875,0.137481689453125,0.111846923828125,-0.02044677734375,-0.9210205078125,0.64178466796875,-0.691070556640625,4.974541664123535
739,0.3695,-0.0,-0.0,-0.0,-0.0,-0.0,-0.0,0.7811141610145569,-5.785576820373535,-589.1277465820312,-178828.953125,63416.25,-1624.238037109375,-0.0,-0.0,-0.0,-0.0,-0.0,-0.0,-0.0,-0.0,-0.0,-0.0,-0.0,-0.0,0.00484466552734375,0.0045013427734375,0.00690460205078125,0.006866455078125,0.00652313232421875,0.00713348388671875,0.006256103515625,0.012969970703125,0.0028228759765625,0.00751495361328125,0.01453399658203125,0.005645751953125,0.0154876708984375,0.00385284423828125,0.00293731689453125,0.01285552978515625,0.21881103515625,0.119171142578125,0.115509033203125,0.0927734375,0.042877197265625,0.110321044921875,0.1141357421875,0.092010498046875,0.0897216796875,0.107879638671875,0.089569091796875,0.101470947265625,0.43365478515625,0.36163330078125,-0.1409912109375,1.348724365234375,1.6208140850067139
740,0.37,-0.0,-0.0,-0.0,-0.0,-0.0,-0.0,1.3859202861785889,-5.924016952514648,-586.0598754882812,-179130.46875,63123.46484375,-1779.844970703125,-0.0,-0.0,-0.0,-0.0,-0.0,-0.0,-0.0,-0.0,-0.0,-0.0,-0.0,-0.0,0.0077056884765625,0.00762939453125,0.0110626220703125,0.01544952392578125,0.010833740234375,0.015411376953125,0.00946044921875,0.023040771484375,0.0054931640625,0.01033782958984375,0.02155303955078125,0.01129150390625,0.01560211181640625,0.00946044921875,0.00476837158203125,0.02777099609375,0.16510009765625,0.13092041015625,0.118408203125,0.09246826171875,0.0714111328125,0.10650634765625,0.107879638671875,0.110015869140625,0.100860595703125,0.00732421875,0.09979248046875,0.1153564453125,0.5548095703125,0.826416015625,-0.3375244140625,1.290130615234375,2.8403513431549072
741,0.3705,-0.0,-0.0,-0.0,-0.0,-0.0,-0.0,1.6262600421905518,-5.999207973480225,-588.0445556640625,-179246.15625,62912.796875,-1824.9759521484375,-0.0,-0.0,-0.0,-0.0,-0.0,-0.0,-0.0,-0.0,-0.0,-0.0,-0.0,-0.0,-0.00644683837890625,-0.0043487548828125,-0.00576019287109375,-0.00774383544921875,-0.0063323974609375,-0.00820159912109375,-0.0067138671875,-0.01148223876953125,-0.00514984130859375,-0.00926971435546875,-0.0131988525390625,-0.00720977783203125,-0.01491546630859375,-0.00530242919921875,-0.00293731689453125,-0.01354217529296875,0.02227783203125,0.111236572265625,0.109710693359375,0.103759765625,0.133209228515625,0.09429931640625,0.118865966796875,0.12054443359375,0.092620849609375,0.107421875,0.0653076171875,0.0823974609375,-0.456085205078125,-0.37750244140625,0.2093505859375,-1.299896240234375,4.364773273468018
742,0.371,-0.0,-0.0,-0.0,-0.0,-0.0,-0.0,1.8324254751205444,-6.225475311279297,-588.3722534179688,-179269.359375,62662.6171875,-1913.0728759765625,-0.0,-0.0,-0.0,-0.0,-0.0,-0.0,-0.0,-0.0,-0.0,-0.0,-0.0,-0.0,-0.00946044921875,-0.008087158203125,-0.01056671142578125,-0.01361846923828125,-0.00957489013671875,-0.0135040283203125,-0.00701904296875,-0.02216339111328125,-0.00881195068359375,-0.011138916015625,-0.02162933349609375,-0.00736236572265625,-0.01422882080078125,-0.00850677490234375,-0.003814697265625,-0.02521514892578125,0.096282958984375,0.148162841796875,0.070953369140625,0.089263916015625,0.1239013671875,0.08941650390625,0.151214599609375,0.0335693359375,0.10406494140625,0.161590576171875,0.0701904296875,0.1019287109375,-0.40008544921875,-0.55694580078125,0.633544921875,-0.991973876953125,-0.5133762359619141
743,0.3715,-0.0,-0.0,-0.0,-0.0,-0.0,-0.0,2.3194732666015625,-6.233164310455322,-588.8887939453125,-179492.0,62338.48828125,-2142.789794921875,-0.0,-0.0,-0.0,-0.0,-0.0,-0.0,-0.0,-0.0,-0.0,-0.0,-0.0,-0.0,0.00560760498046875,0.0049591064453125,0.00583648681640625,0.007476806640625,0.00591278076171875,0.008087158203125,0.0064849853515625,0.01270294189453125,0.00431060791015625,0.01007080078125,0.0127410888671875,0.00652313232421875,0.01728057861328125,0.0045013427734375,0.0026702880859375,0.01369476318359375,-0.013885498046875,-0.127716064453125,0.0238037109375,0.093841552734375,0.15228271484375,0.093994140625,0.0421142578125,0.08575439453125,0.094451904296875,0.045928955078125,0.11993408203125,0.10498046875,0.673370361328125,0.1605224609375,0.010986328125,1.47125244140625,3.145235776901245
744,0.372,-0.0,-0.0,-0.0,-0.0,-0.0,-0.0,2.373648166656494,-5.690814018249512,-588.3441772460938,-179503.140625,62091.6796875,-2043.2589111328125,-0.0,-0.0,-0.0,-0.0,-0.0,-0.0,-0.0,-0.0,-0.0,-0.0,-0.0,-0.0,0.00835418701171875,0.00827789306640625,0.01308441162109375,0.01708984375,0.01186370849609375,0.01300811767578125,0.007171630859375,0.0218963623046875,0.0074005126953125,0.010986328125,0.02437591552734375,0.0106048583984375,0.0183868408203125,0.00865936279296875,0.003204345703125,0.0263214111328125,-0.043182373046875,0.22705078125,0.129852294921875,0.100250244140625,0.07720947265625,0.107269287109375,0.102386474609375,0.106964111328125,0.0830078125,0.04547119140625,0.114593505859375,0.099334716796875,0.736541748046875,0.95672607421875,-0.4559326171875,1.7022705078125,4.974541664123535
745,0.3725,-0.0,-0.0,-0.0,-0.0,-0.0,-0.0,2.311028003692627,-5.4638519287109375,-587.3048706054688,-179702.046875,61901.578125,-2076.766845703125,-0.0,-0.0,-0.0,-0.0,-0.0,-0.0,-0.0,-0.0,-0.0,-0.0,-0.0,-0.0,-0.0051116943359375,-0.00415802001953125,-0.0060272216796875,-0.009002685546875,-0.00339508056640625,-0.0087738037109375,-0.0046539306640625,-0.0121307373046875,-0.0031280517578125,-0.00782012939453125,-0.013885498046875,-0.00553131103515625,-0.01628875732421875,-0.005645751953125,-0.00240325927734375,-0.0139617919921875,0.111846923828125,0.17547607421875,0.090179443359375,0.102996826171875,0.118408203125,0.072784423828125,0.06072998046875,0.108795166015625,0.09735107421875,0.190582275390625,0.097503662109375,0.0982666015625,-0.0970458984375,-0.23529052734375,0.39794921875,-1.167449951171875,2.8403513431549072
746,0.373,-0.0,-0.0,-0.0,-0.0,-0.0,-0.0,2.5247087478637695,-5.677555561065674,-587.4974975585938,-179804.046875,61519.83984375,-2031.7130126953125,-0.0,-0.0,-0.0,-0.0,-0.0,-0.0,-0.0,-0.0,-0.0,-0.0,-0.0,-0.0,-0.005035400390625,-0.00736236572265625,-0.01110076904296875,-0.0144195556640625,-0.01094818115234375,-0.0148773193359375,-0.00865936279296875,-0.01911163330078125,-0.00621795654296875,-0.01064300537109375,-0.02300262451171875,-0.0128173828125,-0.01678466796875,-0.01220703125,-0.003509521484375,-0.02685546875,0.1690673828125,0.06103515625,0.0653076171875,0.0811767578125,0.08575439453125,0.093231201171875,0.22613525390625,0.103759765625,0.101318359375,0.135498046875,0.1092529296875,0.10040283203125,-0.653533935546875,-0.931396484375,0.184326171875,-1.1700439453125,-3.8671038150787354
747,0.3735,-0.0,-0.0,-0.0,-0.0,-0.0,-0.0,2.738872766494751,-5.476898193359375,-588.5560913085938,-179650.90625,61656.9140625,-2173.39111328125,-0.0,-0.0,-0.0,-0.0,-0.0,-0.0,-0.0,-0.0,-0.0,-0.0,-0.0,-0.0,0.0055694580078125,0.00476837158203125,0.005340576171875,0.01041412353515625,0.00507354736328125,0.00926971435546875,0.00591278076171875,0.0109100341796875,0.00514984130859375,0.00438690185546875,0.0168609619140625,0.00804901123046875,0.01300811767578125,0.00804901123046875,0.000457763671875,0.0160980224609375,0.030517578125,0.12237548828125,0.1373291015625,0.11260986328125,0.114288330078125,0.11810302734375,0.123443603515625,0.109100341796875,0.08575439453125,0.0091552734375,0.106048583984375,0.09765625,0.1263427734375,0.3521728515625,0.16815185546875,0.949859619140625,5.889194965362549
748,0.374,-0.0,-0.0,-0.0,-0.0,-0.0,-0.0,2.1507246494293213,-5.793476104736328,-587.4432373046875,-179777.078125,61798.30859375,-1863.6795654296875,-0.0,-0.0,-0.0,-0.0,-0.0,-0.0,-0.0,-0.0,-0.0,-0.0,-0.0,-0.0,0.00637054443359375,0.00591278076171875,0.01186370849609375,0.0156402587890625,0.0110626220703125,0.01617431640625,0.009307861328125,0.02262115478515625,0.00579833984375,0.009918212890625,0.02361297607421875,0.0089263916015625,0.0170135498046875,0.01132965087890625,0.00560760498046875,0.02593994140625,0.196075439453125,0.1165771484375,0.093994140625,0.10284423828125,-0.03662109375,0.102386474609375,0.078277587890625,0.102386474609375,0.088348388671875,0.006256103515625,0.0823974609375,0.08880615234375,0.329132080078125,1.17431640625,-0.216064453125,1.41204833984375,4.974541664123535
749,0.3745,-0.0,-0.0,-0.0,-0.0,-0.0,-0.0,1.7446011304855347,-5.536068439483643,-586.7886352539062,-179474.828125,61497.19921875,-1863.4197998046875,-0.0,-0.0,-0.0,-0.0,-0.0,-0.0,-0.0,-0.0,-0.0,-0.0,-0.0,-0.0,-0.00476837158203125,-0.00377655029296875,-0.006256103515625,-0.00774383544921875,-0.005950927734375,-0.0072479248046875,-0.00392913818359375,-0.01163482666015625,-0.00301361083984375,-0.0075531005859375,-0.00972747802734375,-0.00507354736328125,-0.0174713134765625,-0.00457763671875,-0.00362396240234375,-0.012664794921875,-0.0311279296875,0.11444091796875,0.0836181640625,0.1055908203125,0.153350830078125,0.086822509765625,0.135345458984375,0.104827880859375,0.086822509765625,0.20599365234375,0.078125,0.072784423828125,-0.036468505859375,0.38848876953125,0.20416259765625,-1.2322998046875,1.0110454559326172
750,0.375,-0.0,-0.0,-0.0,-0.0,-0.0,-0.0,1.1203761100769043,-4.902172088623047,-589.0521850585938,-179712.765625,61646.06640625,-1620.293701171875,-0.0,-0.0,-0.0,-0.0,-0.0,-0.0,-0.0,-0.0,-0.0,-0.0,-0.0,-0.0,-0.0058746337890625,-0.0064849853515625,-0.01094818115234375,-0.015716552734375,-0.010223388671875,-0.01323699951171875,-0.00965118408203125,-0.0212860107421875,-0.00621795654296875,-0.0055694580078125,-0.02323150634765625,-0.01087188720703125,-0.0177764892578125,-0.01033782958984375,-0.0046539306640625,-0.0269317626953125,0.046539306640625,0.02532958984375,0.09857177734375,0.128936767578125,0.117034912109375,0.10498046875,0.059661865234375,0.102996826171875,0.0799560546875,0.11932373046875,0.12481689453125,0.065765380859375,0.18463134765625,-0.850830078125,0.2703857421875,-1.4678955078125,-1.732913613319397
751,0.3755,-0.0,-0.0,-0.0,-0.0,-0.0,-0.0,0.6375406980514526,-5.080432891845703,-586.589111328125,-179195.53125,61498.3125,-1478.478271484375,-0.0,-0.0,-0.0,-0.0,-0.0,-0.0,-0.0,-0.0,-0.0,-0.0,-0.0,-0.0,0.0041961669921875,0.005950927734375,0.00606536865234375,0.0103759765625,0.00652313232421875,0.00743865966796875,0.0064849853515625,0.01194000244140625,0.003814697265625,0.0067138671875,0.010986328125,0.00621795654296875,0.01800537109375,0.0055694580078125,0.004119873046875,0.01506805419921875,0.0885009765625,0.106048583984375,0.11322021484375,0.134735107421875,0.060577392578125,0.09124755859375,0.1068115234375,0.11566162109375,0.072021484375,0.1318359375,0.082855224609375,0.106353759765625,0.497894287109375,-0.12664794921875,-0.040283203125,1.264190673828125,12.291766166687012
752,0.376,-0.0,-0.0,-0.0,-0.0,-0.0,-0.0,0.40883851051330566,-4.660755634307861,-587.8972778320312,-179478.40625,61612.609375,-1616.4388427734375,-0.0,-0.0,-0.0,-0.0,-0.0,-0.0,-0.0,-0.0,-0.0,-0.0,-0.0,-0.0,0.00843048095703125,0.00621795654296875,0.01186370849609375,0.016632080078125,0.01232147216796875,0.01590728759765625,0.00736236572265625,0.0211334228515625,0.00583648681640625,0.011444091796875,0.0232696533203125,0.011444091796875,0.0179290771484375,0.01125335693359375,0.00698089599609375,0.025787353515625,0.2874755859375,-0.02044677734375,0.009307861328125,0.069580078125,0.11749267578125,0.052947998046875,0.12298583984375,0.09490966796875,0.097198486328125,0.08148193359375,0.092010498046875,0.140838623046875,0.55694580078125,0.8380126953125,-0.07598876953125,1.59759521484375,8.633153915405273
753,0.3765,-0.0,-0.0,-0.0,-0.0,-0.0,-0.0,0.9062246680259705,-5.055825710296631,-586.734130859375,-179618.0625,61061.765625,-1591.851318359375,-0.0,-0.0,-0.0,-0.0,-0.0,-0.0,-0.0,-0.0,-0.0,-0.0,-0.0,-0.0,-0.00408172607421875,-0.00492095947265625,-0.00545501708984375,-0.00896453857421875,-0.004730224609375,-0.007781982421875,-0.00568389892578125,-0.01277923583984375,-0.00396728515625,-0.008087158203125,-0.0116729736328125,-0.00690460205078125,-0.0162506103515625,-0.0045013427734375,-0.00354766845703125,-0.013275146484375,0.095062255859375,0.373382568359375,0.143280029296875,0.087432861328125,0.07537841796875,0.1123046875,0.058135986328125,0.09735107421875,0.054168701171875,0.04669189453125,0.14007568359375,0.1202392578125,-0.1080322265625,-0.0323486328125,0.15380859375,-1.15386962890625,-1.1231448650360107
754,0.377,-0.0,-0.0,-0.0,-0.0,-0.0,-0.0,0.930694043636322,-5.295588493347168,-586.4823608398438,-179825.734375,61323.3046875,-1613.0987548828125,-0.0,-0.0,-0.0,-0.0,-0.0,-0.0,-0.0,-0.0,-0.0,-0.0,-0.0,-0.0,-0.0067901611328125,-0.00843048095703125,-0.01125335693359375,-0.0140380859375,-0.0122833251953125,-0.01430511474609375,-0.00850677490234375,-0.02101898193359375,-0.0048065185546875,-0.01110076904296875,-0.0229644775390625,-0.01285552978515625,-0.0140380859375,-0.01094818115234375,-0.0048065185546875,-0.02613067626953125,0.10009765625,0.074462890625,0.087432861328125,0.066070556640625,0.0982666015625,0.07415771484375,0.097808837890625,0.078887939453125,0.067596435546875,0.11871337890625,0.08697509765625,0.114288330078125,-0.56365966796875,-0.93841552734375,0.25848388671875,-1.0906982421875,0.7061610817909241
755,0.3775,-0.0,-0.0,-0.0,-0.0,-0.0,-0.0,1.2489471435546875,-5.054891109466553,-587.7926025390625,-179820.765625,61048.7734375,-1838.2646484375,-0.0,-0.0,-0.0,-0.0,-0.0,-0.0,-0.0,-0.0,-0.0,-0.0,-0.0,-0.0,0.0054168701171875,0.0029754638671875,0.0069427490234375,0.00957489013671875,0.00713348388671875,0.00896453857421875,0.00385284423828125,0.01190185546875,0.00522613525390625,0.005645751953125,0.0153350830078125,0.00507354736328125,0.01567840576171875,0.00728607177734375,0.00152587890625,0.01705169677734375,-0.02777099609375,0.2947998046875,0.10833740234375,0.097503662109375,0.0701904296875,0.098876953125,0.164794921875,0.094451904296875,0.072784423828125,0.037689208984375,0.0909423828125,0.10101318359375,0.148162841796875,-0.00946044921875,0.078125,1.0992431640625,5.584310531616211
756,0.378,-0.0,-0.0,-0.0,-0.0,-0.0,-0.0,1.2105860710144043,-5.920709133148193,-586.9347534179688,-179538.640625,61088.015625,-1805.595947265625,-0.0,-0.0,-0.0,-0.0,-0.0,-0.0,-0.0,-0.0,-0.0,-0.0,-0.0,-0.0,0.008697509765625,0.00835418701171875,0.01270294189453125,0.01583099365234375,0.00988006591796875,0.01438140869140625,0.00789642333984375,0.02109527587890625,0.0057220458984375,0.01125335693359375,0.0263214111328125,0.01251220703125,0.01880645751953125,0.0099945068359375,0.0032806396484375,0.024871826171875,0.051727294921875,0.0701904296875,0.110931396484375,0.09246826171875,0.1007080078125,0.09521484375,0.16021728515625,0.094146728515625,0.083465576171875,0.26153564453125,0.098724365234375,0.067901611328125,0.663909912109375,1.1328125,-0.2239990234375,1.2908935546875,3.450119972229004
757,0.3785,-0.0,-0.0,-0.0,-0.0,-0.0,-0.0,1.1091018915176392,-5.334577560424805,-586.2763671875,-179264.203125,61182.3125,-1763.2606201171875,-0.0,-0.0,-0.0,-0.0,-0.0,-0.0,-0.0,-0.0,-0.0,-0.0,-0.0,-0.0,-0.00423431396484375,-0.003814697265625,-0.00682830810546875,-0.00774383544921875,-0.0064849853515625,-0.0067901611328125,-0.00667572021484375,-0.01312255859375,-0.00400543212890625,-0.0081634521484375,-0.0112152099609375,-0.00659942626953125,-0.01522064208984375,-0.004730224609375,-0.0041961669921875,-0.0141143798828125,0.089263916015625,0.113983154296875,0.125274658203125,0.106201171875,0.17547607421875,0.092010498046875,0.057830810546875,0.1068115234375,0.08544921875,-0.009765625,0.106353759765625,0.09979248046875,-0.190277099609375,0.16204833984375,0.0518798828125,-0.66558837890625,2.5354671478271484
758,0.379,-0.0,-0.0,-0.0,-0.0,-0.0,-0.0,0.6118977665901184,-5.998044490814209,-587.08935546875,-179417.96875,61237.5625,-1567.58642578125,-0.0,-0.0,-0.0,-0.0,-0.0,-0.0,-0.0,-0.0,-0.0,-0.0,-0.0,-0.0,-0.00682830810546875,-0.00560760498046875,-0.0112152099609375,-0.01361846923828125,-0.00957489013671875,-0.0118255615234375,-0.00598907470703125,-0.02178192138671875,-0.007476806640625,-0.012054443359375,-0.0225067138671875,-0.01163482666015625,-0.01590728759765625,-0.00934600830078125,-0.00347137451171875,-0.02445220947265625,0.19195556640625,0.126190185546875,0.096282958984375,0.109710693359375,0.14434814453125,0.09429931640625,0.132293701171875,0.09368896484375,0.102081298828125,0.296478271484375,0.08209228515625,0.111846923828125,-0.418548583984375,-0.87493896484375,0.362548828125,-1.23626708984375,-1.1231448650360107
759,0.3795,-0.0,-0.0,-0.0,-0.0,-0.0,-0.0,0.13924306631088257,-5.526084899902344,-585.925537109375,-179107.875,61453.58203125,-1613.3548583984375,-0.0,-0.0,-0.0,-0.0,-0.0,-0.0,-0.0,-0.0,-0.0,-0.0,-0.0,-0.0,0.0064849853515625,0.00377655029296875,0.00621795654296875,0.0092315673828125,0.00640869140625,0.0096893310546875,0.00621795654296875,0.0121307373046875,0.00469207763671875,0.0075531005859375,0.0150299072265625,0.00949859619140625,0.0150299072265625,0.0052642822265625,0.0019073486328125,0.01705169677734375,0.036468505859375,-0.042266845703125,0.07080078125,0.11962890625,0.13641357421875,0.097808837890625,0.086212158203125,0.10223388671875,0.108489990234375,0.09918212890625,0.09429931640625,0.105743408203125,0.45166015625,0.03662109375,0.2349853515625,1.148529052734375,7.108732223510742
760,0.38,-0.0,-0.0,-0.0,-0.0,-0.0,-0.0,-0.012455088086426258,-5.7437005043029785,-586.024169921875,-179519.9375,61284.69140625,-1621.1163330078125,-0.0,-0.0,-0.0,-0.0,-0.0,-0.0,-0.0,-0.0,-0.0,-0.0,-0.0,-0.0,0.007171630859375,0.0083160400390625,0.01171112060546875,0.016937255859375,0.0104522705078125,0.0141143798828125,0.00782012939453125,0.02231597900390625,0.00583648681640625,0.00827789306640625,0.02452850341796875,0.01071929931640625,0.01438140869140625,0.0106048583984375,0.0054168701171875,0.02674102783203125,0.128326416015625,-0.052490234375,0.070343017578125,0.100555419921875,0.128326416015625,0.090179443359375,0.110931396484375,0.09063720703125,0.11322021484375,0.18218994140625,0.125579833984375,0.08331298828125,0.40740966796875,1.302490234375,-0.25726318359375,1.08184814453125,3.450119972229004
761,0.3805,-0.0,-0.0,-0.0,-0.0,-0.0,-0.0,-0.356842041015625,-5.538445949554443,-587.7506713867188,-179764.6875,61527.60546875,-1323.48291015625,-0.0,-0.0,-0.0,-0.0,-0.0,-0.0,-0.0,-0.0,-0.0,-0.0,-0.0,-0.0,-0.0043487548828125,-0.005645751953125,-0.0057220458984375,-0.00804901123046875,-0.00614166259765625,-0.0063323974609375,-0.01026153564453125,-0.01209259033203125,-0.0058746337890625,-0.0064849853515625,-0.013427734375,-0.00640869140625,-0.01689910888671875,-0.00743865966796875,-0.002288818359375,-0.01468658447265625,0.218353271484375,0.347442626953125,0.14251708984375,0.1153564453125,0.065460205078125,0.12969970703125,0.1275634765625,0.11260986328125,0.105438232421875,-0.060882568359375,0.106964111328125,0.045928955078125,0.23529052734375,0.1318359375,0.12603759765625,-1.025543212890625,1.6208140850067139
762,0.381,-0.0,-0.0,-0.0,-0.0,-0.0,-0.0,-0.41843730211257935,-5.3478240966796875,-586.3274536132812,-179738.421875,61522.984375,-1487.4842529296875,-0.0,-0.0,-0.0,-0.0,-0.0,-0.0,-0.0,-0.0,-0.0,-0.0,-0.0,-0.0,-0.00782012939453125,-0.00644683837890625,-0.01132965087890625,-0.01049041748046875,-0.00972747802734375,-0.0130462646484375,-0.0064849853515625,-0.02124786376953125,-0.0061798095703125,-0.01087188720703125,-0.0249481201171875,-0.01186370849609375,-0.013427734375,-0.00713348388671875,-0.0037384033203125,-0.0237274169921875,0.146484375,0.120697021484375,0.0762939453125,0.11138916015625,0.127716064453125,0.113067626953125,0.212554931640625,0.11260986328125,0.11688232421875,0.319671630859375,0.106201171875,0.06988525390625,-0.4132080078125,-1.0308837890625,0.5926513671875,-1.00982666015625,-0.5133762359619141
763,0.3815,-0.0,-0.0,-0.0,-0.0,-0.0,-0.0,-0.563282310962677,-5.983963966369629,-587.4491577148438,-179380.59375,61556.0078125,-1567.7191162109375,-0.0,-0.0,-0.0,-0.0,-0.0,-0.0,-0.0,-0.0,-0.0,-0.0,-0.0,-0.0,0.005645751953125,0.00331878662109375,0.007171630859375,0.00896453857421875,0.00640869140625,0.008544921875,0.00263214111328125,0.01255035400390625,0.00431060791015625,0.0054168701171875,0.01773834228515625,0.00759124755859375,0.01430511474609375,0.00652313232421875,0.003204345703125,0.01644134521484375,-0.1434326171875,-0.081787109375,0.13458251953125,0.109100341796875,0.143890380859375,0.105438232421875,0.12542724609375,0.038299560546875,0.11260986328125,-0.044403076171875,0.146484375,0.11199951171875,0.114288330078125,0.48431396484375,0.21148681640625,0.80902099609375,6.498963356018066
764,0.382,-0.0,-0.0,-0.0,-0.0,-0.0,-0.0,0.37304261326789856,-6.073024749755859,-585.010498046875,-179114.203125,61574.01953125,-1658.5125732421875,-0.0,-0.0,-0.0,-0.0,-0.0,-0.0,-0.0,-0.0,-0.0,-0.0,-0.0,-0.0,0.00736236572265625,0.00682830810546875,0.01064300537109375,0.01346588134765625,0.01087188720703125,0.01537322998046875,0.01056671142578125,0.02185821533203125,0.00598907470703125,0.00972747802734375,0.02288818359375,0.008544921875,0.01705169677734375,0.006866455078125,0.00324249267578125,0.024871826171875,0.06591796875,0.261077880859375,0.101470947265625,0.078582763671875,0.118255615234375,0.0848388671875,0.113677978515625,0.089263916015625,0.12481689453125,0.132598876953125,0.09613037109375,0.13153076171875,0.389404296875,0.8935546875,-0.43975830078125,1.492919921875,4.364773273468018
765,0.3825,-0.0,-0.0,-0.0,-0.0,-0.0,-0.0,0.34472718834877014,-6.234725475311279,-584.6087036132812,-179270.21875,61829.16015625,-1943.0404052734375,-0.0,-0.0,-0.0,-0.0,-0.0,-0.0,-0.0,-0.0,-0.0,-0.0,-0.0,-0.0,-0.004425048828125,-0.00545501708984375,-0.00667572021484375,-0.00926971435546875,-0.0063323974609375,-0.00606536865234375,-0.00576019287109375,-0.01262664794921875,-0.00408172607421875,-0.00576019287109375,-0.01247406005859375,-0.0099945068359375,-0.01499176025390625,-0.006256103515625,-0.0040435791015625,-0.0168609619140625,0.18280029296875,0.1300048828125,0.088958740234375,0.083770751953125,0.1116943359375,0.104522705078125,0.10833740234375,0.09185791015625,0.128173828125,0.09124755859375,0.130462646484375,0.131988525390625,0.165863037109375,0.0787353515625,-0.269775390625,-0.6109619140625,0.40127673745155334
766,0.383,-0.0,-0.0,-0.0,-0.0,-0.0,-0.0,0.5282175540924072,-6.506519317626953,-583.8738403320312,-178791.296875,61585.11328125,-1960.6634521484375,-0.0,-0.0,-0.0,-0.0,-0.0,-0.0,-0.0,-0.0,-0.0,-0.0,-0.0,-0.0,-0.00827789306640625,-0.00743865966796875,-0.01186370849609375,-0.0128173828125,-0.009613037109375,-0.01247406005859375,-0.00934600830078125,-0.02239227294921875,-0.0070953369140625,-0.011138916015625,-0.0231170654296875,-0.0106048583984375,-0.01537322998046875,-0.00957489013671875,-0.0037384033203125,-0.02254486083984375,0.0677490234375,0.004425048828125,0.103607177734375,0.0836181640625,0.06439208984375,0.07537841796875,0.052032470703125,0.092926025390625,0.147247314453125,-0.071563720703125,0.125274658203125,0.12420654296875,-0.43609619140625,-0.93841552734375,0.498046875,-0.997161865234375,-2.0377979278564453
767,0.3835,-0.0,-0.0,-0.0,-0.0,-0.0,-0.0,0.4515132009983063,-7.065208911895752,-581.7347412109375,-178506.46875,61602.703125,-1894.7938232421875,-0.0,-0.0,-0.0,-0.0,-0.0,-0.0,-0.0,-0.0,-0.0,-0.0,-0.0,-0.0,0.00667572021484375,0.00545501708984375,0.00759124755859375,0.0113677978515625,0.00698089599609375,0.0104522705078125,0.006866455078125,0.011444091796875,0.00537872314453125,0.0055694580078125,0.0147247314453125,0.0074005126953125,0.0148773193359375,0.0072479248046875,0.00408172607421875,0.01705169677734375,0.1519775390625,0.146636962890625,0.085296630859375,0.09918212890625,0.157470703125,0.10040283203125,0.1043701171875,0.09490966796875,0.133819580078125,0.431365966796875,0.10406494140625,0.10589599609375,0.178985595703125,0.03326416015625,0.08270263671875,0.778350830078125,7.108732223510742
768,0.384,-0.0,-0.0,-0.0,-0.0,-0.0,-0.0,0.3745858669281006,-7.005600452423096,-581.1224365234375,-177866.84375,61754.5703125,-2095.56494140625,-0.0,-0.0,-0.0,-0.0,-0.0,-0.0,-0.0,-0.0,-0.0,-0.0,-0.0,-0.0,0.0055694580078125,0.007476806640625,0.01190185546875,0.01583099365234375,0.0116729736328125,0.01239776611328125,0.0102996826171875,0.02071380615234375,0.00667572021484375,0.009307861328125,0.0223541259765625,0.00911712646484375,0.0142669677734375,0.0110626220703125,0.00385284423828125,0.02490997314453125,0.10955810546875,0.03173828125,0.08819580078125,0.10101318359375,0.089263916015625,0.104827880859375,0.13031005859375,0.103607177734375,0.131072998046875,0.13092041015625,0.093231201171875,0.083465576171875,0.3985595703125,0.865478515625,-0.2191162109375,1.3494873046875,5.279426097869873
769,0.3845,-0.0,-0.0,-0.0,-0.0,-0.0,-0.0,0.7082685232162476,-6.607467174530029,-576.6705932617188,-177223.828125,61220.734375,-1800.9169921875,-0.0,-0.0,-0.0,-0.0,-0.0,-0.0,-0.0,-0.0,-0.0,-0.0,-0.0,-0.0,-0.004119873046875,-0.00370025634765625,-0.00606536865234375,-0.00896453857421875,-0.00560760498046875,-0.00835418701171875,-0.00514984130859375,-0.0125885009765625,-0.003662109375,-0.00461578369140625,-0.0136566162109375,-0.008087158203125,-0.01583099365234375,-0.00545501708984375,-0.00316619873046875,-0.016326904296875,0.096893310546875,0.112762451171875,0.103607177734375,0.109100341796875,0.076141357421875,0.127716064453125,0.116119384765625,0.105133056640625,0.120391845703125,0.139923095703125,0.108184814453125,0.101165771484375,0.322418212890625,0.076904296875,-0.07904052734375,-0.657196044921875,2.5354671478271484
770,0.385,-0.0,-0.0,-0.0,-0.0,-0.0,-0.0,-1.1312012672424316,-6.239128112792969,-576.0831298828125,-176904.421875,61387.70703125,-1620.7886962890625,-0.0,-0.0,-0.0,-0.0,-0.0,-0.0,-0.0,-0.0,-0.0,-0.0,-0.0,-0.0,-0.0090789794921875,-0.0080108642578125,-0.01049041748046875,-0.01220703125,-0.00949859619140625,-0.01331329345703125,-0.008087158203125,-0.02025604248046875,-0.0041961669921875,-0.0109100341796875,-0.021514892578125,-0.00946044921875,-0.01800537109375,-0.00820159912109375,-0.0040435791015625,-0.0231170654296875,0.070343017578125,0.1849365234375,0.08941650390625,0.087890625,0.12908935546875,0.088348388671875,0.10528564453125,0.09429931640625,0.1104736328125,0.06134033203125,0.1007080078125,0.06927490234375,-0.489501953125,-0.50750732421875,0.78369140625,-1.597137451171875,-1.4280292987823486
771,0.3855,-0.0,-0.0,-0.0,-0.0,-0.0,-0.0,-1.5165786743164062,-5.661948204040527,-576.9571533203125,-175930.828125,61440.15625,-1470.1279296875,-0.0,-0.0,-0.0,-0.0,-0.0,-0.0,-0.0,-0.0,-0.0,-0.0,-0.0,-0.0,0.00518798828125,0.00316619873046875,0.00835418701171875,0.010528564453125,0.00583648681640625,0.00957489013671875,0.00461578369140625,0.01438140869140625,0.00347137451171875,0.00812530517578125,0.0135040283203125,0.00812530517578125,0.01682281494140625,0.005340576171875,0.00316619873046875,0.0167083740234375,0.1263427734375,0.13824462890625,0.100860595703125,0.0909423828125,0.13946533203125,0.088958740234375,0.23468017578125,0.094757080078125,0.076141357421875,0.196075439453125,0.08880615234375,0.06500244140625,0.096893310546875,0.0396728515625,0.1947021484375,0.912322998046875,-2.0377979278564453
772,0.386,-0.0,-0.0,-0.0,-0.0,-0.0,-0.0,-2.3854355812072754,-5.727572917938232,-573.564208984375,-175158.109375,61665.43359375,-1250.0062255859375,-0.0,-0.0,-0.0,-0.0,-0.0,-0.0,-0.0,-0.0,-0.0,-0.0,-0.0,-0.0,0.00820159912109375,0.007476806640625,0.012054443359375,0.01621246337890625,0.0110626220703125,0.0128173828125,0.0064849853515625,0.01873016357421875,0.007171630859375,0.0104522705078125,0.0222015380859375,0.0101470947265625,0.01613616943359375,0.01209259033203125,0.00392913818359375,0.0252532958984375,0.12115478515625,0.141143798828125,0.09613037109375,0.101470947265625,0.10406494140625,0.1025390625,0.068206787109375,0.09918212890625,0.04791259765625,-0.025787353515625,0.077972412109375,0.09185791015625,0.743560791015625,0.86822509765625,-0.03631591796875,1.5325927734375,3.755004405975342
773,0.3865,-0.0,-0.0,-0.0,-0.0,-0.0,-0.0,-2.4631824493408203,-5.270254135131836,-570.9219970703125,-174982.109375,61599.86328125,-1075.3175048828125,-0.0,-0.0,-0.0,-0.0,-0.0,-0.0,-0.0,-0.0,-0.0,-0.0,-0.0,-0.0,-0.00461578369140625,-0.0031280517578125,-0.0075531005859375,-0.0087738037109375,-0.005645751953125,-0.008544921875,-0.00518798828125,-0.01323699951171875,-0.00453948974609375,-0.00640869140625,-0.01430511474609375,-0.0037384033203125,-0.01224517822265625,-0.0049591064453125,-0.00301361083984375,-0.01678466796875,0.157470703125,0.017852783203125,0.10162353515625,0.117034912109375,0.107269287109375,0.10498046875,0.154876708984375,0.122528076171875,0.016021728515625,0.1239013671875,0.117034912109375,0.08819580078125,0.170440673828125,0.01861572265625,0.33905029296875,-0.271148681640625,2.8403513431549072
774,0.387,-0.0,-0.0,-0.0,-0.0,-0.0,-0.0,-2.520869731903076,-5.258693695068359,-569.9869995117188,-174182.359375,61758.9375,-1092.220458984375,-0.0,-0.0,-0.0,-0.0,-0.0,-0.0,-0.0,-0.0,-0.0,-0.0,-0.0,-0.0,-0.00698089599609375,-0.00797271728515625,-0.00919342041015625,-0.0127410888671875,-0.00823974609375,-0.01255035400390625,-0.00850677490234375,-0.02101898193359375,-0.00698089599609375,-0.009002685546875,-0.02288818359375,-0.01251220703125,-0.016937255859375,-0.00957489013671875,-0.00377655029296875,-0.02384185791015625,0.013427734375,0.024566650390625,0.109710693359375,0.1025390625,0.0994873046875,0.111236572265625,0.10284423828125,0.099334716796875,0.02593994140625,0.18951416015625,0.10894775390625,0.094757080078125,-0.31524658203125,-0.72662353515625,0.15106201171875,-1.33941650390625,-1.4280292987823486
775,0.3875,-0.0,-0.0,-0.0,-0.0,-0.0,-0.0,-2.3879923820495605,-4.881499290466309,-569.8516235351562,-173876.078125,62021.57421875,-1001.3175048828125,-0.0,-0.0,-0.0,-0.0,-0.0,-0.0,-0.0,-0.0,-0.0,-0.0,-0.0,-0.0,0.00518798828125,0.004425048828125,0.00751495361328125,0.00934600830078125,0.00705718994140625,0.00911712646484375,0.0041961669921875,0.0122833251953125,0.0060272216796875,0.00690460205078125,0.0153350830078125,0.00629425048828125,0.01438140869140625,0.00759124755859375,0.0025177001953125,0.01720428466796875,0.086669921875,0.1519775390625,0.106353759765625,0.1025390625,0.09124755859375,0.103302001953125,0.07293701171875,0.103759765625,0.02960205078125,0.028228759765625,0.067138671875,0.092620849609375,0.206146240234375,0.10711669921875,0.02532958984375,0.771026611328125,4.974541664123535
776,0.388,-0.0,-0.0,-0.0,-0.0,-0.0,-0.0,-2.976323366165161,-5.02537202835083,-568.702880859375,-173563.40625,61774.6171875,-1048.5731201171875,-0.0,-0.0,-0.0,-0.0,-0.0,-0.0,-0.0,-0.0,-0.0,-0.0,-0.0,-0.0,0.00911712646484375,0.0070953369140625,0.0106048583984375,0.01251220703125,0.00957489013671875,0.0122833251953125,0.007476806640625,0.02048492431640625,0.00576019287109375,0.009613037109375,0.02410888671875,0.01251220703125,0.0159454345703125,0.00820159912109375,0.00438690185546875,0.0237274169921875,0.116729736328125,0.080413818359375,0.103759765625,0.102386474609375,0.10009765625,0.102691650390625,0.050048828125,0.101470947265625,0.04638671875,0.107421875,0.073699951171875,0.125732421875,0.431976318359375,0.92498779296875,-0.21209716796875,1.432037353515625,4.669657230377197
777,0.3885,-0.0,-0.0,-0.0,-0.0,-0.0,-0.0,-2.798316717147827,-4.602019309997559,-567.3367919921875,-173201.515625,61960.30859375,-949.5079345703125,-0.0,-0.0,-0.0,-0.0,-0.0,-0.0,-0.0,-0.0,-0.0,-0.0,-0.0,-0.0,-0.00457763671875,-0.00553131103515625,-0.00659942626953125,-0.00820159912109375,-0.00762939453125,-0.007781982421875,-0.0079345703125,-0.01377105712890625,-0.00286102294921875,-0.00518798828125,-0.0110626220703125,-0.00858306884765625,-0.01399993896484375,-0.005950927734375,-0.00308990478515625,-0.01499176025390625,0.013427734375,-0.006866455078125,0.08453369140625,0.095977783203125,0.117645263671875,0.102081298828125,0.04425048828125,0.093231201171875,0.045166015625,0.100860595703125,0.084686279296875,0.11627197265625,0.462646484375,0.2716064453125,0.02349853515625,-0.5352783203125,-1.4280292987823486
778,0.389,-0.0,-0.0,-0.0,-0.0,-0.0,-0.0,-2.821045398712158,-4.6347808837890625,-567.8244018554688,-173275.0625,62047.32421875,-829.1765747070312,-0.0,-0.0,-0.0,-0.0,-0.0,-0.0,-0.0,-0.0,-0.0,-0.0,-0.0,-0.0,-0.00843048095703125,-0.00789642333984375,-0.01140594482421875,-0.01262664794921875,-0.00946044921875,-0.0121307373046875,-0.00659942626953125,-0.01861572265625,-0.00637054443359375,-0.01190185546875,-0.0211334228515625,-0.01186370849609375,-0.015716552734375,-0.01186370849609375,-0.004425048828125,-0.02445220947265625,0.13153076171875,0.145416259765625,0.111083984375,0.088348388671875,0.125732421875,0.097503662109375,0.198516845703125,0.087432861328125,0.037078857421875,0.194854736328125,0.09063720703125,0.093536376953125,-0.677337646484375,-0.70526123046875,0.3240966796875,-1.44317626953125,-2.0377979278564453
779,0.3895,-0.0,-0.0,-0.0,-0.0,-0.0,-0.0,-2.8658857345581055,-4.378513336181641,-565.7943115234375,-172649.171875,62263.8125,-923.942626953125,-0.0,-0.0,-0.0,-0.0,-0.0,-0.0,-0.0,-0.0,-0.0,-0.0,-0.0,-0.0,0.0048828125,0.0064849853515625,0.00736236572265625,0.00823974609375,0.00823974609375,0.00804901123046875,0.008392333984375,0.01285552978515625,0.00499725341796875,0.0061798095703125,0.01361846923828125,0.008392333984375,0.01499176025390625,0.00804901123046875,0.00213623046875,0.016937255859375,0.07354736328125,0.1904296875,0.102691650390625,0.07904052734375,0.102386474609375,0.09552001953125,0.090484619140625,0.09552001953125,0.07049560546875,0.023345947265625,0.087127685546875,0.1055908203125,0.061798095703125,0.3070068359375,0.184326171875,0.684661865234375,7.71850061416626
780,0.39,-0.0,-0.0,-0.0,-0.0,-0.0,-0.0,-3.2459609508514404,-4.501370906829834,-566.4151000976562,-172499.359375,61829.703125,-693.7363891601562,-0.0,-0.0,-0.0,-0.0,-0.0,-0.0,-0.0,-0.0,-0.0,-0.0,-0.0,-0.0,0.0069427490234375,0.00667572021484375,0.01079559326171875,0.01434326171875,0.0101470947265625,0.0145721435546875,0.00904083251953125,0.02071380615234375,0.0058746337890625,0.0096893310546875,0.02185821533203125,0.01094818115234375,0.01621246337890625,0.00789642333984375,0.00396728515625,0.02353668212890625,0.126495361328125,-0.0006103515625,0.07598876953125,0.076904296875,0.071258544921875,0.0897216796875,0.0238037109375,0.09368896484375,0.09613037109375,-0.013885498046875,0.102691650390625,0.110015869140625,0.45867919921875,0.5853271484375,-0.191650390625,1.4105224609375,4.05988883972168
781,0.3905,-0.0,-0.0,-0.0,-0.0,-0.0,-0.0,-3.1003143787384033,-4.400440216064453,-563.8973388671875,-172124.640625,62013.234375,-781.4683227539062,-0.0,-0.0,-0.0,-0.0,-0.0,-0.0,-0.0,-0.0,-0.0,-0.0,-0.0,-0.0,-0.00457763671875,-0.0051116943359375,-0.00576019287109375,-0.0083160400390625,-0.006866455078125,-0.00904083251953125,-0.00530242919921875,-0.0142669677734375,-0.00347137451171875,-0.00629425048828125,-0.01316070556640625,-0.00957489013671875,-0.0113677978515625,-0.00690460205078125,-0.00415802001953125,-0.0165557861328125,0.12908935546875,0.059051513671875,0.085296630859375,0.10467529296875,0.10986328125,0.091400146484375,0.104522705078125,0.08941650390625,0.099639892578125,0.236663818359375,0.09857177734375,0.10101318359375,0.064849853515625,-0.14312744140625,-0.179443359375,-0.37353515625,-0.5133762359619141
782,0.391,-0.0,-0.0,-0.0,-0.0,-0.0,-0.0,-2.374192476272583,-4.8475022315979,-562.039306640625,-171811.578125,61886.05859375,-752.3119506835938,-0.0,-0.0,-0.0,-0.0,-0.0,-0.0,-0.0,-0.0,-0.0,-0.0,-0.0,-0.0,-0.00576019287109375,-0.007476806640625,-0.0110626220703125,-0.0139617919921875,-0.009002685546875,-0.012054443359375,-0.0072479248046875,-0.01880645751953125,-0.0054168701171875,-0.0080108642578125,-0.02040863037109375,-0.00858306884765625,-0.01186370849609375,-0.0102996826171875,-0.00576019287109375,-0.0240325927734375,0.003814697265625,0.11016845703125,0.125732421875,0.1190185546875,0.145721435546875,0.104827880859375,0.09368896484375,0.1153564453125,0.08636474609375,0.0787353515625,0.101165771484375,0.101318359375,-0.368804931640625,-0.7171630859375,0.65338134765625,-1.090850830078125,-0.5133762359619141
783,0.3915,-0.0,-0.0,-0.0,-0.0,-0.0,-0.0,-2.2868010997772217,-4.758636951446533,-562.4862670898438,-171412.3125,61580.39453125,-961.1189575195312,-0.0,-0.0,-0.0,-0.0,-0.0,-0.0,-0.0,-0.0,-0.0,-0.0,-0.0,-0.0,0.00598907470703125,0.00461578369140625,0.00881195068359375,0.0107574462890625,0.006866455078125,0.00965118408203125,0.005035400390625,0.013885498046875,0.004425048828125,0.0070953369140625,0.0157928466796875,0.00804901123046875,0.0165557861328125,0.00522613525390625,0.0048828125,0.01697540283203125,0.1336669921875,0.111541748046875,0.09521484375,0.085296630859375,0.048980712890625,0.09246826171875,0.033721923828125,0.1007080078125,0.1080322265625,0.025482177734375,0.097198486328125,0.077056884765625,0.188751220703125,0.3253173828125,0.15533447265625,0.9600830078125,8.328269958496094
784,0.392,-0.0,-0.0,-0.0,-0.0,-0.0,-0.0,-2.030196189880371,-4.845480918884277,-558.4202880859375,-171085.375,61252.98046875,-1158.8951416015625,-0.0,-0.0,-0.0,-0.0,-0.0,-0.0,-0.0,-0.0,-0.0,-0.0,-0.0,-0.0,0.007781982421875,0.00774383544921875,0.01300811767578125,0.01491546630859375,0.01125335693359375,0.013275146484375,0.00835418701171875,0.01995086669921875,0.00652313232421875,0.01087188720703125,0.023193359375,0.0103759765625,0.01251220703125,0.00885009765625,0.004730224609375,0.0243377685546875,0.147247314453125,0.124359130859375,0.103759765625,0.093231201171875,0.106964111328125,0.1055908203125,0.125274658203125,0.095977783203125,0.112762451171875,0.068817138671875,0.10162353515625,0.06561279296875,0.84930419921875,1.35284423828125,-0.147705078125,1.3983154296875,11.986882209777832
785,0.3925,-0.0,-0.0,-0.0,-0.0,-0.0,-0.0,-1.1919564008712769,-4.912902355194092,-556.7391357421875,-170322.890625,61457.81640625,-1166.312255859375,-0.0,-0.0,-0.0,-0.0,-0.0,-0.0,-0.0,-0.0,-0.0,-0.0,-0.0,-0.0,-0.00568389892578125,-0.0045013427734375,-0.00598907470703125,-0.00904083251953125,-0.00530242919921875,-0.009307861328125,-0.00244140625,-0.01651763916015625,-0.003814697265625,-0.0048828125,-0.01556396484375,-0.00858306884765625,-0.01575469970703125,-0.0070953369140625,-0.0022125244140625,-0.017242431640625,0.07293701171875,0.098876953125,0.096282958984375,0.09796142578125,0.098876953125,0.09063720703125,0.12664794921875,0.091705322265625,0.120391845703125,0.23345947265625,0.092926025390625,0.08758544921875,0.287017822265625,-0.28594970703125,0.0225830078125,-0.6842041015625,-11.489212036132812
786,0.393,-0.0,-0.0,-0.0,-0.0,-0.0,-0.0,-1.3274712562561035,-4.6310648918151855,-556.1168212890625,-170112.703125,61183.38671875,-1231.572509765625,-0.0,-0.0,-0.0,-0.0,-0.0,-0.0,-0.0,-0.0,-0.0,-0.0,-0.0,-0.0,-0.00408172607421875,-0.00720977783203125,-0.00980377197265625,-0.0122833251953125,-0.009002685546875,-0.012359619140625,-0.00820159912109375,-0.01941680908203125,-0.00759124755859375,-0.0095367431640625,-0.02254486083984375,-0.01239776611328125,-0.0130462646484375,-0.00957489013671875,-0.00225067138671875,-0.02239227294921875,0.050506591796875,0.10040283203125,0.094757080078125,0.097808837890625,0.10162353515625,0.08941650390625,0.127716064453125,0.093994140625,0.12237548828125,0.016937255859375,0.098724365234375,0.110626220703125,-0.098114013671875,-0.59661865234375,0.1593017578125,-0.921173095703125,-0.5133762359619141
787,0.3935,-0.0,-0.0,-0.0,-0.0,-0.0,-0.0,-0.3674474060535431,-4.802445888519287,-558.7059936523438,-169730.96875,61116.96484375,-1278.578369140625,-0.0,-0.0,-0.0,-0.0,-0.0,-0.0,-0.0,-0.0,-0.0,-0.0,-0.0,-0.0,0.0051116943359375,0.0051116943359375,0.008392333984375,0.0098419189453125,0.007476806640625,0.00812530517578125,0.006561279296875,0.013580322265625,0.00591278076171875,0.0040435791015625,0.0156402587890625,0.0089263916015625,0.01384735107421875,0.00606536865234375,0.004425048828125,0.01705169677734375,0.1153564453125,0.08331298828125,0.092315673828125,0.11322021484375,0.066375732421875,0.10101318359375,0.085296630859375,0.102386474609375,0.12542724609375,0.133209228515625,0.09521484375,0.1251220703125,-0.20355224609375,0.24871826171875,0.0640869140625,1.051177978515625,9.547806739807129
788,0.394,-0.0,-0.0,-0.0,-0.0,-0.0,-0.0,-0.6034017205238342,-4.823568344116211,-555.9469604492188,-169740.671875,61298.41796875,-1469.2989501953125,-0.0,-0.0,-0.0,-0.0,-0.0,-0.0,-0.0,-0.0,-0.0,-0.0,-0.0,-0.0,0.007171630859375,0.0077056884765625,0.010986328125,0.01556396484375,0.01186370849609375,0.01194000244140625,0.00782012939453125,0.01842498779296875,0.00614166259765625,0.009002685546875,0.02285003662109375,0.01178741455078125,0.01148223876953125,0.00896453857421875,0.0042724609375,0.02460479736328125,0.118865966796875,0.1422119140625,0.10467529296875,0.102996826171875,0.07354736328125,0.09521484375,0.177459716796875,0.092010498046875,0.116729736328125,0.0286865234375,0.081329345703125,0.10833740234375,0.621185302734375,0.8319091796875,-0.1190185546875,1.167755126953125,3.755004405975342
789,0.3945,-0.0,-0.0,-0.0,-0.0,-0.0,-0.0,-0.7660971283912659,-4.923118591308594,-555.510498046875,-169794.5,61136.14453125,-1390.221923828125,-0.0,-0.0,-0.0,-0.0,-0.0,-0.0,-0.0,-0.0,-0.0,-0.0,-0.0,-0.0,-0.0034332275390625,-0.0061798095703125,-0.00667572021484375,-0.01056671142578125,-0.007171630859375,-0.00911712646484375,-0.00850677490234375,-0.01415252685546875,-0.0048065185546875,-0.00621795654296875,-0.01621246337890625,-0.0078582763671875,-0.01605987548828125,-0.006256103515625,-0.00247955322265625,-0.0176239013671875,0.135040283203125,0.091552734375,0.060272216796875,0.094451904296875,0.08270263671875,0.072479248046875,0.11627197265625,0.092620849609375,0.118865966796875,0.0103759765625,0.0701904296875,0.108795166015625,-0.075225830078125,-0.166015625,0.01220703125,-0.91888427734375,2.2305827140808105
790,0.395,-0.0,-0.0,-0.0,-0.0,-0.0,-0.0,-1.3113456964492798,-4.162341117858887,-556.1934814453125,-169835.09375,61032.34765625,-1239.984130859375,-0.0,-0.0,-0.0,-0.0,-0.0,-0.0,-0.0,-0.0,-0.0,-0.0,-0.0,-0.0,-0.0054168701171875,-0.007171630859375,-0.01003265380859375,-0.01293182373046875,-0.0099945068359375,-0.01216888427734375,-0.0070953369140625,-0.01880645751953125,-0.00640869140625,-0.00576019287109375,-0.02056121826171875,-0.00560760498046875,-0.01071929931640625,-0.00835418701171875,-0.0022125244140625,-0.02239227294921875,0.08270263671875,0.063629150390625,0.093994140625,0.106048583984375,0.0958251953125,0.10772705078125,0.180511474609375,0.10467529296875,0.113372802734375,0.107269287109375,0.110626220703125,0.099945068359375,-0.15411376953125,-0.37353515625,0.69305419921875,-0.849761962890625,-0.20849192142486572
791,0.3955,-0.0,-0.0,-0.0,-0.0,-0.0,-0.0,-1.499794363975525,-4.309271335601807,-555.28076171875,-170072.515625,61041.23046875,-1214.31005859375,-0.0,-0.0,-0.0,-0.0,-0.0,-0.0,-0.0,-0.0,-0.0,-0.0,-0.0,-0.0,0.00690460205078125,0.0040435791015625,0.00911712646484375,0.00911712646484375,0.00728607177734375,0.0102996826171875,0.0064849853515625,0.01560211181640625,0.00408172607421875,0.009002685546875,0.01758575439453125,0.010223388671875,0.01361846923828125,0.00720977783203125,0.00385284423828125,0.017242431640625,0.105438232421875,-0.00640869140625,0.115509033203125,0.100250244140625,0.10223388671875,0.110015869140625,0.061492919921875,0.099334716796875,0.10711669921875,0.0439453125,0.127410888671875,0.091552734375,0.44952392578125,0.85662841796875,0.23529052734375,0.98541259765625,6.1940789222717285
792,0.396,-0.0,-0.0,-0.0,-0.0,-0.0,-0.0,-1.3073214292526245,-5.056598663330078,-556.489501953125,-169723.046875,60779.58984375,-1303.8834228515625,-0.0,-0.0,-0.0,-0.0,-0.0,-0.0,-0.0,-0.0,-0.0,-0.0,-0.0,-0.0,0.006866455078125,0.00934600830078125,0.009613037109375,0.01361846923828125,0.01018524169921875,0.01224517822265625,0.00713348388671875,0.01773834228515625,0.00537872314453125,0.00885009765625,0.0217437744140625,0.0092315673828125,0.01323699951171875,0.01010894775390625,0.00461578369140625,0.02338409423828125,0.105438232421875,-0.009002685546875,0.07568359375,0.087432861328125,0.1568603515625,0.093841552734375,0.115509033203125,0.092010498046875,0.12359619140625,0.066070556640625,0.14007568359375,0.0860595703125,0.805206298828125,0.75286865234375,-0.55023193359375,1.098175048828125,4.05988883972168
793,0.3965,-0.0,-0.0,-0.0,-0.0,-0.0,-0.0,-0.9609238505363464,-4.800304889678955,-558.49853515625,-170052.515625,60794.72265625,-1553.4603271484375,-0.0,-0.0,-0.0,-0.0,-0.0,-0.0,-0.0,-0.0,-0.0,-0.0,-0.0,-0.0,-0.0049591064453125,-0.00522613525390625,-0.00782012939453125,-0.00946044921875,-0.00614166259765625,-0.0090789794921875,-0.00659942626953125,-0.01434326171875,-0.00537872314453125,-0.0080108642578125,-0.01644134521484375,-0.0103759765625,-0.01495361328125,-0.00728607177734375,-0.0048065185546875,-0.01750946044921875,0.03570556640625,0.182342529296875,0.12908935546875,0.122833251953125,0.078582763671875,0.123443603515625,0.09674072265625,0.117340087890625,0.110015869140625,0.05584716796875,0.11993408203125,0.063323974609375,0.103302001953125,-0.3204345703125,-0.2362060546875,-0.8233642578125,2.5354671478271484
794,0.397,-0.0,-0.0,-0.0,-0.0,-0.0,-0.0,-0.991457998752594,-4.565917015075684,-559.4771728515625,-170322.46875,60904.765625,-1410.3787841796875,-0.0,-0.0,-0.0,-0.0,-0.0,-0.0,-0.0,-0.0,-0.0,-0.0,-0.0,-0.0,-0.0075531005859375,-0.0066375732421875,-0.00988006591796875,-0.01220703125,-0.0091552734375,-0.012359619140625,-0.0048065185546875,-0.017547607421875,-0.00415802001953125,-0.01049041748046875,-0.02223968505859375,-0.0092315673828125,-0.01392364501953125,-0.00827789306640625,-0.0048065185546875,-0.02262115478515625,0.022125244140625,0.1568603515625,0.116424560546875,0.11444091796875,0.06622314453125,0.10986328125,0.12939453125,0.101165771484375,0.125274658203125,0.104217529296875,0.06072998046875,0.075531005859375,-0.5596923828125,-0.48095703125,0.592041015625,-0.830078125,-0.5133762359619141
795,0.3975,-0.0,-0.0,-0.0,-0.0,-0.0,-0.0,-0.643255352973938,-5.0000152587890625,-560.0689697265625,-170813.46875,60834.51171875,-1657.91748046875,-0.0,-0.0,-0.0,-0.0,-0.0,-0.0,-0.0,-0.0,-0.0,-0.0,-0.0,-0.0,0.00484466552734375,0.00522613525390625,0.0067901611328125,0.0104522705078125,0.00701904296875,0.0107574462890625,0.0057220458984375,0.0141143798828125,0.00415802001953125,0.0051116943359375,0.01636505126953125,0.008392333984375,0.0170135498046875,0.00701904296875,0.004119873046875,0.01758575439453125,0.146026611328125,0.107421875,0.09002685546875,0.089874267578125,0.059051513671875,0.1007080078125,0.042572021484375,0.093841552734375,0.113525390625,0.028839111328125,0.081634521484375,0.131378173828125,-0.201263427734375,0.29205322265625,0.0567626953125,0.9423828125,8.328269958496094
796,0.398,-0.0,-0.0,-0.0,-0.0,-0.0,-0.0,-0.20768116414546967,-4.723911285400391,-563.322021484375,-171347.109375,60561.59765625,-1732.3140869140625,-0.0,-0.0,-0.0,-0.0,-0.0,-0.0,-0.0,-0.0,-0.0,-0.0,-0.0,-0.0,0.0074005126953125,0.0089263916015625,0.01079559326171875,0.01346588134765625,0.00911712646484375,0.01125335693359375,0.00812530517578125,0.01667022705078125,0.0051116943359375,0.00926971435546875,0.02338409423828125,0.008087158203125,0.01560211181640625,0.009613037109375,0.00396728515625,0.02468109130859375,0.13031005859375,0.07415771484375,0.097198486328125,0.082550048828125,0.1409912109375,0.090789794921875,0.088653564453125,0.106964111328125,0.09033203125,0.1922607421875,0.091705322265625,0.127105712890625,0.312347412109375,0.7342529296875,-0.6060791015625,1.22650146484375,4.364773273468018
797,0.3985,-0.0,-0.0,-0.0,-0.0,-0.0,-0.0,-0.29721105098724365,-4.902172088623047,-564.9698486328125,-171996.40625,60459.55859375,-1826.6588134765625,-0.0,-0.0,-0.0,-0.0,-0.0,-0.0,-0.0,-0.0,-0.0,-0.0,-0.0,-0.0,-0.00568389892578125,-0.0029754638671875,-0.00827789306640625,-0.00774383544921875,-0.0067138671875,-0.010528564453125,-0.003814697265625,-0.01667022705078125,-0.0018310546875,-0.0090789794921875,-0.014495849609375,-0.0051116943359375,-0.0136566162109375,-0.006866455078125,-0.00522613525390625,-0.01674652099609375,0.08575439453125,0.092315673828125,0.101776123046875,0.0933837890625,0.104827880859375,0.09735107421875,0.089111328125,0.093536376953125,0.064697265625,0.206756591796875,0.099945068359375,0.10772705078125,-0.185699462890625,-0.21331787109375,0.6610107421875,-0.55511474609375,1.0110454559326172
798,0.399,-0.0,-0.0,-0.0,-0.0,-0.0,-0.0,-0.4465622901916504,-5.278387069702148,-566.6956787109375,-172521.84375,60818.4921875,-1891.9564208984375,-0.0,-0.0,-0.0,-0.0,-0.0,-0.0,-0.0,-0.0,-0.0,-0.0,-0.0,-0.0,-0.0063323974609375,-0.0074005126953125,-0.00965118408203125,-0.01171112060546875,-0.00972747802734375,-0.0089263916015625,-0.00743865966796875,-0.01682281494140625,-0.00522613525390625,-0.00732421875,-0.02017974853515625,-0.00988006591796875,-0.01392364501953125,-0.0101470947265625,-0.00301361083984375,-0.02315521240234375,0.0958251953125,0.052947998046875,0.09857177734375,0.09002685546875,0.0927734375,0.090179443359375,0.07720947265625,0.093536376953125,0.045623779296875,-0.02960205078125,0.0885009765625,0.07843017578125,0.007476806640625,-0.14404296875,0.50445556640625,-0.88897705078125,-1.1231448650360107
799,0.3995,-0.0,-0.0,-0.0,-0.0,-0.0,-0.0,-0.0990130677819252,-5.3674116134643555,-569.3648681640625,-173296.90625,61050.01953125,-1771.68359375,-0.0,-0.0,-0.0,-0.0,-0.0,-0.0,-0.0,-0.0,-0.0,-0.0,-0.0,-0.0,0.0052642822265625,0.0063323974609375,0.0070953369140625,0.0098419189453125,0.006256103515625,0.01033782958984375,0.0070953369140625,0.0154876708984375,0.00362396240234375,0.00743865966796875,0.01544952392578125,0.00926971435546875,0.01384735107421875,0.0069427490234375,0.00331878662109375,0.01758575439453125,0.075531005859375,0.041351318359375,0.087738037109375,0.092620849609375,0.106964111328125,0.092010498046875,0.038604736328125,0.09918212890625,0.05828857421875,0.12054443359375,0.081939697265625,0.08544921875,0.258331298828125,0.2471923828125,0.01495361328125,0.82244873046875,8.93803882598877
800,0.4,-0.0,-0.0,-0.0,-0.0,-0.0,-0.0,-0.44605255126953125,-5.3478240966796875,-570.1866455078125,-173649.203125,61024.8671875,-1787.9686279296875,-0.0,-0.0,-0.0,-0.0,-0.0,-0.0,-0.0,-0.0,-0.0,-0.0,-0.0,-0.0,0.00675201416015625,0.00720977783203125,0.0084686279296875,0.01186370849609375,0.0096893310546875,0.0121307373046875,0.0058746337890625,0.01644134521484375,0.0066375732421875,0.00995635986328125,0.02384185791015625,0.00804901123046875,0.01495361328125,0.01148223876953125,0.002593994140625,0.0229644775390625,0.1312255859375,0.134124755859375,0.097198486328125,0.1031494140625,0.05859375,0.105133056640625,0.07232666015625,0.094757080078125,0.06256103515625,-0.029296875,0.08880615234375,0.0933837890625,0.615692138671875,0.775146484375,-0.38330078125,1.06170654296875,4.974541664123535
801,0.4005,-0.0,-0.0,-0.0,-0.0,-0.0,-0.0,-0.4966560900211334,-5.595929145812988,-573.9173583984375,-174407.921875,61128.765625,-1908.287353515625,-0.0,-0.0,-0.0,-0.0,-0.0,-0.0,-0.0,-0.0,-0.0,-0.0,-0.0,-0.0,-0.00423431396484375,-0.00614166259765625,-0.0066375732421875,-0.0113677978515625,-0.0060272216796875,-0.01041412353515625,-0.00492095947265625,-0.01522064208984375,-0.00469207763671875,-0.0037384033203125,-0.01556396484375,-0.00652313232421875,-0.0142669677734375,-0.0061798095703125,-0.00179290771484375,-0.01781463623046875,0.07476806640625,0.077972412109375,0.087890625,0.103912353515625,0.112762451171875,0.104827880859375,0.03173828125,0.09918212890625,0.108795166015625,0.19134521484375,0.08758544921875,0.103759765625,0.390625,-0.0347900390625,0.2996826171875,-0.577850341796875,1.9256983995437622
802,0.401,-0.0,-0.0,-0.0,-0.0,-0.0,-0.0,-0.37603893876075745,-5.634395122528076,-576.3896484375,-174779.6875,60980.234375,-2031.5904541015625,-0.0,-0.0,-0.0,-0.0,-0.0,-0.0,-0.0,-0.0,-0.0,-0.0,-0.0,-0.0,-0.00751495361328125,-0.00637054443359375,-0.0092315673828125,-0.0139617919921875,-0.01056671142578125,-0.011444091796875,-0.00896453857421875,-0.01743316650390625,-0.00476837158203125,-0.008392333984375,-0.02140045166015625,-0.01102447509765625,-0.01373291015625,-0.00820159912109375,-0.00202178955078125,-0.02185821533203125,0.03662109375,0.21026611328125,0.13427734375,0.109710693359375,0.1092529296875,0.1116943359375,0.06317138671875,0.109405517578125,0.109710693359375,-0.00457763671875,0.10223388671875,0.09918212890625,-0.278472900390625,-0.52581787109375,0.15960693359375,-1.014556884765625,-0.20849192142486572
803,0.4015,-0.0,-0.0,-0.0,-0.0,-0.0,-0.0,-0.12727928161621094,-5.647294044494629,-577.4868774414062,-175793.03125,61010.44140625,-2122.4287109375,-0.0,-0.0,-0.0,-0.0,-0.0,-0.0,-0.0,-0.0,-0.0,-0.0,-0.0,-0.0,0.00621795654296875,0.00431060791015625,0.0083160400390625,0.010223388671875,0.00732421875,0.00980377197265625,0.00804901123046875,0.015716552734375,0.00621795654296875,0.00766754150390625,0.0154876708984375,0.0110626220703125,0.01529693603515625,0.00762939453125,0.00286102294921875,0.0197601318359375,0.1416015625,0.115814208984375,0.092315673828125,0.099945068359375,0.07904052734375,0.09490966796875,0.098419189453125,0.093841552734375,0.136566162109375,0.11749267578125,0.080718994140625,0.102691650390625,0.19989013671875,0.283203125,0.2142333984375,1.2335205078125,7.71850061416626
804,0.402,-0.0,-0.0,-0.0,-0.0,-0.0,-0.0,0.060867294669151306,-5.17900276184082,-579.7552490234375,-176247.203125,60884.2890625,-2203.535888671875,-0.0,-0.0,-0.0,-0.0,-0.0,-0.0,-0.0,-0.0,-0.0,-0.0,-0.0,-0.0,0.0070953369140625,0.00720977783203125,0.0091552734375,0.0128173828125,0.0098419189453125,0.0135040283203125,0.0079345703125,0.01964569091796875,0.00713348388671875,0.00827789306640625,0.02368927001953125,0.009613037109375,0.01407623291015625,0.0079345703125,0.0012969970703125,0.0220489501953125,0.081634521484375,0.098876953125,0.092620849609375,0.095367431640625,0.083770751953125,0.093994140625,0.090179443359375,0.102081298828125,0.150909423828125,0.135345458984375,0.074310302734375,0.08087158203125,0.349578857421875,1.01715087890625,-0.00152587890625,1.07025146484375,4.364773273468018
805,0.4025,-0.0,-0.0,-0.0,-0.0,-0.0,-0.0,0.13144797086715698,-4.906903266906738,-583.6576538085938,-177119.453125,61436.7890625,-2291.022216796875,-0.0,-0.0,-0.0,-0.0,-0.0,-0.0,-0.0,-0.0,-0.0,-0.0,-0.0,-0.0,-0.00469207763671875,-0.00598907470703125,-0.0072479248046875,-0.01110076904296875,-0.00644683837890625,-0.00881195068359375,-0.00751495361328125,-0.0145721435546875,-0.00560760498046875,-0.00568389892578125,-0.016326904296875,-0.00751495361328125,-0.0173187255859375,-0.0063323974609375,-0.0030517578125,-0.0197601318359375,0.12847900390625,0.059051513671875,0.08392333984375,0.09307861328125,0.09979248046875,0.0946044921875,0.103759765625,0.092620849609375,0.157623291015625,0.065460205078125,0.088958740234375,0.1019287109375,0.251312255859375,-0.03753662109375,0.17333984375,-1.09832763671875,3.755004405975342
806,0.403,-0.0,-0.0,-0.0,-0.0,-0.0,-0.0,-0.061275262385606766,-4.5549540519714355,-586.2786865234375,-177680.359375,61043.00390625,-2261.391357421875,-0.0,-0.0,-0.0,-0.0,-0.0,-0.0,-0.0,-0.0,-0.0,-0.0,-0.0,-0.0,-0.00926971435546875,-0.0060272216796875,-0.01010894775390625,-0.01201629638671875,-0.01010894775390625,-0.01255035400390625,-0.0072479248046875,-0.01735687255859375,-0.00354766845703125,-0.010986328125,-0.021209716796875,-0.01033782958984375,-0.01529693603515625,-0.00576019287109375,-0.00331878662109375,-0.02216339111328125,0.085601806640625,0.044708251953125,0.083160400390625,0.092926025390625,0.09063720703125,0.0933837890625,0.114593505859375,0.086669921875,0.17425537109375,0.115814208984375,0.068359375,0.09735107421875,-0.369873046875,-0.50018310546875,0.11474609375,-0.96588134765625,-5.391525745391846
807,0.4035,-0.0,-0.0,-0.0,-0.0,-0.0,-0.0,-0.2920348644256592,-4.527150630950928,-589.0308227539062,-178459.5625,61112.4921875,-2173.55029296875,-0.0,-0.0,-0.0,-0.0,-0.0,-0.0,-0.0,-0.0,-0.0,-0.0,-0.0,-0.0,0.0067138671875,0.00499725341796875,0.00904083251953125,0.01178741455078125,0.0067138671875,0.01068115234375,0.007781982421875,0.01674652099609375,0.00507354736328125,0.01102447509765625,0.01628875732421875,0.00667572021484375,0.01750946044921875,0.004425048828125,0.00484466552734375,0.01865386962890625,-0.033721923828125,0.0531005859375,0.1251220703125,0.097198486328125,0.104827880859375,0.103302001953125,0.07781982421875,0.0994873046875,0.174102783203125,0.109100341796875,0.088653564453125,0.10223388671875,0.766754150390625,0.39947509765625,-0.21636962890625,1.215057373046875,6.803847789764404
808,0.404,-0.0,-0.0,-0.0,-0.0,-0.0,-0.0,-0.6612350940704346,-4.035723686218262,-589.810546875,-178872.1875,61103.50390625,-2155.82080078125,-0.0,-0.0,-0.0,-0.0,-0.0,-0.0,-0.0,-0.0,-0.0,-0.0,-0.0,-0.0,0.00629425048828125,0.0067901611328125,0.0099945068359375,0.0151824951171875,0.009918212890625,0.01316070556640625,0.00774383544921875,0.01819610595703125,0.00701904296875,0.008392333984375,0.02361297607421875,0.009002685546875,0.0150299072265625,0.00690460205078125,0.0019073486328125,0.023345947265625,0.20965576171875,0.161590576171875,0.0927734375,0.10284423828125,0.091552734375,0.0872802734375,0.07080078125,0.10772705078125,0.178375244140625,-0.018310546875,0.09979248046875,0.114593505859375,0.43212890625,0.8966064453125,-0.0860595703125,1.431732177734375,3.450119972229004
809,0.4045,-0.0,-0.0,-0.0,-0.0,-0.0,-0.0,-0.8120021224021912,-3.565216064453125,-591.6845703125,-179621.390625,61331.39453125,-2274.57763671875,-0.0,-0.0,-0.0,-0.0,-0.0,-0.0,-0.0,-0.0,-0.0,-0.0,-0.0,-0.0,-0.0052642822265625,-0.006103515625,-0.0075531005859375,-0.00988006591796875,-0.00690460205078125,-0.00904083251953125,-0.00743865966796875,-0.01560211181640625,-0.004425048828125,-0.0067138671875,-0.0173187255859375,-0.01026153564453125,-0.01522064208984375,-0.00774383544921875,-0.0029754638671875,-0.0197601318359375,0.022735595703125,0.06866455078125,0.090789794921875,0.096435546875,0.1116943359375,0.093841552734375,0.11627197265625,0.09246826171875,0.159759521484375,0.114898681640625,0.0921630859375,0.103912353515625,0.016937255859375,-0.2783203125,-0.023193359375,-0.945281982421875,-0.8182606101036072
810,0.405,-0.0,-0.0,-0.0,-0.0,-0.0,-0.0,-0.5081008672714233,-3.2887790203094482,-593.521484375,-180083.828125,61367.546875,-2490.6083984375,-0.0,-0.0,-0.0,-0.0,-0.0,-0.0,-0.0,-0.0,-0.0,-0.0,-0.0,-0.0,-0.0066375732421875,-0.005950927734375,-0.00942230224609375,-0.01224517822265625,-0.00873565673828125,-0.0124359130859375,-0.00568389892578125,-0.01827239990234375,-0.00553131103515625,-0.00988006591796875,-0.022125244140625,-0.0080108642578125,-0.0142669677734375,-0.00553131103515625,-0.00270843505859375,-0.020751953125,0.04730224609375,0.09307861328125,0.0933837890625,0.101318359375,0.092315673828125,0.099029541015625,0.132904052734375,0.0994873046875,0.139617919921875,0.11505126953125,0.09368896484375,0.10345458984375,-0.2264404296875,-0.55206298828125,0.10589599609375,-0.807342529296875,-4.476872444152832
811,0.4055,-0.0,-0.0,-0.0,-0.0,-0.0,-0.0,-0.285060316324234,-3.3510966300964355,-597.085205078125,-180370.6875,61207.0078125,-2575.90869140625,-0.0,-0.0,-0.0,-0.0,-0.0,-0.0,-0.0,-0.0,-0.0,-0.0,-0.0,-0.0,0.00579833984375,0.00583648681640625,0.00885009765625,0.0101470947265625,0.0069427490234375,0.00972747802734375,0.00850677490234375,0.01605987548828125,0.0058746337890625,0.0081634521484375,0.0154876708984375,0.009918212890625,0.01613616943359375,0.00885009765625,0.00476837158203125,0.0201416015625,0.095672607421875,0.123291015625,0.1080322265625,0.09979248046875,0.0982666015625,0.09552001953125,0.124664306640625,0.09429931640625,0.133819580078125,0.041656494140625,0.0933837890625,0.102996826171875,0.308990478515625,0.17730712890625,0.05615234375,1.25274658203125,9.547806739807129
812,0.406,-0.0,-0.0,-0.0,-0.0,-0.0,-0.0,0.00890339445322752,-2.566990852355957,-599.3463134765625,-180666.8125,61290.890625,-2625.07421875,-0.0,-0.0,-0.0,-0.0,-0.0,-0.0,-0.0,-0.0,-0.0,-0.0,-0.0,-0.0,0.00659942626953125,0.00614166259765625,0.00911712646484375,0.011749267578125,0.01068115234375,0.01251220703125,0.00988006591796875,0.01949310302734375,0.0060272216796875,0.0125885009765625,0.02399444580078125,0.01186370849609375,0.0157928466796875,0.00858306884765625,0.00308990478515625,0.0200653076171875,0.120697021484375,0.063934326171875,0.067291259765625,0.0927734375,0.09185791015625,0.08636474609375,0.072174072265625,0.08575439453125,0.126495361328125,0.091094970703125,0.104522705078125,0.106048583984375,0.766143798828125,0.93353271484375,-0.0213623046875,1.11114501953125,2.5354671478271484
813,0.40650000000000003,-0.0,-0.0,-0.0,-0.0,-0.0,-0.0,0.3656919300556183,-2.397678852081299,-601.0772705078125,-181311.296875,60924.51953125,-2724.64111328125,-0.0,-0.0,-0.0,-0.0,-0.0,-0.0,-0.0,-0.0,-0.0,-0.0,-0.0,-0.0,-0.0049591064453125,-0.0051116943359375,-0.00774383544921875,-0.01033782958984375,-0.00736236572265625,-0.01140594482421875,-0.006866455078125,-0.0136566162109375,-0.0055694580078125,-0.0081634521484375,-0.016326904296875,-0.00774383544921875,-0.01636505126953125,-0.0064849853515625,-0.00518798828125,-0.0196075439453125,0.09918212890625,0.16632080078125,0.11566162109375,0.1055908203125,0.081634521484375,0.11199951171875,0.10284423828125,0.097808837890625,0.103302001953125,0.099029541015625,0.10498046875,0.0714111328125,-0.414276123046875,-0.0616455078125,-0.07568359375,-0.841522216796875,-0.5133762359619141
814,0.40700000000000003,-0.0,-0.0,-0.0,-0.0,-0.0,-0.0,0.13304567337036133,-1.649681806564331,-603.376220703125,-181050.71875,61213.734375,-2729.4609375,-0.0,-0.0,-0.0,-0.0,-0.0,-0.0,-0.0,-0.0,-0.0,-0.0,-0.0,-0.0,-0.00736236572265625,-0.00789642333984375,-0.0093841552734375,-0.01155853271484375,-0.00766754150390625,-0.0101470947265625,-0.0067901611328125,-0.0164031982421875,-0.006103515625,-0.00946044921875,-0.0208282470703125,-0.0089263916015625,-0.0140380859375,-0.009613037109375,-0.003814697265625,-0.02227783203125,0.067138671875,0.126800537109375,0.108642578125,0.09490966796875,0.082550048828125,0.0946044921875,0.1483154296875,0.10711669921875,0.09429931640625,0.065765380859375,0.09918212890625,0.05096435546875,-0.23162841796875,-0.56365966796875,0.19866943359375,-0.8001708984375,-2.0377979278564453
815,0.40750000000000003,-0.0,-0.0,-0.0,-0.0,-0.0,-0.0,0.09790964424610138,-1.363029956817627,-603.6533813476562,-181891.015625,61223.6484375,-2869.6572265625,-0.0,-0.0,-0.0,-0.0,-0.0,-0.0,-0.0,-0.0,-0.0,-0.0,-0.0,-0.0,0.00629425048828125,0.00568389892578125,0.00995635986328125,0.01148223876953125,0.00980377197265625,0.0110626220703125,0.00820159912109375,0.01674652099609375,0.0061798095703125,0.0081634521484375,0.017547607421875,0.014190673828125,0.01628875732421875,0.0083160400390625,0.0020599365234375,0.02117156982421875,0.1861572265625,0.062408447265625,0.091705322265625,0.10406494140625,0.120391845703125,0.101470947265625,0.10955810546875,0.101318359375,0.08392333984375,0.19317626953125,0.12451171875,0.10162353515625,0.447235107421875,0.2496337890625,0.4815673828125,1.424560546875,8.93803882598877
816,0.40800000000000003,-0.0,-0.0,-0.0,-0.0,-0.0,-0.0,0.2589852511882782,-0.7848966121673584,-604.3936157226562,-182370.796875,61066.81640625,-2842.803466796875,-0.0,-0.0,-0.0,-0.0,-0.0,-0.0,-0.0,-0.0,-0.0,-0.0,-0.0,-0.0,0.007476806640625,0.00690460205078125,0.01056671142578125,0.01255035400390625,0.0084686279296875,0.01033782958984375,0.0064849853515625,0.016937255859375,0.0052642822265625,0.0095367431640625,0.02162933349609375,0.006866455078125,0.01285552978515625,0.00911712646484375,0.0041961669921875,0.02216339111328125,-0.041656494140625,0.063934326171875,0.1025390625,0.1031494140625,0.097808837890625,0.09918212890625,0.1226806640625,0.09490966796875,0.0677490234375,0.176239013671875,0.105743408203125,0.099945068359375,0.395050048828125,0.68084716796875,-0.29876708984375,0.67535400390625,2.8403513431549072
817,0.40850000000000003,-0.0,-0.0,-0.0,-0.0,-0.0,-0.0,-0.16985759139060974,-0.19537226855754852,-606.5455322265625,-182197.171875,60642.26171875,-2748.822509765625,-0.0,-0.0,-0.0,-0.0,-0.0,-0.0,-0.0,-0.0,-0.0,-0.0,-0.0,-0.0,-0.00431060791015625,-0.0040435791015625,-0.00858306884765625,-0.0092315673828125,-0.008544921875,-0.00896453857421875,-0.0077056884765625,-0.0148773193359375,-0.0052642822265625,-0.00560760498046875,-0.015716552734375,-0.0110626220703125,-0.01781463623046875,-0.00728607177734375,-0.004425048828125,-0.0200653076171875,0.11871337890625,0.06317138671875,0.07965087890625,0.10040283203125,0.11505126953125,0.088958740234375,0.1214599609375,0.09765625,0.0775146484375,0.145416259765625,0.100555419921875,0.114593505859375,0.1483154296875,0.05828857421875,-0.01678466796875,-1.17218017578125,-2.0377979278564453
818,0.40900000000000003,-0.0,-0.0,-0.0,-0.0,-0.0,-0.0,-0.07219073176383972,0.4667644202709198,-607.1837158203125,-182261.921875,60875.08984375,-2824.876220703125,-0.0,-0.0,-0.0,-0.0,-0.0,-0.0,-0.0,-0.0,-0.0,-0.0,-0.0,-0.0,-0.00560760498046875,-0.0069427490234375,-0.0090789794921875,-0.01270294189453125,-0.00858306884765625,-0.011138916015625,-0.0075531005859375,-0.01605987548828125,-0.00453948974609375,-0.0089263916015625,-0.02262115478515625,-0.0070953369140625,-0.012359619140625,-0.0067901611328125,-0.00209808349609375,-0.0213623046875,0.1611328125,0.145263671875,0.0958251953125,0.106658935546875,0.121612548828125,0.100860595703125,0.11749267578125,0.1019287109375,0.083770751953125,0.0640869140625,0.09674072265625,0.10009765625,-0.207672119140625,-0.53070068359375,0.5621337890625,-0.7501220703125,6.1940789222717285
819,0.40950000000000003,-0.0,-0.0,-0.0,-0.0,-0.0,-0.0,0.4376240670681,-0.13615623116493225,-607.7892456054688,-182698.671875,60742.37890625,-2852.081298828125,-0.0,-0.0,-0.0,-0.0,-0.0,-0.0,-0.0,-0.0,-0.0,-0.0,-0.0,-0.0,0.00629425048828125,0.00720977783203125,0.0074005126953125,0.01102447509765625,0.00797271728515625,0.010223388671875,0.0078582763671875,0.01613616943359375,0.00591278076171875,0.00965118408203125,0.01880645751953125,0.009307861328125,0.01766204833984375,0.006256103515625,0.0054168701171875,0.01880645751953125,0.099029541015625,0.042724609375,0.115966796875,0.101318359375,0.122222900390625,0.108642578125,0.110015869140625,0.09857177734375,0.088653564453125,0.124969482421875,0.096893310546875,0.12176513671875,0.354766845703125,0.4962158203125,0.17486572265625,1.20361328125,10.157575607299805
820,0.41000000000000003,-0.0,-0.0,-0.0,-0.0,-0.0,-0.0,0.4711310565471649,0.5821528434753418,-610.294921875,-182888.75,60786.37890625,-2857.099365234375,-0.0,-0.0,-0.0,-0.0,-0.0,-0.0,-0.0,-0.0,-0.0,-0.0,-0.0,-0.0,0.00499725341796875,0.00560760498046875,0.0086212158203125,0.01312255859375,0.00766754150390625,0.01251220703125,0.0061798095703125,0.01880645751953125,0.0075531005859375,0.01056671142578125,0.02490997314453125,0.00659942626953125,0.01728057861328125,0.00690460205078125,0.0031280517578125,0.02105712890625,0.05340576171875,0.13519287109375,0.09979248046875,0.093231201171875,0.078582763671875,0.1019287109375,0.063323974609375,0.091552734375,0.1043701171875,0.0567626953125,0.0897216796875,0.118560791015625,0.558624267578125,0.8758544921875,-0.426025390625,1.320953369140625,-1.4280292987823486
821,0.41050000000000003,-0.0,-0.0,-0.0,-0.0,-0.0,-0.0,0.7302957773208618,0.5181856155395508,-612.602783203125,-183210.03125,60996.57421875,-2968.791015625,-0.0,-0.0,-0.0,-0.0,-0.0,-0.0,-0.0,-0.0,-0.0,-0.0,-0.0,-0.0,-0.00518798828125,-0.00476837158203125,-0.00980377197265625,-0.010223388671875,-0.0091552734375,-0.009307861328125,-0.00835418701171875,-0.01651763916015625,-0.00545501708984375,-0.00835418701171875,-0.017242431640625,-0.00949859619140625,-0.01739501953125,-0.0075531005859375,-0.0029754638671875,-0.02044677734375,0.092315673828125,0.116424560546875,0.094146728515625,0.09429931640625,0.09490966796875,0.092010498046875,0.095672607421875,0.0927734375,0.10955810546875,-0.0030517578125,0.095367431640625,0.1275634765625,-0.08758544921875,-0.09918212890625,0.10589599609375,-0.9124755859375,1.3159297704696655
822,0.41100000000000003,-0.0,-0.0,-0.0,-0.0,-0.0,-0.0,0.9648696780204773,0.2673912048339844,-611.2568359375,-183954.359375,60720.3125,-3001.127197265625,-0.0,-0.0,-0.0,-0.0,-0.0,-0.0,-0.0,-0.0,-0.0,-0.0,-0.0,-0.0,-0.0055694580078125,-0.00659942626953125,-0.00885009765625,-0.01407623291015625,-0.00957489013671875,-0.01087188720703125,-0.00637054443359375,-0.01708984375,-0.005645751953125,-0.00644683837890625,-0.0215911865234375,-0.00446319580078125,-0.0135040283203125,-0.0067138671875,-0.001983642578125,-0.0211334228515625,0.128936767578125,0.09796142578125,0.09307861328125,0.103912353515625,0.13214111328125,0.10650634765625,0.100555419921875,0.101470947265625,0.128326416015625,0.11627197265625,0.105438232421875,0.081634521484375,-0.025177001953125,-0.538330078125,0.46234130859375,-0.5438232421875,-0.5133762359619141
823,0.41150000000000003,-0.0,-0.0,-0.0,-0.0,-0.0,-0.0,1.070526123046875,0.4619767963886261,-613.0233154296875,-183856.765625,61118.40234375,-2913.341064453125,-0.0,-0.0,-0.0,-0.0,-0.0,-0.0,-0.0,-0.0,-0.0,-0.0,-0.0,-0.0,0.006561279296875,0.00614166259765625,0.00949859619140625,0.0116729736328125,0.00858306884765625,0.00957489013671875,0.0048065185546875,0.01659393310546875,0.0045013427734375,0.00518798828125,0.01651763916015625,0.01125335693359375,0.01583099365234375,0.00812530517578125,0.00217437744140625,0.01888275146484375,0.117645263671875,0.07537841796875,0.1007080078125,0.095367431640625,0.088043212890625,0.107269287109375,0.054779052734375,0.10040283203125,0.12969970703125,0.14984130859375,0.105133056640625,0.051116943359375,0.09918212890625,0.1165771484375,-0.0164794921875,1.26708984375,8.93803882598877
824,0.41200000000000003,-0.0,-0.0,-0.0,-0.0,-0.0,-0.0,1.0624244213104248,1.2154477834701538,-614.3727416992188,-184409.6875,60910.41796875,-2899.5078125,-0.0,-0.0,-0.0,-0.0,-0.0,-0.0,-0.0,-0.0,-0.0,-0.0,-0.0,-0.0,0.00637054443359375,0.0046539306640625,0.0101470947265625,0.011138916015625,0.01010894775390625,0.0106048583984375,0.0046539306640625,0.0180816650390625,0.00743865966796875,0.01194000244140625,0.02353668212890625,0.00919342041015625,0.01552581787109375,0.00904083251953125,0.00415802001953125,0.021514892578125,0.088348388671875,0.10009765625,0.09613037109375,0.096588134765625,0.1123046875,0.100555419921875,0.01007080078125,0.096893310546875,0.13946533203125,-0.103302001953125,0.09033203125,0.0830078125,0.464019775390625,0.9375,-0.340576171875,0.9332275390625,4.974541664123535
825,0.41250000000000003,-0.0,-0.0,-0.0,-0.0,-0.0,-0.0,1.3381576538085938,1.4991934299468994,-613.7315673828125,-184347.015625,60679.22265625,-2726.471923828125,-0.0,-0.0,-0.0,-0.0,-0.0,-0.0,-0.0,-0.0,-0.0,-0.0,-0.0,-0.0,-0.00499725341796875,-0.0061798095703125,-0.00995635986328125,-0.0104522705078125,-0.00896453857421875,-0.01064300537109375,-0.006256103515625,-0.01499176025390625,-0.00457763671875,-0.00896453857421875,-0.015106201171875,-0.01068115234375,-0.01399993896484375,-0.0081634521484375,-0.00186920166015625,-0.01964569091796875,0.0994873046875,0.108184814453125,0.103912353515625,0.102386474609375,0.08270263671875,0.10162353515625,0.143890380859375,0.094146728515625,0.150909423828125,0.182037353515625,0.1019287109375,0.096435546875,-0.392913818359375,0.25543212890625,0.10345458984375,-0.8575439453125,-1.1231448650360107
826,0.41300000000000003,-0.0,-0.0,-0.0,-0.0,-0.0,-0.0,0.8602427840232849,2.1152544021606445,-614.7600708007812,-184254.875,61043.78125,-2734.151123046875,-0.0,-0.0,-0.0,-0.0,-0.0,-0.0,-0.0,-0.0,-0.0,-0.0,-0.0,-0.0,-0.00370025634765625,-0.00568389892578125,-0.00835418701171875,-0.0115966796875,-0.007171630859375,-0.011444091796875,-0.007476806640625,-0.01842498779296875,-0.00652313232421875,-0.007476806640625,-0.02170562744140625,-0.00736236572265625,-0.01697540283203125,-0.00774383544921875,-0.00457763671875,-0.01918792724609375,0.120849609375,0.112152099609375,0.11627197265625,0.095672607421875,0.094451904296875,0.096435546875,0.069122314453125,0.091094970703125,0.15472412109375,0.117034912109375,0.08636474609375,0.09368896484375,-0.033111572265625,-0.24871826171875,0.30670166015625,-0.9722900390625,-2.95245099067688
827,0.41350000000000003,-0.0,-0.0,-0.0,-0.0,-0.0,-0.0,0.6979159116744995,2.5429131984710693,-613.1515502929688,-183457.0,60705.99609375,-2677.996826171875,-0.0,-0.0,-0.0,-0.0,-0.0,-0.0,-0.0,-0.0,-0.0,-0.0,-0.0,-0.0,0.00522613525390625,0.00782012939453125,0.009307861328125,0.01201629638671875,0.0087738037109375,0.01300811767578125,0.00804901123046875,0.0151824951171875,0.00637054443359375,0.00644683837890625,0.0189208984375,0.00827789306640625,0.01697540283203125,0.0077056884765625,0.00606536865234375,0.020599365234375,0.129241943359375,0.064239501953125,0.061798095703125,0.091552734375,0.08026123046875,0.07904052734375,0.1055908203125,0.0909423828125,0.1422119140625,0.027008056640625,0.074310302734375,0.096282958984375,0.191650390625,0.0604248046875,-0.07720947265625,1.04736328125,8.633153915405273
828,0.41400000000000003,-0.0,-0.0,-0.0,-0.0,-0.0,-0.0,0.5430782437324524,2.844364643096924,-611.4163818359375,-183019.84375,60953.70703125,-2600.3251953125,-0.0,-0.0,-0.0,-0.0,-0.0,-0.0,-0.0,-0.0,-0.0,-0.0,-0.0,-0.0,0.0070953369140625,0.005340576171875,0.01007080078125,0.01300811767578125,0.011138916015625,0.01255035400390625,0.00743865966796875,0.01918792724609375,0.00537872314453125,0.009765625,0.020294189453125,0.00766754150390625,0.0146484375,0.00701904296875,0.00091552734375,0.02017974853515625,0.01068115234375,0.095062255859375,0.11016845703125,0.113525390625,0.07843017578125,0.134735107421875,0.070953369140625,0.100555419921875,0.11688232421875,0.0732421875,0.130157470703125,0.09918212890625,0.31585693359375,0.78369140625,-0.3350830078125,1.05072021484375,5.279426097869873
829,0.41450000000000004,-0.0,-0.0,-0.0,-0.0,-0.0,-0.0,0.7873704433441162,3.08471941947937,-609.7115478515625,-182347.265625,60629.00390625,-2581.127197265625,-0.0,-0.0,-0.0,-0.0,-0.0,-0.0,-0.0,-0.0,-0.0,-0.0,-0.0,-0.0,-0.0043487548828125,-0.00659942626953125,-0.009613037109375,-0.00980377197265625,-0.0087738037109375,-0.0091552734375,-0.00774383544921875,-0.014801025390625,-0.0046539306640625,-0.00751495361328125,-0.01861572265625,-0.00850677490234375,-0.01567840576171875,-0.008392333984375,-0.00335693359375,-0.02017974853515625,0.1007080078125,0.106964111328125,0.11077880859375,0.111236572265625,0.09674072265625,0.105438232421875,0.07659912109375,0.11260986328125,0.11932373046875,0.0732421875,0.111083984375,0.0994873046875,-0.0567626953125,0.04241943359375,0.4229736328125,-0.809478759765625,1.0110454559326172
830,0.41500000000000004,-0.0,-0.0,-0.0,-0.0,-0.0,-0.0,0.4614109694957733,3.855624198913574,-607.20751953125,-182221.953125,60011.19140625,-2463.343017578125,-0.0,-0.0,-0.0,-0.0,-0.0,-0.0,-0.0,-0.0,-0.0,-0.0,-0.0,-0.0,-0.0038909912109375,-0.00484466552734375,-0.0084686279296875,-0.008087158203125,-0.0069427490234375,-0.00965118408203125,-0.00743865966796875,-0.01720428466796875,-0.0048065185546875,-0.0074005126953125,-0.02288818359375,-0.00942230224609375,-0.01552581787109375,-0.009002685546875,-0.00423431396484375,-0.01964569091796875,0.1043701171875,0.1080322265625,0.101318359375,0.097503662109375,0.081329345703125,0.099945068359375,0.13397216796875,0.096893310546875,0.11260986328125,0.152740478515625,0.0994873046875,0.112457275390625,-0.02716064453125,-0.74462890625,0.23956298828125,-0.9271240234375,-1.732913613319397
831,0.41550000000000004,-0.0,-0.0,-0.0,-0.0,-0.0,-0.0,1.070526123046875,3.944551706314087,-607.8829345703125,-181503.015625,60065.76953125,-2533.596923828125,-0.0,-0.0,-0.0,-0.0,-0.0,-0.0,-0.0,-0.0,-0.0,-0.0,-0.0,-0.0,0.00797271728515625,0.0064849853515625,0.00888824462890625,0.0121307373046875,0.00881195068359375,0.0115966796875,0.0074005126953125,0.0176239013671875,0.00614166259765625,0.009613037109375,0.0159454345703125,0.0104522705078125,0.016937255859375,0.00774383544921875,0.006256103515625,0.02044677734375,0.101776123046875,0.108184814453125,0.098876953125,0.100555419921875,0.113067626953125,0.09368896484375,0.062408447265625,0.09185791015625,0.107574462890625,0.05126953125,0.10223388671875,0.12420654296875,0.66375732421875,-0.0823974609375,-0.0286865234375,1.231689453125,10.4624605178833
832,0.41600000000000004,-0.0,-0.0,-0.0,-0.0,-0.0,-0.0,0.8104532361030579,4.107550144195557,-606.8529663085938,-180990.03125,59888.10546875,-2562.69189453125,-0.0,-0.0,-0.0,-0.0,-0.0,-0.0,-0.0,-0.0,-0.0,-0.0,-0.0,-0.0,0.00606536865234375,0.00728607177734375,0.009002685546875,0.01270294189453125,0.00904083251953125,0.01247406005859375,0.008544921875,0.01720428466796875,0.0066375732421875,0.00843048095703125,0.02216339111328125,0.00762939453125,0.014190673828125,0.0086212158203125,0.003204345703125,0.01941680908203125,0.106201171875,0.104827880859375,0.101318359375,0.10223388671875,0.09063720703125,0.103607177734375,0.18157958984375,0.098114013671875,0.10101318359375,0.14007568359375,0.10711669921875,0.105133056640625,0.527801513671875,1.10137939453125,-0.04150390625,1.134490966796875,3.755004405975342
833,0.4165,-0.0,-0.0,-0.0,-0.0,-0.0,-0.0,1.122357726097107,4.1298747062683105,-606.9979248046875,-180862.046875,60063.2421875,-2436.22998046875,-0.0,-0.0,-0.0,-0.0,-0.0,-0.0,-0.0,-0.0,-0.0,-0.0,-0.0,-0.0,-0.00598907470703125,-0.005645751953125,-0.0079345703125,-0.01190185546875,-0.00728607177734375,-0.0107574462890625,-0.00667572021484375,-0.016326904296875,-0.0067901611328125,-0.00946044921875,-0.0157928466796875,-0.008697509765625,-0.01617431640625,-0.00701904296875,-0.00457763671875,-0.0212860107421875,0.09185791015625,0.11688232421875,0.081939697265625,0.093994140625,0.102996826171875,0.09002685546875,0.0732421875,0.098419189453125,0.0933837890625,0.252685546875,0.07171630859375,0.0762939453125,0.01739501953125,0.50323486328125,0.0726318359375,-0.82916259765625,0.7061610817909241
834,0.417,-0.0,-0.0,-0.0,-0.0,-0.0,-0.0,0.5352630615234375,4.419300556182861,-604.7615966796875,-180844.640625,59943.76953125,-2382.18701171875,-0.0,-0.0,-0.0,-0.0,-0.0,-0.0,-0.0,-0.0,-0.0,-0.0,-0.0,-0.0,-0.00518798828125,-0.00446319580078125,-0.00873565673828125,-0.010986328125,-0.00881195068359375,-0.01140594482421875,-0.00988006591796875,-0.01758575439453125,-0.00606536865234375,-0.01071929931640625,-0.02368927001953125,-0.0081634521484375,-0.01674652099609375,-0.006866455078125,-0.002288818359375,-0.01888275146484375,0.0933837890625,0.10406494140625,0.09735107421875,0.092620849609375,0.0897216796875,0.089874267578125,0.05462646484375,0.10345458984375,0.08056640625,-0.1190185546875,0.10223388671875,0.08819580078125,-0.162506103515625,-0.98175048828125,0.39031982421875,-0.98388671875,-2.0377979278564453
835,0.4175,-0.0,-0.0,-0.0,-0.0,-0.0,-0.0,0.1332557648420334,4.858166217803955,-605.0262451171875,-180606.390625,59935.359375,-2252.497802734375,-0.0,-0.0,-0.0,-0.0,-0.0,-0.0,-0.0,-0.0,-0.0,-0.0,-0.0,-0.0,0.00637054443359375,0.0054931640625,0.00942230224609375,0.01262664794921875,0.00888824462890625,0.0130462646484375,0.0075531005859375,0.018157958984375,0.0060272216796875,0.00873565673828125,0.016632080078125,0.00988006591796875,0.01613616943359375,0.0074005126953125,0.0054931640625,0.020904541015625,0.100555419921875,0.093994140625,0.09002685546875,0.097198486328125,0.10223388671875,0.09613037109375,0.129852294921875,0.091094970703125,0.08819580078125,0.090179443359375,0.085906982421875,0.101776123046875,0.2630615234375,-0.01190185546875,0.06256103515625,0.86181640625,11.681997299194336
836,0.418,-0.0,-0.0,-0.0,-0.0,-0.0,-0.0,0.26763153076171875,4.894906520843506,-604.2908935546875,-180198.34375,59825.07421875,-2265.01318359375,-0.0,-0.0,-0.0,-0.0,-0.0,-0.0,-0.0,-0.0,-0.0,-0.0,-0.0,-0.0,0.0087738037109375,0.008087158203125,0.01110076904296875,0.0128173828125,0.00904083251953125,0.0112152099609375,0.00782012939453125,0.01758575439453125,0.005035400390625,0.0112152099609375,0.02315521240234375,0.00820159912109375,0.015716552734375,0.00629425048828125,0.00492095947265625,0.01979827880859375,0.07720947265625,0.081329345703125,0.1129150390625,0.1043701171875,0.1812744140625,0.10406494140625,0.11962890625,0.107421875,0.073089599609375,0.157012939453125,0.095367431640625,0.103759765625,0.787353515625,1.09954833984375,-0.0830078125,1.391754150390625,5.279426097869873
837,0.4185,-0.0,-0.0,-0.0,-0.0,-0.0,-0.0,0.09642954170703888,4.880534648895264,-604.5011596679688,-180057.375,59653.05859375,-2179.709716796875,-0.0,-0.0,-0.0,-0.0,-0.0,-0.0,-0.0,-0.0,-0.0,-0.0,-0.0,-0.0,-0.00652313232421875,-0.0070953369140625,-0.0090789794921875,-0.012359619140625,-0.0064849853515625,-0.01186370849609375,-0.004730224609375,-0.01667022705078125,-0.0054931640625,-0.0086212158203125,-0.01983642578125,-0.0096893310546875,-0.01617431640625,-0.006103515625,-0.0043487548828125,-0.01903533935546875,0.12298583984375,0.10589599609375,0.09368896484375,0.096893310546875,0.111236572265625,0.09185791015625,0.1068115234375,0.094451904296875,0.058441162109375,0.10772705078125,0.139923095703125,0.06561279296875,-0.062408447265625,0.03662109375,0.04150390625,-0.7769775390625,0.7061610817909241
838,0.419,-0.0,-0.0,-0.0,-0.0,-0.0,-0.0,0.1784210205078125,5.301472187042236,-600.7872924804688,-179423.203125,59551.28125,-2044.98486328125,-0.0,-0.0,-0.0,-0.0,-0.0,-0.0,-0.0,-0.0,-0.0,-0.0,-0.0,-0.0,-0.00522613525390625,-0.00614166259765625,-0.0083160400390625,-0.01155853271484375,-0.00812530517578125,-0.010223388671875,-0.0096893310546875,-0.0174713134765625,-0.00621795654296875,-0.01007080078125,-0.0229644775390625,-0.01129150390625,-0.014190673828125,-0.00736236572265625,-0.001678466796875,-0.019989013671875,0.105743408203125,0.1080322265625,0.100555419921875,0.09490966796875,0.09857177734375,0.095062255859375,0.0994873046875,0.095977783203125,0.085601806640625,0.17547607421875,0.110931396484375,0.098419189453125,-0.5657958984375,-1.1126708984375,0.04547119140625,-0.861358642578125,-10.269674301147461
839,0.4195,-0.0,-0.0,-0.0,-0.0,-0.0,-0.0,0.05379423126578331,5.704345703125,-602.4969482421875,-179120.796875,59505.140625,-1981.4815673828125,-0.0,-0.0,-0.0,-0.0,-0.0,-0.0,-0.0,-0.0,-0.0,-0.0,-0.0,-0.0,0.006103515625,0.00614166259765625,0.0087738037109375,0.01369476318359375,0.008697509765625,0.01220703125,0.008697509765625,0.01678466796875,0.005950927734375,0.00911712646484375,0.01842498779296875,0.0118255615234375,0.01689910888671875,0.009002685546875,0.0028228759765625,0.0225067138671875,0.0982666015625,0.097198486328125,0.096435546875,0.102691650390625,0.0689697265625,0.10711669921875,0.157318115234375,0.098876953125,0.0628662109375,0.2166748046875,0.11077880859375,0.126495361328125,0.218353271484375,0.2447509765625,0.20294189453125,1.143035888671875,14.121071815490723
840,0.42,-0.0,-0.0,-0.0,-0.0,-0.0,-0.0,-0.0070154680870473385,5.889615535736084,-600.1360473632812,-178850.65625,59453.1015625,-1872.917236328125,-0.0,-0.0,-0.0,-0.0,-0.0,-0.0,-0.0,-0.0,-0.0,-0.0,-0.0,-0.0,0.0077056884765625,0.006866455078125,0.0102996826171875,0.011444091796875,0.00885009765625,0.01094818115234375,0.0058746337890625,0.0168609619140625,0.00316619873046875,0.01041412353515625,0.022735595703125,0.00820159912109375,0.01354217529296875,0.00766754150390625,0.0048828125,0.0197601318359375,0.09552001953125,0.09185791015625,0.093536376953125,0.0927734375,0.1068115234375,0.0982666015625,0.017547607421875,0.098114013671875,0.082550048828125,-0.039520263671875,0.091094970703125,0.107269287109375,0.63018798828125,1.495361328125,-0.20751953125,1.042633056640625,5.584310531616211
841,0.4205,-0.0,-0.0,-0.0,-0.0,-0.0,-0.0,-0.3022945821285248,5.9994425773620605,-600.9476318359375,-178649.8125,59377.82421875,-1551.6668701171875,-0.0,-0.0,-0.0,-0.0,-0.0,-0.0,-0.0,-0.0,-0.0,-0.0,-0.0,-0.0,-0.0035858154296875,-0.00659942626953125,-0.008697509765625,-0.01155853271484375,-0.0079345703125,-0.011138916015625,-0.00576019287109375,-0.01651763916015625,-0.00545501708984375,-0.00545501708984375,-0.019989013671875,-0.00904083251953125,-0.01678466796875,-0.00701904296875,-0.004730224609375,-0.01995086669921875,0.112457275390625,0.110015869140625,0.1031494140625,0.093994140625,0.103912353515625,0.103759765625,0.12481689453125,0.095977783203125,0.106201171875,0.301055908203125,0.0927734375,0.09613037109375,0.2154541015625,-0.028076171875,-0.0616455078125,-0.86151123046875,-2.95245099067688
842,0.421,-0.0,-0.0,-0.0,-0.0,-0.0,-0.0,-0.8989845514297485,6.6710333824157715,-597.9608154296875,-177879.265625,59644.01171875,-1607.0723876953125,-0.0,-0.0,-0.0,-0.0,-0.0,-0.0,-0.0,-0.0,-0.0,-0.0,-0.0,-0.0,-0.00385284423828125,-0.00766754150390625,-0.00843048095703125,-0.0128173828125,-0.0087738037109375,-0.0115203857421875,-0.00965118408203125,-0.01575469970703125,-0.00438690185546875,-0.0079345703125,-0.0255584716796875,-0.0077056884765625,-0.01556396484375,-0.00667572021484375,-0.0002288818359375,-0.01941680908203125,0.12603759765625,0.106353759765625,0.10589599609375,0.09429931640625,0.076141357421875,0.096282958984375,0.07293701171875,0.102996826171875,0.096282958984375,0.0091552734375,0.0897216796875,0.079803466796875,-0.38360595703125,-1.47064208984375,0.1861572265625,-1.116943359375,-2.342682361602783
843,0.4215,-0.0,-0.0,-0.0,-0.0,-0.0,-0.0,-1.0637283325195312,7.076098918914795,-596.8472290039062,-177565.671875,59117.23046875,-1127.439453125,-0.0,-0.0,-0.0,-0.0,-0.0,-0.0,-0.0,-0.0,-0.0,-0.0,-0.0,-0.0,0.0055694580078125,0.00762939453125,0.0092315673828125,0.01373291015625,0.0084686279296875,0.01178741455078125,0.00667572021484375,0.01728057861328125,0.0067901611328125,0.00782012939453125,0.01735687255859375,0.01590728759765625,0.01796722412109375,0.00911712646484375,0.00316619873046875,0.02208709716796875,0.091552734375,0.086212158203125,0.086669921875,0.105743408203125,0.135955810546875,0.090484619140625,0.119171142578125,0.10284423828125,0.10101318359375,0.183868408203125,0.09307861328125,0.113067626953125,0.041351318359375,-0.14251708984375,0.55267333984375,1.12091064453125,9.852691650390625
844,0.422,-0.0,-0.0,-0.0,-0.0,-0.0,-0.0,-1.1664652824401855,7.308692932128906,-597.1473999023438,-177314.8125,59120.2890625,-1350.4722900390625,-0.0,-0.0,-0.0,-0.0,-0.0,-0.0,-0.0,-0.0,-0.0,-0.0,-0.0,-0.0,0.00492095947265625,0.006103515625,0.00782012939453125,0.011749267578125,0.00873565673828125,0.01056671142578125,0.0058746337890625,0.01628875732421875,0.00637054443359375,0.01262664794921875,0.0257110595703125,0.00774383544921875,0.016632080078125,0.00797271728515625,0.00240325927734375,0.0194549560546875,0.06072998046875,0.088043212890625,0.10833740234375,0.101318359375,0.08270263671875,0.107421875,0.09735107421875,0.1031494140625,0.100250244140625,0.12420654296875,0.093994140625,0.11383056640625,0.68603515625,1.3018798828125,-0.230712890625,1.094512939453125,2.5354671478271484
845,0.4225,-0.0,-0.0,-0.0,-0.0,-0.0,-0.0,-1.130608081817627,6.4774169921875,-596.2205810546875,-176965.953125,59108.31640625,-1150.9813232421875,-0.0,-0.0,-0.0,-0.0,-0.0,-0.0,-0.0,-0.0,-0.0,-0.0,-0.0,-0.0,-0.00499725341796875,-0.00640869140625,-0.0083160400390625,-0.01110076904296875,-0.00911712646484375,-0.0093841552734375,-0.0083160400390625,-0.015869140625,-0.00698089599609375,-0.00766754150390625,-0.01903533935546875,-0.01071929931640625,-0.01468658447265625,-0.0070953369140625,-0.00347137451171875,-0.02040863037109375,0.10162353515625,0.10986328125,0.100860595703125,0.11016845703125,0.094757080078125,0.10345458984375,0.107421875,0.09857177734375,0.103759765625,0.077667236328125,0.095367431640625,0.05584716796875,-0.021514892578125,0.04241943359375,-0.1190185546875,-0.61187744140625,-0.5133762359619141
846,0.423,-0.0,-0.0,-0.0,-0.0,-0.0,-0.0,-1.7015925645828247,6.925823211669922,-594.5062866210938,-176909.828125,58938.35546875,-967.5541381835938,-0.0,-0.0,-0.0,-0.0,-0.0,-0.0,-0.0,-0.0,-0.0,-0.0,-0.0,-0.0,-0.00713348388671875,-0.0066375732421875,-0.00873565673828125,-0.0103759765625,-0.0079345703125,-0.00873565673828125,-0.00560760498046875,-0.01621246337890625,-0.00438690185546875,-0.00881195068359375,-0.0220489501953125,-0.0058746337890625,-0.01373291015625,-0.005340576171875,-0.00293731689453125,-0.01949310302734375,0.103912353515625,0.104827880859375,0.087127685546875,0.09796142578125,0.073394775390625,0.100250244140625,0.11016845703125,0.102386474609375,0.1226806640625,-0.014190673828125,0.087127685546875,0.118255615234375,-0.2392578125,-1.353759765625,0.40771484375,-0.70159912109375,-3.5622196197509766
847,0.4235,-0.0,-0.0,-0.0,-0.0,-0.0,-0.0,-2.3432862758636475,7.213028430938721,-594.2982788085938,-175902.453125,58695.5,-881.5068969726562,-0.0,-0.0,-0.0,-0.0,-0.0,-0.0,-0.0,-0.0,-0.0,-0.0,-0.0,-0.0,0.00576019287109375,0.00896453857421875,0.00980377197265625,0.01178741455078125,0.0103759765625,0.01056671142578125,0.00865936279296875,0.01705169677734375,0.0069427490234375,0.0092315673828125,0.01983642578125,0.0138092041015625,0.01583099365234375,0.008697509765625,0.00354766845703125,0.02017974853515625,0.115203857421875,0.09918212890625,0.0921630859375,0.096435546875,0.118408203125,0.09033203125,0.0921630859375,0.0958251953125,0.12115478515625,0.398101806640625,0.09246826171875,0.078582763671875,0.006103515625,0.19805908203125,0.301513671875,0.75225830078125,9.547806739807129
848,0.424,-0.0,-0.0,-0.0,-0.0,-0.0,-0.0,-1.7014716863632202,7.251893520355225,-594.8775634765625,-175895.03125,58943.2578125,-945.9165649414062,-0.0,-0.0,-0.0,-0.0,-0.0,-0.0,-0.0,-0.0,-0.0,-0.0,-0.0,-0.0,0.00637054443359375,0.0066375732421875,0.0086212158203125,0.01171112060546875,0.00835418701171875,0.01300811767578125,0.00659942626953125,0.0177764892578125,0.006103515625,0.01155853271484375,0.026702880859375,0.00457763671875,0.015106201171875,0.00690460205078125,0.004730224609375,0.01819610595703125,0.11016845703125,0.09674072265625,0.102386474609375,0.10040283203125,0.11016845703125,0.088958740234375,0.09918212890625,0.10101318359375,0.123291015625,0.049591064453125,0.091400146484375,0.078125,0.72021484375,1.74468994140625,-0.369873046875,1.1419677734375,3.450119972229004
849,0.4245,-0.0,-0.0,-0.0,-0.0,-0.0,-0.0,-1.7522644996643066,7.3150763511657715,-595.0322875976562,-175528.03125,58259.46875,-814.4672241210938,-0.0,-0.0,-0.0,-0.0,-0.0,-0.0,-0.0,-0.0,-0.0,-0.0,-0.0,-0.0,-0.00598907470703125,-0.006866455078125,-0.0092315673828125,-0.01194000244140625,-0.008087158203125,-0.01155853271484375,-0.00579833984375,-0.0193023681640625,-0.00457763671875,-0.0090789794921875,-0.01804351806640625,-0.01369476318359375,-0.01728057861328125,-0.00759124755859375,-0.003814697265625,-0.021209716796875,0.100250244140625,0.09735107421875,0.09613037109375,0.0946044921875,0.081024169921875,0.09765625,0.085296630859375,0.104522705078125,0.11932373046875,0.073699951171875,0.0860595703125,0.108642578125,0.029449462890625,0.1007080078125,-0.111083984375,-0.800323486328125,-1.4280292987823486
850,0.425,-0.0,-0.0,-0.0,-0.0,-0.0,-0.0,-1.2616190910339355,7.582414627075195,-593.4175415039062,-175572.171875,58497.15625,-722.478759765625,-0.0,-0.0,-0.0,-0.0,-0.0,-0.0,-0.0,-0.0,-0.0,-0.0,-0.0,-0.0,-0.00591278076171875,-0.007476806640625,-0.00797271728515625,-0.0115203857421875,-0.0074005126953125,-0.01056671142578125,-0.00579833984375,-0.01697540283203125,-0.005340576171875,-0.00736236572265625,-0.0241851806640625,-0.0030517578125,-0.01239776611328125,-0.00629425048828125,-0.00171661376953125,-0.0189971923828125,0.0830078125,0.098114013671875,0.104522705078125,0.109100341796875,0.1116943359375,0.102691650390625,0.1092529296875,0.103302001953125,0.130462646484375,0.133819580078125,0.103607177734375,0.13336181640625,-0.256805419921875,-1.6253662109375,0.6207275390625,-0.955047607421875,-1.1231448650360107
851,0.4255,-0.0,-0.0,-0.0,-0.0,-0.0,-0.0,-1.3569201231002808,8.309523582458496,-595.0586547851562,-175624.71875,58105.76953125,-688.548828125,-0.0,-0.0,-0.0,-0.0,-0.0,-0.0,-0.0,-0.0,-0.0,-0.0,-0.0,-0.0,0.0063323974609375,0.0075531005859375,0.00858306884765625,0.013885498046875,0.00843048095703125,0.0121307373046875,0.00598907470703125,0.0188446044921875,0.0058746337890625,0.009002685546875,0.019073486328125,0.0124359130859375,0.0154876708984375,0.008544921875,0.002593994140625,0.0231170654296875,0.09490966796875,0.1055908203125,0.094757080078125,0.097198486328125,0.102691650390625,0.10040283203125,0.125274658203125,0.095977783203125,0.130767822265625,-0.00152587890625,0.093536376953125,0.10650634765625,0.3631591796875,0.02044677734375,0.13092041015625,0.812835693359375,8.93803882598877
852,0.426,-0.0,-0.0,-0.0,-0.0,-0.0,-0.0,-1.6181596517562866,8.282947540283203,-598.0175170898438,-175498.421875,58346.265625,-770.21435546875,-0.0,-0.0,-0.0,-0.0,-0.0,-0.0,-0.0,-0.0,-0.0,-0.0,-0.0,-0.0,0.00751495361328125,0.0049591064453125,0.00896453857421875,0.01064300537109375,0.00888824462890625,0.012054443359375,0.00759124755859375,0.01811981201171875,0.00537872314453125,0.0110626220703125,0.024566650390625,0.003509521484375,0.0127410888671875,0.00667572021484375,0.00274658203125,0.01819610595703125,0.100250244140625,0.1055908203125,0.09002685546875,0.09246826171875,0.050811767578125,0.10101318359375,0.094757080078125,0.095367431640625,0.121002197265625,0.135040283203125,0.088348388671875,0.09246826171875,1.07269287109375,1.69158935546875,-0.592041015625,1.1041259765625,6.803847789764404
853,0.4265,-0.0,-0.0,-0.0,-0.0,-0.0,-0.0,-1.2952334880828857,8.11086654663086,-596.4480590820312,-175385.4375,57917.48828125,-745.3192749023438,-0.0,-0.0,-0.0,-0.0,-0.0,-0.0,-0.0,-0.0,-0.0,-0.0,-0.0,-0.0,-0.0055694580078125,-0.006103515625,-0.00995635986328125,-0.01148223876953125,-0.00988006591796875,-0.0104522705078125,-0.00812530517578125,-0.01857757568359375,-0.0051116943359375,-0.00835418701171875,-0.0188446044921875,-0.0109100341796875,-0.0171661376953125,-0.0083160400390625,-0.00598907470703125,-0.02170562744140625,0.103302001953125,0.09490966796875,0.097503662109375,0.097808837890625,0.123748779296875,0.102081298828125,0.09002685546875,0.09979248046875,0.117340087890625,0.147552490234375,0.097198486328125,0.10650634765625,0.156097412109375,0.1385498046875,-0.02166748046875,-0.7403564453125,5.279426097869873
854,0.427,-0.0,-0.0,-0.0,-0.0,-0.0,-0.0,-1.1597366333007812,8.82995319366455,-596.993896484375,-176064.859375,58027.68359375,-748.8434448242188,-0.0,-0.0,-0.0,-0.0,-0.0,-0.0,-0.0,-0.0,-0.0,-0.0,-0.0,-0.0,-0.00469207763671875,-0.00461578369140625,-0.00720977783203125,-0.01140594482421875,-0.00621795654296875,-0.01125335693359375,-0.0070953369140625,-0.01735687255859375,-0.00469207763671875,-0.01071929931640625,-0.0263214111328125,-0.00461578369140625,-0.01583099365234375,-0.00518798828125,-0.00225067138671875,-0.0185394287109375,0.10284423828125,0.09552001953125,0.0946044921875,0.10528564453125,0.08514404296875,0.088653564453125,0.069732666015625,0.0933837890625,0.10589599609375,0.054168701171875,0.100250244140625,0.062713623046875,-0.646514892578125,-1.59637451171875,0.677490234375,-1.19415283203125,-4.476872444152832
855,0.4275,-0.0,-0.0,-0.0,-0.0,-0.0,-0.0,-0.9333490133285522,9.804344177246094,-600.3583984375,-176437.21875,57679.26171875,-748.1439208984375,-0.0,-0.0,-0.0,-0.0,-0.0,-0.0,-0.0,-0.0,-0.0,-0.0,-0.0,-0.0,0.004119873046875,0.0061798095703125,0.00919342041015625,0.0128173828125,0.00949859619140625,0.011749267578125,0.00629425048828125,0.01781463623046875,0.0061798095703125,0.00667572021484375,0.02094268798828125,0.00919342041015625,0.01728057861328125,0.00823974609375,0.00492095947265625,0.022735595703125,0.10009765625,0.092315673828125,0.098114013671875,0.08148193359375,0.044708251953125,0.10223388671875,-0.021820068359375,0.099945068359375,0.105133056640625,-0.1348876953125,0.092926025390625,0.08148193359375,-0.227203369140625,0.010986328125,0.0811767578125,0.779266357421875,11.681997299194336
856,0.428,-0.0,-0.0,-0.0,-0.0,-0.0,-0.0,-0.10699456930160522,10.065813064575195,-601.0888061523438,-176808.015625,57708.36328125,-812.4981689453125,-0.0,-0.0,-0.0,-0.0,-0.0,-0.0,-0.0,-0.0,-0.0,-0.0,-0.0,-0.0,0.00453948974609375,0.00629425048828125,0.00873565673828125,0.012359619140625,0.00934600830078125,0.0113677978515625,0.00904083251953125,0.01617431640625,0.00598907470703125,0.01285552978515625,0.0269317626953125,0.0054168701171875,0.0157928466796875,0.00591278076171875,0.00270843505859375,0.019073486328125,0.104217529296875,0.098724365234375,0.093994140625,0.097198486328125,0.09735107421875,0.106353759765625,0.0775146484375,0.09613037109375,0.112457275390625,0.065765380859375,0.0811767578125,0.101776123046875,1.171112060546875,1.81793212890625,-0.57159423828125,1.5826416015625,4.05988883972168
857,0.4285,-0.0,-0.0,-0.0,-0.0,-0.0,-0.0,-0.10674599558115005,10.255836486816406,-603.7063598632812,-177089.515625,57698.8203125,-748.085693359375,-0.0,-0.0,-0.0,-0.0,-0.0,-0.0,-0.0,-0.0,-0.0,-0.0,-0.0,-0.0,-0.007171630859375,-0.006103515625,-0.01041412353515625,-0.01102447509765625,-0.00904083251953125,-0.0107574462890625,-0.00743865966796875,-0.01598358154296875,-0.00652313232421875,-0.00965118408203125,-0.0191497802734375,-0.00949859619140625,-0.016632080078125,-0.00858306884765625,-0.001220703125,-0.02227783203125,0.11505126953125,0.10528564453125,0.100555419921875,0.09521484375,0.08575439453125,0.1031494140625,0.19744873046875,0.098419189453125,0.10894775390625,0.153656005859375,0.1025390625,0.12176513671875,-0.062713623046875,-0.03875732421875,0.2276611328125,-0.364990234375,0.09639240801334381
858,0.429,-0.0,-0.0,-0.0,-0.0,-0.0,-0.0,0.517888069152832,10.718793869018555,-603.607421875,-177142.875,57581.6796875,-812.0814819335938,-0.0,-0.0,-0.0,-0.0,-0.0,-0.0,-0.0,-0.0,-0.0,-0.0,-0.0,-0.0,-0.00659942626953125,-0.00530242919921875,-0.00823974609375,-0.0091552734375,-0.00789642333984375,-0.0104522705078125,-0.00804901123046875,-0.0152587890625,-0.002288818359375,-0.00885009765625,-0.0238800048828125,-0.00675201416015625,-0.0156402587890625,-0.0061798095703125,-0.00301361083984375,-0.017547607421875,0.11474609375,0.107269287109375,0.100555419921875,0.099029541015625,0.16448974609375,0.091552734375,0.175323486328125,0.092926025390625,0.101470947265625,-0.02532958984375,0.08758544921875,0.09613037109375,-0.423431396484375,-1.77276611328125,0.41107177734375,-1.3299560546875,-1.732913613319397
859,0.4295,-0.0,-0.0,-0.0,-0.0,-0.0,-0.0,0.8978148698806763,10.81900691986084,-605.6583862304688,-178125.859375,58049.8828125,-788.4428100585938,-0.0,-0.0,-0.0,-0.0,-0.0,-0.0,-0.0,-0.0,-0.0,-0.0,-0.0,-0.0,0.0060272216796875,0.0063323974609375,0.00934600830078125,0.01194000244140625,0.00926971435546875,0.0110626220703125,0.00652313232421875,0.01949310302734375,0.0057220458984375,0.0077056884765625,0.019989013671875,0.0119781494140625,0.0147247314453125,0.00888824462890625,0.0020599365234375,0.02197265625,0.10711669921875,0.10345458984375,0.09979248046875,0.099029541015625,0.0738525390625,0.0982666015625,0.11932373046875,0.094146728515625,0.093841552734375,-0.025634765625,0.10650634765625,0.10223388671875,0.018310546875,0.277099609375,0.086669921875,0.88958740234375,12.291766166687012
860,0.43,-0.0,-0.0,-0.0,-0.0,-0.0,-0.0,1.1935832500457764,10.991219520568848,-609.499267578125,-178360.640625,58059.2421875,-985.5825805664062,-0.0,-0.0,-0.0,-0.0,-0.0,-0.0,-0.0,-0.0,-0.0,-0.0,-0.0,-0.0,0.0051116943359375,0.00583648681640625,0.00774383544921875,0.0122833251953125,0.00885009765625,0.01033782958984375,0.0086212158203125,0.01575469970703125,0.00659942626953125,0.00926971435546875,0.024566650390625,0.00652313232421875,0.016021728515625,0.007476806640625,0.000457763671875,0.01873016357421875,0.1043701171875,0.09796142578125,0.105743408203125,0.103302001953125,0.11322021484375,0.10711669921875,0.117340087890625,0.1043701171875,0.0811767578125,0.176239013671875,0.1153564453125,0.122528076171875,0.59783935546875,1.84844970703125,-0.22003173828125,1.593170166015625,3.450119972229004
861,0.4305,-0.0,-0.0,-0.0,-0.0,-0.0,-0.0,1.9570434093475342,11.497821807861328,-608.5511474609375,-178984.125,58055.54296875,-1204.644775390625,-0.0,-0.0,-0.0,-0.0,-0.0,-0.0,-0.0,-0.0,-0.0,-0.0,-0.0,-0.0,-0.00812530517578125,-0.00682830810546875,-0.0101470947265625,-0.01186370849609375,-0.00946044921875,-0.0107574462890625,-0.01033782958984375,-0.01708984375,-0.00629425048828125,-0.0080108642578125,-0.019683837890625,-0.0087738037109375,-0.01953125,-0.0079345703125,-0.0038909912109375,-0.02292633056640625,0.076904296875,0.090179443359375,0.0970458984375,0.096588134765625,0.073089599609375,0.09307861328125,0.124664306640625,0.094146728515625,0.08941650390625,-0.06683349609375,0.085296630859375,0.054168701171875,-0.103607177734375,0.1373291015625,0.1568603515625,-0.85662841796875,-0.5133762359619141
862,0.431,-0.0,-0.0,-0.0,-0.0,-0.0,-0.0,2.3866641521453857,11.168800354003906,-609.81103515625,-179234.9375,57839.09765625,-1247.1109619140625,-0.0,-0.0,-0.0,-0.0,-0.0,-0.0,-0.0,-0.0,-0.0,-0.0,-0.0,-0.0,-0.00652313232421875,-0.00621795654296875,-0.00713348388671875,-0.008697509765625,-0.0070953369140625,-0.010223388671875,-0.0061798095703125,-0.0159454345703125,-0.00209808349609375,-0.00820159912109375,-0.02498626708984375,-0.00667572021484375,-0.016021728515625,-0.00640869140625,-0.004730224609375,-0.01773834228515625,0.091552734375,0.107879638671875,0.099334716796875,0.10284423828125,0.0946044921875,0.10101318359375,0.121917724609375,0.10040283203125,0.088653564453125,0.1220703125,0.09918212890625,0.102081298828125,-0.67474365234375,-2.04742431640625,0.43609619140625,-1.56463623046875,-2.342682361602783
863,0.4315,-0.0,-0.0,-0.0,-0.0,-0.0,-0.0,2.8656110763549805,10.984768867492676,-613.1419067382812,-179836.0,58005.69921875,-1307.6697998046875,-0.0,-0.0,-0.0,-0.0,-0.0,-0.0,-0.0,-0.0,-0.0,-0.0,-0.0,-0.0,0.00820159912109375,0.00514984130859375,0.01087188720703125,0.01194000244140625,0.0102996826171875,0.010833740234375,0.008544921875,0.0189971923828125,0.00598907470703125,0.0101470947265625,0.0196075439453125,0.00957489013671875,0.01583099365234375,0.00858306884765625,0.003662109375,0.02288818359375,0.0750732421875,0.108184814453125,0.099639892578125,0.100555419921875,0.1141357421875,0.106201171875,0.093231201171875,0.09735107421875,0.08880615234375,0.129547119140625,0.103302001953125,0.10040283203125,0.1959228515625,0.09429931640625,-0.0933837890625,0.756378173828125,10.4624605178833
864,0.432,-0.0,-0.0,-0.0,-0.0,-0.0,-0.0,2.6924686431884766,11.508581161499023,-614.88623046875,-180287.953125,57938.07421875,-1184.93896484375,-0.0,-0.0,-0.0,-0.0,-0.0,-0.0,-0.0,-0.0,-0.0,-0.0,-0.0,-0.0,0.0066375732421875,0.00675201416015625,0.00946044921875,0.0119781494140625,0.00934600830078125,0.009765625,0.00774383544921875,0.01495361328125,0.0061798095703125,0.00946044921875,0.0235748291015625,0.00820159912109375,0.0167083740234375,0.0067138671875,0.00110626220703125,0.01888275146484375,0.1043701171875,0.072479248046875,0.103759765625,0.098419189453125,0.107879638671875,0.10894775390625,0.16876220703125,0.11138916015625,0.095672607421875,0.10894775390625,0.10894775390625,0.125732421875,0.68878173828125,1.73126220703125,-0.13916015625,2.010650634765625,4.669657230377197
865,0.4325,-0.0,-0.0,-0.0,-0.0,-0.0,-0.0,2.9439468383789062,11.324857711791992,-617.732666015625,-180884.5,58121.16015625,-1174.8070068359375,-0.0,-0.0,-0.0,-0.0,-0.0,-0.0,-0.0,-0.0,-0.0,-0.0,-0.0,-0.0,-0.0051116943359375,-0.00804901123046875,-0.00888824462890625,-0.0136566162109375,-0.0096893310546875,-0.01300811767578125,-0.00766754150390625,-0.01911163330078125,-0.00415802001953125,-0.0093841552734375,-0.0185394287109375,-0.0118255615234375,-0.01827239990234375,-0.0084686279296875,-0.0054168701171875,-0.02227783203125,0.09979248046875,0.126800537109375,0.101318359375,0.094451904296875,0.014801025390625,0.099945068359375,0.07415771484375,0.098876953125,0.092926025390625,0.1470947265625,0.09613037109375,0.080413818359375,-0.002899169921875,0.02716064453125,-0.1483154296875,-0.85968017578125,-0.5133762359619141
866,0.433,-0.0,-0.0,-0.0,-0.0,-0.0,-0.0,2.776021957397461,11.828125953674316,-619.39453125,-181390.171875,58303.19921875,-1174.5130615234375,-0.0,-0.0,-0.0,-0.0,-0.0,-0.0,-0.0,-0.0,-0.0,-0.0,-0.0,-0.0,-0.00530242919921875,-0.0038909912109375,-0.00812530517578125,-0.0089263916015625,-0.00667572021484375,-0.0083160400390625,-0.0066375732421875,-0.0160980224609375,-0.004425048828125,-0.0099945068359375,-0.02628326416015625,-0.007781982421875,-0.0177001953125,-0.00823974609375,-0.00431060791015625,-0.0191497802734375,0.099334716796875,0.11016845703125,0.095367431640625,0.09552001953125,0.087127685546875,0.091094970703125,0.03387451171875,0.099945068359375,0.108184814453125,0.0189208984375,0.093231201171875,0.068359375,-0.711517333984375,-2.109375,0.57342529296875,-1.77276611328125,-1.1231448650360107
867,0.4335,-0.0,-0.0,-0.0,-0.0,-0.0,-0.0,3.038323402404785,11.586952209472656,-621.6171264648438,-182221.625,58368.8984375,-837.665771484375,-0.0,-0.0,-0.0,-0.0,-0.0,-0.0,-0.0,-0.0,-0.0,-0.0,-0.0,-0.0,0.00835418701171875,0.00545501708984375,0.01071929931640625,0.0121307373046875,0.009918212890625,0.01361846923828125,0.00823974609375,0.01983642578125,0.00698089599609375,0.0106048583984375,0.02208709716796875,0.01079559326171875,0.01926422119140625,0.00701904296875,0.0040435791015625,0.023651123046875,0.092926025390625,0.0994873046875,0.098876953125,0.093536376953125,0.106201171875,0.094757080078125,0.09185791015625,0.090484619140625,0.1104736328125,0.088653564453125,0.099029541015625,0.097198486328125,0.343780517578125,0.2325439453125,0.14068603515625,1.074066162109375,9.24292278289795
868,0.434,-0.0,-0.0,-0.0,-0.0,-0.0,-0.0,2.344960927963257,11.423970222473145,-624.0286254882812,-182322.625,58631.3671875,-710.6531372070312,-0.0,-0.0,-0.0,-0.0,-0.0,-0.0,-0.0,-0.0,-0.0,-0.0,-0.0,-0.0,0.0084686279296875,0.00713348388671875,0.00835418701171875,0.01201629638671875,0.00705718994140625,0.01102447509765625,0.00732421875,0.01689910888671875,0.0051116943359375,0.00827789306640625,0.02532958984375,0.00461578369140625,0.016326904296875,0.0067138671875,0.00102996826171875,0.01773834228515625,0.10467529296875,0.0958251953125,0.093536376953125,0.09429931640625,0.105743408203125,0.0927734375,0.100860595703125,0.101470947265625,0.1165771484375,0.094146728515625,0.092315673828125,0.099029541015625,0.83892822265625,2.27996826171875,-0.4608154296875,1.7620849609375,3.145235776901245
869,0.4345,-0.0,-0.0,-0.0,-0.0,-0.0,-0.0,2.4726722240448,11.612152099609375,-623.4024658203125,-182898.09375,58909.3359375,-652.1713256835938,-0.0,-0.0,-0.0,-0.0,-0.0,-0.0,-0.0,-0.0,-0.0,-0.0,-0.0,-0.0,-0.005645751953125,-0.0067138671875,-0.00995635986328125,-0.01117706298828125,-0.0099945068359375,-0.0101470947265625,-0.01003265380859375,-0.0179290771484375,-0.00858306884765625,-0.00988006591796875,-0.02109527587890625,-0.01117706298828125,-0.0183868408203125,-0.0084686279296875,-0.00286102294921875,-0.0234222412109375,0.097198486328125,0.09979248046875,0.09979248046875,0.093841552734375,0.042572021484375,0.097198486328125,0.097503662109375,0.0982666015625,0.113677978515625,-0.074920654296875,0.09552001953125,0.050201416015625,0.008697509765625,-0.166015625,0.16510009765625,-0.9405517578125,0.40127673745155334
870,0.435,-0.0,-0.0,-0.0,-0.0,-0.0,-0.0,2.5871047973632812,11.834514617919922,-625.0303344726562,-183053.984375,58816.32421875,-458.90301513671875,-0.0,-0.0,-0.0,-0.0,-0.0,-0.0,-0.0,-0.0,-0.0,-0.0,-0.0,-0.0,-0.00576019287109375,-0.00705718994140625,-0.00743865966796875,-0.0113677978515625,-0.00701904296875,-0.0119781494140625,-0.00865936279296875,-0.01529693603515625,-0.00408172607421875,-0.0115966796875,-0.02410888671875,-0.0037384033203125,-0.01644134521484375,-0.00560760498046875,-0.00171661376953125,-0.01789093017578125,0.09979248046875,0.0982666015625,0.102081298828125,0.1025390625,0.12298583984375,0.08331298828125,0.1251220703125,0.09796142578125,0.111541748046875,-0.01678466796875,0.101165771484375,0.11260986328125,-0.9405517578125,-1.73614501953125,0.59417724609375,-1.754913330078125,-0.8182606101036072
871,0.4355,-0.0,-0.0,-0.0,-0.0,-0.0,-0.0,2.2998976707458496,11.269546508789062,-624.3833618164062,-183294.171875,58743.38671875,-321.1021423339844,-0.0,-0.0,-0.0,-0.0,-0.0,-0.0,-0.0,-0.0,-0.0,-0.0,-0.0,-0.0,0.00820159912109375,0.0069427490234375,0.01026153564453125,0.0124359130859375,0.01087188720703125,0.0121307373046875,0.0093841552734375,0.01911163330078125,0.00919342041015625,0.0104522705078125,0.0212860107421875,0.0128173828125,0.01880645751953125,0.00881195068359375,0.003662109375,0.02323150634765625,0.11505126953125,0.111846923828125,0.103912353515625,0.10284423828125,0.105133056640625,0.095367431640625,0.100860595703125,0.099639892578125,0.122833251953125,0.2154541015625,0.102996826171875,0.147247314453125,0.203094482421875,0.1739501953125,0.223388671875,1.003570556640625,10.76734447479248
872,0.436,-0.0,-0.0,-0.0,-0.0,-0.0,-0.0,2.225421667098999,12.131407737731934,-624.498779296875,-183468.53125,58928.50390625,-424.5677795410156,-0.0,-0.0,-0.0,-0.0,-0.0,-0.0,-0.0,-0.0,-0.0,-0.0,-0.0,-0.0,0.00728607177734375,0.00553131103515625,0.0064849853515625,0.00904083251953125,0.00698089599609375,0.00980377197265625,0.0067138671875,0.01430511474609375,0.00446319580078125,0.011444091796875,0.0214385986328125,0.00484466552734375,0.0182342529296875,0.00789642333984375,0.0040435791015625,0.0179290771484375,0.1007080078125,0.084381103515625,0.082550048828125,0.0982666015625,0.096588134765625,0.095672607421875,0.10498046875,0.088043212890625,0.11871337890625,0.00030517578125,0.102996826171875,0.082855224609375,1.072540283203125,1.80419921875,-0.5364990234375,1.985015869140625,-5.391525745391846
873,0.4365,-0.0,-0.0,-0.0,-0.0,-0.0,-0.0,1.8734207153320312,11.198348045349121,-624.4409790039062,-183208.109375,58904.48828125,-151.61865234375,-0.0,-0.0,-0.0,-0.0,-0.0,-0.0,-0.0,-0.0,-0.0,-0.0,-0.0,-0.0,-0.00583648681640625,-0.00759124755859375,-0.0099945068359375,-0.01216888427734375,-0.0096893310546875,-0.01186370849609375,-0.00980377197265625,-0.0196075439453125,-0.0078582763671875,-0.009918212890625,-0.02254486083984375,-0.0109100341796875,-0.01834869384765625,-0.00713348388671875,-0.003662109375,-0.0235748291015625,0.0848388671875,0.087890625,0.099639892578125,0.09735107421875,0.08209228515625,0.101318359375,0.085296630859375,0.103912353515625,0.111541748046875,0.0360107421875,0.07568359375,0.1007080078125,0.020751953125,-0.31036376953125,0.1141357421875,-0.883636474609375,2.5354671478271484
874,0.437,-0.0,-0.0,-0.0,-0.0,-0.0,-0.0,1.9532214403152466,11.605754852294922,-623.9944458007812,-183182.3125,58843.6171875,-254.23703002929688,-0.0,-0.0,-0.0,-0.0,-0.0,-0.0,-0.0,-0.0,-0.0,-0.0,-0.0,-0.0,-0.00640869140625,-0.0048828125,-0.00751495361328125,-0.0099945068359375,-0.006103515625,-0.0110626220703125,-0.005035400390625,-0.0168609619140625,-0.0057220458984375,-0.011138916015625,-0.02593994140625,-0.00522613525390625,-0.0156402587890625,-0.0035858154296875,-0.00331878662109375,-0.0164794921875,0.1153564453125,0.082550048828125,0.095977783203125,0.0927734375,0.092926025390625,0.102996826171875,0.120086669921875,0.098419189453125,0.10528564453125,0.214385986328125,0.092315673828125,0.111236572265625,-0.875701904296875,-2.12677001953125,0.63995361328125,-1.636810302734375,-2.342682361602783
875,0.4375,-0.0,-0.0,-0.0,-0.0,-0.0,-0.0,2.0333504676818848,10.784778594970703,-622.7477416992188,-183137.296875,58847.23828125,-53.2642707824707,-0.0,-0.0,-0.0,-0.0,-0.0,-0.0,-0.0,-0.0,-0.0,-0.0,-0.0,-0.0,0.008087158203125,0.0081634521484375,0.0096893310546875,0.01499176025390625,0.00789642333984375,0.01312255859375,0.0075531005859375,0.0196075439453125,0.00553131103515625,0.01186370849609375,0.023345947265625,0.013275146484375,0.01819610595703125,0.01026153564453125,0.0045013427734375,0.02376556396484375,0.0958251953125,0.10009765625,0.103912353515625,0.10162353515625,0.1007080078125,0.10040283203125,0.105133056640625,0.098724365234375,0.09979248046875,0.0823974609375,0.086669921875,0.051727294921875,0.56549072265625,0.498046875,0.27862548828125,0.875396728515625,6.803847789764404
876,0.438,-0.0,-0.0,-0.0,-0.0,-0.0,-0.0,1.5921260118484497,10.958489418029785,-623.3805541992188,-183130.265625,59101.18359375,30.280014038085938,-0.0,-0.0,-0.0,-0.0,-0.0,-0.0,-0.0,-0.0,-0.0,-0.0,-0.0,-0.0,0.0058746337890625,0.00518798828125,0.00759124755859375,0.0106048583984375,0.00774383544921875,0.009765625,0.0083160400390625,0.0171661376953125,0.0070953369140625,0.01003265380859375,0.02414703369140625,0.0055694580078125,0.016632080078125,0.00701904296875,0.00232696533203125,0.01796722412109375,0.0982666015625,0.11016845703125,0.103912353515625,0.095367431640625,0.05218505859375,0.10711669921875,0.147552490234375,0.095977783203125,0.107574462890625,0.059051513671875,0.09857177734375,0.1458740234375,1.16180419921875,1.95709228515625,-0.55419921875,1.90704345703125,1.9256983995437622
877,0.4385,-0.0,-0.0,-0.0,-0.0,-0.0,-0.0,1.239944577217102,10.650675773620605,-621.9320068359375,-182902.84375,58676.36328125,87.21393585205078,-0.0,-0.0,-0.0,-0.0,-0.0,-0.0,-0.0,-0.0,-0.0,-0.0,-0.0,-0.0,-0.004425048828125,-0.00762939453125,-0.00911712646484375,-0.013580322265625,-0.008392333984375,-0.01155853271484375,-0.00621795654296875,-0.01911163330078125,-0.0051116943359375,-0.0106048583984375,-0.02323150634765625,-0.01255035400390625,-0.0167083740234375,-0.01117706298828125,-0.00335693359375,-0.02349853515625,0.09307861328125,0.10589599609375,0.100860595703125,0.097503662109375,0.14404296875,0.093994140625,0.110626220703125,0.09857177734375,0.110626220703125,0.332183837890625,0.10009765625,0.10009765625,0.0628662109375,-0.55633544921875,0.15289306640625,-0.79559326171875,-1.4280292987823486
878,0.439,-0.0,-0.0,-0.0,-0.0,-0.0,-0.0,1.164155125617981,10.134378433227539,-622.3380737304688,-182869.640625,58966.6484375,120.56291961669922,-0.0,-0.0,-0.0,-0.0,-0.0,-0.0,-0.0,-0.0,-0.0,-0.0,-0.0,-0.0,-0.0070953369140625,-0.0042724609375,-0.00732421875,-0.0096893310546875,-0.0067901611328125,-0.01041412353515625,-0.0057220458984375,-0.01598358154296875,-0.00568389892578125,-0.0141143798828125,-0.02368927001953125,-0.00370025634765625,-0.01674652099609375,-0.00568389892578125,-0.002288818359375,-0.0173187255859375,0.10040283203125,0.109405517578125,0.099029541015625,0.102996826171875,0.1165771484375,0.100555419921875,0.01800537109375,0.10467529296875,0.1104736328125,0.14312744140625,0.10040283203125,0.10223388671875,-1.04278564453125,-2.04803466796875,0.89630126953125,-1.82373046875,-2.95245099067688
879,0.4395,-0.0,-0.0,-0.0,-0.0,-0.0,-0.0,0.9051578044891357,9.706520080566406,-621.5277709960938,-182510.75,58690.98828125,73.27340698242188,-0.0,-0.0,-0.0,-0.0,-0.0,-0.0,-0.0,-0.0,-0.0,-0.0,-0.0,-0.0,0.00652313232421875,0.0061798095703125,0.01140594482421875,0.01373291015625,0.01155853271484375,0.013275146484375,0.00881195068359375,0.01842498779296875,0.0069427490234375,0.00545501708984375,0.0249481201171875,0.00980377197265625,0.01922607421875,0.0081634521484375,0.00423431396484375,0.02407073974609375,0.10406494140625,0.089111328125,0.100250244140625,0.0982666015625,0.122833251953125,0.096588134765625,0.080108642578125,0.099029541015625,0.095672607421875,0.04669189453125,0.08453369140625,0.088348388671875,-0.046234130859375,0.57525634765625,-0.0152587890625,0.794677734375,9.547806739807129
880,0.44,-0.0,-0.0,-0.0,-0.0,-0.0,-0.0,1.3080717325210571,9.608906745910645,-620.8563232421875,-182116.671875,58915.08203125,373.5301513671875,-0.0,-0.0,-0.0,-0.0,-0.0,-0.0,-0.0,-0.0,-0.0,-0.0,-0.0,-0.0,0.0057220458984375,0.005340576171875,0.00701904296875,0.01041412353515625,0.00904083251953125,0.00980377197265625,0.0086212158203125,0.0157928466796875,0.00522613525390625,0.01110076904296875,0.023956298828125,0.0051116943359375,0.01789093017578125,0.0060272216796875,0.0014495849609375,0.01598358154296875,0.0933837890625,0.097808837890625,0.096435546875,0.099945068359375,0.11993408203125,0.093841552734375,0.114288330078125,0.098724365234375,0.11627197265625,0.246124267578125,0.0897216796875,0.110931396484375,0.69366455078125,2.0587158203125,-0.64697265625,2.17529296875,3.450119972229004
881,0.4405,-0.0,-0.0,-0.0,-0.0,-0.0,-0.0,0.777603805065155,8.738990783691406,-619.5277099609375,-182264.46875,58947.4296875,190.644775390625,-0.0,-0.0,-0.0,-0.0,-0.0,-0.0,-0.0,-0.0,-0.0,-0.0,-0.0,-0.0,-0.0049591064453125,-0.005035400390625,-0.00957489013671875,-0.01163482666015625,-0.011138916015625,-0.01117706298828125,-0.009307861328125,-0.01880645751953125,-0.00736236572265625,-0.00682830810546875,-0.022125244140625,-0.0121307373046875,-0.01735687255859375,-0.00942230224609375,-0.00335693359375,-0.02227783203125,0.121917724609375,0.100860595703125,0.10040283203125,0.09796142578125,0.107269287109375,0.105743408203125,0.108795166015625,0.10650634765625,0.101776123046875,0.019073486328125,0.0848388671875,0.096282958984375,0.24139404296875,-0.2447509765625,0.0347900390625,-0.5584716796875,-3.2573351860046387
882,0.441,-0.0,-0.0,-0.0,-0.0,-0.0,-0.0,0.6928755640983582,8.539886474609375,-619.42822265625,-181986.203125,58990.234375,246.15423583984375,-0.0,-0.0,-0.0,-0.0,-0.0,-0.0,-0.0,-0.0,-0.0,-0.0,-0.0,-0.0,-0.008544921875,-0.00652313232421875,-0.00789642333984375,-0.01033782958984375,-0.006256103515625,-0.00949859619140625,-0.0074005126953125,-0.01453399658203125,-0.00476837158203125,-0.01056671142578125,-0.020904541015625,-0.002899169921875,-0.01735687255859375,-0.0055694580078125,-0.0030517578125,-0.01781463623046875,0.09552001953125,0.087127685546875,0.09857177734375,0.100250244140625,0.0439453125,0.09063720703125,0.080108642578125,0.0994873046875,0.098876953125,-0.1165771484375,0.096282958984375,0.069732666015625,-1.150970458984375,-1.66259765625,0.8074951171875,-2.105712890625,-1.1231448650360107
883,0.4415,-0.0,-0.0,-0.0,-0.0,-0.0,-0.0,0.45421162247657776,8.187768936157227,-616.7652587890625,-182283.53125,59105.44921875,277.73687744140625,-0.0,-0.0,-0.0,-0.0,-0.0,-0.0,-0.0,-0.0,-0.0,-0.0,-0.0,-0.0,0.00789642333984375,0.0075531005859375,0.010223388671875,0.01438140869140625,0.009918212890625,0.013427734375,0.0067901611328125,0.02002716064453125,0.0054931640625,0.0061798095703125,0.0231170654296875,0.01094818115234375,0.0179290771484375,0.00911712646484375,0.0048828125,0.024871826171875,0.095977783203125,0.106964111328125,0.101165771484375,0.09796142578125,0.108642578125,0.092620849609375,0.0830078125,0.102386474609375,0.09552001953125,0.010833740234375,0.08270263671875,0.0714111328125,0.004119873046875,0.36102294921875,0.0140380859375,0.724639892578125,9.547806739807129
884,0.442,-0.0,-0.0,-0.0,-0.0,-0.0,-0.0,0.01604507863521576,7.754344940185547,-617.4696655273438,-181872.171875,58967.84375,447.5517272949219,-0.0,-0.0,-0.0,-0.0,-0.0,-0.0,-0.0,-0.0,-0.0,-0.0,-0.0,-0.0,0.0054931640625,0.00576019287109375,0.00675201416015625,0.00865936279296875,0.008544921875,0.010986328125,0.00988006591796875,0.01506805419921875,0.0055694580078125,0.01354217529296875,0.02513885498046875,0.00591278076171875,0.0174713134765625,0.0086212158203125,0.0025177001953125,0.01659393310546875,0.15380859375,0.08453369140625,0.095367431640625,0.0927734375,0.127410888671875,0.09521484375,0.06317138671875,0.094757080078125,0.096282958984375,0.326995849609375,0.095367431640625,0.08453369140625,1.452484130859375,2.093505859375,-0.56121826171875,2.224578857421875,1.3159297704696655
885,0.4425,-0.0,-0.0,-0.0,-0.0,-0.0,-0.0,-0.19425447285175323,7.389913558959961,-618.7085571289062,-181906.578125,59304.37109375,564.2405395507812,-0.0,-0.0,-0.0,-0.0,-0.0,-0.0,-0.0,-0.0,-0.0,-0.0,-0.0,-0.0,-0.00335693359375,-0.00759124755859375,-0.0092315673828125,-0.01407623291015625,-0.00926971435546875,-0.012969970703125,-0.0075531005859375,-0.0185394287109375,-0.0058746337890625,-0.0135040283203125,-0.02193450927734375,-0.010528564453125,-0.01537322998046875,-0.01026153564453125,-0.0019073486328125,-0.02338409423828125,0.08270263671875,0.106353759765625,0.106964111328125,0.103912353515625,0.061187744140625,0.106964111328125,0.074462890625,0.1019287109375,0.1025390625,0.182342529296875,0.102386474609375,0.13214111328125,-0.48675537109375,-0.38970947265625,0.24017333984375,-0.351715087890625,7.108732223510742
886,0.443,-0.0,-0.0,-0.0,-0.0,-0.0,-0.0,-0.5585160851478577,7.145920276641846,-617.61962890625,-181628.328125,59056.8125,617.482177734375,-0.0,-0.0,-0.0,-0.0,-0.0,-0.0,-0.0,-0.0,-0.0,-0.0,-0.0,-0.0,-0.0055694580078125,-0.0025177001953125,-0.00698089599609375,-0.00820159912109375,-0.006561279296875,-0.00942230224609375,-0.0048065185546875,-0.01468658447265625,-0.00270843505859375,-0.0107574462890625,-0.023345947265625,-0.0075531005859375,-0.02086639404296875,-0.00621795654296875,-0.003509521484375,-0.016021728515625,0.082855224609375,0.1202392578125,0.0933837890625,0.098114013671875,0.089874267578125,0.0927734375,0.099029541015625,0.093536376953125,0.088348388671875,0.285797119140625,0.098419189453125,0.091705322265625,-0.977325439453125,-1.81396484375,0.54290771484375,-2.347564697265625,-9.659905433654785
887,0.4435,-0.0,-0.0,-0.0,-0.0,-0.0,-0.0,-0.9736997485160828,6.440216064453125,-615.9005737304688,-181451.75,59197.39453125,786.2669067382812,-0.0,-0.0,-0.0,-0.0,-0.0,-0.0,-0.0,-0.0,-0.0,-0.0,-0.0,-0.0,0.00614166259765625,0.00827789306640625,0.011138916015625,0.013275146484375,0.01049041748046875,0.0116729736328125,0.00782012939453125,0.01934051513671875,0.005035400390625,0.00843048095703125,0.02162933349609375,0.01049041748046875,0.01861572265625,0.00957489013671875,0.0048828125,0.02414703369140625,0.06744384765625,0.079803466796875,0.105743408203125,0.104217529296875,0.092926025390625,0.1025390625,0.147857666015625,0.1007080078125,0.0811767578125,-0.02532958984375,0.103759765625,0.106964111328125,-0.280303955078125,0.69732666015625,-0.1593017578125,0.992584228515625,8.023386001586914
888,0.444,-0.0,-0.0,-0.0,-0.0,-0.0,-0.0,-1.3419123888015747,6.599400997161865,-616.577880859375,-181121.296875,59590.859375,734.2823486328125,-0.0,-0.0,-0.0,-0.0,-0.0,-0.0,-0.0,-0.0,-0.0,-0.0,-0.0,-0.0,0.00675201416015625,0.00621795654296875,0.00782012939453125,0.0101470947265625,0.0067901611328125,0.01232147216796875,0.0096893310546875,0.01598358154296875,0.0057220458984375,0.0139617919921875,0.02338409423828125,0.0048065185546875,0.0168609619140625,0.00598907470703125,0.00194549560546875,0.01491546630859375,0.0921630859375,0.103759765625,0.098114013671875,0.09796142578125,0.092010498046875,0.102386474609375,0.108489990234375,0.10162353515625,0.093536376953125,0.054931640625,0.090179443359375,0.1141357421875,1.598358154296875,1.86431884765625,-0.478515625,2.169342041015625,4.05988883972168
889,0.4445,-0.0,-0.0,-0.0,-0.0,-0.0,-0.0,-1.9479435682296753,6.24646520614624,-614.1654052734375,-181153.6875,59769.33203125,993.7671508789062,-0.0,-0.0,-0.0,-0.0,-0.0,-0.0,-0.0,-0.0,-0.0,-0.0,-0.0,-0.0,-0.003662109375,-0.00743865966796875,-0.00881195068359375,-0.0140380859375,-0.008697509765625,-0.01262664794921875,-0.00885009765625,-0.01922607421875,-0.00713348388671875,-0.0095367431640625,-0.0215911865234375,-0.0092315673828125,-0.01781463623046875,-0.01079559326171875,-0.0005340576171875,-0.02391815185546875,0.113067626953125,0.090789794921875,0.091094970703125,0.0994873046875,0.086212158203125,0.102081298828125,0.07843017578125,0.09735107421875,0.08392333984375,-0.00579833984375,0.1031494140625,0.098114013671875,0.197906494140625,-0.2587890625,0.2410888671875,-0.939483642578125,-2.647566556930542
890,0.445,-0.0,-0.0,-0.0,-0.0,-0.0,-0.0,-2.315854787826538,6.406543254852295,-613.1060180664062,-180456.890625,59697.79296875,1029.2501220703125,-0.0,-0.0,-0.0,-0.0,-0.0,-0.0,-0.0,-0.0,-0.0,-0.0,-0.0,-0.0,-0.006256103515625,-0.00308990478515625,-0.00614166259765625,-0.00774383544921875,-0.00644683837890625,-0.0095367431640625,-0.00621795654296875,-0.0136566162109375,-0.003204345703125,-0.0127410888671875,-0.02414703369140625,-0.00690460205078125,-0.01800537109375,-0.006103515625,-0.0034332275390625,-0.01628875732421875,0.095672607421875,0.09796142578125,0.098724365234375,0.1025390625,0.0665283203125,0.095672607421875,0.135650634765625,0.095367431640625,0.08575439453125,0.064697265625,0.1031494140625,0.058441162109375,-1.00555419921875,-2.0037841796875,0.59783935546875,-1.890411376953125,-0.5133762359619141
891,0.4455,-0.0,-0.0,-0.0,-0.0,-0.0,-0.0,-2.401611328125,6.756245136260986,-612.060791015625,-180466.046875,59409.3046875,1144.2041015625,-0.0,-0.0,-0.0,-0.0,-0.0,-0.0,-0.0,-0.0,-0.0,-0.0,-0.0,-0.0,0.00782012939453125,0.0070953369140625,0.010833740234375,0.0131988525390625,0.01117706298828125,0.011138916015625,0.0096893310546875,0.01834869384765625,0.006866455078125,0.00934600830078125,0.02376556396484375,0.01129150390625,0.01735687255859375,0.00980377197265625,0.00640869140625,0.0240325927734375,0.09918212890625,0.09246826171875,0.095367431640625,0.095367431640625,0.118865966796875,0.1025390625,0.088958740234375,0.100860595703125,0.08331298828125,0.121612548828125,0.10162353515625,0.09552001953125,0.382537841796875,0.62408447265625,-0.05615234375,0.903778076171875,12.291766166687012
892,0.446,-0.0,-0.0,-0.0,-0.0,-0.0,-0.0,-2.597508668899536,6.228733539581299,-611.2858276367188,-179905.890625,59618.76171875,1200.07958984375,-0.0,-0.0,-0.0,-0.0,-0.0,-0.0,-0.0,-0.0,-0.0,-0.0,-0.0,-0.0,0.0087738037109375,0.0051116943359375,0.00701904296875,0.00926971435546875,0.0064849853515625,0.01033782958984375,0.00659942626953125,0.01361846923828125,0.00438690185546875,0.0095367431640625,0.02323150634765625,0.006561279296875,0.02017974853515625,0.007781982421875,0.00370025634765625,0.0164794921875,0.095062255859375,0.12054443359375,0.1092529296875,0.105743408203125,0.091400146484375,0.11138916015625,0.128326416015625,0.104217529296875,0.085601806640625,0.14007568359375,0.10894775390625,0.118865966796875,1.17584228515625,1.7840576171875,-0.25604248046875,2.29156494140625,1.6208140850067139
893,0.4465,-0.0,-0.0,-0.0,-0.0,-0.0,-0.0,-3.1121225357055664,5.909903049468994,-613.052734375,-180139.046875,59755.48046875,1259.6229248046875,-0.0,-0.0,-0.0,-0.0,-0.0,-0.0,-0.0,-0.0,-0.0,-0.0,-0.0,-0.0,-0.00873565673828125,-0.00705718994140625,-0.00957489013671875,-0.01430511474609375,-0.00896453857421875,-0.0131988525390625,-0.00843048095703125,-0.0205230712890625,-0.00701904296875,-0.01155853271484375,-0.02407073974609375,-0.0104522705078125,-0.0211334228515625,-0.00888824462890625,-0.002288818359375,-0.02353668212890625,0.103759765625,0.101318359375,0.098114013671875,0.095672607421875,0.1080322265625,0.093536376953125,0.1055908203125,0.098419189453125,0.077667236328125,0.129547119140625,0.07843017578125,0.09429931640625,-0.349884033203125,-0.43609619140625,0.150146484375,-1.311492919921875,-2.342682361602783
894,0.447,-0.0,-0.0,-0.0,-0.0,-0.0,-0.0,-3.2907919883728027,6.2357988357543945,-610.9881591796875,-179885.453125,59702.4453125,1321.774658203125,-0.0,-0.0,-0.0,-0.0,-0.0,-0.0,-0.0,-0.0,-0.0,-0.0,-0.0,-0.0,-0.006866455078125,-0.0060272216796875,-0.00743865966796875,-0.0112152099609375,-0.00766754150390625,-0.00885009765625,-0.0067138671875,-0.01415252685546875,-0.00274658203125,-0.009613037109375,-0.023193359375,-0.00583648681640625,-0.0164794921875,-0.005340576171875,-0.001983642578125,-0.0165557861328125,0.0994873046875,0.095062255859375,0.101318359375,0.09918212890625,0.099639892578125,0.095367431640625,0.035858154296875,0.0921630859375,0.07293701171875,0.065460205078125,0.086517333984375,0.13336181640625,-0.89599609375,-1.978759765625,0.5145263671875,-2.342987060546875,0.09639240801334381
895,0.4475,-0.0,-0.0,-0.0,-0.0,-0.0,-0.0,-3.822993278503418,5.621738910675049,-610.0193481445312,-179866.625,59550.5625,1553.2030029296875,-0.0,-0.0,-0.0,-0.0,-0.0,-0.0,-0.0,-0.0,-0.0,-0.0,-0.0,-0.0,0.00446319580078125,0.0098419189453125,0.01079559326171875,0.01445770263671875,0.0099945068359375,0.0125885009765625,0.00850677490234375,0.01888275146484375,0.0058746337890625,0.01033782958984375,0.0235748291015625,0.0125885009765625,0.01739501953125,0.0110626220703125,0.0048828125,0.02597808837890625,0.09674072265625,0.1092529296875,0.105438232421875,0.094451904296875,0.078582763671875,0.1019287109375,0.081787109375,0.094451904296875,0.078125,-0.0030517578125,0.111541748046875,0.115203857421875,0.1953125,0.74310302734375,0.24017333984375,0.62408447265625,7.108732223510742
896,0.448,-0.0,-0.0,-0.0,-0.0,-0.0,-0.0,-3.571632146835327,5.631259441375732,-610.58447265625,-179867.125,59956.62109375,1496.8038330078125,-0.0,-0.0,-0.0,-0.0,-0.0,-0.0,-0.0,-0.0,-0.0,-0.0,-0.0,-0.0,0.0054931640625,0.004425048828125,0.008392333984375,0.008697509765625,0.006256103515625,0.009307861328125,0.00652313232421875,0.014801025390625,0.0035858154296875,0.01255035400390625,0.0254058837890625,0.0070953369140625,0.01720428466796875,0.00568389892578125,0.00530242919921875,0.01682281494140625,0.097808837890625,0.106353759765625,0.09307861328125,0.100555419921875,0.10589599609375,0.111236572265625,0.09124755859375,0.099029541015625,0.0750732421875,0.11871337890625,0.10711669921875,0.072021484375,1.203765869140625,2.29583740234375,-0.5413818359375,2.021942138671875,3.145235776901245
897,0.4485,-0.0,-0.0,-0.0,-0.0,-0.0,-0.0,-3.9957001209259033,6.1437458992004395,-608.665283203125,-179961.375,59537.2890625,1468.0865478515625,-0.0,-0.0,-0.0,-0.0,-0.0,-0.0,-0.0,-0.0,-0.0,-0.0,-0.0,-0.0,-0.007476806640625,-0.00728607177734375,-0.0101470947265625,-0.01285552978515625,-0.0093841552734375,-0.011138916015625,-0.00888824462890625,-0.02044677734375,-0.0054931640625,-0.00965118408203125,-0.0231170654296875,-0.01277923583984375,-0.0188446044921875,-0.01007080078125,-0.004425048828125,-0.02307891845703125,0.09765625,0.0970458984375,0.097503662109375,0.098876953125,0.10406494140625,0.097198486328125,0.063018798828125,0.099639892578125,0.08392333984375,0.11322021484375,0.099029541015625,0.121002197265625,0.177764892578125,-0.59478759765625,0.14801025390625,-1.103515625,-2.342682361602783
898,0.449,-0.0,-0.0,-0.0,-0.0,-0.0,-0.0,-3.5776479244232178,5.8057684898376465,-611.4154052734375,-180146.765625,59399.61328125,1523.1644287109375,-0.0,-0.0,-0.0,-0.0,-0.0,-0.0,-0.0,-0.0,-0.0,-0.0,-0.0,-0.0,-0.00644683837890625,-0.00537872314453125,-0.00690460205078125,-0.00896453857421875,-0.0070953369140625,-0.009918212890625,-0.00713348388671875,-0.01407623291015625,-0.00232696533203125,-0.008392333984375,-0.02349853515625,-0.00675201416015625,-0.012969970703125,-0.00560760498046875,-0.00244140625,-0.0153350830078125,0.10528564453125,0.101165771484375,0.088043212890625,0.0970458984375,0.11749267578125,0.093536376953125,0.098114013671875,0.102386474609375,0.0823974609375,0.135650634765625,0.1055908203125,0.065460205078125,-0.89874267578125,-2.06268310546875,0.40008544921875,-1.754608154296875,-0.5133762359619141
899,0.4495,-0.0,-0.0,-0.0,-0.0,-0.0,-0.0,-4.1869072914123535,5.787494659423828,-612.3784790039062,-180145.625,59713.70703125,1728.0760498046875,-0.0,-0.0,-0.0,-0.0,-0.0,-0.0,-0.0,-0.0,-0.0,-0.0,-0.0,-0.0,0.0084686279296875,0.0075531005859375,0.01178741455078125,0.01300811767578125,0.0106048583984375,0.01186370849609375,0.0095367431640625,0.01987457275390625,0.00720977783203125,0.009918212890625,0.0269317626953125,0.0136566162109375,0.023345947265625,0.009765625,0.00553131103515625,0.02468109130859375,0.099334716796875,0.10009765625,0.099945068359375,0.103759765625,0.05096435546875,0.10406494140625,0.10223388671875,0.104522705078125,0.09429931640625,0.042877197265625,0.124664306640625,0.1220703125,0.5712890625,0.89935302734375,0.167236328125,1.685333251953125,11.377113342285156
900,0.45,-0.0,-0.0,-0.0,-0.0,-0.0,-0.0,-4.034948825836182,5.629827976226807,-612.0955200195312,-180255.453125,59547.5625,1589.439208984375,-0.0,-0.0,-0.0,-0.0,-0.0,-0.0,-0.0,-0.0,-0.0,-0.0,-0.0,-0.0,0.00507354736328125,0.0066375732421875,0.00675201416015625,0.0077056884765625,0.0063323974609375,0.00965118408203125,0.010528564453125,0.0153350830078125,0.00553131103515625,0.0095367431640625,0.0228118896484375,0.00457763671875,0.0152587890625,0.007171630859375,0.0029754638671875,0.014801025390625,0.106658935546875,0.09613037109375,0.091552734375,0.10284423828125,0.200347900390625,0.09613037109375,0.070343017578125,0.104522705078125,0.096435546875,0.316925048828125,0.10223388671875,0.095062255859375,0.740509033203125,2.0147705078125,-0.565185546875,2.00408935546875,3.450119972229004
901,0.4505,-0.0,-0.0,-0.0,-0.0,-0.0,-0.0,-4.469141960144043,5.876867294311523,-613.4735107421875,-180407.390625,59640.859375,1954.7408447265625,-0.0,-0.0,-0.0,-0.0,-0.0,-0.0,-0.0,-0.0,-0.0,-0.0,-0.0,-0.0,-0.0067901611328125,-0.00827789306640625,-0.01007080078125,-0.01399993896484375,-0.010986328125,-0.011444091796875,-0.00865936279296875,-0.01934051513671875,-0.0084686279296875,-0.0106048583984375,-0.0244140625,-0.0131988525390625,-0.019989013671875,-0.010223388671875,-0.0048828125,-0.0250244140625,0.098419189453125,0.095062255859375,0.10009765625,0.0958251953125,0.1104736328125,0.096435546875,0.0390625,0.100250244140625,0.091400146484375,0.166015625,0.121917724609375,0.095977783203125,-0.420379638671875,-0.711669921875,-0.068359375,-0.968780517578125,-2.95245099067688
902,0.451,-0.0,-0.0,-0.0,-0.0,-0.0,-0.0,-4.806210517883301,5.618001937866211,-612.0939331054688,-180668.0,59625.3046875,1932.9873046875,-0.0,-0.0,-0.0,-0.0,-0.0,-0.0,-0.0,-0.0,-0.0,-0.0,-0.0,-0.0,-0.006561279296875,-0.005340576171875,-0.00701904296875,-0.00720977783203125,-0.005340576171875,-0.0063323974609375,-0.00576019287109375,-0.0135040283203125,-0.003204345703125,-0.0075531005859375,-0.0228118896484375,-0.00347137451171875,-0.0150299072265625,-0.0067138671875,-0.00316619873046875,-0.0165557861328125,0.101165771484375,0.104827880859375,0.097198486328125,0.096893310546875,0.078277587890625,0.10040283203125,0.12969970703125,0.09796142578125,0.10284423828125,0.008392333984375,0.11566162109375,0.1019287109375,-0.651702880859375,-2.01751708984375,0.849609375,-1.786956787109375,-1.1231448650360107
903,0.4515,-0.0,-0.0,-0.0,-0.0,-0.0,-0.0,-5.358102798461914,5.080432891845703,-612.4140625,-180830.546875,60108.3671875,1994.8134765625,-0.0,-0.0,-0.0,-0.0,-0.0,-0.0,-0.0,-0.0,-0.0,-0.0,-0.0,-0.0,0.00820159912109375,0.008392333984375,0.01125335693359375,0.0135040283203125,0.01125335693359375,0.0139617919921875,0.00972747802734375,0.0215911865234375,0.00476837158203125,0.0104522705078125,0.0266265869140625,0.01461029052734375,0.02063751220703125,0.0098419189453125,0.00431060791015625,0.025482177734375,0.111541748046875,0.107879638671875,0.100555419921875,0.101318359375,0.122833251953125,0.09918212890625,0.048828125,0.098419189453125,0.10009765625,0.238800048828125,0.104522705078125,0.095062255859375,0.280609130859375,1.1602783203125,0.22918701171875,1.31256103515625,11.07222843170166
904,0.452,-0.0,-0.0,-0.0,-0.0,-0.0,-0.0,-5.260751724243164,4.996634483337402,-613.4312744140625,-180828.015625,59820.6015625,1912.221435546875,-0.0,-0.0,-0.0,-0.0,-0.0,-0.0,-0.0,-0.0,-0.0,-0.0,-0.0,-0.0,0.0060272216796875,0.00545501708984375,0.0077056884765625,0.0109100341796875,0.0067138671875,0.0095367431640625,0.00698089599609375,0.0133514404296875,0.0045013427734375,0.00804901123046875,0.02269744873046875,0.00110626220703125,0.01422882080078125,0.0052642822265625,0.00217437744140625,0.016326904296875,0.12237548828125,0.07354736328125,0.08941650390625,0.098419189453125,0.08544921875,0.093994140625,0.137176513671875,0.097198486328125,0.090789794921875,0.11138916015625,0.11444091796875,0.100860595703125,1.022491455078125,1.9580078125,-0.74005126953125,2.305450439453125,4.364773273468018
905,0.4525,-0.0,-0.0,-0.0,-0.0,-0.0,-0.0,-5.439255714416504,4.815624713897705,-613.5144653320312,-180827.265625,59924.58984375,2027.200927734375,-0.0,-0.0,-0.0,-0.0,-0.0,-0.0,-0.0,-0.0,-0.0,-0.0,-0.0,-0.0,-0.00827789306640625,-0.00720977783203125,-0.0095367431640625,-0.0127410888671875,-0.0092315673828125,-0.01422882080078125,-0.00652313232421875,-0.0202178955078125,-0.006103515625,-0.0106048583984375,-0.02422332763671875,-0.011749267578125,-0.0222015380859375,-0.00972747802734375,-0.0037384033203125,-0.02532958984375,0.0933837890625,0.078125,0.0946044921875,0.09307861328125,0.09063720703125,0.101318359375,0.087432861328125,0.09613037109375,0.09185791015625,0.1031494140625,0.11627197265625,0.0946044921875,-0.2667236328125,-0.6085205078125,0.2520751953125,-1.153717041015625,-11.184327125549316
906,0.453,-0.0,-0.0,-0.0,-0.0,-0.0,-0.0,-5.441841125488281,4.991302490234375,-612.7973022460938,-180898.921875,59987.84375,2173.464599609375,-0.0,-0.0,-0.0,-0.0,-0.0,-0.0,-0.0,-0.0,-0.0,-0.0,-0.0,-0.0,-0.006256103515625,-0.00553131103515625,-0.0067138671875,-0.00873565673828125,-0.00713348388671875,-0.0095367431640625,-0.005645751953125,-0.01399993896484375,-0.00324249267578125,-0.00957489013671875,-0.0232696533203125,-0.0022125244140625,-0.01445770263671875,-0.00453948974609375,-0.00125885009765625,-0.01628875732421875,0.067138671875,0.09979248046875,0.10498046875,0.112152099609375,0.083465576171875,0.109710693359375,0.138092041015625,0.111541748046875,0.0909423828125,0.102691650390625,0.127716064453125,0.1153564453125,-0.85968017578125,-2.110595703125,0.7916259765625,-1.819610595703125,-3.2573351860046387
907,0.4535,-0.0,-0.0,-0.0,-0.0,-0.0,-0.0,-5.5310516357421875,4.98640775680542,-612.815673828125,-180699.984375,59748.78515625,2342.3740234375,-0.0,-0.0,-0.0,-0.0,-0.0,-0.0,-0.0,-0.0,-0.0,-0.0,-0.0,-0.0,0.007171630859375,0.0060272216796875,0.009918212890625,0.01468658447265625,0.0099945068359375,0.01232147216796875,0.0102996826171875,0.01995086669921875,0.00896453857421875,0.00823974609375,0.02635955810546875,0.01262664794921875,0.02193450927734375,0.0095367431640625,0.00408172607421875,0.02658843994140625,0.071258544921875,0.091400146484375,0.101470947265625,0.109710693359375,0.092315673828125,0.1104736328125,0.0885009765625,0.095672607421875,0.091400146484375,0.100860595703125,0.107879638671875,0.105133056640625,0.120391845703125,0.85235595703125,0.0787353515625,1.338958740234375,12.291766166687012
908,0.454,-0.0,-0.0,-0.0,-0.0,-0.0,-0.0,-5.625025749206543,5.089951038360596,-611.7736206054688,-181086.796875,59623.09375,2546.458984375,-0.0,-0.0,-0.0,-0.0,-0.0,-0.0,-0.0,-0.0,-0.0,-0.0,-0.0,-0.0,0.00637054443359375,0.0058746337890625,0.00736236572265625,0.00904083251953125,0.00720977783203125,0.00988006591796875,0.008697509765625,0.01705169677734375,0.00423431396484375,0.01094818115234375,0.02140045166015625,0.00331878662109375,0.01560211181640625,0.00698089599609375,0.00133514404296875,0.01369476318359375,0.100250244140625,0.103759765625,0.093536376953125,0.098724365234375,0.087738037109375,0.098419189453125,0.13092041015625,0.099334716796875,0.087127685546875,0.19439697265625,0.098876953125,0.073394775390625,1.078643798828125,2.02056884765625,-0.731201171875,2.117919921875,3.145235776901245
909,0.4545,-0.0,-0.0,-0.0,-0.0,-0.0,-0.0,-5.972446918487549,5.3501505851745605,-612.748779296875,-180847.03125,59493.4921875,2489.871826171875,-0.0,-0.0,-0.0,-0.0,-0.0,-0.0,-0.0,-0.0,-0.0,-0.0,-0.0,-0.0,-0.006103515625,-0.00797271728515625,-0.0110626220703125,-0.01377105712890625,-0.01125335693359375,-0.01232147216796875,-0.00865936279296875,-0.01995086669921875,-0.00640869140625,-0.00911712646484375,-0.02277374267578125,-0.01300811767578125,-0.01911163330078125,-0.01171112060546875,-0.00286102294921875,-0.02605438232421875,0.104827880859375,0.0994873046875,0.09674072265625,0.1031494140625,0.093536376953125,0.103302001953125,0.119171142578125,0.09063720703125,0.094451904296875,0.0946044921875,0.1025390625,0.100555419921875,0.17486572265625,-0.61248779296875,0.27099609375,-1.0986328125,-4.78175687789917
910,0.455,-0.0,-0.0,-0.0,-0.0,-0.0,-0.0,-6.142050743103027,5.3478240966796875,-612.4051513671875,-180720.578125,59306.40625,2323.351318359375,-0.0,-0.0,-0.0,-0.0,-0.0,-0.0,-0.0,-0.0,-0.0,-0.0,-0.0,-0.0,-0.00591278076171875,-0.0049591064453125,-0.0063323974609375,-0.008697509765625,-0.00545501708984375,-0.0077056884765625,-0.00640869140625,-0.0147247314453125,-0.0048828125,-0.01140594482421875,-0.02231597900390625,-0.0035858154296875,-0.0151824951171875,-0.00377655029296875,-0.0025177001953125,-0.0145721435546875,0.10345458984375,0.106201171875,0.10040283203125,0.099334716796875,0.0823974609375,0.096435546875,0.09368896484375,0.099334716796875,0.094757080078125,0.02960205078125,0.11138916015625,0.061798095703125,-0.86395263671875,-1.65283203125,0.75225830078125,-1.963348388671875,-0.20849192142486572
911,0.4555,-0.0,-0.0,-0.0,-0.0,-0.0,-0.0,-5.433128356933594,5.704345703125,-611.7249145507812,-180999.3125,59286.83203125,2346.05517578125,-0.0,-0.0,-0.0,-0.0,-0.0,-0.0,-0.0,-0.0,-0.0,-0.0,-0.0,-0.0,0.0080108642578125,0.00873565673828125,0.01201629638671875,0.014801025390625,0.010223388671875,0.013275146484375,0.0084686279296875,0.021820068359375,0.00545501708984375,0.01049041748046875,0.027618408203125,0.01102447509765625,0.0212860107421875,0.009918212890625,0.0048065185546875,0.0255584716796875,0.100555419921875,0.09552001953125,0.094757080078125,0.0927734375,0.08636474609375,0.096893310546875,0.08697509765625,0.0958251953125,0.079193115234375,0.14007568359375,0.1019287109375,0.089263916015625,0.228729248046875,1.16424560546875,-0.118408203125,1.47705078125,8.93803882598877
912,0.456,-0.0,-0.0,-0.0,-0.0,-0.0,-0.0,-5.176334857940674,5.793476104736328,-612.8092651367188,-180940.75,59404.91796875,2346.741943359375,-0.0,-0.0,-0.0,-0.0,-0.0,-0.0,-0.0,-0.0,-0.0,-0.0,-0.0,-0.0,0.00518798828125,0.00545501708984375,0.0074005126953125,0.01148223876953125,0.006866455078125,0.009002685546875,0.00827789306640625,0.01323699951171875,0.00438690185546875,0.010223388671875,0.02197265625,0.0026702880859375,0.01201629638671875,0.00579833984375,0.00232696533203125,0.01667022705078125,0.101165771484375,0.10498046875,0.098114013671875,0.095672607421875,0.09368896484375,0.096282958984375,0.08636474609375,0.09521484375,0.0811767578125,0.125579833984375,0.102691650390625,0.10894775390625,1.066131591796875,2.13287353515625,-0.5438232421875,1.763763427734375,4.364773273468018
913,0.4565,-0.0,-0.0,-0.0,-0.0,-0.0,-0.0,-5.334250450134277,5.971736907958984,-612.7752685546875,-181153.578125,58645.58984375,2377.452880859375,-0.0,-0.0,-0.0,-0.0,-0.0,-0.0,-0.0,-0.0,-0.0,-0.0,-0.0,-0.0,-0.0049591064453125,-0.00865936279296875,-0.01049041748046875,-0.01434326171875,-0.0103759765625,-0.01323699951171875,-0.008087158203125,-0.01987457275390625,-0.0061798095703125,-0.01007080078125,-0.02655029296875,-0.00743865966796875,-0.0174713134765625,-0.01079559326171875,-0.003662109375,-0.02506256103515625,0.110626220703125,0.098419189453125,0.099639892578125,0.1068115234375,0.118408203125,0.102386474609375,0.111541748046875,0.103759765625,0.079498291015625,0.1275634765625,0.108642578125,0.122833251953125,-0.092010498046875,-1.06658935546875,0.69488525390625,-0.937347412109375,-2.342682361602783
914,0.457,-0.0,-0.0,-0.0,-0.0,-0.0,-0.0,-4.726167678833008,5.969749450683594,-615.239501953125,-181223.125,58743.234375,2433.102294921875,-0.0,-0.0,-0.0,-0.0,-0.0,-0.0,-0.0,-0.0,-0.0,-0.0,-0.0,-0.0,-0.00621795654296875,-0.0035858154296875,-0.006103515625,-0.00690460205078125,-0.003814697265625,-0.0090789794921875,-0.0043487548828125,-0.01415252685546875,-0.0042724609375,-0.01079559326171875,-0.02330780029296875,-0.00576019287109375,-0.01483917236328125,-0.00518798828125,-0.00041961669921875,-0.01377105712890625,0.09796142578125,0.09490966796875,0.10009765625,0.102996826171875,0.107421875,0.0946044921875,0.1007080078125,0.10528564453125,0.0848388671875,0.09613037109375,0.10528564453125,0.120849609375,-1.268463134765625,-2.047119140625,0.75714111328125,-1.756591796875,0.09639240801334381
915,0.4575,-0.0,-0.0,-0.0,-0.0,-0.0,-0.0,-4.73197078704834,6.4931840896606445,-614.878662109375,-181321.1875,58560.69140625,2375.046142578125,-0.0,-0.0,-0.0,-0.0,-0.0,-0.0,-0.0,-0.0,-0.0,-0.0,-0.0,-0.0,0.0074005126953125,0.00858306884765625,0.0113677978515625,0.0150299072265625,0.0099945068359375,0.01552581787109375,0.00774383544921875,0.02155303955078125,0.00385284423828125,0.01338958740234375,0.02658843994140625,0.009307861328125,0.02048492431640625,0.00919342041015625,0.0045013427734375,0.0269317626953125,0.0982666015625,0.102386474609375,0.095977783203125,0.09674072265625,0.1007080078125,0.09521484375,0.089569091796875,0.096435546875,0.092620849609375,0.109405517578125,0.101776123046875,0.0433349609375,0.539398193359375,0.972900390625,-0.2801513671875,1.391143798828125,9.24292278289795
916,0.458,-0.0,-0.0,-0.0,-0.0,-0.0,-0.0,-4.28762149810791,5.891793251037598,-616.3062133789062,-181488.671875,58412.4375,2227.03125,-0.0,-0.0,-0.0,-0.0,-0.0,-0.0,-0.0,-0.0,-0.0,-0.0,-0.0,-0.0,0.00553131103515625,0.00583648681640625,0.00789642333984375,0.00926971435546875,0.00797271728515625,0.00926971435546875,0.00965118408203125,0.0135040283203125,0.0048065185546875,0.00946044921875,0.02292633056640625,0.0043487548828125,0.01434326171875,0.00705718994140625,0.00102996826171875,0.01476287841796875,0.097198486328125,0.09307861328125,0.0909423828125,0.092620849609375,0.095672607421875,0.097808837890625,0.081634521484375,0.100860595703125,0.090179443359375,0.0994873046875,0.100860595703125,0.094146728515625,1.30767822265625,2.0013427734375,-0.51177978515625,2.40234375,2.2305827140808105
917,0.4585,-0.0,-0.0,-0.0,-0.0,-0.0,-0.0,-4.374886989593506,6.14107608795166,-615.952880859375,-181771.59375,58224.48046875,2257.702880859375,-0.0,-0.0,-0.0,-0.0,-0.0,-0.0,-0.0,-0.0,-0.0,-0.0,-0.0,-0.0,-0.00629425048828125,-0.0084686279296875,-0.01087188720703125,-0.01373291015625,-0.0090789794921875,-0.0141143798828125,-0.00865936279296875,-0.02044677734375,-0.00690460205078125,-0.01132965087890625,-0.02376556396484375,-0.01018524169921875,-0.02109527587890625,-0.01178741455078125,-0.00270843505859375,-0.02597808837890625,0.1031494140625,0.0982666015625,0.09490966796875,0.098419189453125,0.08575439453125,0.092010498046875,0.153350830078125,0.09613037109375,0.090789794921875,0.11993408203125,0.097808837890625,0.119476318359375,-0.261993408203125,-0.577392578125,0.20111083984375,-1.2664794921875,-1.1231448650360107
918,0.459,-0.0,-0.0,-0.0,-0.0,-0.0,-0.0,-3.751950740814209,5.795177459716797,-618.3978881835938,-182222.8125,58381.953125,2226.34716796875,-0.0,-0.0,-0.0,-0.0,-0.0,-0.0,-0.0,-0.0,-0.0,-0.0,-0.0,-0.0,-0.00591278076171875,-0.001983642578125,-0.00530242919921875,-0.00751495361328125,-0.0055694580078125,-0.00904083251953125,-0.00457763671875,-0.012969970703125,-0.00324249267578125,-0.0116729736328125,-0.0217437744140625,-0.00553131103515625,-0.01834869384765625,-0.0043487548828125,-0.00091552734375,-0.0131988525390625,0.101165771484375,0.093994140625,0.0970458984375,0.09979248046875,0.102691650390625,0.104827880859375,0.100860595703125,0.097198486328125,0.081939697265625,0.174102783203125,0.094757080078125,0.0982666015625,-0.94818115234375,-1.7041015625,0.49346923828125,-2.090301513671875,0.7061610817909241
919,0.4595,-0.0,-0.0,-0.0,-0.0,-0.0,-0.0,-4.635675430297852,6.415754795074463,-618.077880859375,-182265.40625,58096.73828125,2318.6201171875,-0.0,-0.0,-0.0,-0.0,-0.0,-0.0,-0.0,-0.0,-0.0,-0.0,-0.0,-0.0,0.01018524169921875,0.0074005126953125,0.0135040283203125,0.01483917236328125,0.0110626220703125,0.01384735107421875,0.009613037109375,0.01964569091796875,0.00732421875,0.0112152099609375,0.02719879150390625,0.01110076904296875,0.02094268798828125,0.00957489013671875,0.0067901611328125,0.02513885498046875,0.101470947265625,0.100250244140625,0.09429931640625,0.097808837890625,0.081024169921875,0.09521484375,0.117950439453125,0.096282958984375,0.0946044921875,0.0408935546875,0.10528564453125,0.088958740234375,0.35675048828125,1.1773681640625,-0.10345458984375,1.28021240234375,-1.1231448650360107
920,0.46,-0.0,-0.0,-0.0,-0.0,-0.0,-0.0,-4.470020771026611,5.799800395965576,-618.0774536132812,-182626.6875,58102.2578125,2344.136962890625,-0.0,-0.0,-0.0,-0.0,-0.0,-0.0,-0.0,-0.0,-0.0,-0.0,-0.0,-0.0,0.00675201416015625,0.0058746337890625,0.0075531005859375,0.0092315673828125,0.00652313232421875,0.01041412353515625,0.00888824462890625,0.0127410888671875,0.0049591064453125,0.0101470947265625,0.01895904541015625,0.00484466552734375,0.01583099365234375,0.00614166259765625,0.00308990478515625,0.0145721435546875,0.102996826171875,0.1123046875,0.098419189453125,0.101318359375,0.101165771484375,0.0994873046875,0.055999755859375,0.102996826171875,0.092010498046875,0.1251220703125,0.110321044921875,0.0872802734375,1.1053466796875,1.74957275390625,-0.25970458984375,2.178955078125,4.364773273468018
921,0.4605,-0.0,-0.0,-0.0,-0.0,-0.0,-0.0,-4.283604145050049,5.894593238830566,-618.7831420898438,-182508.015625,58065.98828125,2346.678955078125,-0.0,-0.0,-0.0,-0.0,-0.0,-0.0,-0.0,-0.0,-0.0,-0.0,-0.0,-0.0,-0.00614166259765625,-0.00751495361328125,-0.01041412353515625,-0.01434326171875,-0.01041412353515625,-0.01338958740234375,-0.0099945068359375,-0.0209808349609375,-0.00698089599609375,-0.0109100341796875,-0.0260162353515625,-0.013427734375,-0.0168609619140625,-0.00946044921875,-0.00385284423828125,-0.02544403076171875,0.100250244140625,0.098724365234375,0.098876953125,0.092926025390625,0.111236572265625,0.100555419921875,0.123138427734375,0.096435546875,0.088043212890625,0.1007080078125,0.10406494140625,0.092010498046875,-0.05462646484375,-0.91400146484375,0.24688720703125,-1.151580810546875,-0.5133762359619141
922,0.461,-0.0,-0.0,-0.0,-0.0,-0.0,-0.0,-4.2821044921875,6.519524097442627,-620.87890625,-183009.296875,58008.66796875,2549.9287109375,-0.0,-0.0,-0.0,-0.0,-0.0,-0.0,-0.0,-0.0,-0.0,-0.0,-0.0,-0.0,-0.00522613525390625,-0.00316619873046875,-0.00591278076171875,-0.00682830810546875,-0.00530242919921875,-0.011444091796875,-0.00766754150390625,-0.01270294189453125,-0.00392913818359375,-0.01163482666015625,-0.020904541015625,-0.00400543212890625,-0.0144195556640625,-0.003662109375,-0.00141143798828125,-0.013885498046875,0.092620849609375,0.101776123046875,0.09979248046875,0.100250244140625,0.110626220703125,0.09307861328125,0.092620849609375,0.0946044921875,0.089569091796875,0.082855224609375,0.09796142578125,0.090484619140625,-1.04156494140625,-1.57806396484375,0.41778564453125,-1.846160888671875,0.7061610817909241
923,0.4615,-0.0,-0.0,-0.0,-0.0,-0.0,-0.0,-4.2821044921875,6.776635646820068,-618.7928466796875,-182627.609375,58053.7578125,2405.744873046875,-0.0,-0.0,-0.0,-0.0,-0.0,-0.0,-0.0,-0.0,-0.0,-0.0,-0.0,-0.0,0.00965118408203125,0.00732421875,0.0128936767578125,0.01438140869140625,0.01224517822265625,0.0127410888671875,0.010833740234375,0.02056121826171875,0.00823974609375,0.0119781494140625,0.02735137939453125,0.01148223876953125,0.0229644775390625,0.01041412353515625,0.006256103515625,0.02559661865234375,0.09735107421875,0.0909423828125,0.097808837890625,0.093841552734375,0.098114013671875,0.102386474609375,0.10284423828125,0.101776123046875,0.084381103515625,0.06927490234375,0.097808837890625,0.1141357421875,0.52276611328125,1.17645263671875,-0.072021484375,1.821136474609375,11.377113342285156
924,0.462,-0.0,-0.0,-0.0,-0.0,-0.0,-0.0,-4.548439979553223,7.036122798919678,-620.8955078125,-183373.0,57872.08984375,2433.4990234375,-0.0,-0.0,-0.0,-0.0,-0.0,-0.0,-0.0,-0.0,-0.0,-0.0,-0.0,-0.0,0.00637054443359375,0.002899169921875,0.00621795654296875,0.00751495361328125,0.005950927734375,0.0090789794921875,0.00659942626953125,0.0135040283203125,0.00476837158203125,0.01331329345703125,0.02300262451171875,0.00560760498046875,0.01556396484375,0.00400543212890625,0.00377655029296875,0.0147247314453125,0.0921630859375,0.099945068359375,0.104827880859375,0.099639892578125,0.09552001953125,0.099639892578125,0.115814208984375,0.098724365234375,0.087890625,0.13458251953125,0.09521484375,0.1123046875,1.521759033203125,2.0379638671875,-0.465087890625,1.951904296875,4.364773273468018
925,0.4625,-0.0,-0.0,-0.0,-0.0,-0.0,-0.0,-4.284590244293213,7.304967403411865,-619.4727172851562,-183259.421875,57944.2890625,2639.5810546875,-0.0,-0.0,-0.0,-0.0,-0.0,-0.0,-0.0,-0.0,-0.0,-0.0,-0.0,-0.0,-0.008392333984375,-0.00766754150390625,-0.01007080078125,-0.0142669677734375,-0.0115203857421875,-0.01312255859375,-0.01094818115234375,-0.02140045166015625,-0.0079345703125,-0.0102996826171875,-0.02719879150390625,-0.0127410888671875,-0.0229644775390625,-0.00942230224609375,-0.00457763671875,-0.0269317626953125,0.09307861328125,0.1031494140625,0.099029541015625,0.0933837890625,0.1007080078125,0.09857177734375,0.10772705078125,0.098724365234375,0.088043212890625,-0.000152587890625,0.092620849609375,0.0830078125,-0.2020263671875,-0.99578857421875,0.11810302734375,-1.53045654296875,-1.4280292987823486
926,0.463,-0.0,-0.0,-0.0,-0.0,-0.0,-0.0,-4.553215980529785,7.397823333740234,-619.8399658203125,-182861.21875,57983.73828125,2667.771240234375,-0.0,-0.0,-0.0,-0.0,-0.0,-0.0,-0.0,-0.0,-0.0,-0.0,-0.0,-0.0,-0.0079345703125,-0.0061798095703125,-0.00675201416015625,-0.0080108642578125,-0.0061798095703125,-0.00911712646484375,-0.00457763671875,-0.01209259033203125,-0.00247955322265625,-0.00789642333984375,-0.01922607421875,-0.00415802001953125,-0.01628875732421875,-0.004730224609375,-0.00385284423828125,-0.01323699951171875,0.076141357421875,0.097503662109375,0.0994873046875,0.09552001953125,0.07720947265625,0.100860595703125,0.098876953125,0.08758544921875,0.089111328125,0.1715087890625,0.098114013671875,0.09002685546875,-0.70770263671875,-1.54693603515625,0.579833984375,-1.98760986328125,-0.5133762359619141
927,0.4635,-0.0,-0.0,-0.0,-0.0,-0.0,-0.0,-4.6400532722473145,8.546565055847168,-621.5791625976562,-183266.046875,57573.91796875,2698.348876953125,-0.0,-0.0,-0.0,-0.0,-0.0,-0.0,-0.0,-0.0,-0.0,-0.0,-0.0,-0.0,0.00743865966796875,0.00774383544921875,0.01255035400390625,0.01483917236328125,0.012664794921875,0.01338958740234375,0.01300811767578125,0.021820068359375,0.00972747802734375,0.011444091796875,0.02681732177734375,0.01491546630859375,0.0246429443359375,0.00942230224609375,0.00568389892578125,0.02574920654296875,0.1129150390625,0.10467529296875,0.094146728515625,0.100860595703125,0.116424560546875,0.10955810546875,0.09185791015625,0.10650634765625,0.099334716796875,0.190582275390625,0.09979248046875,0.104217529296875,0.36712646484375,0.94207763671875,0.196533203125,1.8414306640625,11.681997299194336
928,0.464,-0.0,-0.0,-0.0,-0.0,-0.0,-0.0,-4.729196071624756,7.410282611846924,-619.8431396484375,-183531.5,57739.5,2812.370361328125,-0.0,-0.0,-0.0,-0.0,-0.0,-0.0,-0.0,-0.0,-0.0,-0.0,-0.0,-0.0,0.0074005126953125,0.00438690185546875,0.00782012939453125,0.00865936279296875,0.0066375732421875,0.00919342041015625,0.00553131103515625,0.01338958740234375,0.00087738037109375,0.0102996826171875,0.0188446044921875,0.00286102294921875,0.015106201171875,0.00598907470703125,0.004119873046875,0.01415252685546875,0.09674072265625,0.105133056640625,0.10009765625,0.093841552734375,0.0933837890625,0.09796142578125,0.087127685546875,0.101470947265625,0.092926025390625,0.071563720703125,0.0921630859375,0.09307861328125,1.404266357421875,1.7730712890625,-0.60699462890625,1.923370361328125,5.889194965362549
929,0.4645,-0.0,-0.0,-0.0,-0.0,-0.0,-0.0,-5.442797660827637,8.200952529907227,-619.15087890625,-183110.203125,57640.18359375,2757.3818359375,-0.0,-0.0,-0.0,-0.0,-0.0,-0.0,-0.0,-0.0,-0.0,-0.0,-0.0,-0.0,-0.008697509765625,-0.00682830810546875,-0.01171112060546875,-0.0131988525390625,-0.0106048583984375,-0.0128936767578125,-0.009613037109375,-0.02132415771484375,-0.00583648681640625,-0.0107574462890625,-0.0263214111328125,-0.01293182373046875,-0.021514892578125,-0.01251220703125,-0.003204345703125,-0.02674102783203125,0.105438232421875,0.092620849609375,0.098876953125,0.093536376953125,0.111083984375,0.093994140625,0.063323974609375,0.09185791015625,0.092315673828125,0.159454345703125,0.098724365234375,0.11199951171875,-0.215911865234375,-1.03607177734375,0.21240234375,-1.540069580078125,-2.342682361602783
930,0.465,-0.0,-0.0,-0.0,-0.0,-0.0,-0.0,-5.708569526672363,8.559225082397461,-620.1839599609375,-183265.59375,57448.76171875,2902.7294921875,-0.0,-0.0,-0.0,-0.0,-0.0,-0.0,-0.0,-0.0,-0.0,-0.0,-0.0,-0.0,-0.00408172607421875,-0.003509521484375,-0.00431060791015625,-0.0072479248046875,-0.0054931640625,-0.0084686279296875,-0.00614166259765625,-0.0130462646484375,-0.00476837158203125,-0.0084686279296875,-0.01903533935546875,-0.004425048828125,-0.0128936767578125,-0.00278472900390625,-0.00102996826171875,-0.01399993896484375,0.1043701171875,0.1019287109375,0.091705322265625,0.1019287109375,0.0946044921875,0.09796142578125,0.112457275390625,0.09857177734375,0.09521484375,0.07720947265625,0.095367431640625,0.099639892578125,-0.83770751953125,-1.5264892578125,0.62957763671875,-1.639556884765625,2.2305827140808105
931,0.4655,-0.0,-0.0,-0.0,-0.0,-0.0,-0.0,-5.446763515472412,8.557337760925293,-619.8502807617188,-183134.25,57291.92578125,2962.005615234375,-0.0,-0.0,-0.0,-0.0,-0.0,-0.0,-0.0,-0.0,-0.0,-0.0,-0.0,-0.0,0.0078582763671875,0.00988006591796875,0.0110626220703125,0.01491546630859375,0.0109100341796875,0.01369476318359375,0.0115203857421875,0.01995086669921875,0.0074005126953125,0.01148223876953125,0.02918243408203125,0.01461029052734375,0.0244140625,0.01094818115234375,0.00507354736328125,0.02712249755859375,0.09490966796875,0.09765625,0.09246826171875,0.088043212890625,0.107879638671875,0.09490966796875,0.103759765625,0.100555419921875,0.092926025390625,0.105133056640625,0.099945068359375,0.106201171875,0.518035888671875,1.38397216796875,0.09918212890625,1.7999267578125,9.24292278289795
932,0.466,-0.0,-0.0,-0.0,-0.0,-0.0,-0.0,-5.803199291229248,9.091300964355469,-619.8397216796875,-183365.796875,57675.12890625,3136.47705078125,-0.0,-0.0,-0.0,-0.0,-0.0,-0.0,-0.0,-0.0,-0.0,-0.0,-0.0,-0.0,0.0064849853515625,0.00423431396484375,0.00823974609375,0.00823974609375,0.00713348388671875,0.0081634521484375,0.00453948974609375,0.01110076904296875,0.0028228759765625,0.00949859619140625,0.01949310302734375,0.00080108642578125,0.01434326171875,0.00698089599609375,0.00431060791015625,0.01392364501953125,0.09429931640625,0.09613037109375,0.09674072265625,0.094146728515625,0.099639892578125,0.1025390625,0.0830078125,0.096893310546875,0.0994873046875,0.120086669921875,0.10223388671875,0.113677978515625,1.033477783203125,1.8267822265625,-0.71136474609375,1.920013427734375,7.413616180419922
933,0.4665,-0.0,-0.0,-0.0,-0.0,-0.0,-0.0,-6.064916133880615,9.359390258789062,-621.2435302734375,-183378.5625,57719.92578125,3080.199462890625,-0.0,-0.0,-0.0,-0.0,-0.0,-0.0,-0.0,-0.0,-0.0,-0.0,-0.0,-0.0,-0.009613037109375,-0.00732421875,-0.0130462646484375,-0.0130462646484375,-0.01293182373046875,-0.01384735107421875,-0.0107574462890625,-0.02201080322265625,-0.00560760498046875,-0.01079559326171875,-0.0241851806640625,-0.0121307373046875,-0.02208709716796875,-0.00946044921875,-0.00568389892578125,-0.02605438232421875,0.09521484375,0.095062255859375,0.098419189453125,0.097808837890625,0.087127685546875,0.0982666015625,0.078125,0.098724365234375,0.096893310546875,0.02105712890625,0.093994140625,0.111236572265625,-0.24017333984375,-0.66741943359375,0.20172119140625,-1.42822265625,-0.5133762359619141
934,0.467,-0.0,-0.0,-0.0,-0.0,-0.0,-0.0,-6.154292583465576,9.271409034729004,-622.3006591796875,-183577.109375,57306.078125,3166.58154296875,-0.0,-0.0,-0.0,-0.0,-0.0,-0.0,-0.0,-0.0,-0.0,-0.0,-0.0,-0.0,-0.0045013427734375,-0.00560760498046875,-0.0070953369140625,-0.0086212158203125,-0.0052642822265625,-0.0075531005859375,-0.0078582763671875,-0.01239776611328125,-0.00202178955078125,-0.00705718994140625,-0.0191497802734375,-0.00019073486328125,-0.01007080078125,-0.0064849853515625,-0.00179290771484375,-0.0138092041015625,0.10467529296875,0.111846923828125,0.108795166015625,0.106964111328125,0.106964111328125,0.102996826171875,0.122833251953125,0.100250244140625,0.103302001953125,-0.047760009765625,0.099945068359375,0.074462890625,-0.741729736328125,-1.72210693359375,0.84716796875,-1.0845947265625,2.2305827140808105
935,0.4675,-0.0,-0.0,-0.0,-0.0,-0.0,-0.0,-6.158268928527832,9.448919296264648,-621.256591796875,-183722.96875,57303.78125,3138.631103515625,-0.0,-0.0,-0.0,-0.0,-0.0,-0.0,-0.0,-0.0,-0.0,-0.0,-0.0,-0.0,0.00926971435546875,0.00751495361328125,0.01155853271484375,0.0146484375,0.01041412353515625,0.0141143798828125,0.0104522705078125,0.02109527587890625,0.0091552734375,0.01094818115234375,0.029144287109375,0.01194000244140625,0.0211334228515625,0.01190185546875,0.00370025634765625,0.027008056640625,0.090789794921875,0.1031494140625,0.096588134765625,0.094451904296875,0.067291259765625,0.09613037109375,0.052337646484375,0.099334716796875,0.091705322265625,0.01190185546875,0.09552001953125,0.073394775390625,0.59844970703125,1.22833251953125,-0.0555419921875,1.66717529296875,10.157575607299805
936,0.468,-0.0,-0.0,-0.0,-0.0,-0.0,-0.0,-5.978592395782471,9.6270751953125,-621.2396240234375,-183933.015625,57313.3046875,3196.348388671875,-0.0,-0.0,-0.0,-0.0,-0.0,-0.0,-0.0,-0.0,-0.0,-0.0,-0.0,-0.0,0.00415802001953125,0.0046539306640625,0.00545501708984375,0.00843048095703125,0.0043487548828125,0.00812530517578125,0.0049591064453125,0.01163482666015625,0.00461578369140625,0.00812530517578125,0.01926422119140625,0.00453948974609375,0.01132965087890625,0.00640869140625,0.0012969970703125,0.0130462646484375,0.10101318359375,0.098114013671875,0.09185791015625,0.093536376953125,0.10528564453125,0.099639892578125,0.0885009765625,0.0982666015625,0.094451904296875,0.150146484375,0.09246826171875,0.1055908203125,1.013031005859375,1.50482177734375,-0.22216796875,1.387176513671875,5.279426097869873
937,0.4685,-0.0,-0.0,-0.0,-0.0,-0.0,-0.0,-6.155525207519531,10.071735382080078,-621.2418823242188,-183557.328125,57302.8359375,3167.567626953125,-0.0,-0.0,-0.0,-0.0,-0.0,-0.0,-0.0,-0.0,-0.0,-0.0,-0.0,-0.0,-0.00659942626953125,-0.0070953369140625,-0.0115203857421875,-0.014495849609375,-0.0115966796875,-0.01399993896484375,-0.01064300537109375,-0.02140045166015625,-0.00690460205078125,-0.0101470947265625,-0.02819061279296875,-0.01567840576171875,-0.0225067138671875,-0.01018524169921875,-0.006103515625,-0.02689361572265625,0.0872802734375,0.098114013671875,0.10498046875,0.101165771484375,0.0946044921875,0.095672607421875,0.098724365234375,0.0933837890625,0.100555419921875,0.117034912109375,0.10528564453125,0.1019287109375,0.030059814453125,-1.0614013671875,-0.302734375,-1.403045654296875,-4.171988487243652
938,0.46900000000000003,-0.0,-0.0,-0.0,-0.0,-0.0,-0.0,-5.887173175811768,10.161225318908691,-620.1853637695312,-183360.21875,56964.3984375,3080.1181640625,-0.0,-0.0,-0.0,-0.0,-0.0,-0.0,-0.0,-0.0,-0.0,-0.0,-0.0,-0.0,-0.00453948974609375,-0.0046539306640625,-0.00476837158203125,-0.00701904296875,-0.00545501708984375,-0.008392333984375,-0.0075531005859375,-0.01209259033203125,-0.00423431396484375,-0.0093841552734375,-0.0177764892578125,-0.0026702880859375,-0.013427734375,-0.00640869140625,-0.00034332275390625,-0.01255035400390625,0.092926025390625,0.093994140625,0.09918212890625,0.093841552734375,0.0897216796875,0.103759765625,0.110626220703125,0.099029541015625,0.092926025390625,0.03997802734375,0.100860595703125,0.12115478515625,-0.7867431640625,-1.630859375,0.60455322265625,-1.71173095703125,-7.5257158279418945
939,0.46950000000000003,-0.0,-0.0,-0.0,-0.0,-0.0,-0.0,-5.977104187011719,10.873077392578125,-619.8341064453125,-183266.09375,56607.015625,3051.932861328125,-0.0,-0.0,-0.0,-0.0,-0.0,-0.0,-0.0,-0.0,-0.0,-0.0,-0.0,-0.0,0.00797271728515625,0.00995635986328125,0.01087188720703125,0.0177764892578125,0.0112152099609375,0.014801025390625,0.010223388671875,0.02391815185546875,0.00858306884765625,0.012664794921875,0.02819061279296875,0.0131988525390625,0.02002716064453125,0.01094818115234375,0.002593994140625,0.02780914306640625,0.098876953125,0.097808837890625,0.09735107421875,0.102081298828125,0.088043212890625,0.09429931640625,0.138397216796875,0.0946044921875,0.096588134765625,0.09552001953125,0.100555419921875,0.066680908203125,0.649261474609375,1.322021484375,-0.205078125,1.598968505859375,17.1699161529541
940,0.47000000000000003,-0.0,-0.0,-0.0,-0.0,-0.0,-0.0,-5.7090535163879395,11.231058120727539,-618.7745361328125,-182949.953125,56738.70703125,2935.009765625,-0.0,-0.0,-0.0,-0.0,-0.0,-0.0,-0.0,-0.0,-0.0,-0.0,-0.0,-0.0,0.00568389892578125,0.00583648681640625,0.00701904296875,0.0081634521484375,0.00545501708984375,0.00583648681640625,0.0054931640625,0.010833740234375,0.00362396240234375,0.00667572021484375,0.01922607421875,0.00423431396484375,0.0119781494140625,0.0067901611328125,0.00396728515625,0.012969970703125,0.10284423828125,0.1007080078125,0.098114013671875,0.093841552734375,0.09368896484375,0.090179443359375,0.09979248046875,0.095062255859375,0.10040283203125,0.05584716796875,0.08697509765625,0.08941650390625,0.626220703125,1.91375732421875,-0.47637939453125,1.46942138671875,2.8403513431549072
941,0.47050000000000003,-0.0,-0.0,-0.0,-0.0,-0.0,-0.0,-5.620575904846191,11.409161567687988,-620.1839599609375,-182892.890625,56450.98046875,3051.77197265625,-0.0,-0.0,-0.0,-0.0,-0.0,-0.0,-0.0,-0.0,-0.0,-0.0,-0.0,-0.0,-0.00766754150390625,-0.00873565673828125,-0.01132965087890625,-0.0179290771484375,-0.0112152099609375,-0.0150299072265625,-0.0102996826171875,-0.022735595703125,-0.00682830810546875,-0.013427734375,-0.024871826171875,-0.0102996826171875,-0.0180816650390625,-0.01190185546875,-0.0032806396484375,-0.02742767333984375,0.103607177734375,0.09613037109375,0.10528564453125,0.105743408203125,0.110015869140625,0.09185791015625,0.0506591796875,0.102081298828125,0.11260986328125,0.149688720703125,0.103302001953125,0.103759765625,-0.771026611328125,-0.7830810546875,0.71258544921875,-1.369781494140625,-2.647566556930542
942,0.47100000000000003,-0.0,-0.0,-0.0,-0.0,-0.0,-0.0,-5.1743574142456055,11.587470054626465,-618.7706298828125,-182633.515625,56123.17578125,3051.733642578125,-0.0,-0.0,-0.0,-0.0,-0.0,-0.0,-0.0,-0.0,-0.0,-0.0,-0.0,-0.0,-0.0052642822265625,-0.00370025634765625,-0.00591278076171875,-0.0061798095703125,-0.00545501708984375,-0.0061798095703125,-0.00392913818359375,-0.0118255615234375,-0.002899169921875,-0.010528564453125,-0.02227783203125,-0.00579833984375,-0.01209259033203125,-0.00530242919921875,-0.00202178955078125,-0.0119781494140625,0.099029541015625,0.098876953125,0.09765625,0.1031494140625,0.094146728515625,0.094757080078125,0.101318359375,0.096588134765625,0.097198486328125,0.14373779296875,0.09674072265625,0.1312255859375,-0.856475830078125,-1.9818115234375,0.2703857421875,-1.501312255859375,-0.5133762359619141
943,0.47150000000000003,-0.0,-0.0,-0.0,-0.0,-0.0,-0.0,-5.174168109893799,12.56734561920166,-617.711669921875,-182420.671875,55886.765625,3023.382568359375,-0.0,-0.0,-0.0,-0.0,-0.0,-0.0,-0.0,-0.0,-0.0,-0.0,-0.0,-0.0,0.00858306884765625,0.00919342041015625,0.0118255615234375,0.0179290771484375,0.01186370849609375,0.01552581787109375,0.01102447509765625,0.023651123046875,0.00720977783203125,0.01262664794921875,0.02429962158203125,0.0146484375,0.0199127197265625,0.01224517822265625,0.00354766845703125,0.027313232421875,0.10040283203125,0.0994873046875,0.09674072265625,0.097503662109375,0.089569091796875,0.096588134765625,0.10528564453125,0.095672607421875,0.095062255859375,0.110321044921875,0.092010498046875,0.078582763671875,0.408935546875,0.904541015625,0.08758544921875,1.74346923828125,10.157575607299805
944,0.47200000000000003,-0.0,-0.0,-0.0,-0.0,-0.0,-0.0,-4.550018310546875,12.745647430419922,-618.0653076171875,-182228.921875,55570.453125,2789.494873046875,-0.0,-0.0,-0.0,-0.0,-0.0,-0.0,-0.0,-0.0,-0.0,-0.0,-0.0,-0.0,0.00438690185546875,0.00476837158203125,0.00637054443359375,0.0093841552734375,0.005645751953125,0.0098419189453125,0.00705718994140625,0.012359619140625,0.0041961669921875,0.008697509765625,0.01861572265625,0.00194549560546875,0.01190185546875,0.00438690185546875,0.0030517578125,0.01468658447265625,0.0958251953125,0.09796142578125,0.099945068359375,0.094146728515625,0.097198486328125,0.097808837890625,0.099334716796875,0.097503662109375,0.0958251953125,0.14373779296875,0.10711669921875,0.091094970703125,1.068572998046875,1.69921875,-0.4229736328125,1.750335693359375,4.364773273468018
945,0.47250000000000003,-0.0,-0.0,-0.0,-0.0,-0.0,-0.0,-5.084349632263184,13.191688537597656,-615.2405395507812,-182119.171875,55360.4765625,2790.089599609375,-0.0,-0.0,-0.0,-0.0,-0.0,-0.0,-0.0,-0.0,-0.0,-0.0,-0.0,-0.0,-0.0079345703125,-0.00873565673828125,-0.01110076904296875,-0.014495849609375,-0.010528564453125,-0.0157928466796875,-0.00919342041015625,-0.0217437744140625,-0.00682830810546875,-0.01346588134765625,-0.02414703369140625,-0.01094818115234375,-0.024566650390625,-0.0102996826171875,-0.0051116943359375,-0.02735137939453125,0.096282958984375,0.098724365234375,0.096588134765625,0.099029541015625,0.07598876953125,0.093536376953125,0.108642578125,0.096282958984375,0.098876953125,0.067901611328125,0.09246826171875,0.10650634765625,-0.39947509765625,-0.63720703125,0.3619384765625,-1.53289794921875,-0.8182606101036072
946,0.47300000000000003,-0.0,-0.0,-0.0,-0.0,-0.0,-0.0,-4.99578857421875,14.171916961669922,-614.888427734375,-181839.75,55248.07421875,2790.916259765625,-0.0,-0.0,-0.0,-0.0,-0.0,-0.0,-0.0,-0.0,-0.0,-0.0,-0.0,-0.0,-0.0040435791015625,-0.00331878662109375,-0.00457763671875,-0.007171630859375,-0.0041961669921875,-0.00701904296875,-0.003814697265625,-0.01094818115234375,-0.00453948974609375,-0.0095367431640625,-0.02094268798828125,-0.005340576171875,-0.01346588134765625,-0.006103515625,-0.00213623046875,-0.01216888427734375,0.088653564453125,0.09918212890625,0.091094970703125,0.09368896484375,0.113677978515625,0.10101318359375,0.1104736328125,0.093994140625,0.090484619140625,0.115966796875,0.102081298828125,0.100250244140625,-0.987548828125,-1.75201416015625,0.30242919921875,-1.670379638671875,-0.5133762359619141
947,0.47350000000000003,-0.0,-0.0,-0.0,-0.0,-0.0,-0.0,-4.994991302490234,14.528255462646484,-613.8309936523438,-181523.84375,54952.85546875,2937.2333984375,-0.0,-0.0,-0.0,-0.0,-0.0,-0.0,-0.0,-0.0,-0.0,-0.0,-0.0,-0.0,0.00843048095703125,0.00919342041015625,0.012054443359375,0.015106201171875,0.0116729736328125,0.0144195556640625,0.0102996826171875,0.0212860107421875,0.00659942626953125,0.01354217529296875,0.02773284912109375,0.01312255859375,0.023193359375,0.011138916015625,0.00568389892578125,0.02841949462890625,0.100250244140625,0.094451904296875,0.096282958984375,0.098114013671875,0.092315673828125,0.0946044921875,0.112457275390625,0.094146728515625,0.096588134765625,0.082855224609375,0.082855224609375,0.09185791015625,0.897979736328125,1.21002197265625,-0.218505859375,1.8048095703125,7.71850061416626
948,0.47400000000000003,-0.0,-0.0,-0.0,-0.0,-0.0,-0.0,-4.8183674812316895,14.794981002807617,-615.2381591796875,-181067.75,55257.26171875,3054.043701171875,-0.0,-0.0,-0.0,-0.0,-0.0,-0.0,-0.0,-0.0,-0.0,-0.0,-0.0,-0.0,0.00762939453125,0.00476837158203125,0.00720977783203125,0.00736236572265625,0.00453948974609375,0.00766754150390625,0.00293731689453125,0.01312255859375,0.003509521484375,0.01041412353515625,0.020904541015625,0.0070953369140625,0.01728057861328125,0.005340576171875,0.0019073486328125,0.0116729736328125,0.106658935546875,0.103607177734375,0.1025390625,0.10223388671875,0.13214111328125,0.109405517578125,0.086212158203125,0.1007080078125,0.09857177734375,-0.03173828125,0.11444091796875,0.117034912109375,1.34918212890625,2.08038330078125,-0.24078369140625,2.1624755859375,6.1940789222717285
949,0.47450000000000003,-0.0,-0.0,-0.0,-0.0,-0.0,-0.0,-4.549349308013916,15.329270362854004,-614.5315551757812,-180896.953125,54687.71875,3024.229248046875,-0.0,-0.0,-0.0,-0.0,-0.0,-0.0,-0.0,-0.0,-0.0,-0.0,-0.0,-0.0,-0.0070953369140625,-0.00896453857421875,-0.01171112060546875,-0.01617431640625,-0.01102447509765625,-0.01556396484375,-0.00980377197265625,-0.0246429443359375,-0.00682830810546875,-0.0128173828125,-0.02597808837890625,-0.01399993896484375,-0.02044677734375,-0.0099945068359375,-0.004730224609375,-0.027618408203125,0.10040283203125,0.099334716796875,0.1043701171875,0.101776123046875,0.079345703125,0.100250244140625,0.09796142578125,0.097808837890625,0.094451904296875,0.110015869140625,0.08880615234375,0.09735107421875,-0.204315185546875,-0.94207763671875,0.2294921875,-1.58355712890625,-2.95245099067688
950,0.47500000000000003,-0.0,-0.0,-0.0,-0.0,-0.0,-0.0,-5.081713676452637,15.77795696258545,-614.5238037109375,-180788.96875,54947.5078125,2996.13916015625,-0.0,-0.0,-0.0,-0.0,-0.0,-0.0,-0.0,-0.0,-0.0,-0.0,-0.0,-0.0,-0.00667572021484375,-0.0061798095703125,-0.00492095947265625,-0.00667572021484375,-0.0054168701171875,-0.00827789306640625,-0.0043487548828125,-0.00957489013671875,-0.00263214111328125,-0.01007080078125,-0.0200653076171875,-0.00644683837890625,-0.0140380859375,-0.00484466552734375,-0.00102996826171875,-0.0130462646484375,0.094757080078125,0.1019287109375,0.099639892578125,0.0994873046875,0.072479248046875,0.093994140625,0.15106201171875,0.099029541015625,0.098114013671875,0.15472412109375,0.1031494140625,0.098876953125,-0.9649658203125,-1.82281494140625,0.40771484375,-1.65496826171875,-1.4280292987823486
951,0.47550000000000003,-0.0,-0.0,-0.0,-0.0,-0.0,-0.0,-4.906578063964844,16.75442886352539,-613.4838256835938,-181045.625,54838.796875,2997.845703125,-0.0,-0.0,-0.0,-0.0,-0.0,-0.0,-0.0,-0.0,-0.0,-0.0,-0.0,-0.0,0.00812530517578125,0.00972747802734375,0.0115203857421875,0.0165557861328125,0.0119781494140625,0.014801025390625,0.01087188720703125,0.0229644775390625,0.00743865966796875,0.0140380859375,0.0283050537109375,0.0145721435546875,0.02048492431640625,0.01129150390625,0.002899169921875,0.02841949462890625,0.0909423828125,0.099639892578125,0.089874267578125,0.0946044921875,0.08331298828125,0.096893310546875,0.117340087890625,0.096435546875,0.098876953125,-0.009765625,0.0921630859375,0.082855224609375,0.8343505859375,1.3995361328125,-0.11688232421875,1.854248046875,9.547806739807129
952,0.47600000000000003,-0.0,-0.0,-0.0,-0.0,-0.0,-0.0,-4.730515956878662,17.199220657348633,-612.0724487304688,-180935.875,54555.48046875,2998.013671875,-0.0,-0.0,-0.0,-0.0,-0.0,-0.0,-0.0,-0.0,-0.0,-0.0,-0.0,-0.0,0.005035400390625,0.00301361083984375,0.00606536865234375,0.0075531005859375,0.00545501708984375,0.00843048095703125,0.00637054443359375,0.01209259033203125,0.00324249267578125,0.00843048095703125,0.0202178955078125,0.0048828125,0.00782012939453125,0.0041961669921875,0.0006103515625,0.01300811767578125,0.10101318359375,0.101470947265625,0.093231201171875,0.09552001953125,0.077056884765625,0.10498046875,0.127716064453125,0.105133056640625,0.095367431640625,0.233306884765625,0.10223388671875,0.113677978515625,0.90850830078125,1.96136474609375,-0.42449951171875,1.436004638671875,-5.391525745391846
953,0.47650000000000003,-0.0,-0.0,-0.0,-0.0,-0.0,-0.0,-4.8160223960876465,17.02995491027832,-614.1692504882812,-180866.015625,54669.63671875,2998.365966796875,-0.0,-0.0,-0.0,-0.0,-0.0,-0.0,-0.0,-0.0,-0.0,-0.0,-0.0,-0.0,-0.01071929931640625,-0.007781982421875,-0.0128173828125,-0.01598358154296875,-0.0113677978515625,-0.0150299072265625,-0.01064300537109375,-0.02346038818359375,-0.00820159912109375,-0.013427734375,-0.02628326416015625,-0.01220703125,-0.0212860107421875,-0.00972747802734375,-0.00423431396484375,-0.0274658203125,0.095977783203125,0.09429931640625,0.099639892578125,0.095977783203125,0.099945068359375,0.102996826171875,0.0775146484375,0.100860595703125,0.09185791015625,0.091552734375,0.099029541015625,0.076141357421875,-0.792236328125,-0.84442138671875,0.262451171875,-1.51824951171875,4.974541664123535
954,0.47700000000000004,-0.0,-0.0,-0.0,-0.0,-0.0,-0.0,-4.725253105163574,18.355785369873047,-613.83251953125,-181342.53125,54379.93359375,2939.80029296875,-0.0,-0.0,-0.0,-0.0,-0.0,-0.0,-0.0,-0.0,-0.0,-0.0,-0.0,-0.0,-0.005950927734375,-0.00431060791015625,-0.00629425048828125,-0.00698089599609375,-0.006103515625,-0.00701904296875,-0.00331878662109375,-0.00934600830078125,-0.0025177001953125,-0.009307861328125,-0.0186920166015625,-0.005340576171875,-0.01224517822265625,-0.00499725341796875,-0.00179290771484375,-0.01247406005859375,0.097503662109375,0.1068115234375,0.099639892578125,0.09979248046875,0.11077880859375,0.095977783203125,0.109100341796875,0.09552001953125,0.09185791015625,0.107269287109375,0.095367431640625,0.103302001953125,-1.073760986328125,-1.66748046875,0.55267333984375,-1.377410888671875,-2.0377979278564453
955,0.47750000000000004,-0.0,-0.0,-0.0,-0.0,-0.0,-0.0,-4.64056396484375,18.625829696655273,-615.6022338867188,-181022.25,54386.91796875,3000.547607421875,-0.0,-0.0,-0.0,-0.0,-0.0,-0.0,-0.0,-0.0,-0.0,-0.0,-0.0,-0.0,0.01071929931640625,0.00759124755859375,0.01308441162109375,0.01636505126953125,0.0135040283203125,0.0164794921875,0.0101470947265625,0.0249481201171875,0.006103515625,0.01514434814453125,0.02506256103515625,0.01552581787109375,0.02239227294921875,0.010223388671875,0.00499725341796875,0.02796173095703125,0.10650634765625,0.09918212890625,0.100555419921875,0.098114013671875,0.08758544921875,0.10589599609375,0.09613037109375,0.09857177734375,0.1104736328125,0.10986328125,0.101470947265625,0.110931396484375,0.735015869140625,0.98114013671875,-0.0244140625,2.122955322265625,10.4624605178833
956,0.47800000000000004,-0.0,-0.0,-0.0,-0.0,-0.0,-0.0,-4.373944282531738,19.600807189941406,-614.1764526367188,-181151.09375,54400.8828125,3087.981201171875,-0.0,-0.0,-0.0,-0.0,-0.0,-0.0,-0.0,-0.0,-0.0,-0.0,-0.0,-0.0,0.0061798095703125,0.0037384033203125,0.00690460205078125,0.00759124755859375,0.0058746337890625,0.0077056884765625,0.00377655029296875,0.01129150390625,0.00171661376953125,0.00988006591796875,0.01758575439453125,0.00091552734375,0.010528564453125,0.00591278076171875,0.004119873046875,0.0127410888671875,0.099639892578125,0.10528564453125,0.091705322265625,0.096893310546875,0.105133056640625,0.0982666015625,0.064849853515625,0.09552001953125,0.093994140625,0.106353759765625,0.103912353515625,0.091705322265625,1.187896728515625,1.68365478515625,-0.64208984375,1.57379150390625,7.413616180419922
957,0.47850000000000004,-0.0,-0.0,-0.0,-0.0,-0.0,-0.0,-4.637087345123291,19.695032119750977,-615.5852661132812,-181289.34375,54035.296875,3030.285888671875,-0.0,-0.0,-0.0,-0.0,-0.0,-0.0,-0.0,-0.0,-0.0,-0.0,-0.0,-0.0,-0.00774383544921875,-0.0086212158203125,-0.01247406005859375,-0.0167083740234375,-0.0103759765625,-0.01506805419921875,-0.00885009765625,-0.02407073974609375,-0.005035400390625,-0.01262664794921875,-0.0251007080078125,-0.01373291015625,-0.02170562744140625,-0.0113677978515625,-0.00583648681640625,-0.02895355224609375,0.098419189453125,0.09796142578125,0.09979248046875,0.09613037109375,0.0958251953125,0.100555419921875,0.11810302734375,0.092315673828125,0.102386474609375,0.10467529296875,0.097808837890625,0.0982666015625,-0.386505126953125,-0.78857421875,0.27587890625,-1.738433837890625,0.40127673745155334
958,0.47900000000000004,-0.0,-0.0,-0.0,-0.0,-0.0,-0.0,-4.105708599090576,19.87506866455078,-614.8982543945312,-181099.1875,54120.25390625,3058.983642578125,-0.0,-0.0,-0.0,-0.0,-0.0,-0.0,-0.0,-0.0,-0.0,-0.0,-0.0,-0.0,-0.0043487548828125,-0.00408172607421875,-0.0041961669921875,-0.00514984130859375,-0.004425048828125,-0.00560760498046875,-0.00308990478515625,-0.00995635986328125,-0.00347137451171875,-0.00705718994140625,-0.02044677734375,-0.00698089599609375,-0.0102996826171875,-0.00362396240234375,0.00041961669921875,-0.012359619140625,0.09918212890625,0.096893310546875,0.104522705078125,0.09735107421875,0.09552001953125,0.10284423828125,0.101776123046875,0.09674072265625,0.10009765625,0.255584716796875,0.092010498046875,0.103912353515625,-0.39764404296875,-1.89910888671875,0.39215087890625,-1.466217041015625,-1.1231448650360107
959,0.47950000000000004,-0.0,-0.0,-0.0,-0.0,-0.0,-0.0,-4.283169746398926,20.763126373291016,-615.25634765625,-181477.390625,53702.20703125,2973.10791015625,-0.0,-0.0,-0.0,-0.0,-0.0,-0.0,-0.0,-0.0,-0.0,-0.0,-0.0,-0.0,0.008087158203125,0.0081634521484375,0.0116729736328125,0.0179290771484375,0.01148223876953125,0.01636505126953125,0.010986328125,0.0241851806640625,0.00743865966796875,0.0112152099609375,0.02826690673828125,0.0147247314453125,0.01995086669921875,0.0119781494140625,0.00362396240234375,0.0290679931640625,0.096435546875,0.099029541015625,0.09368896484375,0.10345458984375,0.092010498046875,0.0970458984375,0.096893310546875,0.10223388671875,0.0927734375,0.117034912109375,0.09765625,0.108642578125,0.4595947265625,1.4788818359375,-0.2178955078125,1.904144287109375,9.852691650390625
960,0.48,-0.0,-0.0,-0.0,-0.0,-0.0,-0.0,-4.370182037353516,20.763988494873047,-615.22607421875,-181353.28125,53982.5859375,3116.478515625,-0.0,-0.0,-0.0,-0.0,-0.0,-0.0,-0.0,-0.0,-0.0,-0.0,-0.0,-0.0,0.0061798095703125,0.00457763671875,0.0058746337890625,0.0066375732421875,0.0048065185546875,0.00698089599609375,0.00362396240234375,0.01190185546875,0.00438690185546875,0.006866455078125,0.019073486328125,0.0029754638671875,0.01369476318359375,0.00423431396484375,0.00148773193359375,0.01148223876953125,0.100860595703125,0.098419189453125,0.096893310546875,0.093994140625,0.09490966796875,0.09552001953125,0.1043701171875,0.104522705078125,0.097808837890625,0.08697509765625,0.100555419921875,0.10589599609375,0.758514404296875,1.85699462890625,-0.64208984375,1.6192626953125,5.584310531616211
961,0.4805,-0.0,-0.0,-0.0,-0.0,-0.0,-0.0,-4.020552158355713,21.033559799194336,-616.289306640625,-181028.828125,53540.515625,3175.408935546875,-0.0,-0.0,-0.0,-0.0,-0.0,-0.0,-0.0,-0.0,-0.0,-0.0,-0.0,-0.0,-0.00873565673828125,-0.0083160400390625,-0.01308441162109375,-0.0154876708984375,-0.0110626220703125,-0.01255035400390625,-0.0102996826171875,-0.02162933349609375,-0.007171630859375,-0.01285552978515625,-0.0279998779296875,-0.01331329345703125,-0.02254486083984375,-0.01163482666015625,-0.00583648681640625,-0.02655029296875,0.096588134765625,0.091552734375,0.097503662109375,0.096893310546875,0.13397216796875,0.09735107421875,0.091552734375,0.093231201171875,0.094757080078125,0.099639892578125,0.0946044921875,0.078582763671875,-0.45867919921875,-1.1383056640625,0.3057861328125,-1.529388427734375,-1.732913613319397
962,0.481,-0.0,-0.0,-0.0,-0.0,-0.0,-0.0,-3.932874917984009,21.39129638671875,-615.5775756835938,-181250.015625,53718.35546875,3291.361572265625,-0.0,-0.0,-0.0,-0.0,-0.0,-0.0,-0.0,-0.0,-0.0,-0.0,-0.0,-0.0,-0.005340576171875,-0.00423431396484375,-0.00453948974609375,-0.00514984130859375,-0.003814697265625,-0.00713348388671875,-0.003509521484375,-0.01049041748046875,-0.00377655029296875,-0.008087158203125,-0.0191497802734375,-0.001983642578125,-0.01094818115234375,-0.00213623046875,-0.00041961669921875,-0.01239776611328125,0.102081298828125,0.10650634765625,0.095977783203125,0.099945068359375,0.107879638671875,0.09918212890625,0.07720947265625,0.097198486328125,0.10528564453125,0.119476318359375,0.097808837890625,0.065460205078125,-0.933837890625,-1.83563232421875,0.86090087890625,-1.371002197265625,0.40127673745155334
963,0.4815,-0.0,-0.0,-0.0,-0.0,-0.0,-0.0,-4.548384189605713,21.932830810546875,-615.2501831054688,-181545.15625,53449.09765625,3177.071044921875,-0.0,-0.0,-0.0,-0.0,-0.0,-0.0,-0.0,-0.0,-0.0,-0.0,-0.0,-0.0,0.00705718994140625,0.0104522705078125,0.0113677978515625,0.01674652099609375,0.010833740234375,0.0151824951171875,0.01071929931640625,0.02292633056640625,0.00865936279296875,0.01216888427734375,0.02719879150390625,0.01468658447265625,0.02315521240234375,0.01224517822265625,0.0029754638671875,0.02902984619140625,0.095062255859375,0.10223388671875,0.09490966796875,0.09429931640625,0.09735107421875,0.099945068359375,0.09124755859375,0.098419189453125,0.098724365234375,0.114593505859375,0.10101318359375,0.146484375,0.384368896484375,1.080322265625,-0.19927978515625,2.0025634765625,12.291766166687012
964,0.482,-0.0,-0.0,-0.0,-0.0,-0.0,-0.0,-4.4591064453125,22.81171226501465,-616.2933349609375,-181067.796875,53574.78125,3265.02197265625,-0.0,-0.0,-0.0,-0.0,-0.0,-0.0,-0.0,-0.0,-0.0,-0.0,-0.0,-0.0,0.006256103515625,0.0060272216796875,0.00583648681640625,0.00598907470703125,0.00476837158203125,0.0074005126953125,0.00164031982421875,0.01068115234375,0.00331878662109375,0.0103759765625,0.01895904541015625,0.0042724609375,0.01201629638671875,0.0051116943359375,0.00080108642578125,0.01079559326171875,0.092315673828125,0.09613037109375,0.10162353515625,0.098724365234375,0.122833251953125,0.096435546875,0.070037841796875,0.09796142578125,0.097198486328125,0.079498291015625,0.102081298828125,0.045623779296875,1.207275390625,1.83502197265625,-0.38787841796875,1.65740966796875,6.803847789764404
965,0.4825,-0.0,-0.0,-0.0,-0.0,-0.0,-0.0,-4.636002540588379,23.346282958984375,-614.556396484375,-181167.328125,53385.5078125,3235.277587890625,-0.0,-0.0,-0.0,-0.0,-0.0,-0.0,-0.0,-0.0,-0.0,-0.0,-0.0,-0.0,-0.0081634521484375,-0.0084686279296875,-0.013580322265625,-0.01678466796875,-0.0115203857421875,-0.014190673828125,-0.0121307373046875,-0.02185821533203125,-0.00904083251953125,-0.009765625,-0.02685546875,-0.01216888427734375,-0.0218963623046875,-0.010223388671875,-0.00492095947265625,-0.02773284912109375,0.098419189453125,0.102386474609375,0.09124755859375,0.09735107421875,0.114288330078125,0.10406494140625,0.097503662109375,0.099029541015625,0.095367431640625,0.103759765625,0.101165771484375,0.089874267578125,-0.35888671875,-0.7879638671875,0.45745849609375,-1.621856689453125,-0.5133762359619141
966,0.483,-0.0,-0.0,-0.0,-0.0,-0.0,-0.0,-4.094354152679443,23.89005470275879,-614.941650390625,-181595.890625,53238.9375,3179.05615234375,-0.0,-0.0,-0.0,-0.0,-0.0,-0.0,-0.0,-0.0,-0.0,-0.0,-0.0,-0.0,-0.00553131103515625,-0.00301361083984375,-0.00476837158203125,-0.00553131103515625,-0.0035858154296875,-0.006103515625,-0.0028228759765625,-0.01007080078125,-0.0016021728515625,-0.00713348388671875,-0.01781463623046875,-0.00247955322265625,-0.01361846923828125,-0.00232696533203125,-0.00110626220703125,-0.01117706298828125,0.096282958984375,0.093536376953125,0.097198486328125,0.1019287109375,0.102386474609375,0.102996826171875,0.0762939453125,0.09307861328125,0.09918212890625,0.157623291015625,0.097503662109375,0.101165771484375,-0.530548095703125,-1.67144775390625,0.772705078125,-1.8731689453125,-0.8182606101036072
967,0.4835,-0.0,-0.0,-0.0,-0.0,-0.0,-0.0,-3.751664638519287,25.120317459106445,-616.2671508789062,-181135.96875,52849.0390625,3208.700927734375,-0.0,-0.0,-0.0,-0.0,-0.0,-0.0,-0.0,-0.0,-0.0,-0.0,-0.0,-0.0,0.009307861328125,0.0072479248046875,0.0119781494140625,0.0164031982421875,0.01117706298828125,0.01514434814453125,0.0109100341796875,0.025177001953125,0.00827789306640625,0.0110626220703125,0.0267791748046875,0.0118255615234375,0.02216339111328125,0.0109100341796875,0.0054168701171875,0.028228759765625,0.0921630859375,0.09979248046875,0.093994140625,0.0927734375,0.1007080078125,0.093231201171875,0.1141357421875,0.102386474609375,0.096282958984375,0.1287841796875,0.09765625,0.09552001953125,0.433502197265625,0.93536376953125,-0.27618408203125,1.735076904296875,11.986882209777832
968,0.484,-0.0,-0.0,-0.0,-0.0,-0.0,-0.0,-3.827674627304077,24.973251342773438,-616.9921264648438,-181326.1875,52557.48046875,3380.205810546875,-0.0,-0.0,-0.0,-0.0,-0.0,-0.0,-0.0,-0.0,-0.0,-0.0,-0.0,-0.0,0.005645751953125,0.0048828125,0.00507354736328125,0.0083160400390625,0.00438690185546875,0.00629425048828125,0.0032806396484375,0.00988006591796875,0.005035400390625,0.00995635986328125,0.01873016357421875,0.0009918212890625,0.0122833251953125,0.00598907470703125,0.0008392333984375,0.01132965087890625,0.092010498046875,0.099029541015625,0.096435546875,0.09918212890625,0.09979248046875,0.09521484375,0.092620849609375,0.094451904296875,0.094757080078125,0.105743408203125,0.100555419921875,0.100250244140625,1.217498779296875,1.8133544921875,-0.77606201171875,1.730804443359375,6.803847789764404
969,0.4845,-0.0,-0.0,-0.0,-0.0,-0.0,-0.0,-3.8342936038970947,26.10642433166504,-615.9527587890625,-181650.046875,52667.34765625,3468.086669921875,-0.0,-0.0,-0.0,-0.0,-0.0,-0.0,-0.0,-0.0,-0.0,-0.0,-0.0,-0.0,-0.0075531005859375,-0.01026153564453125,-0.01190185546875,-0.01678466796875,-0.01007080078125,-0.01583099365234375,-0.00797271728515625,-0.023345947265625,-0.0072479248046875,-0.01251220703125,-0.0255584716796875,-0.01132965087890625,-0.02063751220703125,-0.01094818115234375,-0.0038909912109375,-0.0301361083984375,0.09552001953125,0.102691650390625,0.10406494140625,0.104827880859375,0.084686279296875,0.10009765625,0.095062255859375,0.10101318359375,0.10711669921875,0.120697021484375,0.1068115234375,0.111083984375,-0.40313720703125,-0.80291748046875,0.5194091796875,-1.371612548828125,0.7061610817909241
970,0.485,-0.0,-0.0,-0.0,-0.0,-0.0,-0.0,-3.834240674972534,26.566287994384766,-618.3535766601562,-181279.453125,52608.04296875,3154.382568359375,-0.0,-0.0,-0.0,-0.0,-0.0,-0.0,-0.0,-0.0,-0.0,-0.0,-0.0,-0.0,-0.00408172607421875,-0.0035858154296875,-0.0038909912109375,-0.00606536865234375,-0.00408172607421875,-0.0069427490234375,-0.00377655029296875,-0.0098419189453125,-0.00537872314453125,-0.01018524169921875,-0.017852783203125,-0.0037384033203125,-0.01140594482421875,-0.00400543212890625,0.0019073486328125,-0.0115203857421875,0.101165771484375,0.101470947265625,0.096893310546875,0.10284423828125,0.100860595703125,0.10009765625,0.0994873046875,0.09307861328125,0.10406494140625,0.08026123046875,0.09368896484375,0.097198486328125,-1.0107421875,-1.6278076171875,0.33966064453125,-1.84539794921875,-2.342682361602783
971,0.4855,-0.0,-0.0,-0.0,-0.0,-0.0,-0.0,-3.8303699493408203,27.797330856323242,-616.2689819335938,-181145.59375,52314.6328125,3270.62158203125,-0.0,-0.0,-0.0,-0.0,-0.0,-0.0,-0.0,-0.0,-0.0,-0.0,-0.0,-0.0,0.00896453857421875,0.00873565673828125,0.01285552978515625,0.0171661376953125,0.013580322265625,0.0152587890625,0.01445770263671875,0.02300262451171875,0.00957489013671875,0.01068115234375,0.02635955810546875,0.011444091796875,0.022430419921875,0.01102447509765625,0.00453948974609375,0.0275421142578125,0.09765625,0.0946044921875,0.099945068359375,0.096893310546875,0.10162353515625,0.093231201171875,0.067901611328125,0.096893310546875,0.102691650390625,0.1544189453125,0.098114013671875,0.102996826171875,0.499420166015625,0.8331298828125,-0.216064453125,1.857757568359375,11.986882209777832
972,0.486,-0.0,-0.0,-0.0,-0.0,-0.0,-0.0,-3.7527272701263428,27.719554901123047,-615.2317504882812,-180680.296875,52029.1796875,3214.67236328125,-0.0,-0.0,-0.0,-0.0,-0.0,-0.0,-0.0,-0.0,-0.0,-0.0,-0.0,-0.0,0.0052642822265625,0.0040435791015625,0.00457763671875,0.0057220458984375,0.0046539306640625,0.00820159912109375,0.00461578369140625,0.011444091796875,0.0029754638671875,0.00873565673828125,0.01728057861328125,0.0009918212890625,0.01194000244140625,0.00339508056640625,0.00102996826171875,0.01117706298828125,0.100250244140625,0.093536376953125,0.0909423828125,0.098876953125,0.09521484375,0.094757080078125,0.11260986328125,0.097198486328125,0.098876953125,0.08636474609375,0.09307861328125,0.09613037109375,1.049957275390625,1.748046875,-0.5145263671875,1.779327392578125,11.07222843170166
973,0.4865,-0.0,-0.0,-0.0,-0.0,-0.0,-0.0,-3.4933135509490967,27.90184211730957,-615.5846557617188,-180278.921875,52042.13671875,3240.79833984375,-0.0,-0.0,-0.0,-0.0,-0.0,-0.0,-0.0,-0.0,-0.0,-0.0,-0.0,-0.0,-0.01010894775390625,-0.0079345703125,-0.013427734375,-0.016021728515625,-0.01071929931640625,-0.0152587890625,-0.009918212890625,-0.02231597900390625,-0.007781982421875,-0.010528564453125,-0.02536773681640625,-0.0098419189453125,-0.02353668212890625,-0.010528564453125,-0.00659942626953125,-0.0281524658203125,0.102081298828125,0.09918212890625,0.09307861328125,0.103302001953125,0.0933837890625,0.0994873046875,0.062713623046875,0.103607177734375,0.0897216796875,0.140838623046875,0.09796142578125,0.095977783203125,-0.322265625,-0.6488037109375,0.3839111328125,-1.53228759765625,-4.78175687789917
974,0.487,-0.0,-0.0,-0.0,-0.0,-0.0,-0.0,-3.674412250518799,28.789119720458984,-614.5164794921875,-180129.734375,52256.5546875,3445.595947265625,-0.0,-0.0,-0.0,-0.0,-0.0,-0.0,-0.0,-0.0,-0.0,-0.0,-0.0,-0.0,-0.0017547607421875,-0.00370025634765625,-0.00438690185546875,-0.0060272216796875,-0.00453948974609375,-0.0078582763671875,-0.005950927734375,-0.01026153564453125,-0.00331878662109375,-0.00732421875,-0.015106201171875,-0.0003814697265625,-0.01224517822265625,-0.00469207763671875,-0.00087738037109375,-0.01132965087890625,0.091094970703125,0.09613037109375,0.097808837890625,0.0958251953125,0.10772705078125,0.09429931640625,0.07781982421875,0.09918212890625,0.096435546875,0.0146484375,0.0909423828125,0.11322021484375,-0.86700439453125,-1.707763671875,0.745849609375,-1.68365478515625,-0.5133762359619141
975,0.4875,-0.0,-0.0,-0.0,-0.0,-0.0,-0.0,-3.8446543216705322,28.60870933532715,-611.7757568359375,-179458.671875,51781.76171875,3354.947998046875,-0.0,-0.0,-0.0,-0.0,-0.0,-0.0,-0.0,-0.0,-0.0,-0.0,-0.0,-0.0,0.00858306884765625,0.01056671142578125,0.01155853271484375,0.0180816650390625,0.00957489013671875,0.01556396484375,0.009613037109375,0.02410888671875,0.0083160400390625,0.0112152099609375,0.02773284912109375,0.0141143798828125,0.0226593017578125,0.01293182373046875,0.00396728515625,0.03021240234375,0.098876953125,0.099029541015625,0.095672607421875,0.097198486328125,0.120086669921875,0.10406494140625,0.121917724609375,0.106201171875,0.090484619140625,0.182647705078125,0.099945068359375,0.106201171875,0.273895263671875,1.1627197265625,-0.04608154296875,1.89849853515625,10.157575607299805
976,0.488,-0.0,-0.0,-0.0,-0.0,-0.0,-0.0,-3.931917428970337,29.14120864868164,-611.0101318359375,-179210.234375,51773.15234375,3358.949951171875,4.708199501037598,2.8197946548461914,-22.337139129638672,5539.0576171875,1260.65283203125,1574.803466796875,-0.0,-0.0,-0.0,-0.0,-0.0,-0.0,0.006103515625,0.00232696533203125,0.0063323974609375,0.0070953369140625,0.0058746337890625,0.00820159912109375,0.0045013427734375,0.01071929931640625,0.00213623046875,0.0083160400390625,0.01720428466796875,0.00286102294921875,0.01434326171875,0.0051116943359375,0.00244140625,0.0102996826171875,0.102996826171875,0.10589599609375,0.098724365234375,0.103759765625,0.096893310546875,0.09857177734375,0.11810302734375,0.104217529296875,0.10406494140625,0.135040283203125,0.1141357421875,0.098724365234375,1.269073486328125,1.884765625,-0.17852783203125,1.951904296875,5.584310531616211
977,0.4885,-0.0,-0.0,-0.0,-0.0,-0.0,-0.0,-4.362110137939453,29.41533088684082,-610.322265625,-179091.3125,51575.3046875,3329.313232421875,3.6484341621398926,1.7709307670593262,-22.76596450805664,6056.1806640625,1655.907470703125,1101.3692626953125,-0.0,-0.0,-0.0,-0.0,-0.0,-0.0,-0.0093841552734375,-0.0080108642578125,-0.0124359130859375,-0.01430511474609375,-0.01201629638671875,-0.0142669677734375,-0.01056671142578125,-0.02330780029296875,-0.00720977783203125,-0.01155853271484375,-0.0252532958984375,-0.01445770263671875,-0.02285003662109375,-0.009307861328125,-0.0066375732421875,-0.02918243408203125,0.093841552734375,0.095367431640625,0.09735107421875,0.09307861328125,0.0872802734375,0.091094970703125,0.105743408203125,0.093841552734375,0.093994140625,0.12298583984375,0.103302001953125,0.117340087890625,-0.294647216796875,-0.62591552734375,0.15869140625,-1.67938232421875,-2.95245099067688
978,0.489,-0.0,-0.0,-0.0,-0.0,-0.0,-0.0,-4.291521072387695,29.581884384155273,-611.3079223632812,-178968.25,51521.44140625,3185.5380859375,2.5749237537384033,0.4600158929824829,-25.50625991821289,5880.2685546875,1492.8841552734375,716.2034301757812,-0.0,-0.0,-0.0,-0.0,-0.0,-0.0,-0.00457763671875,-0.0043487548828125,-0.00522613525390625,-0.0057220458984375,-0.00499725341796875,-0.0064849853515625,-0.00522613525390625,-0.00904083251953125,-0.0023651123046875,-0.0074005126953125,-0.0176239013671875,-0.004119873046875,-0.01247406005859375,-0.00514984130859375,-0.00072479248046875,-0.01026153564453125,0.093841552734375,0.096282958984375,0.09735107421875,0.09918212890625,0.084228515625,0.0970458984375,0.09735107421875,0.0982666015625,0.097808837890625,0.09368896484375,0.0909423828125,0.074005126953125,-1.05865478515625,-1.78009033203125,0.20111083984375,-1.624755859375,-0.5133762359619141
979,0.4895,-0.0,-0.0,-0.0,-0.0,-0.0,-0.0,-3.9301364421844482,29.85137939453125,-609.177490234375,-178238.15625,51070.046875,3361.99462890625,2.025987148284912,-0.16711148619651794,-26.516681671142578,7020.57373046875,1742.8775634765625,446.3590393066406,-0.0,-0.0,-0.0,-0.0,-0.0,-0.0,0.00804901123046875,0.00972747802734375,0.01220703125,0.0183868408203125,0.01102447509765625,0.01617431640625,0.0110626220703125,0.02399444580078125,0.00698089599609375,0.01285552978515625,0.026702880859375,0.014801025390625,0.02105712890625,0.0115203857421875,0.00240325927734375,0.03017425537109375,0.09552001953125,0.100555419921875,0.09368896484375,0.099639892578125,0.120086669921875,0.100250244140625,0.105743408203125,0.091705322265625,0.100555419921875,0.135040283203125,0.099639892578125,0.097808837890625,0.558319091796875,1.1761474609375,0.00946044921875,1.7962646484375,10.4624605178833
980,0.49,-0.0,-0.0,-0.0,-0.0,-0.0,-0.0,-4.279599666595459,29.858684539794922,-606.4198608398438,-177249.125,50929.70703125,3331.29443359375,1.7002694606781006,-0.2698649764060974,-29.71662712097168,7303.43701171875,2139.207275390625,533.4476928710938,-0.0,-0.0,-0.0,-0.0,-0.0,-0.0,0.00591278076171875,0.00408172607421875,0.00518798828125,0.00675201416015625,0.00331878662109375,0.0064849853515625,0.00392913818359375,0.01041412353515625,0.00377655029296875,0.01041412353515625,0.0171661376953125,0.00324249267578125,0.01194000244140625,0.0035858154296875,-3.814697265625e-05,0.01003265380859375,0.0946044921875,0.09796142578125,0.102081298828125,0.09429931640625,0.099639892578125,0.100860595703125,0.0897216796875,0.099334716796875,0.1019287109375,0.10498046875,0.095062255859375,0.099029541015625,1.282501220703125,1.6552734375,-0.345458984375,1.551513671875,8.93803882598877
981,0.4905,-0.0,-0.0,-0.0,-0.0,-0.0,-0.0,-4.539503574371338,29.955482482910156,-605.0377197265625,-176840.671875,51021.0390625,3272.9912109375,1.6905328035354614,-0.9715385437011719,-33.56802749633789,8595.6796875,2600.1142578125,329.7818603515625,-0.0,-0.0,-0.0,-0.0,-0.0,-0.0,-0.006561279296875,-0.01071929931640625,-0.01251220703125,-0.016021728515625,-0.01102447509765625,-0.0162506103515625,-0.01049041748046875,-0.02361297607421875,-0.0058746337890625,-0.0125885009765625,-0.0247955322265625,-0.01308441162109375,-0.02086639404296875,-0.011138916015625,-0.0032806396484375,-0.02899169921875,0.0958251953125,0.103607177734375,0.098876953125,0.099945068359375,0.077972412109375,0.094757080078125,0.110015869140625,0.095367431640625,0.09796142578125,0.035552978515625,0.09979248046875,0.080108642578125,-0.223846435546875,-0.78704833984375,0.18798828125,-1.53472900390625,-1.1231448650360107
982,0.491,-0.0,-0.0,-0.0,-0.0,-0.0,-0.0,-3.935826539993286,30.301698684692383,-601.7976684570312,-176170.265625,50648.43359375,3184.583251953125,0.8819152116775513,-1.6832818984985352,-38.067745208740234,9238.2470703125,2958.533935546875,145.91529846191406,-0.0,-0.0,-0.0,-0.0,-0.0,-0.0,-0.0048065185546875,-0.00293731689453125,-0.00335693359375,-0.0061798095703125,-0.00370025634765625,-0.00507354736328125,-0.004119873046875,-0.0092315673828125,-0.00438690185546875,-0.0091552734375,-0.0182342529296875,-0.00244140625,-0.01041412353515625,-0.00270843505859375,-0.00041961669921875,-0.01026153564453125,0.102081298828125,0.1019287109375,0.095672607421875,0.096435546875,0.0909423828125,0.097198486328125,0.086822509765625,0.10009765625,0.10162353515625,0.126495361328125,0.0927734375,0.1068115234375,-1.082611083984375,-1.7742919921875,0.4718017578125,-1.5191650390625,-2.0377979278564453
983,0.4915,-0.0,-0.0,-0.0,-0.0,-0.0,-0.0,-4.363189220428467,30.04776954650879,-599.39990234375,-175480.421875,50610.7421875,3297.03466796875,-0.17475804686546326,-3.0082409381866455,-38.4486083984375,9698.17578125,3028.551513671875,-235.52871704101562,-0.0,-0.0,-0.0,-0.0,-0.0,-0.0,0.009765625,0.00705718994140625,0.013275146484375,0.01617431640625,0.01323699951171875,0.01506805419921875,0.013580322265625,0.02399444580078125,0.0086212158203125,0.0125885009765625,0.0279998779296875,0.01491546630859375,0.02429962158203125,0.01003265380859375,0.005035400390625,0.02849578857421875,0.0994873046875,0.101776123046875,0.096893310546875,0.106658935546875,0.104827880859375,0.104827880859375,0.130615234375,0.10772705078125,0.10284423828125,0.12939453125,0.11383056640625,0.114288330078125,0.646209716796875,0.8380126953125,0.2362060546875,1.9525146484375,12.596650123596191
984,0.492,-0.0,-0.0,-0.0,-0.0,-0.0,-0.0,-4.192893981933594,30.485355377197266,-597.2163696289062,-174369.515625,49921.44140625,3275.27734375,-0.9731026887893677,-4.051981449127197,-43.27342224121094,10613.4638671875,3387.563232421875,-561.7052612304688,-0.0,-0.0,-0.0,-0.0,-0.0,-0.0,0.0034332275390625,0.00438690185546875,0.0042724609375,0.00675201416015625,0.0049591064453125,0.00743865966796875,0.00385284423828125,0.00919342041015625,0.0017547607421875,0.00423431396484375,0.015411376953125,0.001220703125,0.00995635986328125,0.0038909912109375,0.00308990478515625,0.0107574462890625,0.09063720703125,0.089263916015625,0.095062255859375,0.0982666015625,0.084228515625,0.10101318359375,0.114593505859375,0.101165771484375,0.09918212890625,0.047607421875,0.101318359375,0.1068115234375,0.705108642578125,1.52191162109375,-0.6121826171875,1.45751953125,6.1940789222717285
985,0.4925,-0.0,-0.0,-0.0,-0.0,-0.0,-0.0,-3.9337949752807617,30.643808364868164,-594.3342895507812,-173562.6875,49694.99609375,3185.859619140625,-1.41377592086792,-5.210979461669922,-46.48122024536133,11403.75390625,3656.65283203125,-505.6820068359375,-0.0,-0.0,-0.0,-0.0,-0.0,-0.0,-0.00965118408203125,-0.0084686279296875,-0.01277923583984375,-0.01659393310546875,-0.0118255615234375,-0.01544952392578125,-0.00865936279296875,-0.0238037109375,-0.00797271728515625,-0.0115966796875,-0.0255584716796875,-0.01346588134765625,-0.02140045166015625,-0.00980377197265625,-0.00598907470703125,-0.0298309326171875,0.095367431640625,0.1007080078125,0.091400146484375,0.097503662109375,0.09246826171875,0.0994873046875,0.088348388671875,0.0946044921875,0.101165771484375,0.142669677734375,0.09521484375,0.090179443359375,-0.347900390625,-0.69427490234375,0.133056640625,-1.424713134765625,8.328269958496094
986,0.493,-0.0,-0.0,-0.0,-0.0,-0.0,-0.0,-3.5081801414489746,30.99711799621582,-589.1270751953125,-173036.078125,49142.20703125,3186.073486328125,-1.3477674722671509,-6.003036022186279,-50.040889739990234,12058.9326171875,4181.01806640625,-715.3735961914062,-0.0,-0.0,-0.0,-0.0,-0.0,-0.0,-0.0035858154296875,-0.00030517578125,-0.00415802001953125,-0.00492095947265625,-0.00484466552734375,-0.005950927734375,-0.00492095947265625,-0.00843048095703125,-0.002899169921875,-0.0077056884765625,-0.01415252685546875,0.00148773193359375,-0.01026153564453125,-0.00370025634765625,-0.00324249267578125,-0.009307861328125,0.09796142578125,0.1007080078125,0.089569091796875,0.09429931640625,0.086822509765625,0.097808837890625,0.093841552734375,0.099334716796875,0.098724365234375,0.126495361328125,0.090179443359375,0.09735107421875,-0.661468505859375,-1.40533447265625,0.73944091796875,-1.630859375,-10.574559211730957
987,0.4935,-0.0,-0.0,-0.0,-0.0,-0.0,-0.0,-4.097723484039307,30.747011184692383,-586.2904663085938,-171609.015625,48978.08984375,3098.349609375,-1.516883373260498,-7.430703639984131,-53.76934814453125,12723.951171875,4401.34765625,-891.906494140625,-0.0,-0.0,-0.0,-0.0,-0.0,-0.0,0.011138916015625,0.0079345703125,0.0128936767578125,0.01667022705078125,0.01331329345703125,0.0151824951171875,0.01064300537109375,0.02285003662109375,0.0092315673828125,0.0142669677734375,0.0276947021484375,0.013427734375,0.0217437744140625,0.01064300537109375,0.005340576171875,0.0274658203125,0.10528564453125,0.098724365234375,0.09063720703125,0.091400146484375,0.10009765625,0.098419189453125,0.1055908203125,0.09765625,0.09368896484375,0.074462890625,0.09796142578125,0.098419189453125,0.99853515625,1.05438232421875,-0.24169921875,1.7498779296875,8.328269958496094
988,0.494,-0.0,-0.0,-0.0,-0.0,-0.0,-0.0,-4.106730937957764,30.83911895751953,-582.4177856445312,-170348.3125,48686.1171875,3270.92333984375,-2.043348789215088,-8.817230224609375,-58.2965087890625,13129.3603515625,4834.6513671875,-895.620849609375,-0.0,-0.0,-0.0,-0.0,-0.0,-0.0,0.00415802001953125,0.00484466552734375,0.00453948974609375,0.006561279296875,0.0023651123046875,0.0064849853515625,0.00576019287109375,0.00972747802734375,0.0031280517578125,0.00591278076171875,0.0160980224609375,0.001068115234375,0.01079559326171875,0.0035858154296875,-0.000152587890625,0.0096893310546875,0.100555419921875,0.105133056640625,0.1019287109375,0.099029541015625,0.10101318359375,0.09185791015625,0.096588134765625,0.095672607421875,0.098876953125,0.220947265625,0.09857177734375,0.110321044921875,0.722503662109375,1.544189453125,-0.528564453125,1.622314453125,9.24292278289795
989,0.4945,-0.0,-0.0,-0.0,-0.0,-0.0,-0.0,-4.017573833465576,30.743791580200195,-576.8287353515625,-168923.171875,48153.01171875,3181.048583984375,-1.869033694267273,-9.895069122314453,-59.74098205566406,13722.5126953125,5073.13330078125,-895.8059692382812,-0.0,-0.0,-0.0,-0.0,-0.0,-0.0,-0.00743865966796875,-0.009307861328125,-0.0110626220703125,-0.01674652099609375,-0.01125335693359375,-0.016937255859375,-0.0083160400390625,-0.02300262451171875,-0.006103515625,-0.01056671142578125,-0.0240325927734375,-0.0145721435546875,-0.02063751220703125,-0.01155853271484375,-0.00370025634765625,-0.03086090087890625,0.0946044921875,0.10223388671875,0.100555419921875,0.093231201171875,0.10009765625,0.09979248046875,0.098114013671875,0.09796142578125,0.099334716796875,0.09918212890625,0.099029541015625,0.10894775390625,-0.280303955078125,-0.709228515625,0.16357421875,-1.38427734375,0.09639240801334381
990,0.495,-0.0,-0.0,-0.0,-0.0,-0.0,-0.0,-4.275737285614014,30.593994140625,-573.5767822265625,-167550.859375,48013.37109375,3294.746337890625,-1.6093380451202393,-11.30517578125,-62.85963439941406,14283.3701171875,5104.3046875,-1076.1160888671875,-0.0,-0.0,-0.0,-0.0,-0.0,-0.0,-0.0034332275390625,-0.00110626220703125,-0.00171661376953125,-0.0051116943359375,-0.00301361083984375,-0.00682830810546875,-0.0034332275390625,-0.00926971435546875,-0.00202178955078125,-0.0063323974609375,-0.01556396484375,0.00141143798828125,-0.00568389892578125,-0.00278472900390625,-0.00209808349609375,-0.0109100341796875,0.099334716796875,0.099639892578125,0.111236572265625,0.10406494140625,0.106658935546875,0.101165771484375,0.099639892578125,0.11322021484375,0.111083984375,0.11322021484375,0.106048583984375,0.09521484375,-0.754241943359375,-1.61407470703125,0.7708740234375,-0.968475341796875,-3.5622196197509766
991,0.4955,-0.0,-0.0,-0.0,-0.0,-0.0,-0.0,-4.285341262817383,30.664091110229492,-569.602294921875,-166164.796875,47610.2890625,3272.886474609375,-2.205015182495117,-12.440659523010254,-66.31370544433594,15251.732421875,5417.09521484375,-1102.297607421875,-0.0,-0.0,-0.0,-0.0,-0.0,-0.0,0.0079345703125,0.0078582763671875,0.0124359130859375,0.01697540283203125,0.01186370849609375,0.014495849609375,0.01308441162109375,0.0234222412109375,0.00988006591796875,0.01171112060546875,0.0266265869140625,0.0131988525390625,0.0183868408203125,0.01117706298828125,0.00499725341796875,0.02758026123046875,0.0982666015625,0.097503662109375,0.099639892578125,0.09674072265625,0.10162353515625,0.09368896484375,0.094451904296875,0.094146728515625,0.102691650390625,0.13214111328125,0.10040283203125,0.099334716796875,0.488739013671875,0.8160400390625,-0.1043701171875,1.516571044921875,11.681997299194336
992,0.496,-0.0,-0.0,-0.0,-0.0,-0.0,-0.0,-4.199502468109131,30.400070190429688,-566.8014526367188,-164907.921875,47140.15234375,3325.73974609375,-1.698528528213501,-13.922410011291504,-70.2179183959961,15734.8203125,5961.01513671875,-1304.518310546875,-0.0,-0.0,-0.0,-0.0,-0.0,-0.0,0.0060272216796875,0.0045013427734375,0.00530242919921875,0.00598907470703125,0.00316619873046875,0.005950927734375,0.00347137451171875,0.0098419189453125,0.003662109375,0.00850677490234375,0.0176239013671875,0.0028228759765625,0.0104522705078125,0.0020599365234375,0.0006103515625,0.0090789794921875,0.102996826171875,0.09063720703125,0.093994140625,0.097503662109375,0.11138916015625,0.09490966796875,0.120391845703125,0.101470947265625,0.098876953125,0.174713134765625,0.09307861328125,0.117950439453125,1.22100830078125,1.71875,-0.2484130859375,1.44866943359375,6.498963356018066
993,0.4965,-0.0,-0.0,-0.0,-0.0,-0.0,-0.0,-4.717995643615723,30.218589782714844,-559.0704345703125,-163676.40625,46924.8984375,3156.82763671875,-2.388514518737793,-14.658076286315918,-73.67098999023438,16374.4716796875,5882.75537109375,-1309.5233154296875,-0.0,-0.0,-0.0,-0.0,-0.0,-0.0,-0.0093841552734375,-0.0072479248046875,-0.01323699951171875,-0.01674652099609375,-0.01190185546875,-0.01476287841796875,-0.01068115234375,-0.0238037109375,-0.0067138671875,-0.01216888427734375,-0.0255584716796875,-0.013427734375,-0.01873016357421875,-0.0102996826171875,-0.00579833984375,-0.02777099609375,0.09918212890625,0.094757080078125,0.099945068359375,0.09979248046875,0.108642578125,0.09552001953125,0.09979248046875,0.096893310546875,0.08880615234375,0.133819580078125,0.099639892578125,0.067291259765625,-0.31341552734375,-0.5078125,0.32928466796875,-1.223907470703125,-2.342682361602783
994,0.497,-0.0,-0.0,-0.0,-0.0,-0.0,-0.0,-4.549736022949219,30.73624038696289,-554.519775390625,-162281.609375,46457.953125,3211.213134765625,-2.2347240447998047,-15.639690399169922,-75.75255584716797,16843.95703125,6522.85693359375,-1518.4278564453125,-0.0,-0.0,-0.0,-0.0,-0.0,-0.0,-0.00415802001953125,-0.0026702880859375,-0.00400543212890625,-0.0058746337890625,-0.00423431396484375,-0.00530242919921875,-0.00408172607421875,-0.005950927734375,-0.00293731689453125,-0.00732421875,-0.01354217529296875,-0.00152587890625,-0.00888824462890625,-0.0042724609375,-0.00091552734375,-0.008697509765625,0.10345458984375,0.10528564453125,0.092315673828125,0.09002685546875,0.09918212890625,0.09124755859375,0.10711669921875,0.09613037109375,0.095977783203125,0.05035400390625,0.096435546875,0.08087158203125,-0.79132080078125,-1.2969970703125,0.6732177734375,-1.222686767578125,-0.5133762359619141
995,0.4975,-0.0,-0.0,-0.0,-0.0,-0.0,-0.0,-4.481662750244141,30.589326858520508,-548.5581665039062,-160601.359375,46045.1328125,3103.293701171875,-2.821378707885742,-16.505781173706055,-79.90103912353516,17608.43359375,6544.97998046875,-1812.22119140625,-0.0,-0.0,-0.0,-0.0,-0.0,-0.0,0.009002685546875,0.009307861328125,0.0136566162109375,0.0170135498046875,0.0110626220703125,0.01628875732421875,0.00598907470703125,0.02471923828125,0.00682830810546875,0.0119781494140625,0.02338409423828125,0.014190673828125,0.0199127197265625,0.0122833251953125,0.00553131103515625,0.0296783447265625,0.097198486328125,0.0994873046875,0.112457275390625,0.090789794921875,0.09063720703125,0.103302001953125,0.082550048828125,0.0994873046875,0.103759765625,0.059051513671875,0.09002685546875,0.103607177734375,0.495758056640625,0.706787109375,-0.1715087890625,1.626129150390625,11.681997299194336
996,0.498,-0.0,-0.0,-0.0,-0.0,-0.0,-0.0,-4.485657215118408,30.051294326782227,-544.6319580078125,-158888.515625,45806.328125,3216.42578125,-3.1935882568359375,-18.003524780273438,-82.7071304321289,18221.43359375,6769.23193359375,-1901.791259765625,-0.0,-0.0,-0.0,-0.0,-0.0,-0.0,0.00278472900390625,0.00274658203125,0.00385284423828125,0.00667572021484375,0.00308990478515625,0.00762939453125,0.002899169921875,0.00823974609375,0.00110626220703125,0.00591278076171875,0.01392364501953125,0.001220703125,0.0083160400390625,0.0046539306640625,0.00152587890625,0.00896453857421875,0.095672607421875,0.095672607421875,0.100555419921875,0.0994873046875,0.096435546875,0.102081298828125,0.109405517578125,0.091094970703125,0.104217529296875,0.11077880859375,0.09429931640625,0.10528564453125,0.821990966796875,1.4532470703125,-0.33721923828125,1.20880126953125,7.71850061416626
997,0.4985,-0.0,-0.0,-0.0,-0.0,-0.0,-0.0,-4.902935028076172,29.969654083251953,-538.3904418945312,-157446.9375,45642.33984375,3152.0634765625,-3.534060001373291,-18.5403995513916,-85.1788558959961,18965.73828125,7207.02099609375,-2055.242919921875,-0.0,-0.0,-0.0,-0.0,-0.0,-0.0,-0.0099945068359375,-0.0078582763671875,-0.0131988525390625,-0.01739501953125,-0.011138916015625,-0.01399993896484375,-0.00946044921875,-0.0228118896484375,-0.00766754150390625,-0.0112152099609375,-0.02567291259765625,-0.01010894775390625,-0.02025604248046875,-0.01026153564453125,-0.003814697265625,-0.0299072265625,0.101776123046875,0.10040283203125,0.10406494140625,0.102691650390625,0.10955810546875,0.112152099609375,0.066680908203125,0.09735107421875,0.103759765625,0.03387451171875,0.10589599609375,0.111236572265625,-0.477142333984375,-0.6072998046875,0.7843017578125,-1.350555419921875,-0.20849192142486572
998,0.499,-0.0,-0.0,-0.0,-0.0,-0.0,-0.0,-4.646398544311523,30.308059692382812,-533.405029296875,-155990.140625,45069.28125,3013.33935546875,-3.352633476257324,-20.37669563293457,-88.71343994140625,19735.1875,7283.19140625,-2112.477783203125,-0.0,-0.0,-0.0,-0.0,-0.0,-0.0,-0.0058746337890625,-0.0035858154296875,-0.0037384033203125,-0.0035858154296875,-0.0029754638671875,-0.00499725341796875,-0.0043487548828125,-0.007476806640625,-0.0032806396484375,-0.00988006591796875,-0.0153350830078125,-0.00316619873046875,-0.00640869140625,-0.00125885009765625,-0.00041961669921875,-0.00896453857421875,0.09490966796875,0.096588134765625,0.0994873046875,0.09735107421875,0.10406494140625,0.0927734375,0.09307861328125,0.099639892578125,0.106353759765625,0.089874267578125,0.093231201171875,0.095062255859375,-1.351470947265625,-1.5380859375,0.44189453125,-1.436004638671875,0.09639240801334381
999,0.4995,-0.0,-0.0,-0.0,-0.0,-0.0,-0.0,-4.8325419425964355,30.129865646362305,-531.152587890625,-154765.3125,44262.33203125,3149.59033203125,-3.563401222229004,-20.49435806274414,-92.8448715209961,20281.025390625,7568.35595703125,-2170.7119140625,-0.0,-0.0,-0.0,-0.0,-0.0,-0.0,0.01129150390625,0.00728607177734375,0.01361846923828125,0.01544952392578125,0.012969970703125,0.01468658447265625,0.00965118408203125,0.02529144287109375,0.0074005126953125,0.0136566162109375,0.02445220947265625,0.013275146484375,0.02132415771484375,0.01087188720703125,0.0049591064453125,0.028076171875,0.09765625,0.1031494140625,0.0970458984375,0.100555419921875,0.084228515625,0.09429931640625,0.090789794921875,0.09429931640625,0.098876953125,0.101776123046875,0.105743408203125,0.123291015625,0.701446533203125,0.51971435546875,-0.3631591796875,1.586761474609375,10.76734447479248
1000,0.5,-0.0,-0.0,-0.0,-0.0,-0.0,-0.0,-4.988095760345459,29.866371154785156,-525.8544311523438,-153156.296875,44223.8515625,3154.389404296875,-3.4597206115722656,-21.907556533813477,-96.6701889038086,21013.626953125,7851.0595703125,-2405.736328125,-0.0,-0.0,-0.0,-0.0,-0.0,-0.0,0.0032806396484375,0.003509521484375,0.0031280517578125,0.00682830810546875,0.00400543212890625,0.0072479248046875,0.0055694580078125,0.0080108642578125,-7.62939453125e-05,0.00598907470703125,0.0167083740234375,-0.000152587890625,0.00965118408203125,0.0045013427734375,0.00049591064453125,0.00965118408203125,0.093231201171875,0.10162353515625,0.105743408203125,0.0933837890625,0.104217529296875,0.1007080078125,0.081329345703125,0.10223388671875,0.102386474609375,0.1959228515625,0.10009765625,0.067138671875,0.93780517578125,1.871337890625,-0.5999755859375,1.435394287109375,8.328269958496094
1001,0.5005000000000001,-0.0,-0.0,-0.0,-0.0,-0.0,-0.0,-5.0036468505859375,29.94781494140625,-521.6622924804688,-151990.375,44037.6953125,3122.64208984375,-3.8106863498687744,-22.598770141601562,-99.53873443603516,21527.427734375,8302.6279296875,-2380.27685546875,-0.0,-0.0,-0.0,-0.0,-0.0,-0.0,-0.00888824462890625,-0.00823974609375,-0.01171112060546875,-0.01743316650390625,-0.01026153564453125,-0.0142669677734375,-0.00926971435546875,-0.02376556396484375,-0.00759124755859375,-0.01110076904296875,-0.0238800048828125,-0.01155853271484375,-0.01800537109375,-0.01079559326171875,-0.002899169921875,-0.0296783447265625,0.097808837890625,0.098724365234375,0.09521484375,0.10345458984375,0.09918212890625,0.097808837890625,0.088958740234375,0.1007080078125,0.0982666015625,0.06622314453125,0.102081298828125,0.092315673828125,-0.10101318359375,-0.28167724609375,0.4058837890625,-1.287841796875,-1.1231448650360107
1002,0.501,-0.0,-0.0,-0.0,-0.0,-0.0,-0.0,-4.825331687927246,29.58731460571289,-517.0869750976562,-150962.65625,43865.078125,3103.4697265625,-3.729783058166504,-23.742881774902344,-104.3189926147461,22707.6875,8093.59765625,-2393.6337890625,-0.0,-0.0,-0.0,-0.0,-0.0,-0.0,-0.002899169921875,-0.0029754638671875,-0.0035858154296875,-0.00568389892578125,-0.0025177001953125,-0.00457763671875,-0.00255584716796875,-0.008392333984375,-0.00110626220703125,-0.0067138671875,-0.015411376953125,-0.003814697265625,-0.00926971435546875,-0.00156402587890625,0.00080108642578125,-0.00774383544921875,0.101318359375,0.0994873046875,0.0927734375,0.096588134765625,0.077362060546875,0.10223388671875,0.104217529296875,0.098114013671875,0.1007080078125,0.09765625,0.096282958984375,0.1171875,-0.645751953125,-1.64459228515625,0.37017822265625,-1.437530517578125,-2.95245099067688
1003,0.5015000000000001,-0.0,-0.0,-0.0,-0.0,-0.0,-0.0,-4.634881496429443,29.66823959350586,-512.7850952148438,-149292.890625,43409.625,3205.959716796875,-2.5886623859405518,-25.047405242919922,-109.58622741699219,23515.66796875,8428.1171875,-2348.97900390625,-0.0,-0.0,-0.0,-0.0,-0.0,-0.0,0.0078582763671875,0.00904083251953125,0.01308441162109375,0.01743316650390625,0.01216888427734375,0.0171661376953125,0.01049041748046875,0.02490997314453125,0.00766754150390625,0.0140380859375,0.0232696533203125,0.0121307373046875,0.02017974853515625,0.01064300537109375,0.006103515625,0.02986907958984375,0.09490966796875,0.095367431640625,0.10162353515625,0.09552001953125,0.110931396484375,0.094146728515625,0.10589599609375,0.099639892578125,0.097198486328125,0.203399658203125,0.10894775390625,0.091552734375,0.79315185546875,0.819091796875,-0.35003662109375,1.3751220703125,11.377113342285156
1004,0.502,-0.0,-0.0,-0.0,-0.0,-0.0,-0.0,-5.072601795196533,28.98802375793457,-508.54638671875,-148167.140625,43032.76953125,3153.697021484375,-2.2300078868865967,-25.773685455322266,-114.3772201538086,24672.470703125,8462.4091796875,-2228.843017578125,-0.0,-0.0,-0.0,-0.0,-0.0,-0.0,0.003662109375,0.003662109375,0.00331878662109375,0.00514984130859375,0.00354766845703125,0.0055694580078125,0.00560760498046875,0.00850677490234375,0.00331878662109375,0.0026702880859375,0.015106201171875,0.00431060791015625,0.0104522705078125,0.00446319580078125,0.0005340576171875,0.00888824462890625,0.10711669921875,0.106048583984375,0.099334716796875,0.102996826171875,0.107421875,0.099334716796875,0.129241943359375,0.100250244140625,0.10040283203125,0.07476806640625,0.10528564453125,0.08880615234375,0.7763671875,1.62445068359375,-0.15289306640625,1.7584228515625,9.24292278289795
1005,0.5025000000000001,-0.0,-0.0,-0.0,-0.0,-0.0,-0.0,-5.161652565002441,28.988290786743164,-502.3378601074219,-146878.1875,43056.5546875,3206.715087890625,-1.9681665897369385,-26.67314910888672,-118.378662109375,25718.3046875,8802.619140625,-2152.276611328125,-0.0,-0.0,-0.0,-0.0,-0.0,-0.0,-0.0106048583984375,-0.00827789306640625,-0.0130462646484375,-0.015869140625,-0.012664794921875,-0.01308441162109375,-0.00949859619140625,-0.02231597900390625,-0.00823974609375,-0.0102996826171875,-0.02674102783203125,-0.01308441162109375,-0.02132415771484375,-0.011138916015625,-0.0048065185546875,-0.0295257568359375,0.10040283203125,0.10284423828125,0.089874267578125,0.10009765625,0.1031494140625,0.09735107421875,0.106048583984375,0.097808837890625,0.102081298828125,0.112152099609375,0.09857177734375,0.110626220703125,-0.309295654296875,-0.78643798828125,0.47760009765625,-1.374053955078125,-0.5133762359619141
1006,0.503,-0.0,-0.0,-0.0,-0.0,-0.0,-0.0,-5.182746410369873,29.154170989990234,-499.3795166015625,-145923.890625,42489.16015625,3145.46533203125,-2.298050880432129,-27.74140167236328,-124.58077239990234,26900.880859375,8749.5126953125,-2154.357177734375,-0.0,-0.0,-0.0,-0.0,-0.0,-0.0,-0.00469207763671875,-3.814697265625e-05,-0.00385284423828125,-0.0038909912109375,-0.0040435791015625,-0.00522613525390625,-0.00041961669921875,-0.007171630859375,-0.00255584716796875,-0.0095367431640625,-0.0146484375,-0.00400543212890625,-0.0104522705078125,-0.00194549560546875,0.00133514404296875,-0.00713348388671875,0.08758544921875,0.092926025390625,0.100250244140625,0.0994873046875,0.106048583984375,0.099639892578125,0.098114013671875,0.099639892578125,0.098419189453125,0.10589599609375,0.097808837890625,0.098876953125,-0.870819091796875,-1.5814208984375,0.3924560546875,-1.501007080078125,1.3159297704696655
1007,0.5035000000000001,-0.0,-0.0,-0.0,-0.0,-0.0,-0.0,-4.8260393142700195,29.07383918762207,-496.4508361816406,-144271.75,42145.92578125,3143.755615234375,-2.555485963821411,-29.12057876586914,-129.81698608398438,27993.328125,9190.798828125,-2352.67333984375,-0.0,-0.0,-0.0,-0.0,-0.0,-0.0,0.00766754150390625,0.00865936279296875,0.01384735107421875,0.01678466796875,0.01224517822265625,0.01712799072265625,0.0099945068359375,0.02593994140625,0.0078582763671875,0.013275146484375,0.024261474609375,0.0140380859375,0.01926422119140625,0.009918212890625,0.00453948974609375,0.0289154052734375,0.100555419921875,0.102386474609375,0.102691650390625,0.09490966796875,0.108489990234375,0.10345458984375,0.106964111328125,0.09857177734375,0.09796142578125,0.1470947265625,0.1007080078125,0.09918212890625,0.423431396484375,0.76629638671875,0.09033203125,1.26495361328125,9.852691650390625
1008,0.504,-0.0,-0.0,-0.0,-0.0,-0.0,-0.0,-5.241476535797119,29.47146987915039,-490.56695556640625,-142746.234375,41943.046875,2978.68359375,-2.0533509254455566,-29.85272979736328,-134.4404296875,29401.080078125,9269.28125,-2411.830078125,-0.0,-0.0,-0.0,-0.0,-0.0,-0.0,0.00476837158203125,0.00301361083984375,0.00423431396484375,0.00362396240234375,0.00385284423828125,0.0052642822265625,0.0012969970703125,0.00827789306640625,0.0042724609375,0.00995635986328125,0.0171661376953125,0.00232696533203125,0.00701904296875,0.003204345703125,0.00087738037109375,0.00728607177734375,0.099029541015625,0.100555419921875,0.100250244140625,0.10345458984375,0.096435546875,0.1019287109375,0.10894775390625,0.0927734375,0.095672607421875,0.032196044921875,0.0921630859375,0.106048583984375,1.209564208984375,2.1087646484375,-0.4705810546875,1.28570556640625,8.93803882598877
1009,0.5045000000000001,-0.0,-0.0,-0.0,-0.0,-0.0,-0.0,-5.334744453430176,28.96738052368164,-484.6336669921875,-141161.421875,41241.0625,2953.453125,-2.3907744884490967,-30.64322853088379,-141.3368682861328,30885.517578125,9429.4638671875,-2375.22216796875,-0.0,-0.0,-0.0,-0.0,-0.0,-0.0,-0.00865936279296875,-0.00873565673828125,-0.01255035400390625,-0.01617431640625,-0.010986328125,-0.015716552734375,-0.009613037109375,-0.02471923828125,-0.00675201416015625,-0.01491546630859375,-0.0225830078125,-0.01491546630859375,-0.018157958984375,-0.01129150390625,-0.0037384033203125,-0.0287628173828125,0.097808837890625,0.098724365234375,0.09490966796875,0.0921630859375,0.0927734375,0.1055908203125,0.087738037109375,0.10284423828125,0.10009765625,0.125579833984375,0.084381103515625,0.07049560546875,-0.347137451171875,-0.4193115234375,0.1739501953125,-1.35833740234375,-2.0377979278564453
1010,0.505,-0.0,-0.0,-0.0,-0.0,-0.0,-0.0,-5.142536163330078,29.310340881347656,-480.28887939453125,-140340.78125,41010.4765625,2923.01025390625,-1.9292892217636108,-31.725284576416016,-145.6490020751953,32014.392578125,9182.6279296875,-2324.719970703125,-0.0,-0.0,-0.0,-0.0,-0.0,-0.0,-0.00255584716796875,-0.0031280517578125,-0.00377655029296875,-0.00507354736328125,-0.00377655029296875,-0.0051116943359375,-0.0042724609375,-0.00568389892578125,-0.00091552734375,-0.00850677490234375,-0.01506805419921875,-0.00244140625,-0.0070953369140625,-0.00370025634765625,0.00030517578125,-0.007171630859375,0.100860595703125,0.095977783203125,0.096893310546875,0.094146728515625,0.100555419921875,0.09552001953125,0.07720947265625,0.094757080078125,0.1019287109375,0.072174072265625,0.083465576171875,0.098876953125,-1.00311279296875,-1.44378662109375,0.33599853515625,-1.083526611328125,0.40127673745155334
1011,0.5055000000000001,-0.0,-0.0,-0.0,-0.0,-0.0,-0.0,-4.968142986297607,28.610858917236328,-474.3936462402344,-138615.921875,40842.5,3088.839599609375,-1.6718488931655884,-32.75828552246094,-153.18797302246094,33153.23046875,9361.4091796875,-2149.88720703125,-0.0,-0.0,-0.0,-0.0,-0.0,-0.0,0.00980377197265625,0.0099945068359375,0.01438140869140625,0.01712799072265625,0.0145721435546875,0.01590728759765625,0.01262664794921875,0.02361297607421875,0.00713348388671875,0.0125885009765625,0.024261474609375,0.0193023681640625,0.0217437744140625,0.01331329345703125,0.0054931640625,0.0293731689453125,0.10101318359375,0.101776123046875,0.10833740234375,0.1129150390625,0.10162353515625,0.1043701171875,0.111541748046875,0.103912353515625,0.105438232421875,0.0836181640625,0.10223388671875,0.106353759765625,0.677642822265625,0.69854736328125,0.35400390625,1.839141845703125,8.328269958496094
1012,0.506,-0.0,-0.0,-0.0,-0.0,-0.0,-0.0,-4.99578857421875,28.165206909179688,-471.51373291015625,-136981.328125,40185.015625,3005.268310546875,-0.7143054604530334,-33.62297439575195,-157.3946533203125,34256.97265625,9252.8935546875,-2124.462890625,-0.0,-0.0,-0.0,-0.0,-0.0,-0.0,0.003509521484375,0.00232696533203125,0.0026702880859375,0.0046539306640625,0.0040435791015625,0.0051116943359375,0.00293731689453125,0.006866455078125,0.00194549560546875,0.00339508056640625,0.0144195556640625,-0.0002288818359375,0.01003265380859375,0.0042724609375,0.00118255615234375,0.0083160400390625,0.0921630859375,0.09765625,0.09735107421875,0.09521484375,0.077056884765625,0.09979248046875,0.104522705078125,0.09735107421875,0.098114013671875,-0.003814697265625,0.1043701171875,0.0921630859375,0.697479248046875,1.43798828125,-0.521240234375,1.591644287109375,7.71850061416626
1013,0.5065000000000001,-0.0,-0.0,-0.0,-0.0,-0.0,-0.0,-4.732885360717773,28.244890213012695,-466.4758605957031,-135313.328125,39728.57421875,2746.724365234375,-0.2567887306213379,-34.1572380065918,-161.95118713378906,35280.05078125,9123.2490234375,-1846.466796875,-0.0,-0.0,-0.0,-0.0,-0.0,-0.0,-0.0079345703125,-0.008087158203125,-0.01247406005859375,-0.01621246337890625,-0.0131988525390625,-0.01422882080078125,-0.01068115234375,-0.021514892578125,-0.0087738037109375,-0.0093841552734375,-0.0238800048828125,-0.01445770263671875,-0.02025604248046875,-0.01190185546875,-0.0054931640625,-0.030059814453125,0.096893310546875,0.09857177734375,0.0958251953125,0.09613037109375,0.1092529296875,0.102996826171875,0.081024169921875,0.095977783203125,0.099945068359375,0.1422119140625,0.091705322265625,0.09918212890625,-0.5108642578125,-0.51177978515625,0.240478515625,-1.471405029296875,-3.5622196197509766
1014,0.507,-0.0,-0.0,-0.0,-0.0,-0.0,-0.0,-4.151793003082275,27.996559143066406,-459.84027099609375,-134061.921875,39633.27734375,2808.06640625,0.3643515408039093,-35.58890914916992,-167.96063232421875,36742.8359375,9296.60546875,-1796.57177734375,-0.0,-0.0,-0.0,-0.0,-0.0,-0.0,-0.00354766845703125,-0.00194549560546875,-0.0023651123046875,-0.0030517578125,-0.00370025634765625,-0.00392913818359375,-0.003509521484375,-0.0079345703125,-0.00152587890625,-0.002593994140625,-0.0128173828125,-0.00156402587890625,-0.00713348388671875,-0.0028228759765625,-0.00141143798828125,-0.00720977783203125,0.098114013671875,0.09735107421875,0.09674072265625,0.09185791015625,0.099945068359375,0.103302001953125,0.11444091796875,0.101318359375,0.09765625,0.1385498046875,0.103302001953125,0.09185791015625,-0.40008544921875,-1.39678955078125,0.44769287109375,-1.1773681640625,-2.0377979278564453
1015,0.5075000000000001,-0.0,-0.0,-0.0,-0.0,-0.0,-0.0,-4.723293304443359,27.461881637573242,-453.5022888183594,-132212.046875,39012.45703125,2946.08251953125,0.9662054777145386,-36.407676696777344,-172.44305419921875,37920.703125,9447.1962890625,-1499.798828125,-0.0,-0.0,-0.0,-0.0,-0.0,-0.0,0.00911712646484375,0.00820159912109375,0.0128936767578125,0.01529693603515625,0.0119781494140625,0.01583099365234375,0.0109100341796875,0.02349853515625,0.00865936279296875,0.014190673828125,0.0267791748046875,0.01434326171875,0.02017974853515625,0.0102996826171875,0.005950927734375,0.0283050537109375,0.097808837890625,0.098724365234375,0.096893310546875,0.093536376953125,0.1043701171875,0.09307861328125,0.087127685546875,0.098876953125,0.099639892578125,0.057373046875,0.1007080078125,0.08331298828125,0.8514404296875,1.11602783203125,0.07232666015625,1.482391357421875,9.547806739807129
1016,0.508,-0.0,-0.0,-0.0,-0.0,-0.0,-0.0,-4.376245975494385,27.27882957458496,-449.225341796875,-130971.6484375,38731.84765625,3005.923095703125,1.0742768049240112,-37.79682922363281,-179.01885986328125,39080.28125,8807.69140625,-1552.9962158203125,-0.0,-0.0,-0.0,-0.0,-0.0,-0.0,0.00274658203125,0.0035858154296875,0.0042724609375,0.0052642822265625,0.00091552734375,0.003662109375,0.00316619873046875,0.00751495361328125,0.0031280517578125,0.00354766845703125,0.01544952392578125,0.00049591064453125,0.00762939453125,0.0022125244140625,0.00133514404296875,0.008544921875,0.094451904296875,0.095672607421875,0.1007080078125,0.10345458984375,0.113677978515625,0.091552734375,0.09613037109375,0.0958251953125,0.1019287109375,0.115509033203125,0.09735107421875,0.093994140625,0.74859619140625,1.73126220703125,-0.4058837890625,1.44317626953125,7.413616180419922
1017,0.5085000000000001,-0.0,-0.0,-0.0,-0.0,-0.0,-0.0,-4.406412601470947,26.59091567993164,-442.3202209472656,-129603.59375,38531.4375,2945.2451171875,1.2716875076293945,-39.18522262573242,-183.90536499023438,40466.55078125,8742.7705078125,-1460.9293212890625,-0.0,-0.0,-0.0,-0.0,-0.0,-0.0,-0.0075531005859375,-0.006866455078125,-0.01251220703125,-0.0148773193359375,-0.012359619140625,-0.01453399658203125,-0.0116729736328125,-0.02452850341796875,-0.00873565673828125,-0.01110076904296875,-0.02185821533203125,-0.01712799072265625,-0.017242431640625,-0.0099945068359375,-0.003814697265625,-0.0290679931640625,0.10009765625,0.101470947265625,0.093536376953125,0.099029541015625,0.104522705078125,0.1031494140625,0.10223388671875,0.101165771484375,0.098419189453125,0.13824462890625,0.0897216796875,0.090789794921875,-0.29449462890625,-0.25634765625,0.054931640625,-1.186065673828125,-2.0377979278564453
1018,0.509,-0.0,-0.0,-0.0,-0.0,-0.0,-0.0,-4.965386867523193,26.917381286621094,-439.7491760253906,-127865.140625,37872.390625,2861.23193359375,2.2127606868743896,-40.098045349121094,-188.48272705078125,41437.18359375,9177.072265625,-1233.2113037109375,-0.0,-0.0,-0.0,-0.0,-0.0,-0.0,-0.0038909912109375,-0.0005340576171875,-0.0025177001953125,-0.00507354736328125,-0.00469207763671875,-0.00484466552734375,-0.0008392333984375,-0.00705718994140625,-0.00064849853515625,-0.0087738037109375,-0.01495361328125,-0.00030517578125,-0.00949859619140625,-0.00240325927734375,0.00179290771484375,-0.0063323974609375,0.106964111328125,0.10284423828125,0.102691650390625,0.1116943359375,0.10101318359375,0.093536376953125,0.095367431640625,0.107574462890625,0.10284423828125,0.103302001953125,0.110321044921875,0.116424560546875,-1.1163330078125,-1.5972900390625,0.6781005859375,-1.245269775390625,-4.171988487243652
1019,0.5095000000000001,-0.0,-0.0,-0.0,-0.0,-0.0,-0.0,-4.644096374511719,25.894123077392578,-433.7457275390625,-126383.9375,37585.40625,2775.9970703125,2.985619306564331,-41.937599182128906,-193.69898986816406,42664.96484375,9046.4541015625,-1252.716064453125,-0.0,-0.0,-0.0,-0.0,-0.0,-0.0,0.00911712646484375,0.00942230224609375,0.0131988525390625,0.018463134765625,0.01178741455078125,0.01674652099609375,0.0090789794921875,0.0249481201171875,0.00598907470703125,0.012359619140625,0.023956298828125,0.01308441162109375,0.0197601318359375,0.01163482666015625,0.00591278076171875,0.02895355224609375,0.09307861328125,0.09552001953125,0.091552734375,0.098419189453125,0.09765625,0.086212158203125,0.09246826171875,0.101776123046875,0.1007080078125,0.133209228515625,0.0933837890625,0.1104736328125,0.59295654296875,0.582275390625,-0.355224609375,1.4593505859375,18.694337844848633
1020,0.51,-0.0,-0.0,-0.0,-0.0,-0.0,-0.0,-4.638946533203125,25.76911163330078,-429.6754150390625,-124808.9609375,37402.453125,2887.796630859375,3.3555350303649902,-43.33513641357422,-198.95550537109375,43413.8828125,9064.7294921875,-1086.8753662109375,-0.0,-0.0,-0.0,-0.0,-0.0,-0.0,0.0023651123046875,0.00152587890625,0.00335693359375,0.0061798095703125,0.004119873046875,0.003662109375,0.00316619873046875,0.0055694580078125,0.0020599365234375,0.00545501708984375,0.01415252685546875,0.00118255615234375,0.00762939453125,0.002593994140625,-0.00164031982421875,0.0074005126953125,0.1025390625,0.092620849609375,0.10009765625,0.0933837890625,0.108795166015625,0.088958740234375,0.1092529296875,0.099334716796875,0.10162353515625,0.115509033203125,0.096282958984375,0.0958251953125,0.913543701171875,1.46636962890625,-0.5731201171875,1.21856689453125,6.803847789764404
1021,0.5105000000000001,-0.0,-0.0,-0.0,-0.0,-0.0,-0.0,-4.371315002441406,25.758686065673828,-425.5401306152344,-123522.0078125,37328.10546875,2824.0546875,3.6215100288391113,-44.493377685546875,-202.87759399414062,44587.6171875,9093.9638671875,-992.8662109375,-0.0,-0.0,-0.0,-0.0,-0.0,-0.0,-0.0072479248046875,-0.00888824462890625,-0.0119781494140625,-0.01583099365234375,-0.01262664794921875,-0.0151824951171875,-0.00957489013671875,-0.0238800048828125,-0.00823974609375,-0.01110076904296875,-0.0235748291015625,-0.01438140869140625,-0.0152587890625,-0.0127410888671875,-0.00522613525390625,-0.03047943115234375,0.09765625,0.10467529296875,0.100555419921875,0.096893310546875,0.096893310546875,0.10009765625,0.0970458984375,0.098419189453125,0.09979248046875,0.094757080078125,0.09674072265625,0.077667236328125,-0.367279052734375,-0.6085205078125,0.36834716796875,-1.028594970703125,-4.171988487243652
1022,0.511,-0.0,-0.0,-0.0,-0.0,-0.0,-0.0,-4.722804069519043,24.999296188354492,-418.4758605957031,-121750.6640625,36630.32421875,2731.04296875,3.381596088409424,-45.74009323120117,-205.40530395507812,45066.20703125,9012.7548828125,-895.5942993164062,-0.0,-0.0,-0.0,-0.0,-0.0,-0.0,-0.00179290771484375,-3.814697265625e-05,-0.0019073486328125,-0.00339508056640625,-0.0022125244140625,-0.00476837158203125,-0.00255584716796875,-0.0069427490234375,-0.00194549560546875,-0.004730224609375,-0.0113677978515625,0.0016021728515625,-0.0086212158203125,-0.0020599365234375,-0.001220703125,-0.005645751953125,0.09979248046875,0.101318359375,0.09674072265625,0.099639892578125,0.110931396484375,0.10040283203125,0.11016845703125,0.10406494140625,0.0921630859375,0.113677978515625,0.0958251953125,0.088043212890625,-0.68634033203125,-1.08673095703125,0.76904296875,-1.284027099609375,-0.5133762359619141
1023,0.5115000000000001,-0.0,-0.0,-0.0,-0.0,-0.0,-0.0,-4.7011284828186035,24.705324172973633,-414.15167236328125,-120692.421875,36357.046875,2769.9814453125,3.835946559906006,-47.43939208984375,-211.5227508544922,45956.8046875,8420.466796875,-644.7791137695312,-0.0,-0.0,-0.0,-0.0,-0.0,-0.0,0.00888824462890625,0.0091552734375,0.013427734375,0.016937255859375,0.01102447509765625,0.016937255859375,0.0109100341796875,0.0238037109375,0.00736236572265625,0.01377105712890625,0.0251007080078125,0.01506805419921875,0.020294189453125,0.0106048583984375,0.00743865966796875,0.02849578857421875,0.095367431640625,0.092315673828125,0.09979248046875,0.10345458984375,0.10040283203125,0.094146728515625,0.08819580078125,0.0946044921875,0.092620849609375,0.055999755859375,0.096893310546875,0.086822509765625,0.780029296875,0.416259765625,0.0640869140625,1.50543212890625,11.07222843170166
1024,0.512,-0.0,-0.0,-0.0,-0.0,-0.0,-0.0,-4.711736679077148,24.789188385009766,-406.66180419921875,-119426.46875,36129.0078125,2879.842041015625,4.252704620361328,-48.46166229248047,-213.723388671875,47216.9609375,8320.7587890625,-689.74755859375,-0.0,-0.0,-0.0,-0.0,-0.0,-0.0,0.00385284423828125,0.00324249267578125,0.0032806396484375,0.0058746337890625,0.0030517578125,0.0020599365234375,0.00400543212890625,0.00606536865234375,0.0032806396484375,0.0074005126953125,0.01617431640625,-0.00019073486328125,0.00774383544921875,0.001220703125,0.00034332275390625,0.00812530517578125,0.092926025390625,0.1007080078125,0.096282958984375,0.099945068359375,0.10467529296875,0.10101318359375,0.08880615234375,0.10101318359375,0.1007080078125,0.140533447265625,0.10467529296875,0.08270263671875,1.11480712890625,1.74072265625,-0.4620361328125,1.435394287109375,9.547806739807129
1025,0.5125,-0.0,-0.0,-0.0,-0.0,-0.0,-0.0,-4.722600936889648,24.499757766723633,-404.4130554199219,-117731.5390625,35732.6484375,2963.583251953125,4.263613224029541,-49.27803039550781,-218.15487670898438,47907.8046875,8384.318359375,-576.7762451171875,-0.0,-0.0,-0.0,-0.0,-0.0,-0.0,-0.00812530517578125,-0.0086212158203125,-0.013275146484375,-0.01583099365234375,-0.01220703125,-0.01338958740234375,-0.0095367431640625,-0.0215911865234375,-0.00904083251953125,-0.01068115234375,-0.0246429443359375,-0.0118255615234375,-0.01781463623046875,-0.01003265380859375,-0.00385284423828125,-0.0299835205078125,0.09979248046875,0.1043701171875,0.097808837890625,0.095672607421875,0.104827880859375,0.10528564453125,0.12451171875,0.104217529296875,0.1007080078125,0.125885009765625,0.10009765625,0.116729736328125,-0.173797607421875,-0.50384521484375,0.60211181640625,-1.0491943359375,1.9256983995437622
1026,0.513,-0.0,-0.0,-0.0,-0.0,-0.0,-0.0,-5.084999084472656,24.482839584350586,-398.52020263671875,-116140.4375,35302.0390625,2753.5263671875,4.596316814422607,-50.24951934814453,-220.96929931640625,48714.484375,8058.103515625,-543.4472045898438,-0.0,-0.0,-0.0,-0.0,-0.0,-0.0,-0.00225067138671875,-0.00244140625,-0.00118255615234375,-0.0037384033203125,-0.00324249267578125,-0.00606536865234375,-0.00370025634765625,-0.00518798828125,-0.00179290771484375,-0.00713348388671875,-0.01583099365234375,-0.0017547607421875,-0.0069427490234375,-0.00301361083984375,0.0005340576171875,-0.00591278076171875,0.10040283203125,0.10101318359375,0.092620849609375,0.09185791015625,0.09307861328125,0.091705322265625,0.1007080078125,0.09552001953125,0.087432861328125,0.07720947265625,0.100250244140625,0.108489990234375,-1.15264892578125,-1.6400146484375,0.247802734375,-0.89019775390625,-2.95245099067688
1027,0.5135,-0.0,-0.0,-0.0,-0.0,-0.0,-0.0,-4.9673285484313965,23.964704513549805,-394.1488037109375,-114689.171875,35132.75390625,3019.56103515625,4.862202167510986,-50.641963958740234,-223.15220642089844,49377.43359375,8069.830078125,-428.4670715332031,-0.0,-0.0,-0.0,-0.0,-0.0,-0.0,0.00865936279296875,0.00823974609375,0.01323699951171875,0.01590728759765625,0.0118255615234375,0.012969970703125,0.00949859619140625,0.02285003662109375,0.00926971435546875,0.0084686279296875,0.02475738525390625,0.01377105712890625,0.016326904296875,0.01178741455078125,0.0038909912109375,0.03101348876953125,0.098724365234375,0.09796142578125,0.099334716796875,0.09246826171875,0.1031494140625,0.0921630859375,0.10009765625,0.09979248046875,0.09735107421875,0.114288330078125,0.097503662109375,0.10345458984375,-0.0909423828125,0.625,-0.1715087890625,1.176300048828125,10.4624605178833
1028,0.514,-0.0,-0.0,-0.0,-0.0,-0.0,-0.0,-5.17996883392334,23.947307586669922,-390.61700439453125,-113469.53125,34922.0625,2977.953369140625,5.150922775268555,-51.23792266845703,-229.34776306152344,50268.875,7792.859375,-250.4736785888672,-0.0,-0.0,-0.0,-0.0,-0.0,-0.0,0.00514984130859375,0.00194549560546875,0.00263214111328125,0.003662109375,0.002288818359375,0.00518798828125,0.00270843505859375,0.0087738037109375,0.00171661376953125,0.007476806640625,0.01529693603515625,0.0002288818359375,0.009002685546875,0.00255584716796875,0.00209808349609375,0.00576019287109375,0.093994140625,0.102996826171875,0.096893310546875,0.104217529296875,0.09552001953125,0.093994140625,0.109710693359375,0.092315673828125,0.10223388671875,0.106048583984375,0.093536376953125,0.103607177734375,1.234588623046875,2.0013427734375,-0.389404296875,1.46331787109375,11.07222843170166
1029,0.5145,-0.0,-0.0,-0.0,-0.0,-0.0,-0.0,-5.007413387298584,23.441295623779297,-386.33282470703125,-112594.7578125,34983.7109375,3006.774658203125,5.594529628753662,-51.76223373413086,-231.3517303466797,51016.9609375,7573.93212890625,-190.99853515625,-0.0,-0.0,-0.0,-0.0,-0.0,-0.0,-0.00843048095703125,-0.0081634521484375,-0.01308441162109375,-0.01598358154296875,-0.010528564453125,-0.01537322998046875,-0.00823974609375,-0.0257110595703125,-0.0058746337890625,-0.0110626220703125,-0.02140045166015625,-0.0122833251953125,-0.01720428466796875,-0.009765625,-0.00690460205078125,-0.02826690673828125,0.09246826171875,0.098876953125,0.094757080078125,0.092315673828125,0.08819580078125,0.106048583984375,0.106964111328125,0.097808837890625,0.10223388671875,0.092926025390625,0.09735107421875,0.114593505859375,-0.032196044921875,-0.087890625,0.4864501953125,-1.162261962890625,-0.20849192142486572
1030,0.515,-0.0,-0.0,-0.0,-0.0,-0.0,-0.0,-5.418260097503662,23.346275329589844,-382.4705505371094,-111100.1875,34548.28125,3081.05419921875,5.777865886688232,-52.13302230834961,-234.6298828125,51810.23828125,7305.40771484375,40.44392776489258,-0.0,-0.0,-0.0,-0.0,-0.0,-0.0,-0.00186920166015625,-0.0023651123046875,-0.002288818359375,-0.003509521484375,-0.00339508056640625,-0.0031280517578125,-0.0030517578125,-0.003814697265625,-0.00141143798828125,-0.00499725341796875,-0.0152587890625,-0.00274658203125,-0.00789642333984375,-0.0019073486328125,0.00087738037109375,-0.00640869140625,0.09552001953125,0.09552001953125,0.09368896484375,0.094146728515625,0.088348388671875,0.09552001953125,0.10162353515625,0.0946044921875,0.102691650390625,0.118408203125,0.10406494140625,0.0933837890625,-0.316619873046875,-1.47857666015625,0.20477294921875,-1.33819580078125,-2.95245099067688
1031,0.5155,-0.0,-0.0,-0.0,-0.0,-0.0,-0.0,-5.762993812561035,22.912456512451172,-377.57293701171875,-109756.2890625,34429.9375,3207.417236328125,6.014678001403809,-53.104774475097656,-236.7711181640625,52468.17578125,7039.79638671875,75.84532928466797,-0.0,-0.0,-0.0,-0.0,-0.0,-0.0,0.0080108642578125,0.0095367431640625,0.01308441162109375,0.01667022705078125,0.01224517822265625,0.01544952392578125,0.0103759765625,0.0254058837890625,0.0078582763671875,0.011749267578125,0.02338409423828125,0.01628875732421875,0.0168609619140625,0.0119781494140625,0.00370025634765625,0.02979278564453125,0.09429931640625,0.09735107421875,0.1025390625,0.10040283203125,0.079345703125,0.09185791015625,0.08087158203125,0.09796142578125,0.10009765625,0.127105712890625,0.09490966796875,0.077667236328125,0.541534423828125,0.58074951171875,-0.03387451171875,1.493072509765625,8.93803882598877
1032,0.516,-0.0,-0.0,-0.0,-0.0,-0.0,-0.0,-6.060298919677734,22.86546516418457,-372.628662109375,-108529.65625,34365.1171875,3394.39892578125,6.452078342437744,-53.24020004272461,-240.1226043701172,53318.34765625,6820.61181640625,204.68508911132812,-0.0,-0.0,-0.0,-0.0,-0.0,-0.0,0.00152587890625,0.001373291015625,0.00278472900390625,0.00377655029296875,0.003509521484375,0.00514984130859375,0.00347137451171875,0.007476806640625,0.0008392333984375,0.00400543212890625,0.0139617919921875,0.001983642578125,0.01087188720703125,0.00225067138671875,0.00156402587890625,0.004730224609375,0.10009765625,0.1007080078125,0.1019287109375,0.102996826171875,0.12664794921875,0.097198486328125,0.1214599609375,0.10040283203125,0.111541748046875,0.1214599609375,0.0946044921875,0.11932373046875,0.70068359375,1.5142822265625,-0.167236328125,1.54388427734375,11.377113342285156
1033,0.5165,-0.0,-0.0,-0.0,-0.0,-0.0,-0.0,-5.8939924240112305,22.82956886291504,-369.73114013671875,-107380.65625,34098.01171875,3257.8701171875,6.5706329345703125,-53.745853424072266,-243.38243103027344,53841.69921875,6595.3603515625,287.6619567871094,-0.0,-0.0,-0.0,-0.0,-0.0,-0.0,-0.00926971435546875,-0.00732421875,-0.01430511474609375,-0.01537322998046875,-0.01277923583984375,-0.014190673828125,-0.01163482666015625,-0.02376556396484375,-0.0064849853515625,-0.01110076904296875,-0.023345947265625,-0.014190673828125,-0.01934051513671875,-0.01102447509765625,-0.007171630859375,-0.0293731689453125,0.098876953125,0.097808837890625,0.104217529296875,0.09735107421875,0.1116943359375,0.10162353515625,0.085296630859375,0.09063720703125,0.09765625,0.0238037109375,0.09796142578125,0.0921630859375,-0.20111083984375,-0.25543212890625,0.2337646484375,-1.28753662109375,-1.4280292987823486
1034,0.517,-0.0,-0.0,-0.0,-0.0,-0.0,-0.0,-5.995558261871338,22.12277603149414,-364.4329833984375,-106505.609375,34045.12890625,3216.915771484375,6.67156982421875,-53.71170425415039,-244.2007293701172,54425.4453125,6256.142578125,473.8684997558594,-0.0,-0.0,-0.0,-0.0,-0.0,-0.0,-0.00244140625,-0.0014495849609375,-0.002899169921875,-0.0045013427734375,-0.00133514404296875,-0.00118255615234375,-0.00118255615234375,-0.00583648681640625,-0.00209808349609375,-0.0040435791015625,-0.0157928466796875,-7.62939453125e-05,-0.00698089599609375,-0.00030517578125,-0.00102996826171875,-0.00820159912109375,0.09918212890625,0.099029541015625,0.096588134765625,0.094757080078125,0.0994873046875,0.104827880859375,0.109405517578125,0.097503662109375,0.100250244140625,0.1275634765625,0.0909423828125,0.081787109375,-0.38726806640625,-1.46331787109375,0.3802490234375,-1.10321044921875,-2.95245099067688
1035,0.5175,-0.0,-0.0,-0.0,-0.0,-0.0,-0.0,-5.676369667053223,22.56867790222168,-362.6170959472656,-105403.625,33983.12890625,3439.0048828125,7.5157389640808105,-53.6419792175293,-248.595947265625,55467.03515625,6063.265625,703.6571044921875,-0.0,-0.0,-0.0,-0.0,-0.0,-0.0,0.00782012939453125,0.00946044921875,0.01171112060546875,0.01773834228515625,0.01239776611328125,0.01708984375,0.00995635986328125,0.02635955810546875,0.007781982421875,0.01087188720703125,0.02506256103515625,0.0139617919921875,0.021209716796875,0.01110076904296875,0.00732421875,0.02948760986328125,0.106658935546875,0.0958251953125,0.09552001953125,0.097198486328125,0.0958251953125,0.1019287109375,0.109405517578125,0.095977783203125,0.102081298828125,0.071563720703125,0.097808837890625,0.10284423828125,0.479736328125,0.672607421875,0.126953125,1.945648193359375,9.852691650390625
1036,0.518,-0.0,-0.0,-0.0,-0.0,-0.0,-0.0,-6.168128967285156,22.26371192932129,-356.1800231933594,-104686.09375,33784.9296875,3520.3876953125,7.895259857177734,-53.71200180053711,-251.41371154785156,55523.66015625,5910.451171875,822.5653686523438,-0.0,-0.0,-0.0,-0.0,-0.0,-0.0,0.00335693359375,0.00026702880859375,0.0032806396484375,0.00362396240234375,0.00301361083984375,0.00545501708984375,0.00240325927734375,0.00789642333984375,-0.00019073486328125,0.00637054443359375,0.01697540283203125,0.00148773193359375,0.0074005126953125,0.00125885009765625,0.00148773193359375,0.00438690185546875,0.096282958984375,0.1007080078125,0.091705322265625,0.099945068359375,0.100555419921875,0.094451904296875,0.12054443359375,0.0927734375,0.10040283203125,0.14007568359375,0.09033203125,0.070953369140625,1.202392578125,1.9580078125,-0.24444580078125,1.22589111328125,8.93803882598877
1037,0.5185,-0.0,-0.0,-0.0,-0.0,-0.0,-0.0,-6.174589157104492,22.454511642456055,-354.0624084472656,-103338.3515625,33753.546875,3639.5244140625,8.674789428710938,-53.812957763671875,-254.13287353515625,56422.8515625,5659.26123046875,1028.6392822265625,-0.0,-0.0,-0.0,-0.0,-0.0,-0.0,-0.00926971435546875,-0.00858306884765625,-0.0142669677734375,-0.01522064208984375,-0.0125885009765625,-0.015411376953125,-0.01079559326171875,-0.023956298828125,-0.00614166259765625,-0.01434326171875,-0.0240325927734375,-0.01617431640625,-0.0173187255859375,-0.012359619140625,-0.00514984130859375,-0.029296875,0.101776123046875,0.101776123046875,0.096282958984375,0.099029541015625,0.100860595703125,0.096282958984375,0.105743408203125,0.09368896484375,0.093841552734375,0.07843017578125,0.099029541015625,0.093231201171875,-0.430450439453125,-0.4034423828125,0.137939453125,-1.2408447265625,-2.0377979278564453
1038,0.519,-0.0,-0.0,-0.0,-0.0,-0.0,-0.0,-6.327508926391602,22.02164077758789,-351.0353698730469,-102397.078125,33460.27734375,3489.00146484375,9.048500061035156,-53.705928802490234,-257.1993713378906,56961.3515625,5298.513671875,1240.814208984375,-0.0,-0.0,-0.0,-0.0,-0.0,-0.0,-0.0054931640625,-0.00164031982421875,-0.00232696533203125,-0.00202178955078125,-0.0011444091796875,-0.0046539306640625,-0.00244140625,-0.00606536865234375,-0.00209808349609375,-0.0070953369140625,-0.01293182373046875,0.00019073486328125,-0.0078582763671875,-0.0030517578125,-0.00148773193359375,-0.00469207763671875,0.09552001953125,0.099945068359375,0.09613037109375,0.098876953125,0.093536376953125,0.0982666015625,0.085906982421875,0.09368896484375,0.101165771484375,0.098876953125,0.097503662109375,0.122528076171875,-0.90850830078125,-1.58111572265625,0.20111083984375,-1.140289306640625,-2.342682361602783
1039,0.5195,-0.0,-0.0,-0.0,-0.0,-0.0,-0.0,-6.518857479095459,22.269630432128906,-346.62371826171875,-101346.3203125,33176.78125,3560.113037109375,9.498477935791016,-54.2103271484375,-258.0230712890625,57654.8203125,5173.7314453125,1677.391357421875,-0.0,-0.0,-0.0,-0.0,-0.0,-0.0,0.00823974609375,0.009002685546875,0.01163482666015625,0.0176239013671875,0.0110626220703125,0.01705169677734375,0.008392333984375,0.02582550048828125,0.007781982421875,0.01087188720703125,0.02460479736328125,0.016021728515625,0.01911163330078125,0.00980377197265625,0.00782012939453125,0.0293731689453125,0.10162353515625,0.11016845703125,0.099639892578125,0.10162353515625,0.106964111328125,0.11077880859375,0.10772705078125,0.107421875,0.109710693359375,0.069580078125,0.104217529296875,0.104522705078125,0.5157470703125,0.28594970703125,0.42999267578125,1.496124267578125,12.901535034179688
1040,0.52,-0.0,-0.0,-0.0,-0.0,-0.0,-0.0,-6.320830345153809,22.52378273010254,-346.1423034667969,-100219.8828125,33120.640625,3616.625,11.411233901977539,-54.324302673339844,-260.19464111328125,58364.8046875,4540.70654296875,1780.6717529296875,-0.0,-0.0,-0.0,-0.0,-0.0,-0.0,0.00484466552734375,0.00240325927734375,0.00335693359375,0.00186920166015625,0.00232696533203125,0.0041961669921875,0.004425048828125,0.00606536865234375,0.0009918212890625,0.00606536865234375,0.01148223876953125,-0.00072479248046875,0.0086212158203125,0.00396728515625,0.00244140625,0.00492095947265625,0.102691650390625,0.09918212890625,0.094146728515625,0.092620849609375,0.08819580078125,0.10040283203125,0.105438232421875,0.10009765625,0.101318359375,0.076751708984375,0.092315673828125,0.086212158203125,0.827789306640625,1.4306640625,-0.41351318359375,1.26312255859375,10.4624605178833
1041,0.5205,-0.0,-0.0,-0.0,-0.0,-0.0,-0.0,-6.0995192527771,22.15078353881836,-343.6177978515625,-99498.296875,32850.46484375,3566.489501953125,12.475351333618164,-54.26224136352539,-261.94134521484375,58697.40625,4384.599609375,2188.030517578125,-0.0,-0.0,-0.0,-0.0,-0.0,-0.0,-0.00736236572265625,-0.00804901123046875,-0.01186370849609375,-0.014801025390625,-0.011444091796875,-0.01415252685546875,-0.01010894775390625,-0.02330780029296875,-0.00682830810546875,-0.009918212890625,-0.02288818359375,-0.01239776611328125,-0.01728057861328125,-0.0102996826171875,-0.004730224609375,-0.0278472900390625,0.09552001953125,0.101165771484375,0.093536376953125,0.099945068359375,0.100250244140625,0.1019287109375,0.1214599609375,0.09735107421875,0.09979248046875,0.14404296875,0.106048583984375,0.097198486328125,0.053558349609375,-0.21148681640625,0.12939453125,-1.362762451171875,-4.171988487243652
1042,0.521,-0.0,-0.0,-0.0,-0.0,-0.0,-0.0,-6.6015777587890625,22.728252410888672,-341.19830322265625,-98477.8671875,33132.73046875,3727.24658203125,13.244412422180176,-54.563011169433594,-265.006103515625,59239.34375,4012.180419921875,2548.8837890625,-0.0,-0.0,-0.0,-0.0,-0.0,-0.0,-0.00171661376953125,-0.00125885009765625,-0.002288818359375,-0.00324249267578125,-0.001678466796875,-0.0030517578125,-0.0022125244140625,-0.00438690185546875,-0.00263214111328125,-0.0070953369140625,-0.01178741455078125,0.00213623046875,-0.00583648681640625,-0.00133514404296875,-0.00026702880859375,-0.0064849853515625,0.09429931640625,0.0994873046875,0.094451904296875,0.10009765625,0.089111328125,0.093994140625,0.11016845703125,0.096588134765625,0.097808837890625,0.03814697265625,0.100860595703125,0.08697509765625,-0.79620361328125,-1.32659912109375,0.7269287109375,-0.78338623046875,-1.1231448650360107
1043,0.5215,-0.0,-0.0,-0.0,-0.0,-0.0,-0.0,-6.75289249420166,22.220552444458008,-338.4268493652344,-97898.046875,33017.078125,3843.757080078125,14.404691696166992,-55.357662200927734,-266.0271301269531,59882.9765625,3830.87353515625,3072.2705078125,-0.0,-0.0,-0.0,-0.0,-0.0,-0.0,0.00988006591796875,0.00736236572265625,0.013580322265625,0.01651763916015625,0.012054443359375,0.01445770263671875,0.0119781494140625,0.02384185791015625,0.00885009765625,0.0122833251953125,0.02719879150390625,0.01583099365234375,0.01819610595703125,0.0131988525390625,0.0038909912109375,0.03143310546875,0.095367431640625,0.108642578125,0.09918212890625,0.100555419921875,0.08392333984375,0.084228515625,0.072021484375,0.104522705078125,0.10040283203125,0.05523681640625,0.09765625,0.09552001953125,0.46478271484375,0.80657958984375,0.07965087890625,1.38336181640625,10.157575607299805
1044,0.522,-0.0,-0.0,-0.0,-0.0,-0.0,-0.0,-6.759466648101807,22.378568649291992,-336.3898620605469,-97642.3828125,32679.859375,3821.30908203125,15.77019214630127,-55.65615463256836,-269.57171630859375,60303.046875,3504.517822265625,3289.78759765625,-0.0,-0.0,-0.0,-0.0,-0.0,-0.0,0.00247955322265625,0.002899169921875,0.0028228759765625,0.00255584716796875,0.0016021728515625,0.00499725341796875,0.00339508056640625,0.0055694580078125,0.00095367431640625,0.0060272216796875,0.0140380859375,-3.814697265625e-05,0.00751495361328125,0.00278472900390625,0.00072479248046875,0.0034332275390625,0.098419189453125,0.101165771484375,0.098419189453125,0.09857177734375,0.093841552734375,0.09674072265625,0.122833251953125,0.098876953125,0.099029541015625,0.0677490234375,0.102081298828125,0.09613037109375,0.940399169921875,1.65283203125,-0.41351318359375,1.2701416015625,8.328269958496094
1045,0.5225,-0.0,-0.0,-0.0,-0.0,-0.0,-0.0,-7.150634288787842,22.221031188964844,-336.1453857421875,-97140.375,32955.75390625,3904.484130859375,16.759510040283203,-56.52587890625,-270.8879089355469,60875.08984375,3385.0751953125,3520.732666015625,-0.0,-0.0,-0.0,-0.0,-0.0,-0.0,-0.0063323974609375,-0.00850677490234375,-0.01373291015625,-0.0152587890625,-0.0125885009765625,-0.015106201171875,-0.01068115234375,-0.02376556396484375,-0.00720977783203125,-0.009918212890625,-0.024261474609375,-0.015411376953125,-0.01682281494140625,-0.01049041748046875,-0.00518798828125,-0.0275421142578125,0.095977783203125,0.093841552734375,0.090484619140625,0.098724365234375,0.09429931640625,0.096282958984375,0.129547119140625,0.093841552734375,0.100860595703125,0.005340576171875,0.098876953125,0.116424560546875,-0.016937255859375,0.00396728515625,0.2496337890625,-0.872650146484375,-1.4280292987823486
1046,0.523,-0.0,-0.0,-0.0,-0.0,-0.0,-0.0,-6.890147686004639,22.46783447265625,-335.1125183105469,-96423.34375,32942.75,3938.381103515625,17.408044815063477,-56.53963851928711,-273.4945373535156,61151.9375,3184.431640625,3737.99951171875,-0.0,-0.0,-0.0,-0.0,-0.0,-0.0,-0.0003814697265625,-0.0014495849609375,-0.00125885009765625,-0.00141143798828125,-0.001678466796875,-0.0061798095703125,-0.00301361083984375,-0.00362396240234375,-0.00026702880859375,-0.0072479248046875,-0.01522064208984375,0.00072479248046875,-0.00659942626953125,-0.0018310546875,-0.00072479248046875,-0.00324249267578125,0.09796142578125,0.101165771484375,0.09857177734375,0.106353759765625,0.12359619140625,0.09735107421875,0.0982666015625,0.10223388671875,0.104217529296875,0.11627197265625,0.110321044921875,0.115814208984375,-1.209869384765625,-1.55029296875,0.5035400390625,-0.85601806640625,0.09639240801334381
1047,0.5235,-0.0,-0.0,-0.0,-0.0,-0.0,-0.0,-7.204954147338867,22.789278030395508,-333.1322326660156,-96031.84375,32790.9765625,3974.879150390625,17.770009994506836,-57.55801010131836,-275.9119873046875,62129.02734375,3070.451904296875,4016.02880859375,-0.0,-0.0,-0.0,-0.0,-0.0,-0.0,0.010528564453125,0.0070953369140625,0.0127410888671875,0.01789093017578125,0.01209259033203125,0.01689910888671875,0.00972747802734375,0.02544403076171875,0.00713348388671875,0.01361846923828125,0.02315521240234375,0.0140380859375,0.02109527587890625,0.01079559326171875,0.00438690185546875,0.030364990234375,0.10223388671875,0.102691650390625,0.099029541015625,0.093994140625,0.09246826171875,0.099945068359375,0.105438232421875,0.09918212890625,0.101165771484375,0.085906982421875,0.098114013671875,0.064697265625,0.492095947265625,0.318603515625,-0.11749267578125,1.56524658203125,9.852691650390625
1048,0.524,-0.0,-0.0,-0.0,-0.0,-0.0,-0.0,-7.4439849853515625,22.93889617919922,-332.1737060546875,-95802.8828125,32808.77734375,3970.4736328125,18.668764114379883,-58.1829948425293,-280.2304382324219,62633.9609375,2857.86962890625,4124.1513671875,-0.0,-0.0,-0.0,-0.0,-0.0,-0.0,0.00507354736328125,0.00270843505859375,0.00225067138671875,0.0034332275390625,0.00152587890625,0.00396728515625,0.0025177001953125,0.00522613525390625,0.00316619873046875,0.00675201416015625,0.01079559326171875,-0.0011444091796875,0.008544921875,0.00293731689453125,0.0006103515625,0.00499725341796875,0.09490966796875,0.094757080078125,0.09246826171875,0.096282958984375,0.111083984375,0.093841552734375,0.059967041015625,0.09552001953125,0.095367431640625,0.0555419921875,0.091400146484375,0.06744384765625,1.1834716796875,1.41204833984375,-0.4644775390625,1.303253173828125,9.24292278289795
1049,0.5245,-0.0,-0.0,-0.0,-0.0,-0.0,-0.0,-7.621825695037842,22.5356388092041,-330.6737060546875,-95398.734375,32453.541015625,4129.1875,18.48740577697754,-58.45479202270508,-281.765380859375,62914.1484375,2673.82275390625,4267.54443359375,-0.0,-0.0,-0.0,-0.0,-0.0,-0.0,-0.0060272216796875,-0.009307861328125,-0.01270294189453125,-0.01659393310546875,-0.0113677978515625,-0.01514434814453125,-0.00911712646484375,-0.0232696533203125,-0.00751495361328125,-0.00827789306640625,-0.02338409423828125,-0.014190673828125,-0.01720428466796875,-0.01049041748046875,-0.005035400390625,-0.0289154052734375,0.09613037109375,0.09674072265625,0.0994873046875,0.0970458984375,0.10498046875,0.09765625,0.089569091796875,0.095367431640625,0.1031494140625,0.13824462890625,0.093994140625,0.095977783203125,0.244293212890625,0.15869140625,0.23345947265625,-0.885772705078125,-1.732913613319397
1050,0.525,-0.0,-0.0,-0.0,-0.0,-0.0,-0.0,-7.308026313781738,22.920970916748047,-330.1659851074219,-94814.2265625,32638.6875,4107.18994140625,18.657926559448242,-58.97748565673828,-284.4739990234375,63567.8203125,2669.912841796875,4197.69091796875,-0.0,-0.0,-0.0,-0.0,-0.0,-0.0,-0.0016021728515625,-0.0009918212890625,-0.00194549560546875,-0.0014495849609375,-0.0016021728515625,-0.003204345703125,-0.0032806396484375,-0.00476837158203125,0.00049591064453125,-0.0041961669921875,-0.013885498046875,0.0018310546875,-0.0084686279296875,-0.00213623046875,-0.000457763671875,-0.00339508056640625,0.094757080078125,0.098419189453125,0.096282958984375,0.09674072265625,0.092010498046875,0.1007080078125,0.145111083984375,0.102386474609375,0.09307861328125,0.15838623046875,0.095062255859375,0.08209228515625,-0.359344482421875,-1.4044189453125,0.6671142578125,-1.158905029296875,-1.4280292987823486
1051,0.5255,-0.0,-0.0,-0.0,-0.0,-0.0,-0.0,-7.3152618408203125,23.501178741455078,-327.0735778808594,-94481.484375,32518.123046875,4090.3349609375,18.562297821044922,-59.26385498046875,-285.9837341308594,64150.19921875,2460.781494140625,4249.80078125,-0.0,-0.0,-0.0,-0.0,-0.0,-0.0,0.009002685546875,0.00965118408203125,0.0140380859375,0.016632080078125,0.01316070556640625,0.01422882080078125,0.0096893310546875,0.0249481201171875,0.00797271728515625,0.01110076904296875,0.02376556396484375,0.013885498046875,0.0165557861328125,0.01224517822265625,0.0029754638671875,0.03032684326171875,0.096893310546875,0.09857177734375,0.09857177734375,0.100250244140625,0.11199951171875,0.108489990234375,0.05645751953125,0.099029541015625,0.095977783203125,0.0732421875,0.09552001953125,0.103912353515625,0.277099609375,0.27862548828125,-0.126953125,1.2109375,7.413616180419922
1052,0.526,-0.0,-0.0,-0.0,-0.0,-0.0,-0.0,-7.486296653747559,23.188663482666016,-325.5126647949219,-93524.609375,32521.548828125,4060.927001953125,18.355817794799805,-59.771934509277344,-289.79583740234375,64455.96484375,2737.22802734375,4371.0283203125,-0.0,-0.0,-0.0,-0.0,-0.0,-0.0,0.0019073486328125,0.00240325927734375,0.0031280517578125,0.0034332275390625,0.00354766845703125,0.0002288818359375,0.00209808349609375,0.0054168701171875,0.0022125244140625,0.00400543212890625,0.01255035400390625,-0.0005340576171875,0.00431060791015625,0.00156402587890625,0.00141143798828125,0.00576019287109375,0.098876953125,0.099945068359375,0.10009765625,0.096282958984375,0.09613037109375,0.108795166015625,0.095977783203125,0.095062255859375,0.0970458984375,0.11138916015625,0.0982666015625,0.109100341796875,0.4229736328125,1.76513671875,-0.46600341796875,1.013641357421875,11.07222843170166
1053,0.5265,-0.0,-0.0,-0.0,-0.0,-0.0,-0.0,-7.3152618408203125,23.63442039489746,-324.8960876464844,-93573.296875,32619.521484375,4097.8369140625,17.92694664001465,-59.4845085144043,-290.40716552734375,64704.64453125,2795.72119140625,4323.66259765625,-0.0,-0.0,-0.0,-0.0,-0.0,-0.0,-0.00789642333984375,-0.00972747802734375,-0.01338958740234375,-0.01621246337890625,-0.012969970703125,-0.0145721435546875,-0.0090789794921875,-0.0238037109375,-0.00640869140625,-0.010833740234375,-0.0225830078125,-0.01232147216796875,-0.01506805419921875,-0.01190185546875,-0.00274658203125,-0.02971649169921875,0.10101318359375,0.106201171875,0.10223388671875,0.101318359375,0.11199951171875,0.105438232421875,0.10650634765625,0.10284423828125,0.10406494140625,0.087890625,0.10772705078125,0.108489990234375,-0.24505615234375,-0.04913330078125,0.61187744140625,-0.962982177734375,-1.1231448650360107
1054,0.527,-0.0,-0.0,-0.0,-0.0,-0.0,-0.0,-7.233572959899902,23.686141967773438,-323.0405578613281,-93098.078125,32358.189453125,4195.236328125,17.719806671142578,-59.97784423828125,-291.9200744628906,65420.5,2847.547119140625,4105.9521484375,-0.0,-0.0,-0.0,-0.0,-0.0,-0.0,-0.0006103515625,-0.00057220458984375,-0.00232696533203125,-0.0029754638671875,-0.0023651123046875,-0.0035858154296875,-0.00194549560546875,-0.00392913818359375,0.000762939453125,-0.00621795654296875,-0.01247406005859375,0.00041961669921875,-0.00701904296875,-7.62939453125e-05,-0.0020599365234375,-0.0061798095703125,0.10345458984375,0.102081298828125,0.0970458984375,0.10009765625,0.09674072265625,0.100860595703125,0.066375732421875,0.102081298828125,0.099945068359375,0.057830810546875,0.092620849609375,0.105438232421875,-0.694580078125,-1.640625,0.435791015625,-1.102142333984375,3.450119972229004
