MomentArm_hip_rotation_r
version=1
nRows=701
nColumns=81
inDegrees=no

This analysis gathers basic information about muscles during a simulation (e.g., forces, tendon lengths, moment arms, etc).
Units are S.I. units (second, meters, Newtons, ...)
If the header above contains a line with 'inDegrees', this indicates whether rotational values are in degrees (yes) or radians (no).

endheader
time	addbrev_r	addlong_r	addmagDist_r	addmagIsch_r	addmagMid_r	addmagProx_r	bflh_r	bfsh_r	edl_r	ehl_r	fdl_r	fhl_r	gaslat_r	gasmed_r	glmax1_r	glmax2_r	glmax3_r	glmed1_r	glmed2_r	glmed3_r	glmin1_r	glmin2_r	glmin3_r	grac_r	iliacus_r	perbrev_r	perlong_r	piri_r	psoas_r	recfem_r	sart_r	semimem_r	semiten_r	soleus_r	tfl_r	tibant_r	tibpost_r	vasint_r	vaslat_r	vasmed_r	addbrev_l	addlong_l	addmagDist_l	addmagIsch_l	addmagMid_l	addmagProx_l	bflh_l	bfsh_l	edl_l	ehl_l	fdl_l	fhl_l	gaslat_l	gasmed_l	glmax1_l	glmax2_l	glmax3_l	glmed1_l	glmed2_l	glmed3_l	glmin1_l	glmin2_l	glmin3_l	grac_l	iliacus_l	perbrev_l	perlong_l	piri_l	psoas_l	recfem_l	sart_l	semimem_l	semiten_l	soleus_l	tfl_l	tibant_l	tibpost_l	vasint_l	vaslat_l	vasmed_l
      2.60000000	      0.00226562	      0.00559962	     -0.00224004	      0.00786206	     -0.00467330	     -0.01251115	     -0.00582518	     -0.00000000	      0.00000000	     -0.00000000	      0.00000000	      0.00000000	      0.00000000	      0.00000000	     -0.00337095	     -0.00996394	     -0.01394438	      0.04377642	      0.01563913	     -0.00951843	      0.04035133	      0.02941156	      0.01390188	     -0.00273917	      0.01065359	      0.00000000	     -0.00000000	     -0.01661473	     -0.00040622	     -0.00092695	     -0.00829687	      0.00233087	      0.00267051	     -0.00000000	      0.02465703	     -0.00000000	     -0.00000000	      0.00000000	     -0.00000000	      0.00000000	      0.00000000	      0.00000000	      0.00000000	      0.00000000	      0.00000000	      0.00000000	      0.00000000	      0.00000000	      0.00000000	      0.00000000	      0.00000000	      0.00000000	      0.00000000	      0.00000000	      0.00000000	      0.00000000	      0.00000000	      0.00000000	      0.00000000	      0.00000000	      0.00000000	      0.00000000	      0.00000000	      0.00000000	      0.00000000	      0.00000000	      0.00000000	      0.00000000	      0.00000000	      0.00000000	      0.00000000	      0.00000000	      0.00000000	      0.00000000	      0.00000000	      0.00000000	      0.00000000	      0.00000000	      0.00000000	      0.00000000
      2.60500000	      0.00225483	      0.00559916	     -0.00221390	      0.00786491	     -0.00467840	     -0.01252338	     -0.00582446	     -0.00000000	     -0.00000000	      0.00000000	     -0.00000000	     -0.00000000	     -0.00000000	     -0.00000000	     -0.00332966	     -0.00991985	     -0.01392822	      0.04379072	      0.01564569	     -0.00952674	      0.04035419	      0.02941384	      0.01389478	     -0.00274361	      0.01064683	     -0.00000000	     -0.00000000	     -0.01663160	     -0.00041793	     -0.00092452	     -0.00829878	      0.00233324	      0.00267327	     -0.00000000	      0.02466569	     -0.00000000	     -0.00000000	     -0.00000000	      0.00000000	     -0.00000000	      0.00000000	      0.00000000	      0.00000000	      0.00000000	      0.00000000	      0.00000000	      0.00000000	      0.00000000	      0.00000000	      0.00000000	      0.00000000	      0.00000000	      0.00000000	      0.00000000	      0.00000000	      0.00000000	      0.00000000	      0.00000000	      0.00000000	      0.00000000	      0.00000000	      0.00000000	      0.00000000	      0.00000000	      0.00000000	      0.00000000	      0.00000000	      0.00000000	      0.00000000	      0.00000000	      0.00000000	      0.00000000	      0.00000000	      0.00000000	      0.00000000	      0.00000000	      0.00000000	      0.00000000	      0.00000000	      0.00000000
      2.61000000	      0.00224415	      0.00559869	     -0.00221000	      0.00786774	     -0.00468345	     -0.01253547	     -0.00582375	      0.00000000	      0.00000000	      0.00000000	      0.00000000	     -0.00000000	     -0.00000000	     -0.00000000	     -0.00328912	     -0.00987626	     -0.01391221	      0.04380424	      0.01565144	     -0.00953570	      0.04035648	      0.02941553	      0.01388712	     -0.00274806	      0.01064004	      0.00000000	      0.00000000	     -0.01664895	     -0.00042955	     -0.00092209	     -0.00830063	      0.00233561	      0.00267603	     -0.00000000	      0.02467403	      0.00000000	      0.00000000	     -0.00000000	      0.00000000	     -0.00000000	      0.00000000	      0.00000000	      0.00000000	      0.00000000	      0.00000000	      0.00000000	      0.00000000	      0.00000000	      0.00000000	      0.00000000	      0.00000000	      0.00000000	      0.00000000	      0.00000000	      0.00000000	      0.00000000	      0.00000000	      0.00000000	      0.00000000	      0.00000000	      0.00000000	      0.00000000	      0.00000000	      0.00000000	      0.00000000	      0.00000000	      0.00000000	      0.00000000	      0.00000000	      0.00000000	      0.00000000	      0.00000000	      0.00000000	      0.00000000	      0.00000000	      0.00000000	      0.00000000	      0.00000000	      0.00000000	      0.00000000
      2.61500000	      0.00223368	      0.00559822	     -0.00221243	      0.00787056	     -0.00468838	     -0.01254728	     -0.00582307	      0.00000000	     -0.00000000	      0.00000000	     -0.00000000	     -0.00000000	      0.00000000	      0.00000000	     -0.00325008	     -0.00983370	     -0.01389651	      0.04381623	      0.01565559	     -0.00954606	      0.04035757	      0.02941596	      0.01387828	     -0.00275257	      0.01063320	      0.00000000	     -0.00000000	     -0.01666731	     -0.00044103	     -0.00091966	     -0.00830236	      0.00233798	      0.00267879	     -0.00000000	      0.02468166	     -0.00000000	      0.00000000	      0.00000000	      0.00000000	      0.00000000	      0.00000000	      0.00000000	      0.00000000	      0.00000000	      0.00000000	      0.00000000	      0.00000000	      0.00000000	      0.00000000	      0.00000000	      0.00000000	      0.00000000	      0.00000000	      0.00000000	      0.00000000	      0.00000000	      0.00000000	      0.00000000	      0.00000000	      0.00000000	      0.00000000	      0.00000000	      0.00000000	      0.00000000	      0.00000000	      0.00000000	      0.00000000	      0.00000000	      0.00000000	      0.00000000	      0.00000000	      0.00000000	      0.00000000	      0.00000000	      0.00000000	      0.00000000	      0.00000000	      0.00000000	      0.00000000	      0.00000000
      2.62000000	      0.00222354	      0.00559777	     -0.00221482	      0.00787329	     -0.00469312	     -0.01255865	     -0.00582243	     -0.00000000	      0.00000000	     -0.00000000	      0.00000000	      0.00000000	     -0.00000000	     -0.00000000	     -0.00321331	     -0.00979268	     -0.01388129	      0.04382600	      0.01565739	     -0.00955854	      0.04035687	      0.02941449	      0.01386765	     -0.00275716	      0.01062630	     -0.00000000	      0.00000000	     -0.01668720	     -0.00045230	     -0.00091722	     -0.00830391	      0.00234033	      0.00268152	     -0.00000000	      0.02468820	      0.00000000	     -0.00000000	      0.00000000	     -0.00000000	     -0.00000000	      0.00000000	      0.00000000	      0.00000000	      0.00000000	      0.00000000	      0.00000000	      0.00000000	      0.00000000	      0.00000000	      0.00000000	      0.00000000	      0.00000000	      0.00000000	      0.00000000	      0.00000000	      0.00000000	      0.00000000	      0.00000000	      0.00000000	      0.00000000	      0.00000000	      0.00000000	      0.00000000	      0.00000000	      0.00000000	      0.00000000	      0.00000000	      0.00000000	      0.00000000	      0.00000000	      0.00000000	      0.00000000	      0.00000000	      0.00000000	      0.00000000	      0.00000000	      0.00000000	      0.00000000	      0.00000000	      0.00000000
      2.62500000	      0.00221386	      0.00559735	     -0.00221717	      0.00787605	     -0.00469757	     -0.01256941	     -0.00582185	      0.00000000	      0.00000000	     -0.00000000	     -0.00000000	      0.00000000	     -0.00000000	      0.00000000	     -0.00317955	     -0.00975374	     -0.01386673	      0.04383290	      0.01565615	     -0.00957384	      0.04035383	      0.02941052	      0.01385464	     -0.00276189	      0.01061932	      0.00000000	     -0.00000000	     -0.01670911	     -0.00046329	     -0.00091478	     -0.00830523	      0.00234267	      0.00268421	     -0.00000000	      0.02469324	      0.00000000	      0.00000000	     -0.00000000	     -0.00000000	     -0.00000000	      0.00000000	      0.00000000	      0.00000000	      0.00000000	      0.00000000	      0.00000000	      0.00000000	      0.00000000	      0.00000000	      0.00000000	      0.00000000	      0.00000000	      0.00000000	      0.00000000	      0.00000000	      0.00000000	      0.00000000	      0.00000000	      0.00000000	      0.00000000	      0.00000000	      0.00000000	      0.00000000	      0.00000000	      0.00000000	      0.00000000	      0.00000000	      0.00000000	      0.00000000	      0.00000000	      0.00000000	      0.00000000	      0.00000000	      0.00000000	      0.00000000	      0.00000000	      0.00000000	      0.00000000	      0.00000000	      0.00000000
      2.63000000	      0.00220474	      0.00559698	     -0.00221629	      0.00787874	     -0.00470166	     -0.01257939	     -0.00582136	      0.00000000	     -0.00000000	      0.00000000	      0.00000000	      0.00000000	      0.00000000	      0.00000000	     -0.00314948	     -0.00971734	     -0.01385301	      0.04383636	      0.01565128	     -0.00959258	      0.04034792	      0.02940345	      0.01383870	     -0.00276682	      0.01061225	      0.00000000	      0.00000000	     -0.01673348	     -0.00047392	     -0.00091234	     -0.00830624	      0.00234497	      0.00268684	      0.00000000	      0.02469634	      0.00000000	     -0.00000000	      0.00000000	      0.00000000	      0.00000000	      0.00000000	      0.00000000	      0.00000000	      0.00000000	      0.00000000	      0.00000000	      0.00000000	      0.00000000	      0.00000000	      0.00000000	      0.00000000	      0.00000000	      0.00000000	      0.00000000	      0.00000000	      0.00000000	      0.00000000	      0.00000000	      0.00000000	      0.00000000	      0.00000000	      0.00000000	      0.00000000	      0.00000000	      0.00000000	      0.00000000	      0.00000000	      0.00000000	      0.00000000	      0.00000000	      0.00000000	      0.00000000	      0.00000000	      0.00000000	      0.00000000	      0.00000000	      0.00000000	      0.00000000	      0.00000000	      0.00000000
      2.63500000	      0.00219633	      0.00559668	     -0.00221847	      0.00788135	     -0.00470527	     -0.01258841	     -0.00582099	      0.00000000	      0.00000000	      0.00000000	      0.00000000	      0.00000000	      0.00000000	      0.00000000	     -0.00312374	     -0.00968394	     -0.01384029	      0.04383586	      0.01564224	     -0.00961531	      0.04033867	      0.02939278	      0.01381933	     -0.00277200	      0.01060508	      0.00000000	      0.00000000	     -0.01676072	     -0.00048413	     -0.00090992	     -0.00830687	      0.00234721	      0.00268937	      0.00000000	      0.02469705	      0.00000000	      0.00000000	     -0.00000000	      0.00000000	     -0.00000000	      0.00000000	      0.00000000	      0.00000000	      0.00000000	      0.00000000	      0.00000000	      0.00000000	      0.00000000	      0.00000000	      0.00000000	      0.00000000	      0.00000000	      0.00000000	      0.00000000	      0.00000000	      0.00000000	      0.00000000	      0.00000000	      0.00000000	      0.00000000	      0.00000000	      0.00000000	      0.00000000	      0.00000000	      0.00000000	      0.00000000	      0.00000000	      0.00000000	      0.00000000	      0.00000000	      0.00000000	      0.00000000	      0.00000000	      0.00000000	      0.00000000	      0.00000000	      0.00000000	      0.00000000	      0.00000000	      0.00000000
      2.64000000	      0.00218875	      0.00559645	     -0.00222050	      0.00788385	     -0.00470829	     -0.01259629	     -0.00582074	     -0.00000000	      0.00000000	     -0.00000000	      0.00000000	     -0.00000000	      0.00000000	      0.00000000	     -0.00310293	     -0.00965398	     -0.01382877	      0.04383099	      0.01562861	     -0.00964252	      0.04032568	      0.02937804	      0.01379610	     -0.00277751	      0.01059817	      0.00000000	      0.00000000	     -0.01679115	     -0.00049384	     -0.00090753	     -0.00830708	      0.00234939	      0.00269177	      0.00000000	      0.02469493	      0.00000000	      0.00000000	      0.00000000	     -0.00000000	      0.00000000	      0.00000000	      0.00000000	      0.00000000	      0.00000000	      0.00000000	      0.00000000	      0.00000000	      0.00000000	      0.00000000	      0.00000000	      0.00000000	      0.00000000	      0.00000000	      0.00000000	      0.00000000	      0.00000000	      0.00000000	      0.00000000	      0.00000000	      0.00000000	      0.00000000	      0.00000000	      0.00000000	      0.00000000	      0.00000000	      0.00000000	      0.00000000	      0.00000000	      0.00000000	      0.00000000	      0.00000000	      0.00000000	      0.00000000	      0.00000000	      0.00000000	      0.00000000	      0.00000000	      0.00000000	      0.00000000	      0.00000000
      2.64500000	      0.00218213	      0.00559633	     -0.00222235	      0.00788621	     -0.00471061	     -0.01260284	     -0.00582065	      0.00000000	     -0.00000000	     -0.00000000	     -0.00000000	     -0.00000000	     -0.00000000	     -0.00000000	     -0.00308756	     -0.00962783	     -0.01381862	      0.04382140	      0.01561008	     -0.00967458	      0.04030862	      0.02935886	      0.01376866	     -0.00278341	      0.01059332	     -0.00000000	     -0.00000000	     -0.01682504	     -0.00050296	     -0.00090519	     -0.00830680	      0.00235147	      0.00269400	     -0.00000000	      0.02468955	     -0.00000000	     -0.00000000	      0.00000000	      0.00000000	      0.00000000	      0.00000000	      0.00000000	      0.00000000	      0.00000000	      0.00000000	      0.00000000	      0.00000000	      0.00000000	      0.00000000	      0.00000000	      0.00000000	      0.00000000	      0.00000000	      0.00000000	      0.00000000	      0.00000000	      0.00000000	      0.00000000	      0.00000000	      0.00000000	      0.00000000	      0.00000000	      0.00000000	      0.00000000	      0.00000000	      0.00000000	      0.00000000	      0.00000000	      0.00000000	      0.00000000	      0.00000000	      0.00000000	      0.00000000	      0.00000000	      0.00000000	      0.00000000	      0.00000000	      0.00000000	      0.00000000	      0.00000000
      2.65000000	      0.00217658	      0.00559632	     -0.00222397	      0.00788839	     -0.00471212	     -0.01260789	     -0.00582073	     -0.00000000	     -0.00000000	      0.00000000	     -0.00000000	     -0.00000000	     -0.00000000	      0.00000000	     -0.00307804	     -0.00960581	     -0.01380998	      0.04380686	      0.01558643	     -0.00971177	      0.04028724	      0.02933493	      0.01373673	     -0.00278976	      0.01058860	     -0.00000000	      0.00000000	     -0.01686258	     -0.00051143	     -0.00090292	     -0.00830597	      0.00235343	      0.00269603	     -0.00000000	      0.02468050	     -0.00000000	     -0.00000000	     -0.00000000	     -0.00000000	      0.00000000	      0.00000000	      0.00000000	      0.00000000	      0.00000000	      0.00000000	      0.00000000	      0.00000000	      0.00000000	      0.00000000	      0.00000000	      0.00000000	      0.00000000	      0.00000000	      0.00000000	      0.00000000	      0.00000000	      0.00000000	      0.00000000	      0.00000000	      0.00000000	      0.00000000	      0.00000000	      0.00000000	      0.00000000	      0.00000000	      0.00000000	      0.00000000	      0.00000000	      0.00000000	      0.00000000	      0.00000000	      0.00000000	      0.00000000	      0.00000000	      0.00000000	      0.00000000	      0.00000000	      0.00000000	      0.00000000	      0.00000000
      2.65500000	      0.00217220	      0.00559645	     -0.00222532	      0.00789031	     -0.00471273	     -0.01261127	     -0.00582100	     -0.00000000	     -0.00000000	     -0.00000000	     -0.00000000	     -0.00000000	     -0.00000000	     -0.00000000	     -0.00307472	     -0.00958821	     -0.01380302	      0.04378724	      0.01554614	     -0.00975426	      0.04026137	      0.02930605	      0.01370013	     -0.00279663	      0.01058401	     -0.00000000	     -0.00000000	     -0.01690386	     -0.00051918	     -0.00090073	     -0.00830455	      0.00235526	      0.00269781	     -0.00000000	      0.02466746	     -0.00000000	     -0.00000000	     -0.00000000	      0.00000000	      0.00000000	      0.00000000	      0.00000000	      0.00000000	      0.00000000	      0.00000000	      0.00000000	      0.00000000	      0.00000000	      0.00000000	      0.00000000	      0.00000000	      0.00000000	      0.00000000	      0.00000000	      0.00000000	      0.00000000	      0.00000000	      0.00000000	      0.00000000	      0.00000000	      0.00000000	      0.00000000	      0.00000000	      0.00000000	      0.00000000	      0.00000000	      0.00000000	      0.00000000	      0.00000000	      0.00000000	      0.00000000	      0.00000000	      0.00000000	      0.00000000	      0.00000000	      0.00000000	      0.00000000	      0.00000000	      0.00000000	      0.00000000
      2.66000000	      0.00216909	      0.00559672	     -0.00222635	      0.00789205	     -0.00471233	     -0.01261285	     -0.00582148	     -0.00000000	      0.00000000	      0.00000000	     -0.00000000	     -0.00000000	     -0.00000000	     -0.00000000	     -0.00307785	     -0.00957524	     -0.01379785	      0.04376248	      0.01550038	     -0.00980210	      0.04023093	      0.02927211	      0.01365876	     -0.00280407	      0.01057960	     -0.00000000	      0.00000000	     -0.01694889	     -0.00052613	     -0.00089865	     -0.00830250	      0.00235692	      0.00269931	     -0.00000000	      0.02465011	     -0.00000000	     -0.00000000	     -0.00000000	     -0.00000000	     -0.00000000	      0.00000000	      0.00000000	      0.00000000	      0.00000000	      0.00000000	      0.00000000	      0.00000000	      0.00000000	      0.00000000	      0.00000000	      0.00000000	      0.00000000	      0.00000000	      0.00000000	      0.00000000	      0.00000000	      0.00000000	      0.00000000	      0.00000000	      0.00000000	      0.00000000	      0.00000000	      0.00000000	      0.00000000	      0.00000000	      0.00000000	      0.00000000	      0.00000000	      0.00000000	      0.00000000	      0.00000000	      0.00000000	      0.00000000	      0.00000000	      0.00000000	      0.00000000	      0.00000000	      0.00000000	      0.00000000	      0.00000000
      2.66500000	      0.00216734	      0.00559716	     -0.00222705	      0.00789346	     -0.00471084	     -0.01261251	     -0.00582217	      0.00000000	     -0.00000000	     -0.00000000	     -0.00000000	     -0.00000000	      0.00000000	      0.00000000	     -0.00308759	     -0.00956707	     -0.01379460	      0.04373261	      0.01544976	     -0.00985525	      0.04019591	      0.02923308	      0.01361264	     -0.00281210	      0.01057537	      0.00000000	     -0.00000000	     -0.01699762	     -0.00053224	     -0.00089670	     -0.00829980	      0.00235839	      0.00270049	      0.00000000	      0.02462825	      0.00000000	      0.00000000	      0.00000000	     -0.00000000	      0.00000000	      0.00000000	      0.00000000	      0.00000000	      0.00000000	      0.00000000	      0.00000000	      0.00000000	      0.00000000	      0.00000000	      0.00000000	      0.00000000	      0.00000000	      0.00000000	      0.00000000	      0.00000000	      0.00000000	      0.00000000	      0.00000000	      0.00000000	      0.00000000	      0.00000000	      0.00000000	      0.00000000	      0.00000000	      0.00000000	      0.00000000	      0.00000000	      0.00000000	      0.00000000	      0.00000000	      0.00000000	      0.00000000	      0.00000000	      0.00000000	      0.00000000	      0.00000000	      0.00000000	      0.00000000	      0.00000000	      0.00000000
      2.67000000	      0.00216700	      0.00559776	     -0.00222736	      0.00789464	     -0.00470819	     -0.01261014	     -0.00582310	     -0.00000000	      0.00000000	     -0.00000000	     -0.00000000	     -0.00000000	     -0.00000000	     -0.00000000	     -0.00310404	     -0.00956383	     -0.01379333	      0.04369773	      0.01539443	     -0.00991358	      0.04015636	      0.02918900	      0.01356183	     -0.00282077	      0.01057136	     -0.00000000	      0.00000000	     -0.01704991	     -0.00053746	     -0.00089490	     -0.00829641	      0.00235965	      0.00270130	      0.00000000	      0.02460172	      0.00000000	     -0.00000000	     -0.00000000	     -0.00000000	     -0.00000000	      0.00000000	      0.00000000	      0.00000000	      0.00000000	      0.00000000	      0.00000000	      0.00000000	      0.00000000	      0.00000000	      0.00000000	      0.00000000	      0.00000000	      0.00000000	      0.00000000	      0.00000000	      0.00000000	      0.00000000	      0.00000000	      0.00000000	      0.00000000	      0.00000000	      0.00000000	      0.00000000	      0.00000000	      0.00000000	      0.00000000	      0.00000000	      0.00000000	      0.00000000	      0.00000000	      0.00000000	      0.00000000	      0.00000000	      0.00000000	      0.00000000	      0.00000000	      0.00000000	      0.00000000	      0.00000000	      0.00000000
      2.67500000	      0.00216813	      0.00559854	     -0.00222726	      0.00789550	     -0.00470435	     -0.01260568	     -0.00582425	      0.00000000	      0.00000000	     -0.00000000	     -0.00000000	     -0.00000000	      0.00000000	      0.00000000	     -0.00312719	     -0.00956558	     -0.01379413	      0.04365800	      0.01533460	     -0.00997688	      0.04011242	      0.02913999	      0.01350649	     -0.00283009	      0.01056757	      0.00000000	     -0.00000000	     -0.01710556	     -0.00054172	     -0.00089327	     -0.00829234	      0.00236068	      0.00270173	     -0.00000000	      0.02457043	      0.00000000	     -0.00000000	      0.00000000	      0.00000000	      0.00000000	      0.00000000	      0.00000000	      0.00000000	      0.00000000	      0.00000000	      0.00000000	      0.00000000	      0.00000000	      0.00000000	      0.00000000	      0.00000000	      0.00000000	      0.00000000	      0.00000000	      0.00000000	      0.00000000	      0.00000000	      0.00000000	      0.00000000	      0.00000000	      0.00000000	      0.00000000	      0.00000000	      0.00000000	      0.00000000	      0.00000000	      0.00000000	      0.00000000	      0.00000000	      0.00000000	      0.00000000	      0.00000000	      0.00000000	      0.00000000	      0.00000000	      0.00000000	      0.00000000	      0.00000000	      0.00000000	      0.00000000
      2.68000000	      0.00217075	      0.00559949	     -0.00222673	      0.00789602	     -0.00469926	     -0.01259908	     -0.00582564	      0.00000000	      0.00000000	      0.00000000	      0.00000000	      0.00000000	      0.00000000	      0.00000000	     -0.00315702	     -0.00957238	     -0.01379703	      0.04361362	      0.01527055	     -0.01004489	      0.04006425	      0.02908623	      0.01344681	     -0.00284006	      0.01056405	      0.00000000	      0.00000000	     -0.01716434	     -0.00054501	     -0.00089183	     -0.00828758	      0.00236147	      0.00270173	      0.00000000	      0.02453439	      0.00000000	      0.00000000	     -0.00000000	      0.00000000	     -0.00000000	      0.00000000	      0.00000000	      0.00000000	      0.00000000	      0.00000000	      0.00000000	      0.00000000	      0.00000000	      0.00000000	      0.00000000	      0.00000000	      0.00000000	      0.00000000	      0.00000000	      0.00000000	      0.00000000	      0.00000000	      0.00000000	      0.00000000	      0.00000000	      0.00000000	      0.00000000	      0.00000000	      0.00000000	      0.00000000	      0.00000000	      0.00000000	      0.00000000	      0.00000000	      0.00000000	      0.00000000	      0.00000000	      0.00000000	      0.00000000	      0.00000000	      0.00000000	      0.00000000	      0.00000000	      0.00000000	      0.00000000
      2.68500000	      0.00217488	      0.00560062	     -0.00222577	      0.00789618	     -0.00469292	     -0.01259032	     -0.00582726	     -0.00000000	      0.00000000	      0.00000000	     -0.00000000	     -0.00000000	      0.00000000	      0.00000000	     -0.00319342	     -0.00958423	     -0.01380206	      0.04356479	      0.01520257	     -0.01011729	      0.04001204	      0.02902794	      0.01338306	     -0.00285066	      0.01056080	     -0.00000000	      0.00000000	     -0.01722597	     -0.00054729	     -0.00089058	     -0.00828214	      0.00236198	      0.00270130	      0.00000000	      0.02449366	     -0.00000000	     -0.00000000	      0.00000000	      0.00000000	     -0.00000000	      0.00000000	      0.00000000	      0.00000000	      0.00000000	      0.00000000	      0.00000000	      0.00000000	      0.00000000	      0.00000000	      0.00000000	      0.00000000	      0.00000000	      0.00000000	      0.00000000	      0.00000000	      0.00000000	      0.00000000	      0.00000000	      0.00000000	      0.00000000	      0.00000000	      0.00000000	      0.00000000	      0.00000000	      0.00000000	      0.00000000	      0.00000000	      0.00000000	      0.00000000	      0.00000000	      0.00000000	      0.00000000	      0.00000000	      0.00000000	      0.00000000	      0.00000000	      0.00000000	      0.00000000	      0.00000000	      0.00000000
      2.69000000	      0.00218051	      0.00560192	     -0.00222435	      0.00789597	     -0.00468533	     -0.01257941	     -0.00582912	     -0.00000000	      0.00000000	     -0.00000000	      0.00000000	      0.00000000	      0.00000000	      0.00000000	     -0.00323626	     -0.00960112	     -0.01380923	      0.04351175	      0.01513099	     -0.01019375	      0.03995602	      0.02896536	      0.01331551	     -0.00286188	      0.01055784	      0.00000000	      0.00000000	     -0.01729015	     -0.00054854	     -0.00088955	     -0.00827603	      0.00236222	      0.00270041	      0.00000000	      0.02444837	     -0.00000000	      0.00000000	      0.00000000	     -0.00000000	     -0.00000000	      0.00000000	      0.00000000	      0.00000000	      0.00000000	      0.00000000	      0.00000000	      0.00000000	      0.00000000	      0.00000000	      0.00000000	      0.00000000	      0.00000000	      0.00000000	      0.00000000	      0.00000000	      0.00000000	      0.00000000	      0.00000000	      0.00000000	      0.00000000	      0.00000000	      0.00000000	      0.00000000	      0.00000000	      0.00000000	      0.00000000	      0.00000000	      0.00000000	      0.00000000	      0.00000000	      0.00000000	      0.00000000	      0.00000000	      0.00000000	      0.00000000	      0.00000000	      0.00000000	      0.00000000	      0.00000000	      0.00000000
      2.69500000	      0.00218764	      0.00560340	     -0.00222249	      0.00789538	     -0.00467651	     -0.01256638	     -0.00583121	     -0.00000000	      0.00000000	      0.00000000	     -0.00000000	     -0.00000000	      0.00000000	      0.00000000	     -0.00328540	     -0.00962300	     -0.01381853	      0.04345471	      0.01505613	     -0.01027392	      0.03989642	      0.02889877	      0.01324447	     -0.00287367	      0.01055520	      0.00000000	      0.00000000	     -0.01735656	     -0.00054875	     -0.00088873	     -0.00826929	      0.00236217	      0.00269905	      0.00000000	      0.02439871	      0.00000000	      0.00000000	     -0.00000000	     -0.00000000	      0.00000000	      0.00000000	      0.00000000	      0.00000000	      0.00000000	      0.00000000	      0.00000000	      0.00000000	      0.00000000	      0.00000000	      0.00000000	      0.00000000	      0.00000000	      0.00000000	      0.00000000	      0.00000000	      0.00000000	      0.00000000	      0.00000000	      0.00000000	      0.00000000	      0.00000000	      0.00000000	      0.00000000	      0.00000000	      0.00000000	      0.00000000	      0.00000000	      0.00000000	      0.00000000	      0.00000000	      0.00000000	      0.00000000	      0.00000000	      0.00000000	      0.00000000	      0.00000000	      0.00000000	      0.00000000	      0.00000000	      0.00000000
      2.70000000	      0.00219624	      0.00560503	     -0.00222333	      0.00789442	     -0.00466650	     -0.01255128	     -0.00583352	      0.00000000	      0.00000000	      0.00000000	     -0.00000000	      0.00000000	     -0.00000000	     -0.00000000	     -0.00334067	     -0.00964985	     -0.01382992	      0.04339388	      0.01497830	     -0.01035745	      0.03983349	      0.02882843	      0.01317026	     -0.00288600	      0.01055289	      0.00000000	     -0.00000000	     -0.01742490	     -0.00054791	     -0.00088813	     -0.00826193	      0.00236182	      0.00269722	      0.00000000	      0.02434493	     -0.00000000	      0.00000000	     -0.00000000	     -0.00000000	      0.00000000	      0.00000000	      0.00000000	      0.00000000	      0.00000000	      0.00000000	      0.00000000	      0.00000000	      0.00000000	      0.00000000	      0.00000000	      0.00000000	      0.00000000	      0.00000000	      0.00000000	      0.00000000	      0.00000000	      0.00000000	      0.00000000	      0.00000000	      0.00000000	      0.00000000	      0.00000000	      0.00000000	      0.00000000	      0.00000000	      0.00000000	      0.00000000	      0.00000000	      0.00000000	      0.00000000	      0.00000000	      0.00000000	      0.00000000	      0.00000000	      0.00000000	      0.00000000	      0.00000000	      0.00000000	      0.00000000	      0.00000000
      2.70500000	      0.00220627	      0.00560681	     -0.00222063	      0.00789309	     -0.00465534	     -0.01253418	     -0.00583605	     -0.00000000	     -0.00000000	      0.00000000	      0.00000000	      0.00000000	     -0.00000000	     -0.00000000	     -0.00340189	     -0.00968161	     -0.01384336	      0.04332945	      0.01489779	     -0.01044399	      0.03976745	      0.02875463	      0.01309317	     -0.00289881	      0.01055091	     -0.00000000	      0.00000000	     -0.01749487	     -0.00054603	     -0.00088776	     -0.00825399	      0.00236116	      0.00269490	     -0.00000000	      0.02428731	     -0.00000000	     -0.00000000	      0.00000000	     -0.00000000	     -0.00000000	      0.00000000	      0.00000000	      0.00000000	      0.00000000	      0.00000000	      0.00000000	      0.00000000	      0.00000000	      0.00000000	      0.00000000	      0.00000000	      0.00000000	      0.00000000	      0.00000000	      0.00000000	      0.00000000	      0.00000000	      0.00000000	      0.00000000	      0.00000000	      0.00000000	      0.00000000	      0.00000000	      0.00000000	      0.00000000	      0.00000000	      0.00000000	      0.00000000	      0.00000000	      0.00000000	      0.00000000	      0.00000000	      0.00000000	      0.00000000	      0.00000000	      0.00000000	      0.00000000	      0.00000000	      0.00000000	      0.00000000
      2.71000000	      0.00221768	      0.00560873	     -0.00221753	      0.00789139	     -0.00464311	     -0.01251517	     -0.00583879	     -0.00000000	      0.00000000	     -0.00000000	     -0.00000000	     -0.00000000	      0.00000000	     -0.00000000	     -0.00346888	     -0.00971822	     -0.01385880	      0.04326156	      0.01481489	     -0.01053321	      0.03969854	      0.02867764	      0.01301354	     -0.00291204	      0.01054930	      0.00000000	      0.00000000	     -0.01756615	     -0.00054310	     -0.00088760	     -0.00824552	      0.00236020	      0.00269211	      0.00000000	      0.02422620	      0.00000000	      0.00000000	      0.00000000	     -0.00000000	     -0.00000000	      0.00000000	      0.00000000	      0.00000000	      0.00000000	      0.00000000	      0.00000000	      0.00000000	      0.00000000	      0.00000000	      0.00000000	      0.00000000	      0.00000000	      0.00000000	      0.00000000	      0.00000000	      0.00000000	      0.00000000	      0.00000000	      0.00000000	      0.00000000	      0.00000000	      0.00000000	      0.00000000	      0.00000000	      0.00000000	      0.00000000	      0.00000000	      0.00000000	      0.00000000	      0.00000000	      0.00000000	      0.00000000	      0.00000000	      0.00000000	      0.00000000	      0.00000000	      0.00000000	      0.00000000	      0.00000000	      0.00000000
      2.71500000	      0.00223041	      0.00561076	     -0.00222038	      0.00788935	     -0.00462989	     -0.01249435	     -0.00584173	      0.00000000	      0.00000000	     -0.00000000	     -0.00000000	      0.00000000	     -0.00000000	     -0.00000000	     -0.00354148	     -0.00975963	     -0.01387616	      0.04319034	      0.01472981	     -0.01062484	      0.03962692	      0.02859770	      0.01293163	     -0.00292561	      0.01054804	      0.00000000	      0.00000000	     -0.01763848	     -0.00053915	     -0.00088765	     -0.00823655	      0.00235894	      0.00268885	     -0.00000000	      0.02416196	      0.00000000	      0.00000000	      0.00000000	     -0.00000000	     -0.00000000	      0.00000000	      0.00000000	      0.00000000	      0.00000000	      0.00000000	      0.00000000	      0.00000000	      0.00000000	      0.00000000	      0.00000000	      0.00000000	      0.00000000	      0.00000000	      0.00000000	      0.00000000	      0.00000000	      0.00000000	      0.00000000	      0.00000000	      0.00000000	      0.00000000	      0.00000000	      0.00000000	      0.00000000	      0.00000000	      0.00000000	      0.00000000	      0.00000000	      0.00000000	      0.00000000	      0.00000000	      0.00000000	      0.00000000	      0.00000000	      0.00000000	      0.00000000	      0.00000000	      0.00000000	      0.00000000	      0.00000000
      2.72000000	      0.00224440	      0.00561291	     -0.00224517	      0.00788699	     -0.00461576	     -0.01247185	     -0.00584485	     -0.00000000	      0.00000000	      0.00000000	      0.00000000	      0.00000000	      0.00000000	      0.00000000	     -0.00361955	     -0.00980580	     -0.01389537	      0.04311583	      0.01464273	     -0.01071862	      0.03955278	      0.02851504	      0.01284771	     -0.00293946	      0.01054715	      0.00000000	      0.00000000	     -0.01771165	     -0.00053419	     -0.00088790	     -0.00822713	      0.00235738	      0.00268514	      0.00000000	      0.02409498	      0.00000000	      0.00000000	     -0.00000000	     -0.00000000	     -0.00000000	      0.00000000	      0.00000000	      0.00000000	      0.00000000	      0.00000000	      0.00000000	      0.00000000	      0.00000000	      0.00000000	      0.00000000	      0.00000000	      0.00000000	      0.00000000	      0.00000000	      0.00000000	      0.00000000	      0.00000000	      0.00000000	      0.00000000	      0.00000000	      0.00000000	      0.00000000	      0.00000000	      0.00000000	      0.00000000	      0.00000000	      0.00000000	      0.00000000	      0.00000000	      0.00000000	      0.00000000	      0.00000000	      0.00000000	      0.00000000	      0.00000000	      0.00000000	      0.00000000	      0.00000000	      0.00000000	      0.00000000
      2.72500000	      0.00225959	      0.00561514	     -0.00224140	      0.00788431	     -0.00460082	     -0.01244778	     -0.00584815	     -0.00000000	      0.00000000	     -0.00000000	      0.00000000	      0.00000000	      0.00000000	      0.00000000	     -0.00370295	     -0.00985666	     -0.01391633	      0.04303804	      0.01455377	     -0.01081439	      0.03947624	      0.02842984	      0.01276199	     -0.00295352	      0.01054663	      0.00000000	     -0.00000000	     -0.01778547	     -0.00052825	     -0.00088833	     -0.00821731	      0.00235553	      0.00268099	      0.00000000	      0.02402565	      0.00000000	      0.00000000	     -0.00000000	     -0.00000000	     -0.00000000	      0.00000000	      0.00000000	      0.00000000	      0.00000000	      0.00000000	      0.00000000	      0.00000000	      0.00000000	      0.00000000	      0.00000000	      0.00000000	      0.00000000	      0.00000000	      0.00000000	      0.00000000	      0.00000000	      0.00000000	      0.00000000	      0.00000000	      0.00000000	      0.00000000	      0.00000000	      0.00000000	      0.00000000	      0.00000000	      0.00000000	      0.00000000	      0.00000000	      0.00000000	      0.00000000	      0.00000000	      0.00000000	      0.00000000	      0.00000000	      0.00000000	      0.00000000	      0.00000000	      0.00000000	      0.00000000	      0.00000000
      2.73000000	      0.00227589	      0.00561745	     -0.00223739	      0.00788137	     -0.00458518	     -0.01242228	     -0.00585161	      0.00000000	     -0.00000000	     -0.00000000	      0.00000000	      0.00000000	      0.00000000	     -0.00000000	     -0.00379158	     -0.00991218	     -0.01393896	      0.04295694	      0.01446298	     -0.01091200	      0.03939737	      0.02834222	      0.01267462	     -0.00296770	      0.01054649	      0.00000000	      0.00000000	     -0.01785981	     -0.00052137	     -0.00088892	     -0.00820712	      0.00235340	      0.00267642	     -0.00000000	      0.02395437	      0.00000000	     -0.00000000	      0.00000000	     -0.00000000	     -0.00000000	      0.00000000	      0.00000000	      0.00000000	      0.00000000	      0.00000000	      0.00000000	      0.00000000	      0.00000000	      0.00000000	      0.00000000	      0.00000000	      0.00000000	      0.00000000	      0.00000000	      0.00000000	      0.00000000	      0.00000000	      0.00000000	      0.00000000	      0.00000000	      0.00000000	      0.00000000	      0.00000000	      0.00000000	      0.00000000	      0.00000000	      0.00000000	      0.00000000	      0.00000000	      0.00000000	      0.00000000	      0.00000000	      0.00000000	      0.00000000	      0.00000000	      0.00000000	      0.00000000	      0.00000000	      0.00000000	      0.00000000
      2.73500000	      0.00229324	      0.00561980	     -0.00223320	      0.00787818	     -0.00456893	     -0.01239548	     -0.00585522	      0.00000000	     -0.00000000	     -0.00000000	      0.00000000	     -0.00000000	      0.00000000	     -0.00000000	     -0.00388537	     -0.00997232	     -0.01396316	      0.04287241	      0.01437033	     -0.01101143	      0.03931620	      0.02825227	      0.01258572	     -0.00298194	      0.01054671	     -0.00000000	     -0.00000000	     -0.01793460	     -0.00051358	     -0.00088965	     -0.00819662	      0.00235100	      0.00267147	     -0.00000000	      0.02388151	     -0.00000000	      0.00000000	      0.00000000	      0.00000000	      0.00000000	      0.00000000	      0.00000000	      0.00000000	      0.00000000	      0.00000000	      0.00000000	      0.00000000	      0.00000000	      0.00000000	      0.00000000	      0.00000000	      0.00000000	      0.00000000	      0.00000000	      0.00000000	      0.00000000	      0.00000000	      0.00000000	      0.00000000	      0.00000000	      0.00000000	      0.00000000	      0.00000000	      0.00000000	      0.00000000	      0.00000000	      0.00000000	      0.00000000	      0.00000000	      0.00000000	      0.00000000	      0.00000000	      0.00000000	      0.00000000	      0.00000000	      0.00000000	      0.00000000	      0.00000000	      0.00000000	      0.00000000
      2.74000000	      0.00231156	      0.00562220	     -0.00222887	      0.00787477	     -0.00455219	     -0.01236749	     -0.00585898	      0.00000000	     -0.00000000	     -0.00000000	      0.00000000	      0.00000000	     -0.00000000	     -0.00000000	     -0.00398427	     -0.01003703	     -0.01398882	      0.04278430	      0.01427574	     -0.01111268	      0.03923271	      0.02816002	      0.01249532	     -0.00299618	      0.01054728	      0.00000000	     -0.00000000	     -0.01800985	     -0.00050493	     -0.00089050	     -0.00818583	      0.00234835	      0.00266617	      0.00000000	      0.02380742	      0.00000000	     -0.00000000	      0.00000000	     -0.00000000	     -0.00000000	      0.00000000	      0.00000000	      0.00000000	      0.00000000	      0.00000000	      0.00000000	      0.00000000	      0.00000000	      0.00000000	      0.00000000	      0.00000000	      0.00000000	      0.00000000	      0.00000000	      0.00000000	      0.00000000	      0.00000000	      0.00000000	      0.00000000	      0.00000000	      0.00000000	      0.00000000	      0.00000000	      0.00000000	      0.00000000	      0.00000000	      0.00000000	      0.00000000	      0.00000000	      0.00000000	      0.00000000	      0.00000000	      0.00000000	      0.00000000	      0.00000000	      0.00000000	      0.00000000	      0.00000000	      0.00000000	      0.00000000
      2.74500000	      0.00233079	      0.00562462	     -0.00222444	      0.00787119	     -0.00453505	     -0.01233846	     -0.00586286	     -0.00000000	     -0.00000000	     -0.00000000	     -0.00000000	     -0.00000000	     -0.00000000	      0.00000000	     -0.00408827	     -0.01010627	     -0.01401585	      0.04269240	      0.01417905	     -0.01121585	      0.03914683	      0.02806544	      0.01240341	     -0.00301035	      0.01054820	     -0.00000000	     -0.00000000	     -0.01808561	     -0.00049546	     -0.00089144	     -0.00817479	      0.00234547	      0.00266053	     -0.00000000	      0.02373242	     -0.00000000	     -0.00000000	     -0.00000000	      0.00000000	      0.00000000	      0.00000000	      0.00000000	      0.00000000	      0.00000000	      0.00000000	      0.00000000	      0.00000000	      0.00000000	      0.00000000	      0.00000000	      0.00000000	      0.00000000	      0.00000000	      0.00000000	      0.00000000	      0.00000000	      0.00000000	      0.00000000	      0.00000000	      0.00000000	      0.00000000	      0.00000000	      0.00000000	      0.00000000	      0.00000000	      0.00000000	      0.00000000	      0.00000000	      0.00000000	      0.00000000	      0.00000000	      0.00000000	      0.00000000	      0.00000000	      0.00000000	      0.00000000	      0.00000000	      0.00000000	      0.00000000	      0.00000000
      2.75000000	      0.00235084	      0.00562705	     -0.00221996	      0.00786746	     -0.00451761	     -0.01230850	     -0.00586686	      0.00000000	      0.00000000	      0.00000000	      0.00000000	      0.00000000	     -0.00000000	     -0.00000000	     -0.00419736	     -0.01018001	     -0.01404414	      0.04259647	      0.01408005	     -0.01132110	      0.03905845	      0.02796847	      0.01230991	     -0.00302441	      0.01054945	     -0.00000000	     -0.00000000	     -0.01816200	     -0.00048523	     -0.00089243	     -0.00816353	      0.00234238	      0.00265461	      0.00000000	      0.02365682	      0.00000000	      0.00000000	      0.00000000	     -0.00000000	     -0.00000000	      0.00000000	      0.00000000	      0.00000000	      0.00000000	      0.00000000	      0.00000000	      0.00000000	      0.00000000	      0.00000000	      0.00000000	      0.00000000	      0.00000000	      0.00000000	      0.00000000	      0.00000000	      0.00000000	      0.00000000	      0.00000000	      0.00000000	      0.00000000	      0.00000000	      0.00000000	      0.00000000	      0.00000000	      0.00000000	      0.00000000	      0.00000000	      0.00000000	      0.00000000	      0.00000000	      0.00000000	      0.00000000	      0.00000000	      0.00000000	      0.00000000	      0.00000000	      0.00000000	      0.00000000	      0.00000000	      0.00000000
      2.75500000	      0.00237166	      0.00562947	     -0.00221547	      0.00786362	     -0.00449996	     -0.01227771	     -0.00587096	      0.00000000	     -0.00000000	      0.00000000	      0.00000000	     -0.00000000	     -0.00000000	     -0.00000000	     -0.00431156	     -0.01025818	     -0.01407359	      0.04249623	      0.01397846	     -0.01142862	      0.03896743	      0.02786899	      0.01221471	     -0.00303832	      0.01055100	     -0.00000000	     -0.00000000	     -0.01823918	     -0.00047431	     -0.00089346	     -0.00815208	      0.00233910	      0.00264844	     -0.00000000	      0.02358084	     -0.00000000	     -0.00000000	      0.00000000	     -0.00000000	      0.00000000	      0.00000000	      0.00000000	      0.00000000	      0.00000000	      0.00000000	      0.00000000	      0.00000000	      0.00000000	      0.00000000	      0.00000000	      0.00000000	      0.00000000	      0.00000000	      0.00000000	      0.00000000	      0.00000000	      0.00000000	      0.00000000	      0.00000000	      0.00000000	      0.00000000	      0.00000000	      0.00000000	      0.00000000	      0.00000000	      0.00000000	      0.00000000	      0.00000000	      0.00000000	      0.00000000	      0.00000000	      0.00000000	      0.00000000	      0.00000000	      0.00000000	      0.00000000	      0.00000000	      0.00000000	      0.00000000	      0.00000000
      2.76000000	      0.00239317	      0.00563187	     -0.00221102	      0.00785970	     -0.00448218	     -0.01224620	     -0.00587516	     -0.00000000	      0.00000000	      0.00000000	     -0.00000000	      0.00000000	     -0.00000000	      0.00000000	     -0.00443089	     -0.01034072	     -0.01410410	      0.04239140	      0.01387399	     -0.01153869	      0.03887358	      0.02776685	      0.01211764	     -0.00305205	      0.01055283	     -0.00000000	     -0.00000000	     -0.01831736	     -0.00046274	     -0.00089383	     -0.00814045	      0.00233565	      0.00264205	     -0.00000000	      0.02350471	      0.00000000	     -0.00000000	      0.00000000	     -0.00000000	     -0.00000000	      0.00000000	      0.00000000	      0.00000000	      0.00000000	      0.00000000	      0.00000000	      0.00000000	      0.00000000	      0.00000000	      0.00000000	      0.00000000	      0.00000000	      0.00000000	      0.00000000	      0.00000000	      0.00000000	      0.00000000	      0.00000000	      0.00000000	      0.00000000	      0.00000000	      0.00000000	      0.00000000	      0.00000000	      0.00000000	      0.00000000	      0.00000000	      0.00000000	      0.00000000	      0.00000000	      0.00000000	      0.00000000	      0.00000000	      0.00000000	      0.00000000	      0.00000000	      0.00000000	      0.00000000	      0.00000000	      0.00000000
      2.76500000	      0.00241532	      0.00563424	     -0.00220664	      0.00785574	     -0.00446433	     -0.01221406	     -0.00587945	      0.00000000	      0.00000000	     -0.00000000	      0.00000000	      0.00000000	      0.00000000	      0.00000000	     -0.00455536	     -0.01042756	     -0.01413556	      0.04228168	      0.01376631	     -0.01165158	      0.03877672	      0.02766187	      0.01201850	     -0.00306557	      0.01055491	      0.00000000	      0.00000000	     -0.01839680	     -0.00045060	     -0.00089483	     -0.00812865	      0.00233207	      0.00263549	      0.00000000	      0.02342859	      0.00000000	     -0.00000000	     -0.00000000	     -0.00000000	     -0.00000000	      0.00000000	      0.00000000	      0.00000000	      0.00000000	      0.00000000	      0.00000000	      0.00000000	      0.00000000	      0.00000000	      0.00000000	      0.00000000	      0.00000000	      0.00000000	      0.00000000	      0.00000000	      0.00000000	      0.00000000	      0.00000000	      0.00000000	      0.00000000	      0.00000000	      0.00000000	      0.00000000	      0.00000000	      0.00000000	      0.00000000	      0.00000000	      0.00000000	      0.00000000	      0.00000000	      0.00000000	      0.00000000	      0.00000000	      0.00000000	      0.00000000	      0.00000000	      0.00000000	      0.00000000	      0.00000000	      0.00000000
      2.77000000	      0.00243804	      0.00563657	     -0.00220237	      0.00785176	     -0.00444648	     -0.01218136	     -0.00588381	     -0.00000000	      0.00000000	     -0.00000000	      0.00000000	     -0.00000000	      0.00000000	      0.00000000	     -0.00468498	     -0.01051859	     -0.01416789	      0.04216680	      0.01365507	     -0.01176759	      0.03867663	      0.02755388	      0.01191707	     -0.00307888	      0.01055722	     -0.00000000	      0.00000000	     -0.01847776	     -0.00043796	     -0.00089575	     -0.00811670	      0.00232837	      0.00262878	      0.00000000	      0.02335258	      0.00000000	      0.00000000	     -0.00000000	     -0.00000000	     -0.00000000	      0.00000000	      0.00000000	      0.00000000	      0.00000000	      0.00000000	      0.00000000	      0.00000000	      0.00000000	      0.00000000	      0.00000000	      0.00000000	      0.00000000	      0.00000000	      0.00000000	      0.00000000	      0.00000000	      0.00000000	      0.00000000	      0.00000000	      0.00000000	      0.00000000	      0.00000000	      0.00000000	      0.00000000	      0.00000000	      0.00000000	      0.00000000	      0.00000000	      0.00000000	      0.00000000	      0.00000000	      0.00000000	      0.00000000	      0.00000000	      0.00000000	      0.00000000	      0.00000000	      0.00000000	      0.00000000	      0.00000000
      2.77500000	      0.00246128	      0.00563885	     -0.00219823	      0.00784779	     -0.00442867	     -0.01214817	     -0.00588824	     -0.00000000	     -0.00000000	     -0.00000000	     -0.00000000	     -0.00000000	     -0.00000000	     -0.00000000	     -0.00481974	     -0.01061368	     -0.01420098	      0.04204651	      0.01353996	     -0.01188702	      0.03857312	      0.02744267	      0.01181311	     -0.00309197	      0.01055972	      0.00000000	      0.00000000	     -0.01856051	     -0.00042489	     -0.00089660	     -0.00810460	      0.00232458	      0.00262196	     -0.00000000	      0.02327676	      0.00000000	      0.00000000	     -0.00000000	     -0.00000000	     -0.00000000	      0.00000000	      0.00000000	      0.00000000	      0.00000000	      0.00000000	      0.00000000	      0.00000000	      0.00000000	      0.00000000	      0.00000000	      0.00000000	      0.00000000	      0.00000000	      0.00000000	      0.00000000	      0.00000000	      0.00000000	      0.00000000	      0.00000000	      0.00000000	      0.00000000	      0.00000000	      0.00000000	      0.00000000	      0.00000000	      0.00000000	      0.00000000	      0.00000000	      0.00000000	      0.00000000	      0.00000000	      0.00000000	      0.00000000	      0.00000000	      0.00000000	      0.00000000	      0.00000000	      0.00000000	      0.00000000	      0.00000000
      2.78000000	      0.00248500	      0.00564107	     -0.00219426	      0.00784385	     -0.00441093	     -0.01211453	     -0.00589272	      0.00000000	      0.00000000	      0.00000000	     -0.00000000	     -0.00000000	     -0.00000000	     -0.00000000	     -0.00495958	     -0.01071267	     -0.01423475	      0.04192061	      0.01342067	     -0.01201015	      0.03846602	      0.02732809	      0.01170641	     -0.00310487	      0.01056237	     -0.00000000	      0.00000000	     -0.01864533	     -0.00041146	     -0.00089732	     -0.00809235	      0.00232072	      0.00261507	     -0.00000000	      0.02320117	     -0.00000000	     -0.00000000	     -0.00000000	      0.00000000	     -0.00000000	      0.00000000	      0.00000000	      0.00000000	      0.00000000	      0.00000000	      0.00000000	      0.00000000	      0.00000000	      0.00000000	      0.00000000	      0.00000000	      0.00000000	      0.00000000	      0.00000000	      0.00000000	      0.00000000	      0.00000000	      0.00000000	      0.00000000	      0.00000000	      0.00000000	      0.00000000	      0.00000000	      0.00000000	      0.00000000	      0.00000000	      0.00000000	      0.00000000	      0.00000000	      0.00000000	      0.00000000	      0.00000000	      0.00000000	      0.00000000	      0.00000000	      0.00000000	      0.00000000	      0.00000000	      0.00000000	      0.00000000
      2.78500000	      0.00250913	      0.00564324	     -0.00219046	      0.00783995	     -0.00439328	     -0.01208051	     -0.00589726	     -0.00000000	      0.00000000	      0.00000000	     -0.00000000	     -0.00000000	     -0.00000000	      0.00000000	     -0.00510439	     -0.01081536	     -0.01426910	      0.04178898	      0.01329696	     -0.01213723	      0.03835519	      0.02720998	      0.01159677	     -0.00311759	      0.01056515	      0.00000000	      0.00000000	     -0.01873246	     -0.00039774	     -0.00089791	     -0.00807995	      0.00231682	      0.00260814	      0.00000000	      0.02312579	     -0.00000000	     -0.00000000	     -0.00000000	      0.00000000	     -0.00000000	      0.00000000	      0.00000000	      0.00000000	      0.00000000	      0.00000000	      0.00000000	      0.00000000	      0.00000000	      0.00000000	      0.00000000	      0.00000000	      0.00000000	      0.00000000	      0.00000000	      0.00000000	      0.00000000	      0.00000000	      0.00000000	      0.00000000	      0.00000000	      0.00000000	      0.00000000	      0.00000000	      0.00000000	      0.00000000	      0.00000000	      0.00000000	      0.00000000	      0.00000000	      0.00000000	      0.00000000	      0.00000000	      0.00000000	      0.00000000	      0.00000000	      0.00000000	      0.00000000	      0.00000000	      0.00000000	      0.00000000
      2.79000000	      0.00253363	      0.00564534	     -0.00218685	      0.00783611	     -0.00437574	     -0.01204612	     -0.00590183	     -0.00000000	     -0.00000000	     -0.00000000	      0.00000000	     -0.00000000	     -0.00000000	     -0.00000000	     -0.00525398	     -0.01092148	     -0.01430393	      0.04165156	      0.01316864	     -0.01226841	      0.03824053	      0.02708826	      0.01148402	     -0.00313017	      0.01056802	      0.00000000	      0.00000000	     -0.01882213	     -0.00038382	     -0.00089834	     -0.00806739	      0.00231290	      0.00260119	     -0.00000000	      0.02305060	      0.00000000	     -0.00000000	      0.00000000	      0.00000000	     -0.00000000	      0.00000000	      0.00000000	      0.00000000	      0.00000000	      0.00000000	      0.00000000	      0.00000000	      0.00000000	      0.00000000	      0.00000000	      0.00000000	      0.00000000	      0.00000000	      0.00000000	      0.00000000	      0.00000000	      0.00000000	      0.00000000	      0.00000000	      0.00000000	      0.00000000	      0.00000000	      0.00000000	      0.00000000	      0.00000000	      0.00000000	      0.00000000	      0.00000000	      0.00000000	      0.00000000	      0.00000000	      0.00000000	      0.00000000	      0.00000000	      0.00000000	      0.00000000	      0.00000000	      0.00000000	      0.00000000	      0.00000000
      2.79500000	      0.00255844	      0.00564738	     -0.00218344	      0.00783234	     -0.00435831	     -0.01201142	     -0.00590643	      0.00000000	      0.00000000	      0.00000000	     -0.00000000	      0.00000000	     -0.00000000	     -0.00000000	     -0.00540812	     -0.01103073	     -0.01433915	      0.04150844	      0.01303564	     -0.01240379	      0.03812203	      0.02696289	      0.01136807	     -0.00314263	      0.01057093	      0.00000000	     -0.00000000	     -0.01891447	     -0.00036977	     -0.00089861	     -0.00805468	      0.00230897	      0.00259425	     -0.00000000	      0.02297557	      0.00000000	     -0.00000000	     -0.00000000	     -0.00000000	      0.00000000	      0.00000000	      0.00000000	      0.00000000	      0.00000000	      0.00000000	      0.00000000	      0.00000000	      0.00000000	      0.00000000	      0.00000000	      0.00000000	      0.00000000	      0.00000000	      0.00000000	      0.00000000	      0.00000000	      0.00000000	      0.00000000	      0.00000000	      0.00000000	      0.00000000	      0.00000000	      0.00000000	      0.00000000	      0.00000000	      0.00000000	      0.00000000	      0.00000000	      0.00000000	      0.00000000	      0.00000000	      0.00000000	      0.00000000	      0.00000000	      0.00000000	      0.00000000	      0.00000000	      0.00000000	      0.00000000	      0.00000000
      2.80000000	      0.00258352	      0.00564936	     -0.00218022	      0.00782864	     -0.00434098	     -0.01197643	     -0.00591104	     -0.00000000	     -0.00000000	     -0.00000000	     -0.00000000	     -0.00000000	     -0.00000000	     -0.00000000	     -0.00556645	     -0.01114275	     -0.01437465	      0.04135978	      0.01289797	     -0.01254337	      0.03799975	      0.02683394	      0.01124890	     -0.00315502	      0.01057386	     -0.00000000	     -0.00000000	     -0.01900957	     -0.00035567	     -0.00089869	     -0.00804181	      0.00230505	      0.00258734	      0.00000000	      0.02290064	     -0.00000000	     -0.00000000	     -0.00000000	     -0.00000000	     -0.00000000	      0.00000000	      0.00000000	      0.00000000	      0.00000000	      0.00000000	      0.00000000	      0.00000000	      0.00000000	      0.00000000	      0.00000000	      0.00000000	      0.00000000	      0.00000000	      0.00000000	      0.00000000	      0.00000000	      0.00000000	      0.00000000	      0.00000000	      0.00000000	      0.00000000	      0.00000000	      0.00000000	      0.00000000	      0.00000000	      0.00000000	      0.00000000	      0.00000000	      0.00000000	      0.00000000	      0.00000000	      0.00000000	      0.00000000	      0.00000000	      0.00000000	      0.00000000	      0.00000000	      0.00000000	      0.00000000	      0.00000000
      2.80500000	      0.00260880	      0.00565127	     -0.00217719	      0.00782502	     -0.00432373	     -0.01194119	     -0.00591566	      0.00000000	     -0.00000000	      0.00000000	     -0.00000000	      0.00000000	      0.00000000	     -0.00000000	     -0.00572851	     -0.01125710	     -0.01441032	      0.04120592	      0.01275578	     -0.01268702	      0.03787387	      0.02670155	      0.01112657	     -0.00316738	      0.01057678	     -0.00000000	     -0.00000000	     -0.01910744	     -0.00034160	     -0.00089859	     -0.00802878	      0.00230117	      0.00258048	     -0.00000000	      0.02282577	     -0.00000000	     -0.00000000	     -0.00000000	      0.00000000	      0.00000000	      0.00000000	      0.00000000	      0.00000000	      0.00000000	      0.00000000	      0.00000000	      0.00000000	      0.00000000	      0.00000000	      0.00000000	      0.00000000	      0.00000000	      0.00000000	      0.00000000	      0.00000000	      0.00000000	      0.00000000	      0.00000000	      0.00000000	      0.00000000	      0.00000000	      0.00000000	      0.00000000	      0.00000000	      0.00000000	      0.00000000	      0.00000000	      0.00000000	      0.00000000	      0.00000000	      0.00000000	      0.00000000	      0.00000000	      0.00000000	      0.00000000	      0.00000000	      0.00000000	      0.00000000	      0.00000000	      0.00000000
      2.81000000	      0.00263422	      0.00565312	     -0.00217433	      0.00782146	     -0.00430657	     -0.01190574	     -0.00592027	      0.00000000	     -0.00000000	     -0.00000000	      0.00000000	     -0.00000000	      0.00000000	      0.00000000	     -0.00589376	     -0.01137330	     -0.01444605	      0.04104732	      0.01260937	     -0.01283446	      0.03774464	      0.02656598	      0.01100126	     -0.00317975	      0.01057963	      0.00000000	     -0.00000000	     -0.01920796	     -0.00032764	     -0.00089830	     -0.00801561	      0.00229733	      0.00257368	     -0.00000000	      0.02275094	     -0.00000000	     -0.00000000	     -0.00000000	      0.00000000	     -0.00000000	      0.00000000	      0.00000000	      0.00000000	      0.00000000	      0.00000000	      0.00000000	      0.00000000	      0.00000000	      0.00000000	      0.00000000	      0.00000000	      0.00000000	      0.00000000	      0.00000000	      0.00000000	      0.00000000	      0.00000000	      0.00000000	      0.00000000	      0.00000000	      0.00000000	      0.00000000	      0.00000000	      0.00000000	      0.00000000	      0.00000000	      0.00000000	      0.00000000	      0.00000000	      0.00000000	      0.00000000	      0.00000000	      0.00000000	      0.00000000	      0.00000000	      0.00000000	      0.00000000	      0.00000000	      0.00000000	      0.00000000
      2.81500000	      0.00265969	      0.00565490	     -0.00217165	      0.00781797	     -0.00429085	     -0.01187016	     -0.00592485	      0.00000000	      0.00000000	      0.00000000	      0.00000000	     -0.00000000	     -0.00000000	      0.00000000	     -0.00606150	     -0.01149077	     -0.01448171	      0.04088460	      0.01245916	     -0.01298529	      0.03761247	      0.02642761	      0.01087326	     -0.00319218	      0.01058241	     -0.00000000	      0.00000000	     -0.01931094	     -0.00031387	     -0.00089782	     -0.00800231	      0.00229354	      0.00256695	      0.00000000	      0.02267614	     -0.00000000	      0.00000000	      0.00000000	     -0.00000000	     -0.00000000	      0.00000000	      0.00000000	      0.00000000	      0.00000000	      0.00000000	      0.00000000	      0.00000000	      0.00000000	      0.00000000	      0.00000000	      0.00000000	      0.00000000	      0.00000000	      0.00000000	      0.00000000	      0.00000000	      0.00000000	      0.00000000	      0.00000000	      0.00000000	      0.00000000	      0.00000000	      0.00000000	      0.00000000	      0.00000000	      0.00000000	      0.00000000	      0.00000000	      0.00000000	      0.00000000	      0.00000000	      0.00000000	      0.00000000	      0.00000000	      0.00000000	      0.00000000	      0.00000000	      0.00000000	      0.00000000	      0.00000000
      2.82000000	      0.00268513	      0.00565663	     -0.00216910	      0.00781455	     -0.00427586	     -0.01183451	     -0.00592940	      0.00000000	      0.00000000	      0.00000000	      0.00000000	      0.00000000	      0.00000000	     -0.00000000	     -0.00623094	     -0.01160888	     -0.01451716	      0.04071855	      0.01230372	     -0.01313897	      0.03747785	      0.02628694	      0.01074299	     -0.00320469	      0.01058508	      0.00000000	      0.00000000	     -0.01941605	     -0.00030036	     -0.00089717	     -0.00798890	      0.00228982	      0.00256030	     -0.00000000	      0.02260141	      0.00000000	      0.00000000	      0.00000000	     -0.00000000	      0.00000000	      0.00000000	      0.00000000	      0.00000000	      0.00000000	      0.00000000	      0.00000000	      0.00000000	      0.00000000	      0.00000000	      0.00000000	      0.00000000	      0.00000000	      0.00000000	      0.00000000	      0.00000000	      0.00000000	      0.00000000	      0.00000000	      0.00000000	      0.00000000	      0.00000000	      0.00000000	      0.00000000	      0.00000000	      0.00000000	      0.00000000	      0.00000000	      0.00000000	      0.00000000	      0.00000000	      0.00000000	      0.00000000	      0.00000000	      0.00000000	      0.00000000	      0.00000000	      0.00000000	      0.00000000	      0.00000000	      0.00000000
      2.82500000	      0.00271044	      0.00565830	     -0.00216669	      0.00781117	     -0.00426092	     -0.01179889	     -0.00593389	      0.00000000	      0.00000000	     -0.00000000	      0.00000000	      0.00000000	     -0.00000000	     -0.00000000	     -0.00640115	     -0.01172692	     -0.01455224	      0.04055011	      0.01212903	     -0.01329477	      0.03734144	      0.02614461	      0.01061098	     -0.00321733	      0.01058760	     -0.00000000	     -0.00000000	     -0.01952286	     -0.00028720	     -0.00089636	     -0.00797543	      0.00228617	      0.00255375	     -0.00000000	      0.02252683	     -0.00000000	     -0.00000000	      0.00000000	     -0.00000000	      0.00000000	      0.00000000	      0.00000000	      0.00000000	      0.00000000	      0.00000000	      0.00000000	      0.00000000	      0.00000000	      0.00000000	      0.00000000	      0.00000000	      0.00000000	      0.00000000	      0.00000000	      0.00000000	      0.00000000	      0.00000000	      0.00000000	      0.00000000	      0.00000000	      0.00000000	      0.00000000	      0.00000000	      0.00000000	      0.00000000	      0.00000000	      0.00000000	      0.00000000	      0.00000000	      0.00000000	      0.00000000	      0.00000000	      0.00000000	      0.00000000	      0.00000000	      0.00000000	      0.00000000	      0.00000000	      0.00000000	      0.00000000
      2.83000000	      0.00273551	      0.00565991	     -0.00216438	      0.00780778	     -0.00424606	     -0.01176341	     -0.00593832	      0.00000000	      0.00000000	      0.00000000	     -0.00000000	     -0.00000000	     -0.00000000	     -0.00000000	     -0.00657109	     -0.01184415	     -0.01458681	      0.04038038	      0.01195287	     -0.01345184	      0.03720399	      0.02600136	      0.01047789	     -0.00323012	      0.01058997	      0.00000000	      0.00000000	     -0.01963084	     -0.00027446	     -0.00089541	     -0.00796192	      0.00228260	      0.00254728	      0.00000000	      0.02245252	      0.00000000	      0.00000000	      0.00000000	      0.00000000	      0.00000000	      0.00000000	      0.00000000	      0.00000000	      0.00000000	      0.00000000	      0.00000000	      0.00000000	      0.00000000	      0.00000000	      0.00000000	      0.00000000	      0.00000000	      0.00000000	      0.00000000	      0.00000000	      0.00000000	      0.00000000	      0.00000000	      0.00000000	      0.00000000	      0.00000000	      0.00000000	      0.00000000	      0.00000000	      0.00000000	      0.00000000	      0.00000000	      0.00000000	      0.00000000	      0.00000000	      0.00000000	      0.00000000	      0.00000000	      0.00000000	      0.00000000	      0.00000000	      0.00000000	      0.00000000	      0.00000000	      0.00000000
      2.83500000	      0.00276022	      0.00566147	     -0.00216215	      0.00780450	     -0.00423128	     -0.01172822	     -0.00594266	      0.00000000	     -0.00000000	      0.00000000	      0.00000000	     -0.00000000	     -0.00000000	      0.00000000	     -0.00673965	     -0.01195974	     -0.01462068	      0.04021058	      0.01177653	     -0.01360922	      0.03706637	      0.02585805	      0.01034449	     -0.00324307	      0.01059215	      0.00000000	      0.00000000	     -0.01973935	     -0.00026222	     -0.00089433	     -0.00794844	      0.00227911	      0.00254090	      0.00000000	      0.02237865	      0.00000000	      0.00000000	      0.00000000	      0.00000000	     -0.00000000	      0.00000000	      0.00000000	      0.00000000	      0.00000000	      0.00000000	      0.00000000	      0.00000000	      0.00000000	      0.00000000	      0.00000000	      0.00000000	      0.00000000	      0.00000000	      0.00000000	      0.00000000	      0.00000000	      0.00000000	      0.00000000	      0.00000000	      0.00000000	      0.00000000	      0.00000000	      0.00000000	      0.00000000	      0.00000000	      0.00000000	      0.00000000	      0.00000000	      0.00000000	      0.00000000	      0.00000000	      0.00000000	      0.00000000	      0.00000000	      0.00000000	      0.00000000	      0.00000000	      0.00000000	      0.00000000	      0.00000000
      2.84000000	      0.00278444	      0.00566298	     -0.00215998	      0.00780119	     -0.00421662	     -0.01169346	     -0.00594690	     -0.00000000	     -0.00000000	     -0.00000000	     -0.00000000	     -0.00000000	      0.00000000	      0.00000000	     -0.00690560	     -0.01207285	     -0.01465369	      0.04004203	      0.01160142	     -0.01376582	      0.03692952	      0.02571564	      0.01021163	     -0.00325622	      0.01059413	      0.00000000	     -0.00000000	     -0.01984767	     -0.00025055	     -0.00089316	     -0.00793505	      0.00227570	      0.00253461	      0.00000000	      0.02230542	     -0.00000000	      0.00000000	     -0.00000000	     -0.00000000	     -0.00000000	      0.00000000	      0.00000000	      0.00000000	      0.00000000	      0.00000000	      0.00000000	      0.00000000	      0.00000000	      0.00000000	      0.00000000	      0.00000000	      0.00000000	      0.00000000	      0.00000000	      0.00000000	      0.00000000	      0.00000000	      0.00000000	      0.00000000	      0.00000000	      0.00000000	      0.00000000	      0.00000000	      0.00000000	      0.00000000	      0.00000000	      0.00000000	      0.00000000	      0.00000000	      0.00000000	      0.00000000	      0.00000000	      0.00000000	      0.00000000	      0.00000000	      0.00000000	      0.00000000	      0.00000000	      0.00000000	      0.00000000
      2.84500000	      0.00280802	      0.00566445	     -0.00215785	      0.00779798	     -0.00420210	     -0.01165932	     -0.00595103	     -0.00000000	     -0.00000000	     -0.00000000	     -0.00000000	     -0.00000000	     -0.00000000	     -0.00000000	     -0.00706773	     -0.01218263	     -0.01468567	      0.03987613	      0.01142902	     -0.01392052	      0.03679444	      0.02557511	      0.01008021	     -0.00326955	      0.01059588	     -0.00000000	     -0.00000000	     -0.01995504	     -0.00023951	     -0.00089191	     -0.00792180	      0.00227237	      0.00252840	     -0.00000000	      0.02223307	      0.00000000	     -0.00000000	     -0.00000000	     -0.00000000	     -0.00000000	      0.00000000	      0.00000000	      0.00000000	      0.00000000	      0.00000000	      0.00000000	      0.00000000	      0.00000000	      0.00000000	      0.00000000	      0.00000000	      0.00000000	      0.00000000	      0.00000000	      0.00000000	      0.00000000	      0.00000000	      0.00000000	      0.00000000	      0.00000000	      0.00000000	      0.00000000	      0.00000000	      0.00000000	      0.00000000	      0.00000000	      0.00000000	      0.00000000	      0.00000000	      0.00000000	      0.00000000	      0.00000000	      0.00000000	      0.00000000	      0.00000000	      0.00000000	      0.00000000	      0.00000000	      0.00000000	      0.00000000
      2.85000000	      0.00283083	      0.00566587	     -0.00215427	      0.00779481	     -0.00418777	     -0.01162598	     -0.00595504	     -0.00000000	     -0.00000000	     -0.00000000	     -0.00000000	     -0.00000000	     -0.00000000	      0.00000000	     -0.00722479	     -0.01228823	     -0.01471642	      0.03971427	      0.01126079	     -0.01407218	      0.03666215	      0.02543746	      0.00995114	     -0.00328308	      0.01059741	     -0.00000000	     -0.00000000	     -0.02006071	     -0.00022919	     -0.00089063	     -0.00790878	      0.00226913	      0.00252228	     -0.00000000	      0.02216188	     -0.00000000	     -0.00000000	      0.00000000	      0.00000000	      0.00000000	      0.00000000	      0.00000000	      0.00000000	      0.00000000	      0.00000000	      0.00000000	      0.00000000	      0.00000000	      0.00000000	      0.00000000	      0.00000000	      0.00000000	      0.00000000	      0.00000000	      0.00000000	      0.00000000	      0.00000000	      0.00000000	      0.00000000	      0.00000000	      0.00000000	      0.00000000	      0.00000000	      0.00000000	      0.00000000	      0.00000000	      0.00000000	      0.00000000	      0.00000000	      0.00000000	      0.00000000	      0.00000000	      0.00000000	      0.00000000	      0.00000000	      0.00000000	      0.00000000	      0.00000000	      0.00000000	      0.00000000
      2.85500000	      0.00285271	      0.00566725	     -0.00215219	      0.00779169	     -0.00417369	     -0.01159365	     -0.00595891	     -0.00000000	     -0.00000000	      0.00000000	     -0.00000000	     -0.00000000	      0.00000000	      0.00000000	     -0.00737562	     -0.01238885	     -0.01474579	      0.03955777	      0.01109813	     -0.01421971	      0.03653360	      0.02530368	      0.00982531	     -0.00329679	      0.01059867	      0.00000000	     -0.00000000	     -0.02016395	     -0.00021963	     -0.00088895	     -0.00789605	      0.00226597	      0.00251625	     -0.00000000	      0.02209211	     -0.00000000	     -0.00000000	      0.00000000	      0.00000000	     -0.00000000	      0.00000000	      0.00000000	      0.00000000	      0.00000000	      0.00000000	      0.00000000	      0.00000000	      0.00000000	      0.00000000	      0.00000000	      0.00000000	      0.00000000	      0.00000000	      0.00000000	      0.00000000	      0.00000000	      0.00000000	      0.00000000	      0.00000000	      0.00000000	      0.00000000	      0.00000000	      0.00000000	      0.00000000	      0.00000000	      0.00000000	      0.00000000	      0.00000000	      0.00000000	      0.00000000	      0.00000000	      0.00000000	      0.00000000	      0.00000000	      0.00000000	      0.00000000	      0.00000000	      0.00000000	      0.00000000	      0.00000000
      2.86000000	      0.00287353	      0.00566858	     -0.00215011	      0.00778893	     -0.00415992	     -0.01156251	     -0.00596264	      0.00000000	      0.00000000	      0.00000000	      0.00000000	      0.00000000	      0.00000000	      0.00000000	     -0.00751912	     -0.01248375	     -0.01477360	      0.03940787	      0.01094231	     -0.01436215	      0.03640971	      0.02517464	      0.00970353	     -0.00331066	      0.01059968	      0.00000000	     -0.00000000	     -0.02026408	     -0.00021091	     -0.00088764	     -0.00788369	      0.00226291	      0.00251031	      0.00000000	      0.02202406	      0.00000000	     -0.00000000	     -0.00000000	     -0.00000000	      0.00000000	      0.00000000	      0.00000000	      0.00000000	      0.00000000	      0.00000000	      0.00000000	      0.00000000	      0.00000000	      0.00000000	      0.00000000	      0.00000000	      0.00000000	      0.00000000	      0.00000000	      0.00000000	      0.00000000	      0.00000000	      0.00000000	      0.00000000	      0.00000000	      0.00000000	      0.00000000	      0.00000000	      0.00000000	      0.00000000	      0.00000000	      0.00000000	      0.00000000	      0.00000000	      0.00000000	      0.00000000	      0.00000000	      0.00000000	      0.00000000	      0.00000000	      0.00000000	      0.00000000	      0.00000000	      0.00000000	      0.00000000
      2.86500000	      0.00289315	      0.00566988	     -0.00214803	      0.00778594	     -0.00414651	     -0.01153278	     -0.00596620	      0.00000000	      0.00000000	      0.00000000	      0.00000000	      0.00000000	      0.00000000	     -0.00000000	     -0.00765434	     -0.01257228	     -0.01479971	      0.03926563	      0.01079442	     -0.01449866	      0.03629123	      0.02505112	      0.00958648	     -0.00332467	      0.01060040	      0.00000000	      0.00000000	     -0.02036056	     -0.00020306	     -0.00088635	     -0.00787176	      0.00225994	      0.00250448	     -0.00000000	      0.02195800	     -0.00000000	     -0.00000000	      0.00000000	      0.00000000	      0.00000000	      0.00000000	      0.00000000	      0.00000000	      0.00000000	      0.00000000	      0.00000000	      0.00000000	      0.00000000	      0.00000000	      0.00000000	      0.00000000	      0.00000000	      0.00000000	      0.00000000	      0.00000000	      0.00000000	      0.00000000	      0.00000000	      0.00000000	      0.00000000	      0.00000000	      0.00000000	      0.00000000	      0.00000000	      0.00000000	      0.00000000	      0.00000000	      0.00000000	      0.00000000	      0.00000000	      0.00000000	      0.00000000	      0.00000000	      0.00000000	      0.00000000	      0.00000000	      0.00000000	      0.00000000	      0.00000000	      0.00000000
      2.87000000	      0.00291145	      0.00567113	     -0.00214595	      0.00778304	     -0.00413355	     -0.01150463	     -0.00596960	      0.00000000	     -0.00000000	     -0.00000000	      0.00000000	     -0.00000000	     -0.00000000	      0.00000000	     -0.00778049	     -0.01265389	     -0.01482397	      0.03913193	      0.01065536	     -0.01462857	      0.03617882	      0.02493376	      0.00947474	     -0.00333879	      0.01060082	     -0.00000000	     -0.00000000	     -0.02045295	     -0.00019616	     -0.00088510	     -0.00786032	      0.00225710	      0.00249879	      0.00000000	      0.02189419	      0.00000000	      0.00000000	     -0.00000000	     -0.00000000	     -0.00000000	      0.00000000	      0.00000000	      0.00000000	      0.00000000	      0.00000000	      0.00000000	      0.00000000	      0.00000000	      0.00000000	      0.00000000	      0.00000000	      0.00000000	      0.00000000	      0.00000000	      0.00000000	      0.00000000	      0.00000000	      0.00000000	      0.00000000	      0.00000000	      0.00000000	      0.00000000	      0.00000000	      0.00000000	      0.00000000	      0.00000000	      0.00000000	      0.00000000	      0.00000000	      0.00000000	      0.00000000	      0.00000000	      0.00000000	      0.00000000	      0.00000000	      0.00000000	      0.00000000	      0.00000000	      0.00000000	      0.00000000
      2.87500000	      0.00292832	      0.00567235	     -0.00214388	      0.00778026	     -0.00412110	     -0.01147826	     -0.00597281	     -0.00000000	      0.00000000	      0.00000000	     -0.00000000	      0.00000000	     -0.00000000	      0.00000000	     -0.00789691	     -0.01272811	     -0.01484626	      0.03900746	      0.01052580	     -0.01475140	      0.03607297	      0.02482304	      0.00936872	     -0.00335298	      0.01060094	      0.00000000	      0.00000000	     -0.02054093	     -0.00019024	     -0.00088387	     -0.00784942	      0.00225438	      0.00249325	     -0.00000000	      0.02183286	     -0.00000000	      0.00000000	     -0.00000000	      0.00000000	      0.00000000	      0.00000000	      0.00000000	      0.00000000	      0.00000000	      0.00000000	      0.00000000	      0.00000000	      0.00000000	      0.00000000	      0.00000000	      0.00000000	      0.00000000	      0.00000000	      0.00000000	      0.00000000	      0.00000000	      0.00000000	      0.00000000	      0.00000000	      0.00000000	      0.00000000	      0.00000000	      0.00000000	      0.00000000	      0.00000000	      0.00000000	      0.00000000	      0.00000000	      0.00000000	      0.00000000	      0.00000000	      0.00000000	      0.00000000	      0.00000000	      0.00000000	      0.00000000	      0.00000000	      0.00000000	      0.00000000	      0.00000000
      2.88000000	      0.00294364	      0.00567353	     -0.00214183	      0.00777757	     -0.00410924	     -0.01145381	     -0.00597584	     -0.00000000	     -0.00000000	     -0.00000000	     -0.00000000	     -0.00000000	     -0.00000000	     -0.00000000	     -0.00800313	     -0.01279459	     -0.01486647	      0.03889271	      0.01040618	     -0.01486685	      0.03597403	      0.02471929	      0.00926870	     -0.00336720	      0.01060072	     -0.00000000	     -0.00000000	     -0.02062433	     -0.00018536	     -0.00088268	     -0.00783911	      0.00225182	      0.00248791	     -0.00000000	      0.02177421	     -0.00000000	     -0.00000000	     -0.00000000	      0.00000000	     -0.00000000	      0.00000000	      0.00000000	      0.00000000	      0.00000000	      0.00000000	      0.00000000	      0.00000000	      0.00000000	      0.00000000	      0.00000000	      0.00000000	      0.00000000	      0.00000000	      0.00000000	      0.00000000	      0.00000000	      0.00000000	      0.00000000	      0.00000000	      0.00000000	      0.00000000	      0.00000000	      0.00000000	      0.00000000	      0.00000000	      0.00000000	      0.00000000	      0.00000000	      0.00000000	      0.00000000	      0.00000000	      0.00000000	      0.00000000	      0.00000000	      0.00000000	      0.00000000	      0.00000000	      0.00000000	      0.00000000	      0.00000000
      2.88500000	      0.00295735	      0.00567466	     -0.00213984	      0.00777510	     -0.00409802	     -0.01143143	     -0.00597866	      0.00000000	     -0.00000000	      0.00000000	      0.00000000	     -0.00000000	     -0.00000000	     -0.00000000	     -0.00809884	     -0.01285308	     -0.01488450	      0.03878795	      0.01029675	     -0.01497481	      0.03588218	      0.02462271	      0.00917481	     -0.00338141	      0.01060016	     -0.00000000	     -0.00000000	     -0.02070309	     -0.00018156	     -0.00088152	     -0.00782942	      0.00224943	      0.00248279	     -0.00000000	      0.02171840	     -0.00000000	     -0.00000000	     -0.00000000	      0.00000000	     -0.00000000	      0.00000000	      0.00000000	      0.00000000	      0.00000000	      0.00000000	      0.00000000	      0.00000000	      0.00000000	      0.00000000	      0.00000000	      0.00000000	      0.00000000	      0.00000000	      0.00000000	      0.00000000	      0.00000000	      0.00000000	      0.00000000	      0.00000000	      0.00000000	      0.00000000	      0.00000000	      0.00000000	      0.00000000	      0.00000000	      0.00000000	      0.00000000	      0.00000000	      0.00000000	      0.00000000	      0.00000000	      0.00000000	      0.00000000	      0.00000000	      0.00000000	      0.00000000	      0.00000000	      0.00000000	      0.00000000	      0.00000000
      2.89000000	      0.00296937	      0.00567576	     -0.00213791	      0.00777282	     -0.00408750	     -0.01141123	     -0.00598128	     -0.00000000	     -0.00000000	      0.00000000	      0.00000000	      0.00000000	      0.00000000	      0.00000000	     -0.00818388	     -0.01290344	     -0.01490028	      0.03869329	      0.01019755	     -0.01507532	      0.03579748	      0.02453333	      0.00908704	     -0.00339557	      0.01059925	      0.00000000	      0.00000000	     -0.02077729	     -0.00017888	     -0.00088044	     -0.00782037	      0.00224724	      0.00247795	      0.00000000	      0.02166552	      0.00000000	     -0.00000000	     -0.00000000	     -0.00000000	     -0.00000000	      0.00000000	      0.00000000	      0.00000000	      0.00000000	      0.00000000	      0.00000000	      0.00000000	      0.00000000	      0.00000000	      0.00000000	      0.00000000	      0.00000000	      0.00000000	      0.00000000	      0.00000000	      0.00000000	      0.00000000	      0.00000000	      0.00000000	      0.00000000	      0.00000000	      0.00000000	      0.00000000	      0.00000000	      0.00000000	      0.00000000	      0.00000000	      0.00000000	      0.00000000	      0.00000000	      0.00000000	      0.00000000	      0.00000000	      0.00000000	      0.00000000	      0.00000000	      0.00000000	      0.00000000	      0.00000000	      0.00000000
      2.89500000	      0.00297965	      0.00567681	     -0.00213606	      0.00777071	     -0.00407773	     -0.01139329	     -0.00598367	     -0.00000000	     -0.00000000	     -0.00000000	     -0.00000000	      0.00000000	      0.00000000	      0.00000000	     -0.00825822	     -0.01294559	     -0.01491376	      0.03860866	      0.01010842	     -0.01516857	      0.03571985	      0.02445106	      0.00900527	     -0.00340963	      0.01059797	      0.00000000	      0.00000000	     -0.02084709	     -0.00017735	     -0.00087930	     -0.00781196	      0.00224528	      0.00247343	      0.00000000	      0.02161566	     -0.00000000	      0.00000000	      0.00000000	      0.00000000	      0.00000000	      0.00000000	      0.00000000	      0.00000000	      0.00000000	      0.00000000	      0.00000000	      0.00000000	      0.00000000	      0.00000000	      0.00000000	      0.00000000	      0.00000000	      0.00000000	      0.00000000	      0.00000000	      0.00000000	      0.00000000	      0.00000000	      0.00000000	      0.00000000	      0.00000000	      0.00000000	      0.00000000	      0.00000000	      0.00000000	      0.00000000	      0.00000000	      0.00000000	      0.00000000	      0.00000000	      0.00000000	      0.00000000	      0.00000000	      0.00000000	      0.00000000	      0.00000000	      0.00000000	      0.00000000	      0.00000000	      0.00000000
      2.90000000	      0.00298817	      0.00567783	     -0.00213432	      0.00776889	     -0.00406875	     -0.01137767	     -0.00598583	     -0.00000000	      0.00000000	      0.00000000	      0.00000000	      0.00000000	      0.00000000	     -0.00000000	     -0.00832200	     -0.01297956	     -0.01492490	      0.03853383	      0.01002909	     -0.01525489	      0.03564909	      0.02437569	      0.00892926	     -0.00342358	      0.01059630	      0.00000000	      0.00000000	     -0.02091275	     -0.00017700	     -0.00087816	     -0.00780421	      0.00224357	      0.00246927	      0.00000000	      0.02156881	     -0.00000000	      0.00000000	     -0.00000000	     -0.00000000	     -0.00000000	      0.00000000	      0.00000000	      0.00000000	      0.00000000	      0.00000000	      0.00000000	      0.00000000	      0.00000000	      0.00000000	      0.00000000	      0.00000000	      0.00000000	      0.00000000	      0.00000000	      0.00000000	      0.00000000	      0.00000000	      0.00000000	      0.00000000	      0.00000000	      0.00000000	      0.00000000	      0.00000000	      0.00000000	      0.00000000	      0.00000000	      0.00000000	      0.00000000	      0.00000000	      0.00000000	      0.00000000	      0.00000000	      0.00000000	      0.00000000	      0.00000000	      0.00000000	      0.00000000	      0.00000000	      0.00000000	      0.00000000
      2.90500000	      0.00299492	      0.00567880	     -0.00213271	      0.00776733	     -0.00406059	     -0.01136440	     -0.00598775	     -0.00000000	     -0.00000000	     -0.00000000	      0.00000000	      0.00000000	     -0.00000000	     -0.00000000	     -0.00837543	     -0.01300544	     -0.01493370	      0.03846847	      0.00995912	     -0.01533470	      0.03558492	      0.02430691	      0.00885868	     -0.00343737	      0.01059423	      0.00000000	      0.00000000	     -0.02097460	     -0.00017786	     -0.00087698	     -0.00779709	      0.00224215	      0.00246551	      0.00000000	      0.02152494	     -0.00000000	      0.00000000	     -0.00000000	     -0.00000000	      0.00000000	      0.00000000	      0.00000000	      0.00000000	      0.00000000	      0.00000000	      0.00000000	      0.00000000	      0.00000000	      0.00000000	      0.00000000	      0.00000000	      0.00000000	      0.00000000	      0.00000000	      0.00000000	      0.00000000	      0.00000000	      0.00000000	      0.00000000	      0.00000000	      0.00000000	      0.00000000	      0.00000000	      0.00000000	      0.00000000	      0.00000000	      0.00000000	      0.00000000	      0.00000000	      0.00000000	      0.00000000	      0.00000000	      0.00000000	      0.00000000	      0.00000000	      0.00000000	      0.00000000	      0.00000000	      0.00000000	      0.00000000
      2.91000000	      0.00299989	      0.00567972	     -0.00213125	      0.00776604	     -0.00405324	     -0.01135348	     -0.00598941	      0.00000000	      0.00000000	      0.00000000	      0.00000000	      0.00000000	      0.00000000	     -0.00000000	     -0.00841884	     -0.01302340	     -0.01494015	      0.03841211	      0.00989799	     -0.01540851	      0.03552695	      0.02424435	      0.00879313	     -0.00345099	      0.01059175	     -0.00000000	      0.00000000	     -0.02103304	     -0.00017993	     -0.00087575	     -0.00779059	      0.00224102	      0.00246220	     -0.00000000	      0.02148396	      0.00000000	      0.00000000	     -0.00000000	      0.00000000	     -0.00000000	      0.00000000	      0.00000000	      0.00000000	      0.00000000	      0.00000000	      0.00000000	      0.00000000	      0.00000000	      0.00000000	      0.00000000	      0.00000000	      0.00000000	      0.00000000	      0.00000000	      0.00000000	      0.00000000	      0.00000000	      0.00000000	      0.00000000	      0.00000000	      0.00000000	      0.00000000	      0.00000000	      0.00000000	      0.00000000	      0.00000000	      0.00000000	      0.00000000	      0.00000000	      0.00000000	      0.00000000	      0.00000000	      0.00000000	      0.00000000	      0.00000000	      0.00000000	      0.00000000	      0.00000000	      0.00000000	      0.00000000
      2.91500000	      0.00300310	      0.00568061	     -0.00212994	      0.00776498	     -0.00404672	     -0.01134488	     -0.00599083	     -0.00000000	     -0.00000000	     -0.00000000	     -0.00000000	     -0.00000000	     -0.00000000	     -0.00000000	     -0.00845262	     -0.01303363	     -0.01494429	      0.03836422	      0.00984510	     -0.01547690	      0.03547477	      0.02418754	      0.00873214	     -0.00346441	      0.01058885	      0.00000000	     -0.00000000	     -0.02108849	     -0.00018322	     -0.00087446	     -0.00778469	      0.00224023	      0.00245937	     -0.00000000	      0.02144577	     -0.00000000	     -0.00000000	      0.00000000	     -0.00000000	     -0.00000000	      0.00000000	      0.00000000	      0.00000000	      0.00000000	      0.00000000	      0.00000000	      0.00000000	      0.00000000	      0.00000000	      0.00000000	      0.00000000	      0.00000000	      0.00000000	      0.00000000	      0.00000000	      0.00000000	      0.00000000	      0.00000000	      0.00000000	      0.00000000	      0.00000000	      0.00000000	      0.00000000	      0.00000000	      0.00000000	      0.00000000	      0.00000000	      0.00000000	      0.00000000	      0.00000000	      0.00000000	      0.00000000	      0.00000000	      0.00000000	      0.00000000	      0.00000000	      0.00000000	      0.00000000	      0.00000000	      0.00000000
      2.92000000	      0.00300459	      0.00568144	     -0.00212881	      0.00776421	     -0.00404102	     -0.01133857	     -0.00599198	     -0.00000000	      0.00000000	      0.00000000	      0.00000000	      0.00000000	      0.00000000	      0.00000000	     -0.00847726	     -0.01303641	     -0.01494614	      0.03832422	      0.00979979	     -0.01554047	      0.03542789	      0.02413600	      0.00867524	     -0.00347763	      0.01058553	      0.00000000	     -0.00000000	     -0.02114141	     -0.00018773	     -0.00087308	     -0.00777934	      0.00223978	      0.00245706	      0.00000000	      0.02141019	      0.00000000	      0.00000000	      0.00000000	      0.00000000	     -0.00000000	      0.00000000	      0.00000000	      0.00000000	      0.00000000	      0.00000000	      0.00000000	      0.00000000	      0.00000000	      0.00000000	      0.00000000	      0.00000000	      0.00000000	      0.00000000	      0.00000000	      0.00000000	      0.00000000	      0.00000000	      0.00000000	      0.00000000	      0.00000000	      0.00000000	      0.00000000	      0.00000000	      0.00000000	      0.00000000	      0.00000000	      0.00000000	      0.00000000	      0.00000000	      0.00000000	      0.00000000	      0.00000000	      0.00000000	      0.00000000	      0.00000000	      0.00000000	      0.00000000	      0.00000000	      0.00000000	      0.00000000
      2.92500000	      0.00300441	      0.00568224	     -0.00212785	      0.00776379	     -0.00403611	     -0.01133448	     -0.00599286	      0.00000000	      0.00000000	     -0.00000000	     -0.00000000	     -0.00000000	     -0.00000000	     -0.00000000	     -0.00849325	     -0.01303204	     -0.01494578	      0.03829147	      0.00976138	     -0.01559984	      0.03538580	      0.02408921	      0.00862190	     -0.00349064	      0.01058177	     -0.00000000	      0.00000000	     -0.02119225	     -0.00019346	     -0.00087161	     -0.00777451	      0.00223970	      0.00245529	     -0.00000000	      0.02137705	     -0.00000000	     -0.00000000	     -0.00000000	     -0.00000000	     -0.00000000	      0.00000000	      0.00000000	      0.00000000	      0.00000000	      0.00000000	      0.00000000	      0.00000000	      0.00000000	      0.00000000	      0.00000000	      0.00000000	      0.00000000	      0.00000000	      0.00000000	      0.00000000	      0.00000000	      0.00000000	      0.00000000	      0.00000000	      0.00000000	      0.00000000	      0.00000000	      0.00000000	      0.00000000	      0.00000000	      0.00000000	      0.00000000	      0.00000000	      0.00000000	      0.00000000	      0.00000000	      0.00000000	      0.00000000	      0.00000000	      0.00000000	      0.00000000	      0.00000000	      0.00000000	      0.00000000	      0.00000000
      2.93000000	      0.00300261	      0.00568299	     -0.00212708	      0.00776360	     -0.00403197	     -0.01133251	     -0.00599348	      0.00000000	     -0.00000000	     -0.00000000	     -0.00000000	     -0.00000000	      0.00000000	     -0.00000000	     -0.00850116	     -0.01302085	     -0.01494327	      0.03826533	      0.00972918	     -0.01565561	      0.03534802	      0.02404666	      0.00857164	     -0.00350343	      0.01057759	     -0.00000000	     -0.00000000	     -0.02124145	     -0.00020038	     -0.00087002	     -0.00777016	      0.00223999	      0.00245408	     -0.00000000	      0.02134614	     -0.00000000	     -0.00000000	     -0.00000000	     -0.00000000	     -0.00000000	      0.00000000	      0.00000000	      0.00000000	      0.00000000	      0.00000000	      0.00000000	      0.00000000	      0.00000000	      0.00000000	      0.00000000	      0.00000000	      0.00000000	      0.00000000	      0.00000000	      0.00000000	      0.00000000	      0.00000000	      0.00000000	      0.00000000	      0.00000000	      0.00000000	      0.00000000	      0.00000000	      0.00000000	      0.00000000	      0.00000000	      0.00000000	      0.00000000	      0.00000000	      0.00000000	      0.00000000	      0.00000000	      0.00000000	      0.00000000	      0.00000000	      0.00000000	      0.00000000	      0.00000000	      0.00000000	      0.00000000
      2.93500000	      0.00299926	      0.00568369	     -0.00212649	      0.00776375	     -0.00402857	     -0.01133258	     -0.00599382	     -0.00000000	     -0.00000000	     -0.00000000	     -0.00000000	     -0.00000000	     -0.00000000	     -0.00000000	     -0.00850153	     -0.01300320	     -0.01493871	      0.03824516	      0.00970252	     -0.01570835	      0.03531404	      0.02400785	      0.00852398	     -0.00351600	      0.01057298	     -0.00000000	     -0.00000000	     -0.02128940	     -0.00020847	     -0.00086831	     -0.00776625	      0.00224066	      0.00245344	     -0.00000000	      0.02131728	     -0.00000000	     -0.00000000	     -0.00000000	     -0.00000000	     -0.00000000	      0.00000000	      0.00000000	      0.00000000	      0.00000000	      0.00000000	      0.00000000	      0.00000000	      0.00000000	      0.00000000	      0.00000000	      0.00000000	      0.00000000	      0.00000000	      0.00000000	      0.00000000	      0.00000000	      0.00000000	      0.00000000	      0.00000000	      0.00000000	      0.00000000	      0.00000000	      0.00000000	      0.00000000	      0.00000000	      0.00000000	      0.00000000	      0.00000000	      0.00000000	      0.00000000	      0.00000000	      0.00000000	      0.00000000	      0.00000000	      0.00000000	      0.00000000	      0.00000000	      0.00000000	      0.00000000	      0.00000000
      2.94000000	      0.00299445	      0.00568434	     -0.00212609	      0.00776418	     -0.00402586	     -0.01133455	     -0.00599390	      0.00000000	     -0.00000000	      0.00000000	      0.00000000	      0.00000000	      0.00000000	      0.00000000	     -0.00849496	     -0.01297949	     -0.01493219	      0.03823033	      0.00968076	     -0.01575858	      0.03528339	      0.02397229	      0.00847849	     -0.00352834	      0.01056795	     -0.00000000	      0.00000000	     -0.02133646	     -0.00021767	     -0.00086647	     -0.00776273	      0.00224172	      0.00245339	      0.00000000	      0.02129023	     -0.00000000	      0.00000000	      0.00000000	      0.00000000	      0.00000000	      0.00000000	      0.00000000	      0.00000000	      0.00000000	      0.00000000	      0.00000000	      0.00000000	      0.00000000	      0.00000000	      0.00000000	      0.00000000	      0.00000000	      0.00000000	      0.00000000	      0.00000000	      0.00000000	      0.00000000	      0.00000000	      0.00000000	      0.00000000	      0.00000000	      0.00000000	      0.00000000	      0.00000000	      0.00000000	      0.00000000	      0.00000000	      0.00000000	      0.00000000	      0.00000000	      0.00000000	      0.00000000	      0.00000000	      0.00000000	      0.00000000	      0.00000000	      0.00000000	      0.00000000	      0.00000000	      0.00000000
      2.94500000	      0.00298826	      0.00568495	     -0.00212586	      0.00776487	     -0.00402379	     -0.01133831	     -0.00599371	      0.00000000	     -0.00000000	     -0.00000000	      0.00000000	      0.00000000	     -0.00000000	     -0.00000000	     -0.00848203	     -0.01295013	     -0.01492384	      0.03822025	      0.00965518	     -0.01580675	      0.03525565	      0.02393955	      0.00843477	     -0.00354045	      0.01056251	      0.00000000	      0.00000000	     -0.02138294	     -0.00022793	     -0.00086450	     -0.00775955	      0.00224316	      0.00245392	     -0.00000000	      0.02126481	     -0.00000000	     -0.00000000	      0.00000000	      0.00000000	      0.00000000	      0.00000000	      0.00000000	      0.00000000	      0.00000000	      0.00000000	      0.00000000	      0.00000000	      0.00000000	      0.00000000	      0.00000000	      0.00000000	      0.00000000	      0.00000000	      0.00000000	      0.00000000	      0.00000000	      0.00000000	      0.00000000	      0.00000000	      0.00000000	      0.00000000	      0.00000000	      0.00000000	      0.00000000	      0.00000000	      0.00000000	      0.00000000	      0.00000000	      0.00000000	      0.00000000	      0.00000000	      0.00000000	      0.00000000	      0.00000000	      0.00000000	      0.00000000	      0.00000000	      0.00000000	      0.00000000	      0.00000000
      2.95000000	      0.00298080	      0.00568551	     -0.00212580	      0.00776581	     -0.00402232	     -0.01134371	     -0.00599327	      0.00000000	      0.00000000	      0.00000000	     -0.00000000	     -0.00000000	      0.00000000	     -0.00000000	     -0.00846334	     -0.01291559	     -0.01491380	      0.03821434	      0.00961218	     -0.01585326	      0.03523041	      0.02390924	      0.00839250	     -0.00355234	      0.01055669	     -0.00000000	      0.00000000	     -0.02142908	     -0.00023919	     -0.00086241	     -0.00775668	      0.00224497	      0.00245501	     -0.00000000	      0.02124078	     -0.00000000	     -0.00000000	     -0.00000000	      0.00000000	     -0.00000000	      0.00000000	      0.00000000	      0.00000000	      0.00000000	      0.00000000	      0.00000000	      0.00000000	      0.00000000	      0.00000000	      0.00000000	      0.00000000	      0.00000000	      0.00000000	      0.00000000	      0.00000000	      0.00000000	      0.00000000	      0.00000000	      0.00000000	      0.00000000	      0.00000000	      0.00000000	      0.00000000	      0.00000000	      0.00000000	      0.00000000	      0.00000000	      0.00000000	      0.00000000	      0.00000000	      0.00000000	      0.00000000	      0.00000000	      0.00000000	      0.00000000	      0.00000000	      0.00000000	      0.00000000	      0.00000000	      0.00000000
      2.95500000	      0.00297220	      0.00568602	     -0.00212589	      0.00776696	     -0.00402137	     -0.01135057	     -0.00599259	      0.00000000	      0.00000000	      0.00000000	     -0.00000000	      0.00000000	     -0.00000000	     -0.00000000	     -0.00843951	     -0.01287634	     -0.01490223	      0.03821208	      0.00957069	     -0.01589844	      0.03520730	      0.02388098	      0.00835138	     -0.00356401	      0.01055051	      0.00000000	      0.00000000	     -0.02147505	     -0.00025135	     -0.00085981	     -0.00775407	      0.00224712	      0.00245663	     -0.00000000	      0.02121793	      0.00000000	     -0.00000000	      0.00000000	     -0.00000000	      0.00000000	      0.00000000	      0.00000000	      0.00000000	      0.00000000	      0.00000000	      0.00000000	      0.00000000	      0.00000000	      0.00000000	      0.00000000	      0.00000000	      0.00000000	      0.00000000	      0.00000000	      0.00000000	      0.00000000	      0.00000000	      0.00000000	      0.00000000	      0.00000000	      0.00000000	      0.00000000	      0.00000000	      0.00000000	      0.00000000	      0.00000000	      0.00000000	      0.00000000	      0.00000000	      0.00000000	      0.00000000	      0.00000000	      0.00000000	      0.00000000	      0.00000000	      0.00000000	      0.00000000	      0.00000000	      0.00000000	      0.00000000
      2.96000000	      0.00296258	      0.00568648	     -0.00212610	      0.00776830	     -0.00402088	     -0.01135872	     -0.00599168	      0.00000000	     -0.00000000	      0.00000000	     -0.00000000	      0.00000000	      0.00000000	     -0.00000000	     -0.00841118	     -0.01283291	     -0.01488932	      0.03821294	      0.00953043	     -0.01594255	      0.03518599	      0.02385444	      0.00831117	     -0.00357547	      0.01054401	      0.00000000	     -0.00000000	     -0.02152098	     -0.00026431	     -0.00085748	     -0.00775168	      0.00224960	      0.00245876	      0.00000000	      0.02119603	      0.00000000	      0.00000000	     -0.00000000	     -0.00000000	     -0.00000000	      0.00000000	      0.00000000	      0.00000000	      0.00000000	      0.00000000	      0.00000000	      0.00000000	      0.00000000	      0.00000000	      0.00000000	      0.00000000	      0.00000000	      0.00000000	      0.00000000	      0.00000000	      0.00000000	      0.00000000	      0.00000000	      0.00000000	      0.00000000	      0.00000000	      0.00000000	      0.00000000	      0.00000000	      0.00000000	      0.00000000	      0.00000000	      0.00000000	      0.00000000	      0.00000000	      0.00000000	      0.00000000	      0.00000000	      0.00000000	      0.00000000	      0.00000000	      0.00000000	      0.00000000	      0.00000000	      0.00000000
      2.96500000	      0.00295210	      0.00568690	     -0.00212641	      0.00776980	     -0.00402075	     -0.01136794	     -0.00599056	      0.00000000	     -0.00000000	      0.00000000	     -0.00000000	      0.00000000	      0.00000000	      0.00000000	     -0.00837899	     -0.01278588	     -0.01487527	      0.03821645	      0.00949119	     -0.01598581	      0.03516618	      0.02382931	      0.00827166	     -0.00358673	      0.01053723	     -0.00000000	     -0.00000000	     -0.02156696	     -0.00027795	     -0.00085506	     -0.00774944	      0.00225237	      0.00246132	      0.00000000	      0.02117481	     -0.00000000	      0.00000000	      0.00000000	     -0.00000000	      0.00000000	      0.00000000	      0.00000000	      0.00000000	      0.00000000	      0.00000000	      0.00000000	      0.00000000	      0.00000000	      0.00000000	      0.00000000	      0.00000000	      0.00000000	      0.00000000	      0.00000000	      0.00000000	      0.00000000	      0.00000000	      0.00000000	      0.00000000	      0.00000000	      0.00000000	      0.00000000	      0.00000000	      0.00000000	      0.00000000	      0.00000000	      0.00000000	      0.00000000	      0.00000000	      0.00000000	      0.00000000	      0.00000000	      0.00000000	      0.00000000	      0.00000000	      0.00000000	      0.00000000	      0.00000000	      0.00000000	      0.00000000
      2.97000000	      0.00294093	      0.00568728	     -0.00212678	      0.00777140	     -0.00402089	     -0.01137798	     -0.00598927	      0.00000000	     -0.00000000	     -0.00000000	     -0.00000000	     -0.00000000	     -0.00000000	      0.00000000	     -0.00834364	     -0.01273585	     -0.01486033	      0.03822215	      0.00945279	     -0.01602838	      0.03514756	      0.02380531	      0.00823269	     -0.00359783	      0.01053021	     -0.00000000	     -0.00000000	     -0.02161300	     -0.00029213	     -0.00085259	     -0.00774733	      0.00225538	      0.00246427	     -0.00000000	      0.02115398	     -0.00000000	     -0.00000000	      0.00000000	     -0.00000000	      0.00000000	      0.00000000	      0.00000000	      0.00000000	      0.00000000	      0.00000000	      0.00000000	      0.00000000	      0.00000000	      0.00000000	      0.00000000	      0.00000000	      0.00000000	      0.00000000	      0.00000000	      0.00000000	      0.00000000	      0.00000000	      0.00000000	      0.00000000	      0.00000000	      0.00000000	      0.00000000	      0.00000000	      0.00000000	      0.00000000	      0.00000000	      0.00000000	      0.00000000	      0.00000000	      0.00000000	      0.00000000	      0.00000000	      0.00000000	      0.00000000	      0.00000000	      0.00000000	      0.00000000	      0.00000000	      0.00000000	      0.00000000
      2.97500000	      0.00292926	      0.00568762	     -0.00212717	      0.00777306	     -0.00402117	     -0.01138859	     -0.00598784	     -0.00000000	      0.00000000	     -0.00000000	     -0.00000000	     -0.00000000	     -0.00000000	     -0.00000000	     -0.00830585	     -0.01268350	     -0.01484476	      0.03822961	      0.00941511	     -0.01607039	      0.03512987	      0.02378215	      0.00819409	     -0.00360880	      0.01052301	     -0.00000000	      0.00000000	     -0.02165910	     -0.00030669	     -0.00085008	     -0.00774527	      0.00225857	      0.00246751	     -0.00000000	      0.02113321	      0.00000000	     -0.00000000	      0.00000000	     -0.00000000	     -0.00000000	      0.00000000	      0.00000000	      0.00000000	      0.00000000	      0.00000000	      0.00000000	      0.00000000	      0.00000000	      0.00000000	      0.00000000	      0.00000000	      0.00000000	      0.00000000	      0.00000000	      0.00000000	      0.00000000	      0.00000000	      0.00000000	      0.00000000	      0.00000000	      0.00000000	      0.00000000	      0.00000000	      0.00000000	      0.00000000	      0.00000000	      0.00000000	      0.00000000	      0.00000000	      0.00000000	      0.00000000	      0.00000000	      0.00000000	      0.00000000	      0.00000000	      0.00000000	      0.00000000	      0.00000000	      0.00000000	      0.00000000
      2.98000000	      0.00291731	      0.00568793	     -0.00212752	      0.00777473	     -0.00402147	     -0.01139947	     -0.00598630	      0.00000000	      0.00000000	      0.00000000	     -0.00000000	      0.00000000	      0.00000000	      0.00000000	     -0.00826637	     -0.01262951	     -0.01482887	      0.03823839	      0.00937804	     -0.01611194	      0.03511283	      0.02375957	      0.00815574	     -0.00361969	      0.01051568	      0.00000000	      0.00000000	     -0.02170521	     -0.00032148	     -0.00084758	     -0.00774320	      0.00226190	      0.00247095	     -0.00000000	      0.02111216	     -0.00000000	     -0.00000000	     -0.00000000	     -0.00000000	     -0.00000000	      0.00000000	      0.00000000	      0.00000000	      0.00000000	      0.00000000	      0.00000000	      0.00000000	      0.00000000	      0.00000000	      0.00000000	      0.00000000	      0.00000000	      0.00000000	      0.00000000	      0.00000000	      0.00000000	      0.00000000	      0.00000000	      0.00000000	      0.00000000	      0.00000000	      0.00000000	      0.00000000	      0.00000000	      0.00000000	      0.00000000	      0.00000000	      0.00000000	      0.00000000	      0.00000000	      0.00000000	      0.00000000	      0.00000000	      0.00000000	      0.00000000	      0.00000000	      0.00000000	      0.00000000	      0.00000000	      0.00000000
      2.98500000	      0.00290529	      0.00568823	     -0.00212778	      0.00777634	     -0.00402164	     -0.01141031	     -0.00598469	      0.00000000	     -0.00000000	      0.00000000	      0.00000000	      0.00000000	      0.00000000	      0.00000000	     -0.00822600	     -0.01257465	     -0.01481296	      0.03824809	      0.00934153	     -0.01615311	      0.03509619	      0.02373729	      0.00811751	     -0.00363056	      0.01050830	     -0.00000000	     -0.00000000	     -0.02175128	     -0.00033630	     -0.00084512	     -0.00774107	      0.00226528	      0.00247450	      0.00000000	      0.02109043	      0.00000000	      0.00000000	     -0.00000000	     -0.00000000	      0.00000000	      0.00000000	      0.00000000	      0.00000000	      0.00000000	      0.00000000	      0.00000000	      0.00000000	      0.00000000	      0.00000000	      0.00000000	      0.00000000	      0.00000000	      0.00000000	      0.00000000	      0.00000000	      0.00000000	      0.00000000	      0.00000000	      0.00000000	      0.00000000	      0.00000000	      0.00000000	      0.00000000	      0.00000000	      0.00000000	      0.00000000	      0.00000000	      0.00000000	      0.00000000	      0.00000000	      0.00000000	      0.00000000	      0.00000000	      0.00000000	      0.00000000	      0.00000000	      0.00000000	      0.00000000	      0.00000000	      0.00000000
      2.99000000	      0.00289344	      0.00568852	     -0.00212789	      0.00777782	     -0.00402153	     -0.01142079	     -0.00598307	      0.00000000	     -0.00000000	      0.00000000	      0.00000000	      0.00000000	     -0.00000000	      0.00000000	     -0.00818552	     -0.01251969	     -0.01479736	      0.03825831	      0.00930550	     -0.01619398	      0.03507969	      0.02371506	      0.00807928	     -0.00364146	      0.01050091	     -0.00000000	     -0.00000000	     -0.02179722	     -0.00035098	     -0.00084275	     -0.00773882	      0.00226865	      0.00247802	     -0.00000000	      0.02106764	     -0.00000000	      0.00000000	      0.00000000	      0.00000000	     -0.00000000	      0.00000000	      0.00000000	      0.00000000	      0.00000000	      0.00000000	      0.00000000	      0.00000000	      0.00000000	      0.00000000	      0.00000000	      0.00000000	      0.00000000	      0.00000000	      0.00000000	      0.00000000	      0.00000000	      0.00000000	      0.00000000	      0.00000000	      0.00000000	      0.00000000	      0.00000000	      0.00000000	      0.00000000	      0.00000000	      0.00000000	      0.00000000	      0.00000000	      0.00000000	      0.00000000	      0.00000000	      0.00000000	      0.00000000	      0.00000000	      0.00000000	      0.00000000	      0.00000000	      0.00000000	      0.00000000	      0.00000000
      2.99500000	      0.00288199	      0.00568883	     -0.00212777	      0.00777912	     -0.00402098	     -0.01143057	     -0.00598148	      0.00000000	      0.00000000	     -0.00000000	      0.00000000	      0.00000000	      0.00000000	      0.00000000	     -0.00814578	     -0.01246541	     -0.01478244	      0.03826867	      0.00926992	     -0.01623460	      0.03506308	      0.02369260	      0.00804094	     -0.00365247	      0.01049361	      0.00000000	      0.00000000	     -0.02184294	     -0.00036531	     -0.00084051	     -0.00773636	      0.00227194	      0.00248142	      0.00000000	      0.02104335	      0.00000000	      0.00000000	      0.00000000	      0.00000000	     -0.00000000	      0.00000000	      0.00000000	      0.00000000	      0.00000000	      0.00000000	      0.00000000	      0.00000000	      0.00000000	      0.00000000	      0.00000000	      0.00000000	      0.00000000	      0.00000000	      0.00000000	      0.00000000	      0.00000000	      0.00000000	      0.00000000	      0.00000000	      0.00000000	      0.00000000	      0.00000000	      0.00000000	      0.00000000	      0.00000000	      0.00000000	      0.00000000	      0.00000000	      0.00000000	      0.00000000	      0.00000000	      0.00000000	      0.00000000	      0.00000000	      0.00000000	      0.00000000	      0.00000000	      0.00000000	      0.00000000	      0.00000000
      3.00000000	      0.00287119	      0.00568916	     -0.00212738	      0.00778016	     -0.00401985	     -0.01143931	     -0.00597998	      0.00000000	      0.00000000	      0.00000000	      0.00000000	      0.00000000	      0.00000000	      0.00000000	     -0.00810759	     -0.01241263	     -0.01476852	      0.03827877	      0.00923473	     -0.01627504	      0.03504608	      0.02366964	      0.00800238	     -0.00366367	      0.01048645	     -0.00000000	      0.00000000	     -0.02188834	     -0.00037910	     -0.00083845	     -0.00773365	      0.00227505	      0.00248456	      0.00000000	      0.02101714	      0.00000000	      0.00000000	      0.00000000	      0.00000000	      0.00000000	      0.00000000	      0.00000000	      0.00000000	      0.00000000	      0.00000000	      0.00000000	      0.00000000	      0.00000000	      0.00000000	      0.00000000	      0.00000000	      0.00000000	      0.00000000	      0.00000000	      0.00000000	      0.00000000	      0.00000000	      0.00000000	      0.00000000	      0.00000000	      0.00000000	      0.00000000	      0.00000000	      0.00000000	      0.00000000	      0.00000000	      0.00000000	      0.00000000	      0.00000000	      0.00000000	      0.00000000	      0.00000000	      0.00000000	      0.00000000	      0.00000000	      0.00000000	      0.00000000	      0.00000000	      0.00000000	      0.00000000
      3.00500000	      0.00286128	      0.00568954	     -0.00212664	      0.00778088	     -0.00401796	     -0.01144668	     -0.00597860	      0.00000000	      0.00000000	     -0.00000000	      0.00000000	     -0.00000000	     -0.00000000	      0.00000000	     -0.00807178	     -0.01236215	     -0.01475596	      0.03828825	      0.00919986	     -0.01631539	      0.03502845	      0.02364590	      0.00796346	     -0.00367512	      0.01047951	      0.00000000	      0.00000000	     -0.02193336	     -0.00039216	     -0.00083661	     -0.00773060	      0.00227791	      0.00248732	     -0.00000000	      0.02098860	      0.00000000	      0.00000000	      0.00000000	      0.00000000	      0.00000000	      0.00000000	      0.00000000	      0.00000000	      0.00000000	      0.00000000	      0.00000000	      0.00000000	      0.00000000	      0.00000000	      0.00000000	      0.00000000	      0.00000000	      0.00000000	      0.00000000	      0.00000000	      0.00000000	      0.00000000	      0.00000000	      0.00000000	      0.00000000	      0.00000000	      0.00000000	      0.00000000	      0.00000000	      0.00000000	      0.00000000	      0.00000000	      0.00000000	      0.00000000	      0.00000000	      0.00000000	      0.00000000	      0.00000000	      0.00000000	      0.00000000	      0.00000000	      0.00000000	      0.00000000	      0.00000000	      0.00000000
      3.01000000	      0.00285249	      0.00568997	     -0.00212549	      0.00778120	     -0.00401517	     -0.01145237	     -0.00597741	      0.00000000	      0.00000000	     -0.00000000	     -0.00000000	     -0.00000000	      0.00000000	      0.00000000	     -0.00803914	     -0.01231474	     -0.01474510	      0.03829673	      0.00916525	     -0.01635572	      0.03500992	      0.02362111	      0.00792404	     -0.00368692	      0.01047285	      0.00000000	      0.00000000	     -0.02197792	     -0.00040432	     -0.00083503	     -0.00772717	      0.00228046	      0.00248959	      0.00000000	      0.02095731	      0.00000000	      0.00000000	     -0.00000000	     -0.00000000	      0.00000000	      0.00000000	      0.00000000	      0.00000000	      0.00000000	      0.00000000	      0.00000000	      0.00000000	      0.00000000	      0.00000000	      0.00000000	      0.00000000	      0.00000000	      0.00000000	      0.00000000	      0.00000000	      0.00000000	      0.00000000	      0.00000000	      0.00000000	      0.00000000	      0.00000000	      0.00000000	      0.00000000	      0.00000000	      0.00000000	      0.00000000	      0.00000000	      0.00000000	      0.00000000	      0.00000000	      0.00000000	      0.00000000	      0.00000000	      0.00000000	      0.00000000	      0.00000000	      0.00000000	      0.00000000	      0.00000000	      0.00000000
      3.01500000	      0.00284502	      0.00569049	     -0.00212387	      0.00778108	     -0.00401132	     -0.01145606	     -0.00597645	     -0.00000000	     -0.00000000	      0.00000000	     -0.00000000	     -0.00000000	     -0.00000000	     -0.00000000	     -0.00801044	     -0.01227114	     -0.01473625	      0.03830386	      0.00913080	     -0.01639616	      0.03499023	      0.02359498	      0.00788400	     -0.00369913	      0.01046653	     -0.00000000	      0.00000000	     -0.02202196	     -0.00041540	     -0.00083377	     -0.00772328	      0.00228260	      0.00249125	     -0.00000000	      0.02092289	     -0.00000000	     -0.00000000	     -0.00000000	     -0.00000000	     -0.00000000	      0.00000000	      0.00000000	      0.00000000	      0.00000000	      0.00000000	      0.00000000	      0.00000000	      0.00000000	      0.00000000	      0.00000000	      0.00000000	      0.00000000	      0.00000000	      0.00000000	      0.00000000	      0.00000000	      0.00000000	      0.00000000	      0.00000000	      0.00000000	      0.00000000	      0.00000000	      0.00000000	      0.00000000	      0.00000000	      0.00000000	      0.00000000	      0.00000000	      0.00000000	      0.00000000	      0.00000000	      0.00000000	      0.00000000	      0.00000000	      0.00000000	      0.00000000	      0.00000000	      0.00000000	      0.00000000	      0.00000000
      3.02000000	      0.00283909	      0.00569109	     -0.00212173	      0.00778046	     -0.00400630	     -0.01145749	     -0.00597577	      0.00000000	      0.00000000	     -0.00000000	      0.00000000	      0.00000000	     -0.00000000	      0.00000000	     -0.00798640	     -0.01223204	     -0.01472969	      0.03830929	      0.00909640	     -0.01643683	      0.03496912	      0.02356724	      0.00784316	     -0.00371182	      0.01046061	      0.00000000	      0.00000000	     -0.02206547	     -0.00042525	     -0.00083284	     -0.00771888	      0.00228429	      0.00249219	      0.00000000	      0.02088498	      0.00000000	      0.00000000	      0.00000000	      0.00000000	      0.00000000	      0.00000000	      0.00000000	      0.00000000	      0.00000000	      0.00000000	      0.00000000	      0.00000000	      0.00000000	      0.00000000	      0.00000000	      0.00000000	      0.00000000	      0.00000000	      0.00000000	      0.00000000	      0.00000000	      0.00000000	      0.00000000	      0.00000000	      0.00000000	      0.00000000	      0.00000000	      0.00000000	      0.00000000	      0.00000000	      0.00000000	      0.00000000	      0.00000000	      0.00000000	      0.00000000	      0.00000000	      0.00000000	      0.00000000	      0.00000000	      0.00000000	      0.00000000	      0.00000000	      0.00000000	      0.00000000	      0.00000000
      3.02500000	      0.00283486	      0.00569181	     -0.00211903	      0.00777928	     -0.00399998	     -0.01145641	     -0.00597540	      0.00000000	     -0.00000000	     -0.00000000	     -0.00000000	     -0.00000000	      0.00000000	     -0.00000000	     -0.00796764	     -0.01219806	     -0.01472569	      0.03831270	      0.00906191	     -0.01647785	      0.03494635	      0.02353762	      0.00780138	     -0.00372507	      0.01045515	     -0.00000000	     -0.00000000	     -0.02210842	     -0.00043373	     -0.00083228	     -0.00771392	      0.00228546	      0.00249232	     -0.00000000	      0.02084326	     -0.00000000	     -0.00000000	      0.00000000	     -0.00000000	      0.00000000	      0.00000000	      0.00000000	      0.00000000	      0.00000000	      0.00000000	      0.00000000	      0.00000000	      0.00000000	      0.00000000	      0.00000000	      0.00000000	      0.00000000	      0.00000000	      0.00000000	      0.00000000	      0.00000000	      0.00000000	      0.00000000	      0.00000000	      0.00000000	      0.00000000	      0.00000000	      0.00000000	      0.00000000	      0.00000000	      0.00000000	      0.00000000	      0.00000000	      0.00000000	      0.00000000	      0.00000000	      0.00000000	      0.00000000	      0.00000000	      0.00000000	      0.00000000	      0.00000000	      0.00000000	      0.00000000	      0.00000000
      3.03000000	      0.00283247	      0.00569264	     -0.00211573	      0.00777751	     -0.00399226	     -0.01145263	     -0.00597537	      0.00000000	      0.00000000	      0.00000000	     -0.00000000	      0.00000000	     -0.00000000	      0.00000000	     -0.00795474	     -0.01216973	     -0.01472444	      0.03831380	      0.00902722	     -0.01651937	      0.03492168	      0.02350588	      0.00775851	     -0.00373893	      0.01045017	      0.00000000	     -0.00000000	     -0.02215083	     -0.00044075	     -0.00083212	     -0.00770837	      0.00228606	      0.00249157	      0.00000000	      0.02079748	     -0.00000000	      0.00000000	     -0.00000000	      0.00000000	     -0.00000000	      0.00000000	      0.00000000	      0.00000000	      0.00000000	      0.00000000	      0.00000000	      0.00000000	      0.00000000	      0.00000000	      0.00000000	      0.00000000	      0.00000000	      0.00000000	      0.00000000	      0.00000000	      0.00000000	      0.00000000	      0.00000000	      0.00000000	      0.00000000	      0.00000000	      0.00000000	      0.00000000	      0.00000000	      0.00000000	      0.00000000	      0.00000000	      0.00000000	      0.00000000	      0.00000000	      0.00000000	      0.00000000	      0.00000000	      0.00000000	      0.00000000	      0.00000000	      0.00000000	      0.00000000	      0.00000000	      0.00000000
      3.03500000	      0.00283204	      0.00569361	     -0.00211179	      0.00777512	     -0.00398309	     -0.01144600	     -0.00597572	     -0.00000000	      0.00000000	      0.00000000	      0.00000000	      0.00000000	     -0.00000000	      0.00000000	     -0.00794813	     -0.01214748	     -0.01472613	      0.03831232	      0.00899216	     -0.01656154	      0.03489491	      0.02347181	      0.00771440	     -0.00375344	      0.01044572	      0.00000000	     -0.00000000	     -0.02219273	     -0.00044622	     -0.00083236	     -0.00770217	      0.00228605	      0.00248987	     -0.00000000	      0.02074742	      0.00000000	      0.00000000	     -0.00000000	     -0.00000000	     -0.00000000	      0.00000000	      0.00000000	      0.00000000	      0.00000000	      0.00000000	      0.00000000	      0.00000000	      0.00000000	      0.00000000	      0.00000000	      0.00000000	      0.00000000	      0.00000000	      0.00000000	      0.00000000	      0.00000000	      0.00000000	      0.00000000	      0.00000000	      0.00000000	      0.00000000	      0.00000000	      0.00000000	      0.00000000	      0.00000000	      0.00000000	      0.00000000	      0.00000000	      0.00000000	      0.00000000	      0.00000000	      0.00000000	      0.00000000	      0.00000000	      0.00000000	      0.00000000	      0.00000000	      0.00000000	      0.00000000	      0.00000000
      3.04000000	      0.00283363	      0.00569471	     -0.00210722	      0.00777208	     -0.00397240	     -0.01143640	     -0.00597647	     -0.00000000	     -0.00000000	     -0.00000000	     -0.00000000	      0.00000000	     -0.00000000	     -0.00000000	     -0.00794815	     -0.01213162	     -0.01473085	      0.03830804	      0.00895658	     -0.01660451	      0.03486584	      0.02343520	      0.00766892	     -0.00376865	      0.01044182	     -0.00000000	     -0.00000000	     -0.02223417	     -0.00045008	     -0.00083303	     -0.00769532	      0.00228541	      0.00248718	     -0.00000000	      0.02069297	     -0.00000000	      0.00000000	      0.00000000	      0.00000000	      0.00000000	      0.00000000	      0.00000000	      0.00000000	      0.00000000	      0.00000000	      0.00000000	      0.00000000	      0.00000000	      0.00000000	      0.00000000	      0.00000000	      0.00000000	      0.00000000	      0.00000000	      0.00000000	      0.00000000	      0.00000000	      0.00000000	      0.00000000	      0.00000000	      0.00000000	      0.00000000	      0.00000000	      0.00000000	      0.00000000	      0.00000000	      0.00000000	      0.00000000	      0.00000000	      0.00000000	      0.00000000	      0.00000000	      0.00000000	      0.00000000	      0.00000000	      0.00000000	      0.00000000	      0.00000000	      0.00000000	      0.00000000
      3.04500000	      0.00283729	      0.00569595	     -0.00210199	      0.00776840	     -0.00396018	     -0.01142381	     -0.00597761	      0.00000000	      0.00000000	     -0.00000000	     -0.00000000	     -0.00000000	     -0.00000000	     -0.00000000	     -0.00795503	     -0.01212237	     -0.01473867	      0.03830076	      0.00892034	     -0.01664839	      0.03483435	      0.02339592	      0.00762196	     -0.00378459	      0.01043846	      0.00000000	      0.00000000	     -0.02227520	     -0.00045232	     -0.00083412	     -0.00768779	      0.00228411	      0.00248346	     -0.00000000	      0.02063406	     -0.00000000	     -0.00000000	      0.00000000	     -0.00000000	     -0.00000000	      0.00000000	      0.00000000	      0.00000000	      0.00000000	      0.00000000	      0.00000000	      0.00000000	      0.00000000	      0.00000000	      0.00000000	      0.00000000	      0.00000000	      0.00000000	      0.00000000	      0.00000000	      0.00000000	      0.00000000	      0.00000000	      0.00000000	      0.00000000	      0.00000000	      0.00000000	      0.00000000	      0.00000000	      0.00000000	      0.00000000	      0.00000000	      0.00000000	      0.00000000	      0.00000000	      0.00000000	      0.00000000	      0.00000000	      0.00000000	      0.00000000	      0.00000000	      0.00000000	      0.00000000	      0.00000000	      0.00000000
      3.05000000	      0.00284302	      0.00569733	     -0.00209613	      0.00776407	     -0.00394645	     -0.01140822	     -0.00597916	     -0.00000000	     -0.00000000	      0.00000000	     -0.00000000	     -0.00000000	     -0.00000000	      0.00000000	     -0.00796885	     -0.01211980	     -0.01474958	      0.03829036	      0.00888330	     -0.01669332	      0.03480031	      0.02335385	      0.00757342	     -0.00380125	      0.01043566	      0.00000000	     -0.00000000	     -0.02231589	     -0.00045294	     -0.00083562	     -0.00767960	      0.00228216	      0.00247872	     -0.00000000	      0.02057074	     -0.00000000	     -0.00000000	      0.00000000	     -0.00000000	      0.00000000	      0.00000000	      0.00000000	      0.00000000	      0.00000000	      0.00000000	      0.00000000	      0.00000000	      0.00000000	      0.00000000	      0.00000000	      0.00000000	      0.00000000	      0.00000000	      0.00000000	      0.00000000	      0.00000000	      0.00000000	      0.00000000	      0.00000000	      0.00000000	      0.00000000	      0.00000000	      0.00000000	      0.00000000	      0.00000000	      0.00000000	      0.00000000	      0.00000000	      0.00000000	      0.00000000	      0.00000000	      0.00000000	      0.00000000	      0.00000000	      0.00000000	      0.00000000	      0.00000000	      0.00000000	      0.00000000	      0.00000000
      3.05500000	      0.00285075	      0.00569884	     -0.00208964	      0.00775910	     -0.00393123	     -0.01138971	     -0.00598112	     -0.00000000	      0.00000000	     -0.00000000	     -0.00000000	      0.00000000	      0.00000000	      0.00000000	     -0.00798958	     -0.01212388	     -0.01476352	      0.03827673	      0.00884533	     -0.01673940	      0.03476366	      0.02330895	      0.00752325	     -0.00381863	      0.01043339	     -0.00000000	     -0.00000000	     -0.02235633	     -0.00045197	     -0.00083752	     -0.00767074	      0.00227956	      0.00247296	      0.00000000	      0.02050309	     -0.00000000	      0.00000000	     -0.00000000	      0.00000000	     -0.00000000	      0.00000000	      0.00000000	      0.00000000	      0.00000000	      0.00000000	      0.00000000	      0.00000000	      0.00000000	      0.00000000	      0.00000000	      0.00000000	      0.00000000	      0.00000000	      0.00000000	      0.00000000	      0.00000000	      0.00000000	      0.00000000	      0.00000000	      0.00000000	      0.00000000	      0.00000000	      0.00000000	      0.00000000	      0.00000000	      0.00000000	      0.00000000	      0.00000000	      0.00000000	      0.00000000	      0.00000000	      0.00000000	      0.00000000	      0.00000000	      0.00000000	      0.00000000	      0.00000000	      0.00000000	      0.00000000	      0.00000000
      3.06000000	      0.00286043	      0.00570048	     -0.00208256	      0.00775353	     -0.00391459	     -0.01136840	     -0.00598345	      0.00000000	      0.00000000	     -0.00000000	      0.00000000	      0.00000000	     -0.00000000	     -0.00000000	     -0.00801705	     -0.01213443	     -0.01478038	      0.03825984	      0.00880632	     -0.01678668	      0.03472438	      0.02326121	      0.00747141	     -0.00383671	      0.01043165	     -0.00000000	     -0.00000000	     -0.02239657	     -0.00044949	     -0.00083980	     -0.00766124	      0.00227634	      0.00246621	     -0.00000000	      0.02043133	     -0.00000000	     -0.00000000	     -0.00000000	      0.00000000	      0.00000000	      0.00000000	      0.00000000	      0.00000000	      0.00000000	      0.00000000	      0.00000000	      0.00000000	      0.00000000	      0.00000000	      0.00000000	      0.00000000	      0.00000000	      0.00000000	      0.00000000	      0.00000000	      0.00000000	      0.00000000	      0.00000000	      0.00000000	      0.00000000	      0.00000000	      0.00000000	      0.00000000	      0.00000000	      0.00000000	      0.00000000	      0.00000000	      0.00000000	      0.00000000	      0.00000000	      0.00000000	      0.00000000	      0.00000000	      0.00000000	      0.00000000	      0.00000000	      0.00000000	      0.00000000	      0.00000000	      0.00000000
      3.06500000	      0.00287192	      0.00570223	     -0.00207494	      0.00774738	     -0.00389664	     -0.01134445	     -0.00598615	     -0.00000000	      0.00000000	     -0.00000000	     -0.00000000	     -0.00000000	     -0.00000000	     -0.00000000	     -0.00805096	     -0.01215118	     -0.01479998	      0.03823972	      0.00876620	     -0.01683522	      0.03468251	      0.02321069	      0.00741793	     -0.00385546	      0.01043039	     -0.00000000	      0.00000000	     -0.02243670	     -0.00044558	     -0.00084242	     -0.00765115	      0.00227251	      0.00245852	     -0.00000000	      0.02035573	      0.00000000	      0.00000000	      0.00000000	     -0.00000000	      0.00000000	      0.00000000	      0.00000000	      0.00000000	      0.00000000	      0.00000000	      0.00000000	      0.00000000	      0.00000000	      0.00000000	      0.00000000	      0.00000000	      0.00000000	      0.00000000	      0.00000000	      0.00000000	      0.00000000	      0.00000000	      0.00000000	      0.00000000	      0.00000000	      0.00000000	      0.00000000	      0.00000000	      0.00000000	      0.00000000	      0.00000000	      0.00000000	      0.00000000	      0.00000000	      0.00000000	      0.00000000	      0.00000000	      0.00000000	      0.00000000	      0.00000000	      0.00000000	      0.00000000	      0.00000000	      0.00000000	      0.00000000
      3.07000000	      0.00288509	      0.00570408	     -0.00206682	      0.00774072	     -0.00387748	     -0.01131809	     -0.00598919	      0.00000000	      0.00000000	      0.00000000	      0.00000000	      0.00000000	      0.00000000	      0.00000000	     -0.00809091	     -0.01217374	     -0.01482210	      0.03821644	      0.00872490	     -0.01688502	      0.03463814	      0.02315751	      0.00736285	     -0.00387483	      0.01042958	      0.00000000	     -0.00000000	     -0.02247677	     -0.00044036	     -0.00084537	     -0.00764049	      0.00226813	      0.00244995	      0.00000000	      0.02027664	     -0.00000000	     -0.00000000	     -0.00000000	      0.00000000	      0.00000000	      0.00000000	      0.00000000	      0.00000000	      0.00000000	      0.00000000	      0.00000000	      0.00000000	      0.00000000	      0.00000000	      0.00000000	      0.00000000	      0.00000000	      0.00000000	      0.00000000	      0.00000000	      0.00000000	      0.00000000	      0.00000000	      0.00000000	      0.00000000	      0.00000000	      0.00000000	      0.00000000	      0.00000000	      0.00000000	      0.00000000	      0.00000000	      0.00000000	      0.00000000	      0.00000000	      0.00000000	      0.00000000	      0.00000000	      0.00000000	      0.00000000	      0.00000000	      0.00000000	      0.00000000	      0.00000000	      0.00000000
      3.07500000	      0.00289974	      0.00570601	     -0.00205827	      0.00773358	     -0.00385726	     -0.01128958	     -0.00599254	      0.00000000	      0.00000000	     -0.00000000	     -0.00000000	      0.00000000	      0.00000000	      0.00000000	     -0.00813637	     -0.01220160	     -0.01484649	      0.03819014	      0.00868244	     -0.01693604	      0.03459140	      0.02310184	      0.00730627	     -0.00389476	      0.01042916	      0.00000000	      0.00000000	     -0.02251683	     -0.00043397	     -0.00084858	     -0.00762934	      0.00226325	      0.00244059	      0.00000000	      0.02019448	      0.00000000	      0.00000000	     -0.00000000	     -0.00000000	     -0.00000000	      0.00000000	      0.00000000	      0.00000000	      0.00000000	      0.00000000	      0.00000000	      0.00000000	      0.00000000	      0.00000000	      0.00000000	      0.00000000	      0.00000000	      0.00000000	      0.00000000	      0.00000000	      0.00000000	      0.00000000	      0.00000000	      0.00000000	      0.00000000	      0.00000000	      0.00000000	      0.00000000	      0.00000000	      0.00000000	      0.00000000	      0.00000000	      0.00000000	      0.00000000	      0.00000000	      0.00000000	      0.00000000	      0.00000000	      0.00000000	      0.00000000	      0.00000000	      0.00000000	      0.00000000	      0.00000000	      0.00000000
      3.08000000	      0.00291568	      0.00570801	     -0.00204936	      0.00772604	     -0.00383614	     -0.01125923	     -0.00599614	      0.00000000	     -0.00000000	      0.00000000	     -0.00000000	     -0.00000000	     -0.00000000	     -0.00000000	     -0.00818672	     -0.01223419	     -0.01487283	      0.03816105	      0.00863883	     -0.01698820	      0.03454250	      0.02304393	      0.00724834	     -0.00391516	      0.01042910	     -0.00000000	      0.00000000	     -0.02255690	     -0.00042655	     -0.00085203	     -0.00761776	      0.00225792	      0.00243052	     -0.00000000	      0.02010974	      0.00000000	     -0.00000000	      0.00000000	      0.00000000	      0.00000000	      0.00000000	      0.00000000	      0.00000000	      0.00000000	      0.00000000	      0.00000000	      0.00000000	      0.00000000	      0.00000000	      0.00000000	      0.00000000	      0.00000000	      0.00000000	      0.00000000	      0.00000000	      0.00000000	      0.00000000	      0.00000000	      0.00000000	      0.00000000	      0.00000000	      0.00000000	      0.00000000	      0.00000000	      0.00000000	      0.00000000	      0.00000000	      0.00000000	      0.00000000	      0.00000000	      0.00000000	      0.00000000	      0.00000000	      0.00000000	      0.00000000	      0.00000000	      0.00000000	      0.00000000	      0.00000000	      0.00000000
      3.08500000	      0.00293269	      0.00571004	     -0.00204016	      0.00771817	     -0.00381431	     -0.01122737	     -0.00599997	      0.00000000	      0.00000000	      0.00000000	      0.00000000	      0.00000000	      0.00000000	     -0.00000000	     -0.00824124	     -0.01227085	     -0.01490080	      0.03812942	      0.00859416	     -0.01704138	      0.03449171	      0.02298407	      0.00718925	     -0.00393595	      0.01042933	      0.00000000	     -0.00000000	     -0.02259700	     -0.00041828	     -0.00085566	     -0.00760583	      0.00225221	      0.00241985	     -0.00000000	      0.02002298	     -0.00000000	      0.00000000	     -0.00000000	      0.00000000	      0.00000000	      0.00000000	      0.00000000	      0.00000000	      0.00000000	      0.00000000	      0.00000000	      0.00000000	      0.00000000	      0.00000000	      0.00000000	      0.00000000	      0.00000000	      0.00000000	      0.00000000	      0.00000000	      0.00000000	      0.00000000	      0.00000000	      0.00000000	      0.00000000	      0.00000000	      0.00000000	      0.00000000	      0.00000000	      0.00000000	      0.00000000	      0.00000000	      0.00000000	      0.00000000	      0.00000000	      0.00000000	      0.00000000	      0.00000000	      0.00000000	      0.00000000	      0.00000000	      0.00000000	      0.00000000	      0.00000000	      0.00000000
      3.09000000	      0.00295051	      0.00571210	     -0.00202998	      0.00771016	     -0.00379194	     -0.01119436	     -0.00600397	     -0.00000000	     -0.00000000	     -0.00000000	     -0.00000000	     -0.00000000	     -0.00000000	     -0.00000000	     -0.00829916	     -0.01231083	     -0.01493004	      0.03809559	      0.00854855	     -0.01709539	      0.03443932	      0.02292261	      0.00712923	     -0.00395704	      0.01042980	     -0.00000000	     -0.00000000	     -0.02263710	     -0.00040934	     -0.00085943	     -0.00759364	      0.00224618	      0.00240869	     -0.00000000	      0.01993476	     -0.00000000	     -0.00000000	     -0.00000000	     -0.00000000	     -0.00000000	      0.00000000	      0.00000000	      0.00000000	      0.00000000	      0.00000000	      0.00000000	      0.00000000	      0.00000000	      0.00000000	      0.00000000	      0.00000000	      0.00000000	      0.00000000	      0.00000000	      0.00000000	      0.00000000	      0.00000000	      0.00000000	      0.00000000	      0.00000000	      0.00000000	      0.00000000	      0.00000000	      0.00000000	      0.00000000	      0.00000000	      0.00000000	      0.00000000	      0.00000000	      0.00000000	      0.00000000	      0.00000000	      0.00000000	      0.00000000	      0.00000000	      0.00000000	      0.00000000	      0.00000000	      0.00000000	      0.00000000
      3.09500000	      0.00296889	      0.00571415	     -0.00201969	      0.00770191	     -0.00376925	     -0.01116057	     -0.00600811	     -0.00000000	      0.00000000	     -0.00000000	     -0.00000000	     -0.00000000	      0.00000000	     -0.00000000	     -0.00835962	     -0.01235336	     -0.01496017	      0.03805995	      0.00850217	     -0.01715005	      0.03438569	      0.02285996	      0.00706855	     -0.00397833	      0.01043044	      0.00000000	      0.00000000	     -0.02267718	     -0.00039991	     -0.00086328	     -0.00758126	      0.00223992	      0.00239715	     -0.00000000	      0.01984572	     -0.00000000	     -0.00000000	      0.00000000	      0.00000000	     -0.00000000	      0.00000000	      0.00000000	      0.00000000	      0.00000000	      0.00000000	      0.00000000	      0.00000000	      0.00000000	      0.00000000	      0.00000000	      0.00000000	      0.00000000	      0.00000000	      0.00000000	      0.00000000	      0.00000000	      0.00000000	      0.00000000	      0.00000000	      0.00000000	      0.00000000	      0.00000000	      0.00000000	      0.00000000	      0.00000000	      0.00000000	      0.00000000	      0.00000000	      0.00000000	      0.00000000	      0.00000000	      0.00000000	      0.00000000	      0.00000000	      0.00000000	      0.00000000	      0.00000000	      0.00000000	      0.00000000	      0.00000000
      3.10000000	      0.00298759	      0.00571619	     -0.00201007	      0.00769357	     -0.00374643	     -0.01112639	     -0.00601232	      0.00000000	     -0.00000000	     -0.00000000	     -0.00000000	     -0.00000000	     -0.00000000	     -0.00000000	     -0.00842175	     -0.01239763	     -0.01499081	      0.03802293	      0.00845521	     -0.01720510	      0.03433123	      0.02279654	      0.00700751	     -0.00399970	      0.01043120	     -0.00000000	     -0.00000000	     -0.02271717	     -0.00039018	     -0.00086717	     -0.00756881	      0.00223350	      0.00238536	     -0.00000000	      0.01975649	     -0.00000000	     -0.00000000	      0.00000000	      0.00000000	      0.00000000	      0.00000000	      0.00000000	      0.00000000	      0.00000000	      0.00000000	      0.00000000	      0.00000000	      0.00000000	      0.00000000	      0.00000000	      0.00000000	      0.00000000	      0.00000000	      0.00000000	      0.00000000	      0.00000000	      0.00000000	      0.00000000	      0.00000000	      0.00000000	      0.00000000	      0.00000000	      0.00000000	      0.00000000	      0.00000000	      0.00000000	      0.00000000	      0.00000000	      0.00000000	      0.00000000	      0.00000000	      0.00000000	      0.00000000	      0.00000000	      0.00000000	      0.00000000	      0.00000000	      0.00000000	      0.00000000	      0.00000000
      3.10500000	      0.00300634	      0.00571819	     -0.00200074	      0.00768485	     -0.00372369	     -0.01109221	     -0.00601656	     -0.00000000	      0.00000000	      0.00000000	     -0.00000000	      0.00000000	      0.00000000	      0.00000000	     -0.00848465	     -0.01244282	     -0.01502156	      0.03798502	      0.00840792	     -0.01726028	      0.03427635	      0.02273283	      0.00694644	     -0.00402105	      0.01043201	      0.00000000	      0.00000000	     -0.02275700	     -0.00038034	     -0.00087105	     -0.00755637	      0.00222699	      0.00237344	      0.00000000	      0.01966770	     -0.00000000	      0.00000000	     -0.00000000	     -0.00000000	     -0.00000000	      0.00000000	      0.00000000	      0.00000000	      0.00000000	      0.00000000	      0.00000000	      0.00000000	      0.00000000	      0.00000000	      0.00000000	      0.00000000	      0.00000000	      0.00000000	      0.00000000	      0.00000000	      0.00000000	      0.00000000	      0.00000000	      0.00000000	      0.00000000	      0.00000000	      0.00000000	      0.00000000	      0.00000000	      0.00000000	      0.00000000	      0.00000000	      0.00000000	      0.00000000	      0.00000000	      0.00000000	      0.00000000	      0.00000000	      0.00000000	      0.00000000	      0.00000000	      0.00000000	      0.00000000	      0.00000000	      0.00000000
      3.11000000	      0.00302488	      0.00572012	     -0.00199137	      0.00767689	     -0.00370123	     -0.01105841	     -0.00602080	      0.00000000	     -0.00000000	      0.00000000	      0.00000000	      0.00000000	     -0.00000000	     -0.00000000	     -0.00854741	     -0.01248808	     -0.01505206	      0.03794670	      0.00836057	     -0.01731530	      0.03422150	      0.02266932	      0.00688568	     -0.00404227	      0.01043283	      0.00000000	      0.00000000	     -0.02279659	     -0.00037058	     -0.00087486	     -0.00754405	      0.00222047	      0.00236151	     -0.00000000	      0.01957999	      0.00000000	     -0.00000000	     -0.00000000	     -0.00000000	     -0.00000000	      0.00000000	      0.00000000	      0.00000000	      0.00000000	      0.00000000	      0.00000000	      0.00000000	      0.00000000	      0.00000000	      0.00000000	      0.00000000	      0.00000000	      0.00000000	      0.00000000	      0.00000000	      0.00000000	      0.00000000	      0.00000000	      0.00000000	      0.00000000	      0.00000000	      0.00000000	      0.00000000	      0.00000000	      0.00000000	      0.00000000	      0.00000000	      0.00000000	      0.00000000	      0.00000000	      0.00000000	      0.00000000	      0.00000000	      0.00000000	      0.00000000	      0.00000000	      0.00000000	      0.00000000	      0.00000000	      0.00000000
      3.11500000	      0.00304297	      0.00572199	     -0.00198221	      0.00766873	     -0.00367925	     -0.01102536	     -0.00602497	     -0.00000000	      0.00000000	      0.00000000	      0.00000000	     -0.00000000	     -0.00000000	     -0.00000000	     -0.00860914	     -0.01253262	     -0.01508193	      0.03790850	      0.00831343	     -0.01736984	      0.03416716	      0.02260650	      0.00682558	     -0.00406325	      0.01043360	     -0.00000000	     -0.00000000	     -0.02283580	     -0.00036106	     -0.00087858	     -0.00753194	      0.00221402	      0.00234970	      0.00000000	      0.01949401	      0.00000000	      0.00000000	     -0.00000000	     -0.00000000	      0.00000000	      0.00000000	      0.00000000	      0.00000000	      0.00000000	      0.00000000	      0.00000000	      0.00000000	      0.00000000	      0.00000000	      0.00000000	      0.00000000	      0.00000000	      0.00000000	      0.00000000	      0.00000000	      0.00000000	      0.00000000	      0.00000000	      0.00000000	      0.00000000	      0.00000000	      0.00000000	      0.00000000	      0.00000000	      0.00000000	      0.00000000	      0.00000000	      0.00000000	      0.00000000	      0.00000000	      0.00000000	      0.00000000	      0.00000000	      0.00000000	      0.00000000	      0.00000000	      0.00000000	      0.00000000	      0.00000000	      0.00000000
      3.12000000	      0.00306038	      0.00572376	     -0.00197333	      0.00766048	     -0.00365795	     -0.01099343	     -0.00602904	      0.00000000	      0.00000000	     -0.00000000	      0.00000000	      0.00000000	     -0.00000000	      0.00000000	     -0.00866897	     -0.01257563	     -0.01511081	      0.03787094	      0.00826683	     -0.01742358	      0.03411379	      0.02254488	      0.00676653	     -0.00408386	      0.01043427	      0.00000000	      0.00000000	     -0.02287454	     -0.00035197	     -0.00088215	     -0.00752013	      0.00220772	      0.00233812	      0.00000000	      0.01941035	     -0.00000000	      0.00000000	      0.00000000	     -0.00000000	      0.00000000	      0.00000000	      0.00000000	      0.00000000	      0.00000000	      0.00000000	      0.00000000	      0.00000000	      0.00000000	      0.00000000	      0.00000000	      0.00000000	      0.00000000	      0.00000000	      0.00000000	      0.00000000	      0.00000000	      0.00000000	      0.00000000	      0.00000000	      0.00000000	      0.00000000	      0.00000000	      0.00000000	      0.00000000	      0.00000000	      0.00000000	      0.00000000	      0.00000000	      0.00000000	      0.00000000	      0.00000000	      0.00000000	      0.00000000	      0.00000000	      0.00000000	      0.00000000	      0.00000000	      0.00000000	      0.00000000	      0.00000000
      3.12500000	      0.00307688	      0.00572543	     -0.00196480	      0.00765286	     -0.00363751	     -0.01096295	     -0.00603296	      0.00000000	      0.00000000	      0.00000000	     -0.00000000	      0.00000000	     -0.00000000	     -0.00000000	     -0.00872605	     -0.01261636	     -0.01513836	      0.03783457	      0.00822108	     -0.01747620	      0.03406188	      0.02248498	      0.00670891	     -0.00410401	      0.01043479	     -0.00000000	     -0.00000000	     -0.02291265	     -0.00034345	     -0.00088553	     -0.00750873	      0.00220163	      0.00232689	      0.00000000	      0.01932963	      0.00000000	      0.00000000	     -0.00000000	      0.00000000	     -0.00000000	      0.00000000	      0.00000000	      0.00000000	      0.00000000	      0.00000000	      0.00000000	      0.00000000	      0.00000000	      0.00000000	      0.00000000	      0.00000000	      0.00000000	      0.00000000	      0.00000000	      0.00000000	      0.00000000	      0.00000000	      0.00000000	      0.00000000	      0.00000000	      0.00000000	      0.00000000	      0.00000000	      0.00000000	      0.00000000	      0.00000000	      0.00000000	      0.00000000	      0.00000000	      0.00000000	      0.00000000	      0.00000000	      0.00000000	      0.00000000	      0.00000000	      0.00000000	      0.00000000	      0.00000000	      0.00000000	      0.00000000
      3.13000000	      0.00309227	      0.00572699	     -0.00195670	      0.00764570	     -0.00361810	     -0.01093426	     -0.00603669	      0.00000000	      0.00000000	      0.00000000	     -0.00000000	     -0.00000000	      0.00000000	      0.00000000	     -0.00877962	     -0.01265410	     -0.01516426	      0.03779990	      0.00817649	     -0.01752735	      0.03401188	      0.02242729	      0.00665307	     -0.00412357	      0.01043513	      0.00000000	      0.00000000	     -0.02295000	     -0.00033565	     -0.00088869	     -0.00749782	      0.00219582	      0.00231613	      0.00000000	      0.01925241	     -0.00000000	     -0.00000000	     -0.00000000	     -0.00000000	      0.00000000	      0.00000000	      0.00000000	      0.00000000	      0.00000000	      0.00000000	      0.00000000	      0.00000000	      0.00000000	      0.00000000	      0.00000000	      0.00000000	      0.00000000	      0.00000000	      0.00000000	      0.00000000	      0.00000000	      0.00000000	      0.00000000	      0.00000000	      0.00000000	      0.00000000	      0.00000000	      0.00000000	      0.00000000	      0.00000000	      0.00000000	      0.00000000	      0.00000000	      0.00000000	      0.00000000	      0.00000000	      0.00000000	      0.00000000	      0.00000000	      0.00000000	      0.00000000	      0.00000000	      0.00000000	      0.00000000	      0.00000000
      3.13500000	      0.00310634	      0.00572842	     -0.00194910	      0.00763893	     -0.00359990	     -0.01090765	     -0.00604020	      0.00000000	      0.00000000	     -0.00000000	      0.00000000	     -0.00000000	      0.00000000	      0.00000000	     -0.00882891	     -0.01268819	     -0.01518821	      0.03776741	      0.00813341	     -0.01757670	      0.03396427	      0.02237229	      0.00659940	     -0.00414244	      0.01043526	      0.00000000	     -0.00000000	     -0.02298643	     -0.00032871	     -0.00089160	     -0.00748750	      0.00219035	      0.00230593	      0.00000000	      0.01917923	      0.00000000	      0.00000000	     -0.00000000	     -0.00000000	      0.00000000	      0.00000000	      0.00000000	      0.00000000	      0.00000000	      0.00000000	      0.00000000	      0.00000000	      0.00000000	      0.00000000	      0.00000000	      0.00000000	      0.00000000	      0.00000000	      0.00000000	      0.00000000	      0.00000000	      0.00000000	      0.00000000	      0.00000000	      0.00000000	      0.00000000	      0.00000000	      0.00000000	      0.00000000	      0.00000000	      0.00000000	      0.00000000	      0.00000000	      0.00000000	      0.00000000	      0.00000000	      0.00000000	      0.00000000	      0.00000000	      0.00000000	      0.00000000	      0.00000000	      0.00000000	      0.00000000	      0.00000000
      3.14000000	      0.00311892	      0.00572972	     -0.00194204	      0.00763274	     -0.00358305	     -0.01088340	     -0.00604346	      0.00000000	      0.00000000	      0.00000000	     -0.00000000	      0.00000000	      0.00000000	      0.00000000	     -0.00887324	     -0.01271802	     -0.01520994	      0.03773760	      0.00809217	     -0.01762392	      0.03391949	      0.02232047	      0.00654826	     -0.00416051	      0.01043514	     -0.00000000	      0.00000000	     -0.02302178	     -0.00032275	     -0.00089422	     -0.00747783	      0.00218530	      0.00229640	      0.00000000	      0.01911064	     -0.00000000	      0.00000000	      0.00000000	      0.00000000	      0.00000000	      0.00000000	      0.00000000	      0.00000000	      0.00000000	      0.00000000	      0.00000000	      0.00000000	      0.00000000	      0.00000000	      0.00000000	      0.00000000	      0.00000000	      0.00000000	      0.00000000	      0.00000000	      0.00000000	      0.00000000	      0.00000000	      0.00000000	      0.00000000	      0.00000000	      0.00000000	      0.00000000	      0.00000000	      0.00000000	      0.00000000	      0.00000000	      0.00000000	      0.00000000	      0.00000000	      0.00000000	      0.00000000	      0.00000000	      0.00000000	      0.00000000	      0.00000000	      0.00000000	      0.00000000	      0.00000000	      0.00000000
      3.14500000	      0.00312986	      0.00573088	     -0.00193560	      0.00762708	     -0.00356770	     -0.01086178	     -0.00604642	     -0.00000000	     -0.00000000	      0.00000000	     -0.00000000	     -0.00000000	      0.00000000	      0.00000000	     -0.00891201	     -0.01274304	     -0.01522920	      0.03771089	      0.00805307	     -0.01766869	      0.03387796	      0.02227227	      0.00650002	     -0.00417765	      0.01043474	      0.00000000	      0.00000000	     -0.02305587	     -0.00031788	     -0.00089653	     -0.00746891	      0.00218071	      0.00228765	     -0.00000000	      0.01904712	     -0.00000000	      0.00000000	      0.00000000	      0.00000000	      0.00000000	      0.00000000	      0.00000000	      0.00000000	      0.00000000	      0.00000000	      0.00000000	      0.00000000	      0.00000000	      0.00000000	      0.00000000	      0.00000000	      0.00000000	      0.00000000	      0.00000000	      0.00000000	      0.00000000	      0.00000000	      0.00000000	      0.00000000	      0.00000000	      0.00000000	      0.00000000	      0.00000000	      0.00000000	      0.00000000	      0.00000000	      0.00000000	      0.00000000	      0.00000000	      0.00000000	      0.00000000	      0.00000000	      0.00000000	      0.00000000	      0.00000000	      0.00000000	      0.00000000	      0.00000000	      0.00000000	      0.00000000
      3.15000000	      0.00313901	      0.00573189	     -0.00192983	      0.00762205	     -0.00355399	     -0.01084301	     -0.00604906	      0.00000000	      0.00000000	      0.00000000	      0.00000000	      0.00000000	     -0.00000000	     -0.00000000	     -0.00894465	     -0.01276277	     -0.01524575	      0.03768768	      0.00801643	     -0.01771069	      0.03384008	      0.02222812	      0.00645501	     -0.00419378	      0.01043406	     -0.00000000	      0.00000000	     -0.02308855	     -0.00031418	     -0.00089850	     -0.00746080	      0.00217664	      0.00227976	     -0.00000000	      0.01898912	     -0.00000000	     -0.00000000	     -0.00000000	      0.00000000	      0.00000000	      0.00000000	      0.00000000	      0.00000000	      0.00000000	      0.00000000	      0.00000000	      0.00000000	      0.00000000	      0.00000000	      0.00000000	      0.00000000	      0.00000000	      0.00000000	      0.00000000	      0.00000000	      0.00000000	      0.00000000	      0.00000000	      0.00000000	      0.00000000	      0.00000000	      0.00000000	      0.00000000	      0.00000000	      0.00000000	      0.00000000	      0.00000000	      0.00000000	      0.00000000	      0.00000000	      0.00000000	      0.00000000	      0.00000000	      0.00000000	      0.00000000	      0.00000000	      0.00000000	      0.00000000	      0.00000000	      0.00000000
      3.15500000	      0.00314627	      0.00573276	     -0.00192476	      0.00761772	     -0.00354203	     -0.01082730	     -0.00605135	      0.00000000	     -0.00000000	      0.00000000	      0.00000000	      0.00000000	      0.00000000	     -0.00000000	     -0.00897071	     -0.01277681	     -0.01525941	      0.03766832	      0.00798252	     -0.01774963	      0.03380620	      0.02218840	      0.00641355	     -0.00420877	      0.01043307	     -0.00000000	     -0.00000000	     -0.02311965	     -0.00031173	     -0.00090011	     -0.00745357	      0.00217314	      0.00227281	      0.00000000	      0.01893708	     -0.00000000	     -0.00000000	     -0.00000000	      0.00000000	      0.00000000	      0.00000000	      0.00000000	      0.00000000	      0.00000000	      0.00000000	      0.00000000	      0.00000000	      0.00000000	      0.00000000	      0.00000000	      0.00000000	      0.00000000	      0.00000000	      0.00000000	      0.00000000	      0.00000000	      0.00000000	      0.00000000	      0.00000000	      0.00000000	      0.00000000	      0.00000000	      0.00000000	      0.00000000	      0.00000000	      0.00000000	      0.00000000	      0.00000000	      0.00000000	      0.00000000	      0.00000000	      0.00000000	      0.00000000	      0.00000000	      0.00000000	      0.00000000	      0.00000000	      0.00000000	      0.00000000	      0.00000000
      3.16000000	      0.00315151	      0.00573346	     -0.00192045	      0.00761412	     -0.00353193	     -0.01081480	     -0.00605326	     -0.00000000	     -0.00000000	      0.00000000	      0.00000000	     -0.00000000	     -0.00000000	      0.00000000	     -0.00898976	     -0.01278480	     -0.01527000	      0.03765311	      0.00795162	     -0.01778523	      0.03377665	      0.02215345	      0.00637594	     -0.00422254	      0.01043176	      0.00000000	     -0.00000000	     -0.02314901	     -0.00031060	     -0.00090135	     -0.00744728	      0.00217026	      0.00226688	      0.00000000	      0.01889138	     -0.00000000	      0.00000000	      0.00000000	     -0.00000000	     -0.00000000	      0.00000000	      0.00000000	      0.00000000	      0.00000000	      0.00000000	      0.00000000	      0.00000000	      0.00000000	      0.00000000	      0.00000000	      0.00000000	      0.00000000	      0.00000000	      0.00000000	      0.00000000	      0.00000000	      0.00000000	      0.00000000	      0.00000000	      0.00000000	      0.00000000	      0.00000000	      0.00000000	      0.00000000	      0.00000000	      0.00000000	      0.00000000	      0.00000000	      0.00000000	      0.00000000	      0.00000000	      0.00000000	      0.00000000	      0.00000000	      0.00000000	      0.00000000	      0.00000000	      0.00000000	      0.00000000	      0.00000000
      3.16500000	      0.00315468	      0.00573400	     -0.00191693	      0.00761129	     -0.00352377	     -0.01080567	     -0.00605478	     -0.00000000	     -0.00000000	      0.00000000	     -0.00000000	      0.00000000	      0.00000000	      0.00000000	     -0.00900150	     -0.01278649	     -0.01527738	      0.03764230	      0.00792397	     -0.01781725	      0.03375171	      0.02212359	      0.00634245	     -0.00423498	      0.01043013	      0.00000000	      0.00000000	     -0.02317646	     -0.00031084	     -0.00090219	     -0.00744199	      0.00216803	      0.00226204	      0.00000000	      0.01885233	      0.00000000	      0.00000000	     -0.00000000	     -0.00000000	      0.00000000	      0.00000000	      0.00000000	      0.00000000	      0.00000000	      0.00000000	      0.00000000	      0.00000000	      0.00000000	      0.00000000	      0.00000000	      0.00000000	      0.00000000	      0.00000000	      0.00000000	      0.00000000	      0.00000000	      0.00000000	      0.00000000	      0.00000000	      0.00000000	      0.00000000	      0.00000000	      0.00000000	      0.00000000	      0.00000000	      0.00000000	      0.00000000	      0.00000000	      0.00000000	      0.00000000	      0.00000000	      0.00000000	      0.00000000	      0.00000000	      0.00000000	      0.00000000	      0.00000000	      0.00000000	      0.00000000	      0.00000000
      3.17000000	      0.00315571	      0.00573438	     -0.00191423	      0.00760927	     -0.00351762	     -0.01080000	     -0.00605588	      0.00000000	      0.00000000	     -0.00000000	      0.00000000	      0.00000000	     -0.00000000	      0.00000000	     -0.00900566	     -0.01278166	     -0.01528146	      0.03763608	      0.00789978	     -0.01784547	      0.03373161	      0.02209906	      0.00631331	     -0.00424602	      0.01042817	     -0.00000000	      0.00000000	     -0.02320187	     -0.00031247	     -0.00090264	     -0.00743773	      0.00216648	      0.00225834	      0.00000000	      0.01882021	      0.00000000	     -0.00000000	      0.00000000	      0.00000000	     -0.00000000	      0.00000000	      0.00000000	      0.00000000	      0.00000000	      0.00000000	      0.00000000	      0.00000000	      0.00000000	      0.00000000	      0.00000000	      0.00000000	      0.00000000	      0.00000000	      0.00000000	      0.00000000	      0.00000000	      0.00000000	      0.00000000	      0.00000000	      0.00000000	      0.00000000	      0.00000000	      0.00000000	      0.00000000	      0.00000000	      0.00000000	      0.00000000	      0.00000000	      0.00000000	      0.00000000	      0.00000000	      0.00000000	      0.00000000	      0.00000000	      0.00000000	      0.00000000	      0.00000000	      0.00000000	      0.00000000	      0.00000000
      3.17500000	      0.00315456	      0.00573459	     -0.00191237	      0.00760806	     -0.00351353	     -0.01079787	     -0.00605655	      0.00000000	     -0.00000000	      0.00000000	     -0.00000000	     -0.00000000	     -0.00000000	      0.00000000	     -0.00900210	     -0.01277019	     -0.01528215	      0.03763458	      0.00787923	     -0.01786969	      0.03371652	      0.02208007	      0.00628871	     -0.00425560	      0.01042588	     -0.00000000	     -0.00000000	     -0.02322511	     -0.00031551	     -0.00090267	     -0.00743453	      0.00216563	      0.00225584	      0.00000000	      0.01879522	     -0.00000000	     -0.00000000	     -0.00000000	      0.00000000	     -0.00000000	      0.00000000	      0.00000000	      0.00000000	      0.00000000	      0.00000000	      0.00000000	      0.00000000	      0.00000000	      0.00000000	      0.00000000	      0.00000000	      0.00000000	      0.00000000	      0.00000000	      0.00000000	      0.00000000	      0.00000000	      0.00000000	      0.00000000	      0.00000000	      0.00000000	      0.00000000	      0.00000000	      0.00000000	      0.00000000	      0.00000000	      0.00000000	      0.00000000	      0.00000000	      0.00000000	      0.00000000	      0.00000000	      0.00000000	      0.00000000	      0.00000000	      0.00000000	      0.00000000	      0.00000000	      0.00000000	      0.00000000
      3.18000000	      0.00315124	      0.00573464	     -0.00191135	      0.00760769	     -0.00351153	     -0.01079930	     -0.00605678	     -0.00000000	     -0.00000000	      0.00000000	     -0.00000000	     -0.00000000	      0.00000000	      0.00000000	     -0.00899071	     -0.01275202	     -0.01527944	      0.03763789	      0.00786247	     -0.01788977	      0.03370659	      0.02206676	      0.00626879	     -0.00426364	      0.01042327	      0.00000000	     -0.00000000	     -0.02324607	     -0.00031997	     -0.00090230	     -0.00743241	      0.00216551	      0.00225455	      0.00000000	      0.01877749	      0.00000000	      0.00000000	     -0.00000000	      0.00000000	     -0.00000000	      0.00000000	      0.00000000	      0.00000000	      0.00000000	      0.00000000	      0.00000000	      0.00000000	      0.00000000	      0.00000000	      0.00000000	      0.00000000	      0.00000000	      0.00000000	      0.00000000	      0.00000000	      0.00000000	      0.00000000	      0.00000000	      0.00000000	      0.00000000	      0.00000000	      0.00000000	      0.00000000	      0.00000000	      0.00000000	      0.00000000	      0.00000000	      0.00000000	      0.00000000	      0.00000000	      0.00000000	      0.00000000	      0.00000000	      0.00000000	      0.00000000	      0.00000000	      0.00000000	      0.00000000	      0.00000000	      0.00000000
      3.18500000	      0.00314573	      0.00573451	     -0.00191118	      0.00760815	     -0.00351162	     -0.01080428	     -0.00605656	      0.00000000	     -0.00000000	      0.00000000	     -0.00000000	     -0.00000000	     -0.00000000	     -0.00000000	     -0.00897148	     -0.01272716	     -0.01527331	      0.03764605	      0.00784958	     -0.01790559	      0.03370186	      0.02205921	      0.00625365	     -0.00427014	      0.01042034	     -0.00000000	     -0.00000000	     -0.02326466	     -0.00032583	     -0.00090152	     -0.00743139	      0.00216612	      0.00225449	      0.00000000	      0.01876704	     -0.00000000	     -0.00000000	      0.00000000	     -0.00000000	     -0.00000000	      0.00000000	      0.00000000	      0.00000000	      0.00000000	      0.00000000	      0.00000000	      0.00000000	      0.00000000	      0.00000000	      0.00000000	      0.00000000	      0.00000000	      0.00000000	      0.00000000	      0.00000000	      0.00000000	      0.00000000	      0.00000000	      0.00000000	      0.00000000	      0.00000000	      0.00000000	      0.00000000	      0.00000000	      0.00000000	      0.00000000	      0.00000000	      0.00000000	      0.00000000	      0.00000000	      0.00000000	      0.00000000	      0.00000000	      0.00000000	      0.00000000	      0.00000000	      0.00000000	      0.00000000	      0.00000000	      0.00000000
      3.19000000	      0.00313810	      0.00573422	     -0.00191185	      0.00760942	     -0.00351375	     -0.01081274	     -0.00605590	     -0.00000000	      0.00000000	     -0.00000000	      0.00000000	     -0.00000000	      0.00000000	      0.00000000	     -0.00894449	     -0.01269570	     -0.01526383	      0.03765906	      0.00784065	     -0.01791711	      0.03370234	      0.02205740	      0.00624331	     -0.00427507	      0.01041709	      0.00000000	      0.00000000	     -0.02328084	     -0.00033306	     -0.00090035	     -0.00743143	      0.00216745	      0.00225566	      0.00000000	      0.01876378	     -0.00000000	      0.00000000	     -0.00000000	     -0.00000000	      0.00000000	      0.00000000	      0.00000000	      0.00000000	      0.00000000	      0.00000000	      0.00000000	      0.00000000	      0.00000000	      0.00000000	      0.00000000	      0.00000000	      0.00000000	      0.00000000	      0.00000000	      0.00000000	      0.00000000	      0.00000000	      0.00000000	      0.00000000	      0.00000000	      0.00000000	      0.00000000	      0.00000000	      0.00000000	      0.00000000	      0.00000000	      0.00000000	      0.00000000	      0.00000000	      0.00000000	      0.00000000	      0.00000000	      0.00000000	      0.00000000	      0.00000000	      0.00000000	      0.00000000	      0.00000000	      0.00000000	      0.00000000
      3.19500000	      0.00312840	      0.00573377	     -0.00191331	      0.00761148	     -0.00351786	     -0.01082457	     -0.00605480	      0.00000000	      0.00000000	      0.00000000	     -0.00000000	      0.00000000	      0.00000000	     -0.00000000	     -0.00890988	     -0.01265779	     -0.01525110	      0.03767685	      0.00783568	     -0.01792432	      0.03370795	      0.02206126	      0.00623771	     -0.00427846	      0.01041355	      0.00000000	      0.00000000	     -0.02329459	     -0.00034160	     -0.00089879	     -0.00743252	      0.00216948	      0.00225803	      0.00000000	      0.01876746	     -0.00000000	     -0.00000000	      0.00000000	      0.00000000	      0.00000000	      0.00000000	      0.00000000	      0.00000000	      0.00000000	      0.00000000	      0.00000000	      0.00000000	      0.00000000	      0.00000000	      0.00000000	      0.00000000	      0.00000000	      0.00000000	      0.00000000	      0.00000000	      0.00000000	      0.00000000	      0.00000000	      0.00000000	      0.00000000	      0.00000000	      0.00000000	      0.00000000	      0.00000000	      0.00000000	      0.00000000	      0.00000000	      0.00000000	      0.00000000	      0.00000000	      0.00000000	      0.00000000	      0.00000000	      0.00000000	      0.00000000	      0.00000000	      0.00000000	      0.00000000	      0.00000000	      0.00000000
      3.20000000	      0.00311675	      0.00573315	     -0.00191552	      0.00761427	     -0.00352383	     -0.01083958	     -0.00605329	     -0.00000000	      0.00000000	      0.00000000	      0.00000000	      0.00000000	      0.00000000	      0.00000000	     -0.00886791	     -0.01261367	     -0.01523530	      0.03769934	      0.00783464	     -0.01792728	      0.03371854	      0.02207060	      0.00623672	     -0.00428040	      0.01040971	      0.00000000	      0.00000000	     -0.02330595	     -0.00035139	     -0.00089689	     -0.00743460	      0.00217219	      0.00226155	      0.00000000	      0.01877771	     -0.00000000	      0.00000000	      0.00000000	     -0.00000000	     -0.00000000	      0.00000000	      0.00000000	      0.00000000	      0.00000000	      0.00000000	      0.00000000	      0.00000000	      0.00000000	      0.00000000	      0.00000000	      0.00000000	      0.00000000	      0.00000000	      0.00000000	      0.00000000	      0.00000000	      0.00000000	      0.00000000	      0.00000000	      0.00000000	      0.00000000	      0.00000000	      0.00000000	      0.00000000	      0.00000000	      0.00000000	      0.00000000	      0.00000000	      0.00000000	      0.00000000	      0.00000000	      0.00000000	      0.00000000	      0.00000000	      0.00000000	      0.00000000	      0.00000000	      0.00000000	      0.00000000	      0.00000000
      3.20500000	      0.00310328	      0.00573238	     -0.00191841	      0.00761774	     -0.00353150	     -0.01085752	     -0.00605138	      0.00000000	     -0.00000000	     -0.00000000	     -0.00000000	      0.00000000	      0.00000000	      0.00000000	     -0.00881891	     -0.01256366	     -0.01521664	      0.03772640	      0.00783744	     -0.01792613	      0.03373388	      0.02208515	      0.00624011	     -0.00428099	      0.01040559	      0.00000000	     -0.00000000	     -0.02331498	     -0.00036233	     -0.00089467	     -0.00743759	      0.00217552	      0.00226612	      0.00000000	      0.01879394	     -0.00000000	     -0.00000000	      0.00000000	      0.00000000	      0.00000000	      0.00000000	      0.00000000	      0.00000000	      0.00000000	      0.00000000	      0.00000000	      0.00000000	      0.00000000	      0.00000000	      0.00000000	      0.00000000	      0.00000000	      0.00000000	      0.00000000	      0.00000000	      0.00000000	      0.00000000	      0.00000000	      0.00000000	      0.00000000	      0.00000000	      0.00000000	      0.00000000	      0.00000000	      0.00000000	      0.00000000	      0.00000000	      0.00000000	      0.00000000	      0.00000000	      0.00000000	      0.00000000	      0.00000000	      0.00000000	      0.00000000	      0.00000000	      0.00000000	      0.00000000	      0.00000000	      0.00000000
      3.21000000	      0.00308817	      0.00573148	     -0.00192187	      0.00762180	     -0.00354066	     -0.01087806	     -0.00604912	     -0.00000000	     -0.00000000	      0.00000000	     -0.00000000	     -0.00000000	     -0.00000000	     -0.00000000	     -0.00876331	     -0.01250815	     -0.01519543	      0.03775791	      0.00784396	     -0.01792106	      0.03375366	      0.02210452	      0.00624756	     -0.00428039	      0.01040121	     -0.00000000	     -0.00000000	     -0.02332182	     -0.00037431	     -0.00089219	     -0.00744139	      0.00217941	      0.00227164	     -0.00000000	      0.01881538	      0.00000000	      0.00000000	     -0.00000000	     -0.00000000	      0.00000000	      0.00000000	      0.00000000	      0.00000000	      0.00000000	      0.00000000	      0.00000000	      0.00000000	      0.00000000	      0.00000000	      0.00000000	      0.00000000	      0.00000000	      0.00000000	      0.00000000	      0.00000000	      0.00000000	      0.00000000	      0.00000000	      0.00000000	      0.00000000	      0.00000000	      0.00000000	      0.00000000	      0.00000000	      0.00000000	      0.00000000	      0.00000000	      0.00000000	      0.00000000	      0.00000000	      0.00000000	      0.00000000	      0.00000000	      0.00000000	      0.00000000	      0.00000000	      0.00000000	      0.00000000	      0.00000000	      0.00000000
      3.21500000	      0.00307164	      0.00573045	     -0.00192580	      0.00762626	     -0.00355105	     -0.01090081	     -0.00604655	      0.00000000	     -0.00000000	     -0.00000000	     -0.00000000	     -0.00000000	     -0.00000000	     -0.00000000	     -0.00870162	     -0.01244759	     -0.01517204	      0.03779369	      0.00785401	     -0.01791234	      0.03377748	      0.02212824	      0.00625864	     -0.00427882	      0.01039658	     -0.00000000	     -0.00000000	     -0.02332666	     -0.00038718	     -0.00088951	     -0.00744587	      0.00218377	      0.00227797	     -0.00000000	      0.01884107	     -0.00000000	     -0.00000000	     -0.00000000	     -0.00000000	     -0.00000000	      0.00000000	      0.00000000	      0.00000000	      0.00000000	      0.00000000	      0.00000000	      0.00000000	      0.00000000	      0.00000000	      0.00000000	      0.00000000	      0.00000000	      0.00000000	      0.00000000	      0.00000000	      0.00000000	      0.00000000	      0.00000000	      0.00000000	      0.00000000	      0.00000000	      0.00000000	      0.00000000	      0.00000000	      0.00000000	      0.00000000	      0.00000000	      0.00000000	      0.00000000	      0.00000000	      0.00000000	      0.00000000	      0.00000000	      0.00000000	      0.00000000	      0.00000000	      0.00000000	      0.00000000	      0.00000000	      0.00000000
      3.22000000	      0.00305393	      0.00572932	     -0.00193003	      0.00763113	     -0.00356234	     -0.01092530	     -0.00604374	      0.00000000	     -0.00000000	     -0.00000000	      0.00000000	     -0.00000000	      0.00000000	     -0.00000000	     -0.00863444	     -0.01238250	     -0.01514691	      0.03783359	      0.00786737	     -0.01790032	      0.03380489	      0.02215574	      0.00627283	     -0.00427654	      0.01039171	     -0.00000000	     -0.00000000	     -0.02332974	     -0.00040079	     -0.00088669	     -0.00745087	      0.00218851	      0.00228491	      0.00000000	      0.01886983	     -0.00000000	      0.00000000	     -0.00000000	     -0.00000000	      0.00000000	      0.00000000	      0.00000000	      0.00000000	      0.00000000	      0.00000000	      0.00000000	      0.00000000	      0.00000000	      0.00000000	      0.00000000	      0.00000000	      0.00000000	      0.00000000	      0.00000000	      0.00000000	      0.00000000	      0.00000000	      0.00000000	      0.00000000	      0.00000000	      0.00000000	      0.00000000	      0.00000000	      0.00000000	      0.00000000	      0.00000000	      0.00000000	      0.00000000	      0.00000000	      0.00000000	      0.00000000	      0.00000000	      0.00000000	      0.00000000	      0.00000000	      0.00000000	      0.00000000	      0.00000000	      0.00000000	      0.00000000
      3.22500000	      0.00303534	      0.00572811	     -0.00193440	      0.00763621	     -0.00357416	     -0.01095099	     -0.00604076	     -0.00000000	     -0.00000000	      0.00000000	      0.00000000	      0.00000000	     -0.00000000	      0.00000000	     -0.00856244	     -0.01231348	     -0.01512053	      0.03787744	      0.00788378	     -0.01788540	      0.03383535	      0.02218635	      0.00628952	     -0.00427389	      0.01038664	      0.00000000	     -0.00000000	     -0.02333134	     -0.00041496	     -0.00088383	     -0.00745621	      0.00219349	      0.00229226	     -0.00000000	      0.01890028	      0.00000000	      0.00000000	     -0.00000000	     -0.00000000	      0.00000000	      0.00000000	      0.00000000	      0.00000000	      0.00000000	      0.00000000	      0.00000000	      0.00000000	      0.00000000	      0.00000000	      0.00000000	      0.00000000	      0.00000000	      0.00000000	      0.00000000	      0.00000000	      0.00000000	      0.00000000	      0.00000000	      0.00000000	      0.00000000	      0.00000000	      0.00000000	      0.00000000	      0.00000000	      0.00000000	      0.00000000	      0.00000000	      0.00000000	      0.00000000	      0.00000000	      0.00000000	      0.00000000	      0.00000000	      0.00000000	      0.00000000	      0.00000000	      0.00000000	      0.00000000	      0.00000000	      0.00000000
      3.23000000	      0.00301620	      0.00572685	     -0.00193872	      0.00764125	     -0.00358609	     -0.01097725	     -0.00603769	      0.00000000	      0.00000000	      0.00000000	      0.00000000	      0.00000000	      0.00000000	      0.00000000	     -0.00848637	     -0.01224116	     -0.01509348	      0.03792509	      0.00790293	     -0.01786807	      0.03386828	      0.02221931	      0.00630799	     -0.00427124	      0.01038138	      0.00000000	      0.00000000	     -0.02333184	     -0.00042947	     -0.00088101	     -0.00746168	      0.00219859	      0.00229978	      0.00000000	      0.01893085	      0.00000000	      0.00000000	     -0.00000000	     -0.00000000	      0.00000000	      0.00000000	      0.00000000	      0.00000000	      0.00000000	      0.00000000	      0.00000000	      0.00000000	      0.00000000	      0.00000000	      0.00000000	      0.00000000	      0.00000000	      0.00000000	      0.00000000	      0.00000000	      0.00000000	      0.00000000	      0.00000000	      0.00000000	      0.00000000	      0.00000000	      0.00000000	      0.00000000	      0.00000000	      0.00000000	      0.00000000	      0.00000000	      0.00000000	      0.00000000	      0.00000000	      0.00000000	      0.00000000	      0.00000000	      0.00000000	      0.00000000	      0.00000000	      0.00000000	      0.00000000	      0.00000000	      0.00000000
      3.23500000	      0.00299686	      0.00572557	     -0.00194277	      0.00764620	     -0.00359767	     -0.01100340	     -0.00603464	     -0.00000000	     -0.00000000	     -0.00000000	     -0.00000000	     -0.00000000	      0.00000000	     -0.00000000	     -0.00840703	     -0.01216621	     -0.01506640	      0.03797642	      0.00792450	     -0.01784885	      0.03390302	      0.02225378	      0.00632744	     -0.00426903	      0.01037596	     -0.00000000	     -0.00000000	     -0.02333164	     -0.00044411	     -0.00087834	     -0.00746705	      0.00220364	      0.00230718	     -0.00000000	      0.01895973	     -0.00000000	      0.00000000	     -0.00000000	     -0.00000000	     -0.00000000	      0.00000000	      0.00000000	      0.00000000	      0.00000000	      0.00000000	      0.00000000	      0.00000000	      0.00000000	      0.00000000	      0.00000000	      0.00000000	      0.00000000	      0.00000000	      0.00000000	      0.00000000	      0.00000000	      0.00000000	      0.00000000	      0.00000000	      0.00000000	      0.00000000	      0.00000000	      0.00000000	      0.00000000	      0.00000000	      0.00000000	      0.00000000	      0.00000000	      0.00000000	      0.00000000	      0.00000000	      0.00000000	      0.00000000	      0.00000000	      0.00000000	      0.00000000	      0.00000000	      0.00000000	      0.00000000	      0.00000000
      3.24000000	      0.00297772	      0.00572430	     -0.00194630	      0.00765080	     -0.00360837	     -0.01102870	     -0.00603170	     -0.00000000	     -0.00000000	     -0.00000000	     -0.00000000	     -0.00000000	     -0.00000000	     -0.00000000	     -0.00832529	     -0.01208937	     -0.01503998	      0.03803133	      0.00794814	     -0.01782834	      0.03393890	      0.02228888	      0.00634699	     -0.00426774	      0.01037040	      0.00000000	     -0.00000000	     -0.02333118	     -0.00045863	     -0.00087595	     -0.00747206	      0.00220849	      0.00231417	     -0.00000000	      0.01898497	      0.00000000	      0.00000000	      0.00000000	     -0.00000000	     -0.00000000	      0.00000000	      0.00000000	      0.00000000	      0.00000000	      0.00000000	      0.00000000	      0.00000000	      0.00000000	      0.00000000	      0.00000000	      0.00000000	      0.00000000	      0.00000000	      0.00000000	      0.00000000	      0.00000000	      0.00000000	      0.00000000	      0.00000000	      0.00000000	      0.00000000	      0.00000000	      0.00000000	      0.00000000	      0.00000000	      0.00000000	      0.00000000	      0.00000000	      0.00000000	      0.00000000	      0.00000000	      0.00000000	      0.00000000	      0.00000000	      0.00000000	      0.00000000	      0.00000000	      0.00000000	      0.00000000	      0.00000000
      3.24500000	      0.00295921	      0.00572310	     -0.00194906	      0.00765481	     -0.00361762	     -0.01105235	     -0.00602900	      0.00000000	     -0.00000000	     -0.00000000	      0.00000000	      0.00000000	      0.00000000	      0.00000000	     -0.00824206	     -0.01201138	     -0.01501498	      0.03808977	      0.00797348	     -0.01780716	      0.03397520	      0.02232364	      0.00636571	     -0.00426791	      0.01036473	      0.00000000	      0.00000000	     -0.02333096	     -0.00047276	     -0.00087395	     -0.00747645	      0.00221293	      0.00232040	      0.00000000	      0.01900442	      0.00000000	     -0.00000000	      0.00000000	      0.00000000	     -0.00000000	      0.00000000	      0.00000000	      0.00000000	      0.00000000	      0.00000000	      0.00000000	      0.00000000	      0.00000000	      0.00000000	      0.00000000	      0.00000000	      0.00000000	      0.00000000	      0.00000000	      0.00000000	      0.00000000	      0.00000000	      0.00000000	      0.00000000	      0.00000000	      0.00000000	      0.00000000	      0.00000000	      0.00000000	      0.00000000	      0.00000000	      0.00000000	      0.00000000	      0.00000000	      0.00000000	      0.00000000	      0.00000000	      0.00000000	      0.00000000	      0.00000000	      0.00000000	      0.00000000	      0.00000000	      0.00000000	      0.00000000
      3.25000000	      0.00294176	      0.00572201	     -0.00195077	      0.00765800	     -0.00362484	     -0.01107348	     -0.00602666	     -0.00000000	      0.00000000	      0.00000000	      0.00000000	      0.00000000	      0.00000000	      0.00000000	     -0.00815828	     -0.01193304	     -0.01499219	      0.03815171	      0.00800018	     -0.01778599	      0.03401118	      0.02235707	      0.00638258	     -0.00427012	      0.01035899	      0.00000000	      0.00000000	     -0.02333152	     -0.00048624	     -0.00087249	     -0.00747991	      0.00221678	      0.00232552	      0.00000000	      0.01901579	      0.00000000	      0.00000000	     -0.00000000	     -0.00000000	     -0.00000000	      0.00000000	      0.00000000	      0.00000000	      0.00000000	      0.00000000	      0.00000000	      0.00000000	      0.00000000	      0.00000000	      0.00000000	      0.00000000	      0.00000000	      0.00000000	      0.00000000	      0.00000000	      0.00000000	      0.00000000	      0.00000000	      0.00000000	      0.00000000	      0.00000000	      0.00000000	      0.00000000	      0.00000000	      0.00000000	      0.00000000	      0.00000000	      0.00000000	      0.00000000	      0.00000000	      0.00000000	      0.00000000	      0.00000000	      0.00000000	      0.00000000	      0.00000000	      0.00000000	      0.00000000	      0.00000000	      0.00000000
      3.25500000	      0.00292586	      0.00572106	     -0.00195112	      0.00766014	     -0.00362941	     -0.01109120	     -0.00602484	      0.00000000	      0.00000000	     -0.00000000	     -0.00000000	      0.00000000	      0.00000000	      0.00000000	     -0.00807492	     -0.01185516	     -0.01497246	      0.03821718	      0.00802785	     -0.01776551	      0.03404609	      0.02238813	      0.00639659	     -0.00427496	      0.01035321	     -0.00000000	      0.00000000	     -0.02333339	     -0.00049876	     -0.00087172	     -0.00748215	      0.00221981	      0.00232914	     -0.00000000	      0.01901669	      0.00000000	     -0.00000000	      0.00000000	      0.00000000	      0.00000000	      0.00000000	      0.00000000	      0.00000000	      0.00000000	      0.00000000	      0.00000000	      0.00000000	      0.00000000	      0.00000000	      0.00000000	      0.00000000	      0.00000000	      0.00000000	      0.00000000	      0.00000000	      0.00000000	      0.00000000	      0.00000000	      0.00000000	      0.00000000	      0.00000000	      0.00000000	      0.00000000	      0.00000000	      0.00000000	      0.00000000	      0.00000000	      0.00000000	      0.00000000	      0.00000000	      0.00000000	      0.00000000	      0.00000000	      0.00000000	      0.00000000	      0.00000000	      0.00000000	      0.00000000	      0.00000000	      0.00000000
      3.26000000	      0.00291197	      0.00572030	     -0.00194983	      0.00766096	     -0.00363068	     -0.01110461	     -0.00602366	     -0.00000000	      0.00000000	     -0.00000000	      0.00000000	      0.00000000	     -0.00000000	      0.00000000	     -0.00799295	     -0.01177857	     -0.01495665	      0.03828625	      0.00805616	     -0.01774642	      0.03407920	      0.02241578	      0.00640665	     -0.00428308	      0.01034743	      0.00000000	      0.00000000	     -0.02333716	     -0.00051002	     -0.00087178	     -0.00748285	      0.00222182	      0.00233087	      0.00000000	      0.01900464	     -0.00000000	      0.00000000	     -0.00000000	     -0.00000000	     -0.00000000	      0.00000000	      0.00000000	      0.00000000	      0.00000000	      0.00000000	      0.00000000	      0.00000000	      0.00000000	      0.00000000	      0.00000000	      0.00000000	      0.00000000	      0.00000000	      0.00000000	      0.00000000	      0.00000000	      0.00000000	      0.00000000	      0.00000000	      0.00000000	      0.00000000	      0.00000000	      0.00000000	      0.00000000	      0.00000000	      0.00000000	      0.00000000	      0.00000000	      0.00000000	      0.00000000	      0.00000000	      0.00000000	      0.00000000	      0.00000000	      0.00000000	      0.00000000	      0.00000000	      0.00000000	      0.00000000	      0.00000000
      3.26500000	      0.00290056	      0.00571979	     -0.00194658	      0.00766021	     -0.00362802	     -0.01111280	     -0.00602329	     -0.00000000	     -0.00000000	     -0.00000000	     -0.00000000	     -0.00000000	     -0.00000000	     -0.00000000	     -0.00791333	     -0.01170412	     -0.01494562	      0.03835901	      0.00808475	     -0.01772943	      0.03410976	      0.02243898	      0.00641172	     -0.00429509	      0.01034170	      0.00000000	     -0.00000000	     -0.02334339	     -0.00051971	     -0.00087283	     -0.00748170	      0.00222256	      0.00233030	     -0.00000000	      0.01897716	     -0.00000000	      0.00000000	     -0.00000000	     -0.00000000	     -0.00000000	      0.00000000	      0.00000000	      0.00000000	      0.00000000	      0.00000000	      0.00000000	      0.00000000	      0.00000000	      0.00000000	      0.00000000	      0.00000000	      0.00000000	      0.00000000	      0.00000000	      0.00000000	      0.00000000	      0.00000000	      0.00000000	      0.00000000	      0.00000000	      0.00000000	      0.00000000	      0.00000000	      0.00000000	      0.00000000	      0.00000000	      0.00000000	      0.00000000	      0.00000000	      0.00000000	      0.00000000	      0.00000000	      0.00000000	      0.00000000	      0.00000000	      0.00000000	      0.00000000	      0.00000000	      0.00000000	      0.00000000
      3.27000000	      0.00289210	      0.00571954	     -0.00194109	      0.00765764	     -0.00362082	     -0.01111488	     -0.00602385	     -0.00000000	      0.00000000	     -0.00000000	     -0.00000000	     -0.00000000	     -0.00000000	      0.00000000	     -0.00783700	     -0.01163270	     -0.01494025	      0.03843558	      0.00811330	     -0.01771523	      0.03413708	      0.02245670	      0.00641071	     -0.00431161	      0.01033607	     -0.00000000	      0.00000000	     -0.02335265	     -0.00052750	     -0.00087503	     -0.00747839	      0.00222182	      0.00232702	      0.00000000	      0.01893179	      0.00000000	      0.00000000	     -0.00000000	     -0.00000000	     -0.00000000	      0.00000000	      0.00000000	      0.00000000	      0.00000000	      0.00000000	      0.00000000	      0.00000000	      0.00000000	      0.00000000	      0.00000000	      0.00000000	      0.00000000	      0.00000000	      0.00000000	      0.00000000	      0.00000000	      0.00000000	      0.00000000	      0.00000000	      0.00000000	      0.00000000	      0.00000000	      0.00000000	      0.00000000	      0.00000000	      0.00000000	      0.00000000	      0.00000000	      0.00000000	      0.00000000	      0.00000000	      0.00000000	      0.00000000	      0.00000000	      0.00000000	      0.00000000	      0.00000000	      0.00000000	      0.00000000	      0.00000000
      3.27500000	      0.00288702	      0.00571959	     -0.00193306	      0.00765307	     -0.00360851	     -0.01111000	     -0.00602551	      0.00000000	     -0.00000000	     -0.00000000	     -0.00000000	     -0.00000000	      0.00000000	      0.00000000	     -0.00776483	     -0.01156517	     -0.01494137	      0.03848954	      0.00814147	     -0.01770450	      0.03416047	      0.02246796	      0.00640262	     -0.00433322	      0.01033059	     -0.00000000	     -0.00000000	     -0.02336549	     -0.00053308	     -0.00087852	     -0.00747263	      0.00221936	      0.00232063	     -0.00000000	      0.01886617	     -0.00000000	     -0.00000000	     -0.00000000	     -0.00000000	      0.00000000	      0.00000000	      0.00000000	      0.00000000	      0.00000000	      0.00000000	      0.00000000	      0.00000000	      0.00000000	      0.00000000	      0.00000000	      0.00000000	      0.00000000	      0.00000000	      0.00000000	      0.00000000	      0.00000000	      0.00000000	      0.00000000	      0.00000000	      0.00000000	      0.00000000	      0.00000000	      0.00000000	      0.00000000	      0.00000000	      0.00000000	      0.00000000	      0.00000000	      0.00000000	      0.00000000	      0.00000000	      0.00000000	      0.00000000	      0.00000000	      0.00000000	      0.00000000	      0.00000000	      0.00000000	      0.00000000	      0.00000000
      3.28000000	      0.00288572	      0.00571994	     -0.00192224	      0.00764620	     -0.00359055	     -0.01109740	     -0.00602839	     -0.00000000	      0.00000000	     -0.00000000	     -0.00000000	      0.00000000	     -0.00000000	     -0.00000000	     -0.00769766	     -0.01150244	     -0.01494976	      0.03854003	      0.00816895	     -0.01769789	      0.03417928	      0.02247180	      0.00638645	     -0.00436045	      0.01032532	      0.00000000	      0.00000000	     -0.02338244	     -0.00053615	     -0.00088344	     -0.00746415	      0.00221498	      0.00231075	     -0.00000000	      0.01877813	      0.00000000	      0.00000000	      0.00000000	      0.00000000	      0.00000000	      0.00000000	      0.00000000	      0.00000000	      0.00000000	      0.00000000	      0.00000000	      0.00000000	      0.00000000	      0.00000000	      0.00000000	      0.00000000	      0.00000000	      0.00000000	      0.00000000	      0.00000000	      0.00000000	      0.00000000	      0.00000000	      0.00000000	      0.00000000	      0.00000000	      0.00000000	      0.00000000	      0.00000000	      0.00000000	      0.00000000	      0.00000000	      0.00000000	      0.00000000	      0.00000000	      0.00000000	      0.00000000	      0.00000000	      0.00000000	      0.00000000	      0.00000000	      0.00000000	      0.00000000	      0.00000000	      0.00000000
      3.28500000	      0.00288853	      0.00572061	     -0.00190841	      0.00763676	     -0.00356652	     -0.01107641	     -0.00603261	      0.00000000	      0.00000000	      0.00000000	      0.00000000	      0.00000000	      0.00000000	      0.00000000	     -0.00763621	     -0.01144538	     -0.01496611	      0.03859111	      0.00819542	     -0.01769604	      0.03419291	      0.02246735	      0.00636132	     -0.00439374	      0.01032031	      0.00000000	      0.00000000	     -0.02340397	     -0.00053642	     -0.00088992	     -0.00745269	      0.00220846	      0.00229703	      0.00000000	      0.01866573	      0.00000000	      0.00000000	      0.00000000	      0.00000000	      0.00000000	      0.00000000	      0.00000000	      0.00000000	      0.00000000	      0.00000000	      0.00000000	      0.00000000	      0.00000000	      0.00000000	      0.00000000	      0.00000000	      0.00000000	      0.00000000	      0.00000000	      0.00000000	      0.00000000	      0.00000000	      0.00000000	      0.00000000	      0.00000000	      0.00000000	      0.00000000	      0.00000000	      0.00000000	      0.00000000	      0.00000000	      0.00000000	      0.00000000	      0.00000000	      0.00000000	      0.00000000	      0.00000000	      0.00000000	      0.00000000	      0.00000000	      0.00000000	      0.00000000	      0.00000000	      0.00000000	      0.00000000
      3.29000000	      0.00289573	      0.00572157	     -0.00189138	      0.00762470	     -0.00353606	     -0.01104650	     -0.00603826	     -0.00000000	     -0.00000000	      0.00000000	     -0.00000000	      0.00000000	      0.00000000	      0.00000000	     -0.00758110	     -0.01139488	     -0.01499102	      0.03864255	      0.00822056	     -0.01769949	      0.03420082	      0.02245381	      0.00632641	     -0.00443342	      0.01031562	     -0.00000000	      0.00000000	     -0.02343053	     -0.00053363	     -0.00089808	     -0.00743806	      0.00219963	      0.00227916	      0.00000000	      0.01852736	      0.00000000	      0.00000000	      0.00000000	     -0.00000000	     -0.00000000	      0.00000000	      0.00000000	      0.00000000	      0.00000000	      0.00000000	      0.00000000	      0.00000000	      0.00000000	      0.00000000	      0.00000000	      0.00000000	      0.00000000	      0.00000000	      0.00000000	      0.00000000	      0.00000000	      0.00000000	      0.00000000	      0.00000000	      0.00000000	      0.00000000	      0.00000000	      0.00000000	      0.00000000	      0.00000000	      0.00000000	      0.00000000	      0.00000000	      0.00000000	      0.00000000	      0.00000000	      0.00000000	      0.00000000	      0.00000000	      0.00000000	      0.00000000	      0.00000000	      0.00000000	      0.00000000	      0.00000000
      3.29500000	      0.00290750	      0.00572278	     -0.00187103	      0.00760981	     -0.00349896	     -0.01100729	     -0.00604544	     -0.00000000	      0.00000000	      0.00000000	      0.00000000	      0.00000000	      0.00000000	      0.00000000	     -0.00753283	     -0.01135180	     -0.01502495	      0.03869412	      0.00824403	     -0.01770876	      0.03420252	      0.02243049	      0.00628103	     -0.00447972	      0.01031131	      0.00000000	      0.00000000	     -0.02346246	     -0.00052755	     -0.00090798	     -0.00742010	      0.00218834	      0.00225688	      0.00000000	      0.01836181	      0.00000000	      0.00000000	      0.00000000	     -0.00000000	      0.00000000	      0.00000000	      0.00000000	      0.00000000	      0.00000000	      0.00000000	      0.00000000	      0.00000000	      0.00000000	      0.00000000	      0.00000000	      0.00000000	      0.00000000	      0.00000000	      0.00000000	      0.00000000	      0.00000000	      0.00000000	      0.00000000	      0.00000000	      0.00000000	      0.00000000	      0.00000000	      0.00000000	      0.00000000	      0.00000000	      0.00000000	      0.00000000	      0.00000000	      0.00000000	      0.00000000	      0.00000000	      0.00000000	      0.00000000	      0.00000000	      0.00000000	      0.00000000	      0.00000000	      0.00000000	      0.00000000	      0.00000000
      3.30000000	      0.00292391	      0.00572419	     -0.00184729	      0.00759199	     -0.00345513	     -0.01095860	     -0.00605418	      0.00000000	      0.00000000	      0.00000000	      0.00000000	     -0.00000000	     -0.00000000	     -0.00000000	     -0.00749177	     -0.01131698	     -0.01506821	      0.03874552	      0.00826553	     -0.01772428	      0.03419760	      0.02239682	      0.00622467	     -0.00453270	      0.01030743	     -0.00000000	     -0.00000000	     -0.02350005	     -0.00051800	     -0.00091908	     -0.00739871	      0.00217446	      0.00223002	     -0.00000000	      0.01816840	      0.00000000	     -0.00000000	      0.00000000	      0.00000000	      0.00000000	      0.00000000	      0.00000000	      0.00000000	      0.00000000	      0.00000000	      0.00000000	      0.00000000	      0.00000000	      0.00000000	      0.00000000	      0.00000000	      0.00000000	      0.00000000	      0.00000000	      0.00000000	      0.00000000	      0.00000000	      0.00000000	      0.00000000	      0.00000000	      0.00000000	      0.00000000	      0.00000000	      0.00000000	      0.00000000	      0.00000000	      0.00000000	      0.00000000	      0.00000000	      0.00000000	      0.00000000	      0.00000000	      0.00000000	      0.00000000	      0.00000000	      0.00000000	      0.00000000	      0.00000000	      0.00000000	      0.00000000
      3.30500000	      0.00294496	      0.00572573	     -0.00182017	      0.00757126	     -0.00340466	     -0.01090045	     -0.00606449	     -0.00000000	     -0.00000000	     -0.00000000	      0.00000000	     -0.00000000	     -0.00000000	     -0.00000000	     -0.00745812	     -0.01129116	     -0.01512089	      0.03879643	      0.00828470	     -0.01774638	      0.03418574	      0.02235239	      0.00615696	     -0.00459226	      0.01030404	     -0.00000000	     -0.00000000	     -0.02354347	     -0.00050487	     -0.00093261	     -0.00737385	      0.00215793	      0.00219846	     -0.00000000	      0.01794696	     -0.00000000	     -0.00000000	      0.00000000	      0.00000000	      0.00000000	      0.00000000	      0.00000000	      0.00000000	      0.00000000	      0.00000000	      0.00000000	      0.00000000	      0.00000000	      0.00000000	      0.00000000	      0.00000000	      0.00000000	      0.00000000	      0.00000000	      0.00000000	      0.00000000	      0.00000000	      0.00000000	      0.00000000	      0.00000000	      0.00000000	      0.00000000	      0.00000000	      0.00000000	      0.00000000	      0.00000000	      0.00000000	      0.00000000	      0.00000000	      0.00000000	      0.00000000	      0.00000000	      0.00000000	      0.00000000	      0.00000000	      0.00000000	      0.00000000	      0.00000000	      0.00000000	      0.00000000
      3.31000000	      0.00297050	      0.00572729	     -0.00178807	      0.00754750	     -0.00334777	     -0.01083309	     -0.00607634	     -0.00000000	     -0.00000000	      0.00000000	     -0.00000000	      0.00000000	     -0.00000000	     -0.00000000	     -0.00743192	     -0.01127502	     -0.01518290	      0.03884644	      0.00830124	     -0.01777526	      0.03416671	      0.02229697	      0.00607779	     -0.00465814	      0.01030118	     -0.00000000	      0.00000000	     -0.02359276	     -0.00048808	     -0.00094795	     -0.00734558	      0.00213871	      0.00216221	     -0.00000000	      0.01769800	     -0.00000000	      0.00000000	     -0.00000000	      0.00000000	     -0.00000000	      0.00000000	      0.00000000	      0.00000000	      0.00000000	      0.00000000	      0.00000000	      0.00000000	      0.00000000	      0.00000000	      0.00000000	      0.00000000	      0.00000000	      0.00000000	      0.00000000	      0.00000000	      0.00000000	      0.00000000	      0.00000000	      0.00000000	      0.00000000	      0.00000000	      0.00000000	      0.00000000	      0.00000000	      0.00000000	      0.00000000	      0.00000000	      0.00000000	      0.00000000	      0.00000000	      0.00000000	      0.00000000	      0.00000000	      0.00000000	      0.00000000	      0.00000000	      0.00000000	      0.00000000	      0.00000000	      0.00000000
      3.31500000	      0.00300028	      0.00572878	     -0.00175468	      0.00752087	     -0.00328491	     -0.01075700	     -0.00608967	     -0.00000000	      0.00000000	     -0.00000000	     -0.00000000	      0.00000000	     -0.00000000	     -0.00000000	     -0.00741304	     -0.01126905	     -0.01525388	      0.03889517	      0.00831486	     -0.01781097	      0.03414043	      0.02223056	      0.00598728	     -0.00472987	      0.01029888	     -0.00000000	      0.00000000	     -0.02364782	     -0.00046768	     -0.00096502	     -0.00731403	      0.00211686	      0.00212138	     -0.00000000	      0.01742273	      0.00000000	     -0.00000000	     -0.00000000	      0.00000000	     -0.00000000	      0.00000000	      0.00000000	      0.00000000	      0.00000000	      0.00000000	      0.00000000	      0.00000000	      0.00000000	      0.00000000	      0.00000000	      0.00000000	      0.00000000	      0.00000000	      0.00000000	      0.00000000	      0.00000000	      0.00000000	      0.00000000	      0.00000000	      0.00000000	      0.00000000	      0.00000000	      0.00000000	      0.00000000	      0.00000000	      0.00000000	      0.00000000	      0.00000000	      0.00000000	      0.00000000	      0.00000000	      0.00000000	      0.00000000	      0.00000000	      0.00000000	      0.00000000	      0.00000000	      0.00000000	      0.00000000	      0.00000000
      3.32000000	      0.00303392	      0.00573011	     -0.00171849	      0.00749142	     -0.00321667	     -0.01067293	     -0.00610436	      0.00000000	      0.00000000	     -0.00000000	      0.00000000	      0.00000000	     -0.00000000	     -0.00000000	     -0.00740116	     -0.01127360	     -0.01533322	      0.03894217	      0.00832534	     -0.01785336	      0.03410699	      0.02215345	      0.00588590	     -0.00480680	      0.01029716	      0.00000000	     -0.00000000	     -0.02370836	     -0.00044323	     -0.00098371	     -0.00727942	      0.00209248	      0.00207621	     -0.00000000	      0.01712312	     -0.00000000	     -0.00000000	     -0.00000000	      0.00000000	      0.00000000	      0.00000000	      0.00000000	      0.00000000	      0.00000000	      0.00000000	      0.00000000	      0.00000000	      0.00000000	      0.00000000	      0.00000000	      0.00000000	      0.00000000	      0.00000000	      0.00000000	      0.00000000	      0.00000000	      0.00000000	      0.00000000	      0.00000000	      0.00000000	      0.00000000	      0.00000000	      0.00000000	      0.00000000	      0.00000000	      0.00000000	      0.00000000	      0.00000000	      0.00000000	      0.00000000	      0.00000000	      0.00000000	      0.00000000	      0.00000000	      0.00000000	      0.00000000	      0.00000000	      0.00000000	      0.00000000	      0.00000000
      3.32500000	      0.00307092	      0.00573115	     -0.00167996	      0.00745982	     -0.00314385	     -0.01058188	     -0.00612025	     -0.00000000	      0.00000000	      0.00000000	      0.00000000	      0.00000000	      0.00000000	      0.00000000	     -0.00739579	     -0.01128873	     -0.01542004	      0.03898706	      0.00833255	     -0.01790205	      0.03406669	      0.02206622	      0.00577445	     -0.00488809	      0.01029602	      0.00000000	      0.00000000	     -0.02377390	     -0.00041316	     -0.00100385	     -0.00724208	      0.00206576	      0.00202705	      0.00000000	      0.01680199	     -0.00000000	      0.00000000	      0.00000000	      0.00000000	      0.00000000	      0.00000000	      0.00000000	      0.00000000	      0.00000000	      0.00000000	      0.00000000	      0.00000000	      0.00000000	      0.00000000	      0.00000000	      0.00000000	      0.00000000	      0.00000000	      0.00000000	      0.00000000	      0.00000000	      0.00000000	      0.00000000	      0.00000000	      0.00000000	      0.00000000	      0.00000000	      0.00000000	      0.00000000	      0.00000000	      0.00000000	      0.00000000	      0.00000000	      0.00000000	      0.00000000	      0.00000000	      0.00000000	      0.00000000	      0.00000000	      0.00000000	      0.00000000	      0.00000000	      0.00000000	      0.00000000	      0.00000000
      3.33000000	      0.00311067	      0.00573182	     -0.00163894	      0.00742591	     -0.00306741	     -0.01048508	     -0.00613713	     -0.00000000	     -0.00000000	     -0.00000000	      0.00000000	     -0.00000000	     -0.00000000	     -0.00000000	     -0.00739623	     -0.01131422	     -0.01551319	      0.03902946	      0.00833651	     -0.01795640	      0.03402003	      0.02196985	      0.00565414	     -0.00497272	      0.01029546	     -0.00000000	     -0.00000000	     -0.02384371	     -0.00038005	     -0.00102522	     -0.00720243	      0.00203696	      0.00197443	     -0.00000000	      0.01646294	     -0.00000000	     -0.00000000	     -0.00000000	     -0.00000000	      0.00000000	      0.00000000	      0.00000000	      0.00000000	      0.00000000	      0.00000000	      0.00000000	      0.00000000	      0.00000000	      0.00000000	      0.00000000	      0.00000000	      0.00000000	      0.00000000	      0.00000000	      0.00000000	      0.00000000	      0.00000000	      0.00000000	      0.00000000	      0.00000000	      0.00000000	      0.00000000	      0.00000000	      0.00000000	      0.00000000	      0.00000000	      0.00000000	      0.00000000	      0.00000000	      0.00000000	      0.00000000	      0.00000000	      0.00000000	      0.00000000	      0.00000000	      0.00000000	      0.00000000	      0.00000000	      0.00000000	      0.00000000
      3.33500000	      0.00315250	      0.00573205	     -0.00159674	      0.00738997	     -0.00298844	     -0.01038398	     -0.00615478	     -0.00000000	      0.00000000	      0.00000000	      0.00000000	      0.00000000	      0.00000000	      0.00000000	     -0.00740166	     -0.01134951	     -0.01561125	      0.03906915	      0.00833741	     -0.01801546	      0.03396782	      0.02186569	      0.00552658	     -0.00505956	      0.01029546	      0.00000000	     -0.00000000	     -0.02391683	     -0.00034436	     -0.00104755	     -0.00716100	      0.00200643	      0.00191899	      0.00000000	      0.01611032	     -0.00000000	      0.00000000	     -0.00000000	      0.00000000	      0.00000000	      0.00000000	      0.00000000	      0.00000000	      0.00000000	      0.00000000	      0.00000000	      0.00000000	      0.00000000	      0.00000000	      0.00000000	      0.00000000	      0.00000000	      0.00000000	      0.00000000	      0.00000000	      0.00000000	      0.00000000	      0.00000000	      0.00000000	      0.00000000	      0.00000000	      0.00000000	      0.00000000	      0.00000000	      0.00000000	      0.00000000	      0.00000000	      0.00000000	      0.00000000	      0.00000000	      0.00000000	      0.00000000	      0.00000000	      0.00000000	      0.00000000	      0.00000000	      0.00000000	      0.00000000	      0.00000000	      0.00000000
      3.34000000	      0.00319566	      0.00573179	     -0.00155392	      0.00735316	     -0.00290816	     -0.01028016	     -0.00617291	      0.00000000	     -0.00000000	      0.00000000	     -0.00000000	     -0.00000000	     -0.00000000	     -0.00000000	     -0.00741109	     -0.01139368	     -0.01571263	      0.03910600	      0.00833563	     -0.01807801	      0.03391112	      0.02175544	      0.00539377	     -0.00514736	      0.01029596	     -0.00000000	     -0.00000000	     -0.02399209	     -0.00030667	     -0.00107054	     -0.00711840	      0.00197459	      0.00186148	     -0.00000000	      0.01574909	     -0.00000000	     -0.00000000	      0.00000000	      0.00000000	      0.00000000	      0.00000000	      0.00000000	      0.00000000	      0.00000000	      0.00000000	      0.00000000	      0.00000000	      0.00000000	      0.00000000	      0.00000000	      0.00000000	      0.00000000	      0.00000000	      0.00000000	      0.00000000	      0.00000000	      0.00000000	      0.00000000	      0.00000000	      0.00000000	      0.00000000	      0.00000000	      0.00000000	      0.00000000	      0.00000000	      0.00000000	      0.00000000	      0.00000000	      0.00000000	      0.00000000	      0.00000000	      0.00000000	      0.00000000	      0.00000000	      0.00000000	      0.00000000	      0.00000000	      0.00000000	      0.00000000	      0.00000000
      3.34500000	      0.00323937	      0.00573103	     -0.00151092	      0.00731560	     -0.00282779	     -0.01017530	     -0.00619125	     -0.00000000	     -0.00000000	      0.00000000	      0.00000000	      0.00000000	      0.00000000	      0.00000000	     -0.00742344	     -0.01144547	     -0.01581561	      0.03914009	      0.00833179	     -0.01814258	      0.03385123	      0.02164117	      0.00525802	     -0.00523485	      0.01029693	      0.00000000	      0.00000000	     -0.02406812	     -0.00026762	     -0.00109386	     -0.00707527	      0.00194189	      0.00180273	      0.00000000	      0.01538457	     -0.00000000	     -0.00000000	     -0.00000000	     -0.00000000	     -0.00000000	      0.00000000	      0.00000000	      0.00000000	      0.00000000	      0.00000000	      0.00000000	      0.00000000	      0.00000000	      0.00000000	      0.00000000	      0.00000000	      0.00000000	      0.00000000	      0.00000000	      0.00000000	      0.00000000	      0.00000000	      0.00000000	      0.00000000	      0.00000000	      0.00000000	      0.00000000	      0.00000000	      0.00000000	      0.00000000	      0.00000000	      0.00000000	      0.00000000	      0.00000000	      0.00000000	      0.00000000	      0.00000000	      0.00000000	      0.00000000	      0.00000000	      0.00000000	      0.00000000	      0.00000000	      0.00000000	      0.00000000
      3.35000000	      0.00328288	      0.00572977	     -0.00146774	      0.00727793	     -0.00279382	     -0.01007105	     -0.00620953	     -0.00000000	     -0.00000000	      0.00000000	     -0.00000000	      0.00000000	     -0.00000000	     -0.00000000	     -0.00743756	     -0.01150334	     -0.01591846	      0.03917169	      0.00832668	     -0.01820751	      0.03378967	      0.02152517	      0.00512184	     -0.00532081	      0.01029830	      0.00000000	      0.00000000	     -0.02414344	     -0.00022787	     -0.00111718	     -0.00703230	      0.00190882	      0.00174362	      0.00000000	      0.01502222	     -0.00000000	      0.00000000	     -0.00000000	      0.00000000	      0.00000000	      0.00000000	      0.00000000	      0.00000000	      0.00000000	      0.00000000	      0.00000000	      0.00000000	      0.00000000	      0.00000000	      0.00000000	      0.00000000	      0.00000000	      0.00000000	      0.00000000	      0.00000000	      0.00000000	      0.00000000	      0.00000000	      0.00000000	      0.00000000	      0.00000000	      0.00000000	      0.00000000	      0.00000000	      0.00000000	      0.00000000	      0.00000000	      0.00000000	      0.00000000	      0.00000000	      0.00000000	      0.00000000	      0.00000000	      0.00000000	      0.00000000	      0.00000000	      0.00000000	      0.00000000	      0.00000000	      0.00000000
      3.35500000	      0.00332550	      0.00572806	     -0.00142634	      0.00724100	     -0.00271953	     -0.00996898	     -0.00622749	     -0.00000000	     -0.00000000	     -0.00000000	     -0.00000000	     -0.00000000	     -0.00000000	     -0.00000000	     -0.00745225	     -0.01156549	     -0.01601946	      0.03920128	      0.00832128	     -0.01827102	      0.03372809	      0.02140986	      0.00498784	     -0.00540413	      0.01030000	     -0.00000000	      0.00000000	     -0.02421653	     -0.00018810	     -0.00113983	     -0.00699014	      0.00187587	      0.00168498	     -0.00000000	      0.01466729	     -0.00000000	     -0.00000000	      0.00000000	      0.00000000	      0.00000000	      0.00000000	      0.00000000	      0.00000000	      0.00000000	      0.00000000	      0.00000000	      0.00000000	      0.00000000	      0.00000000	      0.00000000	      0.00000000	      0.00000000	      0.00000000	      0.00000000	      0.00000000	      0.00000000	      0.00000000	      0.00000000	      0.00000000	      0.00000000	      0.00000000	      0.00000000	      0.00000000	      0.00000000	      0.00000000	      0.00000000	      0.00000000	      0.00000000	      0.00000000	      0.00000000	      0.00000000	      0.00000000	      0.00000000	      0.00000000	      0.00000000	      0.00000000	      0.00000000	      0.00000000	      0.00000000	      0.00000000
      3.36000000	      0.00336659	      0.00572596	     -0.00138535	      0.00720514	     -0.00264835	     -0.00987052	     -0.00624489	     -0.00000000	      0.00000000	     -0.00000000	     -0.00000000	      0.00000000	      0.00000000	      0.00000000	     -0.00746633	     -0.01163002	     -0.01611705	      0.03922949	      0.00831669	     -0.01833133	      0.03366822	      0.02129771	      0.00485859	     -0.00548384	      0.01030196	      0.00000000	      0.00000000	     -0.02428592	     -0.00014895	     -0.00116219	     -0.00694943	      0.00184351	      0.00162764	      0.00000000	      0.01432466	      0.00000000	      0.00000000	     -0.00000000	     -0.00000000	     -0.00000000	      0.00000000	      0.00000000	      0.00000000	      0.00000000	      0.00000000	      0.00000000	      0.00000000	      0.00000000	      0.00000000	      0.00000000	      0.00000000	      0.00000000	      0.00000000	      0.00000000	      0.00000000	      0.00000000	      0.00000000	      0.00000000	      0.00000000	      0.00000000	      0.00000000	      0.00000000	      0.00000000	      0.00000000	      0.00000000	      0.00000000	      0.00000000	      0.00000000	      0.00000000	      0.00000000	      0.00000000	      0.00000000	      0.00000000	      0.00000000	      0.00000000	      0.00000000	      0.00000000	      0.00000000	      0.00000000	      0.00000000
      3.36500000	      0.00340561	      0.00572357	     -0.00134720	      0.00717047	     -0.00258109	     -0.00977690	     -0.00626154	      0.00000000	      0.00000000	      0.00000000	      0.00000000	      0.00000000	      0.00000000	      0.00000000	     -0.00747867	     -0.01169493	     -0.01620985	      0.03925711	      0.00831405	     -0.01838673	      0.03361177	      0.02119110	      0.00473649	     -0.00555913	      0.01030411	      0.00000000	      0.00000000	     -0.02435022	     -0.00011104	     -0.00118364	     -0.00691071	      0.00181217	      0.00157231	      0.00000000	      0.01399864	      0.00000000	      0.00000000	      0.00000000	     -0.00000000	      0.00000000	      0.00000000	      0.00000000	      0.00000000	      0.00000000	      0.00000000	      0.00000000	      0.00000000	      0.00000000	      0.00000000	      0.00000000	      0.00000000	      0.00000000	      0.00000000	      0.00000000	      0.00000000	      0.00000000	      0.00000000	      0.00000000	      0.00000000	      0.00000000	      0.00000000	      0.00000000	      0.00000000	      0.00000000	      0.00000000	      0.00000000	      0.00000000	      0.00000000	      0.00000000	      0.00000000	      0.00000000	      0.00000000	      0.00000000	      0.00000000	      0.00000000	      0.00000000	      0.00000000	      0.00000000	      0.00000000	      0.00000000
      3.37000000	      0.00344212	      0.00572096	     -0.00131177	      0.00713776	     -0.00251842	     -0.00968915	     -0.00627728	      0.00000000	     -0.00000000	      0.00000000	     -0.00000000	      0.00000000	     -0.00000000	     -0.00000000	     -0.00748818	     -0.01175828	     -0.01629669	      0.03928500	      0.00831450	     -0.01843565	      0.03356037	      0.02109223	      0.00462374	     -0.00562940	      0.01030639	     -0.00000000	      0.00000000	     -0.02440823	     -0.00007488	     -0.00120398	     -0.00687447	      0.00178223	      0.00151963	     -0.00000000	      0.01369287	     -0.00000000	     -0.00000000	      0.00000000	     -0.00000000	     -0.00000000	      0.00000000	      0.00000000	      0.00000000	      0.00000000	      0.00000000	      0.00000000	      0.00000000	      0.00000000	      0.00000000	      0.00000000	      0.00000000	      0.00000000	      0.00000000	      0.00000000	      0.00000000	      0.00000000	      0.00000000	      0.00000000	      0.00000000	      0.00000000	      0.00000000	      0.00000000	      0.00000000	      0.00000000	      0.00000000	      0.00000000	      0.00000000	      0.00000000	      0.00000000	      0.00000000	      0.00000000	      0.00000000	      0.00000000	      0.00000000	      0.00000000	      0.00000000	      0.00000000	      0.00000000	      0.00000000	      0.00000000
      3.37500000	      0.00347576	      0.00571822	     -0.00127893	      0.00710716	     -0.00246032	     -0.00960808	     -0.00629200	      0.00000000	      0.00000000	      0.00000000	     -0.00000000	      0.00000000	      0.00000000	      0.00000000	     -0.00749388	     -0.01181824	     -0.01637662	      0.03931406	      0.00831911	     -0.01847672	      0.03351551	      0.02100305	      0.00452216	     -0.00569420	      0.01030874	      0.00000000	      0.00000000	     -0.02445895	     -0.00004093	     -0.00122302	     -0.00684109	      0.00175400	      0.00147011	      0.00000000	      0.01341022	      0.00000000	      0.00000000	      0.00000000	      0.00000000	     -0.00000000	      0.00000000	      0.00000000	      0.00000000	      0.00000000	      0.00000000	      0.00000000	      0.00000000	      0.00000000	      0.00000000	      0.00000000	      0.00000000	      0.00000000	      0.00000000	      0.00000000	      0.00000000	      0.00000000	      0.00000000	      0.00000000	      0.00000000	      0.00000000	      0.00000000	      0.00000000	      0.00000000	      0.00000000	      0.00000000	      0.00000000	      0.00000000	      0.00000000	      0.00000000	      0.00000000	      0.00000000	      0.00000000	      0.00000000	      0.00000000	      0.00000000	      0.00000000	      0.00000000	      0.00000000	      0.00000000	      0.00000000
      3.38000000	      0.00350626	      0.00571545	     -0.00124943	      0.00707875	     -0.00240828	     -0.00953428	     -0.00630560	     -0.00000000	     -0.00000000	     -0.00000000	     -0.00000000	     -0.00000000	     -0.00000000	     -0.00000000	     -0.00749489	     -0.01187314	     -0.01644896	      0.03934515	      0.00832880	     -0.01850887	      0.03347847	      0.02092517	      0.00443323	     -0.00575329	      0.01031110	      0.00000000	     -0.00000000	     -0.02450163	     -0.00000955	     -0.00124063	     -0.00681087	      0.00172771	      0.00142414	     -0.00000000	      0.01315279	     -0.00000000	     -0.00000000	     -0.00000000	     -0.00000000	     -0.00000000	      0.00000000	      0.00000000	      0.00000000	      0.00000000	      0.00000000	      0.00000000	      0.00000000	      0.00000000	      0.00000000	      0.00000000	      0.00000000	      0.00000000	      0.00000000	      0.00000000	      0.00000000	      0.00000000	      0.00000000	      0.00000000	      0.00000000	      0.00000000	      0.00000000	      0.00000000	      0.00000000	      0.00000000	      0.00000000	      0.00000000	      0.00000000	      0.00000000	      0.00000000	      0.00000000	      0.00000000	      0.00000000	      0.00000000	      0.00000000	      0.00000000	      0.00000000	      0.00000000	      0.00000000	      0.00000000	      0.00000000
      3.38500000	      0.00353346	      0.00571272	     -0.00122206	      0.00705356	     -0.00236185	     -0.00946813	     -0.00631806	      0.00000000	     -0.00000000	      0.00000000	     -0.00000000	     -0.00000000	      0.00000000	      0.00000000	     -0.00749048	     -0.01192157	     -0.01651326	      0.03937909	      0.00834434	     -0.01853131	      0.03345027	      0.02085985	      0.00435798	     -0.00580656	      0.01031342	      0.00000000	      0.00000000	     -0.02453578	      0.00001901	     -0.00125672	     -0.00678400	      0.00170356	      0.00138198	      0.00000000	      0.01292190	      0.00000000	      0.00000000	     -0.00000000	     -0.00000000	     -0.00000000	      0.00000000	      0.00000000	      0.00000000	      0.00000000	      0.00000000	      0.00000000	      0.00000000	      0.00000000	      0.00000000	      0.00000000	      0.00000000	      0.00000000	      0.00000000	      0.00000000	      0.00000000	      0.00000000	      0.00000000	      0.00000000	      0.00000000	      0.00000000	      0.00000000	      0.00000000	      0.00000000	      0.00000000	      0.00000000	      0.00000000	      0.00000000	      0.00000000	      0.00000000	      0.00000000	      0.00000000	      0.00000000	      0.00000000	      0.00000000	      0.00000000	      0.00000000	      0.00000000	      0.00000000	      0.00000000	      0.00000000
      3.39000000	      0.00355726	      0.00571008	     -0.00119834	      0.00703106	     -0.00232107	     -0.00940982	     -0.00632935	      0.00000000	      0.00000000	      0.00000000	      0.00000000	      0.00000000	     -0.00000000	     -0.00000000	     -0.00748005	     -0.01196235	     -0.01656927	      0.03941653	      0.00836627	     -0.01854355	      0.03343167	      0.02080793	      0.00429705	     -0.00585406	      0.01031567	      0.00000000	      0.00000000	     -0.02456119	      0.00004454	     -0.00127125	     -0.00676058	      0.00168165	      0.00134380	      0.00000000	      0.01271815	      0.00000000	      0.00000000	     -0.00000000	     -0.00000000	     -0.00000000	      0.00000000	      0.00000000	      0.00000000	      0.00000000	      0.00000000	      0.00000000	      0.00000000	      0.00000000	      0.00000000	      0.00000000	      0.00000000	      0.00000000	      0.00000000	      0.00000000	      0.00000000	      0.00000000	      0.00000000	      0.00000000	      0.00000000	      0.00000000	      0.00000000	      0.00000000	      0.00000000	      0.00000000	      0.00000000	      0.00000000	      0.00000000	      0.00000000	      0.00000000	      0.00000000	      0.00000000	      0.00000000	      0.00000000	      0.00000000	      0.00000000	      0.00000000	      0.00000000	      0.00000000	      0.00000000	      0.00000000
      3.39500000	      0.00357761	      0.00570758	     -0.00117762	      0.00701137	     -0.00228588	     -0.00935935	     -0.00633948	      0.00000000	     -0.00000000	     -0.00000000	     -0.00000000	     -0.00000000	     -0.00000000	     -0.00000000	     -0.00746315	     -0.01199460	     -0.01661696	      0.03945802	      0.00839492	     -0.01854545	      0.03342312	      0.02076987	      0.00425064	     -0.00589594	      0.01031779	     -0.00000000	      0.00000000	     -0.02457789	      0.00006695	     -0.00128422	     -0.00674062	      0.00166201	      0.00130963	      0.00000000	      0.01254147	     -0.00000000	     -0.00000000	      0.00000000	     -0.00000000	     -0.00000000	      0.00000000	      0.00000000	      0.00000000	      0.00000000	      0.00000000	      0.00000000	      0.00000000	      0.00000000	      0.00000000	      0.00000000	      0.00000000	      0.00000000	      0.00000000	      0.00000000	      0.00000000	      0.00000000	      0.00000000	      0.00000000	      0.00000000	      0.00000000	      0.00000000	      0.00000000	      0.00000000	      0.00000000	      0.00000000	      0.00000000	      0.00000000	      0.00000000	      0.00000000	      0.00000000	      0.00000000	      0.00000000	      0.00000000	      0.00000000	      0.00000000	      0.00000000	      0.00000000	      0.00000000	      0.00000000	      0.00000000
      3.40000000	      0.00359454	      0.00570526	     -0.00115893	      0.00699449	     -0.00225614	     -0.00931664	     -0.00634850	      0.00000000	     -0.00000000	      0.00000000	     -0.00000000	      0.00000000	      0.00000000	     -0.00000000	     -0.00743952	     -0.01201767	     -0.01665644	      0.03950386	      0.00843034	     -0.01853713	      0.03342478	      0.02074577	      0.00421860	     -0.00593245	      0.01031977	      0.00000000	     -0.00000000	     -0.02458615	      0.00008620	     -0.00129564	     -0.00672408	      0.00164467	      0.00127946	     -0.00000000	      0.01239135	     -0.00000000	     -0.00000000	      0.00000000	      0.00000000	      0.00000000	      0.00000000	      0.00000000	      0.00000000	      0.00000000	      0.00000000	      0.00000000	      0.00000000	      0.00000000	      0.00000000	      0.00000000	      0.00000000	      0.00000000	      0.00000000	      0.00000000	      0.00000000	      0.00000000	      0.00000000	      0.00000000	      0.00000000	      0.00000000	      0.00000000	      0.00000000	      0.00000000	      0.00000000	      0.00000000	      0.00000000	      0.00000000	      0.00000000	      0.00000000	      0.00000000	      0.00000000	      0.00000000	      0.00000000	      0.00000000	      0.00000000	      0.00000000	      0.00000000	      0.00000000	      0.00000000	      0.00000000
      3.40500000	      0.00360817	      0.00570311	     -0.00114366	      0.00698029	     -0.00223151	     -0.00928130	     -0.00635645	     -0.00000000	     -0.00000000	     -0.00000000	      0.00000000	     -0.00000000	      0.00000000	      0.00000000	     -0.00740897	     -0.01203131	     -0.01668810	      0.03955433	      0.00847248	     -0.01851902	      0.03343654	      0.02073526	      0.00420030	     -0.00596400	      0.01032159	      0.00000000	     -0.00000000	     -0.02458648	      0.00010238	     -0.00130559	     -0.00671078	      0.00162952	      0.00125309	     -0.00000000	      0.01226626	      0.00000000	      0.00000000	      0.00000000	      0.00000000	      0.00000000	      0.00000000	      0.00000000	      0.00000000	      0.00000000	      0.00000000	      0.00000000	      0.00000000	      0.00000000	      0.00000000	      0.00000000	      0.00000000	      0.00000000	      0.00000000	      0.00000000	      0.00000000	      0.00000000	      0.00000000	      0.00000000	      0.00000000	      0.00000000	      0.00000000	      0.00000000	      0.00000000	      0.00000000	      0.00000000	      0.00000000	      0.00000000	      0.00000000	      0.00000000	      0.00000000	      0.00000000	      0.00000000	      0.00000000	      0.00000000	      0.00000000	      0.00000000	      0.00000000	      0.00000000	      0.00000000	      0.00000000
      3.41000000	      0.00361860	      0.00570115	     -0.00113120	      0.00696864	     -0.00221171	     -0.00925299	     -0.00636342	     -0.00000000	      0.00000000	      0.00000000	      0.00000000	      0.00000000	      0.00000000	     -0.00000000	     -0.00737151	     -0.01203540	     -0.01671231	      0.03960943	      0.00852100	     -0.01849173	      0.03345805	      0.02073777	      0.00419495	     -0.00599093	      0.01032320	     -0.00000000	     -0.00000000	     -0.02457951	      0.00011556	     -0.00131415	     -0.00670055	      0.00161647	      0.00123036	     -0.00000000	      0.01216476	      0.00000000	      0.00000000	     -0.00000000	     -0.00000000	     -0.00000000	      0.00000000	      0.00000000	      0.00000000	      0.00000000	      0.00000000	      0.00000000	      0.00000000	      0.00000000	      0.00000000	      0.00000000	      0.00000000	      0.00000000	      0.00000000	      0.00000000	      0.00000000	      0.00000000	      0.00000000	      0.00000000	      0.00000000	      0.00000000	      0.00000000	      0.00000000	      0.00000000	      0.00000000	      0.00000000	      0.00000000	      0.00000000	      0.00000000	      0.00000000	      0.00000000	      0.00000000	      0.00000000	      0.00000000	      0.00000000	      0.00000000	      0.00000000	      0.00000000	      0.00000000	      0.00000000	      0.00000000
      3.41500000	      0.00362598	      0.00569937	     -0.00112115	      0.00695940	     -0.00219621	     -0.00923132	     -0.00636945	     -0.00000000	     -0.00000000	     -0.00000000	     -0.00000000	     -0.00000000	     -0.00000000	     -0.00000000	     -0.00732739	     -0.01203008	     -0.01672955	      0.03966890	      0.00857529	     -0.01845616	      0.03348866	      0.02075243	      0.00420148	     -0.00601368	      0.01032460	     -0.00000000	     -0.00000000	     -0.02456607	      0.00012587	     -0.00132139	     -0.00669317	      0.00160542	      0.00121103	     -0.00000000	      0.01208519	     -0.00000000	     -0.00000000	      0.00000000	      0.00000000	      0.00000000	      0.00000000	      0.00000000	      0.00000000	      0.00000000	      0.00000000	      0.00000000	      0.00000000	      0.00000000	      0.00000000	      0.00000000	      0.00000000	      0.00000000	      0.00000000	      0.00000000	      0.00000000	      0.00000000	      0.00000000	      0.00000000	      0.00000000	      0.00000000	      0.00000000	      0.00000000	      0.00000000	      0.00000000	      0.00000000	      0.00000000	      0.00000000	      0.00000000	      0.00000000	      0.00000000	      0.00000000	      0.00000000	      0.00000000	      0.00000000	      0.00000000	      0.00000000	      0.00000000	      0.00000000	      0.00000000	      0.00000000
      3.42000000	      0.00363051	      0.00569775	     -0.00111326	      0.00695263	     -0.00218445	     -0.00921570	     -0.00637465	      0.00000000	     -0.00000000	     -0.00000000	     -0.00000000	     -0.00000000	     -0.00000000	     -0.00000000	     -0.00727688	     -0.01201571	     -0.01674042	      0.03973245	      0.00863471	     -0.01841330	      0.03352760	      0.02077811	      0.00421860	     -0.00603273	      0.01032577	     -0.00000000	      0.00000000	     -0.02454707	      0.00013350	     -0.00132743	     -0.00668836	      0.00159619	      0.00119480	     -0.00000000	      0.01202529	     -0.00000000	      0.00000000	      0.00000000	     -0.00000000	     -0.00000000	      0.00000000	      0.00000000	      0.00000000	      0.00000000	      0.00000000	      0.00000000	      0.00000000	      0.00000000	      0.00000000	      0.00000000	      0.00000000	      0.00000000	      0.00000000	      0.00000000	      0.00000000	      0.00000000	      0.00000000	      0.00000000	      0.00000000	      0.00000000	      0.00000000	      0.00000000	      0.00000000	      0.00000000	      0.00000000	      0.00000000	      0.00000000	      0.00000000	      0.00000000	      0.00000000	      0.00000000	      0.00000000	      0.00000000	      0.00000000	      0.00000000	      0.00000000	      0.00000000	      0.00000000	      0.00000000	      0.00000000
      3.42500000	      0.00363241	      0.00569625	     -0.00110729	      0.00694753	     -0.00217682	     -0.00920558	     -0.00637909	      0.00000000	      0.00000000	      0.00000000	      0.00000000	      0.00000000	      0.00000000	      0.00000000	     -0.00722035	     -0.01199280	     -0.01674558	      0.03979972	      0.00869855	     -0.01836421	      0.03357399	      0.02081358	      0.00424491	     -0.00604853	      0.01032670	      0.00000000	     -0.00000000	     -0.02452343	      0.00013866	     -0.00133239	     -0.00668583	      0.00158861	      0.00118137	      0.00000000	      0.01198280	      0.00000000	      0.00000000	     -0.00000000	      0.00000000	      0.00000000	      0.00000000	      0.00000000	      0.00000000	      0.00000000	      0.00000000	      0.00000000	      0.00000000	      0.00000000	      0.00000000	      0.00000000	      0.00000000	      0.00000000	      0.00000000	      0.00000000	      0.00000000	      0.00000000	      0.00000000	      0.00000000	      0.00000000	      0.00000000	      0.00000000	      0.00000000	      0.00000000	      0.00000000	      0.00000000	      0.00000000	      0.00000000	      0.00000000	      0.00000000	      0.00000000	      0.00000000	      0.00000000	      0.00000000	      0.00000000	      0.00000000	      0.00000000	      0.00000000	      0.00000000	      0.00000000	      0.00000000
      3.43000000	      0.00363189	      0.00569487	     -0.00110302	      0.00694412	     -0.00217237	     -0.00920037	     -0.00638286	     -0.00000000	      0.00000000	     -0.00000000	      0.00000000	      0.00000000	      0.00000000	      0.00000000	     -0.00715839	     -0.01196201	     -0.01674566	      0.03987008	      0.00876586	     -0.01831011	      0.03362675	      0.02085746	      0.00427894	     -0.00606155	      0.01032737	      0.00000000	     -0.00000000	     -0.02449619	      0.00014157	     -0.00133638	     -0.00668530	      0.00158251	      0.00117043	      0.00000000	      0.01195551	     -0.00000000	      0.00000000	      0.00000000	     -0.00000000	      0.00000000	      0.00000000	      0.00000000	      0.00000000	      0.00000000	      0.00000000	      0.00000000	      0.00000000	      0.00000000	      0.00000000	      0.00000000	      0.00000000	      0.00000000	      0.00000000	      0.00000000	      0.00000000	      0.00000000	      0.00000000	      0.00000000	      0.00000000	      0.00000000	      0.00000000	      0.00000000	      0.00000000	      0.00000000	      0.00000000	      0.00000000	      0.00000000	      0.00000000	      0.00000000	      0.00000000	      0.00000000	      0.00000000	      0.00000000	      0.00000000	      0.00000000	      0.00000000	      0.00000000	      0.00000000	      0.00000000	      0.00000000
      3.43500000	      0.00362920	      0.00569356	     -0.00110021	      0.00694222	     -0.00217068	     -0.00919945	     -0.00638605	     -0.00000000	      0.00000000	      0.00000000	      0.00000000	      0.00000000	      0.00000000	      0.00000000	     -0.00709154	     -0.01192405	     -0.01674134	      0.03994299	      0.00883581	     -0.01825215	      0.03368483	      0.02090836	      0.00431921	     -0.00607224	      0.01032779	      0.00000000	      0.00000000	     -0.02446630	      0.00014247	     -0.00133952	     -0.00668644	      0.00157769	      0.00116163	      0.00000000	      0.01194109	      0.00000000	      0.00000000	     -0.00000000	     -0.00000000	     -0.00000000	      0.00000000	      0.00000000	      0.00000000	      0.00000000	      0.00000000	      0.00000000	      0.00000000	      0.00000000	      0.00000000	      0.00000000	      0.00000000	      0.00000000	      0.00000000	      0.00000000	      0.00000000	      0.00000000	      0.00000000	      0.00000000	      0.00000000	      0.00000000	      0.00000000	      0.00000000	      0.00000000	      0.00000000	      0.00000000	      0.00000000	      0.00000000	      0.00000000	      0.00000000	      0.00000000	      0.00000000	      0.00000000	      0.00000000	      0.00000000	      0.00000000	      0.00000000	      0.00000000	      0.00000000	      0.00000000	      0.00000000
      3.44000000	      0.00362460	      0.00569230	     -0.00109862	      0.00694188	     -0.00217131	     -0.00920224	     -0.00638873	     -0.00000000	      0.00000000	     -0.00000000	      0.00000000	      0.00000000	      0.00000000	     -0.00000000	     -0.00702054	     -0.01187980	     -0.01673327	      0.04001772	      0.00890741	     -0.01819154	      0.03374708	      0.02096482	      0.00436423	     -0.00608101	      0.01032795	      0.00000000	     -0.00000000	     -0.02443473	      0.00014161	     -0.00134192	     -0.00668898	      0.00157400	      0.00115469	      0.00000000	      0.01193737	      0.00000000	     -0.00000000	     -0.00000000	      0.00000000	     -0.00000000	      0.00000000	      0.00000000	      0.00000000	      0.00000000	      0.00000000	      0.00000000	      0.00000000	      0.00000000	      0.00000000	      0.00000000	      0.00000000	      0.00000000	      0.00000000	      0.00000000	      0.00000000	      0.00000000	      0.00000000	      0.00000000	      0.00000000	      0.00000000	      0.00000000	      0.00000000	      0.00000000	      0.00000000	      0.00000000	      0.00000000	      0.00000000	      0.00000000	      0.00000000	      0.00000000	      0.00000000	      0.00000000	      0.00000000	      0.00000000	      0.00000000	      0.00000000	      0.00000000	      0.00000000	      0.00000000	      0.00000000
      3.44500000	      0.00361832	      0.00569106	     -0.00109805	      0.00694233	     -0.00217386	     -0.00920815	     -0.00639098	      0.00000000	     -0.00000000	     -0.00000000	     -0.00000000	     -0.00000000	      0.00000000	     -0.00000000	     -0.00694601	     -0.01183005	     -0.01672210	      0.04009370	      0.00897988	     -0.01812934	      0.03381248	      0.02102551	      0.00441264	     -0.00608828	      0.01032785	      0.00000000	     -0.00000000	     -0.02440233	      0.00013922	     -0.00134369	     -0.00669263	      0.00157123	      0.00114929	     -0.00000000	      0.01194220	     -0.00000000	     -0.00000000	      0.00000000	     -0.00000000	      0.00000000	      0.00000000	      0.00000000	      0.00000000	      0.00000000	      0.00000000	      0.00000000	      0.00000000	      0.00000000	      0.00000000	      0.00000000	      0.00000000	      0.00000000	      0.00000000	      0.00000000	      0.00000000	      0.00000000	      0.00000000	      0.00000000	      0.00000000	      0.00000000	      0.00000000	      0.00000000	      0.00000000	      0.00000000	      0.00000000	      0.00000000	      0.00000000	      0.00000000	      0.00000000	      0.00000000	      0.00000000	      0.00000000	      0.00000000	      0.00000000	      0.00000000	      0.00000000	      0.00000000	      0.00000000	      0.00000000	      0.00000000
      3.45000000	      0.00361062	      0.00568982	     -0.00109828	      0.00694363	     -0.00217793	     -0.00921661	     -0.00639288	      0.00000000	     -0.00000000	      0.00000000	     -0.00000000	     -0.00000000	     -0.00000000	     -0.00000000	     -0.00686870	     -0.01177570	     -0.01670843	      0.04017025	      0.00905236	     -0.01806660	      0.03387997	      0.02108910	      0.00446314	     -0.00609440	      0.01032750	     -0.00000000	     -0.00000000	     -0.02436993	      0.00013554	     -0.00134495	     -0.00669711	      0.00156924	      0.00114513	     -0.00000000	      0.01195361	      0.00000000	     -0.00000000	      0.00000000	      0.00000000	      0.00000000	      0.00000000	      0.00000000	      0.00000000	      0.00000000	      0.00000000	      0.00000000	      0.00000000	      0.00000000	      0.00000000	      0.00000000	      0.00000000	      0.00000000	      0.00000000	      0.00000000	      0.00000000	      0.00000000	      0.00000000	      0.00000000	      0.00000000	      0.00000000	      0.00000000	      0.00000000	      0.00000000	      0.00000000	      0.00000000	      0.00000000	      0.00000000	      0.00000000	      0.00000000	      0.00000000	      0.00000000	      0.00000000	      0.00000000	      0.00000000	      0.00000000	      0.00000000	      0.00000000	      0.00000000	      0.00000000	      0.00000000
      3.45500000	      0.00360173	      0.00568857	     -0.00109913	      0.00694558	     -0.00218318	     -0.00922707	     -0.00639449	     -0.00000000	      0.00000000	      0.00000000	      0.00000000	      0.00000000	      0.00000000	      0.00000000	     -0.00678930	     -0.01171761	     -0.01669286	      0.04024676	      0.00912410	     -0.01800426	      0.03394857	      0.02115438	      0.00451451	     -0.00609971	      0.01032692	      0.00000000	      0.00000000	     -0.02433824	      0.00013081	     -0.00134578	     -0.00670219	      0.00156786	      0.00114197	      0.00000000	      0.01196978	     -0.00000000	      0.00000000	      0.00000000	      0.00000000	      0.00000000	      0.00000000	      0.00000000	      0.00000000	      0.00000000	      0.00000000	      0.00000000	      0.00000000	      0.00000000	      0.00000000	      0.00000000	      0.00000000	      0.00000000	      0.00000000	      0.00000000	      0.00000000	      0.00000000	      0.00000000	      0.00000000	      0.00000000	      0.00000000	      0.00000000	      0.00000000	      0.00000000	      0.00000000	      0.00000000	      0.00000000	      0.00000000	      0.00000000	      0.00000000	      0.00000000	      0.00000000	      0.00000000	      0.00000000	      0.00000000	      0.00000000	      0.00000000	      0.00000000	      0.00000000	      0.00000000	      0.00000000
      3.46000000	      0.00359191	      0.00568727	     -0.00110042	      0.00694800	     -0.00218925	     -0.00923905	     -0.00639588	      0.00000000	     -0.00000000	      0.00000000	     -0.00000000	     -0.00000000	      0.00000000	      0.00000000	     -0.00670852	     -0.01165664	     -0.01667591	      0.04032268	      0.00919443	     -0.01794314	      0.03401739	      0.02122024	      0.00456572	     -0.00610450	      0.01032611	     -0.00000000	      0.00000000	     -0.02430788	      0.00012525	     -0.00134628	     -0.00670764	      0.00156695	      0.00113953	      0.00000000	      0.01198902	      0.00000000	      0.00000000	      0.00000000	      0.00000000	     -0.00000000	      0.00000000	      0.00000000	      0.00000000	      0.00000000	      0.00000000	      0.00000000	      0.00000000	      0.00000000	      0.00000000	      0.00000000	      0.00000000	      0.00000000	      0.00000000	      0.00000000	      0.00000000	      0.00000000	      0.00000000	      0.00000000	      0.00000000	      0.00000000	      0.00000000	      0.00000000	      0.00000000	      0.00000000	      0.00000000	      0.00000000	      0.00000000	      0.00000000	      0.00000000	      0.00000000	      0.00000000	      0.00000000	      0.00000000	      0.00000000	      0.00000000	      0.00000000	      0.00000000	      0.00000000	      0.00000000	      0.00000000
      3.46500000	      0.00358136	      0.00568592	     -0.00110200	      0.00695074	     -0.00219586	     -0.00925206	     -0.00639712	     -0.00000000	      0.00000000	      0.00000000	     -0.00000000	      0.00000000	      0.00000000	      0.00000000	     -0.00662701	     -0.01159360	     -0.01665809	      0.04039750	      0.00926281	     -0.01788394	      0.03408566	      0.02128569	      0.00461583	     -0.00610903	      0.01032510	      0.00000000	      0.00000000	     -0.02427935	      0.00011908	     -0.00134655	     -0.00671325	      0.00156637	      0.00113761	      0.00000000	      0.01200985	      0.00000000	     -0.00000000	      0.00000000	     -0.00000000	     -0.00000000	      0.00000000	      0.00000000	      0.00000000	      0.00000000	      0.00000000	      0.00000000	      0.00000000	      0.00000000	      0.00000000	      0.00000000	      0.00000000	      0.00000000	      0.00000000	      0.00000000	      0.00000000	      0.00000000	      0.00000000	      0.00000000	      0.00000000	      0.00000000	      0.00000000	      0.00000000	      0.00000000	      0.00000000	      0.00000000	      0.00000000	      0.00000000	      0.00000000	      0.00000000	      0.00000000	      0.00000000	      0.00000000	      0.00000000	      0.00000000	      0.00000000	      0.00000000	      0.00000000	      0.00000000	      0.00000000	      0.00000000
      3.47000000	      0.00357032	      0.00568451	     -0.00110372	      0.00695363	     -0.00220323	     -0.00926567	     -0.00639824	      0.00000000	      0.00000000	      0.00000000	      0.00000000	     -0.00000000	      0.00000000	      0.00000000	     -0.00654536	     -0.01152925	     -0.01663984	      0.04047082	      0.00932877	     -0.01782723	      0.03415271	      0.02134989	      0.00466407	     -0.00611352	      0.01032391	      0.00000000	      0.00000000	     -0.02425306	      0.00011248	     -0.00134665	     -0.00671885	      0.00156600	      0.00113599	      0.00000000	      0.01203093	      0.00000000	      0.00000000	      0.00000000	      0.00000000	      0.00000000	      0.00000000	      0.00000000	      0.00000000	      0.00000000	      0.00000000	      0.00000000	      0.00000000	      0.00000000	      0.00000000	      0.00000000	      0.00000000	      0.00000000	      0.00000000	      0.00000000	      0.00000000	      0.00000000	      0.00000000	      0.00000000	      0.00000000	      0.00000000	      0.00000000	      0.00000000	      0.00000000	      0.00000000	      0.00000000	      0.00000000	      0.00000000	      0.00000000	      0.00000000	      0.00000000	      0.00000000	      0.00000000	      0.00000000	      0.00000000	      0.00000000	      0.00000000	      0.00000000	      0.00000000	      0.00000000	      0.00000000
      3.47500000	      0.00355898	      0.00568302	     -0.00110546	      0.00695655	     -0.00221010	     -0.00927950	     -0.00639931	     -0.00000000	     -0.00000000	      0.00000000	     -0.00000000	     -0.00000000	     -0.00000000	     -0.00000000	     -0.00646412	     -0.01146430	     -0.01662156	      0.04054232	      0.00939199	     -0.01777345	      0.03421797	      0.02141215	      0.00470983	     -0.00611816	      0.01032256	      0.00000000	      0.00000000	     -0.02422930	      0.00010564	     -0.00134666	     -0.00672428	      0.00156573	      0.00113450	     -0.00000000	      0.01205113	     -0.00000000	     -0.00000000	     -0.00000000	     -0.00000000	     -0.00000000	      0.00000000	      0.00000000	      0.00000000	      0.00000000	      0.00000000	      0.00000000	      0.00000000	      0.00000000	      0.00000000	      0.00000000	      0.00000000	      0.00000000	      0.00000000	      0.00000000	      0.00000000	      0.00000000	      0.00000000	      0.00000000	      0.00000000	      0.00000000	      0.00000000	      0.00000000	      0.00000000	      0.00000000	      0.00000000	      0.00000000	      0.00000000	      0.00000000	      0.00000000	      0.00000000	      0.00000000	      0.00000000	      0.00000000	      0.00000000	      0.00000000	      0.00000000	      0.00000000	      0.00000000	      0.00000000	      0.00000000
      3.48000000	      0.00354752	      0.00568147	     -0.00110710	      0.00695938	     -0.00221697	     -0.00929320	     -0.00640037	     -0.00000000	     -0.00000000	     -0.00000000	     -0.00000000	     -0.00000000	     -0.00000000	     -0.00000000	     -0.00638376	     -0.01139938	     -0.01660359	      0.04061176	      0.00945226	     -0.01772288	      0.03428103	      0.02147190	      0.00475263	     -0.00612312	      0.01032108	      0.00000000	     -0.00000000	     -0.02420826	      0.00009872	     -0.00134664	     -0.00672942	      0.00156547	      0.00113297	     -0.00000000	      0.01206949	     -0.00000000	     -0.00000000	     -0.00000000	     -0.00000000	     -0.00000000	      0.00000000	      0.00000000	      0.00000000	      0.00000000	      0.00000000	      0.00000000	      0.00000000	      0.00000000	      0.00000000	      0.00000000	      0.00000000	      0.00000000	      0.00000000	      0.00000000	      0.00000000	      0.00000000	      0.00000000	      0.00000000	      0.00000000	      0.00000000	      0.00000000	      0.00000000	      0.00000000	      0.00000000	      0.00000000	      0.00000000	      0.00000000	      0.00000000	      0.00000000	      0.00000000	      0.00000000	      0.00000000	      0.00000000	      0.00000000	      0.00000000	      0.00000000	      0.00000000	      0.00000000	      0.00000000	      0.00000000
      3.48500000	      0.00353611	      0.00567983	     -0.00110857	      0.00696202	     -0.00222327	     -0.00930647	     -0.00640145	      0.00000000	      0.00000000	      0.00000000	      0.00000000	      0.00000000	      0.00000000	      0.00000000	     -0.00630465	     -0.01133504	     -0.01658625	      0.04067899	      0.00950948	     -0.01767571	      0.03434159	      0.02152876	      0.00479214	     -0.00612852	      0.01031949	      0.00000000	      0.00000000	     -0.02419002	      0.00009189	     -0.00134611	     -0.00673416	      0.00156512	      0.00113127	      0.00000000	      0.01208520	      0.00000000	      0.00000000	     -0.00000000	      0.00000000	      0.00000000	      0.00000000	      0.00000000	      0.00000000	      0.00000000	      0.00000000	      0.00000000	      0.00000000	      0.00000000	      0.00000000	      0.00000000	      0.00000000	      0.00000000	      0.00000000	      0.00000000	      0.00000000	      0.00000000	      0.00000000	      0.00000000	      0.00000000	      0.00000000	      0.00000000	      0.00000000	      0.00000000	      0.00000000	      0.00000000	      0.00000000	      0.00000000	      0.00000000	      0.00000000	      0.00000000	      0.00000000	      0.00000000	      0.00000000	      0.00000000	      0.00000000	      0.00000000	      0.00000000	      0.00000000	      0.00000000	      0.00000000
      3.49000000	      0.00352489	      0.00567812	     -0.00110977	      0.00696440	     -0.00222905	     -0.00931906	     -0.00640258	      0.00000000	     -0.00000000	     -0.00000000	     -0.00000000	     -0.00000000	     -0.00000000	     -0.00000000	     -0.00622708	     -0.01127177	     -0.01656976	      0.04074399	      0.00956366	     -0.01763196	      0.03439945	      0.02158244	      0.00482819	     -0.00613444	      0.01031784	      0.00000000	      0.00000000	     -0.02417458	      0.00008526	     -0.00134620	     -0.00673842	      0.00156462	      0.00112929	     -0.00000000	      0.01209764	     -0.00000000	     -0.00000000	      0.00000000	      0.00000000	      0.00000000	      0.00000000	      0.00000000	      0.00000000	      0.00000000	      0.00000000	      0.00000000	      0.00000000	      0.00000000	      0.00000000	      0.00000000	      0.00000000	      0.00000000	      0.00000000	      0.00000000	      0.00000000	      0.00000000	      0.00000000	      0.00000000	      0.00000000	      0.00000000	      0.00000000	      0.00000000	      0.00000000	      0.00000000	      0.00000000	      0.00000000	      0.00000000	      0.00000000	      0.00000000	      0.00000000	      0.00000000	      0.00000000	      0.00000000	      0.00000000	      0.00000000	      0.00000000	      0.00000000	      0.00000000	      0.00000000	      0.00000000
      3.49500000	      0.00351399	      0.00567634	     -0.00111065	      0.00696644	     -0.00223419	     -0.00933076	     -0.00640380	     -0.00000000	      0.00000000	      0.00000000	      0.00000000	      0.00000000	      0.00000000	      0.00000000	     -0.00615128	     -0.01120995	     -0.01655433	      0.04080677	      0.00961493	     -0.01759156	      0.03445454	      0.02163283	      0.00486071	     -0.00614095	      0.01031614	      0.00000000	      0.00000000	     -0.02416183	      0.00007896	     -0.00134643	     -0.00674214	      0.00156391	      0.00112692	      0.00000000	      0.01210636	      0.00000000	     -0.00000000	     -0.00000000	     -0.00000000	     -0.00000000	      0.00000000	      0.00000000	      0.00000000	      0.00000000	      0.00000000	      0.00000000	      0.00000000	      0.00000000	      0.00000000	      0.00000000	      0.00000000	      0.00000000	      0.00000000	      0.00000000	      0.00000000	      0.00000000	      0.00000000	      0.00000000	      0.00000000	      0.00000000	      0.00000000	      0.00000000	      0.00000000	      0.00000000	      0.00000000	      0.00000000	      0.00000000	      0.00000000	      0.00000000	      0.00000000	      0.00000000	      0.00000000	      0.00000000	      0.00000000	      0.00000000	      0.00000000	      0.00000000	      0.00000000	      0.00000000	      0.00000000
      3.50000000	      0.00350352	      0.00567449	     -0.00111118	      0.00696810	     -0.00223860	     -0.00934141	     -0.00640512	      0.00000000	      0.00000000	      0.00000000	      0.00000000	      0.00000000	     -0.00000000	      0.00000000	     -0.00607736	     -0.01114987	     -0.01654008	      0.04086747	      0.00966348	     -0.01755432	      0.03450691	      0.02167992	      0.00488978	     -0.00614809	      0.01031442	     -0.00000000	      0.00000000	     -0.02415159	      0.00007306	     -0.00134681	     -0.00674530	      0.00156294	      0.00112412	     -0.00000000	      0.01211105	     -0.00000000	     -0.00000000	      0.00000000	      0.00000000	      0.00000000	      0.00000000	      0.00000000	      0.00000000	      0.00000000	      0.00000000	      0.00000000	      0.00000000	      0.00000000	      0.00000000	      0.00000000	      0.00000000	      0.00000000	      0.00000000	      0.00000000	      0.00000000	      0.00000000	      0.00000000	      0.00000000	      0.00000000	      0.00000000	      0.00000000	      0.00000000	      0.00000000	      0.00000000	      0.00000000	      0.00000000	      0.00000000	      0.00000000	      0.00000000	      0.00000000	      0.00000000	      0.00000000	      0.00000000	      0.00000000	      0.00000000	      0.00000000	      0.00000000	      0.00000000	      0.00000000	      0.00000000
      3.50500000	      0.00349354	      0.00567257	     -0.00111130	      0.00696935	     -0.00224224	     -0.00935090	     -0.00640656	     -0.00000000	     -0.00000000	      0.00000000	      0.00000000	     -0.00000000	     -0.00000000	     -0.00000000	     -0.00600536	     -0.01109174	     -0.01652710	      0.04092626	      0.00970962	     -0.01751997	      0.03455668	      0.02172382	      0.00491559	     -0.00615586	      0.01031272	     -0.00000000	     -0.00000000	     -0.02414364	      0.00006765	     -0.00134738	     -0.00674788	      0.00156168	      0.00112082	     -0.00000000	      0.01211158	     -0.00000000	      0.00000000	      0.00000000	      0.00000000	      0.00000000	      0.00000000	      0.00000000	      0.00000000	      0.00000000	      0.00000000	      0.00000000	      0.00000000	      0.00000000	      0.00000000	      0.00000000	      0.00000000	      0.00000000	      0.00000000	      0.00000000	      0.00000000	      0.00000000	      0.00000000	      0.00000000	      0.00000000	      0.00000000	      0.00000000	      0.00000000	      0.00000000	      0.00000000	      0.00000000	      0.00000000	      0.00000000	      0.00000000	      0.00000000	      0.00000000	      0.00000000	      0.00000000	      0.00000000	      0.00000000	      0.00000000	      0.00000000	      0.00000000	      0.00000000	      0.00000000	      0.00000000
      3.51000000	      0.00348411	      0.00567059	     -0.00111103	      0.00697017	     -0.00224508	     -0.00935916	     -0.00640813	      0.00000000	      0.00000000	      0.00000000	      0.00000000	      0.00000000	      0.00000000	      0.00000000	     -0.00593382	     -0.01103568	     -0.01651543	      0.04098341	      0.00975371	     -0.01748815	      0.03460409	      0.02176477	      0.00493840	     -0.00616424	      0.01031105	      0.00000000	     -0.00000000	     -0.02413765	      0.00006276	     -0.00134851	     -0.00674989	      0.00156013	      0.00111702	      0.00000000	      0.01210794	      0.00000000	      0.00000000	     -0.00000000	      0.00000000	      0.00000000	      0.00000000	      0.00000000	      0.00000000	      0.00000000	      0.00000000	      0.00000000	      0.00000000	      0.00000000	      0.00000000	      0.00000000	      0.00000000	      0.00000000	      0.00000000	      0.00000000	      0.00000000	      0.00000000	      0.00000000	      0.00000000	      0.00000000	      0.00000000	      0.00000000	      0.00000000	      0.00000000	      0.00000000	      0.00000000	      0.00000000	      0.00000000	      0.00000000	      0.00000000	      0.00000000	      0.00000000	      0.00000000	      0.00000000	      0.00000000	      0.00000000	      0.00000000	      0.00000000	      0.00000000	      0.00000000	      0.00000000
      3.51500000	      0.00347526	      0.00566855	     -0.00111034	      0.00697057	     -0.00224713	     -0.00936618	     -0.00640981	      0.00000000	     -0.00000000	     -0.00000000	      0.00000000	     -0.00000000	     -0.00000000	     -0.00000000	     -0.00586217	     -0.01098169	     -0.01650505	      0.04103924	      0.00979618	     -0.01745840	      0.03464945	      0.02180309	      0.00495861	     -0.00617319	      0.01030944	      0.00000000	     -0.00000000	     -0.02413329	      0.00005843	     -0.00134951	     -0.00675136	      0.00155827	      0.00111271	     -0.00000000	      0.01210029	     -0.00000000	     -0.00000000	      0.00000000	     -0.00000000	      0.00000000	      0.00000000	      0.00000000	      0.00000000	      0.00000000	      0.00000000	      0.00000000	      0.00000000	      0.00000000	      0.00000000	      0.00000000	      0.00000000	      0.00000000	      0.00000000	      0.00000000	      0.00000000	      0.00000000	      0.00000000	      0.00000000	      0.00000000	      0.00000000	      0.00000000	      0.00000000	      0.00000000	      0.00000000	      0.00000000	      0.00000000	      0.00000000	      0.00000000	      0.00000000	      0.00000000	      0.00000000	      0.00000000	      0.00000000	      0.00000000	      0.00000000	      0.00000000	      0.00000000	      0.00000000	      0.00000000	      0.00000000
      3.52000000	      0.00346699	      0.00566647	     -0.00110927	      0.00697055	     -0.00224843	     -0.00937199	     -0.00641162	      0.00000000	     -0.00000000	      0.00000000	      0.00000000	     -0.00000000	      0.00000000	      0.00000000	     -0.00579183	     -0.01092970	     -0.01649589	      0.04109410	      0.00983750	     -0.01743023	      0.03469314	      0.02183922	      0.00497667	     -0.00618262	      0.01030791	      0.00000000	      0.00000000	     -0.02413016	      0.00005466	     -0.00135072	     -0.00675233	      0.00155611	      0.00110792	      0.00000000	      0.01208891	      0.00000000	      0.00000000	      0.00000000	     -0.00000000	      0.00000000	      0.00000000	      0.00000000	      0.00000000	      0.00000000	      0.00000000	      0.00000000	      0.00000000	      0.00000000	      0.00000000	      0.00000000	      0.00000000	      0.00000000	      0.00000000	      0.00000000	      0.00000000	      0.00000000	      0.00000000	      0.00000000	      0.00000000	      0.00000000	      0.00000000	      0.00000000	      0.00000000	      0.00000000	      0.00000000	      0.00000000	      0.00000000	      0.00000000	      0.00000000	      0.00000000	      0.00000000	      0.00000000	      0.00000000	      0.00000000	      0.00000000	      0.00000000	      0.00000000	      0.00000000	      0.00000000	      0.00000000
      3.52500000	      0.00345930	      0.00566434	     -0.00110784	      0.00697014	     -0.00224904	     -0.00937666	     -0.00641353	     -0.00000000	      0.00000000	     -0.00000000	     -0.00000000	     -0.00000000	      0.00000000	     -0.00000000	     -0.00572261	     -0.01087961	     -0.01648785	      0.04114836	      0.00987816	     -0.01740311	      0.03473557	      0.02187360	      0.00499309	     -0.00619243	      0.01030647	      0.00000000	     -0.00000000	     -0.02412783	      0.00005144	     -0.00135215	     -0.00675287	      0.00155369	      0.00110272	      0.00000000	      0.01207420	     -0.00000000	      0.00000000	      0.00000000	      0.00000000	     -0.00000000	      0.00000000	      0.00000000	      0.00000000	      0.00000000	      0.00000000	      0.00000000	      0.00000000	      0.00000000	      0.00000000	      0.00000000	      0.00000000	      0.00000000	      0.00000000	      0.00000000	      0.00000000	      0.00000000	      0.00000000	      0.00000000	      0.00000000	      0.00000000	      0.00000000	      0.00000000	      0.00000000	      0.00000000	      0.00000000	      0.00000000	      0.00000000	      0.00000000	      0.00000000	      0.00000000	      0.00000000	      0.00000000	      0.00000000	      0.00000000	      0.00000000	      0.00000000	      0.00000000	      0.00000000	      0.00000000	      0.00000000
      3.53000000	      0.00345211	      0.00566218	     -0.00110609	      0.00696939	     -0.00224905	     -0.00938029	     -0.00641553	      0.00000000	      0.00000000	      0.00000000	      0.00000000	     -0.00000000	     -0.00000000	     -0.00000000	     -0.00565408	     -0.01083107	     -0.01648076	      0.04120254	      0.00991879	     -0.01737638	      0.03477732	      0.02190689	      0.00500848	     -0.00620257	      0.01030513	     -0.00000000	      0.00000000	     -0.02412585	      0.00004872	     -0.00135379	     -0.00675306	      0.00155103	      0.00109713	      0.00000000	      0.01205666	      0.00000000	      0.00000000	      0.00000000	      0.00000000	      0.00000000	      0.00000000	      0.00000000	      0.00000000	      0.00000000	      0.00000000	      0.00000000	      0.00000000	      0.00000000	      0.00000000	      0.00000000	      0.00000000	      0.00000000	      0.00000000	      0.00000000	      0.00000000	      0.00000000	      0.00000000	      0.00000000	      0.00000000	      0.00000000	      0.00000000	      0.00000000	      0.00000000	      0.00000000	      0.00000000	      0.00000000	      0.00000000	      0.00000000	      0.00000000	      0.00000000	      0.00000000	      0.00000000	      0.00000000	      0.00000000	      0.00000000	      0.00000000	      0.00000000	      0.00000000	      0.00000000	      0.00000000
      3.53500000	      0.00344539	      0.00565999	     -0.00110408	      0.00696836	     -0.00224855	     -0.00938304	     -0.00641760	     -0.00000000	      0.00000000	      0.00000000	      0.00000000	      0.00000000	      0.00000000	      0.00000000	     -0.00558590	     -0.01078380	     -0.01647443	      0.04125708	      0.00995994	     -0.01734945	      0.03481892	      0.02193967	      0.00502348	     -0.00621288	      0.01030389	      0.00000000	      0.00000000	     -0.02412376	      0.00004645	     -0.00135464	     -0.00675298	      0.00154817	      0.00109125	      0.00000000	      0.01203689	     -0.00000000	     -0.00000000	     -0.00000000	     -0.00000000	     -0.00000000	      0.00000000	      0.00000000	      0.00000000	      0.00000000	      0.00000000	      0.00000000	      0.00000000	      0.00000000	      0.00000000	      0.00000000	      0.00000000	      0.00000000	      0.00000000	      0.00000000	      0.00000000	      0.00000000	      0.00000000	      0.00000000	      0.00000000	      0.00000000	      0.00000000	      0.00000000	      0.00000000	      0.00000000	      0.00000000	      0.00000000	      0.00000000	      0.00000000	      0.00000000	      0.00000000	      0.00000000	      0.00000000	      0.00000000	      0.00000000	      0.00000000	      0.00000000	      0.00000000	      0.00000000	      0.00000000	      0.00000000
      3.54000000	      0.00343905	      0.00565778	     -0.00110185	      0.00696709	     -0.00224767	     -0.00938508	     -0.00641970	      0.00000000	     -0.00000000	     -0.00000000	     -0.00000000	     -0.00000000	     -0.00000000	      0.00000000	     -0.00551770	     -0.01073746	     -0.01646866	      0.04131243	      0.01000218	     -0.01732167	      0.03486091	      0.02197261	      0.00503873	     -0.00622320	      0.01030278	     -0.00000000	     -0.00000000	     -0.02412109	      0.00004457	     -0.00135662	     -0.00675273	      0.00154519	      0.00108519	      0.00000000	      0.01201557	      0.00000000	      0.00000000	      0.00000000	      0.00000000	      0.00000000	      0.00000000	      0.00000000	      0.00000000	      0.00000000	      0.00000000	      0.00000000	      0.00000000	      0.00000000	      0.00000000	      0.00000000	      0.00000000	      0.00000000	      0.00000000	      0.00000000	      0.00000000	      0.00000000	      0.00000000	      0.00000000	      0.00000000	      0.00000000	      0.00000000	      0.00000000	      0.00000000	      0.00000000	      0.00000000	      0.00000000	      0.00000000	      0.00000000	      0.00000000	      0.00000000	      0.00000000	      0.00000000	      0.00000000	      0.00000000	      0.00000000	      0.00000000	      0.00000000	      0.00000000	      0.00000000	      0.00000000
      3.54500000	      0.00343300	      0.00565555	     -0.00109949	      0.00696567	     -0.00224655	     -0.00938661	     -0.00642181	      0.00000000	     -0.00000000	     -0.00000000	      0.00000000	     -0.00000000	      0.00000000	      0.00000000	     -0.00544897	     -0.01069155	     -0.01646318	      0.04136913	      0.01004614	     -0.01729236	      0.03490395	      0.02200643	      0.00505494	     -0.00623343	      0.01030177	      0.00000000	      0.00000000	     -0.02411736	      0.00004299	     -0.00135873	     -0.00675243	      0.00154212	      0.00107904	      0.00000000	      0.01199342	      0.00000000	      0.00000000	      0.00000000	      0.00000000	      0.00000000	      0.00000000	      0.00000000	      0.00000000	      0.00000000	      0.00000000	      0.00000000	      0.00000000	      0.00000000	      0.00000000	      0.00000000	      0.00000000	      0.00000000	      0.00000000	      0.00000000	      0.00000000	      0.00000000	      0.00000000	      0.00000000	      0.00000000	      0.00000000	      0.00000000	      0.00000000	      0.00000000	      0.00000000	      0.00000000	      0.00000000	      0.00000000	      0.00000000	      0.00000000	      0.00000000	      0.00000000	      0.00000000	      0.00000000	      0.00000000	      0.00000000	      0.00000000	      0.00000000	      0.00000000	      0.00000000	      0.00000000
      3.55000000	      0.00342713	      0.00565331	     -0.00109706	      0.00696417	     -0.00224534	     -0.00938784	     -0.00642390	     -0.00000000	     -0.00000000	     -0.00000000	     -0.00000000	     -0.00000000	     -0.00000000	     -0.00000000	     -0.00537929	     -0.01064563	     -0.01645775	      0.04142763	      0.01009238	     -0.01726089	      0.03494860	      0.02204183	      0.00507280	     -0.00624340	      0.01030087	      0.00000000	     -0.00000000	     -0.02411210	      0.00004162	     -0.00136093	     -0.00675219	      0.00153906	      0.00107292	     -0.00000000	      0.01197125	     -0.00000000	     -0.00000000	      0.00000000	     -0.00000000	      0.00000000	      0.00000000	      0.00000000	      0.00000000	      0.00000000	      0.00000000	      0.00000000	      0.00000000	      0.00000000	      0.00000000	      0.00000000	      0.00000000	      0.00000000	      0.00000000	      0.00000000	      0.00000000	      0.00000000	      0.00000000	      0.00000000	      0.00000000	      0.00000000	      0.00000000	      0.00000000	      0.00000000	      0.00000000	      0.00000000	      0.00000000	      0.00000000	      0.00000000	      0.00000000	      0.00000000	      0.00000000	      0.00000000	      0.00000000	      0.00000000	      0.00000000	      0.00000000	      0.00000000	      0.00000000	      0.00000000	      0.00000000
      3.55500000	      0.00342133	      0.00565106	     -0.00109464	      0.00696268	     -0.00224419	     -0.00938902	     -0.00642592	      0.00000000	      0.00000000	      0.00000000	      0.00000000	      0.00000000	      0.00000000	      0.00000000	     -0.00530817	     -0.01059920	     -0.01645207	      0.04148841	      0.01014146	     -0.01722660	      0.03499548	      0.02207953	      0.00509302	     -0.00625296	      0.01030008	      0.00000000	      0.00000000	     -0.02410486	      0.00004035	     -0.00136319	     -0.00675211	      0.00153606	      0.00106698	      0.00000000	      0.01194989	      0.00000000	      0.00000000	      0.00000000	      0.00000000	      0.00000000	      0.00000000	      0.00000000	      0.00000000	      0.00000000	      0.00000000	      0.00000000	      0.00000000	      0.00000000	      0.00000000	      0.00000000	      0.00000000	      0.00000000	      0.00000000	      0.00000000	      0.00000000	      0.00000000	      0.00000000	      0.00000000	      0.00000000	      0.00000000	      0.00000000	      0.00000000	      0.00000000	      0.00000000	      0.00000000	      0.00000000	      0.00000000	      0.00000000	      0.00000000	      0.00000000	      0.00000000	      0.00000000	      0.00000000	      0.00000000	      0.00000000	      0.00000000	      0.00000000	      0.00000000	      0.00000000	      0.00000000
      3.56000000	      0.00341547	      0.00564880	     -0.00109231	      0.00696127	     -0.00224326	     -0.00939038	     -0.00642784	     -0.00000000	      0.00000000	      0.00000000	      0.00000000	      0.00000000	      0.00000000	      0.00000000	     -0.00523497	     -0.01055126	     -0.01644585	      0.04155206	      0.01019405	     -0.01718880	      0.03504528	      0.02212033	      0.00511632	     -0.00626196	      0.01029937	     -0.00000000	     -0.00000000	     -0.02409518	      0.00003908	     -0.00136548	     -0.00675234	      0.00153321	      0.00106132	     -0.00000000	      0.01193014	     -0.00000000	      0.00000000	      0.00000000	      0.00000000	      0.00000000	      0.00000000	      0.00000000	      0.00000000	      0.00000000	      0.00000000	      0.00000000	      0.00000000	      0.00000000	      0.00000000	      0.00000000	      0.00000000	      0.00000000	      0.00000000	      0.00000000	      0.00000000	      0.00000000	      0.00000000	      0.00000000	      0.00000000	      0.00000000	      0.00000000	      0.00000000	      0.00000000	      0.00000000	      0.00000000	      0.00000000	      0.00000000	      0.00000000	      0.00000000	      0.00000000	      0.00000000	      0.00000000	      0.00000000	      0.00000000	      0.00000000	      0.00000000	      0.00000000	      0.00000000	      0.00000000	      0.00000000
      3.56500000	      0.00340942	      0.00564655	     -0.00109016	      0.00696003	     -0.00224272	     -0.00939219	     -0.00642964	      0.00000000	      0.00000000	     -0.00000000	     -0.00000000	     -0.00000000	      0.00000000	     -0.00000000	     -0.00515927	     -0.01050205	     -0.01643880	      0.04161894	      0.01025063	     -0.01714690	      0.03509856	      0.02216492	      0.00514338	     -0.00627027	      0.01029875	     -0.00000000	     -0.00000000	     -0.02408263	      0.00003768	     -0.00136774	     -0.00675297	      0.00153057	      0.00105607	     -0.00000000	      0.01191289	      0.00000000	      0.00000000	     -0.00000000	     -0.00000000	      0.00000000	      0.00000000	      0.00000000	      0.00000000	      0.00000000	      0.00000000	      0.00000000	      0.00000000	      0.00000000	      0.00000000	      0.00000000	      0.00000000	      0.00000000	      0.00000000	      0.00000000	      0.00000000	      0.00000000	      0.00000000	      0.00000000	      0.00000000	      0.00000000	      0.00000000	      0.00000000	      0.00000000	      0.00000000	      0.00000000	      0.00000000	      0.00000000	      0.00000000	      0.00000000	      0.00000000	      0.00000000	      0.00000000	      0.00000000	      0.00000000	      0.00000000	      0.00000000	      0.00000000	      0.00000000	      0.00000000	      0.00000000
      3.57000000	      0.00340307	      0.00564431	     -0.00108827	      0.00695907	     -0.00224273	     -0.00939469	     -0.00643125	     -0.00000000	      0.00000000	      0.00000000	     -0.00000000	      0.00000000	      0.00000000	      0.00000000	     -0.00508055	     -0.01045061	     -0.01643062	      0.04168953	      0.01031174	     -0.01710029	      0.03515590	      0.02221401	      0.00517488	     -0.00627774	      0.01029820	      0.00000000	      0.00000000	     -0.02406680	      0.00003604	     -0.00136993	     -0.00675414	      0.00152823	      0.00105136	      0.00000000	      0.01189898	      0.00000000	      0.00000000	     -0.00000000	     -0.00000000	     -0.00000000	      0.00000000	      0.00000000	      0.00000000	      0.00000000	      0.00000000	      0.00000000	      0.00000000	      0.00000000	      0.00000000	      0.00000000	      0.00000000	      0.00000000	      0.00000000	      0.00000000	      0.00000000	      0.00000000	      0.00000000	      0.00000000	      0.00000000	      0.00000000	      0.00000000	      0.00000000	      0.00000000	      0.00000000	      0.00000000	      0.00000000	      0.00000000	      0.00000000	      0.00000000	      0.00000000	      0.00000000	      0.00000000	      0.00000000	      0.00000000	      0.00000000	      0.00000000	      0.00000000	      0.00000000	      0.00000000	      0.00000000
      3.57500000	      0.00339627	      0.00564208	     -0.00108672	      0.00695845	     -0.00224345	     -0.00939813	     -0.00643266	      0.00000000	      0.00000000	      0.00000000	     -0.00000000	      0.00000000	     -0.00000000	     -0.00000000	     -0.00499838	     -0.01039644	     -0.01642103	      0.04176416	      0.01037779	     -0.01704846	      0.03521781	      0.02226824	      0.00521142	     -0.00628422	      0.01029770	     -0.00000000	     -0.00000000	     -0.02404731	      0.00003405	     -0.00137202	     -0.00675596	      0.00152627	      0.00104733	     -0.00000000	      0.01188926	     -0.00000000	     -0.00000000	      0.00000000	      0.00000000	      0.00000000	      0.00000000	      0.00000000	      0.00000000	      0.00000000	      0.00000000	      0.00000000	      0.00000000	      0.00000000	      0.00000000	      0.00000000	      0.00000000	      0.00000000	      0.00000000	      0.00000000	      0.00000000	      0.00000000	      0.00000000	      0.00000000	      0.00000000	      0.00000000	      0.00000000	      0.00000000	      0.00000000	      0.00000000	      0.00000000	      0.00000000	      0.00000000	      0.00000000	      0.00000000	      0.00000000	      0.00000000	      0.00000000	      0.00000000	      0.00000000	      0.00000000	      0.00000000	      0.00000000	      0.00000000	      0.00000000	      0.00000000
      3.58000000	      0.00338889	      0.00563986	     -0.00108558	      0.00695827	     -0.00224504	     -0.00940278	     -0.00643382	      0.00000000	      0.00000000	      0.00000000	      0.00000000	     -0.00000000	     -0.00000000	     -0.00000000	     -0.00491206	     -0.01033885	     -0.01640971	      0.04184342	      0.01044942	     -0.01699072	      0.03528498	      0.02232839	      0.00525373	     -0.00628958	      0.01029725	     -0.00000000	     -0.00000000	     -0.02402374	      0.00003158	     -0.00137395	     -0.00675855	      0.00152476	      0.00104410	     -0.00000000	      0.01188454	     -0.00000000	     -0.00000000	     -0.00000000	      0.00000000	     -0.00000000	      0.00000000	      0.00000000	      0.00000000	      0.00000000	      0.00000000	      0.00000000	      0.00000000	      0.00000000	      0.00000000	      0.00000000	      0.00000000	      0.00000000	      0.00000000	      0.00000000	      0.00000000	      0.00000000	      0.00000000	      0.00000000	      0.00000000	      0.00000000	      0.00000000	      0.00000000	      0.00000000	      0.00000000	      0.00000000	      0.00000000	      0.00000000	      0.00000000	      0.00000000	      0.00000000	      0.00000000	      0.00000000	      0.00000000	      0.00000000	      0.00000000	      0.00000000	      0.00000000	      0.00000000	      0.00000000	      0.00000000
      3.58500000	      0.00338083	      0.00563765	     -0.00108495	      0.00695861	     -0.00224765	     -0.00940884	     -0.00643471	     -0.00000000	     -0.00000000	      0.00000000	     -0.00000000	      0.00000000	     -0.00000000	     -0.00000000	     -0.00482144	     -0.01027749	     -0.01639644	      0.04192738	      0.01052682	     -0.01692676	      0.03535767	      0.02239489	      0.00530224	     -0.00629371	      0.01029681	      0.00000000	      0.00000000	     -0.02399583	      0.00002851	     -0.00137568	     -0.00676200	      0.00152376	      0.00104178	     -0.00000000	      0.01188561	     -0.00000000	     -0.00000000	     -0.00000000	      0.00000000	      0.00000000	      0.00000000	      0.00000000	      0.00000000	      0.00000000	      0.00000000	      0.00000000	      0.00000000	      0.00000000	      0.00000000	      0.00000000	      0.00000000	      0.00000000	      0.00000000	      0.00000000	      0.00000000	      0.00000000	      0.00000000	      0.00000000	      0.00000000	      0.00000000	      0.00000000	      0.00000000	      0.00000000	      0.00000000	      0.00000000	      0.00000000	      0.00000000	      0.00000000	      0.00000000	      0.00000000	      0.00000000	      0.00000000	      0.00000000	      0.00000000	      0.00000000	      0.00000000	      0.00000000	      0.00000000	      0.00000000	      0.00000000
      3.59000000	      0.00337195	      0.00563548	     -0.00108489	      0.00695954	     -0.00225142	     -0.00941656	     -0.00643528	      0.00000000	     -0.00000000	      0.00000000	      0.00000000	      0.00000000	      0.00000000	      0.00000000	     -0.00472601	     -0.01021182	     -0.01638095	      0.04201642	      0.01061040	     -0.01685609	      0.03543637	      0.02246833	      0.00535751	     -0.00629650	      0.01029639	      0.00000000	      0.00000000	     -0.02396325	      0.00002476	     -0.00137717	     -0.00676642	      0.00152335	      0.00104047	      0.00000000	      0.01189320	      0.00000000	     -0.00000000	      0.00000000	     -0.00000000	      0.00000000	      0.00000000	      0.00000000	      0.00000000	      0.00000000	      0.00000000	      0.00000000	      0.00000000	      0.00000000	      0.00000000	      0.00000000	      0.00000000	      0.00000000	      0.00000000	      0.00000000	      0.00000000	      0.00000000	      0.00000000	      0.00000000	      0.00000000	      0.00000000	      0.00000000	      0.00000000	      0.00000000	      0.00000000	      0.00000000	      0.00000000	      0.00000000	      0.00000000	      0.00000000	      0.00000000	      0.00000000	      0.00000000	      0.00000000	      0.00000000	      0.00000000	      0.00000000	      0.00000000	      0.00000000	      0.00000000	      0.00000000
      3.59500000	      0.00336217	      0.00563332	     -0.00108546	      0.00696113	     -0.00225646	     -0.00942612	     -0.00643551	      0.00000000	     -0.00000000	     -0.00000000	     -0.00000000	     -0.00000000	     -0.00000000	     -0.00000000	     -0.00462551	     -0.01014145	     -0.01636303	      0.04211068	      0.01070039	     -0.01677842	      0.03552136	      0.02254911	      0.00541992	     -0.00629786	      0.01029595	     -0.00000000	     -0.00000000	     -0.02392578	      0.00002020	     -0.00137838	     -0.00677189	      0.00152358	      0.00104027	     -0.00000000	      0.01190797	     -0.00000000	     -0.00000000	      0.00000000	      0.00000000	      0.00000000	      0.00000000	      0.00000000	      0.00000000	      0.00000000	      0.00000000	      0.00000000	      0.00000000	      0.00000000	      0.00000000	      0.00000000	      0.00000000	      0.00000000	      0.00000000	      0.00000000	      0.00000000	      0.00000000	      0.00000000	      0.00000000	      0.00000000	      0.00000000	      0.00000000	      0.00000000	      0.00000000	      0.00000000	      0.00000000	      0.00000000	      0.00000000	      0.00000000	      0.00000000	      0.00000000	      0.00000000	      0.00000000	      0.00000000	      0.00000000	      0.00000000	      0.00000000	      0.00000000	      0.00000000	      0.00000000	      0.00000000
      3.60000000	      0.00335139	      0.00563119	     -0.00108673	      0.00696344	     -0.00226290	     -0.00943771	     -0.00643538	     -0.00000000	      0.00000000	      0.00000000	      0.00000000	      0.00000000	      0.00000000	      0.00000000	     -0.00451967	     -0.01006602	     -0.01634248	      0.04221028	      0.01079695	     -0.01669346	      0.03561289	      0.02263758	      0.00548983	     -0.00629772	      0.01029549	      0.00000000	     -0.00000000	     -0.02388323	      0.00001477	     -0.00137928	     -0.00677847	      0.00152449	      0.00104125	      0.00000000	      0.01193049	     -0.00000000	      0.00000000	     -0.00000000	     -0.00000000	      0.00000000	      0.00000000	      0.00000000	      0.00000000	      0.00000000	      0.00000000	      0.00000000	      0.00000000	      0.00000000	      0.00000000	      0.00000000	      0.00000000	      0.00000000	      0.00000000	      0.00000000	      0.00000000	      0.00000000	      0.00000000	      0.00000000	      0.00000000	      0.00000000	      0.00000000	      0.00000000	      0.00000000	      0.00000000	      0.00000000	      0.00000000	      0.00000000	      0.00000000	      0.00000000	      0.00000000	      0.00000000	      0.00000000	      0.00000000	      0.00000000	      0.00000000	      0.00000000	      0.00000000	      0.00000000	      0.00000000	      0.00000000
      3.60500000	      0.00333953	      0.00562910	     -0.00108874	      0.00696652	     -0.00227081	     -0.00945147	     -0.00643487	      0.00000000	      0.00000000	     -0.00000000	      0.00000000	      0.00000000	     -0.00000000	     -0.00000000	     -0.00440835	     -0.00998524	     -0.01631914	      0.04231528	      0.01090017	     -0.01660106	      0.03571108	      0.02273397	      0.00556746	     -0.00629602	      0.01029498	     -0.00000000	      0.00000000	     -0.02383548	      0.00000836	     -0.00137982	     -0.00678623	      0.00152614	      0.00104349	     -0.00000000	      0.01196125	     -0.00000000	     -0.00000000	      0.00000000	     -0.00000000	     -0.00000000	      0.00000000	      0.00000000	      0.00000000	      0.00000000	      0.00000000	      0.00000000	      0.00000000	      0.00000000	      0.00000000	      0.00000000	      0.00000000	      0.00000000	      0.00000000	      0.00000000	      0.00000000	      0.00000000	      0.00000000	      0.00000000	      0.00000000	      0.00000000	      0.00000000	      0.00000000	      0.00000000	      0.00000000	      0.00000000	      0.00000000	      0.00000000	      0.00000000	      0.00000000	      0.00000000	      0.00000000	      0.00000000	      0.00000000	      0.00000000	      0.00000000	      0.00000000	      0.00000000	      0.00000000	      0.00000000	      0.00000000
      3.61000000	      0.00332651	      0.00562703	     -0.00109154	      0.00697041	     -0.00228028	     -0.00946753	     -0.00643396	     -0.00000000	     -0.00000000	     -0.00000000	      0.00000000	     -0.00000000	     -0.00000000	     -0.00000000	     -0.00429142	     -0.00989890	     -0.01629291	      0.04242561	      0.01101006	     -0.01650113	      0.03581601	      0.02283844	      0.00565298	     -0.00629272	      0.01029440	     -0.00000000	     -0.00000000	     -0.02378245	      0.00000093	     -0.00137999	     -0.00679522	      0.00152855	      0.00104704	     -0.00000000	      0.01200065	     -0.00000000	     -0.00000000	      0.00000000	      0.00000000	     -0.00000000	      0.00000000	      0.00000000	      0.00000000	      0.00000000	      0.00000000	      0.00000000	      0.00000000	      0.00000000	      0.00000000	      0.00000000	      0.00000000	      0.00000000	      0.00000000	      0.00000000	      0.00000000	      0.00000000	      0.00000000	      0.00000000	      0.00000000	      0.00000000	      0.00000000	      0.00000000	      0.00000000	      0.00000000	      0.00000000	      0.00000000	      0.00000000	      0.00000000	      0.00000000	      0.00000000	      0.00000000	      0.00000000	      0.00000000	      0.00000000	      0.00000000	      0.00000000	      0.00000000	      0.00000000	      0.00000000	      0.00000000
      3.61500000	      0.00331228	      0.00562498	     -0.00109516	      0.00697515	     -0.00229136	     -0.00948599	     -0.00643263	      0.00000000	     -0.00000000	     -0.00000000	      0.00000000	     -0.00000000	      0.00000000	     -0.00000000	     -0.00416889	     -0.00980683	     -0.01626367	      0.04254117	      0.01112651	     -0.01639369	      0.03592762	      0.02295102	      0.00574644	     -0.00628779	      0.01029375	      0.00000000	      0.00000000	     -0.02372414	     -0.00000759	     -0.00137975	     -0.00680546	      0.00153175	      0.00105192	     -0.00000000	      0.01204901	      0.00000000	      0.00000000	      0.00000000	      0.00000000	      0.00000000	      0.00000000	      0.00000000	      0.00000000	      0.00000000	      0.00000000	      0.00000000	      0.00000000	      0.00000000	      0.00000000	      0.00000000	      0.00000000	      0.00000000	      0.00000000	      0.00000000	      0.00000000	      0.00000000	      0.00000000	      0.00000000	      0.00000000	      0.00000000	      0.00000000	      0.00000000	      0.00000000	      0.00000000	      0.00000000	      0.00000000	      0.00000000	      0.00000000	      0.00000000	      0.00000000	      0.00000000	      0.00000000	      0.00000000	      0.00000000	      0.00000000	      0.00000000	      0.00000000	      0.00000000	      0.00000000	      0.00000000
      3.62000000	      0.00329681	      0.00562297	     -0.00109961	      0.00698074	     -0.00230409	     -0.00950692	     -0.00643088	      0.00000000	     -0.00000000	     -0.00000000	     -0.00000000	     -0.00000000	     -0.00000000	     -0.00000000	     -0.00404078	     -0.00970897	     -0.01623137	      0.04266177	      0.01124938	     -0.01627882	      0.03604579	      0.02307165	      0.00584780	     -0.00628123	      0.01029299	     -0.00000000	     -0.00000000	     -0.02366059	     -0.00001725	     -0.00137908	     -0.00681697	      0.00153575	      0.00105816	     -0.00000000	      0.01210653	      0.00000000	     -0.00000000	     -0.00000000	      0.00000000	      0.00000000	      0.00000000	      0.00000000	      0.00000000	      0.00000000	      0.00000000	      0.00000000	      0.00000000	      0.00000000	      0.00000000	      0.00000000	      0.00000000	      0.00000000	      0.00000000	      0.00000000	      0.00000000	      0.00000000	      0.00000000	      0.00000000	      0.00000000	      0.00000000	      0.00000000	      0.00000000	      0.00000000	      0.00000000	      0.00000000	      0.00000000	      0.00000000	      0.00000000	      0.00000000	      0.00000000	      0.00000000	      0.00000000	      0.00000000	      0.00000000	      0.00000000	      0.00000000	      0.00000000	      0.00000000	      0.00000000	      0.00000000
      3.62500000	      0.00328006	      0.00562098	     -0.00110493	      0.00698721	     -0.00231848	     -0.00953037	     -0.00642869	      0.00000000	     -0.00000000	      0.00000000	     -0.00000000	     -0.00000000	     -0.00000000	     -0.00000000	     -0.00390722	     -0.00960531	     -0.01619600	      0.04278716	      0.01137842	     -0.01615669	      0.03617032	      0.02320018	      0.00595696	     -0.00627304	      0.01029212	      0.00000000	      0.00000000	     -0.02359189	     -0.00002807	     -0.00137797	     -0.00682974	      0.00154055	      0.00106577	      0.00000000	      0.01217332	     -0.00000000	     -0.00000000	     -0.00000000	     -0.00000000	     -0.00000000	      0.00000000	      0.00000000	      0.00000000	      0.00000000	      0.00000000	      0.00000000	      0.00000000	      0.00000000	      0.00000000	      0.00000000	      0.00000000	      0.00000000	      0.00000000	      0.00000000	      0.00000000	      0.00000000	      0.00000000	      0.00000000	      0.00000000	      0.00000000	      0.00000000	      0.00000000	      0.00000000	      0.00000000	      0.00000000	      0.00000000	      0.00000000	      0.00000000	      0.00000000	      0.00000000	      0.00000000	      0.00000000	      0.00000000	      0.00000000	      0.00000000	      0.00000000	      0.00000000	      0.00000000	      0.00000000	      0.00000000
      3.63000000	      0.00326201	      0.00561901	     -0.00111135	      0.00699455	     -0.00233455	     -0.00955637	     -0.00642608	     -0.00000000	     -0.00000000	     -0.00000000	     -0.00000000	     -0.00000000	      0.00000000	     -0.00000000	     -0.00376839	     -0.00949588	     -0.01615756	      0.04291703	      0.01151333	     -0.01602755	      0.03630093	      0.02333637	      0.00607371	     -0.00626326	      0.01029111	      0.00000000	      0.00000000	     -0.02351820	     -0.00004007	     -0.00137641	     -0.00684377	      0.00154616	      0.00107473	     -0.00000000	      0.01224941	     -0.00000000	     -0.00000000	     -0.00000000	      0.00000000	      0.00000000	      0.00000000	      0.00000000	      0.00000000	      0.00000000	      0.00000000	      0.00000000	      0.00000000	      0.00000000	      0.00000000	      0.00000000	      0.00000000	      0.00000000	      0.00000000	      0.00000000	      0.00000000	      0.00000000	      0.00000000	      0.00000000	      0.00000000	      0.00000000	      0.00000000	      0.00000000	      0.00000000	      0.00000000	      0.00000000	      0.00000000	      0.00000000	      0.00000000	      0.00000000	      0.00000000	      0.00000000	      0.00000000	      0.00000000	      0.00000000	      0.00000000	      0.00000000	      0.00000000	      0.00000000	      0.00000000	      0.00000000
      3.63500000	      0.00324268	      0.00561705	     -0.00111928	      0.00700275	     -0.00235226	     -0.00958485	     -0.00642303	     -0.00000000	     -0.00000000	     -0.00000000	      0.00000000	     -0.00000000	     -0.00000000	     -0.00000000	     -0.00362469	     -0.00938096	     -0.01611613	      0.04305087	      0.01165358	     -0.01589185	      0.03643711	      0.02347973	      0.00619762	     -0.00625193	      0.01028995	     -0.00000000	     -0.00000000	     -0.02343980	     -0.00005324	     -0.00137438	     -0.00685901	      0.00155256	      0.00108501	     -0.00000000	      0.01233461	     -0.00000000	      0.00000000	      0.00000000	      0.00000000	     -0.00000000	      0.00000000	      0.00000000	      0.00000000	      0.00000000	      0.00000000	      0.00000000	      0.00000000	      0.00000000	      0.00000000	      0.00000000	      0.00000000	      0.00000000	      0.00000000	      0.00000000	      0.00000000	      0.00000000	      0.00000000	      0.00000000	      0.00000000	      0.00000000	      0.00000000	      0.00000000	      0.00000000	      0.00000000	      0.00000000	      0.00000000	      0.00000000	      0.00000000	      0.00000000	      0.00000000	      0.00000000	      0.00000000	      0.00000000	      0.00000000	      0.00000000	      0.00000000	      0.00000000	      0.00000000	      0.00000000	      0.00000000
      3.64000000	      0.00322205	      0.00561510	     -0.00112716	      0.00701179	     -0.00237161	     -0.00961586	     -0.00641956	      0.00000000	      0.00000000	      0.00000000	      0.00000000	      0.00000000	      0.00000000	      0.00000000	     -0.00347607	     -0.00926083	     -0.01607170	      0.04318859	      0.01179908	     -0.01574967	      0.03657876	      0.02363019	      0.00632863	     -0.00623908	      0.01028863	      0.00000000	      0.00000000	     -0.02335675	     -0.00006761	     -0.00137190	     -0.00687546	      0.00155973	      0.00109660	      0.00000000	      0.01242893	      0.00000000	      0.00000000	     -0.00000000	     -0.00000000	     -0.00000000	      0.00000000	      0.00000000	      0.00000000	      0.00000000	      0.00000000	      0.00000000	      0.00000000	      0.00000000	      0.00000000	      0.00000000	      0.00000000	      0.00000000	      0.00000000	      0.00000000	      0.00000000	      0.00000000	      0.00000000	      0.00000000	      0.00000000	      0.00000000	      0.00000000	      0.00000000	      0.00000000	      0.00000000	      0.00000000	      0.00000000	      0.00000000	      0.00000000	      0.00000000	      0.00000000	      0.00000000	      0.00000000	      0.00000000	      0.00000000	      0.00000000	      0.00000000	      0.00000000	      0.00000000	      0.00000000	      0.00000000
      3.64500000	      0.00320015	      0.00561315	     -0.00113585	      0.00702165	     -0.00239253	     -0.00964931	     -0.00641567	      0.00000000	     -0.00000000	     -0.00000000	     -0.00000000	     -0.00000000	     -0.00000000	     -0.00000000	     -0.00332298	     -0.00913507	     -0.01602441	      0.04332966	      0.01194928	     -0.01560152	      0.03672532	      0.02378716	      0.00646623	     -0.00622479	      0.01028713	     -0.00000000	     -0.00000000	     -0.02326939	     -0.00008313	     -0.00136895	     -0.00689305	      0.00156765	      0.00110945	     -0.00000000	      0.01253205	     -0.00000000	     -0.00000000	      0.00000000	     -0.00000000	      0.00000000	      0.00000000	      0.00000000	      0.00000000	      0.00000000	      0.00000000	      0.00000000	      0.00000000	      0.00000000	      0.00000000	      0.00000000	      0.00000000	      0.00000000	      0.00000000	      0.00000000	      0.00000000	      0.00000000	      0.00000000	      0.00000000	      0.00000000	      0.00000000	      0.00000000	      0.00000000	      0.00000000	      0.00000000	      0.00000000	      0.00000000	      0.00000000	      0.00000000	      0.00000000	      0.00000000	      0.00000000	      0.00000000	      0.00000000	      0.00000000	      0.00000000	      0.00000000	      0.00000000	      0.00000000	      0.00000000	      0.00000000
      3.65000000	      0.00317702	      0.00561120	     -0.00114534	      0.00703228	     -0.00241498	     -0.00968510	     -0.00641137	      0.00000000	      0.00000000	     -0.00000000	     -0.00000000	     -0.00000000	      0.00000000	      0.00000000	     -0.00316579	     -0.00900435	     -0.01597438	      0.04347361	      0.01210368	     -0.01544786	      0.03687629	      0.02395014	      0.00660996	     -0.00620913	      0.01028544	      0.00000000	      0.00000000	     -0.02317800	     -0.00009979	     -0.00136555	     -0.00691173	      0.00157628	      0.00112347	      0.00000000	      0.01264361	      0.00000000	      0.00000000	     -0.00000000	      0.00000000	     -0.00000000	      0.00000000	      0.00000000	      0.00000000	      0.00000000	      0.00000000	      0.00000000	      0.00000000	      0.00000000	      0.00000000	      0.00000000	      0.00000000	      0.00000000	      0.00000000	      0.00000000	      0.00000000	      0.00000000	      0.00000000	      0.00000000	      0.00000000	      0.00000000	      0.00000000	      0.00000000	      0.00000000	      0.00000000	      0.00000000	      0.00000000	      0.00000000	      0.00000000	      0.00000000	      0.00000000	      0.00000000	      0.00000000	      0.00000000	      0.00000000	      0.00000000	      0.00000000	      0.00000000	      0.00000000	      0.00000000	      0.00000000
      3.65500000	      0.00315270	      0.00560923	     -0.00115559	      0.00704364	     -0.00243886	     -0.00972313	     -0.00640668	      0.00000000	      0.00000000	     -0.00000000	      0.00000000	      0.00000000	      0.00000000	     -0.00000000	     -0.00300487	     -0.00886897	     -0.01592176	      0.04362001	      0.01226181	     -0.01528915	      0.03703117	      0.02411858	      0.00675933	     -0.00619219	      0.01028356	      0.00000000	      0.00000000	     -0.02308290	     -0.00011752	     -0.00136171	     -0.00693141	      0.00158558	      0.00113862	     -0.00000000	      0.01276320	     -0.00000000	      0.00000000	      0.00000000	     -0.00000000	      0.00000000	      0.00000000	      0.00000000	      0.00000000	      0.00000000	      0.00000000	      0.00000000	      0.00000000	      0.00000000	      0.00000000	      0.00000000	      0.00000000	      0.00000000	      0.00000000	      0.00000000	      0.00000000	      0.00000000	      0.00000000	      0.00000000	      0.00000000	      0.00000000	      0.00000000	      0.00000000	      0.00000000	      0.00000000	      0.00000000	      0.00000000	      0.00000000	      0.00000000	      0.00000000	      0.00000000	      0.00000000	      0.00000000	      0.00000000	      0.00000000	      0.00000000	      0.00000000	      0.00000000	      0.00000000	      0.00000000	      0.00000000
      3.66000000	      0.00312726	      0.00560724	     -0.00116655	      0.00705568	     -0.00246409	     -0.00976328	     -0.00640162	      0.00000000	     -0.00000000	     -0.00000000	     -0.00000000	      0.00000000	      0.00000000	      0.00000000	     -0.00284062	     -0.00872929	     -0.01586671	      0.04376843	      0.01242319	     -0.01512589	      0.03718945	      0.02429192	      0.00691384	     -0.00617406	      0.01028148	      0.00000000	      0.00000000	     -0.02298442	     -0.00013629	     -0.00135745	     -0.00695203	      0.00159550	      0.00115481	      0.00000000	      0.01289034	      0.00000000	      0.00000000	     -0.00000000	     -0.00000000	     -0.00000000	      0.00000000	      0.00000000	      0.00000000	      0.00000000	      0.00000000	      0.00000000	      0.00000000	      0.00000000	      0.00000000	      0.00000000	      0.00000000	      0.00000000	      0.00000000	      0.00000000	      0.00000000	      0.00000000	      0.00000000	      0.00000000	      0.00000000	      0.00000000	      0.00000000	      0.00000000	      0.00000000	      0.00000000	      0.00000000	      0.00000000	      0.00000000	      0.00000000	      0.00000000	      0.00000000	      0.00000000	      0.00000000	      0.00000000	      0.00000000	      0.00000000	      0.00000000	      0.00000000	      0.00000000	      0.00000000	      0.00000000
      3.66500000	      0.00310070	      0.00560521	     -0.00117819	      0.00706837	     -0.00249063	     -0.00980548	     -0.00639618	      0.00000000	      0.00000000	     -0.00000000	      0.00000000	      0.00000000	      0.00000000	      0.00000000	     -0.00267308	     -0.00858538	     -0.01580930	      0.04391874	      0.01258770	     -0.01495818	      0.03735095	      0.02446998	      0.00707330	     -0.00615479	      0.01027918	      0.00000000	      0.00000000	     -0.02288265	     -0.00015607	     -0.00135278	     -0.00697355	      0.00160603	      0.00117199	      0.00000000	      0.01302479	      0.00000000	      0.00000000	      0.00000000	      0.00000000	      0.00000000	      0.00000000	      0.00000000	      0.00000000	      0.00000000	      0.00000000	      0.00000000	      0.00000000	      0.00000000	      0.00000000	      0.00000000	      0.00000000	      0.00000000	      0.00000000	      0.00000000	      0.00000000	      0.00000000	      0.00000000	      0.00000000	      0.00000000	      0.00000000	      0.00000000	      0.00000000	      0.00000000	      0.00000000	      0.00000000	      0.00000000	      0.00000000	      0.00000000	      0.00000000	      0.00000000	      0.00000000	      0.00000000	      0.00000000	      0.00000000	      0.00000000	      0.00000000	      0.00000000	      0.00000000	      0.00000000	      0.00000000
      3.67000000	      0.00307322	      0.00560314	     -0.00119102	      0.00708158	     -0.00251884	     -0.00984939	     -0.00639043	      0.00000000	     -0.00000000	      0.00000000	     -0.00000000	      0.00000000	      0.00000000	     -0.00000000	     -0.00250346	     -0.00843831	     -0.01574998	      0.04406983	      0.01275410	     -0.01478731	      0.03751439	      0.02465131	      0.00723643	     -0.00613460	      0.01027669	      0.00000000	     -0.00000000	     -0.02277841	     -0.00017669	     -0.00134775	     -0.00699578	      0.00161704	      0.00118998	     -0.00000000	      0.01316535	      0.00000000	     -0.00000000	     -0.00000000	      0.00000000	     -0.00000000	      0.00000000	      0.00000000	      0.00000000	      0.00000000	      0.00000000	      0.00000000	      0.00000000	      0.00000000	      0.00000000	      0.00000000	      0.00000000	      0.00000000	      0.00000000	      0.00000000	      0.00000000	      0.00000000	      0.00000000	      0.00000000	      0.00000000	      0.00000000	      0.00000000	      0.00000000	      0.00000000	      0.00000000	      0.00000000	      0.00000000	      0.00000000	      0.00000000	      0.00000000	      0.00000000	      0.00000000	      0.00000000	      0.00000000	      0.00000000	      0.00000000	      0.00000000	      0.00000000	      0.00000000	      0.00000000	      0.00000000
      3.67500000	      0.00304475	      0.00560103	     -0.00120340	      0.00709506	     -0.00254764	     -0.00989507	     -0.00638434	     -0.00000000	      0.00000000	      0.00000000	      0.00000000	     -0.00000000	     -0.00000000	     -0.00000000	     -0.00233118	     -0.00828768	     -0.01568863	      0.04422216	      0.01292292	     -0.01461276	      0.03768023	      0.02483639	      0.00740364	     -0.00611344	      0.01027398	      0.00000000	      0.00000000	     -0.02267141	     -0.00019820	     -0.00134236	     -0.00701877	      0.00162856	      0.00120881	      0.00000000	      0.01331223	      0.00000000	     -0.00000000	     -0.00000000	     -0.00000000	     -0.00000000	      0.00000000	      0.00000000	      0.00000000	      0.00000000	      0.00000000	      0.00000000	      0.00000000	      0.00000000	      0.00000000	      0.00000000	      0.00000000	      0.00000000	      0.00000000	      0.00000000	      0.00000000	      0.00000000	      0.00000000	      0.00000000	      0.00000000	      0.00000000	      0.00000000	      0.00000000	      0.00000000	      0.00000000	      0.00000000	      0.00000000	      0.00000000	      0.00000000	      0.00000000	      0.00000000	      0.00000000	      0.00000000	      0.00000000	      0.00000000	      0.00000000	      0.00000000	      0.00000000	      0.00000000	      0.00000000	      0.00000000
      3.68000000	      0.00301552	      0.00559886	     -0.00121688	      0.00710922	     -0.00257731	     -0.00994213	     -0.00637798	      0.00000000	     -0.00000000	     -0.00000000	     -0.00000000	     -0.00000000	     -0.00000000	     -0.00000000	     -0.00215752	     -0.00813464	     -0.01562576	      0.04437461	      0.01309287	     -0.01443585	      0.03784714	      0.02502374	      0.00757359	     -0.00609155	      0.01027108	      0.00000000	      0.00000000	     -0.02256249	     -0.00021965	     -0.00133666	     -0.00704230	      0.00164046	      0.00122827	     -0.00000000	      0.01346411	      0.00000000	     -0.00000000	     -0.00000000	      0.00000000	      0.00000000	      0.00000000	      0.00000000	      0.00000000	      0.00000000	      0.00000000	      0.00000000	      0.00000000	      0.00000000	      0.00000000	      0.00000000	      0.00000000	      0.00000000	      0.00000000	      0.00000000	      0.00000000	      0.00000000	      0.00000000	      0.00000000	      0.00000000	      0.00000000	      0.00000000	      0.00000000	      0.00000000	      0.00000000	      0.00000000	      0.00000000	      0.00000000	      0.00000000	      0.00000000	      0.00000000	      0.00000000	      0.00000000	      0.00000000	      0.00000000	      0.00000000	      0.00000000	      0.00000000	      0.00000000	      0.00000000	      0.00000000
      3.68500000	      0.00298544	      0.00559662	     -0.00123034	      0.00712381	     -0.00260791	     -0.00999069	     -0.00637132	      0.00000000	     -0.00000000	      0.00000000	      0.00000000	     -0.00000000	      0.00000000	      0.00000000	     -0.00198182	     -0.00797871	     -0.01556118	      0.04452774	      0.01326463	     -0.01425592	      0.03801569	      0.02521397	      0.00774683	     -0.00606885	      0.01026797	     -0.00000000	      0.00000000	     -0.02245124	     -0.00024115	     -0.00133065	     -0.00706645	      0.00165277	      0.00124842	      0.00000000	      0.01362131	     -0.00000000	     -0.00000000	      0.00000000	      0.00000000	      0.00000000	      0.00000000	      0.00000000	      0.00000000	      0.00000000	      0.00000000	      0.00000000	      0.00000000	      0.00000000	      0.00000000	      0.00000000	      0.00000000	      0.00000000	      0.00000000	      0.00000000	      0.00000000	      0.00000000	      0.00000000	      0.00000000	      0.00000000	      0.00000000	      0.00000000	      0.00000000	      0.00000000	      0.00000000	      0.00000000	      0.00000000	      0.00000000	      0.00000000	      0.00000000	      0.00000000	      0.00000000	      0.00000000	      0.00000000	      0.00000000	      0.00000000	      0.00000000	      0.00000000	      0.00000000	      0.00000000	      0.00000000
      3.69000000	      0.00295475	      0.00559433	     -0.00124500	      0.00713840	     -0.00263917	     -0.01004029	     -0.00636442	     -0.00000000	     -0.00000000	     -0.00000000	     -0.00000000	     -0.00000000	      0.00000000	      0.00000000	     -0.00180540	     -0.00782112	     -0.01549544	      0.04468042	      0.01343691	     -0.01407432	      0.03818458	      0.02540556	      0.00792201	     -0.00604558	      0.01026468	     -0.00000000	      0.00000000	     -0.02233851	     -0.00026323	     -0.00132439	     -0.00709099	      0.00166538	      0.00126905	     -0.00000000	      0.01378246	     -0.00000000	     -0.00000000	     -0.00000000	      0.00000000	      0.00000000	      0.00000000	      0.00000000	      0.00000000	      0.00000000	      0.00000000	      0.00000000	      0.00000000	      0.00000000	      0.00000000	      0.00000000	      0.00000000	      0.00000000	      0.00000000	      0.00000000	      0.00000000	      0.00000000	      0.00000000	      0.00000000	      0.00000000	      0.00000000	      0.00000000	      0.00000000	      0.00000000	      0.00000000	      0.00000000	      0.00000000	      0.00000000	      0.00000000	      0.00000000	      0.00000000	      0.00000000	      0.00000000	      0.00000000	      0.00000000	      0.00000000	      0.00000000	      0.00000000	      0.00000000	      0.00000000	      0.00000000
      3.69500000	      0.00292339	      0.00559196	     -0.00125982	      0.00715353	     -0.00267116	     -0.01009106	     -0.00635726	     -0.00000000	      0.00000000	      0.00000000	      0.00000000	      0.00000000	      0.00000000	      0.00000000	     -0.00162771	     -0.00766145	     -0.01542838	      0.04483318	      0.01361033	     -0.01389041	      0.03835431	      0.02559908	      0.00809964	     -0.00602166	      0.01026119	     -0.00000000	     -0.00000000	     -0.02222390	     -0.00028591	     -0.00131787	     -0.00711600	      0.00167829	      0.00129020	      0.00000000	      0.01394789	      0.00000000	      0.00000000	     -0.00000000	     -0.00000000	     -0.00000000	      0.00000000	      0.00000000	      0.00000000	      0.00000000	      0.00000000	      0.00000000	      0.00000000	      0.00000000	      0.00000000	      0.00000000	      0.00000000	      0.00000000	      0.00000000	      0.00000000	      0.00000000	      0.00000000	      0.00000000	      0.00000000	      0.00000000	      0.00000000	      0.00000000	      0.00000000	      0.00000000	      0.00000000	      0.00000000	      0.00000000	      0.00000000	      0.00000000	      0.00000000	      0.00000000	      0.00000000	      0.00000000	      0.00000000	      0.00000000	      0.00000000	      0.00000000	      0.00000000	      0.00000000	      0.00000000	      0.00000000
      3.70000000	      0.00289149	      0.00558952	     -0.00127446	      0.00716888	     -0.00270372	     -0.01014275	     -0.00634986	      0.00000000	     -0.00000000	      0.00000000	      0.00000000	     -0.00000000	      0.00000000	      0.00000000	     -0.00144933	     -0.00750030	     -0.01536026	      0.04498556	      0.01378437	     -0.01370476	      0.03852432	      0.02579386	      0.00827913	     -0.00599721	      0.01025754	     -0.00000000	     -0.00000000	     -0.02210777	     -0.00030910	     -0.00131114	     -0.00714135	      0.00169146	      0.00131177	     -0.00000000	      0.01411688	     -0.00000000	      0.00000000	      0.00000000	      0.00000000	      0.00000000	      0.00000000	      0.00000000	      0.00000000	      0.00000000	      0.00000000	      0.00000000	      0.00000000	      0.00000000	      0.00000000	      0.00000000	      0.00000000	      0.00000000	      0.00000000	      0.00000000	      0.00000000	      0.00000000	      0.00000000	      0.00000000	      0.00000000	      0.00000000	      0.00000000	      0.00000000	      0.00000000	      0.00000000	      0.00000000	      0.00000000	      0.00000000	      0.00000000	      0.00000000	      0.00000000	      0.00000000	      0.00000000	      0.00000000	      0.00000000	      0.00000000	      0.00000000	      0.00000000	      0.00000000	      0.00000000	      0.00000000
      3.70500000	      0.00285907	      0.00558701	     -0.00129000	      0.00718443	     -0.00273683	     -0.01019532	     -0.00634224	      0.00000000	      0.00000000	     -0.00000000	      0.00000000	     -0.00000000	     -0.00000000	      0.00000000	     -0.00127023	     -0.00733774	     -0.01529113	      0.04513761	      0.01395913	     -0.01351728	      0.03869462	      0.02598989	      0.00846049	     -0.00597221	      0.01025372	     -0.00000000	     -0.00000000	     -0.02199005	     -0.00033277	     -0.00130420	     -0.00716705	      0.00170488	      0.00133376	      0.00000000	      0.01428929	     -0.00000000	     -0.00000000	     -0.00000000	     -0.00000000	      0.00000000	      0.00000000	      0.00000000	      0.00000000	      0.00000000	      0.00000000	      0.00000000	      0.00000000	      0.00000000	      0.00000000	      0.00000000	      0.00000000	      0.00000000	      0.00000000	      0.00000000	      0.00000000	      0.00000000	      0.00000000	      0.00000000	      0.00000000	      0.00000000	      0.00000000	      0.00000000	      0.00000000	      0.00000000	      0.00000000	      0.00000000	      0.00000000	      0.00000000	      0.00000000	      0.00000000	      0.00000000	      0.00000000	      0.00000000	      0.00000000	      0.00000000	      0.00000000	      0.00000000	      0.00000000	      0.00000000	      0.00000000
      3.71000000	      0.00282626	      0.00558442	     -0.00130539	      0.00720012	     -0.00277033	     -0.01024852	     -0.00633441	      0.00000000	     -0.00000000	     -0.00000000	     -0.00000000	      0.00000000	      0.00000000	      0.00000000	     -0.00109102	     -0.00717438	     -0.01522126	      0.04528889	      0.01413411	     -0.01332852	      0.03886466	      0.02618651	      0.00864313	     -0.00594677	      0.01024974	     -0.00000000	      0.00000000	     -0.02187107	     -0.00035681	     -0.00129710	     -0.00719298	      0.00171846	      0.00135604	     -0.00000000	      0.01446440	     -0.00000000	     -0.00000000	      0.00000000	     -0.00000000	     -0.00000000	      0.00000000	      0.00000000	      0.00000000	      0.00000000	      0.00000000	      0.00000000	      0.00000000	      0.00000000	      0.00000000	      0.00000000	      0.00000000	      0.00000000	      0.00000000	      0.00000000	      0.00000000	      0.00000000	      0.00000000	      0.00000000	      0.00000000	      0.00000000	      0.00000000	      0.00000000	      0.00000000	      0.00000000	      0.00000000	      0.00000000	      0.00000000	      0.00000000	      0.00000000	      0.00000000	      0.00000000	      0.00000000	      0.00000000	      0.00000000	      0.00000000	      0.00000000	      0.00000000	      0.00000000	      0.00000000	      0.00000000
      3.71500000	      0.00279305	      0.00558176	     -0.00132101	      0.00721592	     -0.00280425	     -0.01030237	     -0.00632637	     -0.00000000	      0.00000000	     -0.00000000	     -0.00000000	     -0.00000000	     -0.00000000	     -0.00000000	     -0.00091146	     -0.00701009	     -0.01515061	      0.04543968	      0.01430962	     -0.01313818	      0.03903467	      0.02638395	      0.00882726	     -0.00592088	      0.01024562	      0.00000000	      0.00000000	     -0.02175063	     -0.00038121	     -0.00128983	     -0.00721916	      0.00173223	      0.00137863	     -0.00000000	      0.01464227	      0.00000000	      0.00000000	     -0.00000000	      0.00000000	      0.00000000	      0.00000000	      0.00000000	      0.00000000	      0.00000000	      0.00000000	      0.00000000	      0.00000000	      0.00000000	      0.00000000	      0.00000000	      0.00000000	      0.00000000	      0.00000000	      0.00000000	      0.00000000	      0.00000000	      0.00000000	      0.00000000	      0.00000000	      0.00000000	      0.00000000	      0.00000000	      0.00000000	      0.00000000	      0.00000000	      0.00000000	      0.00000000	      0.00000000	      0.00000000	      0.00000000	      0.00000000	      0.00000000	      0.00000000	      0.00000000	      0.00000000	      0.00000000	      0.00000000	      0.00000000	      0.00000000	      0.00000000
      3.72000000	      0.00275950	      0.00557902	     -0.00133803	      0.00723182	     -0.00283850	     -0.01035676	     -0.00631812	     -0.00000000	     -0.00000000	     -0.00000000	      0.00000000	     -0.00000000	     -0.00000000	      0.00000000	     -0.00073167	     -0.00684505	     -0.01507929	      0.04558992	      0.01448562	     -0.01294634	      0.03920455	      0.02658205	      0.00901278	     -0.00589453	      0.01024136	      0.00000000	      0.00000000	     -0.02162877	     -0.00040593	     -0.00128243	     -0.00724555	      0.00174615	      0.00140151	      0.00000000	      0.01482259	     -0.00000000	      0.00000000	     -0.00000000	     -0.00000000	     -0.00000000	      0.00000000	      0.00000000	      0.00000000	      0.00000000	      0.00000000	      0.00000000	      0.00000000	      0.00000000	      0.00000000	      0.00000000	      0.00000000	      0.00000000	      0.00000000	      0.00000000	      0.00000000	      0.00000000	      0.00000000	      0.00000000	      0.00000000	      0.00000000	      0.00000000	      0.00000000	      0.00000000	      0.00000000	      0.00000000	      0.00000000	      0.00000000	      0.00000000	      0.00000000	      0.00000000	      0.00000000	      0.00000000	      0.00000000	      0.00000000	      0.00000000	      0.00000000	      0.00000000	      0.00000000	      0.00000000	      0.00000000
      3.72500000	      0.00272566	      0.00557620	     -0.00135399	      0.00724783	     -0.00287303	     -0.01041158	     -0.00630968	     -0.00000000	      0.00000000	      0.00000000	     -0.00000000	      0.00000000	      0.00000000	      0.00000000	     -0.00055180	     -0.00667950	     -0.01500742	      0.04573953	      0.01466200	     -0.01275312	      0.03937415	      0.02678061	      0.00919946	     -0.00586778	      0.01023697	     -0.00000000	      0.00000000	     -0.02150559	     -0.00043091	     -0.00127492	     -0.00727210	      0.00176021	      0.00142462	      0.00000000	      0.01500503	      0.00000000	      0.00000000	     -0.00000000	     -0.00000000	     -0.00000000	      0.00000000	      0.00000000	      0.00000000	      0.00000000	      0.00000000	      0.00000000	      0.00000000	      0.00000000	      0.00000000	      0.00000000	      0.00000000	      0.00000000	      0.00000000	      0.00000000	      0.00000000	      0.00000000	      0.00000000	      0.00000000	      0.00000000	      0.00000000	      0.00000000	      0.00000000	      0.00000000	      0.00000000	      0.00000000	      0.00000000	      0.00000000	      0.00000000	      0.00000000	      0.00000000	      0.00000000	      0.00000000	      0.00000000	      0.00000000	      0.00000000	      0.00000000	      0.00000000	      0.00000000	      0.00000000	      0.00000000
      3.73000000	      0.00269157	      0.00557329	     -0.00137009	      0.00726380	     -0.00290779	     -0.01046676	     -0.00630105	      0.00000000	     -0.00000000	     -0.00000000	     -0.00000000	     -0.00000000	     -0.00000000	     -0.00000000	     -0.00037182	     -0.00651349	     -0.01493503	      0.04588860	      0.01483885	     -0.01255848	      0.03954349	      0.02697963	      0.00938732	     -0.00584061	      0.01023246	     -0.00000000	     -0.00000000	     -0.02138105	     -0.00045613	     -0.00126730	     -0.00729881	      0.00177439	      0.00144795	     -0.00000000	      0.01518942	     -0.00000000	     -0.00000000	      0.00000000	     -0.00000000	      0.00000000	      0.00000000	      0.00000000	      0.00000000	      0.00000000	      0.00000000	      0.00000000	      0.00000000	      0.00000000	      0.00000000	      0.00000000	      0.00000000	      0.00000000	      0.00000000	      0.00000000	      0.00000000	      0.00000000	      0.00000000	      0.00000000	      0.00000000	      0.00000000	      0.00000000	      0.00000000	      0.00000000	      0.00000000	      0.00000000	      0.00000000	      0.00000000	      0.00000000	      0.00000000	      0.00000000	      0.00000000	      0.00000000	      0.00000000	      0.00000000	      0.00000000	      0.00000000	      0.00000000	      0.00000000	      0.00000000	      0.00000000
      3.73500000	      0.00265725	      0.00557030	     -0.00138630	      0.00727976	     -0.00290389	     -0.01052224	     -0.00629222	     -0.00000000	     -0.00000000	      0.00000000	      0.00000000	      0.00000000	      0.00000000	      0.00000000	     -0.00019174	     -0.00634708	     -0.01486219	      0.04603717	      0.01501619	     -0.01236243	      0.03971257	      0.02717905	      0.00957627	     -0.00581304	      0.01022783	      0.00000000	     -0.00000000	     -0.02125517	     -0.00048155	     -0.00125959	     -0.00732563	      0.00178867	      0.00147149	      0.00000000	      0.01537553	      0.00000000	     -0.00000000	     -0.00000000	     -0.00000000	     -0.00000000	      0.00000000	      0.00000000	      0.00000000	      0.00000000	      0.00000000	      0.00000000	      0.00000000	      0.00000000	      0.00000000	      0.00000000	      0.00000000	      0.00000000	      0.00000000	      0.00000000	      0.00000000	      0.00000000	      0.00000000	      0.00000000	      0.00000000	      0.00000000	      0.00000000	      0.00000000	      0.00000000	      0.00000000	      0.00000000	      0.00000000	      0.00000000	      0.00000000	      0.00000000	      0.00000000	      0.00000000	      0.00000000	      0.00000000	      0.00000000	      0.00000000	      0.00000000	      0.00000000	      0.00000000	      0.00000000	      0.00000000
      3.74000000	      0.00262273	      0.00556721	     -0.00140259	      0.00729577	     -0.00293578	     -0.01057796	     -0.00628321	      0.00000000	     -0.00000000	     -0.00000000	     -0.00000000	     -0.00000000	     -0.00000000	     -0.00000000	     -0.00001154	     -0.00618034	     -0.01478896	      0.04618526	      0.01519404	     -0.01216501	      0.03988136	      0.02737880	      0.00976626	     -0.00578508	      0.01022310	     -0.00000000	     -0.00000000	     -0.02112800	     -0.00050715	     -0.00125182	     -0.00735255	      0.00180305	      0.00149522	     -0.00000000	      0.01556316	     -0.00000000	     -0.00000000	      0.00000000	     -0.00000000	      0.00000000	      0.00000000	      0.00000000	      0.00000000	      0.00000000	      0.00000000	      0.00000000	      0.00000000	      0.00000000	      0.00000000	      0.00000000	      0.00000000	      0.00000000	      0.00000000	      0.00000000	      0.00000000	      0.00000000	      0.00000000	      0.00000000	      0.00000000	      0.00000000	      0.00000000	      0.00000000	      0.00000000	      0.00000000	      0.00000000	      0.00000000	      0.00000000	      0.00000000	      0.00000000	      0.00000000	      0.00000000	      0.00000000	      0.00000000	      0.00000000	      0.00000000	      0.00000000	      0.00000000	      0.00000000	      0.00000000	      0.00000000
      3.74500000	      0.00258803	      0.00556403	     -0.00141894	      0.00731165	     -0.00297231	     -0.01063384	     -0.00627401	      0.00000000	     -0.00000000	     -0.00000000	     -0.00000000	      0.00000000	      0.00000000	      0.00000000	      0.00017740	     -0.00601330	     -0.01471539	      0.04633291	      0.01537240	     -0.01196623	      0.04004984	      0.02757882	      0.00995719	     -0.00575674	      0.01021826	     -0.00000000	     -0.00000000	     -0.02099957	     -0.00053290	     -0.00124399	     -0.00737955	      0.00181751	      0.00151911	      0.00000000	      0.01575209	      0.00000000	      0.00000000	      0.00000000	     -0.00000000	      0.00000000	      0.00000000	      0.00000000	      0.00000000	      0.00000000	      0.00000000	      0.00000000	      0.00000000	      0.00000000	      0.00000000	      0.00000000	      0.00000000	      0.00000000	      0.00000000	      0.00000000	      0.00000000	      0.00000000	      0.00000000	      0.00000000	      0.00000000	      0.00000000	      0.00000000	      0.00000000	      0.00000000	      0.00000000	      0.00000000	      0.00000000	      0.00000000	      0.00000000	      0.00000000	      0.00000000	      0.00000000	      0.00000000	      0.00000000	      0.00000000	      0.00000000	      0.00000000	      0.00000000	      0.00000000	      0.00000000	      0.00000000
      3.75000000	      0.00255317	      0.00556075	     -0.00143606	      0.00732754	     -0.00300893	     -0.01068984	     -0.00626463	     -0.00000000	     -0.00000000	     -0.00000000	     -0.00000000	      0.00000000	     -0.00000000	     -0.00000000	      0.00036886	     -0.00584599	     -0.01464153	      0.04648014	      0.01555125	     -0.01176617	      0.04021800	      0.02777905	      0.01014896	     -0.00572803	      0.01021331	      0.00000000	      0.00000000	     -0.02086997	     -0.00055879	     -0.00123611	     -0.00740659	      0.00183205	      0.00154316	     -0.00000000	      0.01594212	      0.00000000	     -0.00000000	     -0.00000000	     -0.00000000	     -0.00000000	      0.00000000	      0.00000000	      0.00000000	      0.00000000	      0.00000000	      0.00000000	      0.00000000	      0.00000000	      0.00000000	      0.00000000	      0.00000000	      0.00000000	      0.00000000	      0.00000000	      0.00000000	      0.00000000	      0.00000000	      0.00000000	      0.00000000	      0.00000000	      0.00000000	      0.00000000	      0.00000000	      0.00000000	      0.00000000	      0.00000000	      0.00000000	      0.00000000	      0.00000000	      0.00000000	      0.00000000	      0.00000000	      0.00000000	      0.00000000	      0.00000000	      0.00000000	      0.00000000	      0.00000000	      0.00000000	      0.00000000
      3.75500000	      0.00251817	      0.00555736	     -0.00145252	      0.00734324	     -0.00304560	     -0.01074591	     -0.00625507	     -0.00000000	      0.00000000	     -0.00000000	     -0.00000000	     -0.00000000	     -0.00000000	     -0.00000000	      0.00056114	     -0.00567840	     -0.01456743	      0.04662697	      0.01573058	     -0.01156491	      0.04038579	      0.02797942	      0.01034146	     -0.00569896	      0.01020826	      0.00000000	     -0.00000000	     -0.02073930	     -0.00058479	     -0.00122819	     -0.00743365	      0.00184666	      0.00156736	     -0.00000000	      0.01613304	     -0.00000000	     -0.00000000	     -0.00000000	     -0.00000000	     -0.00000000	      0.00000000	      0.00000000	      0.00000000	      0.00000000	      0.00000000	      0.00000000	      0.00000000	      0.00000000	      0.00000000	      0.00000000	      0.00000000	      0.00000000	      0.00000000	      0.00000000	      0.00000000	      0.00000000	      0.00000000	      0.00000000	      0.00000000	      0.00000000	      0.00000000	      0.00000000	      0.00000000	      0.00000000	      0.00000000	      0.00000000	      0.00000000	      0.00000000	      0.00000000	      0.00000000	      0.00000000	      0.00000000	      0.00000000	      0.00000000	      0.00000000	      0.00000000	      0.00000000	      0.00000000	      0.00000000	      0.00000000
      3.76000000	      0.00248302	      0.00555386	     -0.00146898	      0.00735894	     -0.00308228	     -0.01080200	     -0.00624533	     -0.00000000	     -0.00000000	     -0.00000000	     -0.00000000	      0.00000000	     -0.00000000	      0.00000000	      0.00075422	     -0.00551054	     -0.01449311	      0.04677339	      0.01591030	     -0.01136256	      0.04055316	      0.02817983	      0.01053456	     -0.00566955	      0.01020310	     -0.00000000	     -0.00000000	     -0.02060767	     -0.00061090	     -0.00122025	     -0.00746072	      0.00186133	      0.00159171	      0.00000000	      0.01632466	     -0.00000000	     -0.00000000	     -0.00000000	     -0.00000000	     -0.00000000	      0.00000000	      0.00000000	      0.00000000	      0.00000000	      0.00000000	      0.00000000	      0.00000000	      0.00000000	      0.00000000	      0.00000000	      0.00000000	      0.00000000	      0.00000000	      0.00000000	      0.00000000	      0.00000000	      0.00000000	      0.00000000	      0.00000000	      0.00000000	      0.00000000	      0.00000000	      0.00000000	      0.00000000	      0.00000000	      0.00000000	      0.00000000	      0.00000000	      0.00000000	      0.00000000	      0.00000000	      0.00000000	      0.00000000	      0.00000000	      0.00000000	      0.00000000	      0.00000000	      0.00000000	      0.00000000	      0.00000000
      3.76500000	      0.00244775	      0.00555024	     -0.00148543	      0.00737486	     -0.00311895	     -0.01085808	     -0.00623542	     -0.00000000	     -0.00000000	     -0.00000000	     -0.00000000	     -0.00000000	      0.00000000	     -0.00000000	      0.00094813	     -0.00534237	     -0.01441863	      0.04691937	      0.01609034	     -0.01115925	      0.04072005	      0.02838018	      0.01072811	     -0.00563980	      0.01019783	     -0.00000000	     -0.00000000	     -0.02047524	     -0.00063712	     -0.00121229	     -0.00748776	      0.00187606	      0.00161619	     -0.00000000	      0.01651677	     -0.00000000	     -0.00000000	      0.00000000	      0.00000000	      0.00000000	      0.00000000	      0.00000000	      0.00000000	      0.00000000	      0.00000000	      0.00000000	      0.00000000	      0.00000000	      0.00000000	      0.00000000	      0.00000000	      0.00000000	      0.00000000	      0.00000000	      0.00000000	      0.00000000	      0.00000000	      0.00000000	      0.00000000	      0.00000000	      0.00000000	      0.00000000	      0.00000000	      0.00000000	      0.00000000	      0.00000000	      0.00000000	      0.00000000	      0.00000000	      0.00000000	      0.00000000	      0.00000000	      0.00000000	      0.00000000	      0.00000000	      0.00000000	      0.00000000	      0.00000000	      0.00000000	      0.00000000
      3.77000000	      0.00241234	      0.00554649	     -0.00150185	      0.00739032	     -0.00315557	     -0.01091412	     -0.00622533	      0.00000000	     -0.00000000	     -0.00000000	     -0.00000000	      0.00000000	      0.00000000	     -0.00000000	      0.00114286	     -0.00517386	     -0.01434400	      0.04706486	      0.01627057	     -0.01095514	      0.04088637	      0.02858035	      0.01092194	     -0.00560972	      0.01019244	     -0.00000000	      0.00000000	     -0.02034218	     -0.00066344	     -0.00120431	     -0.00751475	      0.00189086	      0.00164081	      0.00000000	      0.01670921	      0.00000000	      0.00000000	      0.00000000	     -0.00000000	     -0.00000000	      0.00000000	      0.00000000	      0.00000000	      0.00000000	      0.00000000	      0.00000000	      0.00000000	      0.00000000	      0.00000000	      0.00000000	      0.00000000	      0.00000000	      0.00000000	      0.00000000	      0.00000000	      0.00000000	      0.00000000	      0.00000000	      0.00000000	      0.00000000	      0.00000000	      0.00000000	      0.00000000	      0.00000000	      0.00000000	      0.00000000	      0.00000000	      0.00000000	      0.00000000	      0.00000000	      0.00000000	      0.00000000	      0.00000000	      0.00000000	      0.00000000	      0.00000000	      0.00000000	      0.00000000	      0.00000000	      0.00000000
      3.77500000	      0.00237679	      0.00554261	     -0.00151823	      0.00740549	     -0.00319214	     -0.01097009	     -0.00621506	      0.00000000	     -0.00000000	     -0.00000000	      0.00000000	      0.00000000	     -0.00000000	     -0.00000000	      0.00133841	     -0.00500496	     -0.01426925	      0.04720980	      0.01645087	     -0.01075043	      0.04105203	      0.02878020	      0.01111586	     -0.00557934	      0.01018692	     -0.00000000	     -0.00000000	     -0.02020869	     -0.00068987	     -0.00119632	     -0.00754167	      0.00190573	      0.00166558	     -0.00000000	      0.01690179	     -0.00000000	     -0.00000000	      0.00000000	     -0.00000000	      0.00000000	      0.00000000	      0.00000000	      0.00000000	      0.00000000	      0.00000000	      0.00000000	      0.00000000	      0.00000000	      0.00000000	      0.00000000	      0.00000000	      0.00000000	      0.00000000	      0.00000000	      0.00000000	      0.00000000	      0.00000000	      0.00000000	      0.00000000	      0.00000000	      0.00000000	      0.00000000	      0.00000000	      0.00000000	      0.00000000	      0.00000000	      0.00000000	      0.00000000	      0.00000000	      0.00000000	      0.00000000	      0.00000000	      0.00000000	      0.00000000	      0.00000000	      0.00000000	      0.00000000	      0.00000000	      0.00000000	      0.00000000
      3.78000000	      0.00234109	      0.00553858	     -0.00153457	      0.00742068	     -0.00322863	     -0.01102600	     -0.00620462	     -0.00000000	     -0.00000000	     -0.00000000	      0.00000000	     -0.00000000	     -0.00000000	     -0.00000000	      0.00153474	     -0.00483563	     -0.01419439	      0.04735409	      0.01663104	     -0.01054533	      0.04121691	      0.02897960	      0.01130966	     -0.00554865	      0.01018125	     -0.00000000	     -0.00000000	     -0.02007498	     -0.00071642	     -0.00118831	     -0.00756850	      0.00192066	      0.00169049	     -0.00000000	      0.01709436	     -0.00000000	     -0.00000000	      0.00000000	     -0.00000000	     -0.00000000	      0.00000000	      0.00000000	      0.00000000	      0.00000000	      0.00000000	      0.00000000	      0.00000000	      0.00000000	      0.00000000	      0.00000000	      0.00000000	      0.00000000	      0.00000000	      0.00000000	      0.00000000	      0.00000000	      0.00000000	      0.00000000	      0.00000000	      0.00000000	      0.00000000	      0.00000000	      0.00000000	      0.00000000	      0.00000000	      0.00000000	      0.00000000	      0.00000000	      0.00000000	      0.00000000	      0.00000000	      0.00000000	      0.00000000	      0.00000000	      0.00000000	      0.00000000	      0.00000000	      0.00000000	      0.00000000	      0.00000000
      3.78500000	      0.00230523	      0.00553440	     -0.00155109	      0.00743566	     -0.00326503	     -0.01108182	     -0.00619401	      0.00000000	      0.00000000	      0.00000000	      0.00000000	      0.00000000	      0.00000000	      0.00000000	      0.00173183	     -0.00466581	     -0.01411945	      0.04749760	      0.01681089	     -0.01034008	      0.04138085	      0.02917837	      0.01150313	     -0.00551766	      0.01017543	      0.00000000	      0.00000000	     -0.01994130	     -0.00074309	     -0.00118028	     -0.00759523	      0.00193567	      0.00171555	      0.00000000	      0.01728676	      0.00000000	      0.00000000	      0.00000000	      0.00000000	      0.00000000	      0.00000000	      0.00000000	      0.00000000	      0.00000000	      0.00000000	      0.00000000	      0.00000000	      0.00000000	      0.00000000	      0.00000000	      0.00000000	      0.00000000	      0.00000000	      0.00000000	      0.00000000	      0.00000000	      0.00000000	      0.00000000	      0.00000000	      0.00000000	      0.00000000	      0.00000000	      0.00000000	      0.00000000	      0.00000000	      0.00000000	      0.00000000	      0.00000000	      0.00000000	      0.00000000	      0.00000000	      0.00000000	      0.00000000	      0.00000000	      0.00000000	      0.00000000	      0.00000000	      0.00000000	      0.00000000	      0.00000000
      3.79000000	      0.00226919	      0.00553006	     -0.00156750	      0.00745058	     -0.00330134	     -0.01113756	     -0.00618322	      0.00000000	     -0.00000000	      0.00000000	      0.00000000	     -0.00000000	     -0.00000000	     -0.00000000	      0.00192963	     -0.00449544	     -0.01404442	      0.04764021	      0.01699020	     -0.01013493	      0.04154373	      0.02937634	      0.01169604	     -0.00548639	      0.01016944	      0.00000000	     -0.00000000	     -0.01980788	     -0.00076991	     -0.00117223	     -0.00762182	      0.00195077	      0.00174079	      0.00000000	      0.01747888	     -0.00000000	      0.00000000	     -0.00000000	     -0.00000000	      0.00000000	      0.00000000	      0.00000000	      0.00000000	      0.00000000	      0.00000000	      0.00000000	      0.00000000	      0.00000000	      0.00000000	      0.00000000	      0.00000000	      0.00000000	      0.00000000	      0.00000000	      0.00000000	      0.00000000	      0.00000000	      0.00000000	      0.00000000	      0.00000000	      0.00000000	      0.00000000	      0.00000000	      0.00000000	      0.00000000	      0.00000000	      0.00000000	      0.00000000	      0.00000000	      0.00000000	      0.00000000	      0.00000000	      0.00000000	      0.00000000	      0.00000000	      0.00000000	      0.00000000	      0.00000000	      0.00000000	      0.00000000
      3.79500000	      0.00223295	      0.00552555	     -0.00158329	      0.00746561	     -0.00333755	     -0.01119323	     -0.00617226	      0.00000000	     -0.00000000	     -0.00000000	     -0.00000000	     -0.00000000	     -0.00000000	     -0.00000000	      0.00212808	     -0.00432448	     -0.01396931	      0.04778176	      0.01716872	     -0.00993017	      0.04170535	      0.02957332	      0.01188816	     -0.00545484	      0.01016326	     -0.00000000	     -0.00000000	     -0.01967500	     -0.00079689	     -0.00116415	     -0.00764826	      0.00196596	      0.00176620	     -0.00000000	      0.01767059	     -0.00000000	     -0.00000000	      0.00000000	      0.00000000	     -0.00000000	      0.00000000	      0.00000000	      0.00000000	      0.00000000	      0.00000000	      0.00000000	      0.00000000	      0.00000000	      0.00000000	      0.00000000	      0.00000000	      0.00000000	      0.00000000	      0.00000000	      0.00000000	      0.00000000	      0.00000000	      0.00000000	      0.00000000	      0.00000000	      0.00000000	      0.00000000	      0.00000000	      0.00000000	      0.00000000	      0.00000000	      0.00000000	      0.00000000	      0.00000000	      0.00000000	      0.00000000	      0.00000000	      0.00000000	      0.00000000	      0.00000000	      0.00000000	      0.00000000	      0.00000000	      0.00000000	      0.00000000
      3.80000000	      0.00219650	      0.00552086	     -0.00160052	      0.00748008	     -0.00337367	     -0.01124885	     -0.00616111	     -0.00000000	     -0.00000000	     -0.00000000	     -0.00000000	     -0.00000000	     -0.00000000	     -0.00000000	      0.00232710	     -0.00415287	     -0.01389413	      0.04792208	      0.01734622	     -0.00972605	      0.04186557	      0.02976913	      0.01207926	     -0.00542302	      0.01015687	     -0.00000000	      0.00000000	     -0.01954289	     -0.00082404	     -0.00115604	     -0.00767455	      0.00198125	      0.00179182	     -0.00000000	      0.01786179	     -0.00000000	     -0.00000000	     -0.00000000	     -0.00000000	     -0.00000000	      0.00000000	      0.00000000	      0.00000000	      0.00000000	      0.00000000	      0.00000000	      0.00000000	      0.00000000	      0.00000000	      0.00000000	      0.00000000	      0.00000000	      0.00000000	      0.00000000	      0.00000000	      0.00000000	      0.00000000	      0.00000000	      0.00000000	      0.00000000	      0.00000000	      0.00000000	      0.00000000	      0.00000000	      0.00000000	      0.00000000	      0.00000000	      0.00000000	      0.00000000	      0.00000000	      0.00000000	      0.00000000	      0.00000000	      0.00000000	      0.00000000	      0.00000000	      0.00000000	      0.00000000	      0.00000000	      0.00000000
      3.80500000	      0.00215980	      0.00551599	     -0.00161615	      0.00749478	     -0.00340970	     -0.01130442	     -0.00614979	      0.00000000	      0.00000000	      0.00000000	     -0.00000000	      0.00000000	      0.00000000	      0.00000000	      0.00252662	     -0.00398059	     -0.01381887	      0.04806099	      0.01752244	     -0.00952284	      0.04202418	      0.02996356	      0.01226910	     -0.00539092	      0.01015027	      0.00000000	      0.00000000	     -0.01941182	     -0.00085140	     -0.00114788	     -0.00770066	      0.00199667	      0.00181764	      0.00000000	      0.01805242	      0.00000000	      0.00000000	     -0.00000000	      0.00000000	      0.00000000	      0.00000000	      0.00000000	      0.00000000	      0.00000000	      0.00000000	      0.00000000	      0.00000000	      0.00000000	      0.00000000	      0.00000000	      0.00000000	      0.00000000	      0.00000000	      0.00000000	      0.00000000	      0.00000000	      0.00000000	      0.00000000	      0.00000000	      0.00000000	      0.00000000	      0.00000000	      0.00000000	      0.00000000	      0.00000000	      0.00000000	      0.00000000	      0.00000000	      0.00000000	      0.00000000	      0.00000000	      0.00000000	      0.00000000	      0.00000000	      0.00000000	      0.00000000	      0.00000000	      0.00000000	      0.00000000	      0.00000000
      3.81000000	      0.00212286	      0.00551094	     -0.00163223	      0.00750918	     -0.00344566	     -0.01135997	     -0.00613830	      0.00000000	      0.00000000	     -0.00000000	      0.00000000	      0.00000000	      0.00000000	      0.00000000	      0.00272653	     -0.00380761	     -0.01374354	      0.04819831	      0.01769712	     -0.00932082	      0.04218101	      0.03015644	      0.01245747	     -0.00535854	      0.01014343	     -0.00000000	      0.00000000	     -0.01928200	     -0.00087896	     -0.00113967	     -0.00772658	      0.00201220	      0.00184369	      0.00000000	      0.01824239	      0.00000000	      0.00000000	      0.00000000	      0.00000000	      0.00000000	      0.00000000	      0.00000000	      0.00000000	      0.00000000	      0.00000000	      0.00000000	      0.00000000	      0.00000000	      0.00000000	      0.00000000	      0.00000000	      0.00000000	      0.00000000	      0.00000000	      0.00000000	      0.00000000	      0.00000000	      0.00000000	      0.00000000	      0.00000000	      0.00000000	      0.00000000	      0.00000000	      0.00000000	      0.00000000	      0.00000000	      0.00000000	      0.00000000	      0.00000000	      0.00000000	      0.00000000	      0.00000000	      0.00000000	      0.00000000	      0.00000000	      0.00000000	      0.00000000	      0.00000000	      0.00000000	      0.00000000
      3.81500000	      0.00208566	      0.00550570	     -0.00164829	      0.00752348	     -0.00348153	     -0.01141550	     -0.00612662	      0.00000000	     -0.00000000	     -0.00000000	     -0.00000000	      0.00000000	     -0.00000000	     -0.00000000	      0.00292672	     -0.00363394	     -0.01366813	      0.04833386	      0.01787004	     -0.00912022	      0.04233590	      0.03034757	      0.01264417	     -0.00532590	      0.01013633	     -0.00000000	      0.00000000	     -0.01915366	     -0.00090675	     -0.00113140	     -0.00775230	      0.00202787	      0.00186998	     -0.00000000	      0.01843164	     -0.00000000	      0.00000000	     -0.00000000	     -0.00000000	     -0.00000000	      0.00000000	      0.00000000	      0.00000000	      0.00000000	      0.00000000	      0.00000000	      0.00000000	      0.00000000	      0.00000000	      0.00000000	      0.00000000	      0.00000000	      0.00000000	      0.00000000	      0.00000000	      0.00000000	      0.00000000	      0.00000000	      0.00000000	      0.00000000	      0.00000000	      0.00000000	      0.00000000	      0.00000000	      0.00000000	      0.00000000	      0.00000000	      0.00000000	      0.00000000	      0.00000000	      0.00000000	      0.00000000	      0.00000000	      0.00000000	      0.00000000	      0.00000000	      0.00000000	      0.00000000	      0.00000000	      0.00000000
      3.82000000	      0.00204819	      0.00550026	     -0.00166431	      0.00753777	     -0.00351733	     -0.01147102	     -0.00611477	      0.00000000	     -0.00000000	      0.00000000	      0.00000000	      0.00000000	     -0.00000000	      0.00000000	      0.00312707	     -0.00345961	     -0.01359265	      0.04846746	      0.01804096	     -0.00892128	      0.04248866	      0.03053678	      0.01282901	     -0.00529299	      0.01012898	     -0.00000000	      0.00000000	     -0.01902698	     -0.00093477	     -0.00112306	     -0.00777781	      0.00204368	      0.00189651	     -0.00000000	      0.01862011	     -0.00000000	     -0.00000000	     -0.00000000	     -0.00000000	      0.00000000	      0.00000000	      0.00000000	      0.00000000	      0.00000000	      0.00000000	      0.00000000	      0.00000000	      0.00000000	      0.00000000	      0.00000000	      0.00000000	      0.00000000	      0.00000000	      0.00000000	      0.00000000	      0.00000000	      0.00000000	      0.00000000	      0.00000000	      0.00000000	      0.00000000	      0.00000000	      0.00000000	      0.00000000	      0.00000000	      0.00000000	      0.00000000	      0.00000000	      0.00000000	      0.00000000	      0.00000000	      0.00000000	      0.00000000	      0.00000000	      0.00000000	      0.00000000	      0.00000000	      0.00000000	      0.00000000	      0.00000000
      3.82500000	      0.00201045	      0.00549463	     -0.00168031	      0.00755184	     -0.00355305	     -0.01152654	     -0.00610276	     -0.00000000	      0.00000000	      0.00000000	      0.00000000	      0.00000000	      0.00000000	      0.00000000	      0.00332742	     -0.00328468	     -0.01351714	      0.04859895	      0.01820969	     -0.00872421	      0.04263913	      0.03072389	      0.01301182	     -0.00525982	      0.01012136	      0.00000000	      0.00000000	     -0.01890213	     -0.00096302	     -0.00111465	     -0.00780310	      0.00205963	      0.00192329	      0.00000000	      0.01880773	      0.00000000	      0.00000000	      0.00000000	     -0.00000000	     -0.00000000	      0.00000000	      0.00000000	      0.00000000	      0.00000000	      0.00000000	      0.00000000	      0.00000000	      0.00000000	      0.00000000	      0.00000000	      0.00000000	      0.00000000	      0.00000000	      0.00000000	      0.00000000	      0.00000000	      0.00000000	      0.00000000	      0.00000000	      0.00000000	      0.00000000	      0.00000000	      0.00000000	      0.00000000	      0.00000000	      0.00000000	      0.00000000	      0.00000000	      0.00000000	      0.00000000	      0.00000000	      0.00000000	      0.00000000	      0.00000000	      0.00000000	      0.00000000	      0.00000000	      0.00000000	      0.00000000	      0.00000000
      3.83000000	      0.00197246	      0.00548881	     -0.00169629	      0.00756573	     -0.00358870	     -0.01158203	     -0.00609058	      0.00000000	     -0.00000000	      0.00000000	     -0.00000000	      0.00000000	     -0.00000000	      0.00000000	      0.00352761	     -0.00310925	     -0.01344160	      0.04872818	      0.01837603	     -0.00852921	      0.04278717	      0.03090873	      0.01319242	     -0.00522641	      0.01011346	      0.00000000	      0.00000000	     -0.01877926	     -0.00099148	     -0.00110618	     -0.00782816	      0.00207570	      0.00195030	     -0.00000000	      0.01899442	     -0.00000000	     -0.00000000	      0.00000000	      0.00000000	      0.00000000	      0.00000000	      0.00000000	      0.00000000	      0.00000000	      0.00000000	      0.00000000	      0.00000000	      0.00000000	      0.00000000	      0.00000000	      0.00000000	      0.00000000	      0.00000000	      0.00000000	      0.00000000	      0.00000000	      0.00000000	      0.00000000	      0.00000000	      0.00000000	      0.00000000	      0.00000000	      0.00000000	      0.00000000	      0.00000000	      0.00000000	      0.00000000	      0.00000000	      0.00000000	      0.00000000	      0.00000000	      0.00000000	      0.00000000	      0.00000000	      0.00000000	      0.00000000	      0.00000000	      0.00000000	      0.00000000	      0.00000000
      3.83500000	      0.00193425	      0.00548281	     -0.00171225	      0.00757980	     -0.00362425	     -0.01163748	     -0.00607825	      0.00000000	     -0.00000000	      0.00000000	     -0.00000000	     -0.00000000	      0.00000000	      0.00000000	      0.00372744	     -0.00293345	     -0.01336610	      0.04885499	      0.01853980	     -0.00833645	      0.04293261	      0.03109113	      0.01337068	     -0.00519278	      0.01010530	      0.00000000	     -0.00000000	     -0.01865849	     -0.00102016	     -0.00109830	     -0.00785296	      0.00209191	      0.00197753	      0.00000000	      0.01918008	     -0.00000000	      0.00000000	      0.00000000	      0.00000000	     -0.00000000	      0.00000000	      0.00000000	      0.00000000	      0.00000000	      0.00000000	      0.00000000	      0.00000000	      0.00000000	      0.00000000	      0.00000000	      0.00000000	      0.00000000	      0.00000000	      0.00000000	      0.00000000	      0.00000000	      0.00000000	      0.00000000	      0.00000000	      0.00000000	      0.00000000	      0.00000000	      0.00000000	      0.00000000	      0.00000000	      0.00000000	      0.00000000	      0.00000000	      0.00000000	      0.00000000	      0.00000000	      0.00000000	      0.00000000	      0.00000000	      0.00000000	      0.00000000	      0.00000000	      0.00000000	      0.00000000	      0.00000000
      3.84000000	      0.00189588	      0.00547663	     -0.00172999	      0.00759377	     -0.00365966	     -0.01169279	     -0.00606581	      0.00000000	     -0.00000000	     -0.00000000	     -0.00000000	     -0.00000000	      0.00000000	     -0.00000000	      0.00392649	     -0.00275765	     -0.01329075	      0.04897910	      0.01870067	     -0.00814632	      0.04307516	      0.03127073	      0.01354624	     -0.00515898	      0.01009689	     -0.00000000	     -0.00000000	     -0.01854004	     -0.00104898	     -0.00108969	     -0.00787748	      0.00210820	      0.00200493	     -0.00000000	      0.01936439	     -0.00000000	     -0.00000000	      0.00000000	     -0.00000000	      0.00000000	      0.00000000	      0.00000000	      0.00000000	      0.00000000	      0.00000000	      0.00000000	      0.00000000	      0.00000000	      0.00000000	      0.00000000	      0.00000000	      0.00000000	      0.00000000	      0.00000000	      0.00000000	      0.00000000	      0.00000000	      0.00000000	      0.00000000	      0.00000000	      0.00000000	      0.00000000	      0.00000000	      0.00000000	      0.00000000	      0.00000000	      0.00000000	      0.00000000	      0.00000000	      0.00000000	      0.00000000	      0.00000000	      0.00000000	      0.00000000	      0.00000000	      0.00000000	      0.00000000	      0.00000000	      0.00000000	      0.00000000
      3.84500000	      0.00185733	      0.00547028	     -0.00174591	      0.00760767	     -0.00369495	     -0.01174803	     -0.00605323	      0.00000000	     -0.00000000	      0.00000000	      0.00000000	      0.00000000	     -0.00000000	     -0.00000000	      0.00412492	     -0.00258171	     -0.01321549	      0.04910064	      0.01885882	     -0.00795860	      0.04321497	      0.03144772	      0.01371933	     -0.00512498	      0.01008821	     -0.00000000	      0.00000000	     -0.01842376	     -0.00107797	     -0.00108102	     -0.00790174	      0.00212461	      0.00203252	     -0.00000000	      0.01954760	     -0.00000000	     -0.00000000	      0.00000000	     -0.00000000	     -0.00000000	      0.00000000	      0.00000000	      0.00000000	      0.00000000	      0.00000000	      0.00000000	      0.00000000	      0.00000000	      0.00000000	      0.00000000	      0.00000000	      0.00000000	      0.00000000	      0.00000000	      0.00000000	      0.00000000	      0.00000000	      0.00000000	      0.00000000	      0.00000000	      0.00000000	      0.00000000	      0.00000000	      0.00000000	      0.00000000	      0.00000000	      0.00000000	      0.00000000	      0.00000000	      0.00000000	      0.00000000	      0.00000000	      0.00000000	      0.00000000	      0.00000000	      0.00000000	      0.00000000	      0.00000000	      0.00000000	      0.00000000
      3.85000000	      0.00181863	      0.00546376	     -0.00176180	      0.00762148	     -0.00373012	     -0.01180314	     -0.00604054	     -0.00000000	      0.00000000	      0.00000000	     -0.00000000	      0.00000000	     -0.00000000	     -0.00000000	      0.00432252	     -0.00240580	     -0.01314037	      0.04921953	      0.01901416	     -0.00777338	      0.04335195	      0.03162199	      0.01388986	     -0.00509084	      0.01007928	     -0.00000000	     -0.00000000	     -0.01830967	     -0.00110710	     -0.00107229	     -0.00792572	      0.00214109	      0.00206025	     -0.00000000	      0.01972961	     -0.00000000	      0.00000000	     -0.00000000	     -0.00000000	     -0.00000000	      0.00000000	      0.00000000	      0.00000000	      0.00000000	      0.00000000	      0.00000000	      0.00000000	      0.00000000	      0.00000000	      0.00000000	      0.00000000	      0.00000000	      0.00000000	      0.00000000	      0.00000000	      0.00000000	      0.00000000	      0.00000000	      0.00000000	      0.00000000	      0.00000000	      0.00000000	      0.00000000	      0.00000000	      0.00000000	      0.00000000	      0.00000000	      0.00000000	      0.00000000	      0.00000000	      0.00000000	      0.00000000	      0.00000000	      0.00000000	      0.00000000	      0.00000000	      0.00000000	      0.00000000	      0.00000000	      0.00000000
      3.85500000	      0.00178002	      0.00545712	     -0.00177756	      0.00763513	     -0.00376498	     -0.01185784	     -0.00602780	      0.00000000	      0.00000000	      0.00000000	      0.00000000	      0.00000000	      0.00000000	      0.00000000	      0.00451820	     -0.00223097	     -0.01306580	      0.04933516	      0.01916592	     -0.00759158	      0.04348541	      0.03179265	      0.01405699	     -0.00505668	      0.01007017	      0.00000000	      0.00000000	     -0.01819832	     -0.00113619	     -0.00106355	     -0.00794931	      0.00215757	      0.00208801	      0.00000000	      0.01990946	      0.00000000	      0.00000000	     -0.00000000	      0.00000000	     -0.00000000	      0.00000000	      0.00000000	      0.00000000	      0.00000000	      0.00000000	      0.00000000	      0.00000000	      0.00000000	      0.00000000	      0.00000000	      0.00000000	      0.00000000	      0.00000000	      0.00000000	      0.00000000	      0.00000000	      0.00000000	      0.00000000	      0.00000000	      0.00000000	      0.00000000	      0.00000000	      0.00000000	      0.00000000	      0.00000000	      0.00000000	      0.00000000	      0.00000000	      0.00000000	      0.00000000	      0.00000000	      0.00000000	      0.00000000	      0.00000000	      0.00000000	      0.00000000	      0.00000000	      0.00000000	      0.00000000	      0.00000000
      3.86000000	      0.00174139	      0.00545035	     -0.00179324	      0.00764868	     -0.00379962	     -0.01191227	     -0.00601501	      0.00000000	     -0.00000000	      0.00000000	     -0.00000000	     -0.00000000	      0.00000000	      0.00000000	      0.00471251	     -0.00205673	     -0.01299156	      0.04944793	      0.01931464	     -0.00741257	      0.04361583	      0.03196028	      0.01422132	     -0.00502249	      0.01006084	      0.00000000	      0.00000000	     -0.01808926	     -0.00116532	     -0.00105478	     -0.00797259	      0.00217406	      0.00211580	      0.00000000	      0.02008775	      0.00000000	     -0.00000000	      0.00000000	      0.00000000	      0.00000000	      0.00000000	      0.00000000	      0.00000000	      0.00000000	      0.00000000	      0.00000000	      0.00000000	      0.00000000	      0.00000000	      0.00000000	      0.00000000	      0.00000000	      0.00000000	      0.00000000	      0.00000000	      0.00000000	      0.00000000	      0.00000000	      0.00000000	      0.00000000	      0.00000000	      0.00000000	      0.00000000	      0.00000000	      0.00000000	      0.00000000	      0.00000000	      0.00000000	      0.00000000	      0.00000000	      0.00000000	      0.00000000	      0.00000000	      0.00000000	      0.00000000	      0.00000000	      0.00000000	      0.00000000	      0.00000000	      0.00000000
      3.86500000	      0.00170294	      0.00544348	     -0.00180878	      0.00766205	     -0.00383391	     -0.01196618	     -0.00600221	     -0.00000000	     -0.00000000	     -0.00000000	     -0.00000000	     -0.00000000	      0.00000000	      0.00000000	      0.00490455	     -0.00188394	     -0.01291799	      0.04955742	      0.01945977	     -0.00723704	      0.04374269	      0.03212420	      0.01438221	     -0.00498834	      0.01005136	     -0.00000000	     -0.00000000	     -0.01798285	     -0.00119434	     -0.00104602	     -0.00799546	      0.00219051	      0.00214354	     -0.00000000	      0.02026372	     -0.00000000	     -0.00000000	     -0.00000000	      0.00000000	     -0.00000000	      0.00000000	      0.00000000	      0.00000000	      0.00000000	      0.00000000	      0.00000000	      0.00000000	      0.00000000	      0.00000000	      0.00000000	      0.00000000	      0.00000000	      0.00000000	      0.00000000	      0.00000000	      0.00000000	      0.00000000	      0.00000000	      0.00000000	      0.00000000	      0.00000000	      0.00000000	      0.00000000	      0.00000000	      0.00000000	      0.00000000	      0.00000000	      0.00000000	      0.00000000	      0.00000000	      0.00000000	      0.00000000	      0.00000000	      0.00000000	      0.00000000	      0.00000000	      0.00000000	      0.00000000	      0.00000000	      0.00000000
      3.87000000	      0.00166475	      0.00543654	     -0.00182416	      0.00767522	     -0.00386778	     -0.01201949	     -0.00598943	     -0.00000000	     -0.00000000	     -0.00000000	     -0.00000000	     -0.00000000	     -0.00000000	     -0.00000000	      0.00509401	     -0.00171293	     -0.01284521	      0.04966353	      0.01960118	     -0.00706514	      0.04386589	      0.03228426	      0.01453953	     -0.00495434	      0.01004176	     -0.00000000	     -0.00000000	     -0.01787915	     -0.00122319	     -0.00103729	     -0.00801789	      0.00220687	      0.00217114	     -0.00000000	      0.02043716	     -0.00000000	     -0.00000000	     -0.00000000	      0.00000000	      0.00000000	      0.00000000	      0.00000000	      0.00000000	      0.00000000	      0.00000000	      0.00000000	      0.00000000	      0.00000000	      0.00000000	      0.00000000	      0.00000000	      0.00000000	      0.00000000	      0.00000000	      0.00000000	      0.00000000	      0.00000000	      0.00000000	      0.00000000	      0.00000000	      0.00000000	      0.00000000	      0.00000000	      0.00000000	      0.00000000	      0.00000000	      0.00000000	      0.00000000	      0.00000000	      0.00000000	      0.00000000	      0.00000000	      0.00000000	      0.00000000	      0.00000000	      0.00000000	      0.00000000	      0.00000000	      0.00000000	      0.00000000
      3.87500000	      0.00162688	      0.00542954	     -0.00183934	      0.00768814	     -0.00390120	     -0.01207212	     -0.00597671	      0.00000000	      0.00000000	      0.00000000	     -0.00000000	      0.00000000	      0.00000000	     -0.00000000	      0.00528061	     -0.00154399	     -0.01277333	      0.04976622	      0.01973882	     -0.00689698	      0.04398537	      0.03244034	      0.01469319	     -0.00492053	      0.01003205	     -0.00000000	     -0.00000000	     -0.01777817	     -0.00125182	     -0.00102860	     -0.00803987	      0.00222310	      0.00219855	     -0.00000000	      0.02060789	     -0.00000000	     -0.00000000	      0.00000000	      0.00000000	      0.00000000	      0.00000000	      0.00000000	      0.00000000	      0.00000000	      0.00000000	      0.00000000	      0.00000000	      0.00000000	      0.00000000	      0.00000000	      0.00000000	      0.00000000	      0.00000000	      0.00000000	      0.00000000	      0.00000000	      0.00000000	      0.00000000	      0.00000000	      0.00000000	      0.00000000	      0.00000000	      0.00000000	      0.00000000	      0.00000000	      0.00000000	      0.00000000	      0.00000000	      0.00000000	      0.00000000	      0.00000000	      0.00000000	      0.00000000	      0.00000000	      0.00000000	      0.00000000	      0.00000000	      0.00000000	      0.00000000	      0.00000000
      3.88000000	      0.00158944	      0.00542251	     -0.00185431	      0.00770083	     -0.00393409	     -0.01212395	     -0.00596407	     -0.00000000	     -0.00000000	     -0.00000000	      0.00000000	      0.00000000	      0.00000000	      0.00000000	      0.00546390	     -0.00137757	     -0.01270250	      0.04986533	      0.01987244	     -0.00673287	      0.04410096	      0.03259216	      0.01484292	     -0.00488699	      0.01002229	      0.00000000	      0.00000000	     -0.01768004	     -0.00128013	     -0.00101998	     -0.00806135	      0.00223917	      0.00222570	      0.00000000	      0.02077557	     -0.00000000	     -0.00000000	      0.00000000	     -0.00000000	     -0.00000000	      0.00000000	      0.00000000	      0.00000000	      0.00000000	      0.00000000	      0.00000000	      0.00000000	      0.00000000	      0.00000000	      0.00000000	      0.00000000	      0.00000000	      0.00000000	      0.00000000	      0.00000000	      0.00000000	      0.00000000	      0.00000000	      0.00000000	      0.00000000	      0.00000000	      0.00000000	      0.00000000	      0.00000000	      0.00000000	      0.00000000	      0.00000000	      0.00000000	      0.00000000	      0.00000000	      0.00000000	      0.00000000	      0.00000000	      0.00000000	      0.00000000	      0.00000000	      0.00000000	      0.00000000	      0.00000000	      0.00000000
      3.88500000	      0.00155251	      0.00541547	     -0.00186903	      0.00771326	     -0.00396640	     -0.01217490	     -0.00595155	     -0.00000000	      0.00000000	      0.00000000	      0.00000000	      0.00000000	     -0.00000000	      0.00000000	      0.00564352	     -0.00121403	     -0.01263287	      0.04996075	      0.02000189	     -0.00657304	      0.04421251	      0.03273952	      0.01498855	     -0.00485378	      0.01001249	      0.00000000	      0.00000000	     -0.01758485	     -0.00130808	     -0.00101144	     -0.00808232	      0.00225503	      0.00225253	     -0.00000000	      0.02093994	      0.00000000	      0.00000000	     -0.00000000	      0.00000000	     -0.00000000	      0.00000000	      0.00000000	      0.00000000	      0.00000000	      0.00000000	      0.00000000	      0.00000000	      0.00000000	      0.00000000	      0.00000000	      0.00000000	      0.00000000	      0.00000000	      0.00000000	      0.00000000	      0.00000000	      0.00000000	      0.00000000	      0.00000000	      0.00000000	      0.00000000	      0.00000000	      0.00000000	      0.00000000	      0.00000000	      0.00000000	      0.00000000	      0.00000000	      0.00000000	      0.00000000	      0.00000000	      0.00000000	      0.00000000	      0.00000000	      0.00000000	      0.00000000	      0.00000000	      0.00000000	      0.00000000	      0.00000000
      3.89000000	      0.00151621	      0.00540846	     -0.00188346	      0.00772577	     -0.00399804	     -0.01222481	     -0.00593919	     -0.00000000	     -0.00000000	     -0.00000000	      0.00000000	     -0.00000000	      0.00000000	      0.00000000	      0.00581886	     -0.00105395	     -0.01256466	      0.05005224	      0.02012682	     -0.00641794	      0.04431975	      0.03288202	      0.01512966	     -0.00482103	      0.01000270	     -0.00000000	     -0.00000000	     -0.01749284	     -0.00133556	     -0.00100302	     -0.00810271	      0.00227064	      0.00227896	      0.00000000	      0.02110053	     -0.00000000	      0.00000000	     -0.00000000	     -0.00000000	     -0.00000000	      0.00000000	      0.00000000	      0.00000000	      0.00000000	      0.00000000	      0.00000000	      0.00000000	      0.00000000	      0.00000000	      0.00000000	      0.00000000	      0.00000000	      0.00000000	      0.00000000	      0.00000000	      0.00000000	      0.00000000	      0.00000000	      0.00000000	      0.00000000	      0.00000000	      0.00000000	      0.00000000	      0.00000000	      0.00000000	      0.00000000	      0.00000000	      0.00000000	      0.00000000	      0.00000000	      0.00000000	      0.00000000	      0.00000000	      0.00000000	      0.00000000	      0.00000000	      0.00000000	      0.00000000	      0.00000000	      0.00000000
      3.89500000	      0.00148072	      0.00540152	     -0.00189755	      0.00773759	     -0.00402888	     -0.01227348	     -0.00592706	      0.00000000	     -0.00000000	      0.00000000	     -0.00000000	     -0.00000000	      0.00000000	     -0.00000000	      0.00598911	     -0.00089808	     -0.01249817	      0.05013945	      0.02024670	     -0.00626825	      0.04442229	      0.03301908	      0.01526570	     -0.00478883	      0.00999297	      0.00000000	     -0.00000000	     -0.01740436	     -0.00136245	     -0.00099475	     -0.00812244	      0.00228592	      0.00230487	     -0.00000000	      0.02125669	      0.00000000	     -0.00000000	      0.00000000	      0.00000000	     -0.00000000	      0.00000000	      0.00000000	      0.00000000	      0.00000000	      0.00000000	      0.00000000	      0.00000000	      0.00000000	      0.00000000	      0.00000000	      0.00000000	      0.00000000	      0.00000000	      0.00000000	      0.00000000	      0.00000000	      0.00000000	      0.00000000	      0.00000000	      0.00000000	      0.00000000	      0.00000000	      0.00000000	      0.00000000	      0.00000000	      0.00000000	      0.00000000	      0.00000000	      0.00000000	      0.00000000	      0.00000000	      0.00000000	      0.00000000	      0.00000000	      0.00000000	      0.00000000	      0.00000000	      0.00000000	      0.00000000	      0.00000000
      3.90000000	      0.00144586	      0.00539462	     -0.00191118	      0.00774915	     -0.00405908	     -0.01232116	     -0.00591509	     -0.00000000	     -0.00000000	      0.00000000	     -0.00000000	      0.00000000	     -0.00000000	     -0.00000000	      0.00615504	     -0.00074572	     -0.01243307	      0.05022281	      0.02036210	     -0.00612326	      0.04452064	      0.03315138	      0.01539732	     -0.00475709	      0.00998328	     -0.00000000	     -0.00000000	     -0.01731898	     -0.00138888	     -0.00098659	     -0.00814162	      0.00230095	      0.00233036	     -0.00000000	      0.02140923	     -0.00000000	     -0.00000000	     -0.00000000	     -0.00000000	     -0.00000000	      0.00000000	      0.00000000	      0.00000000	      0.00000000	      0.00000000	      0.00000000	      0.00000000	      0.00000000	      0.00000000	      0.00000000	      0.00000000	      0.00000000	      0.00000000	      0.00000000	      0.00000000	      0.00000000	      0.00000000	      0.00000000	      0.00000000	      0.00000000	      0.00000000	      0.00000000	      0.00000000	      0.00000000	      0.00000000	      0.00000000	      0.00000000	      0.00000000	      0.00000000	      0.00000000	      0.00000000	      0.00000000	      0.00000000	      0.00000000	      0.00000000	      0.00000000	      0.00000000	      0.00000000	      0.00000000	      0.00000000
      3.90500000	      0.00141188	      0.00538783	     -0.00192472	      0.00776036	     -0.00408844	     -0.01236754	     -0.00590339	      0.00000000	     -0.00000000	      0.00000000	      0.00000000	     -0.00000000	      0.00000000	      0.00000000	      0.00631533	     -0.00059806	     -0.01236986	      0.05030169	      0.02047211	     -0.00598413	      0.04461408	      0.03327794	      0.01552353	     -0.00472599	      0.00997369	     -0.00000000	     -0.00000000	     -0.01723735	     -0.00141465	     -0.00097860	     -0.00816012	      0.00231562	      0.00235528	      0.00000000	      0.02155703	      0.00000000	     -0.00000000	      0.00000000	      0.00000000	      0.00000000	      0.00000000	      0.00000000	      0.00000000	      0.00000000	      0.00000000	      0.00000000	      0.00000000	      0.00000000	      0.00000000	      0.00000000	      0.00000000	      0.00000000	      0.00000000	      0.00000000	      0.00000000	      0.00000000	      0.00000000	      0.00000000	      0.00000000	      0.00000000	      0.00000000	      0.00000000	      0.00000000	      0.00000000	      0.00000000	      0.00000000	      0.00000000	      0.00000000	      0.00000000	      0.00000000	      0.00000000	      0.00000000	      0.00000000	      0.00000000	      0.00000000	      0.00000000	      0.00000000	      0.00000000	      0.00000000	      0.00000000
      3.91000000	      0.00137886	      0.00538116	     -0.00193861	      0.00777110	     -0.00411692	     -0.01241256	     -0.00589197	      0.00000000	     -0.00000000	      0.00000000	      0.00000000	     -0.00000000	      0.00000000	      0.00000000	      0.00646962	     -0.00045542	     -0.01230864	      0.05037595	      0.02057649	     -0.00585118	      0.04470246	      0.03339850	      0.01564408	     -0.00469563	      0.00996423	      0.00000000	      0.00000000	     -0.01715966	     -0.00143971	     -0.00097078	     -0.00817791	      0.00232990	      0.00237956	      0.00000000	      0.02169989	      0.00000000	     -0.00000000	      0.00000000	     -0.00000000	      0.00000000	      0.00000000	      0.00000000	      0.00000000	      0.00000000	      0.00000000	      0.00000000	      0.00000000	      0.00000000	      0.00000000	      0.00000000	      0.00000000	      0.00000000	      0.00000000	      0.00000000	      0.00000000	      0.00000000	      0.00000000	      0.00000000	      0.00000000	      0.00000000	      0.00000000	      0.00000000	      0.00000000	      0.00000000	      0.00000000	      0.00000000	      0.00000000	      0.00000000	      0.00000000	      0.00000000	      0.00000000	      0.00000000	      0.00000000	      0.00000000	      0.00000000	      0.00000000	      0.00000000	      0.00000000	      0.00000000	      0.00000000
      3.91500000	      0.00134675	      0.00537463	     -0.00195215	      0.00778164	     -0.00414456	     -0.01245629	     -0.00588083	     -0.00000000	      0.00000000	      0.00000000	      0.00000000	      0.00000000	      0.00000000	      0.00000000	      0.00661798	     -0.00031771	     -0.01224937	      0.05044563	      0.02067523	     -0.00572441	      0.04478587	      0.03351316	      0.01575901	     -0.00466595	      0.00995491	      0.00000000	      0.00000000	     -0.01708589	     -0.00146409	     -0.00096350	     -0.00819501	      0.00234382	      0.00240325	      0.00000000	      0.02183793	      0.00000000	      0.00000000	     -0.00000000	     -0.00000000	      0.00000000	      0.00000000	      0.00000000	      0.00000000	      0.00000000	      0.00000000	      0.00000000	      0.00000000	      0.00000000	      0.00000000	      0.00000000	      0.00000000	      0.00000000	      0.00000000	      0.00000000	      0.00000000	      0.00000000	      0.00000000	      0.00000000	      0.00000000	      0.00000000	      0.00000000	      0.00000000	      0.00000000	      0.00000000	      0.00000000	      0.00000000	      0.00000000	      0.00000000	      0.00000000	      0.00000000	      0.00000000	      0.00000000	      0.00000000	      0.00000000	      0.00000000	      0.00000000	      0.00000000	      0.00000000	      0.00000000	      0.00000000
      3.92000000	      0.00131564	      0.00536825	     -0.00196449	      0.00779187	     -0.00417130	     -0.01249863	     -0.00587001	     -0.00000000	     -0.00000000	      0.00000000	     -0.00000000	      0.00000000	     -0.00000000	     -0.00000000	      0.00675993	     -0.00018534	     -0.01219220	      0.05051053	      0.02076802	     -0.00560425	      0.04486406	      0.03362158	      0.01586798	     -0.00463705	      0.00994574	     -0.00000000	     -0.00000000	     -0.01701631	     -0.00148773	     -0.00095604	     -0.00821139	      0.00235734	      0.00242629	     -0.00000000	      0.02197079	      0.00000000	      0.00000000	     -0.00000000	      0.00000000	     -0.00000000	      0.00000000	      0.00000000	      0.00000000	      0.00000000	      0.00000000	      0.00000000	      0.00000000	      0.00000000	      0.00000000	      0.00000000	      0.00000000	      0.00000000	      0.00000000	      0.00000000	      0.00000000	      0.00000000	      0.00000000	      0.00000000	      0.00000000	      0.00000000	      0.00000000	      0.00000000	      0.00000000	      0.00000000	      0.00000000	      0.00000000	      0.00000000	      0.00000000	      0.00000000	      0.00000000	      0.00000000	      0.00000000	      0.00000000	      0.00000000	      0.00000000	      0.00000000	      0.00000000	      0.00000000	      0.00000000	      0.00000000
      3.92500000	      0.00128553	      0.00536203	     -0.00197645	      0.00780173	     -0.00419715	     -0.01253960	     -0.00585951	      0.00000000	      0.00000000	      0.00000000	      0.00000000	      0.00000000	      0.00000000	      0.00000000	      0.00689540	     -0.00005838	     -0.01213715	      0.05057064	      0.02085476	     -0.00549082	      0.04493705	      0.03372372	      0.01597090	     -0.00460892	      0.00993675	      0.00000000	     -0.00000000	     -0.01695100	     -0.00151062	     -0.00094878	     -0.00822704	      0.00237045	      0.00244866	      0.00000000	      0.02209843	      0.00000000	      0.00000000	      0.00000000	      0.00000000	     -0.00000000	      0.00000000	      0.00000000	      0.00000000	      0.00000000	      0.00000000	      0.00000000	      0.00000000	      0.00000000	      0.00000000	      0.00000000	      0.00000000	      0.00000000	      0.00000000	      0.00000000	      0.00000000	      0.00000000	      0.00000000	      0.00000000	      0.00000000	      0.00000000	      0.00000000	      0.00000000	      0.00000000	      0.00000000	      0.00000000	      0.00000000	      0.00000000	      0.00000000	      0.00000000	      0.00000000	      0.00000000	      0.00000000	      0.00000000	      0.00000000	      0.00000000	      0.00000000	      0.00000000	      0.00000000	      0.00000000	      0.00000000
      3.93000000	      0.00125646	      0.00535600	     -0.00198799	      0.00781129	     -0.00422207	     -0.01257916	     -0.00584936	      0.00000000	     -0.00000000	      0.00000000	     -0.00000000	     -0.00000000	     -0.00000000	     -0.00000000	      0.00702416	      0.00006301	     -0.01208431	      0.05062592	      0.02093533	     -0.00538436	      0.04500477	      0.03381946	      0.01606761	     -0.00458163	      0.00992795	      0.00000000	      0.00000000	     -0.01689011	     -0.00153273	     -0.00094172	     -0.00824195	      0.00238316	      0.00247035	     -0.00000000	      0.02222064	      0.00000000	      0.00000000	      0.00000000	     -0.00000000	     -0.00000000	      0.00000000	      0.00000000	      0.00000000	      0.00000000	      0.00000000	      0.00000000	      0.00000000	      0.00000000	      0.00000000	      0.00000000	      0.00000000	      0.00000000	      0.00000000	      0.00000000	      0.00000000	      0.00000000	      0.00000000	      0.00000000	      0.00000000	      0.00000000	      0.00000000	      0.00000000	      0.00000000	      0.00000000	      0.00000000	      0.00000000	      0.00000000	      0.00000000	      0.00000000	      0.00000000	      0.00000000	      0.00000000	      0.00000000	      0.00000000	      0.00000000	      0.00000000	      0.00000000	      0.00000000	      0.00000000	      0.00000000
      3.93500000	      0.00122847	      0.00535016	     -0.00199912	      0.00782045	     -0.00424605	     -0.01261726	     -0.00583955	      0.00000000	     -0.00000000	     -0.00000000	     -0.00000000	      0.00000000	      0.00000000	     -0.00000000	      0.00714611	      0.00017870	     -0.01203374	      0.05067639	      0.02100967	     -0.00528498	      0.04506723	      0.03390875	      0.01615800	     -0.00455521	      0.00991935	     -0.00000000	     -0.00000000	     -0.01683371	     -0.00155403	     -0.00093488	     -0.00825609	      0.00239543	      0.00249134	      0.00000000	      0.02233727	     -0.00000000	     -0.00000000	      0.00000000	     -0.00000000	     -0.00000000	      0.00000000	      0.00000000	      0.00000000	      0.00000000	      0.00000000	      0.00000000	      0.00000000	      0.00000000	      0.00000000	      0.00000000	      0.00000000	      0.00000000	      0.00000000	      0.00000000	      0.00000000	      0.00000000	      0.00000000	      0.00000000	      0.00000000	      0.00000000	      0.00000000	      0.00000000	      0.00000000	      0.00000000	      0.00000000	      0.00000000	      0.00000000	      0.00000000	      0.00000000	      0.00000000	      0.00000000	      0.00000000	      0.00000000	      0.00000000	      0.00000000	      0.00000000	      0.00000000	      0.00000000	      0.00000000	      0.00000000
      3.94000000	      0.00120158	      0.00534452	     -0.00200981	      0.00782930	     -0.00426905	     -0.01265387	     -0.00583013	      0.00000000	     -0.00000000	      0.00000000	     -0.00000000	     -0.00000000	     -0.00000000	     -0.00000000	      0.00726116	      0.00028864	     -0.01198548	      0.05072214	      0.02107779	     -0.00519273	      0.04512450	      0.03399160	      0.01624205	     -0.00452971	      0.00991098	     -0.00000000	     -0.00000000	     -0.01678186	     -0.00157450	     -0.00092825	     -0.00826947	      0.00240727	      0.00251159	     -0.00000000	      0.02244816	     -0.00000000	     -0.00000000	     -0.00000000	     -0.00000000	     -0.00000000	      0.00000000	      0.00000000	      0.00000000	      0.00000000	      0.00000000	      0.00000000	      0.00000000	      0.00000000	      0.00000000	      0.00000000	      0.00000000	      0.00000000	      0.00000000	      0.00000000	      0.00000000	      0.00000000	      0.00000000	      0.00000000	      0.00000000	      0.00000000	      0.00000000	      0.00000000	      0.00000000	      0.00000000	      0.00000000	      0.00000000	      0.00000000	      0.00000000	      0.00000000	      0.00000000	      0.00000000	      0.00000000	      0.00000000	      0.00000000	      0.00000000	      0.00000000	      0.00000000	      0.00000000	      0.00000000	      0.00000000
      3.94500000	      0.00117583	      0.00533909	     -0.00202005	      0.00783773	     -0.00429104	     -0.01268894	     -0.00582108	     -0.00000000	     -0.00000000	     -0.00000000	     -0.00000000	     -0.00000000	     -0.00000000	     -0.00000000	      0.00736932	      0.00039278	     -0.01193958	      0.05076329	      0.02113980	     -0.00510761	      0.04517668	      0.03406807	      0.01631976	     -0.00450515	      0.00990285	     -0.00000000	     -0.00000000	     -0.01673456	     -0.00159410	     -0.00092187	     -0.00828207	      0.00241865	      0.00253108	     -0.00000000	      0.02255316	     -0.00000000	     -0.00000000	     -0.00000000	      0.00000000	      0.00000000	      0.00000000	      0.00000000	      0.00000000	      0.00000000	      0.00000000	      0.00000000	      0.00000000	      0.00000000	      0.00000000	      0.00000000	      0.00000000	      0.00000000	      0.00000000	      0.00000000	      0.00000000	      0.00000000	      0.00000000	      0.00000000	      0.00000000	      0.00000000	      0.00000000	      0.00000000	      0.00000000	      0.00000000	      0.00000000	      0.00000000	      0.00000000	      0.00000000	      0.00000000	      0.00000000	      0.00000000	      0.00000000	      0.00000000	      0.00000000	      0.00000000	      0.00000000	      0.00000000	      0.00000000	      0.00000000	      0.00000000
      3.95000000	      0.00115125	      0.00533388	     -0.00202983	      0.00784585	     -0.00431199	     -0.01272241	     -0.00581244	     -0.00000000	      0.00000000	      0.00000000	     -0.00000000	      0.00000000	      0.00000000	      0.00000000	      0.00747061	      0.00049112	     -0.01189609	      0.05080004	      0.02119585	     -0.00502952	      0.04522394	      0.03413829	      0.01639121	     -0.00448160	      0.00989498	      0.00000000	      0.00000000	     -0.01669177	     -0.00161281	     -0.00091573	     -0.00829388	      0.00242956	      0.00254979	      0.00000000	      0.02265216	      0.00000000	      0.00000000	      0.00000000	     -0.00000000	      0.00000000	      0.00000000	      0.00000000	      0.00000000	      0.00000000	      0.00000000	      0.00000000	      0.00000000	      0.00000000	      0.00000000	      0.00000000	      0.00000000	      0.00000000	      0.00000000	      0.00000000	      0.00000000	      0.00000000	      0.00000000	      0.00000000	      0.00000000	      0.00000000	      0.00000000	      0.00000000	      0.00000000	      0.00000000	      0.00000000	      0.00000000	      0.00000000	      0.00000000	      0.00000000	      0.00000000	      0.00000000	      0.00000000	      0.00000000	      0.00000000	      0.00000000	      0.00000000	      0.00000000	      0.00000000	      0.00000000	      0.00000000
      3.95500000	      0.00112787	      0.00532890	     -0.00203912	      0.00785358	     -0.00433187	     -0.01275423	     -0.00580422	     -0.00000000	      0.00000000	      0.00000000	      0.00000000	      0.00000000	      0.00000000	     -0.00000000	      0.00756511	      0.00058366	     -0.01185504	      0.05083261	      0.02124616	     -0.00495832	      0.04526648	      0.03420243	      0.01645651	     -0.00445907	      0.00988741	      0.00000000	      0.00000000	     -0.01665339	     -0.00163061	     -0.00090986	     -0.00830491	      0.00243998	      0.00256768	      0.00000000	      0.02274503	      0.00000000	      0.00000000	     -0.00000000	     -0.00000000	     -0.00000000	      0.00000000	      0.00000000	      0.00000000	      0.00000000	      0.00000000	      0.00000000	      0.00000000	      0.00000000	      0.00000000	      0.00000000	      0.00000000	      0.00000000	      0.00000000	      0.00000000	      0.00000000	      0.00000000	      0.00000000	      0.00000000	      0.00000000	      0.00000000	      0.00000000	      0.00000000	      0.00000000	      0.00000000	      0.00000000	      0.00000000	      0.00000000	      0.00000000	      0.00000000	      0.00000000	      0.00000000	      0.00000000	      0.00000000	      0.00000000	      0.00000000	      0.00000000	      0.00000000	      0.00000000	      0.00000000	      0.00000000
      3.96000000	      0.00110574	      0.00532416	     -0.00204790	      0.00786100	     -0.00435136	     -0.01278434	     -0.00579643	      0.00000000	     -0.00000000	     -0.00000000	      0.00000000	     -0.00000000	     -0.00000000	     -0.00000000	      0.00765293	      0.00067045	     -0.01181647	      0.05086129	      0.02129102	     -0.00489378	      0.04530455	      0.03426072	      0.01651584	     -0.00443761	      0.00988013	     -0.00000000	     -0.00000000	     -0.01661929	     -0.00164745	     -0.00090428	     -0.00831514	      0.00244991	      0.00258474	     -0.00000000	      0.02283169	     -0.00000000	     -0.00000000	      0.00000000	      0.00000000	     -0.00000000	      0.00000000	      0.00000000	      0.00000000	      0.00000000	      0.00000000	      0.00000000	      0.00000000	      0.00000000	      0.00000000	      0.00000000	      0.00000000	      0.00000000	      0.00000000	      0.00000000	      0.00000000	      0.00000000	      0.00000000	      0.00000000	      0.00000000	      0.00000000	      0.00000000	      0.00000000	      0.00000000	      0.00000000	      0.00000000	      0.00000000	      0.00000000	      0.00000000	      0.00000000	      0.00000000	      0.00000000	      0.00000000	      0.00000000	      0.00000000	      0.00000000	      0.00000000	      0.00000000	      0.00000000	      0.00000000	      0.00000000
      3.96500000	      0.00108488	      0.00531966	     -0.00205617	      0.00786776	     -0.00437143	     -0.01281267	     -0.00578907	     -0.00000000	      0.00000000	     -0.00000000	      0.00000000	      0.00000000	     -0.00000000	     -0.00000000	      0.00773421	      0.00075153	     -0.01178039	      0.05088636	      0.02133076	     -0.00483563	      0.04533842	      0.03431339	      0.01656942	     -0.00441725	      0.00987319	     -0.00000000	     -0.00000000	     -0.01658929	     -0.00166332	     -0.00089899	     -0.00832459	      0.00245932	      0.00260093	     -0.00000000	      0.02291207	      0.00000000	     -0.00000000	     -0.00000000	     -0.00000000	     -0.00000000	      0.00000000	      0.00000000	      0.00000000	      0.00000000	      0.00000000	      0.00000000	      0.00000000	      0.00000000	      0.00000000	      0.00000000	      0.00000000	      0.00000000	      0.00000000	      0.00000000	      0.00000000	      0.00000000	      0.00000000	      0.00000000	      0.00000000	      0.00000000	      0.00000000	      0.00000000	      0.00000000	      0.00000000	      0.00000000	      0.00000000	      0.00000000	      0.00000000	      0.00000000	      0.00000000	      0.00000000	      0.00000000	      0.00000000	      0.00000000	      0.00000000	      0.00000000	      0.00000000	      0.00000000	      0.00000000	      0.00000000
      3.97000000	      0.00106534	      0.00531541	     -0.00206389	      0.00787422	     -0.00439014	     -0.01283916	     -0.00578217	      0.00000000	      0.00000000	      0.00000000	     -0.00000000	     -0.00000000	      0.00000000	      0.00000000	      0.00780911	      0.00082696	     -0.01174684	      0.05090817	      0.02136573	     -0.00478356	      0.04536838	      0.03436076	      0.01661750	     -0.00439802	      0.00986661	      0.00000000	      0.00000000	     -0.01656316	     -0.00167817	     -0.00089402	     -0.00833327	      0.00246820	      0.00261623	      0.00000000	      0.02298614	      0.00000000	      0.00000000	     -0.00000000	     -0.00000000	      0.00000000	      0.00000000	      0.00000000	      0.00000000	      0.00000000	      0.00000000	      0.00000000	      0.00000000	      0.00000000	      0.00000000	      0.00000000	      0.00000000	      0.00000000	      0.00000000	      0.00000000	      0.00000000	      0.00000000	      0.00000000	      0.00000000	      0.00000000	      0.00000000	      0.00000000	      0.00000000	      0.00000000	      0.00000000	      0.00000000	      0.00000000	      0.00000000	      0.00000000	      0.00000000	      0.00000000	      0.00000000	      0.00000000	      0.00000000	      0.00000000	      0.00000000	      0.00000000	      0.00000000	      0.00000000	      0.00000000	      0.00000000
      3.97500000	      0.00104714	      0.00531142	     -0.00207105	      0.00788034	     -0.00440747	     -0.01286376	     -0.00577572	     -0.00000000	     -0.00000000	     -0.00000000	      0.00000000	     -0.00000000	     -0.00000000	     -0.00000000	      0.00787780	      0.00089679	     -0.01171583	      0.05092705	      0.02139634	     -0.00473721	      0.04539476	      0.03440311	      0.01666036	     -0.00437995	      0.00986040	     -0.00000000	     -0.00000000	     -0.01654065	     -0.00169199	     -0.00088938	     -0.00834117	      0.00247653	      0.00263060	     -0.00000000	      0.02305389	     -0.00000000	     -0.00000000	      0.00000000	      0.00000000	      0.00000000	      0.00000000	      0.00000000	      0.00000000	      0.00000000	      0.00000000	      0.00000000	      0.00000000	      0.00000000	      0.00000000	      0.00000000	      0.00000000	      0.00000000	      0.00000000	      0.00000000	      0.00000000	      0.00000000	      0.00000000	      0.00000000	      0.00000000	      0.00000000	      0.00000000	      0.00000000	      0.00000000	      0.00000000	      0.00000000	      0.00000000	      0.00000000	      0.00000000	      0.00000000	      0.00000000	      0.00000000	      0.00000000	      0.00000000	      0.00000000	      0.00000000	      0.00000000	      0.00000000	      0.00000000	      0.00000000	      0.00000000
      3.98000000	      0.00103032	      0.00530771	     -0.00207763	      0.00788590	     -0.00442338	     -0.01288640	     -0.00576975	     -0.00000000	     -0.00000000	      0.00000000	      0.00000000	      0.00000000	     -0.00000000	     -0.00000000	      0.00794046	      0.00096106	     -0.01168737	      0.05094334	      0.02142300	     -0.00469619	      0.04541788	      0.03444080	      0.01669834	     -0.00436305	      0.00985460	      0.00000000	      0.00000000	     -0.01652146	     -0.00170474	     -0.00088508	     -0.00834831	      0.00248429	      0.00264403	     -0.00000000	      0.02311533	     -0.00000000	      0.00000000	     -0.00000000	     -0.00000000	     -0.00000000	      0.00000000	      0.00000000	      0.00000000	      0.00000000	      0.00000000	      0.00000000	      0.00000000	      0.00000000	      0.00000000	      0.00000000	      0.00000000	      0.00000000	      0.00000000	      0.00000000	      0.00000000	      0.00000000	      0.00000000	      0.00000000	      0.00000000	      0.00000000	      0.00000000	      0.00000000	      0.00000000	      0.00000000	      0.00000000	      0.00000000	      0.00000000	      0.00000000	      0.00000000	      0.00000000	      0.00000000	      0.00000000	      0.00000000	      0.00000000	      0.00000000	      0.00000000	      0.00000000	      0.00000000	      0.00000000	      0.00000000
      3.98500000	      0.00101493	      0.00530426	     -0.00208362	      0.00789098	     -0.00443784	     -0.01290702	     -0.00576426	     -0.00000000	     -0.00000000	     -0.00000000	     -0.00000000	     -0.00000000	     -0.00000000	     -0.00000000	      0.00799728	      0.00101982	     -0.01166149	      0.05095741	      0.02144616	     -0.00466008	      0.04543808	      0.03447417	      0.01673177	     -0.00434735	      0.00984923	      0.00000000	     -0.00000000	     -0.01650526	     -0.00171640	     -0.00088116	     -0.00835470	      0.00249148	      0.00265648	     -0.00000000	      0.02317052	     -0.00000000	     -0.00000000	     -0.00000000	     -0.00000000	     -0.00000000	      0.00000000	      0.00000000	      0.00000000	      0.00000000	      0.00000000	      0.00000000	      0.00000000	      0.00000000	      0.00000000	      0.00000000	      0.00000000	      0.00000000	      0.00000000	      0.00000000	      0.00000000	      0.00000000	      0.00000000	      0.00000000	      0.00000000	      0.00000000	      0.00000000	      0.00000000	      0.00000000	      0.00000000	      0.00000000	      0.00000000	      0.00000000	      0.00000000	      0.00000000	      0.00000000	      0.00000000	      0.00000000	      0.00000000	      0.00000000	      0.00000000	      0.00000000	      0.00000000	      0.00000000	      0.00000000	      0.00000000
      3.99000000	      0.00100101	      0.00530111	     -0.00208900	      0.00789549	     -0.00445082	     -0.01292557	     -0.00575925	      0.00000000	     -0.00000000	     -0.00000000	      0.00000000	      0.00000000	     -0.00000000	     -0.00000000	      0.00804842	      0.00107310	     -0.01163819	      0.05096962	      0.02146627	     -0.00462845	      0.04545571	      0.03450356	      0.01676102	     -0.00433284	      0.00984432	     -0.00000000	     -0.00000000	     -0.01649171	     -0.00172693	     -0.00087761	     -0.00836037	      0.00249807	      0.00266794	     -0.00000000	      0.02321951	     -0.00000000	     -0.00000000	      0.00000000	     -0.00000000	      0.00000000	      0.00000000	      0.00000000	      0.00000000	      0.00000000	      0.00000000	      0.00000000	      0.00000000	      0.00000000	      0.00000000	      0.00000000	      0.00000000	      0.00000000	      0.00000000	      0.00000000	      0.00000000	      0.00000000	      0.00000000	      0.00000000	      0.00000000	      0.00000000	      0.00000000	      0.00000000	      0.00000000	      0.00000000	      0.00000000	      0.00000000	      0.00000000	      0.00000000	      0.00000000	      0.00000000	      0.00000000	      0.00000000	      0.00000000	      0.00000000	      0.00000000	      0.00000000	      0.00000000	      0.00000000	      0.00000000	      0.00000000
      3.99500000	      0.00098858	      0.00529826	     -0.00209376	      0.00789955	     -0.00446228	     -0.01294198	     -0.00575474	      0.00000000	      0.00000000	     -0.00000000	     -0.00000000	     -0.00000000	     -0.00000000	     -0.00000000	      0.00809406	      0.00112090	     -0.01161748	      0.05098033	      0.02148379	     -0.00460084	      0.04547111	      0.03452935	      0.01678645	     -0.00431954	      0.00983990	     -0.00000000	     -0.00000000	     -0.01648042	     -0.00173631	     -0.00087446	     -0.00836533	      0.00250403	      0.00267836	     -0.00000000	      0.02326238	     -0.00000000	      0.00000000	     -0.00000000	      0.00000000	      0.00000000	      0.00000000	      0.00000000	      0.00000000	      0.00000000	      0.00000000	      0.00000000	      0.00000000	      0.00000000	      0.00000000	      0.00000000	      0.00000000	      0.00000000	      0.00000000	      0.00000000	      0.00000000	      0.00000000	      0.00000000	      0.00000000	      0.00000000	      0.00000000	      0.00000000	      0.00000000	      0.00000000	      0.00000000	      0.00000000	      0.00000000	      0.00000000	      0.00000000	      0.00000000	      0.00000000	      0.00000000	      0.00000000	      0.00000000	      0.00000000	      0.00000000	      0.00000000	      0.00000000	      0.00000000	      0.00000000	      0.00000000
      4.00000000	      0.00097770	      0.00529571	     -0.00209788	      0.00790307	     -0.00447221	     -0.01295622	     -0.00575072	     -0.00000000	      0.00000000	     -0.00000000	     -0.00000000	     -0.00000000	      0.00000000	      0.00000000	      0.00813435	      0.00116321	     -0.01159939	      0.05098987	      0.02149916	     -0.00457681	      0.04548461	      0.03455188	      0.01680846	     -0.00430746	      0.00983600	      0.00000000	      0.00000000	     -0.01647100	     -0.00174450	     -0.00087172	     -0.00836959	      0.00250937	      0.00268772	      0.00000000	      0.02329924	      0.00000000	      0.00000000	     -0.00000000	     -0.00000000	     -0.00000000	      0.00000000	      0.00000000	      0.00000000	      0.00000000	      0.00000000	      0.00000000	      0.00000000	      0.00000000	      0.00000000	      0.00000000	      0.00000000	      0.00000000	      0.00000000	      0.00000000	      0.00000000	      0.00000000	      0.00000000	      0.00000000	      0.00000000	      0.00000000	      0.00000000	      0.00000000	      0.00000000	      0.00000000	      0.00000000	      0.00000000	      0.00000000	      0.00000000	      0.00000000	      0.00000000	      0.00000000	      0.00000000	      0.00000000	      0.00000000	      0.00000000	      0.00000000	      0.00000000	      0.00000000	      0.00000000	      0.00000000
      4.00500000	      0.00096842	      0.00529350	     -0.00210134	      0.00790598	     -0.00448056	     -0.01296821	     -0.00574722	     -0.00000000	     -0.00000000	     -0.00000000	     -0.00000000	     -0.00000000	     -0.00000000	     -0.00000000	      0.00816944	      0.00120001	     -0.01158393	      0.05099859	      0.02151285	     -0.00455590	      0.04549655	      0.03457149	      0.01682740	     -0.00429660	      0.00983264	     -0.00000000	     -0.00000000	     -0.01646308	     -0.00175147	     -0.00086941	     -0.00837318	      0.00251405	      0.00269600	     -0.00000000	      0.02333019	     -0.00000000	      0.00000000	      0.00000000	      0.00000000	     -0.00000000	      0.00000000	      0.00000000	      0.00000000	      0.00000000	      0.00000000	      0.00000000	      0.00000000	      0.00000000	      0.00000000	      0.00000000	      0.00000000	      0.00000000	      0.00000000	      0.00000000	      0.00000000	      0.00000000	      0.00000000	      0.00000000	      0.00000000	      0.00000000	      0.00000000	      0.00000000	      0.00000000	      0.00000000	      0.00000000	      0.00000000	      0.00000000	      0.00000000	      0.00000000	      0.00000000	      0.00000000	      0.00000000	      0.00000000	      0.00000000	      0.00000000	      0.00000000	      0.00000000	      0.00000000	      0.00000000	      0.00000000
      4.01000000	      0.00096076	      0.00529162	     -0.00210566	      0.00790838	     -0.00448733	     -0.01297791	     -0.00574422	      0.00000000	      0.00000000	      0.00000000	      0.00000000	      0.00000000	      0.00000000	      0.00000000	      0.00819944	      0.00123126	     -0.01157112	      0.05100679	      0.02152524	     -0.00453770	      0.04550722	      0.03458851	      0.01684364	     -0.00428696	      0.00982987	      0.00000000	      0.00000000	     -0.01645627	     -0.00175719	     -0.00086755	     -0.00837612	      0.00251806	      0.00270317	      0.00000000	      0.02335531	      0.00000000	      0.00000000	     -0.00000000	     -0.00000000	      0.00000000	      0.00000000	      0.00000000	      0.00000000	      0.00000000	      0.00000000	      0.00000000	      0.00000000	      0.00000000	      0.00000000	      0.00000000	      0.00000000	      0.00000000	      0.00000000	      0.00000000	      0.00000000	      0.00000000	      0.00000000	      0.00000000	      0.00000000	      0.00000000	      0.00000000	      0.00000000	      0.00000000	      0.00000000	      0.00000000	      0.00000000	      0.00000000	      0.00000000	      0.00000000	      0.00000000	      0.00000000	      0.00000000	      0.00000000	      0.00000000	      0.00000000	      0.00000000	      0.00000000	      0.00000000	      0.00000000	      0.00000000
      4.01500000	      0.00095478	      0.00529009	     -0.00210779	      0.00791019	     -0.00449247	     -0.01298526	     -0.00574174	      0.00000000	      0.00000000	      0.00000000	      0.00000000	      0.00000000	     -0.00000000	      0.00000000	      0.00822445	      0.00125688	     -0.01156097	      0.05101474	      0.02153673	     -0.00452182	      0.04551689	      0.03460322	      0.01685750	     -0.00427853	      0.00982770	      0.00000000	      0.00000000	     -0.01645022	     -0.00176164	     -0.00086614	     -0.00837843	      0.00252138	      0.00270921	      0.00000000	      0.02337473	      0.00000000	     -0.00000000	      0.00000000	     -0.00000000	     -0.00000000	      0.00000000	      0.00000000	      0.00000000	      0.00000000	      0.00000000	      0.00000000	      0.00000000	      0.00000000	      0.00000000	      0.00000000	      0.00000000	      0.00000000	      0.00000000	      0.00000000	      0.00000000	      0.00000000	      0.00000000	      0.00000000	      0.00000000	      0.00000000	      0.00000000	      0.00000000	      0.00000000	      0.00000000	      0.00000000	      0.00000000	      0.00000000	      0.00000000	      0.00000000	      0.00000000	      0.00000000	      0.00000000	      0.00000000	      0.00000000	      0.00000000	      0.00000000	      0.00000000	      0.00000000	      0.00000000	      0.00000000
      4.02000000	      0.00095052	      0.00528893	     -0.00210922	      0.00791140	     -0.00449598	     -0.01299024	     -0.00573979	     -0.00000000	      0.00000000	     -0.00000000	      0.00000000	     -0.00000000	      0.00000000	      0.00000000	      0.00824453	      0.00127682	     -0.01155352	      0.05102267	      0.02154764	     -0.00450793	      0.04552580	      0.03461586	      0.01686926	     -0.00427132	      0.00982617	      0.00000000	      0.00000000	     -0.01644459	     -0.00176477	     -0.00086520	     -0.00838011	      0.00252400	      0.00271409	      0.00000000	      0.02338853	      0.00000000	      0.00000000	      0.00000000	      0.00000000	     -0.00000000	      0.00000000	      0.00000000	      0.00000000	      0.00000000	      0.00000000	      0.00000000	      0.00000000	      0.00000000	      0.00000000	      0.00000000	      0.00000000	      0.00000000	      0.00000000	      0.00000000	      0.00000000	      0.00000000	      0.00000000	      0.00000000	      0.00000000	      0.00000000	      0.00000000	      0.00000000	      0.00000000	      0.00000000	      0.00000000	      0.00000000	      0.00000000	      0.00000000	      0.00000000	      0.00000000	      0.00000000	      0.00000000	      0.00000000	      0.00000000	      0.00000000	      0.00000000	      0.00000000	      0.00000000	      0.00000000	      0.00000000
      4.02500000	      0.00094800	      0.00528815	     -0.00210995	      0.00791200	     -0.00449783	     -0.01299279	     -0.00573836	      0.00000000	     -0.00000000	     -0.00000000	     -0.00000000	     -0.00000000	     -0.00000000	     -0.00000000	      0.00825972	      0.00129096	     -0.01154878	      0.05103077	      0.02155822	     -0.00449574	      0.04553413	      0.03462664	      0.01687918	     -0.00426531	      0.00982529	     -0.00000000	     -0.00000000	     -0.01643910	     -0.00176658	     -0.00086474	     -0.00838119	      0.00252590	      0.00271779	      0.00000000	      0.02339682	     -0.00000000	      0.00000000	      0.00000000	     -0.00000000	      0.00000000	      0.00000000	      0.00000000	      0.00000000	      0.00000000	      0.00000000	      0.00000000	      0.00000000	      0.00000000	      0.00000000	      0.00000000	      0.00000000	      0.00000000	      0.00000000	      0.00000000	      0.00000000	      0.00000000	      0.00000000	      0.00000000	      0.00000000	      0.00000000	      0.00000000	      0.00000000	      0.00000000	      0.00000000	      0.00000000	      0.00000000	      0.00000000	      0.00000000	      0.00000000	      0.00000000	      0.00000000	      0.00000000	      0.00000000	      0.00000000	      0.00000000	      0.00000000	      0.00000000	      0.00000000	      0.00000000	      0.00000000
      4.03000000	      0.00094727	      0.00528776	     -0.00210998	      0.00791197	     -0.00449801	     -0.01299291	     -0.00573746	     -0.00000000	     -0.00000000	     -0.00000000	     -0.00000000	      0.00000000	     -0.00000000	     -0.00000000	      0.00827002	      0.00129921	     -0.01154677	      0.05103917	      0.02156870	     -0.00448502	      0.04554202	      0.03463570	      0.01688746	     -0.00426051	      0.00982509	     -0.00000000	     -0.00000000	     -0.01643349	     -0.00176704	     -0.00086476	     -0.00838168	      0.00252707	      0.00272030	     -0.00000000	      0.02339968	     -0.00000000	     -0.00000000	     -0.00000000	      0.00000000	      0.00000000	      0.00000000	      0.00000000	      0.00000000	      0.00000000	      0.00000000	      0.00000000	      0.00000000	      0.00000000	      0.00000000	      0.00000000	      0.00000000	      0.00000000	      0.00000000	      0.00000000	      0.00000000	      0.00000000	      0.00000000	      0.00000000	      0.00000000	      0.00000000	      0.00000000	      0.00000000	      0.00000000	      0.00000000	      0.00000000	      0.00000000	      0.00000000	      0.00000000	      0.00000000	      0.00000000	      0.00000000	      0.00000000	      0.00000000	      0.00000000	      0.00000000	      0.00000000	      0.00000000	      0.00000000	      0.00000000	      0.00000000
      4.03500000	      0.00094835	      0.00528778	     -0.00210929	      0.00791131	     -0.00449651	     -0.01299056	     -0.00573708	      0.00000000	     -0.00000000	     -0.00000000	     -0.00000000	     -0.00000000	     -0.00000000	     -0.00000000	      0.00827541	      0.00130146	     -0.01154751	      0.05104796	      0.02157921	     -0.00447561	      0.04554958	      0.03464315	      0.01689423	     -0.00425689	      0.00982559	      0.00000000	     -0.00000000	     -0.01642758	     -0.00176612	     -0.00086528	     -0.00838159	      0.00252751	      0.00272161	     -0.00000000	      0.02339720	     -0.00000000	     -0.00000000	     -0.00000000	      0.00000000	     -0.00000000	      0.00000000	      0.00000000	      0.00000000	      0.00000000	      0.00000000	      0.00000000	      0.00000000	      0.00000000	      0.00000000	      0.00000000	      0.00000000	      0.00000000	      0.00000000	      0.00000000	      0.00000000	      0.00000000	      0.00000000	      0.00000000	      0.00000000	      0.00000000	      0.00000000	      0.00000000	      0.00000000	      0.00000000	      0.00000000	      0.00000000	      0.00000000	      0.00000000	      0.00000000	      0.00000000	      0.00000000	      0.00000000	      0.00000000	      0.00000000	      0.00000000	      0.00000000	      0.00000000	      0.00000000	      0.00000000	      0.00000000
      4.04000000	      0.00095127	      0.00528820	     -0.00210789	      0.00791001	     -0.00449334	     -0.01298573	     -0.00573724	      0.00000000	      0.00000000	     -0.00000000	      0.00000000	      0.00000000	      0.00000000	     -0.00000000	      0.00827583	      0.00129757	     -0.01155101	      0.05105717	      0.02158984	     -0.00446741	      0.04555685	      0.03464904	      0.01689960	     -0.00425445	      0.00982679	     -0.00000000	     -0.00000000	     -0.01642120	     -0.00176382	     -0.00086629	     -0.00838093	      0.00252719	      0.00272171	     -0.00000000	      0.02338943	      0.00000000	     -0.00000000	      0.00000000	      0.00000000	      0.00000000	      0.00000000	      0.00000000	      0.00000000	      0.00000000	      0.00000000	      0.00000000	      0.00000000	      0.00000000	      0.00000000	      0.00000000	      0.00000000	      0.00000000	      0.00000000	      0.00000000	      0.00000000	      0.00000000	      0.00000000	      0.00000000	      0.00000000	      0.00000000	      0.00000000	      0.00000000	      0.00000000	      0.00000000	      0.00000000	      0.00000000	      0.00000000	      0.00000000	      0.00000000	      0.00000000	      0.00000000	      0.00000000	      0.00000000	      0.00000000	      0.00000000	      0.00000000	      0.00000000	      0.00000000	      0.00000000	      0.00000000
      4.04500000	      0.00095603	      0.00528905	     -0.00210577	      0.00790807	     -0.00448848	     -0.01297843	     -0.00573793	     -0.00000000	     -0.00000000	      0.00000000	     -0.00000000	      0.00000000	     -0.00000000	     -0.00000000	      0.00827121	      0.00128742	     -0.01155730	      0.05106679	      0.02160061	     -0.00446036	      0.04556383	      0.03465339	      0.01690363	     -0.00425319	      0.00982871	     -0.00000000	     -0.00000000	     -0.01641424	     -0.00176012	     -0.00086781	     -0.00837970	      0.00252613	      0.00272058	     -0.00000000	      0.02337644	     -0.00000000	     -0.00000000	     -0.00000000	      0.00000000	      0.00000000	      0.00000000	      0.00000000	      0.00000000	      0.00000000	      0.00000000	      0.00000000	      0.00000000	      0.00000000	      0.00000000	      0.00000000	      0.00000000	      0.00000000	      0.00000000	      0.00000000	      0.00000000	      0.00000000	      0.00000000	      0.00000000	      0.00000000	      0.00000000	      0.00000000	      0.00000000	      0.00000000	      0.00000000	      0.00000000	      0.00000000	      0.00000000	      0.00000000	      0.00000000	      0.00000000	      0.00000000	      0.00000000	      0.00000000	      0.00000000	      0.00000000	      0.00000000	      0.00000000	      0.00000000	      0.00000000	      0.00000000
      4.05000000	      0.00096266	      0.00529032	     -0.00210143	      0.00790548	     -0.00448194	     -0.01296865	     -0.00573914	      0.00000000	      0.00000000	      0.00000000	      0.00000000	      0.00000000	      0.00000000	      0.00000000	      0.00826146	      0.00127089	     -0.01156638	      0.05107676	      0.02161148	     -0.00445447	      0.04557049	      0.03465613	      0.01690631	     -0.00425309	      0.00983136	      0.00000000	      0.00000000	     -0.01640666	     -0.00175502	     -0.00086982	     -0.00837791	      0.00252431	      0.00271824	      0.00000000	      0.02335828	     -0.00000000	      0.00000000	      0.00000000	      0.00000000	      0.00000000	      0.00000000	      0.00000000	      0.00000000	      0.00000000	      0.00000000	      0.00000000	      0.00000000	      0.00000000	      0.00000000	      0.00000000	      0.00000000	      0.00000000	      0.00000000	      0.00000000	      0.00000000	      0.00000000	      0.00000000	      0.00000000	      0.00000000	      0.00000000	      0.00000000	      0.00000000	      0.00000000	      0.00000000	      0.00000000	      0.00000000	      0.00000000	      0.00000000	      0.00000000	      0.00000000	      0.00000000	      0.00000000	      0.00000000	      0.00000000	      0.00000000	      0.00000000	      0.00000000	      0.00000000	      0.00000000	      0.00000000
      4.05500000	      0.00097115	      0.00529203	     -0.00209791	      0.00790232	     -0.00447373	     -0.01295641	     -0.00574087	     -0.00000000	      0.00000000	      0.00000000	      0.00000000	     -0.00000000	      0.00000000	      0.00000000	      0.00824645	      0.00124784	     -0.01157826	      0.05108698	      0.02162237	     -0.00444981	      0.04557674	      0.03465722	      0.01690762	     -0.00425414	      0.00983475	     -0.00000000	      0.00000000	     -0.01639841	     -0.00174850	     -0.00087234	     -0.00837556	      0.00252174	      0.00271467	      0.00000000	      0.02333498	     -0.00000000	     -0.00000000	     -0.00000000	     -0.00000000	     -0.00000000	      0.00000000	      0.00000000	      0.00000000	      0.00000000	      0.00000000	      0.00000000	      0.00000000	      0.00000000	      0.00000000	      0.00000000	      0.00000000	      0.00000000	      0.00000000	      0.00000000	      0.00000000	      0.00000000	      0.00000000	      0.00000000	      0.00000000	      0.00000000	      0.00000000	      0.00000000	      0.00000000	      0.00000000	      0.00000000	      0.00000000	      0.00000000	      0.00000000	      0.00000000	      0.00000000	      0.00000000	      0.00000000	      0.00000000	      0.00000000	      0.00000000	      0.00000000	      0.00000000	      0.00000000	      0.00000000	      0.00000000
      4.06000000	      0.00098152	      0.00529418	     -0.00209369	      0.00789845	     -0.00446387	     -0.01294174	     -0.00574313	      0.00000000	     -0.00000000	     -0.00000000	     -0.00000000	     -0.00000000	     -0.00000000	      0.00000000	      0.00822608	      0.00121817	     -0.01159295	      0.05109733	      0.02163315	     -0.00444646	      0.04558248	      0.03465652	      0.01690749	     -0.00425634	      0.00983886	     -0.00000000	     -0.00000000	     -0.01638953	     -0.00174058	     -0.00087534	     -0.00837264	      0.00251842	      0.00270988	      0.00000000	      0.02330658	     -0.00000000	     -0.00000000	      0.00000000	      0.00000000	     -0.00000000	      0.00000000	      0.00000000	      0.00000000	      0.00000000	      0.00000000	      0.00000000	      0.00000000	      0.00000000	      0.00000000	      0.00000000	      0.00000000	      0.00000000	      0.00000000	      0.00000000	      0.00000000	      0.00000000	      0.00000000	      0.00000000	      0.00000000	      0.00000000	      0.00000000	      0.00000000	      0.00000000	      0.00000000	      0.00000000	      0.00000000	      0.00000000	      0.00000000	      0.00000000	      0.00000000	      0.00000000	      0.00000000	      0.00000000	      0.00000000	      0.00000000	      0.00000000	      0.00000000	      0.00000000	      0.00000000	      0.00000000
      4.06500000	      0.00099376	      0.00529677	     -0.00208879	      0.00789395	     -0.00445237	     -0.01292465	     -0.00574589	      0.00000000	      0.00000000	     -0.00000000	      0.00000000	     -0.00000000	      0.00000000	     -0.00000000	      0.00820022	      0.00118176	     -0.01161044	      0.05110764	      0.02164366	     -0.00444454	      0.04558757	      0.03465391	      0.01690582	     -0.00425967	      0.00984370	      0.00000000	      0.00000000	     -0.01638005	     -0.00173125	     -0.00087903	     -0.00836917	      0.00251434	      0.00270388	      0.00000000	      0.02327312	     -0.00000000	     -0.00000000	     -0.00000000	     -0.00000000	      0.00000000	      0.00000000	      0.00000000	      0.00000000	      0.00000000	      0.00000000	      0.00000000	      0.00000000	      0.00000000	      0.00000000	      0.00000000	      0.00000000	      0.00000000	      0.00000000	      0.00000000	      0.00000000	      0.00000000	      0.00000000	      0.00000000	      0.00000000	      0.00000000	      0.00000000	      0.00000000	      0.00000000	      0.00000000	      0.00000000	      0.00000000	      0.00000000	      0.00000000	      0.00000000	      0.00000000	      0.00000000	      0.00000000	      0.00000000	      0.00000000	      0.00000000	      0.00000000	      0.00000000	      0.00000000	      0.00000000	      0.00000000
      4.07000000	      0.00100784	      0.00529981	     -0.00208320	      0.00788887	     -0.00443925	     -0.01290518	     -0.00574916	      0.00000000	      0.00000000	      0.00000000	      0.00000000	      0.00000000	      0.00000000	      0.00000000	      0.00816876	      0.00113854	     -0.01163072	      0.05111774	      0.02165372	     -0.00444421	      0.04559186	      0.03464925	      0.01690252	     -0.00426412	      0.00984925	      0.00000000	      0.00000000	     -0.01637004	     -0.00172052	     -0.00088301	     -0.00836513	      0.00250953	      0.00269667	      0.00000000	      0.02323463	      0.00000000	      0.00000000	      0.00000000	     -0.00000000	     -0.00000000	      0.00000000	      0.00000000	      0.00000000	      0.00000000	      0.00000000	      0.00000000	      0.00000000	      0.00000000	      0.00000000	      0.00000000	      0.00000000	      0.00000000	      0.00000000	      0.00000000	      0.00000000	      0.00000000	      0.00000000	      0.00000000	      0.00000000	      0.00000000	      0.00000000	      0.00000000	      0.00000000	      0.00000000	      0.00000000	      0.00000000	      0.00000000	      0.00000000	      0.00000000	      0.00000000	      0.00000000	      0.00000000	      0.00000000	      0.00000000	      0.00000000	      0.00000000	      0.00000000	      0.00000000	      0.00000000	      0.00000000
      4.07500000	      0.00102375	      0.00530327	     -0.00207696	      0.00788312	     -0.00442455	     -0.01288339	     -0.00575293	     -0.00000000	      0.00000000	      0.00000000	      0.00000000	      0.00000000	     -0.00000000	      0.00000000	      0.00813161	      0.00108846	     -0.01165376	      0.05112743	      0.02166314	     -0.00444561	      0.04559519	      0.03464237	      0.01689746	     -0.00426968	      0.00985551	      0.00000000	      0.00000000	     -0.01635960	     -0.00170842	     -0.00088745	     -0.00836052	      0.00250398	      0.00268829	      0.00000000	      0.02319118	      0.00000000	      0.00000000	     -0.00000000	     -0.00000000	     -0.00000000	      0.00000000	      0.00000000	      0.00000000	      0.00000000	      0.00000000	      0.00000000	      0.00000000	      0.00000000	      0.00000000	      0.00000000	      0.00000000	      0.00000000	      0.00000000	      0.00000000	      0.00000000	      0.00000000	      0.00000000	      0.00000000	      0.00000000	      0.00000000	      0.00000000	      0.00000000	      0.00000000	      0.00000000	      0.00000000	      0.00000000	      0.00000000	      0.00000000	      0.00000000	      0.00000000	      0.00000000	      0.00000000	      0.00000000	      0.00000000	      0.00000000	      0.00000000	      0.00000000	      0.00000000	      0.00000000	      0.00000000
      4.08000000	      0.00104146	      0.00530717	     -0.00207007	      0.00787667	     -0.00440831	     -0.01285934	     -0.00575717	      0.00000000	      0.00000000	      0.00000000	     -0.00000000	      0.00000000	     -0.00000000	     -0.00000000	      0.00808868	      0.00103149	     -0.01167953	      0.05113651	      0.02167170	     -0.00444889	      0.04559737	      0.03463312	      0.01689052	     -0.00427632	      0.00986246	     -0.00000000	     -0.00000000	     -0.01634880	     -0.00169495	     -0.00089234	     -0.00835536	      0.00249771	      0.00267874	     -0.00000000	      0.02314283	     -0.00000000	     -0.00000000	     -0.00000000	     -0.00000000	     -0.00000000	      0.00000000	      0.00000000	      0.00000000	      0.00000000	      0.00000000	      0.00000000	      0.00000000	      0.00000000	      0.00000000	      0.00000000	      0.00000000	      0.00000000	      0.00000000	      0.00000000	      0.00000000	      0.00000000	      0.00000000	      0.00000000	      0.00000000	      0.00000000	      0.00000000	      0.00000000	      0.00000000	      0.00000000	      0.00000000	      0.00000000	      0.00000000	      0.00000000	      0.00000000	      0.00000000	      0.00000000	      0.00000000	      0.00000000	      0.00000000	      0.00000000	      0.00000000	      0.00000000	      0.00000000	      0.00000000	      0.00000000
      4.08500000	      0.00106093	      0.00531149	     -0.00206255	      0.00786975	     -0.00439056	     -0.01283309	     -0.00576189	     -0.00000000	     -0.00000000	      0.00000000	      0.00000000	      0.00000000	      0.00000000	      0.00000000	      0.00803994	      0.00096766	     -0.01170798	      0.05114478	      0.02167921	     -0.00445420	      0.04559824	      0.03462136	      0.01688160	     -0.00428401	      0.00987008	      0.00000000	      0.00000000	     -0.01633777	     -0.00168016	     -0.00089768	     -0.00834963	      0.00249074	      0.00266805	      0.00000000	      0.02308968	      0.00000000	      0.00000000	     -0.00000000	      0.00000000	      0.00000000	      0.00000000	      0.00000000	      0.00000000	      0.00000000	      0.00000000	      0.00000000	      0.00000000	      0.00000000	      0.00000000	      0.00000000	      0.00000000	      0.00000000	      0.00000000	      0.00000000	      0.00000000	      0.00000000	      0.00000000	      0.00000000	      0.00000000	      0.00000000	      0.00000000	      0.00000000	      0.00000000	      0.00000000	      0.00000000	      0.00000000	      0.00000000	      0.00000000	      0.00000000	      0.00000000	      0.00000000	      0.00000000	      0.00000000	      0.00000000	      0.00000000	      0.00000000	      0.00000000	      0.00000000	      0.00000000	      0.00000000
      4.09000000	      0.00108210	      0.00531622	     -0.00205443	      0.00786239	     -0.00437136	     -0.01280473	     -0.00576705	     -0.00000000	     -0.00000000	     -0.00000000	     -0.00000000	     -0.00000000	     -0.00000000	     -0.00000000	      0.00798537	      0.00089701	     -0.01173904	      0.05115205	      0.02168546	     -0.00446168	      0.04559763	      0.03460693	      0.01687059	     -0.00429274	      0.00987834	     -0.00000000	     -0.00000000	     -0.01632660	     -0.00166406	     -0.00090344	     -0.00834335	      0.00248309	      0.00265626	     -0.00000000	      0.02303182	     -0.00000000	     -0.00000000	     -0.00000000	     -0.00000000	     -0.00000000	      0.00000000	      0.00000000	      0.00000000	      0.00000000	      0.00000000	      0.00000000	      0.00000000	      0.00000000	      0.00000000	      0.00000000	      0.00000000	      0.00000000	      0.00000000	      0.00000000	      0.00000000	      0.00000000	      0.00000000	      0.00000000	      0.00000000	      0.00000000	      0.00000000	      0.00000000	      0.00000000	      0.00000000	      0.00000000	      0.00000000	      0.00000000	      0.00000000	      0.00000000	      0.00000000	      0.00000000	      0.00000000	      0.00000000	      0.00000000	      0.00000000	      0.00000000	      0.00000000	      0.00000000	      0.00000000	      0.00000000
      4.09500000	      0.00110492	      0.00532134	     -0.00204574	      0.00785424	     -0.00435077	     -0.01277434	     -0.00577264	     -0.00000000	     -0.00000000	     -0.00000000	     -0.00000000	      0.00000000	      0.00000000	     -0.00000000	      0.00792501	      0.00081966	     -0.01177263	      0.05115812	      0.02169028	     -0.00447143	      0.04559538	      0.03458973	      0.01685741	     -0.00430245	      0.00988722	      0.00000000	      0.00000000	     -0.01631541	     -0.00164672	     -0.00090961	     -0.00833653	      0.00247478	      0.00264340	      0.00000000	      0.02296939	     -0.00000000	      0.00000000	     -0.00000000	     -0.00000000	     -0.00000000	      0.00000000	      0.00000000	      0.00000000	      0.00000000	      0.00000000	      0.00000000	      0.00000000	      0.00000000	      0.00000000	      0.00000000	      0.00000000	      0.00000000	      0.00000000	      0.00000000	      0.00000000	      0.00000000	      0.00000000	      0.00000000	      0.00000000	      0.00000000	      0.00000000	      0.00000000	      0.00000000	      0.00000000	      0.00000000	      0.00000000	      0.00000000	      0.00000000	      0.00000000	      0.00000000	      0.00000000	      0.00000000	      0.00000000	      0.00000000	      0.00000000	      0.00000000	      0.00000000	      0.00000000	      0.00000000	      0.00000000
      4.10000000	      0.00112932	      0.00532684	     -0.00203651	      0.00784565	     -0.00433109	     -0.01274202	     -0.00577863	      0.00000000	     -0.00000000	     -0.00000000	     -0.00000000	     -0.00000000	      0.00000000	      0.00000000	      0.00785890	      0.00073574	     -0.01180865	      0.05116280	      0.02169348	     -0.00448356	      0.04559134	      0.03456966	      0.01684198	     -0.00431311	      0.00989668	      0.00000000	      0.00000000	     -0.01630431	     -0.00162816	     -0.00091616	     -0.00832917	      0.00246584	      0.00262953	      0.00000000	      0.02290256	     -0.00000000	     -0.00000000	      0.00000000	      0.00000000	      0.00000000	      0.00000000	      0.00000000	      0.00000000	      0.00000000	      0.00000000	      0.00000000	      0.00000000	      0.00000000	      0.00000000	      0.00000000	      0.00000000	      0.00000000	      0.00000000	      0.00000000	      0.00000000	      0.00000000	      0.00000000	      0.00000000	      0.00000000	      0.00000000	      0.00000000	      0.00000000	      0.00000000	      0.00000000	      0.00000000	      0.00000000	      0.00000000	      0.00000000	      0.00000000	      0.00000000	      0.00000000	      0.00000000	      0.00000000	      0.00000000	      0.00000000	      0.00000000	      0.00000000	      0.00000000	      0.00000000	      0.00000000
      4.10500000	      0.00115522	      0.00533269	     -0.00202676	      0.00783658	     -0.00431079	     -0.01270790	     -0.00578500	      0.00000000	      0.00000000	      0.00000000	      0.00000000	      0.00000000	      0.00000000	      0.00000000	      0.00778718	      0.00064548	     -0.01184700	      0.05116594	      0.02169492	     -0.00449813	      0.04558538	      0.03454663	      0.01682424	     -0.00432467	      0.00990668	      0.00000000	      0.00000000	     -0.01629340	     -0.00160846	     -0.00092306	     -0.00832128	      0.00245630	      0.00261469	      0.00000000	      0.02283150	      0.00000000	      0.00000000	      0.00000000	      0.00000000	      0.00000000	      0.00000000	      0.00000000	      0.00000000	      0.00000000	      0.00000000	      0.00000000	      0.00000000	      0.00000000	      0.00000000	      0.00000000	      0.00000000	      0.00000000	      0.00000000	      0.00000000	      0.00000000	      0.00000000	      0.00000000	      0.00000000	      0.00000000	      0.00000000	      0.00000000	      0.00000000	      0.00000000	      0.00000000	      0.00000000	      0.00000000	      0.00000000	      0.00000000	      0.00000000	      0.00000000	      0.00000000	      0.00000000	      0.00000000	      0.00000000	      0.00000000	      0.00000000	      0.00000000	      0.00000000	      0.00000000	      0.00000000
      4.11000000	      0.00118253	      0.00533887	     -0.00201654	      0.00782712	     -0.00428948	     -0.01267209	     -0.00579173	      0.00000000	     -0.00000000	     -0.00000000	     -0.00000000	     -0.00000000	     -0.00000000	     -0.00000000	      0.00770998	      0.00054911	     -0.01188754	      0.05116737	      0.02169445	     -0.00451520	      0.04557737	      0.03452059	      0.01680418	     -0.00433707	      0.00991718	     -0.00000000	     -0.00000000	     -0.01628278	     -0.00158767	     -0.00093030	     -0.00831290	      0.00244621	      0.00259895	     -0.00000000	      0.02275643	     -0.00000000	     -0.00000000	      0.00000000	      0.00000000	      0.00000000	      0.00000000	      0.00000000	      0.00000000	      0.00000000	      0.00000000	      0.00000000	      0.00000000	      0.00000000	      0.00000000	      0.00000000	      0.00000000	      0.00000000	      0.00000000	      0.00000000	      0.00000000	      0.00000000	      0.00000000	      0.00000000	      0.00000000	      0.00000000	      0.00000000	      0.00000000	      0.00000000	      0.00000000	      0.00000000	      0.00000000	      0.00000000	      0.00000000	      0.00000000	      0.00000000	      0.00000000	      0.00000000	      0.00000000	      0.00000000	      0.00000000	      0.00000000	      0.00000000	      0.00000000	      0.00000000	      0.00000000
      4.11500000	      0.00121113	      0.00534536	     -0.00200588	      0.00781716	     -0.00426725	     -0.01263475	     -0.00579877	      0.00000000	     -0.00000000	      0.00000000	     -0.00000000	      0.00000000	     -0.00000000	      0.00000000	      0.00762751	      0.00044696	     -0.01193012	      0.05116695	      0.02169195	     -0.00453480	      0.04556722	      0.03449151	      0.01678177	     -0.00435024	      0.00992814	      0.00000000	     -0.00000000	     -0.01627257	     -0.00156587	     -0.00093783	     -0.00830403	      0.00243559	      0.00258237	     -0.00000000	      0.02267763	      0.00000000	     -0.00000000	      0.00000000	      0.00000000	     -0.00000000	      0.00000000	      0.00000000	      0.00000000	      0.00000000	      0.00000000	      0.00000000	      0.00000000	      0.00000000	      0.00000000	      0.00000000	      0.00000000	      0.00000000	      0.00000000	      0.00000000	      0.00000000	      0.00000000	      0.00000000	      0.00000000	      0.00000000	      0.00000000	      0.00000000	      0.00000000	      0.00000000	      0.00000000	      0.00000000	      0.00000000	      0.00000000	      0.00000000	      0.00000000	      0.00000000	      0.00000000	      0.00000000	      0.00000000	      0.00000000	      0.00000000	      0.00000000	      0.00000000	      0.00000000	      0.00000000	      0.00000000
      4.12000000	      0.00124092	      0.00535211	     -0.00199485	      0.00780686	     -0.00424420	     -0.01259601	     -0.00580609	     -0.00000000	      0.00000000	      0.00000000	     -0.00000000	     -0.00000000	      0.00000000	      0.00000000	      0.00754003	      0.00033937	     -0.01197456	      0.05116455	      0.02168733	     -0.00455692	      0.04555484	      0.03445941	      0.01675702	     -0.00436411	      0.00993950	      0.00000000	      0.00000000	     -0.01626284	     -0.00154314	     -0.00094564	     -0.00829471	      0.00242451	      0.00256503	      0.00000000	      0.02259538	     -0.00000000	      0.00000000	     -0.00000000	     -0.00000000	     -0.00000000	      0.00000000	      0.00000000	      0.00000000	      0.00000000	      0.00000000	      0.00000000	      0.00000000	      0.00000000	      0.00000000	      0.00000000	      0.00000000	      0.00000000	      0.00000000	      0.00000000	      0.00000000	      0.00000000	      0.00000000	      0.00000000	      0.00000000	      0.00000000	      0.00000000	      0.00000000	      0.00000000	      0.00000000	      0.00000000	      0.00000000	      0.00000000	      0.00000000	      0.00000000	      0.00000000	      0.00000000	      0.00000000	      0.00000000	      0.00000000	      0.00000000	      0.00000000	      0.00000000	      0.00000000	      0.00000000	      0.00000000
      4.12500000	      0.00127176	      0.00535910	     -0.00198347	      0.00779618	     -0.00422042	     -0.01255606	     -0.00581366	      0.00000000	     -0.00000000	     -0.00000000	     -0.00000000	     -0.00000000	     -0.00000000	     -0.00000000	      0.00744783	      0.00022678	     -0.01202069	      0.05116008	      0.02168051	     -0.00458153	      0.04554016	      0.03442430	      0.01672999	     -0.00437859	      0.00995121	     -0.00000000	     -0.00000000	     -0.01625371	     -0.00151958	     -0.00095367	     -0.00828497	      0.00241300	      0.00254702	     -0.00000000	      0.02251000	     -0.00000000	     -0.00000000	      0.00000000	      0.00000000	      0.00000000	      0.00000000	      0.00000000	      0.00000000	      0.00000000	      0.00000000	      0.00000000	      0.00000000	      0.00000000	      0.00000000	      0.00000000	      0.00000000	      0.00000000	      0.00000000	      0.00000000	      0.00000000	      0.00000000	      0.00000000	      0.00000000	      0.00000000	      0.00000000	      0.00000000	      0.00000000	      0.00000000	      0.00000000	      0.00000000	      0.00000000	      0.00000000	      0.00000000	      0.00000000	      0.00000000	      0.00000000	      0.00000000	      0.00000000	      0.00000000	      0.00000000	      0.00000000	      0.00000000	      0.00000000	      0.00000000	      0.00000000
      4.13000000	      0.00130353	      0.00536629	     -0.00197181	      0.00778524	     -0.00419602	     -0.01251507	     -0.00582143	      0.00000000	     -0.00000000	      0.00000000	      0.00000000	      0.00000000	      0.00000000	     -0.00000000	      0.00735125	      0.00010963	     -0.01206830	      0.05115344	      0.02167143	     -0.00460859	      0.04552316	      0.03438627	      0.01670072	     -0.00439360	      0.00996321	      0.00000000	      0.00000000	     -0.01624524	     -0.00149529	     -0.00096226	     -0.00827484	      0.00240114	      0.00252843	      0.00000000	      0.02242186	     -0.00000000	      0.00000000	      0.00000000	     -0.00000000	      0.00000000	      0.00000000	      0.00000000	      0.00000000	      0.00000000	      0.00000000	      0.00000000	      0.00000000	      0.00000000	      0.00000000	      0.00000000	      0.00000000	      0.00000000	      0.00000000	      0.00000000	      0.00000000	      0.00000000	      0.00000000	      0.00000000	      0.00000000	      0.00000000	      0.00000000	      0.00000000	      0.00000000	      0.00000000	      0.00000000	      0.00000000	      0.00000000	      0.00000000	      0.00000000	      0.00000000	      0.00000000	      0.00000000	      0.00000000	      0.00000000	      0.00000000	      0.00000000	      0.00000000	      0.00000000	      0.00000000	      0.00000000
      4.13500000	      0.00133608	      0.00537364	     -0.00195992	      0.00777405	     -0.00417112	     -0.01247321	     -0.00582937	      0.00000000	     -0.00000000	     -0.00000000	     -0.00000000	     -0.00000000	     -0.00000000	     -0.00000000	      0.00725066	     -0.00001156	     -0.01211719	      0.05114459	      0.02166007	     -0.00463802	      0.04550383	      0.03434540	      0.01666931	     -0.00440904	      0.00997544	     -0.00000000	     -0.00000000	     -0.01623752	     -0.00147036	     -0.00097065	     -0.00826436	      0.00238897	      0.00250934	     -0.00000000	      0.02233132	     -0.00000000	     -0.00000000	      0.00000000	     -0.00000000	     -0.00000000	      0.00000000	      0.00000000	      0.00000000	      0.00000000	      0.00000000	      0.00000000	      0.00000000	      0.00000000	      0.00000000	      0.00000000	      0.00000000	      0.00000000	      0.00000000	      0.00000000	      0.00000000	      0.00000000	      0.00000000	      0.00000000	      0.00000000	      0.00000000	      0.00000000	      0.00000000	      0.00000000	      0.00000000	      0.00000000	      0.00000000	      0.00000000	      0.00000000	      0.00000000	      0.00000000	      0.00000000	      0.00000000	      0.00000000	      0.00000000	      0.00000000	      0.00000000	      0.00000000	      0.00000000	      0.00000000	      0.00000000
      4.14000000	      0.00136926	      0.00538112	     -0.00194704	      0.00776280	     -0.00414583	     -0.01243069	     -0.00583743	      0.00000000	      0.00000000	      0.00000000	      0.00000000	     -0.00000000	      0.00000000	      0.00000000	      0.00714649	     -0.00013625	     -0.01216712	      0.05113350	      0.02164643	     -0.00466972	      0.04548217	      0.03430182	      0.01663585	     -0.00442483	      0.00998785	      0.00000000	     -0.00000000	     -0.01623061	     -0.00144492	     -0.00097915	     -0.00825358	      0.00237655	      0.00248987	      0.00000000	      0.02223880	     -0.00000000	     -0.00000000	     -0.00000000	      0.00000000	      0.00000000	      0.00000000	      0.00000000	      0.00000000	      0.00000000	      0.00000000	      0.00000000	      0.00000000	      0.00000000	      0.00000000	      0.00000000	      0.00000000	      0.00000000	      0.00000000	      0.00000000	      0.00000000	      0.00000000	      0.00000000	      0.00000000	      0.00000000	      0.00000000	      0.00000000	      0.00000000	      0.00000000	      0.00000000	      0.00000000	      0.00000000	      0.00000000	      0.00000000	      0.00000000	      0.00000000	      0.00000000	      0.00000000	      0.00000000	      0.00000000	      0.00000000	      0.00000000	      0.00000000	      0.00000000	      0.00000000	      0.00000000
      4.14500000	      0.00140291	      0.00538868	     -0.00193405	      0.00775127	     -0.00412026	     -0.01238769	     -0.00584557	      0.00000000	     -0.00000000	     -0.00000000	     -0.00000000	     -0.00000000	     -0.00000000	     -0.00000000	      0.00703919	     -0.00026387	     -0.01221787	      0.05112016	      0.02163054	     -0.00470356	      0.04545824	      0.03425569	      0.01660048	     -0.00444085	      0.01000037	     -0.00000000	     -0.00000000	     -0.01622458	     -0.00141907	     -0.00098772	     -0.00824254	      0.00236396	      0.00247012	     -0.00000000	      0.02214472	      0.00000000	     -0.00000000	     -0.00000000	     -0.00000000	     -0.00000000	      0.00000000	      0.00000000	      0.00000000	      0.00000000	      0.00000000	      0.00000000	      0.00000000	      0.00000000	      0.00000000	      0.00000000	      0.00000000	      0.00000000	      0.00000000	      0.00000000	      0.00000000	      0.00000000	      0.00000000	      0.00000000	      0.00000000	      0.00000000	      0.00000000	      0.00000000	      0.00000000	      0.00000000	      0.00000000	      0.00000000	      0.00000000	      0.00000000	      0.00000000	      0.00000000	      0.00000000	      0.00000000	      0.00000000	      0.00000000	      0.00000000	      0.00000000	      0.00000000	      0.00000000	      0.00000000	      0.00000000
      4.15000000	      0.00143687	      0.00539629	     -0.00192254	      0.00773965	     -0.00409454	     -0.01234441	     -0.00585374	      0.00000000	     -0.00000000	     -0.00000000	      0.00000000	     -0.00000000	      0.00000000	      0.00000000	      0.00692926	     -0.00039379	     -0.01226920	      0.05110461	      0.02161245	     -0.00473939	      0.04543211	      0.03420721	      0.01656335	     -0.00445702	      0.01001293	      0.00000000	      0.00000000	     -0.01621948	     -0.00139294	     -0.00099633	     -0.00823129	      0.00235126	      0.00245019	      0.00000000	      0.02204950	      0.00000000	      0.00000000	      0.00000000	      0.00000000	     -0.00000000	      0.00000000	      0.00000000	      0.00000000	      0.00000000	      0.00000000	      0.00000000	      0.00000000	      0.00000000	      0.00000000	      0.00000000	      0.00000000	      0.00000000	      0.00000000	      0.00000000	      0.00000000	      0.00000000	      0.00000000	      0.00000000	      0.00000000	      0.00000000	      0.00000000	      0.00000000	      0.00000000	      0.00000000	      0.00000000	      0.00000000	      0.00000000	      0.00000000	      0.00000000	      0.00000000	      0.00000000	      0.00000000	      0.00000000	      0.00000000	      0.00000000	      0.00000000	      0.00000000	      0.00000000	      0.00000000	      0.00000000
      4.15500000	      0.00147100	      0.00540391	     -0.00190971	      0.00772800	     -0.00406879	     -0.01230106	     -0.00586192	     -0.00000000	      0.00000000	     -0.00000000	     -0.00000000	     -0.00000000	     -0.00000000	     -0.00000000	      0.00681720	     -0.00052541	     -0.01232087	      0.05108690	      0.02159225	     -0.00477703	      0.04540390	      0.03415661	      0.01652464	     -0.00447322	      0.01002548	     -0.00000000	      0.00000000	     -0.01621532	     -0.00136664	     -0.00100493	     -0.00821987	      0.00233850	      0.00243019	     -0.00000000	      0.02195360	     -0.00000000	     -0.00000000	      0.00000000	      0.00000000	      0.00000000	      0.00000000	      0.00000000	      0.00000000	      0.00000000	      0.00000000	      0.00000000	      0.00000000	      0.00000000	      0.00000000	      0.00000000	      0.00000000	      0.00000000	      0.00000000	      0.00000000	      0.00000000	      0.00000000	      0.00000000	      0.00000000	      0.00000000	      0.00000000	      0.00000000	      0.00000000	      0.00000000	      0.00000000	      0.00000000	      0.00000000	      0.00000000	      0.00000000	      0.00000000	      0.00000000	      0.00000000	      0.00000000	      0.00000000	      0.00000000	      0.00000000	      0.00000000	      0.00000000	      0.00000000	      0.00000000	      0.00000000
      4.16000000	      0.00150512	      0.00541149	     -0.00189754	      0.00771602	     -0.00404312	     -0.01225781	     -0.00587004	     -0.00000000	     -0.00000000	      0.00000000	      0.00000000	      0.00000000	      0.00000000	      0.00000000	      0.00670354	     -0.00065808	     -0.01237265	      0.05106715	      0.02157007	     -0.00481628	      0.04537374	      0.03410412	      0.01648454	     -0.00448936	      0.01003796	      0.00000000	     -0.00000000	     -0.01621213	     -0.00134030	     -0.00101349	     -0.00820835	      0.00232577	      0.00241022	      0.00000000	      0.02185745	      0.00000000	     -0.00000000	      0.00000000	     -0.00000000	      0.00000000	      0.00000000	      0.00000000	      0.00000000	      0.00000000	      0.00000000	      0.00000000	      0.00000000	      0.00000000	      0.00000000	      0.00000000	      0.00000000	      0.00000000	      0.00000000	      0.00000000	      0.00000000	      0.00000000	      0.00000000	      0.00000000	      0.00000000	      0.00000000	      0.00000000	      0.00000000	      0.00000000	      0.00000000	      0.00000000	      0.00000000	      0.00000000	      0.00000000	      0.00000000	      0.00000000	      0.00000000	      0.00000000	      0.00000000	      0.00000000	      0.00000000	      0.00000000	      0.00000000	      0.00000000	      0.00000000	      0.00000000
      4.16500000	      0.00153909	      0.00541901	     -0.00188548	      0.00770447	     -0.00401764	     -0.01221488	     -0.00587807	     -0.00000000	     -0.00000000	     -0.00000000	      0.00000000	     -0.00000000	     -0.00000000	     -0.00000000	      0.00658884	     -0.00079116	     -0.01242429	      0.05104546	      0.02154604	     -0.00485692	      0.04534179	      0.03405003	      0.01644327	     -0.00450533	      0.01005031	     -0.00000000	      0.00000000	     -0.01620992	     -0.00131403	     -0.00102196	     -0.00819678	      0.00231312	      0.00239040	     -0.00000000	      0.02176150	     -0.00000000	     -0.00000000	      0.00000000	      0.00000000	      0.00000000	      0.00000000	      0.00000000	      0.00000000	      0.00000000	      0.00000000	      0.00000000	      0.00000000	      0.00000000	      0.00000000	      0.00000000	      0.00000000	      0.00000000	      0.00000000	      0.00000000	      0.00000000	      0.00000000	      0.00000000	      0.00000000	      0.00000000	      0.00000000	      0.00000000	      0.00000000	      0.00000000	      0.00000000	      0.00000000	      0.00000000	      0.00000000	      0.00000000	      0.00000000	      0.00000000	      0.00000000	      0.00000000	      0.00000000	      0.00000000	      0.00000000	      0.00000000	      0.00000000	      0.00000000	      0.00000000	      0.00000000
      4.17000000	      0.00157276	      0.00542643	     -0.00187358	      0.00769305	     -0.00399247	     -0.01217243	     -0.00588598	     -0.00000000	     -0.00000000	     -0.00000000	     -0.00000000	     -0.00000000	     -0.00000000	     -0.00000000	      0.00647364	     -0.00092403	     -0.01247557	      0.05102198	      0.02152032	     -0.00489873	      0.04530824	      0.03399463	      0.01640104	     -0.00452105	      0.01006247	     -0.00000000	     -0.00000000	     -0.01620867	     -0.00128796	     -0.00103031	     -0.00818521	      0.00230061	      0.00237081	     -0.00000000	      0.02166621	     -0.00000000	      0.00000000	     -0.00000000	     -0.00000000	     -0.00000000	      0.00000000	      0.00000000	      0.00000000	      0.00000000	      0.00000000	      0.00000000	      0.00000000	      0.00000000	      0.00000000	      0.00000000	      0.00000000	      0.00000000	      0.00000000	      0.00000000	      0.00000000	      0.00000000	      0.00000000	      0.00000000	      0.00000000	      0.00000000	      0.00000000	      0.00000000	      0.00000000	      0.00000000	      0.00000000	      0.00000000	      0.00000000	      0.00000000	      0.00000000	      0.00000000	      0.00000000	      0.00000000	      0.00000000	      0.00000000	      0.00000000	      0.00000000	      0.00000000	      0.00000000	      0.00000000	      0.00000000
      4.17500000	      0.00160597	      0.00543371	     -0.00186189	      0.00768180	     -0.00396772	     -0.01213065	     -0.00589372	     -0.00000000	      0.00000000	     -0.00000000	     -0.00000000	     -0.00000000	     -0.00000000	     -0.00000000	      0.00635847	     -0.00105607	     -0.01252625	      0.05099686	      0.02149310	     -0.00494147	      0.04527328	      0.03393822	      0.01635811	     -0.00453642	      0.01007440	     -0.00000000	     -0.00000000	     -0.01620834	     -0.00126220	     -0.00103850	     -0.00817370	      0.00228831	      0.00235157	     -0.00000000	      0.02157200	      0.00000000	     -0.00000000	     -0.00000000	      0.00000000	     -0.00000000	      0.00000000	      0.00000000	      0.00000000	      0.00000000	      0.00000000	      0.00000000	      0.00000000	      0.00000000	      0.00000000	      0.00000000	      0.00000000	      0.00000000	      0.00000000	      0.00000000	      0.00000000	      0.00000000	      0.00000000	      0.00000000	      0.00000000	      0.00000000	      0.00000000	      0.00000000	      0.00000000	      0.00000000	      0.00000000	      0.00000000	      0.00000000	      0.00000000	      0.00000000	      0.00000000	      0.00000000	      0.00000000	      0.00000000	      0.00000000	      0.00000000	      0.00000000	      0.00000000	      0.00000000	      0.00000000	      0.00000000
      4.18000000	      0.00163859	      0.00544083	     -0.00185046	      0.00767073	     -0.00394349	     -0.01208971	     -0.00590126	     -0.00000000	     -0.00000000	      0.00000000	      0.00000000	      0.00000000	     -0.00000000	     -0.00000000	      0.00624387	     -0.00118669	     -0.01257613	      0.05097029	      0.02146455	     -0.00498489	      0.04523714	      0.03388111	      0.01631470	     -0.00455135	      0.01008605	      0.00000000	     -0.00000000	     -0.01620891	     -0.00123685	     -0.00104650	     -0.00816229	      0.00227628	      0.00233277	     -0.00000000	      0.02147932	     -0.00000000	     -0.00000000	     -0.00000000	     -0.00000000	     -0.00000000	      0.00000000	      0.00000000	      0.00000000	      0.00000000	      0.00000000	      0.00000000	      0.00000000	      0.00000000	      0.00000000	      0.00000000	      0.00000000	      0.00000000	      0.00000000	      0.00000000	      0.00000000	      0.00000000	      0.00000000	      0.00000000	      0.00000000	      0.00000000	      0.00000000	      0.00000000	      0.00000000	      0.00000000	      0.00000000	      0.00000000	      0.00000000	      0.00000000	      0.00000000	      0.00000000	      0.00000000	      0.00000000	      0.00000000	      0.00000000	      0.00000000	      0.00000000	      0.00000000	      0.00000000	      0.00000000	      0.00000000
      4.18500000	      0.00167049	      0.00544776	     -0.00183933	      0.00765993	     -0.00391987	     -0.01204978	     -0.00590857	      0.00000000	     -0.00000000	     -0.00000000	     -0.00000000	     -0.00000000	      0.00000000	     -0.00000000	      0.00613034	     -0.00131534	     -0.01262499	      0.05094244	      0.02143488	     -0.00502875	      0.04520004	      0.03382362	      0.01627105	     -0.00456575	      0.01009737	     -0.00000000	     -0.00000000	     -0.01621031	     -0.00121203	     -0.00105428	     -0.00815105	      0.00226457	      0.00231449	     -0.00000000	      0.02138857	     -0.00000000	      0.00000000	      0.00000000	     -0.00000000	      0.00000000	      0.00000000	      0.00000000	      0.00000000	      0.00000000	      0.00000000	      0.00000000	      0.00000000	      0.00000000	      0.00000000	      0.00000000	      0.00000000	      0.00000000	      0.00000000	      0.00000000	      0.00000000	      0.00000000	      0.00000000	      0.00000000	      0.00000000	      0.00000000	      0.00000000	      0.00000000	      0.00000000	      0.00000000	      0.00000000	      0.00000000	      0.00000000	      0.00000000	      0.00000000	      0.00000000	      0.00000000	      0.00000000	      0.00000000	      0.00000000	      0.00000000	      0.00000000	      0.00000000	      0.00000000	      0.00000000	      0.00000000
      4.19000000	      0.00170155	      0.00545447	     -0.00182855	      0.00764944	     -0.00389696	     -0.01201100	     -0.00591562	      0.00000000	     -0.00000000	     -0.00000000	     -0.00000000	     -0.00000000	     -0.00000000	     -0.00000000	      0.00601835	     -0.00144151	     -0.01267267	      0.05091351	      0.02140428	     -0.00507280	      0.04516220	      0.03376605	      0.01622742	     -0.00457955	      0.01010833	      0.00000000	     -0.00000000	     -0.01621248	     -0.00118783	     -0.00106181	     -0.00814003	      0.00225322	      0.00229682	     -0.00000000	      0.02130015	     -0.00000000	      0.00000000	      0.00000000	     -0.00000000	      0.00000000	      0.00000000	      0.00000000	      0.00000000	      0.00000000	      0.00000000	      0.00000000	      0.00000000	      0.00000000	      0.00000000	      0.00000000	      0.00000000	      0.00000000	      0.00000000	      0.00000000	      0.00000000	      0.00000000	      0.00000000	      0.00000000	      0.00000000	      0.00000000	      0.00000000	      0.00000000	      0.00000000	      0.00000000	      0.00000000	      0.00000000	      0.00000000	      0.00000000	      0.00000000	      0.00000000	      0.00000000	      0.00000000	      0.00000000	      0.00000000	      0.00000000	      0.00000000	      0.00000000	      0.00000000	      0.00000000	      0.00000000
      4.19500000	      0.00173166	      0.00546096	     -0.00181816	      0.00763930	     -0.00387483	     -0.01197351	     -0.00592237	     -0.00000000	     -0.00000000	     -0.00000000	     -0.00000000	     -0.00000000	     -0.00000000	     -0.00000000	      0.00590833	     -0.00156475	     -0.01271897	      0.05088367	      0.02137295	     -0.00511682	      0.04512384	      0.03370869	      0.01618404	     -0.00459267	      0.01011889	      0.00000000	     -0.00000000	     -0.01621532	     -0.00116433	     -0.00106906	     -0.00812928	      0.00224229	      0.00227982	     -0.00000000	      0.02121444	      0.00000000	     -0.00000000	      0.00000000	     -0.00000000	     -0.00000000	      0.00000000	      0.00000000	      0.00000000	      0.00000000	      0.00000000	      0.00000000	      0.00000000	      0.00000000	      0.00000000	      0.00000000	      0.00000000	      0.00000000	      0.00000000	      0.00000000	      0.00000000	      0.00000000	      0.00000000	      0.00000000	      0.00000000	      0.00000000	      0.00000000	      0.00000000	      0.00000000	      0.00000000	      0.00000000	      0.00000000	      0.00000000	      0.00000000	      0.00000000	      0.00000000	      0.00000000	      0.00000000	      0.00000000	      0.00000000	      0.00000000	      0.00000000	      0.00000000	      0.00000000	      0.00000000	      0.00000000
      4.20000000	      0.00176073	      0.00546721	     -0.00180819	      0.00762955	     -0.00385357	     -0.01193745	     -0.00592882	     -0.00000000	     -0.00000000	     -0.00000000	     -0.00000000	     -0.00000000	     -0.00000000	     -0.00000000	      0.00580066	     -0.00168465	     -0.01276376	      0.05085312	      0.02134107	     -0.00516057	      0.04508519	      0.03365183	      0.01614114	     -0.00460504	      0.01012904	     -0.00000000	     -0.00000000	     -0.01621875	     -0.00114162	     -0.00107601	     -0.00811884	      0.00223182	      0.00226358	     -0.00000000	      0.02113180	     -0.00000000	     -0.00000000	     -0.00000000	     -0.00000000	     -0.00000000	      0.00000000	      0.00000000	      0.00000000	      0.00000000	      0.00000000	      0.00000000	      0.00000000	      0.00000000	      0.00000000	      0.00000000	      0.00000000	      0.00000000	      0.00000000	      0.00000000	      0.00000000	      0.00000000	      0.00000000	      0.00000000	      0.00000000	      0.00000000	      0.00000000	      0.00000000	      0.00000000	      0.00000000	      0.00000000	      0.00000000	      0.00000000	      0.00000000	      0.00000000	      0.00000000	      0.00000000	      0.00000000	      0.00000000	      0.00000000	      0.00000000	      0.00000000	      0.00000000	      0.00000000	      0.00000000	      0.00000000
      4.20500000	      0.00178868	      0.00547320	     -0.00179867	      0.00762021	     -0.00383324	     -0.01190292	     -0.00593494	     -0.00000000	      0.00000000	      0.00000000	      0.00000000	      0.00000000	      0.00000000	      0.00000000	      0.00569569	     -0.00180088	     -0.01280690	      0.05082201	      0.02130883	     -0.00520386	      0.04504645	      0.03359574	      0.01609892	     -0.00461661	      0.01013875	      0.00000000	      0.00000000	     -0.01622268	     -0.00111976	     -0.00108264	     -0.00810876	      0.00222184	      0.00224813	      0.00000000	      0.02105255	      0.00000000	      0.00000000	     -0.00000000	     -0.00000000	     -0.00000000	      0.00000000	      0.00000000	      0.00000000	      0.00000000	      0.00000000	      0.00000000	      0.00000000	      0.00000000	      0.00000000	      0.00000000	      0.00000000	      0.00000000	      0.00000000	      0.00000000	      0.00000000	      0.00000000	      0.00000000	      0.00000000	      0.00000000	      0.00000000	      0.00000000	      0.00000000	      0.00000000	      0.00000000	      0.00000000	      0.00000000	      0.00000000	      0.00000000	      0.00000000	      0.00000000	      0.00000000	      0.00000000	      0.00000000	      0.00000000	      0.00000000	      0.00000000	      0.00000000	      0.00000000	      0.00000000	      0.00000000
      4.21000000	      0.00181544	      0.00547893	     -0.00178963	      0.00761132	     -0.00381389	     -0.01187001	     -0.00594070	     -0.00000000	     -0.00000000	     -0.00000000	     -0.00000000	      0.00000000	      0.00000000	      0.00000000	      0.00559368	     -0.00191316	     -0.01284829	      0.05079050	      0.02127639	     -0.00524650	      0.04500780	      0.03354064	      0.01605759	     -0.00462732	      0.01014800	     -0.00000000	     -0.00000000	     -0.01622699	     -0.00109881	     -0.00108893	     -0.00809907	      0.00221237	      0.00223354	     -0.00000000	      0.02097697	      0.00000000	     -0.00000000	     -0.00000000	      0.00000000	      0.00000000	      0.00000000	      0.00000000	      0.00000000	      0.00000000	      0.00000000	      0.00000000	      0.00000000	      0.00000000	      0.00000000	      0.00000000	      0.00000000	      0.00000000	      0.00000000	      0.00000000	      0.00000000	      0.00000000	      0.00000000	      0.00000000	      0.00000000	      0.00000000	      0.00000000	      0.00000000	      0.00000000	      0.00000000	      0.00000000	      0.00000000	      0.00000000	      0.00000000	      0.00000000	      0.00000000	      0.00000000	      0.00000000	      0.00000000	      0.00000000	      0.00000000	      0.00000000	      0.00000000	      0.00000000	      0.00000000	      0.00000000
      4.21500000	      0.00184096	      0.00548439	     -0.00178109	      0.00760290	     -0.00379558	     -0.01183880	     -0.00594611	      0.00000000	     -0.00000000	     -0.00000000	     -0.00000000	     -0.00000000	     -0.00000000	     -0.00000000	      0.00549487	     -0.00202127	     -0.01288783	      0.05075874	      0.02124388	     -0.00528833	      0.04496941	      0.03348673	      0.01601732	     -0.00463713	      0.01015680	     -0.00000000	     -0.00000000	     -0.01623159	     -0.00107881	     -0.00109488	     -0.00808982	      0.00220345	      0.00221983	     -0.00000000	      0.02090531	     -0.00000000	     -0.00000000	      0.00000000	      0.00000000	      0.00000000	      0.00000000	      0.00000000	      0.00000000	      0.00000000	      0.00000000	      0.00000000	      0.00000000	      0.00000000	      0.00000000	      0.00000000	      0.00000000	      0.00000000	      0.00000000	      0.00000000	      0.00000000	      0.00000000	      0.00000000	      0.00000000	      0.00000000	      0.00000000	      0.00000000	      0.00000000	      0.00000000	      0.00000000	      0.00000000	      0.00000000	      0.00000000	      0.00000000	      0.00000000	      0.00000000	      0.00000000	      0.00000000	      0.00000000	      0.00000000	      0.00000000	      0.00000000	      0.00000000	      0.00000000	      0.00000000	      0.00000000
      4.22000000	      0.00186521	      0.00548959	     -0.00177307	      0.00759495	     -0.00377833	     -0.01180935	     -0.00595116	      0.00000000	      0.00000000	     -0.00000000	     -0.00000000	      0.00000000	      0.00000000	      0.00000000	      0.00539940	     -0.00212508	     -0.01292547	      0.05072683	      0.02121143	     -0.00532923	      0.04493143	      0.03343418	      0.01597823	     -0.00464601	      0.01016512	     -0.00000000	      0.00000000	     -0.01623640	     -0.00105980	     -0.00110046	     -0.00808102	      0.00219508	      0.00220704	      0.00000000	      0.02083776	      0.00000000	      0.00000000	      0.00000000	     -0.00000000	     -0.00000000	      0.00000000	      0.00000000	      0.00000000	      0.00000000	      0.00000000	      0.00000000	      0.00000000	      0.00000000	      0.00000000	      0.00000000	      0.00000000	      0.00000000	      0.00000000	      0.00000000	      0.00000000	      0.00000000	      0.00000000	      0.00000000	      0.00000000	      0.00000000	      0.00000000	      0.00000000	      0.00000000	      0.00000000	      0.00000000	      0.00000000	      0.00000000	      0.00000000	      0.00000000	      0.00000000	      0.00000000	      0.00000000	      0.00000000	      0.00000000	      0.00000000	      0.00000000	      0.00000000	      0.00000000	      0.00000000	      0.00000000
      4.22500000	      0.00188816	      0.00549453	     -0.00176557	      0.00758791	     -0.00376217	     -0.01178170	     -0.00595583	      0.00000000	      0.00000000	      0.00000000	      0.00000000	      0.00000000	      0.00000000	      0.00000000	      0.00530736	     -0.00222452	     -0.01296118	      0.05069486	      0.02117911	     -0.00536911	      0.04489395	      0.03338310	      0.01594044	     -0.00465394	      0.01017299	      0.00000000	      0.00000000	     -0.01624135	     -0.00104180	     -0.00110569	     -0.00807271	      0.00218728	      0.00219517	      0.00000000	      0.02077444	      0.00000000	      0.00000000	     -0.00000000	     -0.00000000	      0.00000000	      0.00000000	      0.00000000	      0.00000000	      0.00000000	      0.00000000	      0.00000000	      0.00000000	      0.00000000	      0.00000000	      0.00000000	      0.00000000	      0.00000000	      0.00000000	      0.00000000	      0.00000000	      0.00000000	      0.00000000	      0.00000000	      0.00000000	      0.00000000	      0.00000000	      0.00000000	      0.00000000	      0.00000000	      0.00000000	      0.00000000	      0.00000000	      0.00000000	      0.00000000	      0.00000000	      0.00000000	      0.00000000	      0.00000000	      0.00000000	      0.00000000	      0.00000000	      0.00000000	      0.00000000	      0.00000000	      0.00000000
      4.23000000	      0.00190981	      0.00549922	     -0.00175859	      0.00758096	     -0.00374710	     -0.01175585	     -0.00596014	     -0.00000000	      0.00000000	      0.00000000	     -0.00000000	      0.00000000	     -0.00000000	     -0.00000000	      0.00521879	     -0.00231957	     -0.01299494	      0.05066290	      0.02114698	     -0.00540793	      0.04485705	      0.03333357	      0.01590400	     -0.00466091	      0.01018039	     -0.00000000	     -0.00000000	     -0.01624637	     -0.00102481	     -0.00111054	     -0.00806487	      0.00218005	      0.00218424	     -0.00000000	      0.02071544	      0.00000000	     -0.00000000	      0.00000000	     -0.00000000	     -0.00000000	      0.00000000	      0.00000000	      0.00000000	      0.00000000	      0.00000000	      0.00000000	      0.00000000	      0.00000000	      0.00000000	      0.00000000	      0.00000000	      0.00000000	      0.00000000	      0.00000000	      0.00000000	      0.00000000	      0.00000000	      0.00000000	      0.00000000	      0.00000000	      0.00000000	      0.00000000	      0.00000000	      0.00000000	      0.00000000	      0.00000000	      0.00000000	      0.00000000	      0.00000000	      0.00000000	      0.00000000	      0.00000000	      0.00000000	      0.00000000	      0.00000000	      0.00000000	      0.00000000	      0.00000000	      0.00000000	      0.00000000
      4.23500000	      0.00193018	      0.00550366	     -0.00175215	      0.00757418	     -0.00373312	     -0.01173180	     -0.00596409	      0.00000000	     -0.00000000	      0.00000000	     -0.00000000	     -0.00000000	      0.00000000	     -0.00000000	      0.00513364	     -0.00241030	     -0.01302679	      0.05063099	      0.02111507	     -0.00544568	      0.04482078	      0.03328563	      0.01586893	     -0.00466692	      0.01018735	     -0.00000000	      0.00000000	     -0.01625145	     -0.00100883	     -0.00111504	     -0.00805754	      0.00217338	      0.00217424	     -0.00000000	      0.02066076	     -0.00000000	     -0.00000000	     -0.00000000	      0.00000000	      0.00000000	      0.00000000	      0.00000000	      0.00000000	      0.00000000	      0.00000000	      0.00000000	      0.00000000	      0.00000000	      0.00000000	      0.00000000	      0.00000000	      0.00000000	      0.00000000	      0.00000000	      0.00000000	      0.00000000	      0.00000000	      0.00000000	      0.00000000	      0.00000000	      0.00000000	      0.00000000	      0.00000000	      0.00000000	      0.00000000	      0.00000000	      0.00000000	      0.00000000	      0.00000000	      0.00000000	      0.00000000	      0.00000000	      0.00000000	      0.00000000	      0.00000000	      0.00000000	      0.00000000	      0.00000000	      0.00000000	      0.00000000
      4.24000000	      0.00194930	      0.00550786	     -0.00174622	      0.00756837	     -0.00372021	     -0.01170951	     -0.00596768	     -0.00000000	     -0.00000000	      0.00000000	     -0.00000000	     -0.00000000	     -0.00000000	      0.00000000	      0.00505181	     -0.00249682	     -0.01305677	      0.05059913	      0.02108337	     -0.00548241	      0.04478514	      0.03323924	      0.01583521	     -0.00467198	      0.01019388	      0.00000000	      0.00000000	     -0.01625656	     -0.00099383	     -0.00111919	     -0.00805069	      0.00216726	      0.00216515	      0.00000000	      0.02061033	     -0.00000000	      0.00000000	      0.00000000	      0.00000000	      0.00000000	      0.00000000	      0.00000000	      0.00000000	      0.00000000	      0.00000000	      0.00000000	      0.00000000	      0.00000000	      0.00000000	      0.00000000	      0.00000000	      0.00000000	      0.00000000	      0.00000000	      0.00000000	      0.00000000	      0.00000000	      0.00000000	      0.00000000	      0.00000000	      0.00000000	      0.00000000	      0.00000000	      0.00000000	      0.00000000	      0.00000000	      0.00000000	      0.00000000	      0.00000000	      0.00000000	      0.00000000	      0.00000000	      0.00000000	      0.00000000	      0.00000000	      0.00000000	      0.00000000	      0.00000000	      0.00000000	      0.00000000
      4.24500000	      0.00196720	      0.00551184	     -0.00174079	      0.00756288	     -0.00370834	     -0.01168894	     -0.00597094	     -0.00000000	      0.00000000	     -0.00000000	      0.00000000	     -0.00000000	      0.00000000	      0.00000000	      0.00497317	     -0.00257929	     -0.01308494	      0.05056731	      0.02105183	     -0.00551819	      0.04475012	      0.03319434	      0.01580276	     -0.00467614	      0.01019999	      0.00000000	      0.00000000	     -0.01626174	     -0.00097979	     -0.00112299	     -0.00804431	      0.00216168	      0.00215693	      0.00000000	      0.02056403	      0.00000000	     -0.00000000	      0.00000000	      0.00000000	     -0.00000000	      0.00000000	      0.00000000	      0.00000000	      0.00000000	      0.00000000	      0.00000000	      0.00000000	      0.00000000	      0.00000000	      0.00000000	      0.00000000	      0.00000000	      0.00000000	      0.00000000	      0.00000000	      0.00000000	      0.00000000	      0.00000000	      0.00000000	      0.00000000	      0.00000000	      0.00000000	      0.00000000	      0.00000000	      0.00000000	      0.00000000	      0.00000000	      0.00000000	      0.00000000	      0.00000000	      0.00000000	      0.00000000	      0.00000000	      0.00000000	      0.00000000	      0.00000000	      0.00000000	      0.00000000	      0.00000000	      0.00000000
      4.25000000	      0.00198395	      0.00551561	     -0.00173583	      0.00755800	     -0.00369745	     -0.01167001	     -0.00597388	     -0.00000000	      0.00000000	     -0.00000000	     -0.00000000	      0.00000000	      0.00000000	      0.00000000	      0.00489752	     -0.00265795	     -0.01311140	      0.05053550	      0.02102039	     -0.00555314	      0.04471564	      0.03315084	      0.01577149	     -0.00467941	      0.01020571	     -0.00000000	      0.00000000	     -0.01626702	     -0.00096666	     -0.00112646	     -0.00803839	      0.00215661	      0.00214956	      0.00000000	      0.02052167	     -0.00000000	      0.00000000	     -0.00000000	     -0.00000000	      0.00000000	      0.00000000	      0.00000000	      0.00000000	      0.00000000	      0.00000000	      0.00000000	      0.00000000	      0.00000000	      0.00000000	      0.00000000	      0.00000000	      0.00000000	      0.00000000	      0.00000000	      0.00000000	      0.00000000	      0.00000000	      0.00000000	      0.00000000	      0.00000000	      0.00000000	      0.00000000	      0.00000000	      0.00000000	      0.00000000	      0.00000000	      0.00000000	      0.00000000	      0.00000000	      0.00000000	      0.00000000	      0.00000000	      0.00000000	      0.00000000	      0.00000000	      0.00000000	      0.00000000	      0.00000000	      0.00000000	      0.00000000
      4.25500000	      0.00199961	      0.00551919	     -0.00173133	      0.00755340	     -0.00368749	     -0.01165262	     -0.00597651	      0.00000000	      0.00000000	      0.00000000	      0.00000000	      0.00000000	      0.00000000	      0.00000000	      0.00482460	     -0.00273304	     -0.01313627	      0.05050364	      0.02098895	     -0.00558740	      0.04468163	      0.03310858	      0.01574124	     -0.00468187	      0.01021105	      0.00000000	      0.00000000	     -0.01627246	     -0.00095439	     -0.00112962	     -0.00803289	      0.00215202	      0.00214299	      0.00000000	      0.02048300	     -0.00000000	      0.00000000	      0.00000000	     -0.00000000	      0.00000000	      0.00000000	      0.00000000	      0.00000000	      0.00000000	      0.00000000	      0.00000000	      0.00000000	      0.00000000	      0.00000000	      0.00000000	      0.00000000	      0.00000000	      0.00000000	      0.00000000	      0.00000000	      0.00000000	      0.00000000	      0.00000000	      0.00000000	      0.00000000	      0.00000000	      0.00000000	      0.00000000	      0.00000000	      0.00000000	      0.00000000	      0.00000000	      0.00000000	      0.00000000	      0.00000000	      0.00000000	      0.00000000	      0.00000000	      0.00000000	      0.00000000	      0.00000000	      0.00000000	      0.00000000	      0.00000000	      0.00000000
      4.26000000	      0.00201427	      0.00552259	     -0.00172725	      0.00754921	     -0.00367840	     -0.01163666	     -0.00597887	      0.00000000	      0.00000000	      0.00000000	      0.00000000	     -0.00000000	     -0.00000000	     -0.00000000	      0.00475415	     -0.00280487	     -0.01315968	      0.05047166	      0.02095739	     -0.00562116	      0.04464798	      0.03306739	      0.01571185	     -0.00468356	      0.01021606	     -0.00000000	     -0.00000000	     -0.01627816	     -0.00094292	     -0.00113249	     -0.00802778	      0.00214789	      0.00213716	     -0.00000000	      0.02044772	     -0.00000000	     -0.00000000	      0.00000000	      0.00000000	     -0.00000000	      0.00000000	      0.00000000	      0.00000000	      0.00000000	      0.00000000	      0.00000000	      0.00000000	      0.00000000	      0.00000000	      0.00000000	      0.00000000	      0.00000000	      0.00000000	      0.00000000	      0.00000000	      0.00000000	      0.00000000	      0.00000000	      0.00000000	      0.00000000	      0.00000000	      0.00000000	      0.00000000	      0.00000000	      0.00000000	      0.00000000	      0.00000000	      0.00000000	      0.00000000	      0.00000000	      0.00000000	      0.00000000	      0.00000000	      0.00000000	      0.00000000	      0.00000000	      0.00000000	      0.00000000	      0.00000000	      0.00000000
      4.26500000	      0.00202801	      0.00552583	     -0.00172175	      0.00754538	     -0.00367010	     -0.01162201	     -0.00598099	     -0.00000000	      0.00000000	      0.00000000	      0.00000000	     -0.00000000	      0.00000000	      0.00000000	      0.00468585	     -0.00287378	     -0.01318177	      0.05043947	      0.02092561	     -0.00565462	      0.04461457	      0.03302707	      0.01568311	     -0.00468455	      0.01022075	      0.00000000	      0.00000000	     -0.01628420	     -0.00093218	     -0.00113510	     -0.00802301	      0.00214417	      0.00213202	      0.00000000	      0.02041546	      0.00000000	      0.00000000	     -0.00000000	      0.00000000	     -0.00000000	      0.00000000	      0.00000000	      0.00000000	      0.00000000	      0.00000000	      0.00000000	      0.00000000	      0.00000000	      0.00000000	      0.00000000	      0.00000000	      0.00000000	      0.00000000	      0.00000000	      0.00000000	      0.00000000	      0.00000000	      0.00000000	      0.00000000	      0.00000000	      0.00000000	      0.00000000	      0.00000000	      0.00000000	      0.00000000	      0.00000000	      0.00000000	      0.00000000	      0.00000000	      0.00000000	      0.00000000	      0.00000000	      0.00000000	      0.00000000	      0.00000000	      0.00000000	      0.00000000	      0.00000000	      0.00000000	      0.00000000
      4.27000000	      0.00204094	      0.00552892	     -0.00171840	      0.00754189	     -0.00366248	     -0.01160851	     -0.00598288	      0.00000000	      0.00000000	     -0.00000000	      0.00000000	      0.00000000	     -0.00000000	      0.00000000	      0.00461938	     -0.00294012	     -0.01320271	      0.05040699	      0.02089345	     -0.00568798	      0.04458126	      0.03298739	      0.01565481	     -0.00468492	      0.01022516	     -0.00000000	      0.00000000	     -0.01629070	     -0.00092209	     -0.00113747	     -0.00801855	      0.00214082	      0.00212749	      0.00000000	      0.02038585	     -0.00000000	      0.00000000	      0.00000000	      0.00000000	     -0.00000000	      0.00000000	      0.00000000	      0.00000000	      0.00000000	      0.00000000	      0.00000000	      0.00000000	      0.00000000	      0.00000000	      0.00000000	      0.00000000	      0.00000000	      0.00000000	      0.00000000	      0.00000000	      0.00000000	      0.00000000	      0.00000000	      0.00000000	      0.00000000	      0.00000000	      0.00000000	      0.00000000	      0.00000000	      0.00000000	      0.00000000	      0.00000000	      0.00000000	      0.00000000	      0.00000000	      0.00000000	      0.00000000	      0.00000000	      0.00000000	      0.00000000	      0.00000000	      0.00000000	      0.00000000	      0.00000000	      0.00000000
      4.27500000	      0.00205316	      0.00553189	     -0.00171535	      0.00753877	     -0.00365547	     -0.01159601	     -0.00598459	     -0.00000000	     -0.00000000	     -0.00000000	     -0.00000000	     -0.00000000	     -0.00000000	     -0.00000000	      0.00455439	     -0.00300427	     -0.01322268	      0.05037412	      0.02086079	     -0.00572146	      0.04454791	      0.03294813	      0.01562673	     -0.00468477	      0.01022931	     -0.00000000	     -0.00000000	     -0.01629777	     -0.00091256	     -0.00113963	     -0.00801433	      0.00213781	      0.00212350	     -0.00000000	      0.02035843	     -0.00000000	     -0.00000000	      0.00000000	     -0.00000000	      0.00000000	      0.00000000	      0.00000000	      0.00000000	      0.00000000	      0.00000000	      0.00000000	      0.00000000	      0.00000000	      0.00000000	      0.00000000	      0.00000000	      0.00000000	      0.00000000	      0.00000000	      0.00000000	      0.00000000	      0.00000000	      0.00000000	      0.00000000	      0.00000000	      0.00000000	      0.00000000	      0.00000000	      0.00000000	      0.00000000	      0.00000000	      0.00000000	      0.00000000	      0.00000000	      0.00000000	      0.00000000	      0.00000000	      0.00000000	      0.00000000	      0.00000000	      0.00000000	      0.00000000	      0.00000000	      0.00000000	      0.00000000
      4.28000000	      0.00206478	      0.00553474	     -0.00171254	      0.00753582	     -0.00364895	     -0.01158435	     -0.00598613	     -0.00000000	     -0.00000000	      0.00000000	     -0.00000000	      0.00000000	      0.00000000	      0.00000000	      0.00449054	     -0.00306660	     -0.01324186	      0.05034080	      0.02082751	     -0.00575525	      0.04451437	      0.03290905	      0.01559862	     -0.00468416	      0.01023325	     -0.00000000	      0.00000000	     -0.01630550	     -0.00090351	     -0.00114161	     -0.00801031	      0.00213508	      0.00211997	     -0.00000000	      0.02033276	      0.00000000	      0.00000000	     -0.00000000	      0.00000000	      0.00000000	      0.00000000	      0.00000000	      0.00000000	      0.00000000	      0.00000000	      0.00000000	      0.00000000	      0.00000000	      0.00000000	      0.00000000	      0.00000000	      0.00000000	      0.00000000	      0.00000000	      0.00000000	      0.00000000	      0.00000000	      0.00000000	      0.00000000	      0.00000000	      0.00000000	      0.00000000	      0.00000000	      0.00000000	      0.00000000	      0.00000000	      0.00000000	      0.00000000	      0.00000000	      0.00000000	      0.00000000	      0.00000000	      0.00000000	      0.00000000	      0.00000000	      0.00000000	      0.00000000	      0.00000000	      0.00000000	      0.00000000
      4.28500000	      0.00207593	      0.00553750	     -0.00170992	      0.00753307	     -0.00364283	     -0.01157334	     -0.00598755	      0.00000000	      0.00000000	      0.00000000	      0.00000000	      0.00000000	      0.00000000	      0.00000000	      0.00442748	     -0.00312751	     -0.01326042	      0.05030694	      0.02079351	     -0.00578956	      0.04448052	      0.03286992	      0.01557029	     -0.00468321	      0.01023700	      0.00000000	      0.00000000	     -0.01631400	     -0.00089484	     -0.00114345	     -0.00800642	      0.00213258	      0.00211682	      0.00000000	      0.02030836	      0.00000000	      0.00000000	      0.00000000	      0.00000000	      0.00000000	      0.00000000	      0.00000000	      0.00000000	      0.00000000	      0.00000000	      0.00000000	      0.00000000	      0.00000000	      0.00000000	      0.00000000	      0.00000000	      0.00000000	      0.00000000	      0.00000000	      0.00000000	      0.00000000	      0.00000000	      0.00000000	      0.00000000	      0.00000000	      0.00000000	      0.00000000	      0.00000000	      0.00000000	      0.00000000	      0.00000000	      0.00000000	      0.00000000	      0.00000000	      0.00000000	      0.00000000	      0.00000000	      0.00000000	      0.00000000	      0.00000000	      0.00000000	      0.00000000	      0.00000000	      0.00000000	      0.00000000
      4.29000000	      0.00208673	      0.00554019	     -0.00170745	      0.00753055	     -0.00363698	     -0.01156280	     -0.00598888	      0.00000000	     -0.00000000	      0.00000000	      0.00000000	      0.00000000	      0.00000000	      0.00000000	      0.00436488	     -0.00318740	     -0.01327856	      0.05027251	      0.02075872	     -0.00582454	      0.04444623	      0.03283054	      0.01554152	     -0.00468201	      0.01024060	      0.00000000	     -0.00000000	     -0.01632334	     -0.00088646	     -0.00114517	     -0.00800262	      0.00213026	      0.00211397	     -0.00000000	      0.02028474	      0.00000000	      0.00000000	      0.00000000	      0.00000000	      0.00000000	      0.00000000	      0.00000000	      0.00000000	      0.00000000	      0.00000000	      0.00000000	      0.00000000	      0.00000000	      0.00000000	      0.00000000	      0.00000000	      0.00000000	      0.00000000	      0.00000000	      0.00000000	      0.00000000	      0.00000000	      0.00000000	      0.00000000	      0.00000000	      0.00000000	      0.00000000	      0.00000000	      0.00000000	      0.00000000	      0.00000000	      0.00000000	      0.00000000	      0.00000000	      0.00000000	      0.00000000	      0.00000000	      0.00000000	      0.00000000	      0.00000000	      0.00000000	      0.00000000	      0.00000000	      0.00000000	      0.00000000
      4.29500000	      0.00209729	      0.00554282	     -0.00170507	      0.00752805	     -0.00363129	     -0.01155254	     -0.00599015	      0.00000000	     -0.00000000	     -0.00000000	     -0.00000000	     -0.00000000	     -0.00000000	     -0.00000000	      0.00430243	     -0.00324662	     -0.01329646	      0.05023746	      0.02072307	     -0.00586032	      0.04441141	      0.03279072	      0.01551214	     -0.00468066	      0.01024408	     -0.00000000	     -0.00000000	     -0.01633358	     -0.00087826	     -0.00114682	     -0.00799884	      0.00212807	      0.00211133	     -0.00000000	      0.02026143	      0.00000000	     -0.00000000	      0.00000000	      0.00000000	      0.00000000	      0.00000000	      0.00000000	      0.00000000	      0.00000000	      0.00000000	      0.00000000	      0.00000000	      0.00000000	      0.00000000	      0.00000000	      0.00000000	      0.00000000	      0.00000000	      0.00000000	      0.00000000	      0.00000000	      0.00000000	      0.00000000	      0.00000000	      0.00000000	      0.00000000	      0.00000000	      0.00000000	      0.00000000	      0.00000000	      0.00000000	      0.00000000	      0.00000000	      0.00000000	      0.00000000	      0.00000000	      0.00000000	      0.00000000	      0.00000000	      0.00000000	      0.00000000	      0.00000000	      0.00000000	      0.00000000	      0.00000000
      4.30000000	      0.00210774	      0.00554541	     -0.00170272	      0.00752560	     -0.00362565	     -0.01154238	     -0.00599140	     -0.00000000	      0.00000000	     -0.00000000	     -0.00000000	      0.00000000	      0.00000000	      0.00000000	      0.00423983	     -0.00330556	     -0.01331431	      0.05020179	      0.02068656	     -0.00589702	      0.04437598	      0.03275028	      0.01548200	     -0.00467925	      0.01024749	      0.00000000	      0.00000000	     -0.01634476	     -0.00087016	     -0.00114842	     -0.00799503	      0.00212596	      0.00210880	      0.00000000	      0.02023794	      0.00000000	      0.00000000	      0.00000000	     -0.00000000	      0.00000000	      0.00000000	      0.00000000	      0.00000000	      0.00000000	      0.00000000	      0.00000000	      0.00000000	      0.00000000	      0.00000000	      0.00000000	      0.00000000	      0.00000000	      0.00000000	      0.00000000	      0.00000000	      0.00000000	      0.00000000	      0.00000000	      0.00000000	      0.00000000	      0.00000000	      0.00000000	      0.00000000	      0.00000000	      0.00000000	      0.00000000	      0.00000000	      0.00000000	      0.00000000	      0.00000000	      0.00000000	      0.00000000	      0.00000000	      0.00000000	      0.00000000	      0.00000000	      0.00000000	      0.00000000	      0.00000000	      0.00000000
      4.30500000	      0.00211820	      0.00554797	     -0.00170035	      0.00752315	     -0.00361995	     -0.01153213	     -0.00599264	     -0.00000000	     -0.00000000	      0.00000000	     -0.00000000	      0.00000000	      0.00000000	      0.00000000	      0.00417682	     -0.00336455	     -0.01333228	      0.05016554	      0.02064921	     -0.00593469	      0.04433989	      0.03270910	      0.01545097	     -0.00467790	      0.01025085	      0.00000000	      0.00000000	     -0.01635686	     -0.00086204	     -0.00115003	     -0.00799113	      0.00212388	      0.00210630	      0.00000000	      0.02021381	      0.00000000	      0.00000000	     -0.00000000	      0.00000000	      0.00000000	      0.00000000	      0.00000000	      0.00000000	      0.00000000	      0.00000000	      0.00000000	      0.00000000	      0.00000000	      0.00000000	      0.00000000	      0.00000000	      0.00000000	      0.00000000	      0.00000000	      0.00000000	      0.00000000	      0.00000000	      0.00000000	      0.00000000	      0.00000000	      0.00000000	      0.00000000	      0.00000000	      0.00000000	      0.00000000	      0.00000000	      0.00000000	      0.00000000	      0.00000000	      0.00000000	      0.00000000	      0.00000000	      0.00000000	      0.00000000	      0.00000000	      0.00000000	      0.00000000	      0.00000000	      0.00000000	      0.00000000
      4.31000000	      0.00212879	      0.00555052	     -0.00169790	      0.00752064	     -0.00361408	     -0.01152159	     -0.00599393	      0.00000000	     -0.00000000	      0.00000000	      0.00000000	     -0.00000000	      0.00000000	      0.00000000	      0.00411319	     -0.00342392	     -0.01335054	      0.05012873	      0.02061109	     -0.00597333	      0.04430312	      0.03266708	      0.01541897	     -0.00467669	      0.01025421	     -0.00000000	      0.00000000	     -0.01636989	     -0.00085382	     -0.00115166	     -0.00798709	      0.00212176	      0.00210374	      0.00000000	      0.02018859	     -0.00000000	      0.00000000	      0.00000000	      0.00000000	      0.00000000	      0.00000000	      0.00000000	      0.00000000	      0.00000000	      0.00000000	      0.00000000	      0.00000000	      0.00000000	      0.00000000	      0.00000000	      0.00000000	      0.00000000	      0.00000000	      0.00000000	      0.00000000	      0.00000000	      0.00000000	      0.00000000	      0.00000000	      0.00000000	      0.00000000	      0.00000000	      0.00000000	      0.00000000	      0.00000000	      0.00000000	      0.00000000	      0.00000000	      0.00000000	      0.00000000	      0.00000000	      0.00000000	      0.00000000	      0.00000000	      0.00000000	      0.00000000	      0.00000000	      0.00000000	      0.00000000	      0.00000000
      4.31500000	      0.00213961	      0.00555307	     -0.00169533	      0.00751803	     -0.00360793	     -0.01151061	     -0.00599528	     -0.00000000	      0.00000000	     -0.00000000	     -0.00000000	     -0.00000000	     -0.00000000	     -0.00000000	      0.00404874	     -0.00348395	     -0.01336924	      0.05009146	      0.02057228	     -0.00601294	      0.04426567	      0.03262414	      0.01538595	     -0.00467574	      0.01025760	      0.00000000	     -0.00000000	     -0.01638377	     -0.00084541	     -0.00115336	     -0.00798287	      0.00211956	      0.00210103	     -0.00000000	      0.02016187	     -0.00000000	     -0.00000000	     -0.00000000	      0.00000000	      0.00000000	      0.00000000	      0.00000000	      0.00000000	      0.00000000	      0.00000000	      0.00000000	      0.00000000	      0.00000000	      0.00000000	      0.00000000	      0.00000000	      0.00000000	      0.00000000	      0.00000000	      0.00000000	      0.00000000	      0.00000000	      0.00000000	      0.00000000	      0.00000000	      0.00000000	      0.00000000	      0.00000000	      0.00000000	      0.00000000	      0.00000000	      0.00000000	      0.00000000	      0.00000000	      0.00000000	      0.00000000	      0.00000000	      0.00000000	      0.00000000	      0.00000000	      0.00000000	      0.00000000	      0.00000000	      0.00000000	      0.00000000
      4.32000000	      0.00215079	      0.00555563	     -0.00169258	      0.00751513	     -0.00360139	     -0.01149899	     -0.00599672	     -0.00000000	     -0.00000000	      0.00000000	      0.00000000	     -0.00000000	      0.00000000	      0.00000000	      0.00398333	     -0.00354490	     -0.01338853	      0.05005382	      0.02053292	     -0.00605344	      0.04422758	      0.03258026	      0.01535189	     -0.00467513	      0.01026105	      0.00000000	      0.00000000	     -0.01639844	     -0.00083672	     -0.00115517	     -0.00797842	      0.00211722	      0.00209808	      0.00000000	      0.02013326	      0.00000000	     -0.00000000	     -0.00000000	     -0.00000000	     -0.00000000	      0.00000000	      0.00000000	      0.00000000	      0.00000000	      0.00000000	      0.00000000	      0.00000000	      0.00000000	      0.00000000	      0.00000000	      0.00000000	      0.00000000	      0.00000000	      0.00000000	      0.00000000	      0.00000000	      0.00000000	      0.00000000	      0.00000000	      0.00000000	      0.00000000	      0.00000000	      0.00000000	      0.00000000	      0.00000000	      0.00000000	      0.00000000	      0.00000000	      0.00000000	      0.00000000	      0.00000000	      0.00000000	      0.00000000	      0.00000000	      0.00000000	      0.00000000	      0.00000000	      0.00000000	      0.00000000	      0.00000000
      4.32500000	      0.00216241	      0.00555822	     -0.00168961	      0.00751215	     -0.00359438	     -0.01148660	     -0.00599828	     -0.00000000	     -0.00000000	     -0.00000000	     -0.00000000	     -0.00000000	      0.00000000	      0.00000000	      0.00391686	     -0.00360698	     -0.01340852	      0.05001595	      0.02049317	     -0.00609472	      0.04418891	      0.03253545	      0.01531683	     -0.00467496	      0.01026459	      0.00000000	      0.00000000	     -0.01641380	     -0.00082766	     -0.00115710	     -0.00797370	      0.00211471	      0.00209483	      0.00000000	      0.02010241	      0.00000000	      0.00000000	     -0.00000000	     -0.00000000	     -0.00000000	      0.00000000	      0.00000000	      0.00000000	      0.00000000	      0.00000000	      0.00000000	      0.00000000	      0.00000000	      0.00000000	      0.00000000	      0.00000000	      0.00000000	      0.00000000	      0.00000000	      0.00000000	      0.00000000	      0.00000000	      0.00000000	      0.00000000	      0.00000000	      0.00000000	      0.00000000	      0.00000000	      0.00000000	      0.00000000	      0.00000000	      0.00000000	      0.00000000	      0.00000000	      0.00000000	      0.00000000	      0.00000000	      0.00000000	      0.00000000	      0.00000000	      0.00000000	      0.00000000	      0.00000000	      0.00000000	      0.00000000
      4.33000000	      0.00217455	      0.00556084	     -0.00168637	      0.00750893	     -0.00358681	     -0.01147328	     -0.00599999	     -0.00000000	     -0.00000000	     -0.00000000	     -0.00000000	      0.00000000	      0.00000000	      0.00000000	      0.00384926	     -0.00367035	     -0.01342933	      0.04997799	      0.02045323	     -0.00613665	      0.04414975	      0.03248974	      0.01528080	     -0.00467530	      0.01026825	      0.00000000	      0.00000000	     -0.01642972	     -0.00081817	     -0.00115920	     -0.00796868	      0.00211197	      0.00209118	      0.00000000	      0.02006903	      0.00000000	      0.00000000	      0.00000000	      0.00000000	      0.00000000	      0.00000000	      0.00000000	      0.00000000	      0.00000000	      0.00000000	      0.00000000	      0.00000000	      0.00000000	      0.00000000	      0.00000000	      0.00000000	      0.00000000	      0.00000000	      0.00000000	      0.00000000	      0.00000000	      0.00000000	      0.00000000	      0.00000000	      0.00000000	      0.00000000	      0.00000000	      0.00000000	      0.00000000	      0.00000000	      0.00000000	      0.00000000	      0.00000000	      0.00000000	      0.00000000	      0.00000000	      0.00000000	      0.00000000	      0.00000000	      0.00000000	      0.00000000	      0.00000000	      0.00000000	      0.00000000	      0.00000000
      4.33500000	      0.00218729	      0.00556350	     -0.00168284	      0.00750564	     -0.00357862	     -0.01145893	     -0.00600185	      0.00000000	     -0.00000000	     -0.00000000	     -0.00000000	     -0.00000000	      0.00000000	      0.00000000	      0.00378054	     -0.00373516	     -0.01345104	      0.04994010	      0.02041329	     -0.00617906	      0.04411020	      0.03244320	      0.01524390	     -0.00467625	      0.01027205	      0.00000000	     -0.00000000	     -0.01644607	     -0.00080819	     -0.00116148	     -0.00796333	      0.00210897	      0.00208708	      0.00000000	      0.02003287	     -0.00000000	      0.00000000	      0.00000000	      0.00000000	      0.00000000	      0.00000000	      0.00000000	      0.00000000	      0.00000000	      0.00000000	      0.00000000	      0.00000000	      0.00000000	      0.00000000	      0.00000000	      0.00000000	      0.00000000	      0.00000000	      0.00000000	      0.00000000	      0.00000000	      0.00000000	      0.00000000	      0.00000000	      0.00000000	      0.00000000	      0.00000000	      0.00000000	      0.00000000	      0.00000000	      0.00000000	      0.00000000	      0.00000000	      0.00000000	      0.00000000	      0.00000000	      0.00000000	      0.00000000	      0.00000000	      0.00000000	      0.00000000	      0.00000000	      0.00000000	      0.00000000	      0.00000000
      4.34000000	      0.00220069	      0.00556620	     -0.00167898	      0.00750183	     -0.00356973	     -0.01144343	     -0.00600389	      0.00000000	      0.00000000	      0.00000000	      0.00000000	      0.00000000	      0.00000000	      0.00000000	      0.00371071	     -0.00380147	     -0.01347370	      0.04990244	      0.02037359	     -0.00622176	      0.04407038	      0.03239593	      0.01520623	     -0.00467786	      0.01027601	      0.00000000	      0.00000000	     -0.01646270	     -0.00079767	     -0.00116397	     -0.00795764	      0.00210566	      0.00208245	      0.00000000	      0.01999374	      0.00000000	      0.00000000	      0.00000000	      0.00000000	     -0.00000000	      0.00000000	      0.00000000	      0.00000000	      0.00000000	      0.00000000	      0.00000000	      0.00000000	      0.00000000	      0.00000000	      0.00000000	      0.00000000	      0.00000000	      0.00000000	      0.00000000	      0.00000000	      0.00000000	      0.00000000	      0.00000000	      0.00000000	      0.00000000	      0.00000000	      0.00000000	      0.00000000	      0.00000000	      0.00000000	      0.00000000	      0.00000000	      0.00000000	      0.00000000	      0.00000000	      0.00000000	      0.00000000	      0.00000000	      0.00000000	      0.00000000	      0.00000000	      0.00000000	      0.00000000	      0.00000000	      0.00000000
      4.34500000	      0.00221479	      0.00556895	     -0.00167476	      0.00749767	     -0.00356011	     -0.01142671	     -0.00600612	      0.00000000	     -0.00000000	     -0.00000000	      0.00000000	     -0.00000000	     -0.00000000	      0.00000000	      0.00363984	     -0.00386933	     -0.01349737	      0.04986520	      0.02033434	     -0.00626454	      0.04403044	      0.03234804	      0.01516793	     -0.00468021	      0.01028015	     -0.00000000	     -0.00000000	     -0.01647944	     -0.00078656	     -0.00116670	     -0.00795158	      0.00210203	      0.00207726	     -0.00000000	      0.01995151	     -0.00000000	     -0.00000000	      0.00000000	     -0.00000000	      0.00000000	      0.00000000	      0.00000000	      0.00000000	      0.00000000	      0.00000000	      0.00000000	      0.00000000	      0.00000000	      0.00000000	      0.00000000	      0.00000000	      0.00000000	      0.00000000	      0.00000000	      0.00000000	      0.00000000	      0.00000000	      0.00000000	      0.00000000	      0.00000000	      0.00000000	      0.00000000	      0.00000000	      0.00000000	      0.00000000	      0.00000000	      0.00000000	      0.00000000	      0.00000000	      0.00000000	      0.00000000	      0.00000000	      0.00000000	      0.00000000	      0.00000000	      0.00000000	      0.00000000	      0.00000000	      0.00000000	      0.00000000
      4.35000000	      0.00222962	      0.00557174	     -0.00167017	      0.00749316	     -0.00354973	     -0.01140873	     -0.00600856	      0.00000000	      0.00000000	      0.00000000	      0.00000000	     -0.00000000	      0.00000000	      0.00000000	      0.00356803	     -0.00393872	     -0.01352205	      0.04982855	      0.02029578	     -0.00630718	      0.04399050	      0.03229968	      0.01512914	     -0.00468332	      0.01028448	     -0.00000000	     -0.00000000	     -0.01649615	     -0.00077485	     -0.00116966	     -0.00794516	      0.00209804	      0.00207145	      0.00000000	      0.01990609	     -0.00000000	     -0.00000000	      0.00000000	      0.00000000	     -0.00000000	      0.00000000	      0.00000000	      0.00000000	      0.00000000	      0.00000000	      0.00000000	      0.00000000	      0.00000000	      0.00000000	      0.00000000	      0.00000000	      0.00000000	      0.00000000	      0.00000000	      0.00000000	      0.00000000	      0.00000000	      0.00000000	      0.00000000	      0.00000000	      0.00000000	      0.00000000	      0.00000000	      0.00000000	      0.00000000	      0.00000000	      0.00000000	      0.00000000	      0.00000000	      0.00000000	      0.00000000	      0.00000000	      0.00000000	      0.00000000	      0.00000000	      0.00000000	      0.00000000	      0.00000000	      0.00000000	      0.00000000
      4.35500000	      0.00224519	      0.00557458	     -0.00166520	      0.00748805	     -0.00353856	     -0.01138944	     -0.00601120	     -0.00000000	     -0.00000000	     -0.00000000	     -0.00000000	     -0.00000000	     -0.00000000	     -0.00000000	      0.00349542	     -0.00400961	     -0.01354775	      0.04979264	      0.02025812	     -0.00634947	      0.04395073	      0.03225100	      0.01509002	     -0.00468725	      0.01028900	     -0.00000000	     -0.00000000	     -0.01651265	     -0.00076252	     -0.00117287	     -0.00793838	      0.00209368	      0.00206501	     -0.00000000	      0.01985748	     -0.00000000	     -0.00000000	     -0.00000000	     -0.00000000	     -0.00000000	      0.00000000	      0.00000000	      0.00000000	      0.00000000	      0.00000000	      0.00000000	      0.00000000	      0.00000000	      0.00000000	      0.00000000	      0.00000000	      0.00000000	      0.00000000	      0.00000000	      0.00000000	      0.00000000	      0.00000000	      0.00000000	      0.00000000	      0.00000000	      0.00000000	      0.00000000	      0.00000000	      0.00000000	      0.00000000	      0.00000000	      0.00000000	      0.00000000	      0.00000000	      0.00000000	      0.00000000	      0.00000000	      0.00000000	      0.00000000	      0.00000000	      0.00000000	      0.00000000	      0.00000000	      0.00000000	      0.00000000
      4.36000000	      0.00226150	      0.00557747	     -0.00165985	      0.00748279	     -0.00352662	     -0.01136885	     -0.00601404	     -0.00000000	      0.00000000	      0.00000000	      0.00000000	      0.00000000	     -0.00000000	     -0.00000000	      0.00342215	     -0.00408191	     -0.01357443	      0.04975764	      0.02022158	     -0.00639118	      0.04391126	      0.03220214	      0.01505075	     -0.00469201	      0.01029372	      0.00000000	      0.00000000	     -0.01652880	     -0.00074956	     -0.00117633	     -0.00793124	      0.00208894	      0.00205789	      0.00000000	      0.01980571	      0.00000000	      0.00000000	     -0.00000000	     -0.00000000	     -0.00000000	      0.00000000	      0.00000000	      0.00000000	      0.00000000	      0.00000000	      0.00000000	      0.00000000	      0.00000000	      0.00000000	      0.00000000	      0.00000000	      0.00000000	      0.00000000	      0.00000000	      0.00000000	      0.00000000	      0.00000000	      0.00000000	      0.00000000	      0.00000000	      0.00000000	      0.00000000	      0.00000000	      0.00000000	      0.00000000	      0.00000000	      0.00000000	      0.00000000	      0.00000000	      0.00000000	      0.00000000	      0.00000000	      0.00000000	      0.00000000	      0.00000000	      0.00000000	      0.00000000	      0.00000000	      0.00000000	      0.00000000
      4.36500000	      0.00227853	      0.00558039	     -0.00165412	      0.00747715	     -0.00351390	     -0.01134697	     -0.00601710	     -0.00000000	     -0.00000000	     -0.00000000	      0.00000000	     -0.00000000	     -0.00000000	     -0.00000000	      0.00334841	     -0.00415550	     -0.01360206	      0.04972368	      0.02018631	     -0.00643212	      0.04387222	      0.03215328	      0.01501147	     -0.00469763	      0.01029863	     -0.00000000	     -0.00000000	     -0.01654446	     -0.00073600	     -0.00118005	     -0.00792375	      0.00208380	      0.00205010	     -0.00000000	      0.01975088	     -0.00000000	     -0.00000000	     -0.00000000	     -0.00000000	      0.00000000	      0.00000000	      0.00000000	      0.00000000	      0.00000000	      0.00000000	      0.00000000	      0.00000000	      0.00000000	      0.00000000	      0.00000000	      0.00000000	      0.00000000	      0.00000000	      0.00000000	      0.00000000	      0.00000000	      0.00000000	      0.00000000	      0.00000000	      0.00000000	      0.00000000	      0.00000000	      0.00000000	      0.00000000	      0.00000000	      0.00000000	      0.00000000	      0.00000000	      0.00000000	      0.00000000	      0.00000000	      0.00000000	      0.00000000	      0.00000000	      0.00000000	      0.00000000	      0.00000000	      0.00000000	      0.00000000	      0.00000000
      4.37000000	      0.00229625	      0.00558334	     -0.00164802	      0.00747113	     -0.00350044	     -0.01132386	     -0.00602036	      0.00000000	      0.00000000	     -0.00000000	      0.00000000	     -0.00000000	      0.00000000	      0.00000000	      0.00327435	     -0.00423024	     -0.01363056	      0.04969086	      0.02015249	     -0.00647211	      0.04383374	      0.03210454	      0.01497235	     -0.00470409	      0.01030373	      0.00000000	     -0.00000000	     -0.01655951	     -0.00072184	     -0.00118402	     -0.00791594	      0.00207828	      0.00204164	      0.00000000	      0.01969312	     -0.00000000	     -0.00000000	     -0.00000000	      0.00000000	     -0.00000000	      0.00000000	      0.00000000	      0.00000000	      0.00000000	      0.00000000	      0.00000000	      0.00000000	      0.00000000	      0.00000000	      0.00000000	      0.00000000	      0.00000000	      0.00000000	      0.00000000	      0.00000000	      0.00000000	      0.00000000	      0.00000000	      0.00000000	      0.00000000	      0.00000000	      0.00000000	      0.00000000	      0.00000000	      0.00000000	      0.00000000	      0.00000000	      0.00000000	      0.00000000	      0.00000000	      0.00000000	      0.00000000	      0.00000000	      0.00000000	      0.00000000	      0.00000000	      0.00000000	      0.00000000	      0.00000000	      0.00000000
      4.37500000	      0.00231461	      0.00558631	     -0.00164157	      0.00746495	     -0.00348626	     -0.01129956	     -0.00602381	     -0.00000000	     -0.00000000	     -0.00000000	     -0.00000000	      0.00000000	     -0.00000000	     -0.00000000	      0.00320018	     -0.00430597	     -0.01365987	      0.04965927	      0.02012021	     -0.00651101	      0.04379591	      0.03205608	      0.01493352	     -0.00471141	      0.01030900	     -0.00000000	     -0.00000000	     -0.01657386	     -0.00070713	     -0.00118822	     -0.00790782	      0.00207238	      0.00203250	     -0.00000000	      0.01963259	     -0.00000000	     -0.00000000	     -0.00000000	      0.00000000	      0.00000000	      0.00000000	      0.00000000	      0.00000000	      0.00000000	      0.00000000	      0.00000000	      0.00000000	      0.00000000	      0.00000000	      0.00000000	      0.00000000	      0.00000000	      0.00000000	      0.00000000	      0.00000000	      0.00000000	      0.00000000	      0.00000000	      0.00000000	      0.00000000	      0.00000000	      0.00000000	      0.00000000	      0.00000000	      0.00000000	      0.00000000	      0.00000000	      0.00000000	      0.00000000	      0.00000000	      0.00000000	      0.00000000	      0.00000000	      0.00000000	      0.00000000	      0.00000000	      0.00000000	      0.00000000	      0.00000000	      0.00000000
      4.38000000	      0.00233357	      0.00558930	     -0.00163478	      0.00745813	     -0.00347143	     -0.01127415	     -0.00602746	     -0.00000000	     -0.00000000	     -0.00000000	     -0.00000000	     -0.00000000	     -0.00000000	     -0.00000000	      0.00312607	     -0.00438251	     -0.01368990	      0.04962897	      0.02008955	     -0.00654870	      0.04375881	      0.03200800	      0.01489509	     -0.00471955	      0.01031443	     -0.00000000	     -0.00000000	     -0.01658746	     -0.00069191	     -0.00119265	     -0.00789942	      0.00206611	      0.00202272	     -0.00000000	      0.01956951	     -0.00000000	     -0.00000000	      0.00000000	      0.00000000	     -0.00000000	      0.00000000	      0.00000000	      0.00000000	      0.00000000	      0.00000000	      0.00000000	      0.00000000	      0.00000000	      0.00000000	      0.00000000	      0.00000000	      0.00000000	      0.00000000	      0.00000000	      0.00000000	      0.00000000	      0.00000000	      0.00000000	      0.00000000	      0.00000000	      0.00000000	      0.00000000	      0.00000000	      0.00000000	      0.00000000	      0.00000000	      0.00000000	      0.00000000	      0.00000000	      0.00000000	      0.00000000	      0.00000000	      0.00000000	      0.00000000	      0.00000000	      0.00000000	      0.00000000	      0.00000000	      0.00000000	      0.00000000
      4.38500000	      0.00235306	      0.00559230	     -0.00162769	      0.00745111	     -0.00345599	     -0.01124774	     -0.00603128	      0.00000000	     -0.00000000	     -0.00000000	     -0.00000000	     -0.00000000	      0.00000000	      0.00000000	      0.00305219	     -0.00445966	     -0.01372054	      0.04959998	      0.02006055	     -0.00658511	      0.04372250	      0.03196040	      0.01485714	     -0.00472851	      0.01032000	      0.00000000	      0.00000000	     -0.01660027	     -0.00067621	     -0.00119729	     -0.00789076	      0.00205949	      0.00201231	      0.00000000	      0.01950408	      0.00000000	      0.00000000	      0.00000000	      0.00000000	     -0.00000000	      0.00000000	      0.00000000	      0.00000000	      0.00000000	      0.00000000	      0.00000000	      0.00000000	      0.00000000	      0.00000000	      0.00000000	      0.00000000	      0.00000000	      0.00000000	      0.00000000	      0.00000000	      0.00000000	      0.00000000	      0.00000000	      0.00000000	      0.00000000	      0.00000000	      0.00000000	      0.00000000	      0.00000000	      0.00000000	      0.00000000	      0.00000000	      0.00000000	      0.00000000	      0.00000000	      0.00000000	      0.00000000	      0.00000000	      0.00000000	      0.00000000	      0.00000000	      0.00000000	      0.00000000	      0.00000000	      0.00000000
      4.39000000	      0.00237302	      0.00559529	     -0.00162032	      0.00744380	     -0.00344001	     -0.01122041	     -0.00603528	      0.00000000	     -0.00000000	     -0.00000000	      0.00000000	      0.00000000	     -0.00000000	     -0.00000000	      0.00297872	     -0.00453722	     -0.01375171	      0.04957230	      0.02003319	     -0.00662022	      0.04368700	      0.03191334	      0.01481974	     -0.00473824	      0.01032569	     -0.00000000	     -0.00000000	     -0.01661229	     -0.00066010	     -0.00120213	     -0.00788188	      0.00205253	      0.00200131	     -0.00000000	      0.01943655	      0.00000000	     -0.00000000	      0.00000000	      0.00000000	      0.00000000	      0.00000000	      0.00000000	      0.00000000	      0.00000000	      0.00000000	      0.00000000	      0.00000000	      0.00000000	      0.00000000	      0.00000000	      0.00000000	      0.00000000	      0.00000000	      0.00000000	      0.00000000	      0.00000000	      0.00000000	      0.00000000	      0.00000000	      0.00000000	      0.00000000	      0.00000000	      0.00000000	      0.00000000	      0.00000000	      0.00000000	      0.00000000	      0.00000000	      0.00000000	      0.00000000	      0.00000000	      0.00000000	      0.00000000	      0.00000000	      0.00000000	      0.00000000	      0.00000000	      0.00000000	      0.00000000	      0.00000000
      4.39500000	      0.00239336	      0.00559826	     -0.00161320	      0.00743631	     -0.00342354	     -0.01119229	     -0.00603942	     -0.00000000	      0.00000000	      0.00000000	     -0.00000000	     -0.00000000	      0.00000000	      0.00000000	      0.00290580	     -0.00461497	     -0.01378330	      0.04954588	      0.02000741	     -0.00665402	      0.04365233	      0.03186688	      0.01478290	     -0.00474873	      0.01033147	      0.00000000	      0.00000000	     -0.01662358	     -0.00064365	     -0.00120712	     -0.00787279	      0.00204526	      0.00198975	      0.00000000	      0.01936715	      0.00000000	      0.00000000	      0.00000000	     -0.00000000	     -0.00000000	      0.00000000	      0.00000000	      0.00000000	      0.00000000	      0.00000000	      0.00000000	      0.00000000	      0.00000000	      0.00000000	      0.00000000	      0.00000000	      0.00000000	      0.00000000	      0.00000000	      0.00000000	      0.00000000	      0.00000000	      0.00000000	      0.00000000	      0.00000000	      0.00000000	      0.00000000	      0.00000000	      0.00000000	      0.00000000	      0.00000000	      0.00000000	      0.00000000	      0.00000000	      0.00000000	      0.00000000	      0.00000000	      0.00000000	      0.00000000	      0.00000000	      0.00000000	      0.00000000	      0.00000000	      0.00000000	      0.00000000
      4.40000000	      0.00241401	      0.00560121	     -0.00160537	      0.00742859	     -0.00340666	     -0.01116349	     -0.00604372	     -0.00000000	     -0.00000000	     -0.00000000	      0.00000000	      0.00000000	     -0.00000000	     -0.00000000	      0.00283358	     -0.00469272	     -0.01381520	      0.04952068	      0.01998314	     -0.00668659	      0.04361846	      0.03182104	      0.01474663	     -0.00475992	      0.01033732	      0.00000000	      0.00000000	     -0.01663420	     -0.00062690	     -0.00121227	     -0.00786353	      0.00203771	      0.00197768	      0.00000000	      0.01929611	     -0.00000000	     -0.00000000	     -0.00000000	     -0.00000000	     -0.00000000	      0.00000000	      0.00000000	      0.00000000	      0.00000000	      0.00000000	      0.00000000	      0.00000000	      0.00000000	      0.00000000	      0.00000000	      0.00000000	      0.00000000	      0.00000000	      0.00000000	      0.00000000	      0.00000000	      0.00000000	      0.00000000	      0.00000000	      0.00000000	      0.00000000	      0.00000000	      0.00000000	      0.00000000	      0.00000000	      0.00000000	      0.00000000	      0.00000000	      0.00000000	      0.00000000	      0.00000000	      0.00000000	      0.00000000	      0.00000000	      0.00000000	      0.00000000	      0.00000000	      0.00000000	      0.00000000	      0.00000000
      4.40500000	      0.00243488	      0.00560412	     -0.00159696	      0.00742060	     -0.00338943	     -0.01113414	     -0.00604813	     -0.00000000	     -0.00000000	     -0.00000000	      0.00000000	      0.00000000	     -0.00000000	     -0.00000000	      0.00276219	     -0.00477023	     -0.01384730	      0.04949662	      0.01996025	     -0.00671799	      0.04358536	      0.03177580	      0.01471090	     -0.00477179	      0.01034320	      0.00000000	      0.00000000	     -0.01664427	     -0.00060994	     -0.00121754	     -0.00785413	      0.00202991	      0.00196515	     -0.00000000	      0.01922368	      0.00000000	      0.00000000	     -0.00000000	     -0.00000000	     -0.00000000	      0.00000000	      0.00000000	      0.00000000	      0.00000000	      0.00000000	      0.00000000	      0.00000000	      0.00000000	      0.00000000	      0.00000000	      0.00000000	      0.00000000	      0.00000000	      0.00000000	      0.00000000	      0.00000000	      0.00000000	      0.00000000	      0.00000000	      0.00000000	      0.00000000	      0.00000000	      0.00000000	      0.00000000	      0.00000000	      0.00000000	      0.00000000	      0.00000000	      0.00000000	      0.00000000	      0.00000000	      0.00000000	      0.00000000	      0.00000000	      0.00000000	      0.00000000	      0.00000000	      0.00000000	      0.00000000	      0.00000000
      4.41000000	      0.00245589	      0.00560698	     -0.00158813	      0.00741247	     -0.00337193	     -0.01110434	     -0.00605267	     -0.00000000	      0.00000000	     -0.00000000	      0.00000000	     -0.00000000	      0.00000000	      0.00000000	      0.00269177	     -0.00484728	     -0.01387951	      0.04947360	      0.01993858	     -0.00674836	      0.04355297	      0.03173116	      0.01467564	     -0.00478428	      0.01034909	      0.00000000	      0.00000000	     -0.01665391	     -0.00059283	     -0.00122290	     -0.00784461	      0.00202188	      0.00195220	      0.00000000	      0.01915008	      0.00000000	      0.00000000	      0.00000000	      0.00000000	     -0.00000000	      0.00000000	      0.00000000	      0.00000000	      0.00000000	      0.00000000	      0.00000000	      0.00000000	      0.00000000	      0.00000000	      0.00000000	      0.00000000	      0.00000000	      0.00000000	      0.00000000	      0.00000000	      0.00000000	      0.00000000	      0.00000000	      0.00000000	      0.00000000	      0.00000000	      0.00000000	      0.00000000	      0.00000000	      0.00000000	      0.00000000	      0.00000000	      0.00000000	      0.00000000	      0.00000000	      0.00000000	      0.00000000	      0.00000000	      0.00000000	      0.00000000	      0.00000000	      0.00000000	      0.00000000	      0.00000000	      0.00000000
      4.41500000	      0.00247696	      0.00560979	     -0.00158077	      0.00740387	     -0.00335423	     -0.01107424	     -0.00605730	     -0.00000000	     -0.00000000	      0.00000000	     -0.00000000	     -0.00000000	      0.00000000	      0.00000000	      0.00262243	     -0.00492367	     -0.01391171	      0.04945151	      0.01991798	     -0.00677783	      0.04352123	      0.03168707	      0.01464079	     -0.00479736	      0.01035496	      0.00000000	      0.00000000	     -0.01666328	     -0.00057564	     -0.00122833	     -0.00783500	      0.00201367	      0.00193889	      0.00000000	      0.01907553	      0.00000000	     -0.00000000	     -0.00000000	     -0.00000000	     -0.00000000	      0.00000000	      0.00000000	      0.00000000	      0.00000000	      0.00000000	      0.00000000	      0.00000000	      0.00000000	      0.00000000	      0.00000000	      0.00000000	      0.00000000	      0.00000000	      0.00000000	      0.00000000	      0.00000000	      0.00000000	      0.00000000	      0.00000000	      0.00000000	      0.00000000	      0.00000000	      0.00000000	      0.00000000	      0.00000000	      0.00000000	      0.00000000	      0.00000000	      0.00000000	      0.00000000	      0.00000000	      0.00000000	      0.00000000	      0.00000000	      0.00000000	      0.00000000	      0.00000000	      0.00000000	      0.00000000	      0.00000000
      4.42000000	      0.00249800	      0.00561252	     -0.00157195	      0.00739553	     -0.00333640	     -0.01104396	     -0.00606202	      0.00000000	      0.00000000	      0.00000000	      0.00000000	      0.00000000	     -0.00000000	      0.00000000	      0.00255427	     -0.00499916	     -0.01394380	      0.04943024	      0.01989824	     -0.00680657	      0.04349006	      0.03164350	      0.01460624	     -0.00481098	      0.01036078	      0.00000000	     -0.00000000	     -0.01667256	     -0.00055846	     -0.00123381	     -0.00782531	      0.00200531	      0.00192527	      0.00000000	      0.01900025	      0.00000000	     -0.00000000	      0.00000000	     -0.00000000	     -0.00000000	      0.00000000	      0.00000000	      0.00000000	      0.00000000	      0.00000000	      0.00000000	      0.00000000	      0.00000000	      0.00000000	      0.00000000	      0.00000000	      0.00000000	      0.00000000	      0.00000000	      0.00000000	      0.00000000	      0.00000000	      0.00000000	      0.00000000	      0.00000000	      0.00000000	      0.00000000	      0.00000000	      0.00000000	      0.00000000	      0.00000000	      0.00000000	      0.00000000	      0.00000000	      0.00000000	      0.00000000	      0.00000000	      0.00000000	      0.00000000	      0.00000000	      0.00000000	      0.00000000	      0.00000000	      0.00000000	      0.00000000
      4.42500000	      0.00251892	      0.00561517	     -0.00156303	      0.00738726	     -0.00331850	     -0.01101361	     -0.00606682	      0.00000000	     -0.00000000	     -0.00000000	      0.00000000	     -0.00000000	     -0.00000000	      0.00000000	      0.00248742	     -0.00507353	     -0.01397569	      0.04940967	      0.01987920	     -0.00683475	      0.04345939	      0.03160038	      0.01457189	     -0.00482509	      0.01036650	     -0.00000000	      0.00000000	     -0.01668192	     -0.00054134	     -0.00123931	     -0.00781559	      0.00199683	      0.00191141	     -0.00000000	      0.01892442	      0.00000000	      0.00000000	     -0.00000000	      0.00000000	      0.00000000	      0.00000000	      0.00000000	      0.00000000	      0.00000000	      0.00000000	      0.00000000	      0.00000000	      0.00000000	      0.00000000	      0.00000000	      0.00000000	      0.00000000	      0.00000000	      0.00000000	      0.00000000	      0.00000000	      0.00000000	      0.00000000	      0.00000000	      0.00000000	      0.00000000	      0.00000000	      0.00000000	      0.00000000	      0.00000000	      0.00000000	      0.00000000	      0.00000000	      0.00000000	      0.00000000	      0.00000000	      0.00000000	      0.00000000	      0.00000000	      0.00000000	      0.00000000	      0.00000000	      0.00000000	      0.00000000	      0.00000000
      4.43000000	      0.00253964	      0.00561773	     -0.00155525	      0.00737887	     -0.00330061	     -0.01098332	     -0.00607166	     -0.00000000	      0.00000000	      0.00000000	      0.00000000	      0.00000000	     -0.00000000	     -0.00000000	      0.00242199	     -0.00514657	     -0.01400727	      0.04938969	      0.01986063	     -0.00686255	      0.04342914	      0.03155768	      0.01453764	     -0.00483964	      0.01037211	      0.00000000	      0.00000000	     -0.01669156	     -0.00052437	     -0.00124480	     -0.00780584	      0.00198827	      0.00189736	      0.00000000	      0.01884828	     -0.00000000	     -0.00000000	      0.00000000	     -0.00000000	     -0.00000000	      0.00000000	      0.00000000	      0.00000000	      0.00000000	      0.00000000	      0.00000000	      0.00000000	      0.00000000	      0.00000000	      0.00000000	      0.00000000	      0.00000000	      0.00000000	      0.00000000	      0.00000000	      0.00000000	      0.00000000	      0.00000000	      0.00000000	      0.00000000	      0.00000000	      0.00000000	      0.00000000	      0.00000000	      0.00000000	      0.00000000	      0.00000000	      0.00000000	      0.00000000	      0.00000000	      0.00000000	      0.00000000	      0.00000000	      0.00000000	      0.00000000	      0.00000000	      0.00000000	      0.00000000	      0.00000000	      0.00000000
      4.43500000	      0.00256007	      0.00562018	     -0.00154644	      0.00737052	     -0.00328279	     -0.01095322	     -0.00607655	     -0.00000000	      0.00000000	     -0.00000000	     -0.00000000	      0.00000000	     -0.00000000	     -0.00000000	      0.00235806	     -0.00521805	     -0.01403845	      0.04937018	      0.01984234	     -0.00689016	      0.04339924	      0.03151532	      0.01450338	     -0.00485456	      0.01037757	     -0.00000000	     -0.00000000	     -0.01670168	     -0.00050763	     -0.00125025	     -0.00779610	      0.00197968	      0.00188320	     -0.00000000	      0.01877200	      0.00000000	     -0.00000000	     -0.00000000	      0.00000000	     -0.00000000	      0.00000000	      0.00000000	      0.00000000	      0.00000000	      0.00000000	      0.00000000	      0.00000000	      0.00000000	      0.00000000	      0.00000000	      0.00000000	      0.00000000	      0.00000000	      0.00000000	      0.00000000	      0.00000000	      0.00000000	      0.00000000	      0.00000000	      0.00000000	      0.00000000	      0.00000000	      0.00000000	      0.00000000	      0.00000000	      0.00000000	      0.00000000	      0.00000000	      0.00000000	      0.00000000	      0.00000000	      0.00000000	      0.00000000	      0.00000000	      0.00000000	      0.00000000	      0.00000000	      0.00000000	      0.00000000	      0.00000000
      4.44000000	      0.00258013	      0.00562253	     -0.00153814	      0.00736231	     -0.00326511	     -0.01092342	     -0.00608146	      0.00000000	     -0.00000000	      0.00000000	      0.00000000	      0.00000000	      0.00000000	      0.00000000	      0.00229576	     -0.00528775	     -0.01406914	      0.04935100	      0.01982411	     -0.00691778	      0.04336959	      0.03147325	      0.01446899	     -0.00486982	      0.01038285	      0.00000000	      0.00000000	     -0.01671246	     -0.00049117	     -0.00125564	     -0.00778639	      0.00197109	      0.00186898	      0.00000000	      0.01869582	      0.00000000	      0.00000000	      0.00000000	     -0.00000000	      0.00000000	      0.00000000	      0.00000000	      0.00000000	      0.00000000	      0.00000000	      0.00000000	      0.00000000	      0.00000000	      0.00000000	      0.00000000	      0.00000000	      0.00000000	      0.00000000	      0.00000000	      0.00000000	      0.00000000	      0.00000000	      0.00000000	      0.00000000	      0.00000000	      0.00000000	      0.00000000	      0.00000000	      0.00000000	      0.00000000	      0.00000000	      0.00000000	      0.00000000	      0.00000000	      0.00000000	      0.00000000	      0.00000000	      0.00000000	      0.00000000	      0.00000000	      0.00000000	      0.00000000	      0.00000000	      0.00000000	      0.00000000
      4.44500000	      0.00259972	      0.00562475	     -0.00152994	      0.00735415	     -0.00324764	     -0.01089406	     -0.00608638	      0.00000000	      0.00000000	     -0.00000000	      0.00000000	     -0.00000000	      0.00000000	      0.00000000	      0.00223518	     -0.00535546	     -0.01409922	      0.04933205	      0.01980574	     -0.00694560	      0.04334012	      0.03143142	      0.01443435	     -0.00488533	      0.01038791	      0.00000000	     -0.00000000	     -0.01672412	     -0.00047510	     -0.00126094	     -0.00777673	      0.00196255	      0.00185478	     -0.00000000	      0.01861994	     -0.00000000	      0.00000000	      0.00000000	      0.00000000	      0.00000000	      0.00000000	      0.00000000	      0.00000000	      0.00000000	      0.00000000	      0.00000000	      0.00000000	      0.00000000	      0.00000000	      0.00000000	      0.00000000	      0.00000000	      0.00000000	      0.00000000	      0.00000000	      0.00000000	      0.00000000	      0.00000000	      0.00000000	      0.00000000	      0.00000000	      0.00000000	      0.00000000	      0.00000000	      0.00000000	      0.00000000	      0.00000000	      0.00000000	      0.00000000	      0.00000000	      0.00000000	      0.00000000	      0.00000000	      0.00000000	      0.00000000	      0.00000000	      0.00000000	      0.00000000	      0.00000000	      0.00000000
      4.45000000	      0.00261877	      0.00562684	     -0.00152187	      0.00734613	     -0.00323046	     -0.01086526	     -0.00609128	     -0.00000000	     -0.00000000	     -0.00000000	      0.00000000	     -0.00000000	     -0.00000000	     -0.00000000	      0.00217639	     -0.00542096	     -0.01412862	      0.04931319	      0.01978701	     -0.00697382	      0.04331075	      0.03138977	      0.01439935	     -0.00490103	      0.01039274	     -0.00000000	     -0.00000000	     -0.01673684	     -0.00045946	     -0.00126613	     -0.00776716	      0.00195409	      0.00184067	     -0.00000000	      0.01854459	     -0.00000000	     -0.00000000	      0.00000000	     -0.00000000	     -0.00000000	      0.00000000	      0.00000000	      0.00000000	      0.00000000	      0.00000000	      0.00000000	      0.00000000	      0.00000000	      0.00000000	      0.00000000	      0.00000000	      0.00000000	      0.00000000	      0.00000000	      0.00000000	      0.00000000	      0.00000000	      0.00000000	      0.00000000	      0.00000000	      0.00000000	      0.00000000	      0.00000000	      0.00000000	      0.00000000	      0.00000000	      0.00000000	      0.00000000	      0.00000000	      0.00000000	      0.00000000	      0.00000000	      0.00000000	      0.00000000	      0.00000000	      0.00000000	      0.00000000	      0.00000000	      0.00000000	      0.00000000
      4.45500000	      0.00263719	      0.00562880	     -0.00151397	      0.00733839	     -0.00321363	     -0.01083715	     -0.00609615	     -0.00000000	     -0.00000000	      0.00000000	     -0.00000000	     -0.00000000	     -0.00000000	     -0.00000000	      0.00211949	     -0.00548406	     -0.01415724	      0.04929428	      0.01976770	     -0.00700264	      0.04328138	      0.03134823	      0.01436389	     -0.00491685	      0.01039729	      0.00000000	     -0.00000000	     -0.01675081	     -0.00044436	     -0.00127117	     -0.00775770	      0.00194578	      0.00182672	     -0.00000000	      0.01847000	     -0.00000000	      0.00000000	      0.00000000	      0.00000000	     -0.00000000	      0.00000000	      0.00000000	      0.00000000	      0.00000000	      0.00000000	      0.00000000	      0.00000000	      0.00000000	      0.00000000	      0.00000000	      0.00000000	      0.00000000	      0.00000000	      0.00000000	      0.00000000	      0.00000000	      0.00000000	      0.00000000	      0.00000000	      0.00000000	      0.00000000	      0.00000000	      0.00000000	      0.00000000	      0.00000000	      0.00000000	      0.00000000	      0.00000000	      0.00000000	      0.00000000	      0.00000000	      0.00000000	      0.00000000	      0.00000000	      0.00000000	      0.00000000	      0.00000000	      0.00000000	      0.00000000	      0.00000000
      4.46000000	      0.00265490	      0.00563061	     -0.00150628	      0.00733080	     -0.00319723	     -0.01080985	     -0.00610097	      0.00000000	     -0.00000000	      0.00000000	     -0.00000000	     -0.00000000	      0.00000000	      0.00000000	      0.00206454	     -0.00554458	     -0.01418499	      0.04927520	      0.01974759	     -0.00703227	      0.04325195	      0.03130676	      0.01432784	     -0.00493271	      0.01040155	      0.00000000	      0.00000000	     -0.01676623	     -0.00042984	     -0.00127605	     -0.00774838	      0.00193764	      0.00181302	      0.00000000	      0.01839641	      0.00000000	      0.00000000	     -0.00000000	      0.00000000	      0.00000000	      0.00000000	      0.00000000	      0.00000000	      0.00000000	      0.00000000	      0.00000000	      0.00000000	      0.00000000	      0.00000000	      0.00000000	      0.00000000	      0.00000000	      0.00000000	      0.00000000	      0.00000000	      0.00000000	      0.00000000	      0.00000000	      0.00000000	      0.00000000	      0.00000000	      0.00000000	      0.00000000	      0.00000000	      0.00000000	      0.00000000	      0.00000000	      0.00000000	      0.00000000	      0.00000000	      0.00000000	      0.00000000	      0.00000000	      0.00000000	      0.00000000	      0.00000000	      0.00000000	      0.00000000	      0.00000000	      0.00000000
      4.46500000	      0.00267181	      0.00563227	     -0.00149883	      0.00732349	     -0.00318132	     -0.01078350	     -0.00610571	     -0.00000000	      0.00000000	      0.00000000	      0.00000000	      0.00000000	      0.00000000	      0.00000000	      0.00201157	     -0.00560233	     -0.01421178	      0.04925580	      0.01972645	     -0.00706292	      0.04322234	      0.03126527	      0.01429110	     -0.00494853	      0.01040549	      0.00000000	      0.00000000	     -0.01678328	     -0.00041600	     -0.00128072	     -0.00773922	      0.00192973	      0.00179964	     -0.00000000	      0.01832406	      0.00000000	      0.00000000	     -0.00000000	      0.00000000	     -0.00000000	      0.00000000	      0.00000000	      0.00000000	      0.00000000	      0.00000000	      0.00000000	      0.00000000	      0.00000000	      0.00000000	      0.00000000	      0.00000000	      0.00000000	      0.00000000	      0.00000000	      0.00000000	      0.00000000	      0.00000000	      0.00000000	      0.00000000	      0.00000000	      0.00000000	      0.00000000	      0.00000000	      0.00000000	      0.00000000	      0.00000000	      0.00000000	      0.00000000	      0.00000000	      0.00000000	      0.00000000	      0.00000000	      0.00000000	      0.00000000	      0.00000000	      0.00000000	      0.00000000	      0.00000000	      0.00000000	      0.00000000
      4.47000000	      0.00268786	      0.00563378	     -0.00149165	      0.00731656	     -0.00316598	     -0.01075820	     -0.00611037	      0.00000000	      0.00000000	     -0.00000000	      0.00000000	     -0.00000000	      0.00000000	      0.00000000	      0.00196061	     -0.00565719	     -0.01423754	      0.04923593	      0.01970406	     -0.00709478	      0.04319246	      0.03122370	      0.01425355	     -0.00496424	      0.01040907	      0.00000000	      0.00000000	     -0.01680212	     -0.00040289	     -0.00128517	     -0.00773025	      0.00192210	      0.00178666	      0.00000000	      0.01825319	      0.00000000	      0.00000000	      0.00000000	     -0.00000000	      0.00000000	      0.00000000	      0.00000000	      0.00000000	      0.00000000	      0.00000000	      0.00000000	      0.00000000	      0.00000000	      0.00000000	      0.00000000	      0.00000000	      0.00000000	      0.00000000	      0.00000000	      0.00000000	      0.00000000	      0.00000000	      0.00000000	      0.00000000	      0.00000000	      0.00000000	      0.00000000	      0.00000000	      0.00000000	      0.00000000	      0.00000000	      0.00000000	      0.00000000	      0.00000000	      0.00000000	      0.00000000	      0.00000000	      0.00000000	      0.00000000	      0.00000000	      0.00000000	      0.00000000	      0.00000000	      0.00000000	      0.00000000
      4.47500000	      0.00270298	      0.00563513	     -0.00148477	      0.00730992	     -0.00315127	     -0.01073406	     -0.00611492	     -0.00000000	     -0.00000000	      0.00000000	      0.00000000	      0.00000000	     -0.00000000	      0.00000000	      0.00191166	     -0.00570902	     -0.01426221	      0.04921543	      0.01968019	     -0.00712807	      0.04316221	      0.03118197	      0.01421508	     -0.00497976	      0.01041229	     -0.00000000	      0.00000000	     -0.01682294	     -0.00039057	     -0.00128937	     -0.00772150	      0.00191478	      0.00177414	      0.00000000	      0.01818399	     -0.00000000	      0.00000000	     -0.00000000	     -0.00000000	     -0.00000000	      0.00000000	      0.00000000	      0.00000000	      0.00000000	      0.00000000	      0.00000000	      0.00000000	      0.00000000	      0.00000000	      0.00000000	      0.00000000	      0.00000000	      0.00000000	      0.00000000	      0.00000000	      0.00000000	      0.00000000	      0.00000000	      0.00000000	      0.00000000	      0.00000000	      0.00000000	      0.00000000	      0.00000000	      0.00000000	      0.00000000	      0.00000000	      0.00000000	      0.00000000	      0.00000000	      0.00000000	      0.00000000	      0.00000000	      0.00000000	      0.00000000	      0.00000000	      0.00000000	      0.00000000	      0.00000000	      0.00000000
      4.48000000	      0.00271711	      0.00563632	     -0.00147824	      0.00730372	     -0.00313724	     -0.01071119	     -0.00611933	      0.00000000	      0.00000000	     -0.00000000	      0.00000000	      0.00000000	     -0.00000000	     -0.00000000	      0.00186468	     -0.00575776	     -0.01428573	      0.04919415	      0.01965460	     -0.00716298	      0.04313148	      0.03113998	      0.01417558	     -0.00499501	      0.01041512	     -0.00000000	     -0.00000000	     -0.01684588	     -0.00037909	     -0.00129330	     -0.00771299	      0.00190782	      0.00176216	     -0.00000000	      0.01811669	     -0.00000000	      0.00000000	      0.00000000	      0.00000000	      0.00000000	      0.00000000	      0.00000000	      0.00000000	      0.00000000	      0.00000000	      0.00000000	      0.00000000	      0.00000000	      0.00000000	      0.00000000	      0.00000000	      0.00000000	      0.00000000	      0.00000000	      0.00000000	      0.00000000	      0.00000000	      0.00000000	      0.00000000	      0.00000000	      0.00000000	      0.00000000	      0.00000000	      0.00000000	      0.00000000	      0.00000000	      0.00000000	      0.00000000	      0.00000000	      0.00000000	      0.00000000	      0.00000000	      0.00000000	      0.00000000	      0.00000000	      0.00000000	      0.00000000	      0.00000000	      0.00000000	      0.00000000
      4.48500000	      0.00273021	      0.00563736	     -0.00147206	      0.00729787	     -0.00312394	     -0.01068967	     -0.00612361	     -0.00000000	     -0.00000000	      0.00000000	     -0.00000000	     -0.00000000	      0.00000000	      0.00000000	      0.00181963	     -0.00580334	     -0.01430805	      0.04917194	      0.01962711	     -0.00719972	      0.04310015	      0.03109766	      0.01413494	     -0.00500993	      0.01041756	      0.00000000	     -0.00000000	     -0.01687107	     -0.00036851	     -0.00129693	     -0.00770474	      0.00190125	      0.00175078	      0.00000000	      0.01805146	      0.00000000	      0.00000000	     -0.00000000	      0.00000000	     -0.00000000	      0.00000000	      0.00000000	      0.00000000	      0.00000000	      0.00000000	      0.00000000	      0.00000000	      0.00000000	      0.00000000	      0.00000000	      0.00000000	      0.00000000	      0.00000000	      0.00000000	      0.00000000	      0.00000000	      0.00000000	      0.00000000	      0.00000000	      0.00000000	      0.00000000	      0.00000000	      0.00000000	      0.00000000	      0.00000000	      0.00000000	      0.00000000	      0.00000000	      0.00000000	      0.00000000	      0.00000000	      0.00000000	      0.00000000	      0.00000000	      0.00000000	      0.00000000	      0.00000000	      0.00000000	      0.00000000	      0.00000000
      4.49000000	      0.00274225	      0.00563823	     -0.00146627	      0.00729245	     -0.00311141	     -0.01066956	     -0.00612773	     -0.00000000	     -0.00000000	      0.00000000	     -0.00000000	      0.00000000	     -0.00000000	     -0.00000000	      0.00177642	     -0.00584577	     -0.01432916	      0.04914865	      0.01959750	     -0.00723845	      0.04306811	      0.03105491	      0.01409306	     -0.00502445	      0.01041958	     -0.00000000	      0.00000000	     -0.01689865	     -0.00035884	     -0.00130027	     -0.00769676	      0.00189510	      0.00174005	     -0.00000000	      0.01798844	     -0.00000000	     -0.00000000	     -0.00000000	     -0.00000000	     -0.00000000	      0.00000000	      0.00000000	      0.00000000	      0.00000000	      0.00000000	      0.00000000	      0.00000000	      0.00000000	      0.00000000	      0.00000000	      0.00000000	      0.00000000	      0.00000000	      0.00000000	      0.00000000	      0.00000000	      0.00000000	      0.00000000	      0.00000000	      0.00000000	      0.00000000	      0.00000000	      0.00000000	      0.00000000	      0.00000000	      0.00000000	      0.00000000	      0.00000000	      0.00000000	      0.00000000	      0.00000000	      0.00000000	      0.00000000	      0.00000000	      0.00000000	      0.00000000	      0.00000000	      0.00000000	      0.00000000	      0.00000000
      4.49500000	      0.00275320	      0.00563896	     -0.00146087	      0.00728756	     -0.00309968	     -0.01065092	     -0.00613168	      0.00000000	      0.00000000	      0.00000000	      0.00000000	     -0.00000000	      0.00000000	      0.00000000	      0.00173495	     -0.00588506	     -0.01434904	      0.04912415	      0.01956563	     -0.00727932	      0.04303528	      0.03101165	      0.01404987	     -0.00503852	      0.01042120	     -0.00000000	      0.00000000	     -0.01692867	     -0.00035012	     -0.00130328	     -0.00768906	      0.00188939	      0.00173000	      0.00000000	      0.01792776	      0.00000000	      0.00000000	     -0.00000000	     -0.00000000	      0.00000000	      0.00000000	      0.00000000	      0.00000000	      0.00000000	      0.00000000	      0.00000000	      0.00000000	      0.00000000	      0.00000000	      0.00000000	      0.00000000	      0.00000000	      0.00000000	      0.00000000	      0.00000000	      0.00000000	      0.00000000	      0.00000000	      0.00000000	      0.00000000	      0.00000000	      0.00000000	      0.00000000	      0.00000000	      0.00000000	      0.00000000	      0.00000000	      0.00000000	      0.00000000	      0.00000000	      0.00000000	      0.00000000	      0.00000000	      0.00000000	      0.00000000	      0.00000000	      0.00000000	      0.00000000	      0.00000000	      0.00000000
      4.50000000	      0.00276307	      0.00563953	     -0.00145588	      0.00728306	     -0.00308878	     -0.01063376	     -0.00613545	      0.00000000	     -0.00000000	     -0.00000000	     -0.00000000	     -0.00000000	     -0.00000000	     -0.00000000	      0.00169511	     -0.00592127	     -0.01436770	      0.04909833	      0.01953136	     -0.00732243	      0.04300157	      0.03096780	      0.01400530	     -0.00505209	      0.01042240	     -0.00000000	     -0.00000000	     -0.01696120	     -0.00034234	     -0.00130597	     -0.00768166	      0.00188415	      0.00172069	     -0.00000000	      0.01786950	     -0.00000000	     -0.00000000	      0.00000000	      0.00000000	      0.00000000	      0.00000000	      0.00000000	      0.00000000	      0.00000000	      0.00000000	      0.00000000	      0.00000000	      0.00000000	      0.00000000	      0.00000000	      0.00000000	      0.00000000	      0.00000000	      0.00000000	      0.00000000	      0.00000000	      0.00000000	      0.00000000	      0.00000000	      0.00000000	      0.00000000	      0.00000000	      0.00000000	      0.00000000	      0.00000000	      0.00000000	      0.00000000	      0.00000000	      0.00000000	      0.00000000	      0.00000000	      0.00000000	      0.00000000	      0.00000000	      0.00000000	      0.00000000	      0.00000000	      0.00000000	      0.00000000	      0.00000000
      4.50500000	      0.00277185	      0.00563997	     -0.00145131	      0.00727904	     -0.00307869	     -0.01061810	     -0.00613904	     -0.00000000	      0.00000000	      0.00000000	     -0.00000000	      0.00000000	      0.00000000	      0.00000000	      0.00165676	     -0.00595450	     -0.01438516	      0.04907111	      0.01949462	     -0.00736785	      0.04296691	      0.03092332	      0.01395933	     -0.00506512	      0.01042319	      0.00000000	      0.00000000	     -0.01699623	     -0.00033551	     -0.00130834	     -0.00767454	      0.00187938	      0.00171211	      0.00000000	      0.01781370	      0.00000000	      0.00000000	     -0.00000000	      0.00000000	      0.00000000	      0.00000000	      0.00000000	      0.00000000	      0.00000000	      0.00000000	      0.00000000	      0.00000000	      0.00000000	      0.00000000	      0.00000000	      0.00000000	      0.00000000	      0.00000000	      0.00000000	      0.00000000	      0.00000000	      0.00000000	      0.00000000	      0.00000000	      0.00000000	      0.00000000	      0.00000000	      0.00000000	      0.00000000	      0.00000000	      0.00000000	      0.00000000	      0.00000000	      0.00000000	      0.00000000	      0.00000000	      0.00000000	      0.00000000	      0.00000000	      0.00000000	      0.00000000	      0.00000000	      0.00000000	      0.00000000	      0.00000000
      4.51000000	      0.00277957	      0.00564026	     -0.00144714	      0.00727548	     -0.00306942	     -0.01060392	     -0.00614244	     -0.00000000	     -0.00000000	     -0.00000000	     -0.00000000	     -0.00000000	     -0.00000000	     -0.00000000	      0.00161979	     -0.00598489	     -0.01440144	      0.04904244	      0.01945538	     -0.00741560	      0.04293126	      0.03087816	      0.01391195	     -0.00507758	      0.01042360	      0.00000000	     -0.00000000	     -0.01703372	     -0.00032961	     -0.00131037	     -0.00766771	      0.00187508	      0.00170429	     -0.00000000	      0.01776037	      0.00000000	     -0.00000000	      0.00000000	     -0.00000000	      0.00000000	      0.00000000	      0.00000000	      0.00000000	      0.00000000	      0.00000000	      0.00000000	      0.00000000	      0.00000000	      0.00000000	      0.00000000	      0.00000000	      0.00000000	      0.00000000	      0.00000000	      0.00000000	      0.00000000	      0.00000000	      0.00000000	      0.00000000	      0.00000000	      0.00000000	      0.00000000	      0.00000000	      0.00000000	      0.00000000	      0.00000000	      0.00000000	      0.00000000	      0.00000000	      0.00000000	      0.00000000	      0.00000000	      0.00000000	      0.00000000	      0.00000000	      0.00000000	      0.00000000	      0.00000000	      0.00000000	      0.00000000
      4.51500000	      0.00278628	      0.00564044	     -0.00144337	      0.00727243	     -0.00306094	     -0.01059118	     -0.00614565	     -0.00000000	      0.00000000	      0.00000000	      0.00000000	     -0.00000000	      0.00000000	     -0.00000000	      0.00158405	     -0.00601258	     -0.01441661	      0.04901232	      0.01941368	     -0.00746562	      0.04289463	      0.03083233	      0.01386320	     -0.00508947	      0.01042363	     -0.00000000	      0.00000000	     -0.01707359	     -0.00032459	     -0.00131210	     -0.00766117	      0.00187126	      0.00169722	     -0.00000000	      0.01770947	     -0.00000000	     -0.00000000	      0.00000000	      0.00000000	      0.00000000	      0.00000000	      0.00000000	      0.00000000	      0.00000000	      0.00000000	      0.00000000	      0.00000000	      0.00000000	      0.00000000	      0.00000000	      0.00000000	      0.00000000	      0.00000000	      0.00000000	      0.00000000	      0.00000000	      0.00000000	      0.00000000	      0.00000000	      0.00000000	      0.00000000	      0.00000000	      0.00000000	      0.00000000	      0.00000000	      0.00000000	      0.00000000	      0.00000000	      0.00000000	      0.00000000	      0.00000000	      0.00000000	      0.00000000	      0.00000000	      0.00000000	      0.00000000	      0.00000000	      0.00000000	      0.00000000	      0.00000000
      4.52000000	      0.00279203	      0.00564049	     -0.00143998	      0.00726975	     -0.00305323	     -0.01057981	     -0.00614868	      0.00000000	     -0.00000000	     -0.00000000	     -0.00000000	     -0.00000000	      0.00000000	      0.00000000	      0.00154944	     -0.00603775	     -0.01443072	      0.04898080	      0.01936963	     -0.00751782	      0.04285704	      0.03078584	      0.01381317	     -0.00510078	      0.01042331	      0.00000000	     -0.00000000	     -0.01711568	     -0.00032042	     -0.00131352	     -0.00765490	      0.00186788	      0.00169087	      0.00000000	      0.01766092	      0.00000000	     -0.00000000	      0.00000000	      0.00000000	      0.00000000	      0.00000000	      0.00000000	      0.00000000	      0.00000000	      0.00000000	      0.00000000	      0.00000000	      0.00000000	      0.00000000	      0.00000000	      0.00000000	      0.00000000	      0.00000000	      0.00000000	      0.00000000	      0.00000000	      0.00000000	      0.00000000	      0.00000000	      0.00000000	      0.00000000	      0.00000000	      0.00000000	      0.00000000	      0.00000000	      0.00000000	      0.00000000	      0.00000000	      0.00000000	      0.00000000	      0.00000000	      0.00000000	      0.00000000	      0.00000000	      0.00000000	      0.00000000	      0.00000000	      0.00000000	      0.00000000	      0.00000000
      4.52500000	      0.00279688	      0.00564044	     -0.00143695	      0.00726747	     -0.00304623	     -0.01056973	     -0.00615152	     -0.00000000	      0.00000000	      0.00000000	      0.00000000	      0.00000000	      0.00000000	      0.00000000	      0.00151586	     -0.00606061	     -0.01444384	      0.04894796	      0.01932341	     -0.00757199	      0.04281859	      0.03073878	      0.01376199	     -0.00511151	      0.01042267	      0.00000000	      0.00000000	     -0.01715979	     -0.00031703	     -0.00131466	     -0.00764888	      0.00186494	      0.00168522	      0.00000000	      0.01761463	      0.00000000	      0.00000000	     -0.00000000	     -0.00000000	     -0.00000000	      0.00000000	      0.00000000	      0.00000000	      0.00000000	      0.00000000	      0.00000000	      0.00000000	      0.00000000	      0.00000000	      0.00000000	      0.00000000	      0.00000000	      0.00000000	      0.00000000	      0.00000000	      0.00000000	      0.00000000	      0.00000000	      0.00000000	      0.00000000	      0.00000000	      0.00000000	      0.00000000	      0.00000000	      0.00000000	      0.00000000	      0.00000000	      0.00000000	      0.00000000	      0.00000000	      0.00000000	      0.00000000	      0.00000000	      0.00000000	      0.00000000	      0.00000000	      0.00000000	      0.00000000	      0.00000000	      0.00000000
      4.53000000	      0.00280092	      0.00564030	     -0.00143425	      0.00726556	     -0.00303989	     -0.01056082	     -0.00615418	      0.00000000	     -0.00000000	     -0.00000000	     -0.00000000	     -0.00000000	     -0.00000000	      0.00000000	      0.00148323	     -0.00608135	     -0.01445605	      0.04891398	      0.01927529	     -0.00762788	      0.04277939	      0.03069126	      0.01370984	     -0.00512168	      0.01042174	      0.00000000	     -0.00000000	     -0.01720565	     -0.00031435	     -0.00131554	     -0.00764311	      0.00186240	      0.00168021	     -0.00000000	      0.01757047	     -0.00000000	     -0.00000000	     -0.00000000	      0.00000000	     -0.00000000	      0.00000000	      0.00000000	      0.00000000	      0.00000000	      0.00000000	      0.00000000	      0.00000000	      0.00000000	      0.00000000	      0.00000000	      0.00000000	      0.00000000	      0.00000000	      0.00000000	      0.00000000	      0.00000000	      0.00000000	      0.00000000	      0.00000000	      0.00000000	      0.00000000	      0.00000000	      0.00000000	      0.00000000	      0.00000000	      0.00000000	      0.00000000	      0.00000000	      0.00000000	      0.00000000	      0.00000000	      0.00000000	      0.00000000	      0.00000000	      0.00000000	      0.00000000	      0.00000000	      0.00000000	      0.00000000	      0.00000000
      4.53500000	      0.00280423	      0.00564008	     -0.00143184	      0.00726398	     -0.00303414	     -0.01055298	     -0.00615668	      0.00000000	      0.00000000	      0.00000000	      0.00000000	     -0.00000000	      0.00000000	     -0.00000000	      0.00145149	     -0.00610020	     -0.01446743	      0.04887905	      0.01922558	     -0.00768517	      0.04273962	      0.03064344	      0.01365696	     -0.00513131	      0.01042056	     -0.00000000	      0.00000000	     -0.01725294	     -0.00031231	     -0.00131620	     -0.00763757	      0.00186023	      0.00167580	     -0.00000000	      0.01752828	      0.00000000	      0.00000000	      0.00000000	      0.00000000	      0.00000000	      0.00000000	      0.00000000	      0.00000000	      0.00000000	      0.00000000	      0.00000000	      0.00000000	      0.00000000	      0.00000000	      0.00000000	      0.00000000	      0.00000000	      0.00000000	      0.00000000	      0.00000000	      0.00000000	      0.00000000	      0.00000000	      0.00000000	      0.00000000	      0.00000000	      0.00000000	      0.00000000	      0.00000000	      0.00000000	      0.00000000	      0.00000000	      0.00000000	      0.00000000	      0.00000000	      0.00000000	      0.00000000	      0.00000000	      0.00000000	      0.00000000	      0.00000000	      0.00000000	      0.00000000	      0.00000000	      0.00000000
      4.54000000	      0.00280692	      0.00563978	     -0.00142970	      0.00726268	     -0.00302892	     -0.01054608	     -0.00615902	      0.00000000	     -0.00000000	     -0.00000000	     -0.00000000	     -0.00000000	     -0.00000000	     -0.00000000	      0.00142063	     -0.00611736	     -0.01447807	      0.04884344	      0.01917472	     -0.00774343	      0.04269951	      0.03059554	      0.01360365	     -0.00514045	      0.01041918	     -0.00000000	     -0.00000000	     -0.01730128	     -0.00031082	     -0.00131666	     -0.00763224	      0.00185837	      0.00167192	     -0.00000000	      0.01748791	     -0.00000000	     -0.00000000	      0.00000000	      0.00000000	      0.00000000	      0.00000000	      0.00000000	      0.00000000	      0.00000000	      0.00000000	      0.00000000	      0.00000000	      0.00000000	      0.00000000	      0.00000000	      0.00000000	      0.00000000	      0.00000000	      0.00000000	      0.00000000	      0.00000000	      0.00000000	      0.00000000	      0.00000000	      0.00000000	      0.00000000	      0.00000000	      0.00000000	      0.00000000	      0.00000000	      0.00000000	      0.00000000	      0.00000000	      0.00000000	      0.00000000	      0.00000000	      0.00000000	      0.00000000	      0.00000000	      0.00000000	      0.00000000	      0.00000000	      0.00000000	      0.00000000	      0.00000000
      4.54500000	      0.00280907	      0.00563943	     -0.00142777	      0.00726162	     -0.00302415	     -0.01053996	     -0.00616121	     -0.00000000	      0.00000000	     -0.00000000	     -0.00000000	     -0.00000000	      0.00000000	      0.00000000	      0.00139066	     -0.00613303	     -0.01448805	      0.04880748	      0.01912318	     -0.00780219	      0.04265933	      0.03054783	      0.01355025	     -0.00514911	      0.01041763	     -0.00000000	      0.00000000	     -0.01735022	     -0.00030978	     -0.00131696	     -0.00762710	      0.00185680	      0.00166851	      0.00000000	      0.01744922	     -0.00000000	     -0.00000000	      0.00000000	     -0.00000000	     -0.00000000	      0.00000000	      0.00000000	      0.00000000	      0.00000000	      0.00000000	      0.00000000	      0.00000000	      0.00000000	      0.00000000	      0.00000000	      0.00000000	      0.00000000	      0.00000000	      0.00000000	      0.00000000	      0.00000000	      0.00000000	      0.00000000	      0.00000000	      0.00000000	      0.00000000	      0.00000000	      0.00000000	      0.00000000	      0.00000000	      0.00000000	      0.00000000	      0.00000000	      0.00000000	      0.00000000	      0.00000000	      0.00000000	      0.00000000	      0.00000000	      0.00000000	      0.00000000	      0.00000000	      0.00000000	      0.00000000	      0.00000000
      4.55000000	      0.00281079	      0.00563904	     -0.00142603	      0.00726074	     -0.00301976	     -0.01053450	     -0.00616327	      0.00000000	     -0.00000000	      0.00000000	      0.00000000	     -0.00000000	      0.00000000	      0.00000000	      0.00136164	     -0.00614742	     -0.01449745	      0.04877151	      0.01907148	     -0.00786092	      0.04261940	      0.03050060	      0.01349715	     -0.00515734	      0.01041597	      0.00000000	     -0.00000000	     -0.01739930	     -0.00030910	     -0.00131713	     -0.00762214	      0.00185545	      0.00166548	     -0.00000000	      0.01741206	     -0.00000000	      0.00000000	     -0.00000000	     -0.00000000	     -0.00000000	      0.00000000	      0.00000000	      0.00000000	      0.00000000	      0.00000000	      0.00000000	      0.00000000	      0.00000000	      0.00000000	      0.00000000	      0.00000000	      0.00000000	      0.00000000	      0.00000000	      0.00000000	      0.00000000	      0.00000000	      0.00000000	      0.00000000	      0.00000000	      0.00000000	      0.00000000	      0.00000000	      0.00000000	      0.00000000	      0.00000000	      0.00000000	      0.00000000	      0.00000000	      0.00000000	      0.00000000	      0.00000000	      0.00000000	      0.00000000	      0.00000000	      0.00000000	      0.00000000	      0.00000000	      0.00000000	      0.00000000
      4.55500000	      0.00281218	      0.00563861	     -0.00142442	      0.00725999	     -0.00301568	     -0.01052956	     -0.00616521	      0.00000000	     -0.00000000	     -0.00000000	     -0.00000000	     -0.00000000	     -0.00000000	     -0.00000000	      0.00133365	     -0.00616067	     -0.01450633	      0.04873594	      0.01902021	     -0.00791904	      0.04258006	      0.03045421	      0.01344480	     -0.00516517	      0.01041425	     -0.00000000	     -0.00000000	     -0.01744801	     -0.00030869	     -0.00131721	     -0.00761737	      0.00185429	      0.00166277	     -0.00000000	      0.01737634	      0.00000000	     -0.00000000	      0.00000000	      0.00000000	      0.00000000	      0.00000000	      0.00000000	      0.00000000	      0.00000000	      0.00000000	      0.00000000	      0.00000000	      0.00000000	      0.00000000	      0.00000000	      0.00000000	      0.00000000	      0.00000000	      0.00000000	      0.00000000	      0.00000000	      0.00000000	      0.00000000	      0.00000000	      0.00000000	      0.00000000	      0.00000000	      0.00000000	      0.00000000	      0.00000000	      0.00000000	      0.00000000	      0.00000000	      0.00000000	      0.00000000	      0.00000000	      0.00000000	      0.00000000	      0.00000000	      0.00000000	      0.00000000	      0.00000000	      0.00000000	      0.00000000	      0.00000000
      4.56000000	      0.00281333	      0.00563817	     -0.00142293	      0.00725934	     -0.00301184	     -0.01052502	     -0.00616704	      0.00000000	     -0.00000000	     -0.00000000	     -0.00000000	     -0.00000000	     -0.00000000	     -0.00000000	      0.00130680	     -0.00617295	     -0.01451476	      0.04870118	      0.01896999	     -0.00797592	      0.04254171	      0.03040903	      0.01339366	     -0.00517264	      0.01041250	     -0.00000000	     -0.00000000	     -0.01749580	     -0.00030846	     -0.00131724	     -0.00761276	      0.00185326	      0.00166030	     -0.00000000	      0.01734197	     -0.00000000	     -0.00000000	     -0.00000000	      0.00000000	     -0.00000000	      0.00000000	      0.00000000	      0.00000000	      0.00000000	      0.00000000	      0.00000000	      0.00000000	      0.00000000	      0.00000000	      0.00000000	      0.00000000	      0.00000000	      0.00000000	      0.00000000	      0.00000000	      0.00000000	      0.00000000	      0.00000000	      0.00000000	      0.00000000	      0.00000000	      0.00000000	      0.00000000	      0.00000000	      0.00000000	      0.00000000	      0.00000000	      0.00000000	      0.00000000	      0.00000000	      0.00000000	      0.00000000	      0.00000000	      0.00000000	      0.00000000	      0.00000000	      0.00000000	      0.00000000	      0.00000000	      0.00000000
      4.56500000	      0.00281433	      0.00563772	     -0.00142150	      0.00725873	     -0.00300819	     -0.01052075	     -0.00616877	      0.00000000	      0.00000000	      0.00000000	     -0.00000000	     -0.00000000	      0.00000000	      0.00000000	      0.00128124	     -0.00618437	     -0.01452276	      0.04866768	      0.01892143	     -0.00803092	      0.04250474	      0.03036549	      0.01334423	     -0.00517976	      0.01041078	      0.00000000	      0.00000000	     -0.01754213	     -0.00030833	     -0.00131724	     -0.00760833	      0.00185232	      0.00165801	      0.00000000	      0.01730890	      0.00000000	      0.00000000	     -0.00000000	     -0.00000000	     -0.00000000	      0.00000000	      0.00000000	      0.00000000	      0.00000000	      0.00000000	      0.00000000	      0.00000000	      0.00000000	      0.00000000	      0.00000000	      0.00000000	      0.00000000	      0.00000000	      0.00000000	      0.00000000	      0.00000000	      0.00000000	      0.00000000	      0.00000000	      0.00000000	      0.00000000	      0.00000000	      0.00000000	      0.00000000	      0.00000000	      0.00000000	      0.00000000	      0.00000000	      0.00000000	      0.00000000	      0.00000000	      0.00000000	      0.00000000	      0.00000000	      0.00000000	      0.00000000	      0.00000000	      0.00000000	      0.00000000	      0.00000000
      4.57000000	      0.00281526	      0.00563728	     -0.00141944	      0.00725814	     -0.00300468	     -0.01051666	     -0.00617041	      0.00000000	     -0.00000000	     -0.00000000	     -0.00000000	     -0.00000000	     -0.00000000	      0.00000000	      0.00125715	     -0.00619500	     -0.01453039	      0.04863588	      0.01887520	     -0.00808339	      0.04246957	      0.03032400	      0.01329701	     -0.00518656	      0.01040912	     -0.00000000	      0.00000000	     -0.01758644	     -0.00030823	     -0.00131725	     -0.00760408	      0.00185144	      0.00165584	     -0.00000000	      0.01727713	     -0.00000000	     -0.00000000	     -0.00000000	     -0.00000000	     -0.00000000	      0.00000000	      0.00000000	      0.00000000	      0.00000000	      0.00000000	      0.00000000	      0.00000000	      0.00000000	      0.00000000	      0.00000000	      0.00000000	      0.00000000	      0.00000000	      0.00000000	      0.00000000	      0.00000000	      0.00000000	      0.00000000	      0.00000000	      0.00000000	      0.00000000	      0.00000000	      0.00000000	      0.00000000	      0.00000000	      0.00000000	      0.00000000	      0.00000000	      0.00000000	      0.00000000	      0.00000000	      0.00000000	      0.00000000	      0.00000000	      0.00000000	      0.00000000	      0.00000000	      0.00000000	      0.00000000	      0.00000000
      4.57500000	      0.00281617	      0.00563684	     -0.00141809	      0.00725752	     -0.00300126	     -0.01051266	     -0.00617196	     -0.00000000	     -0.00000000	     -0.00000000	     -0.00000000	     -0.00000000	     -0.00000000	      0.00000000	      0.00123473	     -0.00620490	     -0.01453764	      0.04860624	      0.01883190	     -0.00813267	      0.04243662	      0.03028501	      0.01325252	     -0.00519306	      0.01040757	     -0.00000000	     -0.00000000	     -0.01762819	     -0.00030809	     -0.00131730	     -0.00760002	      0.00185057	      0.00165373	      0.00000000	      0.01724668	      0.00000000	      0.00000000	      0.00000000	     -0.00000000	     -0.00000000	      0.00000000	      0.00000000	      0.00000000	      0.00000000	      0.00000000	      0.00000000	      0.00000000	      0.00000000	      0.00000000	      0.00000000	      0.00000000	      0.00000000	      0.00000000	      0.00000000	      0.00000000	      0.00000000	      0.00000000	      0.00000000	      0.00000000	      0.00000000	      0.00000000	      0.00000000	      0.00000000	      0.00000000	      0.00000000	      0.00000000	      0.00000000	      0.00000000	      0.00000000	      0.00000000	      0.00000000	      0.00000000	      0.00000000	      0.00000000	      0.00000000	      0.00000000	      0.00000000	      0.00000000	      0.00000000	      0.00000000
      4.58000000	      0.00281712	      0.00563643	     -0.00141674	      0.00725684	     -0.00299792	     -0.01050868	     -0.00617344	      0.00000000	      0.00000000	     -0.00000000	     -0.00000000	      0.00000000	      0.00000000	      0.00000000	      0.00121419	     -0.00621409	     -0.01454453	      0.04857918	      0.01879217	     -0.00817814	      0.04240632	      0.03024895	      0.01321125	     -0.00519928	      0.01040616	      0.00000000	      0.00000000	     -0.01766686	     -0.00030784	     -0.00131740	     -0.00759617	      0.00184968	      0.00165163	      0.00000000	      0.01721761	     -0.00000000	      0.00000000	     -0.00000000	      0.00000000	     -0.00000000	      0.00000000	      0.00000000	      0.00000000	      0.00000000	      0.00000000	      0.00000000	      0.00000000	      0.00000000	      0.00000000	      0.00000000	      0.00000000	      0.00000000	      0.00000000	      0.00000000	      0.00000000	      0.00000000	      0.00000000	      0.00000000	      0.00000000	      0.00000000	      0.00000000	      0.00000000	      0.00000000	      0.00000000	      0.00000000	      0.00000000	      0.00000000	      0.00000000	      0.00000000	      0.00000000	      0.00000000	      0.00000000	      0.00000000	      0.00000000	      0.00000000	      0.00000000	      0.00000000	      0.00000000	      0.00000000	      0.00000000
      4.58500000	      0.00281816	      0.00563604	     -0.00141538	      0.00725610	     -0.00299463	     -0.01050467	     -0.00617484	     -0.00000000	      0.00000000	     -0.00000000	      0.00000000	     -0.00000000	      0.00000000	      0.00000000	      0.00119577	     -0.00622256	     -0.01455104	      0.04855512	      0.01875656	     -0.00821921	      0.04237905	      0.03021624	      0.01317369	     -0.00520521	      0.01040492	     -0.00000000	      0.00000000	     -0.01770197	     -0.00030746	     -0.00131758	     -0.00759254	      0.00184875	      0.00164951	      0.00000000	      0.01719000	     -0.00000000	      0.00000000	      0.00000000	      0.00000000	     -0.00000000	      0.00000000	      0.00000000	      0.00000000	      0.00000000	      0.00000000	      0.00000000	      0.00000000	      0.00000000	      0.00000000	      0.00000000	      0.00000000	      0.00000000	      0.00000000	      0.00000000	      0.00000000	      0.00000000	      0.00000000	      0.00000000	      0.00000000	      0.00000000	      0.00000000	      0.00000000	      0.00000000	      0.00000000	      0.00000000	      0.00000000	      0.00000000	      0.00000000	      0.00000000	      0.00000000	      0.00000000	      0.00000000	      0.00000000	      0.00000000	      0.00000000	      0.00000000	      0.00000000	      0.00000000	      0.00000000	      0.00000000
      4.59000000	      0.00281931	      0.00563569	     -0.00141400	      0.00725527	     -0.00299137	     -0.01050060	     -0.00617617	      0.00000000	     -0.00000000	     -0.00000000	     -0.00000000	      0.00000000	     -0.00000000	     -0.00000000	      0.00117970	     -0.00623024	     -0.01455715	      0.04853445	      0.01872561	     -0.00825532	      0.04235519	      0.03018728	      0.01314027	     -0.00521086	      0.01040387	     -0.00000000	     -0.00000000	     -0.01773308	     -0.00030691	     -0.00131785	     -0.00758916	      0.00184776	      0.00164733	     -0.00000000	      0.01716398	     -0.00000000	     -0.00000000	      0.00000000	      0.00000000	      0.00000000	      0.00000000	      0.00000000	      0.00000000	      0.00000000	      0.00000000	      0.00000000	      0.00000000	      0.00000000	      0.00000000	      0.00000000	      0.00000000	      0.00000000	      0.00000000	      0.00000000	      0.00000000	      0.00000000	      0.00000000	      0.00000000	      0.00000000	      0.00000000	      0.00000000	      0.00000000	      0.00000000	      0.00000000	      0.00000000	      0.00000000	      0.00000000	      0.00000000	      0.00000000	      0.00000000	      0.00000000	      0.00000000	      0.00000000	      0.00000000	      0.00000000	      0.00000000	      0.00000000	      0.00000000	      0.00000000	      0.00000000
      4.59500000	      0.00282059	      0.00563537	     -0.00141260	      0.00725434	     -0.00298816	     -0.01049645	     -0.00617743	      0.00000000	      0.00000000	      0.00000000	      0.00000000	      0.00000000	      0.00000000	      0.00000000	      0.00116621	     -0.00623708	     -0.01456281	      0.04851751	      0.01869977	     -0.00828600	      0.04233508	      0.03016244	      0.01311141	     -0.00521623	      0.01040304	      0.00000000	      0.00000000	     -0.01775982	     -0.00030617	     -0.00131823	     -0.00758605	      0.00184669	      0.00164508	      0.00000000	      0.01713967	      0.00000000	     -0.00000000	     -0.00000000	     -0.00000000	     -0.00000000	      0.00000000	      0.00000000	      0.00000000	      0.00000000	      0.00000000	      0.00000000	      0.00000000	      0.00000000	      0.00000000	      0.00000000	      0.00000000	      0.00000000	      0.00000000	      0.00000000	      0.00000000	      0.00000000	      0.00000000	      0.00000000	      0.00000000	      0.00000000	      0.00000000	      0.00000000	      0.00000000	      0.00000000	      0.00000000	      0.00000000	      0.00000000	      0.00000000	      0.00000000	      0.00000000	      0.00000000	      0.00000000	      0.00000000	      0.00000000	      0.00000000	      0.00000000	      0.00000000	      0.00000000	      0.00000000	      0.00000000
      4.60000000	      0.00282201	      0.00563509	     -0.00141118	      0.00725337	     -0.00298499	     -0.01049223	     -0.00617862	      0.00000000	     -0.00000000	      0.00000000	     -0.00000000	      0.00000000	      0.00000000	      0.00000000	      0.00115551	     -0.00624297	     -0.01456799	      0.04850457	      0.01867943	     -0.00831084	      0.04231902	      0.03014205	      0.01308744	     -0.00522132	      0.01040243	     -0.00000000	     -0.00000000	     -0.01778185	     -0.00030523	     -0.00131872	     -0.00758323	      0.00184553	      0.00164273	      0.00000000	      0.01711722	     -0.00000000	      0.00000000	      0.00000000	      0.00000000	      0.00000000	      0.00000000	      0.00000000	      0.00000000	      0.00000000	      0.00000000	      0.00000000	      0.00000000	      0.00000000	      0.00000000	      0.00000000	      0.00000000	      0.00000000	      0.00000000	      0.00000000	      0.00000000	      0.00000000	      0.00000000	      0.00000000	      0.00000000	      0.00000000	      0.00000000	      0.00000000	      0.00000000	      0.00000000	      0.00000000	      0.00000000	      0.00000000	      0.00000000	      0.00000000	      0.00000000	      0.00000000	      0.00000000	      0.00000000	      0.00000000	      0.00000000	      0.00000000	      0.00000000	      0.00000000	      0.00000000	      0.00000000
      4.60500000	      0.00282354	      0.00563484	     -0.00140974	      0.00725225	     -0.00298189	     -0.01048795	     -0.00617973	     -0.00000000	      0.00000000	     -0.00000000	      0.00000000	     -0.00000000	     -0.00000000	     -0.00000000	      0.00114781	     -0.00624783	     -0.01457264	      0.04849588	      0.01866489	     -0.00832951	      0.04230723	      0.03012635	      0.01306864	     -0.00522611	      0.01040205	      0.00000000	     -0.00000000	     -0.01779895	     -0.00030408	     -0.00131931	     -0.00758073	      0.00184429	      0.00164030	      0.00000000	      0.01709676	      0.00000000	     -0.00000000	     -0.00000000	     -0.00000000	     -0.00000000	      0.00000000	      0.00000000	      0.00000000	      0.00000000	      0.00000000	      0.00000000	      0.00000000	      0.00000000	      0.00000000	      0.00000000	      0.00000000	      0.00000000	      0.00000000	      0.00000000	      0.00000000	      0.00000000	      0.00000000	      0.00000000	      0.00000000	      0.00000000	      0.00000000	      0.00000000	      0.00000000	      0.00000000	      0.00000000	      0.00000000	      0.00000000	      0.00000000	      0.00000000	      0.00000000	      0.00000000	      0.00000000	      0.00000000	      0.00000000	      0.00000000	      0.00000000	      0.00000000	      0.00000000	      0.00000000	      0.00000000
      4.61000000	      0.00282518	      0.00563464	     -0.00140829	      0.00725103	     -0.00297888	     -0.01048365	     -0.00618077	     -0.00000000	      0.00000000	      0.00000000	      0.00000000	      0.00000000	      0.00000000	      0.00000000	      0.00114327	     -0.00625151	     -0.01457671	      0.04849160	      0.01865636	     -0.00834180	      0.04229990	      0.03011555	      0.01305521	     -0.00523060	      0.01040190	      0.00000000	      0.00000000	     -0.01781096	     -0.00030276	     -0.00132001	     -0.00757857	      0.00184296	      0.00163778	      0.00000000	      0.01707843	      0.00000000	      0.00000000	     -0.00000000	     -0.00000000	     -0.00000000	      0.00000000	      0.00000000	      0.00000000	      0.00000000	      0.00000000	      0.00000000	      0.00000000	      0.00000000	      0.00000000	      0.00000000	      0.00000000	      0.00000000	      0.00000000	      0.00000000	      0.00000000	      0.00000000	      0.00000000	      0.00000000	      0.00000000	      0.00000000	      0.00000000	      0.00000000	      0.00000000	      0.00000000	      0.00000000	      0.00000000	      0.00000000	      0.00000000	      0.00000000	      0.00000000	      0.00000000	      0.00000000	      0.00000000	      0.00000000	      0.00000000	      0.00000000	      0.00000000	      0.00000000	      0.00000000	      0.00000000
      4.61500000	      0.00282690	      0.00563447	     -0.00140685	      0.00724974	     -0.00297597	     -0.01047936	     -0.00618173	      0.00000000	     -0.00000000	     -0.00000000	     -0.00000000	      0.00000000	      0.00000000	      0.00000000	      0.00114203	     -0.00625390	     -0.01458013	      0.04849181	      0.01865393	     -0.00834758	      0.04229714	      0.03010979	      0.01304727	     -0.00523478	      0.01040199	      0.00000000	      0.00000000	     -0.01781779	     -0.00030127	     -0.00132082	     -0.00757676	      0.00184155	      0.00163517	      0.00000000	      0.01706240	      0.00000000	      0.00000000	      0.00000000	      0.00000000	      0.00000000	      0.00000000	      0.00000000	      0.00000000	      0.00000000	      0.00000000	      0.00000000	      0.00000000	      0.00000000	      0.00000000	      0.00000000	      0.00000000	      0.00000000	      0.00000000	      0.00000000	      0.00000000	      0.00000000	      0.00000000	      0.00000000	      0.00000000	      0.00000000	      0.00000000	      0.00000000	      0.00000000	      0.00000000	      0.00000000	      0.00000000	      0.00000000	      0.00000000	      0.00000000	      0.00000000	      0.00000000	      0.00000000	      0.00000000	      0.00000000	      0.00000000	      0.00000000	      0.00000000	      0.00000000	      0.00000000	      0.00000000
      4.62000000	      0.00282866	      0.00563432	     -0.00140543	      0.00724839	     -0.00297322	     -0.01047515	     -0.00618261	     -0.00000000	      0.00000000	      0.00000000	     -0.00000000	     -0.00000000	      0.00000000	      0.00000000	      0.00114419	     -0.00625486	     -0.01458286	      0.04849654	      0.01865762	     -0.00834685	      0.04229898	      0.03010912	      0.01304486	     -0.00523863	      0.01040228	      0.00000000	      0.00000000	     -0.01781947	     -0.00029965	     -0.00132171	     -0.00757533	      0.00184008	      0.00163251	      0.00000000	      0.01704878	      0.00000000	     -0.00000000	     -0.00000000	     -0.00000000	      0.00000000	      0.00000000	      0.00000000	      0.00000000	      0.00000000	      0.00000000	      0.00000000	      0.00000000	      0.00000000	      0.00000000	      0.00000000	      0.00000000	      0.00000000	      0.00000000	      0.00000000	      0.00000000	      0.00000000	      0.00000000	      0.00000000	      0.00000000	      0.00000000	      0.00000000	      0.00000000	      0.00000000	      0.00000000	      0.00000000	      0.00000000	      0.00000000	      0.00000000	      0.00000000	      0.00000000	      0.00000000	      0.00000000	      0.00000000	      0.00000000	      0.00000000	      0.00000000	      0.00000000	      0.00000000	      0.00000000	      0.00000000
      4.62500000	      0.00283040	      0.00563421	     -0.00140405	      0.00724700	     -0.00297066	     -0.01047110	     -0.00618340	      0.00000000	      0.00000000	     -0.00000000	      0.00000000	     -0.00000000	     -0.00000000	     -0.00000000	      0.00114982	     -0.00625425	     -0.01458482	      0.04850571	      0.01866732	     -0.00833969	      0.04230539	      0.03011353	      0.01304793	     -0.00524215	      0.01040278	     -0.00000000	     -0.00000000	     -0.01781610	     -0.00029795	     -0.00132267	     -0.00757429	      0.00183856	      0.00162982	     -0.00000000	      0.01703771	     -0.00000000	     -0.00000000	     -0.00000000	      0.00000000	      0.00000000	      0.00000000	      0.00000000	      0.00000000	      0.00000000	      0.00000000	      0.00000000	      0.00000000	      0.00000000	      0.00000000	      0.00000000	      0.00000000	      0.00000000	      0.00000000	      0.00000000	      0.00000000	      0.00000000	      0.00000000	      0.00000000	      0.00000000	      0.00000000	      0.00000000	      0.00000000	      0.00000000	      0.00000000	      0.00000000	      0.00000000	      0.00000000	      0.00000000	      0.00000000	      0.00000000	      0.00000000	      0.00000000	      0.00000000	      0.00000000	      0.00000000	      0.00000000	      0.00000000	      0.00000000	      0.00000000	      0.00000000
      4.63000000	      0.00283208	      0.00563411	     -0.00140274	      0.00724561	     -0.00296833	     -0.01046728	     -0.00618409	     -0.00000000	      0.00000000	     -0.00000000	      0.00000000	      0.00000000	      0.00000000	      0.00000000	      0.00115896	     -0.00625194	     -0.01458596	      0.04851922	      0.01868284	     -0.00832627	      0.04231628	      0.03012295	      0.01305637	     -0.00524532	      0.01040346	      0.00000000	      0.00000000	     -0.01780784	     -0.00029621	     -0.00132369	     -0.00757365	      0.00183701	      0.00162714	      0.00000000	      0.01702933	      0.00000000	      0.00000000	     -0.00000000	      0.00000000	      0.00000000	      0.00000000	      0.00000000	      0.00000000	      0.00000000	      0.00000000	      0.00000000	      0.00000000	      0.00000000	      0.00000000	      0.00000000	      0.00000000	      0.00000000	      0.00000000	      0.00000000	      0.00000000	      0.00000000	      0.00000000	      0.00000000	      0.00000000	      0.00000000	      0.00000000	      0.00000000	      0.00000000	      0.00000000	      0.00000000	      0.00000000	      0.00000000	      0.00000000	      0.00000000	      0.00000000	      0.00000000	      0.00000000	      0.00000000	      0.00000000	      0.00000000	      0.00000000	      0.00000000	      0.00000000	      0.00000000	      0.00000000
      4.63500000	      0.00283362	      0.00563402	     -0.00140153	      0.00724424	     -0.00296629	     -0.01046378	     -0.00618468	     -0.00000000	     -0.00000000	      0.00000000	     -0.00000000	      0.00000000	     -0.00000000	     -0.00000000	      0.00117160	     -0.00624777	     -0.01458622	      0.04853687	      0.01870391	     -0.00830688	      0.04233150	      0.03013723	      0.01306999	     -0.00524812	      0.01040428	     -0.00000000	      0.00000000	     -0.01779493	     -0.00029451	     -0.00132474	     -0.00757343	      0.00183547	      0.00162449	     -0.00000000	      0.01702376	      0.00000000	      0.00000000	      0.00000000	     -0.00000000	     -0.00000000	      0.00000000	      0.00000000	      0.00000000	      0.00000000	      0.00000000	      0.00000000	      0.00000000	      0.00000000	      0.00000000	      0.00000000	      0.00000000	      0.00000000	      0.00000000	      0.00000000	      0.00000000	      0.00000000	      0.00000000	      0.00000000	      0.00000000	      0.00000000	      0.00000000	      0.00000000	      0.00000000	      0.00000000	      0.00000000	      0.00000000	      0.00000000	      0.00000000	      0.00000000	      0.00000000	      0.00000000	      0.00000000	      0.00000000	      0.00000000	      0.00000000	      0.00000000	      0.00000000	      0.00000000	      0.00000000	      0.00000000
      4.64000000	      0.00283496	      0.00563394	     -0.00140043	      0.00724298	     -0.00296458	     -0.01046071	     -0.00618515	      0.00000000	     -0.00000000	     -0.00000000	     -0.00000000	     -0.00000000	     -0.00000000	     -0.00000000	      0.00118771	     -0.00624162	     -0.01458554	      0.04855842	      0.01873016	     -0.00828186	      0.04235085	      0.03015620	      0.01308854	     -0.00525055	      0.01040522	      0.00000000	     -0.00000000	     -0.01777769	     -0.00029289	     -0.00132580	     -0.00757363	      0.00183396	      0.00162193	     -0.00000000	      0.01702110	      0.00000000	     -0.00000000	      0.00000000	     -0.00000000	     -0.00000000	      0.00000000	      0.00000000	      0.00000000	      0.00000000	      0.00000000	      0.00000000	      0.00000000	      0.00000000	      0.00000000	      0.00000000	      0.00000000	      0.00000000	      0.00000000	      0.00000000	      0.00000000	      0.00000000	      0.00000000	      0.00000000	      0.00000000	      0.00000000	      0.00000000	      0.00000000	      0.00000000	      0.00000000	      0.00000000	      0.00000000	      0.00000000	      0.00000000	      0.00000000	      0.00000000	      0.00000000	      0.00000000	      0.00000000	      0.00000000	      0.00000000	      0.00000000	      0.00000000	      0.00000000	      0.00000000	      0.00000000
      4.64500000	      0.00283602	      0.00563386	     -0.00139949	      0.00724175	     -0.00296326	     -0.01045816	     -0.00618551	     -0.00000000	      0.00000000	      0.00000000	      0.00000000	      0.00000000	      0.00000000	      0.00000000	      0.00120725	     -0.00623334	     -0.01458387	      0.04858361	      0.01876122	     -0.00825160	      0.04237409	      0.03017961	      0.01311174	     -0.00525257	      0.01040626	      0.00000000	      0.00000000	     -0.01775646	     -0.00029144	     -0.00132684	     -0.00757427	      0.00183251	      0.00161951	      0.00000000	      0.01702145	      0.00000000	     -0.00000000	      0.00000000	      0.00000000	     -0.00000000	      0.00000000	      0.00000000	      0.00000000	      0.00000000	      0.00000000	      0.00000000	      0.00000000	      0.00000000	      0.00000000	      0.00000000	      0.00000000	      0.00000000	      0.00000000	      0.00000000	      0.00000000	      0.00000000	      0.00000000	      0.00000000	      0.00000000	      0.00000000	      0.00000000	      0.00000000	      0.00000000	      0.00000000	      0.00000000	      0.00000000	      0.00000000	      0.00000000	      0.00000000	      0.00000000	      0.00000000	      0.00000000	      0.00000000	      0.00000000	      0.00000000	      0.00000000	      0.00000000	      0.00000000	      0.00000000	      0.00000000
      4.65000000	      0.00283673	      0.00563376	     -0.00139872	      0.00724066	     -0.00296239	     -0.01045625	     -0.00618575	     -0.00000000	      0.00000000	      0.00000000	      0.00000000	      0.00000000	      0.00000000	      0.00000000	      0.00123016	     -0.00622280	     -0.01458114	      0.04861213	      0.01879662	     -0.00821655	      0.04240095	      0.03020720	      0.01313925	     -0.00525419	      0.01040734	      0.00000000	      0.00000000	     -0.01773164	     -0.00029022	     -0.00132783	     -0.00757535	      0.00183116	      0.00161727	      0.00000000	      0.01702489	      0.00000000	      0.00000000	      0.00000000	     -0.00000000	      0.00000000	      0.00000000	      0.00000000	      0.00000000	      0.00000000	      0.00000000	      0.00000000	      0.00000000	      0.00000000	      0.00000000	      0.00000000	      0.00000000	      0.00000000	      0.00000000	      0.00000000	      0.00000000	      0.00000000	      0.00000000	      0.00000000	      0.00000000	      0.00000000	      0.00000000	      0.00000000	      0.00000000	      0.00000000	      0.00000000	      0.00000000	      0.00000000	      0.00000000	      0.00000000	      0.00000000	      0.00000000	      0.00000000	      0.00000000	      0.00000000	      0.00000000	      0.00000000	      0.00000000	      0.00000000	      0.00000000	      0.00000000
      4.65500000	      0.00283702	      0.00563363	     -0.00139816	      0.00723973	     -0.00296200	     -0.01045505	     -0.00618586	     -0.00000000	      0.00000000	      0.00000000	      0.00000000	      0.00000000	     -0.00000000	      0.00000000	      0.00125635	     -0.00620986	     -0.01457733	      0.04864365	      0.01883590	     -0.00817719	      0.04243114	      0.03023869	      0.01317069	     -0.00525540	      0.01040843	      0.00000000	      0.00000000	     -0.01770365	     -0.00028930	     -0.00132874	     -0.00757686	      0.00182994	      0.00161525	      0.00000000	      0.01703147	     -0.00000000	     -0.00000000	     -0.00000000	     -0.00000000	      0.00000000	      0.00000000	      0.00000000	      0.00000000	      0.00000000	      0.00000000	      0.00000000	      0.00000000	      0.00000000	      0.00000000	      0.00000000	      0.00000000	      0.00000000	      0.00000000	      0.00000000	      0.00000000	      0.00000000	      0.00000000	      0.00000000	      0.00000000	      0.00000000	      0.00000000	      0.00000000	      0.00000000	      0.00000000	      0.00000000	      0.00000000	      0.00000000	      0.00000000	      0.00000000	      0.00000000	      0.00000000	      0.00000000	      0.00000000	      0.00000000	      0.00000000	      0.00000000	      0.00000000	      0.00000000	      0.00000000	      0.00000000
      4.66000000	      0.00283681	      0.00563347	     -0.00139783	      0.00723899	     -0.00296214	     -0.01045467	     -0.00618583	      0.00000000	      0.00000000	      0.00000000	      0.00000000	     -0.00000000	     -0.00000000	      0.00000000	      0.00128574	     -0.00619441	     -0.01457237	      0.04867785	      0.01887857	     -0.00813404	      0.04246435	      0.03027376	      0.01320569	     -0.00525619	      0.01040950	     -0.00000000	     -0.00000000	     -0.01767293	     -0.00028875	     -0.00132955	     -0.00757881	      0.00182887	      0.00161351	     -0.00000000	      0.01704121	     -0.00000000	     -0.00000000	      0.00000000	     -0.00000000	     -0.00000000	      0.00000000	      0.00000000	      0.00000000	      0.00000000	      0.00000000	      0.00000000	      0.00000000	      0.00000000	      0.00000000	      0.00000000	      0.00000000	      0.00000000	      0.00000000	      0.00000000	      0.00000000	      0.00000000	      0.00000000	      0.00000000	      0.00000000	      0.00000000	      0.00000000	      0.00000000	      0.00000000	      0.00000000	      0.00000000	      0.00000000	      0.00000000	      0.00000000	      0.00000000	      0.00000000	      0.00000000	      0.00000000	      0.00000000	      0.00000000	      0.00000000	      0.00000000	      0.00000000	      0.00000000	      0.00000000	      0.00000000
      4.66500000	      0.00283604	      0.00563327	     -0.00139775	      0.00723848	     -0.00296286	     -0.01045519	     -0.00618565	      0.00000000	      0.00000000	      0.00000000	     -0.00000000	     -0.00000000	      0.00000000	      0.00000000	      0.00131826	     -0.00617630	     -0.01456625	      0.04871439	      0.01892412	     -0.00808759	      0.04250028	      0.03031208	      0.01324384	     -0.00525655	      0.01041052	      0.00000000	      0.00000000	     -0.01763994	     -0.00028864	     -0.00133024	     -0.00758119	      0.00182800	      0.00161208	      0.00000000	      0.01705411	      0.00000000	      0.00000000	      0.00000000	     -0.00000000	      0.00000000	      0.00000000	      0.00000000	      0.00000000	      0.00000000	      0.00000000	      0.00000000	      0.00000000	      0.00000000	      0.00000000	      0.00000000	      0.00000000	      0.00000000	      0.00000000	      0.00000000	      0.00000000	      0.00000000	      0.00000000	      0.00000000	      0.00000000	      0.00000000	      0.00000000	      0.00000000	      0.00000000	      0.00000000	      0.00000000	      0.00000000	      0.00000000	      0.00000000	      0.00000000	      0.00000000	      0.00000000	      0.00000000	      0.00000000	      0.00000000	      0.00000000	      0.00000000	      0.00000000	      0.00000000	      0.00000000	      0.00000000
      4.67000000	      0.00283464	      0.00563301	     -0.00139794	      0.00723823	     -0.00296418	     -0.01045669	     -0.00618534	      0.00000000	     -0.00000000	     -0.00000000	     -0.00000000	      0.00000000	      0.00000000	      0.00000000	      0.00135380	     -0.00615544	     -0.01455894	      0.04875295	      0.01897208	     -0.00803839	      0.04253860	      0.03035334	      0.01328471	     -0.00525650	      0.01041143	     -0.00000000	     -0.00000000	     -0.01760515	     -0.00028904	     -0.00133079	     -0.00758399	      0.00182734	      0.00161102	     -0.00000000	      0.01707014	      0.00000000	      0.00000000	     -0.00000000	     -0.00000000	     -0.00000000	      0.00000000	      0.00000000	      0.00000000	      0.00000000	      0.00000000	      0.00000000	      0.00000000	      0.00000000	      0.00000000	      0.00000000	      0.00000000	      0.00000000	      0.00000000	      0.00000000	      0.00000000	      0.00000000	      0.00000000	      0.00000000	      0.00000000	      0.00000000	      0.00000000	      0.00000000	      0.00000000	      0.00000000	      0.00000000	      0.00000000	      0.00000000	      0.00000000	      0.00000000	      0.00000000	      0.00000000	      0.00000000	      0.00000000	      0.00000000	      0.00000000	      0.00000000	      0.00000000	      0.00000000	      0.00000000	      0.00000000
      4.67500000	      0.00283255	      0.00563267	     -0.00139842	      0.00723825	     -0.00296612	     -0.01045922	     -0.00618487	     -0.00000000	     -0.00000000	     -0.00000000	      0.00000000	     -0.00000000	     -0.00000000	     -0.00000000	      0.00139227	     -0.00613172	     -0.01455042	      0.04879321	      0.01902194	     -0.00798694	      0.04257900	      0.03039717	      0.01332789	     -0.00525604	      0.01041221	     -0.00000000	     -0.00000000	     -0.01756903	     -0.00028999	     -0.00133116	     -0.00758720	      0.00182693	      0.00161035	     -0.00000000	      0.01708923	      0.00000000	     -0.00000000	     -0.00000000	     -0.00000000	      0.00000000	      0.00000000	      0.00000000	      0.00000000	      0.00000000	      0.00000000	      0.00000000	      0.00000000	      0.00000000	      0.00000000	      0.00000000	      0.00000000	      0.00000000	      0.00000000	      0.00000000	      0.00000000	      0.00000000	      0.00000000	      0.00000000	      0.00000000	      0.00000000	      0.00000000	      0.00000000	      0.00000000	      0.00000000	      0.00000000	      0.00000000	      0.00000000	      0.00000000	      0.00000000	      0.00000000	      0.00000000	      0.00000000	      0.00000000	      0.00000000	      0.00000000	      0.00000000	      0.00000000	      0.00000000	      0.00000000	      0.00000000
      4.68000000	      0.00282972	      0.00563226	     -0.00139919	      0.00723858	     -0.00296872	     -0.01046283	     -0.00618426	      0.00000000	      0.00000000	      0.00000000	      0.00000000	      0.00000000	      0.00000000	      0.00000000	      0.00143358	     -0.00610506	     -0.01454068	      0.04883484	      0.01907322	     -0.00793377	      0.04262117	      0.03044325	      0.01337294	     -0.00525517	      0.01041283	      0.00000000	     -0.00000000	     -0.01753205	     -0.00029155	     -0.00133134	     -0.00759081	      0.00182679	      0.00161010	     -0.00000000	      0.01711127	      0.00000000	      0.00000000	      0.00000000	      0.00000000	      0.00000000	      0.00000000	      0.00000000	      0.00000000	      0.00000000	      0.00000000	      0.00000000	      0.00000000	      0.00000000	      0.00000000	      0.00000000	      0.00000000	      0.00000000	      0.00000000	      0.00000000	      0.00000000	      0.00000000	      0.00000000	      0.00000000	      0.00000000	      0.00000000	      0.00000000	      0.00000000	      0.00000000	      0.00000000	      0.00000000	      0.00000000	      0.00000000	      0.00000000	      0.00000000	      0.00000000	      0.00000000	      0.00000000	      0.00000000	      0.00000000	      0.00000000	      0.00000000	      0.00000000	      0.00000000	      0.00000000	      0.00000000
      4.68500000	      0.00282610	      0.00563177	     -0.00140027	      0.00723922	     -0.00297197	     -0.01046757	     -0.00618350	      0.00000000	     -0.00000000	      0.00000000	     -0.00000000	     -0.00000000	     -0.00000000	     -0.00000000	      0.00147760	     -0.00607540	     -0.01452974	      0.04887753	      0.01912546	     -0.00787940	      0.04266478	      0.03049122	      0.01341943	     -0.00525393	      0.01041324	     -0.00000000	     -0.00000000	     -0.01749467	     -0.00029375	     -0.00133133	     -0.00759479	      0.00182694	      0.00161031	     -0.00000000	      0.01713614	     -0.00000000	     -0.00000000	     -0.00000000	      0.00000000	      0.00000000	      0.00000000	      0.00000000	      0.00000000	      0.00000000	      0.00000000	      0.00000000	      0.00000000	      0.00000000	      0.00000000	      0.00000000	      0.00000000	      0.00000000	      0.00000000	      0.00000000	      0.00000000	      0.00000000	      0.00000000	      0.00000000	      0.00000000	      0.00000000	      0.00000000	      0.00000000	      0.00000000	      0.00000000	      0.00000000	      0.00000000	      0.00000000	      0.00000000	      0.00000000	      0.00000000	      0.00000000	      0.00000000	      0.00000000	      0.00000000	      0.00000000	      0.00000000	      0.00000000	      0.00000000	      0.00000000	      0.00000000
      4.69000000	      0.00282167	      0.00563117	     -0.00140166	      0.00724019	     -0.00297588	     -0.01047345	     -0.00618260	      0.00000000	     -0.00000000	      0.00000000	      0.00000000	      0.00000000	      0.00000000	      0.00000000	      0.00152421	     -0.00604270	     -0.01451760	      0.04892100	      0.01917820	     -0.00782430	      0.04270953	      0.03054075	      0.01346695	     -0.00525231	      0.01041343	      0.00000000	      0.00000000	     -0.01745732	     -0.00029665	     -0.00133110	     -0.00759912	      0.00182739	      0.00161100	      0.00000000	      0.01716368	      0.00000000	      0.00000000	      0.00000000	      0.00000000	      0.00000000	      0.00000000	      0.00000000	      0.00000000	      0.00000000	      0.00000000	      0.00000000	      0.00000000	      0.00000000	      0.00000000	      0.00000000	      0.00000000	      0.00000000	      0.00000000	      0.00000000	      0.00000000	      0.00000000	      0.00000000	      0.00000000	      0.00000000	      0.00000000	      0.00000000	      0.00000000	      0.00000000	      0.00000000	      0.00000000	      0.00000000	      0.00000000	      0.00000000	      0.00000000	      0.00000000	      0.00000000	      0.00000000	      0.00000000	      0.00000000	      0.00000000	      0.00000000	      0.00000000	      0.00000000	      0.00000000	      0.00000000
      4.69500000	      0.00281640	      0.00563046	     -0.00140336	      0.00724150	     -0.00298045	     -0.01048049	     -0.00618155	     -0.00000000	      0.00000000	      0.00000000	     -0.00000000	      0.00000000	     -0.00000000	     -0.00000000	      0.00157327	     -0.00600696	     -0.01450429	      0.04896496	      0.01923104	     -0.00776894	      0.04275513	      0.03059150	      0.01351511	     -0.00525034	      0.01041337	      0.00000000	      0.00000000	     -0.01742041	     -0.00030026	     -0.00133065	     -0.00760378	      0.00182816	      0.00161218	     -0.00000000	      0.01719375	     -0.00000000	     -0.00000000	     -0.00000000	     -0.00000000	     -0.00000000	      0.00000000	      0.00000000	      0.00000000	      0.00000000	      0.00000000	      0.00000000	      0.00000000	      0.00000000	      0.00000000	      0.00000000	      0.00000000	      0.00000000	      0.00000000	      0.00000000	      0.00000000	      0.00000000	      0.00000000	      0.00000000	      0.00000000	      0.00000000	      0.00000000	      0.00000000	      0.00000000	      0.00000000	      0.00000000	      0.00000000	      0.00000000	      0.00000000	      0.00000000	      0.00000000	      0.00000000	      0.00000000	      0.00000000	      0.00000000	      0.00000000	      0.00000000	      0.00000000	      0.00000000	      0.00000000	      0.00000000
      4.70000000	      0.00281028	      0.00562964	     -0.00140538	      0.00724316	     -0.00298566	     -0.01048869	     -0.00618035	     -0.00000000	      0.00000000	      0.00000000	      0.00000000	      0.00000000	      0.00000000	      0.00000000	      0.00162463	     -0.00596819	     -0.01448983	      0.04900913	      0.01928356	     -0.00771375	      0.04280129	      0.03064315	      0.01356353	     -0.00524804	      0.01041303	      0.00000000	      0.00000000	     -0.01738431	     -0.00030459	     -0.00132997	     -0.00760874	      0.00182927	      0.00161387	      0.00000000	      0.01722616	      0.00000000	      0.00000000	      0.00000000	      0.00000000	     -0.00000000	      0.00000000	      0.00000000	      0.00000000	      0.00000000	      0.00000000	      0.00000000	      0.00000000	      0.00000000	      0.00000000	      0.00000000	      0.00000000	      0.00000000	      0.00000000	      0.00000000	      0.00000000	      0.00000000	      0.00000000	      0.00000000	      0.00000000	      0.00000000	      0.00000000	      0.00000000	      0.00000000	      0.00000000	      0.00000000	      0.00000000	      0.00000000	      0.00000000	      0.00000000	      0.00000000	      0.00000000	      0.00000000	      0.00000000	      0.00000000	      0.00000000	      0.00000000	      0.00000000	      0.00000000	      0.00000000	      0.00000000
      4.70500000	      0.00280329	      0.00562870	     -0.00140770	      0.00724517	     -0.00299152	     -0.01049803	     -0.00617901	     -0.00000000	      0.00000000	     -0.00000000	      0.00000000	      0.00000000	      0.00000000	      0.00000000	      0.00167812	     -0.00592645	     -0.01447428	      0.04905327	      0.01933544	     -0.00765910	      0.04284775	      0.03069540	      0.01361188	     -0.00524542	      0.01041240	      0.00000000	     -0.00000000	     -0.01734935	     -0.00030967	     -0.00132905	     -0.00761399	      0.00183071	      0.00161608	      0.00000000	      0.01726075	     -0.00000000	     -0.00000000	      0.00000000	      0.00000000	      0.00000000	      0.00000000	      0.00000000	      0.00000000	      0.00000000	      0.00000000	      0.00000000	      0.00000000	      0.00000000	      0.00000000	      0.00000000	      0.00000000	      0.00000000	      0.00000000	      0.00000000	      0.00000000	      0.00000000	      0.00000000	      0.00000000	      0.00000000	      0.00000000	      0.00000000	      0.00000000	      0.00000000	      0.00000000	      0.00000000	      0.00000000	      0.00000000	      0.00000000	      0.00000000	      0.00000000	      0.00000000	      0.00000000	      0.00000000	      0.00000000	      0.00000000	      0.00000000	      0.00000000	      0.00000000	      0.00000000	      0.00000000
      4.71000000	      0.00279545	      0.00562763	     -0.00141033	      0.00724752	     -0.00299800	     -0.01050850	     -0.00617754	      0.00000000	     -0.00000000	      0.00000000	      0.00000000	     -0.00000000	      0.00000000	      0.00000000	      0.00173357	     -0.00588182	     -0.01445768	      0.04909715	      0.01938635	     -0.00760534	      0.04289425	      0.03074798	      0.01365986	     -0.00524248	      0.01041147	      0.00000000	      0.00000000	     -0.01731581	     -0.00031549	     -0.00132789	     -0.00761949	      0.00183250	      0.00161882	      0.00000000	      0.01729734	      0.00000000	      0.00000000	      0.00000000	      0.00000000	     -0.00000000	      0.00000000	      0.00000000	      0.00000000	      0.00000000	      0.00000000	      0.00000000	      0.00000000	      0.00000000	      0.00000000	      0.00000000	      0.00000000	      0.00000000	      0.00000000	      0.00000000	      0.00000000	      0.00000000	      0.00000000	      0.00000000	      0.00000000	      0.00000000	      0.00000000	      0.00000000	      0.00000000	      0.00000000	      0.00000000	      0.00000000	      0.00000000	      0.00000000	      0.00000000	      0.00000000	      0.00000000	      0.00000000	      0.00000000	      0.00000000	      0.00000000	      0.00000000	      0.00000000	      0.00000000	      0.00000000	      0.00000000
      4.71500000	      0.00278676	      0.00562644	     -0.00141324	      0.00725016	     -0.00300507	     -0.01052006	     -0.00617593	      0.00000000	     -0.00000000	      0.00000000	      0.00000000	     -0.00000000	     -0.00000000	     -0.00000000	      0.00179079	     -0.00583441	     -0.01444008	      0.04914057	      0.01943603	     -0.00755277	      0.04294058	      0.03080063	      0.01370720	     -0.00523925	      0.01041024	     -0.00000000	     -0.00000000	     -0.01728391	     -0.00032203	     -0.00132650	     -0.00762523	      0.00183463	      0.00162209	     -0.00000000	      0.01733575	     -0.00000000	      0.00000000	     -0.00000000	      0.00000000	     -0.00000000	      0.00000000	      0.00000000	      0.00000000	      0.00000000	      0.00000000	      0.00000000	      0.00000000	      0.00000000	      0.00000000	      0.00000000	      0.00000000	      0.00000000	      0.00000000	      0.00000000	      0.00000000	      0.00000000	      0.00000000	      0.00000000	      0.00000000	      0.00000000	      0.00000000	      0.00000000	      0.00000000	      0.00000000	      0.00000000	      0.00000000	      0.00000000	      0.00000000	      0.00000000	      0.00000000	      0.00000000	      0.00000000	      0.00000000	      0.00000000	      0.00000000	      0.00000000	      0.00000000	      0.00000000	      0.00000000	      0.00000000
      4.72000000	      0.00277727	      0.00562512	     -0.00141644	      0.00725318	     -0.00301270	     -0.01053266	     -0.00617420	     -0.00000000	      0.00000000	      0.00000000	     -0.00000000	     -0.00000000	     -0.00000000	     -0.00000000	      0.00184958	     -0.00578439	     -0.01442157	      0.04918335	      0.01948428	     -0.00750160	      0.04298653	      0.03085313	      0.01375367	     -0.00523572	      0.01040869	     -0.00000000	     -0.00000000	     -0.01725384	     -0.00032927	     -0.00132488	     -0.00763116	      0.00183711	      0.00162587	     -0.00000000	      0.01737576	     -0.00000000	     -0.00000000	      0.00000000	     -0.00000000	     -0.00000000	      0.00000000	      0.00000000	      0.00000000	      0.00000000	      0.00000000	      0.00000000	      0.00000000	      0.00000000	      0.00000000	      0.00000000	      0.00000000	      0.00000000	      0.00000000	      0.00000000	      0.00000000	      0.00000000	      0.00000000	      0.00000000	      0.00000000	      0.00000000	      0.00000000	      0.00000000	      0.00000000	      0.00000000	      0.00000000	      0.00000000	      0.00000000	      0.00000000	      0.00000000	      0.00000000	      0.00000000	      0.00000000	      0.00000000	      0.00000000	      0.00000000	      0.00000000	      0.00000000	      0.00000000	      0.00000000	      0.00000000
      4.72500000	      0.00276703	      0.00562369	     -0.00141989	      0.00725650	     -0.00302084	     -0.01054622	     -0.00617234	      0.00000000	      0.00000000	     -0.00000000	     -0.00000000	      0.00000000	     -0.00000000	     -0.00000000	      0.00190968	     -0.00573197	     -0.01440222	      0.04922533	      0.01953089	     -0.00745206	      0.04303191	      0.03090523	      0.01379907	     -0.00523194	      0.01040685	     -0.00000000	     -0.00000000	     -0.01722574	     -0.00033718	     -0.00132305	     -0.00763726	      0.00183990	      0.00163016	     -0.00000000	      0.01741714	      0.00000000	     -0.00000000	      0.00000000	     -0.00000000	     -0.00000000	      0.00000000	      0.00000000	      0.00000000	      0.00000000	      0.00000000	      0.00000000	      0.00000000	      0.00000000	      0.00000000	      0.00000000	      0.00000000	      0.00000000	      0.00000000	      0.00000000	      0.00000000	      0.00000000	      0.00000000	      0.00000000	      0.00000000	      0.00000000	      0.00000000	      0.00000000	      0.00000000	      0.00000000	      0.00000000	      0.00000000	      0.00000000	      0.00000000	      0.00000000	      0.00000000	      0.00000000	      0.00000000	      0.00000000	      0.00000000	      0.00000000	      0.00000000	      0.00000000	      0.00000000	      0.00000000	      0.00000000
      4.73000000	      0.00275607	      0.00562213	     -0.00142428	      0.00726012	     -0.00302946	     -0.01056066	     -0.00617036	      0.00000000	     -0.00000000	     -0.00000000	     -0.00000000	     -0.00000000	     -0.00000000	      0.00000000	      0.00197091	     -0.00567736	     -0.01438213	      0.04926640	      0.01957579	     -0.00740425	      0.04307660	      0.03095679	      0.01384328	     -0.00522790	      0.01040471	     -0.00000000	      0.00000000	     -0.01719964	     -0.00034570	     -0.00132101	     -0.00764350	      0.00184301	      0.00163491	     -0.00000000	      0.01745969	     -0.00000000	      0.00000000	      0.00000000	      0.00000000	      0.00000000	      0.00000000	      0.00000000	      0.00000000	      0.00000000	      0.00000000	      0.00000000	      0.00000000	      0.00000000	      0.00000000	      0.00000000	      0.00000000	      0.00000000	      0.00000000	      0.00000000	      0.00000000	      0.00000000	      0.00000000	      0.00000000	      0.00000000	      0.00000000	      0.00000000	      0.00000000	      0.00000000	      0.00000000	      0.00000000	      0.00000000	      0.00000000	      0.00000000	      0.00000000	      0.00000000	      0.00000000	      0.00000000	      0.00000000	      0.00000000	      0.00000000	      0.00000000	      0.00000000	      0.00000000	      0.00000000	      0.00000000
      4.73500000	      0.00274448	      0.00562047	     -0.00142819	      0.00726393	     -0.00303849	     -0.01057589	     -0.00616828	      0.00000000	     -0.00000000	     -0.00000000	     -0.00000000	     -0.00000000	     -0.00000000	     -0.00000000	      0.00203306	     -0.00562079	     -0.01436138	      0.04930652	      0.01961893	     -0.00735822	      0.04312051	      0.03100769	      0.01388622	     -0.00522363	      0.01040231	     -0.00000000	     -0.00000000	     -0.01717555	     -0.00035478	     -0.00131878	     -0.00764985	      0.00184642	      0.00164011	     -0.00000000	      0.01750319	     -0.00000000	     -0.00000000	      0.00000000	      0.00000000	     -0.00000000	      0.00000000	      0.00000000	      0.00000000	      0.00000000	      0.00000000	      0.00000000	      0.00000000	      0.00000000	      0.00000000	      0.00000000	      0.00000000	      0.00000000	      0.00000000	      0.00000000	      0.00000000	      0.00000000	      0.00000000	      0.00000000	      0.00000000	      0.00000000	      0.00000000	      0.00000000	      0.00000000	      0.00000000	      0.00000000	      0.00000000	      0.00000000	      0.00000000	      0.00000000	      0.00000000	      0.00000000	      0.00000000	      0.00000000	      0.00000000	      0.00000000	      0.00000000	      0.00000000	      0.00000000	      0.00000000	      0.00000000
      4.74000000	      0.00273235	      0.00561870	     -0.00143228	      0.00726802	     -0.00304786	     -0.01059176	     -0.00616610	     -0.00000000	     -0.00000000	      0.00000000	      0.00000000	      0.00000000	      0.00000000	      0.00000000	      0.00209575	     -0.00556268	     -0.01434014	      0.04934551	      0.01966022	     -0.00731409	      0.04316343	      0.03105768	      0.01392773	     -0.00521915	      0.01039965	      0.00000000	      0.00000000	     -0.01715348	     -0.00036433	     -0.00131639	     -0.00765627	      0.00185008	      0.00164572	      0.00000000	      0.01754731	      0.00000000	      0.00000000	      0.00000000	      0.00000000	     -0.00000000	      0.00000000	      0.00000000	      0.00000000	      0.00000000	      0.00000000	      0.00000000	      0.00000000	      0.00000000	      0.00000000	      0.00000000	      0.00000000	      0.00000000	      0.00000000	      0.00000000	      0.00000000	      0.00000000	      0.00000000	      0.00000000	      0.00000000	      0.00000000	      0.00000000	      0.00000000	      0.00000000	      0.00000000	      0.00000000	      0.00000000	      0.00000000	      0.00000000	      0.00000000	      0.00000000	      0.00000000	      0.00000000	      0.00000000	      0.00000000	      0.00000000	      0.00000000	      0.00000000	      0.00000000	      0.00000000	      0.00000000
      4.74500000	      0.00271981	      0.00561686	     -0.00143650	      0.00727229	     -0.00305748	     -0.01060812	     -0.00616383	     -0.00000000	     -0.00000000	     -0.00000000	     -0.00000000	      0.00000000	     -0.00000000	     -0.00000000	      0.00215858	     -0.00550350	     -0.01431858	      0.04938328	      0.01969959	     -0.00727192	      0.04320521	      0.03110657	      0.01396771	     -0.00521447	      0.01039679	     -0.00000000	     -0.00000000	     -0.01713337	     -0.00037425	     -0.00131386	     -0.00766270	      0.00185397	      0.00165168	     -0.00000000	      0.01759172	     -0.00000000	     -0.00000000	     -0.00000000	     -0.00000000	      0.00000000	      0.00000000	      0.00000000	      0.00000000	      0.00000000	      0.00000000	      0.00000000	      0.00000000	      0.00000000	      0.00000000	      0.00000000	      0.00000000	      0.00000000	      0.00000000	      0.00000000	      0.00000000	      0.00000000	      0.00000000	      0.00000000	      0.00000000	      0.00000000	      0.00000000	      0.00000000	      0.00000000	      0.00000000	      0.00000000	      0.00000000	      0.00000000	      0.00000000	      0.00000000	      0.00000000	      0.00000000	      0.00000000	      0.00000000	      0.00000000	      0.00000000	      0.00000000	      0.00000000	      0.00000000	      0.00000000	      0.00000000
      4.75000000	      0.00270690	      0.00561493	     -0.00144084	      0.00727664	     -0.00306731	     -0.01062491	     -0.00616150	     -0.00000000	      0.00000000	      0.00000000	      0.00000000	     -0.00000000	     -0.00000000	     -0.00000000	      0.00222156	     -0.00544334	     -0.01429671	      0.04941997	      0.01973730	     -0.00723147	      0.04324600	      0.03115449	      0.01400636	     -0.00520963	      0.01039374	     -0.00000000	      0.00000000	     -0.01711498	     -0.00038450	     -0.00131122	     -0.00766915	      0.00185805	      0.00165794	     -0.00000000	      0.01763639	     -0.00000000	      0.00000000	     -0.00000000	      0.00000000	     -0.00000000	      0.00000000	      0.00000000	      0.00000000	      0.00000000	      0.00000000	      0.00000000	      0.00000000	      0.00000000	      0.00000000	      0.00000000	      0.00000000	      0.00000000	      0.00000000	      0.00000000	      0.00000000	      0.00000000	      0.00000000	      0.00000000	      0.00000000	      0.00000000	      0.00000000	      0.00000000	      0.00000000	      0.00000000	      0.00000000	      0.00000000	      0.00000000	      0.00000000	      0.00000000	      0.00000000	      0.00000000	      0.00000000	      0.00000000	      0.00000000	      0.00000000	      0.00000000	      0.00000000	      0.00000000	      0.00000000	      0.00000000
      4.75500000	      0.00269376	      0.00561296	     -0.00144526	      0.00728116	     -0.00307727	     -0.01064196	     -0.00615910	     -0.00000000	      0.00000000	     -0.00000000	     -0.00000000	     -0.00000000	     -0.00000000	     -0.00000000	      0.00228425	     -0.00538274	     -0.01427473	      0.04945547	      0.01977332	     -0.00719275	      0.04328564	      0.03120126	      0.01404360	     -0.00520464	      0.01039055	     -0.00000000	     -0.00000000	     -0.01709820	     -0.00039496	     -0.00130850	     -0.00767558	      0.00186229	      0.00166444	     -0.00000000	      0.01768098	     -0.00000000	     -0.00000000	      0.00000000	     -0.00000000	      0.00000000	      0.00000000	      0.00000000	      0.00000000	      0.00000000	      0.00000000	      0.00000000	      0.00000000	      0.00000000	      0.00000000	      0.00000000	      0.00000000	      0.00000000	      0.00000000	      0.00000000	      0.00000000	      0.00000000	      0.00000000	      0.00000000	      0.00000000	      0.00000000	      0.00000000	      0.00000000	      0.00000000	      0.00000000	      0.00000000	      0.00000000	      0.00000000	      0.00000000	      0.00000000	      0.00000000	      0.00000000	      0.00000000	      0.00000000	      0.00000000	      0.00000000	      0.00000000	      0.00000000	      0.00000000	      0.00000000	      0.00000000
      4.76000000	      0.00268049	      0.00561094	     -0.00144971	      0.00728573	     -0.00308728	     -0.01065914	     -0.00615666	      0.00000000	     -0.00000000	     -0.00000000	     -0.00000000	     -0.00000000	      0.00000000	      0.00000000	      0.00234637	     -0.00532208	     -0.01425277	      0.04948979	      0.01980776	     -0.00715563	      0.04332411	      0.03124684	      0.01407951	     -0.00519951	      0.01038726	     -0.00000000	      0.00000000	     -0.01708281	     -0.00040554	     -0.00130572	     -0.00768194	      0.00186665	      0.00167114	     -0.00000000	      0.01772530	      0.00000000	      0.00000000	      0.00000000	     -0.00000000	      0.00000000	      0.00000000	      0.00000000	      0.00000000	      0.00000000	      0.00000000	      0.00000000	      0.00000000	      0.00000000	      0.00000000	      0.00000000	      0.00000000	      0.00000000	      0.00000000	      0.00000000	      0.00000000	      0.00000000	      0.00000000	      0.00000000	      0.00000000	      0.00000000	      0.00000000	      0.00000000	      0.00000000	      0.00000000	      0.00000000	      0.00000000	      0.00000000	      0.00000000	      0.00000000	      0.00000000	      0.00000000	      0.00000000	      0.00000000	      0.00000000	      0.00000000	      0.00000000	      0.00000000	      0.00000000	      0.00000000	      0.00000000
      4.76500000	      0.00266722	      0.00560891	     -0.00145416	      0.00729032	     -0.00309727	     -0.01067628	     -0.00615419	      0.00000000	      0.00000000	     -0.00000000	     -0.00000000	     -0.00000000	      0.00000000	      0.00000000	      0.00240756	     -0.00526184	     -0.01423098	      0.04952291	      0.01984072	     -0.00712004	      0.04336136	      0.03129113	      0.01411412	     -0.00519427	      0.01038391	      0.00000000	     -0.00000000	     -0.01706861	     -0.00041614	     -0.00130292	     -0.00768822	      0.00187108	      0.00167797	     -0.00000000	      0.01776911	     -0.00000000	      0.00000000	     -0.00000000	     -0.00000000	      0.00000000	      0.00000000	      0.00000000	      0.00000000	      0.00000000	      0.00000000	      0.00000000	      0.00000000	      0.00000000	      0.00000000	      0.00000000	      0.00000000	      0.00000000	      0.00000000	      0.00000000	      0.00000000	      0.00000000	      0.00000000	      0.00000000	      0.00000000	      0.00000000	      0.00000000	      0.00000000	      0.00000000	      0.00000000	      0.00000000	      0.00000000	      0.00000000	      0.00000000	      0.00000000	      0.00000000	      0.00000000	      0.00000000	      0.00000000	      0.00000000	      0.00000000	      0.00000000	      0.00000000	      0.00000000	      0.00000000	      0.00000000
      4.77000000	      0.00265408	      0.00560688	     -0.00145858	      0.00729482	     -0.00310714	     -0.01069326	     -0.00615170	      0.00000000	      0.00000000	      0.00000000	     -0.00000000	      0.00000000	      0.00000000	      0.00000000	      0.00246746	     -0.00520249	     -0.01420952	      0.04955477	      0.01987225	     -0.00708589	      0.04339732	      0.03133405	      0.01414746	     -0.00518895	      0.01038054	      0.00000000	      0.00000000	     -0.01705540	     -0.00042664	     -0.00130011	     -0.00769437	      0.00187554	      0.00168486	      0.00000000	      0.01781219	      0.00000000	     -0.00000000	     -0.00000000	      0.00000000	     -0.00000000	      0.00000000	      0.00000000	      0.00000000	      0.00000000	      0.00000000	      0.00000000	      0.00000000	      0.00000000	      0.00000000	      0.00000000	      0.00000000	      0.00000000	      0.00000000	      0.00000000	      0.00000000	      0.00000000	      0.00000000	      0.00000000	      0.00000000	      0.00000000	      0.00000000	      0.00000000	      0.00000000	      0.00000000	      0.00000000	      0.00000000	      0.00000000	      0.00000000	      0.00000000	      0.00000000	      0.00000000	      0.00000000	      0.00000000	      0.00000000	      0.00000000	      0.00000000	      0.00000000	      0.00000000	      0.00000000	      0.00000000
      4.77500000	      0.00264108	      0.00560486	     -0.00146296	      0.00729934	     -0.00311691	     -0.01071004	     -0.00614896	     -0.00000000	      0.00000000	     -0.00000000	     -0.00000000	      0.00000000	     -0.00000000	     -0.00000000	      0.00252613	     -0.00514408	     -0.01418837	      0.04958558	      0.01990265	     -0.00705285	      0.04343219	      0.03137582	      0.01417981	     -0.00518258	      0.01037718	      0.00000000	      0.00000000	     -0.01704287	     -0.00043703	     -0.00129732	     -0.00770041	      0.00188034	      0.00169241	     -0.00000000	      0.01785463	      0.00000000	      0.00000000	      0.00000000	     -0.00000000	      0.00000000	      0.00000000	      0.00000000	      0.00000000	      0.00000000	      0.00000000	      0.00000000	      0.00000000	      0.00000000	      0.00000000	      0.00000000	      0.00000000	      0.00000000	      0.00000000	      0.00000000	      0.00000000	      0.00000000	      0.00000000	      0.00000000	      0.00000000	      0.00000000	      0.00000000	      0.00000000	      0.00000000	      0.00000000	      0.00000000	      0.00000000	      0.00000000	      0.00000000	      0.00000000	      0.00000000	      0.00000000	      0.00000000	      0.00000000	      0.00000000	      0.00000000	      0.00000000	      0.00000000	      0.00000000	      0.00000000	      0.00000000
      4.78000000	      0.00262868	      0.00560293	     -0.00146715	      0.00730366	     -0.00312625	     -0.01072608	     -0.00614676	     -0.00000000	      0.00000000	      0.00000000	      0.00000000	      0.00000000	      0.00000000	      0.00000000	      0.00258179	     -0.00508850	     -0.01416821	      0.04961455	      0.01993126	     -0.00702165	      0.04346508	      0.03141534	      0.01421043	     -0.00517815	      0.01037396	      0.00000000	      0.00000000	     -0.01703113	     -0.00044696	     -0.00129465	     -0.00770617	      0.00188436	      0.00169855	      0.00000000	      0.01789520	      0.00000000	      0.00000000	      0.00000000	     -0.00000000	     -0.00000000	      0.00000000	      0.00000000	      0.00000000	      0.00000000	      0.00000000	      0.00000000	      0.00000000	      0.00000000	      0.00000000	      0.00000000	      0.00000000	      0.00000000	      0.00000000	      0.00000000	      0.00000000	      0.00000000	      0.00000000	      0.00000000	      0.00000000	      0.00000000	      0.00000000	      0.00000000	      0.00000000	      0.00000000	      0.00000000	      0.00000000	      0.00000000	      0.00000000	      0.00000000	      0.00000000	      0.00000000	      0.00000000	      0.00000000	      0.00000000	      0.00000000	      0.00000000	      0.00000000	      0.00000000	      0.00000000	      0.00000000
      4.78500000	      0.00261663	      0.00560106	     -0.00147124	      0.00730782	     -0.00313535	     -0.01074169	     -0.00614415	     -0.00000000	     -0.00000000	     -0.00000000	     -0.00000000	      0.00000000	     -0.00000000	     -0.00000000	      0.00263562	     -0.00503467	     -0.01414862	      0.04964244	      0.01995891	     -0.00699137	      0.04349681	      0.03145361	      0.01424019	     -0.00517200	      0.01037082	      0.00000000	      0.00000000	     -0.01701965	     -0.00045660	     -0.00129203	     -0.00771177	      0.00188889	      0.00170570	     -0.00000000	      0.01793482	     -0.00000000	     -0.00000000	     -0.00000000	     -0.00000000	      0.00000000	      0.00000000	      0.00000000	      0.00000000	      0.00000000	      0.00000000	      0.00000000	      0.00000000	      0.00000000	      0.00000000	      0.00000000	      0.00000000	      0.00000000	      0.00000000	      0.00000000	      0.00000000	      0.00000000	      0.00000000	      0.00000000	      0.00000000	      0.00000000	      0.00000000	      0.00000000	      0.00000000	      0.00000000	      0.00000000	      0.00000000	      0.00000000	      0.00000000	      0.00000000	      0.00000000	      0.00000000	      0.00000000	      0.00000000	      0.00000000	      0.00000000	      0.00000000	      0.00000000	      0.00000000	      0.00000000	      0.00000000
      4.79000000	      0.00260538	      0.00559931	     -0.00147509	      0.00731176	     -0.00314391	     -0.01075633	     -0.00614201	      0.00000000	     -0.00000000	     -0.00000000	     -0.00000000	     -0.00000000	     -0.00000000	     -0.00000000	      0.00268578	     -0.00498452	     -0.01413029	      0.04966840	      0.01998485	     -0.00696281	      0.04352644	      0.03148946	      0.01426826	     -0.00516738	      0.01036790	     -0.00000000	     -0.00000000	     -0.01700859	     -0.00046559	     -0.00128958	     -0.00771704	      0.00189271	      0.00171162	     -0.00000000	      0.01797223	     -0.00000000	     -0.00000000	     -0.00000000	     -0.00000000	     -0.00000000	      0.00000000	      0.00000000	      0.00000000	      0.00000000	      0.00000000	      0.00000000	      0.00000000	      0.00000000	      0.00000000	      0.00000000	      0.00000000	      0.00000000	      0.00000000	      0.00000000	      0.00000000	      0.00000000	      0.00000000	      0.00000000	      0.00000000	      0.00000000	      0.00000000	      0.00000000	      0.00000000	      0.00000000	      0.00000000	      0.00000000	      0.00000000	      0.00000000	      0.00000000	      0.00000000	      0.00000000	      0.00000000	      0.00000000	      0.00000000	      0.00000000	      0.00000000	      0.00000000	      0.00000000	      0.00000000	      0.00000000
      4.79500000	      0.00259486	      0.00559768	     -0.00147872	      0.00731547	     -0.00315198	     -0.01077009	     -0.00613977	      0.00000000	     -0.00000000	      0.00000000	      0.00000000	      0.00000000	      0.00000000	      0.00000000	      0.00273266	     -0.00493774	     -0.01411306	      0.04969275	      0.02000947	     -0.00693554	      0.04355432	      0.03152331	      0.01429505	     -0.00516212	      0.01036519	      0.00000000	      0.00000000	     -0.01699765	     -0.00047400	     -0.00128727	     -0.00772203	      0.00189658	      0.00171772	      0.00000000	      0.01800782	      0.00000000	      0.00000000	     -0.00000000	     -0.00000000	     -0.00000000	      0.00000000	      0.00000000	      0.00000000	      0.00000000	      0.00000000	      0.00000000	      0.00000000	      0.00000000	      0.00000000	      0.00000000	      0.00000000	      0.00000000	      0.00000000	      0.00000000	      0.00000000	      0.00000000	      0.00000000	      0.00000000	      0.00000000	      0.00000000	      0.00000000	      0.00000000	      0.00000000	      0.00000000	      0.00000000	      0.00000000	      0.00000000	      0.00000000	      0.00000000	      0.00000000	      0.00000000	      0.00000000	      0.00000000	      0.00000000	      0.00000000	      0.00000000	      0.00000000	      0.00000000	      0.00000000	      0.00000000
      4.80000000	      0.00258527	      0.00559622	     -0.00148208	      0.00731887	     -0.00315943	     -0.01078274	     -0.00613765	     -0.00000000	     -0.00000000	     -0.00000000	     -0.00000000	     -0.00000000	     -0.00000000	     -0.00000000	      0.00277544	     -0.00489520	     -0.01409723	      0.04971516	      0.02003250	     -0.00690985	      0.04358008	      0.03155472	      0.01432029	     -0.00515699	      0.01036275	      0.00000000	      0.00000000	     -0.01698679	     -0.00048166	     -0.00128515	     -0.00772666	      0.00190017	      0.00172343	      0.00000000	      0.01804108	      0.00000000	      0.00000000	     -0.00000000	     -0.00000000	     -0.00000000	      0.00000000	      0.00000000	      0.00000000	      0.00000000	      0.00000000	      0.00000000	      0.00000000	      0.00000000	      0.00000000	      0.00000000	      0.00000000	      0.00000000	      0.00000000	      0.00000000	      0.00000000	      0.00000000	      0.00000000	      0.00000000	      0.00000000	      0.00000000	      0.00000000	      0.00000000	      0.00000000	      0.00000000	      0.00000000	      0.00000000	      0.00000000	      0.00000000	      0.00000000	      0.00000000	      0.00000000	      0.00000000	      0.00000000	      0.00000000	      0.00000000	      0.00000000	      0.00000000	      0.00000000	      0.00000000	      0.00000000
      4.80500000	      0.00257674	      0.00559495	     -0.00148513	      0.00732193	     -0.00316618	     -0.01079414	     -0.00613567	      0.00000000	     -0.00000000	      0.00000000	      0.00000000	      0.00000000	     -0.00000000	     -0.00000000	      0.00281361	     -0.00485747	     -0.01408300	      0.04973543	      0.02005379	     -0.00688588	      0.04360350	      0.03158340	      0.01434384	     -0.00515206	      0.01036063	     -0.00000000	     -0.00000000	     -0.01697598	     -0.00048847	     -0.00128325	     -0.00773091	      0.00190345	      0.00172868	      0.00000000	      0.01807177	      0.00000000	     -0.00000000	     -0.00000000	     -0.00000000	      0.00000000	      0.00000000	      0.00000000	      0.00000000	      0.00000000	      0.00000000	      0.00000000	      0.00000000	      0.00000000	      0.00000000	      0.00000000	      0.00000000	      0.00000000	      0.00000000	      0.00000000	      0.00000000	      0.00000000	      0.00000000	      0.00000000	      0.00000000	      0.00000000	      0.00000000	      0.00000000	      0.00000000	      0.00000000	      0.00000000	      0.00000000	      0.00000000	      0.00000000	      0.00000000	      0.00000000	      0.00000000	      0.00000000	      0.00000000	      0.00000000	      0.00000000	      0.00000000	      0.00000000	      0.00000000	      0.00000000	      0.00000000
      4.81000000	      0.00256939	      0.00559389	     -0.00148784	      0.00732461	     -0.00317217	     -0.01080417	     -0.00613387	      0.00000000	      0.00000000	      0.00000000	     -0.00000000	      0.00000000	     -0.00000000	      0.00000000	      0.00284662	     -0.00482513	     -0.01407052	      0.04975332	      0.02007316	     -0.00686381	      0.04362434	      0.03160909	      0.01436552	     -0.00514734	      0.01035886	      0.00000000	     -0.00000000	     -0.01696515	     -0.00049435	     -0.00128158	     -0.00773472	      0.00190636	      0.00173339	     -0.00000000	      0.01809964	      0.00000000	      0.00000000	      0.00000000	      0.00000000	      0.00000000	      0.00000000	      0.00000000	      0.00000000	      0.00000000	      0.00000000	      0.00000000	      0.00000000	      0.00000000	      0.00000000	      0.00000000	      0.00000000	      0.00000000	      0.00000000	      0.00000000	      0.00000000	      0.00000000	      0.00000000	      0.00000000	      0.00000000	      0.00000000	      0.00000000	      0.00000000	      0.00000000	      0.00000000	      0.00000000	      0.00000000	      0.00000000	      0.00000000	      0.00000000	      0.00000000	      0.00000000	      0.00000000	      0.00000000	      0.00000000	      0.00000000	      0.00000000	      0.00000000	      0.00000000	      0.00000000	      0.00000000
      4.81500000	      0.00256331	      0.00559307	     -0.00149018	      0.00732682	     -0.00317735	     -0.01081273	     -0.00613226	     -0.00000000	      0.00000000	     -0.00000000	     -0.00000000	     -0.00000000	      0.00000000	      0.00000000	      0.00287397	     -0.00479870	     -0.01405996	      0.04976859	      0.02009039	     -0.00684382	      0.04364235	      0.03163150	      0.01438519	     -0.00514290	      0.01035748	     -0.00000000	      0.00000000	     -0.01695431	     -0.00049920	     -0.00128017	     -0.00773808	      0.00190886	      0.00173750	      0.00000000	      0.01812453	     -0.00000000	      0.00000000	     -0.00000000	      0.00000000	      0.00000000	      0.00000000	      0.00000000	      0.00000000	      0.00000000	      0.00000000	      0.00000000	      0.00000000	      0.00000000	      0.00000000	      0.00000000	      0.00000000	      0.00000000	      0.00000000	      0.00000000	      0.00000000	      0.00000000	      0.00000000	      0.00000000	      0.00000000	      0.00000000	      0.00000000	      0.00000000	      0.00000000	      0.00000000	      0.00000000	      0.00000000	      0.00000000	      0.00000000	      0.00000000	      0.00000000	      0.00000000	      0.00000000	      0.00000000	      0.00000000	      0.00000000	      0.00000000	      0.00000000	      0.00000000	      0.00000000	      0.00000000
      4.82000000	      0.00255856	      0.00559251	     -0.00149216	      0.00732867	     -0.00318169	     -0.01081979	     -0.00613096	      0.00000000	      0.00000000	      0.00000000	      0.00000000	      0.00000000	      0.00000000	      0.00000000	      0.00289530	     -0.00477852	     -0.01405138	      0.04978106	      0.02010537	     -0.00682601	      0.04365738	      0.03165048	      0.01440279	     -0.00513910	      0.01035652	     -0.00000000	     -0.00000000	     -0.01694337	     -0.00050299	     -0.00127902	     -0.00774098	      0.00191081	      0.00174075	      0.00000000	      0.01814646	     -0.00000000	      0.00000000	      0.00000000	     -0.00000000	     -0.00000000	      0.00000000	      0.00000000	      0.00000000	      0.00000000	      0.00000000	      0.00000000	      0.00000000	      0.00000000	      0.00000000	      0.00000000	      0.00000000	      0.00000000	      0.00000000	      0.00000000	      0.00000000	      0.00000000	      0.00000000	      0.00000000	      0.00000000	      0.00000000	      0.00000000	      0.00000000	      0.00000000	      0.00000000	      0.00000000	      0.00000000	      0.00000000	      0.00000000	      0.00000000	      0.00000000	      0.00000000	      0.00000000	      0.00000000	      0.00000000	      0.00000000	      0.00000000	      0.00000000	      0.00000000	      0.00000000	      0.00000000
      4.82500000	      0.00255526	      0.00559224	     -0.00149375	      0.00733009	     -0.00318515	     -0.01082524	     -0.00612982	     -0.00000000	      0.00000000	      0.00000000	      0.00000000	      0.00000000	     -0.00000000	     -0.00000000	      0.00290994	     -0.00476524	     -0.01404499	      0.04979035	      0.02011771	     -0.00681072	      0.04366905	      0.03166562	      0.01441805	     -0.00513536	      0.01035600	      0.00000000	      0.00000000	     -0.01693241	     -0.00050564	     -0.00127815	     -0.00774338	      0.00191237	      0.00174347	      0.00000000	      0.01816522	     -0.00000000	      0.00000000	      0.00000000	      0.00000000	     -0.00000000	      0.00000000	      0.00000000	      0.00000000	      0.00000000	      0.00000000	      0.00000000	      0.00000000	      0.00000000	      0.00000000	      0.00000000	      0.00000000	      0.00000000	      0.00000000	      0.00000000	      0.00000000	      0.00000000	      0.00000000	      0.00000000	      0.00000000	      0.00000000	      0.00000000	      0.00000000	      0.00000000	      0.00000000	      0.00000000	      0.00000000	      0.00000000	      0.00000000	      0.00000000	      0.00000000	      0.00000000	      0.00000000	      0.00000000	      0.00000000	      0.00000000	      0.00000000	      0.00000000	      0.00000000	      0.00000000	      0.00000000
      4.83000000	      0.00255348	      0.00559227	     -0.00149492	      0.00733105	     -0.00318767	     -0.01082898	     -0.00612877	      0.00000000	     -0.00000000	     -0.00000000	     -0.00000000	     -0.00000000	     -0.00000000	     -0.00000000	      0.00291732	     -0.00475934	     -0.01404093	      0.04979605	      0.02012699	     -0.00679842	      0.04367696	      0.03167646	      0.01443056	     -0.00513133	      0.01035596	     -0.00000000	     -0.00000000	     -0.01692165	     -0.00050707	     -0.00127757	     -0.00774523	      0.00191366	      0.00174587	     -0.00000000	      0.01818051	     -0.00000000	     -0.00000000	      0.00000000	      0.00000000	     -0.00000000	      0.00000000	      0.00000000	      0.00000000	      0.00000000	      0.00000000	      0.00000000	      0.00000000	      0.00000000	      0.00000000	      0.00000000	      0.00000000	      0.00000000	      0.00000000	      0.00000000	      0.00000000	      0.00000000	      0.00000000	      0.00000000	      0.00000000	      0.00000000	      0.00000000	      0.00000000	      0.00000000	      0.00000000	      0.00000000	      0.00000000	      0.00000000	      0.00000000	      0.00000000	      0.00000000	      0.00000000	      0.00000000	      0.00000000	      0.00000000	      0.00000000	      0.00000000	      0.00000000	      0.00000000	      0.00000000	      0.00000000
      4.83500000	      0.00255314	      0.00559262	     -0.00149575	      0.00733161	     -0.00318940	     -0.01083126	     -0.00612832	     -0.00000000	      0.00000000	      0.00000000	      0.00000000	      0.00000000	      0.00000000	      0.00000000	      0.00291759	     -0.00476068	     -0.01403902	      0.04979827	      0.02013349	     -0.00678859	      0.04368135	      0.03168342	      0.01444092	     -0.00512901	      0.01035638	      0.00000000	      0.00000000	     -0.01691057	     -0.00050736	     -0.00127724	     -0.00774665	      0.00191398	      0.00174664	      0.00000000	      0.01819328	      0.00000000	      0.00000000	      0.00000000	     -0.00000000	     -0.00000000	      0.00000000	      0.00000000	      0.00000000	      0.00000000	      0.00000000	      0.00000000	      0.00000000	      0.00000000	      0.00000000	      0.00000000	      0.00000000	      0.00000000	      0.00000000	      0.00000000	      0.00000000	      0.00000000	      0.00000000	      0.00000000	      0.00000000	      0.00000000	      0.00000000	      0.00000000	      0.00000000	      0.00000000	      0.00000000	      0.00000000	      0.00000000	      0.00000000	      0.00000000	      0.00000000	      0.00000000	      0.00000000	      0.00000000	      0.00000000	      0.00000000	      0.00000000	      0.00000000	      0.00000000	      0.00000000	      0.00000000
      4.84000000	      0.00255430	      0.00559328	     -0.00149622	      0.00733175	     -0.00319027	     -0.01083196	     -0.00612763	     -0.00000000	     -0.00000000	     -0.00000000	     -0.00000000	     -0.00000000	     -0.00000000	     -0.00000000	      0.00291025	     -0.00476961	     -0.01403942	      0.04979654	      0.02013658	     -0.00678197	      0.04368171	      0.03168589	      0.01444846	     -0.00512507	      0.01035728	      0.00000000	      0.00000000	     -0.01689971	     -0.00050647	     -0.00127717	     -0.00774756	      0.00191446	      0.00174793	     -0.00000000	      0.01820299	      0.00000000	      0.00000000	     -0.00000000	     -0.00000000	      0.00000000	      0.00000000	      0.00000000	      0.00000000	      0.00000000	      0.00000000	      0.00000000	      0.00000000	      0.00000000	      0.00000000	      0.00000000	      0.00000000	      0.00000000	      0.00000000	      0.00000000	      0.00000000	      0.00000000	      0.00000000	      0.00000000	      0.00000000	      0.00000000	      0.00000000	      0.00000000	      0.00000000	      0.00000000	      0.00000000	      0.00000000	      0.00000000	      0.00000000	      0.00000000	      0.00000000	      0.00000000	      0.00000000	      0.00000000	      0.00000000	      0.00000000	      0.00000000	      0.00000000	      0.00000000	      0.00000000	      0.00000000
      4.84500000	      0.00255696	      0.00559429	     -0.00149637	      0.00733151	     -0.00319038	     -0.01083121	     -0.00612765	     -0.00000000	      0.00000000	      0.00000000	     -0.00000000	     -0.00000000	      0.00000000	      0.00000000	      0.00289495	     -0.00478646	     -0.01404208	      0.04979069	      0.02013632	     -0.00677827	      0.04367803	      0.03168401	      0.01445357	     -0.00512317	      0.01035866	      0.00000000	      0.00000000	     -0.01688859	     -0.00050441	     -0.00127735	     -0.00774803	      0.00191385	      0.00174735	      0.00000000	      0.01821038	      0.00000000	      0.00000000	      0.00000000	      0.00000000	      0.00000000	      0.00000000	      0.00000000	      0.00000000	      0.00000000	      0.00000000	      0.00000000	      0.00000000	      0.00000000	      0.00000000	      0.00000000	      0.00000000	      0.00000000	      0.00000000	      0.00000000	      0.00000000	      0.00000000	      0.00000000	      0.00000000	      0.00000000	      0.00000000	      0.00000000	      0.00000000	      0.00000000	      0.00000000	      0.00000000	      0.00000000	      0.00000000	      0.00000000	      0.00000000	      0.00000000	      0.00000000	      0.00000000	      0.00000000	      0.00000000	      0.00000000	      0.00000000	      0.00000000	      0.00000000	      0.00000000	      0.00000000
      4.85000000	      0.00256100	      0.00559562	     -0.00149622	      0.00733092	     -0.00318979	     -0.01082912	     -0.00612746	     -0.00000000	     -0.00000000	     -0.00000000	     -0.00000000	     -0.00000000	      0.00000000	     -0.00000000	      0.00287205	     -0.00481072	     -0.01404688	      0.04978071	      0.02013252	     -0.00677778	      0.04367027	      0.03167771	      0.01445601	     -0.00511977	      0.01036050	     -0.00000000	     -0.00000000	     -0.01687763	     -0.00050126	     -0.00127774	     -0.00774806	      0.00191337	      0.00174724	     -0.00000000	      0.01821542	     -0.00000000	      0.00000000	     -0.00000000	      0.00000000	     -0.00000000	      0.00000000	      0.00000000	      0.00000000	      0.00000000	      0.00000000	      0.00000000	      0.00000000	      0.00000000	      0.00000000	      0.00000000	      0.00000000	      0.00000000	      0.00000000	      0.00000000	      0.00000000	      0.00000000	      0.00000000	      0.00000000	      0.00000000	      0.00000000	      0.00000000	      0.00000000	      0.00000000	      0.00000000	      0.00000000	      0.00000000	      0.00000000	      0.00000000	      0.00000000	      0.00000000	      0.00000000	      0.00000000	      0.00000000	      0.00000000	      0.00000000	      0.00000000	      0.00000000	      0.00000000	      0.00000000	      0.00000000
      4.85500000	      0.00256649	      0.00559729	     -0.00149583	      0.00733001	     -0.00318857	     -0.01082577	     -0.00612797	      0.00000000	      0.00000000	     -0.00000000	      0.00000000	     -0.00000000	     -0.00000000	     -0.00000000	      0.00284088	     -0.00484303	     -0.01405387	      0.04976622	      0.02012502	     -0.00678042	      0.04365820	      0.03166691	      0.01445599	     -0.00511839	      0.01036282	     -0.00000000	     -0.00000000	     -0.01686641	     -0.00049697	     -0.00127833	     -0.00774771	      0.00191180	      0.00174525	      0.00000000	      0.01821871	      0.00000000	      0.00000000	      0.00000000	      0.00000000	     -0.00000000	      0.00000000	      0.00000000	      0.00000000	      0.00000000	      0.00000000	      0.00000000	      0.00000000	      0.00000000	      0.00000000	      0.00000000	      0.00000000	      0.00000000	      0.00000000	      0.00000000	      0.00000000	      0.00000000	      0.00000000	      0.00000000	      0.00000000	      0.00000000	      0.00000000	      0.00000000	      0.00000000	      0.00000000	      0.00000000	      0.00000000	      0.00000000	      0.00000000	      0.00000000	      0.00000000	      0.00000000	      0.00000000	      0.00000000	      0.00000000	      0.00000000	      0.00000000	      0.00000000	      0.00000000	      0.00000000	      0.00000000
      4.86000000	      0.00257316	      0.00559925	     -0.00149523	      0.00732884	     -0.00318683	     -0.01082138	     -0.00612817	      0.00000000	     -0.00000000	      0.00000000	     -0.00000000	      0.00000000	     -0.00000000	     -0.00000000	      0.00280251	     -0.00488217	     -0.01406272	      0.04974762	      0.02011401	     -0.00678608	      0.04364220	      0.03165203	      0.01445360	     -0.00511508	      0.01036553	     -0.00000000	      0.00000000	     -0.01685529	     -0.00049176	     -0.00127907	     -0.00774703	      0.00191054	      0.00174404	      0.00000000	      0.01822052	      0.00000000	     -0.00000000	     -0.00000000	     -0.00000000	     -0.00000000	      0.00000000	      0.00000000	      0.00000000	      0.00000000	      0.00000000	      0.00000000	      0.00000000	      0.00000000	      0.00000000	      0.00000000	      0.00000000	      0.00000000	      0.00000000	      0.00000000	      0.00000000	      0.00000000	      0.00000000	      0.00000000	      0.00000000	      0.00000000	      0.00000000	      0.00000000	      0.00000000	      0.00000000	      0.00000000	      0.00000000	      0.00000000	      0.00000000	      0.00000000	      0.00000000	      0.00000000	      0.00000000	      0.00000000	      0.00000000	      0.00000000	      0.00000000	      0.00000000	      0.00000000	      0.00000000	      0.00000000
      4.86500000	      0.00258105	      0.00560153	     -0.00149448	      0.00732745	     -0.00318466	     -0.01081604	     -0.00612882	      0.00000000	     -0.00000000	     -0.00000000	     -0.00000000	     -0.00000000	     -0.00000000	     -0.00000000	      0.00275641	     -0.00492863	     -0.01407344	      0.04972458	      0.02009937	     -0.00679471	      0.04362210	      0.03163300	      0.01444901	     -0.00511284	      0.01036868	     -0.00000000	      0.00000000	     -0.01684394	     -0.00048558	     -0.00127996	     -0.00774607	      0.00190855	      0.00174163	      0.00000000	      0.01822139	     -0.00000000	     -0.00000000	     -0.00000000	      0.00000000	     -0.00000000	      0.00000000	      0.00000000	      0.00000000	      0.00000000	      0.00000000	      0.00000000	      0.00000000	      0.00000000	      0.00000000	      0.00000000	      0.00000000	      0.00000000	      0.00000000	      0.00000000	      0.00000000	      0.00000000	      0.00000000	      0.00000000	      0.00000000	      0.00000000	      0.00000000	      0.00000000	      0.00000000	      0.00000000	      0.00000000	      0.00000000	      0.00000000	      0.00000000	      0.00000000	      0.00000000	      0.00000000	      0.00000000	      0.00000000	      0.00000000	      0.00000000	      0.00000000	      0.00000000	      0.00000000	      0.00000000	      0.00000000
      4.87000000	      0.00259001	      0.00560409	     -0.00149362	      0.00732595	     -0.00318216	     -0.01080995	     -0.00612964	      0.00000000	     -0.00000000	     -0.00000000	     -0.00000000	     -0.00000000	     -0.00000000	     -0.00000000	      0.00270314	     -0.00498176	     -0.01408581	      0.04969731	      0.02008127	     -0.00680611	      0.04359815	      0.03161017	      0.01444246	     -0.00511058	      0.01037220	     -0.00000000	     -0.00000000	     -0.01683238	     -0.00047856	     -0.00128095	     -0.00774487	      0.00190623	      0.00173875	     -0.00000000	      0.01822177	     -0.00000000	     -0.00000000	      0.00000000	      0.00000000	     -0.00000000	      0.00000000	      0.00000000	      0.00000000	      0.00000000	      0.00000000	      0.00000000	      0.00000000	      0.00000000	      0.00000000	      0.00000000	      0.00000000	      0.00000000	      0.00000000	      0.00000000	      0.00000000	      0.00000000	      0.00000000	      0.00000000	      0.00000000	      0.00000000	      0.00000000	      0.00000000	      0.00000000	      0.00000000	      0.00000000	      0.00000000	      0.00000000	      0.00000000	      0.00000000	      0.00000000	      0.00000000	      0.00000000	      0.00000000	      0.00000000	      0.00000000	      0.00000000	      0.00000000	      0.00000000	      0.00000000	      0.00000000
      4.87500000	      0.00259989	      0.00560691	     -0.00149272	      0.00732427	     -0.00317947	     -0.01080330	     -0.00613061	     -0.00000000	      0.00000000	      0.00000000	     -0.00000000	     -0.00000000	     -0.00000000	      0.00000000	      0.00264323	     -0.00504099	     -0.01409961	      0.04966603	      0.02005994	     -0.00681999	      0.04357063	      0.03158392	      0.01443425	     -0.00510823	      0.01037607	      0.00000000	     -0.00000000	     -0.01682050	     -0.00047082	     -0.00128200	     -0.00774352	      0.00190363	      0.00173549	      0.00000000	      0.01822221	      0.00000000	      0.00000000	     -0.00000000	     -0.00000000	     -0.00000000	      0.00000000	      0.00000000	      0.00000000	      0.00000000	      0.00000000	      0.00000000	      0.00000000	      0.00000000	      0.00000000	      0.00000000	      0.00000000	      0.00000000	      0.00000000	      0.00000000	      0.00000000	      0.00000000	      0.00000000	      0.00000000	      0.00000000	      0.00000000	      0.00000000	      0.00000000	      0.00000000	      0.00000000	      0.00000000	      0.00000000	      0.00000000	      0.00000000	      0.00000000	      0.00000000	      0.00000000	      0.00000000	      0.00000000	      0.00000000	      0.00000000	      0.00000000	      0.00000000	      0.00000000	      0.00000000	      0.00000000
      4.88000000	      0.00261053	      0.00560996	     -0.00149184	      0.00732254	     -0.00317672	     -0.01079631	     -0.00613170	     -0.00000000	      0.00000000	      0.00000000	      0.00000000	      0.00000000	      0.00000000	      0.00000000	      0.00257732	     -0.00510563	     -0.01411458	      0.04963105	      0.02003570	     -0.00683599	      0.04353993	      0.03155474	      0.01442475	     -0.00510574	      0.01038025	      0.00000000	     -0.00000000	     -0.01680820	     -0.00046246	     -0.00128308	     -0.00774208	      0.00190079	      0.00173192	      0.00000000	      0.01822325	     -0.00000000	      0.00000000	      0.00000000	     -0.00000000	      0.00000000	      0.00000000	      0.00000000	      0.00000000	      0.00000000	      0.00000000	      0.00000000	      0.00000000	      0.00000000	      0.00000000	      0.00000000	      0.00000000	      0.00000000	      0.00000000	      0.00000000	      0.00000000	      0.00000000	      0.00000000	      0.00000000	      0.00000000	      0.00000000	      0.00000000	      0.00000000	      0.00000000	      0.00000000	      0.00000000	      0.00000000	      0.00000000	      0.00000000	      0.00000000	      0.00000000	      0.00000000	      0.00000000	      0.00000000	      0.00000000	      0.00000000	      0.00000000	      0.00000000	      0.00000000	      0.00000000	      0.00000000
      4.88500000	      0.00262186	      0.00561324	     -0.00149102	      0.00732081	     -0.00317400	     -0.01078913	     -0.00613317	     -0.00000000	     -0.00000000	      0.00000000	      0.00000000	      0.00000000	      0.00000000	     -0.00000000	      0.00250552	     -0.00517555	     -0.01413058	      0.04959243	      0.02000873	     -0.00685381	      0.04350619	      0.03152290	      0.01441431	     -0.00510413	      0.01038474	     -0.00000000	     -0.00000000	     -0.01679520	     -0.00045354	     -0.00128418	     -0.00774063	      0.00189737	      0.00172736	      0.00000000	      0.01822550	     -0.00000000	      0.00000000	      0.00000000	     -0.00000000	      0.00000000	      0.00000000	      0.00000000	      0.00000000	      0.00000000	      0.00000000	      0.00000000	      0.00000000	      0.00000000	      0.00000000	      0.00000000	      0.00000000	      0.00000000	      0.00000000	      0.00000000	      0.00000000	      0.00000000	      0.00000000	      0.00000000	      0.00000000	      0.00000000	      0.00000000	      0.00000000	      0.00000000	      0.00000000	      0.00000000	      0.00000000	      0.00000000	      0.00000000	      0.00000000	      0.00000000	      0.00000000	      0.00000000	      0.00000000	      0.00000000	      0.00000000	      0.00000000	      0.00000000	      0.00000000	      0.00000000	      0.00000000
      4.89000000	      0.00263342	      0.00561663	     -0.00149035	      0.00731917	     -0.00317154	     -0.01078217	     -0.00613411	      0.00000000	      0.00000000	      0.00000000	     -0.00000000	     -0.00000000	      0.00000000	      0.00000000	      0.00243040	     -0.00524822	     -0.01414694	      0.04955154	      0.01998014	     -0.00687254	      0.04347076	      0.03148981	      0.01440369	     -0.00510004	      0.01038937	      0.00000000	      0.00000000	     -0.01678162	     -0.00044442	     -0.00128519	     -0.00773928	      0.00189462	      0.00172416	      0.00000000	      0.01822954	      0.00000000	      0.00000000	     -0.00000000	      0.00000000	      0.00000000	      0.00000000	      0.00000000	      0.00000000	      0.00000000	      0.00000000	      0.00000000	      0.00000000	      0.00000000	      0.00000000	      0.00000000	      0.00000000	      0.00000000	      0.00000000	      0.00000000	      0.00000000	      0.00000000	      0.00000000	      0.00000000	      0.00000000	      0.00000000	      0.00000000	      0.00000000	      0.00000000	      0.00000000	      0.00000000	      0.00000000	      0.00000000	      0.00000000	      0.00000000	      0.00000000	      0.00000000	      0.00000000	      0.00000000	      0.00000000	      0.00000000	      0.00000000	      0.00000000	      0.00000000	      0.00000000	      0.00000000
      4.89500000	      0.00264525	      0.00562015	     -0.00148988	      0.00731765	     -0.00316943	     -0.01077552	     -0.00613536	     -0.00000000	     -0.00000000	     -0.00000000	     -0.00000000	     -0.00000000	     -0.00000000	     -0.00000000	      0.00235145	     -0.00532415	     -0.01416365	      0.04950814	      0.01994994	     -0.00689193	      0.04343355	      0.03145553	      0.01439321	     -0.00509667	      0.01039420	     -0.00000000	     -0.00000000	     -0.01676698	     -0.00043506	     -0.00128613	     -0.00773810	      0.00189142	      0.00172018	      0.00000000	      0.01823604	     -0.00000000	     -0.00000000	     -0.00000000	      0.00000000	      0.00000000	      0.00000000	      0.00000000	      0.00000000	      0.00000000	      0.00000000	      0.00000000	      0.00000000	      0.00000000	      0.00000000	      0.00000000	      0.00000000	      0.00000000	      0.00000000	      0.00000000	      0.00000000	      0.00000000	      0.00000000	      0.00000000	      0.00000000	      0.00000000	      0.00000000	      0.00000000	      0.00000000	      0.00000000	      0.00000000	      0.00000000	      0.00000000	      0.00000000	      0.00000000	      0.00000000	      0.00000000	      0.00000000	      0.00000000	      0.00000000	      0.00000000	      0.00000000	      0.00000000	      0.00000000	      0.00000000	      0.00000000
      4.90000000	      0.00265707	      0.00562376	     -0.00148969	      0.00731634	     -0.00316782	     -0.01076949	     -0.00613660	      0.00000000	     -0.00000000	     -0.00000000	      0.00000000	      0.00000000	      0.00000000	      0.00000000	      0.00227010	     -0.00540197	     -0.01418029	      0.04946306	      0.01991889	     -0.00691127	      0.04339540	      0.03142099	      0.01438352	     -0.00509287	      0.01039916	      0.00000000	     -0.00000000	     -0.01675109	     -0.00042566	     -0.00128694	     -0.00773719	      0.00188823	      0.00171625	      0.00000000	      0.01824566	      0.00000000	      0.00000000	      0.00000000	     -0.00000000	      0.00000000	      0.00000000	      0.00000000	      0.00000000	      0.00000000	      0.00000000	      0.00000000	      0.00000000	      0.00000000	      0.00000000	      0.00000000	      0.00000000	      0.00000000	      0.00000000	      0.00000000	      0.00000000	      0.00000000	      0.00000000	      0.00000000	      0.00000000	      0.00000000	      0.00000000	      0.00000000	      0.00000000	      0.00000000	      0.00000000	      0.00000000	      0.00000000	      0.00000000	      0.00000000	      0.00000000	      0.00000000	      0.00000000	      0.00000000	      0.00000000	      0.00000000	      0.00000000	      0.00000000	      0.00000000	      0.00000000	      0.00000000
      4.90500000	      0.00266865	      0.00562740	     -0.00148983	      0.00731531	     -0.00316689	     -0.01076434	     -0.00613778	     -0.00000000	     -0.00000000	     -0.00000000	      0.00000000	     -0.00000000	     -0.00000000	     -0.00000000	      0.00218760	     -0.00548049	     -0.01419646	      0.04941703	      0.01988769	     -0.00692985	      0.04335710	      0.03138708	      0.01437526	     -0.00508855	      0.01040418	      0.00000000	     -0.00000000	     -0.01673375	     -0.00041641	     -0.00128759	     -0.00773666	      0.00188511	      0.00171248	     -0.00000000	      0.01825903	     -0.00000000	     -0.00000000	     -0.00000000	     -0.00000000	      0.00000000	      0.00000000	      0.00000000	      0.00000000	      0.00000000	      0.00000000	      0.00000000	      0.00000000	      0.00000000	      0.00000000	      0.00000000	      0.00000000	      0.00000000	      0.00000000	      0.00000000	      0.00000000	      0.00000000	      0.00000000	      0.00000000	      0.00000000	      0.00000000	      0.00000000	      0.00000000	      0.00000000	      0.00000000	      0.00000000	      0.00000000	      0.00000000	      0.00000000	      0.00000000	      0.00000000	      0.00000000	      0.00000000	      0.00000000	      0.00000000	      0.00000000	      0.00000000	      0.00000000	      0.00000000	      0.00000000	      0.00000000
      4.91000000	      0.00267975	      0.00563103	     -0.00149038	      0.00731462	     -0.00316678	     -0.01076034	     -0.00613886	      0.00000000	      0.00000000	      0.00000000	      0.00000000	     -0.00000000	      0.00000000	      0.00000000	      0.00210512	     -0.00555863	     -0.01421181	      0.04937074	      0.01985702	     -0.00694699	      0.04331938	      0.03135463	      0.01436905	     -0.00508364	      0.01040921	      0.00000000	     -0.00000000	     -0.01671470	     -0.00040748	     -0.00128803	     -0.00773659	      0.00188212	      0.00170897	      0.00000000	      0.01827682	     -0.00000000	     -0.00000000	      0.00000000	      0.00000000	     -0.00000000	      0.00000000	      0.00000000	      0.00000000	      0.00000000	      0.00000000	      0.00000000	      0.00000000	      0.00000000	      0.00000000	      0.00000000	      0.00000000	      0.00000000	      0.00000000	      0.00000000	      0.00000000	      0.00000000	      0.00000000	      0.00000000	      0.00000000	      0.00000000	      0.00000000	      0.00000000	      0.00000000	      0.00000000	      0.00000000	      0.00000000	      0.00000000	      0.00000000	      0.00000000	      0.00000000	      0.00000000	      0.00000000	      0.00000000	      0.00000000	      0.00000000	      0.00000000	      0.00000000	      0.00000000	      0.00000000	      0.00000000
      4.91500000	      0.00269015	      0.00563462	     -0.00149139	      0.00731433	     -0.00316764	     -0.01075777	     -0.00613982	     -0.00000000	      0.00000000	      0.00000000	     -0.00000000	     -0.00000000	     -0.00000000	     -0.00000000	      0.00202390	     -0.00563525	     -0.01422596	      0.04932493	      0.01982758	     -0.00696202	      0.04328302	      0.03132449	      0.01436550	     -0.00507808	      0.01041420	     -0.00000000	     -0.00000000	     -0.01669371	     -0.00039904	     -0.00128822	     -0.00773711	      0.00187935	      0.00170582	     -0.00000000	      0.01829963	     -0.00000000	      0.00000000	     -0.00000000	      0.00000000	     -0.00000000	      0.00000000	      0.00000000	      0.00000000	      0.00000000	      0.00000000	      0.00000000	      0.00000000	      0.00000000	      0.00000000	      0.00000000	      0.00000000	      0.00000000	      0.00000000	      0.00000000	      0.00000000	      0.00000000	      0.00000000	      0.00000000	      0.00000000	      0.00000000	      0.00000000	      0.00000000	      0.00000000	      0.00000000	      0.00000000	      0.00000000	      0.00000000	      0.00000000	      0.00000000	      0.00000000	      0.00000000	      0.00000000	      0.00000000	      0.00000000	      0.00000000	      0.00000000	      0.00000000	      0.00000000	      0.00000000	      0.00000000
      4.92000000	      0.00269961	      0.00563810	     -0.00149293	      0.00731451	     -0.00316964	     -0.01075689	     -0.00614061	      0.00000000	     -0.00000000	      0.00000000	      0.00000000	     -0.00000000	     -0.00000000	      0.00000000	      0.00194516	     -0.00570920	     -0.01423853	      0.04928035	      0.01980005	     -0.00697426	      0.04324877	      0.03129749	      0.01436522	     -0.00507180	      0.01041908	     -0.00000000	     -0.00000000	     -0.01667055	     -0.00039128	     -0.00128812	     -0.00773828	      0.00187685	      0.00170313	      0.00000000	      0.01832805	      0.00000000	     -0.00000000	      0.00000000	     -0.00000000	      0.00000000	      0.00000000	      0.00000000	      0.00000000	      0.00000000	      0.00000000	      0.00000000	      0.00000000	      0.00000000	      0.00000000	      0.00000000	      0.00000000	      0.00000000	      0.00000000	      0.00000000	      0.00000000	      0.00000000	      0.00000000	      0.00000000	      0.00000000	      0.00000000	      0.00000000	      0.00000000	      0.00000000	      0.00000000	      0.00000000	      0.00000000	      0.00000000	      0.00000000	      0.00000000	      0.00000000	      0.00000000	      0.00000000	      0.00000000	      0.00000000	      0.00000000	      0.00000000	      0.00000000	      0.00000000	      0.00000000	      0.00000000
      4.92500000	      0.00270791	      0.00564146	     -0.00149505	      0.00731523	     -0.00317289	     -0.01075794	     -0.00614119	      0.00000000	     -0.00000000	     -0.00000000	     -0.00000000	     -0.00000000	     -0.00000000	     -0.00000000	      0.00187013	     -0.00577939	     -0.01424917	      0.04923769	      0.01977508	     -0.00698310	      0.04321738	      0.03127441	      0.01436875	     -0.00506476	      0.01042380	     -0.00000000	     -0.00000000	     -0.01664505	     -0.00038437	     -0.00128771	     -0.00774021	      0.00187469	      0.00170100	     -0.00000000	      0.01836262	     -0.00000000	     -0.00000000	      0.00000000	      0.00000000	      0.00000000	      0.00000000	      0.00000000	      0.00000000	      0.00000000	      0.00000000	      0.00000000	      0.00000000	      0.00000000	      0.00000000	      0.00000000	      0.00000000	      0.00000000	      0.00000000	      0.00000000	      0.00000000	      0.00000000	      0.00000000	      0.00000000	      0.00000000	      0.00000000	      0.00000000	      0.00000000	      0.00000000	      0.00000000	      0.00000000	      0.00000000	      0.00000000	      0.00000000	      0.00000000	      0.00000000	      0.00000000	      0.00000000	      0.00000000	      0.00000000	      0.00000000	      0.00000000	      0.00000000	      0.00000000	      0.00000000	      0.00000000
      4.93000000	      0.00271482	      0.00564463	     -0.00149781	      0.00731653	     -0.00317753	     -0.01076118	     -0.00614153	     -0.00000000	      0.00000000	     -0.00000000	      0.00000000	      0.00000000	      0.00000000	     -0.00000000	      0.00179998	     -0.00584472	     -0.01425754	      0.04919766	      0.01975326	     -0.00698799	      0.04318952	      0.03125600	      0.01437656	     -0.00505691	      0.01042830	      0.00000000	     -0.00000000	     -0.01661707	     -0.00037847	     -0.00128694	     -0.00774298	      0.00187293	      0.00169952	      0.00000000	      0.01840378	     -0.00000000	     -0.00000000	     -0.00000000	      0.00000000	      0.00000000	      0.00000000	      0.00000000	      0.00000000	      0.00000000	      0.00000000	      0.00000000	      0.00000000	      0.00000000	      0.00000000	      0.00000000	      0.00000000	      0.00000000	      0.00000000	      0.00000000	      0.00000000	      0.00000000	      0.00000000	      0.00000000	      0.00000000	      0.00000000	      0.00000000	      0.00000000	      0.00000000	      0.00000000	      0.00000000	      0.00000000	      0.00000000	      0.00000000	      0.00000000	      0.00000000	      0.00000000	      0.00000000	      0.00000000	      0.00000000	      0.00000000	      0.00000000	      0.00000000	      0.00000000	      0.00000000	      0.00000000
      4.93500000	      0.00272015	      0.00564760	     -0.00150124	      0.00731846	     -0.00318366	     -0.01076682	     -0.00614159	      0.00000000	     -0.00000000	     -0.00000000	     -0.00000000	     -0.00000000	     -0.00000000	     -0.00000000	      0.00173583	     -0.00590420	     -0.01426332	      0.04916087	      0.01973511	     -0.00698844	      0.04316583	      0.03124289	      0.01438908	     -0.00504822	      0.01043252	     -0.00000000	     -0.00000000	     -0.01658649	     -0.00037376	     -0.00128579	     -0.00774666	      0.00187163	      0.00169877	     -0.00000000	      0.01845193	     -0.00000000	     -0.00000000	      0.00000000	      0.00000000	      0.00000000	      0.00000000	      0.00000000	      0.00000000	      0.00000000	      0.00000000	      0.00000000	      0.00000000	      0.00000000	      0.00000000	      0.00000000	      0.00000000	      0.00000000	      0.00000000	      0.00000000	      0.00000000	      0.00000000	      0.00000000	      0.00000000	      0.00000000	      0.00000000	      0.00000000	      0.00000000	      0.00000000	      0.00000000	      0.00000000	      0.00000000	      0.00000000	      0.00000000	      0.00000000	      0.00000000	      0.00000000	      0.00000000	      0.00000000	      0.00000000	      0.00000000	      0.00000000	      0.00000000	      0.00000000	      0.00000000	      0.00000000
      4.94000000	      0.00272369	      0.00565032	     -0.00150538	      0.00732108	     -0.00319140	     -0.01077506	     -0.00614136	     -0.00000000	     -0.00000000	      0.00000000	     -0.00000000	      0.00000000	      0.00000000	     -0.00000000	      0.00167872	     -0.00595687	     -0.01426623	      0.04912789	      0.01972109	     -0.00698405	      0.04314686	      0.03123564	      0.01440663	     -0.00503867	      0.01043642	     -0.00000000	     -0.00000000	     -0.01655330	     -0.00037038	     -0.00128423	     -0.00775130	      0.00187084	      0.00169883	     -0.00000000	      0.01850738	      0.00000000	      0.00000000	     -0.00000000	      0.00000000	      0.00000000	      0.00000000	      0.00000000	      0.00000000	      0.00000000	      0.00000000	      0.00000000	      0.00000000	      0.00000000	      0.00000000	      0.00000000	      0.00000000	      0.00000000	      0.00000000	      0.00000000	      0.00000000	      0.00000000	      0.00000000	      0.00000000	      0.00000000	      0.00000000	      0.00000000	      0.00000000	      0.00000000	      0.00000000	      0.00000000	      0.00000000	      0.00000000	      0.00000000	      0.00000000	      0.00000000	      0.00000000	      0.00000000	      0.00000000	      0.00000000	      0.00000000	      0.00000000	      0.00000000	      0.00000000	      0.00000000	      0.00000000
      4.94500000	      0.00272529	      0.00565277	     -0.00151027	      0.00732434	     -0.00320081	     -0.01078607	     -0.00614079	     -0.00000000	      0.00000000	     -0.00000000	     -0.00000000	      0.00000000	     -0.00000000	     -0.00000000	      0.00162956	     -0.00600189	     -0.01426603	      0.04909921	      0.01971155	     -0.00697454	      0.04313306	      0.03123471	      0.01442945	     -0.00502824	      0.01043992	      0.00000000	      0.00000000	     -0.01651749	     -0.00036848	     -0.00128224	     -0.00775696	      0.00187062	      0.00169978	     -0.00000000	      0.01857032	      0.00000000	      0.00000000	     -0.00000000	     -0.00000000	     -0.00000000	      0.00000000	      0.00000000	      0.00000000	      0.00000000	      0.00000000	      0.00000000	      0.00000000	      0.00000000	      0.00000000	      0.00000000	      0.00000000	      0.00000000	      0.00000000	      0.00000000	      0.00000000	      0.00000000	      0.00000000	      0.00000000	      0.00000000	      0.00000000	      0.00000000	      0.00000000	      0.00000000	      0.00000000	      0.00000000	      0.00000000	      0.00000000	      0.00000000	      0.00000000	      0.00000000	      0.00000000	      0.00000000	      0.00000000	      0.00000000	      0.00000000	      0.00000000	      0.00000000	      0.00000000	      0.00000000	      0.00000000
      4.95000000	      0.00272477	      0.00565490	     -0.00151592	      0.00732841	     -0.00321195	     -0.01080000	     -0.00613987	     -0.00000000	      0.00000000	      0.00000000	      0.00000000	      0.00000000	      0.00000000	      0.00000000	      0.00158917	     -0.00603853	     -0.01426249	      0.04907520	      0.01970674	     -0.00695969	      0.04312479	      0.03124043	      0.01445766	     -0.00501693	      0.01044298	      0.00000000	      0.00000000	     -0.01647913	     -0.00036817	     -0.00127979	     -0.00776366	      0.00187100	      0.00170166	      0.00000000	      0.01864088	     -0.00000000	      0.00000000	     -0.00000000	     -0.00000000	     -0.00000000	      0.00000000	      0.00000000	      0.00000000	      0.00000000	      0.00000000	      0.00000000	      0.00000000	      0.00000000	      0.00000000	      0.00000000	      0.00000000	      0.00000000	      0.00000000	      0.00000000	      0.00000000	      0.00000000	      0.00000000	      0.00000000	      0.00000000	      0.00000000	      0.00000000	      0.00000000	      0.00000000	      0.00000000	      0.00000000	      0.00000000	      0.00000000	      0.00000000	      0.00000000	      0.00000000	      0.00000000	      0.00000000	      0.00000000	      0.00000000	      0.00000000	      0.00000000	      0.00000000	      0.00000000	      0.00000000	      0.00000000
      4.95500000	      0.00272203	      0.00565671	     -0.00152235	      0.00733324	     -0.00322486	     -0.01081694	     -0.00613857	      0.00000000	     -0.00000000	     -0.00000000	     -0.00000000	     -0.00000000	      0.00000000	      0.00000000	      0.00155823	     -0.00606617	     -0.01425546	      0.04905618	      0.01970684	     -0.00693942	      0.04312229	      0.03125301	      0.01449133	     -0.00500477	      0.01044555	      0.00000000	     -0.00000000	     -0.01643834	     -0.00036958	     -0.00127689	     -0.00777142	      0.00187203	      0.00170454	      0.00000000	      0.01871908	      0.00000000	      0.00000000	      0.00000000	      0.00000000	      0.00000000	      0.00000000	      0.00000000	      0.00000000	      0.00000000	      0.00000000	      0.00000000	      0.00000000	      0.00000000	      0.00000000	      0.00000000	      0.00000000	      0.00000000	      0.00000000	      0.00000000	      0.00000000	      0.00000000	      0.00000000	      0.00000000	      0.00000000	      0.00000000	      0.00000000	      0.00000000	      0.00000000	      0.00000000	      0.00000000	      0.00000000	      0.00000000	      0.00000000	      0.00000000	      0.00000000	      0.00000000	      0.00000000	      0.00000000	      0.00000000	      0.00000000	      0.00000000	      0.00000000	      0.00000000	      0.00000000	      0.00000000
      4.96000000	      0.00271694	      0.00565818	     -0.00152959	      0.00733887	     -0.00323964	     -0.01083709	     -0.00613649	     -0.00000000	     -0.00000000	      0.00000000	      0.00000000	     -0.00000000	      0.00000000	     -0.00000000	      0.00153713	     -0.00608441	     -0.01424476	      0.04904226	      0.01971193	     -0.00691357	      0.04312575	      0.03127268	      0.01453061	     -0.00499017	      0.01044760	      0.00000000	     -0.00000000	     -0.01639505	     -0.00037279	     -0.00127347	     -0.00778031	      0.00187425	      0.00170947	     -0.00000000	      0.01880533	      0.00000000	     -0.00000000	     -0.00000000	     -0.00000000	     -0.00000000	      0.00000000	      0.00000000	      0.00000000	      0.00000000	      0.00000000	      0.00000000	      0.00000000	      0.00000000	      0.00000000	      0.00000000	      0.00000000	      0.00000000	      0.00000000	      0.00000000	      0.00000000	      0.00000000	      0.00000000	      0.00000000	      0.00000000	      0.00000000	      0.00000000	      0.00000000	      0.00000000	      0.00000000	      0.00000000	      0.00000000	      0.00000000	      0.00000000	      0.00000000	      0.00000000	      0.00000000	      0.00000000	      0.00000000	      0.00000000	      0.00000000	      0.00000000	      0.00000000	      0.00000000	      0.00000000	      0.00000000
      4.96500000	      0.00270952	      0.00565927	     -0.00153752	      0.00734513	     -0.00325603	     -0.01086011	     -0.00613480	      0.00000000	     -0.00000000	     -0.00000000	     -0.00000000	     -0.00000000	     -0.00000000	     -0.00000000	      0.00152663	     -0.00609258	     -0.01423049	      0.04903377	      0.01972188	     -0.00688268	      0.04313513	      0.03129907	      0.01457469	     -0.00497792	      0.01044905	     -0.00000000	     -0.00000000	     -0.01635022	     -0.00037782	     -0.00126964	     -0.00779015	      0.00187612	      0.00171343	      0.00000000	      0.01889795	     -0.00000000	     -0.00000000	      0.00000000	      0.00000000	      0.00000000	      0.00000000	      0.00000000	      0.00000000	      0.00000000	      0.00000000	      0.00000000	      0.00000000	      0.00000000	      0.00000000	      0.00000000	      0.00000000	      0.00000000	      0.00000000	      0.00000000	      0.00000000	      0.00000000	      0.00000000	      0.00000000	      0.00000000	      0.00000000	      0.00000000	      0.00000000	      0.00000000	      0.00000000	      0.00000000	      0.00000000	      0.00000000	      0.00000000	      0.00000000	      0.00000000	      0.00000000	      0.00000000	      0.00000000	      0.00000000	      0.00000000	      0.00000000	      0.00000000	      0.00000000	      0.00000000	      0.00000000
      4.97000000	      0.00269965	      0.00565999	     -0.00154623	      0.00735224	     -0.00327423	     -0.01088633	     -0.00613231	      0.00000000	      0.00000000	      0.00000000	      0.00000000	     -0.00000000	     -0.00000000	     -0.00000000	      0.00152659	     -0.00609080	     -0.01421247	      0.04903048	      0.01973667	     -0.00684652	      0.04315040	      0.03133235	      0.01462397	     -0.00496333	      0.01044990	     -0.00000000	     -0.00000000	     -0.01630339	     -0.00038475	     -0.00126531	     -0.00780106	      0.00187922	      0.00171948	     -0.00000000	      0.01899806	      0.00000000	     -0.00000000	     -0.00000000	      0.00000000	     -0.00000000	      0.00000000	      0.00000000	      0.00000000	      0.00000000	      0.00000000	      0.00000000	      0.00000000	      0.00000000	      0.00000000	      0.00000000	      0.00000000	      0.00000000	      0.00000000	      0.00000000	      0.00000000	      0.00000000	      0.00000000	      0.00000000	      0.00000000	      0.00000000	      0.00000000	      0.00000000	      0.00000000	      0.00000000	      0.00000000	      0.00000000	      0.00000000	      0.00000000	      0.00000000	      0.00000000	      0.00000000	      0.00000000	      0.00000000	      0.00000000	      0.00000000	      0.00000000	      0.00000000	      0.00000000	      0.00000000	      0.00000000
      4.97500000	      0.00268733	      0.00566032	     -0.00155591	      0.00736011	     -0.00329416	     -0.01091564	     -0.00612938	      0.00000000	      0.00000000	     -0.00000000	      0.00000000	     -0.00000000	      0.00000000	      0.00000000	      0.00153719	     -0.00607886	     -0.01419074	      0.04903236	      0.01975609	     -0.00680539	      0.04317143	      0.03137228	      0.01467808	     -0.00494796	      0.01045011	      0.00000000	      0.00000000	     -0.01625496	     -0.00039361	     -0.00126049	     -0.00781298	      0.00188306	      0.00172663	      0.00000000	      0.01910512	      0.00000000	     -0.00000000	      0.00000000	      0.00000000	      0.00000000	      0.00000000	      0.00000000	      0.00000000	      0.00000000	      0.00000000	      0.00000000	      0.00000000	      0.00000000	      0.00000000	      0.00000000	      0.00000000	      0.00000000	      0.00000000	      0.00000000	      0.00000000	      0.00000000	      0.00000000	      0.00000000	      0.00000000	      0.00000000	      0.00000000	      0.00000000	      0.00000000	      0.00000000	      0.00000000	      0.00000000	      0.00000000	      0.00000000	      0.00000000	      0.00000000	      0.00000000	      0.00000000	      0.00000000	      0.00000000	      0.00000000	      0.00000000	      0.00000000	      0.00000000	      0.00000000	      0.00000000
      4.98000000	      0.00267263	      0.00566026	     -0.00156622	      0.00736859	     -0.00331568	     -0.01094787	     -0.00612605	      0.00000000	      0.00000000	     -0.00000000	      0.00000000	      0.00000000	      0.00000000	      0.00000000	      0.00155836	     -0.00605685	     -0.01416542	      0.04903926	      0.01977985	     -0.00675972	      0.04319792	      0.03141843	      0.01473650	     -0.00493192	      0.01044967	      0.00000000	      0.00000000	     -0.01620535	     -0.00040435	     -0.00125522	     -0.00782582	      0.00188760	      0.00173485	      0.00000000	      0.01921836	      0.00000000	      0.00000000	      0.00000000	      0.00000000	      0.00000000	      0.00000000	      0.00000000	      0.00000000	      0.00000000	      0.00000000	      0.00000000	      0.00000000	      0.00000000	      0.00000000	      0.00000000	      0.00000000	      0.00000000	      0.00000000	      0.00000000	      0.00000000	      0.00000000	      0.00000000	      0.00000000	      0.00000000	      0.00000000	      0.00000000	      0.00000000	      0.00000000	      0.00000000	      0.00000000	      0.00000000	      0.00000000	      0.00000000	      0.00000000	      0.00000000	      0.00000000	      0.00000000	      0.00000000	      0.00000000	      0.00000000	      0.00000000	      0.00000000	      0.00000000	      0.00000000	      0.00000000
      4.98500000	      0.00265561	      0.00565982	     -0.00157749	      0.00737782	     -0.00333871	     -0.01098290	     -0.00612230	     -0.00000000	     -0.00000000	      0.00000000	     -0.00000000	      0.00000000	     -0.00000000	     -0.00000000	      0.00158985	     -0.00602499	     -0.01413663	      0.04905091	      0.01980764	     -0.00670986	      0.04322953	      0.03147038	      0.01479885	     -0.00491525	      0.01044856	     -0.00000000	      0.00000000	     -0.01615486	     -0.00041695	     -0.00124951	     -0.00783953	      0.00189285	      0.00174413	     -0.00000000	      0.01933730	     -0.00000000	      0.00000000	      0.00000000	     -0.00000000	     -0.00000000	      0.00000000	      0.00000000	      0.00000000	      0.00000000	      0.00000000	      0.00000000	      0.00000000	      0.00000000	      0.00000000	      0.00000000	      0.00000000	      0.00000000	      0.00000000	      0.00000000	      0.00000000	      0.00000000	      0.00000000	      0.00000000	      0.00000000	      0.00000000	      0.00000000	      0.00000000	      0.00000000	      0.00000000	      0.00000000	      0.00000000	      0.00000000	      0.00000000	      0.00000000	      0.00000000	      0.00000000	      0.00000000	      0.00000000	      0.00000000	      0.00000000	      0.00000000	      0.00000000	      0.00000000	      0.00000000	      0.00000000
      4.99000000	      0.00263636	      0.00565898	     -0.00158797	      0.00738797	     -0.00336315	     -0.01102055	     -0.00611814	      0.00000000	      0.00000000	     -0.00000000	     -0.00000000	      0.00000000	     -0.00000000	     -0.00000000	      0.00163128	     -0.00598361	     -0.01410453	      0.04906700	      0.01983910	     -0.00665619	      0.04326587	      0.03152769	      0.01486470	     -0.00489801	      0.01044678	      0.00000000	      0.00000000	     -0.01610375	     -0.00043133	     -0.00124339	     -0.00785402	      0.00189878	      0.00175444	     -0.00000000	      0.01946141	     -0.00000000	      0.00000000	      0.00000000	      0.00000000	      0.00000000	      0.00000000	      0.00000000	      0.00000000	      0.00000000	      0.00000000	      0.00000000	      0.00000000	      0.00000000	      0.00000000	      0.00000000	      0.00000000	      0.00000000	      0.00000000	      0.00000000	      0.00000000	      0.00000000	      0.00000000	      0.00000000	      0.00000000	      0.00000000	      0.00000000	      0.00000000	      0.00000000	      0.00000000	      0.00000000	      0.00000000	      0.00000000	      0.00000000	      0.00000000	      0.00000000	      0.00000000	      0.00000000	      0.00000000	      0.00000000	      0.00000000	      0.00000000	      0.00000000	      0.00000000	      0.00000000	      0.00000000
      4.99500000	      0.00261501	      0.00565778	     -0.00160057	      0.00739794	     -0.00338884	     -0.01106061	     -0.00611359	     -0.00000000	     -0.00000000	      0.00000000	     -0.00000000	     -0.00000000	     -0.00000000	     -0.00000000	      0.00168213	     -0.00593321	     -0.01406935	      0.04908717	      0.01987385	     -0.00659915	      0.04330651	      0.03158981	      0.01493359	     -0.00488025	      0.01044434	     -0.00000000	     -0.00000000	     -0.01605230	     -0.00044740	     -0.00123688	     -0.00786921	      0.00190537	      0.00176573	     -0.00000000	      0.01959004	     -0.00000000	     -0.00000000	     -0.00000000	     -0.00000000	     -0.00000000	      0.00000000	      0.00000000	      0.00000000	      0.00000000	      0.00000000	      0.00000000	      0.00000000	      0.00000000	      0.00000000	      0.00000000	      0.00000000	      0.00000000	      0.00000000	      0.00000000	      0.00000000	      0.00000000	      0.00000000	      0.00000000	      0.00000000	      0.00000000	      0.00000000	      0.00000000	      0.00000000	      0.00000000	      0.00000000	      0.00000000	      0.00000000	      0.00000000	      0.00000000	      0.00000000	      0.00000000	      0.00000000	      0.00000000	      0.00000000	      0.00000000	      0.00000000	      0.00000000	      0.00000000	      0.00000000	      0.00000000
      5.00000000	      0.00259173	      0.00565621	     -0.00161287	      0.00740883	     -0.00341565	     -0.01110283	     -0.00610866	     -0.00000000	     -0.00000000	     -0.00000000	     -0.00000000	     -0.00000000	     -0.00000000	     -0.00000000	      0.00174177	     -0.00587438	     -0.01403134	      0.04911102	      0.01991149	     -0.00653917	      0.04335094	      0.03165616	      0.01500503	     -0.00486203	      0.01044127	     -0.00000000	     -0.00000000	     -0.01600077	     -0.00046504	     -0.00123003	     -0.00788500	      0.00191258	      0.00177793	     -0.00000000	      0.01972251	     -0.00000000	     -0.00000000	      0.00000000	      0.00000000	     -0.00000000	      0.00000000	      0.00000000	      0.00000000	      0.00000000	      0.00000000	      0.00000000	      0.00000000	      0.00000000	      0.00000000	      0.00000000	      0.00000000	      0.00000000	      0.00000000	      0.00000000	      0.00000000	      0.00000000	      0.00000000	      0.00000000	      0.00000000	      0.00000000	      0.00000000	      0.00000000	      0.00000000	      0.00000000	      0.00000000	      0.00000000	      0.00000000	      0.00000000	      0.00000000	      0.00000000	      0.00000000	      0.00000000	      0.00000000	      0.00000000	      0.00000000	      0.00000000	      0.00000000	      0.00000000	      0.00000000	      0.00000000
      5.00500000	      0.00256670	      0.00565430	     -0.00162567	      0.00742046	     -0.00344342	     -0.01114695	     -0.00610337	     -0.00000000	     -0.00000000	      0.00000000	     -0.00000000	      0.00000000	     -0.00000000	     -0.00000000	      0.00180945	     -0.00580786	     -0.01399078	      0.04913811	      0.01995163	     -0.00647669	      0.04339865	      0.03172616	      0.01507856	     -0.00484340	      0.01043759	      0.00000000	     -0.00000000	     -0.01594937	     -0.00048410	     -0.00122286	     -0.00790131	      0.00192036	      0.00179100	     -0.00000000	      0.01985813	     -0.00000000	      0.00000000	     -0.00000000	      0.00000000	     -0.00000000	      0.00000000	      0.00000000	      0.00000000	      0.00000000	      0.00000000	      0.00000000	      0.00000000	      0.00000000	      0.00000000	      0.00000000	      0.00000000	      0.00000000	      0.00000000	      0.00000000	      0.00000000	      0.00000000	      0.00000000	      0.00000000	      0.00000000	      0.00000000	      0.00000000	      0.00000000	      0.00000000	      0.00000000	      0.00000000	      0.00000000	      0.00000000	      0.00000000	      0.00000000	      0.00000000	      0.00000000	      0.00000000	      0.00000000	      0.00000000	      0.00000000	      0.00000000	      0.00000000	      0.00000000	      0.00000000	      0.00000000
      5.01000000	      0.00254012	      0.00565207	     -0.00163879	      0.00743210	     -0.00347198	     -0.01119268	     -0.00609775	     -0.00000000	     -0.00000000	     -0.00000000	      0.00000000	      0.00000000	     -0.00000000	     -0.00000000	      0.00188432	     -0.00573446	     -0.01394799	      0.04916799	      0.01999386	     -0.00641214	      0.04344911	      0.03179919	      0.01515372	     -0.00482442	      0.01043334	      0.00000000	      0.00000000	     -0.01589828	     -0.00050443	     -0.00121542	     -0.00791802	      0.00192867	      0.00180485	      0.00000000	      0.01999619	      0.00000000	      0.00000000	     -0.00000000	     -0.00000000	     -0.00000000	      0.00000000	      0.00000000	      0.00000000	      0.00000000	      0.00000000	      0.00000000	      0.00000000	      0.00000000	      0.00000000	      0.00000000	      0.00000000	      0.00000000	      0.00000000	      0.00000000	      0.00000000	      0.00000000	      0.00000000	      0.00000000	      0.00000000	      0.00000000	      0.00000000	      0.00000000	      0.00000000	      0.00000000	      0.00000000	      0.00000000	      0.00000000	      0.00000000	      0.00000000	      0.00000000	      0.00000000	      0.00000000	      0.00000000	      0.00000000	      0.00000000	      0.00000000	      0.00000000	      0.00000000	      0.00000000	      0.00000000
      5.01500000	      0.00251223	      0.00564955	     -0.00165216	      0.00744386	     -0.00350116	     -0.01123969	     -0.00609182	      0.00000000	      0.00000000	      0.00000000	      0.00000000	     -0.00000000	     -0.00000000	     -0.00000000	      0.00196545	     -0.00565507	     -0.01390332	      0.04920021	      0.02003779	     -0.00634594	      0.04350180	      0.03187464	      0.01523007	     -0.00480514	      0.01042858	      0.00000000	     -0.00000000	     -0.01584765	     -0.00052583	     -0.00120777	     -0.00793504	      0.00193744	      0.00181938	     -0.00000000	      0.02013599	      0.00000000	      0.00000000	     -0.00000000	     -0.00000000	     -0.00000000	      0.00000000	      0.00000000	      0.00000000	      0.00000000	      0.00000000	      0.00000000	      0.00000000	      0.00000000	      0.00000000	      0.00000000	      0.00000000	      0.00000000	      0.00000000	      0.00000000	      0.00000000	      0.00000000	      0.00000000	      0.00000000	      0.00000000	      0.00000000	      0.00000000	      0.00000000	      0.00000000	      0.00000000	      0.00000000	      0.00000000	      0.00000000	      0.00000000	      0.00000000	      0.00000000	      0.00000000	      0.00000000	      0.00000000	      0.00000000	      0.00000000	      0.00000000	      0.00000000	      0.00000000	      0.00000000	      0.00000000
      5.02000000	      0.00248327	      0.00564677	     -0.00166572	      0.00745595	     -0.00353077	     -0.01128769	     -0.00608562	      0.00000000	     -0.00000000	     -0.00000000	     -0.00000000	     -0.00000000	     -0.00000000	     -0.00000000	      0.00205187	     -0.00557066	     -0.01385713	      0.04923430	      0.02008305	     -0.00627849	      0.04355618	      0.03195190	      0.01530718	     -0.00478559	      0.01042337	     -0.00000000	     -0.00000000	     -0.01579758	     -0.00054812	     -0.00119995	     -0.00795226	      0.00194660	      0.00183452	     -0.00000000	      0.02027683	     -0.00000000	     -0.00000000	      0.00000000	      0.00000000	      0.00000000	      0.00000000	      0.00000000	      0.00000000	      0.00000000	      0.00000000	      0.00000000	      0.00000000	      0.00000000	      0.00000000	      0.00000000	      0.00000000	      0.00000000	      0.00000000	      0.00000000	      0.00000000	      0.00000000	      0.00000000	      0.00000000	      0.00000000	      0.00000000	      0.00000000	      0.00000000	      0.00000000	      0.00000000	      0.00000000	      0.00000000	      0.00000000	      0.00000000	      0.00000000	      0.00000000	      0.00000000	      0.00000000	      0.00000000	      0.00000000	      0.00000000	      0.00000000	      0.00000000	      0.00000000	      0.00000000	      0.00000000
      5.02500000	      0.00245348	      0.00564377	     -0.00167937	      0.00746807	     -0.00356065	     -0.01133634	     -0.00607917	      0.00000000	      0.00000000	     -0.00000000	     -0.00000000	     -0.00000000	      0.00000000	      0.00000000	      0.00214255	     -0.00548227	     -0.01380977	      0.04926981	      0.02012928	     -0.00621016	      0.04361175	      0.03203039	      0.01538468	     -0.00476582	      0.01041778	     -0.00000000	     -0.00000000	     -0.01574814	     -0.00057109	     -0.00119201	     -0.00796958	      0.00195610	      0.00185015	     -0.00000000	      0.02041804	     -0.00000000	      0.00000000	      0.00000000	      0.00000000	      0.00000000	      0.00000000	      0.00000000	      0.00000000	      0.00000000	      0.00000000	      0.00000000	      0.00000000	      0.00000000	      0.00000000	      0.00000000	      0.00000000	      0.00000000	      0.00000000	      0.00000000	      0.00000000	      0.00000000	      0.00000000	      0.00000000	      0.00000000	      0.00000000	      0.00000000	      0.00000000	      0.00000000	      0.00000000	      0.00000000	      0.00000000	      0.00000000	      0.00000000	      0.00000000	      0.00000000	      0.00000000	      0.00000000	      0.00000000	      0.00000000	      0.00000000	      0.00000000	      0.00000000	      0.00000000	      0.00000000	      0.00000000
      5.03000000	      0.00242313	      0.00564058	     -0.00169304	      0.00748030	     -0.00359062	     -0.01138533	     -0.00607252	     -0.00000000	     -0.00000000	     -0.00000000	     -0.00000000	      0.00000000	      0.00000000	      0.00000000	      0.00223643	     -0.00539093	     -0.01376165	      0.04930631	      0.02017615	     -0.00614131	      0.04366800	      0.03210953	      0.01546218	     -0.00474588	      0.01041189	      0.00000000	     -0.00000000	     -0.01569937	     -0.00059453	     -0.00118401	     -0.00798691	      0.00196584	      0.00186618	      0.00000000	      0.02055896	     -0.00000000	     -0.00000000	     -0.00000000	      0.00000000	     -0.00000000	      0.00000000	      0.00000000	      0.00000000	      0.00000000	      0.00000000	      0.00000000	      0.00000000	      0.00000000	      0.00000000	      0.00000000	      0.00000000	      0.00000000	      0.00000000	      0.00000000	      0.00000000	      0.00000000	      0.00000000	      0.00000000	      0.00000000	      0.00000000	      0.00000000	      0.00000000	      0.00000000	      0.00000000	      0.00000000	      0.00000000	      0.00000000	      0.00000000	      0.00000000	      0.00000000	      0.00000000	      0.00000000	      0.00000000	      0.00000000	      0.00000000	      0.00000000	      0.00000000	      0.00000000	      0.00000000	      0.00000000
      5.03500000	      0.00239248	      0.00563724	     -0.00170666	      0.00749269	     -0.00362052	     -0.01143434	     -0.00606571	      0.00000000	      0.00000000	     -0.00000000	     -0.00000000	     -0.00000000	     -0.00000000	     -0.00000000	      0.00233244	     -0.00529773	     -0.01371314	      0.04934338	      0.02022335	     -0.00607228	      0.04372449	      0.03218878	      0.01553936	     -0.00472580	      0.01040577	     -0.00000000	     -0.00000000	     -0.01565126	     -0.00061822	     -0.00117600	     -0.00800416	      0.00197577	      0.00188248	     -0.00000000	      0.02069896	      0.00000000	     -0.00000000	     -0.00000000	     -0.00000000	      0.00000000	      0.00000000	      0.00000000	      0.00000000	      0.00000000	      0.00000000	      0.00000000	      0.00000000	      0.00000000	      0.00000000	      0.00000000	      0.00000000	      0.00000000	      0.00000000	      0.00000000	      0.00000000	      0.00000000	      0.00000000	      0.00000000	      0.00000000	      0.00000000	      0.00000000	      0.00000000	      0.00000000	      0.00000000	      0.00000000	      0.00000000	      0.00000000	      0.00000000	      0.00000000	      0.00000000	      0.00000000	      0.00000000	      0.00000000	      0.00000000	      0.00000000	      0.00000000	      0.00000000	      0.00000000	      0.00000000	      0.00000000
      5.04000000	      0.00236178	      0.00563380	     -0.00172196	      0.00750471	     -0.00365017	     -0.01148305	     -0.00605878	      0.00000000	      0.00000000	      0.00000000	      0.00000000	      0.00000000	      0.00000000	      0.00000000	      0.00242951	     -0.00520376	     -0.01366462	      0.04938063	      0.02027061	     -0.00600336	      0.04378077	      0.03226765	      0.01561593	     -0.00470561	      0.01039951	      0.00000000	      0.00000000	     -0.01560377	     -0.00064195	     -0.00116767	     -0.00802123	      0.00198579	      0.00189895	      0.00000000	      0.02083749	      0.00000000	     -0.00000000	     -0.00000000	      0.00000000	      0.00000000	      0.00000000	      0.00000000	      0.00000000	      0.00000000	      0.00000000	      0.00000000	      0.00000000	      0.00000000	      0.00000000	      0.00000000	      0.00000000	      0.00000000	      0.00000000	      0.00000000	      0.00000000	      0.00000000	      0.00000000	      0.00000000	      0.00000000	      0.00000000	      0.00000000	      0.00000000	      0.00000000	      0.00000000	      0.00000000	      0.00000000	      0.00000000	      0.00000000	      0.00000000	      0.00000000	      0.00000000	      0.00000000	      0.00000000	      0.00000000	      0.00000000	      0.00000000	      0.00000000	      0.00000000	      0.00000000	      0.00000000
      5.04500000	      0.00233128	      0.00563029	     -0.00173531	      0.00751646	     -0.00367943	     -0.01153119	     -0.00605177	      0.00000000	     -0.00000000	      0.00000000	     -0.00000000	      0.00000000	     -0.00000000	     -0.00000000	      0.00252661	     -0.00511007	     -0.01361646	      0.04941771	      0.02031766	     -0.00593483	      0.04383647	      0.03234567	      0.01569164	     -0.00468535	      0.01039321	      0.00000000	     -0.00000000	     -0.01555684	     -0.00066549	     -0.00115980	     -0.00803804	      0.00199583	      0.00191547	     -0.00000000	      0.02097401	     -0.00000000	      0.00000000	     -0.00000000	      0.00000000	      0.00000000	      0.00000000	      0.00000000	      0.00000000	      0.00000000	      0.00000000	      0.00000000	      0.00000000	      0.00000000	      0.00000000	      0.00000000	      0.00000000	      0.00000000	      0.00000000	      0.00000000	      0.00000000	      0.00000000	      0.00000000	      0.00000000	      0.00000000	      0.00000000	      0.00000000	      0.00000000	      0.00000000	      0.00000000	      0.00000000	      0.00000000	      0.00000000	      0.00000000	      0.00000000	      0.00000000	      0.00000000	      0.00000000	      0.00000000	      0.00000000	      0.00000000	      0.00000000	      0.00000000	      0.00000000	      0.00000000	      0.00000000
      5.05000000	      0.00230123	      0.00562677	     -0.00174840	      0.00752801	     -0.00370816	     -0.01157848	     -0.00604474	      0.00000000	      0.00000000	     -0.00000000	      0.00000000	     -0.00000000	     -0.00000000	     -0.00000000	      0.00262272	     -0.00501773	     -0.01356901	      0.04945428	      0.02036431	     -0.00586691	      0.04389122	      0.03242243	      0.01576628	     -0.00466506	      0.01038695	     -0.00000000	     -0.00000000	     -0.01551036	     -0.00068866	     -0.00115207	     -0.00805454	      0.00200580	      0.00193192	     -0.00000000	      0.02110806	      0.00000000	     -0.00000000	      0.00000000	      0.00000000	      0.00000000	      0.00000000	      0.00000000	      0.00000000	      0.00000000	      0.00000000	      0.00000000	      0.00000000	      0.00000000	      0.00000000	      0.00000000	      0.00000000	      0.00000000	      0.00000000	      0.00000000	      0.00000000	      0.00000000	      0.00000000	      0.00000000	      0.00000000	      0.00000000	      0.00000000	      0.00000000	      0.00000000	      0.00000000	      0.00000000	      0.00000000	      0.00000000	      0.00000000	      0.00000000	      0.00000000	      0.00000000	      0.00000000	      0.00000000	      0.00000000	      0.00000000	      0.00000000	      0.00000000	      0.00000000	      0.00000000	      0.00000000
      5.05500000	      0.00227186	      0.00562328	     -0.00176117	      0.00753906	     -0.00373623	     -0.01162467	     -0.00603771	      0.00000000	      0.00000000	     -0.00000000	     -0.00000000	     -0.00000000	      0.00000000	      0.00000000	      0.00271690	     -0.00492770	     -0.01352261	      0.04949007	      0.02041038	     -0.00579978	      0.04394476	      0.03249760	      0.01583969	     -0.00464476	      0.01038083	      0.00000000	     -0.00000000	     -0.01546419	     -0.00071125	     -0.00114454	     -0.00807065	      0.00201563	      0.00194819	     -0.00000000	      0.02123928	     -0.00000000	     -0.00000000	      0.00000000	      0.00000000	      0.00000000	      0.00000000	      0.00000000	      0.00000000	      0.00000000	      0.00000000	      0.00000000	      0.00000000	      0.00000000	      0.00000000	      0.00000000	      0.00000000	      0.00000000	      0.00000000	      0.00000000	      0.00000000	      0.00000000	      0.00000000	      0.00000000	      0.00000000	      0.00000000	      0.00000000	      0.00000000	      0.00000000	      0.00000000	      0.00000000	      0.00000000	      0.00000000	      0.00000000	      0.00000000	      0.00000000	      0.00000000	      0.00000000	      0.00000000	      0.00000000	      0.00000000	      0.00000000	      0.00000000	      0.00000000	      0.00000000	      0.00000000
      5.06000000	      0.00224337	      0.00561985	     -0.00177357	      0.00754987	     -0.00376353	     -0.01166954	     -0.00603074	     -0.00000000	     -0.00000000	     -0.00000000	     -0.00000000	      0.00000000	     -0.00000000	     -0.00000000	      0.00280821	     -0.00484099	     -0.01347759	      0.04952481	      0.02045570	     -0.00573364	      0.04399678	      0.03257082	      0.01591172	     -0.00462449	      0.01037494	     -0.00000000	      0.00000000	     -0.01541820	     -0.00073307	     -0.00113725	     -0.00808632	      0.00202524	      0.00196416	     -0.00000000	      0.02136728	     -0.00000000	     -0.00000000	     -0.00000000	     -0.00000000	     -0.00000000	      0.00000000	      0.00000000	      0.00000000	      0.00000000	      0.00000000	      0.00000000	      0.00000000	      0.00000000	      0.00000000	      0.00000000	      0.00000000	      0.00000000	      0.00000000	      0.00000000	      0.00000000	      0.00000000	      0.00000000	      0.00000000	      0.00000000	      0.00000000	      0.00000000	      0.00000000	      0.00000000	      0.00000000	      0.00000000	      0.00000000	      0.00000000	      0.00000000	      0.00000000	      0.00000000	      0.00000000	      0.00000000	      0.00000000	      0.00000000	      0.00000000	      0.00000000	      0.00000000	      0.00000000	      0.00000000	      0.00000000
      5.06500000	      0.00221593	      0.00561653	     -0.00178558	      0.00756009	     -0.00378999	     -0.01171294	     -0.00602387	      0.00000000	      0.00000000	     -0.00000000	      0.00000000	     -0.00000000	      0.00000000	      0.00000000	      0.00289595	     -0.00475834	     -0.01343415	      0.04955835	      0.02050025	     -0.00566849	      0.04404718	      0.03264196	      0.01598240	     -0.00460425	      0.01036935	      0.00000000	      0.00000000	     -0.01537213	     -0.00075399	     -0.00113023	     -0.00810153	      0.00203455	      0.00197974	      0.00000000	      0.02149201	     -0.00000000	      0.00000000	      0.00000000	      0.00000000	      0.00000000	      0.00000000	      0.00000000	      0.00000000	      0.00000000	      0.00000000	      0.00000000	      0.00000000	      0.00000000	      0.00000000	      0.00000000	      0.00000000	      0.00000000	      0.00000000	      0.00000000	      0.00000000	      0.00000000	      0.00000000	      0.00000000	      0.00000000	      0.00000000	      0.00000000	      0.00000000	      0.00000000	      0.00000000	      0.00000000	      0.00000000	      0.00000000	      0.00000000	      0.00000000	      0.00000000	      0.00000000	      0.00000000	      0.00000000	      0.00000000	      0.00000000	      0.00000000	      0.00000000	      0.00000000	      0.00000000	      0.00000000
      5.07000000	      0.00218975	      0.00561337	     -0.00179713	      0.00756997	     -0.00381551	     -0.01175466	     -0.00601713	      0.00000000	     -0.00000000	      0.00000000	     -0.00000000	     -0.00000000	     -0.00000000	     -0.00000000	      0.00297924	     -0.00468070	     -0.01339262	      0.04959046	      0.02054387	     -0.00560449	      0.04409571	      0.03271073	      0.01605161	     -0.00458408	      0.01036416	     -0.00000000	      0.00000000	     -0.01532585	     -0.00077382	     -0.00112352	     -0.00811623	      0.00204350	      0.00199482	     -0.00000000	      0.02161310	      0.00000000	     -0.00000000	      0.00000000	      0.00000000	     -0.00000000	      0.00000000	      0.00000000	      0.00000000	      0.00000000	      0.00000000	      0.00000000	      0.00000000	      0.00000000	      0.00000000	      0.00000000	      0.00000000	      0.00000000	      0.00000000	      0.00000000	      0.00000000	      0.00000000	      0.00000000	      0.00000000	      0.00000000	      0.00000000	      0.00000000	      0.00000000	      0.00000000	      0.00000000	      0.00000000	      0.00000000	      0.00000000	      0.00000000	      0.00000000	      0.00000000	      0.00000000	      0.00000000	      0.00000000	      0.00000000	      0.00000000	      0.00000000	      0.00000000	      0.00000000	      0.00000000	      0.00000000
      5.07500000	      0.00216495	      0.00561038	     -0.00180822	      0.00757950	     -0.00384004	     -0.01179460	     -0.00601057	     -0.00000000	     -0.00000000	     -0.00000000	     -0.00000000	     -0.00000000	      0.00000000	      0.00000000	      0.00305749	     -0.00460872	     -0.01335318	      0.04962104	      0.02058657	     -0.00554164	      0.04414231	      0.03277704	      0.01611941	     -0.00456399	      0.01035944	     -0.00000000	     -0.00000000	     -0.01527910	     -0.00079245	     -0.00111715	     -0.00813041	      0.00205203	      0.00200931	      0.00000000	      0.02173056	      0.00000000	      0.00000000	      0.00000000	      0.00000000	      0.00000000	      0.00000000	      0.00000000	      0.00000000	      0.00000000	      0.00000000	      0.00000000	      0.00000000	      0.00000000	      0.00000000	      0.00000000	      0.00000000	      0.00000000	      0.00000000	      0.00000000	      0.00000000	      0.00000000	      0.00000000	      0.00000000	      0.00000000	      0.00000000	      0.00000000	      0.00000000	      0.00000000	      0.00000000	      0.00000000	      0.00000000	      0.00000000	      0.00000000	      0.00000000	      0.00000000	      0.00000000	      0.00000000	      0.00000000	      0.00000000	      0.00000000	      0.00000000	      0.00000000	      0.00000000	      0.00000000	      0.00000000
      5.08000000	      0.00214165	      0.00560762	     -0.00181881	      0.00758791	     -0.00386354	     -0.01183266	     -0.00600422	     -0.00000000	     -0.00000000	     -0.00000000	      0.00000000	     -0.00000000	     -0.00000000	     -0.00000000	      0.00313013	     -0.00454304	     -0.01331602	      0.04965000	      0.02062835	     -0.00547992	      0.04418690	      0.03284082	      0.01618585	     -0.00454401	      0.01035526	     -0.00000000	     -0.00000000	     -0.01523166	     -0.00080976	     -0.00111115	     -0.00814405	      0.00206007	      0.00202311	     -0.00000000	      0.02184434	      0.00000000	     -0.00000000	      0.00000000	     -0.00000000	     -0.00000000	      0.00000000	      0.00000000	      0.00000000	      0.00000000	      0.00000000	      0.00000000	      0.00000000	      0.00000000	      0.00000000	      0.00000000	      0.00000000	      0.00000000	      0.00000000	      0.00000000	      0.00000000	      0.00000000	      0.00000000	      0.00000000	      0.00000000	      0.00000000	      0.00000000	      0.00000000	      0.00000000	      0.00000000	      0.00000000	      0.00000000	      0.00000000	      0.00000000	      0.00000000	      0.00000000	      0.00000000	      0.00000000	      0.00000000	      0.00000000	      0.00000000	      0.00000000	      0.00000000	      0.00000000	      0.00000000	      0.00000000
      5.08500000	      0.00211990	      0.00560509	     -0.00182892	      0.00759618	     -0.00388604	     -0.01186885	     -0.00599809	     -0.00000000	     -0.00000000	     -0.00000000	     -0.00000000	      0.00000000	     -0.00000000	     -0.00000000	      0.00319686	     -0.00448404	     -0.01328120	      0.04967734	      0.02066932	     -0.00541916	      0.04422957	      0.03290215	      0.01625116	     -0.00452411	      0.01035168	     -0.00000000	      0.00000000	     -0.01518318	     -0.00082570	     -0.00110552	     -0.00815718	      0.00206759	      0.00203618	     -0.00000000	      0.02195472	     -0.00000000	     -0.00000000	     -0.00000000	     -0.00000000	     -0.00000000	      0.00000000	      0.00000000	      0.00000000	      0.00000000	      0.00000000	      0.00000000	      0.00000000	      0.00000000	      0.00000000	      0.00000000	      0.00000000	      0.00000000	      0.00000000	      0.00000000	      0.00000000	      0.00000000	      0.00000000	      0.00000000	      0.00000000	      0.00000000	      0.00000000	      0.00000000	      0.00000000	      0.00000000	      0.00000000	      0.00000000	      0.00000000	      0.00000000	      0.00000000	      0.00000000	      0.00000000	      0.00000000	      0.00000000	      0.00000000	      0.00000000	      0.00000000	      0.00000000	      0.00000000	      0.00000000	      0.00000000
      5.09000000	      0.00209977	      0.00560282	     -0.00183855	      0.00760390	     -0.00390753	     -0.01190315	     -0.00599222	      0.00000000	     -0.00000000	     -0.00000000	     -0.00000000	     -0.00000000	     -0.00000000	     -0.00000000	      0.00325733	     -0.00443214	     -0.01324881	      0.04970306	      0.02070956	     -0.00535927	      0.04427034	      0.03296110	      0.01631547	     -0.00450431	      0.01034875	      0.00000000	     -0.00000000	     -0.01513342	     -0.00084018	     -0.00110028	     -0.00816981	      0.00207453	      0.00204846	     -0.00000000	      0.02206182	      0.00000000	     -0.00000000	      0.00000000	      0.00000000	      0.00000000	      0.00000000	      0.00000000	      0.00000000	      0.00000000	      0.00000000	      0.00000000	      0.00000000	      0.00000000	      0.00000000	      0.00000000	      0.00000000	      0.00000000	      0.00000000	      0.00000000	      0.00000000	      0.00000000	      0.00000000	      0.00000000	      0.00000000	      0.00000000	      0.00000000	      0.00000000	      0.00000000	      0.00000000	      0.00000000	      0.00000000	      0.00000000	      0.00000000	      0.00000000	      0.00000000	      0.00000000	      0.00000000	      0.00000000	      0.00000000	      0.00000000	      0.00000000	      0.00000000	      0.00000000	      0.00000000	      0.00000000
      5.09500000	      0.00208126	      0.00560082	     -0.00184770	      0.00761106	     -0.00392807	     -0.01193563	     -0.00598660	      0.00000000	      0.00000000	      0.00000000	     -0.00000000	      0.00000000	      0.00000000	     -0.00000000	      0.00331142	     -0.00438752	     -0.01321887	      0.04972723	      0.02074923	     -0.00530000	      0.04430935	      0.03301785	      0.01637908	     -0.00448458	      0.01034651	     -0.00000000	      0.00000000	     -0.01508204	     -0.00085320	     -0.00109542	     -0.00818198	      0.00208089	      0.00205990	      0.00000000	      0.02216602	      0.00000000	      0.00000000	     -0.00000000	     -0.00000000	     -0.00000000	      0.00000000	      0.00000000	      0.00000000	      0.00000000	      0.00000000	      0.00000000	      0.00000000	      0.00000000	      0.00000000	      0.00000000	      0.00000000	      0.00000000	      0.00000000	      0.00000000	      0.00000000	      0.00000000	      0.00000000	      0.00000000	      0.00000000	      0.00000000	      0.00000000	      0.00000000	      0.00000000	      0.00000000	      0.00000000	      0.00000000	      0.00000000	      0.00000000	      0.00000000	      0.00000000	      0.00000000	      0.00000000	      0.00000000	      0.00000000	      0.00000000	      0.00000000	      0.00000000	      0.00000000	      0.00000000	      0.00000000
      5.10000000	      0.00206437	      0.00559909	     -0.00185641	      0.00761769	     -0.00394770	     -0.01196634	     -0.00598125	     -0.00000000	     -0.00000000	      0.00000000	     -0.00000000	     -0.00000000	     -0.00000000	     -0.00000000	      0.00335905	     -0.00435036	     -0.01319137	      0.04974992	      0.02078849	     -0.00524116	      0.04434674	      0.03307257	      0.01644221	     -0.00446490	      0.01034499	     -0.00000000	     -0.00000000	     -0.01502878	     -0.00086473	     -0.00109095	     -0.00819373	      0.00208664	      0.00207047	     -0.00000000	      0.02226762	      0.00000000	     -0.00000000	      0.00000000	      0.00000000	     -0.00000000	      0.00000000	      0.00000000	      0.00000000	      0.00000000	      0.00000000	      0.00000000	      0.00000000	      0.00000000	      0.00000000	      0.00000000	      0.00000000	      0.00000000	      0.00000000	      0.00000000	      0.00000000	      0.00000000	      0.00000000	      0.00000000	      0.00000000	      0.00000000	      0.00000000	      0.00000000	      0.00000000	      0.00000000	      0.00000000	      0.00000000	      0.00000000	      0.00000000	      0.00000000	      0.00000000	      0.00000000	      0.00000000	      0.00000000	      0.00000000	      0.00000000	      0.00000000	      0.00000000	      0.00000000	      0.00000000	      0.00000000
      5.10500000	      0.00204905	      0.00559765	     -0.00186471	      0.00762379	     -0.00396650	     -0.01199538	     -0.00597617	     -0.00000000	     -0.00000000	     -0.00000000	     -0.00000000	     -0.00000000	     -0.00000000	     -0.00000000	      0.00340024	     -0.00432066	     -0.01316625	      0.04977124	      0.02082752	     -0.00518250	      0.04438268	      0.03312551	      0.01650517	     -0.00444527	      0.01034422	     -0.00000000	     -0.00000000	     -0.01497333	     -0.00087479	     -0.00108685	     -0.00820509	      0.00209175	      0.00208016	     -0.00000000	      0.02236705	     -0.00000000	     -0.00000000	      0.00000000	     -0.00000000	      0.00000000	      0.00000000	      0.00000000	      0.00000000	      0.00000000	      0.00000000	      0.00000000	      0.00000000	      0.00000000	      0.00000000	      0.00000000	      0.00000000	      0.00000000	      0.00000000	      0.00000000	      0.00000000	      0.00000000	      0.00000000	      0.00000000	      0.00000000	      0.00000000	      0.00000000	      0.00000000	      0.00000000	      0.00000000	      0.00000000	      0.00000000	      0.00000000	      0.00000000	      0.00000000	      0.00000000	      0.00000000	      0.00000000	      0.00000000	      0.00000000	      0.00000000	      0.00000000	      0.00000000	      0.00000000	      0.00000000	      0.00000000
      5.11000000	      0.00203525	      0.00559647	     -0.00187261	      0.00762940	     -0.00398455	     -0.01202288	     -0.00597136	      0.00000000	     -0.00000000	      0.00000000	     -0.00000000	      0.00000000	      0.00000000	     -0.00000000	      0.00343514	     -0.00429835	     -0.01314344	      0.04979132	      0.02086652	     -0.00512376	      0.04441736	      0.03317690	      0.01656823	     -0.00442564	      0.01034419	      0.00000000	      0.00000000	     -0.01491546	     -0.00088339	     -0.00108312	     -0.00821612	      0.00209624	      0.00208895	      0.00000000	      0.02246470	     -0.00000000	     -0.00000000	     -0.00000000	     -0.00000000	      0.00000000	      0.00000000	      0.00000000	      0.00000000	      0.00000000	      0.00000000	      0.00000000	      0.00000000	      0.00000000	      0.00000000	      0.00000000	      0.00000000	      0.00000000	      0.00000000	      0.00000000	      0.00000000	      0.00000000	      0.00000000	      0.00000000	      0.00000000	      0.00000000	      0.00000000	      0.00000000	      0.00000000	      0.00000000	      0.00000000	      0.00000000	      0.00000000	      0.00000000	      0.00000000	      0.00000000	      0.00000000	      0.00000000	      0.00000000	      0.00000000	      0.00000000	      0.00000000	      0.00000000	      0.00000000	      0.00000000	      0.00000000
      5.11500000	      0.00202288	      0.00559556	     -0.00188017	      0.00763455	     -0.00400194	     -0.01204900	     -0.00596681	     -0.00000000	      0.00000000	      0.00000000	      0.00000000	      0.00000000	      0.00000000	     -0.00000000	      0.00346398	     -0.00428323	     -0.01312282	      0.04981033	      0.02090570	     -0.00506467	      0.04445102	      0.03322708	      0.01663170	     -0.00440600	      0.01034493	      0.00000000	      0.00000000	     -0.01485491	     -0.00089059	     -0.00107974	     -0.00822687	      0.00210010	      0.00209686	      0.00000000	      0.02256107	      0.00000000	      0.00000000	     -0.00000000	     -0.00000000	      0.00000000	      0.00000000	      0.00000000	      0.00000000	      0.00000000	      0.00000000	      0.00000000	      0.00000000	      0.00000000	      0.00000000	      0.00000000	      0.00000000	      0.00000000	      0.00000000	      0.00000000	      0.00000000	      0.00000000	      0.00000000	      0.00000000	      0.00000000	      0.00000000	      0.00000000	      0.00000000	      0.00000000	      0.00000000	      0.00000000	      0.00000000	      0.00000000	      0.00000000	      0.00000000	      0.00000000	      0.00000000	      0.00000000	      0.00000000	      0.00000000	      0.00000000	      0.00000000	      0.00000000	      0.00000000	      0.00000000	      0.00000000
      5.12000000	      0.00201183	      0.00559490	     -0.00188742	      0.00763926	     -0.00401878	     -0.01207390	     -0.00596250	     -0.00000000	     -0.00000000	     -0.00000000	     -0.00000000	     -0.00000000	     -0.00000000	     -0.00000000	      0.00348706	     -0.00427504	     -0.01310423	      0.04982843	      0.02094526	     -0.00500496	      0.04448387	      0.03327632	      0.01669589	     -0.00438631	      0.01034641	      0.00000000	     -0.00000000	     -0.01479150	     -0.00089645	     -0.00107667	     -0.00823740	      0.00210335	      0.00210390	     -0.00000000	      0.02265665	     -0.00000000	     -0.00000000	     -0.00000000	     -0.00000000	     -0.00000000	      0.00000000	      0.00000000	      0.00000000	      0.00000000	      0.00000000	      0.00000000	      0.00000000	      0.00000000	      0.00000000	      0.00000000	      0.00000000	      0.00000000	      0.00000000	      0.00000000	      0.00000000	      0.00000000	      0.00000000	      0.00000000	      0.00000000	      0.00000000	      0.00000000	      0.00000000	      0.00000000	      0.00000000	      0.00000000	      0.00000000	      0.00000000	      0.00000000	      0.00000000	      0.00000000	      0.00000000	      0.00000000	      0.00000000	      0.00000000	      0.00000000	      0.00000000	      0.00000000	      0.00000000	      0.00000000	      0.00000000
      5.12500000	      0.00200199	      0.00559445	     -0.00189442	      0.00764358	     -0.00403518	     -0.01209776	     -0.00595843	     -0.00000000	      0.00000000	     -0.00000000	      0.00000000	     -0.00000000	      0.00000000	      0.00000000	      0.00350477	     -0.00427340	     -0.01308753	      0.04984579	      0.02098539	     -0.00494437	      0.04451615	      0.03332494	      0.01676105	     -0.00436654	      0.01034862	     -0.00000000	      0.00000000	     -0.01472505	     -0.00090105	     -0.00107391	     -0.00824776	      0.00210599	      0.00211010	      0.00000000	      0.02275191	     -0.00000000	      0.00000000	      0.00000000	     -0.00000000	      0.00000000	      0.00000000	      0.00000000	      0.00000000	      0.00000000	      0.00000000	      0.00000000	      0.00000000	      0.00000000	      0.00000000	      0.00000000	      0.00000000	      0.00000000	      0.00000000	      0.00000000	      0.00000000	      0.00000000	      0.00000000	      0.00000000	      0.00000000	      0.00000000	      0.00000000	      0.00000000	      0.00000000	      0.00000000	      0.00000000	      0.00000000	      0.00000000	      0.00000000	      0.00000000	      0.00000000	      0.00000000	      0.00000000	      0.00000000	      0.00000000	      0.00000000	      0.00000000	      0.00000000	      0.00000000	      0.00000000	      0.00000000
      5.13000000	      0.00199322	      0.00559421	     -0.00190121	      0.00764756	     -0.00405125	     -0.01212079	     -0.00595457	      0.00000000	      0.00000000	      0.00000000	      0.00000000	      0.00000000	     -0.00000000	     -0.00000000	      0.00351752	     -0.00427791	     -0.01307251	      0.04986257	      0.02102628	     -0.00488269	      0.04454809	      0.03337323	      0.01682745	     -0.00434666	      0.01035154	     -0.00000000	     -0.00000000	     -0.01465546	     -0.00090447	     -0.00107142	     -0.00825802	      0.00210807	      0.00211549	     -0.00000000	      0.02284731	     -0.00000000	     -0.00000000	      0.00000000	     -0.00000000	      0.00000000	      0.00000000	      0.00000000	      0.00000000	      0.00000000	      0.00000000	      0.00000000	      0.00000000	      0.00000000	      0.00000000	      0.00000000	      0.00000000	      0.00000000	      0.00000000	      0.00000000	      0.00000000	      0.00000000	      0.00000000	      0.00000000	      0.00000000	      0.00000000	      0.00000000	      0.00000000	      0.00000000	      0.00000000	      0.00000000	      0.00000000	      0.00000000	      0.00000000	      0.00000000	      0.00000000	      0.00000000	      0.00000000	      0.00000000	      0.00000000	      0.00000000	      0.00000000	      0.00000000	      0.00000000	      0.00000000	      0.00000000
      5.13500000	      0.00198536	      0.00559413	     -0.00190766	      0.00765123	     -0.00406710	     -0.01214317	     -0.00595090	     -0.00000000	      0.00000000	     -0.00000000	     -0.00000000	     -0.00000000	      0.00000000	      0.00000000	      0.00352580	     -0.00428806	     -0.01305900	      0.04987895	      0.02106806	     -0.00481971	      0.04457989	      0.03342148	      0.01689529	     -0.00432663	      0.01035513	     -0.00000000	      0.00000000	     -0.01458268	     -0.00090682	     -0.00106917	     -0.00826823	      0.00210961	      0.00212011	      0.00000000	      0.02294328	     -0.00000000	      0.00000000	      0.00000000	     -0.00000000	     -0.00000000	      0.00000000	      0.00000000	      0.00000000	      0.00000000	      0.00000000	      0.00000000	      0.00000000	      0.00000000	      0.00000000	      0.00000000	      0.00000000	      0.00000000	      0.00000000	      0.00000000	      0.00000000	      0.00000000	      0.00000000	      0.00000000	      0.00000000	      0.00000000	      0.00000000	      0.00000000	      0.00000000	      0.00000000	      0.00000000	      0.00000000	      0.00000000	      0.00000000	      0.00000000	      0.00000000	      0.00000000	      0.00000000	      0.00000000	      0.00000000	      0.00000000	      0.00000000	      0.00000000	      0.00000000	      0.00000000	      0.00000000
      5.14000000	      0.00197827	      0.00559418	     -0.00191497	      0.00765464	     -0.00408284	     -0.01216510	     -0.00594740	     -0.00000000	     -0.00000000	      0.00000000	      0.00000000	      0.00000000	     -0.00000000	     -0.00000000	      0.00353012	     -0.00430332	     -0.01304678	      0.04989508	      0.02111087	     -0.00475528	      0.04461175	      0.03346995	      0.01696474	     -0.00430644	      0.01035935	     -0.00000000	     -0.00000000	     -0.01450671	     -0.00090820	     -0.00106713	     -0.00827843	      0.00211064	      0.00212402	     -0.00000000	      0.02304023	     -0.00000000	     -0.00000000	      0.00000000	     -0.00000000	     -0.00000000	      0.00000000	      0.00000000	      0.00000000	      0.00000000	      0.00000000	      0.00000000	      0.00000000	      0.00000000	      0.00000000	      0.00000000	      0.00000000	      0.00000000	      0.00000000	      0.00000000	      0.00000000	      0.00000000	      0.00000000	      0.00000000	      0.00000000	      0.00000000	      0.00000000	      0.00000000	      0.00000000	      0.00000000	      0.00000000	      0.00000000	      0.00000000	      0.00000000	      0.00000000	      0.00000000	      0.00000000	      0.00000000	      0.00000000	      0.00000000	      0.00000000	      0.00000000	      0.00000000	      0.00000000	      0.00000000	      0.00000000
      5.14500000	      0.00197178	      0.00559434	     -0.00192072	      0.00765784	     -0.00409859	     -0.01218677	     -0.00594405	     -0.00000000	     -0.00000000	      0.00000000	     -0.00000000	      0.00000000	      0.00000000	      0.00000000	      0.00353101	     -0.00432311	     -0.01303566	      0.04991112	      0.02115480	     -0.00468928	      0.04464385	      0.03351888	      0.01703593	     -0.00428605	      0.01036414	      0.00000000	     -0.00000000	     -0.01442759	     -0.00090874	     -0.00106563	     -0.00828867	      0.00211121	      0.00212727	      0.00000000	      0.02313851	      0.00000000	     -0.00000000	      0.00000000	      0.00000000	     -0.00000000	      0.00000000	      0.00000000	      0.00000000	      0.00000000	      0.00000000	      0.00000000	      0.00000000	      0.00000000	      0.00000000	      0.00000000	      0.00000000	      0.00000000	      0.00000000	      0.00000000	      0.00000000	      0.00000000	      0.00000000	      0.00000000	      0.00000000	      0.00000000	      0.00000000	      0.00000000	      0.00000000	      0.00000000	      0.00000000	      0.00000000	      0.00000000	      0.00000000	      0.00000000	      0.00000000	      0.00000000	      0.00000000	      0.00000000	      0.00000000	      0.00000000	      0.00000000	      0.00000000	      0.00000000	      0.00000000	      0.00000000
      5.15000000	      0.00196575	      0.00559455	     -0.00192805	      0.00766086	     -0.00411443	     -0.01220837	     -0.00594082	     -0.00000000	      0.00000000	      0.00000000	      0.00000000	      0.00000000	      0.00000000	      0.00000000	      0.00352901	     -0.00434685	     -0.01302542	      0.04992720	      0.02119991	     -0.00462163	      0.04467636	      0.03356846	      0.01710896	     -0.00426546	      0.01036947	      0.00000000	      0.00000000	     -0.01434544	     -0.00090853	     -0.00106392	     -0.00829899	      0.00211135	      0.00212993	      0.00000000	      0.02323842	     -0.00000000	      0.00000000	     -0.00000000	     -0.00000000	      0.00000000	      0.00000000	      0.00000000	      0.00000000	      0.00000000	      0.00000000	      0.00000000	      0.00000000	      0.00000000	      0.00000000	      0.00000000	      0.00000000	      0.00000000	      0.00000000	      0.00000000	      0.00000000	      0.00000000	      0.00000000	      0.00000000	      0.00000000	      0.00000000	      0.00000000	      0.00000000	      0.00000000	      0.00000000	      0.00000000	      0.00000000	      0.00000000	      0.00000000	      0.00000000	      0.00000000	      0.00000000	      0.00000000	      0.00000000	      0.00000000	      0.00000000	      0.00000000	      0.00000000	      0.00000000	      0.00000000	      0.00000000
      5.15500000	      0.00196000	      0.00559480	     -0.00193440	      0.00766375	     -0.00413047	     -0.01223007	     -0.00593768	     -0.00000000	      0.00000000	      0.00000000	      0.00000000	      0.00000000	      0.00000000	      0.00000000	      0.00352469	     -0.00437389	     -0.01301586	      0.04994344	      0.02124623	     -0.00455229	      0.04470939	      0.03361889	      0.01718385	     -0.00424463	      0.01037527	      0.00000000	     -0.00000000	     -0.01426040	     -0.00090772	     -0.00106231	     -0.00830944	      0.00211111	      0.00213204	      0.00000000	      0.02334022	      0.00000000	      0.00000000	      0.00000000	     -0.00000000	     -0.00000000	      0.00000000	      0.00000000	      0.00000000	      0.00000000	      0.00000000	      0.00000000	      0.00000000	      0.00000000	      0.00000000	      0.00000000	      0.00000000	      0.00000000	      0.00000000	      0.00000000	      0.00000000	      0.00000000	      0.00000000	      0.00000000	      0.00000000	      0.00000000	      0.00000000	      0.00000000	      0.00000000	      0.00000000	      0.00000000	      0.00000000	      0.00000000	      0.00000000	      0.00000000	      0.00000000	      0.00000000	      0.00000000	      0.00000000	      0.00000000	      0.00000000	      0.00000000	      0.00000000	      0.00000000	      0.00000000	      0.00000000
      5.16000000	      0.00195437	      0.00559503	     -0.00194171	      0.00766656	     -0.00414679	     -0.01225206	     -0.00593462	      0.00000000	     -0.00000000	     -0.00000000	     -0.00000000	      0.00000000	      0.00000000	      0.00000000	      0.00351860	     -0.00440361	     -0.01300677	      0.04995994	      0.02129376	     -0.00448128	      0.04474308	      0.03367028	      0.01726061	     -0.00422356	      0.01038148	     -0.00000000	      0.00000000	     -0.01417268	     -0.00090641	     -0.00106079	     -0.00832003	      0.00211054	      0.00213370	      0.00000000	      0.02344413	      0.00000000	     -0.00000000	      0.00000000	     -0.00000000	     -0.00000000	      0.00000000	      0.00000000	      0.00000000	      0.00000000	      0.00000000	      0.00000000	      0.00000000	      0.00000000	      0.00000000	      0.00000000	      0.00000000	      0.00000000	      0.00000000	      0.00000000	      0.00000000	      0.00000000	      0.00000000	      0.00000000	      0.00000000	      0.00000000	      0.00000000	      0.00000000	      0.00000000	      0.00000000	      0.00000000	      0.00000000	      0.00000000	      0.00000000	      0.00000000	      0.00000000	      0.00000000	      0.00000000	      0.00000000	      0.00000000	      0.00000000	      0.00000000	      0.00000000	      0.00000000	      0.00000000	      0.00000000
      5.16500000	      0.00194872	      0.00559522	     -0.00194830	      0.00766932	     -0.00416346	     -0.01227449	     -0.00593160	      0.00000000	      0.00000000	      0.00000000	     -0.00000000	     -0.00000000	      0.00000000	      0.00000000	      0.00351132	     -0.00443536	     -0.01299797	      0.04997680	      0.02134247	     -0.00440863	      0.04477749	      0.03372276	      0.01733918	     -0.00420223	      0.01038803	     -0.00000000	      0.00000000	     -0.01408253	     -0.00090475	     -0.00105933	     -0.00833080	      0.00210969	      0.00213497	      0.00000000	      0.02355031	     -0.00000000	      0.00000000	      0.00000000	     -0.00000000	      0.00000000	      0.00000000	      0.00000000	      0.00000000	      0.00000000	      0.00000000	      0.00000000	      0.00000000	      0.00000000	      0.00000000	      0.00000000	      0.00000000	      0.00000000	      0.00000000	      0.00000000	      0.00000000	      0.00000000	      0.00000000	      0.00000000	      0.00000000	      0.00000000	      0.00000000	      0.00000000	      0.00000000	      0.00000000	      0.00000000	      0.00000000	      0.00000000	      0.00000000	      0.00000000	      0.00000000	      0.00000000	      0.00000000	      0.00000000	      0.00000000	      0.00000000	      0.00000000	      0.00000000	      0.00000000	      0.00000000	      0.00000000
      5.17000000	      0.00194288	      0.00559532	     -0.00195502	      0.00767208	     -0.00418055	     -0.01229749	     -0.00592860	     -0.00000000	     -0.00000000	      0.00000000	      0.00000000	      0.00000000	     -0.00000000	     -0.00000000	      0.00350339	     -0.00446848	     -0.01298924	      0.04999408	      0.02139229	     -0.00433444	      0.04481270	      0.03377640	      0.01741949	     -0.00418063	      0.01040218	      0.00000000	     -0.00000000	     -0.01399023	     -0.00090285	     -0.00105788	     -0.00834176	      0.00210863	      0.00213592	     -0.00000000	      0.02365886	     -0.00000000	      0.00000000	     -0.00000000	     -0.00000000	     -0.00000000	      0.00000000	      0.00000000	      0.00000000	      0.00000000	      0.00000000	      0.00000000	      0.00000000	      0.00000000	      0.00000000	      0.00000000	      0.00000000	      0.00000000	      0.00000000	      0.00000000	      0.00000000	      0.00000000	      0.00000000	      0.00000000	      0.00000000	      0.00000000	      0.00000000	      0.00000000	      0.00000000	      0.00000000	      0.00000000	      0.00000000	      0.00000000	      0.00000000	      0.00000000	      0.00000000	      0.00000000	      0.00000000	      0.00000000	      0.00000000	      0.00000000	      0.00000000	      0.00000000	      0.00000000	      0.00000000	      0.00000000
      5.17500000	      0.00193672	      0.00559531	     -0.00196189	      0.00767487	     -0.00419813	     -0.01232122	     -0.00592560	      0.00000000	      0.00000000	      0.00000000	      0.00000000	      0.00000000	      0.00000000	      0.00000000	      0.00349536	     -0.00450235	     -0.01298042	      0.05001185	      0.02144313	     -0.00425883	      0.04484875	      0.03383125	      0.01750141	     -0.00415877	      0.01041755	     -0.00000000	      0.00000000	     -0.01389609	     -0.00090084	     -0.00105642	     -0.00835294	      0.00210739	      0.00213664	      0.00000000	      0.02376985	      0.00000000	      0.00000000	      0.00000000	      0.00000000	      0.00000000	      0.00000000	      0.00000000	      0.00000000	      0.00000000	      0.00000000	      0.00000000	      0.00000000	      0.00000000	      0.00000000	      0.00000000	      0.00000000	      0.00000000	      0.00000000	      0.00000000	      0.00000000	      0.00000000	      0.00000000	      0.00000000	      0.00000000	      0.00000000	      0.00000000	      0.00000000	      0.00000000	      0.00000000	      0.00000000	      0.00000000	      0.00000000	      0.00000000	      0.00000000	      0.00000000	      0.00000000	      0.00000000	      0.00000000	      0.00000000	      0.00000000	      0.00000000	      0.00000000	      0.00000000	      0.00000000	      0.00000000
      5.18000000	      0.00193009	      0.00559516	     -0.00196893	      0.00767772	     -0.00421623	     -0.01234579	     -0.00592257	      0.00000000	      0.00000000	      0.00000000	     -0.00000000	      0.00000000	     -0.00000000	      0.00000000	      0.00348778	     -0.00453631	     -0.01297131	      0.05003015	      0.02149489	     -0.00418193	      0.04488567	      0.03388732	      0.01758479	     -0.00413664	      0.01043312	      0.00000000	     -0.00000000	     -0.01380046	     -0.00089886	     -0.00105493	     -0.00836434	      0.00210604	      0.00213721	     -0.00000000	      0.02388329	     -0.00000000	      0.00000000	     -0.00000000	      0.00000000	      0.00000000	      0.00000000	      0.00000000	      0.00000000	      0.00000000	      0.00000000	      0.00000000	      0.00000000	      0.00000000	      0.00000000	      0.00000000	      0.00000000	      0.00000000	      0.00000000	      0.00000000	      0.00000000	      0.00000000	      0.00000000	      0.00000000	      0.00000000	      0.00000000	      0.00000000	      0.00000000	      0.00000000	      0.00000000	      0.00000000	      0.00000000	      0.00000000	      0.00000000	      0.00000000	      0.00000000	      0.00000000	      0.00000000	      0.00000000	      0.00000000	      0.00000000	      0.00000000	      0.00000000	      0.00000000	      0.00000000	      0.00000000
      5.18500000	      0.00192288	      0.00559483	     -0.00197616	      0.00768067	     -0.00423490	     -0.01237128	     -0.00591949	      0.00000000	      0.00000000	      0.00000000	      0.00000000	      0.00000000	      0.00000000	      0.00000000	      0.00348116	     -0.00456976	     -0.01296176	      0.05004902	      0.02154746	     -0.00410390	      0.04492346	      0.03394461	      0.01766946	     -0.00411425	      0.01044878	      0.00000000	      0.00000000	     -0.01370369	     -0.00089701	     -0.00105337	     -0.00837597	      0.00210463	      0.00213770	      0.00000000	      0.02399915	      0.00000000	      0.00000000	      0.00000000	     -0.00000000	      0.00000000	      0.00000000	      0.00000000	      0.00000000	      0.00000000	      0.00000000	      0.00000000	      0.00000000	      0.00000000	      0.00000000	      0.00000000	      0.00000000	      0.00000000	      0.00000000	      0.00000000	      0.00000000	      0.00000000	      0.00000000	      0.00000000	      0.00000000	      0.00000000	      0.00000000	      0.00000000	      0.00000000	      0.00000000	      0.00000000	      0.00000000	      0.00000000	      0.00000000	      0.00000000	      0.00000000	      0.00000000	      0.00000000	      0.00000000	      0.00000000	      0.00000000	      0.00000000	      0.00000000	      0.00000000	      0.00000000	      0.00000000
      5.19000000	      0.00191497	      0.00559430	     -0.00198360	      0.00768374	     -0.00425416	     -0.01239779	     -0.00591633	      0.00000000	     -0.00000000	      0.00000000	     -0.00000000	     -0.00000000	      0.00000000	      0.00000000	      0.00347602	     -0.00460207	     -0.01295160	      0.05006851	      0.02160072	     -0.00402490	      0.04496213	      0.03400310	      0.01775522	     -0.00409161	      0.01046442	      0.00000000	     -0.00000000	     -0.01360613	     -0.00089543	     -0.00105172	     -0.00838784	      0.00210322	      0.00213820	      0.00000000	      0.02411735	     -0.00000000	      0.00000000	     -0.00000000	      0.00000000	      0.00000000	      0.00000000	      0.00000000	      0.00000000	      0.00000000	      0.00000000	      0.00000000	      0.00000000	      0.00000000	      0.00000000	      0.00000000	      0.00000000	      0.00000000	      0.00000000	      0.00000000	      0.00000000	      0.00000000	      0.00000000	      0.00000000	      0.00000000	      0.00000000	      0.00000000	      0.00000000	      0.00000000	      0.00000000	      0.00000000	      0.00000000	      0.00000000	      0.00000000	      0.00000000	      0.00000000	      0.00000000	      0.00000000	      0.00000000	      0.00000000	      0.00000000	      0.00000000	      0.00000000	      0.00000000	      0.00000000	      0.00000000
      5.19500000	      0.00190626	      0.00559356	     -0.00199124	      0.00768695	     -0.00427401	     -0.01242537	     -0.00591307	     -0.00000000	      0.00000000	      0.00000000	      0.00000000	      0.00000000	     -0.00000000	      0.00000000	      0.00347286	     -0.00463267	     -0.01294069	      0.05008868	      0.02165458	     -0.00394509	      0.04500169	      0.03406278	      0.01784190	     -0.00406874	      0.01047992	      0.00000000	      0.00000000	     -0.01350813	     -0.00089423	     -0.00104996	     -0.00839993	      0.00210187	      0.00213878	      0.00000000	      0.02423775	     -0.00000000	      0.00000000	     -0.00000000	     -0.00000000	      0.00000000	      0.00000000	      0.00000000	      0.00000000	      0.00000000	      0.00000000	      0.00000000	      0.00000000	      0.00000000	      0.00000000	      0.00000000	      0.00000000	      0.00000000	      0.00000000	      0.00000000	      0.00000000	      0.00000000	      0.00000000	      0.00000000	      0.00000000	      0.00000000	      0.00000000	      0.00000000	      0.00000000	      0.00000000	      0.00000000	      0.00000000	      0.00000000	      0.00000000	      0.00000000	      0.00000000	      0.00000000	      0.00000000	      0.00000000	      0.00000000	      0.00000000	      0.00000000	      0.00000000	      0.00000000	      0.00000000	      0.00000000
      5.20000000	      0.00189666	      0.00559258	     -0.00199911	      0.00769033	     -0.00429445	     -0.01245405	     -0.00590970	     -0.00000000	     -0.00000000	      0.00000000	     -0.00000000	     -0.00000000	      0.00000000	      0.00000000	      0.00347217	     -0.00466100	     -0.01292891	      0.05010959	      0.02170896	     -0.00386460	      0.04504215	      0.03412363	      0.01792933	     -0.00404568	      0.01049517	     -0.00000000	      0.00000000	     -0.01341001	     -0.00089349	     -0.00104807	     -0.00841225	      0.00210061	      0.00213950	      0.00000000	      0.02436019	      0.00000000	      0.00000000	      0.00000000	      0.00000000	     -0.00000000	      0.00000000	      0.00000000	      0.00000000	      0.00000000	      0.00000000	      0.00000000	      0.00000000	      0.00000000	      0.00000000	      0.00000000	      0.00000000	      0.00000000	      0.00000000	      0.00000000	      0.00000000	      0.00000000	      0.00000000	      0.00000000	      0.00000000	      0.00000000	      0.00000000	      0.00000000	      0.00000000	      0.00000000	      0.00000000	      0.00000000	      0.00000000	      0.00000000	      0.00000000	      0.00000000	      0.00000000	      0.00000000	      0.00000000	      0.00000000	      0.00000000	      0.00000000	      0.00000000	      0.00000000	      0.00000000	      0.00000000
      5.20500000	      0.00188612	      0.00559135	     -0.00200718	      0.00769383	     -0.00431546	     -0.01248383	     -0.00590621	     -0.00000000	      0.00000000	     -0.00000000	      0.00000000	      0.00000000	      0.00000000	      0.00000000	      0.00347442	     -0.00468653	     -0.01291614	      0.05013133	      0.02176382	     -0.00378351	      0.04508355	      0.03418564	      0.01801733	     -0.00402246	      0.01051008	      0.00000000	      0.00000000	     -0.01331207	     -0.00089333	     -0.00104605	     -0.00842478	      0.00209949	      0.00214042	      0.00000000	      0.02448445	      0.00000000	      0.00000000	     -0.00000000	      0.00000000	     -0.00000000	      0.00000000	      0.00000000	      0.00000000	      0.00000000	      0.00000000	      0.00000000	      0.00000000	      0.00000000	      0.00000000	      0.00000000	      0.00000000	      0.00000000	      0.00000000	      0.00000000	      0.00000000	      0.00000000	      0.00000000	      0.00000000	      0.00000000	      0.00000000	      0.00000000	      0.00000000	      0.00000000	      0.00000000	      0.00000000	      0.00000000	      0.00000000	      0.00000000	      0.00000000	      0.00000000	      0.00000000	      0.00000000	      0.00000000	      0.00000000	      0.00000000	      0.00000000	      0.00000000	      0.00000000	      0.00000000	      0.00000000
      5.21000000	      0.00187460	      0.00558986	     -0.00201545	      0.00769755	     -0.00433922	     -0.01251469	     -0.00590257	     -0.00000000	     -0.00000000	     -0.00000000	     -0.00000000	      0.00000000	     -0.00000000	     -0.00000000	      0.00348007	     -0.00470877	     -0.01290229	      0.05015403	      0.02181920	     -0.00370188	      0.04512594	      0.03424882	      0.01810581	     -0.00399913	      0.01052455	     -0.00000000	      0.00000000	     -0.01321453	     -0.00089383	     -0.00104387	     -0.00843750	      0.00209856	      0.00214159	     -0.00000000	      0.02461029	     -0.00000000	     -0.00000000	     -0.00000000	     -0.00000000	      0.00000000	      0.00000000	      0.00000000	      0.00000000	      0.00000000	      0.00000000	      0.00000000	      0.00000000	      0.00000000	      0.00000000	      0.00000000	      0.00000000	      0.00000000	      0.00000000	      0.00000000	      0.00000000	      0.00000000	      0.00000000	      0.00000000	      0.00000000	      0.00000000	      0.00000000	      0.00000000	      0.00000000	      0.00000000	      0.00000000	      0.00000000	      0.00000000	      0.00000000	      0.00000000	      0.00000000	      0.00000000	      0.00000000	      0.00000000	      0.00000000	      0.00000000	      0.00000000	      0.00000000	      0.00000000	      0.00000000	      0.00000000
      5.21500000	      0.00186206	      0.00558812	     -0.00202390	      0.00770138	     -0.00436431	     -0.01254659	     -0.00589877	      0.00000000	     -0.00000000	     -0.00000000	     -0.00000000	     -0.00000000	      0.00000000	     -0.00000000	      0.00348958	     -0.00472724	     -0.01288727	      0.05017786	      0.02187514	     -0.00361969	      0.04516940	      0.03431322	      0.01819466	     -0.00397574	      0.01053852	     -0.00000000	      0.00000000	     -0.01311758	     -0.00089504	     -0.00104155	     -0.00845041	      0.00209783	      0.00214306	     -0.00000000	      0.02473744	     -0.00000000	     -0.00000000	     -0.00000000	     -0.00000000	     -0.00000000	      0.00000000	      0.00000000	      0.00000000	      0.00000000	      0.00000000	      0.00000000	      0.00000000	      0.00000000	      0.00000000	      0.00000000	      0.00000000	      0.00000000	      0.00000000	      0.00000000	      0.00000000	      0.00000000	      0.00000000	      0.00000000	      0.00000000	      0.00000000	      0.00000000	      0.00000000	      0.00000000	      0.00000000	      0.00000000	      0.00000000	      0.00000000	      0.00000000	      0.00000000	      0.00000000	      0.00000000	      0.00000000	      0.00000000	      0.00000000	      0.00000000	      0.00000000	      0.00000000	      0.00000000	      0.00000000	      0.00000000
      5.22000000	      0.00184850	      0.00558612	     -0.00203249	      0.00770542	     -0.00438985	     -0.01257946	     -0.00589481	     -0.00000000	      0.00000000	      0.00000000	      0.00000000	      0.00000000	      0.00000000	      0.00000000	      0.00350335	     -0.00474153	     -0.01287103	      0.05020299	      0.02193178	     -0.00353688	      0.04521404	      0.03437890	      0.01828386	     -0.00395236	      0.01055190	      0.00000000	      0.00000000	     -0.01302133	     -0.00089704	     -0.00103908	     -0.00846347	      0.00209735	      0.00214485	      0.00000000	      0.02486559	      0.00000000	      0.00000000	     -0.00000000	     -0.00000000	     -0.00000000	      0.00000000	      0.00000000	      0.00000000	      0.00000000	      0.00000000	      0.00000000	      0.00000000	      0.00000000	      0.00000000	      0.00000000	      0.00000000	      0.00000000	      0.00000000	      0.00000000	      0.00000000	      0.00000000	      0.00000000	      0.00000000	      0.00000000	      0.00000000	      0.00000000	      0.00000000	      0.00000000	      0.00000000	      0.00000000	      0.00000000	      0.00000000	      0.00000000	      0.00000000	      0.00000000	      0.00000000	      0.00000000	      0.00000000	      0.00000000	      0.00000000	      0.00000000	      0.00000000	      0.00000000	      0.00000000	      0.00000000
      5.22500000	      0.00183393	      0.00558386	     -0.00204121	      0.00770991	     -0.00441574	     -0.01261319	     -0.00589067	      0.00000000	      0.00000000	      0.00000000	      0.00000000	     -0.00000000	      0.00000000	      0.00000000	      0.00352181	     -0.00475125	     -0.01285351	      0.05022965	      0.02198931	     -0.00345332	      0.04525999	      0.03444595	      0.01837341	     -0.00392905	      0.01056465	     -0.00000000	     -0.00000000	     -0.01292586	     -0.00089986	     -0.00103646	     -0.00847667	      0.00209711	      0.00214699	      0.00000000	      0.02499443	      0.00000000	      0.00000000	     -0.00000000	      0.00000000	      0.00000000	      0.00000000	      0.00000000	      0.00000000	      0.00000000	      0.00000000	      0.00000000	      0.00000000	      0.00000000	      0.00000000	      0.00000000	      0.00000000	      0.00000000	      0.00000000	      0.00000000	      0.00000000	      0.00000000	      0.00000000	      0.00000000	      0.00000000	      0.00000000	      0.00000000	      0.00000000	      0.00000000	      0.00000000	      0.00000000	      0.00000000	      0.00000000	      0.00000000	      0.00000000	      0.00000000	      0.00000000	      0.00000000	      0.00000000	      0.00000000	      0.00000000	      0.00000000	      0.00000000	      0.00000000	      0.00000000	      0.00000000
      5.23000000	      0.00181838	      0.00558137	     -0.00205001	      0.00771383	     -0.00444187	     -0.01264768	     -0.00588636	      0.00000000	      0.00000000	      0.00000000	      0.00000000	      0.00000000	      0.00000000	      0.00000000	      0.00354533	     -0.00475606	     -0.01283469	      0.05025811	      0.02204796	     -0.00336883	      0.04530741	      0.03451450	      0.01846335	     -0.00390587	      0.01057673	      0.00000000	     -0.00000000	     -0.01283114	     -0.00090353	     -0.00103372	     -0.00848997	      0.00209715	      0.00214949	      0.00000000	      0.02512363	      0.00000000	      0.00000000	      0.00000000	      0.00000000	      0.00000000	      0.00000000	      0.00000000	      0.00000000	      0.00000000	      0.00000000	      0.00000000	      0.00000000	      0.00000000	      0.00000000	      0.00000000	      0.00000000	      0.00000000	      0.00000000	      0.00000000	      0.00000000	      0.00000000	      0.00000000	      0.00000000	      0.00000000	      0.00000000	      0.00000000	      0.00000000	      0.00000000	      0.00000000	      0.00000000	      0.00000000	      0.00000000	      0.00000000	      0.00000000	      0.00000000	      0.00000000	      0.00000000	      0.00000000	      0.00000000	      0.00000000	      0.00000000	      0.00000000	      0.00000000	      0.00000000	      0.00000000
      5.23500000	      0.00180191	      0.00557865	     -0.00205885	      0.00771852	     -0.00446814	     -0.01268280	     -0.00588187	     -0.00000000	     -0.00000000	      0.00000000	     -0.00000000	     -0.00000000	     -0.00000000	     -0.00000000	      0.00357425	     -0.00475568	     -0.01281456	      0.05028862	      0.02210801	     -0.00328318	      0.04535648	      0.03458469	      0.01855378	     -0.00388292	      0.01058809	     -0.00000000	      0.00000000	     -0.01273713	     -0.00090806	     -0.00103086	     -0.00850336	      0.00209746	      0.00215234	      0.00000000	      0.02525286	     -0.00000000	     -0.00000000	     -0.00000000	      0.00000000	     -0.00000000	      0.00000000	      0.00000000	      0.00000000	      0.00000000	      0.00000000	      0.00000000	      0.00000000	      0.00000000	      0.00000000	      0.00000000	      0.00000000	      0.00000000	      0.00000000	      0.00000000	      0.00000000	      0.00000000	      0.00000000	      0.00000000	      0.00000000	      0.00000000	      0.00000000	      0.00000000	      0.00000000	      0.00000000	      0.00000000	      0.00000000	      0.00000000	      0.00000000	      0.00000000	      0.00000000	      0.00000000	      0.00000000	      0.00000000	      0.00000000	      0.00000000	      0.00000000	      0.00000000	      0.00000000	      0.00000000	      0.00000000
      5.24000000	      0.00178457	      0.00557571	     -0.00206768	      0.00772293	     -0.00449441	     -0.01271839	     -0.00587720	      0.00000000	      0.00000000	      0.00000000	      0.00000000	      0.00000000	      0.00000000	      0.00000000	      0.00360890	     -0.00474983	     -0.01279311	      0.05032149	      0.02216978	     -0.00319611	      0.04540739	      0.03465667	      0.01864482	     -0.00386024	      0.01059873	     -0.00000000	      0.00000000	     -0.01264371	     -0.00091347	     -0.00102791	     -0.00851679	      0.00209804	      0.00215554	      0.00000000	      0.02538178	     -0.00000000	      0.00000000	      0.00000000	      0.00000000	      0.00000000	      0.00000000	      0.00000000	      0.00000000	      0.00000000	      0.00000000	      0.00000000	      0.00000000	      0.00000000	      0.00000000	      0.00000000	      0.00000000	      0.00000000	      0.00000000	      0.00000000	      0.00000000	      0.00000000	      0.00000000	      0.00000000	      0.00000000	      0.00000000	      0.00000000	      0.00000000	      0.00000000	      0.00000000	      0.00000000	      0.00000000	      0.00000000	      0.00000000	      0.00000000	      0.00000000	      0.00000000	      0.00000000	      0.00000000	      0.00000000	      0.00000000	      0.00000000	      0.00000000	      0.00000000	      0.00000000	      0.00000000
      5.24500000	      0.00176643	      0.00557258	     -0.00207646	      0.00772735	     -0.00452058	     -0.01275429	     -0.00587234	      0.00000000	      0.00000000	     -0.00000000	     -0.00000000	     -0.00000000	     -0.00000000	     -0.00000000	      0.00364954	     -0.00473833	     -0.01277038	      0.05035699	      0.02223358	     -0.00310734	      0.04546034	      0.03473062	      0.01873659	     -0.00383793	      0.01060863	     -0.00000000	      0.00000000	     -0.01255076	     -0.00091975	     -0.00102488	     -0.00853025	      0.00209890	      0.00215908	     -0.00000000	      0.02551003	     -0.00000000	      0.00000000	     -0.00000000	     -0.00000000	     -0.00000000	      0.00000000	      0.00000000	      0.00000000	      0.00000000	      0.00000000	      0.00000000	      0.00000000	      0.00000000	      0.00000000	      0.00000000	      0.00000000	      0.00000000	      0.00000000	      0.00000000	      0.00000000	      0.00000000	      0.00000000	      0.00000000	      0.00000000	      0.00000000	      0.00000000	      0.00000000	      0.00000000	      0.00000000	      0.00000000	      0.00000000	      0.00000000	      0.00000000	      0.00000000	      0.00000000	      0.00000000	      0.00000000	      0.00000000	      0.00000000	      0.00000000	      0.00000000	      0.00000000	      0.00000000	      0.00000000	      0.00000000
      5.25000000	      0.00174758	      0.00556928	     -0.00208513	      0.00773169	     -0.00454649	     -0.01279033	     -0.00586730	      0.00000000	     -0.00000000	      0.00000000	     -0.00000000	      0.00000000	     -0.00000000	     -0.00000000	      0.00369641	     -0.00472101	     -0.01274638	      0.05039541	      0.02229976	     -0.00301657	      0.04551550	      0.03480669	      0.01882925	     -0.00381604	      0.01061778	     -0.00000000	     -0.00000000	     -0.01245812	     -0.00092687	     -0.00102181	     -0.00854369	      0.00210001	      0.00216294	     -0.00000000	      0.02563728	     -0.00000000	     -0.00000000	      0.00000000	      0.00000000	     -0.00000000	      0.00000000	      0.00000000	      0.00000000	      0.00000000	      0.00000000	      0.00000000	      0.00000000	      0.00000000	      0.00000000	      0.00000000	      0.00000000	      0.00000000	      0.00000000	      0.00000000	      0.00000000	      0.00000000	      0.00000000	      0.00000000	      0.00000000	      0.00000000	      0.00000000	      0.00000000	      0.00000000	      0.00000000	      0.00000000	      0.00000000	      0.00000000	      0.00000000	      0.00000000	      0.00000000	      0.00000000	      0.00000000	      0.00000000	      0.00000000	      0.00000000	      0.00000000	      0.00000000	      0.00000000	      0.00000000	      0.00000000
      5.25500000	      0.00172812	      0.00556583	     -0.00209366	      0.00773600	     -0.00457204	     -0.01282634	     -0.00586209	      0.00000000	     -0.00000000	      0.00000000	     -0.00000000	     -0.00000000	      0.00000000	     -0.00000000	      0.00374966	     -0.00469775	     -0.01272116	      0.05043700	      0.02236862	     -0.00292355	      0.04557305	      0.03488503	      0.01892293	     -0.00379466	      0.01062619	     -0.00000000	     -0.00000000	     -0.01236562	     -0.00093482	     -0.00101870	     -0.00855709	      0.00210137	      0.00216711	     -0.00000000	      0.02576318	     -0.00000000	     -0.00000000	     -0.00000000	     -0.00000000	     -0.00000000	      0.00000000	      0.00000000	      0.00000000	      0.00000000	      0.00000000	      0.00000000	      0.00000000	      0.00000000	      0.00000000	      0.00000000	      0.00000000	      0.00000000	      0.00000000	      0.00000000	      0.00000000	      0.00000000	      0.00000000	      0.00000000	      0.00000000	      0.00000000	      0.00000000	      0.00000000	      0.00000000	      0.00000000	      0.00000000	      0.00000000	      0.00000000	      0.00000000	      0.00000000	      0.00000000	      0.00000000	      0.00000000	      0.00000000	      0.00000000	      0.00000000	      0.00000000	      0.00000000	      0.00000000	      0.00000000	      0.00000000
      5.26000000	      0.00170813	      0.00556225	     -0.00210352	      0.00774020	     -0.00459709	     -0.01286215	     -0.00585670	     -0.00000000	      0.00000000	      0.00000000	      0.00000000	     -0.00000000	     -0.00000000	      0.00000000	      0.00380940	     -0.00466850	     -0.01269478	      0.05048198	      0.02244045	     -0.00282800	      0.04563312	      0.03496574	      0.01901776	     -0.00377383	      0.01063387	      0.00000000	     -0.00000000	     -0.01227312	     -0.00094356	     -0.00101560	     -0.00857041	      0.00210298	      0.00217155	      0.00000000	      0.02588742	     -0.00000000	     -0.00000000	     -0.00000000	     -0.00000000	     -0.00000000	      0.00000000	      0.00000000	      0.00000000	      0.00000000	      0.00000000	      0.00000000	      0.00000000	      0.00000000	      0.00000000	      0.00000000	      0.00000000	      0.00000000	      0.00000000	      0.00000000	      0.00000000	      0.00000000	      0.00000000	      0.00000000	      0.00000000	      0.00000000	      0.00000000	      0.00000000	      0.00000000	      0.00000000	      0.00000000	      0.00000000	      0.00000000	      0.00000000	      0.00000000	      0.00000000	      0.00000000	      0.00000000	      0.00000000	      0.00000000	      0.00000000	      0.00000000	      0.00000000	      0.00000000	      0.00000000	      0.00000000
      5.26500000	      0.00168774	      0.00555856	     -0.00211162	      0.00774420	     -0.00462151	     -0.01289757	     -0.00585114	     -0.00000000	      0.00000000	      0.00000000	     -0.00000000	     -0.00000000	     -0.00000000	     -0.00000000	      0.00387568	     -0.00463326	     -0.01266730	      0.05053053	      0.02251549	     -0.00272974	      0.04569583	      0.03504892	      0.01911384	     -0.00375362	      0.01064081	      0.00000000	      0.00000000	     -0.01218048	     -0.00095305	     -0.00101252	     -0.00858361	      0.00210481	      0.00217625	     -0.00000000	      0.02600966	     -0.00000000	      0.00000000	      0.00000000	     -0.00000000	     -0.00000000	      0.00000000	      0.00000000	      0.00000000	      0.00000000	      0.00000000	      0.00000000	      0.00000000	      0.00000000	      0.00000000	      0.00000000	      0.00000000	      0.00000000	      0.00000000	      0.00000000	      0.00000000	      0.00000000	      0.00000000	      0.00000000	      0.00000000	      0.00000000	      0.00000000	      0.00000000	      0.00000000	      0.00000000	      0.00000000	      0.00000000	      0.00000000	      0.00000000	      0.00000000	      0.00000000	      0.00000000	      0.00000000	      0.00000000	      0.00000000	      0.00000000	      0.00000000	      0.00000000	      0.00000000	      0.00000000	      0.00000000
      5.27000000	      0.00166703	      0.00555480	     -0.00211944	      0.00774806	     -0.00464520	     -0.01293243	     -0.00584543	      0.00000000	      0.00000000	      0.00000000	      0.00000000	      0.00000000	      0.00000000	      0.00000000	      0.00394845	     -0.00459208	     -0.01263880	      0.05058277	      0.02259393	     -0.00262860	      0.04576124	      0.03513460	      0.01921122	     -0.00373407	      0.01064705	      0.00000000	     -0.00000000	     -0.01208758	     -0.00096325	     -0.00100910	     -0.00859667	      0.00210685	      0.00218118	      0.00000000	      0.02612960	      0.00000000	     -0.00000000	      0.00000000	      0.00000000	      0.00000000	      0.00000000	      0.00000000	      0.00000000	      0.00000000	      0.00000000	      0.00000000	      0.00000000	      0.00000000	      0.00000000	      0.00000000	      0.00000000	      0.00000000	      0.00000000	      0.00000000	      0.00000000	      0.00000000	      0.00000000	      0.00000000	      0.00000000	      0.00000000	      0.00000000	      0.00000000	      0.00000000	      0.00000000	      0.00000000	      0.00000000	      0.00000000	      0.00000000	      0.00000000	      0.00000000	      0.00000000	      0.00000000	      0.00000000	      0.00000000	      0.00000000	      0.00000000	      0.00000000	      0.00000000	      0.00000000	      0.00000000
      5.27500000	      0.00164613	      0.00555099	     -0.00212693	      0.00775169	     -0.00466805	     -0.01296658	     -0.00583956	      0.00000000	      0.00000000	      0.00000000	      0.00000000	      0.00000000	      0.00000000	      0.00000000	      0.00402762	     -0.00454505	     -0.01260937	      0.05063877	      0.02267587	     -0.00252450	      0.04582935	      0.03522278	      0.01930993	     -0.00371523	      0.01065259	      0.00000000	      0.00000000	     -0.01199437	     -0.00097410	     -0.00100613	     -0.00860955	      0.00210909	      0.00218633	      0.00000000	      0.02624695	      0.00000000	      0.00000000	      0.00000000	      0.00000000	     -0.00000000	      0.00000000	      0.00000000	      0.00000000	      0.00000000	      0.00000000	      0.00000000	      0.00000000	      0.00000000	      0.00000000	      0.00000000	      0.00000000	      0.00000000	      0.00000000	      0.00000000	      0.00000000	      0.00000000	      0.00000000	      0.00000000	      0.00000000	      0.00000000	      0.00000000	      0.00000000	      0.00000000	      0.00000000	      0.00000000	      0.00000000	      0.00000000	      0.00000000	      0.00000000	      0.00000000	      0.00000000	      0.00000000	      0.00000000	      0.00000000	      0.00000000	      0.00000000	      0.00000000	      0.00000000	      0.00000000	      0.00000000
      5.28000000	      0.00162513	      0.00554714	     -0.00213406	      0.00775504	     -0.00468996	     -0.01299985	     -0.00583356	      0.00000000	     -0.00000000	      0.00000000	     -0.00000000	     -0.00000000	      0.00000000	      0.00000000	      0.00411298	     -0.00449236	     -0.01257911	      0.05069852	      0.02276137	     -0.00241742	      0.04590012	      0.03531340	      0.01940994	     -0.00369712	      0.01065746	      0.00000000	     -0.00000000	     -0.01190081	     -0.00098556	     -0.00100324	     -0.00862222	      0.00211151	      0.00219166	     -0.00000000	      0.02636143	      0.00000000	     -0.00000000	      0.00000000	      0.00000000	      0.00000000	      0.00000000	      0.00000000	      0.00000000	      0.00000000	      0.00000000	      0.00000000	      0.00000000	      0.00000000	      0.00000000	      0.00000000	      0.00000000	      0.00000000	      0.00000000	      0.00000000	      0.00000000	      0.00000000	      0.00000000	      0.00000000	      0.00000000	      0.00000000	      0.00000000	      0.00000000	      0.00000000	      0.00000000	      0.00000000	      0.00000000	      0.00000000	      0.00000000	      0.00000000	      0.00000000	      0.00000000	      0.00000000	      0.00000000	      0.00000000	      0.00000000	      0.00000000	      0.00000000	      0.00000000	      0.00000000	      0.00000000
      5.28500000	      0.00160414	      0.00554329	     -0.00214079	      0.00775815	     -0.00471086	     -0.01303210	     -0.00582742	     -0.00000000	      0.00000000	      0.00000000	      0.00000000	      0.00000000	     -0.00000000	     -0.00000000	      0.00420427	     -0.00443423	     -0.01254811	      0.05076196	      0.02285039	     -0.00230743	      0.04597347	      0.03540633	      0.01951117	     -0.00367978	      0.01066166	      0.00000000	      0.00000000	     -0.01180692	     -0.00099755	     -0.00100045	     -0.00863465	      0.00211410	      0.00219717	     -0.00000000	      0.02647277	      0.00000000	      0.00000000	     -0.00000000	     -0.00000000	     -0.00000000	      0.00000000	      0.00000000	      0.00000000	      0.00000000	      0.00000000	      0.00000000	      0.00000000	      0.00000000	      0.00000000	      0.00000000	      0.00000000	      0.00000000	      0.00000000	      0.00000000	      0.00000000	      0.00000000	      0.00000000	      0.00000000	      0.00000000	      0.00000000	      0.00000000	      0.00000000	      0.00000000	      0.00000000	      0.00000000	      0.00000000	      0.00000000	      0.00000000	      0.00000000	      0.00000000	      0.00000000	      0.00000000	      0.00000000	      0.00000000	      0.00000000	      0.00000000	      0.00000000	      0.00000000	      0.00000000	      0.00000000
      5.29000000	      0.00158327	      0.00553945	     -0.00214712	      0.00776098	     -0.00473068	     -0.01306321	     -0.00582118	      0.00000000	      0.00000000	     -0.00000000	      0.00000000	     -0.00000000	      0.00000000	     -0.00000000	      0.00430113	     -0.00437093	     -0.01251649	      0.05082892	      0.02294278	     -0.00219468	      0.04604923	      0.03550141	      0.01961348	     -0.00366320	      0.01066523	      0.00000000	     -0.00000000	     -0.01171278	     -0.00101002	     -0.00099815	     -0.00864680	      0.00211686	      0.00220283	     -0.00000000	      0.02658077	     -0.00000000	     -0.00000000	     -0.00000000	     -0.00000000	     -0.00000000	      0.00000000	      0.00000000	      0.00000000	      0.00000000	      0.00000000	      0.00000000	      0.00000000	      0.00000000	      0.00000000	      0.00000000	      0.00000000	      0.00000000	      0.00000000	      0.00000000	      0.00000000	      0.00000000	      0.00000000	      0.00000000	      0.00000000	      0.00000000	      0.00000000	      0.00000000	      0.00000000	      0.00000000	      0.00000000	      0.00000000	      0.00000000	      0.00000000	      0.00000000	      0.00000000	      0.00000000	      0.00000000	      0.00000000	      0.00000000	      0.00000000	      0.00000000	      0.00000000	      0.00000000	      0.00000000	      0.00000000
      5.29500000	      0.00156260	      0.00553563	     -0.00215302	      0.00776351	     -0.00474936	     -0.01309307	     -0.00581483	     -0.00000000	     -0.00000000	      0.00000000	     -0.00000000	      0.00000000	     -0.00000000	     -0.00000000	      0.00440315	     -0.00430282	     -0.01248437	      0.05089920	      0.02303836	     -0.00207938	      0.04612719	      0.03559839	      0.01971669	     -0.00364739	      0.01066819	      0.00000000	     -0.00000000	     -0.01161852	     -0.00102291	     -0.00099559	     -0.00865865	      0.00211976	      0.00220864	     -0.00000000	      0.02668521	      0.00000000	      0.00000000	      0.00000000	     -0.00000000	      0.00000000	      0.00000000	      0.00000000	      0.00000000	      0.00000000	      0.00000000	      0.00000000	      0.00000000	      0.00000000	      0.00000000	      0.00000000	      0.00000000	      0.00000000	      0.00000000	      0.00000000	      0.00000000	      0.00000000	      0.00000000	      0.00000000	      0.00000000	      0.00000000	      0.00000000	      0.00000000	      0.00000000	      0.00000000	      0.00000000	      0.00000000	      0.00000000	      0.00000000	      0.00000000	      0.00000000	      0.00000000	      0.00000000	      0.00000000	      0.00000000	      0.00000000	      0.00000000	      0.00000000	      0.00000000	      0.00000000	      0.00000000
      5.30000000	      0.00154222	      0.00553187	     -0.00215849	      0.00776558	     -0.00476688	     -0.01312160	     -0.00580840	     -0.00000000	     -0.00000000	      0.00000000	      0.00000000	     -0.00000000	      0.00000000	      0.00000000	      0.00450983	     -0.00423027	     -0.01245185	      0.05097250	      0.02313680	     -0.00196186	      0.04620708	      0.03569699	      0.01982056	     -0.00363234	      0.01067056	     -0.00000000	      0.00000000	     -0.01152431	     -0.00103615	     -0.00099316	     -0.00867018	      0.00212281	      0.00221458	      0.00000000	      0.02678594	     -0.00000000	      0.00000000	      0.00000000	      0.00000000	      0.00000000	      0.00000000	      0.00000000	      0.00000000	      0.00000000	      0.00000000	      0.00000000	      0.00000000	      0.00000000	      0.00000000	      0.00000000	      0.00000000	      0.00000000	      0.00000000	      0.00000000	      0.00000000	      0.00000000	      0.00000000	      0.00000000	      0.00000000	      0.00000000	      0.00000000	      0.00000000	      0.00000000	      0.00000000	      0.00000000	      0.00000000	      0.00000000	      0.00000000	      0.00000000	      0.00000000	      0.00000000	      0.00000000	      0.00000000	      0.00000000	      0.00000000	      0.00000000	      0.00000000	      0.00000000	      0.00000000	      0.00000000
      5.30500000	      0.00152221	      0.00552817	     -0.00216353	      0.00776748	     -0.00478322	     -0.01314873	     -0.00580191	      0.00000000	      0.00000000	      0.00000000	      0.00000000	      0.00000000	      0.00000000	      0.00000000	      0.00462063	     -0.00415370	     -0.01241906	      0.05104847	      0.02323776	     -0.00184250	      0.04628858	      0.03579686	      0.01992479	     -0.00361803	      0.01067235	      0.00000000	      0.00000000	     -0.01143038	     -0.00104967	     -0.00099085	     -0.00868136	      0.00212599	      0.00222065	      0.00000000	      0.02688283	      0.00000000	      0.00000000	      0.00000000	      0.00000000	      0.00000000	      0.00000000	      0.00000000	      0.00000000	      0.00000000	      0.00000000	      0.00000000	      0.00000000	      0.00000000	      0.00000000	      0.00000000	      0.00000000	      0.00000000	      0.00000000	      0.00000000	      0.00000000	      0.00000000	      0.00000000	      0.00000000	      0.00000000	      0.00000000	      0.00000000	      0.00000000	      0.00000000	      0.00000000	      0.00000000	      0.00000000	      0.00000000	      0.00000000	      0.00000000	      0.00000000	      0.00000000	      0.00000000	      0.00000000	      0.00000000	      0.00000000	      0.00000000	      0.00000000	      0.00000000	      0.00000000	      0.00000000
      5.31000000	      0.00150262	      0.00552454	     -0.00216814	      0.00776912	     -0.00479839	     -0.01317442	     -0.00579536	      0.00000000	     -0.00000000	     -0.00000000	     -0.00000000	      0.00000000	     -0.00000000	     -0.00000000	      0.00473494	     -0.00407359	     -0.01238610	      0.05112669	      0.02334077	     -0.00172175	      0.04637134	      0.03589763	      0.02002905	     -0.00360443	      0.01067360	     -0.00000000	      0.00000000	     -0.01133700	     -0.00106342	     -0.00098868	     -0.00869217	      0.00212929	      0.00222685	     -0.00000000	      0.02697578	     -0.00000000	      0.00000000	     -0.00000000	     -0.00000000	     -0.00000000	      0.00000000	      0.00000000	      0.00000000	      0.00000000	      0.00000000	      0.00000000	      0.00000000	      0.00000000	      0.00000000	      0.00000000	      0.00000000	      0.00000000	      0.00000000	      0.00000000	      0.00000000	      0.00000000	      0.00000000	      0.00000000	      0.00000000	      0.00000000	      0.00000000	      0.00000000	      0.00000000	      0.00000000	      0.00000000	      0.00000000	      0.00000000	      0.00000000	      0.00000000	      0.00000000	      0.00000000	      0.00000000	      0.00000000	      0.00000000	      0.00000000	      0.00000000	      0.00000000	      0.00000000	      0.00000000	      0.00000000
      5.31500000	      0.00148352	      0.00552099	     -0.00217235	      0.00777049	     -0.00481241	     -0.01319866	     -0.00578877	      0.00000000	      0.00000000	      0.00000000	     -0.00000000	     -0.00000000	     -0.00000000	      0.00000000	      0.00485214	     -0.00399042	     -0.01235311	      0.05120673	      0.02344534	     -0.00160010	      0.04645497	      0.03599889	      0.02013299	     -0.00359149	      0.01067431	     -0.00000000	     -0.00000000	     -0.01124445	     -0.00107734	     -0.00098662	     -0.00870261	      0.00213273	      0.00223317	      0.00000000	      0.02706474	      0.00000000	      0.00000000	     -0.00000000	     -0.00000000	     -0.00000000	      0.00000000	      0.00000000	      0.00000000	      0.00000000	      0.00000000	      0.00000000	      0.00000000	      0.00000000	      0.00000000	      0.00000000	      0.00000000	      0.00000000	      0.00000000	      0.00000000	      0.00000000	      0.00000000	      0.00000000	      0.00000000	      0.00000000	      0.00000000	      0.00000000	      0.00000000	      0.00000000	      0.00000000	      0.00000000	      0.00000000	      0.00000000	      0.00000000	      0.00000000	      0.00000000	      0.00000000	      0.00000000	      0.00000000	      0.00000000	      0.00000000	      0.00000000	      0.00000000	      0.00000000	      0.00000000	      0.00000000
      5.32000000	      0.00146495	      0.00551753	     -0.00217618	      0.00777161	     -0.00482530	     -0.01322144	     -0.00578217	     -0.00000000	     -0.00000000	     -0.00000000	     -0.00000000	     -0.00000000	      0.00000000	      0.00000000	      0.00497156	     -0.00390471	     -0.01232018	      0.05128809	      0.02355094	     -0.00147810	      0.04653904	      0.03610019	      0.02023623	     -0.00357918	      0.01067453	     -0.00000000	     -0.00000000	     -0.01115306	     -0.00109138	     -0.00098468	     -0.00871266	      0.00213628	      0.00223962	      0.00000000	      0.02714970	      0.00000000	     -0.00000000	      0.00000000	      0.00000000	      0.00000000	      0.00000000	      0.00000000	      0.00000000	      0.00000000	      0.00000000	      0.00000000	      0.00000000	      0.00000000	      0.00000000	      0.00000000	      0.00000000	      0.00000000	      0.00000000	      0.00000000	      0.00000000	      0.00000000	      0.00000000	      0.00000000	      0.00000000	      0.00000000	      0.00000000	      0.00000000	      0.00000000	      0.00000000	      0.00000000	      0.00000000	      0.00000000	      0.00000000	      0.00000000	      0.00000000	      0.00000000	      0.00000000	      0.00000000	      0.00000000	      0.00000000	      0.00000000	      0.00000000	      0.00000000	      0.00000000	      0.00000000
      5.32500000	      0.00144693	      0.00551417	     -0.00217963	      0.00777250	     -0.00483713	     -0.01324281	     -0.00577557	     -0.00000000	     -0.00000000	     -0.00000000	     -0.00000000	     -0.00000000	     -0.00000000	     -0.00000000	      0.00509253	     -0.00381697	     -0.01228742	      0.05137028	      0.02365700	     -0.00135630	      0.04662313	      0.03620110	      0.02033837	     -0.00356744	      0.01067427	      0.00000000	     -0.00000000	     -0.01106315	     -0.00110546	     -0.00098284	     -0.00872232	      0.00213995	      0.00224619	     -0.00000000	      0.02723068	      0.00000000	      0.00000000	     -0.00000000	      0.00000000	      0.00000000	      0.00000000	      0.00000000	      0.00000000	      0.00000000	      0.00000000	      0.00000000	      0.00000000	      0.00000000	      0.00000000	      0.00000000	      0.00000000	      0.00000000	      0.00000000	      0.00000000	      0.00000000	      0.00000000	      0.00000000	      0.00000000	      0.00000000	      0.00000000	      0.00000000	      0.00000000	      0.00000000	      0.00000000	      0.00000000	      0.00000000	      0.00000000	      0.00000000	      0.00000000	      0.00000000	      0.00000000	      0.00000000	      0.00000000	      0.00000000	      0.00000000	      0.00000000	      0.00000000	      0.00000000	      0.00000000	      0.00000000
      5.33000000	      0.00142949	      0.00551091	     -0.00218276	      0.00777319	     -0.00484794	     -0.01326279	     -0.00576900	     -0.00000000	     -0.00000000	     -0.00000000	     -0.00000000	     -0.00000000	     -0.00000000	     -0.00000000	      0.00521437	     -0.00372776	     -0.01225494	      0.05145277	      0.02376295	     -0.00123527	      0.04670683	      0.03630117	      0.02043904	     -0.00355623	      0.01067356	     -0.00000000	     -0.00000000	     -0.01097505	     -0.00111955	     -0.00098110	     -0.00873159	      0.00214372	      0.00225288	     -0.00000000	      0.02730772	     -0.00000000	     -0.00000000	     -0.00000000	     -0.00000000	     -0.00000000	      0.00000000	      0.00000000	      0.00000000	      0.00000000	      0.00000000	      0.00000000	      0.00000000	      0.00000000	      0.00000000	      0.00000000	      0.00000000	      0.00000000	      0.00000000	      0.00000000	      0.00000000	      0.00000000	      0.00000000	      0.00000000	      0.00000000	      0.00000000	      0.00000000	      0.00000000	      0.00000000	      0.00000000	      0.00000000	      0.00000000	      0.00000000	      0.00000000	      0.00000000	      0.00000000	      0.00000000	      0.00000000	      0.00000000	      0.00000000	      0.00000000	      0.00000000	      0.00000000	      0.00000000	      0.00000000	      0.00000000
      5.33500000	      0.00141265	      0.00550774	     -0.00218557	      0.00777371	     -0.00485782	     -0.01328144	     -0.00576246	      0.00000000	      0.00000000	     -0.00000000	      0.00000000	      0.00000000	      0.00000000	      0.00000000	      0.00533639	     -0.00363762	     -0.01222284	      0.05153505	      0.02386820	     -0.00111558	      0.04678969	      0.03639996	      0.02053784	     -0.00354549	      0.01067244	     -0.00000000	     -0.00000000	     -0.01088905	     -0.00113358	     -0.00097945	     -0.00874045	      0.00214760	      0.00225969	     -0.00000000	      0.02738092	     -0.00000000	     -0.00000000	      0.00000000	     -0.00000000	      0.00000000	      0.00000000	      0.00000000	      0.00000000	      0.00000000	      0.00000000	      0.00000000	      0.00000000	      0.00000000	      0.00000000	      0.00000000	      0.00000000	      0.00000000	      0.00000000	      0.00000000	      0.00000000	      0.00000000	      0.00000000	      0.00000000	      0.00000000	      0.00000000	      0.00000000	      0.00000000	      0.00000000	      0.00000000	      0.00000000	      0.00000000	      0.00000000	      0.00000000	      0.00000000	      0.00000000	      0.00000000	      0.00000000	      0.00000000	      0.00000000	      0.00000000	      0.00000000	      0.00000000	      0.00000000	      0.00000000	      0.00000000
      5.34000000	      0.00139641	      0.00550468	     -0.00218812	      0.00777408	     -0.00486683	     -0.01329884	     -0.00575598	      0.00000000	      0.00000000	      0.00000000	     -0.00000000	      0.00000000	      0.00000000	     -0.00000000	      0.00545791	     -0.00354709	     -0.01219121	      0.05161662	      0.02397217	     -0.00099779	      0.04687130	      0.03649704	      0.02063442	     -0.00353518	      0.01067093	     -0.00000000	      0.00000000	     -0.01080547	     -0.00114750	     -0.00097786	     -0.00874893	      0.00215156	      0.00226660	     -0.00000000	      0.02745037	      0.00000000	     -0.00000000	      0.00000000	     -0.00000000	      0.00000000	      0.00000000	      0.00000000	      0.00000000	      0.00000000	      0.00000000	      0.00000000	      0.00000000	      0.00000000	      0.00000000	      0.00000000	      0.00000000	      0.00000000	      0.00000000	      0.00000000	      0.00000000	      0.00000000	      0.00000000	      0.00000000	      0.00000000	      0.00000000	      0.00000000	      0.00000000	      0.00000000	      0.00000000	      0.00000000	      0.00000000	      0.00000000	      0.00000000	      0.00000000	      0.00000000	      0.00000000	      0.00000000	      0.00000000	      0.00000000	      0.00000000	      0.00000000	      0.00000000	      0.00000000	      0.00000000	      0.00000000
      5.34500000	      0.00138077	      0.00550171	     -0.00219043	      0.00777429	     -0.00487506	     -0.01331506	     -0.00574957	      0.00000000	      0.00000000	      0.00000000	      0.00000000	      0.00000000	      0.00000000	      0.00000000	      0.00557827	     -0.00345674	     -0.01216017	      0.05169698	      0.02407432	     -0.00088244	      0.04695126	      0.03659197	      0.02072841	     -0.00352524	      0.01066908	      0.00000000	      0.00000000	     -0.01072459	     -0.00116128	     -0.00097634	     -0.00875702	      0.00215561	      0.00227361	      0.00000000	      0.02751621	     -0.00000000	     -0.00000000	      0.00000000	      0.00000000	     -0.00000000	      0.00000000	      0.00000000	      0.00000000	      0.00000000	      0.00000000	      0.00000000	      0.00000000	      0.00000000	      0.00000000	      0.00000000	      0.00000000	      0.00000000	      0.00000000	      0.00000000	      0.00000000	      0.00000000	      0.00000000	      0.00000000	      0.00000000	      0.00000000	      0.00000000	      0.00000000	      0.00000000	      0.00000000	      0.00000000	      0.00000000	      0.00000000	      0.00000000	      0.00000000	      0.00000000	      0.00000000	      0.00000000	      0.00000000	      0.00000000	      0.00000000	      0.00000000	      0.00000000	      0.00000000	      0.00000000	      0.00000000
      5.35000000	      0.00136574	      0.00549885	     -0.00219253	      0.00777446	     -0.00488258	     -0.01333019	     -0.00574326	      0.00000000	      0.00000000	      0.00000000	      0.00000000	      0.00000000	      0.00000000	      0.00000000	      0.00569680	     -0.00336710	     -0.01212979	      0.05177565	      0.02417408	     -0.00077007	      0.04702918	      0.03668437	      0.02081947	     -0.00351563	      0.01066691	      0.00000000	      0.00000000	     -0.01064667	     -0.00117484	     -0.00097487	     -0.00876474	      0.00215972	      0.00228069	      0.00000000	      0.02757858	     -0.00000000	      0.00000000	     -0.00000000	     -0.00000000	      0.00000000	      0.00000000	      0.00000000	      0.00000000	      0.00000000	      0.00000000	      0.00000000	      0.00000000	      0.00000000	      0.00000000	      0.00000000	      0.00000000	      0.00000000	      0.00000000	      0.00000000	      0.00000000	      0.00000000	      0.00000000	      0.00000000	      0.00000000	      0.00000000	      0.00000000	      0.00000000	      0.00000000	      0.00000000	      0.00000000	      0.00000000	      0.00000000	      0.00000000	      0.00000000	      0.00000000	      0.00000000	      0.00000000	      0.00000000	      0.00000000	      0.00000000	      0.00000000	      0.00000000	      0.00000000	      0.00000000	      0.00000000
      5.35500000	      0.00135131	      0.00549608	     -0.00219447	      0.00777457	     -0.00488949	     -0.01334433	     -0.00573708	      0.00000000	      0.00000000	      0.00000000	     -0.00000000	      0.00000000	      0.00000000	      0.00000000	      0.00581287	     -0.00327872	     -0.01210018	      0.05185216	      0.02427093	     -0.00066119	      0.04710467	      0.03677383	      0.02090729	     -0.00350629	      0.01066449	      0.00000000	     -0.00000000	     -0.01057195	     -0.00118815	     -0.00097344	     -0.00877208	      0.00216388	      0.00228783	      0.00000000	      0.02763761	     -0.00000000	      0.00000000	     -0.00000000	      0.00000000	     -0.00000000	      0.00000000	      0.00000000	      0.00000000	      0.00000000	      0.00000000	      0.00000000	      0.00000000	      0.00000000	      0.00000000	      0.00000000	      0.00000000	      0.00000000	      0.00000000	      0.00000000	      0.00000000	      0.00000000	      0.00000000	      0.00000000	      0.00000000	      0.00000000	      0.00000000	      0.00000000	      0.00000000	      0.00000000	      0.00000000	      0.00000000	      0.00000000	      0.00000000	      0.00000000	      0.00000000	      0.00000000	      0.00000000	      0.00000000	      0.00000000	      0.00000000	      0.00000000	      0.00000000	      0.00000000	      0.00000000	      0.00000000
      5.36000000	      0.00133748	      0.00549341	     -0.00219626	      0.00777465	     -0.00489586	     -0.01335755	     -0.00573102	     -0.00000000	     -0.00000000	     -0.00000000	      0.00000000	     -0.00000000	     -0.00000000	     -0.00000000	      0.00592584	     -0.00319213	     -0.01207143	      0.05192607	      0.02436435	     -0.00055630	      0.04717737	      0.03685998	      0.02099153	     -0.00349721	      0.01066184	     -0.00000000	     -0.00000000	     -0.01050068	     -0.00120116	     -0.00097204	     -0.00877906	      0.00216807	      0.00229501	      0.00000000	      0.02769347	      0.00000000	      0.00000000	     -0.00000000	      0.00000000	     -0.00000000	      0.00000000	      0.00000000	      0.00000000	      0.00000000	      0.00000000	      0.00000000	      0.00000000	      0.00000000	      0.00000000	      0.00000000	      0.00000000	      0.00000000	      0.00000000	      0.00000000	      0.00000000	      0.00000000	      0.00000000	      0.00000000	      0.00000000	      0.00000000	      0.00000000	      0.00000000	      0.00000000	      0.00000000	      0.00000000	      0.00000000	      0.00000000	      0.00000000	      0.00000000	      0.00000000	      0.00000000	      0.00000000	      0.00000000	      0.00000000	      0.00000000	      0.00000000	      0.00000000	      0.00000000	      0.00000000	      0.00000000
      5.36500000	      0.00132423	      0.00549083	     -0.00219794	      0.00777473	     -0.00490178	     -0.01336996	     -0.00572513	     -0.00000000	     -0.00000000	      0.00000000	      0.00000000	      0.00000000	     -0.00000000	     -0.00000000	      0.00603511	     -0.00310785	     -0.01204363	      0.05199693	      0.02445384	     -0.00045588	      0.04724694	      0.03694244	      0.02107191	     -0.00348833	      0.01065901	     -0.00000000	     -0.00000000	     -0.01043307	     -0.00121382	     -0.00097066	     -0.00878569	      0.00217228	      0.00230220	     -0.00000000	      0.02774629	     -0.00000000	     -0.00000000	     -0.00000000	     -0.00000000	     -0.00000000	      0.00000000	      0.00000000	      0.00000000	      0.00000000	      0.00000000	      0.00000000	      0.00000000	      0.00000000	      0.00000000	      0.00000000	      0.00000000	      0.00000000	      0.00000000	      0.00000000	      0.00000000	      0.00000000	      0.00000000	      0.00000000	      0.00000000	      0.00000000	      0.00000000	      0.00000000	      0.00000000	      0.00000000	      0.00000000	      0.00000000	      0.00000000	      0.00000000	      0.00000000	      0.00000000	      0.00000000	      0.00000000	      0.00000000	      0.00000000	      0.00000000	      0.00000000	      0.00000000	      0.00000000	      0.00000000	      0.00000000
      5.37000000	      0.00131155	      0.00548836	     -0.00219955	      0.00777483	     -0.00490733	     -0.01338165	     -0.00571942	     -0.00000000	      0.00000000	      0.00000000	      0.00000000	     -0.00000000	     -0.00000000	     -0.00000000	      0.00614010	     -0.00302638	     -0.01201687	      0.05206434	      0.02453892	     -0.00036040	      0.04731303	      0.03702086	      0.02114811	     -0.00347963	      0.01065604	     -0.00000000	      0.00000000	     -0.01036935	     -0.00122609	     -0.00096930	     -0.00879197	      0.00217649	      0.00230938	     -0.00000000	      0.02779622	      0.00000000	      0.00000000	     -0.00000000	     -0.00000000	     -0.00000000	      0.00000000	      0.00000000	      0.00000000	      0.00000000	      0.00000000	      0.00000000	      0.00000000	      0.00000000	      0.00000000	      0.00000000	      0.00000000	      0.00000000	      0.00000000	      0.00000000	      0.00000000	      0.00000000	      0.00000000	      0.00000000	      0.00000000	      0.00000000	      0.00000000	      0.00000000	      0.00000000	      0.00000000	      0.00000000	      0.00000000	      0.00000000	      0.00000000	      0.00000000	      0.00000000	      0.00000000	      0.00000000	      0.00000000	      0.00000000	      0.00000000	      0.00000000	      0.00000000	      0.00000000	      0.00000000	      0.00000000
      5.37500000	      0.00129943	      0.00548597	     -0.00220111	      0.00777498	     -0.00491259	     -0.01339273	     -0.00571389	     -0.00000000	      0.00000000	     -0.00000000	      0.00000000	      0.00000000	      0.00000000	      0.00000000	      0.00624024	     -0.00294820	     -0.01199122	      0.05212788	      0.02461909	     -0.00027033	      0.04737532	      0.03709489	      0.02121986	     -0.00347107	      0.01065297	      0.00000000	      0.00000000	     -0.01030972	     -0.00123793	     -0.00096794	     -0.00879791	      0.00218068	      0.00231653	      0.00000000	      0.02784343	     -0.00000000	     -0.00000000	     -0.00000000	     -0.00000000	     -0.00000000	      0.00000000	      0.00000000	      0.00000000	      0.00000000	      0.00000000	      0.00000000	      0.00000000	      0.00000000	      0.00000000	      0.00000000	      0.00000000	      0.00000000	      0.00000000	      0.00000000	      0.00000000	      0.00000000	      0.00000000	      0.00000000	      0.00000000	      0.00000000	      0.00000000	      0.00000000	      0.00000000	      0.00000000	      0.00000000	      0.00000000	      0.00000000	      0.00000000	      0.00000000	      0.00000000	      0.00000000	      0.00000000	      0.00000000	      0.00000000	      0.00000000	      0.00000000	      0.00000000	      0.00000000	      0.00000000	      0.00000000
      5.38000000	      0.00128785	      0.00548368	     -0.00220266	      0.00777520	     -0.00491764	     -0.01340330	     -0.00570859	     -0.00000000	      0.00000000	      0.00000000	     -0.00000000	     -0.00000000	      0.00000000	      0.00000000	      0.00633500	     -0.00287377	     -0.01196676	      0.05218717	      0.02469391	     -0.00018612	      0.04743348	      0.03716419	      0.02128688	     -0.00346264	      0.01064984	      0.00000000	      0.00000000	     -0.01025438	     -0.00124931	     -0.00096658	     -0.00880354	      0.00218483	      0.00232362	      0.00000000	      0.02788804	     -0.00000000	      0.00000000	      0.00000000	      0.00000000	     -0.00000000	      0.00000000	      0.00000000	      0.00000000	      0.00000000	      0.00000000	      0.00000000	      0.00000000	      0.00000000	      0.00000000	      0.00000000	      0.00000000	      0.00000000	      0.00000000	      0.00000000	      0.00000000	      0.00000000	      0.00000000	      0.00000000	      0.00000000	      0.00000000	      0.00000000	      0.00000000	      0.00000000	      0.00000000	      0.00000000	      0.00000000	      0.00000000	      0.00000000	      0.00000000	      0.00000000	      0.00000000	      0.00000000	      0.00000000	      0.00000000	      0.00000000	      0.00000000	      0.00000000	      0.00000000	      0.00000000	      0.00000000
      5.38500000	      0.00127678	      0.00548148	     -0.00220421	      0.00777553	     -0.00492257	     -0.01341345	     -0.00570350	     -0.00000000	      0.00000000	     -0.00000000	     -0.00000000	     -0.00000000	     -0.00000000	     -0.00000000	      0.00642389	     -0.00280351	     -0.01194356	      0.05224184	      0.02476292	     -0.00010819	      0.04748722	      0.03722845	      0.02134888	     -0.00345428	      0.01064667	     -0.00000000	     -0.00000000	     -0.01020355	     -0.00126020	     -0.00096521	     -0.00880885	      0.00218894	      0.00233065	     -0.00000000	      0.02793023	     -0.00000000	     -0.00000000	     -0.00000000	     -0.00000000	     -0.00000000	      0.00000000	      0.00000000	      0.00000000	      0.00000000	      0.00000000	      0.00000000	      0.00000000	      0.00000000	      0.00000000	      0.00000000	      0.00000000	      0.00000000	      0.00000000	      0.00000000	      0.00000000	      0.00000000	      0.00000000	      0.00000000	      0.00000000	      0.00000000	      0.00000000	      0.00000000	      0.00000000	      0.00000000	      0.00000000	      0.00000000	      0.00000000	      0.00000000	      0.00000000	      0.00000000	      0.00000000	      0.00000000	      0.00000000	      0.00000000	      0.00000000	      0.00000000	      0.00000000	      0.00000000	      0.00000000	      0.00000000
      5.39000000	      0.00126620	      0.00547937	     -0.00220581	      0.00777598	     -0.00492745	     -0.01342331	     -0.00569866	      0.00000000	     -0.00000000	     -0.00000000	     -0.00000000	      0.00000000	     -0.00000000	     -0.00000000	      0.00650645	     -0.00273779	     -0.01192167	      0.05229151	      0.02482569	     -0.00003697	      0.04753624	      0.03728735	      0.02140561	     -0.00344599	      0.01064351	      0.00000000	     -0.00000000	     -0.01015741	     -0.00127058	     -0.00096381	     -0.00881386	      0.00219299	      0.00233760	      0.00000000	      0.02797015	     -0.00000000	     -0.00000000	      0.00000000	     -0.00000000	      0.00000000	      0.00000000	      0.00000000	      0.00000000	      0.00000000	      0.00000000	      0.00000000	      0.00000000	      0.00000000	      0.00000000	      0.00000000	      0.00000000	      0.00000000	      0.00000000	      0.00000000	      0.00000000	      0.00000000	      0.00000000	      0.00000000	      0.00000000	      0.00000000	      0.00000000	      0.00000000	      0.00000000	      0.00000000	      0.00000000	      0.00000000	      0.00000000	      0.00000000	      0.00000000	      0.00000000	      0.00000000	      0.00000000	      0.00000000	      0.00000000	      0.00000000	      0.00000000	      0.00000000	      0.00000000	      0.00000000	      0.00000000
      5.39500000	      0.00125608	      0.00547734	     -0.00220748	      0.00777659	     -0.00493237	     -0.01343297	     -0.00569407	      0.00000000	     -0.00000000	      0.00000000	     -0.00000000	     -0.00000000	     -0.00000000	     -0.00000000	      0.00658227	     -0.00267697	     -0.01190113	      0.05233585	      0.02488179	      0.00002714	      0.04758026	      0.03734059	      0.02145681	     -0.00343773	      0.01064036	     -0.00000000	     -0.00000000	     -0.01011619	     -0.00128044	     -0.00096238	     -0.00881857	      0.00219698	      0.00234446	     -0.00000000	      0.02800792	     -0.00000000	     -0.00000000	     -0.00000000	      0.00000000	      0.00000000	      0.00000000	      0.00000000	      0.00000000	      0.00000000	      0.00000000	      0.00000000	      0.00000000	      0.00000000	      0.00000000	      0.00000000	      0.00000000	      0.00000000	      0.00000000	      0.00000000	      0.00000000	      0.00000000	      0.00000000	      0.00000000	      0.00000000	      0.00000000	      0.00000000	      0.00000000	      0.00000000	      0.00000000	      0.00000000	      0.00000000	      0.00000000	      0.00000000	      0.00000000	      0.00000000	      0.00000000	      0.00000000	      0.00000000	      0.00000000	      0.00000000	      0.00000000	      0.00000000	      0.00000000	      0.00000000	      0.00000000
      5.40000000	      0.00124638	      0.00547540	     -0.00220925	      0.00777738	     -0.00493739	     -0.01344253	     -0.00568974	      0.00000000	      0.00000000	      0.00000000	      0.00000000	      0.00000000	     -0.00000000	      0.00000000	      0.00665102	     -0.00262130	     -0.01188198	      0.05237456	      0.02493084	      0.00008376	      0.04761903	      0.03738793	      0.02150224	     -0.00342947	      0.01063724	     -0.00000000	     -0.00000000	     -0.01008006	     -0.00128978	     -0.00096090	     -0.00882302	      0.00220091	      0.00235123	      0.00000000	      0.02804372	     -0.00000000	      0.00000000	     -0.00000000	     -0.00000000	      0.00000000	      0.00000000	      0.00000000	      0.00000000	      0.00000000	      0.00000000	      0.00000000	      0.00000000	      0.00000000	      0.00000000	      0.00000000	      0.00000000	      0.00000000	      0.00000000	      0.00000000	      0.00000000	      0.00000000	      0.00000000	      0.00000000	      0.00000000	      0.00000000	      0.00000000	      0.00000000	      0.00000000	      0.00000000	      0.00000000	      0.00000000	      0.00000000	      0.00000000	      0.00000000	      0.00000000	      0.00000000	      0.00000000	      0.00000000	      0.00000000	      0.00000000	      0.00000000	      0.00000000	      0.00000000	      0.00000000	      0.00000000
      5.40500000	      0.00123705	      0.00547354	     -0.00221116	      0.00777834	     -0.00494259	     -0.01345211	     -0.00568568	      0.00000000	     -0.00000000	     -0.00000000	     -0.00000000	     -0.00000000	     -0.00000000	     -0.00000000	      0.00671239	     -0.00257104	     -0.01186423	      0.05240735	      0.02497248	      0.00013255	      0.04765233	      0.03742909	      0.02154168	     -0.00342119	      0.01063417	     -0.00000000	     -0.00000000	     -0.01004924	     -0.00129859	     -0.00096005	     -0.00882719	      0.00220477	      0.00235791	     -0.00000000	      0.02807766	     -0.00000000	     -0.00000000	      0.00000000	      0.00000000	      0.00000000	      0.00000000	      0.00000000	      0.00000000	      0.00000000	      0.00000000	      0.00000000	      0.00000000	      0.00000000	      0.00000000	      0.00000000	      0.00000000	      0.00000000	      0.00000000	      0.00000000	      0.00000000	      0.00000000	      0.00000000	      0.00000000	      0.00000000	      0.00000000	      0.00000000	      0.00000000	      0.00000000	      0.00000000	      0.00000000	      0.00000000	      0.00000000	      0.00000000	      0.00000000	      0.00000000	      0.00000000	      0.00000000	      0.00000000	      0.00000000	      0.00000000	      0.00000000	      0.00000000	      0.00000000	      0.00000000	      0.00000000
      5.41000000	      0.00122807	      0.00547175	     -0.00221321	      0.00777958	     -0.00494803	     -0.01346179	     -0.00568189	      0.00000000	     -0.00000000	     -0.00000000	     -0.00000000	     -0.00000000	     -0.00000000	     -0.00000000	      0.00676614	     -0.00252635	     -0.01184790	      0.05243396	      0.02500638	      0.00017320	      0.04767994	      0.03746387	      0.02157491	     -0.00341288	      0.01063114	     -0.00000000	     -0.00000000	     -0.01002389	     -0.00130689	     -0.00095843	     -0.00883112	      0.00220857	      0.00236450	     -0.00000000	      0.02810987	      0.00000000	      0.00000000	     -0.00000000	      0.00000000	      0.00000000	      0.00000000	      0.00000000	      0.00000000	      0.00000000	      0.00000000	      0.00000000	      0.00000000	      0.00000000	      0.00000000	      0.00000000	      0.00000000	      0.00000000	      0.00000000	      0.00000000	      0.00000000	      0.00000000	      0.00000000	      0.00000000	      0.00000000	      0.00000000	      0.00000000	      0.00000000	      0.00000000	      0.00000000	      0.00000000	      0.00000000	      0.00000000	      0.00000000	      0.00000000	      0.00000000	      0.00000000	      0.00000000	      0.00000000	      0.00000000	      0.00000000	      0.00000000	      0.00000000	      0.00000000	      0.00000000	      0.00000000
      5.41500000	      0.00121939	      0.00547004	     -0.00221545	      0.00778107	     -0.00495378	     -0.01347166	     -0.00567837	     -0.00000000	      0.00000000	      0.00000000	      0.00000000	      0.00000000	      0.00000000	     -0.00000000	      0.00681210	     -0.00248735	     -0.01183298	      0.05245418	      0.02503227	      0.00020544	      0.04770169	      0.03749210	      0.02160177	     -0.00340451	      0.01062816	      0.00000000	      0.00000000	     -0.01000420	     -0.00131469	     -0.00095674	     -0.00883480	      0.00221232	      0.00237103	      0.00000000	      0.02814045	      0.00000000	      0.00000000	     -0.00000000	     -0.00000000	     -0.00000000	      0.00000000	      0.00000000	      0.00000000	      0.00000000	      0.00000000	      0.00000000	      0.00000000	      0.00000000	      0.00000000	      0.00000000	      0.00000000	      0.00000000	      0.00000000	      0.00000000	      0.00000000	      0.00000000	      0.00000000	      0.00000000	      0.00000000	      0.00000000	      0.00000000	      0.00000000	      0.00000000	      0.00000000	      0.00000000	      0.00000000	      0.00000000	      0.00000000	      0.00000000	      0.00000000	      0.00000000	      0.00000000	      0.00000000	      0.00000000	      0.00000000	      0.00000000	      0.00000000	      0.00000000	      0.00000000	      0.00000000
      5.42000000	      0.00121097	      0.00546838	     -0.00221788	      0.00778283	     -0.00495988	     -0.01348179	     -0.00567513	      0.00000000	     -0.00000000	     -0.00000000	      0.00000000	     -0.00000000	      0.00000000	     -0.00000000	      0.00685019	     -0.00245409	     -0.01181944	      0.05246787	      0.02504993	      0.00022907	      0.04771747	      0.03751363	      0.02162213	     -0.00339607	      0.01062521	     -0.00000000	     -0.00000000	     -0.00999028	     -0.00132201	     -0.00095494	     -0.00883826	      0.00221602	      0.00237749	     -0.00000000	      0.02816950	      0.00000000	      0.00000000	     -0.00000000	     -0.00000000	     -0.00000000	      0.00000000	      0.00000000	      0.00000000	      0.00000000	      0.00000000	      0.00000000	      0.00000000	      0.00000000	      0.00000000	      0.00000000	      0.00000000	      0.00000000	      0.00000000	      0.00000000	      0.00000000	      0.00000000	      0.00000000	      0.00000000	      0.00000000	      0.00000000	      0.00000000	      0.00000000	      0.00000000	      0.00000000	      0.00000000	      0.00000000	      0.00000000	      0.00000000	      0.00000000	      0.00000000	      0.00000000	      0.00000000	      0.00000000	      0.00000000	      0.00000000	      0.00000000	      0.00000000	      0.00000000	      0.00000000	      0.00000000
      5.42500000	      0.00120277	      0.00546679	     -0.00222053	      0.00778490	     -0.00496637	     -0.01349225	     -0.00567216	      0.00000000	      0.00000000	     -0.00000000	     -0.00000000	     -0.00000000	     -0.00000000	      0.00000000	      0.00688039	     -0.00242656	     -0.01180726	      0.05247493	      0.02505924	      0.00024397	      0.04772720	      0.03752841	      0.02163590	     -0.00338755	      0.01062228	      0.00000000	      0.00000000	     -0.00998225	     -0.00132887	     -0.00095304	     -0.00884149	      0.00221969	      0.00238390	     -0.00000000	      0.02819712	      0.00000000	      0.00000000	     -0.00000000	     -0.00000000	     -0.00000000	      0.00000000	      0.00000000	      0.00000000	      0.00000000	      0.00000000	      0.00000000	      0.00000000	      0.00000000	      0.00000000	      0.00000000	      0.00000000	      0.00000000	      0.00000000	      0.00000000	      0.00000000	      0.00000000	      0.00000000	      0.00000000	      0.00000000	      0.00000000	      0.00000000	      0.00000000	      0.00000000	      0.00000000	      0.00000000	      0.00000000	      0.00000000	      0.00000000	      0.00000000	      0.00000000	      0.00000000	      0.00000000	      0.00000000	      0.00000000	      0.00000000	      0.00000000	      0.00000000	      0.00000000	      0.00000000	      0.00000000
      5.43000000	      0.00119476	      0.00546525	     -0.00222341	      0.00778727	     -0.00497330	     -0.01350311	     -0.00566945	     -0.00000000	     -0.00000000	     -0.00000000	     -0.00000000	     -0.00000000	     -0.00000000	     -0.00000000	      0.00690276	     -0.00240467	     -0.01179639	      0.05247531	      0.02506013	      0.00025008	      0.04773086	      0.03753641	      0.02164305	     -0.00337894	      0.01061935	     -0.00000000	     -0.00000000	     -0.00998015	     -0.00133531	     -0.00095102	     -0.00884452	      0.00222333	      0.00239029	     -0.00000000	      0.02822340	     -0.00000000	     -0.00000000	     -0.00000000	     -0.00000000	     -0.00000000	      0.00000000	      0.00000000	      0.00000000	      0.00000000	      0.00000000	      0.00000000	      0.00000000	      0.00000000	      0.00000000	      0.00000000	      0.00000000	      0.00000000	      0.00000000	      0.00000000	      0.00000000	      0.00000000	      0.00000000	      0.00000000	      0.00000000	      0.00000000	      0.00000000	      0.00000000	      0.00000000	      0.00000000	      0.00000000	      0.00000000	      0.00000000	      0.00000000	      0.00000000	      0.00000000	      0.00000000	      0.00000000	      0.00000000	      0.00000000	      0.00000000	      0.00000000	      0.00000000	      0.00000000	      0.00000000	      0.00000000
      5.43500000	      0.00118688	      0.00546375	     -0.00222654	      0.00778997	     -0.00498069	     -0.01351440	     -0.00566700	      0.00000000	      0.00000000	      0.00000000	     -0.00000000	      0.00000000	      0.00000000	      0.00000000	      0.00691748	     -0.00238827	     -0.01178676	      0.05246905	      0.02505262	      0.00024746	      0.04772850	      0.03753770	      0.02164364	     -0.00337022	      0.01061642	     -0.00000000	     -0.00000000	     -0.00998398	     -0.00134136	     -0.00094887	     -0.00884736	      0.00222697	      0.00239667	      0.00000000	      0.02824845	     -0.00000000	      0.00000000	     -0.00000000	      0.00000000	     -0.00000000	      0.00000000	      0.00000000	      0.00000000	      0.00000000	      0.00000000	      0.00000000	      0.00000000	      0.00000000	      0.00000000	      0.00000000	      0.00000000	      0.00000000	      0.00000000	      0.00000000	      0.00000000	      0.00000000	      0.00000000	      0.00000000	      0.00000000	      0.00000000	      0.00000000	      0.00000000	      0.00000000	      0.00000000	      0.00000000	      0.00000000	      0.00000000	      0.00000000	      0.00000000	      0.00000000	      0.00000000	      0.00000000	      0.00000000	      0.00000000	      0.00000000	      0.00000000	      0.00000000	      0.00000000	      0.00000000	      0.00000000
      5.44000000	      0.00117910	      0.00546229	     -0.00222992	      0.00779299	     -0.00498857	     -0.01352619	     -0.00566478	      0.00000000	     -0.00000000	      0.00000000	      0.00000000	     -0.00000000	      0.00000000	      0.00000000	      0.00692479	     -0.00237716	     -0.01177830	      0.05245626	      0.02503684	      0.00023624	      0.04772022	      0.03753241	      0.02163777	     -0.00336140	      0.01061345	      0.00000000	      0.00000000	     -0.00999366	     -0.00134707	     -0.00094658	     -0.00885002	      0.00223060	      0.00240306	      0.00000000	      0.02827237	     -0.00000000	     -0.00000000	      0.00000000	      0.00000000	      0.00000000	      0.00000000	      0.00000000	      0.00000000	      0.00000000	      0.00000000	      0.00000000	      0.00000000	      0.00000000	      0.00000000	      0.00000000	      0.00000000	      0.00000000	      0.00000000	      0.00000000	      0.00000000	      0.00000000	      0.00000000	      0.00000000	      0.00000000	      0.00000000	      0.00000000	      0.00000000	      0.00000000	      0.00000000	      0.00000000	      0.00000000	      0.00000000	      0.00000000	      0.00000000	      0.00000000	      0.00000000	      0.00000000	      0.00000000	      0.00000000	      0.00000000	      0.00000000	      0.00000000	      0.00000000	      0.00000000	      0.00000000
      5.44500000	      0.00117136	      0.00546085	     -0.00223357	      0.00779634	     -0.00499695	     -0.01353850	     -0.00566280	      0.00000000	      0.00000000	     -0.00000000	     -0.00000000	     -0.00000000	      0.00000000	      0.00000000	      0.00692502	     -0.00237105	     -0.01177092	      0.05243711	      0.02501301	      0.00021668	      0.04770620	      0.03752075	      0.02162564	     -0.00335246	      0.01061043	     -0.00000000	      0.00000000	     -0.01000906	     -0.00135248	     -0.00094415	     -0.00885252	      0.00223425	      0.00240948	      0.00000000	      0.02829532	     -0.00000000	     -0.00000000	      0.00000000	      0.00000000	      0.00000000	      0.00000000	      0.00000000	      0.00000000	      0.00000000	      0.00000000	      0.00000000	      0.00000000	      0.00000000	      0.00000000	      0.00000000	      0.00000000	      0.00000000	      0.00000000	      0.00000000	      0.00000000	      0.00000000	      0.00000000	      0.00000000	      0.00000000	      0.00000000	      0.00000000	      0.00000000	      0.00000000	      0.00000000	      0.00000000	      0.00000000	      0.00000000	      0.00000000	      0.00000000	      0.00000000	      0.00000000	      0.00000000	      0.00000000	      0.00000000	      0.00000000	      0.00000000	      0.00000000	      0.00000000	      0.00000000	      0.00000000
      5.45000000	      0.00116364	      0.00545943	     -0.00223748	      0.00780012	     -0.00500586	     -0.01355137	     -0.00566102	      0.00000000	      0.00000000	      0.00000000	      0.00000000	     -0.00000000	     -0.00000000	     -0.00000000	      0.00691858	     -0.00236962	     -0.01176449	      0.05241183	      0.02498141	      0.00018910	      0.04768668	      0.03750301	      0.02160750	     -0.00334338	      0.01060734	      0.00000000	      0.00000000	     -0.01002998	     -0.00135764	     -0.00094157	     -0.00885489	      0.00223794	      0.00241596	     -0.00000000	      0.02831743	      0.00000000	      0.00000000	      0.00000000	      0.00000000	      0.00000000	      0.00000000	      0.00000000	      0.00000000	      0.00000000	      0.00000000	      0.00000000	      0.00000000	      0.00000000	      0.00000000	      0.00000000	      0.00000000	      0.00000000	      0.00000000	      0.00000000	      0.00000000	      0.00000000	      0.00000000	      0.00000000	      0.00000000	      0.00000000	      0.00000000	      0.00000000	      0.00000000	      0.00000000	      0.00000000	      0.00000000	      0.00000000	      0.00000000	      0.00000000	      0.00000000	      0.00000000	      0.00000000	      0.00000000	      0.00000000	      0.00000000	      0.00000000	      0.00000000	      0.00000000	      0.00000000	      0.00000000
      5.45500000	      0.00115586	      0.00545802	     -0.00224166	      0.00780413	     -0.00501530	     -0.01356484	     -0.00565942	      0.00000000	      0.00000000	      0.00000000	      0.00000000	      0.00000000	      0.00000000	      0.00000000	      0.00690596	     -0.00237249	     -0.01175891	      0.05238073	      0.02494244	      0.00015393	      0.04766194	      0.03747951	      0.02158368	     -0.00333416	      0.01060417	      0.00000000	     -0.00000000	     -0.01005614	     -0.00136260	     -0.00093883	     -0.00885714	      0.00224167	      0.00242252	      0.00000000	      0.02833887	      0.00000000	      0.00000000	     -0.00000000	     -0.00000000	      0.00000000	      0.00000000	      0.00000000	      0.00000000	      0.00000000	      0.00000000	      0.00000000	      0.00000000	      0.00000000	      0.00000000	      0.00000000	      0.00000000	      0.00000000	      0.00000000	      0.00000000	      0.00000000	      0.00000000	      0.00000000	      0.00000000	      0.00000000	      0.00000000	      0.00000000	      0.00000000	      0.00000000	      0.00000000	      0.00000000	      0.00000000	      0.00000000	      0.00000000	      0.00000000	      0.00000000	      0.00000000	      0.00000000	      0.00000000	      0.00000000	      0.00000000	      0.00000000	      0.00000000	      0.00000000	      0.00000000	      0.00000000
      5.46000000	      0.00114800	      0.00545661	     -0.00224612	      0.00780832	     -0.00502528	     -0.01357892	     -0.00565799	      0.00000000	     -0.00000000	     -0.00000000	      0.00000000	     -0.00000000	      0.00000000	     -0.00000000	      0.00688769	     -0.00237925	     -0.01175405	      0.05234416	      0.02489655	      0.00011167	      0.04763234	      0.03745068	      0.02155458	     -0.00332478	      0.01060089	     -0.00000000	     -0.00000000	     -0.01008724	     -0.00136741	     -0.00093594	     -0.00885929	      0.00224546	      0.00242917	     -0.00000000	      0.02835983	     -0.00000000	     -0.00000000	      0.00000000	      0.00000000	      0.00000000	      0.00000000	      0.00000000	      0.00000000	      0.00000000	      0.00000000	      0.00000000	      0.00000000	      0.00000000	      0.00000000	      0.00000000	      0.00000000	      0.00000000	      0.00000000	      0.00000000	      0.00000000	      0.00000000	      0.00000000	      0.00000000	      0.00000000	      0.00000000	      0.00000000	      0.00000000	      0.00000000	      0.00000000	      0.00000000	      0.00000000	      0.00000000	      0.00000000	      0.00000000	      0.00000000	      0.00000000	      0.00000000	      0.00000000	      0.00000000	      0.00000000	      0.00000000	      0.00000000	      0.00000000	      0.00000000	      0.00000000
      5.46500000	      0.00114001	      0.00545518	     -0.00225085	      0.00781295	     -0.00503581	     -0.01359365	     -0.00565668	      0.00000000	     -0.00000000	      0.00000000	     -0.00000000	      0.00000000	     -0.00000000	      0.00000000	      0.00686437	     -0.00238945	     -0.01174976	      0.05230254	      0.02484427	      0.00006291	      0.04759826	      0.03741697	      0.02152064	     -0.00331524	      0.01059749	     -0.00000000	     -0.00000000	     -0.01012288	     -0.00137214	     -0.00093288	     -0.00886137	      0.00224933	      0.00243595	     -0.00000000	      0.02838050	     -0.00000000	     -0.00000000	     -0.00000000	      0.00000000	      0.00000000	      0.00000000	      0.00000000	      0.00000000	      0.00000000	      0.00000000	      0.00000000	      0.00000000	      0.00000000	      0.00000000	      0.00000000	      0.00000000	      0.00000000	      0.00000000	      0.00000000	      0.00000000	      0.00000000	      0.00000000	      0.00000000	      0.00000000	      0.00000000	      0.00000000	      0.00000000	      0.00000000	      0.00000000	      0.00000000	      0.00000000	      0.00000000	      0.00000000	      0.00000000	      0.00000000	      0.00000000	      0.00000000	      0.00000000	      0.00000000	      0.00000000	      0.00000000	      0.00000000	      0.00000000	      0.00000000	      0.00000000
      5.47000000	      0.00113183	      0.00545372	     -0.00222684	      0.00781790	     -0.00504688	     -0.01360903	     -0.00565549	     -0.00000000	     -0.00000000	     -0.00000000	      0.00000000	     -0.00000000	     -0.00000000	     -0.00000000	      0.00683663	     -0.00240261	     -0.01174592	      0.05225631	      0.02478620	      0.00000828	      0.04756015	      0.03737888	      0.02148235	     -0.00330551	      0.01059397	     -0.00000000	     -0.00000000	     -0.01016263	     -0.00137683	     -0.00092966	     -0.00886341	      0.00225328	      0.00244286	     -0.00000000	      0.02840108	     -0.00000000	     -0.00000000	     -0.00000000	     -0.00000000	     -0.00000000	      0.00000000	      0.00000000	      0.00000000	      0.00000000	      0.00000000	      0.00000000	      0.00000000	      0.00000000	      0.00000000	      0.00000000	      0.00000000	      0.00000000	      0.00000000	      0.00000000	      0.00000000	      0.00000000	      0.00000000	      0.00000000	      0.00000000	      0.00000000	      0.00000000	      0.00000000	      0.00000000	      0.00000000	      0.00000000	      0.00000000	      0.00000000	      0.00000000	      0.00000000	      0.00000000	      0.00000000	      0.00000000	      0.00000000	      0.00000000	      0.00000000	      0.00000000	      0.00000000	      0.00000000	      0.00000000	      0.00000000
      5.47500000	      0.00112343	      0.00545223	     -0.00222608	      0.00782322	     -0.00505849	     -0.01362508	     -0.00565436	     -0.00000000	     -0.00000000	     -0.00000000	     -0.00000000	      0.00000000	     -0.00000000	     -0.00000000	      0.00680513	     -0.00241826	     -0.01174236	      0.05220598	      0.02472297	     -0.00005152	      0.04751846	      0.03733696	      0.02144025	     -0.00329558	      0.01059032	     -0.00000000	     -0.00000000	     -0.01020602	     -0.00138154	     -0.00092628	     -0.00886544	      0.00225732	      0.00244992	     -0.00000000	      0.02842180	     -0.00000000	     -0.00000000	      0.00000000	      0.00000000	     -0.00000000	      0.00000000	      0.00000000	      0.00000000	      0.00000000	      0.00000000	      0.00000000	      0.00000000	      0.00000000	      0.00000000	      0.00000000	      0.00000000	      0.00000000	      0.00000000	      0.00000000	      0.00000000	      0.00000000	      0.00000000	      0.00000000	      0.00000000	      0.00000000	      0.00000000	      0.00000000	      0.00000000	      0.00000000	      0.00000000	      0.00000000	      0.00000000	      0.00000000	      0.00000000	      0.00000000	      0.00000000	      0.00000000	      0.00000000	      0.00000000	      0.00000000	      0.00000000	      0.00000000	      0.00000000	      0.00000000	      0.00000000
      5.48000000	      0.00111476	      0.00545069	     -0.00222887	      0.00782871	     -0.00507064	     -0.01364182	     -0.00565329	      0.00000000	      0.00000000	      0.00000000	      0.00000000	      0.00000000	      0.00000000	      0.00000000	      0.00677056	     -0.00243591	     -0.01173896	      0.05215205	      0.02465527	     -0.00011575	      0.04747371	      0.03729179	      0.02139491	     -0.00328545	      0.01058652	      0.00000000	      0.00000000	     -0.01025254	     -0.00138632	     -0.00092274	     -0.00886747	      0.00226146	      0.00245714	      0.00000000	      0.02844288	      0.00000000	      0.00000000	      0.00000000	      0.00000000	     -0.00000000	      0.00000000	      0.00000000	      0.00000000	      0.00000000	      0.00000000	      0.00000000	      0.00000000	      0.00000000	      0.00000000	      0.00000000	      0.00000000	      0.00000000	      0.00000000	      0.00000000	      0.00000000	      0.00000000	      0.00000000	      0.00000000	      0.00000000	      0.00000000	      0.00000000	      0.00000000	      0.00000000	      0.00000000	      0.00000000	      0.00000000	      0.00000000	      0.00000000	      0.00000000	      0.00000000	      0.00000000	      0.00000000	      0.00000000	      0.00000000	      0.00000000	      0.00000000	      0.00000000	      0.00000000	      0.00000000	      0.00000000
      5.48500000	      0.00110579	      0.00544908	     -0.00223519	      0.00783444	     -0.00508332	     -0.01365926	     -0.00565223	      0.00000000	      0.00000000	     -0.00000000	      0.00000000	      0.00000000	      0.00000000	      0.00000000	      0.00673361	     -0.00245507	     -0.01173558	      0.05209508	      0.02458379	     -0.00018365	      0.04742640	      0.03724396	      0.02134694	     -0.00327508	      0.01058259	     -0.00000000	      0.00000000	     -0.01030164	     -0.00139122	     -0.00091905	     -0.00886955	      0.00226571	      0.00246454	      0.00000000	      0.02846455	      0.00000000	      0.00000000	      0.00000000	      0.00000000	      0.00000000	      0.00000000	      0.00000000	      0.00000000	      0.00000000	      0.00000000	      0.00000000	      0.00000000	      0.00000000	      0.00000000	      0.00000000	      0.00000000	      0.00000000	      0.00000000	      0.00000000	      0.00000000	      0.00000000	      0.00000000	      0.00000000	      0.00000000	      0.00000000	      0.00000000	      0.00000000	      0.00000000	      0.00000000	      0.00000000	      0.00000000	      0.00000000	      0.00000000	      0.00000000	      0.00000000	      0.00000000	      0.00000000	      0.00000000	      0.00000000	      0.00000000	      0.00000000	      0.00000000	      0.00000000	      0.00000000	      0.00000000
      5.49000000	      0.00109646	      0.00544741	     -0.00224178	      0.00784026	     -0.00509652	     -0.01367740	     -0.00565116	      0.00000000	      0.00000000	      0.00000000	      0.00000000	      0.00000000	      0.00000000	      0.00000000	      0.00669493	     -0.00247527	     -0.01173207	      0.05203560	      0.02450926	     -0.00025443	      0.04737705	      0.03719407	      0.02129695	     -0.00326446	      0.01057853	      0.00000000	      0.00000000	     -0.01035277	     -0.00139628	     -0.00091520	     -0.00887169	      0.00227006	      0.00247212	      0.00000000	      0.02848705	      0.00000000	      0.00000000	      0.00000000	      0.00000000	      0.00000000	      0.00000000	      0.00000000	      0.00000000	      0.00000000	      0.00000000	      0.00000000	      0.00000000	      0.00000000	      0.00000000	      0.00000000	      0.00000000	      0.00000000	      0.00000000	      0.00000000	      0.00000000	      0.00000000	      0.00000000	      0.00000000	      0.00000000	      0.00000000	      0.00000000	      0.00000000	      0.00000000	      0.00000000	      0.00000000	      0.00000000	      0.00000000	      0.00000000	      0.00000000	      0.00000000	      0.00000000	      0.00000000	      0.00000000	      0.00000000	      0.00000000	      0.00000000	      0.00000000	      0.00000000	      0.00000000	      0.00000000
      5.49500000	      0.00108675	      0.00544565	     -0.00224861	      0.00784641	     -0.00511025	     -0.01369626	     -0.00565005	      0.00000000	     -0.00000000	     -0.00000000	      0.00000000	     -0.00000000	      0.00000000	      0.00000000	      0.00665520	     -0.00249609	     -0.01172831	      0.05197416	      0.02443240	     -0.00032732	      0.04732618	      0.03714272	      0.02124552	     -0.00325357	      0.01057435	      0.00000000	      0.00000000	     -0.01040535	     -0.00140154	     -0.00091121	     -0.00887393	      0.00227453	      0.00247988	     -0.00000000	      0.02851063	      0.00000000	     -0.00000000	      0.00000000	     -0.00000000	      0.00000000	      0.00000000	      0.00000000	      0.00000000	      0.00000000	      0.00000000	      0.00000000	      0.00000000	      0.00000000	      0.00000000	      0.00000000	      0.00000000	      0.00000000	      0.00000000	      0.00000000	      0.00000000	      0.00000000	      0.00000000	      0.00000000	      0.00000000	      0.00000000	      0.00000000	      0.00000000	      0.00000000	      0.00000000	      0.00000000	      0.00000000	      0.00000000	      0.00000000	      0.00000000	      0.00000000	      0.00000000	      0.00000000	      0.00000000	      0.00000000	      0.00000000	      0.00000000	      0.00000000	      0.00000000	      0.00000000	      0.00000000
      5.50000000	      0.00107662	      0.00544381	     -0.00225570	      0.00785282	     -0.00512448	     -0.01371584	     -0.00564888	     -0.00000000	      0.00000000	     -0.00000000	      0.00000000	      0.00000000	      0.00000000	      0.00000000	      0.00661503	     -0.00251710	     -0.01172419	      0.05191130	      0.02435390	     -0.00040157	      0.04727430	      0.03709048	      0.02119327	     -0.00324238	      0.01057006	      0.00000000	      0.00000000	     -0.01045884	     -0.00140704	     -0.00090709	     -0.00887629	      0.00227912	      0.00248784	      0.00000000	      0.02853552	      0.00000000	      0.00000000	     -0.00000000	     -0.00000000	      0.00000000	      0.00000000	      0.00000000	      0.00000000	      0.00000000	      0.00000000	      0.00000000	      0.00000000	      0.00000000	      0.00000000	      0.00000000	      0.00000000	      0.00000000	      0.00000000	      0.00000000	      0.00000000	      0.00000000	      0.00000000	      0.00000000	      0.00000000	      0.00000000	      0.00000000	      0.00000000	      0.00000000	      0.00000000	      0.00000000	      0.00000000	      0.00000000	      0.00000000	      0.00000000	      0.00000000	      0.00000000	      0.00000000	      0.00000000	      0.00000000	      0.00000000	      0.00000000	      0.00000000	      0.00000000	      0.00000000	      0.00000000
      5.50500000	      0.00106604	      0.00544186	     -0.00226301	      0.00785931	     -0.00513922	     -0.01373617	     -0.00564761	     -0.00000000	      0.00000000	      0.00000000	      0.00000000	      0.00000000	      0.00000000	      0.00000000	      0.00657499	     -0.00253795	     -0.01171959	      0.05184750	      0.02427442	     -0.00047646	      0.04722188	      0.03703791	      0.02114076	     -0.00323087	      0.01056568	      0.00000000	      0.00000000	     -0.01051269	     -0.00141280	     -0.00090283	     -0.00887881	      0.00228381	      0.00249599	      0.00000000	      0.02856195	      0.00000000	      0.00000000	     -0.00000000	     -0.00000000	      0.00000000	      0.00000000	      0.00000000	      0.00000000	      0.00000000	      0.00000000	      0.00000000	      0.00000000	      0.00000000	      0.00000000	      0.00000000	      0.00000000	      0.00000000	      0.00000000	      0.00000000	      0.00000000	      0.00000000	      0.00000000	      0.00000000	      0.00000000	      0.00000000	      0.00000000	      0.00000000	      0.00000000	      0.00000000	      0.00000000	      0.00000000	      0.00000000	      0.00000000	      0.00000000	      0.00000000	      0.00000000	      0.00000000	      0.00000000	      0.00000000	      0.00000000	      0.00000000	      0.00000000	      0.00000000	      0.00000000	      0.00000000
      5.51000000	      0.00105498	      0.00543981	     -0.00227056	      0.00786588	     -0.00515447	     -0.01375724	     -0.00564623	      0.00000000	     -0.00000000	     -0.00000000	      0.00000000	     -0.00000000	      0.00000000	      0.00000000	      0.00653560	     -0.00255828	     -0.01171442	      0.05178325	      0.02419457	     -0.00055131	      0.04716937	      0.03698550	      0.02108851	     -0.00321901	      0.01056123	      0.00000000	      0.00000000	     -0.01056640	     -0.00141885	     -0.00089846	     -0.00888150	      0.00228861	      0.00250433	      0.00000000	      0.02859015	      0.00000000	     -0.00000000	      0.00000000	      0.00000000	      0.00000000	      0.00000000	      0.00000000	      0.00000000	      0.00000000	      0.00000000	      0.00000000	      0.00000000	      0.00000000	      0.00000000	      0.00000000	      0.00000000	      0.00000000	      0.00000000	      0.00000000	      0.00000000	      0.00000000	      0.00000000	      0.00000000	      0.00000000	      0.00000000	      0.00000000	      0.00000000	      0.00000000	      0.00000000	      0.00000000	      0.00000000	      0.00000000	      0.00000000	      0.00000000	      0.00000000	      0.00000000	      0.00000000	      0.00000000	      0.00000000	      0.00000000	      0.00000000	      0.00000000	      0.00000000	      0.00000000	      0.00000000
      5.51500000	      0.00104342	      0.00543765	     -0.00227831	      0.00787262	     -0.00517023	     -0.01377909	     -0.00564472	      0.00000000	      0.00000000	      0.00000000	      0.00000000	      0.00000000	      0.00000000	      0.00000000	      0.00649734	     -0.00257783	     -0.01170859	      0.05171894	      0.02411492	     -0.00062554	      0.04711717	      0.03693374	      0.02103700	     -0.00320677	      0.01055672	      0.00000000	      0.00000000	     -0.01061950	     -0.00142522	     -0.00089396	     -0.00888439	      0.00229352	      0.00251287	      0.00000000	      0.02862032	      0.00000000	      0.00000000	      0.00000000	      0.00000000	      0.00000000	      0.00000000	      0.00000000	      0.00000000	      0.00000000	      0.00000000	      0.00000000	      0.00000000	      0.00000000	      0.00000000	      0.00000000	      0.00000000	      0.00000000	      0.00000000	      0.00000000	      0.00000000	      0.00000000	      0.00000000	      0.00000000	      0.00000000	      0.00000000	      0.00000000	      0.00000000	      0.00000000	      0.00000000	      0.00000000	      0.00000000	      0.00000000	      0.00000000	      0.00000000	      0.00000000	      0.00000000	      0.00000000	      0.00000000	      0.00000000	      0.00000000	      0.00000000	      0.00000000	      0.00000000	      0.00000000	      0.00000000
      5.52000000	      0.00103132	      0.00543536	     -0.00228629	      0.00787941	     -0.00518649	     -0.01380172	     -0.00564305	      0.00000000	      0.00000000	      0.00000000	      0.00000000	      0.00000000	     -0.00000000	     -0.00000000	      0.00646059	     -0.00259634	     -0.01170204	      0.05165496	      0.02403595	     -0.00069860	      0.04706562	      0.03688300	      0.02098667	     -0.00319412	      0.01055217	     -0.00000000	     -0.00000000	     -0.01067158	     -0.00143192	     -0.00088936	     -0.00888750	      0.00229854	      0.00252161	     -0.00000000	      0.02865265	     -0.00000000	     -0.00000000	     -0.00000000	     -0.00000000	      0.00000000	      0.00000000	      0.00000000	      0.00000000	      0.00000000	      0.00000000	      0.00000000	      0.00000000	      0.00000000	      0.00000000	      0.00000000	      0.00000000	      0.00000000	      0.00000000	      0.00000000	      0.00000000	      0.00000000	      0.00000000	      0.00000000	      0.00000000	      0.00000000	      0.00000000	      0.00000000	      0.00000000	      0.00000000	      0.00000000	      0.00000000	      0.00000000	      0.00000000	      0.00000000	      0.00000000	      0.00000000	      0.00000000	      0.00000000	      0.00000000	      0.00000000	      0.00000000	      0.00000000	      0.00000000	      0.00000000	      0.00000000
      5.52500000	      0.00101866	      0.00543293	     -0.00229446	      0.00788635	     -0.00520327	     -0.01382515	     -0.00564121	     -0.00000000	     -0.00000000	     -0.00000000	      0.00000000	      0.00000000	     -0.00000000	     -0.00000000	      0.00642569	     -0.00261362	     -0.01169470	      0.05159160	      0.02395806	     -0.00077005	      0.04701503	      0.03683365	      0.02093788	     -0.00318101	      0.01054760	     -0.00000000	     -0.00000000	     -0.01072228	     -0.00143897	     -0.00088465	     -0.00889086	      0.00230367	      0.00253055	     -0.00000000	      0.02868734	     -0.00000000	      0.00000000	      0.00000000	      0.00000000	      0.00000000	      0.00000000	      0.00000000	      0.00000000	      0.00000000	      0.00000000	      0.00000000	      0.00000000	      0.00000000	      0.00000000	      0.00000000	      0.00000000	      0.00000000	      0.00000000	      0.00000000	      0.00000000	      0.00000000	      0.00000000	      0.00000000	      0.00000000	      0.00000000	      0.00000000	      0.00000000	      0.00000000	      0.00000000	      0.00000000	      0.00000000	      0.00000000	      0.00000000	      0.00000000	      0.00000000	      0.00000000	      0.00000000	      0.00000000	      0.00000000	      0.00000000	      0.00000000	      0.00000000	      0.00000000	      0.00000000	      0.00000000
      5.53000000	      0.00100542	      0.00543038	     -0.00230285	      0.00789337	     -0.00522057	     -0.01384942	     -0.00563918	      0.00000000	      0.00000000	      0.00000000	      0.00000000	     -0.00000000	      0.00000000	      0.00000000	      0.00639290	     -0.00262954	     -0.01168653	      0.05152912	      0.02388158	     -0.00083954	      0.04696562	      0.03678594	      0.02089090	     -0.00316743	      0.01054303	      0.00000000	      0.00000000	     -0.01077132	     -0.00144638	     -0.00087984	     -0.00889448	      0.00230890	      0.00253969	      0.00000000	      0.02872452	     -0.00000000	     -0.00000000	      0.00000000	     -0.00000000	     -0.00000000	      0.00000000	      0.00000000	      0.00000000	      0.00000000	      0.00000000	      0.00000000	      0.00000000	      0.00000000	      0.00000000	      0.00000000	      0.00000000	      0.00000000	      0.00000000	      0.00000000	      0.00000000	      0.00000000	      0.00000000	      0.00000000	      0.00000000	      0.00000000	      0.00000000	      0.00000000	      0.00000000	      0.00000000	      0.00000000	      0.00000000	      0.00000000	      0.00000000	      0.00000000	      0.00000000	      0.00000000	      0.00000000	      0.00000000	      0.00000000	      0.00000000	      0.00000000	      0.00000000	      0.00000000	      0.00000000	      0.00000000
      5.53500000	      0.00099158	      0.00542768	     -0.00231144	      0.00790047	     -0.00523840	     -0.01387453	     -0.00563696	      0.00000000	      0.00000000	      0.00000000	      0.00000000	     -0.00000000	      0.00000000	      0.00000000	      0.00636240	     -0.00264398	     -0.01167748	      0.05146767	      0.02380674	     -0.00090681	      0.04691757	      0.03674007	      0.02084595	     -0.00315333	      0.01053846	      0.00000000	      0.00000000	     -0.01081850	     -0.00145416	     -0.00087492	     -0.00889837	      0.00231423	      0.00254905	      0.00000000	      0.02876432	     -0.00000000	      0.00000000	     -0.00000000	     -0.00000000	     -0.00000000	      0.00000000	      0.00000000	      0.00000000	      0.00000000	      0.00000000	      0.00000000	      0.00000000	      0.00000000	      0.00000000	      0.00000000	      0.00000000	      0.00000000	      0.00000000	      0.00000000	      0.00000000	      0.00000000	      0.00000000	      0.00000000	      0.00000000	      0.00000000	      0.00000000	      0.00000000	      0.00000000	      0.00000000	      0.00000000	      0.00000000	      0.00000000	      0.00000000	      0.00000000	      0.00000000	      0.00000000	      0.00000000	      0.00000000	      0.00000000	      0.00000000	      0.00000000	      0.00000000	      0.00000000	      0.00000000	      0.00000000
      5.54000000	      0.00097712	      0.00542483	     -0.00232024	      0.00790758	     -0.00525677	     -0.01390052	     -0.00563453	      0.00000000	      0.00000000	      0.00000000	      0.00000000	     -0.00000000	      0.00000000	      0.00000000	      0.00633431	     -0.00265689	     -0.01166755	      0.05140735	      0.02373366	     -0.00097171	      0.04687096	      0.03669616	      0.02080315	     -0.00313869	      0.01053391	      0.00000000	     -0.00000000	     -0.01086369	     -0.00146231	     -0.00086991	     -0.00890254	      0.00231968	      0.00255862	     -0.00000000	      0.02880682	      0.00000000	      0.00000000	     -0.00000000	     -0.00000000	      0.00000000	      0.00000000	      0.00000000	      0.00000000	      0.00000000	      0.00000000	      0.00000000	      0.00000000	      0.00000000	      0.00000000	      0.00000000	      0.00000000	      0.00000000	      0.00000000	      0.00000000	      0.00000000	      0.00000000	      0.00000000	      0.00000000	      0.00000000	      0.00000000	      0.00000000	      0.00000000	      0.00000000	      0.00000000	      0.00000000	      0.00000000	      0.00000000	      0.00000000	      0.00000000	      0.00000000	      0.00000000	      0.00000000	      0.00000000	      0.00000000	      0.00000000	      0.00000000	      0.00000000	      0.00000000	      0.00000000	      0.00000000
      5.54500000	      0.00096203	      0.00542183	     -0.00232925	      0.00791482	     -0.00527570	     -0.01392739	     -0.00563189	      0.00000000	      0.00000000	      0.00000000	      0.00000000	      0.00000000	      0.00000000	      0.00000000	      0.00630867	     -0.00266825	     -0.01165671	      0.05134820	      0.02366239	     -0.00103419	      0.04682584	      0.03665423	      0.02076255	     -0.00312347	      0.01052937	      0.00000000	      0.00000000	     -0.01090684	     -0.00147083	     -0.00086480	     -0.00890700	      0.00232524	      0.00256842	      0.00000000	      0.02885207	      0.00000000	      0.00000000	     -0.00000000	     -0.00000000	     -0.00000000	      0.00000000	      0.00000000	      0.00000000	      0.00000000	      0.00000000	      0.00000000	      0.00000000	      0.00000000	      0.00000000	      0.00000000	      0.00000000	      0.00000000	      0.00000000	      0.00000000	      0.00000000	      0.00000000	      0.00000000	      0.00000000	      0.00000000	      0.00000000	      0.00000000	      0.00000000	      0.00000000	      0.00000000	      0.00000000	      0.00000000	      0.00000000	      0.00000000	      0.00000000	      0.00000000	      0.00000000	      0.00000000	      0.00000000	      0.00000000	      0.00000000	      0.00000000	      0.00000000	      0.00000000	      0.00000000	      0.00000000
      5.55000000	      0.00094631	      0.00541868	     -0.00233847	      0.00792208	     -0.00529518	     -0.01395516	     -0.00562904	     -0.00000000	     -0.00000000	     -0.00000000	     -0.00000000	     -0.00000000	     -0.00000000	     -0.00000000	      0.00628547	     -0.00267809	     -0.01164496	      0.05129017	      0.02359288	     -0.00109432	      0.04678217	      0.03661425	      0.02072409	     -0.00310767	      0.01052485	      0.00000000	      0.00000000	     -0.01094800	     -0.00147974	     -0.00085959	     -0.00891175	      0.00233092	      0.00257847	     -0.00000000	      0.02890008	      0.00000000	      0.00000000	     -0.00000000	     -0.00000000	     -0.00000000	      0.00000000	      0.00000000	      0.00000000	      0.00000000	      0.00000000	      0.00000000	      0.00000000	      0.00000000	      0.00000000	      0.00000000	      0.00000000	      0.00000000	      0.00000000	      0.00000000	      0.00000000	      0.00000000	      0.00000000	      0.00000000	      0.00000000	      0.00000000	      0.00000000	      0.00000000	      0.00000000	      0.00000000	      0.00000000	      0.00000000	      0.00000000	      0.00000000	      0.00000000	      0.00000000	      0.00000000	      0.00000000	      0.00000000	      0.00000000	      0.00000000	      0.00000000	      0.00000000	      0.00000000	      0.00000000	      0.00000000
      5.55500000	      0.00092993	      0.00541536	     -0.00234791	      0.00792942	     -0.00531524	     -0.01398386	     -0.00562598	     -0.00000000	      0.00000000	      0.00000000	      0.00000000	      0.00000000	      0.00000000	      0.00000000	      0.00626462	     -0.00268645	     -0.01163231	      0.05123316	      0.02352497	     -0.00115223	      0.04673984	      0.03657611	      0.02068767	     -0.00309125	      0.01052033	      0.00000000	      0.00000000	     -0.01098729	     -0.00148902	     -0.00085428	     -0.00891679	      0.00233672	      0.00258876	      0.00000000	      0.02895081	      0.00000000	     -0.00000000	     -0.00000000	     -0.00000000	     -0.00000000	      0.00000000	      0.00000000	      0.00000000	      0.00000000	      0.00000000	      0.00000000	      0.00000000	      0.00000000	      0.00000000	      0.00000000	      0.00000000	      0.00000000	      0.00000000	      0.00000000	      0.00000000	      0.00000000	      0.00000000	      0.00000000	      0.00000000	      0.00000000	      0.00000000	      0.00000000	      0.00000000	      0.00000000	      0.00000000	      0.00000000	      0.00000000	      0.00000000	      0.00000000	      0.00000000	      0.00000000	      0.00000000	      0.00000000	      0.00000000	      0.00000000	      0.00000000	      0.00000000	      0.00000000	      0.00000000	      0.00000000
      5.56000000	      0.00091291	      0.00541189	     -0.00235758	      0.00793692	     -0.00533587	     -0.01401349	     -0.00562270	     -0.00000000	      0.00000000	     -0.00000000	     -0.00000000	      0.00000000	     -0.00000000	     -0.00000000	      0.00624599	     -0.00269341	     -0.01161878	      0.05117701	      0.02345845	     -0.00120816	      0.04669872	      0.03653963	      0.02065310	     -0.00307421	      0.01051580	      0.00000000	      0.00000000	     -0.01102489	     -0.00149869	     -0.00084885	     -0.00892210	      0.00234266	      0.00259932	     -0.00000000	      0.02900422	      0.00000000	      0.00000000	     -0.00000000	     -0.00000000	     -0.00000000	      0.00000000	      0.00000000	      0.00000000	      0.00000000	      0.00000000	      0.00000000	      0.00000000	      0.00000000	      0.00000000	      0.00000000	      0.00000000	      0.00000000	      0.00000000	      0.00000000	      0.00000000	      0.00000000	      0.00000000	      0.00000000	      0.00000000	      0.00000000	      0.00000000	      0.00000000	      0.00000000	      0.00000000	      0.00000000	      0.00000000	      0.00000000	      0.00000000	      0.00000000	      0.00000000	      0.00000000	      0.00000000	      0.00000000	      0.00000000	      0.00000000	      0.00000000	      0.00000000	      0.00000000	      0.00000000	      0.00000000
      5.56500000	      0.00089522	      0.00540825	     -0.00236749	      0.00794451	     -0.00535709	     -0.01404405	     -0.00561922	      0.00000000	     -0.00000000	      0.00000000	     -0.00000000	     -0.00000000	     -0.00000000	     -0.00000000	      0.00622939	     -0.00269908	     -0.01160439	      0.05112149	      0.02339304	     -0.00126242	      0.04665858	      0.03650458	      0.02062012	     -0.00305654	      0.01051125	      0.00000000	     -0.00000000	     -0.01106106	     -0.00150874	     -0.00084331	     -0.00892769	      0.00234874	      0.00261015	     -0.00000000	      0.02906019	     -0.00000000	     -0.00000000	      0.00000000	     -0.00000000	     -0.00000000	      0.00000000	      0.00000000	      0.00000000	      0.00000000	      0.00000000	      0.00000000	      0.00000000	      0.00000000	      0.00000000	      0.00000000	      0.00000000	      0.00000000	      0.00000000	      0.00000000	      0.00000000	      0.00000000	      0.00000000	      0.00000000	      0.00000000	      0.00000000	      0.00000000	      0.00000000	      0.00000000	      0.00000000	      0.00000000	      0.00000000	      0.00000000	      0.00000000	      0.00000000	      0.00000000	      0.00000000	      0.00000000	      0.00000000	      0.00000000	      0.00000000	      0.00000000	      0.00000000	      0.00000000	      0.00000000	      0.00000000
      5.57000000	      0.00087689	      0.00540446	     -0.00237764	      0.00795217	     -0.00537891	     -0.01407556	     -0.00561553	     -0.00000000	     -0.00000000	     -0.00000000	     -0.00000000	     -0.00000000	      0.00000000	     -0.00000000	      0.00621459	     -0.00270361	     -0.01158918	      0.05106635	      0.02332837	     -0.00131540	      0.04661918	      0.03647067	      0.02058842	     -0.00303823	      0.01050665	     -0.00000000	     -0.00000000	     -0.01109610	     -0.00151916	     -0.00083764	     -0.00893352	      0.00235497	      0.00262129	      0.00000000	      0.02911860	     -0.00000000	     -0.00000000	      0.00000000	      0.00000000	     -0.00000000	      0.00000000	      0.00000000	      0.00000000	      0.00000000	      0.00000000	      0.00000000	      0.00000000	      0.00000000	      0.00000000	      0.00000000	      0.00000000	      0.00000000	      0.00000000	      0.00000000	      0.00000000	      0.00000000	      0.00000000	      0.00000000	      0.00000000	      0.00000000	      0.00000000	      0.00000000	      0.00000000	      0.00000000	      0.00000000	      0.00000000	      0.00000000	      0.00000000	      0.00000000	      0.00000000	      0.00000000	      0.00000000	      0.00000000	      0.00000000	      0.00000000	      0.00000000	      0.00000000	      0.00000000	      0.00000000	      0.00000000
      5.57500000	      0.00085791	      0.00540049	     -0.00238804	      0.00796001	     -0.00540132	     -0.01410802	     -0.00561165	      0.00000000	     -0.00000000	     -0.00000000	     -0.00000000	     -0.00000000	     -0.00000000	     -0.00000000	      0.00620135	     -0.00270712	     -0.01157317	      0.05101128	      0.02326405	     -0.00136752	      0.04658024	      0.03643758	      0.02055766	     -0.00301930	      0.01050199	     -0.00000000	     -0.00000000	     -0.01113037	     -0.00152996	     -0.00083184	     -0.00893960	      0.00236136	      0.00263273	     -0.00000000	      0.02917930	     -0.00000000	      0.00000000	      0.00000000	      0.00000000	      0.00000000	      0.00000000	      0.00000000	      0.00000000	      0.00000000	      0.00000000	      0.00000000	      0.00000000	      0.00000000	      0.00000000	      0.00000000	      0.00000000	      0.00000000	      0.00000000	      0.00000000	      0.00000000	      0.00000000	      0.00000000	      0.00000000	      0.00000000	      0.00000000	      0.00000000	      0.00000000	      0.00000000	      0.00000000	      0.00000000	      0.00000000	      0.00000000	      0.00000000	      0.00000000	      0.00000000	      0.00000000	      0.00000000	      0.00000000	      0.00000000	      0.00000000	      0.00000000	      0.00000000	      0.00000000	      0.00000000	      0.00000000
      5.58000000	      0.00083828	      0.00539637	     -0.00239870	      0.00796827	     -0.00542433	     -0.01414142	     -0.00560758	     -0.00000000	     -0.00000000	      0.00000000	      0.00000000	     -0.00000000	     -0.00000000	     -0.00000000	      0.00618938	     -0.00270979	     -0.01155640	      0.05095597	      0.02319965	     -0.00141924	      0.04654146	      0.03640495	      0.02052746	     -0.00299973	      0.01049723	     -0.00000000	     -0.00000000	     -0.01116424	     -0.00154113	     -0.00082590	     -0.00894590	      0.00236793	      0.00264449	     -0.00000000	      0.02924212	     -0.00000000	     -0.00000000	      0.00000000	     -0.00000000	     -0.00000000	      0.00000000	      0.00000000	      0.00000000	      0.00000000	      0.00000000	      0.00000000	      0.00000000	      0.00000000	      0.00000000	      0.00000000	      0.00000000	      0.00000000	      0.00000000	      0.00000000	      0.00000000	      0.00000000	      0.00000000	      0.00000000	      0.00000000	      0.00000000	      0.00000000	      0.00000000	      0.00000000	      0.00000000	      0.00000000	      0.00000000	      0.00000000	      0.00000000	      0.00000000	      0.00000000	      0.00000000	      0.00000000	      0.00000000	      0.00000000	      0.00000000	      0.00000000	      0.00000000	      0.00000000	      0.00000000	      0.00000000
      5.58500000	      0.00081803	      0.00539208	     -0.00240963	      0.00797636	     -0.00544795	     -0.01417576	     -0.00560333	      0.00000000	     -0.00000000	     -0.00000000	      0.00000000	     -0.00000000	     -0.00000000	     -0.00000000	      0.00617837	     -0.00271179	     -0.01153893	      0.05089967	      0.02313472	     -0.00147106	      0.04650251	      0.03637242	      0.02049741	     -0.00297955	      0.01049235	     -0.00000000	      0.00000000	     -0.01119812	     -0.00155266	     -0.00081982	     -0.00895239	      0.00237467	      0.00265659	     -0.00000000	      0.02930688	     -0.00000000	     -0.00000000	     -0.00000000	     -0.00000000	      0.00000000	      0.00000000	      0.00000000	      0.00000000	      0.00000000	      0.00000000	      0.00000000	      0.00000000	      0.00000000	      0.00000000	      0.00000000	      0.00000000	      0.00000000	      0.00000000	      0.00000000	      0.00000000	      0.00000000	      0.00000000	      0.00000000	      0.00000000	      0.00000000	      0.00000000	      0.00000000	      0.00000000	      0.00000000	      0.00000000	      0.00000000	      0.00000000	      0.00000000	      0.00000000	      0.00000000	      0.00000000	      0.00000000	      0.00000000	      0.00000000	      0.00000000	      0.00000000	      0.00000000	      0.00000000	      0.00000000	      0.00000000
      5.59000000	      0.00079716	      0.00538764	     -0.00242084	      0.00798468	     -0.00547217	     -0.01421104	     -0.00559892	     -0.00000000	     -0.00000000	      0.00000000	      0.00000000	      0.00000000	      0.00000000	      0.00000000	      0.00616801	     -0.00271331	     -0.01152079	      0.05084007	      0.02306881	     -0.00152346	      0.04646308	      0.03633962	      0.02046713	     -0.00295877	      0.01048733	      0.00000000	     -0.00000000	     -0.01123241	     -0.00156454	     -0.00081358	     -0.00895906	      0.00238161	      0.00266904	      0.00000000	      0.02937335	      0.00000000	      0.00000000	      0.00000000	     -0.00000000	     -0.00000000	      0.00000000	      0.00000000	      0.00000000	      0.00000000	      0.00000000	      0.00000000	      0.00000000	      0.00000000	      0.00000000	      0.00000000	      0.00000000	      0.00000000	      0.00000000	      0.00000000	      0.00000000	      0.00000000	      0.00000000	      0.00000000	      0.00000000	      0.00000000	      0.00000000	      0.00000000	      0.00000000	      0.00000000	      0.00000000	      0.00000000	      0.00000000	      0.00000000	      0.00000000	      0.00000000	      0.00000000	      0.00000000	      0.00000000	      0.00000000	      0.00000000	      0.00000000	      0.00000000	      0.00000000	      0.00000000	      0.00000000
      5.59500000	      0.00077569	      0.00538304	     -0.00243233	      0.00799308	     -0.00549698	     -0.01424722	     -0.00559436	     -0.00000000	     -0.00000000	     -0.00000000	     -0.00000000	      0.00000000	     -0.00000000	     -0.00000000	      0.00615799	     -0.00271455	     -0.01150204	      0.05077924	      0.02300148	     -0.00157693	      0.04642284	      0.03630617	      0.02043620	     -0.00293742	      0.01048214	     -0.00000000	     -0.00000000	     -0.01126751	     -0.00157676	     -0.00080718	     -0.00896587	      0.00238874	      0.00268183	     -0.00000000	      0.02944133	     -0.00000000	     -0.00000000	      0.00000000	     -0.00000000	     -0.00000000	      0.00000000	      0.00000000	      0.00000000	      0.00000000	      0.00000000	      0.00000000	      0.00000000	      0.00000000	      0.00000000	      0.00000000	      0.00000000	      0.00000000	      0.00000000	      0.00000000	      0.00000000	      0.00000000	      0.00000000	      0.00000000	      0.00000000	      0.00000000	      0.00000000	      0.00000000	      0.00000000	      0.00000000	      0.00000000	      0.00000000	      0.00000000	      0.00000000	      0.00000000	      0.00000000	      0.00000000	      0.00000000	      0.00000000	      0.00000000	      0.00000000	      0.00000000	      0.00000000	      0.00000000	      0.00000000	      0.00000000
      5.60000000	      0.00075365	      0.00537829	     -0.00244410	      0.00800172	     -0.00552237	     -0.01428428	     -0.00558966	      0.00000000	      0.00000000	     -0.00000000	      0.00000000	      0.00000000	     -0.00000000	     -0.00000000	      0.00614800	     -0.00271569	     -0.01148273	      0.05071686	      0.02293231	     -0.00163194	      0.04638150	      0.03627171	      0.02040424	     -0.00291552	      0.01047677	     -0.00000000	     -0.00000000	     -0.01130379	     -0.00158929	     -0.00080062	     -0.00897282	      0.00239606	      0.00269498	     -0.00000000	      0.02951058	     -0.00000000	     -0.00000000	      0.00000000	     -0.00000000	      0.00000000	      0.00000000	      0.00000000	      0.00000000	      0.00000000	      0.00000000	      0.00000000	      0.00000000	      0.00000000	      0.00000000	      0.00000000	      0.00000000	      0.00000000	      0.00000000	      0.00000000	      0.00000000	      0.00000000	      0.00000000	      0.00000000	      0.00000000	      0.00000000	      0.00000000	      0.00000000	      0.00000000	      0.00000000	      0.00000000	      0.00000000	      0.00000000	      0.00000000	      0.00000000	      0.00000000	      0.00000000	      0.00000000	      0.00000000	      0.00000000	      0.00000000	      0.00000000	      0.00000000	      0.00000000	      0.00000000	      0.00000000
      5.60500000	      0.00073107	      0.00537340	     -0.00245616	      0.00801050	     -0.00554832	     -0.01432219	     -0.00558483	     -0.00000000	     -0.00000000	      0.00000000	     -0.00000000	     -0.00000000	     -0.00000000	     -0.00000000	      0.00613772	     -0.00271693	     -0.01146293	      0.05065267	      0.02286090	     -0.00168892	      0.04633876	      0.03623592	      0.02037089	     -0.00289311	      0.01047119	     -0.00000000	     -0.00000000	     -0.01134161	     -0.00160213	     -0.00079389	     -0.00897986	      0.00240359	      0.00270848	     -0.00000000	      0.02958086	     -0.00000000	     -0.00000000	     -0.00000000	     -0.00000000	     -0.00000000	      0.00000000	      0.00000000	      0.00000000	      0.00000000	      0.00000000	      0.00000000	      0.00000000	      0.00000000	      0.00000000	      0.00000000	      0.00000000	      0.00000000	      0.00000000	      0.00000000	      0.00000000	      0.00000000	      0.00000000	      0.00000000	      0.00000000	      0.00000000	      0.00000000	      0.00000000	      0.00000000	      0.00000000	      0.00000000	      0.00000000	      0.00000000	      0.00000000	      0.00000000	      0.00000000	      0.00000000	      0.00000000	      0.00000000	      0.00000000	      0.00000000	      0.00000000	      0.00000000	      0.00000000	      0.00000000	      0.00000000
      5.61000000	      0.00070799	      0.00536837	     -0.00246849	      0.00801959	     -0.00557481	     -0.01436089	     -0.00557989	      0.00000000	     -0.00000000	      0.00000000	      0.00000000	     -0.00000000	     -0.00000000	      0.00000000	      0.00612686	     -0.00271848	     -0.01144270	      0.05058638	      0.02278692	     -0.00174827	      0.04629438	      0.03619847	      0.02033583	     -0.00287023	      0.01046540	     -0.00000000	     -0.00000000	     -0.01138128	     -0.00161524	     -0.00078699	     -0.00898697	      0.00241131	      0.00272231	      0.00000000	      0.02965193	     -0.00000000	      0.00000000	     -0.00000000	      0.00000000	     -0.00000000	      0.00000000	      0.00000000	      0.00000000	      0.00000000	      0.00000000	      0.00000000	      0.00000000	      0.00000000	      0.00000000	      0.00000000	      0.00000000	      0.00000000	      0.00000000	      0.00000000	      0.00000000	      0.00000000	      0.00000000	      0.00000000	      0.00000000	      0.00000000	      0.00000000	      0.00000000	      0.00000000	      0.00000000	      0.00000000	      0.00000000	      0.00000000	      0.00000000	      0.00000000	      0.00000000	      0.00000000	      0.00000000	      0.00000000	      0.00000000	      0.00000000	      0.00000000	      0.00000000	      0.00000000	      0.00000000	      0.00000000
      5.61500000	      0.00068446	      0.00536321	     -0.00248109	      0.00802888	     -0.00560181	     -0.01440034	     -0.00557487	      0.00000000	     -0.00000000	     -0.00000000	      0.00000000	      0.00000000	     -0.00000000	     -0.00000000	      0.00611515	     -0.00272051	     -0.01142210	      0.05051780	      0.02271007	     -0.00181032	      0.04624813	      0.03615912	      0.02029876	     -0.00284691	      0.01045939	      0.00000000	     -0.00000000	     -0.01142310	     -0.00162859	     -0.00077993	     -0.00899412	      0.00241921	      0.00273647	     -0.00000000	      0.02972352	      0.00000000	      0.00000000	      0.00000000	      0.00000000	     -0.00000000	      0.00000000	      0.00000000	      0.00000000	      0.00000000	      0.00000000	      0.00000000	      0.00000000	      0.00000000	      0.00000000	      0.00000000	      0.00000000	      0.00000000	      0.00000000	      0.00000000	      0.00000000	      0.00000000	      0.00000000	      0.00000000	      0.00000000	      0.00000000	      0.00000000	      0.00000000	      0.00000000	      0.00000000	      0.00000000	      0.00000000	      0.00000000	      0.00000000	      0.00000000	      0.00000000	      0.00000000	      0.00000000	      0.00000000	      0.00000000	      0.00000000	      0.00000000	      0.00000000	      0.00000000	      0.00000000	      0.00000000
      5.62000000	      0.00066052	      0.00535793	     -0.00249395	      0.00803836	     -0.00562927	     -0.01444046	     -0.00556976	      0.00000000	     -0.00000000	     -0.00000000	     -0.00000000	     -0.00000000	     -0.00000000	     -0.00000000	      0.00610233	     -0.00272322	     -0.01140122	      0.05044674	      0.02263011	     -0.00187537	      0.04619983	      0.03611760	      0.02025942	     -0.00282323	      0.01045316	     -0.00000000	     -0.00000000	     -0.01146730	     -0.00164214	     -0.00077272	     -0.00900128	      0.00242730	      0.00275093	     -0.00000000	      0.02979537	      0.00000000	      0.00000000	     -0.00000000	      0.00000000	      0.00000000	      0.00000000	      0.00000000	      0.00000000	      0.00000000	      0.00000000	      0.00000000	      0.00000000	      0.00000000	      0.00000000	      0.00000000	      0.00000000	      0.00000000	      0.00000000	      0.00000000	      0.00000000	      0.00000000	      0.00000000	      0.00000000	      0.00000000	      0.00000000	      0.00000000	      0.00000000	      0.00000000	      0.00000000	      0.00000000	      0.00000000	      0.00000000	      0.00000000	      0.00000000	      0.00000000	      0.00000000	      0.00000000	      0.00000000	      0.00000000	      0.00000000	      0.00000000	      0.00000000	      0.00000000	      0.00000000	      0.00000000
      5.62500000	      0.00063623	      0.00535254	     -0.00250704	      0.00804803	     -0.00565714	     -0.01448116	     -0.00556460	     -0.00000000	      0.00000000	      0.00000000	     -0.00000000	      0.00000000	     -0.00000000	     -0.00000000	      0.00608818	     -0.00272677	     -0.01138011	      0.05037309	      0.02254687	     -0.00194364	      0.04614934	      0.03607375	      0.02021761	     -0.00279923	      0.01044671	      0.00000000	     -0.00000000	     -0.01151406	     -0.00165587	     -0.00076535	     -0.00900842	      0.00243554	      0.00276567	      0.00000000	      0.02986721	     -0.00000000	      0.00000000	      0.00000000	     -0.00000000	     -0.00000000	      0.00000000	      0.00000000	      0.00000000	      0.00000000	      0.00000000	      0.00000000	      0.00000000	      0.00000000	      0.00000000	      0.00000000	      0.00000000	      0.00000000	      0.00000000	      0.00000000	      0.00000000	      0.00000000	      0.00000000	      0.00000000	      0.00000000	      0.00000000	      0.00000000	      0.00000000	      0.00000000	      0.00000000	      0.00000000	      0.00000000	      0.00000000	      0.00000000	      0.00000000	      0.00000000	      0.00000000	      0.00000000	      0.00000000	      0.00000000	      0.00000000	      0.00000000	      0.00000000	      0.00000000	      0.00000000	      0.00000000
      5.63000000	      0.00061167	      0.00534707	     -0.00252035	      0.00805786	     -0.00568536	     -0.01452235	     -0.00555939	     -0.00000000	      0.00000000	      0.00000000	      0.00000000	     -0.00000000	     -0.00000000	     -0.00000000	      0.00607251	     -0.00273131	     -0.01135887	      0.05029676	      0.02246024	     -0.00201530	      0.04609657	      0.03602743	      0.02017318	     -0.00277498	      0.01044004	     -0.00000000	      0.00000000	     -0.01156352	     -0.00166971	     -0.00075785	     -0.00901551	      0.00244394	      0.00278065	     -0.00000000	      0.02993875	     -0.00000000	     -0.00000000	      0.00000000	      0.00000000	     -0.00000000	      0.00000000	      0.00000000	      0.00000000	      0.00000000	      0.00000000	      0.00000000	      0.00000000	      0.00000000	      0.00000000	      0.00000000	      0.00000000	      0.00000000	      0.00000000	      0.00000000	      0.00000000	      0.00000000	      0.00000000	      0.00000000	      0.00000000	      0.00000000	      0.00000000	      0.00000000	      0.00000000	      0.00000000	      0.00000000	      0.00000000	      0.00000000	      0.00000000	      0.00000000	      0.00000000	      0.00000000	      0.00000000	      0.00000000	      0.00000000	      0.00000000	      0.00000000	      0.00000000	      0.00000000	      0.00000000	      0.00000000
      5.63500000	      0.00058690	      0.00534151	     -0.00253385	      0.00806782	     -0.00571387	     -0.01456392	     -0.00555417	     -0.00000000	      0.00000000	      0.00000000	      0.00000000	      0.00000000	     -0.00000000	     -0.00000000	      0.00605516	     -0.00273696	     -0.01133757	      0.05021776	      0.02237019	     -0.00209042	      0.04604146	      0.03597854	      0.02012604	     -0.00275055	      0.01043317	      0.00000000	     -0.00000000	     -0.01161575	     -0.00168363	     -0.00075022	     -0.00902252	      0.00245246	      0.00279585	     -0.00000000	      0.03000973	      0.00000000	      0.00000000	     -0.00000000	     -0.00000000	     -0.00000000	      0.00000000	      0.00000000	      0.00000000	      0.00000000	      0.00000000	      0.00000000	      0.00000000	      0.00000000	      0.00000000	      0.00000000	      0.00000000	      0.00000000	      0.00000000	      0.00000000	      0.00000000	      0.00000000	      0.00000000	      0.00000000	      0.00000000	      0.00000000	      0.00000000	      0.00000000	      0.00000000	      0.00000000	      0.00000000	      0.00000000	      0.00000000	      0.00000000	      0.00000000	      0.00000000	      0.00000000	      0.00000000	      0.00000000	      0.00000000	      0.00000000	      0.00000000	      0.00000000	      0.00000000	      0.00000000	      0.00000000
      5.64000000	      0.00056201	      0.00533589	     -0.00254750	      0.00807788	     -0.00574258	     -0.01460576	     -0.00554894	      0.00000000	      0.00000000	      0.00000000	     -0.00000000	      0.00000000	     -0.00000000	     -0.00000000	      0.00603604	     -0.00274382	     -0.01131628	      0.05013612	      0.02227677	     -0.00216902	      0.04598404	      0.03592706	      0.02007613	     -0.00272601	      0.01042611	      0.00000000	      0.00000000	     -0.01167078	     -0.00169759	     -0.00074249	     -0.00902942	      0.00246109	      0.00281121	     -0.00000000	      0.03007987	      0.00000000	      0.00000000	      0.00000000	     -0.00000000	     -0.00000000	      0.00000000	      0.00000000	      0.00000000	      0.00000000	      0.00000000	      0.00000000	      0.00000000	      0.00000000	      0.00000000	      0.00000000	      0.00000000	      0.00000000	      0.00000000	      0.00000000	      0.00000000	      0.00000000	      0.00000000	      0.00000000	      0.00000000	      0.00000000	      0.00000000	      0.00000000	      0.00000000	      0.00000000	      0.00000000	      0.00000000	      0.00000000	      0.00000000	      0.00000000	      0.00000000	      0.00000000	      0.00000000	      0.00000000	      0.00000000	      0.00000000	      0.00000000	      0.00000000	      0.00000000	      0.00000000	      0.00000000
      5.64500000	      0.00053706	      0.00533023	     -0.00256127	      0.00808806	     -0.00577142	     -0.01464774	     -0.00554373	     -0.00000000	      0.00000000	     -0.00000000	      0.00000000	      0.00000000	     -0.00000000	     -0.00000000	      0.00601507	     -0.00275197	     -0.01129508	      0.05005196	      0.02218009	     -0.00225102	      0.04592435	      0.03587301	      0.02002349	     -0.00270145	      0.01041888	      0.00000000	     -0.00000000	     -0.01172858	     -0.00171152	     -0.00073467	     -0.00903618	      0.00246980	      0.00282669	     -0.00000000	      0.03014890	      0.00000000	      0.00000000	     -0.00000000	      0.00000000	      0.00000000	      0.00000000	      0.00000000	      0.00000000	      0.00000000	      0.00000000	      0.00000000	      0.00000000	      0.00000000	      0.00000000	      0.00000000	      0.00000000	      0.00000000	      0.00000000	      0.00000000	      0.00000000	      0.00000000	      0.00000000	      0.00000000	      0.00000000	      0.00000000	      0.00000000	      0.00000000	      0.00000000	      0.00000000	      0.00000000	      0.00000000	      0.00000000	      0.00000000	      0.00000000	      0.00000000	      0.00000000	      0.00000000	      0.00000000	      0.00000000	      0.00000000	      0.00000000	      0.00000000	      0.00000000	      0.00000000	      0.00000000
      5.65000000	      0.00051216	      0.00532455	     -0.00257512	      0.00809832	     -0.00580031	     -0.01468972	     -0.00553854	     -0.00000000	     -0.00000000	      0.00000000	      0.00000000	      0.00000000	     -0.00000000	     -0.00000000	      0.00599223	     -0.00276143	     -0.01127405	      0.04996543	      0.02208035	     -0.00233629	      0.04586250	      0.03581649	      0.01996818	     -0.00267694	      0.01041150	      0.00000000	      0.00000000	     -0.01178903	     -0.00172539	     -0.00072679	     -0.00904277	      0.00247857	      0.00284226	     -0.00000000	      0.03021656	     -0.00000000	      0.00000000	     -0.00000000	      0.00000000	     -0.00000000	      0.00000000	      0.00000000	      0.00000000	      0.00000000	      0.00000000	      0.00000000	      0.00000000	      0.00000000	      0.00000000	      0.00000000	      0.00000000	      0.00000000	      0.00000000	      0.00000000	      0.00000000	      0.00000000	      0.00000000	      0.00000000	      0.00000000	      0.00000000	      0.00000000	      0.00000000	      0.00000000	      0.00000000	      0.00000000	      0.00000000	      0.00000000	      0.00000000	      0.00000000	      0.00000000	      0.00000000	      0.00000000	      0.00000000	      0.00000000	      0.00000000	      0.00000000	      0.00000000	      0.00000000	      0.00000000	      0.00000000
      5.65500000	      0.00048738	      0.00531886	     -0.00258901	      0.00810861	     -0.00582913	     -0.01473157	     -0.00553341	      0.00000000	      0.00000000	      0.00000000	     -0.00000000	      0.00000000	      0.00000000	      0.00000000	      0.00596756	     -0.00277222	     -0.01125324	      0.04987676	      0.02197781	     -0.00242463	      0.04579865	      0.03575761	      0.01991034	     -0.00265256	      0.01040399	     -0.00000000	     -0.00000000	     -0.01185201	     -0.00173914	     -0.00071887	     -0.00904917	      0.00248737	      0.00285785	      0.00000000	      0.03028262	     -0.00000000	     -0.00000000	      0.00000000	     -0.00000000	      0.00000000	      0.00000000	      0.00000000	      0.00000000	      0.00000000	      0.00000000	      0.00000000	      0.00000000	      0.00000000	      0.00000000	      0.00000000	      0.00000000	      0.00000000	      0.00000000	      0.00000000	      0.00000000	      0.00000000	      0.00000000	      0.00000000	      0.00000000	      0.00000000	      0.00000000	      0.00000000	      0.00000000	      0.00000000	      0.00000000	      0.00000000	      0.00000000	      0.00000000	      0.00000000	      0.00000000	      0.00000000	      0.00000000	      0.00000000	      0.00000000	      0.00000000	      0.00000000	      0.00000000	      0.00000000	      0.00000000	      0.00000000
      5.66000000	      0.00046280	      0.00531319	     -0.00260289	      0.00811895	     -0.00585782	     -0.01477315	     -0.00552833	     -0.00000000	     -0.00000000	      0.00000000	     -0.00000000	     -0.00000000	     -0.00000000	     -0.00000000	      0.00594112	     -0.00278431	     -0.01123274	      0.04978621	      0.02187277	     -0.00251575	      0.04573299	      0.03569657	      0.01985014	     -0.00262839	      0.01039637	     -0.00000000	     -0.00000000	     -0.01191730	     -0.00175273	     -0.00071094	     -0.00905536	      0.00249618	      0.00287343	     -0.00000000	      0.03034687	     -0.00000000	     -0.00000000	      0.00000000	      0.00000000	      0.00000000	      0.00000000	      0.00000000	      0.00000000	      0.00000000	      0.00000000	      0.00000000	      0.00000000	      0.00000000	      0.00000000	      0.00000000	      0.00000000	      0.00000000	      0.00000000	      0.00000000	      0.00000000	      0.00000000	      0.00000000	      0.00000000	      0.00000000	      0.00000000	      0.00000000	      0.00000000	      0.00000000	      0.00000000	      0.00000000	      0.00000000	      0.00000000	      0.00000000	      0.00000000	      0.00000000	      0.00000000	      0.00000000	      0.00000000	      0.00000000	      0.00000000	      0.00000000	      0.00000000	      0.00000000	      0.00000000	      0.00000000
      5.66500000	      0.00043849	      0.00530755	     -0.00261672	      0.00812923	     -0.00588628	     -0.01481434	     -0.00552333	      0.00000000	      0.00000000	      0.00000000	      0.00000000	      0.00000000	      0.00000000	     -0.00000000	      0.00591304	     -0.00279762	     -0.01121257	      0.04969407	      0.02176560	     -0.00260933	      0.04566575	      0.03563358	      0.01978781	     -0.00260450	      0.01038868	      0.00000000	      0.00000000	     -0.01198469	     -0.00176613	     -0.00070301	     -0.00906132	      0.00250496	      0.00288895	     -0.00000000	      0.03040913	     -0.00000000	     -0.00000000	     -0.00000000	      0.00000000	      0.00000000	      0.00000000	      0.00000000	      0.00000000	      0.00000000	      0.00000000	      0.00000000	      0.00000000	      0.00000000	      0.00000000	      0.00000000	      0.00000000	      0.00000000	      0.00000000	      0.00000000	      0.00000000	      0.00000000	      0.00000000	      0.00000000	      0.00000000	      0.00000000	      0.00000000	      0.00000000	      0.00000000	      0.00000000	      0.00000000	      0.00000000	      0.00000000	      0.00000000	      0.00000000	      0.00000000	      0.00000000	      0.00000000	      0.00000000	      0.00000000	      0.00000000	      0.00000000	      0.00000000	      0.00000000	      0.00000000	      0.00000000
      5.67000000	      0.00041454	      0.00530196	     -0.00263047	      0.00813945	     -0.00591442	     -0.01485501	     -0.00551841	     -0.00000000	     -0.00000000	      0.00000000	     -0.00000000	      0.00000000	     -0.00000000	     -0.00000000	      0.00588351	     -0.00281204	     -0.01119279	      0.04960069	      0.02165672	     -0.00270498	      0.04559721	      0.03556893	      0.01972362	     -0.00258095	      0.01038092	     -0.00000000	     -0.00000000	     -0.01205388	     -0.00177930	     -0.00069511	     -0.00906704	      0.00251370	      0.00290437	     -0.00000000	      0.03046925	     -0.00000000	      0.00000000	     -0.00000000	     -0.00000000	      0.00000000	      0.00000000	      0.00000000	      0.00000000	      0.00000000	      0.00000000	      0.00000000	      0.00000000	      0.00000000	      0.00000000	      0.00000000	      0.00000000	      0.00000000	      0.00000000	      0.00000000	      0.00000000	      0.00000000	      0.00000000	      0.00000000	      0.00000000	      0.00000000	      0.00000000	      0.00000000	      0.00000000	      0.00000000	      0.00000000	      0.00000000	      0.00000000	      0.00000000	      0.00000000	      0.00000000	      0.00000000	      0.00000000	      0.00000000	      0.00000000	      0.00000000	      0.00000000	      0.00000000	      0.00000000	      0.00000000	      0.00000000
      5.67500000	      0.00039099	      0.00529643	     -0.00264408	      0.00814962	     -0.00594217	     -0.01489506	     -0.00551358	     -0.00000000	     -0.00000000	      0.00000000	     -0.00000000	     -0.00000000	      0.00000000	      0.00000000	      0.00585272	     -0.00282744	     -0.01117341	      0.04950643	      0.02154657	     -0.00280228	      0.04552765	      0.03550291	      0.01965788	     -0.00255779	      0.01037314	      0.00000000	      0.00000000	     -0.01212457	     -0.00179221	     -0.00068727	     -0.00907251	      0.00252237	      0.00291965	     -0.00000000	      0.03052714	     -0.00000000	     -0.00000000	      0.00000000	      0.00000000	     -0.00000000	      0.00000000	      0.00000000	      0.00000000	      0.00000000	      0.00000000	      0.00000000	      0.00000000	      0.00000000	      0.00000000	      0.00000000	      0.00000000	      0.00000000	      0.00000000	      0.00000000	      0.00000000	      0.00000000	      0.00000000	      0.00000000	      0.00000000	      0.00000000	      0.00000000	      0.00000000	      0.00000000	      0.00000000	      0.00000000	      0.00000000	      0.00000000	      0.00000000	      0.00000000	      0.00000000	      0.00000000	      0.00000000	      0.00000000	      0.00000000	      0.00000000	      0.00000000	      0.00000000	      0.00000000	      0.00000000	      0.00000000
      5.68000000	      0.00036788	      0.00529099	     -0.00265753	      0.00815964	     -0.00596946	     -0.01493440	     -0.00550884	      0.00000000	     -0.00000000	     -0.00000000	     -0.00000000	     -0.00000000	     -0.00000000	      0.00000000	      0.00582096	     -0.00284364	     -0.01115444	      0.04941168	      0.02143561	     -0.00290079	      0.04545738	      0.03543583	      0.01959090	     -0.00253507	      0.01036533	      0.00000000	     -0.00000000	     -0.01219644	     -0.00180486	     -0.00067950	     -0.00907772	      0.00253097	      0.00293477	     -0.00000000	      0.03058275	     -0.00000000	     -0.00000000	      0.00000000	      0.00000000	      0.00000000	      0.00000000	      0.00000000	      0.00000000	      0.00000000	      0.00000000	      0.00000000	      0.00000000	      0.00000000	      0.00000000	      0.00000000	      0.00000000	      0.00000000	      0.00000000	      0.00000000	      0.00000000	      0.00000000	      0.00000000	      0.00000000	      0.00000000	      0.00000000	      0.00000000	      0.00000000	      0.00000000	      0.00000000	      0.00000000	      0.00000000	      0.00000000	      0.00000000	      0.00000000	      0.00000000	      0.00000000	      0.00000000	      0.00000000	      0.00000000	      0.00000000	      0.00000000	      0.00000000	      0.00000000	      0.00000000	      0.00000000
      5.68500000	      0.00034526	      0.00528562	     -0.00267079	      0.00816951	     -0.00599624	     -0.01497295	     -0.00550419	     -0.00000000	     -0.00000000	      0.00000000	     -0.00000000	      0.00000000	     -0.00000000	     -0.00000000	      0.00578850	     -0.00286042	     -0.01113589	      0.04931680	      0.02132431	     -0.00300003	      0.04538673	      0.03536805	      0.01952305	     -0.00251283	      0.01035752	     -0.00000000	     -0.00000000	     -0.01226913	     -0.00181724	     -0.00067182	     -0.00908268	      0.00253947	      0.00294970	     -0.00000000	      0.03063608	     -0.00000000	     -0.00000000	     -0.00000000	     -0.00000000	     -0.00000000	      0.00000000	      0.00000000	      0.00000000	      0.00000000	      0.00000000	      0.00000000	      0.00000000	      0.00000000	      0.00000000	      0.00000000	      0.00000000	      0.00000000	      0.00000000	      0.00000000	      0.00000000	      0.00000000	      0.00000000	      0.00000000	      0.00000000	      0.00000000	      0.00000000	      0.00000000	      0.00000000	      0.00000000	      0.00000000	      0.00000000	      0.00000000	      0.00000000	      0.00000000	      0.00000000	      0.00000000	      0.00000000	      0.00000000	      0.00000000	      0.00000000	      0.00000000	      0.00000000	      0.00000000	      0.00000000	      0.00000000
      5.69000000	      0.00032313	      0.00528036	     -0.00268383	      0.00817926	     -0.00602246	     -0.01501067	     -0.00549962	      0.00000000	      0.00000000	     -0.00000000	     -0.00000000	     -0.00000000	      0.00000000	     -0.00000000	      0.00575567	     -0.00287756	     -0.01111772	      0.04922220	      0.02121314	     -0.00309953	      0.04531600	      0.03529993	      0.01945467	     -0.00249107	      0.01034973	      0.00000000	     -0.00000000	     -0.01234230	     -0.00182936	     -0.00066424	     -0.00908739	      0.00254787	      0.00296443	      0.00000000	      0.03068717	     -0.00000000	     -0.00000000	      0.00000000	     -0.00000000	     -0.00000000	      0.00000000	      0.00000000	      0.00000000	      0.00000000	      0.00000000	      0.00000000	      0.00000000	      0.00000000	      0.00000000	      0.00000000	      0.00000000	      0.00000000	      0.00000000	      0.00000000	      0.00000000	      0.00000000	      0.00000000	      0.00000000	      0.00000000	      0.00000000	      0.00000000	      0.00000000	      0.00000000	      0.00000000	      0.00000000	      0.00000000	      0.00000000	      0.00000000	      0.00000000	      0.00000000	      0.00000000	      0.00000000	      0.00000000	      0.00000000	      0.00000000	      0.00000000	      0.00000000	      0.00000000	      0.00000000	      0.00000000
      5.69500000	      0.00030150	      0.00527518	     -0.00269663	      0.00818879	     -0.00604811	     -0.01504754	     -0.00549514	      0.00000000	     -0.00000000	     -0.00000000	      0.00000000	      0.00000000	      0.00000000	      0.00000000	      0.00572281	     -0.00289481	     -0.01109990	      0.04912823	      0.02110255	     -0.00319881	      0.04524552	      0.03523180	      0.01938614	     -0.00246980	      0.01034196	     -0.00000000	      0.00000000	     -0.01241560	     -0.00184121	     -0.00065678	     -0.00909188	      0.00255615	      0.00297894	      0.00000000	      0.03073612	      0.00000000	      0.00000000	     -0.00000000	     -0.00000000	      0.00000000	      0.00000000	      0.00000000	      0.00000000	      0.00000000	      0.00000000	      0.00000000	      0.00000000	      0.00000000	      0.00000000	      0.00000000	      0.00000000	      0.00000000	      0.00000000	      0.00000000	      0.00000000	      0.00000000	      0.00000000	      0.00000000	      0.00000000	      0.00000000	      0.00000000	      0.00000000	      0.00000000	      0.00000000	      0.00000000	      0.00000000	      0.00000000	      0.00000000	      0.00000000	      0.00000000	      0.00000000	      0.00000000	      0.00000000	      0.00000000	      0.00000000	      0.00000000	      0.00000000	      0.00000000	      0.00000000	      0.00000000
      5.70000000	      0.00028035	      0.00527010	     -0.00270918	      0.00819816	     -0.00607317	     -0.01508355	     -0.00549072	     -0.00000000	     -0.00000000	     -0.00000000	      0.00000000	      0.00000000	     -0.00000000	     -0.00000000	      0.00569027	     -0.00291192	     -0.01108239	      0.04903524	      0.02099297	     -0.00329742	      0.04517559	      0.03516402	      0.01931781	     -0.00244901	      0.01033421	      0.00000000	      0.00000000	     -0.01248868	     -0.00185284	     -0.00064944	     -0.00909616	      0.00256433	      0.00299325	     -0.00000000	      0.03078307	      0.00000000	      0.00000000	      0.00000000	      0.00000000	     -0.00000000	      0.00000000	      0.00000000	      0.00000000	      0.00000000	      0.00000000	      0.00000000	      0.00000000	      0.00000000	      0.00000000	      0.00000000	      0.00000000	      0.00000000	      0.00000000	      0.00000000	      0.00000000	      0.00000000	      0.00000000	      0.00000000	      0.00000000	      0.00000000	      0.00000000	      0.00000000	      0.00000000	      0.00000000	      0.00000000	      0.00000000	      0.00000000	      0.00000000	      0.00000000	      0.00000000	      0.00000000	      0.00000000	      0.00000000	      0.00000000	      0.00000000	      0.00000000	      0.00000000	      0.00000000	      0.00000000	      0.00000000
      5.70500000	      0.00025966	      0.00526512	     -0.00272148	      0.00820758	     -0.00609764	     -0.01511873	     -0.00548636	      0.00000000	      0.00000000	      0.00000000	      0.00000000	      0.00000000	      0.00000000	      0.00000000	      0.00565838	     -0.00292863	     -0.01106512	      0.04894354	      0.02088478	     -0.00339495	      0.04510649	      0.03509690	      0.01925001	     -0.00242869	      0.01032650	      0.00000000	      0.00000000	     -0.01256124	     -0.00186425	     -0.00064222	     -0.00910024	      0.00257240	      0.00300735	      0.00000000	      0.03082820	      0.00000000	      0.00000000	     -0.00000000	     -0.00000000	     -0.00000000	      0.00000000	      0.00000000	      0.00000000	      0.00000000	      0.00000000	      0.00000000	      0.00000000	      0.00000000	      0.00000000	      0.00000000	      0.00000000	      0.00000000	      0.00000000	      0.00000000	      0.00000000	      0.00000000	      0.00000000	      0.00000000	      0.00000000	      0.00000000	      0.00000000	      0.00000000	      0.00000000	      0.00000000	      0.00000000	      0.00000000	      0.00000000	      0.00000000	      0.00000000	      0.00000000	      0.00000000	      0.00000000	      0.00000000	      0.00000000	      0.00000000	      0.00000000	      0.00000000	      0.00000000	      0.00000000	      0.00000000
      5.71000000	      0.00023937	      0.00526022	     -0.00273354	      0.00821656	     -0.00612155	     -0.01515311	     -0.00548204	      0.00000000	     -0.00000000	     -0.00000000	      0.00000000	      0.00000000	      0.00000000	      0.00000000	      0.00562750	     -0.00294469	     -0.01104801	      0.04885341	      0.02077833	     -0.00349099	      0.04503847	      0.03503075	      0.01918305	     -0.00240879	      0.01031882	     -0.00000000	     -0.00000000	     -0.01263297	     -0.00187550	     -0.00063513	     -0.00910416	      0.00258037	      0.00302126	      0.00000000	      0.03087172	      0.00000000	      0.00000000	     -0.00000000	      0.00000000	      0.00000000	      0.00000000	      0.00000000	      0.00000000	      0.00000000	      0.00000000	      0.00000000	      0.00000000	      0.00000000	      0.00000000	      0.00000000	      0.00000000	      0.00000000	      0.00000000	      0.00000000	      0.00000000	      0.00000000	      0.00000000	      0.00000000	      0.00000000	      0.00000000	      0.00000000	      0.00000000	      0.00000000	      0.00000000	      0.00000000	      0.00000000	      0.00000000	      0.00000000	      0.00000000	      0.00000000	      0.00000000	      0.00000000	      0.00000000	      0.00000000	      0.00000000	      0.00000000	      0.00000000	      0.00000000	      0.00000000	      0.00000000
      5.71500000	      0.00021945	      0.00525539	     -0.00274534	      0.00822506	     -0.00614492	     -0.01518677	     -0.00547774	      0.00000000	     -0.00000000	     -0.00000000	     -0.00000000	     -0.00000000	     -0.00000000	     -0.00000000	      0.00559794	     -0.00295986	     -0.01103099	      0.04876508	      0.02067390	     -0.00358522	      0.04497174	      0.03496582	      0.01911721	     -0.00238926	      0.01031117	     -0.00000000	     -0.00000000	     -0.01270362	     -0.00188662	     -0.00062815	     -0.00910795	      0.00258824	      0.00303500	     -0.00000000	      0.03091387	     -0.00000000	     -0.00000000	      0.00000000	      0.00000000	     -0.00000000	      0.00000000	      0.00000000	      0.00000000	      0.00000000	      0.00000000	      0.00000000	      0.00000000	      0.00000000	      0.00000000	      0.00000000	      0.00000000	      0.00000000	      0.00000000	      0.00000000	      0.00000000	      0.00000000	      0.00000000	      0.00000000	      0.00000000	      0.00000000	      0.00000000	      0.00000000	      0.00000000	      0.00000000	      0.00000000	      0.00000000	      0.00000000	      0.00000000	      0.00000000	      0.00000000	      0.00000000	      0.00000000	      0.00000000	      0.00000000	      0.00000000	      0.00000000	      0.00000000	      0.00000000	      0.00000000	      0.00000000
      5.72000000	      0.00019982	      0.00525062	     -0.00275692	      0.00823388	     -0.00616780	     -0.01521978	     -0.00547345	      0.00000000	      0.00000000	     -0.00000000	      0.00000000	     -0.00000000	      0.00000000	      0.00000000	      0.00557001	     -0.00297392	     -0.01101398	      0.04867874	      0.02057174	     -0.00367735	      0.04490648	      0.03490236	      0.01905274	     -0.00237007	      0.01030355	      0.00000000	     -0.00000000	     -0.01277297	     -0.00189766	     -0.00062129	     -0.00911163	      0.00259604	      0.00304859	      0.00000000	      0.03095492	      0.00000000	     -0.00000000	      0.00000000	      0.00000000	      0.00000000	      0.00000000	      0.00000000	      0.00000000	      0.00000000	      0.00000000	      0.00000000	      0.00000000	      0.00000000	      0.00000000	      0.00000000	      0.00000000	      0.00000000	      0.00000000	      0.00000000	      0.00000000	      0.00000000	      0.00000000	      0.00000000	      0.00000000	      0.00000000	      0.00000000	      0.00000000	      0.00000000	      0.00000000	      0.00000000	      0.00000000	      0.00000000	      0.00000000	      0.00000000	      0.00000000	      0.00000000	      0.00000000	      0.00000000	      0.00000000	      0.00000000	      0.00000000	      0.00000000	      0.00000000	      0.00000000	      0.00000000
      5.72500000	      0.00018042	      0.00524589	     -0.00276830	      0.00824229	     -0.00619025	     -0.01525224	     -0.00546914	      0.00000000	      0.00000000	     -0.00000000	      0.00000000	      0.00000000	      0.00000000	     -0.00000000	      0.00554399	     -0.00298665	     -0.01099688	      0.04859451	      0.02047201	     -0.00376714	      0.04484285	      0.03484056	      0.01898984	     -0.00235114	      0.01029594	      0.00000000	      0.00000000	     -0.01284083	     -0.00190866	     -0.00061453	     -0.00911524	      0.00260377	      0.00306206	     -0.00000000	      0.03099516	     -0.00000000	     -0.00000000	      0.00000000	     -0.00000000	      0.00000000	      0.00000000	      0.00000000	      0.00000000	      0.00000000	      0.00000000	      0.00000000	      0.00000000	      0.00000000	      0.00000000	      0.00000000	      0.00000000	      0.00000000	      0.00000000	      0.00000000	      0.00000000	      0.00000000	      0.00000000	      0.00000000	      0.00000000	      0.00000000	      0.00000000	      0.00000000	      0.00000000	      0.00000000	      0.00000000	      0.00000000	      0.00000000	      0.00000000	      0.00000000	      0.00000000	      0.00000000	      0.00000000	      0.00000000	      0.00000000	      0.00000000	      0.00000000	      0.00000000	      0.00000000	      0.00000000	      0.00000000
      5.73000000	      0.00016116	      0.00524119	     -0.00277949	      0.00825049	     -0.00621233	     -0.01528426	     -0.00546479	      0.00000000	     -0.00000000	     -0.00000000	     -0.00000000	     -0.00000000	     -0.00000000	     -0.00000000	      0.00552012	     -0.00299788	     -0.01097959	      0.04851250	      0.02037484	     -0.00385442	      0.04478095	      0.03478056	      0.01892868	     -0.00233241	      0.01028833	     -0.00000000	     -0.00000000	     -0.01290706	     -0.00191967	     -0.00060786	     -0.00911881	      0.00261145	      0.00307545	     -0.00000000	      0.03103486	     -0.00000000	     -0.00000000	      0.00000000	      0.00000000	      0.00000000	      0.00000000	      0.00000000	      0.00000000	      0.00000000	      0.00000000	      0.00000000	      0.00000000	      0.00000000	      0.00000000	      0.00000000	      0.00000000	      0.00000000	      0.00000000	      0.00000000	      0.00000000	      0.00000000	      0.00000000	      0.00000000	      0.00000000	      0.00000000	      0.00000000	      0.00000000	      0.00000000	      0.00000000	      0.00000000	      0.00000000	      0.00000000	      0.00000000	      0.00000000	      0.00000000	      0.00000000	      0.00000000	      0.00000000	      0.00000000	      0.00000000	      0.00000000	      0.00000000	      0.00000000	      0.00000000	      0.00000000
      5.73500000	      0.00014196	      0.00523650	     -0.00279053	      0.00825859	     -0.00623411	     -0.01531596	     -0.00546038	      0.00000000	     -0.00000000	     -0.00000000	      0.00000000	     -0.00000000	     -0.00000000	     -0.00000000	      0.00549861	     -0.00300744	     -0.01096203	      0.04843274	      0.02028028	     -0.00393905	      0.04472084	      0.03472247	      0.01886939	     -0.00231381	      0.01028071	     -0.00000000	      0.00000000	     -0.01297155	     -0.00193075	     -0.00060126	     -0.00912236	      0.00261911	      0.00308878	     -0.00000000	      0.03107430	     -0.00000000	      0.00000000	      0.00000000	      0.00000000	      0.00000000	      0.00000000	      0.00000000	      0.00000000	      0.00000000	      0.00000000	      0.00000000	      0.00000000	      0.00000000	      0.00000000	      0.00000000	      0.00000000	      0.00000000	      0.00000000	      0.00000000	      0.00000000	      0.00000000	      0.00000000	      0.00000000	      0.00000000	      0.00000000	      0.00000000	      0.00000000	      0.00000000	      0.00000000	      0.00000000	      0.00000000	      0.00000000	      0.00000000	      0.00000000	      0.00000000	      0.00000000	      0.00000000	      0.00000000	      0.00000000	      0.00000000	      0.00000000	      0.00000000	      0.00000000	      0.00000000	      0.00000000
      5.74000000	      0.00012274	      0.00523180	     -0.00280144	      0.00826656	     -0.00625565	     -0.01534746	     -0.00545589	     -0.00000000	      0.00000000	      0.00000000	     -0.00000000	      0.00000000	     -0.00000000	     -0.00000000	      0.00547964	     -0.00301521	     -0.01094410	      0.04835523	      0.02018836	     -0.00402098	      0.04466256	      0.03466638	      0.01881204	     -0.00229528	      0.01027308	      0.00000000	      0.00000000	     -0.01303426	     -0.00194195	     -0.00059472	     -0.00912594	      0.00262675	      0.00310210	     -0.00000000	      0.03111375	      0.00000000	     -0.00000000	      0.00000000	     -0.00000000	      0.00000000	      0.00000000	      0.00000000	      0.00000000	      0.00000000	      0.00000000	      0.00000000	      0.00000000	      0.00000000	      0.00000000	      0.00000000	      0.00000000	      0.00000000	      0.00000000	      0.00000000	      0.00000000	      0.00000000	      0.00000000	      0.00000000	      0.00000000	      0.00000000	      0.00000000	      0.00000000	      0.00000000	      0.00000000	      0.00000000	      0.00000000	      0.00000000	      0.00000000	      0.00000000	      0.00000000	      0.00000000	      0.00000000	      0.00000000	      0.00000000	      0.00000000	      0.00000000	      0.00000000	      0.00000000	      0.00000000	      0.00000000
      5.74500000	      0.00009997	      0.00522707	     -0.00281226	      0.00827438	     -0.00627704	     -0.01537886	     -0.00545131	      0.00000000	     -0.00000000	     -0.00000000	      0.00000000	     -0.00000000	      0.00000000	     -0.00000000	      0.00546334	     -0.00302109	     -0.01092573	      0.04827993	      0.02009902	     -0.00410020	      0.04460610	      0.03461229	      0.01875667	     -0.00227674	      0.01026540	     -0.00000000	     -0.00000000	     -0.01309515	     -0.00195330	     -0.00058821	     -0.00912956	      0.00263441	      0.00311544	      0.00000000	      0.03115346	     -0.00000000	      0.00000000	     -0.00000000	      0.00000000	      0.00000000	      0.00000000	      0.00000000	      0.00000000	      0.00000000	      0.00000000	      0.00000000	      0.00000000	      0.00000000	      0.00000000	      0.00000000	      0.00000000	      0.00000000	      0.00000000	      0.00000000	      0.00000000	      0.00000000	      0.00000000	      0.00000000	      0.00000000	      0.00000000	      0.00000000	      0.00000000	      0.00000000	      0.00000000	      0.00000000	      0.00000000	      0.00000000	      0.00000000	      0.00000000	      0.00000000	      0.00000000	      0.00000000	      0.00000000	      0.00000000	      0.00000000	      0.00000000	      0.00000000	      0.00000000	      0.00000000	      0.00000000
      5.75000000	      0.00007689	      0.00522229	     -0.00282302	      0.00828211	     -0.00629835	     -0.01541029	     -0.00544662	     -0.00000000	     -0.00000000	     -0.00000000	     -0.00000000	     -0.00000000	     -0.00000000	     -0.00000000	      0.00544980	     -0.00302500	     -0.01090684	      0.04820676	      0.02001218	     -0.00417674	      0.04455141	      0.03456019	      0.01870327	     -0.00225816	      0.01025767	     -0.00000000	      0.00000000	     -0.01315426	     -0.00196486	     -0.00058174	     -0.00913324	      0.00264209	      0.00312883	     -0.00000000	      0.03119364	     -0.00000000	     -0.00000000	      0.00000000	      0.00000000	      0.00000000	      0.00000000	      0.00000000	      0.00000000	      0.00000000	      0.00000000	      0.00000000	      0.00000000	      0.00000000	      0.00000000	      0.00000000	      0.00000000	      0.00000000	      0.00000000	      0.00000000	      0.00000000	      0.00000000	      0.00000000	      0.00000000	      0.00000000	      0.00000000	      0.00000000	      0.00000000	      0.00000000	      0.00000000	      0.00000000	      0.00000000	      0.00000000	      0.00000000	      0.00000000	      0.00000000	      0.00000000	      0.00000000	      0.00000000	      0.00000000	      0.00000000	      0.00000000	      0.00000000	      0.00000000	      0.00000000	      0.00000000
      5.75500000	      0.00005357	      0.00521744	     -0.00283383	      0.00828981	     -0.00631963	     -0.01544184	     -0.00544181	     -0.00000000	     -0.00000000	     -0.00000000	     -0.00000000	     -0.00000000	     -0.00000000	     -0.00000000	      0.00543906	     -0.00302691	     -0.01088736	      0.04813561	      0.01992770	     -0.00425070	      0.04449843	      0.03451004	      0.01865179	     -0.00223946	      0.01024988	     -0.00000000	     -0.00000000	     -0.01321164	     -0.00197666	     -0.00057527	     -0.00913701	      0.00264981	      0.00314230	     -0.00000000	      0.03123448	     -0.00000000	     -0.00000000	     -0.00000000	     -0.00000000	      0.00000000	      0.00000000	      0.00000000	      0.00000000	      0.00000000	      0.00000000	      0.00000000	      0.00000000	      0.00000000	      0.00000000	      0.00000000	      0.00000000	      0.00000000	      0.00000000	      0.00000000	      0.00000000	      0.00000000	      0.00000000	      0.00000000	      0.00000000	      0.00000000	      0.00000000	      0.00000000	      0.00000000	      0.00000000	      0.00000000	      0.00000000	      0.00000000	      0.00000000	      0.00000000	      0.00000000	      0.00000000	      0.00000000	      0.00000000	      0.00000000	      0.00000000	      0.00000000	      0.00000000	      0.00000000	      0.00000000	      0.00000000
      5.76000000	      0.00002994	      0.00521252	     -0.00284497	      0.00829742	     -0.00634095	     -0.01547360	     -0.00543685	      0.00000000	     -0.00000000	     -0.00000000	      0.00000000	      0.00000000	     -0.00000000	     -0.00000000	      0.00543112	     -0.00302682	     -0.01086726	      0.04806632	      0.01984542	     -0.00432221	      0.04444704	      0.03446173	      0.01860214	     -0.00222060	      0.01024199	     -0.00000000	      0.00000000	     -0.01326739	     -0.00198873	     -0.00056879	     -0.00914088	      0.00265760	      0.00315587	     -0.00000000	      0.03127610	      0.00000000	      0.00000000	     -0.00000000	      0.00000000	     -0.00000000	      0.00000000	      0.00000000	      0.00000000	      0.00000000	      0.00000000	      0.00000000	      0.00000000	      0.00000000	      0.00000000	      0.00000000	      0.00000000	      0.00000000	      0.00000000	      0.00000000	      0.00000000	      0.00000000	      0.00000000	      0.00000000	      0.00000000	      0.00000000	      0.00000000	      0.00000000	      0.00000000	      0.00000000	      0.00000000	      0.00000000	      0.00000000	      0.00000000	      0.00000000	      0.00000000	      0.00000000	      0.00000000	      0.00000000	      0.00000000	      0.00000000	      0.00000000	      0.00000000	      0.00000000	      0.00000000	      0.00000000
      5.76500000	      0.00000595	      0.00520751	     -0.00285613	      0.00830504	     -0.00636236	     -0.01550566	     -0.00543175	     -0.00000000	      0.00000000	     -0.00000000	     -0.00000000	     -0.00000000	     -0.00000000	     -0.00000000	      0.00542595	     -0.00302474	     -0.01084647	      0.04799873	      0.01976513	     -0.00439145	      0.04439712	      0.03441515	      0.01855422	     -0.00220156	      0.01023401	     -0.00000000	      0.00000000	     -0.01332164	     -0.00200110	     -0.00056229	     -0.00914487	      0.00266546	      0.00316959	     -0.00000000	      0.03131863	     -0.00000000	     -0.00000000	     -0.00000000	      0.00000000	     -0.00000000	      0.00000000	      0.00000000	      0.00000000	      0.00000000	      0.00000000	      0.00000000	      0.00000000	      0.00000000	      0.00000000	      0.00000000	      0.00000000	      0.00000000	      0.00000000	      0.00000000	      0.00000000	      0.00000000	      0.00000000	      0.00000000	      0.00000000	      0.00000000	      0.00000000	      0.00000000	      0.00000000	      0.00000000	      0.00000000	      0.00000000	      0.00000000	      0.00000000	      0.00000000	      0.00000000	      0.00000000	      0.00000000	      0.00000000	      0.00000000	      0.00000000	      0.00000000	      0.00000000	      0.00000000	      0.00000000	      0.00000000
      5.77000000	     -0.00001846	      0.00520240	     -0.00286731	      0.00831264	     -0.00638389	     -0.01553808	     -0.00542650	     -0.00000000	     -0.00000000	      0.00000000	     -0.00000000	     -0.00000000	     -0.00000000	     -0.00000000	      0.00542350	     -0.00302069	     -0.01082499	      0.04793268	      0.01968664	     -0.00445860	      0.04434854	      0.03437017	      0.01850788	     -0.00218229	      0.01022590	     -0.00000000	     -0.00000000	     -0.01337454	     -0.00201379	     -0.00055575	     -0.00914896	      0.00267340	      0.00318345	     -0.00000000	      0.03136213	     -0.00000000	     -0.00000000	     -0.00000000	     -0.00000000	      0.00000000	      0.00000000	      0.00000000	      0.00000000	      0.00000000	      0.00000000	      0.00000000	      0.00000000	      0.00000000	      0.00000000	      0.00000000	      0.00000000	      0.00000000	      0.00000000	      0.00000000	      0.00000000	      0.00000000	      0.00000000	      0.00000000	      0.00000000	      0.00000000	      0.00000000	      0.00000000	      0.00000000	      0.00000000	      0.00000000	      0.00000000	      0.00000000	      0.00000000	      0.00000000	      0.00000000	      0.00000000	      0.00000000	      0.00000000	      0.00000000	      0.00000000	      0.00000000	      0.00000000	      0.00000000	      0.00000000	      0.00000000
      5.77500000	     -0.00004331	      0.00519719	     -0.00287856	      0.00832021	     -0.00640560	     -0.01557089	     -0.00542110	      0.00000000	     -0.00000000	      0.00000000	      0.00000000	      0.00000000	      0.00000000	      0.00000000	      0.00542368	     -0.00301475	     -0.01080278	      0.04786797	      0.01960971	     -0.00452387	      0.04430115	      0.03432663	      0.01846296	     -0.00216280	      0.01021767	      0.00000000	     -0.00000000	     -0.01342622	     -0.00202680	     -0.00054917	     -0.00915317	      0.00268144	      0.00319748	      0.00000000	      0.03140661	      0.00000000	     -0.00000000	     -0.00000000	     -0.00000000	      0.00000000	      0.00000000	      0.00000000	      0.00000000	      0.00000000	      0.00000000	      0.00000000	      0.00000000	      0.00000000	      0.00000000	      0.00000000	      0.00000000	      0.00000000	      0.00000000	      0.00000000	      0.00000000	      0.00000000	      0.00000000	      0.00000000	      0.00000000	      0.00000000	      0.00000000	      0.00000000	      0.00000000	      0.00000000	      0.00000000	      0.00000000	      0.00000000	      0.00000000	      0.00000000	      0.00000000	      0.00000000	      0.00000000	      0.00000000	      0.00000000	      0.00000000	      0.00000000	      0.00000000	      0.00000000	      0.00000000	      0.00000000
      5.78000000	     -0.00006862	      0.00519186	     -0.00288987	      0.00832778	     -0.00642748	     -0.01560415	     -0.00541553	      0.00000000	      0.00000000	      0.00000000	      0.00000000	      0.00000000	      0.00000000	      0.00000000	      0.00542638	     -0.00300696	     -0.01077984	      0.04780445	      0.01953415	     -0.00458746	      0.04425480	      0.03428439	      0.01841932	     -0.00214306	      0.01020929	      0.00000000	     -0.00000000	     -0.01347687	     -0.00204016	     -0.00054254	     -0.00915750	      0.00268958	      0.00321169	      0.00000000	      0.03145209	     -0.00000000	      0.00000000	     -0.00000000	     -0.00000000	     -0.00000000	      0.00000000	      0.00000000	      0.00000000	      0.00000000	      0.00000000	      0.00000000	      0.00000000	      0.00000000	      0.00000000	      0.00000000	      0.00000000	      0.00000000	      0.00000000	      0.00000000	      0.00000000	      0.00000000	      0.00000000	      0.00000000	      0.00000000	      0.00000000	      0.00000000	      0.00000000	      0.00000000	      0.00000000	      0.00000000	      0.00000000	      0.00000000	      0.00000000	      0.00000000	      0.00000000	      0.00000000	      0.00000000	      0.00000000	      0.00000000	      0.00000000	      0.00000000	      0.00000000	      0.00000000	      0.00000000	      0.00000000
      5.78500000	     -0.00009440	      0.00518642	     -0.00290126	      0.00833541	     -0.00644957	     -0.01563785	     -0.00540982	     -0.00000000	      0.00000000	      0.00000000	     -0.00000000	      0.00000000	     -0.00000000	     -0.00000000	      0.00543149	     -0.00299742	     -0.01075618	      0.04774194	      0.01945977	     -0.00464956	      0.04420936	      0.03424329	      0.01837681	     -0.00212309	      0.01020075	     -0.00000000	     -0.00000000	     -0.01352661	     -0.00205385	     -0.00053584	     -0.00916193	      0.00269782	      0.00322608	     -0.00000000	      0.03149853	     -0.00000000	     -0.00000000	      0.00000000	      0.00000000	      0.00000000	      0.00000000	      0.00000000	      0.00000000	      0.00000000	      0.00000000	      0.00000000	      0.00000000	      0.00000000	      0.00000000	      0.00000000	      0.00000000	      0.00000000	      0.00000000	      0.00000000	      0.00000000	      0.00000000	      0.00000000	      0.00000000	      0.00000000	      0.00000000	      0.00000000	      0.00000000	      0.00000000	      0.00000000	      0.00000000	      0.00000000	      0.00000000	      0.00000000	      0.00000000	      0.00000000	      0.00000000	      0.00000000	      0.00000000	      0.00000000	      0.00000000	      0.00000000	      0.00000000	      0.00000000	      0.00000000	      0.00000000
      5.79000000	     -0.00012065	      0.00518086	     -0.00291273	      0.00834302	     -0.00647187	     -0.01567202	     -0.00540395	     -0.00000000	      0.00000000	      0.00000000	      0.00000000	      0.00000000	      0.00000000	      0.00000000	      0.00543891	     -0.00298618	     -0.01073181	      0.04768033	      0.01938639	     -0.00471036	      0.04416472	      0.03420320	      0.01833528	     -0.00210288	      0.01019206	     -0.00000000	     -0.00000000	     -0.01357559	     -0.00206789	     -0.00052908	     -0.00916647	      0.00270617	      0.00324066	      0.00000000	      0.03154588	      0.00000000	      0.00000000	      0.00000000	      0.00000000	      0.00000000	      0.00000000	      0.00000000	      0.00000000	      0.00000000	      0.00000000	      0.00000000	      0.00000000	      0.00000000	      0.00000000	      0.00000000	      0.00000000	      0.00000000	      0.00000000	      0.00000000	      0.00000000	      0.00000000	      0.00000000	      0.00000000	      0.00000000	      0.00000000	      0.00000000	      0.00000000	      0.00000000	      0.00000000	      0.00000000	      0.00000000	      0.00000000	      0.00000000	      0.00000000	      0.00000000	      0.00000000	      0.00000000	      0.00000000	      0.00000000	      0.00000000	      0.00000000	      0.00000000	      0.00000000	      0.00000000	      0.00000000
      5.79500000	     -0.00014736	      0.00517519	     -0.00292429	      0.00835070	     -0.00649437	     -0.01570664	     -0.00539794	      0.00000000	     -0.00000000	      0.00000000	     -0.00000000	      0.00000000	      0.00000000	      0.00000000	      0.00544852	     -0.00297335	     -0.01070674	      0.04761948	      0.01931388	     -0.00476998	      0.04412076	      0.03416401	      0.01829462	     -0.00208246	      0.01018320	     -0.00000000	     -0.00000000	     -0.01362390	     -0.00208225	     -0.00052225	     -0.00917110	      0.00271463	      0.00325541	     -0.00000000	      0.03159408	     -0.00000000	     -0.00000000	      0.00000000	     -0.00000000	      0.00000000	      0.00000000	      0.00000000	      0.00000000	      0.00000000	      0.00000000	      0.00000000	      0.00000000	      0.00000000	      0.00000000	      0.00000000	      0.00000000	      0.00000000	      0.00000000	      0.00000000	      0.00000000	      0.00000000	      0.00000000	      0.00000000	      0.00000000	      0.00000000	      0.00000000	      0.00000000	      0.00000000	      0.00000000	      0.00000000	      0.00000000	      0.00000000	      0.00000000	      0.00000000	      0.00000000	      0.00000000	      0.00000000	      0.00000000	      0.00000000	      0.00000000	      0.00000000	      0.00000000	      0.00000000	      0.00000000	      0.00000000
      5.80000000	     -0.00017450	      0.00516941	     -0.00293593	      0.00835836	     -0.00651708	     -0.01574169	     -0.00539178	      0.00000000	      0.00000000	     -0.00000000	     -0.00000000	     -0.00000000	     -0.00000000	     -0.00000000	      0.00546022	     -0.00295898	     -0.01068100	      0.04755933	      0.01924215	     -0.00482855	      0.04407742	      0.03412562	      0.01825474	     -0.00206185	      0.01017418	     -0.00000000	     -0.00000000	     -0.01367164	     -0.00209693	     -0.00051535	     -0.00917582	      0.00272318	      0.00327032	     -0.00000000	      0.03164307	     -0.00000000	      0.00000000	      0.00000000	      0.00000000	     -0.00000000	      0.00000000	      0.00000000	      0.00000000	      0.00000000	      0.00000000	      0.00000000	      0.00000000	      0.00000000	      0.00000000	      0.00000000	      0.00000000	      0.00000000	      0.00000000	      0.00000000	      0.00000000	      0.00000000	      0.00000000	      0.00000000	      0.00000000	      0.00000000	      0.00000000	      0.00000000	      0.00000000	      0.00000000	      0.00000000	      0.00000000	      0.00000000	      0.00000000	      0.00000000	      0.00000000	      0.00000000	      0.00000000	      0.00000000	      0.00000000	      0.00000000	      0.00000000	      0.00000000	      0.00000000	      0.00000000	      0.00000000
      5.80500000	     -0.00020207	      0.00516352	     -0.00294764	      0.00836605	     -0.00653996	     -0.01577717	     -0.00538549	      0.00000000	     -0.00000000	      0.00000000	      0.00000000	     -0.00000000	     -0.00000000	     -0.00000000	      0.00547391	     -0.00294316	     -0.01065461	      0.04749982	      0.01917112	     -0.00488613	      0.04403464	      0.03408799	      0.01821559	     -0.00204107	      0.01016500	     -0.00000000	     -0.00000000	     -0.01371885	     -0.00211191	     -0.00050840	     -0.00918061	      0.00273182	      0.00328539	     -0.00000000	      0.03169278	      0.00000000	      0.00000000	     -0.00000000	      0.00000000	     -0.00000000	      0.00000000	      0.00000000	      0.00000000	      0.00000000	      0.00000000	      0.00000000	      0.00000000	      0.00000000	      0.00000000	      0.00000000	      0.00000000	      0.00000000	      0.00000000	      0.00000000	      0.00000000	      0.00000000	      0.00000000	      0.00000000	      0.00000000	      0.00000000	      0.00000000	      0.00000000	      0.00000000	      0.00000000	      0.00000000	      0.00000000	      0.00000000	      0.00000000	      0.00000000	      0.00000000	      0.00000000	      0.00000000	      0.00000000	      0.00000000	      0.00000000	      0.00000000	      0.00000000	      0.00000000	      0.00000000	      0.00000000
      5.81000000	     -0.00023003	      0.00515753	     -0.00295943	      0.00837379	     -0.00656303	     -0.01581304	     -0.00537908	      0.00000000	     -0.00000000	     -0.00000000	      0.00000000	     -0.00000000	      0.00000000	      0.00000000	      0.00548952	     -0.00292598	     -0.01062762	      0.04744091	      0.01910078	     -0.00494277	      0.04399239	      0.03405106	      0.01817712	     -0.00202014	      0.01015567	     -0.00000000	      0.00000000	     -0.01376554	     -0.00212717	     -0.00050138	     -0.00918548	      0.00274055	      0.00330060	      0.00000000	      0.03174318	     -0.00000000	     -0.00000000	      0.00000000	      0.00000000	     -0.00000000	      0.00000000	      0.00000000	      0.00000000	      0.00000000	      0.00000000	      0.00000000	      0.00000000	      0.00000000	      0.00000000	      0.00000000	      0.00000000	      0.00000000	      0.00000000	      0.00000000	      0.00000000	      0.00000000	      0.00000000	      0.00000000	      0.00000000	      0.00000000	      0.00000000	      0.00000000	      0.00000000	      0.00000000	      0.00000000	      0.00000000	      0.00000000	      0.00000000	      0.00000000	      0.00000000	      0.00000000	      0.00000000	      0.00000000	      0.00000000	      0.00000000	      0.00000000	      0.00000000	      0.00000000	      0.00000000	      0.00000000
      5.81500000	     -0.00025838	      0.00515143	     -0.00297129	      0.00838151	     -0.00658627	     -0.01584930	     -0.00537254	     -0.00000000	     -0.00000000	      0.00000000	     -0.00000000	     -0.00000000	     -0.00000000	     -0.00000000	      0.00550696	     -0.00290750	     -0.01060004	      0.04738259	      0.01903111	     -0.00499848	      0.04395066	      0.03401482	      0.01813934	     -0.00199907	      0.01014621	     -0.00000000	     -0.00000000	     -0.01381170	     -0.00214271	     -0.00049431	     -0.00919042	      0.00274935	      0.00331592	      0.00000000	      0.03179423	     -0.00000000	     -0.00000000	      0.00000000	     -0.00000000	      0.00000000	      0.00000000	      0.00000000	      0.00000000	      0.00000000	      0.00000000	      0.00000000	      0.00000000	      0.00000000	      0.00000000	      0.00000000	      0.00000000	      0.00000000	      0.00000000	      0.00000000	      0.00000000	      0.00000000	      0.00000000	      0.00000000	      0.00000000	      0.00000000	      0.00000000	      0.00000000	      0.00000000	      0.00000000	      0.00000000	      0.00000000	      0.00000000	      0.00000000	      0.00000000	      0.00000000	      0.00000000	      0.00000000	      0.00000000	      0.00000000	      0.00000000	      0.00000000	      0.00000000	      0.00000000	      0.00000000	      0.00000000
      5.82000000	     -0.00028710	      0.00514523	     -0.00298322	      0.00838920	     -0.00660967	     -0.01588594	     -0.00536590	      0.00000000	      0.00000000	     -0.00000000	     -0.00000000	     -0.00000000	     -0.00000000	     -0.00000000	      0.00552618	     -0.00288782	     -0.01057191	      0.04732487	      0.01896213	     -0.00505323	      0.04390947	      0.03397927	      0.01810226	     -0.00197787	      0.01013662	     -0.00000000	     -0.00000000	     -0.01385730	     -0.00215849	     -0.00048719	     -0.00919543	      0.00275821	      0.00333135	     -0.00000000	      0.03184596	     -0.00000000	     -0.00000000	      0.00000000	      0.00000000	     -0.00000000	      0.00000000	      0.00000000	      0.00000000	      0.00000000	      0.00000000	      0.00000000	      0.00000000	      0.00000000	      0.00000000	      0.00000000	      0.00000000	      0.00000000	      0.00000000	      0.00000000	      0.00000000	      0.00000000	      0.00000000	      0.00000000	      0.00000000	      0.00000000	      0.00000000	      0.00000000	      0.00000000	      0.00000000	      0.00000000	      0.00000000	      0.00000000	      0.00000000	      0.00000000	      0.00000000	      0.00000000	      0.00000000	      0.00000000	      0.00000000	      0.00000000	      0.00000000	      0.00000000	      0.00000000	      0.00000000	      0.00000000
      5.82500000	     -0.00031618	      0.00513893	     -0.00299521	      0.00839693	     -0.00663325	     -0.01592296	     -0.00535914	      0.00000000	      0.00000000	      0.00000000	      0.00000000	      0.00000000	     -0.00000000	     -0.00000000	      0.00554711	     -0.00286703	     -0.01054324	      0.04726775	      0.01889387	     -0.00510701	      0.04386881	      0.03394445	      0.01806592	     -0.00195655	      0.01012693	      0.00000000	     -0.00000000	     -0.01390226	     -0.00217451	     -0.00048002	     -0.00920051	      0.00276712	      0.00334686	     -0.00000000	      0.03189841	      0.00000000	      0.00000000	     -0.00000000	     -0.00000000	     -0.00000000	      0.00000000	      0.00000000	      0.00000000	      0.00000000	      0.00000000	      0.00000000	      0.00000000	      0.00000000	      0.00000000	      0.00000000	      0.00000000	      0.00000000	      0.00000000	      0.00000000	      0.00000000	      0.00000000	      0.00000000	      0.00000000	      0.00000000	      0.00000000	      0.00000000	      0.00000000	      0.00000000	      0.00000000	      0.00000000	      0.00000000	      0.00000000	      0.00000000	      0.00000000	      0.00000000	      0.00000000	      0.00000000	      0.00000000	      0.00000000	      0.00000000	      0.00000000	      0.00000000	      0.00000000	      0.00000000	      0.00000000
      5.83000000	     -0.00034564	      0.00513252	     -0.00300727	      0.00840474	     -0.00665702	     -0.01596039	     -0.00535227	      0.00000000	     -0.00000000	     -0.00000000	     -0.00000000	      0.00000000	      0.00000000	      0.00000000	      0.00556971	     -0.00284522	     -0.01051407	      0.04721121	      0.01882636	     -0.00515976	      0.04382873	      0.03391036	      0.01803038	     -0.00193507	      0.01011716	      0.00000000	     -0.00000000	     -0.01394650	     -0.00219074	     -0.00047280	     -0.00920567	      0.00277607	      0.00336245	     -0.00000000	      0.03195167	      0.00000000	      0.00000000	     -0.00000000	     -0.00000000	     -0.00000000	      0.00000000	      0.00000000	      0.00000000	      0.00000000	      0.00000000	      0.00000000	      0.00000000	      0.00000000	      0.00000000	      0.00000000	      0.00000000	      0.00000000	      0.00000000	      0.00000000	      0.00000000	      0.00000000	      0.00000000	      0.00000000	      0.00000000	      0.00000000	      0.00000000	      0.00000000	      0.00000000	      0.00000000	      0.00000000	      0.00000000	      0.00000000	      0.00000000	      0.00000000	      0.00000000	      0.00000000	      0.00000000	      0.00000000	      0.00000000	      0.00000000	      0.00000000	      0.00000000	      0.00000000	      0.00000000	      0.00000000
      5.83500000	     -0.00037550	      0.00512599	     -0.00301941	      0.00841252	     -0.00668102	     -0.01599828	     -0.00534529	      0.00000000	     -0.00000000	     -0.00000000	     -0.00000000	     -0.00000000	     -0.00000000	     -0.00000000	      0.00559390	     -0.00282254	     -0.01048439	      0.04715527	      0.01875961	     -0.00521144	      0.04378923	      0.03387707	      0.01799571	     -0.00191341	      0.01010734	     -0.00000000	     -0.00000000	     -0.01398991	     -0.00220717	     -0.00046554	     -0.00921093	      0.00278505	      0.00337809	     -0.00000000	      0.03200591	     -0.00000000	      0.00000000	     -0.00000000	      0.00000000	     -0.00000000	      0.00000000	      0.00000000	      0.00000000	      0.00000000	      0.00000000	      0.00000000	      0.00000000	      0.00000000	      0.00000000	      0.00000000	      0.00000000	      0.00000000	      0.00000000	      0.00000000	      0.00000000	      0.00000000	      0.00000000	      0.00000000	      0.00000000	      0.00000000	      0.00000000	      0.00000000	      0.00000000	      0.00000000	      0.00000000	      0.00000000	      0.00000000	      0.00000000	      0.00000000	      0.00000000	      0.00000000	      0.00000000	      0.00000000	      0.00000000	      0.00000000	      0.00000000	      0.00000000	      0.00000000	      0.00000000	      0.00000000
      5.84000000	     -0.00040579	      0.00511932	     -0.00303165	      0.00842050	     -0.00670529	     -0.01603670	     -0.00533820	     -0.00000000	     -0.00000000	     -0.00000000	     -0.00000000	     -0.00000000	     -0.00000000	     -0.00000000	      0.00561964	     -0.00279911	     -0.01045421	      0.04709988	      0.01869365	     -0.00526200	      0.04375034	      0.03384459	      0.01796199	     -0.00189152	      0.01009750	     -0.00000000	     -0.00000000	     -0.01403239	     -0.00222380	     -0.00045824	     -0.00921630	      0.00279406	      0.00339379	     -0.00000000	      0.03206133	     -0.00000000	     -0.00000000	     -0.00000000	     -0.00000000	      0.00000000	      0.00000000	      0.00000000	      0.00000000	      0.00000000	      0.00000000	      0.00000000	      0.00000000	      0.00000000	      0.00000000	      0.00000000	      0.00000000	      0.00000000	      0.00000000	      0.00000000	      0.00000000	      0.00000000	      0.00000000	      0.00000000	      0.00000000	      0.00000000	      0.00000000	      0.00000000	      0.00000000	      0.00000000	      0.00000000	      0.00000000	      0.00000000	      0.00000000	      0.00000000	      0.00000000	      0.00000000	      0.00000000	      0.00000000	      0.00000000	      0.00000000	      0.00000000	      0.00000000	      0.00000000	      0.00000000	      0.00000000
      5.84500000	     -0.00043659	      0.00511250	     -0.00304402	      0.00842829	     -0.00672991	     -0.01607575	     -0.00533098	     -0.00000000	     -0.00000000	     -0.00000000	     -0.00000000	     -0.00000000	     -0.00000000	     -0.00000000	      0.00564686	     -0.00277511	     -0.01042352	      0.04704500	      0.01862846	     -0.00531141	      0.04371206	      0.03381297	      0.01792931	     -0.00186932	      0.01008768	     -0.00000000	     -0.00000000	     -0.01407380	     -0.00224061	     -0.00045087	     -0.00922182	      0.00280308	      0.00340955	     -0.00000000	      0.03211821	     -0.00000000	     -0.00000000	     -0.00000000	      0.00000000	     -0.00000000	      0.00000000	      0.00000000	      0.00000000	      0.00000000	      0.00000000	      0.00000000	      0.00000000	      0.00000000	      0.00000000	      0.00000000	      0.00000000	      0.00000000	      0.00000000	      0.00000000	      0.00000000	      0.00000000	      0.00000000	      0.00000000	      0.00000000	      0.00000000	      0.00000000	      0.00000000	      0.00000000	      0.00000000	      0.00000000	      0.00000000	      0.00000000	      0.00000000	      0.00000000	      0.00000000	      0.00000000	      0.00000000	      0.00000000	      0.00000000	      0.00000000	      0.00000000	      0.00000000	      0.00000000	      0.00000000	      0.00000000
      5.85000000	     -0.00046796	      0.00510551	     -0.00305654	      0.00843610	     -0.00675495	     -0.01611555	     -0.00532364	     -0.00000000	     -0.00000000	      0.00000000	     -0.00000000	     -0.00000000	     -0.00000000	     -0.00000000	      0.00567549	     -0.00275071	     -0.01039231	      0.04699055	      0.01856401	     -0.00535963	      0.04367440	      0.03378224	      0.01789774	     -0.00184671	      0.01007791	     -0.00000000	     -0.00000000	     -0.01411402	     -0.00225759	     -0.00044345	     -0.00922750	      0.00281212	      0.00342536	     -0.00000000	      0.03217687	     -0.00000000	     -0.00000000	      0.00000000	      0.00000000	      0.00000000	      0.00000000	      0.00000000	      0.00000000	      0.00000000	      0.00000000	      0.00000000	      0.00000000	      0.00000000	      0.00000000	      0.00000000	      0.00000000	      0.00000000	      0.00000000	      0.00000000	      0.00000000	      0.00000000	      0.00000000	      0.00000000	      0.00000000	      0.00000000	      0.00000000	      0.00000000	      0.00000000	      0.00000000	      0.00000000	      0.00000000	      0.00000000	      0.00000000	      0.00000000	      0.00000000	      0.00000000	      0.00000000	      0.00000000	      0.00000000	      0.00000000	      0.00000000	      0.00000000	      0.00000000	      0.00000000	      0.00000000
      5.85500000	     -0.00050000	      0.00509830	     -0.00306926	      0.00844387	     -0.00678053	     -0.01615626	     -0.00531615	     -0.00000000	     -0.00000000	     -0.00000000	      0.00000000	     -0.00000000	      0.00000000	      0.00000000	      0.00570550	     -0.00272610	     -0.01036056	      0.04693646	      0.01850027	     -0.00540663	      0.04363735	      0.03375243	      0.01786738	     -0.00182360	      0.01006823	      0.00000000	     -0.00000000	     -0.01415290	     -0.00227475	     -0.00043595	     -0.00923339	      0.00282116	      0.00344124	      0.00000000	      0.03223769	     -0.00000000	     -0.00000000	      0.00000000	      0.00000000	      0.00000000	      0.00000000	      0.00000000	      0.00000000	      0.00000000	      0.00000000	      0.00000000	      0.00000000	      0.00000000	      0.00000000	      0.00000000	      0.00000000	      0.00000000	      0.00000000	      0.00000000	      0.00000000	      0.00000000	      0.00000000	      0.00000000	      0.00000000	      0.00000000	      0.00000000	      0.00000000	      0.00000000	      0.00000000	      0.00000000	      0.00000000	      0.00000000	      0.00000000	      0.00000000	      0.00000000	      0.00000000	      0.00000000	      0.00000000	      0.00000000	      0.00000000	      0.00000000	      0.00000000	      0.00000000	      0.00000000	      0.00000000
      5.86000000	     -0.00053283	      0.00509086	     -0.00308222	      0.00845180	     -0.00680675	     -0.01619805	     -0.00530850	     -0.00000000	      0.00000000	     -0.00000000	     -0.00000000	     -0.00000000	      0.00000000	     -0.00000000	      0.00573684	     -0.00270148	     -0.01032821	      0.04688261	      0.01843716	     -0.00545242	      0.04360090	      0.03372358	      0.01783832	     -0.00179986	      0.01005868	      0.00000000	      0.00000000	     -0.01419031	     -0.00229210	     -0.00042836	     -0.00923953	      0.00283022	      0.00345720	      0.00000000	      0.03230110	     -0.00000000	      0.00000000	      0.00000000	     -0.00000000	     -0.00000000	      0.00000000	      0.00000000	      0.00000000	      0.00000000	      0.00000000	      0.00000000	      0.00000000	      0.00000000	      0.00000000	      0.00000000	      0.00000000	      0.00000000	      0.00000000	      0.00000000	      0.00000000	      0.00000000	      0.00000000	      0.00000000	      0.00000000	      0.00000000	      0.00000000	      0.00000000	      0.00000000	      0.00000000	      0.00000000	      0.00000000	      0.00000000	      0.00000000	      0.00000000	      0.00000000	      0.00000000	      0.00000000	      0.00000000	      0.00000000	      0.00000000	      0.00000000	      0.00000000	      0.00000000	      0.00000000	      0.00000000
      5.86500000	     -0.00056655	      0.00508314	     -0.00309548	      0.00845979	     -0.00683373	     -0.01624110	     -0.00530067	      0.00000000	     -0.00000000	     -0.00000000	     -0.00000000	     -0.00000000	     -0.00000000	     -0.00000000	      0.00576949	     -0.00267703	     -0.01029523	      0.04682891	      0.01837462	     -0.00549697	      0.04356503	      0.03369570	      0.01781064	     -0.00177536	      0.01004929	     -0.00000000	      0.00000000	     -0.01422612	     -0.00230964	     -0.00042067	     -0.00924596	      0.00283929	      0.00347325	     -0.00000000	      0.03236753	      0.00000000	      0.00000000	      0.00000000	      0.00000000	      0.00000000	      0.00000000	      0.00000000	      0.00000000	      0.00000000	      0.00000000	      0.00000000	      0.00000000	      0.00000000	      0.00000000	      0.00000000	      0.00000000	      0.00000000	      0.00000000	      0.00000000	      0.00000000	      0.00000000	      0.00000000	      0.00000000	      0.00000000	      0.00000000	      0.00000000	      0.00000000	      0.00000000	      0.00000000	      0.00000000	      0.00000000	      0.00000000	      0.00000000	      0.00000000	      0.00000000	      0.00000000	      0.00000000	      0.00000000	      0.00000000	      0.00000000	      0.00000000	      0.00000000	      0.00000000	      0.00000000	      0.00000000
      5.87000000	     -0.00060131	      0.00507509	     -0.00310907	      0.00846787	     -0.00686160	     -0.01628561	     -0.00529265	     -0.00000000	     -0.00000000	     -0.00000000	     -0.00000000	      0.00000000	     -0.00000000	     -0.00000000	      0.00580344	     -0.00265291	     -0.01026157	      0.04677524	      0.01831117	     -0.00554028	      0.04352971	      0.03366882	      0.01778442	     -0.00174997	      0.01004010	     -0.00000000	     -0.00000000	     -0.01426021	     -0.00232739	     -0.00041286	     -0.00925271	      0.00284837	      0.00348941	     -0.00000000	      0.03243743	     -0.00000000	     -0.00000000	      0.00000000	     -0.00000000	      0.00000000	      0.00000000	      0.00000000	      0.00000000	      0.00000000	      0.00000000	      0.00000000	      0.00000000	      0.00000000	      0.00000000	      0.00000000	      0.00000000	      0.00000000	      0.00000000	      0.00000000	      0.00000000	      0.00000000	      0.00000000	      0.00000000	      0.00000000	      0.00000000	      0.00000000	      0.00000000	      0.00000000	      0.00000000	      0.00000000	      0.00000000	      0.00000000	      0.00000000	      0.00000000	      0.00000000	      0.00000000	      0.00000000	      0.00000000	      0.00000000	      0.00000000	      0.00000000	      0.00000000	      0.00000000	      0.00000000	      0.00000000
      5.87500000	     -0.00063722	      0.00506669	     -0.00312305	      0.00847605	     -0.00689048	     -0.01633177	     -0.00528440	     -0.00000000	     -0.00000000	     -0.00000000	     -0.00000000	     -0.00000000	     -0.00000000	     -0.00000000	      0.00583870	     -0.00262930	     -0.01022715	      0.04672151	      0.01824740	     -0.00558236	      0.04349493	      0.03364294	      0.01775974	     -0.00172356	      0.01003112	     -0.00000000	     -0.00000000	     -0.01429246	     -0.00234537	     -0.00040491	     -0.00925984	      0.00285748	      0.00350570	     -0.00000000	      0.03251123	     -0.00000000	     -0.00000000	     -0.00000000	      0.00000000	     -0.00000000	      0.00000000	      0.00000000	      0.00000000	      0.00000000	      0.00000000	      0.00000000	      0.00000000	      0.00000000	      0.00000000	      0.00000000	      0.00000000	      0.00000000	      0.00000000	      0.00000000	      0.00000000	      0.00000000	      0.00000000	      0.00000000	      0.00000000	      0.00000000	      0.00000000	      0.00000000	      0.00000000	      0.00000000	      0.00000000	      0.00000000	      0.00000000	      0.00000000	      0.00000000	      0.00000000	      0.00000000	      0.00000000	      0.00000000	      0.00000000	      0.00000000	      0.00000000	      0.00000000	      0.00000000	      0.00000000	      0.00000000
      5.88000000	     -0.00067442	      0.00505789	     -0.00313746	      0.00848438	     -0.00692049	     -0.01637976	     -0.00527590	     -0.00000000	     -0.00000000	     -0.00000000	      0.00000000	     -0.00000000	     -0.00000000	     -0.00000000	      0.00587529	     -0.00260633	     -0.01019193	      0.04666760	      0.01818398	     -0.00562323	      0.04346065	      0.03361809	      0.01773664	     -0.00169603	      0.01002240	     -0.00000000	     -0.00000000	     -0.01432277	     -0.00236359	     -0.00039681	     -0.00926738	      0.00286661	      0.00352214	      0.00000000	      0.03258933	      0.00000000	     -0.00000000	     -0.00000000	     -0.00000000	     -0.00000000	      0.00000000	      0.00000000	      0.00000000	      0.00000000	      0.00000000	      0.00000000	      0.00000000	      0.00000000	      0.00000000	      0.00000000	      0.00000000	      0.00000000	      0.00000000	      0.00000000	      0.00000000	      0.00000000	      0.00000000	      0.00000000	      0.00000000	      0.00000000	      0.00000000	      0.00000000	      0.00000000	      0.00000000	      0.00000000	      0.00000000	      0.00000000	      0.00000000	      0.00000000	      0.00000000	      0.00000000	      0.00000000	      0.00000000	      0.00000000	      0.00000000	      0.00000000	      0.00000000	      0.00000000	      0.00000000	      0.00000000
      5.88500000	     -0.00071303	      0.00504865	     -0.00315235	      0.00849283	     -0.00695172	     -0.01642975	     -0.00526716	      0.00000000	      0.00000000	     -0.00000000	     -0.00000000	      0.00000000	      0.00000000	      0.00000000	      0.00591324	     -0.00258413	     -0.01015586	      0.04661345	      0.01812088	     -0.00566289	      0.04342684	      0.03359427	      0.01771516	     -0.00166727	      0.01001394	      0.00000000	      0.00000000	     -0.01435108	     -0.00238206	     -0.00038854	     -0.00927536	      0.00287576	      0.00353874	      0.00000000	      0.03267207	     -0.00000000	      0.00000000	      0.00000000	      0.00000000	     -0.00000000	      0.00000000	      0.00000000	      0.00000000	      0.00000000	      0.00000000	      0.00000000	      0.00000000	      0.00000000	      0.00000000	      0.00000000	      0.00000000	      0.00000000	      0.00000000	      0.00000000	      0.00000000	      0.00000000	      0.00000000	      0.00000000	      0.00000000	      0.00000000	      0.00000000	      0.00000000	      0.00000000	      0.00000000	      0.00000000	      0.00000000	      0.00000000	      0.00000000	      0.00000000	      0.00000000	      0.00000000	      0.00000000	      0.00000000	      0.00000000	      0.00000000	      0.00000000	      0.00000000	      0.00000000	      0.00000000	      0.00000000
      5.89000000	     -0.00075313	      0.00503894	     -0.00316775	      0.00850145	     -0.00698425	     -0.01648188	     -0.00525813	     -0.00000000	      0.00000000	     -0.00000000	      0.00000000	     -0.00000000	     -0.00000000	     -0.00000000	      0.00595256	     -0.00256282	     -0.01011890	      0.04655898	      0.01805804	     -0.00570139	      0.04339347	      0.03357145	      0.01769534	     -0.00163720	      0.01000577	     -0.00000000	     -0.00000000	     -0.01437733	     -0.00240081	     -0.00038008	     -0.00928380	      0.00288494	      0.00355550	     -0.00000000	      0.03275973	     -0.00000000	     -0.00000000	      0.00000000	      0.00000000	     -0.00000000	      0.00000000	      0.00000000	      0.00000000	      0.00000000	      0.00000000	      0.00000000	      0.00000000	      0.00000000	      0.00000000	      0.00000000	      0.00000000	      0.00000000	      0.00000000	      0.00000000	      0.00000000	      0.00000000	      0.00000000	      0.00000000	      0.00000000	      0.00000000	      0.00000000	      0.00000000	      0.00000000	      0.00000000	      0.00000000	      0.00000000	      0.00000000	      0.00000000	      0.00000000	      0.00000000	      0.00000000	      0.00000000	      0.00000000	      0.00000000	      0.00000000	      0.00000000	      0.00000000	      0.00000000	      0.00000000	      0.00000000
      5.89500000	     -0.00079480	      0.00502873	     -0.00318367	      0.00851020	     -0.00701816	     -0.01653625	     -0.00524883	      0.00000000	     -0.00000000	     -0.00000000	     -0.00000000	     -0.00000000	     -0.00000000	     -0.00000000	      0.00599325	     -0.00254250	     -0.01008104	      0.04650413	      0.01799545	     -0.00573877	      0.04336050	      0.03354962	      0.01767715	     -0.00160575	      0.00999790	     -0.00000000	     -0.00000000	     -0.01440149	     -0.00241982	     -0.00037144	     -0.00929273	      0.00289415	      0.00357244	     -0.00000000	      0.03285251	      0.00000000	     -0.00000000	     -0.00000000	     -0.00000000	     -0.00000000	      0.00000000	      0.00000000	      0.00000000	      0.00000000	      0.00000000	      0.00000000	      0.00000000	      0.00000000	      0.00000000	      0.00000000	      0.00000000	      0.00000000	      0.00000000	      0.00000000	      0.00000000	      0.00000000	      0.00000000	      0.00000000	      0.00000000	      0.00000000	      0.00000000	      0.00000000	      0.00000000	      0.00000000	      0.00000000	      0.00000000	      0.00000000	      0.00000000	      0.00000000	      0.00000000	      0.00000000	      0.00000000	      0.00000000	      0.00000000	      0.00000000	      0.00000000	      0.00000000	      0.00000000	      0.00000000	      0.00000000
      5.90000000	     -0.00083809	      0.00501799	     -0.00320014	      0.00851910	     -0.00705346	     -0.01659294	     -0.00523924	     -0.00000000	      0.00000000	      0.00000000	      0.00000000	      0.00000000	     -0.00000000	     -0.00000000	      0.00603531	     -0.00252328	     -0.01004226	      0.04644889	      0.01793312	     -0.00577508	      0.04332790	      0.03352875	      0.01766060	     -0.00157291	      0.00999033	      0.00000000	     -0.00000000	     -0.01442355	     -0.00243911	     -0.00036260	     -0.00930214	      0.00290337	      0.00358955	     -0.00000000	      0.03295050	     -0.00000000	     -0.00000000	      0.00000000	      0.00000000	     -0.00000000	      0.00000000	      0.00000000	      0.00000000	      0.00000000	      0.00000000	      0.00000000	      0.00000000	      0.00000000	      0.00000000	      0.00000000	      0.00000000	      0.00000000	      0.00000000	      0.00000000	      0.00000000	      0.00000000	      0.00000000	      0.00000000	      0.00000000	      0.00000000	      0.00000000	      0.00000000	      0.00000000	      0.00000000	      0.00000000	      0.00000000	      0.00000000	      0.00000000	      0.00000000	      0.00000000	      0.00000000	      0.00000000	      0.00000000	      0.00000000	      0.00000000	      0.00000000	      0.00000000	      0.00000000	      0.00000000	      0.00000000
      5.90500000	     -0.00088301	      0.00500672	     -0.00321714	      0.00852817	     -0.00709018	     -0.01665196	     -0.00522937	      0.00000000	     -0.00000000	     -0.00000000	     -0.00000000	      0.00000000	      0.00000000	      0.00000000	      0.00607869	     -0.00250526	     -0.01000261	      0.04639324	      0.01787108	     -0.00581038	      0.04329564	      0.03350878	      0.01764562	     -0.00153867	      0.00998309	      0.00000000	     -0.00000000	     -0.01444353	     -0.00245865	     -0.00035357	     -0.00931205	      0.00291260	      0.00360680	      0.00000000	      0.03305371	      0.00000000	      0.00000000	      0.00000000	      0.00000000	      0.00000000	      0.00000000	      0.00000000	      0.00000000	      0.00000000	      0.00000000	      0.00000000	      0.00000000	      0.00000000	      0.00000000	      0.00000000	      0.00000000	      0.00000000	      0.00000000	      0.00000000	      0.00000000	      0.00000000	      0.00000000	      0.00000000	      0.00000000	      0.00000000	      0.00000000	      0.00000000	      0.00000000	      0.00000000	      0.00000000	      0.00000000	      0.00000000	      0.00000000	      0.00000000	      0.00000000	      0.00000000	      0.00000000	      0.00000000	      0.00000000	      0.00000000	      0.00000000	      0.00000000	      0.00000000	      0.00000000	      0.00000000
      5.91000000	     -0.00092954	      0.00499490	     -0.00323467	      0.00853735	     -0.00712826	     -0.01671328	     -0.00521923	     -0.00000000	      0.00000000	      0.00000000	      0.00000000	      0.00000000	      0.00000000	      0.00000000	      0.00612328	     -0.00248857	     -0.00996215	      0.04633720	      0.01780937	     -0.00584474	      0.04326368	      0.03348967	      0.01763215	     -0.00150306	      0.00997618	      0.00000000	      0.00000000	     -0.01446148	     -0.00247841	     -0.00034436	     -0.00932243	      0.00292183	      0.00362417	      0.00000000	      0.03316200	      0.00000000	      0.00000000	     -0.00000000	      0.00000000	     -0.00000000	      0.00000000	      0.00000000	      0.00000000	      0.00000000	      0.00000000	      0.00000000	      0.00000000	      0.00000000	      0.00000000	      0.00000000	      0.00000000	      0.00000000	      0.00000000	      0.00000000	      0.00000000	      0.00000000	      0.00000000	      0.00000000	      0.00000000	      0.00000000	      0.00000000	      0.00000000	      0.00000000	      0.00000000	      0.00000000	      0.00000000	      0.00000000	      0.00000000	      0.00000000	      0.00000000	      0.00000000	      0.00000000	      0.00000000	      0.00000000	      0.00000000	      0.00000000	      0.00000000	      0.00000000	      0.00000000	      0.00000000
      5.91500000	     -0.00097761	      0.00498254	     -0.00325269	      0.00854666	     -0.00716766	     -0.01677681	     -0.00520883	      0.00000000	     -0.00000000	     -0.00000000	     -0.00000000	     -0.00000000	     -0.00000000	     -0.00000000	      0.00616893	     -0.00247332	     -0.00992097	      0.04628082	      0.01774807	     -0.00587825	      0.04323199	      0.03347134	      0.01762009	     -0.00146614	      0.00996962	     -0.00000000	     -0.00000000	     -0.01447745	     -0.00249835	     -0.00033498	     -0.00933325	      0.00293102	      0.00364162	     -0.00000000	      0.03327514	     -0.00000000	     -0.00000000	      0.00000000	     -0.00000000	     -0.00000000	      0.00000000	      0.00000000	      0.00000000	      0.00000000	      0.00000000	      0.00000000	      0.00000000	      0.00000000	      0.00000000	      0.00000000	      0.00000000	      0.00000000	      0.00000000	      0.00000000	      0.00000000	      0.00000000	      0.00000000	      0.00000000	      0.00000000	      0.00000000	      0.00000000	      0.00000000	      0.00000000	      0.00000000	      0.00000000	      0.00000000	      0.00000000	      0.00000000	      0.00000000	      0.00000000	      0.00000000	      0.00000000	      0.00000000	      0.00000000	      0.00000000	      0.00000000	      0.00000000	      0.00000000	      0.00000000	      0.00000000
      5.92000000	     -0.00102710	      0.00496966	     -0.00327115	      0.00855604	     -0.00720827	     -0.01684240	     -0.00519822	     -0.00000000	      0.00000000	     -0.00000000	      0.00000000	      0.00000000	      0.00000000	      0.00000000	      0.00621544	     -0.00245970	     -0.00987921	      0.04622415	      0.01768726	     -0.00591100	      0.04320055	      0.03345370	      0.01760934	     -0.00142803	      0.00996342	      0.00000000	      0.00000000	     -0.01449153	     -0.00251839	     -0.00032547	     -0.00934449	      0.00294016	      0.00365909	      0.00000000	      0.03339278	      0.00000000	      0.00000000	     -0.00000000	     -0.00000000	     -0.00000000	      0.00000000	      0.00000000	      0.00000000	      0.00000000	      0.00000000	      0.00000000	      0.00000000	      0.00000000	      0.00000000	      0.00000000	      0.00000000	      0.00000000	      0.00000000	      0.00000000	      0.00000000	      0.00000000	      0.00000000	      0.00000000	      0.00000000	      0.00000000	      0.00000000	      0.00000000	      0.00000000	      0.00000000	      0.00000000	      0.00000000	      0.00000000	      0.00000000	      0.00000000	      0.00000000	      0.00000000	      0.00000000	      0.00000000	      0.00000000	      0.00000000	      0.00000000	      0.00000000	      0.00000000	      0.00000000	      0.00000000
      5.92500000	     -0.00107785	      0.00495629	     -0.00329000	      0.00856550	     -0.00724994	     -0.01690985	     -0.00518742	     -0.00000000	      0.00000000	     -0.00000000	      0.00000000	     -0.00000000	      0.00000000	      0.00000000	      0.00626248	     -0.00244787	     -0.00983706	      0.04616729	      0.01762706	     -0.00594310	      0.04316934	      0.03343667	      0.01759977	     -0.00138884	      0.00995760	      0.00000000	      0.00000000	     -0.01450382	     -0.00253845	     -0.00031584	     -0.00935608	      0.00294920	      0.00367652	      0.00000000	      0.03351442	     -0.00000000	      0.00000000	      0.00000000	      0.00000000	     -0.00000000	      0.00000000	      0.00000000	      0.00000000	      0.00000000	      0.00000000	      0.00000000	      0.00000000	      0.00000000	      0.00000000	      0.00000000	      0.00000000	      0.00000000	      0.00000000	      0.00000000	      0.00000000	      0.00000000	      0.00000000	      0.00000000	      0.00000000	      0.00000000	      0.00000000	      0.00000000	      0.00000000	      0.00000000	      0.00000000	      0.00000000	      0.00000000	      0.00000000	      0.00000000	      0.00000000	      0.00000000	      0.00000000	      0.00000000	      0.00000000	      0.00000000	      0.00000000	      0.00000000	      0.00000000	      0.00000000	      0.00000000
      5.93000000	     -0.00112964	      0.00494247	     -0.00330914	      0.00857493	     -0.00729251	     -0.01697887	     -0.00517650	      0.00000000	     -0.00000000	     -0.00000000	     -0.00000000	      0.00000000	      0.00000000	     -0.00000000	      0.00630969	     -0.00243808	     -0.00979474	      0.04611034	      0.01756757	     -0.00597464	      0.04313835	      0.03342013	      0.01759121	     -0.00134874	      0.00995221	     -0.00000000	      0.00000000	     -0.01451443	     -0.00255841	     -0.00030615	     -0.00936797	      0.00295810	      0.00369383	     -0.00000000	      0.03363945	     -0.00000000	     -0.00000000	      0.00000000	     -0.00000000	     -0.00000000	      0.00000000	      0.00000000	      0.00000000	      0.00000000	      0.00000000	      0.00000000	      0.00000000	      0.00000000	      0.00000000	      0.00000000	      0.00000000	      0.00000000	      0.00000000	      0.00000000	      0.00000000	      0.00000000	      0.00000000	      0.00000000	      0.00000000	      0.00000000	      0.00000000	      0.00000000	      0.00000000	      0.00000000	      0.00000000	      0.00000000	      0.00000000	      0.00000000	      0.00000000	      0.00000000	      0.00000000	      0.00000000	      0.00000000	      0.00000000	      0.00000000	      0.00000000	      0.00000000	      0.00000000	      0.00000000	      0.00000000
      5.93500000	     -0.00118222	      0.00492827	     -0.00332849	      0.00858433	     -0.00733576	     -0.01704913	     -0.00516551	      0.00000000	      0.00000000	     -0.00000000	     -0.00000000	      0.00000000	      0.00000000	     -0.00000000	      0.00635660	     -0.00243058	     -0.00975253	      0.04605342	      0.01750893	     -0.00600577	      0.04310756	      0.03340398	      0.01758350	     -0.00130794	      0.00994726	      0.00000000	      0.00000000	     -0.01452351	     -0.00257816	     -0.00029644	     -0.00938008	      0.00296681	      0.00371091	      0.00000000	      0.03376716	     -0.00000000	      0.00000000	      0.00000000	     -0.00000000	     -0.00000000	      0.00000000	      0.00000000	      0.00000000	      0.00000000	      0.00000000	      0.00000000	      0.00000000	      0.00000000	      0.00000000	      0.00000000	      0.00000000	      0.00000000	      0.00000000	      0.00000000	      0.00000000	      0.00000000	      0.00000000	      0.00000000	      0.00000000	      0.00000000	      0.00000000	      0.00000000	      0.00000000	      0.00000000	      0.00000000	      0.00000000	      0.00000000	      0.00000000	      0.00000000	      0.00000000	      0.00000000	      0.00000000	      0.00000000	      0.00000000	      0.00000000	      0.00000000	      0.00000000	      0.00000000	      0.00000000	      0.00000000
      5.94000000	     -0.00123528	      0.00491376	     -0.00334794	      0.00859367	     -0.00737945	     -0.01712023	     -0.00515453	     -0.00000000	     -0.00000000	     -0.00000000	     -0.00000000	     -0.00000000	     -0.00000000	     -0.00000000	      0.00640264	     -0.00242567	     -0.00971072	      0.04599665	      0.01745124	     -0.00603660	      0.04307697	      0.03338809	      0.01757646	     -0.00126664	      0.00994281	     -0.00000000	     -0.00000000	     -0.01453121	     -0.00259753	     -0.00028677	     -0.00939233	      0.00297528	      0.00372767	     -0.00000000	      0.03389674	     -0.00000000	     -0.00000000	     -0.00000000	      0.00000000	     -0.00000000	      0.00000000	      0.00000000	      0.00000000	      0.00000000	      0.00000000	      0.00000000	      0.00000000	      0.00000000	      0.00000000	      0.00000000	      0.00000000	      0.00000000	      0.00000000	      0.00000000	      0.00000000	      0.00000000	      0.00000000	      0.00000000	      0.00000000	      0.00000000	      0.00000000	      0.00000000	      0.00000000	      0.00000000	      0.00000000	      0.00000000	      0.00000000	      0.00000000	      0.00000000	      0.00000000	      0.00000000	      0.00000000	      0.00000000	      0.00000000	      0.00000000	      0.00000000	      0.00000000	      0.00000000	      0.00000000	      0.00000000
      5.94500000	     -0.00128846	      0.00489903	     -0.00336737	      0.00860283	     -0.00742330	     -0.01719172	     -0.00514363	      0.00000000	     -0.00000000	     -0.00000000	     -0.00000000	     -0.00000000	     -0.00000000	     -0.00000000	      0.00644719	     -0.00242366	     -0.00966966	      0.04594020	      0.01739463	     -0.00606727	      0.04304658	      0.03337233	      0.01756989	     -0.00122511	      0.00993891	     -0.00000000	     -0.00000000	     -0.01453768	     -0.00261636	     -0.00027720	     -0.00940464	      0.00298345	      0.00374400	     -0.00000000	      0.03402726	     -0.00000000	     -0.00000000	     -0.00000000	      0.00000000	     -0.00000000	      0.00000000	      0.00000000	      0.00000000	      0.00000000	      0.00000000	      0.00000000	      0.00000000	      0.00000000	      0.00000000	      0.00000000	      0.00000000	      0.00000000	      0.00000000	      0.00000000	      0.00000000	      0.00000000	      0.00000000	      0.00000000	      0.00000000	      0.00000000	      0.00000000	      0.00000000	      0.00000000	      0.00000000	      0.00000000	      0.00000000	      0.00000000	      0.00000000	      0.00000000	      0.00000000	      0.00000000	      0.00000000	      0.00000000	      0.00000000	      0.00000000	      0.00000000	      0.00000000	      0.00000000	      0.00000000	      0.00000000
      5.95000000	     -0.00134136	      0.00488417	     -0.00338664	      0.00861179	     -0.00746703	     -0.01726310	     -0.00513292	     -0.00000000	     -0.00000000	      0.00000000	      0.00000000	      0.00000000	     -0.00000000	     -0.00000000	      0.00648955	     -0.00242491	     -0.00962974	      0.04588422	      0.01733923	     -0.00609789	      0.04301642	      0.03335657	      0.01756360	     -0.00118360	      0.00993560	      0.00000000	     -0.00000000	     -0.01454309	     -0.00263446	     -0.00026780	     -0.00941689	      0.00299125	      0.00375977	     -0.00000000	      0.03415772	     -0.00000000	     -0.00000000	     -0.00000000	     -0.00000000	     -0.00000000	      0.00000000	      0.00000000	      0.00000000	      0.00000000	      0.00000000	      0.00000000	      0.00000000	      0.00000000	      0.00000000	      0.00000000	      0.00000000	      0.00000000	      0.00000000	      0.00000000	      0.00000000	      0.00000000	      0.00000000	      0.00000000	      0.00000000	      0.00000000	      0.00000000	      0.00000000	      0.00000000	      0.00000000	      0.00000000	      0.00000000	      0.00000000	      0.00000000	      0.00000000	      0.00000000	      0.00000000	      0.00000000	      0.00000000	      0.00000000	      0.00000000	      0.00000000	      0.00000000	      0.00000000	      0.00000000	      0.00000000
      5.95500000	     -0.00139356	      0.00486930	     -0.00340563	      0.00862051	     -0.00751030	     -0.01733382	     -0.00512248	     -0.00000000	      0.00000000	     -0.00000000	      0.00000000	     -0.00000000	     -0.00000000	     -0.00000000	      0.00652897	     -0.00242975	     -0.00959134	      0.04582887	      0.01728514	     -0.00612859	      0.04298650	      0.03334072	      0.01755740	     -0.00114241	      0.00993294	      0.00000000	     -0.00000000	     -0.01454761	     -0.00265165	     -0.00025864	     -0.00942899	      0.00299862	      0.00377485	     -0.00000000	      0.03428709	      0.00000000	     -0.00000000	      0.00000000	      0.00000000	      0.00000000	      0.00000000	      0.00000000	      0.00000000	      0.00000000	      0.00000000	      0.00000000	      0.00000000	      0.00000000	      0.00000000	      0.00000000	      0.00000000	      0.00000000	      0.00000000	      0.00000000	      0.00000000	      0.00000000	      0.00000000	      0.00000000	      0.00000000	      0.00000000	      0.00000000	      0.00000000	      0.00000000	      0.00000000	      0.00000000	      0.00000000	      0.00000000	      0.00000000	      0.00000000	      0.00000000	      0.00000000	      0.00000000	      0.00000000	      0.00000000	      0.00000000	      0.00000000	      0.00000000	      0.00000000	      0.00000000	      0.00000000
      5.96000000	     -0.00144460	      0.00485456	     -0.00342417	      0.00862887	     -0.00755279	     -0.01740330	     -0.00511243	     -0.00000000	     -0.00000000	      0.00000000	      0.00000000	      0.00000000	      0.00000000	     -0.00000000	      0.00656467	     -0.00243853	     -0.00955489	      0.04577435	      0.01723248	     -0.00615945	      0.04295690	      0.03332467	      0.01755113	     -0.00110183	      0.00993100	     -0.00000000	      0.00000000	     -0.01455140	     -0.00266771	     -0.00024980	     -0.00944083	      0.00300549	      0.00378912	     -0.00000000	      0.03441426	      0.00000000	     -0.00000000	     -0.00000000	      0.00000000	     -0.00000000	      0.00000000	      0.00000000	      0.00000000	      0.00000000	      0.00000000	      0.00000000	      0.00000000	      0.00000000	      0.00000000	      0.00000000	      0.00000000	      0.00000000	      0.00000000	      0.00000000	      0.00000000	      0.00000000	      0.00000000	      0.00000000	      0.00000000	      0.00000000	      0.00000000	      0.00000000	      0.00000000	      0.00000000	      0.00000000	      0.00000000	      0.00000000	      0.00000000	      0.00000000	      0.00000000	      0.00000000	      0.00000000	      0.00000000	      0.00000000	      0.00000000	      0.00000000	      0.00000000	      0.00000000	      0.00000000	      0.00000000
      5.96500000	     -0.00149402	      0.00484006	     -0.00344214	      0.00863687	     -0.00759415	     -0.01747096	     -0.00510285	      0.00000000	      0.00000000	      0.00000000	      0.00000000	     -0.00000000	      0.00000000	      0.00000000	      0.00659586	     -0.00245156	     -0.00952078	      0.04572084	      0.01718137	     -0.00619054	      0.04292767	      0.03330835	      0.01754462	     -0.00106216	      0.00992984	      0.00000000	      0.00000000	     -0.01455459	     -0.00268245	     -0.00024136	     -0.00945231	      0.00301179	      0.00380245	      0.00000000	      0.03453813	      0.00000000	     -0.00000000	     -0.00000000	     -0.00000000	      0.00000000	      0.00000000	      0.00000000	      0.00000000	      0.00000000	      0.00000000	      0.00000000	      0.00000000	      0.00000000	      0.00000000	      0.00000000	      0.00000000	      0.00000000	      0.00000000	      0.00000000	      0.00000000	      0.00000000	      0.00000000	      0.00000000	      0.00000000	      0.00000000	      0.00000000	      0.00000000	      0.00000000	      0.00000000	      0.00000000	      0.00000000	      0.00000000	      0.00000000	      0.00000000	      0.00000000	      0.00000000	      0.00000000	      0.00000000	      0.00000000	      0.00000000	      0.00000000	      0.00000000	      0.00000000	      0.00000000	      0.00000000
      5.97000000	     -0.00154133	      0.00482595	     -0.00345937	      0.00864436	     -0.00763404	     -0.01753617	     -0.00509386	     -0.00000000	     -0.00000000	     -0.00000000	      0.00000000	     -0.00000000	      0.00000000	      0.00000000	      0.00662178	     -0.00246913	     -0.00948943	      0.04566855	      0.01713192	     -0.00622187	      0.04289891	      0.03329170	      0.01753775	     -0.00102372	      0.00992951	     -0.00000000	      0.00000000	     -0.01455733	     -0.00269567	     -0.00023340	     -0.00946332	      0.00301747	      0.00381473	      0.00000000	      0.03465759	      0.00000000	     -0.00000000	      0.00000000	      0.00000000	      0.00000000	      0.00000000	      0.00000000	      0.00000000	      0.00000000	      0.00000000	      0.00000000	      0.00000000	      0.00000000	      0.00000000	      0.00000000	      0.00000000	      0.00000000	      0.00000000	      0.00000000	      0.00000000	      0.00000000	      0.00000000	      0.00000000	      0.00000000	      0.00000000	      0.00000000	      0.00000000	      0.00000000	      0.00000000	      0.00000000	      0.00000000	      0.00000000	      0.00000000	      0.00000000	      0.00000000	      0.00000000	      0.00000000	      0.00000000	      0.00000000	      0.00000000	      0.00000000	      0.00000000	      0.00000000	      0.00000000	      0.00000000
      5.97500000	     -0.00158608	      0.00481237	     -0.00347573	      0.00865140	     -0.00767211	     -0.01759833	     -0.00508557	     -0.00000000	     -0.00000000	      0.00000000	      0.00000000	     -0.00000000	     -0.00000000	     -0.00000000	      0.00664172	     -0.00249144	     -0.00946121	      0.04561770	      0.01708424	     -0.00624653	      0.04287073	      0.03327471	      0.01753043	     -0.00098679	      0.00993007	     -0.00000000	     -0.00000000	     -0.01455974	     -0.00270718	     -0.00022599	     -0.00947376	      0.00302245	      0.00382583	     -0.00000000	      0.03477156	     -0.00000000	     -0.00000000	      0.00000000	      0.00000000	      0.00000000	      0.00000000	      0.00000000	      0.00000000	      0.00000000	      0.00000000	      0.00000000	      0.00000000	      0.00000000	      0.00000000	      0.00000000	      0.00000000	      0.00000000	      0.00000000	      0.00000000	      0.00000000	      0.00000000	      0.00000000	      0.00000000	      0.00000000	      0.00000000	      0.00000000	      0.00000000	      0.00000000	      0.00000000	      0.00000000	      0.00000000	      0.00000000	      0.00000000	      0.00000000	      0.00000000	      0.00000000	      0.00000000	      0.00000000	      0.00000000	      0.00000000	      0.00000000	      0.00000000	      0.00000000	      0.00000000	      0.00000000
      5.98000000	     -0.00162779	      0.00479946	     -0.00349107	      0.00865803	     -0.00770805	     -0.01765685	     -0.00507805	     -0.00000000	      0.00000000	      0.00000000	      0.00000000	     -0.00000000	     -0.00000000	     -0.00000000	      0.00665505	     -0.00251862	     -0.00943648	      0.04556853	      0.01703845	     -0.00623098	      0.04284328	      0.03325739	      0.01752258	     -0.00095167	      0.00993155	     -0.00000000	     -0.00000000	     -0.01456190	     -0.00271682	     -0.00021999	     -0.00948354	      0.00302670	      0.00383566	     -0.00000000	      0.03487900	     -0.00000000	     -0.00000000	     -0.00000000	      0.00000000	      0.00000000	      0.00000000	      0.00000000	      0.00000000	      0.00000000	      0.00000000	      0.00000000	      0.00000000	      0.00000000	      0.00000000	      0.00000000	      0.00000000	      0.00000000	      0.00000000	      0.00000000	      0.00000000	      0.00000000	      0.00000000	      0.00000000	      0.00000000	      0.00000000	      0.00000000	      0.00000000	      0.00000000	      0.00000000	      0.00000000	      0.00000000	      0.00000000	      0.00000000	      0.00000000	      0.00000000	      0.00000000	      0.00000000	      0.00000000	      0.00000000	      0.00000000	      0.00000000	      0.00000000	      0.00000000	      0.00000000	      0.00000000
      5.98500000	     -0.00166604	      0.00478736	     -0.00350527	      0.00866371	     -0.00774152	     -0.01771117	     -0.00507140	      0.00000000	      0.00000000	     -0.00000000	      0.00000000	      0.00000000	     -0.00000000	      0.00000000	      0.00666126	     -0.00255069	     -0.00941553	      0.04552126	      0.01699467	     -0.00621592	      0.04281669	      0.03323979	      0.01751419	     -0.00091862	      0.00993397	      0.00000000	      0.00000000	     -0.01456389	     -0.00272445	     -0.00021389	     -0.00949257	      0.00303017	      0.00384414	     -0.00000000	      0.03497895	      0.00000000	      0.00000000	      0.00000000	     -0.00000000	     -0.00000000	      0.00000000	      0.00000000	      0.00000000	      0.00000000	      0.00000000	      0.00000000	      0.00000000	      0.00000000	      0.00000000	      0.00000000	      0.00000000	      0.00000000	      0.00000000	      0.00000000	      0.00000000	      0.00000000	      0.00000000	      0.00000000	      0.00000000	      0.00000000	      0.00000000	      0.00000000	      0.00000000	      0.00000000	      0.00000000	      0.00000000	      0.00000000	      0.00000000	      0.00000000	      0.00000000	      0.00000000	      0.00000000	      0.00000000	      0.00000000	      0.00000000	      0.00000000	      0.00000000	      0.00000000	      0.00000000	      0.00000000
      5.99000000	     -0.00170046	      0.00477620	     -0.00351820	      0.00866893	     -0.00777227	     -0.01776079	     -0.00506569	     -0.00000000	      0.00000000	     -0.00000000	      0.00000000	      0.00000000	      0.00000000	      0.00000000	      0.00666001	     -0.00258756	     -0.00939859	      0.04547613	      0.01695302	     -0.00620178	      0.04279114	      0.03322199	      0.01750527	     -0.00088788	      0.00993735	     -0.00000000	      0.00000000	     -0.01456577	     -0.00272996	     -0.00020854	     -0.00950077	      0.00303284	      0.00385120	      0.00000000	      0.03507056	      0.00000000	      0.00000000	     -0.00000000	      0.00000000	     -0.00000000	      0.00000000	      0.00000000	      0.00000000	      0.00000000	      0.00000000	      0.00000000	      0.00000000	      0.00000000	      0.00000000	      0.00000000	      0.00000000	      0.00000000	      0.00000000	      0.00000000	      0.00000000	      0.00000000	      0.00000000	      0.00000000	      0.00000000	      0.00000000	      0.00000000	      0.00000000	      0.00000000	      0.00000000	      0.00000000	      0.00000000	      0.00000000	      0.00000000	      0.00000000	      0.00000000	      0.00000000	      0.00000000	      0.00000000	      0.00000000	      0.00000000	      0.00000000	      0.00000000	      0.00000000	      0.00000000	      0.00000000
      5.99500000	     -0.00173073	      0.00476609	     -0.00352978	      0.00867368	     -0.00780003	     -0.01780526	     -0.00506097	     -0.00000000	      0.00000000	      0.00000000	     -0.00000000	      0.00000000	      0.00000000	      0.00000000	      0.00665111	     -0.00262898	     -0.00938582	      0.04543338	      0.01691362	     -0.00618898	      0.04276679	      0.03320409	      0.01749585	     -0.00085966	      0.00994166	      0.00000000	      0.00000000	     -0.01456758	     -0.00273330	     -0.00020397	     -0.00950808	      0.00303469	      0.00385682	      0.00000000	      0.03515307	     -0.00000000	      0.00000000	     -0.00000000	      0.00000000	      0.00000000	      0.00000000	      0.00000000	      0.00000000	      0.00000000	      0.00000000	      0.00000000	      0.00000000	      0.00000000	      0.00000000	      0.00000000	      0.00000000	      0.00000000	      0.00000000	      0.00000000	      0.00000000	      0.00000000	      0.00000000	      0.00000000	      0.00000000	      0.00000000	      0.00000000	      0.00000000	      0.00000000	      0.00000000	      0.00000000	      0.00000000	      0.00000000	      0.00000000	      0.00000000	      0.00000000	      0.00000000	      0.00000000	      0.00000000	      0.00000000	      0.00000000	      0.00000000	      0.00000000	      0.00000000	      0.00000000	      0.00000000
      6.00000000	     -0.00175659	      0.00475713	     -0.00353993	      0.00867746	     -0.00782462	     -0.01784422	     -0.00505727	      0.00000000	     -0.00000000	     -0.00000000	     -0.00000000	     -0.00000000	     -0.00000000	     -0.00000000	      0.00663460	     -0.00267455	     -0.00937727	      0.04539323	      0.01687662	     -0.00617784	      0.04274381	      0.03318624	      0.01748602	     -0.00083412	      0.00994685	     -0.00000000	     -0.00000000	     -0.01456934	     -0.00273447	     -0.00020022	     -0.00951445	      0.00303574	      0.00386100	     -0.00000000	      0.03522590	     -0.00000000	     -0.00000000	      0.00000000	     -0.00000000	     -0.00000000	      0.00000000	      0.00000000	      0.00000000	      0.00000000	      0.00000000	      0.00000000	      0.00000000	      0.00000000	      0.00000000	      0.00000000	      0.00000000	      0.00000000	      0.00000000	      0.00000000	      0.00000000	      0.00000000	      0.00000000	      0.00000000	      0.00000000	      0.00000000	      0.00000000	      0.00000000	      0.00000000	      0.00000000	      0.00000000	      0.00000000	      0.00000000	      0.00000000	      0.00000000	      0.00000000	      0.00000000	      0.00000000	      0.00000000	      0.00000000	      0.00000000	      0.00000000	      0.00000000	      0.00000000	      0.00000000	      0.00000000
      6.00500000	     -0.00177789	      0.00474939	     -0.00354860	      0.00868061	     -0.00784589	     -0.01787743	     -0.00505461	      0.00000000	      0.00000000	      0.00000000	      0.00000000	     -0.00000000	     -0.00000000	     -0.00000000	      0.00661076	     -0.00272374	     -0.00937292	      0.04535593	      0.01684216	     -0.00616865	      0.04272238	      0.03316860	      0.01747589	     -0.00081137	      0.00995285	     -0.00000000	     -0.00000000	     -0.01457104	     -0.00273350	     -0.00019729	     -0.00951984	      0.00303601	      0.00386376	     -0.00000000	      0.03528863	     -0.00000000	     -0.00000000	     -0.00000000	     -0.00000000	      0.00000000	      0.00000000	      0.00000000	      0.00000000	      0.00000000	      0.00000000	      0.00000000	      0.00000000	      0.00000000	      0.00000000	      0.00000000	      0.00000000	      0.00000000	      0.00000000	      0.00000000	      0.00000000	      0.00000000	      0.00000000	      0.00000000	      0.00000000	      0.00000000	      0.00000000	      0.00000000	      0.00000000	      0.00000000	      0.00000000	      0.00000000	      0.00000000	      0.00000000	      0.00000000	      0.00000000	      0.00000000	      0.00000000	      0.00000000	      0.00000000	      0.00000000	      0.00000000	      0.00000000	      0.00000000	      0.00000000	      0.00000000
      6.01000000	     -0.00179457	      0.00474293	     -0.00355575	      0.00868307	     -0.00786375	     -0.01790473	     -0.00505295	     -0.00000000	     -0.00000000	     -0.00000000	      0.00000000	     -0.00000000	     -0.00000000	      0.00000000	      0.00658012	     -0.00277582	     -0.00937261	      0.04532168	      0.01681038	     -0.00616158	      0.04270266	      0.03315137	      0.01746562	     -0.00079146	      0.00995957	      0.00000000	     -0.00000000	     -0.01457267	     -0.00273050	     -0.00019518	     -0.00952425	      0.00303554	      0.00386518	      0.00000000	      0.03534104	      0.00000000	      0.00000000	     -0.00000000	      0.00000000	      0.00000000	      0.00000000	      0.00000000	      0.00000000	      0.00000000	      0.00000000	      0.00000000	      0.00000000	      0.00000000	      0.00000000	      0.00000000	      0.00000000	      0.00000000	      0.00000000	      0.00000000	      0.00000000	      0.00000000	      0.00000000	      0.00000000	      0.00000000	      0.00000000	      0.00000000	      0.00000000	      0.00000000	      0.00000000	      0.00000000	      0.00000000	      0.00000000	      0.00000000	      0.00000000	      0.00000000	      0.00000000	      0.00000000	      0.00000000	      0.00000000	      0.00000000	      0.00000000	      0.00000000	      0.00000000	      0.00000000	      0.00000000
      6.01500000	     -0.00180666	      0.00473777	     -0.00356140	      0.00868483	     -0.00787818	     -0.01792611	     -0.00505226	      0.00000000	     -0.00000000	     -0.00000000	     -0.00000000	     -0.00000000	     -0.00000000	     -0.00000000	      0.00654345	     -0.00282991	     -0.00937610	      0.04529071	      0.01678147	     -0.00615672	      0.04268482	      0.03313478	      0.01745537	     -0.00077440	      0.00996686	     -0.00000000	     -0.00000000	     -0.01457417	     -0.00272564	     -0.00019388	     -0.00952769	      0.00303440	      0.00386535	     -0.00000000	      0.03538310	     -0.00000000	      0.00000000	      0.00000000	      0.00000000	      0.00000000	      0.00000000	      0.00000000	      0.00000000	      0.00000000	      0.00000000	      0.00000000	      0.00000000	      0.00000000	      0.00000000	      0.00000000	      0.00000000	      0.00000000	      0.00000000	      0.00000000	      0.00000000	      0.00000000	      0.00000000	      0.00000000	      0.00000000	      0.00000000	      0.00000000	      0.00000000	      0.00000000	      0.00000000	      0.00000000	      0.00000000	      0.00000000	      0.00000000	      0.00000000	      0.00000000	      0.00000000	      0.00000000	      0.00000000	      0.00000000	      0.00000000	      0.00000000	      0.00000000	      0.00000000	      0.00000000	      0.00000000
      6.02000000	     -0.00181432	      0.00473389	     -0.00356557	      0.00868595	     -0.00788922	     -0.01794167	     -0.00505247	      0.00000000	      0.00000000	      0.00000000	     -0.00000000	      0.00000000	     -0.00000000	     -0.00000000	      0.00650178	     -0.00288501	     -0.00938304	      0.04526320	      0.01675560	     -0.00615404	      0.04266900	      0.03311905	      0.01744537	     -0.00076011	      0.00997457	      0.00000000	      0.00000000	     -0.01457550	     -0.00271915	     -0.00019333	     -0.00953017	      0.00303268	      0.00386442	     -0.00000000	      0.03541500	      0.00000000	     -0.00000000	     -0.00000000	     -0.00000000	     -0.00000000	      0.00000000	      0.00000000	      0.00000000	      0.00000000	      0.00000000	      0.00000000	      0.00000000	      0.00000000	      0.00000000	      0.00000000	      0.00000000	      0.00000000	      0.00000000	      0.00000000	      0.00000000	      0.00000000	      0.00000000	      0.00000000	      0.00000000	      0.00000000	      0.00000000	      0.00000000	      0.00000000	      0.00000000	      0.00000000	      0.00000000	      0.00000000	      0.00000000	      0.00000000	      0.00000000	      0.00000000	      0.00000000	      0.00000000	      0.00000000	      0.00000000	      0.00000000	      0.00000000	      0.00000000	      0.00000000	      0.00000000
      6.02500000	     -0.00181779	      0.00473127	     -0.00356832	      0.00868646	     -0.00789698	     -0.01795165	     -0.00505348	     -0.00000000	      0.00000000	      0.00000000	      0.00000000	      0.00000000	      0.00000000	      0.00000000	      0.00645631	     -0.00293999	     -0.00939296	      0.04523934	      0.01673293	     -0.00615342	      0.04265531	      0.03310443	      0.01743580	     -0.00074847	      0.00998251	      0.00000000	      0.00000000	     -0.01457659	     -0.00271130	     -0.00019348	     -0.00953175	      0.00303049	      0.00386256	      0.00000000	      0.03543711	      0.00000000	      0.00000000	      0.00000000	      0.00000000	     -0.00000000	      0.00000000	      0.00000000	      0.00000000	      0.00000000	      0.00000000	      0.00000000	      0.00000000	      0.00000000	      0.00000000	      0.00000000	      0.00000000	      0.00000000	      0.00000000	      0.00000000	      0.00000000	      0.00000000	      0.00000000	      0.00000000	      0.00000000	      0.00000000	      0.00000000	      0.00000000	      0.00000000	      0.00000000	      0.00000000	      0.00000000	      0.00000000	      0.00000000	      0.00000000	      0.00000000	      0.00000000	      0.00000000	      0.00000000	      0.00000000	      0.00000000	      0.00000000	      0.00000000	      0.00000000	      0.00000000	      0.00000000
      6.03000000	     -0.00181742	      0.00472983	     -0.00356975	      0.00868642	     -0.00790163	     -0.01795638	     -0.00505517	     -0.00000000	      0.00000000	      0.00000000	      0.00000000	      0.00000000	     -0.00000000	     -0.00000000	      0.00640839	     -0.00299369	     -0.00940536	      0.04521925	      0.01671362	     -0.00615469	      0.04264386	      0.03309114	      0.01742688	     -0.00073931	      0.00999051	      0.00000000	     -0.00000000	     -0.01457741	     -0.00270239	     -0.00019425	     -0.00953248	      0.00302793	      0.00385996	     -0.00000000	      0.03544998	     -0.00000000	     -0.00000000	     -0.00000000	      0.00000000	     -0.00000000	      0.00000000	      0.00000000	      0.00000000	      0.00000000	      0.00000000	      0.00000000	      0.00000000	      0.00000000	      0.00000000	      0.00000000	      0.00000000	      0.00000000	      0.00000000	      0.00000000	      0.00000000	      0.00000000	      0.00000000	      0.00000000	      0.00000000	      0.00000000	      0.00000000	      0.00000000	      0.00000000	      0.00000000	      0.00000000	      0.00000000	      0.00000000	      0.00000000	      0.00000000	      0.00000000	      0.00000000	      0.00000000	      0.00000000	      0.00000000	      0.00000000	      0.00000000	      0.00000000	      0.00000000	      0.00000000	      0.00000000
      6.03500000	     -0.00181359	      0.00472951	     -0.00356995	      0.00868587	     -0.00790338	     -0.01795629	     -0.00505743	     -0.00000000	      0.00000000	     -0.00000000	      0.00000000	      0.00000000	      0.00000000	     -0.00000000	      0.00635942	     -0.00304498	     -0.00941967	      0.04520300	      0.01669776	     -0.00615762	      0.04263467	      0.03307935	      0.01741876	     -0.00073240	      0.00999835	      0.00000000	      0.00000000	     -0.01457793	     -0.00269275	     -0.00019558	     -0.00953244	      0.00302513	      0.00385682	     -0.00000000	      0.03545429	      0.00000000	     -0.00000000	     -0.00000000	      0.00000000	     -0.00000000	      0.00000000	      0.00000000	      0.00000000	      0.00000000	      0.00000000	      0.00000000	      0.00000000	      0.00000000	      0.00000000	      0.00000000	      0.00000000	      0.00000000	      0.00000000	      0.00000000	      0.00000000	      0.00000000	      0.00000000	      0.00000000	      0.00000000	      0.00000000	      0.00000000	      0.00000000	      0.00000000	      0.00000000	      0.00000000	      0.00000000	      0.00000000	      0.00000000	      0.00000000	      0.00000000	      0.00000000	      0.00000000	      0.00000000	      0.00000000	      0.00000000	      0.00000000	      0.00000000	      0.00000000	      0.00000000	      0.00000000
      6.04000000	     -0.00180676	      0.00473018	     -0.00356905	      0.00868489	     -0.00790248	     -0.01795187	     -0.00506012	      0.00000000	     -0.00000000	     -0.00000000	     -0.00000000	     -0.00000000	      0.00000000	      0.00000000	      0.00631072	     -0.00309282	     -0.00943534	      0.04519056	      0.01668535	     -0.00616201	      0.04262770	      0.03306918	      0.01741155	     -0.00072750	      0.01000586	      0.00000000	      0.00000000	     -0.01457818	     -0.00268272	     -0.00019735	     -0.00953170	      0.00302222	      0.00385336	      0.00000000	      0.03545080	     -0.00000000	      0.00000000	      0.00000000	     -0.00000000	      0.00000000	      0.00000000	      0.00000000	      0.00000000	      0.00000000	      0.00000000	      0.00000000	      0.00000000	      0.00000000	      0.00000000	      0.00000000	      0.00000000	      0.00000000	      0.00000000	      0.00000000	      0.00000000	      0.00000000	      0.00000000	      0.00000000	      0.00000000	      0.00000000	      0.00000000	      0.00000000	      0.00000000	      0.00000000	      0.00000000	      0.00000000	      0.00000000	      0.00000000	      0.00000000	      0.00000000	      0.00000000	      0.00000000	      0.00000000	      0.00000000	      0.00000000	      0.00000000	      0.00000000	      0.00000000	      0.00000000	      0.00000000
      6.04500000	     -0.00179737	      0.00473176	     -0.00356717	      0.00868356	     -0.00789920	     -0.01794364	     -0.00506311	      0.00000000	     -0.00000000	     -0.00000000	      0.00000000	      0.00000000	      0.00000000	      0.00000000	      0.00626349	     -0.00313633	     -0.00945182	      0.04518182	      0.01667629	     -0.00616767	      0.04262287	      0.03306065	      0.01740526	     -0.00072433	      0.01001286	      0.00000000	      0.00000000	     -0.01457826	     -0.00267260	     -0.00019949	     -0.00953035	      0.00301931	      0.00384978	      0.00000000	      0.03544030	      0.00000000	      0.00000000	      0.00000000	      0.00000000	      0.00000000	      0.00000000	      0.00000000	      0.00000000	      0.00000000	      0.00000000	      0.00000000	      0.00000000	      0.00000000	      0.00000000	      0.00000000	      0.00000000	      0.00000000	      0.00000000	      0.00000000	      0.00000000	      0.00000000	      0.00000000	      0.00000000	      0.00000000	      0.00000000	      0.00000000	      0.00000000	      0.00000000	      0.00000000	      0.00000000	      0.00000000	      0.00000000	      0.00000000	      0.00000000	      0.00000000	      0.00000000	      0.00000000	      0.00000000	      0.00000000	      0.00000000	      0.00000000	      0.00000000	      0.00000000	      0.00000000	      0.00000000
      6.05000000	     -0.00178587	      0.00473412	     -0.00356446	      0.00868191	     -0.00789384	     -0.01793212	     -0.00506629	     -0.00000000	      0.00000000	      0.00000000	     -0.00000000	     -0.00000000	     -0.00000000	      0.00000000	      0.00621870	     -0.00317484	     -0.00946864	      0.04517657	      0.01667037	     -0.00617452	      0.04261998	      0.03305372	      0.01739985	     -0.00072262	      0.01001921	      0.00000000	      0.00000000	     -0.01457829	     -0.00266265	     -0.00020114	     -0.00952846	      0.00301651	      0.00384627	     -0.00000000	      0.03542358	     -0.00000000	      0.00000000	     -0.00000000	     -0.00000000	     -0.00000000	      0.00000000	      0.00000000	      0.00000000	      0.00000000	      0.00000000	      0.00000000	      0.00000000	      0.00000000	      0.00000000	      0.00000000	      0.00000000	      0.00000000	      0.00000000	      0.00000000	      0.00000000	      0.00000000	      0.00000000	      0.00000000	      0.00000000	      0.00000000	      0.00000000	      0.00000000	      0.00000000	      0.00000000	      0.00000000	      0.00000000	      0.00000000	      0.00000000	      0.00000000	      0.00000000	      0.00000000	      0.00000000	      0.00000000	      0.00000000	      0.00000000	      0.00000000	      0.00000000	      0.00000000	      0.00000000	      0.00000000
      6.05500000	     -0.00177267	      0.00473716	     -0.00356104	      0.00868004	     -0.00788665	     -0.01791782	     -0.00506956	      0.00000000	     -0.00000000	     -0.00000000	     -0.00000000	     -0.00000000	     -0.00000000	     -0.00000000	      0.00617710	     -0.00320793	     -0.00948539	      0.04517448	      0.01666728	     -0.00618249	      0.04261880	      0.03304823	      0.01739517	     -0.00072212	      0.01002481	     -0.00000000	     -0.00000000	     -0.01457849	     -0.00265309	     -0.00020375	     -0.00952611	      0.00301391	      0.00384299	     -0.00000000	      0.03540138	     -0.00000000	     -0.00000000	     -0.00000000	     -0.00000000	     -0.00000000	      0.00000000	      0.00000000	      0.00000000	      0.00000000	      0.00000000	      0.00000000	      0.00000000	      0.00000000	      0.00000000	      0.00000000	      0.00000000	      0.00000000	      0.00000000	      0.00000000	      0.00000000	      0.00000000	      0.00000000	      0.00000000	      0.00000000	      0.00000000	      0.00000000	      0.00000000	      0.00000000	      0.00000000	      0.00000000	      0.00000000	      0.00000000	      0.00000000	      0.00000000	      0.00000000	      0.00000000	      0.00000000	      0.00000000	      0.00000000	      0.00000000	      0.00000000	      0.00000000	      0.00000000	      0.00000000	      0.00000000
      6.06000000	     -0.00175813	      0.00474078	     -0.00355702	      0.00867799	     -0.00787792	     -0.01790120	     -0.00507282	     -0.00000000	      0.00000000	     -0.00000000	     -0.00000000	     -0.00000000	     -0.00000000	     -0.00000000	      0.00613914	     -0.00323540	     -0.00950174	      0.04517519	      0.01666664	     -0.00619162	      0.04261905	      0.03304398	      0.01739102	     -0.00072259	      0.01002956	     -0.00000000	     -0.00000000	     -0.01457907	     -0.00264409	     -0.00020650	     -0.00952335	      0.00301159	      0.00384007	     -0.00000000	      0.03537440	     -0.00000000	     -0.00000000	     -0.00000000	      0.00000000	     -0.00000000	      0.00000000	      0.00000000	      0.00000000	      0.00000000	      0.00000000	      0.00000000	      0.00000000	      0.00000000	      0.00000000	      0.00000000	      0.00000000	      0.00000000	      0.00000000	      0.00000000	      0.00000000	      0.00000000	      0.00000000	      0.00000000	      0.00000000	      0.00000000	      0.00000000	      0.00000000	      0.00000000	      0.00000000	      0.00000000	      0.00000000	      0.00000000	      0.00000000	      0.00000000	      0.00000000	      0.00000000	      0.00000000	      0.00000000	      0.00000000	      0.00000000	      0.00000000	      0.00000000	      0.00000000	      0.00000000	      0.00000000
      6.06500000	     -0.00174258	      0.00474488	     -0.00355254	      0.00867582	     -0.00786789	     -0.01788269	     -0.00507603	     -0.00000000	     -0.00000000	      0.00000000	      0.00000000	     -0.00000000	     -0.00000000	     -0.00000000	      0.00610504	     -0.00325730	     -0.00951747	      0.04517826	      0.01666801	     -0.00620195	      0.04262043	      0.03304073	      0.01738720	     -0.00072380	      0.01003345	     -0.00000000	     -0.00000000	     -0.01458025	     -0.00263575	     -0.00020931	     -0.00952025	      0.00300958	      0.00383759	     -0.00000000	      0.03534327	     -0.00000000	     -0.00000000	     -0.00000000	      0.00000000	      0.00000000	      0.00000000	      0.00000000	      0.00000000	      0.00000000	      0.00000000	      0.00000000	      0.00000000	      0.00000000	      0.00000000	      0.00000000	      0.00000000	      0.00000000	      0.00000000	      0.00000000	      0.00000000	      0.00000000	      0.00000000	      0.00000000	      0.00000000	      0.00000000	      0.00000000	      0.00000000	      0.00000000	      0.00000000	      0.00000000	      0.00000000	      0.00000000	      0.00000000	      0.00000000	      0.00000000	      0.00000000	      0.00000000	      0.00000000	      0.00000000	      0.00000000	      0.00000000	      0.00000000	      0.00000000	      0.00000000	      0.00000000
      6.07000000	     -0.00172628	      0.00474937	     -0.00354767	      0.00867359	     -0.00785678	     -0.01786267	     -0.00507913	     -0.00000000	     -0.00000000	     -0.00000000	     -0.00000000	     -0.00000000	     -0.00000000	     -0.00000000	      0.00607480	     -0.00327389	     -0.00953244	      0.04518329	      0.01667098	     -0.00621348	      0.04262264	      0.03303822	      0.01738350	     -0.00072556	      0.01003647	     -0.00000000	     -0.00000000	     -0.01458220	     -0.00262813	     -0.00021214	     -0.00951685	      0.00300793	      0.00383563	     -0.00000000	      0.03530858	     -0.00000000	     -0.00000000	     -0.00000000	      0.00000000	     -0.00000000	      0.00000000	      0.00000000	      0.00000000	      0.00000000	      0.00000000	      0.00000000	      0.00000000	      0.00000000	      0.00000000	      0.00000000	      0.00000000	      0.00000000	      0.00000000	      0.00000000	      0.00000000	      0.00000000	      0.00000000	      0.00000000	      0.00000000	      0.00000000	      0.00000000	      0.00000000	      0.00000000	      0.00000000	      0.00000000	      0.00000000	      0.00000000	      0.00000000	      0.00000000	      0.00000000	      0.00000000	      0.00000000	      0.00000000	      0.00000000	      0.00000000	      0.00000000	      0.00000000	      0.00000000	      0.00000000	      0.00000000
      6.07500000	     -0.00170944	      0.00475417	     -0.00354252	      0.00867114	     -0.00784481	     -0.01784146	     -0.00508211	      0.00000000	      0.00000000	      0.00000000	      0.00000000	      0.00000000	      0.00000000	      0.00000000	      0.00604818	     -0.00328560	     -0.00954658	      0.04518988	      0.01667517	     -0.00622621	      0.04262545	      0.03303625	      0.01737974	     -0.00072773	      0.01003867	      0.00000000	      0.00000000	     -0.01458503	     -0.00262123	     -0.00021497	     -0.00951321	      0.00300662	      0.00383418	      0.00000000	      0.03527089	      0.00000000	      0.00000000	     -0.00000000	      0.00000000	      0.00000000	      0.00000000	      0.00000000	      0.00000000	      0.00000000	      0.00000000	      0.00000000	      0.00000000	      0.00000000	      0.00000000	      0.00000000	      0.00000000	      0.00000000	      0.00000000	      0.00000000	      0.00000000	      0.00000000	      0.00000000	      0.00000000	      0.00000000	      0.00000000	      0.00000000	      0.00000000	      0.00000000	      0.00000000	      0.00000000	      0.00000000	      0.00000000	      0.00000000	      0.00000000	      0.00000000	      0.00000000	      0.00000000	      0.00000000	      0.00000000	      0.00000000	      0.00000000	      0.00000000	      0.00000000	      0.00000000	      0.00000000
      6.08000000	     -0.00169225	      0.00475922	     -0.00353715	      0.00866883	     -0.00783215	     -0.01781935	     -0.00508494	      0.00000000	      0.00000000	      0.00000000	      0.00000000	     -0.00000000	     -0.00000000	     -0.00000000	      0.00602484	     -0.00329302	     -0.00955992	      0.04519767	      0.01668026	     -0.00624004	      0.04262864	      0.03303461	      0.01737582	     -0.00073016	      0.01004013	      0.00000000	     -0.00000000	     -0.01458876	     -0.00261499	     -0.00021877	     -0.00950936	      0.00300565	      0.00383323	      0.00000000	      0.03523073	     -0.00000000	     -0.00000000	      0.00000000	     -0.00000000	      0.00000000	      0.00000000	      0.00000000	      0.00000000	      0.00000000	      0.00000000	      0.00000000	      0.00000000	      0.00000000	      0.00000000	      0.00000000	      0.00000000	      0.00000000	      0.00000000	      0.00000000	      0.00000000	      0.00000000	      0.00000000	      0.00000000	      0.00000000	      0.00000000	      0.00000000	      0.00000000	      0.00000000	      0.00000000	      0.00000000	      0.00000000	      0.00000000	      0.00000000	      0.00000000	      0.00000000	      0.00000000	      0.00000000	      0.00000000	      0.00000000	      0.00000000	      0.00000000	      0.00000000	      0.00000000	      0.00000000	      0.00000000
      6.08500000	     -0.00167482	      0.00476444	     -0.00353162	      0.00866651	     -0.00781897	     -0.01779658	     -0.00508764	      0.00000000	      0.00000000	      0.00000000	      0.00000000	      0.00000000	     -0.00000000	      0.00000000	      0.00600425	     -0.00329689	     -0.00957255	      0.04520636	      0.01668598	     -0.00625483	      0.04263206	      0.03303318	      0.01737166	     -0.00073275	      0.01004096	      0.00000000	      0.00000000	     -0.01459333	     -0.00260933	     -0.00022152	     -0.00950535	      0.00300496	      0.00383272	      0.00000000	      0.03518861	      0.00000000	      0.00000000	     -0.00000000	     -0.00000000	      0.00000000	      0.00000000	      0.00000000	      0.00000000	      0.00000000	      0.00000000	      0.00000000	      0.00000000	      0.00000000	      0.00000000	      0.00000000	      0.00000000	      0.00000000	      0.00000000	      0.00000000	      0.00000000	      0.00000000	      0.00000000	      0.00000000	      0.00000000	      0.00000000	      0.00000000	      0.00000000	      0.00000000	      0.00000000	      0.00000000	      0.00000000	      0.00000000	      0.00000000	      0.00000000	      0.00000000	      0.00000000	      0.00000000	      0.00000000	      0.00000000	      0.00000000	      0.00000000	      0.00000000	      0.00000000	      0.00000000	      0.00000000
      6.09000000	     -0.00165725	      0.00476979	     -0.00352597	      0.00866419	     -0.00780541	     -0.01777335	     -0.00509023	      0.00000000	     -0.00000000	     -0.00000000	      0.00000000	      0.00000000	     -0.00000000	     -0.00000000	      0.00598581	     -0.00329801	     -0.00958461	      0.04521569	      0.01669214	     -0.00627035	      0.04263561	      0.03303184	      0.01736726	     -0.00073543	      0.01004130	     -0.00000000	     -0.00000000	     -0.01459861	     -0.00260412	     -0.00022424	     -0.00950122	      0.00300450	      0.00383258	      0.00000000	      0.03514502	      0.00000000	     -0.00000000	     -0.00000000	     -0.00000000	     -0.00000000	      0.00000000	      0.00000000	      0.00000000	      0.00000000	      0.00000000	      0.00000000	      0.00000000	      0.00000000	      0.00000000	      0.00000000	      0.00000000	      0.00000000	      0.00000000	      0.00000000	      0.00000000	      0.00000000	      0.00000000	      0.00000000	      0.00000000	      0.00000000	      0.00000000	      0.00000000	      0.00000000	      0.00000000	      0.00000000	      0.00000000	      0.00000000	      0.00000000	      0.00000000	      0.00000000	      0.00000000	      0.00000000	      0.00000000	      0.00000000	      0.00000000	      0.00000000	      0.00000000	      0.00000000	      0.00000000	      0.00000000
      6.09500000	     -0.00163961	      0.00477521	     -0.00352025	      0.00866205	     -0.00779161	     -0.01774982	     -0.00509274	      0.00000000	     -0.00000000	     -0.00000000	     -0.00000000	     -0.00000000	     -0.00000000	     -0.00000000	      0.00596884	     -0.00329730	     -0.00959627	      0.04522543	      0.01669860	     -0.00628636	      0.04263920	      0.03303053	      0.01736265	     -0.00073813	      0.01004130	     -0.00000000	     -0.00000000	     -0.01460441	     -0.00259922	     -0.00022693	     -0.00949700	      0.00300420	      0.00383269	      0.00000000	      0.03510043	      0.00000000	     -0.00000000	     -0.00000000	      0.00000000	     -0.00000000	      0.00000000	      0.00000000	      0.00000000	      0.00000000	      0.00000000	      0.00000000	      0.00000000	      0.00000000	      0.00000000	      0.00000000	      0.00000000	      0.00000000	      0.00000000	      0.00000000	      0.00000000	      0.00000000	      0.00000000	      0.00000000	      0.00000000	      0.00000000	      0.00000000	      0.00000000	      0.00000000	      0.00000000	      0.00000000	      0.00000000	      0.00000000	      0.00000000	      0.00000000	      0.00000000	      0.00000000	      0.00000000	      0.00000000	      0.00000000	      0.00000000	      0.00000000	      0.00000000	      0.00000000	      0.00000000	      0.00000000
      6.10000000	     -0.00162193	      0.00478065	     -0.00351449	      0.00865973	     -0.00777767	     -0.01772616	     -0.00509519	     -0.00000000	     -0.00000000	     -0.00000000	     -0.00000000	     -0.00000000	      0.00000000	     -0.00000000	      0.00595259	     -0.00329569	     -0.00960776	      0.04523537	      0.01670522	     -0.00630255	      0.04264279	      0.03302920	      0.01735790	     -0.00074081	      0.01004112	     -0.00000000	     -0.00000000	     -0.01461051	     -0.00259447	     -0.00022961	     -0.00949274	      0.00300400	      0.00383294	      0.00000000	      0.03505530	      0.00000000	      0.00000000	      0.00000000	     -0.00000000	     -0.00000000	      0.00000000	      0.00000000	      0.00000000	      0.00000000	      0.00000000	      0.00000000	      0.00000000	      0.00000000	      0.00000000	      0.00000000	      0.00000000	      0.00000000	      0.00000000	      0.00000000	      0.00000000	      0.00000000	      0.00000000	      0.00000000	      0.00000000	      0.00000000	      0.00000000	      0.00000000	      0.00000000	      0.00000000	      0.00000000	      0.00000000	      0.00000000	      0.00000000	      0.00000000	      0.00000000	      0.00000000	      0.00000000	      0.00000000	      0.00000000	      0.00000000	      0.00000000	      0.00000000	      0.00000000	      0.00000000	      0.00000000
