Inverse Dynamics Generalized Forces
version=1
nRows=334
nColumns=40
inDegrees=no
endheader
time	pelvis_tilt_moment	pelvis_list_moment	pelvis_rotation_moment	pelvis_tx_force	pelvis_ty_force	pelvis_tz_force	hip_flexion_r_moment	hip_adduction_r_moment	hip_rotation_r_moment	hip_flexion_l_moment	hip_adduction_l_moment	hip_rotation_l_moment	lumbar_extension_moment	lumbar_bending_moment	lumbar_rotation_moment	knee_angle_r_moment	knee_angle_r_beta_force	knee_angle_l_moment	knee_angle_l_beta_force	arm_flex_r_moment	arm_add_r_moment	arm_rot_r_moment	arm_flex_l_moment	arm_add_l_moment	arm_rot_l_moment	ankle_angle_r_moment	ankle_angle_l_moment	elbow_flex_r_moment	elbow_flex_l_moment	subtalar_angle_r_moment	subtalar_angle_l_moment	pro_sup_r_moment	pro_sup_l_moment	mtp_angle_r_moment	mtp_angle_l_moment	wrist_flex_r_moment	wrist_dev_r_moment	wrist_flex_l_moment	wrist_dev_l_moment
      2.33500000	    336.11353394	-681931.24608876	-395403.02775947	     -1.46071030	    814.67952343	    831.29499664	 -35381.46332365	-120252.84839525	 722162.10349823	     29.34927255	     -4.10597330	      0.79639684	     85.87156023	      0.41451597	      0.86249188	-327858.52454895	     -0.02513302	      5.61907084	     -0.02488766	     -7.25245217	     -0.03498253	      0.74822292	     -7.49214641	      1.26603211	      1.22330775	 276481.23142599	      1.04429639	      0.91297231	      0.62630010	-480099.77120169	     -0.22768361	      0.00532498	      0.02376008	     -0.04324505	     -0.04040355	      0.14063648	     -0.07621198	      0.18313656	     -0.03188563
      2.34000000	    994.55691297	-682034.56883779	-395474.84333026	     -1.93464268	    815.12790956	    831.51612504	 -35244.35651671	-120726.09784451	 722002.28812962	     29.33736558	     -4.08808453	      0.80911230	     86.11145495	      0.57751845	      0.80014547	-328409.91609206	     -0.02511889	      5.61974525	     -0.02488548	     -7.25453236	     -0.02514336	      0.74984689	     -7.52206323	      1.28216477	      1.23499275	 277162.72872879	      1.04439717	      0.91174460	      0.62690611	-480431.39357763	     -0.22785465	      0.00547218	      0.02381098	     -0.04338875	     -0.04045537	      0.14072977	     -0.07651696	      0.18432567	     -0.03123402
      2.34500000	   1320.71735678	-679902.25964923	-394227.15381066	     -2.75393170	    815.61326809	    829.66119493	 -35316.52459980	-120777.27492538	 719600.97201895	     29.32894641	     -4.07139182	      0.82138814	     86.35337893	      0.74727319	      0.74327220	-327584.25064440	     -0.02510458	      5.61980737	     -0.02488491	     -7.25679545	     -0.01518452	      0.75175810	     -7.55157452	      1.29803872	      1.24647248	 276634.12306997	      1.04447038	      0.91048258	      0.62756952	-479211.74911868	     -0.22805976	      0.00560824	      0.02387500	     -0.04352452	     -0.04049510	      0.14085615	     -0.07679844	      0.18550307	     -0.03060338
      2.35000000	   1466.29536366	-678622.25414956	-393563.11595021	     -3.54914333	    816.42486702	    828.99619689	 -35613.69248460	-121051.79749789	 718207.84351530	     29.32639715	     -4.05658145	      0.83247616	     86.59712577	      0.92453363	      0.69587477	-327025.18556377	     -0.02509069	      5.61887183	     -0.02488678	     -7.25952779	     -0.00493356	      0.75417074	     -7.58013845	      1.31319665	      1.25741910	 276322.11803011	      1.04447127	      0.90919548	      0.62831921	-478697.85089925	     -0.22830181	      0.00572349	      0.02395965	     -0.04364643	     -0.04051247	      0.14103585	     -0.07703802	      0.18664000	     -0.03001726
      2.35500000	   1681.84919938	-680892.25541520	-395117.04382161	     -3.89253907	    817.72868840	    832.25855195	 -36037.12618829	-122093.57491151	 720604.09432456	     29.33125021	     -4.04441715	      0.84177094	     86.84143486	      1.10916411	      0.66168556	-328266.86732972	     -0.02507770	      5.61670482	     -0.02489158	     -7.26298332	      0.00568207	      0.75719252	     -7.60726898	      1.32719600	      1.26746608	 277567.16532823	      1.04436986	      0.90787551	      0.62921291	-480819.71077134	     -0.22857726	      0.00581155	      0.02406616	     -0.04375042	     -0.04050078	      0.14127510	     -0.07721862	      0.18769855	     -0.02950608
      2.36000000	   2025.57846423	-683320.95740315	-396696.38593654	     -3.81594528	    819.15696328	    835.72846980	 -36329.00532633	-123086.08939722	 723095.03529778	     29.34418388	     -4.03575584	      0.84881625	     87.08440564	      1.30010281	      0.64388855	-329683.94146134	     -0.02506581	      5.61326552	     -0.02489944	     -7.26735900	      0.01660879	      0.76084321	     -7.63253247	      1.33961420	      1.27624221	 278958.38360798	      1.04415266	      0.90650293	      0.63031407	-482949.43730696	     -0.22887727	      0.00587013	      0.02419033	     -0.04383434	     -0.04045706	      0.14157140	     -0.07732465	      0.18863645	     -0.02910131
      2.36500000	   2452.17488520	-682445.79693187	-396077.46280845	     -3.48218349	    820.34620765	    835.69310581	 -36320.93344872	-123203.33587247	 721956.12309454	     29.36509984	     -4.03137412	      0.85334187	     87.32389947	      1.49505054	      0.64425521	-329528.21547798	     -0.02505498	      5.60871524	     -0.02491017	     -7.27277889	      0.02765556	      0.76508366	     -7.65554445	      1.35006767	      1.28341606	 278968.11397398	      1.04382511	      0.90505048	      0.63166428	-482430.73060313	     -0.22919230	      0.00590139	      0.02432415	     -0.04389764	     -0.04038192	      0.14192060	     -0.07734266	      0.18941281	     -0.02882798
      2.37000000	   2701.56636467	-680622.73842321	-394767.41256123	     -3.10129593	    821.49834949	    834.95384231	 -36404.87432740	-122998.88370499	 719837.24806115	     29.39311610	     -4.03174009	      0.85533500	     87.55744288	      1.69022392	      0.66237586	-328727.77738835	     -0.02504513	      5.60342137	     -0.02492340	     -7.27928055	      0.03851266	      0.76983662	     -7.67597413	      1.35824370	      1.28872405	 278375.55393994	      1.04340992	      0.90348667	      0.63327314	-481106.89975824	     -0.22951394	      0.00591173	      0.02445682	     -0.04394097	     -0.04027944	      0.14232119	     -0.07726288	      0.18999116	     -0.02870130
      2.37500000	   2590.51398417	-680685.29252312	-394600.96428125	     -2.80742315	    822.86575069	    836.66514185	 -36932.93612597	-123166.62152370	 719880.35744742	     29.42671185	     -4.03705086	      0.85505811	     87.78189638	      1.88048545	      0.69565798	-328518.11420101	     -0.02503624	      5.59791823	     -0.02493871	     -7.28680196	      0.04879148	      0.77498312	     -7.69356151	      1.36392332	      1.29197234	 278241.65901900	      1.04293551	      0.90178197	      0.63513026	-481201.97031302	     -0.22983165	      0.00591024	      0.02457534	     -0.04396530	     -0.04015585	      0.14277220	     -0.07708121	      0.19033934	     -0.02872859
      2.38000000	   2452.71086438	-681583.74363916	-395027.58622478	     -2.31995416	    824.36093605	    838.90771076	 -37510.95298157	-123573.59575958	 720859.28420155	     29.46408831	     -4.04744062	      0.85297835	     87.99342363	      2.05967972	      0.73977010	-328707.38079755	     -0.02502850	      5.59278586	     -0.02495577	     -7.29517621	      0.05805907	      0.78034572	     -7.70814647	      1.36699056	      1.29303764	 278457.93818602	      1.04242447	      0.89991110	      0.63722200	-481978.76499119	     -0.23013047	      0.00590730	      0.02466523	     -0.04397081	     -0.04001784	      0.14326749	     -0.07679966	      0.19043047	     -0.02891174
      2.38500000	   2611.74137418	-681708.15274561	-395113.90196797	     -1.39538331	    825.82677947	    839.30982437	 -37715.93223110	-123929.59879635	 720938.13797031	     29.50340417	     -4.06300948	      0.84966741	     88.18782724	      2.22107550	      0.78914412	-328814.53156524	     -0.02502211	      5.58851374	     -0.02497421	     -7.30413748	      0.06586984	      0.78569093	     -7.71969152	      1.36742874	      1.29188375	 278657.78208827	      1.04189562	      0.89784779	      0.63953011	-482246.92394557	     -0.23039403	      0.00591393	      0.02471207	     -0.04395705	     -0.03987222	      0.14379338	     -0.07642490	      0.19024713	     -0.02924635
      2.39000000	   2833.43649958	-681051.46063030	-394746.01630147	     -0.34659638	    827.16754125	    838.77944147	 -37769.73178232	-124136.86020193	 720164.35883537	     29.54273873	     -4.08362980	      0.84572549	     88.36099330	      2.35795680	      0.83758772	-328603.00310201	     -0.02501729	      5.58545386	     -0.02499351	     -7.31334250	      0.07181078	      0.79076216	     -7.72828048	      1.36529595	      1.28857851	 278590.86208807	      1.04137316	      0.89556694	      0.64201580	-481933.58146671	     -0.23060897	      0.00594147	      0.02470381	     -0.04392415	     -0.03972662	      0.14433171	     -0.07596729	      0.18978652	     -0.02971915
      2.39500000	   2834.06918671	-680098.63978305	-394114.28960936	      0.46394682	    828.32070519	    838.72235562	 -37975.88989600	-124206.39767572	 719132.95500542	     29.57998528	     -4.10875570	      0.84173729	     88.50927911	      2.46413060	      0.87880520	-328031.61610739	     -0.02501423	      5.58386493	     -0.02501295	     -7.32240633	      0.07555448	      0.79532910	     -7.73409995	      1.36069542	      1.28329683	 278170.41101487	      1.04089003	      0.89306118	      0.64461153	-481342.34861834	     -0.23076619	      0.00600077	      0.02463299	     -0.04387362	     -0.03958991	      0.14486669	     -0.07544165	      0.18906342	     -0.03030735
      2.40000000	   2693.28756903	-679684.83691316	-393797.99616426	      1.05716487	    829.29449313	    839.22854065	 -38308.84554657	-124384.87745491	 718728.71884102	     29.61284548	     -4.13739357	      0.83825023	     88.62979429	      2.53432688	      0.90682508	-327592.87188714	     -0.02501321	      5.58396358	     -0.02503161	     -7.33094044	      0.07690264	      0.79922918	     -7.73741668	      1.35376153	      1.27631242	 277843.84990349	      1.04048504	      0.89035620	      0.64722966	-481150.26439976	     -0.23085948	      0.00610099	      0.02449797	     -0.04380827	     -0.03947190	      0.14539053	     -0.07486817	      0.18811072	     -0.03098112
      2.40500000	   2579.25391233	-680323.70600622	-394167.39536966	      1.53664789	    830.12599844	    839.99776649	 -38636.09188126	-124839.25635041	 719452.39689048	     29.63899255	     -4.16822951	      0.83576437	     88.72062937	      2.56496343	      0.91701965	-327699.66247996	     -0.02501454	      5.58593227	     -0.02504853	     -7.33859541	      0.07581421	      0.80237716	     -7.73854980	      1.34464999	      1.26798516	 277997.70065133	      1.04019630	      0.88751263	      0.64977808	-481770.18292816	     -0.23088413	      0.00624770	      0.02430408	     -0.04373195	     -0.03938236	      0.14590243	     -0.07427114	      0.18697969	     -0.03170787
      2.41000000	   2651.40214759	-680900.82899644	-394365.33589542	      1.98546805	    830.89365037	    840.45309619	 -38719.37299835	-125171.90885896	 719985.03516916	     29.65635867	     -4.19982226	      0.83472616	     88.78106688	      2.55504401	      0.90754076	-327917.12486522	     -0.02501854	      5.58990103	     -0.02506288	     -7.34511298	      0.07241399	      0.80474345	     -7.73783975	      1.33352188	      1.25874260	 278241.70861073	      1.04005199	      0.88462015	      0.65217067	-482181.09449968	     -0.23083697	      0.00644080	      0.02406410	     -0.04364947	     -0.03932943	      0.14640136	     -0.07367659	      0.18573928	     -0.03245624
      2.41500000	   2972.18473285	-680417.94910674	-393637.84902034	      2.38567739	    831.63862371	    840.20605618	 -38427.34818077	-125037.39266655	 719182.73400619	     29.66335432	     -4.23076060	      0.83550858	     88.81170405	      2.50619869	      0.87976918	-327787.30140994	     -0.02502537	      5.59593399	     -0.02507401	     -7.35036670	      0.06696990	      0.80632752	     -7.73562788	      1.32053500	      1.24904918	 278160.68188216	      1.04006458	      0.88179138	      0.65432987	-481494.19656330	     -0.23071699	      0.00667402	      0.02379716	     -0.04356620	     -0.03931849	      0.14688063	     -0.07311043	      0.18447108	     -0.03319824
      2.42000000	   3223.67977264	-679977.07421174	-392867.62835268	      2.31888554	    832.19659546	    839.86747645	 -38164.33366820	-124870.82250130	 718425.07387725	     29.65895815	     -4.25975211	      0.83836024	     88.81445152	      2.42181455	      0.83732704	-327605.21938403	     -0.02503509	      5.60401739	     -0.02508147	     -7.35437168	      0.05984438	      0.80714501	     -7.73224941	      1.30584900	      1.23936822	 278015.80355142	      1.04023235	      0.87915591	      0.65618562	-480786.57644999	     -0.23052594	      0.00693658	      0.02352571	     -0.04348723	     -0.03935201	      0.14732822	     -0.07259759	      0.18326013	     -0.03390910
      2.42500000	   3120.62345795	-680850.63488096	-393045.91981806	      1.43183230	    832.40740758	    840.15501025	 -38314.33041874	-125148.59263821	 719262.03616205	     29.64280408	     -4.28568932	      0.84334408	     88.79243528	      2.30614993	      0.78471942	-327777.81799237	     -0.02504760	      5.61403222	     -0.02508488	     -7.35726351	      0.05145684	      0.80722917	     -7.72802185	      1.28963628	      1.23013131	 278169.30140943	      1.04054371	      0.87685672	      0.65767252	-481260.33550431	     -0.23026937	      0.00721543	      0.02327239	     -0.04341671	     -0.03942976	      0.14773020	     -0.07216178	      0.18218639	     -0.03456581
      2.43000000	   2885.76650625	-682877.66728843	-393956.83615644	     -0.03728961	    832.30913788	    841.19959623	 -38642.73061497	-125724.48477322	 721390.94930971	     29.61529742	     -4.30772979	      0.85030425	     88.74984268	      2.16385698	      0.72648077	-328401.65118053	     -0.02506257	      5.62572681	     -0.02508404	     -7.35926304	      0.04228514	      0.80664279	     -7.72321875	      1.27209429	      1.22171907	 278705.38330417	      1.04097895	      0.87505152	      0.65872920	-482643.85205307	     -0.22995774	      0.00749689	      0.02305756	     -0.04335755	     -0.03954861	      0.14807425	     -0.07182567	      0.18131888	     -0.03514621
      2.43500000	   2808.81864838	-685333.24780018	-395040.38577772	     -1.73132956	    832.01686575	    842.69146665	 -38812.67785923	-126327.49228728	 723879.87111870	     29.57770257	     -4.32535855	      0.85886873	     88.69169977	      1.99973212	      0.66668690	-329360.18388104	     -0.02507935	      5.63870652	     -0.02507893	     -7.36065635	      0.03287356	      0.80548669	     -7.71804728	      1.25345861	      1.21443892	 279531.17880230	      1.04151083	      0.87390918	      0.65930701	-484235.28228094	     -0.22960693	      0.00776750	      0.02289720	     -0.04331135	     -0.03970231	      0.14835149	     -0.07161023	      0.18071023	     -0.03563036
      2.44000000	   2941.96289402	-686666.17749908	-395564.40546597	     -3.51465540	    831.73047188	    843.14091033	 -38693.92697081	-126816.47875121	 725124.07553596	     29.53215072	     -4.33838981	      0.86847403	     88.62351605	      1.81856969	      0.60849954	-329994.60908921	     -0.02509701	      5.65242002	     -0.02506978	     -7.36179179	      0.02380218	      0.80389410	     -7.71264527	      1.23401964	      1.20849858	 280125.57240168	      1.04210687	      0.87359429	      0.65938752	-485085.55682631	     -0.22923806	      0.00801381	      0.02280146	     -0.04327832	     -0.03988182	      0.14855673	     -0.07153283	      0.18039075	     -0.03600373
      2.44500000	   3274.56375327	-685877.46640602	-395080.94715512	     -5.27076677	    831.59317320	    841.56265379	 -38250.70761588	-127115.93225628	 724116.55696216	     29.48148147	     -4.34691095	      0.87840851	     88.55091173	      1.62511828	      0.55393885	-329846.00839076	     -0.02511440	      5.66614322	     -0.02505700	     -7.36306032	      0.01563524	      0.80201845	     -7.70708664	      1.21414103	      1.20399695	 280121.49547284	      1.04273288	      0.87424939	      0.65899690	-484610.68399165	     -0.22887670	      0.00822177	      0.02277469	     -0.04325747	     -0.04007603	      0.14868817	     -0.07160542	      0.18036617	     -0.03625985
      2.45000000	   3781.44143835	-685012.03795308	-394445.52333057	     -6.83675177	    831.42214728	    840.17669761	 -37618.00298434	-127292.25647508	 722920.23973511	     29.42886134	     -4.35119080	      0.88790101	     88.47932131	      1.42406491	      0.50413021	-329797.35085230	     -0.02513030	      5.67902737	     -0.02504107	     -7.36484672	      0.00888322	      0.80001921	     -7.70138267	      1.19426054	      1.20093619	 280197.52200121	      1.04335652	      0.87597817	      0.65820587	-483937.81345160	     -0.22855077	      0.00837643	      0.02281658	     -0.04324714	     -0.04027314	      0.14874650	     -0.07183334	      0.18062045	     -0.03640130
      2.45500000	   4380.90845997	-685941.59939592	-394457.39253779	     -8.11049306	    831.05527748	    840.98840003	 -36978.17698021	-127426.15811422	 723452.78588016	     29.37724114	     -4.35161984	      0.89627906	     88.41351758	      1.22006051	      0.45991478	-330606.77260569	     -0.02514350	      5.69025960	     -0.02502254	     -7.36747386	      0.00397546	      0.79804002	     -7.69548553	      1.17486028	      1.19923596	 280929.18921290	      1.04395112	      0.87882536	      0.65711666	-484125.63141854	     -0.22828600	      0.00846267	      0.02292330	     -0.04324568	     -0.04046247	      0.14873217	     -0.07221423	      0.18112029	     -0.03643975
      2.46000000	   4766.64762748	-686817.49923472	-394403.03629995	     -9.25994794	    830.75793086	    841.95544487	 -36551.42422260	-127498.82154838	 724004.19408453	     29.32886326	     -4.34874391	      0.90312254	     88.35697581	      1.01785969	      0.42251483	-331191.72897608	     -0.02515297	      5.69925236	     -0.02500202	     -7.37116535	      0.00123567	      0.79618757	     -7.68930076	      1.15642427	      1.19874305	 281430.31111654	      1.04449965	      0.88275864	      0.65584869	-484259.10837681	     -0.22810042	      0.00846715	      0.02308777	     -0.04325135	     -0.04063622	      0.14864276	     -0.07273704	      0.18181919	     -0.03639577
      2.46500000	   4712.47562463	-685713.59728435	-393554.46085760	    -10.43416221	    830.77028646	    840.90321342	 -36474.37914986	-127501.15337523	 722760.07529262	     29.28505497	     -4.34327946	      0.90828309	     88.31160241	      0.82233891	      0.39366847	-330511.82675112	     -0.02515801	      5.70570808	     -0.02498000	     -7.37604267	      0.00086099	      0.79452920	     -7.68270707	      1.13940665	      1.19924302	 280865.72750176	      1.04499858	      0.88765803	      0.65452986	-483383.97557037	     -0.22800218	      0.00838162	      0.02329914	     -0.04326188	     -0.04079050	      0.14847361	     -0.07338068	      0.18266090	     -0.03629768
      2.47000000	   4547.36439767	-684100.45145122	-392591.87901642	    -11.30710790	    830.84093155	    839.21228547	 -36497.87932407	-127543.32145182	 721087.16975409	     29.24635733	     -4.33602161	      0.91178608	     88.27790196	      0.63808587	      0.37481961	-329527.26491651	     -0.02515834	      5.70954011	     -0.02495684	     -7.38214300	      0.00290376	      0.79311058	     -7.67558120	      1.12421689	      1.20047868	 280054.94123395	      1.04545540	      0.89331197	      0.65328826	-482319.49097349	     -0.22799162	      0.00820687	      0.02354204	     -0.04327421	     -0.04092464	      0.14822243	     -0.07411266	      0.18358245	     -0.03617771
      2.47500000	   4610.28728719	-683772.42135222	-392312.45654884	    -11.56324577	    830.70541934	    838.67457607	 -36376.83681520	-127736.53233725	 720666.80713507	     29.21282613	     -4.32779864	      0.91375711	     88.25516301	      0.46869450	      0.36597525	-329346.39303383	     -0.02515417	      5.71078561	     -0.02493288	     -7.38942423	      0.00726263	      0.79197293	     -7.66781932	      1.11121178	      1.20217019	 279931.35721547	      1.04587503	      0.89942075	      0.65223706	-482045.96938339	     -0.22806267	      0.00795499	      0.02379660	     -0.04328487	     -0.04103907	      0.14789365	     -0.07488927	      0.18451641	     -0.03606655
      2.48000000	   4721.75100462	-684445.34139754	-392601.27771834	    -11.34406315	    830.55128333	    839.17680638	 -36277.17902458	-128074.97993128	 721287.12809016	     29.18426300	     -4.31955137	      0.91441106	     88.24162010	      0.31628451	      0.36546147	-329682.37843887	     -0.02514616	      5.70958478	     -0.02490852	     -7.39775126	      0.01370214	      0.79115549	     -7.65933819	      1.10067720	      1.20402915	 280239.70140425	      1.04625053	      0.90561363	      0.65145448	-482439.16148020	     -0.22820335	      0.00764790	      0.02404015	     -0.04329076	     -0.04113384	      0.14749861	     -0.07565780	      0.18539342	     -0.03598875
      2.48500000	   4658.51192390	-685333.91597792	-393088.32441557	    -10.84626019	    830.61127995	    840.09462585	 -36380.32319341	-128490.29939350	 722234.89385060	     29.16029977	     -4.31238339	      0.91403464	     88.23477892	      0.18167888	      0.37094886	-329977.99865884	     -0.02513521	      5.70617417	     -0.02488425	     -7.40688528	      0.02190563	      0.79069082	     -7.65005843	      1.09280207	      1.20577035	 280496.83290867	      1.04657107	      0.91148445	      0.65097041	-483060.67107349	     -0.22839841	      0.00731240	      0.02425055	     -0.04328978	     -0.04120909	      0.14705197	     -0.07636082	      0.18614620	     -0.03596107
      2.49000000	   4543.77529695	-685719.07750333	-393292.31767403	     -9.99788965	    830.85342620	    840.67878534	 -36515.57573254	-128783.63377558	 722677.29898917	     29.14045846	     -4.30747223	      0.91294080	     88.23174618	      0.06499224	      0.38067657	-329987.66739727	     -0.02512232	      5.70086213	     -0.02486055	     -7.41648632	      0.03152204	      0.79060239	     -7.63989375	      1.08766960	      1.20713034	 280495.72587059	      1.04683252	      0.91663529	      0.65076767	-483315.48564259	     -0.22863294	      0.00697477	      0.02440931	     -0.04328059	     -0.04126583	      0.14656887	     -0.07694142	      0.18671498	     -0.03599282
      2.49500000	   4528.36303537	-685122.24865423	-392885.19054032	     -8.71874310	    831.17666746	    840.35902455	 -36499.86941886	-128815.63072354	 722029.75969160	     29.12421082	     -4.30588981	      0.91142318	     88.22934832	     -0.03413608	      0.39367174	-329608.82006416	     -0.02510839	      5.69401001	     -0.02483788	     -7.42612665	      0.04216927	      0.79090581	     -7.62875884	      1.08527280	      1.20789162	 280157.39698711	      1.04703651	      0.92070877	      0.65079026	-482789.88163921	     -0.22889450	      0.00665829	      0.02450317	     -0.04326194	     -0.04130552	      0.14606533	     -0.07734765	      0.18705213	     -0.03608601
      2.50000000	   4527.75705327	-683959.85856202	-392268.23311553	     -7.17395481	    831.47083092	    839.40011026	 -36452.34601143	-128820.67321312	 720820.59624011	     29.11097894	     -4.30843650	      0.90972937	     88.22413448	     -0.11688881	      0.40902951	-328999.38844729	     -0.02509422	      5.68602490	     -0.02481673	     -7.43531618	      0.05341854	      0.79160904	     -7.61658649	      1.08553014	      1.20790028	 279639.54147767	      1.04718509	      0.92340347	      0.65094946	-481954.61564367	     -0.22917366	      0.00638328	      0.02452406	     -0.04323278	     -0.04132939	      0.14555997	     -0.07753571	      0.18712462	     -0.03623473
      2.50500000	   4449.62298797	-682760.76568055	-391876.42696490	     -5.56323343	    831.60780215	    838.22171137	 -36505.04676414	-129026.87391790	 719689.12962039	     29.10013855	     -4.31554439	      0.90805427	     88.21241861	     -0.18556397	      0.42530789	-328357.23893028	     -0.02508043	      5.67734168	     -0.02479763	     -7.44353607	      0.06480364	      0.79270235	     -7.60334031	      1.08828199	      1.20706869	 279126.85544901	      1.04727769	      0.92448525	      0.65112833	-481331.19365117	     -0.22946329	      0.00616722	      0.02446883	     -0.04319294	     -0.04133824	      0.14507254	     -0.07747313	      0.18691475	     -0.03642547
      2.51000000	   4402.25293160	-681609.76687811	-391534.86353424	     -3.96480449	    831.40211644	    837.00710076	 -36541.71697643	-129244.66293737	 718604.41935310	     29.09104631	     -4.32722153	      0.90653473	     88.19036881	     -0.24322590	      0.44080362	-327773.62754324	     -0.02506756	      5.66837748	     -0.02478112	     -7.45027064	      0.07586706	      0.79414447	     -7.58902355	      1.09327523	      1.20537199	 278666.25642365	      1.04731044	      0.92380977	      0.65118788	-480744.66081978	     -0.22975763	      0.00602302	      0.02433967	     -0.04314352	     -0.04133247	      0.14461956	     -0.07714336	      0.18642120	     -0.03663866
      2.51500000	   4494.32023678	-680512.07519392	-391040.87160251	     -2.41396661	    830.74506017	    835.88497304	 -36442.48808713	-129286.36083123	 717457.57556374	     29.08303613	     -4.34302109	      0.90523216	     88.15414728	     -0.29296298	      0.45429153	-327306.15046282	     -0.02505616	      5.65947896	     -0.02476768	     -7.45503787	      0.08622595	      0.79586779	     -7.57369259	      1.10015657	      1.20284804	 278279.83181228	      1.04727924	      0.92135299	      0.65097572	-479981.72242506	     -0.23005324	      0.00595683	      0.02414490	     -0.04308667	     -0.04131252	      0.14421219	     -0.07654989	      0.18566058	     -0.03685038
      2.52000000	   4639.52496857	-679600.41040686	-390692.09030001	     -0.87297161	    829.88565575	    834.96809633	 -36316.00129995	-129390.60892078	 716497.49354286	     29.07549481	     -4.36210098	      0.90412359	     88.10018672	     -0.33733680	      0.46540087	-326989.02884552	     -0.02504663	      5.65090134	     -0.02475758	     -7.45742776	      0.09562120	      0.79780033	     -7.55747203	      1.10848652	      1.19959792	 278032.42028636	      1.04718404	      0.91722637	      0.65033594	-479372.42145461	     -0.23035178	      0.00596718	      0.02389881	     -0.04302528	     -0.04127911	      0.14385777	     -0.07571699	      0.18466744	     -0.03703345
      2.52500000	   4729.56830904	-678875.27107679	-390693.80008509	      0.68110010	    829.09874643	    834.19612812	 -36283.93170633	-129755.58530356	 715836.37339945	     29.06813892	     -4.38342595	      0.90311311	     88.02560257	     -0.37807551	      0.47466454	-326770.31963854	     -0.02503915	      5.64280633	     -0.02475102	     -7.45714505	      0.10392803	      0.79987794	     -7.54056310	      1.11776951	      1.19578374	 277909.72305316	      1.04703022	      0.91166650	      0.64911863	-479140.70364096	     -0.23066137	      0.00604599	      0.02362045	     -0.04296282	     -0.04123271	      0.14356068	     -0.07468667	      0.18349219	     -0.03715812
      2.53000000	   4766.18604778	-677672.55961822	-390386.29463188	      2.10323839	    828.37855842	    832.80866490	 -36288.84795901	-129998.42878288	 714676.11870075	     29.06126629	     -4.40600473	      0.90205467	     87.92855460	     -0.41604383	      0.48344393	-326277.57568340	     -0.02503351	      5.63523274	     -0.02474830	     -7.45403670	      0.11113710	      0.80204077	     -7.52324736	      1.12748910	      1.19162505	 277541.46016560	      1.04682732	      0.90501140	      0.64718886	-478546.65160507	     -0.23099524	      0.00618033	      0.02333202	     -0.04290350	     -0.04117308	      0.14332174	     -0.07351419	      0.18219834	     -0.03719313
      2.53500000	   4799.81662641	-675542.65464527	-389254.86609096	      3.26857805	    827.62492314	    830.35753994	 -36238.06212750	-129796.19371125	 712433.80160409	     29.05562435	     -4.42896580	      0.90080195	     87.80841949	     -0.45176722	      0.49343817	-325288.31477951	     -0.02502907	      5.62806171	     -0.02474973	     -7.44809445	      0.11731244	      0.80422924	     -7.50588201	      1.13713618	      1.18738873	 276694.72623262	      1.04658793	      0.89767245	      0.64443265	-477015.35233180	     -0.23136854	      0.00635441	      0.02305703	     -0.04285297	     -0.04109972	      0.14313922	     -0.07226399	      0.18085859	     -0.03710712
      2.54000000	   4962.99516496	-673558.81421686	-388229.15771618	      4.24103552	    826.61193835	    828.35555405	 -36081.51884758	-129649.00738248	 710297.00492126	     29.05195349	     -4.45151251	      0.89930297	     87.66581548	     -0.48602517	      0.50600203	-324499.07839597	     -0.02502496	      5.62104987	     -0.02475549	     -7.43943493	      0.12253562	      0.80638843	     -7.48887669	      1.14622052	      1.18336270	 276040.20249229	      1.04632777	      0.89010631	      0.64076374	-475594.29583523	     -0.23179395	      0.00655103	      0.02281861	     -0.04281874	     -0.04101313	      0.14301285	     -0.07100665	      0.17954909	     -0.03687144
      2.54500000	   5308.37723641	-672664.68221648	-388145.20970273	      5.03576647	    825.16664187	    828.06761421	 -35839.74605375	-130015.49697597	 709341.51069429	     29.05062629	     -4.47300066	      0.89770159	     87.50252034	     -0.51976081	      0.52188689	-324468.50092545	     -0.02502023	      5.61393013	     -0.02476560	     -7.42827004	      0.12687013	      0.80847666	     -7.47265937	      1.15427769	      1.17981889	 276117.79802510	      1.04606625	      0.88279101	      0.63613694	-475232.75238240	     -0.23227799	      0.00675202	      0.02263798	     -0.04280948	     -0.04091576	      0.14294729	     -0.06981638	      0.17834254	     -0.03646450
      2.55000000	   5483.26963746	-671771.03236204	-388028.19711868	      5.32855647	    823.45767619	    827.84181671	 -35777.00585711	-130366.77928310	 708437.82386250	     29.05156408	     -4.49312015	      0.89637192	     87.32118725	     -0.55369674	      0.54125129	-324286.26558979	     -0.02501406	      5.60650950	     -0.02477990	     -7.41489022	      0.13037683	      0.81046316	     -7.45764638	      1.16090811	      1.17698112	 276043.65904197	      1.04582639	      0.87618635	      0.63055066	-474877.94148997	     -0.23281884	      0.00693929	      0.02253224	     -0.04283266	     -0.04081211	      0.14294991	     -0.06876566	      0.17730016	     -0.03587364
      2.55500000	   5196.99176864	-669797.57701030	-386898.80895205	      4.86627806	    821.70043603	    826.04084915	 -36093.77575903	-130164.60132321	 706438.63919458	     29.05432587	     -4.51196150	      0.89583222	     87.12480536	     -0.58844455	      0.56352594	-323099.21646445	     -0.02500601	      5.59872312	     -0.02479804	     -7.39965805	      0.13316638	      0.81230456	     -7.44421773	      1.16585128	      1.17499976	 274987.84367147	      1.04563373	      0.87066394	      0.62402321	-473463.68496180	     -0.23340538	      0.00709802	      0.02251070	     -0.04289155	     -0.04070831	      0.14302127	     -0.06791461	      0.17646147	     -0.03509224
      2.56000000	   4816.51868050	-667720.53001011	-385573.63142326	      4.02838793	    819.96330423	    824.05407627	 -36492.81043174	-129833.15283651	 704317.21908215	     29.05833244	     -4.52995435	      0.89657697	     86.91620993	     -0.62494645	      0.58733694	-321754.28475132	     -0.02499611	      5.59063528	     -0.02481956	     -7.38298538	      0.13542329	      0.81392576	     -7.43269333	      1.16903320	      1.17393918	 273764.06769702	      1.04551187	      0.86645380	      0.61658059	-471871.19861228	     -0.23401783	      0.00722044	      0.02257221	     -0.04298347	     -0.04061088	      0.14314809	     -0.06730197	      0.17583860	     -0.03411792
      2.56500000	   4731.08720802	-666564.69808406	-384936.75412098	      3.24956766	    818.30457971	    823.37664925	 -36660.26329430	-129842.86402359	 703102.61192013	     29.06308383	     -4.54775135	      0.89895455	     86.69799607	     -0.66466359	      0.61067011	-321149.98343409	     -0.02498479	      5.58239832	     -0.02484382	     -7.36529630	      0.13735846	      0.81523921	     -7.42331102	      1.17054406	      1.17379140	 273239.98759622	      1.04547615	      0.86365536	      0.60829180	-471049.98746789	     -0.23463108	      0.00730652	      0.02270642	     -0.04310068	     -0.04052524	      0.14330897	     -0.06694462	      0.17542192	     -0.03295740
      2.57000000	   4757.29847465	-665487.56236700	-384346.35927008	      2.47398254	    816.87824805	    822.91908791	 -36714.39442326	-129885.60760646	 701924.92602736	     29.06812843	     -4.56607362	      0.90315555	     86.47266855	     -0.70947532	      0.63109860	-320684.96302282	     -0.02497273	      5.57421458	     -0.02487005	     -7.34699964	      0.13913686	      0.81618276	     -7.41621344	      1.17058780	      1.17450162	 272851.49899699	      1.04553166	      0.86227832	      0.59931542	-470279.35071034	     -0.23521955	      0.00736093	      0.02289747	     -0.04323293	     -0.04045521	      0.14348580	     -0.06684227	      0.17519040	     -0.03163296
      2.57500000	   4635.70946504	-663643.19668217	-383141.49004854	      1.54304420	    815.77952365	    821.48406118	 -36848.11844088	-129635.09594004	 699935.50961500	     29.07288178	     -4.58562508	      0.90925340	     86.24273533	     -0.76153676	      0.64616938	-319683.94548503	     -0.02496067	      5.56632462	     -0.02489728	     -7.32847188	      0.14084157	      0.81673140	     -7.41144923	      1.16944962	      1.17598433	 271959.07114597	      1.04567688	      0.86226107	      0.58991125	-468831.26651281	     -0.23576062	      0.00738980	      0.02312698	     -0.04336964	     -0.04040353	      0.14366789	     -0.06698030	      0.17511792	     -0.03018475
      2.58000000	   4377.32530335	-662038.64843268	-382105.02738478	      0.35130691	    814.77951033	    820.02043634	 -37121.31829905	-129473.92705436	 698264.17466053	     29.07658663	     -4.60714266	      0.91723295	     86.01078941	     -0.82318767	      0.65396619	-318677.35088660	     -0.02494936	      5.55898938	     -0.02492439	     -7.31004357	      0.14247149	      0.81688424	     -7.40898627	      1.16747246	      1.17813480	 271054.00036703	      1.04590590	      0.86347261	      0.58041985	-467612.94697636	     -0.23623545	      0.00739962	      0.02337537	     -0.04350105	     -0.04037219	      0.14384935	     -0.06733069	      0.17517667	     -0.02866842
      2.58500000	   4053.28406049	-661679.44497822	-381992.74196071	     -1.12008740	    813.68027105	    819.54457575	 -37533.77854441	-129759.90530440	 698005.89101969	     29.07845542	     -4.63142885	      0.92698643	     85.77955110	     -0.89707481	      0.65322253	-318243.74259027	     -0.02493956	      5.55244311	     -0.02495016	     -7.29199188	      0.14395007	      0.81665397	     -7.40872505	      1.16503291	      1.18084190	 270670.22549565	      1.04620635	      0.86572456	      0.57122991	-467494.21713666	     -0.23662858	      0.00739786	      0.02362225	     -0.04361837	     -0.04036208	      0.14402711	     -0.06785419	      0.17533944	     -0.02714959
      2.59000000	   3704.47396304	-661720.84500688	-382019.70608485	     -2.60528256	    812.73866449	    819.18739728	 -37973.72317187	-130044.81307950	 698151.96273408	     29.07782964	     -4.65921665	      0.93828565	     85.55179562	     -0.98648774	      0.64275617	-317952.15355778	     -0.02493200	      5.54684639	     -0.02497337	     -7.27453934	      0.14514117	      0.81606764	     -7.41049929	      1.16252230	      1.18399516	 270385.93876409	      1.04655905	      0.86879140	      0.56274151	-467574.34643996	     -0.23692824	      0.00739314	      0.02384683	     -0.04371427	     -0.04037269	      0.14420169	     -0.06850422	      0.17557997	     -0.02569693
      2.59500000	   3383.25119123	-661194.61509976	-381374.68234745	     -3.82508939	    812.17700695	    817.96606873	 -38313.61388994	-129896.16646293	 697574.20454405	     29.07427445	     -4.69095955	      0.95076874	     85.33043480	     -1.09529467	      0.62110230	-317333.20966093	     -0.02492718	      5.54228195	     -0.02499293	     -7.25785749	      0.14586404	      0.81517294	     -7.41406794	      1.16031541	      1.18748656	 269757.08278474	      1.04694392	      0.87242969	      0.55532577	-466907.69478981	     -0.23712846	      0.00739386	      0.02402986	     -0.04378407	     -0.04040246	      0.14437856	     -0.06923104	      0.17587339	     -0.02437529
      2.60000000	   3217.16307207	-660489.05688344	-380679.39496805	     -4.73291737	    811.62776167	    816.29379970	 -38474.57291836	-129756.67281727	 696767.18269770	     29.06768104	     -4.72673120	      0.96396343	     85.11888621	     -1.22697984	      0.58703807	-316772.27830259	     -0.02492531	      5.53878059	     -0.02500801	     -7.24207525	      0.14589912	      0.81404421	     -7.41911614	      1.15871106	      1.19121351	 269204.85496859	      1.04734636	      0.87639864	      0.54928497	-466137.05195080	     -0.23723184	      0.00740589	      0.02415712	     -0.04382669	     -0.04044910	      0.14456919	     -0.06998541	      0.17619903	     -0.02323923
      2.60500000	   3306.73219637	-660252.51257562	-380672.83795244	     -5.33050611	    810.74438256	    814.86829915	 -38420.64399862	-130090.59975943	 696499.24706147	     29.05839703	     -4.76621548	      0.97731926	     84.92128064	     -1.38320903	      0.54058513	-316747.70116668	     -0.02492632	      5.53631435	     -0.02501818	     -7.22728311	      0.14500233	      0.81278134	     -7.42527246	      1.15788717	      1.19508626	 269219.71253264	      1.04775604	      0.88048237	      0.54482493	-466061.40299111	     -0.23725005	      0.00743097	      0.02422207	     -0.04384426	     -0.04050924	      0.14478984	     -0.07072219	      0.17654391	     -0.02232847
      2.61000000	   3567.71225192	-660817.03184720	-381143.71664113	     -5.56321146	    809.85058746	    814.07579342	 -38238.00223123	-130581.56941714	 697019.65615466	     29.04724288	     -4.80865832	      0.99021764	     84.74198454	     -1.56267914	      0.48382967	-317254.47221930	     -0.02493001	      5.53475073	     -0.02502351	     -7.21352816	      0.14294604	      0.81148393	     -7.43213205	      1.15791552	      1.19902285	 269705.74722927	      1.04815667	      0.88450988	      0.54204881	-466529.54214590	     -0.23720006	      0.00746636	      0.02422565	     -0.04384131	     -0.04057758	      0.14505506	     -0.07140472	      0.17690150	     -0.02166755
      2.61500000	   3866.93966840	-662029.22869688	-381588.33678784	     -5.43495914	    809.29686971	    813.82541546	 -38031.24936768	-130806.53617727	 698080.09848685	     29.03528185	     -4.85284557	      1.00199274	     84.58452790	     -1.76065258	      0.42119221	-318010.26917828	     -0.02493620	      5.53386028	     -0.02502443	     -7.20081600	      0.13956005	      0.81019770	     -7.43927323	      1.15879173	      1.20290979	 270323.50436817	      1.04851639	      0.88836900	      0.54096456	-467043.23864924	     -0.23709815	      0.00750555	      0.02417340	     -0.04382388	     -0.04064679	      0.14536657	     -0.07200971	      0.17726313	     -0.02126934
      2.62000000	   4061.56551977	-662108.14680758	-381280.62037457	     -5.20400540	    808.88065020	    812.36928271	 -37852.98039698	-130693.00244354	 697955.87830624	     29.02345113	     -4.89722184	      1.01202485	     84.45063821	     -1.96934044	      0.35883314	-318106.96227099	     -0.02494467	      5.53342712	     -0.02502168	     -7.18914436	      0.13473654	      0.80888184	     -7.44627181	      1.16042072	      1.20656394	 270345.26648866	      1.04878934	      0.89200122	      0.54148910	-466662.29576607	     -0.23695614	      0.00754000	      0.02407295	     -0.04379822	     -0.04070855	      0.14570799	     -0.07252865	      0.17761032	     -0.02113699
      2.62500000	   4031.04928677	-659779.75668451	-379851.04675810	     -5.13235982	    808.37585483	    808.51440561	 -37768.55565455	-130327.97210033	 695470.17267090	     29.01234583	     -4.94005517	      1.01986586	     84.33995644	     -2.17904684	      0.30333938	-316912.16504209	     -0.02495518	      5.53335477	     -0.02501622	     -7.17856658	      0.12841562	      0.80744291	     -7.45272575	      1.16258878	      1.20975070	 269293.23016418	      1.04892894	      0.89537537	      0.54344730	-464865.49107996	     -0.23678273	      0.00756144	      0.02393379	     -0.04376928	     -0.04075533	      0.14605231	     -0.07296271	      0.17791741	     -0.02126129
      2.63000000	   3749.36307934	-657424.51689471	-378553.15251355	     -5.15985185	    808.04387891	    804.93713282	 -37951.57369376	-130068.39585379	 693108.40143699	     29.00224272	     -4.97952605	      1.02528412	     84.25048636	     -2.37971154	      0.26040456	-315509.57356291	     -0.02496737	      5.53364679	     -0.02500912	     -7.16922793	      0.12059094	      0.80580187	     -7.45827787	      1.16497271	      1.21223696	 268060.21194094	      1.04890463	      0.89846628	      0.54657730	-463221.37146023	     -0.23658828	      0.00756386	      0.02376756	     -0.04374011	     -0.04078193	      0.14637445	     -0.07331613	      0.17815911	     -0.02161729
      2.63500000	   3274.80422257	-657336.25307328	-378499.47301951	     -5.14534387	    808.14141416	    804.13223952	 -38480.20909655	-130170.59739536	 693200.68060266	     28.99318936	     -5.01380987	      1.02822675	     84.17952656	     -2.56243771	      0.23393945	-314996.93176152	     -0.02498075	      5.53430465	     -0.02500137	     -7.16131930	      0.11133517	      0.80393249	     -7.46262137	      1.16717533	      1.21383350	 267542.53584317	      1.04871158	      0.90125695	      0.55054520	-463132.92208390	     -0.23638680	      0.00754417	      0.02358750	     -0.04371268	     -0.04078636	      0.14665862	     -0.07359445	      0.17831596	     -0.02216383
      2.64000000	   2900.34201938	-657839.52073840	-378648.94463526	     -4.93553392	    808.42911707	    804.02311477	 -38952.92232590	-130227.51893559	 693835.17475688	     28.98510080	     -5.04127840	      1.02878584	     84.12457502	     -2.72056066	      0.22560589	-314826.54322956	     -0.02499477	      5.53525289	     -0.02499375	     -7.15498781	      0.10081604	      0.80185851	     -7.46550890	      1.16876454	      1.21442441	 267295.27895377	      1.04836767	      0.90375228	      0.55497133	-463294.13096291	     -0.23619333	      0.00750222	      0.02340762	     -0.04368889	     -0.04076966	      0.14689901	     -0.07380691	      0.17837827	     -0.02284623
      2.64500000	   2857.87217729	-657005.77789349	-377907.84608145	     -4.45498542	    808.62296006	    802.35106093	 -39016.56862173	-129869.29780825	 692888.11408953	     28.97793722	     -5.06077666	      1.02717686	     84.08376656	     -2.84989983	      0.23488290	-314296.05142460	     -0.02500887	      5.53631077	     -0.02498674	     -7.15028798	      0.08929583	      0.79963687	     -7.46677510	      1.16931285	      1.21398074	 266753.99649475	      1.04790411	      0.90598662	      0.55947198	-462323.53195877	     -0.23602113	      0.00744089	      0.02324151	     -0.04366983	     -0.04073479	      0.14709736	     -0.07396782	      0.17834826	     -0.02360229
      2.65000000	   2900.70006048	-655857.87442825	-377106.40462686	     -3.98470004	    808.74604477	    800.76318685	 -38995.65311411	-129527.47600701	 691617.99435598	     28.97192500	     -5.07180411	      1.02368219	     84.05601395	     -2.94828095	      0.25974786	-313722.51610831	     -0.02502265	      5.53719557	     -0.02498069	     -7.14718666	      0.07712608	      0.79735140	     -7.46634793	      1.16843153	      1.21255083	 266206.63408599	      1.04735805	      0.90801849	      0.56370035	-461221.21095521	     -0.23588148	      0.00736541	      0.02310154	     -0.04365457	     -0.04068536	      0.14726057	     -0.07409454	      0.17823874	     -0.02436952
      2.65500000	   2757.58759993	-655614.32842363	-377139.86701892	     -3.77188974	    808.87105051	    801.04501282	 -39248.26512060	-129628.64702350	 691483.83387557	     28.96768556	     -5.07453777	      1.01857997	     84.04114574	     -3.01492188	      0.29755604	-313482.78062973	     -0.02503582	      5.53757791	     -0.02497585	     -7.14557760	      0.06473599	      0.79511143	     -7.46424109	      1.16579075	      1.21023862	 265979.01397372	      1.04676591	      0.90991692	      0.56737224	-461081.39767649	     -0.23578400	      0.00728210	      0.02299833	     -0.04363993	     -0.04062445	      0.14739888	     -0.07420395	      0.17807020	     -0.02509102
      2.66000000	   2535.59630265	-655310.19688455	-377251.16834461	     -3.64508172	    808.93015852	    801.67154989	 -39591.13740880	-129791.41204433	 691356.71424254	     28.96615026	     -5.06973841	      1.01212516	     84.03981706	     -3.05020448	      0.34557047	-313170.92341677	     -0.02504823	      5.53717102	     -0.02497252	     -7.14528306	      0.05260997	      0.79303609	     -7.46054736	      1.16112689	      1.20717769	 265699.28394485	      1.04615687	      0.91174908	      0.57028760	-461008.21507622	     -0.23573579	      0.00719714	      0.02293991	     -0.04362144	     -0.04055395	      0.14752263	     -0.07431060	      0.17786711	     -0.02572117
      2.66500000	   2394.56834355	-653963.84673074	-376667.65993809	     -3.37187577	    808.90539110	    801.02683137	 -39785.28099619	-129625.59511285	 690067.31751595	     28.96826658	     -5.05854049	      1.00458550	     84.05299118	     -3.05572690	      0.40103010	-312419.10836953	     -0.02505987	      5.53579953	     -0.02497105	     -7.14605220	      0.04125888	      0.79122886	     -7.45544101	      1.15424526	      1.20350342	 265033.36022260	      1.04555144	      0.91356981	      0.57235024	-460080.87202784	     -0.23574069	      0.00711593	      0.02293029	     -0.04359464	     -0.04047483	      0.14763836	     -0.07442663	      0.17765367	     -0.02623088
      2.67000000	   2331.79501081	-652700.43599332	-376207.12248799	     -2.90404908	    809.10622826	    800.46348048	 -39910.29571376	-129515.73712765	 688862.19717287	     28.97467472	     -5.04216922	      0.99627685	     84.08136274	     -3.03428422	      0.46090581	-311795.35330209	     -0.02507081	      5.53342994	     -0.02497180	     -7.14756460	      0.03118204	      0.78976355	     -7.44917939	      1.14502485	      1.19933422	 264496.69060222	      1.04496507	      0.91540715	      0.57357110	-459261.21035261	     -0.23579995	      0.00704328	      0.02296874	     -0.04355611	     -0.04038811	      0.14774762	     -0.07456095	      0.17745024	     -0.02660922
      2.67500000	   2297.50515724	-652637.64458625	-376657.49326962	     -2.26531504	    809.79272331	    801.45354617	 -40091.42658405	-129821.44412078	 688990.15140550	     28.98556722	     -5.02177180	      0.98756324	     84.12516422	     -2.98965478	      0.52163811	-311815.98947303	     -0.02508118	      5.53015912	     -0.02497503	     -7.14943757	      0.02282439	      0.78868013	     -7.44209920	      1.13343358	      1.19476733	 264549.84585109	      1.04441124	      0.91725119	      0.57405789	-459487.43391758	     -0.23591382	      0.00698364	      0.02304995	     -0.04350397	     -0.04029530	      0.14784772	     -0.07471831	      0.17727148	     -0.02686178
      2.68000000	   2217.61437221	-652755.38015586	-377096.78926615	     -1.53974205	    810.71099971	    802.97984466	 -40313.40725926	-130029.97221959	 689291.11879796	     29.00082611	     -4.99851993	      0.97881858	     84.18435303	     -2.92614260	      0.57932193	-311856.19640723	     -0.02509102	      5.52616076	     -0.02498089	     -7.15124500	      0.01655176	      0.78797662	     -7.43460992	      1.11955441	      1.18988276	 264587.49350176	      1.04390031	      0.91905922	      0.57400450	-459725.49231214	     -0.23608235	      0.00694043	      0.02316454	     -0.04343785	     -0.04019800	      0.14793085	     -0.07489999	      0.17712579	     -0.02700872
      2.68500000	   2060.75355818	-651983.26408308	-376615.85345061	     -0.78455823	    811.56953810	    803.85446974	 -40516.83830645	-129659.14556811	 688548.63241148	     29.02024300	     -4.97385692	      0.97038281	     84.25881904	     -2.84797588	      0.63038160	-311314.91197765	     -0.02510030	      5.52163813	     -0.02498942	     -7.15256064	      0.01264995	      0.78760600	     -7.42717773	      1.10360379	      1.18474770	 264038.57323629	      1.04343644	      0.92077210	      0.57367714	-458942.06006537	     -0.23630488	      0.00691499	      0.02329982	     -0.04335834	     -0.04009720	      0.14798273	     -0.07510502	      0.17701548	     -0.02708281
      2.69000000	   1993.89801161	-651186.68722625	-376084.76660559	      0.08557140	    812.43537052	    804.70286451	 -40606.70477587	-129232.00322944	 687734.91671012	     29.04342490	     -4.94953787	      0.96257610	     84.34822192	     -2.75893167	      0.67216763	-310833.79127876	     -0.02510889	      5.51683572	     -0.02500052	     -7.15302263	      0.01132887	      0.78749342	     -7.42028980	      1.08592808	      1.17941820	 263542.22079178	      1.04301958	      0.92232838	      0.57338607	-458088.62092839	     -0.23657906	      0.00690630	      0.02344093	     -0.04326667	     -0.03999370	      0.14798518	     -0.07533077	      0.17693711	     -0.02712620
      2.69500000	   2118.84527373	-651381.27265972	-376470.24553094	      1.10257664	    813.41827833	    806.34091418	 -40564.32461426	-129310.76964609	 688010.30349107	     29.06942574	     -4.92732853	      0.95575152	     84.45158526	     -2.66235630	      0.70307657	-311069.48161293	     -0.02511665	      5.51206631	     -0.02501387	     -7.15239864	      0.01272158	      0.78756478	     -7.41440523	      1.06698644	      1.17394025	 263744.11915697	      1.04265515	      0.92367382	      0.57344727	-458242.08427895	     -0.23689992	      0.00691130	      0.02357229	     -0.04316511	     -0.03988997	      0.14792162	     -0.07557347	      0.17688193	     -0.02718583
      2.70000000	   2078.70500453	-652260.67894045	-377345.21989197	      1.99341832	    814.46724083	    808.53426407	 -40709.68467642	-129608.42692992	 689107.94037844	     29.09663057	     -4.90865007	      0.95028188	     84.56725454	     -2.56132816	      0.72237978	-311499.82935485	     -0.02512346	      5.50766194	     -0.02502876	     -7.15063349	      0.01688939	      0.78777211	     -7.40991212	      1.04733196	      1.16835506	 264109.28447550	      1.04236372	      0.92477513	      0.57414938	-459001.17385832	     -0.23726016	      0.00692489	      0.02367909	     -0.04305767	     -0.03979144	      0.14778211	     -0.07582956	      0.17683696	     -0.02730852
      2.70500000	   1583.32014243	-653287.46850683	-378074.64794346	      2.53593781	    815.48828953	    810.83729352	 -41277.65646318	-129722.41920997	 690464.95967183	     29.12308566	     -4.89448944	      0.94647236	     84.69332944	     -2.45877274	      0.73007060	-311536.67103707	     -0.02512900	      5.50386907	     -0.02504418	     -7.14787348	      0.02384043	      0.78811503	     -7.40710456	      1.02758962	      1.16270667	 264040.18472512	      1.04218200	      0.92564142	      0.57573449	-459718.03036874	     -0.23765231	      0.00693976	      0.02374860	     -0.04295043	     -0.03970601	      0.14756702	     -0.07609755	      0.17678678	     -0.02753690
      2.71000000	   1067.76274461	-654314.39362844	-378588.06265051	      3.03061881	    816.38855646	    812.99535548	 -41822.48599204	-129638.09467115	 691758.22476036	     29.14700567	     -4.88558481	      0.94450013	     84.82804522	     -2.35766033	      0.72675258	-311504.67843696	     -0.02513278	      5.50080858	     -0.02505896	     -7.14446748	      0.03354019	      0.78864884	     -7.40618196	      1.00842556	      1.15704438	 263868.42116825	      1.04214900	      0.92633800	      0.57838966	-460236.68777994	     -0.23806932	      0.00694708	      0.02377070	     -0.04285054	     -0.03964153	      0.14728833	     -0.07637913	      0.17671503	     -0.02790703
      2.71500000	    968.61155492	-655327.48366115	-378974.80568519	      3.78472041	    817.13101652	    814.87241632	 -41911.37318289	-129444.77547171	 692832.82412084	     29.16718188	     -4.88265481	      0.94442783	     84.96987459	     -2.26125855	      0.71354314	-311811.67253619	     -0.02513430	      5.49852829	     -0.02507220	     -7.14094615	      0.04589098	      0.78946578	     -7.40726236	      0.99050317	      1.15142177	 264012.90965180	      1.04228205	      0.92697419	      0.58224031	-460576.69199042	     -0.23850146	      0.00693903	      0.02373756	     -0.04276404	     -0.03960254	      0.14696701	     -0.07667765	      0.17660562	     -0.02844689
      2.72000000	   1000.76390873	-656455.84439908	-379399.16747983	      4.57263427	    817.89035807	    816.60539759	 -41843.99401614	-129260.91140771	 693967.09101227	     29.18307698	     -4.88642770	      0.94625273	     85.11750438	     -2.17310706	      0.69210502	-312282.06792534	     -0.02513322	      5.49704443	     -0.02508348	     -7.13798303	      0.06070591	      0.79066443	     -7.41039381	      0.97443329	      1.14590273	 264309.47216150	      1.04256714	      0.92767448	      0.58734219	-460966.89977565	     -0.23893440	      0.00691138	      0.02364330	     -0.04269441	     -0.03958914	      0.14662784	     -0.07699503	      0.17644570	     -0.02917464
      2.72500000	    851.07711435	-657709.88005311	-379962.99437520	      5.16451603	    818.82185301	    818.20794468	 -41941.91607434	-129187.31097595	 695326.79371819	     29.19460193	     -4.89744897	      0.94994941	     85.26974346	     -2.09668541	      0.66474430	-312660.19975032	     -0.02512944	      5.49631702	     -0.02509266	     -7.13634908	      0.07771563	      0.79233452	     -7.41556202	      0.96073618	      1.14057740	 264523.84302057	      1.04297466	      0.92855380	      0.59367417	-461562.52526034	     -0.23935259	      0.00686473	      0.02348456	     -0.04264304	     -0.03959905	      0.14629583	     -0.07732942	      0.17623013	     -0.03009653
      2.73000000	    819.73716414	-658481.62995185	-380439.17840565	      5.83886829	    819.78938069	    818.91578919	 -41875.66362390	-129222.47038275	 696191.57882710	     29.20189080	     -4.91587244	      0.95548642	     85.42545415	     -2.03508196	      0.63433737	-312956.01995449	     -0.02512298	      5.49622935	     -0.02509977	     -7.13686790	      0.09658726	      0.79455846	     -7.42270035	      0.94981592	      1.13557909	 264727.00536103	      1.04347499	      0.92969748	      0.60112602	-462013.48682415	     -0.23974337	      0.00680382	      0.02326201	     -0.04261064	     -0.03962954	      0.14599529	     -0.07767343	      0.17596545	     -0.03120379
      2.73500000	   1195.47163020	-658334.63605282	-380629.75520942	      6.84454381	    820.66177079	    818.20253365	 -41336.49553864	-129333.09982685	 696003.63800226	     29.20525420	     -4.94138346	      0.96281318	     85.58353641	     -1.99079217	      0.60395766	-313235.63169944	     -0.02511408	      5.49663124	     -0.02510505	     -7.14036219	      0.11691877	      0.79741500	     -7.43169469	      0.94193437	      1.13108736	 265022.17550033	      1.04403665	      0.93114262	      0.60948108	-462023.17497658	     -0.24009678	      0.00673575	      0.02298246	     -0.04259782	     -0.03967724	      0.14575044	     -0.07801264	      0.17567078	     -0.03246856
      2.74000000	   1602.62578620	-658132.61167529	-380789.29823439	      7.82242371	    821.61879841	    817.23769320	 -40750.17061040	-129467.84908797	 695741.71019387	     29.20512416	     -4.97320973	      0.97183427	     85.74270897	     -1.96563434	      0.57623813	-313517.60283194	     -0.02510322	      5.49740347	     -0.02510893	     -7.14758688	      0.13822617	      0.80097231	     -7.44237810	      0.93719306	      1.12730719	 265331.02002703	      1.04462209	      0.93286927	      0.61841562	-462018.60792046	     -0.24040389	      0.00666753	      0.02265978	     -0.04260479	     -0.03973783	      0.14558503	     -0.07832629	      0.17537429	     -0.03384320
      2.74500000	   1639.96986690	-658762.37641514	-381165.12553364	      8.37537468	    822.82507291	    817.22873631	 -40568.92298691	-129559.81010453	 696411.94579719	     29.20185617	     -5.01013827	      0.98239264	     85.90113604	     -1.96076860	      0.55273376	-313803.62501577	     -0.02509111	      5.49847998	     -0.02511188	     -7.15915835	      0.15994457	      0.80526499	     -7.45452318	      0.93553473	      1.12443501	 265553.35246010	      1.04519449	      0.93480326	      0.62752444	-462425.35434955	     -0.24065697	      0.00660460	      0.02231367	     -0.04263114	     -0.03980708	      0.14551916	     -0.07859040	      0.17510696	     -0.03526445
      2.75000000	   1462.45026948	-659898.62948836	-381514.01134583	      8.59512697	    824.07936283	    817.80257382	 -40622.28597860	-129494.31271508	 697589.94119112	     29.19555371	     -5.05056169	      0.99426581	     86.05641567	     -1.97675802	      0.53363209	-314068.08340417	     -0.02507867	      5.49983001	     -0.02511421	     -7.17548547	      0.18142722	      0.81026967	     -7.46783739	      0.93675286	      1.12263784	 265676.11133774	      1.04572856	      0.93682003	      0.63635156	-462936.04771880	     -0.24085041	      0.00655107	      0.02196747	     -0.04267642	     -0.03988231	      0.14556588	     -0.07878016	      0.17489884	     -0.03665851
      2.75500000	   1324.92404955	-661005.08619231	-381584.99354523	      8.64210550	    825.14819811	    818.30906445	 -40633.27296271	-129220.73279615	 698627.30539020	     29.18606994	     -5.09261988	      1.00716553	     86.20599220	     -2.01363813	      0.51789191	-314300.81236324	     -0.02506681	      5.50144068	     -0.02511593	     -7.19671534	      0.20194691	      0.81590141	     -7.48196631	      0.94050417	      1.12205523	 265734.45037817	      1.04621591	      0.93874656	      0.64441263	-463191.82970202	     -0.24098062	      0.00651056	      0.02164663	     -0.04274082	     -0.03996307	      0.14573128	     -0.07887016	      0.17477919	     -0.03794439
      2.76000000	   1325.98909775	-661902.71448136	-381592.19130530	      8.47708199	    826.03927451	    818.55561143	 -40517.77123835	-129001.99904207	 699401.74975556	     29.17316124	     -5.13444726	      1.02073491	     86.34729130	     -2.07090995	      0.50363899	-314577.30681151	     -0.02505638	      5.50331699	     -0.02511682	     -7.22271619	      0.22073860	      0.82202210	     -7.49650955	      0.94634523	      1.12279179	 265868.47875410	      1.04666297	      0.94037542	      0.65122776	-463364.00274190	     -0.24104493	      0.00648629	      0.02137642	     -0.04282468	     -0.04005060	      0.14601460	     -0.07883525	      0.17477419	     -0.03903951
      2.76500000	   1469.24447869	-662588.72352951	-381809.95443081	      8.02213053	    826.83428838	    818.51319237	 -40295.30358818	-129096.35892924	 700000.86940210	     29.15676412	     -5.17445730	      1.03455031	     86.47725471	     -2.14734797	      0.48861626	-314961.61789212	     -0.02504812	      5.50547901	     -0.02511666	     -7.25309481	      0.23708661	      0.82844006	     -7.51104672	      0.95379856	      1.12487852	 266188.30850779	      1.04708035	      0.94150021	      0.65637738	-463720.73761675	     -0.24104046	      0.00648008	      0.02117769	     -0.04292694	     -0.04014615	      0.14640507	     -0.07865484	      0.17489808	     -0.03987007
      2.77000000	   1537.80124452	-663414.81607858	-382280.50319121	      7.20188876	    827.66737176	    818.36470813	 -40205.12423854	-129422.71872035	 700827.72840725	     29.13729714	     -5.21152213	      1.04814082	     86.59209723	     -2.24082580	      0.47047710	-315390.25703174	     -0.02504263	      5.50793457	     -0.02511540	     -7.28721578	      0.25039909	      0.83491555	     -7.52516884	      0.96240986	      1.12824792	 266581.11664567	      1.04746906	      0.94195255	      0.65955223	-464382.09614310	     -0.24096414	      0.00649191	      0.02106321	     -0.04304373	     -0.04024888	      0.14688076	     -0.07831757	      0.17514718	     -0.04037972
      2.77500000	   1316.85729835	-664635.15052827	-382909.09674327	      5.96262946	    828.61653755	    818.28626748	 -40473.25121529	-129804.05599480	 702154.73268605	     29.11574375	     -5.24496432	      1.06102660	     86.68794592	     -2.34856332	      0.44675141	-315737.19896988	     -0.02504032	      5.51064610	     -0.02511329	     -7.32420177	      0.26022055	      0.84118786	     -7.53850965	      0.97176711	      1.13276213	 266864.96396621	      1.04781785	      0.94161317	      0.66056938	-465319.10115279	     -0.24081485	      0.00652178	      0.02103737	     -0.04316867	     -0.04035536	      0.14741393	     -0.07782166	      0.17550458	     -0.04053084
      2.78000000	    821.65870510	-665756.39145135	-383284.85371928	      4.24814854	    829.47085743	    818.23604705	 -41053.52775919	-130021.08624554	 703412.47827014	     29.09345976	     -5.27445368	      1.07276639	     86.76172916	     -2.46778776	      0.41466758	-315754.90774652	     -0.02504128	      5.51352179	     -0.02511068	     -7.36293785	      0.26620741	      0.84700122	     -7.55076562	      0.98149974	      1.13825627	 266806.27016477	      1.04811489	      0.94040569	      0.65936899	-466054.81692455	     -0.24059725	      0.00657230	      0.02109726	     -0.04329402	     -0.04046104	      0.14797756	     -0.07717290	      0.17594837	     -0.04030317
      2.78500000	    166.41179594	-666167.84609638	-383017.97423450	      2.11299030	    830.00673524	    817.98807620	 -41796.65353383	-129911.86871794	 703898.79246350	     29.07191901	     -5.29990898	      1.08299260	     86.81158442	     -2.59629668	      0.37131382	-315248.79168984	     -0.02504527	      5.51642603	     -0.02510784	     -7.40212093	      0.26812935	      0.85211664	     -7.56169777	      0.99128147	      1.14455512	 266245.80974294	      1.04835833	      0.93829870	      0.65600998	-466101.11593037	     -0.24032376	      0.00664877	      0.02123370	     -0.04341184	     -0.04056187	      0.14854734	     -0.07638423	      0.17645545	     -0.03969436
      2.79000000	   -370.15894346	-665542.00926036	-382119.57836666	      0.00924809	    830.22444305	    816.82337560	 -42416.80716960	-129589.59425533	 703225.92361610	     29.05251451	     -5.32139005	      1.09141970	     86.83686872	     -2.73255364	      0.31418144	-314358.69202787	     -0.02505188	      5.51919385	     -0.02510492	     -7.44035385	      0.26591109	      0.85632645	     -7.57112091	      1.00084086	      1.15147316	 265374.70980726	      1.04855556	      0.93531660	      0.65065856	-465376.46486722	     -0.24001310	      0.00675632	      0.02143324	     -0.04351474	     -0.04065463	      0.14910153	     -0.07547660	      0.17700225	     -0.03872071
      2.79500000	   -546.56444741	-663952.65078034	-380835.54872142	     -1.62885062	    830.19239715	    814.38851403	 -42688.96486839	-129249.19943858	 701446.00003615	     29.03635773	     -5.33897137	      1.09784297	     86.83796122	     -2.87546058	      0.24163046	-313381.33623485	     -0.02506052	      5.52165712	     -0.02510198	     -7.47623927	      0.25967696	      0.85947237	     -7.57888788	      1.00998143	      1.15881160	 264512.65493657	      1.04871809	      0.93154624	      0.64357199	-464089.85811894	     -0.23968756	      0.00689683	      0.02168016	     -0.04359707	     -0.04073692	      0.14962118	     -0.07447947	      0.17756416	     -0.03741694
      2.80000000	   -428.25972636	-662783.87880813	-379941.27320347	     -2.81904382	    830.02387962	    812.28928622	 -42765.73818719	-129136.28476857	 700041.20171214	     29.02409526	     -5.35264115	      1.10213613	     86.81595831	     -3.02405895	      0.15320479	-312907.29386003	     -0.02507055	      5.52368476	     -0.02509895	     -7.50844966	      0.24977169	      0.86145288	     -7.58487268	      1.01860037	      1.16635389	 264144.87162020	      1.04885787	      0.92713830	      0.63508627	-463196.10522275	     -0.23937017	      0.00706737	      0.02195764	     -0.04365593	     -0.04080721	      0.15008976	     -0.07343123	      0.17811470	     -0.03583610
      2.80500000	   -167.38382231	-663259.36745115	-380041.37827492	     -3.70774815	    829.81934636	    812.06992550	 -42873.15138345	-129395.07800827	 700331.73485123	     29.01587716	     -5.36225027	      1.10423728	     86.77256139	     -3.17709889	      0.05013793	-313355.87385100	     -0.02508138	      5.52521431	     -0.02509576	     -7.53578887	      0.23675646	      0.86222381	     -7.58896003	      1.02668560	      1.17386942	 264585.96661146	      1.04898292	      0.92230637	      0.62560139	-463475.75402254	     -0.23908161	      0.00725985	      0.02224898	     -0.04369124	     -0.04086457	      0.15049227	     -0.07237865	      0.17862691	     -0.03404848
      2.81000000	     38.27176444	-664651.92238291	-380532.83628760	     -4.43267009	    829.59032457	    813.05567781	 -43153.58945315	-129707.31730257	 701566.20503523	     29.01148388	     -5.36748645	      1.10414288	     86.71028858	     -3.33232934	     -0.06396919	-314163.15826826	     -0.02509260	      5.52625688	     -0.02509241	     -7.55725561	      0.22138067	      0.86180046	     -7.59104991	      1.03429098	      1.18112889	 265296.88317355	      1.04909442	      0.91732021	      0.61555370	-464266.19000235	     -0.23883869	      0.00746120	      0.02253960	     -0.04370514	     -0.04090820	      0.15081533	     -0.07137476	      0.17907726	     -0.03213718
      2.81500000	     13.13686948	-665893.04438463	-380690.36523016	     -5.13321186	    829.32449140	    814.17480495	 -43705.91296687	-129755.50166486	 702649.01606077	     29.01043137	     -5.36786060	      1.10193342	     86.63275730	     -3.48583642	     -0.18282781	-314639.89276648	     -0.02510395	      5.52688416	     -0.02508909	     -7.57209619	      0.20452727	      0.86025697	     -7.59107617	      1.04150451	      1.18792286	 265649.95260374	      1.04919068	      0.91248913	      0.60538082	-464734.90108084	     -0.23865570	      0.00765429	      0.02281892	     -0.04370156	     -0.04093767	      0.15104794	     -0.07047541	      0.17944941	     -0.03019129
      2.82000000	   -279.16328081	-666509.75244084	-380515.02536254	     -5.90095208	    829.00090221	    814.96283295	 -44544.70553379	-129697.95593080	 703186.44045454	     29.01202193	     -5.36280644	      1.09781691	     86.54473095	     -3.63213792	     -0.29803371	-314588.48632644	     -0.02511533	      5.52721817	     -0.02508603	     -7.57982967	      0.18713811	      0.85771971	     -7.58902908	      1.04842003	      1.19407453	 265527.23980436	      1.04927377	      0.90813630	      0.59549764	-464823.12569021	     -0.23854524	      0.00782008	      0.02308073	     -0.04368577	     -0.04095358	      0.15118308	     -0.06973512	      0.17973566	     -0.02829978
      2.82500000	   -757.83471948	-666412.54530212	-380229.68201593	     -6.74586945	    828.60839630	    815.31732904	 -45590.13727943	-129768.76629305	 703144.01288449	     29.01549812	     -5.35199351	      1.09217687	     86.45175786	     -3.76520224	     -0.40046956	-314098.41835669	     -0.02512669	      5.52742263	     -0.02508366	     -7.58024467	      0.17013470	      0.85435661	     -7.58497471	      1.05512122	      1.19944380	 265068.15845808	      1.04934944	      0.90456822	      0.58629189	-464723.63508786	     -0.23851614	      0.00794095	      0.02332162	     -0.04366360	     -0.04095747	      0.15121977	     -0.06920271	      0.17993578	     -0.02654804
      2.83000000	  -1012.50878509	-666445.43431669	-380208.95786483	     -7.36710309	    828.17986351	    815.99441978	 -46474.32084501	-130021.96213278	 703216.31846171	     29.02022733	     -5.33569174	      1.08561406	     86.35941504	     -3.87976064	     -0.48191642	-313912.97216103	     -0.02513808	      5.52767804	     -0.02508258	     -7.57338319	      0.15434876	      0.85036139	     -7.57907563	      1.06168611	      1.20392704	 264928.16949009	      1.04942442	      0.90204188	      0.57812216	-464851.70760385	     -0.23857123	      0.00800397	      0.02353843	     -0.04364034	     -0.04095141	      0.15116379	     -0.06891662	      0.18005365	     -0.02501470
      2.83500000	   -727.78009838	-667297.25479481	-380696.37870292	     -7.55043345	    827.71547085	    817.63534846	 -46913.14744740	-130443.46384066	 703957.44317282	     29.02572512	     -5.31487682	      1.07893017	     86.27245909	     -3.97225531	     -0.53630711	-314606.98890767	     -0.02514957	      5.52814545	     -0.02508348	     -7.55952601	      0.14046686	      0.84593344	     -7.57161390	      1.06820481	      1.20746224	 265600.24293465	      1.04950876	      0.90073461	      0.57130006	-465487.59748138	     -0.23870798	      0.00800289	      0.02372652	     -0.04362004	     -0.04093824	      0.15102620	     -0.06890069	      0.18009438	     -0.02376627
      2.84000000	   -300.22422708	-668102.24086512	-381259.51640545	     -7.74404297	    827.04129657	    819.63067128	 -47238.85815138	-130923.24109688	 704631.58418871	     29.03162333	     -5.29099678	      1.07300068	     86.19431489	     -4.04110380	     -0.56029156	-315425.52816915	     -0.02516126	      5.52893671	     -0.02508700	     -7.53918309	      0.12899029	      0.84125943	     -7.56299476	      1.07478579	      1.21003776	 266408.82313699	      1.04961794	      0.90072565	      0.56606466	-466149.39747838	     -0.23892138	      0.00793880	      0.02387936	     -0.04360511	     -0.04092151	      0.15082075	     -0.06916130	      0.18006354	     -0.02285086
      2.84500000	   -132.00780632	-668005.40355913	-381474.67115552	     -8.36868689	    826.03040732	    821.24404414	 -47786.09520409	-131354.72267803	 704517.82948449	     29.03773707	     -5.26559565	      1.06857618	     86.12706137	     -4.08623755	     -0.55301210	-315614.05075796	     -0.02517318	      5.53008952	     -0.02509360	     -7.51308352	      0.12021592	      0.83650296	     -7.55371476	      1.08153688	      1.21169431	 266678.24833456	      1.04976793	      0.90199562	      0.56256724	-466365.88421440	     -0.23920526	      0.00781895	      0.02398978	     -0.04359625	     -0.04090458	      0.15056141	     -0.06968661	      0.17996828	     -0.02229474
      2.85000000	     71.11830823	-667755.75546814	-381635.03828768	     -9.12423534	    824.91483636	    822.49040289	 -48294.13347243	-131749.03317450	 704247.76509058	     29.04414046	     -5.24000392	      1.06611783	     86.07170181	     -4.10838326	     -0.51547765	-315759.68103656	     -0.02518523	      5.53153936	     -0.02510351	     -7.48215274	      0.11423875	      0.83180383	     -7.54431102	      1.08853564	      1.21252189	 266911.97094895	      1.04996747	      0.90443895	      0.56086709	-466476.98193532	     -0.23955128	      0.00765423	      0.02405224	     -0.04359304	     -0.04088951	      0.15026144	     -0.07044801	      0.17981922	     -0.02210184
      2.85500000	    625.18910437	-668175.49521020	-382063.49567157	     -9.64709605	    823.95596064	    823.58718105	 -48488.45278442	-132119.99692106	 704517.51516888	     29.05115918	     -5.21518555	      1.06573290	     86.02843380	     -4.10879532	     -0.45018114	-316501.16028268	     -0.02519715	      5.53310535	     -0.02511672	     -7.44746893	      0.11097009	      0.82728089	     -7.53531677	      1.09581264	      1.21265504	 267657.21524743	      1.05021368	      0.90787972	      0.56093111	-466857.56552178	     -0.23994782	      0.00745684	      0.02406476	     -0.04359479	     -0.04087659	      0.14993367	     -0.07140314	      0.17963145	     -0.02225472
      2.86000000	   1230.56952196	-668784.28604416	-382481.44451578	    -10.10946568	    823.16728361	    824.78630885	 -48625.23758765	-132367.49725975	 704938.58285551	     29.05933230	     -5.19174878	      1.06720159	     85.99681159	     -4.08947560	     -0.36104381	-317338.37728918	     -0.02520852	      5.53451102	     -0.02513302	     -7.41020964	      0.11016259	      0.82303064	     -7.52723280	      1.10334635	      1.21226042	 268451.60507521	      1.05049183	      0.91208603	      0.56263693	-467212.05664206	     -0.24038134	      0.00723919	      0.02402936	     -0.04360126	     -0.04086433	      0.14959032	     -0.07249944	      0.17942335	     -0.02271675
      2.86500000	   1538.59767105	-668936.97853395	-382567.39260303	    -10.73184946	    822.52464730	    826.22698460	 -48998.82075501	-132407.83466900	 704984.85868177	     29.06940608	     -5.17006190	      1.07004449	     85.97586845	     -4.05334522	     -0.25322658	-317660.72311459	     -0.02521883	      5.53542139	     -0.02515207	     -7.37160804	      0.11143642	      0.81912015	     -7.52051534	      1.11105694	      1.21151964	 268743.71731364	      1.05077620	      0.91678359	      0.56577961	-467188.39320225	     -0.24083893	      0.00701331	      0.02395169	     -0.04361245	     -0.04084931	      0.14924160	     -0.07367736	      0.17921455	     -0.02343505
      2.87000000	   1627.85176275	-668641.02987194	-382420.05295715	    -11.42433534	    822.10129028	    827.54129498	 -49526.94987148	-132324.80691802	 704665.82736477	     29.08236111	     -5.15039539	      1.07358286	     85.96435492	     -4.00414234	     -0.13259279	-317561.74184923	     -0.02522754	      5.53546968	     -0.02517347	     -7.33291995	      0.11431649	      0.81558471	     -7.51556688	      1.11880536	      1.21061739	 268639.52859827	      1.05103143	      0.92167312	      0.57008029	-466868.48668915	     -0.24130955	      0.00679069	      0.02384052	     -0.04362803	     -0.04082632	      0.14889430	     -0.07487335	      0.17902484	     -0.02434366
      2.87500000	   1626.89860723	-668178.72284464	-382292.37847111	    -12.03254382	    821.93926974	    828.49437998	 -50099.71284922	-132253.93408424	 704259.92985712	     29.09944160	     -5.13308822	      1.07698102	     85.96119857	     -3.94614297	     -0.00493693	-317309.68917068	     -0.02523414	      5.53427159	     -0.02519669	     -7.29539030	      0.11828895	      0.81243842	     -7.51271155	      1.12640515	      1.20973152	 268398.49928444	      1.05121526	      0.92645293	      0.57519985	-466515.66209937	     -0.24178364	      0.00658220	      0.02370676	     -0.04364649	     -0.04078871	      0.14855212	     -0.07602261	      0.17887294	     -0.02536732
      2.88000000	   1435.14380601	-668274.29587130	-382634.02549785	    -12.49696753	    821.84782138	    829.88409950	 -50870.11957423	-132370.10959384	 704583.27435946	     29.12206660	     -5.11872058	      1.07931179	     85.96598892	     -3.88377631	      0.12483090	-317163.42067544	     -0.02523816	      5.53143005	     -0.02522102	     -7.26020938	      0.12285294	      0.80968779	     -7.51216177	      1.13363397	      1.20902035	 268232.95084531	      1.05128378	      0.93084117	      0.58075972	-466684.06125492	     -0.24225175	      0.00639827	      0.02356217	     -0.04366464	     -0.04072932	      0.14821684	     -0.07706187	      0.17877517	     -0.02642668
      2.88500000	    975.00844980	-669399.53062835	-383720.55529618	    -12.70988068	    821.67513594	    832.30614102	 -51949.86718547	-132771.22470794	 706166.66750053	     29.15147204	     -5.10815032	      1.07969986	     85.97906151	     -3.82116023	      0.25331296	-317276.72689013	     -0.02523928	      5.52655655	     -0.02524552	     -7.22845293	      0.12754437	      0.80733631	     -7.51399690	      1.14023876	      1.20861154	 268263.41663953	      1.05119859	      0.93459651	      0.58636670	-467718.69310713	     -0.24270323	      0.00624851	      0.02341856	     -0.04367787	     -0.04064217	      0.14788973	     -0.07793352	      0.17874477	     -0.02744434
      2.89000000	    487.58511250	-670577.22494404	-384936.13517729	    -12.29302590	    821.65545772	    834.53755521	 -53015.07576244	-133207.39106042	 707865.78893769	     29.18822157	     -5.10235165	      1.07751584	     86.00110338	     -3.76153310	      0.37895894	-317392.10945721	     -0.02523735	      5.51934067	     -0.02526908	     -7.20101271	      0.13194385	      0.80537955	     -7.51816043	      1.14594791	      1.20859318	 268290.10360646	      1.05093255	      0.93753775	      0.59164094	-468841.03452478	     -0.24312608	      0.00614072	      0.02328731	     -0.04368123	     -0.04052396	      0.14757219	     -0.07859142	      0.17879166	     -0.02835135
      2.89500000	    198.36977255	-670797.79409857	-385647.82415003	    -10.96241995	    822.02025299	    835.35212224	 -53753.14464074	-133428.35868868	 708507.66412857	     29.23194126	     -5.10219102	      1.07251149	     86.03265343	     -3.70677844	      0.50191223	-317224.34350710	     -0.02523242	      5.50964037	     -0.02529064	     -7.17853458	      0.13567921	      0.80379427	     -7.52446958	      1.15050329	      1.20900141	 268089.65106906	      1.05047165	      0.93954922	      0.59624583	-469257.52638198	     -0.24350765	      0.00607990	      0.02317854	     -0.04367041	     -0.04037466	      0.14726512	     -0.07900508	      0.17892025	     -0.02909336
      2.90000000	    -47.72693167	-670360.40019260	-386060.00739368	     -8.94925218	    822.65034252	    835.33703279	 -54341.79341346	-133535.23648822	 708478.30020551	     29.28137499	     -5.10825900	      1.06484119	     86.07376772	     -3.65741530	      0.62306748	-316784.41459526	     -0.02522466	      5.49753678	     -0.02530940	     -7.16137777	      0.13841412	      0.80253173	     -7.53262298	      1.15371150	      1.20980299	 267661.01836466	      1.04981550	      0.94056376	      0.59992141	-469239.71272404	     -0.24383589	      0.00606827	      0.02309913	     -0.04364216	     -0.04019722	      0.14696873	     -0.07915970	      0.17912450	     -0.02963576
      2.90500000	   -368.55893210	-669728.47567894	-386482.65355887	     -6.50955011	    823.33321462	    835.26650583	 -54937.75198795	-133674.16262478	 708325.81638029	     29.33455322	     -5.12075638	      1.05501554	     86.12387965	     -3.61283254	      0.74295319	-316197.41529169	     -0.02521430	      5.48333944	     -0.02532493	     -7.14960312	      0.13983554	      0.80152441	     -7.54219770	      1.15549350	      1.21088578	 267106.98536499	      1.04897966	      0.94054117	      0.60251991	-469180.53889532	     -0.24410054	      0.00610588	      0.02305090	     -0.04359455	     -0.03999739	      0.14668437	     -0.07905409	      0.17938442	     -0.02996818
      2.91000000	   -351.44109272	-668715.58794568	-386808.92172117	     -3.34987588	    823.87586381	    834.83863096	 -55113.93670389	-133815.18715155	 707688.56406774	     29.38891183	     -5.13940211	      1.04383242	     86.18186786	     -3.57127559	      0.86148624	-315750.18717455	     -0.02520163	      5.46755509	     -0.02533709	     -7.14298805	      0.13966488	      0.80069605	     -7.55265154	      1.15589572	      1.21206966	 266724.11778827	      1.04799811	      0.93946446	      0.60402429	-468891.76532543	     -0.24429330	      0.00619026	      0.02303072	     -0.04352759	     -0.03978376	      0.14641553	     -0.07869956	      0.17966822	     -0.03010612
      2.91500000	    303.87007429	-667171.64517240	-386908.02560521	      0.66525433	    824.15301048	    833.69979614	 -54557.51579191	-133897.54246498	 706272.18683939	     29.44147551	     -5.16340147	      1.03227204	     86.24626825	     -3.52993982	      0.97816520	-315636.42663261	     -0.02518698	      5.45081114	     -0.02534594	     -7.14105821	      0.13768297	      0.79996197	     -7.56335063	      1.15505986	      1.21312857	 266708.40950433	      1.04692283	      0.93735501	      0.60453879	-468186.86863064	     -0.24440787	      0.00631576	      0.02303205	     -0.04344356	     -0.03956746	      0.14616644	     -0.07812101	      0.17993742	     -0.03008778
      2.92000000	    918.58193990	-665733.75409778	-386978.01109919	      4.59614267	    824.31706129	    832.34242985	 -53994.03762731	-133916.03773626	 704957.33876487	     29.48932107	     -5.19157839	      1.02133675	     86.31548175	     -3.48567981	      1.09169918	-315512.28665935	     -0.02517083	      5.43372687	     -0.02535166	     -7.14313459	      0.13375183	      0.79922675	     -7.57361468	      1.15319547	      1.21381022	 266656.66368453	      1.04581871	      0.93429132	      0.60427222	-467465.36832135	     -0.24444123	      0.00647378	      0.02304574	     -0.04334648	     -0.03936078	      0.14594052	     -0.07735781	      0.18015000	     -0.02996840
      2.92500000	    851.83139835	-664947.03754092	-387203.19285937	      7.56454477	    824.49320120	    831.23802364	 -54107.47544307	-133881.99657201	 704525.16588592	     29.53019155	     -5.22263269	      1.01187086	     86.38793996	     -3.43590744	      1.19951472	-315032.54360789	     -0.02515384	      5.41678356	     -0.02535449	     -7.14839624	      0.12784086	      0.79839307	     -7.58276265	      1.15057583	      1.21385827	 266176.50895765	      1.04475466	      0.93041489	      0.60352208	-467093.10524575	     -0.24439474	      0.00665369	      0.02306031	     -0.04324064	     -0.03917509	      0.14574019	     -0.07646168	      0.18026275	     -0.02981453
      2.93000000	    588.75974372	-664211.37916146	-387374.31026375	      9.95145405	    824.39148107	    829.91393908	 -54377.37436042	-133811.84793821	 704192.24587215	     29.56285120	     -5.25528871	      1.00443976	     86.46227503	     -3.37902696	      1.29804999	-314385.02512408	     -0.02513679	      5.40027367	     -0.02535479	     -7.15594709	      0.12005268	      0.79738034	     -7.59015571	      1.14752559	      1.21304735	 265518.14120535	      1.04379266	      0.92591581	      0.60263344	-466717.43645334	     -0.24427266	      0.00684403	      0.02306342	     -0.04313012	     -0.03901912	      0.14556711	     -0.07549114	      0.18023652	     -0.02969555
      2.93500000	    687.08962945	-662876.71700267	-387288.99816229	     12.26512756	    823.77342790	    827.81995026	 -54209.21109571	-133744.44577567	 703106.16833502	     29.58702981	     -5.28822542	      0.99930924	     86.53745800	     -3.31436919	      1.38369542	-313808.18610990	     -0.02512054	      5.38435229	     -0.02535307	     -7.16487145	      0.11062840	      0.79614010	     -7.59523404	      1.14437667	      1.21122805	 264991.03800107	      1.04297767	      0.92100829	      0.60192767	-465976.03307835	     -0.24408002	      0.00703429	      0.02304459	     -0.04301969	     -0.03889809	      0.14542264	     -0.07450491	      0.18004454	     -0.02967172
      2.94000000	    870.72565195	-661233.38839831	-387174.47428887	     14.18197653	    822.97416361	    825.01554426	 -53914.06633163	-133808.88570426	 701699.58028721	     29.60310634	     -5.31995083	      0.99647951	     86.61279110	     -3.24205518	      1.45357086	-313207.34162336	     -0.02510585	      5.36913150	     -0.02534996	     -7.17426777	      0.09994067	      0.79466455	     -7.59753691	      1.14141123	      1.20836289	 264496.88141469	      1.04233537	      0.91591634	      0.60164094	-465184.54957029	     -0.24382214	      0.00721624	      0.02299780	     -0.04291559	     -0.03881396	      0.14530849	     -0.07355799	      0.17967977	     -0.02978393
      2.94500000	    777.23333003	-659677.46388506	-387222.82262824	     15.30469513	    822.33702469	    821.81273344	 -53892.73563823	-134062.57487159	 700519.20126107	     29.61170769	     -5.34883560	      0.99573192	     86.68766035	     -3.16313833	      1.50569847	-312437.64750602	     -0.02509333	      5.35476117	     -0.02534601	     -7.18326770	      0.08848677	      0.79298687	     -7.59671336	      1.13882641	      1.20453510	 263863.99670537	      1.04187795	      0.91087254	      0.60190335	-464648.55367593	     -0.24350455	      0.00738386	      0.02292240	     -0.04282458	     -0.03876678	      0.14522704	     -0.07270091	      0.17915713	     -0.03005029
      2.95000000	    533.99498449	-658106.60129935	-387056.79579548	     15.71799925	    821.62624130	    818.90126899	 -53998.72989959	-134190.24413683	 699297.85465127	     29.61342086	     -5.37335590	      0.99670557	     86.76120629	     -3.07974054	      1.53895684	-311498.01575124	     -0.02508353	      5.34148528	     -0.02534159	     -7.19106310	      0.07686631	      0.79116503	     -7.59253925	      1.13673264	      1.19993502	 263046.11756755	      1.04160685	      0.90611027	      0.60274399	-463967.21212949	     -0.24313133	      0.00753282	      0.02282242	     -0.04275212	     -0.03875557	      0.14517903	     -0.07197893	      0.17851070	     -0.03046763
      2.95500000	    304.18924448	-656385.33054236	-386375.27022265	     15.56187031	    820.57858878	    816.76276172	 -54051.56075099	-133956.50033645	 697751.48293402	     29.60875411	     -5.39237806	      0.99898960	     86.83230092	     -2.99463936	      1.55332905	-310424.50673183	     -0.02507697	      5.32964329	     -0.02533691	     -7.19694738	      0.06573626	      0.78925815	     -7.58493308	      1.13516312	      1.19483623	 262051.36834556	      1.04151071	      0.90184257	      0.60409942	-462803.63658746	     -0.24270429	      0.00765968	      0.02270603	     -0.04270144	     -0.03877822	      0.14515977	     -0.07142933	      0.17778920	     -0.03101418
      2.96000000	   -103.78824420	-654714.29097427	-385728.68004845	     14.67960731	    819.38689433	    814.68573173	 -54289.31595184	-133811.15302168	 696312.85116140	     29.59825273	     -5.40523580	      1.00217853	     86.89971059	     -2.91052010	      1.55022572	-309236.42700211	     -0.02507404	      5.31959250	     -0.02533208	     -7.20036221	      0.05576904	      0.78731213	     -7.57395677	      1.13407694	      1.18955905	 260959.81498137	      1.04156839	      0.89824709	      0.60583254	-461760.18374223	     -0.24222611	      0.00776038	      0.02258507	     -0.04267339	     -0.03883140	      0.14515663	     -0.07107915	      0.17704997	     -0.03165402
      2.96500000	   -815.50260923	-653334.20690293	-385646.60043001	     13.03154656	    818.31643811	    812.02046428	 -54883.68241493	-134166.53806047	 695417.54614893	     29.58255468	     -5.41152301	      1.00590009	     86.96193797	     -2.82963336	      1.53226242	-308020.95651817	     -0.02507479	      5.31161863	     -0.02532711	     -7.20094114	      0.04762929	      0.78535208	     -7.55981187	      1.13337084	      1.18442500	 259907.09798323	      1.04175752	      0.89546514	      0.60776992	-461410.99526398	     -0.24170507	      0.00783012	      0.02247260	     -0.04266669	     -0.03891112	      0.14514841	     -0.07094546	      0.17635100	     -0.03234422
      2.97000000	  -1329.30858604	-652318.46996285	-385722.33195966	     11.27197421	    817.47082780	    809.57101337	 -55316.34448093	-134602.23707591	 694796.24916771	     29.56227995	     -5.41081104	      1.00985012	     87.01703639	     -2.75410682	      1.50223488	-307164.92437963	     -0.02507890	      5.30591544	     -0.02532193	     -7.19853809	      0.04194667	      0.78339268	     -7.54284533	      1.13289874	      1.17972395	 259191.39166562	      1.04206197	      0.89359371	      0.60973014	-461280.87801879	     -0.24115663	      0.00786543	      0.02237973	     -0.04267866	     -0.03901361	      0.14510957	     -0.07103506	      0.17574370	     -0.03303974
      2.97500000	  -1199.82071705	-651655.85061253	-385474.89807742	      9.97475910	    816.83614419	    808.23438823	 -55115.55763267	-134657.12781216	 694103.82832649	     29.53784655	     -5.40256967	      1.01381189	     87.06296452	     -2.68651079	      1.46178511	-306958.28693591	     -0.02508570	      5.30260755	     -0.02531636	     -7.19323700	      0.03926704	      0.78148084	     -7.52355431	      1.13248007	      1.17570193	 259016.84006548	      1.04247492	      0.89266275	      0.61152262	-460818.46293601	     -0.24060178	      0.00786603	      0.02231515	     -0.04270652	     -0.03913610	      0.14502139	     -0.07134154	      0.17526925	     -0.03369281
      2.98000000	   -846.96919467	-651160.75875741	-385039.11194448	      8.68207304	    816.10554808	    807.84216933	 -54700.65500388	-134522.00588016	 693390.73014070	     29.50936241	     -5.38630472	      1.01763314	     87.09813427	     -2.62990641	      1.41089836	-306987.76471960	     -0.02509430	      5.30175272	     -0.02531004	     -7.18535378	      0.04000218	      0.77973691	     -7.50256496	      1.13190823	      1.17255449	 259030.02635763	      1.04299669	      0.89262327	      0.61294579	-460198.66226692	     -0.24006427	      0.00783409	      0.02228661	     -0.04274842	     -0.03927694	      0.14488194	     -0.07184294	      0.17495718	     -0.03425285
      2.98500000	   -754.13587060	-650731.26619929	-384716.56016294	      6.88066593	    815.05484695	    808.01451812	 -54567.30789702	-134515.16304172	 692861.01547362	     29.47667786	     -5.36173136	      1.02118548	     87.12160060	     -2.58697654	      1.34879628	-306848.15624562	     -0.02510378	      5.30333198	     -0.02530241	     -7.17543160	      0.04439719	      0.77835286	     -7.48058220	      1.13097189	      1.17041419	 258899.60578532	      1.04362869	      0.89336113	      0.61380803	-459781.31863979	     -0.23956684	      0.00777183	      0.02230207	     -0.04280343	     -0.03943513	      0.14470637	     -0.07250346	      0.17482482	     -0.03467197
      2.99000000	   -795.19538102	-650783.42788747	-384871.35360586	      4.88373919	    814.09294894	    808.60165582	 -54629.65524776	-134822.62196108	 692949.56225601	     29.43964895	     -5.32892187	      1.02434055	     87.13290195	     -2.55894950	      1.27530464	-306873.88121856	     -0.02511335	      5.30725632	     -0.02529295	     -7.16421363	      0.05251025	      0.77755318	     -7.45834040	      1.12948220	      1.16933400	 258945.08506409	      1.04436453	      0.89472160	      0.61395640	-459952.60469985	     -0.23912660	      0.00767965	      0.02236909	     -0.04287070	     -0.03960906	      0.14452001	     -0.07327775	      0.17487599	     -0.03491240
      2.99500000	   -740.73728167	-651526.40205702	-385654.18982684	      3.10622149	    813.61922715	    809.40223541	 -54675.74319323	-135500.87517444	 693799.99104756	     29.39849887	     -5.28842620	      1.02696399	     87.13185696	     -2.54517198	      1.19151889	-307374.14962287	     -0.02512248	      5.31337107	     -0.02528148	     -7.15258103	      0.06419196	      0.77754572	     -7.43657813	      1.12730521	      1.16927340	 259459.14203267	      1.04518072	      0.89652850	      0.61329792	-460845.34614289	     -0.23875177	      0.00755634	      0.02249267	     -0.04294813	     -0.03979501	      0.14435070	     -0.07411541	      0.17509845	     -0.03495172
      3.00000000	   -561.49388834	-651804.82368568	-386284.22956869	      1.55840078	    813.36872390	    809.78756276	 -54573.64369134	-136210.14053386	 694140.28606827	     29.35396962	     -5.24127613	      1.02890643	     87.11857610	     -2.54343880	      1.09947779	-307804.85088259	     -0.02513092	      5.32144432	     -0.02526826	     -7.14146763	      0.07905801	      0.77848614	     -7.41603194	      1.12439139	      1.17010254	 259964.32339122	      1.04603628	      0.89858965	      0.61181109	-461536.62584297	     -0.23844169	      0.00740164	      0.02267274	     -0.04303245	     -0.03998685	      0.14422492	     -0.07496392	      0.17546337	     -0.03478456
      3.00500000	   -293.39341454	-650769.07859414	-386113.00610894	      0.14425581	    813.00835175	    809.44826325	 -54278.70146048	-136628.84292728	 693033.44760988	     29.30717123	     -5.18888749	      1.02999525	     87.09353388	     -2.55093725	      1.00111754	-307696.56569761	     -0.02513856	      5.33116664	     -0.02525390	     -7.13177794	      0.09646477	      0.78046984	     -7.39743277	      1.12078872	      1.17163515	 260028.39349792	      1.04688072	      0.90068271	      0.60954754	-461281.79504550	     -0.23818854	      0.00722067	      0.02290250	     -0.04312109	     -0.04017708	      0.14416911	     -0.07576807	      0.17592986	     -0.03442076
      3.01000000	    -24.62357051	-650161.84791647	-385961.86396502	     -1.23484388	    812.60298137	    809.78588114	 -54009.12136982	-136916.69315982	 692300.34448716	     29.25938852	     -5.13302009	      1.03005336	     87.05737404	     -2.56524339	      0.89733991	-307744.50793506	     -0.02514526	      5.34217165	     -0.02523916	     -7.12432064	      0.11551866	      0.78353512	     -7.38149149	      1.11664375	      1.17367119	 260183.80482782	      1.04765847	      0.90253591	      0.60663149	-461115.01255652	     -0.23797833	      0.00702812	      0.02316786	     -0.04321296	     -0.04035766	      0.14421116	     -0.07646801	      0.17645206	     -0.03388296
      3.01500000	    158.09556094	-651576.97746665	-386660.83588529	     -2.65155123	    812.29081098	    811.97850745	 -53975.18644658	-137296.28158364	 693634.99548677	     29.21197385	     -5.07579044	      1.02894158	     87.01063964	     -2.58438762	      0.78832763	-308596.77118166	     -0.02515098	      5.35404463	     -0.02522486	     -7.11975574	      0.13515346	      0.78765507	     -7.36886707	      1.11219059	      1.17601960	 260943.11905810	      1.04831437	      0.90384010	      0.60325773	-462061.84246547	     -0.23779334	      0.00684704	      0.02344885	     -0.04330713	     -0.04052081	      0.14437600	     -0.07700185	      0.17698444	     -0.03320597
      3.02000000	    220.07253166	-653430.08483277	-387608.65881043	     -4.04304223	    812.11375228	    814.61612218	 -54097.64439323	-137748.61593310	 695479.57888937	     29.16618873	     -5.01954155	      1.02660268	     86.95384434	     -2.60603318	      0.67502705	-309544.63941408	     -0.02515580	      5.36631331	     -0.02521169	     -7.11855348	      0.15426327	      0.79272436	     -7.36012235	      1.10772300	      1.17850692	 261768.41700385	      1.04881032	      0.90430262	      0.59967611	-463335.29055618	     -0.23761826	      0.00670127	      0.02372386	     -0.04340173	     -0.04066073	      0.14467750	     -0.07731439	      0.17748621	     -0.03243554
      3.02500000	    153.64039341	-653977.18704144	-388077.23615051	     -5.35067238	    812.04319928	    816.13332563	 -54254.68315036	-138189.31788173	 696085.12472695	     29.12301147	     -4.96654334	      1.02309650	     86.88777397	     -2.62708034	      0.56012636	-309820.58990454	     -0.02515981	      5.37845745	     -0.02520000	     -7.12095502	      0.17181999	      0.79855569	     -7.35568062	      1.10356235	      1.18098907	 262068.67356238	      1.04913936	      0.90370569	      0.59616254	-463998.12895234	     -0.23744581	      0.00660863	      0.02397362	     -0.04349411	     -0.04077536	      0.14511369	     -0.07736656	      0.17792531	     -0.03162444
      3.03000000	     10.30603017	-654042.67224456	-388260.39946318	     -6.65523549	    811.86811557	    816.93140288	 -54444.14186298	-138509.86474214	 696211.99370195	     29.08312231	     -4.91875853	      1.01860610	     86.81362364	     -2.64440320	      0.44739007	-309793.12601626	     -0.02516314	      5.38995477	     -0.02518987	     -7.12693343	      0.18692823	      0.80488871	     -7.35579176	      1.10003064	      1.18335385	 262101.43977831	      1.04932048	      0.90193633	      0.59299210	-464330.79741152	     -0.23727711	      0.00657981	      0.02418194	     -0.04358128	     -0.04086571	      0.14566826	     -0.07714101	      0.17827865	     -0.03082746
      3.03500000	   -137.33527948	-654686.00612215	-388486.20123321	     -7.98357661	    811.45517155	    817.72109065	 -54662.42143383	-138647.95087951	 696860.60027860	     29.04708746	     -4.87781943	      1.01340318	     86.73294169	     -2.65586805	      0.34030118	-309960.36773693	     -0.02516588	      5.40034474	     -0.02518130	     -7.13618173	      0.19885054	      0.81141051	     -7.36051184	      1.09741662	      1.18550597	 262235.82161503	      1.04938269	      0.89899253	      0.59041921	-464773.03039645	     -0.23711870	      0.00661995	      0.02433478	     -0.04366023	     -0.04093396	      0.14631488	     -0.07664347	      0.17852865	     -0.03009692
      3.04000000	   -190.82057485	-655331.28865574	-388700.61018627	     -9.00792029	    811.16095411	    818.48516985	 -54777.72424424	-138748.52498415	 697476.99658434	     29.01552337	     -4.84508018	      1.00780357	     86.64761691	     -2.66070267	      0.24143153	-310199.71885818	     -0.02516807	      5.40927759	     -0.02517436	     -7.14814644	      0.20704384	      0.81778367	     -7.36969731	      1.09592867	      1.18735649	 262435.82680521	      1.04935392	      0.89497555	      0.58865456	-465181.22720705	     -0.23698004	      0.00672920	      0.02442080	     -0.04372833	     -0.04098194	      0.14702073	     -0.07590088	      0.17866190	     -0.02947811
      3.04500000	    -51.71989031	-655245.85609729	-388788.76090544	     -9.42613557	    811.27330565	    819.03689697	 -54647.05861864	-138953.88128245	 697350.89134877	     28.98911215	     -4.82159009	      1.00214374	     86.55990625	     -2.65941615	      0.15254237	-310321.53999962	     -0.02516969	      5.41652380	     -0.02516925	     -7.16209006	      0.21119620	      0.82367359	     -7.38301064	      1.09565326	      1.18883308	 262615.20327114	      1.04925789	      0.89006918	      0.58783931	-465332.38282058	     -0.23687173	      0.00690273	      0.02443332	     -0.04378370	     -0.04101087	      0.14774841	     -0.07495671	      0.17867206	     -0.02900439
      3.05000000	    353.22257412	-654711.02679644	-388773.10824978	     -9.39781191	    811.30705675	    819.23580741	 -54210.96273901	-139186.08046684	 696705.83649328	     28.96853916	     -4.80801292	      0.99676437	     86.47232823	     -2.65366077	      0.07483689	-310491.49898581	     -0.02517069	      5.42195581	     -0.02516623	     -7.17716096	      0.21124595	      0.82876961	     -7.39993132	      1.09653862	      1.18989557	 262893.50673087	      1.04911551	      0.88451549	      0.58803077	-465269.72197430	     -0.23680378	      0.00713119	      0.02437156	     -0.04382554	     -0.04102177	      0.14845727	     -0.07386564	      0.17856318	     -0.02869454
      3.05500000	    998.40452373	-654114.02006455	-388660.97443790	     -9.17823934	    810.82915479	    818.95286135	 -53513.68306099	-139318.99965161	 695890.60262252	     28.95442765	     -4.80456343	      0.99197792	     86.38755003	     -2.64583572	      0.00929782	-310819.46599611	     -0.02517103	      5.42553454	     -0.02516557	     -7.19246132	      0.20738593	      0.83280299	     -7.41976722	      1.09840155	      1.19053799	 263315.91693214	      1.04894803	      0.87859798	      0.58920261	-465051.47906116	     -0.23678469	      0.00740139	      0.02424059	     -0.04385432	     -0.04101594	      0.14910503	     -0.07268930	      0.17834994	     -0.02855286
      3.06000000	   1488.46059785	-653249.32527000	-388259.85863978	     -8.93946009	    810.38242707	    818.04929686	 -52928.88948083	-139250.53680090	 694818.13146186	     28.94725630	     -4.81099495	      0.98803863	     86.30847714	     -2.63837667	     -0.04295799	-310834.86697287	     -0.02517070	      5.42731706	     -0.02516749	     -7.20710540	      0.20004533	      0.83556467	     -7.44166729	      1.10095269	      1.19078082	 263421.74804469	      1.04877791	      0.87263064	      0.59125340	-464524.62429389	     -0.23682135	      0.00769689	      0.02405068	     -0.04387139	     -0.04099515	      0.14965066	     -0.07149323	      0.17805554	     -0.02857083
      3.06500000	   1491.57293937	-651937.99617891	-387462.38813253	     -8.77406224	    810.52431314	    816.57899990	 -52773.15315749	-138948.91518645	 693427.47757372	     28.94723011	     -4.82666393	      0.98514358	     86.23835005	     -2.63312687	     -0.08053236	-310152.75339930	     -0.02516978	      5.42748358	     -0.02517205	     -7.22026788	      0.18984164	      0.83691716	     -7.46464688	      1.10384145	      1.19066256	 262844.41479483	      1.04862652	      0.86694568	      0.59402216	-463613.38749924	     -0.23691840	      0.00799889	      0.02381630	     -0.04387833	     -0.04096164	      0.15005799	     -0.07034428	      0.17770868	     -0.02873005
      3.07000000	   1301.27438889	-650700.19077635	-386705.62526785	     -8.53757284	    810.89229208	    815.35913724	 -52803.22615524	-138642.29343127	 692200.10652196	     28.95415541	     -4.85063912	      0.98344915	     86.18062166	     -2.63098731	     -0.10169661	-309312.51867307	     -0.02516844	      5.42635121	     -0.02517911	     -7.23123188	      0.17752784	      0.83679982	     -7.48763394	      1.10670639	      1.19023094	 262101.61231474	      1.04851205	      0.86187435	      0.59730607	-462766.93223669	     -0.23707698	      0.00828712	      0.02355474	     -0.04387603	     -0.04091810	      0.15029803	     -0.06930705	      0.17734000	     -0.02900555
      3.07500000	   1281.08625263	-650141.74765289	-386466.33353651	     -8.05351768	    811.05722208	    815.13941059	 -52712.43610747	-138565.65268525	 691677.55714672	     28.96741584	     -4.88177660	      0.98307422	     86.13868085	     -2.63180229	     -0.10438991	-308954.99017376	     -0.02516695	      5.42433096	     -0.02518834	     -7.23943694	      0.16395414	      0.83523615	     -7.50952902	      1.10921425	      1.18953457	 261803.47355813	      1.04845016	      0.85772226	      0.60087613	-462474.03398622	     -0.23729429	      0.00854086	      0.02328476	     -0.04386424	     -0.04086790	      0.15035086	     -0.06843921	      0.17697870	     -0.02936853
      3.08000000	   1452.21714946	-650514.13042172	-386845.62998743	     -7.23427574	    811.24898394	    815.62611917	 -52497.93590079	-138729.37378929	 692102.83795817	     28.98605701	     -4.91875057	      0.98408929	     86.11550803	     -2.63463008	     -0.08663190	-309207.85613015	     -0.02516558	      5.42183442	     -0.02519920	     -7.24451195	      0.15002662	      0.83234540	     -7.52926706	      1.11109327	      1.18861824	 262051.67260011	      1.04845470	      0.85475053	      0.60449639	-462863.88512957	     -0.23756396	      0.00874054	      0.02302474	     -0.04384186	     -0.04081501	      0.15020915	     -0.06778752	      0.17664968	     -0.02978883
      3.08500000	   1746.48784405	-651742.16706094	-387705.45822440	     -6.07700612	    811.73740572	    816.27875160	 -52216.95769609	-139033.52099869	 693390.98459959	     29.00895253	     -4.96010428	      0.98649494	     86.11333349	     -2.63844246	     -0.04737413	-309953.79412721	     -0.02516453	      5.41917773	     -0.02521102	     -7.24628415	      0.13664599	      0.82834627	     -7.54587732	      1.11216817	      1.18752353	 262720.71614579	      1.04853504	      0.85316835	      0.60794924	-463803.18270060	     -0.23787653	      0.00886945	      0.02279077	     -0.04380753	     -0.04076344	      0.14988205	     -0.06738634	      0.17637140	     -0.03023760
      3.09000000	   2076.87706850	-652787.30004989	-388316.40779616	     -4.82016474	    812.30031176	    816.60530083	 -51865.48884646	-139155.99910048	 694432.07873305	     29.03507000	     -5.00436669	      0.99019643	     86.13334136	     -2.64279093	      0.01281617	-310599.19959090	     -0.02516392	      5.41651290	     -0.02522321	     -7.24476868	      0.12462273	      0.82352870	     -7.55854598	      1.11238182	      1.18628391	 263275.73383023	      1.04869028	      0.85312762	      0.61106422	-464457.19138160	     -0.23822051	      0.00891555	      0.02259459	     -0.04376029	     -0.04071599	      0.14939423	     -0.06725735	      0.17615377	     -0.03069101
      3.09500000	   2336.13184613	-652891.89908522	-388189.53907001	     -3.69364608	    812.74185461	    816.41644747	 -51488.02512899	-138904.30304694	 694447.10743323	     29.06373584	     -5.05019407	      0.99500296	     86.17542888	     -2.64797375	      0.09162296	-310682.55342807	     -0.02516381	      5.41379450	     -0.02523535	     -7.24014492	      0.11457533	      0.81819090	     -7.56668207	      1.11179049	      1.18491050	 263306.09254479	      1.04890583	      0.85471287	      0.61374722	-464267.14115592	     -0.23858456	      0.00887307	      0.02244198	     -0.04369984	     -0.04067318	      0.14877844	     -0.06740974	      0.17599602	     -0.03113477
      3.10000000	   2359.14972876	-653393.55924612	-388391.79648289	     -2.67463673	    813.47101754	    816.68096508	 -51377.03645907	-138823.98050436	 695014.10461077	     29.09468167	     -5.09644554	      1.00066718	     86.23824119	     -2.65466819	      0.18538898	-310749.48846717	     -0.02516414	      5.41079751	     -0.02524727	     -7.23273186	      0.10686247	      0.81258926	     -7.56997355	      1.11055324	      1.18339902	 263308.71165595	      1.04915748	      0.85793540	      0.61599404	-464481.68465498	     -0.23895982	      0.00874289	      0.02233289	     -0.04362681	     -0.04063347	      0.14806876	     -0.06784078	      0.17588906	     -0.03156604
      3.10500000	   2054.10743349	-655462.25352807	-389835.54896448	     -1.67317478	    814.81354549	    818.18072385	 -51734.17537307	-139371.19203420	 697486.12590329	     29.12784707	     -5.14216534	      1.00693766	     86.31962396	     -2.66316660	      0.29015567	-311319.17461513	     -0.02516471	      5.40720857	     -0.02525888	     -7.22297866	      0.10160171	      0.80694046	     -7.56841677	      1.10893188	      1.18177208	 263755.82988402	      1.04941986	      0.86273999	      0.61787089	-466163.97911025	     -0.23934111	      0.00853090	      0.02226387	     -0.04354277	     -0.04059442	      0.14729961	     -0.06853650	      0.17582373	     -0.03198986
      3.11000000	   1680.87695229	-657494.18716837	-391259.03081404	     -0.59815476	    816.16326503	    819.79684948	 -52152.99776768	-139913.50819035	 699949.50858621	     29.16316160	     -5.18654497	      1.01358900	     86.41717177	     -2.67264502	      0.40287233	-311802.60227393	     -0.02516523	      5.40276883	     -0.02527016	     -7.21146241	      0.09873710	      0.80144651	     -7.56231581	      1.10727942	      1.18011471	 264120.11375735	      1.04967014	      0.86901373	      0.61947461	-467828.66535529	     -0.23972664	      0.00824578	      0.02223104	     -0.04345016	     -0.04055344	      0.14650661	     -0.06947178	      0.17579796	     -0.03241299
      3.11500000	   1537.48117699	-657886.29415953	-391386.72285999	      0.67273963	    816.95459245	    820.36017840	 -52189.65226959	-139805.82296535	 700470.95105083	     29.20044593	     -5.22893437	      1.02041880	     86.52854083	     -2.68114088	      0.52170442	-311644.84858934	     -0.02516532	      5.39738326	     -0.02528117	     -7.19886600	      0.09807379	      0.79629669	     -7.55226223	      1.10600314	      1.17857030	 263905.53564217	      1.04988364	      0.87658110	      0.62090120	-467971.87924189	     -0.24011586	      0.00789854	      0.02223113	     -0.04335200	     -0.04050753	      0.14572510	     -0.07060987	      0.17581710	     -0.03283991
      3.12000000	   1720.51005181	-657832.85109933	-391098.35050475	      2.39948879	    817.71755981	    820.39668234	 -51857.62143065	-139462.64777459	 700339.94123998	     29.23936720	     -5.26887626	      1.02722216	     86.65157372	     -2.68617649	      0.64552048	-311537.93128243	     -0.02516456	      5.39113504	     -0.02529199	     -7.18593647	      0.09927604	      0.79164621	     -7.53910125	      1.10551251	      1.17731613	 263744.83923858	      1.05002909	      0.88518789	      0.62222814	-467599.09495429	     -0.24050651	      0.00750317	      0.02226113	     -0.04325168	     -0.04045301	      0.14498652	     -0.07190171	      0.17589081	     -0.03327070
      3.12500000	   2171.37459578	-658682.33440429	-391439.76029817	      4.68086459	    819.04678119	    820.63878449	 -51341.14195358	-139403.15107134	 701096.19432024	     29.27940996	     -5.30607823	      1.03376467	     86.78433514	     -2.68532116	      0.77350743	-312121.32626031	     -0.02516251	      5.38423289	     -0.02530271	     -7.17344783	      0.10188318	      0.78760301	     -7.52388352	      1.10615921	      1.17654503	 264221.82892711	      1.05007299	      0.89449277	      0.62349852	-467923.23145751	     -0.24089375	      0.00707665	      0.02231856	     -0.04315269	     -0.04038619	      0.14431550	     -0.07328563	      0.17603173	     -0.03369910
      3.13000000	   2411.73887454	-659596.88546334	-391951.82950667	      6.85176670	    820.69944468	    820.95251102	 -51054.89741818	-139497.52168912	 702044.22704461	     29.31987562	     -5.34026421	      1.03977637	     86.92493340	     -2.67662122	      0.90477774	-312579.67819282	     -0.02515884	      5.37695689	     -0.02531324	     -7.16217273	      0.10535995	      0.78423344	     -7.50780067	      1.10818813	      1.17644804	 264597.15276965	      1.04999066	      0.90408433	      0.62471054	-468464.35993015	     -0.24127216	      0.00663820	      0.02240178	     -0.04305822	     -0.04030462	      0.14372978	     -0.07469039	      0.17625387	     -0.03411084
      3.13500000	   2046.30130986	-659607.43606127	-392034.67475133	      8.31089944	    822.27124609	    821.05050181	 -51316.77732984	-139528.40858035	 702294.67456711	     29.35987230	     -5.37096146	      1.04497100	     87.07107639	     -2.65928419	      1.03742495	-312097.85631344	     -0.02515337	      5.36964233	     -0.02532337	     -7.15285389	      0.10915387	      0.78157147	     -7.49210157	      1.11171919	      1.17718364	 264129.55562758	      1.04977392	      0.91351883	      0.62581970	-468574.10559415	     -0.24163734	      0.00620843	      0.02250885	     -0.04297076	     -0.04020789	      0.14324191	     -0.07604187	      0.17656736	     -0.03448433
      3.14000000	   1437.49175659	-659415.84370638	-392035.41466061	      9.47830104	    823.54777467	    820.90061421	 -51819.01346044	-139576.38132134	 702429.29338983	     29.39829322	     -5.39738832	      1.04906909	     87.21966722	     -2.63439718	      1.16758254	-311321.54997270	     -0.02514618	      5.36267990	     -0.02533276	     -7.14617613	      0.11273767	      0.77963016	     -7.47799262	      1.11673803	      1.17884327	 263397.26980113	      1.04942889	      0.92235464	      0.62674530	-468628.83261025	     -0.24198422	      0.00580882	      0.02263621	     -0.04289204	     -0.04009760	      0.14286209	     -0.07726950	      0.17697234	     -0.03479279
      3.14500000	   1039.02643777	-659774.25849968	-392303.25442924	     10.87457386	    824.42965517	    820.55113462	 -52164.00613413	-139705.23573867	 703039.33248806	     29.43379311	     -5.41852396	      1.05181797	     87.36678106	     -2.60494543	      1.28957317	-310995.74910722	     -0.02513757	      5.35647474	     -0.02534096	     -7.14273807	      0.11563490	      0.77841830	     -7.46653657	      1.12306910	      1.18143405	 263068.15666524	      1.04897092	      0.93017628	      0.62737414	-468999.27405371	     -0.24230339	      0.00546061	      0.02277918	     -0.04282336	     -0.03997728	      0.14260112	     -0.07830957	      0.17745828	     -0.03500640
      3.15000000	    919.23218155	-659963.31657619	-392249.36104031	     12.42864226	    825.09087363	    820.12861174	 -52216.86227732	-139614.74895275	 703275.86324899	     29.46475652	     -5.43326678	      1.05303143	     87.50798360	     -2.57477665	      1.39743350	-310811.26574929	     -0.02512800	      5.35136744	     -0.02534732	     -7.14301790	      0.11744436	      0.77794528	     -7.45856716	      1.13035402	      1.18488414	 262858.65479406	      1.04842641	      0.93661815	      0.62756803	-469006.84956668	     -0.24258025	      0.00518259	      0.02293385	     -0.04276607	     -0.03985286	      0.14246983	     -0.07910776	      0.17800851	     -0.03509553
      3.15500000	    989.02538823	-659245.87589380	-391365.79274161	     13.87762675	    825.68604265	    819.75643452	 -52003.44114330	-139089.39995514	 702362.60627017	     29.48937428	     -5.44059678	      1.05264183	     87.63857890	     -2.54728733	      1.48658548	-310328.65738996	     -0.02511798	      5.34757927	     -0.02535100	     -7.14733572	      0.11787410	      0.77820738	     -7.45463870	      1.13807640	      1.18905754	 262373.81507037	      1.04783609	      0.94138742	      0.62718327	-468075.07994858	     -0.24279781	      0.00498900	      0.02309785	     -0.04272174	     -0.03973288	      0.14247425	     -0.07962201	      0.17860467	     -0.03503508
      3.16000000	    920.47539936	-658276.33224612	-390401.80836303	     14.81092395	    826.02126188	    819.47901638	 -51923.51397528	-138615.41319190	 701243.70489323	     29.50592732	     -5.43976697	      1.05072551	     87.75347546	     -2.52511242	      1.55410512	-309639.89253255	     -0.02510805	      5.34522387	     -0.02535121	     -7.15582085	      0.11677291	      0.77917562	     -7.45501725	      1.14562736	      1.19375937	 261723.83119547	      1.04724662	      0.94428034	      0.62610121	-467079.49649095	     -0.24293878	      0.00488905	      0.02326885	     -0.04269201	     -0.03962680	      0.14261230	     -0.07982533	      0.17922608	     -0.03480935
      3.16500000	    506.69522436	-657842.55111781	-390158.03050642	     14.97403030	    825.93537059	    819.32163414	 -52264.15148471	-138678.88591231	 700949.52186006	     29.51311765	     -5.43050186	      1.04749743	     87.84696293	     -2.51086932	      1.59776624	-309001.62569544	     -0.02509874	      5.34438469	     -0.02534756	     -7.16839227	      0.11413824	      0.78079902	     -7.45969616	      1.15236719	      1.19873013	 261167.31372919	      1.04669401	      0.94519184	      0.62425812	-466943.83098810	     -0.24298523	      0.00488744	      0.02344234	     -0.04267822	     -0.03954245	      0.14287537	     -0.07970773	      0.17984589	     -0.03441593
      3.17000000	    259.66391160	-657866.08687313	-390382.37940759	     14.87810453	    825.74520758	    819.32652089	 -52493.53833327	-139065.46086096	 701128.38062060	     29.51019454	     -5.41307450	      1.04330218	     87.91289761	     -2.50774820	      1.61527751	-308795.31216595	     -0.02509067	      5.34519500	     -0.02534019	     -7.18475351	      0.11009654	      0.78301645	     -7.46841635	      1.15766648	      1.20365129	 261049.94392544	      1.04619530	      0.94411565	      0.62166153	-467331.78903360	     -0.24291860	      0.00498484	      0.02361099	     -0.04268099	     -0.03948473	      0.14325224	     -0.07927642	      0.18043022	     -0.03386735
      3.17500000	    649.43234508	-658043.59516677	-390597.68602409	     14.98707681	    825.74009741	    819.49877679	 -52098.42257531	-139426.89549413	 701174.96316558	     29.49683169	     -5.38822411	      1.03860813	     87.94526869	     -2.51918541	      1.60446281	-309238.90373718	     -0.02508441	      5.34783598	     -0.02532965	     -7.20439634	      0.10487483	      0.78576355	     -7.48068833	      1.16094574	      1.20817567	 261555.50535546	      1.04575562	      0.94113647	      0.61839122	-467662.54139785	     -0.24272215	      0.00517786	      0.02376579	     -0.04269984	     -0.03945641	      0.14373131	     -0.07855432	      0.18094233	     -0.03319024
      3.18000000	   1254.14532256	-658038.16870652	-390474.51234406	     14.80060903	    825.61418157	    819.69044605	 -51464.26676424	-139578.03364684	 700850.32300116	     29.47292509	     -5.35702174	      1.03398199	     87.93881164	     -2.54793413	      1.56408222	-309764.95554737	     -0.02508045	      5.35245929	     -0.02531661	     -7.22661030	      0.09877858	      0.78896916	     -7.49582352	      1.16171910	      1.21196976	 262126.66839574	      1.04538156	      0.93642147	      0.61459196	-467634.33784528	     -0.24238463	      0.00545858	      0.02389801	     -0.04273327	     -0.03945990	      0.14429967	     -0.07757824	      0.18134914	     -0.03242303
      3.18500000	   1569.60525134	-657680.02243306	-389897.39591890	     13.74526540	    825.04609021	    819.80185797	 -51078.62687247	-139475.95744835	 700164.50955682	     29.43849647	     -5.32075563	      1.03002979	     87.88955170	     -2.59518130	      1.49459135	-309834.41617247	     -0.02507908	      5.35911460	     -0.02530163	     -7.25049998	      0.09215988	      0.79254455	     -7.51298171	      1.15962899	      1.21474790	 262242.13693573	      1.04508842	      0.93021058	      0.61046053	-467189.07836852	     -0.24190310	      0.00581419	      0.02400081	     -0.04277950	     -0.03949804	      0.14494109	     -0.07639687	      0.18162604	     -0.03161262
      3.19000000	   1661.18170229	-657509.58522228	-389460.17772973	     11.88538776	    824.23835478	    820.07565435	 -50932.08015807	-139487.76872493	 699760.31644561	     29.39373169	     -5.28082678	      1.02732236	     87.79527588	     -2.66018521	      1.39829131	-309817.90052068	     -0.02508040	      5.36773154	     -0.02528506	     -7.27501135	      0.08536520	      0.79637298	     -7.53123175	      1.15446386	      1.21629091	 262276.71662108	      1.04489773	      0.92280411	      0.60622868	-466969.10266381	     -0.24128419	      0.00622767	      0.02406986	     -0.04283698	     -0.03957361	      0.14563528	     -0.07506841	      0.18175863	     -0.03081016
      3.19500000	   1723.01034507	-658082.23897993	-389684.02100426	      9.43979891	    823.39799667	    820.78867531	 -50883.38414278	-139904.26517565	 700219.26392547	     29.33904582	     -5.23864397	      1.02632893	     87.65583667	     -2.74060296	      1.27881960	-310191.26919322	     -0.02508435	      5.37814646	     -0.02526706	     -7.29896834	      0.07869420	      0.80030890	     -7.54961045	      1.14616309	      1.21645436	 262693.73955857	      1.04483027	      0.91455061	      0.60214690	-467526.35439109	     -0.24054405	      0.00667905	      0.02410322	     -0.04290461	     -0.03968837	      0.14635920	     -0.07365852	      0.18174253	     -0.03006701
      3.20000000	   1891.60592082	-659308.77372623	-390081.13191648	      6.54022122	    822.20578733	    821.99342191	 -50763.38668545	-140289.69427374	 701250.13803716	     29.27512814	     -5.19554022	      1.02736472	     87.47320867	     -2.83316214	      1.14039676	-310939.95398866	     -0.02509078	      5.39012806	     -0.02524764	     -7.32111887	      0.07239630	      0.80419073	     -7.56716680	      1.13482187	      1.21517553	 263409.68134014	      1.04490109	      0.90583175	      0.59846956	-468342.78725638	     -0.23970708	      0.00714699	      0.02410091	     -0.04298154	     -0.03984237	      0.14708942	     -0.07223759	      0.18158291	     -0.02943115
      3.20500000	   2198.69804592	-660821.47761030	-390076.65828126	      3.26069168	    820.42335506	    823.47018969	 -50490.54867826	-140221.13380066	 702332.87358870	     29.20302892	     -5.15273459	      1.03055719	     87.25127010	     -2.93415116	      0.98727167	-311840.69406835	     -0.02509941	      5.40336596	     -0.02522668	     -7.34018644	      0.06668349	      0.80785872	     -7.58299645	      1.12069985	      1.21248108	 264166.26851743	      1.04511709	      0.89704148	      0.59543749	-468794.14446969	     -0.23880349	      0.00761030	      0.02406430	     -0.04306692	     -0.04003365	      0.14780441	     -0.07087699	      0.18129394	     -0.02894365
      3.21000000	   2314.54353951	-661789.56093246	-389766.87724930	     -0.52932483	    818.64122700	    824.11519100	 -50360.98092695	-140067.86429033	 702908.89326752	     29.12428262	     -5.11133754	      1.03583464	     86.99528086	     -3.03960311	      0.82356159	-312330.00991042	     -0.02510989	      5.41745315	     -0.02520416	     -7.35492502	      0.06173507	      0.81116316	     -7.59628352	      1.10421805	      1.20848732	 264559.93989018	      1.04547298	      0.88856725	      0.59325774	-468915.07840547	     -0.23786631	      0.00804937	      0.02399563	     -0.04315951	     -0.04025766	      0.14848489	     -0.06964553	      0.18089763	     -0.02863525
      3.21500000	   1967.53662855	-661617.15211653	-389378.95666507	     -4.87405880	    817.42574790	    823.11368860	 -50631.79925990	-140237.71714462	 702644.13451856	     29.04097617	     -5.07239957	      1.04292224	     86.71124173	     -3.14525138	      0.65352297	-312004.42822385	     -0.02512178	      5.43192228	     -0.02518024	     -7.36417903	      0.05769698	      0.81395830	     -7.60635445	      1.08592675	      1.20338711	 264327.41076948	      1.04594457	      0.88077616	      0.59208294	-468887.97755570	     -0.23692832	      0.00844692	      0.02389771	     -0.04325736	     -0.04050652	      0.14911149	     -0.06860648	      0.18042141	     -0.02852357
      3.22000000	   1485.07964337	-661107.24961804	-388957.74876005	     -9.31934757	    816.40777439	    821.67562833	 -51017.32874542	-140478.36700978	 702126.83293604	     28.95566862	     -5.03696602	      1.05134688	     86.40537878	     -3.24624450	      0.48214206	-311440.17961974	     -0.02513464	      5.44633773	     -0.02515535	     -7.36694679	      0.05467785	      0.81609509	     -7.61271949	      1.06644187	      1.19742974	 263907.49202041	      1.04648515	      0.87399632	      0.59199241	-468799.46032257	     -0.23601814	      0.00878868	      0.02377441	     -0.04335759	     -0.04076877	      0.14966168	     -0.06781379	      0.17989665	     -0.02861128
      3.22500000	   1231.64979555	-661024.07685960	-388440.28797530	    -13.40704024	    815.12164907	    820.96283352	 -51187.47529525	-140450.32530617	 701861.94052432	     28.87112333	     -5.00601973	      1.06048323	     86.08360549	     -3.33677783	      0.31563250	-311211.13172162	     -0.02514807	      5.46037457	     -0.02513017	     -7.36244806	      0.05274669	      0.81742774	     -7.61507651	      1.04637710	      1.19090303	 263725.01004616	      1.04703232	      0.86849101	      0.59298116	-468620.32225410	     -0.23515741	      0.00906380	      0.02363157	     -0.04345693	     -0.04103066	      0.15010934	     -0.06730744	      0.17935839	     -0.02888603
      3.23000000	   1119.62192629	-660569.21866049	-387509.51446615	    -17.16398291	    813.66624389	    819.91042742	 -51177.50585762	-140115.21796988	 701088.68424591	     28.79001935	     -4.98031225	      1.06962999	     85.75086314	     -3.41006006	      0.16123101	-310893.06312779	     -0.02516164	      5.47381686	     -0.02510557	     -7.35019399	      0.05194143	      0.81783524	     -7.61328904	      1.02631429	      1.18411683	 263436.90823255	      1.04752376	      0.86443976	      0.59495721	-467940.54413377	     -0.23436194	      0.00926380	      0.02347769	     -0.04355271	     -0.04127841	      0.15042742	     -0.06711023	      0.17884356	     -0.02932107
      3.23500000	   1000.50139964	-658995.23060883	-386008.90709019	    -20.67649178	    812.21601658	    817.45485469	 -51095.12672493	-139568.55000971	 699167.08857420	     28.71485277	     -4.96027651	      1.07807704	     85.41068305	     -3.45886421	      0.02618077	-310058.13312022	     -0.02517489	      5.48649365	     -0.02508245	     -7.33004017	      0.05227742	      0.81724257	     -7.60736211	      1.00680979	      1.17738048	 262715.33923717	      1.04790907	      0.86193417	      0.59774354	-466523.92524538	     -0.23364477	      0.00938147	      0.02332351	     -0.04364297	     -0.04149974	      0.15059194	     -0.06722717	      0.17838566	     -0.02987563
      3.24000000	    929.57285584	-657313.29734053	-384665.21121288	    -23.74730913	    810.70891915	    814.75714977	 -50974.89831741	-139137.93793660	 697196.19170518	     28.64795354	     -4.94608501	      1.08516291	     85.06513399	     -3.47639472	     -0.08334862	-309255.94374599	     -0.02518734	      5.49822575	     -0.02506169	     -7.30220834	      0.05373975	      0.81562805	     -7.59741191	      0.98839541	      1.17097669	 262055.99734574	      1.04815128	      0.86098054	      0.60108860	-465203.32834011	     -0.23301675	      0.00941132	      0.02318067	     -0.04372587	     -0.04168427	      0.15058493	     -0.06764626	      0.17800911	     -0.03049691
      3.24500000	    984.27293844	-656595.27792251	-384144.34942565	    -26.14336292	    809.10109916	    813.12652520	 -50828.13945131	-139076.37733915	 696298.18735980	     28.59144569	     -4.93770244	      1.09030794	     84.71493888	     -3.45707288	     -0.16275216	-309064.63327647	     -0.02519864	      5.50881279	     -0.02504404	     -7.26729758	      0.05626473	      0.81302221	     -7.58362780	      0.97156566	      1.16514845	 261963.32290202	      1.04822488	      0.86150062	      0.60468912	-464758.42350279	     -0.23248558	      0.00935129	      0.02306008	     -0.04379943	     -0.04182362	      0.15039596	     -0.06833850	      0.17772794	     -0.03112453
      3.25000000	   1123.03695545	-656397.21935544	-384007.33341141	    -27.75151134	    807.66255941	    812.26193905	 -50653.30392590	-139114.79392831	 695961.15915993	     28.54712543	     -4.93486782	      1.09300204	     84.35957083	     -3.39721812	     -0.20910755	-309196.60882806	     -0.02520852	      5.51803573	     -0.02503006	     -7.22630299	      0.05972221	      0.80951002	     -7.56624680	      0.95677152	      1.16010821	 262151.13089656	      1.04811763	      0.86333470	      0.60821839	-464700.41559686	     -0.23205620	      0.00920380	      0.02297085	     -0.04386217	     -0.04191185	      0.15002358	     -0.06925742	      0.17754896	     -0.03169546
      3.25500000	   1323.32055589	-655989.07737277	-383667.64509212	    -28.47862688	    806.60727716	    811.50772303	 -50408.02808533	-138943.22223627	 695368.96945532	     28.51630821	     -4.93709755	      1.09279573	     83.99719847	     -3.29564535	     -0.22138272	-309251.14678292	     -0.02521677	      5.52565350	     -0.02501997	     -7.18061383	      0.06390849	      0.80523672	     -7.54555158	      0.94441794	      1.15604858	 262243.78821725	      1.04783393	      0.86625513	      0.61135097	-464355.34199048	     -0.23173222	      0.00897596	      0.02291960	     -0.04391386	     -0.04194599	      0.14947765	     -0.07034072	      0.17747472	     -0.03214791
      3.26000000	   1758.34913046	-655032.20601842	-383042.40043810	    -28.16819274	    805.61794791	    810.41459235	 -49899.37341918	-138592.47201169	 694134.51890517	     28.49971303	     -4.94374727	      1.08934064	     83.62449835	     -3.15398221	     -0.20078903	-309247.37754585	     -0.02522320	      5.53141138	     -0.02501367	     -7.13195579	      0.06855837	      0.80041107	     -7.52187870	      0.93485345	      1.15313136	 262300.32910017	      1.04739390	      0.86999149	      0.61378625	-463568.78773843	     -0.23151746	      0.00867888	      0.02290980	     -0.04395529	     -0.04192611	      0.14878139	     -0.07151532	      0.17750268	     -0.03242534
      3.26500000	   2512.44626889	-653398.78603767	-382182.31787333	    -26.76681341	    804.37385241	    808.72872233	 -49039.72619124	-138152.18967369	 692131.79099983	     28.49742449	     -4.95406926	      1.08244601	     83.23665899	     -2.97656019	     -0.15090557	-309225.53860085	     -0.02522766	      5.53507905	     -0.02501079	     -7.08228302	      0.07337547	      0.79529829	     -7.49561730	      0.92835581	      1.15146400	 262389.68336607	      1.04682931	      0.87426327	      0.61527827	-462361.62596665	     -0.23141761	      0.00832658	      0.02294115	     -0.04398788	     -0.04185476	      0.14797130	     -0.07270470	      0.17762274	     -0.03248204
      3.27000000	   3122.30905035	-651406.05271556	-381168.74513892	    -24.64773688	    803.08828059	    806.78518709	 -48311.12656043	-137601.89125229	 689843.88970510	     28.50889524	     -4.96725075	      1.07211382	     82.82774028	     -2.76983303	     -0.07717645	-308891.12614079	     -0.02523001	      5.53650889	     -0.02501081	     -7.03365044	      0.07807130	      0.79019742	     -7.46719450	      0.92512102	      1.15108700	 262185.70062542	      1.04618067	      0.87881094	      0.61566721	-460929.88215727	     -0.23144119	      0.00793434	      0.02300959	     -0.04401371	     -0.04173659	      0.14709312	     -0.07383639	      0.17781764	     -0.03228918
      3.27500000	   3135.38824157	-649540.02226685	-380165.41839093	    -22.20781977	    802.03950640	    805.08534727	 -48196.68560540	-136943.87871912	 687922.85118682	     28.53290461	     -4.98246639	      1.05857413	     82.39111540	     -2.54153252	      0.01390564	-308035.48097491	     -0.02523013	      5.53570679	     -0.02501310	     -6.98809504	      0.08239032	      0.78540876	     -7.43706777	      0.92525821	      1.15197999	 261433.62867318	      1.04549510	      0.88340873	      0.61489617	-459572.55223371	     -0.23159722	      0.00751783	      0.02310763	     -0.04403560	     -0.04157825	      0.14619566	     -0.07484651	      0.17806604	     -0.03183815
      3.28000000	   2688.69527278	-648521.97534011	-379637.41282896	    -19.43635802	    801.24581918	    804.21430526	 -48616.67964576	-136376.19524892	 687094.40226861	     28.56751074	     -4.99889853	      1.04231401	     81.91983496	     -2.30001069	      0.11520160	-307128.45640242	     -0.02522790	      5.53288600	     -0.02501702	     -6.94753409	      0.08608979	      0.78120332	     -7.40573801	      0.92878807	      1.15407799	 260558.39961341	      1.04482324	      0.88785196	      0.61300620	-458826.72862034	     -0.23189118	      0.00709380	      0.02322430	     -0.04405669	     -0.04138847	      0.14532638	     -0.07568004	      0.17834558	     -0.03113896
      3.28500000	   2080.35723654	-648661.98758280	-379837.00457078	    -16.23568230	    800.55720517	    804.35734966	 -49298.88307672	-136034.36050974	 687594.45727472	     28.61017224	     -5.01568769	      1.02403635	     81.40711478	     -2.05383072	      0.21895319	-306598.13432603	     -0.02522313	      5.52845106	     -0.02502189	     -6.91366698	      0.08888320	      0.77779688	     -7.37376906	      0.93563839	      1.15728514	 259974.96846035	      1.04421707	      0.89193913	      0.61012091	-458941.85875119	     -0.23232429	      0.00668128	      0.02334507	     -0.04407985	     -0.04117761	      0.14452894	     -0.07628942	      0.17863466	     -0.03021612
      3.29000000	   1667.11364334	-648388.15022374	-379867.70014737	    -12.49092334	    799.41519482	    804.03348361	 -49760.63645675	-135616.13962555	 687623.49398907	     28.65806109	     -5.03190446	      1.00454745	     80.84717944	     -1.81125353	      0.31712212	-306031.35683849	     -0.02521543	      5.52291491	     -0.02502705	     -6.88787898	      0.09040005	      0.77532963	     -7.34179207	      0.94563016	      1.16147873	 259383.91447881	      1.04372971	      0.89547301	      0.60643173	-458781.26280261	     -0.23289680	      0.00630063	      0.02345320	     -0.04410743	     -0.04095685	      0.14384095	     -0.07663525	      0.17891352	     -0.02910488
      3.29500000	   1682.12105319	-646363.13533410	-378939.87454333	     -8.16057378	    797.41969699	    802.01100410	 -49658.98401186	-134848.11165885	 685667.97847295	     28.70838514	     -5.04662335	      0.98465287	     80.23643526	     -1.57954130	      0.40218893	-305008.18998421	     -0.02520416	      5.51679612	     -0.02503185	     -6.87116318	      0.09019002	      0.77385816	     -7.31049052	      0.95845529	      1.16650797	 258460.35177251	      1.04341513	      0.89827961	      0.60217928	-457366.73903656	     -0.23361064	      0.00597052	      0.02353267	     -0.04414134	     -0.04073735	      0.14329210	     -0.07668921	      0.17916552	     -0.02784814
      3.30000000	   1800.15128636	-644065.21253336	-377855.50337304	     -3.51275690	    795.19565338	    799.70637627	 -49429.22543580	-134001.72277123	 683400.36945013	     28.75856774	     -5.05903148	      0.96510592	     79.57460872	     -1.36440679	      0.46783476	-303914.66938041	     -0.02518846	      5.51053595	     -0.02503565	     -6.86406751	      0.08775504	      0.77336161	     -7.28057470	      0.97366132	      1.17219512	 257482.70993083	      1.04332556	      0.90022845	      0.59762730	-455742.46147537	     -0.23446909	      0.00570547	      0.02357107	     -0.04418331	     -0.04052980	      0.14290422	     -0.07643740	      0.17937842	     -0.02649279
      3.30500000	   1708.55189642	-643120.59925408	-377530.93416507	      1.17484168	    793.34995366	    798.66458994	 -49507.81205229	-133400.27273754	 682655.13422646	     28.80627388	     -5.06848204	      0.94658606	     78.86551640	     -1.16990812	      0.50908980	-303222.19808570	     -0.02516727	      5.50446219	     -0.02503779	     -6.86666520	      0.08259666	      0.77375690	     -7.25275186	      0.99066041	      1.17833807	 256807.73618859	      1.04350716	      0.90124613	      0.59304012	-455080.11579414	     -0.23547367	      0.00551525	      0.02356070	     -0.04423509	     -0.04034409	      0.14269302	     -0.07588267	      0.17954419	     -0.02508650
      3.31000000	   1700.30352219	-642951.34494429	-377743.74611706	      5.89217993	    791.36522154	    798.28224014	 -49558.71778134	-133041.68102124	 682742.41252922	     28.84939266	     -5.07451495	      0.92968692	     78.11757705	     -0.99867594	      0.52222351	-302947.41462558	     -0.02513944	      5.49878199	     -0.02503751	     -6.87855073	      0.07428001	      0.77491828	     -7.22768741	      1.00876206	      1.18470594	 256511.88313090	      1.04399470	      0.90132512	      0.58867342	-455050.62142396	     -0.23661936	      0.00540519	      0.02349789	     -0.04429824	     -0.04018923	      0.14266965	     -0.07504569	      0.17965646	     -0.02367687
      3.31500000	   2030.60668883	-642521.71326633	-377946.72915250	     10.59902698	    788.69928254	    797.53361256	 -49244.15081035	-132779.84673524	 682481.85432986	     28.88607108	     -5.07686349	      0.91492143	     77.34438364	     -0.85191704	      0.50493002	-302847.19497944	     -0.02510382	      5.49357109	     -0.02503393	     -6.89886023	      0.06249529	      0.77670124	     -7.20594518	      1.02720886	      1.19103143	 256436.70708918	      1.04480638	      0.90052833	      0.58477603	-454952.96150996	     -0.23789146	      0.00537640	      0.02338215	     -0.04437372	     -0.04007294	      0.14284246	     -0.07396461	      0.17970806	     -0.02231287
      3.32000000	   2195.35527940	-641163.88623736	-377441.12955625	     14.84736202	    785.80539768	    795.86418290	 -48995.89727727	-132215.31930241	 681254.73815689	     28.91479999	     -5.07534970	      0.90272318	     76.56535352	     -0.72896761	      0.45678637	-302087.18293559	     -0.02505934	      5.48877938	     -0.02502612	     -6.92631909	      0.04709447	      0.77897182	     -7.18791741	      1.04520393	      1.19701943	 255757.24985740	      1.04593919	      0.89898683	      0.58160023	-454097.59716594	     -0.23926616	      0.00542676	      0.02321626	     -0.04446183	     -0.04000107	      0.14322003	     -0.07269305	      0.17969326	     -0.02104738
      3.32500000	   1747.60178281	-638703.04545218	-375852.11530391	     18.27077829	    783.22552061	    793.19955403	 -49230.18608226	-131082.46386612	 678953.77972955	     28.93451337	     -5.06964283	      0.89341247	     75.80612000	     -0.62706806	      0.37930084	-300124.34379701	     -0.02500521	      5.48427761	     -0.02501330	     -6.95932377	      0.02811357	      0.78163083	     -7.17378845	      1.06194519	      1.20237393	 253908.84192508	      1.04736568	      0.89688818	      0.57941596	-452167.20391361	     -0.24071345	      0.00555340	      0.02300587	     -0.04456237	     -0.03997668	      0.14381367	     -0.07129721	      0.17961284	     -0.01993938
      3.33000000	   1228.70232302	-636568.53819119	-374237.67010661	     21.22532417	    780.81734986	    790.88895666	 -49528.62066179	-129884.80914430	 676959.73421673	     28.94467583	     -5.05906159	      0.88715540	     75.09845513	     -0.54189751	      0.27530901	-298164.25697703	     -0.02494106	      5.47990901	     -0.02499495	     -6.99605169	      0.00579579	      0.78462158	     -7.16354909	      1.07667714	      1.20682093	 252024.81315912	      1.04903394	      0.89445976	      0.57851136	-450315.92043249	     -0.24220023	      0.00575493	      0.02275846	     -0.04467496	     -0.03999958	      0.14463683	     -0.06985296	      0.17947601	     -0.01905351
      3.33500000	   1193.44004183	-636035.60025186	-373607.27670883	     24.06174773	    778.40350360	    790.12810213	 -49449.23726448	-129128.13083033	 676501.64616512	     28.94540259	     -5.04257432	      0.88396157	     74.47995931	     -0.46835942	      0.14846006	-297358.44905211	     -0.02486713	      5.47549094	     -0.02497099	     -7.03457155	     -0.01939451	      0.78792186	     -7.15702642	      1.08874884	      1.21011650	 251201.91953468	      1.05086940	      0.89196711	      0.57917463	-449628.62726533	     -0.24369276	      0.00603152	      0.02248273	     -0.04479916	     -0.04006605	      0.14570223	     -0.06844507	      0.17929812	     -0.01845730
      3.34000000	   1265.85023167	-636172.23150885	-373366.24661600	     26.39465550	    776.29934431	    790.02885803	 -49289.09638561	-128594.65769439	 676717.06154359	     28.93762058	     -5.01895167	      0.88372222	     73.99384304	     -0.40096477	      0.00339685	-296919.68110972	     -0.02478429	      5.47077939	     -0.02494171	     -7.07293147	     -0.04678206	      0.79152545	     -7.15391021	      1.09766926	      1.21204888	 250721.07904633	      1.05277511	      0.88974219	      0.58167919	-449460.96851168	     -0.24515672	      0.00638241	      0.02218872	     -0.04493443	     -0.04016875	      0.14701844	     -0.06717037	      0.17909764	     -0.01821936
      3.34500000	    969.63714536	-635999.92643327	-372821.92920398	     27.76324798	    774.85874480	    789.70699942	 -49438.32914468	-127993.24250881	 676706.93390067	     28.92313040	     -4.98695547	      0.88626013	     73.68882984	     -0.33395424	     -0.15383515	-295935.62066670	     -0.02469398	      5.46545630	     -0.02490774	     -7.10923568	     -0.07551521	      0.79542689	     -7.15379592	      1.10315891	      1.21244736	 249730.71594844	      1.05463335	      0.88822027	      0.58628563	-449077.41623377	     -0.24655516	      0.00680259	      0.02188802	     -0.04507917	     -0.04029701	      0.14858854	     -0.06614120	      0.17889454	     -0.01840902
      3.35000000	    356.81571836	-636572.44141550	-372481.93805240	     28.09027978	    774.04319898	    790.38308230	 -49919.76645656	-127439.87174134	 677534.44958032	     28.90453654	     -4.94548558	      0.89135595	     73.61904541	     -0.26155907	     -0.31580768	-294919.23705435	     -0.02459800	      5.45914267	     -0.02486984	     -7.14173000	     -0.10461903	      0.79962756	     -7.15625191	      1.10519120	      1.21120950	 248649.87051827	      1.05631032	      0.88795191	      0.59324954	-449107.46183345	     -0.24784704	      0.00728058	      0.02159418	     -0.04522962	     -0.04043764	      0.15041276	     -0.06548411	      0.17871199	     -0.01909488
      3.35500000	   -420.34212483	-638998.14603167	-372941.12371541	     27.48615241	    773.89987377	    793.23060278	 -50661.17124949	-127109.58326391	 680302.88633724	     28.88519907	     -4.89365699	      0.89874583	     73.84365380	     -0.17831361	     -0.47402842	-294507.52827628	     -0.02449836	      5.45140056	     -0.02482876	     -7.16889750	     -0.13306004	      0.80415695	     -7.16089338	      1.10401627	      1.20834313	 248025.36053949	      1.05765982	      0.88958909	      0.60282740	-450259.57126508	     -0.24898891	      0.00779875	      0.02132337	     -0.04537936	     -0.04057527	      0.15249384	     -0.06533436	      0.17858151	     -0.02034226
      3.36000000	  -1337.34975539	-642559.79032441	-373955.02986887	     26.28111374	    775.15510226	    797.17773178	 -51584.11244369	-127028.16329769	 684298.72038394	     28.86912016	     -4.83080261	      0.90814560	     74.42566858	     -0.07921748	     -0.61929431	-294422.47171227	     -0.02439718	      5.44173944	     -0.02478535	     -7.18956930	     -0.15979942	      0.80908138	     -7.16744526	      1.10017186	      1.20399705	 247661.44475684	      1.05852835	      0.89386239	      0.61528938	-452198.43456825	     -0.24993809	      0.00833513	      0.02109412	     -0.04551977	     -0.04069273	      0.15483938	     -0.06583075	      0.17854770	     -0.02221334
      3.36500000	  -2383.30478184	-646273.97632991	-375134.75966368	     24.80111998	    778.41810618	    800.92762326	 -52602.98649382	-127177.66715884	 688533.08517464	     28.86056276	     -4.75638770	      0.91933284	     75.42968001	      0.03998598	     -0.74230261	-294255.30396117	     -0.02429676	      5.42965822	     -0.02474055	     -7.20305779	     -0.18382374	      0.81449021	     -7.17579128	      1.09448690	      1.19846580	 247252.16704913	      1.05876813	      0.90155148	      0.63093968	-454411.43790954	     -0.25065550	      0.00886549	      0.02092584	     -0.04564095	     -0.04077284	      0.15745926	     -0.06711164	      0.17866899	     -0.02477058
      3.37000000	  -3462.05324631	-649923.77483226	-376328.34390677	     23.07031088	    783.13328963	    804.55710474	 -53595.85729691	-127492.22591784	 692729.40747682	     28.86372726	     -4.66986542	      0.93219446	     76.91938802	      0.18207028	     -0.83462744	-293986.84233674	     -0.02419966	      5.41468802	     -0.02469544	     -7.20929078	     -0.20418642	      0.82047566	     -7.18602898	      1.08806951	      1.19218460	 246788.33367562	      1.05825060	      0.91344160	      0.65011833	-456703.92099899	     -0.25110770	      0.00936552	      0.02083701	     -0.04573227	     -0.04080012	      0.16036177	     -0.06930877	      0.17901583	     -0.02807703
      3.37500000	  -4495.84286127	-653622.19536247	-377502.65917533	     21.09611582	    788.81279521	    808.56321706	 -54480.23835725	-127901.86975129	 696944.96380750	     28.88288920	     -4.57052116	      0.94664282	     78.95580555	      0.34737905	     -0.88975229	-293718.43097044	     -0.02410871	      5.39638114	     -0.02465134	     -7.20891401	     -0.22007859	      0.82711326	     -7.19854068	      1.08226790	      1.18572235	 246345.00177968	      1.05687181	      0.93026465	      0.67316728	-459042.93878409	     -0.25126971	      0.00981348	      0.02084363	     -0.04578236	     -0.04076073	      0.16355012	     -0.07253676	      0.17966734	     -0.03218908
      3.38000000	  -5579.14656968	-658047.06462270	-378868.88276476	     19.09654207	    796.41074444	    813.76756858	 -55383.35156132	-128373.14963553	 701875.99746187	     28.92262063	     -4.45730177	      0.96246377	     81.59574079	      0.53339060	     -0.90376264	-293634.85659531	     -0.02402689	      5.37426672	     -0.02460983	     -7.20335063	     -0.23089260	      0.83443878	     -7.21405340	      1.07860452	      1.17975903	 246028.74203594	      1.05455747	      0.95263914	      0.70038754	-461734.73537286	     -0.25112960	      0.01019286	      0.02095798	     -0.04577918	     -0.04064202	      0.16701740	     -0.07688246	      0.18070623	     -0.03714776
      3.38500000	  -6807.64215091	-663443.61802369	-380419.18676991	     17.34852875	    806.92211542	    820.38885410	 -56400.20487791	-128818.90139839	 707769.81941474	     28.98758979	     -4.32873102	      0.97923160	     84.89003105	      0.73529430	     -0.87537331	-293727.36710262	     -0.02395717	      5.34785184	     -0.02457266	     -7.19482132	     -0.23625144	      0.84243726	     -7.23366746	      1.07868425	      1.17504923	 245789.61913051	      1.05127198	      0.98103261	      0.73202036	-464814.05255216	     -0.25069213	      0.01049346	      0.02118832	     -0.04571111	     -0.04043336	      0.17074342	     -0.08239887	      0.18221465	     -0.04297555
      3.39000000	  -8099.51252837	-667742.31465267	-381030.74416926	     16.09650577	    820.08823825	    825.87723802	 -57287.22521283	-128898.63417559	 712416.83383686	     29.08213370	     -4.18313059	      0.99634089	     88.88175763	      0.94743071	     -0.80524091	-293147.07717301	     -0.02390237	      5.31669500	     -0.02454160	     -7.18632413	     -0.23602517	      0.85105760	     -7.25886369	      1.08407725	      1.17238580	 244937.25443224	      1.04702333	      1.01574691	      0.76824696	-466882.02550638	     -0.24997829	      0.01071034	      0.02154043	     -0.04556798	     -0.04012724	      0.17469684	     -0.08910276	      0.18427332	     -0.04967721
      3.39500000	  -9422.85283101	-669400.33656293	-379979.47687648	     15.50523714	    835.54785885	    828.28604668	 -57902.44014653	-128456.19612238	 714215.65343270	     29.20988239	     -4.01910894	      1.01313671	     93.60463917	      1.16491052	     -0.69494411	-291267.51791159	     -0.02386503	      5.28050588	     -0.02451831	     -7.18156770	     -0.23036136	      0.86023715	     -7.29149840	      1.09618761	      1.17256286	 242978.99680472	      1.04186334	      1.05690372	      0.80918357	-467003.43983635	     -0.24902282	      0.01084296	      0.02201958	     -0.04534119	     -0.03972010	      0.17884032	     -0.09697207	      0.18696113	     -0.05724016
      3.40000000	 -11128.28457077	-671339.21396825	-379180.73565924	     15.48683374	    853.84964937	    830.82941756	 -58818.26416707	-128293.50706122	 716480.36636487	     29.37329379	     -3.83599516	      1.02911290	     99.08141073	      1.38467525	     -0.54613555	-289136.15763788	     -0.02384734	      5.23923333	     -0.02450432	     -7.18486534	     -0.21971916	      0.86992103	     -7.33378585	      1.11613224	      1.17633437	 240795.72288094	      1.03589002	      1.10442126	      0.85486887	-467502.11332969	     -0.24787358	      0.01089596	      0.02263140	     -0.04502398	     -0.03921354	      0.18313523	     -0.10594228	      0.19035286	     -0.06563417
      3.40500000	 -13623.78611796	-676749.63202890	-380543.29963742	     15.82493424	    875.60706040	    837.14717493	 -60661.77481185	-129139.00161527	 722779.68448599	     29.57315622	     -3.63413541	      1.04409230	    105.32224758	      1.60569773	     -0.36007313	-287816.37715440	     -0.02385118	      5.19312052	     -0.02450098	     -7.20101269	     -0.20486239	      0.88007768	     -7.38826400	      1.14465273	      1.18436529	 239246.23707272	      1.02925157	      1.15800030	      0.90525542	-470752.78491552	     -0.24659294	      0.01088012	      0.02338097	     -0.04461241	     -0.03861561	      0.18754441	     -0.11590448	      0.19451376	     -0.07481229
      3.41000000	 -17147.39074485	-685372.67400805	-383417.96168455	     16.22128507	    900.90647767	    847.41711006	 -63604.69484367	-130502.85935090	 732757.20256884	     29.80848580	     -3.41529089	      1.05826461	    112.32368531	      1.82870480	     -0.13732314	-286861.59087835	     -0.02387811	      5.14269225	     -0.02450933	     -7.23514375	     -0.18679805	      0.89071221	     -7.45773251	      1.18205750	      1.19717187	 237827.43759094	      1.02214776	      1.21713899	      0.96021045	-476117.69459651	     -0.24525975	      0.01081119	      0.02427126	     -0.04410619	     -0.03794112	      0.19203261	     -0.12670746	      0.19949087	     -0.08471282
      3.41500000	 -21706.41342195	-696366.24956607	-386855.62812344	     16.47883887	    929.57821586	    861.05430069	 -67550.54607555	-131808.31893742	 745361.69088179	     30.07683914	     -3.18317441	      1.07209007	    120.06820888	      2.05601131	      0.12264266	-285789.04932478	     -0.02392927	      5.08869637	     -0.02452991	     -7.29253230	     -0.16671090	      0.90187562	     -7.54515936	      1.22817830	      1.21506445	 236042.39654846	      1.01482769	      1.28116898	      1.01952191	-482551.86981732	     -0.24397117	      0.01070722	      0.02530240	     -0.04350870	     -0.03721073	      0.19656635	     -0.13816281	      0.20530441	     -0.09526107
      3.42000000	 -26586.95289618	-710059.35163946	-391300.74974532	     17.01904445	    961.07632967	    877.89214355	 -71799.18697073	-133393.05242314	 760759.86031382	     30.37461124	     -2.94383577	      1.08618620	    128.52416512	      2.29144834	      0.42177327	-285434.16057708	     -0.02400525	      5.03209478	     -0.02456255	     -7.37833609	     -0.14593488	      0.91366812	     -7.65356711	      1.28234430	      1.23811290	 234743.33112541	      1.00758284	      1.34928785	      1.08290914	-490463.48460674	     -0.24284219	      0.01058656	      0.02647125	     -0.04282680	     -0.03644978	      0.20111489	     -0.15005065	      0.21194279	     -0.10637088
      3.42500000	 -31171.06178298	-726835.60844022	-397311.72150751	     18.21243911	    994.83873143	    897.76378887	 -75750.44066947	-135699.76738560	 779240.45495909	     30.69721437	     -2.70566854	      1.10122482	    137.64547056	      2.54009160	      0.76321376	-286580.20409395	     -0.02410598	      4.97413846	     -0.02460632	     -7.49732271	     -0.12593155	      0.92624032	     -7.78592220	      1.34339605	      1.26613823	 234744.90227839	      1.00073425	      1.42057782	      1.15004363	-500403.96644650	     -0.24200078	      0.01046776	      0.02777014	     -0.04207066	     -0.03568676	      0.20565197	     -0.16212499	      0.21936055	     -0.11794678
      3.43000000	 -35905.13153677	-746049.30214992	-404457.80961547	     19.65255210	   1030.72032655	    920.10664121	 -79782.34653426	-138601.28564606	 800255.28408582	     31.03928210	     -2.47905310	      1.11780710	    147.37079217	      2.80787745	      1.15044349	-288508.86115604	     -0.02423074	      4.91646696	     -0.02465969	     -7.65360510	     -0.10823578	      0.93979759	     -7.94505202	      1.40974289	      1.29871751	 235378.26576950	      0.99461672	      1.49402479	      1.22057672	-511935.43093333	     -0.24157808	      0.01036981	      0.02918479	     -0.04125313	     -0.03495170	      0.21015775	     -0.17412101	      0.22747610	     -0.12988612
      3.43500000	 -41391.88336636	-767231.40527438	-412303.49712394	     20.72968399	   1068.62063038	    944.71164189	 -84440.29743544	-141910.37135962	 823462.67955281	     31.39481216	     -2.27575713	      1.13634684	    157.62256196	      3.10132597	      1.58621512	-290420.23778650	     -0.02437824	      4.86118619	     -0.02472062	     -7.85038129	     -0.09439244	      0.95459628	     -8.13359213	      1.47940968	      1.33518077	 235864.20713516	      0.98956538	      1.56855708	      1.29416082	-524655.14565365	     -0.24169605	      0.01031090	      0.03069273	     -0.04038894	     -0.03427510	      0.21462039	     -0.18576713	      0.23616809	     -0.14208068
      3.44000000	 -47814.78536544	-791696.55378030	-421363.99134513	     20.82253437	   1108.30948641	    973.20610294	 -89950.80067345	-145765.91814114	 850242.81916937	     31.75725560	     -2.10823762	      1.15699785	    168.30658869	      3.42748431	      2.07183091	-292662.20225509	     -0.02454694	      4.81092338	     -0.02478686	     -8.08967316	     -0.08593550	      0.97091980	     -8.35395027	      1.55000784	      1.37459290	 236437.01966623	      0.98590259	      1.64310812	      1.37046202	-539312.89113288	     -0.24245584	      0.01030635	      0.03226308	     -0.03949402	     -0.03368711	      0.21903707	     -0.19680247	      0.24527283	     -0.15441870
      3.44500000	 -55212.61742705	-821075.28176477	-432321.83086431	     19.43055079	   1149.42374512	   1007.38418879	 -96398.97719848	-150397.48550672	 882255.32059609	     32.11978996	     -1.98900021	      1.17961912	    179.31242848	      3.79395492	      2.60682262	-295840.43554608	     -0.02473543	      4.76886696	     -0.02485627	     -8.37208631	     -0.08440645	      0.98904670	     -8.60827647	      1.61866828	      1.41574734	 237570.41175199	      0.98392123	      1.71669255	      1.44917186	-556869.85025326	     -0.24392735	      0.01036745	      0.03385717	     -0.03858480	     -0.03321583	      0.22341618	     -0.20699596	      0.25458662	     -0.16678763
      3.45000000	 -63480.02845071	-856508.02577802	-445741.97716667	     16.61657543	   1191.30169716	   1047.87712664	-103692.10976902	-156122.19341297	 920636.19048553	     32.47569450	     -1.93008866	      1.20380327	    190.51406965	      4.20852455	      3.18856464	-300499.70306202	     -0.02494290	      4.73878809	     -0.02492728	     -8.69662020	     -0.09135974	      1.00922379	     -8.89842335	      1.68205319	      1.45720095	 239742.70212429	      0.98387403	      1.78848545	      1.53001747	-578103.11240193	     -0.24614098	      0.01050122	      0.03542870	     -0.03767757	     -0.03288621	      0.22778032	     -0.21616466	      0.26387201	     -0.17907665
      3.45500000	 -72758.72931424	-898715.31802819	-461988.08947279	     12.18395320	   1233.24893791	   1094.90267766	-111954.23997207	-163244.07723328	 966170.63759838	     32.81846350	     -1.94259639	      1.22899125	    201.77091779	      4.67799890	      3.81150711	-306776.44835671	     -0.02516968	      4.72501735	     -0.02499927	     -9.06055103	     -0.10832492	      1.03162850	     -9.22588561	      1.73648477	      1.49735215	 243067.75466924	      0.98597626	      1.85790485	      1.61275989	-603574.66304952	     -0.24908270	      0.01070986	      0.03692326	     -0.03678826	     -0.03272061	      0.23216627	     -0.22419217	      0.27286642	     -0.19117783
      3.46000000	 -84267.44800421	-946973.96015139	-480693.75176080	      4.41961363	   1274.82574377	   1148.21932911	-122322.00120586	-171859.52043465	1018508.10856532	     33.14176271	     -2.03599181	      1.25453082	    212.92981774	      5.20636952	      4.46621087	-313211.40668452	     -0.02541788	      4.73232112	     -0.02507265	     -9.45941161	     -0.13674250	      1.05630979	     -9.59172391	      1.77813443	      1.53455368	 246188.00182752	      0.99040434	      1.92469946	      1.69718010	-633023.67698278	     -0.25269199	      0.01099000	      0.03827813	     -0.03593197	     -0.03273912	      0.23661991	     -0.23104749	      0.28129472	     -0.20298640
      3.46500000	 -98765.68905492	-999708.15850211	-501158.43500750	     -7.90803992	   1315.65113420	   1206.77699528	-135456.99910537	-182007.82183160	1076259.68396157	     33.43979751	     -2.21717342	      1.27949927	    223.82848573	      5.79312409	      5.13863730	-318437.21556662	     -0.02569168	      4.76562615	     -0.02514903	     -9.88706873	     -0.17790943	      1.08313260	     -9.99647228	      1.80323460	      1.56726269	 247909.48945586	      0.99727493	      1.98902537	      1.78306393	-665670.24852462	     -0.25686218	      0.01133293	      0.03942379	     -0.03512233	     -0.03295692	      0.24118996	     -0.23679905	      0.28888971	     -0.21440056
      3.47000000	-114161.85424041	-1053699.17160531	-522054.38735278	    -22.55955630	   1355.37168004	   1266.75439708	-149145.52331789	-193581.98711543	1135378.62235781	     33.70813210	     -2.48946290	      1.30240585	    234.29962406	      6.43263111	      5.81029389	-323095.15829040	     -0.02599702	      4.82963874	     -0.02523136	    -10.33585089	     -0.23295703	      1.11174862	    -10.44001573	      1.80830538	      1.59421213	 249160.22139092	      1.00661852	      2.05150199	      1.87018998	-699569.15946792	     -0.26144431	      0.01172530	      0.04028774	     -0.03437184	     -0.03338004	      0.24592510	     -0.24162159	      0.29541845	     -0.22532191
      3.47500000	-127883.17201027	-1105790.75691913	-542172.71958401	    -36.76754454	   1393.57177019	   1324.34317470	-160744.70884838	-206504.24724733	1191752.75789313	     33.94422713	     -2.85195360	      1.32107450	    244.17498173	      7.11443230	      6.45942332	-328345.60493232	     -0.02634094	      4.92848473	     -0.02532391	    -10.79668726	     -0.30284890	      1.14158270	    -10.92144496	      1.79037159	      1.61455367	 251382.29163555	      1.01836965	      2.11327354	      1.95831647	-732860.39666955	     -0.26625470	      0.01214752	      0.04079963	     -0.03369261	     -0.03400340	      0.25087369	     -0.24580119	      0.30070532	     -0.23565804
      3.48000000	-138227.00987588	-1154685.05668092	-561117.61500057	    -49.27227040	   1429.50260481	   1378.45486826	-168573.59737955	-220880.35189186	1243483.76198623	     34.14728153	     -3.29943797	      1.33280935	    253.28962372	      7.82342707	      7.06243902	-335310.80534993	     -0.02673075	      5.06542275	     -0.02543185	    -11.25923219	     -0.38837755	      1.17179878	    -11.43892953	      1.74715413	      1.62794589	 255829.98855660	      1.03237816	      2.17609656	      2.04717683	-764878.17802920	     -0.27108659	      0.01256959	      0.04089560	     -0.03309630	     -0.03481244	      0.25608080	     -0.24974484	      0.30464697	     -0.24532904
      3.48500000	-144338.84177613	-1199472.96179731	-578567.59445166	    -59.64819194	   1462.60356696	   1428.51434793	-171825.78756719	-236737.64062063	1289340.48495768	     34.31784488	     -3.82276469	      1.33472306	    261.48671350	      8.53971320	      7.59469612	-344482.10073054	     -0.02717350	      5.24258153	     -0.02556066	    -11.71193866	     -0.49018022	      1.20118925	    -11.98962742	      1.67727477	      1.63461418	 263082.74302070	      1.04842860	      2.24243326	      2.13651138	-795172.07818033	     -0.27572605	      0.01294516	      0.04052068	     -0.03259309	     -0.03578584	      0.26157281	     -0.25399467	      0.30722264	     -0.25427924
      3.49000000	-147877.79134290	-1239038.43117498	-593740.03067605	    -69.48797417	   1493.30915245	   1473.22739577	-172207.14456989	-253662.86898535	1328637.33472382	     34.45766658	     -4.40953285	      1.32411242	    268.62213089	      9.23879532	      8.03068998	-353894.06092420	     -0.02767533	      5.46069132	     -0.02571589	    -12.14214670	     -0.60878273	      1.22800362	    -12.56959419	      1.58053759	      1.63540858	 271231.43216027	      1.06625283	      2.31551212	      2.22614923	-822988.45479219	     -0.27996875	      0.01320512	      0.03962927	     -0.03219029	     -0.03689691	      0.26732953	     -0.25923953	      0.30850336	     -0.26249425
      3.49500000	-150624.82823866	-1272858.53461943	-606137.45409772	    -80.25805638	   1522.18682758	   1511.85303879	-171570.93639387	-271291.28642665	1361338.31649209	     34.56959195	     -5.04516770	      1.29883699	    274.56833996	      9.89246306	      8.34427227	-361709.87703422	     -0.02824082	      5.71884061	     -0.02590301	    -12.53635426	     -0.74461196	      1.24986546	    -13.17366290	      1.45826579	      1.63185590	 278443.61791371	      1.08553396	      2.39931514	      2.31611700	-847922.66380394	     -0.28363404	      0.01325427	      0.03818449	     -0.03189041	     -0.03811401	      0.27326564	     -0.26630974	      0.30865956	     -0.27001971
      3.50000000	-152388.19236794	-1302936.61760547	-616880.13394829	    -91.08800223	   1549.22266279	   1546.56936984	-169849.86096258	-290168.27533376	1389442.00227232	     34.65725731	     -5.71404212	      1.25764695	    279.21795657	     10.46978006	      8.50901953	-368977.81835009	     -0.02887233	      6.01428380	     -0.02612726	    -12.88070678	     -0.89794120	      1.26386588	    -13.79532746	      1.31358766	      1.62618970	 285653.35904205	      1.10591047	      2.49846618	      2.40674453	-871462.86832952	     -0.28657517	      0.01297348	      0.03615846	     -0.03168947	     -0.03940148	      0.27923554	     -0.27614805	      0.30796782	     -0.27697726
      3.50500000	-152471.58306084	-1331119.78202410	-627008.79427654	   -100.58033908	   1574.24480714	   1579.32881463	-166441.81935839	-310868.84079360	1414598.17429651	     34.72480303	     -6.40008833	      1.20037820	    282.48738266	     10.93762974	      8.49857958	-377139.01769919	     -0.02956942	      6.34227680	     -0.02639346	    -13.16160647	     -1.06880967	      1.26675509	    -14.42668996	      1.15161061	      1.62134288	 294204.53286770	      1.12698034	      2.61801715	      2.49876395	-894988.27447031	     -0.28868485	      0.01222579	      0.03353359	     -0.03157684	     -0.04072052	      0.28504937	     -0.28976102	      0.30681617	     -0.28357757
      3.51000000	-150105.32230464	-1356095.65604799	-635746.15672240	   -107.68419099	   1596.90648711	   1608.28711629	-160610.88569300	-332942.58575181	1435110.83053347	     34.77688228	     -7.08695456	      1.12801730	    284.32001924	     11.26097913	      8.28706731	-386421.91550593	     -0.03032824	      6.69591424	     -0.02670610	    -13.36636826	     -1.25696544	      1.25515060	    -15.05850876	      0.97951233	      1.62090249	 304374.74260662	      1.14829671	      2.76316326	      2.59338947	-917474.05461936	     -0.28989589	      0.01086404	      0.03030432	     -0.03153668	     -0.04202897	      0.29048806	     -0.30815885	      0.30570504	     -0.29012765
      3.51500000	-144815.54455341	-1376476.53641077	-642192.94840652	   -111.88212499	   1616.72120386	   1631.49562412	-151923.09943865	-355734.19430857	1449310.58173752	     34.81876760	     -7.75841812	      1.04280457	    284.68831162	     11.40341307	      7.84976068	-396751.57507174	     -0.03114101	      7.06601764	     -0.02706938	    -13.48387932	     -1.46187194	      1.22572316	    -15.68036359	      0.80656814	      1.62902179	 316113.82451178	      1.16935365	      2.93896140	      2.69235399	-937737.39094282	     -0.29017988	      0.00873836	      0.02647827	     -0.03154948	     -0.04328000	      0.29531515	     -0.33229619	      0.30523903	     -0.29702793
      3.52000000	-137446.84061528	-1393595.60198375	-646683.42526094	   -114.48113487	   1632.68365885	   1650.39361042	-141276.24958990	-379177.25894265	1458749.35236498	     34.85603254	     -8.39935366	      0.94843482	    283.59433591	     11.32821764	      7.16412944	-407876.35379947	     -0.03199565	      7.44118157	     -0.02748706	    -13.50529297	     -1.68280949	      1.17533359	    -16.28097055	      0.64401675	      1.65023957	 329025.46479861	      1.18956252	      3.15007267	      2.79791551	-956443.01506204	     -0.28954477	      0.00570255	      0.02207510	     -0.03159182	     -0.04442069	      0.29928253	     -0.36301849	      0.30610300	     -0.30476281
      3.52500000	-128974.06882139	-1409064.75927616	-649645.55350084	   -116.78049087	   1644.03694703	   1666.84052054	-129677.12235631	-403300.60487315	1465295.00547194	     34.89366361	     -8.99661133	      0.85009403	    281.06931740	     11.00009735	      6.21106280	-419516.66876117	     -0.03287597	      7.80802636	     -0.02796175	    -13.42484515	     -1.91906471	      1.10115584	    -16.84867555	      0.50460275	      1.68915969	 342671.17716249	      1.20821629	      3.40045905	      2.91284579	-974438.26863502	     -0.28802559	      0.00162085	      0.01712270	     -0.03163505	     -0.04539053	      0.30213247	     -0.40100193	      0.30901966	     -0.31388870
      3.53000000	-119473.00275597	-1422932.93977231	-650738.17519107	   -118.23858001	   1651.40162620	   1681.05465987	-117213.48068456	-427694.68742573	1468937.24105729	     34.93504402	     -9.53921094	      0.75418829	    277.17246318	     10.38751697	      4.97624121	-431620.72550004	     -0.03376195	      8.15160413	     -0.02849424	    -13.24076773	     -2.17018805	      1.00083450	    -17.37209623	      0.40173342	      1.75001239	 356916.60313789	      1.22445518	      3.69298985	      3.04035221	-991419.18167351	     -0.28567067	     -0.00362294	      0.01165335	     -0.03164482	     -0.04612012	      0.30360243	     -0.44667945	      0.31469292	     -0.32501305
      3.53500000	-108918.42976513	-1434967.65988557	-649597.35049546	   -118.09556959	   1655.61216289	   1692.98389994	-103869.41466505	-451945.86971047	1469394.23404423	     34.98133662	    -10.01817158	      0.66804072	    271.98901702	      9.46522721	      3.45165297	-444135.93500076	     -0.03463007	      8.45584622	     -0.02908295	    -12.95620546	     -2.43630116	      0.87267507	    -17.84085938	      0.34832093	      1.83615141	 371654.51183320	      1.23725439	      4.02898815	      3.18385661	-1006971.25985001	     -0.28253650	     -0.01011439	      0.00570174	     -0.03158179	     -0.04653089	      0.30343434	     -0.50015883	      0.32374008	     -0.33875402
      3.54000000	 -97798.09723431	-1445443.96907113	-646529.04730189	   -116.53764364	   1656.85047543	   1703.11452949	 -90146.38962228	-476207.71964014	1467137.99555446	     35.03149816	    -10.42676565	      0.59985884	    265.62745779	      8.21643703	      1.63732414	-456768.47328338	     -0.03545357	      8.70394169	     -0.02972416	    -12.58008210	     -2.71842619	      0.71585242	    -18.24639960	      0.35541188	      1.94952384	 386591.27728560	      1.24543889	      4.40777121	      3.34660241	-1021471.13838052	     -0.27869849	     -0.01789629	     -0.00069582	     -0.03140160	     -0.04653572	      0.30138729	     -0.56114160	      0.33661267	     -0.35567767
      3.54500000	 -86569.68716841	-1454785.60551597	-641935.96340273	   -113.82763608	   1655.27644471	   1711.93313417	 -76505.53392533	-500723.11001068	1462769.92913143	     35.08264842	    -10.76154240	      0.55894551	    258.21591094	      6.63457269	     -0.45667744	-469302.94677512	     -0.03620304	      8.87866020	     -0.03041243	    -12.12780971	     -3.01881632	      0.53062804	    -18.58277304	      0.43068595	      2.09014328	 401509.96389517	      1.24772915	      4.82622750	      3.53112604	-1035421.47225570	     -0.27427201	     -0.02695611	     -0.00750178	     -0.03105368	     -0.04604166	      0.29725366	     -0.62885019	      0.35350946	     -0.37621871
      3.55000000	 -75067.26677325	-1463480.09115867	-635874.24026010	   -109.54726114	   1651.48705202	   1719.35732450	 -62763.61924115	-525409.51554473	1456705.00175007	     35.13021036	    -11.02363965	      0.55586808	    249.89791834	      4.72490428	     -2.80815636	-482083.03591893	     -0.03684943	      8.96277656	     -0.03114087	    -11.62166733	     -3.34125538	      0.31856651	    -18.84741204	      0.57693290	      2.25560418	 416676.72847653	      1.24282213	      5.27846953	      3.73865993	-1048978.36053033	     -0.26943439	     -0.03721423	     -0.01467799	     -0.03048133	     -0.04495615	      0.29087911	     -0.70197159	      0.37428929	     -0.40059532
      3.55500000	 -63105.76152999	-1471860.66929321	-628342.32611341	   -103.31518292	   1646.08781860	   1725.18281056	 -48711.63642690	-550166.47622123	1449210.61507574	     35.16742705	    -11.21960124	      0.60229767	    240.82775996	      2.50626676	     -5.38088837	-495408.53896150	     -0.03735950	      8.93980998	     -0.03190132	    -11.09066529	     -3.69123907	      0.08274001	    -19.04170492	      0.79069769	      2.44066915	 432323.72230294	      1.22947793	      5.75563225	      3.96856265	-1062207.46419050	     -0.26443389	     -0.04851519	     -0.02218769	     -0.02962211	     -0.04319458	      0.28218569	     -0.77863091	      0.39838991	     -0.42873307
      3.56000000	 -51066.75965608	-1479579.32346234	-619532.48473841	    -95.49904704	   1639.16452479	   1729.30836939	 -34720.38339036	-575130.81593590	1440107.39691907	     35.18410819	    -11.36118539	      0.71034112	    231.16538542	      0.01271600	     -8.12301469	-508835.43541622	     -0.03770417	      8.79528279	     -0.03268403	    -10.56973635	     -4.07591562	     -0.17208415	    -19.17126650	      1.06137195	      2.63698516	 448062.89233738	      1.20656482	      6.24589013	      4.21789267	-1075175.97449334	     -0.25956672	     -0.06062438	     -0.03000022	     -0.02841156	     -0.04068511	      0.27119778	     -0.85640724	      0.42476345	     -0.46021588
      3.56500000	 -39439.81433097	-1486398.90041760	-609589.75345482	    -86.67723498	   1630.82348711	   1731.86730905	 -21261.07313841	-600357.24289335	1429343.42078496	     35.16577829	    -11.46268802	      0.89031445	    221.07124415	     -2.70542485	    -10.96605472	-521842.18952320	     -0.03785944	      8.51837565	     -0.03348033	    -10.09820464	     -4.50365689	     -0.43924027	    -19.24583830	      1.37104352	      2.83305956	 463399.81129313	      1.17305479	      6.73471558	      4.48118992	-1087917.70985013	     -0.25505389	     -0.07323005	     -0.03809552	     -0.02678675	     -0.03737135	      0.25807534	     -0.93239421	      0.45184971	     -0.49426982
      3.57000000	 -28553.01566648	-1493200.04821408	-598168.00732709	    -77.36857785	   1621.70707034	   1733.82874835	  -8603.06912471	-625404.60914824	1417872.55888183	     35.09069137	    -11.54245206	      1.15191019	    210.70147084	     -5.58156189	    -13.82517653	-534389.42903447	     -0.03780902	      8.10377985	     -0.03426939	     -9.71756164	     -4.98313150	     -0.70991199	    -19.27883227	      1.69532297	      3.01464290	 478088.03634608	      1.12808167	      7.20540117	      4.75047016	-1100378.73258664	     -0.25115098	     -0.08594993	     -0.04646333	     -0.02469103	     -0.03321244	      0.24315978	     -1.00330663	      0.47761218	     -0.52977241
      3.57500000	 -18653.91945955	-1500841.28783073	-584947.39003849	    -68.04627794	   1612.59272647	   1736.11942373	   3066.46565718	-649945.40053486	1406640.34079443	     34.93163896	    -11.61821083	      1.50073422	    200.20321267	     -8.53394233	    -16.60096259	-546515.20661440	     -0.03754670	      7.55295842	     -0.03503299	     -9.46849924	     -5.52180307	     -0.97289628	    -19.28650854	      2.00521637	      3.16556392	 491971.03441398	      1.07099529	      7.63991962	      5.01546863	-1112582.23337765	     -0.24797702	     -0.09834515	     -0.05509534	     -0.02208002	     -0.02818887	      0.22702650	     -1.06564590	      0.49964710	     -0.56528782
      3.58000000	  -9841.61689484	-1509075.67073892	-570318.92859215	    -58.86905428	   1604.26514438	   1738.62008939	  13667.12439760	-674381.14962426	1395491.32273398	     34.65695145	    -11.70623097	      1.93777757	    189.70969484	    -11.46784206	    -19.18232522	-558079.06407656	     -0.03707831	      6.87513374	     -0.03575262	     -9.38715844	     -6.12387367	     -1.21452152	    -19.28671198	      2.26998000	      3.26895358	 504980.44261744	      1.00149634	      8.02015728	      5.26420791	-1124825.99160524	     -0.24554351	     -0.10994416	     -0.06397248	     -0.01892892	     -0.02230789	      0.21052961	     -1.11593388	      0.51536179	     -0.59914164
      3.58500000	  -2053.23998452	-1517251.18899564	-554714.19960422	    -49.76810547	   1597.44093634	   1740.74546245	  23268.67318884	-699096.19210314	1383797.62759222	     34.23265437	    -11.82044896	      2.45889957	    179.33537548	    -14.27883826	    -21.45032751	-568944.42920036	     -0.03642322	      6.08785567	     -0.03641142	     -9.50087296	     -6.78783685	     -1.41883577	    -19.29714099	      2.46072277	      3.30876499	 517095.77467969	      0.91980922	      8.32942209	      5.48391238	-1137239.07664900	     -0.24378308	     -0.12027539	     -0.07304930	     -0.01523994	     -0.01561095	      0.19482606	     -1.15100207	      0.52221260	     -0.62954298
      3.59000000	   5267.95409890	-1524131.48894670	-537942.71899208	    -39.93932417	   1592.66722711	   1741.04516879	  32430.51722535	-723715.48678547	1370257.00918578	     33.62536240	    -11.97235030	      3.05474954	    169.17170646	    -16.85720791	    -23.28287651	-579170.89971189	     -0.03561534	      5.21718212	     -0.03699769	     -9.82406439	     -7.50399586	     -1.56816054	    -19.33332998	      2.55435664	      3.27150190	 528413.62068447	      0.82688592	      8.55403004	      5.66218754	-1149041.12448183	     -0.24259898	     -0.12890509	     -0.08223679	     -0.01104913	     -0.00818233	      0.18136529	     -1.16830140	      0.51798757	     -0.65474201
      3.59500000	  12761.00576898	-1528811.50916070	-519857.51965157	    -28.66813694	   1590.21308872	   1738.44046475	  41795.68752375	-747823.51671902	1353886.35290819	     32.80590123	    -12.17165456	      3.71101740	    159.28355731	    -19.09364481	    -24.56026271	-589001.34089304	     -0.03470345	      4.29747206	     -0.03750919	    -10.35498402	     -8.25240262	     -1.64409863	    -19.40660438	      2.53739210	      3.14804215	 539168.98209242	      0.72461560	      8.68473624	      5.78829331	-1159545.22168116	     -0.24193142	     -0.13547684	     -0.09138568	     -0.00643254	     -0.00015708	      0.17182753	     -1.16619060	      0.50110793	     -0.67319663
      3.60000000	  20898.21262830	-1532356.40608162	-500902.75607558	    -16.23551041	   1589.65366922	   1734.20388667	  51875.23012387	-771843.21928070	1335532.89160362	     31.75361292	    -12.42780990	      4.40894552	    149.70608906	    -20.88654855	    -25.17165330	-599254.49871177	     -0.03375095	      3.37068289	     -0.03795801	    -11.07376457	     -9.00170415	     -1.62905265	    -19.52214018	      2.40894964	      2.93536837	 550087.49825997	      0.61602442	      8.71776380	      5.85428069	-1169467.68675146	     -0.24184325	     -0.13974786	     -0.10027244	     -0.00151163	      0.00827228	      0.16799762	     -1.14415994	      0.47091279	     -0.68371689
      3.60500000	  29887.94033334	-1536091.72184143	-481541.03000214	     -3.19843052	   1590.62288607	   1729.92649401	  62924.30496996	-796387.33734148	1316303.04584677	     30.46066166	    -12.75276352	      5.12652327	    140.44152351	    -22.15036215	    -25.02255970	-610603.24542448	     -0.03283505	      2.48502120	     -0.03837605	    -11.94212696	     -9.70947774	     -1.50823643	    -19.67728720	      2.18226678	      2.63793242	 561743.40352506	      0.50546057	      8.65522185	      5.85576241	-1179759.38292162	     -0.24263905	     -0.14161682	     -0.10859071	      0.00354165	      0.01684988	      0.17157318	     -1.10295356	      0.42788155	     -0.68555917
      3.61000000	  39072.53149106	-1540354.59135672	-461933.38966062	      9.60490771	   1593.92913878	   1726.18202305	  74313.54045830	-821691.85139216	1296657.22721437	     28.93462217	    -13.16505606	      5.84078173	    131.45573113	    -22.82249664	    -24.04202328	-622549.16067348	     -0.03204617	      1.69298932	     -0.03882090	    -12.90514060	    -10.32455751	     -1.27198644	    -19.86052639	      1.88410721	      2.26834793	 573591.12320683	      0.39872279	      8.50475503	      5.79214763	-1190757.61319588	     -0.24500153	     -0.14113737	     -0.11595191	      0.00850096	      0.02525246	      0.18392425	     -1.04455771	      0.37374680	     -0.67845252
      3.61500000	  47656.76621605	-1545114.53677148	-442093.95354300	     21.42798924	   1600.37429050	   1723.18677432	  85268.82816097	-847795.05991241	1276770.46213495	     27.19846609	    -13.68832493	      6.52746753	    122.67776223	    -22.86525204	    -22.18561731	-634328.32297305	     -0.03143248	      1.04935389	     -0.03935087	    -13.89533903	    -10.79129496	     -0.91791273	    -20.05145795	      1.55190652	      1.84721364	 584827.82127131	      0.30296309	      8.27837405	      5.66626352	-1202518.14248986	     -0.24986992	     -0.13851545	     -0.12189358	      0.01308154	      0.03308921	      0.20584326	     -0.97203121	      0.31147126	     -0.66255112
      3.62000000	  55126.08815615	-1549846.17028881	-421759.90624666	     32.01604545	   1609.83396100	   1721.01070306	  95285.14608127	-874320.12529906	1256355.27846174	     25.29032619	    -14.33437626	      7.15284689	    114.00692462	    -22.26283342	    -19.43173452	-645226.65096196	     -0.03102610	      0.60960044	     -0.03989316	    -14.83882970	    -11.05503664	     -0.45231709	    -20.22184751	      1.22914198	      1.40208795	 594705.59427973	      0.22620810	      7.99068028	      5.48342788	-1214575.03826707	     -0.25774636	     -0.13409268	     -0.12589131	      0.01694673	      0.03990621	      0.23733933	     -0.88919106	      0.24509723	     -0.63832085
      3.62500000	  61330.09757084	-1554043.37666134	-400768.31491041	     41.35944659	   1621.65540673	   1719.52530117	 104215.80567092	-900934.57491438	1235041.52105813	     23.24262273	    -15.13326958	      7.69688101	    105.32627741	    -21.01940689	    -15.77767980	-654899.81217891	     -0.03097375	      0.42917451	     -0.04062523	    -15.66225305	    -11.06817727	      0.10943846	    -20.33739180	      0.95981419	      0.96569846	 602844.88798761	      0.17723261	      7.65683863	      5.25017339	-1226503.98610222	     -0.27022733	     -0.12831365	     -0.12738078	      0.01972051	      0.04522333	      0.27752617	     -0.80020255	      0.17947796	     -0.60638314
      3.63000000	  67322.86190580	-1557829.66432507	-379511.25934737	     49.94245605	   1633.98003867	   1718.04999523	 113126.07075233	-927982.81888920	1212472.10659351	     21.09500355	    -16.08593630	      8.12694883	     96.51699876	    -19.16312752	    -11.24675735	-664388.61402905	     -0.03139215	      0.55956092	     -0.04166185	    -16.29964139	    -10.79668318	      0.74360052	    -20.36009473	      0.78272312	      0.57329846	 610301.73552729	      0.16461157	      7.29052156	      4.97285910	-1238587.77630809	     -0.28810825	     -0.12166928	     -0.12580520	      0.02098922	      0.04853442	      0.32462567	     -0.70911990	      0.11986933	     -0.56734490
      3.63500000	  74162.41143005	-1561629.31252230	-358408.57954100	     58.32442348	   1645.16791876	   1716.28510817	 123093.19260663	-955941.08935070	1188485.17836918	     18.88827914	    -17.17073953	      8.40703541	     87.47200691	    -16.75381305	     -5.90730197	-674854.96920036	     -0.03240542	      1.04431621	     -0.04312952	    -16.69889188	    -10.22680444	      1.41965206	    -20.25150604	      0.72595038	      0.25907382	 618246.63959284	      0.19629977	      6.90204225	      4.65638938	-1251308.22037690	     -0.31183833	     -0.11462185	     -0.12069005	      0.02032260	      0.04933521	      0.37608153	     -0.61941975	      0.07137272	     -0.52164352
      3.64000000	  81716.82710433	-1566355.05910699	-337522.47076420	     66.76661768	   1655.55594449	   1715.79585122	 134022.81402890	-985208.26993292	1163793.19457023	     16.66271323	    -18.34087249	      8.50095480	     78.11026076	    -13.88641881	      0.11017568	-686542.80848292	     -0.03414100	      1.91392202	     -0.04516373	    -16.82741461	     -9.37066473	      2.10287387	    -19.97675386	      0.80218045	      0.05191609	 626841.78033827	      0.27900744	      6.49710197	      4.30329618	-1265281.45070668	     -0.34148898	     -0.10753870	     -0.11172357	      0.01729954	      0.04715234	      0.42876702	     -0.53360043	      0.03829880	     -0.46944493
      3.64500000	  89574.53051622	-1572790.06898137	-316813.61140678	     75.41931798	   1665.75678670	   1718.24328209	 145535.25611261	-1016139.31519652	1139074.65292147	     14.48682606	    -19.47911809	      8.35025627	     68.39078916	    -10.68379496	      6.61287349	-699406.23956604	     -0.03686724	      3.17854000	     -0.04826046	    -16.67578211	     -8.26856387	      2.75769383	    -19.50853914	      1.00601072	     -0.02852205	 635969.97966196	      0.41718730	      6.07663903	      3.91349556	-1281045.54284438	     -0.37482044	     -0.10066181	     -0.09881407	      0.01152824	      0.04155458	      0.47927285	     -0.45295535	      0.02360763	     -0.41064259
      3.65000000	  97404.47581165	-1580725.51652549	-296333.27188224	     84.13973155	   1675.38836562	   1723.32778926	 157291.11238728	-1048758.68607685	1114080.50818122	     12.41393102	    -20.46333513	      7.91894551	     58.32359665	     -7.28142516	     13.36177696	-713056.09254014	     -0.04117613	      4.82592463	     -0.05289671	    -16.25813189	     -6.98649545	      3.35129298	    -18.83002907	      1.31438801	      0.02562184	 645341.39955706	      0.61278546	      5.63796303	      3.48493040	-1298567.44545229	     -0.41002982	     -0.09411571	     -0.08211105	      0.00267380	      0.03222753	      0.52424677	     -0.37760236	      0.02857644	     -0.34498084
      3.65500000	 105107.36988039	-1589548.66400438	-276130.67131334	     92.73506574	   1683.90748694	   1730.42410417	 169157.37468924	-1082815.84184751	1088174.83450197	     10.46425234	    -21.20395969	      7.21289010	     47.97526938	     -3.81346305	     20.09046783	-727195.31074617	     -0.04701063	      6.81712275	     -0.05909376	    -15.60918746	     -5.60941072	      3.85665429	    -17.93626128	      1.69022896	      0.20981435	 654782.57133080	      0.86483480	      5.17680161	      3.01497399	-1317466.34805809	     -0.44702624	     -0.08793428	     -0.06199811	     -0.00942459	      0.01902935	      0.56072672	     -0.30674705	      0.05274080	     -0.27226710
      3.66000000	 113410.47330798	-1597999.82182080	-256073.00620744	    101.83301616	   1691.18229539	   1738.94097401	 181785.11153985	-1117411.19226673	1060106.74983558	      8.67582216	    -21.58022928	      6.23985647	     37.46859476	     -0.40483674	     26.51896693	-742052.07116693	     -0.05452570	      9.08146922	     -0.06704498	    -14.77891226	     -4.23200470	      4.25445349	    -16.83433327	      2.08812017	      0.50830169	 664675.15291427	      1.16844215	      4.68956301	      2.50217130	-1336634.85538026	     -0.48422889	     -0.08208770	     -0.03906615	     -0.02479199	      0.00198304	      0.58640470	     -0.23907515	      0.09406343	     -0.19260285
      3.66500000	 122994.41091981	-1604953.67213912	-236067.72954142	    112.07720831	   1696.92713027	   1748.57641717	 195762.42339280	-1151569.60381272	1028873.81785889	      7.13221162	    -21.37044355	      4.97824946	     26.97653391	      2.83241289	     32.36467633	-757858.31469751	     -0.06371666	     11.52272247	     -0.07609158	    -13.82606104	     -2.94868363	      4.53364829	    -15.54271610	      2.46068485	      0.89656435	 675442.32843450	      1.51373305	      4.17520432	      1.94786100	-1354984.23848440	     -0.51541397	     -0.07650279	     -0.01406911	     -0.04327043	     -0.01873858	      0.59978596	     -0.17316487	      0.14926191	     -0.10657449
      3.67000000	 133546.23302935	-1610490.92122519	-216213.53503047	    123.08034342	   1700.55891866	   1759.28496593	 210720.99834577	-1185089.04681864	 994715.70346689	      5.86465839	    -20.46250503	      3.47842502	     16.71071020	      5.80226929	     37.35583096	-774318.66100602	     -0.07291249	     14.02190828	     -0.08465871	    -12.81166818	     -1.84399786	      4.69094383	    -14.08990605	      2.76440710	      1.34445280	 687045.22299379	      1.88742337	      3.63634253	      1.35732985	-1372431.21978330	     -0.53761080	     -0.07107890	      0.01213495	     -0.06457101	     -0.04268816	      0.60023353	     -0.10784106	      0.21422504	     -0.01536947
      3.67500000	 144563.29943442	-1614605.34038389	-196600.36124410	    133.92630470	   1701.12778385	   1771.07487426	 226090.85901278	-1217696.75803570	 957910.39151724	      4.85162634	    -18.88254241	      1.85522624	      6.90442950	      8.42982713	     41.25171025	-790951.43580775	     -0.08163890	     16.44263984	     -0.09236142	    -11.79311363	     -0.98444287	      4.72947306	    -12.51246793	      2.96415402	      1.81951379	 699274.55840174	      2.27305014	      3.07952415	      0.74028686	-1388798.46545956	     -0.55158210	     -0.06570551	      0.03865328	     -0.08800101	     -0.06912042	      0.58790806	     -0.04243342	      0.28446383	      0.07919751
      3.68000000	 155744.47593061	-1615723.64869908	-177169.26385792	    144.12038405	   1696.43742315	   1782.77745287	 241413.56506146	-1247900.33237190	 917763.61361418	      4.13361986	    -16.53934846	      0.16742849	     -2.20816018	     10.66686131	     43.86662201	-806871.78662322	     -0.08936548	     18.64344877	     -0.09920617	    -10.81904946	     -0.41226770	      4.65710652	    -10.85246883	      3.03612562	      2.29016996	 711587.56614202	      2.64956053	      2.51478262	      0.11060851	-1402509.69404528	     -0.55160281	     -0.06027952	      0.06462937	     -0.11271361	     -0.09713241	      0.56363977	      0.02306979	      0.35555401	      0.17475060
      3.68500000	 166930.02719739	-1612169.45951847	-157910.92942793	    153.38489716	   1684.02477022	   1792.73541738	 256345.83495695	-1273985.35993755	 873682.95676863	      3.76658196	    -13.31499054	     -1.53702983	    -10.41344704	     12.49414375	     45.08888042	-821200.04791850	     -0.09741509	     20.49723241	     -0.10779955	     -9.92544623	     -0.14189069	      4.48481530	     -9.15450905	      2.96914045	      2.72837228	 723533.73809021	      2.99291782	      1.95469408	     -0.51454979	-1411803.40757662	     -0.52901189	     -0.05471409	      0.08930077	     -0.13779156	     -0.12564763	      0.52878499	      0.08797307	      0.42351023	      0.26850194
      3.69000000	 178352.68231529	-1603439.64078909	-138932.26386854	    161.55720493	   1662.39879821	   1799.99179826	 270986.01979051	-1295020.02865216	 825861.85085596	      3.64203379	     -9.48854033	     -3.08040041	    -17.53702285	     13.91917428	     44.88922690	-833787.42768750	     -0.10708427	     21.92554424	     -0.11793770	     -9.13306959	     -0.15932758	      4.22541491	     -7.46273002	      2.76423899	      3.11134490	 735398.09876438	      3.28042784	      1.41314906	     -1.11610144	-1415837.27919272	     -0.48849725	     -0.04893668	      0.11203337	     -0.16200064	     -0.15327709	      0.48510242	      0.15092555	      0.48503265	      0.35745992
      3.69500000	 190029.17339971	-1588931.52637461	-120358.20541276	    168.45465803	   1629.82531554	   1803.54465740	 285209.77865119	-1309996.35653008	 774615.42980994	      3.79566622	     -5.03577500	     -4.42326858	    -23.45759329	     14.97049642	     43.31856102	-844355.06377699	     -0.11795551	     22.88466782	     -0.12728627	     -8.44658544	     -0.42459346	      3.89285948	     -5.81814703	      2.43282886	      3.42228583	 747164.83364088	      3.48863962	      0.90404216	     -1.67460851	-1413681.66573350	     -0.42250952	     -0.04288206	      0.13233003	     -0.18405610	     -0.17873496	      0.43465913	      0.21005830	      0.53760578	      0.43866074
      3.70000000	 200712.00677371	-1566443.53642853	-102352.80058540	    172.92991175	   1583.17801189	   1799.84119360	 297539.54171577	-1316691.53384694	 719851.09636428	      4.25739256	      0.06808940	     -5.53782023	    -28.11561629	     15.69032376	     40.49802563	-850727.52421997	     -0.12518964	     23.37814181	     -0.13023014	     -7.85533175	     -0.87663403	      3.50210529	     -4.25654816	      1.99385714	      3.65018747	 756977.03221534	      3.59712151	      0.44005561	     -2.17186045	-1403103.55456708	     -0.32354003	     -0.03648661	      0.14981956	     -0.20294644	     -0.20076041	      0.37976334	      0.26318477	      0.57947486	      0.50938809
      3.70500000	 209084.88048639	-1533126.48680602	 -85102.27243470	    173.23357354	   1520.18588364	   1784.79203365	 306388.33271300	-1312234.62961400	 661433.59452579	      4.89128089	      5.45302414	     -6.31378607	    -31.51707584	     16.12736269	     36.60602670	-850263.61684055	     -0.12723042	     23.43615742	     -0.12869988	     -7.33565205	     -1.44022605	      3.06937157	     -2.80707403	      1.47062401	      3.78912147	 762493.40281237	      3.59249021	      0.03164343	     -2.59230118	-1381270.32382933	     -0.19953182	     -0.02968982	      0.16423672	     -0.21746096	     -0.21795209	      0.32290594	      0.30804460	      0.60955012	      0.56735988
      3.71000000	 214790.88570446	-1485297.13741259	 -68676.33230700	    169.22541280	   1440.86729117	   1755.13073033	 311073.82272102	-1292793.24320298	 598999.63525396	      5.76828057	     11.16455389	     -6.78362886	    -33.73239782	     16.33050025	     31.86417850	-840934.63244547	     -0.12523162	     23.13986453	     -0.12497903	     -6.85456429	     -2.03432689	      2.61244612	     -1.49145471	      0.88782904	      3.83734425	 761670.60252627	      3.46683730	     -0.31377445	     -2.92419701	-1344470.55926706	     -0.04485422	     -0.02244347	      0.17540222	     -0.22663615	     -0.22940322	      0.26668237	      0.34257780	      0.62728845	      0.61087335
      3.71500000	 217130.70133000	-1420787.95616745	 -53332.76625743	    160.53631640	   1346.03833741	   1706.56526628	 310689.63849679	-1255830.27468962	 533260.30225380	      6.88926921	     17.14791245	     -6.96035159	    -34.88919135	     16.34149704	     26.51923966	-820962.89351428	     -0.12305236	     22.60440954	     -0.12175744	     -6.37440888	     -2.58113065	      2.15068111	     -0.32381569	      0.26926994	      3.79646038	 752416.35161731	      3.22177811	     -0.59242370	     -3.16039429	-1290498.27861549	      0.13994161	     -0.01472004	      0.18320531	     -0.23001498	     -0.23451617	      0.21368264	      0.36521213	      0.63258271	      0.63889920
      3.72000000	 213135.17033419	-1342810.31222873	 -39785.11495840	    143.08757490	   1235.49054974	   1633.32322579	 302472.40027837	-1203963.29669203	 467559.57560231	      8.14350789	     23.15601356	     -6.83408117	    -35.15733370	     16.18548125	     20.81894128	-788804.95197077	     -0.12069605	     21.95235483	     -0.11723385	     -5.85793609	     -3.01451326	      1.70452160	      0.68901339	     -0.36366740	      3.67075193	 732472.05169363	      2.87000250	     -0.80453911	     -3.29855803	-1222640.80296261	      0.34453951	     -0.00651080	      0.18758950	     -0.22728934	     -0.23305602	      0.16636564	      0.37512358	      0.62567515	      0.65111936
      3.72500000	 199380.50230148	-1247307.87442446	 -28337.69890153	    113.99161414	   1110.49878133	   1529.71841104	 282771.93669072	-1133415.46592239	 402247.02723582	      9.58704547	     29.22210293	     -6.46046146	    -34.72843680	     15.86257430	     14.98731681	-739414.82566858	     -0.11723195	     21.28380243	     -0.11020905	     -5.27321801	     -3.28632482	      1.29459674	      1.54679338	     -0.99282165	      3.46670391	 696192.21747361	      2.43149925	     -0.95437256	     -3.34092357	-1137815.07215165	      0.56756000	      0.00218397	      0.18854547	     -0.21861138	     -0.22543007	      0.12693439	      0.37241558	      0.60710646	      0.64790798
      3.73000000	 174115.47157917	-1105895.69165195	 -18554.42682276	     76.95760368	    977.26678816	   1390.51003612	 248009.99403454	-1017469.85244989	 329552.83041930	     11.24866708	     35.28297346	     -5.87747662	    -33.79522182	     15.34559557	      9.20857456	-658154.43230792	     -0.11069080	     20.65405833	     -0.09965864	     -4.59787557	     -3.36967712	      0.94041593	      2.25495304	     -1.60346806	      3.19270586	 628770.45392510	      1.93428595	     -1.04979183	     -3.29367252	-1010148.15179360	      0.80354037	      0.01135949	      0.18611391	     -0.20468906	     -0.21250991	      0.09720355	      0.35817843	      0.57770125	      0.63025612
      3.73500000	 138575.21348556	-913046.12655100	 -11022.65986777	     33.54845732	    842.35033120	   1207.45947761	 199227.21851507	-849779.92714872	 250600.98159497	     13.00581322	     40.89114210	     -5.08976845	    -32.53464585	     14.58579681	      3.62324511	-542951.87604753	     -0.10166617	     20.05252383	     -0.08826693	     -3.82219227	     -3.25929504	      0.65871873	      2.82356913	     -2.18397113	      2.85887497	 526607.78171673	      1.41404128	     -1.10150853	     -3.16606308	-834872.16901469	      1.03323085	      0.02099866	      0.18039642	     -0.18641661	     -0.19543766	      0.07844861	      0.33441965	      0.53857545	      0.59964961
      3.74000000	  92508.48772007	-717879.05246128	  -7136.20921344	    -27.80075248	    705.63869972	    959.07795366	 139727.46558372	-676202.87561009	 182317.14593715	     14.84882502	     45.78548608	     -4.14582634	    -31.09476213	     13.52494867	     -1.66644425	-415536.47471138	     -0.09185569	     19.42798846	     -0.07664430	     -2.95070951	     -2.96951910	      0.46164714	      3.26626160	     -2.72501596	      2.47692037	 409466.23382370	      0.90706454	     -1.12202185	     -2.96944615	-659160.35897326	      1.24542905	      0.03105556	      0.17157031	     -0.16500881	     -0.17582067	      0.07125201	      0.30387459	      0.49114533	      0.55792171
      3.74500000	  24539.70054268	-490859.44381013	  -5604.26781084	   -110.12155686	    566.66313487	    643.03648546	  56423.44593617	-469395.00792322	 119655.04666401	     16.74073773	     49.61476007	     -3.09877410	    -29.58402071	     12.10962260	     -6.58846978	-251433.19152450	     -0.08166388	     18.68668271	     -0.06529043	     -2.00196616	     -2.53059420	      0.35508355	      3.59899903	     -3.21866315	      2.05992035	 253150.08534469	      0.44869620	     -1.12438394	     -2.71626211	-458185.38966758	      1.42711968	      0.04144014	      0.15989907	     -0.14200932	     -0.15540746	      0.07538773	      0.26971872	      0.43711012	      0.50710096
      3.75000000	 -27779.17022858	-201879.68835146	  -3572.36416585	   -169.43158933	    429.69021994	    347.06432288	 -14838.58536167	-197182.92880433	  50954.65046630	     18.61509665	     51.97239736	     -2.01049145	    -28.06367932	     10.30500756	    -11.09361554	 -69943.60886277	     -0.07150768	     17.71370583	     -0.05450953	     -1.00628361	     -1.98365308	      0.33762653	      3.83885492	     -3.65748052	      1.62188554	  74309.78696399	      0.06978070	     -1.12091311	     -2.41910267	-196585.16027815	      1.56452498	      0.05200998	      0.14573162	     -0.11906944	     -0.13588038	      0.08978968	      0.23521503	      0.37838471	      0.44926689
      3.75500000	 -12032.91516453	 -29221.32969901	   -844.84283046	   -168.09767473	    300.27131153	    156.90365373	 -10174.86359896	 -29215.68255041	   7953.53935593	     20.36956934	     52.44134827	     -0.95001062	    -26.54574435	      8.10825548	    -15.14720032	  -2973.00904450	     -0.06149428	     16.39899909	     -0.04451150	     -0.00196702	     -1.37503481	      0.40051455	      4.00278616	     -4.03393832	      1.17709369	   4344.22554086	     -0.20638902	     -1.12202892	     -2.08995520	 -30315.97039494	      1.64412097	      0.06256692	      0.12949043	     -0.09780578	     -0.11864333	      0.11261574	      0.20335197	      0.31698432	      0.38642523
      3.76000000	     -9.73233545	    -38.51951446	    -24.29743772	   -140.48624840	    185.55877990	     59.65351291	     -0.24347506	     17.85730060	      2.24887406	     21.85330927	     50.62806294	      0.01325272	    -24.99713869	      5.55923151	    -18.72037359	     18.32196282	     -0.05189936	     14.66239965	     -0.03562613	      0.96938863	     -0.75095423	      0.52846726	      4.10653254	     -4.34018287	      0.73929346	     -0.46853385	     -0.36610939	     -1.13539026	     -1.73970705	      0.95331456	      1.65307685	      0.07285740	      0.11165202	     -0.07959757	     -0.10463897	      0.14138861	      0.17653449	      0.25488371	      0.32041519
      3.76500000	   -541.00725309	   -911.56053691	    -40.30831967	   -127.37694597	     91.05333807	     18.35589664	   -491.68946463	   -872.95469312	    242.08866887	     22.89053203	     46.25208290	      0.81777069	    -23.34908556	      2.74524430	    -21.78365371	     87.19868201	     -0.04306954	     12.47439191	     -0.02806944	      1.86774753	     -0.15321558	      0.70127277	      4.16378611	     -4.56829066	      0.32090098	      0.79359670	     -0.40661076	     -1.16542842	     -1.37789754	   -977.91154830	      1.58190972	      0.08257888	      0.09272305	     -0.06543316	     -0.09426570	      0.17319362	      0.15637157	      0.19387970	      0.25285313
      3.77000000	     17.94457397	    -26.70964313	    -27.53125962	   -122.32604624	     16.34014562	     -2.01221468	      8.63621754	     25.49747518	      3.21860422	     23.30684606	     39.20520510	      1.42015431	    -21.51112319	     -0.20152684	    -24.30302115	     14.76351368	     -0.03527985	      9.86518644	     -0.02192070	      2.65882127	      0.38378993	      0.89589704	      4.18574014	     -4.71102800	     -0.06770665	     -0.79808214	     -0.33593477	     -1.21327566	     -1.01267652	      1.31871773	      1.42632044	      0.09139123	      0.07321637	     -0.05581450	     -0.08737869	      0.20491229	      0.14358343	      0.13548171	      0.18510956
      3.77500000	    -12.51591992	    -86.84665483	    -31.91268953	   -111.27710284	    -40.69746919	    -28.37641497	    -24.15953982	    -42.96485567	     16.11786863	     22.96005102	     29.58540825	      1.80239749	    -19.38818867	     -3.11642678	    -26.24053104	     15.66866731	     -0.02870040	      6.92227731	     -0.01713467	      3.31696383	      0.83470891	      1.08879116	      4.18099147	     -4.76294547	     -0.41873670	      1.35191089	     -0.17148104	     -1.27703637	     -0.65093292	    -70.80486035	      1.18841445	      0.09893495	      0.05362740	     -0.05072832	     -0.08338005	      0.23346952	      0.13802983	      0.08083623	      0.11831915
      3.78000000	     37.09637840	    -13.32334848	    -29.14585601	    -96.36423390	    -80.78379200	    -57.18997186	     17.72369577	     22.45570100	      3.66770989	     21.76735589	     17.69838921	      1.97361395	    -16.89795148	     -5.82728654	    -27.56328725	      8.62128058	     -0.02339177	      3.77794167	     -0.01357576	      3.82668587	      1.18365515	      1.25809711	      4.15576344	     -4.72151901	     -0.72730712	     -0.60635579	      0.06253035	     -1.35228707	     -0.29854199	      1.30866947	      0.87696760	      0.10486128	      0.03440875	     -0.04969044	     -0.08136967	      0.25608390	      0.13882949	      0.03068147	      0.05342281
      3.78500000	     40.61879270	    -10.72241589	    -28.60831112	    -82.61643766	   -104.94069679	    -79.59486616	     19.32427658	     12.83955428	      4.98426937	     19.72217430	      4.02762061	      1.96591585	    -13.98682709	     -8.18661018	    -28.25779077	      5.21248671	     -0.01932081	      0.58987443	     -0.01105808	      4.18296452	      1.42388976	      1.38554906	      4.11449855	     -4.58811881	     -0.99146754	     -0.26206764	      0.33825399	     -1.43266749	      0.03935169	     -3.72766633	      0.50665469	      0.10886880	      0.01594721	     -0.05185044	     -0.08031890	      0.27050258	      0.14452868	     -0.01465275	     -0.00877446
      3.79000000	     46.62364978	     -1.21518175	    -28.78743715	    -70.57159655	   -115.31054473	    -95.33569842	     24.83502641	      8.40440067	      3.26428353	     16.89625533	    -10.81952937	      1.82616949	    -10.64372140	    -10.09908538	    -28.34070148	      0.57483213	     -0.01638585	     -2.48066450	     -0.00937984	      4.39041740	      1.55703393	      1.45786787	      4.06073682	     -4.36866537	     -1.21187019	     -0.01449173	      0.62757603	     -1.51048148	      0.35810966	      0.91834980	      0.09640058	      0.11073299	     -0.00144721	     -0.05613202	     -0.07923537	      0.27518036	      0.15329156	     -0.05518045	     -0.06755539
      3.79500000	     47.83175835	      3.14937008	    -27.95704999	    -59.70927471	   -114.43336682	   -106.09978697	     27.00099169	     -2.37861534	      2.69240788	     13.42757368	    -26.17859407	      1.60635179	     -6.90915760	    -11.53666751	    -27.86153109	     -3.78632125	     -0.01444234	     -5.28886787	     -0.00834700	      4.46149342	      1.59179573	      1.46747132	      3.99795398	     -4.07378444	     -1.39114554	      0.41128241	      0.90514630	     -1.57728909	      0.65348279	      0.16958307	     -0.33281434	      0.11032130	     -0.01753798	     -0.06138133	     -0.07729654	      0.26937225	      0.16309503	     -0.09114015	     -0.12226250
      3.80000000	     47.94627082	      7.61877789	    -26.27365975	    -50.36372873	   -104.78458087	   -111.80872142	     28.95050498	    -13.37431003	      2.16024072	      9.49862467	    -41.39603143	      1.35500275	     -2.87736105	    -12.54031736	    -26.89922622	     -8.03375051	     -0.01332381	     -7.72147504	     -0.00778665	      4.41411985	      1.54219218	      1.41247584	      3.93005127	     -3.71829183	     -1.53310006	      0.75785801	      1.15068949	     -1.62448567	      0.92160120	      0.26331343	     -0.76028039	      0.10759676	     -0.03214980	     -0.06650161	     -0.07393803	      0.25314127	      0.17190963	     -0.12285426	     -0.17228606
      3.80500000	     46.34920454	     10.43701204	    -24.26795658	    -42.80089670	    -88.77427348	   -112.36532979	     29.86631372	    -25.60466795	      1.51989252	      5.31109284	    -55.88774395	      1.11137808	      1.30978243	    -13.20949432	    -25.55519292	    -12.06306781	     -0.01285661	     -9.70532925	     -0.00755241	      4.26932436	      1.42543663	      1.29612089	      3.86138362	     -3.32003532	     -1.64186987	      1.13128211	      1.35034507	     -1.64386372	      1.15906281	     -0.11724424	     -1.16760715	      0.10261501	     -0.04515325	     -0.07056231	     -0.06889037	      0.22729912	      0.17785081	     -0.15059811	     -0.21706485
      3.81000000	     43.62291723	     11.97739377	    -22.01653586	    -36.75543086	    -68.73276362	   -108.56042662	     30.04377546	    -38.01018859	      0.78559585	      1.06241408	    -69.18006357	      0.90279581	      5.47706487	    -13.68108911	    -23.94379911	    -15.72703995	     -0.01286946	    -11.20919191	     -0.00752397	      4.04918834	      1.25977200	      1.12579868	      3.79632973	     -2.89829867	     -1.72115178	      1.48458532	      1.49696326	     -1.62817084	      1.36309371	     -0.48883166	     -1.54017214	      0.09551784	     -0.05644903	     -0.07287608	     -0.06216666	      0.19329456	      0.17929589	     -0.17449656	     -0.25609845
      3.81500000	     40.08125525	     12.33910215	    -19.52369903	    -31.76375099	    -46.82353835	   -101.48106601	     29.56934814	    -49.95605278	      0.12331466	     -3.07132745	    -80.92979530	      0.74463051	      9.43706027	    -14.10174306	    -22.18135080	    -18.85563791	     -0.01319957	    -12.23990552	     -0.00760331	      3.77528399	      1.06253144	      0.91185548	      3.73850680	     -2.47202666	     -1.77361865	      1.77990980	      1.58947649	     -1.57168497	      1.53171743	     -0.86009216	     -1.86781284	      0.08652456	     -0.06595407	     -0.07303951	     -0.05401115	      0.15305818	      0.17497214	     -0.19446314	     -0.28896530
      3.82000000	     35.96691707	     11.61445202	    -16.93465665	    -27.38820549	    -24.99321755	    -92.12813548	     28.51809141	    -60.98019994	     -0.44164253	     -6.94436949	    -90.92450884	      0.64186752	     13.01371763	    -14.59976436	    -20.37512008	    -21.36455183	     -0.01369700	    -12.83469525	     -0.00771037	      3.46758747	      0.84867164	      0.66631851	      3.68987378	     -2.05812943	     -1.80060964	      2.00657277	      1.63162341	     -1.47077918	      1.66386550	     -1.18804044	     -2.14479003	      0.07592110	     -0.07359256	     -0.07093718	     -0.04482478	      0.10881393	      0.16402206	     -0.21019407	     -0.31534011
      3.82500000	     31.46094914	      9.89867414	    -14.40981203	    -23.22321601	     -4.95155174	    -81.44380154	     26.93539680	    -70.79077070	     -0.91436668	    -10.44350185	    -99.06698852	      0.59124829	     16.06296358	    -15.26297352	    -18.61406527	    -23.21727348	     -0.01422789	    -13.05149276	     -0.00777989	      3.14375388	      0.62993667	      0.40170134	      3.65000831	     -1.67011228	     -1.80212894	      2.16700603	      1.63037401	     -1.32438016	      1.75938058	     -1.48405429	     -2.36918324	      0.06404593	     -0.07929418	     -0.06671405	     -0.03508600	      0.06287700	      0.14604588	     -0.22121815	     -0.33500455
      3.83000000	     26.76779179	      7.40639800	    -12.05510482	    -18.91465024	     11.86574065	    -70.30870624	     24.89980795	    -79.13480686	     -1.28387530	    -13.48619242	   -105.34919185	      0.58343971	     18.48652184	    -16.12666730	    -16.96242363	    -24.40624797	     -0.01467726	    -12.95901430	     -0.00775976	      2.81862841	      0.41465594	      0.13001263	      3.61576544	     -1.31724075	     -1.77712170	      2.26161289	      1.59437393	     -1.13420672	      1.81890033	     -1.73846443	     -2.54194041	      0.05127299	     -0.08299848	     -0.06072408	     -0.02528193	      0.01746359	      0.12111661	     -0.22698833	     -0.34784816
      3.83500000	     22.09490293	      4.40293944	     -9.94298630	    -14.21716004	     24.35442352	    -59.46270472	     22.50240206	    -85.83504554	     -1.54475648	    -16.01685326	   -109.82194524	      0.60501635	     20.23792055	    -17.17290847	    -15.45677452	    -24.95559743	     -0.01495156	    -12.62794935	     -0.00761096	      2.50394396	      0.20806793	     -0.13795895	      3.58143909	     -1.00434788	     -1.72394979	      2.29367562	      1.53262383	     -0.90471589	      1.84366482	     -1.94396168	     -2.66581238	      0.03799281	     -0.08466303	     -0.05346247	     -0.01585769	     -0.02546471	      0.08976179	     -0.22699185	     -0.35386320
      3.84000000	     17.63882128	      1.15844982	     -8.12454786	     -9.02655752	     31.79777804	    -49.46706532	     19.83744078	    -90.79428860	     -1.70905141	    -18.00282643	   -112.56661564	      0.64031203	     21.32114766	    -18.33977659	    -14.10658599	    -24.91823307	     -0.01498098	    -12.12413920	     -0.00730865	      2.20818796	      0.01303948	     -0.39306834	      3.53943161	     -0.73221603	     -1.64096390	      2.27128124	      1.45350215	     -0.64276832	      1.83531516	     -2.09957041	     -2.74437311	      0.02459287	     -0.08427346	     -0.04548995	     -0.00718529	     -0.06431122	      0.05291355	     -0.22085674	     -0.35314030
      3.84500000	     13.57718584	     -2.06922215	     -6.62161733	     -3.38095633	     33.90293158	    -40.71478218	     17.00149923	    -93.97142838	     -1.79617240	    -19.43091825	   -113.67371455	      0.67330788	     21.78294212	    -19.53722439	    -12.89767704	    -24.36401769	     -0.01472039	    -11.50418000	     -0.00684364	      1.93659751	     -0.16898605	     -0.62799140	      3.48130036	     -0.49834236	     -1.52710008	      2.20428868	      1.36415565	     -0.35710838	      1.79573394	     -2.20711203	     -2.78126642	      0.01143816	     -0.08185502	     -0.03735797	      0.00045051	     -0.09791188	      0.01183792	     -0.20844529	     -0.34586954
      3.85000000	     10.05374484	     -5.05171176	     -5.42482290	      2.55204121	     30.80605794	    -33.44684906	     14.08848234	    -95.36495370	     -1.82572133	    -20.30464596	   -113.23066180	      0.68958299	     21.70070111	    -20.66483381	    -11.79756065	    -23.36931672	     -0.01414896	    -10.81335796	     -0.00622340	      1.69129308	     -0.33703100	     -0.83722273	      3.39899285	     -0.29791351	     -1.38245835	      2.10207119	      1.27021563	     -0.05776330	      1.72695663	     -2.26815914	     -2.77974230	     -0.00114668	     -0.07748489	     -0.02954371	      0.00685377	     -0.12556473	     -0.03194687	     -0.18993077	     -0.33234905
      3.85500000	      7.16045659	     -7.60868401	     -4.49922874	      8.50118213	     23.04054263	    -27.76261354	     11.18052736	    -95.00957956	     -1.81611186	    -20.64190374	   -111.31795391	      0.67808514	     21.16879956	    -21.62695633	    -10.76150493	    -22.00999640	     -0.01326830	    -10.08537766	     -0.00547225	      1.47162857	     -0.48981192	     -1.01693096	      3.28608271	     -0.12486375	     -1.20877501	      1.97294667	      1.17575716	      0.24457854	      1.63116899	     -2.28468386	     -2.74247070	     -0.01289115	     -0.07130197	     -0.02240264	      0.01191168	     -0.14701721	     -0.07676045	     -0.16584364	     -0.31299971
      3.86000000	      4.92820807	     -9.61492428	     -3.78981630	     14.13528704	     11.46803114	    -23.63191259	      8.34214877	    -92.97370406	     -1.78294957	    -20.47269570	   -108.01140452	      0.63238643	     20.28561690	    -22.34273599	     -9.73845484	    -20.35628002	     -0.01209953	     -9.34322309	     -0.00463010	      1.27478778	     -0.62526823	     -1.16470043	      3.13878548	      0.02711592	     -1.00968229	      1.82378757	      1.08341064	      0.53917683	      1.51078433	     -2.25936660	     -2.67157443	     -0.02358673	     -0.06351087	     -0.01614384	      0.01558561	     -0.16240942	     -0.12085593	     -0.13707350	     -0.28838028
      3.86500000	      3.32861142	    -10.99618926	     -3.22614760	     19.11968290	     -2.82193305	    -20.91293496	      5.61955540	    -89.35505742	     -1.73680142	    -19.83713613	   -103.38779504	      0.55125250	     19.14269211	    -22.75068313	     -8.67645550	    -18.46950687	     -0.01067944	     -8.60053960	     -0.00374887	      1.09656535	     -0.74043892	     -1.27922729	      2.95653047	      0.16373276	     -0.79071317	      1.65964336	      0.99454515	      0.81581096	      1.36856960	     -2.19512437	     -2.56880468	     -0.03308806	     -0.05437997	     -0.01082979	      0.01790205	     -0.17218428	     -0.16251743	     -0.10482693	     -0.25919618
      3.87000000	      2.28432500	    -11.72027635	     -2.72821752	     23.17156622	    -18.63159476	    -19.37359115	      3.04384671	    -84.27679196	     -1.68231983	    -18.78427464	    -97.53139251	      0.43855388	     17.81722531	    -22.80866164	     -7.52750234	    -16.40137492	     -0.00905627	     -7.86304098	     -0.00288612	      0.93220533	     -0.83170086	     -1.36004852	      2.74197085	      0.28947417	     -0.55906154	      1.48378206	      0.90946391	      1.06528354	      1.20776905	     -2.09484479	     -2.43578194	     -0.04130804	     -0.04423325	     -0.00639789	      0.01894463	     -0.17698153	     -0.20015367	     -0.07054970	     -0.22629562
      3.87500000	      1.68496750	    -11.78786858	     -2.21337721	     26.10164669	    -34.77678578	    -18.71485101	      0.63644066	    -77.88444598	     -1.61885732	    -17.37173682	    -90.53939664	      0.30260374	     16.36866465	    -22.49122340	     -6.25168195	    -14.19528727	     -0.00728539	     -7.12973986	     -0.00209667	      0.77714460	     -0.89530400	     -1.40734250	      2.50046749	      0.40726740	     -0.32312153	      1.29811596	      0.82758991	      1.27981348	      1.03216624	     -1.96146615	     -2.27423938	     -0.04820728	     -0.03343595	     -0.00269677	      0.01884695	     -0.17753168	     -0.23237747	     -0.03582288	     -0.19064769
      3.88000000	      1.40525150	    -11.22589721	     -1.60337510	     27.83543448	    -50.19300666	    -18.59827040	     -1.58504806	    -70.34317206	     -1.54179845	    -15.66543270	    -82.52534813	      0.15499405	     14.83889500	    -21.78700862	     -4.82047009	    -11.88888572	     -0.00542526	     -6.39410657	     -0.00142436	      0.62756195	     -0.92804583	     -1.42181778	      2.23921398	      0.51842749	     -0.09186667	      1.10376648	      0.74765264	      1.45329925	      0.84605007	     -1.79809519	     -2.08622684	     -0.05378057	     -0.02237529	      0.00047161	      0.01778495	     -0.17456600	     -0.25806471	     -0.00224609	     -0.15330352
      3.88500000	      1.32193082	    -10.08465676	     -0.83118948	     28.41261235	    -64.01151835	    -18.67957512	     -3.60211876	    -61.83510524	     -1.44417716	    -13.73851512	    -73.62042701	      0.00903858	     13.25492275	    -20.69799026	     -3.21927297	     -9.51696714	     -0.00353380	     -5.64533990	     -0.00089590	      0.48069914	     -0.92796267	     -1.40470711	      1.96620950	      0.62280288	      0.12582569	      0.90163331	      0.66788997	      1.58147682	      0.65411080	     -1.60809353	     -1.87425482	     -0.05804396	     -0.01143945	      0.00331154	      0.01596762	     -0.16875489	     -0.27639438	      0.02867769	     -0.11535005
      3.89000000	      1.32707151	     -8.43760848	      0.15250306	     27.96867508	    -75.59678480	    -18.64482887	     -5.39294299	    -52.55692638	     -1.31840013	    -11.66917932	    -63.97317826	     -0.12200066	     11.63317431	    -19.24035316	     -1.44937200	     -7.11413013	     -0.00166589	     -4.86989482	     -0.00051817	      0.33493980	     -0.89499521	     -1.35785832	      1.68923078	      0.71901970	      0.32180959	      0.69291074	      0.58627277	      1.66199711	      0.46131492	     -1.39518138	     -1.64138221	     -0.06102489	     -0.00099796	      0.00599925	      0.01362619	     -0.16067749	     -0.28687250	      0.05564395	     -0.07786579
      3.89500000	      1.33586409	     -6.38165660	      1.37350307	     26.70676685	    -84.54278521	    -18.24260499	     -6.93268423	    -42.71752782	     -1.15787585	     -9.53741316	    -53.74846067	     -0.22663489	      9.98466080	    -17.44598147	      0.47054228	     -4.71658857	      0.00012793	     -4.05342278	     -0.00027936	      0.18968088	     -0.83156967	     -1.28388004	      1.41491367	      0.80479443	      0.48921746	      0.47948864	      0.50076904	      1.69442835	      0.27276716	     -1.16354714	     -1.39126764	     -0.06275643	      0.00861484	      0.00865725	      0.01100099	     -0.15081842	     -0.28933985	      0.07762721	     -0.04187881
      3.90000000	      1.28814371	     -4.03582811	      2.82936477	     24.86497041	    -90.63239834	    -17.30797358	     -8.19650381	    -32.53558888	     -0.95835237	     -7.42116225	    -43.12632544	     -0.29650226	      8.32020556	    -15.36372056	      2.50327364	     -2.36282151	      0.00180163	     -3.18323468	     -0.00015364	      0.04508974	     -0.74299976	     -1.18629021	      1.14804974	      0.87728200	      0.62289934	      0.26418080	      0.40966193	      1.68019818	      0.09354186	     -0.91792336	     -1.12819771	     -0.06327595	      0.01711319	      0.01133983	      0.00832510	     -0.13958442	     -0.28396596	      0.09393780	     -0.00832335
      3.90500000	      1.14454410	     -1.53596867	      4.48752088	     22.68441756	    -93.77135314	    -15.77556033	     -9.16419575	    -22.23675785	     -0.71887235	     -5.39230719	    -32.30109512	     -0.32715555	      6.65462049	    -13.05891805	      4.59387905	     -0.09307853	      0.00331285	     -2.25115857	     -0.00010849	     -0.09818576	     -0.63756224	     -1.06960492	      0.89121566	      0.93338275	      0.71969747	      0.05075536	      0.31190112	      1.62250115	     -0.07149650	     -0.66360762	     -0.85708889	     -0.06262947	      0.02426994	      0.01403088	      0.00580573	     -0.12733345	     -0.27123345	      0.10425018	      0.02199777
      3.91000000	      0.87958097	      0.97630526	      6.28843148	     20.38683134	    -93.91225245	    -13.67899015	     -9.82476443	    -12.05003625	     -0.44234500	     -3.51266360	    -21.48039621	     -0.31826187	      5.00866503	    -10.60957696	      6.67426557	      2.05197380	      0.00462143	     -1.25639023	     -0.00011342	     -0.23930774	     -0.52607118	     -0.93929608	      0.64482661	      0.96994422	      0.77847990	     -0.15621827	      0.20743141	      1.52618949	     -0.21783114	     -0.40641687	     -0.58345118	     -0.06088291	      0.02992202	      0.01665340	      0.00360595	     -0.11440838	     -0.25191497	      0.10859645	      0.04843077
      3.91500000	      0.47371723	      3.36837428	      8.15248434	     18.16218423	    -90.98198643	    -11.13855691	    -10.17992134	     -2.20308443	     -0.13570498	     -1.83055417	    -10.88362351	     -0.27327940	      3.40877061	     -8.10002002	      8.67041376	      4.03308908	      0.00568772	     -0.20779486	     -0.00014846	     -0.37745792	     -0.42094876	     -0.80159048	      0.40753641	      0.98387063	      0.79995683	     -0.35165446	      0.09743641	      1.39765651	     -0.34136941	     -0.15256894	     -0.31330270	     -0.05813617	      0.03397071	      0.01908675	      0.00182996	     -0.10116293	     -0.22704733	      0.10732877	      0.07046763
      3.92000000	     -0.09475037	      5.53008567	      9.98662258	     16.15869927	    -84.82175829	     -8.34255428	    -10.24632491	      7.08338286	      0.19041374	     -0.37902657	     -0.73912301	     -0.19872349	      1.88553005	     -5.61489502	     10.50832727	      5.81438401	      0.00647141	      0.87493579	     -0.00021092	     -0.51192590	     -0.33501421	     -0.66314740	      0.17677637	      0.97222343	      0.78639799	     -0.53029863	     -0.01555620	      1.24471507	     -0.43847637	      0.09150331	     -0.05302675	     -0.05453333	      0.03637696	      0.02118686	      0.00051432	     -0.08796883	     -0.19790695	      0.10106442	      0.08773417
      3.92500000	     -0.85741747	      7.38277936	     11.68946433	     14.47515281	    -75.14592103	     -5.52468881	    -10.05621224	     15.60154363	      0.52247775	      0.82359677	      8.72073129	     -0.10318656	      0.47153178	     -3.23456070	     12.11740318	      7.36501531	      0.00693109	      1.96174990	     -0.00031938	     -0.64213507	     -0.28021413	     -0.53066131	     -0.05067508	      0.93237249	      0.74132588	     -0.68706932	     -0.12774819	      1.07646560	     -0.50597296	      0.31938402	      0.19083583	     -0.05026636	      0.03715260	      0.02280521	     -0.00037323	     -0.07520282	     -0.16598534	      0.09062344	      0.09997474
      3.93000000	     -1.86174099	      8.88364778	     13.15697937	     13.16144688	    -61.52260722	     -2.93676982	     -9.65589799	     23.16220050	      0.84519778	      1.77115413	     17.26701143	      0.00372167	     -0.80126207	     -1.03101235	     13.43314263	      8.66032031	      0.00702440	      3.01443752	     -0.00051434	     -0.76766910	     -0.26643382	     -0.41042367	     -0.27809297	      0.86216199	      0.66918653	     -0.81734619	     -0.23433212	      0.90312862	     -0.54110599	      0.52492686	      0.41185745	     -0.04557397	      0.03634947	      0.02380384	     -0.00092662	     -0.06321971	     -0.13295799	      0.07696278	      0.10703146
      3.93500000	     -3.17375183	     10.02548495	     14.29012013	     12.22556114	    -43.37743573	     -0.81643413	     -9.10226805	     29.59989004	      1.14285246	      2.46590911	     24.68389484	      0.11239330	     -1.90404793	      0.93587903	     14.40060023	      9.68237123	      0.00670855	      3.99023825	     -0.00085581	     -0.88830942	     -0.30053734	     -0.30789588	     -0.50823082	      0.76001988	      0.57500383	     -0.91718914	     -0.32991094	      0.73579206	     -0.54152604	      0.70251229	      0.60403731	     -0.04073639	      0.03404981	      0.02406586	     -0.00128662	     -0.05232066	     -0.10063815	      0.06111207	      0.10882217
      3.94000000	     -4.87715051	     10.83200440	     15.00380315	     11.64142718	    -20.02089094	      0.64706130	     -8.45801313	     34.77707057	      1.40063943	      2.91454078	     30.77945783	      0.21411369	     -2.81333287	      2.62132933	     14.97837018	     10.42005589	      0.00594145	      4.84620454	     -0.00141806	     -1.00408858	     -0.38577757	     -0.22736326	     -0.74285722	      0.62500286	      0.46404097	     -0.98349633	     -0.40900960	      0.58603503	     -0.50529554	      0.84729456	      0.76212199	     -0.03606620	      0.03035884	      0.02350239	     -0.00162114	     -0.04272696	     -0.07091075	      0.04411468	      0.10532158
      3.94500000	     -7.06948351	     11.35063305	     15.23575891	     11.35742410	      9.30341487	      1.34198171	     -7.78636874	     38.58733063	      1.60588747	      3.12459875	     35.39626809	      0.30175922	     -3.51298584	      3.99793813	     15.14250615	     10.86881289	      0.00468351	      5.54358434	     -0.00228262	     -1.11536588	     -0.52163641	     -0.17172390	     -0.98242962	      0.45679869	      0.34147986	     -1.01410424	     -0.46659302	      0.46543753	     -0.43091763	      0.95541342	      0.88189577	     -0.03189634	      0.02539905	      0.02205633	     -0.00210408	     -0.03456789	     -0.04564935	      0.02697421	      0.09654634
      3.95000000	     -9.85594254	     11.64592518	     14.95437275	     11.30402616	     45.35696398	      1.25190241	     -7.14604060	     40.95784484	      1.74897206	      3.10184403	     38.42042741	      0.37025637	     -3.99599035	      5.05807707	     14.89024608	     11.03015336	      0.00290006	      6.05157963	     -0.00353051	     -1.22290579	     -0.70406971	     -0.14242584	     -1.22590708	      0.25564032	      0.21212479	     -1.00782993	     -0.49851247	      0.38500990	     -0.31740620	      1.02414862	      0.96041001	     -0.02856689	      0.01930738	      0.01970301	     -0.00289656	     -0.02788496	     -0.02662261	      0.01060841	      0.08254911
      3.95500000	    -13.34114322	     11.79507903	     14.16474593	     11.39602216	     88.83923956	      0.46006619	     -6.58704083	     41.85137268	      1.82385521	      2.84873247	     39.78795386	      0.41677269	     -4.26524248	      5.81616624	     14.24314999	     10.91117007	      0.00056429	      6.35000162	     -0.00523467	     -1.32794280	     -0.92611204	     -0.13953636	     -1.47076388	      0.02207322	      0.08013014	     -0.96447132	     -0.50182951	      0.35457260	     -0.16442377	      1.05201576	      0.99612647	     -0.02641015	      0.01223609	      0.01644867	     -0.00413246	     -0.02264880	     -0.01539471	     -0.00418937	      0.06342752
      3.96000000	    -17.61984730	     11.88269037	     12.90855254	     11.53419110	    140.31829959	     -0.86303739	     -6.14798108	     41.26788001	      1.82825726	      2.36441698	     39.48789211	      0.44064064	     -4.33340446	      6.30797533	     13.24612211	     10.52423620	     -0.00233971	      6.43055946	     -0.00745327	     -1.43222005	     -1.17884597	     -0.16192650	     -1.71328402	     -0.24332619	     -0.05125865	     -0.88478689	     -0.47499997	      0.38210697	      0.02759058	      1.03880993	      0.98895942	     -0.02573011	      0.00434959	      0.01232758	     -0.00590866	     -0.01877928	     -0.01322302	     -0.01679086	      0.03933881
      3.96500000	    -22.76747355	     11.99110910	     11.25239709	     11.61734317	    200.15854187	     -2.49315526	     -5.85491948	     39.24554384	      1.76349384	      1.64654422	     37.56204101	      0.44306088	     -4.22204077	      6.58389605	     11.95808846	      9.88691166	     -0.00581386	      6.29672725	     -0.01022399	     -1.53791175	     -1.45265870	     -0.20754395	     -1.94903942	     -0.54001998	     -0.17989062	     -0.77046033	     -0.41791893	      0.47310467	      0.25740942	      0.98559338	      0.94021908	     -0.02677169	     -0.00419109	      0.00739824	     -0.00827965	     -0.01615777	     -0.02096011	     -0.02677719	      0.01050609
      3.97000000	    -28.83088273	     12.18961884	      9.26956572	     11.56247298	    268.45176549	     -4.19817389	     -5.72150733	     35.86077544	      1.63402623	      0.69439940	     34.10165844	      0.42666326	     -3.96009387	      6.69875418	     10.43839072	      9.02186460	     -0.00984339	      5.96234943	     -0.01356026	     -1.64734347	     -1.73844699	     -0.27370317	     -2.17329280	     -0.86724436	     -0.30469445	     -0.62404580	     -0.33183469	      0.63000842	      0.52308362	      0.89462395	      0.85248088	     -0.02968714	     -0.01324784	      0.00173922	     -0.01125721	     -0.01463141	     -0.03897480	     -0.03396201	     -0.02278223
      3.97500000	    -35.82064904	     12.53003241	      7.02786188	     11.32066890	    344.96387426	     -5.77687644	     -5.75010583	     31.22714268	      1.44683889	     -0.48771473	     29.24193167	      0.39499268	     -3.58231916	      6.70477233	      8.73910324	      7.95663862	     -0.01439465	      5.44937933	     -0.01744969	     -1.76259104	     -2.02839622	     -0.35731171	     -2.38120380	     -1.22362610	     -0.42545995	     -0.44889790	     -0.21915461	      0.85187768	      0.82197034	      0.76924046	      0.72941044	     -0.03451568	     -0.02271267	     -0.00455435	     -0.01481501	     -0.01401896	     -0.06710806	     -0.03837342	     -0.06017160
      3.98000000	    -43.70622177	     13.04992129	      4.58774926	     10.88261830	    429.10507080	     -7.08199340	     -5.93359311	     25.49340153	      1.21078805	     -1.88788361	     23.15518123	      0.35197767	     -3.12804837	      6.64977666	      6.90610397	      6.72325073	     -0.01941422	      4.78527168	     -0.02185425	     -1.88507335	     -2.31627204	     -0.45501156	     -2.56793329	     -1.60693151	     -0.54255275	     -0.24909263	     -0.08318754	      1.13434176	      1.15070891	      0.61373248	      0.57556634	     -0.04118122	     -0.03250075	     -0.01137368	     -0.01889666	     -0.01412090	     -0.10467012	     -0.04020755	     -0.10123957
      3.98500000	    -52.41473499	     13.77642078	      2.00320103	     10.27659918	    519.92475325	     -8.03382681	     -6.25744404	     18.84059390	      0.93597048	     -3.48518145	     16.04379924	      0.30146186	     -2.63994537	      6.57639451	      4.98181341	      5.35758151	     -0.02482931	      4.00049290	     -0.02671163	     -2.01514499	     -2.59742420	     -0.56328459	     -2.72882852	     -2.01392693	     -0.65665113	     -0.02932902	      0.07212301	      1.46981496	      1.50523290	      0.43320561	      0.39620225	     -0.04949984	     -0.04254162	     -0.01859941	     -0.02342494	     -0.01472805	     -0.15047801	     -0.03977956	     -0.14549861
      3.99000000	    -61.83372829	     14.72447046	     -0.68212087	      9.56415672	    616.13085953	     -8.62959702	     -6.70147203	     11.47770986	      0.63309146	     -5.24936783	      8.13357630	      0.24688732	     -2.16282721	      6.51829649	      3.00296616	      3.89841155	     -0.03054993	      3.12645117	     -0.03193754	     -2.15169765	     -2.86869995	     -0.67858210	     -2.85976613	     -2.44018227	     -0.76850131	      0.20521421	      0.24243295	      1.84791661	      1.88086966	      0.23343269	      0.19708871	     -0.05918835	     -0.05277860	     -0.02610696	     -0.02830999	     -0.01562704	     -0.20292882	     -0.03748605	     -0.19240484
      3.99500000	    -71.81719985	     15.89204189	     -3.44098802	      8.83169652	    716.13417713	     -8.94545327	     -7.24102338	      3.63575238	      0.31288834	     -7.14169535	     -0.33277402	      0.19119213	     -1.74256021	      6.49530638	      0.99529340	      2.38610025	     -0.03647254	      2.19398611	     -0.03742905	     -2.29186410	     -3.12830059	     -0.79746380	     -2.95744851	     -2.87977402	     -0.87867059	      0.44907463	      0.42317808	      2.25604418	      2.27250132	      0.02068721	     -0.01563975	     -0.06987387	     -0.06317201	     -0.03377449	     -0.03345543	     -0.01660441	     -0.26009824	     -0.03377285	     -0.24137193
      4.00000000	    -82.19371135	     17.25947623	     -6.26291668	      8.17458893	    818.12037728	     -9.12496852	     -7.84815669	     -4.43954862	     -0.01426496	     -9.11686222	     -9.10231882	      0.13688263	     -1.42431776	      6.51252441	     -1.02776836	      0.86114181	     -0.04248501	      1.23242647	     -0.04306912	     -2.43096081	     -3.37552717	     -0.91666776	     -3.01943525	     -3.32505383	     -0.98731043	      0.69671587	      0.60970949	      2.68009166	      2.67476426	     -0.19843626	     -0.23562248	     -0.08111157	     -0.07369610	     -0.04149077	     -0.03876267	     -0.01744724	     -0.31985520	     -0.02909221	     -0.29179307
