,time,Force_Fx1,Force_Fy1,Force_Fz1,Moment_Mx1,Moment_My1,Moment_Mz1,Force_Fx2,Force_Fy2,Force_Fz2,Moment_Mx2,Moment_My2,Moment_Mz2,Force_Fx3,Force_Fy3,Force_Fz3,Moment_Mx3,Moment_My3,Moment_Mz3,Force_Fx4,Force_Fy4,Force_Fz4,Moment_Mx4,Moment_My4,Moment_Mz4,Voltage_1,Voltage_2,Voltage_3,Voltage_4,Voltage_5,Voltage_6,Voltage_7,Voltage_8,Voltage_9,Voltage_10,Voltage_11,Voltage_12,Voltage_13,Voltage_14,Voltage_15,Voltage_16,Voltage_1-VM,Voltage_2-VL,Voltage_3-RF,Voltage_4-GRA,Voltage_5-TA,Voltage_6-AL,Voltage_7-ST,Voltage_8-BF,Voltage_9-MG,Voltage_10-LG,Voltage_11-TFL,Voltage_12-Gmax,Voltage_13-Gmed-intra,Voltage_14-PIR-intra,Voltage_15-OI-intra,Voltage_16-QF-intra,Force_Rig
0,0.255,-0.0,-0.0,-0.0,-0.0,-0.0,-0.0,-2.8329505920410156,5.949970722198486,-692.3238525390625,-223894.203125,7710.95458984375,2600.913818359375,-0.0,-0.0,-0.0,-0.0,-0.0,-0.0,-0.0,-0.0,-0.0,-0.0,-0.0,-0.0,0.0093841552734375,0.00804901123046875,0.01110076904296875,0.0138092041015625,0.01239776611328125,0.01300811767578125,0.010833740234375,0.01918792724609375,0.00766754150390625,0.0148773193359375,0.02758026123046875,0.00926971435546875,0.023956298828125,0.00965118408203125,0.0054931640625,0.02429962158203125,0.082550048828125,0.15777587890625,0.077667236328125,0.09735107421875,0.073699951171875,0.096435546875,0.09033203125,0.102386474609375,0.092315673828125,0.115814208984375,0.11932373046875,0.097808837890625,1.086273193359375,0.692138671875,-0.4736328125,1.308135986328125,10.157575607299805
1,0.2555,-0.0,-0.0,-0.0,-0.0,-0.0,-0.0,-1.984670639038086,6.640273571014404,-689.4954223632812,-223428.171875,6816.427734375,2169.815185546875,-0.0,-0.0,-0.0,-0.0,-0.0,-0.0,-0.0,-0.0,-0.0,-0.0,-0.0,-0.0,0.00698089599609375,0.0043487548828125,0.007171630859375,0.01125335693359375,0.0078582763671875,0.0112152099609375,0.00942230224609375,0.01613616943359375,0.00484466552734375,0.0133514404296875,0.0348663330078125,0.00301361083984375,0.02704620361328125,0.00453948974609375,0.00091552734375,0.01644134521484375,0.23681640625,0.02105712890625,0.0860595703125,0.10162353515625,0.0738525390625,0.09307861328125,0.08941650390625,0.106964111328125,0.095367431640625,0.122528076171875,0.109405517578125,0.1092529296875,1.485595703125,3.258056640625,-0.6976318359375,3.3074951171875,4.974541664123535
2,0.256,-0.0,-0.0,-0.0,-0.0,-0.0,-0.0,-0.8922491073608398,6.9298529624938965,-688.7904663085938,-223191.8125,6438.38623046875,1731.158447265625,-0.0,-0.0,-0.0,-0.0,-0.0,-0.0,-0.0,-0.0,-0.0,-0.0,-0.0,-0.0,-0.00759124755859375,-0.0070953369140625,-0.00896453857421875,-0.01377105712890625,-0.00743865966796875,-0.01483917236328125,-0.00762939453125,-0.02101898193359375,-0.006103515625,-0.01468658447265625,-0.0249481201171875,-0.01007080078125,-0.01956939697265625,-0.01068115234375,-0.0043487548828125,-0.02529144287109375,0.04150390625,0.270538330078125,0.089263916015625,0.1116943359375,0.14923095703125,0.115203857421875,0.0958251953125,0.10711669921875,0.100860595703125,0.06744384765625,0.109710693359375,0.093231201171875,-0.855865478515625,-0.34698486328125,0.389404296875,-0.884857177734375,-2.95245099067688
3,0.2565,-0.0,-0.0,-0.0,-0.0,-0.0,-0.0,0.6679447293281555,6.506972312927246,-689.3203125,-223133.140625,5529.6796875,1021.2263793945312,-0.0,-0.0,-0.0,-0.0,-0.0,-0.0,-0.0,-0.0,-0.0,-0.0,-0.0,-0.0,-0.0092315673828125,-0.005035400390625,-0.00835418701171875,-0.008087158203125,-0.00606536865234375,-0.0098419189453125,-0.0074005126953125,-0.01667022705078125,-0.001068115234375,-0.01132965087890625,-0.03021240234375,-0.00244140625,-0.02483367919921875,-0.00606536865234375,-0.00461578369140625,-0.01537322998046875,0.17364501953125,0.147552490234375,0.112762451171875,0.107421875,0.123748779296875,0.116119384765625,0.1019287109375,0.097808837890625,0.09246826171875,0.10284423828125,0.090789794921875,0.088043212890625,-1.200714111328125,-3.02276611328125,0.8612060546875,-3.03436279296875,-4.78175687789917
4,0.257,-0.0,-0.0,-0.0,-0.0,-0.0,-0.0,2.8090085983276367,6.262345314025879,-690.4638061523438,-223542.125,5008.08251953125,494.35662841796875,-0.0,-0.0,-0.0,-0.0,-0.0,-0.0,-0.0,-0.0,-0.0,-0.0,-0.0,-0.0,0.00896453857421875,0.00911712646484375,0.01117706298828125,0.01476287841796875,0.01216888427734375,0.0146484375,0.00949859619140625,0.020294189453125,0.00598907470703125,0.01529693603515625,0.02288818359375,0.00911712646484375,0.02132415771484375,0.00919342041015625,0.0051116943359375,0.0232696533203125,0.000457763671875,0.08819580078125,0.097808837890625,0.1019287109375,0.11199951171875,0.10345458984375,0.10040283203125,0.097503662109375,0.1068115234375,0.070037841796875,0.104522705078125,0.083770751953125,1.125640869140625,0.4937744140625,-0.34912109375,1.322784423828125,9.547806739807129
5,0.2575,-0.0,-0.0,-0.0,-0.0,-0.0,-0.0,4.146757125854492,5.592677593231201,-695.139404296875,-225423.625,4501.494140625,-179.01629638671875,-0.0,-0.0,-0.0,-0.0,-0.0,-0.0,-0.0,-0.0,-0.0,-0.0,-0.0,-0.0,0.00492095947265625,0.00316619873046875,0.0075531005859375,0.01056671142578125,0.00659942626953125,0.01064300537109375,0.0099945068359375,0.016021728515625,0.006103515625,0.01316070556640625,0.0347137451171875,0.00514984130859375,0.0255584716796875,0.006103515625,0.00213623046875,0.016937255859375,0.18798828125,0.177459716796875,0.11932373046875,0.09429931640625,0.09185791015625,0.093841552734375,0.09796142578125,0.096893310546875,0.099945068359375,0.105133056640625,0.076751708984375,0.10650634765625,1.629486083984375,3.258056640625,-0.7855224609375,3.2952880859375,5.279426097869873
6,0.258,-0.0,-0.0,-0.0,-0.0,-0.0,-0.0,5.108949184417725,5.009963512420654,-703.265625,-228004.96875,4562.64404296875,-297.4916687011719,-0.0,-0.0,-0.0,-0.0,-0.0,-0.0,-0.0,-0.0,-0.0,-0.0,-0.0,-0.0,-0.0079345703125,-0.00797271728515625,-0.0090789794921875,-0.01377105712890625,-0.009002685546875,-0.0145721435546875,-0.00728607177734375,-0.0213623046875,-0.006103515625,-0.01377105712890625,-0.023651123046875,-0.0083160400390625,-0.01964569091796875,-0.01003265380859375,-0.0022125244140625,-0.024871826171875,0.29510498046875,-0.130615234375,0.133209228515625,0.0750732421875,0.09765625,0.08026123046875,0.09033203125,0.091400146484375,0.1123046875,0.110015869140625,0.084075927734375,0.1043701171875,-0.508270263671875,-0.2191162109375,0.67138671875,-0.87371826171875,-3.8671038150787354
7,0.2585,-0.0,-0.0,-0.0,-0.0,-0.0,-0.0,5.550592422485352,3.7872536182403564,-712.5374145507812,-230432.984375,4346.2490234375,-392.31671142578125,-0.0,-0.0,-0.0,-0.0,-0.0,-0.0,-0.0,-0.0,-0.0,-0.0,-0.0,-0.0,-0.0066375732421875,-0.00545501708984375,-0.00560760498046875,-0.008697509765625,-0.0064849853515625,-0.01049041748046875,-0.0089263916015625,-0.01522064208984375,-0.00453948974609375,-0.01308441162109375,-0.0334930419921875,-0.00461578369140625,-0.02681732177734375,-0.00774383544921875,-0.00171661376953125,-0.015411376953125,-0.073394775390625,0.036163330078125,0.03448486328125,0.10589599609375,0.08575439453125,0.0958251953125,0.0830078125,0.087738037109375,0.114593505859375,0.03875732421875,0.085906982421875,0.0933837890625,-1.241455078125,-3.05267333984375,0.811767578125,-3.043670654296875,0.40127673745155334
8,0.259,-0.0,-0.0,-0.0,-0.0,-0.0,-0.0,4.014472961425781,2.9204351902008057,-720.5772094726562,-233397.53125,4147.30078125,43.66944885253906,-0.0,-0.0,-0.0,-0.0,-0.0,-0.0,-0.0,-0.0,-0.0,-0.0,-0.0,-0.0,0.0098419189453125,0.007476806640625,0.01163482666015625,0.0145721435546875,0.0093841552734375,0.01392364501953125,0.0093841552734375,0.01979827880859375,0.0058746337890625,0.01232147216796875,0.02582550048828125,0.00728607177734375,0.0235748291015625,0.00942230224609375,0.00385284423828125,0.024871826171875,0.337371826171875,0.027008056640625,0.134124755859375,0.09735107421875,0.1116943359375,0.10589599609375,0.081939697265625,0.0909423828125,0.07354736328125,0.1312255859375,0.09765625,0.1007080078125,0.68267822265625,0.52337646484375,-0.460205078125,1.263427734375,5.889194965362549
9,0.2595,-0.0,-0.0,-0.0,-0.0,-0.0,-0.0,3.1267340183258057,2.3423993587493896,-729.3079833984375,-236553.71875,4439.20166015625,243.24705505371094,-0.0,-0.0,-0.0,-0.0,-0.0,-0.0,-0.0,-0.0,-0.0,-0.0,-0.0,-0.0,0.00762939453125,0.00720977783203125,0.0077056884765625,0.00972747802734375,0.0066375732421875,0.00949859619140625,0.00827789306640625,0.0136566162109375,0.004119873046875,0.01209259033203125,0.03448486328125,0.0034332275390625,0.02544403076171875,0.00820159912109375,0.00396728515625,0.01758575439453125,-0.0469970703125,0.211181640625,0.09674072265625,0.0994873046875,0.11016845703125,0.081329345703125,0.12054443359375,0.10955810546875,0.0872802734375,0.105438232421875,0.10162353515625,0.106201171875,1.46392822265625,3.2025146484375,-0.70281982421875,3.285980224609375,1.3159297704696655
10,0.26,-0.0,-0.0,-0.0,-0.0,-0.0,-0.0,2.589548110961914,1.3827418088912964,-736.1080322265625,-239242.828125,4354.28271484375,226.08714294433594,-0.0,-0.0,-0.0,-0.0,-0.0,-0.0,-0.0,-0.0,-0.0,-0.0,-0.0,-0.0,-0.00728607177734375,-0.00949859619140625,-0.01033782958984375,-0.01277923583984375,-0.00762939453125,-0.01445770263671875,-0.00652313232421875,-0.01972198486328125,-0.0043487548828125,-0.01495361328125,-0.02323150634765625,-0.00881195068359375,-0.01758575439453125,-0.01018524169921875,-0.0035858154296875,-0.02452850341796875,0.0030517578125,0.270233154296875,0.09857177734375,0.092620849609375,0.029754638671875,0.094757080078125,0.09033203125,0.097503662109375,0.100860595703125,0.126953125,0.142059326171875,0.112762451171875,-0.7720947265625,-0.29632568359375,0.6500244140625,-0.765380859375,-2.342682361602783
11,0.2605,-0.0,-0.0,-0.0,-0.0,-0.0,-0.0,2.854736328125,0.3335513770580292,-742.5444946289062,-241379.09375,4139.4208984375,109.87864685058594,-0.0,-0.0,-0.0,-0.0,-0.0,-0.0,-0.0,-0.0,-0.0,-0.0,-0.0,-0.0,-0.00949859619140625,-0.00507354736328125,-0.0087738037109375,-0.0101470947265625,-0.005950927734375,-0.0118255615234375,-0.00751495361328125,-0.0148773193359375,-0.0040435791015625,-0.0136566162109375,-0.03231048583984375,-0.002899169921875,-0.02399444580078125,-0.0063323974609375,-0.0029754638671875,-0.01758575439453125,0.083770751953125,0.084686279296875,0.05340576171875,0.11077880859375,0.1544189453125,0.12054443359375,0.102081298828125,0.106048583984375,0.11962890625,0.11199951171875,0.12786865234375,0.106048583984375,-1.781768798828125,-3.0242919921875,0.8050537109375,-3.01910400390625,-3.5622196197509766
12,0.261,-0.0,-0.0,-0.0,-0.0,-0.0,-0.0,3.2486484050750732,-1.5582762956619263,-748.9120483398438,-243629.984375,4448.6376953125,-102.95524597167969,-0.0,-0.0,-0.0,-0.0,-0.0,-0.0,-0.0,-0.0,-0.0,-0.0,-0.0,-0.0,0.009918212890625,0.00728607177734375,0.01117706298828125,0.0131988525390625,0.00995635986328125,0.013885498046875,0.00972747802734375,0.01850128173828125,0.0074005126953125,0.013580322265625,0.02399444580078125,0.0072479248046875,0.0223541259765625,0.00957489013671875,0.00576019287109375,0.02307891845703125,0.097198486328125,0.116729736328125,0.087127685546875,0.10589599609375,0.124969482421875,0.10833740234375,0.11016845703125,0.102996826171875,0.12786865234375,0.1971435546875,0.088043212890625,0.09765625,0.905914306640625,0.36468505859375,-0.3021240234375,1.0479736328125,8.328269958496094
13,0.2615,-0.0,-0.0,-0.0,-0.0,-0.0,-0.0,3.280971050262451,-2.432941198348999,-754.0260620117188,-244778.765625,4454.6865234375,-244.3252410888672,-0.0,-0.0,-0.0,-0.0,-0.0,-0.0,-0.0,-0.0,-0.0,-0.0,-0.0,-0.0,0.008544921875,0.00522613525390625,0.005950927734375,0.01049041748046875,0.00820159912109375,0.01262664794921875,0.0101470947265625,0.0157928466796875,0.00629425048828125,0.01556396484375,0.03452301025390625,0.004425048828125,0.02777099609375,0.00667572021484375,0.000457763671875,0.01651763916015625,0.0823974609375,0.010528564453125,0.1348876953125,0.107879638671875,0.135955810546875,0.06805419921875,0.090179443359375,0.089263916015625,0.08056640625,-0.06622314453125,0.05889892578125,0.0933837890625,1.760406494140625,3.22998046875,-0.5804443359375,3.28826904296875,3.450119972229004
14,0.262,-0.0,-0.0,-0.0,-0.0,-0.0,-0.0,2.6922848224639893,-2.492035388946533,-756.3276977539062,-246089.515625,4570.45166015625,-99.22724151611328,-0.0,-0.0,-0.0,-0.0,-0.0,-0.0,-0.0,-0.0,-0.0,-0.0,-0.0,-0.0,-0.0072479248046875,-0.00732421875,-0.009002685546875,-0.0130462646484375,-0.008697509765625,-0.0136566162109375,-0.0101470947265625,-0.02040863037109375,-0.0055694580078125,-0.013427734375,-0.0214385986328125,-0.0107574462890625,-0.019378662109375,-0.01003265380859375,-0.0025177001953125,-0.02521514892578125,0.13275146484375,0.114898681640625,0.1287841796875,0.11871337890625,0.0531005859375,0.113525390625,0.101165771484375,0.08636474609375,0.092620849609375,0.072021484375,0.0408935546875,0.09918212890625,-0.638427734375,0.03173828125,0.263671875,-0.988311767578125,-2.647566556930542
15,0.2625,-0.0,-0.0,-0.0,-0.0,-0.0,-0.0,1.982021450996399,-1.8949909210205078,-759.4443359375,-247057.53125,4708.08740234375,-139.35006713867188,-0.0,-0.0,-0.0,-0.0,-0.0,-0.0,-0.0,-0.0,-0.0,-0.0,-0.0,-0.0,-0.009918212890625,-0.0075531005859375,-0.00789642333984375,-0.01003265380859375,-0.0075531005859375,-0.0095367431640625,-0.0057220458984375,-0.01552581787109375,-0.0035858154296875,-0.013885498046875,-0.0316619873046875,-0.00457763671875,-0.02460479736328125,-0.0067901611328125,-0.00392913818359375,-0.01773834228515625,0.261688232421875,0.100555419921875,0.034942626953125,0.06927490234375,-0.01007080078125,0.10894775390625,0.099029541015625,0.09246826171875,0.093994140625,0.146484375,0.07537841796875,0.103302001953125,-1.429290771484375,-3.040771484375,0.78948974609375,-2.999725341796875,-4.476872444152832
16,0.263,-0.0,-0.0,-0.0,-0.0,-0.0,-0.0,0.896297812461853,-2.139129638671875,-764.0964965820312,-248794.84375,4704.5048828125,-23.553939819335938,-0.0,-0.0,-0.0,-0.0,-0.0,-0.0,-0.0,-0.0,-0.0,-0.0,-0.0,-0.0,0.00728607177734375,0.01033782958984375,0.00850677490234375,0.01434326171875,0.00885009765625,0.01369476318359375,0.01010894775390625,0.01941680908203125,0.006103515625,0.01575469970703125,0.02574920654296875,0.00888824462890625,0.02002716064453125,0.01255035400390625,0.00308990478515625,0.024566650390625,-0.026702880859375,0.01953125,0.052337646484375,0.07537841796875,0.21575927734375,0.09002685546875,0.106048583984375,0.1007080078125,0.128326416015625,0.08544921875,0.10528564453125,0.093536376953125,1.07147216796875,0.60821533203125,-0.5078125,1.311798095703125,8.633153915405273
17,0.2635,-0.0,-0.0,-0.0,-0.0,-0.0,-0.0,0.6478980183601379,-2.429924249649048,-766.6609497070312,-249754.65625,4636.0439453125,-163.70359802246094,-0.0,-0.0,-0.0,-0.0,-0.0,-0.0,-0.0,-0.0,-0.0,-0.0,-0.0,-0.0,0.00850677490234375,0.00553131103515625,0.00820159912109375,0.00911712646484375,0.00576019287109375,0.00988006591796875,0.00762939453125,0.01834869384765625,0.00514984130859375,0.01270294189453125,0.0342559814453125,0.0078582763671875,0.0270843505859375,0.00682830810546875,0.00675201416015625,0.01850128173828125,0.06195068359375,0.13824462890625,0.090179443359375,0.094757080078125,0.135955810546875,0.109100341796875,0.10345458984375,0.101776123046875,0.0946044921875,0.096893310546875,0.1513671875,0.09613037109375,1.211090087890625,3.25286865234375,-0.27618408203125,3.201446533203125,3.450119972229004
18,0.264,-0.0,-0.0,-0.0,-0.0,-0.0,-0.0,0.9625736474990845,-1.7216894626617432,-769.4119262695312,-250939.59375,4610.28955078125,-153.9949493408203,-0.0,-0.0,-0.0,-0.0,-0.0,-0.0,-0.0,-0.0,-0.0,-0.0,-0.0,-0.0,-0.006256103515625,-0.00766754150390625,-0.009002685546875,-0.01277923583984375,-0.00911712646484375,-0.013580322265625,-0.0096893310546875,-0.02109527587890625,-0.00614166259765625,-0.01224517822265625,-0.02193450927734375,-0.00873565673828125,-0.01857757568359375,-0.0086212158203125,-0.003509521484375,-0.0220489501953125,0.253448486328125,0.17974853515625,0.16143798828125,0.102691650390625,0.09979248046875,0.0897216796875,0.090789794921875,0.089569091796875,0.09063720703125,0.094146728515625,0.069427490234375,0.08880615234375,-0.487213134765625,-0.10894775390625,0.3411865234375,-1.038818359375,-2.342682361602783
19,0.2645,-0.0,-0.0,-0.0,-0.0,-0.0,-0.0,1.9861981868743896,-1.5858540534973145,-771.6781616210938,-251374.109375,4294.3837890625,-514.349609375,-0.0,-0.0,-0.0,-0.0,-0.0,-0.0,-0.0,-0.0,-0.0,-0.0,-0.0,-0.0,-0.0072479248046875,-0.00530242919921875,-0.00640869140625,-0.00850677490234375,-0.006103515625,-0.01117706298828125,-0.00957489013671875,-0.01605987548828125,-0.003814697265625,-0.01369476318359375,-0.03448486328125,-0.005340576171875,-0.02635955810546875,-0.006103515625,-0.00377655029296875,-0.01766204833984375,0.02899169921875,0.103607177734375,0.13214111328125,0.097503662109375,0.1080322265625,0.098419189453125,0.107269287109375,0.09368896484375,0.112152099609375,0.086517333984375,0.14739990234375,0.088043212890625,-1.452178955078125,-3.04595947265625,0.9356689453125,-2.94464111328125,-2.647566556930542
20,0.265,-0.0,-0.0,-0.0,-0.0,-0.0,-0.0,2.6526832580566406,-1.4496973752975464,-772.2384643554688,-251112.53125,4413.60205078125,-906.5973510742188,-0.0,-0.0,-0.0,-0.0,-0.0,-0.0,-0.0,-0.0,-0.0,-0.0,-0.0,-0.0,0.007781982421875,0.0069427490234375,0.01155853271484375,0.01373291015625,0.01102447509765625,0.01373291015625,0.0113677978515625,0.01789093017578125,0.00705718994140625,0.01239776611328125,0.02445220947265625,0.009002685546875,0.02300262451171875,0.0095367431640625,0.0026702880859375,0.02300262451171875,-0.0592041015625,0.075531005859375,0.047607421875,0.102386474609375,0.0189208984375,0.0970458984375,0.109405517578125,0.099639892578125,0.107574462890625,0.089874267578125,0.116729736328125,0.102996826171875,0.979766845703125,0.3369140625,-0.0732421875,1.648712158203125,10.76734447479248
21,0.2655,-0.0,-0.0,-0.0,-0.0,-0.0,-0.0,3.8597586154937744,-0.8495445847511292,-769.0604248046875,-250661.21875,4026.154541015625,-1397.4951171875,-0.0,-0.0,-0.0,-0.0,-0.0,-0.0,-0.0,-0.0,-0.0,-0.0,-0.0,-0.0,0.0092315673828125,0.00713348388671875,0.00942230224609375,0.01140594482421875,0.007781982421875,0.0125885009765625,0.00972747802734375,0.018310546875,0.0054931640625,0.01445770263671875,0.03414154052734375,0.0037384033203125,0.02532958984375,0.00545501708984375,0.0034332275390625,0.01750946044921875,0.0665283203125,0.076751708984375,0.175018310546875,0.101470947265625,0.2044677734375,0.11138916015625,0.091400146484375,0.10284423828125,0.101165771484375,0.189056396484375,0.093536376953125,0.0958251953125,1.54815673828125,3.14727783203125,-0.51544189453125,3.101806640625,5.279426097869873
22,0.266,-0.0,-0.0,-0.0,-0.0,-0.0,-0.0,4.603224754333496,-0.011833786964416504,-765.1760864257812,-249023.71875,3995.67138671875,-1724.4898681640625,-0.0,-0.0,-0.0,-0.0,-0.0,-0.0,-0.0,-0.0,-0.0,-0.0,-0.0,-0.0,-0.010223388671875,-0.00698089599609375,-0.009765625,-0.0121307373046875,-0.008544921875,-0.01331329345703125,-0.0084686279296875,-0.01895904541015625,-0.0054931640625,-0.01598358154296875,-0.02185821533203125,-0.01010894775390625,-0.01861572265625,-0.00949859619140625,-0.00110626220703125,-0.02288818359375,0.195465087890625,0.101318359375,0.053558349609375,0.127105712890625,-0.035858154296875,0.088348388671875,0.09521484375,0.099639892578125,0.08758544921875,0.106964111328125,0.076141357421875,0.101470947265625,-1.01531982421875,-0.20233154296875,0.3594970703125,-0.87127685546875,-2.342682361602783
23,0.2665,-0.0,-0.0,-0.0,-0.0,-0.0,-0.0,5.405628681182861,0.6239128112792969,-759.6201171875,-246821.09375,3641.761474609375,-1936.599609375,-0.0,-0.0,-0.0,-0.0,-0.0,-0.0,-0.0,-0.0,-0.0,-0.0,-0.0,-0.0,-0.00843048095703125,-0.0046539306640625,-0.00774383544921875,-0.01064300537109375,-0.008392333984375,-0.0119781494140625,-0.0098419189453125,-0.01758575439453125,-0.00522613525390625,-0.0125885009765625,-0.033721923828125,-0.00614166259765625,-0.02765655517578125,-0.00591278076171875,-0.00072479248046875,-0.0168609619140625,0.1202392578125,0.05859375,0.0482177734375,0.1116943359375,0.06072998046875,0.0872802734375,0.09063720703125,0.092315673828125,0.09674072265625,0.038299560546875,0.105743408203125,0.104217529296875,-1.165618896484375,-2.930908203125,0.80413818359375,-2.96844482421875,-3.5622196197509766
24,0.267,-0.0,-0.0,-0.0,-0.0,-0.0,-0.0,5.341688632965088,1.526149034500122,-754.1339111328125,-245389.4375,3382.305419921875,-2105.5087890625,-0.0,-0.0,-0.0,-0.0,-0.0,-0.0,-0.0,-0.0,-0.0,-0.0,-0.0,-0.0,0.00820159912109375,0.00972747802734375,0.00980377197265625,0.0139617919921875,0.00881195068359375,0.0131988525390625,0.00946044921875,0.0206756591796875,0.00499725341796875,0.0135040283203125,0.0213623046875,0.0096893310546875,0.02185821533203125,0.009613037109375,0.00194549560546875,0.0238037109375,0.048370361328125,0.183563232421875,0.1690673828125,0.06805419921875,0.382080078125,0.092620849609375,0.101165771484375,0.098114013671875,0.09674072265625,0.088043212890625,0.098419189453125,0.08758544921875,0.713653564453125,0.13671875,-0.31829833984375,1.44866943359375,9.852691650390625
25,0.2675,-0.0,-0.0,-0.0,-0.0,-0.0,-0.0,5.579050064086914,2.097954511642456,-753.1427612304688,-244460.84375,2956.08837890625,-2206.337646484375,-0.0,-0.0,-0.0,-0.0,-0.0,-0.0,-0.0,-0.0,-0.0,-0.0,-0.0,-0.0,0.0101470947265625,0.00652313232421875,0.00896453857421875,0.01132965087890625,0.00812530517578125,0.0107574462890625,0.009765625,0.01644134521484375,0.00385284423828125,0.0122833251953125,0.0308990478515625,0.00492095947265625,0.025634765625,0.00659942626953125,0.00278472900390625,0.0186920166015625,0.2496337890625,-0.12176513671875,0.0762939453125,0.08941650390625,0.041656494140625,0.106048583984375,0.102081298828125,0.10009765625,0.09765625,0.085601806640625,0.07904052734375,0.09185791015625,1.298980712890625,3.115234375,-0.5694580078125,3.0706787109375,3.450119972229004
26,0.268,-0.0,-0.0,-0.0,-0.0,-0.0,-0.0,6.690788269042969,3.324786901473999,-752.4638671875,-244522.140625,2318.9208984375,-2438.5546875,-0.0,-0.0,-0.0,-0.0,-0.0,-0.0,-0.0,-0.0,-0.0,-0.0,-0.0,-0.0,-0.0072479248046875,-0.00751495361328125,-0.0101470947265625,-0.01338958740234375,-0.0091552734375,-0.0124359130859375,-0.0115203857421875,-0.01895904541015625,-0.00690460205078125,-0.01338958740234375,-0.02330780029296875,-0.00865936279296875,-0.0197601318359375,-0.00820159912109375,-0.0040435791015625,-0.02288818359375,0.251312255859375,0.1458740234375,0.080718994140625,0.098114013671875,0.067291259765625,0.10498046875,0.10162353515625,0.089263916015625,0.095062255859375,0.104522705078125,0.061187744140625,0.096282958984375,-0.79925537109375,-0.21026611328125,0.30487060546875,-1.015167236328125,-5.696409702301025
27,0.2685,-0.0,-0.0,-0.0,-0.0,-0.0,-0.0,7.956520080566406,3.418426036834717,-755.2607421875,-245484.953125,1304.0966796875,-2995.296630859375,-0.0,-0.0,-0.0,-0.0,-0.0,-0.0,-0.0,-0.0,-0.0,-0.0,-0.0,-0.0,-0.00865936279296875,-0.00675201416015625,-0.00782012939453125,-0.0099945068359375,-0.00640869140625,-0.01018524169921875,-0.006256103515625,-0.01590728759765625,-0.00537872314453125,-0.01129150390625,-0.033721923828125,-0.00270843505859375,-0.02712249755859375,-0.00576019287109375,-0.00354766845703125,-0.01850128173828125,0.044097900390625,-0.045623779296875,-0.005950927734375,0.1177978515625,0.09033203125,0.093231201171875,0.098876953125,0.09124755859375,0.108642578125,0.110931396484375,0.0933837890625,0.103302001953125,-0.945281982421875,-2.9095458984375,0.8258056640625,-2.8668212890625,-0.20849192142486572
28,0.269,-0.0,-0.0,-0.0,-0.0,-0.0,-0.0,9.155505180358887,3.435326337814331,-757.9542846679688,-246540.203125,798.8935546875,-3412.861328125,-0.0,-0.0,-0.0,-0.0,-0.0,-0.0,-0.0,-0.0,-0.0,-0.0,-0.0,-0.0,0.009613037109375,0.0055694580078125,0.01171112060546875,0.013580322265625,0.010223388671875,0.01251220703125,0.00965118408203125,0.019989013671875,0.0066375732421875,0.01255035400390625,0.02735137939453125,0.00751495361328125,0.0225830078125,0.0075531005859375,0.00583648681640625,0.02300262451171875,-0.0592041015625,0.481719970703125,0.159912109375,0.0994873046875,0.093536376953125,0.08758544921875,0.106353759765625,0.109405517578125,0.084686279296875,0.111541748046875,0.155029296875,0.105133056640625,0.774383544921875,0.609130859375,-0.31982421875,0.94268798828125,10.76734447479248
29,0.2695,-0.0,-0.0,-0.0,-0.0,-0.0,-0.0,10.218563079833984,3.2408666610717773,-762.998291015625,-247805.40625,206.90306091308594,-3745.47705078125,-0.0,-0.0,-0.0,-0.0,-0.0,-0.0,-0.0,-0.0,-0.0,-0.0,-0.0,-0.0,0.00881195068359375,0.00598907470703125,0.0090789794921875,0.01068115234375,0.0066375732421875,0.01010894775390625,0.00919342041015625,0.01804351806640625,0.00392913818359375,0.01186370849609375,0.03498077392578125,0.00476837158203125,0.02735137939453125,0.00751495361328125,0.0046539306640625,0.01895904541015625,-0.092010498046875,0.107269287109375,0.12542724609375,0.09185791015625,0.05889892578125,0.113677978515625,0.088043212890625,0.09552001953125,0.0775146484375,0.10467529296875,0.09552001953125,0.103912353515625,1.3201904296875,3.04229736328125,-0.60272216796875,3.042755126953125,1.0110454559326172
30,0.27,-0.0,-0.0,-0.0,-0.0,-0.0,-0.0,11.256658554077148,2.3660643100738525,-766.85009765625,-249814.796875,51.36180114746094,-3916.712890625,-0.0,-0.0,-0.0,-0.0,-0.0,-0.0,-0.0,-0.0,-0.0,-0.0,-0.0,-0.0,-0.00766754150390625,-0.00675201416015625,-0.00843048095703125,-0.01262664794921875,-0.0091552734375,-0.0140380859375,-0.0060272216796875,-0.02017974853515625,-0.0060272216796875,-0.01575469970703125,-0.0214385986328125,-0.0107574462890625,-0.01743316650390625,-0.00896453857421875,-0.003814697265625,-0.023040771484375,0.178680419921875,0.008697509765625,0.186920166015625,0.077667236328125,0.042266845703125,0.119781494140625,0.084686279296875,0.090179443359375,0.0921630859375,0.155181884765625,0.09246826171875,0.09429931640625,-0.774383544921875,-0.157470703125,0.5316162109375,-0.51513671875,-7.220831394195557
31,0.2705,-0.0,-0.0,-0.0,-0.0,-0.0,-0.0,12.035965919494629,1.3369560241699219,-774.90625,-252257.171875,-313.7485046386719,-4159.49609375,-0.0,-0.0,-0.0,-0.0,-0.0,-0.0,-0.0,-0.0,-0.0,-0.0,-0.0,-0.0,-0.0083160400390625,-0.00759124755859375,-0.00766754150390625,-0.01064300537109375,-0.00720977783203125,-0.01132965087890625,-0.011138916015625,-0.01590728759765625,-0.003204345703125,-0.01129150390625,-0.0335693359375,-0.0057220458984375,-0.0244140625,-0.00698089599609375,7.62939453125e-05,-0.01750946044921875,0.01190185546875,0.30914306640625,-0.0439453125,0.090179443359375,0.094757080078125,0.08575439453125,0.106048583984375,0.092926025390625,0.10498046875,0.046844482421875,0.12298583984375,0.098876953125,-1.247100830078125,-2.845458984375,0.7061767578125,-2.860870361328125,-3.2573351860046387
32,0.271,-0.0,-0.0,-0.0,-0.0,-0.0,-0.0,13.243363380432129,-0.1694737672805786,-781.4901733398438,-254855.59375,-1013.336181640625,-4788.20361328125,-0.0,-0.0,-0.0,-0.0,-0.0,-0.0,-0.0,-0.0,-0.0,-0.0,-0.0,-0.0,0.0072479248046875,0.0083160400390625,0.0098419189453125,0.01369476318359375,0.0086212158203125,0.01312255859375,0.005645751953125,0.01888275146484375,0.006561279296875,0.010833740234375,0.02277374267578125,0.00690460205078125,0.01735687255859375,0.01033782958984375,0.0045013427734375,0.02384185791015625,0.113525390625,0.086212158203125,0.00091552734375,0.0848388671875,0.11962890625,0.10162353515625,0.097198486328125,0.1068115234375,0.099639892578125,0.10162353515625,0.11474609375,0.0933837890625,0.3692626953125,0.34088134765625,-0.61126708984375,0.701904296875,11.986882209777832
33,0.2715,-0.0,-0.0,-0.0,-0.0,-0.0,-0.0,15.252303123474121,-1.7335021495819092,-789.3211669921875,-257935.0625,-1140.8900146484375,-5013.6455078125,-0.0,-0.0,-0.0,-0.0,-0.0,-0.0,-0.0,-0.0,-0.0,-0.0,-0.0,-0.0,0.01018524169921875,0.006866455078125,0.01026153564453125,0.01220703125,0.00823974609375,0.01216888427734375,0.00888824462890625,0.01678466796875,0.00316619873046875,0.014495849609375,0.03437042236328125,0.0055694580078125,0.02696990966796875,0.00579833984375,0.00331878662109375,0.01911163330078125,0.075836181640625,0.188751220703125,0.23651123046875,0.097503662109375,0.172119140625,0.11566162109375,0.104827880859375,0.092010498046875,0.10467529296875,0.06195068359375,0.100250244140625,0.11016845703125,1.28509521484375,3.01422119140625,-0.5426025390625,3.00201416015625,2.5354671478271484
34,0.272,-0.0,-0.0,-0.0,-0.0,-0.0,-0.0,15.965271949768066,-3.2944188117980957,-799.172119140625,-261210.484375,-750.1951293945312,-5250.99609375,-0.0,-0.0,-0.0,-0.0,-0.0,-0.0,-0.0,-0.0,-0.0,-0.0,-0.0,-0.0,-0.0051116943359375,-0.0077056884765625,-0.01068115234375,-0.01239776611328125,-0.01010894775390625,-0.01148223876953125,-0.008392333984375,-0.01678466796875,-0.006103515625,-0.01018524169921875,-0.02239227294921875,-0.007171630859375,-0.01422882080078125,-0.008392333984375,-0.00659942626953125,-0.02269744873046875,0.272216796875,-0.094451904296875,-0.00091552734375,0.102691650390625,0.164794921875,0.08331298828125,0.087127685546875,0.084381103515625,0.114593505859375,-0.00701904296875,0.09918212890625,0.108184814453125,-0.367431640625,-0.10650634765625,0.634765625,-0.22003173828125,-1.732913613319397
35,0.2725,-0.0,-0.0,-0.0,-0.0,-0.0,-0.0,15.572063446044922,-4.917216777801514,-805.3098754882812,-263828.40625,-752.2239379882812,-5269.66357421875,-0.0,-0.0,-0.0,-0.0,-0.0,-0.0,-0.0,-0.0,-0.0,-0.0,-0.0,-0.0,-0.00835418701171875,-0.00701904296875,-0.00926971435546875,-0.01102447509765625,-0.009002685546875,-0.0101470947265625,-0.0067901611328125,-0.0173187255859375,-0.003662109375,-0.0130462646484375,-0.0339508056640625,-0.00408172607421875,-0.0252532958984375,-0.0054931640625,-0.0023651123046875,-0.01865386962890625,0.05462646484375,0.03753662109375,0.124053955078125,0.139617919921875,0.091552734375,0.0494384765625,0.0946044921875,0.091400146484375,0.092010498046875,0.198822021484375,0.11871337890625,0.1080322265625,-1.005859375,-2.91015625,0.79254150390625,-2.785491943359375,0.09639240801334381
36,0.273,-0.0,-0.0,-0.0,-0.0,-0.0,-0.0,15.160902976989746,-5.461723327636719,-811.4112548828125,-266045.75,-480.4698486328125,-5120.69970703125,-0.0,-0.0,-0.0,-0.0,-0.0,-0.0,-0.0,-0.0,-0.0,-0.0,-0.0,-0.0,0.00621795654296875,0.00598907470703125,0.0110626220703125,0.0139617919921875,0.009918212890625,0.0152587890625,0.0083160400390625,0.01903533935546875,0.00537872314453125,0.012969970703125,0.0211334228515625,0.0074005126953125,0.01495361328125,0.00812530517578125,0.00415802001953125,0.0222015380859375,0.01007080078125,0.00213623046875,0.23895263671875,0.166015625,0.08697509765625,0.13031005859375,0.09613037109375,0.100860595703125,0.11871337890625,0.142974853515625,0.093536376953125,0.110626220703125,0.68389892578125,0.08758544921875,-0.3375244140625,0.414581298828125,11.681997299194336
37,0.2735,-0.0,-0.0,-0.0,-0.0,-0.0,-0.0,15.240365028381348,-6.263965129852295,-816.86474609375,-268105.65625,77.81441497802734,-5126.2353515625,-0.0,-0.0,-0.0,-0.0,-0.0,-0.0,-0.0,-0.0,-0.0,-0.0,-0.0,-0.0,0.00728607177734375,0.0066375732421875,0.008544921875,0.00995635986328125,0.008392333984375,0.00946044921875,0.009307861328125,0.0176239013671875,0.00537872314453125,0.01247406005859375,0.03482818603515625,0.0075531005859375,0.02712249755859375,0.009918212890625,0.0037384033203125,0.019683837890625,0.071868896484375,0.186309814453125,0.09063720703125,0.03997802734375,0.074310302734375,0.131072998046875,0.1068115234375,0.10833740234375,0.06805419921875,0.1007080078125,0.1226806640625,0.09613037109375,1.216278076171875,2.90924072265625,-0.45074462890625,3.03619384765625,1.0110454559326172
38,0.274,-0.0,-0.0,-0.0,-0.0,-0.0,-0.0,13.90242862701416,-6.288949966430664,-818.1204833984375,-268404.0,673.8009033203125,-5033.46826171875,-0.0,-0.0,-0.0,-0.0,-0.0,-0.0,-0.0,-0.0,-0.0,-0.0,-0.0,-0.0,-0.00667572021484375,-0.00545501708984375,-0.01007080078125,-0.01155853271484375,-0.009765625,-0.01232147216796875,-0.00408172607421875,-0.01926422119140625,-0.00576019287109375,-0.00957489013671875,-0.0182342529296875,-0.0092315673828125,-0.01277923583984375,-0.00789642333984375,-0.00331878662109375,-0.0229644775390625,0.0445556640625,0.165863037109375,0.154571533203125,0.022735595703125,0.054931640625,0.1141357421875,0.09765625,0.10345458984375,0.11444091796875,0.35491943359375,0.1177978515625,0.098419189453125,-0.356903076171875,0.2008056640625,0.4632568359375,-0.186004638671875,-1.4280292987823486
39,0.2745,-0.0,-0.0,-0.0,-0.0,-0.0,-0.0,13.395792007446289,-6.431591987609863,-815.6340942382812,-268529.875,1237.6407470703125,-4775.00439453125,-0.0,-0.0,-0.0,-0.0,-0.0,-0.0,-0.0,-0.0,-0.0,-0.0,-0.0,-0.0,-0.0089263916015625,-0.00629425048828125,-0.00823974609375,-0.0113677978515625,-0.0080108642578125,-0.01190185546875,-0.008544921875,-0.0176239013671875,-0.0032806396484375,-0.0124359130859375,-0.0347137451171875,-0.00732421875,-0.02704620361328125,-0.0079345703125,-0.0025177001953125,-0.0193023681640625,0.112152099609375,0.07659912109375,0.083465576171875,0.080718994140625,0.1416015625,0.097503662109375,0.089111328125,0.09429931640625,0.1171875,0.02044677734375,0.0640869140625,0.094757080078125,-1.132659912109375,-2.8399658203125,0.54595947265625,-2.8265380859375,-0.5133762359619141
40,0.275,-0.0,-0.0,-0.0,-0.0,-0.0,-0.0,12.514547348022461,-5.782393932342529,-814.9846801757812,-268605.5625,1976.45458984375,-4594.22021484375,-0.0,-0.0,-0.0,-0.0,-0.0,-0.0,-0.0,-0.0,-0.0,-0.0,-0.0,-0.0,0.00640869140625,0.00766754150390625,0.0089263916015625,0.0152587890625,0.00820159912109375,0.01331329345703125,0.00682830810546875,0.01979827880859375,0.00621795654296875,0.0109100341796875,0.02162933349609375,0.00782012939453125,0.01617431640625,0.0086212158203125,0.004730224609375,0.023345947265625,0.1611328125,0.105743408203125,0.041656494140625,0.124359130859375,0.04425048828125,0.096282958984375,0.096588134765625,0.09674072265625,0.064239501953125,-0.06072998046875,0.045928955078125,0.08819580078125,0.621490478515625,0.09490966796875,-0.23651123046875,0.665435791015625,8.633153915405273
41,0.2755,-0.0,-0.0,-0.0,-0.0,-0.0,-0.0,11.597366333007812,-5.0553059577941895,-815.1392822265625,-268888.53125,2678.870361328125,-4343.04931640625,-0.0,-0.0,-0.0,-0.0,-0.0,-0.0,-0.0,-0.0,-0.0,-0.0,-0.0,-0.0,0.00850677490234375,0.00370025634765625,0.00701904296875,0.011138916015625,0.0067138671875,0.011749267578125,0.00850677490234375,0.0173187255859375,0.0046539306640625,0.01262664794921875,0.033416748046875,0.0089263916015625,0.0293731689453125,0.0089263916015625,0.00484466552734375,0.01922607421875,0.2630615234375,0.071258544921875,-0.052947998046875,0.10711669921875,-0.19561767578125,0.06591796875,0.106658935546875,0.0830078125,0.10223388671875,0.15533447265625,0.0689697265625,0.105438232421875,1.33575439453125,2.84332275390625,-0.3070068359375,3.049163818359375,-9.050137519836426
42,0.276,-0.0,-0.0,-0.0,-0.0,-0.0,-0.0,11.151313781738281,-4.392581939697266,-815.3850708007812,-269430.34375,3460.404541015625,-4459.38525390625,-0.0,-0.0,-0.0,-0.0,-0.0,-0.0,-0.0,-0.0,-0.0,-0.0,-0.0,-0.0,-0.0086212158203125,-0.00484466552734375,-0.0103759765625,-0.01220703125,-0.00762939453125,-0.01316070556640625,-0.00713348388671875,-0.01796722412109375,-0.005645751953125,-0.01262664794921875,-0.01834869384765625,-0.010223388671875,-0.01529693603515625,-0.008697509765625,-0.0031280517578125,-0.02338409423828125,0.041351318359375,-0.0146484375,0.16937255859375,0.05615234375,0.291290283203125,0.069732666015625,0.105133056640625,0.09490966796875,0.10101318359375,0.0494384765625,0.10223388671875,0.10498046875,-0.457763671875,0.26458740234375,0.399169921875,-0.29754638671875,-2.342682361602783
43,0.2765,-0.0,-0.0,-0.0,-0.0,-0.0,-0.0,11.0487699508667,-5.285336971282959,-813.367919921875,-269405.375,3949.079345703125,-4414.2880859375,-0.0,-0.0,-0.0,-0.0,-0.0,-0.0,-0.0,-0.0,-0.0,-0.0,-0.0,-0.0,-0.0069427490234375,-0.00568389892578125,-0.0087738037109375,-0.00942230224609375,-0.00637054443359375,-0.010833740234375,-0.00789642333984375,-0.0177764892578125,-0.00438690185546875,-0.0150299072265625,-0.03509521484375,-0.00888824462890625,-0.02658843994140625,-0.00751495361328125,-0.00545501708984375,-0.018157958984375,-0.1251220703125,0.10406494140625,0.11688232421875,0.1104736328125,0.066375732421875,0.127716064453125,0.102081298828125,0.11016845703125,0.087127685546875,0.131683349609375,0.10345458984375,0.098724365234375,-1.134490966796875,-2.78289794921875,0.58380126953125,-2.807159423828125,-1.1231448650360107
44,0.277,-0.0,-0.0,-0.0,-0.0,-0.0,-0.0,10.564417839050293,-5.831019401550293,-815.6448974609375,-269797.65625,4838.86279296875,-4193.2724609375,-0.0,-0.0,-0.0,-0.0,-0.0,-0.0,-0.0,-0.0,-0.0,-0.0,-0.0,-0.0,0.00701904296875,0.0074005126953125,0.00988006591796875,0.0119781494140625,0.0086212158203125,0.01285552978515625,0.005950927734375,0.01880645751953125,0.00640869140625,0.0098419189453125,0.01918792724609375,0.00732421875,0.01495361328125,0.007476806640625,0.00583648681640625,0.02071380615234375,0.072784423828125,0.2838134765625,-0.05126953125,0.10772705078125,0.1416015625,0.1055908203125,0.09368896484375,0.10040283203125,0.098114013671875,0.059356689453125,0.102386474609375,0.10406494140625,0.4241943359375,-0.12969970703125,-0.2923583984375,0.47271728515625,8.633153915405273
45,0.2775,-0.0,-0.0,-0.0,-0.0,-0.0,-0.0,9.69851303100586,-7.079613208770752,-815.8967895507812,-270668.71875,5158.25390625,-3843.094970703125,-0.0,-0.0,-0.0,-0.0,-0.0,-0.0,-0.0,-0.0,-0.0,-0.0,-0.0,-0.0,0.00751495361328125,0.00640869140625,0.008697509765625,0.01209259033203125,0.0080108642578125,0.01285552978515625,0.010986328125,0.01842498779296875,0.00476837158203125,0.010528564453125,0.03299713134765625,0.0095367431640625,0.02658843994140625,0.00843048095703125,0.0025177001953125,0.0191497802734375,0.4071044921875,-0.20477294921875,-0.153656005859375,0.111846923828125,0.06988525390625,0.08056640625,0.09613037109375,0.09002685546875,0.098114013671875,0.058746337890625,0.0189208984375,0.11138916015625,1.03790283203125,2.6812744140625,-0.19439697265625,3.01483154296875,2.5354671478271484
46,0.278,-0.0,-0.0,-0.0,-0.0,-0.0,-0.0,9.150349617004395,-8.085241317749023,-821.5467529296875,-272980.9375,5240.06494140625,-3517.88330078125,-0.0,-0.0,-0.0,-0.0,-0.0,-0.0,-0.0,-0.0,-0.0,-0.0,-0.0,-0.0,-0.00492095947265625,-0.0069427490234375,-0.00957489013671875,-0.01285552978515625,-0.00827789306640625,-0.0127410888671875,-0.00919342041015625,-0.01781463623046875,-0.00461578369140625,-0.01079559326171875,-0.01796722412109375,-0.01018524169921875,-0.01453399658203125,-0.01018524169921875,-0.00057220458984375,-0.02315521240234375,0.109405517578125,0.010528564453125,0.395660400390625,0.097808837890625,0.09979248046875,0.08514404296875,0.10009765625,0.078125,0.1275634765625,0.0970458984375,0.03570556640625,0.1116943359375,-0.3472900390625,0.03204345703125,0.38543701171875,-0.565948486328125,0.40127673745155334
47,0.2785,-0.0,-0.0,-0.0,-0.0,-0.0,-0.0,9.061408996582031,-9.485851287841797,-828.913330078125,-276253.03125,5669.4794921875,-3548.24072265625,-0.0,-0.0,-0.0,-0.0,-0.0,-0.0,-0.0,-0.0,-0.0,-0.0,-0.0,-0.0,-0.00904083251953125,-0.00732421875,-0.0075531005859375,-0.01033782958984375,-0.00698089599609375,-0.0121307373046875,-0.008087158203125,-0.01743316650390625,-0.00499725341796875,-0.013427734375,-0.0351715087890625,-0.00835418701171875,-0.02773284912109375,-0.00858306884765625,-0.0035858154296875,-0.020599365234375,0.029449462890625,-0.05157470703125,0.214385986328125,0.14007568359375,0.116729736328125,0.085296630859375,0.10467529296875,0.089263916015625,0.082550048828125,0.14007568359375,0.16998291015625,0.082855224609375,-1.38336181640625,-2.77313232421875,0.472412109375,-2.821197509765625,-1.732913613319397
48,0.279,-0.0,-0.0,-0.0,-0.0,-0.0,-0.0,9.97818374633789,-11.076662063598633,-837.1865234375,-278993.90625,5881.2587890625,-3641.509033203125,-0.0,-0.0,-0.0,-0.0,-0.0,-0.0,-0.0,-0.0,-0.0,-0.0,-0.0,-0.0,0.007781982421875,0.00614166259765625,0.0118255615234375,0.0130462646484375,0.01140594482421875,0.01186370849609375,0.008697509765625,0.0177001953125,0.006561279296875,0.01079559326171875,0.02193450927734375,0.009613037109375,0.01476287841796875,0.009765625,0.00331878662109375,0.02346038818359375,0.0311279296875,0.659332275390625,0.18218994140625,0.123443603515625,-0.1434326171875,0.133056640625,0.105133056640625,0.11444091796875,0.088043212890625,0.2203369140625,0.161590576171875,0.074310302734375,0.735626220703125,0.13946533203125,-0.3070068359375,0.550994873046875,8.93803882598877
49,0.2795,-0.0,-0.0,-0.0,-0.0,-0.0,-0.0,10.5388765335083,-12.593088150024414,-842.8779907226562,-281545.28125,6154.0810546875,-3647.29833984375,-0.0,-0.0,-0.0,-0.0,-0.0,-0.0,-0.0,-0.0,-0.0,-0.0,-0.0,-0.0,0.008087158203125,0.005645751953125,0.008544921875,0.0124359130859375,0.0090789794921875,0.0112152099609375,0.0091552734375,0.01739501953125,0.00438690185546875,0.012969970703125,0.0339508056640625,0.00873565673828125,0.02689361572265625,0.0091552734375,0.00274658203125,0.0215911865234375,-0.03265380859375,0.10101318359375,0.106353759765625,0.074462890625,0.1904296875,0.120086669921875,0.074005126953125,0.1287841796875,0.102081298828125,0.051116943359375,0.162506103515625,0.084991455078125,1.444549560546875,2.685546875,-0.439453125,3.053741455078125,1.9256983995437622
50,0.28,-0.0,-0.0,-0.0,-0.0,-0.0,-0.0,11.12341022491455,-14.589508056640625,-847.9766845703125,-283606.6875,6108.66455078125,-3565.246826171875,-0.0,-0.0,-0.0,-0.0,-0.0,-0.0,-0.0,-0.0,-0.0,-0.0,-0.0,-0.0,-0.00446319580078125,-0.00812530517578125,-0.00858306884765625,-0.01277923583984375,-0.0080108642578125,-0.0112152099609375,-0.00675201416015625,-0.0167083740234375,-0.00461578369140625,-0.00980377197265625,-0.0170135498046875,-0.0086212158203125,-0.01483917236328125,-0.0098419189453125,-0.0005340576171875,-0.02105712890625,0.081939697265625,0.032806396484375,0.112152099609375,0.109710693359375,-0.046844482421875,0.128173828125,0.096893310546875,0.10650634765625,0.08880615234375,0.023651123046875,0.082244873046875,0.09552001953125,-0.2972412109375,0.2203369140625,0.4693603515625,-0.463409423828125,-2.95245099067688
51,0.2805,-0.0,-0.0,-0.0,-0.0,-0.0,-0.0,11.355602264404297,-15.879460334777832,-851.4144287109375,-285622.09375,6024.388671875,-3574.78271484375,-0.0,-0.0,-0.0,-0.0,-0.0,-0.0,-0.0,-0.0,-0.0,-0.0,-0.0,-0.0,-0.0081634521484375,-0.00308990478515625,-0.01018524169921875,-0.01056671142578125,-0.008697509765625,-0.011749267578125,-0.00637054443359375,-0.0183868408203125,-0.00316619873046875,-0.014495849609375,-0.0345611572265625,-0.00629425048828125,-0.02685546875,-0.00732421875,-0.003509521484375,-0.02002716064453125,0.24444580078125,-0.08270263671875,0.013275146484375,0.145111083984375,0.49041748046875,0.06866455078125,0.086669921875,0.072021484375,0.0958251953125,0.079803466796875,0.061798095703125,0.10894775390625,-1.241455078125,-2.49359130859375,0.80291748046875,-2.806854248046875,-3.2573351860046387
52,0.281,-0.0,-0.0,-0.0,-0.0,-0.0,-0.0,12.500883102416992,-17.16485595703125,-854.8555908203125,-287407.28125,6160.677734375,-3818.52978515625,-0.0,-0.0,-0.0,-0.0,-0.0,-0.0,-0.0,-0.0,-0.0,-0.0,-0.0,-0.0,0.0077056884765625,0.006256103515625,0.01010894775390625,0.01117706298828125,0.0083160400390625,0.01247406005859375,0.0075531005859375,0.0196075439453125,0.0067138671875,0.00934600830078125,0.01811981201171875,0.00820159912109375,0.01495361328125,0.007476806640625,0.0048828125,0.02227783203125,0.1513671875,0.02899169921875,0.04852294921875,0.106201171875,0.30181884765625,0.0946044921875,0.09490966796875,0.0750732421875,0.074462890625,0.113372802734375,0.08148193359375,0.104827880859375,0.437774658203125,-0.16998291015625,-0.13519287109375,0.626373291015625,10.157575607299805
53,0.28150000000000003,-0.0,-0.0,-0.0,-0.0,-0.0,-0.0,13.939213752746582,-17.967180252075195,-860.6552124023438,-289067.0625,5881.54052734375,-4250.8369140625,-0.0,-0.0,-0.0,-0.0,-0.0,-0.0,-0.0,-0.0,-0.0,-0.0,-0.0,-0.0,0.0072479248046875,0.00408172607421875,0.0104522705078125,0.01216888427734375,0.0113677978515625,0.01194000244140625,0.010833740234375,0.020751953125,0.00415802001953125,0.0103759765625,0.032806396484375,0.00904083251953125,0.0279998779296875,0.0072479248046875,0.0011444091796875,0.0188446044921875,-0.061798095703125,0.14892578125,0.0677490234375,0.056610107421875,0.0384521484375,0.061187744140625,0.100555419921875,0.11688232421875,0.091552734375,0.11505126953125,0.13946533203125,0.09368896484375,0.76263427734375,2.44476318359375,-0.341796875,2.98095703125,2.2305827140808105
54,0.28200000000000003,-0.0,-0.0,-0.0,-0.0,-0.0,-0.0,15.585755348205566,-18.297792434692383,-864.0247802734375,-290630.46875,6272.462890625,-4618.30615234375,-0.0,-0.0,-0.0,-0.0,-0.0,-0.0,-0.0,-0.0,-0.0,-0.0,-0.0,-0.0,-0.0067138671875,-0.00736236572265625,-0.00926971435546875,-0.01007080078125,-0.0091552734375,-0.0107574462890625,-0.00766754150390625,-0.0167083740234375,-0.00522613525390625,-0.01216888427734375,-0.018768310546875,-0.01094818115234375,-0.0148773193359375,-0.00782012939453125,-0.0028228759765625,-0.0206756591796875,0.093536376953125,0.142364501953125,0.172271728515625,0.05096435546875,-0.19195556640625,0.142059326171875,0.108184814453125,0.109710693359375,0.10650634765625,0.163116455078125,0.08056640625,0.09979248046875,-0.568389892578125,0.09674072265625,0.1361083984375,-0.43609619140625,0.09639240801334381
55,0.28250000000000003,-0.0,-0.0,-0.0,-0.0,-0.0,-0.0,15.842558860778809,-19.42580795288086,-864.68798828125,-291719.15625,6429.99853515625,-4457.474609375,-0.0,-0.0,-0.0,-0.0,-0.0,-0.0,-0.0,-0.0,-0.0,-0.0,-0.0,-0.0,-0.00728607177734375,-0.0041961669921875,-0.00823974609375,-0.00965118408203125,-0.00732421875,-0.01049041748046875,-0.00858306884765625,-0.0191497802734375,-0.00667572021484375,-0.01033782958984375,-0.0323486328125,-0.005645751953125,-0.02704620361328125,-0.00823974609375,-0.0043487548828125,-0.02162933349609375,0.2252197265625,0.08453369140625,0.101318359375,0.1416015625,0.08453369140625,0.09765625,0.09857177734375,0.093841552734375,0.112152099609375,0.130157470703125,0.068359375,0.09490966796875,-0.77667236328125,-2.25738525390625,0.775146484375,-2.72552490234375,-2.342682361602783
56,0.28300000000000003,-0.0,-0.0,-0.0,-0.0,-0.0,-0.0,15.307450294494629,-19.49335479736328,-867.4515991210938,-292509.125,7006.630859375,-4414.56298828125,-0.0,-0.0,-0.0,-0.0,-0.0,-0.0,-0.0,-0.0,-0.0,-0.0,-0.0,-0.0,0.00499725341796875,0.00934600830078125,0.008697509765625,0.0139617919921875,0.00789642333984375,0.013580322265625,0.006866455078125,0.0167083740234375,0.0061798095703125,0.0128936767578125,0.02117156982421875,0.00751495361328125,0.0164031982421875,0.00820159912109375,0.0042724609375,0.02086639404296875,0.298004150390625,-0.01190185546875,-0.146484375,0.06072998046875,0.06011962890625,0.067138671875,0.089874267578125,0.0628662109375,0.064697265625,-0.001220703125,0.069427490234375,0.085601806640625,1.15570068359375,0.16448974609375,-0.411376953125,0.7879638671875,6.803847789764404
57,0.28350000000000003,-0.0,-0.0,-0.0,-0.0,-0.0,-0.0,15.354516983032227,-19.58241081237793,-865.66650390625,-292951.59375,6907.3623046875,-4218.6015625,-0.0,-0.0,-0.0,-0.0,-0.0,-0.0,-0.0,-0.0,-0.0,-0.0,-0.0,-0.0,0.0067138671875,0.00995635986328125,0.0083160400390625,0.01190185546875,0.00873565673828125,0.01220703125,0.01209259033203125,0.0191497802734375,0.0075531005859375,0.01087188720703125,0.033111572265625,0.0055694580078125,0.02353668212890625,0.00782012939453125,0.002288818359375,0.020751953125,0.030517578125,-0.05218505859375,0.24993896484375,0.051422119140625,0.29571533203125,0.072784423828125,0.081329345703125,0.066070556640625,0.104217529296875,0.09735107421875,0.077056884765625,0.09796142578125,1.024932861328125,2.38677978515625,-0.53131103515625,2.498626708984375,3.755004405975342
58,0.28400000000000003,-0.0,-0.0,-0.0,-0.0,-0.0,-0.0,15.632067680358887,-19.839632034301758,-866.952392578125,-292988.875,7541.314453125,-4186.3671875,-0.0,-0.0,-0.0,-0.0,-0.0,-0.0,-0.0,-0.0,-0.0,-0.0,-0.0,-0.0,-0.00675201416015625,-0.00598907470703125,-0.00873565673828125,-0.0115203857421875,-0.00690460205078125,-0.0119781494140625,-0.00614166259765625,-0.01674652099609375,-0.00499725341796875,-0.01132965087890625,-0.017242431640625,-0.006561279296875,-0.01613616943359375,-0.00751495361328125,-0.0049591064453125,-0.02094268798828125,-0.05340576171875,0.386199951171875,0.269927978515625,0.09857177734375,0.04058837890625,0.120697021484375,0.112152099609375,0.124664306640625,0.0927734375,0.091705322265625,0.134429931640625,0.089263916015625,-0.8563232421875,0.3997802734375,0.58990478515625,-0.43914794921875,0.09639240801334381
59,0.28450000000000003,-0.0,-0.0,-0.0,-0.0,-0.0,-0.0,16.02156639099121,-19.59881591796875,-866.1409912109375,-293240.15625,7971.2197265625,-4244.8798828125,-0.0,-0.0,-0.0,-0.0,-0.0,-0.0,-0.0,-0.0,-0.0,-0.0,-0.0,-0.0,-0.00957489013671875,-0.00728607177734375,-0.00934600830078125,-0.01129150390625,-0.00865936279296875,-0.010223388671875,-0.01049041748046875,-0.017852783203125,-0.00370025634765625,-0.01140594482421875,-0.031890869140625,-0.008392333984375,-0.02330780029296875,-0.00759124755859375,-0.003204345703125,-0.02231597900390625,0.126800537109375,0.1953125,-0.074920654296875,0.109710693359375,0.13153076171875,0.13916015625,0.10498046875,0.1287841796875,0.0860595703125,0.119171142578125,0.1531982421875,0.101470947265625,-1.209259033203125,-2.4896240234375,0.74371337890625,-2.554473876953125,-2.342682361602783
60,0.28500000000000003,-0.0,-0.0,-0.0,-0.0,-0.0,-0.0,16.031383514404297,-18.777481079101562,-866.2838134765625,-293403.0,8235.7529296875,-4426.12109375,-0.0,-0.0,-0.0,-0.0,-0.0,-0.0,-0.0,-0.0,-0.0,-0.0,-0.0,-0.0,0.007171630859375,0.00583648681640625,0.008087158203125,0.012054443359375,0.00766754150390625,0.012054443359375,0.00690460205078125,0.0177764892578125,0.00621795654296875,0.01293182373046875,0.01689910888671875,0.0066375732421875,0.01583099365234375,0.00614166259765625,0.00453948974609375,0.020599365234375,0.153656005859375,0.102081298828125,0.399932861328125,0.11688232421875,-0.10040283203125,0.122222900390625,0.102996826171875,0.108184814453125,0.10772705078125,0.20782470703125,0.09124755859375,0.091094970703125,0.783538818359375,-0.29937744140625,-0.1708984375,0.6085205078125,9.24292278289795
61,0.28550000000000003,-0.0,-0.0,-0.0,-0.0,-0.0,-0.0,15.175248146057129,-18.449993133544922,-864.8323974609375,-293245.25,9092.419921875,-4235.24755859375,-0.0,-0.0,-0.0,-0.0,-0.0,-0.0,-0.0,-0.0,-0.0,-0.0,-0.0,-0.0,0.0072479248046875,0.00827789306640625,0.00850677490234375,0.0138092041015625,0.0103759765625,0.012054443359375,0.00812530517578125,0.017547607421875,0.00469207763671875,0.00942230224609375,0.033111572265625,0.00751495361328125,0.02197265625,0.00873565673828125,0.00141143798828125,0.020904541015625,0.158538818359375,-0.340576171875,0.14251708984375,0.103607177734375,0.127105712890625,0.087738037109375,0.09368896484375,0.073699951171875,0.102081298828125,0.015716552734375,0.0469970703125,0.092620849609375,0.8673095703125,2.44537353515625,-0.2801513671875,2.534637451171875,7.108732223510742
62,0.28600000000000003,-0.0,-0.0,-0.0,-0.0,-0.0,-0.0,13.799931526184082,-18.209238052368164,-864.3734130859375,-293233.125,9510.259765625,-3965.91650390625,-0.0,-0.0,-0.0,-0.0,-0.0,-0.0,-0.0,-0.0,-0.0,-0.0,-0.0,-0.0,-0.00640869140625,-0.00823974609375,-0.00804901123046875,-0.01155853271484375,-0.008087158203125,-0.01148223876953125,-0.00782012939453125,-0.01674652099609375,-0.00461578369140625,-0.012359619140625,-0.01605987548828125,-0.00881195068359375,-0.01514434814453125,-0.00698089599609375,-0.004425048828125,-0.0185394287109375,0.0555419921875,0.415191650390625,0.004730224609375,0.082855224609375,-0.02349853515625,0.063629150390625,0.0946044921875,0.0689697265625,0.06134033203125,-0.06011962890625,0.043487548828125,0.1080322265625,-0.522308349609375,0.4693603515625,0.2044677734375,-0.424041748046875,-1.732913613319397
63,0.28650000000000003,-0.0,-0.0,-0.0,-0.0,-0.0,-0.0,12.730379104614258,-18.39659309387207,-864.7260131835938,-293747.90625,9860.1201171875,-3600.213623046875,-0.0,-0.0,-0.0,-0.0,-0.0,-0.0,-0.0,-0.0,-0.0,-0.0,-0.0,-0.0,-0.0081634521484375,-0.0045013427734375,-0.00926971435546875,-0.01239776611328125,-0.0077056884765625,-0.0125885009765625,-0.00766754150390625,-0.01827239990234375,-0.0026702880859375,-0.01064300537109375,-0.0286865234375,-0.00774383544921875,-0.025177001953125,-0.005950927734375,-0.00263214111328125,-0.0209808349609375,0.169830322265625,0.342254638671875,0.120086669921875,0.11993408203125,0.26153564453125,0.09796142578125,0.1031494140625,0.083465576171875,0.10345458984375,0.1141357421875,0.06072998046875,0.09521484375,-0.86822509765625,-1.83868408203125,0.3155517578125,-2.55462646484375,-2.647566556930542
64,0.28700000000000003,-0.0,-0.0,-0.0,-0.0,-0.0,-0.0,11.945402145385742,-18.8868465423584,-867.0203247070312,-294400.96875,10593.06640625,-3498.13134765625,-0.0,-0.0,-0.0,-0.0,-0.0,-0.0,-0.0,-0.0,-0.0,-0.0,-0.0,-0.0,0.0081634521484375,0.00576019287109375,0.00995635986328125,0.0125885009765625,0.00957489013671875,0.01129150390625,0.00827789306640625,0.015869140625,0.00522613525390625,0.0113677978515625,0.01689910888671875,0.00759124755859375,0.014801025390625,0.009307861328125,0.0023651123046875,0.02132415771484375,-0.116424560546875,-0.06927490234375,0.073699951171875,0.1251220703125,0.1666259765625,0.084228515625,0.101318359375,0.1141357421875,0.089874267578125,0.10284423828125,0.100555419921875,0.089111328125,0.65704345703125,-0.30853271484375,-0.32989501953125,0.463714599609375,9.852691650390625
65,0.28750000000000003,-0.0,-0.0,-0.0,-0.0,-0.0,-0.0,12.078879356384277,-18.486539840698242,-867.9035034179688,-295732.625,10954.6513671875,-3579.5693359375,-0.0,-0.0,-0.0,-0.0,-0.0,-0.0,-0.0,-0.0,-0.0,-0.0,-0.0,-0.0,0.00621795654296875,0.00576019287109375,0.009307861328125,0.01171112060546875,0.0091552734375,0.0124359130859375,0.0116729736328125,0.019378662109375,0.0067901611328125,0.012359619140625,0.034332275390625,0.00667572021484375,0.02166748046875,0.00888824462890625,0.00301361083984375,0.02086639404296875,0.0787353515625,0.15472412109375,0.198516845703125,0.12451171875,0.111083984375,0.1434326171875,0.12969970703125,0.13092041015625,0.0860595703125,0.13671875,0.029754638671875,0.101318359375,1.009063720703125,2.7325439453125,-0.7855224609375,2.1875,2.2305827140808105
66,0.28800000000000003,-0.0,-0.0,-0.0,-0.0,-0.0,-0.0,11.802727699279785,-19.163036346435547,-872.1008911132812,-296104.9375,11118.3671875,-3618.035888671875,-0.0,-0.0,-0.0,-0.0,-0.0,-0.0,-0.0,-0.0,-0.0,-0.0,-0.0,-0.0,-0.0052642822265625,-0.00583648681640625,-0.00934600830078125,-0.0116729736328125,-0.00843048095703125,-0.0118255615234375,-0.00553131103515625,-0.01621246337890625,-0.004425048828125,-0.01079559326171875,-0.01781463623046875,-0.00751495361328125,-0.01308441162109375,-0.0069427490234375,-0.00339508056640625,-0.01861572265625,0.1275634765625,0.064544677734375,0.0726318359375,0.173187255859375,0.04119873046875,0.117034912109375,0.074005126953125,0.11016845703125,0.10498046875,0.19134521484375,0.04241943359375,0.10955810546875,-0.32073974609375,0.1300048828125,0.4486083984375,-0.325469970703125,-2.0377979278564453
67,0.28850000000000003,-0.0,-0.0,-0.0,-0.0,-0.0,-0.0,11.091666221618652,-18.833507537841797,-872.182861328125,-296536.625,11506.54296875,-3518.256591796875,-0.0,-0.0,-0.0,-0.0,-0.0,-0.0,-0.0,-0.0,-0.0,-0.0,-0.0,-0.0,-0.0067901611328125,-0.00843048095703125,-0.01026153564453125,-0.013275146484375,-0.009765625,-0.012359619140625,-0.01148223876953125,-0.018310546875,-0.00461578369140625,-0.010833740234375,-0.0307464599609375,-0.0089263916015625,-0.02056121826171875,-0.00701904296875,-0.00274658203125,-0.022125244140625,0.000762939453125,0.223236083984375,0.00030517578125,0.0628662109375,-0.016021728515625,0.071868896484375,0.0994873046875,0.0946044921875,0.092315673828125,-0.0189208984375,0.05218505859375,0.096588134765625,-0.8929443359375,-2.188720703125,0.4205322265625,-2.1600341796875,0.09639240801334381
68,0.28900000000000003,-0.0,-0.0,-0.0,-0.0,-0.0,-0.0,11.348855018615723,-18.225570678710938,-873.3067016601562,-297036.1875,11294.32421875,-3497.442138671875,-0.0,-0.0,-0.0,-0.0,-0.0,-0.0,-0.0,-0.0,-0.0,-0.0,-0.0,-0.0,0.00579833984375,0.00583648681640625,0.00881195068359375,0.0106048583984375,0.0090789794921875,0.009765625,0.0079345703125,0.01514434814453125,0.0057220458984375,0.01064300537109375,0.01964569091796875,0.00850677490234375,0.0156402587890625,0.00995635986328125,0.00095367431640625,0.0197601318359375,0.00579833984375,-0.176239013671875,0.133819580078125,0.05767822265625,-0.174560546875,0.11993408203125,0.0897216796875,0.0921630859375,0.106353759765625,0.090484619140625,0.108489990234375,0.08819580078125,0.734710693359375,-0.00946044921875,-0.23284912109375,1.00341796875,10.4624605178833
69,0.28950000000000004,-0.0,-0.0,-0.0,-0.0,-0.0,-0.0,11.325793266296387,-18.291133880615234,-874.5809936523438,-297519.125,11888.0283203125,-3608.090576171875,-0.0,-0.0,-0.0,-0.0,-0.0,-0.0,-0.0,-0.0,-0.0,-0.0,-0.0,-0.0,0.00881195068359375,0.01110076904296875,0.01132965087890625,0.0130462646484375,0.0096893310546875,0.01251220703125,0.00946044921875,0.01842498779296875,0.003814697265625,0.01056671142578125,0.03078460693359375,0.011138916015625,0.02040863037109375,0.00858306884765625,0.00453948974609375,0.020751953125,0.202178955078125,-0.10498046875,0.137481689453125,0.094757080078125,0.554962158203125,0.155792236328125,0.110931396484375,0.099639892578125,0.115966796875,0.157623291015625,0.119171142578125,0.10345458984375,1.059722900390625,2.20489501953125,-0.00457763671875,2.11639404296875,4.974541664123535
70,0.29000000000000004,-0.0,-0.0,-0.0,-0.0,-0.0,-0.0,11.302501678466797,-17.962125778198242,-875.8379516601562,-297916.96875,11670.291015625,-3668.662353515625,-0.0,-0.0,-0.0,-0.0,-0.0,-0.0,-0.0,-0.0,-0.0,-0.0,-0.0,-0.0,-0.0041961669921875,-0.0020599365234375,-0.00782012939453125,-0.01049041748046875,-0.00904083251953125,-0.0103759765625,-0.0074005126953125,-0.0147247314453125,-0.0055694580078125,-0.00732421875,-0.0142669677734375,-0.0080108642578125,-0.0156402587890625,-0.00789642333984375,-0.003509521484375,-0.0197601318359375,0.141448974609375,0.120849609375,0.156402587890625,0.128021240234375,0.56182861328125,0.05279541015625,0.1129150390625,0.1019287109375,0.1165771484375,0.043182373046875,0.120391845703125,0.0921630859375,-0.24566650390625,0.4046630859375,0.48583984375,-0.6219482421875,0.40127673745155334
71,0.29050000000000004,-0.0,-0.0,-0.0,-0.0,-0.0,-0.0,11.50084114074707,-18.28635025024414,-876.9168701171875,-298355.21875,11792.2822265625,-3738.656005859375,-0.0,-0.0,-0.0,-0.0,-0.0,-0.0,-0.0,-0.0,-0.0,-0.0,-0.0,-0.0,-0.0058746337890625,-0.00701904296875,-0.0079345703125,-0.01277923583984375,-0.00804901123046875,-0.01186370849609375,-0.0091552734375,-0.02040863037109375,-0.00545501708984375,-0.01251220703125,-0.03276824951171875,-0.00980377197265625,-0.02193450927734375,-0.00804901123046875,-0.00362396240234375,-0.02170562744140625,0.093841552734375,0.216064453125,-0.154876708984375,0.059814453125,0.040435791015625,0.11016845703125,0.08819580078125,0.116729736328125,0.0811767578125,0.06988525390625,0.133056640625,0.10162353515625,-0.817413330078125,-2.26104736328125,0.36407470703125,-2.053985595703125,-0.5133762359619141
72,0.29100000000000004,-0.0,-0.0,-0.0,-0.0,-0.0,-0.0,12.304923057556152,-18.107624053955078,-878.3827514648438,-298853.28125,11536.666015625,-4055.50048828125,-0.0,-0.0,-0.0,-0.0,-0.0,-0.0,-0.0,-0.0,-0.0,-0.0,-0.0,-0.0,0.00701904296875,0.0051116943359375,0.00797271728515625,0.0103759765625,0.00827789306640625,0.01186370849609375,0.0074005126953125,0.01552581787109375,0.00652313232421875,0.0127410888671875,0.0179290771484375,0.006561279296875,0.01239776611328125,0.00995635986328125,0.00225067138671875,0.0201416015625,0.273590087890625,-0.0213623046875,0.392608642578125,0.085601806640625,-0.07720947265625,0.110321044921875,0.093841552734375,0.102081298828125,0.09674072265625,0.088348388671875,0.124053955078125,0.077362060546875,0.907745361328125,0.07720947265625,-0.2386474609375,0.3680419921875,13.206418991088867
73,0.29150000000000004,-0.0,-0.0,-0.0,-0.0,-0.0,-0.0,12.777689933776855,-17.757518768310547,-878.4943237304688,-299200.625,11387.93359375,-4284.69775390625,-0.0,-0.0,-0.0,-0.0,-0.0,-0.0,-0.0,-0.0,-0.0,-0.0,-0.0,-0.0,0.00720977783203125,0.008392333984375,0.0109100341796875,0.012969970703125,0.0104522705078125,0.01377105712890625,0.00949859619140625,0.02010345458984375,0.00453948974609375,0.0115966796875,0.0275421142578125,0.0093841552734375,0.01865386962890625,0.0077056884765625,0.0038909912109375,0.02094268798828125,0.130615234375,0.014495849609375,0.224456787109375,0.0848388671875,0.151214599609375,0.05950927734375,0.095367431640625,0.06317138671875,0.106201171875,0.105133056640625,0.118560791015625,0.1007080078125,1.032257080078125,1.953125,-0.13275146484375,2.0233154296875,6.498963356018066
74,0.29200000000000004,-0.0,-0.0,-0.0,-0.0,-0.0,-0.0,13.55999755859375,-17.819419860839844,-876.3219604492188,-298895.5625,11173.474609375,-4498.720703125,-0.0,-0.0,-0.0,-0.0,-0.0,-0.0,-0.0,-0.0,-0.0,-0.0,-0.0,-0.0,-0.00598907470703125,-0.003662109375,-0.00873565673828125,-0.0106048583984375,-0.0074005126953125,-0.01110076904296875,-0.0072479248046875,-0.015716552734375,-0.00560760498046875,-0.01270294189453125,-0.0164794921875,-0.01049041748046875,-0.01331329345703125,-0.00728607177734375,-0.002899169921875,-0.01995086669921875,0.0,0.345306396484375,0.078582763671875,0.084381103515625,0.367584228515625,0.080108642578125,0.08941650390625,0.098876953125,0.099029541015625,0.106964111328125,0.153961181640625,0.0994873046875,-0.550384521484375,0.264892578125,0.213623046875,-0.406494140625,0.09639240801334381
75,0.29250000000000004,-0.0,-0.0,-0.0,-0.0,-0.0,-0.0,13.683234214782715,-17.297725677490234,-876.8110961914062,-298873.28125,11249.2099609375,-4678.0966796875,-0.0,-0.0,-0.0,-0.0,-0.0,-0.0,-0.0,-0.0,-0.0,-0.0,-0.0,-0.0,-0.00553131103515625,-0.00736236572265625,-0.00835418701171875,-0.0113677978515625,-0.00804901123046875,-0.01232147216796875,-0.0101470947265625,-0.0173187255859375,-0.00621795654296875,-0.012664794921875,-0.0308990478515625,-0.01155853271484375,-0.0203704833984375,-0.009002685546875,-0.0014495849609375,-0.02201080322265625,0.040130615234375,0.211944580078125,0.1702880859375,0.11260986328125,0.04302978515625,0.1470947265625,0.10345458984375,0.121002197265625,0.090789794921875,0.062408447265625,0.115814208984375,0.123291015625,-0.973358154296875,-1.8768310546875,0.263671875,-1.93145751953125,-0.5133762359619141
76,0.29300000000000004,-0.0,-0.0,-0.0,-0.0,-0.0,-0.0,13.815152168273926,-17.125503540039062,-877.2989501953125,-298857.40625,11058.27734375,-4911.8798828125,-0.0,-0.0,-0.0,-0.0,-0.0,-0.0,-0.0,-0.0,-0.0,-0.0,-0.0,-0.0,0.00576019287109375,0.00415802001953125,0.00919342041015625,0.009613037109375,0.0086212158203125,0.00881195068359375,0.0096893310546875,0.0148773193359375,0.00476837158203125,0.0099945068359375,0.015411376953125,0.00949859619140625,0.01567840576171875,0.009002685546875,0.0028228759765625,0.02109527587890625,0.2032470703125,-0.121002197265625,-0.03875732421875,0.086517333984375,-0.07904052734375,0.110626220703125,0.098114013671875,0.088958740234375,0.099334716796875,0.1263427734375,0.086517333984375,0.119781494140625,0.372161865234375,-0.15899658203125,-0.14923095703125,0.911407470703125,10.76734447479248
77,0.29350000000000004,-0.0,-0.0,-0.0,-0.0,-0.0,-0.0,14.765508651733398,-17.487585067749023,-877.3849487304688,-298775.65625,10856.2548828125,-4985.08740234375,-0.0,-0.0,-0.0,-0.0,-0.0,-0.0,-0.0,-0.0,-0.0,-0.0,-0.0,-0.0,0.008087158203125,0.0080108642578125,0.00988006591796875,0.01434326171875,0.009002685546875,0.0144195556640625,0.0092315673828125,0.02040863037109375,0.00881195068359375,0.0124359130859375,0.032501220703125,0.01178741455078125,0.0180816650390625,0.0081634521484375,0.00438690185546875,0.02185821533203125,0.2972412109375,-0.045166015625,0.0360107421875,0.078277587890625,0.105133056640625,0.0592041015625,0.09857177734375,0.063629150390625,0.103302001953125,0.1226806640625,0.0750732421875,0.10955810546875,1.066131591796875,2.29583740234375,-0.03997802734375,1.78619384765625,2.5354671478271484
78,0.29400000000000004,-0.0,-0.0,-0.0,-0.0,-0.0,-0.0,15.059220314025879,-17.469558715820312,-876.3953247070312,-299080.46875,10946.1455078125,-5067.69921875,-0.0,-0.0,-0.0,-0.0,-0.0,-0.0,-0.0,-0.0,-0.0,-0.0,-0.0,-0.0,-0.0045013427734375,-0.00728607177734375,-0.00743865966796875,-0.0118255615234375,-0.0060272216796875,-0.01190185546875,-0.00518798828125,-0.01445770263671875,-0.00591278076171875,-0.00949859619140625,-0.01678466796875,-0.00743865966796875,-0.01644134521484375,-0.00560760498046875,-0.003814697265625,-0.0176239013671875,-0.01220703125,0.131988525390625,0.274658203125,0.127105712890625,0.12451171875,0.11138916015625,0.09002685546875,0.08514404296875,0.091705322265625,0.050811767578125,0.15716552734375,0.087127685546875,-0.332489013671875,0.42144775390625,0.054931640625,-0.54351806640625,-0.5133762359619141
79,0.29450000000000004,-0.0,-0.0,-0.0,-0.0,-0.0,-0.0,15.433418273925781,-17.519670486450195,-875.9744873046875,-298685.125,10953.2646484375,-5267.033203125,-0.0,-0.0,-0.0,-0.0,-0.0,-0.0,-0.0,-0.0,-0.0,-0.0,-0.0,-0.0,-0.009765625,-0.00728607177734375,-0.01003265380859375,-0.012359619140625,-0.0080108642578125,-0.01129150390625,-0.00766754150390625,-0.0189971923828125,-0.005340576171875,-0.00995635986328125,-0.02964019775390625,-0.01033782958984375,-0.02185821533203125,-0.008697509765625,-0.00331878662109375,-0.02185821533203125,0.151824951171875,0.06622314453125,0.07843017578125,0.145416259765625,0.029449462890625,0.107879638671875,0.10833740234375,0.136566162109375,0.10498046875,0.09002685546875,0.151519775390625,0.088653564453125,-0.690765380859375,-1.97662353515625,0.3887939453125,-1.802825927734375,-4.78175687789917
80,0.29500000000000004,-0.0,-0.0,-0.0,-0.0,-0.0,-0.0,15.734358787536621,-17.798154830932617,-873.8565673828125,-298128.90625,10935.9130859375,-5223.4609375,-0.0,-0.0,-0.0,-0.0,-0.0,-0.0,-0.0,-0.0,-0.0,-0.0,-0.0,-0.0,0.005340576171875,0.005340576171875,0.00858306884765625,0.01155853271484375,0.007781982421875,0.01312255859375,0.006866455078125,0.0153350830078125,0.00446319580078125,0.009613037109375,0.01529693603515625,0.00759124755859375,0.01949310302734375,0.00644683837890625,0.0058746337890625,0.0183868408203125,0.10528564453125,0.118255615234375,0.023956298828125,0.0628662109375,0.08819580078125,0.130157470703125,0.10589599609375,0.11199951171875,0.128326416015625,0.09185791015625,0.118865966796875,0.090179443359375,0.580596923828125,-0.29632568359375,-0.11688232421875,0.975799560546875,7.71850061416626
81,0.29550000000000004,-0.0,-0.0,-0.0,-0.0,-0.0,-0.0,16.091053009033203,-18.220867156982422,-874.2516479492188,-298007.9375,10835.8486328125,-5324.17333984375,-0.0,-0.0,-0.0,-0.0,-0.0,-0.0,-0.0,-0.0,-0.0,-0.0,-0.0,-0.0,0.00820159912109375,0.00682830810546875,0.00919342041015625,0.01392364501953125,0.0087738037109375,0.0104522705078125,0.0080108642578125,0.016326904296875,0.00518798828125,0.00972747802734375,0.02811431884765625,0.0116729736328125,0.01827239990234375,0.008087158203125,0.00453948974609375,0.02532958984375,0.254669189453125,-0.05340576171875,0.223541259765625,0.1202392578125,0.066680908203125,0.107269287109375,0.103607177734375,0.06927490234375,0.08636474609375,0.0506591796875,0.0360107421875,0.08270263671875,0.759735107421875,1.7156982421875,-0.10223388671875,1.6876220703125,4.364773273468018
82,0.29600000000000004,-0.0,-0.0,-0.0,-0.0,-0.0,-0.0,17.095386505126953,-18.11659812927246,-875.3497314453125,-298476.625,10539.08203125,-5604.20556640625,-0.0,-0.0,-0.0,-0.0,-0.0,-0.0,-0.0,-0.0,-0.0,-0.0,-0.0,-0.0,-0.0052642822265625,-0.00667572021484375,-0.00782012939453125,-0.01049041748046875,-0.007781982421875,-0.009307861328125,-0.006866455078125,-0.01434326171875,-0.004730224609375,-0.0106048583984375,-0.016021728515625,-0.0078582763671875,-0.01483917236328125,-0.0064849853515625,-0.00213623046875,-0.01861572265625,-0.138702392578125,-0.153350830078125,0.01251220703125,0.136566162109375,0.1495361328125,0.0762939453125,0.105743408203125,0.06195068359375,0.10345458984375,0.1470947265625,0.187530517578125,0.118560791015625,-0.505523681640625,0.29876708984375,0.33294677734375,-0.558013916015625,2.2305827140808105
83,0.29650000000000004,-0.0,-0.0,-0.0,-0.0,-0.0,-0.0,18.41495132446289,-18.041894912719727,-873.8413696289062,-298813.96875,10367.4287109375,-6056.9677734375,-0.0,-0.0,-0.0,-0.0,-0.0,-0.0,-0.0,-0.0,-0.0,-0.0,-0.0,-0.0,-0.00644683837890625,-0.00530242919921875,-0.0102996826171875,-0.01190185546875,-0.0087738037109375,-0.0121307373046875,-0.01148223876953125,-0.01888275146484375,-0.00591278076171875,-0.00988006591796875,-0.025787353515625,-0.010528564453125,-0.01697540283203125,-0.00759124755859375,-0.00102996826171875,-0.02197265625,0.053253173828125,0.25726318359375,0.117340087890625,0.070343017578125,0.173187255859375,0.01800537109375,0.090484619140625,0.110015869140625,0.109710693359375,0.102386474609375,0.164947509765625,0.089874267578125,-0.58258056640625,-1.40533447265625,0.4901123046875,-1.57440185546875,-2.647566556930542
84,0.29700000000000004,-0.0,-0.0,-0.0,-0.0,-0.0,-0.0,19.499841690063477,-17.87798309326172,-874.13818359375,-298465.125,9836.3935546875,-6420.4267578125,-0.0,-0.0,-0.0,-0.0,-0.0,-0.0,-0.0,-0.0,-0.0,-0.0,-0.0,-0.0,0.007781982421875,0.00415802001953125,0.0098419189453125,0.01068115234375,0.00873565673828125,0.01201629638671875,0.0066375732421875,0.01575469970703125,0.004730224609375,0.01495361328125,0.01758575439453125,0.00736236572265625,0.01483917236328125,0.00675201416015625,0.0058746337890625,0.01720428466796875,0.11444091796875,0.34912109375,0.18096923828125,0.101470947265625,-0.10528564453125,0.12908935546875,0.10498046875,0.157470703125,0.090789794921875,0.153961181640625,0.157928466796875,0.096282958984375,1.11602783203125,0.08453369140625,-0.21240234375,0.62896728515625,11.377113342285156
85,0.29750000000000004,-0.0,-0.0,-0.0,-0.0,-0.0,-0.0,20.822935104370117,-17.35643196105957,-871.7431640625,-298271.21875,9620.505859375,-6751.42138671875,-0.0,-0.0,-0.0,-0.0,-0.0,-0.0,-0.0,-0.0,-0.0,-0.0,-0.0,-0.0,0.005950927734375,0.0106048583984375,0.01140594482421875,0.014801025390625,0.01010894775390625,0.0128173828125,0.00751495361328125,0.0170135498046875,0.0060272216796875,0.009002685546875,0.02796173095703125,0.01178741455078125,0.01903533935546875,0.00843048095703125,0.00514984130859375,0.02513885498046875,0.130615234375,0.123748779296875,0.093994140625,0.049896240234375,0.36651611328125,0.113067626953125,0.09490966796875,0.099639892578125,0.093841552734375,0.037994384765625,0.1025390625,0.095062255859375,0.83343505859375,1.610107421875,0.0048828125,1.815338134765625,2.2305827140808105
86,0.29800000000000004,-0.0,-0.0,-0.0,-0.0,-0.0,-0.0,21.215856552124023,-17.222410202026367,-871.2626953125,-298051.9375,9049.0458984375,-6871.21630859375,-0.0,-0.0,-0.0,-0.0,-0.0,-0.0,-0.0,-0.0,-0.0,-0.0,-0.0,-0.0,-0.00579833984375,-0.0066375732421875,-0.008544921875,-0.01056671142578125,-0.00705718994140625,-0.0102996826171875,-0.00583648681640625,-0.01392364501953125,-0.00579833984375,-0.0109100341796875,-0.01708984375,-0.00640869140625,-0.01575469970703125,-0.00606536865234375,-0.00331878662109375,-0.0177001953125,0.164947509765625,-0.064849853515625,-0.065155029296875,0.089111328125,0.19561767578125,0.081787109375,0.0811767578125,0.066986083984375,0.091705322265625,0.082855224609375,0.0531005859375,0.1019287109375,-0.625457763671875,0.25665283203125,0.35552978515625,-0.6927490234375,0.40127673745155334
87,0.29850000000000004,-0.0,-0.0,-0.0,-0.0,-0.0,-0.0,22.148788452148438,-17.497982025146484,-871.5048828125,-298149.1875,9125.3994140625,-7056.47265625,-0.0,-0.0,-0.0,-0.0,-0.0,-0.0,-0.0,-0.0,-0.0,-0.0,-0.0,-0.0,-0.00736236572265625,-0.00659942626953125,-0.0102996826171875,-0.0138092041015625,-0.010833740234375,-0.0142669677734375,-0.0086212158203125,-0.01964569091796875,-0.004119873046875,-0.01338958740234375,-0.0272369384765625,-0.00827789306640625,-0.01628875732421875,-0.00766754150390625,-0.00247955322265625,-0.023040771484375,-0.041351318359375,0.32012939453125,-0.03692626953125,0.146636962890625,0.1971435546875,0.103759765625,0.097808837890625,0.05157470703125,0.09552001953125,0.085296630859375,0.054168701171875,0.095977783203125,-1.047210693359375,-1.73919677734375,0.577392578125,-1.448974609375,-5.696409702301025
88,0.29900000000000004,-0.0,-0.0,-0.0,-0.0,-0.0,-0.0,22.716520309448242,-17.708450317382812,-873.7527465820312,-298541.9375,8795.791015625,-7222.9375,-0.0,-0.0,-0.0,-0.0,-0.0,-0.0,-0.0,-0.0,-0.0,-0.0,-0.0,-0.0,0.00835418701171875,0.00331878662109375,0.0075531005859375,0.00957489013671875,0.0083160400390625,0.0087738037109375,0.00682830810546875,0.01560211181640625,0.00457763671875,0.01247406005859375,0.0115203857421875,0.0054168701171875,0.01514434814453125,0.008087158203125,0.003204345703125,0.02010345458984375,0.07659912109375,-0.00457763671875,0.254669189453125,0.153961181640625,-0.0927734375,0.0634765625,0.099029541015625,0.099945068359375,0.11260986328125,0.17486572265625,0.146026611328125,0.09429931640625,0.718994140625,-0.59478759765625,-0.474853515625,0.805206298828125,8.023386001586914
89,0.29950000000000004,-0.0,-0.0,-0.0,-0.0,-0.0,-0.0,23.433765411376953,-18.310537338256836,-874.3602905273438,-299043.59375,8894.5517578125,-7390.82763671875,-0.0,-0.0,-0.0,-0.0,-0.0,-0.0,-0.0,-0.0,-0.0,-0.0,-0.0,-0.0,0.0067138671875,0.00850677490234375,0.0102996826171875,0.0150299072265625,0.010528564453125,0.01262664794921875,0.00942230224609375,0.01972198486328125,0.00492095947265625,0.00972747802734375,0.0295257568359375,0.01079559326171875,0.01873016357421875,0.01026153564453125,0.0049591064453125,0.024261474609375,0.05401611328125,0.281524658203125,0.116119384765625,0.047607421875,0.0982666015625,0.120849609375,0.112762451171875,0.128021240234375,0.11749267578125,0.070648193359375,0.167236328125,0.089569091796875,0.642242431640625,1.7156982421875,-0.34210205078125,1.845703125,4.364773273468018
90,0.30000000000000004,-0.0,-0.0,-0.0,-0.0,-0.0,-0.0,23.019529342651367,-18.19224739074707,-874.30908203125,-298829.03125,9067.7236328125,-7299.67236328125,-0.0,-0.0,-0.0,-0.0,-0.0,-0.0,-0.0,-0.0,-0.0,-0.0,-0.0,-0.0,-0.00446319580078125,-0.00843048095703125,-0.00743865966796875,-0.00965118408203125,-0.00713348388671875,-0.009002685546875,-0.00949859619140625,-0.01277923583984375,-0.006561279296875,-0.00843048095703125,-0.01209259033203125,-0.00568389892578125,-0.0142669677734375,-0.008544921875,-0.003509521484375,-0.01842498779296875,0.11749267578125,0.0665283203125,0.189971923828125,0.04913330078125,-0.2569580078125,0.122833251953125,0.10833740234375,0.126800537109375,0.068206787109375,0.0604248046875,0.13031005859375,0.10040283203125,-0.460968017578125,0.75225830078125,0.53863525390625,-0.583648681640625,0.09639240801334381
91,0.30050000000000004,-0.0,-0.0,-0.0,-0.0,-0.0,-0.0,22.71695327758789,-18.717384338378906,-872.330810546875,-298186.1875,9382.328125,-7175.7451171875,-0.0,-0.0,-0.0,-0.0,-0.0,-0.0,-0.0,-0.0,-0.0,-0.0,-0.0,-0.0,-0.007171630859375,-0.00621795654296875,-0.0089263916015625,-0.014190673828125,-0.009307861328125,-0.01171112060546875,-0.00579833984375,-0.019378662109375,-0.00507354736328125,-0.00850677490234375,-0.02532958984375,-0.01010894775390625,-0.02178192138671875,-0.00911712646484375,-0.0042724609375,-0.02410888671875,0.143890380859375,0.108642578125,-0.01312255859375,0.099029541015625,0.058441162109375,0.11260986328125,0.098876953125,0.116424560546875,0.07843017578125,0.114593505859375,0.09124755859375,0.097198486328125,-0.437469482421875,-1.16546630859375,0.4693603515625,-1.764373779296875,-2.647566556930542
92,0.30100000000000005,-0.0,-0.0,-0.0,-0.0,-0.0,-0.0,21.352909088134766,-19.401647567749023,-871.305908203125,-297560.875,9257.7919921875,-6843.91943359375,-0.0,-0.0,-0.0,-0.0,-0.0,-0.0,-0.0,-0.0,-0.0,-0.0,-0.0,-0.0,0.007781982421875,0.00911712646484375,0.00782012939453125,0.0098419189453125,0.0054931640625,0.01255035400390625,0.00621795654296875,0.013885498046875,0.001983642578125,0.01270294189453125,0.0148773193359375,0.00537872314453125,0.01750946044921875,0.00614166259765625,0.00396728515625,0.01674652099609375,0.196533203125,-0.046234130859375,0.019683837890625,0.1080322265625,0.644683837890625,0.085906982421875,0.088348388671875,0.0714111328125,0.085296630859375,0.10040283203125,0.04974365234375,0.100555419921875,0.942535400390625,-0.28411865234375,-0.411376953125,0.874481201171875,7.71850061416626
93,0.30150000000000005,-0.0,-0.0,-0.0,-0.0,-0.0,-0.0,20.101245880126953,-19.608688354492188,-868.469482421875,-296881.6875,9552.76953125,-6426.62744140625,-0.0,-0.0,-0.0,-0.0,-0.0,-0.0,-0.0,-0.0,-0.0,-0.0,-0.0,-0.0,0.00682830810546875,0.00591278076171875,0.01071929931640625,0.01361846923828125,0.0099945068359375,0.01331329345703125,0.011749267578125,0.02140045166015625,0.00751495361328125,0.01201629638671875,0.027618408203125,0.01155853271484375,0.01941680908203125,0.00942230224609375,0.0026702880859375,0.02384185791015625,-0.09185791015625,0.100555419921875,0.0213623046875,0.101318359375,-0.006103515625,0.0714111328125,0.0921630859375,0.07354736328125,0.08697509765625,0.09307861328125,0.085906982421875,0.091400146484375,1.15936279296875,1.63665771484375,0.0042724609375,2.0166015625,3.145235776901245
94,0.30200000000000005,-0.0,-0.0,-0.0,-0.0,-0.0,-0.0,18.999502182006836,-20.43745994567871,-864.7176513671875,-295565.40625,9994.56640625,-5985.18408203125,-0.0,-0.0,-0.0,-0.0,-0.0,-0.0,-0.0,-0.0,-0.0,-0.0,-0.0,-0.0,-0.0048065185546875,-0.00644683837890625,-0.00698089599609375,-0.0096893310546875,-0.007476806640625,-0.0086212158203125,-0.0080108642578125,-0.01323699951171875,-0.00324249267578125,-0.01068115234375,-0.0144195556640625,-0.00732421875,-0.01422882080078125,-0.0077056884765625,-0.001678466796875,-0.017852783203125,0.238037109375,-0.005950927734375,0.259857177734375,0.105743408203125,-0.06561279296875,0.105743408203125,0.09796142578125,0.09796142578125,0.100250244140625,0.09002685546875,0.10528564453125,0.100555419921875,-0.34820556640625,0.333251953125,0.51605224609375,-0.8209228515625,-0.5133762359619141
95,0.30250000000000005,-0.0,-0.0,-0.0,-0.0,-0.0,-0.0,18.317176818847656,-21.42243194580078,-861.291015625,-294766.96875,10427.26171875,-5949.9921875,-0.0,-0.0,-0.0,-0.0,-0.0,-0.0,-0.0,-0.0,-0.0,-0.0,-0.0,-0.0,-0.00728607177734375,-0.0066375732421875,-0.01026153564453125,-0.01552581787109375,-0.01049041748046875,-0.0127410888671875,-0.00827789306640625,-0.01926422119140625,-0.00469207763671875,-0.007781982421875,-0.02567291259765625,-0.0125885009765625,-0.02262115478515625,-0.0079345703125,-0.002899169921875,-0.0258636474609375,0.100860595703125,0.11566162109375,0.1507568359375,0.126800537109375,-0.0213623046875,0.102081298828125,0.09246826171875,0.112457275390625,0.1116943359375,0.131072998046875,0.13641357421875,0.10345458984375,-0.495452880859375,-1.31378173828125,0.2020263671875,-2.103271484375,-1.4280292987823486
96,0.30300000000000005,-0.0,-0.0,-0.0,-0.0,-0.0,-0.0,17.601661682128906,-22.519010543823242,-857.14501953125,-293644.90625,10850.259765625,-5557.71630859375,-0.0,-0.0,-0.0,-0.0,-0.0,-0.0,-0.0,-0.0,-0.0,-0.0,-0.0,-0.0,0.0066375732421875,0.00568389892578125,0.00858306884765625,0.01171112060546875,0.0074005126953125,0.0127410888671875,0.00762939453125,0.01544952392578125,0.00316619873046875,0.0128936767578125,0.01461029052734375,0.00568389892578125,0.01682281494140625,0.00598907470703125,0.00362396240234375,0.0173187255859375,0.186767578125,0.058746337890625,0.050811767578125,0.11383056640625,0.247344970703125,0.096282958984375,0.10833740234375,0.103759765625,0.121002197265625,0.194091796875,0.084228515625,0.107269287109375,1.02020263671875,-0.3350830078125,-0.43701171875,0.929718017578125,7.108732223510742
97,0.30350000000000005,-0.0,-0.0,-0.0,-0.0,-0.0,-0.0,16.529741287231445,-23.232200622558594,-854.817626953125,-292637.84375,11495.4970703125,-5218.51708984375,-0.0,-0.0,-0.0,-0.0,-0.0,-0.0,-0.0,-0.0,-0.0,-0.0,-0.0,-0.0,0.00751495361328125,0.0064849853515625,0.011444091796875,0.0164031982421875,0.0115966796875,0.013427734375,0.00797271728515625,0.0215911865234375,0.00640869140625,0.00965118408203125,0.029296875,0.011138916015625,0.0209808349609375,0.0081634521484375,0.00640869140625,0.02429962158203125,0.11505126953125,0.01190185546875,-0.020904541015625,0.101165771484375,0.137786865234375,0.091400146484375,0.102691650390625,0.086669921875,0.102386474609375,0.026092529296875,0.068359375,0.096282958984375,0.976104736328125,1.88568115234375,-0.21575927734375,2.190704345703125,4.364773273468018
98,0.30400000000000005,-0.0,-0.0,-0.0,-0.0,-0.0,-0.0,15.579612731933594,-24.719825744628906,-853.2886352539062,-292212.0625,12536.5537109375,-4975.94677734375,-0.0,-0.0,-0.0,-0.0,-0.0,-0.0,-0.0,-0.0,-0.0,-0.0,-0.0,-0.0,-0.0081634521484375,-0.00415802001953125,-0.00823974609375,-0.009002685546875,-0.0072479248046875,-0.01003265380859375,-0.00743865966796875,-0.0136566162109375,-0.0037384033203125,-0.01102447509765625,-0.0112152099609375,-0.00438690185546875,-0.01949310302734375,-0.00530242919921875,-0.00415802001953125,-0.01617431640625,0.20416259765625,0.160980224609375,0.0384521484375,0.114288330078125,0.094451904296875,0.08026123046875,0.088348388671875,0.07568359375,0.076446533203125,0.0494384765625,0.057525634765625,0.094451904296875,-0.652618408203125,0.59173583984375,0.4052734375,-1.144866943359375,0.40127673745155334
99,0.30450000000000005,-0.0,-0.0,-0.0,-0.0,-0.0,-0.0,13.946155548095703,-25.403425216674805,-849.8670043945312,-291250.375,13221.7109375,-4497.322265625,-0.0,-0.0,-0.0,-0.0,-0.0,-0.0,-0.0,-0.0,-0.0,-0.0,-0.0,-0.0,-0.006561279296875,-0.00782012939453125,-0.0109100341796875,-0.01346588134765625,-0.010528564453125,-0.0140380859375,-0.0106048583984375,-0.022430419921875,-0.0054931640625,-0.0122833251953125,-0.0264739990234375,-0.0103759765625,-0.02140045166015625,-0.00972747802734375,-0.00263214111328125,-0.023651123046875,0.08026123046875,0.09185791015625,0.225677490234375,0.124053955078125,0.051116943359375,0.09918212890625,0.098419189453125,0.08941650390625,0.121612548828125,0.11749267578125,0.149078369140625,0.106201171875,-0.970001220703125,-1.453857421875,0.479736328125,-1.9818115234375,0.09639240801334381
100,0.30500000000000005,-0.0,-0.0,-0.0,-0.0,-0.0,-0.0,12.63746166229248,-25.285749435424805,-849.6263427734375,-291190.53125,14009.873046875,-4019.540283203125,-0.0,-0.0,-0.0,-0.0,-0.0,-0.0,-0.0,-0.0,-0.0,-0.0,-0.0,-0.0,0.006256103515625,0.0064849853515625,0.0067138671875,0.0103759765625,0.00713348388671875,0.01033782958984375,0.0080108642578125,0.01270294189453125,0.00560760498046875,0.01064300537109375,0.0127410888671875,0.00759124755859375,0.01758575439453125,0.00705718994140625,0.0011444091796875,0.01678466796875,-0.00885009765625,0.245819091796875,0.120849609375,0.0665283203125,-0.02532958984375,0.049285888671875,0.101470947265625,0.068511962890625,0.1092529296875,0.08331298828125,0.093994140625,0.083465576171875,0.88775634765625,-0.37384033203125,-0.2197265625,1.288909912109375,6.1940789222717285
101,0.30550000000000005,-0.0,-0.0,-0.0,-0.0,-0.0,-0.0,11.389486312866211,-26.17490577697754,-848.8047485351562,-290980.3125,14620.5810546875,-3708.877685546875,-0.0,-0.0,-0.0,-0.0,-0.0,-0.0,-0.0,-0.0,-0.0,-0.0,-0.0,-0.0,0.0067901611328125,0.00499725341796875,0.01178741455078125,0.01659393310546875,0.01163482666015625,0.0135040283203125,0.0104522705078125,0.02197265625,0.00690460205078125,0.00946044921875,0.027618408203125,0.01132965087890625,0.02452850341796875,0.00812530517578125,0.003814697265625,0.02567291259765625,0.1129150390625,0.057373046875,0.131378173828125,0.072479248046875,0.0164794921875,0.12176513671875,0.110931396484375,0.122222900390625,0.081634521484375,0.128021240234375,0.13336181640625,0.095672607421875,0.543212890625,1.614990234375,0.04058837890625,2.53082275390625,4.05988883972168
102,0.30600000000000005,-0.0,-0.0,-0.0,-0.0,-0.0,-0.0,10.7046480178833,-26.59036636352539,-847.6318359375,-290686.4375,15287.7421875,-3397.193359375,-0.0,-0.0,-0.0,-0.0,-0.0,-0.0,-0.0,-0.0,-0.0,-0.0,-0.0,-0.0,-0.00659942626953125,-0.000762939453125,-0.007781982421875,-0.00789642333984375,-0.0066375732421875,-0.00888824462890625,-0.0078582763671875,-0.0136566162109375,-0.0049591064453125,-0.012664794921875,-0.0151824951171875,-0.0074005126953125,-0.01983642578125,-0.00728607177734375,-0.00377655029296875,-0.014495849609375,0.21148681640625,0.2740478515625,0.1300048828125,0.094451904296875,0.511932373046875,0.1239013671875,0.1007080078125,0.1275634765625,0.093231201171875,0.094757080078125,0.1141357421875,0.099639892578125,-0.9613037109375,0.25177001953125,0.2996826171875,-1.26007080078125,0.7061610817909241
103,0.30650000000000005,-0.0,-0.0,-0.0,-0.0,-0.0,-0.0,10.319239616394043,-26.29305076599121,-846.689453125,-290365.90625,15832.6513671875,-3299.046875,-0.0,-0.0,-0.0,-0.0,-0.0,-0.0,-0.0,-0.0,-0.0,-0.0,-0.0,-0.0,-0.00522613525390625,-0.00732421875,-0.01018524169921875,-0.013427734375,-0.00988006591796875,-0.01392364501953125,-0.0093841552734375,-0.02201080322265625,-0.00637054443359375,-0.0115966796875,-0.026092529296875,-0.01148223876953125,-0.02208709716796875,-0.00762939453125,-0.0049591064453125,-0.0247955322265625,0.202789306640625,0.195465087890625,0.099639892578125,0.108184814453125,0.206298828125,0.1019287109375,0.105438232421875,0.10223388671875,0.081329345703125,0.133209228515625,0.09063720703125,0.100860595703125,-0.9185791015625,-1.3421630859375,0.225830078125,-2.080230712890625,-2.342682361602783
104,0.30700000000000005,-0.0,-0.0,-0.0,-0.0,-0.0,-0.0,10.080973625183105,-26.055540084838867,-847.3961791992188,-290514.65625,16407.298828125,-3133.01025390625,-0.0,-0.0,-0.0,-0.0,-0.0,-0.0,-0.0,-0.0,-0.0,-0.0,-0.0,-0.0,0.0058746337890625,0.0051116943359375,0.00644683837890625,0.01026153564453125,0.00766754150390625,0.00957489013671875,0.00804901123046875,0.01270294189453125,0.00530242919921875,0.0144195556640625,0.015106201171875,0.00850677490234375,0.01651763916015625,0.00850677490234375,-0.00026702880859375,0.0176239013671875,0.07904052734375,0.018768310546875,0.04058837890625,0.142974853515625,0.00885009765625,0.0958251953125,0.09979248046875,0.108795166015625,0.0909423828125,0.068359375,0.1031494140625,0.09124755859375,1.060638427734375,-0.15838623046875,-0.12603759765625,1.454620361328125,6.1940789222717285
105,0.30750000000000005,-0.0,-0.0,-0.0,-0.0,-0.0,-0.0,9.99164867401123,-24.570411682128906,-847.3963012695312,-290264.5,16422.08984375,-3258.571044921875,-0.0,-0.0,-0.0,-0.0,-0.0,-0.0,-0.0,-0.0,-0.0,-0.0,-0.0,-0.0,0.01007080078125,0.0080108642578125,0.0102996826171875,0.01270294189453125,0.00980377197265625,0.01506805419921875,0.01079559326171875,0.02315521240234375,0.00736236572265625,0.012664794921875,0.031280517578125,0.0104522705078125,0.0208282470703125,0.0067138671875,0.0026702880859375,0.024261474609375,-0.132598876953125,-0.006256103515625,0.00335693359375,0.221405029296875,0.051116943359375,0.1116943359375,0.10406494140625,0.075531005859375,0.100860595703125,0.069427490234375,0.086212158203125,0.081634521484375,0.861053466796875,1.78680419921875,-0.2960205078125,1.89361572265625,4.669657230377197
106,0.30800000000000005,-0.0,-0.0,-0.0,-0.0,-0.0,-0.0,10.0512056350708,-23.738937377929688,-845.8677368164062,-290559.96875,16777.09375,-3170.164306640625,-0.0,-0.0,-0.0,-0.0,-0.0,-0.0,-0.0,-0.0,-0.0,-0.0,-0.0,-0.0,-0.006103515625,-0.00537872314453125,-0.00652313232421875,-0.00904083251953125,-0.0051116943359375,-0.00881195068359375,-0.0057220458984375,-0.01483917236328125,-0.0049591064453125,-0.00911712646484375,-0.0168609619140625,-0.00392913818359375,-0.01636505126953125,-0.00713348388671875,-0.0022125244140625,-0.01750946044921875,0.25299072265625,0.2703857421875,0.086517333984375,0.155792236328125,0.15106201171875,0.126953125,0.104827880859375,0.097198486328125,0.108795166015625,0.09490966796875,0.076141357421875,0.09307861328125,-0.519561767578125,0.03631591796875,0.41748046875,-1.064605712890625,1.6208140850067139
107,0.30850000000000005,-0.0,-0.0,-0.0,-0.0,-0.0,-0.0,10.82343578338623,-22.995643615722656,-848.3363647460938,-290446.5,16706.4765625,-3383.763671875,-0.0,-0.0,-0.0,-0.0,-0.0,-0.0,-0.0,-0.0,-0.0,-0.0,-0.0,-0.0,-0.00873565673828125,-0.0077056884765625,-0.01262664794921875,-0.0145721435546875,-0.01049041748046875,-0.01422882080078125,-0.0067901611328125,-0.01926422119140625,-0.005645751953125,-0.00946044921875,-0.028839111328125,-0.01125335693359375,-0.02292633056640625,-0.009918212890625,-0.006256103515625,-0.0250244140625,0.098724365234375,0.098724365234375,0.2789306640625,-0.11474609375,0.123291015625,0.03936767578125,0.083160400390625,0.09490966796875,0.09124755859375,0.150909423828125,0.1068115234375,0.104827880859375,-0.3472900390625,-1.48284912109375,0.35888671875,-1.665802001953125,1.6208140850067139
108,0.30900000000000005,-0.0,-0.0,-0.0,-0.0,-0.0,-0.0,10.17065715789795,-22.28260040283203,-847.7504272460938,-290599.15625,17315.099609375,-3266.72412109375,-0.0,-0.0,-0.0,-0.0,-0.0,-0.0,-0.0,-0.0,-0.0,-0.0,-0.0,-0.0,0.00751495361328125,0.00553131103515625,0.005950927734375,0.0116729736328125,0.00568389892578125,0.012664794921875,0.0074005126953125,0.01239776611328125,0.00522613525390625,0.01079559326171875,0.01720428466796875,0.00568389892578125,0.019073486328125,0.00782012939453125,0.00186920166015625,0.01781463623046875,0.07568359375,0.069732666015625,-0.222930908203125,0.04119873046875,0.149383544921875,0.07476806640625,0.0921630859375,0.102691650390625,0.08453369140625,0.015869140625,0.1141357421875,0.106964111328125,1.049346923828125,-0.1666259765625,-0.224609375,1.54449462890625,4.364773273468018
109,0.30950000000000005,-0.0,-0.0,-0.0,-0.0,-0.0,-0.0,10.409366607666016,-21.480426788330078,-849.51318359375,-290781.5625,17781.958984375,-3208.012939453125,-0.0,-0.0,-0.0,-0.0,-0.0,-0.0,-0.0,-0.0,-0.0,-0.0,-0.0,-0.0,0.010528564453125,0.00980377197265625,0.01293182373046875,0.01476287841796875,0.01125335693359375,0.013275146484375,0.01056671142578125,0.0220489501953125,0.00370025634765625,0.0119781494140625,0.0298309326171875,0.01323699951171875,0.02330780029296875,0.01007080078125,0.0063323974609375,0.0247955322265625,0.15289306640625,0.016021728515625,0.55084228515625,0.076751708984375,0.087127685546875,0.118560791015625,0.090789794921875,0.06805419921875,0.09490966796875,0.06011962890625,0.093994140625,0.1092529296875,0.91339111328125,1.63726806640625,-0.28594970703125,2.23876953125,2.8403513431549072
110,0.31000000000000005,-0.0,-0.0,-0.0,-0.0,-0.0,-0.0,9.308000564575195,-20.94564437866211,-849.86572265625,-290949.09375,18092.1484375,-2992.888671875,-0.0,-0.0,-0.0,-0.0,-0.0,-0.0,-0.0,-0.0,-0.0,-0.0,-0.0,-0.0,-0.0043487548828125,-0.0046539306640625,-0.00728607177734375,-0.00919342041015625,-0.00797271728515625,-0.010833740234375,-0.0067138671875,-0.01430511474609375,-0.00354766845703125,-0.01293182373046875,-0.0142669677734375,-0.0069427490234375,-0.0170135498046875,-0.00560760498046875,-0.00347137451171875,-0.01575469970703125,-0.182647705078125,0.00030517578125,0.066680908203125,0.0921630859375,0.00030517578125,0.061798095703125,0.0897216796875,0.052337646484375,0.135650634765625,0.187835693359375,0.081634521484375,0.094757080078125,-0.558319091796875,0.22186279296875,0.3936767578125,-1.182403564453125,0.7061610817909241
111,0.31050000000000005,-0.0,-0.0,-0.0,-0.0,-0.0,-0.0,8.02763843536377,-20.232601165771484,-848.4524536132812,-290406.375,18760.701171875,-2339.314697265625,-0.0,-0.0,-0.0,-0.0,-0.0,-0.0,-0.0,-0.0,-0.0,-0.0,-0.0,-0.0,-0.00804901123046875,-0.007171630859375,-0.01056671142578125,-0.0138092041015625,-0.0115203857421875,-0.0144195556640625,-0.00980377197265625,-0.0225067138671875,-0.0057220458984375,-0.0112152099609375,-0.0284576416015625,-0.0096893310546875,-0.02307891845703125,-0.0095367431640625,-0.00530242919921875,-0.0261688232421875,0.2166748046875,0.02471923828125,-0.133819580078125,0.13580322265625,0.0677490234375,0.1043701171875,0.10467529296875,0.1202392578125,0.089874267578125,0.034027099609375,0.147247314453125,0.089874267578125,-0.538330078125,-1.573486328125,0.5389404296875,-2.01416015625,-0.5133762359619141
112,0.31100000000000005,-0.0,-0.0,-0.0,-0.0,-0.0,-0.0,6.333946228027344,-18.777830123901367,-847.9849853515625,-289839.96875,19699.779296875,-1889.8455810546875,-0.0,-0.0,-0.0,-0.0,-0.0,-0.0,-0.0,-0.0,-0.0,-0.0,-0.0,-0.0,0.00644683837890625,0.0029754638671875,0.00942230224609375,0.0081634521484375,0.00949859619140625,0.009918212890625,0.00640869140625,0.0138092041015625,0.00171661376953125,0.009613037109375,0.018310546875,0.00362396240234375,0.016632080078125,0.00347137451171875,0.0048828125,0.01522064208984375,0.245361328125,0.28900146484375,0.091705322265625,0.11749267578125,0.09368896484375,0.10711669921875,0.117645263671875,0.12725830078125,0.074920654296875,0.088958740234375,0.100860595703125,0.091705322265625,0.75439453125,0.20721435546875,-0.30181884765625,0.9429931640625,4.669657230377197
113,0.31150000000000005,-0.0,-0.0,-0.0,-0.0,-0.0,-0.0,3.6914753913879395,-17.29305648803711,-847.7310180664062,-289140.625,20623.115234375,-1088.145751953125,-0.0,-0.0,-0.0,-0.0,-0.0,-0.0,-0.0,-0.0,-0.0,-0.0,-0.0,-0.0,0.00751495361328125,0.0079345703125,0.01224517822265625,0.0174713134765625,0.0122833251953125,0.01415252685546875,0.00885009765625,0.0211334228515625,0.0057220458984375,0.0102996826171875,0.02979278564453125,0.01132965087890625,0.02307891845703125,0.0119781494140625,0.00423431396484375,0.02643585205078125,0.06927490234375,0.289764404296875,0.480194091796875,0.1141357421875,0.087127685546875,0.12237548828125,0.086669921875,0.124664306640625,0.101776123046875,0.10711669921875,0.104217529296875,0.09429931640625,0.667724609375,1.6046142578125,-0.24658203125,1.962890625,4.364773273468018
114,0.31200000000000006,-0.0,-0.0,-0.0,-0.0,-0.0,-0.0,1.0401369333267212,-15.656588554382324,-844.5657958984375,-288227.1875,21488.419921875,-520.0574340820312,-0.0,-0.0,-0.0,-0.0,-0.0,-0.0,-0.0,-0.0,-0.0,-0.0,-0.0,-0.0,-0.00621795654296875,-0.00415802001953125,-0.00629425048828125,-0.00885009765625,-0.00579833984375,-0.0112152099609375,-0.00675201416015625,-0.01461029052734375,-0.00431060791015625,-0.00946044921875,-0.01468658447265625,-0.0042724609375,-0.01804351806640625,-0.00579833984375,-0.000152587890625,-0.01678466796875,0.08941650390625,0.23956298828125,0.095977783203125,0.114288330078125,0.085601806640625,0.099639892578125,0.10406494140625,0.095062255859375,0.09002685546875,0.130615234375,0.084686279296875,0.09185791015625,-0.621185302734375,0.24322509765625,0.4840087890625,-1.0565185546875,3.145235776901245
115,0.31250000000000006,-0.0,-0.0,-0.0,-0.0,-0.0,-0.0,-0.9160043001174927,-12.958722114562988,-843.7555541992188,-287862.375,21959.064453125,134.47251892089844,-0.0,-0.0,-0.0,-0.0,-0.0,-0.0,-0.0,-0.0,-0.0,-0.0,-0.0,-0.0,-0.00812530517578125,-0.0098419189453125,-0.0124359130859375,-0.01522064208984375,-0.0101470947265625,-0.01277923583984375,-0.00820159912109375,-0.02197265625,-0.00606536865234375,-0.012359619140625,-0.029449462890625,-0.01125335693359375,-0.02323150634765625,-0.01068115234375,-0.00335693359375,-0.025482177734375,0.138702392578125,-0.067138671875,0.189666748046875,0.0958251953125,0.078125,0.08392333984375,0.095367431640625,0.058441162109375,0.086822509765625,0.07598876953125,0.043182373046875,0.09429931640625,-0.838775634765625,-1.365966796875,0.648193359375,-1.788177490234375,0.7061610817909241
116,0.31300000000000006,-0.0,-0.0,-0.0,-0.0,-0.0,-0.0,-2.979245662689209,-10.791923522949219,-841.3955078125,-286730.3125,22840.01171875,509.10687255859375,-0.0,-0.0,-0.0,-0.0,-0.0,-0.0,-0.0,-0.0,-0.0,-0.0,-0.0,-0.0,0.0067901611328125,0.002288818359375,0.0083160400390625,0.00980377197265625,0.00583648681640625,0.01087188720703125,0.00469207763671875,0.013885498046875,0.0046539306640625,0.01018524169921875,0.0157928466796875,0.00415802001953125,0.01674652099609375,0.00690460205078125,0.00225067138671875,0.0167083740234375,0.132293701171875,0.334014892578125,0.042266845703125,0.08819580078125,0.108184814453125,0.09002685546875,0.091094970703125,0.09674072265625,0.097808837890625,0.0958251953125,0.135345458984375,0.086669921875,0.91796875,-0.04608154296875,-0.23681640625,1.089324951171875,5.584310531616211
117,0.31350000000000006,-0.0,-0.0,-0.0,-0.0,-0.0,-0.0,-4.315320014953613,-9.096513748168945,-839.3668823242188,-285438.03125,23639.7421875,997.0925903320312,-0.0,-0.0,-0.0,-0.0,-0.0,-0.0,-0.0,-0.0,-0.0,-0.0,-0.0,-0.0,0.00957489013671875,0.01010894775390625,0.010223388671875,0.01453399658203125,0.01178741455078125,0.01461029052734375,0.0113677978515625,0.0229644775390625,0.00751495361328125,0.01140594482421875,0.030364990234375,0.0112152099609375,0.02170562744140625,0.01033782958984375,0.00553131103515625,0.02834320068359375,0.1141357421875,0.08270263671875,0.121612548828125,0.126495361328125,0.1092529296875,0.14862060546875,0.113983154296875,0.14556884765625,0.116119384765625,0.100860595703125,0.1226806640625,0.10284423828125,1.023406982421875,1.7413330078125,-0.42083740234375,2.15606689453125,4.974541664123535
118,0.31400000000000006,-0.0,-0.0,-0.0,-0.0,-0.0,-0.0,-6.214053153991699,-7.105446815490723,-835.9544067382812,-284451.6875,24449.04296875,1340.914794921875,-0.0,-0.0,-0.0,-0.0,-0.0,-0.0,-0.0,-0.0,-0.0,-0.0,-0.0,-0.0,-0.0042724609375,-0.0041961669921875,-0.0075531005859375,-0.0077056884765625,-0.0078582763671875,-0.00782012939453125,-0.0052642822265625,-0.0139617919921875,-0.0046539306640625,-0.01308441162109375,-0.0138092041015625,-0.00675201416015625,-0.01506805419921875,-0.005645751953125,-0.00377655029296875,-0.01495361328125,0.123748779296875,0.06866455078125,-0.149078369140625,0.119476318359375,0.09674072265625,0.10986328125,0.100555419921875,0.106201171875,0.13580322265625,0.2978515625,0.056915283203125,0.09857177734375,-0.817108154296875,0.411376953125,0.361328125,-0.7568359375,0.7061610817909241
119,0.31450000000000006,-0.0,-0.0,-0.0,-0.0,-0.0,-0.0,-8.37972354888916,-5.415322303771973,-832.4570922851562,-283129.15625,25441.744140625,1741.148193359375,-0.0,-0.0,-0.0,-0.0,-0.0,-0.0,-0.0,-0.0,-0.0,-0.0,-0.0,-0.0,-0.008544921875,-0.00598907470703125,-0.01056671142578125,-0.01522064208984375,-0.01209259033203125,-0.0151824951171875,-0.01331329345703125,-0.0225067138671875,-0.0063323974609375,-0.0102996826171875,-0.0286102294921875,-0.012359619140625,-0.02460479736328125,-0.0092315673828125,-0.00698089599609375,-0.0267791748046875,0.152435302734375,0.052642822265625,0.267486572265625,0.148162841796875,0.080108642578125,0.107879638671875,0.102386474609375,0.071563720703125,0.040283203125,-0.127410888671875,0.032806396484375,0.099334716796875,-0.612640380859375,-1.38214111328125,0.08270263671875,-2.067413330078125,-2.342682361602783
120,0.31500000000000006,-0.0,-0.0,-0.0,-0.0,-0.0,-0.0,-10.29329776763916,-4.487317085266113,-829.7288208007812,-281501.59375,26464.294921875,2356.35986328125,-0.0,-0.0,-0.0,-0.0,-0.0,-0.0,-0.0,-0.0,-0.0,-0.0,-0.0,-0.0,0.00392913818359375,0.00484466552734375,0.00728607177734375,0.0090789794921875,0.00843048095703125,0.0089263916015625,0.0074005126953125,0.01399993896484375,0.0031280517578125,0.011444091796875,0.013580322265625,0.0066375732421875,0.0179290771484375,0.0058746337890625,0.00522613525390625,0.01556396484375,0.1519775390625,-0.05645751953125,0.33782958984375,0.058441162109375,0.103759765625,0.061798095703125,0.089569091796875,0.06195068359375,0.065460205078125,-0.0103759765625,0.074920654296875,0.107269287109375,0.547332763671875,-0.089111328125,-0.07110595703125,1.3189697265625,6.803847789764404
121,0.31550000000000006,-0.0,-0.0,-0.0,-0.0,-0.0,-0.0,-11.930278778076172,-3.157397508621216,-828.5601806640625,-280544.375,27694.197265625,2690.687744140625,-0.0,-0.0,-0.0,-0.0,-0.0,-0.0,-0.0,-0.0,-0.0,-0.0,-0.0,-0.0,0.00782012939453125,0.00652313232421875,0.0115966796875,0.0160980224609375,0.011749267578125,0.01636505126953125,0.0099945068359375,0.02475738525390625,0.0054168701171875,0.01255035400390625,0.02941131591796875,0.01087188720703125,0.02590179443359375,0.0115203857421875,0.004119873046875,0.0274658203125,-0.08148193359375,0.162200927734375,0.115203857421875,0.056915283203125,0.0958251953125,0.081329345703125,0.09246826171875,0.103912353515625,0.109710693359375,0.150909423828125,0.111236572265625,0.096893310546875,0.97015380859375,1.65924072265625,-0.145263671875,2.291717529296875,6.1940789222717285
122,0.31600000000000006,-0.0,-0.0,-0.0,-0.0,-0.0,-0.0,-13.854912757873535,-3.616058349609375,-823.7236328125,-279575.03125,28935.984375,3050.645263671875,-0.0,-0.0,-0.0,-0.0,-0.0,-0.0,-0.0,-0.0,-0.0,-0.0,-0.0,-0.0,-0.00637054443359375,-0.00316619873046875,-0.00782012939453125,-0.0067138671875,-0.00629425048828125,-0.008392333984375,-0.00469207763671875,-0.01224517822265625,-0.002593994140625,-0.0101470947265625,-0.01399993896484375,-0.0042724609375,-0.01605987548828125,-0.00385284423828125,-0.00347137451171875,-0.01552581787109375,0.110015869140625,0.121612548828125,-0.015716552734375,0.084381103515625,0.0946044921875,0.10284423828125,0.103912353515625,0.11749267578125,0.132904052734375,0.2325439453125,0.09735107421875,0.103607177734375,-0.703887939453125,0.26153564453125,0.57769775390625,-0.76934814453125,1.3159297704696655
123,0.31650000000000006,-0.0,-0.0,-0.0,-0.0,-0.0,-0.0,-15.549757957458496,-2.5344808101654053,-822.5560302734375,-278131.25,29862.02734375,3264.20556640625,-0.0,-0.0,-0.0,-0.0,-0.0,-0.0,-0.0,-0.0,-0.0,-0.0,-0.0,-0.0,-0.00972747802734375,-0.0090789794921875,-0.01220703125,-0.0128173828125,-0.01068115234375,-0.0142669677734375,-0.0104522705078125,-0.02300262451171875,-0.00606536865234375,-0.01308441162109375,-0.030670166015625,-0.01171112060546875,-0.02437591552734375,-0.0078582763671875,-0.0043487548828125,-0.02635955810546875,0.16937255859375,0.077972412109375,0.020904541015625,0.09765625,0.122833251953125,0.08819580078125,0.089111328125,0.0787353515625,0.099639892578125,0.1324462890625,0.117034912109375,0.093231201171875,-0.707855224609375,-1.66290283203125,0.35186767578125,-2.15850830078125,-1.1231448650360107
124,0.31700000000000006,-0.0,-0.0,-0.0,-0.0,-0.0,-0.0,-17.628467559814453,-1.6582963466644287,-820.0675659179688,-276856.90625,30836.412109375,3569.254150390625,-0.0,-0.0,-0.0,-0.0,-0.0,-0.0,-0.0,-0.0,-0.0,-0.0,-0.0,-0.0,0.00591278076171875,0.0029754638671875,0.0058746337890625,0.00804901123046875,0.008544921875,0.00827789306640625,0.00457763671875,0.0109100341796875,0.00354766845703125,0.01087188720703125,0.012664794921875,0.00507354736328125,0.012969970703125,0.005340576171875,0.00408172607421875,0.013885498046875,0.118255615234375,0.012969970703125,0.10101318359375,0.158538818359375,-0.1153564453125,0.086212158203125,0.103912353515625,0.0714111328125,0.045318603515625,-0.13671875,0.07904052734375,0.1129150390625,0.616912841796875,-0.1531982421875,-0.234375,0.67657470703125,5.889194965362549
125,0.31750000000000006,-0.0,-0.0,-0.0,-0.0,-0.0,-0.0,-19.00617027282715,-0.24489399790763855,-817.6287231445312,-275415.09375,31890.099609375,3852.87451171875,-0.0,-0.0,-0.0,-0.0,-0.0,-0.0,-0.0,-0.0,-0.0,-0.0,-0.0,-0.0,0.01007080078125,0.0103759765625,0.010223388671875,0.0152587890625,0.01026153564453125,0.015106201171875,0.01007080078125,0.02288818359375,0.00762939453125,0.013885498046875,0.0308990478515625,0.0115203857421875,0.024261474609375,0.00926971435546875,0.00457763671875,0.02819061279296875,0.18157958984375,-0.034332275390625,-0.016937255859375,0.123443603515625,0.2606201171875,0.075225830078125,0.091705322265625,0.093994140625,0.0799560546875,0.02227783203125,0.087890625,0.097198486328125,0.879058837890625,1.619873046875,-0.24627685546875,2.27996826171875,4.974541664123535
126,0.31800000000000006,-0.0,-0.0,-0.0,-0.0,-0.0,-0.0,-20.629764556884766,0.6193571090698242,-814.450927734375,-274308.59375,32401.798828125,4109.8076171875,-0.0,-0.0,-0.0,-0.0,-0.0,-0.0,-0.0,-0.0,-0.0,-0.0,-0.0,-0.0,-0.006256103515625,-0.00385284423828125,-0.00579833984375,-0.00804901123046875,-0.00431060791015625,-0.0077056884765625,-0.00598907470703125,-0.01186370849609375,-0.00438690185546875,-0.0078582763671875,-0.011138916015625,-0.00469207763671875,-0.01605987548828125,-0.00484466552734375,-0.00244140625,-0.01354217529296875,0.1641845703125,0.469970703125,0.224151611328125,0.07904052734375,0.05615234375,0.123443603515625,0.1153564453125,0.135955810546875,0.09765625,0.085296630859375,0.101165771484375,0.089111328125,-0.4473876953125,0.55572509765625,0.279541015625,-1.019439697265625,1.3159297704696655
127,0.31850000000000006,-0.0,-0.0,-0.0,-0.0,-0.0,-0.0,-21.699966430664062,0.47694557905197144,-813.7830200195312,-272772.71875,32847.81640625,3877.610595703125,-0.0,-0.0,-0.0,-0.0,-0.0,-0.0,-0.0,-0.0,-0.0,-0.0,-0.0,-0.0,-0.00873565673828125,-0.00782012939453125,-0.01171112060546875,-0.015106201171875,-0.010528564453125,-0.01300811767578125,-0.009613037109375,-0.0223541259765625,-0.00751495361328125,-0.01430511474609375,-0.0307464599609375,-0.01239776611328125,-0.02460479736328125,-0.00850677490234375,-0.0032806396484375,-0.02685546875,0.03448486328125,0.251007080078125,0.09429931640625,0.0677490234375,0.191497802734375,0.1165771484375,0.099334716796875,0.1080322265625,0.0927734375,0.088043212890625,0.135040283203125,0.0909423828125,-0.995025634765625,-1.70989990234375,0.5450439453125,-2.10845947265625,-0.20849192142486572
128,0.31900000000000006,-0.0,-0.0,-0.0,-0.0,-0.0,-0.0,-21.846601486206055,1.9245156049728394,-811.234619140625,-271571.8125,32951.65234375,3615.751953125,-0.0,-0.0,-0.0,-0.0,-0.0,-0.0,-0.0,-0.0,-0.0,-0.0,-0.0,-0.0,0.00675201416015625,0.0051116943359375,0.0079345703125,0.0080108642578125,0.005645751953125,0.00881195068359375,0.0070953369140625,0.0116729736328125,0.00385284423828125,0.009918212890625,0.011749267578125,0.006866455078125,0.01461029052734375,0.0067138671875,0.0012969970703125,0.0153350830078125,0.1263427734375,0.139617919921875,-0.08148193359375,0.0799560546875,0.238189697265625,0.1202392578125,0.097198486328125,0.10406494140625,0.100250244140625,0.10101318359375,0.086212158203125,0.092010498046875,0.52886962890625,-0.4022216796875,-0.03509521484375,0.938720703125,6.1940789222717285
129,0.31950000000000006,-0.0,-0.0,-0.0,-0.0,-0.0,-0.0,-20.969676971435547,3.528569221496582,-811.7321166992188,-270154.21875,32591.236328125,3071.65576171875,-0.0,-0.0,-0.0,-0.0,-0.0,-0.0,-0.0,-0.0,-0.0,-0.0,-0.0,-0.0,0.00911712646484375,0.00583648681640625,0.01224517822265625,0.01567840576171875,0.012054443359375,0.0154876708984375,0.01125335693359375,0.02422332763671875,0.0072479248046875,0.01354217529296875,0.0301361083984375,0.0119781494140625,0.03002166748046875,0.00980377197265625,0.005645751953125,0.0274658203125,-0.0213623046875,-0.352020263671875,0.100250244140625,0.094451904296875,0.01678466796875,0.102081298828125,0.098724365234375,0.06866455078125,0.105438232421875,0.130767822265625,0.11688232421875,0.09674072265625,1.211090087890625,1.6290283203125,-0.21148681640625,2.52655029296875,4.669657230377197
130,0.32000000000000006,-0.0,-0.0,-0.0,-0.0,-0.0,-0.0,-20.41840171813965,5.578309059143066,-811.2542724609375,-269337.9375,32180.046875,2760.197998046875,-0.0,-0.0,-0.0,-0.0,-0.0,-0.0,-0.0,-0.0,-0.0,-0.0,-0.0,-0.0,-0.00675201416015625,-0.0054168701171875,-0.0075531005859375,-0.0074005126953125,-0.005340576171875,-0.0090789794921875,-0.00644683837890625,-0.01171112060546875,-0.00408172607421875,-0.0103759765625,-0.0115966796875,-0.0051116943359375,-0.01499176025390625,-0.0055694580078125,-0.002288818359375,-0.014190673828125,0.182037353515625,0.41412353515625,0.213470458984375,0.13427734375,-0.515899658203125,0.101165771484375,0.091552734375,0.069122314453125,0.095977783203125,0.089263916015625,0.06988525390625,0.077972412109375,-0.65338134765625,0.37689208984375,0.1904296875,-0.793609619140625,5.889194965362549
131,0.32050000000000006,-0.0,-0.0,-0.0,-0.0,-0.0,-0.0,-19.280738830566406,7.670843601226807,-812.5864868164062,-268607.96875,31731.615234375,2133.556640625,-0.0,-0.0,-0.0,-0.0,-0.0,-0.0,-0.0,-0.0,-0.0,-0.0,-0.0,-0.0,-0.00919342041015625,-0.00354766845703125,-0.01224517822265625,-0.015106201171875,-0.010986328125,-0.0128173828125,-0.0096893310546875,-0.02315521240234375,-0.009307861328125,-0.013427734375,-0.030670166015625,-0.0118255615234375,-0.025482177734375,-0.0104522705078125,-0.0025177001953125,-0.02658843994140625,-0.095062255859375,-0.02471923828125,-0.162506103515625,0.138702392578125,0.808563232421875,0.10223388671875,0.09246826171875,0.09979248046875,0.114898681640625,0.15411376953125,0.055999755859375,0.087738037109375,-0.810089111328125,-1.4129638671875,0.36407470703125,-2.140655517578125,-1.732913613319397
132,0.32100000000000006,-0.0,-0.0,-0.0,-0.0,-0.0,-0.0,-18.308134078979492,9.372803688049316,-815.2183837890625,-268053.46875,31150.89453125,1415.863525390625,-0.0,-0.0,-0.0,-0.0,-0.0,-0.0,-0.0,-0.0,-0.0,-0.0,-0.0,-0.0,0.006866455078125,0.00335693359375,0.00652313232421875,0.00751495361328125,0.00629425048828125,0.0096893310546875,0.0069427490234375,0.0122833251953125,0.005035400390625,0.01010894775390625,0.01392364501953125,0.0066375732421875,0.01506805419921875,0.00827789306640625,0.00217437744140625,0.015106201171875,0.475006103515625,0.0311279296875,0.050811767578125,0.04638671875,0.1336669921875,0.094757080078125,0.11322021484375,0.10223388671875,0.0860595703125,0.083465576171875,0.175323486328125,0.11566162109375,0.6903076171875,-0.1629638671875,-0.1947021484375,1.338653564453125,3.755004405975342
133,0.32150000000000006,-0.0,-0.0,-0.0,-0.0,-0.0,-0.0,-17.36429214477539,10.893523216247559,-815.845703125,-267188.1875,30614.2734375,861.2700805664062,-0.0,-0.0,-0.0,-0.0,-0.0,-0.0,-0.0,-0.0,-0.0,-0.0,-0.0,-0.0,0.00873565673828125,0.0072479248046875,0.0125885009765625,0.01552581787109375,0.01392364501953125,0.0152587890625,0.00885009765625,0.02117156982421875,0.00759124755859375,0.01678466796875,0.03398895263671875,0.01285552978515625,0.0218963623046875,0.0104522705078125,0.00347137451171875,0.02620697021484375,0.0201416015625,0.145416259765625,0.6488037109375,0.048828125,-0.07965087890625,0.111236572265625,0.0927734375,0.139007568359375,0.115966796875,0.052490234375,0.152435302734375,0.118560791015625,1.193389892578125,2.02423095703125,-0.318603515625,1.941680908203125,-6.306178569793701
134,0.32200000000000006,-0.0,-0.0,-0.0,-0.0,-0.0,-0.0,-17.096588134765625,12.026328086853027,-816.5271606445312,-266301.40625,30622.35546875,613.6387939453125,-0.0,-0.0,-0.0,-0.0,-0.0,-0.0,-0.0,-0.0,-0.0,-0.0,-0.0,-0.0,-0.0054168701171875,-0.0037384033203125,-0.0072479248046875,-0.0069427490234375,-0.00766754150390625,-0.0077056884765625,-0.006561279296875,-0.01068115234375,-0.00301361083984375,-0.0103759765625,-0.0118255615234375,-0.00400543212890625,-0.01796722412109375,-0.005645751953125,-0.001678466796875,-0.01468658447265625,0.056304931640625,0.08056640625,-0.229034423828125,0.114288330078125,0.1153564453125,0.0823974609375,0.09063720703125,0.122833251953125,0.103607177734375,0.18096923828125,0.0787353515625,0.112152099609375,-0.64483642578125,0.3045654296875,0.3558349609375,-1.00830078125,4.364773273468018
135,0.32250000000000006,-0.0,-0.0,-0.0,-0.0,-0.0,-0.0,-16.963001251220703,13.859474182128906,-816.173095703125,-265479.25,30041.078125,397.84515380859375,-0.0,-0.0,-0.0,-0.0,-0.0,-0.0,-0.0,-0.0,-0.0,-0.0,-0.0,-0.0,-0.00949859619140625,-0.00720977783203125,-0.01331329345703125,-0.0145721435546875,-0.0116729736328125,-0.0133514404296875,-0.0072479248046875,-0.02368927001953125,-0.00911712646484375,-0.013580322265625,-0.03017425537109375,-0.0106048583984375,-0.0254058837890625,-0.009307861328125,-0.004425048828125,-0.02666473388671875,0.28778076171875,-0.335845947265625,0.522613525390625,0.12237548828125,-0.0408935546875,0.108184814453125,0.101776123046875,0.068206787109375,0.095062255859375,0.11077880859375,0.06378173828125,0.094757080078125,-0.744781494140625,-1.44378662109375,0.60577392578125,-2.06451416015625,-2.95245099067688
136,0.32300000000000006,-0.0,-0.0,-0.0,-0.0,-0.0,-0.0,-16.695833206176758,14.916729927062988,-816.552001953125,-264852.15625,29809.193359375,160.36549377441406,-0.0,-0.0,-0.0,-0.0,-0.0,-0.0,-0.0,-0.0,-0.0,-0.0,-0.0,-0.0,0.005340576171875,0.00461578369140625,0.00614166259765625,0.0074005126953125,0.00591278076171875,0.008087158203125,0.00850677490234375,0.0103759765625,0.00240325927734375,0.01110076904296875,0.01041412353515625,0.00827789306640625,0.0193023681640625,0.00667572021484375,0.00396728515625,0.0136566162109375,-0.010528564453125,0.388336181640625,0.231781005859375,0.106964111328125,-0.0701904296875,0.054931640625,0.0787353515625,0.05157470703125,0.102691650390625,0.097503662109375,0.0677490234375,0.092926025390625,0.784149169921875,-0.2459716796875,0.0579833984375,1.34368896484375,5.584310531616211
137,0.32350000000000007,-0.0,-0.0,-0.0,-0.0,-0.0,-0.0,-16.300405502319336,16.228654861450195,-818.8974609375,-264063.3125,29438.84375,6.826784610748291,-0.0,-0.0,-0.0,-0.0,-0.0,-0.0,-0.0,-0.0,-0.0,-0.0,-0.0,-0.0,0.00827789306640625,0.00701904296875,0.01270294189453125,0.01644134521484375,0.0106048583984375,0.01483917236328125,0.01087188720703125,0.02246856689453125,0.0064849853515625,0.0116729736328125,0.0318145751953125,0.0112152099609375,0.0261688232421875,0.00949859619140625,0.003814697265625,0.0284576416015625,-0.203704833984375,0.341949462890625,-0.57891845703125,0.109405517578125,0.180206298828125,0.10406494140625,0.1025390625,0.10894775390625,0.09613037109375,0.0738525390625,0.13275146484375,0.0830078125,0.82061767578125,1.43157958984375,-0.328369140625,2.109832763671875,5.889194965362549
138,0.32400000000000007,-0.0,-0.0,-0.0,-0.0,-0.0,-0.0,-15.337084770202637,17.266332626342773,-819.98486328125,-263660.71875,29126.4375,-516.609130859375,-0.0,-0.0,-0.0,-0.0,-0.0,-0.0,-0.0,-0.0,-0.0,-0.0,-0.0,-0.0,-0.0045013427734375,-0.00244140625,-0.00598907470703125,-0.00705718994140625,-0.005645751953125,-0.0083160400390625,-0.00457763671875,-0.01239776611328125,-0.002899169921875,-0.011138916015625,-0.01308441162109375,-0.00186920166015625,-0.02185821533203125,-0.00431060791015625,-0.00484466552734375,-0.01323699951171875,0.3497314453125,0.14312744140625,0.6475830078125,0.047149658203125,0.227813720703125,0.138702392578125,0.106964111328125,0.102081298828125,0.0946044921875,0.135498046875,0.10650634765625,0.10345458984375,-0.6005859375,0.2838134765625,0.46051025390625,-1.21246337890625,5.889194965362549
139,0.32450000000000007,-0.0,-0.0,-0.0,-0.0,-0.0,-0.0,-14.491645812988281,18.04384994506836,-822.4978637695312,-263215.90625,28782.40234375,-917.383056640625,-0.0,-0.0,-0.0,-0.0,-0.0,-0.0,-0.0,-0.0,-0.0,-0.0,-0.0,-0.0,-0.00640869140625,-0.00865936279296875,-0.00926971435546875,-0.01567840576171875,-0.0115203857421875,-0.01499176025390625,-0.01125335693359375,-0.02201080322265625,-0.00728607177734375,-0.0090789794921875,-0.030975341796875,-0.01125335693359375,-0.02582550048828125,-0.01117706298828125,-0.00209808349609375,-0.02574920654296875,-0.008544921875,0.066680908203125,0.3570556640625,0.10162353515625,-0.004119873046875,0.136566162109375,0.109405517578125,0.149078369140625,0.139007568359375,0.145111083984375,0.0982666015625,0.1025390625,-0.263519287109375,-1.44500732421875,0.6109619140625,-2.113037109375,0.09639240801334381
140,0.32500000000000007,-0.0,-0.0,-0.0,-0.0,-0.0,-0.0,-13.267662048339844,19.37352180480957,-822.87939453125,-262950.90625,28463.591796875,-1342.190185546875,-0.0,-0.0,-0.0,-0.0,-0.0,-0.0,-0.0,-0.0,-0.0,-0.0,-0.0,-0.0,0.006561279296875,0.00385284423828125,0.006561279296875,0.0066375732421875,0.004425048828125,0.009002685546875,0.0057220458984375,0.012054443359375,0.00125885009765625,0.0110626220703125,0.013580322265625,0.00247955322265625,0.02105712890625,0.00396728515625,0.00392913818359375,0.01384735107421875,0.0933837890625,0.101470947265625,-0.13916015625,0.154266357421875,0.232086181640625,0.081024169921875,0.10589599609375,0.10711669921875,0.0518798828125,0.0506591796875,0.03753662109375,0.082550048828125,1.058807373046875,-0.26397705078125,-0.399169921875,1.403350830078125,5.584310531616211
141,0.32550000000000007,-0.0,-0.0,-0.0,-0.0,-0.0,-0.0,-12.61878490447998,20.718318939208984,-823.6156005859375,-262128.578125,28534.6328125,-1463.226318359375,-0.0,-0.0,-0.0,-0.0,-0.0,-0.0,-0.0,-0.0,-0.0,-0.0,-0.0,-0.0,0.00774383544921875,0.007171630859375,0.0115966796875,0.01728057861328125,0.0107574462890625,0.0144195556640625,0.0091552734375,0.0209808349609375,0.00885009765625,0.0128173828125,0.03353118896484375,0.01033782958984375,0.02223968505859375,0.00919342041015625,0.00324249267578125,0.02796173095703125,-0.15350341796875,-0.08758544921875,0.1165771484375,0.113067626953125,0.0433349609375,0.0848388671875,0.096282958984375,0.0537109375,0.08026123046875,0.084228515625,0.1165771484375,0.117645263671875,0.84686279296875,1.71722412109375,-0.49652099609375,1.9635009765625,1.3159297704696655
142,0.32600000000000007,-0.0,-0.0,-0.0,-0.0,-0.0,-0.0,-12.384256362915039,20.832529067993164,-821.6248779296875,-261178.015625,28268.10546875,-1636.0692138671875,-0.0,-0.0,-0.0,-0.0,-0.0,-0.0,-0.0,-0.0,-0.0,-0.0,-0.0,-0.0,-0.0077056884765625,-0.00354766845703125,-0.00644683837890625,-0.00659942626953125,-0.003814697265625,-0.0079345703125,-0.0078582763671875,-0.00820159912109375,-0.00484466552734375,-0.01079559326171875,-0.0089263916015625,-0.0043487548828125,-0.01972198486328125,-0.005645751953125,-0.0018310546875,-0.0128936767578125,0.374755859375,0.170440673828125,0.388946533203125,0.07598876953125,-0.016937255859375,0.1055908203125,0.093536376953125,0.07598876953125,0.09857177734375,0.08331298828125,0.06561279296875,0.079193115234375,-0.64208984375,0.814208984375,0.37109375,-1.326141357421875,4.364773273468018
143,0.32650000000000007,-0.0,-0.0,-0.0,-0.0,-0.0,-0.0,-11.240524291992188,22.339290618896484,-821.3043212890625,-259892.96875,28351.078125,-2110.93505859375,-0.0,-0.0,-0.0,-0.0,-0.0,-0.0,-0.0,-0.0,-0.0,-0.0,-0.0,-0.0,-0.009918212890625,-0.00629425048828125,-0.01132965087890625,-0.0141143798828125,-0.01018524169921875,-0.0162506103515625,-0.01148223876953125,-0.02429962158203125,-0.00438690185546875,-0.01338958740234375,-0.0325775146484375,-0.0099945068359375,-0.02307891845703125,-0.009765625,-0.006866455078125,-0.02593994140625,0.0213623046875,0.058746337890625,0.155487060546875,0.09674072265625,0.252685546875,0.11138916015625,0.1025390625,0.133514404296875,0.102996826171875,0.099945068359375,0.09063720703125,0.088043212890625,-0.799407958984375,-1.64520263671875,0.83892822265625,-1.77337646484375,-0.20849192142486572
144,0.32700000000000007,-0.0,-0.0,-0.0,-0.0,-0.0,-0.0,-10.981321334838867,22.752347946166992,-818.9909057617188,-258237.0,28198.33203125,-2262.322509765625,-0.0,-0.0,-0.0,-0.0,-0.0,-0.0,-0.0,-0.0,-0.0,-0.0,-0.0,-0.0,0.00701904296875,0.00286102294921875,0.00736236572265625,0.00606536865234375,0.007171630859375,0.008392333984375,0.00640869140625,0.00885009765625,0.003662109375,0.01087188720703125,0.01003265380859375,0.0019073486328125,0.02086639404296875,0.006103515625,0.00179290771484375,0.0135040283203125,0.183868408203125,0.125274658203125,0.061492919921875,0.095062255859375,0.012359619140625,0.12725830078125,0.105438232421875,0.103759765625,0.08148193359375,0.088653564453125,0.064697265625,0.10284423828125,0.75775146484375,-0.638427734375,-0.25787353515625,1.697235107421875,4.364773273468018
145,0.32750000000000007,-0.0,-0.0,-0.0,-0.0,-0.0,-0.0,-11.05345344543457,23.830408096313477,-817.5430297851562,-257189.765625,28647.99609375,-1990.4691162109375,-0.0,-0.0,-0.0,-0.0,-0.0,-0.0,-0.0,-0.0,-0.0,-0.0,-0.0,-0.0,0.00766754150390625,0.00762939453125,0.011749267578125,0.016632080078125,0.0112152099609375,0.0152587890625,0.008087158203125,0.02346038818359375,0.0058746337890625,0.01293182373046875,0.034637451171875,0.011138916015625,0.02384185791015625,0.00949859619140625,0.00308990478515625,0.0281524658203125,0.166168212890625,-0.194244384765625,-0.214996337890625,0.1385498046875,0.137786865234375,0.0469970703125,0.085296630859375,0.077362060546875,0.10467529296875,0.13671875,0.032958984375,0.107421875,0.97564697265625,1.800537109375,-0.4931640625,2.07122802734375,3.450119972229004
146,0.32800000000000007,-0.0,-0.0,-0.0,-0.0,-0.0,-0.0,-11.71926212310791,24.78708839416504,-816.552001953125,-256229.3125,28596.580078125,-1609.48828125,-0.0,-0.0,-0.0,-0.0,-0.0,-0.0,-0.0,-0.0,-0.0,-0.0,-0.0,-0.0,-0.0048065185546875,-0.00446319580078125,-0.00507354736328125,-0.00659942626953125,-0.0058746337890625,-0.0074005126953125,-0.0072479248046875,-0.0099945068359375,-0.00377655029296875,-0.0127410888671875,-0.00843048095703125,-0.000762939453125,-0.02338409423828125,-0.00514984130859375,-0.0017547607421875,-0.0128173828125,-0.080108642578125,-0.2545166015625,0.0872802734375,0.134735107421875,0.10284423828125,0.0982666015625,0.10101318359375,0.053863525390625,0.0836181640625,0.088043212890625,0.073089599609375,0.10406494140625,-0.946502685546875,0.75347900390625,0.5181884765625,-1.48590087890625,4.05988883972168
147,0.32850000000000007,-0.0,-0.0,-0.0,-0.0,-0.0,-0.0,-12.06710433959961,26.138872146606445,-814.0219116210938,-255510.03125,28880.216796875,-1502.20068359375,-0.0,-0.0,-0.0,-0.0,-0.0,-0.0,-0.0,-0.0,-0.0,-0.0,-0.0,-0.0,-0.0064849853515625,-0.00812530517578125,-0.01148223876953125,-0.01537322998046875,-0.01125335693359375,-0.013885498046875,-0.01010894775390625,-0.0223541259765625,-0.0054168701171875,-0.0118255615234375,-0.0315093994140625,-0.01308441162109375,-0.02330780029296875,-0.00942230224609375,-0.00469207763671875,-0.0262451171875,0.126800537109375,0.52886962890625,-0.004425048828125,0.071258544921875,0.01983642578125,0.03021240234375,0.080413818359375,0.08209228515625,0.110626220703125,0.072479248046875,0.127410888671875,0.088043212890625,-0.62774658203125,-1.34490966796875,0.404052734375,-1.977691650390625,0.40127673745155334
148,0.32900000000000007,-0.0,-0.0,-0.0,-0.0,-0.0,-0.0,-12.822757720947266,26.85178565979004,-811.0310668945312,-254681.4375,29496.662109375,-1256.8642578125,-0.0,-0.0,-0.0,-0.0,-0.0,-0.0,-0.0,-0.0,-0.0,-0.0,-0.0,-0.0,0.0075531005859375,0.00476837158203125,0.00736236572265625,0.00762939453125,0.00762939453125,0.00911712646484375,0.010833740234375,0.00988006591796875,0.003814697265625,0.0141143798828125,0.008087158203125,0.00293731689453125,0.02170562744140625,0.0054931640625,0.00453948974609375,0.0128936767578125,-0.09246826171875,0.27496337890625,0.32257080078125,0.02227783203125,0.1129150390625,0.104827880859375,0.09918212890625,0.1324462890625,0.089263916015625,0.129852294921875,0.158538818359375,0.098419189453125,1.050872802734375,-0.59539794921875,-0.4693603515625,1.48040771484375,1.6208140850067139
149,0.32950000000000007,-0.0,-0.0,-0.0,-0.0,-0.0,-0.0,-13.860530853271484,27.132925033569336,-810.2323608398438,-253941.796875,29980.447265625,-937.950439453125,-0.0,-0.0,-0.0,-0.0,-0.0,-0.0,-0.0,-0.0,-0.0,-0.0,-0.0,-0.0,0.0098419189453125,0.0089263916015625,0.012969970703125,0.0156402587890625,0.00934600830078125,0.01529693603515625,0.0113677978515625,0.02544403076171875,0.00621795654296875,0.0106048583984375,0.03108978271484375,0.0131988525390625,0.02681732177734375,0.010223388671875,0.00446319580078125,0.02758026123046875,0.229339599609375,0.184478759765625,0.19989013671875,0.07904052734375,0.1055908203125,0.120391845703125,0.101470947265625,0.121612548828125,0.095367431640625,0.124053955078125,0.10406494140625,0.093841552734375,0.9954833984375,1.44439697265625,-0.2508544921875,2.3028564453125,4.364773273468018
150,0.33000000000000007,-0.0,-0.0,-0.0,-0.0,-0.0,-0.0,-15.254997253417969,26.05902671813965,-808.4673461914062,-254240.46875,30969.650390625,-390.700927734375,-0.0,-0.0,-0.0,-0.0,-0.0,-0.0,-0.0,-0.0,-0.0,-0.0,-0.0,-0.0,-0.006256103515625,-0.00446319580078125,-0.00484466552734375,-0.00690460205078125,-0.00568389892578125,-0.009307861328125,-0.00698089599609375,-0.0104522705078125,-0.00518798828125,-0.01232147216796875,-0.01148223876953125,-0.0031280517578125,-0.02155303955078125,-0.00522613525390625,-0.0009918212890625,-0.01094818115234375,0.188446044921875,0.165252685546875,-0.20416259765625,0.123291015625,0.09368896484375,0.076751708984375,0.097198486328125,0.10528564453125,0.1446533203125,0.0787353515625,0.07781982421875,0.09918212890625,-1.0491943359375,0.47882080078125,0.56549072265625,-1.37298583984375,4.669657230377197
151,0.33050000000000007,-0.0,-0.0,-0.0,-0.0,-0.0,-0.0,-16.282560348510742,24.37552261352539,-810.5872192382812,-254394.640625,32075.580078125,217.80816650390625,-0.0,-0.0,-0.0,-0.0,-0.0,-0.0,-0.0,-0.0,-0.0,-0.0,-0.0,-0.0,-0.00896453857421875,-0.0077056884765625,-0.01171112060546875,-0.0145721435546875,-0.01293182373046875,-0.016326904296875,-0.01079559326171875,-0.02185821533203125,-0.00759124755859375,-0.01338958740234375,-0.029449462890625,-0.014190673828125,-0.0235748291015625,-0.0098419189453125,-0.00438690185546875,-0.0278472900390625,0.15777587890625,-0.03936767578125,0.00396728515625,0.15350341796875,0.13397216796875,0.1007080078125,0.096435546875,0.052490234375,0.0726318359375,0.06195068359375,0.03875732421875,0.09521484375,-0.6866455078125,-1.2579345703125,0.29815673828125,-1.88934326171875,-1.1231448650360107
152,0.33100000000000007,-0.0,-0.0,-0.0,-0.0,-0.0,-0.0,-16.761425018310547,21.75529670715332,-814.847412109375,-255550.625,32609.203125,544.9608764648438,-0.0,-0.0,-0.0,-0.0,-0.0,-0.0,-0.0,-0.0,-0.0,-0.0,-0.0,-0.0,0.0052642822265625,0.0055694580078125,0.0042724609375,0.007781982421875,0.00598907470703125,0.0064849853515625,0.00827789306640625,0.01056671142578125,0.0035858154296875,0.01247406005859375,0.012054443359375,0.00278472900390625,0.0228118896484375,0.00637054443359375,-0.00019073486328125,0.013427734375,0.023345947265625,-0.004119873046875,0.20721435546875,0.064697265625,0.19012451171875,0.034942626953125,0.101318359375,0.0384521484375,0.1043701171875,0.041961669921875,0.118255615234375,0.10162353515625,0.78155517578125,-0.08819580078125,-0.23284912109375,1.591033935546875,3.450119972229004
153,0.3315000000000001,-0.0,-0.0,-0.0,-0.0,-0.0,-0.0,-17.54335594177246,18.951610565185547,-816.2891845703125,-257072.328125,33403.83984375,695.8154296875,-0.0,-0.0,-0.0,-0.0,-0.0,-0.0,-0.0,-0.0,-0.0,-0.0,-0.0,-0.0,0.0102996826171875,0.0067901611328125,0.01270294189453125,0.01514434814453125,0.01262664794921875,0.017547607421875,0.0116729736328125,0.02536773681640625,0.0055694580078125,0.01461029052734375,0.03162384033203125,0.01461029052734375,0.02315521240234375,0.010528564453125,0.00385284423828125,0.02696990966796875,0.23406982421875,0.056610107421875,0.357208251953125,0.041961669921875,0.171966552734375,0.1324462890625,0.098419189453125,0.174560546875,0.11749267578125,0.078582763671875,0.14007568359375,0.0830078125,1.02935791015625,1.58782958984375,-0.15594482421875,1.97723388671875,5.279426097869873
154,0.3320000000000001,-0.0,-0.0,-0.0,-0.0,-0.0,-0.0,-17.09515953063965,16.387876510620117,-820.70654296875,-258304.84375,34198.890625,894.9090576171875,-0.0,-0.0,-0.0,-0.0,-0.0,-0.0,-0.0,-0.0,-0.0,-0.0,-0.0,-0.0,-0.00614166259765625,-0.00377655029296875,-0.00522613525390625,-0.006866455078125,-0.0040435791015625,-0.00843048095703125,-0.00499725341796875,-0.009307861328125,-0.00385284423828125,-0.0115966796875,-0.0089263916015625,-0.00400543212890625,-0.02300262451171875,-0.003204345703125,-0.0032806396484375,-0.0096893310546875,0.142669677734375,0.183258056640625,-0.10772705078125,0.113067626953125,0.043487548828125,0.134429931640625,0.1043701171875,0.166473388671875,0.083465576171875,0.069122314453125,0.134735107421875,0.09368896484375,-0.74310302734375,0.6121826171875,0.34393310546875,-1.48223876953125,4.05988883972168
155,0.3325000000000001,-0.0,-0.0,-0.0,-0.0,-0.0,-0.0,-17.162696838378906,13.982685089111328,-820.9183959960938,-259334.78125,34879.45703125,1079.65673828125,-0.0,-0.0,-0.0,-0.0,-0.0,-0.0,-0.0,-0.0,-0.0,-0.0,-0.0,-0.0,-0.00659942626953125,-0.006256103515625,-0.01190185546875,-0.0159454345703125,-0.011138916015625,-0.01506805419921875,-0.0095367431640625,-0.0225830078125,-0.0060272216796875,-0.01190185546875,-0.03269195556640625,-0.01239776611328125,-0.02315521240234375,-0.01064300537109375,-0.006256103515625,-0.0272369384765625,0.108795166015625,0.148468017578125,0.178985595703125,0.106964111328125,0.04974365234375,0.107879638671875,0.09368896484375,0.095062255859375,0.081787109375,0.126953125,0.117950439453125,0.096893310546875,-0.410003662109375,-1.5234375,0.17822265625,-1.92840576171875,0.09639240801334381
156,0.3330000000000001,-0.0,-0.0,-0.0,-0.0,-0.0,-0.0,-17.12841796875,13.213687896728516,-823.7930908203125,-260850.734375,35685.8046875,1122.6668701171875,-0.0,-0.0,-0.0,-0.0,-0.0,-0.0,-0.0,-0.0,-0.0,-0.0,-0.0,-0.0,0.0052642822265625,0.0055694580078125,0.00469207763671875,0.00713348388671875,0.0048065185546875,0.00644683837890625,0.00919342041015625,0.00934600830078125,0.003509521484375,0.01033782958984375,0.01194000244140625,0.00347137451171875,0.0243377685546875,0.0043487548828125,0.00118255615234375,0.012664794921875,0.00518798828125,0.063323974609375,0.167236328125,0.138092041015625,-0.032196044921875,0.097503662109375,0.0885009765625,0.076751708984375,0.103302001953125,0.1318359375,0.037078857421875,0.094757080078125,0.839385986328125,-0.20965576171875,-0.0347900390625,1.8121337890625,8.328269958496094
157,0.3335000000000001,-0.0,-0.0,-0.0,-0.0,-0.0,-0.0,-16.604372024536133,12.299995422363281,-826.13232421875,-261766.84375,36145.11328125,1147.340087890625,-0.0,-0.0,-0.0,-0.0,-0.0,-0.0,-0.0,-0.0,-0.0,-0.0,-0.0,-0.0,0.0098419189453125,0.00701904296875,0.010986328125,0.01781463623046875,0.01132965087890625,0.01392364501953125,0.00827789306640625,0.02391815185546875,0.00751495361328125,0.012969970703125,0.03170013427734375,0.0144195556640625,0.0218963623046875,0.01007080078125,0.00827789306640625,0.02811431884765625,-0.05096435546875,-0.425262451171875,-0.357666015625,0.137176513671875,0.076904296875,0.07232666015625,0.090789794921875,0.0445556640625,0.09765625,0.117645263671875,0.045623779296875,0.096282958984375,0.78887939453125,1.55853271484375,0.12969970703125,1.925201416015625,4.364773273468018
158,0.3340000000000001,-0.0,-0.0,-0.0,-0.0,-0.0,-0.0,-16.560388565063477,11.27538776397705,-828.5601806640625,-262643.15625,36877.83203125,1194.03125,-0.0,-0.0,-0.0,-0.0,-0.0,-0.0,-0.0,-0.0,-0.0,-0.0,-0.0,-0.0,-0.0078582763671875,-0.00293731689453125,-0.00499725341796875,-0.005035400390625,-0.0045013427734375,-0.00743865966796875,-0.00713348388671875,-0.01003265380859375,-0.0018310546875,-0.01445770263671875,-0.0119781494140625,-0.00377655029296875,-0.02452850341796875,-0.0049591064453125,-0.0008392333984375,-0.0115203857421875,0.272979736328125,0.42327880859375,0.0250244140625,0.012664794921875,0.26458740234375,0.022735595703125,0.0927734375,0.04547119140625,0.101165771484375,0.089111328125,0.14892578125,0.089263916015625,-0.684814453125,0.2679443359375,0.303955078125,-1.7852783203125,4.364773273468018
159,0.3345000000000001,-0.0,-0.0,-0.0,-0.0,-0.0,-0.0,-16.56083869934082,10.52901554107666,-829.844970703125,-263316.125,37144.00390625,1328.6346435546875,-0.0,-0.0,-0.0,-0.0,-0.0,-0.0,-0.0,-0.0,-0.0,-0.0,-0.0,-0.0,-0.01018524169921875,-0.0086212158203125,-0.0104522705078125,-0.01506805419921875,-0.0092315673828125,-0.01598358154296875,-0.0110626220703125,-0.02429962158203125,-0.00545501708984375,-0.01422882080078125,-0.0304412841796875,-0.01384735107421875,-0.02620697021484375,-0.009613037109375,-0.00591278076171875,-0.02689361572265625,-0.02899169921875,0.359954833984375,0.281829833984375,0.06195068359375,0.0335693359375,0.110321044921875,0.102386474609375,0.15411376953125,0.140228271484375,0.0872802734375,0.1605224609375,0.09490966796875,-1.018524169921875,-1.40472412109375,0.1153564453125,-1.9329833984375,2.5354671478271484
160,0.3350000000000001,-0.0,-0.0,-0.0,-0.0,-0.0,-0.0,-16.704187393188477,9.435961723327637,-829.3528442382812,-262856.3125,37863.84765625,1386.265869140625,-0.0,-0.0,-0.0,-0.0,-0.0,-0.0,-0.0,-0.0,-0.0,-0.0,-0.0,-0.0,0.009002685546875,0.001068115234375,0.00720977783203125,0.0061798095703125,0.00576019287109375,0.00865936279296875,0.007781982421875,0.00995635986328125,0.00492095947265625,0.013885498046875,0.01190185546875,0.0046539306640625,0.0229644775390625,0.0054168701171875,0.0025177001953125,0.011138916015625,0.045318603515625,0.20782470703125,0.123291015625,0.11993408203125,0.036773681640625,0.156097412109375,0.113677978515625,0.14129638671875,0.050048828125,0.077667236328125,0.09552001953125,0.10833740234375,1.039276123046875,-0.14312744140625,-0.17974853515625,1.611480712890625,3.450119972229004
161,0.3355000000000001,-0.0,-0.0,-0.0,-0.0,-0.0,-0.0,-16.86078643798828,9.792263984680176,-827.7200927734375,-262616.3125,38119.12109375,1682.9742431640625,-0.0,-0.0,-0.0,-0.0,-0.0,-0.0,-0.0,-0.0,-0.0,-0.0,-0.0,-0.0,0.01064300537109375,0.00934600830078125,0.01094818115234375,0.01743316650390625,0.0118255615234375,0.01621246337890625,0.00949859619140625,0.02368927001953125,0.00583648681640625,0.01323699951171875,0.034942626953125,0.01171112060546875,0.02391815185546875,0.009765625,0.00423431396484375,0.028533935546875,0.09765625,0.083770751953125,-0.086517333984375,0.131988525390625,0.17181396484375,0.093536376953125,0.09735107421875,0.0823974609375,0.089569091796875,0.091705322265625,0.06683349609375,0.104827880859375,1.1785888671875,1.72454833984375,-0.57159423828125,2.101898193359375,5.889194965362549
162,0.3360000000000001,-0.0,-0.0,-0.0,-0.0,-0.0,-0.0,-17.22991371154785,9.515425682067871,-825.2962036132812,-262430.03125,39072.1640625,2106.41357421875,-0.0,-0.0,-0.0,-0.0,-0.0,-0.0,-0.0,-0.0,-0.0,-0.0,-0.0,-0.0,-0.006561279296875,-0.0030517578125,-0.00705718994140625,-0.0057220458984375,-0.0034332275390625,-0.00949859619140625,-0.00377655029296875,-0.01071929931640625,-0.0019073486328125,-0.01201629638671875,-0.0115966796875,-0.001068115234375,-0.023193359375,-0.0035858154296875,-0.00400543212890625,-0.00980377197265625,0.016021728515625,-0.03997802734375,0.144195556640625,0.13580322265625,-0.0469970703125,0.070037841796875,0.10009765625,0.070648193359375,0.09063720703125,0.1373291015625,0.02777099609375,0.095977783203125,-0.812835693359375,0.37689208984375,0.53680419921875,-1.5411376953125,6.498963356018066
163,0.3365000000000001,-0.0,-0.0,-0.0,-0.0,-0.0,-0.0,-18.156160354614258,8.802536964416504,-822.3020629882812,-261571.6875,39575.73046875,2175.64208984375,-0.0,-0.0,-0.0,-0.0,-0.0,-0.0,-0.0,-0.0,-0.0,-0.0,-0.0,-0.0,-0.01071929931640625,-0.0078582763671875,-0.01068115234375,-0.0150299072265625,-0.012054443359375,-0.017242431640625,-0.0083160400390625,-0.02452850341796875,-0.00553131103515625,-0.0128936767578125,-0.03261566162109375,-0.01262664794921875,-0.02422332763671875,-0.00888824462890625,-0.0060272216796875,-0.02902984619140625,0.272979736328125,0.161895751953125,-0.028228759765625,0.05462646484375,0.142822265625,0.066680908203125,0.09246826171875,0.046844482421875,0.10162353515625,0.088958740234375,0.0762939453125,0.096282958984375,-0.709381103515625,-1.44775390625,0.428466796875,-1.819000244140625,-1.732913613319397
164,0.3370000000000001,-0.0,-0.0,-0.0,-0.0,-0.0,-0.0,-18.198944091796875,7.826485633850098,-819.966064453125,-261376.21875,40291.74609375,2635.76123046875,-0.0,-0.0,-0.0,-0.0,-0.0,-0.0,-0.0,-0.0,-0.0,-0.0,-0.0,-0.0,0.00682830810546875,0.00362396240234375,0.006256103515625,0.00522613525390625,0.00507354736328125,0.0079345703125,0.0055694580078125,0.00881195068359375,0.00385284423828125,0.0122833251953125,0.01094818115234375,0.0045013427734375,0.02292633056640625,0.004730224609375,0.00225067138671875,0.010528564453125,0.1043701171875,0.0372314453125,0.129852294921875,0.0457763671875,0.198211669921875,0.12664794921875,0.096588134765625,0.1171875,0.118408203125,0.1019287109375,0.09185791015625,0.092620849609375,0.846405029296875,-0.3179931640625,-0.1519775390625,1.688690185546875,5.584310531616211
165,0.3375000000000001,-0.0,-0.0,-0.0,-0.0,-0.0,-0.0,-19.091049194335938,6.8338093757629395,-818.754638671875,-261317.65625,40641.95703125,3011.12255859375,-0.0,-0.0,-0.0,-0.0,-0.0,-0.0,-0.0,-0.0,-0.0,-0.0,-0.0,-0.0,0.009307861328125,0.00629425048828125,0.013580322265625,0.01529693603515625,0.01071929931640625,0.01705169677734375,0.01033782958984375,0.0247955322265625,0.0064849853515625,0.01338958740234375,0.0310516357421875,0.0136566162109375,0.02201080322265625,0.00888824462890625,0.00492095947265625,0.029296875,0.18707275390625,0.205841064453125,-0.246734619140625,0.101165771484375,-0.164794921875,0.096588134765625,0.10711669921875,0.1312255859375,0.10955810546875,0.01495361328125,0.050048828125,0.11138916015625,0.973052978515625,1.45355224609375,-0.31524658203125,1.74163818359375,7.108732223510742
166,0.3380000000000001,-0.0,-0.0,-0.0,-0.0,-0.0,-0.0,-19.914901733398438,5.81441593170166,-819.751953125,-262420.34375,41018.59765625,3363.931884765625,-0.0,-0.0,-0.0,-0.0,-0.0,-0.0,-0.0,-0.0,-0.0,-0.0,-0.0,-0.0,-0.00766754150390625,-0.00091552734375,-0.00377655029296875,-0.0061798095703125,-0.0031280517578125,-0.008544921875,-0.00537872314453125,-0.008544921875,-0.00354766845703125,-0.01232147216796875,-0.01220703125,0.00064849853515625,-0.02288818359375,-0.0030517578125,-0.00244140625,-0.01140594482421875,0.17974853515625,-0.107421875,0.008697509765625,0.1190185546875,0.357666015625,0.091400146484375,0.095977783203125,0.092010498046875,0.11505126953125,0.1165771484375,0.0579833984375,0.066375732421875,-0.749664306640625,0.32684326171875,0.4815673828125,-1.27349853515625,6.803847789764404
167,0.3385000000000001,-0.0,-0.0,-0.0,-0.0,-0.0,-0.0,-18.61080551147461,4.744720458984375,-826.5234985351562,-264263.0625,41666.81640625,3184.706787109375,-0.0,-0.0,-0.0,-0.0,-0.0,-0.0,-0.0,-0.0,-0.0,-0.0,-0.0,-0.0,-0.00720977783203125,-0.00820159912109375,-0.01323699951171875,-0.01575469970703125,-0.010528564453125,-0.01392364501953125,-0.01056671142578125,-0.02460479736328125,-0.007476806640625,-0.013427734375,-0.02971649169921875,-0.00965118408203125,-0.02315521240234375,-0.01087188720703125,-0.002593994140625,-0.02712249755859375,-0.1800537109375,-0.3753662109375,0.137939453125,0.1513671875,0.14190673828125,0.11444091796875,0.10772705078125,0.06011962890625,0.08270263671875,0.120697021484375,0.055694580078125,0.072784423828125,-0.56243896484375,-1.2457275390625,0.6634521484375,-1.5985107421875,-1.732913613319397
168,0.3390000000000001,-0.0,-0.0,-0.0,-0.0,-0.0,-0.0,-17.46458625793457,2.536400556564331,-831.8486328125,-266562.34375,42286.6171875,3079.181640625,-0.0,-0.0,-0.0,-0.0,-0.0,-0.0,-0.0,-0.0,-0.0,-0.0,-0.0,-0.0,0.00698089599609375,0.0038909912109375,0.00614166259765625,0.0067901611328125,0.0052642822265625,0.0070953369140625,0.0061798095703125,0.01110076904296875,0.001220703125,0.01007080078125,0.0153350830078125,0.0008392333984375,0.0212860107421875,0.00438690185546875,0.00202178955078125,0.0124359130859375,0.274658203125,0.65643310546875,0.09613037109375,0.14068603515625,0.06561279296875,0.1116943359375,0.103759765625,0.087127685546875,0.158233642578125,0.142364501953125,0.126190185546875,0.10101318359375,0.679473876953125,-0.05615234375,-0.240478515625,1.3201904296875,-6.001294136047363
169,0.3395000000000001,-0.0,-0.0,-0.0,-0.0,-0.0,-0.0,-16.037364959716797,0.8569926619529724,-839.2367553710938,-269136.90625,42348.99609375,2686.066162109375,-0.0,-0.0,-0.0,-0.0,-0.0,-0.0,-0.0,-0.0,-0.0,-0.0,-0.0,-0.0,0.0099945068359375,0.0054931640625,0.01308441162109375,0.01842498779296875,0.013275146484375,0.0147247314453125,0.00881195068359375,0.02422332763671875,0.00751495361328125,0.01651763916015625,0.03101348876953125,0.0106048583984375,0.021209716796875,0.01190185546875,0.0055694580078125,0.02838134765625,0.08880615234375,0.14129638671875,-0.078582763671875,0.134735107421875,0.042572021484375,0.180511474609375,0.121917724609375,0.218353271484375,0.09613037109375,0.095672607421875,0.1470947265625,0.10955810546875,1.263580322265625,1.483154296875,-0.41168212890625,1.85302734375,5.584310531616211
170,0.3400000000000001,-0.0,-0.0,-0.0,-0.0,-0.0,-0.0,-15.104598999023438,-0.9116816520690918,-845.3211059570312,-271203.0,42467.50390625,2535.833251953125,-0.0,-0.0,-0.0,-0.0,-0.0,-0.0,-0.0,-0.0,-0.0,-0.0,-0.0,-0.0,-0.00774383544921875,-0.0038909912109375,-0.00392913818359375,-0.00640869140625,-0.003509521484375,-0.0072479248046875,-0.0075531005859375,-0.00675201416015625,-0.00331878662109375,-0.01129150390625,-0.0113677978515625,-0.00186920166015625,-0.02140045166015625,-0.00507354736328125,-0.00148773193359375,-0.01171112060546875,0.112762451171875,-0.081634521484375,0.447998046875,0.08544921875,0.04608154296875,0.09033203125,0.092926025390625,0.084991455078125,0.04608154296875,0.0494384765625,0.07659912109375,0.107879638671875,-0.623016357421875,0.43243408203125,0.3228759765625,-1.0687255859375,6.498963356018066
171,0.3405000000000001,-0.0,-0.0,-0.0,-0.0,-0.0,-0.0,-14.30816650390625,-3.3322784900665283,-851.4931030273438,-273946.9375,42899.1640625,2288.40234375,-0.0,-0.0,-0.0,-0.0,-0.0,-0.0,-0.0,-0.0,-0.0,-0.0,-0.0,-0.0,-0.01007080078125,-0.0070953369140625,-0.01369476318359375,-0.01628875732421875,-0.0099945068359375,-0.01743316650390625,-0.01056671142578125,-0.02285003662109375,-0.006256103515625,-0.010833740234375,-0.030975341796875,-0.0116729736328125,-0.0228118896484375,-0.0087738037109375,-0.00438690185546875,-0.030364990234375,0.14373779296875,0.36224365234375,0.054168701171875,0.033416748046875,0.1934814453125,-0.00244140625,0.076446533203125,0.081024169921875,0.123748779296875,0.0897216796875,0.11566162109375,0.099334716796875,-0.614776611328125,-1.14532470703125,0.540771484375,-1.655426025390625,8.328269958496094
172,0.3410000000000001,-0.0,-0.0,-0.0,-0.0,-0.0,-0.0,-12.147093772888184,-5.071605682373047,-859.1722412109375,-276652.9375,43181.91015625,1816.68115234375,-0.0,-0.0,-0.0,-0.0,-0.0,-0.0,-0.0,-0.0,-0.0,-0.0,-0.0,-0.0,0.0054168701171875,0.00301361083984375,0.00537872314453125,0.00598907470703125,0.00423431396484375,0.008392333984375,0.00400543212890625,0.01117706298828125,0.0034332275390625,0.0079345703125,0.0115203857421875,0.00171661376953125,0.01953125,0.0040435791015625,0.00274658203125,0.01026153564453125,-0.0775146484375,-0.1373291015625,-0.363006591796875,0.032806396484375,0.216522216796875,0.038909912109375,0.089111328125,0.086517333984375,0.053253173828125,0.040435791015625,0.062713623046875,0.113372802734375,0.46356201171875,-0.42236328125,-0.2838134765625,1.15966796875,3.145235776901245
173,0.3415000000000001,-0.0,-0.0,-0.0,-0.0,-0.0,-0.0,-10.699980735778809,-6.135336875915527,-865.7230224609375,-279402.15625,43203.50390625,1383.4349365234375,-0.0,-0.0,-0.0,-0.0,-0.0,-0.0,-0.0,-0.0,-0.0,-0.0,-0.0,-0.0,0.00995635986328125,0.0101470947265625,0.01220703125,0.01697540283203125,0.01262664794921875,0.01552581787109375,0.01270294189453125,0.0217437744140625,0.0067901611328125,0.01392364501953125,0.03200531005859375,0.01129150390625,0.02391815185546875,0.0103759765625,0.006103515625,0.02895355224609375,0.128173828125,-0.087432861328125,0.424957275390625,0.134429931640625,0.01068115234375,0.15380859375,0.10101318359375,0.06561279296875,0.08453369140625,0.1129150390625,0.101318359375,0.1025390625,0.71502685546875,1.41937255859375,-0.36376953125,2.076416015625,3.145235776901245
174,0.3420000000000001,-0.0,-0.0,-0.0,-0.0,-0.0,-0.0,-9.337320327758789,-7.095762729644775,-873.6102905273438,-281943.65625,43381.23828125,730.912841796875,-0.0,-0.0,-0.0,-0.0,-0.0,-0.0,-0.0,-0.0,-0.0,-0.0,-0.0,-0.0,-0.0066375732421875,-0.003814697265625,-0.00423431396484375,-0.0063323974609375,-0.0041961669921875,-0.0046539306640625,-0.00522613525390625,-0.00965118408203125,-0.002288818359375,-0.010223388671875,-0.01155853271484375,-0.00110626220703125,-0.01873016357421875,-0.00335693359375,-0.00091552734375,-0.01239776611328125,0.292816162109375,0.37139892578125,0.221405029296875,0.062255859375,0.052947998046875,0.099334716796875,0.08575439453125,0.113983154296875,0.11474609375,0.1654052734375,0.14068603515625,0.107421875,-0.588226318359375,0.47393798828125,0.3704833984375,-0.984344482421875,6.803847789764404
175,0.3425000000000001,-0.0,-0.0,-0.0,-0.0,-0.0,-0.0,-7.3152618408203125,-8.239317893981934,-881.8487548828125,-284482.34375,44003.34765625,638.4755249023438,-0.0,-0.0,-0.0,-0.0,-0.0,-0.0,-0.0,-0.0,-0.0,-0.0,-0.0,-0.0,-0.005035400390625,-0.00843048095703125,-0.01300811767578125,-0.014495849609375,-0.01132965087890625,-0.01499176025390625,-0.01186370849609375,-0.02349853515625,-0.00774383544921875,-0.01163482666015625,-0.02590179443359375,-0.01331329345703125,-0.02368927001953125,-0.010223388671875,-0.00492095947265625,-0.02803802490234375,0.238037109375,0.30853271484375,0.027313232421875,0.08392333984375,0.111083984375,0.08514404296875,0.11383056640625,0.15899658203125,0.090484619140625,0.066375732421875,0.10894775390625,0.110321044921875,-0.6182861328125,-0.91766357421875,0.4095458984375,-1.783294677734375,-1.732913613319397
176,0.3430000000000001,-0.0,-0.0,-0.0,-0.0,-0.0,-0.0,-6.473320960998535,-9.308572769165039,-887.601806640625,-286353.53125,44420.578125,528.2033081054688,-0.0,-0.0,-0.0,-0.0,-0.0,-0.0,-0.0,-0.0,-0.0,-0.0,-0.0,-0.0,0.004730224609375,0.005035400390625,0.00339508056640625,0.005950927734375,0.0052642822265625,0.005950927734375,0.00492095947265625,0.00873565673828125,0.002288818359375,0.009613037109375,0.00926971435546875,-0.0006103515625,0.01708984375,0.0048065185546875,0.00080108642578125,0.0104522705078125,-0.2728271484375,0.15899658203125,0.010986328125,0.050811767578125,0.036163330078125,0.059967041015625,0.087432861328125,0.059967041015625,0.0823974609375,0.081787109375,0.104217529296875,0.11749267578125,0.552215576171875,-0.62713623046875,-0.28900146484375,0.829315185546875,-1.1231448650360107
177,0.3435000000000001,-0.0,-0.0,-0.0,-0.0,-0.0,-0.0,-5.852976322174072,-10.331258773803711,-892.3322143554688,-288115.15625,44381.4609375,279.15411376953125,-0.0,-0.0,-0.0,-0.0,-0.0,-0.0,-0.0,-0.0,-0.0,-0.0,-0.0,-0.0,0.01094818115234375,0.00759124755859375,0.01255035400390625,0.0171661376953125,0.0115966796875,0.01689910888671875,0.009002685546875,0.02288818359375,0.00823974609375,0.01621246337890625,0.03253936767578125,0.01293182373046875,0.0262451171875,0.01186370849609375,0.0048828125,0.028533935546875,0.330657958984375,0.0634765625,0.16204833984375,0.086517333984375,0.122833251953125,0.09735107421875,0.09002685546875,0.0677490234375,0.10040283203125,0.09307861328125,0.027618408203125,0.099334716796875,1.148529052734375,1.50970458984375,-0.2117919921875,2.0025634765625,4.974541664123535
178,0.3440000000000001,-0.0,-0.0,-0.0,-0.0,-0.0,-0.0,-5.34912109375,-10.463208198547363,-897.0147094726562,-290181.46875,45003.2578125,126.44503784179688,-0.0,-0.0,-0.0,-0.0,-0.0,-0.0,-0.0,-0.0,-0.0,-0.0,-0.0,-0.0,-0.003662109375,-0.00461578369140625,-0.00423431396484375,-0.0061798095703125,-0.0031280517578125,-0.007476806640625,-0.004119873046875,-0.00888824462890625,-0.00438690185546875,-0.007476806640625,-0.010528564453125,-0.00095367431640625,-0.0164794921875,-0.00293731689453125,-0.00263214111328125,-0.0098419189453125,0.025177001953125,0.15838623046875,-0.57891845703125,0.11566162109375,-0.070953369140625,0.10406494140625,0.10162353515625,0.10467529296875,0.115203857421875,0.11322021484375,0.09521484375,0.092620849609375,-0.124053955078125,0.59478759765625,0.504150390625,-0.565948486328125,6.803847789764404
179,0.3445000000000001,-0.0,-0.0,-0.0,-0.0,-0.0,-0.0,-5.6042938232421875,-11.354589462280273,-900.60888671875,-291344.03125,44951.1875,190.627685546875,-0.0,-0.0,-0.0,-0.0,-0.0,-0.0,-0.0,-0.0,-0.0,-0.0,-0.0,-0.0,-0.005645751953125,-0.0045013427734375,-0.01247406005859375,-0.01708984375,-0.00988006591796875,-0.01392364501953125,-0.01117706298828125,-0.02410888671875,-0.0060272216796875,-0.014495849609375,-0.0328826904296875,-0.01132965087890625,-0.024261474609375,-0.00949859619140625,-0.00396728515625,-0.0302886962890625,0.281524658203125,-0.176544189453125,0.60943603515625,0.097808837890625,0.532073974609375,0.095062255859375,0.106658935546875,0.08544921875,0.116424560546875,0.142822265625,0.140228271484375,0.09307861328125,-1.045684814453125,-1.46331787109375,0.49407958984375,-1.824951171875,3.450119972229004
180,0.3450000000000001,-0.0,-0.0,-0.0,-0.0,-0.0,-0.0,-5.6581854820251465,-11.141300201416016,-904.986083984375,-292330.3125,45544.24609375,144.80465698242188,-0.0,-0.0,-0.0,-0.0,-0.0,-0.0,-0.0,-0.0,-0.0,-0.0,-0.0,-0.0,0.00453948974609375,0.0026702880859375,0.0048065185546875,0.00614166259765625,0.00537872314453125,0.0078582763671875,0.003814697265625,0.00995635986328125,0.00278472900390625,0.00804901123046875,0.01094818115234375,0.0018310546875,0.0167083740234375,0.0026702880859375,0.0034332275390625,0.0090789794921875,0.0921630859375,0.352783203125,0.504913330078125,0.141143798828125,0.031280517578125,0.159759521484375,0.097198486328125,0.1446533203125,0.16021728515625,0.167999267578125,0.118408203125,0.097503662109375,0.50567626953125,-0.6365966796875,-0.16082763671875,0.722503662109375,2.5354671478271484
181,0.3455000000000001,-0.0,-0.0,-0.0,-0.0,-0.0,-0.0,-5.798683166503906,-10.606517791748047,-904.6331787109375,-292508.5625,46193.9296875,261.3974914550781,-0.0,-0.0,-0.0,-0.0,-0.0,-0.0,-0.0,-0.0,-0.0,-0.0,-0.0,-0.0,0.0077056884765625,0.00850677490234375,0.0131988525390625,0.01537322998046875,0.01300811767578125,0.0157928466796875,0.01079559326171875,0.02262115478515625,0.0086212158203125,0.01552581787109375,0.03383636474609375,0.0122833251953125,0.02353668212890625,0.01068115234375,0.00713348388671875,0.02838134765625,0.16815185546875,0.1055908203125,-0.179595947265625,0.16326904296875,0.07354736328125,0.13092041015625,0.111236572265625,0.13458251953125,0.048370361328125,0.001373291015625,0.073089599609375,0.088043212890625,0.918121337890625,1.7889404296875,-0.2484130859375,2.07855224609375,6.803847789764404
182,0.3460000000000001,-0.0,-0.0,-0.0,-0.0,-0.0,-0.0,-6.746768951416016,-9.767057418823242,-909.7257080078125,-293139.15625,46707.9453125,578.6062622070312,-0.0,-0.0,-0.0,-0.0,-0.0,-0.0,-0.0,-0.0,-0.0,-0.0,-0.0,-0.0,-0.0025177001953125,-0.0041961669921875,-0.00484466552734375,-0.00392913818359375,-0.00278472900390625,-0.006103515625,-0.00293731689453125,-0.0084686279296875,-0.00335693359375,-0.00560760498046875,-0.00850677490234375,-0.0011444091796875,-0.016937255859375,-0.0038909912109375,-0.0030517578125,-0.00820159912109375,0.03326416015625,0.0830078125,0.42144775390625,0.105133056640625,0.043182373046875,0.1025390625,0.096435546875,0.07049560546875,0.119171142578125,0.10162353515625,0.099029541015625,0.1025390625,0.0299072265625,0.865478515625,0.423583984375,-0.550537109375,5.584310531616211
183,0.3465000000000001,-0.0,-0.0,-0.0,-0.0,-0.0,-0.0,-7.852246284484863,-8.84414291381836,-909.1516723632812,-293313.84375,47278.0234375,861.033203125,-0.0,-0.0,-0.0,-0.0,-0.0,-0.0,-0.0,-0.0,-0.0,-0.0,-0.0,-0.0,-0.00568389892578125,-0.00774383544921875,-0.01369476318359375,-0.016632080078125,-0.0136566162109375,-0.0135040283203125,-0.01224517822265625,-0.02227783203125,-0.00720977783203125,-0.01220703125,-0.03192901611328125,-0.01392364501953125,-0.02593994140625,-0.01155853271484375,-0.003662109375,-0.02902984619140625,0.163726806640625,-0.460357666015625,-0.00701904296875,0.25360107421875,0.140380859375,0.114288330078125,0.093841552734375,0.059814453125,0.096588134765625,0.002288818359375,0.00244140625,0.0714111328125,-0.803680419921875,-1.453857421875,0.38299560546875,-2.10784912109375,1.3159297704696655
184,0.3470000000000001,-0.0,-0.0,-0.0,-0.0,-0.0,-0.0,-9.457648277282715,-8.075481414794922,-909.443603515625,-293346.0,47866.46484375,1306.5601806640625,-0.0,-0.0,-0.0,-0.0,-0.0,-0.0,-0.0,-0.0,-0.0,-0.0,-0.0,-0.0,0.00274658203125,0.00476837158203125,0.004425048828125,0.00518798828125,0.0048828125,0.0057220458984375,0.003814697265625,0.00782012939453125,0.0034332275390625,0.006561279296875,0.00942230224609375,0.00148773193359375,0.01392364501953125,0.0028228759765625,0.00431060791015625,0.00896453857421875,-0.113983154296875,-0.02716064453125,-0.052337646484375,-0.031585693359375,0.089111328125,0.067596435546875,0.12115478515625,0.0311279296875,0.02288818359375,0.1165771484375,0.10406494140625,0.074615478515625,0.45745849609375,-0.8404541015625,-0.08514404296875,0.185089111328125,-0.8182606101036072
185,0.3475000000000001,-0.0,-0.0,-0.0,-0.0,-0.0,-0.0,-10.599754333496094,-7.005842685699463,-911.9827270507812,-293611.375,48733.01171875,1646.15869140625,-0.0,-0.0,-0.0,-0.0,-0.0,-0.0,-0.0,-0.0,-0.0,-0.0,-0.0,-0.0,0.0086212158203125,0.006103515625,0.0147247314453125,0.0176239013671875,0.01293182373046875,0.0151824951171875,0.0128173828125,0.0250244140625,0.00690460205078125,0.0124359130859375,0.03360748291015625,0.0139617919921875,0.02559661865234375,0.0112152099609375,0.00415802001953125,0.03017425537109375,0.293426513671875,0.62408447265625,0.083465576171875,-0.0384521484375,-0.684661865234375,0.050506591796875,0.084991455078125,0.152435302734375,0.048370361328125,-0.07415771484375,0.160980224609375,0.08331298828125,0.901031494140625,1.639404296875,-0.255126953125,2.260894775390625,7.108732223510742
186,0.3480000000000001,-0.0,-0.0,-0.0,-0.0,-0.0,-0.0,-11.169412612915039,-6.113831996917725,-914.0296630859375,-293717.28125,49124.78515625,1740.7069091796875,-0.0,-0.0,-0.0,-0.0,-0.0,-0.0,-0.0,-0.0,-0.0,-0.0,-0.0,-0.0,-0.0022125244140625,0.00789642333984375,-0.00453948974609375,-0.00339508056640625,-0.002899169921875,-0.0051116943359375,-0.00194549560546875,-0.00759124755859375,-0.00286102294921875,-0.00823974609375,-0.00637054443359375,-0.00377655029296875,-0.01529693603515625,-0.00152587890625,-0.00335693359375,-0.00835418701171875,0.084991455078125,0.444183349609375,0.204315185546875,0.140838623046875,1.443023681640625,0.165557861328125,0.104217529296875,0.2008056640625,0.095062255859375,0.18829345703125,0.114898681640625,0.085906982421875,-0.085296630859375,0.8428955078125,0.17578125,-0.418548583984375,8.023386001586914
187,0.3485000000000001,-0.0,-0.0,-0.0,-0.0,-0.0,-0.0,-11.883197784423828,-5.686672687530518,-915.3703002929688,-293945.15625,49755.30078125,1682.6431884765625,-0.0,-0.0,-0.0,-0.0,-0.0,-0.0,-0.0,-0.0,-0.0,-0.0,-0.0,-0.0,-0.008392333984375,-0.01071929931640625,-0.01308441162109375,-0.01556396484375,-0.0131988525390625,-0.01529693603515625,-0.0095367431640625,-0.02468109130859375,-0.00782012939453125,-0.01300811767578125,-0.0312042236328125,-0.01346588134765625,-0.0251007080078125,-0.01140594482421875,-0.004119873046875,-0.027923583984375,-0.06256103515625,-0.2642822265625,-0.239715576171875,0.140838623046875,-0.111541748046875,0.0848388671875,0.0927734375,0.069580078125,0.11199951171875,0.13336181640625,0.06622314453125,0.09613037109375,-0.720977783203125,-1.2799072265625,0.284423828125,-1.86920166015625,3.145235776901245
188,0.3490000000000001,-0.0,-0.0,-0.0,-0.0,-0.0,-0.0,-12.59649658203125,-5.133965969085693,-917.2788696289062,-294301.875,50362.44921875,1888.027099609375,-0.0,-0.0,-0.0,-0.0,-0.0,-0.0,-0.0,-0.0,-0.0,-0.0,-0.0,-0.0,0.00629425048828125,0.001068115234375,0.002899169921875,0.0058746337890625,0.0035858154296875,0.005340576171875,0.00324249267578125,0.00934600830078125,0.0029754638671875,0.0057220458984375,0.00942230224609375,0.0043487548828125,0.01392364501953125,0.00354766845703125,0.00274658203125,0.0083160400390625,0.300140380859375,0.207672119140625,0.2117919921875,0.08453369140625,-0.065460205078125,0.0640869140625,0.080108642578125,0.06072998046875,0.045166015625,0.089874267578125,0.04241943359375,0.11688232421875,0.2569580078125,-0.69549560546875,0.1812744140625,0.346527099609375,0.40127673745155334
189,0.3495000000000001,-0.0,-0.0,-0.0,-0.0,-0.0,-0.0,-13.113945007324219,-4.991302490234375,-919.2556762695312,-294351.09375,50781.4765625,2168.939453125,-0.0,-0.0,-0.0,-0.0,-0.0,-0.0,-0.0,-0.0,-0.0,-0.0,-0.0,-0.0,0.01110076904296875,0.009307861328125,0.01338958740234375,0.016021728515625,0.01247406005859375,0.017242431640625,0.01300811767578125,0.0243377685546875,0.008544921875,0.0193023681640625,0.033111572265625,0.011444091796875,0.02445220947265625,0.01163482666015625,0.00530242919921875,0.02872467041015625,0.16632080078125,0.015716552734375,-0.04425048828125,0.205078125,0.02197265625,0.129852294921875,0.090484619140625,0.101776123046875,0.1519775390625,0.08575439453125,0.12481689453125,0.12939453125,1.33758544921875,1.62261962890625,-0.48919677734375,2.036285400390625,11.377113342285156
190,0.3500000000000001,-0.0,-0.0,-0.0,-0.0,-0.0,-0.0,-14.166959762573242,-4.332397937774658,-921.3078002929688,-294874.90625,51357.17578125,2298.138916015625,-0.0,-0.0,-0.0,-0.0,-0.0,-0.0,-0.0,-0.0,-0.0,-0.0,-0.0,-0.0,-0.0054931640625,-0.00370025634765625,-0.00385284423828125,-0.003814697265625,-0.0040435791015625,-0.00705718994140625,-0.00370025634765625,-0.00667572021484375,-0.004730224609375,-0.00782012939453125,-0.00865936279296875,-0.00339508056640625,-0.01056671142578125,-0.0030517578125,-0.00209808349609375,-0.0087738037109375,-0.131988525390625,-0.011138916015625,0.404052734375,0.047607421875,-0.006256103515625,0.075225830078125,0.093841552734375,0.033111572265625,0.06866455078125,0.117034912109375,0.10711669921875,0.096588134765625,-0.08270263671875,0.81756591796875,0.15960693359375,0.04241943359375,8.633153915405273
191,0.3505000000000001,-0.0,-0.0,-0.0,-0.0,-0.0,-0.0,-14.844860076904297,-4.351177215576172,-923.4278564453125,-295280.3125,51766.52734375,2350.57470703125,-0.0,-0.0,-0.0,-0.0,-0.0,-0.0,-0.0,-0.0,-0.0,-0.0,-0.0,-0.0,-0.0113677978515625,-0.01064300537109375,-0.01270294189453125,-0.016326904296875,-0.0109100341796875,-0.01728057861328125,-0.01068115234375,-0.02231597900390625,-0.00766754150390625,-0.0151824951171875,-0.03017425537109375,-0.01216888427734375,-0.0261688232421875,-0.01068115234375,-0.00499725341796875,-0.0284576416015625,0.287628173828125,0.0616455078125,0.221099853515625,0.00518798828125,0.000762939453125,0.04058837890625,0.09521484375,0.101318359375,0.104827880859375,0.02105712890625,0.07354736328125,0.045166015625,-0.921173095703125,-1.107177734375,0.42022705078125,-1.88446044921875,-9.659905433654785
192,0.3510000000000001,-0.0,-0.0,-0.0,-0.0,-0.0,-0.0,-14.968599319458008,-4.098459243774414,-927.6612548828125,-296091.375,52092.21875,2345.442138671875,-0.0,-0.0,-0.0,-0.0,-0.0,-0.0,-0.0,-0.0,-0.0,-0.0,-0.0,-0.0,0.00301361083984375,0.00247955322265625,0.00606536865234375,0.00545501708984375,0.003662109375,0.00614166259765625,0.00606536865234375,0.00865936279296875,0.0012969970703125,0.00728607177734375,0.0043487548828125,0.00133514404296875,0.01506805419921875,0.00347137451171875,0.002593994140625,0.0101470947265625,0.235137939453125,-0.055389404296875,0.00885009765625,0.156097412109375,0.1129150390625,0.10162353515625,0.1141357421875,0.12359619140625,0.141143798828125,0.156707763671875,0.15960693359375,0.098419189453125,-0.064544677734375,-1.09130859375,-0.0958251953125,0.141754150390625,0.09639240801334381
193,0.3515000000000001,-0.0,-0.0,-0.0,-0.0,-0.0,-0.0,-14.900062561035156,-4.187223434448242,-929.7799682617188,-296545.84375,52498.75390625,2163.631591796875,-0.0,-0.0,-0.0,-0.0,-0.0,-0.0,-0.0,-0.0,-0.0,-0.0,-0.0,-0.0,0.0096893310546875,0.0093841552734375,0.01495361328125,0.01674652099609375,0.0124359130859375,0.0176239013671875,0.01132965087890625,0.02399444580078125,0.00690460205078125,0.01495361328125,0.03192901611328125,0.01132965087890625,0.02445220947265625,0.01186370849609375,0.00576019287109375,0.0289154052734375,0.2197265625,0.56884765625,0.055999755859375,0.089263916015625,0.21575927734375,0.076446533203125,0.096588134765625,0.120391845703125,0.1336669921875,0.106048583984375,0.08331298828125,0.11566162109375,1.05712890625,1.27349853515625,-0.39031982421875,1.97723388671875,4.364773273468018
194,0.3520000000000001,-0.0,-0.0,-0.0,-0.0,-0.0,-0.0,-14.505182266235352,-3.779575824737549,-932.4039306640625,-296987.8125,52629.1640625,2006.436767578125,-0.0,-0.0,-0.0,-0.0,-0.0,-0.0,-0.0,-0.0,-0.0,-0.0,-0.0,-0.0,-0.00225067138671875,-0.00492095947265625,-0.0029754638671875,-0.0041961669921875,-0.001678466796875,-0.00446319580078125,-0.00522613525390625,-0.0049591064453125,-0.003662109375,-0.0055694580078125,-0.0055694580078125,-0.00316619873046875,-0.00804901123046875,-0.00293731689453125,-0.00049591064453125,-0.0093841552734375,0.106201171875,0.171966552734375,0.14556884765625,0.18096923828125,-0.2349853515625,0.18890380859375,0.10040283203125,0.16632080078125,0.05889892578125,0.0616455078125,0.135650634765625,0.1025390625,-0.025177001953125,0.96435546875,0.16754150390625,0.494232177734375,15.95037841796875
195,0.3525000000000001,-0.0,-0.0,-0.0,-0.0,-0.0,-0.0,-13.598828315734863,-3.8326072692871094,-932.9019165039062,-297212.5625,52741.453125,1742.964111328125,-0.0,-0.0,-0.0,-0.0,-0.0,-0.0,-0.0,-0.0,-0.0,-0.0,-0.0,-0.0,-0.01079559326171875,-0.0070953369140625,-0.0133514404296875,-0.0157928466796875,-0.0116729736328125,-0.0171661376953125,-0.01132965087890625,-0.0238037109375,-0.0064849853515625,-0.01514434814453125,-0.02986907958984375,-0.01117706298828125,-0.02353668212890625,-0.010223388671875,-0.00576019287109375,-0.027618408203125,0.12786865234375,-0.09429931640625,0.384979248046875,0.149078369140625,0.319061279296875,0.12908935546875,0.10772705078125,0.084228515625,0.094757080078125,0.0311279296875,0.085601806640625,0.121917724609375,-0.980682373046875,-1.0015869140625,0.7421875,-1.650390625,0.7061610817909241
196,0.3530000000000001,-0.0,-0.0,-0.0,-0.0,-0.0,-0.0,-12.793375968933105,-2.5289485454559326,-931.987548828125,-296883.84375,52800.76171875,1474.196044921875,-0.0,-0.0,-0.0,-0.0,-0.0,-0.0,-0.0,-0.0,-0.0,-0.0,-0.0,-0.0,0.005035400390625,0.002899169921875,0.0030517578125,0.00545501708984375,0.0042724609375,0.00507354736328125,0.0043487548828125,0.00759124755859375,0.00026702880859375,0.00942230224609375,0.0079345703125,0.00209808349609375,0.00743865966796875,0.00499725341796875,0.0006866455078125,0.00843048095703125,0.269317626953125,0.20599365234375,0.007781982421875,0.008392333984375,0.361175537109375,0.023956298828125,0.091400146484375,0.0921630859375,0.1092529296875,0.13153076171875,0.11749267578125,0.104522705078125,0.465240478515625,-0.8636474609375,0.1446533203125,-0.3472900390625,0.40127673745155334
197,0.3535000000000001,-0.0,-0.0,-0.0,-0.0,-0.0,-0.0,-12.849635124206543,-1.762790560722351,-933.8599853515625,-297011.375,53174.08203125,1486.6490478515625,-0.0,-0.0,-0.0,-0.0,-0.0,-0.0,-0.0,-0.0,-0.0,-0.0,-0.0,-0.0,0.0112152099609375,0.00705718994140625,0.0128936767578125,0.0179290771484375,0.0110626220703125,0.0162506103515625,0.01079559326171875,0.02475738525390625,0.00682830810546875,0.0142669677734375,0.03021240234375,0.0119781494140625,0.02201080322265625,0.01094818115234375,0.00865936279296875,0.027923583984375,0.32379150390625,0.0537109375,-0.170135498046875,0.166473388671875,0.08056640625,0.131378173828125,0.09613037109375,0.096588134765625,0.09765625,0.0927734375,0.08209228515625,0.100555419921875,0.887908935546875,1.390380859375,-0.3570556640625,1.79168701171875,8.93803882598877
198,0.3540000000000001,-0.0,-0.0,-0.0,-0.0,-0.0,-0.0,-13.09388256072998,-1.6934776306152344,-933.8077392578125,-297042.875,53269.015625,1510.5714111328125,-0.0,-0.0,-0.0,-0.0,-0.0,-0.0,-0.0,-0.0,-0.0,-0.0,-0.0,-0.0,-0.00171661376953125,-0.0019073486328125,-0.00476837158203125,-0.00316619873046875,-0.00377655029296875,-0.001983642578125,-0.00118255615234375,-0.00675201416015625,-0.002288818359375,-0.00606536865234375,-0.0032806396484375,-0.0030517578125,-0.00820159912109375,-0.00164031982421875,-0.0014495849609375,-0.007781982421875,0.225830078125,-0.1434326171875,-0.06011962890625,0.055694580078125,0.1007080078125,0.000762939453125,0.086517333984375,0.017242431640625,0.106964111328125,0.20660400390625,0.04302978515625,0.11260986328125,0.38482666015625,1.1956787109375,0.23529052734375,0.54443359375,8.328269958496094
199,0.3545000000000001,-0.0,-0.0,-0.0,-0.0,-0.0,-0.0,-12.919292449951172,-1.7299344539642334,-934.7870483398438,-297080.84375,53911.7578125,1598.20068359375,-0.0,-0.0,-0.0,-0.0,-0.0,-0.0,-0.0,-0.0,-0.0,-0.0,-0.0,-0.0,-0.01094818115234375,-0.00835418701171875,-0.01239776611328125,-0.01667022705078125,-0.01125335693359375,-0.0144195556640625,-0.0107574462890625,-0.024261474609375,-0.006256103515625,-0.0141143798828125,-0.032501220703125,-0.0115203857421875,-0.02071380615234375,-0.012664794921875,-0.00431060791015625,-0.029296875,0.0152587890625,0.250396728515625,0.188446044921875,0.01434326171875,0.058746337890625,0.09490966796875,0.08087158203125,0.0604248046875,0.107574462890625,0.07537841796875,0.11474609375,0.11138916015625,-0.909423828125,-1.25823974609375,0.6060791015625,-1.523590087890625,-3.5622196197509766
200,0.3550000000000001,-0.0,-0.0,-0.0,-0.0,-0.0,-0.0,-13.260212898254395,-3.3869552612304688,-934.8211059570312,-297238.03125,53964.0625,1629.9794921875,-0.0,-0.0,-0.0,-0.0,-0.0,-0.0,-0.0,-0.0,-0.0,-0.0,-0.0,-0.0,0.00415802001953125,0.0031280517578125,0.00408172607421875,0.00408172607421875,0.0046539306640625,0.004730224609375,0.00240325927734375,0.00675201416015625,0.0022125244140625,0.0072479248046875,0.00308990478515625,0.00141143798828125,0.00518798828125,0.0006866455078125,0.0030517578125,0.00736236572265625,-0.099029541015625,0.30517578125,0.389862060546875,0.11932373046875,0.067901611328125,0.12664794921875,0.091705322265625,0.124359130859375,0.087127685546875,0.0323486328125,0.13336181640625,0.10284423828125,0.211181640625,-1.50390625,-0.0347900390625,-0.835113525390625,-2.0377979278564453
201,0.3555000000000001,-0.0,-0.0,-0.0,-0.0,-0.0,-0.0,-12.583464622497559,-4.37852668762207,-933.8267211914062,-297234.9375,54248.8515625,1518.6309814453125,-0.0,-0.0,-0.0,-0.0,-0.0,-0.0,-0.0,-0.0,-0.0,-0.0,-0.0,-0.0,0.0101470947265625,0.012054443359375,0.0115203857421875,0.01800537109375,0.01255035400390625,0.0157928466796875,0.01018524169921875,0.02429962158203125,0.007781982421875,0.0135040283203125,0.03139495849609375,0.01209259033203125,0.0255584716796875,0.0099945068359375,0.0029754638671875,0.0302886962890625,0.280303955078125,0.123138427734375,0.025787353515625,0.122528076171875,0.0823974609375,0.102996826171875,0.10009765625,0.099945068359375,0.118560791015625,0.07171630859375,0.081787109375,0.082855224609375,0.9075927734375,1.300048828125,-0.518798828125,1.8292236328125,4.669657230377197
202,0.3560000000000001,-0.0,-0.0,-0.0,-0.0,-0.0,-0.0,-12.578681945800781,-4.7447991371154785,-935.7391967773438,-297511.34375,54215.94921875,1425.322021484375,-0.0,-0.0,-0.0,-0.0,-0.0,-0.0,-0.0,-0.0,-0.0,-0.0,-0.0,-0.0,-0.00244140625,0.00095367431640625,-0.005035400390625,-0.0043487548828125,-0.00213623046875,-0.00507354736328125,-0.00293731689453125,-0.0048065185546875,-0.001983642578125,-0.00507354736328125,-0.00186920166015625,-0.00179290771484375,-0.00576019287109375,-0.00213623046875,-0.0012969970703125,-0.0079345703125,0.110015869140625,-0.25970458984375,-0.04852294921875,0.119781494140625,0.32501220703125,0.126190185546875,0.087432861328125,0.118255615234375,0.091705322265625,0.10894775390625,0.07171630859375,0.0689697265625,0.218963623046875,1.60858154296875,0.0909423828125,0.98663330078125,17.1699161529541
203,0.3565000000000001,-0.0,-0.0,-0.0,-0.0,-0.0,-0.0,-11.33522891998291,-4.755171775817871,-935.19873046875,-297070.4375,53727.49609375,1244.344482421875,-0.0,-0.0,-0.0,-0.0,-0.0,-0.0,-0.0,-0.0,-0.0,-0.0,-0.0,-0.0,-0.0110626220703125,-0.0116729736328125,-0.010528564453125,-0.0173187255859375,-0.0121307373046875,-0.014801025390625,-0.01129150390625,-0.02376556396484375,-0.0078582763671875,-0.0133514404296875,-0.030975341796875,-0.013580322265625,-0.02410888671875,-0.01068115234375,-0.005035400390625,-0.028228759765625,-0.11688232421875,0.2532958984375,0.19622802734375,0.132293701171875,-0.2301025390625,0.106658935546875,0.121917724609375,0.082244873046875,0.115509033203125,0.121002197265625,0.117340087890625,0.072479248046875,-0.92437744140625,-1.15478515625,0.423583984375,-1.95343017578125,0.09639240801334381
204,0.3570000000000001,-0.0,-0.0,-0.0,-0.0,-0.0,-0.0,-10.941864013671875,-4.105812072753906,-934.4757690429688,-296890.09375,53701.5234375,1024.8040771484375,-0.0,-0.0,-0.0,-0.0,-0.0,-0.0,-0.0,-0.0,-0.0,-0.0,-0.0,-0.0,0.002899169921875,0.00179290771484375,0.00278472900390625,0.00560760498046875,0.003662109375,0.00362396240234375,0.0032806396484375,0.006103515625,0.00110626220703125,0.00274658203125,0.00274658203125,0.0022125244140625,0.0019073486328125,0.005035400390625,0.00080108642578125,0.00713348388671875,0.297698974609375,0.283050537109375,0.22552490234375,0.092315673828125,-0.296173095703125,0.06988525390625,0.096435546875,0.1165771484375,0.111236572265625,0.109100341796875,0.128326416015625,0.102691650390625,-0.350189208984375,-1.37481689453125,-0.07476806640625,-0.94879150390625,-1.4280292987823486
205,0.3575000000000001,-0.0,-0.0,-0.0,-0.0,-0.0,-0.0,-10.41309642791748,-2.9935436248779297,-933.2230224609375,-295871.4375,53319.55078125,808.9033203125,-0.0,-0.0,-0.0,-0.0,-0.0,-0.0,-0.0,-0.0,-0.0,-0.0,-0.0,-0.0,0.0124359130859375,0.01300811767578125,0.013275146484375,0.01720428466796875,0.0133514404296875,0.0164031982421875,0.00995635986328125,0.02750396728515625,0.00713348388671875,0.014190673828125,0.032958984375,0.01621246337890625,0.02513885498046875,0.0106048583984375,0.0072479248046875,0.0286102294921875,0.267181396484375,0.036773681640625,0.00152587890625,0.1397705078125,0.9466552734375,0.120697021484375,0.096588134765625,0.119476318359375,0.10498046875,0.115203857421875,0.08331298828125,0.105133056640625,1.125946044921875,1.3385009765625,0.0628662109375,2.07366943359375,8.633153915405273
206,0.3580000000000001,-0.0,-0.0,-0.0,-0.0,-0.0,-0.0,-10.311420440673828,-1.1586952209472656,-930.2760009765625,-295167.1875,53112.20703125,703.4747314453125,-0.0,-0.0,-0.0,-0.0,-0.0,-0.0,-0.0,-0.0,-0.0,-0.0,-0.0,-0.0,-0.00270843505859375,-0.0032806396484375,-0.0014495849609375,-0.0025177001953125,-0.00438690185546875,-0.0035858154296875,-0.00064849853515625,-0.00667572021484375,-0.00244140625,-0.00461578369140625,-0.00049591064453125,-0.0038909912109375,0.001220703125,-0.00156402587890625,-0.0020599365234375,-0.0067901611328125,-0.1495361328125,0.011749267578125,0.158538818359375,0.120849609375,0.254058837890625,0.12359619140625,0.1055908203125,0.0799560546875,0.08636474609375,0.049591064453125,0.0469970703125,0.0738525390625,0.206451416015625,1.56829833984375,0.10009765625,1.4971923828125,10.4624605178833
207,0.3585000000000001,-0.0,-0.0,-0.0,-0.0,-0.0,-0.0,-10.557007789611816,-0.13994038105010986,-928.1892700195312,-294081.375,52768.41015625,848.3126220703125,-0.0,-0.0,-0.0,-0.0,-0.0,-0.0,-0.0,-0.0,-0.0,-0.0,-0.0,-0.0,-0.0089263916015625,-0.01033782958984375,-0.0128936767578125,-0.01766204833984375,-0.01262664794921875,-0.01560211181640625,-0.010986328125,-0.0250244140625,-0.0049591064453125,-0.015106201171875,-0.03238677978515625,-0.01308441162109375,-0.0249481201171875,-0.01190185546875,-0.00644683837890625,-0.0284576416015625,0.20416259765625,-0.277252197265625,-0.020751953125,0.093994140625,-0.311737060546875,0.06072998046875,0.092620849609375,0.0518798828125,0.074462890625,0.10833740234375,0.1171875,0.091094970703125,-0.811920166015625,-1.3739013671875,0.28839111328125,-1.72088623046875,-2.0377979278564453
208,0.3590000000000001,-0.0,-0.0,-0.0,-0.0,-0.0,-0.0,-10.177643775939941,0.9433269500732422,-925.9786987304688,-293256.125,52224.06640625,710.0427856445312,-0.0,-0.0,-0.0,-0.0,-0.0,-0.0,-0.0,-0.0,-0.0,-0.0,-0.0,-0.0,0.0025177001953125,-0.00110626220703125,0.00446319580078125,0.0040435791015625,0.00335693359375,0.004119873046875,0.0002288818359375,0.006256103515625,7.62939453125e-05,0.00499725341796875,0.0016021728515625,0.00240325927734375,0.00026702880859375,0.00438690185546875,0.00141143798828125,0.0060272216796875,0.233306884765625,0.473175048828125,-0.15350341796875,0.063934326171875,0.087738037109375,0.133514404296875,0.093231201171875,0.1251220703125,0.09033203125,0.15167236328125,0.130615234375,0.080108642578125,-0.010528564453125,-1.60797119140625,0.230712890625,-1.237030029296875,-1.732913613319397
209,0.3595000000000001,-0.0,-0.0,-0.0,-0.0,-0.0,-0.0,-9.590389251708984,1.2478256225585938,-924.978271484375,-292318.4375,51786.65234375,617.5230102539062,-0.0,-0.0,-0.0,-0.0,-0.0,-0.0,-0.0,-0.0,-0.0,-0.0,-0.0,-0.0,0.00942230224609375,0.009918212890625,0.01392364501953125,0.01789093017578125,0.01125335693359375,0.01583099365234375,0.0113677978515625,0.0250244140625,0.00957489013671875,0.01186370849609375,0.0350189208984375,0.0121307373046875,0.02483367919921875,0.01163482666015625,0.00339508056640625,0.02910614013671875,0.1617431640625,-0.02777099609375,0.421295166015625,0.02593994140625,0.160675048828125,0.1116943359375,0.047760009765625,0.093231201171875,0.1287841796875,0.1214599609375,0.123443603515625,0.12451171875,0.76568603515625,1.6070556640625,-0.35552978515625,2.17071533203125,8.023386001586914
210,0.3600000000000001,-0.0,-0.0,-0.0,-0.0,-0.0,-0.0,-9.634735107421875,1.9688351154327393,-922.56396484375,-291393.875,51492.76171875,639.9453735351562,-0.0,-0.0,-0.0,-0.0,-0.0,-0.0,-0.0,-0.0,-0.0,-0.0,-0.0,-0.0,-0.000457763671875,-0.002288818359375,-0.00354766845703125,-0.0017547607421875,-0.0018310546875,-0.00457763671875,-0.001068115234375,-0.00446319580078125,-0.00164031982421875,-0.0045013427734375,0.00438690185546875,-0.00087738037109375,-0.00408172607421875,-0.0018310546875,-0.0005340576171875,-0.00804901123046875,0.19775390625,0.367431640625,0.18951416015625,0.06988525390625,0.002288818359375,0.066986083984375,0.098419189453125,0.06622314453125,0.064849853515625,0.083465576171875,0.08087158203125,0.094146728515625,0.30853271484375,1.99371337890625,0.0286865234375,1.308135986328125,8.023386001586914
211,0.3605000000000001,-0.0,-0.0,-0.0,-0.0,-0.0,-0.0,-9.804795265197754,2.9039804935455322,-921.0601806640625,-290587.53125,50809.3515625,674.666259765625,-0.0,-0.0,-0.0,-0.0,-0.0,-0.0,-0.0,-0.0,-0.0,-0.0,-0.0,-0.0,-0.0079345703125,-0.00919342041015625,-0.01316070556640625,-0.01758575439453125,-0.010223388671875,-0.01567840576171875,-0.0113677978515625,-0.0238037109375,-0.00652313232421875,-0.01399993896484375,-0.0316619873046875,-0.011749267578125,-0.02655029296875,-0.01163482666015625,-0.0038909912109375,-0.02796173095703125,0.127105712890625,0.051116943359375,-0.01251220703125,0.149688720703125,-0.0091552734375,0.116424560546875,0.07843017578125,0.09552001953125,0.11077880859375,0.0787353515625,0.070648193359375,0.11077880859375,-0.66314697265625,-1.1297607421875,0.33050537109375,-1.7669677734375,-2.342682361602783
212,0.3610000000000001,-0.0,-0.0,-0.0,-0.0,-0.0,-0.0,-9.099472045898438,3.1943392753601074,-919.6580200195312,-289940.53125,50331.08984375,534.1026000976562,-0.0,-0.0,-0.0,-0.0,-0.0,-0.0,-0.0,-0.0,-0.0,-0.0,-0.0,-0.0,0.0026702880859375,0.00057220458984375,0.002899169921875,0.00339508056640625,0.00244140625,0.0057220458984375,0.0031280517578125,0.003814697265625,0.00278472900390625,0.00713348388671875,-0.0012969970703125,0.00118255615234375,0.00331878662109375,0.00286102294921875,-0.00102996826171875,0.00736236572265625,-0.110931396484375,-0.052490234375,-0.08697509765625,0.118408203125,-0.378265380859375,0.114593505859375,0.103912353515625,0.072174072265625,0.120697021484375,0.1751708984375,0.107421875,0.098114013671875,0.170745849609375,-1.7120361328125,0.3045654296875,-1.20941162109375,-1.4280292987823486
213,0.3615000000000001,-0.0,-0.0,-0.0,-0.0,-0.0,-0.0,-8.676697731018066,3.40116024017334,-919.1226806640625,-289217.21875,49590.53515625,271.1123046875,-0.0,-0.0,-0.0,-0.0,-0.0,-0.0,-0.0,-0.0,-0.0,-0.0,-0.0,-0.0,0.0096893310546875,0.01735687255859375,0.01262664794921875,0.01842498779296875,0.01422882080078125,0.0150299072265625,0.013275146484375,0.0249481201171875,0.00797271728515625,0.01251220703125,0.032958984375,0.01399993896484375,0.0257110595703125,0.01312255859375,0.00553131103515625,0.0287628173828125,0.007476806640625,0.257110595703125,0.05706787109375,0.089111328125,1.29791259765625,0.076141357421875,0.108184814453125,0.099334716796875,0.0994873046875,0.115966796875,0.098724365234375,0.1300048828125,0.859832763671875,1.3641357421875,-0.12359619140625,2.07550048828125,7.413616180419922
214,0.3620000000000001,-0.0,-0.0,-0.0,-0.0,-0.0,-0.0,-8.104089736938477,3.84666109085083,-918.86279296875,-288558.21875,49267.87890625,-45.59343338012695,-0.0,-0.0,-0.0,-0.0,-0.0,-0.0,-0.0,-0.0,-0.0,-0.0,-0.0,-0.0,-0.000457763671875,-0.00476837158203125,-0.00240325927734375,-0.0020599365234375,-0.001678466796875,-0.003509521484375,-0.00087738037109375,-0.0034332275390625,-0.001068115234375,-0.0054168701171875,0.002899169921875,-0.00064849853515625,-0.00469207763671875,-0.00247955322265625,0.000152587890625,-0.005950927734375,0.221405029296875,0.29693603515625,0.243072509765625,0.171356201171875,-0.296478271484375,0.168914794921875,0.09918212890625,0.176849365234375,0.164031982421875,0.160369873046875,0.1324462890625,0.1373291015625,0.173492431640625,1.85760498046875,0.22552490234375,1.34124755859375,10.157575607299805
215,0.3625000000000001,-0.0,-0.0,-0.0,-0.0,-0.0,-0.0,-7.5926594734191895,4.672384738922119,-918.1188354492188,-287641.28125,48538.21875,-111.23999786376953,-0.0,-0.0,-0.0,-0.0,-0.0,-0.0,-0.0,-0.0,-0.0,-0.0,-0.0,-0.0,-0.0081634521484375,-0.01079559326171875,-0.012054443359375,-0.0171661376953125,-0.01155853271484375,-0.0179290771484375,-0.00980377197265625,-0.0244140625,-0.0090789794921875,-0.0142669677734375,-0.0319671630859375,-0.01438140869140625,-0.0269317626953125,-0.01201629638671875,-0.0052642822265625,-0.0284576416015625,-0.15472412109375,-0.243682861328125,0.222930908203125,0.142974853515625,0.13916015625,0.1336669921875,0.10894775390625,0.103759765625,0.090179443359375,0.07415771484375,0.064697265625,0.103759765625,-0.926971435546875,-1.2249755859375,0.545654296875,-1.90093994140625,-1.732913613319397
216,0.3630000000000001,-0.0,-0.0,-0.0,-0.0,-0.0,-0.0,-7.5074639320373535,4.878259658813477,-916.0396118164062,-286758.4375,47767.2109375,-315.78521728515625,-0.0,-0.0,-0.0,-0.0,-0.0,-0.0,-0.0,-0.0,-0.0,-0.0,-0.0,-0.0,0.00232696533203125,-0.00102996826171875,0.00232696533203125,0.00492095947265625,0.00213623046875,0.0038909912109375,0.0006866455078125,0.00408172607421875,0.0003814697265625,0.002899169921875,-0.0041961669921875,-0.00034332275390625,-0.00125885009765625,0.0030517578125,0.00244140625,0.0046539306640625,0.08697509765625,0.1141357421875,0.18402099609375,0.1116943359375,0.01708984375,0.066680908203125,0.101318359375,0.057830810546875,0.10284423828125,0.05157470703125,0.049285888671875,0.063323974609375,-0.086822509765625,-2.21282958984375,0.2178955078125,-1.5087890625,-2.342682361602783
217,0.3635000000000001,-0.0,-0.0,-0.0,-0.0,-0.0,-0.0,-6.20383358001709,6.458254814147949,-915.2388305664062,-285722.75,47161.56640625,-608.2684936523438,-0.0,-0.0,-0.0,-0.0,-0.0,-0.0,-0.0,-0.0,-0.0,-0.0,-0.0,-0.0,0.0089263916015625,0.0080108642578125,0.01430511474609375,0.01873016357421875,0.0133514404296875,0.0153350830078125,0.01194000244140625,0.02521514892578125,0.0081634521484375,0.0146484375,0.035858154296875,0.01171112060546875,0.025177001953125,0.01220703125,0.0051116943359375,0.0295257568359375,0.2239990234375,0.32012939453125,0.05645751953125,-0.005950927734375,-0.12847900390625,0.07171630859375,0.08819580078125,0.120849609375,0.0555419921875,0.120086669921875,0.1287841796875,0.0823974609375,1.124420166015625,1.43463134765625,-0.509033203125,1.687469482421875,7.413616180419922
218,0.3640000000000001,-0.0,-0.0,-0.0,-0.0,-0.0,-0.0,-5.939250946044922,8.09737491607666,-911.0543823242188,-284074.84375,46535.20703125,-823.0811767578125,-0.0,-0.0,-0.0,-0.0,-0.0,-0.0,-0.0,-0.0,-0.0,-0.0,-0.0,-0.0,-0.0022125244140625,0.00110626220703125,-0.000762939453125,-0.00347137451171875,-0.00202178955078125,-0.001678466796875,0.0008392333984375,-0.0049591064453125,0.0005340576171875,-0.002288818359375,0.00293731689453125,-0.00324249267578125,-0.0006866455078125,-0.0012969970703125,-0.00202178955078125,-0.00522613525390625,0.03753662109375,0.080413818359375,-0.03265380859375,0.004119873046875,0.334930419921875,0.13671875,0.085906982421875,0.107574462890625,0.097503662109375,0.097198486328125,0.106964111328125,0.10894775390625,0.41168212890625,2.11181640625,-0.4168701171875,1.482086181640625,9.547806739807129
219,0.3645000000000001,-0.0,-0.0,-0.0,-0.0,-0.0,-0.0,-6.409807205200195,10.555283546447754,-908.2731323242188,-282483.5625,46211.16796875,-838.491943359375,-0.0,-0.0,-0.0,-0.0,-0.0,-0.0,-0.0,-0.0,-0.0,-0.0,-0.0,-0.0,-0.007781982421875,-0.01056671142578125,-0.0121307373046875,-0.01712799072265625,-0.01346588134765625,-0.017852783203125,-0.00949859619140625,-0.02574920654296875,-0.00904083251953125,-0.0138092041015625,-0.0319671630859375,-0.01361846923828125,-0.02483367919921875,-0.0119781494140625,-0.0042724609375,-0.03063201904296875,-0.0128173828125,-0.27191162109375,0.263519287109375,0.08819580078125,0.0421142578125,0.079345703125,0.075225830078125,0.044403076171875,0.098876953125,0.105133056640625,0.086669921875,0.123291015625,-0.723419189453125,-1.18438720703125,0.5816650390625,-1.77337646484375,-3.8671038150787354
220,0.3650000000000001,-0.0,-0.0,-0.0,-0.0,-0.0,-0.0,-6.001880168914795,11.930266380310059,-904.5985107421875,-280975.0,45644.58203125,-899.60009765625,-0.0,-0.0,-0.0,-0.0,-0.0,-0.0,-0.0,-0.0,-0.0,-0.0,-0.0,-0.0,0.0012969970703125,0.00179290771484375,0.0031280517578125,0.00308990478515625,0.00244140625,0.00362396240234375,0.00186920166015625,0.00286102294921875,0.0018310546875,0.00408172607421875,-0.003204345703125,0.00263214111328125,0.00339508056640625,0.00400543212890625,-0.00171661376953125,0.0072479248046875,0.177764892578125,0.28045654296875,0.111236572265625,0.130767822265625,0.035400390625,0.0946044921875,0.077972412109375,0.070953369140625,0.1324462890625,0.15350341796875,0.081634521484375,0.0543212890625,-0.321197509765625,-2.12371826171875,0.45867919921875,-1.086273193359375,0.40127673745155334
221,0.3655000000000001,-0.0,-0.0,-0.0,-0.0,-0.0,-0.0,-6.155525207519531,13.001116752624512,-903.0293579101562,-280527.46875,45329.60546875,-956.751953125,-0.0,-0.0,-0.0,-0.0,-0.0,-0.0,-0.0,-0.0,-0.0,-0.0,-0.0,-0.0,0.01140594482421875,0.0099945068359375,0.01293182373046875,0.0170135498046875,0.01178741455078125,0.01499176025390625,0.01094818115234375,0.02574920654296875,0.00637054443359375,0.0135040283203125,0.03505706787109375,0.0118255615234375,0.0237274169921875,0.01251220703125,0.0035858154296875,0.02895355224609375,0.088653564453125,-0.097808837890625,0.06988525390625,0.198211669921875,0.08544921875,0.140838623046875,0.121307373046875,0.1025390625,0.06591796875,0.017242431640625,0.11871337890625,-0.001068115234375,0.883026123046875,1.53839111328125,-0.40374755859375,1.985015869140625,6.803847789764404
222,0.3660000000000001,-0.0,-0.0,-0.0,-0.0,-0.0,-0.0,-5.454758644104004,11.726494789123535,-901.01318359375,-279931.625,45050.84375,-1083.524658203125,-0.0,-0.0,-0.0,-0.0,-0.0,-0.0,-0.0,-0.0,-0.0,-0.0,-0.0,-0.0,-0.00118255615234375,-0.0014495849609375,-0.00041961669921875,-0.001220703125,-0.000762939453125,-0.0029754638671875,-0.00026702880859375,-0.0011444091796875,-0.00263214111328125,-0.002288818359375,0.00606536865234375,-0.0020599365234375,0.00064849853515625,-0.00385284423828125,0.0003814697265625,-0.00640869140625,0.326080322265625,0.186614990234375,0.014801025390625,0.010986328125,0.08514404296875,0.07415771484375,0.1348876953125,0.146331787109375,0.114593505859375,0.120391845703125,0.12847900390625,0.111083984375,0.581207275390625,2.24700927734375,-0.21331787109375,1.74041748046875,6.803847789764404
223,0.3665000000000001,-0.0,-0.0,-0.0,-0.0,-0.0,-0.0,-5.5436859130859375,9.817121505737305,-899.499267578125,-279799.96875,44934.8359375,-1193.7589111328125,-0.0,-0.0,-0.0,-0.0,-0.0,-0.0,-0.0,-0.0,-0.0,-0.0,-0.0,-0.0,-0.0090789794921875,-0.00621795654296875,-0.01354217529296875,-0.01689910888671875,-0.009765625,-0.01537322998046875,-0.0110626220703125,-0.02544403076171875,-0.00457763671875,-0.01556396484375,-0.03040313720703125,-0.00965118408203125,-0.02437591552734375,-0.0096893310546875,-0.005340576171875,-0.02956390380859375,0.015869140625,0.044403076171875,-0.020904541015625,0.07781982421875,0.19989013671875,0.08758544921875,0.0897216796875,0.132293701171875,0.116119384765625,0.090484619140625,0.094146728515625,0.1568603515625,-0.67047119140625,-1.016845703125,0.7391357421875,-1.461181640625,-1.1231448650360107
224,0.3670000000000001,-0.0,-0.0,-0.0,-0.0,-0.0,-0.0,-4.333414077758789,6.901682376861572,-898.5913696289062,-279869.9375,44677.07421875,-1175.5023193359375,-0.0,-0.0,-0.0,-0.0,-0.0,-0.0,-0.0,-0.0,-0.0,-0.0,-0.0,-0.0,0.00041961669921875,3.814697265625e-05,0.00232696533203125,0.00308990478515625,0.0011444091796875,0.00202178955078125,3.814697265625e-05,0.00385284423828125,0.00179290771484375,0.0012969970703125,-0.00194549560546875,0.002593994140625,-0.00274658203125,0.000762939453125,0.00274658203125,0.005645751953125,0.03662109375,0.07568359375,-0.12664794921875,0.097503662109375,0.119171142578125,0.08270263671875,0.06378173828125,0.058746337890625,0.087738037109375,0.036468505859375,0.0933837890625,0.173797607421875,-0.225372314453125,-1.84295654296875,0.1806640625,-1.767730712890625,-2.647566556930542
225,0.3675000000000001,-0.0,-0.0,-0.0,-0.0,-0.0,-0.0,-3.0072810649871826,5.043008327484131,-900.0014038085938,-280435.09375,44276.19140625,-1682.666015625,-0.0,-0.0,-0.0,-0.0,-0.0,-0.0,-0.0,-0.0,-0.0,-0.0,-0.0,-0.0,0.00942230224609375,0.0087738037109375,0.01270294189453125,0.01735687255859375,0.01186370849609375,0.01636505126953125,0.01312255859375,0.02376556396484375,0.009307861328125,0.01434326171875,0.03143310546875,0.01224517822265625,0.0241851806640625,0.0099945068359375,0.00354766845703125,0.03086090087890625,0.05706787109375,-0.018310546875,0.389556884765625,0.09246826171875,0.094757080078125,0.066070556640625,0.09063720703125,0.0421142578125,0.0927734375,0.14190673828125,0.06195068359375,0.142364501953125,0.940093994140625,1.29913330078125,-0.5352783203125,1.894683837890625,2.5354671478271484
226,0.3680000000000001,-0.0,-0.0,-0.0,-0.0,-0.0,-0.0,-1.8981341123580933,4.164437770843506,-899.8482055664062,-280836.59375,43643.52734375,-2134.817138671875,-0.0,-0.0,-0.0,-0.0,-0.0,-0.0,-0.0,-0.0,-0.0,-0.0,-0.0,-0.0,0.00011444091796875,0.0005340576171875,0.00049591064453125,-0.0018310546875,-0.0006103515625,-0.00194549560546875,0.00026702880859375,-0.00102996826171875,-0.00396728515625,-0.000152587890625,0.00820159912109375,-0.00247955322265625,0.003662109375,-0.0002288818359375,-0.00041961669921875,-0.0060272216796875,0.001068115234375,0.085601806640625,0.344390869140625,0.163116455078125,0.076141357421875,0.11505126953125,0.10040283203125,0.082855224609375,0.1116943359375,0.10894775390625,0.093231201171875,0.07049560546875,0.567169189453125,2.40997314453125,-0.08087158203125,1.998138427734375,9.852691650390625
227,0.3685000000000001,-0.0,-0.0,-0.0,-0.0,-0.0,-0.0,-0.7014822363853455,3.0426244735717773,-899.0919799804688,-281311.46875,43662.26171875,-2487.50341796875,-0.0,-0.0,-0.0,-0.0,-0.0,-0.0,-0.0,-0.0,-0.0,-0.0,-0.0,-0.0,-0.00988006591796875,-0.0086212158203125,-0.0115203857421875,-0.0160980224609375,-0.01270294189453125,-0.0152587890625,-0.00980377197265625,-0.02696990966796875,-0.006256103515625,-0.01407623291015625,-0.03177642822265625,-0.01239776611328125,-0.02292633056640625,-0.01132965087890625,-0.00579833984375,-0.028228759765625,0.13427734375,0.28839111328125,0.071563720703125,0.150299072265625,0.073089599609375,0.142822265625,0.08514404296875,0.102081298828125,0.098419189453125,0.118408203125,0.13671875,0.083465576171875,-0.59722900390625,-1.10931396484375,0.52093505859375,-1.4630126953125,0.09639240801334381
228,0.3690000000000001,-0.0,-0.0,-0.0,-0.0,-0.0,-0.0,0.0,2.635377883911133,-899.3966674804688,-281546.6875,43215.16015625,-2666.75439453125,-0.0,-0.0,-0.0,-0.0,-0.0,-0.0,-0.0,-0.0,-0.0,-0.0,-0.0,-0.0,-0.00225067138671875,-0.00030517578125,0.00247955322265625,0.00335693359375,0.001220703125,0.000457763671875,0.00209808349609375,0.00308990478515625,0.0019073486328125,-0.00049591064453125,-0.00583648681640625,0.00308990478515625,-0.007781982421875,0.001373291015625,0.00270843505859375,0.0043487548828125,0.19073486328125,0.254364013671875,0.00457763671875,0.059051513671875,-0.0701904296875,0.094451904296875,0.110015869140625,0.11077880859375,0.093841552734375,0.197601318359375,0.092315673828125,0.12603759765625,-0.658111572265625,-2.09014892578125,0.2032470703125,-1.99920654296875,-2.95245099067688
229,0.3695000000000001,-0.0,-0.0,-0.0,-0.0,-0.0,-0.0,0.06536604464054108,1.4766074419021606,-897.9249877929688,-281633.5,42991.9453125,-2693.89111328125,-0.0,-0.0,-0.0,-0.0,-0.0,-0.0,-0.0,-0.0,-0.0,-0.0,-0.0,-0.0,0.0107574462890625,0.01155853271484375,0.01392364501953125,0.01674652099609375,0.013427734375,0.01720428466796875,0.008087158203125,0.02666473388671875,0.00782012939453125,0.0145721435546875,0.032806396484375,0.01056671142578125,0.0240325927734375,0.01049041748046875,0.0055694580078125,0.02899169921875,-0.07110595703125,0.037689208984375,0.13031005859375,0.08331298828125,0.2655029296875,0.113983154296875,0.08575439453125,0.139312744140625,0.10345458984375,0.0469970703125,0.14678955078125,0.11444091796875,1.116790771484375,1.09527587890625,-0.44525146484375,1.679229736328125,8.633153915405273
230,0.3700000000000001,-0.0,-0.0,-0.0,-0.0,-0.0,-0.0,-0.46959391236305237,0.6861181855201721,-895.7710571289062,-281481.1875,42976.75390625,-2426.372802734375,-0.0,-0.0,-0.0,-0.0,-0.0,-0.0,-0.0,-0.0,-0.0,-0.0,-0.0,-0.0,0.00209808349609375,-0.00064849853515625,-0.00263214111328125,0.00034332275390625,-0.0012969970703125,-0.001373291015625,-0.0005340576171875,-0.00118255615234375,-0.00041961669921875,-0.00087738037109375,0.00789642333984375,-0.00041961669921875,0.00988006591796875,-0.00335693359375,-0.00244140625,-0.00213623046875,0.10009765625,0.12908935546875,0.084686279296875,0.094451904296875,0.27099609375,0.103607177734375,0.087127685546875,0.094146728515625,0.096893310546875,0.04058837890625,0.079498291015625,0.0750732421875,0.840606689453125,2.4749755859375,0.028076171875,2.3431396484375,8.023386001586914
231,0.3705000000000001,-0.0,-0.0,-0.0,-0.0,-0.0,-0.0,-0.6593961715698242,-0.5735324025154114,-894.4512329101562,-281870.46875,43046.69140625,-2318.013427734375,-0.0,-0.0,-0.0,-0.0,-0.0,-0.0,-0.0,-0.0,-0.0,-0.0,-0.0,-0.0,-0.01232147216796875,-0.00850677490234375,-0.01316070556640625,-0.01598358154296875,-0.01300811767578125,-0.0146484375,-0.01094818115234375,-0.02643585205078125,-0.0061798095703125,-0.015869140625,-0.0310516357421875,-0.012054443359375,-0.02529144287109375,-0.0121307373046875,-0.0051116943359375,-0.03002166748046875,0.027313232421875,-0.2459716796875,0.0274658203125,0.185699462890625,0.109405517578125,0.123138427734375,0.11810302734375,0.079498291015625,0.09246826171875,0.06072998046875,0.059967041015625,0.01922607421875,-0.797271728515625,-1.01165771484375,0.567626953125,-1.838531494140625,0.09639240801334381
232,0.3710000000000001,-0.0,-0.0,-0.0,-0.0,-0.0,-0.0,-0.9972057342529297,-1.7782078981399536,-892.9927368164062,-282007.53125,43117.765625,-2185.335693359375,-0.0,-0.0,-0.0,-0.0,-0.0,-0.0,-0.0,-0.0,-0.0,-0.0,-0.0,-0.0,-0.0020599365234375,-7.62939453125e-05,0.0012969970703125,0.0022125244140625,0.00244140625,0.00385284423828125,-0.0009918212890625,0.00164031982421875,0.00209808349609375,0.00156402587890625,-0.006256103515625,-0.001678466796875,-0.00545501708984375,0.0014495849609375,0.000152587890625,0.003509521484375,0.1177978515625,0.4327392578125,0.034027099609375,0.040435791015625,-0.087127685546875,0.02960205078125,0.106658935546875,0.079803466796875,0.111846923828125,0.2716064453125,0.114288330078125,0.086212158203125,-0.44586181640625,-2.16552734375,0.0567626953125,-2.175750732421875,-0.20849192142486572
233,0.3715000000000001,-0.0,-0.0,-0.0,-0.0,-0.0,-0.0,-1.92369544506073,-3.715904712677002,-889.5061645507812,-281521.53125,42953.58984375,-1824.55419921875,-0.0,-0.0,-0.0,-0.0,-0.0,-0.0,-0.0,-0.0,-0.0,-0.0,-0.0,-0.0,0.010223388671875,0.01094818115234375,0.01331329345703125,0.0170135498046875,0.01461029052734375,0.015411376953125,0.011444091796875,0.02532958984375,0.0081634521484375,0.01468658447265625,0.032196044921875,0.0113677978515625,0.02384185791015625,0.013427734375,0.001068115234375,0.0302886962890625,0.169219970703125,-0.00885009765625,0.16845703125,0.023651123046875,0.2728271484375,0.137481689453125,0.05950927734375,0.10589599609375,0.108184814453125,0.010986328125,0.128021240234375,0.113372802734375,1.10687255859375,1.31744384765625,-0.5755615234375,1.6778564453125,10.76734447479248
234,0.3720000000000001,-0.0,-0.0,-0.0,-0.0,-0.0,-0.0,-3.111158609390259,-4.517883777618408,-882.4635620117188,-280132.78125,42834.3984375,-1207.2213134765625,-0.0,-0.0,-0.0,-0.0,-0.0,-0.0,-0.0,-0.0,-0.0,-0.0,-0.0,-0.0,0.00202178955078125,-0.0020599365234375,-0.0006866455078125,-0.001220703125,-0.0017547607421875,-0.00316619873046875,0.00041961669921875,-0.00102996826171875,-0.0005340576171875,-0.003204345703125,0.00751495361328125,-0.00049591064453125,0.012664794921875,-0.00133514404296875,-0.00026702880859375,-0.0030517578125,0.032958984375,0.0213623046875,0.085906982421875,0.10162353515625,0.044097900390625,0.097503662109375,0.10467529296875,0.08331298828125,0.080718994140625,0.061187744140625,0.05401611328125,0.09796142578125,0.384979248046875,2.29888916015625,-0.1580810546875,2.78839111328125,8.633153915405273
235,0.3725000000000001,-0.0,-0.0,-0.0,-0.0,-0.0,-0.0,-3.0442116260528564,-4.428521633148193,-874.5407104492188,-278555.625,42066.5625,-1227.3485107421875,-0.0,-0.0,-0.0,-0.0,-0.0,-0.0,-0.0,-0.0,-0.0,-0.0,-0.0,-0.0,-0.0116729736328125,-0.01071929931640625,-0.01499176025390625,-0.01522064208984375,-0.0127410888671875,-0.01758575439453125,-0.0098419189453125,-0.0261688232421875,-0.0064849853515625,-0.0154876708984375,-0.03086090087890625,-0.0135040283203125,-0.02391815185546875,-0.01140594482421875,-0.00682830810546875,-0.0281524658203125,0.20233154296875,-0.006561279296875,-0.116729736328125,0.11016845703125,-0.28076171875,0.04730224609375,0.097808837890625,0.087890625,0.1055908203125,0.128936767578125,0.07598876953125,0.098876953125,-0.944061279296875,-1.04278564453125,0.2880859375,-1.51031494140625,-1.732913613319397
236,0.3730000000000001,-0.0,-0.0,-0.0,-0.0,-0.0,-0.0,-1.7450660467147827,-4.089086055755615,-871.6048583984375,-277833.0625,41570.1484375,-1333.0709228515625,-0.0,-0.0,-0.0,-0.0,-0.0,-0.0,-0.0,-0.0,-0.0,-0.0,-0.0,-0.0,-0.00064849853515625,0.0054931640625,0.00308990478515625,0.001068115234375,0.00301361083984375,0.00133514404296875,-7.62939453125e-05,0.00125885009765625,0.00057220458984375,3.814697265625e-05,-0.0104522705078125,0.003204345703125,-0.01148223876953125,0.0019073486328125,0.00156402587890625,0.0030517578125,0.195465087890625,0.183868408203125,0.124053955078125,0.098114013671875,0.76934814453125,0.10162353515625,0.096588134765625,0.123748779296875,0.0909423828125,0.0885009765625,0.084991455078125,0.083770751953125,-0.95794677734375,-2.491455078125,0.4364013671875,-2.335968017578125,-2.342682361602783
237,0.3735000000000001,-0.0,-0.0,-0.0,-0.0,-0.0,-0.0,-0.3852897882461548,-4.2498369216918945,-867.9183959960938,-277785.0,40535.5078125,-1557.95751953125,-0.0,-0.0,-0.0,-0.0,-0.0,-0.0,-0.0,-0.0,-0.0,-0.0,-0.0,-0.0,0.01293182373046875,0.00705718994140625,0.0140380859375,0.0188446044921875,0.0113677978515625,0.01739501953125,0.00995635986328125,0.02513885498046875,0.0092315673828125,0.01682281494140625,0.03284454345703125,0.01544952392578125,0.02628326416015625,0.0109100341796875,0.0055694580078125,0.0311279296875,0.00213623046875,0.166473388671875,0.204925537109375,0.145111083984375,-0.03875732421875,0.133056640625,0.108795166015625,0.09918212890625,0.09796142578125,0.076446533203125,0.061798095703125,0.10040283203125,1.120758056640625,1.37939453125,-0.2215576171875,1.989898681640625,0.7061610817909241
238,0.3740000000000001,-0.0,-0.0,-0.0,-0.0,-0.0,-0.0,0.9887498021125793,-4.524428844451904,-867.3678588867188,-277866.0625,40104.62890625,-2001.7537841796875,-0.0,-0.0,-0.0,-0.0,-0.0,-0.0,-0.0,-0.0,-0.0,-0.0,-0.0,-0.0,0.00274658203125,-0.0011444091796875,-0.00057220458984375,-0.001983642578125,-0.001373291015625,0.0006103515625,0.0043487548828125,0.00019073486328125,-0.00110626220703125,0.004730224609375,0.01277923583984375,-0.00049591064453125,0.01132965087890625,-0.00049591064453125,0.001220703125,-0.0034332275390625,0.207672119140625,0.04058837890625,0.06317138671875,0.1031494140625,0.0286865234375,0.108642578125,0.09735107421875,0.082244873046875,0.108795166015625,0.136871337890625,0.081024169921875,0.129241943359375,1.039886474609375,2.884521484375,-0.21575927734375,2.7032470703125,7.413616180419922
239,0.3745000000000001,-0.0,-0.0,-0.0,-0.0,-0.0,-0.0,1.7946994304656982,-5.258693695068359,-865.9556884765625,-278122.3125,39771.625,-2061.9541015625,-0.0,-0.0,-0.0,-0.0,-0.0,-0.0,-0.0,-0.0,-0.0,-0.0,-0.0,-0.0,-0.010833740234375,-0.0077056884765625,-0.01331329345703125,-0.016326904296875,-0.0116729736328125,-0.01552581787109375,-0.01033782958984375,-0.02368927001953125,-0.00823974609375,-0.01323699951171875,-0.0308990478515625,-0.0150299072265625,-0.02277374267578125,-0.011444091796875,-0.00408172607421875,-0.02902984619140625,0.0811767578125,0.37567138671875,-0.088958740234375,0.04913330078125,0.010528564453125,0.06866455078125,0.072021484375,0.094451904296875,0.177001953125,0.158233642578125,0.113677978515625,0.11077880859375,-0.699462890625,-1.00250244140625,0.37841796875,-1.4447021484375,0.09639240801334381
240,0.3750000000000001,-0.0,-0.0,-0.0,-0.0,-0.0,-0.0,1.993634581565857,-6.446466445922852,-865.2908935546875,-278054.25,39128.48828125,-2150.54248046875,-0.0,-0.0,-0.0,-0.0,-0.0,-0.0,-0.0,-0.0,-0.0,-0.0,-0.0,-0.0,-0.0005340576171875,0.00164031982421875,0.0016021728515625,0.0006103515625,0.001373291015625,0.00232696533203125,-0.00087738037109375,-0.00030517578125,0.001983642578125,0.0005340576171875,-0.01186370849609375,0.0023651123046875,-0.01003265380859375,0.00415802001953125,0.00057220458984375,0.0022125244140625,0.14678955078125,0.1104736328125,0.085906982421875,0.10528564453125,0.143585205078125,0.130157470703125,0.097808837890625,0.12542724609375,0.034637451171875,0.066375732421875,0.133056640625,0.099029541015625,-0.55511474609375,-2.57568359375,0.44647216796875,-2.372283935546875,-2.647566556930542
241,0.3755000000000001,-0.0,-0.0,-0.0,-0.0,-0.0,-0.0,1.9434950351715088,-7.526429653167725,-863.2071533203125,-277863.09375,38882.6796875,-2004.649169921875,-0.0,-0.0,-0.0,-0.0,-0.0,-0.0,-0.0,-0.0,-0.0,-0.0,-0.0,-0.0,0.0092315673828125,0.009002685546875,0.0144195556640625,0.015411376953125,0.013427734375,0.01628875732421875,0.01262664794921875,0.02613067626953125,0.0061798095703125,0.015411376953125,0.03185272216796875,0.01338958740234375,0.0278472900390625,0.01285552978515625,0.0048065185546875,0.031280517578125,0.1519775390625,0.1336669921875,0.220489501953125,0.1190185546875,0.124359130859375,0.093841552734375,0.09735107421875,0.103759765625,0.12176513671875,0.0823974609375,0.07568359375,0.05523681640625,0.828857421875,1.11480712890625,-0.22796630859375,2.176055908203125,6.803847789764404
242,0.3760000000000001,-0.0,-0.0,-0.0,-0.0,-0.0,-0.0,1.8734207153320312,-8.299176216125488,-861.8759155273438,-277389.75,38478.13671875,-1833.170654296875,-0.0,-0.0,-0.0,-0.0,-0.0,-0.0,-0.0,-0.0,-0.0,-0.0,-0.0,-0.0,0.0003814697265625,-0.0011444091796875,-0.00041961669921875,0.00049591064453125,-0.00110626220703125,-0.0023651123046875,0.00247955322265625,-0.00102996826171875,0.001068115234375,-0.00091552734375,0.01251220703125,-0.0002288818359375,0.01079559326171875,-0.0003814697265625,-0.00072479248046875,-0.00202178955078125,-0.148162841796875,0.068206787109375,0.102691650390625,0.174102783203125,0.117034912109375,0.128021240234375,0.127410888671875,0.109100341796875,0.02716064453125,-0.00213623046875,0.078277587890625,0.037994384765625,0.845489501953125,2.705078125,-0.3192138671875,2.745361328125,10.76734447479248
243,0.3765000000000001,-0.0,-0.0,-0.0,-0.0,-0.0,-0.0,2.3591270446777344,-8.932827949523926,-858.0308227539062,-277119.375,38444.71875,-2015.78955078125,-0.0,-0.0,-0.0,-0.0,-0.0,-0.0,-0.0,-0.0,-0.0,-0.0,-0.0,-0.0,-0.0095367431640625,-0.00843048095703125,-0.0133514404296875,-0.01659393310546875,-0.01251220703125,-0.0157928466796875,-0.01087188720703125,-0.02399444580078125,-0.00865936279296875,-0.0135040283203125,-0.03223419189453125,-0.014801025390625,-0.02285003662109375,-0.0148773193359375,-0.00461578369140625,-0.030059814453125,0.2166748046875,0.09185791015625,0.11260986328125,0.020751953125,0.068359375,0.078125,0.1043701171875,0.089263916015625,0.0970458984375,0.100555419921875,0.10528564453125,0.08514404296875,-0.66009521484375,-1.2054443359375,0.28167724609375,-1.500701904296875,-0.5133762359619141
244,0.3770000000000001,-0.0,-0.0,-0.0,-0.0,-0.0,-0.0,2.51806640625,-9.516798973083496,-857.9514770507812,-276920.125,38433.83984375,-2032.244384765625,-0.0,-0.0,-0.0,-0.0,-0.0,-0.0,-0.0,-0.0,-0.0,-0.0,-0.0,-0.0,-0.000152587890625,0.00072479248046875,0.001220703125,0.002899169921875,0.00041961669921875,0.0029754638671875,-0.000762939453125,0.00030517578125,0.000152587890625,-0.0008392333984375,-0.00942230224609375,0.00362396240234375,-0.00995635986328125,-0.00041961669921875,-0.00011444091796875,0.0049591064453125,0.12847900390625,0.0970458984375,0.15045166015625,0.070953369140625,0.0421142578125,0.1287841796875,0.09490966796875,0.092926025390625,0.109405517578125,0.147857666015625,0.098876953125,0.09979248046875,-0.500030517578125,-2.62603759765625,0.63262939453125,-2.528839111328125,-2.342682361602783
245,0.3775000000000001,-0.0,-0.0,-0.0,-0.0,-0.0,-0.0,3.002986431121826,-10.160865783691406,-855.6026000976562,-277084.96875,38297.6484375,-2065.3935546875,-0.0,-0.0,-0.0,-0.0,-0.0,-0.0,-0.0,-0.0,-0.0,-0.0,-0.0,-0.0,0.00919342041015625,0.00942230224609375,0.012969970703125,0.01743316650390625,0.01163482666015625,0.0167083740234375,0.01224517822265625,0.025482177734375,0.0093841552734375,0.01781463623046875,0.0342559814453125,0.01422882080078125,0.02330780029296875,0.009918212890625,0.0064849853515625,0.0301361083984375,0.242767333984375,0.091552734375,0.01617431640625,0.089111328125,0.068359375,0.078125,0.071258544921875,0.075531005859375,0.10467529296875,0.150909423828125,0.056610107421875,0.138092041015625,1.3531494140625,1.62506103515625,-0.30120849609375,1.450042724609375,5.584310531616211
246,0.3780000000000001,-0.0,-0.0,-0.0,-0.0,-0.0,-0.0,3.150783061981201,-10.726018905639648,-853.6812744140625,-277289.8125,38323.6875,-2163.43017578125,-0.0,-0.0,-0.0,-0.0,-0.0,-0.0,-0.0,-0.0,-0.0,-0.0,-0.0,-0.0,0.000762939453125,0.00019073486328125,-0.0002288818359375,-0.00026702880859375,-0.001220703125,-0.00041961669921875,0.00102996826171875,0.00240325927734375,-0.00125885009765625,0.00095367431640625,0.01514434814453125,-0.00392913818359375,0.012969970703125,-0.0020599365234375,0.00019073486328125,-0.0009918212890625,0.1739501953125,0.034027099609375,-0.010528564453125,0.081787109375,0.1904296875,0.051116943359375,0.086517333984375,0.057830810546875,0.075836181640625,0.042572021484375,0.057220458984375,0.185546875,0.92071533203125,2.96875,-0.4400634765625,2.61810302734375,13.206418991088867
247,0.3785000000000001,-0.0,-0.0,-0.0,-0.0,-0.0,-0.0,3.131709098815918,-11.934141159057617,-855.2437133789062,-277198.09375,38303.5703125,-2100.57861328125,-0.0,-0.0,-0.0,-0.0,-0.0,-0.0,-0.0,-0.0,-0.0,-0.0,-0.0,-0.0,-0.009918212890625,-0.00713348388671875,-0.01277923583984375,-0.01495361328125,-0.0104522705078125,-0.017852783203125,-0.01010894775390625,-0.02605438232421875,-0.0064849853515625,-0.014190673828125,-0.03223419189453125,-0.01300811767578125,-0.019989013671875,-0.0118255615234375,-0.00457763671875,-0.030670166015625,-0.11444091796875,0.299224853515625,0.31463623046875,0.1104736328125,0.0738525390625,0.1177978515625,0.103912353515625,0.12847900390625,0.10284423828125,0.050811767578125,0.103759765625,0.14373779296875,-0.584564208984375,-0.992431640625,0.50537109375,-1.107025146484375,-1.732913613319397
248,0.3790000000000001,-0.0,-0.0,-0.0,-0.0,-0.0,-0.0,3.1223678588867188,-12.41666030883789,-853.28271484375,-276846.21875,38451.3671875,-2164.656982421875,-0.0,-0.0,-0.0,-0.0,-0.0,-0.0,-0.0,-0.0,-0.0,-0.0,-0.0,-0.0,-3.814697265625e-05,-0.0008392333984375,0.00080108642578125,0.00141143798828125,7.62939453125e-05,0.0012969970703125,-0.0029754638671875,-0.0002288818359375,0.001373291015625,-0.0017547607421875,-0.0136566162109375,0.001983642578125,-0.01148223876953125,0.0020599365234375,0.001068115234375,0.00148773193359375,0.220184326171875,0.258331298828125,-0.10009765625,0.088348388671875,0.143890380859375,0.0701904296875,0.095672607421875,0.113067626953125,0.131072998046875,0.0726318359375,0.1202392578125,0.086822509765625,-0.828704833984375,-2.78167724609375,0.56243896484375,-2.616119384765625,-6.001294136047363
249,0.3795000000000001,-0.0,-0.0,-0.0,-0.0,-0.0,-0.0,2.7655258178710938,-11.863374710083008,-849.873779296875,-275980.5,38533.21484375,-2251.76904296875,-0.0,-0.0,-0.0,-0.0,-0.0,-0.0,-0.0,-0.0,-0.0,-0.0,-0.0,-0.0,0.00782012939453125,0.0106048583984375,0.01331329345703125,0.0179290771484375,0.01354217529296875,0.01537322998046875,0.0148773193359375,0.025177001953125,0.00751495361328125,0.0139617919921875,0.032501220703125,0.012054443359375,0.02445220947265625,0.0102996826171875,0.0054931640625,0.03047943115234375,0.0311279296875,0.0494384765625,0.328369140625,0.110626220703125,0.0677490234375,0.12359619140625,0.102386474609375,0.147857666015625,0.125732421875,0.185089111328125,0.126495361328125,0.058135986328125,0.688934326171875,1.27349853515625,-0.39154052734375,1.44775390625,10.157575607299805
250,0.3800000000000001,-0.0,-0.0,-0.0,-0.0,-0.0,-0.0,1.4006370306015015,-11.10118579864502,-845.9896240234375,-274726.21875,38712.0234375,-2063.607177734375,-0.0,-0.0,-0.0,-0.0,-0.0,-0.0,-0.0,-0.0,-0.0,-0.0,-0.0,-0.0,0.00152587890625,-0.0003814697265625,0.00026702880859375,0.00026702880859375,-0.0009918212890625,0.0002288818359375,0.0029754638671875,0.001220703125,-0.00194549560546875,0.00152587890625,0.0147247314453125,-0.0011444091796875,0.01216888427734375,-0.00164031982421875,0.0012969970703125,-0.0011444091796875,0.279693603515625,0.171051025390625,0.109100341796875,0.117950439453125,0.049591064453125,0.113372802734375,0.104522705078125,0.0482177734375,0.130157470703125,0.1007080078125,0.073699951171875,0.039825439453125,0.777130126953125,2.97760009765625,-0.3472900390625,2.943878173828125,8.328269958496094
251,0.3805000000000001,-0.0,-0.0,-0.0,-0.0,-0.0,-0.0,0.12943798303604126,-9.764152526855469,-842.8466186523438,-272915.53125,38720.41015625,-1416.1402587890625,-0.0,-0.0,-0.0,-0.0,-0.0,-0.0,-0.0,-0.0,-0.0,-0.0,-0.0,-0.0,-0.0080108642578125,-0.0098419189453125,-0.01438140869140625,-0.0159454345703125,-0.012969970703125,-0.01506805419921875,-0.01010894775390625,-0.02605438232421875,-0.00568389892578125,-0.01499176025390625,-0.02864837646484375,-0.0115966796875,-0.0199127197265625,-0.00972747802734375,-0.00530242919921875,-0.02899169921875,0.185089111328125,-0.117950439453125,-0.050811767578125,0.1080322265625,-0.05035400390625,0.0933837890625,0.098114013671875,0.080718994140625,-0.078125,0.01495361328125,0.11566162109375,0.07598876953125,-0.68145751953125,-0.69976806640625,0.4339599609375,-0.6622314453125,1.9256983995437622
252,0.3810000000000001,-0.0,-0.0,-0.0,-0.0,-0.0,-0.0,-1.5913718938827515,-8.605392456054688,-836.2618408203125,-270958.71875,38640.890625,-790.4580688476562,-0.0,-0.0,-0.0,-0.0,-0.0,-0.0,-0.0,-0.0,-0.0,-0.0,-0.0,-0.0,-0.00171661376953125,0.0031280517578125,0.0009918212890625,0.00152587890625,0.00152587890625,-0.0005340576171875,-0.0006866455078125,0.00026702880859375,-0.00026702880859375,-0.00385284423828125,-0.01102447509765625,0.00179290771484375,-0.013427734375,-0.00011444091796875,0.00034332275390625,0.00263214111328125,-0.1104736328125,0.45501708984375,0.301361083984375,0.10986328125,0.00518798828125,0.117645263671875,0.095672607421875,0.135498046875,0.106353759765625,0.104217529296875,0.14190673828125,0.082550048828125,-0.94635009765625,-2.63946533203125,0.4364013671875,-2.730865478515625,-3.5622196197509766
253,0.3815000000000001,-0.0,-0.0,-0.0,-0.0,-0.0,-0.0,-3.0331573486328125,-6.903372764587402,-830.5194091796875,-269099.75,38792.91796875,-398.21282958984375,-0.0,-0.0,-0.0,-0.0,-0.0,-0.0,-0.0,-0.0,-0.0,-0.0,-0.0,-0.0,0.01049041748046875,0.0107574462890625,0.013427734375,0.0176239013671875,0.010833740234375,0.01628875732421875,0.01129150390625,0.024566650390625,0.0074005126953125,0.01369476318359375,0.03162384033203125,0.0139617919921875,0.0222015380859375,0.012664794921875,0.00522613525390625,0.02872467041015625,-0.002593994140625,0.096893310546875,0.118560791015625,0.09521484375,0.64697265625,0.122222900390625,0.098419189453125,0.09796142578125,0.08758544921875,0.16937255859375,0.09979248046875,0.0970458984375,0.831451416015625,1.13555908203125,-0.347900390625,1.367645263671875,9.852691650390625
254,0.3820000000000001,-0.0,-0.0,-0.0,-0.0,-0.0,-0.0,-3.6814277172088623,-5.549860000610352,-826.2150268554688,-267008.96875,38585.03125,-131.0704803466797,-0.0,-0.0,-0.0,-0.0,-0.0,-0.0,-0.0,-0.0,-0.0,-0.0,-0.0,-0.0,0.004730224609375,-0.00186920166015625,-0.00034332275390625,-0.00118255615234375,-0.00095367431640625,0.00278472900390625,0.002288818359375,0.0012969970703125,0.0003814697265625,0.004119873046875,0.0150299072265625,-0.00041961669921875,0.0145721435546875,-0.00255584716796875,0.002288818359375,0.0,0.1409912109375,-0.028533935546875,0.117645263671875,0.09368896484375,-0.15411376953125,0.096893310546875,0.1025390625,0.10833740234375,0.078887939453125,0.08514404296875,0.08056640625,0.04486083984375,1.010589599609375,2.90557861328125,-0.1470947265625,3.03802490234375,9.547806739807129
255,0.3825000000000001,-0.0,-0.0,-0.0,-0.0,-0.0,-0.0,-3.925262451171875,-4.116368293762207,-821.6569213867188,-265252.625,38406.92578125,-31.59033203125,-0.0,-0.0,-0.0,-0.0,-0.0,-0.0,-0.0,-0.0,-0.0,-0.0,-0.0,-0.0,-0.0080108642578125,-0.0089263916015625,-0.01430511474609375,-0.01605987548828125,-0.0110626220703125,-0.015716552734375,-0.00995635986328125,-0.02483367919921875,-0.00766754150390625,-0.009613037109375,-0.030364990234375,-0.01316070556640625,-0.01705169677734375,-0.012054443359375,-0.004730224609375,-0.029144287109375,0.23956298828125,-0.077362060546875,-0.040130615234375,0.111846923828125,-0.108795166015625,0.092315673828125,0.10650634765625,0.0836181640625,0.089569091796875,0.073394775390625,0.09796142578125,0.11016845703125,-0.172576904296875,-0.8026123046875,0.41839599609375,-0.473480224609375,-0.8182606101036072
256,0.3830000000000001,-0.0,-0.0,-0.0,-0.0,-0.0,-0.0,-3.41451096534729,-2.5526607036590576,-818.5104370117188,-263522.90625,38070.46484375,-142.01536560058594,-0.0,-0.0,-0.0,-0.0,-0.0,-0.0,-0.0,-0.0,-0.0,-0.0,-0.0,-0.0,-0.0028228759765625,0.001373291015625,0.0008392333984375,0.0008392333984375,0.00057220458984375,0.00034332275390625,-0.00370025634765625,-0.00072479248046875,0.001220703125,-0.00476837158203125,-0.015716552734375,0.00118255615234375,-0.01361846923828125,0.00030517578125,-0.00102996826171875,0.001220703125,0.1190185546875,0.0823974609375,0.163726806640625,0.103607177734375,0.35125732421875,0.108489990234375,0.09063720703125,0.088043212890625,0.1116943359375,0.12176513671875,0.145263671875,0.11383056640625,-0.684661865234375,-2.9766845703125,0.4644775390625,-2.85186767578125,-2.95245099067688
257,0.3835000000000001,-0.0,-0.0,-0.0,-0.0,-0.0,-0.0,-3.4385499954223633,-1.6370867490768433,-815.975341796875,-262282.625,37468.109375,-276.9588317871094,-0.0,-0.0,-0.0,-0.0,-0.0,-0.0,-0.0,-0.0,-0.0,-0.0,-0.0,-0.0,0.008392333984375,0.00949859619140625,0.01316070556640625,0.017852783203125,0.01239776611328125,0.01667022705078125,0.010833740234375,0.02407073974609375,0.00804901123046875,0.0107574462890625,0.0315093994140625,0.01495361328125,0.01682281494140625,0.01277923583984375,0.00537872314453125,0.03055572509765625,0.117034912109375,0.0762939453125,0.142059326171875,0.102996826171875,0.155181884765625,0.114288330078125,0.105133056640625,0.080108642578125,0.118408203125,0.1055908203125,0.113677978515625,0.117034912109375,0.4193115234375,0.982666015625,-0.13031005859375,0.9814453125,8.023386001586914
258,0.3840000000000001,-0.0,-0.0,-0.0,-0.0,-0.0,-0.0,-2.8876991271972656,-1.199383020401001,-813.28125,-261259.546875,37058.30859375,-441.4089660644531,-0.0,-0.0,-0.0,-0.0,-0.0,-0.0,-0.0,-0.0,-0.0,-0.0,-0.0,-0.0,0.003204345703125,-0.00102996826171875,-0.000152587890625,-0.00072479248046875,-0.00072479248046875,0.001983642578125,0.00408172607421875,0.00064849853515625,-0.00030517578125,0.004119873046875,0.0189208984375,-0.0017547607421875,0.01483917236328125,0.001373291015625,0.00110626220703125,-0.00049591064453125,0.028533935546875,0.259552001953125,0.035400390625,0.072479248046875,-0.05828857421875,0.060577392578125,0.075225830078125,0.078277587890625,0.08575439453125,0.092926025390625,0.11749267578125,0.146636962890625,0.9222412109375,3.14788818359375,-0.084228515625,3.06976318359375,10.157575607299805
259,0.3845000000000001,-0.0,-0.0,-0.0,-0.0,-0.0,-0.0,-2.375488758087158,-0.216261088848114,-811.0626220703125,-259869.78125,36546.453125,-592.7908935546875,-0.0,-0.0,-0.0,-0.0,-0.0,-0.0,-0.0,-0.0,-0.0,-0.0,-0.0,-0.0,-0.0092315673828125,-0.00988006591796875,-0.0142669677734375,-0.01644134521484375,-0.01216888427734375,-0.01590728759765625,-0.0090789794921875,-0.026397705078125,-0.00751495361328125,-0.012359619140625,-0.028076171875,-0.0150299072265625,-0.01743316650390625,-0.0124359130859375,-0.0025177001953125,-0.030059814453125,0.01251220703125,0.0933837890625,-0.001220703125,0.08880615234375,-0.065155029296875,0.079345703125,0.09521484375,0.10589599609375,0.107574462890625,0.1055908203125,0.110931396484375,0.130615234375,-0.568389892578125,-0.76202392578125,0.21240234375,-0.88623046875,-0.8182606101036072
260,0.3850000000000001,-0.0,-0.0,-0.0,-0.0,-0.0,-0.0,-1.5574452877044678,0.3156917095184326,-809.3995971679688,-258863.890625,36303.59765625,-765.6710205078125,-0.0,-0.0,-0.0,-0.0,-0.0,-0.0,-0.0,-0.0,-0.0,-0.0,-0.0,-0.0,-0.0017547607421875,0.0026702880859375,0.0002288818359375,0.00030517578125,0.0012969970703125,-0.0023651123046875,-0.00102996826171875,-0.0006103515625,0.00019073486328125,-0.00362396240234375,-0.0168609619140625,0.00049591064453125,-0.0128936767578125,0.00102996826171875,-0.0011444091796875,0.00026702880859375,0.163116455078125,-0.000152587890625,0.09674072265625,0.115814208984375,0.35888671875,0.112457275390625,0.08209228515625,0.115203857421875,0.1287841796875,0.146484375,0.132598876953125,0.09918212890625,-0.990447998046875,-2.95654296875,0.33050537109375,-2.79510498046875,-2.342682361602783
261,0.3855000000000001,-0.0,-0.0,-0.0,-0.0,-0.0,-0.0,-0.9110673069953918,0.8168136477470398,-807.369384765625,-257813.75,36077.2109375,-921.4146728515625,-0.0,-0.0,-0.0,-0.0,-0.0,-0.0,-0.0,-0.0,-0.0,-0.0,-0.0,-0.0,0.0104522705078125,0.00858306884765625,0.01384735107421875,0.018157958984375,0.0115966796875,0.0176239013671875,0.0103759765625,0.02513885498046875,0.01056671142578125,0.01316070556640625,0.03147125244140625,0.0116729736328125,0.0203704833984375,0.01125335693359375,0.006256103515625,0.03070831298828125,0.188140869140625,-0.15899658203125,0.13580322265625,0.10528564453125,0.12298583984375,0.104827880859375,0.120391845703125,0.15045166015625,0.184478759765625,0.11749267578125,0.0750732421875,0.059967041015625,0.639190673828125,1.18072509765625,-0.41748046875,1.192779541015625,6.803847789764404
262,0.3860000000000001,-0.0,-0.0,-0.0,-0.0,-0.0,-0.0,-0.5404043793678284,1.0695648193359375,-806.8253173828125,-256764.125,35586.1171875,-938.760498046875,-0.0,-0.0,-0.0,-0.0,-0.0,-0.0,-0.0,-0.0,-0.0,-0.0,-0.0,-0.0,0.002899169921875,0.0022125244140625,0.001220703125,0.00102996826171875,0.0006866455078125,0.00217437744140625,0.004730224609375,0.00209808349609375,0.00034332275390625,0.0031280517578125,0.01750946044921875,0.00194549560546875,0.01667022705078125,-0.0006103515625,0.00057220458984375,0.00213623046875,0.106048583984375,0.39703369140625,0.089569091796875,0.114288330078125,0.06561279296875,0.114288330078125,0.126953125,0.176239013671875,0.04730224609375,0.0762939453125,0.132904052734375,0.079345703125,1.0821533203125,3.0609130859375,-0.17547607421875,3.0572509765625,10.4624605178833
263,0.3865000000000001,-0.0,-0.0,-0.0,-0.0,-0.0,-0.0,-0.4530985951423645,1.3099901676177979,-805.0597534179688,-255715.140625,35118.9453125,-1287.7584228515625,-0.0,-0.0,-0.0,-0.0,-0.0,-0.0,-0.0,-0.0,-0.0,-0.0,-0.0,-0.0,-0.00736236572265625,-0.0070953369140625,-0.01270294189453125,-0.01796722412109375,-0.0115203857421875,-0.016937255859375,-0.00888824462890625,-0.0250244140625,-0.00804901123046875,-0.01079559326171875,-0.030670166015625,-0.01148223876953125,-0.01705169677734375,-0.01239776611328125,-0.0038909912109375,-0.0311279296875,0.012969970703125,0.09918212890625,0.072784423828125,0.09857177734375,0.0286865234375,0.117645263671875,0.08331298828125,0.0335693359375,0.06622314453125,0.031280517578125,0.13214111328125,0.106658935546875,-0.38177490234375,-0.79925537109375,0.44342041015625,-0.55267333984375,0.7061610817909241
264,0.3870000000000001,-0.0,-0.0,-0.0,-0.0,-0.0,-0.0,0.1784210205078125,1.8855085372924805,-802.4794311523438,-254721.046875,35013.578125,-1429.0904541015625,-0.0,-0.0,-0.0,-0.0,-0.0,-0.0,-0.0,-0.0,-0.0,-0.0,-0.0,-0.0,-0.00396728515625,-0.00080108642578125,0.000457763671875,-3.814697265625e-05,-0.0011444091796875,-0.002593994140625,-0.00492095947265625,-0.00133514404296875,0.00171661376953125,-0.00274658203125,-0.0189208984375,0.00209808349609375,-0.0144195556640625,-0.00091552734375,0.0006103515625,-0.00125885009765625,-0.002288818359375,0.002593994140625,0.184783935546875,0.10040283203125,-0.016937255859375,0.08056640625,0.087738037109375,0.033721923828125,0.059356689453125,0.0543212890625,0.084075927734375,0.10009765625,-0.73211669921875,-2.97393798828125,0.5084228515625,-2.830810546875,-4.171988487243652
265,0.3875000000000001,-0.0,-0.0,-0.0,-0.0,-0.0,-0.0,-0.1919102519750595,2.461193799972534,-800.7420654296875,-253758.46875,34718.859375,-1498.3643798828125,-0.0,-0.0,-0.0,-0.0,-0.0,-0.0,-0.0,-0.0,-0.0,-0.0,-0.0,-0.0,0.00850677490234375,0.0107574462890625,0.0124359130859375,0.01743316650390625,0.0125885009765625,0.01483917236328125,0.01224517822265625,0.02399444580078125,0.00919342041015625,0.01338958740234375,0.0316619873046875,0.01468658447265625,0.0209808349609375,0.012664794921875,0.00453948974609375,0.0302886962890625,0.1141357421875,-0.004425048828125,0.05828857421875,0.101165771484375,0.30731201171875,0.075836181640625,0.090789794921875,0.0396728515625,0.08819580078125,0.1080322265625,0.093231201171875,0.102081298828125,0.7135009765625,0.9503173828125,-0.05462646484375,1.365966796875,8.633153915405273
266,0.3880000000000001,-0.0,-0.0,-0.0,-0.0,-0.0,-0.0,0.6112430095672607,3.167433977127075,-801.365234375,-253451.578125,34331.5234375,-1491.06884765625,-0.0,-0.0,-0.0,-0.0,-0.0,-0.0,-0.0,-0.0,-0.0,-0.0,-0.0,-0.0,0.004119873046875,0.00072479248046875,0.00274658203125,0.00186920166015625,-0.00141143798828125,0.00274658203125,0.0043487548828125,0.00263214111328125,0.00102996826171875,0.004425048828125,0.01903533935546875,-0.00499725341796875,0.01712799072265625,3.814697265625e-05,-0.00034332275390625,0.00049591064453125,0.114593505859375,0.180206298828125,-0.015716552734375,0.129241943359375,0.1702880859375,0.085296630859375,0.096588134765625,0.087127685546875,0.1043701171875,0.138092041015625,0.113677978515625,0.05584716796875,1.278533935546875,3.16619873046875,-0.689697265625,2.855682373046875,9.24292278289795
267,0.3885000000000001,-0.0,-0.0,-0.0,-0.0,-0.0,-0.0,0.8158155679702759,3.7434768676757812,-801.0120849609375,-252978.484375,34262.98046875,-1713.0899658203125,-0.0,-0.0,-0.0,-0.0,-0.0,-0.0,-0.0,-0.0,-0.0,-0.0,-0.0,-0.0,-0.007476806640625,-0.00926971435546875,-0.0119781494140625,-0.0171661376953125,-0.011749267578125,-0.01617431640625,-0.0109100341796875,-0.0241851806640625,-0.00751495361328125,-0.0124359130859375,-0.0298309326171875,-0.013427734375,-0.01865386962890625,-0.0107574462890625,-0.00392913818359375,-0.0313568115234375,0.06256103515625,-0.008697509765625,0.358123779296875,0.088043212890625,0.08026123046875,0.1422119140625,0.123748779296875,0.11871337890625,0.130157470703125,0.115814208984375,0.1239013671875,0.0982666015625,-0.50262451171875,-0.50750732421875,0.11138916015625,-0.959930419921875,1.0110454559326172
268,0.3890000000000001,-0.0,-0.0,-0.0,-0.0,-0.0,-0.0,1.5867986679077148,4.421441555023193,-799.6244506835938,-252281.09375,34092.80078125,-1971.652099609375,-0.0,-0.0,-0.0,-0.0,-0.0,-0.0,-0.0,-0.0,-0.0,-0.0,-0.0,-0.0,-0.00408172607421875,-0.0023651123046875,0.00064849853515625,-0.00026702880859375,0.00064849853515625,-0.00118255615234375,-0.00301361083984375,-0.0022125244140625,0.000457763671875,-0.00225067138671875,-0.01911163330078125,0.0018310546875,-0.01369476318359375,-0.0009918212890625,0.001068115234375,-0.00072479248046875,0.095977783203125,0.239105224609375,0.13031005859375,0.076446533203125,0.06927490234375,0.115509033203125,0.108489990234375,0.177001953125,0.09002685546875,0.0738525390625,0.137939453125,0.111541748046875,-0.66558837890625,-2.9901123046875,0.684814453125,-2.752838134765625,-2.342682361602783
269,0.3895000000000001,-0.0,-0.0,-0.0,-0.0,-0.0,-0.0,1.985608458518982,5.258693695068359,-799.0328979492188,-251651.140625,33676.16015625,-1957.4403076171875,-0.0,-0.0,-0.0,-0.0,-0.0,-0.0,-0.0,-0.0,-0.0,-0.0,-0.0,-0.0,0.010528564453125,0.009307861328125,0.01224517822265625,0.01743316650390625,0.01220703125,0.0165557861328125,0.01232147216796875,0.024871826171875,0.010223388671875,0.01316070556640625,0.03131866455078125,0.015106201171875,0.02429962158203125,0.01148223876953125,0.00370025634765625,0.03131866455078125,0.093536376953125,0.178375244140625,0.107269287109375,0.096435546875,0.107421875,0.1092529296875,0.07568359375,0.096435546875,0.11138916015625,0.05523681640625,0.108795166015625,0.13580322265625,1.00433349609375,0.82489013671875,-0.00213623046875,1.46636962890625,8.023386001586914
270,0.3900000000000001,-0.0,-0.0,-0.0,-0.0,-0.0,-0.0,1.3562421798706055,5.264716625213623,-797.9981689453125,-251318.921875,33669.79296875,-1774.071533203125,-0.0,-0.0,-0.0,-0.0,-0.0,-0.0,-0.0,-0.0,-0.0,-0.0,-0.0,-0.0,0.00263214111328125,0.00049591064453125,0.00049591064453125,0.00232696533203125,0.0016021728515625,0.00274658203125,0.00244140625,0.00286102294921875,0.001678466796875,0.00385284423828125,0.01861572265625,-0.0032806396484375,0.016326904296875,0.00141143798828125,0.00316619873046875,0.00095367431640625,0.188751220703125,-0.072174072265625,0.060882568359375,0.06561279296875,0.099029541015625,0.05279541015625,0.0738525390625,0.056304931640625,0.09307861328125,0.12603759765625,0.0726318359375,0.09124755859375,0.954742431640625,3.14544677734375,-0.3790283203125,3.015594482421875,8.328269958496094
271,0.3905000000000001,-0.0,-0.0,-0.0,-0.0,-0.0,-0.0,1.2430483102798462,5.341930389404297,-797.0322265625,-250684.953125,33572.00390625,-1795.296630859375,-0.0,-0.0,-0.0,-0.0,-0.0,-0.0,-0.0,-0.0,-0.0,-0.0,-0.0,-0.0,-0.00766754150390625,-0.01026153564453125,-0.01361846923828125,-0.0182342529296875,-0.0109100341796875,-0.01613616943359375,-0.00965118408203125,-0.024261474609375,-0.0083160400390625,-0.0115203857421875,-0.03040313720703125,-0.012969970703125,-0.01903533935546875,-0.01220703125,-0.00377655029296875,-0.03116607666015625,0.20660400390625,-0.1446533203125,0.045318603515625,0.09307861328125,0.114898681640625,0.0653076171875,0.086822509765625,0.06988525390625,0.1129150390625,0.1324462890625,0.0775146484375,0.067138671875,-0.440521240234375,-0.53375244140625,0.3765869140625,-0.95916748046875,-13.9282865524292
272,0.3910000000000001,-0.0,-0.0,-0.0,-0.0,-0.0,-0.0,1.2187020778656006,5.3478240966796875,-795.5491333007812,-250478.40625,33683.2109375,-1724.9805908203125,-0.0,-0.0,-0.0,-0.0,-0.0,-0.0,-0.0,-0.0,-0.0,-0.0,-0.0,-0.0,-0.0048065185546875,-0.001068115234375,-0.00057220458984375,0.0005340576171875,0.00080108642578125,-0.00347137451171875,-0.00492095947265625,-0.0031280517578125,0.00194549560546875,-0.00553131103515625,-0.0199127197265625,0.00118255615234375,-0.01522064208984375,0.0005340576171875,0.00064849853515625,-0.00274658203125,-0.11993408203125,0.508880615234375,0.200653076171875,0.115509033203125,0.1361083984375,0.116729736328125,0.1202392578125,0.124969482421875,0.095672607421875,0.024871826171875,0.1214599609375,0.0286865234375,-0.924835205078125,-3.00811767578125,0.69061279296875,-2.813873291015625,-2.95245099067688
273,0.3915000000000001,-0.0,-0.0,-0.0,-0.0,-0.0,-0.0,0.886507511138916,5.180748462677002,-794.7760009765625,-250512.953125,33607.96875,-1469.9609375,-0.0,-0.0,-0.0,-0.0,-0.0,-0.0,-0.0,-0.0,-0.0,-0.0,-0.0,-0.0,0.01190185546875,0.0083160400390625,0.0140380859375,0.0173187255859375,0.01262664794921875,0.0182342529296875,0.01087188720703125,0.02620697021484375,0.00820159912109375,0.0168609619140625,0.032806396484375,0.01220703125,0.0211334228515625,0.0113677978515625,0.0048065185546875,0.02979278564453125,0.070648193359375,0.14373779296875,0.076446533203125,0.107421875,0.0579833984375,0.11138916015625,0.070343017578125,0.0921630859375,0.12054443359375,0.128173828125,0.109100341796875,0.12725830078125,1.211395263671875,1.13037109375,-0.5078125,1.2054443359375,10.157575607299805
274,0.3920000000000001,-0.0,-0.0,-0.0,-0.0,-0.0,-0.0,0.8138313293457031,5.431490898132324,-795.8585205078125,-250559.515625,33749.8671875,-1423.2510986328125,-0.0,-0.0,-0.0,-0.0,-0.0,-0.0,-0.0,-0.0,-0.0,-0.0,-0.0,-0.0,0.00457763671875,0.00011444091796875,0.00110626220703125,0.00118255615234375,0.00347137451171875,0.00408172607421875,0.00274658203125,0.00091552734375,0.0009918212890625,0.007171630859375,0.0188446044921875,-0.00186920166015625,0.01842498779296875,0.00026702880859375,0.00202178955078125,0.00202178955078125,0.07415771484375,0.054779052734375,0.163116455078125,0.105133056640625,-0.018310546875,0.12237548828125,0.0982666015625,0.122833251953125,0.119781494140625,0.154876708984375,0.1123046875,0.11932373046875,1.113739013671875,3.13201904296875,-0.36224365234375,2.973175048828125,12.291766166687012
275,0.3925000000000001,-0.0,-0.0,-0.0,-0.0,-0.0,-0.0,1.0758397579193115,4.178511142730713,-793.4082641601562,-250616.359375,33829.04296875,-1364.447265625,-0.0,-0.0,-0.0,-0.0,-0.0,-0.0,-0.0,-0.0,-0.0,-0.0,-0.0,-0.0,-0.00743865966796875,-0.008544921875,-0.0136566162109375,-0.0162506103515625,-0.01220703125,-0.01621246337890625,-0.00873565673828125,-0.0251007080078125,-0.0060272216796875,-0.0146484375,-0.0267791748046875,-0.0142669677734375,-0.01682281494140625,-0.01125335693359375,-0.00484466552734375,-0.031280517578125,0.01190185546875,0.114898681640625,0.13885498046875,0.086212158203125,0.16876220703125,0.10040283203125,0.107421875,0.129241943359375,0.0830078125,0.04791259765625,0.111846923828125,0.131988525390625,-0.45684814453125,-0.4193115234375,0.5120849609375,-0.811614990234375,-1.1231448650360107
276,0.3930000000000001,-0.0,-0.0,-0.0,-0.0,-0.0,-0.0,0.4984337091445923,3.8745827674865723,-794.3427124023438,-251078.78125,34020.98828125,-1254.364501953125,-0.0,-0.0,-0.0,-0.0,-0.0,-0.0,-0.0,-0.0,-0.0,-0.0,-0.0,-0.0,-0.0045013427734375,0.00011444091796875,-0.00125885009765625,-0.00213623046875,-0.00186920166015625,-0.0034332275390625,-0.00316619873046875,-0.001983642578125,-0.00148773193359375,-0.0077056884765625,-0.0197601318359375,0.0034332275390625,-0.01613616943359375,-0.0006103515625,-0.00041961669921875,-0.00308990478515625,0.311126708984375,0.030670166015625,0.117340087890625,0.09246826171875,0.092010498046875,0.093231201171875,0.096588134765625,0.071258544921875,0.10406494140625,0.05859375,0.068511962890625,0.05584716796875,-1.301422119140625,-3.01849365234375,0.76202392578125,-2.77435302734375,-2.342682361602783
277,0.3935000000000001,-0.0,-0.0,-0.0,-0.0,-0.0,-0.0,0.04712185636162758,2.7479562759399414,-795.4209594726562,-251917.609375,34286.50390625,-801.096435546875,-0.0,-0.0,-0.0,-0.0,-0.0,-0.0,-0.0,-0.0,-0.0,-0.0,-0.0,-0.0,0.0084686279296875,0.00823974609375,0.013427734375,0.01728057861328125,0.01270294189453125,0.0162506103515625,0.01003265380859375,0.02391815185546875,0.006866455078125,0.013580322265625,0.02819061279296875,0.01194000244140625,0.01926422119140625,0.01129150390625,0.0040435791015625,0.03063201904296875,-0.056610107421875,-0.287017822265625,0.06072998046875,0.08941650390625,0.029296875,0.08514404296875,0.062255859375,0.04150390625,0.092926025390625,0.1824951171875,0.073394775390625,0.12298583984375,0.631866455078125,0.6329345703125,-0.3936767578125,0.956878662109375,11.681997299194336
278,0.39400000000000013,-0.0,-0.0,-0.0,-0.0,-0.0,-0.0,-0.08432849496603012,1.5152168273925781,-796.0289306640625,-252868.1875,34964.46875,-666.5022583007812,-0.0,-0.0,-0.0,-0.0,-0.0,-0.0,-0.0,-0.0,-0.0,-0.0,-0.0,-0.0,0.0034332275390625,0.005035400390625,0.00225067138671875,0.00209808349609375,0.001068115234375,0.00225067138671875,0.00614166259765625,0.00392913818359375,0.00202178955078125,0.00331878662109375,0.01880645751953125,-3.814697265625e-05,0.01911163330078125,0.00217437744140625,-0.0005340576171875,0.0034332275390625,-0.0787353515625,0.49346923828125,0.096893310546875,0.1141357421875,0.14495849609375,0.113677978515625,0.108642578125,0.126495361328125,0.096588134765625,0.080108642578125,0.15594482421875,0.114593505859375,0.955810546875,3.13751220703125,-0.406494140625,3.07098388671875,8.93803882598877
279,0.39450000000000013,-0.0,-0.0,-0.0,-0.0,-0.0,-0.0,-0.549521267414093,-0.1550636887550354,-795.1564331054688,-253568.359375,35410.5078125,-586.3755493164062,-0.0,-0.0,-0.0,-0.0,-0.0,-0.0,-0.0,-0.0,-0.0,-0.0,-0.0,-0.0,-0.00743865966796875,-0.0086212158203125,-0.01255035400390625,-0.01743316650390625,-0.01331329345703125,-0.01522064208984375,-0.0096893310546875,-0.0229644775390625,-0.0099945068359375,-0.011444091796875,-0.02532958984375,-0.01323699951171875,-0.01445770263671875,-0.011138916015625,-0.00514984130859375,-0.030670166015625,0.16387939453125,0.164642333984375,0.11627197265625,0.10955810546875,0.20294189453125,0.1214599609375,0.10772705078125,0.122528076171875,0.088958740234375,-0.022125244140625,0.10711669921875,0.1031494140625,-0.56549072265625,-0.18341064453125,0.40863037109375,-0.39581298828125,-0.5133762359619141
280,0.39500000000000013,-0.0,-0.0,-0.0,-0.0,-0.0,-0.0,-1.0797219276428223,-1.9277881383895874,-795.2301635742188,-254298.84375,35704.6015625,-235.22515869140625,-0.0,-0.0,-0.0,-0.0,-0.0,-0.0,-0.0,-0.0,-0.0,-0.0,-0.0,-0.0,-0.0035858154296875,-0.00362396240234375,-0.00209808349609375,-0.00179290771484375,0.00080108642578125,-0.0023651123046875,-0.005035400390625,-0.00408172607421875,-0.00030517578125,-0.0041961669921875,-0.02025604248046875,-0.001373291015625,-0.01644134521484375,-0.0006103515625,0.00080108642578125,-0.00213623046875,0.2227783203125,0.062713623046875,0.106964111328125,0.09063720703125,-0.06988525390625,0.08758544921875,0.09735107421875,0.09613037109375,0.100860595703125,0.189056396484375,0.08026123046875,0.07080078125,-0.895233154296875,-3.01513671875,0.3399658203125,-2.761993408203125,-1.732913613319397
281,0.39550000000000013,-0.0,-0.0,-0.0,-0.0,-0.0,-0.0,-1.478650450706482,-3.106222152709961,-793.8956298828125,-254374.828125,36228.87109375,-220.73133850097656,-0.0,-0.0,-0.0,-0.0,-0.0,-0.0,-0.0,-0.0,-0.0,-0.0,-0.0,-0.0,0.00888824462890625,0.0099945068359375,0.01377105712890625,0.01850128173828125,0.01255035400390625,0.01617431640625,0.00965118408203125,0.02445220947265625,0.007781982421875,0.013885498046875,0.02899169921875,0.0135040283203125,0.01865386962890625,0.01033782958984375,0.0058746337890625,0.02971649169921875,0.142822265625,0.13671875,0.10955810546875,0.114288330078125,0.13397216796875,0.104522705078125,0.1177978515625,0.086517333984375,0.1251220703125,0.09796142578125,0.10772705078125,0.08087158203125,0.637054443359375,0.58349609375,-0.245361328125,1.065216064453125,11.681997299194336
282,0.39600000000000013,-0.0,-0.0,-0.0,-0.0,-0.0,-0.0,-2.1964619159698486,-4.019503593444824,-791.627197265625,-253909.65625,36283.37109375,144.9152374267578,-0.0,-0.0,-0.0,-0.0,-0.0,-0.0,-0.0,-0.0,-0.0,-0.0,-0.0,-0.0,0.0026702880859375,0.00446319580078125,0.000457763671875,0.001220703125,0.002288818359375,0.0031280517578125,0.00431060791015625,0.00247955322265625,0.001983642578125,0.00492095947265625,0.02147674560546875,-0.00102996826171875,0.01651763916015625,0.001678466796875,0.00141143798828125,0.00415802001953125,0.26275634765625,-0.180511474609375,0.074615478515625,0.081329345703125,0.330352783203125,0.104522705078125,0.06011962890625,0.078887939453125,0.10223388671875,0.01495361328125,0.074462890625,0.084075927734375,0.85052490234375,3.15673828125,-0.3662109375,3.097686767578125,11.07222843170166
283,0.39650000000000013,-0.0,-0.0,-0.0,-0.0,-0.0,-0.0,-2.0310070514678955,-4.27825927734375,-788.2811279296875,-254002.90625,36105.23046875,508.0829162597656,-0.0,-0.0,-0.0,-0.0,-0.0,-0.0,-0.0,-0.0,-0.0,-0.0,-0.0,-0.0,-0.008544921875,-0.00812530517578125,-0.01369476318359375,-0.016937255859375,-0.0096893310546875,-0.0164031982421875,-0.0067901611328125,-0.02613067626953125,-0.00728607177734375,-0.0099945068359375,-0.0269317626953125,-0.01068115234375,-0.01392364501953125,-0.00988006591796875,-0.005035400390625,-0.0302886962890625,0.03631591796875,0.132293701171875,0.03143310546875,0.107269287109375,0.08209228515625,0.07537841796875,0.11199951171875,0.100555419921875,0.09552001953125,0.1165771484375,0.062408447265625,0.13824462890625,-0.10894775390625,-0.3155517578125,0.60028076171875,-0.32745361328125,2.8403513431549072
284,0.39700000000000013,-0.0,-0.0,-0.0,-0.0,-0.0,-0.0,-1.644339919090271,-4.859623432159424,-785.47216796875,-254167.34375,35890.1640625,419.8088684082031,-0.0,-0.0,-0.0,-0.0,-0.0,-0.0,-0.0,-0.0,-0.0,-0.0,-0.0,-0.0,-0.00286102294921875,-0.0014495849609375,0.00034332275390625,-0.0009918212890625,-0.0023651123046875,-0.00171661376953125,-0.00453948974609375,-0.0040435791015625,-0.00091552734375,-0.0054168701171875,-0.01956939697265625,-0.0011444091796875,-0.01575469970703125,-0.0002288818359375,-0.0023651123046875,-0.00415802001953125,0.019073486328125,0.37017822265625,-0.0225830078125,0.098114013671875,0.0762939453125,0.083465576171875,0.095062255859375,0.127105712890625,0.101470947265625,0.108642578125,0.12420654296875,0.09368896484375,-0.641937255859375,-2.99652099609375,0.50048828125,-2.825927734375,-3.2573351860046387
285,0.39750000000000013,-0.0,-0.0,-0.0,-0.0,-0.0,-0.0,-1.5708985328674316,-4.6812872886657715,-783.706298828125,-254136.328125,35721.6015625,287.7359619140625,-0.0,-0.0,-0.0,-0.0,-0.0,-0.0,-0.0,-0.0,-0.0,-0.0,-0.0,-0.0,0.00789642333984375,0.00911712646484375,0.013275146484375,0.018310546875,0.01277923583984375,0.015716552734375,0.00946044921875,0.0238800048828125,0.00873565673828125,0.0118255615234375,0.030364990234375,0.01178741455078125,0.0177001953125,0.01068115234375,0.004425048828125,0.0304412841796875,0.059814453125,0.076446533203125,0.29571533203125,0.084991455078125,0.082244873046875,0.09857177734375,0.09307861328125,0.102386474609375,0.09307861328125,0.11260986328125,0.11138916015625,0.094757080078125,0.705718994140625,0.758056640625,-0.30364990234375,0.902862548828125,9.547806739807129
286,0.39800000000000013,-0.0,-0.0,-0.0,-0.0,-0.0,-0.0,-0.8531022667884827,-5.262425422668457,-783.3383178710938,-254386.40625,35197.7890625,260.3376770019531,-0.0,-0.0,-0.0,-0.0,-0.0,-0.0,-0.0,-0.0,-0.0,-0.0,-0.0,-0.0,0.00316619873046875,0.00026702880859375,0.00370025634765625,0.00423431396484375,0.0020599365234375,0.00377655029296875,0.00370025634765625,0.00514984130859375,0.00110626220703125,0.0069427490234375,0.0211334228515625,-0.00133514404296875,0.01537322998046875,0.00141143798828125,0.001068115234375,0.00354766845703125,-0.030975341796875,0.04180908203125,0.160980224609375,0.102386474609375,0.063018798828125,0.113067626953125,0.0958251953125,0.1068115234375,0.1190185546875,0.04974365234375,0.124053955078125,0.1116943359375,1.207733154296875,3.16253662109375,-0.51666259765625,3.159027099609375,9.24292278289795
287,0.39850000000000013,-0.0,-0.0,-0.0,-0.0,-0.0,-0.0,-0.4852495789527893,-5.618817329406738,-782.0812377929688,-254502.609375,34893.43359375,287.9718933105469,-0.0,-0.0,-0.0,-0.0,-0.0,-0.0,-0.0,-0.0,-0.0,-0.0,-0.0,-0.0,-0.00614166259765625,-0.00949859619140625,-0.01300811767578125,-0.0152587890625,-0.01262664794921875,-0.01293182373046875,-0.00881195068359375,-0.024261474609375,-0.0078582763671875,-0.01354217529296875,-0.024261474609375,-0.01552581787109375,-0.0139617919921875,-0.0116729736328125,-0.003204345703125,-0.0312042236328125,0.325164794921875,0.09307861328125,0.072479248046875,0.106201171875,0.08056640625,0.100555419921875,0.11199951171875,0.100860595703125,0.082244873046875,0.14312744140625,0.065765380859375,0.05096435546875,-0.272064208984375,-0.2783203125,0.230712890625,-0.4864501953125,-1.4280292987823486
288,0.39900000000000013,-0.0,-0.0,-0.0,-0.0,-0.0,-0.0,0.26073017716407776,-5.6014251708984375,-780.7520751953125,-254522.328125,34415.4921875,141.5887451171875,-0.0,-0.0,-0.0,-0.0,-0.0,-0.0,-0.0,-0.0,-0.0,-0.0,-0.0,-0.0,-0.00507354736328125,-0.00202178955078125,-0.00080108642578125,-0.00171661376953125,-0.00041961669921875,-0.0049591064453125,-0.00274658203125,-0.00476837158203125,-0.000762939453125,-0.0049591064453125,-0.01987457275390625,-0.00110626220703125,-0.01911163330078125,0.00087738037109375,-0.000152587890625,-0.003814697265625,-0.007781982421875,0.11932373046875,0.076904296875,0.0909423828125,0.026397705078125,0.083770751953125,0.102081298828125,0.086212158203125,0.081329345703125,0.126190185546875,0.1177978515625,0.058441162109375,-1.01165771484375,-2.98736572265625,0.438232421875,-2.873687744140625,-2.95245099067688
289,0.39950000000000013,-0.0,-0.0,-0.0,-0.0,-0.0,-0.0,1.209296464920044,-6.816825866699219,-778.7356567382812,-254760.609375,33784.55078125,106.78762817382812,-0.0,-0.0,-0.0,-0.0,-0.0,-0.0,-0.0,-0.0,-0.0,-0.0,-0.0,-0.0,0.0103759765625,0.00751495361328125,0.01354217529296875,0.016937255859375,0.0125885009765625,0.01621246337890625,0.0087738037109375,0.02655029296875,0.008392333984375,0.014190673828125,0.028228759765625,0.01373291015625,0.01689910888671875,0.01194000244140625,0.005645751953125,0.0311279296875,0.059814453125,0.06134033203125,0.1214599609375,0.1068115234375,0.01708984375,0.13519287109375,0.1019287109375,0.114898681640625,0.099639892578125,0.086669921875,0.1336669921875,0.121612548828125,0.54595947265625,0.8013916015625,-0.2630615234375,0.78643798828125,8.328269958496094
290,0.40000000000000013,-0.0,-0.0,-0.0,-0.0,-0.0,-0.0,1.5102320909500122,-7.843475341796875,-776.9832763671875,-254727.78125,33183.77734375,-34.96018981933594,-0.0,-0.0,-0.0,-0.0,-0.0,-0.0,-0.0,-0.0,-0.0,-0.0,-0.0,-0.0,0.00446319580078125,0.0028228759765625,0.0012969970703125,0.0020599365234375,0.00293731689453125,0.00331878662109375,0.00598907470703125,0.00507354736328125,0.001678466796875,0.00377655029296875,0.02056121826171875,0.00461578369140625,0.019378662109375,0.00148773193359375,-0.0016021728515625,0.0046539306640625,0.1513671875,0.06988525390625,0.096588134765625,0.10284423828125,0.151824951171875,0.11016845703125,0.10223388671875,0.095977783203125,0.088348388671875,0.05828857421875,0.095062255859375,0.0927734375,1.024322509765625,3.1939697265625,-0.0518798828125,3.1549072265625,10.4624605178833
291,0.40050000000000013,-0.0,-0.0,-0.0,-0.0,-0.0,-0.0,2.946965217590332,-9.0852689743042,-776.3134155273438,-255094.65625,32504.130859375,-331.76904296875,-0.0,-0.0,-0.0,-0.0,-0.0,-0.0,-0.0,-0.0,-0.0,-0.0,-0.0,-0.0,-0.00667572021484375,-0.00705718994140625,-0.0127410888671875,-0.01678466796875,-0.01308441162109375,-0.0141143798828125,-0.01041412353515625,-0.02349853515625,-0.0089263916015625,-0.010528564453125,-0.0278472900390625,-0.015716552734375,-0.0145721435546875,-0.0122833251953125,-0.00392913818359375,-0.0304412841796875,0.163116455078125,0.011444091796875,0.05828857421875,0.1019287109375,0.177001953125,0.081329345703125,0.112457275390625,0.100860595703125,0.128326416015625,0.002899169921875,0.088043212890625,0.07843017578125,-0.546112060546875,-0.40496826171875,0.18402099609375,-0.23651123046875,0.09639240801334381
292,0.40100000000000013,-0.0,-0.0,-0.0,-0.0,-0.0,-0.0,4.463414192199707,-11.190194129943848,-774.66015625,-255721.671875,31558.50390625,-663.9036865234375,-0.0,-0.0,-0.0,-0.0,-0.0,-0.0,-0.0,-0.0,-0.0,-0.0,-0.0,-0.0,-0.00164031982421875,-0.00102996826171875,-0.0014495849609375,-0.00270843505859375,-0.0018310546875,-0.00400543212890625,-0.00431060791015625,-0.0052642822265625,0.00072479248046875,-0.006103515625,-0.02155303955078125,0.00011444091796875,-0.015411376953125,-0.00110626220703125,-0.00217437744140625,-0.00492095947265625,0.05859375,0.18310546875,0.077056884765625,0.09674072265625,0.12054443359375,0.100860595703125,0.082855224609375,0.091705322265625,0.07843017578125,0.135955810546875,0.076141357421875,0.104522705078125,-1.02691650390625,-2.9998779296875,0.618896484375,-2.86041259765625,-0.8182606101036072
293,0.40150000000000013,-0.0,-0.0,-0.0,-0.0,-0.0,-0.0,6.023078441619873,-13.231761932373047,-777.89501953125,-256718.46875,30915.8125,-1255.499755859375,-0.0,-0.0,-0.0,-0.0,-0.0,-0.0,-0.0,-0.0,-0.0,-0.0,-0.0,-0.0,0.009765625,0.0078582763671875,0.01407623291015625,0.01667022705078125,0.01251220703125,0.01495361328125,0.010528564453125,0.02483367919921875,0.0089263916015625,0.01468658447265625,0.02803802490234375,0.0139617919921875,0.015716552734375,0.01216888427734375,0.00568389892578125,0.0304412841796875,0.146026611328125,0.057525634765625,0.105133056640625,0.113525390625,0.0775146484375,0.11322021484375,0.09918212890625,0.084991455078125,0.072174072265625,0.03570556640625,0.10406494140625,0.100555419921875,0.693206787109375,0.67108154296875,-0.3143310546875,0.787200927734375,9.24292278289795
294,0.40200000000000014,-0.0,-0.0,-0.0,-0.0,-0.0,-0.0,7.1827392578125,-15.694704055786133,-777.8839721679688,-257406.0625,29947.7109375,-1758.26953125,-0.0,-0.0,-0.0,-0.0,-0.0,-0.0,-0.0,-0.0,-0.0,-0.0,-0.0,-0.0,0.00415802001953125,0.00202178955078125,0.00110626220703125,0.00400543212890625,0.00396728515625,0.0040435791015625,0.00499725341796875,0.00335693359375,0.00202178955078125,0.00621795654296875,0.02208709716796875,-0.00034332275390625,0.0196075439453125,0.00141143798828125,0.00019073486328125,0.00522613525390625,0.09490966796875,0.1702880859375,0.118408203125,0.084991455078125,0.119781494140625,0.06561279296875,0.09033203125,0.08575439453125,0.079498291015625,0.1263427734375,0.09185791015625,0.12939453125,0.861663818359375,3.2061767578125,-0.49072265625,3.1011962890625,-2.342682361602783
295,0.40250000000000014,-0.0,-0.0,-0.0,-0.0,-0.0,-0.0,8.515917778015137,-16.530006408691406,-777.9129028320312,-257362.890625,29243.677734375,-2195.30322265625,-0.0,-0.0,-0.0,-0.0,-0.0,-0.0,-0.0,-0.0,-0.0,-0.0,-0.0,-0.0,-0.00690460205078125,-0.00988006591796875,-0.01300811767578125,-0.01674652099609375,-0.01049041748046875,-0.0146484375,-0.009613037109375,-0.0238037109375,-0.00827789306640625,-0.011444091796875,-0.025634765625,-0.01373291015625,-0.01338958740234375,-0.010528564453125,-0.00392913818359375,-0.030059814453125,0.151214599609375,0.290679931640625,0.079498291015625,0.086822509765625,0.002899169921875,0.09002685546875,0.087432861328125,0.1123046875,0.12176513671875,0.11199951171875,0.1226806640625,0.124969482421875,-0.25115966796875,-0.28076171875,0.27557373046875,-0.21087646484375,1.0110454559326172
296,0.40300000000000014,-0.0,-0.0,-0.0,-0.0,-0.0,-0.0,9.284799575805664,-17.113037109375,-778.76171875,-257729.984375,28634.0,-2503.31005859375,-0.0,-0.0,-0.0,-0.0,-0.0,-0.0,-0.0,-0.0,-0.0,-0.0,-0.0,-0.0,-0.00225067138671875,-0.00186920166015625,-0.003814697265625,-0.0011444091796875,-0.00019073486328125,-0.001983642578125,-0.004425048828125,-0.00682830810546875,-0.00030517578125,-0.0017547607421875,-0.019989013671875,0.00125885009765625,-0.0154876708984375,-0.00240325927734375,-0.00347137451171875,-0.0042724609375,0.28839111328125,-0.130157470703125,0.02227783203125,0.1019287109375,0.06744384765625,0.1129150390625,0.089263916015625,0.103302001953125,0.063018798828125,0.137939453125,0.080718994140625,0.106658935546875,-0.3277587890625,-3.006591796875,0.67840576171875,-2.861328125,-4.78175687789917
297,0.40350000000000014,-0.0,-0.0,-0.0,-0.0,-0.0,-0.0,9.280048370361328,-17.06093406677246,-777.4957885742188,-257969.671875,27956.68359375,-2471.808837890625,-0.0,-0.0,-0.0,-0.0,-0.0,-0.0,-0.0,-0.0,-0.0,-0.0,-0.0,-0.0,0.00946044921875,0.00942230224609375,0.01392364501953125,0.0159454345703125,0.01384735107421875,0.01583099365234375,0.01041412353515625,0.02475738525390625,0.00690460205078125,0.011749267578125,0.025482177734375,0.014495849609375,0.01934051513671875,0.01277923583984375,0.00591278076171875,0.0298309326171875,-0.0390625,0.229034423828125,0.222625732421875,0.0897216796875,0.203704833984375,0.08697509765625,0.1092529296875,0.091552734375,0.138702392578125,0.142974853515625,0.065460205078125,0.095062255859375,0.594635009765625,0.5517578125,-0.076904296875,1.262359619140625,11.07222843170166
298,0.40400000000000014,-0.0,-0.0,-0.0,-0.0,-0.0,-0.0,8.244881629943848,-17.021883010864258,-777.3489990234375,-257532.890625,27548.27734375,-2471.556640625,-0.0,-0.0,-0.0,-0.0,-0.0,-0.0,-0.0,-0.0,-0.0,-0.0,-0.0,-0.0,0.00278472900390625,0.0011444091796875,0.00225067138671875,0.0034332275390625,0.0020599365234375,0.00110626220703125,0.00545501708984375,0.00701904296875,-0.0006103515625,0.00152587890625,0.02166748046875,0.0005340576171875,0.0160980224609375,0.00057220458984375,0.00087738037109375,0.00461578369140625,-0.069427490234375,0.067901611328125,0.126190185546875,0.11199951171875,0.0421142578125,0.113525390625,0.098724365234375,0.102081298828125,0.04119873046875,0.06134033203125,0.12451171875,0.07904052734375,0.619049072265625,3.218994140625,-0.49163818359375,2.84759521484375,9.852691650390625
299,0.40450000000000014,-0.0,-0.0,-0.0,-0.0,-0.0,-0.0,7.043888568878174,-16.938514709472656,-775.568359375,-256828.671875,27300.9453125,-2002.75634765625,-0.0,-0.0,-0.0,-0.0,-0.0,-0.0,-0.0,-0.0,-0.0,-0.0,-0.0,-0.0,-0.0069427490234375,-0.00804901123046875,-0.014190673828125,-0.0168609619140625,-0.012359619140625,-0.01476287841796875,-0.01056671142578125,-0.02227783203125,-0.00713348388671875,-0.01068115234375,-0.0267791748046875,-0.01689910888671875,-0.01369476318359375,-0.0121307373046875,-0.00408172607421875,-0.030670166015625,0.166473388671875,-0.023345947265625,0.19927978515625,0.1025390625,0.10162353515625,0.12359619140625,0.103759765625,0.108642578125,0.112457275390625,0.06683349609375,0.13275146484375,0.081329345703125,-0.21636962890625,-0.40618896484375,0.13916015625,-0.498504638671875,-2.342682361602783
300,0.40500000000000014,-0.0,-0.0,-0.0,-0.0,-0.0,-0.0,5.261678695678711,-16.359777450561523,-772.2245483398438,-255580.65625,27131.314453125,-1535.19482421875,-0.0,-0.0,-0.0,-0.0,-0.0,-0.0,-0.0,-0.0,-0.0,-0.0,-0.0,-0.0,-0.0029754638671875,3.814697265625e-05,-0.00179290771484375,-0.00125885009765625,-0.00194549560546875,-0.003814697265625,-0.0046539306640625,-0.00568389892578125,0.0006103515625,-0.0032806396484375,-0.0206756591796875,-0.00102996826171875,-0.01697540283203125,-0.000457763671875,-0.00034332275390625,-0.0041961669921875,0.028839111328125,0.323333740234375,0.087127685546875,0.0848388671875,0.089569091796875,0.09796142578125,0.101470947265625,0.106201171875,0.10528564453125,0.088348388671875,0.0933837890625,0.077667236328125,-0.569915771484375,-3.0010986328125,0.75164794921875,-2.808990478515625,-3.5622196197509766
301,0.40550000000000014,-0.0,-0.0,-0.0,-0.0,-0.0,-0.0,3.745250940322876,-15.638412475585938,-769.7525024414062,-254543.5,26981.65234375,-1094.0360107421875,-0.0,-0.0,-0.0,-0.0,-0.0,-0.0,-0.0,-0.0,-0.0,-0.0,-0.0,-0.0,0.009307861328125,0.00774383544921875,0.0135040283203125,0.01560211181640625,0.01407623291015625,0.014495849609375,0.011444091796875,0.02468109130859375,0.00797271728515625,0.01399993896484375,0.02899169921875,0.0142669677734375,0.01514434814453125,0.0133514404296875,0.00415802001953125,0.03200531005859375,0.269927978515625,0.053558349609375,0.0115966796875,0.0933837890625,0.106353759765625,0.091552734375,0.0909423828125,0.0927734375,0.07080078125,0.147857666015625,0.098724365234375,0.0909423828125,0.984954833984375,0.91766357421875,-0.264892578125,0.7672119140625,10.4624605178833
302,0.40600000000000014,-0.0,-0.0,-0.0,-0.0,-0.0,-0.0,2.8108508586883545,-15.374275207519531,-765.6997680664062,-253789.703125,26715.248046875,-920.1704711914062,-0.0,-0.0,-0.0,-0.0,-0.0,-0.0,-0.0,-0.0,-0.0,-0.0,-0.0,-0.0,0.00377655029296875,0.002899169921875,0.00453948974609375,0.003509521484375,0.00118255615234375,0.0045013427734375,0.00377655029296875,0.0069427490234375,0.000457763671875,0.00408172607421875,0.02147674560546875,-0.00171661376953125,0.015716552734375,0.00240325927734375,0.003814697265625,0.00377655029296875,-0.001068115234375,0.2386474609375,0.149688720703125,0.091400146484375,0.104827880859375,0.090484619140625,0.08819580078125,0.092620849609375,0.111846923828125,0.096588134765625,0.0836181640625,0.0897216796875,0.892791748046875,3.18603515625,-0.538330078125,2.78411865234375,6.803847789764404
303,0.40650000000000014,-0.0,-0.0,-0.0,-0.0,-0.0,-0.0,2.0052707195281982,-15.109566688537598,-764.4658203125,-252923.8125,26343.09375,-815.429931640625,-0.0,-0.0,-0.0,-0.0,-0.0,-0.0,-0.0,-0.0,-0.0,-0.0,-0.0,-0.0,-0.00789642333984375,-0.00865936279296875,-0.01247406005859375,-0.01651763916015625,-0.0128936767578125,-0.0171661376953125,-0.00690460205078125,-0.0243377685546875,-0.00675201416015625,-0.0119781494140625,-0.02532958984375,-0.01415252685546875,-0.01445770263671875,-0.01186370849609375,-0.0048828125,-0.02960205078125,0.121917724609375,0.0421142578125,0.0592041015625,0.10345458984375,0.098876953125,0.106964111328125,0.107269287109375,0.1080322265625,0.108184814453125,0.131988525390625,0.083770751953125,0.081939697265625,-0.485992431640625,-0.191650390625,0.33233642578125,-0.323486328125,-0.5133762359619141
304,0.40700000000000014,-0.0,-0.0,-0.0,-0.0,-0.0,-0.0,1.2489471435546875,-15.19615650177002,-762.5200805664062,-252140.46875,26214.9609375,-683.7094116210938,-0.0,-0.0,-0.0,-0.0,-0.0,-0.0,-0.0,-0.0,-0.0,-0.0,-0.0,-0.0,-0.0031280517578125,-0.001678466796875,-0.0005340576171875,-0.003204345703125,-0.00476837158203125,-0.00377655029296875,-0.0025177001953125,-0.00408172607421875,-0.00091552734375,-0.006561279296875,-0.0215911865234375,0.00091552734375,-0.01331329345703125,-0.0008392333984375,0.0028228759765625,-0.00396728515625,0.119781494140625,0.220489501953125,0.081329345703125,0.09857177734375,0.09124755859375,0.1019287109375,0.1068115234375,0.09429931640625,0.11810302734375,0.0567626953125,0.133819580078125,0.094451904296875,-0.966033935546875,-3.01910400390625,0.8929443359375,-2.371063232421875,0.09639240801334381
305,0.40750000000000014,-0.0,-0.0,-0.0,-0.0,-0.0,-0.0,0.6705926656723022,-15.734036445617676,-761.6304931640625,-251705.859375,25881.611328125,-479.8315124511719,-0.0,-0.0,-0.0,-0.0,-0.0,-0.0,-0.0,-0.0,-0.0,-0.0,-0.0,-0.0,0.0074005126953125,0.00835418701171875,0.01312255859375,0.01697540283203125,0.01354217529296875,0.016021728515625,0.0087738037109375,0.02353668212890625,0.00743865966796875,0.01148223876953125,0.0272369384765625,0.0142669677734375,0.01796722412109375,0.01190185546875,0.00537872314453125,0.03021240234375,0.073394775390625,-0.01495361328125,0.115509033203125,0.113983154296875,0.106658935546875,0.1141357421875,0.10040283203125,0.107879638671875,0.055999755859375,0.0701904296875,0.1055908203125,0.10406494140625,0.880889892578125,0.4156494140625,-0.159912109375,1.01470947265625,8.633153915405273
306,0.40800000000000014,-0.0,-0.0,-0.0,-0.0,-0.0,-0.0,0.1324988603591919,-15.509567260742188,-759.7005004882812,-251245.765625,25642.349609375,-407.5447998046875,-0.0,-0.0,-0.0,-0.0,-0.0,-0.0,-0.0,-0.0,-0.0,-0.0,-0.0,-0.0,0.00518798828125,0.00133514404296875,0.00244140625,0.00232696533203125,0.002899169921875,0.0020599365234375,0.0038909912109375,0.0080108642578125,0.0006866455078125,0.00316619873046875,0.02056121826171875,0.00026702880859375,0.01399993896484375,0.0035858154296875,0.00064849853515625,0.00560760498046875,0.2978515625,-0.01800537109375,0.101165771484375,0.100555419921875,0.10589599609375,0.100860595703125,0.10955810546875,0.099945068359375,0.081634521484375,0.061492919921875,0.0872802734375,0.1092529296875,0.76934814453125,3.1976318359375,-0.60943603515625,2.551116943359375,-1.4280292987823486
307,0.40850000000000014,-0.0,-0.0,-0.0,-0.0,-0.0,-0.0,0.356842041015625,-14.839850425720215,-760.0375366210938,-250679.34375,25127.115234375,-406.0839538574219,-0.0,-0.0,-0.0,-0.0,-0.0,-0.0,-0.0,-0.0,-0.0,-0.0,-0.0,-0.0,-0.008087158203125,-0.0079345703125,-0.01392364501953125,-0.01583099365234375,-0.0128936767578125,-0.01537322998046875,-0.01033782958984375,-0.0228118896484375,-0.00690460205078125,-0.01407623291015625,-0.0255584716796875,-0.01369476318359375,-0.0151824951171875,-0.01087188720703125,-0.0054931640625,-0.029449462890625,0.137481689453125,-0.002593994140625,0.05279541015625,0.083770751953125,0.088043212890625,0.074920654296875,0.095367431640625,0.07965087890625,0.103607177734375,0.098876953125,0.120391845703125,0.12298583984375,-0.52459716796875,-0.21636962890625,0.48309326171875,-0.36285400390625,-1.732913613319397
308,0.40900000000000014,-0.0,-0.0,-0.0,-0.0,-0.0,-0.0,0.17784421145915985,-14.035445213317871,-758.810546875,-250151.671875,24643.943359375,-537.4232177734375,-0.0,-0.0,-0.0,-0.0,-0.0,-0.0,-0.0,-0.0,-0.0,-0.0,-0.0,-0.0,-0.00354766845703125,-0.00095367431640625,-0.00148773193359375,-0.003814697265625,-0.0023651123046875,-0.0037384033203125,-0.0019073486328125,-0.00568389892578125,-0.00072479248046875,-0.003509521484375,-0.02262115478515625,-0.00156402587890625,-0.01743316650390625,-0.000762939453125,0.00156402587890625,-0.00484466552734375,0.205078125,0.32073974609375,0.100555419921875,0.089111328125,0.109405517578125,0.089874267578125,0.08544921875,0.086212158203125,0.1055908203125,0.1092529296875,0.0799560546875,0.120086669921875,-0.604400634765625,-3.0267333984375,0.51849365234375,-2.8143310546875,-3.2573351860046387
309,0.40950000000000014,-0.0,-0.0,-0.0,-0.0,-0.0,-0.0,0.22367829084396362,-12.968255996704102,-758.8045654296875,-250417.21875,24057.861328125,-521.68359375,-0.0,-0.0,-0.0,-0.0,-0.0,-0.0,-0.0,-0.0,-0.0,-0.0,-0.0,-0.0,0.01064300537109375,0.0075531005859375,0.0144195556640625,0.01689910888671875,0.01220703125,0.0160980224609375,0.008544921875,0.02338409423828125,0.00614166259765625,0.01331329345703125,0.0262451171875,0.01277923583984375,0.01544952392578125,0.01220703125,0.00446319580078125,0.0298309326171875,-0.1812744140625,-0.189361572265625,0.035400390625,0.0836181640625,0.116424560546875,0.070343017578125,0.08636474609375,0.103912353515625,0.103759765625,0.121917724609375,0.08453369140625,0.127410888671875,0.711669921875,0.67413330078125,-0.3253173828125,0.715789794921875,8.023386001586914
310,0.41000000000000014,-0.0,-0.0,-0.0,-0.0,-0.0,-0.0,0.6233038902282715,-12.522382736206055,-757.92529296875,-249903.53125,23610.27734375,-580.1156616210938,-0.0,-0.0,-0.0,-0.0,-0.0,-0.0,-0.0,-0.0,-0.0,-0.0,-0.0,-0.0,0.002288818359375,0.00202178955078125,0.0025177001953125,0.0054931640625,0.0037384033203125,0.00186920166015625,0.0040435791015625,0.005340576171875,0.00247955322265625,0.00324249267578125,0.02361297607421875,0.00110626220703125,0.0142669677734375,0.00179290771484375,-0.0005340576171875,0.00789642333984375,0.0286865234375,0.0970458984375,0.086517333984375,0.109405517578125,0.086212158203125,0.107574462890625,0.091552734375,0.0677490234375,0.0970458984375,0.069122314453125,0.12664794921875,0.084228515625,0.716552734375,3.18206787109375,-0.3460693359375,2.485198974609375,11.681997299194336
311,0.41050000000000014,-0.0,-0.0,-0.0,-0.0,-0.0,-0.0,0.8477445840835571,-11.453012466430664,-757.39404296875,-249359.015625,23005.02734375,-652.9991455078125,-0.0,-0.0,-0.0,-0.0,-0.0,-0.0,-0.0,-0.0,-0.0,-0.0,-0.0,-0.0,-0.00713348388671875,-0.009002685546875,-0.0121307373046875,-0.01800537109375,-0.0102996826171875,-0.0162506103515625,-0.0063323974609375,-0.0238800048828125,-0.0074005126953125,-0.011749267578125,-0.0241851806640625,-0.01373291015625,-0.01354217529296875,-0.01010894775390625,-0.0048065185546875,-0.0293731689453125,0.128173828125,0.302886962890625,0.21209716796875,0.10589599609375,0.107574462890625,0.108184814453125,0.101318359375,0.10162353515625,0.08209228515625,0.15228271484375,0.1068115234375,0.094757080078125,-0.491943359375,-0.1666259765625,0.384521484375,-0.20904541015625,-1.732913613319397
312,0.41100000000000014,-0.0,-0.0,-0.0,-0.0,-0.0,-0.0,1.025908350944519,-9.848896980285645,-754.3924560546875,-248474.28125,22718.736328125,-666.1995239257812,-0.0,-0.0,-0.0,-0.0,-0.0,-0.0,-0.0,-0.0,-0.0,-0.0,-0.0,-0.0,-0.00461578369140625,-0.001373291015625,-0.0031280517578125,-0.00469207763671875,-0.0020599365234375,-0.00324249267578125,-0.0028228759765625,-0.006103515625,-0.0012969970703125,-0.00606536865234375,-0.02292633056640625,0.00049591064453125,-0.01567840576171875,-0.00030517578125,-0.00026702880859375,-0.00705718994140625,0.088043212890625,0.203857421875,0.099334716796875,0.09185791015625,0.092315673828125,0.090789794921875,0.104827880859375,0.103302001953125,0.092620849609375,0.0921630859375,0.09674072265625,0.0714111328125,-0.7598876953125,-3.03924560546875,0.65673828125,-2.660980224609375,1.3159297704696655
313,0.41150000000000014,-0.0,-0.0,-0.0,-0.0,-0.0,-0.0,1.0708025693893433,-9.225065231323242,-752.9796142578125,-247836.171875,22249.33203125,-680.28076171875,-0.0,-0.0,-0.0,-0.0,-0.0,-0.0,-0.0,-0.0,-0.0,-0.0,-0.0,-0.0,0.009918212890625,0.00965118408203125,0.01495361328125,0.0176239013671875,0.01125335693359375,0.0171661376953125,0.00659942626953125,0.0258636474609375,0.00759124755859375,0.01407623291015625,0.0244140625,0.01392364501953125,0.01781463623046875,0.01026153564453125,0.0061798095703125,0.0287628173828125,0.21575927734375,0.04730224609375,0.09246826171875,0.103607177734375,0.0482177734375,0.1116943359375,0.1171875,0.097503662109375,0.108489990234375,0.12542724609375,0.084075927734375,0.086517333984375,0.61737060546875,0.28472900390625,-0.3643798828125,0.748748779296875,10.76734447479248
314,0.41200000000000014,-0.0,-0.0,-0.0,-0.0,-0.0,-0.0,1.6505286693572998,-8.333827018737793,-752.451416015625,-247483.453125,21812.310546875,-650.50732421875,-0.0,-0.0,-0.0,-0.0,-0.0,-0.0,-0.0,-0.0,-0.0,-0.0,-0.0,-0.0,0.00385284423828125,0.00247955322265625,0.0016021728515625,0.00499725341796875,0.003204345703125,0.00362396240234375,0.005340576171875,0.00560760498046875,0.001220703125,0.0032806396484375,0.02338409423828125,0.000762939453125,0.015869140625,0.00400543212890625,-0.001373291015625,0.00522613525390625,0.227813720703125,-0.0811767578125,0.063323974609375,0.094146728515625,0.137176513671875,0.09185791015625,0.09368896484375,0.079345703125,0.095977783203125,0.06591796875,0.08392333984375,0.108642578125,0.71685791015625,3.209228515625,-0.45318603515625,2.63580322265625,7.108732223510742
315,0.41250000000000014,-0.0,-0.0,-0.0,-0.0,-0.0,-0.0,2.3194732666015625,-6.996525287628174,-749.441162109375,-247089.890625,21024.59375,-839.591064453125,-0.0,-0.0,-0.0,-0.0,-0.0,-0.0,-0.0,-0.0,-0.0,-0.0,-0.0,-0.0,-0.009307861328125,-0.00812530517578125,-0.01171112060546875,-0.01766204833984375,-0.010528564453125,-0.0152587890625,-0.00888824462890625,-0.02452850341796875,-0.00728607177734375,-0.01071929931640625,-0.0235748291015625,-0.01438140869140625,-0.01430511474609375,-0.01140594482421875,-0.0038909912109375,-0.0312042236328125,-0.119781494140625,0.08514404296875,0.07843017578125,0.10223388671875,0.111541748046875,0.101165771484375,0.081634521484375,0.09521484375,0.10711669921875,0.051422119140625,0.131683349609375,0.1141357421875,-0.424041748046875,-0.069580078125,0.19256591796875,-0.47515869140625,-2.95245099067688
316,0.41300000000000014,-0.0,-0.0,-0.0,-0.0,-0.0,-0.0,3.610537528991699,-6.327706336975098,-746.80224609375,-246723.171875,20450.548828125,-1102.70947265625,-0.0,-0.0,-0.0,-0.0,-0.0,-0.0,-0.0,-0.0,-0.0,-0.0,-0.0,-0.0,-0.00232696533203125,-0.0012969970703125,-0.00255584716796875,-0.0032806396484375,-0.0032806396484375,-0.00499725341796875,-0.0054168701171875,-0.0051116943359375,-0.00019073486328125,-0.0067138671875,-0.02285003662109375,-0.0017547607421875,-0.01720428466796875,-0.00133514404296875,0.00030517578125,-0.0054931640625,0.20477294921875,0.1141357421875,0.11138916015625,0.09765625,0.118865966796875,0.11322021484375,0.093536376953125,0.0799560546875,0.091094970703125,0.123138427734375,0.1092529296875,0.101470947265625,-1.06903076171875,-3.0242919921875,0.633544921875,-2.72064208984375,-2.647566556930542
317,0.41350000000000015,-0.0,-0.0,-0.0,-0.0,-0.0,-0.0,4.81666374206543,-5.21307373046875,-747.6903076171875,-246517.90625,19935.126953125,-1393.6275634765625,-0.0,-0.0,-0.0,-0.0,-0.0,-0.0,-0.0,-0.0,-0.0,-0.0,-0.0,-0.0,0.0106048583984375,0.007476806640625,0.01461029052734375,0.01617431640625,0.01354217529296875,0.01544952392578125,0.00988006591796875,0.02460479736328125,0.0072479248046875,0.014495849609375,0.02384185791015625,0.01399993896484375,0.01705169677734375,0.0115203857421875,0.0048065185546875,0.03002166748046875,0.12298583984375,0.186767578125,-0.008087158203125,0.090179443359375,0.080718994140625,0.0830078125,0.09002685546875,0.09796142578125,0.1080322265625,0.10589599609375,0.08697509765625,0.093994140625,1.23199462890625,0.3387451171875,-0.29876708984375,1.02142333984375,2.2305827140808105
318,0.41400000000000015,-0.0,-0.0,-0.0,-0.0,-0.0,-0.0,5.395100116729736,-4.455666542053223,-745.3912963867188,-246527.46875,19466.359375,-1437.8284912109375,-0.0,-0.0,-0.0,-0.0,-0.0,-0.0,-0.0,-0.0,-0.0,-0.0,-0.0,-0.0,0.00446319580078125,0.00171661376953125,0.0020599365234375,0.0032806396484375,0.003662109375,0.0051116943359375,0.00698089599609375,0.00690460205078125,0.00347137451171875,0.00370025634765625,0.02349853515625,0.00392913818359375,0.01922607421875,0.00453948974609375,-0.00034332275390625,0.006866455078125,0.13946533203125,0.033721923828125,0.203704833984375,0.10101318359375,0.08331298828125,0.0970458984375,0.103302001953125,0.092926025390625,0.098114013671875,0.08880615234375,0.06591796875,0.086669921875,1.097564697265625,3.23333740234375,-0.15106201171875,2.938079833984375,7.71850061416626
319,0.41450000000000015,-0.0,-0.0,-0.0,-0.0,-0.0,-0.0,6.421189785003662,-4.3664069175720215,-745.912109375,-246297.0,18730.794921875,-1641.41796875,-0.0,-0.0,-0.0,-0.0,-0.0,-0.0,-0.0,-0.0,-0.0,-0.0,-0.0,-0.0,-0.008392333984375,-0.009765625,-0.01270294189453125,-0.01827239990234375,-0.0130462646484375,-0.01560211181640625,-0.00988006591796875,-0.02323150634765625,-0.00667572021484375,-0.0139617919921875,-0.025482177734375,-0.01392364501953125,-0.01949310302734375,-0.01140594482421875,-0.00461578369140625,-0.029144287109375,0.199432373046875,0.096282958984375,-0.129547119140625,0.08392333984375,0.074310302734375,0.07415771484375,0.086669921875,0.09124755859375,0.09521484375,0.1239013671875,0.102691650390625,0.097503662109375,-0.511932373046875,-0.31951904296875,0.47637939453125,-0.90179443359375,0.09639240801334381
320,0.41500000000000015,-0.0,-0.0,-0.0,-0.0,-0.0,-0.0,6.603854179382324,-4.500516414642334,-748.2184448242188,-246695.875,18510.951171875,-1657.297119140625,-0.0,-0.0,-0.0,-0.0,-0.0,-0.0,-0.0,-0.0,-0.0,-0.0,-0.0,-0.0,-0.00423431396484375,-0.00164031982421875,-0.00209808349609375,-0.00217437744140625,-0.00278472900390625,-0.003509521484375,-0.005035400390625,-0.0078582763671875,-0.00232696533203125,-0.00263214111328125,-0.0202178955078125,-0.00244140625,-0.01621246337890625,-0.004119873046875,-0.0016021728515625,-0.006256103515625,-0.01434326171875,0.0543212890625,0.210723876953125,0.09613037109375,0.119171142578125,0.08575439453125,0.100250244140625,0.108489990234375,0.123138427734375,0.121002197265625,0.077056884765625,0.113067626953125,-0.255279541015625,-3.01300048828125,0.4547119140625,-2.755889892578125,-2.342682361602783
321,0.41550000000000015,-0.0,-0.0,-0.0,-0.0,-0.0,-0.0,7.49625301361084,-4.459088325500488,-747.343994140625,-246763.609375,18062.982421875,-1950.72412109375,-0.0,-0.0,-0.0,-0.0,-0.0,-0.0,-0.0,-0.0,-0.0,-0.0,-0.0,-0.0,0.00823974609375,0.0080108642578125,0.01377105712890625,0.01544952392578125,0.013427734375,0.0159454345703125,0.01087188720703125,0.02414703369140625,0.00885009765625,0.01361846923828125,0.02826690673828125,0.01461029052734375,0.01949310302734375,0.01049041748046875,0.00457763671875,0.0299835205078125,-0.033416748046875,0.052337646484375,0.211944580078125,0.10772705078125,0.01861572265625,0.120697021484375,0.10772705078125,0.110626220703125,0.05828857421875,0.09185791015625,0.109405517578125,0.09521484375,1.027679443359375,0.75927734375,-0.20660400390625,1.15753173828125,11.07222843170166
322,0.41600000000000015,-0.0,-0.0,-0.0,-0.0,-0.0,-0.0,7.846282482147217,-4.900759220123291,-746.8129272460938,-246639.0,18134.875,-2154.535888671875,-0.0,-0.0,-0.0,-0.0,-0.0,-0.0,-0.0,-0.0,-0.0,-0.0,-0.0,-0.0,0.0037384033203125,0.00202178955078125,0.00225067138671875,0.0055694580078125,0.00499725341796875,0.0040435791015625,0.00522613525390625,0.00774383544921875,0.0016021728515625,0.00244140625,0.0238800048828125,0.0025177001953125,0.01949310302734375,0.003509521484375,-0.001220703125,0.00728607177734375,-0.01434326171875,0.078582763671875,0.069732666015625,0.09429931640625,0.102081298828125,0.1055908203125,0.107574462890625,0.11260986328125,0.107879638671875,0.1416015625,0.127716064453125,0.096588134765625,0.65460205078125,3.21746826171875,-0.37506103515625,2.70050048828125,6.803847789764404
323,0.41650000000000015,-0.0,-0.0,-0.0,-0.0,-0.0,-0.0,7.935028553009033,-4.498733997344971,-745.7301025390625,-245958.5,18144.05859375,-1951.5216064453125,-0.0,-0.0,-0.0,-0.0,-0.0,-0.0,-0.0,-0.0,-0.0,-0.0,-0.0,-0.0,-0.00728607177734375,-0.00919342041015625,-0.01262664794921875,-0.01735687255859375,-0.010986328125,-0.015106201171875,-0.00919342041015625,-0.02460479736328125,-0.0075531005859375,-0.01277923583984375,-0.02544403076171875,-0.01178741455078125,-0.0165557861328125,-0.01209259033203125,-0.0018310546875,-0.03063201904296875,0.317230224609375,0.171966552734375,0.15167236328125,0.101318359375,0.1312255859375,0.10955810546875,0.10406494140625,0.10101318359375,0.089874267578125,0.01861572265625,0.066680908203125,0.09552001953125,-0.452117919921875,-0.3851318359375,0.5523681640625,-0.850982666015625,-0.8182606101036072
324,0.41700000000000015,-0.0,-0.0,-0.0,-0.0,-0.0,-0.0,7.266366004943848,-4.276544570922852,-743.8037109375,-245598.6875,18217.875,-1919.2376708984375,-0.0,-0.0,-0.0,-0.0,-0.0,-0.0,-0.0,-0.0,-0.0,-0.0,-0.0,-0.0,-0.0041961669921875,-0.0034332275390625,-0.003662109375,-0.00396728515625,-0.0032806396484375,-0.0035858154296875,-0.00530242919921875,-0.00759124755859375,-0.00316619873046875,-0.0057220458984375,-0.0241851806640625,-0.00232696533203125,-0.0165557861328125,-0.0017547607421875,-0.0006866455078125,-0.007171630859375,0.01495361328125,0.058746337890625,0.064849853515625,0.096435546875,0.04058837890625,0.096282958984375,0.097198486328125,0.095672607421875,0.07720947265625,0.168914794921875,0.0518798828125,0.109710693359375,-0.900115966796875,-3.04534912109375,0.765380859375,-2.802581787109375,-1.732913613319397
325,0.41750000000000015,-0.0,-0.0,-0.0,-0.0,-0.0,-0.0,6.058880805969238,-3.963517665863037,-742.38427734375,-244909.640625,18586.818359375,-1438.2061767578125,-0.0,-0.0,-0.0,-0.0,-0.0,-0.0,-0.0,-0.0,-0.0,-0.0,-0.0,-0.0,0.008697509765625,0.01125335693359375,0.0109100341796875,0.01903533935546875,0.0116729736328125,0.01705169677734375,0.00820159912109375,0.02471923828125,0.00896453857421875,0.01338958740234375,0.0276947021484375,0.013580322265625,0.021820068359375,0.01094818115234375,0.003814697265625,0.0298309326171875,0.244140625,0.040740966796875,0.100250244140625,0.09185791015625,0.102996826171875,0.081939697265625,0.096282958984375,0.087432861328125,0.11383056640625,0.056915283203125,0.088653564453125,0.08331298828125,0.97198486328125,0.58197021484375,-0.23895263671875,1.2457275390625,9.852691650390625
326,0.41800000000000015,-0.0,-0.0,-0.0,-0.0,-0.0,-0.0,4.912578582763672,-3.301821708679199,-741.4815063476562,-243865.0625,18932.216796875,-1130.715087890625,-0.0,-0.0,-0.0,-0.0,-0.0,-0.0,-0.0,-0.0,-0.0,-0.0,-0.0,-0.0,0.0040435791015625,0.0028228759765625,0.00301361083984375,0.004119873046875,0.0028228759765625,0.00385284423828125,0.0048828125,0.0106048583984375,0.0025177001953125,0.00576019287109375,0.02185821533203125,-0.0012969970703125,0.01583099365234375,0.00293731689453125,0.0011444091796875,0.00736236572265625,-0.039825439453125,0.196380615234375,0.043792724609375,0.10650634765625,0.0909423828125,0.073089599609375,0.09857177734375,0.111236572265625,0.091400146484375,0.091094970703125,0.122222900390625,0.06561279296875,0.78948974609375,3.1939697265625,-0.6640625,2.6202392578125,8.328269958496094
327,0.41850000000000015,-0.0,-0.0,-0.0,-0.0,-0.0,-0.0,3.437798500061035,-3.302079677581787,-737.4312744140625,-242711.28125,19136.869140625,-560.542724609375,-0.0,-0.0,-0.0,-0.0,-0.0,-0.0,-0.0,-0.0,-0.0,-0.0,-0.0,-0.0,-0.00946044921875,-0.008392333984375,-0.0127410888671875,-0.0150299072265625,-0.01232147216796875,-0.015106201171875,-0.0077056884765625,-0.02384185791015625,-0.0083160400390625,-0.0125885009765625,-0.028533935546875,-0.01224517822265625,-0.0197601318359375,-0.0084686279296875,-0.00522613525390625,-0.02780914306640625,0.076446533203125,-0.017242431640625,0.113067626953125,0.10650634765625,0.088653564453125,0.10528564453125,0.096282958984375,0.10986328125,0.075225830078125,0.099945068359375,0.103302001953125,0.10406494140625,-0.720367431640625,-0.6512451171875,0.36102294921875,-0.904083251953125,-2.342682361602783
328,0.41900000000000015,-0.0,-0.0,-0.0,-0.0,-0.0,-0.0,2.500178337097168,-2.587063789367676,-735.8278198242188,-241716.625,19581.73828125,-250.916748046875,-0.0,-0.0,-0.0,-0.0,-0.0,-0.0,-0.0,-0.0,-0.0,-0.0,-0.0,-0.0,-0.00095367431640625,-0.00232696533203125,-0.003204345703125,-0.0043487548828125,-0.0016021728515625,-0.0038909912109375,-0.00492095947265625,-0.00759124755859375,3.814697265625e-05,-0.00133514404296875,-0.0225067138671875,-0.00125885009765625,-0.01800537109375,-0.00408172607421875,0.0008392333984375,-0.00621795654296875,0.18035888671875,0.0982666015625,0.05706787109375,0.096282958984375,0.103302001953125,0.09124755859375,0.10162353515625,0.084228515625,0.113067626953125,0.1593017578125,0.102386474609375,0.102386474609375,-0.44189453125,-3.0328369140625,0.93048095703125,-2.775421142578125,-0.8182606101036072
329,0.41950000000000015,-0.0,-0.0,-0.0,-0.0,-0.0,-0.0,0.5713582038879395,-1.8162415027618408,-734.4232177734375,-240917.78125,19933.79296875,113.75090789794922,-0.0,-0.0,-0.0,-0.0,-0.0,-0.0,-0.0,-0.0,-0.0,-0.0,-0.0,-0.0,0.0075531005859375,0.011138916015625,0.01270294189453125,0.01739501953125,0.0125885009765625,0.01789093017578125,0.01132965087890625,0.0238800048828125,0.00957489013671875,0.01346588134765625,0.030670166015625,0.012054443359375,0.02185821533203125,0.0121307373046875,0.00629425048828125,0.03070831298828125,0.1141357421875,0.26397705078125,0.09796142578125,0.078582763671875,0.103912353515625,0.0823974609375,0.090789794921875,0.094146728515625,0.096588134765625,0.110626220703125,0.09246826171875,0.106658935546875,1.064605712890625,0.899658203125,-0.322265625,1.287689208984375,4.364773273468018
330,0.42000000000000015,-0.0,-0.0,-0.0,-0.0,-0.0,-0.0,-0.30583351850509644,-1.6501919031143188,-732.6565551757812,-240181.59375,20356.7421875,423.1588134765625,-0.0,-0.0,-0.0,-0.0,-0.0,-0.0,-0.0,-0.0,-0.0,-0.0,-0.0,-0.0,0.0032806396484375,0.0029754638671875,0.0032806396484375,0.004425048828125,0.0048065185546875,0.0070953369140625,0.0061798095703125,0.0086212158203125,0.0012969970703125,0.00530242919921875,0.0231170654296875,0.0012969970703125,0.01605987548828125,0.00301361083984375,0.00225067138671875,0.0081634521484375,0.497283935546875,0.0115966796875,0.11871337890625,0.085906982421875,0.107574462890625,0.087890625,0.091705322265625,0.0946044921875,0.113372802734375,0.154571533203125,0.06866455078125,0.131072998046875,1.048126220703125,3.21319580078125,-0.65521240234375,2.63031005859375,9.24292278289795
331,0.42050000000000015,-0.0,-0.0,-0.0,-0.0,-0.0,-0.0,-1.2976266145706177,-1.2423982620239258,-733.0410766601562,-239533.21875,20507.708984375,687.8319091796875,-0.0,-0.0,-0.0,-0.0,-0.0,-0.0,-0.0,-0.0,-0.0,-0.0,-0.0,-0.0,-0.00823974609375,-0.00881195068359375,-0.01251220703125,-0.01628875732421875,-0.0110626220703125,-0.01552581787109375,-0.0099945068359375,-0.02475738525390625,-0.00774383544921875,-0.0164794921875,-0.026397705078125,-0.01483917236328125,-0.0194549560546875,-0.01140594482421875,-0.00377655029296875,-0.029144287109375,0.01708984375,0.17669677734375,0.08209228515625,0.106964111328125,0.109100341796875,0.0726318359375,0.086212158203125,0.055084228515625,0.088348388671875,0.052947998046875,0.0836181640625,0.095062255859375,-0.74615478515625,-0.3558349609375,0.33111572265625,-1.009368896484375,-1.4280292987823486
332,0.42100000000000015,-0.0,-0.0,-0.0,-0.0,-0.0,-0.0,-1.6000971794128418,-1.512373447418213,-733.5660400390625,-239274.0625,20519.052734375,847.1824951171875,-0.0,-0.0,-0.0,-0.0,-0.0,-0.0,-0.0,-0.0,-0.0,-0.0,-0.0,-0.0,-0.005035400390625,-0.00286102294921875,-0.00164031982421875,-0.00308990478515625,-0.00274658203125,-0.005645751953125,-0.00457763671875,-0.00850677490234375,-0.00423431396484375,-0.0064849853515625,-0.0237274169921875,0.0008392333984375,-0.0177764892578125,-0.0023651123046875,0.00034332275390625,-0.00820159912109375,-0.188446044921875,0.124053955078125,0.0946044921875,0.1153564453125,0.10345458984375,0.114898681640625,0.10772705078125,0.1019287109375,0.127716064453125,0.139617919921875,0.13580322265625,0.062103271484375,-1.07879638671875,-3.03863525390625,0.758056640625,-2.7362060546875,-2.95245099067688
333,0.42150000000000015,-0.0,-0.0,-0.0,-0.0,-0.0,-0.0,-1.9596339464187622,-2.400531530380249,-731.3005981445312,-239030.1875,20729.748046875,1037.11328125,-0.0,-0.0,-0.0,-0.0,-0.0,-0.0,-0.0,-0.0,-0.0,-0.0,-0.0,-0.0,0.00942230224609375,0.0101470947265625,0.0128936767578125,0.0189208984375,0.0104522705078125,0.01781463623046875,0.00827789306640625,0.02452850341796875,0.0064849853515625,0.01255035400390625,0.02696990966796875,0.013885498046875,0.02124786376953125,0.0122833251953125,0.005035400390625,0.02986907958984375,0.115509033203125,0.07476806640625,0.079345703125,0.1202392578125,0.1025390625,0.12847900390625,0.110321044921875,0.1177978515625,0.09613037109375,0.099639892578125,0.10406494140625,0.09674072265625,0.711212158203125,0.54168701171875,-0.1971435546875,1.4208984375,8.023386001586914
334,0.42200000000000015,-0.0,-0.0,-0.0,-0.0,-0.0,-0.0,-2.6269874572753906,-2.3540916442871094,-731.5935668945312,-238556.421875,20459.6015625,1212.794677734375,-0.0,-0.0,-0.0,-0.0,-0.0,-0.0,-0.0,-0.0,-0.0,-0.0,-0.0,-0.0,0.00286102294921875,0.00446319580078125,0.0045013427734375,0.006103515625,0.004119873046875,0.00579833984375,0.0074005126953125,0.00652313232421875,0.00164031982421875,0.005950927734375,0.02574920654296875,-0.000457763671875,0.016632080078125,0.0031280517578125,0.00034332275390625,0.00823974609375,0.241241455078125,0.0299072265625,0.03662109375,0.092315673828125,0.096588134765625,0.084991455078125,0.0860595703125,0.083465576171875,0.072479248046875,0.0946044921875,0.089111328125,0.102081298828125,0.937957763671875,3.21380615234375,-0.7281494140625,2.753143310546875,8.633153915405273
335,0.42250000000000015,-0.0,-0.0,-0.0,-0.0,-0.0,-0.0,-2.3722739219665527,-3.2417962551116943,-731.3045043945312,-238434.46875,20470.125,1231.48583984375,-0.0,-0.0,-0.0,-0.0,-0.0,-0.0,-0.0,-0.0,-0.0,-0.0,-0.0,-0.0,-0.00823974609375,-0.0095367431640625,-0.01178741455078125,-0.01720428466796875,-0.009613037109375,-0.013275146484375,-0.00812530517578125,-0.023956298828125,-0.0063323974609375,-0.0119781494140625,-0.02468109130859375,-0.01132965087890625,-0.01888275146484375,-0.012054443359375,-0.00335693359375,-0.030670166015625,0.1507568359375,0.072784423828125,0.1239013671875,0.0927734375,0.10467529296875,0.107574462890625,0.091705322265625,0.0872802734375,0.11260986328125,0.08087158203125,0.105743408203125,0.1019287109375,-0.484619140625,-0.228271484375,0.55694580078125,-0.970611572265625,-1.1231448650360107
336,0.42300000000000015,-0.0,-0.0,-0.0,-0.0,-0.0,-0.0,-2.7192039489746094,-3.0441532135009766,-732.8347778320312,-238381.453125,20224.65234375,1270.7869873046875,-0.0,-0.0,-0.0,-0.0,-0.0,-0.0,-0.0,-0.0,-0.0,-0.0,-0.0,-0.0,-0.0034332275390625,-0.00316619873046875,-0.00553131103515625,-0.00484466552734375,-0.00213623046875,-0.00354766845703125,-0.004425048828125,-0.00942230224609375,-0.00164031982421875,-0.00743865966796875,-0.0244140625,0.00064849853515625,-0.01911163330078125,-0.0019073486328125,-7.62939453125e-05,-0.00705718994140625,0.0433349609375,0.13946533203125,0.103912353515625,0.08209228515625,0.093841552734375,0.116119384765625,0.093994140625,0.085296630859375,0.10101318359375,0.093841552734375,0.11993408203125,0.084075927734375,-0.958251953125,-3.04840087890625,0.9857177734375,-2.91351318359375,-0.5133762359619141
337,0.42350000000000015,-0.0,-0.0,-0.0,-0.0,-0.0,-0.0,-2.6727359294891357,-2.089200019836426,-733.5405883789062,-238375.53125,20136.4921875,1344.0926513671875,-0.0,-0.0,-0.0,-0.0,-0.0,-0.0,-0.0,-0.0,-0.0,-0.0,-0.0,-0.0,0.00904083251953125,0.0091552734375,0.01316070556640625,0.016937255859375,0.013427734375,0.01712799072265625,0.009002685546875,0.024566650390625,0.00675201416015625,0.01712799072265625,0.0263214111328125,0.0136566162109375,0.01964569091796875,0.01071929931640625,0.00461578369140625,0.03017425537109375,0.31585693359375,0.0982666015625,0.12451171875,0.109405517578125,0.099639892578125,0.1214599609375,0.11260986328125,0.110321044921875,0.0982666015625,0.130767822265625,0.091400146484375,0.082244873046875,1.184844970703125,0.68450927734375,-0.2288818359375,1.4495849609375,12.901535034179688
338,0.42400000000000015,-0.0,-0.0,-0.0,-0.0,-0.0,-0.0,-2.2730135917663574,-0.8560031652450562,-732.6937866210938,-237741.078125,20295.572265625,1260.916015625,-0.0,-0.0,-0.0,-0.0,-0.0,-0.0,-0.0,-0.0,-0.0,-0.0,-0.0,-0.0,0.003662109375,0.00141143798828125,0.00377655029296875,0.0055694580078125,0.00457763671875,0.00640869140625,0.00415802001953125,0.00926971435546875,0.00194549560546875,0.0058746337890625,0.02437591552734375,-0.00030517578125,0.018768310546875,0.00408172607421875,0.002899169921875,0.008087158203125,-0.0909423828125,-0.047760009765625,0.078582763671875,0.11138916015625,0.05706787109375,0.099029541015625,0.105438232421875,0.10589599609375,0.090789794921875,0.159149169921875,0.1123046875,0.077972412109375,0.910797119140625,3.2275390625,-0.70465087890625,2.81646728515625,7.71850061416626
339,0.42450000000000015,-0.0,-0.0,-0.0,-0.0,-0.0,-0.0,-1.7880741357803345,-0.34880077838897705,-732.1419677734375,-237178.734375,20389.828125,1108.8170166015625,-0.0,-0.0,-0.0,-0.0,-0.0,-0.0,-0.0,-0.0,-0.0,-0.0,-0.0,-0.0,-0.009765625,-0.0072479248046875,-0.01293182373046875,-0.01556396484375,-0.01255035400390625,-0.015411376953125,-0.01171112060546875,-0.02437591552734375,-0.00759124755859375,-0.0144195556640625,-0.0275421142578125,-0.01132965087890625,-0.01956939697265625,-0.00926971435546875,-0.00644683837890625,-0.02758026123046875,-0.1458740234375,0.29876708984375,0.121002197265625,0.100250244140625,0.146942138671875,0.1251220703125,0.097808837890625,0.102386474609375,0.119476318359375,-0.0262451171875,0.1031494140625,0.12359619140625,-0.74676513671875,-0.4656982421875,0.750732421875,-0.974273681640625,-2.647566556930542
340,0.42500000000000016,-0.0,-0.0,-0.0,-0.0,-0.0,-0.0,-1.818831443786621,0.7556134462356567,-729.5010986328125,-236779.390625,20265.595703125,1126.2218017578125,-0.0,-0.0,-0.0,-0.0,-0.0,-0.0,-0.0,-0.0,-0.0,-0.0,-0.0,-0.0,-0.003814697265625,-0.00194549560546875,-0.00499725341796875,-0.0055694580078125,-0.004119873046875,-0.0037384033203125,-0.00537872314453125,-0.0089263916015625,-0.0014495849609375,-0.00621795654296875,-0.024566650390625,-0.00293731689453125,-0.021209716796875,-0.00377655029296875,0.00091552734375,-0.00827789306640625,0.296173095703125,0.09552001953125,0.093841552734375,0.078582763671875,0.13702392578125,0.077056884765625,0.084381103515625,0.089874267578125,0.116424560546875,0.12847900390625,0.050506591796875,0.135955810546875,-0.948333740234375,-3.0560302734375,0.6085205078125,-2.9290771484375,-12.098980903625488
341,0.42550000000000016,-0.0,-0.0,-0.0,-0.0,-0.0,-0.0,-1.5632561445236206,1.5069353580474854,-727.5506591796875,-236196.265625,20222.841796875,1098.859619140625,-0.0,-0.0,-0.0,-0.0,-0.0,-0.0,-0.0,-0.0,-0.0,-0.0,-0.0,-0.0,0.01007080078125,0.00698089599609375,0.01247406005859375,0.01678466796875,0.01285552978515625,0.01495361328125,0.0118255615234375,0.02368927001953125,0.00946044921875,0.01201629638671875,0.02880096435546875,0.0092315673828125,0.02300262451171875,0.01110076904296875,0.0055694580078125,0.0286102294921875,0.12603759765625,0.03753662109375,-0.004425048828125,0.09002685546875,0.089874267578125,0.050201416015625,0.085906982421875,0.074615478515625,0.081939697265625,0.103302001953125,0.021514892578125,0.111541748046875,0.652618408203125,0.60577392578125,-0.53314208984375,1.575927734375,11.07222843170166
342,0.42600000000000016,-0.0,-0.0,-0.0,-0.0,-0.0,-0.0,-0.9813156127929688,2.8521728515625,-726.5421752929688,-235250.6875,19902.9921875,999.5962524414062,-0.0,-0.0,-0.0,-0.0,-0.0,-0.0,-0.0,-0.0,-0.0,-0.0,-0.0,-0.0,0.0048828125,0.0041961669921875,0.00316619873046875,0.00492095947265625,0.0041961669921875,0.00743865966796875,0.00751495361328125,0.01018524169921875,0.0046539306640625,0.0084686279296875,0.02666473388671875,0.00133514404296875,0.02033233642578125,0.00270843505859375,-0.00011444091796875,0.00942230224609375,0.1251220703125,0.303497314453125,0.099029541015625,0.112762451171875,0.09002685546875,0.11505126953125,0.107269287109375,0.110321044921875,0.095977783203125,0.098876953125,0.127105712890625,0.0885009765625,1.524200439453125,3.25927734375,-0.56243896484375,3.094024658203125,8.93803882598877
343,0.42650000000000016,-0.0,-0.0,-0.0,-0.0,-0.0,-0.0,-0.272055983543396,3.476085662841797,-723.6832275390625,-234509.296875,19830.38671875,775.6204833984375,-0.0,-0.0,-0.0,-0.0,-0.0,-0.0,-0.0,-0.0,-0.0,-0.0,-0.0,-0.0,-0.00720977783203125,-0.00888824462890625,-0.01224517822265625,-0.01811981201171875,-0.010986328125,-0.0171661376953125,-0.0087738037109375,-0.02532958984375,-0.005950927734375,-0.0133514404296875,-0.0244140625,-0.0121307373046875,-0.02223968505859375,-0.0109100341796875,-0.003662109375,-0.0304412841796875,0.213775634765625,0.042724609375,0.11932373046875,0.113983154296875,0.107879638671875,0.12176513671875,0.104827880859375,0.10986328125,0.08392333984375,0.0909423828125,0.121002197265625,0.09002685546875,-0.362548828125,-0.40771484375,0.457763671875,-1.359710693359375,-2.0377979278564453
344,0.42700000000000016,-0.0,-0.0,-0.0,-0.0,-0.0,-0.0,0.5958957672119141,4.043995380401611,-722.0128784179688,-233874.59375,19663.541015625,543.35400390625,-0.0,-0.0,-0.0,-0.0,-0.0,-0.0,-0.0,-0.0,-0.0,-0.0,-0.0,-0.0,-0.0081634521484375,-0.00286102294921875,-0.00377655029296875,-0.00385284423828125,-0.0034332275390625,-0.00522613525390625,-0.00560760498046875,-0.01003265380859375,-0.00316619873046875,-0.0095367431640625,-0.02506256103515625,-0.0003814697265625,-0.019378662109375,-0.00171661376953125,0.00011444091796875,-0.0086212158203125,0.102996826171875,0.082244873046875,0.1153564453125,0.0970458984375,0.1007080078125,0.113372802734375,0.10101318359375,0.1031494140625,0.108642578125,0.108184814453125,0.089263916015625,0.08575439453125,-1.224822998046875,-3.03070068359375,1.02874755859375,-2.94952392578125,-2.342682361602783
345,0.42750000000000016,-0.0,-0.0,-0.0,-0.0,-0.0,-0.0,1.1174942255020142,4.89272928237915,-722.085693359375,-233001.59375,19601.115234375,516.1947631835938,-0.0,-0.0,-0.0,-0.0,-0.0,-0.0,-0.0,-0.0,-0.0,-0.0,-0.0,-0.0,0.00926971435546875,0.00835418701171875,0.01331329345703125,0.0160980224609375,0.01300811767578125,0.0142669677734375,0.0113677978515625,0.023193359375,0.007781982421875,0.01354217529296875,0.02696990966796875,0.012664794921875,0.02105712890625,0.01129150390625,0.00484466552734375,0.02910614013671875,0.101318359375,0.0830078125,0.0726318359375,0.0872802734375,0.079345703125,0.0811767578125,0.0933837890625,0.0909423828125,0.1055908203125,0.113983154296875,0.11077880859375,0.10498046875,0.94390869140625,0.79193115234375,-0.22552490234375,1.280517578125,10.76734447479248
346,0.42800000000000016,-0.0,-0.0,-0.0,-0.0,-0.0,-0.0,0.8921051025390625,4.719060897827148,-718.3680419921875,-232664.078125,19448.771484375,563.9725952148438,-0.0,-0.0,-0.0,-0.0,-0.0,-0.0,-0.0,-0.0,-0.0,-0.0,-0.0,-0.0,0.0038909912109375,0.00274658203125,0.0030517578125,0.00606536865234375,0.0043487548828125,0.00598907470703125,0.00774383544921875,0.00926971435546875,0.0034332275390625,0.00392913818359375,0.02658843994140625,0.0006103515625,0.01926422119140625,0.00461578369140625,0.0014495849609375,0.01033782958984375,0.22857666015625,0.06195068359375,0.08087158203125,0.092315673828125,0.0933837890625,0.0836181640625,0.103607177734375,0.100860595703125,0.1141357421875,0.141754150390625,0.074462890625,0.095367431640625,0.5767822265625,3.2635498046875,-0.4150390625,2.943267822265625,6.498963356018066
347,0.42850000000000016,-0.0,-0.0,-0.0,-0.0,-0.0,-0.0,0.30973201990127563,4.929219722747803,-718.1220092773438,-232466.484375,19439.103515625,808.8917846679688,-0.0,-0.0,-0.0,-0.0,-0.0,-0.0,-0.0,-0.0,-0.0,-0.0,-0.0,-0.0,-0.00919342041015625,-0.00820159912109375,-0.01178741455078125,-0.0160980224609375,-0.00946044921875,-0.0151824951171875,-0.01148223876953125,-0.02410888671875,-0.00782012939453125,-0.0159454345703125,-0.0289154052734375,-0.01430511474609375,-0.02132415771484375,-0.012359619140625,-0.0020599365234375,-0.03032684326171875,0.412750244140625,0.049591064453125,0.0439453125,0.09033203125,0.0897216796875,0.080718994140625,0.085601806640625,0.089569091796875,0.1025390625,-0.0006103515625,0.056610107421875,0.096282958984375,-1.054840087890625,-0.71044921875,0.28045654296875,-1.37664794921875,-3.2573351860046387
348,0.42900000000000016,-0.0,-0.0,-0.0,-0.0,-0.0,-0.0,-0.183560311794281,4.86530876159668,-719.9267578125,-232320.4375,19370.388671875,960.2478637695312,-0.0,-0.0,-0.0,-0.0,-0.0,-0.0,-0.0,-0.0,-0.0,-0.0,-0.0,-0.0,-0.004730224609375,-0.00293731689453125,-0.00362396240234375,-0.004730224609375,-0.002593994140625,-0.007476806640625,-0.00423431396484375,-0.01064300537109375,-0.00324249267578125,-0.0084686279296875,-0.02414703369140625,-0.00072479248046875,-0.01949310302734375,-0.00263214111328125,-0.00049591064453125,-0.0095367431640625,-0.305023193359375,-0.19622802734375,0.1190185546875,0.110626220703125,0.109100341796875,0.11199951171875,0.10650634765625,0.11260986328125,0.08453369140625,0.09124755859375,0.133209228515625,0.07781982421875,-0.98114013671875,-3.04107666015625,0.77667236328125,-2.811431884765625,-0.8182606101036072
349,0.42950000000000016,-0.0,-0.0,-0.0,-0.0,-0.0,-0.0,-0.8028945922851562,4.46180534362793,-719.8225708007812,-232542.40625,19454.919921875,996.3096313476562,-0.0,-0.0,-0.0,-0.0,-0.0,-0.0,-0.0,-0.0,-0.0,-0.0,-0.0,-0.0,0.011138916015625,0.00659942626953125,0.015106201171875,0.01491546630859375,0.01209259033203125,0.0153350830078125,0.01270294189453125,0.0243377685546875,0.00942230224609375,0.01556396484375,0.03070831298828125,0.01247406005859375,0.02521514892578125,0.01178741455078125,0.00598907470703125,0.02887725830078125,0.006866455078125,0.3900146484375,0.129547119140625,0.108642578125,0.08453369140625,0.111236572265625,0.105743408203125,0.1025390625,0.060577392578125,0.131072998046875,0.103912353515625,0.082550048828125,1.0723876953125,0.986328125,-0.262451171875,1.774749755859375,11.681997299194336
350,0.43000000000000016,-0.0,-0.0,-0.0,-0.0,-0.0,-0.0,-0.708243727684021,3.3451077938079834,-720.8187255859375,-232913.40625,19817.8125,986.9492797851562,-0.0,-0.0,-0.0,-0.0,-0.0,-0.0,-0.0,-0.0,-0.0,-0.0,-0.0,-0.0,0.0041961669921875,0.00385284423828125,0.00461578369140625,0.00782012939453125,0.00453948974609375,0.00614166259765625,0.00408172607421875,0.00946044921875,0.00255584716796875,0.0061798095703125,0.02628326416015625,0.0019073486328125,0.01873016357421875,0.00545501708984375,-0.00091552734375,0.00980377197265625,0.17669677734375,0.225982666015625,0.128936767578125,0.09185791015625,0.104827880859375,0.10101318359375,0.095977783203125,0.095062255859375,0.092315673828125,0.127105712890625,0.099945068359375,0.087432861328125,0.754241943359375,3.2745361328125,-0.75531005859375,2.811431884765625,7.108732223510742
351,0.43050000000000016,-0.0,-0.0,-0.0,-0.0,-0.0,-0.0,-1.533288836479187,1.8717384338378906,-722.0653076171875,-233779.78125,20162.21484375,1195.3375244140625,-0.0,-0.0,-0.0,-0.0,-0.0,-0.0,-0.0,-0.0,-0.0,-0.0,-0.0,-0.0,-0.00812530517578125,-0.00934600830078125,-0.01171112060546875,-0.01483917236328125,-0.01190185546875,-0.01361846923828125,-0.01079559326171875,-0.0229644775390625,-0.0070953369140625,-0.01430511474609375,-0.0273895263671875,-0.012969970703125,-0.0225830078125,-0.01216888427734375,-0.003509521484375,-0.02872467041015625,0.23101806640625,0.15350341796875,0.0799560546875,0.090484619140625,0.09796142578125,0.06683349609375,0.08270263671875,0.085906982421875,0.12786865234375,0.046234130859375,0.113067626953125,0.086822509765625,-0.589447021484375,-0.74981689453125,0.65155029296875,-1.41998291015625,-2.0377979278564453
352,0.43100000000000016,-0.0,-0.0,-0.0,-0.0,-0.0,-0.0,-1.9569063186645508,0.37368080019950867,-726.0180053710938,-234759.09375,20333.537109375,1361.4716796875,-0.0,-0.0,-0.0,-0.0,-0.0,-0.0,-0.0,-0.0,-0.0,-0.0,-0.0,-0.0,-0.00560760498046875,-0.00225067138671875,-0.00362396240234375,-0.00492095947265625,-0.00370025634765625,-0.00789642333984375,-0.00568389892578125,-0.01155853271484375,-0.00164031982421875,-0.00576019287109375,-0.02712249755859375,-0.00034332275390625,-0.019073486328125,-0.00225067138671875,-0.00194549560546875,-0.01129150390625,0.166473388671875,0.010833740234375,0.076751708984375,0.092926025390625,0.13031005859375,0.08270263671875,0.09674072265625,0.090179443359375,0.09185791015625,0.131072998046875,0.1385498046875,0.124359130859375,-0.747222900390625,-3.05450439453125,0.908203125,-2.84149169921875,-1.732913613319397
353,0.43150000000000016,-0.0,-0.0,-0.0,-0.0,-0.0,-0.0,-2.2420051097869873,-1.1528294086456299,-729.1051635742188,-235960.3125,20538.703125,1459.7861328125,-0.0,-0.0,-0.0,-0.0,-0.0,-0.0,-0.0,-0.0,-0.0,-0.0,-0.0,-0.0,0.01010894775390625,0.0092315673828125,0.0115203857421875,0.0177764892578125,0.0115203857421875,0.0177001953125,0.009613037109375,0.02414703369140625,0.009002685546875,0.0164031982421875,0.0292205810546875,0.01232147216796875,0.0261688232421875,0.011444091796875,0.00278472900390625,0.02979278564453125,-0.03173828125,0.084991455078125,0.0811767578125,0.10406494140625,0.059661865234375,0.09368896484375,0.098876953125,0.10467529296875,0.091552734375,0.03509521484375,0.131683349609375,0.101470947265625,1.218414306640625,0.83526611328125,-0.24627685546875,1.75323486328125,7.108732223510742
354,0.43200000000000016,-0.0,-0.0,-0.0,-0.0,-0.0,-0.0,-2.7119197845458984,-3.048020601272583,-732.6361083984375,-237153.796875,20953.66796875,1723.4635009765625,-0.0,-0.0,-0.0,-0.0,-0.0,-0.0,-0.0,-0.0,-0.0,-0.0,-0.0,-0.0,0.0041961669921875,0.0029754638671875,0.00507354736328125,0.00682830810546875,0.006103515625,0.006561279296875,0.00797271728515625,0.01087188720703125,0.003662109375,0.0041961669921875,0.02742767333984375,0.00072479248046875,0.0182342529296875,0.00438690185546875,0.001220703125,0.01110076904296875,0.151824951171875,0.019989013671875,0.12054443359375,0.10406494140625,0.10009765625,0.11016845703125,0.105438232421875,0.1141357421875,0.109710693359375,0.2001953125,0.126495361328125,0.097503662109375,0.881805419921875,3.28338623046875,-0.6024169921875,2.77191162109375,6.498963356018066
355,0.43250000000000016,-0.0,-0.0,-0.0,-0.0,-0.0,-0.0,-3.562264919281006,-4.242918968200684,-736.5445556640625,-238114.5625,21382.10546875,1777.1561279296875,-0.0,-0.0,-0.0,-0.0,-0.0,-0.0,-0.0,-0.0,-0.0,-0.0,-0.0,-0.0,-0.00896453857421875,-0.0098419189453125,-0.01255035400390625,-0.01583099365234375,-0.0130462646484375,-0.014801025390625,-0.01049041748046875,-0.0238037109375,-0.006866455078125,-0.015716552734375,-0.028533935546875,-0.01316070556640625,-0.0214385986328125,-0.01071929931640625,-0.00499725341796875,-0.02780914306640625,0.472259521484375,0.139312744140625,0.10894775390625,0.093994140625,0.0958251953125,0.082550048828125,0.090789794921875,0.0555419921875,0.131072998046875,0.10589599609375,0.11474609375,0.096893310546875,-0.76873779296875,-0.78338623046875,0.29693603515625,-1.38763427734375,-2.0377979278564453
356,0.43300000000000016,-0.0,-0.0,-0.0,-0.0,-0.0,-0.0,-4.068506240844727,-5.710625648498535,-738.3102416992188,-238963.75,21440.255859375,2025.5899658203125,-0.0,-0.0,-0.0,-0.0,-0.0,-0.0,-0.0,-0.0,-0.0,-0.0,-0.0,-0.0,-0.00316619873046875,-0.00400543212890625,-0.0041961669921875,-0.0058746337890625,-0.00331878662109375,-0.008392333984375,-0.0064849853515625,-0.0106048583984375,-0.00331878662109375,-0.00461578369140625,-0.0254058837890625,-0.0035858154296875,-0.018310546875,-0.00293731689453125,-0.0018310546875,-0.01132965087890625,-0.203704833984375,-0.003204345703125,0.114898681640625,0.112152099609375,0.1470947265625,0.10711669921875,0.1068115234375,0.10284423828125,0.08941650390625,0.0103759765625,0.104827880859375,0.099029541015625,-0.5908203125,-3.0517578125,0.5389404296875,-2.7435302734375,2.2305827140808105
357,0.43350000000000016,-0.0,-0.0,-0.0,-0.0,-0.0,-0.0,-4.3170552253723145,-6.636999607086182,-742.158447265625,-240056.71875,21845.24609375,2018.4967041015625,-0.0,-0.0,-0.0,-0.0,-0.0,-0.0,-0.0,-0.0,-0.0,-0.0,-0.0,-0.0,0.008087158203125,0.0093841552734375,0.01224517822265625,0.01796722412109375,0.0119781494140625,0.01766204833984375,0.0112152099609375,0.02368927001953125,0.008392333984375,0.015106201171875,0.02838134765625,0.01232147216796875,0.02376556396484375,0.011444091796875,0.00331878662109375,0.02849578857421875,0.14495849609375,0.04638671875,0.0885009765625,0.096893310546875,0.04547119140625,0.10040283203125,0.095367431640625,0.097503662109375,0.061492919921875,0.17913818359375,0.05706787109375,0.095062255859375,0.970306396484375,0.99945068359375,-0.3814697265625,1.459808349609375,10.4624605178833
358,0.43400000000000016,-0.0,-0.0,-0.0,-0.0,-0.0,-0.0,-5.091586112976074,-7.336805820465088,-747.4662475585938,-240975.96875,21953.748046875,2285.39501953125,-0.0,-0.0,-0.0,-0.0,-0.0,-0.0,-0.0,-0.0,-0.0,-0.0,-0.0,-0.0,0.00492095947265625,0.00133514404296875,0.00415802001953125,0.0057220458984375,0.00732421875,0.00705718994140625,0.0069427490234375,0.01132965087890625,0.00347137451171875,0.00682830810546875,0.02685546875,0.0016021728515625,0.0168609619140625,0.004425048828125,0.00335693359375,0.010833740234375,0.072021484375,0.07080078125,0.11199951171875,0.10009765625,0.09552001953125,0.091094970703125,0.09521484375,0.088043212890625,0.102996826171875,0.009613037109375,0.088348388671875,0.09765625,1.030120849609375,3.27423095703125,-0.604248046875,2.712554931640625,7.108732223510742
359,0.43450000000000016,-0.0,-0.0,-0.0,-0.0,-0.0,-0.0,-6.3003668785095215,-7.925895690917969,-749.6111450195312,-241575.203125,22283.70703125,2622.495849609375,-0.0,-0.0,-0.0,-0.0,-0.0,-0.0,-0.0,-0.0,-0.0,-0.0,-0.0,-0.0,-0.01079559326171875,-0.00766754150390625,-0.01331329345703125,-0.016021728515625,-0.0121307373046875,-0.0174713134765625,-0.0090789794921875,-0.02353668212890625,-0.00675201416015625,-0.01499176025390625,-0.02788543701171875,-0.01079559326171875,-0.01949310302734375,-0.01087188720703125,-0.002288818359375,-0.028228759765625,0.133056640625,0.08453369140625,0.088653564453125,0.094757080078125,0.092315673828125,0.10650634765625,0.095977783203125,0.085906982421875,0.11260986328125,0.1611328125,0.063934326171875,0.089263916015625,-0.670318603515625,-0.8245849609375,0.5902099609375,-0.855712890625,-1.4280292987823486
360,0.43500000000000016,-0.0,-0.0,-0.0,-0.0,-0.0,-0.0,-7.466254234313965,-7.624081611633301,-751.0235595703125,-241728.203125,22302.578125,2955.8359375,-0.0,-0.0,-0.0,-0.0,-0.0,-0.0,-0.0,-0.0,-0.0,-0.0,-0.0,-0.0,-0.005340576171875,-0.00362396240234375,-0.00431060791015625,-0.00476837158203125,-0.00457763671875,-0.00644683837890625,-0.0063323974609375,-0.010223388671875,-0.0051116943359375,-0.0080108642578125,-0.0264739990234375,3.814697265625e-05,-0.01567840576171875,-0.0031280517578125,-0.000762939453125,-0.0106048583984375,0.2545166015625,0.076751708984375,0.08544921875,0.090484619140625,0.12359619140625,0.092620849609375,0.1031494140625,0.096435546875,0.067901611328125,0.093231201171875,0.08544921875,0.086212158203125,-0.95855712890625,-3.04412841796875,1.1602783203125,-2.366180419921875,-0.5133762359619141
361,0.43550000000000016,-0.0,-0.0,-0.0,-0.0,-0.0,-0.0,-7.836489677429199,-7.363775253295898,-751.4042358398438,-241499.59375,22403.4765625,3023.65673828125,-0.0,-0.0,-0.0,-0.0,-0.0,-0.0,-0.0,-0.0,-0.0,-0.0,-0.0,-0.0,0.010986328125,0.008392333984375,0.0145721435546875,0.0164794921875,0.01415252685546875,0.0144195556640625,0.01079559326171875,0.02468109130859375,0.00690460205078125,0.01293182373046875,0.02880096435546875,0.0102996826171875,0.02185821533203125,0.00873565673828125,0.00766754150390625,0.02895355224609375,-0.150299072265625,0.05584716796875,0.089263916015625,0.101318359375,0.0909423828125,0.109405517578125,0.104827880859375,0.113067626953125,0.052490234375,0.0482177734375,0.1348876953125,0.095672607421875,0.848541259765625,0.78216552734375,-0.26947021484375,1.435089111328125,10.4624605178833
362,0.43600000000000017,-0.0,-0.0,-0.0,-0.0,-0.0,-0.0,-8.193073272705078,-6.691920280456543,-750.4015502929688,-240672.765625,22322.919921875,3190.999755859375,-0.0,-0.0,-0.0,-0.0,-0.0,-0.0,-0.0,-0.0,-0.0,-0.0,-0.0,-0.0,0.0052642822265625,0.0054168701171875,0.00545501708984375,0.007781982421875,0.0045013427734375,0.00720977783203125,0.0051116943359375,0.01064300537109375,0.00225067138671875,0.0054168701171875,0.02918243408203125,0.00156402587890625,0.0177001953125,0.00446319580078125,0.0029754638671875,0.0122833251953125,0.105133056640625,0.115966796875,0.096893310546875,0.10406494140625,0.09552001953125,0.11322021484375,0.103759765625,0.102691650390625,0.070037841796875,0.07720947265625,0.0738525390625,0.110931396484375,1.181640625,3.3172607421875,-0.60546875,2.3974609375,5.279426097869873
363,0.43650000000000017,-0.0,-0.0,-0.0,-0.0,-0.0,-0.0,-7.5492401123046875,-5.648838043212891,-745.8870849609375,-239575.40625,22244.025390625,3164.988037109375,-0.0,-0.0,-0.0,-0.0,-0.0,-0.0,-0.0,-0.0,-0.0,-0.0,-0.0,-0.0,-0.00965118408203125,-0.00797271728515625,-0.0135040283203125,-0.0156402587890625,-0.01300811767578125,-0.01468658447265625,-0.008697509765625,-0.0214385986328125,-0.008544921875,-0.012969970703125,-0.0287628173828125,-0.01110076904296875,-0.02269744873046875,-0.011444091796875,-0.00606536865234375,-0.028076171875,0.14068603515625,0.03814697265625,0.0860595703125,0.1007080078125,0.067596435546875,0.103302001953125,0.089874267578125,0.09490966796875,0.1080322265625,0.188140869140625,0.079498291015625,0.097808837890625,-0.5560302734375,-0.55328369140625,0.55908203125,-1.2835693359375,6.803847789764404
364,0.43700000000000017,-0.0,-0.0,-0.0,-0.0,-0.0,-0.0,-7.110811710357666,-4.79819393157959,-746.6224365234375,-238998.734375,22324.341796875,3054.8671875,-0.0,-0.0,-0.0,-0.0,-0.0,-0.0,-0.0,-0.0,-0.0,-0.0,-0.0,-0.0,-0.00640869140625,-0.003662109375,-0.00644683837890625,-0.00728607177734375,-0.005035400390625,-0.00457763671875,-0.0061798095703125,-0.0106048583984375,-0.0018310546875,-0.00782012939453125,-0.0272369384765625,-0.00370025634765625,-0.01850128173828125,-0.0054168701171875,-0.0029754638671875,-0.010223388671875,0.175018310546875,0.22125244140625,0.083770751953125,0.06927490234375,0.137786865234375,0.066070556640625,0.089111328125,0.0946044921875,0.11077880859375,0.0616455078125,0.06927490234375,0.110015869140625,-0.9393310546875,-3.04931640625,0.633544921875,-2.722015380859375,0.40127673745155334
365,0.43750000000000017,-0.0,-0.0,-0.0,-0.0,-0.0,-0.0,-7.047630310058594,-4.018442630767822,-742.9590454101562,-237793.265625,21913.0,2901.8466796875,-0.0,-0.0,-0.0,-0.0,-0.0,-0.0,-0.0,-0.0,-0.0,-0.0,-0.0,-0.0,0.011138916015625,0.00759124755859375,0.01399993896484375,0.01621246337890625,0.012664794921875,0.01583099365234375,0.0112152099609375,0.0241851806640625,0.0070953369140625,0.01651763916015625,0.02910614013671875,0.01194000244140625,0.0229644775390625,0.0122833251953125,0.0060272216796875,0.02727508544921875,0.121612548828125,0.09063720703125,0.096588134765625,0.0921630859375,0.1031494140625,0.091094970703125,0.09765625,0.1019287109375,0.121612548828125,0.162506103515625,0.062255859375,0.092620849609375,1.136322021484375,0.76080322265625,-0.29296875,1.3836669921875,12.291766166687012
366,0.43800000000000017,-0.0,-0.0,-0.0,-0.0,-0.0,-0.0,-5.831690788269043,-2.9995341300964355,-740.45703125,-236890.8125,21506.12109375,2675.913330078125,-0.0,-0.0,-0.0,-0.0,-0.0,-0.0,-0.0,-0.0,-0.0,-0.0,-0.0,-0.0,0.005035400390625,0.00415802001953125,0.00583648681640625,0.007171630859375,0.0042724609375,0.00919342041015625,0.00659942626953125,0.01300811767578125,0.00396728515625,0.00759124755859375,0.028076171875,0.00156402587890625,0.0214385986328125,0.003204345703125,0.001220703125,0.01132965087890625,-0.013427734375,0.008697509765625,0.1129150390625,0.106658935546875,0.0982666015625,0.11627197265625,0.099639892578125,0.100555419921875,0.130615234375,0.08758544921875,0.123748779296875,0.072021484375,1.064300537109375,3.29742431640625,-0.67626953125,2.97393798828125,5.279426097869873
367,0.43850000000000017,-0.0,-0.0,-0.0,-0.0,-0.0,-0.0,-5.25555944442749,-3.0382871627807617,-737.4085693359375,-235581.5625,21349.408203125,2446.97705078125,-0.0,-0.0,-0.0,-0.0,-0.0,-0.0,-0.0,-0.0,-0.0,-0.0,-0.0,-0.0,-0.00835418701171875,-0.008087158203125,-0.010986328125,-0.01667022705078125,-0.01132965087890625,-0.0162506103515625,-0.00789642333984375,-0.0254058837890625,-0.00682830810546875,-0.0157928466796875,-0.027313232421875,-0.0121307373046875,-0.01873016357421875,-0.0103759765625,-0.0038909912109375,-0.02811431884765625,0.108184814453125,0.12725830078125,0.09796142578125,0.105743408203125,0.11077880859375,0.103912353515625,0.100860595703125,0.101776123046875,0.072021484375,0.1019287109375,0.0836181640625,0.11199951171875,-0.762939453125,-0.606689453125,0.56060791015625,-0.875091552734375,-1.4280292987823486
368,0.43900000000000017,-0.0,-0.0,-0.0,-0.0,-0.0,-0.0,-4.395360946655273,-2.422537088394165,-734.5170288085938,-234593.21875,21028.611328125,2168.277587890625,-0.0,-0.0,-0.0,-0.0,-0.0,-0.0,-0.0,-0.0,-0.0,-0.0,-0.0,-0.0,-0.004425048828125,-0.00141143798828125,-0.00476837158203125,-0.007476806640625,-0.00579833984375,-0.00823974609375,-0.00579833984375,-0.01209259033203125,-0.0052642822265625,-0.00743865966796875,-0.02841949462890625,-0.00011444091796875,-0.0203704833984375,-0.0032806396484375,-0.00049591064453125,-0.011749267578125,0.19012451171875,0.133209228515625,0.07720947265625,0.102081298828125,0.098724365234375,0.09552001953125,0.09796142578125,0.09429931640625,0.082855224609375,0.093994140625,0.068206787109375,0.087432861328125,-1.05926513671875,-3.0694580078125,0.83221435546875,-2.790985107421875,-2.95245099067688
369,0.43950000000000017,-0.0,-0.0,-0.0,-0.0,-0.0,-0.0,-3.1710543632507324,-2.025534152984619,-732.78369140625,-233714.640625,20542.29296875,1852.079345703125,-0.0,-0.0,-0.0,-0.0,-0.0,-0.0,-0.0,-0.0,-0.0,-0.0,-0.0,-0.0,0.0091552734375,0.00988006591796875,0.01155853271484375,0.0164031982421875,0.0118255615234375,0.015716552734375,0.00904083251953125,0.0240325927734375,0.00644683837890625,0.014495849609375,0.02666473388671875,0.011444091796875,0.02201080322265625,0.01117706298828125,0.0051116943359375,0.027923583984375,0.048065185546875,0.118408203125,0.0860595703125,0.106353759765625,0.0946044921875,0.106048583984375,0.09979248046875,0.09918212890625,0.106201171875,0.084686279296875,0.090179443359375,0.095977783203125,0.5450439453125,0.76202392578125,-0.4351806640625,1.5142822265625,9.852691650390625
370,0.44000000000000017,-0.0,-0.0,-0.0,-0.0,-0.0,-0.0,-2.3360559940338135,-1.1586952209472656,-729.3494262695312,-232863.5,20208.494140625,1528.0391845703125,-0.0,-0.0,-0.0,-0.0,-0.0,-0.0,-0.0,-0.0,-0.0,-0.0,-0.0,-0.0,0.003814697265625,0.00576019287109375,0.0069427490234375,0.00820159912109375,0.0055694580078125,0.008544921875,0.0091552734375,0.01079559326171875,0.00347137451171875,0.007476806640625,0.0275421142578125,0.00171661376953125,0.02124786376953125,0.00545501708984375,0.00209808349609375,0.01323699951171875,0.06195068359375,0.014801025390625,0.12176513671875,0.101470947265625,0.091094970703125,0.110626220703125,0.094451904296875,0.10345458984375,0.145721435546875,0.27252197265625,0.100860595703125,0.113983154296875,1.31103515625,3.26934814453125,-0.611572265625,3.012847900390625,3.755004405975342
371,0.44050000000000017,-0.0,-0.0,-0.0,-0.0,-0.0,-0.0,-1.661214828491211,0.3011457324028015,-728.4241943359375,-231950.0625,20118.423828125,1388.2567138671875,-0.0,-0.0,-0.0,-0.0,-0.0,-0.0,-0.0,-0.0,-0.0,-0.0,-0.0,-0.0,-0.01026153564453125,-0.00705718994140625,-0.0112152099609375,-0.01552581787109375,-0.01129150390625,-0.016021728515625,-0.01155853271484375,-0.02216339111328125,-0.009307861328125,-0.012359619140625,-0.0262451171875,-0.009765625,-0.02437591552734375,-0.01064300537109375,-0.00484466552734375,-0.02834320068359375,0.166168212890625,0.053558349609375,0.096282958984375,0.102996826171875,0.0848388671875,0.09979248046875,0.07598876953125,0.080718994140625,-0.092010498046875,-0.00518798828125,0.079803466796875,0.102996826171875,-0.6787109375,-0.26397705078125,0.5633544921875,-1.37420654296875,4.364773273468018
372,0.44100000000000017,-0.0,-0.0,-0.0,-0.0,-0.0,-0.0,-1.5654720067977905,0.8767282962799072,-723.8592529296875,-230438.390625,20099.24609375,1327.384765625,-0.0,-0.0,-0.0,-0.0,-0.0,-0.0,-0.0,-0.0,-0.0,-0.0,-0.0,-0.0,-0.0045013427734375,-0.0018310546875,-0.0041961669921875,-0.00514984130859375,-0.0054931640625,-0.00629425048828125,-0.00659942626953125,-0.01224517822265625,-0.00392913818359375,-0.011138916015625,-0.02796173095703125,-0.0017547607421875,-0.0208282470703125,-0.004425048828125,-0.00026702880859375,-0.0116729736328125,0.114593505859375,0.1287841796875,0.060272216796875,0.102386474609375,0.06805419921875,0.088043212890625,0.11810302734375,0.1007080078125,0.302581787109375,0.16265869140625,0.1165771484375,0.0738525390625,-1.3128662109375,-3.094482421875,0.92010498046875,-2.85888671875,1.3159297704696655
373,0.44150000000000017,-0.0,-0.0,-0.0,-0.0,-0.0,-0.0,-1.6057891845703125,1.943429708480835,-719.6213989257812,-229249.359375,19984.984375,1349.9600830078125,-0.0,-0.0,-0.0,-0.0,-0.0,-0.0,-0.0,-0.0,-0.0,-0.0,-0.0,-0.0,0.01110076904296875,0.007781982421875,0.01300811767578125,0.01617431640625,0.0127410888671875,0.01476287841796875,0.01041412353515625,0.02201080322265625,0.00720977783203125,0.01354217529296875,0.02735137939453125,0.0107574462890625,0.02414703369140625,0.010986328125,0.00476837158203125,0.02956390380859375,0.1025390625,0.171051025390625,0.11962890625,0.10040283203125,0.032958984375,0.11077880859375,0.0970458984375,0.103759765625,0.048065185546875,0.1007080078125,0.110015869140625,0.076446533203125,0.770111083984375,0.67718505859375,-0.4168701171875,1.809234619140625,11.681997299194336
374,0.44200000000000017,-0.0,-0.0,-0.0,-0.0,-0.0,-0.0,-1.761799693107605,2.6025214195251465,-713.0167846679688,-227648.109375,19893.408203125,1419.3236083984375,-0.0,-0.0,-0.0,-0.0,-0.0,-0.0,-0.0,-0.0,-0.0,-0.0,-0.0,-0.0,0.00644683837890625,0.005035400390625,0.00637054443359375,0.0091552734375,0.00553131103515625,0.00881195068359375,0.006561279296875,0.012359619140625,0.0034332275390625,0.0091552734375,0.0279998779296875,0.0034332275390625,0.0223541259765625,0.00606536865234375,0.0034332275390625,0.01346588134765625,0.081939697265625,0.087127685546875,0.10894775390625,0.100555419921875,0.2105712890625,0.103302001953125,0.1214599609375,0.10528564453125,0.193328857421875,0.07415771484375,0.095367431640625,0.096282958984375,1.289215087890625,3.28948974609375,-0.390625,3.11492919921875,4.974541664123535
375,0.44250000000000017,-0.0,-0.0,-0.0,-0.0,-0.0,-0.0,-1.6057891845703125,2.23725962638855,-706.907470703125,-226128.03125,20018.296875,1325.3359375,-0.0,-0.0,-0.0,-0.0,-0.0,-0.0,-0.0,-0.0,-0.0,-0.0,-0.0,-0.0,-0.00835418701171875,-0.00843048095703125,-0.0116729736328125,-0.01628875732421875,-0.01068115234375,-0.0168609619140625,-0.011444091796875,-0.02285003662109375,-0.00759124755859375,-0.01499176025390625,-0.02780914306640625,-0.013885498046875,-0.02471923828125,-0.01247406005859375,-0.002899169921875,-0.0283050537109375,0.03570556640625,-0.11199951171875,0.067901611328125,0.095062255859375,0.11993408203125,0.085906982421875,0.0982666015625,0.094146728515625,0.12603759765625,-0.084228515625,0.122833251953125,0.130157470703125,-0.831146240234375,-0.58563232421875,0.3466796875,-1.502685546875,-2.0377979278564453
376,0.44300000000000017,-0.0,-0.0,-0.0,-0.0,-0.0,-0.0,-1.270646095275879,1.6043472290039062,-704.5577392578125,-225325.078125,19662.341796875,1356.8544921875,-0.0,-0.0,-0.0,-0.0,-0.0,-0.0,-0.0,-0.0,-0.0,-0.0,-0.0,-0.0,-0.007171630859375,-0.00492095947265625,-0.00568389892578125,-0.006866455078125,-0.0035858154296875,-0.009613037109375,-0.0064849853515625,-0.01178741455078125,-0.00118255615234375,-0.00888824462890625,-0.0287628173828125,-0.00209808349609375,-0.02262115478515625,-0.00469207763671875,-0.00476837158203125,-0.01220703125,0.095672607421875,0.426177978515625,0.106964111328125,0.102996826171875,0.117340087890625,0.103759765625,0.102081298828125,0.10772705078125,0.035247802734375,0.039215087890625,0.13519287109375,0.10833740234375,-1.126251220703125,-3.09478759765625,0.9649658203125,-2.927703857421875,-2.95245099067688
377,0.44350000000000017,-0.0,-0.0,-0.0,-0.0,-0.0,-0.0,-1.1411182880401611,0.8913040161132812,-701.4261474609375,-225191.875,19746.513671875,1394.5655517578125,-0.0,-0.0,-0.0,-0.0,-0.0,-0.0,-0.0,-0.0,-0.0,-0.0,-0.0,-0.0,0.0115966796875,0.006561279296875,0.01361846923828125,0.01499176025390625,0.01129150390625,0.01621246337890625,0.0109100341796875,0.02315521240234375,0.00843048095703125,0.0162506103515625,0.02895355224609375,0.011138916015625,0.02750396728515625,0.01262664794921875,0.00614166259765625,0.0274658203125,0.118865966796875,0.16571044921875,0.103302001953125,0.095367431640625,0.0634765625,0.09521484375,0.097503662109375,0.118865966796875,-0.044708251953125,0.13763427734375,0.13336181640625,0.044403076171875,1.32598876953125,0.67779541015625,-0.31982421875,1.966094970703125,10.4624605178833
378,0.4440000000000002,-0.0,-0.0,-0.0,-0.0,-0.0,-0.0,-0.9907544255256653,-0.4456520080566406,-699.5289306640625,-225292.5,19333.990234375,1338.1151123046875,-0.0,-0.0,-0.0,-0.0,-0.0,-0.0,-0.0,-0.0,-0.0,-0.0,-0.0,-0.0,0.0055694580078125,0.00438690185546875,0.00705718994140625,0.0095367431640625,0.0057220458984375,0.009002685546875,0.00728607177734375,0.01255035400390625,0.00457763671875,0.01003265380859375,0.02880096435546875,0.00213623046875,0.0202178955078125,0.0049591064453125,0.00213623046875,0.0131988525390625,0.21575927734375,0.044097900390625,0.1068115234375,0.104827880859375,-0.06378173828125,0.0982666015625,0.0958251953125,0.0933837890625,0.097198486328125,0.231781005859375,0.1190185546875,0.07720947265625,1.365509033203125,3.31573486328125,-0.6488037109375,2.971343994140625,4.974541664123535
379,0.4445000000000002,-0.0,-0.0,-0.0,-0.0,-0.0,-0.0,-0.11942532658576965,-2.189919948577881,-698.1987915039062,-225392.640625,19306.3203125,1177.8167724609375,-0.0,-0.0,-0.0,-0.0,-0.0,-0.0,-0.0,-0.0,-0.0,-0.0,-0.0,-0.0,-0.009765625,-0.00705718994140625,-0.01316070556640625,-0.014495849609375,-0.0112152099609375,-0.0139617919921875,-0.01102447509765625,-0.02223968505859375,-0.0067138671875,-0.013427734375,-0.030059814453125,-0.01163482666015625,-0.0255584716796875,-0.00957489013671875,-0.00476837158203125,-0.0279998779296875,0.07293701171875,0.063934326171875,0.07476806640625,0.099945068359375,0.18829345703125,0.091094970703125,0.077362060546875,0.087432861328125,0.2142333984375,-0.02593994140625,0.114898681640625,0.12847900390625,-0.855560302734375,-0.7574462890625,0.31463623046875,-1.45477294921875,0.40127673745155334
380,0.4450000000000002,-0.0,-0.0,-0.0,-0.0,-0.0,-0.0,0.7931540012359619,-4.279031276702881,-697.7262573242188,-225945.390625,18986.8359375,1188.5858154296875,-0.0,-0.0,-0.0,-0.0,-0.0,-0.0,-0.0,-0.0,-0.0,-0.0,-0.0,-0.0,-0.00820159912109375,-0.00652313232421875,-0.0063323974609375,-0.00736236572265625,-0.00579833984375,-0.00667572021484375,-0.00614166259765625,-0.01239776611328125,-0.00232696533203125,-0.009765625,-0.027923583984375,-0.0016021728515625,-0.02285003662109375,-0.0063323974609375,-0.0014495849609375,-0.0124359130859375,0.059356689453125,0.135650634765625,0.103759765625,0.100250244140625,0.159759521484375,0.098114013671875,0.100860595703125,0.1031494140625,0.22918701171875,0.046234130859375,0.12420654296875,0.12176513671875,-1.43218994140625,-3.08135986328125,1.0296630859375,-3.01055908203125,0.09639240801334381
381,0.4455000000000002,-0.0,-0.0,-0.0,-0.0,-0.0,-0.0,1.2884835004806519,-6.912543773651123,-698.55078125,-226532.953125,18819.92578125,894.06298828125,-0.0,-0.0,-0.0,-0.0,-0.0,-0.0,-0.0,-0.0,-0.0,-0.0,-0.0,-0.0,0.01171112060546875,0.0064849853515625,0.0135040283203125,0.01590728759765625,0.0122833251953125,0.01529693603515625,0.01064300537109375,0.0241851806640625,0.00701904296875,0.0151824951171875,0.02941131591796875,0.01064300537109375,0.02567291259765625,0.009307861328125,0.00423431396484375,0.02780914306640625,0.131683349609375,0.07049560546875,0.102081298828125,0.096893310546875,0.093994140625,0.09735107421875,0.096588134765625,0.097503662109375,0.03509521484375,0.12359619140625,0.119781494140625,0.0946044921875,1.140594482421875,0.802001953125,-0.3082275390625,1.77093505859375,10.76734447479248
382,0.4460000000000002,-0.0,-0.0,-0.0,-0.0,-0.0,-0.0,2.2102131843566895,-9.15088939666748,-703.1038818359375,-228118.96875,18701.138671875,580.2838745117188,-0.0,-0.0,-0.0,-0.0,-0.0,-0.0,-0.0,-0.0,-0.0,-0.0,-0.0,-0.0,0.00293731689453125,0.0042724609375,0.0048065185546875,0.00896453857421875,0.006103515625,0.009002685546875,0.00926971435546875,0.01262664794921875,0.005950927734375,0.0084686279296875,0.03063201904296875,0.00133514404296875,0.0226593017578125,0.004119873046875,0.00064849853515625,0.012969970703125,0.076904296875,0.119781494140625,0.0982666015625,0.090179443359375,0.0860595703125,0.092620849609375,0.1055908203125,0.1007080078125,0.157623291015625,0.19500732421875,0.13671875,0.103912353515625,1.164398193359375,3.28399658203125,-0.84716796875,3.104095458984375,4.669657230377197
383,0.4465000000000002,-0.0,-0.0,-0.0,-0.0,-0.0,-0.0,2.8344292640686035,-11.981882095336914,-707.9290771484375,-229984.484375,18676.251953125,441.4771423339844,-0.0,-0.0,-0.0,-0.0,-0.0,-0.0,-0.0,-0.0,-0.0,-0.0,-0.0,-0.0,-0.008544921875,-0.00911712646484375,-0.01178741455078125,-0.0164794921875,-0.0106048583984375,-0.01682281494140625,-0.00823974609375,-0.02231597900390625,-0.00637054443359375,-0.0160980224609375,-0.02750396728515625,-0.01132965087890625,-0.02330780029296875,-0.01026153564453125,-0.00492095947265625,-0.02719879150390625,0.107574462890625,0.09002685546875,0.088043212890625,0.110931396484375,0.080108642578125,0.101165771484375,0.106048583984375,0.096588134765625,-0.058441162109375,0.369873046875,0.11962890625,0.107421875,-1.0845947265625,-0.49468994140625,0.39154052734375,-1.38427734375,-10.269674301147461
384,0.4470000000000002,-0.0,-0.0,-0.0,-0.0,-0.0,-0.0,3.082916736602783,-14.845361709594727,-712.0853271484375,-231991.125,18661.5,438.70538330078125,-0.0,-0.0,-0.0,-0.0,-0.0,-0.0,-0.0,-0.0,-0.0,-0.0,-0.0,-0.0,-0.00640869140625,-0.00225067138671875,-0.00522613525390625,-0.00591278076171875,-0.00553131103515625,-0.00720977783203125,-0.00774383544921875,-0.01316070556640625,-0.0040435791015625,-0.01220703125,-0.0301361083984375,-0.0023651123046875,-0.02410888671875,-0.00453948974609375,-0.00072479248046875,-0.0131988525390625,0.110321044921875,0.095977783203125,0.10101318359375,0.102996826171875,0.098419189453125,0.10223388671875,0.096893310546875,0.111541748046875,0.211029052734375,-0.1812744140625,0.118865966796875,0.086669921875,-1.19964599609375,-3.09173583984375,0.95672607421875,-2.955169677734375,0.7061610817909241
385,0.4475000000000002,-0.0,-0.0,-0.0,-0.0,-0.0,-0.0,3.0146894454956055,-16.4393367767334,-715.8543701171875,-233523.25,18704.12109375,356.5323486328125,-0.0,-0.0,-0.0,-0.0,-0.0,-0.0,-0.0,-0.0,-0.0,-0.0,-0.0,-0.0,0.00911712646484375,0.00896453857421875,0.0139617919921875,0.01621246337890625,0.011749267578125,0.0159454345703125,0.008087158203125,0.02410888671875,0.0048828125,0.01720428466796875,0.02819061279296875,0.01201629638671875,0.0214385986328125,0.01148223876953125,0.0049591064453125,0.02834320068359375,0.103912353515625,0.081329345703125,0.100555419921875,0.110931396484375,0.11505126953125,0.100860595703125,0.105133056640625,0.095062255859375,0.035552978515625,0.01922607421875,0.089263916015625,0.087432861328125,1.188201904296875,0.86700439453125,-0.42388916015625,1.34307861328125,8.328269958496094
386,0.4480000000000002,-0.0,-0.0,-0.0,-0.0,-0.0,-0.0,3.557835340499878,-17.55868911743164,-719.5831909179688,-235076.75,18785.375,501.7563171386719,-0.0,-0.0,-0.0,-0.0,-0.0,-0.0,-0.0,-0.0,-0.0,-0.0,-0.0,-0.0,0.005340576171875,0.00446319580078125,0.00762939453125,0.00988006591796875,0.00598907470703125,0.00843048095703125,0.00713348388671875,0.01373291015625,0.0029754638671875,0.00904083251953125,0.02895355224609375,0.0017547607421875,0.020599365234375,0.00499725341796875,0.003814697265625,0.0139617919921875,0.109405517578125,0.073394775390625,0.101776123046875,0.099029541015625,0.049285888671875,0.09185791015625,0.093231201171875,0.095672607421875,-0.032806396484375,0.1190185546875,0.0811767578125,0.0933837890625,1.29119873046875,3.2720947265625,-0.736083984375,2.8778076171875,13.816187858581543
387,0.4485000000000002,-0.0,-0.0,-0.0,-0.0,-0.0,-0.0,3.382983684539795,-18.75658416748047,-722.648681640625,-236269.515625,19008.16015625,327.7534484863281,-0.0,-0.0,-0.0,-0.0,-0.0,-0.0,-0.0,-0.0,-0.0,-0.0,-0.0,-0.0,-0.0118255615234375,-0.00766754150390625,-0.01323699951171875,-0.014190673828125,-0.01201629638671875,-0.01491546630859375,-0.01033782958984375,-0.02162933349609375,-0.00766754150390625,-0.012359619140625,-0.0272369384765625,-0.0118255615234375,-0.02353668212890625,-0.01041412353515625,-0.00347137451171875,-0.0269317626953125,0.1190185546875,0.0628662109375,0.087890625,0.09674072265625,0.09979248046875,0.089874267578125,0.086822509765625,0.083770751953125,0.06927490234375,0.12359619140625,0.05157470703125,0.097198486328125,-0.750732421875,-0.5682373046875,0.49072265625,-1.55029296875,-1.1231448650360107
388,0.4490000000000002,-0.0,-0.0,-0.0,-0.0,-0.0,-0.0,2.7089738845825195,-18.77826499938965,-725.6985473632812,-236956.828125,19206.69140625,588.8533935546875,-0.0,-0.0,-0.0,-0.0,-0.0,-0.0,-0.0,-0.0,-0.0,-0.0,-0.0,-0.0,-0.00476837158203125,-0.0035858154296875,-0.00530242919921875,-0.00789642333984375,-0.00438690185546875,-0.0079345703125,-0.00659942626953125,-0.01216888427734375,-0.00408172607421875,-0.00980377197265625,-0.030517578125,-0.00080108642578125,-0.0197601318359375,-0.00579833984375,-0.001678466796875,-0.012969970703125,0.08819580078125,0.114593505859375,0.107879638671875,0.099639892578125,0.107879638671875,0.114898681640625,0.102996826171875,0.1007080078125,0.199737548828125,0.027313232421875,-0.0299072265625,0.1019287109375,-1.21795654296875,-3.101806640625,1.1199951171875,-2.61993408203125,0.40127673745155334
389,0.4495000000000002,-0.0,-0.0,-0.0,-0.0,-0.0,-0.0,2.2803828716278076,-18.243698120117188,-728.96337890625,-237655.0,19386.693359375,712.0159301757812,-0.0,-0.0,-0.0,-0.0,-0.0,-0.0,-0.0,-0.0,-0.0,-0.0,-0.0,-0.0,0.00949859619140625,0.0089263916015625,0.01129150390625,0.01697540283203125,0.01079559326171875,0.01499176025390625,0.0119781494140625,0.02288818359375,0.00621795654296875,0.01438140869140625,0.02796173095703125,0.01125335693359375,0.02216339111328125,0.01262664794921875,0.003814697265625,0.0276947021484375,0.09796142578125,0.101318359375,0.10345458984375,0.102081298828125,0.049591064453125,0.10162353515625,0.101470947265625,0.094757080078125,0.039825439453125,0.127716064453125,0.183563232421875,0.086212158203125,0.96343994140625,0.7550048828125,-0.4266357421875,1.58599853515625,11.681997299194336
390,0.4500000000000002,-0.0,-0.0,-0.0,-0.0,-0.0,-0.0,1.973801851272583,-17.553186416625977,-728.9851684570312,-237821.796875,19806.57421875,941.074462890625,-0.0,-0.0,-0.0,-0.0,-0.0,-0.0,-0.0,-0.0,-0.0,-0.0,-0.0,-0.0,0.0061798095703125,0.00415802001953125,0.00560760498046875,0.0070953369140625,0.005035400390625,0.00698089599609375,0.006561279296875,0.01323699951171875,0.0035858154296875,0.01041412353515625,0.032806396484375,0.0025177001953125,0.02239227294921875,0.005645751953125,0.0029754638671875,0.01270294189453125,0.0970458984375,0.105743408203125,0.0958251953125,0.0933837890625,0.106048583984375,0.091400146484375,0.096282958984375,0.097198486328125,-0.09002685546875,0.162506103515625,0.18890380859375,0.09002685546875,1.035614013671875,3.30352783203125,-0.6494140625,2.99468994140625,5.279426097869873
391,0.4505000000000002,-0.0,-0.0,-0.0,-0.0,-0.0,-0.0,0.8028945922851562,-15.720870018005371,-730.042724609375,-237465.734375,19782.763671875,1202.397705078125,-0.0,-0.0,-0.0,-0.0,-0.0,-0.0,-0.0,-0.0,-0.0,-0.0,-0.0,-0.0,-0.00885009765625,-0.0093841552734375,-0.0110626220703125,-0.01491546630859375,-0.0112152099609375,-0.013427734375,-0.009307861328125,-0.02292633056640625,-0.00701904296875,-0.013580322265625,-0.02483367919921875,-0.01155853271484375,-0.02231597900390625,-0.00896453857421875,-0.00453948974609375,-0.02628326416015625,0.105438232421875,0.1031494140625,0.091400146484375,0.09521484375,0.10162353515625,0.10345458984375,0.093231201171875,0.090789794921875,0.2276611328125,0.061187744140625,0.05889892578125,0.103607177734375,-0.583953857421875,-0.52886962890625,0.52154541015625,-1.27960205078125,-3.8671038150787354
392,0.4510000000000002,-0.0,-0.0,-0.0,-0.0,-0.0,-0.0,0.05034103989601135,-13.927265167236328,-728.3024291992188,-236453.25,20263.89453125,1426.72412109375,-0.0,-0.0,-0.0,-0.0,-0.0,-0.0,-0.0,-0.0,-0.0,-0.0,-0.0,-0.0,-0.00675201416015625,-0.00308990478515625,-0.00576019287109375,-0.0075531005859375,-0.0043487548828125,-0.0080108642578125,-0.00457763671875,-0.014190673828125,-0.00270843505859375,-0.01087188720703125,-0.03009796142578125,-0.0038909912109375,-0.02407073974609375,-0.0046539306640625,-0.00347137451171875,-0.01369476318359375,0.09979248046875,0.099029541015625,0.09063720703125,0.100555419921875,0.09765625,0.103912353515625,0.106048583984375,0.10040283203125,0.178375244140625,0.121917724609375,0.0738525390625,0.104827880859375,-1.12152099609375,-3.08990478515625,0.8062744140625,-2.97637939453125,-0.5133762359619141
393,0.4515000000000002,-0.0,-0.0,-0.0,-0.0,-0.0,-0.0,-0.33364295959472656,-11.877521514892578,-725.3856811523438,-235628.359375,20390.119140625,1662.3153076171875,-0.0,-0.0,-0.0,-0.0,-0.0,-0.0,-0.0,-0.0,-0.0,-0.0,-0.0,-0.0,0.00988006591796875,0.00736236572265625,0.01201629638671875,0.01728057861328125,0.011138916015625,0.014801025390625,0.00823974609375,0.02262115478515625,0.00690460205078125,0.01239776611328125,0.02838134765625,0.00942230224609375,0.02178192138671875,0.0116729736328125,0.0037384033203125,0.02899169921875,0.099639892578125,0.09368896484375,0.102386474609375,0.0970458984375,0.10162353515625,0.098419189453125,0.110321044921875,0.101470947265625,0.112152099609375,0.09490966796875,0.08209228515625,0.106658935546875,0.792999267578125,0.8233642578125,-0.50048828125,1.351470947265625,12.596650123596191
394,0.4520000000000002,-0.0,-0.0,-0.0,-0.0,-0.0,-0.0,-0.996599555015564,-10.196020126342773,-724.2650756835938,-234820.53125,20713.806640625,1671.4334716796875,-0.0,-0.0,-0.0,-0.0,-0.0,-0.0,-0.0,-0.0,-0.0,-0.0,-0.0,-0.0,0.00644683837890625,0.0041961669921875,0.005950927734375,0.00743865966796875,0.00568389892578125,0.00946044921875,0.0077056884765625,0.01453399658203125,0.0041961669921875,0.009002685546875,0.03215789794921875,0.00408172607421875,0.02056121826171875,0.00316619873046875,0.0011444091796875,0.0128936767578125,0.103302001953125,0.105743408203125,0.09979248046875,0.0927734375,0.0970458984375,0.096588134765625,0.0775146484375,0.093231201171875,0.1055908203125,0.185089111328125,0.1019287109375,0.09063720703125,1.114349365234375,3.3013916015625,-0.63201904296875,2.779998779296875,6.803847789764404
395,0.4525000000000002,-0.0,-0.0,-0.0,-0.0,-0.0,-0.0,-1.3113774061203003,-8.32775592803955,-725.12548828125,-234505.234375,20678.3046875,1832.8753662109375,-0.0,-0.0,-0.0,-0.0,-0.0,-0.0,-0.0,-0.0,-0.0,-0.0,-0.0,-0.0,-0.0101470947265625,-0.00614166259765625,-0.01251220703125,-0.015869140625,-0.011138916015625,-0.0147247314453125,-0.0089263916015625,-0.02201080322265625,-0.00629425048828125,-0.0127410888671875,-0.02655029296875,-0.00972747802734375,-0.0173187255859375,-0.00988006591796875,-0.004119873046875,-0.0267791748046875,0.117645263671875,0.081634521484375,0.097503662109375,0.102996826171875,0.1025390625,0.101470947265625,0.09674072265625,0.101776123046875,0.0384521484375,0.001983642578125,0.102996826171875,0.09002685546875,-0.55511474609375,-0.53924560546875,0.6243896484375,-0.902252197265625,-2.342682361602783
396,0.4530000000000002,-0.0,-0.0,-0.0,-0.0,-0.0,-0.0,-1.5431644916534424,-5.383830547332764,-724.4671020507812,-234052.453125,20672.166015625,1875.3511962890625,-0.0,-0.0,-0.0,-0.0,-0.0,-0.0,-0.0,-0.0,-0.0,-0.0,-0.0,-0.0,-0.0067901611328125,-0.0038909912109375,-0.00652313232421875,-0.00885009765625,-0.00732421875,-0.009002685546875,-0.0081634521484375,-0.01399993896484375,-0.00339508056640625,-0.00926971435546875,-0.0305938720703125,-0.001220703125,-0.02185821533203125,-0.0038909912109375,-0.0006866455078125,-0.01407623291015625,0.12908935546875,0.018157958984375,0.0726318359375,0.0933837890625,0.103759765625,0.08575439453125,0.095367431640625,0.09490966796875,0.148162841796875,0.0634765625,0.05950927734375,0.10589599609375,-1.129913330078125,-3.101806640625,0.79986572265625,-2.9425048828125,1.9256983995437622
397,0.4535000000000002,-0.0,-0.0,-0.0,-0.0,-0.0,-0.0,-1.1597366333007812,-4.059480667114258,-724.2276000976562,-233956.65625,20770.830078125,1667.751220703125,-0.0,-0.0,-0.0,-0.0,-0.0,-0.0,-0.0,-0.0,-0.0,-0.0,-0.0,-0.0,0.00965118408203125,0.00766754150390625,0.0121307373046875,0.01407623291015625,0.0101470947265625,0.01567840576171875,0.00705718994140625,0.02227783203125,0.00598907470703125,0.01628875732421875,0.024871826171875,0.0109100341796875,0.0218963623046875,0.01132965087890625,0.00537872314453125,0.02838134765625,-0.0054931640625,0.299224853515625,0.103302001953125,0.09857177734375,0.09735107421875,0.10650634765625,0.107879638671875,0.104827880859375,0.1556396484375,0.1068115234375,0.07354736328125,0.098419189453125,1.061553955078125,0.33203125,-0.352783203125,1.370849609375,12.291766166687012
398,0.4540000000000002,-0.0,-0.0,-0.0,-0.0,-0.0,-0.0,-1.2228128910064697,-2.315885543823242,-727.5018920898438,-233895.46875,20737.294921875,1627.883056640625,-0.0,-0.0,-0.0,-0.0,-0.0,-0.0,-0.0,-0.0,-0.0,-0.0,-0.0,-0.0,0.00675201416015625,0.00499725341796875,0.0064849853515625,0.00843048095703125,0.0063323974609375,0.0090789794921875,0.00804901123046875,0.0159454345703125,0.0049591064453125,0.0110626220703125,0.03246307373046875,0.003204345703125,0.0220489501953125,0.0057220458984375,0.0018310546875,0.0133514404296875,0.07537841796875,0.123443603515625,0.11260986328125,0.095977783203125,0.106048583984375,0.114288330078125,0.106201171875,0.10986328125,0.11505126953125,0.135650634765625,0.0628662109375,0.087738037109375,1.134796142578125,3.35205078125,-0.68603515625,3.0340576171875,4.669657230377197
399,0.4545000000000002,-0.0,-0.0,-0.0,-0.0,-0.0,-0.0,-1.7333835363388062,-0.954516589641571,-728.8114624023438,-234139.28125,20682.10546875,1955.1165771484375,-0.0,-0.0,-0.0,-0.0,-0.0,-0.0,-0.0,-0.0,-0.0,-0.0,-0.0,-0.0,-0.0104522705078125,-0.006103515625,-0.01190185546875,-0.01445770263671875,-0.0109100341796875,-0.01209259033203125,-0.0096893310546875,-0.02094268798828125,-0.00690460205078125,-0.009918212890625,-0.0238037109375,-0.01094818115234375,-0.02262115478515625,-0.008697509765625,-0.00522613525390625,-0.026092529296875,0.0799560546875,0.10223388671875,0.09979248046875,0.096893310546875,0.105438232421875,0.09613037109375,0.09979248046875,0.09857177734375,0.095367431640625,0.167236328125,0.08758544921875,0.1043701171875,-0.578155517578125,-0.30303955078125,0.35369873046875,-1.312408447265625,-3.2573351860046387
400,0.4550000000000002,-0.0,-0.0,-0.0,-0.0,-0.0,-0.0,-2.345182180404663,0.5987403392791748,-731.1821899414062,-234394.453125,20749.3203125,2085.66015625,-0.0,-0.0,-0.0,-0.0,-0.0,-0.0,-0.0,-0.0,-0.0,-0.0,-0.0,-0.0,-0.00705718994140625,-0.00499725341796875,-0.00644683837890625,-0.01003265380859375,-0.006256103515625,-0.00957489013671875,-0.00743865966796875,-0.0139617919921875,-0.00392913818359375,-0.0096893310546875,-0.0299072265625,-0.0008392333984375,-0.022735595703125,-0.00499725341796875,-0.00125885009765625,-0.01483917236328125,0.105743408203125,0.09429931640625,0.099945068359375,0.093994140625,0.096588134765625,0.096588134765625,0.100860595703125,0.099334716796875,-0.009613037109375,0.13946533203125,0.09521484375,0.104827880859375,-1.375732421875,-3.0877685546875,0.75592041015625,-2.848052978515625,-0.8182606101036072
401,0.4555000000000002,-0.0,-0.0,-0.0,-0.0,-0.0,-0.0,-3.1223678588867188,1.2860243320465088,-733.605224609375,-235022.734375,20671.95703125,2408.001220703125,-0.0,-0.0,-0.0,-0.0,-0.0,-0.0,-0.0,-0.0,-0.0,-0.0,-0.0,-0.0,0.00988006591796875,0.00858306884765625,0.011444091796875,0.01621246337890625,0.0110626220703125,0.016021728515625,0.008697509765625,0.0237274169921875,0.00652313232421875,0.01636505126953125,0.0276947021484375,0.009002685546875,0.0232696533203125,0.00965118408203125,0.0078582763671875,0.026397705078125,0.106048583984375,0.093231201171875,0.09613037109375,0.09246826171875,0.101165771484375,0.0927734375,0.097198486328125,0.0994873046875,0.04180908203125,0.066986083984375,0.10223388671875,0.11383056640625,1.348419189453125,0.755615234375,-0.50750732421875,1.502685546875,8.023386001586914
402,0.4560000000000002,-0.0,-0.0,-0.0,-0.0,-0.0,-0.0,-3.1609890460968018,1.871286153793335,-738.9525756835938,-235771.21875,20581.580078125,2370.890380859375,-0.0,-0.0,-0.0,-0.0,-0.0,-0.0,-0.0,-0.0,-0.0,-0.0,-0.0,-0.0,0.00720977783203125,0.0064849853515625,0.0079345703125,0.00995635986328125,0.0067901611328125,0.01262664794921875,0.00759124755859375,0.01346588134765625,0.00217437744140625,0.00919342041015625,0.03208160400390625,0.0049591064453125,0.02349853515625,0.0045013427734375,0.00213623046875,0.01506805419921875,0.101318359375,0.09033203125,0.09185791015625,0.100250244140625,0.095672607421875,0.096282958984375,0.099945068359375,0.101165771484375,0.21728515625,0.0750732421875,0.09429931640625,0.08056640625,1.296539306640625,3.33404541015625,-0.350341796875,3.133544921875,1.3159297704696655
403,0.4565000000000002,-0.0,-0.0,-0.0,-0.0,-0.0,-0.0,-2.6893439292907715,2.444577693939209,-740.1620483398438,-236508.1875,20492.4921875,2350.535888671875,-0.0,-0.0,-0.0,-0.0,-0.0,-0.0,-0.0,-0.0,-0.0,-0.0,-0.0,-0.0,-0.008544921875,-0.0075531005859375,-0.01041412353515625,-0.0153350830078125,-0.01178741455078125,-0.01621246337890625,-0.01049041748046875,-0.020751953125,-0.00988006591796875,-0.01483917236328125,-0.0261688232421875,-0.008697509765625,-0.02193450927734375,-0.0089263916015625,-0.00270843505859375,-0.02483367919921875,0.10284423828125,0.08941650390625,0.091552734375,0.09552001953125,0.09490966796875,0.0921630859375,0.09124755859375,0.0982666015625,-0.075225830078125,0.14923095703125,0.09185791015625,0.074462890625,-0.66192626953125,-0.4400634765625,0.5914306640625,-1.09527587890625,-1.732913613319397
404,0.4570000000000002,-0.0,-0.0,-0.0,-0.0,-0.0,-0.0,-2.4730513095855713,3.1079065799713135,-743.293212890625,-237434.359375,20372.630859375,2066.843505859375,-0.0,-0.0,-0.0,-0.0,-0.0,-0.0,-0.0,-0.0,-0.0,-0.0,-0.0,-0.0,-0.008544921875,-0.0061798095703125,-0.00682830810546875,-0.00812530517578125,-0.00720977783203125,-0.0092315673828125,-0.00629425048828125,-0.01354217529296875,-0.00270843505859375,-0.01132965087890625,-0.02956390380859375,-0.00354766845703125,-0.02262115478515625,-0.00667572021484375,-0.000762939453125,-0.0144195556640625,0.099639892578125,0.096588134765625,0.095062255859375,0.085906982421875,0.108642578125,0.09521484375,0.04547119140625,0.0775146484375,0.045318603515625,0.157318115234375,0.088958740234375,0.09796142578125,-1.388702392578125,-3.0926513671875,0.819091796875,-2.871551513671875,0.09639240801334381
405,0.4575000000000002,-0.0,-0.0,-0.0,-0.0,-0.0,-0.0,-1.9872581958770752,3.43817400932312,-745.6156005859375,-238023.984375,20025.90625,1862.3214111328125,-0.0,-0.0,-0.0,-0.0,-0.0,-0.0,-0.0,-0.0,-0.0,-0.0,-0.0,-0.0,0.00904083251953125,0.00934600830078125,0.0112152099609375,0.01705169677734375,0.01087188720703125,0.01461029052734375,0.01148223876953125,0.0220489501953125,0.00713348388671875,0.01506805419921875,0.0260162353515625,0.012359619140625,0.0205230712890625,0.01132965087890625,0.0026702880859375,0.0272369384765625,0.093536376953125,0.107574462890625,0.094757080078125,0.1190185546875,0.08453369140625,0.09735107421875,0.15228271484375,0.12115478515625,-0.103759765625,0.083770751953125,0.098724365234375,0.104827880859375,1.13555908203125,0.841064453125,-0.2801513671875,1.66229248046875,11.681997299194336
406,0.4580000000000002,-0.0,-0.0,-0.0,-0.0,-0.0,-0.0,-1.0057322978973389,3.1574058532714844,-748.741455078125,-238595.265625,19957.87890625,1677.59423828125,-0.0,-0.0,-0.0,-0.0,-0.0,-0.0,-0.0,-0.0,-0.0,-0.0,-0.0,-0.0,0.0077056884765625,0.00591278076171875,0.00675201416015625,0.00919342041015625,0.0049591064453125,0.0103759765625,0.007171630859375,0.01316070556640625,0.00476837158203125,0.01224517822265625,0.03185272216796875,0.0042724609375,0.02216339111328125,0.0083160400390625,0.00331878662109375,0.01697540283203125,0.09857177734375,0.09521484375,0.099029541015625,0.1007080078125,0.1068115234375,0.098724365234375,0.107269287109375,0.103912353515625,0.437469482421875,-0.024871826171875,0.093231201171875,0.10284423828125,1.678009033203125,3.31024169921875,-0.5462646484375,3.04473876953125,4.974541664123535
407,0.4585000000000002,-0.0,-0.0,-0.0,-0.0,-0.0,-0.0,-0.43246427178382874,2.8037707805633545,-750.2079467773438,-238824.28125,19958.546875,1405.983642578125,-0.0,-0.0,-0.0,-0.0,-0.0,-0.0,-0.0,-0.0,-0.0,-0.0,-0.0,-0.0,-0.00698089599609375,-0.0087738037109375,-0.00988006591796875,-0.01407623291015625,-0.010223388671875,-0.015411376953125,-0.00865936279296875,-0.0211334228515625,-0.0067901611328125,-0.01689910888671875,-0.0263214111328125,-0.01194000244140625,-0.02452850341796875,-0.0104522705078125,-0.00316619873046875,-0.0261688232421875,0.09857177734375,0.0958251953125,0.0970458984375,0.087432861328125,0.033416748046875,0.095977783203125,0.10894775390625,0.10101318359375,0.187225341796875,0.10162353515625,0.088348388671875,0.095672607421875,-0.8837890625,-0.5389404296875,0.43060302734375,-1.293487548828125,-1.732913613319397
408,0.4590000000000002,-0.0,-0.0,-0.0,-0.0,-0.0,-0.0,0.7651609182357788,2.444220542907715,-751.4857788085938,-239527.109375,19726.046875,1204.0552978515625,-0.0,-0.0,-0.0,-0.0,-0.0,-0.0,-0.0,-0.0,-0.0,-0.0,-0.0,-0.0,-0.00698089599609375,-0.0031280517578125,-0.0067138671875,-0.00820159912109375,-0.006103515625,-0.01068115234375,-0.00919342041015625,-0.01556396484375,-0.00492095947265625,-0.01239776611328125,-0.0319671630859375,-0.00225067138671875,-0.024566650390625,-0.00553131103515625,-0.00057220458984375,-0.01483917236328125,0.09857177734375,0.097808837890625,0.10345458984375,0.116729736328125,0.12908935546875,0.1025390625,0.1129150390625,0.104522705078125,0.107574462890625,0.147247314453125,0.0775146484375,0.09735107421875,-1.290435791015625,-3.1005859375,1.0394287109375,-3.001861572265625,-2.342682361602783
409,0.4595000000000002,-0.0,-0.0,-0.0,-0.0,-0.0,-0.0,1.3897078037261963,1.5528433322906494,-754.392333984375,-240473.71875,19869.330078125,933.4004516601562,-0.0,-0.0,-0.0,-0.0,-0.0,-0.0,-0.0,-0.0,-0.0,-0.0,-0.0,-0.0,0.00896453857421875,0.0095367431640625,0.0135040283203125,0.0150299072265625,0.01110076904296875,0.0141143798828125,0.013580322265625,0.021209716796875,0.00698089599609375,0.0125885009765625,0.02552032470703125,0.00843048095703125,0.02532958984375,0.0095367431640625,0.005035400390625,0.02475738525390625,0.09979248046875,0.09857177734375,0.09429931640625,0.094146728515625,0.11199951171875,0.098876953125,0.0897216796875,0.0970458984375,0.080108642578125,0.09185791015625,0.10040283203125,0.104827880859375,1.010894775390625,0.43792724609375,-0.233154296875,1.8035888671875,7.71850061416626
410,0.4600000000000002,-0.0,-0.0,-0.0,-0.0,-0.0,-0.0,2.004690408706665,0.1031375303864479,-756.102783203125,-241709.171875,19600.322265625,767.5829467773438,-0.0,-0.0,-0.0,-0.0,-0.0,-0.0,-0.0,-0.0,-0.0,-0.0,-0.0,-0.0,0.00820159912109375,0.00385284423828125,0.0063323974609375,0.00926971435546875,0.005645751953125,0.0081634521484375,0.00774383544921875,0.01575469970703125,0.00354766845703125,0.01026153564453125,0.03032684326171875,0.00213623046875,0.02681732177734375,0.0072479248046875,0.00476837158203125,0.0157928466796875,0.1025390625,0.100250244140625,0.100860595703125,0.09765625,0.0445556640625,0.098724365234375,0.117950439453125,0.101776123046875,0.06195068359375,0.1531982421875,0.10284423828125,0.1031494140625,1.256866455078125,3.30841064453125,-0.89324951171875,3.262939453125,1.9256983995437622
411,0.4605000000000002,-0.0,-0.0,-0.0,-0.0,-0.0,-0.0,2.5871047973632812,-1.3511178493499756,-759.4292602539062,-242824.453125,19389.251953125,441.5142822265625,-0.0,-0.0,-0.0,-0.0,-0.0,-0.0,-0.0,-0.0,-0.0,-0.0,-0.0,-0.0,-0.0084686279296875,-0.0087738037109375,-0.01056671142578125,-0.014190673828125,-0.0090789794921875,-0.01514434814453125,-0.00934600830078125,-0.0206756591796875,-0.00438690185546875,-0.014801025390625,-0.0246429443359375,-0.01316070556640625,-0.02170562744140625,-0.01049041748046875,-0.00335693359375,-0.02414703369140625,0.09765625,0.0921630859375,0.0958251953125,0.092315673828125,0.118255615234375,0.093841552734375,0.0970458984375,0.096588134765625,0.073089599609375,0.04486083984375,0.08575439453125,0.094146728515625,-0.738677978515625,-0.54779052734375,0.2813720703125,-1.301116943359375,-2.95245099067688
412,0.4610000000000002,-0.0,-0.0,-0.0,-0.0,-0.0,-0.0,3.6521124839782715,-3.429879903793335,-763.4834594726562,-244403.109375,18944.197265625,88.70342254638672,-0.0,-0.0,-0.0,-0.0,-0.0,-0.0,-0.0,-0.0,-0.0,-0.0,-0.0,-0.0,-0.005950927734375,-0.0046539306640625,-0.0069427490234375,-0.0090789794921875,-0.005340576171875,-0.0089263916015625,-0.0058746337890625,-0.01544952392578125,-0.00377655029296875,-0.0127410888671875,-0.032196044921875,-0.00278472900390625,-0.02437591552734375,-0.0054931640625,-0.00438690185546875,-0.01613616943359375,0.10162353515625,0.08514404296875,0.102081298828125,0.097198486328125,0.087890625,0.096435546875,0.092315673828125,0.084228515625,0.085601806640625,0.109405517578125,0.078887939453125,0.099029541015625,-1.407623291015625,-3.0816650390625,0.98236083984375,-3.000640869140625,-1.1231448650360107
413,0.4615000000000002,-0.0,-0.0,-0.0,-0.0,-0.0,-0.0,5.4273762702941895,-5.184015274047852,-769.43115234375,-246718.234375,18774.12890625,-230.04190063476562,-0.0,-0.0,-0.0,-0.0,-0.0,-0.0,-0.0,-0.0,-0.0,-0.0,-0.0,-0.0,0.00926971435546875,0.008392333984375,0.01163482666015625,0.0150299072265625,0.01125335693359375,0.01674652099609375,0.01010894775390625,0.02063751220703125,0.0070953369140625,0.01728057861328125,0.02655029296875,0.0110626220703125,0.0205230712890625,0.01056671142578125,0.001678466796875,0.02620697021484375,0.09796142578125,0.053558349609375,0.094146728515625,0.09246826171875,0.09796142578125,0.09552001953125,0.09063720703125,0.093536376953125,0.07904052734375,0.114593505859375,0.1043701171875,0.100250244140625,1.188812255859375,0.80963134765625,-0.294189453125,1.369781494140625,11.07222843170166
414,0.4620000000000002,-0.0,-0.0,-0.0,-0.0,-0.0,-0.0,6.593484401702881,-6.350936412811279,-776.231689453125,-249489.484375,18230.583984375,-681.5269165039062,-0.0,-0.0,-0.0,-0.0,-0.0,-0.0,-0.0,-0.0,-0.0,-0.0,-0.0,-0.0,0.0058746337890625,0.00530242919921875,0.0049591064453125,0.00957489013671875,0.00598907470703125,0.0096893310546875,0.00858306884765625,0.01361846923828125,0.00415802001953125,0.01056671142578125,0.0348663330078125,0.00415802001953125,0.02777099609375,0.00583648681640625,0.00247955322265625,0.0168609619140625,0.105133056640625,0.138092041015625,0.0970458984375,0.098114013671875,0.030364990234375,0.09735107421875,0.088653564453125,0.0970458984375,0.0927734375,0.159149169921875,0.09552001953125,0.09521484375,1.30950927734375,3.22540283203125,-0.5413818359375,3.30230712890625,4.669657230377197
415,0.4625000000000002,-0.0,-0.0,-0.0,-0.0,-0.0,-0.0,7.5161848068237305,-7.561361789703369,-784.8548583984375,-252701.46875,17575.44921875,-1007.0982055664062,-0.0,-0.0,-0.0,-0.0,-0.0,-0.0,-0.0,-0.0,-0.0,-0.0,-0.0,-0.0,-0.00843048095703125,-0.0061798095703125,-0.01102447509765625,-0.01262664794921875,-0.00797271728515625,-0.0145721435546875,-0.00904083251953125,-0.02132415771484375,-0.00518798828125,-0.014190673828125,-0.0262451171875,-0.010223388671875,-0.02193450927734375,-0.01003265380859375,-0.0034332275390625,-0.0241851806640625,0.092010498046875,0.114593505859375,0.079498291015625,0.092010498046875,0.16571044921875,0.08880615234375,0.10040283203125,0.092315673828125,0.109405517578125,0.052947998046875,0.0958251953125,0.0946044921875,-0.682525634765625,-0.48675537109375,0.3582763671875,-1.04522705078125,-4.171988487243652
416,0.4630000000000002,-0.0,-0.0,-0.0,-0.0,-0.0,-0.0,8.846731185913086,-9.098672866821289,-792.0355224609375,-255388.984375,17261.75,-1218.3082275390625,-0.0,-0.0,-0.0,-0.0,-0.0,-0.0,-0.0,-0.0,-0.0,-0.0,-0.0,-0.0,-0.0075531005859375,-0.0055694580078125,-0.006256103515625,-0.0102996826171875,-0.00682830810546875,-0.0109100341796875,-0.01018524169921875,-0.0136566162109375,-0.00244140625,-0.01308441162109375,-0.03192901611328125,0.00049591064453125,-0.023651123046875,-0.00484466552734375,-0.00244140625,-0.0164794921875,0.0494384765625,0.07598876953125,0.11932373046875,0.102386474609375,0.108184814453125,0.1153564453125,0.107421875,0.108489990234375,0.077056884765625,0.05401611328125,0.116119384765625,0.09307861328125,-1.668701171875,-3.043212890625,1.26556396484375,-3.0078125,-0.5133762359619141
417,0.4635000000000002,-0.0,-0.0,-0.0,-0.0,-0.0,-0.0,9.5906343460083,-11.624006271362305,-801.8652954101562,-258767.390625,16969.63671875,-1449.6492919921875,-0.0,-0.0,-0.0,-0.0,-0.0,-0.0,-0.0,-0.0,-0.0,-0.0,-0.0,-0.0,0.00804901123046875,0.00759124755859375,0.01026153564453125,0.01293182373046875,0.01117706298828125,0.01369476318359375,0.0116729736328125,0.0193023681640625,0.00732421875,0.0127410888671875,0.02593994140625,0.008697509765625,0.02422332763671875,0.00888824462890625,0.00476837158203125,0.02437591552734375,0.0726318359375,0.1123046875,0.097808837890625,0.09552001953125,0.082550048828125,0.099945068359375,0.099639892578125,0.0982666015625,0.079193115234375,0.108184814453125,0.114288330078125,0.09765625,0.690765380859375,0.50384521484375,-0.28778076171875,1.429901123046875,-0.5133762359619141
418,0.4640000000000002,-0.0,-0.0,-0.0,-0.0,-0.0,-0.0,8.838532447814941,-12.19571304321289,-812.2537841796875,-262135.09375,16943.88671875,-1128.3079833984375,-0.0,-0.0,-0.0,-0.0,-0.0,-0.0,-0.0,-0.0,-0.0,-0.0,-0.0,-0.0,0.0095367431640625,0.00640869140625,0.00843048095703125,0.00965118408203125,0.0079345703125,0.011138916015625,0.007781982421875,0.013427734375,0.00362396240234375,0.01239776611328125,0.033111572265625,0.0006866455078125,0.0258636474609375,0.0063323974609375,0.0032806396484375,0.015869140625,0.096282958984375,0.10223388671875,0.09765625,0.104522705078125,0.115203857421875,0.099029541015625,0.103912353515625,0.09521484375,0.0933837890625,0.085296630859375,0.07171630859375,0.082550048828125,1.7059326171875,3.27850341796875,-0.96771240234375,3.29254150390625,4.05988883972168
419,0.4645000000000002,-0.0,-0.0,-0.0,-0.0,-0.0,-0.0,8.668739318847656,-12.60429859161377,-820.43701171875,-265075.09375,16690.7578125,-1089.36279296875,-0.0,-0.0,-0.0,-0.0,-0.0,-0.0,-0.0,-0.0,-0.0,-0.0,-0.0,-0.0,-0.00732421875,-0.0075531005859375,-0.01026153564453125,-0.01201629638671875,-0.009918212890625,-0.01373291015625,-0.00888824462890625,-0.02094268798828125,-0.005340576171875,-0.0141143798828125,-0.022125244140625,-0.0102996826171875,-0.0186920166015625,-0.00988006591796875,-0.00335693359375,-0.02445220947265625,0.09979248046875,0.093536376953125,0.10345458984375,0.101470947265625,0.061492919921875,0.105438232421875,0.102691650390625,0.095672607421875,0.12298583984375,0.150909423828125,0.120086669921875,0.089263916015625,-0.52978515625,-0.19500732421875,0.592041015625,-0.86669921875,-1.1231448650360107
420,0.4650000000000002,-0.0,-0.0,-0.0,-0.0,-0.0,-0.0,8.312026023864746,-12.34282112121582,-827.6702880859375,-267310.25,16734.66015625,-1145.5394287109375,-0.0,-0.0,-0.0,-0.0,-0.0,-0.0,-0.0,-0.0,-0.0,-0.0,-0.0,-0.0,-0.00934600830078125,-0.00545501708984375,-0.00759124755859375,-0.0084686279296875,-0.006103515625,-0.0089263916015625,-0.00518798828125,-0.01667022705078125,-0.00370025634765625,-0.01415252685546875,-0.0319671630859375,-0.00431060791015625,-0.02559661865234375,-0.006103515625,-0.0046539306640625,-0.01644134521484375,0.09979248046875,0.091705322265625,0.091552734375,0.1019287109375,0.09521484375,0.0994873046875,0.1007080078125,0.09185791015625,0.1116943359375,0.171661376953125,0.126495361328125,0.100860595703125,-1.5692138671875,-3.06396484375,0.74066162109375,-3.03253173828125,-1.4280292987823486
421,0.4655000000000002,-0.0,-0.0,-0.0,-0.0,-0.0,-0.0,6.942819118499756,-12.063776969909668,-833.7960815429688,-269092.6875,17071.591796875,-742.6079711914062,-0.0,-0.0,-0.0,-0.0,-0.0,-0.0,-0.0,-0.0,-0.0,-0.0,-0.0,-0.0,0.008392333984375,0.0086212158203125,0.0121307373046875,0.01361846923828125,0.01003265380859375,0.0140380859375,0.00980377197265625,0.0213623046875,0.0052642822265625,0.0157928466796875,0.024261474609375,0.00949859619140625,0.0203704833984375,0.01007080078125,0.00507354736328125,0.024261474609375,0.09521484375,0.09429931640625,0.09674072265625,0.102691650390625,0.12786865234375,0.096282958984375,0.097198486328125,0.08941650390625,0.072021484375,0.0762939453125,0.119171142578125,0.09918212890625,0.81573486328125,0.625,-0.24749755859375,1.153564453125,11.986882209777832
422,0.4660000000000002,-0.0,-0.0,-0.0,-0.0,-0.0,-0.0,6.564847946166992,-10.90538215637207,-836.454833984375,-269910.46875,17453.345703125,-542.042236328125,-0.0,-0.0,-0.0,-0.0,-0.0,-0.0,-0.0,-0.0,-0.0,-0.0,-0.0,-0.0,0.0091552734375,0.00507354736328125,0.00965118408203125,0.01094818115234375,0.0080108642578125,0.0125885009765625,0.00972747802734375,0.0171661376953125,0.00377655029296875,0.01293182373046875,0.0331878662109375,0.0023651123046875,0.024566650390625,0.00518798828125,0.00270843505859375,0.01644134521484375,0.09521484375,0.094451904296875,0.09674072265625,0.101165771484375,0.0347900390625,0.10040283203125,0.099334716796875,0.096893310546875,0.009613037109375,0.140533447265625,0.1129150390625,0.096893310546875,1.635589599609375,3.2196044921875,-0.59417724609375,3.3111572265625,3.145235776901245
423,0.4665000000000002,-0.0,-0.0,-0.0,-0.0,-0.0,-0.0,5.683781623840332,-9.856842041015625,-836.330078125,-269785.28125,17674.99609375,-389.59564208984375,-0.0,-0.0,-0.0,-0.0,-0.0,-0.0,-0.0,-0.0,-0.0,-0.0,-0.0,-0.0,-0.00827789306640625,-0.00492095947265625,-0.01064300537109375,-0.01216888427734375,-0.01110076904296875,-0.0103759765625,-0.00774383544921875,-0.0206756591796875,-0.00621795654296875,-0.0101470947265625,-0.02490997314453125,-0.00926971435546875,-0.01819610595703125,-0.0074005126953125,-0.0063323974609375,-0.02216339111328125,0.09674072265625,0.09765625,0.095367431640625,0.1025390625,0.09613037109375,0.09552001953125,0.095367431640625,0.098114013671875,0.330657958984375,0.109405517578125,0.09552001953125,0.100860595703125,-0.127105712890625,-0.37139892578125,0.733642578125,-0.644683837890625,-4.476872444152832
424,0.4670000000000002,-0.0,-0.0,-0.0,-0.0,-0.0,-0.0,5.0484113693237305,-8.515448570251465,-835.8499145507812,-269130.46875,18271.119140625,-345.6284484863281,-0.0,-0.0,-0.0,-0.0,-0.0,-0.0,-0.0,-0.0,-0.0,-0.0,-0.0,-0.0,-0.009002685546875,-0.00637054443359375,-0.00621795654296875,-0.008544921875,-0.00598907470703125,-0.01102447509765625,-0.00606536865234375,-0.0148773193359375,-0.0035858154296875,-0.01331329345703125,-0.032806396484375,-0.00316619873046875,-0.025634765625,-0.007476806640625,-0.005035400390625,-0.01678466796875,0.09765625,0.103302001953125,0.0994873046875,0.106964111328125,0.088348388671875,0.102081298828125,0.100860595703125,0.100250244140625,0.052642822265625,0.159759521484375,0.096435546875,0.09124755859375,-1.281280517578125,-3.00201416015625,0.79498291015625,-3.0255126953125,-1.732913613319397
425,0.4675000000000002,-0.0,-0.0,-0.0,-0.0,-0.0,-0.0,4.140198230743408,-6.915689468383789,-831.6747436523438,-267703.0625,18449.921875,-247.27011108398438,-0.0,-0.0,-0.0,-0.0,-0.0,-0.0,-0.0,-0.0,-0.0,-0.0,-0.0,-0.0,0.0081634521484375,0.005950927734375,0.01110076904296875,0.013885498046875,0.01056671142578125,0.013275146484375,0.00843048095703125,0.01972198486328125,0.0070953369140625,0.0113677978515625,0.02590179443359375,0.00591278076171875,0.02361297607421875,0.0081634521484375,0.00598907470703125,0.02490997314453125,0.09765625,0.092926025390625,0.101776123046875,0.10223388671875,0.117340087890625,0.098419189453125,0.102081298828125,0.095062255859375,-0.015106201171875,0.02410888671875,0.11199951171875,0.10345458984375,0.78521728515625,0.555419921875,-0.57464599609375,1.213531494140625,6.498963356018066
426,0.4680000000000002,-0.0,-0.0,-0.0,-0.0,-0.0,-0.0,3.697911024093628,-5.651632785797119,-828.4955444335938,-265922.15625,18972.681640625,-341.6485595703125,-0.0,-0.0,-0.0,-0.0,-0.0,-0.0,-0.0,-0.0,-0.0,-0.0,-0.0,-0.0,0.00766754150390625,0.00377655029296875,0.008697509765625,0.0101470947265625,0.00728607177734375,0.0116729736328125,0.01102447509765625,0.0180816650390625,0.00579833984375,0.014190673828125,0.03307342529296875,0.00621795654296875,0.024566650390625,0.00698089599609375,0.00400543212890625,0.01644134521484375,0.0946044921875,0.10040283203125,0.097198486328125,0.101318359375,0.1080322265625,0.10223388671875,0.102386474609375,0.098114013671875,0.252838134765625,0.13275146484375,0.10223388671875,0.1019287109375,1.418304443359375,3.21319580078125,-0.5767822265625,3.283538818359375,3.450119972229004
427,0.4685000000000002,-0.0,-0.0,-0.0,-0.0,-0.0,-0.0,3.9581923484802246,-4.2055792808532715,-821.7057495117188,-263927.65625,19392.296875,-368.37322998046875,-0.0,-0.0,-0.0,-0.0,-0.0,-0.0,-0.0,-0.0,-0.0,-0.0,-0.0,-0.0,-0.0089263916015625,-0.0077056884765625,-0.0107574462890625,-0.013885498046875,-0.00965118408203125,-0.01399993896484375,-0.0063323974609375,-0.02166748046875,-0.00457763671875,-0.013275146484375,-0.02079010009765625,-0.00896453857421875,-0.01995086669921875,-0.00835418701171875,-0.0035858154296875,-0.0241851806640625,0.101165771484375,0.09552001953125,0.104827880859375,0.090179443359375,0.095977783203125,0.098419189453125,0.10009765625,0.098419189453125,0.182952880859375,0.196075439453125,0.111846923828125,0.098876953125,-0.65399169921875,-0.0091552734375,0.44647216796875,-0.94268798828125,-0.5133762359619141
428,0.4690000000000002,-0.0,-0.0,-0.0,-0.0,-0.0,-0.0,3.2478861808776855,-2.5982460975646973,-818.52734375,-262338.0,19223.859375,-413.34075927734375,-0.0,-0.0,-0.0,-0.0,-0.0,-0.0,-0.0,-0.0,-0.0,-0.0,-0.0,-0.0,-0.0057220458984375,-0.00583648681640625,-0.00576019287109375,-0.01010894775390625,-0.00640869140625,-0.01232147216796875,-0.0092315673828125,-0.01628875732421875,-0.00629425048828125,-0.01117706298828125,-0.034332275390625,-0.0051116943359375,-0.02643585205078125,-0.0074005126953125,-0.0025177001953125,-0.01636505126953125,0.1007080078125,0.099334716796875,0.101165771484375,0.08453369140625,0.1263427734375,0.09613037109375,0.096282958984375,0.096435546875,0.116729736328125,0.053863525390625,0.0897216796875,0.0933837890625,-1.221771240234375,-3.028564453125,0.7269287109375,-3.0596923828125,-2.342682361602783
429,0.4695000000000002,-0.0,-0.0,-0.0,-0.0,-0.0,-0.0,2.4086837768554688,-1.9246691465377808,-815.3489990234375,-260735.40625,19687.02734375,-241.59776306152344,-0.0,-0.0,-0.0,-0.0,-0.0,-0.0,-0.0,-0.0,-0.0,-0.0,-0.0,-0.0,0.010223388671875,0.00843048095703125,0.010833740234375,0.015716552734375,0.00919342041015625,0.01392364501953125,0.00804901123046875,0.01979827880859375,0.0040435791015625,0.0145721435546875,0.02620697021484375,0.0069427490234375,0.01995086669921875,0.00904083251953125,0.00537872314453125,0.0240325927734375,0.09674072265625,0.09857177734375,0.099945068359375,0.093231201171875,0.1055908203125,0.09796142578125,0.101470947265625,0.09857177734375,0.073394775390625,0.058441162109375,0.07659912109375,0.103302001953125,1.163330078125,0.4766845703125,-0.40130615234375,0.88531494140625,12.901535034179688
430,0.4700000000000002,-0.0,-0.0,-0.0,-0.0,-0.0,-0.0,1.7287912368774414,-0.5155381560325623,-811.4550170898438,-259641.234375,20056.271484375,-222.16346740722656,-0.0,-0.0,-0.0,-0.0,-0.0,-0.0,-0.0,-0.0,-0.0,-0.0,-0.0,-0.0,0.0086212158203125,0.00652313232421875,0.0079345703125,0.0087738037109375,0.006561279296875,0.00911712646484375,0.00873565673828125,0.01667022705078125,0.0048828125,0.01140594482421875,0.03330230712890625,0.00637054443359375,0.02613067626953125,0.00843048095703125,0.00579833984375,0.0177001953125,0.093536376953125,0.101165771484375,0.106353759765625,0.0921630859375,0.09735107421875,0.096282958984375,0.09857177734375,0.09979248046875,-0.081329345703125,0.041656494140625,0.10589599609375,0.10040283203125,1.496734619140625,3.17352294921875,-0.362548828125,3.223724365234375,4.364773273468018
431,0.4705000000000002,-0.0,-0.0,-0.0,-0.0,-0.0,-0.0,1.2128541469573975,-0.12519101798534393,-808.07568359375,-258746.640625,19989.7421875,99.14549255371094,-0.0,-0.0,-0.0,-0.0,-0.0,-0.0,-0.0,-0.0,-0.0,-0.0,-0.0,-0.0,-0.00919342041015625,-0.00736236572265625,-0.01129150390625,-0.012359619140625,-0.01110076904296875,-0.012359619140625,-0.0092315673828125,-0.02010345458984375,-0.0054168701171875,-0.01392364501953125,-0.0241851806640625,-0.01049041748046875,-0.019989013671875,-0.006866455078125,-0.00530242919921875,-0.02277374267578125,0.09857177734375,0.099029541015625,0.10406494140625,0.093841552734375,0.1025390625,0.0933837890625,0.093536376953125,0.101318359375,0.088653564453125,0.087890625,0.120849609375,0.087127685546875,-0.826416015625,-0.34393310546875,0.30364990234375,-1.060333251953125,-1.732913613319397
432,0.4710000000000002,-0.0,-0.0,-0.0,-0.0,-0.0,-0.0,0.4288732707500458,0.9444511532783508,-807.01611328125,-257583.59375,20294.931640625,100.18865966796875,-0.0,-0.0,-0.0,-0.0,-0.0,-0.0,-0.0,-0.0,-0.0,-0.0,-0.0,-0.0,-0.008392333984375,-0.00701904296875,-0.007171630859375,-0.00762939453125,-0.006866455078125,-0.008697509765625,-0.009613037109375,-0.0148773193359375,-0.00423431396484375,-0.013275146484375,-0.032958984375,-0.00461578369140625,-0.02521514892578125,-0.00835418701171875,-0.00392913818359375,-0.017852783203125,0.097808837890625,0.10101318359375,0.102386474609375,0.09613037109375,0.105438232421875,0.102996826171875,0.098876953125,0.09918212890625,0.238189697265625,0.1031494140625,0.10009765625,0.111083984375,-1.470947265625,-3.02825927734375,0.716552734375,-3.037567138671875,-1.732913613319397
433,0.4715000000000002,-0.0,-0.0,-0.0,-0.0,-0.0,-0.0,-0.3035741448402405,1.6030564308166504,-803.552978515625,-256756.46875,20331.916015625,164.62461853027344,-0.0,-0.0,-0.0,-0.0,-0.0,-0.0,-0.0,-0.0,-0.0,-0.0,-0.0,-0.0,0.00850677490234375,0.00644683837890625,0.011444091796875,0.012664794921875,0.0119781494140625,0.01220703125,0.01216888427734375,0.01827239990234375,0.00736236572265625,0.01346588134765625,0.02468109130859375,0.0093841552734375,0.02117156982421875,0.00919342041015625,0.0051116943359375,0.022735595703125,0.102386474609375,0.10589599609375,0.111541748046875,0.092620849609375,0.1007080078125,0.101165771484375,0.10589599609375,0.103302001953125,0.11810302734375,0.105133056640625,0.09613037109375,0.084686279296875,0.79254150390625,0.44281005859375,-0.31280517578125,1.28997802734375,9.24292278289795
434,0.4720000000000002,-0.0,-0.0,-0.0,-0.0,-0.0,-0.0,-0.6593817472457886,2.0674376487731934,-800.5206909179688,-255920.296875,20615.154296875,101.33280181884766,-0.0,-0.0,-0.0,-0.0,-0.0,-0.0,-0.0,-0.0,-0.0,-0.0,-0.0,-0.0,0.00885009765625,0.00537872314453125,0.00804901123046875,0.01110076904296875,0.00782012939453125,0.013427734375,0.00972747802734375,0.01811981201171875,0.0038909912109375,0.01384735107421875,0.03505706787109375,0.00522613525390625,0.027923583984375,0.00637054443359375,0.00244140625,0.01598358154296875,0.09918212890625,0.100250244140625,0.1116943359375,0.095367431640625,0.017242431640625,0.0982666015625,0.112152099609375,0.10650634765625,0.086669921875,0.169525146484375,0.105133056640625,0.08697509765625,1.3720703125,3.11767578125,-0.43914794921875,3.107452392578125,3.145235776901245
435,0.4725000000000002,-0.0,-0.0,-0.0,-0.0,-0.0,-0.0,-0.9108799695968628,2.6557364463806152,-798.2587280273438,-255050.4375,20445.51171875,224.39651489257812,-0.0,-0.0,-0.0,-0.0,-0.0,-0.0,-0.0,-0.0,-0.0,-0.0,-0.0,-0.0,-0.00782012939453125,-0.0063323974609375,-0.00934600830078125,-0.01308441162109375,-0.00885009765625,-0.0127410888671875,-0.00823974609375,-0.01800537109375,-0.0089263916015625,-0.0118255615234375,-0.02361297607421875,-0.0090789794921875,-0.020751953125,-0.008087158203125,-0.00263214111328125,-0.02330780029296875,0.09857177734375,0.09857177734375,0.11474609375,0.095367431640625,0.206451416015625,0.094757080078125,0.055999755859375,0.08148193359375,0.08941650390625,0.0555419921875,0.10528564453125,0.1080322265625,-0.64727783203125,-0.059814453125,0.31951904296875,-0.98541259765625,0.7061610817909241
436,0.4730000000000002,-0.0,-0.0,-0.0,-0.0,-0.0,-0.0,-0.8743672370910645,2.852433204650879,-795.6441650390625,-254279.3125,20633.69921875,172.09033203125,-0.0,-0.0,-0.0,-0.0,-0.0,-0.0,-0.0,-0.0,-0.0,-0.0,-0.0,-0.0,-0.0067901611328125,-0.00431060791015625,-0.00720977783203125,-0.0080108642578125,-0.0060272216796875,-0.01018524169921875,-0.00736236572265625,-0.015716552734375,-0.00286102294921875,-0.0135040283203125,-0.035552978515625,-0.0041961669921875,-0.02593994140625,-0.00743865966796875,-0.00316619873046875,-0.01739501953125,0.093536376953125,0.098419189453125,0.1092529296875,0.115509033203125,0.03753662109375,0.09918212890625,0.15106201171875,0.11566162109375,0.088348388671875,0.13427734375,0.08880615234375,0.088958740234375,-1.256866455078125,-2.8717041015625,1.01959228515625,-2.933197021484375,-1.4280292987823486
437,0.4735000000000002,-0.0,-0.0,-0.0,-0.0,-0.0,-0.0,-1.3738181591033936,2.905674695968628,-793.948974609375,-254281.734375,20661.8984375,318.5428466796875,-0.0,-0.0,-0.0,-0.0,-0.0,-0.0,-0.0,-0.0,-0.0,-0.0,-0.0,-0.0,0.0081634521484375,0.00701904296875,0.01026153564453125,0.013580322265625,0.00965118408203125,0.01445770263671875,0.010223388671875,0.01918792724609375,0.0075531005859375,0.0152587890625,0.02079010009765625,0.00946044921875,0.0251007080078125,0.00885009765625,0.00347137451171875,0.022430419921875,0.101165771484375,0.098114013671875,0.104522705078125,0.096588134765625,0.098114013671875,0.10101318359375,0.083770751953125,0.09735107421875,0.09185791015625,0.050048828125,0.10772705078125,0.072784423828125,0.903472900390625,0.10955810546875,-0.2374267578125,1.56494140625,14.121071815490723
438,0.4740000000000002,-0.0,-0.0,-0.0,-0.0,-0.0,-0.0,-1.5346181392669678,2.5487351417541504,-793.5953369140625,-254125.84375,20946.802734375,411.84326171875,-0.0,-0.0,-0.0,-0.0,-0.0,-0.0,-0.0,-0.0,-0.0,-0.0,-0.0,-0.0,0.00988006591796875,0.0067901611328125,0.00667572021484375,0.01010894775390625,0.0067901611328125,0.01220703125,0.00934600830078125,0.01617431640625,0.0032806396484375,0.01148223876953125,0.03498077392578125,0.00232696533203125,0.02826690673828125,0.007171630859375,0.002593994140625,0.0176239013671875,0.0994873046875,0.095672607421875,0.101318359375,0.092926025390625,0.04364013671875,0.096893310546875,0.08331298828125,0.09429931640625,0.09674072265625,0.177001953125,0.09002685546875,0.106201171875,1.327056884765625,3.1048583984375,-0.8953857421875,3.1329345703125,1.9256983995437622
439,0.4745000000000002,-0.0,-0.0,-0.0,-0.0,-0.0,-0.0,-2.3905155658721924,2.10282564163208,-793.6705322265625,-254424.359375,21166.20703125,668.9170532226562,-0.0,-0.0,-0.0,-0.0,-0.0,-0.0,-0.0,-0.0,-0.0,-0.0,-0.0,-0.0,-0.00762939453125,-0.00476837158203125,-0.01140594482421875,-0.012664794921875,-0.0109100341796875,-0.0125885009765625,-0.0083160400390625,-0.0202178955078125,-0.0045013427734375,-0.01251220703125,-0.022430419921875,-0.008392333984375,-0.02044677734375,-0.00926971435546875,-0.0054168701171875,-0.02323150634765625,0.0994873046875,0.10223388671875,0.106048583984375,0.116729736328125,0.2154541015625,0.099029541015625,0.114593505859375,0.09185791015625,0.108489990234375,0.128936767578125,0.10284423828125,0.109710693359375,-0.516357421875,-0.35980224609375,0.628662109375,-1.0552978515625,-2.95245099067688
440,0.4750000000000002,-0.0,-0.0,-0.0,-0.0,-0.0,-0.0,-3.068601131439209,1.837527871131897,-791.3311767578125,-254394.78125,21243.412109375,785.7891235351562,-0.0,-0.0,-0.0,-0.0,-0.0,-0.0,-0.0,-0.0,-0.0,-0.0,-0.0,-0.0,-0.006866455078125,-0.0058746337890625,-0.00865936279296875,-0.010986328125,-0.00728607177734375,-0.01087188720703125,-0.009002685546875,-0.01796722412109375,-0.00568389892578125,-0.0119781494140625,-0.0339508056640625,-0.0031280517578125,-0.02529144287109375,-0.00576019287109375,-0.00240325927734375,-0.01735687255859375,0.101318359375,0.100860595703125,0.111083984375,0.105743408203125,0.145416259765625,0.099945068359375,0.103759765625,0.10345458984375,0.09002685546875,-0.008392333984375,0.0946044921875,0.098724365234375,-1.0711669921875,-2.8790283203125,0.8380126953125,-2.837677001953125,6.1940789222717285
441,0.4755000000000002,-0.0,-0.0,-0.0,-0.0,-0.0,-0.0,-3.960632801055908,1.3369560241699219,-792.0363159179688,-254163.625,21486.091796875,1049.763671875,-0.0,-0.0,-0.0,-0.0,-0.0,-0.0,-0.0,-0.0,-0.0,-0.0,-0.0,-0.0,0.00972747802734375,0.00705718994140625,0.01129150390625,0.01209259033203125,0.010223388671875,0.013580322265625,0.0109100341796875,0.018768310546875,0.0086212158203125,0.01659393310546875,0.0267791748046875,0.00919342041015625,0.01995086669921875,0.007476806640625,0.004425048828125,0.0231170654296875,0.096435546875,0.088043212890625,0.10528564453125,0.106964111328125,0.08544921875,0.09613037109375,0.092926025390625,0.09674072265625,0.089569091796875,0.055084228515625,0.10009765625,0.097198486328125,1.363067626953125,0.61767578125,-0.33050537109375,1.108551025390625,9.24292278289795
442,0.4760000000000002,-0.0,-0.0,-0.0,-0.0,-0.0,-0.0,-4.674252510070801,0.6944613456726074,-789.7764892578125,-254232.4375,21831.244140625,1095.26220703125,-0.0,-0.0,-0.0,-0.0,-0.0,-0.0,-0.0,-0.0,-0.0,-0.0,-0.0,-0.0,0.00614166259765625,0.00583648681640625,0.0089263916015625,0.00942230224609375,0.00743865966796875,0.009002685546875,0.00827789306640625,0.0162506103515625,0.00499725341796875,0.01262664794921875,0.034942626953125,0.0070953369140625,0.0263214111328125,0.0089263916015625,0.0048065185546875,0.01941680908203125,0.095367431640625,0.0946044921875,0.09185791015625,0.10772705078125,0.0933837890625,0.095367431640625,0.099334716796875,0.105133056640625,0.0811767578125,0.0115966796875,0.11077880859375,0.108184814453125,1.27166748046875,3.099365234375,-0.49041748046875,3.0364990234375,2.2305827140808105
443,0.4765000000000002,-0.0,-0.0,-0.0,-0.0,-0.0,-0.0,-4.854874134063721,0.15952423214912415,-788.223388671875,-253727.03125,21630.484375,1182.572509765625,-0.0,-0.0,-0.0,-0.0,-0.0,-0.0,-0.0,-0.0,-0.0,-0.0,-0.0,-0.0,-0.00881195068359375,-0.00690460205078125,-0.0116729736328125,-0.0127410888671875,-0.009307861328125,-0.01277923583984375,-0.0092315673828125,-0.017852783203125,-0.00667572021484375,-0.013580322265625,-0.02048492431640625,-0.0084686279296875,-0.0186920166015625,-0.01049041748046875,-0.00278472900390625,-0.02285003662109375,0.10101318359375,0.096435546875,0.106964111328125,0.09979248046875,0.077667236328125,0.0946044921875,0.09490966796875,0.09246826171875,0.093841552734375,0.12939453125,0.095367431640625,0.101470947265625,-0.728302001953125,-0.01190185546875,0.56671142578125,-0.75836181640625,-1.4280292987823486
444,0.4770000000000002,-0.0,-0.0,-0.0,-0.0,-0.0,-0.0,-4.7092742919921875,-0.6993756294250488,-786.2429809570312,-253594.359375,22216.994140625,1134.0064697265625,-0.0,-0.0,-0.0,-0.0,-0.0,-0.0,-0.0,-0.0,-0.0,-0.0,-0.0,-0.0,-0.0087738037109375,-0.00606536865234375,-0.00865936279296875,-0.010986328125,-0.0075531005859375,-0.010528564453125,-0.0072479248046875,-0.01628875732421875,-0.0028228759765625,-0.0127410888671875,-0.0334930419921875,-0.004730224609375,-0.02437591552734375,-0.0063323974609375,-0.002593994140625,-0.01888275146484375,0.09765625,0.096435546875,0.0897216796875,0.09124755859375,0.1214599609375,0.098114013671875,0.08392333984375,0.097198486328125,0.11993408203125,0.13763427734375,0.125885009765625,0.107421875,-1.28875732421875,-2.87933349609375,0.9490966796875,-2.830352783203125,-1.732913613319397
445,0.4775000000000002,-0.0,-0.0,-0.0,-0.0,-0.0,-0.0,-5.123067378997803,-1.42608642578125,-785.75,-253714.96875,22022.775390625,1244.0743408203125,-0.0,-0.0,-0.0,-0.0,-0.0,-0.0,-0.0,-0.0,-0.0,-0.0,-0.0,-0.0,0.0080108642578125,0.0077056884765625,0.009307861328125,0.01346588134765625,0.01033782958984375,0.01255035400390625,0.0101470947265625,0.0177764892578125,0.00736236572265625,0.0141143798828125,0.02246856689453125,0.00946044921875,0.02017974853515625,0.00934600830078125,0.00396728515625,0.022430419921875,0.0927734375,0.101470947265625,0.093231201171875,0.099029541015625,0.09368896484375,0.098419189453125,0.09185791015625,0.09521484375,0.09857177734375,0.152740478515625,0.08056640625,0.0982666015625,0.976409912109375,0.19256591796875,-0.36956787109375,1.205596923828125,10.157575607299805
446,0.4780000000000002,-0.0,-0.0,-0.0,-0.0,-0.0,-0.0,-5.049985885620117,-1.798423409461975,-785.4094848632812,-253690.4375,22415.4453125,1273.8734130859375,-0.0,-0.0,-0.0,-0.0,-0.0,-0.0,-0.0,-0.0,-0.0,-0.0,-0.0,-0.0,0.008087158203125,0.00640869140625,0.00762939453125,0.01148223876953125,0.0083160400390625,0.0110626220703125,0.00888824462890625,0.01567840576171875,0.00377655029296875,0.00980377197265625,0.0356292724609375,0.00484466552734375,0.02613067626953125,0.00766754150390625,0.0031280517578125,0.02044677734375,0.100555419921875,0.10101318359375,0.096435546875,0.1025390625,0.076446533203125,0.09613037109375,0.099334716796875,0.097808837890625,0.01678466796875,0.026092529296875,0.09857177734375,0.084075927734375,0.98907470703125,2.9718017578125,-0.40771484375,2.972259521484375,2.2305827140808105
447,0.4785000000000002,-0.0,-0.0,-0.0,-0.0,-0.0,-0.0,-4.867952346801758,-2.5461905002593994,-786.7465209960938,-254039.421875,22513.755859375,1068.4437255859375,-0.0,-0.0,-0.0,-0.0,-0.0,-0.0,-0.0,-0.0,-0.0,-0.0,-0.0,-0.0,-0.00728607177734375,-0.00759124755859375,-0.00949859619140625,-0.01232147216796875,-0.0092315673828125,-0.0136566162109375,-0.0067138671875,-0.01842498779296875,-0.00682830810546875,-0.0115203857421875,-0.02117156982421875,-0.008392333984375,-0.01850128173828125,-0.007171630859375,-0.0058746337890625,-0.02239227294921875,0.10284423828125,0.098114013671875,0.098114013671875,0.09918212890625,0.081024169921875,0.100860595703125,0.097198486328125,0.0933837890625,-0.07568359375,0.119171142578125,0.067138671875,0.0946044921875,-0.537109375,0.1275634765625,0.5267333984375,-0.63018798828125,-2.342682361602783
448,0.4790000000000002,-0.0,-0.0,-0.0,-0.0,-0.0,-0.0,-5.205016613006592,-3.0304336547851562,-788.58984375,-254618.203125,22953.8125,1155.7591552734375,-0.0,-0.0,-0.0,-0.0,-0.0,-0.0,-0.0,-0.0,-0.0,-0.0,-0.0,-0.0,-0.006561279296875,-0.0045013427734375,-0.00713348388671875,-0.01033782958984375,-0.00732421875,-0.01087188720703125,-0.01018524169921875,-0.01773834228515625,-0.00591278076171875,-0.012969970703125,-0.034332275390625,-0.00804901123046875,-0.02651214599609375,-0.0075531005859375,-0.003204345703125,-0.01804351806640625,0.096588134765625,0.09765625,0.10009765625,0.103759765625,0.12664794921875,0.092620849609375,0.1025390625,0.09613037109375,0.004425048828125,0.11810302734375,0.11016845703125,0.090179443359375,-1.041717529296875,-2.85919189453125,0.39459228515625,-2.82318115234375,4.974541664123535
449,0.4795000000000002,-0.0,-0.0,-0.0,-0.0,-0.0,-0.0,-5.263420104980469,-3.0847971439361572,-787.0402221679688,-254468.0625,22828.572265625,1050.0736083984375,-0.0,-0.0,-0.0,-0.0,-0.0,-0.0,-0.0,-0.0,-0.0,-0.0,-0.0,-0.0,0.0089263916015625,0.0080108642578125,0.0081634521484375,0.0136566162109375,0.00823974609375,0.0170135498046875,0.00720977783203125,0.01956939697265625,0.0064849853515625,0.0147247314453125,0.02246856689453125,0.00885009765625,0.017242431640625,0.01049041748046875,0.0009918212890625,0.02483367919921875,0.10498046875,0.09796142578125,0.0970458984375,0.09552001953125,0.0634765625,0.09429931640625,0.09796142578125,0.096435546875,0.43914794921875,0.09429931640625,0.12054443359375,0.095977783203125,0.8447265625,0.2215576171875,-0.39764404296875,0.840606689453125,9.24292278289795
450,0.4800000000000002,-0.0,-0.0,-0.0,-0.0,-0.0,-0.0,-5.015532493591309,-2.871899366378784,-787.0036010742188,-254053.21875,23153.427734375,1027.307373046875,-0.0,-0.0,-0.0,-0.0,-0.0,-0.0,-0.0,-0.0,-0.0,-0.0,-0.0,-0.0,0.00701904296875,0.005950927734375,0.009307861328125,0.01026153564453125,0.0081634521484375,0.01384735107421875,0.00988006591796875,0.018157958984375,0.00598907470703125,0.01537322998046875,0.0366973876953125,0.00644683837890625,0.02696990966796875,0.00774383544921875,0.00431060791015625,0.0182342529296875,0.097198486328125,0.100860595703125,0.093536376953125,0.09796142578125,0.1043701171875,0.09979248046875,0.09490966796875,0.099945068359375,0.402374267578125,0.1104736328125,0.10406494140625,0.092620849609375,1.41876220703125,3.08868408203125,-0.5523681640625,2.929534912109375,4.05988883972168
451,0.4805000000000002,-0.0,-0.0,-0.0,-0.0,-0.0,-0.0,-5.114512920379639,-3.0503146648406982,-786.2166137695312,-253645.53125,23500.39453125,858.1846313476562,-0.0,-0.0,-0.0,-0.0,-0.0,-0.0,-0.0,-0.0,-0.0,-0.0,-0.0,-0.0,-0.00804901123046875,-0.006866455078125,-0.0096893310546875,-0.0124359130859375,-0.00823974609375,-0.012664794921875,-0.00659942626953125,-0.01827239990234375,-0.00720977783203125,-0.0127410888671875,-0.021514892578125,-0.0079345703125,-0.01560211181640625,-0.0066375732421875,-0.0042724609375,-0.0220489501953125,0.0946044921875,0.09552001953125,0.091705322265625,0.09429931640625,0.10101318359375,0.10101318359375,0.09246826171875,0.090789794921875,0.175933837890625,0.106658935546875,0.07720947265625,0.09979248046875,-0.483551025390625,0.13092041015625,0.43060302734375,-0.493011474609375,0.09639240801334381
452,0.4810000000000002,-0.0,-0.0,-0.0,-0.0,-0.0,-0.0,-5.381757736206055,-2.777592897415161,-785.1983032226562,-253369.359375,23362.751953125,837.5673217773438,-0.0,-0.0,-0.0,-0.0,-0.0,-0.0,-0.0,-0.0,-0.0,-0.0,-0.0,-0.0,-0.00965118408203125,-0.00614166259765625,-0.00835418701171875,-0.0112152099609375,-0.0087738037109375,-0.01392364501953125,-0.010833740234375,-0.018310546875,-0.00408172607421875,-0.01384735107421875,-0.03490447998046875,-0.00530242919921875,-0.02605438232421875,-0.0067138671875,-0.00244140625,-0.01865386962890625,0.095977783203125,0.100860595703125,0.095062255859375,0.09674072265625,0.102996826171875,0.0958251953125,0.092010498046875,0.100250244140625,0.025787353515625,0.06439208984375,0.08575439453125,0.099029541015625,-1.519927978515625,-2.8240966796875,0.63690185546875,-2.77191162109375,-2.342682361602783
453,0.4815000000000002,-0.0,-0.0,-0.0,-0.0,-0.0,-0.0,-4.969765663146973,-2.2224221229553223,-784.74267578125,-253136.609375,23540.275390625,865.3892211914062,-0.0,-0.0,-0.0,-0.0,-0.0,-0.0,-0.0,-0.0,-0.0,-0.0,-0.0,-0.0,0.0066375732421875,0.0067138671875,0.01010894775390625,0.0142669677734375,0.00881195068359375,0.0115966796875,0.0081634521484375,0.01689910888671875,0.0061798095703125,0.0104522705078125,0.0223541259765625,0.00762939453125,0.01800537109375,0.0079345703125,0.0037384033203125,0.02300262451171875,0.095367431640625,0.098114013671875,0.09033203125,0.094757080078125,0.104522705078125,0.10284423828125,0.09521484375,0.09796142578125,0.13427734375,0.06591796875,0.117340087890625,0.105438232421875,0.68328857421875,0.11871337890625,-0.162353515625,0.56488037109375,7.71850061416626
454,0.4820000000000002,-0.0,-0.0,-0.0,-0.0,-0.0,-0.0,-5.022335052490234,-1.6590678691864014,-785.6331787109375,-252673.484375,23651.552734375,703.7626342773438,-0.0,-0.0,-0.0,-0.0,-0.0,-0.0,-0.0,-0.0,-0.0,-0.0,-0.0,-0.0,0.0087738037109375,0.0079345703125,0.00934600830078125,0.01190185546875,0.009918212890625,0.0112152099609375,0.010986328125,0.018157958984375,0.00560760498046875,0.0124359130859375,0.034942626953125,0.00667572021484375,0.0273895263671875,0.00751495361328125,0.001220703125,0.01953125,0.09857177734375,0.105743408203125,0.092620849609375,0.09521484375,0.091094970703125,0.10162353515625,0.10040283203125,0.10009765625,0.071563720703125,0.082244873046875,0.1007080078125,0.101318359375,1.22589111328125,3.0340576171875,-0.4449462890625,2.98797607421875,3.145235776901245
455,0.4825000000000002,-0.0,-0.0,-0.0,-0.0,-0.0,-0.0,-4.618488311767578,-0.9043731093406677,-785.5272827148438,-252317.796875,23837.4453125,643.7523803710938,-0.0,-0.0,-0.0,-0.0,-0.0,-0.0,-0.0,-0.0,-0.0,-0.0,-0.0,-0.0,-0.005950927734375,-0.00614166259765625,-0.01041412353515625,-0.012359619140625,-0.00675201416015625,-0.0124359130859375,-0.00774383544921875,-0.01758575439453125,-0.0045013427734375,-0.011444091796875,-0.0185394287109375,-0.00965118408203125,-0.01399993896484375,-0.00957489013671875,-0.0029754638671875,-0.02361297607421875,0.09979248046875,0.09857177734375,0.09063720703125,0.097198486328125,0.09246826171875,0.100860595703125,0.101318359375,0.096588134765625,0.04730224609375,0.103302001953125,0.097198486328125,0.078582763671875,-0.32928466796875,0.20263671875,0.2801513671875,-0.375213623046875,0.09639240801334381
456,0.4830000000000002,-0.0,-0.0,-0.0,-0.0,-0.0,-0.0,-4.769383430480957,-0.2194499671459198,-784.086181640625,-251911.46875,23700.873046875,585.8643188476562,-0.0,-0.0,-0.0,-0.0,-0.0,-0.0,-0.0,-0.0,-0.0,-0.0,-0.0,-0.0,-0.009307861328125,-0.00736236572265625,-0.0096893310546875,-0.01117706298828125,-0.00942230224609375,-0.0109100341796875,-0.00873565673828125,-0.01819610595703125,-0.00396728515625,-0.013427734375,-0.03292083740234375,-0.0049591064453125,-0.02620697021484375,-0.00621795654296875,-0.00377655029296875,-0.0199127197265625,0.100860595703125,0.1080322265625,0.08392333984375,0.093536376953125,0.10650634765625,0.09552001953125,0.098419189453125,0.106353759765625,-0.02288818359375,0.057830810546875,0.10528564453125,0.093994140625,-1.15447998046875,-2.6641845703125,0.57220458984375,-2.784576416015625,1.9256983995437622
457,0.4835000000000002,-0.0,-0.0,-0.0,-0.0,-0.0,-0.0,-4.206359386444092,0.9462398290634155,-783.05322265625,-251860.296875,23769.083984375,350.34527587890625,-0.0,-0.0,-0.0,-0.0,-0.0,-0.0,-0.0,-0.0,-0.0,-0.0,-0.0,-0.0,0.0079345703125,0.00865936279296875,0.01056671142578125,0.0124359130859375,0.01132965087890625,0.01312255859375,0.008392333984375,0.0174713134765625,0.0077056884765625,0.01415252685546875,0.02223968505859375,0.009307861328125,0.0152587890625,0.00926971435546875,0.004119873046875,0.02086639404296875,0.097503662109375,0.10162353515625,0.08697509765625,0.091094970703125,0.098114013671875,0.100250244140625,0.096282958984375,0.094757080078125,0.206756591796875,0.102081298828125,0.10772705078125,0.092620849609375,1.116180419921875,0.29205322265625,-0.21392822265625,0.666046142578125,8.328269958496094
458,0.4840000000000002,-0.0,-0.0,-0.0,-0.0,-0.0,-0.0,-4.1036834716796875,1.5626072883605957,-785.607421875,-251907.171875,23537.845703125,254.2891845703125,-0.0,-0.0,-0.0,-0.0,-0.0,-0.0,-0.0,-0.0,-0.0,-0.0,-0.0,-0.0,0.0095367431640625,0.00682830810546875,0.01003265380859375,0.01110076904296875,0.00774383544921875,0.0095367431640625,0.0086212158203125,0.01789093017578125,0.00461578369140625,0.0106048583984375,0.0311279296875,0.00736236572265625,0.0264739990234375,0.0077056884765625,0.00553131103515625,0.021820068359375,0.098419189453125,0.100860595703125,0.086669921875,0.098419189453125,0.097198486328125,0.098114013671875,0.1007080078125,0.090789794921875,0.07476806640625,0.093536376953125,0.11871337890625,0.10101318359375,1.01104736328125,2.628173828125,-0.33538818359375,2.971343994140625,3.755004405975342
459,0.4845000000000002,-0.0,-0.0,-0.0,-0.0,-0.0,-0.0,-3.7127580642700195,1.7826080322265625,-784.9008178710938,-251919.796875,23401.0234375,87.49317932128906,-0.0,-0.0,-0.0,-0.0,-0.0,-0.0,-0.0,-0.0,-0.0,-0.0,-0.0,-0.0,-0.009002685546875,-0.0060272216796875,-0.008544921875,-0.01247406005859375,-0.00823974609375,-0.010986328125,-0.00736236572265625,-0.01895904541015625,-0.00659942626953125,-0.01308441162109375,-0.02132415771484375,-0.00911712646484375,-0.01499176025390625,-0.00957489013671875,-0.001068115234375,-0.02231597900390625,0.10040283203125,0.097198486328125,0.08331298828125,0.10101318359375,0.098419189453125,0.09979248046875,0.10589599609375,0.094146728515625,0.068511962890625,0.124664306640625,0.07568359375,0.104522705078125,-0.295867919921875,-0.06744384765625,0.3204345703125,-0.56121826171875,-0.8182606101036072
460,0.4850000000000002,-0.0,-0.0,-0.0,-0.0,-0.0,-0.0,-3.4663641452789307,2.44882869720459,-785.5559692382812,-251923.5,22748.939453125,-186.4586944580078,-0.0,-0.0,-0.0,-0.0,-0.0,-0.0,-0.0,-0.0,-0.0,-0.0,-0.0,-0.0,-0.0057220458984375,-0.0038909912109375,-0.00797271728515625,-0.0098419189453125,-0.009002685546875,-0.0116729736328125,-0.007476806640625,-0.01800537109375,-0.00553131103515625,-0.01445770263671875,-0.03368377685546875,-0.00766754150390625,-0.02685546875,-0.00782012939453125,-0.0034332275390625,-0.0182342529296875,0.09979248046875,0.10162353515625,0.09063720703125,0.103302001953125,0.0921630859375,0.101165771484375,0.09307861328125,0.0958251953125,0.082244873046875,0.146026611328125,0.06866455078125,0.10223388671875,-0.896453857421875,-2.547607421875,0.50079345703125,-2.74932861328125,-12.098980903625488
461,0.4855000000000002,-0.0,-0.0,-0.0,-0.0,-0.0,-0.0,-3.0418636798858643,3.2426068782806396,-786.9348754882812,-252310.609375,22873.013671875,-149.78941345214844,-0.0,-0.0,-0.0,-0.0,-0.0,-0.0,-0.0,-0.0,-0.0,-0.0,-0.0,-0.0,0.00835418701171875,0.0067138671875,0.01049041748046875,0.01262664794921875,0.00827789306640625,0.0127410888671875,0.00736236572265625,0.0188446044921875,0.004730224609375,0.01434326171875,0.02197265625,0.01010894775390625,0.0157928466796875,0.008392333984375,0.0040435791015625,0.0215911865234375,0.103607177734375,0.10955810546875,0.090179443359375,0.09674072265625,0.052032470703125,0.099334716796875,0.103607177734375,0.098724365234375,0.084381103515625,0.111846923828125,0.102081298828125,0.09033203125,0.767059326171875,0.2813720703125,-0.205078125,0.6463623046875,8.633153915405273
462,0.4860000000000002,-0.0,-0.0,-0.0,-0.0,-0.0,-0.0,-2.744051456451416,3.6295812129974365,-787.8953247070312,-252642.28125,22745.455078125,-383.5320739746094,-0.0,-0.0,-0.0,-0.0,-0.0,-0.0,-0.0,-0.0,-0.0,-0.0,-0.0,-0.0,0.007476806640625,0.00812530517578125,0.0092315673828125,0.01251220703125,0.00965118408203125,0.01239776611328125,0.0110626220703125,0.018768310546875,0.0058746337890625,0.01312255859375,0.03620147705078125,0.0054168701171875,0.0260162353515625,0.00812530517578125,0.0025177001953125,0.02056121826171875,0.097503662109375,0.097808837890625,0.088653564453125,0.095367431640625,0.1605224609375,0.09735107421875,0.103302001953125,0.0946044921875,0.081329345703125,0.0592041015625,0.0946044921875,0.086517333984375,1.148529052734375,2.77923583984375,-0.5291748046875,2.94036865234375,4.364773273468018
463,0.4865000000000002,-0.0,-0.0,-0.0,-0.0,-0.0,-0.0,-2.451889753341675,4.324222564697266,-788.8329467773438,-252778.5,22426.310546875,-372.0035705566406,-0.0,-0.0,-0.0,-0.0,-0.0,-0.0,-0.0,-0.0,-0.0,-0.0,-0.0,-0.0,-0.00640869140625,-0.0080108642578125,-0.008544921875,-0.01399993896484375,-0.00850677490234375,-0.01312255859375,-0.00858306884765625,-0.01800537109375,-0.00675201416015625,-0.011138916015625,-0.02155303955078125,-0.00865936279296875,-0.0167083740234375,-0.0077056884765625,-0.0038909912109375,-0.02231597900390625,0.095062255859375,0.1019287109375,0.09552001953125,0.100250244140625,0.108642578125,0.09796142578125,0.094146728515625,0.096588134765625,0.082855224609375,-0.0244140625,0.082244873046875,0.09124755859375,-0.709228515625,0.0445556640625,0.17852783203125,-0.53863525390625,6.1940789222717285
464,0.4870000000000002,-0.0,-0.0,-0.0,-0.0,-0.0,-0.0,-2.0398731231689453,4.779345512390137,-789.3097534179688,-253098.546875,22544.654296875,-324.3861999511719,-0.0,-0.0,-0.0,-0.0,-0.0,-0.0,-0.0,-0.0,-0.0,-0.0,-0.0,-0.0,-0.00885009765625,-0.0067138671875,-0.00881195068359375,-0.01186370849609375,-0.00865936279296875,-0.01041412353515625,-0.00865936279296875,-0.0176239013671875,-0.0046539306640625,-0.01071929931640625,-0.03326416015625,-0.00743865966796875,-0.02666473388671875,-0.00652313232421875,-0.002593994140625,-0.02071380615234375,0.105133056640625,0.0982666015625,0.096435546875,0.097503662109375,-0.007171630859375,0.0982666015625,0.081024169921875,0.091094970703125,0.08544921875,0.22369384765625,0.09765625,0.094146728515625,-1.032867431640625,-2.60101318359375,0.71136474609375,-2.740936279296875,-2.342682361602783
465,0.4875000000000002,-0.0,-0.0,-0.0,-0.0,-0.0,-0.0,-1.5838844776153564,4.323619842529297,-789.9365844726562,-253662.453125,22425.4609375,-547.8223266601562,-0.0,-0.0,-0.0,-0.0,-0.0,-0.0,-0.0,-0.0,-0.0,-0.0,-0.0,-0.0,0.00701904296875,0.01041412353515625,0.0091552734375,0.013275146484375,0.008544921875,0.01373291015625,0.00789642333984375,0.01850128173828125,0.0063323974609375,0.0144195556640625,0.01956939697265625,0.00942230224609375,0.015106201171875,0.00885009765625,0.00255584716796875,0.02201080322265625,0.093536376953125,0.095672607421875,0.100555419921875,0.099639892578125,0.290985107421875,0.103759765625,0.111541748046875,0.098419189453125,0.105133056640625,0.0341796875,0.097503662109375,0.106658935546875,0.941619873046875,-0.03936767578125,-0.10467529296875,0.897979736328125,11.681997299194336
466,0.4880000000000002,-0.0,-0.0,-0.0,-0.0,-0.0,-0.0,-1.281461477279663,3.6879043579101562,-790.50390625,-253980.03125,22391.72265625,-720.1416625976562,-0.0,-0.0,-0.0,-0.0,-0.0,-0.0,-0.0,-0.0,-0.0,-0.0,-0.0,-0.0,0.0098419189453125,0.0052642822265625,0.0090789794921875,0.01178741455078125,0.0087738037109375,0.0127410888671875,0.00926971435546875,0.02033233642578125,0.00598907470703125,0.01399993896484375,0.03353118896484375,0.0091552734375,0.02986907958984375,0.00728607177734375,0.00335693359375,0.019378662109375,0.101318359375,0.097503662109375,0.098876953125,0.09674072265625,0.158843994140625,0.097808837890625,0.1123046875,0.103759765625,0.098724365234375,0.01678466796875,0.0860595703125,0.1031494140625,1.1566162109375,2.4908447265625,-0.33935546875,3.013916015625,3.145235776901245
467,0.4885000000000002,-0.0,-0.0,-0.0,-0.0,-0.0,-0.0,-1.0035046339035034,2.986095428466797,-793.4195556640625,-254849.46875,22131.27734375,-790.4022216796875,-0.0,-0.0,-0.0,-0.0,-0.0,-0.0,-0.0,-0.0,-0.0,-0.0,-0.0,-0.0,-0.00644683837890625,-0.0046539306640625,-0.00934600830078125,-0.01094818115234375,-0.0083160400390625,-0.011749267578125,-0.0078582763671875,-0.01880645751953125,-0.004119873046875,-0.01132965087890625,-0.01682281494140625,-0.00843048095703125,-0.01483917236328125,-0.008392333984375,-0.0045013427734375,-0.0212860107421875,0.097503662109375,0.099334716796875,0.100555419921875,0.100860595703125,0.122528076171875,0.098876953125,0.102386474609375,0.09490966796875,0.091094970703125,0.07598876953125,0.125885009765625,0.099029541015625,-0.366668701171875,0.1617431640625,0.4083251953125,-0.48065185546875,-0.5133762359619141
468,0.4890000000000002,-0.0,-0.0,-0.0,-0.0,-0.0,-0.0,-0.41260647773742676,2.239377737045288,-793.4629516601562,-255901.453125,21930.443359375,-820.4862060546875,-0.0,-0.0,-0.0,-0.0,-0.0,-0.0,-0.0,-0.0,-0.0,-0.0,-0.0,-0.0,-0.007781982421875,-0.00591278076171875,-0.010528564453125,-0.0122833251953125,-0.0086212158203125,-0.0130462646484375,-0.007476806640625,-0.01918792724609375,-0.00492095947265625,-0.0115203857421875,-0.0325775146484375,-0.0079345703125,-0.02666473388671875,-0.0048828125,-0.0026702880859375,-0.01934051513671875,0.0958251953125,0.106048583984375,0.10040283203125,0.099945068359375,0.077667236328125,0.105743408203125,0.102081298828125,0.098419189453125,0.098114013671875,0.122528076171875,0.101165771484375,0.09552001953125,-0.705108642578125,-2.24029541015625,0.526123046875,-2.7423095703125,-5.391525745391846
469,0.4895000000000002,-0.0,-0.0,-0.0,-0.0,-0.0,-0.0,0.6578437685966492,1.8268386125564575,-796.466552734375,-256670.25,21715.611328125,-842.8950805664062,-0.0,-0.0,-0.0,-0.0,-0.0,-0.0,-0.0,-0.0,-0.0,-0.0,-0.0,-0.0,0.00579833984375,0.006256103515625,0.00919342041015625,0.01312255859375,0.0080108642578125,0.01361846923828125,0.008087158203125,0.01873016357421875,0.00621795654296875,0.0118255615234375,0.02048492431640625,0.00743865966796875,0.01506805419921875,0.007476806640625,0.00385284423828125,0.0213623046875,0.098419189453125,0.099639892578125,0.09735107421875,0.093994140625,0.07415771484375,0.09429931640625,0.0933837890625,0.091094970703125,0.09552001953125,0.068206787109375,0.110015869140625,0.087127685546875,0.67718505859375,0.2154541015625,-0.26031494140625,0.61187744140625,8.93803882598877
470,0.4900000000000002,-0.0,-0.0,-0.0,-0.0,-0.0,-0.0,0.8481338620185852,0.7795742750167847,-797.5648193359375,-257233.09375,21522.568359375,-975.4669799804688,-0.0,-0.0,-0.0,-0.0,-0.0,-0.0,-0.0,-0.0,-0.0,-0.0,-0.0,-0.0,0.00705718994140625,0.00640869140625,0.0099945068359375,0.0115203857421875,0.00995635986328125,0.01316070556640625,0.01064300537109375,0.0185394287109375,0.0064849853515625,0.01354217529296875,0.0335693359375,0.0078582763671875,0.02407073974609375,0.00881195068359375,0.00335693359375,0.01941680908203125,0.09796142578125,0.1019287109375,0.101165771484375,0.090179443359375,0.10345458984375,0.094451904296875,0.084075927734375,0.096588134765625,0.102691650390625,0.09429931640625,0.107269287109375,0.094757080078125,0.900115966796875,2.44781494140625,-0.38909912109375,2.79083251953125,5.279426097869873
471,0.4905000000000002,-0.0,-0.0,-0.0,-0.0,-0.0,-0.0,1.5498095750808716,0.8249019980430603,-799.738037109375,-257868.34375,21374.0625,-1132.6875,-0.0,-0.0,-0.0,-0.0,-0.0,-0.0,-0.0,-0.0,-0.0,-0.0,-0.0,-0.0,-0.0063323974609375,-0.0048065185546875,-0.0090789794921875,-0.00942230224609375,-0.009613037109375,-0.0101470947265625,-0.0087738037109375,-0.015716552734375,-0.00659942626953125,-0.0101470947265625,-0.0171661376953125,-0.0070953369140625,-0.0162506103515625,-0.00701904296875,-0.0025177001953125,-0.02086639404296875,0.09735107421875,0.0994873046875,0.102386474609375,0.108184814453125,0.087127685546875,0.09796142578125,0.097503662109375,0.10284423828125,0.095367431640625,0.089111328125,0.079345703125,0.100555419921875,-0.399017333984375,0.3106689453125,0.55694580078125,-0.67596435546875,6.498963356018066
472,0.4910000000000002,-0.0,-0.0,-0.0,-0.0,-0.0,-0.0,2.4773945808410645,0.6010297536849976,-798.3585205078125,-258099.484375,21102.89453125,-1297.636474609375,-0.0,-0.0,-0.0,-0.0,-0.0,-0.0,-0.0,-0.0,-0.0,-0.0,-0.0,-0.0,-0.007781982421875,-0.0067901611328125,-0.00804901123046875,-0.01117706298828125,-0.0083160400390625,-0.012359619140625,-0.00995635986328125,-0.02002716064453125,-0.00614166259765625,-0.0138092041015625,-0.03284454345703125,-0.0054168701171875,-0.02620697021484375,-0.0080108642578125,-0.00186920166015625,-0.01979827880859375,0.08941650390625,0.097808837890625,0.102691650390625,0.1007080078125,0.11932373046875,0.09674072265625,0.09857177734375,0.097198486328125,0.091094970703125,0.1055908203125,0.085906982421875,0.103302001953125,-1.09649658203125,-2.22625732421875,0.97869873046875,-2.61383056640625,0.7061610817909241
473,0.4915000000000002,-0.0,-0.0,-0.0,-0.0,-0.0,-0.0,2.597134828567505,0.3204837739467621,-799.2462158203125,-258640.171875,20890.369140625,-1265.341796875,-0.0,-0.0,-0.0,-0.0,-0.0,-0.0,-0.0,-0.0,-0.0,-0.0,-0.0,-0.0,0.00675201416015625,0.00621795654296875,0.00949859619140625,0.0115203857421875,0.00942230224609375,0.01056671142578125,0.00885009765625,0.0152587890625,0.0084686279296875,0.009765625,0.01682281494140625,0.00701904296875,0.01544952392578125,0.00843048095703125,0.002288818359375,0.02231597900390625,0.09857177734375,0.0982666015625,0.093231201171875,0.098419189453125,0.042572021484375,0.0994873046875,0.095062255859375,0.100250244140625,0.092926025390625,0.163116455078125,0.106048583984375,0.0982666015625,0.428924560546875,-0.29510498046875,-0.43121337890625,0.72662353515625,9.852691650390625
474,0.4920000000000002,-0.0,-0.0,-0.0,-0.0,-0.0,-0.0,2.554089069366455,-0.04631607234477997,-797.7806396484375,-259235.40625,20893.234375,-1425.9254150390625,-0.0,-0.0,-0.0,-0.0,-0.0,-0.0,-0.0,-0.0,-0.0,-0.0,-0.0,-0.0,0.00934600830078125,0.00640869140625,0.00965118408203125,0.01094818115234375,0.0078582763671875,0.0109100341796875,0.00858306884765625,0.018463134765625,0.00457763671875,0.012054443359375,0.03108978271484375,0.00728607177734375,0.025787353515625,0.0095367431640625,0.00614166259765625,0.0218963623046875,0.096435546875,0.101776123046875,0.09765625,0.091400146484375,0.048065185546875,0.095062255859375,0.08941650390625,0.0897216796875,0.117950439453125,0.286712646484375,0.091400146484375,0.09552001953125,0.85174560546875,2.20611572265625,-0.45867919921875,2.783050537109375,2.5354671478271484
475,0.4925000000000002,-0.0,-0.0,-0.0,-0.0,-0.0,-0.0,2.2632012367248535,-0.5347824096679688,-801.3272705078125,-259719.546875,21201.439453125,-1133.781982421875,-0.0,-0.0,-0.0,-0.0,-0.0,-0.0,-0.0,-0.0,-0.0,-0.0,-0.0,-0.0,-0.00514984130859375,-0.0045013427734375,-0.00743865966796875,-0.00995635986328125,-0.00736236572265625,-0.0118255615234375,-0.00904083251953125,-0.01651763916015625,-0.005645751953125,-0.007171630859375,-0.017852783203125,-0.00461578369140625,-0.01674652099609375,-0.0063323974609375,-0.00576019287109375,-0.0196075439453125,0.106964111328125,0.099639892578125,0.103607177734375,0.092010498046875,0.21636962890625,0.099639892578125,0.10772705078125,0.089874267578125,0.06683349609375,-0.12603759765625,0.106048583984375,0.104827880859375,0.00640869140625,0.16510009765625,0.41290283203125,-0.370330810546875,-0.20849192142486572
476,0.4930000000000002,-0.0,-0.0,-0.0,-0.0,-0.0,-0.0,1.9391683340072632,-1.3041117191314697,-800.6961669921875,-260448.0625,20992.72265625,-1014.2318115234375,-0.0,-0.0,-0.0,-0.0,-0.0,-0.0,-0.0,-0.0,-0.0,-0.0,-0.0,-0.0,-0.0081634521484375,-0.00850677490234375,-0.00911712646484375,-0.011138916015625,-0.0093841552734375,-0.0127410888671875,-0.0106048583984375,-0.01689910888671875,-0.0043487548828125,-0.0106048583984375,-0.02994537353515625,-0.00797271728515625,-0.02513885498046875,-0.008544921875,-0.0020599365234375,-0.02079010009765625,0.0897216796875,0.09490966796875,0.0958251953125,0.10162353515625,0.128173828125,0.09857177734375,0.107269287109375,0.09490966796875,-0.079803466796875,-0.0775146484375,0.1031494140625,0.10833740234375,-0.730743408203125,-2.0440673828125,0.42816162109375,-2.791900634765625,-0.5133762359619141
477,0.4935000000000002,-0.0,-0.0,-0.0,-0.0,-0.0,-0.0,1.9534480571746826,-2.472057819366455,-804.4503784179688,-261729.0625,21067.646484375,-1044.451171875,-0.0,-0.0,-0.0,-0.0,-0.0,-0.0,-0.0,-0.0,-0.0,-0.0,-0.0,-0.0,0.0072479248046875,0.00560760498046875,0.00885009765625,0.01285552978515625,0.0074005126953125,0.0138092041015625,0.00560760498046875,0.0167083740234375,0.00621795654296875,0.012054443359375,0.0193023681640625,0.00888824462890625,0.01556396484375,0.0077056884765625,0.003509521484375,0.01953125,0.09552001953125,0.103759765625,0.0927734375,0.09521484375,0.08880615234375,0.095367431640625,0.088348388671875,0.09674072265625,0.128021240234375,0.13427734375,0.08087158203125,0.1019287109375,0.92864990234375,0.20477294921875,-0.1361083984375,0.63079833984375,8.633153915405273
478,0.4940000000000002,-0.0,-0.0,-0.0,-0.0,-0.0,-0.0,1.3291990756988525,-3.3959059715270996,-806.698486328125,-263046.3125,21234.732421875,-806.282470703125,-0.0,-0.0,-0.0,-0.0,-0.0,-0.0,-0.0,-0.0,-0.0,-0.0,-0.0,-0.0,0.00621795654296875,0.0069427490234375,0.008697509765625,0.01224517822265625,0.01003265380859375,0.01331329345703125,0.00949859619140625,0.0200653076171875,0.007476806640625,0.0101470947265625,0.03009796142578125,0.0081634521484375,0.016632080078125,0.0083160400390625,0.00396728515625,0.019378662109375,0.098419189453125,0.09796142578125,0.090484619140625,0.10284423828125,0.08758544921875,0.100250244140625,0.09033203125,0.091552734375,0.202789306640625,0.15838623046875,0.100555419921875,0.095062255859375,0.73760986328125,2.15423583984375,-0.350341796875,0.85968017578125,2.5354671478271484
479,0.4945000000000002,-0.0,-0.0,-0.0,-0.0,-0.0,-0.0,1.0139740705490112,-4.27825927734375,-811.0903930664062,-264173.78125,21637.77734375,-636.3444213867188,-0.0,-0.0,-0.0,-0.0,-0.0,-0.0,-0.0,-0.0,-0.0,-0.0,-0.0,-0.0,-0.0066375732421875,-0.00682830810546875,-0.00782012939453125,-0.01110076904296875,-0.0080108642578125,-0.0136566162109375,-0.0060272216796875,-0.01758575439453125,-0.0052642822265625,-0.012359619140625,-0.018463134765625,-0.00980377197265625,-0.00621795654296875,-0.00797271728515625,-0.00240325927734375,-0.0199127197265625,0.098114013671875,0.095672607421875,0.095977783203125,0.103912353515625,0.09674072265625,0.0970458984375,0.098724365234375,0.097503662109375,-0.457611083984375,0.08819580078125,0.102386474609375,0.096588134765625,-0.636444091796875,0.048828125,0.24627685546875,0.039520263671875,-0.5133762359619141
480,0.4950000000000002,-0.0,-0.0,-0.0,-0.0,-0.0,-0.0,1.1667194366455078,-4.699884414672852,-812.7622680664062,-265087.1875,21514.427734375,-511.9024658203125,-0.0,-0.0,-0.0,-0.0,-0.0,-0.0,-0.0,-0.0,-0.0,-0.0,-0.0,-0.0,-0.00701904296875,-0.00701904296875,-0.0099945068359375,-0.01262664794921875,-0.00896453857421875,-0.00782012939453125,-0.0074005126953125,-0.01781463623046875,-0.00335693359375,-0.008544921875,-0.0321197509765625,-0.00720977783203125,-0.02414703369140625,-0.00652313232421875,-0.0026702880859375,-0.0220489501953125,0.093994140625,0.095062255859375,0.089263916015625,0.103302001953125,0.0836181640625,0.098876953125,0.09246826171875,0.099334716796875,0.508270263671875,0.104217529296875,0.09246826171875,0.10467529296875,-0.612335205078125,-2.12554931640625,0.48583984375,-2.539520263671875,-1.1231448650360107
481,0.4955000000000002,-0.0,-0.0,-0.0,-0.0,-0.0,-0.0,0.6652960181236267,-5.234521389007568,-815.5582885742188,-266038.125,21599.447265625,-554.8082275390625,-0.0,-0.0,-0.0,-0.0,-0.0,-0.0,-0.0,-0.0,-0.0,-0.0,-0.0,-0.0,0.00690460205078125,0.00751495361328125,0.00888824462890625,0.0138092041015625,0.00789642333984375,0.01300811767578125,0.007476806640625,0.0162506103515625,0.00438690185546875,0.010528564453125,0.017547607421875,0.0070953369140625,0.0164031982421875,0.00720977783203125,0.0032806396484375,0.02044677734375,0.098724365234375,0.099639892578125,0.091094970703125,0.093231201171875,0.09429931640625,0.0982666015625,0.095672607421875,0.0921630859375,0.277252197265625,0.103302001953125,0.081939697265625,0.119171142578125,0.776519775390625,-0.220947265625,-0.16387939453125,0.75958251953125,10.4624605178833
482,0.4960000000000002,-0.0,-0.0,-0.0,-0.0,-0.0,-0.0,0.235187828540802,-5.477482318878174,-816.2631225585938,-267262.28125,21665.828125,-381.9903564453125,-0.0,-0.0,-0.0,-0.0,-0.0,-0.0,-0.0,-0.0,-0.0,-0.0,-0.0,-0.0,0.00743865966796875,0.0061798095703125,0.0095367431640625,0.01300811767578125,0.0092315673828125,0.011138916015625,0.00701904296875,0.01850128173828125,0.004425048828125,0.0109100341796875,0.032196044921875,0.01201629638671875,0.02338409423828125,0.00904083251953125,0.0038909912109375,0.0223541259765625,0.10223388671875,0.104827880859375,0.098419189453125,0.107574462890625,0.11566162109375,0.10162353515625,0.099334716796875,0.098724365234375,0.169677734375,0.082855224609375,0.117034912109375,0.086822509765625,1.264190673828125,2.318115234375,-0.21820068359375,2.22198486328125,3.450119972229004
483,0.4965000000000002,-0.0,-0.0,-0.0,-0.0,-0.0,-0.0,0.5352630615234375,-5.728801727294922,-816.3269653320312,-267750.5,21811.76953125,-347.66766357421875,-0.0,-0.0,-0.0,-0.0,-0.0,-0.0,-0.0,-0.0,-0.0,-0.0,-0.0,-0.0,-0.00667572021484375,-0.006561279296875,-0.00896453857421875,-0.01110076904296875,-0.00743865966796875,-0.01148223876953125,-0.0063323974609375,-0.0144195556640625,-0.00438690185546875,-0.01216888427734375,-0.0142669677734375,-0.00843048095703125,-0.01323699951171875,-0.00774383544921875,-0.0020599365234375,-0.02025604248046875,0.099639892578125,0.10009765625,0.0909423828125,0.09521484375,0.0799560546875,0.0970458984375,0.094451904296875,0.09735107421875,0.06256103515625,0.11138916015625,0.0933837890625,0.088348388671875,-0.697174072265625,0.46966552734375,0.26031494140625,-0.304107666015625,-3.5622196197509766
484,0.4970000000000002,-0.0,-0.0,-0.0,-0.0,-0.0,-0.0,-0.07229781150817871,-6.14231014251709,-820.7901611328125,-268143.8125,22010.1328125,-395.7023010253906,-0.0,-0.0,-0.0,-0.0,-0.0,-0.0,-0.0,-0.0,-0.0,-0.0,-0.0,-0.0,-0.00720977783203125,-0.00545501708984375,-0.00885009765625,-0.01094818115234375,-0.0096893310546875,-0.0130462646484375,-0.00995635986328125,-0.0201416015625,-0.00431060791015625,-0.01220703125,-0.03299713134765625,-0.0101470947265625,-0.0244903564453125,-0.00827789306640625,-0.00347137451171875,-0.019989013671875,0.098114013671875,0.097808837890625,0.093994140625,0.09796142578125,0.0921630859375,0.09246826171875,0.100555419921875,0.09552001953125,0.048675537109375,0.0848388671875,0.095367431640625,0.086212158203125,-0.952301025390625,-2.09686279296875,0.3961181640625,-2.4188232421875,-3.2573351860046387
485,0.4975000000000002,-0.0,-0.0,-0.0,-0.0,-0.0,-0.0,0.04205100238323212,-5.818212985992432,-821.94775390625,-268494.46875,22290.884765625,-320.7289123535156,-0.0,-0.0,-0.0,-0.0,-0.0,-0.0,-0.0,-0.0,-0.0,-0.0,-0.0,-0.0,0.0058746337890625,0.00698089599609375,0.0099945068359375,0.01129150390625,0.008392333984375,0.011138916015625,0.00659942626953125,0.01659393310546875,0.00518798828125,0.0128936767578125,0.0168609619140625,0.00885009765625,0.01308441162109375,0.00743865966796875,0.00476837158203125,0.0183868408203125,0.097808837890625,0.100250244140625,0.09063720703125,0.09857177734375,0.122222900390625,0.09857177734375,0.100250244140625,0.095367431640625,0.007781982421875,0.133056640625,0.103302001953125,0.081787109375,0.750885009765625,-0.07659912109375,-0.2581787109375,0.378875732421875,9.547806739807129
486,0.4980000000000002,-0.0,-0.0,-0.0,-0.0,-0.0,-0.0,-0.0,-5.843247890472412,-823.0078735351562,-268450.1875,21919.75,-278.46197509765625,-0.0,-0.0,-0.0,-0.0,-0.0,-0.0,-0.0,-0.0,-0.0,-0.0,-0.0,-0.0,0.0101470947265625,0.0055694580078125,0.01026153564453125,0.0121307373046875,0.00957489013671875,0.0118255615234375,0.00720977783203125,0.01972198486328125,0.0048828125,0.010223388671875,0.03040313720703125,0.012054443359375,0.02468109130859375,0.009765625,0.00530242919921875,0.02185821533203125,0.09490966796875,0.09796142578125,0.09674072265625,0.0994873046875,0.061492919921875,0.0982666015625,0.097503662109375,0.098724365234375,-0.08544921875,0.1220703125,0.0921630859375,0.095062255859375,0.80535888671875,2.1417236328125,-0.03875732421875,2.29461669921875,3.450119972229004
487,0.4985000000000002,-0.0,-0.0,-0.0,-0.0,-0.0,-0.0,-0.4390025734901428,-5.333736896514893,-824.3931884765625,-268394.03125,22125.986328125,-286.1219177246094,-0.0,-0.0,-0.0,-0.0,-0.0,-0.0,-0.0,-0.0,-0.0,-0.0,-0.0,-0.0,-0.00675201416015625,-0.004119873046875,-0.0086212158203125,-0.01068115234375,-0.00751495361328125,-0.0096893310546875,-0.00804901123046875,-0.01720428466796875,-0.00392913818359375,-0.01155853271484375,-0.0147247314453125,-0.00881195068359375,-0.01438140869140625,-0.00732421875,-0.00408172607421875,-0.01956939697265625,0.096588134765625,0.096893310546875,0.096282958984375,0.0927734375,0.096435546875,0.096282958984375,0.09765625,0.102386474609375,0.353851318359375,0.068359375,0.1031494140625,0.10009765625,-0.391082763671875,0.14556884765625,0.27099609375,-0.4425048828125,-0.5133762359619141
488,0.4990000000000002,-0.0,-0.0,-0.0,-0.0,-0.0,-0.0,-0.16004708409309387,-4.659949779510498,-823.2354125976562,-268225.625,22213.892578125,-248.1715545654297,-0.0,-0.0,-0.0,-0.0,-0.0,-0.0,-0.0,-0.0,-0.0,-0.0,-0.0,-0.0,-0.00949859619140625,-0.00720977783203125,-0.009307861328125,-0.01201629638671875,-0.00713348388671875,-0.01155853271484375,-0.0061798095703125,-0.0201416015625,-0.00446319580078125,-0.0093841552734375,-0.0307464599609375,-0.01087188720703125,-0.0250244140625,-0.00881195068359375,-0.00579833984375,-0.0222015380859375,0.099639892578125,0.09796142578125,0.09521484375,0.0994873046875,0.10009765625,0.096282958984375,0.09552001953125,0.1007080078125,0.11688232421875,0.092926025390625,0.095977783203125,0.102996826171875,-0.70159912109375,-2.01446533203125,0.341796875,-2.178192138671875,-1.732913613319397
489,0.4995000000000002,-0.0,-0.0,-0.0,-0.0,-0.0,-0.0,-0.1343422830104828,-3.9272775650024414,-822.403564453125,-267628.15625,22306.73828125,-234.9278106689453,-0.0,-0.0,-0.0,-0.0,-0.0,-0.0,-0.0,-0.0,-0.0,-0.0,-0.0,-0.0,0.00713348388671875,0.00492095947265625,0.00881195068359375,0.010528564453125,0.0083160400390625,0.01140594482421875,0.0070953369140625,0.01598358154296875,0.0049591064453125,0.0125885009765625,0.0162506103515625,0.00949859619140625,0.0147247314453125,0.0095367431640625,0.0035858154296875,0.01983642578125,0.099639892578125,0.097503662109375,0.099334716796875,0.104217529296875,0.095367431640625,0.09979248046875,0.100555419921875,0.099029541015625,0.10528564453125,0.112762451171875,0.115814208984375,0.10406494140625,0.93017578125,-0.12664794921875,-0.189208984375,0.762939453125,6.803847789764404
490,0.5000000000000002,-0.0,-0.0,-0.0,-0.0,-0.0,-0.0,-0.6627495288848877,-2.9603490829467773,-821.7990112304688,-267554.15625,22641.001953125,-227.82261657714844,-0.0,-0.0,-0.0,-0.0,-0.0,-0.0,-0.0,-0.0,-0.0,-0.0,-0.0,-0.0,0.00591278076171875,0.0067138671875,0.01148223876953125,0.0144195556640625,0.0101470947265625,0.009307861328125,0.00835418701171875,0.01857757568359375,0.0048828125,0.00766754150390625,0.031585693359375,0.00881195068359375,0.017242431640625,0.00797271728515625,0.00507354736328125,0.02391815185546875,0.104827880859375,0.10040283203125,0.09552001953125,0.098724365234375,0.0897216796875,0.097198486328125,0.09857177734375,0.0982666015625,-0.172271728515625,0.093231201171875,0.098419189453125,0.10772705078125,0.692138671875,2.255859375,-0.3582763671875,1.794891357421875,3.145235776901245
491,0.5005000000000002,-0.0,-0.0,-0.0,-0.0,-0.0,-0.0,-0.9238992929458618,-1.7702748775482178,-820.1852416992188,-266949.4375,22489.9140625,-293.6198425292969,-0.0,-0.0,-0.0,-0.0,-0.0,-0.0,-0.0,-0.0,-0.0,-0.0,-0.0,-0.0,-0.00446319580078125,-0.00621795654296875,-0.00659942626953125,-0.01056671142578125,-0.0078582763671875,-0.0086212158203125,-0.00843048095703125,-0.013580322265625,-0.0070953369140625,-0.00988006591796875,-0.01628875732421875,-0.00823974609375,-0.016937255859375,-0.007476806640625,-0.00164031982421875,-0.019989013671875,0.097198486328125,0.10101318359375,0.09796142578125,0.097503662109375,0.1055908203125,0.096435546875,0.094757080078125,0.09796142578125,0.216522216796875,0.05645751953125,0.087890625,0.098724365234375,-0.572967529296875,0.35247802734375,0.16876220703125,-0.564422607421875,-2.647566556930542
492,0.5010000000000002,-0.0,-0.0,-0.0,-0.0,-0.0,-0.0,-1.2172259092330933,-0.15846401453018188,-817.5095825195312,-265694.6875,22617.13671875,-216.85960388183594,-0.0,-0.0,-0.0,-0.0,-0.0,-0.0,-0.0,-0.0,-0.0,-0.0,-0.0,-0.0,-0.0072479248046875,-0.005035400390625,-0.00888824462890625,-0.01087188720703125,-0.0096893310546875,-0.0118255615234375,-0.00949859619140625,-0.0191497802734375,-0.00659942626953125,-0.0127410888671875,-0.030670166015625,-0.0113677978515625,-0.0215911865234375,-0.0081634521484375,-0.002288818359375,-0.02155303955078125,0.100555419921875,0.102996826171875,0.10040283203125,0.093231201171875,0.0933837890625,0.097503662109375,0.098724365234375,0.102081298828125,0.201263427734375,0.061492919921875,0.097808837890625,0.088348388671875,-0.98419189453125,-1.97235107421875,0.5499267578125,-2.0184326171875,-3.2573351860046387
493,0.5015000000000003,-0.0,-0.0,-0.0,-0.0,-0.0,-0.0,-1.2115634679794312,0.7302330732345581,-814.9114379882812,-264521.625,22880.94921875,-283.0204162597656,-0.0,-0.0,-0.0,-0.0,-0.0,-0.0,-0.0,-0.0,-0.0,-0.0,-0.0,-0.0,0.00835418701171875,0.00324249267578125,0.009613037109375,0.0092315673828125,0.0090789794921875,0.01033782958984375,0.0080108642578125,0.013427734375,0.004119873046875,0.01117706298828125,0.01438140869140625,0.00946044921875,0.0167083740234375,0.00766754150390625,0.00202178955078125,0.0191497802734375,0.09674072265625,0.102081298828125,0.098876953125,0.096893310546875,0.008544921875,0.10101318359375,0.0958251953125,0.10040283203125,0.14434814453125,0.127716064453125,0.120849609375,0.095672607421875,0.6683349609375,-0.36163330078125,0.13641357421875,0.842742919921875,6.1940789222717285
494,0.5020000000000002,-0.0,-0.0,-0.0,-0.0,-0.0,-0.0,-0.6876327991485596,1.667449712753296,-812.6889038085938,-263727.25,23072.91796875,-278.7223815917969,-0.0,-0.0,-0.0,-0.0,-0.0,-0.0,-0.0,-0.0,-0.0,-0.0,-0.0,-0.0,0.00858306884765625,0.00942230224609375,0.0106048583984375,0.0128173828125,0.00942230224609375,0.01068115234375,0.00946044921875,0.01743316650390625,0.00553131103515625,0.0090789794921875,0.02986907958984375,0.009613037109375,0.018310546875,0.01140594482421875,0.00347137451171875,0.0234222412109375,0.097198486328125,0.094146728515625,0.096282958984375,0.095977783203125,0.1751708984375,0.098114013671875,0.099945068359375,0.101470947265625,0.08544921875,0.05340576171875,0.0811767578125,0.109100341796875,0.792388916015625,1.9219970703125,-0.3680419921875,1.62109375,9.24292278289795
495,0.5025000000000002,-0.0,-0.0,-0.0,-0.0,-0.0,-0.0,-0.6768357157707214,1.9085537195205688,-809.716796875,-262918.96875,23205.974609375,-249.37266540527344,-0.0,-0.0,-0.0,-0.0,-0.0,-0.0,-0.0,-0.0,-0.0,-0.0,-0.0,-0.0,-0.005340576171875,-0.0069427490234375,-0.0083160400390625,-0.00881195068359375,-0.0084686279296875,-0.0101470947265625,-0.007476806640625,-0.01583099365234375,-0.00591278076171875,-0.01293182373046875,-0.017547607421875,-0.0092315673828125,-0.01384735107421875,-0.0083160400390625,-0.0022125244140625,-0.0182342529296875,0.099639892578125,0.09613037109375,0.09857177734375,0.093841552734375,0.1068115234375,0.099029541015625,0.09033203125,0.097808837890625,0.0787353515625,0.20233154296875,0.08209228515625,0.104217529296875,-0.615692138671875,0.17974853515625,0.06866455078125,-0.558013916015625,0.7061610817909241
496,0.5030000000000002,-0.0,-0.0,-0.0,-0.0,-0.0,-0.0,-0.5930362939834595,1.803823471069336,-809.114990234375,-262262.28125,23251.77734375,-366.54681396484375,-0.0,-0.0,-0.0,-0.0,-0.0,-0.0,-0.0,-0.0,-0.0,-0.0,-0.0,-0.0,-0.008697509765625,-0.00682830810546875,-0.01094818115234375,-0.01338958740234375,-0.00926971435546875,-0.0118255615234375,-0.00843048095703125,-0.01861572265625,-0.00396728515625,-0.0104522705078125,-0.02719879150390625,-0.0060272216796875,-0.01861572265625,-0.0093841552734375,-0.00518798828125,-0.02414703369140625,0.103302001953125,0.09918212890625,0.098876953125,0.10162353515625,0.09185791015625,0.098724365234375,0.09857177734375,0.105743408203125,0.07537841796875,0.04547119140625,0.086669921875,0.100555419921875,-0.605621337890625,-1.36383056640625,0.72845458984375,-1.64520263671875,-1.1231448650360107
497,0.5035000000000003,-0.0,-0.0,-0.0,-0.0,-0.0,-0.0,-0.40980538725852966,1.8766168355941772,-804.8777465820312,-261769.75,23279.564453125,-292.3866882324219,-0.0,-0.0,-0.0,-0.0,-0.0,-0.0,-0.0,-0.0,-0.0,-0.0,-0.0,-0.0,0.008087158203125,0.00396728515625,0.008392333984375,0.01071929931640625,0.007171630859375,0.0106048583984375,0.00629425048828125,0.01689910888671875,0.0037384033203125,0.01220703125,0.01712799072265625,0.00751495361328125,0.0164031982421875,0.00568389892578125,0.0042724609375,0.0186920166015625,0.0982666015625,0.099334716796875,0.10406494140625,0.1025390625,0.095367431640625,0.0982666015625,0.097198486328125,0.092315673828125,0.069427490234375,0.07720947265625,0.0958251953125,0.091094970703125,0.582122802734375,-0.0433349609375,0.1458740234375,0.802001953125,8.93803882598877
498,0.5040000000000002,-0.0,-0.0,-0.0,-0.0,-0.0,-0.0,-0.6244735717773438,2.3220763206481934,-804.3331909179688,-261364.015625,23540.017578125,-314.9991149902344,-0.0,-0.0,-0.0,-0.0,-0.0,-0.0,-0.0,-0.0,-0.0,-0.0,-0.0,-0.0,0.006561279296875,0.0067138671875,0.0104522705078125,0.016021728515625,0.0109100341796875,0.0131988525390625,0.00988006591796875,0.018768310546875,0.00629425048828125,0.0098419189453125,0.0289154052734375,0.008087158203125,0.0185394287109375,0.00843048095703125,0.00240325927734375,0.0234222412109375,0.098114013671875,0.102386474609375,0.10894775390625,0.0970458984375,0.0146484375,0.095062255859375,0.09490966796875,0.088958740234375,0.00701904296875,0.181732177734375,0.099029541015625,0.106964111328125,1.029510498046875,1.70166015625,-0.3741455078125,1.963653564453125,3.145235776901245
499,0.5045000000000002,-0.0,-0.0,-0.0,-0.0,-0.0,-0.0,-0.5709438323974609,1.6043472290039062,-802.3012084960938,-261082.421875,23823.865234375,-242.7177276611328,-0.0,-0.0,-0.0,-0.0,-0.0,-0.0,-0.0,-0.0,-0.0,-0.0,-0.0,-0.0,-0.00766754150390625,-0.00476837158203125,-0.00804901123046875,-0.00823974609375,-0.007476806640625,-0.00881195068359375,-0.00682830810546875,-0.01491546630859375,-0.00484466552734375,-0.01148223876953125,-0.0136566162109375,-0.00934600830078125,-0.01544952392578125,-0.00827789306640625,-0.00244140625,-0.0189971923828125,0.099334716796875,0.10162353515625,0.1043701171875,0.09552001953125,0.017852783203125,0.09918212890625,0.099945068359375,0.096893310546875,0.244140625,0.17242431640625,0.1055908203125,0.108642578125,-0.382537841796875,0.423583984375,0.10162353515625,-0.57586669921875,1.6208140850067139
500,0.5050000000000002,-0.0,-0.0,-0.0,-0.0,-0.0,-0.0,-0.41489511728286743,1.16295325756073,-802.037841796875,-261316.5625,23800.447265625,-173.0017852783203,-0.0,-0.0,-0.0,-0.0,-0.0,-0.0,-0.0,-0.0,-0.0,-0.0,-0.0,-0.0,-0.005950927734375,-0.0054168701171875,-0.00972747802734375,-0.01209259033203125,-0.00827789306640625,-0.011749267578125,-0.00774383544921875,-0.02185821533203125,-0.00667572021484375,-0.010833740234375,-0.0278472900390625,-0.0086212158203125,-0.01811981201171875,-0.007781982421875,-0.0041961669921875,-0.021820068359375,0.10772705078125,0.099945068359375,0.105133056640625,0.09185791015625,0.1995849609375,0.0958251953125,0.095062255859375,0.10040283203125,0.17669677734375,-0.013275146484375,0.109100341796875,0.092620849609375,-0.57952880859375,-1.57623291015625,0.48828125,-1.800079345703125,-3.8671038150787354
501,0.5055000000000003,-0.0,-0.0,-0.0,-0.0,-0.0,-0.0,-0.38792359828948975,0.9102661609649658,-801.964599609375,-260792.328125,23719.98046875,-114.80553436279297,-0.0,-0.0,-0.0,-0.0,-0.0,-0.0,-0.0,-0.0,-0.0,-0.0,-0.0,-0.0,0.00873565673828125,0.00499725341796875,0.01079559326171875,0.0093841552734375,0.00885009765625,0.01071929931640625,0.00652313232421875,0.0159454345703125,0.00446319580078125,0.00995635986328125,0.01323699951171875,0.0077056884765625,0.0151824951171875,0.00675201416015625,0.00476837158203125,0.0177764892578125,0.095977783203125,0.09979248046875,0.1055908203125,0.09979248046875,0.124053955078125,0.09857177734375,0.109710693359375,0.0958251953125,0.102081298828125,0.0604248046875,0.09796142578125,0.0897216796875,0.587615966796875,-0.43792724609375,-0.194091796875,0.67291259765625,6.803847789764404
502,0.5060000000000002,-0.0,-0.0,-0.0,-0.0,-0.0,-0.0,-0.23281420767307281,-0.10055121779441833,-800.32080078125,-261295.65625,23812.326171875,26.72103500366211,-0.0,-0.0,-0.0,-0.0,-0.0,-0.0,-0.0,-0.0,-0.0,-0.0,-0.0,-0.0,0.00606536865234375,0.00698089599609375,0.00995635986328125,0.01552581787109375,0.01064300537109375,0.012969970703125,0.008087158203125,0.02124786376953125,0.00762939453125,0.0079345703125,0.0304412841796875,0.00537872314453125,0.01796722412109375,0.007781982421875,0.00339508056640625,0.02559661865234375,0.099029541015625,0.0970458984375,0.10101318359375,0.100860595703125,0.0946044921875,0.101776123046875,0.103302001953125,0.08697509765625,0.08697509765625,0.089111328125,0.09613037109375,0.088348388671875,0.753631591796875,2.109375,-0.55419921875,1.684722900390625,4.364773273468018
503,0.5065000000000002,-0.0,-0.0,-0.0,-0.0,-0.0,-0.0,-0.23668894171714783,-1.1859960556030273,-800.6302490234375,-261387.6875,23950.41796875,-138.15492248535156,-0.0,-0.0,-0.0,-0.0,-0.0,-0.0,-0.0,-0.0,-0.0,-0.0,-0.0,-0.0,-0.00690460205078125,-0.004119873046875,-0.007171630859375,-0.0092315673828125,-0.0067138671875,-0.0106048583984375,-0.00759124755859375,-0.01499176025390625,-0.00457763671875,-0.010986328125,-0.0139617919921875,-0.00545501708984375,-0.01628875732421875,-0.0070953369140625,-0.00370025634765625,-0.0171661376953125,0.09674072265625,0.103607177734375,0.101165771484375,0.102691650390625,0.08880615234375,0.099334716796875,0.10711669921875,0.09918212890625,0.07110595703125,0.15289306640625,0.096588134765625,0.09246826171875,-0.54168701171875,0.60302734375,0.5474853515625,-0.6573486328125,0.09639240801334381
504,0.5070000000000002,-0.0,-0.0,-0.0,-0.0,-0.0,-0.0,-0.05496034026145935,-1.7175511121749878,-799.599365234375,-261442.078125,24193.298828125,14.413841247558594,-0.0,-0.0,-0.0,-0.0,-0.0,-0.0,-0.0,-0.0,-0.0,-0.0,-0.0,-0.0,-0.0074005126953125,-0.00774383544921875,-0.0104522705078125,-0.0125885009765625,-0.0075531005859375,-0.011138916015625,-0.0093841552734375,-0.020294189453125,-0.0078582763671875,-0.0115966796875,-0.02613067626953125,-0.01190185546875,-0.01918792724609375,-0.00873565673828125,-0.00244140625,-0.02292633056640625,0.09307861328125,0.102996826171875,0.107421875,0.09918212890625,0.064697265625,0.095977783203125,0.093994140625,0.102691650390625,0.130767822265625,0.1141357421875,0.0897216796875,0.096588134765625,-0.73272705078125,-1.34613037109375,0.45684814453125,-1.857147216796875,-1.732913613319397
505,0.5075000000000003,-0.0,-0.0,-0.0,-0.0,-0.0,-0.0,-0.027626805007457733,-2.7046761512756348,-801.73095703125,-261729.578125,23967.4296875,57.3292236328125,-0.0,-0.0,-0.0,-0.0,-0.0,-0.0,-0.0,-0.0,-0.0,-0.0,-0.0,-0.0,0.00736236572265625,0.004425048828125,0.01026153564453125,0.009613037109375,0.0081634521484375,0.0089263916015625,0.00736236572265625,0.01422882080078125,0.00335693359375,0.01300811767578125,0.01277923583984375,0.0041961669921875,0.01934051513671875,0.00614166259765625,0.005340576171875,0.01728057861328125,0.10040283203125,0.10284423828125,0.10101318359375,0.09735107421875,0.087738037109375,0.098419189453125,0.098419189453125,0.103912353515625,-0.11474609375,0.06134033203125,0.09979248046875,0.10009765625,0.77606201171875,-0.61065673828125,-0.40618896484375,1.254119873046875,8.328269958496094
506,0.5080000000000002,-0.0,-0.0,-0.0,-0.0,-0.0,-0.0,0.15363644063472748,-3.392892599105835,-801.5968017578125,-262066.015625,24111.638671875,65.7582015991211,-0.0,-0.0,-0.0,-0.0,-0.0,-0.0,-0.0,-0.0,-0.0,-0.0,-0.0,-0.0,0.00843048095703125,0.00804901123046875,0.0122833251953125,0.0144195556640625,0.01148223876953125,0.01407623291015625,0.01003265380859375,0.0206756591796875,0.0069427490234375,0.009918212890625,0.02655029296875,0.0107574462890625,0.02002716064453125,0.01033782958984375,0.003204345703125,0.02536773681640625,0.0970458984375,0.09735107421875,0.096282958984375,0.098114013671875,0.089874267578125,0.09796142578125,0.0933837890625,0.0994873046875,0.16632080078125,0.121612548828125,0.095062255859375,0.10467529296875,0.857086181640625,1.58843994140625,-0.1239013671875,2.031707763671875,-2.95245099067688
507,0.5085000000000002,-0.0,-0.0,-0.0,-0.0,-0.0,-0.0,-0.08373227715492249,-3.799248218536377,-802.5352783203125,-262542.125,24251.05859375,231.76356506347656,-0.0,-0.0,-0.0,-0.0,-0.0,-0.0,-0.0,-0.0,-0.0,-0.0,-0.0,-0.0,-0.0041961669921875,-0.00690460205078125,-0.00713348388671875,-0.01003265380859375,-0.00644683837890625,-0.009613037109375,-0.00823974609375,-0.01407623291015625,-0.00659942626953125,-0.01140594482421875,-0.01445770263671875,-0.0048065185546875,-0.013885498046875,-0.0075531005859375,-0.00278472900390625,-0.0171661376953125,0.10498046875,0.097198486328125,0.101776123046875,0.101165771484375,0.0775146484375,0.10498046875,0.09765625,0.096435546875,0.10894775390625,0.126190185546875,0.097808837890625,0.101165771484375,-0.610198974609375,0.41839599609375,0.6927490234375,-0.584716796875,0.7061610817909241
508,0.5090000000000002,-0.0,-0.0,-0.0,-0.0,-0.0,-0.0,-0.030576525256037712,-3.888671875,-803.595458984375,-262916.59375,24371.248046875,310.1332092285156,-0.0,-0.0,-0.0,-0.0,-0.0,-0.0,-0.0,-0.0,-0.0,-0.0,-0.0,-0.0,-0.00980377197265625,-0.00820159912109375,-0.01026153564453125,-0.013885498046875,-0.009002685546875,-0.01079559326171875,-0.00423431396484375,-0.02140045166015625,-0.00560760498046875,-0.0096893310546875,-0.0274658203125,-0.01224517822265625,-0.02246856689453125,-0.00881195068359375,-0.00576019287109375,-0.02410888671875,0.096588134765625,0.1019287109375,0.0970458984375,0.09307861328125,0.110931396484375,0.09735107421875,0.098876953125,0.09368896484375,0.130615234375,0.096588134765625,0.101776123046875,0.098876953125,-0.299224853515625,-1.6180419921875,0.14801025390625,-1.881866455078125,-1.732913613319397
509,0.5095000000000003,-0.0,-0.0,-0.0,-0.0,-0.0,-0.0,0.002299986779689789,-4.010868072509766,-801.950927734375,-263091.84375,24353.515625,426.11822509765625,-0.0,-0.0,-0.0,-0.0,-0.0,-0.0,-0.0,-0.0,-0.0,-0.0,-0.0,-0.0,0.00865936279296875,0.0055694580078125,0.00823974609375,0.0103759765625,0.0070953369140625,0.0107574462890625,0.00640869140625,0.01583099365234375,0.0049591064453125,0.0121307373046875,0.01331329345703125,0.0057220458984375,0.017547607421875,0.00644683837890625,0.00362396240234375,0.01651763916015625,0.09857177734375,0.095062255859375,0.097503662109375,0.099639892578125,0.052337646484375,0.09918212890625,0.096893310546875,0.094451904296875,0.008087158203125,0.1220703125,0.09613037109375,0.096893310546875,0.96588134765625,-0.44586181640625,-0.17852783203125,1.204681396484375,6.803847789764404
510,0.5100000000000002,-0.0,-0.0,-0.0,-0.0,-0.0,-0.0,-0.502735435962677,-3.747659206390381,-803.6048583984375,-263193.25,24348.318359375,611.1543579101562,-0.0,-0.0,-0.0,-0.0,-0.0,-0.0,-0.0,-0.0,-0.0,-0.0,-0.0,-0.0,0.00659942626953125,0.00774383544921875,0.00995635986328125,0.01392364501953125,0.01148223876953125,0.01499176025390625,0.00881195068359375,0.02109527587890625,0.007171630859375,0.0103759765625,0.03032684326171875,0.0135040283203125,0.0164794921875,0.0083160400390625,0.00232696533203125,0.02460479736328125,0.095367431640625,0.09857177734375,0.102081298828125,0.103302001953125,0.1318359375,0.099334716796875,0.098724365234375,0.09796142578125,0.197906494140625,0.077667236328125,0.100555419921875,0.094757080078125,0.98236083984375,1.79290771484375,0.13763427734375,1.56005859375,0.7061610817909241
511,0.5105000000000002,-0.0,-0.0,-0.0,-0.0,-0.0,-0.0,-0.3891105055809021,-4.483068466186523,-802.6502685546875,-263375.40625,25118.076171875,716.9170532226562,-0.0,-0.0,-0.0,-0.0,-0.0,-0.0,-0.0,-0.0,-0.0,-0.0,-0.0,-0.0,-0.0054931640625,-0.0040435791015625,-0.0078582763671875,-0.0087738037109375,-0.00827789306640625,-0.00865936279296875,-0.00812530517578125,-0.01308441162109375,-0.0045013427734375,-0.00965118408203125,-0.01056671142578125,-0.007781982421875,-0.0171661376953125,-0.00499725341796875,-0.003204345703125,-0.01617431640625,0.095062255859375,0.09765625,0.093536376953125,0.096435546875,0.121612548828125,0.09765625,0.10009765625,0.097808837890625,0.196380615234375,0.237274169921875,0.095367431640625,0.09185791015625,-0.735931396484375,0.814208984375,0.4351806640625,-1.12060546875,1.9256983995437622
512,0.5110000000000002,-0.0,-0.0,-0.0,-0.0,-0.0,-0.0,-0.745642900466919,-4.367389678955078,-801.0187377929688,-263116.09375,25234.69921875,892.6525268554688,-0.0,-0.0,-0.0,-0.0,-0.0,-0.0,-0.0,-0.0,-0.0,-0.0,-0.0,-0.0,-0.00667572021484375,-0.0067138671875,-0.0109100341796875,-0.0139617919921875,-0.010223388671875,-0.01346588134765625,-0.01087188720703125,-0.0226593017578125,-0.00644683837890625,-0.01071929931640625,-0.0278472900390625,-0.012664794921875,-0.02216339111328125,-0.00667572021484375,-0.0048828125,-0.02315521240234375,0.1007080078125,0.1025390625,0.0958251953125,0.1068115234375,0.1043701171875,0.103759765625,0.0921630859375,0.090484619140625,0.0970458984375,0.034637451171875,0.085601806640625,0.100555419921875,-0.621795654296875,-1.5252685546875,0.36651611328125,-2.22137451171875,0.09639240801334381
513,0.5115000000000003,-0.0,-0.0,-0.0,-0.0,-0.0,-0.0,-1.0417543649673462,-4.516904830932617,-801.957763671875,-263260.59375,25473.341796875,962.5138549804688,-0.0,-0.0,-0.0,-0.0,-0.0,-0.0,-0.0,-0.0,-0.0,-0.0,-0.0,-0.0,0.0095367431640625,0.00484466552734375,0.00701904296875,0.009918212890625,0.005645751953125,0.01125335693359375,0.00705718994140625,0.01377105712890625,0.00522613525390625,0.009918212890625,0.015106201171875,0.00362396240234375,0.02071380615234375,0.00629425048828125,0.0043487548828125,0.01678466796875,0.09490966796875,0.1043701171875,0.09490966796875,0.09429931640625,0.1007080078125,0.096435546875,0.10101318359375,0.09857177734375,0.0146484375,0.057220458984375,0.104217529296875,0.09765625,0.8612060546875,-0.28717041015625,-0.4150390625,1.2591552734375,8.023386001586914
514,0.5120000000000002,-0.0,-0.0,-0.0,-0.0,-0.0,-0.0,-1.4851688146591187,-4.991302490234375,-800.7833251953125,-263683.96875,25447.041015625,1069.1962890625,-0.0,-0.0,-0.0,-0.0,-0.0,-0.0,-0.0,-0.0,-0.0,-0.0,-0.0,-0.0,0.00698089599609375,0.00949859619140625,0.0115203857421875,0.01499176025390625,0.011444091796875,0.0125885009765625,0.01148223876953125,0.02239227294921875,0.006561279296875,0.00919342041015625,0.02704620361328125,0.0128173828125,0.0252532958984375,0.0096893310546875,0.00518798828125,0.025482177734375,0.099029541015625,0.099029541015625,0.100555419921875,0.09765625,0.16754150390625,0.098724365234375,0.10162353515625,0.10162353515625,-0.077362060546875,0.103607177734375,0.1055908203125,0.0946044921875,0.860443115234375,1.6064453125,-0.17425537109375,2.408294677734375,-0.8182606101036072
515,0.5125000000000002,-0.0,-0.0,-0.0,-0.0,-0.0,-0.0,-1.8723981380462646,-5.6773600578308105,-802.0675659179688,-263554.03125,25639.275390625,1195.1002197265625,-0.0,-0.0,-0.0,-0.0,-0.0,-0.0,-0.0,-0.0,-0.0,-0.0,-0.0,-0.0,-0.00530242919921875,-0.00591278076171875,-0.00728607177734375,-0.01049041748046875,-0.005950927734375,-0.008544921875,-0.00888824462890625,-0.01209259033203125,-0.0060272216796875,-0.01056671142578125,-0.015411376953125,-0.0029754638671875,-0.01773834228515625,-0.00568389892578125,-0.0028228759765625,-0.01720428466796875,0.099945068359375,0.10040283203125,0.092315673828125,0.1007080078125,0.116119384765625,0.10009765625,0.09307861328125,0.100860595703125,0.200042724609375,0.01922607421875,0.09765625,0.10040283203125,-0.7330322265625,0.296630859375,0.52520751953125,-1.124267578125,1.0110454559326172
516,0.5130000000000002,-0.0,-0.0,-0.0,-0.0,-0.0,-0.0,-1.3389862775802612,-5.762661933898926,-801.362060546875,-263773.28125,26080.859375,1350.87744140625,-0.0,-0.0,-0.0,-0.0,-0.0,-0.0,-0.0,-0.0,-0.0,-0.0,-0.0,-0.0,-0.0090789794921875,-0.00774383544921875,-0.0104522705078125,-0.0121307373046875,-0.00823974609375,-0.01354217529296875,-0.0104522705078125,-0.02048492431640625,-0.006103515625,-0.0138092041015625,-0.02819061279296875,-0.01255035400390625,-0.02315521240234375,-0.01026153564453125,-0.00133514404296875,-0.022125244140625,0.09735107421875,0.09796142578125,0.104217529296875,0.09429931640625,0.107421875,0.09918212890625,0.09490966796875,0.09613037109375,0.21820068359375,0.07781982421875,0.10467529296875,0.100555419921875,-0.888214111328125,-1.41876220703125,0.3070068359375,-2.03338623046875,-0.8182606101036072
517,0.5135000000000003,-0.0,-0.0,-0.0,-0.0,-0.0,-0.0,-1.9925683736801147,-6.476609230041504,-801.2467041015625,-264136.71875,26023.39453125,1554.66064453125,-0.0,-0.0,-0.0,-0.0,-0.0,-0.0,-0.0,-0.0,-0.0,-0.0,-0.0,-0.0,0.00606536865234375,0.006256103515625,0.00621795654296875,0.0113677978515625,0.00640869140625,0.01033782958984375,0.00782012939453125,0.01262664794921875,0.0054931640625,0.01216888427734375,0.01674652099609375,0.00469207763671875,0.0168609619140625,0.00659942626953125,0.00133514404296875,0.0173187255859375,0.09765625,0.105133056640625,0.11077880859375,0.103607177734375,0.098724365234375,0.10040283203125,0.10101318359375,0.100250244140625,0.113677978515625,0.1141357421875,0.09796142578125,0.10589599609375,1.058349609375,-0.035400390625,-0.35491943359375,1.206817626953125,-1.732913613319397
518,0.5140000000000002,-0.0,-0.0,-0.0,-0.0,-0.0,-0.0,-1.8144499063491821,-7.011842727661133,-803.9557495117188,-264690.75,26036.173828125,1437.3865966796875,-0.0,-0.0,-0.0,-0.0,-0.0,-0.0,-0.0,-0.0,-0.0,-0.0,-0.0,-0.0,0.00957489013671875,0.00713348388671875,0.01178741455078125,0.01438140869140625,0.0124359130859375,0.01373291015625,0.0103759765625,0.020904541015625,0.00484466552734375,0.0115203857421875,0.0324249267578125,0.010833740234375,0.021820068359375,0.01132965087890625,0.0055694580078125,0.025177001953125,0.100555419921875,0.106201171875,0.101318359375,0.09521484375,0.08636474609375,0.09674072265625,0.09063720703125,0.092926025390625,0.06805419921875,0.181884765625,0.07843017578125,0.09429931640625,0.942840576171875,2.13592529296875,-0.3118896484375,2.0831298828125,8.328269958496094
519,0.5145000000000002,-0.0,-0.0,-0.0,-0.0,-0.0,-0.0,-1.8439923524856567,-7.368236541748047,-805.3689575195312,-265232.03125,26193.01953125,1417.669921875,-0.0,-0.0,-0.0,-0.0,-0.0,-0.0,-0.0,-0.0,-0.0,-0.0,-0.0,-0.0,-0.0051116943359375,-0.00614166259765625,-0.00637054443359375,-0.0083160400390625,-0.006866455078125,-0.00995635986328125,-0.00904083251953125,-0.01285552978515625,-0.00377655029296875,-0.01251220703125,-0.01247406005859375,-0.00751495361328125,-0.01644134521484375,-0.00743865966796875,-0.0005340576171875,-0.0177764892578125,0.09979248046875,0.094146728515625,0.101470947265625,0.096282958984375,0.08880615234375,0.097808837890625,0.09552001953125,0.101776123046875,0.097503662109375,0.112762451171875,0.0982666015625,0.092926025390625,-0.9136962890625,0.4132080078125,0.36956787109375,-1.284027099609375,1.9256983995437622
520,0.5150000000000002,-0.0,-0.0,-0.0,-0.0,-0.0,-0.0,-1.5760680437088013,-7.486812114715576,-806.4273071289062,-265787.375,26229.044921875,1505.1651611328125,-0.0,-0.0,-0.0,-0.0,-0.0,-0.0,-0.0,-0.0,-0.0,-0.0,-0.0,-0.0,-0.00823974609375,-0.00728607177734375,-0.01232147216796875,-0.0138092041015625,-0.010528564453125,-0.01399993896484375,-0.00942230224609375,-0.01987457275390625,-0.0048065185546875,-0.01251220703125,-0.02899169921875,-0.01129150390625,-0.02017974853515625,-0.008697509765625,-0.005035400390625,-0.0251007080078125,0.098419189453125,0.099334716796875,0.09857177734375,0.103912353515625,0.100860595703125,0.095367431640625,0.0970458984375,0.101776123046875,0.04150390625,0.045623779296875,0.097808837890625,0.10772705078125,-0.880889892578125,-1.57012939453125,0.5364990234375,-1.932373046875,-0.8182606101036072
521,0.5155000000000003,-0.0,-0.0,-0.0,-0.0,-0.0,-0.0,-1.784210205078125,-7.902984142303467,-807.9593505859375,-266100.125,26277.263671875,1348.859619140625,-0.0,-0.0,-0.0,-0.0,-0.0,-0.0,-0.0,-0.0,-0.0,-0.0,-0.0,-0.0,0.0067901611328125,0.0060272216796875,0.00804901123046875,0.00827789306640625,0.008392333984375,0.00762939453125,0.00949859619140625,0.01331329345703125,0.00522613525390625,0.01239776611328125,0.013275146484375,0.006561279296875,0.02025604248046875,0.00659942626953125,0.0042724609375,0.01644134521484375,0.095367431640625,0.095977783203125,0.087127685546875,0.102386474609375,0.0982666015625,0.096282958984375,0.10040283203125,0.09429931640625,0.0946044921875,0.123291015625,0.101318359375,0.096893310546875,1.09100341796875,-0.1336669921875,-0.245361328125,1.546173095703125,8.328269958496094
522,0.5160000000000002,-0.0,-0.0,-0.0,-0.0,-0.0,-0.0,-1.3085734844207764,-7.695229530334473,-808.666748046875,-266833.3125,26266.29296875,1495.2445068359375,-0.0,-0.0,-0.0,-0.0,-0.0,-0.0,-0.0,-0.0,-0.0,-0.0,-0.0,-0.0,0.01049041748046875,0.00698089599609375,0.01140594482421875,0.01415252685546875,0.011138916015625,0.0135040283203125,0.009002685546875,0.02147674560546875,0.00701904296875,0.012664794921875,0.029754638671875,0.0106048583984375,0.02071380615234375,0.00835418701171875,0.00476837158203125,0.0244140625,0.092926025390625,0.09796142578125,0.09490966796875,0.09765625,0.0921630859375,0.100250244140625,0.100555419921875,0.0994873046875,0.113677978515625,0.114898681640625,0.09429931640625,0.09918212890625,0.96832275390625,1.4996337890625,-0.41259765625,1.93572998046875,4.05988883972168
523,0.5165000000000002,-0.0,-0.0,-0.0,-0.0,-0.0,-0.0,-1.3388477563858032,-7.724864482879639,-807.4888916015625,-266672.59375,26302.60546875,1446.4676513671875,-0.0,-0.0,-0.0,-0.0,-0.0,-0.0,-0.0,-0.0,-0.0,-0.0,-0.0,-0.0,-0.0064849853515625,-0.00316619873046875,-0.00823974609375,-0.00667572021484375,-0.0084686279296875,-0.00911712646484375,-0.0067901611328125,-0.01377105712890625,-0.00194549560546875,-0.0127410888671875,-0.01415252685546875,-0.00553131103515625,-0.01834869384765625,-0.00583648681640625,-0.00461578369140625,-0.0151824951171875,0.099639892578125,0.09735107421875,0.088653564453125,0.09552001953125,0.091094970703125,0.09857177734375,0.10009765625,0.093536376953125,0.091094970703125,0.05645751953125,0.11016845703125,0.0970458984375,-0.504302978515625,0.17822265625,0.399169921875,-1.18133544921875,0.40127673745155334
524,0.5170000000000002,-0.0,-0.0,-0.0,-0.0,-0.0,-0.0,-1.009876012802124,-7.783761024475098,-808.308837890625,-266421.1875,25988.759765625,1310.08935546875,-0.0,-0.0,-0.0,-0.0,-0.0,-0.0,-0.0,-0.0,-0.0,-0.0,-0.0,-0.0,-0.00843048095703125,-0.00690460205078125,-0.0107574462890625,-0.01354217529296875,-0.01010894775390625,-0.012969970703125,-0.0092315673828125,-0.02208709716796875,-0.00865936279296875,-0.01476287841796875,-0.0292205810546875,-0.0103759765625,-0.02193450927734375,-0.00885009765625,-0.002593994140625,-0.02429962158203125,0.106964111328125,0.101776123046875,0.088043212890625,0.095672607421875,0.10650634765625,0.10009765625,0.099639892578125,0.102996826171875,0.1318359375,0.134429931640625,0.107574462890625,0.089111328125,-1.15692138671875,-1.409912109375,0.51788330078125,-1.94366455078125,-1.732913613319397
525,0.5175000000000003,-0.0,-0.0,-0.0,-0.0,-0.0,-0.0,-0.41557568311691284,-7.395605087280273,-807.1323852539062,-266488.5625,26336.990234375,1183.37255859375,-0.0,-0.0,-0.0,-0.0,-0.0,-0.0,-0.0,-0.0,-0.0,-0.0,-0.0,-0.0,0.006561279296875,0.0064849853515625,0.00705718994140625,0.0110626220703125,0.006561279296875,0.008697509765625,0.007781982421875,0.01224517822265625,0.0070953369140625,0.01216888427734375,0.0164794921875,0.00545501708984375,0.0176239013671875,0.00782012939453125,0.0049591064453125,0.0164031982421875,0.099945068359375,0.097198486328125,0.0921630859375,0.10009765625,0.07293701171875,0.096588134765625,0.09521484375,0.092926025390625,-0.030670166015625,0.07843017578125,0.093841552734375,0.088653564453125,0.90362548828125,0.09521484375,-0.24505615234375,1.31011962890625,6.1940789222717285
526,0.5180000000000002,-0.0,-0.0,-0.0,-0.0,-0.0,-0.0,-0.8335201740264893,-6.892307281494141,-805.9566650390625,-265980.0625,25957.53515625,1153.796630859375,-0.0,-0.0,-0.0,-0.0,-0.0,-0.0,-0.0,-0.0,-0.0,-0.0,-0.0,-0.0,0.00720977783203125,0.008087158203125,0.01041412353515625,0.01468658447265625,0.0098419189453125,0.0128936767578125,0.01049041748046875,0.0234222412109375,0.00888824462890625,0.0113677978515625,0.0295257568359375,0.01117706298828125,0.0202178955078125,0.00934600830078125,0.00240325927734375,0.02590179443359375,0.09552001953125,0.09674072265625,0.08819580078125,0.098114013671875,0.083770751953125,0.095062255859375,0.093536376953125,0.095367431640625,-0.067138671875,0.055389404296875,0.094146728515625,0.09063720703125,0.68756103515625,1.5277099609375,-0.37353515625,1.837158203125,3.755004405975342
527,0.5185000000000002,-0.0,-0.0,-0.0,-0.0,-0.0,-0.0,-0.26915669441223145,-6.325211048126221,-804.7753295898438,-265474.71875,26246.296875,1174.670166015625,-0.0,-0.0,-0.0,-0.0,-0.0,-0.0,-0.0,-0.0,-0.0,-0.0,-0.0,-0.0,-0.00537872314453125,-0.00545501708984375,-0.0046539306640625,-0.00865936279296875,-0.006103515625,-0.00782012939453125,-0.00835418701171875,-0.0119781494140625,-0.00408172607421875,-0.0096893310546875,-0.014801025390625,-0.0080108642578125,-0.0154876708984375,-0.00705718994140625,-0.00152587890625,-0.01804351806640625,0.095367431640625,0.098724365234375,0.089569091796875,0.10009765625,0.1129150390625,0.099029541015625,0.0982666015625,0.10498046875,0.337371826171875,0.09124755859375,0.09796142578125,0.09552001953125,-0.682373046875,0.13214111328125,0.42205810546875,-1.129608154296875,2.8403513431549072
528,0.5190000000000002,-0.0,-0.0,-0.0,-0.0,-0.0,-0.0,-0.3859930634498596,-6.299133777618408,-805.4879760742188,-265180.96875,26004.724609375,1066.7847900390625,-0.0,-0.0,-0.0,-0.0,-0.0,-0.0,-0.0,-0.0,-0.0,-0.0,-0.0,-0.0,-0.008544921875,-0.0057220458984375,-0.01064300537109375,-0.01312255859375,-0.01110076904296875,-0.0162506103515625,-0.00919342041015625,-0.02178192138671875,-0.00579833984375,-0.01239776611328125,-0.0286102294921875,-0.00972747802734375,-0.01918792724609375,-0.0083160400390625,-0.00553131103515625,-0.025634765625,0.1019287109375,0.099334716796875,0.093841552734375,0.094757080078125,0.142364501953125,0.09918212890625,0.09918212890625,0.099029541015625,0.12176513671875,0.09857177734375,0.092010498046875,0.09765625,-0.750732421875,-1.55487060546875,0.4815673828125,-1.533050537109375,-2.95245099067688
529,0.5195000000000003,-0.0,-0.0,-0.0,-0.0,-0.0,-0.0,-0.3918474316596985,-5.289719581604004,-803.02392578125,-264613.40625,25883.486328125,1087.2691650390625,-0.0,-0.0,-0.0,-0.0,-0.0,-0.0,-0.0,-0.0,-0.0,-0.0,-0.0,-0.0,0.00583648681640625,0.004425048828125,0.007781982421875,0.0098419189453125,0.00514984130859375,0.00946044921875,0.0063323974609375,0.01201629638671875,0.00545501708984375,0.00911712646484375,0.0174713134765625,0.0034332275390625,0.01499176025390625,0.00751495361328125,0.00244140625,0.01674652099609375,0.09735107421875,0.09735107421875,0.086822509765625,0.0958251953125,0.0579833984375,0.0946044921875,0.1019287109375,0.100860595703125,0.159454345703125,0.0701904296875,0.099334716796875,0.091094970703125,0.693817138671875,0.13702392578125,-0.29693603515625,1.114959716796875,-3.5622196197509766
530,0.5200000000000002,-0.0,-0.0,-0.0,-0.0,-0.0,-0.0,0.09354834258556366,-5.737667560577393,-802.2122802734375,-263998.9375,26204.14453125,1016.6345825195312,-0.0,-0.0,-0.0,-0.0,-0.0,-0.0,-0.0,-0.0,-0.0,-0.0,-0.0,-0.0,0.010528564453125,0.00827789306640625,0.01087188720703125,0.0147247314453125,0.00988006591796875,0.01644134521484375,0.01110076904296875,0.02307891845703125,0.00743865966796875,0.0122833251953125,0.030517578125,0.0119781494140625,0.02162933349609375,0.00858306884765625,0.00431060791015625,0.02735137939453125,0.09429931640625,0.096282958984375,0.0921630859375,0.093994140625,0.073394775390625,0.09765625,0.09307861328125,0.098114013671875,0.108795166015625,0.15045166015625,0.108184814453125,0.10528564453125,1.01287841796875,1.73614501953125,-0.21728515625,2.075347900390625,3.145235776901245
531,0.5205000000000002,-0.0,-0.0,-0.0,-0.0,-0.0,-0.0,-0.443651407957077,-4.839553356170654,-800.9835815429688,-263713.875,25956.75390625,1046.51416015625,-0.0,-0.0,-0.0,-0.0,-0.0,-0.0,-0.0,-0.0,-0.0,-0.0,-0.0,-0.0,-0.0052642822265625,-0.00392913818359375,-0.00621795654296875,-0.00820159912109375,-0.00522613525390625,-0.01049041748046875,-0.00728607177734375,-0.01190185546875,-0.0037384033203125,-0.0072479248046875,-0.0164031982421875,-0.0030517578125,-0.01392364501953125,-0.00637054443359375,-0.0016021728515625,-0.0164031982421875,0.094451904296875,0.102691650390625,0.0921630859375,0.097198486328125,0.0738525390625,0.09552001953125,0.09674072265625,0.097808837890625,0.070343017578125,0.1513671875,0.07659912109375,0.1055908203125,-0.346832275390625,0.11383056640625,0.557861328125,-0.87005615234375,1.9256983995437622
532,0.5210000000000002,-0.0,-0.0,-0.0,-0.0,-0.0,-0.0,-0.5326676964759827,-4.813041687011719,-800.9080200195312,-263582.34375,26172.9921875,1146.1077880859375,-0.0,-0.0,-0.0,-0.0,-0.0,-0.0,-0.0,-0.0,-0.0,-0.0,-0.0,-0.0,-0.00762939453125,-0.00698089599609375,-0.01190185546875,-0.01560211181640625,-0.01132965087890625,-0.01392364501953125,-0.0106048583984375,-0.02094268798828125,-0.00644683837890625,-0.01293182373046875,-0.0276947021484375,-0.0128936767578125,-0.02429962158203125,-0.0110626220703125,-0.004425048828125,-0.0254058837890625,0.09796142578125,0.09613037109375,0.09185791015625,0.096893310546875,0.134124755859375,0.0970458984375,0.092926025390625,0.09918212890625,0.091400146484375,-0.081634521484375,0.09765625,0.099334716796875,-0.8837890625,-1.270751953125,0.37506103515625,-2.2003173828125,-2.95245099067688
533,0.5215000000000003,-0.0,-0.0,-0.0,-0.0,-0.0,-0.0,-0.7368332147598267,-4.804579257965088,-799.5770263671875,-263630.3125,26274.416015625,1175.3831787109375,-0.0,-0.0,-0.0,-0.0,-0.0,-0.0,-0.0,-0.0,-0.0,-0.0,-0.0,-0.0,0.00606536865234375,0.004119873046875,0.00789642333984375,0.0086212158203125,0.0061798095703125,0.00888824462890625,0.00484466552734375,0.01163482666015625,0.00278472900390625,0.01094818115234375,0.0125885009765625,0.0043487548828125,0.015106201171875,0.006866455078125,0.00324249267578125,0.01659393310546875,0.098419189453125,0.099945068359375,0.092926025390625,0.1031494140625,0.099029541015625,0.093231201171875,0.09796142578125,0.092926025390625,0.04608154296875,0.13458251953125,0.083160400390625,0.09552001953125,0.692138671875,-0.3955078125,-0.2923583984375,0.93231201171875,4.364773273468018
534,0.5220000000000002,-0.0,-0.0,-0.0,-0.0,-0.0,-0.0,-0.26763153076171875,-4.548694133758545,-800.3057861328125,-263267.40625,26285.68359375,1176.4461669921875,-0.0,-0.0,-0.0,-0.0,-0.0,-0.0,-0.0,-0.0,-0.0,-0.0,-0.0,-0.0,0.0072479248046875,0.00659942626953125,0.0136566162109375,0.0162506103515625,0.01186370849609375,0.01495361328125,0.00957489013671875,0.02208709716796875,0.0060272216796875,0.01163482666015625,0.03143310546875,0.0118255615234375,0.02471923828125,0.0098419189453125,0.00469207763671875,0.025482177734375,0.098876953125,0.096282958984375,0.093231201171875,0.0946044921875,0.07476806640625,0.094757080078125,0.098724365234375,0.0921630859375,0.106353759765625,0.157012939453125,0.086822509765625,0.089111328125,0.97381591796875,1.77764892578125,-0.3717041015625,1.915740966796875,5.584310531616211
535,0.5225000000000002,-0.0,-0.0,-0.0,-0.0,-0.0,-0.0,-0.44605255126953125,-4.813041687011719,-799.0321044921875,-262905.09375,26169.263671875,1105.25732421875,-0.0,-0.0,-0.0,-0.0,-0.0,-0.0,-0.0,-0.0,-0.0,-0.0,-0.0,-0.0,-0.00579833984375,-0.00324249267578125,-0.00728607177734375,-0.00682830810546875,-0.0063323974609375,-0.009613037109375,-0.00408172607421875,-0.01316070556640625,-0.00244140625,-0.01064300537109375,-0.012054443359375,-0.004730224609375,-0.01247406005859375,-0.00606536865234375,-0.00278472900390625,-0.014190673828125,0.097808837890625,0.098114013671875,0.09796142578125,0.102996826171875,0.072021484375,0.10284423828125,0.097503662109375,0.099029541015625,0.023651123046875,0.155792236328125,0.10162353515625,0.094757080078125,-0.63720703125,0.28045654296875,0.54107666015625,-0.56121826171875,3.755004405975342
536,0.5230000000000002,-0.0,-0.0,-0.0,-0.0,-0.0,-0.0,-0.0034713074564933777,-4.723911285400391,-798.0597534179688,-262669.65625,26081.080078125,1039.4896240234375,-0.0,-0.0,-0.0,-0.0,-0.0,-0.0,-0.0,-0.0,-0.0,-0.0,-0.0,-0.0,-0.0083160400390625,-0.00896453857421875,-0.01209259033203125,-0.0159454345703125,-0.00988006591796875,-0.01251220703125,-0.0104522705078125,-0.02101898193359375,-0.005950927734375,-0.01079559326171875,-0.03360748291015625,-0.0135040283203125,-0.0257110595703125,-0.0096893310546875,-0.00286102294921875,-0.0260162353515625,0.09979248046875,0.099029541015625,0.093231201171875,0.09490966796875,0.15045166015625,0.09552001953125,0.10162353515625,0.09796142578125,0.244598388671875,0.013275146484375,0.111083984375,0.09063720703125,-0.543975830078125,-1.7730712890625,0.3082275390625,-2.08831787109375,-1.4280292987823486
537,0.5235000000000003,-0.0,-0.0,-0.0,-0.0,-0.0,-0.0,0.24652142822742462,-4.902172088623047,-798.6380615234375,-263085.78125,26254.125,962.1363525390625,-0.0,-0.0,-0.0,-0.0,-0.0,-0.0,-0.0,-0.0,-0.0,-0.0,-0.0,-0.0,0.00591278076171875,0.003204345703125,0.007171630859375,0.00942230224609375,0.00514984130859375,0.009613037109375,0.00431060791015625,0.01186370849609375,0.00537872314453125,0.00720977783203125,0.0146484375,0.00240325927734375,0.01499176025390625,0.005950927734375,0.00110626220703125,0.0167083740234375,0.0994873046875,0.09857177734375,0.094146728515625,0.09002685546875,0.09674072265625,0.0927734375,0.0823974609375,0.100860595703125,0.123748779296875,0.1348876953125,0.102996826171875,0.085906982421875,0.695037841796875,-0.12420654296875,-0.26824951171875,1.032867431640625,3.450119972229004
538,0.5240000000000002,-0.0,-0.0,-0.0,-0.0,-0.0,-0.0,-0.0,-4.7562127113342285,-799.968017578125,-263361.625,26037.875,933.1393432617188,-0.0,-0.0,-0.0,-0.0,-0.0,-0.0,-0.0,-0.0,-0.0,-0.0,-0.0,-0.0,0.00957489013671875,0.008544921875,0.013580322265625,0.0167083740234375,0.01117706298828125,0.01583099365234375,0.01071929931640625,0.023040771484375,0.0049591064453125,0.015411376953125,0.03223419189453125,0.01499176025390625,0.0240325927734375,0.01129150390625,0.0043487548828125,0.0263214111328125,0.09979248046875,0.097808837890625,0.095977783203125,0.101318359375,0.106048583984375,0.1025390625,0.13275146484375,0.098724365234375,0.198516845703125,0.048828125,0.096282958984375,0.09246826171875,1.22772216796875,1.93084716796875,-0.07904052734375,2.187042236328125,3.145235776901245
539,0.5245000000000002,-0.0,-0.0,-0.0,-0.0,-0.0,-0.0,0.6043559312820435,-5.254574775695801,-799.9362182617188,-263307.9375,26196.203125,862.1743774414062,-0.0,-0.0,-0.0,-0.0,-0.0,-0.0,-0.0,-0.0,-0.0,-0.0,-0.0,-0.0,-0.00560760498046875,-0.00453948974609375,-0.00453948974609375,-0.00766754150390625,-0.0057220458984375,-0.0075531005859375,-0.00659942626953125,-0.01186370849609375,-0.00316619873046875,-0.00946044921875,-0.00904083251953125,-0.004425048828125,-0.0171661376953125,-0.00438690185546875,-0.00446319580078125,-0.0135040283203125,0.095977783203125,0.104827880859375,0.09918212890625,0.09552001953125,0.09185791015625,0.101165771484375,0.100250244140625,0.098876953125,0.10528564453125,0.08544921875,0.09002685546875,0.098724365234375,-0.3717041015625,0.6256103515625,0.38726806640625,-1.143035888671875,2.5354671478271484
540,0.5250000000000002,-0.0,-0.0,-0.0,-0.0,-0.0,-0.0,0.7463045716285706,-5.469545841217041,-800.4005737304688,-263454.9375,25840.36328125,783.4691162109375,-0.0,-0.0,-0.0,-0.0,-0.0,-0.0,-0.0,-0.0,-0.0,-0.0,-0.0,-0.0,-0.00835418701171875,-0.00598907470703125,-0.01338958740234375,-0.01434326171875,-0.01232147216796875,-0.0162506103515625,-0.00949859619140625,-0.02140045166015625,-0.00423431396484375,-0.01201629638671875,-0.0318145751953125,-0.013275146484375,-0.02567291259765625,-0.0091552734375,-0.00579833984375,-0.02689361572265625,0.094757080078125,0.09857177734375,0.093994140625,0.0946044921875,0.118560791015625,0.101165771484375,0.107574462890625,0.098419189453125,0.0921630859375,0.170135498046875,0.1055908203125,0.0958251953125,-0.7196044921875,-1.59149169921875,0.50262451171875,-2.14385986328125,-13.623401641845703
541,0.5255000000000003,-0.0,-0.0,-0.0,-0.0,-0.0,-0.0,0.8875516653060913,-5.619764804840088,-802.4067993164062,-263915.3125,25992.126953125,870.9611206054688,-0.0,-0.0,-0.0,-0.0,-0.0,-0.0,-0.0,-0.0,-0.0,-0.0,-0.0,-0.0,0.00640869140625,0.0034332275390625,0.0083160400390625,0.00804901123046875,0.00701904296875,0.00823974609375,0.00492095947265625,0.0122833251953125,0.00301361083984375,0.00957489013671875,0.0121307373046875,0.00278472900390625,0.0168609619140625,0.00598907470703125,0.002899169921875,0.01514434814453125,0.09765625,0.0970458984375,0.096282958984375,0.10589599609375,0.087127685546875,0.098114013671875,0.101470947265625,0.0927734375,0.027618408203125,0.058746337890625,0.0958251953125,0.09918212890625,0.46844482421875,-0.245361328125,-0.2783203125,1.160736083984375,4.05988883972168
542,0.5260000000000002,-0.0,-0.0,-0.0,-0.0,-0.0,-0.0,1.032828688621521,-6.3001389503479,-801.6070556640625,-264031.3125,26123.771484375,722.5247802734375,-0.0,-0.0,-0.0,-0.0,-0.0,-0.0,-0.0,-0.0,-0.0,-0.0,-0.0,-0.0,0.00804901123046875,0.00804901123046875,0.01148223876953125,0.0154876708984375,0.0115966796875,0.015106201171875,0.013275146484375,0.023040771484375,0.00797271728515625,0.010986328125,0.0289154052734375,0.013427734375,0.02986907958984375,0.00980377197265625,0.00396728515625,0.02841949462890625,0.098724365234375,0.101470947265625,0.096588134765625,0.094451904296875,0.110015869140625,0.10009765625,0.1007080078125,0.098419189453125,-0.0006103515625,0.068359375,0.077362060546875,0.096588134765625,0.8306884765625,1.52587890625,-0.08636474609375,2.414703369140625,4.364773273468018
543,0.5265000000000002,-0.0,-0.0,-0.0,-0.0,-0.0,-0.0,1.1597366333007812,-6.1120123863220215,-802.5753784179688,-264350.875,26120.0625,778.3134155273438,-0.0,-0.0,-0.0,-0.0,-0.0,-0.0,-0.0,-0.0,-0.0,-0.0,-0.0,-0.0,-0.0048065185546875,-0.00400543212890625,-0.004730224609375,-0.008544921875,-0.005950927734375,-0.0072479248046875,-0.00713348388671875,-0.00980377197265625,-0.0058746337890625,-0.00934600830078125,-0.01148223876953125,-0.0058746337890625,-0.01678466796875,-0.00362396240234375,-0.0035858154296875,-0.0130462646484375,0.098419189453125,0.10711669921875,0.094757080078125,0.097503662109375,0.078125,0.09674072265625,0.098114013671875,0.09185791015625,0.098876953125,0.098724365234375,0.09857177734375,0.10040283203125,-0.534515380859375,0.3076171875,0.14801025390625,-0.98968505859375,6.1940789222717285
544,0.5270000000000002,-0.0,-0.0,-0.0,-0.0,-0.0,-0.0,1.3277541399002075,-6.9293904304504395,-803.4638061523438,-264643.84375,26087.20703125,664.8814086914062,-0.0,-0.0,-0.0,-0.0,-0.0,-0.0,-0.0,-0.0,-0.0,-0.0,-0.0,-0.0,-0.007781982421875,-0.0080108642578125,-0.0119781494140625,-0.01529693603515625,-0.0101470947265625,-0.013580322265625,-0.010223388671875,-0.0232696533203125,-0.00774383544921875,-0.01323699951171875,-0.03147125244140625,-0.012664794921875,-0.0241851806640625,-0.00911712646484375,-0.003509521484375,-0.02857208251953125,0.10406494140625,0.0958251953125,0.098876953125,0.094757080078125,0.108642578125,0.101318359375,0.098419189453125,0.1025390625,0.232086181640625,0.139007568359375,0.107574462890625,0.095672607421875,-0.82977294921875,-1.6827392578125,0.283203125,-2.2235107421875,1.6208140850067139
545,0.5275000000000003,-0.0,-0.0,-0.0,-0.0,-0.0,-0.0,1.6553999185562134,-6.957586765289307,-803.8375244140625,-264806.1875,25934.412109375,704.8768920898438,-0.0,-0.0,-0.0,-0.0,-0.0,-0.0,-0.0,-0.0,-0.0,-0.0,-0.0,-0.0,0.0067138671875,0.0043487548828125,0.00732421875,0.0078582763671875,0.00518798828125,0.01026153564453125,0.00629425048828125,0.01255035400390625,0.00560760498046875,0.00972747802734375,0.0156402587890625,0.00457763671875,0.02056121826171875,0.00545501708984375,0.00148773193359375,0.014495849609375,0.10345458984375,0.101165771484375,0.10345458984375,0.10162353515625,0.128173828125,0.10162353515625,0.096435546875,0.10467529296875,0.06195068359375,0.086822509765625,0.098876953125,0.095672607421875,0.9771728515625,-0.04150390625,-0.001220703125,1.381683349609375,4.364773273468018
546,0.5280000000000002,-0.0,-0.0,-0.0,-0.0,-0.0,-0.0,1.5612860918045044,-7.0356926918029785,-803.572509765625,-264793.0625,25873.142578125,754.1654052734375,-0.0,-0.0,-0.0,-0.0,-0.0,-0.0,-0.0,-0.0,-0.0,-0.0,-0.0,-0.0,0.011138916015625,0.00690460205078125,0.01125335693359375,0.0142669677734375,0.011444091796875,0.0153350830078125,0.011138916015625,0.02506256103515625,0.0066375732421875,0.01415252685546875,0.03284454345703125,0.01071929931640625,0.02422332763671875,0.01117706298828125,0.00396728515625,0.02716064453125,0.09674072265625,0.100860595703125,0.0927734375,0.101165771484375,0.037994384765625,0.096588134765625,0.09552001953125,0.096588134765625,0.1080322265625,0.16937255859375,0.084381103515625,0.098114013671875,1.3671875,1.97601318359375,-0.4833984375,1.880035400390625,4.669657230377197
547,0.5285000000000002,-0.0,-0.0,-0.0,-0.0,-0.0,-0.0,1.8734207153320312,-6.8572001457214355,-802.337890625,-264853.65625,25978.8828125,717.7975463867188,-0.0,-0.0,-0.0,-0.0,-0.0,-0.0,-0.0,-0.0,-0.0,-0.0,-0.0,-0.0,-0.007476806640625,-0.001983642578125,-0.00640869140625,-0.0072479248046875,-0.005645751953125,-0.00888824462890625,-0.00713348388671875,-0.00919342041015625,-0.00453948974609375,-0.01190185546875,-0.01129150390625,-0.00408172607421875,-0.0157928466796875,-0.006103515625,-0.0028228759765625,-0.013427734375,0.096282958984375,0.100250244140625,0.090484619140625,0.10467529296875,0.11749267578125,0.095367431640625,0.09368896484375,0.099639892578125,0.076446533203125,0.0970458984375,0.114288330078125,0.086669921875,-0.828857421875,0.3271484375,0.3326416015625,-1.022796630859375,3.145235776901245
548,0.5290000000000002,-0.0,-0.0,-0.0,-0.0,-0.0,-0.0,2.0518417358398438,-7.075035095214844,-803.484375,-264934.09375,25732.59765625,666.2841186523438,-0.0,-0.0,-0.0,-0.0,-0.0,-0.0,-0.0,-0.0,-0.0,-0.0,-0.0,-0.0,-0.0091552734375,-0.00804901123046875,-0.01220703125,-0.01354217529296875,-0.01003265380859375,-0.01621246337890625,-0.012969970703125,-0.02353668212890625,-0.00713348388671875,-0.01255035400390625,-0.0310516357421875,-0.01026153564453125,-0.02399444580078125,-0.00980377197265625,-0.006866455078125,-0.025634765625,0.094146728515625,0.09033203125,0.098876953125,0.103302001953125,0.06378173828125,0.09796142578125,0.0933837890625,0.099945068359375,0.0726318359375,0.066680908203125,0.11199951171875,0.089874267578125,-0.569305419921875,-1.591796875,0.6610107421875,-1.942596435546875,-6.306178569793701
549,0.5295000000000003,-0.0,-0.0,-0.0,-0.0,-0.0,-0.0,2.085757255554199,-7.13043212890625,-802.8626098632812,-264749.28125,25792.9453125,776.1890258789062,-0.0,-0.0,-0.0,-0.0,-0.0,-0.0,-0.0,-0.0,-0.0,-0.0,-0.0,-0.0,0.006561279296875,0.00457763671875,0.0063323974609375,0.00675201416015625,0.0080108642578125,0.00774383544921875,0.00732421875,0.01064300537109375,0.002899169921875,0.0113677978515625,0.01132965087890625,0.00667572021484375,0.01926422119140625,0.00530242919921875,0.001220703125,0.014801025390625,0.09765625,0.096282958984375,0.10009765625,0.104522705078125,0.11932373046875,0.099334716796875,0.0970458984375,0.094451904296875,0.08392333984375,0.12298583984375,0.078277587890625,0.092926025390625,0.849609375,-0.39764404296875,0.1397705078125,1.46331787109375,5.584310531616211
550,0.5300000000000002,-0.0,-0.0,-0.0,-0.0,-0.0,-0.0,1.784210205078125,-7.452919960021973,-801.1469116210938,-265030.28125,25891.630859375,668.1726684570312,-0.0,-0.0,-0.0,-0.0,-0.0,-0.0,-0.0,-0.0,-0.0,-0.0,-0.0,-0.0,0.00865936279296875,0.00743865966796875,0.01171112060546875,0.0164031982421875,0.01277923583984375,0.0148773193359375,0.01102447509765625,0.025177001953125,0.006256103515625,0.0095367431640625,0.03063201904296875,0.01285552978515625,0.02140045166015625,0.0101470947265625,0.0057220458984375,0.02643585205078125,0.095672607421875,0.097198486328125,0.093841552734375,0.094146728515625,0.13031005859375,0.09613037109375,0.101776123046875,0.095062255859375,0.04730224609375,0.115509033203125,0.086517333984375,0.10223388671875,0.85235595703125,1.6558837890625,-0.13458251953125,1.747283935546875,5.889194965362549
551,0.5305000000000002,-0.0,-0.0,-0.0,-0.0,-0.0,-0.0,1.6332975625991821,-7.480274200439453,-803.6197509765625,-265086.8125,25848.501953125,875.1347045898438,-0.0,-0.0,-0.0,-0.0,-0.0,-0.0,-0.0,-0.0,-0.0,-0.0,-0.0,-0.0,-0.0077056884765625,-0.0038909912109375,-0.005950927734375,-0.00701904296875,-0.005950927734375,-0.00789642333984375,-0.0069427490234375,-0.00885009765625,-0.00530242919921875,-0.010986328125,-0.01071929931640625,-0.00591278076171875,-0.01857757568359375,-0.0070953369140625,-0.00034332275390625,-0.01369476318359375,0.099639892578125,0.100250244140625,0.102386474609375,0.09674072265625,0.112762451171875,0.0994873046875,0.0994873046875,0.100555419921875,0.1220703125,0.08819580078125,0.090179443359375,0.103302001953125,-0.81329345703125,0.49896240234375,0.4718017578125,-1.462860107421875,4.364773273468018
552,0.5310000000000002,-0.0,-0.0,-0.0,-0.0,-0.0,-0.0,1.3999371528625488,-8.117777824401855,-801.718505859375,-265360.09375,25828.828125,782.5684814453125,-0.0,-0.0,-0.0,-0.0,-0.0,-0.0,-0.0,-0.0,-0.0,-0.0,-0.0,-0.0,-0.0092315673828125,-0.0087738037109375,-0.01285552978515625,-0.01583099365234375,-0.00949859619140625,-0.01499176025390625,-0.008697509765625,-0.02414703369140625,-0.0075531005859375,-0.0147247314453125,-0.03021240234375,-0.0118255615234375,-0.02277374267578125,-0.00942230224609375,-0.0067901611328125,-0.0273895263671875,0.09765625,0.0958251953125,0.097808837890625,0.109100341796875,0.07049560546875,0.09796142578125,0.094146728515625,0.099945068359375,0.072021484375,0.1202392578125,0.10223388671875,0.100860595703125,-1.055145263671875,-1.36444091796875,0.4327392578125,-1.865386962890625,-1.4280292987823486
553,0.5315000000000003,-0.0,-0.0,-0.0,-0.0,-0.0,-0.0,1.564156413078308,-7.727011680603027,-803.2960205078125,-265139.5,25794.15234375,838.9879760742188,-0.0,-0.0,-0.0,-0.0,-0.0,-0.0,-0.0,-0.0,-0.0,-0.0,-0.0,-0.0,0.0060272216796875,0.0031280517578125,0.0066375732421875,0.00720977783203125,0.004730224609375,0.0109100341796875,0.006561279296875,0.01194000244140625,0.00396728515625,0.01369476318359375,0.012664794921875,0.00408172607421875,0.0188446044921875,0.00568389892578125,0.00057220458984375,0.01354217529296875,0.092926025390625,0.09490966796875,0.105133056640625,0.1025390625,0.076446533203125,0.095062255859375,0.095672607421875,0.098419189453125,0.121917724609375,0.079345703125,0.099639892578125,0.09918212890625,0.996856689453125,-0.24566650390625,-0.4437255859375,1.304931640625,3.450119972229004
554,0.5320000000000003,-0.0,-0.0,-0.0,-0.0,-0.0,-0.0,1.4127082824707031,-8.227266311645508,-800.3347778320312,-264938.78125,25928.0859375,886.3550415039062,-0.0,-0.0,-0.0,-0.0,-0.0,-0.0,-0.0,-0.0,-0.0,-0.0,-0.0,-0.0,0.01003265380859375,0.0089263916015625,0.01285552978515625,0.01651763916015625,0.0109100341796875,0.015106201171875,0.0112152099609375,0.025177001953125,0.00812530517578125,0.0142669677734375,0.03070831298828125,0.0103759765625,0.0238037109375,0.0118255615234375,0.00457763671875,0.0287628173828125,0.09918212890625,0.098419189453125,0.099334716796875,0.096588134765625,0.094757080078125,0.098724365234375,0.097198486328125,0.098114013671875,0.124969482421875,0.061492919921875,0.097198486328125,0.09613037109375,1.129608154296875,1.67449951171875,-0.4833984375,2.1722412109375,5.584310531616211
555,0.5325000000000002,-0.0,-0.0,-0.0,-0.0,-0.0,-0.0,1.6481297016143799,-8.122947692871094,-800.060302734375,-264769.0,25696.19921875,840.984375,-0.0,-0.0,-0.0,-0.0,-0.0,-0.0,-0.0,-0.0,-0.0,-0.0,-0.0,-0.0,-0.0064849853515625,-0.00553131103515625,-0.00484466552734375,-0.00690460205078125,-0.0051116943359375,-0.006866455078125,-0.00823974609375,-0.011138916015625,-0.00213623046875,-0.0113677978515625,-0.01033782958984375,-0.0046539306640625,-0.0217437744140625,-0.0037384033203125,-0.001220703125,-0.0133514404296875,0.095977783203125,0.107421875,0.101470947265625,0.099945068359375,0.092620849609375,0.101318359375,0.100250244140625,0.096588134765625,0.13671875,0.130157470703125,0.09918212890625,0.09307861328125,-0.611572265625,0.4638671875,0.25299072265625,-1.468963623046875,2.5354671478271484
556,0.5330000000000003,-0.0,-0.0,-0.0,-0.0,-0.0,-0.0,1.287742018699646,-8.48288345336914,-796.4976196289062,-264436.5,25889.5,876.3829956054688,-0.0,-0.0,-0.0,-0.0,-0.0,-0.0,-0.0,-0.0,-0.0,-0.0,-0.0,-0.0,-0.00972747802734375,-0.0077056884765625,-0.01068115234375,-0.01461029052734375,-0.012359619140625,-0.0148773193359375,-0.01102447509765625,-0.02353668212890625,-0.0063323974609375,-0.01354217529296875,-0.0341796875,-0.01220703125,-0.02288818359375,-0.01018524169921875,-0.00347137451171875,-0.02712249755859375,0.097503662109375,0.1055908203125,0.10162353515625,0.09918212890625,0.10040283203125,0.097808837890625,0.096282958984375,0.103912353515625,0.09857177734375,0.067596435546875,0.087738037109375,0.096435546875,-0.96588134765625,-1.6845703125,0.62286376953125,-1.931304931640625,0.40127673745155334
557,0.5335000000000003,-0.0,-0.0,-0.0,-0.0,-0.0,-0.0,1.8192687034606934,-9.22655963897705,-797.6506958007812,-264261.09375,25742.640625,781.5607299804688,-0.0,-0.0,-0.0,-0.0,-0.0,-0.0,-0.0,-0.0,-0.0,-0.0,-0.0,-0.0,0.00690460205078125,0.006256103515625,0.0054168701171875,0.00728607177734375,0.00553131103515625,0.0084686279296875,0.00705718994140625,0.0115203857421875,0.0028228759765625,0.0142669677734375,0.01049041748046875,0.00186920166015625,0.0211334228515625,0.0051116943359375,0.0017547607421875,0.0135040283203125,0.105743408203125,0.098419189453125,0.096435546875,0.096435546875,0.095977783203125,0.09979248046875,0.09796142578125,0.101165771484375,0.09521484375,0.133819580078125,0.087738037109375,0.092315673828125,0.999298095703125,-0.5511474609375,-0.21453857421875,1.37420654296875,4.974541664123535
558,0.5340000000000003,-0.0,-0.0,-0.0,-0.0,-0.0,-0.0,1.7302066087722778,-9.501777648925781,-795.681884765625,-263792.75,25894.853515625,702.4856567382812,-0.0,-0.0,-0.0,-0.0,-0.0,-0.0,-0.0,-0.0,-0.0,-0.0,-0.0,-0.0,0.0096893310546875,0.0075531005859375,0.01277923583984375,0.0153350830078125,0.01354217529296875,0.015716552734375,0.010833740234375,0.02288818359375,0.005645751953125,0.01239776611328125,0.03082275390625,0.0145721435546875,0.02552032470703125,0.00885009765625,0.00339508056640625,0.02735137939453125,0.0933837890625,0.09979248046875,0.100555419921875,0.10223388671875,0.0958251953125,0.09765625,0.094146728515625,0.100250244140625,0.09368896484375,0.0823974609375,0.106658935546875,0.102386474609375,1.1053466796875,1.51397705078125,-0.264892578125,2.28363037109375,7.413616180419922
559,0.5345000000000002,-0.0,-0.0,-0.0,-0.0,-0.0,-0.0,1.8902181386947632,-9.314996719360352,-794.9747924804688,-264112.4375,25840.642578125,725.7406616210938,-0.0,-0.0,-0.0,-0.0,-0.0,-0.0,-0.0,-0.0,-0.0,-0.0,-0.0,-0.0,-0.0080108642578125,-0.00362396240234375,-0.00591278076171875,-0.0054168701171875,-0.00579833984375,-0.0090789794921875,-0.00690460205078125,-0.01102447509765625,-0.00213623046875,-0.01499176025390625,-0.0101470947265625,-0.0014495849609375,-0.02323150634765625,-0.00335693359375,-0.001983642578125,-0.0140380859375,0.096282958984375,0.09613037109375,0.09735107421875,0.099945068359375,0.11138916015625,0.10345458984375,0.10040283203125,0.10345458984375,-0.0048828125,0.1580810546875,0.10833740234375,0.104217529296875,-1.01318359375,0.6121826171875,0.55816650390625,-1.41937255859375,1.9256983995437622
560,0.5350000000000003,-0.0,-0.0,-0.0,-0.0,-0.0,-0.0,1.3736484050750732,-9.697001457214355,-795.8207397460938,-263733.75,25716.416015625,772.4873657226562,-0.0,-0.0,-0.0,-0.0,-0.0,-0.0,-0.0,-0.0,-0.0,-0.0,-0.0,-0.0,-0.008544921875,-0.0096893310546875,-0.01125335693359375,-0.01377105712890625,-0.0109100341796875,-0.013580322265625,-0.01178741455078125,-0.02277374267578125,-0.00713348388671875,-0.0107574462890625,-0.02887725830078125,-0.01209259033203125,-0.0249481201171875,-0.011444091796875,-0.0045013427734375,-0.02777099609375,0.0946044921875,0.095672607421875,0.098724365234375,0.099639892578125,0.0970458984375,0.094146728515625,0.095977783203125,0.09521484375,-0.028076171875,0.0830078125,0.10101318359375,0.092926025390625,-0.611419677734375,-1.18988037109375,0.45013427734375,-2.042999267578125,-1.1231448650360107
561,0.5355000000000003,-0.0,-0.0,-0.0,-0.0,-0.0,-0.0,1.4986412525177002,-9.929079055786133,-794.9730224609375,-263760.0,25887.568359375,640.742919921875,-0.0,-0.0,-0.0,-0.0,-0.0,-0.0,-0.0,-0.0,-0.0,-0.0,-0.0,-0.0,0.00518798828125,0.00278472900390625,0.00690460205078125,0.0075531005859375,0.0051116943359375,0.00885009765625,0.006256103515625,0.00919342041015625,0.0037384033203125,0.01026153564453125,0.00965118408203125,0.002899169921875,0.0196075439453125,0.0048065185546875,0.00591278076171875,0.01194000244140625,0.092620849609375,0.098876953125,0.10040283203125,0.09674072265625,0.096282958984375,0.097503662109375,0.09552001953125,0.09979248046875,0.00946044921875,0.04638671875,0.09002685546875,0.09552001953125,0.72479248046875,-0.61614990234375,-0.37353515625,1.3018798828125,2.2305827140808105
562,0.5360000000000003,-0.0,-0.0,-0.0,-0.0,-0.0,-0.0,1.5169873237609863,-9.875811576843262,-796.0333862304688,-263473.625,25812.958984375,760.76123046875,-0.0,-0.0,-0.0,-0.0,-0.0,-0.0,-0.0,-0.0,-0.0,-0.0,-0.0,-0.0,0.008697509765625,0.00789642333984375,0.01224517822265625,0.01575469970703125,0.0133514404296875,0.01861572265625,0.00904083251953125,0.0222015380859375,0.00782012939453125,0.01415252685546875,0.03314971923828125,0.01117706298828125,0.02197265625,0.0101470947265625,0.00240325927734375,0.0286102294921875,0.0946044921875,0.099334716796875,0.10223388671875,0.098419189453125,0.09033203125,0.099029541015625,0.103302001953125,0.09307861328125,0.623931884765625,0.150146484375,0.09185791015625,0.106048583984375,0.872650146484375,1.76177978515625,-0.35858154296875,1.870574951171875,5.279426097869873
563,0.5365000000000002,-0.0,-0.0,-0.0,-0.0,-0.0,-0.0,1.017236351966858,-9.67005729675293,-794.902587890625,-263580.21875,25882.93359375,772.6702880859375,-0.0,-0.0,-0.0,-0.0,-0.0,-0.0,-0.0,-0.0,-0.0,-0.0,-0.0,-0.0,-0.00377655029296875,-0.00347137451171875,-0.005340576171875,-0.00614166259765625,-0.0041961669921875,-0.00804901123046875,-0.006103515625,-0.01018524169921875,-0.00263214111328125,-0.00858306884765625,-0.0124359130859375,-0.00385284423828125,-0.02002716064453125,-0.00667572021484375,0.0,-0.013580322265625,0.093536376953125,0.101318359375,0.097198486328125,0.09674072265625,0.10711669921875,0.0970458984375,0.091400146484375,0.098114013671875,0.0677490234375,0.069122314453125,0.101165771484375,0.10345458984375,-0.215301513671875,0.5224609375,0.28564453125,-1.4208984375,-9.050137519836426
564,0.5370000000000003,-0.0,-0.0,-0.0,-0.0,-0.0,-0.0,0.8655245304107666,-9.332135200500488,-793.948486328125,-263518.28125,25914.646484375,711.4176635742188,-0.0,-0.0,-0.0,-0.0,-0.0,-0.0,-0.0,-0.0,-0.0,-0.0,-0.0,-0.0,-0.008087158203125,-0.00644683837890625,-0.01224517822265625,-0.01575469970703125,-0.01190185546875,-0.01514434814453125,-0.0093841552734375,-0.0238037109375,-0.00667572021484375,-0.0154876708984375,-0.03070831298828125,-0.0110626220703125,-0.02391815185546875,-0.01033782958984375,-0.0075531005859375,-0.02651214599609375,0.098419189453125,0.097198486328125,0.095672607421875,0.09368896484375,0.093231201171875,0.098876953125,0.09246826171875,0.097198486328125,0.16754150390625,0.059356689453125,0.097808837890625,0.095672607421875,-0.7220458984375,-1.5130615234375,0.48095703125,-1.966552734375,0.7061610817909241
565,0.5375000000000003,-0.0,-0.0,-0.0,-0.0,-0.0,-0.0,0.9380040168762207,-8.315608024597168,-793.2037353515625,-262815.8125,26112.47265625,700.3093872070312,-0.0,-0.0,-0.0,-0.0,-0.0,-0.0,-0.0,-0.0,-0.0,-0.0,-0.0,-0.0,0.00598907470703125,0.00362396240234375,0.00713348388671875,0.0069427490234375,0.00453948974609375,0.0075531005859375,0.00858306884765625,0.00885009765625,0.00324249267578125,0.01026153564453125,0.00995635986328125,0.0034332275390625,0.0234222412109375,0.00457763671875,0.0038909912109375,0.0112152099609375,0.099945068359375,0.101165771484375,0.10406494140625,0.098876953125,0.101776123046875,0.0958251953125,0.099639892578125,0.101165771484375,0.1397705078125,0.1226806640625,0.10772705078125,0.089263916015625,0.590057373046875,-0.391845703125,-0.34423828125,1.649627685546875,1.3159297704696655
566,0.5380000000000003,-0.0,-0.0,-0.0,-0.0,-0.0,-0.0,0.4097021222114563,-8.361763000488281,-793.948486328125,-262758.4375,26093.091796875,858.4313354492188,-0.0,-0.0,-0.0,-0.0,-0.0,-0.0,-0.0,-0.0,-0.0,-0.0,-0.0,-0.0,0.00995635986328125,0.00843048095703125,0.01239776611328125,0.01697540283203125,0.0109100341796875,0.01689910888671875,0.01102447509765625,0.02368927001953125,0.00545501708984375,0.01556396484375,0.0330352783203125,0.012359619140625,0.024566650390625,0.0101470947265625,0.0066375732421875,0.02857208251953125,0.102996826171875,0.10162353515625,0.102386474609375,0.101318359375,0.09613037109375,0.0982666015625,0.098724365234375,0.097198486328125,0.080413818359375,0.148468017578125,0.095367431640625,0.098114013671875,1.255950927734375,1.52252197265625,-0.13397216796875,2.099151611328125,7.413616180419922
567,0.5385000000000002,-0.0,-0.0,-0.0,-0.0,-0.0,-0.0,0.6609522700309753,-7.8799214363098145,-792.7845458984375,-262009.21875,26006.39453125,880.6185302734375,-0.0,-0.0,-0.0,-0.0,-0.0,-0.0,-0.0,-0.0,-0.0,-0.0,-0.0,-0.0,-0.00637054443359375,-0.003662109375,-0.00507354736328125,-0.00728607177734375,-0.0048828125,-0.0069427490234375,-0.0102996826171875,-0.009613037109375,-0.00308990478515625,-0.01247406005859375,-0.0087738037109375,-0.00240325927734375,-0.0240325927734375,-0.00324249267578125,-0.00156402587890625,-0.01312255859375,0.096893310546875,0.09429931640625,0.09765625,0.1043701171875,0.10345458984375,0.096435546875,0.094146728515625,0.101318359375,0.067291259765625,0.0518798828125,0.093536376953125,0.090484619140625,-0.627593994140625,0.6219482421875,0.5255126953125,-1.5692138671875,4.05988883972168
568,0.5390000000000003,-0.0,-0.0,-0.0,-0.0,-0.0,-0.0,-0.010345004498958588,-7.754344940185547,-792.3087768554688,-261531.890625,26146.23046875,786.6129760742188,-0.0,-0.0,-0.0,-0.0,-0.0,-0.0,-0.0,-0.0,-0.0,-0.0,-0.0,-0.0,-0.0080108642578125,-0.00782012939453125,-0.01239776611328125,-0.015716552734375,-0.0115203857421875,-0.014190673828125,-0.00896453857421875,-0.02407073974609375,-0.007476806640625,-0.01430511474609375,-0.03448486328125,-0.0130462646484375,-0.02086639404296875,-0.0107574462890625,-0.0051116943359375,-0.02796173095703125,0.098876953125,0.094451904296875,0.097198486328125,0.09918212890625,0.095367431640625,0.098114013671875,0.097503662109375,0.097503662109375,0.032958984375,0.121917724609375,0.097808837890625,0.091400146484375,-0.76934814453125,-1.6943359375,0.2685546875,-1.732025146484375,-1.4280292987823486
569,0.5395000000000003,-0.0,-0.0,-0.0,-0.0,-0.0,-0.0,0.08921051025390625,-7.513145446777344,-790.6862182617188,-261521.734375,26240.880859375,717.9840087890625,-0.0,-0.0,-0.0,-0.0,-0.0,-0.0,-0.0,-0.0,-0.0,-0.0,-0.0,-0.0,0.0063323974609375,0.00453948974609375,0.00392913818359375,0.00736236572265625,0.00644683837890625,0.005645751953125,0.00926971435546875,0.00919342041015625,0.00370025634765625,0.01117706298828125,0.011749267578125,0.00179290771484375,0.0258636474609375,0.0061798095703125,0.00064849853515625,0.01361846923828125,0.099639892578125,0.104522705078125,0.10223388671875,0.102691650390625,0.08697509765625,0.099029541015625,0.097503662109375,0.099639892578125,0.092926025390625,0.1605224609375,0.0921630859375,0.090179443359375,0.7012939453125,-0.29205322265625,-0.35888671875,1.64215087890625,1.6208140850067139
570,0.5400000000000003,-0.0,-0.0,-0.0,-0.0,-0.0,-0.0,-0.07845345884561539,-7.408570766448975,-789.0040283203125,-261019.5625,26295.40625,850.5753784179688,-0.0,-0.0,-0.0,-0.0,-0.0,-0.0,-0.0,-0.0,-0.0,-0.0,-0.0,-0.0,0.0089263916015625,0.00896453857421875,0.0135040283203125,0.01678466796875,0.01117706298828125,0.01430511474609375,0.01369476318359375,0.02414703369140625,0.00782012939453125,0.01270294189453125,0.03032684326171875,0.01346588134765625,0.02681732177734375,0.01232147216796875,0.00400543212890625,0.02765655517578125,0.098876953125,0.095062255859375,0.098114013671875,0.103759765625,0.117645263671875,0.100555419921875,0.1055908203125,0.096282958984375,-0.007171630859375,0.0189208984375,0.101318359375,0.1031494140625,0.972442626953125,1.52923583984375,-0.299072265625,2.445831298828125,5.584310531616211
571,0.5405000000000002,-0.0,-0.0,-0.0,-0.0,-0.0,-0.0,-0.13726283609867096,-6.952171325683594,-789.9168090820312,-260844.140625,26258.142578125,830.2408447265625,-0.0,-0.0,-0.0,-0.0,-0.0,-0.0,-0.0,-0.0,-0.0,-0.0,-0.0,-0.0,-0.00728607177734375,-0.00354766845703125,-0.00499725341796875,-0.00606536865234375,-0.0030517578125,-0.0090789794921875,-0.00560760498046875,-0.00904083251953125,-0.00530242919921875,-0.01392364501953125,-0.0115203857421875,-0.00232696533203125,-0.02628326416015625,-0.00438690185546875,-0.003204345703125,-0.0107574462890625,0.102386474609375,0.10589599609375,0.10406494140625,0.102691650390625,0.09674072265625,0.09552001953125,0.101470947265625,0.093231201171875,0.1708984375,0.092010498046875,0.0927734375,0.10009765625,-1.23931884765625,0.40191650390625,0.5316162109375,-1.719512939453125,4.364773273468018
572,0.5410000000000003,-0.0,-0.0,-0.0,-0.0,-0.0,-0.0,-0.7024760246276855,-6.1647772789001465,-791.417724609375,-260707.953125,26442.16796875,767.6447143554688,-0.0,-0.0,-0.0,-0.0,-0.0,-0.0,-0.0,-0.0,-0.0,-0.0,-0.0,-0.0,-0.00888824462890625,-0.0089263916015625,-0.01117706298828125,-0.01434326171875,-0.0119781494140625,-0.0165557861328125,-0.0081634521484375,-0.0229644775390625,-0.00682830810546875,-0.01300811767578125,-0.0308990478515625,-0.01312255859375,-0.02166748046875,-0.00911712646484375,-0.00652313232421875,-0.0287628173828125,0.098419189453125,0.098114013671875,0.09918212890625,0.097198486328125,0.0579833984375,0.09429931640625,0.096282958984375,0.09796142578125,-0.126953125,0.26947021484375,0.09765625,0.096588134765625,-0.603485107421875,-1.22955322265625,0.38299560546875,-1.7340087890625,-2.0377979278564453
573,0.5415000000000003,-0.0,-0.0,-0.0,-0.0,-0.0,-0.0,-0.3941980302333832,-6.213223934173584,-790.7246704101562,-260365.296875,26596.859375,697.853759765625,-0.0,-0.0,-0.0,-0.0,-0.0,-0.0,-0.0,-0.0,-0.0,-0.0,-0.0,-0.0,0.00637054443359375,0.00270843505859375,0.00621795654296875,0.005645751953125,0.00278472900390625,0.01033782958984375,0.00415802001953125,0.00934600830078125,0.00339508056640625,0.01129150390625,0.01316070556640625,0.0031280517578125,0.02223968505859375,0.004425048828125,0.00385284423828125,0.01007080078125,0.094451904296875,0.102081298828125,0.097808837890625,0.094146728515625,0.104217529296875,0.098419189453125,0.102996826171875,0.0994873046875,0.2044677734375,0.00762939453125,0.107421875,0.10406494140625,0.7244873046875,-0.12603759765625,-0.08758544921875,1.510162353515625,3.450119972229004
574,0.5420000000000003,-0.0,-0.0,-0.0,-0.0,-0.0,-0.0,-0.3969278931617737,-5.908442497253418,-790.6675415039062,-260470.390625,26421.71875,700.9088745117188,-0.0,-0.0,-0.0,-0.0,-0.0,-0.0,-0.0,-0.0,-0.0,-0.0,-0.0,-0.0,0.0084686279296875,0.00980377197265625,0.0138092041015625,0.01667022705078125,0.0107574462890625,0.01708984375,0.01049041748046875,0.02429962158203125,0.00835418701171875,0.01499176025390625,0.0330352783203125,0.01247406005859375,0.02582550048828125,0.0119781494140625,0.00457763671875,0.0273895263671875,0.101470947265625,0.10498046875,0.097503662109375,0.09307861328125,0.12939453125,0.09796142578125,0.07720947265625,0.09307861328125,0.4486083984375,0.001373291015625,0.0982666015625,0.096893310546875,1.224365234375,1.739501953125,-0.361328125,2.1368408203125,8.93803882598877
575,0.5425000000000002,-0.0,-0.0,-0.0,-0.0,-0.0,-0.0,-0.3450157046318054,-5.845019340515137,-789.9146118164062,-260175.9375,26800.416015625,600.95458984375,-0.0,-0.0,-0.0,-0.0,-0.0,-0.0,-0.0,-0.0,-0.0,-0.0,-0.0,-0.0,-0.0060272216796875,-0.0022125244140625,-0.00408172607421875,-0.00698089599609375,-0.00377655029296875,-0.0086212158203125,-0.00823974609375,-0.00701904296875,-0.00576019287109375,-0.01094818115234375,-0.01201629638671875,-0.00179290771484375,-0.0254058837890625,-0.0037384033203125,-0.00041961669921875,-0.0121307373046875,0.1019287109375,0.0958251953125,0.10009765625,0.098724365234375,0.10650634765625,0.093841552734375,0.116729736328125,0.096588134765625,0.131378173828125,0.070648193359375,0.093231201171875,0.093231201171875,-0.639190673828125,0.4217529296875,0.511474609375,-1.581573486328125,0.09639240801334381
576,0.5430000000000003,-0.0,-0.0,-0.0,-0.0,-0.0,-0.0,-0.48382842540740967,-5.514037132263184,-790.470703125,-260157.890625,26659.14453125,592.8545532226562,-0.0,-0.0,-0.0,-0.0,-0.0,-0.0,-0.0,-0.0,-0.0,-0.0,-0.0,-0.0,-0.00946044921875,-0.00980377197265625,-0.01209259033203125,-0.0150299072265625,-0.010528564453125,-0.01590728759765625,-0.01171112060546875,-0.02300262451171875,-0.00812530517578125,-0.01331329345703125,-0.0315093994140625,-0.0150299072265625,-0.02605438232421875,-0.00946044921875,-0.00308990478515625,-0.02838134765625,0.092315673828125,0.095672607421875,0.099029541015625,0.091705322265625,0.098724365234375,0.094757080078125,0.10284423828125,0.098114013671875,0.065155029296875,0.111846923828125,0.098724365234375,0.0933837890625,-0.8587646484375,-1.593017578125,0.47271728515625,-1.99310302734375,-3.5622196197509766
577,0.5435000000000003,-0.0,-0.0,-0.0,-0.0,-0.0,-0.0,-0.39476335048675537,-5.436954498291016,-791.5777587890625,-260219.875,26647.376953125,672.2611083984375,-0.0,-0.0,-0.0,-0.0,-0.0,-0.0,-0.0,-0.0,-0.0,-0.0,-0.0,-0.0,0.00553131103515625,0.00518798828125,0.006561279296875,0.005035400390625,0.00518798828125,0.008087158203125,0.00762939453125,0.01007080078125,0.00370025634765625,0.0122833251953125,0.0125885009765625,0.0043487548828125,0.02109527587890625,0.0066375732421875,0.00125885009765625,0.01041412353515625,0.096893310546875,0.098419189453125,0.098114013671875,0.1007080078125,0.0823974609375,0.0994873046875,0.094757080078125,0.090484619140625,0.056610107421875,0.1507568359375,0.10162353515625,0.0946044921875,0.924835205078125,-0.31768798828125,-0.04150390625,1.55548095703125,2.5354671478271484
578,0.5440000000000003,-0.0,-0.0,-0.0,-0.0,-0.0,-0.0,0.0380500927567482,-5.627674102783203,-792.2838745117188,-260180.65625,26690.720703125,496.8200378417969,-0.0,-0.0,-0.0,-0.0,-0.0,-0.0,-0.0,-0.0,-0.0,-0.0,-0.0,-0.0,0.00732421875,0.00911712646484375,0.01220703125,0.01697540283203125,0.011138916015625,0.01514434814453125,0.01209259033203125,0.02445220947265625,0.00774383544921875,0.01312255859375,0.03124237060546875,0.01308441162109375,0.02529144287109375,0.011138916015625,0.0046539306640625,0.02841949462890625,0.096435546875,0.097808837890625,0.09521484375,0.106658935546875,0.098114013671875,0.103759765625,0.09979248046875,0.100860595703125,-0.113983154296875,0.177764892578125,0.111846923828125,0.098419189453125,0.935516357421875,1.4959716796875,-0.2899169921875,1.795196533203125,5.584310531616211
579,0.5445000000000002,-0.0,-0.0,-0.0,-0.0,-0.0,-0.0,0.3823448419570923,-6.0225982666015625,-793.444091796875,-260571.46875,26930.205078125,299.94622802734375,-0.0,-0.0,-0.0,-0.0,-0.0,-0.0,-0.0,-0.0,-0.0,-0.0,-0.0,-0.0,-0.0070953369140625,-0.0014495849609375,-0.00560760498046875,-0.00698089599609375,-0.00286102294921875,-0.0069427490234375,-0.00667572021484375,-0.00827789306640625,-0.00179290771484375,-0.01102447509765625,-0.01132965087890625,-0.0022125244140625,-0.0240325927734375,-0.00316619873046875,-0.0026702880859375,-0.0110626220703125,0.0946044921875,0.100555419921875,0.09796142578125,0.101470947265625,0.10009765625,0.10040283203125,0.09765625,0.094451904296875,0.20263671875,0.055084228515625,0.10040283203125,0.095977783203125,-0.621795654296875,0.531005859375,0.36285400390625,-1.331787109375,6.1940789222717285
580,0.5450000000000003,-0.0,-0.0,-0.0,-0.0,-0.0,-0.0,0.522367000579834,-5.640984058380127,-794.755615234375,-260700.140625,27099.34375,225.10374450683594,-0.0,-0.0,-0.0,-0.0,-0.0,-0.0,-0.0,-0.0,-0.0,-0.0,-0.0,-0.0,-0.009002685546875,-0.008392333984375,-0.01293182373046875,-0.0160980224609375,-0.0103759765625,-0.01338958740234375,-0.00965118408203125,-0.0246429443359375,-0.00637054443359375,-0.01155853271484375,-0.02872467041015625,-0.01312255859375,-0.02407073974609375,-0.011138916015625,-0.002288818359375,-0.0272369384765625,0.105133056640625,0.10467529296875,0.10223388671875,0.0982666015625,0.099639892578125,0.10040283203125,0.098724365234375,0.096588134765625,0.255126953125,0.11688232421875,0.110321044921875,0.09521484375,-0.8282470703125,-1.14013671875,0.640869140625,-1.800537109375,-0.5133762359619141
581,0.5455000000000003,-0.0,-0.0,-0.0,-0.0,-0.0,-0.0,0.6375980973243713,-6.07397985458374,-796.1195678710938,-261196.109375,26938.875,141.1089324951172,-0.0,-0.0,-0.0,-0.0,-0.0,-0.0,-0.0,-0.0,-0.0,-0.0,-0.0,-0.0,0.00560760498046875,0.0046539306640625,0.00499725341796875,0.00682830810546875,0.003204345703125,0.00804901123046875,0.00873565673828125,0.0080108642578125,0.004119873046875,0.01125335693359375,0.0128936767578125,7.62939453125e-05,0.02201080322265625,0.00518798828125,0.00278472900390625,0.01087188720703125,0.095977783203125,0.09857177734375,0.100860595703125,0.101470947265625,0.0732421875,0.097808837890625,0.1031494140625,0.092315673828125,-0.020751953125,0.302276611328125,0.0933837890625,0.08636474609375,0.878753662109375,-0.1873779296875,-0.3900146484375,1.24969482421875,1.3159297704696655
582,0.5460000000000003,-0.0,-0.0,-0.0,-0.0,-0.0,-0.0,0.880164623260498,-5.334488868713379,-796.367919921875,-260968.015625,27070.083984375,142.10948181152344,-0.0,-0.0,-0.0,-0.0,-0.0,-0.0,-0.0,-0.0,-0.0,-0.0,-0.0,-0.0,0.01018524169921875,0.00728607177734375,0.014190673828125,0.017242431640625,0.0122833251953125,0.016326904296875,0.00865936279296875,0.02574920654296875,0.0081634521484375,0.012359619140625,0.03021240234375,0.01194000244140625,0.02719879150390625,0.0102996826171875,0.0045013427734375,0.0279998779296875,0.092926025390625,0.097808837890625,0.0982666015625,0.09307861328125,0.104217529296875,0.094146728515625,0.09674072265625,0.097503662109375,0.20721435546875,-0.08056640625,0.097808837890625,0.0958251953125,0.873565673828125,1.41845703125,-0.352783203125,2.1435546875,8.328269958496094
583,0.5465000000000002,-0.0,-0.0,-0.0,-0.0,-0.0,-0.0,0.8533408045768738,-5.18309211730957,-796.3209228515625,-261218.421875,27371.443359375,53.444149017333984,-0.0,-0.0,-0.0,-0.0,-0.0,-0.0,-0.0,-0.0,-0.0,-0.0,-0.0,-0.0,-0.0061798095703125,-0.00202178955078125,-0.00492095947265625,-0.00598907470703125,-0.001678466796875,-0.00621795654296875,-0.00720977783203125,-0.008392333984375,-0.0016021728515625,-0.00988006591796875,-0.0118255615234375,-0.0011444091796875,-0.02262115478515625,-0.00213623046875,-0.00247955322265625,-0.01117706298828125,0.09521484375,0.095062255859375,0.09552001953125,0.100250244140625,0.050048828125,0.09857177734375,0.097808837890625,0.09368896484375,0.12481689453125,0.032958984375,0.090179443359375,0.099334716796875,-0.31097412109375,0.56610107421875,0.5615234375,-1.0211181640625,4.364773273468018
584,0.5470000000000003,-0.0,-0.0,-0.0,-0.0,-0.0,-0.0,0.6382469534873962,-4.6599040031433105,-797.5798950195312,-261171.515625,27258.529296875,50.805809020996094,-0.0,-0.0,-0.0,-0.0,-0.0,-0.0,-0.0,-0.0,-0.0,-0.0,-0.0,-0.0,-0.01049041748046875,-0.00823974609375,-0.01132965087890625,-0.014801025390625,-0.0133514404296875,-0.0162506103515625,-0.00782012939453125,-0.023345947265625,-0.00652313232421875,-0.01621246337890625,-0.03204345703125,-0.01308441162109375,-0.02056121826171875,-0.0101470947265625,-0.0075531005859375,-0.02811431884765625,0.096282958984375,0.0982666015625,0.09613037109375,0.102996826171875,0.134735107421875,0.103607177734375,0.089874267578125,0.094451904296875,0.17303466796875,0.084686279296875,0.092620849609375,0.101318359375,-0.97198486328125,-1.53594970703125,0.330810546875,-1.604156494140625,-1.4280292987823486
585,0.5475000000000003,-0.0,-0.0,-0.0,-0.0,-0.0,-0.0,0.011079549789428711,-4.342339515686035,-798.1312866210938,-261305.90625,27838.3828125,-32.77383041381836,-0.0,-0.0,-0.0,-0.0,-0.0,-0.0,-0.0,-0.0,-0.0,-0.0,-0.0,-0.0,0.00530242919921875,0.00423431396484375,0.0063323974609375,0.00385284423828125,0.00522613525390625,0.00728607177734375,0.0049591064453125,0.009613037109375,0.00156402587890625,0.0104522705078125,0.00957489013671875,0.00225067138671875,0.01953125,0.00457763671875,0.0032806396484375,0.009307861328125,0.0994873046875,0.094451904296875,0.096282958984375,0.09796142578125,0.109405517578125,0.095977783203125,0.099334716796875,0.09307861328125,0.10284423828125,0.13458251953125,0.10986328125,0.09521484375,0.51177978515625,-0.699462890625,-0.37872314453125,1.05255126953125,0.09639240801334381
586,0.5480000000000003,-0.0,-0.0,-0.0,-0.0,-0.0,-0.0,-0.32101351022720337,-4.44234561920166,-798.89306640625,-261300.109375,27852.736328125,-19.92340087890625,-0.0,-0.0,-0.0,-0.0,-0.0,-0.0,-0.0,-0.0,-0.0,-0.0,-0.0,-0.0,0.00873565673828125,0.0101470947265625,0.0138092041015625,0.01495361328125,0.01102447509765625,0.0168609619140625,0.00957489013671875,0.02490997314453125,0.0067901611328125,0.01293182373046875,0.03376007080078125,0.0136566162109375,0.022735595703125,0.00919342041015625,0.006256103515625,0.0290679931640625,0.10162353515625,0.10223388671875,0.09765625,0.0946044921875,0.10284423828125,0.097198486328125,0.099639892578125,0.093994140625,0.00701904296875,0.111846923828125,0.09307861328125,0.093536376953125,0.9124755859375,1.5545654296875,-0.147705078125,1.99615478515625,4.05988883972168
587,0.5485000000000002,-0.0,-0.0,-0.0,-0.0,-0.0,-0.0,0.08921051025390625,-4.506336212158203,-798.6384887695312,-261258.421875,28017.765625,-49.27042007446289,-0.0,-0.0,-0.0,-0.0,-0.0,-0.0,-0.0,-0.0,-0.0,-0.0,-0.0,-0.0,-0.00545501708984375,-0.00324249267578125,-0.00453948974609375,-0.004730224609375,-0.0042724609375,-0.0077056884765625,-0.0035858154296875,-0.00957489013671875,-0.00244140625,-0.0092315673828125,-0.0119781494140625,-0.0002288818359375,-0.01842498779296875,-0.00293731689453125,-0.00217437744140625,-0.00885009765625,0.101776123046875,0.10162353515625,0.09918212890625,0.093994140625,0.118255615234375,0.09674072265625,0.104827880859375,0.095062255859375,0.011138916015625,0.070953369140625,0.094146728515625,0.10467529296875,-0.3106689453125,0.56671142578125,0.43914794921875,-0.71990966796875,7.108732223510742
588,0.5490000000000003,-0.0,-0.0,-0.0,-0.0,-0.0,-0.0,-0.05408845841884613,-4.249063491821289,-799.8540649414062,-261516.9375,28311.3359375,24.37403106689453,-0.0,-0.0,-0.0,-0.0,-0.0,-0.0,-0.0,-0.0,-0.0,-0.0,-0.0,-0.0,-0.006866455078125,-0.0099945068359375,-0.01270294189453125,-0.01529693603515625,-0.0109100341796875,-0.01644134521484375,-0.0136566162109375,-0.0226593017578125,-0.0049591064453125,-0.01262664794921875,-0.03017425537109375,-0.0133514404296875,-0.02407073974609375,-0.01033782958984375,-0.00396728515625,-0.0292205810546875,0.09735107421875,0.09429931640625,0.096588134765625,0.099945068359375,0.081024169921875,0.09368896484375,0.08636474609375,0.095672607421875,-0.23406982421875,0.0970458984375,0.0885009765625,0.097503662109375,-0.662689208984375,-1.09344482421875,0.3668212890625,-1.869659423828125,-0.5133762359619141
589,0.5495000000000003,-0.0,-0.0,-0.0,-0.0,-0.0,-0.0,-0.08921051025390625,-4.461404323577881,-799.795654296875,-261710.71875,28632.58984375,-36.106815338134766,-0.0,-0.0,-0.0,-0.0,-0.0,-0.0,-0.0,-0.0,-0.0,-0.0,-0.0,-0.0,0.00522613525390625,0.00247955322265625,0.00568389892578125,0.00659942626953125,0.0034332275390625,0.01071929931640625,0.00507354736328125,0.008392333984375,0.00354766845703125,0.00949859619140625,0.0106048583984375,0.00156402587890625,0.01728057861328125,0.00263214111328125,0.00553131103515625,0.00988006591796875,0.0958251953125,0.0982666015625,0.097198486328125,0.09429931640625,0.08087158203125,0.09796142578125,0.094757080078125,0.098114013671875,0.18829345703125,0.1348876953125,0.097503662109375,0.099334716796875,0.7696533203125,-0.54107666015625,-0.15960693359375,0.487823486328125,1.0110454559326172
590,0.5500000000000003,-0.0,-0.0,-0.0,-0.0,-0.0,-0.0,-0.5503252744674683,-4.610086917877197,-801.5227661132812,-261889.890625,28907.796875,76.01591491699219,-0.0,-0.0,-0.0,-0.0,-0.0,-0.0,-0.0,-0.0,-0.0,-0.0,-0.0,-0.0,0.009918212890625,0.00720977783203125,0.01308441162109375,0.01766204833984375,0.01194000244140625,0.0139617919921875,0.01148223876953125,0.02468109130859375,0.00774383544921875,0.01331329345703125,0.0331878662109375,0.01361846923828125,0.02521514892578125,0.01049041748046875,0.00141143798828125,0.0299835205078125,0.099945068359375,0.09674072265625,0.097808837890625,0.093231201171875,0.097198486328125,0.100555419921875,0.09796142578125,0.0958251953125,-0.02838134765625,0.08819580078125,0.10772705078125,0.1019287109375,1.143035888671875,1.6558837890625,-0.27801513671875,2.08648681640625,6.1940789222717285
591,0.5505000000000002,-0.0,-0.0,-0.0,-0.0,-0.0,-0.0,-0.7688440680503845,-4.674651145935059,-801.9740600585938,-262028.234375,29199.68359375,67.9593276977539,-0.0,-0.0,-0.0,-0.0,-0.0,-0.0,-0.0,-0.0,-0.0,-0.0,-0.0,-0.0,-0.00518798828125,-0.00225067138671875,-0.0043487548828125,-0.0035858154296875,-0.00347137451171875,-0.00652313232421875,-0.00370025634765625,-0.00823974609375,-0.00362396240234375,-0.0083160400390625,-0.0089263916015625,-0.00152587890625,-0.0168609619140625,-0.00537872314453125,-0.002593994140625,-0.0093841552734375,0.09307861328125,0.103607177734375,0.096435546875,0.09490966796875,0.09552001953125,0.1031494140625,0.097503662109375,0.099334716796875,0.098876953125,0.07965087890625,0.11199951171875,0.09033203125,-0.001068115234375,0.77392578125,0.40313720703125,-0.480499267578125,8.023386001586914
592,0.5510000000000003,-0.0,-0.0,-0.0,-0.0,-0.0,-0.0,-1.0614374876022339,-4.85575532913208,-803.7042236328125,-262108.765625,29900.62890625,266.6699523925781,-0.0,-0.0,-0.0,-0.0,-0.0,-0.0,-0.0,-0.0,-0.0,-0.0,-0.0,-0.0,-0.0084686279296875,-0.00865936279296875,-0.01247406005859375,-0.0162506103515625,-0.010986328125,-0.0152587890625,-0.01041412353515625,-0.02468109130859375,-0.00640869140625,-0.0138092041015625,-0.0337982177734375,-0.012359619140625,-0.02361297607421875,-0.0081634521484375,-0.005645751953125,-0.03032684326171875,0.098876953125,0.098876953125,0.0946044921875,0.09124755859375,0.102996826171875,0.0921630859375,0.091400146484375,0.099029541015625,0.42694091796875,0.119476318359375,0.08941650390625,0.096282958984375,-0.866241455078125,-1.5509033203125,0.39794921875,-1.756591796875,-1.4280292987823486
593,0.5515000000000003,-0.0,-0.0,-0.0,-0.0,-0.0,-0.0,-1.3469558954238892,-4.690640926361084,-803.0689697265625,-262136.9375,29921.728515625,124.41107177734375,-0.0,-0.0,-0.0,-0.0,-0.0,-0.0,-0.0,-0.0,-0.0,-0.0,-0.0,-0.0,0.003662109375,0.00396728515625,0.0055694580078125,0.00652313232421875,0.0029754638671875,0.00713348388671875,0.0045013427734375,0.00736236572265625,0.002593994140625,0.0075531005859375,0.009307861328125,0.00286102294921875,0.01522064208984375,0.00339508056640625,0.00339508056640625,0.0095367431640625,0.0946044921875,0.09490966796875,0.09918212890625,0.098114013671875,0.10284423828125,0.094146728515625,0.118560791015625,0.09674072265625,0.099029541015625,0.122528076171875,0.096435546875,0.09063720703125,0.234832763671875,-0.74554443359375,-0.0555419921875,0.37628173828125,-0.20849192142486572
594,0.5520000000000003,-0.0,-0.0,-0.0,-0.0,-0.0,-0.0,-1.5495585203170776,-4.465054035186768,-804.413330078125,-262303.9375,30102.81640625,238.7072296142578,-0.0,-0.0,-0.0,-0.0,-0.0,-0.0,-0.0,-0.0,-0.0,-0.0,-0.0,-0.0,0.009002685546875,0.01049041748046875,0.0124359130859375,0.0164794921875,0.01422882080078125,0.015869140625,0.01087188720703125,0.023345947265625,0.0093841552734375,0.01461029052734375,0.033721923828125,0.01262664794921875,0.02429962158203125,0.01239776611328125,0.00339508056640625,0.02826690673828125,0.104522705078125,0.095977783203125,0.1025390625,0.095062255859375,0.08087158203125,0.09918212890625,0.07354736328125,0.09246826171875,0.0933837890625,0.04638671875,0.100250244140625,0.099029541015625,1.03424072265625,1.61163330078125,-0.22125244140625,2.1875,8.633153915405273
595,0.5525000000000002,-0.0,-0.0,-0.0,-0.0,-0.0,-0.0,-1.8977813720703125,-5.0478692054748535,-803.5169677734375,-262220.65625,30505.0390625,230.31161499023438,-0.0,-0.0,-0.0,-0.0,-0.0,-0.0,-0.0,-0.0,-0.0,-0.0,-0.0,-0.0,-0.002593994140625,-0.0019073486328125,-0.003814697265625,-0.0052642822265625,-0.00301361083984375,-0.00598907470703125,-0.0063323974609375,-0.00568389892578125,-0.00331878662109375,-0.006256103515625,-0.00469207763671875,-0.00408172607421875,-0.01430511474609375,-0.0045013427734375,-0.00118255615234375,-0.010223388671875,0.09918212890625,0.0927734375,0.097503662109375,0.09735107421875,0.049285888671875,0.0982666015625,0.10772705078125,0.091705322265625,0.049591064453125,0.1104736328125,0.094451904296875,0.097503662109375,0.1611328125,1.2060546875,0.0677490234375,-0.210113525390625,8.023386001586914
596,0.5530000000000003,-0.0,-0.0,-0.0,-0.0,-0.0,-0.0,-1.808506727218628,-4.529344081878662,-804.961669921875,-262214.59375,30666.498046875,281.2295837402344,-0.0,-0.0,-0.0,-0.0,-0.0,-0.0,-0.0,-0.0,-0.0,-0.0,-0.0,-0.0,-0.008087158203125,-0.0098419189453125,-0.0118255615234375,-0.0145721435546875,-0.01232147216796875,-0.016632080078125,-0.01201629638671875,-0.0226593017578125,-0.0089263916015625,-0.01598358154296875,-0.03276824951171875,-0.01163482666015625,-0.023040771484375,-0.012054443359375,-0.00408172607421875,-0.027313232421875,0.09674072265625,0.09979248046875,0.09735107421875,0.09674072265625,0.177459716796875,0.096588134765625,0.08880615234375,0.09521484375,0.0469970703125,0.013580322265625,0.092315673828125,0.09490966796875,-0.747528076171875,-1.34490966796875,0.42327880859375,-1.625213623046875,2.8403513431549072
597,0.5535000000000003,-0.0,-0.0,-0.0,-0.0,-0.0,-0.0,-2.0518417358398438,-4.748109817504883,-804.705322265625,-262287.5625,30817.423828125,323.7437438964844,-0.0,-0.0,-0.0,-0.0,-0.0,-0.0,-0.0,-0.0,-0.0,-0.0,-0.0,-0.0,0.0025177001953125,0.00385284423828125,0.005340576171875,0.0042724609375,0.0042724609375,0.0069427490234375,0.00579833984375,0.00644683837890625,0.00301361083984375,0.009307861328125,0.004119873046875,0.0025177001953125,0.01476287841796875,0.00316619873046875,0.0025177001953125,0.00926971435546875,0.100860595703125,0.098724365234375,0.091094970703125,0.089263916015625,0.099945068359375,0.098419189453125,0.057220458984375,0.093231201171875,0.07354736328125,0.13214111328125,0.098876953125,0.0946044921875,0.205841064453125,-1.0357666015625,-0.20050048828125,0.20782470703125,0.09639240801334381
598,0.5540000000000003,-0.0,-0.0,-0.0,-0.0,-0.0,-0.0,-2.061239719390869,-4.813041687011719,-805.250244140625,-262595.75,31037.744140625,248.79042053222656,-0.0,-0.0,-0.0,-0.0,-0.0,-0.0,-0.0,-0.0,-0.0,-0.0,-0.0,-0.0,0.01079559326171875,0.009613037109375,0.01247406005859375,0.017547607421875,0.01140594482421875,0.01697540283203125,0.01354217529296875,0.02330780029296875,0.00823974609375,0.01613616943359375,0.0330352783203125,0.0118255615234375,0.0287628173828125,0.01064300537109375,0.00732421875,0.02925872802734375,0.095062255859375,0.094757080078125,0.096282958984375,0.103912353515625,0.0958251953125,0.099945068359375,0.1123046875,0.089263916015625,0.11016845703125,0.21942138671875,0.101470947265625,0.107879638671875,1.19384765625,1.55914306640625,-0.16021728515625,2.41363525390625,4.669657230377197
599,0.5545000000000002,-0.0,-0.0,-0.0,-0.0,-0.0,-0.0,-2.1820991039276123,-4.740860939025879,-804.5439453125,-262687.28125,31206.8203125,419.5371398925781,-0.0,-0.0,-0.0,-0.0,-0.0,-0.0,-0.0,-0.0,-0.0,-0.0,-0.0,-0.0,-0.0046539306640625,-0.00354766845703125,-0.00362396240234375,-0.00476837158203125,-0.0049591064453125,-0.00705718994140625,-0.0052642822265625,-0.00759124755859375,-0.00118255615234375,-0.00926971435546875,-0.005950927734375,-0.00232696533203125,-0.01361846923828125,-0.00423431396484375,-0.0030517578125,-0.00823974609375,0.09185791015625,0.09185791015625,0.096893310546875,0.097198486328125,0.09857177734375,0.093536376953125,0.1104736328125,0.098114013671875,-0.135955810546875,-0.032196044921875,0.09063720703125,0.091094970703125,-0.2947998046875,1.0943603515625,0.26397705078125,-0.18951416015625,8.023386001586914
600,0.5550000000000003,-0.0,-0.0,-0.0,-0.0,-0.0,-0.0,-2.401876449584961,-4.926155090332031,-804.5027465820312,-262601.4375,31246.083984375,326.1315002441406,-0.0,-0.0,-0.0,-0.0,-0.0,-0.0,-0.0,-0.0,-0.0,-0.0,-0.0,-0.0,-0.0098419189453125,-0.008544921875,-0.0118255615234375,-0.0171661376953125,-0.01224517822265625,-0.0145721435546875,-0.009613037109375,-0.02506256103515625,-0.00835418701171875,-0.01232147216796875,-0.0325775146484375,-0.01270294189453125,-0.02613067626953125,-0.01068115234375,-0.00213623046875,-0.03025054931640625,0.099029541015625,0.10040283203125,0.097198486328125,0.1019287109375,0.093994140625,0.1025390625,0.1025390625,0.1031494140625,0.049591064453125,0.055694580078125,0.11322021484375,0.086517333984375,-0.901947021484375,-1.28265380859375,0.38726806640625,-1.913909912109375,-0.5133762359619141
601,0.5555000000000003,-0.0,-0.0,-0.0,-0.0,-0.0,-0.0,-2.0997047424316406,-4.991302490234375,-805.1123657226562,-262740.78125,31597.185546875,281.0476989746094,-0.0,-0.0,-0.0,-0.0,-0.0,-0.0,-0.0,-0.0,-0.0,-0.0,-0.0,-0.0,0.0054931640625,0.00247955322265625,0.00347137451171875,0.0060272216796875,0.00331878662109375,0.0070953369140625,0.00576019287109375,0.00720977783203125,0.0031280517578125,0.00698089599609375,0.0069427490234375,0.001373291015625,0.0115203857421875,0.00396728515625,0.0017547607421875,0.00873565673828125,0.1055908203125,0.106201171875,0.10009765625,0.092315673828125,0.09124755859375,0.105438232421875,0.090484619140625,0.103607177734375,0.33843994140625,0.099945068359375,0.09521484375,0.092315673828125,0.229339599609375,-1.06719970703125,0.0885009765625,-0.10772705078125,10.4624605178833
602,0.5560000000000003,-0.0,-0.0,-0.0,-0.0,-0.0,-0.0,-2.2717387676239014,-5.2348480224609375,-805.2998657226562,-262951.90625,31670.18359375,294.50958251953125,-0.0,-0.0,-0.0,-0.0,-0.0,-0.0,-0.0,-0.0,-0.0,-0.0,-0.0,-0.0,0.00919342041015625,0.00659942626953125,0.01422882080078125,0.0183868408203125,0.011749267578125,0.01438140869140625,0.013427734375,0.02521514892578125,0.00579833984375,0.01369476318359375,0.03376007080078125,0.01247406005859375,0.023651123046875,0.0092315673828125,0.00629425048828125,0.0292205810546875,0.098114013671875,0.09857177734375,0.09613037109375,0.089263916015625,0.090789794921875,0.0970458984375,0.091400146484375,0.101318359375,-0.025634765625,0.139923095703125,0.095367431640625,0.09613037109375,0.791473388671875,1.67816162109375,-0.4193115234375,1.9232177734375,8.93803882598877
603,0.5565000000000002,-0.0,-0.0,-0.0,-0.0,-0.0,-0.0,-2.37300181388855,-5.811301231384277,-805.8859252929688,-262927.28125,31805.6015625,266.85125732421875,-0.0,-0.0,-0.0,-0.0,-0.0,-0.0,-0.0,-0.0,-0.0,-0.0,-0.0,-0.0,-0.00255584716796875,-0.00457763671875,-0.00347137451171875,-0.00286102294921875,-0.00438690185546875,-0.0049591064453125,-0.002899169921875,-0.00667572021484375,-0.00255584716796875,-0.00644683837890625,-0.0055694580078125,-0.00415802001953125,-0.009765625,-0.0028228759765625,-0.00316619873046875,-0.0066375732421875,0.093536376953125,0.098114013671875,0.09307861328125,0.0946044921875,0.09307861328125,0.09552001953125,0.100860595703125,0.09490966796875,0.041656494140625,0.1043701171875,0.09368896484375,0.09307861328125,-0.01861572265625,1.072998046875,0.12908935546875,0.359954833984375,8.328269958496094
604,0.5570000000000003,-0.0,-0.0,-0.0,-0.0,-0.0,-0.0,-2.366924524307251,-6.037162780761719,-806.850830078125,-263071.71875,32187.412109375,294.0208740234375,-0.0,-0.0,-0.0,-0.0,-0.0,-0.0,-0.0,-0.0,-0.0,-0.0,-0.0,-0.0,-0.00926971435546875,-0.0092315673828125,-0.01232147216796875,-0.01522064208984375,-0.01129150390625,-0.0159454345703125,-0.00980377197265625,-0.0225067138671875,-0.00682830810546875,-0.01285552978515625,-0.03032684326171875,-0.01049041748046875,-0.02685546875,-0.010986328125,-0.0041961669921875,-0.027008056640625,0.099029541015625,0.102386474609375,0.093536376953125,0.094451904296875,0.083160400390625,0.0946044921875,0.08392333984375,0.106048583984375,0.236968994140625,0.092010498046875,0.10101318359375,0.093231201171875,-0.5181884765625,-1.17889404296875,0.7183837890625,-1.888580322265625,-0.20849192142486572
605,0.5575000000000003,-0.0,-0.0,-0.0,-0.0,-0.0,-0.0,-2.4559824466705322,-5.442336559295654,-806.684326171875,-263191.9375,32232.43359375,427.0718994140625,-0.0,-0.0,-0.0,-0.0,-0.0,-0.0,-0.0,-0.0,-0.0,-0.0,-0.0,-0.0,0.0038909912109375,0.00278472900390625,0.00476837158203125,0.0042724609375,0.004425048828125,0.0048065185546875,0.00263214111328125,0.00789642333984375,0.0026702880859375,0.00652313232421875,0.00667572021484375,0.00408172607421875,0.00946044921875,0.00354766845703125,0.0032806396484375,0.00713348388671875,0.09368896484375,0.09979248046875,0.0921630859375,0.089569091796875,0.091400146484375,0.093841552734375,0.112152099609375,0.10040283203125,0.214691162109375,0.09857177734375,0.101318359375,0.100860595703125,0.430145263671875,-1.121826171875,0.31158447265625,-0.36895751953125,-0.5133762359619141
606,0.5580000000000003,-0.0,-0.0,-0.0,-0.0,-0.0,-0.0,-3.00958251953125,-5.610130786895752,-807.2760009765625,-263132.6875,32416.708984375,247.2598419189453,-0.0,-0.0,-0.0,-0.0,-0.0,-0.0,-0.0,-0.0,-0.0,-0.0,-0.0,-0.0,0.009765625,0.00701904296875,0.01239776611328125,0.0189208984375,0.01117706298828125,0.01499176025390625,0.01361846923828125,0.0247955322265625,0.0091552734375,0.01270294189453125,0.0311279296875,0.01148223876953125,0.0237274169921875,0.01049041748046875,0.005645751953125,0.0292205810546875,0.10162353515625,0.0982666015625,0.096588134765625,0.094146728515625,0.09246826171875,0.0970458984375,0.088043212890625,0.09490966796875,0.074310302734375,0.1031494140625,0.087890625,0.101470947265625,1.055908203125,1.28662109375,-0.4083251953125,1.7706298828125,6.803847789764404
607,0.5585000000000002,-0.0,-0.0,-0.0,-0.0,-0.0,-0.0,-3.141047239303589,-5.704345703125,-807.6294555664062,-263176.9375,32322.505859375,236.21658325195312,-0.0,-0.0,-0.0,-0.0,-0.0,-0.0,-0.0,-0.0,-0.0,-0.0,-0.0,-0.0,-0.00225067138671875,-0.0032806396484375,-0.0031280517578125,-0.0034332275390625,-0.0031280517578125,-0.00530242919921875,-0.00240325927734375,-0.00644683837890625,-0.00278472900390625,-0.00522613525390625,-0.00560760498046875,-0.0035858154296875,-0.00705718994140625,-0.00072479248046875,-0.00202178955078125,-0.00881195068359375,0.093994140625,0.09307861328125,0.092315673828125,0.098724365234375,0.09063720703125,0.096435546875,0.09490966796875,0.09490966796875,0.050811767578125,0.15167236328125,0.099029541015625,0.09185791015625,0.194244384765625,1.104736328125,0.03662109375,0.738983154296875,9.547806739807129
608,0.5590000000000003,-0.0,-0.0,-0.0,-0.0,-0.0,-0.0,-3.169233798980713,-5.924912929534912,-807.0340576171875,-262539.34375,32642.4453125,360.7677307128906,-0.0,-0.0,-0.0,-0.0,-0.0,-0.0,-0.0,-0.0,-0.0,-0.0,-0.0,-0.0,-0.005950927734375,-0.0086212158203125,-0.01323699951171875,-0.0156402587890625,-0.0110626220703125,-0.01621246337890625,-0.0130462646484375,-0.02384185791015625,-0.00835418701171875,-0.01583099365234375,-0.0302886962890625,-0.01186370849609375,-0.021209716796875,-0.011749267578125,-0.00370025634765625,-0.02902984619140625,0.101318359375,0.09674072265625,0.094146728515625,0.09765625,0.1031494140625,0.100555419921875,0.095062255859375,0.105133056640625,0.04913330078125,0.06072998046875,0.086517333984375,0.098876953125,-0.902099609375,-0.97381591796875,0.577392578125,-1.495361328125,-0.8182606101036072
609,0.5595000000000003,-0.0,-0.0,-0.0,-0.0,-0.0,-0.0,-3.0990076065063477,-5.789248943328857,-806.7387084960938,-262089.75,32955.96484375,271.7962951660156,-0.0,-0.0,-0.0,-0.0,-0.0,-0.0,-0.0,-0.0,-0.0,-0.0,-0.0,-0.0,0.00171661376953125,0.00244140625,0.00339508056640625,0.00308990478515625,0.00270843505859375,0.0063323974609375,0.0026702880859375,0.00492095947265625,0.0052642822265625,0.00598907470703125,0.007476806640625,0.0023651123046875,0.00736236572265625,0.003814697265625,-0.001068115234375,0.0099945068359375,0.092620849609375,0.0909423828125,0.097503662109375,0.09796142578125,0.1123046875,0.0970458984375,0.09124755859375,0.095062255859375,0.05157470703125,-0.024261474609375,0.10345458984375,0.09368896484375,-0.046844482421875,-0.95733642578125,0.13458251953125,-0.780181884765625,6.498963356018066
610,0.5600000000000003,-0.0,-0.0,-0.0,-0.0,-0.0,-0.0,-3.502521514892578,-5.173595905303955,-804.8970947265625,-261386.8125,32938.14453125,338.6190490722656,-0.0,-0.0,-0.0,-0.0,-0.0,-0.0,-0.0,-0.0,-0.0,-0.0,-0.0,-0.0,0.00904083251953125,0.0103759765625,0.01178741455078125,0.0170135498046875,0.01445770263671875,0.01506805419921875,0.01087188720703125,0.0251007080078125,0.0084686279296875,0.013427734375,0.0304412841796875,0.01247406005859375,0.02483367919921875,0.0109100341796875,0.00720977783203125,0.0301361083984375,0.101776123046875,0.098114013671875,0.093841552734375,0.0994873046875,0.099029541015625,0.095367431640625,0.0970458984375,0.09613037109375,0.109100341796875,0.13641357421875,0.09490966796875,0.098876953125,0.961456298828125,1.2493896484375,-0.52703857421875,2.017669677734375,8.328269958496094
611,0.5605000000000002,-0.0,-0.0,-0.0,-0.0,-0.0,-0.0,-3.5182249546051025,-4.723911285400391,-802.8847045898438,-260738.34375,33163.50390625,341.5585632324219,-0.0,-0.0,-0.0,-0.0,-0.0,-0.0,-0.0,-0.0,-0.0,-0.0,-0.0,-0.0,-0.001220703125,-0.00118255615234375,-0.00293731689453125,-0.0043487548828125,-0.001220703125,-0.00278472900390625,-0.00354766845703125,-0.00476837158203125,-0.00194549560546875,-0.00335693359375,-0.0031280517578125,-0.0014495849609375,-0.00408172607421875,-0.00316619873046875,-0.00091552734375,-0.006866455078125,0.104217529296875,0.09735107421875,0.093231201171875,0.101318359375,0.057525634765625,0.09765625,0.09490966796875,0.09185791015625,0.0323486328125,0.20050048828125,0.095672607421875,0.10040283203125,0.214080810546875,1.50482177734375,0.15869140625,1.05712890625,8.023386001586914
612,0.5610000000000003,-0.0,-0.0,-0.0,-0.0,-0.0,-0.0,-3.76363468170166,-3.7833240032196045,-801.0245971679688,-259983.859375,33234.60546875,361.8525695800781,-0.0,-0.0,-0.0,-0.0,-0.0,-0.0,-0.0,-0.0,-0.0,-0.0,-0.0,-0.0,-0.00782012939453125,-0.00637054443359375,-0.0140380859375,-0.0139617919921875,-0.0115966796875,-0.015716552734375,-0.01041412353515625,-0.0246429443359375,-0.00576019287109375,-0.012664794921875,-0.03101348876953125,-0.0112152099609375,-0.02185821533203125,-0.0103759765625,-0.00476837158203125,-0.030059814453125,0.095367431640625,0.09552001953125,0.09674072265625,0.102386474609375,0.1324462890625,0.101776123046875,0.09246826171875,0.10162353515625,0.146942138671875,0.037689208984375,0.098876953125,0.096588134765625,-0.64422607421875,-1.07666015625,0.66375732421875,-1.3348388671875,-1.1231448650360107
613,0.5615000000000003,-0.0,-0.0,-0.0,-0.0,-0.0,-0.0,-3.8562307357788086,-3.14538311958313,-798.0269165039062,-258739.3125,32962.7265625,335.16497802734375,-0.0,-0.0,-0.0,-0.0,-0.0,-0.0,-0.0,-0.0,-0.0,-0.0,-0.0,-0.0,0.004119873046875,0.00133514404296875,0.00316619873046875,0.00522613525390625,0.003509521484375,0.00331878662109375,0.00270843505859375,0.00568389892578125,0.0016021728515625,0.00514984130859375,0.0030517578125,0.0023651123046875,0.00118255615234375,0.0029754638671875,0.00339508056640625,0.00553131103515625,0.09490966796875,0.0982666015625,0.10009765625,0.096588134765625,0.101470947265625,0.094757080078125,0.108795166015625,0.0927734375,0.136566162109375,0.094757080078125,0.10162353515625,0.094757080078125,-0.2337646484375,-1.4862060546875,0.0909423828125,-1.019287109375,-0.8182606101036072
614,0.5620000000000003,-0.0,-0.0,-0.0,-0.0,-0.0,-0.0,-4.656869888305664,-3.0329337120056152,-795.633544921875,-258055.578125,33411.6328125,372.1627502441406,-0.0,-0.0,-0.0,-0.0,-0.0,-0.0,-0.0,-0.0,-0.0,-0.0,-0.0,-0.0,0.01007080078125,0.00736236572265625,0.01514434814453125,0.017852783203125,0.010986328125,0.016632080078125,0.0122833251953125,0.0257110595703125,0.00736236572265625,0.0177001953125,0.03223419189453125,0.0098419189453125,0.0252532958984375,0.01178741455078125,0.00499725341796875,0.02910614013671875,0.10101318359375,0.095062255859375,0.09735107421875,0.097808837890625,0.047149658203125,0.10162353515625,0.09918212890625,0.094757080078125,-0.052490234375,0.126190185546875,0.101318359375,0.109405517578125,1.5423583984375,1.1981201171875,-0.34576416015625,1.85791015625,7.108732223510742
615,0.5625000000000002,-0.0,-0.0,-0.0,-0.0,-0.0,-0.0,-4.684670448303223,-2.7173595428466797,-794.1295166015625,-257245.390625,33999.0546875,532.822998046875,-0.0,-0.0,-0.0,-0.0,-0.0,-0.0,-0.0,-0.0,-0.0,-0.0,-0.0,-0.0,-0.0016021728515625,-0.00087738037109375,-0.0025177001953125,-0.0035858154296875,-0.00232696533203125,-0.00102996826171875,-0.00102996826171875,-0.0064849853515625,-0.00064849853515625,-0.0034332275390625,0.0002288818359375,-0.0005340576171875,-0.00232696533203125,-0.00263214111328125,-0.001068115234375,-0.006256103515625,0.09674072265625,0.09857177734375,0.096282958984375,0.102691650390625,0.1287841796875,0.10162353515625,0.09735107421875,0.09613037109375,0.31768798828125,-0.019683837890625,0.09490966796875,0.099639892578125,0.613861083984375,1.79718017578125,0.233154296875,1.43310546875,5.279426097869873
616,0.5630000000000003,-0.0,-0.0,-0.0,-0.0,-0.0,-0.0,-4.862936496734619,-2.537327766418457,-792.26513671875,-256515.34375,33898.1171875,649.3237915039062,-0.0,-0.0,-0.0,-0.0,-0.0,-0.0,-0.0,-0.0,-0.0,-0.0,-0.0,-0.0,-0.0095367431640625,-0.00988006591796875,-0.011749267578125,-0.0164794921875,-0.01140594482421875,-0.0139617919921875,-0.01087188720703125,-0.02368927001953125,-0.0080108642578125,-0.0127410888671875,-0.02994537353515625,-0.014801025390625,-0.02346038818359375,-0.011444091796875,-0.004425048828125,-0.028076171875,0.097503662109375,0.104217529296875,0.102386474609375,0.10040283203125,0.12054443359375,0.100555419921875,0.095672607421875,0.092926025390625,0.059051513671875,0.1898193359375,0.10986328125,0.0921630859375,-0.61370849609375,-0.98480224609375,0.30548095703125,-1.714935302734375,-0.8182606101036072
617,0.5635000000000003,-0.0,-0.0,-0.0,-0.0,-0.0,-0.0,-5.21963357925415,-2.516706943511963,-788.9205322265625,-255925.90625,34140.00390625,613.8897094726562,-0.0,-0.0,-0.0,-0.0,-0.0,-0.0,-0.0,-0.0,-0.0,-0.0,-0.0,-0.0,0.00324249267578125,0.00209808349609375,0.00293731689453125,0.005340576171875,0.0026702880859375,0.00461578369140625,0.00080108642578125,0.0055694580078125,0.0019073486328125,0.0030517578125,0.00118255615234375,0.0017547607421875,0.0026702880859375,0.0014495849609375,0.00152587890625,0.008087158203125,0.0921630859375,0.10284423828125,0.09521484375,0.09307861328125,0.065460205078125,0.09368896484375,0.09674072265625,0.096282958984375,0.3497314453125,0.105743408203125,0.098876953125,0.0909423828125,-0.233612060546875,-1.617431640625,0.07293701171875,-1.089324951171875,1.3159297704696655
618,0.5640000000000003,-0.0,-0.0,-0.0,-0.0,-0.0,-0.0,-5.1742095947265625,-2.1178812980651855,-788.3872680664062,-255627.9375,34568.28515625,563.0584716796875,-0.0,-0.0,-0.0,-0.0,-0.0,-0.0,-0.0,-0.0,-0.0,-0.0,-0.0,-0.0,0.0079345703125,0.00823974609375,0.01262664794921875,0.0182342529296875,0.01224517822265625,0.0160980224609375,0.01239776611328125,0.02460479736328125,0.00820159912109375,0.01483917236328125,0.03177642822265625,0.0131988525390625,0.02349853515625,0.01308441162109375,0.00339508056640625,0.03017425537109375,0.09552001953125,0.10284423828125,0.098419189453125,0.099334716796875,0.091094970703125,0.098724365234375,0.10009765625,0.099639892578125,-0.021209716796875,0.11688232421875,0.093536376953125,0.10345458984375,1.103668212890625,1.40167236328125,-0.352783203125,1.902923583984375,8.633153915405273
619,0.5645000000000002,-0.0,-0.0,-0.0,-0.0,-0.0,-0.0,-6.065244197845459,-2.6513619422912598,-786.7998046875,-254770.109375,34543.296875,861.8361206054688,-0.0,-0.0,-0.0,-0.0,-0.0,-0.0,-0.0,-0.0,-0.0,-0.0,-0.0,-0.0,-0.0014495849609375,-0.00087738037109375,-0.00179290771484375,-0.00331878662109375,-0.00278472900390625,-0.0016021728515625,-0.00072479248046875,-0.00598907470703125,-0.00110626220703125,-0.0046539306640625,0.00141143798828125,-0.0011444091796875,0.0008392333984375,-0.00057220458984375,-0.0038909912109375,-0.0054168701171875,0.108642578125,0.105438232421875,0.105133056640625,0.096588134765625,0.09765625,0.0994873046875,0.090789794921875,0.090789794921875,0.272674560546875,0.11138916015625,0.10040283203125,0.10284423828125,0.194549560546875,1.83746337890625,0.20355224609375,1.605987548828125,8.93803882598877
620,0.5650000000000003,-0.0,-0.0,-0.0,-0.0,-0.0,-0.0,-5.910391330718994,-2.7173078060150146,-786.5286254882812,-254698.265625,34642.11328125,839.923583984375,-0.0,-0.0,-0.0,-0.0,-0.0,-0.0,-0.0,-0.0,-0.0,-0.0,-0.0,-0.0,-0.00774383544921875,-0.00774383544921875,-0.0122833251953125,-0.0173187255859375,-0.01129150390625,-0.0165557861328125,-0.01270294189453125,-0.02262115478515625,-0.00782012939453125,-0.01285552978515625,-0.03147125244140625,-0.0127410888671875,-0.0252532958984375,-0.01209259033203125,-0.0046539306640625,-0.0299072265625,0.09368896484375,0.098114013671875,0.098724365234375,0.0970458984375,0.09307861328125,0.09613037109375,0.09857177734375,0.092926025390625,0.055694580078125,0.108184814453125,0.10009765625,0.090789794921875,-0.604705810546875,-1.175537109375,0.37841796875,-1.72943115234375,1.0110454559326172
621,0.5655000000000003,-0.0,-0.0,-0.0,-0.0,-0.0,-0.0,-6.467520236968994,-2.763042449951172,-785.9122314453125,-254426.0625,34977.2109375,832.8607788085938,-0.0,-0.0,-0.0,-0.0,-0.0,-0.0,-0.0,-0.0,-0.0,-0.0,-0.0,-0.0,-0.00095367431640625,0.00274658203125,0.00255584716796875,0.00385284423828125,0.001983642578125,0.00301361083984375,0.00240325927734375,0.0034332275390625,0.0025177001953125,0.00278472900390625,-0.003204345703125,0.0043487548828125,3.814697265625e-05,0.00396728515625,0.001220703125,0.00640869140625,0.095062255859375,0.102081298828125,0.095977783203125,0.095367431640625,0.090484619140625,0.10406494140625,0.096588134765625,0.10040283203125,-0.072021484375,0.140380859375,0.09796142578125,0.10009765625,-0.336456298828125,-1.954345703125,0.3619384765625,-1.372222900390625,-2.342682361602783
622,0.5660000000000003,-0.0,-0.0,-0.0,-0.0,-0.0,-0.0,-6.467655658721924,-3.2978248596191406,-783.7088012695312,-254124.921875,34680.62890625,890.9346313476562,-0.0,-0.0,-0.0,-0.0,-0.0,-0.0,-0.0,-0.0,-0.0,-0.0,-0.0,-0.0,0.00949859619140625,0.0092315673828125,0.01373291015625,0.016021728515625,0.01323699951171875,0.0145721435546875,0.0101470947265625,0.02628326416015625,0.00720977783203125,0.01544952392578125,0.03154754638671875,0.01438140869140625,0.02658843994140625,0.0113677978515625,0.00568389892578125,0.0295257568359375,0.09552001953125,0.09674072265625,0.10040283203125,0.10284423828125,0.09857177734375,0.10345458984375,0.10162353515625,0.0994873046875,-0.02960205078125,0.1287841796875,0.0970458984375,0.100555419921875,1.073760986328125,1.48956298828125,-0.283203125,2.003936767578125,6.803847789764404
623,0.5665000000000002,-0.0,-0.0,-0.0,-0.0,-0.0,-0.0,-6.869209289550781,-3.1417922973632812,-785.1190185546875,-254235.671875,34790.609375,1117.6630859375,-0.0,-0.0,-0.0,-0.0,-0.0,-0.0,-0.0,-0.0,-0.0,-0.0,-0.0,-0.0,-0.00194549560546875,-0.0025177001953125,-0.00080108642578125,-0.00453948974609375,-0.00164031982421875,-0.00225067138671875,-0.0005340576171875,-0.0029754638671875,-0.000762939453125,-0.00091552734375,0.00438690185546875,-0.0040435791015625,0.00019073486328125,-0.00186920166015625,-0.0006103515625,-0.00640869140625,0.090179443359375,0.0933837890625,0.09979248046875,0.089111328125,0.10528564453125,0.096893310546875,0.096282958984375,0.096588134765625,0.2117919921875,0.074462890625,0.086212158203125,0.08819580078125,0.3509521484375,2.15484619140625,-0.11871337890625,1.54083251953125,9.24292278289795
624,0.5670000000000003,-0.0,-0.0,-0.0,-0.0,-0.0,-0.0,-7.248265743255615,-3.2974720001220703,-786.092041015625,-254294.734375,35475.375,1256.779541015625,-0.0,-0.0,-0.0,-0.0,-0.0,-0.0,-0.0,-0.0,-0.0,-0.0,-0.0,-0.0,-0.0106048583984375,-0.00957489013671875,-0.01140594482421875,-0.017852783203125,-0.01171112060546875,-0.0144195556640625,-0.01087188720703125,-0.02529144287109375,-0.00888824462890625,-0.0159454345703125,-0.0322723388671875,-0.0130462646484375,-0.02269744873046875,-0.01220703125,-0.0042724609375,-0.0287628173828125,0.09613037109375,0.09918212890625,0.099334716796875,0.098876953125,0.096588134765625,0.094757080078125,0.0994873046875,0.099639892578125,0.119476318359375,0.04364013671875,0.095977783203125,0.08880615234375,-0.987548828125,-1.199951171875,0.5767822265625,-1.507110595703125,10.4624605178833
625,0.5675000000000003,-0.0,-0.0,-0.0,-0.0,-0.0,-0.0,-7.427258491516113,-3.140397787094116,-786.7172241210938,-254252.859375,35288.609375,1212.96435546875,-0.0,-0.0,-0.0,-0.0,-0.0,-0.0,-0.0,-0.0,-0.0,-0.0,-0.0,-0.0,0.00240325927734375,0.00202178955078125,0.00148773193359375,0.00370025634765625,0.002593994140625,0.001220703125,0.00232696533203125,0.00446319580078125,0.00274658203125,0.00286102294921875,-0.0038909912109375,0.00286102294921875,-0.00179290771484375,0.0022125244140625,0.0022125244140625,0.00621795654296875,0.095672607421875,0.0970458984375,0.102081298828125,0.106201171875,0.102996826171875,0.1019287109375,0.093841552734375,0.097503662109375,-0.10162353515625,0.21514892578125,0.107421875,0.10284423828125,-0.283050537109375,-1.9573974609375,0.1556396484375,-1.466827392578125,-1.732913613319397
626,0.5680000000000003,-0.0,-0.0,-0.0,-0.0,-0.0,-0.0,-7.917657852172852,-3.2298519611358643,-785.5631103515625,-253724.5,35789.78125,1367.0933837890625,-0.0,-0.0,-0.0,-0.0,-0.0,-0.0,-0.0,-0.0,-0.0,-0.0,-0.0,-0.0,0.01056671142578125,0.00762939453125,0.01361846923828125,0.016937255859375,0.013275146484375,0.01453399658203125,0.00988006591796875,0.0261688232421875,0.00537872314453125,0.01415252685546875,0.0301361083984375,0.0130462646484375,0.026397705078125,0.01190185546875,0.00640869140625,0.02925872802734375,0.093841552734375,0.0982666015625,0.09857177734375,0.103759765625,0.11688232421875,0.09796142578125,0.10955810546875,0.094146728515625,-0.153656005859375,-0.04180908203125,0.09857177734375,0.097808837890625,0.855560302734375,1.2200927734375,-0.3082275390625,2.0166015625,7.71850061416626
627,0.5685000000000002,-0.0,-0.0,-0.0,-0.0,-0.0,-0.0,-7.673314571380615,-3.8326072692871094,-785.1142578125,-254059.40625,35729.73828125,1322.3121337890625,-0.0,-0.0,-0.0,-0.0,-0.0,-0.0,-0.0,-0.0,-0.0,-0.0,-0.0,-0.0,-0.0012969970703125,-0.00331878662109375,-0.00141143798828125,-0.00152587890625,-0.00347137451171875,3.814697265625e-05,0.00034332275390625,-0.00225067138671875,-0.0018310546875,-0.0043487548828125,0.00579833984375,-0.001983642578125,0.00133514404296875,-0.00263214111328125,-0.00030517578125,-0.0054168701171875,0.10009765625,0.099639892578125,0.091705322265625,0.10040283203125,0.090179443359375,0.0958251953125,0.098419189453125,0.09490966796875,0.4815673828125,0.05340576171875,0.093994140625,0.09429931640625,0.154876708984375,1.959228515625,-0.2215576171875,1.66412353515625,11.07222843170166
628,0.5690000000000003,-0.0,-0.0,-0.0,-0.0,-0.0,-0.0,-7.8066534996032715,-3.8092246055603027,-786.1785888671875,-254014.4375,35855.0546875,1380.43017578125,-0.0,-0.0,-0.0,-0.0,-0.0,-0.0,-0.0,-0.0,-0.0,-0.0,-0.0,-0.0,-0.0079345703125,-0.00820159912109375,-0.01354217529296875,-0.014190673828125,-0.0122833251953125,-0.01567840576171875,-0.01117706298828125,-0.02315521240234375,-0.00926971435546875,-0.01514434814453125,-0.03025054931640625,-0.0131988525390625,-0.0240325927734375,-0.01010894775390625,-0.0037384033203125,-0.030364990234375,0.09979248046875,0.096282958984375,0.09185791015625,0.099029541015625,0.106658935546875,0.0958251953125,0.094451904296875,0.097503662109375,0.196075439453125,0.081634521484375,0.08941650390625,0.107879638671875,-0.878143310546875,-1.373291015625,0.5096435546875,-1.588897705078125,-2.0377979278564453
629,0.5695000000000003,-0.0,-0.0,-0.0,-0.0,-0.0,-0.0,-7.854072093963623,-4.187356948852539,-785.6522827148438,-253618.578125,36012.84765625,1417.0977783203125,-0.0,-0.0,-0.0,-0.0,-0.0,-0.0,-0.0,-0.0,-0.0,-0.0,-0.0,-0.0,0.0,0.00087738037109375,0.0037384033203125,0.00308990478515625,0.0016021728515625,0.00438690185546875,0.0005340576171875,0.00507354736328125,0.0006103515625,0.00385284423828125,-0.00347137451171875,0.00362396240234375,-0.0018310546875,0.0028228759765625,0.00133514404296875,0.0037384033203125,0.094451904296875,0.100250244140625,0.10101318359375,0.10101318359375,0.089263916015625,0.099945068359375,0.10040283203125,0.100860595703125,0.0518798828125,0.130615234375,0.1043701171875,0.092315673828125,-0.202178955078125,-1.97418212890625,0.48004150390625,-1.465301513671875,-5.086641311645508
630,0.5700000000000003,-0.0,-0.0,-0.0,-0.0,-0.0,-0.0,-7.652389049530029,-4.143529415130615,-785.3859252929688,-253486.265625,36084.53125,1328.7276611328125,-0.0,-0.0,-0.0,-0.0,-0.0,-0.0,-0.0,-0.0,-0.0,-0.0,-0.0,-0.0,0.01049041748046875,0.00843048095703125,0.01422882080078125,0.01739501953125,0.012664794921875,0.0188446044921875,0.0093841552734375,0.02628326416015625,0.00850677490234375,0.01743316650390625,0.03520965576171875,0.01434326171875,0.02410888671875,0.00934600830078125,0.00728607177734375,0.0302886962890625,0.09307861328125,0.09674072265625,0.096893310546875,0.091705322265625,0.09002685546875,0.09735107421875,0.09246826171875,0.101165771484375,0.2178955078125,0.120697021484375,0.098876953125,0.096588134765625,1.451568603515625,1.5960693359375,-0.31585693359375,1.6900634765625,8.023386001586914
631,0.5705000000000002,-0.0,-0.0,-0.0,-0.0,-0.0,-0.0,-7.893965721130371,-4.0759711265563965,-783.706298828125,-253203.703125,36051.66015625,1316.0888671875,-0.0,-0.0,-0.0,-0.0,-0.0,-0.0,-0.0,-0.0,-0.0,-0.0,-0.0,-0.0,-0.001373291015625,-0.000152587890625,-0.00202178955078125,-0.00213623046875,-0.00156402587890625,-0.002899169921875,0.0009918212890625,-0.00431060791015625,0.00072479248046875,-0.00244140625,0.005340576171875,-0.0034332275390625,0.00194549560546875,-0.0022125244140625,-0.0017547607421875,-0.0054168701171875,0.104827880859375,0.10101318359375,0.095977783203125,0.099639892578125,0.107574462890625,0.100555419921875,0.0909423828125,0.0970458984375,0.13671875,0.09552001953125,0.094451904296875,0.100250244140625,0.518646240234375,2.3541259765625,-0.1739501953125,1.80572509765625,9.24292278289795
632,0.5710000000000003,-0.0,-0.0,-0.0,-0.0,-0.0,-0.0,-8.096513748168945,-4.569910049438477,-783.7167358398438,-252970.59375,36069.8046875,1337.2244873046875,-0.0,-0.0,-0.0,-0.0,-0.0,-0.0,-0.0,-0.0,-0.0,-0.0,-0.0,-0.0,-0.0095367431640625,-0.00881195068359375,-0.01102447509765625,-0.01689910888671875,-0.0127410888671875,-0.0142669677734375,-0.0113677978515625,-0.023956298828125,-0.00766754150390625,-0.01453399658203125,-0.0311279296875,-0.01316070556640625,-0.0189971923828125,-0.01224517822265625,-0.0020599365234375,-0.03063201904296875,0.10345458984375,0.101776123046875,0.1019287109375,0.10040283203125,0.103302001953125,0.09918212890625,0.10162353515625,0.09765625,0.1287841796875,0.134429931640625,0.0970458984375,0.095367431640625,-0.74737548828125,-0.8673095703125,0.61279296875,-1.2615966796875,8.633153915405273
633,0.5715000000000003,-0.0,-0.0,-0.0,-0.0,-0.0,-0.0,-7.779867172241211,-4.0724711418151855,-785.0218505859375,-252916.203125,36058.7421875,1257.0364990234375,-0.0,-0.0,-0.0,-0.0,-0.0,-0.0,-0.0,-0.0,-0.0,-0.0,-0.0,-0.0,0.00186920166015625,0.0009918212890625,0.00125885009765625,0.00370025634765625,0.0020599365234375,0.00148773193359375,0.001068115234375,0.0029754638671875,0.00362396240234375,0.0040435791015625,-0.007476806640625,0.002593994140625,-0.00057220458984375,0.00118255615234375,-0.0002288818359375,0.00606536865234375,0.096282958984375,0.1025390625,0.094757080078125,0.098114013671875,0.091094970703125,0.099029541015625,0.09490966796875,0.100555419921875,0.012969970703125,0.07476806640625,0.10040283203125,0.089874267578125,0.20416259765625,-2.28759765625,0.2880859375,-1.56097412109375,-2.95245099067688
634,0.5720000000000003,-0.0,-0.0,-0.0,-0.0,-0.0,-0.0,-7.7398271560668945,-4.463037967681885,-785.8253173828125,-252998.34375,35931.72265625,1221.5792236328125,-0.0,-0.0,-0.0,-0.0,-0.0,-0.0,-0.0,-0.0,-0.0,-0.0,-0.0,-0.0,0.01010894775390625,0.00885009765625,0.01300811767578125,0.0179290771484375,0.01140594482421875,0.01544952392578125,0.011749267578125,0.02506256103515625,0.00759124755859375,0.01621246337890625,0.03108978271484375,0.013885498046875,0.02407073974609375,0.0128173828125,0.00308990478515625,0.0298309326171875,0.094757080078125,0.094451904296875,0.09857177734375,0.1025390625,0.10101318359375,0.100555419921875,0.103759765625,0.09613037109375,0.067291259765625,0.081024169921875,0.096282958984375,0.094146728515625,1.15234375,1.104736328125,-0.211181640625,1.591033935546875,5.889194965362549
635,0.5725000000000002,-0.0,-0.0,-0.0,-0.0,-0.0,-0.0,-7.183231830596924,-4.167738437652588,-785.8253173828125,-252708.4375,35830.0390625,1109.616455078125,-0.0,-0.0,-0.0,-0.0,-0.0,-0.0,-0.0,-0.0,-0.0,-0.0,-0.0,-0.0,0.000762939453125,-0.00217437744140625,-0.0018310546875,-0.00102996826171875,-0.000762939453125,-0.0032806396484375,-0.0005340576171875,-0.00156402587890625,0.0,-0.00293731689453125,0.004425048828125,0.000457763671875,0.0054931640625,-0.00255584716796875,-0.00152587890625,-0.0048065185546875,0.099639892578125,0.098419189453125,0.098114013671875,0.09765625,0.08056640625,0.09735107421875,0.101776123046875,0.092620849609375,0.074920654296875,0.143890380859375,0.0994873046875,0.0921630859375,0.5377197265625,2.2100830078125,-0.130615234375,2.128753662109375,11.07222843170166
636,0.5730000000000003,-0.0,-0.0,-0.0,-0.0,-0.0,-0.0,-7.001084804534912,-3.828730344772339,-786.36279296875,-252574.4375,35560.6796875,1020.8489990234375,-0.0,-0.0,-0.0,-0.0,-0.0,-0.0,-0.0,-0.0,-0.0,-0.0,-0.0,-0.0,-0.00980377197265625,-0.00652313232421875,-0.01338958740234375,-0.01617431640625,-0.01132965087890625,-0.01621246337890625,-0.01087188720703125,-0.02460479736328125,-0.00804901123046875,-0.01415252685546875,-0.02819061279296875,-0.0133514404296875,-0.0240325927734375,-0.00926971435546875,-0.0052642822265625,-0.0299835205078125,0.102691650390625,0.102081298828125,0.09796142578125,0.102081298828125,0.09368896484375,0.099639892578125,0.09674072265625,0.105133056640625,0.058746337890625,0.15838623046875,0.099029541015625,0.101318359375,-0.557403564453125,-0.89141845703125,0.531005859375,-1.576080322265625,1.3159297704696655
637,0.5735000000000003,-0.0,-0.0,-0.0,-0.0,-0.0,-0.0,-7.047630310058594,-3.2765841484069824,-785.4556884765625,-252593.390625,35632.625,1018.4800415039062,-0.0,-0.0,-0.0,-0.0,-0.0,-0.0,-0.0,-0.0,-0.0,-0.0,-0.0,-0.0,-0.001983642578125,0.001373291015625,0.00194549560546875,0.00263214111328125,0.0014495849609375,0.00270843505859375,-0.000152587890625,0.0017547607421875,0.00102996826171875,-0.001068115234375,-0.003662109375,0.0011444091796875,-0.00667572021484375,0.0023651123046875,0.0016021728515625,0.00335693359375,0.0897216796875,0.09674072265625,0.09857177734375,0.099334716796875,0.103607177734375,0.09613037109375,0.107421875,0.106048583984375,-0.07965087890625,0.029449462890625,0.106353759765625,0.102691650390625,-0.793609619140625,-2.086181640625,0.28717041015625,-1.978302001953125,-3.2573351860046387
638,0.5740000000000003,-0.0,-0.0,-0.0,-0.0,-0.0,-0.0,-6.873629093170166,-2.7798054218292236,-786.2274169921875,-252503.859375,35335.0390625,1002.0965576171875,-0.0,-0.0,-0.0,-0.0,-0.0,-0.0,-0.0,-0.0,-0.0,-0.0,-0.0,-0.0,0.01056671142578125,0.00972747802734375,0.0142669677734375,0.01743316650390625,0.01354217529296875,0.01888275146484375,0.00873565673828125,0.02689361572265625,0.00720977783203125,0.01506805419921875,0.03215789794921875,0.01262664794921875,0.0234222412109375,0.01194000244140625,0.00850677490234375,0.0290679931640625,0.098419189453125,0.094757080078125,0.091705322265625,0.09552001953125,0.092315673828125,0.1007080078125,0.098724365234375,0.095977783203125,0.244903564453125,0.0726318359375,0.0970458984375,0.099945068359375,0.779266357421875,1.24725341796875,-0.323486328125,1.74285888671875,8.023386001586914
639,0.5745000000000002,-0.0,-0.0,-0.0,-0.0,-0.0,-0.0,-6.648653984069824,-2.3433761596679688,-789.9163208007812,-252344.0,35271.83203125,961.0900268554688,-0.0,-0.0,-0.0,-0.0,-0.0,-0.0,-0.0,-0.0,-0.0,-0.0,-0.0,-0.0,0.001068115234375,-0.00034332275390625,-0.00080108642578125,-0.00270843505859375,0.000152587890625,-0.00041961669921875,-0.0022125244140625,-0.00110626220703125,0.001068115234375,0.0,0.0057220458984375,-0.0019073486328125,0.00621795654296875,-0.00213623046875,-0.00133514404296875,-0.00431060791015625,0.098419189453125,0.101165771484375,0.095672607421875,0.096588134765625,0.094146728515625,0.0982666015625,0.10162353515625,0.09918212890625,0.069580078125,0.10772705078125,0.095062255859375,0.1104736328125,0.707550048828125,2.25250244140625,-0.14984130859375,2.12066650390625,10.76734447479248
640,0.5750000000000003,-0.0,-0.0,-0.0,-0.0,-0.0,-0.0,-6.827229976654053,-1.6462888717651367,-790.6244506835938,-252726.046875,35213.0703125,655.7490234375,-0.0,-0.0,-0.0,-0.0,-0.0,-0.0,-0.0,-0.0,-0.0,-0.0,-0.0,-0.0,-0.0104522705078125,-0.00774383544921875,-0.0115203857421875,-0.01865386962890625,-0.011444091796875,-0.014495849609375,-0.00934600830078125,-0.0254058837890625,-0.00644683837890625,-0.01224517822265625,-0.02971649169921875,-0.01247406005859375,-0.0226593017578125,-0.00804901123046875,-0.0054168701171875,-0.0290679931640625,0.097808837890625,0.10223388671875,0.0946044921875,0.104827880859375,0.09857177734375,0.10589599609375,0.1031494140625,0.0958251953125,0.266265869140625,0.11749267578125,0.10528564453125,0.087738037109375,-0.483245849609375,-1.02996826171875,0.496826171875,-1.204376220703125,0.40127673745155334
641,0.5755000000000003,-0.0,-0.0,-0.0,-0.0,-0.0,-0.0,-6.181983947753906,-1.3787528276443481,-789.0868530273438,-252229.46875,34979.41015625,715.9595947265625,-0.0,-0.0,-0.0,-0.0,-0.0,-0.0,-0.0,-0.0,-0.0,-0.0,-0.0,-0.0,0.00041961669921875,0.0006866455078125,0.00194549560546875,0.00152587890625,0.0019073486328125,0.002593994140625,-0.00049591064453125,0.00141143798828125,0.00213623046875,0.0,-0.0086212158203125,0.00041961669921875,-0.00522613525390625,0.00110626220703125,0.000457763671875,0.00339508056640625,0.0970458984375,0.106353759765625,0.1043701171875,0.095672607421875,0.108184814453125,0.097503662109375,0.09246826171875,0.103302001953125,-0.143280029296875,0.084991455078125,0.105743408203125,0.092926025390625,-0.69305419921875,-2.43499755859375,0.201416015625,-2.0782470703125,-0.8182606101036072
642,0.5760000000000003,-0.0,-0.0,-0.0,-0.0,-0.0,-0.0,-6.066314697265625,-0.7396703362464905,-791.687255859375,-252383.875,34821.54296875,756.2853393554688,-0.0,-0.0,-0.0,-0.0,-0.0,-0.0,-0.0,-0.0,-0.0,-0.0,-0.0,-0.0,0.00865936279296875,0.0098419189453125,0.01468658447265625,0.0171661376953125,0.01255035400390625,0.0177764892578125,0.00995635986328125,0.025787353515625,0.00759124755859375,0.0150299072265625,0.03215789794921875,0.0140380859375,0.0222015380859375,0.0115966796875,0.00400543212890625,0.0299072265625,0.103607177734375,0.10009765625,0.09765625,0.091094970703125,0.098876953125,0.095367431640625,0.096588134765625,0.10528564453125,0.44586181640625,0.089874267578125,0.099945068359375,0.09307861328125,1.038818359375,1.18682861328125,-0.0311279296875,1.6510009765625,6.803847789764404
643,0.5765000000000002,-0.0,-0.0,-0.0,-0.0,-0.0,-0.0,-5.703365325927734,-0.13064457476139069,-789.6620483398438,-252156.421875,34789.984375,633.0389404296875,-0.0,-0.0,-0.0,-0.0,-0.0,-0.0,-0.0,-0.0,-0.0,-0.0,-0.0,-0.0,0.00110626220703125,0.00202178955078125,-0.0023651123046875,-0.00194549560546875,-0.000762939453125,-0.0006103515625,0.00247955322265625,-0.00232696533203125,-0.0006103515625,0.00370025634765625,0.0104522705078125,-0.0028228759765625,0.0098419189453125,0.00011444091796875,-0.00072479248046875,-0.00347137451171875,0.09735107421875,0.0994873046875,0.099334716796875,0.099029541015625,0.086517333984375,0.09765625,0.098876953125,0.0982666015625,0.099639892578125,0.09185791015625,0.101470947265625,0.101776123046875,1.13250732421875,2.61474609375,-0.009765625,2.54364013671875,11.377113342285156
644,0.5770000000000003,-0.0,-0.0,-0.0,-0.0,-0.0,-0.0,-5.84010124206543,0.40427106618881226,-792.3213500976562,-251846.53125,34779.98046875,654.0037231445312,-0.0,-0.0,-0.0,-0.0,-0.0,-0.0,-0.0,-0.0,-0.0,-0.0,-0.0,-0.0,-0.0086212158203125,-0.00934600830078125,-0.0112152099609375,-0.01811981201171875,-0.00949859619140625,-0.01483917236328125,-0.0118255615234375,-0.02475738525390625,-0.00820159912109375,-0.01201629638671875,-0.029754638671875,-0.01316070556640625,-0.02559661865234375,-0.00926971435546875,-0.005950927734375,-0.03063201904296875,0.095672607421875,0.09796142578125,0.095367431640625,0.094146728515625,0.0982666015625,0.10101318359375,0.095672607421875,0.1007080078125,0.181884765625,0.10833740234375,0.0909423828125,0.0994873046875,-0.425262451171875,-0.83343505859375,0.35186767578125,-1.663665771484375,-7.220831394195557
645,0.5775000000000003,-0.0,-0.0,-0.0,-0.0,-0.0,-0.0,-5.83326530456543,0.4050101339817047,-793.6217651367188,-251494.03125,34785.6953125,548.4474487304688,-0.0,-0.0,-0.0,-0.0,-0.0,-0.0,-0.0,-0.0,-0.0,-0.0,-0.0,-0.0,0.0006866455078125,0.0006866455078125,0.00171661376953125,0.0019073486328125,0.00133514404296875,0.00110626220703125,-0.0029754638671875,0.00110626220703125,0.00232696533203125,-0.0023651123046875,-0.01003265380859375,0.00164031982421875,-0.00701904296875,0.00232696533203125,7.62939453125e-05,0.0030517578125,0.09674072265625,0.1019287109375,0.102691650390625,0.09368896484375,0.10009765625,0.099029541015625,0.095367431640625,0.101470947265625,0.10986328125,0.152130126953125,0.09552001953125,0.099334716796875,-0.856170654296875,-2.46124267578125,0.26885986328125,-2.235870361328125,-3.2573351860046387
646,0.5780000000000003,-0.0,-0.0,-0.0,-0.0,-0.0,-0.0,-5.9906744956970215,1.5357545614242554,-790.3889770507812,-251533.53125,34877.8046875,479.66265869140625,-0.0,-0.0,-0.0,-0.0,-0.0,-0.0,-0.0,-0.0,-0.0,-0.0,-0.0,-0.0,0.00988006591796875,0.0110626220703125,0.0119781494140625,0.01895904541015625,0.01285552978515625,0.0153350830078125,0.01239776611328125,0.0238037109375,0.00843048095703125,0.0167083740234375,0.03208160400390625,0.0113677978515625,0.025177001953125,0.0119781494140625,0.00400543212890625,0.0312042236328125,0.097503662109375,0.094451904296875,0.09796142578125,0.094146728515625,0.095672607421875,0.098876953125,0.103912353515625,0.09307861328125,0.044403076171875,0.207672119140625,0.095062255859375,0.099334716796875,1.215362548828125,1.2945556640625,-0.4425048828125,1.676483154296875,6.498963356018066
647,0.5785000000000002,-0.0,-0.0,-0.0,-0.0,-0.0,-0.0,-5.805932521820068,2.0704710483551025,-790.7698974609375,-250827.96875,34925.0546875,552.0309448242188,-0.0,-0.0,-0.0,-0.0,-0.0,-0.0,-0.0,-0.0,-0.0,-0.0,-0.0,-0.0,0.0012969970703125,-7.62939453125e-05,-0.00030517578125,-0.00141143798828125,0.000457763671875,-0.0006866455078125,-0.0009918212890625,-0.0005340576171875,0.00041961669921875,-0.0012969970703125,0.00919342041015625,-0.0017547607421875,0.011444091796875,0.00030517578125,0.0,-0.00377655029296875,0.097503662109375,0.096282958984375,0.09674072265625,0.094757080078125,0.1092529296875,0.099639892578125,0.099029541015625,0.098419189453125,0.055694580078125,-0.005645751953125,0.0958251953125,0.09857177734375,0.777130126953125,2.54058837890625,-0.1629638671875,2.7691650390625,17.77968406677246
648,0.5790000000000003,-0.0,-0.0,-0.0,-0.0,-0.0,-0.0,-5.722326278686523,3.1807477474212646,-789.9318237304688,-250021.640625,35024.80078125,719.2182006835938,-0.0,-0.0,-0.0,-0.0,-0.0,-0.0,-0.0,-0.0,-0.0,-0.0,-0.0,-0.0,-0.00942230224609375,-0.0092315673828125,-0.01239776611328125,-0.0174713134765625,-0.01129150390625,-0.01628875732421875,-0.0133514404296875,-0.02544403076171875,-0.007171630859375,-0.01678466796875,-0.0315093994140625,-0.01262664794921875,-0.0244140625,-0.009307861328125,-0.0052642822265625,-0.03070831298828125,0.09735107421875,0.09857177734375,0.09765625,0.106658935546875,0.0860595703125,0.103912353515625,0.106353759765625,0.09429931640625,0.04852294921875,0.05767822265625,0.097808837890625,0.09857177734375,-0.802764892578125,-0.90240478515625,0.3875732421875,-1.45965576171875,-2.0377979278564453
649,0.5795000000000003,-0.0,-0.0,-0.0,-0.0,-0.0,-0.0,-6.17585563659668,3.666776657104492,-787.52880859375,-249197.609375,35368.16796875,722.2601928710938,-0.0,-0.0,-0.0,-0.0,-0.0,-0.0,-0.0,-0.0,-0.0,-0.0,-0.0,-0.0,-0.001220703125,0.00194549560546875,0.00030517578125,0.00049591064453125,-0.000152587890625,0.00232696533203125,-3.814697265625e-05,-0.00156402587890625,0.001678466796875,-0.00125885009765625,-0.0122833251953125,0.00164031982421875,-0.0087738037109375,0.00286102294921875,0.00087738037109375,0.002899169921875,0.098876953125,0.095367431640625,0.0970458984375,0.093231201171875,0.081329345703125,0.0994873046875,0.106964111328125,0.092620849609375,0.086212158203125,0.12908935546875,0.09796142578125,0.104827880859375,-0.90301513671875,-2.73651123046875,0.48431396484375,-2.2821044921875,-2.95245099067688
650,0.5800000000000003,-0.0,-0.0,-0.0,-0.0,-0.0,-0.0,-6.561051845550537,3.557065010070801,-786.8046875,-248918.0,35628.76953125,778.1220092773438,-0.0,-0.0,-0.0,-0.0,-0.0,-0.0,-0.0,-0.0,-0.0,-0.0,-0.0,-0.0,0.00942230224609375,0.0112152099609375,0.01476287841796875,0.01667022705078125,0.0125885009765625,0.01544952392578125,0.01194000244140625,0.0262451171875,0.00522613525390625,0.01800537109375,0.03345489501953125,0.01338958740234375,0.02841949462890625,0.0112152099609375,0.0067138671875,0.0307464599609375,0.107269287109375,0.098114013671875,0.0994873046875,0.11444091796875,0.115203857421875,0.105133056640625,0.0946044921875,0.1031494140625,0.029144287109375,0.19989013671875,0.091705322265625,0.101165771484375,1.168670654296875,1.324462890625,-0.27099609375,2.2088623046875,8.633153915405273
651,0.5805000000000002,-0.0,-0.0,-0.0,-0.0,-0.0,-0.0,-6.30529260635376,3.3869552612304688,-784.4462280273438,-248616.234375,35486.07421875,816.501708984375,-0.0,-0.0,-0.0,-0.0,-0.0,-0.0,-0.0,-0.0,-0.0,-0.0,-0.0,-0.0,0.0012969970703125,0.00156402587890625,-0.0014495849609375,-0.00080108642578125,-0.00240325927734375,-0.0006866455078125,0.001678466796875,0.0003814697265625,-0.00133514404296875,-0.000152587890625,0.014495849609375,-0.0037384033203125,0.009307861328125,-0.00041961669921875,0.00049591064453125,-0.001678466796875,0.099334716796875,0.099639892578125,0.098876953125,0.097198486328125,0.1336669921875,0.095367431640625,0.09613037109375,0.0927734375,0.088043212890625,-0.071258544921875,0.103302001953125,0.096893310546875,0.469207763671875,2.8753662109375,-0.303955078125,2.5732421875,10.157575607299805
652,0.5810000000000003,-0.0,-0.0,-0.0,-0.0,-0.0,-0.0,-6.454613208770752,3.0592846870422363,-783.5919799804688,-248498.984375,35599.6640625,942.7293090820312,-0.0,-0.0,-0.0,-0.0,-0.0,-0.0,-0.0,-0.0,-0.0,-0.0,-0.0,-0.0,-0.0092315673828125,-0.0072479248046875,-0.01331329345703125,-0.01674652099609375,-0.0128173828125,-0.01834869384765625,-0.00873565673828125,-0.0264739990234375,-0.00858306884765625,-0.01232147216796875,-0.032806396484375,-0.0133514404296875,-0.0252532958984375,-0.0121307373046875,-0.0051116943359375,-0.02899169921875,0.0970458984375,0.095367431640625,0.09857177734375,0.098724365234375,0.0970458984375,0.095367431640625,0.1068115234375,0.1080322265625,-0.030670166015625,0.04913330078125,0.0933837890625,0.091094970703125,-0.4876708984375,-1.195068359375,0.4638671875,-1.2567138671875,-3.8671038150787354
653,0.5815000000000003,-0.0,-0.0,-0.0,-0.0,-0.0,-0.0,-6.313909530639648,2.7539873123168945,-781.9838256835938,-248189.109375,35860.96484375,725.9688110351562,-0.0,-0.0,-0.0,-0.0,-0.0,-0.0,-0.0,-0.0,-0.0,-0.0,-0.0,-0.0,0.0006866455078125,0.0005340576171875,0.00152587890625,0.0003814697265625,0.0014495849609375,0.00278472900390625,-0.0028228759765625,0.000152587890625,0.00064849853515625,0.00011444091796875,-0.0139617919921875,0.00316619873046875,-0.01270294189453125,0.00064849853515625,0.00362396240234375,0.00049591064453125,0.099029541015625,0.0994873046875,0.098419189453125,0.104217529296875,0.09857177734375,0.0982666015625,0.09429931640625,0.0921630859375,0.088043212890625,0.10223388671875,0.0970458984375,0.09429931640625,-0.43365478515625,-2.867431640625,0.52276611328125,-2.621307373046875,-5.391525745391846
654,0.5820000000000003,-0.0,-0.0,-0.0,-0.0,-0.0,-0.0,-6.492397308349609,1.9994665384292603,-782.646728515625,-248219.515625,35798.21484375,773.587646484375,-0.0,-0.0,-0.0,-0.0,-0.0,-0.0,-0.0,-0.0,-0.0,-0.0,-0.0,-0.0,0.00926971435546875,0.0098419189453125,0.01163482666015625,0.01865386962890625,0.01422882080078125,0.01773834228515625,0.011749267578125,0.0235748291015625,0.00858306884765625,0.01621246337890625,0.030975341796875,0.013275146484375,0.02452850341796875,0.0115203857421875,0.00698089599609375,0.029296875,0.101165771484375,0.095062255859375,0.0994873046875,0.102386474609375,0.09063720703125,0.1031494140625,0.095367431640625,0.09613037109375,0.5267333984375,0.0909423828125,0.10223388671875,0.092926025390625,0.980072021484375,1.1468505859375,-0.30120849609375,1.435394287109375,7.413616180419922
655,0.5825000000000002,-0.0,-0.0,-0.0,-0.0,-0.0,-0.0,-6.195335388183594,1.9704501628875732,-781.0384521484375,-248247.65625,36043.4765625,938.9051513671875,-0.0,-0.0,-0.0,-0.0,-0.0,-0.0,-0.0,-0.0,-0.0,-0.0,-0.0,-0.0,-7.62939453125e-05,-0.0009918212890625,-0.00026702880859375,0.00118255615234375,-0.0014495849609375,-0.0012969970703125,0.00110626220703125,0.0011444091796875,0.00072479248046875,-0.00030517578125,0.01373291015625,-0.0011444091796875,0.01171112060546875,-0.00171661376953125,-0.00011444091796875,-0.00102996826171875,0.09735107421875,0.10040283203125,0.096893310546875,0.094757080078125,0.09552001953125,0.098876953125,0.071868896484375,0.0970458984375,0.1629638671875,0.0909423828125,0.09735107421875,0.09857177734375,0.7647705078125,2.89337158203125,-0.27313232421875,2.65472412109375,15.95037841796875
656,0.5830000000000003,-0.0,-0.0,-0.0,-0.0,-0.0,-0.0,-5.957276344299316,1.3468466997146606,-782.6859130859375,-247672.171875,35927.7890625,866.8563842773438,-0.0,-0.0,-0.0,-0.0,-0.0,-0.0,-0.0,-0.0,-0.0,-0.0,-0.0,-0.0,-0.00820159912109375,-0.01041412353515625,-0.01285552978515625,-0.01651763916015625,-0.01190185546875,-0.015106201171875,-0.01224517822265625,-0.0249481201171875,-0.0069427490234375,-0.01155853271484375,-0.03326416015625,-0.01331329345703125,-0.02384185791015625,-0.00949859619140625,-0.003814697265625,-0.0293731689453125,0.09735107421875,0.097808837890625,0.097198486328125,0.105743408203125,0.09735107421875,0.09613037109375,0.132904052734375,0.093536376953125,0.0653076171875,0.118865966796875,0.10101318359375,0.09490966796875,-0.040130615234375,-1.04522705078125,0.5059814453125,-1.394195556640625,-0.5133762359619141
657,0.5835000000000004,-0.0,-0.0,-0.0,-0.0,-0.0,-0.0,-5.8878936767578125,0.8219106793403625,-780.9187622070312,-248150.625,35937.046875,837.2183837890625,-0.0,-0.0,-0.0,-0.0,-0.0,-0.0,-0.0,-0.0,-0.0,-0.0,-0.0,-0.0,-0.0006103515625,-0.0002288818359375,0.00041961669921875,0.000762939453125,-0.00030517578125,-0.00034332275390625,-0.00102996826171875,-0.0017547607421875,-3.814697265625e-05,-0.003204345703125,-0.0128936767578125,0.00408172607421875,-0.01140594482421875,-0.0002288818359375,0.00278472900390625,0.0025177001953125,0.1019287109375,0.09857177734375,0.103912353515625,0.0946044921875,0.063629150390625,0.100250244140625,0.097503662109375,0.100250244140625,-0.09796142578125,0.17120361328125,0.090484619140625,0.09674072265625,-0.906982421875,-2.80364990234375,0.784912109375,-2.516021728515625,-1.732913613319397
658,0.5840000000000003,-0.0,-0.0,-0.0,-0.0,-0.0,-0.0,-5.204348564147949,0.5347824096679688,-780.880859375,-247953.53125,35806.6171875,716.4624633789062,-0.0,-0.0,-0.0,-0.0,-0.0,-0.0,-0.0,-0.0,-0.0,-0.0,-0.0,-0.0,0.01071929931640625,0.00835418701171875,0.013427734375,0.01796722412109375,0.0122833251953125,0.01861572265625,0.0080108642578125,0.02613067626953125,0.0083160400390625,0.0140380859375,0.0359344482421875,0.009765625,0.022735595703125,0.0119781494140625,0.0046539306640625,0.03185272216796875,0.10040283203125,0.09552001953125,0.09765625,0.098724365234375,0.139923095703125,0.096282958984375,0.116424560546875,0.09979248046875,0.17181396484375,0.114288330078125,0.09796142578125,0.1007080078125,0.82122802734375,1.4581298828125,-0.4034423828125,1.34979248046875,7.71850061416626
659,0.5845000000000002,-0.0,-0.0,-0.0,-0.0,-0.0,-0.0,-5.472212314605713,0.03919107839465141,-780.1744384765625,-247984.890625,36006.8828125,738.8896484375,-0.0,-0.0,-0.0,-0.0,-0.0,-0.0,-0.0,-0.0,-0.0,-0.0,-0.0,-0.0,0.0023651123046875,-0.0008392333984375,0.00080108642578125,0.00141143798828125,0.00019073486328125,-7.62939453125e-05,0.00202178955078125,0.00247955322265625,-0.0006103515625,3.814697265625e-05,0.01522064208984375,-0.0020599365234375,0.0164031982421875,-3.814697265625e-05,-0.00091552734375,-0.00164031982421875,0.091552734375,0.10040283203125,0.099029541015625,0.088348388671875,0.120086669921875,0.095672607421875,0.09796142578125,0.095367431640625,0.0750732421875,0.08544921875,0.096282958984375,0.10284423828125,0.548858642578125,2.94647216796875,-0.27435302734375,2.948150634765625,11.07222843170166
660,0.5850000000000003,-0.0,-0.0,-0.0,-0.0,-0.0,-0.0,-4.795338153839111,-0.1587294340133667,-778.210205078125,-247846.359375,35730.546875,728.517578125,-0.0,-0.0,-0.0,-0.0,-0.0,-0.0,-0.0,-0.0,-0.0,-0.0,-0.0,-0.0,-0.01110076904296875,-0.008697509765625,-0.01270294189453125,-0.01743316650390625,-0.0115966796875,-0.01689910888671875,-0.0098419189453125,-0.0238037109375,-0.00873565673828125,-0.0113677978515625,-0.03154754638671875,-0.01331329345703125,-0.02056121826171875,-0.01163482666015625,-0.00286102294921875,-0.03063201904296875,0.10162353515625,0.10284423828125,0.099639892578125,0.103759765625,0.025634765625,0.098724365234375,0.102386474609375,0.095367431640625,0.036773681640625,0.15167236328125,0.09735107421875,0.100555419921875,-0.487060546875,-0.60546875,0.40496826171875,-0.755767822265625,-1.732913613319397
661,0.5855000000000004,-0.0,-0.0,-0.0,-0.0,-0.0,-0.0,-4.934202671051025,-0.9220694303512573,-778.2095947265625,-248347.65625,35760.9609375,730.5042114257812,-0.0,-0.0,-0.0,-0.0,-0.0,-0.0,-0.0,-0.0,-0.0,-0.0,-0.0,-0.0,-0.00148773193359375,0.00095367431640625,0.000762939453125,0.00118255615234375,-0.000152587890625,-0.000762939453125,-0.00209808349609375,0.0009918212890625,-0.0006866455078125,-0.00331878662109375,-0.01399993896484375,0.0023651123046875,-0.0116729736328125,-0.001220703125,0.00186920166015625,0.00255584716796875,0.091400146484375,0.09796142578125,0.099639892578125,0.101776123046875,0.0933837890625,0.104217529296875,0.093994140625,0.095367431640625,0.08209228515625,0.11688232421875,0.09063720703125,0.10406494140625,-0.814971923828125,-2.88330078125,0.589599609375,-2.51373291015625,-1.4280292987823486
662,0.5860000000000003,-0.0,-0.0,-0.0,-0.0,-0.0,-0.0,-4.538119792938232,-1.4842298030853271,-779.391357421875,-248232.984375,35818.234375,760.2269287109375,-0.0,-0.0,-0.0,-0.0,-0.0,-0.0,-0.0,-0.0,-0.0,-0.0,-0.0,-0.0,0.0086212158203125,0.00965118408203125,0.013885498046875,0.01857757568359375,0.01216888427734375,0.016326904296875,0.00812530517578125,0.02521514892578125,0.00659942626953125,0.01373291015625,0.03173828125,0.01308441162109375,0.021820068359375,0.01132965087890625,0.0037384033203125,0.03139495849609375,0.09765625,0.092620849609375,0.09857177734375,0.09490966796875,0.13702392578125,0.101470947265625,0.089569091796875,0.09490966796875,0.08544921875,-0.0152587890625,0.09552001953125,0.0982666015625,0.75958251953125,0.8831787109375,-0.24139404296875,1.2261962890625,9.547806739807129
663,0.5865000000000002,-0.0,-0.0,-0.0,-0.0,-0.0,-0.0,-4.925910949707031,-2.1970763206481934,-780.12744140625,-248605.109375,35850.02734375,811.8921508789062,-0.0,-0.0,-0.0,-0.0,-0.0,-0.0,-0.0,-0.0,-0.0,-0.0,-0.0,-0.0,0.0034332275390625,0.001678466796875,0.00049591064453125,-0.00026702880859375,-0.00011444091796875,-7.62939453125e-05,0.00438690185546875,0.00293731689453125,-0.00209808349609375,0.0032806396484375,0.0165557861328125,-0.00240325927734375,0.01415252685546875,-0.00095367431640625,0.0014495849609375,-0.001373291015625,0.10101318359375,0.09857177734375,0.097198486328125,0.09796142578125,0.09918212890625,0.096435546875,0.10772705078125,0.103912353515625,0.05645751953125,0.114288330078125,0.104827880859375,0.0982666015625,0.9320068359375,3.04931640625,-0.426025390625,2.967376708984375,11.986882209777832
664,0.5870000000000003,-0.0,-0.0,-0.0,-0.0,-0.0,-0.0,-5.523984432220459,-3.4376091957092285,-781.3102416992188,-248851.875,35816.1796875,846.6143188476562,-0.0,-0.0,-0.0,-0.0,-0.0,-0.0,-0.0,-0.0,-0.0,-0.0,-0.0,-0.0,-0.00946044921875,-0.006866455078125,-0.0152587890625,-0.01689910888671875,-0.01186370849609375,-0.015716552734375,-0.00896453857421875,-0.02655029296875,-0.0063323974609375,-0.0115966796875,-0.028839111328125,-0.0104522705078125,-0.02109527587890625,-0.01018524169921875,-0.0058746337890625,-0.030059814453125,0.100555419921875,0.10467529296875,0.1055908203125,0.1025390625,0.09552001953125,0.095367431640625,0.09521484375,0.087127685546875,0.111236572265625,0.077667236328125,0.103759765625,0.1031494140625,-0.41961669921875,-0.62774658203125,0.6103515625,-0.56243896484375,-1.1231448650360107
665,0.5875000000000004,-0.0,-0.0,-0.0,-0.0,-0.0,-0.0,-5.499414920806885,-3.8958237171173096,-782.8746948242188,-249586.734375,35398.78125,954.7001342773438,-0.0,-0.0,-0.0,-0.0,-0.0,-0.0,-0.0,-0.0,-0.0,-0.0,-0.0,-0.0,-0.00278472900390625,-0.00026702880859375,0.00232696533203125,0.0005340576171875,0.00034332275390625,-0.0005340576171875,-0.0022125244140625,-0.0006103515625,-7.62939453125e-05,-0.0006866455078125,-0.01621246337890625,0.00148773193359375,-0.0122833251953125,0.00034332275390625,-0.0009918212890625,0.00011444091796875,0.09552001953125,0.100555419921875,0.098876953125,0.09765625,0.07965087890625,0.1007080078125,0.09613037109375,0.093231201171875,0.0799560546875,0.102386474609375,0.101165771484375,0.092620849609375,-0.569610595703125,-2.730712890625,0.4150390625,-2.824859619140625,-2.342682361602783
666,0.5880000000000003,-0.0,-0.0,-0.0,-0.0,-0.0,-0.0,-5.072254180908203,-4.34829044342041,-782.5457763671875,-250195.484375,35633.7578125,835.3157958984375,-0.0,-0.0,-0.0,-0.0,-0.0,-0.0,-0.0,-0.0,-0.0,-0.0,-0.0,-0.0,0.0083160400390625,0.00995635986328125,0.01277923583984375,0.0193023681640625,0.010833740234375,0.01705169677734375,0.00820159912109375,0.025177001953125,0.0091552734375,0.01331329345703125,0.03070831298828125,0.01148223876953125,0.01964569091796875,0.01323699951171875,0.0052642822265625,0.03108978271484375,0.093536376953125,0.09490966796875,0.0970458984375,0.100250244140625,0.08270263671875,0.10345458984375,0.094757080078125,0.09124755859375,0.062103271484375,0.125732421875,0.095672607421875,0.102081298828125,0.930328369140625,0.70953369140625,-0.36468505859375,1.089324951171875,9.852691650390625
667,0.5885000000000002,-0.0,-0.0,-0.0,-0.0,-0.0,-0.0,-5.257435321807861,-4.621738433837891,-784.0594482421875,-250555.0625,35388.78515625,856.103759765625,-0.0,-0.0,-0.0,-0.0,-0.0,-0.0,-0.0,-0.0,-0.0,-0.0,-0.0,-0.0,0.00171661376953125,0.00286102294921875,0.0014495849609375,0.00026702880859375,3.814697265625e-05,0.00091552734375,0.00591278076171875,0.00179290771484375,0.0005340576171875,0.00293731689453125,0.01689910888671875,0.00133514404296875,0.01621246337890625,-0.0003814697265625,-0.001068115234375,0.00110626220703125,0.09368896484375,0.099029541015625,0.09765625,0.099334716796875,0.100860595703125,0.095367431640625,0.09490966796875,0.093841552734375,0.119171142578125,0.115966796875,0.098724365234375,0.0921630859375,1.179351806640625,2.99957275390625,-0.31707763671875,3.10394287109375,0.7061610817909241
668,0.5890000000000003,-0.0,-0.0,-0.0,-0.0,-0.0,-0.0,-5.117284297943115,-4.794083595275879,-785.47216796875,-250973.953125,35242.9296875,811.803955078125,-0.0,-0.0,-0.0,-0.0,-0.0,-0.0,-0.0,-0.0,-0.0,-0.0,-0.0,-0.0,-0.007171630859375,-0.00835418701171875,-0.0128173828125,-0.01605987548828125,-0.01338958740234375,-0.0151824951171875,-0.00980377197265625,-0.02323150634765625,-0.00732421875,-0.01422882080078125,-0.028533935546875,-0.01453399658203125,-0.01552581787109375,-0.01201629638671875,-0.0029754638671875,-0.0302886962890625,0.098114013671875,0.100555419921875,0.098724365234375,0.10284423828125,0.09857177734375,0.100555419921875,0.102081298828125,0.09307861328125,-0.0634765625,0.095977783203125,0.09979248046875,0.08880615234375,-0.554656982421875,-0.7257080078125,0.391845703125,-0.509490966796875,0.7061610817909241
669,0.5895000000000004,-0.0,-0.0,-0.0,-0.0,-0.0,-0.0,-5.314833641052246,-4.869686603546143,-786.3402099609375,-251192.34375,35037.75390625,925.1958618164062,-0.0,-0.0,-0.0,-0.0,-0.0,-0.0,-0.0,-0.0,-0.0,-0.0,-0.0,-0.0,-0.00179290771484375,-0.00095367431640625,-0.00049591064453125,0.00049591064453125,0.0006866455078125,-0.0008392333984375,-0.003204345703125,-0.0031280517578125,-0.00011444091796875,-0.00179290771484375,-0.0186920166015625,0.0012969970703125,-0.0157928466796875,0.0012969970703125,0.00102996826171875,-0.0012969970703125,0.09979248046875,0.10467529296875,0.09613037109375,0.09796142578125,0.0860595703125,0.10162353515625,0.1025390625,0.10406494140625,0.247802734375,0.095062255859375,0.101318359375,0.098114013671875,-0.922698974609375,-2.96417236328125,0.48614501953125,-2.830047607421875,0.09639240801334381
670,0.5900000000000003,-0.0,-0.0,-0.0,-0.0,-0.0,-0.0,-4.700333118438721,-5.41814661026001,-786.8654174804688,-251334.34375,34990.30078125,790.8721923828125,-0.0,-0.0,-0.0,-0.0,-0.0,-0.0,-0.0,-0.0,-0.0,-0.0,-0.0,-0.0,0.007171630859375,0.010833740234375,0.0128173828125,0.01743316650390625,0.0125885009765625,0.01605987548828125,0.0109100341796875,0.02349853515625,0.0078582763671875,0.01422882080078125,0.02948760986328125,0.0136566162109375,0.01575469970703125,0.012054443359375,0.00213623046875,0.03108978271484375,0.098876953125,0.097503662109375,0.100555419921875,0.099334716796875,0.09857177734375,0.0958251953125,0.09613037109375,0.099639892578125,0.05279541015625,0.104522705078125,0.083465576171875,0.1025390625,1.000823974609375,0.6402587890625,-0.3387451171875,0.8685302734375,5.584310531616211
671,0.5905000000000002,-0.0,-0.0,-0.0,-0.0,-0.0,-0.0,-4.8173675537109375,-4.935072422027588,-785.843505859375,-251096.375,34651.1015625,775.940673828125,-0.0,-0.0,-0.0,-0.0,-0.0,-0.0,-0.0,-0.0,-0.0,-0.0,-0.0,-0.0,0.0032806396484375,0.000152587890625,0.0006866455078125,0.00118255615234375,0.00202178955078125,-0.0006866455078125,0.0034332275390625,0.00324249267578125,-0.00026702880859375,0.0041961669921875,0.01842498779296875,-0.00141143798828125,0.015716552734375,0.0020599365234375,0.0006103515625,7.62939453125e-05,0.096588134765625,0.099945068359375,0.09735107421875,0.10009765625,0.10040283203125,0.10040283203125,0.095062255859375,0.10009765625,-0.097198486328125,0.11993408203125,0.10467529296875,0.10162353515625,1.04400634765625,3.175048828125,-0.2728271484375,3.0426025390625,10.4624605178833
672,0.5910000000000003,-0.0,-0.0,-0.0,-0.0,-0.0,-0.0,-4.869212627410889,-4.920837879180908,-786.6463012695312,-251072.359375,34602.2890625,845.2423706054688,-0.0,-0.0,-0.0,-0.0,-0.0,-0.0,-0.0,-0.0,-0.0,-0.0,-0.0,-0.0,-0.00850677490234375,-0.00873565673828125,-0.01293182373046875,-0.0185394287109375,-0.011138916015625,-0.01438140869140625,-0.0098419189453125,-0.02391815185546875,-0.01430511474609375,-0.01251220703125,-0.02719879150390625,-0.013885498046875,-0.01811981201171875,-0.013275146484375,-0.0054931640625,-0.02971649169921875,0.1019287109375,0.10162353515625,0.10009765625,0.09979248046875,0.099639892578125,0.096893310546875,0.10894775390625,0.099334716796875,0.35675048828125,0.121917724609375,0.1104736328125,0.096282958984375,-0.656280517578125,-0.40679931640625,0.27252197265625,-0.749969482421875,0.7061610817909241
673,0.5915000000000004,-0.0,-0.0,-0.0,-0.0,-0.0,-0.0,-4.657564640045166,-4.902172088623047,-787.7816162109375,-250736.40625,34348.44140625,701.5394287109375,-0.0,-0.0,-0.0,-0.0,-0.0,-0.0,-0.0,-0.0,-0.0,-0.0,-0.0,-0.0,-0.003509521484375,-0.00091552734375,0.00141143798828125,0.00080108642578125,-0.00125885009765625,-0.00019073486328125,-0.00370025634765625,-0.00087738037109375,-7.62939453125e-05,-0.00457763671875,-0.01842498779296875,0.0016021728515625,-0.01224517822265625,-3.814697265625e-05,-0.0008392333984375,-0.00095367431640625,0.0946044921875,0.099334716796875,0.089569091796875,0.095977783203125,0.09429931640625,0.092926025390625,0.095672607421875,0.107269287109375,0.3533935546875,0.107879638671875,0.09918212890625,0.103759765625,-1.0626220703125,-2.96539306640625,0.56396484375,-2.816009521484375,-2.95245099067688
674,0.5920000000000003,-0.0,-0.0,-0.0,-0.0,-0.0,-0.0,-4.586823463439941,-4.512101650238037,-787.0912475585938,-251042.640625,34175.125,693.216796875,-0.0,-0.0,-0.0,-0.0,-0.0,-0.0,-0.0,-0.0,-0.0,-0.0,-0.0,-0.0,0.00919342041015625,0.0069427490234375,0.01495361328125,0.0177001953125,0.01430511474609375,0.01758575439453125,0.0091552734375,0.0274658203125,0.00698089599609375,0.01556396484375,0.029144287109375,0.0148773193359375,0.02025604248046875,0.01049041748046875,0.005645751953125,0.0305938720703125,0.10345458984375,0.09918212890625,0.097198486328125,0.087738037109375,0.10345458984375,0.1007080078125,0.09613037109375,0.105133056640625,0.122833251953125,0.09124755859375,0.087890625,0.10223388671875,0.915679931640625,0.77056884765625,-0.113525390625,1.22955322265625,8.633153915405273
675,0.5925000000000002,-0.0,-0.0,-0.0,-0.0,-0.0,-0.0,-4.478991985321045,-4.189128875732422,-786.3978881835938,-250956.5625,34188.6328125,717.6890258789062,-0.0,-0.0,-0.0,-0.0,-0.0,-0.0,-0.0,-0.0,-0.0,-0.0,-0.0,-0.0,0.0031280517578125,0.00102996826171875,0.00049591064453125,0.00095367431640625,0.001373291015625,0.00213623046875,0.0025177001953125,0.00202178955078125,0.00171661376953125,0.00476837158203125,0.0193023681640625,-0.0014495849609375,0.0160980224609375,-0.000457763671875,-0.00102996826171875,0.0022125244140625,0.1031494140625,0.0946044921875,0.09124755859375,0.100250244140625,0.10101318359375,0.103607177734375,0.104522705078125,0.09857177734375,0.0677490234375,0.084075927734375,0.075836181640625,0.099334716796875,1.06109619140625,3.1365966796875,-0.1947021484375,2.99285888671875,8.633153915405273
676,0.5930000000000003,-0.0,-0.0,-0.0,-0.0,-0.0,-0.0,-4.691352844238281,-3.9217376708984375,-787.7147827148438,-250793.296875,34083.953125,717.897216796875,-0.0,-0.0,-0.0,-0.0,-0.0,-0.0,-0.0,-0.0,-0.0,-0.0,-0.0,-0.0,-0.009613037109375,-0.00720977783203125,-0.0127410888671875,-0.01689910888671875,-0.01216888427734375,-0.016326904296875,-0.00827789306640625,-0.02460479736328125,-0.00774383544921875,-0.01293182373046875,-0.02918243408203125,-0.01499176025390625,-0.0179290771484375,-0.00988006591796875,-0.0045013427734375,-0.03032684326171875,0.09735107421875,0.099639892578125,0.103302001953125,0.102081298828125,0.1080322265625,0.09735107421875,0.090484619140625,0.097198486328125,0.105133056640625,0.09429931640625,0.120849609375,0.09979248046875,-0.558013916015625,-0.6756591796875,0.1458740234375,-0.749053955078125,-1.1231448650360107
677,0.5935000000000004,-0.0,-0.0,-0.0,-0.0,-0.0,-0.0,-4.568061828613281,-3.562800168991089,-786.4495849609375,-250571.8125,33749.0859375,712.0755615234375,-0.0,-0.0,-0.0,-0.0,-0.0,-0.0,-0.0,-0.0,-0.0,-0.0,-0.0,-0.0,-0.00217437744140625,0.00034332275390625,-0.00019073486328125,-7.62939453125e-05,-0.00091552734375,-0.00225067138671875,-0.0017547607421875,-0.00316619873046875,-0.00030517578125,-0.00514984130859375,-0.0176239013671875,0.0003814697265625,-0.0156402587890625,0.001678466796875,-0.0005340576171875,-0.001678466796875,0.09979248046875,0.10101318359375,0.101165771484375,0.104827880859375,0.0811767578125,0.10406494140625,0.096282958984375,0.101470947265625,-0.119781494140625,0.062408447265625,0.11077880859375,0.08636474609375,-0.81329345703125,-2.9595947265625,0.4364013671875,-2.808990478515625,-4.171988487243652
678,0.5940000000000003,-0.0,-0.0,-0.0,-0.0,-0.0,-0.0,-4.1401872634887695,-3.455803632736206,-786.2588500976562,-250683.46875,33773.98046875,524.5908203125,-0.0,-0.0,-0.0,-0.0,-0.0,-0.0,-0.0,-0.0,-0.0,-0.0,-0.0,-0.0,0.00919342041015625,0.00698089599609375,0.0128173828125,0.01728057861328125,0.0112152099609375,0.01800537109375,0.009765625,0.02719879150390625,0.005950927734375,0.01361846923828125,0.03116607666015625,0.0144195556640625,0.02117156982421875,0.009613037109375,0.00705718994140625,0.030670166015625,0.101470947265625,0.104827880859375,0.1019287109375,0.102081298828125,0.09490966796875,0.096588134765625,0.09918212890625,0.09674072265625,0.222015380859375,0.089569091796875,0.097503662109375,0.091552734375,0.511474609375,1.06231689453125,-0.224609375,1.286468505859375,6.1940789222717285
679,0.5945000000000003,-0.0,-0.0,-0.0,-0.0,-0.0,-0.0,-4.159972667694092,-2.7448713779449463,-785.5372924804688,-250387.84375,33653.3671875,700.6231079101562,-0.0,-0.0,-0.0,-0.0,-0.0,-0.0,-0.0,-0.0,-0.0,-0.0,-0.0,-0.0,0.00278472900390625,0.00148773193359375,0.00186920166015625,0.00225067138671875,-0.000457763671875,0.00274658203125,0.0045013427734375,0.0032806396484375,0.0025177001953125,0.004730224609375,0.017547607421875,-0.00141143798828125,0.0185394287109375,0.00110626220703125,-0.001068115234375,0.0018310546875,0.09979248046875,0.1025390625,0.096893310546875,0.1025390625,0.09857177734375,0.10498046875,0.09674072265625,0.09918212890625,0.0396728515625,0.11932373046875,0.094146728515625,0.10284423828125,1.168975830078125,3.17962646484375,-0.296630859375,2.97393798828125,10.157575607299805
680,0.5950000000000003,-0.0,-0.0,-0.0,-0.0,-0.0,-0.0,-4.139903545379639,-2.140468120574951,-783.5017700195312,-249964.484375,33653.14453125,590.0791015625,-0.0,-0.0,-0.0,-0.0,-0.0,-0.0,-0.0,-0.0,-0.0,-0.0,-0.0,-0.0,-0.0081634521484375,-0.00942230224609375,-0.01255035400390625,-0.0177764892578125,-0.01049041748046875,-0.01583099365234375,-0.0095367431640625,-0.02574920654296875,-0.007476806640625,-0.009918212890625,-0.028076171875,-0.01247406005859375,-0.02040863037109375,-0.01163482666015625,-0.004119873046875,-0.030670166015625,0.096588134765625,0.0921630859375,0.098876953125,0.100860595703125,0.10955810546875,0.09490966796875,0.099029541015625,0.094146728515625,0.149688720703125,0.07965087890625,0.093841552734375,0.105133056640625,-0.009613037109375,-0.5206298828125,0.3143310546875,-1.01226806640625,-0.5133762359619141
681,0.5955000000000004,-0.0,-0.0,-0.0,-0.0,-0.0,-0.0,-3.9593896865844727,-2.013958215713501,-784.2022705078125,-249864.53125,33100.30078125,508.2995300292969,-0.0,-0.0,-0.0,-0.0,-0.0,-0.0,-0.0,-0.0,-0.0,-0.0,-0.0,-0.0,-0.0029754638671875,-0.00209808349609375,0.0011444091796875,-0.0002288818359375,-0.0011444091796875,-0.00408172607421875,-0.003814697265625,-0.00080108642578125,-0.00087738037109375,-0.00545501708984375,-0.01922607421875,0.00133514404296875,-0.0128173828125,-0.00034332275390625,0.000762939453125,-0.0032806396484375,0.102081298828125,0.099334716796875,0.1019287109375,0.096435546875,0.099945068359375,0.101318359375,0.102386474609375,0.1043701171875,0.0860595703125,0.12359619140625,0.094451904296875,0.093841552734375,-1.006622314453125,-2.98431396484375,0.7012939453125,-2.76611328125,-2.647566556930542
682,0.5960000000000003,-0.0,-0.0,-0.0,-0.0,-0.0,-0.0,-3.9605565071105957,-1.3728680610656738,-783.7774658203125,-249132.984375,32652.16015625,485.2148132324219,-0.0,-0.0,-0.0,-0.0,-0.0,-0.0,-0.0,-0.0,-0.0,-0.0,-0.0,-0.0,0.00858306884765625,0.00835418701171875,0.0130462646484375,0.01708984375,0.01220703125,0.01682281494140625,0.01056671142578125,0.0262451171875,0.0081634521484375,0.012359619140625,0.03009796142578125,0.0145721435546875,0.02277374267578125,0.012969970703125,0.0040435791015625,0.03009796142578125,0.1007080078125,0.103912353515625,0.098724365234375,0.0927734375,0.099639892578125,0.091705322265625,0.09368896484375,0.09490966796875,0.048065185546875,0.10040283203125,0.103302001953125,0.09613037109375,0.572967529296875,0.95733642578125,-0.1226806640625,1.3775634765625,9.547806739807129
683,0.5965000000000003,-0.0,-0.0,-0.0,-0.0,-0.0,-0.0,-3.461315155029297,-1.5862056016921997,-783.3531494140625,-249214.9375,32763.580078125,590.200439453125,-0.0,-0.0,-0.0,-0.0,-0.0,-0.0,-0.0,-0.0,-0.0,-0.0,-0.0,-0.0,0.00453948974609375,0.00278472900390625,0.0003814697265625,0.00087738037109375,0.0012969970703125,0.002593994140625,0.00518798828125,0.00213623046875,0.00049591064453125,0.005950927734375,0.0179290771484375,-0.0014495849609375,0.0164794921875,0.00019073486328125,3.814697265625e-05,0.0031280517578125,0.0970458984375,0.101318359375,0.0982666015625,0.095977783203125,0.0933837890625,0.0994873046875,0.102386474609375,0.1031494140625,-0.36651611328125,0.129547119140625,0.1007080078125,0.09521484375,1.0198974609375,3.15582275390625,-0.5560302734375,3.031158447265625,9.547806739807129
684,0.5970000000000003,-0.0,-0.0,-0.0,-0.0,-0.0,-0.0,-3.639861822128296,-1.5687801837921143,-783.2822265625,-248595.5625,32600.078125,461.6700744628906,-0.0,-0.0,-0.0,-0.0,-0.0,-0.0,-0.0,-0.0,-0.0,-0.0,-0.0,-0.0,-0.00942230224609375,-0.00644683837890625,-0.01285552978515625,-0.01628875732421875,-0.0124359130859375,-0.0156402587890625,-0.00774383544921875,-0.02628326416015625,-0.0049591064453125,-0.01373291015625,-0.02841949462890625,-0.014801025390625,-0.01956939697265625,-0.00957489013671875,-0.0038909912109375,-0.03002166748046875,0.0946044921875,0.099029541015625,0.0958251953125,0.10040283203125,0.10711669921875,0.096893310546875,0.0994873046875,0.104522705078125,0.46966552734375,0.099334716796875,0.100860595703125,0.111083984375,-0.562591552734375,-0.44464111328125,0.15228271484375,-0.730743408203125,-2.342682361602783
685,0.5975000000000004,-0.0,-0.0,-0.0,-0.0,-0.0,-0.0,-3.1401212215423584,-1.3733173608779907,-781.657470703125,-248295.890625,32039.37109375,496.9333190917969,-0.0,-0.0,-0.0,-0.0,-0.0,-0.0,-0.0,-0.0,-0.0,-0.0,-0.0,-0.0,-0.0037384033203125,-0.0011444091796875,-0.0008392333984375,-0.0018310546875,-0.00102996826171875,-0.00072479248046875,-0.00213623046875,-0.00545501708984375,-0.002593994140625,-0.0035858154296875,-0.0191497802734375,0.00316619873046875,-0.015869140625,-0.0019073486328125,-0.00011444091796875,-0.0020599365234375,0.099945068359375,0.10589599609375,0.10040283203125,0.0970458984375,0.086517333984375,0.10223388671875,0.102386474609375,0.091705322265625,0.13458251953125,0.055694580078125,0.100555419921875,0.096435546875,-0.697784423828125,-3.001708984375,0.7257080078125,-2.744903564453125,-2.647566556930542
686,0.5980000000000003,-0.0,-0.0,-0.0,-0.0,-0.0,-0.0,-2.7462198734283447,-1.444562554359436,-781.4439697265625,-247968.09375,31969.029296875,367.80712890625,-0.0,-0.0,-0.0,-0.0,-0.0,-0.0,-0.0,-0.0,-0.0,-0.0,-0.0,-0.0,0.0107574462890625,0.00911712646484375,0.01399993896484375,0.01697540283203125,0.010986328125,0.01644134521484375,0.009002685546875,0.0249481201171875,0.0078582763671875,0.01422882080078125,0.0310516357421875,0.0122833251953125,0.01918792724609375,0.0124359130859375,0.00560760498046875,0.03017425537109375,0.10528564453125,0.106048583984375,0.09735107421875,0.102081298828125,0.10894775390625,0.097198486328125,0.097503662109375,0.096282958984375,0.128936767578125,0.097808837890625,0.091552734375,0.095977783203125,0.731353759765625,0.91552734375,-0.49896240234375,0.931396484375,11.986882209777832
687,0.5985000000000003,-0.0,-0.0,-0.0,-0.0,-0.0,-0.0,-3.354768991470337,-1.1938939094543457,-781.9404296875,-248063.484375,31721.255859375,403.861572265625,-0.0,-0.0,-0.0,-0.0,-0.0,-0.0,-0.0,-0.0,-0.0,-0.0,-0.0,-0.0,0.00095367431640625,0.0025177001953125,0.0019073486328125,0.00278472900390625,0.00171661376953125,0.00030517578125,0.00484466552734375,0.00377655029296875,0.00308990478515625,0.0046539306640625,0.01861572265625,0.00041961669921875,0.016937255859375,0.00171661376953125,0.00030517578125,0.0026702880859375,0.097808837890625,0.102691650390625,0.094146728515625,0.09521484375,0.096435546875,0.09552001953125,0.099639892578125,0.102996826171875,0.06011962890625,0.12176513671875,0.10162353515625,0.092926025390625,1.159515380859375,3.1634521484375,-0.377197265625,3.04412841796875,10.4624605178833
688,0.5990000000000003,-0.0,-0.0,-0.0,-0.0,-0.0,-0.0,-2.9073495864868164,-1.0726057291030884,-781.0891723632812,-247637.875,31228.689453125,385.7555236816406,-0.0,-0.0,-0.0,-0.0,-0.0,-0.0,-0.0,-0.0,-0.0,-0.0,-0.0,-0.0,-0.0075531005859375,-0.0087738037109375,-0.0118255615234375,-0.01605987548828125,-0.012969970703125,-0.01499176025390625,-0.01125335693359375,-0.02422332763671875,-0.00705718994140625,-0.01201629638671875,-0.0273895263671875,-0.01434326171875,-0.01636505126953125,-0.01216888427734375,-0.005950927734375,-0.0304412841796875,0.098419189453125,0.10589599609375,0.097198486328125,0.10162353515625,0.078582763671875,0.09918212890625,0.1007080078125,0.09796142578125,-0.01190185546875,0.06195068359375,0.09796142578125,0.095672607421875,-0.3045654296875,-0.4461669921875,0.53680419921875,-0.5072021484375,-0.20849192142486572
689,0.5995000000000004,-0.0,-0.0,-0.0,-0.0,-0.0,-0.0,-2.5153591632843018,-0.9280865788459778,-782.8616333007812,-247798.734375,31159.734375,269.40142822265625,-0.0,-0.0,-0.0,-0.0,-0.0,-0.0,-0.0,-0.0,-0.0,-0.0,-0.0,-0.0,-0.00396728515625,-0.001678466796875,-0.00164031982421875,-0.00072479248046875,-0.00072479248046875,-0.0032806396484375,-0.00370025634765625,-0.006103515625,0.00148773193359375,-0.005950927734375,-0.01903533935546875,0.00080108642578125,-0.0164794921875,3.814697265625e-05,-0.00034332275390625,-0.001373291015625,0.0982666015625,0.098876953125,0.0970458984375,0.10406494140625,0.096588134765625,0.10284423828125,0.093536376953125,0.096282958984375,0.20111083984375,0.166015625,0.1007080078125,0.09857177734375,-1.099700927734375,-3.0035400390625,0.82916259765625,-2.82562255859375,-2.95245099067688
690,0.6000000000000003,-0.0,-0.0,-0.0,-0.0,-0.0,-0.0,-2.426084041595459,-0.6738598942756653,-783.5685424804688,-247947.359375,31152.810546875,415.1539001464844,-0.0,-0.0,-0.0,-0.0,-0.0,-0.0,-0.0,-0.0,-0.0,-0.0,-0.0,-0.0,0.0086212158203125,0.00934600830078125,0.0144195556640625,0.01689910888671875,0.0133514404296875,0.01346588134765625,0.009307861328125,0.02574920654296875,0.0077056884765625,0.0141143798828125,0.0279998779296875,0.01209259033203125,0.0165557861328125,0.010833740234375,0.00507354736328125,0.0290679931640625,0.10040283203125,0.0946044921875,0.09735107421875,0.09796142578125,0.089874267578125,0.10162353515625,0.101470947265625,0.10009765625,-0.139617919921875,0.16021728515625,0.0921630859375,0.103302001953125,0.5853271484375,0.8184814453125,-0.2978515625,0.812530517578125,4.364773273468018
691,0.6005000000000003,-0.0,-0.0,-0.0,-0.0,-0.0,-0.0,-2.802767753601074,-0.5892981290817261,-783.78515625,-247656.5625,30931.5234375,480.3050842285156,-0.0,-0.0,-0.0,-0.0,-0.0,-0.0,-0.0,-0.0,-0.0,-0.0,-0.0,-0.0,0.00518798828125,0.00331878662109375,0.00232696533203125,0.00263214111328125,0.000762939453125,0.00537872314453125,0.0030517578125,0.00640869140625,0.0014495849609375,0.00446319580078125,0.01873016357421875,-0.00026702880859375,0.02048492431640625,0.0006103515625,0.001068115234375,0.00335693359375,0.1019287109375,0.098419189453125,0.09796142578125,0.097808837890625,0.09918212890625,0.103912353515625,0.085601806640625,0.09429931640625,0.406341552734375,0.03173828125,0.099945068359375,0.107269287109375,0.76446533203125,3.1451416015625,-0.3656005859375,3.0999755859375,8.93803882598877
692,0.6010000000000003,-0.0,-0.0,-0.0,-0.0,-0.0,-0.0,-2.621622085571289,-0.6411558985710144,-783.341552734375,-247462.140625,30446.26171875,416.1399841308594,-0.0,-0.0,-0.0,-0.0,-0.0,-0.0,-0.0,-0.0,-0.0,-0.0,-0.0,-0.0,-0.00637054443359375,-0.00919342041015625,-0.01216888427734375,-0.01621246337890625,-0.01068115234375,-0.014190673828125,-0.00972747802734375,-0.02422332763671875,-0.00789642333984375,-0.00888824462890625,-0.028533935546875,-0.0121307373046875,-0.01407623291015625,-0.00926971435546875,-0.00583648681640625,-0.03017425537109375,0.100860595703125,0.102081298828125,0.101470947265625,0.097503662109375,0.11962890625,0.09765625,0.1092529296875,0.0946044921875,0.119171142578125,0.00579833984375,0.108795166015625,0.097503662109375,0.022430419921875,-0.5584716796875,0.51025390625,-0.243682861328125,-1.732913613319397
693,0.6015000000000004,-0.0,-0.0,-0.0,-0.0,-0.0,-0.0,-2.069023847579956,-0.281260222196579,-782.8638305664062,-247280.6875,30430.697265625,123.97696685791016,-0.0,-0.0,-0.0,-0.0,-0.0,-0.0,-0.0,-0.0,-0.0,-0.0,-0.0,-0.0,-0.0049591064453125,-0.00331878662109375,-0.00030517578125,-0.00141143798828125,-0.00179290771484375,-0.0038909912109375,-0.0048065185546875,-0.00530242919921875,-0.00164031982421875,-0.0031280517578125,-0.0191497802734375,-0.00125885009765625,-0.01720428466796875,-0.00152587890625,0.0002288818359375,-0.00354766845703125,0.097503662109375,0.096435546875,0.097503662109375,0.103759765625,0.060577392578125,0.098724365234375,0.106201171875,0.098876953125,0.085601806640625,0.111236572265625,0.10894775390625,0.092315673828125,-0.909576416015625,-3.0072021484375,0.4998779296875,-2.865447998046875,-3.5622196197509766
694,0.6020000000000003,-0.0,-0.0,-0.0,-0.0,-0.0,-0.0,-2.0139553546905518,-0.1233157366514206,-783.7885131835938,-247129.328125,30319.314453125,170.25299072265625,-0.0,-0.0,-0.0,-0.0,-0.0,-0.0,-0.0,-0.0,-0.0,-0.0,-0.0,-0.0,0.00949859619140625,0.00804901123046875,0.01285552978515625,0.01678466796875,0.0118255615234375,0.0159454345703125,0.0079345703125,0.025482177734375,0.0054931640625,0.01194000244140625,0.0295257568359375,0.0110626220703125,0.017547607421875,0.010223388671875,0.0060272216796875,0.0289154052734375,0.091705322265625,0.098114013671875,0.09857177734375,0.094451904296875,0.085906982421875,0.09857177734375,0.096282958984375,0.093994140625,0.0213623046875,0.1123046875,0.102996826171875,0.095367431640625,0.5316162109375,0.63140869140625,-0.43853759765625,0.670166015625,9.24292278289795
695,0.6025000000000003,-0.0,-0.0,-0.0,-0.0,-0.0,-0.0,-1.8353413343429565,0.08913040161132812,-782.9324340820312,-246791.5,30021.033203125,111.91825103759766,-0.0,-0.0,-0.0,-0.0,-0.0,-0.0,-0.0,-0.0,-0.0,-0.0,-0.0,-0.0,0.00545501708984375,0.00301361083984375,0.00091552734375,0.00202178955078125,0.00202178955078125,0.0048065185546875,0.00484466552734375,0.005950927734375,0.0025177001953125,0.0023651123046875,0.02239227294921875,0.00072479248046875,0.01949310302734375,0.0019073486328125,0.00049591064453125,0.00301361083984375,0.0994873046875,0.0946044921875,0.098114013671875,0.100555419921875,0.115966796875,0.097808837890625,0.093231201171875,0.100250244140625,0.087432861328125,0.099945068359375,0.098419189453125,0.102386474609375,0.93963623046875,3.1884765625,-0.2154541015625,3.19061279296875,9.852691650390625
696,0.6030000000000003,-0.0,-0.0,-0.0,-0.0,-0.0,-0.0,-1.4273681640625,0.16130974888801575,-782.2935791015625,-246609.453125,30022.009765625,77.09587097167969,-0.0,-0.0,-0.0,-0.0,-0.0,-0.0,-0.0,-0.0,-0.0,-0.0,-0.0,-0.0,-0.0070953369140625,-0.007781982421875,-0.012664794921875,-0.01575469970703125,-0.01094818115234375,-0.01583099365234375,-0.00843048095703125,-0.02410888671875,-0.0081634521484375,-0.0133514404296875,-0.02559661865234375,-0.01361846923828125,-0.0110626220703125,-0.012054443359375,-0.00690460205078125,-0.0289154052734375,0.10528564453125,0.100555419921875,0.092315673828125,0.09674072265625,0.0994873046875,0.098114013671875,0.099334716796875,0.096893310546875,0.04302978515625,0.074310302734375,0.09521484375,0.101165771484375,-0.52276611328125,-0.20172119140625,0.4962158203125,-0.181884765625,-1.1231448650360107
697,0.6035000000000004,-0.0,-0.0,-0.0,-0.0,-0.0,-0.0,-1.0245896577835083,0.6191734075546265,-782.579833984375,-246055.265625,29622.703125,11.838178634643555,-0.0,-0.0,-0.0,-0.0,-0.0,-0.0,-0.0,-0.0,-0.0,-0.0,-0.0,-0.0,-0.00225067138671875,-0.0011444091796875,-0.0006103515625,-0.0025177001953125,-0.0012969970703125,-0.002899169921875,-0.00576019287109375,-0.00507354736328125,0.00026702880859375,-0.00392913818359375,-0.02140045166015625,-0.0008392333984375,-0.01712799072265625,-0.00156402587890625,0.00049591064453125,-0.004119873046875,0.09857177734375,0.101165771484375,0.10162353515625,0.099029541015625,0.100555419921875,0.0933837890625,0.09765625,0.098114013671875,-0.01312255859375,0.108795166015625,0.09796142578125,0.1019287109375,-0.77178955078125,-3.00689697265625,0.43731689453125,-2.85491943359375,-1.4280292987823486
698,0.6040000000000003,-0.0,-0.0,-0.0,-0.0,-0.0,-0.0,-1.1260793209075928,0.7079806923866272,-782.7799682617188,-246047.9375,29477.109375,-106.73341369628906,-0.0,-0.0,-0.0,-0.0,-0.0,-0.0,-0.0,-0.0,-0.0,-0.0,-0.0,-0.0,0.0099945068359375,0.00820159912109375,0.01461029052734375,0.01773834228515625,0.013275146484375,0.01743316650390625,0.01033782958984375,0.02349853515625,0.00858306884765625,0.01373291015625,0.02838134765625,0.0138092041015625,0.0152587890625,0.010833740234375,0.0048828125,0.03086090087890625,0.102081298828125,0.09552001953125,0.101318359375,0.09674072265625,0.092010498046875,0.10040283203125,0.098114013671875,0.09521484375,0.12359619140625,0.14129638671875,0.098114013671875,0.088958740234375,0.819854736328125,0.57861328125,-0.23162841796875,0.70159912109375,7.108732223510742
699,0.6045000000000003,-0.0,-0.0,-0.0,-0.0,-0.0,-0.0,-0.607722282409668,0.6908577084541321,-780.0865478515625,-245654.5625,29005.2890625,-227.72584533691406,-0.0,-0.0,-0.0,-0.0,-0.0,-0.0,-0.0,-0.0,-0.0,-0.0,-0.0,-0.0,0.00545501708984375,0.0028228759765625,0.00125885009765625,0.0026702880859375,0.00194549560546875,0.00461578369140625,0.0045013427734375,0.00614166259765625,-0.0002288818359375,0.003204345703125,0.02033233642578125,3.814697265625e-05,0.02056121826171875,0.00095367431640625,-7.62939453125e-05,0.00423431396484375,0.100250244140625,0.10528564453125,0.110626220703125,0.105743408203125,0.095672607421875,0.100860595703125,0.098419189453125,0.098876953125,0.322265625,0.11688232421875,0.10772705078125,0.088043212890625,1.05194091796875,3.18511962890625,-0.49835205078125,3.2098388671875,11.681997299194336
700,0.6050000000000003,-0.0,-0.0,-0.0,-0.0,-0.0,-0.0,-0.7528351545333862,1.15292227268219,-781.16796875,-244986.359375,28751.06640625,-433.9195861816406,-0.0,-0.0,-0.0,-0.0,-0.0,-0.0,-0.0,-0.0,-0.0,-0.0,-0.0,-0.0,-0.00774383544921875,-0.00934600830078125,-0.01285552978515625,-0.01850128173828125,-0.01079559326171875,-0.0177001953125,-0.00545501708984375,-0.0244140625,-0.00621795654296875,-0.0122833251953125,-0.024871826171875,-0.0128936767578125,-0.01361846923828125,-0.00957489013671875,-0.00640869140625,-0.0279998779296875,0.093994140625,0.09735107421875,0.094757080078125,0.10345458984375,0.09063720703125,0.0946044921875,0.094757080078125,0.095977783203125,0.132293701171875,0.117645263671875,0.103759765625,0.087432861328125,-0.336761474609375,-0.24169921875,0.29296875,-0.288543701171875,-2.342682361602783
701,0.6055000000000004,-0.0,-0.0,-0.0,-0.0,-0.0,-0.0,0.1058204248547554,1.5318118333816528,-781.1024780273438,-245367.203125,28661.529296875,-450.31353759765625,-0.0,-0.0,-0.0,-0.0,-0.0,-0.0,-0.0,-0.0,-0.0,-0.0,-0.0,-0.0,-0.003662109375,-0.00194549560546875,-0.00095367431640625,-0.00194549560546875,-0.00087738037109375,-0.00461578369140625,-0.00560760498046875,-0.00423431396484375,0.0006103515625,-0.005340576171875,-0.02166748046875,0.0012969970703125,-0.01934051513671875,-0.00293731689453125,0.00064849853515625,-0.003204345703125,0.097808837890625,0.095367431640625,0.0946044921875,0.0970458984375,0.101470947265625,0.098724365234375,0.096588134765625,0.096893310546875,-0.02349853515625,0.153045654296875,0.093536376953125,0.1055908203125,-1.0491943359375,-3.01025390625,0.6927490234375,-2.8826904296875,0.40127673745155334
702,0.6060000000000003,-0.0,-0.0,-0.0,-0.0,-0.0,-0.0,0.34030577540397644,1.7430418729782104,-781.8095092773438,-244995.390625,28760.83203125,-410.1916809082031,-0.0,-0.0,-0.0,-0.0,-0.0,-0.0,-0.0,-0.0,-0.0,-0.0,-0.0,-0.0,0.0080108642578125,0.0090789794921875,0.01300811767578125,0.0177001953125,0.0133514404296875,0.01369476318359375,0.00835418701171875,0.02498626708984375,0.008392333984375,0.01232147216796875,0.0289154052734375,0.0135040283203125,0.0164794921875,0.01064300537109375,0.00499725341796875,0.02918243408203125,0.098419189453125,0.100860595703125,0.096588134765625,0.099029541015625,0.1116943359375,0.09918212890625,0.0970458984375,0.096893310546875,-0.1898193359375,0.063934326171875,0.097198486328125,0.10498046875,0.74005126953125,0.57464599609375,-0.1104736328125,0.778656005859375,11.07222843170166
703,0.6065000000000003,-0.0,-0.0,-0.0,-0.0,-0.0,-0.0,0.7699499130249023,1.9279537200927734,-782.03271484375,-244711.4375,28374.228515625,-522.7317504882812,-0.0,-0.0,-0.0,-0.0,-0.0,-0.0,-0.0,-0.0,-0.0,-0.0,-0.0,-0.0,0.0061798095703125,0.00400543212890625,0.00213623046875,0.0032806396484375,0.0018310546875,0.00362396240234375,0.0055694580078125,0.0054931640625,0.002593994140625,0.00431060791015625,0.020751953125,-0.00019073486328125,0.01956939697265625,0.0031280517578125,0.0005340576171875,0.00431060791015625,0.1007080078125,0.10040283203125,0.0946044921875,0.09674072265625,0.116729736328125,0.099029541015625,0.107574462890625,0.103759765625,0.045623779296875,0.05401611328125,0.095672607421875,0.0994873046875,1.21795654296875,3.20526123046875,-0.338134765625,3.14544677734375,11.07222843170166
704,0.6070000000000003,-0.0,-0.0,-0.0,-0.0,-0.0,-0.0,0.8684742450714111,2.3010103702545166,-781.0755615234375,-244977.875,28241.2734375,-607.0491943359375,-0.0,-0.0,-0.0,-0.0,-0.0,-0.0,-0.0,-0.0,-0.0,-0.0,-0.0,-0.0,-0.0101470947265625,-0.00926971435546875,-0.01277923583984375,-0.01735687255859375,-0.0121307373046875,-0.0160980224609375,-0.008544921875,-0.02559661865234375,-0.0067138671875,-0.0152587890625,-0.027313232421875,-0.01300811767578125,-0.0160980224609375,-0.0102996826171875,-0.0048065185546875,-0.02960205078125,0.099334716796875,0.104522705078125,0.095062255859375,0.09796142578125,0.09552001953125,0.096435546875,0.092010498046875,0.09033203125,0.251007080078125,0.081634521484375,0.100250244140625,0.095367431640625,-0.796356201171875,-0.47271728515625,0.18951416015625,-0.48797607421875,0.09639240801334381
705,0.6075000000000004,-0.0,-0.0,-0.0,-0.0,-0.0,-0.0,1.5165786743164062,2.195645809173584,-781.6517944335938,-244610.859375,28150.15625,-716.4480590820312,-0.0,-0.0,-0.0,-0.0,-0.0,-0.0,-0.0,-0.0,-0.0,-0.0,-0.0,-0.0,-0.0034332275390625,-0.00102996826171875,-0.00087738037109375,-0.00278472900390625,-0.00152587890625,-0.00362396240234375,-0.00232696533203125,-0.004425048828125,-0.0030517578125,-0.00579833984375,-0.02044677734375,0.0009918212890625,-0.01720428466796875,-0.00148773193359375,-0.0003814697265625,-0.0052642822265625,0.09521484375,0.09857177734375,0.098876953125,0.10406494140625,0.10040283203125,0.09796142578125,0.09307861328125,0.0921630859375,0.047760009765625,0.1104736328125,0.0982666015625,0.09674072265625,-0.776824951171875,-2.99774169921875,0.5902099609375,-2.87933349609375,-4.78175687789917
706,0.6080000000000003,-0.0,-0.0,-0.0,-0.0,-0.0,-0.0,1.8571637868881226,2.0095958709716797,-781.587158203125,-244550.359375,27977.7421875,-923.9108276367188,-0.0,-0.0,-0.0,-0.0,-0.0,-0.0,-0.0,-0.0,-0.0,-0.0,-0.0,-0.0,0.0104522705078125,0.00736236572265625,0.0140380859375,0.01720428466796875,0.0128173828125,0.016326904296875,0.01102447509765625,0.02414703369140625,0.009765625,0.0159454345703125,0.0293731689453125,0.01522064208984375,0.01575469970703125,0.0118255615234375,0.00385284423828125,0.031585693359375,0.100250244140625,0.099639892578125,0.097198486328125,0.096893310546875,0.09613037109375,0.102386474609375,0.096282958984375,0.0958251953125,0.10040283203125,0.128936767578125,0.104522705078125,0.099639892578125,1.35498046875,0.83160400390625,-0.0518798828125,0.79376220703125,7.413616180419922
707,0.6085000000000003,-0.0,-0.0,-0.0,-0.0,-0.0,-0.0,2.132739543914795,2.5686166286468506,-781.4261474609375,-244822.0625,27511.9453125,-934.1838989257812,-0.0,-0.0,-0.0,-0.0,-0.0,-0.0,-0.0,-0.0,-0.0,-0.0,-0.0,-0.0,0.00396728515625,0.00217437744140625,0.00270843505859375,0.0022125244140625,0.00293731689453125,0.001373291015625,0.0040435791015625,0.00820159912109375,0.00217437744140625,0.00377655029296875,0.0203704833984375,0.0003814697265625,0.01514434814453125,0.003662109375,0.00156402587890625,0.005340576171875,0.09979248046875,0.100860595703125,0.100860595703125,0.0933837890625,0.10528564453125,0.099945068359375,0.099639892578125,0.093536376953125,0.03692626953125,0.06256103515625,0.0994873046875,0.09857177734375,0.972747802734375,3.20953369140625,-0.48828125,2.8814697265625,8.93803882598877
708,0.6090000000000003,-0.0,-0.0,-0.0,-0.0,-0.0,-0.0,1.848670482635498,2.333491086959839,-782.1956176757812,-244759.046875,27753.09375,-905.061279296875,-0.0,-0.0,-0.0,-0.0,-0.0,-0.0,-0.0,-0.0,-0.0,-0.0,-0.0,-0.0,-0.00926971435546875,-0.0093841552734375,-0.0138092041015625,-0.01613616943359375,-0.01262664794921875,-0.01544952392578125,-0.01010894775390625,-0.02178192138671875,-0.0081634521484375,-0.0115203857421875,-0.0262451171875,-0.01422882080078125,-0.01270294189453125,-0.0122833251953125,-0.00274658203125,-0.03002166748046875,0.098876953125,0.09429931640625,0.093841552734375,0.0885009765625,0.0994873046875,0.093536376953125,0.094757080078125,0.09429931640625,-0.027008056640625,0.095062255859375,0.10040283203125,0.093231201171875,-0.30426025390625,-0.4296875,0.3106689453125,-0.622406005859375,-1.732913613319397
709,0.6095000000000004,-0.0,-0.0,-0.0,-0.0,-0.0,-0.0,2.726428270339966,2.6418638229370117,-782.00390625,-244439.671875,27730.296875,-1024.955810546875,-0.0,-0.0,-0.0,-0.0,-0.0,-0.0,-0.0,-0.0,-0.0,-0.0,-0.0,-0.0,-0.00278472900390625,-0.00064849853515625,-0.00370025634765625,-0.00255584716796875,-0.0032806396484375,-0.00301361083984375,-0.0026702880859375,-0.0052642822265625,-0.00080108642578125,-0.00728607177734375,-0.0220489501953125,-0.00186920166015625,-0.01636505126953125,-0.00171661376953125,-0.000152587890625,-0.0049591064453125,0.0946044921875,0.099945068359375,0.1007080078125,0.101776123046875,0.0994873046875,0.098114013671875,0.099639892578125,0.106201171875,0.142822265625,0.116729736328125,0.103759765625,0.0897216796875,-1.06597900390625,-3.01513671875,0.7269287109375,-2.895050048828125,-0.8182606101036072
710,0.6100000000000003,-0.0,-0.0,-0.0,-0.0,-0.0,-0.0,3.0425429344177246,2.6898627281188965,-781.2971801757812,-244706.828125,27361.96484375,-1078.36767578125,-0.0,-0.0,-0.0,-0.0,-0.0,-0.0,-0.0,-0.0,-0.0,-0.0,-0.0,-0.0,0.0077056884765625,0.0090789794921875,0.0139617919921875,0.01800537109375,0.012969970703125,0.0154876708984375,0.01010894775390625,0.02216339111328125,0.00759124755859375,0.00942230224609375,0.0246429443359375,0.01300811767578125,0.01834869384765625,0.01068115234375,0.00659942626953125,0.02948760986328125,0.095977783203125,0.10101318359375,0.102081298828125,0.10650634765625,0.097503662109375,0.09857177734375,0.1007080078125,0.0872802734375,0.052337646484375,0.048065185546875,0.098724365234375,0.10162353515625,0.442047119140625,0.19134521484375,-0.06591796875,0.855712890625,12.291766166687012
711,0.6105000000000003,-0.0,-0.0,-0.0,-0.0,-0.0,-0.0,2.8962454795837402,3.3075246810913086,-782.0033569335938,-244540.96875,27402.345703125,-989.0781860351562,-0.0,-0.0,-0.0,-0.0,-0.0,-0.0,-0.0,-0.0,-0.0,-0.0,-0.0,-0.0,0.00377655029296875,0.002899169921875,0.0030517578125,0.00461578369140625,0.0031280517578125,0.0037384033203125,0.0023651123046875,0.00576019287109375,0.00225067138671875,0.00518798828125,0.0231170654296875,-0.00156402587890625,0.0171661376953125,0.00133514404296875,0.00186920166015625,0.006103515625,0.101776123046875,0.098419189453125,0.0982666015625,0.10467529296875,0.1007080078125,0.089874267578125,0.095367431640625,0.09521484375,0.099639892578125,0.082550048828125,0.09613037109375,0.099334716796875,0.855865478515625,3.2452392578125,-0.4742431640625,2.95440673828125,9.852691650390625
712,0.6110000000000003,-0.0,-0.0,-0.0,-0.0,-0.0,-0.0,2.6345736980438232,3.543684959411621,-780.3623657226562,-244701.3125,27423.728515625,-1050.485107421875,-0.0,-0.0,-0.0,-0.0,-0.0,-0.0,-0.0,-0.0,-0.0,-0.0,-0.0,-0.0,-0.00698089599609375,-0.0093841552734375,-0.01163482666015625,-0.016937255859375,-0.01194000244140625,-0.01514434814453125,-0.00690460205078125,-0.023651123046875,-0.008392333984375,-0.01125335693359375,-0.0251007080078125,-0.01583099365234375,-0.0139617919921875,-0.01190185546875,-0.003204345703125,-0.02971649169921875,0.0994873046875,0.10009765625,0.096435546875,0.096282958984375,0.0555419921875,0.093536376953125,0.101470947265625,0.10498046875,0.16815185546875,0.1702880859375,0.097198486328125,0.09918212890625,-0.293426513671875,-0.13702392578125,0.2972412109375,-0.272979736328125,-1.1231448650360107
713,0.6115000000000004,-0.0,-0.0,-0.0,-0.0,-0.0,-0.0,2.7708160877227783,2.6477255821228027,-781.2340087890625,-244216.8125,27726.888671875,-944.6068725585938,-0.0,-0.0,-0.0,-0.0,-0.0,-0.0,-0.0,-0.0,-0.0,-0.0,-0.0,-0.0,-0.0028228759765625,-0.00095367431640625,-0.0014495849609375,-0.003509521484375,-0.002288818359375,-0.0045013427734375,-0.0046539306640625,-0.00667572021484375,-0.00030517578125,-0.00438690185546875,-0.022735595703125,-0.00118255615234375,-0.0173187255859375,-0.00102996826171875,0.00030517578125,-0.0063323974609375,0.101165771484375,0.106964111328125,0.099029541015625,0.09857177734375,0.147705078125,0.104217529296875,0.089874267578125,0.09979248046875,0.008697509765625,0.04241943359375,0.098876953125,0.111846923828125,-0.882110595703125,-3.01483154296875,0.6170654296875,-2.73468017578125,-10.269674301147461
714,0.6120000000000003,-0.0,-0.0,-0.0,-0.0,-0.0,-0.0,2.796898126602173,2.154801845550537,-781.443603515625,-244283.21875,27669.84765625,-857.2476196289062,-0.0,-0.0,-0.0,-0.0,-0.0,-0.0,-0.0,-0.0,-0.0,-0.0,-0.0,-0.0,0.00988006591796875,0.009765625,0.0131988525390625,0.0156402587890625,0.0130462646484375,0.01590728759765625,0.0087738037109375,0.02399444580078125,0.00885009765625,0.01399993896484375,0.0296783447265625,0.010223388671875,0.015106201171875,0.011444091796875,0.00476837158203125,0.030670166015625,0.098419189453125,0.1043701171875,0.09796142578125,0.09674072265625,0.12237548828125,0.0982666015625,0.0994873046875,0.100860595703125,0.18218994140625,0.07171630859375,0.091552734375,0.09918212890625,0.857086181640625,0.76202392578125,-0.6341552734375,0.6842041015625,8.93803882598877
715,0.6125000000000003,-0.0,-0.0,-0.0,-0.0,-0.0,-0.0,2.5871047973632812,1.860581874847412,-779.5299072265625,-244277.359375,27781.26171875,-904.1771850585938,-0.0,-0.0,-0.0,-0.0,-0.0,-0.0,-0.0,-0.0,-0.0,-0.0,-0.0,-0.0,0.0043487548828125,0.0031280517578125,0.0016021728515625,0.00274658203125,0.00274658203125,0.00461578369140625,0.00537872314453125,0.00701904296875,0.00217437744140625,0.003814697265625,0.02277374267578125,-0.0008392333984375,0.01575469970703125,0.00469207763671875,-0.0009918212890625,0.00530242919921875,0.096588134765625,0.09429931640625,0.095977783203125,0.10894775390625,0.09246826171875,0.101165771484375,0.097503662109375,0.098724365234375,0.07904052734375,0.09368896484375,0.09765625,0.090789794921875,1.044158935546875,3.2147216796875,-0.48828125,2.505950927734375,9.547806739807129
716,0.6130000000000003,-0.0,-0.0,-0.0,-0.0,-0.0,-0.0,3.029097557067871,1.0155528783798218,-778.0259399414062,-244429.8125,27596.66015625,-799.6568603515625,-0.0,-0.0,-0.0,-0.0,-0.0,-0.0,-0.0,-0.0,-0.0,-0.0,-0.0,-0.0,-0.0098419189453125,-0.00766754150390625,-0.01323699951171875,-0.0160980224609375,-0.01201629638671875,-0.01453399658203125,-0.0079345703125,-0.02529144287109375,-0.008392333984375,-0.0107574462890625,-0.02544403076171875,-0.01232147216796875,-0.01491546630859375,-0.01140594482421875,-0.00301361083984375,-0.03093719482421875,0.092926025390625,0.096588134765625,0.098876953125,0.096893310546875,0.09002685546875,0.096282958984375,0.11444091796875,0.098419189453125,0.029754638671875,0.133209228515625,0.090789794921875,0.0958251953125,-0.43609619140625,-0.1263427734375,0.5670166015625,-0.563812255859375,5.584310531616211
717,0.6135000000000004,-0.0,-0.0,-0.0,-0.0,-0.0,-0.0,2.8392679691314697,1.4224895238876343,-780.7440795898438,-244545.140625,27546.625,-739.564453125,-0.0,-0.0,-0.0,-0.0,-0.0,-0.0,-0.0,-0.0,-0.0,-0.0,-0.0,-0.0,-0.0016021728515625,-0.00186920166015625,-0.00263214111328125,-0.00335693359375,-0.00133514404296875,-0.00274658203125,-0.00324249267578125,-0.00598907470703125,-0.00255584716796875,-0.00469207763671875,-0.0235748291015625,0.00095367431640625,-0.01186370849609375,-0.001373291015625,-0.00091552734375,-0.0054931640625,0.1043701171875,0.093841552734375,0.095062255859375,0.097198486328125,0.096282958984375,0.09796142578125,0.101165771484375,0.093994140625,0.111236572265625,0.073089599609375,0.102691650390625,0.10284423828125,-0.67291259765625,-3.040771484375,0.9442138671875,-2.382659912109375,-2.647566556930542
718,0.6140000000000003,-0.0,-0.0,-0.0,-0.0,-0.0,-0.0,2.1442108154296875,0.7008179426193237,-780.2354125976562,-244784.015625,27730.728515625,-556.6000366210938,-0.0,-0.0,-0.0,-0.0,-0.0,-0.0,-0.0,-0.0,-0.0,-0.0,-0.0,-0.0,0.008544921875,0.0101470947265625,0.01178741455078125,0.018310546875,0.0102996826171875,0.016937255859375,0.00881195068359375,0.02468109130859375,0.00835418701171875,0.0127410888671875,0.0272369384765625,0.00972747802734375,0.01861572265625,0.0102996826171875,0.0066375732421875,0.0296783447265625,0.1007080078125,0.10162353515625,0.099334716796875,0.093841552734375,0.084991455078125,0.102386474609375,0.098876953125,0.095672607421875,0.09796142578125,0.102996826171875,0.09552001953125,0.09063720703125,0.65093994140625,0.526123046875,-0.4473876953125,0.911407470703125,9.852691650390625
719,0.6145000000000003,-0.0,-0.0,-0.0,-0.0,-0.0,-0.0,2.3194732666015625,1.0821095705032349,-781.8190307617188,-245087.921875,27683.369140625,-560.324462890625,-0.0,-0.0,-0.0,-0.0,-0.0,-0.0,-0.0,-0.0,-0.0,-0.0,-0.0,-0.0,0.0040435791015625,0.00438690185546875,0.00362396240234375,0.00415802001953125,0.0019073486328125,0.00408172607421875,0.00385284423828125,0.00789642333984375,0.00324249267578125,0.006866455078125,0.0235748291015625,-0.0019073486328125,0.01216888427734375,0.0029754638671875,0.00019073486328125,0.0070953369140625,0.100250244140625,0.09765625,0.097503662109375,0.09063720703125,0.055694580078125,0.1043701171875,0.097198486328125,0.101318359375,0.083160400390625,0.15350341796875,0.098114013671875,0.098419189453125,1.1602783203125,3.216552734375,-0.48248291015625,2.404022216796875,9.547806739807129
720,0.6150000000000003,-0.0,-0.0,-0.0,-0.0,-0.0,-0.0,1.9626312255859375,0.5781934857368469,-780.46728515625,-245630.125,28024.591796875,-467.13623046875,-0.0,-0.0,-0.0,-0.0,-0.0,-0.0,-0.0,-0.0,-0.0,-0.0,-0.0,-0.0,-0.008392333984375,-0.00942230224609375,-0.01255035400390625,-0.018463134765625,-0.0116729736328125,-0.01514434814453125,-0.00881195068359375,-0.02185821533203125,-0.0075531005859375,-0.0103759765625,-0.0262451171875,-0.0128173828125,-0.0167083740234375,-0.0099945068359375,-0.0041961669921875,-0.029144287109375,0.103607177734375,0.099334716796875,0.098114013671875,0.103759765625,0.076446533203125,0.09796142578125,0.10101318359375,0.09918212890625,0.117645263671875,0.121612548828125,0.1043701171875,0.10040283203125,-0.3546142578125,-0.16845703125,0.2020263671875,-0.504913330078125,-1.1231448650360107
721,0.6155000000000004,-0.0,-0.0,-0.0,-0.0,-0.0,-0.0,2.393503189086914,-0.5784119963645935,-780.4675903320312,-246022.9375,28430.5,-249.3244171142578,-0.0,-0.0,-0.0,-0.0,-0.0,-0.0,-0.0,-0.0,-0.0,-0.0,-0.0,-0.0,-0.00362396240234375,-0.0016021728515625,-0.00194549560546875,-0.002288818359375,-0.00274658203125,-0.00591278076171875,-0.005645751953125,-0.0067901611328125,-0.00164031982421875,-0.00629425048828125,-0.02056121826171875,-0.00041961669921875,-0.01613616943359375,-0.00446319580078125,-0.001220703125,-0.00461578369140625,0.09796142578125,0.100555419921875,0.101318359375,0.099945068359375,0.176544189453125,0.10101318359375,0.093536376953125,0.09002685546875,0.080108642578125,0.0439453125,0.089569091796875,0.10223388671875,-0.99151611328125,-3.023681640625,0.68878173828125,-2.7398681640625,-4.78175687789917
722,0.6160000000000003,-0.0,-0.0,-0.0,-0.0,-0.0,-0.0,2.065471887588501,-0.9200243949890137,-779.9468994140625,-246407.390625,28500.939453125,-78.60047912597656,-0.0,-0.0,-0.0,-0.0,-0.0,-0.0,-0.0,-0.0,-0.0,-0.0,-0.0,-0.0,0.00690460205078125,0.00972747802734375,0.01331329345703125,0.016937255859375,0.01354217529296875,0.0128173828125,0.01056671142578125,0.02376556396484375,0.00858306884765625,0.01033782958984375,0.0274658203125,0.01209259033203125,0.0177001953125,0.01251220703125,0.00518798828125,0.02986907958984375,0.09857177734375,0.099639892578125,0.09552001953125,0.09674072265625,0.135650634765625,0.098724365234375,0.089111328125,0.09552001953125,-0.15380859375,0.083770751953125,0.098419189453125,0.098114013671875,0.272064208984375,0.57403564453125,-0.4217529296875,0.952911376953125,9.547806739807129
723,0.6165000000000003,-0.0,-0.0,-0.0,-0.0,-0.0,-0.0,1.0865862369537354,-1.0104846954345703,-781.8213500976562,-246740.5,28454.974609375,86.62737274169922,-0.0,-0.0,-0.0,-0.0,-0.0,-0.0,-0.0,-0.0,-0.0,-0.0,-0.0,-0.0,0.0046539306640625,0.00347137451171875,0.00400543212890625,0.00347137451171875,0.00156402587890625,0.005035400390625,0.00514984130859375,0.0081634521484375,0.00213623046875,0.00705718994140625,0.02208709716796875,0.00164031982421875,0.0141143798828125,0.00263214111328125,0.00308990478515625,0.0070953369140625,0.093841552734375,0.09979248046875,0.09979248046875,0.1007080078125,0.0701904296875,0.102081298828125,0.11260986328125,0.102386474609375,0.270233154296875,0.12786865234375,0.105133056640625,0.094757080078125,0.93994140625,3.2135009765625,-0.421142578125,2.752685546875,7.413616180419922
724,0.6170000000000003,-0.0,-0.0,-0.0,-0.0,-0.0,-0.0,1.0399423837661743,-1.8274905681610107,-780.5869750976562,-247118.328125,29117.986328125,358.9658203125,-0.0,-0.0,-0.0,-0.0,-0.0,-0.0,-0.0,-0.0,-0.0,-0.0,-0.0,-0.0,-0.00579833984375,-0.010528564453125,-0.0121307373046875,-0.0177001953125,-0.010528564453125,-0.0167083740234375,-0.0083160400390625,-0.02513885498046875,-0.00774383544921875,-0.01186370849609375,-0.02696990966796875,-0.0136566162109375,-0.01308441162109375,-0.0102996826171875,-0.0042724609375,-0.02960205078125,0.097808837890625,0.09735107421875,0.091094970703125,0.098876953125,0.03814697265625,0.097503662109375,0.099029541015625,0.113677978515625,0.060272216796875,0.18157958984375,0.10284423828125,0.097503662109375,-0.533905029296875,-0.43975830078125,0.55877685546875,-0.417327880859375,4.974541664123535
725,0.6175000000000004,-0.0,-0.0,-0.0,-0.0,-0.0,-0.0,0.4162573218345642,-2.7928109169006348,-779.2911987304688,-247331.46875,29208.146484375,504.4971618652344,-0.0,-0.0,-0.0,-0.0,-0.0,-0.0,-0.0,-0.0,-0.0,-0.0,-0.0,-0.0,-0.0029754638671875,-0.0035858154296875,-0.00278472900390625,-0.0025177001953125,-0.00186920166015625,-0.0032806396484375,-0.00743865966796875,-0.0069427490234375,-0.00080108642578125,-0.00232696533203125,-0.022430419921875,-0.00156402587890625,-0.01689910888671875,-0.0030517578125,-0.00080108642578125,-0.00736236572265625,0.104522705078125,0.102691650390625,0.099639892578125,0.0933837890625,0.13702392578125,0.098114013671875,0.097503662109375,0.099334716796875,0.165557861328125,-0.01495361328125,0.09857177734375,0.10498046875,-0.62774658203125,-3.0096435546875,0.39306640625,-2.6904296875,-1.4280292987823486
726,0.6180000000000003,-0.0,-0.0,-0.0,-0.0,-0.0,-0.0,0.6244735717773438,-3.818063259124756,-779.2323608398438,-247372.484375,29485.162109375,747.3005981445312,-0.0,-0.0,-0.0,-0.0,-0.0,-0.0,-0.0,-0.0,-0.0,-0.0,-0.0,-0.0,0.00911712646484375,0.01010894775390625,0.013885498046875,0.0165557861328125,0.01346588134765625,0.0157928466796875,0.01010894775390625,0.0244140625,0.0083160400390625,0.013885498046875,0.02727508544921875,0.01270294189453125,0.01659393310546875,0.01026153564453125,0.0066375732421875,0.0278472900390625,0.100250244140625,0.095977783203125,0.097503662109375,0.093994140625,0.1141357421875,0.0970458984375,0.096282958984375,0.099639892578125,0.1104736328125,0.06500244140625,0.0909423828125,0.096282958984375,0.778961181640625,0.521240234375,-0.228271484375,0.88592529296875,9.24292278289795
727,0.6185000000000003,-0.0,-0.0,-0.0,-0.0,-0.0,-0.0,0.34208211302757263,-4.307102203369141,-778.3475952148438,-248130.75,29742.890625,927.30419921875,-0.0,-0.0,-0.0,-0.0,-0.0,-0.0,-0.0,-0.0,-0.0,-0.0,-0.0,-0.0,0.00339508056640625,0.00179290771484375,0.0031280517578125,0.00396728515625,0.001983642578125,0.00713348388671875,0.006103515625,0.00823974609375,0.00019073486328125,0.00690460205078125,0.0232696533203125,0.000762939453125,0.01827239990234375,0.0037384033203125,0.0029754638671875,0.00736236572265625,0.100555419921875,0.10162353515625,0.102081298828125,0.0982666015625,0.106658935546875,0.10101318359375,0.091400146484375,0.100555419921875,0.082855224609375,0.091552734375,0.09796142578125,0.09552001953125,1.265716552734375,3.21441650390625,-0.386962890625,2.974700927734375,10.4624605178833
728,0.6190000000000003,-0.0,-0.0,-0.0,-0.0,-0.0,-0.0,-0.2687469720840454,-5.971736907958984,-780.0000610351562,-248831.96875,29963.5703125,916.140869140625,-0.0,-0.0,-0.0,-0.0,-0.0,-0.0,-0.0,-0.0,-0.0,-0.0,-0.0,-0.0,-0.008544921875,-0.00865936279296875,-0.01316070556640625,-0.0153350830078125,-0.0115966796875,-0.017852783203125,-0.00732421875,-0.0246429443359375,-0.00675201416015625,-0.0136566162109375,-0.02483367919921875,-0.01399993896484375,-0.018768310546875,-0.0091552734375,-0.00644683837890625,-0.02742767333984375,0.096282958984375,0.0982666015625,0.093994140625,0.10223388671875,0.08758544921875,0.09429931640625,0.096282958984375,0.092315673828125,-0.04730224609375,0.09490966796875,0.09918212890625,0.09796142578125,-0.477294921875,-0.2752685546875,0.4290771484375,-0.811920166015625,-1.4280292987823486
729,0.6195000000000004,-0.0,-0.0,-0.0,-0.0,-0.0,-0.0,-0.5806448459625244,-6.9813642501831055,-780.886962890625,-248973.25,29994.376953125,1105.6524658203125,-0.0,-0.0,-0.0,-0.0,-0.0,-0.0,-0.0,-0.0,-0.0,-0.0,-0.0,-0.0,-0.00377655029296875,-0.0014495849609375,-0.0022125244140625,-0.00396728515625,-0.0028228759765625,-0.00507354736328125,-0.00545501708984375,-0.007476806640625,-0.00202178955078125,-0.0041961669921875,-0.0225067138671875,-0.00041961669921875,-0.01964569091796875,-0.00274658203125,-0.00240325927734375,-0.0069427490234375,0.1043701171875,0.10711669921875,0.100250244140625,0.102081298828125,0.1031494140625,0.09918212890625,0.10040283203125,0.103912353515625,0.13702392578125,0.1153564453125,0.1007080078125,0.1055908203125,-0.703887939453125,-3.03009033203125,0.6512451171875,-2.742156982421875,-3.5622196197509766
730,0.6200000000000003,-0.0,-0.0,-0.0,-0.0,-0.0,-0.0,-0.11830060929059982,-7.887071132659912,-782.3511352539062,-250507.046875,30003.35546875,1285.6517333984375,-0.0,-0.0,-0.0,-0.0,-0.0,-0.0,-0.0,-0.0,-0.0,-0.0,-0.0,-0.0,0.00728607177734375,0.009613037109375,0.01373291015625,0.01865386962890625,0.01087188720703125,0.01739501953125,0.0095367431640625,0.0238037109375,0.00736236572265625,0.0113677978515625,0.026702880859375,0.012054443359375,0.01895904541015625,0.01026153564453125,0.00560760498046875,0.0299835205078125,0.09613037109375,0.102386474609375,0.0927734375,0.093841552734375,0.098419189453125,0.0946044921875,0.0927734375,0.102081298828125,0.02471923828125,0.10467529296875,0.09552001953125,0.098419189453125,0.605010986328125,0.5426025390625,-0.169677734375,1.0235595703125,8.633153915405273
731,0.6205000000000003,-0.0,-0.0,-0.0,-0.0,-0.0,-0.0,-0.132613405585289,-9.493589401245117,-786.40771484375,-251133.96875,29956.494140625,1269.461669921875,-0.0,-0.0,-0.0,-0.0,-0.0,-0.0,-0.0,-0.0,-0.0,-0.0,-0.0,-0.0,0.00270843505859375,0.00263214111328125,0.00331878662109375,0.0045013427734375,0.00270843505859375,0.0052642822265625,0.0074005126953125,0.00812530517578125,0.00118255615234375,0.0042724609375,0.02384185791015625,0.00087738037109375,0.019073486328125,0.004119873046875,0.00186920166015625,0.00774383544921875,0.09918212890625,0.0958251953125,0.0970458984375,0.09613037109375,0.0933837890625,0.10009765625,0.10162353515625,0.10711669921875,0.14129638671875,0.10040283203125,0.094757080078125,0.0946044921875,0.7672119140625,3.22357177734375,-0.32958984375,2.90618896484375,6.1940789222717285
732,0.6210000000000003,-0.0,-0.0,-0.0,-0.0,-0.0,-0.0,-0.47764915227890015,-8.941821098327637,-786.7708740234375,-251760.421875,30369.458984375,1240.798095703125,-0.0,-0.0,-0.0,-0.0,-0.0,-0.0,-0.0,-0.0,-0.0,-0.0,-0.0,-0.0,-0.0093841552734375,-0.0089263916015625,-0.0119781494140625,-0.017547607421875,-0.01155853271484375,-0.01628875732421875,-0.0084686279296875,-0.0257110595703125,-0.00713348388671875,-0.0146484375,-0.0244140625,-0.01522064208984375,-0.01575469970703125,-0.01125335693359375,-0.00335693359375,-0.029144287109375,0.09765625,0.0994873046875,0.093841552734375,0.10040283203125,0.0909423828125,0.09429931640625,0.099334716796875,0.10589599609375,0.025787353515625,0.128173828125,0.092620849609375,0.089569091796875,-0.638275146484375,-0.20843505859375,0.2935791015625,-0.760345458984375,-4.78175687789917
733,0.6215000000000004,-0.0,-0.0,-0.0,-0.0,-0.0,-0.0,-0.5385128259658813,-9.14073657989502,-788.0707397460938,-252310.109375,30030.669921875,1342.51513671875,-0.0,-0.0,-0.0,-0.0,-0.0,-0.0,-0.0,-0.0,-0.0,-0.0,-0.0,-0.0,-0.003814697265625,-0.0020599365234375,-0.00331878662109375,-0.00362396240234375,-0.0040435791015625,-0.0048065185546875,-0.00537872314453125,-0.008544921875,-0.0006866455078125,-0.00545501708984375,-0.022430419921875,-0.0022125244140625,-0.01941680908203125,-0.002288818359375,0.0,-0.0051116943359375,0.09552001953125,0.10009765625,0.098876953125,0.10009765625,0.0848388671875,0.09765625,0.089263916015625,0.090484619140625,0.06561279296875,0.124664306640625,0.09735107421875,0.0970458984375,-1.031951904296875,-3.045654296875,0.714111328125,-2.780609130859375,-1.1231448650360107
734,0.6220000000000003,-0.0,-0.0,-0.0,-0.0,-0.0,-0.0,-0.3103910982608795,-9.283802032470703,-787.647705078125,-252921.875,30457.939453125,1406.6817626953125,-0.0,-0.0,-0.0,-0.0,-0.0,-0.0,-0.0,-0.0,-0.0,-0.0,-0.0,-0.0,0.0096893310546875,0.00972747802734375,0.0127410888671875,0.01850128173828125,0.01293182373046875,0.01750946044921875,0.01247406005859375,0.0243377685546875,0.00736236572265625,0.014495849609375,0.02696990966796875,0.014190673828125,0.0208282470703125,0.01285552978515625,0.00568389892578125,0.03070831298828125,0.10009765625,0.102386474609375,0.104217529296875,0.10162353515625,0.01251220703125,0.098724365234375,0.098419189453125,0.095367431640625,0.252685546875,0.1934814453125,0.0958251953125,0.108642578125,0.908966064453125,0.4071044921875,-0.2655029296875,1.451416015625,10.157575607299805
735,0.6225000000000003,-0.0,-0.0,-0.0,-0.0,-0.0,-0.0,-0.4419761300086975,-8.95556926727295,-787.0695190429688,-252760.140625,30586.267578125,1322.6561279296875,-0.0,-0.0,-0.0,-0.0,-0.0,-0.0,-0.0,-0.0,-0.0,-0.0,-0.0,-0.0,0.00308990478515625,0.00396728515625,0.00438690185546875,0.0070953369140625,0.00400543212890625,0.00652313232421875,0.00499725341796875,0.00698089599609375,0.000457763671875,0.0084686279296875,0.025482177734375,0.00240325927734375,0.01689910888671875,0.0032806396484375,0.00080108642578125,0.00812530517578125,0.09429931640625,0.10101318359375,0.097503662109375,0.09185791015625,0.154571533203125,0.10162353515625,0.0946044921875,0.09735107421875,0.08270263671875,-0.024261474609375,0.1025390625,0.098419189453125,1.436614990234375,3.2513427734375,-0.4522705078125,2.696380615234375,9.547806739807129
736,0.6230000000000003,-0.0,-0.0,-0.0,-0.0,-0.0,-0.0,-0.31450724601745605,-9.208629608154297,-788.7625122070312,-252915.984375,30595.0546875,1303.8399658203125,-0.0,-0.0,-0.0,-0.0,-0.0,-0.0,-0.0,-0.0,-0.0,-0.0,-0.0,-0.0,-0.0096893310546875,-0.0077056884765625,-0.01312255859375,-0.01689910888671875,-0.01308441162109375,-0.01575469970703125,-0.0110626220703125,-0.02349853515625,-0.00804901123046875,-0.01438140869140625,-0.02696990966796875,-0.0136566162109375,-0.02338409423828125,-0.0118255615234375,-0.0051116943359375,-0.0290679931640625,0.09765625,0.09857177734375,0.095062255859375,0.100250244140625,0.1177978515625,0.09429931640625,0.09918212890625,0.100555419921875,0.183563232421875,0.07568359375,0.097503662109375,0.092926025390625,-0.869293212890625,-0.3564453125,0.347900390625,-1.28265380859375,-0.8182606101036072
737,0.6235000000000004,-0.0,-0.0,-0.0,-0.0,-0.0,-0.0,-0.15034356713294983,-9.213457107543945,-787.0712890625,-252673.71875,30974.970703125,1248.304931640625,-0.0,-0.0,-0.0,-0.0,-0.0,-0.0,-0.0,-0.0,-0.0,-0.0,-0.0,-0.0,-0.0031280517578125,-0.0026702880859375,-0.0025177001953125,-0.0043487548828125,-0.003509521484375,-0.00492095947265625,-0.0060272216796875,-0.007171630859375,0.00026702880859375,-0.0041961669921875,-0.02315521240234375,-0.00133514404296875,-0.0185394287109375,-0.0041961669921875,-0.001220703125,-0.00823974609375,0.099639892578125,0.09552001953125,0.09490966796875,0.102386474609375,0.098724365234375,0.089111328125,0.10711669921875,0.102386474609375,0.087432861328125,0.1116943359375,0.099029541015625,0.093536376953125,-0.70770263671875,-3.040771484375,0.7073974609375,-2.74627685546875,-3.2573351860046387
738,0.6240000000000003,-0.0,-0.0,-0.0,-0.0,-0.0,-0.0,-0.719046950340271,-9.180431365966797,-787.0167236328125,-253073.390625,30891.85546875,1279.3494873046875,-0.0,-0.0,-0.0,-0.0,-0.0,-0.0,-0.0,-0.0,-0.0,-0.0,-0.0,-0.0,0.0067138671875,0.01171112060546875,0.0125885009765625,0.018310546875,0.01220703125,0.0164794921875,0.0127410888671875,0.0243377685546875,0.00640869140625,0.0119781494140625,0.0258636474609375,0.01377105712890625,0.02277374267578125,0.0130462646484375,0.0054931640625,0.03055572509765625,0.10345458984375,0.09765625,0.098876953125,0.10650634765625,0.11199951171875,0.09674072265625,0.090179443359375,0.098876953125,0.086517333984375,0.103912353515625,0.104522705078125,0.088958740234375,0.813751220703125,0.660400390625,-0.17059326171875,1.85028076171875,6.803847789764404
739,0.6245000000000003,-0.0,-0.0,-0.0,-0.0,-0.0,-0.0,0.15062665939331055,-9.283446311950684,-786.8848876953125,-253284.53125,30760.537109375,1217.916748046875,-0.0,-0.0,-0.0,-0.0,-0.0,-0.0,-0.0,-0.0,-0.0,-0.0,-0.0,-0.0,0.0042724609375,0.00476837158203125,0.00461578369140625,0.00457763671875,0.002288818359375,0.00453948974609375,0.0057220458984375,0.00926971435546875,0.001983642578125,0.00736236572265625,0.0250244140625,0.00095367431640625,0.016021728515625,0.00331878662109375,0.00255584716796875,0.00843048095703125,0.09857177734375,0.10009765625,0.105743408203125,0.103759765625,0.082244873046875,0.098724365234375,0.096435546875,0.095977783203125,0.024566650390625,0.0994873046875,0.090179443359375,0.102386474609375,1.009063720703125,3.236083984375,-0.42205810546875,2.848052978515625,7.71850061416626
740,0.6250000000000003,-0.0,-0.0,-0.0,-0.0,-0.0,-0.0,0.15075495839118958,-9.344871520996094,-786.3976440429688,-253660.03125,30932.775390625,1033.957763671875,-0.0,-0.0,-0.0,-0.0,-0.0,-0.0,-0.0,-0.0,-0.0,-0.0,-0.0,-0.0,-0.00873565673828125,-0.00965118408203125,-0.01247406005859375,-0.01552581787109375,-0.01155853271484375,-0.01743316650390625,-0.00865936279296875,-0.02361297607421875,-0.00720977783203125,-0.0133514404296875,-0.0264739990234375,-0.01361846923828125,-0.02105712890625,-0.01140594482421875,-0.006103515625,-0.02933502197265625,0.09918212890625,0.097503662109375,0.09979248046875,0.10345458984375,0.092315673828125,0.096282958984375,0.105133056640625,0.098419189453125,-0.159149169921875,0.090484619140625,0.109710693359375,0.105438232421875,-0.546417236328125,-0.556640625,0.428466796875,-1.20391845703125,-1.1231448650360107
741,0.6255000000000004,-0.0,-0.0,-0.0,-0.0,-0.0,-0.0,-0.08921051025390625,-9.509465217590332,-787.8091430664062,-253692.390625,31100.724609375,1126.01806640625,-0.0,-0.0,-0.0,-0.0,-0.0,-0.0,-0.0,-0.0,-0.0,-0.0,-0.0,-0.0,-0.004119873046875,-0.00278472900390625,-0.005645751953125,-0.00514984130859375,-0.00186920166015625,-0.00293731689453125,-0.0040435791015625,-0.0079345703125,-0.00164031982421875,-0.0054931640625,-0.02532958984375,-0.00030517578125,-0.02033233642578125,-0.00240325927734375,-0.0003814697265625,-0.00782012939453125,0.10101318359375,0.10894775390625,0.099334716796875,0.104522705078125,0.11749267578125,0.104217529296875,0.101776123046875,0.099029541015625,0.389251708984375,0.11627197265625,0.106658935546875,0.09490966796875,-0.71746826171875,-3.0377197265625,0.88531494140625,-2.88665771484375,-0.20849192142486572
742,0.6260000000000003,-0.0,-0.0,-0.0,-0.0,-0.0,-0.0,-0.2194688767194748,-9.358692169189453,-788.5424194335938,-253966.03125,31179.794921875,1141.8397216796875,-0.0,-0.0,-0.0,-0.0,-0.0,-0.0,-0.0,-0.0,-0.0,-0.0,-0.0,-0.0,0.0104522705078125,0.0080108642578125,0.0139617919921875,0.018157958984375,0.0115203857421875,0.01544952392578125,0.00919342041015625,0.02681732177734375,0.00797271728515625,0.01560211181640625,0.0290679931640625,0.0116729736328125,0.02208709716796875,0.01087188720703125,0.0034332275390625,0.02964019775390625,0.096588134765625,0.09552001953125,0.096893310546875,0.0946044921875,0.056915283203125,0.097503662109375,0.09765625,0.092315673828125,-0.11199951171875,0.07568359375,0.1007080078125,0.093231201171875,0.894317626953125,0.8258056640625,-0.4815673828125,1.412506103515625,10.76734447479248
743,0.6265000000000003,-0.0,-0.0,-0.0,-0.0,-0.0,-0.0,-0.50052809715271,-9.345085144042969,-788.7883911132812,-254143.125,31013.896484375,1124.0242919921875,-0.0,-0.0,-0.0,-0.0,-0.0,-0.0,-0.0,-0.0,-0.0,-0.0,-0.0,-0.0,0.005645751953125,0.0034332275390625,0.00415802001953125,0.00682830810546875,0.00377655029296875,0.00736236572265625,0.003814697265625,0.00774383544921875,0.00370025634765625,0.00873565673828125,0.025634765625,0.00080108642578125,0.02048492431640625,0.00392913818359375,-0.0012969970703125,0.0086212158203125,0.0921630859375,0.104827880859375,0.097503662109375,0.096588134765625,0.08880615234375,0.099639892578125,0.0933837890625,0.09521484375,0.4412841796875,0.10009765625,0.0958251953125,0.109405517578125,1.069793701171875,3.23760986328125,-0.69183349609375,3.07281494140625,9.24292278289795
744,0.6270000000000003,-0.0,-0.0,-0.0,-0.0,-0.0,-0.0,-0.3839249908924103,-8.632119178771973,-788.1903686523438,-254096.796875,31210.873046875,1212.349609375,-0.0,-0.0,-0.0,-0.0,-0.0,-0.0,-0.0,-0.0,-0.0,-0.0,-0.0,-0.0,-0.0113677978515625,-0.0072479248046875,-0.01251220703125,-0.0156402587890625,-0.0118255615234375,-0.0162506103515625,-0.01155853271484375,-0.02422332763671875,-0.00896453857421875,-0.01491546630859375,-0.027923583984375,-0.01232147216796875,-0.02197265625,-0.0110626220703125,-0.005035400390625,-0.0283050537109375,0.098876953125,0.104827880859375,0.1019287109375,0.095367431640625,0.10101318359375,0.097503662109375,0.096588134765625,0.0970458984375,0.1397705078125,0.11322021484375,0.097808837890625,0.103302001953125,-0.8953857421875,-0.439453125,0.2685546875,-1.352691650390625,-5.696409702301025
745,0.6275000000000004,-0.0,-0.0,-0.0,-0.0,-0.0,-0.0,-0.8702362775802612,-8.516149520874023,-789.5302734375,-254077.34375,31427.939453125,1237.4422607421875,-0.0,-0.0,-0.0,-0.0,-0.0,-0.0,-0.0,-0.0,-0.0,-0.0,-0.0,-0.0,-0.00484466552734375,-0.00286102294921875,-0.0032806396484375,-0.0035858154296875,-0.00244140625,-0.0063323974609375,-0.00385284423828125,-0.00896453857421875,-0.00408172607421875,-0.007171630859375,-0.024261474609375,-0.00064849853515625,-0.01857757568359375,-0.0025177001953125,-0.00041961669921875,-0.00820159912109375,0.101470947265625,0.1025390625,0.09735107421875,0.097503662109375,0.100860595703125,0.10223388671875,0.10040283203125,0.09979248046875,-0.139617919921875,0.126800537109375,0.106048583984375,0.0982666015625,-1.03729248046875,-3.04595947265625,0.9942626953125,-2.913055419921875,-2.95245099067688
746,0.6280000000000003,-0.0,-0.0,-0.0,-0.0,-0.0,-0.0,-0.9457215070724487,-7.781128883361816,-790.4331665039062,-253800.109375,31215.3671875,1008.5831909179688,-0.0,-0.0,-0.0,-0.0,-0.0,-0.0,-0.0,-0.0,-0.0,-0.0,-0.0,-0.0,0.00774383544921875,0.00812530517578125,0.01331329345703125,0.01636505126953125,0.012359619140625,0.0165557861328125,0.0104522705078125,0.02529144287109375,0.0057220458984375,0.01544952392578125,0.0269317626953125,0.0136566162109375,0.01956939697265625,0.01171112060546875,0.00545501708984375,0.029754638671875,0.09979248046875,0.0982666015625,0.09368896484375,0.09521484375,0.10284423828125,0.09613037109375,0.102386474609375,0.101776123046875,0.253753662109375,0.0811767578125,0.09002685546875,0.093841552734375,0.894622802734375,0.71533203125,-0.3228759765625,1.360015869140625,8.93803882598877
747,0.6285000000000003,-0.0,-0.0,-0.0,-0.0,-0.0,-0.0,-1.2089670896530151,-7.856790065765381,-786.0203247070312,-253835.03125,31213.8515625,1105.100341796875,-0.0,-0.0,-0.0,-0.0,-0.0,-0.0,-0.0,-0.0,-0.0,-0.0,-0.0,-0.0,0.006561279296875,0.00301361083984375,0.00255584716796875,0.0057220458984375,0.00278472900390625,0.0087738037109375,0.005950927734375,0.009918212890625,0.003509521484375,0.0077056884765625,0.0270843505859375,-0.000152587890625,0.01766204833984375,0.0025177001953125,0.0012969970703125,0.0099945068359375,0.096282958984375,0.09918212890625,0.09307861328125,0.097198486328125,0.10009765625,0.09735107421875,0.095672607421875,0.09735107421875,0.33233642578125,0.1171875,0.0946044921875,0.09613037109375,1.143951416015625,3.2232666015625,-0.69183349609375,2.85614013671875,11.986882209777832
748,0.6290000000000003,-0.0,-0.0,-0.0,-0.0,-0.0,-0.0,-1.1826359033584595,-7.117181777954102,-787.538818359375,-253194.328125,31469.42578125,988.7286376953125,-0.0,-0.0,-0.0,-0.0,-0.0,-0.0,-0.0,-0.0,-0.0,-0.0,-0.0,-0.0,-0.0090789794921875,-0.00885009765625,-0.01125335693359375,-0.01636505126953125,-0.00965118408203125,-0.016937255859375,-0.00743865966796875,-0.024871826171875,-0.00598907470703125,-0.01430511474609375,-0.0266265869140625,-0.0113677978515625,-0.020904541015625,-0.01251220703125,-0.0046539306640625,-0.02918243408203125,0.101470947265625,0.094757080078125,0.103607177734375,0.103912353515625,0.098724365234375,0.099945068359375,0.100860595703125,0.099334716796875,0.103759765625,0.096435546875,0.09765625,0.101165771484375,-0.691680908203125,-0.43792724609375,0.67596435546875,-1.0736083984375,-1.1231448650360107
749,0.6295000000000004,-0.0,-0.0,-0.0,-0.0,-0.0,-0.0,-1.2854158878326416,-6.711127281188965,-787.1336669921875,-252873.1875,31617.900390625,944.57958984375,-0.0,-0.0,-0.0,-0.0,-0.0,-0.0,-0.0,-0.0,-0.0,-0.0,-0.0,-0.0,-0.0040435791015625,-0.00278472900390625,-0.0030517578125,-0.00457763671875,-0.00274658203125,-0.00621795654296875,-0.0051116943359375,-0.0087738037109375,-0.00438690185546875,-0.00576019287109375,-0.0240325927734375,0.00156402587890625,-0.0196075439453125,-0.00431060791015625,-0.00125885009765625,-0.0096893310546875,0.10040283203125,0.095977783203125,0.09796142578125,0.100555419921875,0.092315673828125,0.09857177734375,0.093994140625,0.10345458984375,0.078125,0.1318359375,0.0994873046875,0.102996826171875,-0.765533447265625,-3.056640625,0.836181640625,-2.899932861328125,-1.4280292987823486
750,0.6300000000000003,-0.0,-0.0,-0.0,-0.0,-0.0,-0.0,-1.3170759677886963,-6.391189098358154,-788.0482788085938,-252987.046875,31442.373046875,1018.594482421875,-0.0,-0.0,-0.0,-0.0,-0.0,-0.0,-0.0,-0.0,-0.0,-0.0,-0.0,-0.0,0.00995635986328125,0.00865936279296875,0.01434326171875,0.01422882080078125,0.01312255859375,0.01369476318359375,0.012359619140625,0.023040771484375,0.00701904296875,0.0152587890625,0.02773284912109375,0.010528564453125,0.02544403076171875,0.01190185546875,0.00705718994140625,0.0281524658203125,0.098876953125,0.097808837890625,0.09613037109375,0.106964111328125,0.095977783203125,0.100555419921875,0.097808837890625,0.099639892578125,-0.000762939453125,0.138702392578125,0.102081298828125,0.10223388671875,1.027374267578125,0.5426025390625,-0.576171875,1.8218994140625,11.681997299194336
751,0.6305000000000003,-0.0,-0.0,-0.0,-0.0,-0.0,-0.0,-1.6057891845703125,-6.034795761108398,-788.4009399414062,-252948.734375,31115.734375,1152.3349609375,-0.0,-0.0,-0.0,-0.0,-0.0,-0.0,-0.0,-0.0,-0.0,-0.0,-0.0,-0.0,0.0048828125,0.00423431396484375,0.00568389892578125,0.0070953369140625,0.00217437744140625,0.00415802001953125,0.00457763671875,0.0091552734375,0.003204345703125,0.0048828125,0.02796173095703125,0.0019073486328125,0.0193023681640625,0.0038909912109375,0.00030517578125,0.00881195068359375,0.09552001953125,0.10101318359375,0.09765625,0.095367431640625,0.100860595703125,0.098876953125,0.099334716796875,0.098114013671875,0.0982666015625,0.058441162109375,0.096893310546875,0.09918212890625,0.9527587890625,3.26080322265625,-0.52001953125,2.857818603515625,6.803847789764404
752,0.6310000000000003,-0.0,-0.0,-0.0,-0.0,-0.0,-0.0,-1.7209399938583374,-5.971736907958984,-787.7966918945312,-252896.078125,31175.822265625,1048.279541015625,-0.0,-0.0,-0.0,-0.0,-0.0,-0.0,-0.0,-0.0,-0.0,-0.0,-0.0,-0.0,-0.00820159912109375,-0.00919342041015625,-0.0125885009765625,-0.0145721435546875,-0.0115203857421875,-0.014801025390625,-0.0128173828125,-0.02300262451171875,-0.00911712646484375,-0.01399993896484375,-0.02857208251953125,-0.01041412353515625,-0.02155303955078125,-0.0090789794921875,-0.0048065185546875,-0.0279998779296875,0.095062255859375,0.096282958984375,0.0970458984375,0.09521484375,0.09857177734375,0.098724365234375,0.095672607421875,0.098114013671875,0.134735107421875,0.052337646484375,0.1123046875,0.093841552734375,-0.687255859375,-0.513916015625,0.73028564453125,-1.1083984375,-2.0377979278564453
753,0.6315000000000004,-0.0,-0.0,-0.0,-0.0,-0.0,-0.0,-1.8100048303604126,-6.022210121154785,-791.0209350585938,-252940.828125,31416.35546875,1106.3931884765625,-0.0,-0.0,-0.0,-0.0,-0.0,-0.0,-0.0,-0.0,-0.0,-0.0,-0.0,-0.0,-0.00370025634765625,-0.00293731689453125,-0.00370025634765625,-0.00408172607421875,-0.0041961669921875,-0.00560760498046875,-0.00659942626953125,-0.00995635986328125,-0.001068115234375,-0.00530242919921875,-0.0250244140625,-0.00125885009765625,-0.0185394287109375,-0.00362396240234375,0.00030517578125,-0.0115966796875,0.093536376953125,0.099334716796875,0.09735107421875,0.09857177734375,0.123443603515625,0.100860595703125,0.1043701171875,0.1043701171875,0.196685791015625,0.140838623046875,0.106048583984375,0.102081298828125,-0.963287353515625,-3.052978515625,0.7940673828125,-2.95440673828125,-2.342682361602783
754,0.6320000000000003,-0.0,-0.0,-0.0,-0.0,-0.0,-0.0,-2.3072590827941895,-5.576751708984375,-790.0634765625,-252996.484375,31521.26171875,1061.368408203125,-0.0,-0.0,-0.0,-0.0,-0.0,-0.0,-0.0,-0.0,-0.0,-0.0,-0.0,-0.0,0.00904083251953125,0.01079559326171875,0.01209259033203125,0.01827239990234375,0.012664794921875,0.0171661376953125,0.011444091796875,0.0246429443359375,0.00598907470703125,0.0157928466796875,0.02666473388671875,0.011444091796875,0.02101898193359375,0.0118255615234375,0.004119873046875,0.0295257568359375,0.097198486328125,0.10162353515625,0.0958251953125,0.09765625,0.103912353515625,0.099639892578125,0.10040283203125,0.083465576171875,-0.01556396484375,0.091705322265625,0.104827880859375,0.0970458984375,1.187591552734375,0.76934814453125,-0.517578125,1.51947021484375,8.328269958496094
755,0.6325000000000003,-0.0,-0.0,-0.0,-0.0,-0.0,-0.0,-2.599860191345215,-4.774810314178467,-790.92138671875,-252898.84375,31614.193359375,1070.3553466796875,-0.0,-0.0,-0.0,-0.0,-0.0,-0.0,-0.0,-0.0,-0.0,-0.0,-0.0,-0.0,0.00789642333984375,0.004119873046875,0.00415802001953125,0.0034332275390625,0.00396728515625,0.00949859619140625,0.00682830810546875,0.01117706298828125,0.00209808349609375,0.0075531005859375,0.02696990966796875,0.00030517578125,0.01811981201171875,0.00156402587890625,0.0016021728515625,0.00972747802734375,0.09918212890625,0.103607177734375,0.106048583984375,0.09796142578125,0.096435546875,0.09674072265625,0.10223388671875,0.100860595703125,0.48004150390625,0.167694091796875,0.105438232421875,0.092315673828125,1.06292724609375,3.262939453125,-0.675048828125,2.880401611328125,6.498963356018066
756,0.6330000000000003,-0.0,-0.0,-0.0,-0.0,-0.0,-0.0,-2.5105855464935303,-4.342030048370361,-791.1732788085938,-253338.546875,31821.677734375,1045.5230712890625,-0.0,-0.0,-0.0,-0.0,-0.0,-0.0,-0.0,-0.0,-0.0,-0.0,-0.0,-0.0,-0.00949859619140625,-0.00732421875,-0.01323699951171875,-0.015411376953125,-0.0130462646484375,-0.01445770263671875,-0.01102447509765625,-0.02399444580078125,-0.00720977783203125,-0.013580322265625,-0.02506256103515625,-0.0124359130859375,-0.0212860107421875,-0.01018524169921875,-0.0060272216796875,-0.029296875,0.089263916015625,0.093994140625,0.096588134765625,0.09674072265625,0.08941650390625,0.096588134765625,0.09674072265625,0.095977783203125,0.2001953125,0.0927734375,0.08575439453125,0.100555419921875,-0.698699951171875,-0.489501953125,0.51727294921875,-1.27777099609375,-1.732913613319397
757,0.6335000000000004,-0.0,-0.0,-0.0,-0.0,-0.0,-0.0,-2.752911329269409,-3.7938897609710693,-791.3727416992188,-253265.21875,31614.109375,1100.822998046875,-0.0,-0.0,-0.0,-0.0,-0.0,-0.0,-0.0,-0.0,-0.0,-0.0,-0.0,-0.0,-0.00530242919921875,-0.004730224609375,-0.0051116943359375,-0.00568389892578125,-0.0035858154296875,-0.00537872314453125,-0.0038909912109375,-0.01026153564453125,-0.00141143798828125,-0.00888824462890625,-0.0262451171875,-0.00331878662109375,-0.0208282470703125,-0.00377655029296875,0.00019073486328125,-0.0081634521484375,0.088348388671875,0.097503662109375,0.097198486328125,0.101470947265625,0.092620849609375,0.098114013671875,0.097808837890625,0.10162353515625,0.15167236328125,0.09918212890625,0.095977783203125,0.10223388671875,-1.025390625,-3.04718017578125,0.8758544921875,-2.953948974609375,-0.5133762359619141
758,0.6340000000000003,-0.0,-0.0,-0.0,-0.0,-0.0,-0.0,-3.0582399368286133,-3.221224546432495,-790.962890625,-252450.796875,31739.4453125,1067.763916015625,-0.0,-0.0,-0.0,-0.0,-0.0,-0.0,-0.0,-0.0,-0.0,-0.0,-0.0,-0.0,0.01018524169921875,0.0075531005859375,0.013427734375,0.01644134521484375,0.0128936767578125,0.0145721435546875,0.01155853271484375,0.02384185791015625,0.00823974609375,0.01312255859375,0.028533935546875,0.01178741455078125,0.0251007080078125,0.01117706298828125,0.00553131103515625,0.03025054931640625,0.0927734375,0.101470947265625,0.0921630859375,0.092620849609375,0.101776123046875,0.09765625,0.09796142578125,0.104522705078125,0.061798095703125,0.05218505859375,0.09735107421875,0.101165771484375,0.798492431640625,0.894775390625,-0.31402587890625,1.71173095703125,11.681997299194336
759,0.6345000000000003,-0.0,-0.0,-0.0,-0.0,-0.0,-0.0,-2.5871047973632812,-2.520583391189575,-792.74072265625,-252550.421875,31489.583984375,997.5242309570312,-0.0,-0.0,-0.0,-0.0,-0.0,-0.0,-0.0,-0.0,-0.0,-0.0,-0.0,-0.0,0.00690460205078125,0.0045013427734375,0.006256103515625,0.0067138671875,0.00347137451171875,0.00545501708984375,0.00560760498046875,0.00957489013671875,-3.814697265625e-05,0.00644683837890625,0.0298309326171875,0.00148773193359375,0.02216339111328125,0.00476837158203125,0.001068115234375,0.009918212890625,0.101470947265625,0.100860595703125,0.0933837890625,0.096282958984375,0.1043701171875,0.099029541015625,0.100860595703125,0.094451904296875,0.0445556640625,0.14434814453125,0.1007080078125,0.09979248046875,1.073150634765625,3.2855224609375,-0.5426025390625,3.07281494140625,-3.8671038150787354
760,0.6350000000000003,-0.0,-0.0,-0.0,-0.0,-0.0,-0.0,-2.6887152194976807,-2.2406487464904785,-791.3780517578125,-252199.578125,31415.27734375,859.060302734375,-0.0,-0.0,-0.0,-0.0,-0.0,-0.0,-0.0,-0.0,-0.0,-0.0,-0.0,-0.0,-0.0102996826171875,-0.00812530517578125,-0.01224517822265625,-0.01590728759765625,-0.01132965087890625,-0.0146484375,-0.0104522705078125,-0.02452850341796875,-0.00732421875,-0.0140380859375,-0.0278472900390625,-0.01285552978515625,-0.023345947265625,-0.01010894775390625,-0.005340576171875,-0.02796173095703125,0.103302001953125,0.099945068359375,0.09307861328125,0.095062255859375,0.0927734375,0.103607177734375,0.098419189453125,0.091400146484375,0.017242431640625,0.125732421875,0.09368896484375,0.086212158203125,-0.580596923828125,-0.53009033203125,0.364990234375,-1.47125244140625,-2.0377979278564453
761,0.6355000000000004,-0.0,-0.0,-0.0,-0.0,-0.0,-0.0,-2.5349020957946777,-1.76742684841156,-794.1062622070312,-251928.109375,31637.419921875,864.3236083984375,-0.0,-0.0,-0.0,-0.0,-0.0,-0.0,-0.0,-0.0,-0.0,-0.0,-0.0,-0.0,-0.00736236572265625,-0.0040435791015625,-0.00553131103515625,-0.00606536865234375,-0.00385284423828125,-0.0054931640625,-0.00640869140625,-0.00934600830078125,-0.00202178955078125,-0.0081634521484375,-0.028228759765625,-0.00225067138671875,-0.0215911865234375,-0.00362396240234375,0.0003814697265625,-0.01003265380859375,0.09979248046875,0.098876953125,0.09552001953125,0.099945068359375,0.112762451171875,0.095977783203125,0.098876953125,0.10528564453125,0.019073486328125,0.027313232421875,0.098419189453125,0.096435546875,-1.209564208984375,-3.057861328125,0.7421875,-2.93914794921875,-0.8182606101036072
762,0.6360000000000003,-0.0,-0.0,-0.0,-0.0,-0.0,-0.0,-2.445472478866577,-1.8472346067428589,-793.78955078125,-251439.3125,31195.7421875,796.6809692382812,-0.0,-0.0,-0.0,-0.0,-0.0,-0.0,-0.0,-0.0,-0.0,-0.0,-0.0,-0.0,0.010528564453125,0.00701904296875,0.0131988525390625,0.01659393310546875,0.01300811767578125,0.01628875732421875,0.0131988525390625,0.0238037109375,0.0099945068359375,0.014801025390625,0.030975341796875,0.0139617919921875,0.0246429443359375,0.01132965087890625,0.0058746337890625,0.0287628173828125,0.10101318359375,0.09368896484375,0.09918212890625,0.102996826171875,0.092010498046875,0.09918212890625,0.09796142578125,0.10162353515625,0.316009521484375,0.03265380859375,0.063934326171875,0.098876953125,0.994110107421875,0.94757080078125,-0.142822265625,1.7169189453125,12.901535034179688
763,0.6365000000000003,-0.0,-0.0,-0.0,-0.0,-0.0,-0.0,-2.153237819671631,-0.7373923659324646,-795.55419921875,-251871.90625,31053.61328125,575.5081787109375,-0.0,-0.0,-0.0,-0.0,-0.0,-0.0,-0.0,-0.0,-0.0,-0.0,-0.0,-0.0,0.0063323974609375,0.0029754638671875,0.00476837158203125,0.00553131103515625,0.004425048828125,0.00823974609375,0.00438690185546875,0.01270294189453125,0.0030517578125,0.00911712646484375,0.02742767333984375,0.00011444091796875,0.01712799072265625,0.002593994140625,0.00415802001953125,0.01026153564453125,0.096588134765625,0.096282958984375,0.095062255859375,0.1025390625,0.10284423828125,0.098114013671875,0.096893310546875,0.0970458984375,0.240936279296875,0.10589599609375,0.1019287109375,0.092010498046875,1.270751953125,3.26080322265625,-0.611572265625,2.7130126953125,7.108732223510742
764,0.6370000000000003,-0.0,-0.0,-0.0,-0.0,-0.0,-0.0,-2.6520724296569824,0.04068794846534729,-797.0791015625,-252368.671875,31271.77734375,546.9208374023438,-0.0,-0.0,-0.0,-0.0,-0.0,-0.0,-0.0,-0.0,-0.0,-0.0,-0.0,-0.0,-0.0098419189453125,-0.00896453857421875,-0.012664794921875,-0.01567840576171875,-0.01079559326171875,-0.01789093017578125,-0.00965118408203125,-0.0246429443359375,-0.005340576171875,-0.01628875732421875,-0.0263214111328125,-0.014801025390625,-0.0222015380859375,-0.01018524169921875,-0.005950927734375,-0.0279998779296875,0.100860595703125,0.093231201171875,0.101776123046875,0.09979248046875,0.121002197265625,0.098876953125,0.106353759765625,0.096435546875,-0.378875732421875,0.0958251953125,0.14404296875,0.09552001953125,-0.630340576171875,-0.4669189453125,0.40496826171875,-1.381683349609375,1.3159297704696655
765,0.6375000000000004,-0.0,-0.0,-0.0,-0.0,-0.0,-0.0,-2.497894287109375,0.5829179286956787,-798.825927734375,-252160.78125,31183.66796875,595.44091796875,-0.0,-0.0,-0.0,-0.0,-0.0,-0.0,-0.0,-0.0,-0.0,-0.0,-0.0,-0.0,-0.00591278076171875,-0.00396728515625,-0.00598907470703125,-0.0060272216796875,-0.00377655029296875,-0.00522613525390625,-0.00553131103515625,-0.00885009765625,-0.0017547607421875,-0.006256103515625,-0.0281524658203125,-0.00041961669921875,-0.02262115478515625,-0.002288818359375,-0.0019073486328125,-0.01194000244140625,0.099029541015625,0.104522705078125,0.098876953125,0.10040283203125,0.089111328125,0.098724365234375,0.099334716796875,0.098724365234375,0.220794677734375,0.121917724609375,0.11627197265625,0.091705322265625,-0.965576171875,-3.0950927734375,0.9381103515625,-2.922210693359375,-1.732913613319397
766,0.6380000000000003,-0.0,-0.0,-0.0,-0.0,-0.0,-0.0,-2.2128794193267822,0.6424263119697571,-800.3531494140625,-252285.125,31405.755859375,554.8998413085938,-0.0,-0.0,-0.0,-0.0,-0.0,-0.0,-0.0,-0.0,-0.0,-0.0,-0.0,-0.0,0.01003265380859375,0.00789642333984375,0.01232147216796875,0.01720428466796875,0.01178741455078125,0.01888275146484375,0.00873565673828125,0.02513885498046875,0.00690460205078125,0.01556396484375,0.02750396728515625,0.0144195556640625,0.0244903564453125,0.01129150390625,0.00461578369140625,0.029754638671875,0.098114013671875,0.094757080078125,0.09490966796875,0.09857177734375,0.078582763671875,0.098876953125,0.096282958984375,0.093994140625,0.47027587890625,0.077667236328125,0.093841552734375,0.095367431640625,0.962371826171875,0.79376220703125,-0.05096435546875,1.634674072265625,10.76734447479248
767,0.6385000000000003,-0.0,-0.0,-0.0,-0.0,-0.0,-0.0,-2.9378983974456787,1.0637112855911255,-801.5537719726562,-252085.484375,31243.109375,455.8463134765625,-0.0,-0.0,-0.0,-0.0,-0.0,-0.0,-0.0,-0.0,-0.0,-0.0,-0.0,-0.0,0.0048065185546875,0.0035858154296875,0.00553131103515625,0.0079345703125,0.00598907470703125,0.00732421875,0.00553131103515625,0.0119781494140625,0.00255584716796875,0.00476837158203125,0.02727508544921875,0.00049591064453125,0.02002716064453125,0.00392913818359375,0.003662109375,0.0110626220703125,0.09979248046875,0.097198486328125,0.102691650390625,0.10040283203125,0.087738037109375,0.09857177734375,0.0982666015625,0.098724365234375,0.200958251953125,0.003204345703125,0.09185791015625,0.095672607421875,0.915679931640625,3.24920654296875,-0.654296875,2.78900146484375,2.2305827140808105
768,0.6390000000000003,-0.0,-0.0,-0.0,-0.0,-0.0,-0.0,-2.3613638877868652,2.680307149887085,-801.1994018554688,-251658.28125,30954.75390625,314.5821838378906,-0.0,-0.0,-0.0,-0.0,-0.0,-0.0,-0.0,-0.0,-0.0,-0.0,-0.0,-0.0,-0.0087738037109375,-0.0074005126953125,-0.01201629638671875,-0.01556396484375,-0.01068115234375,-0.01758575439453125,-0.0089263916015625,-0.023956298828125,-0.0080108642578125,-0.01392364501953125,-0.02994537353515625,-0.012359619140625,-0.02521514892578125,-0.01079559326171875,-0.0051116943359375,-0.02941131591796875,0.096282958984375,0.103607177734375,0.09918212890625,0.104827880859375,0.0872802734375,0.098724365234375,0.099945068359375,0.092620849609375,0.07659912109375,0.1434326171875,0.092010498046875,0.103302001953125,-0.688934326171875,-0.6170654296875,0.35797119140625,-1.36627197265625,-0.5133762359619141
769,0.6395000000000004,-0.0,-0.0,-0.0,-0.0,-0.0,-0.0,-2.1645665168762207,3.1969478130340576,-801.718505859375,-251406.09375,31398.791015625,400.9687805175781,-0.0,-0.0,-0.0,-0.0,-0.0,-0.0,-0.0,-0.0,-0.0,-0.0,-0.0,-0.0,-0.00408172607421875,-0.0022125244140625,-0.005340576171875,-0.00675201416015625,-0.0057220458984375,-0.007476806640625,-0.00476837158203125,-0.010986328125,-0.00278472900390625,-0.006256103515625,-0.024871826171875,-0.00057220458984375,-0.0202178955078125,-0.005035400390625,-0.00244140625,-0.0104522705078125,0.10345458984375,0.102386474609375,0.098724365234375,0.100860595703125,0.159759521484375,0.09857177734375,0.102691650390625,0.101318359375,0.05584716796875,0.10955810546875,0.102691650390625,0.102081298828125,-0.913238525390625,-3.0902099609375,1.0321044921875,-2.765655517578125,0.09639240801334381
770,0.6400000000000003,-0.0,-0.0,-0.0,-0.0,-0.0,-0.0,-2.129359483718872,3.54185152053833,-800.2594604492188,-250904.34375,31054.3515625,292.00262451171875,-0.0,-0.0,-0.0,-0.0,-0.0,-0.0,-0.0,-0.0,-0.0,-0.0,-0.0,-0.0,0.0104522705078125,0.008697509765625,0.01255035400390625,0.01743316650390625,0.0112152099609375,0.0156402587890625,0.00980377197265625,0.02532958984375,0.0064849853515625,0.0145721435546875,0.03070831298828125,0.0133514404296875,0.02323150634765625,0.01071929931640625,0.00331878662109375,0.029144287109375,0.101318359375,0.09765625,0.09796142578125,0.09613037109375,0.1458740234375,0.099029541015625,0.100860595703125,0.094146728515625,-0.016326904296875,0.124053955078125,0.097198486328125,0.099334716796875,0.65460205078125,1.0223388671875,-0.29022216796875,1.4874267578125,-0.8182606101036072
771,0.6405000000000003,-0.0,-0.0,-0.0,-0.0,-0.0,-0.0,-2.5754895210266113,4.169628143310547,-799.6453247070312,-249947.140625,30838.408203125,409.6177978515625,-0.0,-0.0,-0.0,-0.0,-0.0,-0.0,-0.0,-0.0,-0.0,-0.0,-0.0,-0.0,0.0049591064453125,0.00370025634765625,0.00583648681640625,0.0084686279296875,0.0054168701171875,0.007476806640625,0.00701904296875,0.01186370849609375,0.003509521484375,0.00385284423828125,0.02811431884765625,0.002288818359375,0.02071380615234375,0.00507354736328125,0.00217437744140625,0.011749267578125,0.097808837890625,0.097198486328125,0.090484619140625,0.0970458984375,0.095062255859375,0.100555419921875,0.104522705078125,0.093994140625,0.139312744140625,0.0732421875,0.101165771484375,0.09063720703125,0.784454345703125,3.2421875,-0.55084228515625,2.828369140625,7.413616180419922
772,0.6410000000000003,-0.0,-0.0,-0.0,-0.0,-0.0,-0.0,-2.241814136505127,4.956679344177246,-796.923828125,-248839.84375,30847.982421875,169.73770141601562,-0.0,-0.0,-0.0,-0.0,-0.0,-0.0,-0.0,-0.0,-0.0,-0.0,-0.0,-0.0,-0.01056671142578125,-0.00766754150390625,-0.0145721435546875,-0.0157928466796875,-0.01186370849609375,-0.01712799072265625,-0.0102996826171875,-0.02239227294921875,-0.00682830810546875,-0.0119781494140625,-0.028839111328125,-0.0093841552734375,-0.02353668212890625,-0.00885009765625,-0.00701904296875,-0.0267791748046875,0.104827880859375,0.10101318359375,0.10101318359375,0.09521484375,0.083160400390625,0.093994140625,0.099334716796875,0.09552001953125,0.0787353515625,0.14556884765625,0.0982666015625,0.091705322265625,-0.413665771484375,-0.53741455078125,0.38543701171875,-1.315765380859375,-1.732913613319397
773,0.6415000000000004,-0.0,-0.0,-0.0,-0.0,-0.0,-0.0,-1.898956060409546,5.249813079833984,-796.0323486328125,-248534.609375,31153.990234375,187.7210693359375,-0.0,-0.0,-0.0,-0.0,-0.0,-0.0,-0.0,-0.0,-0.0,-0.0,-0.0,-0.0,-0.0042724609375,-0.0055694580078125,-0.00576019287109375,-0.007476806640625,-0.0038909912109375,-0.0060272216796875,-0.00568389892578125,-0.0104522705078125,-0.00225067138671875,-0.0067138671875,-0.02788543701171875,-0.00213623046875,-0.01903533935546875,-0.00591278076171875,-0.000457763671875,-0.0112152099609375,0.09979248046875,0.09979248046875,0.1007080078125,0.10498046875,0.088043212890625,0.09857177734375,0.08392333984375,0.089874267578125,0.0921630859375,0.142822265625,0.096588134765625,0.09521484375,-0.883331298828125,-3.09906005859375,0.8123779296875,-2.653656005859375,-0.20849192142486572
774,0.6420000000000003,-0.0,-0.0,-0.0,-0.0,-0.0,-0.0,-2.5300984382629395,5.7157368659973145,-793.5502319335938,-247710.453125,30997.23828125,264.725341796875,-0.0,-0.0,-0.0,-0.0,-0.0,-0.0,-0.0,-0.0,-0.0,-0.0,-0.0,-0.0,0.0110626220703125,0.00690460205078125,0.01422882080078125,0.01552581787109375,0.0128936767578125,0.015716552734375,0.01163482666015625,0.02353668212890625,0.0074005126953125,0.0128936767578125,0.02918243408203125,0.012359619140625,0.02437591552734375,0.0107574462890625,0.0046539306640625,0.0284576416015625,0.1031494140625,0.0933837890625,0.097808837890625,0.098114013671875,0.082550048828125,0.098114013671875,0.092926025390625,0.09521484375,0.1025390625,0.010223388671875,0.099639892578125,0.096282958984375,0.9014892578125,0.6231689453125,-0.390625,1.5948486328125,10.4624605178833
775,0.6425000000000003,-0.0,-0.0,-0.0,-0.0,-0.0,-0.0,-2.320960283279419,6.0721940994262695,-791.2128295898438,-247037.921875,31154.21875,400.0423583984375,-0.0,-0.0,-0.0,-0.0,-0.0,-0.0,-0.0,-0.0,-0.0,-0.0,-0.0,-0.0,0.00720977783203125,0.0057220458984375,0.00728607177734375,0.009002685546875,0.00537872314453125,0.0075531005859375,0.00606536865234375,0.0112152099609375,0.003509521484375,0.00537872314453125,0.02933502197265625,0.00213623046875,0.02216339111328125,0.00560760498046875,0.0023651123046875,0.01247406005859375,0.10040283203125,0.09429931640625,0.096893310546875,0.10009765625,0.0970458984375,0.10162353515625,0.09552001953125,0.1031494140625,0.072479248046875,0.05950927734375,0.1019287109375,0.10040283203125,1.048126220703125,3.28765869140625,-0.76019287109375,2.758026123046875,6.498963356018066
776,0.6430000000000003,-0.0,-0.0,-0.0,-0.0,-0.0,-0.0,-2.3645124435424805,6.573150157928467,-791.3424682617188,-246562.21875,31166.787109375,576.011474609375,-0.0,-0.0,-0.0,-0.0,-0.0,-0.0,-0.0,-0.0,-0.0,-0.0,-0.0,-0.0,-0.0109100341796875,-0.00762939453125,-0.0131988525390625,-0.01445770263671875,-0.0091552734375,-0.013885498046875,-0.008697509765625,-0.02254486083984375,-0.00942230224609375,-0.01255035400390625,-0.02727508544921875,-0.00972747802734375,-0.02285003662109375,-0.0110626220703125,-0.0054168701171875,-0.02758026123046875,0.09765625,0.095977783203125,0.097808837890625,0.101165771484375,0.09796142578125,0.09796142578125,0.1165771484375,0.09796142578125,0.248870849609375,0.12725830078125,0.09033203125,0.103759765625,-0.48370361328125,-0.36468505859375,0.60516357421875,-1.12945556640625,-3.5622196197509766
777,0.6435000000000004,-0.0,-0.0,-0.0,-0.0,-0.0,-0.0,-3.0107827186584473,6.328258514404297,-789.9306030273438,-246109.21875,31414.798828125,499.3479309082031,-0.0,-0.0,-0.0,-0.0,-0.0,-0.0,-0.0,-0.0,-0.0,-0.0,-0.0,-0.0,-0.0052642822265625,-0.0055694580078125,-0.00499725341796875,-0.0074005126953125,-0.005035400390625,-0.0096893310546875,-0.0067138671875,-0.01117706298828125,-0.00240325927734375,-0.00888824462890625,-0.02887725830078125,-0.00286102294921875,-0.02147674560546875,-0.00637054443359375,-0.00217437744140625,-0.0125885009765625,0.10040283203125,0.0970458984375,0.099029541015625,0.105133056640625,0.094146728515625,0.09613037109375,0.106658935546875,0.105438232421875,-0.008544921875,0.0665283203125,0.09063720703125,0.094451904296875,-1.19903564453125,-3.0853271484375,0.82275390625,-2.881011962890625,0.40127673745155334
778,0.6440000000000003,-0.0,-0.0,-0.0,-0.0,-0.0,-0.0,-3.211578369140625,6.695893287658691,-789.7992553710938,-245692.609375,31307.30859375,448.45355224609375,-0.0,-0.0,-0.0,-0.0,-0.0,-0.0,-0.0,-0.0,-0.0,-0.0,-0.0,-0.0,0.00873565673828125,0.00858306884765625,0.01277923583984375,0.01613616943359375,0.01300811767578125,0.0154876708984375,0.01270294189453125,0.0240325927734375,0.00850677490234375,0.01415252685546875,0.02838134765625,0.0102996826171875,0.0232696533203125,0.01262664794921875,0.0031280517578125,0.02857208251953125,0.09674072265625,0.1031494140625,0.094757080078125,0.09918212890625,0.090484619140625,0.095062255859375,0.0933837890625,0.103607177734375,-0.037078857421875,0.179901123046875,0.100860595703125,0.091705322265625,0.63018798828125,0.70770263671875,-0.44036865234375,1.41510009765625,8.633153915405273
779,0.6445000000000003,-0.0,-0.0,-0.0,-0.0,-0.0,-0.0,-3.4350271224975586,6.807862281799316,-786.0439453125,-245251.984375,31533.876953125,726.583251953125,-0.0,-0.0,-0.0,-0.0,-0.0,-0.0,-0.0,-0.0,-0.0,-0.0,-0.0,-0.0,0.00682830810546875,0.003662109375,0.0046539306640625,0.00720977783203125,0.00377655029296875,0.01155853271484375,0.0066375732421875,0.01377105712890625,0.00324249267578125,0.00743865966796875,0.02902984619140625,0.00087738037109375,0.02079010009765625,0.0049591064453125,0.00087738037109375,0.012359619140625,0.09735107421875,0.100555419921875,0.0994873046875,0.098724365234375,0.097808837890625,0.099029541015625,0.099945068359375,0.10162353515625,0.422821044921875,0.076751708984375,0.104217529296875,0.094451904296875,0.95123291015625,3.275146484375,-0.65704345703125,3.01971435546875,4.669657230377197
780,0.6450000000000004,-0.0,-0.0,-0.0,-0.0,-0.0,-0.0,-3.2005972862243652,6.551764488220215,-785.961181640625,-244941.65625,31371.74609375,729.9784545898438,-0.0,-0.0,-0.0,-0.0,-0.0,-0.0,-0.0,-0.0,-0.0,-0.0,-0.0,-0.0,-0.00888824462890625,-0.00888824462890625,-0.01300811767578125,-0.01598358154296875,-0.0116729736328125,-0.01491546630859375,-0.00919342041015625,-0.02338409423828125,-0.0078582763671875,-0.010833740234375,-0.027618408203125,-0.00946044921875,-0.022430419921875,-0.0095367431640625,-0.00667572021484375,-0.0266265869140625,0.09857177734375,0.102691650390625,0.093536376953125,0.099639892578125,0.0970458984375,0.100250244140625,0.08880615234375,0.101470947265625,0.244293212890625,0.10894775390625,0.09765625,0.09429931640625,-0.444488525390625,-0.49041748046875,0.71868896484375,-1.237335205078125,-0.5133762359619141
781,0.6455000000000004,-0.0,-0.0,-0.0,-0.0,-0.0,-0.0,-3.2551956176757812,6.139103412628174,-784.41259765625,-243785.875,31491.22265625,923.6754760742188,-0.0,-0.0,-0.0,-0.0,-0.0,-0.0,-0.0,-0.0,-0.0,-0.0,-0.0,-0.0,-0.00461578369140625,-0.00408172607421875,-0.00682830810546875,-0.00640869140625,-0.0035858154296875,-0.00621795654296875,-0.00545501708984375,-0.01171112060546875,-0.00362396240234375,-0.00896453857421875,-0.02796173095703125,-0.00461578369140625,-0.02117156982421875,-0.0048065185546875,-0.00011444091796875,-0.011138916015625,0.100250244140625,0.100555419921875,0.10040283203125,0.08697509765625,0.10162353515625,0.097503662109375,0.092010498046875,0.0970458984375,0.081024169921875,0.107879638671875,0.103759765625,0.100555419921875,-0.78125,-3.08807373046875,0.67779541015625,-2.81524658203125,0.40127673745155334
782,0.6460000000000004,-0.0,-0.0,-0.0,-0.0,-0.0,-0.0,-3.468378782272339,5.993379592895508,-783.9736938476562,-243711.28125,31544.25,890.9395751953125,-0.0,-0.0,-0.0,-0.0,-0.0,-0.0,-0.0,-0.0,-0.0,-0.0,-0.0,-0.0,0.00843048095703125,0.008697509765625,0.01148223876953125,0.01567840576171875,0.01129150390625,0.0150299072265625,0.0107574462890625,0.02216339111328125,0.0075531005859375,0.0151824951171875,0.0273895263671875,0.011749267578125,0.02338409423828125,0.01209259033203125,0.0034332275390625,0.0273895263671875,0.0970458984375,0.103607177734375,0.093841552734375,0.103759765625,0.090484619140625,0.09674072265625,0.107879638671875,0.110015869140625,0.05035400390625,0.124053955078125,0.102691650390625,0.096893310546875,0.836181640625,0.61370849609375,-0.3546142578125,1.741180419921875,14.425956726074219
783,0.6465000000000003,-0.0,-0.0,-0.0,-0.0,-0.0,-0.0,-3.2761805057525635,5.871849060058594,-780.783447265625,-243358.046875,31804.447265625,805.7146606445312,-0.0,-0.0,-0.0,-0.0,-0.0,-0.0,-0.0,-0.0,-0.0,-0.0,-0.0,-0.0,0.00457763671875,0.0057220458984375,0.00621795654296875,0.0103759765625,0.0052642822265625,0.00774383544921875,0.00820159912109375,0.01216888427734375,0.00240325927734375,0.006866455078125,0.029449462890625,0.00316619873046875,0.021820068359375,0.00598907470703125,0.00255584716796875,0.01369476318359375,0.102081298828125,0.1025390625,0.0982666015625,0.098724365234375,0.098419189453125,0.102691650390625,0.10162353515625,0.100860595703125,0.05859375,0.117340087890625,0.100250244140625,0.097198486328125,1.1865234375,3.29132080078125,-0.482177734375,3.07159423828125,5.279426097869873
784,0.6470000000000004,-0.0,-0.0,-0.0,-0.0,-0.0,-0.0,-3.8681206703186035,5.315783977508545,-779.1572875976562,-242960.953125,31516.560546875,872.0385131835938,-0.0,-0.0,-0.0,-0.0,-0.0,-0.0,-0.0,-0.0,-0.0,-0.0,-0.0,-0.0,-0.0077056884765625,-0.01094818115234375,-0.0116729736328125,-0.01720428466796875,-0.01148223876953125,-0.0150299072265625,-0.01110076904296875,-0.02216339111328125,-0.00598907470703125,-0.01178741455078125,-0.02445220947265625,-0.0127410888671875,-0.02105712890625,-0.0119781494140625,-0.00331878662109375,-0.02811431884765625,0.098724365234375,0.09368896484375,0.098419189453125,0.092010498046875,0.09765625,0.09490966796875,0.081024169921875,0.096435546875,0.129852294921875,0.125732421875,0.094757080078125,0.093841552734375,-0.476531982421875,-0.47027587890625,0.47271728515625,-1.38916015625,-0.5133762359619141
785,0.6475000000000004,-0.0,-0.0,-0.0,-0.0,-0.0,-0.0,-3.5216774940490723,5.033731937408447,-778.5767211914062,-242515.390625,31833.33203125,1054.2020263671875,-0.0,-0.0,-0.0,-0.0,-0.0,-0.0,-0.0,-0.0,-0.0,-0.0,-0.0,-0.0,-0.006256103515625,-0.0046539306640625,-0.0075531005859375,-0.00621795654296875,-0.00591278076171875,-0.0078582763671875,-0.0087738037109375,-0.0125885009765625,-0.00202178955078125,-0.01056671142578125,-0.027008056640625,-0.00232696533203125,-0.0223541259765625,-0.0042724609375,-0.00331878662109375,-0.0133514404296875,0.1007080078125,0.098114013671875,0.102386474609375,0.10009765625,0.09613037109375,0.1043701171875,0.100555419921875,0.097503662109375,0.268402099609375,0.14404296875,0.095977783203125,0.098876953125,-1.50482177734375,-3.06976318359375,0.86822509765625,-2.963104248046875,-2.0377979278564453
786,0.6480000000000004,-0.0,-0.0,-0.0,-0.0,-0.0,-0.0,-3.500314950942993,5.598915100097656,-776.0198364257812,-242183.0625,31784.572265625,999.6529541015625,-0.0,-0.0,-0.0,-0.0,-0.0,-0.0,-0.0,-0.0,-0.0,-0.0,-0.0,-0.0,0.01007080078125,0.0080108642578125,0.01346588134765625,0.01514434814453125,0.01316070556640625,0.014495849609375,0.01209259033203125,0.0218963623046875,0.0072479248046875,0.01422882080078125,0.02880096435546875,0.0103759765625,0.02628326416015625,0.01094818115234375,0.006561279296875,0.02735137939453125,0.093536376953125,0.0994873046875,0.1025390625,0.098114013671875,0.09307861328125,0.099334716796875,0.09674072265625,0.09674072265625,0.072784423828125,0.10498046875,0.096588134765625,0.095367431640625,1.021270751953125,0.75286865234375,-0.35980224609375,1.71600341796875,8.93803882598877
787,0.6485000000000003,-0.0,-0.0,-0.0,-0.0,-0.0,-0.0,-3.4423751831054688,5.662482738494873,-777.2660522460938,-242143.34375,32283.908203125,1194.0802001953125,-0.0,-0.0,-0.0,-0.0,-0.0,-0.0,-0.0,-0.0,-0.0,-0.0,-0.0,-0.0,0.00827789306640625,0.0037384033203125,0.00675201416015625,0.0092315673828125,0.0063323974609375,0.00881195068359375,0.0038909912109375,0.01346588134765625,0.00274658203125,0.00881195068359375,0.03017425537109375,0.0031280517578125,0.0249481201171875,0.006561279296875,0.004425048828125,0.01434326171875,0.096282958984375,0.09918212890625,0.093536376953125,0.102386474609375,0.089263916015625,0.094451904296875,0.10589599609375,0.10040283203125,0.078582763671875,0.0341796875,0.098876953125,0.102691650390625,1.400604248046875,3.32672119140625,-0.3265380859375,3.27056884765625,5.584310531616211
788,0.6490000000000004,-0.0,-0.0,-0.0,-0.0,-0.0,-0.0,-4.329671859741211,5.090834140777588,-774.0055541992188,-241418.296875,32111.537109375,1238.737548828125,-0.0,-0.0,-0.0,-0.0,-0.0,-0.0,-0.0,-0.0,-0.0,-0.0,-0.0,-0.0,-0.009002685546875,-0.00980377197265625,-0.00957489013671875,-0.01598358154296875,-0.00972747802734375,-0.0176239013671875,-0.008392333984375,-0.0232696533203125,-0.00759124755859375,-0.01689910888671875,-0.0274658203125,-0.0127410888671875,-0.02567291259765625,-0.01117706298828125,-0.00396728515625,-0.02849578857421875,0.0994873046875,0.09857177734375,0.098114013671875,0.1025390625,0.0213623046875,0.100555419921875,0.107269287109375,0.100555419921875,-0.046539306640625,0.186004638671875,0.098114013671875,0.094146728515625,-0.800018310546875,-0.64910888671875,0.55572509765625,-1.549835205078125,-0.5133762359619141
789,0.6495000000000004,-0.0,-0.0,-0.0,-0.0,-0.0,-0.0,-3.993805170059204,4.46684455871582,-774.088623046875,-241430.3125,32418.732421875,1032.7305908203125,-0.0,-0.0,-0.0,-0.0,-0.0,-0.0,-0.0,-0.0,-0.0,-0.0,-0.0,-0.0,-0.00659942626953125,-0.0046539306640625,-0.00728607177734375,-0.00698089599609375,-0.00423431396484375,-0.00576019287109375,-0.0072479248046875,-0.0127410888671875,-0.00240325927734375,-0.010833740234375,-0.02880096435546875,-0.00457763671875,-0.02338409423828125,-0.00514984130859375,-0.00457763671875,-0.0121307373046875,0.09918212890625,0.091705322265625,0.09857177734375,0.103759765625,0.19073486328125,0.1025390625,0.102691650390625,0.105743408203125,0.30120849609375,-0.03570556640625,0.099639892578125,0.0927734375,-1.28936767578125,-3.07037353515625,0.78521728515625,-2.956085205078125,-0.20849192142486572
790,0.6500000000000004,-0.0,-0.0,-0.0,-0.0,-0.0,-0.0,-4.350794792175293,3.517089605331421,-772.4451293945312,-241390.03125,32344.3984375,1416.6217041015625,-0.0,-0.0,-0.0,-0.0,-0.0,-0.0,-0.0,-0.0,-0.0,-0.0,-0.0,-0.0,0.01064300537109375,0.008697509765625,0.01117706298828125,0.01605987548828125,0.01056671142578125,0.01674652099609375,0.0096893310546875,0.02429962158203125,0.00728607177734375,0.0182342529296875,0.0292205810546875,0.01201629638671875,0.0244903564453125,0.01171112060546875,0.00507354736328125,0.02826690673828125,0.099945068359375,0.10406494140625,0.09552001953125,0.099334716796875,0.113525390625,0.1007080078125,0.09246826171875,0.085601806640625,0.06927490234375,0.103759765625,0.10040283203125,0.10223388671875,1.302337646484375,0.8892822265625,-0.4327392578125,1.6973876953125,14.121071815490723
791,0.6505000000000003,-0.0,-0.0,-0.0,-0.0,-0.0,-0.0,-4.113879680633545,3.0813684463500977,-773.1915893554688,-241979.390625,32515.251953125,1290.17822265625,-0.0,-0.0,-0.0,-0.0,-0.0,-0.0,-0.0,-0.0,-0.0,-0.0,-0.0,-0.0,0.00659942626953125,0.00705718994140625,0.006561279296875,0.0084686279296875,0.00370025634765625,0.00782012939453125,0.0079345703125,0.01239776611328125,0.002899169921875,0.0077056884765625,0.03047943115234375,0.00194549560546875,0.02277374267578125,0.0061798095703125,0.0028228759765625,0.01407623291015625,0.095977783203125,0.09735107421875,0.094451904296875,0.099639892578125,0.102386474609375,0.099334716796875,0.09613037109375,0.0897216796875,-0.037384033203125,0.090179443359375,0.07598876953125,0.113525390625,1.336822509765625,3.31146240234375,-0.8074951171875,2.985076904296875,3.145235776901245
792,0.6510000000000004,-0.0,-0.0,-0.0,-0.0,-0.0,-0.0,-4.50100040435791,2.228260040283203,-774.6437377929688,-242739.078125,32533.931640625,1403.2325439453125,-0.0,-0.0,-0.0,-0.0,-0.0,-0.0,-0.0,-0.0,-0.0,-0.0,-0.0,-0.0,-0.008544921875,-0.01068115234375,-0.01125335693359375,-0.01560211181640625,-0.01026153564453125,-0.0144195556640625,-0.0084686279296875,-0.0222015380859375,-0.00591278076171875,-0.01544952392578125,-0.02685546875,-0.01132965087890625,-0.02216339111328125,-0.01171112060546875,-0.00347137451171875,-0.02880096435546875,0.101165771484375,0.100555419921875,0.106964111328125,0.09552001953125,0.092926025390625,0.090789794921875,0.091400146484375,0.09246826171875,0.2850341796875,0.090484619140625,0.110321044921875,0.09796142578125,-0.8587646484375,-0.58563232421875,0.48187255859375,-1.2921142578125,-1.4280292987823486
793,0.6515000000000004,-0.0,-0.0,-0.0,-0.0,-0.0,-0.0,-4.441638469696045,1.6645704507827759,-776.329345703125,-243201.34375,32695.296875,1481.0240478515625,-0.0,-0.0,-0.0,-0.0,-0.0,-0.0,-0.0,-0.0,-0.0,-0.0,-0.0,-0.0,-0.007476806640625,-0.003814697265625,-0.00579833984375,-0.00682830810546875,-0.0046539306640625,-0.00667572021484375,-0.00640869140625,-0.01373291015625,-0.00396728515625,-0.0104522705078125,-0.03116607666015625,-0.005950927734375,-0.02384185791015625,-0.00518798828125,-0.003662109375,-0.01190185546875,0.100555419921875,0.1031494140625,0.098724365234375,0.096282958984375,0.088958740234375,0.09735107421875,0.102996826171875,0.093841552734375,0.149383544921875,0.115814208984375,0.10406494140625,0.080718994140625,-1.184234619140625,-3.09722900390625,0.39764404296875,-2.99530029296875,-4.171988487243652
794,0.6520000000000004,-0.0,-0.0,-0.0,-0.0,-0.0,-0.0,-4.13362979888916,0.6638056039810181,-777.2724609375,-244027.046875,32655.185546875,1515.6068115234375,-0.0,-0.0,-0.0,-0.0,-0.0,-0.0,-0.0,-0.0,-0.0,-0.0,-0.0,-0.0,0.0107574462890625,0.00904083251953125,0.01316070556640625,0.014495849609375,0.0128936767578125,0.01674652099609375,0.01129150390625,0.02300262451171875,0.00736236572265625,0.01377105712890625,0.0262451171875,0.0119781494140625,0.02681732177734375,0.01041412353515625,0.00614166259765625,0.0267791748046875,0.09918212890625,0.102081298828125,0.094451904296875,0.092315673828125,0.076141357421875,0.096588134765625,0.098114013671875,0.099639892578125,0.208740234375,0.08880615234375,0.096282958984375,0.088043212890625,0.90606689453125,0.7415771484375,-0.313720703125,1.65740966796875,9.24292278289795
795,0.6525000000000003,-0.0,-0.0,-0.0,-0.0,-0.0,-0.0,-4.490307331085205,0.21791194379329681,-779.9389038085938,-244383.59375,32708.359375,1603.132568359375,-0.0,-0.0,-0.0,-0.0,-0.0,-0.0,-0.0,-0.0,-0.0,-0.0,-0.0,-0.0,0.0058746337890625,0.00545501708984375,0.006256103515625,0.00988006591796875,0.00659942626953125,0.00972747802734375,0.0054168701171875,0.01338958740234375,0.00377655029296875,0.006103515625,0.030975341796875,0.00095367431640625,0.02231597900390625,0.00579833984375,0.0042724609375,0.0141143798828125,0.094146728515625,0.097198486328125,0.0982666015625,0.1019287109375,0.0921630859375,0.10101318359375,0.09735107421875,0.09307861328125,0.228271484375,0.096435546875,0.10040283203125,0.099945068359375,0.877532958984375,3.294677734375,-0.628662109375,3.04107666015625,4.364773273468018
796,0.6530000000000004,-0.0,-0.0,-0.0,-0.0,-0.0,-0.0,-4.362119197845459,-0.058990903198719025,-781.2365112304688,-245004.359375,31879.248046875,1277.8006591796875,-0.0,-0.0,-0.0,-0.0,-0.0,-0.0,-0.0,-0.0,-0.0,-0.0,-0.0,-0.0,-0.0096893310546875,-0.00835418701171875,-0.01094818115234375,-0.0164794921875,-0.01079559326171875,-0.01537322998046875,-0.0080108642578125,-0.02414703369140625,-0.00621795654296875,-0.01312255859375,-0.02758026123046875,-0.0121307373046875,-0.0197601318359375,-0.009765625,-0.007476806640625,-0.02716064453125,0.095062255859375,0.099945068359375,0.100250244140625,0.096588134765625,0.099945068359375,0.101776123046875,0.1031494140625,0.104522705078125,0.095672607421875,0.1177978515625,0.099639892578125,0.103912353515625,-0.712738037109375,-0.535888671875,0.5279541015625,-0.741729736328125,-0.5133762359619141
797,0.6535000000000004,-0.0,-0.0,-0.0,-0.0,-0.0,-0.0,-3.339843988418579,-0.43589699268341064,-781.70849609375,-244899.984375,32614.041015625,1225.439208984375,-0.0,-0.0,-0.0,-0.0,-0.0,-0.0,-0.0,-0.0,-0.0,-0.0,-0.0,-0.0,-0.0084686279296875,-0.00583648681640625,-0.00614166259765625,-0.00812530517578125,-0.00652313232421875,-0.00820159912109375,-0.00690460205078125,-0.01239776611328125,-0.0012969970703125,-0.0098419189453125,-0.0287628173828125,-0.0034332275390625,-0.02391815185546875,-0.00591278076171875,-0.00194549560546875,-0.013885498046875,0.1068115234375,0.1007080078125,0.092926025390625,0.097198486328125,0.09490966796875,0.098114013671875,0.086669921875,0.088958740234375,0.041961669921875,0.086517333984375,0.09918212890625,0.103607177734375,-1.323699951171875,-3.0877685546875,0.99822998046875,-3.018035888671875,0.09639240801334381
798,0.6540000000000004,-0.0,-0.0,-0.0,-0.0,-0.0,-0.0,-3.1825060844421387,-0.8525757193565369,-782.4932861328125,-245626.28125,32073.787109375,1306.456298828125,-0.0,-0.0,-0.0,-0.0,-0.0,-0.0,-0.0,-0.0,-0.0,-0.0,-0.0,-0.0,0.0080108642578125,0.00881195068359375,0.01190185546875,0.01651763916015625,0.0101470947265625,0.01598358154296875,0.01041412353515625,0.023193359375,0.00698089599609375,0.0167083740234375,0.02902984619140625,0.01251220703125,0.02193450927734375,0.0121307373046875,0.00186920166015625,0.02773284912109375,0.097808837890625,0.096282958984375,0.097808837890625,0.102996826171875,0.091552734375,0.10284423828125,0.10711669921875,0.09918212890625,0.06683349609375,0.114898681640625,0.099639892578125,0.094146728515625,1.102142333984375,0.77789306640625,-0.1910400390625,1.353759765625,12.291766166687012
799,0.6545000000000003,-0.0,-0.0,-0.0,-0.0,-0.0,-0.0,-2.9850258827209473,-0.525164783000946,-782.2935791015625,-245795.09375,31816.173828125,857.8025512695312,-0.0,-0.0,-0.0,-0.0,-0.0,-0.0,-0.0,-0.0,-0.0,-0.0,-0.0,-0.0,0.00659942626953125,0.00370025634765625,0.006256103515625,0.0087738037109375,0.0070953369140625,0.0101470947265625,0.00782012939453125,0.01491546630859375,0.0031280517578125,0.00728607177734375,0.03124237060546875,0.0026702880859375,0.022430419921875,0.003509521484375,0.00331878662109375,0.01552581787109375,0.099945068359375,0.097198486328125,0.09185791015625,0.099945068359375,0.1007080078125,0.0982666015625,0.07568359375,0.10223388671875,0.01861572265625,0.136871337890625,0.088958740234375,0.10162353515625,1.001434326171875,3.37677001953125,-0.57373046875,3.034820556640625,4.974541664123535
800,0.6550000000000004,-0.0,-0.0,-0.0,-0.0,-0.0,-0.0,-2.367217540740967,-0.42657142877578735,-783.6685180664062,-245808.671875,31605.087890625,923.4647827148438,-0.0,-0.0,-0.0,-0.0,-0.0,-0.0,-0.0,-0.0,-0.0,-0.0,-0.0,-0.0,-0.009613037109375,-0.00823974609375,-0.01239776611328125,-0.0148773193359375,-0.0081634521484375,-0.013885498046875,-0.0080108642578125,-0.0229644775390625,-0.0046539306640625,-0.0146484375,-0.02727508544921875,-0.01102447509765625,-0.0237274169921875,-0.01125335693359375,-0.0055694580078125,-0.0275421142578125,0.0982666015625,0.099334716796875,0.09735107421875,0.08819580078125,0.079803466796875,0.0933837890625,0.106201171875,0.097503662109375,0.211944580078125,0.12786865234375,0.09521484375,0.10345458984375,-0.81878662109375,-0.44647216796875,0.61614990234375,-1.46453857421875,-2.95245099067688
801,0.6555000000000004,-0.0,-0.0,-0.0,-0.0,-0.0,-0.0,-2.0518417358398438,-0.5537176132202148,-784.300048828125,-246333.859375,31487.3828125,646.4915161132812,-0.0,-0.0,-0.0,-0.0,-0.0,-0.0,-0.0,-0.0,-0.0,-0.0,-0.0,-0.0,-0.0054931640625,-0.0043487548828125,-0.0064849853515625,-0.00949859619140625,-0.006866455078125,-0.0075531005859375,-0.00804901123046875,-0.01430511474609375,-0.0041961669921875,-0.0083160400390625,-0.02933502197265625,-0.0017547607421875,-0.02140045166015625,-0.004425048828125,-0.0029754638671875,-0.0148773193359375,0.096282958984375,0.096893310546875,0.1031494140625,0.113067626953125,0.081329345703125,0.102691650390625,0.0933837890625,0.101318359375,0.099945068359375,0.1092529296875,0.107421875,0.108795166015625,-1.257781982421875,-3.0657958984375,1.08154296875,-2.810211181640625,-1.4280292987823486
802,0.6560000000000004,-0.0,-0.0,-0.0,-0.0,-0.0,-0.0,-1.5448139905929565,-0.24858458340168,-783.72412109375,-245638.46875,31470.111328125,552.6949462890625,-0.0,-0.0,-0.0,-0.0,-0.0,-0.0,-0.0,-0.0,-0.0,-0.0,-0.0,-0.0,0.0084686279296875,0.00823974609375,0.0122833251953125,0.01506805419921875,0.01186370849609375,0.01399993896484375,0.01049041748046875,0.02101898193359375,0.00579833984375,0.013885498046875,0.0272369384765625,0.011138916015625,0.020599365234375,0.01190185546875,0.00453948974609375,0.0273895263671875,0.099334716796875,0.101470947265625,0.0970458984375,0.102081298828125,0.131988525390625,0.095672607421875,0.091552734375,0.091705322265625,0.09002685546875,0.0238037109375,0.090484619140625,0.10772705078125,0.748443603515625,0.75347900390625,-0.413818359375,1.32080078125,11.07222843170166
803,0.6565000000000003,-0.0,-0.0,-0.0,-0.0,-0.0,-0.0,-1.460572600364685,0.02384866774082184,-781.2503662109375,-245863.140625,31271.642578125,549.8607788085938,-0.0,-0.0,-0.0,-0.0,-0.0,-0.0,-0.0,-0.0,-0.0,-0.0,-0.0,-0.0,0.00530242919921875,0.0040435791015625,0.00640869140625,0.01129150390625,0.00606536865234375,0.01033782958984375,0.00766754150390625,0.0147247314453125,0.006103515625,0.00850677490234375,0.0312042236328125,0.0017547607421875,0.0211334228515625,0.0048828125,0.0006866455078125,0.01495361328125,0.099639892578125,0.101165771484375,0.101470947265625,0.093841552734375,0.0714111328125,0.098876953125,0.110321044921875,0.097198486328125,0.082855224609375,0.09674072265625,0.0927734375,0.099029541015625,1.149749755859375,3.33740234375,-0.77362060546875,3.08929443359375,4.364773273468018
804,0.6570000000000004,-0.0,-0.0,-0.0,-0.0,-0.0,-0.0,-1.187546730041504,-0.6239128112792969,-783.0733032226562,-245967.5,31078.154296875,523.1040649414062,-0.0,-0.0,-0.0,-0.0,-0.0,-0.0,-0.0,-0.0,-0.0,-0.0,-0.0,-0.0,-0.00980377197265625,-0.00629425048828125,-0.012054443359375,-0.01529693603515625,-0.01071929931640625,-0.01495361328125,-0.0089263916015625,-0.02197265625,-0.00484466552734375,-0.01384735107421875,-0.0246429443359375,-0.00888824462890625,-0.02185821533203125,-0.00888824462890625,-0.006561279296875,-0.02590179443359375,0.104522705078125,0.10009765625,0.098419189453125,0.096282958984375,0.118560791015625,0.099639892578125,0.103607177734375,0.1025390625,0.088348388671875,0.04302978515625,0.1007080078125,0.096435546875,-0.84808349609375,-0.15106201171875,0.66162109375,-1.2359619140625,-1.732913613319397
805,0.6575000000000004,-0.0,-0.0,-0.0,-0.0,-0.0,-0.0,-0.9813156127929688,-0.8913040161132812,-782.7922973632812,-246242.234375,31475.8515625,546.0745239257812,-0.0,-0.0,-0.0,-0.0,-0.0,-0.0,-0.0,-0.0,-0.0,-0.0,-0.0,-0.0,-0.0055694580078125,-0.0026702880859375,-0.00446319580078125,-0.007476806640625,-0.0054168701171875,-0.00827789306640625,-0.00965118408203125,-0.01399993896484375,-0.00415802001953125,-0.01125335693359375,-0.0322723388671875,-0.00553131103515625,-0.02025604248046875,-0.0058746337890625,-0.000457763671875,-0.0150299072265625,0.103759765625,0.100250244140625,0.0970458984375,0.092010498046875,0.11749267578125,0.098419189453125,0.100555419921875,0.103607177734375,0.15167236328125,0.121612548828125,0.09765625,0.09002685546875,-1.4019775390625,-3.09661865234375,0.7000732421875,-2.922515869140625,-0.5133762359619141
806,0.6580000000000004,-0.0,-0.0,-0.0,-0.0,-0.0,-0.0,-0.9194656610488892,-1.1678072214126587,-784.6214599609375,-246684.46875,30800.48046875,487.422607421875,-0.0,-0.0,-0.0,-0.0,-0.0,-0.0,-0.0,-0.0,-0.0,-0.0,-0.0,-0.0,0.01041412353515625,0.009765625,0.0118255615234375,0.01575469970703125,0.0116729736328125,0.01338958740234375,0.009918212890625,0.0197601318359375,0.0070953369140625,0.01312255859375,0.0275421142578125,0.01049041748046875,0.0218963623046875,0.010986328125,0.002593994140625,0.025634765625,0.095977783203125,0.09735107421875,0.095672607421875,0.09765625,0.09918212890625,0.100250244140625,0.0958251953125,0.099029541015625,-0.0347900390625,0.10833740234375,0.09674072265625,0.099945068359375,0.937957763671875,0.65216064453125,-0.3369140625,1.39404296875,10.76734447479248
807,0.6585000000000003,-0.0,-0.0,-0.0,-0.0,-0.0,-0.0,-1.1597366333007812,-2.0319037437438965,-783.7780151367188,-247280.453125,30550.1328125,425.8349609375,-0.0,-0.0,-0.0,-0.0,-0.0,-0.0,-0.0,-0.0,-0.0,-0.0,-0.0,-0.0,0.0091552734375,0.00667572021484375,0.00720977783203125,0.01026153564453125,0.0055694580078125,0.01071929931640625,0.0074005126953125,0.0146484375,0.00202178955078125,0.009613037109375,0.03082275390625,0.0037384033203125,0.0231170654296875,0.0070953369140625,0.0046539306640625,0.01514434814453125,0.095977783203125,0.10101318359375,0.098419189453125,0.102081298828125,0.096588134765625,0.095062255859375,0.098419189453125,0.09552001953125,0.2471923828125,0.080718994140625,0.1031494140625,0.098114013671875,1.4764404296875,3.28460693359375,-0.6695556640625,3.07830810546875,3.145235776901245
808,0.6590000000000004,-0.0,-0.0,-0.0,-0.0,-0.0,-0.0,-1.3914544582366943,-2.139129638671875,-786.92041015625,-247598.625,30909.55859375,536.546630859375,-0.0,-0.0,-0.0,-0.0,-0.0,-0.0,-0.0,-0.0,-0.0,-0.0,-0.0,-0.0,-0.0084686279296875,-0.00675201416015625,-0.012359619140625,-0.01476287841796875,-0.0107574462890625,-0.014495849609375,-0.00988006591796875,-0.02147674560546875,-0.00728607177734375,-0.0121307373046875,-0.0276947021484375,-0.005950927734375,-0.01941680908203125,-0.008544921875,-0.003814697265625,-0.02529144287109375,0.093841552734375,0.10498046875,0.095062255859375,0.09857177734375,0.090789794921875,0.097503662109375,0.097808837890625,0.09796142578125,0.00396728515625,0.108489990234375,0.110015869140625,0.086212158203125,-0.586700439453125,-0.5303955078125,0.73028564453125,-0.843658447265625,-2.647566556930542
809,0.6595000000000004,-0.0,-0.0,-0.0,-0.0,-0.0,-0.0,-1.3114409446716309,-2.424315929412842,-785.718994140625,-248067.296875,30495.416015625,472.0657958984375,-0.0,-0.0,-0.0,-0.0,-0.0,-0.0,-0.0,-0.0,-0.0,-0.0,-0.0,-0.0,-0.007171630859375,-0.0049591064453125,-0.00766754150390625,-0.008544921875,-0.00522613525390625,-0.0063323974609375,-0.00637054443359375,-0.01346588134765625,-0.0028228759765625,-0.0103759765625,-0.0305938720703125,-0.00202178955078125,-0.0217437744140625,-0.00621795654296875,-0.00499725341796875,-0.015106201171875,0.100555419921875,0.1043701171875,0.096282958984375,0.092926025390625,0.086212158203125,0.100250244140625,0.099029541015625,0.102691650390625,0.23223876953125,0.07354736328125,0.09918212890625,0.093841552734375,-1.227264404296875,-3.09295654296875,1.04461669921875,-2.8936767578125,-2.342682361602783
810,0.6600000000000004,-0.0,-0.0,-0.0,-0.0,-0.0,-0.0,-1.5431007146835327,-2.7542097568511963,-788.968994140625,-248244.46875,30354.880859375,489.4642639160156,-0.0,-0.0,-0.0,-0.0,-0.0,-0.0,-0.0,-0.0,-0.0,-0.0,-0.0,-0.0,0.00812530517578125,0.008697509765625,0.01209259033203125,0.01613616943359375,0.00957489013671875,0.016021728515625,0.0090789794921875,0.02330780029296875,0.00530242919921875,0.014801025390625,0.02361297607421875,0.00881195068359375,0.02079010009765625,0.011138916015625,0.0037384033203125,0.02758026123046875,0.101318359375,0.095367431640625,0.102081298828125,0.100860595703125,0.0994873046875,0.098419189453125,0.09735107421875,0.09521484375,0.10711669921875,0.1116943359375,0.09918212890625,0.093231201171875,0.99853515625,0.4949951171875,-0.518798828125,1.33087158203125,10.76734447479248
811,0.6605000000000003,-0.0,-0.0,-0.0,-0.0,-0.0,-0.0,-1.0880526304244995,-2.530672788619995,-787.4114990234375,-248479.453125,30315.455078125,419.0910339355469,-0.0,-0.0,-0.0,-0.0,-0.0,-0.0,-0.0,-0.0,-0.0,-0.0,-0.0,-0.0,0.0067138671875,0.0051116943359375,0.0054931640625,0.0090789794921875,0.0048828125,0.009002685546875,0.00881195068359375,0.01613616943359375,0.00606536865234375,0.00885009765625,0.0342559814453125,0.00370025634765625,0.02475738525390625,0.00423431396484375,0.0026702880859375,0.0148773193359375,0.09918212890625,0.1055908203125,0.102386474609375,0.10589599609375,0.095367431640625,0.0994873046875,0.102386474609375,0.10040283203125,0.15167236328125,0.116119384765625,0.100250244140625,0.09735107421875,1.189727783203125,3.310546875,-0.59326171875,3.2061767578125,4.364773273468018
812,0.6610000000000004,-0.0,-0.0,-0.0,-0.0,-0.0,-0.0,-1.5796905755996704,-2.40873384475708,-786.6005859375,-248506.0625,30291.66796875,457.0277099609375,-0.0,-0.0,-0.0,-0.0,-0.0,-0.0,-0.0,-0.0,-0.0,-0.0,-0.0,-0.0,-0.00591278076171875,-0.00858306884765625,-0.01003265380859375,-0.01598358154296875,-0.0103759765625,-0.013885498046875,-0.009613037109375,-0.02178192138671875,-0.005950927734375,-0.0135040283203125,-0.02391815185546875,-0.0113677978515625,-0.0201416015625,-0.010528564453125,-0.00354766845703125,-0.0254058837890625,0.098724365234375,0.0994873046875,0.096282958984375,0.099029541015625,0.0457763671875,0.099639892578125,0.0970458984375,0.094757080078125,0.069732666015625,0.1580810546875,0.09979248046875,0.093231201171875,-0.72784423828125,-0.37139892578125,0.439453125,-1.17095947265625,-2.0377979278564453
