TendonLength
version=1
nRows=541
nColumns=81
inDegrees=no

This analysis gathers basic information about muscles during a simulation (e.g., forces, tendon lengths, moment arms, etc).
Units are S.I. units (second, meters, Newtons, ...)
If the header above contains a line with 'inDegrees', this indicates whether rotational values are in degrees (yes) or radians (no).

endheader
time	addbrev_r	addlong_r	addmagDist_r	addmagIsch_r	addmagMid_r	addmagProx_r	bflh_r	bfsh_r	edl_r	ehl_r	fdl_r	fhl_r	gaslat_r	gasmed_r	glmax1_r	glmax2_r	glmax3_r	glmed1_r	glmed2_r	glmed3_r	glmin1_r	glmin2_r	glmin3_r	grac_r	iliacus_r	perbrev_r	perlong_r	piri_r	psoas_r	recfem_r	sart_r	semimem_r	semiten_r	soleus_r	tfl_r	tibant_r	tibpost_r	vasint_r	vaslat_r	vasmed_r	addbrev_l	addlong_l	addmagDist_l	addmagIsch_l	addmagMid_l	addmagProx_l	bflh_l	bfsh_l	edl_l	ehl_l	fdl_l	fhl_l	gaslat_l	gasmed_l	glmax1_l	glmax2_l	glmax3_l	glmed1_l	glmed2_l	glmed3_l	glmin1_l	glmin2_l	glmin3_l	grac_l	iliacus_l	perbrev_l	perlong_l	piri_l	psoas_l	recfem_l	sart_l	semimem_l	semiten_l	soleus_l	tfl_l	tibant_l	tibpost_l	vasint_l	vaslat_l	vasmed_l
      3.00000000	      0.04146075	      0.15123469	      0.10039006	      0.33178983	      0.05412171	      0.04775336	      0.34572522	      0.11984787	      0.36496824	      0.32903024	      0.33667428	      0.31392465	      0.32692751	      0.33584234	      0.05593146	      0.07815371	      0.08086882	      0.06325637	      0.07434000	      0.05234039	      0.01820031	      0.02943583	      0.00803629	      0.19505728	      0.11020672	      0.10743741	      0.30517857	      0.07435752	      0.11405001	      0.52892116	      0.14041499	      0.32323182	      0.37047794	      0.24212475	      0.51299722	      0.23493084	      0.24021791	      0.29004719	      0.30716128	      0.28365240	      0.03911321	      0.15036349	      0.09102516	      0.27958485	      0.04959813	      0.04564312	      0.34490656	      0.11246696	      0.36957492	      0.33158438	      0.35378635	      0.33205912	      0.39664967	      0.41162050	      0.05454758	      0.07551869	      0.07745989	      0.06230423	      0.07301243	      0.05121347	      0.01767033	      0.02848888	     -0.00236122	      0.18143239	      0.10774376	      0.11646227	      0.32187214	      0.06027805	      0.11187527	      0.45106020	      0.13318945	      0.33619760	      0.39544889	      0.26620275	      0.47521696	      0.23306769	      0.25462758	      0.22091791	      0.23834663	      0.21698764
      3.00500000	      0.04146075	      0.15125792	      0.10039006	      0.33162053	      0.05412171	      0.04775336	      0.34557524	      0.11984787	      0.36497495	      0.32903743	      0.33667252	      0.31392173	      0.32693771	      0.33586824	      0.05593146	      0.07815371	      0.08086882	      0.06325637	      0.07434000	      0.05234039	      0.01820031	      0.02943583	      0.00806667	      0.19505728	      0.11020672	      0.10743609	      0.30517663	      0.07433803	      0.11405001	      0.52901687	      0.14041499	      0.32311167	      0.37032791	      0.24211681	      0.51320209	      0.23493881	      0.24021597	      0.29001272	      0.30712880	      0.28361967	      0.03911321	      0.15012664	      0.09102516	      0.27994722	      0.04959813	      0.04564312	      0.34509862	      0.11246696	      0.36950274	      0.33150696	      0.35379901	      0.33208283	      0.39660286	      0.41158736	      0.05454758	      0.07551869	      0.07745989	      0.06230423	      0.07301243	      0.05121347	      0.01767033	      0.02848888	     -0.00230620	      0.18143239	      0.10774376	      0.11647303	      0.32188905	      0.06032807	      0.11187527	      0.45101697	      0.13318945	      0.33630402	      0.39557653	      0.26627563	      0.47502511	      0.23298087	      0.25464253	      0.22113849	      0.23857638	      0.21720412
      3.01000000	      0.04146075	      0.15127979	      0.10039006	      0.33145018	      0.05412171	      0.04775336	      0.34542465	      0.11984787	      0.36498207	      0.32904504	      0.33667064	      0.31391862	      0.32694757	      0.33589387	      0.05593146	      0.07815371	      0.08086882	      0.06325637	      0.07434000	      0.05234039	      0.01820031	      0.02943583	      0.00809770	      0.19505728	      0.11020672	      0.10743469	      0.30517458	      0.07431898	      0.11405001	      0.52911300	      0.14041499	      0.32299107	      0.37017721	      0.24210840	      0.51340813	      0.23494724	      0.24021392	      0.28997816	      0.30709623	      0.28358684	      0.03911321	      0.14989394	      0.09102516	      0.28031346	      0.04959813	      0.04564312	      0.34529157	      0.11246696	      0.36942903	      0.33142789	      0.35381191	      0.33210700	      0.39655709	      0.41155496	      0.05454758	      0.07551869	      0.07745989	      0.06230423	      0.07301243	      0.05121347	      0.01767033	      0.02848888	     -0.00225290	      0.18143239	      0.10774376	      0.11648401	      0.32190629	      0.06037585	      0.11187527	      0.45097212	      0.13318945	      0.33641105	      0.39570533	      0.26634997	      0.47482972	      0.23289221	      0.25465776	      0.22135946	      0.23880644	      0.21742087
      3.01500000	      0.04146075	      0.15129876	      0.10039006	      0.33127764	      0.05412171	      0.04775336	      0.34527282	      0.11984787	      0.36498997	      0.32905349	      0.33666856	      0.31391518	      0.32695671	      0.33591892	      0.05593146	      0.07815371	      0.08086882	      0.06325637	      0.07434000	      0.05234039	      0.01820031	      0.02943583	      0.00813024	      0.19505728	      0.11020672	      0.10743314	      0.30517229	      0.07430103	      0.11405001	      0.52920997	      0.14041499	      0.32286955	      0.37002507	      0.24209906	      0.51361678	      0.23495661	      0.24021164	      0.28994335	      0.30706344	      0.28355379	      0.03911321	      0.14966862	      0.09102516	      0.28068635	      0.04959813	      0.04564312	      0.34548598	      0.11246696	      0.36935232	      0.33134560	      0.35382529	      0.33213211	      0.39651354	      0.41152452	      0.05454758	      0.07551869	      0.07745989	      0.06230423	      0.07301243	      0.05121347	      0.01767033	      0.02848888	     -0.00220298	      0.18143239	      0.10774376	      0.11649541	      0.32192420	      0.06041908	      0.11187527	      0.45092500	      0.13318945	      0.33651932	      0.39583640	      0.26642724	      0.47462883	      0.23279993	      0.25467358	      0.22158145	      0.23903749	      0.21763854
      3.02000000	      0.04146075	      0.15131343	      0.10039006	      0.33110193	      0.05412171	      0.04775336	      0.34511923	      0.11984787	      0.36499901	      0.32906317	      0.33666618	      0.31391123	      0.32696477	      0.33594310	      0.05593146	      0.07815371	      0.08086882	      0.06325637	      0.07434000	      0.05234039	      0.01820031	      0.02943583	      0.00816506	      0.19505728	      0.11020672	      0.10743136	      0.30516968	      0.07428478	      0.11405001	      0.52930817	      0.14041499	      0.32274665	      0.36987081	      0.24208837	      0.51382931	      0.23496733	      0.24020903	      0.28990817	      0.30703028	      0.28352036	      0.03911321	      0.14945371	      0.09102516	      0.28106845	      0.04959813	      0.04564312	      0.34568234	      0.11246696	      0.36927128	      0.33125867	      0.35383938	      0.33215857	      0.39647330	      0.41149713	      0.05454758	      0.07551869	      0.07745989	      0.06230423	      0.07301243	      0.05121347	      0.01767033	      0.02848888	     -0.00215787	      0.18143239	      0.10774376	      0.11650742	      0.32194310	      0.06045567	      0.11187527	      0.45087507	      0.13318945	      0.33662939	      0.39597070	      0.26650878	      0.47442074	      0.23270244	      0.25469024	      0.22180508	      0.23927014	      0.21785771
      3.02500000	      0.04146075	      0.15132258	      0.10039006	      0.33092216	      0.05412171	      0.04775336	      0.34496340	      0.11984787	      0.36500954	      0.32907443	      0.33666340	      0.31390664	      0.32697141	      0.33596614	      0.05593146	      0.07815371	      0.08086882	      0.06325637	      0.07434000	      0.05234039	      0.01820031	      0.02943583	      0.00820280	      0.19505728	      0.11020672	      0.10742929	      0.30516664	      0.07427077	      0.11405001	      0.52940793	      0.14041499	      0.32262199	      0.36971385	      0.24207592	      0.51404680	      0.23497981	      0.24020598	      0.28987249	      0.30699667	      0.28348647	      0.03911321	      0.14925181	      0.09102516	      0.28146202	      0.04959813	      0.04564312	      0.34588105	      0.11246696	      0.36918475	      0.33116585	      0.35385437	      0.33218676	      0.39643727	      0.41147371	      0.05454758	      0.07551869	      0.07745989	      0.06230423	      0.07301243	      0.05121347	      0.01767033	      0.02848888	     -0.00211874	      0.18143239	      0.10774376	      0.11652022	      0.32196325	      0.06048383	      0.11187527	      0.45082187	      0.13318945	      0.33674171	      0.39610902	      0.26659571	      0.47420401	      0.23259835	      0.25470798	      0.22203089	      0.23950497	      0.21807893
      3.03000000	      0.04146075	      0.15132530	      0.10039006	      0.33073765	      0.05412171	      0.04775336	      0.34480497	      0.11984787	      0.36502183	      0.32908758	      0.33666016	      0.31390128	      0.32697632	      0.33598779	      0.05593146	      0.07815371	      0.08086882	      0.06325637	      0.07434000	      0.05234039	      0.01820031	      0.02943583	      0.00824396	      0.19505728	      0.11020672	      0.10742688	      0.30516309	      0.07425943	      0.11405001	      0.52950951	      0.14041499	      0.32249526	      0.36955371	      0.24206138	      0.51427009	      0.23499439	      0.24020243	      0.28983623	      0.30696250	      0.28345202	      0.03911321	      0.14906503	      0.09102516	      0.28186887	      0.04959813	      0.04564312	      0.34608236	      0.11246696	      0.36909180	      0.33106613	      0.35387042	      0.33221698	      0.39640614	      0.41145496	      0.05454758	      0.07551869	      0.07745989	      0.06230423	      0.07301243	      0.05121347	      0.01767033	      0.02848888	     -0.00208641	      0.18143239	      0.10774376	      0.11653394	      0.32198486	      0.06050218	      0.11187527	      0.45076503	      0.13318945	      0.33685659	      0.39625197	      0.26668897	      0.47397759	      0.23248652	      0.25472699	      0.22225938	      0.23974246	      0.21830266
      3.03500000	      0.04146075	      0.15132093	      0.10039006	      0.33054793	      0.05412171	      0.04775336	      0.34464370	      0.11984787	      0.36503614	      0.32910288	      0.33665639	      0.31389503	      0.32697926	      0.33600782	      0.05593146	      0.07815371	      0.08086882	      0.06325637	      0.07434000	      0.05234039	      0.01820031	      0.02943583	      0.00828884	      0.19505728	      0.11020672	      0.10742406	      0.30515895	      0.07425105	      0.11405001	      0.52961310	      0.14041499	      0.32236625	      0.36939010	      0.24204447	      0.51449968	      0.23501134	      0.24019830	      0.28979933	      0.30692774	      0.28341697	      0.03911321	      0.14889488	      0.09102516	      0.28229031	      0.04959813	      0.04564312	      0.34628638	      0.11246696	      0.36899177	      0.33095883	      0.35388761	      0.33224940	      0.39638034	      0.41144133	      0.05454758	      0.07551869	      0.07745989	      0.06230423	      0.07301243	      0.05121347	      0.01767033	      0.02848888	     -0.00206134	      0.18143239	      0.10774376	      0.11654867	      0.32200806	      0.06050980	      0.11187527	      0.45070438	      0.13318945	      0.33697420	      0.39639988	      0.26678916	      0.47374088	      0.23236618	      0.25474738	      0.22249093	      0.23998300	      0.21852928
      3.04000000	      0.04146075	      0.15130918	      0.10039006	      0.33035271	      0.05412171	      0.04775336	      0.34447946	      0.11984787	      0.36505264	      0.32912053	      0.33665203	      0.31388782	      0.32698002	      0.33602605	      0.05593146	      0.07815371	      0.08086882	      0.06325637	      0.07434000	      0.05234039	      0.01820031	      0.02943583	      0.00833757	      0.19505728	      0.11020672	      0.10742082	      0.30515418	      0.07424583	      0.11405001	      0.52971879	      0.14041499	      0.32223485	      0.36922281	      0.24202495	      0.51473580	      0.23503090	      0.24019352	      0.28976176	      0.30689235	      0.28338127	      0.03911321	      0.14874207	      0.09102516	      0.28272721	      0.04959813	      0.04564312	      0.34649316	      0.11246696	      0.36888429	      0.33084353	      0.35390601	      0.33228415	      0.39636004	      0.41143297	      0.05454758	      0.07551869	      0.07745989	      0.06230423	      0.07301243	      0.05121347	      0.01767033	      0.02848888	     -0.00204356	      0.18143239	      0.10774376	      0.11656445	      0.32203295	      0.06050628	      0.11187527	      0.45063982	      0.13318945	      0.33709461	      0.39655290	      0.26689664	      0.47349361	      0.23223687	      0.25476921	      0.22272588	      0.24022696	      0.21875914
      3.04500000	      0.04146075	      0.15129011	      0.10039006	      0.33015206	      0.05412171	      0.04775336	      0.34431234	      0.11984787	      0.36507147	      0.32914067	      0.33664706	      0.31387960	      0.32697844	      0.33604233	      0.05593146	      0.07815371	      0.08086882	      0.06325637	      0.07434000	      0.05234039	      0.01820031	      0.02943583	      0.00839005	      0.19505728	      0.11020672	      0.10741711	      0.30514873	      0.07424381	      0.11405001	      0.52982654	      0.14041499	      0.32210110	      0.36905192	      0.24200267	      0.51497823	      0.23505322	      0.24018807	      0.28972353	      0.30685634	      0.28334495	      0.03911321	      0.14860654	      0.09102516	      0.28317973	      0.04959813	      0.04564312	      0.34670256	      0.11246696	      0.36876934	      0.33072021	      0.35392560	      0.33232120	      0.39634507	      0.41142975	      0.05454758	      0.07551869	      0.07745989	      0.06230423	      0.07301243	      0.05121347	      0.01767033	      0.02848888	     -0.00203269	      0.18143239	      0.10774376	      0.11658128	      0.32205951	      0.06049176	      0.11187527	      0.45057147	      0.13318945	      0.33721768	      0.39671086	      0.26701139	      0.47323609	      0.23209857	      0.25479247	      0.22296445	      0.24047451	      0.21899242
      3.05000000	      0.04146075	      0.15126410	      0.10039006	      0.32994629	      0.05412171	      0.04775336	      0.34414258	      0.11984787	      0.36509269	      0.32916337	      0.33664145	      0.31387032	      0.32697443	      0.33605653	      0.05593146	      0.07815371	      0.08086882	      0.06325637	      0.07434000	      0.05234039	      0.01820031	      0.02943583	      0.00844597	      0.19505728	      0.11020672	      0.10741293	      0.30514259	      0.07424490	      0.11405001	      0.52993621	      0.14041499	      0.32196516	      0.36887769	      0.24197755	      0.51522640	      0.23507838	      0.24018193	      0.28968470	      0.30681976	      0.28330804	      0.03911321	      0.14848740	      0.09102516	      0.28364746	      0.04959813	      0.04564312	      0.34691431	      0.11246696	      0.36864722	      0.33058920	      0.35394630	      0.33236043	      0.39633500	      0.41143120	      0.05454758	      0.07551869	      0.07745989	      0.06230423	      0.07301243	      0.05121347	      0.01767033	      0.02848888	     -0.00202792	      0.18143239	      0.10774376	      0.11659910	      0.32208766	      0.06046695	      0.11187527	      0.45049958	      0.13318945	      0.33734316	      0.39687336	      0.26713305	      0.47296902	      0.23195163	      0.25481709	      0.22320676	      0.24072578	      0.21922923
      3.05500000	      0.04146075	      0.15123189	      0.10039006	      0.32973601	      0.05412171	      0.04775336	      0.34397062	      0.11984787	      0.36511630	      0.32918863	      0.33663521	      0.31385999	      0.32696795	      0.33606858	      0.05593146	      0.07815371	      0.08086882	      0.06325637	      0.07434000	      0.05234039	      0.01820031	      0.02943583	      0.00850484	      0.19505728	      0.11020672	      0.10740828	      0.30513576	      0.07424888	      0.11405001	      0.53004752	      0.14041499	      0.32182735	      0.36870057	      0.24194960	      0.51547936	      0.23510637	      0.24017509	      0.28964533	      0.30678267	      0.28327063	      0.03911321	      0.14838287	      0.09102516	      0.28412943	      0.04959813	      0.04564312	      0.34712809	      0.11246696	      0.36851857	      0.33045119	      0.35396799	      0.33240162	      0.39632907	      0.41143658	      0.05454758	      0.07551869	      0.07745989	      0.06230423	      0.07301243	      0.05121347	      0.01767033	      0.02848888	     -0.00202805	      0.18143239	      0.10774376	      0.11661781	      0.32211724	      0.06043314	      0.11187527	      0.45042455	      0.13318945	      0.33747065	      0.39703974	      0.26726095	      0.47269355	      0.23179684	      0.25484291	      0.22345281	      0.24098077	      0.21946960
      3.06000000	      0.04146075	      0.15119452	      0.10039006	      0.32952208	      0.05412171	      0.04775336	      0.34379705	      0.11984787	      0.36514225	      0.32921639	      0.33662834	      0.31384864	      0.32695899	      0.33607845	      0.05593146	      0.07815371	      0.08086882	      0.06325637	      0.07434000	      0.05234039	      0.01820031	      0.02943583	      0.00856596	      0.19505728	      0.11020672	      0.10740317	      0.30512824	      0.07425541	      0.11405001	      0.53016006	      0.14041499	      0.32168813	      0.36852124	      0.24191886	      0.51573578	      0.23513713	      0.24016756	      0.28960553	      0.30674519	      0.28323280	      0.03911321	      0.14829037	      0.09102516	      0.28462406	      0.04959813	      0.04564312	      0.34734346	      0.11246696	      0.36838434	      0.33030719	      0.35399051	      0.33244445	      0.39632627	      0.41144487	      0.05454758	      0.07551869	      0.07745989	      0.06230423	      0.07301243	      0.05121347	      0.01767033	      0.02848888	     -0.00203152	      0.18143239	      0.10774376	      0.11663727	      0.32214803	      0.06039212	      0.11187527	      0.45034691	      0.13318945	      0.33759965	      0.39720914	      0.26739412	      0.47241120	      0.23163533	      0.25486974	      0.22370253	      0.24123937	      0.21971342
      3.06500000	      0.04146075	      0.15115332	      0.10039006	      0.32930562	      0.05412171	      0.04775336	      0.34362262	      0.11984787	      0.36517042	      0.32924652	      0.33662088	      0.31383630	      0.32694764	      0.33608614	      0.05593146	      0.07815371	      0.08086882	      0.06325637	      0.07434000	      0.05234039	      0.01820031	      0.02943583	      0.00862848	      0.19505728	      0.11020672	      0.10739761	      0.30512008	      0.07426407	      0.11405001	      0.53027334	      0.14041499	      0.32154805	      0.36834054	      0.24188549	      0.51599405	      0.23517051	      0.24015939	      0.28956544	      0.30670743	      0.28319469	      0.03911321	      0.14820661	      0.09102516	      0.28512929	      0.04959813	      0.04564312	      0.34755991	      0.11246696	      0.36824573	      0.33015848	      0.35401362	      0.33248850	      0.39632537	      0.41145482	      0.05454758	      0.07551869	      0.07745989	      0.06230423	      0.07301243	      0.05121347	      0.01767033	      0.02848888	     -0.00203649	      0.18143239	      0.10774376	      0.11665729	      0.32217974	      0.06034611	      0.11187527	      0.45026730	      0.13318945	      0.33772954	      0.39738050	      0.26753133	      0.47212381	      0.23146854	      0.25489732	      0.22395572	      0.24150137	      0.21996053
      3.07000000	      0.04146075	      0.15110981	      0.10039006	      0.32908788	      0.05412171	      0.04775336	      0.34344820	      0.11984787	      0.36520063	      0.32927883	      0.33661287	      0.31382306	      0.32693402	      0.33609171	      0.05593146	      0.07815371	      0.08086882	      0.06325637	      0.07434000	      0.05234039	      0.01820031	      0.02943583	      0.00869143	      0.19505728	      0.11020672	      0.10739165	      0.30511132	      0.07427433	      0.11405001	      0.53038678	      0.14041499	      0.32140779	      0.36815943	      0.24184970	      0.51625233	      0.23520631	      0.24015062	      0.28952521	      0.30666954	      0.28315645	      0.03911321	      0.14812775	      0.09102516	      0.28564263	      0.04959813	      0.04564312	      0.34777689	      0.11246696	      0.36810415	      0.33000659	      0.35403708	      0.33253333	      0.39632501	      0.41146506	      0.05454758	      0.07551869	      0.07745989	      0.06230423	      0.07301243	      0.05121347	      0.01767033	      0.02848888	     -0.00204097	      0.18143239	      0.10774376	      0.11667766	      0.32221205	      0.06029765	      0.11187527	      0.45018646	      0.13318945	      0.33785963	      0.39755262	      0.26767115	      0.47183346	      0.23129817	      0.25492535	      0.22421212	      0.24176647	      0.22021063
      3.07500000	      0.04146075	      0.15106571	      0.10039006	      0.32887024	      0.05412171	      0.04775336	      0.34327469	      0.11984787	      0.36523264	      0.32931307	      0.33660437	      0.31380902	      0.32691833	      0.33609527	      0.05593146	      0.07815371	      0.08086882	      0.06325637	      0.07434000	      0.05234039	      0.01820031	      0.02943583	      0.00875374	      0.19505728	      0.11020672	      0.10738533	      0.30510203	      0.07428560	      0.11405001	      0.53049977	      0.14041499	      0.32126802	      0.36797895	      0.24181175	      0.51650866	      0.23524424	      0.24014131	      0.28948500	      0.30663167	      0.28311823	      0.03911321	      0.14804963	      0.09102516	      0.28616130	      0.04959813	      0.04564312	      0.34799381	      0.11246696	      0.36796111	      0.32985313	      0.35406064	      0.33257845	      0.39632376	      0.41147414	      0.05454758	      0.07551869	      0.07745989	      0.06230423	      0.07301243	      0.05121347	      0.01767033	      0.02848888	     -0.00204287	      0.18143239	      0.10774376	      0.11669816	      0.32224459	      0.06024948	      0.11187527	      0.45010516	      0.13318945	      0.33798919	      0.39772422	      0.26781208	      0.47154235	      0.23112604	      0.25495354	      0.22447133	      0.24203427	      0.22046337
      3.08000000	      0.04146075	      0.15102280	      0.10039006	      0.32865410	      0.05412171	      0.04775336	      0.34310298	      0.11984787	      0.36526617	      0.32934894	      0.33659546	      0.31379430	      0.32690081	      0.33609697	      0.05593146	      0.07815371	      0.08086882	      0.06325637	      0.07434000	      0.05234039	      0.01820031	      0.02943583	      0.00881432	      0.19505728	      0.11020672	      0.10737870	      0.30509230	      0.07429726	      0.11405001	      0.53061172	      0.14041499	      0.32112943	      0.36780010	      0.24177198	      0.51676105	      0.23528398	      0.24013156	      0.28944498	      0.30659398	      0.28308018	      0.03911321	      0.14796805	      0.09102516	      0.28668235	      0.04959813	      0.04564312	      0.34821002	      0.11246696	      0.36781813	      0.32969974	      0.35408405	      0.33262337	      0.39632023	      0.41148069	      0.05454758	      0.07551869	      0.07745989	      0.06230423	      0.07301243	      0.05121347	      0.01767033	      0.02848888	     -0.00204020	      0.18143239	      0.10774376	      0.11671858	      0.32227704	      0.06020430	      0.11187527	      0.45002421	      0.13318945	      0.33811747	      0.39789397	      0.26795262	      0.47125271	      0.23095398	      0.25498159	      0.22473295	      0.24230432	      0.22071831
      3.08500000	      0.04146075	      0.15098292	      0.10039006	      0.32844076	      0.05412171	      0.04775336	      0.34293389	      0.11984787	      0.36530090	      0.32938609	      0.33658622	      0.31377905	      0.32688177	      0.33609704	      0.05593146	      0.07815371	      0.08086882	      0.06325637	      0.07434000	      0.05234039	      0.01820031	      0.02943583	      0.00887209	      0.19505728	      0.11020672	      0.10737183	      0.30508221	      0.07430868	      0.11405001	      0.53072208	      0.14041499	      0.32099262	      0.36762383	      0.24173077	      0.51700763	      0.23532512	      0.24012144	      0.28940531	      0.30655663	      0.28304246	      0.03911321	      0.14787897	      0.09102516	      0.28720287	      0.04959813	      0.04564312	      0.34842491	      0.11246696	      0.36767665	      0.32954795	      0.35410707	      0.33266764	      0.39631318	      0.41148341	      0.05454758	      0.07551869	      0.07745989	      0.06230423	      0.07301243	      0.05121347	      0.01767033	      0.02848888	     -0.00203112	      0.18143239	      0.10774376	      0.11673870	      0.32230905	      0.06016466	      0.11187527	      0.44994438	      0.13318945	      0.33824372	      0.39806057	      0.26809135	      0.47096668	      0.23078373	      0.25500920	      0.22499647	      0.24257611	      0.22097498
      3.09000000	      0.04146075	      0.15094784	      0.10039006	      0.32823139	      0.05412171	      0.04775336	      0.34276812	      0.11984787	      0.36533646	      0.32942412	      0.33657674	      0.31376341	      0.32686154	      0.33609574	      0.05593146	      0.07815371	      0.08086882	      0.06325637	      0.07434000	      0.05234039	      0.01820031	      0.02943583	      0.00892602	      0.19505728	      0.11020672	      0.10736479	      0.30507187	      0.07431922	      0.11405001	      0.53083041	      0.14041499	      0.32085812	      0.36745095	      0.24168856	      0.51724670	      0.23536725	      0.24011108	      0.28936613	      0.30651974	      0.28300521	      0.03911321	      0.14777872	      0.09102516	      0.28772002	      0.04959813	      0.04564312	      0.34863782	      0.11246696	      0.36753797	      0.32939917	      0.35412950	      0.33271088	      0.39630152	      0.41148124	      0.05454758	      0.07551869	      0.07745989	      0.06230423	      0.07301243	      0.05121347	      0.01767033	      0.02848888	     -0.00201405	      0.18143239	      0.10774376	      0.11675835	      0.32234035	      0.06013286	      0.11187527	      0.44986644	      0.13318945	      0.33836719	      0.39822278	      0.26822702	      0.47068625	      0.23061684	      0.25503615	      0.22526141	      0.24284914	      0.22123291
      3.09500000	      0.04146075	      0.15091931	      0.10039006	      0.32802699	      0.05412171	      0.04775336	      0.34260620	      0.11984787	      0.36537246	      0.32946263	      0.33656714	      0.31374756	      0.32684053	      0.33609341	      0.05593146	      0.07815371	      0.08086882	      0.06325637	      0.07434000	      0.05234039	      0.01820031	      0.02943583	      0.00897515	      0.19505728	      0.11020672	      0.10735765	      0.30506140	      0.07432825	      0.11405001	      0.53093635	      0.14041499	      0.32072631	      0.36728209	      0.24164581	      0.51747681	      0.23540991	      0.24010057	      0.28932759	      0.30648345	      0.28296855	      0.03911321	      0.14766413	      0.09102516	      0.28823119	      0.04959813	      0.04564312	      0.34884811	      0.11246696	      0.36740316	      0.32925453	      0.35415117	      0.33275275	      0.39628442	      0.41147330	      0.05454758	      0.07551869	      0.07745989	      0.06230423	      0.07301243	      0.05121347	      0.01767033	      0.02848888	     -0.00198771	      0.18143239	      0.10774376	      0.11677739	      0.32237069	      0.06011083	      0.11187527	      0.44979108	      0.13318945	      0.33848720	      0.39837942	      0.26835860	      0.47041317	      0.23045460	      0.25506222	      0.22552728	      0.24312288	      0.22149160
      3.10000000	      0.04146075	      0.15089893	      0.10039006	      0.32782834	      0.05412171	      0.04775336	      0.34244849	      0.11984787	      0.36540850	      0.32950118	      0.33655752	      0.31373169	      0.32681916	      0.33609038	      0.05593146	      0.07815371	      0.08086882	      0.06325637	      0.07434000	      0.05234039	      0.01820031	      0.02943583	      0.00901862	      0.19505728	      0.11020672	      0.10735050	      0.30505091	      0.07433519	      0.11405001	      0.53103968	      0.14041499	      0.32059743	      0.36711773	      0.24160299	      0.51769678	      0.23545260	      0.24009004	      0.28928977	      0.30644785	      0.28293259	      0.03911321	      0.14753259	      0.09102516	      0.28873405	      0.04959813	      0.04564312	      0.34905517	      0.11246696	      0.36727307	      0.32911495	      0.35417196	      0.33279300	      0.39626128	      0.41145898	      0.05454758	      0.07551869	      0.07745989	      0.06230423	      0.07301243	      0.05121347	      0.01767033	      0.02848888	     -0.00195113	      0.18143239	      0.10774376	      0.11679569	      0.32239989	      0.06010012	      0.11187527	      0.44971894	      0.13318945	      0.33860309	      0.39852944	      0.26848530	      0.47014896	      0.23029804	      0.25508726	      0.22579362	      0.24339688	      0.22175062
      3.10500000	      0.04146075	      0.15088817	      0.10039006	      0.32763600	      0.05412171	      0.04775336	      0.34229518	      0.11984787	      0.36544418	      0.32953934	      0.33654798	      0.31371596	      0.32679784	      0.33608705	      0.05593146	      0.07815371	      0.08086882	      0.06325637	      0.07434000	      0.05234039	      0.01820031	      0.02943583	      0.00905570	      0.19505728	      0.11020672	      0.10734342	      0.30504052	      0.07433949	      0.11405001	      0.53114030	      0.14041499	      0.32047160	      0.36695812	      0.24156059	      0.51790573	      0.23549485	      0.24007961	      0.28925279	      0.30641302	      0.28289742	      0.03911321	      0.14738207	      0.09102516	      0.28922659	      0.04959813	      0.04564312	      0.34925841	      0.11246696	      0.36714828	      0.32898107	      0.35419179	      0.33283148	      0.39623174	      0.41143792	      0.05454758	      0.07551869	      0.07745989	      0.06230423	      0.07301243	      0.05121347	      0.01767033	      0.02848888	     -0.00190368	      0.18143239	      0.10774376	      0.11681319	      0.32242784	      0.06010189	      0.11187527	      0.44965059	      0.13318945	      0.33871427	      0.39867192	      0.26860656	      0.46989483	      0.23014787	      0.25511118	      0.22606001	      0.24367068	      0.22200956
      3.11000000	      0.04146075	      0.15088834	      0.10039006	      0.32745035	      0.05412171	      0.04775336	      0.34214631	      0.11984787	      0.36547909	      0.32957667	      0.33653864	      0.31370055	      0.32677703	      0.33608379	      0.05593146	      0.07815371	      0.08086882	      0.06325637	      0.07434000	      0.05234039	      0.01820031	      0.02943583	      0.00908577	      0.19505728	      0.11020672	      0.10733648	      0.30503034	      0.07434065	      0.11405001	      0.53123820	      0.14041499	      0.32034881	      0.36680338	      0.24151907	      0.51810308	      0.23553620	      0.24006940	      0.28921669	      0.30637904	      0.28286309	      0.03911321	      0.14721119	      0.09102516	      0.28970717	      0.04959813	      0.04564312	      0.34945728	      0.11246696	      0.36702914	      0.32885325	      0.35421063	      0.33286809	      0.39619568	      0.41140999	      0.05454758	      0.07551869	      0.07745989	      0.06230423	      0.07301243	      0.05121347	      0.01767033	      0.02848888	     -0.00184502	      0.18143239	      0.10774376	      0.11682984	      0.32245445	      0.06011690	      0.11187527	      0.44958652	      0.13318945	      0.33882020	      0.39880605	      0.26872211	      0.46965174	      0.23000449	      0.25513392	      0.22632609	      0.24394393	      0.22226805
      3.11500000	      0.04146075	      0.15090052	      0.10039006	      0.32727155	      0.05412171	      0.04775336	      0.34200177	      0.11984787	      0.36551287	      0.32961281	      0.33652958	      0.31368563	      0.32675712	      0.33608099	      0.05593146	      0.07815371	      0.08086882	      0.06325637	      0.07434000	      0.05234039	      0.01820031	      0.02943583	      0.00910833	      0.19505728	      0.11020672	      0.10732976	      0.30502049	      0.07433822	      0.11405001	      0.53133349	      0.14041499	      0.32022893	      0.36665343	      0.24147889	      0.51828849	      0.23557621	      0.24005950	      0.28918153	      0.30634595	      0.28282965	      0.03911321	      0.14701908	      0.09102516	      0.29017449	      0.04959813	      0.04564312	      0.34965131	      0.11246696	      0.36691574	      0.32873158	      0.35422846	      0.33290282	      0.39615321	      0.41137529	      0.05454758	      0.07551869	      0.07745989	      0.06230423	      0.07301243	      0.05121347	      0.01767033	      0.02848888	     -0.00177508	      0.18143239	      0.10774376	      0.11684563	      0.32247973	      0.06014555	      0.11187527	      0.44952715	      0.13318945	      0.33892042	      0.39893119	      0.26883186	      0.46942032	      0.22986802	      0.25515547	      0.22659155	      0.24421631	      0.22252582
      3.12000000	      0.04146075	      0.15092560	      0.10039006	      0.32709960	      0.05412171	      0.04775336	      0.34186131	      0.11984787	      0.36554520	      0.32964738	      0.33652091	      0.31367134	      0.32673849	      0.33607899	      0.05593146	      0.07815371	      0.08086882	      0.06325637	      0.07434000	      0.05234039	      0.01820031	      0.02943583	      0.00912306	      0.19505728	      0.11020672	      0.10732333	      0.30501105	      0.07433186	      0.11405001	      0.53142633	      0.14041499	      0.32011176	      0.36650811	      0.24144041	      0.51846192	      0.23561449	      0.24005002	      0.28914735	      0.30631377	      0.28279713	      0.03911321	      0.14680544	      0.09102516	      0.29062765	      0.04959813	      0.04564312	      0.34984007	      0.11246696	      0.36680796	      0.32861594	      0.35424533	      0.33293573	      0.39610460	      0.41133409	      0.05454758	      0.07551869	      0.07745989	      0.06230423	      0.07301243	      0.05121347	      0.01767033	      0.02848888	     -0.00169405	      0.18143239	      0.10774376	      0.11686060	      0.32250370	      0.06018789	      0.11187527	      0.44947280	      0.13318945	      0.33901456	      0.39904684	      0.26893599	      0.46920093	      0.22973831	      0.25517588	      0.22685617	      0.24448759	      0.22278263
      3.12500000	      0.04146075	      0.15096419	      0.10039006	      0.32693435	      0.05412171	      0.04775336	      0.34172463	      0.11984787	      0.36557579	      0.32968011	      0.33651270	      0.31365781	      0.32672147	      0.33607811	      0.05593146	      0.07815371	      0.08086882	      0.06325637	      0.07434000	      0.05234039	      0.01820031	      0.02943583	      0.00912974	      0.19505728	      0.11020672	      0.10731724	      0.30500212	      0.07432126	      0.11405001	      0.53151696	      0.14041499	      0.31999703	      0.36636711	      0.24140399	      0.51862352	      0.23565072	      0.24004104	      0.28911414	      0.30628251	      0.28276553	      0.03911321	      0.14657044	      0.09102516	      0.29106612	      0.04959813	      0.04564312	      0.35002326	      0.11246696	      0.36670548	      0.32850598	      0.35426129	      0.33296694	      0.39605031	      0.41128682	      0.05454758	      0.07551869	      0.07745989	      0.06230423	      0.07301243	      0.05121347	      0.01767033	      0.02848888	     -0.00160233	      0.18143239	      0.10774376	      0.11687479	      0.32252645	      0.06024371	      0.11187527	      0.44942370	      0.13318945	      0.33910232	      0.39915264	      0.26903481	      0.46899363	      0.22961498	      0.25519522	      0.22711979	      0.24475760	      0.22303834
      3.13000000	      0.04146075	      0.15101668	      0.10039006	      0.32677554	      0.05412171	      0.04775336	      0.34159137	      0.11984787	      0.36560443	      0.32971074	      0.33650500	      0.31364513	      0.32670631	      0.33607859	      0.05593146	      0.07815371	      0.08086882	      0.06325637	      0.07434000	      0.05234039	      0.01820031	      0.02943583	      0.00912831	      0.19505728	      0.11020672	      0.10731153	      0.30499375	      0.07430623	      0.11405001	      0.53160562	      0.14041499	      0.31988444	      0.36623009	      0.24136988	      0.51877363	      0.23568463	      0.24003263	      0.28908190	      0.30625217	      0.28273487	      0.03911321	      0.14631464	      0.09102516	      0.29148974	      0.04959813	      0.04564312	      0.35020066	      0.11246696	      0.36660781	      0.32840119	      0.35427643	      0.33299659	      0.39599091	      0.41123408	      0.05454758	      0.07551869	      0.07745989	      0.06230423	      0.07301243	      0.05121347	      0.01767033	      0.02848888	     -0.00150050	      0.18143239	      0.10774376	      0.11688828	      0.32254809	      0.06031255	      0.11187527	      0.44937998	      0.13318945	      0.33918351	      0.39924843	      0.26912884	      0.46879821	      0.22949745	      0.25521359	      0.22738234	      0.24502629	      0.22329287
      3.13500000	      0.04146075	      0.15108315	      0.10039006	      0.32662284	      0.05412171	      0.04775336	      0.34146113	      0.11984787	      0.36563096	      0.32973910	      0.33649786	      0.31363338	      0.32669322	      0.33608065	      0.05593146	      0.07815371	      0.08086882	      0.06325637	      0.07434000	      0.05234039	      0.01820031	      0.02943583	      0.00911886	      0.19505728	      0.11020672	      0.10730624	      0.30498600	      0.07428668	      0.11405001	      0.53169259	      0.14041499	      0.31977367	      0.36609667	      0.24133828	      0.51891276	      0.23571603	      0.24002483	      0.28905063	      0.30622274	      0.28270512	      0.03911321	      0.14603898	      0.09102516	      0.29189870	      0.04959813	      0.04564312	      0.35037216	      0.11246696	      0.36651433	      0.32830090	      0.35429086	      0.33302489	      0.39592704	      0.41117649	      0.05454758	      0.07551869	      0.07745989	      0.06230423	      0.07301243	      0.05121347	      0.01767033	      0.02848888	     -0.00138928	      0.18143239	      0.10774376	      0.11690116	      0.32256876	      0.06039374	      0.11187527	      0.44934167	      0.13318945	      0.33925804	      0.39933418	      0.26921867	      0.46861421	      0.22938496	      0.25523111	      0.22764382	      0.24529364	      0.22354623
      3.14000000	      0.04146075	      0.15116344	      0.10039006	      0.32647588	      0.05412171	      0.04775336	      0.34133354	      0.11984787	      0.36565526	      0.32976509	      0.33649132	      0.31362261	      0.32668233	      0.33608441	      0.05593146	      0.07815371	      0.08086882	      0.06325637	      0.07434000	      0.05234039	      0.01820031	      0.02943583	      0.00910159	      0.19505728	      0.11020672	      0.10730139	      0.30497889	      0.07426259	      0.11405001	      0.53177812	      0.14041499	      0.31966444	      0.36596647	      0.24130932	      0.51904151	      0.23574481	      0.24001768	      0.28902030	      0.30619419	      0.28267626	      0.03911321	      0.14574464	      0.09102516	      0.29229349	      0.04959813	      0.04564312	      0.35053778	      0.11246696	      0.36642434	      0.32820435	      0.35430470	      0.33305207	      0.39585942	      0.41111478	      0.05454758	      0.07551869	      0.07745989	      0.06230423	      0.07301243	      0.05121347	      0.01767033	      0.02848888	     -0.00126949	      0.18143239	      0.10774376	      0.11691352	      0.32258862	      0.06048646	      0.11187527	      0.44930872	      0.13318945	      0.33932591	      0.39941003	      0.26930503	      0.46844093	      0.22927667	      0.25524792	      0.22790429	      0.24555973	      0.22379849
      3.14500000	      0.04146075	      0.15125712	      0.10039006	      0.32633422	      0.05412171	      0.04775336	      0.34120824	      0.11984787	      0.36567731	      0.32978868	      0.33648537	      0.31361283	      0.32667369	      0.33608994	      0.05593146	      0.07815371	      0.08086882	      0.06325637	      0.07434000	      0.05234039	      0.01820031	      0.02943583	      0.00907684	      0.19505728	      0.11020672	      0.10729698	      0.30497244	      0.07423407	      0.11405001	      0.53186244	      0.14041499	      0.31955648	      0.36583910	      0.24128303	      0.51916057	      0.23577091	      0.24001119	      0.28899088	      0.30616650	      0.28264827	      0.03911321	      0.14543305	      0.09102516	      0.29267491	      0.04959813	      0.04564312	      0.35069763	      0.11246696	      0.36633705	      0.32811069	      0.35431807	      0.33307837	      0.39578879	      0.41104969	      0.05454758	      0.07551869	      0.07745989	      0.06230423	      0.07301243	      0.05121347	      0.01767033	      0.02848888	     -0.00114204	      0.18143239	      0.10774376	      0.11692549	      0.32260786	      0.06058980	      0.11187527	      0.44928097	      0.13318945	      0.33938722	      0.39947623	      0.26938867	      0.46827745	      0.22917162	      0.25526418	      0.22816389	      0.24582470	      0.22404977
      3.15000000	      0.04146075	      0.15136354	      0.10039006	      0.32619746	      0.05412171	      0.04775336	      0.34108490	      0.11984787	      0.36569714	      0.32980988	      0.33648003	      0.31360403	      0.32666728	      0.33609723	      0.05593146	      0.07815371	      0.08086882	      0.06325637	      0.07434000	      0.05234039	      0.01820031	      0.02943583	      0.00904503	      0.19505728	      0.11020672	      0.10729302	      0.30496663	      0.07420128	      0.11405001	      0.53194576	      0.14041499	      0.31944956	      0.36571423	      0.24125939	      0.51927069	      0.23579439	      0.24000535	      0.28896234	      0.30613965	      0.28262112	      0.03911321	      0.14510578	      0.09102516	      0.29304398	      0.04959813	      0.04564312	      0.35085195	      0.11246696	      0.36625162	      0.32801903	      0.35433110	      0.33310405	      0.39571587	      0.41098195	      0.05454758	      0.07551869	      0.07745989	      0.06230423	      0.07301243	      0.05121347	      0.01767033	      0.02848888	     -0.00100787	      0.18143239	      0.10774376	      0.11693717	      0.32262665	      0.06070275	      0.11187527	      0.44925821	      0.13318945	      0.33944214	      0.39953319	      0.26947040	      0.46812270	      0.22906882	      0.25528004	      0.22842282	      0.24608874	      0.22430026
      3.15500000	      0.04146075	      0.15148182	      0.10039006	      0.32606517	      0.05412171	      0.04775336	      0.34096325	      0.11984787	      0.36571484	      0.32982881	      0.33647525	      0.31359617	      0.32666301	      0.33610621	      0.05593146	      0.07815371	      0.08086882	      0.06325637	      0.07434000	      0.05234039	      0.01820031	      0.02943583	      0.00900670	      0.19505728	      0.11020672	      0.10728949	      0.30496145	      0.07416448	      0.11405001	      0.53202825	      0.14041499	      0.31934350	      0.36559154	      0.24123828	      0.51937265	      0.23581534	      0.24000013	      0.28893465	      0.30611359	      0.28259477	      0.03911321	      0.14476454	      0.09102516	      0.29340191	      0.04959813	      0.04564312	      0.35100104	      0.11246696	      0.36616723	      0.32792848	      0.35434392	      0.33312935	      0.39564140	      0.41091227	      0.05454758	      0.07551869	      0.07745989	      0.06230423	      0.07301243	      0.05121347	      0.01767033	      0.02848888	     -0.00086796	      0.18143239	      0.10774376	      0.11694868	      0.32264518	      0.06082425	      0.11187527	      0.44924011	      0.13318945	      0.33949094	      0.39958140	      0.26955102	      0.46797546	      0.22896727	      0.25529566	      0.22868129	      0.24635209	      0.22455017
      3.16000000	      0.04146075	      0.15161094	      0.10039006	      0.32593695	      0.05412171	      0.04775336	      0.34084308	      0.11984787	      0.36573054	      0.32984560	      0.33647101	      0.31358920	      0.32666072	      0.33611674	      0.05593146	      0.07815371	      0.08086882	      0.06325637	      0.07434000	      0.05234039	      0.01820031	      0.02943583	      0.00896244	      0.19505728	      0.11020672	      0.10728635	      0.30495685	      0.07412400	      0.11405001	      0.53211004	      0.14041499	      0.31923817	      0.36547079	      0.24121955	      0.51946724	      0.23583393	      0.23999550	      0.28890778	      0.30608830	      0.28256919	      0.03911321	      0.14441108	      0.09102516	      0.29375007	      0.04959813	      0.04564312	      0.35114529	      0.11246696	      0.36608304	      0.32783816	      0.35435666	      0.33315453	      0.39556604	      0.41084135	      0.05454758	      0.07551869	      0.07745989	      0.06230423	      0.07301243	      0.05121347	      0.01767033	      0.02848888	     -0.00072327	      0.18143239	      0.10774376	      0.11696014	      0.32266364	      0.06095325	      0.11187527	      0.44922633	      0.13318945	      0.33953392	      0.39962143	      0.26963132	      0.46783444	      0.22886597	      0.25531120	      0.22893957	      0.24661500	      0.22479976
      3.16500000	      0.04146075	      0.15174972	      0.10039006	      0.32581243	      0.05412171	      0.04775336	      0.34072422	      0.11984787	      0.36574446	      0.32986048	      0.33646725	      0.31358302	      0.32666018	      0.33612862	      0.05593146	      0.07815371	      0.08086882	      0.06325637	      0.07434000	      0.05234039	      0.01820031	      0.02943583	      0.00891291	      0.19505728	      0.11020672	      0.10728356	      0.30495277	      0.07408023	      0.11405001	      0.53219120	      0.14041499	      0.31913349	      0.36535174	      0.24120295	      0.51955523	      0.23585039	      0.23999140	      0.28888168	      0.30606374	      0.28254435	      0.03911321	      0.14404721	      0.09102516	      0.29408986	      0.04959813	      0.04564312	      0.35128511	      0.11246696	      0.36599829	      0.32774723	      0.35436944	      0.33317982	      0.39549044	      0.41076981	      0.05454758	      0.07551869	      0.07745989	      0.06230423	      0.07301243	      0.05121347	      0.01767033	      0.02848888	     -0.00057477	      0.18143239	      0.10774376	      0.11697165	      0.32268219	      0.06108867	      0.11187527	      0.44921647	      0.13318945	      0.33957145	      0.39965393	      0.26971205	      0.46769829	      0.22876398	      0.25532680	      0.22919789	      0.24687774	      0.22504926
      3.17000000	      0.04146075	      0.15189691	      0.10039006	      0.32569126	      0.05412171	      0.04775336	      0.34060656	      0.11984787	      0.36575681	      0.32987369	      0.33646391	      0.31357753	      0.32666114	      0.33614160	      0.05593146	      0.07815371	      0.08086882	      0.06325637	      0.07434000	      0.05234039	      0.01820031	      0.02943583	      0.00885877	      0.19505728	      0.11020672	      0.10728109	      0.30494915	      0.07403359	      0.11405001	      0.53227181	      0.14041499	      0.31902942	      0.36523425	      0.24118821	      0.51963734	      0.23586501	      0.23998775	      0.28885632	      0.30603988	      0.28252023	      0.03911321	      0.14367473	      0.09102516	      0.29442275	      0.04959813	      0.04564312	      0.35142096	      0.11246696	      0.36591223	      0.32765490	      0.35438236	      0.33320543	      0.39541517	      0.41069824	      0.05454758	      0.07551869	      0.07745989	      0.06230423	      0.07301243	      0.05121347	      0.01767033	      0.02848888	     -0.00042337	      0.18143239	      0.10774376	      0.11698330	      0.32270099	      0.06122947	      0.11187527	      0.44921007	      0.13318945	      0.33960391	      0.39967955	      0.26979390	      0.46756569	      0.22866044	      0.25534259	      0.22945652	      0.24714054	      0.22529892
      3.17500000	      0.04146075	      0.15205120	      0.10039006	      0.32557310	      0.05412171	      0.04775336	      0.34049004	      0.11984787	      0.36576786	      0.32988551	      0.33646093	      0.31357261	      0.32666328	      0.33615541	      0.05593146	      0.07815371	      0.08086882	      0.06325637	      0.07434000	      0.05234039	      0.01820031	      0.02943583	      0.00880070	      0.19505728	      0.11020672	      0.10727888	      0.30494591	      0.07398456	      0.11405001	      0.53235188	      0.14041499	      0.31892593	      0.36511817	      0.24117502	      0.51971428	      0.23587810	      0.23998449	      0.28883168	      0.30601670	      0.28249677	      0.03911321	      0.14329542	      0.09102516	      0.29475012	      0.04959813	      0.04564312	      0.35155326	      0.11246696	      0.36582421	      0.32756046	      0.35439553	      0.33323157	      0.39534074	      0.41062714	      0.05454758	      0.07551869	      0.07745989	      0.06230423	      0.07301243	      0.05121347	      0.01767033	      0.02848888	     -0.00026993	      0.18143239	      0.10774376	      0.11699520	      0.32272019	      0.06137462	      0.11187527	      0.44920671	      0.13318945	      0.33963169	      0.39969896	      0.26987748	      0.46743539	      0.22855453	      0.25535869	      0.22971565	      0.24740362	      0.22554892
      3.18000000	      0.04146075	      0.15221130	      0.10039006	      0.32545766	      0.05412171	      0.04775336	      0.34037461	      0.11984787	      0.36577791	      0.32989626	      0.33645821	      0.31356814	      0.32666626	      0.33616972	      0.05593146	      0.07815371	      0.08086882	      0.06325637	      0.07434000	      0.05234039	      0.01820031	      0.02943583	      0.00873936	      0.19505728	      0.11020672	      0.10727687	      0.30494296	      0.07393362	      0.11405001	      0.53243143	      0.14041499	      0.31882305	      0.36500342	      0.24116302	      0.51978667	      0.23588999	      0.23998152	      0.28880771	      0.30599414	      0.28247396	      0.03911321	      0.14291101	      0.09102516	      0.29507330	      0.04959813	      0.04564312	      0.35168242	      0.11246696	      0.36573365	      0.32746329	      0.35440902	      0.33325840	      0.39526764	      0.41055699	      0.05454758	      0.07551869	      0.07745989	      0.06230423	      0.07301243	      0.05121347	      0.01767033	      0.02848888	     -0.00011525	      0.18143239	      0.10774376	      0.11700741	      0.32273991	      0.06152314	      0.11187527	      0.44920594	      0.13318945	      0.33965518	      0.39971281	      0.26996336	      0.46730623	      0.22844556	      0.25537520	      0.22997545	      0.24766713	      0.22579943
      3.18500000	      0.04146075	      0.15237595	      0.10039006	      0.32534465	      0.05412171	      0.04775336	      0.34026026	      0.11984787	      0.36578727	      0.32990626	      0.33645568	      0.31356398	      0.32666975	      0.33618422	      0.05593146	      0.07815371	      0.08086882	      0.06325637	      0.07434000	      0.05234039	      0.01820031	      0.02943583	      0.00867539	      0.19505728	      0.11020672	      0.10727499	      0.30494022	      0.07388125	      0.11405001	      0.53251044	      0.14041499	      0.31872079	      0.36488990	      0.24115186	      0.51985510	      0.23590106	      0.23997876	      0.28878437	      0.30597219	      0.28245175	      0.03911321	      0.14252317	      0.09102516	      0.29539347	      0.04959813	      0.04564312	      0.35180878	      0.11246696	      0.36564003	      0.32736284	      0.35442290	      0.33328605	      0.39519627	      0.41048819	      0.05454758	      0.07551869	      0.07745989	      0.06230423	      0.07301243	      0.05121347	      0.01767033	      0.02848888	      0.00003993	      0.18143239	      0.10774376	      0.11702000	      0.32276026	      0.06167411	      0.11187527	      0.44920734	      0.13318945	      0.33967475	      0.39972171	      0.27005198	      0.46717722	      0.22833291	      0.25539221	      0.23023603	      0.24793119	      0.22605053
      3.19000000	      0.04146075	      0.15254395	      0.10039006	      0.32523380	      0.05412171	      0.04775336	      0.34014702	      0.11984787	      0.36579623	      0.32991585	      0.33645325	      0.31355999	      0.32667337	      0.33619857	      0.05593146	      0.07815371	      0.08086882	      0.06325637	      0.07434000	      0.05234039	      0.01820031	      0.02943583	      0.00860935	      0.19505728	      0.11020672	      0.10727320	      0.30493759	      0.07382792	      0.11405001	      0.53258891	      0.14041499	      0.31861920	      0.36477756	      0.24114115	      0.51992007	      0.23591167	      0.23997611	      0.28876164	      0.30595081	      0.28243012	      0.03911321	      0.14213351	      0.09102516	      0.29571167	      0.04959813	      0.04564312	      0.35193263	      0.11246696	      0.36554294	      0.32725868	      0.35443724	      0.33331465	      0.39512700	      0.41042110	      0.05454758	      0.07551869	      0.07745989	      0.06230423	      0.07301243	      0.05121347	      0.01767033	      0.02848888	      0.00019498	      0.18143239	      0.10774376	      0.11703302	      0.32278133	      0.06182664	      0.11187527	      0.44921051	      0.13318945	      0.33969074	      0.39972622	      0.27014373	      0.46704750	      0.22821611	      0.25540980	      0.23049741	      0.24819582	      0.22630227
      3.19500000	      0.04146075	      0.15271421	      0.10039006	      0.32512488	      0.05412171	      0.04775336	      0.34003491	      0.11984787	      0.36580511	      0.32992534	      0.33645085	      0.31355604	      0.32667678	      0.33621245	      0.05593146	      0.07815371	      0.08086882	      0.06325637	      0.07434000	      0.05234039	      0.01820031	      0.02943583	      0.00854178	      0.19505728	      0.11020672	      0.10727142	      0.30493499	      0.07377411	      0.11405001	      0.53266679	      0.14041499	      0.31851833	      0.36466636	      0.24113055	      0.51998202	      0.23592218	      0.23997349	      0.28873948	      0.30592995	      0.28240902	      0.03911321	      0.14174353	      0.09102516	      0.29602878	      0.04959813	      0.04564312	      0.35205420	      0.11246696	      0.36544207	      0.32715045	      0.35445207	      0.33334429	      0.39506013	      0.41035602	      0.05454758	      0.07551869	      0.07745989	      0.06230423	      0.07301243	      0.05121347	      0.01767033	      0.02848888	      0.00034932	      0.18143239	      0.10774376	      0.11704651	      0.32280317	      0.06197991	      0.11187527	      0.44921505	      0.13318945	      0.33970349	      0.39972688	      0.27023890	      0.46691641	      0.22809475	      0.25542800	      0.23075957	      0.24846098	      0.22655460
      3.20000000	      0.04146075	      0.15288567	      0.10039006	      0.32501769	      0.05412171	      0.04775336	      0.33992401	      0.11984787	      0.36581417	      0.32993504	      0.33644839	      0.31355201	      0.32667966	      0.33622558	      0.05593146	      0.07815371	      0.08086882	      0.06325637	      0.07434000	      0.05234039	      0.01820031	      0.02943583	      0.00847317	      0.19505728	      0.11020672	      0.10726960	      0.30493233	      0.07372027	      0.11405001	      0.53274404	      0.14041499	      0.31841823	      0.36455631	      0.24111973	      0.52004132	      0.23593291	      0.23997081	      0.28871783	      0.30590959	      0.28238842	      0.03911321	      0.14135464	      0.09102516	      0.29634556	      0.04959813	      0.04564312	      0.35217370	      0.11246696	      0.36533719	      0.32703792	      0.35446741	      0.33337501	      0.39499590	      0.41029319	      0.05454758	      0.07551869	      0.07745989	      0.06230423	      0.07301243	      0.05121347	      0.01767033	      0.02848888	      0.00050245	      0.18143239	      0.10774376	      0.11706049	      0.32282583	      0.06213318	      0.11187527	      0.44922061	      0.13318945	      0.33971329	      0.39972418	      0.27033767	      0.46678339	      0.22796857	      0.25544686	      0.23102243	      0.24872660	      0.22680745
      3.20500000	      0.04146075	      0.15305740	      0.10039006	      0.32491206	      0.05412171	      0.04775336	      0.33981440	      0.11984787	      0.36582366	      0.32994519	      0.33644582	      0.31354778	      0.32668176	      0.33623771	      0.05593146	      0.07815371	      0.08086882	      0.06325637	      0.07434000	      0.05234039	      0.01820031	      0.02943583	      0.00840395	      0.19505728	      0.11020672	      0.10726770	      0.30492954	      0.07366680	      0.11405001	      0.53282061	      0.14041499	      0.31831901	      0.36444742	      0.24110840	      0.52009827	      0.23594414	      0.23996801	      0.28869668	      0.30588969	      0.28236828	      0.03911321	      0.14096814	      0.09102516	      0.29666267	      0.04959813	      0.04564312	      0.35229128	      0.11246696	      0.36522817	      0.32692095	      0.35448327	      0.33340684	      0.39493447	      0.41023275	      0.05454758	      0.07551869	      0.07745989	      0.06230423	      0.07301243	      0.05121347	      0.01767033	      0.02848888	      0.00065398	      0.18143239	      0.10774376	      0.11707499	      0.32284934	      0.06228575	      0.11187527	      0.44922681	      0.13318945	      0.33972047	      0.39971860	      0.27044014	      0.46664804	      0.22783741	      0.25546639	      0.23128585	      0.24899254	      0.22706070
      3.21000000	      0.04146075	      0.15322852	      0.10039006	      0.32480787	      0.05412171	      0.04775336	      0.33970620	      0.11984787	      0.36583377	      0.32995600	      0.33644308	      0.31354328	      0.32668285	      0.33624866	      0.05593146	      0.07815371	      0.08086882	      0.06325637	      0.07434000	      0.05234039	      0.01820031	      0.02943583	      0.00833451	      0.19505728	      0.11020672	      0.10726568	      0.30492657	      0.07361411	      0.11405001	      0.53289639	      0.14041499	      0.31822076	      0.36433976	      0.24109632	      0.52015310	      0.23595610	      0.23996502	      0.28867597	      0.30587021	      0.28234857	      0.03911321	      0.14058522	      0.09102516	      0.29698065	      0.04959813	      0.04564312	      0.35240711	      0.11246696	      0.36511498	      0.32679951	      0.35449966	      0.33343979	      0.39487594	      0.41017481	      0.05454758	      0.07551869	      0.07745989	      0.06230423	      0.07301243	      0.05121347	      0.01767033	      0.02848888	      0.00080357	      0.18143239	      0.10774376	      0.11708999	      0.32287370	      0.06243700	      0.11187527	      0.44923332	      0.13318945	      0.33972534	      0.39971060	      0.27054632	      0.46651004	      0.22770125	      0.25548659	      0.23154968	      0.24925863	      0.22731417
      3.21500000	      0.04146075	      0.15339826	      0.10039006	      0.32470506	      0.05412171	      0.04775336	      0.33959958	      0.11984787	      0.36584463	      0.32996761	      0.33644014	      0.31353844	      0.32668281	      0.33625831	      0.05593146	      0.07815371	      0.08086882	      0.06325637	      0.07434000	      0.05234039	      0.01820031	      0.02943583	      0.00826518	      0.19505728	      0.11020672	      0.10726350	      0.30492338	      0.07356256	      0.11405001	      0.53297128	      0.14041499	      0.31812363	      0.36423344	      0.24108335	      0.52020596	      0.23596895	      0.23996180	      0.28865566	      0.30585111	      0.28232924	      0.03911321	      0.14020693	      0.09102516	      0.29730002	      0.04959813	      0.04564312	      0.35252135	      0.11246696	      0.36499769	      0.32667366	      0.35451655	      0.33347382	      0.39482031	      0.41011937	      0.05454758	      0.07551869	      0.07745989	      0.06230423	      0.07301243	      0.05121347	      0.01767033	      0.02848888	      0.00095095	      0.18143239	      0.10774376	      0.11710549	      0.32289888	      0.06258640	      0.11187527	      0.44923979	      0.13318945	      0.33972823	      0.39970066	      0.27065613	      0.46636916	      0.22756015	      0.25550743	      0.23181376	      0.24952471	      0.22756772
      3.22000000	      0.04146075	      0.15356590	      0.10039006	      0.32460364	      0.05412171	      0.04775336	      0.33949473	      0.11984787	      0.36585632	      0.32998011	      0.33643697	      0.31353324	      0.32668155	      0.33626660	      0.05593146	      0.07815371	      0.08086882	      0.06325637	      0.07434000	      0.05234039	      0.01820031	      0.02943583	      0.00819628	      0.19505728	      0.11020672	      0.10726115	      0.30491995	      0.07351247	      0.11405001	      0.53304512	      0.14041499	      0.31802780	      0.36412862	      0.24106939	      0.52025693	      0.23598278	      0.23995835	      0.28863572	      0.30583236	      0.28231026	      0.03911321	      0.13983420	      0.09102516	      0.29762123	      0.04959813	      0.04564312	      0.35263419	      0.11246696	      0.36487644	      0.32654358	      0.35453391	      0.33350888	      0.39476753	      0.41006637	      0.05454758	      0.07551869	      0.07745989	      0.06230423	      0.07301243	      0.05121347	      0.01767033	      0.02848888	      0.00109593	      0.18143239	      0.10774376	      0.11712145	      0.32292484	      0.06273346	      0.11187527	      0.44924590	      0.13318945	      0.33972950	      0.39968927	      0.27076940	      0.46622521	      0.22741430	      0.25552888	      0.23207793	      0.24979062	      0.22782120
      3.22500000	      0.04146075	      0.15373084	      0.10039006	      0.32450364	      0.05412171	      0.04775336	      0.33939189	      0.11984787	      0.36586885	      0.32999351	      0.33643357	      0.31352765	      0.32667909	      0.33627358	      0.05593146	      0.07815371	      0.08086882	      0.06325637	      0.07434000	      0.05234039	      0.01820031	      0.02943583	      0.00812805	      0.19505728	      0.11020672	      0.10725864	      0.30491627	      0.07346411	      0.11405001	      0.53311775	      0.14041499	      0.31793347	      0.36402550	      0.24105442	      0.52030604	      0.23599761	      0.23995464	      0.28861611	      0.30581391	      0.28229159	      0.03911321	      0.13946785	      0.09102516	      0.29794474	      0.04959813	      0.04564312	      0.35274586	      0.11246696	      0.36475148	      0.32640951	      0.35455169	      0.33354488	      0.39471744	      0.41001566	      0.05454758	      0.07551869	      0.07745989	      0.06230423	      0.07301243	      0.05121347	      0.01767033	      0.02848888	      0.00123837	      0.18143239	      0.10774376	      0.11713785	      0.32295154	      0.06287779	      0.11187527	      0.44925131	      0.13318945	      0.33972952	      0.39967693	      0.27088588	      0.46607802	      0.22726400	      0.25555089	      0.23234203	      0.25005619	      0.22807446
      3.23000000	      0.04146075	      0.15389251	      0.10039006	      0.32440520	      0.05412171	      0.04775336	      0.33929133	      0.11984787	      0.36588216	      0.33000775	      0.33642996	      0.31352172	      0.32667552	      0.33627935	      0.05593146	      0.07815371	      0.08086882	      0.06325637	      0.07434000	      0.05234039	      0.01820031	      0.02943583	      0.00806073	      0.19505728	      0.11020672	      0.10725597	      0.30491236	      0.07341772	      0.11405001	      0.53318894	      0.14041499	      0.31784089	      0.36392435	      0.24103850	      0.52035327	      0.23601337	      0.23995069	      0.28859678	      0.30579573	      0.28227318	      0.03911321	      0.13910856	      0.09102516	      0.29827099	      0.04959813	      0.04564312	      0.35285661	      0.11246696	      0.36462310	      0.32627178	      0.35456985	      0.33358173	      0.39466985	      0.40996703	      0.05454758	      0.07551869	      0.07745989	      0.06230423	      0.07301243	      0.05121347	      0.01767033	      0.02848888	      0.00137821	      0.18143239	      0.10774376	      0.11715463	      0.32297890	      0.06301906	      0.11187527	      0.44925565	      0.13318945	      0.33972871	      0.39966420	      0.27100527	      0.46592744	      0.22710960	      0.25557339	      0.23260590	      0.25032128	      0.22832735
      3.23500000	      0.04146075	      0.15405047	      0.10039006	      0.32430850	      0.05412171	      0.04775336	      0.33919335	      0.11984787	      0.36589617	      0.33002272	      0.33642616	      0.31351547	      0.32667099	      0.33628407	      0.05593146	      0.07815371	      0.08086882	      0.06325637	      0.07434000	      0.05234039	      0.01820031	      0.02943583	      0.00799451	      0.19505728	      0.11020672	      0.10725316	      0.30490824	      0.07337348	      0.11405001	      0.53325846	      0.14041499	      0.31775034	      0.36382550	      0.24102176	      0.52039850	      0.23602994	      0.23994655	      0.28857768	      0.30577777	      0.28225500	      0.03911321	      0.13875687	      0.09102516	      0.29860046	      0.04959813	      0.04564312	      0.35296677	      0.11246696	      0.36449170	      0.32613079	      0.35458832	      0.33361931	      0.39462443	      0.40992019	      0.05454758	      0.07551869	      0.07745989	      0.06230423	      0.07301243	      0.05121347	      0.01767033	      0.02848888	      0.00151540	      0.18143239	      0.10774376	      0.11717175	      0.32300683	      0.06315700	      0.11187527	      0.44925853	      0.13318945	      0.33972752	      0.39965166	      0.27112720	      0.46577328	      0.22695156	      0.25559632	      0.23286941	      0.25058573	      0.22857974
      3.24000000	      0.04146075	      0.15420431	      0.10039006	      0.32421379	      0.05412171	      0.04775336	      0.33909830	      0.11984787	      0.36591071	      0.33003827	      0.33642221	      0.31350898	      0.32666572	      0.33628798	      0.05593146	      0.07815371	      0.08086882	      0.06325637	      0.07434000	      0.05234039	      0.01820031	      0.02943583	      0.00792954	      0.19505728	      0.11020672	      0.10725024	      0.30490397	      0.07333150	      0.11405001	      0.53332603	      0.14041499	      0.31766216	      0.36372929	      0.24100438	      0.52044159	      0.23604714	      0.23994224	      0.28855877	      0.30575998	      0.28223700	      0.03911321	      0.13841322	      0.09102516	      0.29893363	      0.04959813	      0.04564312	      0.35307670	      0.11246696	      0.36435768	      0.32598701	      0.35460704	      0.33365748	      0.39458086	      0.40987480	      0.05454758	      0.07551869	      0.07745989	      0.06230423	      0.07301243	      0.05121347	      0.01767033	      0.02848888	      0.00164998	      0.18143239	      0.10774376	      0.11718914	      0.32303525	      0.06329144	      0.11187527	      0.44925953	      0.13318945	      0.33972643	      0.39963990	      0.27125125	      0.46561536	      0.22679040	      0.25561959	      0.23313242	      0.25084941	      0.22883151
      3.24500000	      0.04146075	      0.15435376	      0.10039006	      0.32412140	      0.05412171	      0.04775336	      0.33900656	      0.11984787	      0.36592558	      0.33005417	      0.33641817	      0.31350235	      0.32665997	      0.33629137	      0.05593146	      0.07815371	      0.08086882	      0.06325637	      0.07434000	      0.05234039	      0.01820031	      0.02943583	      0.00786594	      0.19505728	      0.11020672	      0.10724725	      0.30489960	      0.07329186	      0.11405001	      0.53339134	      0.14041499	      0.31757669	      0.36363617	      0.24098660	      0.52048236	      0.23606473	      0.23993783	      0.28854001	      0.30574234	      0.28221914	      0.03911321	      0.13807793	      0.09102516	      0.29927102	      0.04959813	      0.04564312	      0.35318683	      0.11246696	      0.36422153	      0.32584094	      0.35462593	      0.33369611	      0.39453873	      0.40983046	      0.05454758	      0.07551869	      0.07745989	      0.06230423	      0.07301243	      0.05121347	      0.01767033	      0.02848888	      0.00178201	      0.18143239	      0.10774376	      0.11720675	      0.32306404	      0.06342224	      0.11187527	      0.44925824	      0.13318945	      0.33972596	      0.39962957	      0.27137697	      0.46545344	      0.22662668	      0.25564311	      0.23339483	      0.25111223	      0.22908256
      3.25000000	      0.04146075	      0.15449861	      0.10039006	      0.32403170	      0.05412171	      0.04775336	      0.33891851	      0.11984787	      0.36594055	      0.33007018	      0.33641409	      0.31349566	      0.32665407	      0.33629456	      0.05593146	      0.07815371	      0.08086882	      0.06325637	      0.07434000	      0.05234039	      0.01820031	      0.02943583	      0.00780378	      0.19505728	      0.11020672	      0.10724424	      0.30489519	      0.07325454	      0.11405001	      0.53345406	      0.14041499	      0.31749432	      0.36354658	      0.24096869	      0.52052055	      0.23608245	      0.23993339	      0.28852134	      0.30572478	      0.28220137	      0.03911321	      0.13775119	      0.09102516	      0.29961317	      0.04959813	      0.04564312	      0.35329762	      0.11246696	      0.36408374	      0.32569311	      0.35464492	      0.33373506	      0.39449761	      0.40978674	      0.05454758	      0.07551869	      0.07745989	      0.06230423	      0.07301243	      0.05121347	      0.01767033	      0.02848888	      0.00191157	      0.18143239	      0.10774376	      0.11722449	      0.32309309	      0.06354934	      0.11187527	      0.44925420	      0.13318945	      0.33972663	      0.39962134	      0.27150389	      0.46528726	      0.22646101	      0.25566679	      0.23365655	      0.25137410	      0.22933281
      3.25500000	      0.04146075	      0.15463873	      0.10039006	      0.32394512	      0.05412171	      0.04775336	      0.33883457	      0.11984787	      0.36595539	      0.33008605	      0.33641006	      0.31348904	      0.32664834	      0.33629789	      0.05593146	      0.07815371	      0.08086882	      0.06325637	      0.07434000	      0.05234039	      0.01820031	      0.02943583	      0.00774312	      0.19505728	      0.11020672	      0.10724126	      0.30489083	      0.07321947	      0.11405001	      0.53351385	      0.14041499	      0.31741545	      0.36346101	      0.24095095	      0.52055591	      0.23610000	      0.23992899	      0.28850272	      0.30570727	      0.28218364	      0.03911321	      0.13743311	      0.09102516	      0.29996065	      0.04959813	      0.04564312	      0.35340957	      0.11246696	      0.36394483	      0.32554408	      0.35466393	      0.33377415	      0.39445703	      0.40974320	      0.05454758	      0.07551869	      0.07745989	      0.06230423	      0.07301243	      0.05121347	      0.01767033	      0.02848888	      0.00203880	      0.18143239	      0.10774376	      0.11724231	      0.32312230	      0.06367274	      0.11187527	      0.44924694	      0.13318945	      0.33972902	      0.39961589	      0.27163152	      0.46511654	      0.22629400	      0.25569055	      0.23391752	      0.25163494	      0.22958221
      3.26000000	      0.04146075	      0.15477410	      0.10039006	      0.32386211	      0.05412171	      0.04775336	      0.33875512	      0.11984787	      0.36596983	      0.33010149	      0.33640613	      0.31348258	      0.32664311	      0.33630172	      0.05593146	      0.07815371	      0.08086882	      0.06325637	      0.07434000	      0.05234039	      0.01820031	      0.02943583	      0.00768396	      0.19505728	      0.11020672	      0.10723835	      0.30488658	      0.07318652	      0.11405001	      0.53357035	      0.14041499	      0.31734048	      0.36337996	      0.24093367	      0.52058814	      0.23611708	      0.23992470	      0.28848411	      0.30568977	      0.28216592	      0.03911321	      0.13712370	      0.09102516	      0.30031401	      0.04959813	      0.04564312	      0.35352322	      0.11246696	      0.36380531	      0.32539441	      0.35468289	      0.33381326	      0.39441653	      0.40969937	      0.05454758	      0.07551869	      0.07745989	      0.06230423	      0.07301243	      0.05121347	      0.01767033	      0.02848888	      0.00216387	      0.18143239	      0.10774376	      0.11726013	      0.32315156	      0.06379248	      0.11187527	      0.44923601	      0.13318945	      0.33973367	      0.39961390	      0.27175937	      0.46494097	      0.22612628	      0.25571429	      0.23417769	      0.25189473	      0.22983071
      3.26500000	      0.04146075	      0.15490477	      0.10039006	      0.32378316	      0.05412171	      0.04775336	      0.33868058	      0.11984787	      0.36598363	      0.33011625	      0.33640237	      0.31347642	      0.32663873	      0.33630640	      0.05593146	      0.07815371	      0.08086882	      0.06325637	      0.07434000	      0.05234039	      0.01820031	      0.02943583	      0.00762629	      0.19505728	      0.11020672	      0.10723558	      0.30488252	      0.07315549	      0.11405001	      0.53362321	      0.14041499	      0.31726983	      0.36330396	      0.24091716	      0.52061695	      0.23613341	      0.23992060	      0.28846545	      0.30567222	      0.28214815	      0.03911321	      0.13682290	      0.09102516	      0.30067382	      0.04959813	      0.04564312	      0.35363911	      0.11246696	      0.36366571	      0.32524464	      0.35470174	      0.33385224	      0.39437563	      0.40965477	      0.05454758	      0.07551869	      0.07745989	      0.06230423	      0.07301243	      0.05121347	      0.01767033	      0.02848888	      0.00228693	      0.18143239	      0.10774376	      0.11727790	      0.32318075	      0.06390865	      0.11187527	      0.44922094	      0.13318945	      0.33974116	      0.39961606	      0.27188699	      0.46476022	      0.22595846	      0.25573791	      0.23443703	      0.25215342	      0.23007828
      3.27000000	      0.04146075	      0.15503091	      0.10039006	      0.32370878	      0.05412171	      0.04775336	      0.33861132	      0.11984787	      0.36599656	      0.33013008	      0.33639885	      0.31347063	      0.32663549	      0.33631224	      0.05593146	      0.07815371	      0.08086882	      0.06325637	      0.07434000	      0.05234039	      0.01820031	      0.02943583	      0.00757004	      0.19505728	      0.11020672	      0.10723297	      0.30487871	      0.07312613	      0.11405001	      0.53367207	      0.14041499	      0.31720390	      0.36323351	      0.24090169	      0.52064203	      0.23614871	      0.23991676	      0.28844670	      0.30565459	      0.28213030	      0.03911321	      0.13653057	      0.09102516	      0.30104064	      0.04959813	      0.04564312	      0.35375779	      0.11246696	      0.36352650	      0.32509530	      0.35472039	      0.33389094	      0.39433389	      0.40960897	      0.05454758	      0.07551869	      0.07745989	      0.06230423	      0.07301243	      0.05121347	      0.01767033	      0.02848888	      0.00240820	      0.18143239	      0.10774376	      0.11729554	      0.32320978	      0.06402138	      0.11187527	      0.44920128	      0.13318945	      0.33975204	      0.39962305	      0.27201392	      0.46457395	      0.22579114	      0.25576135	      0.23469552	      0.25241100	      0.23032492
      3.27500000	      0.04146075	      0.15515274	      0.10039006	      0.32363946	      0.05412171	      0.04775336	      0.33854768	      0.11984787	      0.36600843	      0.33014277	      0.33639561	      0.31346533	      0.32663368	      0.33631954	      0.05593146	      0.07815371	      0.08086882	      0.06325637	      0.07434000	      0.05234039	      0.01820031	      0.02943583	      0.00751514	      0.19505728	      0.11020672	      0.10723059	      0.30487521	      0.07309810	      0.11405001	      0.53371661	      0.14041499	      0.31714307	      0.36316909	      0.24088748	      0.52066310	      0.23616275	      0.23991323	      0.28842781	      0.30563683	      0.28211232	      0.03911321	      0.13624656	      0.09102516	      0.30141500	      0.04959813	      0.04564312	      0.35387980	      0.11246696	      0.36338815	      0.32494688	      0.35473881	      0.33392924	      0.39429088	      0.40956155	      0.05454758	      0.07551869	      0.07745989	      0.06230423	      0.07301243	      0.05121347	      0.01767033	      0.02848888	      0.00252788	      0.18143239	      0.10774376	      0.11731300	      0.32323855	      0.06413083	      0.11187527	      0.44917659	      0.13318945	      0.33976684	      0.39963550	      0.27213974	      0.46438185	      0.22562487	      0.25578452	      0.23495316	      0.25266746	      0.23057063
      3.28000000	      0.04146075	      0.15527058	      0.10039006	      0.32357569	      0.05412171	      0.04775336	      0.33848996	      0.11984787	      0.36601907	      0.33015415	      0.33639271	      0.31346056	      0.32663352	      0.33632854	      0.05593146	      0.07815371	      0.08086882	      0.06325637	      0.07434000	      0.05234039	      0.01820031	      0.02943583	      0.00746148	      0.19505728	      0.11020672	      0.10722844	      0.30487208	      0.07307105	      0.11405001	      0.53375653	      0.14041499	      0.31708768	      0.36311117	      0.24087474	      0.52067989	      0.23617534	      0.23991007	      0.28840874	      0.30561890	      0.28209416	      0.03911321	      0.13597063	      0.09102516	      0.30179735	      0.04959813	      0.04564312	      0.35400566	      0.11246696	      0.36325109	      0.32479984	      0.35475692	      0.33396704	      0.39424622	      0.40951212	      0.05454758	      0.07551869	      0.07745989	      0.06230423	      0.07301243	      0.05121347	      0.01767033	      0.02848888	      0.00264619	      0.18143239	      0.10774376	      0.11733023	      0.32326698	      0.06423719	      0.11187527	      0.44914646	      0.13318945	      0.33978607	      0.39965402	      0.27226408	      0.46418360	      0.22546016	      0.25580736	      0.23520994	      0.25292280	      0.23081539
      3.28500000	      0.04146075	      0.15538482	      0.10039006	      0.32351793	      0.05412171	      0.04775336	      0.33843841	      0.11984787	      0.36602838	      0.33016410	      0.33639017	      0.31345640	      0.32663518	      0.33633942	      0.05593146	      0.07815371	      0.08086882	      0.06325637	      0.07434000	      0.05234039	      0.01820031	      0.02943583	      0.00740892	      0.19505728	      0.11020672	      0.10722657	      0.30486934	      0.07304455	      0.11405001	      0.53379155	      0.14041499	      0.31703804	      0.36306014	      0.24086359	      0.52069217	      0.23618635	      0.23990730	      0.28838943	      0.30560075	      0.28207578	      0.03911321	      0.13570254	      0.09102516	      0.30218814	      0.04959813	      0.04564312	      0.35413585	      0.11246696	      0.36311568	      0.32465459	      0.35477470	      0.33400423	      0.39419956	      0.40946036	      0.05454758	      0.07551869	      0.07745989	      0.06230423	      0.07301243	      0.05121347	      0.01767033	      0.02848888	      0.00276334	      0.18143239	      0.10774376	      0.11734719	      0.32329498	      0.06434065	      0.11187527	      0.44911052	      0.13318945	      0.33981021	      0.39967918	      0.27238660	      0.46397892	      0.22529746	      0.25582980	      0.23546586	      0.25317703	      0.23105923
      3.29000000	      0.04146075	      0.15549595	      0.10039006	      0.32346659	      0.05412171	      0.04775336	      0.33839324	      0.11984787	      0.36603629	      0.33017256	      0.33638801	      0.31345286	      0.32663877	      0.33635231	      0.05593146	      0.07815371	      0.08086882	      0.06325637	      0.07434000	      0.05234039	      0.01820031	      0.02943583	      0.00735730	      0.19505728	      0.11020672	      0.10722497	      0.30486701	      0.07301814	      0.11405001	      0.53382143	      0.14041499	      0.31699442	      0.36301638	      0.24085412	      0.52069972	      0.23619571	      0.23990495	      0.28836985	      0.30558234	      0.28205713	      0.03911321	      0.13544204	      0.09102516	      0.30258776	      0.04959813	      0.04564312	      0.35427083	      0.11246696	      0.36298229	      0.32451149	      0.35479208	      0.33404071	      0.39415060	      0.40940596	      0.05454758	      0.07551869	      0.07745989	      0.06230423	      0.07301243	      0.05121347	      0.01767033	      0.02848888	      0.00287957	      0.18143239	      0.10774376	      0.11736383	      0.32332249	      0.06444145	      0.11187527	      0.44906843	      0.13318945	      0.33983968	      0.39971148	      0.27250700	      0.46376755	      0.22513720	      0.25585180	      0.23572092	      0.25343015	      0.23130214
      3.29500000	      0.04146075	      0.15560449	      0.10039006	      0.32342206	      0.05412171	      0.04775336	      0.33835456	      0.11984787	      0.36604280	      0.33017952	      0.33638624	      0.31344994	      0.32664432	      0.33636728	      0.05593146	      0.07815371	      0.08086882	      0.06325637	      0.07434000	      0.05234039	      0.01820031	      0.02943583	      0.00730644	      0.19505728	      0.11020672	      0.10722366	      0.30486509	      0.07299134	      0.11405001	      0.53384600	      0.14041499	      0.31695702	      0.36298017	      0.24084633	      0.52070241	      0.23620341	      0.23990301	      0.28834995	      0.30556363	      0.28203818	      0.03911321	      0.13518885	      0.09102516	      0.30299647	      0.04959813	      0.04564312	      0.35441098	      0.11246696	      0.36285119	      0.32437086	      0.35480906	      0.33407643	      0.39409909	      0.40934868	      0.05454758	      0.07551869	      0.07745989	      0.06230423	      0.07301243	      0.05121347	      0.01767033	      0.02848888	      0.00299510	      0.18143239	      0.10774376	      0.11738012	      0.32334946	      0.06453980	      0.11187527	      0.44901989	      0.13318945	      0.33987485	      0.39975137	      0.27262504	      0.46354931	      0.22497971	      0.25587330	      0.23597512	      0.25368216	      0.23154412
      3.30000000	      0.04146075	      0.15571103	      0.10039006	      0.32338462	      0.05412171	      0.04775336	      0.33832242	      0.11984787	      0.36604795	      0.33018503	      0.33638483	      0.31344764	      0.32665182	      0.33638433	      0.05593146	      0.07815371	      0.08086882	      0.06325637	      0.07434000	      0.05234039	      0.01820031	      0.02943583	      0.00725615	      0.19505728	      0.11020672	      0.10722262	      0.30486357	      0.07296363	      0.11405001	      0.53386511	      0.14041499	      0.31692597	      0.36295172	      0.24084016	      0.52070013	      0.23620950	      0.23990148	      0.28832967	      0.30554457	      0.28201887	      0.03911321	      0.13494271	      0.09102516	      0.30341449	      0.04959813	      0.04564312	      0.35455665	      0.11246696	      0.36272266	      0.32423299	      0.35482558	      0.33411131	      0.39404482	      0.40928832	      0.05454758	      0.07551869	      0.07745989	      0.06230423	      0.07301243	      0.05121347	      0.01767033	      0.02848888	      0.00311013	      0.18143239	      0.10774376	      0.11739603	      0.32337583	      0.06463596	      0.11187527	      0.44896467	      0.13318945	      0.33991606	      0.39979923	      0.27274048	      0.46332402	      0.22482533	      0.25589429	      0.23622845	      0.25393304	      0.23178518
      3.30500000	      0.04146075	      0.15581623	      0.10039006	      0.32335450	      0.05412171	      0.04775336	      0.33829680	      0.11984787	      0.36605185	      0.33018920	      0.33638377	      0.31344589	      0.32666119	      0.33640338	      0.05593146	      0.07815371	      0.08086882	      0.06325637	      0.07434000	      0.05234039	      0.01820031	      0.02943583	      0.00720622	      0.19505728	      0.11020672	      0.10722184	      0.30486242	      0.07293448	      0.11405001	      0.53387871	      0.14041499	      0.31690134	      0.36293116	      0.24083549	      0.52069287	      0.23621411	      0.23990032	      0.28830898	      0.30552511	      0.28199917	      0.03911321	      0.13470337	      0.09102516	      0.30384194	      0.04959813	      0.04564312	      0.35470809	      0.11246696	      0.36259692	      0.32409810	      0.35484164	      0.33414531	      0.39398764	      0.40922471	      0.05454758	      0.07551869	      0.07745989	      0.06230423	      0.07301243	      0.05121347	      0.01767033	      0.02848888	      0.00322486	      0.18143239	      0.10774376	      0.11741154	      0.32340157	      0.06473015	      0.11187527	      0.44890259	      0.13318945	      0.33996356	      0.39985537	      0.27285315	      0.46309158	      0.22467430	      0.25591471	      0.23648090	      0.25418280	      0.23202530
      3.31000000	      0.04146075	      0.15592074	      0.10039006	      0.32333187	      0.05412171	      0.04775336	      0.33827758	      0.11984787	      0.36605465	      0.33019219	      0.33638301	      0.31344464	      0.32667224	      0.33642432	      0.05593146	      0.07815371	      0.08086882	      0.06325637	      0.07434000	      0.05234039	      0.01820031	      0.02943583	      0.00715644	      0.19505728	      0.11020672	      0.10722127	      0.30486159	      0.07290336	      0.11405001	      0.53388678	      0.14041499	      0.31688312	      0.36291854	      0.24083214	      0.52068066	      0.23621742	      0.23989949	      0.28828783	      0.30550523	      0.28197902	      0.03911321	      0.13447057	      0.09102516	      0.30427887	      0.04959813	      0.04564312	      0.35486552	      0.11246696	      0.36247416	      0.32396642	      0.35485722	      0.33417837	      0.39392740	      0.40915773	      0.05454758	      0.07551869	      0.07745989	      0.06230423	      0.07301243	      0.05121347	      0.01767033	      0.02848888	      0.00333949	      0.18143239	      0.10774376	      0.11742662	      0.32342663	      0.06482261	      0.11187527	      0.44883351	      0.13318945	      0.34001756	      0.39992000	      0.27296290	      0.46285195	      0.22452688	      0.25593456	      0.23673245	      0.25443141	      0.23226447
      3.31500000	      0.04146075	      0.15602527	      0.10039006	      0.32331677	      0.05412171	      0.04775336	      0.33826458	      0.11984787	      0.36605654	      0.33019421	      0.33638249	      0.31344379	      0.32668480	      0.33644696	      0.05593146	      0.07815371	      0.08086882	      0.06325637	      0.07434000	      0.05234039	      0.01820031	      0.02943583	      0.00710662	      0.19505728	      0.11020672	      0.10722089	      0.30486104	      0.07286974	      0.11405001	      0.53388938	      0.14041499	      0.31687125	      0.36291380	      0.24082987	      0.52066361	      0.23621966	      0.23989892	      0.28826616	      0.30548486	      0.28195839	      0.03911321	      0.13424412	      0.09102516	      0.30472521	      0.04959813	      0.04564312	      0.35502908	      0.11246696	      0.36235454	      0.32383812	      0.35487230	      0.33421047	      0.39386401	      0.40908730	      0.05454758	      0.07551869	      0.07745989	      0.06230423	      0.07301243	      0.05121347	      0.01767033	      0.02848888	      0.00345417	      0.18143239	      0.10774376	      0.11744127	      0.32345098	      0.06491356	      0.11187527	      0.44875737	      0.13318945	      0.34007818	      0.39999328	      0.27306958	      0.46260513	      0.22438326	      0.25595381	      0.23698306	      0.25467884	      0.23250267
      3.32000000	      0.04146075	      0.15613051	      0.10039006	      0.32330919	      0.05412171	      0.04775336	      0.33825752	      0.11984787	      0.36605775	      0.33019551	      0.33638216	      0.31344325	      0.32669860	      0.33647109	      0.05593146	      0.07815371	      0.08086882	      0.06325637	      0.07434000	      0.05234039	      0.01820031	      0.02943583	      0.00705655	      0.19505728	      0.11020672	      0.10722065	      0.30486068	      0.07283310	      0.11405001	      0.53388662	      0.14041499	      0.31686556	      0.36291681	      0.24082842	      0.52064192	      0.23622109	      0.23989856	      0.28824395	      0.30546398	      0.28193724	      0.03911321	      0.13402379	      0.09102516	      0.30518082	      0.04959813	      0.04564312	      0.35519882	      0.11246696	      0.36223824	      0.32371337	      0.35488688	      0.33424157	      0.39379741	      0.40901335	      0.05454758	      0.07551869	      0.07745989	      0.06230423	      0.07301243	      0.05121347	      0.01767033	      0.02848888	      0.00356906	      0.18143239	      0.10774376	      0.11745546	      0.32347461	      0.06500322	      0.11187527	      0.44867415	      0.13318945	      0.34014551	      0.40007529	      0.27317309	      0.46235117	      0.22424362	      0.25597244	      0.23723270	      0.25492506	      0.23273986
      3.32500000	      0.04146075	      0.15623714	      0.10039006	      0.32330901	      0.05412171	      0.04775336	      0.33825606	      0.11984787	      0.36605855	      0.33019636	      0.33638194	      0.31344289	      0.32671337	      0.33649645	      0.05593146	      0.07815371	      0.08086882	      0.06325637	      0.07434000	      0.05234039	      0.01820031	      0.02943583	      0.00700605	      0.19505728	      0.11020672	      0.10722049	      0.30486044	      0.07279295	      0.11405001	      0.53387867	      0.14041499	      0.31686584	      0.36292734	      0.24082747	      0.52061584	      0.23622203	      0.23989833	      0.28822115	      0.30544255	      0.28191552	      0.03911321	      0.13380942	      0.09102516	      0.30564546	      0.04959813	      0.04564312	      0.35537478	      0.11246696	      0.36212537	      0.32359232	      0.35490093	      0.33427165	      0.39372754	      0.40893583	      0.05454758	      0.07551869	      0.07745989	      0.06230423	      0.07301243	      0.05121347	      0.01767033	      0.02848888	      0.00368428	      0.18143239	      0.10774376	      0.11746918	      0.32349749	      0.06509181	      0.11187527	      0.44858389	      0.13318945	      0.34021957	      0.40016605	      0.27327331	      0.46209019	      0.22410813	      0.25599043	      0.23748131	      0.25517002	      0.23297600
      3.33000000	      0.04146075	      0.15634583	      0.10039006	      0.32331605	      0.05412171	      0.04775336	      0.33825979	      0.11984787	      0.36605920	      0.33019706	      0.33638176	      0.31344260	      0.32672880	      0.33652276	      0.05593146	      0.07815371	      0.08086882	      0.06325637	      0.07434000	      0.05234039	      0.01820031	      0.02943583	      0.00695495	      0.19505728	      0.11020672	      0.10722036	      0.30486025	      0.07274882	      0.11405001	      0.53386577	      0.14041499	      0.31687181	      0.36294508	      0.24082669	      0.52058571	      0.23622280	      0.23989813	      0.28819772	      0.30542053	      0.28189322	      0.03911321	      0.13360082	      0.09102516	      0.30611883	      0.04959813	      0.04564312	      0.35555690	      0.11246696	      0.36201608	      0.32347509	      0.35491446	      0.33430067	      0.39365437	      0.40885473	      0.05454758	      0.07551869	      0.07745989	      0.06230423	      0.07301243	      0.05121347	      0.01767033	      0.02848888	      0.00379993	      0.18143239	      0.10774376	      0.11748243	      0.32351959	      0.06517951	      0.11187527	      0.44848667	      0.13318945	      0.34030033	      0.40026549	      0.27337015	      0.46182233	      0.22397695	      0.25600778	      0.23772884	      0.25541366	      0.23321103
      3.33500000	      0.04146075	      0.15645722	      0.10039006	      0.32333004	      0.05412171	      0.04775336	      0.33826825	      0.11984787	      0.36605999	      0.33019790	      0.33638155	      0.31344225	      0.32674456	      0.33654971	      0.05593146	      0.07815371	      0.08086882	      0.06325637	      0.07434000	      0.05234039	      0.01820031	      0.02943583	      0.00690311	      0.19505728	      0.11020672	      0.10722020	      0.30486002	      0.07270028	      0.11405001	      0.53384821	      0.14041499	      0.31688312	      0.36296964	      0.24082574	      0.52055193	      0.23622374	      0.23989790	      0.28817364	      0.30539790	      0.28187028	      0.03911321	      0.13339784	      0.09102516	      0.30660052	      0.04959813	      0.04564312	      0.35574507	      0.11246696	      0.36191048	      0.32336183	      0.35492746	      0.33432862	      0.39357791	      0.40877004	      0.05454758	      0.07551869	      0.07745989	      0.06230423	      0.07301243	      0.05121347	      0.01767033	      0.02848888	      0.00391610	      0.18143239	      0.10774376	      0.11749519	      0.32354090	      0.06526653	      0.11187527	      0.44838263	      0.13318945	      0.34038770	      0.40037350	      0.27346353	      0.46154779	      0.22385020	      0.25602448	      0.23797520	      0.25565591	      0.23344490
      3.34000000	      0.04146075	      0.15657190	      0.10039006	      0.32335063	      0.05412171	      0.04775336	      0.33828089	      0.11984787	      0.36606121	      0.33019920	      0.33638121	      0.31344170	      0.32676034	      0.33657701	      0.05593146	      0.07815371	      0.08086882	      0.06325637	      0.07434000	      0.05234039	      0.01820031	      0.02943583	      0.00685041	      0.19505728	      0.11020672	      0.10721995	      0.30485966	      0.07264695	      0.11405001	      0.53382632	      0.14041499	      0.31689936	      0.36300056	      0.24082428	      0.52051495	      0.23622518	      0.23989754	      0.28814888	      0.30537463	      0.28184671	      0.03911321	      0.13320031	      0.09102516	      0.30709003	      0.04959813	      0.04564312	      0.35593914	      0.11246696	      0.36180867	      0.32325264	      0.35493992	      0.33435549	      0.39349815	      0.40868180	      0.05454758	      0.07551869	      0.07745989	      0.06230423	      0.07301243	      0.05121347	      0.01767033	      0.02848888	      0.00403286	      0.18143239	      0.10774376	      0.11750745	      0.32356140	      0.06535305	      0.11187527	      0.44827196	      0.13318945	      0.34048154	      0.40048990	      0.27355339	      0.46126683	      0.22372803	      0.25604050	      0.23822032	      0.25589670	      0.23367752
      3.34500000	      0.04146075	      0.15669043	      0.10039006	      0.32337741	      0.05412171	      0.04775336	      0.33829714	      0.11984787	      0.36606314	      0.33020127	      0.33638069	      0.31344084	      0.32677578	      0.33660432	      0.05593146	      0.07815371	      0.08086882	      0.06325637	      0.07434000	      0.05234039	      0.01820031	      0.02943583	      0.00679672	      0.19505728	      0.11020672	      0.10721956	      0.30485909	      0.07258846	      0.11405001	      0.53380049	      0.14041499	      0.31692008	      0.36303732	      0.24082197	      0.52047527	      0.23622746	      0.23989696	      0.28812343	      0.30535072	      0.28182247	      0.03911321	      0.13300805	      0.09102516	      0.30758681	      0.04959813	      0.04564312	      0.35613889	      0.11246696	      0.36171073	      0.32314760	      0.35495184	      0.33438125	      0.39341515	      0.40859004	      0.05454758	      0.07551869	      0.07745989	      0.06230423	      0.07301243	      0.05121347	      0.01767033	      0.02848888	      0.00415024	      0.18143239	      0.10774376	      0.11751921	      0.32358108	      0.06543925	      0.11187527	      0.44815486	      0.13318945	      0.34058167	      0.40061443	      0.27363966	      0.46097975	      0.22361051	      0.25605586	      0.23846407	      0.25613591	      0.23390877
      3.35000000	      0.04146075	      0.15681333	      0.10039006	      0.32340990	      0.05412171	      0.04775336	      0.33831638	      0.11984787	      0.36606607	      0.33020440	      0.33637989	      0.31343952	      0.32679057	      0.33663134	      0.05593146	      0.07815371	      0.08086882	      0.06325637	      0.07434000	      0.05234039	      0.01820031	      0.02943583	      0.00674198	      0.19505728	      0.11020672	      0.10721897	      0.30485823	      0.07252451	      0.11405001	      0.53377113	      0.14041499	      0.31694480	      0.36307933	      0.24081846	      0.52043346	      0.23623093	      0.23989609	      0.28809728	      0.30532614	      0.28179756	      0.03911321	      0.13282088	      0.09102516	      0.30809020	      0.04959813	      0.04564312	      0.35634408	      0.11246696	      0.36161672	      0.32304677	      0.35496322	      0.33440591	      0.39332899	      0.40849487	      0.05454758	      0.07551869	      0.07745989	      0.06230423	      0.07301243	      0.05121347	      0.01767033	      0.02848888	      0.00426828	      0.18143239	      0.10774376	      0.11753046	      0.32359994	      0.06552530	      0.11187527	      0.44803154	      0.13318945	      0.34068786	      0.40074680	      0.27372232	      0.46068687	      0.22349771	      0.25607055	      0.23870628	      0.25637336	      0.23413850
      3.35500000	      0.04146075	      0.15694102	      0.10039006	      0.32344758	      0.05412171	      0.04775336	      0.33833798	      0.11984787	      0.36607026	      0.33020888	      0.33637874	      0.31343765	      0.32680438	      0.33665775	      0.05593146	      0.07815371	      0.08086882	      0.06325637	      0.07434000	      0.05234039	      0.01820031	      0.02943583	      0.00668611	      0.19505728	      0.11020672	      0.10721813	      0.30485699	      0.07245486	      0.11405001	      0.53373871	      0.14041499	      0.31697296	      0.36312596	      0.24081344	      0.52039008	      0.23623588	      0.23989484	      0.28807043	      0.30530091	      0.28177199	      0.03911321	      0.13263857	      0.09102516	      0.30859952	      0.04959813	      0.04564312	      0.35655440	      0.11246696	      0.36152665	      0.32295017	      0.35497407	      0.33442946	      0.39323977	      0.40839640	      0.05454758	      0.07551869	      0.07745989	      0.06230423	      0.07301243	      0.05121347	      0.01767033	      0.02848888	      0.00438700	      0.18143239	      0.10774376	      0.11754122	      0.32361797	      0.06561137	      0.11187527	      0.44790227	      0.13318945	      0.34079984	      0.40088665	      0.27380137	      0.46038856	      0.22338966	      0.25608457	      0.23894679	      0.25660892	      0.23436656
      3.36000000	      0.04146075	      0.15707393	      0.10039006	      0.32348988	      0.05412171	      0.04775336	      0.33836126	      0.11984787	      0.36607597	      0.33021499	      0.33637718	      0.31343509	      0.32681689	      0.33668324	      0.05593146	      0.07815371	      0.08086882	      0.06325637	      0.07434000	      0.05234039	      0.01820031	      0.02943583	      0.00662907	      0.19505728	      0.11020672	      0.10721698	      0.30485531	      0.07237931	      0.11405001	      0.53370372	      0.14041499	      0.31700402	      0.36317652	      0.24080660	      0.52034575	      0.23624264	      0.23989314	      0.28804289	      0.30527503	      0.28174576	      0.03911321	      0.13246088	      0.09102516	      0.30911396	      0.04959813	      0.04564312	      0.35676952	      0.11246696	      0.36144052	      0.32285780	      0.35498440	      0.33445193	      0.39314764	      0.40829478	      0.05454758	      0.07551869	      0.07745989	      0.06230423	      0.07301243	      0.05121347	      0.01767033	      0.02848888	      0.00450639	      0.18143239	      0.10774376	      0.11755147	      0.32363518	      0.06569763	      0.11187527	      0.44776732	      0.13318945	      0.34091731	      0.40103358	      0.27387684	      0.46008525	      0.22328634	      0.25609793	      0.23918542	      0.25684240	      0.23459277
      3.36500000	      0.04146075	      0.15721241	      0.10039006	      0.32353620	      0.05412171	      0.04775336	      0.33838553	      0.11984787	      0.36608343	      0.33022297	      0.33637514	      0.31343174	      0.32682781	      0.33670751	      0.05593146	      0.07815371	      0.08086882	      0.06325637	      0.07434000	      0.05234039	      0.01820031	      0.02943583	      0.00657080	      0.19505728	      0.11020672	      0.10721547	      0.30485311	      0.07229768	      0.11405001	      0.53366667	      0.14041499	      0.31703738	      0.36323031	      0.24079766	      0.52030106	      0.23625147	      0.23989092	      0.28801468	      0.30524852	      0.28171889	      0.03911321	      0.13228753	      0.09102516	      0.30963276	      0.04959813	      0.04564312	      0.35698907	      0.11246696	      0.36135829	      0.32276962	      0.35499421	      0.33447332	      0.39305277	      0.40819021	      0.05454758	      0.07551869	      0.07745989	      0.06230423	      0.07301243	      0.05121347	      0.01767033	      0.02848888	      0.00462648	      0.18143239	      0.10774376	      0.11756124	      0.32365158	      0.06578425	      0.11187527	      0.44762702	      0.13318945	      0.34103992	      0.40118714	      0.27394877	      0.45977736	      0.22318771	      0.25611064	      0.23942202	      0.25707366	      0.23481698
      3.37000000	      0.04146075	      0.15735675	      0.10039006	      0.32358588	      0.05412171	      0.04775336	      0.33841010	      0.11984787	      0.36609288	      0.33023307	      0.33637256	      0.31342751	      0.32683684	      0.33673025	      0.05593146	      0.07815371	      0.08086882	      0.06325637	      0.07434000	      0.05234039	      0.01820031	      0.02943583	      0.00651128	      0.19505728	      0.11020672	      0.10721357	      0.30485032	      0.07220992	      0.11405001	      0.53362809	      0.14041499	      0.31707242	      0.36328658	      0.24078634	      0.52025663	      0.23626264	      0.23988810	      0.28798584	      0.30522143	      0.28169142	      0.03911321	      0.13211823	      0.09102516	      0.31015491	      0.04959813	      0.04564312	      0.35721258	      0.11246696	      0.36127992	      0.32268557	      0.35500352	      0.33449366	      0.39295536	      0.40808289	      0.05454758	      0.07551869	      0.07745989	      0.06230423	      0.07301243	      0.05121347	      0.01767033	      0.02848888	      0.00474723	      0.18143239	      0.10774376	      0.11757053	      0.32366719	      0.06587137	      0.11187527	      0.44748178	      0.13318945	      0.34116726	      0.40134679	      0.27401722	      0.45946548	      0.22309372	      0.25612271	      0.23965635	      0.25730248	      0.23503899
      3.37500000	      0.04146075	      0.15750724	      0.10039006	      0.32363827	      0.05412171	      0.04775336	      0.33843429	      0.11984787	      0.36610451	      0.33024550	      0.33636938	      0.31342230	      0.32684371	      0.33675118	      0.05593146	      0.07815371	      0.08086882	      0.06325637	      0.07434000	      0.05234039	      0.01820031	      0.02943583	      0.00645047	      0.19505728	      0.11020672	      0.10721122	      0.30484689	      0.07211595	      0.11405001	      0.53358853	      0.14041499	      0.31710851	      0.36334455	      0.24077241	      0.52021303	      0.23627639	      0.23988464	      0.28795641	      0.30519377	      0.28166339	      0.03911321	      0.13195263	      0.09102516	      0.31067951	      0.04959813	      0.04564312	      0.35743961	      0.11246696	      0.36120533	      0.32260558	      0.35501235	      0.33451297	      0.39285562	      0.40797305	      0.05454758	      0.07551869	      0.07745989	      0.06230423	      0.07301243	      0.05121347	      0.01767033	      0.02848888	      0.00486864	      0.18143239	      0.10774376	      0.11757935	      0.32368202	      0.06595913	      0.11187527	      0.44733199	      0.13318945	      0.34129891	      0.40151197	      0.27408227	      0.45915017	      0.22300428	      0.25613417	      0.23988826	      0.25752871	      0.23525864
      3.38000000	      0.04146075	      0.15766410	      0.10039006	      0.32369269	      0.05412171	      0.04775336	      0.33845740	      0.11984787	      0.36611850	      0.33026047	      0.33636556	      0.31341602	      0.32684816	      0.33677004	      0.05593146	      0.07815371	      0.08086882	      0.06325637	      0.07434000	      0.05234039	      0.01820031	      0.02943583	      0.00638832	      0.19505728	      0.11020672	      0.10720840	      0.30484276	      0.07201579	      0.11405001	      0.53354857	      0.14041499	      0.31714503	      0.36340347	      0.24075564	      0.52017081	      0.23629294	      0.23988047	      0.28792643	      0.30516561	      0.28163484	      0.03911321	      0.13179036	      0.09102516	      0.31120558	      0.04959813	      0.04564312	      0.35766967	      0.11246696	      0.36113444	      0.32252957	      0.35502070	      0.33453128	      0.39275377	      0.40786093	      0.05454758	      0.07551869	      0.07745989	      0.06230423	      0.07301243	      0.05121347	      0.01767033	      0.02848888	      0.00499070	      0.18143239	      0.10774376	      0.11758771	      0.32369610	      0.06604769	      0.11187527	      0.44717808	      0.13318945	      0.34143444	      0.40168210	      0.27414401	      0.45883202	      0.22291928	      0.25614502	      0.24011757	      0.25775218	      0.23547575
      3.38500000	      0.04146075	      0.15782751	      0.10039006	      0.32374846	      0.05412171	      0.04775336	      0.33847878	      0.11984787	      0.36613502	      0.33027813	      0.33636103	      0.31340861	      0.32684997	      0.33678655	      0.05593146	      0.07815371	      0.08086882	      0.06325637	      0.07434000	      0.05234039	      0.01820031	      0.02943583	      0.00632479	      0.19505728	      0.11020672	      0.10720506	      0.30483788	      0.07190950	      0.11405001	      0.53350874	      0.14041499	      0.31718133	      0.36346255	      0.24073583	      0.52013051	      0.23631248	      0.23987554	      0.28789598	      0.30513701	      0.28160583	      0.03911321	      0.13163098	      0.09102516	      0.31173211	      0.04959813	      0.04564312	      0.35790224	      0.11246696	      0.36106715	      0.32245741	      0.35502859	      0.33454862	      0.39265005	      0.40774679	      0.05454758	      0.07551869	      0.07745989	      0.06230423	      0.07301243	      0.05121347	      0.01767033	      0.02848888	      0.00511342	      0.18143239	      0.10774376	      0.11759563	      0.32370944	      0.06613719	      0.11187527	      0.44702050	      0.13318945	      0.34157337	      0.40185656	      0.27420252	      0.45851167	      0.22283861	      0.25615530	      0.24034410	      0.25797272	      0.23569016
      3.39000000	      0.04146075	      0.15799760	      0.10039006	      0.32380492	      0.05412171	      0.04775336	      0.33849780	      0.11984787	      0.36615421	      0.33029865	      0.33635578	      0.31340000	      0.32684889	      0.33680046	      0.05593146	      0.07815371	      0.08086882	      0.06325637	      0.07434000	      0.05234039	      0.01820031	      0.02943583	      0.00625985	      0.19505728	      0.11020672	      0.10720118	      0.30483221	      0.07179717	      0.11405001	      0.53346958	      0.14041499	      0.31721681	      0.36352106	      0.24071282	      0.52009259	      0.23633517	      0.23986982	      0.28786512	      0.30510802	      0.28157644	      0.03911321	      0.13147404	      0.09102516	      0.31225810	      0.04959813	      0.04564312	      0.35813682	      0.11246696	      0.36100335	      0.32238899	      0.35503605	      0.33456503	      0.39254471	      0.40763087	      0.05454758	      0.07551869	      0.07745989	      0.06230423	      0.07301243	      0.05121347	      0.01767033	      0.02848888	      0.00523679	      0.18143239	      0.10774376	      0.11760313	      0.32372207	      0.06622777	      0.11187527	      0.44685972	      0.13318945	      0.34171523	      0.40203473	      0.27425794	      0.45818978	      0.22276211	      0.25616502	      0.24056767	      0.25819017	      0.23590171
      3.39500000	      0.04146075	      0.15817443	      0.10039006	      0.32386142	      0.05412171	      0.04775336	      0.33851387	      0.11984787	      0.36617619	      0.33032215	      0.33634976	      0.31339013	      0.32684475	      0.33681156	      0.05593146	      0.07815371	      0.08086882	      0.06325637	      0.07434000	      0.05234039	      0.01820031	      0.02943583	      0.00619345	      0.19505728	      0.11020672	      0.10719674	      0.30482572	      0.07167898	      0.11405001	      0.53343163	      0.14041499	      0.31725086	      0.36357824	      0.24068647	      0.52005748	      0.23636116	      0.23986326	      0.28783393	      0.30507872	      0.28154673	      0.03911321	      0.13131907	      0.09102516	      0.31278254	      0.04959813	      0.04564312	      0.35837288	      0.11246696	      0.36094288	      0.32232415	      0.35504310	      0.33458056	      0.39243802	      0.40751348	      0.05454758	      0.07551869	      0.07745989	      0.06230423	      0.07301243	      0.05121347	      0.01767033	      0.02848888	      0.00536079	      0.18143239	      0.10774376	      0.11761022	      0.32373403	      0.06631954	      0.11187527	      0.44669621	      0.13318945	      0.34185955	      0.40221595	      0.27431040	      0.45786701	      0.22268963	      0.25617420	      0.24078813	      0.25840439	      0.23611026
      3.40000000	      0.04146075	      0.15835803	      0.10039006	      0.32391732	      0.05412171	      0.04775336	      0.33852643	      0.11984787	      0.36620104	      0.33034873	      0.33634294	      0.31337896	      0.32683736	      0.33681963	      0.05593146	      0.07815371	      0.08086882	      0.06325637	      0.07434000	      0.05234039	      0.01820031	      0.02943583	      0.00612557	      0.19505728	      0.11020672	      0.10719172	      0.30481838	      0.07155511	      0.11405001	      0.53339539	      0.14041499	      0.31728291	      0.36363339	      0.24065665	      0.52002556	      0.23639055	      0.23985583	      0.28780249	      0.30504919	      0.28151678	      0.03911321	      0.13116555	      0.09102516	      0.31330444	      0.04959813	      0.04564312	      0.35860990	      0.11246696	      0.36088559	      0.32226272	      0.35504975	      0.33459524	      0.39233025	      0.40739491	      0.05454758	      0.07551869	      0.07745989	      0.06230423	      0.07301243	      0.05121347	      0.01767033	      0.02848888	      0.00548544	      0.18143239	      0.10774376	      0.11761692	      0.32374535	      0.06641263	      0.11187527	      0.44653044	      0.13318945	      0.34200584	      0.40239958	      0.27436005	      0.45754405	      0.22262095	      0.25618289	      0.24100534	      0.25861524	      0.23631565
      3.40500000	      0.04146075	      0.15854838	      0.10039006	      0.32397202	      0.05412171	      0.04775336	      0.33853500	      0.11984787	      0.36622884	      0.33037845	      0.33633531	      0.31336646	      0.32682659	      0.33682448	      0.05593146	      0.07815371	      0.08086882	      0.06325637	      0.07434000	      0.05234039	      0.01820031	      0.02943583	      0.00605615	      0.19505728	      0.11020672	      0.10718609	      0.30481016	      0.07142580	      0.11405001	      0.53336134	      0.14041499	      0.31731243	      0.36368586	      0.24062330	      0.51999714	      0.23642342	      0.23984752	      0.28777090	      0.30501952	      0.28148669	      0.03911321	      0.13101297	      0.09102516	      0.31382283	      0.04959813	      0.04564312	      0.35884737	      0.11246696	      0.36083127	      0.32220447	      0.35505604	      0.33460914	      0.39222172	      0.40727547	      0.05454758	      0.07551869	      0.07745989	      0.06230423	      0.07301243	      0.05121347	      0.01767033	      0.02848888	      0.00561073	      0.18143239	      0.10774376	      0.11762327	      0.32375606	      0.06650715	      0.11187527	      0.44636289	      0.13318945	      0.34215362	      0.40258498	      0.27440707	      0.45722156	      0.22255584	      0.25619110	      0.24121915	      0.25882259	      0.23651776
      3.41000000	      0.04146075	      0.15874539	      0.10039006	      0.32402498	      0.05412171	      0.04775336	      0.33853912	      0.11984787	      0.36625962	      0.33041136	      0.33632686	      0.31335261	      0.32681231	      0.33682597	      0.05593146	      0.07815371	      0.08086882	      0.06325637	      0.07434000	      0.05234039	      0.01820031	      0.02943583	      0.00598515	      0.19505728	      0.11020672	      0.10717986	      0.30480105	      0.07129135	      0.11405001	      0.53332992	      0.14041499	      0.31733892	      0.36373501	      0.24058635	      0.51997243	      0.23645980	      0.23983831	      0.28773924	      0.30498980	      0.28145654	      0.03911321	      0.13086081	      0.09102516	      0.31433680	      0.04959813	      0.04564312	      0.35908476	      0.11246696	      0.36077970	      0.32214918	      0.35506199	      0.33462230	      0.39211272	      0.40715549	      0.05454758	      0.07551869	      0.07745989	      0.06230423	      0.07301243	      0.05121347	      0.01767033	      0.02848888	      0.00573667	      0.18143239	      0.10774376	      0.11762929	      0.32376622	      0.06660320	      0.11187527	      0.44619403	      0.13318945	      0.34230242	      0.40277151	      0.27445166	      0.45690023	      0.22249404	      0.25619888	      0.24142944	      0.25902635	      0.23671649
      3.41500000	      0.04146075	      0.15894894	      0.10039006	      0.32407568	      0.05412171	      0.04775336	      0.33853844	      0.11984787	      0.36629339	      0.33044746	      0.33631757	      0.31333741	      0.32679444	      0.33682395	      0.05593146	      0.07815371	      0.08086882	      0.06325637	      0.07434000	      0.05234039	      0.01820031	      0.02943583	      0.00591253	      0.19505728	      0.11020672	      0.10717302	      0.30479105	      0.07115207	      0.11405001	      0.53330151	      0.14041499	      0.31736193	      0.36378031	      0.24054580	      0.51995162	      0.23649972	      0.23982820	      0.28770762	      0.30496010	      0.28142642	      0.03911321	      0.13070853	      0.09102516	      0.31484548	      0.04959813	      0.04564312	      0.35932162	      0.11246696	      0.36073066	      0.32209659	      0.35506763	      0.33463481	      0.39200358	      0.40703530	      0.05454758	      0.07551869	      0.07745989	      0.06230423	      0.07301243	      0.05121347	      0.01767033	      0.02848888	      0.00586325	      0.18143239	      0.10774376	      0.11763500	      0.32377588	      0.06670087	      0.11187527	      0.44602430	      0.13318945	      0.34245180	      0.40295856	      0.27449403	      0.45658067	      0.22243527	      0.25620627	      0.24163612	      0.25922640	      0.23691174
      3.42000000	      0.04146075	      0.15915879	      0.10039006	      0.32412367	      0.05412171	      0.04775336	      0.33853267	      0.11984787	      0.36633012	      0.33048674	      0.33630746	      0.31332086	      0.32677293	      0.33681834	      0.05593146	      0.07815371	      0.08086882	      0.06325637	      0.07434000	      0.05234039	      0.01820031	      0.02943583	      0.00583826	      0.19505728	      0.11020672	      0.10716557	      0.30478017	      0.07100835	      0.11405001	      0.53327646	      0.14041499	      0.31738109	      0.36382126	      0.24050167	      0.51993478	      0.23654315	      0.23981719	      0.28767614	      0.30493054	      0.28139643	      0.03911321	      0.13055566	      0.09102516	      0.31534811	      0.04959813	      0.04564312	      0.35955749	      0.11246696	      0.36068389	      0.32204644	      0.35507300	      0.33464672	      0.39189460	      0.40691523	      0.05454758	      0.07551869	      0.07745989	      0.06230423	      0.07301243	      0.05121347	      0.01767033	      0.02848888	      0.00599046	      0.18143239	      0.10774376	      0.11764044	      0.32378508	      0.06680022	      0.11187527	      0.44585412	      0.13318945	      0.34260134	      0.40314559	      0.27453439	      0.45626345	      0.22237922	      0.25621330	      0.24183911	      0.25942271	      0.23710344
      3.42500000	      0.04146075	      0.15937465	      0.10039006	      0.32416859	      0.05412171	      0.04775336	      0.33852160	      0.11984787	      0.36636977	      0.33052913	      0.33629653	      0.31330297	      0.32674777	      0.33680906	      0.05593146	      0.07815371	      0.08086882	      0.06325637	      0.07434000	      0.05234039	      0.01820031	      0.02943583	      0.00576235	      0.19505728	      0.11020672	      0.10715752	      0.30476841	      0.07086059	      0.11405001	      0.53325504	      0.14041499	      0.31739609	      0.36385747	      0.24045402	      0.51992195	      0.23659001	      0.23980530	      0.28764490	      0.30490121	      0.28136667	      0.03911321	      0.13040169	      0.09102516	      0.31584403	      0.04959813	      0.04564312	      0.35979203	      0.11246696	      0.36063913	      0.32199845	      0.35507812	      0.33465810	      0.39178607	      0.40679557	      0.05454758	      0.07551869	      0.07745989	      0.06230423	      0.07301243	      0.05121347	      0.01767033	      0.02848888	      0.00611828	      0.18143239	      0.10774376	      0.11764564	      0.32379387	      0.06690132	      0.11187527	      0.44568385	      0.13318945	      0.34275067	      0.40333209	      0.27457298	      0.45594901	      0.22232559	      0.25622001	      0.24203836	      0.25961521	      0.23729154
      3.43000000	      0.04146075	      0.15959605	      0.10039006	      0.32421011	      0.05412171	      0.04775336	      0.33850513	      0.11984787	      0.36641225	      0.33057454	      0.33628480	      0.31328379	      0.32671897	      0.33679608	      0.05593146	      0.07815371	      0.08086882	      0.06325637	      0.07434000	      0.05234039	      0.01820031	      0.02943583	      0.00568485	      0.19505728	      0.11020672	      0.10714889	      0.30475581	      0.07070926	      0.11405001	      0.53323746	      0.14041499	      0.31740670	      0.36388864	      0.24040294	      0.51991308	      0.23664021	      0.23979253	      0.28761400	      0.30487219	      0.28133723	      0.03911321	      0.13024621	      0.09102516	      0.31633272	      0.04959813	      0.04564312	      0.36002494	      0.11246696	      0.36059613	      0.32195234	      0.35508303	      0.33466901	      0.39167828	      0.40667662	      0.05454758	      0.07551869	      0.07745989	      0.06230423	      0.07301243	      0.05121347	      0.01767033	      0.02848888	      0.00624665	      0.18143239	      0.10774376	      0.11765062	      0.32380232	      0.06700420	      0.11187527	      0.44551380	      0.13318945	      0.34289950	      0.40351766	      0.27461003	      0.45563769	      0.22227406	      0.25622645	      0.24223385	      0.25980391	      0.23747602
      3.43500000	      0.04146075	      0.15982245	      0.10039006	      0.32424803	      0.05412171	      0.04775336	      0.33848327	      0.11984787	      0.36645745	      0.33062287	      0.33627230	      0.31326335	      0.32668658	      0.33677941	      0.05593146	      0.07815371	      0.08086882	      0.06325637	      0.07434000	      0.05234039	      0.01820031	      0.02943583	      0.00560585	      0.19505728	      0.11020672	      0.10713969	      0.30474239	      0.07055489	      0.11405001	      0.53322383	      0.14041499	      0.31741280	      0.36391458	      0.24034856	      0.51990809	      0.23669363	      0.23977894	      0.28758353	      0.30484359	      0.28130821	      0.03911321	      0.13008882	      0.09102516	      0.31681382	      0.04959813	      0.04564312	      0.36025604	      0.11246696	      0.36055462	      0.32190784	      0.35508776	      0.33467954	      0.39157145	      0.40655863	      0.05454758	      0.07551869	      0.07745989	      0.06230423	      0.07301243	      0.05121347	      0.01767033	      0.02848888	      0.00637549	      0.18143239	      0.10774376	      0.11765543	      0.32381046	      0.06710890	      0.11187527	      0.44534419	      0.13318945	      0.34304760	      0.40370199	      0.27464576	      0.45532959	      0.22222434	      0.25623265	      0.24242560	      0.25998883	      0.23765692
      3.44000000	      0.04146075	      0.16005311	      0.10039006	      0.32428219	      0.05412171	      0.04775336	      0.33845610	      0.11984787	      0.36650525	      0.33067397	      0.33625907	      0.31324172	      0.32665068	      0.33675906	      0.05593146	      0.07815371	      0.08086882	      0.06325637	      0.07434000	      0.05234039	      0.01820031	      0.02943583	      0.00552552	      0.19505728	      0.11020672	      0.10712996	      0.30472818	      0.07039804	      0.11405001	      0.53321421	      0.14041499	      0.31741435	      0.36393517	      0.24029102	      0.51990685	      0.23675011	      0.23976454	      0.28755361	      0.30481550	      0.28127971	      0.03911321	      0.12992921	      0.09102516	      0.31728716	      0.04959813	      0.04564312	      0.36048528	      0.11246696	      0.36051436	      0.32186467	      0.35509233	      0.33468973	      0.39146581	      0.40644181	      0.05454758	      0.07551869	      0.07745989	      0.06230423	      0.07301243	      0.05121347	      0.01767033	      0.02848888	      0.00650467	      0.18143239	      0.10774376	      0.11766009	      0.32381835	      0.06721542	      0.11187527	      0.44517514	      0.13318945	      0.34319482	      0.40388489	      0.27468039	      0.45502464	      0.22217610	      0.25623866	      0.24261367	      0.26017003	      0.23783428
      3.44500000	      0.04146075	      0.16028713	      0.10039006	      0.32431253	      0.05412171	      0.04775336	      0.33842386	      0.11984787	      0.36655549	      0.33072768	      0.33624514	      0.31321896	      0.32661137	      0.33673511	      0.05593146	      0.07815371	      0.08086882	      0.06325637	      0.07434000	      0.05234039	      0.01820031	      0.02943583	      0.00544411	      0.19505728	      0.11020672	      0.10711972	      0.30471323	      0.07023934	      0.11405001	      0.53320854	      0.14041499	      0.31741143	      0.36395047	      0.24023051	      0.51990921	      0.23680947	      0.23974939	      0.28752433	      0.30478801	      0.28125181	      0.03911321	      0.12976712	      0.09102516	      0.31775278	      0.04959813	      0.04564312	      0.36071270	      0.11246696	      0.36047511	      0.32182259	      0.35509678	      0.33469966	      0.39136152	      0.40632633	      0.05454758	      0.07551869	      0.07745989	      0.06230423	      0.07301243	      0.05121347	      0.01767033	      0.02848888	      0.00663402	      0.18143239	      0.10774376	      0.11766463	      0.32382603	      0.06732377	      0.11187527	      0.44500670	      0.13318945	      0.34334113	      0.40406630	      0.27471412	      0.45472253	      0.22212908	      0.25624451	      0.24279815	      0.26034762	      0.23800820
      3.45000000	      0.04146075	      0.16052347	      0.10039006	      0.32433910	      0.05412171	      0.04775336	      0.33838686	      0.11984787	      0.36660801	      0.33078383	      0.33623055	      0.31319513	      0.32656878	      0.33670761	      0.05593146	      0.07815371	      0.08086882	      0.06325637	      0.07434000	      0.05234039	      0.01820031	      0.02943583	      0.00536195	      0.19505728	      0.11020672	      0.10710900	      0.30469759	      0.07007947	      0.11405001	      0.53320670	      0.14041499	      0.31740421	      0.36396060	      0.24016722	      0.51991497	      0.23687151	      0.23973353	      0.28749577	      0.30476120	      0.28122461	      0.03911321	      0.12960239	      0.09102516	      0.31821091	      0.04959813	      0.04564312	      0.36093852	      0.11246696	      0.36043665	      0.32178135	      0.35510113	      0.33470937	      0.39125868	      0.40621230	      0.05454758	      0.07551869	      0.07745989	      0.06230423	      0.07301243	      0.05121347	      0.01767033	      0.02848888	      0.00676334	      0.18143239	      0.10774376	      0.11766907	      0.32383356	      0.06743391	      0.11187527	      0.44483878	      0.13318945	      0.34348657	      0.40424630	      0.27474715	      0.45442268	      0.22208301	      0.25625023	      0.24297919	      0.26052175	      0.23817881
      3.45500000	      0.04146075	      0.16076090	      0.10039006	      0.32436200	      0.05412171	      0.04775336	      0.33834554	      0.11984787	      0.36666263	      0.33084222	      0.33621535	      0.31317032	      0.32652305	      0.33667668	      0.05593146	      0.07815371	      0.08086882	      0.06325637	      0.07434000	      0.05234039	      0.01820031	      0.02943583	      0.00527942	      0.19505728	      0.11020672	      0.10709784	      0.30468131	      0.06991915	      0.11405001	      0.53320845	      0.14041499	      0.31739300	      0.36396584	      0.24010135	      0.51992391	      0.23693603	      0.23971701	      0.28746802	      0.30473516	      0.28119818	      0.03911321	      0.12943493	      0.09102516	      0.31866198	      0.04959813	      0.04564312	      0.36116305	      0.11246696	      0.36039878	      0.32174075	      0.35510541	      0.33471893	      0.39115736	      0.40609979	      0.05454758	      0.07551869	      0.07745989	      0.06230423	      0.07301243	      0.05121347	      0.01767033	      0.02848888	      0.00689235	      0.18143239	      0.10774376	      0.11767343	      0.32384096	      0.06754579	      0.11187527	      0.44467120	      0.13318945	      0.34363130	      0.40442507	      0.27477965	      0.45412428	      0.22203764	      0.25625585	      0.24315697	      0.26069257	      0.23834628
      3.46000000	      0.04146075	      0.16099809	      0.10039006	      0.32438146	      0.05412171	      0.04775336	      0.33830046	      0.11984787	      0.36671916	      0.33090266	      0.33619958	      0.31314460	      0.32647434	      0.33664241	      0.05593146	      0.07815371	      0.08086882	      0.06325637	      0.07434000	      0.05234039	      0.01820031	      0.02943583	      0.00519700	      0.19505728	      0.11020672	      0.10708627	      0.30466444	      0.06975916	      0.11405001	      0.53321348	      0.14041499	      0.31737819	      0.36396657	      0.24003312	      0.51993578	      0.23700280	      0.23969988	      0.28744116	      0.30470995	      0.28117259	      0.03911321	      0.12926477	      0.09102516	      0.31910661	      0.04959813	      0.04564312	      0.36138671	      0.11246696	      0.36036132	      0.32170058	      0.35510962	      0.33472837	      0.39105759	      0.40598882	      0.05454758	      0.07551869	      0.07745989	      0.06230423	      0.07301243	      0.05121347	      0.01767033	      0.02848888	      0.00702078	      0.18143239	      0.10774376	      0.11767775	      0.32384828	      0.06765937	      0.11187527	      0.44450369	      0.13318945	      0.34377554	      0.40460295	      0.27481177	      0.45382632	      0.22199278	      0.25626140	      0.24333167	      0.26086031	      0.23851081
      3.46500000	      0.04146075	      0.16123359	      0.10039006	      0.32439776	      0.05412171	      0.04775336	      0.33825226	      0.11984787	      0.36677742	      0.33096494	      0.33618331	      0.31311805	      0.32642281	      0.33660495	      0.05593146	      0.07815371	      0.08086882	      0.06325637	      0.07434000	      0.05234039	      0.01820031	      0.02943583	      0.00511520	      0.19505728	      0.11020672	      0.10707433	      0.30464704	      0.06960029	      0.11405001	      0.53322142	      0.14041499	      0.31736026	      0.36396328	      0.23996277	      0.51995028	      0.23707159	      0.23968221	      0.28741527	      0.30468565	      0.28114792	      0.03911321	      0.12909201	      0.09102516	      0.31954553	      0.04959813	      0.04564312	      0.36161003	      0.11246696	      0.36032412	      0.32166070	      0.35511380	      0.33473773	      0.39095933	      0.40587935	      0.05454758	      0.07551869	      0.07745989	      0.06230423	      0.07301243	      0.05121347	      0.01767033	      0.02848888	      0.00714830	      0.18143239	      0.10774376	      0.11768202	      0.32385554	      0.06777454	      0.11187527	      0.44433589	      0.13318945	      0.34391961	      0.40478036	      0.27484364	      0.45352764	      0.22194823	      0.25626691	      0.24350354	      0.26102517	      0.23867260
      3.47000000	      0.04146075	      0.16146590	      0.10039006	      0.32441128	      0.05412171	      0.04775336	      0.33820168	      0.11984787	      0.36683720	      0.33102883	      0.33616658	      0.31309078	      0.32636866	      0.33656445	      0.05593146	      0.07815371	      0.08086882	      0.06325637	      0.07434000	      0.05234039	      0.01820031	      0.02943583	      0.00503458	      0.19505728	      0.11020672	      0.10706206	      0.30462916	      0.06944336	      0.11405001	      0.53323179	      0.14041499	      0.31733980	      0.36395657	      0.23989054	      0.51996706	      0.23714217	      0.23966404	      0.28739039	      0.30466231	      0.28112423	      0.03911321	      0.12891684	      0.09102516	      0.31997962	      0.04959813	      0.04564312	      0.36183358	      0.11246696	      0.36028706	      0.32162098	      0.35511796	      0.33474704	      0.39086255	      0.40577131	      0.05454758	      0.07551869	      0.07745989	      0.06230423	      0.07301243	      0.05121347	      0.01767033	      0.02848888	      0.00727456	      0.18143239	      0.10774376	      0.11768628	      0.32386277	      0.06789122	      0.11187527	      0.44416739	      0.13318945	      0.34406386	      0.40495779	      0.27487537	      0.45322693	      0.22190385	      0.25627239	      0.24367279	      0.26118738	      0.23883187
      3.47500000	      0.04146075	      0.16169350	      0.10039006	      0.32442248	      0.05412171	      0.04775336	      0.33814955	      0.11984787	      0.36689827	      0.33109412	      0.33614945	      0.31306288	      0.32631211	      0.33652110	      0.05593146	      0.07815371	      0.08086882	      0.06325637	      0.07434000	      0.05234039	      0.01820031	      0.02943583	      0.00495569	      0.19505728	      0.11020672	      0.10704951	      0.30461087	      0.06928920	      0.11405001	      0.53324405	      0.14041499	      0.31731746	      0.36394713	      0.23981668	      0.51998574	      0.23721427	      0.23964545	      0.28736660	      0.30463998	      0.28110157	      0.03911321	      0.12873954	      0.09102516	      0.32040980	      0.04959813	      0.04564312	      0.36205799	      0.11246696	      0.36025005	      0.32158130	      0.35512210	      0.33475634	      0.39076714	      0.40566463	      0.05454758	      0.07551869	      0.07745989	      0.06230423	      0.07301243	      0.05121347	      0.01767033	      0.02848888	      0.00739924	      0.18143239	      0.10774376	      0.11769053	      0.32386998	      0.06800927	      0.11187527	      0.44399772	      0.13318945	      0.34420872	      0.40513583	      0.27490703	      0.45292285	      0.22185952	      0.25627785	      0.24383966	      0.26134717	      0.23898884
      3.48000000	      0.04146075	      0.16191485	      0.10039006	      0.32443188	      0.05412171	      0.04775336	      0.33809675	      0.11984787	      0.36696042	      0.33116056	      0.33613199	      0.31303443	      0.32625339	      0.33647509	      0.05593146	      0.07815371	      0.08086882	      0.06325637	      0.07434000	      0.05234039	      0.01820031	      0.02943583	      0.00487913	      0.19505728	      0.11020672	      0.10703671	      0.30459224	      0.06913862	      0.11405001	      0.53325764	      0.14041499	      0.31729397	      0.36393573	      0.23974147	      0.52000587	      0.23728764	      0.23962650	      0.28734393	      0.30461870	      0.28107997	      0.03911321	      0.12856047	      0.09102516	      0.32083704	      0.04959813	      0.04564312	      0.36228390	      0.11246696	      0.36021301	      0.32154158	      0.35512623	      0.33476563	      0.39067303	      0.40555920	      0.05454758	      0.07551869	      0.07745989	      0.06230423	      0.07301243	      0.05121347	      0.01767033	      0.02848888	      0.00752200	      0.18143239	      0.10774376	      0.11769477	      0.32387720	      0.06812855	      0.11187527	      0.44382637	      0.13318945	      0.34435463	      0.40531507	      0.27493870	      0.45261403	      0.22181517	      0.25628331	      0.24400435	      0.26150474	      0.23914371
      3.48500000	      0.04146075	      0.16212851	      0.10039006	      0.32444003	      0.05412171	      0.04775336	      0.33804421	      0.11984787	      0.36702341	      0.33122788	      0.33611425	      0.31300557	      0.32619276	      0.33642666	      0.05593146	      0.07815371	      0.08086882	      0.06325637	      0.07434000	      0.05234039	      0.01820031	      0.02943583	      0.00480541	      0.19505728	      0.11020672	      0.10702373	      0.30457333	      0.06899244	      0.11405001	      0.53327193	      0.14041499	      0.31727007	      0.36392319	      0.23966520	      0.52002697	      0.23736197	      0.23960725	      0.28732241	      0.30459852	      0.28105948	      0.03911321	      0.12838003	      0.09102516	      0.32126232	      0.04959813	      0.04564312	      0.36251193	      0.11246696	      0.36017588	      0.32150178	      0.35513037	      0.33477493	      0.39058013	      0.40545491	      0.05454758	      0.07551869	      0.07745989	      0.06230423	      0.07301243	      0.05121347	      0.01767033	      0.02848888	      0.00764252	      0.18143239	      0.10774376	      0.11769902	      0.32388442	      0.06824892	      0.11187527	      0.44365285	      0.13318945	      0.34450203	      0.40549614	      0.27497042	      0.45229917	      0.22177071	      0.25628877	      0.24416706	      0.26166028	      0.23929665
      3.49000000	      0.04146075	      0.16233310	      0.10039006	      0.32444752	      0.05412171	      0.04775336	      0.33799286	      0.11984787	      0.36708697	      0.33129582	      0.33609632	      0.31297639	      0.32613050	      0.33637608	      0.05593146	      0.07815371	      0.08086882	      0.06325637	      0.07434000	      0.05234039	      0.01820031	      0.02943583	      0.00473506	      0.19505728	      0.11020672	      0.10701061	      0.30455423	      0.06885139	      0.11405001	      0.53328629	      0.14041499	      0.31724654	      0.36391034	      0.23958817	      0.52004849	      0.23743697	      0.23958780	      0.28730208	      0.30457944	      0.28104011	      0.03911321	      0.12819871	      0.09102516	      0.32168655	      0.04959813	      0.04564312	      0.36274264	      0.11246696	      0.36013862	      0.32146183	      0.35513451	      0.33478425	      0.39048834	      0.40535169	      0.05454758	      0.07551869	      0.07745989	      0.06230423	      0.07301243	      0.05121347	      0.01767033	      0.02848888	      0.00776051	      0.18143239	      0.10774376	      0.11770329	      0.32389167	      0.06837018	      0.11187527	      0.44347666	      0.13318945	      0.34465137	      0.40567964	      0.27500224	      0.45197709	      0.22172609	      0.25629424	      0.24432795	      0.26181395	      0.23944783
      3.49500000	      0.04146075	      0.16252744	      0.10039006	      0.32445497	      0.05412171	      0.04775336	      0.33794362	      0.11984787	      0.36715084	      0.33136408	      0.33607826	      0.31294703	      0.32606694	      0.33632366	      0.05593146	      0.07815371	      0.08086882	      0.06325637	      0.07434000	      0.05234039	      0.01820031	      0.02943583	      0.00466850	      0.19505728	      0.11020672	      0.10699741	      0.30453502	      0.06871618	      0.11405001	      0.53330009	      0.14041499	      0.31722413	      0.36389804	      0.23951072	      0.52006989	      0.23751232	      0.23956823	      0.28728295	      0.30456149	      0.28102188	      0.03911321	      0.12801703	      0.09102516	      0.32211051	      0.04959813	      0.04564312	      0.36297652	      0.11246696	      0.36010119	      0.32142170	      0.35513866	      0.33479361	      0.39039760	      0.40524945	      0.05454758	      0.07551869	      0.07745989	      0.06230423	      0.07301243	      0.05121347	      0.01767033	      0.02848888	      0.00787574	      0.18143239	      0.10774376	      0.11770756	      0.32389894	      0.06849216	      0.11187527	      0.44329739	      0.13318945	      0.34480303	      0.40586610	      0.27503417	      0.45164678	      0.22168127	      0.25629973	      0.24448714	      0.26196586	      0.23959734
      3.50000000	      0.04146075	      0.16271052	      0.10039006	      0.32446298	      0.05412171	      0.04775336	      0.33789737	      0.11984787	      0.36721470	      0.33143233	      0.33606017	      0.31291762	      0.32600243	      0.33626974	      0.05593146	      0.07815371	      0.08086882	      0.06325637	      0.07434000	      0.05234039	      0.01820031	      0.02943583	      0.00460609	      0.19505728	      0.11020672	      0.10698418	      0.30451578	      0.06858742	      0.11405001	      0.53331275	      0.14041499	      0.31720355	      0.36388709	      0.23943321	      0.52009056	      0.23758765	      0.23954862	      0.28726502	      0.30454467	      0.28100481	      0.03911321	      0.12783554	      0.09102516	      0.32253486	      0.04959813	      0.04564312	      0.36321391	      0.11246696	      0.36006358	      0.32138138	      0.35514282	      0.33480299	      0.39030788	      0.40514817	      0.05454758	      0.07551869	      0.07745989	      0.06230423	      0.07301243	      0.05121347	      0.01767033	      0.02848888	      0.00798799	      0.18143239	      0.10774376	      0.11771185	      0.32390625	      0.06861465	      0.11187527	      0.44311469	      0.13318945	      0.34495732	      0.40605598	      0.27506622	      0.45130750	      0.22163625	      0.25630524	      0.24464469	      0.26211608	      0.23974527
      3.50500000	      0.04146075	      0.16288155	      0.10039006	      0.32447207	      0.05412171	      0.04775336	      0.33785493	      0.11984787	      0.36727823	      0.33150024	      0.33604213	      0.31288832	      0.32593737	      0.33621470	      0.05593146	      0.07815371	      0.08086882	      0.06325637	      0.07434000	      0.05234039	      0.01820031	      0.02943583	      0.00454807	      0.19505728	      0.11020672	      0.10697101	      0.30449662	      0.06846564	      0.11405001	      0.53332370	      0.14041499	      0.31718546	      0.36387824	      0.23935605	      0.52010990	      0.23766258	      0.23952907	      0.28724829	      0.30452897	      0.28098887	      0.03911321	      0.12765480	      0.09102516	      0.32296007	      0.04959813	      0.04564312	      0.36345506	      0.11246696	      0.36002579	      0.32134087	      0.35514699	      0.33481242	      0.39021916	      0.40504782	      0.05454758	      0.07551869	      0.07745989	      0.06230423	      0.07301243	      0.05121347	      0.01767033	      0.02848888	      0.00809712	      0.18143239	      0.10774376	      0.11771616	      0.32391358	      0.06873743	      0.11187527	      0.44292831	      0.13318945	      0.34511448	      0.40624960	      0.27509841	      0.45095877	      0.22159100	      0.25631076	      0.24480064	      0.26226464	      0.23989163
      3.51000000	      0.04146075	      0.16303994	      0.10039006	      0.32448281	      0.05412171	      0.04775336	      0.33781700	      0.11984787	      0.36734109	      0.33156742	      0.33602424	      0.31285928	      0.32587220	      0.33615897	      0.05593146	      0.07815371	      0.08086882	      0.06325637	      0.07434000	      0.05234039	      0.01820031	      0.02943583	      0.00449463	      0.19505728	      0.11020672	      0.10695795	      0.30447763	      0.06835126	      0.11405001	      0.53333244	      0.14041499	      0.31717044	      0.36387218	      0.23927964	      0.52012733	      0.23773671	      0.23950970	      0.28723275	      0.30451439	      0.28097406	      0.03911321	      0.12747539	      0.09102516	      0.32338646	      0.04959813	      0.04564312	      0.36370007	      0.11246696	      0.35998783	      0.32130018	      0.35515117	      0.33482187	      0.39013145	      0.40494842	      0.05454758	      0.07551869	      0.07745989	      0.06230423	      0.07301243	      0.05121347	      0.01767033	      0.02848888	      0.00820301	      0.18143239	      0.10774376	      0.11772048	      0.32392094	      0.06886026	      0.11187527	      0.44273809	      0.13318945	      0.34527467	      0.40644722	      0.27513072	      0.45060037	      0.22154556	      0.25631630	      0.24495497	      0.26241153	      0.24003641
      3.51500000	      0.04146075	      0.16318531	      0.10039006	      0.32449565	      0.05412171	      0.04775336	      0.33778423	      0.11984787	      0.36740292	      0.33163350	      0.33600662	      0.31283068	      0.32580737	      0.33610301	      0.05593146	      0.07815371	      0.08086882	      0.06325637	      0.07434000	      0.05234039	      0.01820031	      0.02943583	      0.00444586	      0.19505728	      0.11020672	      0.10694509	      0.30445894	      0.06824462	      0.11405001	      0.53333854	      0.14041499	      0.31715901	      0.36386952	      0.23920444	      0.52014231	      0.23780961	      0.23949061	      0.28721837	      0.30450090	      0.28096037	      0.03911321	      0.12729786	      0.09102516	      0.32381418	      0.04959813	      0.04564312	      0.36394893	      0.11246696	      0.35994974	      0.32125934	      0.35515536	      0.33483134	      0.39004477	      0.40484999	      0.05454758	      0.07551869	      0.07745989	      0.06230423	      0.07301243	      0.05121347	      0.01767033	      0.02848888	      0.00830561	      0.18143239	      0.10774376	      0.11772481	      0.32392832	      0.06898294	      0.11187527	      0.44254397	      0.13318945	      0.34543799	      0.40664897	      0.27516312	      0.45023231	      0.22149997	      0.25632185	      0.24510762	      0.26255670	      0.24017957
      3.52000000	      0.04146075	      0.16331742	      0.10039006	      0.32451100	      0.05412171	      0.04775336	      0.33775715	      0.11984787	      0.36746334	      0.33169807	      0.33598935	      0.31280268	      0.32574336	      0.33604730	      0.05593146	      0.07815371	      0.08086882	      0.06325637	      0.07434000	      0.05234039	      0.01820031	      0.02943583	      0.00440181	      0.19505728	      0.11020672	      0.10693250	      0.30444065	      0.06814595	      0.11405001	      0.53334160	      0.14041499	      0.31715160	      0.36387079	      0.23913090	      0.52015434	      0.23788084	      0.23947193	      0.28720513	      0.30448847	      0.28094775	      0.03911321	      0.12712274	      0.09102516	      0.32424326	      0.04959813	      0.04564312	      0.36420158	      0.11246696	      0.35991156	      0.32121841	      0.35515955	      0.33484083	      0.38995915	      0.40475259	      0.05454758	      0.07551869	      0.07745989	      0.06230423	      0.07301243	      0.05121347	      0.01767033	      0.02848888	      0.00840488	      0.18143239	      0.10774376	      0.11772915	      0.32393571	      0.06910523	      0.11187527	      0.44234591	      0.13318945	      0.34560449	      0.40685496	      0.27519557	      0.44985473	      0.22145427	      0.25632741	      0.24525851	      0.26270007	      0.24032101
      3.52500000	      0.04146075	      0.16343611	      0.10039006	      0.32452922	      0.05412171	      0.04775336	      0.33773619	      0.11984787	      0.36752198	      0.33176073	      0.33597257	      0.31277547	      0.32568066	      0.33599233	      0.05593146	      0.07815371	      0.08086882	      0.06325637	      0.07434000	      0.05234039	      0.01820031	      0.02943583	      0.00436253	      0.19505728	      0.11020672	      0.10692027	      0.30442288	      0.06805540	      0.11405001	      0.53334131	      0.14041499	      0.31714859	      0.36387644	      0.23905948	      0.52016306	      0.23794996	      0.23945376	      0.28719298	      0.30447708	      0.28093618	      0.03911321	      0.12695049	      0.09102516	      0.32467367	      0.04959813	      0.04564312	      0.36445792	      0.11246696	      0.35987336	      0.32117747	      0.35516373	      0.33485030	      0.38987464	      0.40465627	      0.05454758	      0.07551869	      0.07745989	      0.06230423	      0.07301243	      0.05121347	      0.01767033	      0.02848888	      0.00850081	      0.18143239	      0.10774376	      0.11773348	      0.32394309	      0.06922693	      0.11187527	      0.44214394	      0.13318945	      0.34577419	      0.40706523	      0.27522800	      0.44946791	      0.22140855	      0.25633296	      0.24540751	      0.26284153	      0.24046064
      3.53000000	      0.04146075	      0.16354134	      0.10039006	      0.32455059	      0.05412171	      0.04775336	      0.33772168	      0.11984787	      0.36757848	      0.33182111	      0.33595637	      0.31274922	      0.32561976	      0.33593859	      0.05593146	      0.07815371	      0.08086882	      0.06325637	      0.07434000	      0.05234039	      0.01820031	      0.02943583	      0.00432802	      0.19505728	      0.11020672	      0.10690847	      0.30440574	      0.06797302	      0.11405001	      0.53333741	      0.14041499	      0.31715026	      0.36388684	      0.23899062	      0.52016820	      0.23801654	      0.23943624	      0.28718188	      0.30446667	      0.28092561	      0.03911321	      0.12678158	      0.09102516	      0.32510532	      0.04959813	      0.04564312	      0.36471783	      0.11246696	      0.35983524	      0.32113660	      0.35516789	      0.33485975	      0.38979126	      0.40456106	      0.05454758	      0.07551869	      0.07745989	      0.06230423	      0.07301243	      0.05121347	      0.01767033	      0.02848888	      0.00859337	      0.18143239	      0.10774376	      0.11773780	      0.32395046	      0.06934785	      0.11187527	      0.44193810	      0.13318945	      0.34594711	      0.40727983	      0.27526035	      0.44907213	      0.22136293	      0.25633849	      0.24555452	      0.26298097	      0.24059834
      3.53500000	      0.04146075	      0.16363312	      0.10039006	      0.32457534	      0.05412171	      0.04775336	      0.33771386	      0.11984787	      0.36763249	      0.33187882	      0.33594085	      0.31272409	      0.32556111	      0.33588657	      0.05593146	      0.07815371	      0.08086882	      0.06325637	      0.07434000	      0.05234039	      0.01820031	      0.02943583	      0.00429831	      0.19505728	      0.11020672	      0.10689717	      0.30438934	      0.06789880	      0.11405001	      0.53332969	      0.14041499	      0.31715684	      0.36390226	      0.23892475	      0.52016960	      0.23808018	      0.23941945	      0.28717178	      0.30445719	      0.28091599	      0.03911321	      0.12661637	      0.09102516	      0.32553806	      0.04959813	      0.04564312	      0.36498116	      0.11246696	      0.35979728	      0.32109591	      0.35517202	      0.33486915	      0.38970903	      0.40446702	      0.05454758	      0.07551869	      0.07745989	      0.06230423	      0.07301243	      0.05121347	      0.01767033	      0.02848888	      0.00868257	      0.18143239	      0.10774376	      0.11774209	      0.32395779	      0.06946781	      0.11187527	      0.44172843	      0.13318945	      0.34612324	      0.40749875	      0.27529253	      0.44866774	      0.22131750	      0.25634398	      0.24569940	      0.26311827	      0.24073400
      3.54000000	      0.04146075	      0.16371157	      0.10039006	      0.32460360	      0.05412171	      0.04775336	      0.33771282	      0.11984787	      0.36768370	      0.33193355	      0.33592611	      0.31270023	      0.32550516	      0.33583670	      0.05593146	      0.07815371	      0.08086882	      0.06325637	      0.07434000	      0.05234039	      0.01820031	      0.02943583	      0.00427341	      0.19505728	      0.11020672	      0.10688644	      0.30437377	      0.06783261	      0.11405001	      0.53331803	      0.14041499	      0.31716848	      0.36392289	      0.23886225	      0.52016723	      0.23814052	      0.23940352	      0.28716262	      0.30444860	      0.28090726	      0.03911321	      0.12645522	      0.09102516	      0.32597171	      0.04959813	      0.04564312	      0.36524776	      0.11246696	      0.35975960	      0.32105552	      0.35517612	      0.33487846	      0.38962797	      0.40437416	      0.05454758	      0.07551869	      0.07745989	      0.06230423	      0.07301243	      0.05121347	      0.01767033	      0.02848888	      0.00876842	      0.18143239	      0.10774376	      0.11774635	      0.32396506	      0.06958665	      0.11187527	      0.44151503	      0.13318945	      0.34630255	      0.40772195	      0.27532446	      0.44825512	      0.22127241	      0.25634943	      0.24584203	      0.26325333	      0.24086749
      3.54500000	      0.04146075	      0.16377691	      0.10039006	      0.32463545	      0.05412171	      0.04775336	      0.33771858	      0.11984787	      0.36773186	      0.33198501	      0.33591223	      0.31267776	      0.32545227	      0.33578939	      0.05593146	      0.07815371	      0.08086882	      0.06325637	      0.07434000	      0.05234039	      0.01820031	      0.02943583	      0.00425327	      0.19505728	      0.11020672	      0.10687634	      0.30435912	      0.06777426	      0.11405001	      0.53330236	      0.14041499	      0.31718523	      0.36394881	      0.23880345	      0.52016116	      0.23819725	      0.23938851	      0.28715433	      0.30444082	      0.28089937	      0.03911321	      0.12629841	      0.09102516	      0.32640601	      0.04959813	      0.04564312	      0.36551740	      0.11246696	      0.35972231	      0.32101555	      0.35518016	      0.33488767	      0.38954810	      0.40428252	      0.05454758	      0.07551869	      0.07745989	      0.06230423	      0.07301243	      0.05121347	      0.01767033	      0.02848888	      0.00885092	      0.18143239	      0.10774376	      0.11775056	      0.32397225	      0.06970422	      0.11187527	      0.44129804	      0.13318945	      0.34648494	      0.40794935	      0.27535603	      0.44783472	      0.22122779	      0.25635481	      0.24598227	      0.26338602	      0.24099871
      3.55000000	      0.04146075	      0.16382950	      0.10039006	      0.32467085	      0.05412171	      0.04775336	      0.33773101	      0.11984787	      0.36777676	      0.33203298	      0.33589927	      0.31265679	      0.32540275	      0.33574495	      0.05593146	      0.07815371	      0.08086882	      0.06325637	      0.07434000	      0.05234039	      0.01820031	      0.02943583	      0.00423782	      0.19505728	      0.11020672	      0.10686692	      0.30434544	      0.06772346	      0.11405001	      0.53328271	      0.14041499	      0.31720705	      0.36398000	      0.23874860	      0.52015154	      0.23825014	      0.23937451	      0.28714685	      0.30443381	      0.28089224	      0.03911321	      0.12614616	      0.09102516	      0.32684058	      0.04959813	      0.04564312	      0.36578981	      0.11246696	      0.35968552	      0.32097611	      0.35518414	      0.33489674	      0.38946943	      0.40419214	      0.05454758	      0.07551869	      0.07745989	      0.06230423	      0.07301243	      0.05121347	      0.01767033	      0.02848888	      0.00893009	      0.18143239	      0.10774376	      0.11775471	      0.32397934	      0.06982038	      0.11187527	      0.44107766	      0.13318945	      0.34667029	      0.40818076	      0.27538715	      0.44740708	      0.22118377	      0.25636011	      0.24612002	      0.26351624	      0.24112755
      3.55500000	      0.04146075	      0.16386986	      0.10039006	      0.32470974	      0.05412171	      0.04775336	      0.33774989	      0.11984787	      0.36781826	      0.33207733	      0.33588727	      0.31263739	      0.32535682	      0.33570364	      0.05593146	      0.07815371	      0.08086882	      0.06325637	      0.07434000	      0.05234039	      0.01820031	      0.02943583	      0.00422694	      0.19505728	      0.11020672	      0.10685820	      0.30433279	      0.06767985	      0.11405001	      0.53325918	      0.14041499	      0.31723381	      0.36401634	      0.23869787	      0.52013857	      0.23829903	      0.23936154	      0.28714011	      0.30442749	      0.28088582	      0.03911321	      0.12599866	      0.09102516	      0.32727502	      0.04959813	      0.04564312	      0.36606465	      0.11246696	      0.35964934	      0.32093733	      0.35518804	      0.33490565	      0.38939196	      0.40410302	      0.05454758	      0.07551869	      0.07745989	      0.06230423	      0.07301243	      0.05121347	      0.01767033	      0.02848888	      0.00900597	      0.18143239	      0.10774376	      0.11775878	      0.32398630	      0.06993500	      0.11187527	      0.44085416	      0.13318945	      0.34685836	      0.40841591	      0.27541773	      0.44697286	      0.22114049	      0.25636532	      0.24625514	      0.26364387	      0.24125389
      3.56000000	      0.04146075	      0.16389864	      0.10039006	      0.32475196	      0.05412171	      0.04775336	      0.33777488	      0.11984787	      0.36785631	      0.33211799	      0.33587626	      0.31261958	      0.32531462	      0.33566563	      0.05593146	      0.07815371	      0.08086882	      0.06325637	      0.07434000	      0.05234039	      0.01820031	      0.02943583	      0.00422043	      0.19505728	      0.11020672	      0.10685019	      0.30432118	      0.06764296	      0.11405001	      0.53323193	      0.14041499	      0.31726530	      0.36405761	      0.23865135	      0.52012250	      0.23834384	      0.23934964	      0.28713404	      0.30442179	      0.28088004	      0.03911321	      0.12585602	      0.09102516	      0.32770878	      0.04959813	      0.04564312	      0.36634146	      0.11246696	      0.35961389	      0.32089933	      0.35519186	      0.33491438	      0.38931570	      0.40401521	      0.05454758	      0.07551869	      0.07745989	      0.06230423	      0.07301243	      0.05121347	      0.01767033	      0.02848888	      0.00907862	      0.18143239	      0.10774376	      0.11776277	      0.32399312	      0.07004797	      0.11187527	      0.44062791	      0.13318945	      0.34704888	      0.40865441	      0.27544768	      0.44653286	      0.22109807	      0.25637041	      0.24638754	      0.26376883	      0.24137763
      3.56500000	      0.04146075	      0.16391666	      0.10039006	      0.32479729	      0.05412171	      0.04775336	      0.33780556	      0.11984787	      0.36789093	      0.33215497	      0.33586623	      0.31260337	      0.32527618	      0.33563098	      0.05593146	      0.07815371	      0.08086882	      0.06325637	      0.07434000	      0.05234039	      0.01820031	      0.02943583	      0.00421800	      0.19505728	      0.11020672	      0.10684291	      0.30431062	      0.06761228	      0.11405001	      0.53320120	      0.14041499	      0.31730122	      0.36410348	      0.23860901	      0.52010363	      0.23838460	      0.23933881	      0.28712857	      0.30441667	      0.28087483	      0.03911321	      0.12571832	      0.09102516	      0.32814122	      0.04959813	      0.04564312	      0.36661972	      0.11246696	      0.35957926	      0.32086221	      0.35519558	      0.33492289	      0.38924066	      0.40392872	      0.05454758	      0.07551869	      0.07745989	      0.06230423	      0.07301243	      0.05121347	      0.01767033	      0.02848888	      0.00914812	      0.18143239	      0.10774376	      0.11776666	      0.32399978	      0.07015918	      0.11187527	      0.44039935	      0.13318945	      0.34724144	      0.40889579	      0.27547692	      0.44608799	      0.22105664	      0.25637538	      0.24651711	      0.26389102	      0.24149869
      3.57000000	      0.04146075	      0.16392491	      0.10039006	      0.32484547	      0.05412171	      0.04775336	      0.33784142	      0.11984787	      0.36792219	      0.33218838	      0.33585716	      0.31258872	      0.32524144	      0.33559966	      0.05593146	      0.07815371	      0.08086882	      0.06325637	      0.07434000	      0.05234039	      0.01820031	      0.02943583	      0.00421933	      0.19505728	      0.11020672	      0.10683632	      0.30430107	      0.06758722	      0.11405001	      0.53316729	      0.14041499	      0.31734117	      0.36415358	      0.23857075	      0.52008224	      0.23842141	      0.23932901	      0.28712364	      0.30441204	      0.28087014	      0.03911321	      0.12558560	      0.09102516	      0.32857165	      0.04959813	      0.04564312	      0.36689882	      0.11246696	      0.35954555	      0.32082608	      0.35519920	      0.33493116	      0.38916684	      0.40384358	      0.05454758	      0.07551869	      0.07745989	      0.06230423	      0.07301243	      0.05121347	      0.01767033	      0.02848888	      0.00921455	      0.18143239	      0.10774376	      0.11777045	      0.32400625	      0.07026852	      0.11187527	      0.44016900	      0.13318945	      0.34743561	      0.40913944	      0.27550536	      0.44563932	      0.22101632	      0.25638021	      0.24664377	      0.26401036	      0.24161698
      3.57500000	      0.04146075	      0.16392448	      0.10039006	      0.32489619	      0.05412171	      0.04775336	      0.33788187	      0.11984787	      0.36795027	      0.33221838	      0.33584900	      0.31257554	      0.32521026	      0.33557156	      0.05593146	      0.07815371	      0.08086882	      0.06325637	      0.07434000	      0.05234039	      0.01820031	      0.02943583	      0.00422399	      0.19505728	      0.11020672	      0.10683040	      0.30429248	      0.06756715	      0.11405001	      0.53313054	      0.14041499	      0.31738471	      0.36420742	      0.23853637	      0.52005862	      0.23845447	      0.23932021	      0.28711919	      0.30440787	      0.28086590	      0.03911321	      0.12545781	      0.09102516	      0.32899924	      0.04959813	      0.04564312	      0.36717806	      0.11246696	      0.35951284	      0.32079102	      0.35520270	      0.33493918	      0.38909426	      0.40375980	      0.05454758	      0.07551869	      0.07745989	      0.06230423	      0.07301243	      0.05121347	      0.01767033	      0.02848888	      0.00927805	      0.18143239	      0.10774376	      0.11777412	      0.32401253	      0.07037591	      0.11187527	      0.43993748	      0.13318945	      0.34763082	      0.40938468	      0.27553293	      0.44518805	      0.22097719	      0.25638488	      0.24676742	      0.26412679	      0.24173244
      3.58000000	      0.04146075	      0.16391663	      0.10039006	      0.32494911	      0.05412171	      0.04775336	      0.33792630	      0.11984787	      0.36797541	      0.33224525	      0.33584170	      0.31256374	      0.32518237	      0.33554645	      0.05593146	      0.07815371	      0.08086882	      0.06325637	      0.07434000	      0.05234039	      0.01820031	      0.02943583	      0.00423150	      0.19505728	      0.11020672	      0.10682510	      0.30428480	      0.06755138	      0.11405001	      0.53309136	      0.14041499	      0.31743134	      0.36426450	      0.23850558	      0.52003302	      0.23848407	      0.23931232	      0.28711516	      0.30440409	      0.28086206	      0.03911321	      0.12533492	      0.09102516	      0.32942314	      0.04959813	      0.04564312	      0.36745666	      0.11246696	      0.35948120	      0.32075711	      0.35520608	      0.33494693	      0.38902292	      0.40367741	      0.05454758	      0.07551869	      0.07745989	      0.06230423	      0.07301243	      0.05121347	      0.01767033	      0.02848888	      0.00933878	      0.18143239	      0.10774376	      0.11777766	      0.32401860	      0.07048125	      0.11187527	      0.43970545	      0.13318945	      0.34782647	      0.40963071	      0.27555958	      0.44473552	      0.22093935	      0.25638940	      0.24688802	      0.26424024	      0.24184499
      3.58500000	      0.04146075	      0.16390268	      0.10039006	      0.32500390	      0.05412171	      0.04775336	      0.33797404	      0.11984787	      0.36799791	      0.33226928	      0.33583515	      0.31255317	      0.32515745	      0.33552405	      0.05593146	      0.07815371	      0.08086882	      0.06325637	      0.07434000	      0.05234039	      0.01820031	      0.02943583	      0.00424132	      0.19505728	      0.11020672	      0.10682035	      0.30427791	      0.06753924	      0.11405001	      0.53305015	      0.14041499	      0.31748053	      0.36432426	      0.23847803	      0.52000567	      0.23851056	      0.23930525	      0.28711151	      0.30440066	      0.28085858	      0.03911321	      0.12521681	      0.09102516	      0.32984243	      0.04959813	      0.04564312	      0.36773379	      0.11246696	      0.35945070	      0.32072441	      0.35520933	      0.33495440	      0.38895283	      0.40359645	      0.05454758	      0.07551869	      0.07745989	      0.06230423	      0.07301243	      0.05121347	      0.01767033	      0.02848888	      0.00939690	      0.18143239	      0.10774376	      0.11778107	      0.32402445	      0.07058449	      0.11187527	      0.43947364	      0.13318945	      0.34802191	      0.40987668	      0.27558526	      0.44428318	      0.22090287	      0.25639375	      0.24700549	      0.26435068	      0.24195461
      3.59000000	      0.04146075	      0.16388402	      0.10039006	      0.32506019	      0.05412171	      0.04775336	      0.33802444	      0.11984787	      0.36801813	      0.33229088	      0.33582927	      0.31254367	      0.32513509	      0.33550396	      0.05593146	      0.07815371	      0.08086882	      0.06325637	      0.07434000	      0.05234039	      0.01820031	      0.02943583	      0.00425285	      0.19505728	      0.11020672	      0.10681608	      0.30427172	      0.06753001	      0.11405001	      0.53300734	      0.14041499	      0.31753172	      0.36438613	      0.23845326	      0.51997672	      0.23853435	      0.23929890	      0.28710819	      0.30439755	      0.28085541	      0.03911321	      0.12510335	      0.09102516	      0.33025617	      0.04959813	      0.04564312	      0.36800858	      0.11246696	      0.35942136	      0.32069297	      0.35521245	      0.33496157	      0.38888403	      0.40351694	      0.05454758	      0.07551869	      0.07745989	      0.06230423	      0.07301243	      0.05121347	      0.01767033	      0.02848888	      0.00945263	      0.18143239	      0.10774376	      0.11778435	      0.32403007	      0.07068555	      0.11187527	      0.43924283	      0.13318945	      0.34821643	      0.41012168	      0.27560995	      0.44383257	      0.22086778	      0.25639793	      0.24711982	      0.26445808	      0.24206124
      3.59500000	      0.04146075	      0.16386206	      0.10039006	      0.32511766	      0.05412171	      0.04775336	      0.33807684	      0.11984787	      0.36803646	      0.33231047	      0.33582393	      0.31253505	      0.32511481	      0.33548575	      0.05593146	      0.07815371	      0.08086882	      0.06325637	      0.07434000	      0.05234039	      0.01820031	      0.02943583	      0.00426550	      0.19505728	      0.11020672	      0.10681221	      0.30426611	      0.06752303	      0.11405001	      0.53296337	      0.14041499	      0.31758435	      0.36444953	      0.23843080	      0.51994631	      0.23855593	      0.23929314	      0.28710517	      0.30439471	      0.28085254	      0.03911321	      0.12499438	      0.09102516	      0.33066342	      0.04959813	      0.04564312	      0.36828015	      0.11246696	      0.35939319	      0.32066278	      0.35521544	      0.33496845	      0.38881655	      0.40343893	      0.05454758	      0.07551869	      0.07745989	      0.06230423	      0.07301243	      0.05121347	      0.01767033	      0.02848888	      0.00950622	      0.18143239	      0.10774376	      0.11778750	      0.32403546	      0.07078441	      0.11187527	      0.43901380	      0.13318945	      0.34840932	      0.41036479	      0.27563364	      0.44338526	      0.22083409	      0.25640194	      0.24723095	      0.26456240	      0.24216488
      3.60000000	      0.04146075	      0.16383821	      0.10039006	      0.32517597	      0.05412171	      0.04775336	      0.33813061	      0.11984787	      0.36805333	      0.33232850	      0.33581901	      0.31252712	      0.32509611	      0.33546893	      0.05593146	      0.07815371	      0.08086882	      0.06325637	      0.07434000	      0.05234039	      0.01820031	      0.02943583	      0.00427865	      0.19505728	      0.11020672	      0.10680864	      0.30426094	      0.06751765	      0.11405001	      0.53291866	      0.14041499	      0.31763788	      0.36451393	      0.23841011	      0.51991450	      0.23857579	      0.23928783	      0.28710243	      0.30439215	      0.28084994	      0.03911321	      0.12488969	      0.09102516	      0.33106327	      0.04959813	      0.04564312	      0.36854762	      0.11246696	      0.35936617	      0.32063381	      0.35521831	      0.33497505	      0.38875044	      0.40336251	      0.05454758	      0.07551869	      0.07745989	      0.06230423	      0.07301243	      0.05121347	      0.01767033	      0.02848888	      0.00955791	      0.18143239	      0.10774376	      0.11779052	      0.32404063	      0.07088103	      0.11187527	      0.43878734	      0.13318945	      0.34859985	      0.41060507	      0.27565635	      0.44294287	      0.22080178	      0.25640578	      0.24733889	      0.26466365	      0.24226550
      3.60500000	      0.04146075	      0.16381378	      0.10039006	      0.32523485	      0.05412171	      0.04775336	      0.33818519	      0.11984787	      0.36806919	      0.33234544	      0.33581439	      0.31251965	      0.32507845	      0.33545299	      0.05593146	      0.07815371	      0.08086882	      0.06325637	      0.07434000	      0.05234039	      0.01820031	      0.02943583	      0.00429168	      0.19505728	      0.11020672	      0.10680529	      0.30425609	      0.06751327	      0.11405001	      0.53287360	      0.14041499	      0.31769179	      0.36457878	      0.23839068	      0.51988132	      0.23859445	      0.23928284	      0.28709997	      0.30438984	      0.28084759	      0.03911321	      0.12478905	      0.09102516	      0.33145483	      0.04959813	      0.04564312	      0.36881015	      0.11246696	      0.35934022	      0.32060601	      0.35522106	      0.33498137	      0.38868579	      0.40328774	      0.05454758	      0.07551869	      0.07745989	      0.06230423	      0.07301243	      0.05121347	      0.01767033	      0.02848888	      0.00960798	      0.18143239	      0.10774376	      0.11779341	      0.32404560	      0.07097540	      0.11187527	      0.43856420	      0.13318945	      0.34878733	      0.41084162	      0.27567814	      0.44250698	      0.22077075	      0.25640946	      0.24744363	      0.26476183	      0.24236311
      3.61000000	      0.04146075	      0.16379000	      0.10039006	      0.32529402	      0.05412171	      0.04775336	      0.33824004	      0.11984787	      0.36808446	      0.33236175	      0.33580993	      0.31251247	      0.32506130	      0.33543741	      0.05593146	      0.07815371	      0.08086882	      0.06325637	      0.07434000	      0.05234039	      0.01820031	      0.02943583	      0.00430404	      0.19505728	      0.11020672	      0.10680206	      0.30425141	      0.06750936	      0.11405001	      0.53282857	      0.14041499	      0.31774561	      0.36464362	      0.23837195	      0.51984676	      0.23861243	      0.23927804	      0.28709778	      0.30438778	      0.28084550	      0.03911321	      0.12469216	      0.09102516	      0.33183729	      0.04959813	      0.04564312	      0.36906695	      0.11246696	      0.35931526	      0.32057925	      0.35522369	      0.33498746	      0.38862270	      0.40321475	      0.05454758	      0.07551869	      0.07745989	      0.06230423	      0.07301243	      0.05121347	      0.01767033	      0.02848888	      0.00965673	      0.18143239	      0.10774376	      0.11779619	      0.32405037	      0.07106757	      0.11187527	      0.43834511	      0.13318945	      0.34897111	      0.41107359	      0.27569910	      0.44207909	      0.22074090	      0.25641301	      0.24754518	      0.26485696	      0.24245772
      3.61500000	      0.04146075	      0.16376793	      0.10039006	      0.32535327	      0.05412171	      0.04775336	      0.33829471	      0.11984787	      0.36809956	      0.33237789	      0.33580553	      0.31250535	      0.32504412	      0.33542166	      0.05593146	      0.07815371	      0.08086882	      0.06325637	      0.07434000	      0.05234039	      0.01820031	      0.02943583	      0.00431523	      0.19505728	      0.11020672	      0.10679886	      0.30424678	      0.06750547	      0.11405001	      0.53278388	      0.14041499	      0.31779891	      0.36470800	      0.23835343	      0.51981079	      0.23863020	      0.23927328	      0.28709587	      0.30438600	      0.28084369	      0.03911321	      0.12459864	      0.09102516	      0.33220993	      0.04959813	      0.04564312	      0.36931733	      0.11246696	      0.35929113	      0.32055339	      0.35522624	      0.33499333	      0.38856131	      0.40314367	      0.05454758	      0.07551869	      0.07745989	      0.06230423	      0.07301243	      0.05121347	      0.01767033	      0.02848888	      0.00970443	      0.18143239	      0.10774376	      0.11779888	      0.32405498	      0.07115758	      0.11187527	      0.43813072	      0.13318945	      0.34915061	      0.41130019	      0.27571935	      0.44166059	      0.22071205	      0.25641642	      0.24764357	      0.26494907	      0.24254936
      3.62000000	      0.04146075	      0.16374843	      0.10039006	      0.32541243	      0.05412171	      0.04775336	      0.33834884	      0.11984787	      0.36811487	      0.33239424	      0.33580106	      0.31249814	      0.32502643	      0.33540527	      0.05593146	      0.07815371	      0.08086882	      0.06325637	      0.07434000	      0.05234039	      0.01820031	      0.02943583	      0.00432483	      0.19505728	      0.11020672	      0.10679562	      0.30424208	      0.06750124	      0.11405001	      0.53273980	      0.14041499	      0.31785135	      0.36477159	      0.23833466	      0.51977335	      0.23864822	      0.23926846	      0.28709427	      0.30438450	      0.28084217	      0.03911321	      0.12450803	      0.09102516	      0.33257210	      0.04959813	      0.04564312	      0.36956070	      0.11246696	      0.35926765	      0.32052823	      0.35522872	      0.33499904	      0.38850177	      0.40307466	      0.05454758	      0.07551869	      0.07745989	      0.06230423	      0.07301243	      0.05121347	      0.01767033	      0.02848888	      0.00975136	      0.18143239	      0.10774376	      0.11780149	      0.32405946	      0.07124553	      0.11187527	      0.43792158	      0.13318945	      0.34932530	      0.41152074	      0.27573904	      0.44125267	      0.22068398	      0.25641974	      0.24773885	      0.26503820	      0.24263808
      3.62500000	      0.04146075	      0.16373213	      0.10039006	      0.32547138	      0.05412171	      0.04775336	      0.33840214	      0.11984787	      0.36813072	      0.33241118	      0.33579643	      0.31249067	      0.32500780	      0.33538779	      0.05593146	      0.07815371	      0.08086882	      0.06325637	      0.07434000	      0.05234039	      0.01820031	      0.02943583	      0.00433255	      0.19505728	      0.11020672	      0.10679226	      0.30423722	      0.06749642	      0.11405001	      0.53269655	      0.14041499	      0.31790266	      0.36483411	      0.23831521	      0.51973441	      0.23866687	      0.23926346	      0.28709302	      0.30438333	      0.28084097	      0.03911321	      0.12441975	      0.09102516	      0.33292329	      0.04959813	      0.04564312	      0.36979665	      0.11246696	      0.35924463	      0.32050355	      0.35523114	      0.33500464	      0.38844424	      0.40300789	      0.05454758	      0.07551869	      0.07745989	      0.06230423	      0.07301243	      0.05121347	      0.01767033	      0.02848888	      0.00979779	      0.18143239	      0.10774376	      0.11780405	      0.32406386	      0.07133158	      0.11187527	      0.43771814	      0.13318945	      0.34949482	      0.41173472	      0.27575834	      0.44085627	      0.22065645	      0.25642300	      0.24783105	      0.26512441	      0.24272391
      3.63000000	      0.04146075	      0.16371935	      0.10039006	      0.32553006	      0.05412171	      0.04775336	      0.33845444	      0.11984787	      0.36814739	      0.33242899	      0.33579155	      0.31248281	      0.32498782	      0.33536882	      0.05593146	      0.07815371	      0.08086882	      0.06325637	      0.07434000	      0.05234039	      0.01820031	      0.02943583	      0.00433824	      0.19505728	      0.11020672	      0.10678873	      0.30423211	      0.06749086	      0.11405001	      0.53265426	      0.14041499	      0.31795268	      0.36489536	      0.23829476	      0.51969396	      0.23868648	      0.23925821	      0.28709217	      0.30438252	      0.28084016	      0.03911321	      0.12433310	      0.09102516	      0.33326315	      0.04959813	      0.04564312	      0.37002493	      0.11246696	      0.35922181	      0.32047909	      0.35523354	      0.33501018	      0.38838891	      0.40294354	      0.05454758	      0.07551869	      0.07745989	      0.06230423	      0.07301243	      0.05121347	      0.01767033	      0.02848888	      0.00984391	      0.18143239	      0.10774376	      0.11780658	      0.32406821	      0.07141590	      0.11187527	      0.43752070	      0.13318945	      0.34965888	      0.41194173	      0.27577747	      0.44047199	      0.22062917	      0.25642622	      0.24792025	      0.26520776	      0.24280693
      3.63500000	      0.04146075	      0.16371005	      0.10039006	      0.32558849	      0.05412171	      0.04775336	      0.33850567	      0.11984787	      0.36816510	      0.33244791	      0.33578637	      0.31247446	      0.32496620	      0.33534801	      0.05593146	      0.07815371	      0.08086882	      0.06325637	      0.07434000	      0.05234039	      0.01820031	      0.02943583	      0.00434192	      0.19505728	      0.11020672	      0.10678498	      0.30422667	      0.06748452	      0.11405001	      0.53261300	      0.14041499	      0.31800134	      0.36495529	      0.23827303	      0.51965206	      0.23870732	      0.23925262	      0.28709176	      0.30438214	      0.28083977	      0.03911321	      0.12424722	      0.09102516	      0.33359147	      0.04959813	      0.04564312	      0.37024552	      0.11246696	      0.35919893	      0.32045458	      0.35523594	      0.33501573	      0.38833597	      0.40288179	      0.05454758	      0.07551869	      0.07745989	      0.06230423	      0.07301243	      0.05121347	      0.01767033	      0.02848888	      0.00988990	      0.18143239	      0.10774376	      0.11780912	      0.32407257	      0.07149875	      0.11187527	      0.43732937	      0.13318945	      0.34981741	      0.41214160	      0.27579662	      0.44010005	      0.22060183	      0.25642945	      0.24800653	      0.26528833	      0.24288722
      3.64000000	      0.04146075	      0.16370385	      0.10039006	      0.32564672	      0.05412171	      0.04775336	      0.33855588	      0.11984787	      0.36818400	      0.33246810	      0.33578084	      0.31246554	      0.32494267	      0.33532510	      0.05593146	      0.07815371	      0.08086882	      0.06325637	      0.07434000	      0.05234039	      0.01820031	      0.02943583	      0.00434382	      0.19505728	      0.11020672	      0.10678097	      0.30422087	      0.06747750	      0.11405001	      0.53257272	      0.14041499	      0.31804871	      0.36501391	      0.23824983	      0.51960884	      0.23872956	      0.23924666	      0.28709188	      0.30438226	      0.28083989	      0.03911321	      0.12416108	      0.09102516	      0.33390825	      0.04959813	      0.04564312	      0.37045865	      0.11246696	      0.35917575	      0.32042973	      0.35523837	      0.33502136	      0.38828559	      0.40282283	      0.05454758	      0.07551869	      0.07745989	      0.06230423	      0.07301243	      0.05121347	      0.01767033	      0.02848888	      0.00993584	      0.18143239	      0.10774376	      0.11781170	      0.32407699	      0.07158042	      0.11187527	      0.43714410	      0.13318945	      0.34997046	      0.41233435	      0.27581603	      0.43974016	      0.22057411	      0.25643272	      0.24808999	      0.26536622	      0.24296485
      3.64500000	      0.04146075	      0.16369998	      0.10039006	      0.32570492	      0.05412171	      0.04775336	      0.33860522	      0.11984787	      0.36820418	      0.33248965	      0.33577493	      0.31245602	      0.32491707	      0.33529988	      0.05593146	      0.07815371	      0.08086882	      0.06325637	      0.07434000	      0.05234039	      0.01820031	      0.02943583	      0.00434435	      0.19505728	      0.11020672	      0.10677669	      0.30421467	      0.06747000	      0.11405001	      0.53253334	      0.14041499	      0.31809496	      0.36507137	      0.23822506	      0.51956450	      0.23875330	      0.23924028	      0.28709261	      0.30438293	      0.28084058	      0.03911321	      0.12407349	      0.09102516	      0.33421363	      0.04959813	      0.04564312	      0.37066476	      0.11246696	      0.35915199	      0.32040427	      0.35524085	      0.33502711	      0.38823794	      0.40276681	      0.05454758	      0.07551869	      0.07745989	      0.06230423	      0.07301243	      0.05121347	      0.01767033	      0.02848888	      0.00998173	      0.18143239	      0.10774376	      0.11781433	      0.32408152	      0.07166127	      0.11187527	      0.43696463	      0.13318945	      0.35011828	      0.41252021	      0.27583592	      0.43939161	      0.22054571	      0.25643606	      0.24817074	      0.26544153	      0.24303995
      3.65000000	      0.04146075	      0.16369739	      0.10039006	      0.32576327	      0.05412171	      0.04775336	      0.33865395	      0.11984787	      0.36822566	      0.33251261	      0.33576864	      0.31244587	      0.32488928	      0.33527222	      0.05593146	      0.07815371	      0.08086882	      0.06325637	      0.07434000	      0.05234039	      0.01820031	      0.02943583	      0.00434409	      0.19505728	      0.11020672	      0.10677213	      0.30420807	      0.06746231	      0.11405001	      0.53249466	      0.14041499	      0.31814036	      0.36512790	      0.23819868	      0.51951932	      0.23877858	      0.23923350	      0.28709402	      0.30438426	      0.28084192	      0.03911321	      0.12398306	      0.09102516	      0.33450787	      0.04959813	      0.04564312	      0.37086451	      0.11246696	      0.35912740	      0.32037791	      0.35524342	      0.33503307	      0.38819316	      0.40271386	      0.05454758	      0.07551869	      0.07745989	      0.06230423	      0.07301243	      0.05121347	      0.01767033	      0.02848888	      0.01002754	      0.18143239	      0.10774376	      0.11781705	      0.32408620	      0.07174170	      0.11187527	      0.43679057	      0.13318945	      0.35026126	      0.41269957	      0.27585648	      0.43905327	      0.22051631	      0.25643952	      0.24824889	      0.26551438	      0.24311261
      3.65500000	      0.04146075	      0.16369478	      0.10039006	      0.32582202	      0.05412171	      0.04775336	      0.33870238	      0.11984787	      0.36824842	      0.33253692	      0.33576196	      0.31243511	      0.32485928	      0.33524200	      0.05593146	      0.07815371	      0.08086882	      0.06325637	      0.07434000	      0.05234039	      0.01820031	      0.02943583	      0.00434375	      0.19505728	      0.11020672	      0.10676730	      0.30420107	      0.06745481	      0.11405001	      0.53245645	      0.14041499	      0.31818526	      0.36518381	      0.23817072	      0.51947360	      0.23880535	      0.23922630	      0.28709622	      0.30438632	      0.28084402	      0.03911321	      0.12388824	      0.09102516	      0.33479133	      0.04959813	      0.04564312	      0.37105870	      0.11246696	      0.35910173	      0.32035041	      0.35524610	      0.33503928	      0.38815140	      0.40266413	      0.05454758	      0.07551869	      0.07745989	      0.06230423	      0.07301243	      0.05121347	      0.01767033	      0.02848888	      0.01007313	      0.18143239	      0.10774376	      0.11781990	      0.32409108	      0.07182216	      0.11187527	      0.43662141	      0.13318945	      0.35039987	      0.41287296	      0.27587794	      0.43872369	      0.22048563	      0.25644313	      0.24832456	      0.26558489	      0.24318296
      3.66000000	      0.04146075	      0.16369072	      0.10039006	      0.32588146	      0.05412171	      0.04775336	      0.33875090	      0.11984787	      0.36827237	      0.33256250	      0.33575494	      0.31242379	      0.32482709	      0.33520922	      0.05593146	      0.07815371	      0.08086882	      0.06325637	      0.07434000	      0.05234039	      0.01820031	      0.02943583	      0.00434409	      0.19505728	      0.11020672	      0.10676221	      0.30419371	      0.06744793	      0.11405001	      0.53241845	      0.14041499	      0.31823007	      0.36523947	      0.23814130	      0.51942768	      0.23883352	      0.23921872	      0.28709931	      0.30438922	      0.28084696	      0.03911321	      0.12378732	      0.09102516	      0.33506435	      0.04959813	      0.04564312	      0.37124823	      0.11246696	      0.35907475	      0.32032149	      0.35524891	      0.33504580	      0.38811278	      0.40261773	      0.05454758	      0.07551869	      0.07745989	      0.06230423	      0.07301243	      0.05121347	      0.01767033	      0.02848888	      0.01011835	      0.18143239	      0.10774376	      0.11782288	      0.32409621	      0.07190312	      0.11187527	      0.43645656	      0.13318945	      0.35053465	      0.41304095	      0.27590048	      0.43840121	      0.22045338	      0.25644691	      0.24839787	      0.26565315	      0.24325109
      3.66500000	      0.04146075	      0.16368364	      0.10039006	      0.32594189	      0.05412171	      0.04775336	      0.33879993	      0.11984787	      0.36829737	      0.33258921	      0.33574760	      0.31241196	      0.32479279	      0.33517391	      0.05593146	      0.07815371	      0.08086882	      0.06325637	      0.07434000	      0.05234039	      0.01820031	      0.02943583	      0.00434596	      0.19505728	      0.11020672	      0.10675690	      0.30418602	      0.06744213	      0.11405001	      0.53238033	      0.14041499	      0.31827524	      0.36529527	      0.23811058	      0.51938190	      0.23886292	      0.23921081	      0.28710338	      0.30439304	      0.28085084	      0.03911321	      0.12367848	      0.09102516	      0.33532729	      0.04959813	      0.04564312	      0.37143402	      0.11246696	      0.35904622	      0.32029092	      0.35525188	      0.33505269	      0.38807744	      0.40257479	      0.05454758	      0.07551869	      0.07745989	      0.06230423	      0.07301243	      0.05121347	      0.01767033	      0.02848888	      0.01016300	      0.18143239	      0.10774376	      0.11782603	      0.32410164	      0.07198508	      0.11187527	      0.43629542	      0.13318945	      0.35066619	      0.41320416	      0.27592430	      0.43808401	      0.22041929	      0.25645091	      0.24846891	      0.26571928	      0.24331711
      3.67000000	      0.04146075	      0.16367197	      0.10039006	      0.32600367	      0.05412171	      0.04775336	      0.33884992	      0.11984787	      0.36832324	      0.33261685	      0.33573999	      0.31239971	      0.32475651	      0.33513613	      0.05593146	      0.07815371	      0.08086882	      0.06325637	      0.07434000	      0.05234039	      0.01820031	      0.02943583	      0.00435019	      0.19505728	      0.11020672	      0.10675139	      0.30417805	      0.06743790	      0.11405001	      0.53234178	      0.14041499	      0.31832123	      0.36535166	      0.23807877	      0.51933658	      0.23889336	      0.23920261	      0.28710856	      0.30439790	      0.28085577	      0.03911321	      0.12355978	      0.09102516	      0.33558044	      0.04959813	      0.04564312	      0.37161706	      0.11246696	      0.35901595	      0.32025847	      0.35525502	      0.33506000	      0.38804549	      0.40253543	      0.05454758	      0.07551869	      0.07745989	      0.06230423	      0.07301243	      0.05121347	      0.01767033	      0.02848888	      0.01020685	      0.18143239	      0.10774376	      0.11782937	      0.32410739	      0.07206855	      0.11187527	      0.43613736	      0.13318945	      0.35079506	      0.41336321	      0.27594957	      0.43777020	      0.22038311	      0.25645515	      0.24853780	      0.26578336	      0.24338110
      3.67500000	      0.04146075	      0.16365414	      0.10039006	      0.32606713	      0.05412171	      0.04775336	      0.33890136	      0.11984787	      0.36834980	      0.33264522	      0.33573218	      0.31238713	      0.32471841	      0.33509599	      0.05593146	      0.07815371	      0.08086882	      0.06325637	      0.07434000	      0.05234039	      0.01820031	      0.02943583	      0.00435762	      0.19505728	      0.11020672	      0.10674574	      0.30416987	      0.06743574	      0.11405001	      0.53230245	      0.14041499	      0.31836853	      0.36540907	      0.23804611	      0.51929199	      0.23892460	      0.23919419	      0.28711494	      0.30440388	      0.28086185	      0.03911321	      0.12342923	      0.09102516	      0.33582406	      0.04959813	      0.04564312	      0.37179827	      0.11246696	      0.35898371	      0.32022393	      0.35525836	      0.33506777	      0.38801706	      0.40249975	      0.05454758	      0.07551869	      0.07745989	      0.06230423	      0.07301243	      0.05121347	      0.01767033	      0.02848888	      0.01024966	      0.18143239	      0.10774376	      0.11783293	      0.32411351	      0.07215401	      0.11187527	      0.43598179	      0.13318945	      0.35092181	      0.41351867	      0.27597645	      0.43745788	      0.22034458	      0.25645966	      0.24860461	      0.26584548	      0.24344316
      3.68000000	      0.04146075	      0.16362865	      0.10039006	      0.32613265	      0.05412171	      0.04775336	      0.33895471	      0.11984787	      0.36837682	      0.33267409	      0.33572422	      0.31237432	      0.32467868	      0.33505362	      0.05593146	      0.07815371	      0.08086882	      0.06325637	      0.07434000	      0.05234039	      0.01820031	      0.02943583	      0.00436904	      0.19505728	      0.11020672	      0.10673998	      0.30416155	      0.06743613	      0.11405001	      0.53226201	      0.14041499	      0.31841762	      0.36546796	      0.23801288	      0.51924835	      0.23895637	      0.23918562	      0.28712265	      0.30441111	      0.28086919	      0.03911321	      0.12328482	      0.09102516	      0.33605830	      0.04959813	      0.04564312	      0.37197853	      0.11246696	      0.35894932	      0.32018707	      0.35526191	      0.33507605	      0.38799227	      0.40246788	      0.05454758	      0.07551869	      0.07745989	      0.06230423	      0.07301243	      0.05121347	      0.01767033	      0.02848888	      0.01029116	      0.18143239	      0.10774376	      0.11783672	      0.32412003	      0.07224198	      0.11187527	      0.43582815	      0.13318945	      0.35104695	      0.41367107	      0.27600512	      0.43714524	      0.22030348	      0.25646446	      0.24866942	      0.26590572	      0.24350335
      3.68500000	      0.04146075	      0.16359412	      0.10039006	      0.32620058	      0.05412171	      0.04775336	      0.33901045	      0.11984787	      0.36840407	      0.33270319	      0.33571619	      0.31236139	      0.32463753	      0.33500917	      0.05593146	      0.07815371	      0.08086882	      0.06325637	      0.07434000	      0.05234039	      0.01820031	      0.02943583	      0.00438515	      0.19505728	      0.11020672	      0.10673418	      0.30415315	      0.06743955	      0.11405001	      0.53222014	      0.14041499	      0.31846895	      0.36552878	      0.23797936	      0.51920583	      0.23898841	      0.23917697	      0.28713178	      0.30441967	      0.28087789	      0.03911321	      0.12312456	      0.09102516	      0.33628323	      0.04959813	      0.04564312	      0.37215862	      0.11246696	      0.35891259	      0.32014771	      0.35526570	      0.33508488	      0.38797124	      0.40243993	      0.05454758	      0.07551869	      0.07745989	      0.06230423	      0.07301243	      0.05121347	      0.01767033	      0.02848888	      0.01033109	      0.18143239	      0.10774376	      0.11784076	      0.32412700	      0.07233290	      0.11187527	      0.43567598	      0.13318945	      0.35117092	      0.41382083	      0.27603570	      0.43683055	      0.22025960	      0.25646958	      0.24873229	      0.26596413	      0.24356173
      3.69000000	      0.04146075	      0.16354935	      0.10039006	      0.32627130	      0.05412171	      0.04775336	      0.33906905	      0.11984787	      0.36843130	      0.33273228	      0.33570816	      0.31234847	      0.32459518	      0.33496280	      0.05593146	      0.07815371	      0.08086882	      0.06325637	      0.07434000	      0.05234039	      0.01820031	      0.02943583	      0.00440655	      0.19505728	      0.11020672	      0.10672837	      0.30414475	      0.06744643	      0.11405001	      0.53217650	      0.14041499	      0.31852297	      0.36559195	      0.23794585	      0.51916446	      0.23902043	      0.23916832	      0.28714244	      0.30442967	      0.28088804	      0.03911321	      0.12294650	      0.09102516	      0.33649881	      0.04959813	      0.04564312	      0.37233922	      0.11246696	      0.35887334	      0.32010565	      0.35526974	      0.33509431	      0.38795408	      0.40241601	      0.05454758	      0.07551869	      0.07745989	      0.06230423	      0.07301243	      0.05121347	      0.01767033	      0.02848888	      0.01036920	      0.18143239	      0.10774376	      0.11784507	      0.32413443	      0.07242719	      0.11187527	      0.43552491	      0.13318945	      0.35129406	      0.41396829	      0.27606837	      0.43651229	      0.22021270	      0.25647504	      0.24879329	      0.26602077	      0.24361836
      3.69500000	      0.04146075	      0.16349334	      0.10039006	      0.32634516	      0.05412171	      0.04775336	      0.33913095	      0.11984787	      0.36845827	      0.33276109	      0.33570020	      0.31233566	      0.32455183	      0.33491468	      0.05593146	      0.07815371	      0.08086882	      0.06325637	      0.07434000	      0.05234039	      0.01820031	      0.02943583	      0.00443373	      0.19505728	      0.11020672	      0.10672261	      0.30413642	      0.06745719	      0.11405001	      0.53213082	      0.14041499	      0.31858007	      0.36565788	      0.23791264	      0.51912419	      0.23905214	      0.23915974	      0.28715472	      0.30444120	      0.28089974	      0.03911321	      0.12274883	      0.09102516	      0.33670489	      0.04959813	      0.04564312	      0.37252083	      0.11246696	      0.35883140	      0.32006072	      0.35527404	      0.33510437	      0.38794093	      0.40239626	      0.05454758	      0.07551869	      0.07745989	      0.06230423	      0.07301243	      0.05121347	      0.01767033	      0.02848888	      0.01040525	      0.18143239	      0.10774376	      0.11784967	      0.32414237	      0.07252524	      0.11187527	      0.43537469	      0.13318945	      0.35141660	      0.41411361	      0.27610323	      0.43618921	      0.22016260	      0.25648086	      0.24885246	      0.26607568	      0.24367328
      3.70000000	      0.04146075	      0.16342535	      0.10039006	      0.32642250	      0.05412171	      0.04775336	      0.33919655	      0.11984787	      0.36848476	      0.33278939	      0.33569237	      0.31232306	      0.32450774	      0.33486498	      0.05593146	      0.07815371	      0.08086882	      0.06325637	      0.07434000	      0.05234039	      0.01820031	      0.02943583	      0.00446700	      0.19505728	      0.11020672	      0.10671696	      0.30412824	      0.06747215	      0.11405001	      0.53208282	      0.14041499	      0.31864059	      0.36572693	      0.23788002	      0.51908485	      0.23908329	      0.23915131	      0.28716873	      0.30445433	      0.28091308	      0.03911321	      0.12252985	      0.09102516	      0.33690117	      0.04959813	      0.04564312	      0.37270380	      0.11246696	      0.35878662	      0.32001273	      0.35527862	      0.33511510	      0.38793189	      0.40238078	      0.05454758	      0.07551869	      0.07745989	      0.06230423	      0.07301243	      0.05121347	      0.01767033	      0.02848888	      0.01043903	      0.18143239	      0.10774376	      0.11785458	      0.32415084	      0.07262735	      0.11187527	      0.43522520	      0.13318945	      0.35153865	      0.41425685	      0.27614044	      0.43586035	      0.22010910	      0.25648707	      0.24890983	      0.26612891	      0.24372652
      3.70500000	      0.04146075	      0.16334493	      0.10039006	      0.32650362	      0.05412171	      0.04775336	      0.33926621	      0.11984787	      0.36851055	      0.33281694	      0.33568474	      0.31231080	      0.32446309	      0.33481386	      0.05593146	      0.07815371	      0.08086882	      0.06325637	      0.07434000	      0.05234039	      0.01820031	      0.02943583	      0.00450652	      0.19505728	      0.11020672	      0.10671145	      0.30412028	      0.06749160	      0.11405001	      0.53203229	      0.14041499	      0.31870481	      0.36579941	      0.23784825	      0.51904612	      0.23911361	      0.23914310	      0.28718453	      0.30446916	      0.28092814	      0.03911321	      0.12228808	      0.09102516	      0.33708727	      0.04959813	      0.04564312	      0.37288824	      0.11246696	      0.35873882	      0.31996151	      0.35528350	      0.33512653	      0.38792709	      0.40236970	      0.05454758	      0.07551869	      0.07745989	      0.06230423	      0.07301243	      0.05121347	      0.01767033	      0.02848888	      0.01047035	      0.18143239	      0.10774376	      0.11785981	      0.32415987	      0.07273376	      0.11187527	      0.43507650	      0.13318945	      0.35166017	      0.41439785	      0.27618010	      0.43552511	      0.22005201	      0.25649368	      0.24896543	      0.26618047	      0.24377811
      3.71000000	      0.04146075	      0.16325190	      0.10039006	      0.32658880	      0.05412171	      0.04775336	      0.33934025	      0.11984787	      0.36853546	      0.33284354	      0.33567737	      0.31229894	      0.32441808	      0.33476147	      0.05593146	      0.07815371	      0.08086882	      0.06325637	      0.07434000	      0.05234039	      0.01820031	      0.02943583	      0.00455227	      0.19505728	      0.11020672	      0.10670612	      0.30411258	      0.06751577	      0.11405001	      0.53197906	      0.14041499	      0.31877293	      0.36587558	      0.23781756	      0.51900759	      0.23914288	      0.23913516	      0.28720221	      0.30448574	      0.28094498	      0.03911321	      0.12202225	      0.09102516	      0.33726269	      0.04959813	      0.04564312	      0.37307413	      0.11246696	      0.35868788	      0.31990692	      0.35528868	      0.33513870	      0.38792665	      0.40236314	      0.05454758	      0.07551869	      0.07745989	      0.06230423	      0.07301243	      0.05121347	      0.01767033	      0.02848888	      0.01049910	      0.18143239	      0.10774376	      0.11786538	      0.32416948	      0.07284465	      0.11187527	      0.43492878	      0.13318945	      0.35178099	      0.41453635	      0.27622234	      0.43518326	      0.21999116	      0.25650071	      0.24901928	      0.26623039	      0.24382807
      3.71500000	      0.04146075	      0.16314637	      0.10039006	      0.32667827	      0.05412171	      0.04775336	      0.33941891	      0.11984787	      0.36855931	      0.33286902	      0.33567031	      0.31228759	      0.32437286	      0.33470791	      0.05593146	      0.07815371	      0.08086882	      0.06325637	      0.07434000	      0.05234039	      0.01820031	      0.02943583	      0.00460407	      0.19505728	      0.11020672	      0.10670102	      0.30410520	      0.06754482	      0.11405001	      0.53192300	      0.14041499	      0.31884508	      0.36595561	      0.23778817	      0.51896871	      0.23917092	      0.23912756	      0.28722184	      0.30450416	      0.28096367	      0.03911321	      0.12173136	      0.09102516	      0.33742686	      0.04959813	      0.04564312	      0.37326115	      0.11246696	      0.35863364	      0.31984881	      0.35529418	      0.33515163	      0.38793063	      0.40236114	      0.05454758	      0.07551869	      0.07745989	      0.06230423	      0.07301243	      0.05121347	      0.01767033	      0.02848888	      0.01052518	      0.18143239	      0.10774376	      0.11787130	      0.32417970	      0.07296010	      0.11187527	      0.43478242	      0.13318945	      0.35190074	      0.41467183	      0.27626726	      0.43483492	      0.21992638	      0.25650818	      0.24907147	      0.26627875	      0.24387648
      3.72000000	      0.04146075	      0.16302876	      0.10039006	      0.32677217	      0.05412171	      0.04775336	      0.33950235	      0.11984787	      0.36858197	      0.33289322	      0.33566359	      0.31227679	      0.32432759	      0.33465334	      0.05593146	      0.07815371	      0.08086882	      0.06325637	      0.07434000	      0.05234039	      0.01820031	      0.02943583	      0.00466155	      0.19505728	      0.11020672	      0.10669617	      0.30409819	      0.06757883	      0.11405001	      0.53186406	      0.14041499	      0.31892130	      0.36603961	      0.23776023	      0.51892886	      0.23919755	      0.23912033	      0.28724344	      0.30452442	      0.28098425	      0.03911321	      0.12141484	      0.09102516	      0.33757910	      0.04959813	      0.04564312	      0.37344889	      0.11246696	      0.35857602	      0.31978707	      0.35530000	      0.33516534	      0.38793916	      0.40236386	      0.05454758	      0.07551869	      0.07745989	      0.06230423	      0.07301243	      0.05121347	      0.01767033	      0.02848888	      0.01054854	      0.18143239	      0.10774376	      0.11787757	      0.32419055	      0.07308008	      0.11187527	      0.43463788	      0.13318945	      0.35201904	      0.41480379	      0.27631493	      0.43448071	      0.21985758	      0.25651610	      0.24912191	      0.26632548	      0.24392327
      3.72500000	      0.04146075	      0.16289957	      0.10039006	      0.32687068	      0.05412171	      0.04775336	      0.33959073	      0.11984787	      0.36860334	      0.33291605	      0.33565725	      0.31226660	      0.32428235	      0.33459780	      0.05593146	      0.07815371	      0.08086882	      0.06325637	      0.07434000	      0.05234039	      0.01820031	      0.02943583	      0.00472427	      0.19505728	      0.11020672	      0.10669159	      0.30409158	      0.06761788	      0.11405001	      0.53180220	      0.14041499	      0.31900159	      0.36612765	      0.23773387	      0.51888732	      0.23922267	      0.23911350	      0.28726710	      0.30454661	      0.28100678	      0.03911321	      0.12107215	      0.09102516	      0.33771888	      0.04959813	      0.04564312	      0.37363678	      0.11246696	      0.35851491	      0.31972160	      0.35530615	      0.33517985	      0.38795221	      0.40237126	      0.05454758	      0.07551869	      0.07745989	      0.06230423	      0.07301243	      0.05121347	      0.01767033	      0.02848888	      0.01056919	      0.18143239	      0.10774376	      0.11788421	      0.32420205	      0.07320458	      0.11187527	      0.43449572	      0.13318945	      0.35213534	      0.41493151	      0.27636542	      0.43412123	      0.21978461	      0.25652447	      0.24917077	      0.26637072	      0.24396857
      3.73000000	      0.04146075	      0.16275979	      0.10039006	      0.32697368	      0.05412171	      0.04775336	      0.33968404	      0.11984787	      0.36862333	      0.33293740	      0.33565132	      0.31225706	      0.32423735	      0.33454152	      0.05593146	      0.07815371	      0.08086882	      0.06325637	      0.07434000	      0.05234039	      0.01820031	      0.02943583	      0.00479156	      0.19505728	      0.11020672	      0.10668731	      0.30408539	      0.06766193	      0.11405001	      0.53173749	      0.14041499	      0.31908580	      0.36621966	      0.23770922	      0.51884339	      0.23924616	      0.23910712	      0.28729273	      0.30457066	      0.28103120	      0.03911321	      0.12070390	      0.09102516	      0.33784542	      0.04959813	      0.04564312	      0.37382400	      0.11246696	      0.35845037	      0.31965245	      0.35531262	      0.33519515	      0.38796988	      0.40238344	      0.05454758	      0.07551869	      0.07745989	      0.06230423	      0.07301243	      0.05121347	      0.01767033	      0.02848888	      0.01058716	      0.18143239	      0.10774376	      0.11789122	      0.32421417	      0.07333323	      0.11187527	      0.43435667	      0.13318945	      0.35224907	      0.41505433	      0.27641867	      0.43375810	      0.21970756	      0.25653329	      0.24921788	      0.26641432	      0.24401225
      3.73500000	      0.04146075	      0.16260999	      0.10039006	      0.32708140	      0.05412171	      0.04775336	      0.33978255	      0.11984787	      0.36864193	      0.33295727	      0.33564580	      0.31224819	      0.32419258	      0.33448451	      0.05593146	      0.07815371	      0.08086882	      0.06325637	      0.07434000	      0.05234039	      0.01820031	      0.02943583	      0.00486289	      0.19505728	      0.11020672	      0.10668332	      0.30407963	      0.06771107	      0.11405001	      0.53166978	      0.14041499	      0.31917405	      0.36631586	      0.23768627	      0.51879618	      0.23926802	      0.23910117	      0.28732033	      0.30459656	      0.28105749	      0.03911321	      0.12030966	      0.09102516	      0.33795853	      0.04959813	      0.04564312	      0.37401030	      0.11246696	      0.35838226	      0.31957948	      0.35531941	      0.33521125	      0.38799221	      0.40240044	      0.05454758	      0.07551869	      0.07745989	      0.06230423	      0.07301243	      0.05121347	      0.01767033	      0.02848888	      0.01060259	      0.18143239	      0.10774376	      0.11789859	      0.32422694	      0.07346608	      0.11187527	      0.43422099	      0.13318945	      0.35236000	      0.41517194	      0.27647479	      0.43339174	      0.21962626	      0.25654257	      0.24926330	      0.26645635	      0.24405436
      3.74000000	      0.04146075	      0.16245139	      0.10039006	      0.32719361	      0.05412171	      0.04775336	      0.33988592	      0.11984787	      0.36865909	      0.33297560	      0.33564070	      0.31223999	      0.32414803	      0.33442667	      0.05593146	      0.07815371	      0.08086882	      0.06325637	      0.07434000	      0.05234039	      0.01820031	      0.02943583	      0.00493744	      0.19505728	      0.11020672	      0.10667964	      0.30407431	      0.06776522	      0.11405001	      0.53159948	      0.14041499	      0.31926582	      0.36641573	      0.23766510	      0.51874499	      0.23928819	      0.23909569	      0.28735006	      0.30462445	      0.28108581	      0.03911321	      0.11989077	      0.09102516	      0.33805766	      0.04959813	      0.04564312	      0.37419414	      0.11246696	      0.35831076	      0.31950287	      0.35532651	      0.33522812	      0.38801874	      0.40242179	      0.05454758	      0.07551869	      0.07745989	      0.06230423	      0.07301243	      0.05121347	      0.01767033	      0.02848888	      0.01061559	      0.18143239	      0.10774376	      0.11790631	      0.32424033	      0.07360264	      0.11187527	      0.43408996	      0.13318945	      0.35246682	      0.41528283	      0.27653363	      0.43302423	      0.21954092	      0.25655228	      0.24930738	      0.26649712	      0.24409522
      3.74500000	      0.04146075	      0.16228501	      0.10039006	      0.32731016	      0.05412171	      0.04775336	      0.33999415	      0.11984787	      0.36867481	      0.33299239	      0.33563602	      0.31223249	      0.32410379	      0.33436815	      0.05593146	      0.07815371	      0.08086882	      0.06325637	      0.07434000	      0.05234039	      0.01820031	      0.02943583	      0.00501445	      0.19505728	      0.11020672	      0.10667627	      0.30406944	      0.06782435	      0.11405001	      0.53152663	      0.14041499	      0.31936095	      0.36651919	      0.23764570	      0.51868902	      0.23930666	      0.23909066	      0.28738181	      0.30465425	      0.28111605	      0.03911321	      0.11944834	      0.09102516	      0.33814259	      0.04959813	      0.04564312	      0.37437488	      0.11246696	      0.35823597	      0.31942275	      0.35533391	      0.33524573	      0.38804943	      0.40244743	      0.05454758	      0.07551869	      0.07745989	      0.06230423	      0.07301243	      0.05121347	      0.01767033	      0.02848888	      0.01062636	      0.18143239	      0.10774376	      0.11791437	      0.32425431	      0.07374254	      0.11187527	      0.43396407	      0.13318945	      0.35256914	      0.41538659	      0.27659508	      0.43265706	      0.21945166	      0.25656241	      0.24935005	      0.26653657	      0.24413476
      3.75000000	      0.04146075	      0.16211195	      0.10039006	      0.32743082	      0.05412171	      0.04775336	      0.34010709	      0.11984787	      0.36868910	      0.33300765	      0.33563177	      0.31222566	      0.32405989	      0.33430899	      0.05593146	      0.07815371	      0.08086882	      0.06325637	      0.07434000	      0.05234039	      0.01820031	      0.02943583	      0.00509313	      0.19505728	      0.11020672	      0.10667320	      0.30406501	      0.06788842	      0.11405001	      0.53145144	      0.14041499	      0.31945914	      0.36662601	      0.23762806	      0.51862753	      0.23932346	      0.23908608	      0.28741555	      0.30468592	      0.28114820	      0.03911321	      0.11898396	      0.09102516	      0.33821327	      0.04959813	      0.04564312	      0.37455163	      0.11246696	      0.35815808	      0.31933931	      0.35534157	      0.33526401	      0.38808401	      0.40247710	      0.05454758	      0.07551869	      0.07745989	      0.06230423	      0.07301243	      0.05121347	      0.01767033	      0.02848888	      0.01063514	      0.18143239	      0.10774376	      0.11792274	      0.32426885	      0.07388536	      0.11187527	      0.43384396	      0.13318945	      0.35266637	      0.41548260	      0.27665896	      0.43229192	      0.21935874	      0.25657292	      0.24939140	      0.26657479	      0.24417308
      3.75500000	      0.04146075	      0.16193332	      0.10039006	      0.32755530	      0.05412171	      0.04775336	      0.34022454	      0.11984787	      0.36870198	      0.33302140	      0.33562794	      0.31221950	      0.32401638	      0.33424926	      0.05593146	      0.07815371	      0.08086882	      0.06325637	      0.07434000	      0.05234039	      0.01820031	      0.02943583	      0.00517267	      0.19505728	      0.11020672	      0.10667044	      0.30406101	      0.06795739	      0.11405001	      0.53137413	      0.14041499	      0.31956005	      0.36673586	      0.23761216	      0.51855983	      0.23933858	      0.23908196	      0.28745124	      0.30471941	      0.28118219	      0.03911321	      0.11849958	      0.09102516	      0.33826984	      0.04959813	      0.04564312	      0.37472352	      0.11246696	      0.35807735	      0.31925283	      0.35534947	      0.33528291	      0.38812215	      0.40251044	      0.05454758	      0.07551869	      0.07745989	      0.06230423	      0.07301243	      0.05121347	      0.01767033	      0.02848888	      0.01064221	      0.18143239	      0.10774376	      0.11793139	      0.32428390	      0.07403060	      0.11187527	      0.43373023	      0.13318945	      0.35275796	      0.41557031	      0.27672508	      0.43193057	      0.21926242	      0.25658377	      0.24943153	      0.26661188	      0.24421027
      3.76000000	      0.04146075	      0.16175020	      0.10039006	      0.32768321	      0.05412171	      0.04775336	      0.34034625	      0.11984787	      0.36871345	      0.33303366	      0.33562452	      0.31221402	      0.32397329	      0.33418903	      0.05593146	      0.07815371	      0.08086882	      0.06325637	      0.07434000	      0.05234039	      0.01820031	      0.02943583	      0.00525227	      0.19505728	      0.11020672	      0.10666798	      0.30405745	      0.06803121	      0.11405001	      0.53129498	      0.14041499	      0.31966329	      0.36684838	      0.23759800	      0.51848529	      0.23935206	      0.23907829	      0.28748881	      0.30475468	      0.28121798	      0.03911321	      0.11799751	      0.09102516	      0.33831259	      0.04959813	      0.04564312	      0.37488974	      0.11246696	      0.35799406	      0.31916361	      0.35535757	      0.33530236	      0.38816347	      0.40254709	      0.05454758	      0.07551869	      0.07745989	      0.06230423	      0.07301243	      0.05121347	      0.01767033	      0.02848888	      0.01064790	      0.18143239	      0.10774376	      0.11794030	      0.32429940	      0.07417774	      0.11187527	      0.43362339	      0.13318945	      0.35284341	      0.41564924	      0.27679317	      0.43157476	      0.21916307	      0.25659492	      0.24947058	      0.26664795	      0.24424645
      3.76500000	      0.04146075	      0.16156365	      0.10039006	      0.32781413	      0.05412171	      0.04775336	      0.34047194	      0.11984787	      0.36872355	      0.33304444	      0.33562151	      0.31220919	      0.32393068	      0.33412839	      0.05593146	      0.07815371	      0.08086882	      0.06325637	      0.07434000	      0.05234039	      0.01820031	      0.02943583	      0.00533115	      0.19505728	      0.11020672	      0.10666581	      0.30405432	      0.06810983	      0.11405001	      0.53121429	      0.14041499	      0.31976844	      0.36696316	      0.23758553	      0.51840335	      0.23936393	      0.23907505	      0.28752821	      0.30479166	      0.28125551	      0.03911321	      0.11748036	      0.09102516	      0.33834205	      0.04959813	      0.04564312	      0.37504949	      0.11246696	      0.35790852	      0.31907198	      0.35536585	      0.33532228	      0.38820757	      0.40258660	      0.05454758	      0.07551869	      0.07745989	      0.06230423	      0.07301243	      0.05121347	      0.01767033	      0.02848888	      0.01065261	      0.18143239	      0.10774376	      0.11794942	      0.32431528	      0.07432622	      0.11187527	      0.43352386	      0.13318945	      0.35292230	      0.41571907	      0.27686298	      0.43122623	      0.21906106	      0.25660634	      0.24950867	      0.26668313	      0.24428174
      3.77000000	      0.04146075	      0.16137470	      0.10039006	      0.32794756	      0.05412171	      0.04775336	      0.34060126	      0.11984787	      0.36873228	      0.33305377	      0.33561891	      0.31220501	      0.32388861	      0.33406743	      0.05593146	      0.07815371	      0.08086882	      0.06325637	      0.07434000	      0.05234039	      0.01820031	      0.02943583	      0.00540857	      0.19505728	      0.11020672	      0.10666393	      0.30405161	      0.06819319	      0.11405001	      0.53113236	      0.14041499	      0.31987507	      0.36707977	      0.23757474	      0.51831354	      0.23937419	      0.23907225	      0.28756934	      0.30483027	      0.28129469	      0.03911321	      0.11695103	      0.09102516	      0.33835893	      0.04959813	      0.04564312	      0.37520211	      0.11246696	      0.35782106	      0.31897830	      0.35537427	      0.33534258	      0.38825401	      0.40262854	      0.05454758	      0.07551869	      0.07745989	      0.06230423	      0.07301243	      0.05121347	      0.01767033	      0.02848888	      0.01065676	      0.18143239	      0.10774376	      0.11795871	      0.32433150	      0.07447546	      0.11187527	      0.43343196	      0.13318945	      0.35299432	      0.41577959	      0.27693422	      0.43088668	      0.21895678	      0.25661796	      0.24954593	      0.26671754	      0.24431626
      3.77500000	      0.04146075	      0.16118433	      0.10039006	      0.32808298	      0.05412171	      0.04775336	      0.34073387	      0.11984787	      0.36873967	      0.33306166	      0.33561671	      0.31220148	      0.32384716	      0.33400628	      0.05593146	      0.07815371	      0.08086882	      0.06325637	      0.07434000	      0.05234039	      0.01820031	      0.02943583	      0.00548380	      0.19505728	      0.11020672	      0.10666234	      0.30404932	      0.06828122	      0.11405001	      0.53104955	      0.14041499	      0.31998271	      0.36719775	      0.23756562	      0.51821548	      0.23938286	      0.23906989	      0.28761211	      0.30487042	      0.28133544	      0.03911321	      0.11641259	      0.09102516	      0.33836414	      0.04959813	      0.04564312	      0.37534700	      0.11246696	      0.35773200	      0.31888291	      0.35538279	      0.33536320	      0.38830237	      0.40267248	      0.05454758	      0.07551869	      0.07745989	      0.06230423	      0.07301243	      0.05121347	      0.01767033	      0.02848888	      0.01066083	      0.18143239	      0.10774376	      0.11796816	      0.32434798	      0.07462491	      0.11187527	      0.43334786	      0.13318945	      0.35305925	      0.41583071	      0.27700664	      0.43055770	      0.21885061	      0.25662975	      0.24958252	      0.26675130	      0.24435014
      3.78000000	      0.04146075	      0.16099348	      0.10039006	      0.32821983	      0.05412171	      0.04775336	      0.34086934	      0.11984787	      0.36874572	      0.33306812	      0.33561491	      0.31219858	      0.32380640	      0.33394507	      0.05593146	      0.07815371	      0.08086882	      0.06325637	      0.07434000	      0.05234039	      0.01820031	      0.02943583	      0.00555615	      0.19505728	      0.11020672	      0.10666104	      0.30404744	      0.06837379	      0.11405001	      0.53096620	      0.14041499	      0.32009088	      0.36731658	      0.23755815	      0.51810889	      0.23938997	      0.23906795	      0.28765643	      0.30491203	      0.28137765	      0.03911321	      0.11586831	      0.09102516	      0.33835872	      0.04959813	      0.04564312	      0.37548366	      0.11246696	      0.35764165	      0.31878615	      0.35539138	      0.33538405	      0.38835222	      0.40271796	      0.05454758	      0.07551869	      0.07745989	      0.06230423	      0.07301243	      0.05121347	      0.01767033	      0.02848888	      0.01066534	      0.18143239	      0.10774376	      0.11797771	      0.32436466	      0.07477401	      0.11187527	      0.43327165	      0.13318945	      0.35311695	      0.41587249	      0.27707996	      0.43024081	      0.21874293	      0.25664166	      0.24961857	      0.26678457	      0.24438353
      3.78500000	      0.04146075	      0.16080307	      0.10039006	      0.32835749	      0.05412171	      0.04775336	      0.34100723	      0.11984787	      0.36875044	      0.33307316	      0.33561350	      0.31219633	      0.32376643	      0.33388393	      0.05593146	      0.07815371	      0.08086882	      0.06325637	      0.07434000	      0.05234039	      0.01820031	      0.02943583	      0.00562499	      0.19505728	      0.11020672	      0.10666003	      0.30404598	      0.06847077	      0.11405001	      0.53088273	      0.14041499	      0.32019909	      0.36743573	      0.23755232	      0.51799361	      0.23939552	      0.23906643	      0.28770219	      0.30495500	      0.28142124	      0.03911321	      0.11532160	      0.09102516	      0.33834396	      0.04959813	      0.04564312	      0.37561166	      0.11246696	      0.35755033	      0.31868835	      0.35540000	      0.33540506	      0.38840315	      0.40276455	      0.05454758	      0.07551869	      0.07745989	      0.06230423	      0.07301243	      0.05121347	      0.01767033	      0.02848888	      0.01067084	      0.18143239	      0.10774376	      0.11798733	      0.32438150	      0.07492219	      0.11187527	      0.43320328	      0.13318945	      0.35316738	      0.41590509	      0.27715393	      0.42993739	      0.21863411	      0.25665364	      0.24965425	      0.26681749	      0.24441657
      3.79000000	      0.04146075	      0.16061388	      0.10039006	      0.32849544	      0.05412171	      0.04775336	      0.34114714	      0.11984787	      0.36875384	      0.33307680	      0.33561249	      0.31219470	      0.32372733	      0.33382302	      0.05593146	      0.07815371	      0.08086882	      0.06325637	      0.07434000	      0.05234039	      0.01820031	      0.02943583	      0.00568977	      0.19505728	      0.11020672	      0.10665930	      0.30404492	      0.06857200	      0.11405001	      0.53079945	      0.14041499	      0.32030691	      0.36755475	      0.23754812	      0.51786952	      0.23939951	      0.23906534	      0.28774926	      0.30499921	      0.28146608	      0.03911321	      0.11477565	      0.09102516	      0.33832119	      0.04959813	      0.04564312	      0.37573083	      0.11246696	      0.35745829	      0.31858979	      0.35540865	      0.33542617	      0.38845478	      0.40281186	      0.05454758	      0.07551869	      0.07745989	      0.06230423	      0.07301243	      0.05121347	      0.01767033	      0.02848888	      0.01067790	      0.18143239	      0.10774376	      0.11799700	      0.32439843	      0.07506901	      0.11187527	      0.43314253	      0.13318945	      0.35321070	      0.41592889	      0.27722834	      0.42964852	      0.21852445	      0.25666568	      0.24968970	      0.26685018	      0.24444939
      3.79500000	      0.04146075	      0.16042670	      0.10039006	      0.32863308	      0.05412171	      0.04775336	      0.34128862	      0.11984787	      0.36875592	      0.33307902	      0.33561187	      0.31219370	      0.32368924	      0.33376253	      0.05593146	      0.07815371	      0.08086882	      0.06325637	      0.07434000	      0.05234039	      0.01820031	      0.02943583	      0.00574995	      0.19505728	      0.11020672	      0.10665885	      0.30404427	      0.06867725	      0.11405001	      0.53071669	      0.14041499	      0.32041391	      0.36767318	      0.23754555	      0.51773666	      0.23940196	      0.23906467	      0.28779751	      0.30504452	      0.28151204	      0.03911321	      0.11423383	      0.09102516	      0.33829189	      0.04959813	      0.04564312	      0.37584107	      0.11246696	      0.35736582	      0.31849077	      0.35541727	      0.33544732	      0.38850674	      0.40285952	      0.05454758	      0.07551869	      0.07745989	      0.06230423	      0.07301243	      0.05121347	      0.01767033	      0.02848888	      0.01068713	      0.18143239	      0.10774376	      0.11800669	      0.32441541	      0.07521401	      0.11187527	      0.43308905	      0.13318945	      0.35324714	      0.41594437	      0.27730295	      0.42937518	      0.21841431	      0.25667771	      0.24972504	      0.26688276	      0.24448211
      3.80000000	      0.04146075	      0.16024223	      0.10039006	      0.32876987	      0.05412171	      0.04775336	      0.34143115	      0.11984787	      0.36875670	      0.33307985	      0.33561163	      0.31219333	      0.32365219	      0.33370252	      0.05593146	      0.07815371	      0.08086882	      0.06325637	      0.07434000	      0.05234039	      0.01820031	      0.02943583	      0.00580510	      0.19505728	      0.11020672	      0.10665868	      0.30404403	      0.06878627	      0.11405001	      0.53063489	      0.14041499	      0.32051957	      0.36779045	      0.23754459	      0.51759519	      0.23940287	      0.23906443	      0.28784688	      0.30509088	      0.28155906	      0.03911321	      0.11369932	      0.09102516	      0.33825765	      0.04959813	      0.04564312	      0.37594232	      0.11246696	      0.35727318	      0.31839157	      0.35542586	      0.33546843	      0.38855862	      0.40290707	      0.05454758	      0.07551869	      0.07745989	      0.06230423	      0.07301243	      0.05121347	      0.01767033	      0.02848888	      0.01069910	      0.18143239	      0.10774376	      0.11801636	      0.32443239	      0.07535679	      0.11187527	      0.43304245	      0.13318945	      0.35327692	      0.41595201	      0.27737755	      0.42911809	      0.21830398	      0.25668972	      0.24976047	      0.26691542	      0.24451490
      3.80500000	      0.04146075	      0.16006126	      0.10039006	      0.32890519	      0.05412171	      0.04775336	      0.34157425	      0.11984787	      0.36875619	      0.33307930	      0.33561179	      0.31219357	      0.32361636	      0.33364330	      0.05593146	      0.07815371	      0.08086882	      0.06325637	      0.07434000	      0.05234039	      0.01820031	      0.02943583	      0.00585483	      0.19505728	      0.11020672	      0.10665879	      0.30404419	      0.06889867	      0.11405001	      0.53055435	      0.14041499	      0.32062353	      0.36790614	      0.23754522	      0.51744546	      0.23940227	      0.23906459	      0.28789712	      0.30513808	      0.28160692	      0.03911321	      0.11317554	      0.09102516	      0.33822013	      0.04959813	      0.04564312	      0.37603477	      0.11246696	      0.35718070	      0.31829254	      0.35543438	      0.33548945	      0.38861006	      0.40295416	      0.05454758	      0.07551869	      0.07745989	      0.06230423	      0.07301243	      0.05121347	      0.01767033	      0.02848888	      0.01071437	      0.18143239	      0.10774376	      0.11802599	      0.32444930	      0.07549691	      0.11187527	      0.43300214	      0.13318945	      0.35330057	      0.41595264	      0.27745187	      0.42887785	      0.21819387	      0.25670165	      0.24979604	      0.26694820	      0.24454783
      3.81000000	      0.04146075	      0.15988434	      0.10039006	      0.32903856	      0.05412171	      0.04775336	      0.34171753	      0.11984787	      0.36875442	      0.33307741	      0.33561232	      0.31219442	      0.32358187	      0.33358509	      0.05593146	      0.07815371	      0.08086882	      0.06325637	      0.07434000	      0.05234039	      0.01820031	      0.02943583	      0.00589887	      0.19505728	      0.11020672	      0.10665918	      0.30404474	      0.06901410	      0.11405001	      0.53047529	      0.14041499	      0.32072549	      0.36801995	      0.23754741	      0.51728786	      0.23940019	      0.23906516	      0.28794801	      0.30518589	      0.28165539	      0.03911321	      0.11266523	      0.09102516	      0.33818101	      0.04959813	      0.04564312	      0.37611882	      0.11246696	      0.35708863	      0.31819397	      0.35544281	      0.33551030	      0.38866077	      0.40300048	      0.05454758	      0.07551869	      0.07745989	      0.06230423	      0.07301243	      0.05121347	      0.01767033	      0.02848888	      0.01073346	      0.18143239	      0.10774376	      0.11803554	      0.32446611	      0.07563411	      0.11187527	      0.43296736	      0.13318945	      0.35331868	      0.41594717	      0.27752572	      0.42865459	      0.21808428	      0.25671348	      0.24983184	      0.26698118	      0.24458097
      3.81500000	      0.04146075	      0.15971187	      0.10039006	      0.32916962	      0.05412171	      0.04775336	      0.34186037	      0.11984787	      0.36875143	      0.33307422	      0.33561321	      0.31219585	      0.32354857	      0.33352765	      0.05593146	      0.07815371	      0.08086882	      0.06325637	      0.07434000	      0.05234039	      0.01820031	      0.02943583	      0.00593705	      0.19505728	      0.11020672	      0.10665982	      0.30404567	      0.06913221	      0.11405001	      0.53039822	      0.14041499	      0.32082493	      0.36813123	      0.23755110	      0.51712281	      0.23939668	      0.23906612	      0.28799973	      0.30523447	      0.28170465	      0.03911321	      0.11217056	      0.09102516	      0.33814193	      0.04959813	      0.04564312	      0.37619468	      0.11246696	      0.35699718	      0.31809606	      0.35545112	      0.33553095	      0.38871024	      0.40304549	      0.05454758	      0.07551869	      0.07745989	      0.06230423	      0.07301243	      0.05121347	      0.01767033	      0.02848888	      0.01075687	      0.18143239	      0.10774376	      0.11804501	      0.32448277	      0.07576825	      0.11187527	      0.43293757	      0.13318945	      0.35333155	      0.41593609	      0.27759893	      0.42844812	      0.21797544	      0.25672518	      0.24986823	      0.26701468	      0.24461464
      3.82000000	      0.04146075	      0.15954464	      0.10039006	      0.32929775	      0.05412171	      0.04775336	      0.34200232	      0.11984787	      0.36874729	      0.33306980	      0.33561444	      0.31219783	      0.32351677	      0.33347155	      0.05593146	      0.07815371	      0.08086882	      0.06325637	      0.07434000	      0.05234039	      0.01820031	      0.02943583	      0.00596920	      0.19505728	      0.11020672	      0.10666071	      0.30404695	      0.06925233	      0.11405001	      0.53032324	      0.14041499	      0.32092166	      0.36823983	      0.23755621	      0.51695122	      0.23939182	      0.23906744	      0.28805173	      0.30528334	      0.28175418	      0.03911321	      0.11169468	      0.09102516	      0.33810462	      0.04959813	      0.04564312	      0.37626304	      0.11246696	      0.35690678	      0.31799928	      0.35545929	      0.33555129	      0.38875822	      0.40308895	      0.05454758	      0.07551869	      0.07745989	      0.06230423	      0.07301243	      0.05121347	      0.01767033	      0.02848888	      0.01078498	      0.18143239	      0.10774376	      0.11805433	      0.32449921	      0.07589895	      0.11187527	      0.43291177	      0.13318945	      0.35334017	      0.41592079	      0.27767116	      0.42825841	      0.21786789	      0.25673670	      0.24990503	      0.26704857	      0.24464870
      3.82500000	      0.04146075	      0.15938286	      0.10039006	      0.32942272	      0.05412171	      0.04775336	      0.34214287	      0.11984787	      0.36874210	      0.33306425	      0.33561599	      0.31220032	      0.32348623	      0.33341649	      0.05593146	      0.07815371	      0.08086882	      0.06325637	      0.07434000	      0.05234039	      0.01820031	      0.02943583	      0.00599535	      0.19505728	      0.11020672	      0.10666182	      0.30404857	      0.06937406	      0.11405001	      0.53025076	      0.14041499	      0.32101529	      0.36834525	      0.23756262	      0.51677367	      0.23938572	      0.23906911	      0.28810417	      0.30533262	      0.28180413	      0.03911321	      0.11123892	      0.09102516	      0.33807062	      0.04959813	      0.04564312	      0.37632438	      0.11246696	      0.35681763	      0.31790384	      0.35546729	      0.33557130	      0.38880424	      0.40313035	      0.05454758	      0.07551869	      0.07745989	      0.06230423	      0.07301243	      0.05121347	      0.01767033	      0.02848888	      0.01081817	      0.18143239	      0.10774376	      0.11806350	      0.32451539	      0.07602624	      0.11187527	      0.43288927	      0.13318945	      0.35334494	      0.41590187	      0.27774225	      0.42808468	      0.21776182	      0.25674801	      0.24994261	      0.26708316	      0.24468346
      3.83000000	      0.04146075	      0.15922696	      0.10039006	      0.32954415	      0.05412171	      0.04775336	      0.34228154	      0.11984787	      0.36873598	      0.33305772	      0.33561781	      0.31220324	      0.32345698	      0.33336262	      0.05593146	      0.07815371	      0.08086882	      0.06325637	      0.07434000	      0.05234039	      0.01820031	      0.02943583	      0.00601555	      0.19505728	      0.11020672	      0.10666314	      0.30405046	      0.06949678	      0.11405001	      0.53018095	      0.14041499	      0.32110561	      0.36844725	      0.23757018	      0.51659114	      0.23937853	      0.23907107	      0.28815680	      0.30538207	      0.28185424	      0.03911321	      0.11080517	      0.09102516	      0.33804150	      0.04959813	      0.04564312	      0.37637944	      0.11246696	      0.35673006	      0.31781011	      0.35547510	      0.33559089	      0.38884795	      0.40316933	      0.05454758	      0.07551869	      0.07745989	      0.06230423	      0.07301243	      0.05121347	      0.01767033	      0.02848888	      0.01085668	      0.18143239	      0.10774376	      0.11807248	      0.32453125	      0.07614998	      0.11187527	      0.43286914	      0.13318945	      0.35334670	      0.41588045	      0.27781195	      0.42792620	      0.21765768	      0.25675907	      0.24998099	      0.26711847	      0.24471897
      3.83500000	      0.04146075	      0.15907723	      0.10039006	      0.32966175	      0.05412171	      0.04775336	      0.34241785	      0.11984787	      0.36872913	      0.33305040	      0.33561985	      0.31220652	      0.32342891	      0.33330991	      0.05593146	      0.07815371	      0.08086882	      0.06325637	      0.07434000	      0.05234039	      0.01820031	      0.02943583	      0.00602998	      0.19505728	      0.11020672	      0.10666461	      0.30405259	      0.06961987	      0.11405001	      0.53011403	      0.14041499	      0.32119241	      0.36854558	      0.23757864	      0.51640466	      0.23937048	      0.23907326	      0.28820944	      0.30543155	      0.28190437	      0.03911321	      0.11039474	      0.09102516	      0.33801869	      0.04959813	      0.04564312	      0.37642900	      0.11246696	      0.35664442	      0.31771843	      0.35548269	      0.33560999	      0.38888897	      0.40320549	      0.05454758	      0.07551869	      0.07745989	      0.06230423	      0.07301243	      0.05121347	      0.01767033	      0.02848888	      0.01090067	      0.18143239	      0.10774376	      0.11808124	      0.32454673	      0.07627014	      0.11187527	      0.43285047	      0.13318945	      0.35334620	      0.41585757	      0.27787999	      0.42778190	      0.21755584	      0.25676984	      0.25002027	      0.26715460	      0.24475530
      3.84000000	      0.04146075	      0.15893386	      0.10039006	      0.32977528	      0.05412171	      0.04775336	      0.34255135	      0.11984787	      0.36872177	      0.33304255	      0.33562204	      0.31221004	      0.32340184	      0.33325828	      0.05593146	      0.07815371	      0.08086882	      0.06325637	      0.07434000	      0.05234039	      0.01820031	      0.02943583	      0.00603895	      0.19505728	      0.11020672	      0.10666619	      0.30405487	      0.06974269	      0.11405001	      0.53005013	      0.14041499	      0.32127556	      0.36864004	      0.23758772	      0.51621535	      0.23936184	      0.23907562	      0.28826192	      0.30548087	      0.28195435	      0.03911321	      0.11000864	      0.09102516	      0.33800357	      0.04959813	      0.04564312	      0.37647392	      0.11246696	      0.35656103	      0.31762918	      0.35549004	      0.33562854	      0.38892692	      0.40323845	      0.05454758	      0.07551869	      0.07745989	      0.06230423	      0.07301243	      0.05121347	      0.01767033	      0.02848888	      0.01095018	      0.18143239	      0.10774376	      0.11808974	      0.32456178	      0.07638670	      0.11187527	      0.43283236	      0.13318945	      0.35334423	      0.41583426	      0.27794611	      0.42765052	      0.21745672	      0.25678029	      0.25006055	      0.26719165	      0.24479256
      3.84500000	      0.04146075	      0.15879692	      0.10039006	      0.32988456	      0.05412171	      0.04775336	      0.34268163	      0.11984787	      0.36871421	      0.33303447	      0.33562430	      0.31221366	      0.32337552	      0.33320757	      0.05593146	      0.07815371	      0.08086882	      0.06325637	      0.07434000	      0.05234039	      0.01820031	      0.02943583	      0.00604287	      0.19505728	      0.11020672	      0.10666781	      0.30405722	      0.06986462	      0.11405001	      0.52998936	      0.14041499	      0.32135496	      0.36873051	      0.23759707	      0.51602445	      0.23935295	      0.23907805	      0.28831405	      0.30552988	      0.28200400	      0.03911321	      0.10964754	      0.09102516	      0.33799739	      0.04959813	      0.04564312	      0.37651514	      0.11246696	      0.35648025	      0.31754273	      0.35549711	      0.33564645	      0.38896142	      0.40326782	      0.05454758	      0.07551869	      0.07745989	      0.06230423	      0.07301243	      0.05121347	      0.01767033	      0.02848888	      0.01100518	      0.18143239	      0.10774376	      0.11809795	      0.32457634	      0.07649969	      0.11187527	      0.43281388	      0.13318945	      0.35334160	      0.41581157	      0.27801006	      0.42753053	      0.21736070	      0.25679037	      0.25010192	      0.26722967	      0.24483081
      3.85000000	      0.04146075	      0.15866634	      0.10039006	      0.32998944	      0.05412171	      0.04775336	      0.34280830	      0.11984787	      0.36870676	      0.33302652	      0.33562651	      0.31221722	      0.32334968	      0.33315760	      0.05593146	      0.07815371	      0.08086882	      0.06325637	      0.07434000	      0.05234039	      0.01820031	      0.02943583	      0.00604224	      0.19505728	      0.11020672	      0.10666941	      0.30405953	      0.06998502	      0.11405001	      0.52993179	      0.14041499	      0.32143058	      0.36881690	      0.23760626	      0.51583326	      0.23934420	      0.23908043	      0.28836566	      0.30557840	      0.28205314	      0.03911321	      0.10931181	      0.09102516	      0.33800131	      0.04959813	      0.04564312	      0.37655362	      0.11246696	      0.35640242	      0.31745943	      0.35550389	      0.33566366	      0.38899211	      0.40329321	      0.05454758	      0.07551869	      0.07745989	      0.06230423	      0.07301243	      0.05121347	      0.01767033	      0.02848888	      0.01106547	      0.18143239	      0.10774376	      0.11810584	      0.32459034	      0.07660915	      0.11187527	      0.43279413	      0.13318945	      0.35333913	      0.41579056	      0.27807157	      0.42742023	      0.21726821	      0.25680005	      0.25014443	      0.26726874	      0.24487013
      3.85500000	      0.04146075	      0.15854198	      0.10039006	      0.33008983	      0.05412171	      0.04775336	      0.34293101	      0.11984787	      0.36869982	      0.33301911	      0.33562858	      0.31222053	      0.32332395	      0.33310811	      0.05593146	      0.07815371	      0.08086882	      0.06325637	      0.07434000	      0.05234039	      0.01820031	      0.02943583	      0.00603770	      0.19505728	      0.11020672	      0.10667090	      0.30406168	      0.07010329	      0.11405001	      0.52987741	      0.14041499	      0.32150242	      0.36889918	      0.23761482	      0.51564314	      0.23933605	      0.23908265	      0.28841654	      0.30562624	      0.28210159	      0.03911321	      0.10900151	      0.09102516	      0.33801635	      0.04959813	      0.04564312	      0.37659035	      0.11246696	      0.35632787	      0.31737965	      0.35551035	      0.33568011	      0.38901862	      0.40331426	      0.05454758	      0.07551869	      0.07745989	      0.06230423	      0.07301243	      0.05121347	      0.01767033	      0.02848888	      0.01113080	      0.18143239	      0.10774376	      0.11811338	      0.32460372	      0.07671516	      0.11187527	      0.43277224	      0.13318945	      0.35333762	      0.41577223	      0.27813038	      0.42731776	      0.21717964	      0.25680928	      0.25018817	      0.26730891	      0.24491056
      3.86000000	      0.04146075	      0.15842358	      0.10039006	      0.33018567	      0.05412171	      0.04775336	      0.34304944	      0.11984787	      0.36869380	      0.33301267	      0.33563037	      0.31222341	      0.32329794	      0.33305883	      0.05593146	      0.07815371	      0.08086882	      0.06325637	      0.07434000	      0.05234039	      0.01820031	      0.02943583	      0.00602993	      0.19505728	      0.11020672	      0.10667220	      0.30406355	      0.07021887	      0.11405001	      0.52982620	      0.14041499	      0.32157055	      0.36897736	      0.23762226	      0.51545547	      0.23932898	      0.23908458	      0.28846650	      0.30567321	      0.28214915	      0.03911321	      0.10871646	      0.09102516	      0.33804339	      0.04959813	      0.04564312	      0.37662634	      0.11246696	      0.35625693	      0.31730373	      0.35551646	      0.33569571	      0.38904064	      0.40333063	      0.05454758	      0.07551869	      0.07745989	      0.06230423	      0.07301243	      0.05121347	      0.01767033	      0.02848888	      0.01120081	      0.18143239	      0.10774376	      0.11812054	      0.32461644	      0.07681779	      0.11187527	      0.43274738	      0.13318945	      0.35333782	      0.41575754	      0.27818626	      0.42722117	      0.21709537	      0.25681804	      0.25023317	      0.26735024	      0.24495217
      3.86500000	      0.04146075	      0.15831085	      0.10039006	      0.33027692	      0.05412171	      0.04775336	      0.34316331	      0.11984787	      0.36868912	      0.33300767	      0.33563176	      0.31222565	      0.32327125	      0.33300945	      0.05593146	      0.07815371	      0.08086882	      0.06325637	      0.07434000	      0.05234039	      0.01820031	      0.02943583	      0.00601966	      0.19505728	      0.11020672	      0.10667320	      0.30406500	      0.07033120	      0.11405001	      0.52977812	      0.14041499	      0.32163503	      0.36905147	      0.23762803	      0.51527164	      0.23932348	      0.23908608	      0.28851532	      0.30571912	      0.28219564	      0.03911321	      0.10845627	      0.09102516	      0.33808315	      0.04959813	      0.04564312	      0.37666253	      0.11246696	      0.35618988	      0.31723198	      0.35552220	      0.33571043	      0.38905787	      0.40334203	      0.05454758	      0.07551869	      0.07745989	      0.06230423	      0.07301243	      0.05121347	      0.01767033	      0.02848888	      0.01127508	      0.18143239	      0.10774376	      0.11812729	      0.32462845	      0.07691713	      0.11187527	      0.43271881	      0.13318945	      0.35334045	      0.41574738	      0.27823900	      0.42712852	      0.21701573	      0.25682629	      0.25027950	      0.26739277	      0.24499499
      3.87000000	      0.04146075	      0.15820350	      0.10039006	      0.33036352	      0.05412171	      0.04775336	      0.34327233	      0.11984787	      0.36868620	      0.33300456	      0.33563263	      0.31222704	      0.32324348	      0.33295968	      0.05593146	      0.07815371	      0.08086882	      0.06325637	      0.07434000	      0.05234039	      0.01820031	      0.02943583	      0.00600764	      0.19505728	      0.11020672	      0.10667383	      0.30406590	      0.07043975	      0.11405001	      0.52973307	      0.14041499	      0.32169596	      0.36912156	      0.23763164	      0.51509299	      0.23932005	      0.23908701	      0.28856281	      0.30576378	      0.28224084	      0.03911321	      0.10822031	      0.09102516	      0.33813618	      0.04959813	      0.04564312	      0.37669979	      0.11246696	      0.35612696	      0.31716465	      0.35552757	      0.33572421	      0.38907008	      0.40334822	      0.05454758	      0.07551869	      0.07745989	      0.06230423	      0.07301243	      0.05121347	      0.01767033	      0.02848888	      0.01135315	      0.18143239	      0.10774376	      0.11813361	      0.32463970	      0.07701330	      0.11187527	      0.43268588	      0.13318945	      0.35334612	      0.41574250	      0.27828842	      0.42703792	      0.21694101	      0.25683400	      0.25032718	      0.26743652	      0.24503905
      3.87500000	      0.04146075	      0.15810129	      0.10039006	      0.33044549	      0.05412171	      0.04775336	      0.34337622	      0.11984787	      0.36868545	      0.33300375	      0.33563286	      0.31222740	      0.32321424	      0.33290926	      0.05593146	      0.07815371	      0.08086882	      0.06325637	      0.07434000	      0.05234039	      0.01820031	      0.02943583	      0.00599457	      0.19505728	      0.11020672	      0.10667399	      0.30406614	      0.07054402	      0.11405001	      0.52969099	      0.14041499	      0.32175341	      0.36918767	      0.23763257	      0.51492081	      0.23931916	      0.23908725	      0.28860874	      0.30580698	      0.28228457	      0.03911321	      0.10800781	      0.09102516	      0.33820279	      0.04959813	      0.04564312	      0.37673889	      0.11246696	      0.35606834	      0.31710193	      0.35553254	      0.33573702	      0.38907711	      0.40334902	      0.05454758	      0.07551869	      0.07745989	      0.06230423	      0.07301243	      0.05121347	      0.01767033	      0.02848888	      0.01143455	      0.18143239	      0.10774376	      0.11813948	      0.32465016	      0.07710641	      0.11187527	      0.43264809	      0.13318945	      0.35335533	      0.41574350	      0.27833439	      0.42694770	      0.21687143	      0.25684117	      0.25037623	      0.26748151	      0.24508437
      3.88000000	      0.04146075	      0.15800408	      0.10039006	      0.33052277	      0.05412171	      0.04775336	      0.34347473	      0.11984787	      0.36868722	      0.33300564	      0.33563233	      0.31222656	      0.32318320	      0.33285796	      0.05593146	      0.07815371	      0.08086882	      0.06325637	      0.07434000	      0.05234039	      0.01820031	      0.02943583	      0.00598109	      0.19505728	      0.11020672	      0.10667361	      0.30406559	      0.07064353	      0.11405001	      0.52965181	      0.14041499	      0.32180744	      0.36924983	      0.23763039	      0.51475626	      0.23932124	      0.23908669	      0.28865291	      0.30584852	      0.28232662	      0.03911321	      0.10781784	      0.09102516	      0.33828309	      0.04959813	      0.04564312	      0.37678044	      0.11246696	      0.35601415	      0.31704395	      0.35553712	      0.33574884	      0.38907887	      0.40334435	      0.05454758	      0.07551869	      0.07745989	      0.06230423	      0.07301243	      0.05121347	      0.01767033	      0.02848888	      0.01151884	      0.18143239	      0.10774376	      0.11814491	      0.32465983	      0.07719660	      0.11187527	      0.43260505	      0.13318945	      0.35336848	      0.41575082	      0.27837685	      0.42685637	      0.21680709	      0.25684778	      0.25042663	      0.26752772	      0.24513094
      3.88500000	      0.04146075	      0.15791176	      0.10039006	      0.33059531	      0.05412171	      0.04775336	      0.34356757	      0.11984787	      0.36869181	      0.33301054	      0.33563096	      0.31222437	      0.32315010	      0.33280562	      0.05593146	      0.07815371	      0.08086882	      0.06325637	      0.07434000	      0.05234039	      0.01820031	      0.02943583	      0.00596779	      0.19505728	      0.11020672	      0.10667262	      0.30406417	      0.07073781	      0.11405001	      0.52961547	      0.14041499	      0.32185807	      0.36930802	      0.23762472	      0.51460045	      0.23932663	      0.23908522	      0.28869512	      0.30588823	      0.28236680	      0.03911321	      0.10764938	      0.09102516	      0.33837700	      0.04959813	      0.04564312	      0.37682491	      0.11246696	      0.35596440	      0.31699072	      0.35554131	      0.33575967	      0.38907536	      0.40333421	      0.05454758	      0.07551869	      0.07745989	      0.06230423	      0.07301243	      0.05121347	      0.01767033	      0.02848888	      0.01160557	      0.18143239	      0.10774376	      0.11814987	      0.32466869	      0.07728400	      0.11187527	      0.43255653	      0.13318945	      0.35338582	      0.41576475	      0.27841578	      0.42676273	      0.21674804	      0.25685383	      0.25047838	      0.26757515	      0.24517875
      3.89000000	      0.04146075	      0.15782432	      0.10039006	      0.33066305	      0.05412171	      0.04775336	      0.34365449	      0.11984787	      0.36869945	      0.33301871	      0.33562869	      0.31222071	      0.32311476	      0.33275215	      0.05593146	      0.07815371	      0.08086882	      0.06325637	      0.07434000	      0.05234039	      0.01820031	      0.02943583	      0.00595517	      0.19505728	      0.11020672	      0.10667098	      0.30406180	      0.07082646	      0.11405001	      0.52958190	      0.14041499	      0.32190534	      0.36936225	      0.23761528	      0.51445434	      0.23933562	      0.23908277	      0.28873516	      0.30592589	      0.28240491	      0.03911321	      0.10750129	      0.09102516	      0.33848427	      0.04959813	      0.04564312	      0.37687266	      0.11246696	      0.35591904	      0.31694219	      0.35554511	      0.33576952	      0.38906665	      0.40331866	      0.05454758	      0.07551869	      0.07745989	      0.06230423	      0.07301243	      0.05121347	      0.01767033	      0.02848888	      0.01169434	      0.18143239	      0.10774376	      0.11815440	      0.32467676	      0.07736877	      0.11187527	      0.43250244	      0.13318945	      0.35340749	      0.41578541	      0.27845124	      0.42666575	      0.21669421	      0.25685933	      0.25053145	      0.26762376	      0.24522776
      3.89500000	      0.04146075	      0.15774176	      0.10039006	      0.33072592	      0.05412171	      0.04775336	      0.34373523	      0.11984787	      0.36871030	      0.33303029	      0.33562546	      0.31221553	      0.32307709	      0.33269759	      0.05593146	      0.07815371	      0.08086882	      0.06325637	      0.07434000	      0.05234039	      0.01820031	      0.02943583	      0.00594371	      0.19505728	      0.11020672	      0.10666865	      0.30405843	      0.07090909	      0.11405001	      0.52955107	      0.14041499	      0.32194922	      0.36941249	      0.23760189	      0.51431884	      0.23934836	      0.23907930	      0.28877283	      0.30596133	      0.28244077	      0.03911321	      0.10737238	      0.09102516	      0.33860446	      0.04959813	      0.04564312	      0.37692391	      0.11246696	      0.35587796	      0.31689824	      0.35554855	      0.33577844	      0.38905289	      0.40329786	      0.05454758	      0.07551869	      0.07745989	      0.06230423	      0.07301243	      0.05121347	      0.01767033	      0.02848888	      0.01178474	      0.18143239	      0.10774376	      0.11815849	      0.32468407	      0.07745107	      0.11187527	      0.43244276	      0.13318945	      0.35343354	      0.41581280	      0.27848332	      0.42656465	      0.21664546	      0.25686431	      0.25058579	      0.26767352	      0.24527794
      3.90000000	      0.04146075	      0.15766410	      0.10039006	      0.33078383	      0.05412171	      0.04775336	      0.34380956	      0.11984787	      0.36872439	      0.33304535	      0.33562126	      0.31220879	      0.32303713	      0.33264202	      0.05593146	      0.07815371	      0.08086882	      0.06325637	      0.07434000	      0.05234039	      0.01820031	      0.02943583	      0.00593381	      0.19505728	      0.11020672	      0.10666563	      0.30405406	      0.07098539	      0.11405001	      0.52952293	      0.14041499	      0.32198970	      0.36945868	      0.23758449	      0.51419474	      0.23936492	      0.23907478	      0.28880796	      0.30599438	      0.28247420	      0.03911321	      0.10726143	      0.09102516	      0.33873704	      0.04959813	      0.04564312	      0.37697879	      0.11246696	      0.35584094	      0.31685864	      0.35555163	      0.33578646	      0.38903430	      0.40327203	      0.05454758	      0.07551869	      0.07745989	      0.06230423	      0.07301243	      0.05121347	      0.01767033	      0.02848888	      0.01187642	      0.18143239	      0.10774376	      0.11816217	      0.32469064	      0.07753103	      0.11187527	      0.43237759	      0.13318945	      0.35346391	      0.41584678	      0.27851220	      0.42645879	      0.21660154	      0.25686878	      0.25064137	      0.26772439	      0.24532926
      3.90500000	      0.04146075	      0.15759134	      0.10039006	      0.33083666	      0.05412171	      0.04775336	      0.34387727	      0.11984787	      0.36874171	      0.33306385	      0.33561610	      0.31220050	      0.32299500	      0.33258567	      0.05593146	      0.07815371	      0.08086882	      0.06325637	      0.07434000	      0.05234039	      0.01820031	      0.02943583	      0.00592584	      0.19505728	      0.11020672	      0.10666191	      0.30404868	      0.07105510	      0.11405001	      0.52949746	      0.14041499	      0.32202677	      0.36950079	      0.23756310	      0.51408274	      0.23938527	      0.23906923	      0.28884035	      0.30602485	      0.28250502	      0.03911321	      0.10716714	      0.09102516	      0.33888137	      0.04959813	      0.04564312	      0.37703732	      0.11246696	      0.35580773	      0.31682311	      0.35555439	      0.33579365	      0.38901115	      0.40324145	      0.05454758	      0.07551869	      0.07745989	      0.06230423	      0.07301243	      0.05121347	      0.01767033	      0.02848888	      0.01196900	      0.18143239	      0.10774376	      0.11816546	      0.32469654	      0.07760883	      0.11187527	      0.43230712	      0.13318945	      0.35349847	      0.41588713	      0.27853810	      0.42634767	      0.21656214	      0.25687279	      0.25069815	      0.26777633	      0.24538168
      3.91000000	      0.04146075	      0.15752347	      0.10039006	      0.33088429	      0.05412171	      0.04775336	      0.34393815	      0.11984787	      0.36876213	      0.33308565	      0.33561001	      0.31219073	      0.32295093	      0.33252883	      0.05593146	      0.07815371	      0.08086882	      0.06325637	      0.07434000	      0.05234039	      0.01820031	      0.02943583	      0.00592013	      0.19505728	      0.11020672	      0.10665752	      0.30404235	      0.07111803	      0.11405001	      0.52947462	      0.14041499	      0.32206038	      0.36953874	      0.23753787	      0.51398347	      0.23940925	      0.23906268	      0.28886984	      0.30605261	      0.28253309	      0.03911321	      0.10708824	      0.09102516	      0.33903674	      0.04959813	      0.04564312	      0.37709947	      0.11246696	      0.35577798	      0.31679129	      0.35555686	      0.33580008	      0.38898378	      0.40320644	      0.05454758	      0.07551869	      0.07745989	      0.06230423	      0.07301243	      0.05121347	      0.01767033	      0.02848888	      0.01206215	      0.18143239	      0.10774376	      0.11816841	      0.32470181	      0.07768460	      0.11187527	      0.43223160	      0.13318945	      0.35353701	      0.41593352	      0.27856128	      0.42623092	      0.21652685	      0.25687637	      0.25075608	      0.26782930	      0.24543515
      3.91500000	      0.04146075	      0.15746044	      0.10039006	      0.33092660	      0.05412171	      0.04775336	      0.34399204	      0.11984787	      0.36878545	      0.33311055	      0.33560306	      0.31217956	      0.32290524	      0.33247190	      0.05593146	      0.07815371	      0.08086882	      0.06325637	      0.07434000	      0.05234039	      0.01820031	      0.02943583	      0.00591700	      0.19505728	      0.11020672	      0.10665250	      0.30403510	      0.07117404	      0.11405001	      0.52945439	      0.14041499	      0.32209050	      0.36957249	      0.23750907	      0.51389748	      0.23943664	      0.23905520	      0.28889629	      0.30607749	      0.28255826	      0.03911321	      0.10702342	      0.09102516	      0.33920238	      0.04959813	      0.04564312	      0.37716512	      0.11246696	      0.35575135	      0.31676280	      0.35555906	      0.33580583	      0.38895252	      0.40316736	      0.05454758	      0.07551869	      0.07745989	      0.06230423	      0.07301243	      0.05121347	      0.01767033	      0.02848888	      0.01215553	      0.18143239	      0.10774376	      0.11817105	      0.32470654	      0.07775850	      0.11187527	      0.43215132	      0.13318945	      0.35357928	      0.41598557	      0.27858202	      0.42610823	      0.21649526	      0.25687957	      0.25081514	      0.26788328	      0.24548965
      3.92000000	      0.04146075	      0.15740215	      0.10039006	      0.33096343	      0.05412171	      0.04775336	      0.34403878	      0.11984787	      0.36881138	      0.33313825	      0.33559531	      0.31216714	      0.32285835	      0.33241531	      0.05593146	      0.07815371	      0.08086882	      0.06325637	      0.07434000	      0.05234039	      0.01820031	      0.02943583	      0.00591671	      0.19505728	      0.11020672	      0.10664692	      0.30402705	      0.07122305	      0.11405001	      0.52943676	      0.14041499	      0.32211708	      0.36960195	      0.23747702	      0.51382526	      0.23946710	      0.23904688	      0.28891955	      0.30609937	      0.28258039	      0.03911321	      0.10697137	      0.09102516	      0.33937746	      0.04959813	      0.04564312	      0.37723412	      0.11246696	      0.35572743	      0.31673721	      0.35556104	      0.33581099	      0.38891775	      0.40312457	      0.05454758	      0.07551869	      0.07745989	      0.06230423	      0.07301243	      0.05121347	      0.01767033	      0.02848888	      0.01224882	      0.18143239	      0.10774376	      0.11817342	      0.32471077	      0.07783067	      0.11187527	      0.43206664	      0.13318945	      0.35362497	      0.41604282	      0.27860063	      0.42597937	      0.21646689	      0.25688245	      0.25087530	      0.26793823	      0.24554516
      3.92500000	      0.04146075	      0.15734846	      0.10039006	      0.33099465	      0.05412171	      0.04775336	      0.34407825	      0.11984787	      0.36883959	      0.33316839	      0.33558688	      0.31215361	      0.32281073	      0.33235961	      0.05593146	      0.07815371	      0.08086882	      0.06325637	      0.07434000	      0.05234039	      0.01820031	      0.02943583	      0.00591951	      0.19505728	      0.11020672	      0.10664085	      0.30401827	      0.07126507	      0.11405001	      0.52942172	      0.14041499	      0.32214010	      0.36962706	      0.23744214	      0.51376722	      0.23950024	      0.23903781	      0.28893950	      0.30611815	      0.28259937	      0.03911321	      0.10693076	      0.09102516	      0.33956113	      0.04959813	      0.04564312	      0.37730625	      0.11246696	      0.35570583	      0.31671411	      0.35556282	      0.33581565	      0.38887983	      0.40307845	      0.05454758	      0.07551869	      0.07745989	      0.06230423	      0.07301243	      0.05121347	      0.01767033	      0.02848888	      0.01234168	      0.18143239	      0.10774376	      0.11817556	      0.32471460	      0.07790125	      0.11187527	      0.43197795	      0.13318945	      0.35367373	      0.41610476	      0.27861743	      0.42584417	      0.21644127	      0.25688504	      0.25093654	      0.26799414	      0.24560165
      3.93000000	      0.04146075	      0.15729923	      0.10039006	      0.33102008	      0.05412171	      0.04775336	      0.34411035	      0.11984787	      0.36886970	      0.33320054	      0.33557788	      0.31213916	      0.32276290	      0.33230532	      0.05593146	      0.07815371	      0.08086882	      0.06325637	      0.07434000	      0.05234039	      0.01820031	      0.02943583	      0.00592560	      0.19505728	      0.11020672	      0.10663436	      0.30400891	      0.07130012	      0.11405001	      0.52940928	      0.14041499	      0.32215948	      0.36964773	      0.23740490	      0.51372370	      0.23953561	      0.23902813	      0.28895604	      0.30613371	      0.28261512	      0.03911321	      0.10690024	      0.09102516	      0.33975251	      0.04959813	      0.04564312	      0.37738126	      0.11246696	      0.35568618	      0.31669308	      0.35556444	      0.33581988	      0.38883911	      0.40302933	      0.05454758	      0.07551869	      0.07745989	      0.06230423	      0.07301243	      0.05121347	      0.01767033	      0.02848888	      0.01243382	      0.18143239	      0.10774376	      0.11817750	      0.32471808	      0.07797038	      0.11187527	      0.43188567	      0.13318945	      0.35372515	      0.41617081	      0.27863271	      0.42570249	      0.21641796	      0.25688739	      0.25099885	      0.26805099	      0.24565912
      3.93500000	      0.04146075	      0.15725431	      0.10039006	      0.33103958	      0.05412171	      0.04775336	      0.34413499	      0.11984787	      0.36890130	      0.33323429	      0.33556842	      0.31212399	      0.32271540	      0.33225302	      0.05593146	      0.07815371	      0.08086882	      0.06325637	      0.07434000	      0.05234039	      0.01820031	      0.02943583	      0.00593514	      0.19505728	      0.11020672	      0.10662754	      0.30399907	      0.07132827	      0.11405001	      0.52939944	      0.14041499	      0.32217519	      0.36966388	      0.23736582	      0.51369492	      0.23957271	      0.23901796	      0.28896910	      0.30614601	      0.28262754	      0.03911321	      0.10687848	      0.09102516	      0.33995066	      0.04959813	      0.04564312	      0.37745885	      0.11246696	      0.35566810	      0.31667375	      0.35556592	      0.33582377	      0.38879592	      0.40297753	      0.05454758	      0.07551869	      0.07745989	      0.06230423	      0.07301243	      0.05121347	      0.01767033	      0.02848888	      0.01252494	      0.18143239	      0.10774376	      0.11817929	      0.32472128	      0.07803820	      0.11187527	      0.43179026	      0.13318945	      0.35377882	      0.41624038	      0.27864676	      0.42555428	      0.21639653	      0.25688956	      0.25106221	      0.26810878	      0.24571755
      3.94000000	      0.04146075	      0.15721356	      0.10039006	      0.33105302	      0.05412171	      0.04775336	      0.34415212	      0.11984787	      0.36893395	      0.33326916	      0.33555863	      0.31210830	      0.32266878	      0.33220326	      0.05593146	      0.07815371	      0.08086882	      0.06325637	      0.07434000	      0.05234039	      0.01820031	      0.02943583	      0.00594820	      0.19505728	      0.11020672	      0.10662050	      0.30398890	      0.07134963	      0.11405001	      0.52939223	      0.14041499	      0.32218718	      0.36967544	      0.23732541	      0.51368102	      0.23961105	      0.23900744	      0.28897863	      0.30615497	      0.28263661	      0.03911321	      0.10686414	      0.09102516	      0.34015464	      0.04959813	      0.04564312	      0.37753867	      0.11246696	      0.35565128	      0.31665575	      0.35556731	      0.33582739	      0.38875053	      0.40292334	      0.05454758	      0.07551869	      0.07745989	      0.06230423	      0.07301243	      0.05121347	      0.01767033	      0.02848888	      0.01261479	      0.18143239	      0.10774376	      0.11818095	      0.32472425	      0.07810485	      0.11187527	      0.43169221	      0.13318945	      0.35383425	      0.41631279	      0.27865983	      0.42539959	      0.21637658	      0.25689157	      0.25112662	      0.26816749	      0.24577693
      3.94500000	      0.04146075	      0.15717692	      0.10039006	      0.33106027	      0.05412171	      0.04775336	      0.34416170	      0.11984787	      0.36896725	      0.33330473	      0.33554863	      0.31209228	      0.32262356	      0.33215655	      0.05593146	      0.07815371	      0.08086882	      0.06325637	      0.07434000	      0.05234039	      0.01820031	      0.02943583	      0.00596480	      0.19505728	      0.11020672	      0.10661331	      0.30397853	      0.07136431	      0.11405001	      0.52938769	      0.14041499	      0.32219537	      0.36968233	      0.23728418	      0.51368203	      0.23965016	      0.23899670	      0.28898460	      0.30616059	      0.28264229	      0.03911321	      0.10685589	      0.09102516	      0.34036347	      0.04959813	      0.04564312	      0.37762032	      0.11246696	      0.35563543	      0.31663880	      0.35556860	      0.33583080	      0.38870320	      0.40286702	      0.05454758	      0.07551869	      0.07745989	      0.06230423	      0.07301243	      0.05121347	      0.01767033	      0.02848888	      0.01270313	      0.18143239	      0.10774376	      0.11818251	      0.32472706	      0.07817047	      0.11187527	      0.43159205	      0.13318945	      0.35389095	      0.41638735	      0.27867214	      0.42523855	      0.21635778	      0.25689347	      0.25119207	      0.26822712	      0.24583727
      3.95000000	      0.04146075	      0.15714439	      0.10039006	      0.33106124	      0.05412171	      0.04775336	      0.34416373	      0.11984787	      0.36900081	      0.33334056	      0.33553856	      0.31207613	      0.32258023	      0.33211338	      0.05593146	      0.07815371	      0.08086882	      0.06325637	      0.07434000	      0.05234039	      0.01820031	      0.02943583	      0.00598483	      0.19505728	      0.11020672	      0.10660605	      0.30396806	      0.07137244	      0.11405001	      0.52938585	      0.14041499	      0.32219971	      0.36968447	      0.23724263	      0.51369785	      0.23968955	      0.23898588	      0.28898701	      0.30616286	      0.28264458	      0.03911321	      0.10685241	      0.09102516	      0.34057612	      0.04959813	      0.04564312	      0.37770337	      0.11246696	      0.35562032	      0.31662264	      0.35556984	      0.33583405	      0.38865414	      0.40280877	      0.05454758	      0.07551869	      0.07745989	      0.06230423	      0.07301243	      0.05121347	      0.01767033	      0.02848888	      0.01278979	      0.18143239	      0.10774376	      0.11818400	      0.32472973	      0.07823520	      0.11187527	      0.43149033	      0.13318945	      0.35394837	      0.41646329	      0.27868387	      0.42507142	      0.21633987	      0.25689527	      0.25125855	      0.26828765	      0.24589853
      3.95500000	      0.04146075	      0.15711603	      0.10039006	      0.33105586	      0.05412171	      0.04775336	      0.34415821	      0.11984787	      0.36903426	      0.33337628	      0.33552850	      0.31206002	      0.32253921	      0.33207412	      0.05593146	      0.07815371	      0.08086882	      0.06325637	      0.07434000	      0.05234039	      0.01820031	      0.02943583	      0.00600813	      0.19505728	      0.11020672	      0.10659882	      0.30395763	      0.07137415	      0.11405001	      0.52938679	      0.14041499	      0.32220013	      0.36968180	      0.23720119	      0.51372822	      0.23972881	      0.23897507	      0.28898589	      0.30616181	      0.28264352	      0.03911321	      0.10685239	      0.09102516	      0.34079157	      0.04959813	      0.04564312	      0.37778733	      0.11246696	      0.35560577	      0.31660708	      0.35557103	      0.33583717	      0.38860352	      0.40274876	      0.05454758	      0.07551869	      0.07745989	      0.06230423	      0.07301243	      0.05121347	      0.01767033	      0.02848888	      0.01287461	      0.18143239	      0.10774376	      0.11818543	      0.32473230	      0.07829919	      0.11187527	      0.43138765	      0.13318945	      0.35400597	      0.41653985	      0.27869516	      0.42489860	      0.21632262	      0.25689701	      0.25132604	      0.26834907	      0.24596072
      3.96000000	      0.04146075	      0.15709201	      0.10039006	      0.33104410	      0.05412171	      0.04775336	      0.34414520	      0.11984787	      0.36906728	      0.33341155	      0.33551856	      0.31204409	      0.32250085	      0.33203910	      0.05593146	      0.07815371	      0.08086882	      0.06325637	      0.07434000	      0.05234039	      0.01820031	      0.02943583	      0.00603441	      0.19505728	      0.11020672	      0.10659167	      0.30394731	      0.07136956	      0.11405001	      0.52939054	      0.14041499	      0.32219656	      0.36967425	      0.23716026	      0.51377279	      0.23976758	      0.23896440	      0.28898131	      0.30615750	      0.28263916	      0.03911321	      0.10685454	      0.09102516	      0.34100875	      0.04959813	      0.04564312	      0.37787167	      0.11246696	      0.35559167	      0.31659199	      0.35557218	      0.33584020	      0.38855147	      0.40268711	      0.05454758	      0.07551869	      0.07745989	      0.06230423	      0.07301243	      0.05121347	      0.01767033	      0.02848888	      0.01295749	      0.18143239	      0.10774376	      0.11818682	      0.32473479	      0.07836258	      0.11187527	      0.43128460	      0.13318945	      0.35406315	      0.41661621	      0.27870610	      0.42472057	      0.21630590	      0.25689869	      0.25139453	      0.26841134	      0.24602381
      3.96500000	      0.04146075	      0.15707257	      0.10039006	      0.33102598	      0.05412171	      0.04775336	      0.34412477	      0.11984787	      0.36909963	      0.33344609	      0.33550881	      0.31202849	      0.32246544	      0.33200854	      0.05593146	      0.07815371	      0.08086882	      0.06325637	      0.07434000	      0.05234039	      0.01820031	      0.02943583	      0.00606333	      0.19505728	      0.11020672	      0.10658466	      0.30393721	      0.07135879	      0.11405001	      0.52939718	      0.14041499	      0.32218895	      0.36966180	      0.23712016	      0.51383104	      0.23980555	      0.23895393	      0.28897336	      0.30615001	      0.28263160	      0.03911321	      0.10685762	      0.09102516	      0.34122662	      0.04959813	      0.04564312	      0.37795587	      0.11246696	      0.35557793	      0.31657730	      0.35557330	      0.33584315	      0.38849806	      0.40262390	      0.05454758	      0.07551869	      0.07745989	      0.06230423	      0.07301243	      0.05121347	      0.01767033	      0.02848888	      0.01303837	      0.18143239	      0.10774376	      0.11818818	      0.32473721	      0.07842553	      0.11187527	      0.43118179	      0.13318945	      0.35411934	      0.41669157	      0.27871675	      0.42453790	      0.21628961	      0.25690033	      0.25146397	      0.26847446	      0.24608777
      3.97000000	      0.04146075	      0.15705800	      0.10039006	      0.33100161	      0.05412171	      0.04775336	      0.34409706	      0.11984787	      0.36913109	      0.33347969	      0.33549932	      0.31201329	      0.32243314	      0.33198256	      0.05593146	      0.07815371	      0.08086882	      0.06325637	      0.07434000	      0.05234039	      0.01820031	      0.02943583	      0.00609446	      0.19505728	      0.11020672	      0.10657784	      0.30392737	      0.07134197	      0.11405001	      0.52940675	      0.14041499	      0.32217727	      0.36964445	      0.23708114	      0.51390233	      0.23984247	      0.23894374	      0.28896216	      0.30613947	      0.28262094	      0.03911321	      0.10686041	      0.09102516	      0.34144416	      0.04959813	      0.04564312	      0.37803937	      0.11246696	      0.35556454	      0.31656298	      0.35557440	      0.33584602	      0.38844333	      0.40255918	      0.05454758	      0.07551869	      0.07745989	      0.06230423	      0.07301243	      0.05121347	      0.01767033	      0.02848888	      0.01311723	      0.18143239	      0.10774376	      0.11818950	      0.32473958	      0.07848817	      0.11187527	      0.43107982	      0.13318945	      0.35417396	      0.41676512	      0.27872714	      0.42435124	      0.21627373	      0.25690192	      0.25153436	      0.26853839	      0.24615258
      3.97500000	      0.04146075	      0.15704865	      0.10039006	      0.33097114	      0.05412171	      0.04775336	      0.34406224	      0.11984787	      0.36916154	      0.33351221	      0.33549012	      0.31199858	      0.32240405	      0.33196116	      0.05593146	      0.07815371	      0.08086882	      0.06325637	      0.07434000	      0.05234039	      0.01820031	      0.02943583	      0.00612730	      0.19505728	      0.11020672	      0.10657123	      0.30391785	      0.07131922	      0.11405001	      0.52941927	      0.14041499	      0.32216150	      0.36962224	      0.23704337	      0.51398585	      0.23987821	      0.23893387	      0.28894786	      0.30612601	      0.28260733	      0.03911321	      0.10686175	      0.09102516	      0.34166035	      0.04959813	      0.04564312	      0.37812165	      0.11246696	      0.35555150	      0.31654903	      0.35557546	      0.33584882	      0.38838732	      0.40249298	      0.05454758	      0.07551869	      0.07745989	      0.06230423	      0.07301243	      0.05121347	      0.01767033	      0.02848888	      0.01319404	      0.18143239	      0.10774376	      0.11819078	      0.32474188	      0.07855066	      0.11187527	      0.43097927	      0.13318945	      0.35422645	      0.41683608	      0.27873725	      0.42416128	      0.21625827	      0.25690348	      0.25160564	      0.26860310	      0.24621821
      3.98000000	      0.04146075	      0.15704492	      0.10039006	      0.33093477	      0.05412171	      0.04775336	      0.34402055	      0.11984787	      0.36919091	      0.33354357	      0.33548125	      0.31198437	      0.32237815	      0.33194425	      0.05593146	      0.07815371	      0.08086882	      0.06325637	      0.07434000	      0.05234039	      0.01820031	      0.02943583	      0.00616129	      0.19505728	      0.11020672	      0.10656485	      0.30390865	      0.07129067	      0.11405001	      0.52943476	      0.14041499	      0.32214169	      0.36959527	      0.23700692	      0.51408071	      0.23991267	      0.23892434	      0.28893064	      0.30610981	      0.28259094	      0.03911321	      0.10686053	      0.09102516	      0.34187427	      0.04959813	      0.04564312	      0.37820216	      0.11246696	      0.35553883	      0.31653547	      0.35557649	      0.33585153	      0.38833002	      0.40242529	      0.05454758	      0.07551869	      0.07745989	      0.06230423	      0.07301243	      0.05121347	      0.01767033	      0.02848888	      0.01326886	      0.18143239	      0.10774376	      0.11819202	      0.32474412	      0.07861312	      0.11187527	      0.43088072	      0.13318945	      0.35427628	      0.41690371	      0.27874707	      0.42396873	      0.21624325	      0.25690498	      0.25167780	      0.26866856	      0.24628462
      3.98500000	      0.04146075	      0.15704723	      0.10039006	      0.33089281	      0.05412171	      0.04775336	      0.34397228	      0.11984787	      0.36921920	      0.33357377	      0.33547269	      0.31197068	      0.32235532	      0.33193162	      0.05593146	      0.07815371	      0.08086882	      0.06325637	      0.07434000	      0.05234039	      0.01820031	      0.02943583	      0.00619585	      0.19505728	      0.11020672	      0.10655871	      0.30389980	      0.07125645	      0.11405001	      0.52945319	      0.14041499	      0.32211788	      0.36956365	      0.23697181	      0.51418586	      0.23994585	      0.23891516	      0.28891070	      0.30609105	      0.28257198	      0.03911321	      0.10685574	      0.09102516	      0.34208500	      0.04959813	      0.04564312	      0.37828042	      0.11246696	      0.35552655	      0.31652234	      0.35557749	      0.33585416	      0.38827145	      0.40235615	      0.05454758	      0.07551869	      0.07745989	      0.06230423	      0.07301243	      0.05121347	      0.01767033	      0.02848888	      0.01334172	      0.18143239	      0.10774376	      0.11819323	      0.32474628	      0.07867570	      0.11187527	      0.43078468	      0.13318945	      0.35432294	      0.41696730	      0.27875658	      0.42377432	      0.21622870	      0.25690644	      0.25175078	      0.26873472	      0.24635178
      3.99000000	      0.04146075	      0.15705601	      0.10039006	      0.33084561	      0.05412171	      0.04775336	      0.34391777	      0.11984787	      0.36924644	      0.33360287	      0.33546444	      0.31195749	      0.32233539	      0.33192299	      0.05593146	      0.07815371	      0.08086882	      0.06325637	      0.07434000	      0.05234039	      0.01820031	      0.02943583	      0.00623034	      0.19505728	      0.11020672	      0.10655278	      0.30389126	      0.07121672	      0.11405001	      0.52947452	      0.14041499	      0.32209017	      0.36952759	      0.23693798	      0.51430015	      0.23997782	      0.23890631	      0.28888829	      0.30606996	      0.28255064	      0.03911321	      0.10684643	      0.09102516	      0.34229175	      0.04959813	      0.04564312	      0.37835596	      0.11246696	      0.35551466	      0.31650963	      0.35557845	      0.33585671	      0.38821166	      0.40228558	      0.05454758	      0.07551869	      0.07745989	      0.06230423	      0.07301243	      0.05121347	      0.01767033	      0.02848888	      0.01341271	      0.18143239	      0.10774376	      0.11819440	      0.32474838	      0.07873851	      0.11187527	      0.43069164	      0.13318945	      0.35436599	      0.41702622	      0.27876578	      0.42357880	      0.21621461	      0.25690785	      0.25182455	      0.26880155	      0.24641964
      3.99500000	      0.04146075	      0.15707167	      0.10039006	      0.33079360	      0.05412171	      0.04775336	      0.34385742	      0.11984787	      0.36927275	      0.33363096	      0.33545647	      0.31194474	      0.32231807	      0.33191797	      0.05593146	      0.07815371	      0.08086882	      0.06325637	      0.07434000	      0.05234039	      0.01820031	      0.02943583	      0.00626412	      0.19505728	      0.11020672	      0.10654706	      0.30388301	      0.07117163	      0.11405001	      0.52949866	      0.14041499	      0.32205870	      0.36948730	      0.23690530	      0.51442234	      0.24000869	      0.23889775	      0.28886363	      0.30604676	      0.28252718	      0.03911321	      0.10683178	      0.09102516	      0.34249377	      0.04959813	      0.04564312	      0.37842833	      0.11246696	      0.35550315	      0.31649731	      0.35557939	      0.33585917	      0.38815068	      0.40221366	      0.05454758	      0.07551869	      0.07745989	      0.06230423	      0.07301243	      0.05121347	      0.01767033	      0.02848888	      0.01348191	      0.18143239	      0.10774376	      0.11819553	      0.32475041	      0.07880167	      0.11187527	      0.43060204	      0.13318945	      0.35440500	      0.41707989	      0.27877470	      0.42338286	      0.21620096	      0.25690922	      0.25189906	      0.26886902	      0.24648818
      4.00000000	      0.04146075	      0.15709463	      0.10039006	      0.33073725	      0.05412171	      0.04775336	      0.34379169	      0.11984787	      0.36929826	      0.33365819	      0.33544873	      0.31193237	      0.32230305	      0.33191613	      0.05593146	      0.07815371	      0.08086882	      0.06325637	      0.07434000	      0.05234039	      0.01820031	      0.02943583	      0.00629657	      0.19505728	      0.11020672	      0.10654151	      0.30387501	      0.07112138	      0.11405001	      0.52952551	      0.14041499	      0.32202365	      0.36944307	      0.23687361	      0.51455110	      0.24003860	      0.23888945	      0.28883701	      0.30602171	      0.28250185	      0.03911321	      0.10681110	      0.09102516	      0.34269044	      0.04959813	      0.04564312	      0.37849717	      0.11246696	      0.35549192	      0.31648531	      0.35558030	      0.33586157	      0.38808864	      0.40214047	      0.05454758	      0.07551869	      0.07745989	      0.06230423	      0.07301243	      0.05121347	      0.01767033	      0.02848888	      0.01354943	      0.18143239	      0.10774376	      0.11819663	      0.32475239	      0.07886528	      0.11187527	      0.43051626	      0.13318945	      0.35443963	      0.41712780	      0.27878339	      0.42318721	      0.21618765	      0.25691055	      0.25197428	      0.26893707	      0.24655735
      4.00500000	      0.04146075	      0.15712521	      0.10039006	      0.33067711	      0.05412171	      0.04775336	      0.34372110	      0.11984787	      0.36932311	      0.33368473	      0.33544119	      0.31192031	      0.32228999	      0.33191699	      0.05593146	      0.07815371	      0.08086882	      0.06325637	      0.07434000	      0.05234039	      0.01820031	      0.02943583	      0.00632703	      0.19505728	      0.11020672	      0.10653609	      0.30386721	      0.07106620	      0.11405001	      0.52955491	      0.14041499	      0.32198523	      0.36939522	      0.23684273	      0.51468504	      0.24006775	      0.23888136	      0.28880870	      0.30599508	      0.28247491	      0.03911321	      0.10678383	      0.09102516	      0.34288121	      0.04959813	      0.04564312	      0.37856212	      0.11246696	      0.35548088	      0.31647350	      0.35558119	      0.33586394	      0.38802565	      0.40206617	      0.05454758	      0.07551869	      0.07745989	      0.06230423	      0.07301243	      0.05121347	      0.01767033	      0.02848888	      0.01361540	      0.18143239	      0.10774376	      0.11819772	      0.32475433	      0.07892941	      0.11187527	      0.43043463	      0.13318945	      0.35446957	      0.41716954	      0.27879193	      0.42299250	      0.21617457	      0.25691186	      0.25205016	      0.26900567	      0.24662710
      4.01000000	      0.04146075	      0.15716370	      0.10039006	      0.33061377	      0.05412171	      0.04775336	      0.34364620	      0.11984787	      0.36934747	      0.33371075	      0.33543378	      0.31190848	      0.32227849	      0.33192004	      0.05593146	      0.07815371	      0.08086882	      0.06325637	      0.07434000	      0.05234039	      0.01820031	      0.02943583	      0.00635492	      0.19505728	      0.11020672	      0.10653078	      0.30385956	      0.07100636	      0.11405001	      0.52958668	      0.14041499	      0.32194370	      0.36934414	      0.23681244	      0.51482271	      0.24009633	      0.23887342	      0.28877900	      0.30596714	      0.28244664	      0.03911321	      0.10674956	      0.09102516	      0.34306569	      0.04959813	      0.04564312	      0.37862294	      0.11246696	      0.35546986	      0.31646172	      0.35558208	      0.33586629	      0.38796191	      0.40199093	      0.05454758	      0.07551869	      0.07745989	      0.06230423	      0.07301243	      0.05121347	      0.01767033	      0.02848888	      0.01367995	      0.18143239	      0.10774376	      0.11819880	      0.32475627	      0.07899413	      0.11187527	      0.43035739	      0.13318945	      0.35449461	      0.41720480	      0.27880046	      0.42279934	      0.21616151	      0.25691317	      0.25212664	      0.26907478	      0.24669741
      4.01500000	      0.04146075	      0.15721029	      0.10039006	      0.33054786	      0.05412171	      0.04775336	      0.34356763	      0.11984787	      0.36937151	      0.33373642	      0.33542648	      0.31189680	      0.32226817	      0.33192477	      0.05593146	      0.07815371	      0.08086882	      0.06325637	      0.07434000	      0.05234039	      0.01820031	      0.02943583	      0.00637967	      0.19505728	      0.11020672	      0.10652554	      0.30385201	      0.07094218	      0.11405001	      0.52962059	      0.14041499	      0.32189938	      0.36929025	      0.23678255	      0.51496260	      0.24012453	      0.23886559	      0.28874822	      0.30593818	      0.28241734	      0.03911321	      0.10670804	      0.09102516	      0.34324360	      0.04959813	      0.04564312	      0.37867941	      0.11246696	      0.35545868	      0.31644976	      0.35558299	      0.33586868	      0.38789762	      0.40191498	      0.05454758	      0.07551869	      0.07745989	      0.06230423	      0.07301243	      0.05121347	      0.01767033	      0.02848888	      0.01374323	      0.18143239	      0.10774376	      0.11819989	      0.32475824	      0.07905950	      0.11187527	      0.43028471	      0.13318945	      0.35451459	      0.41723336	      0.27880911	      0.42260827	      0.21614825	      0.25691450	      0.25220370	      0.26914435	      0.24676821
      4.02000000	      0.04146075	      0.15726505	      0.10039006	      0.33048007	      0.05412171	      0.04775336	      0.34348607	      0.11984787	      0.36939539	      0.33376191	      0.33541921	      0.31188520	      0.32225864	      0.33193066	      0.05593146	      0.07815371	      0.08086882	      0.06325637	      0.07434000	      0.05234039	      0.01820031	      0.02943583	      0.00640077	      0.19505728	      0.11020672	      0.10652033	      0.30384451	      0.07087402	      0.11405001	      0.52965638	      0.14041499	      0.32185262	      0.36923403	      0.23675285	      0.51510323	      0.24015252	      0.23885780	      0.28871665	      0.30590848	      0.28238729	      0.03911321	      0.10665916	      0.09102516	      0.34341477	      0.04959813	      0.04564312	      0.37873140	      0.11246696	      0.35544711	      0.31643738	      0.35558392	      0.33587115	      0.38783301	      0.40183855	      0.05454758	      0.07551869	      0.07745989	      0.06230423	      0.07301243	      0.05121347	      0.01767033	      0.02848888	      0.01380539	      0.18143239	      0.10774376	      0.11820103	      0.32476028	      0.07912553	      0.11187527	      0.43021668	      0.13318945	      0.35452946	      0.41725512	      0.27881806	      0.42241976	      0.21613454	      0.25691587	      0.25228127	      0.26921434	      0.24683947
      4.02500000	      0.04146075	      0.15732794	      0.10039006	      0.33041111	      0.05412171	      0.04775336	      0.34340222	      0.11984787	      0.36941924	      0.33378737	      0.33541195	      0.31187360	      0.32224953	      0.33193719	      0.05593146	      0.07815371	      0.08086882	      0.06325637	      0.07434000	      0.05234039	      0.01820031	      0.02943583	      0.00641780	      0.19505728	      0.11020672	      0.10651513	      0.30383701	      0.07080233	      0.11405001	      0.52969373	      0.14041499	      0.32180381	      0.36917598	      0.23672319	      0.51524307	      0.24018049	      0.23885001	      0.28868461	      0.30587835	      0.28235680	      0.03911321	      0.10660300	      0.09102516	      0.34357919	      0.04959813	      0.04564312	      0.37877887	      0.11246696	      0.35543491	      0.31642433	      0.35558490	      0.33587376	      0.38776835	      0.40176190	      0.05454758	      0.07551869	      0.07745989	      0.06230423	      0.07301243	      0.05121347	      0.01767033	      0.02848888	      0.01386659	      0.18143239	      0.10774376	      0.11820222	      0.32476243	      0.07919225	      0.11187527	      0.43015332	      0.13318945	      0.35453922	      0.41727010	      0.27882749	      0.42223416	      0.21612008	      0.25691731	      0.25235930	      0.26928469	      0.24691114
      4.03000000	      0.04146075	      0.15739874	      0.10039006	      0.33034168	      0.05412171	      0.04775336	      0.34331685	      0.11984787	      0.36944318	      0.33381293	      0.33540466	      0.31186195	      0.32224050	      0.33194388	      0.05593146	      0.07815371	      0.08086882	      0.06325637	      0.07434000	      0.05234039	      0.01820031	      0.02943583	      0.00643040	      0.19505728	      0.11020672	      0.10650990	      0.30382948	      0.07072759	      0.11405001	      0.52973232	      0.14041499	      0.32175338	      0.36911666	      0.23669340	      0.51538065	      0.24020856	      0.23884219	      0.28865242	      0.30584807	      0.28232616	      0.03911321	      0.10653978	      0.09102516	      0.34373697	      0.04959813	      0.04564312	      0.37882184	      0.11246696	      0.35542182	      0.31641033	      0.35558596	      0.33587655	      0.38770391	      0.40168531	      0.05454758	      0.07551869	      0.07745989	      0.06230423	      0.07301243	      0.05121347	      0.01767033	      0.02848888	      0.01392695	      0.18143239	      0.10774376	      0.11820351	      0.32476473	      0.07925964	      0.11187527	      0.43009454	      0.13318945	      0.35454398	      0.41727841	      0.27883761	      0.42205174	      0.21610457	      0.25691886	      0.25243776	      0.26935537	      0.24698318
      4.03500000	      0.04146075	      0.15747706	      0.10039006	      0.33027251	      0.05412171	      0.04775336	      0.34323076	      0.11984787	      0.36946731	      0.33383870	      0.33539730	      0.31185020	      0.32223123	      0.33195026	      0.05593146	      0.07815371	      0.08086882	      0.06325637	      0.07434000	      0.05234039	      0.01820031	      0.02943583	      0.00643834	      0.19505728	      0.11020672	      0.10650462	      0.30382189	      0.07065038	      0.11405001	      0.52977178	      0.14041499	      0.32170180	      0.36905664	      0.23666336	      0.51551458	      0.24023685	      0.23883430	      0.28862039	      0.30581793	      0.28229566	      0.03911321	      0.10646988	      0.09102516	      0.34388836	      0.04959813	      0.04564312	      0.37886044	      0.11246696	      0.35540758	      0.31639510	      0.35558711	      0.33587959	      0.38763996	      0.40160907	      0.05454758	      0.07551869	      0.07745989	      0.06230423	      0.07301243	      0.05121347	      0.01767033	      0.02848888	      0.01398663	      0.18143239	      0.10774376	      0.11820490	      0.32476724	      0.07932766	      0.11187527	      0.43004018	      0.13318945	      0.35454391	      0.41728031	      0.27884861	      0.42187261	      0.21608769	      0.25692054	      0.25251658	      0.26942634	      0.24705554
      4.04000000	      0.04146075	      0.15756233	      0.10039006	      0.33020432	      0.05412171	      0.04775336	      0.34314474	      0.11984787	      0.36949170	      0.33386475	      0.33538985	      0.31183831	      0.32222142	      0.33195592	      0.05593146	      0.07815371	      0.08086882	      0.06325637	      0.07434000	      0.05234039	      0.01820031	      0.02943583	      0.00644151	      0.19505728	      0.11020672	      0.10649929	      0.30381421	      0.07057134	      0.11405001	      0.52981171	      0.14041499	      0.32164956	      0.36899650	      0.23663299	      0.51564353	      0.24026546	      0.23882632	      0.28858880	      0.30578822	      0.28226559	      0.03911321	      0.10639383	      0.09102516	      0.34403374	      0.04959813	      0.04564312	      0.37889487	      0.11246696	      0.35539192	      0.31637836	      0.35558837	      0.33588292	      0.38757676	      0.40153343	      0.05454758	      0.07551869	      0.07745989	      0.06230423	      0.07301243	      0.05121347	      0.01767033	      0.02848888	      0.01404570	      0.18143239	      0.10774376	      0.11820643	      0.32476999	      0.07939628	      0.11187527	      0.42998999	      0.13318945	      0.35453927	      0.41727615	      0.27886070	      0.42169673	      0.21606914	      0.25692239	      0.25259573	      0.26949754	      0.24712818
      4.04500000	      0.04146075	      0.15765374	      0.10039006	      0.33013781	      0.05412171	      0.04775336	      0.34305963	      0.11984787	      0.36951642	      0.33389114	      0.33538230	      0.31182626	      0.32221081	      0.33196046	      0.05593146	      0.07815371	      0.08086882	      0.06325637	      0.07434000	      0.05234039	      0.01820031	      0.02943583	      0.00643993	      0.19505728	      0.11020672	      0.10649388	      0.30380642	      0.07049117	      0.11405001	      0.52985170	      0.14041499	      0.32159719	      0.36893686	      0.23660221	      0.51576633	      0.24029443	      0.23881823	      0.28855795	      0.30575921	      0.28223622	      0.03911321	      0.10631227	      0.09102516	      0.34417363	      0.04959813	      0.04564312	      0.37892542	      0.11246696	      0.35537462	      0.31635985	      0.35558976	      0.33588661	      0.38751456	      0.40145866	      0.05454758	      0.07551869	      0.07745989	      0.06230423	      0.07301243	      0.05121347	      0.01767033	      0.02848888	      0.01410422	      0.18143239	      0.10774376	      0.11820812	      0.32477304	      0.07946540	      0.11187527	      0.42994362	      0.13318945	      0.35453043	      0.41726640	      0.27887407	      0.42152386	      0.21604863	      0.25692443	      0.25267517	      0.26956895	      0.24720106
      4.05000000	      0.04146075	      0.15775025	      0.10039006	      0.33007362	      0.05412171	      0.04775336	      0.34297623	      0.11984787	      0.36954150	      0.33391791	      0.33537464	      0.31181403	      0.32219916	      0.33196352	      0.05593146	      0.07815371	      0.08086882	      0.06325637	      0.07434000	      0.05234039	      0.01820031	      0.02943583	      0.00643379	      0.19505728	      0.11020672	      0.10648839	      0.30379852	      0.07041065	      0.11405001	      0.52989132	      0.14041499	      0.32154524	      0.36887831	      0.23657097	      0.51588195	      0.24032383	      0.23881002	      0.28852811	      0.30573115	      0.28220782	      0.03911321	      0.10622598	      0.09102516	      0.34430865	      0.04959813	      0.04564312	      0.37895248	      0.11246696	      0.35535542	      0.31633932	      0.35559130	      0.33589070	      0.38745359	      0.40138498	      0.05454758	      0.07551869	      0.07745989	      0.06230423	      0.07301243	      0.05121347	      0.01767033	      0.02848888	      0.01416222	      0.18143239	      0.10774376	      0.11821000	      0.32477641	      0.07953493	      0.11187527	      0.42990066	      0.13318945	      0.35451778	      0.41725163	      0.27888888	      0.42135357	      0.21602589	      0.25692670	      0.25275488	      0.26964054	      0.24727417
      4.05500000	      0.04146075	      0.15785064	      0.10039006	      0.33001237	      0.05412171	      0.04775336	      0.34289535	      0.11984787	      0.36956696	      0.33394510	      0.33536685	      0.31180160	      0.32218626	      0.33196477	      0.05593146	      0.07815371	      0.08086882	      0.06325637	      0.07434000	      0.05234039	      0.01820031	      0.02943583	      0.00642340	      0.19505728	      0.11020672	      0.10648281	      0.30379049	      0.07033060	      0.11405001	      0.52993016	      0.14041499	      0.32149423	      0.36882145	      0.23653924	      0.51598955	      0.24035368	      0.23880167	      0.28849954	      0.30570428	      0.28218061	      0.03911321	      0.10613584	      0.09102516	      0.34443955	      0.04959813	      0.04564312	      0.37897651	      0.11246696	      0.35533412	      0.31631655	      0.35559300	      0.33589523	      0.38739405	      0.40131259	      0.05454758	      0.07551869	      0.07745989	      0.06230423	      0.07301243	      0.05121347	      0.01767033	      0.02848888	      0.01421963	      0.18143239	      0.10774376	      0.11821208	      0.32478015	      0.07960474	      0.11187527	      0.42986061	      0.13318945	      0.35450182	      0.41723251	      0.27890531	      0.42118522	      0.21600066	      0.25692920	      0.25283482	      0.26971230	      0.24734749
      4.06000000	      0.04146075	      0.15795347	      0.10039006	      0.32995458	      0.05412171	      0.04775336	      0.34281774	      0.11984787	      0.36959285	      0.33397273	      0.33535892	      0.31178895	      0.32217191	      0.33196390	      0.05593146	      0.07815371	      0.08086882	      0.06325637	      0.07434000	      0.05234039	      0.01820031	      0.02943583	      0.00640922	      0.19505728	      0.11020672	      0.10647713	      0.30378233	      0.07025188	      0.11405001	      0.52996778	      0.14041499	      0.32144473	      0.36876683	      0.23650698	      0.51608849	      0.24038401	      0.23879318	      0.28847247	      0.30567882	      0.28215484	      0.03911321	      0.10604279	      0.09102516	      0.34456714	      0.04959813	      0.04564312	      0.37899802	      0.11246696	      0.35531055	      0.31629134	      0.35559489	      0.33590024	      0.38733611	      0.40124167	      0.05454758	      0.07551869	      0.07745989	      0.06230423	      0.07301243	      0.05121347	      0.01767033	      0.02848888	      0.01427638	      0.18143239	      0.10774376	      0.11821438	      0.32478429	      0.07967468	      0.11187527	      0.42982293	      0.13318945	      0.35448307	      0.41720975	      0.27892349	      0.42101802	      0.21597273	      0.25693198	      0.25291500	      0.26978421	      0.24742099
      4.06500000	      0.04146075	      0.15805718	      0.10039006	      0.32990072	      0.05412171	      0.04775336	      0.34274411	      0.11984787	      0.36961916	      0.33400083	      0.33535086	      0.31177609	      0.32215594	      0.33196065	      0.05593146	      0.07815371	      0.08086882	      0.06325637	      0.07434000	      0.05234039	      0.01820031	      0.02943583	      0.00639183	      0.19505728	      0.11020672	      0.10647136	      0.30377402	      0.07017538	      0.11405001	      0.53000380	      0.14041499	      0.32139724	      0.36871497	      0.23647418	      0.51617830	      0.24041485	      0.23878455	      0.28844710	      0.30565497	      0.28213068	      0.03911321	      0.10594787	      0.09102516	      0.34469227	      0.04959813	      0.04564312	      0.37901756	      0.11246696	      0.35528452	      0.31626351	      0.35559696	      0.33590577	      0.38727991	      0.40117235	      0.05454758	      0.07551869	      0.07745989	      0.06230423	      0.07301243	      0.05121347	      0.01767033	      0.02848888	      0.01433231	      0.18143239	      0.10774376	      0.11821692	      0.32478886	      0.07974458	      0.11187527	      0.42978705	      0.13318945	      0.35446207	      0.41718412	      0.27894355	      0.42085107	      0.21594190	      0.25693504	      0.25299541	      0.26985627	      0.24749469
      4.07000000	      0.04146075	      0.15816015	      0.10039006	      0.32985116	      0.05412171	      0.04775336	      0.34267509	      0.11984787	      0.36964593	      0.33402941	      0.33534265	      0.31176300	      0.32213820	      0.33195477	      0.05593146	      0.07815371	      0.08086882	      0.06325637	      0.07434000	      0.05234039	      0.01820031	      0.02943583	      0.00637188	      0.19505728	      0.11020672	      0.10646548	      0.30376557	      0.07010196	      0.11405001	      0.53003785	      0.14041499	      0.32135224	      0.36866632	      0.23644080	      0.51625871	      0.24044622	      0.23877575	      0.28842361	      0.30563289	      0.28210832	      0.03911321	      0.10585212	      0.09102516	      0.34481583	      0.04959813	      0.04564312	      0.37903568	      0.11246696	      0.35525590	      0.31623290	      0.35559924	      0.33591184	      0.38722556	      0.40110475	      0.05454758	      0.07551869	      0.07745989	      0.06230423	      0.07301243	      0.05121347	      0.01767033	      0.02848888	      0.01438726	      0.18143239	      0.10774376	      0.11821971	      0.32479388	      0.07981425	      0.11187527	      0.42975242	      0.13318945	      0.35443938	      0.41715635	      0.27896559	      0.42068340	      0.21590800	      0.25693839	      0.25307605	      0.26992848	      0.24756858
      4.07500000	      0.04146075	      0.15826069	      0.10039006	      0.32980617	      0.05412171	      0.04775336	      0.34261124	      0.11984787	      0.36967317	      0.33405848	      0.33533429	      0.31174967	      0.32211853	      0.33194606	      0.05593146	      0.07815371	      0.08086882	      0.06325637	      0.07434000	      0.05234039	      0.01820031	      0.02943583	      0.00635007	      0.19505728	      0.11020672	      0.10645950	      0.30375696	      0.07003248	      0.11405001	      0.53006961	      0.14041499	      0.32131016	      0.36862129	      0.23640682	      0.51632961	      0.24047814	      0.23876680	      0.28840217	      0.30561272	      0.28208790	      0.03911321	      0.10575662	      0.09102516	      0.34493866	      0.04959813	      0.04564312	      0.37905291	      0.11246696	      0.35522457	      0.31619940	      0.35560173	      0.33591848	      0.38717317	      0.40103896	      0.05454758	      0.07551869	      0.07745989	      0.06230423	      0.07301243	      0.05121347	      0.01767033	      0.02848888	      0.01444105	      0.18143239	      0.10774376	      0.11822275	      0.32479937	      0.07988350	      0.11187527	      0.42971847	      0.13318945	      0.35441550	      0.41712720	      0.27898971	      0.42051404	      0.21587089	      0.25694206	      0.25315693	      0.27000085	      0.24764267
      4.08000000	      0.04146075	      0.15835721	      0.10039006	      0.32976595	      0.05412171	      0.04775336	      0.34255302	      0.11984787	      0.36970090	      0.33408809	      0.33532577	      0.31173609	      0.32209682	      0.33193431	      0.05593146	      0.07815371	      0.08086882	      0.06325637	      0.07434000	      0.05234039	      0.01820031	      0.02943583	      0.00632713	      0.19505728	      0.11020672	      0.10645341	      0.30374820	      0.06996773	      0.11405001	      0.53009881	      0.14041499	      0.32127137	      0.36858018	      0.23637222	      0.51639103	      0.24051063	      0.23875768	      0.28838289	      0.30559460	      0.28206955	      0.03911321	      0.10566243	      0.09102516	      0.34506156	      0.04959813	      0.04564312	      0.37906975	      0.11246696	      0.35519043	      0.31616289	      0.35560443	      0.33592571	      0.38712281	      0.40097506	      0.05454758	      0.07551869	      0.07745989	      0.06230423	      0.07301243	      0.05121347	      0.01767033	      0.02848888	      0.01449347	      0.18143239	      0.10774376	      0.11822607	      0.32480535	      0.07995210	      0.11187527	      0.42968470	      0.13318945	      0.35439093	      0.41709733	      0.27901597	      0.42034210	      0.21583045	      0.25694606	      0.25323806	      0.27007338	      0.24771697
      4.08500000	      0.04146075	      0.15844818	      0.10039006	      0.32973061	      0.05412171	      0.04775336	      0.34250081	      0.11984787	      0.36972916	      0.33411827	      0.33531708	      0.31172224	      0.32207293	      0.33191937	      0.05593146	      0.07815371	      0.08086882	      0.06325637	      0.07434000	      0.05234039	      0.01820031	      0.02943583	      0.00630375	      0.19505728	      0.11020672	      0.10644719	      0.30373926	      0.06990844	      0.11405001	      0.53012525	      0.14041499	      0.32123617	      0.36854324	      0.23633694	      0.51644311	      0.24054375	      0.23874837	      0.28836588	      0.30557861	      0.28205335	      0.03911321	      0.10557060	      0.09102516	      0.34518525	      0.04959813	      0.04564312	      0.37908661	      0.11246696	      0.35515338	      0.31612328	      0.35560736	      0.33593355	      0.38707454	      0.40091310	      0.05454758	      0.07551869	      0.07745989	      0.06230423	      0.07301243	      0.05121347	      0.01767033	      0.02848888	      0.01454433	      0.18143239	      0.10774376	      0.11822967	      0.32481184	      0.08001987	      0.11187527	      0.42965068	      0.13318945	      0.35436609	      0.41706735	      0.27904445	      0.42016679	      0.21578658	      0.25695038	      0.25331944	      0.27014608	      0.24779148
      4.09000000	      0.04146075	      0.15853221	      0.10039006	      0.32970019	      0.05412171	      0.04775336	      0.34245489	      0.11984787	      0.36975801	      0.33414907	      0.33530820	      0.31170809	      0.32204674	      0.33190108	      0.05593146	      0.07815371	      0.08086882	      0.06325637	      0.07434000	      0.05234039	      0.01820031	      0.02943583	      0.00628059	      0.19505728	      0.11020672	      0.10644084	      0.30373013	      0.06985526	      0.11405001	      0.53014874	      0.14041499	      0.32120480	      0.36851065	      0.23630092	      0.51648607	      0.24057755	      0.23873887	      0.28835121	      0.30556482	      0.28203938	      0.03911321	      0.10548210	      0.09102516	      0.34531037	      0.04959813	      0.04564312	      0.37910385	      0.11246696	      0.35511337	      0.31608050	      0.35561051	      0.33594200	      0.38702841	      0.40085314	      0.05454758	      0.07551869	      0.07745989	      0.06230423	      0.07301243	      0.05121347	      0.01767033	      0.02848888	      0.01459346	      0.18143239	      0.10774376	      0.11823355	      0.32481883	      0.08008658	      0.11187527	      0.42961602	      0.13318945	      0.35434136	      0.41703779	      0.27907517	      0.41998747	      0.21573920	      0.25695505	      0.25340107	      0.27021894	      0.24786620
      4.09500000	      0.04146075	      0.15860810	      0.10039006	      0.32967468	      0.05412171	      0.04775336	      0.34241547	      0.11984787	      0.36978752	      0.33418056	      0.33529911	      0.31169361	      0.32201813	      0.33187928	      0.05593146	      0.07815371	      0.08086882	      0.06325637	      0.07434000	      0.05234039	      0.01820031	      0.02943583	      0.00625824	      0.19505728	      0.11020672	      0.10643434	      0.30372079	      0.06980874	      0.11405001	      0.53016917	      0.14041499	      0.32117744	      0.36848253	      0.23626408	      0.51652019	      0.24061211	      0.23872914	      0.28833893	      0.30555327	      0.28202769	      0.03911321	      0.10539786	      0.09102516	      0.34543743	      0.04959813	      0.04564312	      0.37912175	      0.11246696	      0.35507036	      0.31603451	      0.35561388	      0.33595106	      0.38698445	      0.40079521	      0.05454758	      0.07551869	      0.07745989	      0.06230423	      0.07301243	      0.05121347	      0.01767033	      0.02848888	      0.01464071	      0.18143239	      0.10774376	      0.11823771	      0.32482635	      0.08015203	      0.11187527	      0.42958042	      0.13318945	      0.35431702	      0.41700908	      0.27910817	      0.41980366	      0.21568828	      0.25696005	      0.25348295	      0.27029197	      0.24794112
      4.10000000	      0.04146075	      0.15867482	      0.10039006	      0.32965402	      0.05412171	      0.04775336	      0.34238270	      0.11984787	      0.36981776	      0.33421285	      0.33528978	      0.31167876	      0.32198695	      0.33185385	      0.05593146	      0.07815371	      0.08086882	      0.06325637	      0.07434000	      0.05234039	      0.01820031	      0.02943583	      0.00623721	      0.19505728	      0.11020672	      0.10642768	      0.30371121	      0.06976933	      0.11405001	      0.53018645	      0.14041499	      0.32115424	      0.36845895	      0.23622630	      0.51654575	      0.24064753	      0.23871916	      0.28832905	      0.30554398	      0.28201828	      0.03911321	      0.10531870	      0.09102516	      0.34556685	      0.04959813	      0.04564312	      0.37914050	      0.11246696	      0.35502433	      0.31598530	      0.35561748	      0.33596075	      0.38694269	      0.40073931	      0.05454758	      0.07551869	      0.07745989	      0.06230423	      0.07301243	      0.05121347	      0.01767033	      0.02848888	      0.01468596	      0.18143239	      0.10774376	      0.11824216	      0.32483438	      0.08021606	      0.11187527	      0.42954367	      0.13318945	      0.35429331	      0.41698157	      0.27914344	      0.41961505	      0.21563380	      0.25696539	      0.25356506	      0.27036514	      0.24801623
      4.10500000	      0.04146075	      0.15873158	      0.10039006	      0.32963814	      0.05412171	      0.04775336	      0.34235668	      0.11984787	      0.36984884	      0.33424602	      0.33528019	      0.31166348	      0.32195309	      0.33182465	      0.05593146	      0.07815371	      0.08086882	      0.06325637	      0.07434000	      0.05234039	      0.01820031	      0.02943583	      0.00621794	      0.19505728	      0.11020672	      0.10642083	      0.30370136	      0.06973738	      0.11405001	      0.53020050	      0.14041499	      0.32113530	      0.36843996	      0.23618746	      0.51656304	      0.24068393	      0.23870890	      0.28832158	      0.30553696	      0.28201116	      0.03911321	      0.10524536	      0.09102516	      0.34569893	      0.04959813	      0.04564312	      0.37916023	      0.11246696	      0.35497531	      0.31593289	      0.35562130	      0.33597105	      0.38690312	      0.40068547	      0.05454758	      0.07551869	      0.07745989	      0.06230423	      0.07301243	      0.05121347	      0.01767033	      0.02848888	      0.01472911	      0.18143239	      0.10774376	      0.11824689	      0.32484293	      0.08027847	      0.11187527	      0.42950562	      0.13318945	      0.35427040	      0.41695550	      0.27918097	      0.41942153	      0.21557578	      0.25697106	      0.25364737	      0.27043843	      0.24809151
      4.11000000	      0.04146075	      0.15877780	      0.10039006	      0.32962698	      0.05412171	      0.04775336	      0.34233747	      0.11984787	      0.36988085	      0.33428020	      0.33527030	      0.31164774	      0.32191643	      0.33179158	      0.05593146	      0.07815371	      0.08086882	      0.06325637	      0.07434000	      0.05234039	      0.01820031	      0.02943583	      0.00620072	      0.19505728	      0.11020672	      0.10641376	      0.30369120	      0.06971312	      0.11405001	      0.53021129	      0.14041499	      0.32112068	      0.36842560	      0.23614744	      0.51657232	      0.24072142	      0.23869831	      0.28831649	      0.30553217	      0.28200632	      0.03911321	      0.10517848	      0.09102516	      0.34583386	      0.04959813	      0.04564312	      0.37918099	      0.11246696	      0.35492334	      0.31587733	      0.35562533	      0.33598196	      0.38686572	      0.40063366	      0.05454758	      0.07551869	      0.07745989	      0.06230423	      0.07301243	      0.05121347	      0.01767033	      0.02848888	      0.01477013	      0.18143239	      0.10774376	      0.11825190	      0.32485199	      0.08033913	      0.11187527	      0.42946617	      0.13318945	      0.35424840	      0.41693105	      0.27922072	      0.41922315	      0.21551428	      0.25697706	      0.25372986	      0.27051182	      0.24816693
      4.11500000	      0.04146075	      0.15881314	      0.10039006	      0.32962045	      0.05412171	      0.04775336	      0.34232507	      0.11984787	      0.36991391	      0.33431549	      0.33526007	      0.31163146	      0.32187685	      0.33175456	      0.05593146	      0.07815371	      0.08086882	      0.06325637	      0.07434000	      0.05234039	      0.01820031	      0.02943583	      0.00618576	      0.19505728	      0.11020672	      0.10640646	      0.30368071	      0.06969666	      0.11405001	      0.53021876	      0.14041499	      0.32111042	      0.36841589	      0.23610610	      0.51657378	      0.24076013	      0.23868738	      0.28831374	      0.30552959	      0.28200370	      0.03911321	      0.10511857	      0.09102516	      0.34597172	      0.04959813	      0.04564312	      0.37920276	      0.11246696	      0.35486850	      0.31581871	      0.35562957	      0.33599344	      0.38683047	      0.40058387	      0.05454758	      0.07551869	      0.07745989	      0.06230423	      0.07301243	      0.05121347	      0.01767033	      0.02848888	      0.01480902	      0.18143239	      0.10774376	      0.11825717	      0.32486153	      0.08039792	      0.11187527	      0.42942534	      0.13318945	      0.35422736	      0.41690830	      0.27926260	      0.41902017	      0.21544939	      0.25698337	      0.25381248	      0.27058525	      0.24824244
      4.12000000	      0.04146075	      0.15883752	      0.10039006	      0.32961853	      0.05412171	      0.04775336	      0.34231951	      0.11984787	      0.36994810	      0.33435199	      0.33524949	      0.31161462	      0.32183428	      0.33171355	      0.05593146	      0.07815371	      0.08086882	      0.06325637	      0.07434000	      0.05234039	      0.01820031	      0.02943583	      0.00617315	      0.19505728	      0.11020672	      0.10639890	      0.30366985	      0.06968802	      0.11405001	      0.53022290	      0.14041499	      0.32110457	      0.36841085	      0.23606333	      0.51656757	      0.24080017	      0.23867606	      0.28831327	      0.30552915	      0.28200326	      0.03911321	      0.10506606	      0.09102516	      0.34611249	      0.04959813	      0.04564312	      0.37922546	      0.11246696	      0.35481092	      0.31575716	      0.35563399	      0.33600547	      0.38679730	      0.40053604	      0.05454758	      0.07551869	      0.07745989	      0.06230423	      0.07301243	      0.05121347	      0.01767033	      0.02848888	      0.01484581	      0.18143239	      0.10774376	      0.11826269	      0.32487154	      0.08045474	      0.11187527	      0.42938315	      0.13318945	      0.35420728	      0.41688728	      0.27930653	      0.41881299	      0.21538127	      0.25698998	      0.25389516	      0.27065869	      0.24831799
      4.12500000	      0.04146075	      0.15885107	      0.10039006	      0.32962119	      0.05412171	      0.04775336	      0.34232076	      0.11984787	      0.36998351	      0.33438978	      0.33523851	      0.31159716	      0.32178868	      0.33166853	      0.05593146	      0.07815371	      0.08086882	      0.06325637	      0.07434000	      0.05234039	      0.01820031	      0.02943583	      0.00616285	      0.19505728	      0.11020672	      0.10639107	      0.30365860	      0.06968708	      0.11405001	      0.53022366	      0.14041499	      0.32110314	      0.36841053	      0.23601902	      0.51655374	      0.24084161	      0.23866432	      0.28831501	      0.30553078	      0.28200491	      0.03911321	      0.10502125	      0.09102516	      0.34625607	      0.04959813	      0.04564312	      0.37924896	      0.11246696	      0.35475075	      0.31569284	      0.35563860	      0.33601801	      0.38676615	      0.40049011	      0.05454758	      0.07551869	      0.07745989	      0.06230423	      0.07301243	      0.05121347	      0.01767033	      0.02848888	      0.01488061	      0.18143239	      0.10774376	      0.11826845	      0.32488198	      0.08050952	      0.11187527	      0.42933972	      0.13318945	      0.35418812	      0.41686793	      0.27935237	      0.41860223	      0.21531010	      0.25699687	      0.25397784	      0.27073206	      0.24839352
      4.13000000	      0.04146075	      0.15885416	      0.10039006	      0.32962845	      0.05412171	      0.04775336	      0.34232881	      0.11984787	      0.37002016	      0.33442891	      0.33522714	      0.31157907	      0.32174005	      0.33161955	      0.05593146	      0.07815371	      0.08086882	      0.06325637	      0.07434000	      0.05234039	      0.01820031	      0.02943583	      0.00615473	      0.19505728	      0.11020672	      0.10638295	      0.30364695	      0.06969365	      0.11405001	      0.53022102	      0.14041499	      0.32110613	      0.36841498	      0.23597314	      0.51653230	      0.24088452	      0.23865216	      0.28831887	      0.30553441	      0.28200859	      0.03911321	      0.10498435	      0.09102516	      0.34640227	      0.04959813	      0.04564312	      0.37927306	      0.11246696	      0.35468819	      0.31562598	      0.35564336	      0.33603102	      0.38673691	      0.40044599	      0.05454758	      0.07551869	      0.07745989	      0.06230423	      0.07301243	      0.05121347	      0.01767033	      0.02848888	      0.01491356	      0.18143239	      0.10774376	      0.11827443	      0.32489282	      0.08056222	      0.11187527	      0.42929520	      0.13318945	      0.35416981	      0.41685015	      0.27939996	      0.41838862	      0.21523613	      0.25700400	      0.25406045	      0.27080530	      0.24846896
      4.13500000	      0.04146075	      0.15884736	      0.10039006	      0.32964036	      0.05412171	      0.04775336	      0.34234362	      0.11984787	      0.37005808	      0.33446938	      0.33521536	      0.31156034	      0.32168846	      0.33156673	      0.05593146	      0.07815371	      0.08086882	      0.06325637	      0.07434000	      0.05234039	      0.01820031	      0.02943583	      0.00614855	      0.19505728	      0.11020672	      0.10637455	      0.30363488	      0.06970741	      0.11405001	      0.53021493	      0.14041499	      0.32111358	      0.36842425	      0.23592566	      0.51650315	      0.24092890	      0.23863957	      0.28832475	      0.30553993	      0.28201418	      0.03911321	      0.10495548	      0.09102516	      0.34655082	      0.04959813	      0.04564312	      0.37929757	      0.11246696	      0.35462351	      0.31555685	      0.35564825	      0.33604445	      0.38670946	      0.40040357	      0.05454758	      0.07551869	      0.07745989	      0.06230423	      0.07301243	      0.05121347	      0.01767033	      0.02848888	      0.01494484	      0.18143239	      0.10774376	      0.11828060	      0.32490402	      0.08061282	      0.11187527	      0.42924978	      0.13318945	      0.35415224	      0.41683381	      0.27944910	      0.41817305	      0.21515965	      0.25701135	      0.25414288	      0.27087833	      0.24854422
      4.14000000	      0.04146075	      0.15883140	      0.10039006	      0.32965701	      0.05412171	      0.04775336	      0.34236518	      0.11984787	      0.37009721	      0.33451115	      0.33520318	      0.31154100	      0.32163404	      0.33151025	      0.05593146	      0.07815371	      0.08086882	      0.06325637	      0.07434000	      0.05234039	      0.01820031	      0.02943583	      0.00614400	      0.19505728	      0.11020672	      0.10636587	      0.30362242	      0.06972796	      0.11405001	      0.53020533	      0.14041499	      0.32112549	      0.36843844	      0.23587663	      0.51646616	      0.24097470	      0.23862656	      0.28833252	      0.30554725	      0.28202159	      0.03911321	      0.10493466	      0.09102516	      0.34670142	      0.04959813	      0.04564312	      0.37932223	      0.11246696	      0.35455699	      0.31548575	      0.35565326	      0.33605822	      0.38668362	      0.40036270	      0.05454758	      0.07551869	      0.07745989	      0.06230423	      0.07301243	      0.05121347	      0.01767033	      0.02848888	      0.01497468	      0.18143239	      0.10774376	      0.11828692	      0.32491552	      0.08066134	      0.11187527	      0.42920364	      0.13318945	      0.35413529	      0.41681874	      0.27949957	      0.41795649	      0.21508101	      0.25701889	      0.25422505	      0.27095105	      0.24861921
      4.14500000	      0.04146075	      0.15880715	      0.10039006	      0.32967852	      0.05412171	      0.04775336	      0.34239347	      0.11984787	      0.37013746	      0.33455412	      0.33519065	      0.31152107	      0.32157699	      0.33145037	      0.05593146	      0.07815371	      0.08086882	      0.06325637	      0.07434000	      0.05234039	      0.01820031	      0.02943583	      0.00614070	      0.19505728	      0.11020672	      0.10635693	      0.30360959	      0.06975484	      0.11405001	      0.53019216	      0.14041499	      0.32114190	      0.36845767	      0.23582617	      0.51642116	      0.24102181	      0.23861316	      0.28834208	      0.30555623	      0.28203068	      0.03911321	      0.10492186	      0.09102516	      0.34685374	      0.04959813	      0.04564312	      0.37934682	      0.11246696	      0.35448897	      0.31541306	      0.35565835	      0.33607227	      0.38665921	      0.40032321	      0.05454758	      0.07551869	      0.07745989	      0.06230423	      0.07301243	      0.05121347	      0.01767033	      0.02848888	      0.01500332	      0.18143239	      0.10774376	      0.11829338	      0.32492726	      0.08070780	      0.11187527	      0.42915702	      0.13318945	      0.35411885	      0.41680477	      0.27955109	      0.41773995	      0.21500063	      0.25702657	      0.25430684	      0.27102338	      0.24869384
      4.15000000	      0.04146075	      0.15877557	      0.10039006	      0.32970507	      0.05412171	      0.04775336	      0.34242847	      0.11984787	      0.37017871	      0.33459814	      0.33517778	      0.31150064	      0.32151757	      0.33138741	      0.05593146	      0.07815371	      0.08086882	      0.06325637	      0.07434000	      0.05234039	      0.01820031	      0.02943583	      0.00613823	      0.19505728	      0.11020672	      0.10634776	      0.30359643	      0.06978751	      0.11405001	      0.53017532	      0.14041499	      0.32116286	      0.36848209	      0.23577446	      0.51636793	      0.24107007	      0.23859942	      0.28835328	      0.30556676	      0.28204135	      0.03911321	      0.10491696	      0.09102516	      0.34700745	      0.04959813	      0.04564312	      0.37937110	      0.11246696	      0.35441984	      0.31533920	      0.35566350	      0.33608651	      0.38663600	      0.40028489	      0.05454758	      0.07551869	      0.07745989	      0.06230423	      0.07301243	      0.05121347	      0.01767033	      0.02848888	      0.01503104	      0.18143239	      0.10774376	      0.11829992	      0.32493917	      0.08075228	      0.11187527	      0.42911011	      0.13318945	      0.35410280	      0.41679173	      0.27960337	      0.41752446	      0.21491895	      0.25703435	      0.25438815	      0.27109523	      0.24876801
      4.15500000	      0.04146075	      0.15873765	      0.10039006	      0.32973685	      0.05412171	      0.04775336	      0.34247019	      0.11984787	      0.37022077	      0.33464303	      0.33516465	      0.31147978	      0.32145612	      0.33132175	      0.05593146	      0.07815371	      0.08086882	      0.06325637	      0.07434000	      0.05234039	      0.01820031	      0.02943583	      0.00613619	      0.19505728	      0.11020672	      0.10633841	      0.30358300	      0.06982541	      0.11405001	      0.53015472	      0.14041499	      0.32118844	      0.36851186	      0.23572170	      0.51630628	      0.24111927	      0.23858539	      0.28836598	      0.30557870	      0.28205344	      0.03911321	      0.10491982	      0.09102516	      0.34716220	      0.04959813	      0.04564312	      0.37939487	      0.11246696	      0.35435002	      0.31526459	      0.35566866	      0.33610086	      0.38661374	      0.40024753	      0.05454758	      0.07551869	      0.07745989	      0.06230423	      0.07301243	      0.05121347	      0.01767033	      0.02848888	      0.01505810	      0.18143239	      0.10774376	      0.11830651	      0.32495118	      0.08079483	      0.11187527	      0.42906310	      0.13318945	      0.35408705	      0.41677947	      0.27965609	      0.41731103	      0.21483647	      0.25704217	      0.25446887	      0.27116648	      0.24884162
      4.16000000	      0.04146075	      0.15869441	      0.10039006	      0.32977409	      0.05412171	      0.04775336	      0.34251866	      0.11984787	      0.37026344	      0.33468857	      0.33515131	      0.31145860	      0.32139298	      0.33125382	      0.05593146	      0.07815371	      0.08086882	      0.06325637	      0.07434000	      0.05234039	      0.01820031	      0.02943583	      0.00613417	      0.19505728	      0.11020672	      0.10632891	      0.30356937	      0.06986791	      0.11405001	      0.53013020	      0.14041499	      0.32121875	      0.36854722	      0.23566815	      0.51623600	      0.24116919	      0.23857114	      0.28838003	      0.30559191	      0.28206682	      0.03911321	      0.10493021	      0.09102516	      0.34731768	      0.04959813	      0.04564312	      0.37941796	      0.11246696	      0.35427996	      0.31518973	      0.35567382	      0.33611522	      0.38659218	      0.40021088	      0.05454758	      0.07551869	      0.07745989	      0.06230423	      0.07301243	      0.05121347	      0.01767033	      0.02848888	      0.01508477	      0.18143239	      0.10774376	      0.11831311	      0.32496322	      0.08083555	      0.11187527	      0.42901616	      0.13318945	      0.35407155	      0.41676789	      0.27970891	      0.41710056	      0.21475372	      0.25705000	      0.25454889	      0.27123706	      0.24891457
      4.16500000	      0.04146075	      0.15864679	      0.10039006	      0.32981706	      0.05412171	      0.04775336	      0.34257392	      0.11984787	      0.37030649	      0.33473452	      0.33513782	      0.31143720	      0.32132856	      0.33118406	      0.05593146	      0.07815371	      0.08086882	      0.06325637	      0.07434000	      0.05234039	      0.01820031	      0.02943583	      0.00613180	      0.19505728	      0.11020672	      0.10631931	      0.30355561	      0.06991441	      0.11405001	      0.53010161	      0.14041499	      0.32125392	      0.36858841	      0.23561409	      0.51615693	      0.24121955	      0.23855674	      0.28839528	      0.30560624	      0.28208134	      0.03911321	      0.10494791	      0.09102516	      0.34747361	      0.04959813	      0.04564312	      0.37944026	      0.11246696	      0.35421010	      0.31511510	      0.35567892	      0.33612950	      0.38657102	      0.40017467	      0.05454758	      0.07551869	      0.07745989	      0.06230423	      0.07301243	      0.05121347	      0.01767033	      0.02848888	      0.01511130	      0.18143239	      0.10774376	      0.11831967	      0.32497521	      0.08087452	      0.11187527	      0.42896939	      0.13318945	      0.35405625	      0.41675691	      0.27976149	      0.41689385	      0.21467123	      0.25705777	      0.25462811	      0.27130687	      0.24898676
      4.17000000	      0.04146075	      0.15859569	      0.10039006	      0.32986604	      0.05412171	      0.04775336	      0.34263603	      0.11984787	      0.37034972	      0.33478065	      0.33512427	      0.31141570	      0.32126325	      0.33111296	      0.05593146	      0.07815371	      0.08086882	      0.06325637	      0.07434000	      0.05234039	      0.01820031	      0.02943583	      0.00612879	      0.19505728	      0.11020672	      0.10630966	      0.30354177	      0.06996426	      0.11405001	      0.53006876	      0.14041499	      0.32129413	      0.36863573	      0.23555980	      0.51606897	      0.24127009	      0.23854228	      0.28841155	      0.30562154	      0.28209683	      0.03911321	      0.10497261	      0.09102516	      0.34762976	      0.04959813	      0.04564312	      0.37946170	      0.11246696	      0.35414092	      0.31504119	      0.35568395	      0.33614361	      0.38654999	      0.40013864	      0.05454758	      0.07551869	      0.07745989	      0.06230423	      0.07301243	      0.05121347	      0.01767033	      0.02848888	      0.01513791	      0.18143239	      0.10774376	      0.11832616	      0.32498706	      0.08091186	      0.11187527	      0.42892288	      0.13318945	      0.35404117	      0.41674651	      0.27981349	      0.41669154	      0.21458955	      0.25706544	      0.25470641	      0.27137582	      0.24905810
      4.17500000	      0.04146075	      0.15854186	      0.10039006	      0.32992132	      0.05412171	      0.04775336	      0.34270507	      0.11984787	      0.37039288	      0.33482672	      0.33511072	      0.31139420	      0.32119745	      0.33104097	      0.05593146	      0.07815371	      0.08086882	      0.06325637	      0.07434000	      0.05234039	      0.01820031	      0.02943583	      0.00612492	      0.19505728	      0.11020672	      0.10630002	      0.30352795	      0.07001686	      0.11405001	      0.53003142	      0.14041499	      0.32133957	      0.36868947	      0.23550556	      0.51597211	      0.24132056	      0.23852781	      0.28842868	      0.30563765	      0.28211314	      0.03911321	      0.10500402	      0.09102516	      0.34778594	      0.04959813	      0.04564312	      0.37948228	      0.11246696	      0.35407285	      0.31496848	      0.35568887	      0.33615745	      0.38652879	      0.40010253	      0.05454758	      0.07551869	      0.07745989	      0.06230423	      0.07301243	      0.05121347	      0.01767033	      0.02848888	      0.01516478	      0.18143239	      0.10774376	      0.11833252	      0.32499870	      0.08094767	      0.11187527	      0.42887666	      0.13318945	      0.35402636	      0.41673673	      0.27986456	      0.41649409	      0.21450922	      0.25707296	      0.25478372	      0.27144383	      0.24912851
      4.18000000	      0.04146075	      0.15848593	      0.10039006	      0.32998318	      0.05412171	      0.04775336	      0.34278111	      0.11984787	      0.37043576	      0.33487248	      0.33509724	      0.31137283	      0.32113156	      0.33096859	      0.05593146	      0.07815371	      0.08086882	      0.06325637	      0.07434000	      0.05234039	      0.01820031	      0.02943583	      0.00612007	      0.19505728	      0.11020672	      0.10629044	      0.30351420	      0.07007160	      0.11405001	      0.52998939	      0.14041499	      0.32139046	      0.36874997	      0.23545165	      0.51586643	      0.24137070	      0.23851343	      0.28844648	      0.30565438	      0.28213009	      0.03911321	      0.10504180	      0.09102516	      0.34794199	      0.04959813	      0.04564312	      0.37950205	      0.11246696	      0.35400635	      0.31489744	      0.35569364	      0.33617094	      0.38650714	      0.40006607	      0.05454758	      0.07551869	      0.07745989	      0.06230423	      0.07301243	      0.05121347	      0.01767033	      0.02848888	      0.01519204	      0.18143239	      0.10774376	      0.11833872	      0.32501006	      0.08098206	      0.11187527	      0.42883071	      0.13318945	      0.35401189	      0.41672762	      0.27991439	      0.41630178	      0.21443075	      0.25708027	      0.25485995	      0.27151083	      0.24919792
      4.18500000	      0.04146075	      0.15842838	      0.10039006	      0.33005189	      0.05412171	      0.04775336	      0.34286421	      0.11984787	      0.37047815	      0.33491772	      0.33508389	      0.31135167	      0.32106598	      0.33089626	      0.05593146	      0.07815371	      0.08086882	      0.06325637	      0.07434000	      0.05234039	      0.01820031	      0.02943583	      0.00611422	      0.19505728	      0.11020672	      0.10628095	      0.30350060	      0.07012790	      0.11405001	      0.52994242	      0.14041499	      0.32144704	      0.36881754	      0.23539833	      0.51575213	      0.24142026	      0.23849918	      0.28846476	      0.30567158	      0.28214750	      0.03911321	      0.10508559	      0.09102516	      0.34809783	      0.04959813	      0.04564312	      0.37952112	      0.11246696	      0.35394182	      0.31482852	      0.35569825	      0.33618400	      0.38648479	      0.40002903	      0.05454758	      0.07551869	      0.07745989	      0.06230423	      0.07301243	      0.05121347	      0.01767033	      0.02848888	      0.01521978	      0.18143239	      0.10774376	      0.11834472	      0.32502107	      0.08101513	      0.11187527	      0.42878497	      0.13318945	      0.35399788	      0.41671932	      0.27996266	      0.41611469	      0.21435462	      0.25708735	      0.25493502	      0.27157676	      0.24926626
      4.19000000	      0.04146075	      0.15836953	      0.10039006	      0.33012766	      0.05412171	      0.04775336	      0.34295442	      0.11984787	      0.37051989	      0.33496226	      0.33507073	      0.31133082	      0.32100105	      0.33082444	      0.05593146	      0.07815371	      0.08086882	      0.06325637	      0.07434000	      0.05234039	      0.01820031	      0.02943583	      0.00610746	      0.19505728	      0.11020672	      0.10627160	      0.30348720	      0.07018525	      0.11405001	      0.52989030	      0.14041499	      0.32150953	      0.36889248	      0.23534582	      0.51562955	      0.24146904	      0.23848515	      0.28848335	      0.30568905	      0.28216519	      0.03911321	      0.10513500	      0.09102516	      0.34825340	      0.04959813	      0.04564312	      0.37953964	      0.11246696	      0.35387963	      0.31476210	      0.35570267	      0.33619656	      0.38646150	      0.39999117	      0.05454758	      0.07551869	      0.07745989	      0.06230423	      0.07301243	      0.05121347	      0.01767033	      0.02848888	      0.01524803	      0.18143239	      0.10774376	      0.11835049	      0.32503166	      0.08104698	      0.11187527	      0.42873935	      0.13318945	      0.35398447	      0.41671197	      0.28000912	      0.41593271	      0.21428126	      0.25709415	      0.25500887	      0.27164157	      0.24933347
      4.19500000	      0.04146075	      0.15830956	      0.10039006	      0.33021068	      0.05412171	      0.04775336	      0.34305175	      0.11984787	      0.37056079	      0.33500591	      0.33505782	      0.31131036	      0.32093711	      0.33075353	      0.05593146	      0.07815371	      0.08086882	      0.06325637	      0.07434000	      0.05234039	      0.01820031	      0.02943583	      0.00610000	      0.19505728	      0.11020672	      0.10626242	      0.30347406	      0.07024313	      0.11405001	      0.52983280	      0.14041499	      0.32157815	      0.36897506	      0.23529432	      0.51549914	      0.24151685	      0.23847138	      0.28850203	      0.30570663	      0.28218299	      0.03911321	      0.10518962	      0.09102516	      0.34840866	      0.04959813	      0.04564312	      0.37955779	      0.11246696	      0.35382011	      0.31469853	      0.35570687	      0.33620855	      0.38643705	      0.39995229	      0.05454758	      0.07551869	      0.07745989	      0.06230423	      0.07301243	      0.05121347	      0.01767033	      0.02848888	      0.01527679	      0.18143239	      0.10774376	      0.11835601	      0.32504178	      0.08107771	      0.11187527	      0.42869373	      0.13318945	      0.35397181	      0.41670573	      0.28005352	      0.41575558	      0.21421107	      0.25710063	      0.25508145	      0.27170521	      0.24939951
      4.20000000	      0.04146075	      0.15824848	      0.10039006	      0.33030104	      0.05412171	      0.04775336	      0.34315617	      0.11984787	      0.37060073	      0.33504854	      0.33504519	      0.31129037	      0.32087447	      0.33068393	      0.05593146	      0.07815371	      0.08086882	      0.06325637	      0.07434000	      0.05234039	      0.01820031	      0.02943583	      0.00609211	      0.19505728	      0.11020672	      0.10625346	      0.30346121	      0.07030110	      0.11405001	      0.52976975	      0.14041499	      0.32165310	      0.36906550	      0.23524402	      0.51536150	      0.24156352	      0.23845792	      0.28852063	      0.30572411	      0.28220069	      0.03911321	      0.10524902	      0.09102516	      0.34856358	      0.04959813	      0.04564312	      0.37957578	      0.11246696	      0.35376353	      0.31463811	      0.35571084	      0.33621993	      0.38641126	      0.39991224	      0.05454758	      0.07551869	      0.07745989	      0.06230423	      0.07301243	      0.05121347	      0.01767033	      0.02848888	      0.01530598	      0.18143239	      0.10774376	      0.11836124	      0.32505140	      0.08110740	      0.11187527	      0.42864798	      0.13318945	      0.35396006	      0.41670078	      0.28009567	      0.41558291	      0.21414436	      0.25710678	      0.25515273	      0.27176766	      0.24946434
      4.20500000	      0.04146075	      0.15818623	      0.10039006	      0.33039880	      0.05412171	      0.04775336	      0.34326759	      0.11984787	      0.37063960	      0.33509001	      0.33503289	      0.31127090	      0.32081340	      0.33061600	      0.05593146	      0.07815371	      0.08086882	      0.06325637	      0.07434000	      0.05234039	      0.01820031	      0.02943583	      0.00608416	      0.19505728	      0.11020672	      0.10624473	      0.30344871	      0.07035876	      0.11405001	      0.52970101	      0.14041499	      0.32173450	      0.36916395	      0.23519506	      0.51521733	      0.24160893	      0.23844481	      0.28853893	      0.30574133	      0.28221812	      0.03911321	      0.10531274	      0.09102516	      0.34871815	      0.04959813	      0.04564312	      0.37959383	      0.11246696	      0.35371012	      0.31458107	      0.35571458	      0.33623064	      0.38638400	      0.39987088	      0.05454758	      0.07551869	      0.07745989	      0.06230423	      0.07301243	      0.05121347	      0.01767033	      0.02848888	      0.01533552	      0.18143239	      0.10774376	      0.11836616	      0.32506046	      0.08113615	      0.11187527	      0.42860197	      0.13318945	      0.35394938	      0.41669730	      0.28013542	      0.41541420	      0.21408139	      0.25711256	      0.25522267	      0.27182888	      0.24952793
      4.21000000	      0.04146075	      0.15812265	      0.10039006	      0.33050389	      0.05412171	      0.04775336	      0.34338585	      0.11984787	      0.37067728	      0.33513022	      0.33502095	      0.31125200	      0.32075414	      0.33055005	      0.05593146	      0.07815371	      0.08086882	      0.06325637	      0.07434000	      0.05234039	      0.01820031	      0.02943583	      0.00607657	      0.19505728	      0.11020672	      0.10623625	      0.30343657	      0.07041574	      0.11405001	      0.52962648	      0.14041499	      0.32182246	      0.36927049	      0.23514756	      0.51506745	      0.24165296	      0.23843208	      0.28855677	      0.30575810	      0.28223509	      0.03911321	      0.10538030	      0.09102516	      0.34887235	      0.04959813	      0.04564312	      0.37961214	      0.11246696	      0.35366002	      0.31452758	      0.35571806	      0.33624067	      0.38635516	      0.39982812	      0.05454758	      0.07551869	      0.07745989	      0.06230423	      0.07301243	      0.05121347	      0.01767033	      0.02848888	      0.01536529	      0.18143239	      0.10774376	      0.11837078	      0.32506895	      0.08116402	      0.11187527	      0.42855556	      0.13318945	      0.35393989	      0.41669543	      0.28017265	      0.41524888	      0.21402235	      0.25711797	      0.25529124	      0.27188887	      0.24959027
      4.21500000	      0.04146075	      0.15805751	      0.10039006	      0.33061617	      0.05412171	      0.04775336	      0.34351074	      0.11984787	      0.37071372	      0.33516910	      0.33500939	      0.31123371	      0.32069692	      0.33048639	      0.05593146	      0.07815371	      0.08086882	      0.06325637	      0.07434000	      0.05234039	      0.01820031	      0.02943583	      0.00606981	      0.19505728	      0.11020672	      0.10622805	      0.30342483	      0.07047172	      0.11405001	      0.52954612	      0.14041499	      0.32191700	      0.36938510	      0.23510163	      0.51491273	      0.24169552	      0.23841976	      0.28857394	      0.30577425	      0.28225144	      0.03911321	      0.10545117	      0.09102516	      0.34902611	      0.04959813	      0.04564312	      0.37963092	      0.11246696	      0.35361335	      0.31447774	      0.35572129	      0.33625000	      0.38632470	      0.39978392	      0.05454758	      0.07551869	      0.07745989	      0.06230423	      0.07301243	      0.05121347	      0.01767033	      0.02848888	      0.01539515	      0.18143239	      0.10774376	      0.11837507	      0.32507685	      0.08119110	      0.11187527	      0.42850866	      0.13318945	      0.35393172	      0.41669530	      0.28020730	      0.41508638	      0.21396735	      0.25712299	      0.25535844	      0.27194760	      0.24965134
      4.22000000	      0.04146075	      0.15799058	      0.10039006	      0.33073546	      0.05412171	      0.04775336	      0.34364196	      0.11984787	      0.37074884	      0.33520657	      0.33499824	      0.31121606	      0.32064191	      0.33042528	      0.05593146	      0.07815371	      0.08086882	      0.06325637	      0.07434000	      0.05234039	      0.01820031	      0.02943583	      0.00606434	      0.19505728	      0.11020672	      0.10622014	      0.30341350	      0.07052640	      0.11405001	      0.52945999	      0.14041499	      0.32201805	      0.36950768	      0.23505733	      0.51475417	      0.24173654	      0.23840787	      0.28859029	      0.30578963	      0.28226701	      0.03911321	      0.10552480	      0.09102516	      0.34917935	      0.04959813	      0.04564312	      0.37965032	      0.11246696	      0.35357012	      0.31443159	      0.35572427	      0.33625863	      0.38629261	      0.39973827	      0.05454758	      0.07551869	      0.07745989	      0.06230423	      0.07301243	      0.05121347	      0.01767033	      0.02848888	      0.01542495	      0.18143239	      0.10774376	      0.11837903	      0.32508416	      0.08121746	      0.11187527	      0.42846118	      0.13318945	      0.35392495	      0.41669696	      0.28023935	      0.41492613	      0.21391642	      0.25712764	      0.25542426	      0.27200508	      0.24971114
      4.22500000	      0.04146075	      0.15792163	      0.10039006	      0.33086144	      0.05412171	      0.04775336	      0.34377914	      0.11984787	      0.37078259	      0.33524259	      0.33498751	      0.31119909	      0.32058928	      0.33036695	      0.05593146	      0.07815371	      0.08086882	      0.06325637	      0.07434000	      0.05234039	      0.01820031	      0.02943583	      0.00606065	      0.19505728	      0.11020672	      0.10621253	      0.30340261	      0.07057952	      0.11405001	      0.52936817	      0.14041499	      0.32212550	      0.36963802	      0.23501475	      0.51459277	      0.24177596	      0.23839644	      0.28860566	      0.30580408	      0.28228164	      0.03911321	      0.10560059	      0.09102516	      0.34933195	      0.04959813	      0.04564312	      0.37967046	      0.11246696	      0.35353032	      0.31438910	      0.35572701	      0.33626655	      0.38625893	      0.39969123	      0.05454758	      0.07551869	      0.07745989	      0.06230423	      0.07301243	      0.05121347	      0.01767033	      0.02848888	      0.01545453	      0.18143239	      0.10774376	      0.11838268	      0.32509089	      0.08124317	      0.11187527	      0.42841308	      0.13318945	      0.35391959	      0.41670045	      0.28026884	      0.41476759	      0.21386953	      0.25713190	      0.25548869	      0.27206130	      0.24976966
      4.23000000	      0.04146075	      0.15785044	      0.10039006	      0.33099370	      0.05412171	      0.04775336	      0.34392180	      0.11984787	      0.37081493	      0.33527710	      0.33497722	      0.31118282	      0.32053918	      0.33031162	      0.05593146	      0.07815371	      0.08086882	      0.06325637	      0.07434000	      0.05234039	      0.01820031	      0.02943583	      0.00605921	      0.19505728	      0.11020672	      0.10620523	      0.30339216	      0.07063087	      0.11405001	      0.52927085	      0.14041499	      0.32223911	      0.36977579	      0.23497393	      0.51442960	      0.24181373	      0.23838548	      0.28861990	      0.30581747	      0.28229520	      0.03911321	      0.10567792	      0.09102516	      0.34948370	      0.04959813	      0.04564312	      0.37969143	      0.11246696	      0.35349387	      0.31435017	      0.35572951	      0.33627381	      0.38622373	      0.39964287	      0.05454758	      0.07551869	      0.07745989	      0.06230423	      0.07301243	      0.05121347	      0.01767033	      0.02848888	      0.01548374	      0.18143239	      0.10774376	      0.11838601	      0.32509705	      0.08126830	      0.11187527	      0.42836439	      0.13318945	      0.35391566	      0.41670572	      0.28029583	      0.41461028	      0.21382659	      0.25713580	      0.25555173	      0.27211628	      0.24982691
      4.23500000	      0.04146075	      0.15777682	      0.10039006	      0.33113179	      0.05412171	      0.04775336	      0.34406943	      0.11984787	      0.37084582	      0.33531005	      0.33496738	      0.31116726	      0.32049175	      0.33025946	      0.05593146	      0.07815371	      0.08086882	      0.06325637	      0.07434000	      0.05234039	      0.01820031	      0.02943583	      0.00606046	      0.19505728	      0.11020672	      0.10619826	      0.30338218	      0.07068024	      0.11405001	      0.52916828	      0.14041499	      0.32235859	      0.36992059	      0.23493494	      0.51426575	      0.24184980	      0.23837500	      0.28863290	      0.30582970	      0.28230757	      0.03911321	      0.10575615	      0.09102516	      0.34963441	      0.04959813	      0.04564312	      0.37971324	      0.11246696	      0.35346061	      0.31431467	      0.35573178	      0.33628041	      0.38618714	      0.39959332	      0.05454758	      0.07551869	      0.07745989	      0.06230423	      0.07301243	      0.05121347	      0.01767033	      0.02848888	      0.01551242	      0.18143239	      0.10774376	      0.11838905	      0.32510266	      0.08129293	      0.11187527	      0.42831513	      0.13318945	      0.35391308	      0.41671265	      0.28032043	      0.41445381	      0.21378742	      0.25713935	      0.25561341	      0.27217002	      0.24988291
      4.24000000	      0.04146075	      0.15770063	      0.10039006	      0.33127514	      0.05412171	      0.04775336	      0.34422143	      0.11984787	      0.37087520	      0.33534141	      0.33495801	      0.31115245	      0.32044709	      0.33021064	      0.05593146	      0.07815371	      0.08086882	      0.06325637	      0.07434000	      0.05234039	      0.01820031	      0.02943583	      0.00606481	      0.19505728	      0.11020672	      0.10619162	      0.30337268	      0.07072746	      0.11405001	      0.52906081	      0.14041499	      0.32248354	      0.37007188	      0.23489782	      0.51410232	      0.24188411	      0.23836502	      0.28864455	      0.30584066	      0.28231866	      0.03911321	      0.10583459	      0.09102516	      0.34978378	      0.04959813	      0.04564312	      0.37973587	      0.11246696	      0.35343037	      0.31428239	      0.35573383	      0.33628641	      0.38614930	      0.39954272	      0.05454758	      0.07551869	      0.07745989	      0.06230423	      0.07301243	      0.05121347	      0.01767033	      0.02848888	      0.01554042	      0.18143239	      0.10774376	      0.11839181	      0.32510776	      0.08131710	      0.11187527	      0.42826542	      0.13318945	      0.35391177	      0.41672110	      0.28034278	      0.41429782	      0.21375180	      0.25714257	      0.25567373	      0.27222255	      0.24993765
      4.24500000	      0.04146075	      0.15762176	      0.10039006	      0.33142314	      0.05412171	      0.04775336	      0.34437713	      0.11984787	      0.37090305	      0.33537111	      0.33494912	      0.31113841	      0.32040530	      0.33016529	      0.05593146	      0.07815371	      0.08086882	      0.06325637	      0.07434000	      0.05234039	      0.01820031	      0.02943583	      0.00607263	      0.19505728	      0.11020672	      0.10618532	      0.30336368	      0.07077242	      0.11405001	      0.52894882	      0.14041499	      0.32261351	      0.37022908	      0.23486265	      0.51394040	      0.24191661	      0.23835556	      0.28865478	      0.30585028	      0.28232840	      0.03911321	      0.10591259	      0.09102516	      0.34993152	      0.04959813	      0.04564312	      0.37975926	      0.11246696	      0.35340290	      0.31425307	      0.35573570	      0.33629186	      0.38611041	      0.39949126	      0.05454758	      0.07551869	      0.07745989	      0.06230423	      0.07301243	      0.05121347	      0.01767033	      0.02848888	      0.01556761	      0.18143239	      0.10774376	      0.11839432	      0.32511238	      0.08134088	      0.11187527	      0.42821538	      0.13318945	      0.35391156	      0.41673085	      0.28036306	      0.41414207	      0.21371946	      0.25714549	      0.25573271	      0.27227387	      0.24999118
      4.25000000	      0.04146075	      0.15754015	      0.10039006	      0.33157514	      0.05412171	      0.04775336	      0.34453584	      0.11984787	      0.37092930	      0.33539912	      0.33494073	      0.31112516	      0.32036649	      0.33012353	      0.05593146	      0.07815371	      0.08086882	      0.06325637	      0.07434000	      0.05234039	      0.01820031	      0.02943583	      0.00608425	      0.19505728	      0.11020672	      0.10617938	      0.30335518	      0.07081500	      0.11405001	      0.52883278	      0.14041499	      0.32274796	      0.37039150	      0.23482948	      0.51378103	      0.24194726	      0.23834663	      0.28866354	      0.30585852	      0.28233673	      0.03911321	      0.10598947	      0.09102516	      0.35007727	      0.04959813	      0.04564312	      0.37978330	      0.11246696	      0.35337795	      0.31422643	      0.35573739	      0.33629680	      0.38607067	      0.39943916	      0.05454758	      0.07551869	      0.07745989	      0.06230423	      0.07301243	      0.05121347	      0.01767033	      0.02848888	      0.01559383	      0.18143239	      0.10774376	      0.11839659	      0.32511659	      0.08136432	      0.11187527	      0.42816519	      0.13318945	      0.35391228	      0.41674162	      0.28038149	      0.41398636	      0.21369008	      0.25714814	      0.25579040	      0.27232403	      0.25004351
      4.25500000	      0.04146075	      0.15745576	      0.10039006	      0.33173042	      0.05412171	      0.04775336	      0.34469682	      0.11984787	      0.37095392	      0.33542539	      0.33493286	      0.31111272	      0.32033071	      0.33008542	      0.05593146	      0.07815371	      0.08086882	      0.06325637	      0.07434000	      0.05234039	      0.01820031	      0.02943583	      0.00609994	      0.19505728	      0.11020672	      0.10617381	      0.30334721	      0.07085515	      0.11405001	      0.52871319	      0.14041499	      0.32288633	      0.37055841	      0.23479836	      0.51362526	      0.24197600	      0.23833825	      0.28867079	      0.30586535	      0.28234364	      0.03911321	      0.10606458	      0.09102516	      0.35022070	      0.04959813	      0.04564312	      0.37980784	      0.11246696	      0.35335520	      0.31420215	      0.35573892	      0.33630130	      0.38603030	      0.39938663	      0.05454758	      0.07551869	      0.07745989	      0.06230423	      0.07301243	      0.05121347	      0.01767033	      0.02848888	      0.01561894	      0.18143239	      0.10774376	      0.11839866	      0.32512042	      0.08138745	      0.11187527	      0.42811505	      0.13318945	      0.35391371	      0.41675312	      0.28039827	      0.41383055	      0.21366330	      0.25715056	      0.25584681	      0.27237304	      0.25009467
      4.26000000	      0.04146075	      0.15736862	      0.10039006	      0.33188827	      0.05412171	      0.04775336	      0.34485933	      0.11984787	      0.37097687	      0.33544988	      0.33492552	      0.31110113	      0.32029801	      0.33005101	      0.05593146	      0.07815371	      0.08086882	      0.06325637	      0.07434000	      0.05234039	      0.01820031	      0.02943583	      0.00611994	      0.19505728	      0.11020672	      0.10616861	      0.30333977	      0.07089282	      0.11405001	      0.52859060	      0.14041499	      0.32302800	      0.37072903	      0.23476934	      0.51347403	      0.24200278	      0.23833043	      0.28867656	      0.30587076	      0.28234913	      0.03911321	      0.10613726	      0.09102516	      0.35036142	      0.04959813	      0.04564312	      0.37983272	      0.11246696	      0.35333435	      0.31417989	      0.35574033	      0.33630542	      0.38598955	      0.39933391	      0.05454758	      0.07551869	      0.07745989	      0.06230423	      0.07301243	      0.05121347	      0.01767033	      0.02848888	      0.01564280	      0.18143239	      0.10774376	      0.11840055	      0.32512392	      0.08141031	      0.11187527	      0.42806519	      0.13318945	      0.35391562	      0.41676502	      0.28041364	      0.41367454	      0.21363875	      0.25715277	      0.25590198	      0.27242095	      0.25014471
      4.26500000	      0.04146075	      0.15727873	      0.10039006	      0.33204797	      0.05412171	      0.04775336	      0.34502263	      0.11984787	      0.37099812	      0.33547255	      0.33491871	      0.31109038	      0.32026841	      0.33002031	      0.05593146	      0.07815371	      0.08086882	      0.06325637	      0.07434000	      0.05234039	      0.01820031	      0.02943583	      0.00614442	      0.19505728	      0.11020672	      0.10616379	      0.30333288	      0.07092802	      0.11405001	      0.52846557	      0.14041499	      0.32317234	      0.37090257	      0.23474247	      0.51332824	      0.24202759	      0.23832319	      0.28868085	      0.30587480	      0.28235321	      0.03911321	      0.10620691	      0.09102516	      0.35049906	      0.04959813	      0.04564312	      0.37985776	      0.11246696	      0.35331507	      0.31415931	      0.35574163	      0.33630923	      0.38594865	      0.39928122	      0.05454758	      0.07551869	      0.07745989	      0.06230423	      0.07301243	      0.05121347	      0.01767033	      0.02848888	      0.01566528	      0.18143239	      0.10774376	      0.11840231	      0.32512717	      0.08143291	      0.11187527	      0.42801583	      0.13318945	      0.35391777	      0.41677698	      0.28042786	      0.41351827	      0.21361605	      0.25715481	      0.25595596	      0.27246779	      0.25019364
      4.27000000	      0.04146075	      0.15718618	      0.10039006	      0.33220883	      0.05412171	      0.04775336	      0.34518602	      0.11984787	      0.37101767	      0.33549341	      0.33491245	      0.31108049	      0.32024187	      0.32999325	      0.05593146	      0.07815371	      0.08086882	      0.06325637	      0.07434000	      0.05234039	      0.01820031	      0.02943583	      0.00617351	      0.19505728	      0.11020672	      0.10615936	      0.30332654	      0.07096078	      0.11405001	      0.52833868	      0.14041499	      0.32331872	      0.37107824	      0.23471774	      0.51318867	      0.24205040	      0.23831653	      0.28868372	      0.30587750	      0.28235594	      0.03911321	      0.10627297	      0.09102516	      0.35063326	      0.04959813	      0.04564312	      0.37988276	      0.11246696	      0.35329703	      0.31414006	      0.35574284	      0.33631279	      0.38590783	      0.39922882	      0.05454758	      0.07551869	      0.07745989	      0.06230423	      0.07301243	      0.05121347	      0.01767033	      0.02848888	      0.01568622	      0.18143239	      0.10774376	      0.11840394	      0.32513020	      0.08145527	      0.11187527	      0.42796722	      0.13318945	      0.35391992	      0.41678865	      0.28044115	      0.41336169	      0.21359482	      0.25715671	      0.25600878	      0.27251359	      0.25024152
      4.27500000	      0.04146075	      0.15709102	      0.10039006	      0.33237018	      0.05412171	      0.04775336	      0.34534881	      0.11984787	      0.37103553	      0.33551247	      0.33490672	      0.31107145	      0.32021833	      0.32996975	      0.05593146	      0.07815371	      0.08086882	      0.06325637	      0.07434000	      0.05234039	      0.01820031	      0.02943583	      0.00620727	      0.19505728	      0.11020672	      0.10615531	      0.30332075	      0.07099115	      0.11405001	      0.52821049	      0.14041499	      0.32346652	      0.37125527	      0.23469515	      0.51305600	      0.24207125	      0.23831043	      0.28868525	      0.30587894	      0.28235740	      0.03911321	      0.10633489	      0.09102516	      0.35076369	      0.04959813	      0.04564312	      0.37990755	      0.11246696	      0.35327992	      0.31412180	      0.35574399	      0.33631617	      0.38586733	      0.39917691	      0.05454758	      0.07551869	      0.07745989	      0.06230423	      0.07301243	      0.05121347	      0.01767033	      0.02848888	      0.01570549	      0.18143239	      0.10774376	      0.11840550	      0.32513307	      0.08147738	      0.11187527	      0.42791957	      0.13318945	      0.35392181	      0.41679972	      0.28045375	      0.41320475	      0.21357468	      0.25715852	      0.25606049	      0.27255840	      0.25028837
      4.28000000	      0.04146075	      0.15699337	      0.10039006	      0.33253143	      0.05412171	      0.04775336	      0.34551040	      0.11984787	      0.37105175	      0.33552977	      0.33490152	      0.31106324	      0.32019767	      0.32994962	      0.05593146	      0.07815371	      0.08086882	      0.06325637	      0.07434000	      0.05234039	      0.01820031	      0.02943583	      0.00624573	      0.19505728	      0.11020672	      0.10615163	      0.30331549	      0.07101923	      0.11405001	      0.52808155	      0.14041499	      0.32361514	      0.37143292	      0.23467463	      0.51293075	      0.24209017	      0.23830490	      0.28868554	      0.30587922	      0.28235768	      0.03911321	      0.10639222	      0.09102516	      0.35089002	      0.04959813	      0.04564312	      0.37993196	      0.11246696	      0.35326344	      0.31410421	      0.35574509	      0.33631942	      0.38582737	      0.39912571	      0.05454758	      0.07551869	      0.07745989	      0.06230423	      0.07301243	      0.05121347	      0.01767033	      0.02848888	      0.01572294	      0.18143239	      0.10774376	      0.11840699	      0.32513584	      0.08149925	      0.11187527	      0.42787310	      0.13318945	      0.35392322	      0.41680987	      0.28046588	      0.41304738	      0.21355529	      0.25716026	      0.25611113	      0.27260225	      0.25033424
      4.28500000	      0.04146075	      0.15689335	      0.10039006	      0.33269203	      0.05412171	      0.04775336	      0.34567024	      0.11984787	      0.37106639	      0.33554539	      0.33489682	      0.31105583	      0.32017971	      0.32993264	      0.05593146	      0.07815371	      0.08086882	      0.06325637	      0.07434000	      0.05234039	      0.01820031	      0.02943583	      0.00628883	      0.19505728	      0.11020672	      0.10614830	      0.30331073	      0.07104512	      0.11405001	      0.52795237	      0.14041499	      0.32376402	      0.37161050	      0.23465610	      0.51281333	      0.24210726	      0.23829990	      0.28868472	      0.30587845	      0.28235690	      0.03911321	      0.10644454	      0.09102516	      0.35101199	      0.04959813	      0.04564312	      0.37995581	      0.11246696	      0.35324731	      0.31408699	      0.35574617	      0.33632259	      0.38578813	      0.39907540	      0.05454758	      0.07551869	      0.07745989	      0.06230423	      0.07301243	      0.05121347	      0.01767033	      0.02848888	      0.01573844	      0.18143239	      0.10774376	      0.11840845	      0.32513855	      0.08152086	      0.11187527	      0.42782801	      0.13318945	      0.35392395	      0.41681881	      0.28047775	      0.41288953	      0.21353630	      0.25716196	      0.25616073	      0.27264518	      0.25037917
      4.29000000	      0.04146075	      0.15679109	      0.10039006	      0.33285153	      0.05412171	      0.04775336	      0.34582785	      0.11984787	      0.37107959	      0.33555947	      0.33489259	      0.31104914	      0.32016421	      0.32991850	      0.05593146	      0.07815371	      0.08086882	      0.06325637	      0.07434000	      0.05234039	      0.01820031	      0.02943583	      0.00633646	      0.19505728	      0.11020672	      0.10614531	      0.30330645	      0.07106895	      0.11405001	      0.52782345	      0.14041499	      0.32391267	      0.37178742	      0.23463940	      0.51270398	      0.24212265	      0.23829539	      0.28868294	      0.30587677	      0.28235520	      0.03911321	      0.10649152	      0.09102516	      0.35112938	      0.04959813	      0.04564312	      0.37997899	      0.11246696	      0.35323127	      0.31406987	      0.35574724	      0.33632575	      0.38574979	      0.39902617	      0.05454758	      0.07551869	      0.07745989	      0.06230423	      0.07301243	      0.05121347	      0.01767033	      0.02848888	      0.01575187	      0.18143239	      0.10774376	      0.11840991	      0.32514124	      0.08154217	      0.11187527	      0.42778446	      0.13318945	      0.35392382	      0.41682631	      0.28048955	      0.41273112	      0.21351743	      0.25716365	      0.25620935	      0.27268722	      0.25042319
      4.29500000	      0.04146075	      0.15668679	      0.10039006	      0.33300955	      0.05412171	      0.04775336	      0.34598287	      0.11984787	      0.37109149	      0.33557217	      0.33488876	      0.31104311	      0.32015086	      0.32990682	      0.05593146	      0.07815371	      0.08086882	      0.06325637	      0.07434000	      0.05234039	      0.01820031	      0.02943583	      0.00638844	      0.19505728	      0.11020672	      0.10614260	      0.30330259	      0.07109088	      0.11405001	      0.52769519	      0.14041499	      0.32406062	      0.37196312	      0.23462434	      0.51260275	      0.24213654	      0.23829133	      0.28868035	      0.30587434	      0.28235274	      0.03911321	      0.10653291	      0.09102516	      0.35124200	      0.04959813	      0.04564312	      0.38000136	      0.11246696	      0.35321509	      0.31405261	      0.35574832	      0.33632894	      0.38571252	      0.39897817	      0.05454758	      0.07551869	      0.07745989	      0.06230423	      0.07301243	      0.05121347	      0.01767033	      0.02848888	      0.01576311	      0.18143239	      0.10774376	      0.11841137	      0.32514396	      0.08156319	      0.11187527	      0.42774259	      0.13318945	      0.35392267	      0.41683217	      0.28050144	      0.41257211	      0.21349839	      0.25716535	      0.25625700	      0.27272841	      0.25046634
      4.30000000	      0.04146075	      0.15658066	      0.10039006	      0.33316580	      0.05412171	      0.04775336	      0.34613499	      0.11984787	      0.37110231	      0.33558371	      0.33488529	      0.31103762	      0.32013927	      0.32989716	      0.05593146	      0.07815371	      0.08086882	      0.06325637	      0.07434000	      0.05234039	      0.01820031	      0.02943583	      0.00644452	      0.19505728	      0.11020672	      0.10614014	      0.30329907	      0.07111104	      0.11405001	      0.52756799	      0.14041499	      0.32420749	      0.37213713	      0.23461064	      0.51250955	      0.24214916	      0.23828763	      0.28867715	      0.30587132	      0.28234969	      0.03911321	      0.10656852	      0.09102516	      0.35134973	      0.04959813	      0.04564312	      0.38002285	      0.11246696	      0.35319857	      0.31403497	      0.35574942	      0.33633218	      0.38567645	      0.39893153	      0.05454758	      0.07551869	      0.07745989	      0.06230423	      0.07301243	      0.05121347	      0.01767033	      0.02848888	      0.01577208	      0.18143239	      0.10774376	      0.11841286	      0.32514673	      0.08158386	      0.11187527	      0.42770250	      0.13318945	      0.35392039	      0.41683623	      0.28051359	      0.41241246	      0.21347895	      0.25716709	      0.25630374	      0.27276878	      0.25050864
      4.30500000	      0.04146075	      0.15647296	      0.10039006	      0.33332008	      0.05412171	      0.04775336	      0.34628399	      0.11984787	      0.37111231	      0.33559437	      0.33488208	      0.31103256	      0.32012901	      0.32988898	      0.05593146	      0.07815371	      0.08086882	      0.06325637	      0.07434000	      0.05234039	      0.01820031	      0.02943583	      0.00650438	      0.19505728	      0.11020672	      0.10613787	      0.30329582	      0.07112961	      0.11405001	      0.52744217	      0.14041499	      0.32435292	      0.37230908	      0.23459799	      0.51242411	      0.24216082	      0.23828421	      0.28867351	      0.30586790	      0.28234623	      0.03911321	      0.10659828	      0.09102516	      0.35145250	      0.04959813	      0.04564312	      0.38004337	      0.11246696	      0.35318153	      0.31401679	      0.35575055	      0.33633553	      0.38564172	      0.39888637	      0.05454758	      0.07551869	      0.07745989	      0.06230423	      0.07301243	      0.05121347	      0.01767033	      0.02848888	      0.01577873	      0.18143239	      0.10774376	      0.11841441	      0.32514959	      0.08160417	      0.11187527	      0.42766429	      0.13318945	      0.35391690	      0.41683836	      0.28052611	      0.41225216	      0.21345890	      0.25716888	      0.25634958	      0.27280835	      0.25055012
      4.31000000	      0.04146075	      0.15636401	      0.10039006	      0.33347228	      0.05412171	      0.04775336	      0.34642976	      0.11984787	      0.37112178	      0.33560448	      0.33487903	      0.31102775	      0.32011957	      0.32988170	      0.05593146	      0.07815371	      0.08086882	      0.06325637	      0.07434000	      0.05234039	      0.01820031	      0.02943583	      0.00656765	      0.19505728	      0.11020672	      0.10613572	      0.30329275	      0.07114674	      0.11405001	      0.52731800	      0.14041499	      0.32449665	      0.37247865	      0.23458600	      0.51234601	      0.24217187	      0.23828097	      0.28866964	      0.30586426	      0.28234255	      0.03911321	      0.10662217	      0.09102516	      0.35155027	      0.04959813	      0.04564312	      0.38006286	      0.11246696	      0.35316381	      0.31399788	      0.35575173	      0.33633901	      0.38560843	      0.39884280	      0.05454758	      0.07551869	      0.07745989	      0.06230423	      0.07301243	      0.05121347	      0.01767033	      0.02848888	      0.01578303	      0.18143239	      0.10774376	      0.11841601	      0.32515256	      0.08162410	      0.11187527	      0.42762800	      0.13318945	      0.35391212	      0.41683851	      0.28053913	      0.41209126	      0.21343805	      0.25717074	      0.25639455	      0.27284715	      0.25059081
      4.31500000	      0.04146075	      0.15625419	      0.10039006	      0.33362238	      0.05412171	      0.04775336	      0.34657224	      0.11984787	      0.37113107	      0.33561439	      0.33487604	      0.31102304	      0.32011036	      0.32987467	      0.05593146	      0.07815371	      0.08086882	      0.06325637	      0.07434000	      0.05234039	      0.01820031	      0.02943583	      0.00663386	      0.19505728	      0.11020672	      0.10613361	      0.30328973	      0.07116258	      0.11405001	      0.52719571	      0.14041499	      0.32463843	      0.37264560	      0.23457423	      0.51227466	      0.24218271	      0.23827779	      0.28866575	      0.30586060	      0.28233884	      0.03911321	      0.10664029	      0.09102516	      0.35164308	      0.04959813	      0.04564312	      0.38008129	      0.11246696	      0.35314529	      0.31397811	      0.35575295	      0.33634265	      0.38557666	      0.39880091	      0.05454758	      0.07551869	      0.07745989	      0.06230423	      0.07301243	      0.05121347	      0.01767033	      0.02848888	      0.01578501	      0.18143239	      0.10774376	      0.11841768	      0.32515566	      0.08164361	      0.11187527	      0.42759367	      0.13318945	      0.35390603	      0.41683663	      0.28055273	      0.41192987	      0.21341626	      0.25717268	      0.25643866	      0.27288518	      0.25063071
      4.32000000	      0.04146075	      0.15614388	      0.10039006	      0.33377037	      0.05412171	      0.04775336	      0.34671144	      0.11984787	      0.37114056	      0.33562452	      0.33487299	      0.31101822	      0.32010078	      0.32986719	      0.05593146	      0.07815371	      0.08086882	      0.06325637	      0.07434000	      0.05234039	      0.01820031	      0.02943583	      0.00670252	      0.19505728	      0.11020672	      0.10613145	      0.30328664	      0.07117728	      0.11405001	      0.52707548	      0.14041499	      0.32477810	      0.37280978	      0.23456220	      0.51220936	      0.24219379	      0.23827455	      0.28866204	      0.30585711	      0.28233531	      0.03911321	      0.10665279	      0.09102516	      0.35173098	      0.04959813	      0.04564312	      0.38009863	      0.11246696	      0.35312584	      0.31395736	      0.35575424	      0.33634646	      0.38554652	      0.39876080	      0.05454758	      0.07551869	      0.07745989	      0.06230423	      0.07301243	      0.05121347	      0.01767033	      0.02848888	      0.01578473	      0.18143239	      0.10774376	      0.11841943	      0.32515892	      0.08166270	      0.11187527	      0.42756130	      0.13318945	      0.35389864	      0.41683273	      0.28056700	      0.41176816	      0.21339338	      0.25717472	      0.25648193	      0.27292247	      0.25066984
      4.32500000	      0.04146075	      0.15603356	      0.10039006	      0.33391636	      0.05412171	      0.04775336	      0.34684744	      0.11984787	      0.37115067	      0.33563531	      0.33486973	      0.31101309	      0.32009018	      0.32985853	      0.05593146	      0.07815371	      0.08086882	      0.06325637	      0.07434000	      0.05234039	      0.01820031	      0.02943583	      0.00677307	      0.19505728	      0.11020672	      0.10612915	      0.30328335	      0.07119099	      0.11405001	      0.52695742	      0.14041499	      0.32491552	      0.37297106	      0.23454940	      0.51214929	      0.24220558	      0.23827109	      0.28865870	      0.30585397	      0.28233214	      0.03911321	      0.10665991	      0.09102516	      0.35181408	      0.04959813	      0.04564312	      0.38011487	      0.11246696	      0.35310538	      0.31393552	      0.35575559	      0.33635047	      0.38551808	      0.39872253	      0.05454758	      0.07551869	      0.07745989	      0.06230423	      0.07301243	      0.05121347	      0.01767033	      0.02848888	      0.01578229	      0.18143239	      0.10774376	      0.11842128	      0.32516234	      0.08168134	      0.11187527	      0.42753088	      0.13318945	      0.35388996	      0.41682686	      0.28058200	      0.41160635	      0.21336932	      0.25717686	      0.25652435	      0.27295901	      0.25070821
      4.33000000	      0.04146075	      0.15592367	      0.10039006	      0.33406049	      0.05412171	      0.04775336	      0.34698035	      0.11984787	      0.37116183	      0.33564720	      0.33486615	      0.31100743	      0.32007788	      0.32984796	      0.05593146	      0.07815371	      0.08086882	      0.06325637	      0.07434000	      0.05234039	      0.01820031	      0.02943583	      0.00684495	      0.19505728	      0.11020672	      0.10612661	      0.30327973	      0.07120384	      0.11405001	      0.52684163	      0.14041499	      0.32505061	      0.37312942	      0.23453527	      0.51209355	      0.24221859	      0.23826727	      0.28865595	      0.30585138	      0.28232951	      0.03911321	      0.10666198	      0.09102516	      0.35189254	      0.04959813	      0.04564312	      0.38013000	      0.11246696	      0.35308383	      0.31391252	      0.35575701	      0.33635469	      0.38549139	      0.39868619	      0.05454758	      0.07551869	      0.07745989	      0.06230423	      0.07301243	      0.05121347	      0.01767033	      0.02848888	      0.01577780	      0.18143239	      0.10774376	      0.11842322	      0.32516595	      0.08169952	      0.11187527	      0.42750236	      0.13318945	      0.35388004	      0.41681910	      0.28059781	      0.41144471	      0.21334397	      0.25717911	      0.25656594	      0.27299481	      0.25074580
      4.33500000	      0.04146075	      0.15581467	      0.10039006	      0.33420294	      0.05412171	      0.04775336	      0.34711037	      0.11984787	      0.37117445	      0.33566067	      0.33486208	      0.31100102	      0.32006323	      0.32983474	      0.05593146	      0.07815371	      0.08086882	      0.06325637	      0.07434000	      0.05234039	      0.01820031	      0.02943583	      0.00691757	      0.19505728	      0.11020672	      0.10612374	      0.30327562	      0.07121597	      0.11405001	      0.52672815	      0.14041499	      0.32518330	      0.37328483	      0.23451928	      0.51204118	      0.24223332	      0.23826294	      0.28865396	      0.30584951	      0.28232762	      0.03911321	      0.10665937	      0.09102516	      0.35196655	      0.04959813	      0.04564312	      0.38014407	      0.11246696	      0.35306112	      0.31388829	      0.35575850	      0.33635914	      0.38546653	      0.39865182	      0.05454758	      0.07551869	      0.07745989	      0.06230423	      0.07301243	      0.05121347	      0.01767033	      0.02848888	      0.01577143	      0.18143239	      0.10774376	      0.11842526	      0.32516975	      0.08171724	      0.11187527	      0.42747567	      0.13318945	      0.35386898	      0.41680956	      0.28061445	      0.41128353	      0.21331726	      0.25718148	      0.25660669	      0.27302986	      0.25078263
      4.34000000	      0.04146075	      0.15570701	      0.10039006	      0.33434389	      0.05412171	      0.04775336	      0.34723767	      0.11984787	      0.37118898	      0.33567617	      0.33485740	      0.31099364	      0.32004556	      0.32981816	      0.05593146	      0.07815371	      0.08086882	      0.06325637	      0.07434000	      0.05234039	      0.01820031	      0.02943583	      0.00699037	      0.19505728	      0.11020672	      0.10612043	      0.30327089	      0.07122752	      0.11405001	      0.52661699	      0.14041499	      0.32531359	      0.37343734	      0.23450087	      0.51199123	      0.24225027	      0.23825797	      0.28865291	      0.30584852	      0.28232662	      0.03911321	      0.10665252	      0.09102516	      0.35203636	      0.04959813	      0.04564312	      0.38015710	      0.11246696	      0.35303720	      0.31386277	      0.35576007	      0.33636381	      0.38544354	      0.39861948	      0.05454758	      0.07551869	      0.07745989	      0.06230423	      0.07301243	      0.05121347	      0.01767033	      0.02848888	      0.01576335	      0.18143239	      0.10774376	      0.11842742	      0.32517375	      0.08173448	      0.11187527	      0.42745072	      0.13318945	      0.35385687	      0.41679839	      0.28063197	      0.41112310	      0.21328912	      0.25718397	      0.25664660	      0.27306417	      0.25081869
      4.34500000	      0.04146075	      0.15560107	      0.10039006	      0.33448356	      0.05412171	      0.04775336	      0.34736249	      0.11984787	      0.37120581	      0.33569413	      0.33485197	      0.31098508	      0.32002427	      0.32979754	      0.05593146	      0.07815371	      0.08086882	      0.06325637	      0.07434000	      0.05234039	      0.01820031	      0.02943583	      0.00706280	      0.19505728	      0.11020672	      0.10611659	      0.30326542	      0.07123863	      0.11405001	      0.52650815	      0.14041499	      0.32544149	      0.37358701	      0.23447954	      0.51194272	      0.24226990	      0.23825220	      0.28865295	      0.30584856	      0.28232666	      0.03911321	      0.10664193	      0.09102516	      0.35210223	      0.04959813	      0.04564312	      0.38016916	      0.11246696	      0.35301202	      0.31383590	      0.35576171	      0.33636873	      0.38542246	      0.39858922	      0.05454758	      0.07551869	      0.07745989	      0.06230423	      0.07301243	      0.05121347	      0.01767033	      0.02848888	      0.01575376	      0.18143239	      0.10774376	      0.11842968	      0.32517795	      0.08175125	      0.11187527	      0.42742741	      0.13318945	      0.35384383	      0.41678578	      0.28065040	      0.41096373	      0.21325952	      0.25718660	      0.25668565	      0.27309773	      0.25085398
      4.35000000	      0.04146075	      0.15549719	      0.10039006	      0.33462213	      0.05412171	      0.04775336	      0.34748507	      0.11984787	      0.37122531	      0.33571493	      0.33484569	      0.31097517	      0.31999880	      0.32977230	      0.05593146	      0.07815371	      0.08086882	      0.06325637	      0.07434000	      0.05234039	      0.01820031	      0.02943583	      0.00713436	      0.19505728	      0.11020672	      0.10611215	      0.30325907	      0.07124946	      0.11405001	      0.52640159	      0.14041499	      0.32556703	      0.37373395	      0.23445483	      0.51189471	      0.24229263	      0.23824552	      0.28865423	      0.30584976	      0.28232788	      0.03911321	      0.10662815	      0.09102516	      0.35216449	      0.04959813	      0.04564312	      0.38018032	      0.11246696	      0.35298555	      0.31380766	      0.35576344	      0.33637389	      0.38540333	      0.39856108	      0.05454758	      0.07551869	      0.07745989	      0.06230423	      0.07301243	      0.05121347	      0.01767033	      0.02848888	      0.01574285	      0.18143239	      0.10774376	      0.11843206	      0.32518237	      0.08176754	      0.11187527	      0.42740558	      0.13318945	      0.35383001	      0.41677194	      0.28066976	      0.41080571	      0.21322839	      0.25718935	      0.25672386	      0.27313054	      0.25088849
      4.35500000	      0.04146075	      0.15539564	      0.10039006	      0.33475980	      0.05412171	      0.04775336	      0.34760564	      0.11984787	      0.37124779	      0.33573891	      0.33483843	      0.31096374	      0.31996868	      0.32974191	      0.05593146	      0.07815371	      0.08086882	      0.06325637	      0.07434000	      0.05234039	      0.01820031	      0.02943583	      0.00720459	      0.19505728	      0.11020672	      0.10610703	      0.30325175	      0.07126017	      0.11405001	      0.52629724	      0.14041499	      0.32569027	      0.37387824	      0.23442634	      0.51184635	      0.24231885	      0.23823780	      0.28865686	      0.30585224	      0.28233038	      0.03911321	      0.10661175	      0.09102516	      0.35222349	      0.04959813	      0.04564312	      0.38019069	      0.11246696	      0.35295774	      0.31377799	      0.35576525	      0.33637931	      0.38538619	      0.39853509	      0.05454758	      0.07551869	      0.07745989	      0.06230423	      0.07301243	      0.05121347	      0.01767033	      0.02848888	      0.01573082	      0.18143239	      0.10774376	      0.11843455	      0.32518701	      0.08178333	      0.11187527	      0.42738509	      0.13318945	      0.35381557	      0.41675711	      0.28069009	      0.41064928	      0.21319570	      0.25719223	      0.25676121	      0.27316260	      0.25092223
      4.36000000	      0.04146075	      0.15529659	      0.10039006	      0.33489672	      0.05412171	      0.04775336	      0.34772445	      0.11984787	      0.37127350	      0.33576634	      0.33483013	      0.31095065	      0.31993353	      0.32970595	      0.05593146	      0.07815371	      0.08086882	      0.06325637	      0.07434000	      0.05234039	      0.01820031	      0.02943583	      0.00727311	      0.19505728	      0.11020672	      0.10610116	      0.30324337	      0.07127094	      0.11405001	      0.52619505	      0.14041499	      0.32581127	      0.37402000	      0.23439373	      0.51179684	      0.24234884	      0.23822898	      0.28866093	      0.30585607	      0.28233425	      0.03911321	      0.10659335	      0.09102516	      0.35227959	      0.04959813	      0.04564312	      0.38020037	      0.11246696	      0.35292857	      0.31374686	      0.35576714	      0.33638500	      0.38537107	      0.39851131	      0.05454758	      0.07551869	      0.07745989	      0.06230423	      0.07301243	      0.05121347	      0.01767033	      0.02848888	      0.01571788	      0.18143239	      0.10774376	      0.11843716	      0.32519188	      0.08179863	      0.11187527	      0.42736576	      0.13318945	      0.35380070	      0.41674154	      0.28071141	      0.41049469	      0.21316140	      0.25719525	      0.25679772	      0.27319392	      0.25095519
      4.36500000	      0.04146075	      0.15520013	      0.10039006	      0.33503302	      0.05412171	      0.04775336	      0.34784172	      0.11984787	      0.37130264	      0.33579741	      0.33482071	      0.31093581	      0.31989307	      0.32966413	      0.05593146	      0.07815371	      0.08086882	      0.06325637	      0.07434000	      0.05234039	      0.01820031	      0.02943583	      0.00733959	      0.19505728	      0.11020672	      0.10609451	      0.30323387	      0.07128194	      0.11405001	      0.52609493	      0.14041499	      0.32593010	      0.37415935	      0.23435679	      0.51174549	      0.24238280	      0.23821897	      0.28866652	      0.30586133	      0.28233958	      0.03911321	      0.10657357	      0.09102516	      0.35233319	      0.04959813	      0.04564312	      0.38020948	      0.11246696	      0.35289798	      0.31371422	      0.35576912	      0.33639094	      0.38535801	      0.39848975	      0.05454758	      0.07551869	      0.07745989	      0.06230423	      0.07301243	      0.05121347	      0.01767033	      0.02848888	      0.01570423	      0.18143239	      0.10774376	      0.11843990	      0.32519698	      0.08181342	      0.11187527	      0.42734740	      0.13318945	      0.35378557	      0.41672549	      0.28073374	      0.41034213	      0.21312544	      0.25719842	      0.25683337	      0.27322449	      0.25098738
      4.37000000	      0.04146075	      0.15510625	      0.10039006	      0.33516879	      0.05412171	      0.04775336	      0.34795766	      0.11984787	      0.37133528	      0.33583224	      0.33481015	      0.31091917	      0.31984715	      0.32961628	      0.05593146	      0.07815371	      0.08086882	      0.06325637	      0.07434000	      0.05234039	      0.01820031	      0.02943583	      0.00740381	      0.19505728	      0.11020672	      0.10608705	      0.30322322	      0.07129339	      0.11405001	      0.52599682	      0.14041499	      0.32604683	      0.37429638	      0.23431537	      0.51169171	      0.24242086	      0.23820775	      0.28867368	      0.30586806	      0.28234639	      0.03911321	      0.10655307	      0.09102516	      0.35238470	      0.04959813	      0.04564312	      0.38021817	      0.11246696	      0.35286593	      0.31368003	      0.35577119	      0.33639717	      0.38534703	      0.39847046	      0.05454758	      0.07551869	      0.07745989	      0.06230423	      0.07301243	      0.05121347	      0.01767033	      0.02848888	      0.01569005	      0.18143239	      0.10774376	      0.11844277	      0.32520232	      0.08182770	      0.11187527	      0.42732981	      0.13318945	      0.35377039	      0.41670926	      0.28075712	      0.41019177	      0.21308777	      0.25720173	      0.25686817	      0.27325431	      0.25101879
      4.37500000	      0.04146075	      0.15501484	      0.10039006	      0.33530407	      0.05412171	      0.04775336	      0.34807246	      0.11984787	      0.37137145	      0.33587082	      0.33479843	      0.31090072	      0.31979573	      0.32956235	      0.05593146	      0.07815371	      0.08086882	      0.06325637	      0.07434000	      0.05234039	      0.01820031	      0.02943583	      0.00746559	      0.19505728	      0.11020672	      0.10607879	      0.30321142	      0.07130550	      0.11405001	      0.52590063	      0.14041499	      0.32616155	      0.37443119	      0.23426947	      0.51163506	      0.24246303	      0.23819530	      0.28868243	      0.30587629	      0.28235472	      0.03911321	      0.10653246	      0.09102516	      0.35243451	      0.04959813	      0.04564312	      0.38022656	      0.11246696	      0.35283238	      0.31364424	      0.35577335	      0.33640368	      0.38533818	      0.39845347	      0.05454758	      0.07551869	      0.07745989	      0.06230423	      0.07301243	      0.05121347	      0.01767033	      0.02848888	      0.01567552	      0.18143239	      0.10774376	      0.11844576	      0.32520790	      0.08184146	      0.11187527	      0.42731280	      0.13318945	      0.35375536	      0.41669313	      0.28078158	      0.41004374	      0.21304835	      0.25720518	      0.25690212	      0.27328340	      0.25104944
      4.38000000	      0.04146075	      0.15492572	      0.10039006	      0.33543885	      0.05412171	      0.04775336	      0.34818627	      0.11984787	      0.37141108	      0.33591309	      0.33478558	      0.31088049	      0.31973892	      0.32950243	      0.05593146	      0.07815371	      0.08086882	      0.06325637	      0.07434000	      0.05234039	      0.01820031	      0.02943583	      0.00752484	      0.19505728	      0.11020672	      0.10606972	      0.30319847	      0.07131848	      0.11405001	      0.52580631	      0.14041499	      0.32627432	      0.37456385	      0.23421916	      0.51157518	      0.24250922	      0.23818165	      0.28869278	      0.30588603	      0.28236457	      0.03911321	      0.10651237	      0.09102516	      0.35248301	      0.04959813	      0.04564312	      0.38023480	      0.11246696	      0.35279729	      0.31360681	      0.35577560	      0.33641047	      0.38533149	      0.39843881	      0.05454758	      0.07551869	      0.07745989	      0.06230423	      0.07301243	      0.05121347	      0.01767033	      0.02848888	      0.01566080	      0.18143239	      0.10774376	      0.11844889	      0.32521373	      0.08185467	      0.11187527	      0.42729617	      0.13318945	      0.35374065	      0.41667735	      0.28080714	      0.40989816	      0.21300712	      0.25720879	      0.25693523	      0.27331175	      0.25107932
      4.38500000	      0.04146075	      0.15483859	      0.10039006	      0.33557306	      0.05412171	      0.04775336	      0.34829921	      0.11984787	      0.37145401	      0.33595888	      0.33477164	      0.31085854	      0.31967690	      0.32943673	      0.05593146	      0.07815371	      0.08086882	      0.06325637	      0.07434000	      0.05234039	      0.01820031	      0.02943583	      0.00758155	      0.19505728	      0.11020672	      0.10605989	      0.30318444	      0.07133255	      0.11405001	      0.52571378	      0.14041499	      0.32638520	      0.37469441	      0.23416463	      0.51151189	      0.24255925	      0.23816684	      0.28870470	      0.30589724	      0.28237592	      0.03911321	      0.10649337	      0.09102516	      0.35253059	      0.04959813	      0.04564312	      0.38024302	      0.11246696	      0.35276063	      0.31356770	      0.35577794	      0.33641757	      0.38532696	      0.39842652	      0.05454758	      0.07551869	      0.07745989	      0.06230423	      0.07301243	      0.05121347	      0.01767033	      0.02848888	      0.01564606	      0.18143239	      0.10774376	      0.11845216	      0.32521983	      0.08186733	      0.11187527	      0.42727973	      0.13318945	      0.35372645	      0.41666221	      0.28083383	      0.40975512	      0.21296404	      0.25721256	      0.25696751	      0.27333937	      0.25110844
      4.39000000	      0.04146075	      0.15475310	      0.10039006	      0.33570660	      0.05412171	      0.04775336	      0.34841137	      0.11984787	      0.37150002	      0.33600796	      0.33475668	      0.31083500	      0.31960999	      0.32936558	      0.05593146	      0.07815371	      0.08086882	      0.06325637	      0.07434000	      0.05234039	      0.01820031	      0.02943583	      0.00763576	      0.19505728	      0.11020672	      0.10604934	      0.30316938	      0.07134795	      0.11405001	      0.52562300	      0.14041499	      0.32649422	      0.37482290	      0.23410617	      0.51144511	      0.24261287	      0.23815095	      0.28871815	      0.30590989	      0.28238872	      0.03911321	      0.10647599	      0.09102516	      0.35257758	      0.04959813	      0.04564312	      0.38025133	      0.11246696	      0.35272237	      0.31352689	      0.35578037	      0.33642496	      0.38532463	      0.39841659	      0.05454758	      0.07551869	      0.07745989	      0.06230423	      0.07301243	      0.05121347	      0.01767033	      0.02848888	      0.01563142	      0.18143239	      0.10774376	      0.11845556	      0.32522618	      0.08187943	      0.11187527	      0.42726331	      0.13318945	      0.35371293	      0.41664792	      0.28086165	      0.40961470	      0.21291910	      0.25721648	      0.25699896	      0.27336627	      0.25113680
      4.39500000	      0.04146075	      0.15466883	      0.10039006	      0.33583932	      0.05412171	      0.04775336	      0.34852281	      0.11984787	      0.37154882	      0.33606002	      0.33474079	      0.31081000	      0.31953861	      0.32928941	      0.05593146	      0.07815371	      0.08086882	      0.06325637	      0.07434000	      0.05234039	      0.01820031	      0.02943583	      0.00768760	      0.19505728	      0.11020672	      0.10603813	      0.30315340	      0.07136488	      0.11405001	      0.52553395	      0.14041499	      0.32660143	      0.37494932	      0.23404413	      0.51137491	      0.24266973	      0.23813408	      0.28873306	      0.30592392	      0.28240291	      0.03911321	      0.10646073	      0.09102516	      0.35262430	      0.04959813	      0.04564312	      0.38025985	      0.11246696	      0.35268252	      0.31348439	      0.35578290	      0.33643265	      0.38532446	      0.39840901	      0.05454758	      0.07551869	      0.07745989	      0.06230423	      0.07301243	      0.05121347	      0.01767033	      0.02848888	      0.01561700	      0.18143239	      0.10774376	      0.11845910	      0.32523279	      0.08189094	      0.11187527	      0.42724676	      0.13318945	      0.35370023	      0.41663471	      0.28089060	      0.40947696	      0.21287229	      0.25722055	      0.25702958	      0.27339246	      0.25116442
      4.40000000	      0.04146075	      0.15458530	      0.10039006	      0.33597099	      0.05412171	      0.04775336	      0.34863352	      0.11984787	      0.37160009	      0.33611469	      0.33472407	      0.31078370	      0.31946324	      0.32920871	      0.05593146	      0.07815371	      0.08086882	      0.06325637	      0.07434000	      0.05234039	      0.01820031	      0.02943583	      0.00773725	      0.19505728	      0.11020672	      0.10602635	      0.30313659	      0.07138357	      0.11405001	      0.52544659	      0.14041499	      0.32670684	      0.37507365	      0.23397892	      0.51130146	      0.24272945	      0.23811633	      0.28874935	      0.30593924	      0.28241842	      0.03911321	      0.10644797	      0.09102516	      0.35267100	      0.04959813	      0.04564312	      0.38026867	      0.11246696	      0.35264112	      0.31344023	      0.35578551	      0.33644062	      0.38532643	      0.39840375	      0.05454758	      0.07551869	      0.07745989	      0.06230423	      0.07301243	      0.05121347	      0.01767033	      0.02848888	      0.01560289	      0.18143239	      0.10774376	      0.11846277	      0.32523966	      0.08190186	      0.11187527	      0.42722996	      0.13318945	      0.35368847	      0.41662275	      0.28092065	      0.40934192	      0.21282367	      0.25722477	      0.25705939	      0.27341793	      0.25119131
      4.40500000	      0.04146075	      0.15450198	      0.10039006	      0.33610138	      0.05412171	      0.04775336	      0.34874349	      0.11984787	      0.37165343	      0.33617159	      0.33470664	      0.31075631	      0.31938441	      0.32912408	      0.05593146	      0.07815371	      0.08086882	      0.06325637	      0.07434000	      0.05234039	      0.01820031	      0.02943583	      0.00778495	      0.19505728	      0.11020672	      0.10601408	      0.30311909	      0.07140422	      0.11405001	      0.52536093	      0.14041499	      0.32681044	      0.37519583	      0.23391104	      0.51122509	      0.24279159	      0.23809784	      0.28876692	      0.30595577	      0.28243514	      0.03911321	      0.10643805	      0.09102516	      0.35271789	      0.04959813	      0.04564312	      0.38027785	      0.11246696	      0.35259822	      0.31339448	      0.35578821	      0.33644887	      0.38533047	      0.39840073	      0.05454758	      0.07551869	      0.07745989	      0.06230423	      0.07301243	      0.05121347	      0.01767033	      0.02848888	      0.01558915	      0.18143239	      0.10774376	      0.11846656	      0.32524676	      0.08191216	      0.11187527	      0.42721281	      0.13318945	      0.35367775	      0.41661216	      0.28095176	      0.40920963	      0.21277330	      0.25722913	      0.25708840	      0.27344271	      0.25121746
      4.41000000	      0.04146075	      0.15441831	      0.10039006	      0.33623019	      0.05412171	      0.04775336	      0.34885265	      0.11984787	      0.37170846	      0.33623028	      0.33468863	      0.31072801	      0.31930273	      0.32903613	      0.05593146	      0.07815371	      0.08086882	      0.06325637	      0.07434000	      0.05234039	      0.01820031	      0.02943583	      0.00783098	      0.19505728	      0.11020672	      0.10600140	      0.30310101	      0.07142700	      0.11405001	      0.52527698	      0.14041499	      0.32691221	      0.37531579	      0.23384098	      0.51114622	      0.24285567	      0.23807873	      0.28878564	      0.30597339	      0.28245296	      0.03911321	      0.10643119	      0.09102516	      0.35276511	      0.04959813	      0.04564312	      0.38028744	      0.11246696	      0.35255394	      0.31334725	      0.35579098	      0.33645737	      0.38533647	      0.39839987	      0.05454758	      0.07551869	      0.07745989	      0.06230423	      0.07301243	      0.05121347	      0.01767033	      0.02848888	      0.01557581	      0.18143239	      0.10774376	      0.11847048	      0.32525409	      0.08192184	      0.11187527	      0.42719523	      0.13318945	      0.35366811	      0.41660304	      0.28098383	      0.40908009	      0.21272132	      0.25723362	      0.25711662	      0.27346680	      0.25124289
      4.41500000	      0.04146075	      0.15433372	      0.10039006	      0.33635712	      0.05412171	      0.04775336	      0.34896088	      0.11984787	      0.37176476	      0.33629032	      0.33467018	      0.31069902	      0.31921880	      0.32894554	      0.05593146	      0.07815371	      0.08086882	      0.06325637	      0.07434000	      0.05234039	      0.01820031	      0.02943583	      0.00787567	      0.19505728	      0.11020672	      0.10598842	      0.30308250	      0.07145209	      0.11405001	      0.52519477	      0.14041499	      0.32701214	      0.37543344	      0.23376927	      0.51106536	      0.24292121	      0.23805916	      0.28880539	      0.30599197	      0.28247176	      0.03911321	      0.10642754	      0.09102516	      0.35281274	      0.04959813	      0.04564312	      0.38029747	      0.11246696	      0.35250843	      0.31329872	      0.35579381	      0.33646609	      0.38534431	      0.39840102	      0.05454758	      0.07551869	      0.07745989	      0.06230423	      0.07301243	      0.05121347	      0.01767033	      0.02848888	      0.01556290	      0.18143239	      0.10774376	      0.11847449	      0.32526161	      0.08193087	      0.11187527	      0.42717721	      0.13318945	      0.35365960	      0.41659543	      0.28101677	      0.40895329	      0.21266789	      0.25723823	      0.25714405	      0.27349021	      0.25126762
      4.42000000	      0.04146075	      0.15424762	      0.10039006	      0.33648181	      0.05412171	      0.04775336	      0.34906808	      0.11984787	      0.37182190	      0.33635126	      0.33465141	      0.31066955	      0.31913325	      0.32885297	      0.05593146	      0.07815371	      0.08086882	      0.06325637	      0.07434000	      0.05234039	      0.01820031	      0.02943583	      0.00791938	      0.19505728	      0.11020672	      0.10597522	      0.30306369	      0.07147963	      0.11405001	      0.52511432	      0.14041499	      0.32711016	      0.37554866	      0.23369644	      0.51098312	      0.24298773	      0.23803926	      0.28882601	      0.30601137	      0.28249138	      0.03911321	      0.10642712	      0.09102516	      0.35286080	      0.04959813	      0.04564312	      0.38030793	      0.11246696	      0.35246188	      0.31324908	      0.35579670	      0.33647500	      0.38535380	      0.39840401	      0.05454758	      0.07551869	      0.07745989	      0.06230423	      0.07301243	      0.05121347	      0.01767033	      0.02848888	      0.01555038	      0.18143239	      0.10774376	      0.11847859	      0.32526930	      0.08193924	      0.11187527	      0.42715874	      0.13318945	      0.35365220	      0.41658933	      0.28105042	      0.40882922	      0.21261325	      0.25724293	      0.25717070	      0.27351295	      0.25129164
      4.42500000	      0.04146075	      0.15415945	      0.10039006	      0.33660392	      0.05412171	      0.04775336	      0.34917408	      0.11984787	      0.37187949	      0.33641267	      0.33463247	      0.31063982	      0.31904671	      0.32875911	      0.05593146	      0.07815371	      0.08086882	      0.06325637	      0.07434000	      0.05234039	      0.01820031	      0.02943583	      0.00796249	      0.19505728	      0.11020672	      0.10596190	      0.30304471	      0.07150973	      0.11405001	      0.52503567	      0.14041499	      0.32720624	      0.37566134	      0.23362300	      0.51090018	      0.24305475	      0.23801918	      0.28884735	      0.30603144	      0.28251169	      0.03911321	      0.10642986	      0.09102516	      0.35290924	      0.04959813	      0.04564312	      0.38031880	      0.11246696	      0.35241454	      0.31319860	      0.35579962	      0.33648404	      0.38536474	      0.39840861	      0.05454758	      0.07551869	      0.07745989	      0.06230423	      0.07301243	      0.05121347	      0.01767033	      0.02848888	      0.01553822	      0.18143239	      0.10774376	      0.11848276	      0.32527710	      0.08194694	      0.11187527	      0.42713987	      0.13318945	      0.35364588	      0.41658470	      0.28108461	      0.40870786	      0.21255770	      0.25724769	      0.25719659	      0.27353503	      0.25131497
      4.43000000	      0.04146075	      0.15406865	      0.10039006	      0.33672309	      0.05412171	      0.04775336	      0.34927871	      0.11984787	      0.37193713	      0.33647414	      0.33461347	      0.31061001	      0.31895977	      0.32866461	      0.05593146	      0.07815371	      0.08086882	      0.06325637	      0.07434000	      0.05234039	      0.01820031	      0.02943583	      0.00800539	      0.19505728	      0.11020672	      0.10594855	      0.30302569	      0.07154248	      0.11405001	      0.52495888	      0.14041499	      0.32730032	      0.37577135	      0.23354945	      0.51081724	      0.24312183	      0.23799904	      0.28886923	      0.30605203	      0.28253251	      0.03911321	      0.10643560	      0.09102516	      0.35295793	      0.04959813	      0.04564312	      0.38033005	      0.11246696	      0.35236671	      0.31314760	      0.35580256	      0.33649315	      0.38537687	      0.39841459	      0.05454758	      0.07551869	      0.07745989	      0.06230423	      0.07301243	      0.05121347	      0.01767033	      0.02848888	      0.01552635	      0.18143239	      0.10774376	      0.11848695	      0.32528499	      0.08195396	      0.11187527	      0.42712064	      0.13318945	      0.35364058	      0.41658144	      0.28111911	      0.40858916	      0.21250159	      0.25725249	      0.25722171	      0.27355645	      0.25133760
      4.43500000	      0.04146075	      0.15397467	      0.10039006	      0.33683900	      0.05412171	      0.04775336	      0.34938182	      0.11984787	      0.37199447	      0.33653528	      0.33459454	      0.31058032	      0.31887300	      0.32857011	      0.05593146	      0.07815371	      0.08086882	      0.06325637	      0.07434000	      0.05234039	      0.01820031	      0.02943583	      0.00804850	      0.19505728	      0.11020672	      0.10593525	      0.30300675	      0.07157796	      0.11405001	      0.52488397	      0.14041499	      0.32739235	      0.37587857	      0.23347625	      0.51073507	      0.24318854	      0.23797898	      0.28889149	      0.30607297	      0.28255369	      0.03911321	      0.10644407	      0.09102516	      0.35300673	      0.04959813	      0.04564312	      0.38034161	      0.11246696	      0.35231874	      0.31309646	      0.35580549	      0.33650228	      0.38538990	      0.39842164	      0.05454758	      0.07551869	      0.07745989	      0.06230423	      0.07301243	      0.05121347	      0.01767033	      0.02848888	      0.01551467	      0.18143239	      0.10774376	      0.11849116	      0.32529288	      0.08196029	      0.11187527	      0.42710116	      0.13318945	      0.35363623	      0.41657944	      0.28115367	      0.40847307	      0.21244532	      0.25725730	      0.25724607	      0.27357721	      0.25135955
      4.44000000	      0.04146075	      0.15387703	      0.10039006	      0.33695131	      0.05412171	      0.04775336	      0.34948322	      0.11984787	      0.37205117	      0.33659575	      0.33457578	      0.31055091	      0.31878694	      0.32847620	      0.05593146	      0.07815371	      0.08086882	      0.06325637	      0.07434000	      0.05234039	      0.01820031	      0.02943583	      0.00809221	      0.19505728	      0.11020672	      0.10592208	      0.30298800	      0.07161620	      0.11405001	      0.52481097	      0.14041499	      0.32748229	      0.37598290	      0.23340381	      0.51065440	      0.24325450	      0.23795911	      0.28891395	      0.30609410	      0.28257506	      0.03911321	      0.10645493	      0.09102516	      0.35305540	      0.04959813	      0.04564312	      0.38035343	      0.11246696	      0.35227101	      0.31304557	      0.35580839	      0.33651134	      0.38540351	      0.39842944	      0.05454758	      0.07551869	      0.07745989	      0.06230423	      0.07301243	      0.05121347	      0.01767033	      0.02848888	      0.01550306	      0.18143239	      0.10774376	      0.11849533	      0.32530073	      0.08196592	      0.11187527	      0.42708153	      0.13318945	      0.35363272	      0.41657857	      0.28118802	      0.40835949	      0.21238934	      0.25726206	      0.25726968	      0.27359732	      0.25138081
      4.44500000	      0.04146075	      0.15377526	      0.10039006	      0.33705976	      0.05412171	      0.04775336	      0.34958278	      0.11984787	      0.37210696	      0.33665524	      0.33455729	      0.31052194	      0.31870205	      0.32838343	      0.05593146	      0.07815371	      0.08086882	      0.06325637	      0.07434000	      0.05234039	      0.01820031	      0.02943583	      0.00813694	      0.19505728	      0.11020672	      0.10590910	      0.30296953	      0.07165721	      0.11405001	      0.52473988	      0.14041499	      0.32757013	      0.37608428	      0.23333252	      0.51057597	      0.24331938	      0.23793953	      0.28893643	      0.30611526	      0.28259645	      0.03911321	      0.10646775	      0.09102516	      0.35310370	      0.04959813	      0.04564312	      0.38036543	      0.11246696	      0.35222394	      0.31299540	      0.35581124	      0.33652026	      0.38541736	      0.39843767	      0.05454758	      0.07551869	      0.07745989	      0.06230423	      0.07301243	      0.05121347	      0.01767033	      0.02848888	      0.01549141	      0.18143239	      0.10774376	      0.11849944	      0.32530846	      0.08197087	      0.11187527	      0.42706188	      0.13318945	      0.35362995	      0.41657866	      0.28122186	      0.40824833	      0.21233415	      0.25726675	      0.25729251	      0.27361676	      0.25140138
      4.45000000	      0.04146075	      0.15366894	      0.10039006	      0.33716414	      0.05412171	      0.04775336	      0.34968037	      0.11984787	      0.37216157	      0.33671347	      0.33453916	      0.31049355	      0.31861877	      0.32829230	      0.05593146	      0.07815371	      0.08086882	      0.06325637	      0.07434000	      0.05234039	      0.01820031	      0.02943583	      0.00818306	      0.19505728	      0.11020672	      0.10589639	      0.30295143	      0.07170099	      0.11405001	      0.52467069	      0.14041499	      0.32765588	      0.37618268	      0.23326268	      0.51050047	      0.24338288	      0.23792034	      0.28895876	      0.30613627	      0.28261770	      0.03911321	      0.10648205	      0.09102516	      0.35315134	      0.04959813	      0.04564312	      0.38037756	      0.11246696	      0.35217796	      0.31294639	      0.35581401	      0.33652896	      0.38543112	      0.39844599	      0.05454758	      0.07551869	      0.07745989	      0.06230423	      0.07301243	      0.05121347	      0.01767033	      0.02848888	      0.01547957	      0.18143239	      0.10774376	      0.11850344	      0.32531601	      0.08197514	      0.11187527	      0.42704231	      0.13318945	      0.35362782	      0.41657955	      0.28125487	      0.40813947	      0.21228024	      0.25727131	      0.25731457	      0.27363554	      0.25142124
      4.45500000	      0.04146075	      0.15355772	      0.10039006	      0.33726428	      0.05412171	      0.04775336	      0.34977593	      0.11984787	      0.37221480	      0.33677022	      0.33452146	      0.31046583	      0.31853747	      0.32820324	      0.05593146	      0.07815371	      0.08086882	      0.06325637	      0.07434000	      0.05234039	      0.01820031	      0.02943583	      0.00823095	      0.19505728	      0.11020672	      0.10588398	      0.30293377	      0.07174750	      0.11405001	      0.52460333	      0.14041499	      0.32773958	      0.37627811	      0.23319458	      0.51042853	      0.24344476	      0.23790161	      0.28898078	      0.30615699	      0.28263866	      0.03911321	      0.10649732	      0.09102516	      0.35319804	      0.04959813	      0.04564312	      0.38038975	      0.11246696	      0.35213352	      0.31289902	      0.35581668	      0.33653736	      0.38544443	      0.39845405	      0.05454758	      0.07551869	      0.07745989	      0.06230423	      0.07301243	      0.05121347	      0.01767033	      0.02848888	      0.01546741	      0.18143239	      0.10774376	      0.11850731	      0.32532330	      0.08197874	      0.11187527	      0.42702296	      0.13318945	      0.35362621	      0.41658110	      0.28128675	      0.40803277	      0.21222815	      0.25727571	      0.25733584	      0.27365364	      0.25144039
      4.46000000	      0.04146075	      0.15344133	      0.10039006	      0.33736014	      0.05412171	      0.04775336	      0.34986942	      0.11984787	      0.37226647	      0.33682531	      0.33450426	      0.31043889	      0.31845846	      0.32811663	      0.05593146	      0.07815371	      0.08086882	      0.06325637	      0.07434000	      0.05234039	      0.01820031	      0.02943583	      0.00828092	      0.19505728	      0.11020672	      0.10587191	      0.30291661	      0.07179666	      0.11405001	      0.52453771	      0.14041499	      0.32782133	      0.37637066	      0.23312845	      0.51036068	      0.24350482	      0.23788340	      0.28900233	      0.30617728	      0.28265916	      0.03911321	      0.10651301	      0.09102516	      0.35324346	      0.04959813	      0.04564312	      0.38040197	      0.11246696	      0.35209103	      0.31285373	      0.35581921	      0.33654537	      0.38545699	      0.39846154	      0.05454758	      0.07551869	      0.07745989	      0.06230423	      0.07301243	      0.05121347	      0.01767033	      0.02848888	      0.01545480	      0.18143239	      0.10774376	      0.11851100	      0.32533025	      0.08198169	      0.11187527	      0.42700394	      0.13318945	      0.35362505	      0.41658315	      0.28131720	      0.40792811	      0.21217835	      0.25727990	      0.25735628	      0.27367103	      0.25145880
      4.46500000	      0.04146075	      0.15331960	      0.10039006	      0.33745170	      0.05412171	      0.04775336	      0.34996084	      0.11984787	      0.37231642	      0.33687857	      0.33448759	      0.31041282	      0.31838204	      0.32803281	      0.05593146	      0.07815371	      0.08086882	      0.06325637	      0.07434000	      0.05234039	      0.01820031	      0.02943583	      0.00833326	      0.19505728	      0.11020672	      0.10586024	      0.30290001	      0.07184838	      0.11405001	      0.52447371	      0.14041499	      0.32790125	      0.37646045	      0.23306447	      0.51029736	      0.24356287	      0.23786576	      0.28902327	      0.30619698	      0.28267908	      0.03911321	      0.10652853	      0.09102516	      0.35328731	      0.04959813	      0.04564312	      0.38041415	      0.11246696	      0.35205090	      0.31281096	      0.35582159	      0.33655292	      0.38546851	      0.39846819	      0.05454758	      0.07551869	      0.07745989	      0.06230423	      0.07301243	      0.05121347	      0.01767033	      0.02848888	      0.01544162	      0.18143239	      0.10774376	      0.11851448	      0.32533682	      0.08198404	      0.11187527	      0.42698538	      0.13318945	      0.35362425	      0.41658556	      0.28134593	      0.40782542	      0.21213132	      0.25728386	      0.25737588	      0.27368769	      0.25147644
      4.47000000	      0.04146075	      0.15319245	      0.10039006	      0.33753905	      0.05412171	      0.04775336	      0.35005025	      0.11984787	      0.37236456	      0.33692989	      0.33447151	      0.31038766	      0.31830841	      0.32795206	      0.05593146	      0.07815371	      0.08086882	      0.06325637	      0.07434000	      0.05234039	      0.01820031	      0.02943583	      0.00838816	      0.19505728	      0.11020672	      0.10584898	      0.30288399	      0.07190251	      0.11405001	      0.52441119	      0.14041499	      0.32797946	      0.37654765	      0.23300280	      0.51023888	      0.24361881	      0.23784875	      0.28904346	      0.30621598	      0.28269829	      0.03911321	      0.10654333	      0.09102516	      0.35332925	      0.04959813	      0.04564312	      0.38042625	      0.11246696	      0.35201348	      0.31277108	      0.35582381	      0.33655996	      0.38547873	      0.39847375	      0.05454758	      0.07551869	      0.07745989	      0.06230423	      0.07301243	      0.05121347	      0.01767033	      0.02848888	      0.01542780	      0.18143239	      0.10774376	      0.11851772	      0.32534294	      0.08198583	      0.11187527	      0.42696738	      0.13318945	      0.35362371	      0.41658819	      0.28137270	      0.40772466	      0.21208748	      0.25728754	      0.25739458	      0.27370359	      0.25149327
      4.47500000	      0.04146075	      0.15305997	      0.10039006	      0.33762233	      0.05412171	      0.04775336	      0.35013772	      0.11984787	      0.37241079	      0.33697918	      0.33445604	      0.31036347	      0.31823775	      0.32787461	      0.05593146	      0.07815371	      0.08086882	      0.06325637	      0.07434000	      0.05234039	      0.01820031	      0.02943583	      0.00844576	      0.19505728	      0.11020672	      0.10583815	      0.30286859	      0.07195887	      0.11405001	      0.52434998	      0.14041499	      0.32805614	      0.37663246	      0.23294354	      0.51018545	      0.24367252	      0.23783239	      0.28906279	      0.30623417	      0.28271668	      0.03911321	      0.10655685	      0.09102516	      0.35336897	      0.04959813	      0.04564312	      0.38043821	      0.11246696	      0.35197906	      0.31273440	      0.35582584	      0.33656642	      0.38548747	      0.39847806	      0.05454758	      0.07551869	      0.07745989	      0.06230423	      0.07301243	      0.05121347	      0.01767033	      0.02848888	      0.01541329	      0.18143239	      0.10774376	      0.11852070	      0.32534856	      0.08198711	      0.11187527	      0.42695007	      0.13318945	      0.35362338	      0.41659092	      0.28139729	      0.40762592	      0.21204716	      0.25729091	      0.25741235	      0.27371870	      0.25150927
      4.48000000	      0.04146075	      0.15292231	      0.10039006	      0.33770170	      0.05412171	      0.04775336	      0.35022335	      0.11984787	      0.37245507	      0.33702639	      0.33444120	      0.31034028	      0.31817020	      0.32780062	      0.05593146	      0.07815371	      0.08086882	      0.06325637	      0.07434000	      0.05234039	      0.01820031	      0.02943583	      0.00850611	      0.19505728	      0.11020672	      0.10582776	      0.30285383	      0.07201726	      0.11405001	      0.52428990	      0.14041499	      0.32813145	      0.37671509	      0.23288676	      0.51013717	      0.24372395	      0.23781671	      0.28908114	      0.30625145	      0.28273414	      0.03911321	      0.10656857	      0.09102516	      0.35340613	      0.04959813	      0.04564312	      0.38044996	      0.11246696	      0.35194788	      0.31270117	      0.35582767	      0.33657226	      0.38549462	      0.39848100	      0.05454758	      0.07551869	      0.07745989	      0.06230423	      0.07301243	      0.05121347	      0.01767033	      0.02848888	      0.01539809	      0.18143239	      0.10774376	      0.11852339	      0.32535365	      0.08198794	      0.11187527	      0.42693357	      0.13318945	      0.35362318	      0.41659361	      0.28141956	      0.40752936	      0.21201063	      0.25729396	      0.25742913	      0.27373296	      0.25152437
      4.48500000	      0.04146075	      0.15277980	      0.10039006	      0.33777739	      0.05412171	      0.04775336	      0.35030724	      0.11984787	      0.37249739	      0.33707150	      0.33442701	      0.31031809	      0.31810581	      0.32773021	      0.05593146	      0.07815371	      0.08086882	      0.06325637	      0.07434000	      0.05234039	      0.01820031	      0.02943583	      0.00856921	      0.19505728	      0.11020672	      0.10581783	      0.30283972	      0.07207744	      0.11405001	      0.52423079	      0.14041499	      0.32820555	      0.37679578	      0.23283248	      0.51009405	      0.24377310	      0.23780170	      0.28909842	      0.30626771	      0.28275058	      0.03911321	      0.10657799	      0.09102516	      0.35344044	      0.04959813	      0.04564312	      0.38046142	      0.11246696	      0.35192008	      0.31267156	      0.35582930	      0.33657747	      0.38550010	      0.39848252	      0.05454758	      0.07551869	      0.07745989	      0.06230423	      0.07301243	      0.05121347	      0.01767033	      0.02848888	      0.01538224	      0.18143239	      0.10774376	      0.11852579	      0.32535819	      0.08198840	      0.11187527	      0.42691802	      0.13318945	      0.35362302	      0.41659614	      0.28143940	      0.40743524	      0.21197808	      0.25729668	      0.25744487	      0.27374633	      0.25153853
      4.49000000	      0.04146075	      0.15263282	      0.10039006	      0.33784962	      0.05412171	      0.04775336	      0.35038950	      0.11984787	      0.37253776	      0.33711454	      0.33441344	      0.31029690	      0.31804463	      0.32766345	      0.05593146	      0.07815371	      0.08086882	      0.06325637	      0.07434000	      0.05234039	      0.01820031	      0.02943583	      0.00863494	      0.19505728	      0.11020672	      0.10580834	      0.30282624	      0.07213914	      0.11405001	      0.52417248	      0.14041499	      0.32827858	      0.37687473	      0.23278067	      0.51005600	      0.24381998	      0.23778736	      0.28911454	      0.30628288	      0.28276591	      0.03911321	      0.10658470	      0.09102516	      0.35347158	      0.04959813	      0.04564312	      0.38047249	      0.11246696	      0.35189575	      0.31264562	      0.35583072	      0.33658202	      0.38550393	      0.39848266	      0.05454758	      0.07551869	      0.07745989	      0.06230423	      0.07301243	      0.05121347	      0.01767033	      0.02848888	      0.01536580	      0.18143239	      0.10774376	      0.11852789	      0.32536216	      0.08198854	      0.11187527	      0.42690355	      0.13318945	      0.35362282	      0.41659836	      0.28145676	      0.40734397	      0.21194958	      0.25729905	      0.25745951	      0.27375876	      0.25155171
      4.49500000	      0.04146075	      0.15248190	      0.10039006	      0.33791861	      0.05412171	      0.04775336	      0.35047022	      0.11984787	      0.37257623	      0.33715555	      0.33440050	      0.31027669	      0.31798662	      0.32760035	      0.05593146	      0.07815371	      0.08086882	      0.06325637	      0.07434000	      0.05234039	      0.01820031	      0.02943583	      0.00870317	      0.19505728	      0.11020672	      0.10579929	      0.30281338	      0.07220207	      0.11405001	      0.52411483	      0.14041499	      0.32835067	      0.37695215	      0.23273128	      0.51002289	      0.24386465	      0.23777369	      0.28912942	      0.30629689	      0.28278007	      0.03911321	      0.10658831	      0.09102516	      0.35349925	      0.04959813	      0.04564312	      0.38048304	      0.11246696	      0.35187485	      0.31262336	      0.35583193	      0.33658592	      0.38550620	      0.39848151	      0.05454758	      0.07551869	      0.07745989	      0.06230423	      0.07301243	      0.05121347	      0.01767033	      0.02848888	      0.01534889	      0.18143239	      0.10774376	      0.11852968	      0.32536556	      0.08198845	      0.11187527	      0.42689031	      0.13318945	      0.35362251	      0.41660014	      0.28147165	      0.40725603	      0.21192511	      0.25730109	      0.25747300	      0.27377021	      0.25156384
      4.50000000	      0.04146075	      0.15232748	      0.10039006	      0.33798464	      0.05412171	      0.04775336	      0.35054954	      0.11984787	      0.37261292	      0.33719466	      0.33438815	      0.31025739	      0.31793169	      0.32754085	      0.05593146	      0.07815371	      0.08086882	      0.06325637	      0.07434000	      0.05234039	      0.01820031	      0.02943583	      0.00877373	      0.19505728	      0.11020672	      0.10579066	      0.30280112	      0.07226598	      0.11405001	      0.52405764	      0.14041499	      0.32842199	      0.37702828	      0.23268416	      0.50999450	      0.24390724	      0.23776063	      0.28914299	      0.30630967	      0.28279298	      0.03911321	      0.10658855	      0.09102516	      0.35352319	      0.04959813	      0.04564312	      0.38049298	      0.11246696	      0.35185730	      0.31260466	      0.35583295	      0.33658920	      0.38550704	      0.39847924	      0.05454758	      0.07551869	      0.07745989	      0.06230423	      0.07301243	      0.05121347	      0.01767033	      0.02848888	      0.01533161	      0.18143239	      0.10774376	      0.11853119	      0.32536842	      0.08198817	      0.11187527	      0.42687843	      0.13318945	      0.35362201	      0.41660136	      0.28148415	      0.40717192	      0.21190456	      0.25730280	      0.25748527	      0.27378063	      0.25157488
      4.50500000	      0.04146075	      0.15217050	      0.10039006	      0.33804776	      0.05412171	      0.04775336	      0.35062732	      0.11984787	      0.37264786	      0.33723191	      0.33437637	      0.31023900	      0.31787980	      0.32748494	      0.05593146	      0.07815371	      0.08086882	      0.06325637	      0.07434000	      0.05234039	      0.01820031	      0.02943583	      0.00884622	      0.19505728	      0.11020672	      0.10578242	      0.30278942	      0.07233044	      0.11405001	      0.52400100	      0.14041499	      0.32849242	      0.37710308	      0.23263927	      0.50997067	      0.24394781	      0.23774819	      0.28915521	      0.30632117	      0.28280461	      0.03911321	      0.10658517	      0.09102516	      0.35354311	      0.04959813	      0.04564312	      0.38050205	      0.11246696	      0.35184298	      0.31258940	      0.35583378	      0.33659187	      0.38550658	      0.39847598	      0.05454758	      0.07551869	      0.07745989	      0.06230423	      0.07301243	      0.05121347	      0.01767033	      0.02848888	      0.01531417	      0.18143239	      0.10774376	      0.11853243	      0.32537076	      0.08198777	      0.11187527	      0.42686815	      0.13318945	      0.35362113	      0.41660177	      0.28149435	      0.40709244	      0.21188779	      0.25730419	      0.25749630	      0.27378999	      0.25158480
      4.51000000	      0.04146075	      0.15201006	      0.10039006	      0.33810878	      0.05412171	      0.04775336	      0.35070841	      0.11984787	      0.37268155	      0.33726782	      0.33436500	      0.31022125	      0.31783350	      0.32743754	      0.05593146	      0.07815371	      0.08086882	      0.06325637	      0.07434000	      0.05234039	      0.01820031	      0.02943583	      0.00892109	      0.19505728	      0.11020672	      0.10577448	      0.30277815	      0.07239580	      0.11405001	      0.52393897	      0.14041499	      0.32856704	      0.37718284	      0.23259598	      0.50995049	      0.24398690	      0.23773618	      0.28916096	      0.30632659	      0.28281009	      0.03911321	      0.10657798	      0.09102516	      0.35355896	      0.04959813	      0.04564312	      0.38051768	      0.11246696	      0.35183155	      0.31257723	      0.35583445	      0.33659400	      0.38551032	      0.39847843	      0.05454758	      0.07551869	      0.07745989	      0.06230423	      0.07301243	      0.05121347	      0.01767033	      0.02848888	      0.01529654	      0.18143239	      0.10774376	      0.11853341	      0.32537262	      0.08198729	      0.11187527	      0.42685420	      0.13318945	      0.35362872	      0.41661219	      0.28150249	      0.40701644	      0.21187441	      0.25730530	      0.25750150	      0.27379444	      0.25158950
      4.51500000	      0.04146075	      0.15184974	      0.10039006	      0.33816671	      0.05412171	      0.04775336	      0.35078292	      0.11984787	      0.37271350	      0.33730188	      0.33435420	      0.31020441	      0.31778679	      0.32738772	      0.05593146	      0.07815371	      0.08086882	      0.06325637	      0.07434000	      0.05234039	      0.01820031	      0.02943583	      0.00899668	      0.19505728	      0.11020672	      0.10576694	      0.30276744	      0.07246056	      0.11405001	      0.52388362	      0.14041499	      0.32863547	      0.37725481	      0.23255490	      0.50993503	      0.24402399	      0.23772478	      0.28917084	      0.30633589	      0.28281948	      0.03911321	      0.10656702	      0.09102516	      0.35357023	      0.04959813	      0.04564312	      0.38052377	      0.11246696	      0.35182299	      0.31256810	      0.35583494	      0.33659560	      0.38550742	      0.39847323	      0.05454758	      0.07551869	      0.07745989	      0.06230423	      0.07301243	      0.05121347	      0.01767033	      0.02848888	      0.01527920	      0.18143239	      0.10774376	      0.11853414	      0.32537401	      0.08198677	      0.11187527	      0.42684807	      0.13318945	      0.35362582	      0.41660935	      0.28150859	      0.40694820	      0.21186438	      0.25730613	      0.25751038	      0.27380194	      0.25159746
      4.52000000	      0.04146075	      0.15168942	      0.10039006	      0.33822206	      0.05412171	      0.04775336	      0.35085293	      0.11984787	      0.37274410	      0.33733449	      0.33434385	      0.31018826	      0.31774050	      0.32733725	      0.05593146	      0.07815371	      0.08086882	      0.06325637	      0.07434000	      0.05234039	      0.01820031	      0.02943583	      0.00907303	      0.19505728	      0.11020672	      0.10575972	      0.30275718	      0.07252477	      0.11405001	      0.52383264	      0.14041499	      0.32869986	      0.37732167	      0.23251556	      0.50992367	      0.24405950	      0.23771385	      0.28918299	      0.30634732	      0.28283103	      0.03911321	      0.10655233	      0.09102516	      0.35357696	      0.04959813	      0.04564312	      0.38052328	      0.11246696	      0.35181689	      0.31256160	      0.35583530	      0.33659674	      0.38550030	      0.39846328	      0.05454758	      0.07551869	      0.07745989	      0.06230423	      0.07301243	      0.05121347	      0.01767033	      0.02848888	      0.01526221	      0.18143239	      0.10774376	      0.11853467	      0.32537500	      0.08198621	      0.11187527	      0.42684782	      0.13318945	      0.35361597	      0.41659760	      0.28151293	      0.40688741	      0.21185725	      0.25730672	      0.25752131	      0.27381121	      0.25160730
      4.52500000	      0.04146075	      0.15152787	      0.10039006	      0.33827561	      0.05412171	      0.04775336	      0.35092562	      0.11984787	      0.37277388	      0.33736624	      0.33433377	      0.31017254	      0.31769886	      0.32729414	      0.05593146	      0.07815371	      0.08086882	      0.06325637	      0.07434000	      0.05234039	      0.01820031	      0.02943583	      0.00915071	      0.19505728	      0.11020672	      0.10575268	      0.30274719	      0.07258893	      0.11405001	      0.52377688	      0.14041499	      0.32876777	      0.37739288	      0.23247725	      0.50991529	      0.24409405	      0.23770321	      0.28918914	      0.30635311	      0.28283688	      0.03911321	      0.10653386	      0.09102516	      0.35357916	      0.04959813	      0.04564312	      0.38052788	      0.11246696	      0.35181288	      0.31255733	      0.35583553	      0.33659748	      0.38549742	      0.39845897	      0.05454758	      0.07551869	      0.07745989	      0.06230423	      0.07301243	      0.05121347	      0.01767033	      0.02848888	      0.01524551	      0.18143239	      0.10774376	      0.11853501	      0.32537566	      0.08198562	      0.11187527	      0.42684499	      0.13318945	      0.35361312	      0.41659401	      0.28151578	      0.40683224	      0.21185255	      0.25730711	      0.25752687	      0.27381593	      0.25161230
      4.53000000	      0.04146075	      0.15136649	      0.10039006	      0.33832715	      0.05412171	      0.04775336	      0.35099946	      0.11984787	      0.37280286	      0.33739713	      0.33432395	      0.31015722	      0.31766101	      0.32725685	      0.05593146	      0.07815371	      0.08086882	      0.06325637	      0.07434000	      0.05234039	      0.01820031	      0.02943583	      0.00922906	      0.19505728	      0.11020672	      0.10574583	      0.30273746	      0.07265247	      0.11405001	      0.52371814	      0.14041499	      0.32883763	      0.37746654	      0.23243997	      0.50990984	      0.24412768	      0.23769284	      0.28919073	      0.30635460	      0.28283839	      0.03911321	      0.10651183	      0.09102516	      0.35357673	      0.04959813	      0.04564312	      0.38053534	      0.11246696	      0.35181071	      0.31255502	      0.35583565	      0.33659789	      0.38549760	      0.39845879	      0.05454758	      0.07551869	      0.07745989	      0.06230423	      0.07301243	      0.05121347	      0.01767033	      0.02848888	      0.01522929	      0.18143239	      0.10774376	      0.11853520	      0.32537601	      0.08198498	      0.11187527	      0.42684120	      0.13318945	      0.35361472	      0.41659547	      0.28151733	      0.40678383	      0.21185001	      0.25730732	      0.25752834	      0.27381718	      0.25161362
      4.53500000	      0.04146075	      0.15120652	      0.10039006	      0.33837660	      0.05412171	      0.04775336	      0.35106740	      0.11984787	      0.37283109	      0.33742722	      0.33431438	      0.31014230	      0.31762153	      0.32721597	      0.05593146	      0.07815371	      0.08086882	      0.06325637	      0.07434000	      0.05234039	      0.01820031	      0.02943583	      0.00930745	      0.19505728	      0.11020672	      0.10573914	      0.30272798	      0.07271491	      0.11405001	      0.52366563	      0.14041499	      0.32890187	      0.37753325	      0.23240364	      0.50990782	      0.24416042	      0.23768274	      0.28919655	      0.30636009	      0.28284393	      0.03911321	      0.10648658	      0.09102516	      0.35356970	      0.04959813	      0.04564312	      0.38053269	      0.11246696	      0.35181007	      0.31255434	      0.35583569	      0.33659801	      0.38549207	      0.39845183	      0.05454758	      0.07551869	      0.07745989	      0.06230423	      0.07301243	      0.05121347	      0.01767033	      0.02848888	      0.01521373	      0.18143239	      0.10774376	      0.11853525	      0.32537611	      0.08198427	      0.11187527	      0.42684574	      0.13318945	      0.35360535	      0.41658310	      0.28151778	      0.40674458	      0.21184926	      0.25730738	      0.25753378	      0.27382178	      0.25161851
      4.54000000	      0.04146075	      0.15104764	      0.10039006	      0.33842431	      0.05412171	      0.04775336	      0.35113729	      0.11984787	      0.37285888	      0.33745684	      0.33430495	      0.31012759	      0.31758594	      0.32718148	      0.05593146	      0.07815371	      0.08086882	      0.06325637	      0.07434000	      0.05234039	      0.01820031	      0.02943583	      0.00938600	      0.19505728	      0.11020672	      0.10573256	      0.30271864	      0.07277639	      0.11405001	      0.52360913	      0.14041499	      0.32896886	      0.37760352	      0.23236787	      0.50990812	      0.24419266	      0.23767278	      0.28919687	      0.30636039	      0.28284424	      0.03911321	      0.10645833	      0.09102516	      0.35355815	      0.04959813	      0.04564312	      0.38053436	      0.11246696	      0.35181066	      0.31255497	      0.35583566	      0.33659790	      0.38549119	      0.39845086	      0.05454758	      0.07551869	      0.07745989	      0.06230423	      0.07301243	      0.05121347	      0.01767033	      0.02848888	      0.01519878	      0.18143239	      0.10774376	      0.11853520	      0.32537602	      0.08198343	      0.11187527	      0.42684826	      0.13318945	      0.35360228	      0.41657806	      0.28151736	      0.40671250	      0.21184996	      0.25730733	      0.25753414	      0.27382209	      0.25161883
      4.54500000	      0.04146075	      0.15089052	      0.10039006	      0.33847032	      0.05412171	      0.04775336	      0.35120496	      0.11984787	      0.37288635	      0.33748612	      0.33429562	      0.31011305	      0.31755085	      0.32714753	      0.05593146	      0.07815371	      0.08086882	      0.06325637	      0.07434000	      0.05234039	      0.01820031	      0.02943583	      0.00946437	      0.19505728	      0.11020672	      0.10572606	      0.30270941	      0.07283668	      0.11405001	      0.52355414	      0.14041499	      0.32903411	      0.37767175	      0.23233250	      0.50991092	      0.24422452	      0.23766293	      0.28919704	      0.30636054	      0.28284440	      0.03911321	      0.10642748	      0.09102516	      0.35354220	      0.04959813	      0.04564312	      0.38053230	      0.11246696	      0.35181222	      0.31255663	      0.35583557	      0.33659761	      0.38548955	      0.39844912	      0.05454758	      0.07551869	      0.07745989	      0.06230423	      0.07301243	      0.05121347	      0.01767033	      0.02848888	      0.01518453	      0.18143239	      0.10774376	      0.11853507	      0.32537576	      0.08198240	      0.11187527	      0.42685451	      0.13318945	      0.35359593	      0.41656863	      0.28151625	      0.40668897	      0.21185178	      0.25730718	      0.25753446	      0.27382237	      0.25161913
      4.55000000	      0.04146075	      0.15073560	      0.10039006	      0.33851471	      0.05412171	      0.04775336	      0.35127094	      0.11984787	      0.37291363	      0.33751519	      0.33428634	      0.31009860	      0.31751647	      0.32711466	      0.05593146	      0.07815371	      0.08086882	      0.06325637	      0.07434000	      0.05234039	      0.01820031	      0.02943583	      0.00954230	      0.19505728	      0.11020672	      0.10571959	      0.30270024	      0.07289561	      0.11405001	      0.52349998	      0.14041499	      0.32909816	      0.37773865	      0.23229737	      0.50991590	      0.24425615	      0.23765315	      0.28919640	      0.30635994	      0.28284379	      0.03911321	      0.10639446	      0.09102516	      0.35352203	      0.04959813	      0.04564312	      0.38052732	      0.11246696	      0.35181449	      0.31255904	      0.35583543	      0.33659719	      0.38548789	      0.39844751	      0.05454758	      0.07551869	      0.07745989	      0.06230423	      0.07301243	      0.05121347	      0.01767033	      0.02848888	      0.01517097	      0.18143239	      0.10774376	      0.11853487	      0.32537539	      0.08198111	      0.11187527	      0.42686386	      0.13318945	      0.35358729	      0.41655607	      0.28151464	      0.40667397	      0.21185443	      0.25730696	      0.25753426	      0.27382219	      0.25161894
      4.55500000	      0.04146075	      0.15058287	      0.10039006	      0.33855771	      0.05412171	      0.04775336	      0.35133593	      0.11984787	      0.37294090	      0.33754426	      0.33427706	      0.31008414	      0.31748294	      0.32708328	      0.05593146	      0.07815371	      0.08086882	      0.06325637	      0.07434000	      0.05234039	      0.01820031	      0.02943583	      0.00961976	      0.19505728	      0.11020672	      0.10571312	      0.30269106	      0.07295323	      0.11405001	      0.52344587	      0.14041499	      0.32916169	      0.37780510	      0.23226224	      0.50992273	      0.24428778	      0.23764336	      0.28919436	      0.30635802	      0.28284184	      0.03911321	      0.10635966	      0.09102516	      0.35349779	      0.04959813	      0.04564312	      0.38052025	      0.11246696	      0.35181725	      0.31256199	      0.35583527	      0.33659667	      0.38548696	      0.39844688	      0.05454758	      0.07551869	      0.07745989	      0.06230423	      0.07301243	      0.05121347	      0.01767033	      0.02848888	      0.01515807	      0.18143239	      0.10774376	      0.11853464	      0.32537494	      0.08197946	      0.11187527	      0.42687569	      0.13318945	      0.35357737	      0.41654163	      0.28151267	      0.40666736	      0.21185767	      0.25730669	      0.25753304	      0.27382116	      0.25161785
      4.56000000	      0.04146075	      0.15043326	      0.10039006	      0.33859931	      0.05412171	      0.04775336	      0.35140396	      0.11984787	      0.37296817	      0.33757332	      0.33426777	      0.31006967	      0.31745356	      0.32705919	      0.05593146	      0.07815371	      0.08086882	      0.06325637	      0.07434000	      0.05234039	      0.01820031	      0.02943583	      0.00969623	      0.19505728	      0.11020672	      0.10570664	      0.30268187	      0.07300920	      0.11405001	      0.52338638	      0.14041499	      0.32922903	      0.37787661	      0.23222710	      0.50993062	      0.24431940	      0.23763356	      0.28918546	      0.30634964	      0.28283338	      0.03911321	      0.10632365	      0.09102516	      0.35346978	      0.04959813	      0.04564312	      0.38051725	      0.11246696	      0.35182031	      0.31256524	      0.35583510	      0.33659610	      0.38549116	      0.39845265	      0.05454758	      0.07551869	      0.07745989	      0.06230423	      0.07301243	      0.05121347	      0.01767033	      0.02848888	      0.01514585	      0.18143239	      0.10774376	      0.11853437	      0.32537445	      0.08197739	      0.11187527	      0.42688553	      0.13318945	      0.35357356	      0.41653441	      0.28151049	      0.40666827	      0.21186125	      0.25730639	      0.25752701	      0.27381604	      0.25161242
      4.56500000	      0.04146075	      0.15028643	      0.10039006	      0.33863985	      0.05412171	      0.04775336	      0.35146895	      0.11984787	      0.37299564	      0.33760260	      0.33425841	      0.31005509	      0.31742298	      0.32703318	      0.05593146	      0.07815371	      0.08086882	      0.06325637	      0.07434000	      0.05234039	      0.01820031	      0.02943583	      0.00977186	      0.19505728	      0.11020672	      0.10570012	      0.30267262	      0.07306368	      0.11405001	      0.52332978	      0.14041499	      0.32929358	      0.37794486	      0.23219170	      0.50993998	      0.24435125	      0.23762368	      0.28917812	      0.30634273	      0.28282640	      0.03911321	      0.10628674	      0.09102516	      0.35343812	      0.04959813	      0.04564312	      0.38050941	      0.11246696	      0.35182351	      0.31256866	      0.35583491	      0.33659550	      0.38549433	      0.39845717	      0.05454758	      0.07551869	      0.07745989	      0.06230423	      0.07301243	      0.05121347	      0.01767033	      0.02848888	      0.01513422	      0.18143239	      0.10774376	      0.11853410	      0.32537393	      0.08197480	      0.11187527	      0.42689974	      0.13318945	      0.35356520	      0.41652135	      0.28150821	      0.40667783	      0.21186500	      0.25730608	      0.25752178	      0.27381161	      0.25160772
      4.57000000	      0.04146075	      0.15014169	      0.10039006	      0.33867978	      0.05412171	      0.04775336	      0.35152910	      0.11984787	      0.37302356	      0.33763236	      0.33424888	      0.31004025	      0.31738900	      0.32700167	      0.05593146	      0.07815371	      0.08086882	      0.06325637	      0.07434000	      0.05234039	      0.01820031	      0.02943583	      0.00984695	      0.19505728	      0.11020672	      0.10569348	      0.30266321	      0.07311695	      0.11405001	      0.52327879	      0.14041499	      0.32935331	      0.37800722	      0.23215570	      0.50995080	      0.24438362	      0.23761364	      0.28917542	      0.30634018	      0.28282382	      0.03911321	      0.10624910	      0.09102516	      0.35340275	      0.04959813	      0.04564312	      0.38049271	      0.11246696	      0.35182677	      0.31257213	      0.35583472	      0.33659490	      0.38549377	      0.39845709	      0.05454758	      0.07551869	      0.07745989	      0.06230423	      0.07301243	      0.05121347	      0.01767033	      0.02848888	      0.01512306	      0.18143239	      0.10774376	      0.11853382	      0.32537340	      0.08197158	      0.11187527	      0.42692123	      0.13318945	      0.35354749	      0.41649660	      0.28150590	      0.40669666	      0.21186881	      0.25730576	      0.25751985	      0.27380996	      0.25160597
      4.57500000	      0.04146075	      0.15000329	      0.10039006	      0.33871825	      0.05412171	      0.04775336	      0.35159751	      0.11984787	      0.37305120	      0.33766181	      0.33423945	      0.31002556	      0.31736405	      0.32698569	      0.05593146	      0.07815371	      0.08086882	      0.06325637	      0.07434000	      0.05234039	      0.01820031	      0.02943583	      0.00991926	      0.19505728	      0.11020672	      0.10568691	      0.30265389	      0.07316749	      0.11405001	      0.52321531	      0.14041499	      0.32942239	      0.37808191	      0.23212007	      0.50996078	      0.24441565	      0.23760369	      0.28915846	      0.30632423	      0.28280770	      0.03911321	      0.10621213	      0.09102516	      0.35336483	      0.04959813	      0.04564312	      0.38048919	      0.11246696	      0.35182990	      0.31257546	      0.35583454	      0.33659431	      0.38550467	      0.39847114	      0.05454758	      0.07551869	      0.07745989	      0.06230423	      0.07301243	      0.05121347	      0.01767033	      0.02848888	      0.01511265	      0.18143239	      0.10774376	      0.11853355	      0.32537289	      0.08196774	      0.11187527	      0.42693391	      0.13318945	      0.35354676	      0.41649251	      0.28150367	      0.40672116	      0.21187248	      0.25730546	      0.25750773	      0.27379969	      0.25159509
      4.58000000	      0.04146075	      0.14986711	      0.10039006	      0.33875674	      0.05412171	      0.04775336	      0.35166155	      0.11984787	      0.37307937	      0.33769183	      0.33422982	      0.31001057	      0.31733550	      0.32696396	      0.05593146	      0.07815371	      0.08086882	      0.06325637	      0.07434000	      0.05234039	      0.01820031	      0.02943583	      0.00999090	      0.19505728	      0.11020672	      0.10568020	      0.30264438	      0.07321684	      0.11405001	      0.52315712	      0.14041499	      0.32948702	      0.37815119	      0.23208373	      0.50997147	      0.24444830	      0.23759353	      0.28914629	      0.30631277	      0.28279612	      0.03911321	      0.10617504	      0.09102516	      0.35332340	      0.04959813	      0.04564312	      0.38047672	      0.11246696	      0.35183297	      0.31257873	      0.35583437	      0.33659374	      0.38551183	      0.39848057	      0.05454758	      0.07551869	      0.07745989	      0.06230423	      0.07301243	      0.05121347	      0.01767033	      0.02848888	      0.01510263	      0.18143239	      0.10774376	      0.11853329	      0.32537239	      0.08196312	      0.11187527	      0.42695391	      0.13318945	      0.35353660	      0.41647665	      0.28150148	      0.40675491	      0.21187607	      0.25730516	      0.25749900	      0.27379228	      0.25158723
      4.58500000	      0.04146075	      0.14973566	      0.10039006	      0.33879491	      0.05412171	      0.04775336	      0.35172541	      0.11984787	      0.37310759	      0.33772190	      0.33422017	      0.30999555	      0.31730784	      0.32694381	      0.05593146	      0.07815371	      0.08086882	      0.06325637	      0.07434000	      0.05234039	      0.01820031	      0.02943583	      0.01006051	      0.19505728	      0.11020672	      0.10567348	      0.30263485	      0.07326409	      0.11405001	      0.52309836	      0.14041499	      0.32955173	      0.37822098	      0.23204732	      0.50998171	      0.24448101	      0.23758336	      0.28913260	      0.30629988	      0.28278310	      0.03911321	      0.10613867	      0.09102516	      0.35327916	      0.04959813	      0.04564312	      0.38046284	      0.11246696	      0.35183592	      0.31258188	      0.35583419	      0.33659319	      0.38552035	      0.39849163	      0.05454758	      0.07551869	      0.07745989	      0.06230423	      0.07301243	      0.05121347	      0.01767033	      0.02848888	      0.01509315	      0.18143239	      0.10774376	      0.11853303	      0.32537191	      0.08195772	      0.11187527	      0.42697563	      0.13318945	      0.35352600	      0.41646012	      0.28149938	      0.40679655	      0.21187952	      0.25730488	      0.25748913	      0.27378391	      0.25157836
      4.59000000	      0.04146075	      0.14960909	      0.10039006	      0.33883312	      0.05412171	      0.04775336	      0.35178935	      0.11984787	      0.37313575	      0.33775192	      0.33421053	      0.30998055	      0.31728111	      0.32692524	      0.05593146	      0.07815371	      0.08086882	      0.06325637	      0.07434000	      0.05234039	      0.01820031	      0.02943583	      0.01012799	      0.19505728	      0.11020672	      0.10566677	      0.30262534	      0.07330923	      0.11405001	      0.52303888	      0.14041499	      0.32961670	      0.37829154	      0.23201098	      0.50999106	      0.24451364	      0.23757320	      0.28911749	      0.30628566	      0.28276873	      0.03911321	      0.10610320	      0.09102516	      0.35323216	      0.04959813	      0.04564312	      0.38044750	      0.11246696	      0.35183881	      0.31258495	      0.35583403	      0.33659265	      0.38553015	      0.39850428	      0.05454758	      0.07551869	      0.07745989	      0.06230423	      0.07301243	      0.05121347	      0.01767033	      0.02848888	      0.01508421	      0.18143239	      0.10774376	      0.11853278	      0.32537144	      0.08195151	      0.11187527	      0.42699910	      0.13318945	      0.35351492	      0.41644288	      0.28149733	      0.40684613	      0.21188290	      0.25730460	      0.25747815	      0.27377459	      0.25156848
      4.59500000	      0.04146075	      0.14948790	      0.10039006	      0.33887170	      0.05412171	      0.04775336	      0.35185350	      0.11984787	      0.37316365	      0.33778165	      0.33420097	      0.30996568	      0.31725555	      0.32690842	      0.05593146	      0.07815371	      0.08086882	      0.06325637	      0.07434000	      0.05234039	      0.01820031	      0.02943583	      0.01019305	      0.19505728	      0.11020672	      0.10566011	      0.30261591	      0.07335209	      0.11405001	      0.52297861	      0.14041499	      0.32968204	      0.37836302	      0.23197497	      0.50999902	      0.24454596	      0.23756312	      0.28910107	      0.30627021	      0.28275310	      0.03911321	      0.10606886	      0.09102516	      0.35318251	      0.04959813	      0.04564312	      0.38043074	      0.11246696	      0.35184171	      0.31258804	      0.35583386	      0.33659211	      0.38554116	      0.39851841	      0.05454758	      0.07551869	      0.07745989	      0.06230423	      0.07301243	      0.05121347	      0.01767033	      0.02848888	      0.01507585	      0.18143239	      0.10774376	      0.11853254	      0.32537096	      0.08194446	      0.11187527	      0.42702426	      0.13318945	      0.35350342	      0.41642498	      0.28149526	      0.40690365	      0.21188630	      0.25730431	      0.25746606	      0.27376432	      0.25155760
      4.60000000	      0.04146075	      0.14937261	      0.10039006	      0.33891096	      0.05412171	      0.04775336	      0.35191802	      0.11984787	      0.37319102	      0.33781081	      0.33419158	      0.30995108	      0.31723142	      0.32689356	      0.05593146	      0.07815371	      0.08086882	      0.06325637	      0.07434000	      0.05234039	      0.01820031	      0.02943583	      0.01025542	      0.19505728	      0.11020672	      0.10565358	      0.30260665	      0.07339249	      0.11405001	      0.52291748	      0.14041499	      0.32974783	      0.37843559	      0.23193963	      0.51000510	      0.24457768	      0.23755323	      0.28908344	      0.30625362	      0.28273634	      0.03911321	      0.10603582	      0.09102516	      0.35313031	      0.04959813	      0.04564312	      0.38041258	      0.11246696	      0.35184473	      0.31259127	      0.35583368	      0.33659155	      0.38555329	      0.39853395	      0.05454758	      0.07551869	      0.07745989	      0.06230423	      0.07301243	      0.05121347	      0.01767033	      0.02848888	      0.01506812	      0.18143239	      0.10774376	      0.11853228	      0.32537047	      0.08193659	      0.11187527	      0.42705107	      0.13318945	      0.35349153	      0.41640651	      0.28149310	      0.40696911	      0.21188984	      0.25730402	      0.25745287	      0.27375312	      0.25154573
      4.60500000	      0.04146075	      0.14926372	      0.10039006	      0.33895124	      0.05412171	      0.04775336	      0.35198304	      0.11984787	      0.37321757	      0.33783911	      0.33418247	      0.30993690	      0.31720901	      0.32688090	      0.05593146	      0.07815371	      0.08086882	      0.06325637	      0.07434000	      0.05234039	      0.01820031	      0.02943583	      0.01031482	      0.19505728	      0.11020672	      0.10564724	      0.30259767	      0.07343025	      0.11405001	      0.52285543	      0.14041499	      0.32981418	      0.37850942	      0.23190534	      0.51000879	      0.24460844	      0.23754362	      0.28906473	      0.30623601	      0.28271853	      0.03911321	      0.10600418	      0.09102516	      0.35307566	      0.04959813	      0.04564312	      0.38039307	      0.11246696	      0.35184803	      0.31259478	      0.35583349	      0.33659093	      0.38556644	      0.39855078	      0.05454758	      0.07551869	      0.07745989	      0.06230423	      0.07301243	      0.05121347	      0.01767033	      0.02848888	      0.01506108	      0.18143239	      0.10774376	      0.11853199	      0.32536993	      0.08192792	      0.11187527	      0.42707945	      0.13318945	      0.35347931	      0.41638755	      0.28149076	      0.40704254	      0.21189370	      0.25730370	      0.25743855	      0.27374096	      0.25153284
      4.61000000	      0.04146075	      0.14916173	      0.10039006	      0.33899289	      0.05412171	      0.04775336	      0.35204870	      0.11984787	      0.37324301	      0.33786622	      0.33417373	      0.30992331	      0.31718866	      0.32687067	      0.05593146	      0.07815371	      0.08086882	      0.06325637	      0.07434000	      0.05234039	      0.01820031	      0.02943583	      0.01037100	      0.19505728	      0.11020672	      0.10564116	      0.30258906	      0.07346521	      0.11405001	      0.52279241	      0.14041499	      0.32988117	      0.37858465	      0.23187249	      0.51000965	      0.24463790	      0.23753442	      0.28904506	      0.30621749	      0.28269982	      0.03911321	      0.10597404	      0.09102516	      0.35301861	      0.04959813	      0.04564312	      0.38037227	      0.11246696	      0.35185174	      0.31259873	      0.35583328	      0.33659024	      0.38558049	      0.39856880	      0.05454758	      0.07551869	      0.07745989	      0.06230423	      0.07301243	      0.05121347	      0.01767033	      0.02848888	      0.01505480	      0.18143239	      0.10774376	      0.11853167	      0.32536933	      0.08191847	      0.11187527	      0.42710934	      0.13318945	      0.35346684	      0.41636817	      0.28148812	      0.40712391	      0.21189804	      0.25730334	      0.25742310	      0.27372783	      0.25151894
      4.61500000	      0.04146075	      0.14906709	      0.10039006	      0.33903623	      0.05412171	      0.04775336	      0.35211511	      0.11984787	      0.37326702	      0.33789181	      0.33416547	      0.30991048	      0.31717066	      0.32686312	      0.05593146	      0.07815371	      0.08086882	      0.06325637	      0.07434000	      0.05234039	      0.01820031	      0.02943583	      0.01042375	      0.19505728	      0.11020672	      0.10563542	      0.30258092	      0.07349717	      0.11405001	      0.52272837	      0.14041499	      0.32994889	      0.37866143	      0.23184146	      0.51000726	      0.24466572	      0.23752572	      0.28902455	      0.30619819	      0.28268031	      0.03911321	      0.10594543	      0.09102516	      0.35295925	      0.04959813	      0.04564312	      0.38035023	      0.11246696	      0.35185603	      0.31260331	      0.35583303	      0.33658944	      0.38559533	      0.39858791	      0.05454758	      0.07551869	      0.07745989	      0.06230423	      0.07301243	      0.05121347	      0.01767033	      0.02848888	      0.01504933	      0.18143239	      0.10774376	      0.11853130	      0.32536863	      0.08190828	      0.11187527	      0.42714068	      0.13318945	      0.35345417	      0.41634848	      0.28148506	      0.40721322	      0.21190307	      0.25730292	      0.25740648	      0.27371371	      0.25150399
      4.62000000	      0.04146075	      0.14898020	      0.10039006	      0.33908154	      0.05412171	      0.04775336	      0.35218235	      0.11984787	      0.37328933	      0.33791558	      0.33415780	      0.30989855	      0.31715531	      0.32685846	      0.05593146	      0.07815371	      0.08086882	      0.06325637	      0.07434000	      0.05234039	      0.01820031	      0.02943583	      0.01047290	      0.19505728	      0.11020672	      0.10563008	      0.30257336	      0.07352597	      0.11405001	      0.52266330	      0.14041499	      0.33001739	      0.37873987	      0.23181262	      0.51000129	      0.24469156	      0.23751764	      0.28900335	      0.30617824	      0.28266013	      0.03911321	      0.10591837	      0.09102516	      0.35289760	      0.04959813	      0.04564312	      0.38032702	      0.11246696	      0.35186106	      0.31260867	      0.35583274	      0.33658850	      0.38561086	      0.39860800	      0.05454758	      0.07551869	      0.07745989	      0.06230423	      0.07301243	      0.05121347	      0.01767033	      0.02848888	      0.01504473	      0.18143239	      0.10774376	      0.11853087	      0.32536781	      0.08189739	      0.11187527	      0.42717338	      0.13318945	      0.35344140	      0.41632855	      0.28148147	      0.40731042	      0.21190896	      0.25730243	      0.25738869	      0.27369859	      0.25148797
      4.62500000	      0.04146075	      0.14890139	      0.10039006	      0.33912909	      0.05412171	      0.04775336	      0.35225048	      0.11984787	      0.37330970	      0.33793729	      0.33415079	      0.30988765	      0.31714282	      0.32685685	      0.05593146	      0.07815371	      0.08086882	      0.06325637	      0.07434000	      0.05234039	      0.01820031	      0.02943583	      0.01051833	      0.19505728	      0.11020672	      0.10562521	      0.30256646	      0.07355147	      0.11405001	      0.52259718	      0.14041499	      0.33008672	      0.37882003	      0.23178630	      0.50999152	      0.24471515	      0.23751025	      0.28898158	      0.30615775	      0.28263942	      0.03911321	      0.10589284	      0.09102516	      0.35283373	      0.04959813	      0.04564312	      0.38030271	      0.11246696	      0.35186699	      0.31261498	      0.35583239	      0.33658739	      0.38562698	      0.39862896	      0.05454758	      0.07551869	      0.07745989	      0.06230423	      0.07301243	      0.05121347	      0.01767033	      0.02848888	      0.01504105	      0.18143239	      0.10774376	      0.11853036	      0.32536685	      0.08188584	      0.11187527	      0.42720737	      0.13318945	      0.35342858	      0.41630849	      0.28147725	      0.40741541	      0.21191590	      0.25730185	      0.25736969	      0.27368243	      0.25147087
      4.63000000	      0.04146075	      0.14883089	      0.10039006	      0.33917907	      0.05412171	      0.04775336	      0.35231950	      0.11984787	      0.37332793	      0.33795671	      0.33414451	      0.30987789	      0.31713338	      0.32685839	      0.05593146	      0.07815371	      0.08086882	      0.06325637	      0.07434000	      0.05234039	      0.01820031	      0.02943583	      0.01055999	      0.19505728	      0.11020672	      0.10562084	      0.30256027	      0.07357354	      0.11405001	      0.52253005	      0.14041499	      0.33015689	      0.37890196	      0.23176273	      0.50997781	      0.24473626	      0.23750364	      0.28895936	      0.30613684	      0.28261827	      0.03911321	      0.10586880	      0.09102516	      0.35276767	      0.04959813	      0.04564312	      0.38027737	      0.11246696	      0.35187393	      0.31262238	      0.35583199	      0.33658609	      0.38564359	      0.39865073	      0.05454758	      0.07551869	      0.07745989	      0.06230423	      0.07301243	      0.05121347	      0.01767033	      0.02848888	      0.01503829	      0.18143239	      0.10774376	      0.11852976	      0.32536571	      0.08187366	      0.11187527	      0.42724259	      0.13318945	      0.35341579	      0.41628839	      0.28147230	      0.40752804	      0.21192404	      0.25730118	      0.25734947	      0.27366523	      0.25145266
      4.63500000	      0.04146075	      0.14876881	      0.10039006	      0.33923165	      0.05412171	      0.04775336	      0.35238941	      0.11984787	      0.37334389	      0.33797372	      0.33413900	      0.30986934	      0.31712710	      0.32686313	      0.05593146	      0.07815371	      0.08086882	      0.06325637	      0.07434000	      0.05234039	      0.01820031	      0.02943583	      0.01059789	      0.19505728	      0.11020672	      0.10561702	      0.30255486	      0.07359208	      0.11405001	      0.52246194	      0.14041499	      0.33022790	      0.37898566	      0.23174209	      0.50996014	      0.24475474	      0.23749784	      0.28893681	      0.30611562	      0.28259682	      0.03911321	      0.10584618	      0.09102516	      0.35269943	      0.04959813	      0.04564312	      0.38025108	      0.11246696	      0.35188202	      0.31263099	      0.35583152	      0.33658458	      0.38566063	      0.39867322	      0.05454758	      0.07551869	      0.07745989	      0.06230423	      0.07301243	      0.05121347	      0.01767033	      0.02848888	      0.01503646	      0.18143239	      0.10774376	      0.11852907	      0.32536440	      0.08186089	      0.11187527	      0.42727895	      0.13318945	      0.35340310	      0.41626831	      0.28146654	      0.40764812	      0.21193350	      0.25730039	      0.25732800	      0.27364697	      0.25143333
      4.64000000	      0.04146075	      0.14871517	      0.10039006	      0.33928691	      0.05412171	      0.04775336	      0.35246014	      0.11984787	      0.37335752	      0.33798823	      0.33413431	      0.30986205	      0.31712396	      0.32687102	      0.05593146	      0.07815371	      0.08086882	      0.06325637	      0.07434000	      0.05234039	      0.01820031	      0.02943583	      0.01063212	      0.19505728	      0.11020672	      0.10561376	      0.30255024	      0.07360704	      0.11405001	      0.52239292	      0.14041499	      0.33029971	      0.37907108	      0.23172448	      0.50993861	      0.24477051	      0.23749290	      0.28891406	      0.30609422	      0.28257517	      0.03911321	      0.10582489	      0.09102516	      0.35262906	      0.04959813	      0.04564312	      0.38022394	      0.11246696	      0.35189132	      0.31264091	      0.35583097	      0.33658284	      0.38567803	      0.39869637	      0.05454758	      0.07551869	      0.07745989	      0.06230423	      0.07301243	      0.05121347	      0.01767033	      0.02848888	      0.01503550	      0.18143239	      0.10774376	      0.11852827	      0.32536288	      0.08184755	      0.11187527	      0.42731638	      0.13318945	      0.35339057	      0.41624836	      0.28145991	      0.40777534	      0.21194440	      0.25729948	      0.25730527	      0.27362763	      0.25141287
      4.64500000	      0.04146075	      0.14866986	      0.10039006	      0.33934491	      0.05412171	      0.04775336	      0.35253161	      0.11984787	      0.37336879	      0.33800025	      0.33413042	      0.30985600	      0.31712393	      0.32688195	      0.05593146	      0.07815371	      0.08086882	      0.06325637	      0.07434000	      0.05234039	      0.01820031	      0.02943583	      0.01066283	      0.19505728	      0.11020672	      0.10561105	      0.30254641	      0.07361839	      0.11405001	      0.52232309	      0.14041499	      0.33037226	      0.37915814	      0.23170990	      0.50991340	      0.24478357	      0.23748880	      0.28889122	      0.30607272	      0.28255344	      0.03911321	      0.10580482	      0.09102516	      0.35255659	      0.04959813	      0.04564312	      0.38019603	      0.11246696	      0.35190192	      0.31265220	      0.35583036	      0.33658086	      0.38569574	      0.39872014	      0.05454758	      0.07551869	      0.07745989	      0.06230423	      0.07301243	      0.05121347	      0.01767033	      0.02848888	      0.01503536	      0.18143239	      0.10774376	      0.11852735	      0.32536115	      0.08183366	      0.11187527	      0.42735480	      0.13318945	      0.35337828	      0.41622860	      0.28145235	      0.40790935	      0.21195681	      0.25729845	      0.25728128	      0.27360720	      0.25139126
      4.65000000	      0.04146075	      0.14863265	      0.10039006	      0.33940561	      0.05412171	      0.04775336	      0.35260369	      0.11984787	      0.37337778	      0.33800983	      0.33412732	      0.30985119	      0.31712685	      0.32689573	      0.05593146	      0.07815371	      0.08086882	      0.06325637	      0.07434000	      0.05234039	      0.01820031	      0.02943583	      0.01069024	      0.19505728	      0.11020672	      0.10560890	      0.30254336	      0.07362616	      0.11405001	      0.52225256	      0.14041499	      0.33044550	      0.37924672	      0.23169827	      0.50988479	      0.24479397	      0.23748554	      0.28886839	      0.30605124	      0.28253171	      0.03911321	      0.10578583	      0.09102516	      0.35248202	      0.04959813	      0.04564312	      0.38016746	      0.11246696	      0.35191385	      0.31266491	      0.35582966	      0.33657863	      0.38571373	      0.39874448	      0.05454758	      0.07551869	      0.07745989	      0.06230423	      0.07301243	      0.05121347	      0.01767033	      0.02848888	      0.01503593	      0.18143239	      0.10774376	      0.11852633	      0.32535921	      0.08181924	      0.11187527	      0.42739413	      0.13318945	      0.35336626	      0.41620910	      0.28144384	      0.40804974	      0.21197078	      0.25729729	      0.25725602	      0.27358569	      0.25136851
      4.65500000	      0.04146075	      0.14860319	      0.10039006	      0.33946896	      0.05412171	      0.04775336	      0.35267625	      0.11984787	      0.37338459	      0.33801708	      0.33412497	      0.30984754	      0.31713254	      0.32691213	      0.05593146	      0.07815371	      0.08086882	      0.06325637	      0.07434000	      0.05234039	      0.01820031	      0.02943583	      0.01071461	      0.19505728	      0.11020672	      0.10560727	      0.30254105	      0.07363043	      0.11405001	      0.52218146	      0.14041499	      0.33051931	      0.37933666	      0.23168947	      0.50985317	      0.24480185	      0.23748306	      0.28884567	      0.30602986	      0.28251009	      0.03911321	      0.10576777	      0.09102516	      0.35240540	      0.04959813	      0.04564312	      0.38013832	      0.11246696	      0.35192715	      0.31267908	      0.35582888	      0.33657614	      0.38573195	      0.39876935	      0.05454758	      0.07551869	      0.07745989	      0.06230423	      0.07301243	      0.05121347	      0.01767033	      0.02848888	      0.01503710	      0.18143239	      0.10774376	      0.11852518	      0.32535704	      0.08180430	      0.11187527	      0.42743430	      0.13318945	      0.35335459	      0.41618993	      0.28143436	      0.40819601	      0.21198635	      0.25729599	      0.25722950	      0.27356309	      0.25134462
      4.66000000	      0.04146075	      0.14858103	      0.10039006	      0.33953483	      0.05412171	      0.04775336	      0.35274911	      0.11984787	      0.37338938	      0.33802218	      0.33412331	      0.30984497	      0.31714071	      0.32693083	      0.05593146	      0.07815371	      0.08086882	      0.06325637	      0.07434000	      0.05234039	      0.01820031	      0.02943583	      0.01073626	      0.19505728	      0.11020672	      0.10560612	      0.30253942	      0.07363129	      0.11405001	      0.52210993	      0.14041499	      0.33059358	      0.37942779	      0.23168327	      0.50981898	      0.24480740	      0.23748132	      0.28882316	      0.30600868	      0.28248866	      0.03911321	      0.10575046	      0.09102516	      0.35232672	      0.04959813	      0.04564312	      0.38010871	      0.11246696	      0.35194182	      0.31269472	      0.35582802	      0.33657340	      0.38575040	      0.39879474	      0.05454758	      0.07551869	      0.07745989	      0.06230423	      0.07301243	      0.05121347	      0.01767033	      0.02848888	      0.01503874	      0.18143239	      0.10774376	      0.11852391	      0.32535464	      0.08178884	      0.11187527	      0.42747522	      0.13318945	      0.35334330	      0.41617115	      0.28142389	      0.40834765	      0.21200354	      0.25729456	      0.25720172	      0.27353941	      0.25131959
      4.66500000	      0.04146075	      0.14856562	      0.10039006	      0.33960302	      0.05412171	      0.04775336	      0.35282209	      0.11984787	      0.37339236	      0.33802536	      0.33412228	      0.30984337	      0.31715105	      0.32695148	      0.05593146	      0.07815371	      0.08086882	      0.06325637	      0.07434000	      0.05234039	      0.01820031	      0.02943583	      0.01075555	      0.19505728	      0.11020672	      0.10560540	      0.30253841	      0.07362893	      0.11405001	      0.52203816	      0.14041499	      0.33066817	      0.37951985	      0.23167941	      0.50978270	      0.24481085	      0.23748024	      0.28880095	      0.30598778	      0.28246752	      0.03911321	      0.10573370	      0.09102516	      0.35224601	      0.04959813	      0.04564312	      0.38007874	      0.11246696	      0.35195788	      0.31271183	      0.35582708	      0.33657039	      0.38576905	      0.39882062	      0.05454758	      0.07551869	      0.07745989	      0.06230423	      0.07301243	      0.05121347	      0.01767033	      0.02848888	      0.01504068	      0.18143239	      0.10774376	      0.11852253	      0.32535202	      0.08177287	      0.11187527	      0.42751683	      0.13318945	      0.35333245	      0.41615281	      0.28141242	      0.40850413	      0.21202234	      0.25729299	      0.25717268	      0.27351465	      0.25129343
      4.67000000	      0.04146075	      0.14855632	      0.10039006	      0.33967329	      0.05412171	      0.04775336	      0.35289496	      0.11984787	      0.37339378	      0.33802688	      0.33412179	      0.30984261	      0.31716318	      0.32697368	      0.05593146	      0.07815371	      0.08086882	      0.06325637	      0.07434000	      0.05234039	      0.01820031	      0.02943583	      0.01077286	      0.19505728	      0.11020672	      0.10560506	      0.30253793	      0.07362353	      0.11405001	      0.52196634	      0.14041499	      0.33074289	      0.37961259	      0.23167757	      0.50974489	      0.24481250	      0.23747972	      0.28877912	      0.30596725	      0.28244675	      0.03911321	      0.10571730	      0.09102516	      0.35216325	      0.04959813	      0.04564312	      0.38004850	      0.11246696	      0.35197532	      0.31273041	      0.35582606	      0.33656712	      0.38578790	      0.39884697	      0.05454758	      0.07551869	      0.07745989	      0.06230423	      0.07301243	      0.05121347	      0.01767033	      0.02848888	      0.01504278	      0.18143239	      0.10774376	      0.11852102	      0.32534918	      0.08175639	      0.11187527	      0.42755907	      0.13318945	      0.35332205	      0.41613493	      0.28139997	      0.40866494	      0.21204277	      0.25729128	      0.25714241	      0.27348882	      0.25126614
      4.67500000	      0.04146075	      0.14855244	      0.10039006	      0.33974533	      0.05412171	      0.04775336	      0.35296748	      0.11984787	      0.37339392	      0.33802702	      0.33412175	      0.30984253	      0.31717670	      0.32699700	      0.05593146	      0.07815371	      0.08086882	      0.06325637	      0.07434000	      0.05234039	      0.01820031	      0.02943583	      0.01078858	      0.19505728	      0.11020672	      0.10560503	      0.30253788	      0.07361534	      0.11405001	      0.52189468	      0.14041499	      0.33081757	      0.37970568	      0.23167739	      0.50970615	      0.24481266	      0.23747967	      0.28875775	      0.30594714	      0.28242641	      0.03911321	      0.10570104	      0.09102516	      0.35207840	      0.04959813	      0.04564312	      0.38001804	      0.11246696	      0.35199413	      0.31275046	      0.35582495	      0.33656359	      0.38580692	      0.39887377	      0.05454758	      0.07551869	      0.07745989	      0.06230423	      0.07301243	      0.05121347	      0.01767033	      0.02848888	      0.01504487	      0.18143239	      0.10774376	      0.11851939	      0.32534610	      0.08173939	      0.11187527	      0.42760189	      0.13318945	      0.35331212	      0.41611754	      0.28138653	      0.40882958	      0.21206481	      0.25728943	      0.25711090	      0.27346192	      0.25123774
      4.68000000	      0.04146075	      0.14855324	      0.10039006	      0.33981877	      0.05412171	      0.04775336	      0.35303937	      0.11984787	      0.37339308	      0.33802613	      0.33412203	      0.30984298	      0.31719117	      0.32702099	      0.05593146	      0.07815371	      0.08086882	      0.06325637	      0.07434000	      0.05234039	      0.01820031	      0.02943583	      0.01080311	      0.19505728	      0.11020672	      0.10560523	      0.30253816	      0.07360464	      0.11405001	      0.52182344	      0.14041499	      0.33089195	      0.37979877	      0.23167848	      0.50966707	      0.24481169	      0.23747997	      0.28873690	      0.30592752	      0.28240656	      0.03911321	      0.10568471	      0.09102516	      0.35199142	      0.04959813	      0.04564312	      0.37998742	      0.11246696	      0.35201432	      0.31277197	      0.35582376	      0.33655980	      0.38582612	      0.39890103	      0.05454758	      0.07551869	      0.07745989	      0.06230423	      0.07301243	      0.05121347	      0.01767033	      0.02848888	      0.01504682	      0.18143239	      0.10774376	      0.11851765	      0.32534280	      0.08172188	      0.11187527	      0.42764529	      0.13318945	      0.35330266	      0.41610062	      0.28137210	      0.40899765	      0.21208846	      0.25728745	      0.25707816	      0.27343396	      0.25120823
      4.68500000	      0.04146075	      0.14855793	      0.10039006	      0.33989317	      0.05412171	      0.04775336	      0.35311036	      0.11984787	      0.37339158	      0.33802454	      0.33412255	      0.30984378	      0.31720615	      0.32704520	      0.05593146	      0.07815371	      0.08086882	      0.06325637	      0.07434000	      0.05234039	      0.01820031	      0.02943583	      0.01081682	      0.19505728	      0.11020672	      0.10560559	      0.30253867	      0.07359173	      0.11405001	      0.52175288	      0.14041499	      0.33096579	      0.37989148	      0.23168042	      0.50962828	      0.24480996	      0.23748052	      0.28871662	      0.30590845	      0.28238727	      0.03911321	      0.10566812	      0.09102516	      0.35190224	      0.04959813	      0.04564312	      0.37995666	      0.11246696	      0.35203586	      0.31279493	      0.35582249	      0.33655575	      0.38584548	      0.39892871	      0.05454758	      0.07551869	      0.07745989	      0.06230423	      0.07301243	      0.05121347	      0.01767033	      0.02848888	      0.01504849	      0.18143239	      0.10774376	      0.11851578	      0.32533928	      0.08170384	      0.11187527	      0.42768926	      0.13318945	      0.35329364	      0.41608413	      0.28135669	      0.40916881	      0.21211370	      0.25728534	      0.25704421	      0.27340496	      0.25117761
      4.69000000	      0.04146075	      0.14856574	      0.10039006	      0.33996807	      0.05412171	      0.04775336	      0.35318011	      0.11984787	      0.37338975	      0.33802259	      0.33412318	      0.30984476	      0.31722119	      0.32706917	      0.05593146	      0.07815371	      0.08086882	      0.06325637	      0.07434000	      0.05234039	      0.01820031	      0.02943583	      0.01083008	      0.19505728	      0.11020672	      0.10560603	      0.30253929	      0.07357693	      0.11405001	      0.52168327	      0.14041499	      0.33103880	      0.37998338	      0.23168278	      0.50959041	      0.24480784	      0.23748118	      0.28869698	      0.30588997	      0.28236857	      0.03911321	      0.10565108	      0.09102516	      0.35181077	      0.04959813	      0.04564312	      0.37992575	      0.11246696	      0.35205875	      0.31281932	      0.35582113	      0.33655145	      0.38586500	      0.39895681	      0.05454758	      0.07551869	      0.07745989	      0.06230423	      0.07301243	      0.05121347	      0.01767033	      0.02848888	      0.01504975	      0.18143239	      0.10774376	      0.11851380	      0.32533554	      0.08168527	      0.11187527	      0.42773383	      0.13318945	      0.35328502	      0.41606801	      0.28134031	      0.40934280	      0.21214052	      0.25728309	      0.25700905	      0.27337490	      0.25114591
      4.69500000	      0.04146075	      0.14857585	      0.10039006	      0.34004296	      0.05412171	      0.04775336	      0.35324834	      0.11984787	      0.37338791	      0.33802062	      0.33412382	      0.30984575	      0.31723585	      0.32709246	      0.05593146	      0.07815371	      0.08086882	      0.06325637	      0.07434000	      0.05234039	      0.01820031	      0.02943583	      0.01084325	      0.19505728	      0.11020672	      0.10560647	      0.30253992	      0.07356059	      0.11405001	      0.52161491	      0.14041499	      0.33111069	      0.38007404	      0.23168517	      0.50955404	      0.24480570	      0.23748185	      0.28867800	      0.30587212	      0.28235050	      0.03911321	      0.10563340	      0.09102516	      0.35171690	      0.04959813	      0.04564312	      0.37989466	      0.11246696	      0.35208296	      0.31284513	      0.35581969	      0.33654689	      0.38588470	      0.39898534	      0.05454758	      0.07551869	      0.07745989	      0.06230423	      0.07301243	      0.05121347	      0.01767033	      0.02848888	      0.01505051	      0.18143239	      0.10774376	      0.11851170	      0.32533158	      0.08166615	      0.11187527	      0.42777905	      0.13318945	      0.35327674	      0.41605218	      0.28132298	      0.40951945	      0.21216890	      0.25728070	      0.25697269	      0.27334380	      0.25111311
      4.70000000	      0.04146075	      0.14858747	      0.10039006	      0.34011732	      0.05412171	      0.04775336	      0.35331473	      0.11984787	      0.37338636	      0.33801897	      0.33412436	      0.30984658	      0.31724971	      0.32711465	      0.05593146	      0.07815371	      0.08086882	      0.06325637	      0.07434000	      0.05234039	      0.01820031	      0.02943583	      0.01085663	      0.19505728	      0.11020672	      0.10560684	      0.30254045	      0.07354307	      0.11405001	      0.52154809	      0.14041499	      0.33118117	      0.38016302	      0.23168717	      0.50951974	      0.24480391	      0.23748242	      0.28865971	      0.30585492	      0.28233309	      0.03911321	      0.10561495	      0.09102516	      0.35162052	      0.04959813	      0.04564312	      0.37986334	      0.11246696	      0.35210848	      0.31287233	      0.35581817	      0.33654208	      0.38590457	      0.39901430	      0.05454758	      0.07551869	      0.07745989	      0.06230423	      0.07301243	      0.05121347	      0.01767033	      0.02848888	      0.01505069	      0.18143239	      0.10774376	      0.11850949	      0.32532740	      0.08164648	      0.11187527	      0.42782499	      0.13318945	      0.35326873	      0.41603654	      0.28130470	      0.40969867	      0.21219880	      0.25727818	      0.25693513	      0.27331166	      0.25107922
      4.70500000	      0.04146075	      0.14859981	      0.10039006	      0.34019065	      0.05412171	      0.04775336	      0.35337901	      0.11984787	      0.37338538	      0.33801792	      0.33412469	      0.30984711	      0.31726241	      0.32713537	      0.05593146	      0.07815371	      0.08086882	      0.06325637	      0.07434000	      0.05234039	      0.01820031	      0.02943583	      0.01087055	      0.19505728	      0.11020672	      0.10560708	      0.30254078	      0.07352473	      0.11405001	      0.52148306	      0.14041499	      0.33124997	      0.38024991	      0.23168844	      0.50948805	      0.24480277	      0.23748277	      0.28864215	      0.30583840	      0.28231637	      0.03911321	      0.10559558	      0.09102516	      0.35152149	      0.04959813	      0.04564312	      0.37983174	      0.11246696	      0.35213527	      0.31290089	      0.35581657	      0.33653703	      0.38592464	      0.39904371	      0.05454758	      0.07551869	      0.07745989	      0.06230423	      0.07301243	      0.05121347	      0.01767033	      0.02848888	      0.01505021	      0.18143239	      0.10774376	      0.11850716	      0.32532301	      0.08162623	      0.11187527	      0.42787171	      0.13318945	      0.35326091	      0.41602099	      0.28128549	      0.40988041	      0.21223020	      0.25727554	      0.25689637	      0.27327847	      0.25104424
      4.71000000	      0.04146075	      0.14861208	      0.10039006	      0.34026246	      0.05412171	      0.04775336	      0.35344092	      0.11984787	      0.37338521	      0.33801774	      0.33412475	      0.30984720	      0.31727362	      0.32715431	      0.05593146	      0.07815371	      0.08086882	      0.06325637	      0.07434000	      0.05234039	      0.01820031	      0.02943583	      0.01088528	      0.19505728	      0.11020672	      0.10560712	      0.30254084	      0.07350594	      0.11405001	      0.52142007	      0.14041499	      0.33131682	      0.38033433	      0.23168866	      0.50945943	      0.24480258	      0.23748284	      0.28862531	      0.30582257	      0.28230035	      0.03911321	      0.10557517	      0.09102516	      0.35141970	      0.04959813	      0.04564312	      0.37979979	      0.11246696	      0.35216329	      0.31293075	      0.35581489	      0.33653174	      0.38594494	      0.39907360	      0.05454758	      0.07551869	      0.07745989	      0.06230423	      0.07301243	      0.05121347	      0.01767033	      0.02848888	      0.01504902	      0.18143239	      0.10774376	      0.11850472	      0.32531842	      0.08160540	      0.11187527	      0.42791927	      0.13318945	      0.35325321	      0.41600545	      0.28126540	      0.41006468	      0.21226304	      0.25727276	      0.25685640	      0.27324423	      0.25100817
      4.71500000	      0.04146075	      0.14862350	      0.10039006	      0.34033230	      0.05412171	      0.04775336	      0.35350026	      0.11984787	      0.37338605	      0.33801864	      0.33412446	      0.30984675	      0.31728309	      0.32717121	      0.05593146	      0.07815371	      0.08086882	      0.06325637	      0.07434000	      0.05234039	      0.01820031	      0.02943583	      0.01090110	      0.19505728	      0.11020672	      0.10560692	      0.30254055	      0.07348707	      0.11405001	      0.52135934	      0.14041499	      0.33138151	      0.38041595	      0.23168758	      0.50943432	      0.24480355	      0.23748253	      0.28860922	      0.30580743	      0.28228503	      0.03911321	      0.10555360	      0.09102516	      0.35131503	      0.04959813	      0.04564312	      0.37976744	      0.11246696	      0.35219247	      0.31296186	      0.35581314	      0.33652622	      0.38596554	      0.39910403	      0.05454758	      0.07551869	      0.07745989	      0.06230423	      0.07301243	      0.05121347	      0.01767033	      0.02848888	      0.01504706	      0.18143239	      0.10774376	      0.11850218	      0.32531363	      0.08158398	      0.11187527	      0.42796776	      0.13318945	      0.35324557	      0.41598981	      0.28124445	      0.41025146	      0.21229725	      0.25726987	      0.25681522	      0.27320893	      0.25097100
      4.72000000	      0.04146075	      0.14863331	      0.10039006	      0.34039977	      0.05412171	      0.04775336	      0.35355687	      0.11984787	      0.37338804	      0.33802076	      0.33412378	      0.30984569	      0.31729062	      0.32718588	      0.05593146	      0.07815371	      0.08086882	      0.06325637	      0.07434000	      0.05234039	      0.01820031	      0.02943583	      0.01091827	      0.19505728	      0.11020672	      0.10560644	      0.30253988	      0.07346849	      0.11405001	      0.52130101	      0.14041499	      0.33144387	      0.38049448	      0.23168500	      0.50941308	      0.24480585	      0.23748181	      0.28859388	      0.30579300	      0.28227042	      0.03911321	      0.10553080	      0.09102516	      0.35120736	      0.04959813	      0.04564312	      0.37973464	      0.11246696	      0.35222275	      0.31299413	      0.35581131	      0.33652049	      0.38598649	      0.39913506	      0.05454758	      0.07551869	      0.07745989	      0.06230423	      0.07301243	      0.05121347	      0.01767033	      0.02848888	      0.01504428	      0.18143239	      0.10774376	      0.11849954	      0.32530866	      0.08156196	      0.11187527	      0.42801722	      0.13318945	      0.35323795	      0.41597402	      0.28122271	      0.41044077	      0.21233275	      0.25726686	      0.25677281	      0.27317256	      0.25093271
      4.72500000	      0.04146075	      0.14864076	      0.10039006	      0.34046453	      0.05412171	      0.04775336	      0.35361064	      0.11984787	      0.37339126	      0.33802419	      0.33412266	      0.30984396	      0.31729611	      0.32719824	      0.05593146	      0.07815371	      0.08086882	      0.06325637	      0.07434000	      0.05234039	      0.01820031	      0.02943583	      0.01093706	      0.19505728	      0.11020672	      0.10560567	      0.30253878	      0.07345055	      0.11405001	      0.52124522	      0.14041499	      0.33150378	      0.38056971	      0.23168083	      0.50939603	      0.24480958	      0.23748064	      0.28857927	      0.30577926	      0.28225651	      0.03911321	      0.10550667	      0.09102516	      0.35109660	      0.04959813	      0.04564312	      0.37970136	      0.11246696	      0.35225403	      0.31302748	      0.35580942	      0.33651456	      0.38600788	      0.39916678	      0.05454758	      0.07551869	      0.07745989	      0.06230423	      0.07301243	      0.05121347	      0.01767033	      0.02848888	      0.01504065	      0.18143239	      0.10774376	      0.11849681	      0.32530352	      0.08153932	      0.11187527	      0.42806768	      0.13318945	      0.35323029	      0.41595802	      0.28120022	      0.41063258	      0.21236944	      0.25726375	      0.25672916	      0.27313509	      0.25089329
      4.73000000	      0.04146075	      0.14864514	      0.10039006	      0.34052630	      0.05412171	      0.04775336	      0.35366152	      0.11984787	      0.37339575	      0.33802897	      0.33412111	      0.30984155	      0.31729954	      0.32720826	      0.05593146	      0.07815371	      0.08086882	      0.06325637	      0.07434000	      0.05234039	      0.01820031	      0.02943583	      0.01095770	      0.19505728	      0.11020672	      0.10560459	      0.30253726	      0.07343359	      0.11405001	      0.52119203	      0.14041499	      0.33156116	      0.38064150	      0.23167503	      0.50938344	      0.24481477	      0.23747901	      0.28856538	      0.30576619	      0.28224329	      0.03911321	      0.10548114	      0.09102516	      0.35098270	      0.04959813	      0.04564312	      0.37966760	      0.11246696	      0.35228622	      0.31306179	      0.35580747	      0.33650846	      0.38602982	      0.39919929	      0.05454758	      0.07551869	      0.07745989	      0.06230423	      0.07301243	      0.05121347	      0.01767033	      0.02848888	      0.01503611	      0.18143239	      0.10774376	      0.11849400	      0.32529823	      0.08151607	      0.11187527	      0.42811917	      0.13318945	      0.35322261	      0.41594180	      0.28117708	      0.41082683	      0.21240718	      0.25726054	      0.25668426	      0.27309653	      0.25085272
      4.73500000	      0.04146075	      0.14864577	      0.10039006	      0.34058487	      0.05412171	      0.04775336	      0.35370951	      0.11984787	      0.37340145	      0.33803505	      0.33411914	      0.30983849	      0.31730096	      0.32721600	      0.05593146	      0.07815371	      0.08086882	      0.06325637	      0.07434000	      0.05234039	      0.01820031	      0.02943583	      0.01098046	      0.19505728	      0.11020672	      0.10560322	      0.30253532	      0.07341792	      0.11405001	      0.52114146	      0.14041499	      0.33161600	      0.38070975	      0.23166765	      0.50937553	      0.24482138	      0.23747693	      0.28855219	      0.30575379	      0.28223073	      0.03911321	      0.10545418	      0.09102516	      0.35086559	      0.04959813	      0.04564312	      0.37963337	      0.11246696	      0.35231918	      0.31309693	      0.35580546	      0.33650220	      0.38605241	      0.39923270	      0.05454758	      0.07551869	      0.07745989	      0.06230423	      0.07301243	      0.05121347	      0.01767033	      0.02848888	      0.01503061	      0.18143239	      0.10774376	      0.11849112	      0.32529281	      0.08149219	      0.11187527	      0.42817167	      0.13318945	      0.35321489	      0.41592536	      0.28115335	      0.41102341	      0.21244583	      0.25725725	      0.25663807	      0.27305684	      0.25081099
      4.74000000	      0.04146075	      0.14864200	      0.10039006	      0.34064008	      0.05412171	      0.04775336	      0.35375464	      0.11984787	      0.37340829	      0.33804233	      0.33411678	      0.30983482	      0.31730051	      0.32722163	      0.05593146	      0.07815371	      0.08086882	      0.06325637	      0.07434000	      0.05234039	      0.01820031	      0.02943583	      0.01100557	      0.19505728	      0.11020672	      0.10560158	      0.30253300	      0.07340384	      0.11405001	      0.52109349	      0.14041499	      0.33166831	      0.38077445	      0.23165881	      0.50937248	      0.24482929	      0.23747445	      0.28853967	      0.30574202	      0.28221882	      0.03911321	      0.10542573	      0.09102516	      0.35074528	      0.04959813	      0.04564312	      0.37959871	      0.11246696	      0.35235277	      0.31313275	      0.35580341	      0.33649581	      0.38607578	      0.39926713	      0.05454758	      0.07551869	      0.07745989	      0.06230423	      0.07301243	      0.05121347	      0.01767033	      0.02848888	      0.01502410	      0.18143239	      0.10774376	      0.11848817	      0.32528728	      0.08146769	      0.11187527	      0.42822517	      0.13318945	      0.35320715	      0.41590873	      0.28112915	      0.41122218	      0.21248524	      0.25725389	      0.25659060	      0.27301602	      0.25076809
      4.74500000	      0.04146075	      0.14863322	      0.10039006	      0.34069182	      0.05412171	      0.04775336	      0.35379699	      0.11984787	      0.37341610	      0.33805065	      0.33411409	      0.30983063	      0.31729842	      0.32722535	      0.05593146	      0.07815371	      0.08086882	      0.06325637	      0.07434000	      0.05234039	      0.01820031	      0.02943583	      0.01103326	      0.19505728	      0.11020672	      0.10559971	      0.30253035	      0.07339162	      0.11405001	      0.52104807	      0.14041499	      0.33171816	      0.38083563	      0.23164871	      0.50937444	      0.24483833	      0.23747161	      0.28852779	      0.30573085	      0.28220751	      0.03911321	      0.10539578	      0.09102516	      0.35062178	      0.04959813	      0.04564312	      0.37956366	      0.11246696	      0.35238685	      0.31316908	      0.35580132	      0.33648932	      0.38610006	      0.39930272	      0.05454758	      0.07551869	      0.07745989	      0.06230423	      0.07301243	      0.05121347	      0.01767033	      0.02848888	      0.01501653	      0.18143239	      0.10774376	      0.11848519	      0.32528167	      0.08144256	      0.11187527	      0.42827961	      0.13318945	      0.35319945	      0.41589195	      0.28110458	      0.41142294	      0.21252522	      0.25725047	      0.25654183	      0.27297406	      0.25072401
      4.75000000	      0.04146075	      0.14861887	      0.10039006	      0.34074002	      0.05412171	      0.04775336	      0.35383665	      0.11984787	      0.37342467	      0.33805979	      0.33411112	      0.30982603	      0.31729497	      0.32722749	      0.05593146	      0.07815371	      0.08086882	      0.06325637	      0.07434000	      0.05234039	      0.01820031	      0.02943583	      0.01106375	      0.19505728	      0.11020672	      0.10559765	      0.30252743	      0.07338149	      0.11405001	      0.52100512	      0.14041499	      0.33176563	      0.38089334	      0.23163761	      0.50938152	      0.24484826	      0.23746849	      0.28851649	      0.30572022	      0.28219675	      0.03911321	      0.10536434	      0.09102516	      0.35049512	      0.04959813	      0.04564312	      0.37952829	      0.11246696	      0.35242125	      0.31320576	      0.35579921	      0.33648276	      0.38612539	      0.39933961	      0.05454758	      0.07551869	      0.07745989	      0.06230423	      0.07301243	      0.05121347	      0.01767033	      0.02848888	      0.01500786	      0.18143239	      0.10774376	      0.11848217	      0.32527600	      0.08141680	      0.11187527	      0.42833494	      0.13318945	      0.35319182	      0.41587508	      0.28107976	      0.41162547	      0.21256558	      0.25724702	      0.25649176	      0.27293094	      0.25067873
      4.75500000	      0.04146075	      0.14859849	      0.10039006	      0.34078463	      0.05412171	      0.04775336	      0.35387374	      0.11984787	      0.37343376	      0.33806947	      0.33410798	      0.30982115	      0.31729052	      0.32722841	      0.05593146	      0.07815371	      0.08086882	      0.06325637	      0.07434000	      0.05234039	      0.01820031	      0.02943583	      0.01109722	      0.19505728	      0.11020672	      0.10559547	      0.30252434	      0.07337368	      0.11405001	      0.52096453	      0.14041499	      0.33181082	      0.38094767	      0.23162585	      0.50939385	      0.24485878	      0.23746518	      0.28850572	      0.30571010	      0.28218650	      0.03911321	      0.10533144	      0.09102516	      0.35036538	      0.04959813	      0.04564312	      0.37949267	      0.11246696	      0.35245579	      0.31324259	      0.35579708	      0.33647616	      0.38615192	      0.39937793	      0.05454758	      0.07551869	      0.07745989	      0.06230423	      0.07301243	      0.05121347	      0.01767033	      0.02848888	      0.01499804	      0.18143239	      0.10774376	      0.11847913	      0.32527030	      0.08139042	      0.11187527	      0.42839108	      0.13318945	      0.35318431	      0.41585821	      0.28105482	      0.41182955	      0.21260612	      0.25724354	      0.25644037	      0.27288666	      0.25063226
      4.76000000	      0.04146075	      0.14857164	      0.10039006	      0.34082561	      0.05412171	      0.04775336	      0.35390836	      0.11984787	      0.37344308	      0.33807940	      0.33410476	      0.30981615	      0.31728548	      0.32722854	      0.05593146	      0.07815371	      0.08086882	      0.06325637	      0.07434000	      0.05234039	      0.01820031	      0.02943583	      0.01113385	      0.19505728	      0.11020672	      0.10559323	      0.30252118	      0.07336834	      0.11405001	      0.52092622	      0.14041499	      0.33185384	      0.38099872	      0.23161379	      0.50941149	      0.24486956	      0.23746179	      0.28849542	      0.30570041	      0.28217669	      0.03911321	      0.10529711	      0.09102516	      0.35023264	      0.04959813	      0.04564312	      0.37945688	      0.11246696	      0.35249031	      0.31327940	      0.35579494	      0.33646956	      0.38617977	      0.39941782	      0.05454758	      0.07551869	      0.07745989	      0.06230423	      0.07301243	      0.05121347	      0.01767033	      0.02848888	      0.01498704	      0.18143239	      0.10774376	      0.11847609	      0.32526460	      0.08136343	      0.11187527	      0.42844795	      0.13318945	      0.35317700	      0.41584141	      0.28102987	      0.41203493	      0.21264662	      0.25724006	      0.25638768	      0.27284122	      0.25058459
      4.76500000	      0.04146075	      0.14853800	      0.10039006	      0.34086294	      0.05412171	      0.04775336	      0.35394060	      0.11984787	      0.37345230	      0.33808923	      0.33410157	      0.30981120	      0.31728030	      0.32722835	      0.05593146	      0.07815371	      0.08086882	      0.06325637	      0.07434000	      0.05234039	      0.01820031	      0.02943583	      0.01117377	      0.19505728	      0.11020672	      0.10559101	      0.30251804	      0.07336562	      0.11405001	      0.52089007	      0.14041499	      0.33189478	      0.38104659	      0.23160185	      0.50943454	      0.24488024	      0.23745843	      0.28848551	      0.30569109	      0.28216726	      0.03911321	      0.10526142	      0.09102516	      0.35009700	      0.04959813	      0.04564312	      0.37942099	      0.11246696	      0.35252463	      0.31331599	      0.35579281	      0.33646299	      0.38620907	      0.39945938	      0.05454758	      0.07551869	      0.07745989	      0.06230423	      0.07301243	      0.05121347	      0.01767033	      0.02848888	      0.01497483	      0.18143239	      0.10774376	      0.11847306	      0.32525893	      0.08133583	      0.11187527	      0.42850547	      0.13318945	      0.35316992	      0.41582475	      0.28100505	      0.41224139	      0.21268690	      0.25723659	      0.25633369	      0.27279464	      0.25053574
      4.77000000	      0.04146075	      0.14849731	      0.10039006	      0.34089658	      0.05412171	      0.04775336	      0.35397056	      0.11984787	      0.37346110	      0.33809860	      0.33409853	      0.30980647	      0.31727547	      0.32722834	      0.05593146	      0.07815371	      0.08086882	      0.06325637	      0.07434000	      0.05234039	      0.01820031	      0.02943583	      0.01121708	      0.19505728	      0.11020672	      0.10558890	      0.30251505	      0.07336560	      0.11405001	      0.52085600	      0.14041499	      0.33193374	      0.38109137	      0.23159047	      0.50946306	      0.24489042	      0.23745523	      0.28847592	      0.30568207	      0.28215812	      0.03911321	      0.10522446	      0.09102516	      0.34995859	      0.04959813	      0.04564312	      0.37938507	      0.11246696	      0.35255859	      0.31335221	      0.35579069	      0.33645648	      0.38623993	      0.39950274	      0.05454758	      0.07551869	      0.07745989	      0.06230423	      0.07301243	      0.05121347	      0.01767033	      0.02848888	      0.01496142	      0.18143239	      0.10774376	      0.11847007	      0.32525332	      0.08130763	      0.11187527	      0.42856355	      0.13318945	      0.35316314	      0.41580831	      0.28098047	      0.41244872	      0.21272677	      0.25723315	      0.25627842	      0.27274691	      0.25048572
      4.77500000	      0.04146075	      0.14844942	      0.10039006	      0.34092649	      0.05412171	      0.04775336	      0.35399829	      0.11984787	      0.37346912	      0.33810715	      0.33409575	      0.30980216	      0.31727148	      0.32722902	      0.05593146	      0.07815371	      0.08086882	      0.06325637	      0.07434000	      0.05234039	      0.01820031	      0.02943583	      0.01126384	      0.19505728	      0.11020672	      0.10558697	      0.30251232	      0.07336835	      0.11405001	      0.52082394	      0.14041499	      0.33197078	      0.38113312	      0.23158008	      0.50949711	      0.24489971	      0.23745230	      0.28846656	      0.30567327	      0.28214921	      0.03911321	      0.10518632	      0.09102516	      0.34981752	      0.04959813	      0.04564312	      0.37934917	      0.11246696	      0.35259206	      0.31338791	      0.35578859	      0.33645005	      0.38627245	      0.39954796	      0.05454758	      0.07551869	      0.07745989	      0.06230423	      0.07301243	      0.05121347	      0.01767033	      0.02848888	      0.01494680	      0.18143239	      0.10774376	      0.11846711	      0.32524778	      0.08127886	      0.11187527	      0.42862211	      0.13318945	      0.35315670	      0.41579216	      0.28095622	      0.41265674	      0.21276607	      0.25722976	      0.25622188	      0.27269806	      0.25043454
      4.78000000	      0.04146075	      0.14839425	      0.10039006	      0.34095261	      0.05412171	      0.04775336	      0.35402384	      0.11984787	      0.37347604	      0.33811453	      0.33409335	      0.30979844	      0.31726881	      0.32723091	      0.05593146	      0.07815371	      0.08086882	      0.06325637	      0.07434000	      0.05234039	      0.01820031	      0.02943583	      0.01131406	      0.19505728	      0.11020672	      0.10558531	      0.30250996	      0.07337390	      0.11405001	      0.52079381	      0.14041499	      0.33200595	      0.38117190	      0.23157112	      0.50953672	      0.24490772	      0.23744978	      0.28845735	      0.30566461	      0.28214044	      0.03911321	      0.10514714	      0.09102516	      0.34967396	      0.04959813	      0.04564312	      0.37931336	      0.11246696	      0.35262492	      0.31342295	      0.35578653	      0.33644374	      0.38630670	      0.39959511	      0.05454758	      0.07551869	      0.07745989	      0.06230423	      0.07301243	      0.05121347	      0.01767033	      0.02848888	      0.01493101	      0.18143239	      0.10774376	      0.11846420	      0.32524234	      0.08124953	      0.11187527	      0.42868108	      0.13318945	      0.35315064	      0.41577636	      0.28093240	      0.41286531	      0.21280465	      0.25722642	      0.25616411	      0.27264810	      0.25038223
      4.78500000	      0.04146075	      0.14833182	      0.10039006	      0.34097488	      0.05412171	      0.04775336	      0.35404720	      0.11984787	      0.37348154	      0.33812039	      0.33409145	      0.30979549	      0.31726792	      0.32723449	      0.05593146	      0.07815371	      0.08086882	      0.06325637	      0.07434000	      0.05234039	      0.01820031	      0.02943583	      0.01136771	      0.19505728	      0.11020672	      0.10558399	      0.30250809	      0.07338222	      0.11405001	      0.52076560	      0.14041499	      0.33203925	      0.38120774	      0.23156400	      0.50958194	      0.24491409	      0.23744778	      0.28844819	      0.30565600	      0.28213173	      0.03911321	      0.10510707	      0.09102516	      0.34952803	      0.04959813	      0.04564312	      0.37927766	      0.11246696	      0.35265708	      0.31345725	      0.35578450	      0.33643755	      0.38634272	      0.39964422	      0.05454758	      0.07551869	      0.07745989	      0.06230423	      0.07301243	      0.05121347	      0.01767033	      0.02848888	      0.01491409	      0.18143239	      0.10774376	      0.11846135	      0.32523701	      0.08121965	      0.11187527	      0.42874037	      0.13318945	      0.35314500	      0.41576097	      0.28090907	      0.41307435	      0.21284241	      0.25722314	      0.25610512	      0.27259704	      0.25032880
      4.79000000	      0.04146075	      0.14826224	      0.10039006	      0.34099320	      0.05412171	      0.04775336	      0.35406836	      0.11984787	      0.37348534	      0.33812443	      0.33409014	      0.30979345	      0.31726923	      0.32724020	      0.05593146	      0.07815371	      0.08086882	      0.06325637	      0.07434000	      0.05234039	      0.01820031	      0.02943583	      0.01142471	      0.19505728	      0.11020672	      0.10558307	      0.30250680	      0.07339328	      0.11405001	      0.52073929	      0.14041499	      0.33207069	      0.38124062	      0.23155909	      0.50963278	      0.24491847	      0.23744640	      0.28843902	      0.30564737	      0.28212299	      0.03911321	      0.10506629	      0.09102516	      0.34937989	      0.04959813	      0.04564312	      0.37924212	      0.11246696	      0.35268847	      0.31349074	      0.35578252	      0.33643150	      0.38638051	      0.39969530	      0.05454758	      0.07551869	      0.07745989	      0.06230423	      0.07301243	      0.05121347	      0.01767033	      0.02848888	      0.01489611	      0.18143239	      0.10774376	      0.11845857	      0.32523180	      0.08118925	      0.11187527	      0.42879992	      0.13318945	      0.35313982	      0.41574605	      0.28088628	      0.41328381	      0.21287929	      0.25721994	      0.25604494	      0.27254492	      0.25027428
      4.79500000	      0.04146075	      0.14818570	      0.10039006	      0.34100746	      0.05412171	      0.04775336	      0.35408726	      0.11984787	      0.37348718	      0.33812639	      0.33408950	      0.30979246	      0.31727312	      0.32724845	      0.05593146	      0.07815371	      0.08086882	      0.06325637	      0.07434000	      0.05234039	      0.01820031	      0.02943583	      0.01148494	      0.19505728	      0.11020672	      0.10558263	      0.30250618	      0.07340698	      0.11405001	      0.52071490	      0.14041499	      0.33210020	      0.38127049	      0.23155670	      0.50968925	      0.24492060	      0.23744573	      0.28842973	      0.30563864	      0.28211415	      0.03911321	      0.10502501	      0.09102516	      0.34922969	      0.04959813	      0.04564312	      0.37920673	      0.11246696	      0.35271908	      0.31352338	      0.35578058	      0.33642559	      0.38642009	      0.39974835	      0.05454758	      0.07551869	      0.07745989	      0.06230423	      0.07301243	      0.05121347	      0.01767033	      0.02848888	      0.01487715	      0.18143239	      0.10774376	      0.11845585	      0.32522673	      0.08115834	      0.11187527	      0.42885967	      0.13318945	      0.35313511	      0.41573163	      0.28086404	      0.41349372	      0.21291524	      0.25721681	      0.25598359	      0.27249175	      0.25021868
      4.80000000	      0.04146075	      0.14810247	      0.10039006	      0.34101753	      0.05412171	      0.04775336	      0.35410380	      0.11984787	      0.37348688	      0.33812607	      0.33408960	      0.30979262	      0.31727987	      0.32725956	      0.05593146	      0.07815371	      0.08086882	      0.06325637	      0.07434000	      0.05234039	      0.01820031	      0.02943583	      0.01154823	      0.19505728	      0.11020672	      0.10558270	      0.30250628	      0.07342323	      0.11405001	      0.52069250	      0.14041499	      0.33212770	      0.38129729	      0.23155709	      0.50975136	      0.24492026	      0.23744583	      0.28842026	      0.30562974	      0.28210513	      0.03911321	      0.10498346	      0.09102516	      0.34907758	      0.04959813	      0.04564312	      0.37917151	      0.11246696	      0.35274891	      0.31355520	      0.35577868	      0.33641983	      0.38646141	      0.39980330	      0.05454758	      0.07551869	      0.07745989	      0.06230423	      0.07301243	      0.05121347	      0.01767033	      0.02848888	      0.01485733	      0.18143239	      0.10774376	      0.11845320	      0.32522177	      0.08112695	      0.11187527	      0.42891957	      0.13318945	      0.35313090	      0.41571776	      0.28084235	      0.41370419	      0.21295028	      0.25721376	      0.25592109	      0.27243753	      0.25016203
      4.80500000	      0.04146075	      0.14801292	      0.10039006	      0.34102327	      0.05412171	      0.04775336	      0.35411787	      0.11984787	      0.37348431	      0.33812334	      0.33409049	      0.30979400	      0.31728971	      0.32727376	      0.05593146	      0.07815371	      0.08086882	      0.06325637	      0.07434000	      0.05234039	      0.01820031	      0.02943583	      0.01161438	      0.19505728	      0.11020672	      0.10558332	      0.30250715	      0.07344186	      0.11405001	      0.52067215	      0.14041499	      0.33215308	      0.38132089	      0.23156041	      0.50981909	      0.24491729	      0.23744677	      0.28841053	      0.30562058	      0.28209586	      0.03911321	      0.10494191	      0.09102516	      0.34892369	      0.04959813	      0.04564312	      0.37913643	      0.11246696	      0.35277800	      0.31358622	      0.35577683	      0.33641421	      0.38650442	      0.39986011	      0.05454758	      0.07551869	      0.07745989	      0.06230423	      0.07301243	      0.05121347	      0.01767033	      0.02848888	      0.01483674	      0.18143239	      0.10774376	      0.11845061	      0.32521694	      0.08109508	      0.11187527	      0.42897959	      0.13318945	      0.35312719	      0.41570445	      0.28082119	      0.41391535	      0.21298445	      0.25721078	      0.25585747	      0.27238230	      0.25010435
      4.81000000	      0.04146075	      0.14791746	      0.10039006	      0.34102450	      0.05412171	      0.04775336	      0.35412931	      0.11984787	      0.37347942	      0.33811813	      0.33409218	      0.30979663	      0.31730275	      0.32729123	      0.05593146	      0.07815371	      0.08086882	      0.06325637	      0.07434000	      0.05234039	      0.01820031	      0.02943583	      0.01168315	      0.19505728	      0.11020672	      0.10558450	      0.30250882	      0.07346271	      0.11405001	      0.52065395	      0.14041499	      0.33217622	      0.38134118	      0.23156674	      0.50989242	      0.24491163	      0.23744855	      0.28840045	      0.30561111	      0.28208627	      0.03911321	      0.10490061	      0.09102516	      0.34876817	      0.04959813	      0.04564312	      0.37910147	      0.11246696	      0.35280641	      0.31361653	      0.35577501	      0.33640871	      0.38654903	      0.39991867	      0.05454758	      0.07551869	      0.07745989	      0.06230423	      0.07301243	      0.05121347	      0.01767033	      0.02848888	      0.01481553	      0.18143239	      0.10774376	      0.11844808	      0.32521222	      0.08106275	      0.11187527	      0.42903969	      0.13318945	      0.35312399	      0.41569174	      0.28080050	      0.41412739	      0.21301783	      0.25720786	      0.25579275	      0.27232607	      0.25004564
      4.81500000	      0.04146075	      0.14781660	      0.10039006	      0.34102110	      0.05412171	      0.04775336	      0.35413799	      0.11984787	      0.37347221	      0.33811045	      0.33409468	      0.30980050	      0.31731904	      0.32731202	      0.05593146	      0.07815371	      0.08086882	      0.06325637	      0.07434000	      0.05234039	      0.01820031	      0.02943583	      0.01175427	      0.19505728	      0.11020672	      0.10558623	      0.30251127	      0.07348558	      0.11405001	      0.52063801	      0.14041499	      0.33219696	      0.38135802	      0.23157607	      0.50997131	      0.24490329	      0.23745118	      0.28838997	      0.30560125	      0.28207629	      0.03911321	      0.10485986	      0.09102516	      0.34861113	      0.04959813	      0.04564312	      0.37906659	      0.11246696	      0.35283425	      0.31364623	      0.35577323	      0.33640332	      0.38659515	      0.39997888	      0.05454758	      0.07551869	      0.07745989	      0.06230423	      0.07301243	      0.05121347	      0.01767033	      0.02848888	      0.01479383	      0.18143239	      0.10774376	      0.11844559	      0.32520759	      0.08102996	      0.11187527	      0.42909985	      0.13318945	      0.35312130	      0.41567963	      0.28078022	      0.41434054	      0.21305054	      0.25720499	      0.25572693	      0.27226884	      0.24998593
      4.82000000	      0.04146075	      0.14771089	      0.10039006	      0.34101291	      0.05412171	      0.04775336	      0.35414372	      0.11984787	      0.37346278	      0.33810039	      0.33409795	      0.30980557	      0.31733850	      0.32733610	      0.05593146	      0.07815371	      0.08086882	      0.06325637	      0.07434000	      0.05234039	      0.01820031	      0.02943583	      0.01182745	      0.19505728	      0.11020672	      0.10558850	      0.30251448	      0.07351023	      0.11405001	      0.52062444	      0.14041499	      0.33221516	      0.38137126	      0.23158829	      0.51005570	      0.24489236	      0.23745462	      0.28837902	      0.30559096	      0.28206586	      0.03911321	      0.10481992	      0.09102516	      0.34845270	      0.04959813	      0.04564312	      0.37903175	      0.11246696	      0.35286164	      0.31367545	      0.35577147	      0.33639800	      0.38664265	      0.40004060	      0.05454758	      0.07551869	      0.07745989	      0.06230423	      0.07301243	      0.05121347	      0.01767033	      0.02848888	      0.01477176	      0.18143239	      0.10774376	      0.11844315	      0.32520303	      0.08099673	      0.11187527	      0.42916006	      0.13318945	      0.35311913	      0.41566814	      0.28076025	      0.41455503	      0.21308273	      0.25720217	      0.25566003	      0.27221063	      0.24992523
      4.82500000	      0.04146075	      0.14760096	      0.10039006	      0.34099984	      0.05412171	      0.04775336	      0.35414636	      0.11984787	      0.37345126	      0.33808812	      0.33410193	      0.30981176	      0.31736099	      0.32736336	      0.05593146	      0.07815371	      0.08086882	      0.06325637	      0.07434000	      0.05234039	      0.01820031	      0.02943583	      0.01190237	      0.19505728	      0.11020672	      0.10559126	      0.30251839	      0.07353639	      0.11405001	      0.52061334	      0.14041499	      0.33223067	      0.38138077	      0.23160320	      0.51014553	      0.24487904	      0.23745881	      0.28836753	      0.30558016	      0.28205492	      0.03911321	      0.10478106	      0.09102516	      0.34829299	      0.04959813	      0.04564312	      0.37899693	      0.11246696	      0.35288873	      0.31370435	      0.35576972	      0.33639274	      0.38669140	      0.40010372	      0.05454758	      0.07551869	      0.07745989	      0.06230423	      0.07301243	      0.05121347	      0.01767033	      0.02848888	      0.01474947	      0.18143239	      0.10774376	      0.11844073	      0.32519852	      0.08096306	      0.11187527	      0.42922029	      0.13318945	      0.35311747	      0.41565728	      0.28074049	      0.41477110	      0.21311457	      0.25719937	      0.25559206	      0.27215143	      0.24986353
      4.83000000	      0.04146075	      0.14748744	      0.10039006	      0.34098180	      0.05412171	      0.04775336	      0.35414574	      0.11984787	      0.37343789	      0.33807388	      0.33410655	      0.30981893	      0.31738625	      0.32739358	      0.05593146	      0.07815371	      0.08086882	      0.06325637	      0.07434000	      0.05234039	      0.01820031	      0.02943583	      0.01197874	      0.19505728	      0.11020672	      0.10559447	      0.30252294	      0.07356378	      0.11405001	      0.52060481	      0.14041499	      0.33224336	      0.38138645	      0.23162050	      0.51024073	      0.24486356	      0.23746367	      0.28835547	      0.30556881	      0.28204343	      0.03911321	      0.10474350	      0.09102516	      0.34813206	      0.04959813	      0.04564312	      0.37896208	      0.11246696	      0.35291568	      0.31373311	      0.35576798	      0.33638750	      0.38674127	      0.40016807	      0.05454758	      0.07551869	      0.07745989	      0.06230423	      0.07301243	      0.05121347	      0.01767033	      0.02848888	      0.01472708	      0.18143239	      0.10774376	      0.11843832	      0.32519403	      0.08092897	      0.11187527	      0.42928053	      0.13318945	      0.35311634	      0.41564709	      0.28072082	      0.41498899	      0.21314626	      0.25719659	      0.25552300	      0.27209123	      0.24980082
      4.83500000	      0.04146075	      0.14737101	      0.10039006	      0.34095874	      0.05412171	      0.04775336	      0.35414173	      0.11984787	      0.37342296	      0.33805797	      0.33411171	      0.30982695	      0.31741396	      0.32742647	      0.05593146	      0.07815371	      0.08086882	      0.06325637	      0.07434000	      0.05234039	      0.01820031	      0.02943583	      0.01205625	      0.19505728	      0.11020672	      0.10559806	      0.30252801	      0.07359210	      0.11405001	      0.52059895	      0.14041499	      0.33225311	      0.38138820	      0.23163982	      0.51034120	      0.24484628	      0.23746911	      0.28834276	      0.30555687	      0.28203133	      0.03911321	      0.10470747	      0.09102516	      0.34797000	      0.04959813	      0.04564312	      0.37892719	      0.11246696	      0.35294268	      0.31376191	      0.35576623	      0.33638225	      0.38679211	      0.40023353	      0.05454758	      0.07551869	      0.07745989	      0.06230423	      0.07301243	      0.05121347	      0.01767033	      0.02848888	      0.01470468	      0.18143239	      0.10774376	      0.11843590	      0.32518953	      0.08089444	      0.11187527	      0.42934075	      0.13318945	      0.35311575	      0.41563759	      0.28070110	      0.41520890	      0.21317799	      0.25719379	      0.25545285	      0.27203004	      0.24973711
      4.84000000	      0.04146075	      0.14725231	      0.10039006	      0.34093062	      0.05412171	      0.04775336	      0.35413419	      0.11984787	      0.37340680	      0.33804075	      0.33411730	      0.30983562	      0.31744373	      0.32746168	      0.05593146	      0.07815371	      0.08086882	      0.06325637	      0.07434000	      0.05234039	      0.01820031	      0.02943583	      0.01213463	      0.19505728	      0.11020672	      0.10560194	      0.30253350	      0.07362105	      0.11405001	      0.52059583	      0.14041499	      0.33225982	      0.38138595	      0.23166073	      0.51044692	      0.24482757	      0.23747499	      0.28832936	      0.30554428	      0.28201858	      0.03911321	      0.10467311	      0.09102516	      0.34780681	      0.04959813	      0.04564312	      0.37889225	      0.11246696	      0.35296989	      0.31379095	      0.35576446	      0.33637695	      0.38684381	      0.40029998	      0.05454758	      0.07551869	      0.07745989	      0.06230423	      0.07301243	      0.05121347	      0.01767033	      0.02848888	      0.01468237	      0.18143239	      0.10774376	      0.11843346	      0.32518499	      0.08085949	      0.11187527	      0.42940094	      0.13318945	      0.35311575	      0.41562882	      0.28068121	      0.41543104	      0.21320998	      0.25719097	      0.25538157	      0.27196780	      0.24967235
      4.84500000	      0.04146075	      0.14713198	      0.10039006	      0.34089745	      0.05412171	      0.04775336	      0.35412303	      0.11984787	      0.37338979	      0.33802262	      0.33412317	      0.30984475	      0.31747509	      0.32749879	      0.05593146	      0.07815371	      0.08086882	      0.06325637	      0.07434000	      0.05234039	      0.01820031	      0.02943583	      0.01221361	      0.19505728	      0.11020672	      0.10560602	      0.30253928	      0.07365031	      0.11405001	      0.52059549	      0.14041499	      0.33226343	      0.38137966	      0.23168274	      0.51055778	      0.24480787	      0.23748117	      0.28831523	      0.30553099	      0.28200512	      0.03911321	      0.10464055	      0.09102516	      0.34764253	      0.04959813	      0.04564312	      0.37885727	      0.11246696	      0.35299751	      0.31382041	      0.35576266	      0.33637156	      0.38689625	      0.40036730	      0.05454758	      0.07551869	      0.07745989	      0.06230423	      0.07301243	      0.05121347	      0.01767033	      0.02848888	      0.01466022	      0.18143239	      0.10774376	      0.11843098	      0.32518038	      0.08082411	      0.11187527	      0.42946107	      0.13318945	      0.35311637	      0.41562085	      0.28066102	      0.41565556	      0.21324245	      0.25718810	      0.25530911	      0.27190449	      0.24960651
      4.85000000	      0.04146075	      0.14701061	      0.10039006	      0.34085928	      0.05412171	      0.04775336	      0.35410816	      0.11984787	      0.37337233	      0.33800402	      0.33412920	      0.30985410	      0.31750756	      0.32753735	      0.05593146	      0.07815371	      0.08086882	      0.06325637	      0.07434000	      0.05234039	      0.01820031	      0.02943583	      0.01229297	      0.19505728	      0.11020672	      0.10561020	      0.30254521	      0.07367960	      0.11405001	      0.52059798	      0.14041499	      0.33226388	      0.38136933	      0.23170532	      0.51067374	      0.24478767	      0.23748751	      0.28830033	      0.30551698	      0.28199093	      0.03911321	      0.10460990	      0.09102516	      0.34747715	      0.04959813	      0.04564312	      0.37882226	      0.11246696	      0.35302569	      0.31385048	      0.35576082	      0.33636606	      0.38694933	      0.40043542	      0.05454758	      0.07551869	      0.07745989	      0.06230423	      0.07301243	      0.05121347	      0.01767033	      0.02848888	      0.01463827	      0.18143239	      0.10774376	      0.11842845	      0.32517567	      0.08078829	      0.11187527	      0.42952111	      0.13318945	      0.35311767	      0.41561375	      0.28064040	      0.41588257	      0.21327559	      0.25718517	      0.25523544	      0.27184006	      0.24953954
      4.85500000	      0.04146075	      0.14688877	      0.10039006	      0.34081620	      0.05412171	      0.04775336	      0.35408956	      0.11984787	      0.37335487	      0.33798541	      0.33413522	      0.30986346	      0.31754063	      0.32757687	      0.05593146	      0.07815371	      0.08086882	      0.06325637	      0.07434000	      0.05234039	      0.01820031	      0.02943583	      0.01237252	      0.19505728	      0.11020672	      0.10561439	      0.30255114	      0.07370864	      0.11405001	      0.52060327	      0.14041499	      0.33226119	      0.38135500	      0.23172790	      0.51079471	      0.24476745	      0.23749386	      0.28828462	      0.30550222	      0.28197597	      0.03911321	      0.10458121	      0.09102516	      0.34731066	      0.04959813	      0.04564312	      0.37878727	      0.11246696	      0.35305458	      0.31388131	      0.35575893	      0.33636042	      0.38700300	      0.40050426	      0.05454758	      0.07551869	      0.07745989	      0.06230423	      0.07301243	      0.05121347	      0.01767033	      0.02848888	      0.01461654	      0.18143239	      0.10774376	      0.11842585	      0.32517084	      0.08075205	      0.11187527	      0.42958100	      0.13318945	      0.35311972	      0.41560761	      0.28061924	      0.41611217	      0.21330956	      0.25718216	      0.25516049	      0.27177445	      0.24947139
      4.86000000	      0.04146075	      0.14676694	      0.10039006	      0.34076834	      0.05412171	      0.04775336	      0.35406723	      0.11984787	      0.37333781	      0.33796724	      0.33414110	      0.30987260	      0.31757376	      0.32761688	      0.05593146	      0.07815371	      0.08086882	      0.06325637	      0.07434000	      0.05234039	      0.01820031	      0.02943583	      0.01245209	      0.19505728	      0.11020672	      0.10561848	      0.30255692	      0.07373715	      0.11405001	      0.52061134	      0.14041499	      0.33225539	      0.38133677	      0.23174996	      0.51092059	      0.24474770	      0.23750005	      0.28826807	      0.30548666	      0.28196021	      0.03911321	      0.10455449	      0.09102516	      0.34714302	      0.04959813	      0.04564312	      0.37875234	      0.11246696	      0.35308430	      0.31391302	      0.35575698	      0.33635460	      0.38705722	      0.40057381	      0.05454758	      0.07551869	      0.07745989	      0.06230423	      0.07301243	      0.05121347	      0.01767033	      0.02848888	      0.01459507	      0.18143239	      0.10774376	      0.11842318	      0.32516587	      0.08071536	      0.11187527	      0.42964070	      0.13318945	      0.35312261	      0.41560251	      0.28059746	      0.41634438	      0.21334452	      0.25717906	      0.25508418	      0.27170760	      0.24940199
      4.86500000	      0.04146075	      0.14664556	      0.10039006	      0.34071590	      0.05412171	      0.04775336	      0.35404123	      0.11984787	      0.37332159	      0.33794995	      0.33414669	      0.30988129	      0.31760646	      0.32765689	      0.05593146	      0.07815371	      0.08086882	      0.06325637	      0.07434000	      0.05234039	      0.01820031	      0.02943583	      0.01253154	      0.19505728	      0.11020672	      0.10562236	      0.30256243	      0.07376491	      0.11405001	      0.52062209	      0.14041499	      0.33224657	      0.38131477	      0.23177093	      0.51105126	      0.24472891	      0.23750594	      0.28825066	      0.30547030	      0.28194364	      0.03911321	      0.10452974	      0.09102516	      0.34697419	      0.04959813	      0.04564312	      0.37871755	      0.11246696	      0.35311495	      0.31394573	      0.35575496	      0.33634860	      0.38711197	      0.40064406	      0.05454758	      0.07551869	      0.07745989	      0.06230423	      0.07301243	      0.05121347	      0.01767033	      0.02848888	      0.01457383	      0.18143239	      0.10774376	      0.11842042	      0.32516074	      0.08067824	      0.11187527	      0.42970016	      0.13318945	      0.35312642	      0.41559858	      0.28057499	      0.41657922	      0.21338057	      0.25717586	      0.25500644	      0.27163944	      0.24933126
      4.87000000	      0.04146075	      0.14652501	      0.10039006	      0.34065911	      0.05412171	      0.04775336	      0.35401169	      0.11984787	      0.37330658	      0.33793395	      0.33415186	      0.30988932	      0.31763824	      0.32769644	      0.05593146	      0.07815371	      0.08086882	      0.06325637	      0.07434000	      0.05234039	      0.01820031	      0.02943583	      0.01261076	      0.19505728	      0.11020672	      0.10562596	      0.30256752	      0.07379170	      0.11405001	      0.52063541	      0.14041499	      0.33223486	      0.38128921	      0.23179034	      0.51118655	      0.24471153	      0.23751138	      0.28823238	      0.30545311	      0.28192622	      0.03911321	      0.10450691	      0.09102516	      0.34680412	      0.04959813	      0.04564312	      0.37868299	      0.11246696	      0.35314659	      0.31397950	      0.35575287	      0.33634239	      0.38716728	      0.40071505	      0.05454758	      0.07551869	      0.07745989	      0.06230423	      0.07301243	      0.05121347	      0.01767033	      0.02848888	      0.01455281	      0.18143239	      0.10774376	      0.11841756	      0.32515544	      0.08064067	      0.11187527	      0.42975930	      0.13318945	      0.35313126	      0.41559594	      0.28055177	      0.41681665	      0.21341780	      0.25717255	      0.25492718	      0.27156989	      0.24925913
      4.87500000	      0.04146075	      0.14640563	      0.10039006	      0.34059828	      0.05412171	      0.04775336	      0.35397878	      0.11984787	      0.37329313	      0.33791963	      0.33415649	      0.30989652	      0.31766867	      0.32773511	      0.05593146	      0.07815371	      0.08086882	      0.06325637	      0.07434000	      0.05234039	      0.01820031	      0.02943583	      0.01268968	      0.19505728	      0.11020672	      0.10562918	      0.30257207	      0.07381734	      0.11405001	      0.52065112	      0.14041499	      0.33222046	      0.38126034	      0.23180772	      0.51132624	      0.24469596	      0.23751626	      0.28821321	      0.30543509	      0.28190797	      0.03911321	      0.10448594	      0.09102516	      0.34663275	      0.04959813	      0.04564312	      0.37864874	      0.11246696	      0.35317928	      0.31401439	      0.35575070	      0.33633598	      0.38722320	      0.40078684	      0.05454758	      0.07551869	      0.07745989	      0.06230423	      0.07301243	      0.05121347	      0.01767033	      0.02848888	      0.01453200	      0.18143239	      0.10774376	      0.11841461	      0.32514996	      0.08060267	      0.11187527	      0.42981804	      0.13318945	      0.35313726	      0.41559473	      0.28052776	      0.41705661	      0.21345626	      0.25716912	      0.25484631	      0.27149885	      0.24918551
      4.88000000	      0.04146075	      0.14628767	      0.10039006	      0.34053377	      0.05412171	      0.04775336	      0.35394272	      0.11984787	      0.37328157	      0.33790730	      0.33416047	      0.30990270	      0.31769734	      0.32777254	      0.05593146	      0.07815371	      0.08086882	      0.06325637	      0.07434000	      0.05234039	      0.01820031	      0.02943583	      0.01276822	      0.19505728	      0.11020672	      0.10563194	      0.30257599	      0.07384169	      0.11405001	      0.52066904	      0.14041499	      0.33220359	      0.38122849	      0.23182266	      0.51147007	      0.24468256	      0.23752045	      0.28819316	      0.30541624	      0.28188887	      0.03911321	      0.10446673	      0.09102516	      0.34646003	      0.04959813	      0.04564312	      0.37861493	      0.11246696	      0.35321305	      0.31405043	      0.35574845	      0.33632934	      0.38727978	      0.40085949	      0.05454758	      0.07551869	      0.07745989	      0.06230423	      0.07301243	      0.05121347	      0.01767033	      0.02848888	      0.01451135	      0.18143239	      0.10774376	      0.11841155	      0.32514430	      0.08056424	      0.11187527	      0.42987629	      0.13318945	      0.35314455	      0.41559512	      0.28050294	      0.41729902	      0.21349599	      0.25716557	      0.25476373	      0.27142625	      0.24911031
      4.88500000	      0.04146075	      0.14617137	      0.10039006	      0.34046596	      0.05412171	      0.04775336	      0.35390380	      0.11984787	      0.37327213	      0.33789725	      0.33416371	      0.30990775	      0.31772394	      0.32780839	      0.05593146	      0.07815371	      0.08086882	      0.06325637	      0.07434000	      0.05234039	      0.01820031	      0.02943583	      0.01284632	      0.19505728	      0.11020672	      0.10563420	      0.30257919	      0.07386462	      0.11405001	      0.52068890	      0.14041499	      0.33218453	      0.38119400	      0.23183485	      0.51161770	      0.24467164	      0.23752387	      0.28817223	      0.30539658	      0.28186894	      0.03911321	      0.10444917	      0.09102516	      0.34628587	      0.04959813	      0.04564312	      0.37858168	      0.11246696	      0.35324793	      0.31408765	      0.35574613	      0.33632247	      0.38733710	      0.40093310	      0.05454758	      0.07551869	      0.07745989	      0.06230423	      0.07301243	      0.05121347	      0.01767033	      0.02848888	      0.01449085	      0.18143239	      0.10774376	      0.11840840	      0.32513845	      0.08052539	      0.11187527	      0.42993396	      0.13318945	      0.35315328	      0.41559726	      0.28047729	      0.41754378	      0.21353703	      0.25716190	      0.25467933	      0.27135198	      0.24903343
      4.89000000	      0.04146075	      0.14605688	      0.10039006	      0.34039529	      0.05412171	      0.04775336	      0.35386234	      0.11984787	      0.37326503	      0.33788969	      0.33416616	      0.30991154	      0.31774821	      0.32784241	      0.05593146	      0.07815371	      0.08086882	      0.06325637	      0.07434000	      0.05234039	      0.01820031	      0.02943583	      0.01292394	      0.19505728	      0.11020672	      0.10563590	      0.30258160	      0.07388606	      0.11405001	      0.52071045	      0.14041499	      0.33216358	      0.38115728	      0.23184403	      0.51176877	      0.24466341	      0.23752644	      0.28815045	      0.30537611	      0.28184820	      0.03911321	      0.10443313	      0.09102516	      0.34611024	      0.04959813	      0.04564312	      0.37854913	      0.11246696	      0.35328396	      0.31412611	      0.35574372	      0.33631537	      0.38739521	      0.40100775	      0.05454758	      0.07551869	      0.07745989	      0.06230423	      0.07301243	      0.05121347	      0.01767033	      0.02848888	      0.01447044	      0.18143239	      0.10774376	      0.11840513	      0.32513240	      0.08048613	      0.11187527	      0.42999092	      0.13318945	      0.35316359	      0.41560135	      0.28045077	      0.41779075	      0.21357944	      0.25715809	      0.25459301	      0.27127595	      0.24895477
      4.89500000	      0.04146075	      0.14594432	      0.10039006	      0.34032224	      0.05412171	      0.04775336	      0.35381872	      0.11984787	      0.37326040	      0.33788475	      0.33416775	      0.30991402	      0.31776995	      0.32787441	      0.05593146	      0.07815371	      0.08086882	      0.06325637	      0.07434000	      0.05234039	      0.01820031	      0.02943583	      0.01300105	      0.19505728	      0.11020672	      0.10563700	      0.30258317	      0.07390595	      0.11405001	      0.52073337	      0.14041499	      0.33214108	      0.38111875	      0.23185001	      0.51192286	      0.24465805	      0.23752812	      0.28812784	      0.30535486	      0.28182667	      0.03911321	      0.10441850	      0.09102516	      0.34593308	      0.04959813	      0.04564312	      0.37851743	      0.11246696	      0.35332120	      0.31416586	      0.35574122	      0.33630802	      0.38745418	      0.40108348	      0.05454758	      0.07551869	      0.07745989	      0.06230423	      0.07301243	      0.05121347	      0.01767033	      0.02848888	      0.01445011	      0.18143239	      0.10774376	      0.11840175	      0.32512614	      0.08044648	      0.11187527	      0.43004707	      0.13318945	      0.35317566	      0.41560757	      0.28042334	      0.41803981	      0.21362327	      0.25715416	      0.25450464	      0.27119804	      0.24887423
      4.90000000	      0.04146075	      0.14583374	      0.10039006	      0.34024727	      0.05412171	      0.04775336	      0.35377333	      0.11984787	      0.37325831	      0.33788253	      0.33416847	      0.30991513	      0.31778907	      0.32790426	      0.05593146	      0.07815371	      0.08086882	      0.06325637	      0.07434000	      0.05234039	      0.01820031	      0.02943583	      0.01307763	      0.19505728	      0.11020672	      0.10563750	      0.30258387	      0.07392430	      0.11405001	      0.52075737	      0.14041499	      0.33211738	      0.38107888	      0.23185271	      0.51207948	      0.24465563	      0.23752888	      0.28810443	      0.30533286	      0.28180437	      0.03911321	      0.10440517	      0.09102516	      0.34575435	      0.04959813	      0.04564312	      0.37848674	      0.11246696	      0.35335973	      0.31420698	      0.35573862	      0.33630041	      0.38751403	      0.40116036	      0.05454758	      0.07551869	      0.07745989	      0.06230423	      0.07301243	      0.05121347	      0.01767033	      0.02848888	      0.01442980	      0.18143239	      0.10774376	      0.11839825	      0.32511965	      0.08040646	      0.11187527	      0.43010226	      0.13318945	      0.35318966	      0.41561614	      0.28039493	      0.41829079	      0.21366863	      0.25715008	      0.25441413	      0.27111816	      0.24879170
      4.90500000	      0.04146075	      0.14572515	      0.10039006	      0.34017088	      0.05412171	      0.04775336	      0.35372659	      0.11984787	      0.37325878	      0.33788302	      0.33416831	      0.30991489	      0.31780551	      0.32793191	      0.05593146	      0.07815371	      0.08086882	      0.06325637	      0.07434000	      0.05234039	      0.01820031	      0.02943583	      0.01315364	      0.19505728	      0.11020672	      0.10563739	      0.30258372	      0.07394113	      0.11405001	      0.52078211	      0.14041499	      0.33209285	      0.38103811	      0.23185211	      0.51223815	      0.24465617	      0.23752871	      0.28808027	      0.30531015	      0.28178136	      0.03911321	      0.10439307	      0.09102516	      0.34557406	      0.04959813	      0.04564312	      0.37845723	      0.11246696	      0.35339965	      0.31424959	      0.35573592	      0.33629250	      0.38757476	      0.40123838	      0.05454758	      0.07551869	      0.07745989	      0.06230423	      0.07301243	      0.05121347	      0.01767033	      0.02848888	      0.01440948	      0.18143239	      0.10774376	      0.11839461	      0.32511293	      0.08036606	      0.11187527	      0.43015635	      0.13318945	      0.35320577	      0.41562727	      0.28036547	      0.41854349	      0.21371563	      0.25714584	      0.25432136	      0.27103621	      0.24870709
      4.91000000	      0.04146075	      0.14561848	      0.10039006	      0.34009353	      0.05412171	      0.04775336	      0.35367893	      0.11984787	      0.37326174	      0.33788617	      0.33416729	      0.30991330	      0.31781933	      0.32795739	      0.05593146	      0.07815371	      0.08086882	      0.06325637	      0.07434000	      0.05234039	      0.01820031	      0.02943583	      0.01322909	      0.19505728	      0.11020672	      0.10563669	      0.30258271	      0.07395651	      0.11405001	      0.52080726	      0.14041499	      0.33206785	      0.38099690	      0.23184829	      0.51239834	      0.24465960	      0.23752764	      0.28805538	      0.30528677	      0.28175766	      0.03911321	      0.10438215	      0.09102516	      0.34539224	      0.04959813	      0.04564312	      0.37842906	      0.11246696	      0.35344109	      0.31429383	      0.35573311	      0.33628429	      0.38763634	      0.40131754	      0.05454758	      0.07551869	      0.07745989	      0.06230423	      0.07301243	      0.05121347	      0.01767033	      0.02848888	      0.01438911	      0.18143239	      0.10774376	      0.11839083	      0.32510595	      0.08032531	      0.11187527	      0.43020917	      0.13318945	      0.35322418	      0.41564120	      0.28033486	      0.41879772	      0.21376443	      0.25714143	      0.25422624	      0.27095210	      0.24862030
      4.91500000	      0.04146075	      0.14551361	      0.10039006	      0.34001569	      0.05412171	      0.04775336	      0.35363079	      0.11984787	      0.37326708	      0.33789186	      0.33416545	      0.30991045	      0.31783066	      0.32798080	      0.05593146	      0.07815371	      0.08086882	      0.06325637	      0.07434000	      0.05234039	      0.01820031	      0.02943583	      0.01330398	      0.19505728	      0.11020672	      0.10563541	      0.30258090	      0.07397057	      0.11405001	      0.52083250	      0.14041499	      0.33204275	      0.38095571	      0.23184139	      0.51255953	      0.24466578	      0.23752570	      0.28802983	      0.30526275	      0.28173332	      0.03911321	      0.10437242	      0.09102516	      0.34520894	      0.04959813	      0.04564312	      0.37840244	      0.11246696	      0.35348419	      0.31433985	      0.35573017	      0.33627573	      0.38769873	      0.40139777	      0.05454758	      0.07551869	      0.07745989	      0.06230423	      0.07301243	      0.05121347	      0.01767033	      0.02848888	      0.01436864	      0.18143239	      0.10774376	      0.11838690	      0.32509868	      0.08028419	      0.11187527	      0.43026056	      0.13318945	      0.35324508	      0.41565815	      0.28030299	      0.41905321	      0.21381519	      0.25713683	      0.25412867	      0.27086574	      0.24853125
      4.92000000	      0.04146075	      0.14541035	      0.10039006	      0.33993777	      0.05412171	      0.04775336	      0.35358259	      0.11984787	      0.37327461	      0.33789989	      0.33416286	      0.30990642	      0.31783968	      0.32800230	      0.05593146	      0.07815371	      0.08086882	      0.06325637	      0.07434000	      0.05234039	      0.01820031	      0.02943583	      0.01337833	      0.19505728	      0.11020672	      0.10563361	      0.30257835	      0.07398346	      0.11405001	      0.52085752	      0.14041499	      0.33201789	      0.38091494	      0.23183165	      0.51272123	      0.24467451	      0.23752297	      0.28800365	      0.30523816	      0.28170838	      0.03911321	      0.10436390	      0.09102516	      0.34502426	      0.04959813	      0.04564312	      0.37837754	      0.11246696	      0.35352912	      0.31438781	      0.35572709	      0.33626679	      0.38776184	      0.40147902	      0.05454758	      0.07551869	      0.07745989	      0.06230423	      0.07301243	      0.05121347	      0.01767033	      0.02848888	      0.01434803	      0.18143239	      0.10774376	      0.11838279	      0.32509109	      0.08024271	      0.11187527	      0.43031034	      0.13318945	      0.35326866	      0.41567837	      0.28026973	      0.41930967	      0.21386811	      0.25713203	      0.25402859	      0.27077706	      0.24843987
      4.92500000	      0.04146075	      0.14530843	      0.10039006	      0.33986013	      0.05412171	      0.04775336	      0.35353473	      0.11984787	      0.37328411	      0.33791001	      0.33415960	      0.30990134	      0.31784669	      0.32802214	      0.05593146	      0.07815371	      0.08086882	      0.06325637	      0.07434000	      0.05234039	      0.01820031	      0.02943583	      0.01345218	      0.19505728	      0.11020672	      0.10563133	      0.30257513	      0.07399537	      0.11405001	      0.52088205	      0.14041499	      0.33199358	      0.38087498	      0.23181938	      0.51288296	      0.24468551	      0.23751953	      0.28797690	      0.30521303	      0.28168290	      0.03911321	      0.10435668	      0.09102516	      0.34483835	      0.04959813	      0.04564312	      0.37835456	      0.11246696	      0.35357601	      0.31443788	      0.35572387	      0.33625745	      0.38782558	      0.40156119	      0.05454758	      0.07551869	      0.07745989	      0.06230423	      0.07301243	      0.05121347	      0.01767033	      0.02848888	      0.01432719	      0.18143239	      0.10774376	      0.11837849	      0.32508317	      0.08020085	      0.11187527	      0.43035831	      0.13318945	      0.35329512	      0.41570211	      0.28023498	      0.41956677	      0.21392336	      0.25712700	      0.25392592	      0.27068600	      0.24834610
      4.93000000	      0.04146075	      0.14520749	      0.10039006	      0.33978308	      0.05412171	      0.04775336	      0.35348755	      0.11984787	      0.37329528	      0.33792191	      0.33415575	      0.30989537	      0.31785200	      0.32804062	      0.05593146	      0.07815371	      0.08086882	      0.06325637	      0.07434000	      0.05234039	      0.01820031	      0.02943583	      0.01352561	      0.19505728	      0.11020672	      0.10562866	      0.30257135	      0.07400654	      0.11405001	      0.52090584	      0.14041499	      0.33197011	      0.38083614	      0.23180494	      0.51304432	      0.24469844	      0.23751548	      0.28794962	      0.30518740	      0.28165693	      0.03911321	      0.10435089	      0.09102516	      0.34465134	      0.04959813	      0.04564312	      0.37833370	      0.11246696	      0.35362503	      0.31449021	      0.35572049	      0.33624767	      0.38788987	      0.40164418	      0.05454758	      0.07551869	      0.07745989	      0.06230423	      0.07301243	      0.05121347	      0.01767033	      0.02848888	      0.01430605	      0.18143239	      0.10774376	      0.11837399	      0.32507488	      0.08015857	      0.11187527	      0.43040427	      0.13318945	      0.35332464	      0.41572960	      0.28019863	      0.41982415	      0.21398112	      0.25712174	      0.25382062	      0.27059249	      0.24824988
      4.93500000	      0.04146075	      0.14510714	      0.10039006	      0.33970684	      0.05412171	      0.04775336	      0.35344138	      0.11984787	      0.37330778	      0.33793523	      0.33415145	      0.30988868	      0.31785604	      0.32805810	      0.05593146	      0.07815371	      0.08086882	      0.06325637	      0.07434000	      0.05234039	      0.01820031	      0.02943583	      0.01359870	      0.19505728	      0.11020672	      0.10562567	      0.30256711	      0.07401722	      0.11405001	      0.52092866	      0.14041499	      0.33194770	      0.38079870	      0.23178879	      0.51320496	      0.24471292	      0.23751095	      0.28792187	      0.30516133	      0.28163049	      0.03911321	      0.10434666	      0.09102516	      0.34446344	      0.04959813	      0.04564312	      0.37831515	      0.11246696	      0.35367629	      0.31454495	      0.35571693	      0.33623742	      0.38795462	      0.40172789	      0.05454758	      0.07551869	      0.07745989	      0.06230423	      0.07301243	      0.05121347	      0.01767033	      0.02848888	      0.01428449	      0.18143239	      0.10774376	      0.11836928	      0.32506619	      0.08011583	      0.11187527	      0.43044804	      0.13318945	      0.35335740	      0.41576108	      0.28016056	      0.42008139	      0.21404152	      0.25711621	      0.25371264	      0.27049650	      0.24815119
      4.94000000	      0.04146075	      0.14500691	      0.10039006	      0.33963156	      0.05412171	      0.04775336	      0.35339646	      0.11984787	      0.37332123	      0.33794957	      0.33414681	      0.30988148	      0.31785924	      0.32807500	      0.05593146	      0.07815371	      0.08086882	      0.06325637	      0.07434000	      0.05234039	      0.01820031	      0.02943583	      0.01367158	      0.19505728	      0.11020672	      0.10562245	      0.30256255	      0.07402769	      0.11405001	      0.52095037	      0.14041499	      0.33192653	      0.38076284	      0.23177139	      0.51336462	      0.24472850	      0.23750607	      0.28789368	      0.30513485	      0.28160365	      0.03911321	      0.10434420	      0.09102516	      0.34427481	      0.04959813	      0.04564312	      0.37829908	      0.11246696	      0.35372989	      0.31460218	      0.35571320	      0.33622668	      0.38801974	      0.40181225	      0.05454758	      0.07551869	      0.07745989	      0.06230423	      0.07301243	      0.05121347	      0.01767033	      0.02848888	      0.01426241	      0.18143239	      0.10774376	      0.11836434	      0.32505711	      0.08007259	      0.11187527	      0.43048944	      0.13318945	      0.35339356	      0.41579677	      0.28012071	      0.42033809	      0.21410470	      0.25711042	      0.25360196	      0.27039800	      0.24804998
      4.94500000	      0.04146075	      0.14490633	      0.10039006	      0.33955730	      0.05412171	      0.04775336	      0.35335298	      0.11984787	      0.37333523	      0.33796448	      0.33414199	      0.30987399	      0.31786213	      0.32809179	      0.05593146	      0.07815371	      0.08086882	      0.06325637	      0.07434000	      0.05234039	      0.01820031	      0.02943583	      0.01374436	      0.19505728	      0.11020672	      0.10561910	      0.30255780	      0.07403825	      0.11405001	      0.52097087	      0.14041499	      0.33190673	      0.38072867	      0.23175330	      0.51352313	      0.24474470	      0.23750099	      0.28786510	      0.30510800	      0.28157642	      0.03911321	      0.10434368	      0.09102516	      0.34408566	      0.04959813	      0.04564312	      0.37828566	      0.11246696	      0.35378591	      0.31466201	      0.35570927	      0.33621543	      0.38808515	      0.40189716	      0.05454758	      0.07551869	      0.07745989	      0.06230423	      0.07301243	      0.05121347	      0.01767033	      0.02848888	      0.01423968	      0.18143239	      0.10774376	      0.11835917	      0.32504760	      0.08002877	      0.11187527	      0.43052828	      0.13318945	      0.35343327	      0.41583687	      0.28007901	      0.42059384	      0.21417075	      0.25710435	      0.25348854	      0.27029695	      0.24794623
      4.95000000	      0.04146075	      0.14480490	      0.10039006	      0.33948402	      0.05412171	      0.04775336	      0.35331103	      0.11984787	      0.37334932	      0.33797951	      0.33413713	      0.30986643	      0.31786522	      0.32810897	      0.05593146	      0.07815371	      0.08086882	      0.06325637	      0.07434000	      0.05234039	      0.01820031	      0.02943583	      0.01381716	      0.19505728	      0.11020672	      0.10561572	      0.30255302	      0.07404919	      0.11405001	      0.52099011	      0.14041499	      0.33188833	      0.38069621	      0.23173507	      0.51368039	      0.24476103	      0.23749587	      0.28783616	      0.30508082	      0.28154885	      0.03911321	      0.10434533	      0.09102516	      0.34389616	      0.04959813	      0.04564312	      0.37827503	      0.11246696	      0.35384440	      0.31472447	      0.35570516	      0.33620366	      0.38815080	      0.40198256	      0.05454758	      0.07551869	      0.07745989	      0.06230423	      0.07301243	      0.05121347	      0.01767033	      0.02848888	      0.01421617	      0.18143239	      0.10774376	      0.11835376	      0.32503765	      0.07998432	      0.11187527	      0.43056443	      0.13318945	      0.35347665	      0.41588154	      0.28003541	      0.42084826	      0.21423971	      0.25709799	      0.25337238	      0.27019334	      0.24783994
      4.95500000	      0.04146075	      0.14470214	      0.10039006	      0.33941159	      0.05412171	      0.04775336	      0.35327064	      0.11984787	      0.37336307	      0.33799416	      0.33413239	      0.30985907	      0.31786908	      0.32812705	      0.05593146	      0.07815371	      0.08086882	      0.06325637	      0.07434000	      0.05234039	      0.01820031	      0.02943583	      0.01389011	      0.19505728	      0.11020672	      0.10561242	      0.30254835	      0.07406077	      0.11405001	      0.52100813	      0.14041499	      0.33187130	      0.38066539	      0.23171729	      0.51383639	      0.24477695	      0.23749088	      0.28780689	      0.30505333	      0.28152098	      0.03911321	      0.10434936	      0.09102516	      0.34370645	      0.04959813	      0.04564312	      0.37826731	      0.11246696	      0.35390539	      0.31478960	      0.35570084	      0.33619136	      0.38821665	      0.40206840	      0.05454758	      0.07551869	      0.07745989	      0.06230423	      0.07301243	      0.05121347	      0.01767033	      0.02848888	      0.01419174	      0.18143239	      0.10774376	      0.11834811	      0.32502727	      0.07993914	      0.11187527	      0.43059776	      0.13318945	      0.35352380	      0.41593092	      0.27998989	      0.42110102	      0.21431164	      0.25709134	      0.25325346	      0.27008714	      0.24773107
      4.96000000	      0.04146075	      0.14459761	      0.10039006	      0.33933982	      0.05412171	      0.04775336	      0.35323174	      0.11984787	      0.37337602	      0.33800795	      0.33412792	      0.30985213	      0.31787428	      0.32814658	      0.05593146	      0.07815371	      0.08086882	      0.06325637	      0.07434000	      0.05234039	      0.01820031	      0.02943583	      0.01396330	      0.19505728	      0.11020672	      0.10560932	      0.30254396	      0.07407327	      0.11405001	      0.52102501	      0.14041499	      0.33185555	      0.38063605	      0.23170055	      0.51399120	      0.24479193	      0.23748618	      0.28777733	      0.30502556	      0.28149282	      0.03911321	      0.10435598	      0.09102516	      0.34351665	      0.04959813	      0.04564312	      0.37826255	      0.11246696	      0.35396887	      0.31485741	      0.35569632	      0.33617853	      0.38828267	      0.40215464	      0.05454758	      0.07551869	      0.07745989	      0.06230423	      0.07301243	      0.05121347	      0.01767033	      0.02848888	      0.01416627	      0.18143239	      0.10774376	      0.11834221	      0.32501646	      0.07989317	      0.11187527	      0.43062819	      0.13318945	      0.35357476	      0.41598508	      0.27994244	      0.42135186	      0.21438652	      0.25708439	      0.25313178	      0.26997835	      0.24761963
      4.96500000	      0.04146075	      0.14449093	      0.10039006	      0.33926838	      0.05412171	      0.04775336	      0.35319416	      0.11984787	      0.37338771	      0.33802041	      0.33412389	      0.30984586	      0.31788136	      0.32816806	      0.05593146	      0.07815371	      0.08086882	      0.06325637	      0.07434000	      0.05234039	      0.01820031	      0.02943583	      0.01403682	      0.19505728	      0.11020672	      0.10560652	      0.30253999	      0.07408690	      0.11405001	      0.52104094	      0.14041499	      0.33184089	      0.38060792	      0.23168543	      0.51414497	      0.24480547	      0.23748193	      0.28774749	      0.30499755	      0.28146440	      0.03911321	      0.10436540	      0.09102516	      0.34332684	      0.04959813	      0.04564312	      0.37826078	      0.11246696	      0.35403483	      0.31492787	      0.35569160	      0.33616517	      0.38834886	      0.40224127	      0.05454758	      0.07551869	      0.07745989	      0.06230423	      0.07301243	      0.05121347	      0.01767033	      0.02848888	      0.01413966	      0.18143239	      0.10774376	      0.11833606	      0.32500520	      0.07984632	      0.11187527	      0.43065567	      0.13318945	      0.35362956	      0.41604407	      0.27989306	      0.42160062	      0.21446435	      0.25707714	      0.25300731	      0.26986693	      0.24750560
      4.97000000	      0.04146075	      0.14438180	      0.10039006	      0.33919690	      0.05412171	      0.04775336	      0.35315766	      0.11984787	      0.37339773	      0.33803108	      0.33412043	      0.30984049	      0.31789084	      0.32819200	      0.05593146	      0.07815371	      0.08086882	      0.06325637	      0.07434000	      0.05234039	      0.01820031	      0.02943583	      0.01411070	      0.19505728	      0.11020672	      0.10560411	      0.30253659	      0.07410184	      0.11405001	      0.52105614	      0.14041499	      0.33182705	      0.38058065	      0.23167247	      0.51429791	      0.24481707	      0.23747829	      0.28771741	      0.30496930	      0.28143574	      0.03911321	      0.10437781	      0.09102516	      0.34313703	      0.04959813	      0.04564312	      0.37826198	      0.11246696	      0.35410325	      0.31500095	      0.35568668	      0.33615127	      0.38841521	      0.40232827	      0.05454758	      0.07551869	      0.07745989	      0.06230423	      0.07301243	      0.05121347	      0.01767033	      0.02848888	      0.01411180	      0.18143239	      0.10774376	      0.11832968	      0.32499350	      0.07979852	      0.11187527	      0.43068021	      0.13318945	      0.35368818	      0.41610788	      0.27984176	      0.42184725	      0.21454510	      0.25706960	      0.25288006	      0.26975288	      0.24738896
      4.97500000	      0.04146075	      0.14427003	      0.10039006	      0.33912491	      0.05412171	      0.04775336	      0.35312190	      0.11984787	      0.37340568	      0.33803955	      0.33411769	      0.30983623	      0.31790323	      0.32821885	      0.05593146	      0.07815371	      0.08086882	      0.06325637	      0.07434000	      0.05234039	      0.01820031	      0.02943583	      0.01418495	      0.19505728	      0.11020672	      0.10560221	      0.30253389	      0.07411824	      0.11405001	      0.52107093	      0.14041499	      0.33181368	      0.38055378	      0.23166219	      0.51445030	      0.24482627	      0.23747540	      0.28768711	      0.30494084	      0.28140687	      0.03911321	      0.10439339	      0.09102516	      0.34294717	      0.04959813	      0.04564312	      0.37826606	      0.11246696	      0.35417410	      0.31507663	      0.35568154	      0.33613684	      0.38848175	      0.40241564	      0.05454758	      0.07551869	      0.07745989	      0.06230423	      0.07301243	      0.05121347	      0.01767033	      0.02848888	      0.01408264	      0.18143239	      0.10774376	      0.11832305	      0.32498138	      0.07974968	      0.11187527	      0.43070185	      0.13318945	      0.35375055	      0.41617642	      0.27978856	      0.42209182	      0.21462872	      0.25706176	      0.25274999	      0.26963616	      0.24726969
      4.98000000	      0.04146075	      0.14415556	      0.10039006	      0.33905189	      0.05412171	      0.04775336	      0.35308644	      0.11984787	      0.37341121	      0.33804545	      0.33411577	      0.30983326	      0.31791895	      0.32824902	      0.05593146	      0.07815371	      0.08086882	      0.06325637	      0.07434000	      0.05234039	      0.01820031	      0.02943583	      0.01425951	      0.19505728	      0.11020672	      0.10560088	      0.30253200	      0.07413615	      0.11405001	      0.52108568	      0.14041499	      0.33180038	      0.38052680	      0.23165502	      0.51460245	      0.24483268	      0.23747338	      0.28765659	      0.30491219	      0.28137781	      0.03911321	      0.10441229	      0.09102516	      0.34275715	      0.04959813	      0.04564312	      0.37827289	      0.11246696	      0.35424733	      0.31515487	      0.35567621	      0.33612189	      0.38854849	      0.40250341	      0.05454758	      0.07551869	      0.07745989	      0.06230423	      0.07301243	      0.05121347	      0.01767033	      0.02848888	      0.01405212	      0.18143239	      0.10774376	      0.11831618	      0.32496882	      0.07969973	      0.11187527	      0.43072070	      0.13318945	      0.35381655	      0.41624955	      0.27973348	      0.42233455	      0.21471518	      0.25705363	      0.25261709	      0.26951674	      0.24714777
      4.98500000	      0.04146075	      0.14403849	      0.10039006	      0.33897724	      0.05412171	      0.04775336	      0.35305079	      0.11984787	      0.37341405	      0.33804847	      0.33411479	      0.30983173	      0.31793834	      0.32828284	      0.05593146	      0.07815371	      0.08086882	      0.06325637	      0.07434000	      0.05234039	      0.01820031	      0.02943583	      0.01433428	      0.19505728	      0.11020672	      0.10560020	      0.30253104	      0.07415557	      0.11405001	      0.52110083	      0.14041499	      0.33178664	      0.38049910	      0.23165135	      0.51475471	      0.24483596	      0.23747235	      0.28762590	      0.30488337	      0.28134857	      0.03911321	      0.10443462	      0.09102516	      0.34256677	      0.04959813	      0.04564312	      0.37828223	      0.11246696	      0.35432291	      0.31523563	      0.35567066	      0.33610642	      0.38861546	      0.40259158	      0.05454758	      0.07551869	      0.07745989	      0.06230423	      0.07301243	      0.05121347	      0.01767033	      0.02848888	      0.01402027	      0.18143239	      0.10774376	      0.11830907	      0.32495585	      0.07964862	      0.11187527	      0.43073693	      0.13318945	      0.35388600	      0.41632706	      0.27967654	      0.42257584	      0.21480445	      0.25704520	      0.25248132	      0.26939459	      0.24702317
      4.99000000	      0.04146075	      0.14391907	      0.10039006	      0.33890034	      0.05412171	      0.04775336	      0.35301433	      0.11984787	      0.37341397	      0.33804838	      0.33411482	      0.30983178	      0.31796168	      0.32832055	      0.05593146	      0.07815371	      0.08086882	      0.06325637	      0.07434000	      0.05234039	      0.01820031	      0.02943583	      0.01440906	      0.19505728	      0.11020672	      0.10560022	      0.30253107	      0.07417642	      0.11405001	      0.52111690	      0.14041499	      0.33177191	      0.38046997	      0.23165146	      0.51490746	      0.24483587	      0.23747238	      0.28759504	      0.30485439	      0.28131917	      0.03911321	      0.10446046	      0.09102516	      0.34237574	      0.04959813	      0.04564312	      0.37829380	      0.11246696	      0.35440082	      0.31531887	      0.35566491	      0.33609042	      0.38868268	      0.40268018	      0.05454758	      0.07551869	      0.07745989	      0.06230423	      0.07301243	      0.05121347	      0.01767033	      0.02848888	      0.01398711	      0.18143239	      0.10774376	      0.11830172	      0.32494244	      0.07959629	      0.11187527	      0.43075076	      0.13318945	      0.35395868	      0.41640865	      0.27961774	      0.42281629	      0.21489648	      0.25703648	      0.25234262	      0.26926966	      0.24689582
      4.99500000	      0.04146075	      0.14379777	      0.10039006	      0.33882052	      0.05412171	      0.04775336	      0.35297642	      0.11984787	      0.37341083	      0.33804504	      0.33411591	      0.30983346	      0.31798913	      0.32836231	      0.05593146	      0.07815371	      0.08086882	      0.06325637	      0.07434000	      0.05234039	      0.01820031	      0.02943583	      0.01448360	      0.19505728	      0.11020672	      0.10560097	      0.30253213	      0.07419853	      0.11405001	      0.52113443	      0.14041499	      0.33175554	      0.38043868	      0.23165552	      0.51506109	      0.24483223	      0.23747352	      0.28756403	      0.30482529	      0.28128964	      0.03911321	      0.10448984	      0.09102516	      0.34218364	      0.04959813	      0.04564312	      0.37830722	      0.11246696	      0.35448104	      0.31540460	      0.35565895	      0.33607390	      0.38875021	      0.40276926	      0.05454758	      0.07551869	      0.07745989	      0.06230423	      0.07301243	      0.05121347	      0.01767033	      0.02848888	      0.01395275	      0.18143239	      0.10774376	      0.11829413	      0.32492862	      0.07954270	      0.11187527	      0.43076250	      0.13318945	      0.35403430	      0.41649394	      0.27955709	      0.42305667	      0.21499126	      0.25702746	      0.25220094	      0.26914186	      0.24676567
      5.00000000	      0.04146075	      0.14367522	      0.10039006	      0.33873708	      0.05412171	      0.04775336	      0.35293631	      0.11984787	      0.37340457	      0.33803838	      0.33411807	      0.30983682	      0.31802075	      0.32840816	      0.05593146	      0.07815371	      0.08086882	      0.06325637	      0.07434000	      0.05234039	      0.01820031	      0.02943583	      0.01455756	      0.19505728	      0.11020672	      0.10560247	      0.30253426	      0.07422165	      0.11405001	      0.52115404	      0.14041499	      0.33173687	      0.38040441	      0.23166361	      0.51521598	      0.24482499	      0.23747580	      0.28753290	      0.30479606	      0.28125998	      0.03911321	      0.10452275	      0.09102516	      0.34198999	      0.04959813	      0.04564312	      0.37832203	      0.11246696	      0.35456357	      0.31549279	      0.35565277	      0.33605686	      0.38881808	      0.40285884	      0.05454758	      0.07551869	      0.07745989	      0.06230423	      0.07301243	      0.05121347	      0.01767033	      0.02848888	      0.01391732	      0.18143239	      0.10774376	      0.11828630	      0.32491438	      0.07948783	      0.11187527	      0.43077252	      0.13318945	      0.35411249	      0.41658247	      0.27949458	      0.42329798	      0.21508879	      0.25701815	      0.25205619	      0.26901113	      0.24663265
      5.00500000	      0.04146075	      0.14355227	      0.10039006	      0.33864932	      0.05412171	      0.04775336	      0.35289323	      0.11984787	      0.37339523	      0.33802842	      0.33412129	      0.30984183	      0.31805648	      0.32845803	      0.05593146	      0.07815371	      0.08086882	      0.06325637	      0.07434000	      0.05234039	      0.01820031	      0.02943583	      0.01463054	      0.19505728	      0.11020672	      0.10560471	      0.30253743	      0.07424542	      0.11405001	      0.52117636	      0.14041499	      0.33171518	      0.38036634	      0.23167570	      0.51537251	      0.24481418	      0.23747919	      0.28750167	      0.30476674	      0.28123023	      0.03911321	      0.10455912	      0.09102516	      0.34179418	      0.04959813	      0.04564312	      0.37833772	      0.11246696	      0.35464840	      0.31558345	      0.35564637	      0.33603929	      0.38888633	      0.40294898	      0.05454758	      0.07551869	      0.07745989	      0.06230423	      0.07301243	      0.05121347	      0.01767033	      0.02848888	      0.01388100	      0.18143239	      0.10774376	      0.11827823	      0.32489971	      0.07943167	      0.11187527	      0.43078124	      0.13318945	      0.35419286	      0.41667371	      0.27943020	      0.42354136	      0.21518907	      0.25700853	      0.25190828	      0.26887736	      0.24649666
      5.01000000	      0.04146075	      0.14342988	      0.10039006	      0.33855660	      0.05412171	      0.04775336	      0.35284639	      0.11984787	      0.37338293	      0.33801531	      0.33412554	      0.30984842	      0.31809616	      0.32851176	      0.05593146	      0.07815371	      0.08086882	      0.06325637	      0.07434000	      0.05234039	      0.01820031	      0.02943583	      0.01470208	      0.19505728	      0.11020672	      0.10560766	      0.30254161	      0.07426944	      0.11405001	      0.52120204	      0.14041499	      0.33168975	      0.38032363	      0.23169161	      0.51553103	      0.24479993	      0.23748366	      0.28747036	      0.30473736	      0.28120041	      0.03911321	      0.10459882	      0.09102516	      0.34159555	      0.04959813	      0.04564312	      0.37835370	      0.11246696	      0.35473554	      0.31567659	      0.35563976	      0.33602118	      0.38895503	      0.40303973	      0.05454758	      0.07551869	      0.07745989	      0.06230423	      0.07301243	      0.05121347	      0.01767033	      0.02848888	      0.01384400	      0.18143239	      0.10774376	      0.11826991	      0.32488462	      0.07937422	      0.11187527	      0.43078914	      0.13318945	      0.35427497	      0.41676709	      0.27936395	      0.42378807	      0.21529212	      0.25699860	      0.25175710	      0.26874045	      0.24635759
      5.01500000	      0.04146075	      0.14330914	      0.10039006	      0.33845829	      0.05412171	      0.04775336	      0.35279501	      0.11984787	      0.37336786	      0.33799926	      0.33413074	      0.30985650	      0.31813950	      0.32856906	      0.05593146	      0.07815371	      0.08086882	      0.06325637	      0.07434000	      0.05234039	      0.01820031	      0.02943583	      0.01477173	      0.19505728	      0.11020672	      0.10561128	      0.30254673	      0.07429324	      0.11405001	      0.52123171	      0.14041499	      0.33165985	      0.38027547	      0.23171110	      0.51569191	      0.24478249	      0.23748914	      0.28743900	      0.30470792	      0.28117053	      0.03911321	      0.10464168	      0.09102516	      0.34139336	      0.04959813	      0.04564312	      0.37836937	      0.11246696	      0.35482502	      0.31577223	      0.35563291	      0.33600252	      0.38902423	      0.40313115	      0.05454758	      0.07551869	      0.07745989	      0.06230423	      0.07301243	      0.05121347	      0.01767033	      0.02848888	      0.01380656	      0.18143239	      0.10774376	      0.11826134	      0.32486909	      0.07931551	      0.11187527	      0.43079671	      0.13318945	      0.35435834	      0.41686197	      0.27929578	      0.42403944	      0.21539795	      0.25698836	      0.25160252	      0.26860027	      0.24621534
      5.02000000	      0.04146075	      0.14319119	      0.10039006	      0.33835383	      0.05412171	      0.04775336	      0.35273834	      0.11984787	      0.37335033	      0.33798057	      0.33413679	      0.30986590	      0.31818611	      0.32862952	      0.05593146	      0.07815371	      0.08086882	      0.06325637	      0.07434000	      0.05234039	      0.01820031	      0.02943583	      0.01483901	      0.19505728	      0.11020672	      0.10561548	      0.30255268	      0.07431629	      0.11405001	      0.52126596	      0.14041499	      0.33162484	      0.38022112	      0.23173378	      0.51585547	      0.24476219	      0.23749551	      0.28740762	      0.30467848	      0.28114064	      0.03911321	      0.10468747	      0.09102516	      0.34118686	      0.04959813	      0.04564312	      0.37838414	      0.11246696	      0.35491686	      0.31587041	      0.35562583	      0.33598331	      0.38909396	      0.40322329	      0.05454758	      0.07551869	      0.07745989	      0.06230423	      0.07301243	      0.05121347	      0.01767033	      0.02848888	      0.01376889	      0.18143239	      0.10774376	      0.11825252	      0.32485311	      0.07925556	      0.11187527	      0.43080443	      0.13318945	      0.35444251	      0.41695775	      0.27922566	      0.42429674	      0.21550662	      0.25697780	      0.25144443	      0.26845670	      0.24606977
      5.02500000	      0.04146075	      0.14307714	      0.10039006	      0.33824282	      0.05412171	      0.04775336	      0.35267571	      0.11984787	      0.37333068	      0.33795964	      0.33414356	      0.30987642	      0.31823550	      0.32869268	      0.05593146	      0.07815371	      0.08086882	      0.06325637	      0.07434000	      0.05234039	      0.01820031	      0.02943583	      0.01490352	      0.19505728	      0.11020672	      0.10562019	      0.30255934	      0.07433806	      0.11405001	      0.52130532	      0.14041499	      0.33158413	      0.38015994	      0.23175918	      0.51602204	      0.24473944	      0.23750264	      0.28737625	      0.30464904	      0.28111076	      0.03911321	      0.10473593	      0.09102516	      0.34097535	      0.04959813	      0.04564312	      0.37839746	      0.11246696	      0.35501111	      0.31597116	      0.35561851	      0.33596353	      0.38916427	      0.40331617	      0.05454758	      0.07551869	      0.07745989	      0.06230423	      0.07301243	      0.05121347	      0.01767033	      0.02848888	      0.01373118	      0.18143239	      0.10774376	      0.11824344	      0.32483669	      0.07919442	      0.11187527	      0.43081275	      0.13318945	      0.35452707	      0.41705385	      0.27915357	      0.42456109	      0.21561815	      0.25696692	      0.25128268	      0.26830961	      0.24592077
      5.03000000	      0.04146075	      0.14296799	      0.10039006	      0.33812495	      0.05412171	      0.04775336	      0.35260656	      0.11984787	      0.37330935	      0.33793691	      0.33415091	      0.30988784	      0.31828712	      0.32875796	      0.05593146	      0.07815371	      0.08086882	      0.06325637	      0.07434000	      0.05234039	      0.01820031	      0.02943583	      0.01496492	      0.19505728	      0.11020672	      0.10562529	      0.30256658	      0.07435802	      0.11405001	      0.52135020	      0.14041499	      0.33153726	      0.38009143	      0.23178675	      0.51619195	      0.24471474	      0.23751038	      0.28734492	      0.30461964	      0.28108092	      0.03911321	      0.10478677	      0.09102516	      0.34075817	      0.04959813	      0.04564312	      0.37840886	      0.11246696	      0.35510779	      0.31607454	      0.35561095	      0.33594317	      0.38923519	      0.40340983	      0.05454758	      0.07551869	      0.07745989	      0.06230423	      0.07301243	      0.05121347	      0.01767033	      0.02848888	      0.01369359	      0.18143239	      0.10774376	      0.11823409	      0.32481981	      0.07913212	      0.11187527	      0.43082205	      0.13318945	      0.35461162	      0.41714976	      0.27907945	      0.42483340	      0.21573260	      0.25695569	      0.25111717	      0.26815888	      0.24576822
      5.03500000	      0.04146075	      0.14286465	      0.10039006	      0.33800009	      0.05412171	      0.04775336	      0.35253047	      0.11984787	      0.37328681	      0.33791289	      0.33415867	      0.30989990	      0.31834033	      0.32882476	      0.05593146	      0.07815371	      0.08086882	      0.06325637	      0.07434000	      0.05234039	      0.01820031	      0.02943583	      0.01502298	      0.19505728	      0.11020672	      0.10563069	      0.30257422	      0.07437568	      0.11405001	      0.52140092	      0.14041499	      0.33148391	      0.38001524	      0.23181589	      0.51636550	      0.24468863	      0.23751855	      0.28731367	      0.30459031	      0.28105115	      0.03911321	      0.10483970	      0.09102516	      0.34053478	      0.04959813	      0.04564312	      0.37841797	      0.11246696	      0.35520697	      0.31618058	      0.35560312	      0.33592221	      0.38930670	      0.40350426	      0.05454758	      0.07551869	      0.07745989	      0.06230423	      0.07301243	      0.05121347	      0.01767033	      0.02848888	      0.01365620	      0.18143239	      0.10774376	      0.11822447	      0.32480245	      0.07906871	      0.11187527	      0.43083261	      0.13318945	      0.35469588	      0.41724508	      0.27900325	      0.42511430	      0.21585004	      0.25694412	      0.25094778	      0.26800440	      0.24561202
      5.04000000	      0.04146075	      0.14276780	      0.10039006	      0.33786823	      0.05412171	      0.04775336	      0.35244714	      0.11984787	      0.37326355	      0.33788810	      0.33416667	      0.30991234	      0.31839446	      0.32889240	      0.05593146	      0.07815371	      0.08086882	      0.06325637	      0.07434000	      0.05234039	      0.01820031	      0.02943583	      0.01507760	      0.19505728	      0.11020672	      0.10563625	      0.30258210	      0.07439058	      0.11405001	      0.52145765	      0.14041499	      0.33142390	      0.37993119	      0.23184595	      0.51654301	      0.24466169	      0.23752698	      0.28728252	      0.30456108	      0.28102148	      0.03911321	      0.10489441	      0.09102516	      0.34030477	      0.04959813	      0.04564312	      0.37842456	      0.11246696	      0.35530869	      0.31628935	      0.35559503	      0.33590064	      0.38937880	      0.40359944	      0.05454758	      0.07551869	      0.07745989	      0.06230423	      0.07301243	      0.05121347	      0.01767033	      0.02848888	      0.01361902	      0.18143239	      0.10774376	      0.11821456	      0.32478462	      0.07900423	      0.11187527	      0.43084462	      0.13318945	      0.35477962	      0.41733953	      0.27892492	      0.42540407	      0.21597053	      0.25693220	      0.25077442	      0.26784607	      0.24545208
      5.04500000	      0.04146075	      0.14267796	      0.10039006	      0.33772955	      0.05412171	      0.04775336	      0.35235643	      0.11984787	      0.37324009	      0.33786311	      0.33417473	      0.30992487	      0.31844883	      0.32896021	      0.05593146	      0.07815371	      0.08086882	      0.06325637	      0.07434000	      0.05234039	      0.01820031	      0.02943583	      0.01512877	      0.19505728	      0.11020672	      0.10564186	      0.30259004	      0.07440229	      0.11405001	      0.52152043	      0.14041499	      0.33135720	      0.37983929	      0.23187625	      0.51672475	      0.24463452	      0.23753547	      0.28725151	      0.30453199	      0.28099194	      0.03911321	      0.10495062	      0.09102516	      0.34006785	      0.04959813	      0.04564312	      0.37842852	      0.11246696	      0.35541301	      0.31640091	      0.35558667	      0.33587843	      0.38945145	      0.40369531	      0.05454758	      0.07551869	      0.07745989	      0.06230423	      0.07301243	      0.05121347	      0.01767033	      0.02848888	      0.01358202	      0.18143239	      0.10774376	      0.11820437	      0.32476628	      0.07893872	      0.11187527	      0.43085814	      0.13318945	      0.35486275	      0.41743294	      0.27884441	      0.42570270	      0.21609413	      0.25691990	      0.25059702	      0.26768380	      0.24528831
      5.05000000	      0.04146075	      0.14259548	      0.10039006	      0.33758435	      0.05412171	      0.04775336	      0.35225833	      0.11984787	      0.37321696	      0.33783846	      0.33418268	      0.30993723	      0.31850274	      0.32902750	      0.05593146	      0.07815371	      0.08086882	      0.06325637	      0.07434000	      0.05234039	      0.01820031	      0.02943583	      0.01517661	      0.19505728	      0.11020672	      0.10564739	      0.30259788	      0.07441047	      0.11405001	      0.52158922	      0.14041499	      0.33128390	      0.37973968	      0.23190613	      0.51691099	      0.24460773	      0.23754385	      0.28722069	      0.30450308	      0.28096258	      0.03911321	      0.10500807	      0.09102516	      0.33982388	      0.04959813	      0.04564312	      0.37842985	      0.11246696	      0.35551998	      0.31651531	      0.35557802	      0.33585557	      0.38952459	      0.40379182	      0.05454758	      0.07551869	      0.07745989	      0.06230423	      0.07301243	      0.05121347	      0.01767033	      0.02848888	      0.01354509	      0.18143239	      0.10774376	      0.11819388	      0.32474744	      0.07887222	      0.11187527	      0.43087314	      0.13318945	      0.35494524	      0.41752528	      0.27876167	      0.42600985	      0.21622091	      0.25690722	      0.25041551	      0.26751753	      0.24512067
      5.05500000	      0.04146075	      0.14252049	      0.10039006	      0.33743308	      0.05412171	      0.04775336	      0.35215297	      0.11984787	      0.37319464	      0.33781468	      0.33419034	      0.30994914	      0.31855552	      0.32909360	      0.05593146	      0.07815371	      0.08086882	      0.06325637	      0.07434000	      0.05234039	      0.01820031	      0.02943583	      0.01522130	      0.19505728	      0.11020672	      0.10565272	      0.30260543	      0.07441480	      0.11405001	      0.52166383	      0.14041499	      0.33120424	      0.37963265	      0.23193495	      0.51710197	      0.24458187	      0.23755192	      0.28719009	      0.30447437	      0.28093343	      0.03911321	      0.10506654	      0.09102516	      0.33957287	      0.04959813	      0.04564312	      0.37842870	      0.11246696	      0.35562963	      0.31663259	      0.35556908	      0.33583205	      0.38959818	      0.40388891	      0.05454758	      0.07551869	      0.07745989	      0.06230423	      0.07301243	      0.05121347	      0.01767033	      0.02848888	      0.01350809	      0.18143239	      0.10774376	      0.11818308	      0.32472808	      0.07880476	      0.11187527	      0.43088947	      0.13318945	      0.35502717	      0.41761663	      0.27867664	      0.42632497	      0.21635090	      0.25689416	      0.25022985	      0.26734719	      0.24494909
      5.06000000	      0.04146075	      0.14245303	      0.10039006	      0.33727625	      0.05412171	      0.04775336	      0.35204057	      0.11984787	      0.37317361	      0.33779226	      0.33419755	      0.30996036	      0.31860655	      0.32915788	      0.05593146	      0.07815371	      0.08086882	      0.06325637	      0.07434000	      0.05234039	      0.01820031	      0.02943583	      0.01526312	      0.19505728	      0.11020672	      0.10565774	      0.30261254	      0.07441503	      0.11405001	      0.52174402	      0.14041499	      0.33111854	      0.37951859	      0.23196211	      0.51729788	      0.24455751	      0.23755952	      0.28715977	      0.30444593	      0.28090455	      0.03911321	      0.10512586	      0.09102516	      0.33931493	      0.04959813	      0.04564312	      0.37842526	      0.11246696	      0.35574197	      0.31675277	      0.35555984	      0.33580785	      0.38967215	      0.40398650	      0.05454758	      0.07551869	      0.07745989	      0.06230423	      0.07301243	      0.05121347	      0.01767033	      0.02848888	      0.01347086	      0.18143239	      0.10774376	      0.11817198	      0.32470820	      0.07873638	      0.11187527	      0.43090692	      0.13318945	      0.35510867	      0.41770716	      0.27858931	      0.42664734	      0.21648414	      0.25688070	      0.25004000	      0.26717275	      0.24477355
      5.06500000	      0.04146075	      0.14239300	      0.10039006	      0.33711445	      0.05412171	      0.04775336	      0.35192141	      0.11984787	      0.37315427	      0.33777165	      0.33420418	      0.30997068	      0.31865524	      0.32921975	      0.05593146	      0.07815371	      0.08086882	      0.06325637	      0.07434000	      0.05234039	      0.01820031	      0.02943583	      0.01530237	      0.19505728	      0.11020672	      0.10566235	      0.30261908	      0.07441095	      0.11405001	      0.52182948	      0.14041499	      0.33102716	      0.37939796	      0.23198708	      0.51749885	      0.24453510	      0.23756651	      0.28712977	      0.30441779	      0.28087598	      0.03911321	      0.10518594	      0.09102516	      0.33905027	      0.04959813	      0.04564312	      0.37841981	      0.11246696	      0.35585701	      0.31687583	      0.35555029	      0.33578298	      0.38974649	      0.40408454	      0.05454758	      0.07551869	      0.07745989	      0.06230423	      0.07301243	      0.05121347	      0.01767033	      0.02848888	      0.01343324	      0.18143239	      0.10774376	      0.11816057	      0.32468779	      0.07866711	      0.11187527	      0.43092521	      0.13318945	      0.35518994	      0.41779711	      0.27849967	      0.42697612	      0.21662061	      0.25686684	      0.24984594	      0.26699416	      0.24459402
      5.07000000	      0.04146075	      0.14234021	      0.10039006	      0.33694832	      0.05412171	      0.04775336	      0.35179586	      0.11984787	      0.37313699	      0.33775324	      0.33421010	      0.30997989	      0.31870109	      0.32927868	      0.05593146	      0.07815371	      0.08086882	      0.06325637	      0.07434000	      0.05234039	      0.01820031	      0.02943583	      0.01533935	      0.19505728	      0.11020672	      0.10566647	      0.30262492	      0.07440240	      0.11405001	      0.52191986	      0.14041499	      0.33093054	      0.37927129	      0.23200938	      0.51770497	      0.24451508	      0.23757275	      0.28710017	      0.30439003	      0.28084778	      0.03911321	      0.10524677	      0.09102516	      0.33877918	      0.04959813	      0.04564312	      0.37841266	      0.11246696	      0.35597469	      0.31700173	      0.35554044	      0.33575743	      0.38982118	      0.40418302	      0.05454758	      0.07551869	      0.07745989	      0.06230423	      0.07301243	      0.05121347	      0.01767033	      0.02848888	      0.01339506	      0.18143239	      0.10774376	      0.11814885	      0.32466686	      0.07859696	      0.11187527	      0.43094402	      0.13318945	      0.35527122	      0.41788681	      0.27840773	      0.42731044	      0.21676026	      0.25685258	      0.24964767	      0.26681141	      0.24441047
      5.07500000	      0.04146075	      0.14229441	      0.10039006	      0.33677850	      0.05412171	      0.04775336	      0.35166429	      0.11984787	      0.37312205	      0.33773732	      0.33421522	      0.30998785	      0.31874366	      0.32933424	      0.05593146	      0.07815371	      0.08086882	      0.06325637	      0.07434000	      0.05234039	      0.01820031	      0.02943583	      0.01537440	      0.19505728	      0.11020672	      0.10567003	      0.30262997	      0.07438926	      0.11405001	      0.52201480	      0.14041499	      0.33082911	      0.37913909	      0.23202866	      0.51791625	      0.24449776	      0.23757814	      0.28707104	      0.30436270	      0.28082003	      0.03911321	      0.10530842	      0.09102516	      0.33850201	      0.04959813	      0.04564312	      0.37840416	      0.11246696	      0.35609495	      0.31713040	      0.35553028	      0.33573121	      0.38989624	      0.40428192	      0.05454758	      0.07551869	      0.07745989	      0.06230423	      0.07301243	      0.05121347	      0.01767033	      0.02848888	      0.01335619	      0.18143239	      0.10774376	      0.11813682	      0.32464542	      0.07852596	      0.11187527	      0.43096300	      0.13318945	      0.35535278	      0.41797660	      0.27831353	      0.42764944	      0.21690301	      0.25683792	      0.24944515	      0.26662446	      0.24422289
      5.08000000	      0.04146075	      0.14225531	      0.10039006	      0.33660563	      0.05412171	      0.04775336	      0.35152712	      0.11984787	      0.37310966	      0.33772411	      0.33421946	      0.30999445	      0.31878263	      0.32938605	      0.05593146	      0.07815371	      0.08086882	      0.06325637	      0.07434000	      0.05234039	      0.01820031	      0.02943583	      0.01540781	      0.19505728	      0.11020672	      0.10567299	      0.30263415	      0.07437148	      0.11405001	      0.52211392	      0.14041499	      0.33072331	      0.37900188	      0.23204465	      0.51813266	      0.24448341	      0.23758261	      0.28704244	      0.30433589	      0.28079280	      0.03911321	      0.10537104	      0.09102516	      0.33821919	      0.04959813	      0.04564312	      0.37839464	      0.11246696	      0.35621767	      0.31726172	      0.35551982	      0.33570434	      0.38997171	      0.40438127	      0.05454758	      0.07551869	      0.07745989	      0.06230423	      0.07301243	      0.05121347	      0.01767033	      0.02848888	      0.01331651	      0.18143239	      0.10774376	      0.11812450	      0.32462348	      0.07845410	      0.11187527	      0.43098177	      0.13318945	      0.35543491	      0.41806687	      0.27821715	      0.42799230	      0.21704874	      0.25682287	      0.24923838	      0.26643329	      0.24403126
      5.08500000	      0.04146075	      0.14222255	      0.10039006	      0.33643031	      0.05412171	      0.04775336	      0.35138473	      0.11984787	      0.37309995	      0.33771377	      0.33422278	      0.30999962	      0.31881775	      0.32943384	      0.05593146	      0.07815371	      0.08086882	      0.06325637	      0.07434000	      0.05234039	      0.01820031	      0.02943583	      0.01543986	      0.19505728	      0.11020672	      0.10567530	      0.30263743	      0.07434903	      0.11405001	      0.52221688	      0.14041499	      0.33061355	      0.37886017	      0.23205717	      0.51835409	      0.24447216	      0.23758611	      0.28701448	      0.30430967	      0.28076617	      0.03911321	      0.10543490	      0.09102516	      0.33793113	      0.04959813	      0.04564312	      0.37838447	      0.11246696	      0.35634273	      0.31739555	      0.35550906	      0.33567683	      0.39004766	      0.40448114	      0.05454758	      0.07551869	      0.07745989	      0.06230423	      0.07301243	      0.05121347	      0.01767033	      0.02848888	      0.01327595	      0.18143239	      0.10774376	      0.11811188	      0.32460106	      0.07838139	      0.11187527	      0.43099995	      0.13318945	      0.35551791	      0.41815801	      0.27811867	      0.42833829	      0.21719729	      0.25680744	      0.24902734	      0.26623786	      0.24383554
      5.09000000	      0.04146075	      0.14219576	      0.10039006	      0.33625311	      0.05412171	      0.04775336	      0.35123753	      0.11984787	      0.37309298	      0.33770633	      0.33422517	      0.31000333	      0.31884888	      0.32947743	      0.05593146	      0.07815371	      0.08086882	      0.06325637	      0.07434000	      0.05234039	      0.01820031	      0.02943583	      0.01547080	      0.19505728	      0.11020672	      0.10567696	      0.30263979	      0.07432194	      0.11405001	      0.52232333	      0.14041499	      0.33050024	      0.37871441	      0.23206618	      0.51858040	      0.24446407	      0.23758863	      0.28698725	      0.30428413	      0.28074023	      0.03911321	      0.10550032	      0.09102516	      0.33763831	      0.04959813	      0.04564312	      0.37837394	      0.11246696	      0.35646996	      0.31753171	      0.35549801	      0.33564873	      0.39012421	      0.40458161	      0.05454758	      0.07551869	      0.07745989	      0.06230423	      0.07301243	      0.05121347	      0.01767033	      0.02848888	      0.01323446	      0.18143239	      0.10774376	      0.11809900	      0.32457819	      0.07830780	      0.11187527	      0.43101718	      0.13318945	      0.35560210	      0.41825043	      0.27801820	      0.42868677	      0.21734847	      0.25679165	      0.24881199	      0.26603813	      0.24363572
      5.09500000	      0.04146075	      0.14217457	      0.10039006	      0.33607453	      0.05412171	      0.04775336	      0.35108587	      0.11984787	      0.37308869	      0.33770176	      0.33422663	      0.31000561	      0.31887598	      0.32951672	      0.05593146	      0.07815371	      0.08086882	      0.06325637	      0.07434000	      0.05234039	      0.01820031	      0.02943583	      0.01550086	      0.19505728	      0.11020672	      0.10567798	      0.30264123	      0.07429027	      0.11405001	      0.52243298	      0.14041499	      0.33038369	      0.37856500	      0.23207171	      0.51881141	      0.24445910	      0.23759018	      0.28696084	      0.30425937	      0.28071507	      0.03911321	      0.10556774	      0.09102516	      0.33734119	      0.04959813	      0.04564312	      0.37836337	      0.11246696	      0.35659919	      0.31767002	      0.35548668	      0.33562006	      0.39020148	      0.40468280	      0.05454758	      0.07551869	      0.07745989	      0.06230423	      0.07301243	      0.05121347	      0.01767033	      0.02848888	      0.01319203	      0.18143239	      0.10774376	      0.11808585	      0.32455490	      0.07823333	      0.11187527	      0.43103307	      0.13318945	      0.35568775	      0.41834452	      0.27791587	      0.42903721	      0.21750207	      0.25677551	      0.24859231	      0.26583406	      0.24343174
      5.10000000	      0.04146075	      0.14215858	      0.10039006	      0.33589501	      0.05412171	      0.04775336	      0.35093007	      0.11984787	      0.37308698	      0.33769994	      0.33422722	      0.31000652	      0.31889911	      0.32955172	      0.05593146	      0.07815371	      0.08086882	      0.06325637	      0.07434000	      0.05234039	      0.01820031	      0.02943583	      0.01553020	      0.19505728	      0.11020672	      0.10567839	      0.30264181	      0.07425413	      0.11405001	      0.52254559	      0.14041499	      0.33026421	      0.37841227	      0.23207392	      0.51904687	      0.24445712	      0.23759079	      0.28693536	      0.30423548	      0.28069080	      0.03911321	      0.10563763	      0.09102516	      0.33704020	      0.04959813	      0.04564312	      0.37835301	      0.11246696	      0.35673020	      0.31781025	      0.35547509	      0.33559086	      0.39027962	      0.40478485	      0.05454758	      0.07551869	      0.07745989	      0.06230423	      0.07301243	      0.05121347	      0.01767033	      0.02848888	      0.01314869	      0.18143239	      0.10774376	      0.11807247	      0.32453122	      0.07815792	      0.11187527	      0.43104729	      0.13318945	      0.35577514	      0.41844065	      0.27781184	      0.42938922	      0.21765784	      0.25675905	      0.24836827	      0.26562559	      0.24322358
      5.10500000	      0.04146075	      0.14214740	      0.10039006	      0.33571488	      0.05412171	      0.04775336	      0.35077042	      0.11984787	      0.37308765	      0.33770066	      0.33422699	      0.31000617	      0.31891842	      0.32958252	      0.05593146	      0.07815371	      0.08086882	      0.06325637	      0.07434000	      0.05234039	      0.01820031	      0.02943583	      0.01555896	      0.19505728	      0.11020672	      0.10567823	      0.30264158	      0.07421367	      0.11405001	      0.52266094	      0.14041499	      0.33014201	      0.37825647	      0.23207305	      0.51928653	      0.24445790	      0.23759055	      0.28691092	      0.30421256	      0.28066752	      0.03911321	      0.10571051	      0.09102516	      0.33673579	      0.04959813	      0.04564312	      0.37834307	      0.11246696	      0.35686279	      0.31795219	      0.35546324	      0.33556117	      0.39035881	      0.40488790	      0.05454758	      0.07551869	      0.07745989	      0.06230423	      0.07301243	      0.05121347	      0.01767033	      0.02848888	      0.01310448	      0.18143239	      0.10774376	      0.11805886	      0.32450719	      0.07808154	      0.11187527	      0.43105953	      0.13318945	      0.35586452	      0.41853916	      0.27770625	      0.42974251	      0.21781555	      0.25674228	      0.24813981	      0.26541268	      0.24301118
      5.11000000	      0.04146075	      0.14214066	      0.10039006	      0.33553444	      0.05412171	      0.04775336	      0.35060714	      0.11984787	      0.37309046	      0.33770365	      0.33422603	      0.31000467	      0.31893411	      0.32960927	      0.05593146	      0.07815371	      0.08086882	      0.06325637	      0.07434000	      0.05234039	      0.01820031	      0.02943583	      0.01558722	      0.19505728	      0.11020672	      0.10567756	      0.30264064	      0.07416905	      0.11405001	      0.52277888	      0.14041499	      0.33001726	      0.37809777	      0.23206942	      0.51953011	      0.24446115	      0.23758954	      0.28688762	      0.30419072	      0.28064533	      0.03911321	      0.10578689	      0.09102516	      0.33642835	      0.04959813	      0.04564312	      0.37833373	      0.11246696	      0.35699675	      0.31809560	      0.35545116	      0.33553104	      0.39043921	      0.40499212	      0.05454758	      0.07551869	      0.07745989	      0.06230423	      0.07301243	      0.05121347	      0.01767033	      0.02848888	      0.01305949	      0.18143239	      0.10774376	      0.11804505	      0.32448285	      0.07800414	      0.11187527	      0.43106949	      0.13318945	      0.35595612	      0.41864035	      0.27759928	      0.43009692	      0.21797493	      0.25672524	      0.24790688	      0.26519527	      0.24279449
      5.11500000	      0.04146075	      0.14213804	      0.10039006	      0.33535386	      0.05412171	      0.04775336	      0.35044041	      0.11984787	      0.37309510	      0.33770860	      0.33422444	      0.31000220	      0.31894648	      0.32963219	      0.05593146	      0.07815371	      0.08086882	      0.06325637	      0.07434000	      0.05234039	      0.01820031	      0.02943583	      0.01561503	      0.19505728	      0.11020672	      0.10567645	      0.30263907	      0.07412047	      0.11405001	      0.52289930	      0.14041499	      0.32989005	      0.37793628	      0.23206343	      0.51977731	      0.24446654	      0.23758786	      0.28686557	      0.30417005	      0.28062434	      0.03911321	      0.10586730	      0.09102516	      0.33611822	      0.04959813	      0.04564312	      0.37832510	      0.11246696	      0.35713187	      0.31824026	      0.35543886	      0.33550051	      0.39052100	      0.40509767	      0.05454758	      0.07551869	      0.07745989	      0.06230423	      0.07301243	      0.05121347	      0.01767033	      0.02848888	      0.01301383	      0.18143239	      0.10774376	      0.11803106	      0.32445822	      0.07792569	      0.11187527	      0.43107694	      0.13318945	      0.35605010	      0.41874447	      0.27749106	      0.43045240	      0.21813574	      0.25670793	      0.24766944	      0.26497328	      0.24257345
      5.12000000	      0.04146075	      0.14213922	      0.10039006	      0.33517328	      0.05412171	      0.04775336	      0.35027036	      0.11984787	      0.37310124	      0.33771514	      0.33422234	      0.30999893	      0.31895587	      0.32965156	      0.05593146	      0.07815371	      0.08086882	      0.06325637	      0.07434000	      0.05234039	      0.01820031	      0.02943583	      0.01564239	      0.19505728	      0.11020672	      0.10567499	      0.30263700	      0.07406814	      0.11405001	      0.52302215	      0.14041499	      0.32976043	      0.37777205	      0.23205551	      0.52002780	      0.24447365	      0.23758565	      0.28684489	      0.30415067	      0.28060464	      0.03911321	      0.10595222	      0.09102516	      0.33580571	      0.04959813	      0.04564312	      0.37831727	      0.11246696	      0.35726796	      0.31838598	      0.35542634	      0.33546962	      0.39060434	      0.40520469	      0.05454758	      0.07551869	      0.07745989	      0.06230423	      0.07301243	      0.05121347	      0.01767033	      0.02848888	      0.01296764	      0.18143239	      0.10774376	      0.11801690	      0.32443334	      0.07784614	      0.11187527	      0.43108167	      0.13318945	      0.35614663	      0.41885173	      0.27738174	      0.43080898	      0.21829777	      0.25669039	      0.24742742	      0.26474665	      0.24234801
      5.12500000	      0.04146075	      0.14214395	      0.10039006	      0.33499277	      0.05412171	      0.04775336	      0.35009711	      0.11984787	      0.37310852	      0.33772290	      0.33421985	      0.30999505	      0.31896262	      0.32966765	      0.05593146	      0.07815371	      0.08086882	      0.06325637	      0.07434000	      0.05234039	      0.01820031	      0.02943583	      0.01566927	      0.19505728	      0.11020672	      0.10567326	      0.30263454	      0.07401229	      0.11405001	      0.52314740	      0.14041499	      0.32962840	      0.37760505	      0.23204612	      0.52028124	      0.24448209	      0.23758302	      0.28682567	      0.30413265	      0.28058634	      0.03911321	      0.10604206	      0.09102516	      0.33549107	      0.04959813	      0.04564312	      0.37831027	      0.11246696	      0.35740488	      0.31853260	      0.35541364	      0.33543839	      0.39068935	      0.40531329	      0.05454758	      0.07551869	      0.07745989	      0.06230423	      0.07301243	      0.05121347	      0.01767033	      0.02848888	      0.01292107	      0.18143239	      0.10774376	      0.11800260	      0.32440824	      0.07776548	      0.11187527	      0.43108349	      0.13318945	      0.35624581	      0.41896228	      0.27727144	      0.43116676	      0.21846084	      0.25667263	      0.24718078	      0.26451531	      0.24211810
      5.13000000	      0.04146075	      0.14215203	      0.10039006	      0.33481239	      0.05412171	      0.04775336	      0.34992072	      0.11984787	      0.37311657	      0.33773148	      0.33421709	      0.30999077	      0.31896711	      0.32968078	      0.05593146	      0.07815371	      0.08086882	      0.06325637	      0.07434000	      0.05234039	      0.01820031	      0.02943583	      0.01569558	      0.19505728	      0.11020672	      0.10567134	      0.30263182	      0.07395313	      0.11405001	      0.52327504	      0.14041499	      0.32949394	      0.37743525	      0.23203573	      0.52053723	      0.24449142	      0.23758012	      0.28680803	      0.30411611	      0.28056954	      0.03911321	      0.10613716	      0.09102516	      0.33517449	      0.04959813	      0.04564312	      0.37830411	      0.11246696	      0.35754253	      0.31868000	      0.35540074	      0.33540685	      0.39077611	      0.40542354	      0.05454758	      0.07551869	      0.07745989	      0.06230423	      0.07301243	      0.05121347	      0.01767033	      0.02848888	      0.01287429	      0.18143239	      0.10774376	      0.11798815	      0.32438293	      0.07768369	      0.11187527	      0.43108229	      0.13318945	      0.35634772	      0.41907623	      0.27716024	      0.43152590	      0.21862482	      0.25665467	      0.24692945	      0.26427921	      0.24188366
      5.13500000	      0.04146075	      0.14216330	      0.10039006	      0.33463213	      0.05412171	      0.04775336	      0.34974125	      0.11984787	      0.37312504	      0.33774050	      0.33421420	      0.30998626	      0.31896970	      0.32969126	      0.05593146	      0.07815371	      0.08086882	      0.06325637	      0.07434000	      0.05234039	      0.01820031	      0.02943583	      0.01572123	      0.19505728	      0.11020672	      0.10566932	      0.30262896	      0.07389089	      0.11405001	      0.52340507	      0.14041499	      0.32935700	      0.37726258	      0.23202481	      0.52079540	      0.24450123	      0.23757706	      0.28679205	      0.30410114	      0.28055432	      0.03911321	      0.10623770	      0.09102516	      0.33485611	      0.04959813	      0.04564312	      0.37829877	      0.11246696	      0.35768086	      0.31882815	      0.35538765	      0.33537501	      0.39086464	      0.40553543	      0.05454758	      0.07551869	      0.07745989	      0.06230423	      0.07301243	      0.05121347	      0.01767033	      0.02848888	      0.01282748	      0.18143239	      0.10774376	      0.11797356	      0.32435743	      0.07760081	      0.11187527	      0.43107793	      0.13318945	      0.35645240	      0.41919364	      0.27704815	      0.43188655	      0.21878966	      0.25663649	      0.24667340	      0.26403827	      0.24164465
      5.14000000	      0.04146075	      0.14217765	      0.10039006	      0.33445200	      0.05412171	      0.04775336	      0.34955879	      0.11984787	      0.37313358	      0.33774960	      0.33421127	      0.30998170	      0.31897076	      0.32969937	      0.05593146	      0.07815371	      0.08086882	      0.06325637	      0.07434000	      0.05234039	      0.01820031	      0.02943583	      0.01574609	      0.19505728	      0.11020672	      0.10566729	      0.30262607	      0.07382580	      0.11405001	      0.52353751	      0.14041499	      0.32921753	      0.37708698	      0.23201378	      0.52105530	      0.24451113	      0.23757398	      0.28677782	      0.30408780	      0.28054077	      0.03911321	      0.10634374	      0.09102516	      0.33453604	      0.04959813	      0.04564312	      0.37829422	      0.11246696	      0.35781992	      0.31897709	      0.35537438	      0.33534285	      0.39095488	      0.40564890	      0.05454758	      0.07551869	      0.07745989	      0.06230423	      0.07301243	      0.05121347	      0.01767033	      0.02848888	      0.01278081	      0.18143239	      0.10774376	      0.11795884	      0.32433171	      0.07751687	      0.11187527	      0.43107034	      0.13318945	      0.35655987	      0.41931451	      0.27693515	      0.43224885	      0.21895543	      0.25661811	      0.24641258	      0.26379245	      0.24140103
      5.14500000	      0.04146075	      0.14219502	      0.10039006	      0.33427202	      0.05412171	      0.04775336	      0.34937338	      0.11984787	      0.37314189	      0.33775846	      0.33420842	      0.30997728	      0.31897058	      0.32970538	      0.05593146	      0.07815371	      0.08086882	      0.06325637	      0.07434000	      0.05234039	      0.01820031	      0.02943583	      0.01577001	      0.19505728	      0.11020672	      0.10566530	      0.30262326	      0.07375805	      0.11405001	      0.52367236	      0.14041499	      0.32907549	      0.37690839	      0.23200306	      0.52131652	      0.24452075	      0.23757098	      0.28676543	      0.30407619	      0.28052897	      0.03911321	      0.10645514	      0.09102516	      0.33421429	      0.04959813	      0.04564312	      0.37829042	      0.11246696	      0.35795985	      0.31912696	      0.35536089	      0.33531033	      0.39104666	      0.40576376	      0.05454758	      0.07551869	      0.07745989	      0.06230423	      0.07301243	      0.05121347	      0.01767033	      0.02848888	      0.01273448	      0.18143239	      0.10774376	      0.11794395	      0.32430575	      0.07743198	      0.11187527	      0.43105945	      0.13318945	      0.35667012	      0.41943883	      0.27682110	      0.43261293	      0.21912227	      0.25659949	      0.24614697	      0.26354171	      0.24115275
      5.15000000	      0.04146075	      0.14221538	      0.10039006	      0.33409222	      0.05412171	      0.04775336	      0.34918512	      0.11984787	      0.37314970	      0.33776678	      0.33420575	      0.30997311	      0.31896948	      0.32970953	      0.05593146	      0.07815371	      0.08086882	      0.06325637	      0.07434000	      0.05234039	      0.01820031	      0.02943583	      0.01579285	      0.19505728	      0.11020672	      0.10566344	      0.30262063	      0.07368786	      0.11405001	      0.52380961	      0.14041499	      0.32893085	      0.37672679	      0.23199298	      0.52157857	      0.24452980	      0.23756816	      0.28675495	      0.30406636	      0.28051899	      0.03911321	      0.10657160	      0.09102516	      0.33389085	      0.04959813	      0.04564312	      0.37828734	      0.11246696	      0.35810088	      0.31927804	      0.35534717	      0.33527741	      0.39113972	      0.40587973	      0.05454758	      0.07551869	      0.07745989	      0.06230423	      0.07301243	      0.05121347	      0.01767033	      0.02848888	      0.01268864	      0.18143239	      0.10774376	      0.11792887	      0.32427952	      0.07734625	      0.11187527	      0.43104520	      0.13318945	      0.35678313	      0.41956654	      0.27670582	      0.43297885	      0.21929049	      0.25658061	      0.24587656	      0.26328601	      0.24089981
      5.15500000	      0.04146075	      0.14223875	      0.10039006	      0.33391266	      0.05412171	      0.04775336	      0.34899412	      0.11984787	      0.37315678	      0.33777433	      0.33420332	      0.30996934	      0.31896763	      0.32971201	      0.05593146	      0.07815371	      0.08086882	      0.06325637	      0.07434000	      0.05234039	      0.01820031	      0.02943583	      0.01581443	      0.19505728	      0.11020672	      0.10566175	      0.30261823	      0.07361540	      0.11405001	      0.52394921	      0.14041499	      0.32878361	      0.37654219	      0.23198384	      0.52184098	      0.24453801	      0.23756560	      0.28674642	      0.30405838	      0.28051087	      0.03911321	      0.10669258	      0.09102516	      0.33356567	      0.04959813	      0.04564312	      0.37828494	      0.11246696	      0.35824339	      0.31943070	      0.35533318	      0.33524398	      0.39123368	      0.40599640	      0.05454758	      0.07551869	      0.07745989	      0.06230423	      0.07301243	      0.05121347	      0.01767033	      0.02848888	      0.01264347	      0.18143239	      0.10774376	      0.11791357	      0.32425293	      0.07725986	      0.11187527	      0.43102758	      0.13318945	      0.35689885	      0.41969754	      0.27658899	      0.43334660	      0.21946052	      0.25656141	      0.24560133	      0.26302535	      0.24064218
      5.16000000	      0.04146075	      0.14226520	      0.10039006	      0.33373345	      0.05412171	      0.04775336	      0.34880054	      0.11984787	      0.37316298	      0.33778094	      0.33420120	      0.30996603	      0.31896522	      0.32971293	      0.05593146	      0.07815371	      0.08086882	      0.06325637	      0.07434000	      0.05234039	      0.01820031	      0.02943583	      0.01583460	      0.19505728	      0.11020672	      0.10566027	      0.30261613	      0.07354083	      0.11405001	      0.52409110	      0.14041499	      0.32863383	      0.37635465	      0.23197583	      0.52210327	      0.24454519	      0.23756336	      0.28673991	      0.30405227	      0.28050467	      0.03911321	      0.10681736	      0.09102516	      0.33323862	      0.04959813	      0.04564312	      0.37828323	      0.11246696	      0.35838785	      0.31958546	      0.35531886	      0.33520993	      0.39132800	      0.40611322	      0.05454758	      0.07551869	      0.07745989	      0.06230423	      0.07301243	      0.05121347	      0.01767033	      0.02848888	      0.01259913	      0.18143239	      0.10774376	      0.11789798	      0.32422589	      0.07717304	      0.11187527	      0.43100655	      0.13318945	      0.35701722	      0.41983171	      0.27647019	      0.43371611	      0.21963293	      0.25654181	      0.24532132	      0.26275971	      0.24037987
      5.16500000	      0.04146075	      0.14229483	      0.10039006	      0.33355471	      0.05412171	      0.04775336	      0.34860454	      0.11984787	      0.37316821	      0.33778651	      0.33419940	      0.30996324	      0.31896233	      0.32971237	      0.05593146	      0.07815371	      0.08086882	      0.06325637	      0.07434000	      0.05234039	      0.01820031	      0.02943583	      0.01585319	      0.19505728	      0.11020672	      0.10565903	      0.30261437	      0.07346429	      0.11405001	      0.52423517	      0.14041499	      0.32848157	      0.37616428	      0.23196908	      0.52236491	      0.24455125	      0.23756147	      0.28673544	      0.30404809	      0.28050042	      0.03911321	      0.10694495	      0.09102516	      0.33290954	      0.04959813	      0.04564312	      0.37828220	      0.11246696	      0.35853489	      0.31974301	      0.35530414	      0.33517511	      0.39142203	      0.40622953	      0.05454758	      0.07551869	      0.07745989	      0.06230423	      0.07301243	      0.05121347	      0.01767033	      0.02848888	      0.01255577	      0.18143239	      0.10774376	      0.11788204	      0.32419829	      0.07708606	      0.11187527	      0.43098210	      0.13318945	      0.35713817	      0.41996891	      0.27634892	      0.43408722	      0.21980847	      0.25652174	      0.24503653	      0.26248911	      0.24011291
      5.17000000	      0.04146075	      0.14232779	      0.10039006	      0.33337663	      0.05412171	      0.04775336	      0.34840635	      0.11984787	      0.37317244	      0.33779101	      0.33419795	      0.30996099	      0.31895897	      0.32971033	      0.05593146	      0.07815371	      0.08086882	      0.06325637	      0.07434000	      0.05234039	      0.01820031	      0.02943583	      0.01587004	      0.19505728	      0.11020672	      0.10565802	      0.30261294	      0.07338588	      0.11405001	      0.52438129	      0.14041499	      0.32832697	      0.37597127	      0.23196363	      0.52262540	      0.24455615	      0.23755995	      0.28673304	      0.30404583	      0.28049813	      0.03911321	      0.10707417	      0.09102516	      0.33257822	      0.04959813	      0.04564312	      0.37828187	      0.11246696	      0.35868526	      0.31990413	      0.35528895	      0.33513932	      0.39151499	      0.40634451	      0.05454758	      0.07551869	      0.07745989	      0.06230423	      0.07301243	      0.05121347	      0.01767033	      0.02848888	      0.01251355	      0.18143239	      0.10774376	      0.11786567	      0.32416997	      0.07699925	      0.11187527	      0.43095423	      0.13318945	      0.35726163	      0.42010896	      0.27622451	      0.43445973	      0.21998804	      0.25650107	      0.24474702	      0.26221357	      0.23984131
      5.17500000	      0.04146075	      0.14236427	      0.10039006	      0.33319945	      0.05412171	      0.04775336	      0.34820622	      0.11984787	      0.37317572	      0.33779451	      0.33419683	      0.30995924	      0.31895507	      0.32970673	      0.05593146	      0.07815371	      0.08086882	      0.06325637	      0.07434000	      0.05234039	      0.01820031	      0.02943583	      0.01588497	      0.19505728	      0.11020672	      0.10565723	      0.30261183	      0.07330567	      0.11405001	      0.52452928	      0.14041499	      0.32817018	      0.37577582	      0.23195939	      0.52288422	      0.24455995	      0.23755876	      0.28673270	      0.30404552	      0.28049781	      0.03911321	      0.10720360	      0.09102516	      0.33224435	      0.04959813	      0.04564312	      0.37828228	      0.11246696	      0.35883985	      0.32006977	      0.35527317	      0.33510235	      0.39160594	      0.40645722	      0.05454758	      0.07551869	      0.07745989	      0.06230423	      0.07301243	      0.05121347	      0.01767033	      0.02848888	      0.01247262	      0.18143239	      0.10774376	      0.11784875	      0.32414077	      0.07691300	      0.11187527	      0.43092296	      0.13318945	      0.35738750	      0.42025168	      0.27609621	      0.43483336	      0.22017269	      0.25647969	      0.24445282	      0.26193313	      0.23956512
      5.18000000	      0.04146075	      0.14240450	      0.10039006	      0.33302345	      0.05412171	      0.04775336	      0.34800443	      0.11984787	      0.37317819	      0.33779714	      0.33419598	      0.30995792	      0.31895046	      0.32970142	      0.05593146	      0.07815371	      0.08086882	      0.06325637	      0.07434000	      0.05234039	      0.01820031	      0.02943583	      0.01589783	      0.19505728	      0.11020672	      0.10565664	      0.30261099	      0.07322370	      0.11405001	      0.52467894	      0.14041499	      0.32801142	      0.37557823	      0.23195620	      0.52314085	      0.24456281	      0.23755787	      0.28673443	      0.30404714	      0.28049945	      0.03911321	      0.10733163	      0.09102516	      0.33190762	      0.04959813	      0.04564312	      0.37828348	      0.11246696	      0.35899965	      0.32024101	      0.35525671	      0.33506393	      0.39169384	      0.40656660	      0.05454758	      0.07551869	      0.07745989	      0.06230423	      0.07301243	      0.05121347	      0.01767033	      0.02848888	      0.01243311	      0.18143239	      0.10774376	      0.11783117	      0.32411048	      0.07682774	      0.11187527	      0.43088833	      0.13318945	      0.35751569	      0.42039682	      0.27596316	      0.43520779	      0.22036363	      0.25645743	      0.24415403	      0.26164783	      0.23928440
      5.18500000	      0.04146075	      0.14244875	      0.10039006	      0.33284894	      0.05412171	      0.04775336	      0.34780129	      0.11984787	      0.37318005	      0.33779912	      0.33419534	      0.30995693	      0.31894490	      0.32969417	      0.05593146	      0.07815371	      0.08086882	      0.06325637	      0.07434000	      0.05234039	      0.01820031	      0.02943583	      0.01590846	      0.19505728	      0.11020672	      0.10565620	      0.30261036	      0.07313997	      0.11405001	      0.52483003	      0.14041499	      0.32785094	      0.37537884	      0.23195380	      0.52339478	      0.24456496	      0.23755720	      0.28673821	      0.30405068	      0.28050305	      0.03911321	      0.10745647	      0.09102516	      0.33156764	      0.04959813	      0.04564312	      0.37828554	      0.11246696	      0.35916577	      0.32041904	      0.35523941	      0.33502377	      0.39177752	      0.40667145	      0.05454758	      0.07551869	      0.07745989	      0.06230423	      0.07301243	      0.05121347	      0.01767033	      0.02848888	      0.01239519	      0.18143239	      0.10774376	      0.11781280	      0.32407889	      0.07674395	      0.11187527	      0.43085046	      0.13318945	      0.35764608	      0.42054417	      0.27582438	      0.43558268	      0.22056218	      0.25643412	      0.24385078	      0.26135782	      0.23899930
      5.19000000	      0.04146075	      0.14249733	      0.10039006	      0.33267629	      0.05412171	      0.04775336	      0.34759715	      0.11984787	      0.37318156	      0.33780073	      0.33419483	      0.30995612	      0.31893808	      0.32968470	      0.05593146	      0.07815371	      0.08086882	      0.06325637	      0.07434000	      0.05234039	      0.01820031	      0.02943583	      0.01591670	      0.19505728	      0.11020672	      0.10565584	      0.30260985	      0.07305446	      0.11405001	      0.52498229	      0.14041499	      0.32768901	      0.37517801	      0.23195185	      0.52364550	      0.24456672	      0.23755665	      0.28674400	      0.30405610	      0.28050856	      0.03911321	      0.10757623	      0.09102516	      0.33122400	      0.04959813	      0.04564312	      0.37828854	      0.11246696	      0.35933940	      0.32060512	      0.35522114	      0.33498158	      0.39185575	      0.40677053	      0.05454758	      0.07551869	      0.07745989	      0.06230423	      0.07301243	      0.05121347	      0.01767033	      0.02848888	      0.01235899	      0.18143239	      0.10774376	      0.11779350	      0.32404575	      0.07666215	      0.11187527	      0.43080947	      0.13318945	      0.35777856	      0.42069345	      0.27567884	      0.43595764	      0.22076977	      0.25640958	      0.24354322	      0.26106321	      0.23870994
      5.19500000	      0.04146075	      0.14255055	      0.10039006	      0.33250585	      0.05412171	      0.04775336	      0.34739235	      0.11984787	      0.37318305	      0.33780233	      0.33419431	      0.30995533	      0.31892963	      0.32967267	      0.05593146	      0.07815371	      0.08086882	      0.06325637	      0.07434000	      0.05234039	      0.01820031	      0.02943583	      0.01592241	      0.19505728	      0.11020672	      0.10565548	      0.30260935	      0.07296710	      0.11405001	      0.52513545	      0.14041499	      0.32752594	      0.37497616	      0.23194992	      0.52389254	      0.24456845	      0.23755611	      0.28675176	      0.30406338	      0.28051595	      0.03911321	      0.10768894	      0.09102516	      0.33087624	      0.04959813	      0.04564312	      0.37829254	      0.11246696	      0.35952175	      0.32080057	      0.35520174	      0.33493700	      0.39192721	      0.40686250	      0.05454758	      0.07551869	      0.07745989	      0.06230423	      0.07301243	      0.05121347	      0.01767033	      0.02848888	      0.01232467	      0.18143239	      0.10774376	      0.11777312	      0.32401082	      0.07658286	      0.11187527	      0.43076550	      0.13318945	      0.35791300	      0.42084440	      0.27552542	      0.43633230	      0.22098786	      0.25638361	      0.24323150	      0.26076415	      0.23841648
      5.20000000	      0.04146075	      0.14260874	      0.10039006	      0.33233800	      0.05412171	      0.04775336	      0.34718725	      0.11984787	      0.37318490	      0.33780429	      0.33419368	      0.30995434	      0.31891912	      0.32965770	      0.05593146	      0.07815371	      0.08086882	      0.06325637	      0.07434000	      0.05234039	      0.01820031	      0.02943583	      0.01592545	      0.19505728	      0.11020672	      0.10565504	      0.30260872	      0.07287784	      0.11405001	      0.52528922	      0.14041499	      0.32736204	      0.37477371	      0.23194753	      0.52413546	      0.24457059	      0.23755544	      0.28676143	      0.30407244	      0.28052517	      0.03911321	      0.10779261	      0.09102516	      0.33052393	      0.04959813	      0.04564312	      0.37829761	      0.11246696	      0.35971408	      0.32100673	      0.35518105	      0.33488970	      0.39199056	      0.40694601	      0.05454758	      0.07551869	      0.07745989	      0.06230423	      0.07301243	      0.05121347	      0.01767033	      0.02848888	      0.01229239	      0.18143239	      0.10774376	      0.11775149	      0.32397383	      0.07650665	      0.11187527	      0.43071870	      0.13318945	      0.35804927	      0.42099672	      0.27536299	      0.43670631	      0.22121795	      0.25635600	      0.24291579	      0.26046079	      0.23811907
      5.20500000	      0.04146075	      0.14267224	      0.10039006	      0.33217307	      0.05412171	      0.04775336	      0.34698217	      0.11984787	      0.37318750	      0.33780706	      0.33419279	      0.30995295	      0.31890608	      0.32963939	      0.05593146	      0.07815371	      0.08086882	      0.06325637	      0.07434000	      0.05234039	      0.01820031	      0.02943583	      0.01592569	      0.19505728	      0.11020672	      0.10565442	      0.30260784	      0.07278658	      0.11405001	      0.52544335	      0.14041499	      0.32719762	      0.37457105	      0.23194418	      0.52437387	      0.24457360	      0.23755450	      0.28677296	      0.30408325	      0.28053615	      0.03911321	      0.10788537	      0.09102516	      0.33016662	      0.04959813	      0.04564312	      0.37830379	      0.11246696	      0.35991759	      0.32122488	      0.35515889	      0.33483933	      0.39204448	      0.40701973	      0.05454758	      0.07551869	      0.07745989	      0.06230423	      0.07301243	      0.05121347	      0.01767033	      0.02848888	      0.01226229	      0.18143239	      0.10774376	      0.11772846	      0.32393454	      0.07643403	      0.11187527	      0.43066924	      0.13318945	      0.35818721	      0.42115012	      0.27519044	      0.43707933	      0.22146149	      0.25632653	      0.24259627	      0.26015327	      0.23781787
      5.21000000	      0.04146075	      0.14274136	      0.10039006	      0.33201137	      0.05412171	      0.04775336	      0.34677741	      0.11984787	      0.37319125	      0.33781106	      0.33419150	      0.30995095	      0.31889012	      0.32961735	      0.05593146	      0.07815371	      0.08086882	      0.06325637	      0.07434000	      0.05234039	      0.01820031	      0.02943583	      0.01592300	      0.19505728	      0.11020672	      0.10565353	      0.30260657	      0.07269323	      0.11405001	      0.52559758	      0.14041499	      0.32703294	      0.37436858	      0.23193934	      0.52460742	      0.24457794	      0.23755315	      0.28678626	      0.30409572	      0.28054881	      0.03911321	      0.10796547	      0.09102516	      0.32980387	      0.04959813	      0.04564312	      0.37831111	      0.11246696	      0.36013340	      0.32145624	      0.35513509	      0.33478556	      0.39208770	      0.40708238	      0.05454758	      0.07551869	      0.07745989	      0.06230423	      0.07301243	      0.05121347	      0.01767033	      0.02848888	      0.01223454	      0.18143239	      0.10774376	      0.11770388	      0.32389268	      0.07636551	      0.11187527	      0.43061731	      0.13318945	      0.35832665	      0.42130427	      0.27500669	      0.43745113	      0.22171984	      0.25629501	      0.24227310	      0.25984178	      0.23751306
      5.21500000	      0.04146075	      0.14281640	      0.10039006	      0.33185309	      0.05412171	      0.04775336	      0.34657320	      0.11984787	      0.37319654	      0.33781670	      0.33418969	      0.30994813	      0.31887081	      0.32959124	      0.05593146	      0.07815371	      0.08086882	      0.06325637	      0.07434000	      0.05234039	      0.01820031	      0.02943583	      0.01591727	      0.19505728	      0.11020672	      0.10565226	      0.30260478	      0.07259769	      0.11405001	      0.52575172	      0.14041499	      0.32686824	      0.37416658	      0.23193250	      0.52483586	      0.24458407	      0.23755123	      0.28680125	      0.30410976	      0.28056308	      0.03911321	      0.10803142	      0.09102516	      0.32943530	      0.04959813	      0.04564312	      0.37831953	      0.11246696	      0.36036248	      0.32170183	      0.35510949	      0.33472807	      0.39211909	      0.40713279	      0.05454758	      0.07551869	      0.07745989	      0.06230423	      0.07301243	      0.05121347	      0.01767033	      0.02848888	      0.01220926	      0.18143239	      0.10774376	      0.11767761	      0.32384805	      0.07630152	      0.11187527	      0.43056313	      0.13318945	      0.35846739	      0.42145885	      0.27481077	      0.43782152	      0.22199417	      0.25626123	      0.24194647	      0.25952646	      0.23720480
      5.22000000	      0.04146075	      0.14289764	      0.10039006	      0.33169836	      0.05412171	      0.04775336	      0.34636970	      0.11984787	      0.37320373	      0.33782436	      0.33418722	      0.30994429	      0.31884777	      0.32956075	      0.05593146	      0.07815371	      0.08086882	      0.06325637	      0.07434000	      0.05234039	      0.01820031	      0.02943583	      0.01590840	      0.19505728	      0.11020672	      0.10565055	      0.30260235	      0.07249987	      0.11405001	      0.52590563	      0.14041499	      0.32670368	      0.37396528	      0.23192322	      0.52505906	      0.24459240	      0.23754863	      0.28681782	      0.30412529	      0.28057886	      0.03911321	      0.10808207	      0.09102516	      0.32906058	      0.04959813	      0.04564312	      0.37832896	      0.11246696	      0.36060559	      0.32196248	      0.35508195	      0.33466661	      0.39213766	      0.40717001	      0.05454758	      0.07551869	      0.07745989	      0.06230423	      0.07301243	      0.05121347	      0.01767033	      0.02848888	      0.01218658	      0.18143239	      0.10774376	      0.11764953	      0.32380046	      0.07624241	      0.11187527	      0.43050695	      0.13318945	      0.35860922	      0.42161352	      0.27460188	      0.43819043	      0.22228540	      0.25622503	      0.24161658	      0.25920749	      0.23689328
      5.22500000	      0.04146075	      0.14298530	      0.10039006	      0.33154713	      0.05412171	      0.04775336	      0.34616696	      0.11984787	      0.37321311	      0.33783436	      0.33418400	      0.30993928	      0.31882074	      0.32952568	      0.05593146	      0.07815371	      0.08086882	      0.06325637	      0.07434000	      0.05234039	      0.01820031	      0.02943583	      0.01589629	      0.19505728	      0.11020672	      0.10564831	      0.30259918	      0.07239968	      0.11405001	      0.52605925	      0.14041499	      0.32653933	      0.37376480	      0.23191110	      0.52527698	      0.24460327	      0.23754524	      0.28683585	      0.30414219	      0.28059603	      0.03911321	      0.10811667	      0.09102516	      0.32867944	      0.04959813	      0.04564312	      0.37833926	      0.11246696	      0.36086321	      0.32223872	      0.35505234	      0.33460097	      0.39214269	      0.40719327	      0.05454758	      0.07551869	      0.07745989	      0.06230423	      0.07301243	      0.05121347	      0.01767033	      0.02848888	      0.01216658	      0.18143239	      0.10774376	      0.11761954	      0.32374976	      0.07618841	      0.11187527	      0.43044903	      0.13318945	      0.35875188	      0.42176790	      0.27437943	      0.43855788	      0.22259413	      0.25618627	      0.24128360	      0.25888507	      0.23657868
      5.23000000	      0.04146075	      0.14307953	      0.10039006	      0.33139923	      0.05412171	      0.04775336	      0.34596493	      0.11984787	      0.37322493	      0.33784695	      0.33417994	      0.30993297	      0.31878953	      0.32948591	      0.05593146	      0.07815371	      0.08086882	      0.06325637	      0.07434000	      0.05234039	      0.01820031	      0.02943583	      0.01588089	      0.19505728	      0.11020672	      0.10564548	      0.30259518	      0.07229707	      0.11405001	      0.52621261	      0.14041499	      0.32637518	      0.37356513	      0.23189583	      0.52548973	      0.24461696	      0.23754096	      0.28685522	      0.30416035	      0.28061448	      0.03911321	      0.10813498	      0.09102516	      0.32829173	      0.04959813	      0.04564312	      0.37835020	      0.11246696	      0.36113551	      0.32253071	      0.35502057	      0.33453100	      0.39213375	      0.40720215	      0.05454758	      0.07551869	      0.07745989	      0.06230423	      0.07301243	      0.05121347	      0.01767033	      0.02848888	      0.01214932	      0.18143239	      0.10774376	      0.11758758	      0.32369589	      0.07613964	      0.11187527	      0.43038968	      0.13318945	      0.35889509	      0.42192165	      0.27414308	      0.43892399	      0.22292056	      0.25614486	      0.24094776	      0.25855937	      0.23626121
      5.23500000	      0.04146075	      0.14318042	      0.10039006	      0.33125430	      0.05412171	      0.04775336	      0.34576344	      0.11984787	      0.37323935	      0.33786232	      0.33417498	      0.30992527	      0.31875405	      0.32944143	      0.05593146	      0.07815371	      0.08086882	      0.06325637	      0.07434000	      0.05234039	      0.01820031	      0.02943583	      0.01586215	      0.19505728	      0.11020672	      0.10564204	      0.30259029	      0.07219200	      0.11405001	      0.52636582	      0.14041499	      0.32621109	      0.37336609	      0.23187721	      0.52569757	      0.24463367	      0.23753574	      0.28687577	      0.30417962	      0.28063406	      0.03911321	      0.10813731	      0.09102516	      0.32789741	      0.04959813	      0.04564312	      0.37836150	      0.11246696	      0.36142225	      0.32283821	      0.35498658	      0.33445669	      0.39211075	      0.40719654	      0.05454758	      0.07551869	      0.07745989	      0.06230423	      0.07301243	      0.05121347	      0.01767033	      0.02848888	      0.01213478	      0.18143239	      0.10774376	      0.11755365	      0.32363882	      0.07609604	      0.11187527	      0.43032923	      0.13318945	      0.35903854	      0.42207439	      0.27389283	      0.43928898	      0.22326443	      0.25610075	      0.24060927	      0.25823062	      0.23594107
      5.24000000	      0.04146075	      0.14328796	      0.10039006	      0.33111179	      0.05412171	      0.04775336	      0.34556215	      0.11984787	      0.37325647	      0.33788056	      0.33416910	      0.30991612	      0.31871433	      0.32939236	      0.05593146	      0.07815371	      0.08086882	      0.06325637	      0.07434000	      0.05234039	      0.01820031	      0.02943583	      0.01584005	      0.19505728	      0.11020672	      0.10563795	      0.30258450	      0.07208444	      0.11405001	      0.52651910	      0.14041499	      0.32604681	      0.37316738	      0.23185510	      0.52590092	      0.24465349	      0.23752954	      0.28689736	      0.30419985	      0.28065461	      0.03911321	      0.10812454	      0.09102516	      0.32749655	      0.04959813	      0.04564312	      0.37837278	      0.11246696	      0.36172280	      0.32316054	      0.35495038	      0.33437808	      0.39207400	      0.40717676	      0.05454758	      0.07551869	      0.07745989	      0.06230423	      0.07301243	      0.05121347	      0.01767033	      0.02848888	      0.01212290	      0.18143239	      0.10774376	      0.11751776	      0.32357866	      0.07605738	      0.11187527	      0.43026802	      0.13318945	      0.35918187	      0.42222576	      0.27362904	      0.43965316	      0.22362499	      0.25605397	      0.24026837	      0.25789902	      0.23561849
      5.24500000	      0.04146075	      0.14340209	      0.10039006	      0.33097100	      0.05412171	      0.04775336	      0.34536062	      0.11984787	      0.37327630	      0.33790169	      0.33416228	      0.30990552	      0.31867050	      0.32933889	      0.05593146	      0.07815371	      0.08086882	      0.06325637	      0.07434000	      0.05234039	      0.01820031	      0.02943583	      0.01581460	      0.19505728	      0.11020672	      0.10563320	      0.30257778	      0.07197441	      0.11405001	      0.52667277	      0.14041499	      0.32588198	      0.37296853	      0.23182947	      0.52610039	      0.24467646	      0.23752236	      0.28691979	      0.30422088	      0.28067597	      0.03911321	      0.10809819	      0.09102516	      0.32708939	      0.04959813	      0.04564312	      0.37838357	      0.11246696	      0.36203605	      0.32349651	      0.35491200	      0.33429538	      0.39202424	      0.40714353	      0.05454758	      0.07551869	      0.07745989	      0.06230423	      0.07301243	      0.05121347	      0.01767033	      0.02848888	      0.01211353	      0.18143239	      0.10774376	      0.11748001	      0.32351556	      0.07602328	      0.11187527	      0.43020645	      0.13318945	      0.35932469	      0.42237537	      0.27335247	      0.44001693	      0.22400091	      0.25600462	      0.23992530	      0.25756482	      0.23529371
      5.25000000	      0.04146075	      0.14352261	      0.10039006	      0.33083099	      0.05412171	      0.04775336	      0.34515828	      0.11984787	      0.37329879	      0.33792566	      0.33415454	      0.30989349	      0.31862278	      0.32928136	      0.05593146	      0.07815371	      0.08086882	      0.06325637	      0.07434000	      0.05234039	      0.01820031	      0.02943583	      0.01578584	      0.19505728	      0.11020672	      0.10562782	      0.30257016	      0.07186196	      0.11405001	      0.52682726	      0.14041499	      0.32571612	      0.37276892	      0.23180040	      0.52629672	      0.24470251	      0.23751421	      0.28694287	      0.30424252	      0.28069796	      0.03911321	      0.10806038	      0.09102516	      0.32667627	      0.04959813	      0.04564312	      0.37839338	      0.11246696	      0.36236043	      0.32384444	      0.35487156	      0.33420889	      0.39196269	      0.40709803	      0.05454758	      0.07551869	      0.07745989	      0.06230423	      0.07301243	      0.05121347	      0.01767033	      0.02848888	      0.01210647	      0.18143239	      0.10774376	      0.11744055	      0.32344979	      0.07599314	      0.11187527	      0.43014492	      0.13318945	      0.35946661	      0.42252285	      0.27306434	      0.44038075	      0.22439033	      0.25595286	      0.23958033	      0.25722827	      0.23496698
      5.25500000	      0.04146075	      0.14364928	      0.10039006	      0.33069071	      0.05412171	      0.04775336	      0.34495442	      0.11984787	      0.37332384	      0.33795235	      0.33414591	      0.30988008	      0.31857149	      0.32922017	      0.05593146	      0.07815371	      0.08086882	      0.06325637	      0.07434000	      0.05234039	      0.01820031	      0.02943583	      0.01575384	      0.19505728	      0.11020672	      0.10562182	      0.30256166	      0.07174713	      0.11405001	      0.52698307	      0.14041499	      0.32554865	      0.37256780	      0.23176802	      0.52649079	      0.24473152	      0.23750512	      0.28696639	      0.30426458	      0.28072036	      0.03911321	      0.10801377	      0.09102516	      0.32625769	      0.04959813	      0.04564312	      0.37840159	      0.11246696	      0.36269396	      0.32420220	      0.35482926	      0.33411908	      0.39189097	      0.40704190	      0.05454758	      0.07551869	      0.07745989	      0.06230423	      0.07301243	      0.05121347	      0.01767033	      0.02848888	      0.01210142	      0.18143239	      0.10774376	      0.11739958	      0.32338171	      0.07596623	      0.11187527	      0.43008384	      0.13318945	      0.35960719	      0.42266784	      0.27276622	      0.44074516	      0.22479085	      0.25589896	      0.23923375	      0.25688965	      0.23463857
      5.26000000	      0.04146075	      0.14378176	      0.10039006	      0.33054895	      0.05412171	      0.04775336	      0.34474824	      0.11984787	      0.37335128	      0.33798159	      0.33413646	      0.30986538	      0.31851703	      0.32915582	      0.05593146	      0.07815371	      0.08086882	      0.06325637	      0.07434000	      0.05234039	      0.01820031	      0.02943583	      0.01571868	      0.19505728	      0.11020672	      0.10561525	      0.30255235	      0.07163003	      0.11405001	      0.52714077	      0.14041499	      0.32537890	      0.37236429	      0.23173254	      0.52668362	      0.24476330	      0.23749516	      0.28699013	      0.30428684	      0.28074297	      0.03911321	      0.10796152	      0.09102516	      0.32583425	      0.04959813	      0.04564312	      0.37840757	      0.11246696	      0.36303427	      0.32456724	      0.35478532	      0.33402651	      0.39181112	      0.40697713	      0.05454758	      0.07551869	      0.07745989	      0.06230423	      0.07301243	      0.05121347	      0.01767033	      0.02848888	      0.01209804	      0.18143239	      0.10774376	      0.11735735	      0.32331178	      0.07594166	      0.11187527	      0.43002365	      0.13318945	      0.35974595	      0.42280997	      0.27246012	      0.44111070	      0.22519964	      0.25584324	      0.23888584	      0.25654924	      0.23430876
      5.26500000	      0.04146075	      0.14391963	      0.10039006	      0.33040442	      0.05412171	      0.04775336	      0.34453889	      0.11984787	      0.37338090	      0.33801315	      0.33412624	      0.30984951	      0.31845987	      0.32908888	      0.05593146	      0.07815371	      0.08086882	      0.06325637	      0.07434000	      0.05234039	      0.01820031	      0.02943583	      0.01568048	      0.19505728	      0.11020672	      0.10560815	      0.30254230	      0.07151076	      0.11405001	      0.52730098	      0.14041499	      0.32520615	      0.37215745	      0.23169423	      0.52687631	      0.24479759	      0.23748440	      0.28701385	      0.30430908	      0.28076556	      0.03911321	      0.10790708	      0.09102516	      0.32540663	      0.04959813	      0.04564312	      0.37841063	      0.11246696	      0.36337871	      0.32493675	      0.35474006	      0.33393185	      0.39172548	      0.40690606	      0.05454758	      0.07551869	      0.07745989	      0.06230423	      0.07301243	      0.05121347	      0.01767033	      0.02848888	      0.01209591	      0.18143239	      0.10774376	      0.11731419	      0.32324051	      0.07591842	      0.11187527	      0.42996479	      0.13318945	      0.35988244	      0.42294888	      0.27214832	      0.44147797	      0.22561352	      0.25578610	      0.23853690	      0.25620733	      0.23397785
      5.27000000	      0.04146075	      0.14406246	      0.10039006	      0.33025575	      0.05412171	      0.04775336	      0.34432547	      0.11984787	      0.37341245	      0.33804677	      0.33411535	      0.30983259	      0.31840051	      0.32901995	      0.05593146	      0.07815371	      0.08086882	      0.06325637	      0.07434000	      0.05234039	      0.01820031	      0.02943583	      0.01563936	      0.19505728	      0.11020672	      0.10560058	      0.30253158	      0.07138945	      0.11405001	      0.52746434	      0.14041499	      0.32502965	      0.37194631	      0.23165342	      0.52706999	      0.24483411	      0.23747293	      0.28703731	      0.30433107	      0.28078790	      0.03911321	      0.10785405	      0.09102516	      0.32497550	      0.04959813	      0.04564312	      0.37841009	      0.11246696	      0.36372452	      0.32530773	      0.35469381	      0.33383584	      0.39163658	      0.40683119	      0.05454758	      0.07551869	      0.07745989	      0.06230423	      0.07301243	      0.05121347	      0.01767033	      0.02848888	      0.01209461	      0.18143239	      0.10774376	      0.11727042	      0.32316846	      0.07589547	      0.11187527	      0.42990770	      0.13318945	      0.36001617	      0.42308422	      0.27183327	      0.44184755	      0.22602915	      0.25572797	      0.23818723	      0.25586421	      0.23364611
      5.27500000	      0.04146075	      0.14420978	      0.10039006	      0.33010163	      0.05412171	      0.04775336	      0.34410714	      0.11984787	      0.37344565	      0.33808215	      0.33410387	      0.30981477	      0.31833949	      0.32894969	      0.05593146	      0.07815371	      0.08086882	      0.06325637	      0.07434000	      0.05234039	      0.01820031	      0.02943583	      0.01559545	      0.19505728	      0.11020672	      0.10559261	      0.30252030	      0.07126624	      0.11405001	      0.52763146	      0.14041499	      0.32484869	      0.37172991	      0.23161046	      0.52726576	      0.24487254	      0.23746085	      0.28706026	      0.30435260	      0.28080977	      0.03911321	      0.10780598	      0.09102516	      0.32454155	      0.04959813	      0.04564312	      0.37840523	      0.11246696	      0.36406893	      0.32567723	      0.35464695	      0.33373923	      0.39154702	      0.40675508	      0.05454758	      0.07551869	      0.07745989	      0.06230423	      0.07301243	      0.05121347	      0.01767033	      0.02848888	      0.01209371	      0.18143239	      0.10774376	      0.11722639	      0.32309621	      0.07587176	      0.11187527	      0.42985282	      0.13318945	      0.36014667	      0.42321562	      0.27151751	      0.44222005	      0.22644321	      0.25566933	      0.23783709	      0.25552014	      0.23331380
      5.28000000	      0.04146075	      0.14436115	      0.10039006	      0.32994082	      0.05412171	      0.04775336	      0.34388307	      0.11984787	      0.37348022	      0.33811898	      0.33409191	      0.30979620	      0.31827739	      0.32887875	      0.05593146	      0.07815371	      0.08086882	      0.06325637	      0.07434000	      0.05234039	      0.01820031	      0.02943583	      0.01554887	      0.19505728	      0.11020672	      0.10558431	      0.30250854	      0.07114128	      0.11405001	      0.52780290	      0.14041499	      0.32466257	      0.37150737	      0.23156571	      0.52746464	      0.24491255	      0.23744826	      0.28708247	      0.30437343	      0.28083092	      0.03911321	      0.10776617	      0.09102516	      0.32410534	      0.04959813	      0.04564312	      0.37839540	      0.11246696	      0.36440937	      0.32604247	      0.35459983	      0.33364278	      0.39145929	      0.40668020	      0.05454758	      0.07551869	      0.07745989	      0.06230423	      0.07301243	      0.05121347	      0.01767033	      0.02848888	      0.01209278	      0.18143239	      0.10774376	      0.11718244	      0.32302430	      0.07584629	      0.11187527	      0.42980044	      0.13318945	      0.36027348	      0.42334273	      0.27120344	      0.44259605	      0.22685256	      0.25561063	      0.23748662	      0.25517525	      0.23298104
      5.28500000	      0.04146075	      0.14451611	      0.10039006	      0.32977218	      0.05412171	      0.04775336	      0.34365259	      0.11984787	      0.37351585	      0.33815694	      0.33407957	      0.30977704	      0.31821475	      0.32880778	      0.05593146	      0.07815371	      0.08086882	      0.06325637	      0.07434000	      0.05234039	      0.01820031	      0.02943583	      0.01549975	      0.19505728	      0.11020672	      0.10557574	      0.30249642	      0.07101472	      0.11405001	      0.52797913	      0.14041499	      0.32447072	      0.37127790	      0.23151958	      0.52766753	      0.24495379	      0.23743527	      0.28710371	      0.30439335	      0.28085115	      0.03911321	      0.10773753	      0.09102516	      0.32366737	      0.04959813	      0.04564312	      0.37837996	      0.11246696	      0.36474352	      0.32640097	      0.35455282	      0.33354717	      0.39137565	      0.40660879	      0.05454758	      0.07551869	      0.07745989	      0.06230423	      0.07301243	      0.05121347	      0.01767033	      0.02848888	      0.01209146	      0.18143239	      0.10774376	      0.11713889	      0.32295324	      0.07581817	      0.11187527	      0.42975080	      0.13318945	      0.36039618	      0.42346520	      0.27089329	      0.44297609	      0.22725443	      0.25555228	      0.23713586	      0.25482958	      0.23264786
      5.29000000	      0.04146075	      0.14467426	      0.10039006	      0.32959477	      0.05412171	      0.04775336	      0.34341512	      0.11984787	      0.37355225	      0.33819572	      0.33406694	      0.30975745	      0.31815212	      0.32873742	      0.05593146	      0.07815371	      0.08086882	      0.06325637	      0.07434000	      0.05234039	      0.01820031	      0.02943583	      0.01544819	      0.19505728	      0.11020672	      0.10556698	      0.30248402	      0.07088674	      0.11405001	      0.52816053	      0.14041499	      0.32427267	      0.37104088	      0.23147243	      0.52787517	      0.24499591	      0.23742199	      0.28712377	      0.30441216	      0.28087026	      0.03911321	      0.10772252	      0.09102516	      0.32322799	      0.04959813	      0.04564312	      0.37835836	      0.11246696	      0.36506942	      0.32675062	      0.35450623	      0.33345302	      0.39129811	      0.40654282	      0.05454758	      0.07551869	      0.07745989	      0.06230423	      0.07301243	      0.05121347	      0.01767033	      0.02848888	      0.01208941	      0.18143239	      0.10774376	      0.11709602	      0.32288349	      0.07578665	      0.11187527	      0.42970411	      0.13318945	      0.36051437	      0.42358272	      0.27058900	      0.44336064	      0.22764643	      0.25549469	      0.23678483	      0.25448315	      0.23231427
      5.29500000	      0.04146075	      0.14483517	      0.10039006	      0.32940784	      0.05412171	      0.04775336	      0.34317026	      0.11984787	      0.37358913	      0.33823501	      0.33405414	      0.30973759	      0.31809003	      0.32866826	      0.05593146	      0.07815371	      0.08086882	      0.06325637	      0.07434000	      0.05234039	      0.01820031	      0.02943583	      0.01539431	      0.19505728	      0.11020672	      0.10555809	      0.30247145	      0.07075750	      0.11405001	      0.52834735	      0.14041499	      0.32406807	      0.37079585	      0.23142465	      0.52808814	      0.24503857	      0.23740852	      0.28714245	      0.30442968	      0.28088805	      0.03911321	      0.10772305	      0.09102516	      0.32278745	      0.04959813	      0.04564312	      0.37833012	      0.11246696	      0.36538551	      0.32708976	      0.35446035	      0.33336087	      0.39122829	      0.40648390	      0.05454758	      0.07551869	      0.07745989	      0.06230423	      0.07301243	      0.05121347	      0.01767033	      0.02848888	      0.01208638	      0.18143239	      0.10774376	      0.11705405	      0.32281540	      0.07575110	      0.11187527	      0.42966053	      0.13318945	      0.36062771	      0.42369497	      0.27029219	      0.44375010	      0.22802669	      0.25543818	      0.23643353	      0.25413595	      0.23198025
      5.30000000	      0.04146075	      0.14499848	      0.10039006	      0.32921082	      0.05412171	      0.04775336	      0.34291777	      0.11984787	      0.37362620	      0.33827451	      0.33404125	      0.30971760	      0.31802895	      0.32860086	      0.05593146	      0.07815371	      0.08086882	      0.06325637	      0.07434000	      0.05234039	      0.01820031	      0.02943583	      0.01533824	      0.19505728	      0.11020672	      0.10554915	      0.30245881	      0.07062718	      0.11405001	      0.52853971	      0.14041499	      0.32385674	      0.37054253	      0.23137660	      0.52830683	      0.24508146	      0.23739497	      0.28715957	      0.30444574	      0.28090436	      0.03911321	      0.10774046	      0.09102516	      0.32234589	      0.04959813	      0.04564312	      0.37829486	      0.11246696	      0.36569066	      0.32741716	      0.35441540	      0.33327110	      0.39116744	      0.40643325	      0.05454758	      0.07551869	      0.07745989	      0.06230423	      0.07301243	      0.05121347	      0.01767033	      0.02848888	      0.01208215	      0.18143239	      0.10774376	      0.11701319	      0.32274926	      0.07571106	      0.11187527	      0.42962019	      0.13318945	      0.36073592	      0.42380170	      0.27000407	      0.44414473	      0.22839383	      0.25538302	      0.23608192	      0.25378796	      0.23164577
      5.30500000	      0.04146075	      0.14516377	      0.10039006	      0.32900340	      0.05412171	      0.04775336	      0.34265759	      0.11984787	      0.37366322	      0.33831395	      0.33402837	      0.30969763	      0.31796934	      0.32853573	      0.05593146	      0.07815371	      0.08086882	      0.06325637	      0.07434000	      0.05234039	      0.01820031	      0.02943583	      0.01528011	      0.19505728	      0.11020672	      0.10554022	      0.30244618	      0.07049600	      0.11405001	      0.52873761	      0.14041499	      0.32363863	      0.37028084	      0.23132860	      0.52853147	      0.24512427	      0.23738142	      0.28717498	      0.30446019	      0.28091904	      0.03911321	      0.10777558	      0.09102516	      0.32190336	      0.04959813	      0.04564312	      0.37825231	      0.11246696	      0.36598413	      0.32773203	      0.35437157	      0.33318404	      0.39111642	      0.40639171	      0.05454758	      0.07551869	      0.07745989	      0.06230423	      0.07301243	      0.05121347	      0.01767033	      0.02848888	      0.01207655	      0.18143239	      0.10774376	      0.11697357	      0.32268528	      0.07566623	      0.11187527	      0.42958317	      0.13318945	      0.36083877	      0.42390269	      0.26972553	      0.44454467	      0.22874694	      0.25532940	      0.23572998	      0.25343914	      0.23131077
      5.31000000	      0.04146075	      0.14533066	      0.10039006	      0.32878545	      0.05412171	      0.04775336	      0.34238980	      0.11984787	      0.37369994	      0.33835307	      0.33401558	      0.30967779	      0.31791159	      0.32847333	      0.05593146	      0.07815371	      0.08086882	      0.06325637	      0.07434000	      0.05234039	      0.01820031	      0.02943583	      0.01522007	      0.19505728	      0.11020672	      0.10553135	      0.30243363	      0.07036414	      0.11405001	      0.52894090	      0.14041499	      0.32341384	      0.37001087	      0.23128098	      0.52876213	      0.24516674	      0.23736797	      0.28718854	      0.30447292	      0.28093196	      0.03911321	      0.10782871	      0.09102516	      0.32145984	      0.04959813	      0.04564312	      0.37820233	      0.11246696	      0.36626559	      0.32803402	      0.35432897	      0.33309985	      0.39107568	      0.40635972	      0.05454758	      0.07551869	      0.07745989	      0.06230423	      0.07301243	      0.05121347	      0.01767033	      0.02848888	      0.01206944	      0.18143239	      0.10774376	      0.11693526	      0.32262358	      0.07561645	      0.11187527	      0.42954947	      0.13318945	      0.36093611	      0.42399777	      0.26945704	      0.44494989	      0.22908563	      0.25527745	      0.23537765	      0.25308944	      0.23097520
      5.31500000	      0.04146075	      0.14549871	      0.10039006	      0.32855706	      0.05412171	      0.04775336	      0.34211469	      0.11984787	      0.37373615	      0.33839164	      0.33400295	      0.30965822	      0.31785608	      0.32841404	      0.05593146	      0.07815371	      0.08086882	      0.06325637	      0.07434000	      0.05234039	      0.01820031	      0.02943583	      0.01515832	      0.19505728	      0.11020672	      0.10552260	      0.30242126	      0.07023184	      0.11405001	      0.52914932	      0.14041499	      0.32318264	      0.36973292	      0.23123401	      0.52899877	      0.24520861	      0.23735469	      0.28720014	      0.30448380	      0.28094301	      0.03911321	      0.10789968	      0.09102516	      0.32101528	      0.04959813	      0.04564312	      0.37814486	      0.11246696	      0.36653505	      0.32832314	      0.35428767	      0.33301863	      0.39104533	      0.40633738	      0.05454758	      0.07551869	      0.07745989	      0.06230423	      0.07301243	      0.05121347	      0.01767033	      0.02848888	      0.01206073	      0.18143239	      0.10774376	      0.11689830	      0.32256418	      0.07556169	      0.11187527	      0.42951905	      0.13318945	      0.36102786	      0.42408684	      0.26919877	      0.44536018	      0.22940990	      0.25522723	      0.23502487	      0.25273879	      0.23063899
      5.32000000	      0.04146075	      0.14566746	      0.10039006	      0.32831850	      0.05412171	      0.04775336	      0.34183265	      0.11984787	      0.37377165	      0.33842947	      0.33399055	      0.30963901	      0.31780310	      0.32835823	      0.05593146	      0.07815371	      0.08086882	      0.06325637	      0.07434000	      0.05234039	      0.01820031	      0.02943583	      0.01509507	      0.19505728	      0.11020672	      0.10551401	      0.30240912	      0.07009932	      0.11405001	      0.52936250	      0.14041499	      0.32294541	      0.36944743	      0.23118793	      0.52924119	      0.24524966	      0.23734166	      0.28720969	      0.30449276	      0.28095210	      0.03911321	      0.10798790	      0.09102516	      0.32056959	      0.04959813	      0.04564312	      0.37808002	      0.11246696	      0.36679286	      0.32859974	      0.35424768	      0.33294034	      0.39102513	      0.40632444	      0.05454758	      0.07551869	      0.07745989	      0.06230423	      0.07301243	      0.05121347	      0.01767033	      0.02848888	      0.01205034	      0.18143239	      0.10774376	      0.11686269	      0.32250706	      0.07550206	      0.11187527	      0.42949180	      0.13318945	      0.36111402	      0.42416988	      0.26895056	      0.44577517	      0.22972014	      0.25517874	      0.23467160	      0.25238717	      0.23030210
      5.32500000	      0.04146075	      0.14583640	      0.10039006	      0.32807019	      0.05412171	      0.04775336	      0.34154424	      0.11984787	      0.37380628	      0.33846635	      0.33397845	      0.30962026	      0.31775294	      0.32830620	      0.05593146	      0.07815371	      0.08086882	      0.06325637	      0.07434000	      0.05234039	      0.01820031	      0.02943583	      0.01503057	      0.19505728	      0.11020672	      0.10550563	      0.30239727	      0.06996685	      0.11405001	      0.52957997	      0.14041499	      0.32270264	      0.36915498	      0.23114298	      0.52948913	      0.24528969	      0.23732894	      0.28721711	      0.30449972	      0.28095917	      0.03911321	      0.10809244	      0.09102516	      0.32012267	      0.04959813	      0.04564312	      0.37800800	      0.11246696	      0.36703960	      0.32886446	      0.35420898	      0.33286488	      0.39101456	      0.40632038	      0.05454758	      0.07551869	      0.07745989	      0.06230423	      0.07301243	      0.05121347	      0.01767033	      0.02848888	      0.01203819	      0.18143239	      0.10774376	      0.11682838	      0.32245212	      0.07543776	      0.11187527	      0.42946757	      0.13318945	      0.36119463	      0.42424690	      0.26871198	      0.44619428	      0.23001707	      0.25513192	      0.23431779	      0.25203450	      0.22996446
      5.33000000	      0.04146075	      0.14600498	      0.10039006	      0.32781271	      0.05412171	      0.04775336	      0.34125010	      0.11984787	      0.37383988	      0.33850214	      0.33396669	      0.30960205	      0.31770583	      0.32825819	      0.05593146	      0.07815371	      0.08086882	      0.06325637	      0.07434000	      0.05234039	      0.01820031	      0.02943583	      0.01496511	      0.19505728	      0.11020672	      0.10549749	      0.30238576	      0.06983468	      0.11405001	      0.52980117	      0.14041499	      0.32245495	      0.36885631	      0.23109936	      0.52974224	      0.24532852	      0.23731658	      0.28722234	      0.30450463	      0.28096415	      0.03911321	      0.10821209	      0.09102516	      0.31967445	      0.04959813	      0.04564312	      0.37792910	      0.11246696	      0.36727607	      0.32911817	      0.35417148	      0.33279207	      0.39101288	      0.40632445	      0.05454758	      0.07551869	      0.07745989	      0.06230423	      0.07301243	      0.05121347	      0.01767033	      0.02848888	      0.01202423	      0.18143239	      0.10774376	      0.11679527	      0.32239922	      0.07536910	      0.11187527	      0.42944613	      0.13318945	      0.36126983	      0.42431801	      0.26848238	      0.44661683	      0.23030165	      0.25508668	      0.23396340	      0.25168077	      0.22962604
      5.33500000	      0.04146075	      0.14617264	      0.10039006	      0.32754674	      0.05412171	      0.04775336	      0.34095096	      0.11984787	      0.37387231	      0.33853669	      0.33395533	      0.30958446	      0.31766196	      0.32821440	      0.05593146	      0.07815371	      0.08086882	      0.06325637	      0.07434000	      0.05234039	      0.01820031	      0.02943583	      0.01489897	      0.19505728	      0.11020672	      0.10548962	      0.30237464	      0.06970308	      0.11405001	      0.53002552	      0.14041499	      0.32220300	      0.36855219	      0.23105723	      0.53000010	      0.24536600	      0.23730465	      0.28722536	      0.30450745	      0.28096702	      0.03911321	      0.10834544	      0.09102516	      0.31922486	      0.04959813	      0.04564312	      0.37784373	      0.11246696	      0.36750323	      0.32936189	      0.35413510	      0.33272168	      0.39101915	      0.40633570	      0.05454758	      0.07551869	      0.07745989	      0.06230423	      0.07301243	      0.05121347	      0.01767033	      0.02848888	      0.01200838	      0.18143239	      0.10774376	      0.11676327	      0.32234817	      0.07529644	      0.11187527	      0.42942723	      0.13318945	      0.36133977	      0.42438335	      0.26826096	      0.44704196	      0.23057503	      0.25504288	      0.23360841	      0.25132595	      0.22928679
      5.34000000	      0.04146075	      0.14633879	      0.10039006	      0.32727303	      0.05412171	      0.04775336	      0.34064762	      0.11984787	      0.37390346	      0.33856987	      0.33394441	      0.30956755	      0.31762150	      0.32817502	      0.05593146	      0.07815371	      0.08086882	      0.06325637	      0.07434000	      0.05234039	      0.01820031	      0.02943583	      0.01483249	      0.19505728	      0.11020672	      0.10548206	      0.30236396	      0.06957233	      0.11405001	      0.53025237	      0.14041499	      0.32194752	      0.36824350	      0.23101676	      0.53026226	      0.24540200	      0.23729317	      0.28722614	      0.30450819	      0.28096777	      0.03911321	      0.10849092	      0.09102516	      0.31877383	      0.04959813	      0.04564312	      0.37775235	      0.11246696	      0.36772215	      0.32959676	      0.35409968	      0.33265343	      0.39103229	      0.40635308	      0.05454758	      0.07551869	      0.07745989	      0.06230423	      0.07301243	      0.05121347	      0.01767033	      0.02848888	      0.01199061	      0.18143239	      0.10774376	      0.11673224	      0.32229877	      0.07522020	      0.11187527	      0.42941058	      0.13318945	      0.36140467	      0.42444310	      0.26804678	      0.44746875	      0.23083847	      0.25500034	      0.23325282	      0.25097004	      0.22894672
      5.34500000	      0.04146075	      0.14650284	      0.10039006	      0.32699238	      0.05412171	      0.04775336	      0.34034088	      0.11984787	      0.37393321	      0.33860156	      0.33393397	      0.30955139	      0.31758459	      0.32814017	      0.05593146	      0.07815371	      0.08086882	      0.06325637	      0.07434000	      0.05234039	      0.01820031	      0.02943583	      0.01476598	      0.19505728	      0.11020672	      0.10547484	      0.30235375	      0.06944271	      0.11405001	      0.53048108	      0.14041499	      0.32168924	      0.36793111	      0.23097810	      0.53052824	      0.24543638	      0.23728220	      0.28722468	      0.30450682	      0.28096638	      0.03911321	      0.10864689	      0.09102516	      0.31832134	      0.04959813	      0.04564312	      0.37765545	      0.11246696	      0.36793391	      0.32982396	      0.35406511	      0.33258701	      0.39105116	      0.40637544	      0.05454758	      0.07551869	      0.07745989	      0.06230423	      0.07301243	      0.05121347	      0.01767033	      0.02848888	      0.01197084	      0.18143239	      0.10774376	      0.11670205	      0.32225077	      0.07514084	      0.11187527	      0.42939589	      0.13318945	      0.36146476	      0.42449748	      0.26783884	      0.44789618	      0.23109332	      0.25495889	      0.23289663	      0.25061304	      0.22860581
      5.35000000	      0.04146075	      0.14666422	      0.10039006	      0.32670561	      0.05412171	      0.04775336	      0.34003156	      0.11984787	      0.37396147	      0.33863167	      0.33392404	      0.30953603	      0.31755134	      0.32810994	      0.05593146	      0.07815371	      0.08086882	      0.06325637	      0.07434000	      0.05234039	      0.01820031	      0.02943583	      0.01469976	      0.19505728	      0.11020672	      0.10546797	      0.30234405	      0.06931449	      0.11405001	      0.53071100	      0.14041499	      0.32142890	      0.36761591	      0.23094136	      0.53079755	      0.24546903	      0.23727178	      0.28722102	      0.30450339	      0.28096290	      0.03911321	      0.10881171	      0.09102516	      0.31786739	      0.04959813	      0.04564312	      0.37755358	      0.11246696	      0.36813964	      0.33004467	      0.35403121	      0.33252211	      0.39107461	      0.40640164	      0.05454758	      0.07551869	      0.07745989	      0.06230423	      0.07301243	      0.05121347	      0.01767033	      0.02848888	      0.01194901	      0.18143239	      0.10774376	      0.11667256	      0.32220396	      0.07505885	      0.11187527	      0.42938285	      0.13318945	      0.36152026	      0.42454669	      0.26763613	      0.44832322	      0.23134088	      0.25491834	      0.23253989	      0.25025499	      0.22826410
      5.35500000	      0.04146075	      0.14682242	      0.10039006	      0.32641352	      0.05412171	      0.04775336	      0.33972043	      0.11984787	      0.37398815	      0.33866008	      0.33391466	      0.30952151	      0.31752184	      0.32808440	      0.05593146	      0.07815371	      0.08086882	      0.06325637	      0.07434000	      0.05234039	      0.01820031	      0.02943583	      0.01463411	      0.19505728	      0.11020672	      0.10546148	      0.30233489	      0.06918793	      0.11405001	      0.53094155	      0.14041499	      0.32116719	      0.36729872	      0.23090667	      0.53106968	      0.24549985	      0.23726193	      0.28721519	      0.30449792	      0.28095734	      0.03911321	      0.10898379	      0.09102516	      0.31741199	      0.04959813	      0.04564312	      0.37744723	      0.11246696	      0.36834039	      0.33026004	      0.35399785	      0.33245843	      0.39110149	      0.40643054	      0.05454758	      0.07551869	      0.07745989	      0.06230423	      0.07301243	      0.05121347	      0.01767033	      0.02848888	      0.01192509	      0.18143239	      0.10774376	      0.11664363	      0.32215810	      0.07497468	      0.11187527	      0.42937118	      0.13318945	      0.36157140	      0.42459095	      0.26743766	      0.44874887	      0.23158244	      0.25487850	      0.23218264	      0.24989594	      0.22792163
      5.36000000	      0.04146075	      0.14697701	      0.10039006	      0.32611687	      0.05412171	      0.04775336	      0.33940821	      0.11984787	      0.37401317	      0.33868673	      0.33390586	      0.30950789	      0.31749613	      0.32806358	      0.05593146	      0.07815371	      0.08086882	      0.06325637	      0.07434000	      0.05234039	      0.01820031	      0.02943583	      0.01456928	      0.19505728	      0.11020672	      0.10545539	      0.30232629	      0.06906327	      0.11405001	      0.53117218	      0.14041499	      0.32090475	      0.36698032	      0.23087413	      0.53134412	      0.24552875	      0.23725268	      0.28720725	      0.30449046	      0.28094977	      0.03911321	      0.10916161	      0.09102516	      0.31695515	      0.04959813	      0.04564312	      0.37733690	      0.11246696	      0.36853713	      0.33047110	      0.35396487	      0.33239569	      0.39113073	      0.40646107	      0.05454758	      0.07551869	      0.07745989	      0.06230423	      0.07301243	      0.05121347	      0.01767033	      0.02848888	      0.01189900	      0.18143239	      0.10774376	      0.11661512	      0.32211298	      0.07488881	      0.11187527	      0.42936064	      0.13318945	      0.36161837	      0.42463040	      0.26724252	      0.44917219	      0.23181917	      0.25483919	      0.23182496	      0.24953599	      0.22757847
      5.36500000	      0.04146075	      0.14712768	      0.10039006	      0.32581638	      0.05412171	      0.04775336	      0.33909553	      0.11984787	      0.37403646	      0.33871155	      0.33389766	      0.30949521	      0.31747426	      0.32804746	      0.05593146	      0.07815371	      0.08086882	      0.06325637	      0.07434000	      0.05234039	      0.01820031	      0.02943583	      0.01450544	      0.19505728	      0.11020672	      0.10544972	      0.30231828	      0.06894072	      0.11405001	      0.53140241	      0.14041499	      0.32064214	      0.36666138	      0.23084383	      0.53162035	      0.24555565	      0.23724407	      0.28719727	      0.30448110	      0.28094027	      0.03911321	      0.10934379	      0.09102516	      0.31649687	      0.04959813	      0.04564312	      0.37722299	      0.11246696	      0.36873073	      0.33067879	      0.35393215	      0.33233362	      0.39116134	      0.40649227	      0.05454758	      0.07551869	      0.07745989	      0.06230423	      0.07301243	      0.05121347	      0.01767033	      0.02848888	      0.01187074	      0.18143239	      0.10774376	      0.11658692	      0.32206841	      0.07480167	      0.11187527	      0.42935106	      0.13318945	      0.36166128	      0.42466516	      0.26704988	      0.44959234	      0.23205211	      0.25480026	      0.23146694	      0.24917521	      0.22723469
      5.37000000	      0.04146075	      0.14727427	      0.10039006	      0.32551267	      0.05412171	      0.04775336	      0.33878295	      0.11984787	      0.37405797	      0.33873446	      0.33389008	      0.30948348	      0.31745623	      0.32803600	      0.05593146	      0.07815371	      0.08086882	      0.06325637	      0.07434000	      0.05234039	      0.01820031	      0.02943583	      0.01444270	      0.19505728	      0.11020672	      0.10544448	      0.30231088	      0.06882045	      0.11405001	      0.53163187	      0.14041499	      0.32037980	      0.36634246	      0.23081584	      0.53189784	      0.24558050	      0.23723611	      0.28718534	      0.30446992	      0.28092891	      0.03911321	      0.10952911	      0.09102516	      0.31603711	      0.04959813	      0.04564312	      0.37710581	      0.11246696	      0.36892192	      0.33088390	      0.35389958	      0.33227199	      0.39119249	      0.40652328	      0.05454758	      0.07551869	      0.07745989	      0.06230423	      0.07301243	      0.05121347	      0.01767033	      0.02848888	      0.01184027	      0.18143239	      0.10774376	      0.11655893	      0.32202424	      0.07471368	      0.11187527	      0.42934232	      0.13318945	      0.36170022	      0.42469526	      0.26685903	      0.45000867	      0.23228215	      0.25476157	      0.23110869	      0.24881371	      0.22689040
      5.37500000	      0.04146075	      0.14741680	      0.10039006	      0.32520628	      0.05412171	      0.04775336	      0.33847089	      0.11984787	      0.37407767	      0.33875543	      0.33388313	      0.30947275	      0.31744200	      0.32802912	      0.05593146	      0.07815371	      0.08086882	      0.06325637	      0.07434000	      0.05234039	      0.01820031	      0.02943583	      0.01438108	      0.19505728	      0.11020672	      0.10543968	      0.30230410	      0.06870259	      0.11405001	      0.53186026	      0.14041499	      0.32011807	      0.36602397	      0.23079022	      0.53217605	      0.24560324	      0.23722883	      0.28717159	      0.30445701	      0.28091580	      0.03911321	      0.10971654	      0.09102516	      0.31557579	      0.04959813	      0.04564312	      0.37698558	      0.11246696	      0.36911131	      0.33108706	      0.35386705	      0.33221064	      0.39122348	      0.40655345	      0.05454758	      0.07551869	      0.07745989	      0.06230423	      0.07301243	      0.05121347	      0.01767033	      0.02848888	      0.01180762	      0.18143239	      0.10774376	      0.11653107	      0.32198032	      0.07462518	      0.11187527	      0.42933444	      0.13318945	      0.36173516	      0.42472063	      0.26666940	      0.45042068	      0.23251000	      0.25472300	      0.23075036	      0.24845168	      0.22654574
      5.38000000	      0.04146075	      0.14755545	      0.10039006	      0.32489766	      0.05412171	      0.04775336	      0.33815967	      0.11984787	      0.37409552	      0.33877445	      0.33387684	      0.30946301	      0.31743151	      0.32802671	      0.05593146	      0.07815371	      0.08086882	      0.06325637	      0.07434000	      0.05234039	      0.01820031	      0.02943583	      0.01432050	      0.19505728	      0.11020672	      0.10543533	      0.30229796	      0.06858724	      0.11405001	      0.53208740	      0.14041499	      0.31985716	      0.36570622	      0.23076699	      0.53245441	      0.24562385	      0.23722222	      0.28715612	      0.30444251	      0.28090108	      0.03911321	      0.10990523	      0.09102516	      0.31511279	      0.04959813	      0.04564312	      0.37686237	      0.11246696	      0.36929933	      0.33128876	      0.35383451	      0.33214942	      0.39125377	      0.40658222	      0.05454758	      0.07551869	      0.07745989	      0.06230423	      0.07301243	      0.05121347	      0.01767033	      0.02848888	      0.01177282	      0.18143239	      0.10774376	      0.11650327	      0.32193656	      0.07453647	      0.11187527	      0.42932758	      0.13318945	      0.36176601	      0.42474113	      0.26648057	      0.45082811	      0.23273619	      0.25468448	      0.23039218	      0.24808931	      0.22620094
      5.38500000	      0.04146075	      0.14769058	      0.10039006	      0.32458715	      0.05412171	      0.04775336	      0.33784948	      0.11984787	      0.37411152	      0.33879149	      0.33387119	      0.30945428	      0.31742468	      0.32802859	      0.05593146	      0.07815371	      0.08086882	      0.06325637	      0.07434000	      0.05234039	      0.01820031	      0.02943583	      0.01426079	      0.19505728	      0.11020672	      0.10543143	      0.30229245	      0.06847445	      0.11405001	      0.53231320	      0.14041499	      0.31959719	      0.36538935	      0.23074616	      0.53273238	      0.24564233	      0.23721629	      0.28713909	      0.30442653	      0.28088485	      0.03911321	      0.11009455	      0.09102516	      0.31464793	      0.04959813	      0.04564312	      0.37673616	      0.11246696	      0.36948628	      0.33148930	      0.35380190	      0.33208823	      0.39128297	      0.40660923	      0.05454758	      0.07551869	      0.07745989	      0.06230423	      0.07301243	      0.05121347	      0.01767033	      0.02848888	      0.01173592	      0.18143239	      0.10774376	      0.11647549	      0.32189290	      0.07444782	      0.11187527	      0.42932195	      0.13318945	      0.36179260	      0.42475652	      0.26629224	      0.45123090	      0.23296107	      0.25464594	      0.23003433	      0.24772682	      0.22585618
      5.39000000	      0.04146075	      0.14782271	      0.10039006	      0.32427500	      0.05412171	      0.04775336	      0.33754040	      0.11984787	      0.37412568	      0.33880657	      0.33386619	      0.30944654	      0.31742137	      0.32803459	      0.05593146	      0.07815371	      0.08086882	      0.06325637	      0.07434000	      0.05234039	      0.01820031	      0.02943583	      0.01420172	      0.19505728	      0.11020672	      0.10542797	      0.30228757	      0.06836425	      0.11405001	      0.53253766	      0.14041499	      0.31933812	      0.36507339	      0.23072772	      0.53300939	      0.24565868	      0.23721104	      0.28712062	      0.30440921	      0.28086726	      0.03911321	      0.11028409	      0.09102516	      0.31418098	      0.04959813	      0.04564312	      0.37660679	      0.11246696	      0.36967231	      0.33168886	      0.35376919	      0.33202705	      0.39131088	      0.40663427	      0.05454758	      0.07551869	      0.07745989	      0.06230423	      0.07301243	      0.05121347	      0.01767033	      0.02848888	      0.01169700	      0.18143239	      0.10774376	      0.11644771	      0.32184929	      0.07435939	      0.11187527	      0.42931785	      0.13318945	      0.36181469	      0.42476649	      0.26610428	      0.45162919	      0.23318484	      0.25460735	      0.22967702	      0.24736441	      0.22551165
      5.39500000	      0.04146075	      0.14795250	      0.10039006	      0.32396137	      0.05412171	      0.04775336	      0.33723244	      0.11984787	      0.37413805	      0.33881975	      0.33386182	      0.30943979	      0.31742143	      0.32804446	      0.05593146	      0.07815371	      0.08086882	      0.06325637	      0.07434000	      0.05234039	      0.01820031	      0.02943583	      0.01414296	      0.19505728	      0.11020672	      0.10542495	      0.30228331	      0.06825664	      0.11405001	      0.53276085	      0.14041499	      0.31907985	      0.36475826	      0.23071162	      0.53328487	      0.24567296	      0.23720645	      0.28710088	      0.30439069	      0.28084846	      0.03911321	      0.11047366	      0.09102516	      0.31371170	      0.04959813	      0.04564312	      0.37647400	      0.11246696	      0.36985744	      0.33188744	      0.35373640	      0.33196585	      0.39133743	      0.40665728	      0.05454758	      0.07551869	      0.07745989	      0.06230423	      0.07301243	      0.05121347	      0.01767033	      0.02848888	      0.01165616	      0.18143239	      0.10774376	      0.11641993	      0.32180574	      0.07427130	      0.11187527	      0.42931562	      0.13318945	      0.36183198	      0.42477064	      0.26591667	      0.45202329	      0.23340750	      0.25456872	      0.22932040	      0.24700225	      0.22516754
      5.40000000	      0.04146075	      0.14808071	      0.10039006	      0.32364638	      0.05412171	      0.04775336	      0.33692550	      0.11984787	      0.37414869	      0.33883108	      0.33385806	      0.30943398	      0.31742465	      0.32805794	      0.05593146	      0.07815371	      0.08086882	      0.06325637	      0.07434000	      0.05234039	      0.01820031	      0.02943583	      0.01408416	      0.19505728	      0.11020672	      0.10542235	      0.30227964	      0.06815159	      0.11405001	      0.53298292	      0.14041499	      0.31882219	      0.36444378	      0.23069776	      0.53355827	      0.24568525	      0.23720251	      0.28708002	      0.30437113	      0.28082859	      0.03911321	      0.11066324	      0.09102516	      0.31323983	      0.04959813	      0.04564312	      0.37633746	      0.11246696	      0.37004158	      0.33208495	      0.35370354	      0.33190469	      0.39136268	      0.40667832	      0.05454758	      0.07551869	      0.07745989	      0.06230423	      0.07301243	      0.05121347	      0.01767033	      0.02848888	      0.01161350	      0.18143239	      0.10774376	      0.11639217	      0.32176227	      0.07418361	      0.11187527	      0.42931564	      0.13318945	      0.36184411	      0.42476857	      0.26572953	      0.45241365	      0.23362894	      0.25453007	      0.22896464	      0.24664052	      0.22482399
      5.40500000	      0.04146075	      0.14820816	      0.10039006	      0.32333006	      0.05412171	      0.04775336	      0.33661945	      0.11984787	      0.37415768	      0.33884066	      0.33385488	      0.30942906	      0.31743080	      0.32807473	      0.05593146	      0.07815371	      0.08086882	      0.06325637	      0.07434000	      0.05234039	      0.01820031	      0.02943583	      0.01402493	      0.19505728	      0.11020672	      0.10542016	      0.30227654	      0.06804907	      0.11405001	      0.53320404	      0.14041499	      0.31856490	      0.36412974	      0.23068605	      0.53382905	      0.24569563	      0.23719917	      0.28705819	      0.30435066	      0.28080780	      0.03911321	      0.11085302	      0.09102516	      0.31276512	      0.04959813	      0.04564312	      0.37619676	      0.11246696	      0.37022452	      0.33228117	      0.35367065	      0.33184362	      0.39138681	      0.40669758	      0.05454758	      0.07551869	      0.07745989	      0.06230423	      0.07301243	      0.05121347	      0.01767033	      0.02848888	      0.01156914	      0.18143239	      0.10774376	      0.11636446	      0.32171893	      0.07409631	      0.11187527	      0.42931831	      0.13318945	      0.36185073	      0.42475981	      0.26554306	      0.45280083	      0.23384893	      0.25449144	      0.22860991	      0.24627939	      0.22448117
      5.41000000	      0.04146075	      0.14833569	      0.10039006	      0.32301246	      0.05412171	      0.04775336	      0.33631412	      0.11984787	      0.37416514	      0.33884860	      0.33385224	      0.30942499	      0.31743962	      0.32809451	      0.05593146	      0.07815371	      0.08086882	      0.06325637	      0.07434000	      0.05234039	      0.01820031	      0.02943583	      0.01396487	      0.19505728	      0.11020672	      0.10541834	      0.30227397	      0.06794903	      0.11405001	      0.53342441	      0.14041499	      0.31830771	      0.36381586	      0.23067635	      0.53409666	      0.24570423	      0.23719640	      0.28703556	      0.30432944	      0.28078624	      0.03911321	      0.11104332	      0.09102516	      0.31228738	      0.04959813	      0.04564312	      0.37605151	      0.11246696	      0.37040598	      0.33247581	      0.35363778	      0.33178276	      0.39141007	      0.40671531	      0.05454758	      0.07551869	      0.07745989	      0.06230423	      0.07301243	      0.05121347	      0.01767033	      0.02848888	      0.01152319	      0.18143239	      0.10774376	      0.11633684	      0.32167579	      0.07400934	      0.11187527	      0.42932402	      0.13318945	      0.36185146	      0.42474395	      0.26535756	      0.45318541	      0.23406713	      0.25445289	      0.22825636	      0.24591902	      0.22413924
      5.41500000	      0.04146075	      0.14846413	      0.10039006	      0.32269362	      0.05412171	      0.04775336	      0.33600936	      0.11984787	      0.37417118	      0.33885504	      0.33385010	      0.30942169	      0.31745083	      0.32811691	      0.05593146	      0.07815371	      0.08086882	      0.06325637	      0.07434000	      0.05234039	      0.01820031	      0.02943583	      0.01390361	      0.19505728	      0.11020672	      0.10541686	      0.30227189	      0.06785142	      0.11405001	      0.53364421	      0.14041499	      0.31805037	      0.36350189	      0.23066847	      0.53436062	      0.24571121	      0.23719416	      0.28701228	      0.30430761	      0.28076407	      0.03911321	      0.11123460	      0.09102516	      0.31180649	      0.04959813	      0.04564312	      0.37590130	      0.11246696	      0.37058565	      0.33266851	      0.35360500	      0.33172220	      0.39143280	      0.40673186	      0.05454758	      0.07551869	      0.07745989	      0.06230423	      0.07301243	      0.05121347	      0.01767033	      0.02848888	      0.01147575	      0.18143239	      0.10774376	      0.11630937	      0.32163294	      0.07392261	      0.11187527	      0.42933314	      0.13318945	      0.36184597	      0.42472058	      0.26517338	      0.45356798	      0.23428314	      0.25441451	      0.22790416	      0.24555959	      0.22379836
      5.42000000	      0.04146075	      0.14859428	      0.10039006	      0.32237359	      0.05412171	      0.04775336	      0.33570501	      0.11984787	      0.37417597	      0.33886013	      0.33384841	      0.30941907	      0.31746412	      0.32814156	      0.05593146	      0.07815371	      0.08086882	      0.06325637	      0.07434000	      0.05234039	      0.01820031	      0.02943583	      0.01384080	      0.19505728	      0.11020672	      0.10541569	      0.30227024	      0.06775621	      0.11405001	      0.53386363	      0.14041499	      0.31779265	      0.36318762	      0.23066224	      0.53462043	      0.24571673	      0.23719238	      0.28698851	      0.30428532	      0.28074143	      0.03911321	      0.11142742	      0.09102516	      0.31132244	      0.04959813	      0.04564312	      0.37574574	      0.11246696	      0.37076314	      0.33285887	      0.35357239	      0.33166210	      0.39145535	      0.40674760	      0.05454758	      0.07551869	      0.07745989	      0.06230423	      0.07301243	      0.05121347	      0.01767033	      0.02848888	      0.01142692	      0.18143239	      0.10774376	      0.11628210	      0.32159045	      0.07383598	      0.11187527	      0.42934600	      0.13318945	      0.36183394	      0.42468936	      0.26499092	      0.45394909	      0.23449651	      0.25437638	      0.22755347	      0.24520129	      0.22345871
      5.42500000	      0.04146075	      0.14872684	      0.10039006	      0.32205248	      0.05412171	      0.04775336	      0.33540098	      0.11984787	      0.37417964	      0.33886405	      0.33384711	      0.30941706	      0.31747917	      0.32816809	      0.05593146	      0.07815371	      0.08086882	      0.06325637	      0.07434000	      0.05234039	      0.01820031	      0.02943583	      0.01377611	      0.19505728	      0.11020672	      0.10541479	      0.30226897	      0.06766337	      0.11405001	      0.53408280	      0.14041499	      0.31753434	      0.36287286	      0.23065745	      0.53487563	      0.24572098	      0.23719102	      0.28696439	      0.30426270	      0.28071845	      0.03911321	      0.11162240	      0.09102516	      0.31083529	      0.04959813	      0.04564312	      0.37558453	      0.11246696	      0.37093805	      0.33304647	      0.35354002	      0.33160260	      0.39147810	      0.40676289	      0.05454758	      0.07551869	      0.07745989	      0.06230423	      0.07301243	      0.05121347	      0.01767033	      0.02848888	      0.01137679	      0.18143239	      0.10774376	      0.11625511	      0.32154844	      0.07374928	      0.11187527	      0.42936287	      0.13318945	      0.36181513	      0.42465003	      0.26481062	      0.45432923	      0.23470676	      0.25433859	      0.22720450	      0.24484431	      0.22312047
      5.43000000	      0.04146075	      0.14886246	      0.10039006	      0.32173043	      0.05412171	      0.04775336	      0.33509721	      0.11984787	      0.37418239	      0.33886697	      0.33384614	      0.30941556	      0.31749565	      0.32819609	      0.05593146	      0.07815371	      0.08086882	      0.06325637	      0.07434000	      0.05234039	      0.01820031	      0.02943583	      0.01370929	      0.19505728	      0.11020672	      0.10541412	      0.30226802	      0.06757285	      0.11405001	      0.53430182	      0.14041499	      0.31727531	      0.36255748	      0.23065388	      0.53512579	      0.24572414	      0.23719000	      0.28694007	      0.30423989	      0.28069529	      0.03911321	      0.11182021	      0.09102516	      0.31034526	      0.04959813	      0.04564312	      0.37541740	      0.11246696	      0.37111000	      0.33323087	      0.35350799	      0.33154383	      0.39150144	      0.40677813	      0.05454758	      0.07551869	      0.07745989	      0.06230423	      0.07301243	      0.05121347	      0.01767033	      0.02848888	      0.01132545	      0.18143239	      0.10774376	      0.11622846	      0.32150701	      0.07366232	      0.11187527	      0.42938398	      0.13318945	      0.36178933	      0.42460239	      0.26463290	      0.45470879	      0.23491342	      0.25430124	      0.22685745	      0.24448890	      0.22278387
      5.43500000	      0.04146075	      0.14900172	      0.10039006	      0.32140763	      0.05412171	      0.04775336	      0.33479369	      0.11984787	      0.37418436	      0.33886907	      0.33384544	      0.30941448	      0.31751323	      0.32822520	      0.05593146	      0.07815371	      0.08086882	      0.06325637	      0.07434000	      0.05234039	      0.01820031	      0.02943583	      0.01364012	      0.19505728	      0.11020672	      0.10541364	      0.30226734	      0.06748466	      0.11405001	      0.53452074	      0.14041499	      0.31701547	      0.36224144	      0.23065131	      0.53537050	      0.24572643	      0.23718927	      0.28691568	      0.30421703	      0.28067206	      0.03911321	      0.11202154	      0.09102516	      0.30985266	      0.04959813	      0.04564312	      0.37524415	      0.11246696	      0.37127856	      0.33341165	      0.35347637	      0.33148597	      0.39152572	      0.40679369	      0.05454758	      0.07551869	      0.07745989	      0.06230423	      0.07301243	      0.05121347	      0.01767033	      0.02848888	      0.01127298	      0.18143239	      0.10774376	      0.11620221	      0.32146626	      0.07357491	      0.11187527	      0.42940949	      0.13318945	      0.36175641	      0.42454633	      0.26445821	      0.45508809	      0.23511600	      0.25426442	      0.22651256	      0.24413529	      0.22244913
      5.44000000	      0.04146075	      0.14914507	      0.10039006	      0.32108435	      0.05412171	      0.04775336	      0.33449048	      0.11984787	      0.37418575	      0.33887055	      0.33384495	      0.30941372	      0.31753158	      0.32825501	      0.05593146	      0.07815371	      0.08086882	      0.06325637	      0.07434000	      0.05234039	      0.01820031	      0.02943583	      0.01356843	      0.19505728	      0.11020672	      0.10541330	      0.30226686	      0.06739875	      0.11405001	      0.53473957	      0.14041499	      0.31675481	      0.36192476	      0.23064950	      0.53560938	      0.24572802	      0.23718875	      0.28689135	      0.30419422	      0.28064889	      0.03911321	      0.11222705	      0.09102516	      0.30935791	      0.04959813	      0.04564312	      0.37506468	      0.11246696	      0.37144337	      0.33358839	      0.35344525	      0.33142914	      0.39155128	      0.40680991	      0.05454758	      0.07551869	      0.07745989	      0.06230423	      0.07301243	      0.05121347	      0.01767033	      0.02848888	      0.01121946	      0.18143239	      0.10774376	      0.11617645	      0.32142630	      0.07348684	      0.11187527	      0.42943952	      0.13318945	      0.36171630	      0.42448180	      0.26428699	      0.45546735	      0.23531403	      0.25422823	      0.22617010	      0.24378377	      0.22211652
      5.44500000	      0.04146075	      0.14929293	      0.10039006	      0.32076089	      0.05412171	      0.04775336	      0.33418769	      0.11984787	      0.37418671	      0.33887157	      0.33384461	      0.30941320	      0.31755038	      0.32828518	      0.05593146	      0.07815371	      0.08086882	      0.06325637	      0.07434000	      0.05234039	      0.01820031	      0.02943583	      0.01349408	      0.19505728	      0.11020672	      0.10541307	      0.30226653	      0.06731512	      0.11405001	      0.53495826	      0.14041499	      0.31649336	      0.36160753	      0.23064825	      0.53584205	      0.24572913	      0.23718840	      0.28686721	      0.30417159	      0.28062590	      0.03911321	      0.11243739	      0.09102516	      0.30886154	      0.04959813	      0.04564312	      0.37487893	      0.11246696	      0.37160405	      0.33376070	      0.35341473	      0.33137351	      0.39157841	      0.40682712	      0.05454758	      0.07551869	      0.07745989	      0.06230423	      0.07301243	      0.05121347	      0.01767033	      0.02848888	      0.01116496	      0.18143239	      0.10774376	      0.11615122	      0.32138721	      0.07339789	      0.11187527	      0.42947412	      0.13318945	      0.36166897	      0.42440884	      0.26411963	      0.45584670	      0.23550709	      0.25419278	      0.22583035	      0.24343464	      0.22178633
      5.45000000	      0.04146075	      0.14944560	      0.10039006	      0.32043763	      0.05412171	      0.04775336	      0.33388549	      0.11984787	      0.37418740	      0.33887230	      0.33384437	      0.30941282	      0.31756933	      0.32831535	      0.05593146	      0.07815371	      0.08086882	      0.06325637	      0.07434000	      0.05234039	      0.01820031	      0.02943583	      0.01341700	      0.19505728	      0.11020672	      0.10541290	      0.30226630	      0.06723374	      0.11405001	      0.53517671	      0.14041499	      0.31623123	      0.36128990	      0.23064736	      0.53606818	      0.24572993	      0.23718814	      0.28684337	      0.30414925	      0.28060320	      0.03911321	      0.11265315	      0.09102516	      0.30836419	      0.04959813	      0.04564312	      0.37468692	      0.11246696	      0.37176025	      0.33392820	      0.35338486	      0.33131920	      0.39160740	      0.40684559	      0.05454758	      0.07551869	      0.07745989	      0.06230423	      0.07301243	      0.05121347	      0.01767033	      0.02848888	      0.01110957	      0.18143239	      0.10774376	      0.11612660	      0.32134910	      0.07330786	      0.11187527	      0.42951328	      0.13318945	      0.36161448	      0.42432758	      0.26395655	      0.45622618	      0.23569474	      0.25415814	      0.22549363	      0.24308825	      0.22145887
      5.45500000	      0.04146075	      0.14960327	      0.10039006	      0.32011499	      0.05412171	      0.04775336	      0.33358412	      0.11984787	      0.37418796	      0.33887290	      0.33384417	      0.30941251	      0.31758817	      0.32834520	      0.05593146	      0.07815371	      0.08086882	      0.06325637	      0.07434000	      0.05234039	      0.01820031	      0.02943583	      0.01333717	      0.19505728	      0.11020672	      0.10541276	      0.30226610	      0.06715459	      0.11405001	      0.53539477	      0.14041499	      0.31596861	      0.36097215	      0.23064662	      0.53628746	      0.24573057	      0.23718793	      0.28681995	      0.30412729	      0.28058089	      0.03911321	      0.11287484	      0.09102516	      0.30786661	      0.04959813	      0.04564312	      0.37448880	      0.11246696	      0.37191165	      0.33409055	      0.35335575	      0.33126634	      0.39163846	      0.40686558	      0.05454758	      0.07551869	      0.07745989	      0.06230423	      0.07301243	      0.05121347	      0.01767033	      0.02848888	      0.01105335	      0.18143239	      0.10774376	      0.11610264	      0.32131206	      0.07321658	      0.11187527	      0.42955696	      0.13318945	      0.36155295	      0.42423822	      0.26379811	      0.45660570	      0.23587660	      0.25412440	      0.22516030	      0.24274497	      0.22113448
      5.46000000	      0.04146075	      0.14976605	      0.10039006	      0.31979348	      0.05412171	      0.04775336	      0.33328388	      0.11984787	      0.37418851	      0.33887349	      0.33384397	      0.30941221	      0.31760665	      0.32837445	      0.05593146	      0.07815371	      0.08086882	      0.06325637	      0.07434000	      0.05234039	      0.01820031	      0.02943583	      0.01325461	      0.19505728	      0.11020672	      0.10541263	      0.30226591	      0.06707766	      0.11405001	      0.53561224	      0.14041499	      0.31570575	      0.36065458	      0.23064590	      0.53649960	      0.24573121	      0.23718773	      0.28679703	      0.30410581	      0.28055907	      0.03911321	      0.11310287	      0.09102516	      0.30736963	      0.04959813	      0.04564312	      0.37428476	      0.11246696	      0.37205796	      0.33424744	      0.35332745	      0.33121507	      0.39167178	      0.40688728	      0.05454758	      0.07551869	      0.07745989	      0.06230423	      0.07301243	      0.05121347	      0.01767033	      0.02848888	      0.01099639	      0.18143239	      0.10774376	      0.11607940	      0.32127616	      0.07312385	      0.11187527	      0.42960504	      0.13318945	      0.36148457	      0.42414104	      0.26364466	      0.45698506	      0.23605233	      0.25409165	      0.22483072	      0.24240519	      0.22081356
      5.46500000	      0.04146075	      0.14993394	      0.10039006	      0.31947366	      0.05412171	      0.04775336	      0.33298514	      0.11984787	      0.37418915	      0.33887417	      0.33384375	      0.30941186	      0.31762457	      0.32840287	      0.05593146	      0.07815371	      0.08086882	      0.06325637	      0.07434000	      0.05234039	      0.01820031	      0.02943583	      0.01316940	      0.19505728	      0.11020672	      0.10541247	      0.30226569	      0.06700292	      0.11405001	      0.53582886	      0.14041499	      0.31544298	      0.36033763	      0.23064507	      0.53670433	      0.24573195	      0.23718749	      0.28677472	      0.30408490	      0.28053782	      0.03911321	      0.11333754	      0.09102516	      0.30687417	      0.04959813	      0.04564312	      0.37407511	      0.11246696	      0.37219891	      0.33439858	      0.35330003	      0.33116549	      0.39170746	      0.40691086	      0.05454758	      0.07551869	      0.07745989	      0.06230423	      0.07301243	      0.05121347	      0.01767033	      0.02848888	      0.01093875	      0.18143239	      0.10774376	      0.11605693	      0.32124147	      0.07302955	      0.11187527	      0.42965736	      0.13318945	      0.36140957	      0.42403639	      0.26349650	      0.45736395	      0.23622160	      0.25405995	      0.22450532	      0.24206936	      0.22049649
      5.47000000	      0.04146075	      0.15010685	      0.10039006	      0.31915613	      0.05412171	      0.04775336	      0.33268832	      0.11984787	      0.37418994	      0.33887501	      0.33384347	      0.30941143	      0.31764176	      0.32843025	      0.05593146	      0.07815371	      0.08086882	      0.06325637	      0.07434000	      0.05234039	      0.01820031	      0.02943583	      0.01308165	      0.19505728	      0.11020672	      0.10541228	      0.30226542	      0.06693033	      0.11405001	      0.53604432	      0.14041499	      0.31518068	      0.36002177	      0.23064405	      0.53690144	      0.24573286	      0.23718720	      0.28675310	      0.30406464	      0.28051723	      0.03911321	      0.11357898	      0.09102516	      0.30638121	      0.04959813	      0.04564312	      0.37386024	      0.11246696	      0.37233428	      0.33454372	      0.35327357	      0.33111771	      0.39174562	      0.40693641	      0.05454758	      0.07551869	      0.07745989	      0.06230423	      0.07301243	      0.05121347	      0.01767033	      0.02848888	      0.01088049	      0.18143239	      0.10774376	      0.11603527	      0.32120808	      0.07293357	      0.11187527	      0.42971371	      0.13318945	      0.36132827	      0.42392472	      0.26335392	      0.45774196	      0.23638414	      0.25402938	      0.22418451	      0.24173794	      0.22018371
      5.47500000	      0.04146075	      0.15028460	      0.10039006	      0.31884158	      0.05412171	      0.04775336	      0.33239391	      0.11984787	      0.37419091	      0.33887604	      0.33384312	      0.30941090	      0.31765812	      0.32845644	      0.05593146	      0.07815371	      0.08086882	      0.06325637	      0.07434000	      0.05234039	      0.01820031	      0.02943583	      0.01299154	      0.19505728	      0.11020672	      0.10541204	      0.30226508	      0.06685985	      0.11405001	      0.53625828	      0.14041499	      0.31491931	      0.35970757	      0.23064278	      0.53709072	      0.24573398	      0.23718684	      0.28673225	      0.30404510	      0.28049738	      0.03911321	      0.11382722	      0.09102516	      0.30589177	      0.04959813	      0.04564312	      0.37364063	      0.11246696	      0.37246385	      0.33468265	      0.35324810	      0.33107181	      0.39178625	      0.40696404	      0.05454758	      0.07551869	      0.07745989	      0.06230423	      0.07301243	      0.05121347	      0.01767033	      0.02848888	      0.01082169	      0.18143239	      0.10774376	      0.11601447	      0.32117604	      0.07283583	      0.11187527	      0.42977383	      0.13318945	      0.36124105	      0.42380651	      0.26321716	      0.45811856	      0.23653971	      0.25400000	      0.22386873	      0.24141138	      0.21987564
      5.48000000	      0.04146075	      0.15046694	      0.10039006	      0.31853069	      0.05412171	      0.04775336	      0.33210242	      0.11984787	      0.37419207	      0.33887728	      0.33384271	      0.30941027	      0.31767360	      0.32848135	      0.05593146	      0.07815371	      0.08086882	      0.06325637	      0.07434000	      0.05234039	      0.01820031	      0.02943583	      0.01289924	      0.19505728	      0.11020672	      0.10541176	      0.30226468	      0.06679141	      0.11405001	      0.53647034	      0.14041499	      0.31465936	      0.35939564	      0.23064127	      0.53727200	      0.24573532	      0.23718641	      0.28671224	      0.30402634	      0.28047832	      0.03911321	      0.11408208	      0.09102516	      0.30540689	      0.04959813	      0.04564312	      0.37341682	      0.11246696	      0.37258749	      0.33481521	      0.35322369	      0.33102787	      0.39182938	      0.40699377	      0.05454758	      0.07551869	      0.07745989	      0.06230423	      0.07301243	      0.05121347	      0.01767033	      0.02848888	      0.01076239	      0.18143239	      0.10774376	      0.11599457	      0.32114539	      0.07273633	      0.11187527	      0.42983745	      0.13318945	      0.36114833	      0.42368232	      0.26308643	      0.45849315	      0.23668814	      0.25397186	      0.22355844	      0.24109019	      0.21957275
      5.48500000	      0.04146075	      0.15065354	      0.10039006	      0.31822418	      0.05412171	      0.04775336	      0.33181439	      0.11984787	      0.37419338	      0.33887867	      0.33384225	      0.30940955	      0.31768815	      0.32850493	      0.05593146	      0.07815371	      0.08086882	      0.06325637	      0.07434000	      0.05234039	      0.01820031	      0.02943583	      0.01280500	      0.19505728	      0.11020672	      0.10541144	      0.30226423	      0.06672494	      0.11405001	      0.53668010	      0.14041499	      0.31440138	      0.35908661	      0.23063956	      0.53744515	      0.24573683	      0.23718592	      0.28669313	      0.30400843	      0.28046012	      0.03911321	      0.11434326	      0.09102516	      0.30492760	      0.04959813	      0.04564312	      0.37318941	      0.11246696	      0.37270507	      0.33494127	      0.35320037	      0.33098596	      0.39187496	      0.40702559	      0.05454758	      0.07551869	      0.07745989	      0.06230423	      0.07301243	      0.05121347	      0.01767033	      0.02848888	      0.01070267	      0.18143239	      0.10774376	      0.11597558	      0.32111617	      0.07263508	      0.11187527	      0.42990425	      0.13318945	      0.36105054	      0.42355272	      0.26296189	      0.45886505	      0.23682928	      0.25394500	      0.22325408	      0.24077484	      0.21927547
      5.49000000	      0.04146075	      0.15084402	      0.10039006	      0.31792279	      0.05412171	      0.04775336	      0.33153038	      0.11984787	      0.37419478	      0.33888017	      0.33384175	      0.30940878	      0.31770180	      0.32852718	      0.05593146	      0.07815371	      0.08086882	      0.06325637	      0.07434000	      0.05234039	      0.01820031	      0.02943583	      0.01270904	      0.19505728	      0.11020672	      0.10541109	      0.30226375	      0.06666033	      0.11405001	      0.53688715	      0.14041499	      0.31414593	      0.35878118	      0.23063774	      0.53761009	      0.24573845	      0.23718540	      0.28667497	      0.30399141	      0.28044283	      0.03911321	      0.11461031	      0.09102516	      0.30445487	      0.04959813	      0.04564312	      0.37295906	      0.11246696	      0.37281650	      0.33506075	      0.35317816	      0.33094611	      0.39192290	      0.40705948	      0.05454758	      0.07551869	      0.07745989	      0.06230423	      0.07301243	      0.05121347	      0.01767033	      0.02848888	      0.01064255	      0.18143239	      0.10774376	      0.11595752	      0.32108843	      0.07253217	      0.11187527	      0.42997393	      0.13318945	      0.36094818	      0.42341832	      0.26284364	      0.45923356	      0.23696303	      0.25391945	      0.22295606	      0.24046581	      0.21898421
      5.49500000	      0.04146075	      0.15103797	      0.10039006	      0.31762720	      0.05412171	      0.04775336	      0.33125093	      0.11984787	      0.37419618	      0.33888165	      0.33384126	      0.30940802	      0.31771466	      0.32854816	      0.05593146	      0.07815371	      0.08086882	      0.06325637	      0.07434000	      0.05234039	      0.01820031	      0.02943583	      0.01261162	      0.19505728	      0.11020672	      0.10541075	      0.30226327	      0.06659748	      0.11405001	      0.53709107	      0.14041499	      0.31389354	      0.35847999	      0.23063592	      0.53776677	      0.24574006	      0.23718488	      0.28665779	      0.30397532	      0.28042647	      0.03911321	      0.11488264	      0.09102516	      0.30398960	      0.04959813	      0.04564312	      0.37272642	      0.11246696	      0.37292177	      0.33517360	      0.35315711	      0.33090837	      0.39197308	      0.40709537	      0.05454758	      0.07551869	      0.07745989	      0.06230423	      0.07301243	      0.05121347	      0.01767033	      0.02848888	      0.01058209	      0.18143239	      0.10774376	      0.11594043	      0.32106216	      0.07242771	      0.11187527	      0.43004616	      0.13318945	      0.36084173	      0.42327971	      0.26273177	      0.45959794	      0.23708936	      0.25389523	      0.22266479	      0.24016354	      0.21869938
      5.50000000	      0.04146075	      0.15123498	      0.10039006	      0.31733808	      0.05412171	      0.04775336	      0.33097655	      0.11984787	      0.37419745	      0.33888301	      0.33384081	      0.30940732	      0.31772683	      0.32856798	      0.05593146	      0.07815371	      0.08086882	      0.06325637	      0.07434000	      0.05234039	      0.01820031	      0.02943583	      0.01251299	      0.19505728	      0.11020672	      0.10541044	      0.30226283	      0.06653623	      0.11405001	      0.53729146	      0.14041499	      0.31364478	      0.35818369	      0.23063426	      0.53791520	      0.24574153	      0.23718441	      0.28664164	      0.30396019	      0.28041109	      0.03911321	      0.11515954	      0.09102516	      0.30353258	      0.04959813	      0.04564312	      0.37249215	      0.11246696	      0.37302087	      0.33527985	      0.35313720	      0.33087275	      0.39202537	      0.40713316	      0.05454758	      0.07551869	      0.07745989	      0.06230423	      0.07301243	      0.05121347	      0.01767033	      0.02848888	      0.01052132	      0.18143239	      0.10774376	      0.11592429	      0.32103739	      0.07232188	      0.11187527	      0.43012064	      0.13318945	      0.36073165	      0.42313749	      0.26262629	      0.45995747	      0.23720828	      0.25387237	      0.22238062	      0.23986843	      0.21842134
      5.50500000	      0.04146075	      0.15143463	      0.10039006	      0.31705605	      0.05412171	      0.04775336	      0.33070773	      0.11984787	      0.37419845	      0.33888408	      0.33384045	      0.30940678	      0.31773849	      0.32858679	      0.05593146	      0.07815371	      0.08086882	      0.06325637	      0.07434000	      0.05234039	      0.01820031	      0.02943583	      0.01241339	      0.19505728	      0.11020672	      0.10541020	      0.30226248	      0.06647643	      0.11405001	      0.53748796	      0.14041499	      0.31340014	      0.35789290	      0.23063296	      0.53805541	      0.24574269	      0.23718404	      0.28662652	      0.30394602	      0.28039670	      0.03911321	      0.11544018	      0.09102516	      0.30308447	      0.04959813	      0.04564312	      0.37225691	      0.11246696	      0.37311385	      0.33537953	      0.35311847	      0.33083924	      0.39207960	      0.40717275	      0.05454758	      0.07551869	      0.07745989	      0.06230423	      0.07301243	      0.05121347	      0.01767033	      0.02848888	      0.01046029	      0.18143239	      0.10774376	      0.11590911	      0.32101410	      0.07221490	      0.11187527	      0.43019710	      0.13318945	      0.36061841	      0.42299219	      0.26252718	      0.46031147	      0.23731985	      0.25385085	      0.22210387	      0.23958083	      0.21815040
      5.51000000	      0.04146075	      0.15163654	      0.10039006	      0.31678165	      0.05412171	      0.04775336	      0.33044487	      0.11984787	      0.37419902	      0.33888468	      0.33384025	      0.30940647	      0.31774984	      0.32860477	      0.05593146	      0.07815371	      0.08086882	      0.06325637	      0.07434000	      0.05234039	      0.01820031	      0.02943583	      0.01231302	      0.19505728	      0.11020672	      0.10541006	      0.30226229	      0.06641787	      0.11405001	      0.53768024	      0.14041499	      0.31316010	      0.35760815	      0.23063222	      0.53818749	      0.24574334	      0.23718383	      0.28661245	      0.30393284	      0.28038330	      0.03911321	      0.11572367	      0.09102516	      0.30264576	      0.04959813	      0.04564312	      0.37202127	      0.11246696	      0.37320079	      0.33547274	      0.35310088	      0.33080783	      0.39213561	      0.40721402	      0.05454758	      0.07551869	      0.07745989	      0.06230423	      0.07301243	      0.05121347	      0.01767033	      0.02848888	      0.01039905	      0.18143239	      0.10774376	      0.11589489	      0.32099229	      0.07210702	      0.11187527	      0.43027529	      0.13318945	      0.36050242	      0.42284428	      0.26243438	      0.46065934	      0.23742417	      0.25383067	      0.22183478	      0.23930103	      0.21788682
      5.51500000	      0.04146075	      0.15184033	      0.10039006	      0.31651544	      0.05412171	      0.04775336	      0.33018844	      0.11984787	      0.37419897	      0.33888463	      0.33384027	      0.30940649	      0.31776109	      0.32862213	      0.05593146	      0.07815371	      0.08086882	      0.06325637	      0.07434000	      0.05234039	      0.01820031	      0.02943583	      0.01221209	      0.19505728	      0.11020672	      0.10541007	      0.30226230	      0.06636037	      0.11405001	      0.53786795	      0.14041499	      0.31292514	      0.35733003	      0.23063228	      0.53831148	      0.24574329	      0.23718384	      0.28659942	      0.30392063	      0.28037089	      0.03911321	      0.11600897	      0.09102516	      0.30221693	      0.04959813	      0.04564312	      0.37178586	      0.11246696	      0.37328180	      0.33555959	      0.35308445	      0.33077851	      0.39219319	      0.40725683	      0.05454758	      0.07551869	      0.07745989	      0.06230423	      0.07301243	      0.05121347	      0.01767033	      0.02848888	      0.01033764	      0.18143239	      0.10774376	      0.11588161	      0.32097193	      0.07199857	      0.11187527	      0.43035497	      0.13318945	      0.36038408	      0.42269425	      0.26234781	      0.46100043	      0.23752136	      0.25381182	      0.22157362	      0.23902934	      0.21763087
      5.52000000	      0.04146075	      0.15204569	      0.10039006	      0.31625786	      0.05412171	      0.04775336	      0.32993875	      0.11984787	      0.37419813	      0.33888373	      0.33384057	      0.30940695	      0.31777248	      0.32863912	      0.05593146	      0.07815371	      0.08086882	      0.06325637	      0.07434000	      0.05234039	      0.01820031	      0.02943583	      0.01211077	      0.19505728	      0.11020672	      0.10541028	      0.30226259	      0.06630369	      0.11405001	      0.53805083	      0.14041499	      0.31269563	      0.35705899	      0.23063338	      0.53842750	      0.24574231	      0.23718416	      0.28658744	      0.30390941	      0.28035948	      0.03911321	      0.11629505	      0.09102516	      0.30179816	      0.04959813	      0.04564312	      0.37155116	      0.11246696	      0.37335703	      0.33564023	      0.35306914	      0.33075122	      0.39225217	      0.40730102	      0.05454758	      0.07551869	      0.07745989	      0.06230423	      0.07301243	      0.05121347	      0.01767033	      0.02848888	      0.01027614	      0.18143239	      0.10774376	      0.11586925	      0.32095300	      0.07188989	      0.11187527	      0.43043599	      0.13318945	      0.36026373	      0.42254245	      0.26226732	      0.46133429	      0.23761160	      0.25379428	      0.22132053	      0.23876592	      0.21738270
      5.52500000	      0.04146075	      0.15225238	      0.10039006	      0.31600933	      0.05412171	      0.04775336	      0.32969611	      0.11984787	      0.37419630	      0.33888179	      0.33384121	      0.30940795	      0.31778426	      0.32865595	      0.05593146	      0.07815371	      0.08086882	      0.06325637	      0.07434000	      0.05234039	      0.01820031	      0.02943583	      0.01200917	      0.19505728	      0.11020672	      0.10541072	      0.30226322	      0.06624762	      0.11405001	      0.53822862	      0.14041499	      0.31247195	      0.35679545	      0.23063575	      0.53853564	      0.24574021	      0.23718483	      0.28657648	      0.30389914	      0.28034906	      0.03911321	      0.11658083	      0.09102516	      0.30138958	      0.04959813	      0.04564312	      0.37131765	      0.11246696	      0.37342666	      0.33571487	      0.35305494	      0.33072593	      0.39231233	      0.40734645	      0.05454758	      0.07551869	      0.07745989	      0.06230423	      0.07301243	      0.05121347	      0.01767033	      0.02848888	      0.01021462	      0.18143239	      0.10774376	      0.11585780	      0.32093546	      0.07178136	      0.11187527	      0.43051819	      0.13318945	      0.36014167	      0.42238921	      0.26219276	      0.46166049	      0.23769511	      0.25377801	      0.22107563	      0.23851091	      0.21714244
      5.53000000	      0.04146075	      0.15246017	      0.10039006	      0.31577020	      0.05412171	      0.04775336	      0.32946081	      0.11984787	      0.37419331	      0.33887861	      0.33384227	      0.30940958	      0.31779666	      0.32867289	      0.05593146	      0.07815371	      0.08086882	      0.06325637	      0.07434000	      0.05234039	      0.01820031	      0.02943583	      0.01190741	      0.19505728	      0.11020672	      0.10541145	      0.30226425	      0.06619192	      0.11405001	      0.53840111	      0.14041499	      0.31225443	      0.35653981	      0.23063964	      0.53863598	      0.24573676	      0.23718594	      0.28656654	      0.30388983	      0.28033959	      0.03911321	      0.11686518	      0.09102516	      0.30099119	      0.04959813	      0.04564312	      0.37108575	      0.11246696	      0.37349086	      0.33578370	      0.35304181	      0.33070255	      0.39237346	      0.40739293	      0.05454758	      0.07551869	      0.07745989	      0.06230423	      0.07301243	      0.05121347	      0.01767033	      0.02848888	      0.01015317	      0.18143239	      0.10774376	      0.11584721	      0.32091926	      0.07167338	      0.11187527	      0.43060145	      0.13318945	      0.36001816	      0.42223480	      0.26212393	      0.46197869	      0.23777213	      0.25376297	      0.22083901	      0.23826444	      0.21691019
      5.53500000	      0.04146075	      0.15266884	      0.10039006	      0.31554083	      0.05412171	      0.04775336	      0.32923311	      0.11984787	      0.37418899	      0.33887401	      0.33384380	      0.30941195	      0.31780992	      0.32869015	      0.05593146	      0.07815371	      0.08086882	      0.06325637	      0.07434000	      0.05234039	      0.01820031	      0.02943583	      0.01180556	      0.19505728	      0.11020672	      0.10541251	      0.30226574	      0.06613637	      0.11405001	      0.53856807	      0.14041499	      0.31204336	      0.35629244	      0.23064527	      0.53872857	      0.24573177	      0.23718755	      0.28655760	      0.30388145	      0.28033107	      0.03911321	      0.11714698	      0.09102516	      0.30060293	      0.04959813	      0.04564312	      0.37085584	      0.11246696	      0.37354988	      0.33584696	      0.35302971	      0.33068104	      0.39243534	      0.40744031	      0.05454758	      0.07551869	      0.07745989	      0.06230423	      0.07301243	      0.05121347	      0.01767033	      0.02848888	      0.01009189	      0.18143239	      0.10774376	      0.11583747	      0.32090436	      0.07156639	      0.11187527	      0.43068568	      0.13318945	      0.35989345	      0.42207945	      0.26206061	      0.46228858	      0.23784291	      0.25374913	      0.22061072	      0.23802657	      0.21668602
      5.54000000	      0.04146075	      0.15287820	      0.10039006	      0.31532152	      0.05412171	      0.04775336	      0.32901327	      0.11984787	      0.37418318	      0.33886782	      0.33384586	      0.30941512	      0.31782426	      0.32870796	      0.05593146	      0.07815371	      0.08086882	      0.06325637	      0.07434000	      0.05234039	      0.01820031	      0.02943583	      0.01170372	      0.19505728	      0.11020672	      0.10541393	      0.30226775	      0.06608081	      0.11405001	      0.53872931	      0.14041499	      0.31183906	      0.35605368	      0.23065284	      0.53881347	      0.24572506	      0.23718971	      0.28654962	      0.30387398	      0.28032348	      0.03911321	      0.11742514	      0.09102516	      0.30022469	      0.04959813	      0.04564312	      0.37062831	      0.11246696	      0.37360393	      0.33590490	      0.35301861	      0.33066131	      0.39249773	      0.40748837	      0.05454758	      0.07551869	      0.07745989	      0.06230423	      0.07301243	      0.05121347	      0.01767033	      0.02848888	      0.01003089	      0.18143239	      0.10774376	      0.11582854	      0.32089069	      0.07146081	      0.11187527	      0.43077079	      0.13318945	      0.35976777	      0.42192338	      0.26200256	      0.46258987	      0.23790773	      0.25373642	      0.22039080	      0.23779736	      0.21646997
      5.54500000	      0.04146075	      0.15308799	      0.10039006	      0.31511255	      0.05412171	      0.04775336	      0.32880154	      0.11984787	      0.37417574	      0.33885989	      0.33384849	      0.30941919	      0.31783987	      0.32872653	      0.05593146	      0.07815371	      0.08086882	      0.06325637	      0.07434000	      0.05234039	      0.01820031	      0.02943583	      0.01160197	      0.19505728	      0.11020672	      0.10541575	      0.30227032	      0.06602508	      0.11405001	      0.53888464	      0.14041499	      0.31164179	      0.35582386	      0.23066254	      0.53889072	      0.24571647	      0.23719247	      0.28654260	      0.30386740	      0.28031679	      0.03911321	      0.11769859	      0.09102516	      0.29985638	      0.04959813	      0.04564312	      0.37040351	      0.11246696	      0.37365327	      0.33595779	      0.35300845	      0.33064327	      0.39256040	      0.40753692	      0.05454758	      0.07551869	      0.07745989	      0.06230423	      0.07301243	      0.05121347	      0.01767033	      0.02848888	      0.00997030	      0.18143239	      0.10774376	      0.11582037	      0.32087820	      0.07135709	      0.11187527	      0.43085668	      0.13318945	      0.35964133	      0.42176680	      0.26194954	      0.46288232	      0.23796690	      0.25372481	      0.22017928	      0.23757685	      0.21626208
      5.55000000	      0.04146075	      0.15329793	      0.10039006	      0.31491418	      0.05412171	      0.04775336	      0.32859817	      0.11984787	      0.37416654	      0.33885009	      0.33385174	      0.30942422	      0.31785694	      0.32874603	      0.05593146	      0.07815371	      0.08086882	      0.06325637	      0.07434000	      0.05234039	      0.01820031	      0.02943583	      0.01150043	      0.19505728	      0.11020672	      0.10541799	      0.30227349	      0.06596909	      0.11405001	      0.53903385	      0.14041499	      0.31145183	      0.35560331	      0.23067452	      0.53896034	      0.24570585	      0.23719588	      0.28653649	      0.30386168	      0.28031098	      0.03911321	      0.11796633	      0.09102516	      0.29949789	      0.04959813	      0.04564312	      0.37018179	      0.11246696	      0.37369815	      0.33600589	      0.35299920	      0.33062684	      0.39262308	      0.40758573	      0.05454758	      0.07551869	      0.07745989	      0.06230423	      0.07301243	      0.05121347	      0.01767033	      0.02848888	      0.00991022	      0.18143239	      0.10774376	      0.11581293	      0.32086683	      0.07125566	      0.11187527	      0.43094327	      0.13318945	      0.35951435	      0.42160993	      0.26190128	      0.46316567	      0.23802072	      0.25371423	      0.21997619	      0.23736508	      0.21606239
      5.55500000	      0.04146075	      0.15350768	      0.10039006	      0.31472663	      0.05412171	      0.04775336	      0.32840342	      0.11984787	      0.37415549	      0.33883833	      0.33385565	      0.30943026	      0.31787560	      0.32876663	      0.05593146	      0.07815371	      0.08086882	      0.06325637	      0.07434000	      0.05234039	      0.01820031	      0.02943583	      0.01139921	      0.19505728	      0.11020672	      0.10542069	      0.30227730	      0.06591283	      0.11405001	      0.53917677	      0.14041499	      0.31126946	      0.35539232	      0.23068891	      0.53902236	      0.24569310	      0.23719998	      0.28653128	      0.30385680	      0.28030602	      0.03911321	      0.11822744	      0.09102516	      0.29914916	      0.04959813	      0.04564312	      0.36996351	      0.11246696	      0.37373882	      0.33604949	      0.35299080	      0.33061194	      0.39268550	      0.40763457	      0.05454758	      0.07551869	      0.07745989	      0.06230423	      0.07301243	      0.05121347	      0.01767033	      0.02848888	      0.00985079	      0.18143239	      0.10774376	      0.11580618	      0.32085652	      0.07115694	      0.11187527	      0.43103046	      0.13318945	      0.35938706	      0.42145298	      0.26185751	      0.46343966	      0.23806949	      0.25370463	      0.21978156	      0.23716211	      0.21587094
      5.56000000	      0.04146075	      0.15371684	      0.10039006	      0.31455011	      0.05412171	      0.04775336	      0.32821756	      0.11984787	      0.37414252	      0.33882451	      0.33386024	      0.30943735	      0.31789597	      0.32878843	      0.05593146	      0.07815371	      0.08086882	      0.06325637	      0.07434000	      0.05234039	      0.01820031	      0.02943583	      0.01129849	      0.19505728	      0.11020672	      0.10542386	      0.30228177	      0.06585632	      0.11405001	      0.53931319	      0.14041499	      0.31109493	      0.35519119	      0.23070579	      0.53907678	      0.24567813	      0.23720479	      0.28652694	      0.30385273	      0.28030189	      0.03911321	      0.11848106	      0.09102516	      0.29881020	      0.04959813	      0.04564312	      0.36974902	      0.11246696	      0.37377554	      0.33608885	      0.35298321	      0.33059847	      0.39274739	      0.40763902	      0.05454758	      0.07551869	      0.07745989	      0.06230423	      0.07301243	      0.05121347	      0.01767033	      0.02848888	      0.00979211	      0.18143239	      0.10774376	      0.11580009	      0.32084720	      0.07106129	      0.11187527	      0.43111815	      0.13318945	      0.35925969	      0.42129620	      0.26181797	      0.46370408	      0.23811352	      0.25369595	      0.21959543	      0.23696799	      0.21568780
      5.56500000	      0.04146075	      0.15392497	      0.10039006	      0.31438477	      0.05412171	      0.04775336	      0.32804082	      0.11984787	      0.37412760	      0.33880861	      0.33386551	      0.30944550	      0.31791812	      0.32881154	      0.05593146	      0.07815371	      0.08086882	      0.06325637	      0.07434000	      0.05234039	      0.01820031	      0.02943583	      0.01119841	      0.19505728	      0.11020672	      0.10542750	      0.30228691	      0.06579967	      0.11405001	      0.53944295	      0.14041499	      0.31092850	      0.35500018	      0.23072523	      0.53912360	      0.24566089	      0.23721033	      0.28652344	      0.30384945	      0.28029855	      0.03911321	      0.11872648	      0.09102516	      0.29848104	      0.04959813	      0.04564312	      0.36953866	      0.11246696	      0.37380855	      0.33612423	      0.35297637	      0.33058636	      0.39280849	      0.40763899	      0.05454758	      0.07551869	      0.07745989	      0.06230423	      0.07301243	      0.05121347	      0.01767033	      0.02848888	      0.00973431	      0.18143239	      0.10774376	      0.11579460	      0.32083882	      0.07096908	      0.11187527	      0.43120624	      0.13318945	      0.35913246	      0.42113982	      0.26178242	      0.46395871	      0.23815310	      0.25368814	      0.21941787	      0.23678278	      0.21551302
      5.57000000	      0.04146075	      0.15413156	      0.10039006	      0.31423072	      0.05412171	      0.04775336	      0.32787347	      0.11984787	      0.37411071	      0.33879062	      0.33387147	      0.30945472	      0.31794209	      0.32883598	      0.05593146	      0.07815371	      0.08086882	      0.06325637	      0.07434000	      0.05234039	      0.01820031	      0.02943583	      0.01109919	      0.19505728	      0.11020672	      0.10543163	      0.30229273	      0.06574306	      0.11405001	      0.53956587	      0.14041499	      0.31077038	      0.35481954	      0.23074722	      0.53916282	      0.24564139	      0.23721659	      0.28652074	      0.30384692	      0.28029598	      0.03911321	      0.11896308	      0.09102516	      0.29816178	      0.04959813	      0.04564312	      0.36933274	      0.11246696	      0.37383807	      0.33615587	      0.35297026	      0.33057551	      0.39286855	      0.40764072	      0.05454758	      0.07551869	      0.07745989	      0.06230423	      0.07301243	      0.05121347	      0.01767033	      0.02848888	      0.00967752	      0.18143239	      0.10774376	      0.11578969	      0.32083133	      0.07088058	      0.11187527	      0.43129462	      0.13318945	      0.35900560	      0.42098410	      0.26175061	      0.46420338	      0.23818849	      0.25368116	      0.21924895	      0.23660657	      0.21534669
      5.57500000	      0.04146075	      0.15433608	      0.10039006	      0.31408806	      0.05412171	      0.04775336	      0.32771572	      0.11984787	      0.37409188	      0.33877057	      0.33387812	      0.30946499	      0.31796785	      0.32886177	      0.05593146	      0.07815371	      0.08086882	      0.06325637	      0.07434000	      0.05234039	      0.01820031	      0.02943583	      0.01100102	      0.19505728	      0.11020672	      0.10543622	      0.30229921	      0.06568673	      0.11405001	      0.53968182	      0.14041499	      0.31062077	      0.35464946	      0.23077172	      0.53919444	      0.24561965	      0.23722356	      0.28651882	      0.30384513	      0.28029415	      0.03911321	      0.11919037	      0.09102516	      0.29785257	      0.04959813	      0.04564312	      0.36913156	      0.11246696	      0.37386430	      0.33618399	      0.35296481	      0.33056587	      0.39292729	      0.40764399	      0.05454758	      0.07551869	      0.07745989	      0.06230423	      0.07301243	      0.05121347	      0.01767033	      0.02848888	      0.00962185	      0.18143239	      0.10774376	      0.11578532	      0.32082466	      0.07079605	      0.11187527	      0.43138319	      0.13318945	      0.35887934	      0.42082927	      0.26172232	      0.46443794	      0.23821994	      0.25367494	      0.21908874	      0.23643945	      0.21518889
      5.58000000	      0.04146075	      0.15453799	      0.10039006	      0.31395678	      0.05412171	      0.04775336	      0.32756779	      0.11984787	      0.37407119	      0.33874853	      0.33388542	      0.30947628	      0.31799535	      0.32888886	      0.05593146	      0.07815371	      0.08086882	      0.06325637	      0.07434000	      0.05234039	      0.01820031	      0.02943583	      0.01090413	      0.19505728	      0.11020672	      0.10544126	      0.30230633	      0.06563095	      0.11405001	      0.53979065	      0.14041499	      0.31047985	      0.35449011	      0.23079866	      0.53921845	      0.24559575	      0.23723123	      0.28651765	      0.30384403	      0.28029304	      0.03911321	      0.11940799	      0.09102516	      0.29755360	      0.04959813	      0.04564312	      0.36893537	      0.11246696	      0.37388744	      0.33620879	      0.35296001	      0.33055735	      0.39298453	      0.40764865	      0.05454758	      0.07551869	      0.07745989	      0.06230423	      0.07301243	      0.05121347	      0.01767033	      0.02848888	      0.00956743	      0.18143239	      0.10774376	      0.11578147	      0.32081878	      0.07071564	      0.11187527	      0.43147185	      0.13318945	      0.35875389	      0.42067559	      0.26169737	      0.46466232	      0.23824768	      0.25366945	      0.21893734	      0.23628150	      0.21503972
      5.58500000	      0.04146075	      0.15473670	      0.10039006	      0.31383689	      0.05412171	      0.04775336	      0.32742986	      0.11984787	      0.37404872	      0.33872460	      0.33389334	      0.30948853	      0.31802449	      0.32891717	      0.05593146	      0.07815371	      0.08086882	      0.06325637	      0.07434000	      0.05234039	      0.01820031	      0.02943583	      0.01080875	      0.19505728	      0.11020672	      0.10544674	      0.30231406	      0.06557608	      0.11405001	      0.53989226	      0.14041499	      0.31034776	      0.35434162	      0.23082789	      0.53923487	      0.24556981	      0.23723954	      0.28651720	      0.30384361	      0.28029261	      0.03911321	      0.11961569	      0.09102516	      0.29726511	      0.04959813	      0.04564312	      0.36874443	      0.11246696	      0.37390764	      0.33623045	      0.35295581	      0.33054992	      0.39304003	      0.40765453	      0.05454758	      0.07551869	      0.07745989	      0.06230423	      0.07301243	      0.05121347	      0.01767033	      0.02848888	      0.00951437	      0.18143239	      0.10774376	      0.11577810	      0.32081364	      0.07063949	      0.11187527	      0.43156052	      0.13318945	      0.35862947	      0.42052332	      0.26167557	      0.46487648	      0.23827190	      0.25366466	      0.21879483	      0.23613284	      0.21489928
      5.59000000	      0.04146075	      0.15493164	      0.10039006	      0.31372831	      0.05412171	      0.04775336	      0.32730209	      0.11984787	      0.37402462	      0.33869893	      0.33390183	      0.30950166	      0.31805513	      0.32894658	      0.05593146	      0.07815371	      0.08086882	      0.06325637	      0.07434000	      0.05234039	      0.01820031	      0.02943583	      0.01071512	      0.19505728	      0.11020672	      0.10545261	      0.30232235	      0.06552249	      0.11405001	      0.53998657	      0.14041499	      0.31022462	      0.35420409	      0.23085924	      0.53924370	      0.24554197	      0.23724845	      0.28651743	      0.30384383	      0.28029283	      0.03911321	      0.11981335	      0.09102516	      0.29698735	      0.04959813	      0.04564312	      0.36855892	      0.11246696	      0.37392507	      0.33624913	      0.35295218	      0.33054350	      0.39309362	      0.40766151	      0.05454758	      0.07551869	      0.07745989	      0.06230423	      0.07301243	      0.05121347	      0.01767033	      0.02848888	      0.00946278	      0.18143239	      0.10774376	      0.11577520	      0.32080920	      0.07056764	      0.11187527	      0.43164909	      0.13318945	      0.35850627	      0.42037270	      0.26165677	      0.46508044	      0.23829279	      0.25366052	      0.21866129	      0.23599354	      0.21476764
      5.59500000	      0.04146075	      0.15512223	      0.10039006	      0.31363092	      0.05412171	      0.04775336	      0.32718462	      0.11984787	      0.37399903	      0.33867168	      0.33391083	      0.30951559	      0.31808709	      0.32897694	      0.05593146	      0.07815371	      0.08086882	      0.06325637	      0.07434000	      0.05234039	      0.01820031	      0.02943583	      0.01062347	      0.19505728	      0.11020672	      0.10545883	      0.30233115	      0.06547057	      0.11405001	      0.54007351	      0.14041499	      0.31011049	      0.35407755	      0.23089252	      0.53924497	      0.24551242	      0.23725791	      0.28651832	      0.30384466	      0.28029368	      0.03911321	      0.12000093	      0.09102516	      0.29672061	      0.04959813	      0.04564312	      0.36837902	      0.11246696	      0.37393985	      0.33626497	      0.35294911	      0.33053805	      0.39314512	      0.40766945	      0.05454758	      0.07551869	      0.07745989	      0.06230423	      0.07301243	      0.05121347	      0.01767033	      0.02848888	      0.00941277	      0.18143239	      0.10774376	      0.11577273	      0.32080544	      0.07050010	      0.11187527	      0.43173747	      0.13318945	      0.35838451	      0.42022398	      0.26164081	      0.46527426	      0.23831051	      0.25365701	      0.21853682	      0.23586368	      0.21464491
      5.60000000	      0.04146075	      0.15530788	      0.10039006	      0.31354457	      0.05412171	      0.04775336	      0.32707752	      0.11984787	      0.37397215	      0.33864304	      0.33392029	      0.30953022	      0.31812018	      0.32900808	      0.05593146	      0.07815371	      0.08086882	      0.06325637	      0.07434000	      0.05234039	      0.01820031	      0.02943583	      0.01053405	      0.19505728	      0.11020672	      0.10546537	      0.30234039	      0.06542074	      0.11405001	      0.54015305	      0.14041499	      0.31000543	      0.35396202	      0.23092748	      0.53923875	      0.24548136	      0.23726784	      0.28651982	      0.30384606	      0.28029511	      0.03911321	      0.12017853	      0.09102516	      0.29646516	      0.04959813	      0.04564312	      0.36820488	      0.11246696	      0.37395210	      0.33627811	      0.35294655	      0.33053354	      0.39319439	      0.40767826	      0.05454758	      0.07551869	      0.07745989	      0.06230423	      0.07301243	      0.05121347	      0.01767033	      0.02848888	      0.00936441	      0.18143239	      0.10774376	      0.11577069	      0.32080232	      0.07043680	      0.11187527	      0.43182559	      0.13318945	      0.35826437	      0.42007739	      0.26162758	      0.46545805	      0.23832520	      0.25365410	      0.21842145	      0.23574334	      0.21453113
      5.60500000	      0.04146075	      0.15548804	      0.10039006	      0.31346902	      0.05412171	      0.04775336	      0.32698084	      0.11984787	      0.37394415	      0.33861322	      0.33393013	      0.30954544	      0.31815419	      0.32903982	      0.05593146	      0.07815371	      0.08086882	      0.06325637	      0.07434000	      0.05234039	      0.01820031	      0.02943583	      0.01044709	      0.19505728	      0.11020672	      0.10547218	      0.30235000	      0.06537343	      0.11405001	      0.54022520	      0.14041499	      0.30990942	      0.35385743	      0.23096388	      0.53922513	      0.24544902	      0.23727817	      0.28652191	      0.30384802	      0.28029709	      0.03911321	      0.12034630	      0.09102516	      0.29622128	      0.04959813	      0.04564312	      0.36803660	      0.11246696	      0.37396194	      0.33628865	      0.35294451	      0.33052991	      0.39324131	      0.40768785	      0.05454758	      0.07551869	      0.07745989	      0.06230423	      0.07301243	      0.05121347	      0.01767033	      0.02848888	      0.00931779	      0.18143239	      0.10774376	      0.11576905	      0.32079981	      0.07037764	      0.11187527	      0.43191334	      0.13318945	      0.35814602	      0.41993316	      0.26161696	      0.46563194	      0.23833700	      0.25365176	      0.21831523	      0.23563254	      0.21442635
      5.61000000	      0.04146075	      0.15566214	      0.10039006	      0.31340401	      0.05412171	      0.04775336	      0.32689457	      0.11984787	      0.37391523	      0.33858241	      0.33394028	      0.30956116	      0.31818891	      0.32907196	      0.05593146	      0.07815371	      0.08086882	      0.06325637	      0.07434000	      0.05234039	      0.01820031	      0.02943583	      0.01036284	      0.19505728	      0.11020672	      0.10547921	      0.30235993	      0.06532907	      0.11405001	      0.54028998	      0.14041499	      0.30982242	      0.35376367	      0.23100147	      0.53920424	      0.24541560	      0.23728883	      0.28652453	      0.30385048	      0.28029959	      0.03911321	      0.12050450	      0.09102516	      0.29598920	      0.04959813	      0.04564312	      0.36787426	      0.11246696	      0.37396946	      0.33629671	      0.35294294	      0.33052714	      0.39328578	      0.40769813	      0.05454758	      0.07551869	      0.07745989	      0.06230423	      0.07301243	      0.05121347	      0.01767033	      0.02848888	      0.00927294	      0.18143239	      0.10774376	      0.11576779	      0.32079790	      0.07032248	      0.11187527	      0.43200065	      0.13318945	      0.35802964	      0.41979151	      0.26160884	      0.46579611	      0.23834601	      0.25364997	      0.21821816	      0.23553130	      0.21433059
      5.61500000	      0.04146075	      0.15582963	      0.10039006	      0.31334920	      0.05412171	      0.04775336	      0.32681865	      0.11984787	      0.37388558	      0.33855082	      0.33395068	      0.30957726	      0.31822412	      0.32910434	      0.05593146	      0.07815371	      0.08086882	      0.06325637	      0.07434000	      0.05234039	      0.01820031	      0.02943583	      0.01028153	      0.19505728	      0.11020672	      0.10548640	      0.30237010	      0.06528808	      0.11405001	      0.54034749	      0.14041499	      0.30974434	      0.35368060	      0.23104000	      0.53917627	      0.24538134	      0.23729976	      0.28652766	      0.30385340	      0.28030257	      0.03911321	      0.12065345	      0.09102516	      0.29576914	      0.04959813	      0.04564312	      0.36771790	      0.11246696	      0.37397476	      0.33630239	      0.35294183	      0.33052518	      0.39332774	      0.40770904	      0.05454758	      0.07551869	      0.07745989	      0.06230423	      0.07301243	      0.05121347	      0.01767033	      0.02848888	      0.00922990	      0.18143239	      0.10774376	      0.11576691	      0.32079655	      0.07027112	      0.11187527	      0.43208743	      0.13318945	      0.35791538	      0.41965264	      0.26160312	      0.46595075	      0.23835237	      0.25364871	      0.21813021	      0.23543957	      0.21424380
      5.62000000	      0.04146075	      0.15599001	      0.10039006	      0.31330420	      0.05412171	      0.04775336	      0.32675295	      0.11984787	      0.37385537	      0.33851864	      0.33396127	      0.30959365	      0.31825965	      0.32913680	      0.05593146	      0.07815371	      0.08086882	      0.06325637	      0.07434000	      0.05234039	      0.01820031	      0.02943583	      0.01020339	      0.19505728	      0.11020672	      0.10549373	      0.30238045	      0.06525087	      0.11405001	      0.54039783	      0.14041499	      0.30967504	      0.35360798	      0.23107924	      0.53914145	      0.24534642	      0.23731088	      0.28653123	      0.30385675	      0.28030597	      0.03911321	      0.12079352	      0.09102516	      0.29556123	      0.04959813	      0.04564312	      0.36756755	      0.11246696	      0.37397793	      0.33630579	      0.35294117	      0.33052401	      0.39336713	      0.40772052	      0.05454758	      0.07551869	      0.07745989	      0.06230423	      0.07301243	      0.05121347	      0.01767033	      0.02848888	      0.00918867	      0.18143239	      0.10774376	      0.11576638	      0.32079574	      0.07022336	      0.11187527	      0.43217360	      0.13318945	      0.35780338	      0.41951673	      0.26159969	      0.46609609	      0.23835617	      0.25364795	      0.21805130	      0.23535727	      0.21416593
      5.62500000	      0.04146075	      0.15614277	      0.10039006	      0.31326857	      0.05412171	      0.04775336	      0.32669731	      0.11984787	      0.37382476	      0.33848604	      0.33397198	      0.30961025	      0.31829532	      0.32916919	      0.05593146	      0.07815371	      0.08086882	      0.06325637	      0.07434000	      0.05234039	      0.01820031	      0.02943583	      0.01012864	      0.19505728	      0.11020672	      0.10550115	      0.30239094	      0.06521781	      0.11405001	      0.54044115	      0.14041499	      0.30961434	      0.35354553	      0.23111898	      0.53910006	      0.24531105	      0.23732214	      0.28653522	      0.30386049	      0.28030977	      0.03911321	      0.12092514	      0.09102516	      0.29536555	      0.04959813	      0.04564312	      0.36742319	      0.11246696	      0.37397907	      0.33630702	      0.35294093	      0.33052359	      0.39340393	      0.40773251	      0.05454758	      0.07551869	      0.07745989	      0.06230423	      0.07301243	      0.05121347	      0.01767033	      0.02848888	      0.00914922	      0.18143239	      0.10774376	      0.11576619	      0.32079545	      0.07017896	      0.11187527	      0.43225908	      0.13318945	      0.35769375	      0.41938394	      0.26159846	      0.46623237	      0.23835754	      0.25364768	      0.21798132	      0.23528428	      0.21409685
      5.63000000	      0.04146075	      0.15628749	      0.10039006	      0.31324181	      0.05412171	      0.04775336	      0.32665147	      0.11984787	      0.37379390	      0.33845317	      0.33398278	      0.30962696	      0.31833101	      0.32920142	      0.05593146	      0.07815371	      0.08086882	      0.06325637	      0.07434000	      0.05234039	      0.01820031	      0.02943583	      0.01005747	      0.19505728	      0.11020672	      0.10550863	      0.30240150	      0.06518925	      0.11405001	      0.54047766	      0.14041499	      0.30956198	      0.35349292	      0.23115905	      0.53905245	      0.24527538	      0.23733349	      0.28653957	      0.30386456	      0.28031391	      0.03911321	      0.12104877	      0.09102516	      0.29518211	      0.04959813	      0.04564312	      0.36728477	      0.11246696	      0.37397827	      0.33630616	      0.35294110	      0.33052389	      0.39343814	      0.40774493	      0.05454758	      0.07551869	      0.07745989	      0.06230423	      0.07301243	      0.05121347	      0.01767033	      0.02848888	      0.00911152	      0.18143239	      0.10774376	      0.11576632	      0.32079565	      0.07013769	      0.11187527	      0.43234380	      0.13318945	      0.35758658	      0.41925440	      0.26159932	      0.46635984	      0.23835658	      0.25364787	      0.21792007	      0.23522042	      0.21403639
      5.63500000	      0.04146075	      0.15642381	      0.10039006	      0.31322338	      0.05412171	      0.04775336	      0.32661514	      0.11984787	      0.37376291	      0.33842016	      0.33399361	      0.30964374	      0.31836658	      0.32923338	      0.05593146	      0.07815371	      0.08086882	      0.06325637	      0.07434000	      0.05234039	      0.01820031	      0.02943583	      0.00999004	      0.19505728	      0.11020672	      0.10551613	      0.30241211	      0.06516545	      0.11405001	      0.54050759	      0.14041499	      0.30951769	      0.35344975	      0.23119928	      0.53899898	      0.24523955	      0.23734487	      0.28654423	      0.30386893	      0.28031835	      0.03911321	      0.12116490	      0.09102516	      0.29501080	      0.04959813	      0.04564312	      0.36715219	      0.11246696	      0.37397563	      0.33630333	      0.35294165	      0.33052486	      0.39346979	      0.40775780	      0.05454758	      0.07551869	      0.07745989	      0.06230423	      0.07301243	      0.05121347	      0.01767033	      0.02848888	      0.00907550	      0.18143239	      0.10774376	      0.11576676	      0.32079633	      0.07009929	      0.11187527	      0.43242769	      0.13318945	      0.35748195	      0.41912820	      0.26160217	      0.46647881	      0.23835341	      0.25364850	      0.21786734	      0.23516543	      0.21398433
      5.64000000	      0.04146075	      0.15655146	      0.10039006	      0.31321274	      0.05412171	      0.04775336	      0.32658793	      0.11984787	      0.37373189	      0.33838711	      0.33400444	      0.30966053	      0.31840197	      0.32926502	      0.05593146	      0.07815371	      0.08086882	      0.06325637	      0.07434000	      0.05234039	      0.01820031	      0.02943583	      0.00992649	      0.19505728	      0.11020672	      0.10552363	      0.30242272	      0.06514663	      0.11405001	      0.54053121	      0.14041499	      0.30948112	      0.35341557	      0.23123954	      0.53894006	      0.24520368	      0.23735625	      0.28654917	      0.30387356	      0.28032305	      0.03911321	      0.12127402	      0.09102516	      0.29485143	      0.04959813	      0.04564312	      0.36702534	      0.11246696	      0.37397125	      0.33629863	      0.35294257	      0.33052648	      0.39349893	      0.40777100	      0.05454758	      0.07551869	      0.07745989	      0.06230423	      0.07301243	      0.05121347	      0.01767033	      0.02848888	      0.00904107	      0.18143239	      0.10774376	      0.11576749	      0.32079744	      0.07006351	      0.11187527	      0.43251071	      0.13318945	      0.35737989	      0.41900540	      0.26160691	      0.46658959	      0.23834815	      0.25364955	      0.21782285	      0.23511903	      0.21394040
      5.64500000	      0.04146075	      0.15667014	      0.10039006	      0.31320928	      0.05412171	      0.04775336	      0.32656945	      0.11984787	      0.37370095	      0.33835414	      0.33401523	      0.30967725	      0.31843704	      0.32929624	      0.05593146	      0.07815371	      0.08086882	      0.06325637	      0.07434000	      0.05234039	      0.01820031	      0.02943583	      0.00986694	      0.19505728	      0.11020672	      0.10553111	      0.30243329	      0.06513294	      0.11405001	      0.54054884	      0.14041499	      0.30945192	      0.35338991	      0.23127967	      0.53887622	      0.24516791	      0.23736760	      0.28655434	      0.30387840	      0.28032798	      0.03911321	      0.12137655	      0.09102516	      0.29470386	      0.04959813	      0.04564312	      0.36690422	      0.11246696	      0.37396522	      0.33629217	      0.35294382	      0.33052870	      0.39352565	      0.40778456	      0.05454758	      0.07551869	      0.07745989	      0.06230423	      0.07301243	      0.05121347	      0.01767033	      0.02848888	      0.00900819	      0.18143239	      0.10774376	      0.11576850	      0.32079898	      0.07003015	      0.11187527	      0.43259266	      0.13318945	      0.35728058	      0.41888620	      0.26161342	      0.46669240	      0.23834093	      0.25365098	      0.21778623	      0.23508085	      0.21390424
      5.65000000	      0.04146075	      0.15678001	      0.10039006	      0.31321239	      0.05412171	      0.04775336	      0.32655916	      0.11984787	      0.37367011	      0.33832129	      0.33402597	      0.30969391	      0.31847181	      0.32932708	      0.05593146	      0.07815371	      0.08086882	      0.06325637	      0.07434000	      0.05234039	      0.01820031	      0.02943583	      0.00981133	      0.19505728	      0.11020672	      0.10553856	      0.30244382	      0.06512441	      0.11405001	      0.54056087	      0.14041499	      0.30942961	      0.35337218	      0.23131967	      0.53880779	      0.24513224	      0.23737890	      0.28655972	      0.30388344	      0.28033309	      0.03911321	      0.12147318	      0.09102516	      0.29456744	      0.04959813	      0.04564312	      0.36678833	      0.11246696	      0.37395765	      0.33628405	      0.35294540	      0.33053149	      0.39355001	      0.40779822	      0.05454758	      0.07551869	      0.07745989	      0.06230423	      0.07301243	      0.05121347	      0.01767033	      0.02848888	      0.00897669	      0.18143239	      0.10774376	      0.11576976	      0.32080091	      0.06999891	      0.11187527	      0.43267377	      0.13318945	      0.35718370	      0.41877024	      0.26162159	      0.46678785	      0.23833185	      0.25365278	      0.21775713	      0.23505051	      0.21387551
      5.65500000	      0.04146075	      0.15688130	      0.10039006	      0.31322147	      0.05412171	      0.04775336	      0.32655658	      0.11984787	      0.37363937	      0.33828854	      0.33403667	      0.30971050	      0.31850634	      0.32935763	      0.05593146	      0.07815371	      0.08086882	      0.06325637	      0.07434000	      0.05234039	      0.01820031	      0.02943583	      0.00975954	      0.19505728	      0.11020672	      0.10554598	      0.30245432	      0.06512099	      0.11405001	      0.54056760	      0.14041499	      0.30941377	      0.35336186	      0.23135952	      0.53873514	      0.24509669	      0.23739015	      0.28656520	      0.30388857	      0.28033831	      0.03911321	      0.12156455	      0.09102516	      0.29444147	      0.04959813	      0.04564312	      0.36667710	      0.11246696	      0.37394863	      0.33627438	      0.35294728	      0.33053482	      0.39357209	      0.40781236	      0.05454758	      0.07551869	      0.07745989	      0.06230423	      0.07301243	      0.05121347	      0.01767033	      0.02848888	      0.00894642	      0.18143239	      0.10774376	      0.11577127	      0.32080320	      0.06996952	      0.11187527	      0.43275435	      0.13318945	      0.35708888	      0.41865707	      0.26163134	      0.46687655	      0.23832104	      0.25365492	      0.21773529	      0.23502774	      0.21385394
      5.66000000	      0.04146075	      0.15697389	      0.10039006	      0.31323587	      0.05412171	      0.04775336	      0.32656108	      0.11984787	      0.37360888	      0.33825606	      0.33404727	      0.30972694	      0.31854043	      0.32938768	      0.05593146	      0.07815371	      0.08086882	      0.06325637	      0.07434000	      0.05234039	      0.01820031	      0.02943583	      0.00971164	      0.19505728	      0.11020672	      0.10555333	      0.30246472	      0.06512257	      0.11405001	      0.54056954	      0.14041499	      0.30940387	      0.35335828	      0.23139905	      0.53865897	      0.24506142	      0.23740130	      0.28657083	      0.30389385	      0.28034368	      0.03911321	      0.12165088	      0.09102516	      0.29432578	      0.04959813	      0.04564312	      0.36657092	      0.11246696	      0.37393829	      0.33626330	      0.35294943	      0.33053863	      0.39359215	      0.40782676	      0.05454758	      0.07551869	      0.07745989	      0.06230423	      0.07301243	      0.05121347	      0.01767033	      0.02848888	      0.00891735	      0.18143239	      0.10774376	      0.11577299	      0.32080584	      0.06994186	      0.11187527	      0.43283374	      0.13318945	      0.35699671	      0.41854737	      0.26164249	      0.46695853	      0.23830865	      0.25365738	      0.21771992	      0.23501171	      0.21383876
      5.66500000	      0.04146075	      0.15705833	      0.10039006	      0.31325499	      0.05412171	      0.04775336	      0.32657201	      0.11984787	      0.37357861	      0.33822381	      0.33405779	      0.30974326	      0.31857415	      0.32941734	      0.05593146	      0.07815371	      0.08086882	      0.06325637	      0.07434000	      0.05234039	      0.01820031	      0.02943583	      0.00966738	      0.19505728	      0.11020672	      0.10556063	      0.30247504	      0.06512890	      0.11405001	      0.54056710	      0.14041499	      0.30939935	      0.35336078	      0.23143828	      0.53857964	      0.24502641	      0.23741236	      0.28657657	      0.30389922	      0.28034913	      0.03911321	      0.12173283	      0.09102516	      0.29421941	      0.04959813	      0.04564312	      0.36646911	      0.11246696	      0.37392675	      0.33625093	      0.35295183	      0.33054288	      0.39361030	      0.40784138	      0.05454758	      0.07551869	      0.07745989	      0.06230423	      0.07301243	      0.05121347	      0.01767033	      0.02848888	      0.00888934	      0.18143239	      0.10774376	      0.11577492	      0.32080877	      0.06991567	      0.11187527	      0.43291227	      0.13318945	      0.35690673	      0.41844059	      0.26165495	      0.46703454	      0.23829481	      0.25366012	      0.21771057	      0.23500196	      0.21382952
      5.67000000	      0.04146075	      0.15713530	      0.10039006	      0.31327823	      0.05412171	      0.04775336	      0.32659258	      0.11984787	      0.37354853	      0.33819176	      0.33406823	      0.30975946	      0.31861081	      0.32945166	      0.05593146	      0.07815371	      0.08086882	      0.06325637	      0.07434000	      0.05234039	      0.01820031	      0.02943583	      0.00962644	      0.19505728	      0.11020672	      0.10556787	      0.30248529	      0.06513965	      0.11405001	      0.54055697	      0.14041499	      0.30940397	      0.35337413	      0.23147725	      0.53849709	      0.24499160	      0.23742335	      0.28657865	      0.30390117	      0.28035112	      0.03911321	      0.12181106	      0.09102516	      0.29412136	      0.04959813	      0.04564312	      0.36636905	      0.11246696	      0.37391412	      0.33623739	      0.35295446	      0.33054753	      0.39362537	      0.40785574	      0.05454758	      0.07551869	      0.07745989	      0.06230423	      0.07301243	      0.05121347	      0.01767033	      0.02848888	      0.00886220	      0.18143239	      0.10774376	      0.11577702	      0.32081199	      0.06989072	      0.11187527	      0.43299288	      0.13318945	      0.35681609	      0.41833335	      0.26166858	      0.46710619	      0.23827967	      0.25366312	      0.21770917	      0.23500050	      0.21382815
      5.67500000	      0.04146075	      0.15720522	      0.10039006	      0.31330490	      0.05412171	      0.04775336	      0.32661038	      0.11984787	      0.37351874	      0.33816001	      0.33407857	      0.30977549	      0.31864057	      0.32947555	      0.05593146	      0.07815371	      0.08086882	      0.06325637	      0.07434000	      0.05234039	      0.01820031	      0.02943583	      0.00958864	      0.19505728	      0.11020672	      0.10557504	      0.30249544	      0.06515435	      0.11405001	      0.54055105	      0.14041499	      0.30940411	      0.35338129	      0.23151584	      0.53841330	      0.24495713	      0.23743422	      0.28658824	      0.30391015	      0.28036025	      0.03911321	      0.12188579	      0.09102516	      0.29403104	      0.04959813	      0.04564312	      0.36627692	      0.11246696	      0.37390057	      0.33622288	      0.35295728	      0.33055252	      0.39364166	      0.40787118	      0.05454758	      0.07551869	      0.07745989	      0.06230423	      0.07301243	      0.05121347	      0.01767033	      0.02848888	      0.00883592	      0.18143239	      0.10774376	      0.11577928	      0.32081543	      0.06986690	      0.11187527	      0.43306697	      0.13318945	      0.35673263	      0.41823481	      0.26168320	      0.46717105	      0.23826343	      0.25366633	      0.21770744	      0.23499870	      0.21382644
      5.68000000	      0.04146075	      0.15726936	      0.10039006	      0.31333453	      0.05412171	      0.04775336	      0.32664033	      0.11984787	      0.37348906	      0.33812839	      0.33408885	      0.30979145	      0.31867670	      0.32950938	      0.05593146	      0.07815371	      0.08086882	      0.06325637	      0.07434000	      0.05234039	      0.01820031	      0.02943583	      0.00955338	      0.19505728	      0.11020672	      0.10558218	      0.30250554	      0.06517254	      0.11405001	      0.54053456	      0.14041499	      0.30941660	      0.35340345	      0.23155427	      0.53832657	      0.24492278	      0.23744504	      0.28659031	      0.30391210	      0.28036222	      0.03911321	      0.12195799	      0.09102516	      0.29394686	      0.04959813	      0.04564312	      0.36618805	      0.11246696	      0.37388620	      0.33620746	      0.35296026	      0.33055781	      0.39365703	      0.40788691	      0.05454758	      0.07551869	      0.07745989	      0.06230423	      0.07301243	      0.05121347	      0.01767033	      0.02848888	      0.00881021	      0.18143239	      0.10774376	      0.11578168	      0.32081909	      0.06984390	      0.11187527	      0.43313995	      0.13318945	      0.35665112	      0.41813881	      0.26169871	      0.46723182	      0.23824619	      0.25366975	      0.21770913	      0.23500046	      0.21382811
      5.68500000	      0.04146075	      0.15732833	      0.10039006	      0.31336638	      0.05412171	      0.04775336	      0.32666571	      0.11984787	      0.37345964	      0.33809705	      0.33409903	      0.30980726	      0.31870584	      0.32953259	      0.05593146	      0.07815371	      0.08086882	      0.06325637	      0.07434000	      0.05234039	      0.01820031	      0.02943583	      0.00952040	      0.19505728	      0.11020672	      0.10558925	      0.30251554	      0.06519351	      0.11405001	      0.54052357	      0.14041499	      0.30942303	      0.35341760	      0.23159235	      0.53823949	      0.24488873	      0.23745576	      0.28660008	      0.30392125	      0.28037152	      0.03911321	      0.12202776	      0.09102516	      0.29386818	      0.04959813	      0.04564312	      0.36609669	      0.11246696	      0.37387121	      0.33619140	      0.35296338	      0.33056332	      0.39366788	      0.40790153	      0.05454758	      0.07551869	      0.07745989	      0.06230423	      0.07301243	      0.05121347	      0.01767033	      0.02848888	      0.00878511	      0.18143239	      0.10774376	      0.11578417	      0.32082290	      0.06982167	      0.11187527	      0.43321910	      0.13318945	      0.35656474	      0.41803730	      0.26171487	      0.46729140	      0.23822823	      0.25367330	      0.21772042	      0.23501224	      0.21383926
      5.69000000	      0.04146075	      0.15738355	      0.10039006	      0.31340001	      0.05412171	      0.04775336	      0.32669772	      0.11984787	      0.37343031	      0.33806579	      0.33410917	      0.30982301	      0.31873817	      0.32956079	      0.05593146	      0.07815371	      0.08086882	      0.06325637	      0.07434000	      0.05234039	      0.01820031	      0.02943583	      0.00948904	      0.19505728	      0.11020672	      0.10559630	      0.30252552	      0.06521667	      0.11405001	      0.54050692	      0.14041499	      0.30943612	      0.35343979	      0.23163032	      0.53815076	      0.24485478	      0.23746644	      0.28660604	      0.30392683	      0.28037719	      0.03911321	      0.12209600	      0.09102516	      0.29379338	      0.04959813	      0.04564312	      0.36600967	      0.11246696	      0.37385572	      0.33617479	      0.35296659	      0.33056902	      0.39367967	      0.40791684	      0.05454758	      0.07551869	      0.07745989	      0.06230423	      0.07301243	      0.05121347	      0.01767033	      0.02848888	      0.00876037	      0.18143239	      0.10774376	      0.11578675	      0.32082684	      0.06979994	      0.11187527	      0.43329447	      0.13318945	      0.35648241	      0.41794072	      0.26173158	      0.46734740	      0.23820965	      0.25367697	      0.21773105	      0.23502332	      0.21384975
      5.69500000	      0.04146075	      0.15743617	      0.10039006	      0.31343481	      0.05412171	      0.04775336	      0.32673150	      0.11984787	      0.37340106	      0.33803463	      0.33411928	      0.30983870	      0.31877038	      0.32958886	      0.05593146	      0.07815371	      0.08086882	      0.06325637	      0.07434000	      0.05234039	      0.01820031	      0.02943583	      0.00945876	      0.19505728	      0.11020672	      0.10560331	      0.30253545	      0.06524128	      0.11405001	      0.54048908	      0.14041499	      0.30945068	      0.35346362	      0.23166815	      0.53806130	      0.24482093	      0.23747707	      0.28661201	      0.30393242	      0.28038288	      0.03911321	      0.12216315	      0.09102516	      0.29372128	      0.04959813	      0.04564312	      0.36592392	      0.11246696	      0.37383989	      0.33615783	      0.35296988	      0.33057484	      0.39369092	      0.40793221	      0.05454758	      0.07551869	      0.07745989	      0.06230423	      0.07301243	      0.05121347	      0.01767033	      0.02848888	      0.00873589	      0.18143239	      0.10774376	      0.11578939	      0.32083086	      0.06977855	      0.11187527	      0.43336954	      0.13318945	      0.35640076	      0.41784503	      0.26174864	      0.46740167	      0.23819067	      0.25368072	      0.21774336	      0.23503615	      0.21386191
      5.70000000	      0.04146075	      0.15748747	      0.10039006	      0.31347021	      0.05412171	      0.04775336	      0.32676619	      0.11984787	      0.37337186	      0.33800352	      0.33412936	      0.30985436	      0.31880252	      0.32961688	      0.05593146	      0.07815371	      0.08086882	      0.06325637	      0.07434000	      0.05234039	      0.01820031	      0.02943583	      0.00942900	      0.19505728	      0.11020672	      0.10561032	      0.30254537	      0.06526656	      0.11405001	      0.54047065	      0.14041499	      0.30946601	      0.35348831	      0.23170593	      0.53797147	      0.24478712	      0.23748769	      0.28661799	      0.30393802	      0.28038857	      0.03911321	      0.12222977	      0.09102516	      0.29365055	      0.04959813	      0.04564312	      0.36583881	      0.11246696	      0.37382389	      0.33614068	      0.35297320	      0.33058072	      0.39370190	      0.40794760	      0.05454758	      0.07551869	      0.07745989	      0.06230423	      0.07301243	      0.05121347	      0.01767033	      0.02848888	      0.00871154	      0.18143239	      0.10774376	      0.11579205	      0.32083493	      0.06975735	      0.11187527	      0.43344446	      0.13318945	      0.35631944	      0.41774980	      0.26176588	      0.46745506	      0.23817149	      0.25368451	      0.21775650	      0.23504986	      0.21387489
