[2025-04-02 12:20:30.903] [info] Updating Model file from 40000 to latest format...
[2025-04-02 12:20:30.994] [info] Loaded model Rajagopal2016 from file C:\Git\research_data\Projects\squatting_fais\models\Rajagopal2016.osim
[2025-04-02 12:20:31.036] [warning] Couldn't find file 'r_patella.vtp'.
[2025-04-02 12:20:31.037] [warning] Couldn't find file 'r_talus.vtp'.
[2025-04-02 12:20:31.037] [warning] Couldn't find file 'r_foot.vtp'.
[2025-04-02 12:20:31.037] [warning] Couldn't find file 'r_bofoot.vtp'.
[2025-04-02 12:20:31.059] [warning] Couldn't find file 'l_patella.vtp'.
[2025-04-02 12:20:31.060] [warning] Couldn't find file 'l_talus.vtp'.
[2025-04-02 12:20:31.060] [warning] Couldn't find file 'l_foot.vtp'.
[2025-04-02 12:20:31.060] [warning] Couldn't find file 'l_bofoot.vtp'.
[2025-04-02 12:20:31.060] [warning] Couldn't find file 'hat_spine.vtp'.
[2025-04-02 12:20:31.060] [warning] Couldn't find file 'hat_jaw.vtp'.
[2025-04-02 12:20:31.061] [warning] Couldn't find file 'hat_skull.vtp'.
[2025-04-02 12:20:31.061] [warning] Couldn't find file 'hat_ribs_scap.vtp'.
[2025-04-02 12:20:31.061] [warning] Couldn't find file 'humerus_rv.vtp'.
[2025-04-02 12:20:31.061] [warning] Couldn't find file 'ulna_rv.vtp'.
[2025-04-02 12:20:31.061] [warning] Couldn't find file 'radius_rv.vtp'.
[2025-04-02 12:20:31.061] [warning] Couldn't find file 'pisiform_rvs.vtp'.
[2025-04-02 12:20:31.061] [warning] Couldn't find file 'lunate_rvs.vtp'.
[2025-04-02 12:20:31.061] [warning] Couldn't find file 'scaphoid_rvs.vtp'.
[2025-04-02 12:20:31.061] [warning] Couldn't find file 'triquetrum_rvs.vtp'.
[2025-04-02 12:20:31.062] [warning] Couldn't find file 'hamate_rvs.vtp'.
[2025-04-02 12:20:31.062] [warning] Couldn't find file 'capitate_rvs.vtp'.
[2025-04-02 12:20:31.062] [warning] Couldn't find file 'trapezoid_rvs.vtp'.
[2025-04-02 12:20:31.062] [warning] Couldn't find file 'trapezium_rvs.vtp'.
[2025-04-02 12:20:31.062] [warning] Couldn't find file 'metacarpal2_rvs.vtp'.
[2025-04-02 12:20:31.062] [warning] Couldn't find file 'index_proximal_rvs.vtp'.
[2025-04-02 12:20:31.062] [warning] Couldn't find file 'index_medial_rvs.vtp'.
[2025-04-02 12:20:31.062] [warning] Couldn't find file 'index_distal_rvs.vtp'.
[2025-04-02 12:20:31.063] [warning] Couldn't find file 'metacarpal3_rvs.vtp'.
[2025-04-02 12:20:31.063] [warning] Couldn't find file 'middle_proximal_rvs.vtp'.
[2025-04-02 12:20:31.063] [warning] Couldn't find file 'middle_medial_rvs.vtp'.
[2025-04-02 12:20:31.063] [warning] Couldn't find file 'middle_distal_rvs.vtp'.
[2025-04-02 12:20:31.063] [warning] Couldn't find file 'metacarpal4_rvs.vtp'.
[2025-04-02 12:20:31.063] [warning] Couldn't find file 'ring_proximal_rvs.vtp'.
[2025-04-02 12:20:31.063] [warning] Couldn't find file 'ring_medial_rvs.vtp'.
[2025-04-02 12:20:31.063] [warning] Couldn't find file 'ring_distal_rvs.vtp'.
[2025-04-02 12:20:31.063] [warning] Couldn't find file 'metacarpal5_rvs.vtp'.
[2025-04-02 12:20:31.064] [warning] Couldn't find file 'little_proximal_rvs.vtp'.
[2025-04-02 12:20:31.064] [warning] Couldn't find file 'little_medial_rvs.vtp'.
[2025-04-02 12:20:31.064] [warning] Couldn't find file 'little_distal_rvs.vtp'.
[2025-04-02 12:20:31.064] [warning] Couldn't find file 'metacarpal1_rvs.vtp'.
[2025-04-02 12:20:31.065] [warning] Couldn't find file 'thumb_proximal_rvs.vtp'.
[2025-04-02 12:20:31.065] [warning] Couldn't find file 'thumb_distal_rvs.vtp'.
[2025-04-02 12:20:31.065] [warning] Couldn't find file 'humerus_lv.vtp'.
[2025-04-02 12:20:31.065] [warning] Couldn't find file 'ulna_lv.vtp'.
[2025-04-02 12:20:31.065] [warning] Couldn't find file 'radius_lv.vtp'.
[2025-04-02 12:20:31.065] [warning] Couldn't find file 'pisiform_lvs.vtp'.
[2025-04-02 12:20:31.066] [warning] Couldn't find file 'lunate_lvs.vtp'.
[2025-04-02 12:20:31.066] [warning] Couldn't find file 'scaphoid_lvs.vtp'.
[2025-04-02 12:20:31.066] [warning] Couldn't find file 'triquetrum_lvs.vtp'.
[2025-04-02 12:20:31.066] [warning] Couldn't find file 'hamate_lvs.vtp'.
[2025-04-02 12:20:31.066] [warning] Couldn't find file 'capitate_lvs.vtp'.
[2025-04-02 12:20:31.066] [warning] Couldn't find file 'trapezoid_lvs.vtp'.
[2025-04-02 12:20:31.067] [warning] Couldn't find file 'trapezium_lvs.vtp'.
[2025-04-02 12:20:31.067] [warning] Couldn't find file 'metacarpal2_lvs.vtp'.
[2025-04-02 12:20:31.067] [warning] Couldn't find file 'index_proximal_lvs.vtp'.
[2025-04-02 12:20:31.067] [warning] Couldn't find file 'index_medial_lvs.vtp'.
[2025-04-02 12:20:31.067] [warning] Couldn't find file 'index_distal_lvs.vtp'.
[2025-04-02 12:20:31.068] [warning] Couldn't find file 'metacarpal3_lvs.vtp'.
[2025-04-02 12:20:31.068] [warning] Couldn't find file 'middle_proximal_lvs.vtp'.
[2025-04-02 12:20:31.068] [warning] Couldn't find file 'middle_medial_lvs.vtp'.
[2025-04-02 12:20:31.068] [warning] Couldn't find file 'middle_distal_lvs.vtp'.
[2025-04-02 12:20:31.069] [warning] Couldn't find file 'metacarpal4_lvs.vtp'.
[2025-04-02 12:20:31.069] [warning] Couldn't find file 'ring_proximal_lvs.vtp'.
[2025-04-02 12:20:31.069] [warning] Couldn't find file 'ring_medial_lvs.vtp'.
[2025-04-02 12:20:31.069] [warning] Couldn't find file 'ring_distal_lvs.vtp'.
[2025-04-02 12:20:31.069] [warning] Couldn't find file 'metacarpal5_lvs.vtp'.
[2025-04-02 12:20:31.070] [warning] Couldn't find file 'little_proximal_lvs.vtp'.
[2025-04-02 12:20:31.070] [warning] Couldn't find file 'little_medial_lvs.vtp'.
[2025-04-02 12:20:31.070] [warning] Couldn't find file 'little_distal_lvs.vtp'.
[2025-04-02 12:20:31.070] [warning] Couldn't find file 'metacarpal1_lvs.vtp'.
[2025-04-02 12:20:31.070] [warning] Couldn't find file 'thumb_proximal_lvs.vtp'.
[2025-04-02 12:20:31.070] [warning] Couldn't find file 'thumb_distal_lvs.vtp'.
[2025-04-02 12:20:31.423] [warning] Visualizer couldn't open r_patella.vtp because: SimTK Exception thrown at PolygonalMesh.cpp:411:
  Error detected by Simbody method PolygonalMesh::loadVtpFile(): Attempt to load a VTK PolyData (.vtp) file from file name 'C:\OpenSim 4.3\opensim\..\\Geometry\r_patella.vtp' failed with message:
  SimTK Exception thrown at Xml.cpp:108:
  Error detected by Simbody method Xml::readFromFile(): Failed to load the Xml file 'C:\OpenSim 4.3\opensim\..\\Geometry\r_patella.vtp' with error 'Failed to open file (line=0, col=0)'.
  (Required condition 'loadOK' was not met.)

  (Required condition '!"failed"' was not met.)

[2025-04-02 12:20:31.423] [warning] Visualizer couldn't open r_talus.vtp because: SimTK Exception thrown at PolygonalMesh.cpp:411:
  Error detected by Simbody method PolygonalMesh::loadVtpFile(): Attempt to load a VTK PolyData (.vtp) file from file name 'C:\OpenSim 4.3\opensim\..\\Geometry\r_talus.vtp' failed with message:
  SimTK Exception thrown at Xml.cpp:108:
  Error detected by Simbody method Xml::readFromFile(): Failed to load the Xml file 'C:\OpenSim 4.3\opensim\..\\Geometry\r_talus.vtp' with error 'Failed to open file (line=0, col=0)'.
  (Required condition 'loadOK' was not met.)

  (Required condition '!"failed"' was not met.)

[2025-04-02 12:20:31.423] [warning] Visualizer couldn't open r_foot.vtp because: SimTK Exception thrown at PolygonalMesh.cpp:411:
  Error detected by Simbody method PolygonalMesh::loadVtpFile(): Attempt to load a VTK PolyData (.vtp) file from file name 'C:\OpenSim 4.3\opensim\..\\Geometry\r_foot.vtp' failed with message:
  SimTK Exception thrown at Xml.cpp:108:
  Error detected by Simbody method Xml::readFromFile(): Failed to load the Xml file 'C:\OpenSim 4.3\opensim\..\\Geometry\r_foot.vtp' with error 'Failed to open file (line=0, col=0)'.
  (Required condition 'loadOK' was not met.)

  (Required condition '!"failed"' was not met.)

[2025-04-02 12:20:31.424] [warning] Visualizer couldn't open r_bofoot.vtp because: SimTK Exception thrown at PolygonalMesh.cpp:411:
  Error detected by Simbody method PolygonalMesh::loadVtpFile(): Attempt to load a VTK PolyData (.vtp) file from file name 'C:\OpenSim 4.3\opensim\..\\Geometry\r_bofoot.vtp' failed with message:
  SimTK Exception thrown at Xml.cpp:108:
  Error detected by Simbody method Xml::readFromFile(): Failed to load the Xml file 'C:\OpenSim 4.3\opensim\..\\Geometry\r_bofoot.vtp' with error 'Failed to open file (line=0, col=0)'.
  (Required condition 'loadOK' was not met.)

  (Required condition '!"failed"' was not met.)

[2025-04-02 12:20:31.439] [warning] Visualizer couldn't open l_patella.vtp because: SimTK Exception thrown at PolygonalMesh.cpp:411:
  Error detected by Simbody method PolygonalMesh::loadVtpFile(): Attempt to load a VTK PolyData (.vtp) file from file name 'C:\OpenSim 4.3\opensim\..\\Geometry\l_patella.vtp' failed with message:
  SimTK Exception thrown at Xml.cpp:108:
  Error detected by Simbody method Xml::readFromFile(): Failed to load the Xml file 'C:\OpenSim 4.3\opensim\..\\Geometry\l_patella.vtp' with error 'Failed to open file (line=0, col=0)'.
  (Required condition 'loadOK' was not met.)

  (Required condition '!"failed"' was not met.)

[2025-04-02 12:20:31.439] [warning] Visualizer couldn't open l_talus.vtp because: SimTK Exception thrown at PolygonalMesh.cpp:411:
  Error detected by Simbody method PolygonalMesh::loadVtpFile(): Attempt to load a VTK PolyData (.vtp) file from file name 'C:\OpenSim 4.3\opensim\..\\Geometry\l_talus.vtp' failed with message:
  SimTK Exception thrown at Xml.cpp:108:
  Error detected by Simbody method Xml::readFromFile(): Failed to load the Xml file 'C:\OpenSim 4.3\opensim\..\\Geometry\l_talus.vtp' with error 'Failed to open file (line=0, col=0)'.
  (Required condition 'loadOK' was not met.)

  (Required condition '!"failed"' was not met.)

[2025-04-02 12:20:31.440] [warning] Visualizer couldn't open l_foot.vtp because: SimTK Exception thrown at PolygonalMesh.cpp:411:
  Error detected by Simbody method PolygonalMesh::loadVtpFile(): Attempt to load a VTK PolyData (.vtp) file from file name 'C:\OpenSim 4.3\opensim\..\\Geometry\l_foot.vtp' failed with message:
  SimTK Exception thrown at Xml.cpp:108:
  Error detected by Simbody method Xml::readFromFile(): Failed to load the Xml file 'C:\OpenSim 4.3\opensim\..\\Geometry\l_foot.vtp' with error 'Failed to open file (line=0, col=0)'.
  (Required condition 'loadOK' was not met.)

  (Required condition '!"failed"' was not met.)

[2025-04-02 12:20:31.447] [warning] Visualizer couldn't open l_bofoot.vtp because: SimTK Exception thrown at PolygonalMesh.cpp:411:
  Error detected by Simbody method PolygonalMesh::loadVtpFile(): Attempt to load a VTK PolyData (.vtp) file from file name 'C:\OpenSim 4.3\opensim\..\\Geometry\l_bofoot.vtp' failed with message:
  SimTK Exception thrown at Xml.cpp:108:
  Error detected by Simbody method Xml::readFromFile(): Failed to load the Xml file 'C:\OpenSim 4.3\opensim\..\\Geometry\l_bofoot.vtp' with error 'Failed to open file (line=0, col=0)'.
  (Required condition 'loadOK' was not met.)

  (Required condition '!"failed"' was not met.)

[2025-04-02 12:20:31.448] [warning] Visualizer couldn't open hat_spine.vtp because: SimTK Exception thrown at PolygonalMesh.cpp:411:
  Error detected by Simbody method PolygonalMesh::loadVtpFile(): Attempt to load a VTK PolyData (.vtp) file from file name 'C:\OpenSim 4.3\opensim\..\\Geometry\hat_spine.vtp' failed with message:
  SimTK Exception thrown at Xml.cpp:108:
  Error detected by Simbody method Xml::readFromFile(): Failed to load the Xml file 'C:\OpenSim 4.3\opensim\..\\Geometry\hat_spine.vtp' with error 'Failed to open file (line=0, col=0)'.
  (Required condition 'loadOK' was not met.)

  (Required condition '!"failed"' was not met.)

[2025-04-02 12:20:31.448] [warning] Visualizer couldn't open hat_jaw.vtp because: SimTK Exception thrown at PolygonalMesh.cpp:411:
  Error detected by Simbody method PolygonalMesh::loadVtpFile(): Attempt to load a VTK PolyData (.vtp) file from file name 'C:\OpenSim 4.3\opensim\..\\Geometry\hat_jaw.vtp' failed with message:
  SimTK Exception thrown at Xml.cpp:108:
  Error detected by Simbody method Xml::readFromFile(): Failed to load the Xml file 'C:\OpenSim 4.3\opensim\..\\Geometry\hat_jaw.vtp' with error 'Failed to open file (line=0, col=0)'.
  (Required condition 'loadOK' was not met.)

  (Required condition '!"failed"' was not met.)

[2025-04-02 12:20:31.448] [warning] Visualizer couldn't open hat_skull.vtp because: SimTK Exception thrown at PolygonalMesh.cpp:411:
  Error detected by Simbody method PolygonalMesh::loadVtpFile(): Attempt to load a VTK PolyData (.vtp) file from file name 'C:\OpenSim 4.3\opensim\..\\Geometry\hat_skull.vtp' failed with message:
  SimTK Exception thrown at Xml.cpp:108:
  Error detected by Simbody method Xml::readFromFile(): Failed to load the Xml file 'C:\OpenSim 4.3\opensim\..\\Geometry\hat_skull.vtp' with error 'Failed to open file (line=0, col=0)'.
  (Required condition 'loadOK' was not met.)

  (Required condition '!"failed"' was not met.)

[2025-04-02 12:20:31.448] [warning] Visualizer couldn't open hat_ribs_scap.vtp because: SimTK Exception thrown at PolygonalMesh.cpp:411:
  Error detected by Simbody method PolygonalMesh::loadVtpFile(): Attempt to load a VTK PolyData (.vtp) file from file name 'C:\OpenSim 4.3\opensim\..\\Geometry\hat_ribs_scap.vtp' failed with message:
  SimTK Exception thrown at Xml.cpp:108:
  Error detected by Simbody method Xml::readFromFile(): Failed to load the Xml file 'C:\OpenSim 4.3\opensim\..\\Geometry\hat_ribs_scap.vtp' with error 'Failed to open file (line=0, col=0)'.
  (Required condition 'loadOK' was not met.)

  (Required condition '!"failed"' was not met.)

[2025-04-02 12:20:31.448] [warning] Visualizer couldn't open humerus_rv.vtp because: SimTK Exception thrown at PolygonalMesh.cpp:411:
  Error detected by Simbody method PolygonalMesh::loadVtpFile(): Attempt to load a VTK PolyData (.vtp) file from file name 'C:\OpenSim 4.3\opensim\..\\Geometry\humerus_rv.vtp' failed with message:
  SimTK Exception thrown at Xml.cpp:108:
  Error detected by Simbody method Xml::readFromFile(): Failed to load the Xml file 'C:\OpenSim 4.3\opensim\..\\Geometry\humerus_rv.vtp' with error 'Failed to open file (line=0, col=0)'.
  (Required condition 'loadOK' was not met.)

  (Required condition '!"failed"' was not met.)

[2025-04-02 12:20:31.448] [warning] Visualizer couldn't open ulna_rv.vtp because: SimTK Exception thrown at PolygonalMesh.cpp:411:
  Error detected by Simbody method PolygonalMesh::loadVtpFile(): Attempt to load a VTK PolyData (.vtp) file from file name 'C:\OpenSim 4.3\opensim\..\\Geometry\ulna_rv.vtp' failed with message:
  SimTK Exception thrown at Xml.cpp:108:
  Error detected by Simbody method Xml::readFromFile(): Failed to load the Xml file 'C:\OpenSim 4.3\opensim\..\\Geometry\ulna_rv.vtp' with error 'Failed to open file (line=0, col=0)'.
  (Required condition 'loadOK' was not met.)

  (Required condition '!"failed"' was not met.)

[2025-04-02 12:20:31.448] [warning] Visualizer couldn't open radius_rv.vtp because: SimTK Exception thrown at PolygonalMesh.cpp:411:
  Error detected by Simbody method PolygonalMesh::loadVtpFile(): Attempt to load a VTK PolyData (.vtp) file from file name 'C:\OpenSim 4.3\opensim\..\\Geometry\radius_rv.vtp' failed with message:
  SimTK Exception thrown at Xml.cpp:108:
  Error detected by Simbody method Xml::readFromFile(): Failed to load the Xml file 'C:\OpenSim 4.3\opensim\..\\Geometry\radius_rv.vtp' with error 'Failed to open file (line=0, col=0)'.
  (Required condition 'loadOK' was not met.)

  (Required condition '!"failed"' was not met.)

[2025-04-02 12:20:31.449] [warning] Visualizer couldn't open pisiform_rvs.vtp because: SimTK Exception thrown at PolygonalMesh.cpp:411:
  Error detected by Simbody method PolygonalMesh::loadVtpFile(): Attempt to load a VTK PolyData (.vtp) file from file name 'C:\OpenSim 4.3\opensim\..\\Geometry\pisiform_rvs.vtp' failed with message:
  SimTK Exception thrown at Xml.cpp:108:
  Error detected by Simbody method Xml::readFromFile(): Failed to load the Xml file 'C:\OpenSim 4.3\opensim\..\\Geometry\pisiform_rvs.vtp' with error 'Failed to open file (line=0, col=0)'.
  (Required condition 'loadOK' was not met.)

  (Required condition '!"failed"' was not met.)

[2025-04-02 12:20:31.449] [warning] Visualizer couldn't open lunate_rvs.vtp because: SimTK Exception thrown at PolygonalMesh.cpp:411:
  Error detected by Simbody method PolygonalMesh::loadVtpFile(): Attempt to load a VTK PolyData (.vtp) file from file name 'C:\OpenSim 4.3\opensim\..\\Geometry\lunate_rvs.vtp' failed with message:
  SimTK Exception thrown at Xml.cpp:108:
  Error detected by Simbody method Xml::readFromFile(): Failed to load the Xml file 'C:\OpenSim 4.3\opensim\..\\Geometry\lunate_rvs.vtp' with error 'Failed to open file (line=0, col=0)'.
  (Required condition 'loadOK' was not met.)

  (Required condition '!"failed"' was not met.)

[2025-04-02 12:20:31.449] [warning] Visualizer couldn't open scaphoid_rvs.vtp because: SimTK Exception thrown at PolygonalMesh.cpp:411:
  Error detected by Simbody method PolygonalMesh::loadVtpFile(): Attempt to load a VTK PolyData (.vtp) file from file name 'C:\OpenSim 4.3\opensim\..\\Geometry\scaphoid_rvs.vtp' failed with message:
  SimTK Exception thrown at Xml.cpp:108:
  Error detected by Simbody method Xml::readFromFile(): Failed to load the Xml file 'C:\OpenSim 4.3\opensim\..\\Geometry\scaphoid_rvs.vtp' with error 'Failed to open file (line=0, col=0)'.
  (Required condition 'loadOK' was not met.)

  (Required condition '!"failed"' was not met.)

[2025-04-02 12:20:31.449] [warning] Visualizer couldn't open triquetrum_rvs.vtp because: SimTK Exception thrown at PolygonalMesh.cpp:411:
  Error detected by Simbody method PolygonalMesh::loadVtpFile(): Attempt to load a VTK PolyData (.vtp) file from file name 'C:\OpenSim 4.3\opensim\..\\Geometry\triquetrum_rvs.vtp' failed with message:
  SimTK Exception thrown at Xml.cpp:108:
  Error detected by Simbody method Xml::readFromFile(): Failed to load the Xml file 'C:\OpenSim 4.3\opensim\..\\Geometry\triquetrum_rvs.vtp' with error 'Failed to open file (line=0, col=0)'.
  (Required condition 'loadOK' was not met.)

  (Required condition '!"failed"' was not met.)

[2025-04-02 12:20:31.449] [warning] Visualizer couldn't open hamate_rvs.vtp because: SimTK Exception thrown at PolygonalMesh.cpp:411:
  Error detected by Simbody method PolygonalMesh::loadVtpFile(): Attempt to load a VTK PolyData (.vtp) file from file name 'C:\OpenSim 4.3\opensim\..\\Geometry\hamate_rvs.vtp' failed with message:
  SimTK Exception thrown at Xml.cpp:108:
  Error detected by Simbody method Xml::readFromFile(): Failed to load the Xml file 'C:\OpenSim 4.3\opensim\..\\Geometry\hamate_rvs.vtp' with error 'Failed to open file (line=0, col=0)'.
  (Required condition 'loadOK' was not met.)

  (Required condition '!"failed"' was not met.)

[2025-04-02 12:20:31.449] [warning] Visualizer couldn't open capitate_rvs.vtp because: SimTK Exception thrown at PolygonalMesh.cpp:411:
  Error detected by Simbody method PolygonalMesh::loadVtpFile(): Attempt to load a VTK PolyData (.vtp) file from file name 'C:\OpenSim 4.3\opensim\..\\Geometry\capitate_rvs.vtp' failed with message:
  SimTK Exception thrown at Xml.cpp:108:
  Error detected by Simbody method Xml::readFromFile(): Failed to load the Xml file 'C:\OpenSim 4.3\opensim\..\\Geometry\capitate_rvs.vtp' with error 'Failed to open file (line=0, col=0)'.
  (Required condition 'loadOK' was not met.)

  (Required condition '!"failed"' was not met.)

[2025-04-02 12:20:31.449] [warning] Visualizer couldn't open trapezoid_rvs.vtp because: SimTK Exception thrown at PolygonalMesh.cpp:411:
  Error detected by Simbody method PolygonalMesh::loadVtpFile(): Attempt to load a VTK PolyData (.vtp) file from file name 'C:\OpenSim 4.3\opensim\..\\Geometry\trapezoid_rvs.vtp' failed with message:
  SimTK Exception thrown at Xml.cpp:108:
  Error detected by Simbody method Xml::readFromFile(): Failed to load the Xml file 'C:\OpenSim 4.3\opensim\..\\Geometry\trapezoid_rvs.vtp' with error 'Failed to open file (line=0, col=0)'.
  (Required condition 'loadOK' was not met.)

  (Required condition '!"failed"' was not met.)

[2025-04-02 12:20:31.449] [warning] Visualizer couldn't open trapezium_rvs.vtp because: SimTK Exception thrown at PolygonalMesh.cpp:411:
  Error detected by Simbody method PolygonalMesh::loadVtpFile(): Attempt to load a VTK PolyData (.vtp) file from file name 'C:\OpenSim 4.3\opensim\..\\Geometry\trapezium_rvs.vtp' failed with message:
  SimTK Exception thrown at Xml.cpp:108:
  Error detected by Simbody method Xml::readFromFile(): Failed to load the Xml file 'C:\OpenSim 4.3\opensim\..\\Geometry\trapezium_rvs.vtp' with error 'Failed to open file (line=0, col=0)'.
  (Required condition 'loadOK' was not met.)

  (Required condition '!"failed"' was not met.)

[2025-04-02 12:20:31.449] [warning] Visualizer couldn't open metacarpal2_rvs.vtp because: SimTK Exception thrown at PolygonalMesh.cpp:411:
  Error detected by Simbody method PolygonalMesh::loadVtpFile(): Attempt to load a VTK PolyData (.vtp) file from file name 'C:\OpenSim 4.3\opensim\..\\Geometry\metacarpal2_rvs.vtp' failed with message:
  SimTK Exception thrown at Xml.cpp:108:
  Error detected by Simbody method Xml::readFromFile(): Failed to load the Xml file 'C:\OpenSim 4.3\opensim\..\\Geometry\metacarpal2_rvs.vtp' with error 'Failed to open file (line=0, col=0)'.
  (Required condition 'loadOK' was not met.)

  (Required condition '!"failed"' was not met.)

[2025-04-02 12:20:31.449] [warning] Visualizer couldn't open index_proximal_rvs.vtp because: SimTK Exception thrown at PolygonalMesh.cpp:411:
  Error detected by Simbody method PolygonalMesh::loadVtpFile(): Attempt to load a VTK PolyData (.vtp) file from file name 'C:\OpenSim 4.3\opensim\..\\Geometry\index_proximal_rvs.vtp' failed with message:
  SimTK Exception thrown at Xml.cpp:108:
  Error detected by Simbody method Xml::readFromFile(): Failed to load the Xml file 'C:\OpenSim 4.3\opensim\..\\Geometry\index_proximal_rvs.vtp' with error 'Failed to open file (line=0, col=0)'.
  (Required condition 'loadOK' was not met.)

  (Required condition '!"failed"' was not met.)

[2025-04-02 12:20:31.449] [warning] Visualizer couldn't open index_medial_rvs.vtp because: SimTK Exception thrown at PolygonalMesh.cpp:411:
  Error detected by Simbody method PolygonalMesh::loadVtpFile(): Attempt to load a VTK PolyData (.vtp) file from file name 'C:\OpenSim 4.3\opensim\..\\Geometry\index_medial_rvs.vtp' failed with message:
  SimTK Exception thrown at Xml.cpp:108:
  Error detected by Simbody method Xml::readFromFile(): Failed to load the Xml file 'C:\OpenSim 4.3\opensim\..\\Geometry\index_medial_rvs.vtp' with error 'Failed to open file (line=0, col=0)'.
  (Required condition 'loadOK' was not met.)

  (Required condition '!"failed"' was not met.)

[2025-04-02 12:20:31.449] [warning] Visualizer couldn't open index_distal_rvs.vtp because: SimTK Exception thrown at PolygonalMesh.cpp:411:
  Error detected by Simbody method PolygonalMesh::loadVtpFile(): Attempt to load a VTK PolyData (.vtp) file from file name 'C:\OpenSim 4.3\opensim\..\\Geometry\index_distal_rvs.vtp' failed with message:
  SimTK Exception thrown at Xml.cpp:108:
  Error detected by Simbody method Xml::readFromFile(): Failed to load the Xml file 'C:\OpenSim 4.3\opensim\..\\Geometry\index_distal_rvs.vtp' with error 'Failed to open file (line=0, col=0)'.
  (Required condition 'loadOK' was not met.)

  (Required condition '!"failed"' was not met.)

[2025-04-02 12:20:31.449] [warning] Visualizer couldn't open metacarpal3_rvs.vtp because: SimTK Exception thrown at PolygonalMesh.cpp:411:
  Error detected by Simbody method PolygonalMesh::loadVtpFile(): Attempt to load a VTK PolyData (.vtp) file from file name 'C:\OpenSim 4.3\opensim\..\\Geometry\metacarpal3_rvs.vtp' failed with message:
  SimTK Exception thrown at Xml.cpp:108:
  Error detected by Simbody method Xml::readFromFile(): Failed to load the Xml file 'C:\OpenSim 4.3\opensim\..\\Geometry\metacarpal3_rvs.vtp' with error 'Failed to open file (line=0, col=0)'.
  (Required condition 'loadOK' was not met.)

  (Required condition '!"failed"' was not met.)

[2025-04-02 12:20:31.449] [warning] Visualizer couldn't open middle_proximal_rvs.vtp because: SimTK Exception thrown at PolygonalMesh.cpp:411:
  Error detected by Simbody method PolygonalMesh::loadVtpFile(): Attempt to load a VTK PolyData (.vtp) file from file name 'C:\OpenSim 4.3\opensim\..\\Geometry\middle_proximal_rvs.vtp' failed with message:
  SimTK Exception thrown at Xml.cpp:108:
  Error detected by Simbody method Xml::readFromFile(): Failed to load the Xml file 'C:\OpenSim 4.3\opensim\..\\Geometry\middle_proximal_rvs.vtp' with error 'Failed to open file (line=0, col=0)'.
  (Required condition 'loadOK' was not met.)

  (Required condition '!"failed"' was not met.)

[2025-04-02 12:20:31.450] [warning] Visualizer couldn't open middle_medial_rvs.vtp because: SimTK Exception thrown at PolygonalMesh.cpp:411:
  Error detected by Simbody method PolygonalMesh::loadVtpFile(): Attempt to load a VTK PolyData (.vtp) file from file name 'C:\OpenSim 4.3\opensim\..\\Geometry\middle_medial_rvs.vtp' failed with message:
  SimTK Exception thrown at Xml.cpp:108:
  Error detected by Simbody method Xml::readFromFile(): Failed to load the Xml file 'C:\OpenSim 4.3\opensim\..\\Geometry\middle_medial_rvs.vtp' with error 'Failed to open file (line=0, col=0)'.
  (Required condition 'loadOK' was not met.)

  (Required condition '!"failed"' was not met.)

[2025-04-02 12:20:31.450] [warning] Visualizer couldn't open middle_distal_rvs.vtp because: SimTK Exception thrown at PolygonalMesh.cpp:411:
  Error detected by Simbody method PolygonalMesh::loadVtpFile(): Attempt to load a VTK PolyData (.vtp) file from file name 'C:\OpenSim 4.3\opensim\..\\Geometry\middle_distal_rvs.vtp' failed with message:
  SimTK Exception thrown at Xml.cpp:108:
  Error detected by Simbody method Xml::readFromFile(): Failed to load the Xml file 'C:\OpenSim 4.3\opensim\..\\Geometry\middle_distal_rvs.vtp' with error 'Failed to open file (line=0, col=0)'.
  (Required condition 'loadOK' was not met.)

  (Required condition '!"failed"' was not met.)

[2025-04-02 12:20:31.450] [warning] Visualizer couldn't open metacarpal4_rvs.vtp because: SimTK Exception thrown at PolygonalMesh.cpp:411:
  Error detected by Simbody method PolygonalMesh::loadVtpFile(): Attempt to load a VTK PolyData (.vtp) file from file name 'C:\OpenSim 4.3\opensim\..\\Geometry\metacarpal4_rvs.vtp' failed with message:
  SimTK Exception thrown at Xml.cpp:108:
  Error detected by Simbody method Xml::readFromFile(): Failed to load the Xml file 'C:\OpenSim 4.3\opensim\..\\Geometry\metacarpal4_rvs.vtp' with error 'Failed to open file (line=0, col=0)'.
  (Required condition 'loadOK' was not met.)

  (Required condition '!"failed"' was not met.)

[2025-04-02 12:20:31.450] [warning] Visualizer couldn't open ring_proximal_rvs.vtp because: SimTK Exception thrown at PolygonalMesh.cpp:411:
  Error detected by Simbody method PolygonalMesh::loadVtpFile(): Attempt to load a VTK PolyData (.vtp) file from file name 'C:\OpenSim 4.3\opensim\..\\Geometry\ring_proximal_rvs.vtp' failed with message:
  SimTK Exception thrown at Xml.cpp:108:
  Error detected by Simbody method Xml::readFromFile(): Failed to load the Xml file 'C:\OpenSim 4.3\opensim\..\\Geometry\ring_proximal_rvs.vtp' with error 'Failed to open file (line=0, col=0)'.
  (Required condition 'loadOK' was not met.)

  (Required condition '!"failed"' was not met.)

[2025-04-02 12:20:31.450] [warning] Visualizer couldn't open ring_medial_rvs.vtp because: SimTK Exception thrown at PolygonalMesh.cpp:411:
  Error detected by Simbody method PolygonalMesh::loadVtpFile(): Attempt to load a VTK PolyData (.vtp) file from file name 'C:\OpenSim 4.3\opensim\..\\Geometry\ring_medial_rvs.vtp' failed with message:
  SimTK Exception thrown at Xml.cpp:108:
  Error detected by Simbody method Xml::readFromFile(): Failed to load the Xml file 'C:\OpenSim 4.3\opensim\..\\Geometry\ring_medial_rvs.vtp' with error 'Failed to open file (line=0, col=0)'.
  (Required condition 'loadOK' was not met.)

  (Required condition '!"failed"' was not met.)

[2025-04-02 12:20:31.450] [warning] Visualizer couldn't open ring_distal_rvs.vtp because: SimTK Exception thrown at PolygonalMesh.cpp:411:
  Error detected by Simbody method PolygonalMesh::loadVtpFile(): Attempt to load a VTK PolyData (.vtp) file from file name 'C:\OpenSim 4.3\opensim\..\\Geometry\ring_distal_rvs.vtp' failed with message:
  SimTK Exception thrown at Xml.cpp:108:
  Error detected by Simbody method Xml::readFromFile(): Failed to load the Xml file 'C:\OpenSim 4.3\opensim\..\\Geometry\ring_distal_rvs.vtp' with error 'Failed to open file (line=0, col=0)'.
  (Required condition 'loadOK' was not met.)

  (Required condition '!"failed"' was not met.)

[2025-04-02 12:20:31.450] [warning] Visualizer couldn't open metacarpal5_rvs.vtp because: SimTK Exception thrown at PolygonalMesh.cpp:411:
  Error detected by Simbody method PolygonalMesh::loadVtpFile(): Attempt to load a VTK PolyData (.vtp) file from file name 'C:\OpenSim 4.3\opensim\..\\Geometry\metacarpal5_rvs.vtp' failed with message:
  SimTK Exception thrown at Xml.cpp:108:
  Error detected by Simbody method Xml::readFromFile(): Failed to load the Xml file 'C:\OpenSim 4.3\opensim\..\\Geometry\metacarpal5_rvs.vtp' with error 'Failed to open file (line=0, col=0)'.
  (Required condition 'loadOK' was not met.)

  (Required condition '!"failed"' was not met.)

[2025-04-02 12:20:31.450] [warning] Visualizer couldn't open little_proximal_rvs.vtp because: SimTK Exception thrown at PolygonalMesh.cpp:411:
  Error detected by Simbody method PolygonalMesh::loadVtpFile(): Attempt to load a VTK PolyData (.vtp) file from file name 'C:\OpenSim 4.3\opensim\..\\Geometry\little_proximal_rvs.vtp' failed with message:
  SimTK Exception thrown at Xml.cpp:108:
  Error detected by Simbody method Xml::readFromFile(): Failed to load the Xml file 'C:\OpenSim 4.3\opensim\..\\Geometry\little_proximal_rvs.vtp' with error 'Failed to open file (line=0, col=0)'.
  (Required condition 'loadOK' was not met.)

  (Required condition '!"failed"' was not met.)

[2025-04-02 12:20:31.450] [warning] Visualizer couldn't open little_medial_rvs.vtp because: SimTK Exception thrown at PolygonalMesh.cpp:411:
  Error detected by Simbody method PolygonalMesh::loadVtpFile(): Attempt to load a VTK PolyData (.vtp) file from file name 'C:\OpenSim 4.3\opensim\..\\Geometry\little_medial_rvs.vtp' failed with message:
  SimTK Exception thrown at Xml.cpp:108:
  Error detected by Simbody method Xml::readFromFile(): Failed to load the Xml file 'C:\OpenSim 4.3\opensim\..\\Geometry\little_medial_rvs.vtp' with error 'Failed to open file (line=0, col=0)'.
  (Required condition 'loadOK' was not met.)

  (Required condition '!"failed"' was not met.)

[2025-04-02 12:20:31.450] [warning] Visualizer couldn't open little_distal_rvs.vtp because: SimTK Exception thrown at PolygonalMesh.cpp:411:
  Error detected by Simbody method PolygonalMesh::loadVtpFile(): Attempt to load a VTK PolyData (.vtp) file from file name 'C:\OpenSim 4.3\opensim\..\\Geometry\little_distal_rvs.vtp' failed with message:
  SimTK Exception thrown at Xml.cpp:108:
  Error detected by Simbody method Xml::readFromFile(): Failed to load the Xml file 'C:\OpenSim 4.3\opensim\..\\Geometry\little_distal_rvs.vtp' with error 'Failed to open file (line=0, col=0)'.
  (Required condition 'loadOK' was not met.)

  (Required condition '!"failed"' was not met.)

[2025-04-02 12:20:31.450] [warning] Visualizer couldn't open metacarpal1_rvs.vtp because: SimTK Exception thrown at PolygonalMesh.cpp:411:
  Error detected by Simbody method PolygonalMesh::loadVtpFile(): Attempt to load a VTK PolyData (.vtp) file from file name 'C:\OpenSim 4.3\opensim\..\\Geometry\metacarpal1_rvs.vtp' failed with message:
  SimTK Exception thrown at Xml.cpp:108:
  Error detected by Simbody method Xml::readFromFile(): Failed to load the Xml file 'C:\OpenSim 4.3\opensim\..\\Geometry\metacarpal1_rvs.vtp' with error 'Failed to open file (line=0, col=0)'.
  (Required condition 'loadOK' was not met.)

  (Required condition '!"failed"' was not met.)

[2025-04-02 12:20:31.450] [warning] Visualizer couldn't open thumb_proximal_rvs.vtp because: SimTK Exception thrown at PolygonalMesh.cpp:411:
  Error detected by Simbody method PolygonalMesh::loadVtpFile(): Attempt to load a VTK PolyData (.vtp) file from file name 'C:\OpenSim 4.3\opensim\..\\Geometry\thumb_proximal_rvs.vtp' failed with message:
  SimTK Exception thrown at Xml.cpp:108:
  Error detected by Simbody method Xml::readFromFile(): Failed to load the Xml file 'C:\OpenSim 4.3\opensim\..\\Geometry\thumb_proximal_rvs.vtp' with error 'Failed to open file (line=0, col=0)'.
  (Required condition 'loadOK' was not met.)

  (Required condition '!"failed"' was not met.)

[2025-04-02 12:20:31.450] [warning] Visualizer couldn't open thumb_distal_rvs.vtp because: SimTK Exception thrown at PolygonalMesh.cpp:411:
  Error detected by Simbody method PolygonalMesh::loadVtpFile(): Attempt to load a VTK PolyData (.vtp) file from file name 'C:\OpenSim 4.3\opensim\..\\Geometry\thumb_distal_rvs.vtp' failed with message:
  SimTK Exception thrown at Xml.cpp:108:
  Error detected by Simbody method Xml::readFromFile(): Failed to load the Xml file 'C:\OpenSim 4.3\opensim\..\\Geometry\thumb_distal_rvs.vtp' with error 'Failed to open file (line=0, col=0)'.
  (Required condition 'loadOK' was not met.)

  (Required condition '!"failed"' was not met.)

[2025-04-02 12:20:31.451] [warning] Visualizer couldn't open humerus_lv.vtp because: SimTK Exception thrown at PolygonalMesh.cpp:411:
  Error detected by Simbody method PolygonalMesh::loadVtpFile(): Attempt to load a VTK PolyData (.vtp) file from file name 'C:\OpenSim 4.3\opensim\..\\Geometry\humerus_lv.vtp' failed with message:
  SimTK Exception thrown at Xml.cpp:108:
  Error detected by Simbody method Xml::readFromFile(): Failed to load the Xml file 'C:\OpenSim 4.3\opensim\..\\Geometry\humerus_lv.vtp' with error 'Failed to open file (line=0, col=0)'.
  (Required condition 'loadOK' was not met.)

  (Required condition '!"failed"' was not met.)

[2025-04-02 12:20:31.451] [warning] Visualizer couldn't open ulna_lv.vtp because: SimTK Exception thrown at PolygonalMesh.cpp:411:
  Error detected by Simbody method PolygonalMesh::loadVtpFile(): Attempt to load a VTK PolyData (.vtp) file from file name 'C:\OpenSim 4.3\opensim\..\\Geometry\ulna_lv.vtp' failed with message:
  SimTK Exception thrown at Xml.cpp:108:
  Error detected by Simbody method Xml::readFromFile(): Failed to load the Xml file 'C:\OpenSim 4.3\opensim\..\\Geometry\ulna_lv.vtp' with error 'Failed to open file (line=0, col=0)'.
  (Required condition 'loadOK' was not met.)

  (Required condition '!"failed"' was not met.)

[2025-04-02 12:20:31.451] [warning] Visualizer couldn't open radius_lv.vtp because: SimTK Exception thrown at PolygonalMesh.cpp:411:
  Error detected by Simbody method PolygonalMesh::loadVtpFile(): Attempt to load a VTK PolyData (.vtp) file from file name 'C:\OpenSim 4.3\opensim\..\\Geometry\radius_lv.vtp' failed with message:
  SimTK Exception thrown at Xml.cpp:108:
  Error detected by Simbody method Xml::readFromFile(): Failed to load the Xml file 'C:\OpenSim 4.3\opensim\..\\Geometry\radius_lv.vtp' with error 'Failed to open file (line=0, col=0)'.
  (Required condition 'loadOK' was not met.)

  (Required condition '!"failed"' was not met.)

[2025-04-02 12:20:31.451] [warning] Visualizer couldn't open pisiform_lvs.vtp because: SimTK Exception thrown at PolygonalMesh.cpp:411:
  Error detected by Simbody method PolygonalMesh::loadVtpFile(): Attempt to load a VTK PolyData (.vtp) file from file name 'C:\OpenSim 4.3\opensim\..\\Geometry\pisiform_lvs.vtp' failed with message:
  SimTK Exception thrown at Xml.cpp:108:
  Error detected by Simbody method Xml::readFromFile(): Failed to load the Xml file 'C:\OpenSim 4.3\opensim\..\\Geometry\pisiform_lvs.vtp' with error 'Failed to open file (line=0, col=0)'.
  (Required condition 'loadOK' was not met.)

  (Required condition '!"failed"' was not met.)

[2025-04-02 12:20:31.451] [warning] Visualizer couldn't open lunate_lvs.vtp because: SimTK Exception thrown at PolygonalMesh.cpp:411:
  Error detected by Simbody method PolygonalMesh::loadVtpFile(): Attempt to load a VTK PolyData (.vtp) file from file name 'C:\OpenSim 4.3\opensim\..\\Geometry\lunate_lvs.vtp' failed with message:
  SimTK Exception thrown at Xml.cpp:108:
  Error detected by Simbody method Xml::readFromFile(): Failed to load the Xml file 'C:\OpenSim 4.3\opensim\..\\Geometry\lunate_lvs.vtp' with error 'Failed to open file (line=0, col=0)'.
  (Required condition 'loadOK' was not met.)

  (Required condition '!"failed"' was not met.)

[2025-04-02 12:20:31.451] [warning] Visualizer couldn't open scaphoid_lvs.vtp because: SimTK Exception thrown at PolygonalMesh.cpp:411:
  Error detected by Simbody method PolygonalMesh::loadVtpFile(): Attempt to load a VTK PolyData (.vtp) file from file name 'C:\OpenSim 4.3\opensim\..\\Geometry\scaphoid_lvs.vtp' failed with message:
  SimTK Exception thrown at Xml.cpp:108:
  Error detected by Simbody method Xml::readFromFile(): Failed to load the Xml file 'C:\OpenSim 4.3\opensim\..\\Geometry\scaphoid_lvs.vtp' with error 'Failed to open file (line=0, col=0)'.
  (Required condition 'loadOK' was not met.)

  (Required condition '!"failed"' was not met.)

[2025-04-02 12:20:31.451] [warning] Visualizer couldn't open triquetrum_lvs.vtp because: SimTK Exception thrown at PolygonalMesh.cpp:411:
  Error detected by Simbody method PolygonalMesh::loadVtpFile(): Attempt to load a VTK PolyData (.vtp) file from file name 'C:\OpenSim 4.3\opensim\..\\Geometry\triquetrum_lvs.vtp' failed with message:
  SimTK Exception thrown at Xml.cpp:108:
  Error detected by Simbody method Xml::readFromFile(): Failed to load the Xml file 'C:\OpenSim 4.3\opensim\..\\Geometry\triquetrum_lvs.vtp' with error 'Failed to open file (line=0, col=0)'.
  (Required condition 'loadOK' was not met.)

  (Required condition '!"failed"' was not met.)

[2025-04-02 12:20:31.451] [warning] Visualizer couldn't open hamate_lvs.vtp because: SimTK Exception thrown at PolygonalMesh.cpp:411:
  Error detected by Simbody method PolygonalMesh::loadVtpFile(): Attempt to load a VTK PolyData (.vtp) file from file name 'C:\OpenSim 4.3\opensim\..\\Geometry\hamate_lvs.vtp' failed with message:
  SimTK Exception thrown at Xml.cpp:108:
  Error detected by Simbody method Xml::readFromFile(): Failed to load the Xml file 'C:\OpenSim 4.3\opensim\..\\Geometry\hamate_lvs.vtp' with error 'Failed to open file (line=0, col=0)'.
  (Required condition 'loadOK' was not met.)

  (Required condition '!"failed"' was not met.)

[2025-04-02 12:20:31.451] [warning] Visualizer couldn't open capitate_lvs.vtp because: SimTK Exception thrown at PolygonalMesh.cpp:411:
  Error detected by Simbody method PolygonalMesh::loadVtpFile(): Attempt to load a VTK PolyData (.vtp) file from file name 'C:\OpenSim 4.3\opensim\..\\Geometry\capitate_lvs.vtp' failed with message:
  SimTK Exception thrown at Xml.cpp:108:
  Error detected by Simbody method Xml::readFromFile(): Failed to load the Xml file 'C:\OpenSim 4.3\opensim\..\\Geometry\capitate_lvs.vtp' with error 'Failed to open file (line=0, col=0)'.
  (Required condition 'loadOK' was not met.)

  (Required condition '!"failed"' was not met.)

[2025-04-02 12:20:31.451] [warning] Visualizer couldn't open trapezoid_lvs.vtp because: SimTK Exception thrown at PolygonalMesh.cpp:411:
  Error detected by Simbody method PolygonalMesh::loadVtpFile(): Attempt to load a VTK PolyData (.vtp) file from file name 'C:\OpenSim 4.3\opensim\..\\Geometry\trapezoid_lvs.vtp' failed with message:
  SimTK Exception thrown at Xml.cpp:108:
  Error detected by Simbody method Xml::readFromFile(): Failed to load the Xml file 'C:\OpenSim 4.3\opensim\..\\Geometry\trapezoid_lvs.vtp' with error 'Failed to open file (line=0, col=0)'.
  (Required condition 'loadOK' was not met.)

  (Required condition '!"failed"' was not met.)

[2025-04-02 12:20:31.451] [warning] Visualizer couldn't open trapezium_lvs.vtp because: SimTK Exception thrown at PolygonalMesh.cpp:411:
  Error detected by Simbody method PolygonalMesh::loadVtpFile(): Attempt to load a VTK PolyData (.vtp) file from file name 'C:\OpenSim 4.3\opensim\..\\Geometry\trapezium_lvs.vtp' failed with message:
  SimTK Exception thrown at Xml.cpp:108:
  Error detected by Simbody method Xml::readFromFile(): Failed to load the Xml file 'C:\OpenSim 4.3\opensim\..\\Geometry\trapezium_lvs.vtp' with error 'Failed to open file (line=0, col=0)'.
  (Required condition 'loadOK' was not met.)

  (Required condition '!"failed"' was not met.)

[2025-04-02 12:20:31.451] [warning] Visualizer couldn't open metacarpal2_lvs.vtp because: SimTK Exception thrown at PolygonalMesh.cpp:411:
  Error detected by Simbody method PolygonalMesh::loadVtpFile(): Attempt to load a VTK PolyData (.vtp) file from file name 'C:\OpenSim 4.3\opensim\..\\Geometry\metacarpal2_lvs.vtp' failed with message:
  SimTK Exception thrown at Xml.cpp:108:
  Error detected by Simbody method Xml::readFromFile(): Failed to load the Xml file 'C:\OpenSim 4.3\opensim\..\\Geometry\metacarpal2_lvs.vtp' with error 'Failed to open file (line=0, col=0)'.
  (Required condition 'loadOK' was not met.)

  (Required condition '!"failed"' was not met.)

[2025-04-02 12:20:31.451] [warning] Visualizer couldn't open index_proximal_lvs.vtp because: SimTK Exception thrown at PolygonalMesh.cpp:411:
  Error detected by Simbody method PolygonalMesh::loadVtpFile(): Attempt to load a VTK PolyData (.vtp) file from file name 'C:\OpenSim 4.3\opensim\..\\Geometry\index_proximal_lvs.vtp' failed with message:
  SimTK Exception thrown at Xml.cpp:108:
  Error detected by Simbody method Xml::readFromFile(): Failed to load the Xml file 'C:\OpenSim 4.3\opensim\..\\Geometry\index_proximal_lvs.vtp' with error 'Failed to open file (line=0, col=0)'.
  (Required condition 'loadOK' was not met.)

  (Required condition '!"failed"' was not met.)

[2025-04-02 12:20:31.452] [warning] Visualizer couldn't open index_medial_lvs.vtp because: SimTK Exception thrown at PolygonalMesh.cpp:411:
  Error detected by Simbody method PolygonalMesh::loadVtpFile(): Attempt to load a VTK PolyData (.vtp) file from file name 'C:\OpenSim 4.3\opensim\..\\Geometry\index_medial_lvs.vtp' failed with message:
  SimTK Exception thrown at Xml.cpp:108:
  Error detected by Simbody method Xml::readFromFile(): Failed to load the Xml file 'C:\OpenSim 4.3\opensim\..\\Geometry\index_medial_lvs.vtp' with error 'Failed to open file (line=0, col=0)'.
  (Required condition 'loadOK' was not met.)

  (Required condition '!"failed"' was not met.)

[2025-04-02 12:20:31.452] [warning] Visualizer couldn't open index_distal_lvs.vtp because: SimTK Exception thrown at PolygonalMesh.cpp:411:
  Error detected by Simbody method PolygonalMesh::loadVtpFile(): Attempt to load a VTK PolyData (.vtp) file from file name 'C:\OpenSim 4.3\opensim\..\\Geometry\index_distal_lvs.vtp' failed with message:
  SimTK Exception thrown at Xml.cpp:108:
  Error detected by Simbody method Xml::readFromFile(): Failed to load the Xml file 'C:\OpenSim 4.3\opensim\..\\Geometry\index_distal_lvs.vtp' with error 'Failed to open file (line=0, col=0)'.
  (Required condition 'loadOK' was not met.)

  (Required condition '!"failed"' was not met.)

[2025-04-02 12:20:31.452] [warning] Visualizer couldn't open metacarpal3_lvs.vtp because: SimTK Exception thrown at PolygonalMesh.cpp:411:
  Error detected by Simbody method PolygonalMesh::loadVtpFile(): Attempt to load a VTK PolyData (.vtp) file from file name 'C:\OpenSim 4.3\opensim\..\\Geometry\metacarpal3_lvs.vtp' failed with message:
  SimTK Exception thrown at Xml.cpp:108:
  Error detected by Simbody method Xml::readFromFile(): Failed to load the Xml file 'C:\OpenSim 4.3\opensim\..\\Geometry\metacarpal3_lvs.vtp' with error 'Failed to open file (line=0, col=0)'.
  (Required condition 'loadOK' was not met.)

  (Required condition '!"failed"' was not met.)

[2025-04-02 12:20:31.452] [warning] Visualizer couldn't open middle_proximal_lvs.vtp because: SimTK Exception thrown at PolygonalMesh.cpp:411:
  Error detected by Simbody method PolygonalMesh::loadVtpFile(): Attempt to load a VTK PolyData (.vtp) file from file name 'C:\OpenSim 4.3\opensim\..\\Geometry\middle_proximal_lvs.vtp' failed with message:
  SimTK Exception thrown at Xml.cpp:108:
  Error detected by Simbody method Xml::readFromFile(): Failed to load the Xml file 'C:\OpenSim 4.3\opensim\..\\Geometry\middle_proximal_lvs.vtp' with error 'Failed to open file (line=0, col=0)'.
  (Required condition 'loadOK' was not met.)

  (Required condition '!"failed"' was not met.)

[2025-04-02 12:20:31.452] [warning] Visualizer couldn't open middle_medial_lvs.vtp because: SimTK Exception thrown at PolygonalMesh.cpp:411:
  Error detected by Simbody method PolygonalMesh::loadVtpFile(): Attempt to load a VTK PolyData (.vtp) file from file name 'C:\OpenSim 4.3\opensim\..\\Geometry\middle_medial_lvs.vtp' failed with message:
  SimTK Exception thrown at Xml.cpp:108:
  Error detected by Simbody method Xml::readFromFile(): Failed to load the Xml file 'C:\OpenSim 4.3\opensim\..\\Geometry\middle_medial_lvs.vtp' with error 'Failed to open file (line=0, col=0)'.
  (Required condition 'loadOK' was not met.)

  (Required condition '!"failed"' was not met.)

[2025-04-02 12:20:31.452] [warning] Visualizer couldn't open middle_distal_lvs.vtp because: SimTK Exception thrown at PolygonalMesh.cpp:411:
  Error detected by Simbody method PolygonalMesh::loadVtpFile(): Attempt to load a VTK PolyData (.vtp) file from file name 'C:\OpenSim 4.3\opensim\..\\Geometry\middle_distal_lvs.vtp' failed with message:
  SimTK Exception thrown at Xml.cpp:108:
  Error detected by Simbody method Xml::readFromFile(): Failed to load the Xml file 'C:\OpenSim 4.3\opensim\..\\Geometry\middle_distal_lvs.vtp' with error 'Failed to open file (line=0, col=0)'.
  (Required condition 'loadOK' was not met.)

  (Required condition '!"failed"' was not met.)

[2025-04-02 12:20:31.452] [warning] Visualizer couldn't open metacarpal4_lvs.vtp because: SimTK Exception thrown at PolygonalMesh.cpp:411:
  Error detected by Simbody method PolygonalMesh::loadVtpFile(): Attempt to load a VTK PolyData (.vtp) file from file name 'C:\OpenSim 4.3\opensim\..\\Geometry\metacarpal4_lvs.vtp' failed with message:
  SimTK Exception thrown at Xml.cpp:108:
  Error detected by Simbody method Xml::readFromFile(): Failed to load the Xml file 'C:\OpenSim 4.3\opensim\..\\Geometry\metacarpal4_lvs.vtp' with error 'Failed to open file (line=0, col=0)'.
  (Required condition 'loadOK' was not met.)

  (Required condition '!"failed"' was not met.)

[2025-04-02 12:20:31.452] [warning] Visualizer couldn't open ring_proximal_lvs.vtp because: SimTK Exception thrown at PolygonalMesh.cpp:411:
  Error detected by Simbody method PolygonalMesh::loadVtpFile(): Attempt to load a VTK PolyData (.vtp) file from file name 'C:\OpenSim 4.3\opensim\..\\Geometry\ring_proximal_lvs.vtp' failed with message:
  SimTK Exception thrown at Xml.cpp:108:
  Error detected by Simbody method Xml::readFromFile(): Failed to load the Xml file 'C:\OpenSim 4.3\opensim\..\\Geometry\ring_proximal_lvs.vtp' with error 'Failed to open file (line=0, col=0)'.
  (Required condition 'loadOK' was not met.)

  (Required condition '!"failed"' was not met.)

[2025-04-02 12:20:31.452] [warning] Visualizer couldn't open ring_medial_lvs.vtp because: SimTK Exception thrown at PolygonalMesh.cpp:411:
  Error detected by Simbody method PolygonalMesh::loadVtpFile(): Attempt to load a VTK PolyData (.vtp) file from file name 'C:\OpenSim 4.3\opensim\..\\Geometry\ring_medial_lvs.vtp' failed with message:
  SimTK Exception thrown at Xml.cpp:108:
  Error detected by Simbody method Xml::readFromFile(): Failed to load the Xml file 'C:\OpenSim 4.3\opensim\..\\Geometry\ring_medial_lvs.vtp' with error 'Failed to open file (line=0, col=0)'.
  (Required condition 'loadOK' was not met.)

  (Required condition '!"failed"' was not met.)

[2025-04-02 12:20:31.452] [warning] Visualizer couldn't open ring_distal_lvs.vtp because: SimTK Exception thrown at PolygonalMesh.cpp:411:
  Error detected by Simbody method PolygonalMesh::loadVtpFile(): Attempt to load a VTK PolyData (.vtp) file from file name 'C:\OpenSim 4.3\opensim\..\\Geometry\ring_distal_lvs.vtp' failed with message:
  SimTK Exception thrown at Xml.cpp:108:
  Error detected by Simbody method Xml::readFromFile(): Failed to load the Xml file 'C:\OpenSim 4.3\opensim\..\\Geometry\ring_distal_lvs.vtp' with error 'Failed to open file (line=0, col=0)'.
  (Required condition 'loadOK' was not met.)

  (Required condition '!"failed"' was not met.)

[2025-04-02 12:20:31.452] [warning] Visualizer couldn't open metacarpal5_lvs.vtp because: SimTK Exception thrown at PolygonalMesh.cpp:411:
  Error detected by Simbody method PolygonalMesh::loadVtpFile(): Attempt to load a VTK PolyData (.vtp) file from file name 'C:\OpenSim 4.3\opensim\..\\Geometry\metacarpal5_lvs.vtp' failed with message:
  SimTK Exception thrown at Xml.cpp:108:
  Error detected by Simbody method Xml::readFromFile(): Failed to load the Xml file 'C:\OpenSim 4.3\opensim\..\\Geometry\metacarpal5_lvs.vtp' with error 'Failed to open file (line=0, col=0)'.
  (Required condition 'loadOK' was not met.)

  (Required condition '!"failed"' was not met.)

[2025-04-02 12:20:31.452] [warning] Visualizer couldn't open little_proximal_lvs.vtp because: SimTK Exception thrown at PolygonalMesh.cpp:411:
  Error detected by Simbody method PolygonalMesh::loadVtpFile(): Attempt to load a VTK PolyData (.vtp) file from file name 'C:\OpenSim 4.3\opensim\..\\Geometry\little_proximal_lvs.vtp' failed with message:
  SimTK Exception thrown at Xml.cpp:108:
  Error detected by Simbody method Xml::readFromFile(): Failed to load the Xml file 'C:\OpenSim 4.3\opensim\..\\Geometry\little_proximal_lvs.vtp' with error 'Failed to open file (line=0, col=0)'.
  (Required condition 'loadOK' was not met.)

  (Required condition '!"failed"' was not met.)

[2025-04-02 12:20:31.452] [warning] Visualizer couldn't open little_medial_lvs.vtp because: SimTK Exception thrown at PolygonalMesh.cpp:411:
  Error detected by Simbody method PolygonalMesh::loadVtpFile(): Attempt to load a VTK PolyData (.vtp) file from file name 'C:\OpenSim 4.3\opensim\..\\Geometry\little_medial_lvs.vtp' failed with message:
  SimTK Exception thrown at Xml.cpp:108:
  Error detected by Simbody method Xml::readFromFile(): Failed to load the Xml file 'C:\OpenSim 4.3\opensim\..\\Geometry\little_medial_lvs.vtp' with error 'Failed to open file (line=0, col=0)'.
  (Required condition 'loadOK' was not met.)

  (Required condition '!"failed"' was not met.)

[2025-04-02 12:20:31.452] [warning] Visualizer couldn't open little_distal_lvs.vtp because: SimTK Exception thrown at PolygonalMesh.cpp:411:
  Error detected by Simbody method PolygonalMesh::loadVtpFile(): Attempt to load a VTK PolyData (.vtp) file from file name 'C:\OpenSim 4.3\opensim\..\\Geometry\little_distal_lvs.vtp' failed with message:
  SimTK Exception thrown at Xml.cpp:108:
  Error detected by Simbody method Xml::readFromFile(): Failed to load the Xml file 'C:\OpenSim 4.3\opensim\..\\Geometry\little_distal_lvs.vtp' with error 'Failed to open file (line=0, col=0)'.
  (Required condition 'loadOK' was not met.)

  (Required condition '!"failed"' was not met.)

[2025-04-02 12:20:31.452] [warning] Visualizer couldn't open metacarpal1_lvs.vtp because: SimTK Exception thrown at PolygonalMesh.cpp:411:
  Error detected by Simbody method PolygonalMesh::loadVtpFile(): Attempt to load a VTK PolyData (.vtp) file from file name 'C:\OpenSim 4.3\opensim\..\\Geometry\metacarpal1_lvs.vtp' failed with message:
  SimTK Exception thrown at Xml.cpp:108:
  Error detected by Simbody method Xml::readFromFile(): Failed to load the Xml file 'C:\OpenSim 4.3\opensim\..\\Geometry\metacarpal1_lvs.vtp' with error 'Failed to open file (line=0, col=0)'.
  (Required condition 'loadOK' was not met.)

  (Required condition '!"failed"' was not met.)

[2025-04-02 12:20:31.452] [warning] Visualizer couldn't open thumb_proximal_lvs.vtp because: SimTK Exception thrown at PolygonalMesh.cpp:411:
  Error detected by Simbody method PolygonalMesh::loadVtpFile(): Attempt to load a VTK PolyData (.vtp) file from file name 'C:\OpenSim 4.3\opensim\..\\Geometry\thumb_proximal_lvs.vtp' failed with message:
  SimTK Exception thrown at Xml.cpp:108:
  Error detected by Simbody method Xml::readFromFile(): Failed to load the Xml file 'C:\OpenSim 4.3\opensim\..\\Geometry\thumb_proximal_lvs.vtp' with error 'Failed to open file (line=0, col=0)'.
  (Required condition 'loadOK' was not met.)

  (Required condition '!"failed"' was not met.)

[2025-04-02 12:20:31.453] [warning] Visualizer couldn't open thumb_distal_lvs.vtp because: SimTK Exception thrown at PolygonalMesh.cpp:411:
  Error detected by Simbody method PolygonalMesh::loadVtpFile(): Attempt to load a VTK PolyData (.vtp) file from file name 'C:\OpenSim 4.3\opensim\..\\Geometry\thumb_distal_lvs.vtp' failed with message:
  SimTK Exception thrown at Xml.cpp:108:
  Error detected by Simbody method Xml::readFromFile(): Failed to load the Xml file 'C:\OpenSim 4.3\opensim\..\\Geometry\thumb_distal_lvs.vtp' with error 'Failed to open file (line=0, col=0)'.
  (Required condition 'loadOK' was not met.)

  (Required condition '!"failed"' was not met.)

[2025-04-02 12:21:13.255] [info] Updating Model file from 30000 to latest format...
[2025-04-02 12:21:13.309] [info] Loaded model 009 from file C:\Git\research_data\Projects\squatting_fais\models\009_Rajagopal2015_FAI.osim
[2025-04-02 12:21:13.825] [warning] GeometryPath 'path' has subcomponents with duplicate name 'pathwrap'. The duplicate is being renamed to 'pathwrap_0'.
[2025-04-02 12:21:13.825] [warning] GeometryPath 'path' has subcomponents with duplicate name 'pathwrap'. The duplicate is being renamed to 'pathwrap_0'.
[2025-04-02 12:21:13.825] [warning] GeometryPath 'path' has subcomponents with duplicate name 'pathwrap'. The duplicate is being renamed to 'pathwrap_0'.
[2025-04-02 12:21:13.827] [warning] GeometryPath 'path' has subcomponents with duplicate name 'pathwrap'. The duplicate is being renamed to 'pathwrap_0'.
[2025-04-02 12:21:13.827] [warning] GeometryPath 'path' has subcomponents with duplicate name 'pathwrap'. The duplicate is being renamed to 'pathwrap_0'.
[2025-04-02 12:21:13.827] [warning] GeometryPath 'path' has subcomponents with duplicate name 'pathwrap'. The duplicate is being renamed to 'pathwrap_0'.
[2025-04-02 12:21:13.827] [warning] GeometryPath 'path' has subcomponents with duplicate name 'pathwrap'. The duplicate is being renamed to 'pathwrap_0'.
[2025-04-02 12:21:13.827] [warning] GeometryPath 'path' has subcomponents with duplicate name 'pathwrap'. The duplicate is being renamed to 'pathwrap_0'.
[2025-04-02 12:21:13.827] [warning] GeometryPath 'path' has subcomponents with duplicate name 'pathwrap'. The duplicate is being renamed to 'pathwrap_0'.
[2025-04-02 12:21:13.829] [warning] GeometryPath 'path' has subcomponents with duplicate name 'pathwrap'. The duplicate is being renamed to 'pathwrap_0'.
[2025-04-02 12:21:13.829] [warning] GeometryPath 'path' has subcomponents with duplicate name 'pathwrap'. The duplicate is being renamed to 'pathwrap_0'.
[2025-04-02 12:21:13.829] [warning] GeometryPath 'path' has subcomponents with duplicate name 'pathwrap'. The duplicate is being renamed to 'pathwrap_0'.
[2025-04-02 12:24:21.470] [info] Loaded marker file C:\Git\research_data\Projects\squatting_fais\c3dfiles\009\SJ\SJ_post1.trc (55 markers, 2773 frames)
[2025-04-02 12:24:21.474] [info] Measurement 'upperarm_l_Y'
[2025-04-02 12:24:21.474] [info] 	pair 0 (LSHO, LLEP): model = 0.36913, experimental = 0.383207
[2025-04-02 12:24:21.474] [info] 	pair 1 (LSHO, LMEP): model = 0.370850, experimental = 0.391617
[2025-04-02 12:24:21.474] [info] 	overall scale factor = 1.04707
[2025-04-02 12:24:21.474] [info] Measurement 'upperarm_l_XZ'
[2025-04-02 12:24:21.474] [info] 	pair 0 (LMEP, LLEP): model = 0.0971668, experimental = 0.0786983
[2025-04-02 12:24:21.474] [info] 	overall scale factor = 0.809930
[2025-04-02 12:24:21.475] [info] Measurement 'lowerarm_l_Y'
[2025-04-02 12:24:21.475] [info] 	pair 0 (LMEP, LUL): model = 0.258051, experimental = 0.268845
[2025-04-02 12:24:21.475] [info] 	pair 1 (LLEP, LRAD): model = 0.264862, experimental = 0.260731
[2025-04-02 12:24:21.475] [info] 	overall scale factor = 1.01312
[2025-04-02 12:24:21.475] [info] Measurement 'lowerarm_l_XZ'
[2025-04-02 12:24:21.475] [info] 	pair 0 (LRAD, LUL): model = 0.0715567, experimental = 0.0753822
[2025-04-02 12:24:21.475] [info] 	pair 1 (LLEP, LMEP): model = 0.0971668, experimental = 0.0786983
[2025-04-02 12:24:21.475] [info] 	overall scale factor = 0.931696
[2025-04-02 12:24:21.475] [info] Measurement 'hand_l_XYZ'
[2025-04-02 12:24:21.475] [info] 	pair 0 (LRFIN, LRAD): model = 0.0914175, experimental = 0.068657
[2025-04-02 12:24:21.475] [info] 	pair 1 (LUL, LRAD): model = 0.0715567, experimental = 0.0753822
[2025-04-02 12:24:21.475] [info] 	overall scale factor = 0.902244
[2025-04-02 12:24:21.475] [info] Measurement 'upperarm_r_Y'
[2025-04-02 12:24:21.475] [info] 	pair 0 (RSHO, RLEP): model = 0.369453, experimental = 0.378231
[2025-04-02 12:24:21.475] [info] 	overall scale factor = 1.02376
[2025-04-02 12:24:21.475] [info] Measurement 'upperarm_r_XZ'
[2025-04-02 12:24:21.475] [info] 	pair 0 (RMEP, RLEP): model = 0.0977635, experimental = 0.0757292
[2025-04-02 12:24:21.475] [info] 	overall scale factor = 0.774617
[2025-04-02 12:24:21.476] [info] Measurement 'lowerarm_r_Y'
[2025-04-02 12:24:21.476] [info] 	pair 0 (RMEP, RUL): model = 0.263703, experimental = 0.269585
[2025-04-02 12:24:21.476] [info] 	pair 1 (RLEP, RRAD): model = 0.267374, experimental = 0.265777
[2025-04-02 12:24:21.476] [info] 	overall scale factor = 1.00816
[2025-04-02 12:24:21.476] [info] Measurement 'lowerarm_r_XZ'
[2025-04-02 12:24:21.476] [info] 	pair 0 (RRAD, RUL): model = 0.0719501, experimental = 0.0695166
[2025-04-02 12:24:21.476] [info] 	pair 1 (RLEP, RMEP): model = 0.0977635, experimental = 0.0757292
[2025-04-02 12:24:21.476] [info] 	overall scale factor = 0.870397
[2025-04-02 12:24:21.476] [info] Measurement 'hand_r_XYZ'
[2025-04-02 12:24:21.476] [info] 	pair 0 (RUFIN, RRAD): model = 0.0991813, experimental = 0.0696085
[2025-04-02 12:24:21.476] [info] 	pair 1 (RUL, RRAD): model = 0.0719501, experimental = 0.0695166
[2025-04-02 12:24:21.476] [info] 	overall scale factor = 0.834004
[2025-04-02 12:24:21.476] [info] Measurement 'torso_Y'
[2025-04-02 12:24:21.476] [info] 	pair 0 (LSHO, LSACR): model = 0.463489, experimental = 0.478445
[2025-04-02 12:24:21.477] [info] 	pair 1 (RSHO, RSACR): model = 0.464616, experimental = 0.471475
[2025-04-02 12:24:21.477] [info] 	overall scale factor = 1.02352
[2025-04-02 12:24:21.477] [info] Measurement 'torso_Z'
[2025-04-02 12:24:21.477] [info] 	pair 0 (RSHO, LSHO): model = 0.293763, experimental = 0.315944
[2025-04-02 12:24:21.477] [info] 	overall scale factor = 1.07551
[2025-04-02 12:24:21.477] [info] Measurement 'Pelvis_X'
[2025-04-02 12:24:21.477] [info] 	pair 0 (RASI, RSACR): model = 0.204146, experimental = 0.203134
[2025-04-02 12:24:21.477] [info] 	pair 1 (LASI, LSACR): model = 0.206506, experimental = 0.210318
[2025-04-02 12:24:21.477] [info] 	overall scale factor = 1.00675
[2025-04-02 12:24:21.477] [info] Measurement 'Pelvis_Y'
[2025-04-02 12:24:21.477] [warning] Marker LHJC in Pelvis_Y measurement not found in C:\Git\research_data\Projects\squatting_fais\c3dfiles\009\SJ\SJ_post1.trc.
[2025-04-02 12:24:21.477] [info] Measurement 'Pelvis_Z'
[2025-04-02 12:24:21.477] [info] 	pair 0 (RASI, LASI): model = 0.243945, experimental = 0.214409
[2025-04-02 12:24:21.477] [warning] Marker RHJC in Pelvis_Z measurement not found in C:\Git\research_data\Projects\squatting_fais\c3dfiles\009\SJ\SJ_post1.trc.
[2025-04-02 12:24:21.478] [warning] Marker LHJC in Pelvis_Z measurement not found in C:\Git\research_data\Projects\squatting_fais\c3dfiles\009\SJ\SJ_post1.trc.
[2025-04-02 12:24:21.478] [info] Measurement 'thigh_r_Y'
[2025-04-02 12:24:21.478] [warning] Marker RHJC in thigh_r_Y measurement not found in C:\Git\research_data\Projects\squatting_fais\c3dfiles\009\SJ\SJ_post1.trc.
[2025-04-02 12:24:21.478] [warning] Marker RKJC in thigh_r_Y measurement not found in C:\Git\research_data\Projects\squatting_fais\c3dfiles\009\SJ\SJ_post1.trc.
[2025-04-02 12:24:21.478] [info] Measurement 'thigh_r_XZ'
[2025-04-02 12:24:21.478] [warning] Marker RMFC in thigh_r_XZ measurement not found in C:\Git\research_data\Projects\squatting_fais\c3dfiles\009\SJ\SJ_post1.trc.
[2025-04-02 12:24:21.478] [info] Measurement 'shank_r_Y'
[2025-04-02 12:24:21.478] [warning] Marker RAJC in shank_r_Y measurement not found in C:\Git\research_data\Projects\squatting_fais\c3dfiles\009\SJ\SJ_post1.trc.
[2025-04-02 12:24:21.478] [warning] Marker RKJC in shank_r_Y measurement not found in C:\Git\research_data\Projects\squatting_fais\c3dfiles\009\SJ\SJ_post1.trc.
[2025-04-02 12:24:21.478] [info] Measurement 'shank_r_XZ'
[2025-04-02 12:24:21.478] [warning] Marker RMFC in shank_r_XZ measurement not found in C:\Git\research_data\Projects\squatting_fais\c3dfiles\009\SJ\SJ_post1.trc.
[2025-04-02 12:24:21.478] [info] Measurement 'foot_r_XYZ'
[2025-04-02 12:24:21.478] [info] 	pair 0 (RHEE, RMT1): model = 0.219838, experimental = 0.224726
[2025-04-02 12:24:21.478] [info] 	pair 1 (RMT2, RMT1): model = 0.043732, experimental = 0.0425801
[2025-04-02 12:24:21.478] [info] 	overall scale factor = 0.997947
[2025-04-02 12:24:21.478] [info] Measurement 'thigh_l_Y'
[2025-04-02 12:24:21.478] [warning] Marker LKJC in thigh_l_Y measurement not found in C:\Git\research_data\Projects\squatting_fais\c3dfiles\009\SJ\SJ_post1.trc.
[2025-04-02 12:24:21.478] [warning] Marker LHJC in thigh_l_Y measurement not found in C:\Git\research_data\Projects\squatting_fais\c3dfiles\009\SJ\SJ_post1.trc.
[2025-04-02 12:24:21.478] [info] Measurement 'thigh_l_XZ'
[2025-04-02 12:24:21.478] [warning] Marker LMFC in thigh_l_XZ measurement not found in C:\Git\research_data\Projects\squatting_fais\c3dfiles\009\SJ\SJ_post1.trc.
[2025-04-02 12:24:21.478] [warning] Marker LLFC in thigh_l_XZ measurement not found in C:\Git\research_data\Projects\squatting_fais\c3dfiles\009\SJ\SJ_post1.trc.
[2025-04-02 12:24:21.478] [info] Measurement 'shank_l_Y'
[2025-04-02 12:24:21.478] [warning] Marker LKJC in shank_l_Y measurement not found in C:\Git\research_data\Projects\squatting_fais\c3dfiles\009\SJ\SJ_post1.trc.
[2025-04-02 12:24:21.478] [warning] Marker LAJC in shank_l_Y measurement not found in C:\Git\research_data\Projects\squatting_fais\c3dfiles\009\SJ\SJ_post1.trc.
[2025-04-02 12:24:21.478] [info] Measurement 'shank_l_XZ'
[2025-04-02 12:24:21.478] [warning] Marker LMFC in shank_l_XZ measurement not found in C:\Git\research_data\Projects\squatting_fais\c3dfiles\009\SJ\SJ_post1.trc.
[2025-04-02 12:24:21.478] [warning] Marker LLFC in shank_l_XZ measurement not found in C:\Git\research_data\Projects\squatting_fais\c3dfiles\009\SJ\SJ_post1.trc.
[2025-04-02 12:24:21.478] [info] Measurement 'foot_l'
[2025-04-02 12:24:21.478] [info] 	pair 0 (LHEE, LMT1): model = 0.220323, experimental = 0.220859
[2025-04-02 12:24:21.478] [info] 	overall scale factor = 1.00243
[2025-04-02 12:24:21.506] [info] Measurement 'upperarm_l_Y'
[2025-04-02 12:24:21.506] [info] 	pair 0 (LSHO, LLEP): model = 0.36913, experimental = 0.383207
[2025-04-02 12:24:21.506] [info] 	pair 1 (LSHO, LMEP): model = 0.370850, experimental = 0.391617
[2025-04-02 12:24:21.507] [info] 	overall scale factor = 1.04707
[2025-04-02 12:24:21.507] [info] Measurement 'upperarm_l_XZ'
[2025-04-02 12:24:21.507] [info] 	pair 0 (LMEP, LLEP): model = 0.0971668, experimental = 0.0786983
[2025-04-02 12:24:21.507] [info] 	overall scale factor = 0.809930
[2025-04-02 12:24:21.507] [info] Measurement 'lowerarm_l_Y'
[2025-04-02 12:24:21.507] [info] 	pair 0 (LMEP, LUL): model = 0.258051, experimental = 0.268845
[2025-04-02 12:24:21.507] [info] 	pair 1 (LLEP, LRAD): model = 0.264862, experimental = 0.260731
[2025-04-02 12:24:21.507] [info] 	overall scale factor = 1.01312
[2025-04-02 12:24:21.507] [info] Measurement 'lowerarm_l_XZ'
[2025-04-02 12:24:21.507] [info] 	pair 0 (LRAD, LUL): model = 0.0715567, experimental = 0.0753822
[2025-04-02 12:24:21.507] [info] 	pair 1 (LLEP, LMEP): model = 0.0971668, experimental = 0.0786983
[2025-04-02 12:24:21.508] [info] 	overall scale factor = 0.931696
[2025-04-02 12:24:21.508] [info] Measurement 'hand_l_XYZ'
[2025-04-02 12:24:21.508] [info] 	pair 0 (LRFIN, LRAD): model = 0.0914175, experimental = 0.068657
[2025-04-02 12:24:21.508] [info] 	pair 1 (LUL, LRAD): model = 0.0715567, experimental = 0.0753822
[2025-04-02 12:24:21.508] [info] 	overall scale factor = 0.902244
[2025-04-02 12:24:21.508] [info] Measurement 'upperarm_r_Y'
[2025-04-02 12:24:21.508] [info] 	pair 0 (RSHO, RLEP): model = 0.369453, experimental = 0.378231
[2025-04-02 12:24:21.508] [info] 	overall scale factor = 1.02376
[2025-04-02 12:24:21.508] [info] Measurement 'upperarm_r_XZ'
[2025-04-02 12:24:21.508] [info] 	pair 0 (RMEP, RLEP): model = 0.0977635, experimental = 0.0757292
[2025-04-02 12:24:21.509] [info] 	overall scale factor = 0.774617
[2025-04-02 12:24:21.509] [info] Measurement 'lowerarm_r_Y'
[2025-04-02 12:24:21.509] [info] 	pair 0 (RMEP, RUL): model = 0.263703, experimental = 0.269585
[2025-04-02 12:24:21.509] [info] 	pair 1 (RLEP, RRAD): model = 0.267374, experimental = 0.265777
[2025-04-02 12:24:21.509] [info] 	overall scale factor = 1.00816
[2025-04-02 12:24:21.518] [info] Measurement 'lowerarm_r_XZ'
[2025-04-02 12:24:21.519] [info] 	pair 0 (RRAD, RUL): model = 0.0719501, experimental = 0.0695166
[2025-04-02 12:24:21.519] [info] 	pair 1 (RLEP, RMEP): model = 0.0977635, experimental = 0.0757292
[2025-04-02 12:24:21.519] [info] 	overall scale factor = 0.870397
[2025-04-02 12:24:21.519] [info] Measurement 'hand_r_XYZ'
[2025-04-02 12:24:21.519] [info] 	pair 0 (RUFIN, RRAD): model = 0.0991813, experimental = 0.0696085
[2025-04-02 12:24:21.519] [info] 	pair 1 (RUL, RRAD): model = 0.0719501, experimental = 0.0695166
[2025-04-02 12:24:21.519] [info] 	overall scale factor = 0.834004
[2025-04-02 12:24:21.519] [info] Measurement 'torso_Y'
[2025-04-02 12:24:21.519] [info] 	pair 0 (LSHO, LSACR): model = 0.463489, experimental = 0.478445
[2025-04-02 12:24:21.519] [info] 	pair 1 (RSHO, RSACR): model = 0.464616, experimental = 0.471475
[2025-04-02 12:24:21.519] [info] 	overall scale factor = 1.02352
[2025-04-02 12:24:21.519] [info] Measurement 'torso_Z'
[2025-04-02 12:24:21.519] [info] 	pair 0 (RSHO, LSHO): model = 0.293763, experimental = 0.315944
[2025-04-02 12:24:21.520] [info] 	overall scale factor = 1.07551
[2025-04-02 12:24:21.520] [info] Measurement 'Pelvis_X'
[2025-04-02 12:24:21.520] [info] 	pair 0 (RASI, RSACR): model = 0.204146, experimental = 0.203134
[2025-04-02 12:24:21.520] [info] 	pair 1 (LASI, LSACR): model = 0.206506, experimental = 0.210318
[2025-04-02 12:24:21.520] [info] 	overall scale factor = 1.00675
[2025-04-02 12:24:21.520] [info] Measurement 'Pelvis_Y'
[2025-04-02 12:24:21.520] [warning] Marker LHJC in Pelvis_Y measurement not found in C:\Git\research_data\Projects\squatting_fais\c3dfiles\009\SJ\SJ_post1.trc.
[2025-04-02 12:24:21.520] [info] Measurement 'Pelvis_Z'
[2025-04-02 12:24:21.520] [info] 	pair 0 (RASI, LASI): model = 0.243945, experimental = 0.214409
[2025-04-02 12:24:21.520] [warning] Marker RHJC in Pelvis_Z measurement not found in C:\Git\research_data\Projects\squatting_fais\c3dfiles\009\SJ\SJ_post1.trc.
[2025-04-02 12:24:21.520] [warning] Marker LHJC in Pelvis_Z measurement not found in C:\Git\research_data\Projects\squatting_fais\c3dfiles\009\SJ\SJ_post1.trc.
[2025-04-02 12:24:21.520] [info] Measurement 'thigh_r_Y'
[2025-04-02 12:24:21.520] [warning] Marker RHJC in thigh_r_Y measurement not found in C:\Git\research_data\Projects\squatting_fais\c3dfiles\009\SJ\SJ_post1.trc.
[2025-04-02 12:24:21.520] [warning] Marker RKJC in thigh_r_Y measurement not found in C:\Git\research_data\Projects\squatting_fais\c3dfiles\009\SJ\SJ_post1.trc.
[2025-04-02 12:24:21.520] [info] Measurement 'thigh_r_XZ'
[2025-04-02 12:24:21.520] [warning] Marker RMFC in thigh_r_XZ measurement not found in C:\Git\research_data\Projects\squatting_fais\c3dfiles\009\SJ\SJ_post1.trc.
[2025-04-02 12:24:21.520] [info] Measurement 'shank_r_Y'
[2025-04-02 12:24:21.520] [warning] Marker RAJC in shank_r_Y measurement not found in C:\Git\research_data\Projects\squatting_fais\c3dfiles\009\SJ\SJ_post1.trc.
[2025-04-02 12:24:21.520] [warning] Marker RKJC in shank_r_Y measurement not found in C:\Git\research_data\Projects\squatting_fais\c3dfiles\009\SJ\SJ_post1.trc.
[2025-04-02 12:24:21.520] [info] Measurement 'shank_r_XZ'
[2025-04-02 12:24:21.520] [warning] Marker RMFC in shank_r_XZ measurement not found in C:\Git\research_data\Projects\squatting_fais\c3dfiles\009\SJ\SJ_post1.trc.
[2025-04-02 12:24:21.520] [info] Measurement 'foot_r_XYZ'
[2025-04-02 12:24:21.520] [info] 	pair 0 (RHEE, RMT1): model = 0.219838, experimental = 0.224726
[2025-04-02 12:24:21.520] [info] 	pair 1 (RMT2, RMT1): model = 0.043732, experimental = 0.0425801
[2025-04-02 12:24:21.520] [info] 	overall scale factor = 0.997947
[2025-04-02 12:24:21.520] [info] Measurement 'thigh_l_Y'
[2025-04-02 12:24:21.520] [warning] Marker LKJC in thigh_l_Y measurement not found in C:\Git\research_data\Projects\squatting_fais\c3dfiles\009\SJ\SJ_post1.trc.
[2025-04-02 12:24:21.520] [warning] Marker LHJC in thigh_l_Y measurement not found in C:\Git\research_data\Projects\squatting_fais\c3dfiles\009\SJ\SJ_post1.trc.
[2025-04-02 12:24:21.520] [info] Measurement 'thigh_l_XZ'
[2025-04-02 12:24:21.520] [warning] Marker LMFC in thigh_l_XZ measurement not found in C:\Git\research_data\Projects\squatting_fais\c3dfiles\009\SJ\SJ_post1.trc.
[2025-04-02 12:24:21.520] [warning] Marker LLFC in thigh_l_XZ measurement not found in C:\Git\research_data\Projects\squatting_fais\c3dfiles\009\SJ\SJ_post1.trc.
[2025-04-02 12:24:21.521] [info] Measurement 'shank_l_Y'
[2025-04-02 12:24:21.521] [warning] Marker LKJC in shank_l_Y measurement not found in C:\Git\research_data\Projects\squatting_fais\c3dfiles\009\SJ\SJ_post1.trc.
[2025-04-02 12:24:21.521] [warning] Marker LAJC in shank_l_Y measurement not found in C:\Git\research_data\Projects\squatting_fais\c3dfiles\009\SJ\SJ_post1.trc.
[2025-04-02 12:24:21.521] [info] Measurement 'shank_l_XZ'
[2025-04-02 12:24:21.521] [warning] Marker LMFC in shank_l_XZ measurement not found in C:\Git\research_data\Projects\squatting_fais\c3dfiles\009\SJ\SJ_post1.trc.
[2025-04-02 12:24:21.521] [warning] Marker LLFC in shank_l_XZ measurement not found in C:\Git\research_data\Projects\squatting_fais\c3dfiles\009\SJ\SJ_post1.trc.
[2025-04-02 12:24:21.521] [info] Measurement 'foot_l'
[2025-04-02 12:24:21.521] [info] 	pair 0 (LHEE, LMT1): model = 0.220323, experimental = 0.220859
[2025-04-02 12:24:21.521] [info] 	overall scale factor = 1.00243
[2025-04-02 12:24:26.136] [info] Loaded marker file C:\Git\research_data\Projects\squatting_fais\c3dfiles\009\SJ\SJ_post1.trc (55 markers, 2773 frames)
[2025-04-02 12:24:59.101] [info] Measurement 'upperarm_l_Y'
[2025-04-02 12:24:59.102] [info] 	pair 0 (LSHO, LLEP): model = 0.36913, experimental = 0.381374
[2025-04-02 12:24:59.102] [info] 	pair 1 (LSHO, LMEP): model = 0.370850, experimental = 0.389561
[2025-04-02 12:24:59.102] [info] 	overall scale factor = 1.04181
[2025-04-02 12:24:59.102] [info] Measurement 'upperarm_l_XZ'
[2025-04-02 12:24:59.102] [info] 	pair 0 (LMEP, LLEP): model = 0.0971668, experimental = 0.0798017
[2025-04-02 12:24:59.102] [info] 	overall scale factor = 0.821286
[2025-04-02 12:24:59.102] [info] Measurement 'lowerarm_l_Y'
[2025-04-02 12:24:59.102] [info] 	pair 0 (LMEP, LUL): model = 0.258051, experimental = 0.261926
[2025-04-02 12:24:59.102] [info] 	pair 1 (LLEP, LRAD): model = 0.264862, experimental = 0.260269
[2025-04-02 12:24:59.102] [info] 	overall scale factor = 0.998839
[2025-04-02 12:24:59.102] [info] Measurement 'lowerarm_l_XZ'
[2025-04-02 12:24:59.102] [info] 	pair 0 (LRAD, LUL): model = 0.0715567, experimental = 0.0750314
[2025-04-02 12:24:59.102] [info] 	pair 1 (LLEP, LMEP): model = 0.0971668, experimental = 0.0798017
[2025-04-02 12:24:59.102] [info] 	overall scale factor = 0.934922
[2025-04-02 12:24:59.102] [info] Measurement 'hand_l_XYZ'
[2025-04-02 12:24:59.102] [info] 	pair 0 (LRFIN, LRAD): model = 0.0914175, experimental = 0.0857299
[2025-04-02 12:24:59.102] [info] 	pair 1 (LUL, LRAD): model = 0.0715567, experimental = 0.0750314
[2025-04-02 12:24:59.102] [info] 	overall scale factor = 0.993171
[2025-04-02 12:24:59.102] [info] Measurement 'upperarm_r_Y'
[2025-04-02 12:24:59.102] [info] 	pair 0 (RSHO, RLEP): model = 0.369453, experimental = 0.379686
[2025-04-02 12:24:59.102] [info] 	overall scale factor = 1.0277
[2025-04-02 12:24:59.102] [info] Measurement 'upperarm_r_XZ'
[2025-04-02 12:24:59.103] [info] 	pair 0 (RMEP, RLEP): model = 0.0977635, experimental = 0.0750721
[2025-04-02 12:24:59.103] [info] 	overall scale factor = 0.767895
[2025-04-02 12:24:59.103] [info] Measurement 'lowerarm_r_Y'
[2025-04-02 12:24:59.103] [info] 	pair 0 (RMEP, RUL): model = 0.263703, experimental = 0.269653
[2025-04-02 12:24:59.103] [info] 	pair 1 (RLEP, RRAD): model = 0.267374, experimental = 0.264949
[2025-04-02 12:24:59.103] [info] 	overall scale factor = 1.00675
[2025-04-02 12:24:59.103] [info] Measurement 'lowerarm_r_XZ'
[2025-04-02 12:24:59.103] [info] 	pair 0 (RRAD, RUL): model = 0.0719501, experimental = 0.0690179
[2025-04-02 12:24:59.103] [info] 	pair 1 (RLEP, RMEP): model = 0.0977635, experimental = 0.0750721
[2025-04-02 12:24:59.103] [info] 	overall scale factor = 0.86357
[2025-04-02 12:24:59.103] [info] Measurement 'hand_r_XYZ'
[2025-04-02 12:24:59.103] [info] 	pair 0 (RUFIN, RRAD): model = 0.0991813, experimental = 0.0694128
[2025-04-02 12:24:59.103] [info] 	pair 1 (RUL, RRAD): model = 0.0719501, experimental = 0.0690179
[2025-04-02 12:24:59.103] [info] 	overall scale factor = 0.829551
[2025-04-02 12:24:59.103] [info] Measurement 'torso_Y'
[2025-04-02 12:24:59.103] [info] 	pair 0 (LSHO, LSACR): model = 0.463489, experimental = 0.4746
[2025-04-02 12:24:59.103] [info] 	pair 1 (RSHO, RSACR): model = 0.464616, experimental = 0.468121
[2025-04-02 12:24:59.103] [info] 	overall scale factor = 1.01576
[2025-04-02 12:24:59.103] [info] Measurement 'torso_Z'
[2025-04-02 12:24:59.103] [info] 	pair 0 (RSHO, LSHO): model = 0.293763, experimental = 0.311296
[2025-04-02 12:24:59.103] [info] 	overall scale factor = 1.05968
[2025-04-02 12:24:59.103] [info] Measurement 'Pelvis_X'
[2025-04-02 12:24:59.103] [info] 	pair 0 (RASI, RSACR): model = 0.204146, experimental = 0.205151
[2025-04-02 12:24:59.103] [info] 	pair 1 (LASI, LSACR): model = 0.206506, experimental = 0.212109
[2025-04-02 12:24:59.103] [info] 	overall scale factor = 1.01603
[2025-04-02 12:24:59.104] [info] Measurement 'Pelvis_Y'
[2025-04-02 12:24:59.104] [warning] Marker LHJC in Pelvis_Y measurement not found in C:\Git\research_data\Projects\squatting_fais\c3dfiles\009\SJ\SJ_post1.trc.
[2025-04-02 12:24:59.104] [info] Measurement 'Pelvis_Z'
[2025-04-02 12:24:59.104] [info] 	pair 0 (RASI, LASI): model = 0.243945, experimental = 0.214514
[2025-04-02 12:24:59.104] [warning] Marker RHJC in Pelvis_Z measurement not found in C:\Git\research_data\Projects\squatting_fais\c3dfiles\009\SJ\SJ_post1.trc.
[2025-04-02 12:24:59.104] [warning] Marker LHJC in Pelvis_Z measurement not found in C:\Git\research_data\Projects\squatting_fais\c3dfiles\009\SJ\SJ_post1.trc.
[2025-04-02 12:24:59.104] [info] Measurement 'thigh_r_Y'
[2025-04-02 12:24:59.104] [warning] Marker RHJC in thigh_r_Y measurement not found in C:\Git\research_data\Projects\squatting_fais\c3dfiles\009\SJ\SJ_post1.trc.
[2025-04-02 12:24:59.104] [warning] Marker RKJC in thigh_r_Y measurement not found in C:\Git\research_data\Projects\squatting_fais\c3dfiles\009\SJ\SJ_post1.trc.
[2025-04-02 12:24:59.104] [info] Measurement 'thigh_r_XZ'
[2025-04-02 12:24:59.104] [warning] Marker RMFC in thigh_r_XZ measurement not found in C:\Git\research_data\Projects\squatting_fais\c3dfiles\009\SJ\SJ_post1.trc.
[2025-04-02 12:24:59.104] [info] Measurement 'shank_r_Y'
[2025-04-02 12:24:59.104] [warning] Marker RAJC in shank_r_Y measurement not found in C:\Git\research_data\Projects\squatting_fais\c3dfiles\009\SJ\SJ_post1.trc.
[2025-04-02 12:24:59.104] [warning] Marker RKJC in shank_r_Y measurement not found in C:\Git\research_data\Projects\squatting_fais\c3dfiles\009\SJ\SJ_post1.trc.
[2025-04-02 12:24:59.104] [info] Measurement 'shank_r_XZ'
[2025-04-02 12:24:59.104] [warning] Marker RMFC in shank_r_XZ measurement not found in C:\Git\research_data\Projects\squatting_fais\c3dfiles\009\SJ\SJ_post1.trc.
[2025-04-02 12:24:59.104] [info] Measurement 'foot_r_XYZ'
[2025-04-02 12:24:59.104] [info] 	pair 0 (RHEE, RMT1): model = 0.219838, experimental = 0.223396
[2025-04-02 12:24:59.104] [info] 	pair 1 (RMT2, RMT1): model = 0.043732, experimental = 0.0426801
[2025-04-02 12:24:59.104] [info] 	overall scale factor = 0.996067
[2025-04-02 12:24:59.104] [info] Measurement 'thigh_l_Y'
[2025-04-02 12:24:59.104] [warning] Marker LKJC in thigh_l_Y measurement not found in C:\Git\research_data\Projects\squatting_fais\c3dfiles\009\SJ\SJ_post1.trc.
[2025-04-02 12:24:59.105] [warning] Marker LHJC in thigh_l_Y measurement not found in C:\Git\research_data\Projects\squatting_fais\c3dfiles\009\SJ\SJ_post1.trc.
[2025-04-02 12:24:59.105] [info] Measurement 'thigh_l_XZ'
[2025-04-02 12:24:59.105] [warning] Marker LMFC in thigh_l_XZ measurement not found in C:\Git\research_data\Projects\squatting_fais\c3dfiles\009\SJ\SJ_post1.trc.
[2025-04-02 12:24:59.105] [warning] Marker LLFC in thigh_l_XZ measurement not found in C:\Git\research_data\Projects\squatting_fais\c3dfiles\009\SJ\SJ_post1.trc.
[2025-04-02 12:24:59.105] [info] Measurement 'shank_l_Y'
[2025-04-02 12:24:59.105] [warning] Marker LKJC in shank_l_Y measurement not found in C:\Git\research_data\Projects\squatting_fais\c3dfiles\009\SJ\SJ_post1.trc.
[2025-04-02 12:24:59.105] [warning] Marker LAJC in shank_l_Y measurement not found in C:\Git\research_data\Projects\squatting_fais\c3dfiles\009\SJ\SJ_post1.trc.
[2025-04-02 12:24:59.105] [info] Measurement 'shank_l_XZ'
[2025-04-02 12:24:59.105] [warning] Marker LMFC in shank_l_XZ measurement not found in C:\Git\research_data\Projects\squatting_fais\c3dfiles\009\SJ\SJ_post1.trc.
[2025-04-02 12:24:59.105] [warning] Marker LLFC in shank_l_XZ measurement not found in C:\Git\research_data\Projects\squatting_fais\c3dfiles\009\SJ\SJ_post1.trc.
[2025-04-02 12:24:59.105] [info] Measurement 'foot_l'
[2025-04-02 12:24:59.105] [info] 	pair 0 (LHEE, LMT1): model = 0.220323, experimental = 0.221027
[2025-04-02 12:24:59.105] [info] 	overall scale factor = 1.00320
[2025-04-02 12:26:26.365] [info] Loaded marker file C:\Git\research_data\Projects\squatting_fais\models\..\c3dfiles\009\SJ\SJ_post1.trc (55 markers, 2773 frames)
[2025-04-02 12:26:26.366] [info] Measurement 'upperarm_l_Y'
[2025-04-02 12:26:26.366] [info] 	pair 0 (LSHO, LLEP): model = 0.36913, experimental = 0.381374
[2025-04-02 12:26:26.366] [info] 	pair 1 (LSHO, LMEP): model = 0.370850, experimental = 0.389561
[2025-04-02 12:26:26.366] [info] 	overall scale factor = 1.04181
[2025-04-02 12:26:26.366] [info] Measurement 'upperarm_l_XZ'
[2025-04-02 12:26:26.366] [info] 	pair 0 (LMEP, LLEP): model = 0.0971668, experimental = 0.0798017
[2025-04-02 12:26:26.366] [info] 	overall scale factor = 0.821286
[2025-04-02 12:26:26.367] [info] Measurement 'lowerarm_l_Y'
[2025-04-02 12:26:26.367] [info] 	pair 0 (LMEP, LUL): model = 0.258051, experimental = 0.261926
[2025-04-02 12:26:26.367] [info] 	pair 1 (LLEP, LRAD): model = 0.264862, experimental = 0.260269
[2025-04-02 12:26:26.367] [info] 	overall scale factor = 0.998839
[2025-04-02 12:26:26.367] [info] Measurement 'lowerarm_l_XZ'
[2025-04-02 12:26:26.367] [info] 	pair 0 (LRAD, LUL): model = 0.0715567, experimental = 0.0750314
[2025-04-02 12:26:26.367] [info] 	pair 1 (LLEP, LMEP): model = 0.0971668, experimental = 0.0798017
[2025-04-02 12:26:26.367] [info] 	overall scale factor = 0.934922
[2025-04-02 12:26:26.367] [info] Measurement 'hand_l_XYZ'
[2025-04-02 12:26:26.367] [info] 	pair 0 (LRFIN, LRAD): model = 0.0914175, experimental = 0.0857299
[2025-04-02 12:26:26.367] [info] 	pair 1 (LUL, LRAD): model = 0.0715567, experimental = 0.0750314
[2025-04-02 12:26:26.367] [info] 	overall scale factor = 0.993171
[2025-04-02 12:26:26.367] [info] Measurement 'upperarm_r_Y'
[2025-04-02 12:26:26.367] [info] 	pair 0 (RSHO, RLEP): model = 0.369453, experimental = 0.379686
[2025-04-02 12:26:26.367] [info] 	overall scale factor = 1.0277
[2025-04-02 12:26:26.367] [info] Measurement 'upperarm_r_XZ'
[2025-04-02 12:26:26.367] [info] 	pair 0 (RMEP, RLEP): model = 0.0977635, experimental = 0.0750721
[2025-04-02 12:26:26.367] [info] 	overall scale factor = 0.767895
[2025-04-02 12:26:26.367] [info] Measurement 'lowerarm_r_Y'
[2025-04-02 12:26:26.367] [info] 	pair 0 (RMEP, RUL): model = 0.263703, experimental = 0.269653
[2025-04-02 12:26:26.367] [info] 	pair 1 (RLEP, RRAD): model = 0.267374, experimental = 0.264949
[2025-04-02 12:26:26.367] [info] 	overall scale factor = 1.00675
[2025-04-02 12:26:26.367] [info] Measurement 'lowerarm_r_XZ'
[2025-04-02 12:26:26.367] [info] 	pair 0 (RRAD, RUL): model = 0.0719501, experimental = 0.0690179
[2025-04-02 12:26:26.367] [info] 	pair 1 (RLEP, RMEP): model = 0.0977635, experimental = 0.0750721
[2025-04-02 12:26:26.367] [info] 	overall scale factor = 0.86357
[2025-04-02 12:26:26.367] [info] Measurement 'hand_r_XYZ'
[2025-04-02 12:26:26.367] [info] 	pair 0 (RUFIN, RRAD): model = 0.0991813, experimental = 0.0694128
[2025-04-02 12:26:26.367] [info] 	pair 1 (RUL, RRAD): model = 0.0719501, experimental = 0.0690179
[2025-04-02 12:26:26.367] [info] 	overall scale factor = 0.829551
[2025-04-02 12:26:26.367] [info] Measurement 'torso_Y'
[2025-04-02 12:26:26.367] [info] 	pair 0 (LSHO, LSACR): model = 0.463489, experimental = 0.4746
[2025-04-02 12:26:26.367] [info] 	pair 1 (RSHO, RSACR): model = 0.464616, experimental = 0.468121
[2025-04-02 12:26:26.367] [info] 	overall scale factor = 1.01576
[2025-04-02 12:26:26.367] [info] Measurement 'torso_Z'
[2025-04-02 12:26:26.367] [info] 	pair 0 (RSHO, LSHO): model = 0.293763, experimental = 0.311296
[2025-04-02 12:26:26.367] [info] 	overall scale factor = 1.05968
[2025-04-02 12:26:26.367] [info] Measurement 'Pelvis_X'
[2025-04-02 12:26:26.367] [info] 	pair 0 (RASI, RSACR): model = 0.204146, experimental = 0.205151
[2025-04-02 12:26:26.367] [info] 	pair 1 (LASI, LSACR): model = 0.206506, experimental = 0.212109
[2025-04-02 12:26:26.367] [info] 	overall scale factor = 1.01603
[2025-04-02 12:26:26.367] [info] Measurement 'Pelvis_Y'
[2025-04-02 12:26:26.367] [warning] Marker LHJC in Pelvis_Y measurement not found in C:\Git\research_data\Projects\squatting_fais\models\..\c3dfiles\009\SJ\SJ_post1.trc.
[2025-04-02 12:26:26.367] [info] Measurement 'Pelvis_Z'
[2025-04-02 12:26:26.367] [info] 	pair 0 (RASI, LASI): model = 0.243945, experimental = 0.214514
[2025-04-02 12:26:26.367] [warning] Marker RHJC in Pelvis_Z measurement not found in C:\Git\research_data\Projects\squatting_fais\models\..\c3dfiles\009\SJ\SJ_post1.trc.
[2025-04-02 12:26:26.367] [warning] Marker LHJC in Pelvis_Z measurement not found in C:\Git\research_data\Projects\squatting_fais\models\..\c3dfiles\009\SJ\SJ_post1.trc.
[2025-04-02 12:26:26.367] [info] Measurement 'thigh_r_Y'
[2025-04-02 12:26:26.367] [warning] Marker RHJC in thigh_r_Y measurement not found in C:\Git\research_data\Projects\squatting_fais\models\..\c3dfiles\009\SJ\SJ_post1.trc.
[2025-04-02 12:26:26.367] [warning] Marker RKJC in thigh_r_Y measurement not found in C:\Git\research_data\Projects\squatting_fais\models\..\c3dfiles\009\SJ\SJ_post1.trc.
[2025-04-02 12:26:26.367] [info] Measurement 'thigh_r_XZ'
[2025-04-02 12:26:26.367] [warning] Marker RMFC in thigh_r_XZ measurement not found in C:\Git\research_data\Projects\squatting_fais\models\..\c3dfiles\009\SJ\SJ_post1.trc.
[2025-04-02 12:26:26.367] [info] Measurement 'shank_r_Y'
[2025-04-02 12:26:26.367] [warning] Marker RAJC in shank_r_Y measurement not found in C:\Git\research_data\Projects\squatting_fais\models\..\c3dfiles\009\SJ\SJ_post1.trc.
[2025-04-02 12:26:26.367] [warning] Marker RKJC in shank_r_Y measurement not found in C:\Git\research_data\Projects\squatting_fais\models\..\c3dfiles\009\SJ\SJ_post1.trc.
[2025-04-02 12:26:26.368] [info] Measurement 'shank_r_XZ'
[2025-04-02 12:26:26.368] [warning] Marker RMFC in shank_r_XZ measurement not found in C:\Git\research_data\Projects\squatting_fais\models\..\c3dfiles\009\SJ\SJ_post1.trc.
[2025-04-02 12:26:26.368] [info] Measurement 'foot_r_XYZ'
[2025-04-02 12:26:26.368] [info] 	pair 0 (RHEE, RMT1): model = 0.219838, experimental = 0.223396
[2025-04-02 12:26:26.368] [info] 	pair 1 (RMT2, RMT1): model = 0.043732, experimental = 0.0426801
[2025-04-02 12:26:26.368] [info] 	overall scale factor = 0.996067
[2025-04-02 12:26:26.368] [info] Measurement 'thigh_l_Y'
[2025-04-02 12:26:26.368] [warning] Marker LKJC in thigh_l_Y measurement not found in C:\Git\research_data\Projects\squatting_fais\models\..\c3dfiles\009\SJ\SJ_post1.trc.
[2025-04-02 12:26:26.368] [warning] Marker LHJC in thigh_l_Y measurement not found in C:\Git\research_data\Projects\squatting_fais\models\..\c3dfiles\009\SJ\SJ_post1.trc.
[2025-04-02 12:26:26.368] [info] Measurement 'thigh_l_XZ'
[2025-04-02 12:26:26.368] [warning] Marker LMFC in thigh_l_XZ measurement not found in C:\Git\research_data\Projects\squatting_fais\models\..\c3dfiles\009\SJ\SJ_post1.trc.
[2025-04-02 12:26:26.368] [warning] Marker LLFC in thigh_l_XZ measurement not found in C:\Git\research_data\Projects\squatting_fais\models\..\c3dfiles\009\SJ\SJ_post1.trc.
[2025-04-02 12:26:26.368] [info] Measurement 'shank_l_Y'
[2025-04-02 12:26:26.368] [warning] Marker LKJC in shank_l_Y measurement not found in C:\Git\research_data\Projects\squatting_fais\models\..\c3dfiles\009\SJ\SJ_post1.trc.
[2025-04-02 12:26:26.368] [warning] Marker LAJC in shank_l_Y measurement not found in C:\Git\research_data\Projects\squatting_fais\models\..\c3dfiles\009\SJ\SJ_post1.trc.
[2025-04-02 12:26:26.368] [info] Measurement 'shank_l_XZ'
[2025-04-02 12:26:26.368] [warning] Marker LMFC in shank_l_XZ measurement not found in C:\Git\research_data\Projects\squatting_fais\models\..\c3dfiles\009\SJ\SJ_post1.trc.
[2025-04-02 12:26:26.368] [warning] Marker LLFC in shank_l_XZ measurement not found in C:\Git\research_data\Projects\squatting_fais\models\..\c3dfiles\009\SJ\SJ_post1.trc.
[2025-04-02 12:26:26.368] [info] Measurement 'foot_l'
[2025-04-02 12:26:26.368] [info] 	pair 0 (LHEE, LMT1): model = 0.220323, experimental = 0.221027
[2025-04-02 12:26:26.368] [info] 	overall scale factor = 1.00320
[2025-04-02 12:26:26.494] [info] Loaded marker file C:\Git\research_data\Projects\squatting_fais\models\..\c3dfiles\009\SJ\SJ_post1.trc (55 markers, 2773 frames)
[2025-04-02 12:27:52.297] [info] Measurement 'thigh_r_Y'
[2025-04-02 12:27:52.297] [warning] Marker RKJC in thigh_r_Y measurement not found in C:\Git\research_data\Projects\squatting_fais\models\..\c3dfiles\009\SJ\SJ_post1.trc.
[2025-04-02 12:28:49.777] [info] Measurement 'thigh_r_Y'
[2025-04-02 12:28:49.777] [info] 	pair 0 (RASI, RLFC): model = 0.532321, experimental = 0.494947
[2025-04-02 12:28:49.777] [info] 	overall scale factor = 0.929791
[2025-04-02 12:29:03.652] [info] Measurement 'Pelvis_Y'
[2025-04-02 12:29:03.652] [info] 	pair 0 (LSACR, LASI): model = 0.206506, experimental = 0.212109
[2025-04-02 12:29:03.652] [warning] Marker RHJC in Pelvis_Y measurement not found in C:\Git\research_data\Projects\squatting_fais\models\..\c3dfiles\009\SJ\SJ_post1.trc.
[2025-04-02 12:29:08.347] [info] Measurement 'Pelvis_Y'
[2025-04-02 12:29:08.347] [info] 	pair 0 (LSACR, LASI): model = 0.206506, experimental = 0.212109
[2025-04-02 12:29:08.347] [info] 	pair 1 (RSACR, RASI): model = 0.204146, experimental = 0.205151
[2025-04-02 12:29:08.347] [info] 	overall scale factor = 1.01603
[2025-04-02 12:29:11.307] [info] Measurement 'Pelvis_Z'
[2025-04-02 12:29:11.307] [info] 	pair 0 (RASI, LASI): model = 0.243945, experimental = 0.214514
[2025-04-02 12:29:11.307] [info] 	overall scale factor = 0.879356
[2025-04-02 12:29:14.562] [info] Measurement 'shank_r_XZ'
[2025-04-02 12:29:14.562] [warning] Marker RMFC in shank_r_XZ measurement not found in C:\Git\research_data\Projects\squatting_fais\models\..\c3dfiles\009\SJ\SJ_post1.trc.
[2025-04-02 12:29:22.521] [info] Measurement 'shank_r_XZ'
[2025-04-02 12:29:22.521] [info] 	pair 0 (RLFC, RLFC): model = 0.0, experimental = 0.0
[2025-04-02 12:29:22.521] [info] 	overall scale factor = -nan
[2025-04-02 12:29:28.845] [info] Measurement 'shank_r_Y'
[2025-04-02 12:29:28.845] [warning] Marker RMMAL in shank_r_Y measurement not found in C:\Git\research_data\Projects\squatting_fais\models\..\c3dfiles\009\SJ\SJ_post1.trc.
[2025-04-02 12:29:28.845] [warning] Marker RKJC in shank_r_Y measurement not found in C:\Git\research_data\Projects\squatting_fais\models\..\c3dfiles\009\SJ\SJ_post1.trc.
[2025-04-02 12:29:32.511] [info] Measurement 'shank_r_Y'
[2025-04-02 12:29:32.511] [warning] Marker RMMAL in shank_r_Y measurement not found in C:\Git\research_data\Projects\squatting_fais\models\..\c3dfiles\009\SJ\SJ_post1.trc.
[2025-04-02 12:29:32.511] [warning] Marker RKJC in shank_r_Y measurement not found in C:\Git\research_data\Projects\squatting_fais\models\..\c3dfiles\009\SJ\SJ_post1.trc.
[2025-04-02 12:29:36.142] [info] Measurement 'shank_r_Y'
[2025-04-02 12:29:36.142] [warning] Marker RKJC in shank_r_Y measurement not found in C:\Git\research_data\Projects\squatting_fais\models\..\c3dfiles\009\SJ\SJ_post1.trc.
[2025-04-02 12:29:40.116] [info] Measurement 'shank_r_Y'
[2025-04-02 12:29:40.116] [info] 	pair 0 (RLMAL, RLFC): model = 0.411319, experimental = 0.435642
[2025-04-02 12:29:40.116] [info] 	overall scale factor = 1.05913
[2025-04-02 12:29:50.527] [info] Measurement 'thigh_r_XZ'
[2025-04-02 12:29:50.527] [info] 	pair 0 (RLFC, RLFC): model = 0.0, experimental = 0.0
[2025-04-02 12:29:50.527] [info] 	overall scale factor = -nan
[2025-04-02 12:30:07.423] [info] Measurement 'thigh_l_Y'
[2025-04-02 12:30:07.423] [warning] Marker LLFC in thigh_l_Y measurement not found in C:\Git\research_data\Projects\squatting_fais\models\..\c3dfiles\009\SJ\SJ_post1.trc.
[2025-04-02 12:30:07.423] [warning] Marker LHJC in thigh_l_Y measurement not found in C:\Git\research_data\Projects\squatting_fais\models\..\c3dfiles\009\SJ\SJ_post1.trc.
[2025-04-02 12:30:13.249] [info] Measurement 'thigh_l_XZ'
[2025-04-02 12:30:35.106] [info] Measurement 'thigh_l_Y'
[2025-04-02 12:30:35.106] [warning] Marker LLFC in thigh_l_Y measurement not found in C:\Git\research_data\Projects\squatting_fais\models\..\c3dfiles\009\SJ\SJ_post1.trc.
[2025-04-02 12:30:35.106] [warning] Marker LHJC in thigh_l_Y measurement not found in C:\Git\research_data\Projects\squatting_fais\models\..\c3dfiles\009\SJ\SJ_post1.trc.
[2025-04-02 12:32:09.403] [info] Measurement 'upperarm_l_Y'
[2025-04-02 12:32:09.403] [info] 	pair 0 (LSHO, LLEP): model = 0.36913, experimental = 0.381321
[2025-04-02 12:32:09.403] [info] 	pair 1 (LSHO, LMEP): model = 0.370850, experimental = 0.389387
[2025-04-02 12:32:09.403] [info] 	overall scale factor = 1.04151
[2025-04-02 12:32:09.403] [info] Measurement 'upperarm_l_XZ'
[2025-04-02 12:32:09.404] [info] 	pair 0 (LMEP, LLEP): model = 0.0971668, experimental = 0.079759
[2025-04-02 12:32:09.404] [info] 	overall scale factor = 0.820845
[2025-04-02 12:32:09.404] [info] Measurement 'lowerarm_l_Y'
[2025-04-02 12:32:09.404] [info] 	pair 0 (LMEP, LUL): model = 0.258051, experimental = 0.261782
[2025-04-02 12:32:09.404] [info] 	pair 1 (LLEP, LRAD): model = 0.264862, experimental = 0.260445
[2025-04-02 12:32:09.404] [info] 	overall scale factor = 0.998893
[2025-04-02 12:32:09.404] [info] Measurement 'lowerarm_l_XZ'
[2025-04-02 12:32:09.404] [info] 	pair 0 (LRAD, LUL): model = 0.0715567, experimental = 0.0750493
[2025-04-02 12:32:09.404] [info] 	pair 1 (LLEP, LMEP): model = 0.0971668, experimental = 0.079759
[2025-04-02 12:32:09.404] [info] 	overall scale factor = 0.934827
[2025-04-02 12:32:09.404] [info] Measurement 'hand_l_XYZ'
[2025-04-02 12:32:09.404] [info] 	pair 0 (LRFIN, LRAD): model = 0.0914175, experimental = 0.0859444
[2025-04-02 12:32:09.404] [info] 	pair 1 (LUL, LRAD): model = 0.0715567, experimental = 0.0750493
[2025-04-02 12:32:09.404] [info] 	overall scale factor = 0.994469
[2025-04-02 12:32:09.404] [info] Measurement 'upperarm_r_Y'
[2025-04-02 12:32:09.404] [info] 	pair 0 (RSHO, RLEP): model = 0.369453, experimental = 0.379701
[2025-04-02 12:32:09.404] [info] 	overall scale factor = 1.02774
[2025-04-02 12:32:09.404] [info] Measurement 'upperarm_r_XZ'
[2025-04-02 12:32:09.404] [info] 	pair 0 (RMEP, RLEP): model = 0.0977635, experimental = 0.0749685
[2025-04-02 12:32:09.404] [info] 	overall scale factor = 0.766835
[2025-04-02 12:32:09.404] [info] Measurement 'lowerarm_r_Y'
[2025-04-02 12:32:09.404] [info] 	pair 0 (RMEP, RUL): model = 0.263703, experimental = 0.269652
[2025-04-02 12:32:09.404] [info] 	pair 1 (RLEP, RRAD): model = 0.267374, experimental = 0.264991
[2025-04-02 12:32:09.404] [info] 	overall scale factor = 1.00682
[2025-04-02 12:32:09.404] [info] Measurement 'lowerarm_r_XZ'
[2025-04-02 12:32:09.404] [info] 	pair 0 (RRAD, RUL): model = 0.0719501, experimental = 0.0691482
[2025-04-02 12:32:09.405] [info] 	pair 1 (RLEP, RMEP): model = 0.0977635, experimental = 0.0749685
[2025-04-02 12:32:09.405] [info] 	overall scale factor = 0.863946
[2025-04-02 12:32:09.405] [info] Measurement 'hand_r_XYZ'
[2025-04-02 12:32:09.405] [info] 	pair 0 (RUFIN, RRAD): model = 0.0991813, experimental = 0.0694859
[2025-04-02 12:32:09.405] [info] 	pair 1 (RUL, RRAD): model = 0.0719501, experimental = 0.0691482
[2025-04-02 12:32:09.405] [info] 	overall scale factor = 0.830826
[2025-04-02 12:32:09.405] [info] Measurement 'torso_Y'
[2025-04-02 12:32:09.405] [info] 	pair 0 (LSHO, LSACR): model = 0.463489, experimental = 0.474697
[2025-04-02 12:32:09.405] [info] 	pair 1 (RSHO, RSACR): model = 0.464616, experimental = 0.468446
[2025-04-02 12:32:09.405] [info] 	overall scale factor = 1.01621
[2025-04-02 12:32:09.405] [info] Measurement 'torso_Z'
[2025-04-02 12:32:09.405] [info] 	pair 0 (RSHO, LSHO): model = 0.293763, experimental = 0.311243
[2025-04-02 12:32:09.405] [info] 	overall scale factor = 1.05951
[2025-04-02 12:32:09.405] [info] Measurement 'Pelvis_X'
[2025-04-02 12:32:09.405] [info] 	pair 0 (RASI, RSACR): model = 0.204146, experimental = 0.205088
[2025-04-02 12:32:09.405] [info] 	pair 1 (LASI, LSACR): model = 0.206506, experimental = 0.212602
[2025-04-02 12:32:09.405] [info] 	overall scale factor = 1.01706
[2025-04-02 12:32:09.405] [info] Measurement 'Pelvis_Y'
[2025-04-02 12:32:09.405] [info] 	pair 0 (LSACR, LASI): model = 0.206506, experimental = 0.212602
[2025-04-02 12:32:09.405] [info] 	pair 1 (RSACR, RASI): model = 0.204146, experimental = 0.205088
[2025-04-02 12:32:09.405] [info] 	overall scale factor = 1.01706
[2025-04-02 12:32:09.405] [info] Measurement 'Pelvis_Z'
[2025-04-02 12:32:09.405] [info] 	pair 0 (RASI, LASI): model = 0.243945, experimental = 0.215053
[2025-04-02 12:32:09.405] [info] 	overall scale factor = 0.881565
[2025-04-02 12:32:09.405] [info] Measurement 'thigh_r_Y'
[2025-04-02 12:32:09.406] [info] 	pair 0 (RASI, RLFC): model = 0.532321, experimental = 0.495028
[2025-04-02 12:32:09.406] [info] 	overall scale factor = 0.929942
[2025-04-02 12:32:09.406] [info] Measurement 'shank_r_Y'
[2025-04-02 12:32:09.406] [info] 	pair 0 (RLMAL, RLFC): model = 0.411319, experimental = 0.435695
[2025-04-02 12:32:09.406] [info] 	overall scale factor = 1.05926
[2025-04-02 12:32:09.406] [info] Measurement 'foot_r_XYZ'
[2025-04-02 12:32:09.406] [info] 	pair 0 (RHEE, RMT1): model = 0.219838, experimental = 0.223388
[2025-04-02 12:32:09.406] [info] 	pair 1 (RMT2, RMT1): model = 0.043732, experimental = 0.0424801
[2025-04-02 12:32:09.406] [info] 	overall scale factor = 0.99376
[2025-04-02 12:32:09.406] [info] Measurement 'foot_l'
[2025-04-02 12:32:09.406] [info] 	pair 0 (LHEE, LMT1): model = 0.220323, experimental = 0.220956
[2025-04-02 12:32:09.406] [info] 	overall scale factor = 1.00287
[2025-04-02 12:32:21.931] [info] Loaded marker file C:/Git/research_data/Projects/squatting_fais/models/../c3dfiles/009/SJ/SJ_post1.trc (55 markers, 2773 frames)
[2025-04-02 12:32:21.932] [info] Measurement 'upperarm_l_Y'
[2025-04-02 12:32:21.932] [info] 	pair 0 (LSHO, LLEP): model = 0.36913, experimental = 0.381374
[2025-04-02 12:32:21.932] [info] 	pair 1 (LSHO, LMEP): model = 0.370850, experimental = 0.389561
[2025-04-02 12:32:21.932] [info] 	overall scale factor = 1.04181
[2025-04-02 12:32:21.932] [info] Measurement 'upperarm_l_XZ'
[2025-04-02 12:32:21.932] [info] 	pair 0 (LMEP, LLEP): model = 0.0971668, experimental = 0.0798017
[2025-04-02 12:32:21.932] [info] 	overall scale factor = 0.821286
[2025-04-02 12:32:21.932] [info] Measurement 'lowerarm_l_Y'
[2025-04-02 12:32:21.932] [info] 	pair 0 (LMEP, LUL): model = 0.258051, experimental = 0.261926
[2025-04-02 12:32:21.932] [info] 	pair 1 (LLEP, LRAD): model = 0.264862, experimental = 0.260269
[2025-04-02 12:32:21.932] [info] 	overall scale factor = 0.998839
[2025-04-02 12:32:21.932] [info] Measurement 'lowerarm_l_XZ'
[2025-04-02 12:32:21.932] [info] 	pair 0 (LRAD, LUL): model = 0.0715567, experimental = 0.0750314
[2025-04-02 12:32:21.932] [info] 	pair 1 (LLEP, LMEP): model = 0.0971668, experimental = 0.0798017
[2025-04-02 12:32:21.932] [info] 	overall scale factor = 0.934922
[2025-04-02 12:32:21.932] [info] Measurement 'hand_l_XYZ'
[2025-04-02 12:32:21.933] [info] 	pair 0 (LRFIN, LRAD): model = 0.0914175, experimental = 0.0857299
[2025-04-02 12:32:21.933] [info] 	pair 1 (LUL, LRAD): model = 0.0715567, experimental = 0.0750314
[2025-04-02 12:32:21.933] [info] 	overall scale factor = 0.993171
[2025-04-02 12:32:21.933] [info] Measurement 'upperarm_r_Y'
[2025-04-02 12:32:21.933] [info] 	pair 0 (RSHO, RLEP): model = 0.369453, experimental = 0.379686
[2025-04-02 12:32:21.933] [info] 	overall scale factor = 1.0277
[2025-04-02 12:32:21.933] [info] Measurement 'upperarm_r_XZ'
[2025-04-02 12:32:21.933] [info] 	pair 0 (RMEP, RLEP): model = 0.0977635, experimental = 0.0750721
[2025-04-02 12:32:21.933] [info] 	overall scale factor = 0.767895
[2025-04-02 12:32:21.933] [info] Measurement 'lowerarm_r_Y'
[2025-04-02 12:32:21.933] [info] 	pair 0 (RMEP, RUL): model = 0.263703, experimental = 0.269653
[2025-04-02 12:32:21.933] [info] 	pair 1 (RLEP, RRAD): model = 0.267374, experimental = 0.264949
[2025-04-02 12:32:21.933] [info] 	overall scale factor = 1.00675
[2025-04-02 12:32:21.933] [info] Measurement 'lowerarm_r_XZ'
[2025-04-02 12:32:21.933] [info] 	pair 0 (RRAD, RUL): model = 0.0719501, experimental = 0.0690179
[2025-04-02 12:32:21.933] [info] 	pair 1 (RLEP, RMEP): model = 0.0977635, experimental = 0.0750721
[2025-04-02 12:32:21.933] [info] 	overall scale factor = 0.86357
[2025-04-02 12:32:21.933] [info] Measurement 'hand_r_XYZ'
[2025-04-02 12:32:21.933] [info] 	pair 0 (RUFIN, RRAD): model = 0.0991813, experimental = 0.0694128
[2025-04-02 12:32:21.933] [info] 	pair 1 (RUL, RRAD): model = 0.0719501, experimental = 0.0690179
[2025-04-02 12:32:21.933] [info] 	overall scale factor = 0.829551
[2025-04-02 12:32:21.933] [info] Measurement 'torso_Y'
[2025-04-02 12:32:21.933] [info] 	pair 0 (LSHO, LSACR): model = 0.463489, experimental = 0.4746
[2025-04-02 12:32:21.933] [info] 	pair 1 (RSHO, RSACR): model = 0.464616, experimental = 0.468121
[2025-04-02 12:32:21.933] [info] 	overall scale factor = 1.01576
[2025-04-02 12:32:21.933] [info] Measurement 'torso_Z'
[2025-04-02 12:32:21.933] [info] 	pair 0 (RSHO, LSHO): model = 0.293763, experimental = 0.311296
[2025-04-02 12:32:21.933] [info] 	overall scale factor = 1.05968
[2025-04-02 12:32:21.933] [info] Measurement 'Pelvis_X'
[2025-04-02 12:32:21.933] [info] 	pair 0 (RASI, RSACR): model = 0.204146, experimental = 0.205151
[2025-04-02 12:32:21.933] [info] 	pair 1 (LASI, LSACR): model = 0.206506, experimental = 0.212109
[2025-04-02 12:32:21.933] [info] 	overall scale factor = 1.01603
[2025-04-02 12:32:21.933] [info] Measurement 'Pelvis_Y'
[2025-04-02 12:32:21.933] [info] 	pair 0 (LSACR, LASI): model = 0.206506, experimental = 0.212109
[2025-04-02 12:32:21.933] [info] 	pair 1 (RSACR, RASI): model = 0.204146, experimental = 0.205151
[2025-04-02 12:32:21.933] [info] 	overall scale factor = 1.01603
[2025-04-02 12:32:21.933] [info] Measurement 'Pelvis_Z'
[2025-04-02 12:32:21.933] [info] 	pair 0 (RASI, LASI): model = 0.243945, experimental = 0.214514
[2025-04-02 12:32:21.933] [info] 	overall scale factor = 0.879356
[2025-04-02 12:32:21.933] [info] Measurement 'thigh_r_Y'
[2025-04-02 12:32:21.933] [info] 	pair 0 (RASI, RLFC): model = 0.532321, experimental = 0.494947
[2025-04-02 12:32:21.933] [info] 	overall scale factor = 0.929791
[2025-04-02 12:32:21.933] [info] Measurement 'shank_r_Y'
[2025-04-02 12:32:21.933] [info] 	pair 0 (RLMAL, RLFC): model = 0.411319, experimental = 0.435642
[2025-04-02 12:32:21.933] [info] 	overall scale factor = 1.05913
[2025-04-02 12:32:21.933] [info] Measurement 'foot_r_XYZ'
[2025-04-02 12:32:21.933] [info] 	pair 0 (RHEE, RMT1): model = 0.219838, experimental = 0.223396
[2025-04-02 12:32:21.933] [info] 	pair 1 (RMT2, RMT1): model = 0.043732, experimental = 0.0426801
[2025-04-02 12:32:21.933] [info] 	overall scale factor = 0.996067
[2025-04-02 12:32:21.933] [info] Measurement 'foot_l'
[2025-04-02 12:32:21.933] [info] 	pair 0 (LHEE, LMT1): model = 0.220323, experimental = 0.221027
[2025-04-02 12:32:21.933] [info] 	overall scale factor = 1.00320
[2025-04-02 12:32:22.063] [info] Loaded marker file C:/Git/research_data/Projects/squatting_fais/models/../c3dfiles/009/SJ/SJ_post1.trc (55 markers, 2773 frames)
[2025-04-02 12:32:28.228] [info] Loaded marker file C:/Git/research_data/Projects/squatting_fais/models/../c3dfiles/009/SJ/SJ_post1.trc (55 markers, 2773 frames)
[2025-04-02 12:32:28.229] [info] Measurement 'upperarm_l_Y'
[2025-04-02 12:32:28.229] [info] 	pair 0 (LSHO, LLEP): model = 0.36913, experimental = 0.381374
[2025-04-02 12:32:28.229] [info] 	pair 1 (LSHO, LMEP): model = 0.370850, experimental = 0.389561
[2025-04-02 12:32:28.229] [info] 	overall scale factor = 1.04181
[2025-04-02 12:32:28.229] [info] Measurement 'upperarm_l_XZ'
[2025-04-02 12:32:28.229] [info] 	pair 0 (LMEP, LLEP): model = 0.0971668, experimental = 0.0798017
[2025-04-02 12:32:28.229] [info] 	overall scale factor = 0.821286
[2025-04-02 12:32:28.229] [info] Measurement 'lowerarm_l_Y'
[2025-04-02 12:32:28.229] [info] 	pair 0 (LMEP, LUL): model = 0.258051, experimental = 0.261926
[2025-04-02 12:32:28.229] [info] 	pair 1 (LLEP, LRAD): model = 0.264862, experimental = 0.260269
[2025-04-02 12:32:28.229] [info] 	overall scale factor = 0.998839
[2025-04-02 12:32:28.229] [info] Measurement 'lowerarm_l_XZ'
[2025-04-02 12:32:28.229] [info] 	pair 0 (LRAD, LUL): model = 0.0715567, experimental = 0.0750314
[2025-04-02 12:32:28.229] [info] 	pair 1 (LLEP, LMEP): model = 0.0971668, experimental = 0.0798017
[2025-04-02 12:32:28.229] [info] 	overall scale factor = 0.934922
[2025-04-02 12:32:28.229] [info] Measurement 'hand_l_XYZ'
[2025-04-02 12:32:28.229] [info] 	pair 0 (LRFIN, LRAD): model = 0.0914175, experimental = 0.0857299
[2025-04-02 12:32:28.229] [info] 	pair 1 (LUL, LRAD): model = 0.0715567, experimental = 0.0750314
[2025-04-02 12:32:28.229] [info] 	overall scale factor = 0.993171
[2025-04-02 12:32:28.229] [info] Measurement 'upperarm_r_Y'
[2025-04-02 12:32:28.229] [info] 	pair 0 (RSHO, RLEP): model = 0.369453, experimental = 0.379686
[2025-04-02 12:32:28.229] [info] 	overall scale factor = 1.0277
[2025-04-02 12:32:28.229] [info] Measurement 'upperarm_r_XZ'
[2025-04-02 12:32:28.229] [info] 	pair 0 (RMEP, RLEP): model = 0.0977635, experimental = 0.0750721
[2025-04-02 12:32:28.229] [info] 	overall scale factor = 0.767895
[2025-04-02 12:32:28.229] [info] Measurement 'lowerarm_r_Y'
[2025-04-02 12:32:28.229] [info] 	pair 0 (RMEP, RUL): model = 0.263703, experimental = 0.269653
[2025-04-02 12:32:28.229] [info] 	pair 1 (RLEP, RRAD): model = 0.267374, experimental = 0.264949
[2025-04-02 12:32:28.229] [info] 	overall scale factor = 1.00675
[2025-04-02 12:32:28.229] [info] Measurement 'lowerarm_r_XZ'
[2025-04-02 12:32:28.229] [info] 	pair 0 (RRAD, RUL): model = 0.0719501, experimental = 0.0690179
[2025-04-02 12:32:28.229] [info] 	pair 1 (RLEP, RMEP): model = 0.0977635, experimental = 0.0750721
[2025-04-02 12:32:28.229] [info] 	overall scale factor = 0.86357
[2025-04-02 12:32:28.229] [info] Measurement 'hand_r_XYZ'
[2025-04-02 12:32:28.229] [info] 	pair 0 (RUFIN, RRAD): model = 0.0991813, experimental = 0.0694128
[2025-04-02 12:32:28.229] [info] 	pair 1 (RUL, RRAD): model = 0.0719501, experimental = 0.0690179
[2025-04-02 12:32:28.229] [info] 	overall scale factor = 0.829551
[2025-04-02 12:32:28.229] [info] Measurement 'torso_Y'
[2025-04-02 12:32:28.229] [info] 	pair 0 (LSHO, LSACR): model = 0.463489, experimental = 0.4746
[2025-04-02 12:32:28.229] [info] 	pair 1 (RSHO, RSACR): model = 0.464616, experimental = 0.468121
[2025-04-02 12:32:28.229] [info] 	overall scale factor = 1.01576
[2025-04-02 12:32:28.230] [info] Measurement 'torso_Z'
[2025-04-02 12:32:28.230] [info] 	pair 0 (RSHO, LSHO): model = 0.293763, experimental = 0.311296
[2025-04-02 12:32:28.230] [info] 	overall scale factor = 1.05968
[2025-04-02 12:32:28.230] [info] Measurement 'Pelvis_X'
[2025-04-02 12:32:28.230] [info] 	pair 0 (RASI, RSACR): model = 0.204146, experimental = 0.205151
[2025-04-02 12:32:28.230] [info] 	pair 1 (LASI, LSACR): model = 0.206506, experimental = 0.212109
[2025-04-02 12:32:28.230] [info] 	overall scale factor = 1.01603
[2025-04-02 12:32:28.230] [info] Measurement 'Pelvis_Y'
[2025-04-02 12:32:28.230] [info] 	pair 0 (LSACR, LASI): model = 0.206506, experimental = 0.212109
[2025-04-02 12:32:28.230] [info] 	pair 1 (RSACR, RASI): model = 0.204146, experimental = 0.205151
[2025-04-02 12:32:28.230] [info] 	overall scale factor = 1.01603
[2025-04-02 12:32:28.230] [info] Measurement 'Pelvis_Z'
[2025-04-02 12:32:28.230] [info] 	pair 0 (RASI, LASI): model = 0.243945, experimental = 0.214514
[2025-04-02 12:32:28.230] [info] 	overall scale factor = 0.879356
[2025-04-02 12:32:28.230] [info] Measurement 'thigh_r_Y'
[2025-04-02 12:32:28.230] [info] 	pair 0 (RASI, RLFC): model = 0.532321, experimental = 0.494947
[2025-04-02 12:32:28.230] [info] 	overall scale factor = 0.929791
[2025-04-02 12:32:28.230] [info] Measurement 'shank_r_Y'
[2025-04-02 12:32:28.230] [info] 	pair 0 (RLMAL, RLFC): model = 0.411319, experimental = 0.435642
[2025-04-02 12:32:28.230] [info] 	overall scale factor = 1.05913
[2025-04-02 12:32:28.230] [info] Measurement 'foot_r_XYZ'
[2025-04-02 12:32:28.230] [info] 	pair 0 (RHEE, RMT1): model = 0.219838, experimental = 0.223396
[2025-04-02 12:32:28.230] [info] 	pair 1 (RMT2, RMT1): model = 0.043732, experimental = 0.0426801
[2025-04-02 12:32:28.230] [info] 	overall scale factor = 0.996067
[2025-04-02 12:32:28.230] [info] Measurement 'foot_l'
[2025-04-02 12:32:28.230] [info] 	pair 0 (LHEE, LMT1): model = 0.220323, experimental = 0.221027
[2025-04-02 12:32:28.230] [info] 	overall scale factor = 1.00320
[2025-04-02 12:32:28.358] [info] Loaded marker file C:/Git/research_data/Projects/squatting_fais/models/../c3dfiles/009/SJ/SJ_post1.trc (55 markers, 2773 frames)
[2025-04-02 12:32:51.166] [info] Step 2: Scaling generic model
[2025-04-02 12:32:51.315] [info] Loaded marker file C:/Git/research_data/Projects/squatting_fais/models/../c3dfiles/009/SJ/SJ_post1.trc (55 markers, 2773 frames)
[2025-04-02 12:32:51.316] [info] Measurement 'upperarm_l_Y'
[2025-04-02 12:32:51.316] [info] 	pair 0 (LSHO, LLEP): model = 0.36913, experimental = 0.381374
[2025-04-02 12:32:51.316] [info] 	pair 1 (LSHO, LMEP): model = 0.370850, experimental = 0.389561
[2025-04-02 12:32:51.316] [info] 	overall scale factor = 1.04181
[2025-04-02 12:32:51.316] [info] Measurement 'lowerarm_l_Y'
[2025-04-02 12:32:51.316] [info] 	pair 0 (LMEP, LUL): model = 0.258051, experimental = 0.261926
[2025-04-02 12:32:51.316] [info] 	pair 1 (LLEP, LRAD): model = 0.264862, experimental = 0.260269
[2025-04-02 12:32:51.316] [info] 	overall scale factor = 0.998839
[2025-04-02 12:32:51.316] [info] Measurement 'hand_l_XYZ'
[2025-04-02 12:32:51.316] [info] 	pair 0 (LRFIN, LRAD): model = 0.0914175, experimental = 0.0857299
[2025-04-02 12:32:51.316] [info] 	pair 1 (LUL, LRAD): model = 0.0715567, experimental = 0.0750314
[2025-04-02 12:32:51.316] [info] 	overall scale factor = 0.993171
[2025-04-02 12:32:51.316] [info] Measurement 'upperarm_r_Y'
[2025-04-02 12:32:51.316] [info] 	pair 0 (RSHO, RLEP): model = 0.369453, experimental = 0.379686
[2025-04-02 12:32:51.317] [info] 	overall scale factor = 1.0277
[2025-04-02 12:32:51.317] [info] Measurement 'lowerarm_r_Y'
[2025-04-02 12:32:51.317] [info] 	pair 0 (RMEP, RUL): model = 0.263703, experimental = 0.269653
[2025-04-02 12:32:51.317] [info] 	pair 1 (RLEP, RRAD): model = 0.267374, experimental = 0.264949
[2025-04-02 12:32:51.317] [info] 	overall scale factor = 1.00675
[2025-04-02 12:32:51.317] [info] Measurement 'torso_Y'
[2025-04-02 12:32:51.317] [info] 	pair 0 (LSHO, LSACR): model = 0.463489, experimental = 0.4746
[2025-04-02 12:32:51.317] [info] 	pair 1 (RSHO, RSACR): model = 0.464616, experimental = 0.468121
[2025-04-02 12:32:51.317] [info] 	overall scale factor = 1.01576
[2025-04-02 12:32:51.317] [info] Measurement 'Pelvis_X'
[2025-04-02 12:32:51.317] [info] 	pair 0 (RASI, RSACR): model = 0.204146, experimental = 0.205151
[2025-04-02 12:32:51.317] [info] 	pair 1 (LASI, LSACR): model = 0.206506, experimental = 0.212109
[2025-04-02 12:32:51.317] [info] 	overall scale factor = 1.01603
[2025-04-02 12:32:51.317] [info] Measurement 'Pelvis_Y'
[2025-04-02 12:32:51.317] [info] 	pair 0 (LSACR, LASI): model = 0.206506, experimental = 0.212109
[2025-04-02 12:32:51.317] [info] 	pair 1 (RSACR, RASI): model = 0.204146, experimental = 0.205151
[2025-04-02 12:32:51.317] [info] 	overall scale factor = 1.01603
[2025-04-02 12:32:51.317] [info] Measurement 'Pelvis_Z'
[2025-04-02 12:32:51.317] [info] 	pair 0 (RASI, LASI): model = 0.243945, experimental = 0.214514
[2025-04-02 12:32:51.317] [info] 	overall scale factor = 0.879356
[2025-04-02 12:32:51.317] [info] Measurement 'thigh_r_Y'
[2025-04-02 12:32:51.317] [info] 	pair 0 (RASI, RLFC): model = 0.532321, experimental = 0.494947
[2025-04-02 12:32:51.317] [info] 	overall scale factor = 0.929791
[2025-04-02 12:32:51.317] [info] Measurement 'shank_r_Y'
[2025-04-02 12:32:51.317] [info] 	pair 0 (RLMAL, RLFC): model = 0.411319, experimental = 0.435642
[2025-04-02 12:32:51.317] [info] 	overall scale factor = 1.05913
[2025-04-02 12:32:51.317] [info] Measurement 'foot_r_XYZ'
[2025-04-02 12:32:51.317] [info] 	pair 0 (RHEE, RMT1): model = 0.219838, experimental = 0.223396
[2025-04-02 12:32:51.317] [info] 	pair 1 (RMT2, RMT1): model = 0.043732, experimental = 0.0426801
[2025-04-02 12:32:51.317] [info] 	overall scale factor = 0.996067
[2025-04-02 12:32:51.317] [info] Measurement 'foot_l'
[2025-04-02 12:32:51.317] [info] 	pair 0 (LHEE, LMT1): model = 0.220323, experimental = 0.221027
[2025-04-02 12:32:51.317] [info] 	overall scale factor = 1.00320
[2025-04-02 12:32:51.387] [info] Wrote scale file 'C:\Git\research_data\Projects\squatting_fais\setupFiles\.\Scale_output.xml' for model 009.
[2025-04-02 12:32:51.388] [info] Step 3: Placing markers on model
[2025-04-02 12:32:52.715] [info] Loaded marker file C:/Git/research_data/Projects/squatting_fais/models/../c3dfiles/009/SJ/SJ_post1.trc (55 markers, 2773 frames)
[2025-04-02 12:32:52.717] [info] Averaged frames from time 0.0 to 0.05 in C:/Git/research_data/Projects/squatting_fais/models/../c3dfiles/009/SJ/SJ_post1.trc (frames 1 to 11)
[2025-04-02 12:32:52.718] [info] Deleted 12 unused markers from model 009.
[2025-04-02 12:32:52.865] [info] Frame at (t = 0.0):	 total squared error = 0.0918733, marker error: RMS = 0.0535821, max = 0.175335 (RBHD)
[2025-04-02 12:32:52.865] [info] Moved markers in model 009 to match locations in marker file 'C:/Git/research_data/Projects/squatting_fais/models/../c3dfiles/009/SJ/SJ_post1.trc'.
[2025-04-02 12:32:52.894] [info] Wrote model file 'C:\Git\research_data\Projects\squatting_fais\setupFiles\..\009_Rajagopal2015_FAI.osim' from model 009.
[2025-04-02 12:33:15.086] [info] Step 2: Scaling generic model
[2025-04-02 12:33:15.237] [info] Loaded marker file C:/Git/research_data/Projects/squatting_fais/models/../c3dfiles/009/SJ/SJ_post1.trc (55 markers, 2773 frames)
[2025-04-02 12:33:15.238] [info] Measurement 'upperarm_l_Y'
[2025-04-02 12:33:15.238] [info] 	pair 0 (LSHO, LLEP): model = 0.36913, experimental = 0.381374
[2025-04-02 12:33:15.238] [info] 	pair 1 (LSHO, LMEP): model = 0.370850, experimental = 0.389561
[2025-04-02 12:33:15.238] [info] 	overall scale factor = 1.04181
[2025-04-02 12:33:15.238] [info] Measurement 'lowerarm_l_Y'
[2025-04-02 12:33:15.238] [info] 	pair 0 (LMEP, LUL): model = 0.258051, experimental = 0.261926
[2025-04-02 12:33:15.238] [info] 	pair 1 (LLEP, LRAD): model = 0.264862, experimental = 0.260269
[2025-04-02 12:33:15.238] [info] 	overall scale factor = 0.998839
[2025-04-02 12:33:15.238] [info] Measurement 'hand_l_XYZ'
[2025-04-02 12:33:15.238] [info] 	pair 0 (LRFIN, LRAD): model = 0.0914175, experimental = 0.0857299
[2025-04-02 12:33:15.238] [info] 	pair 1 (LUL, LRAD): model = 0.0715567, experimental = 0.0750314
[2025-04-02 12:33:15.239] [info] 	overall scale factor = 0.993171
[2025-04-02 12:33:15.239] [info] Measurement 'upperarm_r_Y'
[2025-04-02 12:33:15.239] [info] 	pair 0 (RSHO, RLEP): model = 0.369453, experimental = 0.379686
[2025-04-02 12:33:15.239] [info] 	overall scale factor = 1.0277
[2025-04-02 12:33:15.239] [info] Measurement 'lowerarm_r_Y'
[2025-04-02 12:33:15.239] [info] 	pair 0 (RMEP, RUL): model = 0.263703, experimental = 0.269653
[2025-04-02 12:33:15.239] [info] 	pair 1 (RLEP, RRAD): model = 0.267374, experimental = 0.264949
[2025-04-02 12:33:15.239] [info] 	overall scale factor = 1.00675
[2025-04-02 12:33:15.239] [info] Measurement 'torso_Y'
[2025-04-02 12:33:15.239] [info] 	pair 0 (LSHO, LSACR): model = 0.463489, experimental = 0.4746
[2025-04-02 12:33:15.239] [info] 	pair 1 (RSHO, RSACR): model = 0.464616, experimental = 0.468121
[2025-04-02 12:33:15.239] [info] 	overall scale factor = 1.01576
[2025-04-02 12:33:15.239] [info] Measurement 'Pelvis_X'
[2025-04-02 12:33:15.239] [info] 	pair 0 (RASI, RSACR): model = 0.204146, experimental = 0.205151
[2025-04-02 12:33:15.239] [info] 	pair 1 (LASI, LSACR): model = 0.206506, experimental = 0.212109
[2025-04-02 12:33:15.239] [info] 	overall scale factor = 1.01603
[2025-04-02 12:33:15.239] [info] Measurement 'Pelvis_Y'
[2025-04-02 12:33:15.239] [info] 	pair 0 (LSACR, LASI): model = 0.206506, experimental = 0.212109
[2025-04-02 12:33:15.239] [info] 	pair 1 (RSACR, RASI): model = 0.204146, experimental = 0.205151
[2025-04-02 12:33:15.239] [info] 	overall scale factor = 1.01603
[2025-04-02 12:33:15.239] [info] Measurement 'Pelvis_Z'
[2025-04-02 12:33:15.239] [info] 	pair 0 (RASI, LASI): model = 0.243945, experimental = 0.214514
[2025-04-02 12:33:15.239] [info] 	overall scale factor = 0.879356
[2025-04-02 12:33:15.239] [info] Measurement 'thigh_r_Y'
[2025-04-02 12:33:15.239] [info] 	pair 0 (RASI, RLFC): model = 0.532321, experimental = 0.494947
[2025-04-02 12:33:15.239] [info] 	overall scale factor = 0.929791
[2025-04-02 12:33:15.239] [info] Measurement 'shank_r_Y'
[2025-04-02 12:33:15.239] [info] 	pair 0 (RLMAL, RLFC): model = 0.411319, experimental = 0.435642
[2025-04-02 12:33:15.239] [info] 	overall scale factor = 1.05913
[2025-04-02 12:33:15.239] [info] Measurement 'foot_r_XYZ'
[2025-04-02 12:33:15.239] [info] 	pair 0 (RHEE, RMT1): model = 0.219838, experimental = 0.223396
[2025-04-02 12:33:15.239] [info] 	pair 1 (RMT2, RMT1): model = 0.043732, experimental = 0.0426801
[2025-04-02 12:33:15.239] [info] 	overall scale factor = 0.996067
[2025-04-02 12:33:15.239] [info] Measurement 'foot_l'
[2025-04-02 12:33:15.239] [info] 	pair 0 (LHEE, LMT1): model = 0.220323, experimental = 0.221027
[2025-04-02 12:33:15.239] [info] 	overall scale factor = 1.00320
[2025-04-02 12:33:15.309] [info] Wrote scale file 'C:\Git\research_data\Projects\squatting_fais\setupFiles\.\Scale_output.xml' for model 009.
[2025-04-02 12:33:15.310] [info] Step 3: Placing markers on model
[2025-04-02 12:33:16.522] [info] Loaded marker file C:/Git/research_data/Projects/squatting_fais/models/../c3dfiles/009/SJ/SJ_post1.trc (55 markers, 2773 frames)
[2025-04-02 12:33:16.523] [info] Averaged frames from time 0.0 to 0.05 in C:/Git/research_data/Projects/squatting_fais/models/../c3dfiles/009/SJ/SJ_post1.trc (frames 1 to 11)
[2025-04-02 12:33:16.523] [info] Deleted 12 unused markers from model 009.
[2025-04-02 12:33:16.644] [info] Frame at (t = 0.0):	 total squared error = 0.0918733, marker error: RMS = 0.0535821, max = 0.175335 (RBHD)
[2025-04-02 12:33:16.644] [info] Moved markers in model 009 to match locations in marker file 'C:/Git/research_data/Projects/squatting_fais/models/../c3dfiles/009/SJ/SJ_post1.trc'.
[2025-04-02 12:33:16.675] [info] Wrote model file 'C:\Git\research_data\Projects\squatting_fais\setupFiles\..\009_Rajagopal2015_FAI.osim' from model 009.
[2025-04-02 12:33:50.324] [info] Measurement 'upperarm_l_Y'
[2025-04-02 12:33:50.324] [info] 	pair 0 (LSHO, LLEP): model = 0.36913, experimental = 0.380935
[2025-04-02 12:33:50.324] [info] 	pair 1 (LSHO, LMEP): model = 0.370850, experimental = 0.389044
[2025-04-02 12:33:50.324] [info] 	overall scale factor = 1.04052
[2025-04-02 12:33:50.324] [info] Measurement 'upperarm_l_XZ'
[2025-04-02 12:33:50.324] [info] 	pair 0 (LMEP, LLEP): model = 0.0971668, experimental = 0.0797637
[2025-04-02 12:33:50.324] [info] 	overall scale factor = 0.820895
[2025-04-02 12:33:50.324] [info] Measurement 'lowerarm_l_Y'
[2025-04-02 12:33:50.324] [info] 	pair 0 (LMEP, LUL): model = 0.258051, experimental = 0.260326
[2025-04-02 12:33:50.324] [info] 	pair 1 (LLEP, LRAD): model = 0.264862, experimental = 0.263657
[2025-04-02 12:33:50.324] [info] 	overall scale factor = 1.00213
[2025-04-02 12:33:50.324] [info] Measurement 'lowerarm_l_XZ'
[2025-04-02 12:33:50.324] [info] 	pair 0 (LRAD, LUL): model = 0.0715567, experimental = 0.074788
[2025-04-02 12:33:50.324] [info] 	pair 1 (LLEP, LMEP): model = 0.0971668, experimental = 0.0797637
[2025-04-02 12:33:50.324] [info] 	overall scale factor = 0.933026
[2025-04-02 12:33:50.324] [info] Measurement 'hand_l_XYZ'
[2025-04-02 12:33:50.325] [info] 	pair 0 (LRFIN, LRAD): model = 0.0914175, experimental = 0.0864067
[2025-04-02 12:33:50.325] [info] 	pair 1 (LUL, LRAD): model = 0.0715567, experimental = 0.074788
[2025-04-02 12:33:50.325] [info] 	overall scale factor = 0.995172
[2025-04-02 12:33:50.325] [info] Measurement 'upperarm_r_Y'
[2025-04-02 12:33:50.325] [info] 	pair 0 (RSHO, RLEP): model = 0.369453, experimental = 0.379548
[2025-04-02 12:33:50.325] [info] 	overall scale factor = 1.02732
[2025-04-02 12:33:50.325] [info] Measurement 'upperarm_r_XZ'
[2025-04-02 12:33:50.325] [info] 	pair 0 (RMEP, RLEP): model = 0.0977635, experimental = 0.0747272
[2025-04-02 12:33:50.325] [info] 	overall scale factor = 0.764367
[2025-04-02 12:33:50.325] [info] Measurement 'lowerarm_r_Y'
[2025-04-02 12:33:50.325] [info] 	pair 0 (RMEP, RUL): model = 0.263703, experimental = 0.269617
[2025-04-02 12:33:50.325] [info] 	pair 1 (RLEP, RRAD): model = 0.267374, experimental = 0.265021
[2025-04-02 12:33:50.325] [info] 	overall scale factor = 1.00681
[2025-04-02 12:33:50.325] [info] Measurement 'lowerarm_r_XZ'
[2025-04-02 12:33:50.325] [info] 	pair 0 (RRAD, RUL): model = 0.0719501, experimental = 0.0692174
[2025-04-02 12:33:50.325] [info] 	pair 1 (RLEP, RMEP): model = 0.0977635, experimental = 0.0747272
[2025-04-02 12:33:50.325] [info] 	overall scale factor = 0.863193
[2025-04-02 12:33:50.325] [info] Measurement 'hand_r_XYZ'
[2025-04-02 12:33:50.325] [info] 	pair 0 (RUFIN, RRAD): model = 0.0991813, experimental = 0.0695236
[2025-04-02 12:33:50.325] [info] 	pair 1 (RUL, RRAD): model = 0.0719501, experimental = 0.0692174
[2025-04-02 12:33:50.325] [info] 	overall scale factor = 0.831497
[2025-04-02 12:33:50.325] [info] Measurement 'torso_Y'
[2025-04-02 12:33:50.325] [info] 	pair 0 (LSHO, LSACR): model = 0.463489, experimental = 0.479156
[2025-04-02 12:33:50.325] [info] 	pair 1 (RSHO, RSACR): model = 0.464616, experimental = 0.470115
[2025-04-02 12:33:50.325] [info] 	overall scale factor = 1.02282
[2025-04-02 12:33:50.326] [info] Measurement 'torso_Z'
[2025-04-02 12:33:50.326] [info] 	pair 0 (RSHO, LSHO): model = 0.293763, experimental = 0.3117
[2025-04-02 12:33:50.326] [info] 	overall scale factor = 1.06106
[2025-04-02 12:33:50.326] [info] Measurement 'Pelvis_X'
[2025-04-02 12:33:50.326] [info] 	pair 0 (RASI, RSACR): model = 0.204146, experimental = 0.205062
[2025-04-02 12:33:50.326] [info] 	pair 1 (LASI, LSACR): model = 0.206506, experimental = 0.21748
[2025-04-02 12:33:50.326] [info] 	overall scale factor = 1.02881
[2025-04-02 12:33:50.326] [info] Measurement 'Pelvis_Y'
[2025-04-02 12:33:50.326] [info] 	pair 0 (LSACR, LASI): model = 0.206506, experimental = 0.21748
[2025-04-02 12:33:50.326] [info] 	pair 1 (RSACR, RASI): model = 0.204146, experimental = 0.205062
[2025-04-02 12:33:50.326] [info] 	overall scale factor = 1.02881
[2025-04-02 12:33:50.326] [info] Measurement 'Pelvis_Z'
[2025-04-02 12:33:50.326] [info] 	pair 0 (RASI, LASI): model = 0.243945, experimental = 0.218629
[2025-04-02 12:33:50.326] [info] 	overall scale factor = 0.896223
[2025-04-02 12:33:50.326] [info] Measurement 'thigh_r_Y'
[2025-04-02 12:33:50.326] [info] 	pair 0 (RASI, RLFC): model = 0.532321, experimental = 0.495084
[2025-04-02 12:33:50.326] [info] 	overall scale factor = 0.930048
[2025-04-02 12:33:50.326] [info] Measurement 'shank_r_Y'
[2025-04-02 12:33:50.326] [info] 	pair 0 (RLMAL, RLFC): model = 0.411319, experimental = 0.435619
[2025-04-02 12:33:50.326] [info] 	overall scale factor = 1.05908
[2025-04-02 12:33:50.326] [info] Measurement 'foot_r_XYZ'
[2025-04-02 12:33:50.326] [info] 	pair 0 (RHEE, RMT1): model = 0.219838, experimental = 0.22335
[2025-04-02 12:33:50.326] [info] 	pair 1 (RMT2, RMT1): model = 0.043732, experimental = 0.0422493
[2025-04-02 12:33:50.326] [info] 	overall scale factor = 0.991036
[2025-04-02 12:33:50.326] [info] Measurement 'foot_l'
[2025-04-02 12:33:50.326] [info] 	pair 0 (LHEE, LMT1): model = 0.220323, experimental = 0.220879
[2025-04-02 12:33:50.326] [info] 	overall scale factor = 1.00252
[2025-04-02 12:33:52.053] [info] Loaded marker file C:/Git/research_data/Projects/squatting_fais/models/../c3dfiles/009/SJ/SJ_post1.trc (55 markers, 2773 frames)
[2025-04-02 12:33:52.054] [info] Measurement 'upperarm_l_Y'
[2025-04-02 12:33:52.054] [info] 	pair 0 (LSHO, LLEP): model = 0.36913, experimental = 0.381374
[2025-04-02 12:33:52.054] [info] 	pair 1 (LSHO, LMEP): model = 0.370850, experimental = 0.389561
[2025-04-02 12:33:52.054] [info] 	overall scale factor = 1.04181
[2025-04-02 12:33:52.054] [info] Measurement 'upperarm_l_XZ'
[2025-04-02 12:33:52.054] [info] 	pair 0 (LMEP, LLEP): model = 0.0971668, experimental = 0.0798017
[2025-04-02 12:33:52.054] [info] 	overall scale factor = 0.821286
[2025-04-02 12:33:52.054] [info] Measurement 'lowerarm_l_Y'
[2025-04-02 12:33:52.054] [info] 	pair 0 (LMEP, LUL): model = 0.258051, experimental = 0.261926
[2025-04-02 12:33:52.054] [info] 	pair 1 (LLEP, LRAD): model = 0.264862, experimental = 0.260269
[2025-04-02 12:33:52.054] [info] 	overall scale factor = 0.998839
[2025-04-02 12:33:52.054] [info] Measurement 'lowerarm_l_XZ'
[2025-04-02 12:33:52.054] [info] 	pair 0 (LRAD, LUL): model = 0.0715567, experimental = 0.0750314
[2025-04-02 12:33:52.054] [info] 	pair 1 (LLEP, LMEP): model = 0.0971668, experimental = 0.0798017
[2025-04-02 12:33:52.054] [info] 	overall scale factor = 0.934922
[2025-04-02 12:33:52.054] [info] Measurement 'hand_l_XYZ'
[2025-04-02 12:33:52.054] [info] 	pair 0 (LRFIN, LRAD): model = 0.0914175, experimental = 0.0857299
[2025-04-02 12:33:52.054] [info] 	pair 1 (LUL, LRAD): model = 0.0715567, experimental = 0.0750314
[2025-04-02 12:33:52.054] [info] 	overall scale factor = 0.993171
[2025-04-02 12:33:52.054] [info] Measurement 'upperarm_r_Y'
[2025-04-02 12:33:52.054] [info] 	pair 0 (RSHO, RLEP): model = 0.369453, experimental = 0.379686
[2025-04-02 12:33:52.054] [info] 	overall scale factor = 1.0277
[2025-04-02 12:33:52.054] [info] Measurement 'upperarm_r_XZ'
[2025-04-02 12:33:52.054] [info] 	pair 0 (RMEP, RLEP): model = 0.0977635, experimental = 0.0750721
[2025-04-02 12:33:52.054] [info] 	overall scale factor = 0.767895
[2025-04-02 12:33:52.054] [info] Measurement 'lowerarm_r_Y'
[2025-04-02 12:33:52.054] [info] 	pair 0 (RMEP, RUL): model = 0.263703, experimental = 0.269653
[2025-04-02 12:33:52.054] [info] 	pair 1 (RLEP, RRAD): model = 0.267374, experimental = 0.264949
[2025-04-02 12:33:52.054] [info] 	overall scale factor = 1.00675
[2025-04-02 12:33:52.054] [info] Measurement 'lowerarm_r_XZ'
[2025-04-02 12:33:52.054] [info] 	pair 0 (RRAD, RUL): model = 0.0719501, experimental = 0.0690179
[2025-04-02 12:33:52.054] [info] 	pair 1 (RLEP, RMEP): model = 0.0977635, experimental = 0.0750721
[2025-04-02 12:33:52.054] [info] 	overall scale factor = 0.86357
[2025-04-02 12:33:52.054] [info] Measurement 'hand_r_XYZ'
[2025-04-02 12:33:52.054] [info] 	pair 0 (RUFIN, RRAD): model = 0.0991813, experimental = 0.0694128
[2025-04-02 12:33:52.054] [info] 	pair 1 (RUL, RRAD): model = 0.0719501, experimental = 0.0690179
[2025-04-02 12:33:52.054] [info] 	overall scale factor = 0.829551
[2025-04-02 12:33:52.054] [info] Measurement 'torso_Y'
[2025-04-02 12:33:52.054] [info] 	pair 0 (LSHO, LSACR): model = 0.463489, experimental = 0.4746
[2025-04-02 12:33:52.055] [info] 	pair 1 (RSHO, RSACR): model = 0.464616, experimental = 0.468121
[2025-04-02 12:33:52.055] [info] 	overall scale factor = 1.01576
[2025-04-02 12:33:52.055] [info] Measurement 'torso_Z'
[2025-04-02 12:33:52.055] [info] 	pair 0 (RSHO, LSHO): model = 0.293763, experimental = 0.311296
[2025-04-02 12:33:52.055] [info] 	overall scale factor = 1.05968
[2025-04-02 12:33:52.055] [info] Measurement 'Pelvis_X'
[2025-04-02 12:33:52.055] [info] 	pair 0 (RASI, RSACR): model = 0.204146, experimental = 0.205151
[2025-04-02 12:33:52.055] [info] 	pair 1 (LASI, LSACR): model = 0.206506, experimental = 0.212109
[2025-04-02 12:33:52.055] [info] 	overall scale factor = 1.01603
[2025-04-02 12:33:52.055] [info] Measurement 'Pelvis_Y'
[2025-04-02 12:33:52.055] [info] 	pair 0 (LSACR, LASI): model = 0.206506, experimental = 0.212109
[2025-04-02 12:33:52.055] [info] 	pair 1 (RSACR, RASI): model = 0.204146, experimental = 0.205151
[2025-04-02 12:33:52.055] [info] 	overall scale factor = 1.01603
[2025-04-02 12:33:52.055] [info] Measurement 'Pelvis_Z'
[2025-04-02 12:33:52.055] [info] 	pair 0 (RASI, LASI): model = 0.243945, experimental = 0.214514
[2025-04-02 12:33:52.055] [info] 	overall scale factor = 0.879356
[2025-04-02 12:33:52.055] [info] Measurement 'thigh_r_Y'
[2025-04-02 12:33:52.055] [info] 	pair 0 (RASI, RLFC): model = 0.532321, experimental = 0.494947
[2025-04-02 12:33:52.055] [info] 	overall scale factor = 0.929791
[2025-04-02 12:33:52.055] [info] Measurement 'shank_r_Y'
[2025-04-02 12:33:52.055] [info] 	pair 0 (RLMAL, RLFC): model = 0.411319, experimental = 0.435642
[2025-04-02 12:33:52.055] [info] 	overall scale factor = 1.05913
[2025-04-02 12:33:52.055] [info] Measurement 'foot_r_XYZ'
[2025-04-02 12:33:52.055] [info] 	pair 0 (RHEE, RMT1): model = 0.219838, experimental = 0.223396
[2025-04-02 12:33:52.055] [info] 	pair 1 (RMT2, RMT1): model = 0.043732, experimental = 0.0426801
[2025-04-02 12:33:52.055] [info] 	overall scale factor = 0.996067
[2025-04-02 12:33:52.055] [info] Measurement 'foot_l'
[2025-04-02 12:33:52.055] [info] 	pair 0 (LHEE, LMT1): model = 0.220323, experimental = 0.221027
[2025-04-02 12:33:52.055] [info] 	overall scale factor = 1.00320
[2025-04-02 12:33:52.181] [info] Loaded marker file C:/Git/research_data/Projects/squatting_fais/models/../c3dfiles/009/SJ/SJ_post1.trc (55 markers, 2773 frames)
[2025-04-15 23:03:17.758] [info] Updating Model file from 30000 to latest format...
[2025-04-15 23:03:17.894] [info] Loaded model 009 from file C:\Git\research_data\Projects\squatting_fais\models\009_Rajagopal2015_FAI.osim
[2025-04-15 23:03:17.943] [warning] Couldn't find file 'r_patella.vtp'.
[2025-04-15 23:03:17.944] [warning] Couldn't find file 'r_talus.vtp'.
[2025-04-15 23:03:17.944] [warning] Couldn't find file 'r_foot.vtp'.
[2025-04-15 23:03:17.944] [warning] Couldn't find file 'r_bofoot.vtp'.
[2025-04-15 23:03:17.965] [warning] Couldn't find file 'l_patella.vtp'.
[2025-04-15 23:03:17.965] [warning] Couldn't find file 'l_talus.vtp'.
[2025-04-15 23:03:17.965] [warning] Couldn't find file 'l_foot.vtp'.
[2025-04-15 23:03:17.965] [warning] Couldn't find file 'l_bofoot.vtp'.
[2025-04-15 23:03:17.965] [warning] Couldn't find file 'hat_spine.vtp'.
[2025-04-15 23:03:17.966] [warning] Couldn't find file 'hat_jaw.vtp'.
[2025-04-15 23:03:17.966] [warning] Couldn't find file 'hat_skull.vtp'.
[2025-04-15 23:03:17.966] [warning] Couldn't find file 'hat_ribs_scap.vtp'.
[2025-04-15 23:03:17.966] [warning] Couldn't find file 'humerus_rv.vtp'.
[2025-04-15 23:03:17.966] [warning] Couldn't find file 'ulna_rv.vtp'.
[2025-04-15 23:03:17.966] [warning] Couldn't find file 'radius_rv.vtp'.
[2025-04-15 23:03:17.966] [warning] Couldn't find file 'pisiform_rvs.vtp'.
[2025-04-15 23:03:17.966] [warning] Couldn't find file 'lunate_rvs.vtp'.
[2025-04-15 23:03:17.966] [warning] Couldn't find file 'scaphoid_rvs.vtp'.
[2025-04-15 23:03:17.966] [warning] Couldn't find file 'triquetrum_rvs.vtp'.
[2025-04-15 23:03:17.966] [warning] Couldn't find file 'hamate_rvs.vtp'.
[2025-04-15 23:03:17.967] [warning] Couldn't find file 'capitate_rvs.vtp'.
[2025-04-15 23:03:17.967] [warning] Couldn't find file 'trapezoid_rvs.vtp'.
[2025-04-15 23:03:17.967] [warning] Couldn't find file 'trapezium_rvs.vtp'.
[2025-04-15 23:03:17.967] [warning] Couldn't find file 'metacarpal2_rvs.vtp'.
[2025-04-15 23:03:17.967] [warning] Couldn't find file 'index_proximal_rvs.vtp'.
[2025-04-15 23:03:17.967] [warning] Couldn't find file 'index_medial_rvs.vtp'.
[2025-04-15 23:03:17.967] [warning] Couldn't find file 'index_distal_rvs.vtp'.
[2025-04-15 23:03:17.967] [warning] Couldn't find file 'metacarpal3_rvs.vtp'.
[2025-04-15 23:03:17.967] [warning] Couldn't find file 'middle_proximal_rvs.vtp'.
[2025-04-15 23:03:17.967] [warning] Couldn't find file 'middle_medial_rvs.vtp'.
[2025-04-15 23:03:17.967] [warning] Couldn't find file 'middle_distal_rvs.vtp'.
[2025-04-15 23:03:17.968] [warning] Couldn't find file 'metacarpal4_rvs.vtp'.
[2025-04-15 23:03:17.968] [warning] Couldn't find file 'ring_proximal_rvs.vtp'.
[2025-04-15 23:03:17.968] [warning] Couldn't find file 'ring_medial_rvs.vtp'.
[2025-04-15 23:03:17.968] [warning] Couldn't find file 'ring_distal_rvs.vtp'.
[2025-04-15 23:03:17.968] [warning] Couldn't find file 'metacarpal5_rvs.vtp'.
[2025-04-15 23:03:17.968] [warning] Couldn't find file 'little_proximal_rvs.vtp'.
[2025-04-15 23:03:17.968] [warning] Couldn't find file 'little_medial_rvs.vtp'.
[2025-04-15 23:03:17.968] [warning] Couldn't find file 'little_distal_rvs.vtp'.
[2025-04-15 23:03:17.968] [warning] Couldn't find file 'metacarpal1_rvs.vtp'.
[2025-04-15 23:03:17.968] [warning] Couldn't find file 'thumb_proximal_rvs.vtp'.
[2025-04-15 23:03:17.968] [warning] Couldn't find file 'thumb_distal_rvs.vtp'.
[2025-04-15 23:03:17.968] [warning] Couldn't find file 'humerus_lv.vtp'.
[2025-04-15 23:03:17.969] [warning] Couldn't find file 'ulna_lv.vtp'.
[2025-04-15 23:03:17.969] [warning] Couldn't find file 'radius_lv.vtp'.
[2025-04-15 23:03:17.969] [warning] Couldn't find file 'pisiform_lvs.vtp'.
[2025-04-15 23:03:17.969] [warning] Couldn't find file 'lunate_lvs.vtp'.
[2025-04-15 23:03:17.969] [warning] Couldn't find file 'scaphoid_lvs.vtp'.
[2025-04-15 23:03:17.969] [warning] Couldn't find file 'triquetrum_lvs.vtp'.
[2025-04-15 23:03:17.969] [warning] Couldn't find file 'hamate_lvs.vtp'.
[2025-04-15 23:03:17.969] [warning] Couldn't find file 'capitate_lvs.vtp'.
[2025-04-15 23:03:17.969] [warning] Couldn't find file 'trapezoid_lvs.vtp'.
[2025-04-15 23:03:17.970] [warning] Couldn't find file 'trapezium_lvs.vtp'.
[2025-04-15 23:03:17.970] [warning] Couldn't find file 'metacarpal2_lvs.vtp'.
[2025-04-15 23:03:17.970] [warning] Couldn't find file 'index_proximal_lvs.vtp'.
[2025-04-15 23:03:17.970] [warning] Couldn't find file 'index_medial_lvs.vtp'.
[2025-04-15 23:03:17.970] [warning] Couldn't find file 'index_distal_lvs.vtp'.
[2025-04-15 23:03:17.970] [warning] Couldn't find file 'metacarpal3_lvs.vtp'.
[2025-04-15 23:03:17.970] [warning] Couldn't find file 'middle_proximal_lvs.vtp'.
[2025-04-15 23:03:17.970] [warning] Couldn't find file 'middle_medial_lvs.vtp'.
[2025-04-15 23:03:17.970] [warning] Couldn't find file 'middle_distal_lvs.vtp'.
[2025-04-15 23:03:17.971] [warning] Couldn't find file 'metacarpal4_lvs.vtp'.
[2025-04-15 23:03:17.971] [warning] Couldn't find file 'ring_proximal_lvs.vtp'.
[2025-04-15 23:03:17.971] [warning] Couldn't find file 'ring_medial_lvs.vtp'.
[2025-04-15 23:03:17.971] [warning] Couldn't find file 'ring_distal_lvs.vtp'.
[2025-04-15 23:03:17.971] [warning] Couldn't find file 'metacarpal5_lvs.vtp'.
[2025-04-15 23:03:17.971] [warning] Couldn't find file 'little_proximal_lvs.vtp'.
[2025-04-15 23:03:17.971] [warning] Couldn't find file 'little_medial_lvs.vtp'.
[2025-04-15 23:03:17.971] [warning] Couldn't find file 'little_distal_lvs.vtp'.
[2025-04-15 23:03:17.971] [warning] Couldn't find file 'metacarpal1_lvs.vtp'.
[2025-04-15 23:03:17.972] [warning] Couldn't find file 'thumb_proximal_lvs.vtp'.
[2025-04-15 23:03:17.972] [warning] Couldn't find file 'thumb_distal_lvs.vtp'.
[2025-04-15 23:03:17.974] [warning] GeometryPath 'path' has subcomponents with duplicate name 'pathwrap'. The duplicate is being renamed to 'pathwrap_0'.
[2025-04-15 23:03:17.974] [warning] GeometryPath 'path' has subcomponents with duplicate name 'pathwrap'. The duplicate is being renamed to 'pathwrap_0'.
[2025-04-15 23:03:17.974] [warning] GeometryPath 'path' has subcomponents with duplicate name 'pathwrap'. The duplicate is being renamed to 'pathwrap_0'.
[2025-04-15 23:03:17.975] [warning] GeometryPath 'path' has subcomponents with duplicate name 'pathwrap'. The duplicate is being renamed to 'pathwrap_0'.
[2025-04-15 23:03:17.975] [warning] GeometryPath 'path' has subcomponents with duplicate name 'pathwrap'. The duplicate is being renamed to 'pathwrap_0'.
[2025-04-15 23:03:17.975] [warning] GeometryPath 'path' has subcomponents with duplicate name 'pathwrap'. The duplicate is being renamed to 'pathwrap_0'.
[2025-04-15 23:03:17.975] [warning] GeometryPath 'path' has subcomponents with duplicate name 'pathwrap'. The duplicate is being renamed to 'pathwrap_0'.
[2025-04-15 23:03:17.975] [warning] GeometryPath 'path' has subcomponents with duplicate name 'pathwrap'. The duplicate is being renamed to 'pathwrap_0'.
[2025-04-15 23:03:17.975] [warning] GeometryPath 'path' has subcomponents with duplicate name 'pathwrap'. The duplicate is being renamed to 'pathwrap_0'.
[2025-04-15 23:03:17.976] [warning] GeometryPath 'path' has subcomponents with duplicate name 'pathwrap'. The duplicate is being renamed to 'pathwrap_0'.
[2025-04-15 23:03:17.976] [warning] GeometryPath 'path' has subcomponents with duplicate name 'pathwrap'. The duplicate is being renamed to 'pathwrap_0'.
[2025-04-15 23:03:17.977] [warning] GeometryPath 'path' has subcomponents with duplicate name 'pathwrap'. The duplicate is being renamed to 'pathwrap_0'.
[2025-04-15 23:03:20.148] [warning] Visualizer couldn't open r_patella.vtp because: SimTK Exception thrown at PolygonalMesh.cpp:411:
  Error detected by Simbody method PolygonalMesh::loadVtpFile(): Attempt to load a VTK PolyData (.vtp) file from file name 'C:\OpenSim 4.3\opensim\..\\Geometry\r_patella.vtp' failed with message:
  SimTK Exception thrown at Xml.cpp:108:
  Error detected by Simbody method Xml::readFromFile(): Failed to load the Xml file 'C:\OpenSim 4.3\opensim\..\\Geometry\r_patella.vtp' with error 'Failed to open file (line=0, col=0)'.
  (Required condition 'loadOK' was not met.)

  (Required condition '!"failed"' was not met.)

[2025-04-15 23:03:20.149] [warning] Visualizer couldn't open r_talus.vtp because: SimTK Exception thrown at PolygonalMesh.cpp:411:
  Error detected by Simbody method PolygonalMesh::loadVtpFile(): Attempt to load a VTK PolyData (.vtp) file from file name 'C:\OpenSim 4.3\opensim\..\\Geometry\r_talus.vtp' failed with message:
  SimTK Exception thrown at Xml.cpp:108:
  Error detected by Simbody method Xml::readFromFile(): Failed to load the Xml file 'C:\OpenSim 4.3\opensim\..\\Geometry\r_talus.vtp' with error 'Failed to open file (line=0, col=0)'.
  (Required condition 'loadOK' was not met.)

  (Required condition '!"failed"' was not met.)

[2025-04-15 23:03:20.149] [warning] Visualizer couldn't open r_foot.vtp because: SimTK Exception thrown at PolygonalMesh.cpp:411:
  Error detected by Simbody method PolygonalMesh::loadVtpFile(): Attempt to load a VTK PolyData (.vtp) file from file name 'C:\OpenSim 4.3\opensim\..\\Geometry\r_foot.vtp' failed with message:
  SimTK Exception thrown at Xml.cpp:108:
  Error detected by Simbody method Xml::readFromFile(): Failed to load the Xml file 'C:\OpenSim 4.3\opensim\..\\Geometry\r_foot.vtp' with error 'Failed to open file (line=0, col=0)'.
  (Required condition 'loadOK' was not met.)

  (Required condition '!"failed"' was not met.)

[2025-04-15 23:03:20.149] [warning] Visualizer couldn't open r_bofoot.vtp because: SimTK Exception thrown at PolygonalMesh.cpp:411:
  Error detected by Simbody method PolygonalMesh::loadVtpFile(): Attempt to load a VTK PolyData (.vtp) file from file name 'C:\OpenSim 4.3\opensim\..\\Geometry\r_bofoot.vtp' failed with message:
  SimTK Exception thrown at Xml.cpp:108:
  Error detected by Simbody method Xml::readFromFile(): Failed to load the Xml file 'C:\OpenSim 4.3\opensim\..\\Geometry\r_bofoot.vtp' with error 'Failed to open file (line=0, col=0)'.
  (Required condition 'loadOK' was not met.)

  (Required condition '!"failed"' was not met.)

[2025-04-15 23:03:20.167] [warning] Visualizer couldn't open l_patella.vtp because: SimTK Exception thrown at PolygonalMesh.cpp:411:
  Error detected by Simbody method PolygonalMesh::loadVtpFile(): Attempt to load a VTK PolyData (.vtp) file from file name 'C:\OpenSim 4.3\opensim\..\\Geometry\l_patella.vtp' failed with message:
  SimTK Exception thrown at Xml.cpp:108:
  Error detected by Simbody method Xml::readFromFile(): Failed to load the Xml file 'C:\OpenSim 4.3\opensim\..\\Geometry\l_patella.vtp' with error 'Failed to open file (line=0, col=0)'.
  (Required condition 'loadOK' was not met.)

  (Required condition '!"failed"' was not met.)

[2025-04-15 23:03:20.168] [warning] Visualizer couldn't open l_talus.vtp because: SimTK Exception thrown at PolygonalMesh.cpp:411:
  Error detected by Simbody method PolygonalMesh::loadVtpFile(): Attempt to load a VTK PolyData (.vtp) file from file name 'C:\OpenSim 4.3\opensim\..\\Geometry\l_talus.vtp' failed with message:
  SimTK Exception thrown at Xml.cpp:108:
  Error detected by Simbody method Xml::readFromFile(): Failed to load the Xml file 'C:\OpenSim 4.3\opensim\..\\Geometry\l_talus.vtp' with error 'Failed to open file (line=0, col=0)'.
  (Required condition 'loadOK' was not met.)

  (Required condition '!"failed"' was not met.)

[2025-04-15 23:03:20.168] [warning] Visualizer couldn't open l_foot.vtp because: SimTK Exception thrown at PolygonalMesh.cpp:411:
  Error detected by Simbody method PolygonalMesh::loadVtpFile(): Attempt to load a VTK PolyData (.vtp) file from file name 'C:\OpenSim 4.3\opensim\..\\Geometry\l_foot.vtp' failed with message:
  SimTK Exception thrown at Xml.cpp:108:
  Error detected by Simbody method Xml::readFromFile(): Failed to load the Xml file 'C:\OpenSim 4.3\opensim\..\\Geometry\l_foot.vtp' with error 'Failed to open file (line=0, col=0)'.
  (Required condition 'loadOK' was not met.)

  (Required condition '!"failed"' was not met.)

[2025-04-15 23:03:20.176] [warning] Visualizer couldn't open l_bofoot.vtp because: SimTK Exception thrown at PolygonalMesh.cpp:411:
  Error detected by Simbody method PolygonalMesh::loadVtpFile(): Attempt to load a VTK PolyData (.vtp) file from file name 'C:\OpenSim 4.3\opensim\..\\Geometry\l_bofoot.vtp' failed with message:
  SimTK Exception thrown at Xml.cpp:108:
  Error detected by Simbody method Xml::readFromFile(): Failed to load the Xml file 'C:\OpenSim 4.3\opensim\..\\Geometry\l_bofoot.vtp' with error 'Failed to open file (line=0, col=0)'.
  (Required condition 'loadOK' was not met.)

  (Required condition '!"failed"' was not met.)

[2025-04-15 23:03:20.177] [warning] Visualizer couldn't open hat_spine.vtp because: SimTK Exception thrown at PolygonalMesh.cpp:411:
  Error detected by Simbody method PolygonalMesh::loadVtpFile(): Attempt to load a VTK PolyData (.vtp) file from file name 'C:\OpenSim 4.3\opensim\..\\Geometry\hat_spine.vtp' failed with message:
  SimTK Exception thrown at Xml.cpp:108:
  Error detected by Simbody method Xml::readFromFile(): Failed to load the Xml file 'C:\OpenSim 4.3\opensim\..\\Geometry\hat_spine.vtp' with error 'Failed to open file (line=0, col=0)'.
  (Required condition 'loadOK' was not met.)

  (Required condition '!"failed"' was not met.)

[2025-04-15 23:03:20.177] [warning] Visualizer couldn't open hat_jaw.vtp because: SimTK Exception thrown at PolygonalMesh.cpp:411:
  Error detected by Simbody method PolygonalMesh::loadVtpFile(): Attempt to load a VTK PolyData (.vtp) file from file name 'C:\OpenSim 4.3\opensim\..\\Geometry\hat_jaw.vtp' failed with message:
  SimTK Exception thrown at Xml.cpp:108:
  Error detected by Simbody method Xml::readFromFile(): Failed to load the Xml file 'C:\OpenSim 4.3\opensim\..\\Geometry\hat_jaw.vtp' with error 'Failed to open file (line=0, col=0)'.
  (Required condition 'loadOK' was not met.)

  (Required condition '!"failed"' was not met.)

[2025-04-15 23:03:20.177] [warning] Visualizer couldn't open hat_skull.vtp because: SimTK Exception thrown at PolygonalMesh.cpp:411:
  Error detected by Simbody method PolygonalMesh::loadVtpFile(): Attempt to load a VTK PolyData (.vtp) file from file name 'C:\OpenSim 4.3\opensim\..\\Geometry\hat_skull.vtp' failed with message:
  SimTK Exception thrown at Xml.cpp:108:
  Error detected by Simbody method Xml::readFromFile(): Failed to load the Xml file 'C:\OpenSim 4.3\opensim\..\\Geometry\hat_skull.vtp' with error 'Failed to open file (line=0, col=0)'.
  (Required condition 'loadOK' was not met.)

  (Required condition '!"failed"' was not met.)

[2025-04-15 23:03:20.177] [warning] Visualizer couldn't open hat_ribs_scap.vtp because: SimTK Exception thrown at PolygonalMesh.cpp:411:
  Error detected by Simbody method PolygonalMesh::loadVtpFile(): Attempt to load a VTK PolyData (.vtp) file from file name 'C:\OpenSim 4.3\opensim\..\\Geometry\hat_ribs_scap.vtp' failed with message:
  SimTK Exception thrown at Xml.cpp:108:
  Error detected by Simbody method Xml::readFromFile(): Failed to load the Xml file 'C:\OpenSim 4.3\opensim\..\\Geometry\hat_ribs_scap.vtp' with error 'Failed to open file (line=0, col=0)'.
  (Required condition 'loadOK' was not met.)

  (Required condition '!"failed"' was not met.)

[2025-04-15 23:03:20.177] [warning] Visualizer couldn't open humerus_rv.vtp because: SimTK Exception thrown at PolygonalMesh.cpp:411:
  Error detected by Simbody method PolygonalMesh::loadVtpFile(): Attempt to load a VTK PolyData (.vtp) file from file name 'C:\OpenSim 4.3\opensim\..\\Geometry\humerus_rv.vtp' failed with message:
  SimTK Exception thrown at Xml.cpp:108:
  Error detected by Simbody method Xml::readFromFile(): Failed to load the Xml file 'C:\OpenSim 4.3\opensim\..\\Geometry\humerus_rv.vtp' with error 'Failed to open file (line=0, col=0)'.
  (Required condition 'loadOK' was not met.)

  (Required condition '!"failed"' was not met.)

[2025-04-15 23:03:20.177] [warning] Visualizer couldn't open ulna_rv.vtp because: SimTK Exception thrown at PolygonalMesh.cpp:411:
  Error detected by Simbody method PolygonalMesh::loadVtpFile(): Attempt to load a VTK PolyData (.vtp) file from file name 'C:\OpenSim 4.3\opensim\..\\Geometry\ulna_rv.vtp' failed with message:
  SimTK Exception thrown at Xml.cpp:108:
  Error detected by Simbody method Xml::readFromFile(): Failed to load the Xml file 'C:\OpenSim 4.3\opensim\..\\Geometry\ulna_rv.vtp' with error 'Failed to open file (line=0, col=0)'.
  (Required condition 'loadOK' was not met.)

  (Required condition '!"failed"' was not met.)

[2025-04-15 23:03:20.177] [warning] Visualizer couldn't open radius_rv.vtp because: SimTK Exception thrown at PolygonalMesh.cpp:411:
  Error detected by Simbody method PolygonalMesh::loadVtpFile(): Attempt to load a VTK PolyData (.vtp) file from file name 'C:\OpenSim 4.3\opensim\..\\Geometry\radius_rv.vtp' failed with message:
  SimTK Exception thrown at Xml.cpp:108:
  Error detected by Simbody method Xml::readFromFile(): Failed to load the Xml file 'C:\OpenSim 4.3\opensim\..\\Geometry\radius_rv.vtp' with error 'Failed to open file (line=0, col=0)'.
  (Required condition 'loadOK' was not met.)

  (Required condition '!"failed"' was not met.)

[2025-04-15 23:03:20.177] [warning] Visualizer couldn't open pisiform_rvs.vtp because: SimTK Exception thrown at PolygonalMesh.cpp:411:
  Error detected by Simbody method PolygonalMesh::loadVtpFile(): Attempt to load a VTK PolyData (.vtp) file from file name 'C:\OpenSim 4.3\opensim\..\\Geometry\pisiform_rvs.vtp' failed with message:
  SimTK Exception thrown at Xml.cpp:108:
  Error detected by Simbody method Xml::readFromFile(): Failed to load the Xml file 'C:\OpenSim 4.3\opensim\..\\Geometry\pisiform_rvs.vtp' with error 'Failed to open file (line=0, col=0)'.
  (Required condition 'loadOK' was not met.)

  (Required condition '!"failed"' was not met.)

[2025-04-15 23:03:20.178] [warning] Visualizer couldn't open lunate_rvs.vtp because: SimTK Exception thrown at PolygonalMesh.cpp:411:
  Error detected by Simbody method PolygonalMesh::loadVtpFile(): Attempt to load a VTK PolyData (.vtp) file from file name 'C:\OpenSim 4.3\opensim\..\\Geometry\lunate_rvs.vtp' failed with message:
  SimTK Exception thrown at Xml.cpp:108:
  Error detected by Simbody method Xml::readFromFile(): Failed to load the Xml file 'C:\OpenSim 4.3\opensim\..\\Geometry\lunate_rvs.vtp' with error 'Failed to open file (line=0, col=0)'.
  (Required condition 'loadOK' was not met.)

  (Required condition '!"failed"' was not met.)

[2025-04-15 23:03:20.178] [warning] Visualizer couldn't open scaphoid_rvs.vtp because: SimTK Exception thrown at PolygonalMesh.cpp:411:
  Error detected by Simbody method PolygonalMesh::loadVtpFile(): Attempt to load a VTK PolyData (.vtp) file from file name 'C:\OpenSim 4.3\opensim\..\\Geometry\scaphoid_rvs.vtp' failed with message:
  SimTK Exception thrown at Xml.cpp:108:
  Error detected by Simbody method Xml::readFromFile(): Failed to load the Xml file 'C:\OpenSim 4.3\opensim\..\\Geometry\scaphoid_rvs.vtp' with error 'Failed to open file (line=0, col=0)'.
  (Required condition 'loadOK' was not met.)

  (Required condition '!"failed"' was not met.)

[2025-04-15 23:03:20.178] [warning] Visualizer couldn't open triquetrum_rvs.vtp because: SimTK Exception thrown at PolygonalMesh.cpp:411:
  Error detected by Simbody method PolygonalMesh::loadVtpFile(): Attempt to load a VTK PolyData (.vtp) file from file name 'C:\OpenSim 4.3\opensim\..\\Geometry\triquetrum_rvs.vtp' failed with message:
  SimTK Exception thrown at Xml.cpp:108:
  Error detected by Simbody method Xml::readFromFile(): Failed to load the Xml file 'C:\OpenSim 4.3\opensim\..\\Geometry\triquetrum_rvs.vtp' with error 'Failed to open file (line=0, col=0)'.
  (Required condition 'loadOK' was not met.)

  (Required condition '!"failed"' was not met.)

[2025-04-15 23:03:20.178] [warning] Visualizer couldn't open hamate_rvs.vtp because: SimTK Exception thrown at PolygonalMesh.cpp:411:
  Error detected by Simbody method PolygonalMesh::loadVtpFile(): Attempt to load a VTK PolyData (.vtp) file from file name 'C:\OpenSim 4.3\opensim\..\\Geometry\hamate_rvs.vtp' failed with message:
  SimTK Exception thrown at Xml.cpp:108:
  Error detected by Simbody method Xml::readFromFile(): Failed to load the Xml file 'C:\OpenSim 4.3\opensim\..\\Geometry\hamate_rvs.vtp' with error 'Failed to open file (line=0, col=0)'.
  (Required condition 'loadOK' was not met.)

  (Required condition '!"failed"' was not met.)

[2025-04-15 23:03:20.178] [warning] Visualizer couldn't open capitate_rvs.vtp because: SimTK Exception thrown at PolygonalMesh.cpp:411:
  Error detected by Simbody method PolygonalMesh::loadVtpFile(): Attempt to load a VTK PolyData (.vtp) file from file name 'C:\OpenSim 4.3\opensim\..\\Geometry\capitate_rvs.vtp' failed with message:
  SimTK Exception thrown at Xml.cpp:108:
  Error detected by Simbody method Xml::readFromFile(): Failed to load the Xml file 'C:\OpenSim 4.3\opensim\..\\Geometry\capitate_rvs.vtp' with error 'Failed to open file (line=0, col=0)'.
  (Required condition 'loadOK' was not met.)

  (Required condition '!"failed"' was not met.)

[2025-04-15 23:03:20.178] [warning] Visualizer couldn't open trapezoid_rvs.vtp because: SimTK Exception thrown at PolygonalMesh.cpp:411:
  Error detected by Simbody method PolygonalMesh::loadVtpFile(): Attempt to load a VTK PolyData (.vtp) file from file name 'C:\OpenSim 4.3\opensim\..\\Geometry\trapezoid_rvs.vtp' failed with message:
  SimTK Exception thrown at Xml.cpp:108:
  Error detected by Simbody method Xml::readFromFile(): Failed to load the Xml file 'C:\OpenSim 4.3\opensim\..\\Geometry\trapezoid_rvs.vtp' with error 'Failed to open file (line=0, col=0)'.
  (Required condition 'loadOK' was not met.)

  (Required condition '!"failed"' was not met.)

[2025-04-15 23:03:20.178] [warning] Visualizer couldn't open trapezium_rvs.vtp because: SimTK Exception thrown at PolygonalMesh.cpp:411:
  Error detected by Simbody method PolygonalMesh::loadVtpFile(): Attempt to load a VTK PolyData (.vtp) file from file name 'C:\OpenSim 4.3\opensim\..\\Geometry\trapezium_rvs.vtp' failed with message:
  SimTK Exception thrown at Xml.cpp:108:
  Error detected by Simbody method Xml::readFromFile(): Failed to load the Xml file 'C:\OpenSim 4.3\opensim\..\\Geometry\trapezium_rvs.vtp' with error 'Failed to open file (line=0, col=0)'.
  (Required condition 'loadOK' was not met.)

  (Required condition '!"failed"' was not met.)

[2025-04-15 23:03:20.178] [warning] Visualizer couldn't open metacarpal2_rvs.vtp because: SimTK Exception thrown at PolygonalMesh.cpp:411:
  Error detected by Simbody method PolygonalMesh::loadVtpFile(): Attempt to load a VTK PolyData (.vtp) file from file name 'C:\OpenSim 4.3\opensim\..\\Geometry\metacarpal2_rvs.vtp' failed with message:
  SimTK Exception thrown at Xml.cpp:108:
  Error detected by Simbody method Xml::readFromFile(): Failed to load the Xml file 'C:\OpenSim 4.3\opensim\..\\Geometry\metacarpal2_rvs.vtp' with error 'Failed to open file (line=0, col=0)'.
  (Required condition 'loadOK' was not met.)

  (Required condition '!"failed"' was not met.)

[2025-04-15 23:03:20.178] [warning] Visualizer couldn't open index_proximal_rvs.vtp because: SimTK Exception thrown at PolygonalMesh.cpp:411:
  Error detected by Simbody method PolygonalMesh::loadVtpFile(): Attempt to load a VTK PolyData (.vtp) file from file name 'C:\OpenSim 4.3\opensim\..\\Geometry\index_proximal_rvs.vtp' failed with message:
  SimTK Exception thrown at Xml.cpp:108:
  Error detected by Simbody method Xml::readFromFile(): Failed to load the Xml file 'C:\OpenSim 4.3\opensim\..\\Geometry\index_proximal_rvs.vtp' with error 'Failed to open file (line=0, col=0)'.
  (Required condition 'loadOK' was not met.)

  (Required condition '!"failed"' was not met.)

[2025-04-15 23:03:20.178] [warning] Visualizer couldn't open index_medial_rvs.vtp because: SimTK Exception thrown at PolygonalMesh.cpp:411:
  Error detected by Simbody method PolygonalMesh::loadVtpFile(): Attempt to load a VTK PolyData (.vtp) file from file name 'C:\OpenSim 4.3\opensim\..\\Geometry\index_medial_rvs.vtp' failed with message:
  SimTK Exception thrown at Xml.cpp:108:
  Error detected by Simbody method Xml::readFromFile(): Failed to load the Xml file 'C:\OpenSim 4.3\opensim\..\\Geometry\index_medial_rvs.vtp' with error 'Failed to open file (line=0, col=0)'.
  (Required condition 'loadOK' was not met.)

  (Required condition '!"failed"' was not met.)

[2025-04-15 23:03:20.178] [warning] Visualizer couldn't open index_distal_rvs.vtp because: SimTK Exception thrown at PolygonalMesh.cpp:411:
  Error detected by Simbody method PolygonalMesh::loadVtpFile(): Attempt to load a VTK PolyData (.vtp) file from file name 'C:\OpenSim 4.3\opensim\..\\Geometry\index_distal_rvs.vtp' failed with message:
  SimTK Exception thrown at Xml.cpp:108:
  Error detected by Simbody method Xml::readFromFile(): Failed to load the Xml file 'C:\OpenSim 4.3\opensim\..\\Geometry\index_distal_rvs.vtp' with error 'Failed to open file (line=0, col=0)'.
  (Required condition 'loadOK' was not met.)

  (Required condition '!"failed"' was not met.)

[2025-04-15 23:03:20.178] [warning] Visualizer couldn't open metacarpal3_rvs.vtp because: SimTK Exception thrown at PolygonalMesh.cpp:411:
  Error detected by Simbody method PolygonalMesh::loadVtpFile(): Attempt to load a VTK PolyData (.vtp) file from file name 'C:\OpenSim 4.3\opensim\..\\Geometry\metacarpal3_rvs.vtp' failed with message:
  SimTK Exception thrown at Xml.cpp:108:
  Error detected by Simbody method Xml::readFromFile(): Failed to load the Xml file 'C:\OpenSim 4.3\opensim\..\\Geometry\metacarpal3_rvs.vtp' with error 'Failed to open file (line=0, col=0)'.
  (Required condition 'loadOK' was not met.)

  (Required condition '!"failed"' was not met.)

[2025-04-15 23:03:20.178] [warning] Visualizer couldn't open middle_proximal_rvs.vtp because: SimTK Exception thrown at PolygonalMesh.cpp:411:
  Error detected by Simbody method PolygonalMesh::loadVtpFile(): Attempt to load a VTK PolyData (.vtp) file from file name 'C:\OpenSim 4.3\opensim\..\\Geometry\middle_proximal_rvs.vtp' failed with message:
  SimTK Exception thrown at Xml.cpp:108:
  Error detected by Simbody method Xml::readFromFile(): Failed to load the Xml file 'C:\OpenSim 4.3\opensim\..\\Geometry\middle_proximal_rvs.vtp' with error 'Failed to open file (line=0, col=0)'.
  (Required condition 'loadOK' was not met.)

  (Required condition '!"failed"' was not met.)

[2025-04-15 23:03:20.179] [warning] Visualizer couldn't open middle_medial_rvs.vtp because: SimTK Exception thrown at PolygonalMesh.cpp:411:
  Error detected by Simbody method PolygonalMesh::loadVtpFile(): Attempt to load a VTK PolyData (.vtp) file from file name 'C:\OpenSim 4.3\opensim\..\\Geometry\middle_medial_rvs.vtp' failed with message:
  SimTK Exception thrown at Xml.cpp:108:
  Error detected by Simbody method Xml::readFromFile(): Failed to load the Xml file 'C:\OpenSim 4.3\opensim\..\\Geometry\middle_medial_rvs.vtp' with error 'Failed to open file (line=0, col=0)'.
  (Required condition 'loadOK' was not met.)

  (Required condition '!"failed"' was not met.)

[2025-04-15 23:03:20.179] [warning] Visualizer couldn't open middle_distal_rvs.vtp because: SimTK Exception thrown at PolygonalMesh.cpp:411:
  Error detected by Simbody method PolygonalMesh::loadVtpFile(): Attempt to load a VTK PolyData (.vtp) file from file name 'C:\OpenSim 4.3\opensim\..\\Geometry\middle_distal_rvs.vtp' failed with message:
  SimTK Exception thrown at Xml.cpp:108:
  Error detected by Simbody method Xml::readFromFile(): Failed to load the Xml file 'C:\OpenSim 4.3\opensim\..\\Geometry\middle_distal_rvs.vtp' with error 'Failed to open file (line=0, col=0)'.
  (Required condition 'loadOK' was not met.)

  (Required condition '!"failed"' was not met.)

[2025-04-15 23:03:20.179] [warning] Visualizer couldn't open metacarpal4_rvs.vtp because: SimTK Exception thrown at PolygonalMesh.cpp:411:
  Error detected by Simbody method PolygonalMesh::loadVtpFile(): Attempt to load a VTK PolyData (.vtp) file from file name 'C:\OpenSim 4.3\opensim\..\\Geometry\metacarpal4_rvs.vtp' failed with message:
  SimTK Exception thrown at Xml.cpp:108:
  Error detected by Simbody method Xml::readFromFile(): Failed to load the Xml file 'C:\OpenSim 4.3\opensim\..\\Geometry\metacarpal4_rvs.vtp' with error 'Failed to open file (line=0, col=0)'.
  (Required condition 'loadOK' was not met.)

  (Required condition '!"failed"' was not met.)

[2025-04-15 23:03:20.179] [warning] Visualizer couldn't open ring_proximal_rvs.vtp because: SimTK Exception thrown at PolygonalMesh.cpp:411:
  Error detected by Simbody method PolygonalMesh::loadVtpFile(): Attempt to load a VTK PolyData (.vtp) file from file name 'C:\OpenSim 4.3\opensim\..\\Geometry\ring_proximal_rvs.vtp' failed with message:
  SimTK Exception thrown at Xml.cpp:108:
  Error detected by Simbody method Xml::readFromFile(): Failed to load the Xml file 'C:\OpenSim 4.3\opensim\..\\Geometry\ring_proximal_rvs.vtp' with error 'Failed to open file (line=0, col=0)'.
  (Required condition 'loadOK' was not met.)

  (Required condition '!"failed"' was not met.)

[2025-04-15 23:03:20.179] [warning] Visualizer couldn't open ring_medial_rvs.vtp because: SimTK Exception thrown at PolygonalMesh.cpp:411:
  Error detected by Simbody method PolygonalMesh::loadVtpFile(): Attempt to load a VTK PolyData (.vtp) file from file name 'C:\OpenSim 4.3\opensim\..\\Geometry\ring_medial_rvs.vtp' failed with message:
  SimTK Exception thrown at Xml.cpp:108:
  Error detected by Simbody method Xml::readFromFile(): Failed to load the Xml file 'C:\OpenSim 4.3\opensim\..\\Geometry\ring_medial_rvs.vtp' with error 'Failed to open file (line=0, col=0)'.
  (Required condition 'loadOK' was not met.)

  (Required condition '!"failed"' was not met.)

[2025-04-15 23:03:20.179] [warning] Visualizer couldn't open ring_distal_rvs.vtp because: SimTK Exception thrown at PolygonalMesh.cpp:411:
  Error detected by Simbody method PolygonalMesh::loadVtpFile(): Attempt to load a VTK PolyData (.vtp) file from file name 'C:\OpenSim 4.3\opensim\..\\Geometry\ring_distal_rvs.vtp' failed with message:
  SimTK Exception thrown at Xml.cpp:108:
  Error detected by Simbody method Xml::readFromFile(): Failed to load the Xml file 'C:\OpenSim 4.3\opensim\..\\Geometry\ring_distal_rvs.vtp' with error 'Failed to open file (line=0, col=0)'.
  (Required condition 'loadOK' was not met.)

  (Required condition '!"failed"' was not met.)

[2025-04-15 23:03:20.179] [warning] Visualizer couldn't open metacarpal5_rvs.vtp because: SimTK Exception thrown at PolygonalMesh.cpp:411:
  Error detected by Simbody method PolygonalMesh::loadVtpFile(): Attempt to load a VTK PolyData (.vtp) file from file name 'C:\OpenSim 4.3\opensim\..\\Geometry\metacarpal5_rvs.vtp' failed with message:
  SimTK Exception thrown at Xml.cpp:108:
  Error detected by Simbody method Xml::readFromFile(): Failed to load the Xml file 'C:\OpenSim 4.3\opensim\..\\Geometry\metacarpal5_rvs.vtp' with error 'Failed to open file (line=0, col=0)'.
  (Required condition 'loadOK' was not met.)

  (Required condition '!"failed"' was not met.)

[2025-04-15 23:03:20.179] [warning] Visualizer couldn't open little_proximal_rvs.vtp because: SimTK Exception thrown at PolygonalMesh.cpp:411:
  Error detected by Simbody method PolygonalMesh::loadVtpFile(): Attempt to load a VTK PolyData (.vtp) file from file name 'C:\OpenSim 4.3\opensim\..\\Geometry\little_proximal_rvs.vtp' failed with message:
  SimTK Exception thrown at Xml.cpp:108:
  Error detected by Simbody method Xml::readFromFile(): Failed to load the Xml file 'C:\OpenSim 4.3\opensim\..\\Geometry\little_proximal_rvs.vtp' with error 'Failed to open file (line=0, col=0)'.
  (Required condition 'loadOK' was not met.)

  (Required condition '!"failed"' was not met.)

[2025-04-15 23:03:20.179] [warning] Visualizer couldn't open little_medial_rvs.vtp because: SimTK Exception thrown at PolygonalMesh.cpp:411:
  Error detected by Simbody method PolygonalMesh::loadVtpFile(): Attempt to load a VTK PolyData (.vtp) file from file name 'C:\OpenSim 4.3\opensim\..\\Geometry\little_medial_rvs.vtp' failed with message:
  SimTK Exception thrown at Xml.cpp:108:
  Error detected by Simbody method Xml::readFromFile(): Failed to load the Xml file 'C:\OpenSim 4.3\opensim\..\\Geometry\little_medial_rvs.vtp' with error 'Failed to open file (line=0, col=0)'.
  (Required condition 'loadOK' was not met.)

  (Required condition '!"failed"' was not met.)

[2025-04-15 23:03:20.179] [warning] Visualizer couldn't open little_distal_rvs.vtp because: SimTK Exception thrown at PolygonalMesh.cpp:411:
  Error detected by Simbody method PolygonalMesh::loadVtpFile(): Attempt to load a VTK PolyData (.vtp) file from file name 'C:\OpenSim 4.3\opensim\..\\Geometry\little_distal_rvs.vtp' failed with message:
  SimTK Exception thrown at Xml.cpp:108:
  Error detected by Simbody method Xml::readFromFile(): Failed to load the Xml file 'C:\OpenSim 4.3\opensim\..\\Geometry\little_distal_rvs.vtp' with error 'Failed to open file (line=0, col=0)'.
  (Required condition 'loadOK' was not met.)

  (Required condition '!"failed"' was not met.)

[2025-04-15 23:03:20.179] [warning] Visualizer couldn't open metacarpal1_rvs.vtp because: SimTK Exception thrown at PolygonalMesh.cpp:411:
  Error detected by Simbody method PolygonalMesh::loadVtpFile(): Attempt to load a VTK PolyData (.vtp) file from file name 'C:\OpenSim 4.3\opensim\..\\Geometry\metacarpal1_rvs.vtp' failed with message:
  SimTK Exception thrown at Xml.cpp:108:
  Error detected by Simbody method Xml::readFromFile(): Failed to load the Xml file 'C:\OpenSim 4.3\opensim\..\\Geometry\metacarpal1_rvs.vtp' with error 'Failed to open file (line=0, col=0)'.
  (Required condition 'loadOK' was not met.)

  (Required condition '!"failed"' was not met.)

[2025-04-15 23:03:20.179] [warning] Visualizer couldn't open thumb_proximal_rvs.vtp because: SimTK Exception thrown at PolygonalMesh.cpp:411:
  Error detected by Simbody method PolygonalMesh::loadVtpFile(): Attempt to load a VTK PolyData (.vtp) file from file name 'C:\OpenSim 4.3\opensim\..\\Geometry\thumb_proximal_rvs.vtp' failed with message:
  SimTK Exception thrown at Xml.cpp:108:
  Error detected by Simbody method Xml::readFromFile(): Failed to load the Xml file 'C:\OpenSim 4.3\opensim\..\\Geometry\thumb_proximal_rvs.vtp' with error 'Failed to open file (line=0, col=0)'.
  (Required condition 'loadOK' was not met.)

  (Required condition '!"failed"' was not met.)

[2025-04-15 23:03:20.179] [warning] Visualizer couldn't open thumb_distal_rvs.vtp because: SimTK Exception thrown at PolygonalMesh.cpp:411:
  Error detected by Simbody method PolygonalMesh::loadVtpFile(): Attempt to load a VTK PolyData (.vtp) file from file name 'C:\OpenSim 4.3\opensim\..\\Geometry\thumb_distal_rvs.vtp' failed with message:
  SimTK Exception thrown at Xml.cpp:108:
  Error detected by Simbody method Xml::readFromFile(): Failed to load the Xml file 'C:\OpenSim 4.3\opensim\..\\Geometry\thumb_distal_rvs.vtp' with error 'Failed to open file (line=0, col=0)'.
  (Required condition 'loadOK' was not met.)

  (Required condition '!"failed"' was not met.)

[2025-04-15 23:03:20.180] [warning] Visualizer couldn't open humerus_lv.vtp because: SimTK Exception thrown at PolygonalMesh.cpp:411:
  Error detected by Simbody method PolygonalMesh::loadVtpFile(): Attempt to load a VTK PolyData (.vtp) file from file name 'C:\OpenSim 4.3\opensim\..\\Geometry\humerus_lv.vtp' failed with message:
  SimTK Exception thrown at Xml.cpp:108:
  Error detected by Simbody method Xml::readFromFile(): Failed to load the Xml file 'C:\OpenSim 4.3\opensim\..\\Geometry\humerus_lv.vtp' with error 'Failed to open file (line=0, col=0)'.
  (Required condition 'loadOK' was not met.)

  (Required condition '!"failed"' was not met.)

[2025-04-15 23:03:20.180] [warning] Visualizer couldn't open ulna_lv.vtp because: SimTK Exception thrown at PolygonalMesh.cpp:411:
  Error detected by Simbody method PolygonalMesh::loadVtpFile(): Attempt to load a VTK PolyData (.vtp) file from file name 'C:\OpenSim 4.3\opensim\..\\Geometry\ulna_lv.vtp' failed with message:
  SimTK Exception thrown at Xml.cpp:108:
  Error detected by Simbody method Xml::readFromFile(): Failed to load the Xml file 'C:\OpenSim 4.3\opensim\..\\Geometry\ulna_lv.vtp' with error 'Failed to open file (line=0, col=0)'.
  (Required condition 'loadOK' was not met.)

  (Required condition '!"failed"' was not met.)

[2025-04-15 23:03:20.180] [warning] Visualizer couldn't open radius_lv.vtp because: SimTK Exception thrown at PolygonalMesh.cpp:411:
  Error detected by Simbody method PolygonalMesh::loadVtpFile(): Attempt to load a VTK PolyData (.vtp) file from file name 'C:\OpenSim 4.3\opensim\..\\Geometry\radius_lv.vtp' failed with message:
  SimTK Exception thrown at Xml.cpp:108:
  Error detected by Simbody method Xml::readFromFile(): Failed to load the Xml file 'C:\OpenSim 4.3\opensim\..\\Geometry\radius_lv.vtp' with error 'Failed to open file (line=0, col=0)'.
  (Required condition 'loadOK' was not met.)

  (Required condition '!"failed"' was not met.)

[2025-04-15 23:03:20.180] [warning] Visualizer couldn't open pisiform_lvs.vtp because: SimTK Exception thrown at PolygonalMesh.cpp:411:
  Error detected by Simbody method PolygonalMesh::loadVtpFile(): Attempt to load a VTK PolyData (.vtp) file from file name 'C:\OpenSim 4.3\opensim\..\\Geometry\pisiform_lvs.vtp' failed with message:
  SimTK Exception thrown at Xml.cpp:108:
  Error detected by Simbody method Xml::readFromFile(): Failed to load the Xml file 'C:\OpenSim 4.3\opensim\..\\Geometry\pisiform_lvs.vtp' with error 'Failed to open file (line=0, col=0)'.
  (Required condition 'loadOK' was not met.)

  (Required condition '!"failed"' was not met.)

[2025-04-15 23:03:20.180] [warning] Visualizer couldn't open lunate_lvs.vtp because: SimTK Exception thrown at PolygonalMesh.cpp:411:
  Error detected by Simbody method PolygonalMesh::loadVtpFile(): Attempt to load a VTK PolyData (.vtp) file from file name 'C:\OpenSim 4.3\opensim\..\\Geometry\lunate_lvs.vtp' failed with message:
  SimTK Exception thrown at Xml.cpp:108:
  Error detected by Simbody method Xml::readFromFile(): Failed to load the Xml file 'C:\OpenSim 4.3\opensim\..\\Geometry\lunate_lvs.vtp' with error 'Failed to open file (line=0, col=0)'.
  (Required condition 'loadOK' was not met.)

  (Required condition '!"failed"' was not met.)

[2025-04-15 23:03:20.180] [warning] Visualizer couldn't open scaphoid_lvs.vtp because: SimTK Exception thrown at PolygonalMesh.cpp:411:
  Error detected by Simbody method PolygonalMesh::loadVtpFile(): Attempt to load a VTK PolyData (.vtp) file from file name 'C:\OpenSim 4.3\opensim\..\\Geometry\scaphoid_lvs.vtp' failed with message:
  SimTK Exception thrown at Xml.cpp:108:
  Error detected by Simbody method Xml::readFromFile(): Failed to load the Xml file 'C:\OpenSim 4.3\opensim\..\\Geometry\scaphoid_lvs.vtp' with error 'Failed to open file (line=0, col=0)'.
  (Required condition 'loadOK' was not met.)

  (Required condition '!"failed"' was not met.)

[2025-04-15 23:03:20.180] [warning] Visualizer couldn't open triquetrum_lvs.vtp because: SimTK Exception thrown at PolygonalMesh.cpp:411:
  Error detected by Simbody method PolygonalMesh::loadVtpFile(): Attempt to load a VTK PolyData (.vtp) file from file name 'C:\OpenSim 4.3\opensim\..\\Geometry\triquetrum_lvs.vtp' failed with message:
  SimTK Exception thrown at Xml.cpp:108:
  Error detected by Simbody method Xml::readFromFile(): Failed to load the Xml file 'C:\OpenSim 4.3\opensim\..\\Geometry\triquetrum_lvs.vtp' with error 'Failed to open file (line=0, col=0)'.
  (Required condition 'loadOK' was not met.)

  (Required condition '!"failed"' was not met.)

[2025-04-15 23:03:20.180] [warning] Visualizer couldn't open hamate_lvs.vtp because: SimTK Exception thrown at PolygonalMesh.cpp:411:
  Error detected by Simbody method PolygonalMesh::loadVtpFile(): Attempt to load a VTK PolyData (.vtp) file from file name 'C:\OpenSim 4.3\opensim\..\\Geometry\hamate_lvs.vtp' failed with message:
  SimTK Exception thrown at Xml.cpp:108:
  Error detected by Simbody method Xml::readFromFile(): Failed to load the Xml file 'C:\OpenSim 4.3\opensim\..\\Geometry\hamate_lvs.vtp' with error 'Failed to open file (line=0, col=0)'.
  (Required condition 'loadOK' was not met.)

  (Required condition '!"failed"' was not met.)

[2025-04-15 23:03:20.180] [warning] Visualizer couldn't open capitate_lvs.vtp because: SimTK Exception thrown at PolygonalMesh.cpp:411:
  Error detected by Simbody method PolygonalMesh::loadVtpFile(): Attempt to load a VTK PolyData (.vtp) file from file name 'C:\OpenSim 4.3\opensim\..\\Geometry\capitate_lvs.vtp' failed with message:
  SimTK Exception thrown at Xml.cpp:108:
  Error detected by Simbody method Xml::readFromFile(): Failed to load the Xml file 'C:\OpenSim 4.3\opensim\..\\Geometry\capitate_lvs.vtp' with error 'Failed to open file (line=0, col=0)'.
  (Required condition 'loadOK' was not met.)

  (Required condition '!"failed"' was not met.)

[2025-04-15 23:03:20.180] [warning] Visualizer couldn't open trapezoid_lvs.vtp because: SimTK Exception thrown at PolygonalMesh.cpp:411:
  Error detected by Simbody method PolygonalMesh::loadVtpFile(): Attempt to load a VTK PolyData (.vtp) file from file name 'C:\OpenSim 4.3\opensim\..\\Geometry\trapezoid_lvs.vtp' failed with message:
  SimTK Exception thrown at Xml.cpp:108:
  Error detected by Simbody method Xml::readFromFile(): Failed to load the Xml file 'C:\OpenSim 4.3\opensim\..\\Geometry\trapezoid_lvs.vtp' with error 'Failed to open file (line=0, col=0)'.
  (Required condition 'loadOK' was not met.)

  (Required condition '!"failed"' was not met.)

[2025-04-15 23:03:20.180] [warning] Visualizer couldn't open trapezium_lvs.vtp because: SimTK Exception thrown at PolygonalMesh.cpp:411:
  Error detected by Simbody method PolygonalMesh::loadVtpFile(): Attempt to load a VTK PolyData (.vtp) file from file name 'C:\OpenSim 4.3\opensim\..\\Geometry\trapezium_lvs.vtp' failed with message:
  SimTK Exception thrown at Xml.cpp:108:
  Error detected by Simbody method Xml::readFromFile(): Failed to load the Xml file 'C:\OpenSim 4.3\opensim\..\\Geometry\trapezium_lvs.vtp' with error 'Failed to open file (line=0, col=0)'.
  (Required condition 'loadOK' was not met.)

  (Required condition '!"failed"' was not met.)

[2025-04-15 23:03:20.180] [warning] Visualizer couldn't open metacarpal2_lvs.vtp because: SimTK Exception thrown at PolygonalMesh.cpp:411:
  Error detected by Simbody method PolygonalMesh::loadVtpFile(): Attempt to load a VTK PolyData (.vtp) file from file name 'C:\OpenSim 4.3\opensim\..\\Geometry\metacarpal2_lvs.vtp' failed with message:
  SimTK Exception thrown at Xml.cpp:108:
  Error detected by Simbody method Xml::readFromFile(): Failed to load the Xml file 'C:\OpenSim 4.3\opensim\..\\Geometry\metacarpal2_lvs.vtp' with error 'Failed to open file (line=0, col=0)'.
  (Required condition 'loadOK' was not met.)

  (Required condition '!"failed"' was not met.)

[2025-04-15 23:03:20.181] [warning] Visualizer couldn't open index_proximal_lvs.vtp because: SimTK Exception thrown at PolygonalMesh.cpp:411:
  Error detected by Simbody method PolygonalMesh::loadVtpFile(): Attempt to load a VTK PolyData (.vtp) file from file name 'C:\OpenSim 4.3\opensim\..\\Geometry\index_proximal_lvs.vtp' failed with message:
  SimTK Exception thrown at Xml.cpp:108:
  Error detected by Simbody method Xml::readFromFile(): Failed to load the Xml file 'C:\OpenSim 4.3\opensim\..\\Geometry\index_proximal_lvs.vtp' with error 'Failed to open file (line=0, col=0)'.
  (Required condition 'loadOK' was not met.)

  (Required condition '!"failed"' was not met.)

[2025-04-15 23:03:20.181] [warning] Visualizer couldn't open index_medial_lvs.vtp because: SimTK Exception thrown at PolygonalMesh.cpp:411:
  Error detected by Simbody method PolygonalMesh::loadVtpFile(): Attempt to load a VTK PolyData (.vtp) file from file name 'C:\OpenSim 4.3\opensim\..\\Geometry\index_medial_lvs.vtp' failed with message:
  SimTK Exception thrown at Xml.cpp:108:
  Error detected by Simbody method Xml::readFromFile(): Failed to load the Xml file 'C:\OpenSim 4.3\opensim\..\\Geometry\index_medial_lvs.vtp' with error 'Failed to open file (line=0, col=0)'.
  (Required condition 'loadOK' was not met.)

  (Required condition '!"failed"' was not met.)

[2025-04-15 23:03:20.181] [warning] Visualizer couldn't open index_distal_lvs.vtp because: SimTK Exception thrown at PolygonalMesh.cpp:411:
  Error detected by Simbody method PolygonalMesh::loadVtpFile(): Attempt to load a VTK PolyData (.vtp) file from file name 'C:\OpenSim 4.3\opensim\..\\Geometry\index_distal_lvs.vtp' failed with message:
  SimTK Exception thrown at Xml.cpp:108:
  Error detected by Simbody method Xml::readFromFile(): Failed to load the Xml file 'C:\OpenSim 4.3\opensim\..\\Geometry\index_distal_lvs.vtp' with error 'Failed to open file (line=0, col=0)'.
  (Required condition 'loadOK' was not met.)

  (Required condition '!"failed"' was not met.)

[2025-04-15 23:03:20.181] [warning] Visualizer couldn't open metacarpal3_lvs.vtp because: SimTK Exception thrown at PolygonalMesh.cpp:411:
  Error detected by Simbody method PolygonalMesh::loadVtpFile(): Attempt to load a VTK PolyData (.vtp) file from file name 'C:\OpenSim 4.3\opensim\..\\Geometry\metacarpal3_lvs.vtp' failed with message:
  SimTK Exception thrown at Xml.cpp:108:
  Error detected by Simbody method Xml::readFromFile(): Failed to load the Xml file 'C:\OpenSim 4.3\opensim\..\\Geometry\metacarpal3_lvs.vtp' with error 'Failed to open file (line=0, col=0)'.
  (Required condition 'loadOK' was not met.)

  (Required condition '!"failed"' was not met.)

[2025-04-15 23:03:20.181] [warning] Visualizer couldn't open middle_proximal_lvs.vtp because: SimTK Exception thrown at PolygonalMesh.cpp:411:
  Error detected by Simbody method PolygonalMesh::loadVtpFile(): Attempt to load a VTK PolyData (.vtp) file from file name 'C:\OpenSim 4.3\opensim\..\\Geometry\middle_proximal_lvs.vtp' failed with message:
  SimTK Exception thrown at Xml.cpp:108:
  Error detected by Simbody method Xml::readFromFile(): Failed to load the Xml file 'C:\OpenSim 4.3\opensim\..\\Geometry\middle_proximal_lvs.vtp' with error 'Failed to open file (line=0, col=0)'.
  (Required condition 'loadOK' was not met.)

  (Required condition '!"failed"' was not met.)

[2025-04-15 23:03:20.181] [warning] Visualizer couldn't open middle_medial_lvs.vtp because: SimTK Exception thrown at PolygonalMesh.cpp:411:
  Error detected by Simbody method PolygonalMesh::loadVtpFile(): Attempt to load a VTK PolyData (.vtp) file from file name 'C:\OpenSim 4.3\opensim\..\\Geometry\middle_medial_lvs.vtp' failed with message:
  SimTK Exception thrown at Xml.cpp:108:
  Error detected by Simbody method Xml::readFromFile(): Failed to load the Xml file 'C:\OpenSim 4.3\opensim\..\\Geometry\middle_medial_lvs.vtp' with error 'Failed to open file (line=0, col=0)'.
  (Required condition 'loadOK' was not met.)

  (Required condition '!"failed"' was not met.)

[2025-04-15 23:03:20.181] [warning] Visualizer couldn't open middle_distal_lvs.vtp because: SimTK Exception thrown at PolygonalMesh.cpp:411:
  Error detected by Simbody method PolygonalMesh::loadVtpFile(): Attempt to load a VTK PolyData (.vtp) file from file name 'C:\OpenSim 4.3\opensim\..\\Geometry\middle_distal_lvs.vtp' failed with message:
  SimTK Exception thrown at Xml.cpp:108:
  Error detected by Simbody method Xml::readFromFile(): Failed to load the Xml file 'C:\OpenSim 4.3\opensim\..\\Geometry\middle_distal_lvs.vtp' with error 'Failed to open file (line=0, col=0)'.
  (Required condition 'loadOK' was not met.)

  (Required condition '!"failed"' was not met.)

[2025-04-15 23:03:20.181] [warning] Visualizer couldn't open metacarpal4_lvs.vtp because: SimTK Exception thrown at PolygonalMesh.cpp:411:
  Error detected by Simbody method PolygonalMesh::loadVtpFile(): Attempt to load a VTK PolyData (.vtp) file from file name 'C:\OpenSim 4.3\opensim\..\\Geometry\metacarpal4_lvs.vtp' failed with message:
  SimTK Exception thrown at Xml.cpp:108:
  Error detected by Simbody method Xml::readFromFile(): Failed to load the Xml file 'C:\OpenSim 4.3\opensim\..\\Geometry\metacarpal4_lvs.vtp' with error 'Failed to open file (line=0, col=0)'.
  (Required condition 'loadOK' was not met.)

  (Required condition '!"failed"' was not met.)

[2025-04-15 23:03:20.181] [warning] Visualizer couldn't open ring_proximal_lvs.vtp because: SimTK Exception thrown at PolygonalMesh.cpp:411:
  Error detected by Simbody method PolygonalMesh::loadVtpFile(): Attempt to load a VTK PolyData (.vtp) file from file name 'C:\OpenSim 4.3\opensim\..\\Geometry\ring_proximal_lvs.vtp' failed with message:
  SimTK Exception thrown at Xml.cpp:108:
  Error detected by Simbody method Xml::readFromFile(): Failed to load the Xml file 'C:\OpenSim 4.3\opensim\..\\Geometry\ring_proximal_lvs.vtp' with error 'Failed to open file (line=0, col=0)'.
  (Required condition 'loadOK' was not met.)

  (Required condition '!"failed"' was not met.)

[2025-04-15 23:03:20.181] [warning] Visualizer couldn't open ring_medial_lvs.vtp because: SimTK Exception thrown at PolygonalMesh.cpp:411:
  Error detected by Simbody method PolygonalMesh::loadVtpFile(): Attempt to load a VTK PolyData (.vtp) file from file name 'C:\OpenSim 4.3\opensim\..\\Geometry\ring_medial_lvs.vtp' failed with message:
  SimTK Exception thrown at Xml.cpp:108:
  Error detected by Simbody method Xml::readFromFile(): Failed to load the Xml file 'C:\OpenSim 4.3\opensim\..\\Geometry\ring_medial_lvs.vtp' with error 'Failed to open file (line=0, col=0)'.
  (Required condition 'loadOK' was not met.)

  (Required condition '!"failed"' was not met.)

[2025-04-15 23:03:20.181] [warning] Visualizer couldn't open ring_distal_lvs.vtp because: SimTK Exception thrown at PolygonalMesh.cpp:411:
  Error detected by Simbody method PolygonalMesh::loadVtpFile(): Attempt to load a VTK PolyData (.vtp) file from file name 'C:\OpenSim 4.3\opensim\..\\Geometry\ring_distal_lvs.vtp' failed with message:
  SimTK Exception thrown at Xml.cpp:108:
  Error detected by Simbody method Xml::readFromFile(): Failed to load the Xml file 'C:\OpenSim 4.3\opensim\..\\Geometry\ring_distal_lvs.vtp' with error 'Failed to open file (line=0, col=0)'.
  (Required condition 'loadOK' was not met.)

  (Required condition '!"failed"' was not met.)

[2025-04-15 23:03:20.181] [warning] Visualizer couldn't open metacarpal5_lvs.vtp because: SimTK Exception thrown at PolygonalMesh.cpp:411:
  Error detected by Simbody method PolygonalMesh::loadVtpFile(): Attempt to load a VTK PolyData (.vtp) file from file name 'C:\OpenSim 4.3\opensim\..\\Geometry\metacarpal5_lvs.vtp' failed with message:
  SimTK Exception thrown at Xml.cpp:108:
  Error detected by Simbody method Xml::readFromFile(): Failed to load the Xml file 'C:\OpenSim 4.3\opensim\..\\Geometry\metacarpal5_lvs.vtp' with error 'Failed to open file (line=0, col=0)'.
  (Required condition 'loadOK' was not met.)

  (Required condition '!"failed"' was not met.)

[2025-04-15 23:03:20.181] [warning] Visualizer couldn't open little_proximal_lvs.vtp because: SimTK Exception thrown at PolygonalMesh.cpp:411:
  Error detected by Simbody method PolygonalMesh::loadVtpFile(): Attempt to load a VTK PolyData (.vtp) file from file name 'C:\OpenSim 4.3\opensim\..\\Geometry\little_proximal_lvs.vtp' failed with message:
  SimTK Exception thrown at Xml.cpp:108:
  Error detected by Simbody method Xml::readFromFile(): Failed to load the Xml file 'C:\OpenSim 4.3\opensim\..\\Geometry\little_proximal_lvs.vtp' with error 'Failed to open file (line=0, col=0)'.
  (Required condition 'loadOK' was not met.)

  (Required condition '!"failed"' was not met.)

[2025-04-15 23:03:20.181] [warning] Visualizer couldn't open little_medial_lvs.vtp because: SimTK Exception thrown at PolygonalMesh.cpp:411:
  Error detected by Simbody method PolygonalMesh::loadVtpFile(): Attempt to load a VTK PolyData (.vtp) file from file name 'C:\OpenSim 4.3\opensim\..\\Geometry\little_medial_lvs.vtp' failed with message:
  SimTK Exception thrown at Xml.cpp:108:
  Error detected by Simbody method Xml::readFromFile(): Failed to load the Xml file 'C:\OpenSim 4.3\opensim\..\\Geometry\little_medial_lvs.vtp' with error 'Failed to open file (line=0, col=0)'.
  (Required condition 'loadOK' was not met.)

  (Required condition '!"failed"' was not met.)

[2025-04-15 23:03:20.181] [warning] Visualizer couldn't open little_distal_lvs.vtp because: SimTK Exception thrown at PolygonalMesh.cpp:411:
  Error detected by Simbody method PolygonalMesh::loadVtpFile(): Attempt to load a VTK PolyData (.vtp) file from file name 'C:\OpenSim 4.3\opensim\..\\Geometry\little_distal_lvs.vtp' failed with message:
  SimTK Exception thrown at Xml.cpp:108:
  Error detected by Simbody method Xml::readFromFile(): Failed to load the Xml file 'C:\OpenSim 4.3\opensim\..\\Geometry\little_distal_lvs.vtp' with error 'Failed to open file (line=0, col=0)'.
  (Required condition 'loadOK' was not met.)

  (Required condition '!"failed"' was not met.)

[2025-04-15 23:03:20.182] [warning] Visualizer couldn't open metacarpal1_lvs.vtp because: SimTK Exception thrown at PolygonalMesh.cpp:411:
  Error detected by Simbody method PolygonalMesh::loadVtpFile(): Attempt to load a VTK PolyData (.vtp) file from file name 'C:\OpenSim 4.3\opensim\..\\Geometry\metacarpal1_lvs.vtp' failed with message:
  SimTK Exception thrown at Xml.cpp:108:
  Error detected by Simbody method Xml::readFromFile(): Failed to load the Xml file 'C:\OpenSim 4.3\opensim\..\\Geometry\metacarpal1_lvs.vtp' with error 'Failed to open file (line=0, col=0)'.
  (Required condition 'loadOK' was not met.)

  (Required condition '!"failed"' was not met.)

[2025-04-15 23:03:20.182] [warning] Visualizer couldn't open thumb_proximal_lvs.vtp because: SimTK Exception thrown at PolygonalMesh.cpp:411:
  Error detected by Simbody method PolygonalMesh::loadVtpFile(): Attempt to load a VTK PolyData (.vtp) file from file name 'C:\OpenSim 4.3\opensim\..\\Geometry\thumb_proximal_lvs.vtp' failed with message:
  SimTK Exception thrown at Xml.cpp:108:
  Error detected by Simbody method Xml::readFromFile(): Failed to load the Xml file 'C:\OpenSim 4.3\opensim\..\\Geometry\thumb_proximal_lvs.vtp' with error 'Failed to open file (line=0, col=0)'.
  (Required condition 'loadOK' was not met.)

  (Required condition '!"failed"' was not met.)

[2025-04-15 23:03:20.182] [warning] Visualizer couldn't open thumb_distal_lvs.vtp because: SimTK Exception thrown at PolygonalMesh.cpp:411:
  Error detected by Simbody method PolygonalMesh::loadVtpFile(): Attempt to load a VTK PolyData (.vtp) file from file name 'C:\OpenSim 4.3\opensim\..\\Geometry\thumb_distal_lvs.vtp' failed with message:
  SimTK Exception thrown at Xml.cpp:108:
  Error detected by Simbody method Xml::readFromFile(): Failed to load the Xml file 'C:\OpenSim 4.3\opensim\..\\Geometry\thumb_distal_lvs.vtp' with error 'Failed to open file (line=0, col=0)'.
  (Required condition 'loadOK' was not met.)

  (Required condition '!"failed"' was not met.)

[2025-09-16 15:51:19.909] [info] Updating Model file from 30000 to latest format...
[2025-09-16 15:51:20.041] [info] Loaded model 009 from file C:\Git\research_data\Projects\squatting_fais\models\009_Rajagopal2015_FAI.osim
[2025-09-16 15:51:20.087] [warning] Couldn't find file 'r_patella.vtp'.
[2025-09-16 15:51:20.087] [warning] Couldn't find file 'r_talus.vtp'.
[2025-09-16 15:51:20.087] [warning] Couldn't find file 'r_foot.vtp'.
[2025-09-16 15:51:20.087] [warning] Couldn't find file 'r_bofoot.vtp'.
[2025-09-16 15:51:20.107] [warning] Couldn't find file 'l_patella.vtp'.
[2025-09-16 15:51:20.107] [warning] Couldn't find file 'l_talus.vtp'.
[2025-09-16 15:51:20.107] [warning] Couldn't find file 'l_foot.vtp'.
[2025-09-16 15:51:20.107] [warning] Couldn't find file 'l_bofoot.vtp'.
[2025-09-16 15:51:20.107] [warning] Couldn't find file 'hat_spine.vtp'.
[2025-09-16 15:51:20.107] [warning] Couldn't find file 'hat_jaw.vtp'.
[2025-09-16 15:51:20.107] [warning] Couldn't find file 'hat_skull.vtp'.
[2025-09-16 15:51:20.108] [warning] Couldn't find file 'hat_ribs_scap.vtp'.
[2025-09-16 15:51:20.108] [warning] Couldn't find file 'humerus_rv.vtp'.
[2025-09-16 15:51:20.108] [warning] Couldn't find file 'ulna_rv.vtp'.
[2025-09-16 15:51:20.108] [warning] Couldn't find file 'radius_rv.vtp'.
[2025-09-16 15:51:20.108] [warning] Couldn't find file 'pisiform_rvs.vtp'.
[2025-09-16 15:51:20.108] [warning] Couldn't find file 'lunate_rvs.vtp'.
[2025-09-16 15:51:20.108] [warning] Couldn't find file 'scaphoid_rvs.vtp'.
[2025-09-16 15:51:20.108] [warning] Couldn't find file 'triquetrum_rvs.vtp'.
[2025-09-16 15:51:20.108] [warning] Couldn't find file 'hamate_rvs.vtp'.
[2025-09-16 15:51:20.108] [warning] Couldn't find file 'capitate_rvs.vtp'.
[2025-09-16 15:51:20.108] [warning] Couldn't find file 'trapezoid_rvs.vtp'.
[2025-09-16 15:51:20.109] [warning] Couldn't find file 'trapezium_rvs.vtp'.
[2025-09-16 15:51:20.109] [warning] Couldn't find file 'metacarpal2_rvs.vtp'.
[2025-09-16 15:51:20.109] [warning] Couldn't find file 'index_proximal_rvs.vtp'.
[2025-09-16 15:51:20.109] [warning] Couldn't find file 'index_medial_rvs.vtp'.
[2025-09-16 15:51:20.109] [warning] Couldn't find file 'index_distal_rvs.vtp'.
[2025-09-16 15:51:20.109] [warning] Couldn't find file 'metacarpal3_rvs.vtp'.
[2025-09-16 15:51:20.109] [warning] Couldn't find file 'middle_proximal_rvs.vtp'.
[2025-09-16 15:51:20.109] [warning] Couldn't find file 'middle_medial_rvs.vtp'.
[2025-09-16 15:51:20.109] [warning] Couldn't find file 'middle_distal_rvs.vtp'.
[2025-09-16 15:51:20.109] [warning] Couldn't find file 'metacarpal4_rvs.vtp'.
[2025-09-16 15:51:20.109] [warning] Couldn't find file 'ring_proximal_rvs.vtp'.
[2025-09-16 15:51:20.110] [warning] Couldn't find file 'ring_medial_rvs.vtp'.
[2025-09-16 15:51:20.110] [warning] Couldn't find file 'ring_distal_rvs.vtp'.
[2025-09-16 15:51:20.110] [warning] Couldn't find file 'metacarpal5_rvs.vtp'.
[2025-09-16 15:51:20.110] [warning] Couldn't find file 'little_proximal_rvs.vtp'.
[2025-09-16 15:51:20.110] [warning] Couldn't find file 'little_medial_rvs.vtp'.
[2025-09-16 15:51:20.110] [warning] Couldn't find file 'little_distal_rvs.vtp'.
[2025-09-16 15:51:20.110] [warning] Couldn't find file 'metacarpal1_rvs.vtp'.
[2025-09-16 15:51:20.111] [warning] Couldn't find file 'thumb_proximal_rvs.vtp'.
[2025-09-16 15:51:20.111] [warning] Couldn't find file 'thumb_distal_rvs.vtp'.
[2025-09-16 15:51:20.111] [warning] Couldn't find file 'humerus_lv.vtp'.
[2025-09-16 15:51:20.111] [warning] Couldn't find file 'ulna_lv.vtp'.
[2025-09-16 15:51:20.111] [warning] Couldn't find file 'radius_lv.vtp'.
[2025-09-16 15:51:20.111] [warning] Couldn't find file 'pisiform_lvs.vtp'.
[2025-09-16 15:51:20.112] [warning] Couldn't find file 'lunate_lvs.vtp'.
[2025-09-16 15:51:20.112] [warning] Couldn't find file 'scaphoid_lvs.vtp'.
[2025-09-16 15:51:20.112] [warning] Couldn't find file 'triquetrum_lvs.vtp'.
[2025-09-16 15:51:20.112] [warning] Couldn't find file 'hamate_lvs.vtp'.
[2025-09-16 15:51:20.112] [warning] Couldn't find file 'capitate_lvs.vtp'.
[2025-09-16 15:51:20.112] [warning] Couldn't find file 'trapezoid_lvs.vtp'.
[2025-09-16 15:51:20.112] [warning] Couldn't find file 'trapezium_lvs.vtp'.
[2025-09-16 15:51:20.112] [warning] Couldn't find file 'metacarpal2_lvs.vtp'.
[2025-09-16 15:51:20.112] [warning] Couldn't find file 'index_proximal_lvs.vtp'.
[2025-09-16 15:51:20.112] [warning] Couldn't find file 'index_medial_lvs.vtp'.
[2025-09-16 15:51:20.112] [warning] Couldn't find file 'index_distal_lvs.vtp'.
[2025-09-16 15:51:20.113] [warning] Couldn't find file 'metacarpal3_lvs.vtp'.
[2025-09-16 15:51:20.113] [warning] Couldn't find file 'middle_proximal_lvs.vtp'.
[2025-09-16 15:51:20.113] [warning] Couldn't find file 'middle_medial_lvs.vtp'.
[2025-09-16 15:51:20.113] [warning] Couldn't find file 'middle_distal_lvs.vtp'.
[2025-09-16 15:51:20.113] [warning] Couldn't find file 'metacarpal4_lvs.vtp'.
[2025-09-16 15:51:20.113] [warning] Couldn't find file 'ring_proximal_lvs.vtp'.
[2025-09-16 15:51:20.113] [warning] Couldn't find file 'ring_medial_lvs.vtp'.
[2025-09-16 15:51:20.113] [warning] Couldn't find file 'ring_distal_lvs.vtp'.
[2025-09-16 15:51:20.113] [warning] Couldn't find file 'metacarpal5_lvs.vtp'.
[2025-09-16 15:51:20.114] [warning] Couldn't find file 'little_proximal_lvs.vtp'.
[2025-09-16 15:51:20.114] [warning] Couldn't find file 'little_medial_lvs.vtp'.
[2025-09-16 15:51:20.114] [warning] Couldn't find file 'little_distal_lvs.vtp'.
[2025-09-16 15:51:20.114] [warning] Couldn't find file 'metacarpal1_lvs.vtp'.
[2025-09-16 15:51:20.114] [warning] Couldn't find file 'thumb_proximal_lvs.vtp'.
[2025-09-16 15:51:20.114] [warning] Couldn't find file 'thumb_distal_lvs.vtp'.
[2025-09-16 15:51:20.120] [warning] GeometryPath 'geometrypath' has subcomponents with duplicate name 'pathwrap'. The duplicate is being renamed to 'pathwrap_0'.
[2025-09-16 15:51:20.121] [warning] GeometryPath 'geometrypath' has subcomponents with duplicate name 'pathwrap'. The duplicate is being renamed to 'pathwrap_0'.
[2025-09-16 15:51:20.121] [warning] GeometryPath 'geometrypath' has subcomponents with duplicate name 'pathwrap'. The duplicate is being renamed to 'pathwrap_0'.
[2025-09-16 15:51:20.134] [warning] GeometryPath 'geometrypath' has subcomponents with duplicate name 'pathwrap'. The duplicate is being renamed to 'pathwrap_0'.
[2025-09-16 15:51:20.135] [warning] GeometryPath 'geometrypath' has subcomponents with duplicate name 'pathwrap'. The duplicate is being renamed to 'pathwrap_0'.
[2025-09-16 15:51:20.135] [warning] GeometryPath 'geometrypath' has subcomponents with duplicate name 'pathwrap'. The duplicate is being renamed to 'pathwrap_0'.
[2025-09-16 15:51:20.141] [warning] GeometryPath 'geometrypath' has subcomponents with duplicate name 'pathwrap'. The duplicate is being renamed to 'pathwrap_0'.
[2025-09-16 15:51:20.141] [warning] GeometryPath 'geometrypath' has subcomponents with duplicate name 'pathwrap'. The duplicate is being renamed to 'pathwrap_0'.
[2025-09-16 15:51:20.142] [warning] GeometryPath 'geometrypath' has subcomponents with duplicate name 'pathwrap'. The duplicate is being renamed to 'pathwrap_0'.
[2025-09-16 15:51:20.155] [warning] GeometryPath 'geometrypath' has subcomponents with duplicate name 'pathwrap'. The duplicate is being renamed to 'pathwrap_0'.
[2025-09-16 15:51:20.156] [warning] GeometryPath 'geometrypath' has subcomponents with duplicate name 'pathwrap'. The duplicate is being renamed to 'pathwrap_0'.
[2025-09-16 15:51:20.157] [warning] GeometryPath 'geometrypath' has subcomponents with duplicate name 'pathwrap'. The duplicate is being renamed to 'pathwrap_0'.
[2025-09-16 15:52:14.672] [info] Loaded marker file C:\Git\research_data\Projects\squatting_fais\c3dfiles\036\SJ_pre1\markers_experimental.trc (62 markers, 2200 frames)
[2025-09-16 15:52:21.641] [cout] [info] 
               MODEL: 009
         coordinates: 39
              forces: 97
           actuators: 97
             muscles: 80
            analyses: 2
              probes: 0
              bodies: 22
              joints: 22
         constraints: 2
             markers: 67
         controllers: 0
  contact geometries: 0
misc modelcomponents: 0
[2025-09-16 15:52:21.642] [info] Running tool .
[2025-09-16 15:52:22.071] [info] Frame 0 (t = 0.0):	 total squared error = 0.135064, marker error: RMS = 0.0554044, max = 0.127015 (LBHD)
[2025-09-16 15:52:22.181] [info] Frame 1 (t = 0.00500000):	 total squared error = 0.125589, marker error: RMS = 0.0534256, max = 0.112532 (LBHD)
[2025-09-16 15:52:22.268] [info] Frame 2 (t = 0.01):	 total squared error = 0.125534, marker error: RMS = 0.0534139, max = 0.112523 (LBHD)
[2025-09-16 15:52:22.351] [info] Frame 3 (t = 0.015):	 total squared error = 0.125541, marker error: RMS = 0.0534154, max = 0.112534 (LBHD)
[2025-09-16 15:52:22.428] [info] Frame 4 (t = 0.02):	 total squared error = 0.125562, marker error: RMS = 0.05342, max = 0.112536 (LBHD)
[2025-09-16 15:52:22.461] [info] Frame 5 (t = 0.025):	 total squared error = 0.125631, marker error: RMS = 0.0534344, max = 0.11258 (LBHD)
[2025-09-16 15:52:22.533] [info] Frame 6 (t = 0.03):	 total squared error = 0.12572, marker error: RMS = 0.0534535, max = 0.112721 (LBHD)
[2025-09-16 15:52:22.575] [info] Frame 7 (t = 0.035):	 total squared error = 0.125646, marker error: RMS = 0.0534377, max = 0.112619 (LBHD)
[2025-09-16 15:52:22.634] [info] Frame 8 (t = 0.04):	 total squared error = 0.125673, marker error: RMS = 0.0534436, max = 0.112631 (LBHD)
[2025-09-16 15:52:22.692] [info] Frame 9 (t = 0.045):	 total squared error = 0.125892, marker error: RMS = 0.05349, max = 0.112834 (LBHD)
[2025-09-16 15:52:22.727] [info] Frame 10 (t = 0.05):	 total squared error = 0.125663, marker error: RMS = 0.0534413, max = 0.112545 (LBHD)
[2025-09-16 15:52:22.779] [info] Frame 11 (t = 0.055):	 total squared error = 0.125527, marker error: RMS = 0.0534125, max = 0.112668 (LBHD)
[2025-09-16 15:52:22.818] [info] Frame 12 (t = 0.06):	 total squared error = 0.12578, marker error: RMS = 0.0534662, max = 0.112753 (LBHD)
[2025-09-16 15:52:22.854] [info] Frame 13 (t = 0.065):	 total squared error = 0.125745, marker error: RMS = 0.0534588, max = 0.112597 (LBHD)
[2025-09-16 15:52:22.912] [info] Frame 14 (t = 0.07):	 total squared error = 0.125723, marker error: RMS = 0.0534542, max = 0.11276 (LBHD)
[2025-09-16 15:52:22.949] [info] Frame 15 (t = 0.075):	 total squared error = 0.125745, marker error: RMS = 0.0534587, max = 0.112675 (LBHD)
[2025-09-16 15:52:23.021] [info] Frame 16 (t = 0.08):	 total squared error = 0.125698, marker error: RMS = 0.0534487, max = 0.112586 (LBHD)
[2025-09-16 15:52:23.062] [info] Frame 17 (t = 0.085):	 total squared error = 0.125621, marker error: RMS = 0.0534325, max = 0.112535 (LBHD)
[2025-09-16 15:52:23.123] [info] Frame 18 (t = 0.09):	 total squared error = 0.125648, marker error: RMS = 0.0534382, max = 0.112611 (LBHD)
[2025-09-16 15:52:23.156] [info] Frame 19 (t = 0.095):	 total squared error = 0.1256, marker error: RMS = 0.053428, max = 0.112564 (LBHD)
[2025-09-16 15:52:23.233] [info] Frame 20 (t = 0.1):	 total squared error = 0.125586, marker error: RMS = 0.053425, max = 0.112575 (LBHD)
[2025-09-16 15:52:23.285] [info] Frame 21 (t = 0.105000):	 total squared error = 0.125625, marker error: RMS = 0.0534332, max = 0.112633 (LBHD)
[2025-09-16 15:52:23.344] [info] Frame 22 (t = 0.11):	 total squared error = 0.125531, marker error: RMS = 0.0534132, max = 0.1126 (LBHD)
[2025-09-16 15:52:23.404] [info] Frame 23 (t = 0.115):	 total squared error = 0.125503, marker error: RMS = 0.0534073, max = 0.112643 (LBHD)
[2025-09-16 15:52:23.445] [info] Frame 24 (t = 0.12):	 total squared error = 0.125381, marker error: RMS = 0.0533813, max = 0.11247 (LBHD)
[2025-09-16 15:52:23.493] [info] Frame 25 (t = 0.125):	 total squared error = 0.125431, marker error: RMS = 0.053392, max = 0.112684 (LBHD)
[2025-09-16 15:52:23.528] [info] Frame 26 (t = 0.13):	 total squared error = 0.125409, marker error: RMS = 0.0533874, max = 0.112473 (LBHD)
[2025-09-16 15:52:23.564] [info] Frame 27 (t = 0.135):	 total squared error = 0.125217, marker error: RMS = 0.0533464, max = 0.112577 (LBHD)
[2025-09-16 15:52:23.637] [info] Frame 28 (t = 0.14):	 total squared error = 0.125271, marker error: RMS = 0.0533579, max = 0.112648 (LBHD)
[2025-09-16 15:52:23.700] [info] Frame 29 (t = 0.145):	 total squared error = 0.125138, marker error: RMS = 0.0533297, max = 0.112629 (LBHD)
[2025-09-16 15:52:23.736] [info] Frame 30 (t = 0.15):	 total squared error = 0.124904, marker error: RMS = 0.0532797, max = 0.112623 (LBHD)
[2025-09-16 15:52:23.775] [info] Frame 31 (t = 0.155):	 total squared error = 0.124865, marker error: RMS = 0.0532714, max = 0.11251 (LBHD)
[2025-09-16 15:52:23.869] [info] Frame 32 (t = 0.16):	 total squared error = 0.124928, marker error: RMS = 0.0532849, max = 0.112541 (LBHD)
[2025-09-16 15:52:23.967] [info] Frame 33 (t = 0.165):	 total squared error = 0.124802, marker error: RMS = 0.0532581, max = 0.112562 (LBHD)
[2025-09-16 15:52:24.014] [info] Frame 34 (t = 0.17):	 total squared error = 0.124845, marker error: RMS = 0.0532671, max = 0.112726 (LBHD)
[2025-09-16 15:52:24.048] [info] Frame 35 (t = 0.175):	 total squared error = 0.124694, marker error: RMS = 0.0532348, max = 0.112697 (LBHD)
[2025-09-16 15:52:24.121] [info] Frame 36 (t = 0.18):	 total squared error = 0.124686, marker error: RMS = 0.0532333, max = 0.11279 (LBHD)
[2025-09-16 15:52:24.156] [info] Frame 37 (t = 0.185):	 total squared error = 0.124745, marker error: RMS = 0.0532458, max = 0.112944 (LBHD)
[2025-09-16 15:52:24.202] [info] Frame 38 (t = 0.19):	 total squared error = 0.124722, marker error: RMS = 0.0532409, max = 0.112926 (LBHD)
[2025-09-16 15:52:24.239] [info] Frame 39 (t = 0.195):	 total squared error = 0.124424, marker error: RMS = 0.0531773, max = 0.112886 (LBHD)
[2025-09-16 15:52:24.295] [info] Frame 40 (t = 0.2):	 total squared error = 0.124349, marker error: RMS = 0.0531612, max = 0.112936 (LBHD)
[2025-09-16 15:52:24.355] [info] Frame 41 (t = 0.205000):	 total squared error = 0.124269, marker error: RMS = 0.0531441, max = 0.113046 (LBHD)
[2025-09-16 15:52:24.435] [info] Frame 42 (t = 0.21):	 total squared error = 0.12418, marker error: RMS = 0.0531251, max = 0.112972 (LBHD)
[2025-09-16 15:52:24.502] [info] Frame 43 (t = 0.215):	 total squared error = 0.124030, marker error: RMS = 0.0530930, max = 0.112895 (LBHD)
[2025-09-16 15:52:24.555] [info] Frame 44 (t = 0.22):	 total squared error = 0.124178, marker error: RMS = 0.0531246, max = 0.112947 (LBHD)
[2025-09-16 15:52:24.610] [info] Frame 45 (t = 0.225):	 total squared error = 0.123863, marker error: RMS = 0.0530572, max = 0.11297 (LBHD)
[2025-09-16 15:52:24.637] [info] Frame 46 (t = 0.23):	 total squared error = 0.123376, marker error: RMS = 0.0529528, max = 0.11279 (LBHD)
[2025-09-16 15:52:24.705] [info] Frame 47 (t = 0.235):	 total squared error = 0.12368, marker error: RMS = 0.0530180, max = 0.113037 (LBHD)
[2025-09-16 15:52:24.734] [info] Frame 48 (t = 0.24):	 total squared error = 0.12338, marker error: RMS = 0.0529536, max = 0.113056 (LBHD)
[2025-09-16 15:52:24.777] [info] Frame 49 (t = 0.245):	 total squared error = 0.123575, marker error: RMS = 0.0529954, max = 0.113234 (LBHD)
[2025-09-16 15:52:24.841] [info] Frame 50 (t = 0.25):	 total squared error = 0.123498, marker error: RMS = 0.0529789, max = 0.11332 (LBHD)
[2025-09-16 15:52:24.907] [info] Frame 51 (t = 0.255):	 total squared error = 0.123378, marker error: RMS = 0.0529532, max = 0.113383 (LBHD)
[2025-09-16 15:52:24.933] [info] Frame 52 (t = 0.26):	 total squared error = 0.123186, marker error: RMS = 0.052912, max = 0.113371 (LBHD)
[2025-09-16 15:52:24.976] [info] Frame 53 (t = 0.265):	 total squared error = 0.123047, marker error: RMS = 0.0528821, max = 0.113415 (LBHD)
[2025-09-16 15:52:25.052] [info] Frame 54 (t = 0.27):	 total squared error = 0.122801, marker error: RMS = 0.0528294, max = 0.113433 (LBHD)
[2025-09-16 15:52:25.108] [info] Frame 55 (t = 0.275):	 total squared error = 0.122874, marker error: RMS = 0.0528449, max = 0.113493 (LBHD)
[2025-09-16 15:52:25.154] [info] Frame 56 (t = 0.28):	 total squared error = 0.1227, marker error: RMS = 0.0528075, max = 0.113447 (LBHD)
[2025-09-16 15:52:25.207] [info] Frame 57 (t = 0.285):	 total squared error = 0.12267, marker error: RMS = 0.0528011, max = 0.113695 (LBHD)
[2025-09-16 15:52:25.236] [info] Frame 58 (t = 0.29):	 total squared error = 0.12258, marker error: RMS = 0.0527818, max = 0.113676 (LBHD)
[2025-09-16 15:52:25.304] [info] Frame 59 (t = 0.295):	 total squared error = 0.122584, marker error: RMS = 0.0527825, max = 0.114012 (LBHD)
[2025-09-16 15:52:25.352] [info] Frame 60 (t = 0.3):	 total squared error = 0.122727, marker error: RMS = 0.0528133, max = 0.114087 (LBHD)
[2025-09-16 15:52:25.412] [info] Frame 61 (t = 0.305000):	 total squared error = 0.122523, marker error: RMS = 0.0527695, max = 0.114141 (LBHD)
[2025-09-16 15:52:25.461] [info] Frame 62 (t = 0.31):	 total squared error = 0.122462, marker error: RMS = 0.0527564, max = 0.114328 (LBHD)
[2025-09-16 15:52:25.523] [info] Frame 63 (t = 0.315):	 total squared error = 0.12248, marker error: RMS = 0.0527601, max = 0.114303 (LBHD)
[2025-09-16 15:52:25.559] [info] Frame 64 (t = 0.32):	 total squared error = 0.122423, marker error: RMS = 0.0527478, max = 0.114494 (LBHD)
[2025-09-16 15:52:25.638] [info] Frame 65 (t = 0.325):	 total squared error = 0.122359, marker error: RMS = 0.0527342, max = 0.11455 (LBHD)
[2025-09-16 15:52:25.685] [info] Frame 66 (t = 0.33):	 total squared error = 0.122475, marker error: RMS = 0.052759, max = 0.114749 (LBHD)
[2025-09-16 15:52:25.759] [info] Frame 67 (t = 0.335):	 total squared error = 0.122369, marker error: RMS = 0.0527362, max = 0.114973 (LBHD)
[2025-09-16 15:52:25.807] [info] Frame 68 (t = 0.34):	 total squared error = 0.12256, marker error: RMS = 0.0527773, max = 0.114856 (LBHD)
[2025-09-16 15:52:25.857] [info] Frame 69 (t = 0.345):	 total squared error = 0.122474, marker error: RMS = 0.052759, max = 0.115166 (LBHD)
[2025-09-16 15:52:25.919] [info] Frame 70 (t = 0.35):	 total squared error = 0.122467, marker error: RMS = 0.0527574, max = 0.115376 (LBHD)
[2025-09-16 15:52:25.952] [info] Frame 71 (t = 0.355):	 total squared error = 0.122475, marker error: RMS = 0.0527592, max = 0.115418 (LBHD)
[2025-09-16 15:52:26.017] [info] Frame 72 (t = 0.36):	 total squared error = 0.122578, marker error: RMS = 0.0527813, max = 0.11575 (LBHD)
[2025-09-16 15:52:26.063] [info] Frame 73 (t = 0.365):	 total squared error = 0.122734, marker error: RMS = 0.0528148, max = 0.115857 (LBHD)
[2025-09-16 15:52:26.108] [info] Frame 74 (t = 0.37):	 total squared error = 0.122326, marker error: RMS = 0.052727, max = 0.115819 (LBHD)
[2025-09-16 15:52:26.157] [info] Frame 75 (t = 0.375):	 total squared error = 0.122567, marker error: RMS = 0.0527789, max = 0.115925 (LBHD)
[2025-09-16 15:52:26.206] [info] Frame 76 (t = 0.38):	 total squared error = 0.122708, marker error: RMS = 0.0528092, max = 0.116174 (LBHD)
[2025-09-16 15:52:26.248] [info] Frame 77 (t = 0.385):	 total squared error = 0.122564, marker error: RMS = 0.0527782, max = 0.116272 (LBHD)
[2025-09-16 15:52:26.315] [info] Frame 78 (t = 0.39):	 total squared error = 0.122655, marker error: RMS = 0.0527979, max = 0.116453 (LBHD)
[2025-09-16 15:52:26.361] [info] Frame 79 (t = 0.395):	 total squared error = 0.122721, marker error: RMS = 0.0528121, max = 0.116595 (LBHD)
[2025-09-16 15:52:26.428] [info] Frame 80 (t = 0.4):	 total squared error = 0.122693, marker error: RMS = 0.0528060, max = 0.116943 (LBHD)
[2025-09-16 15:52:26.486] [info] Frame 81 (t = 0.405000):	 total squared error = 0.122943, marker error: RMS = 0.0528598, max = 0.117046 (LBHD)
[2025-09-16 15:52:26.522] [info] Frame 82 (t = 0.41):	 total squared error = 0.122626, marker error: RMS = 0.0527916, max = 0.117382 (LBHD)
[2025-09-16 15:52:26.561] [info] Frame 83 (t = 0.415):	 total squared error = 0.122824, marker error: RMS = 0.0528343, max = 0.117475 (LBHD)
[2025-09-16 15:52:26.605] [info] Frame 84 (t = 0.42):	 total squared error = 0.122737, marker error: RMS = 0.0528154, max = 0.117741 (LBHD)
[2025-09-16 15:52:26.641] [info] Frame 85 (t = 0.425):	 total squared error = 0.122743, marker error: RMS = 0.0528168, max = 0.11811 (LBHD)
[2025-09-16 15:52:26.704] [info] Frame 86 (t = 0.43):	 total squared error = 0.122692, marker error: RMS = 0.0528059, max = 0.118128 (LBHD)
[2025-09-16 15:52:26.732] [info] Frame 87 (t = 0.435):	 total squared error = 0.122945, marker error: RMS = 0.0528602, max = 0.118779 (LBHD)
[2025-09-16 15:52:26.756] [info] Frame 88 (t = 0.44):	 total squared error = 0.123066, marker error: RMS = 0.0528862, max = 0.11881 (LBHD)
[2025-09-16 15:52:26.806] [info] Frame 89 (t = 0.445):	 total squared error = 0.122687, marker error: RMS = 0.0528047, max = 0.118889 (LBHD)
[2025-09-16 15:52:26.845] [info] Frame 90 (t = 0.45):	 total squared error = 0.12263, marker error: RMS = 0.0527925, max = 0.119045 (LBHD)
[2025-09-16 15:52:26.902] [info] Frame 91 (t = 0.455):	 total squared error = 0.122905, marker error: RMS = 0.0528515, max = 0.119576 (LBHD)
[2025-09-16 15:52:26.943] [info] Frame 92 (t = 0.46):	 total squared error = 0.12261, marker error: RMS = 0.0527882, max = 0.119773 (LBHD)
[2025-09-16 15:52:26.985] [info] Frame 93 (t = 0.465):	 total squared error = 0.122378, marker error: RMS = 0.0527382, max = 0.119782 (LBHD)
[2025-09-16 15:52:27.014] [info] Frame 94 (t = 0.47):	 total squared error = 0.122078, marker error: RMS = 0.0526736, max = 0.120253 (LBHD)
[2025-09-16 15:52:27.036] [info] Frame 95 (t = 0.475):	 total squared error = 0.122031, marker error: RMS = 0.0526634, max = 0.120299 (LBHD)
[2025-09-16 15:52:27.067] [info] Frame 96 (t = 0.48):	 total squared error = 0.12191, marker error: RMS = 0.0526373, max = 0.120288 (LBHD)
[2025-09-16 15:52:27.139] [info] Frame 97 (t = 0.485):	 total squared error = 0.121926, marker error: RMS = 0.0526407, max = 0.120683 (LBHD)
[2025-09-16 15:52:27.191] [info] Frame 98 (t = 0.49):	 total squared error = 0.121809, marker error: RMS = 0.0526155, max = 0.120968 (LBHD)
[2025-09-16 15:52:27.216] [info] Frame 99 (t = 0.495):	 total squared error = 0.1218, marker error: RMS = 0.0526136, max = 0.121282 (LBHD)
[2025-09-16 15:52:27.244] [info] Frame 100 (t = 0.5):	 total squared error = 0.121717, marker error: RMS = 0.0525957, max = 0.121553 (LBHD)
[2025-09-16 15:52:27.312] [info] Frame 101 (t = 0.505000):	 total squared error = 0.121829, marker error: RMS = 0.0526199, max = 0.121791 (LBHD)
[2025-09-16 15:52:27.343] [info] Frame 102 (t = 0.51):	 total squared error = 0.121117, marker error: RMS = 0.0524657, max = 0.122002 (LBHD)
[2025-09-16 15:52:27.392] [info] Frame 103 (t = 0.515):	 total squared error = 0.121153, marker error: RMS = 0.0524735, max = 0.122157 (LBHD)
[2025-09-16 15:52:27.447] [info] Frame 104 (t = 0.52):	 total squared error = 0.121517, marker error: RMS = 0.0525524, max = 0.122475 (LBHD)
[2025-09-16 15:52:27.532] [info] Frame 105 (t = 0.525):	 total squared error = 0.121326, marker error: RMS = 0.052511, max = 0.122765 (LBHD)
[2025-09-16 15:52:27.582] [info] Frame 106 (t = 0.53):	 total squared error = 0.121349, marker error: RMS = 0.0525159, max = 0.12274 (LBHD)
[2025-09-16 15:52:27.656] [info] Frame 107 (t = 0.535):	 total squared error = 0.120890, marker error: RMS = 0.0524166, max = 0.123080 (LBHD)
[2025-09-16 15:52:27.749] [info] Frame 108 (t = 0.54):	 total squared error = 0.120971, marker error: RMS = 0.0524341, max = 0.122989 (LBHD)
[2025-09-16 15:52:27.818] [info] Frame 109 (t = 0.545):	 total squared error = 0.120938, marker error: RMS = 0.0524271, max = 0.123216 (LBHD)
[2025-09-16 15:52:27.851] [info] Frame 110 (t = 0.55):	 total squared error = 0.120797, marker error: RMS = 0.0523964, max = 0.123319 (LBHD)
[2025-09-16 15:52:27.946] [info] Frame 111 (t = 0.555):	 total squared error = 0.120795, marker error: RMS = 0.052396, max = 0.123408 (LBHD)
[2025-09-16 15:52:28.014] [info] Frame 112 (t = 0.56):	 total squared error = 0.120344, marker error: RMS = 0.052298, max = 0.123189 (LBHD)
[2025-09-16 15:52:28.042] [info] Frame 113 (t = 0.565):	 total squared error = 0.120264, marker error: RMS = 0.0522806, max = 0.123074 (LBHD)
[2025-09-16 15:52:28.099] [info] Frame 114 (t = 0.57):	 total squared error = 0.120443, marker error: RMS = 0.0523196, max = 0.124049 (LBHD)
[2025-09-16 15:52:28.121] [info] Frame 115 (t = 0.575):	 total squared error = 0.119744, marker error: RMS = 0.0521675, max = 0.124439 (LBHD)
[2025-09-16 15:52:28.174] [info] Frame 116 (t = 0.58):	 total squared error = 0.120069, marker error: RMS = 0.0522384, max = 0.123593 (LBHD)
[2025-09-16 15:52:28.229] [info] Frame 117 (t = 0.585):	 total squared error = 0.119921, marker error: RMS = 0.0522061, max = 0.123685 (LBHD)
[2025-09-16 15:52:28.271] [info] Frame 118 (t = 0.59):	 total squared error = 0.119465, marker error: RMS = 0.0521068, max = 0.123854 (LBHD)
[2025-09-16 15:52:28.319] [info] Frame 119 (t = 0.595):	 total squared error = 0.119276, marker error: RMS = 0.0520655, max = 0.123867 (LBHD)
[2025-09-16 15:52:28.368] [info] Frame 120 (t = 0.6):	 total squared error = 0.11949, marker error: RMS = 0.0521122, max = 0.123817 (LBHD)
[2025-09-16 15:52:28.417] [info] Frame 121 (t = 0.605000):	 total squared error = 0.119336, marker error: RMS = 0.0520786, max = 0.12363 (LBHD)
[2025-09-16 15:52:28.465] [info] Frame 122 (t = 0.61):	 total squared error = 0.118763, marker error: RMS = 0.0519535, max = 0.123969 (LBHD)
[2025-09-16 15:52:28.515] [info] Frame 123 (t = 0.615):	 total squared error = 0.118595, marker error: RMS = 0.0519167, max = 0.123925 (LBHD)
[2025-09-16 15:52:28.556] [info] Frame 124 (t = 0.62):	 total squared error = 0.118388, marker error: RMS = 0.0518713, max = 0.123855 (LBHD)
[2025-09-16 15:52:28.623] [info] Frame 125 (t = 0.625):	 total squared error = 0.118817, marker error: RMS = 0.0519652, max = 0.123785 (LBHD)
[2025-09-16 15:52:28.656] [info] Frame 126 (t = 0.63):	 total squared error = 0.118295, marker error: RMS = 0.051851, max = 0.124035 (LBHD)
[2025-09-16 15:52:28.698] [info] Frame 127 (t = 0.635):	 total squared error = 0.118262, marker error: RMS = 0.0518438, max = 0.123824 (LBHD)
[2025-09-16 15:52:28.747] [info] Frame 128 (t = 0.64):	 total squared error = 0.118557, marker error: RMS = 0.0519084, max = 0.123715 (LBHD)
[2025-09-16 15:52:28.851] [info] Frame 129 (t = 0.645):	 total squared error = 0.118538, marker error: RMS = 0.0519042, max = 0.123699 (LBHD)
[2025-09-16 15:52:28.912] [info] Frame 130 (t = 0.65):	 total squared error = 0.118207, marker error: RMS = 0.0518318, max = 0.123655 (LBHD)
[2025-09-16 15:52:28.958] [info] Frame 131 (t = 0.655):	 total squared error = 0.118264, marker error: RMS = 0.0518441, max = 0.123461 (LBHD)
[2025-09-16 15:52:29.016] [info] Frame 132 (t = 0.66):	 total squared error = 0.118201, marker error: RMS = 0.0518304, max = 0.123406 (LBHD)
[2025-09-16 15:52:29.063] [info] Frame 133 (t = 0.665):	 total squared error = 0.117902, marker error: RMS = 0.0517648, max = 0.123243 (LBHD)
[2025-09-16 15:52:29.113] [info] Frame 134 (t = 0.67):	 total squared error = 0.117972, marker error: RMS = 0.0517801, max = 0.123149 (LBHD)
[2025-09-16 15:52:29.153] [info] Frame 135 (t = 0.675):	 total squared error = 0.117939, marker error: RMS = 0.0517729, max = 0.12299 (LBHD)
[2025-09-16 15:52:29.209] [info] Frame 136 (t = 0.68):	 total squared error = 0.118206, marker error: RMS = 0.0518314, max = 0.122741 (LBHD)
[2025-09-16 15:52:29.246] [info] Frame 137 (t = 0.685):	 total squared error = 0.117581, marker error: RMS = 0.0516944, max = 0.122713 (LBHD)
[2025-09-16 15:52:29.331] [info] Frame 138 (t = 0.69):	 total squared error = 0.117545, marker error: RMS = 0.0516864, max = 0.122667 (LBHD)
[2025-09-16 15:52:29.368] [info] Frame 139 (t = 0.695):	 total squared error = 0.11756, marker error: RMS = 0.0516896, max = 0.122417 (LBHD)
[2025-09-16 15:52:29.437] [info] Frame 140 (t = 0.7):	 total squared error = 0.117707, marker error: RMS = 0.0517219, max = 0.122375 (LBHD)
[2025-09-16 15:52:29.502] [info] Frame 141 (t = 0.705000):	 total squared error = 0.117517, marker error: RMS = 0.0516801, max = 0.122243 (LBHD)
[2025-09-16 15:52:29.527] [info] Frame 142 (t = 0.71):	 total squared error = 0.118132, marker error: RMS = 0.0518151, max = 0.121919 (LBHD)
[2025-09-16 15:52:29.561] [info] Frame 143 (t = 0.715):	 total squared error = 0.118467, marker error: RMS = 0.0518886, max = 0.122668 (LBHD)
[2025-09-16 15:52:29.619] [info] Frame 144 (t = 0.72):	 total squared error = 0.118318, marker error: RMS = 0.051856, max = 0.122914 (LBHD)
[2025-09-16 15:52:29.662] [info] Frame 145 (t = 0.725):	 total squared error = 0.118603, marker error: RMS = 0.0519185, max = 0.123065 (LBHD)
[2025-09-16 15:52:29.720] [info] Frame 146 (t = 0.73):	 total squared error = 0.118699, marker error: RMS = 0.0519394, max = 0.123216 (LBHD)
[2025-09-16 15:52:29.742] [info] Frame 147 (t = 0.735):	 total squared error = 0.119091, marker error: RMS = 0.0520251, max = 0.122599 (LBHD)
[2025-09-16 15:52:29.836] [info] Frame 148 (t = 0.74):	 total squared error = 0.119307, marker error: RMS = 0.0520723, max = 0.122806 (LBHD)
[2025-09-16 15:52:29.885] [info] Frame 149 (t = 0.745):	 total squared error = 0.119442, marker error: RMS = 0.0521018, max = 0.122317 (LBHD)
[2025-09-16 15:52:29.939] [info] Frame 150 (t = 0.75):	 total squared error = 0.119589, marker error: RMS = 0.0521338, max = 0.122383 (LBHD)
[2025-09-16 15:52:30.005] [info] Frame 151 (t = 0.755):	 total squared error = 0.119672, marker error: RMS = 0.0521519, max = 0.122357 (LBHD)
[2025-09-16 15:52:30.046] [info] Frame 152 (t = 0.76):	 total squared error = 0.119544, marker error: RMS = 0.0521239, max = 0.121821 (LBHD)
[2025-09-16 15:52:30.108] [info] Frame 153 (t = 0.765):	 total squared error = 0.119436, marker error: RMS = 0.0521004, max = 0.122013 (LBHD)
[2025-09-16 15:52:30.147] [info] Frame 154 (t = 0.77):	 total squared error = 0.119287, marker error: RMS = 0.0520679, max = 0.12195 (LBHD)
[2025-09-16 15:52:30.202] [info] Frame 155 (t = 0.775):	 total squared error = 0.119153, marker error: RMS = 0.0520387, max = 0.121816 (LBHD)
[2025-09-16 15:52:30.232] [info] Frame 156 (t = 0.78):	 total squared error = 0.11965, marker error: RMS = 0.0521472, max = 0.121698 (LBHD)
[2025-09-16 15:52:30.262] [info] Frame 157 (t = 0.785):	 total squared error = 0.119287, marker error: RMS = 0.0520678, max = 0.121737 (LBHD)
[2025-09-16 15:52:30.329] [info] Frame 158 (t = 0.79):	 total squared error = 0.119733, marker error: RMS = 0.0521651, max = 0.12141 (LBHD)
[2025-09-16 15:52:30.381] [info] Frame 159 (t = 0.795):	 total squared error = 0.119873, marker error: RMS = 0.0521957, max = 0.12129 (LBHD)
[2025-09-16 15:52:30.416] [info] Frame 160 (t = 0.8):	 total squared error = 0.119952, marker error: RMS = 0.0522129, max = 0.121308 (LBHD)
[2025-09-16 15:52:30.458] [info] Frame 161 (t = 0.805000):	 total squared error = 0.120018, marker error: RMS = 0.0522272, max = 0.121531 (LBHD)
[2025-09-16 15:52:30.530] [info] Frame 162 (t = 0.81):	 total squared error = 0.120243, marker error: RMS = 0.0522762, max = 0.121671 (LBHD)
[2025-09-16 15:52:30.566] [info] Frame 163 (t = 0.815):	 total squared error = 0.119396, marker error: RMS = 0.0520916, max = 0.121574 (LBHD)
[2025-09-16 15:52:30.606] [info] Frame 164 (t = 0.82):	 total squared error = 0.119972, marker error: RMS = 0.0522171, max = 0.121626 (LBHD)
[2025-09-16 15:52:30.652] [info] Frame 165 (t = 0.825):	 total squared error = 0.120458, marker error: RMS = 0.0523228, max = 0.121426 (LBHD)
[2025-09-16 15:52:30.716] [info] Frame 166 (t = 0.83):	 total squared error = 0.120385, marker error: RMS = 0.0523071, max = 0.121571 (LBHD)
[2025-09-16 15:52:30.760] [info] Frame 167 (t = 0.835):	 total squared error = 0.120195, marker error: RMS = 0.0522657, max = 0.121429 (LBHD)
[2025-09-16 15:52:30.834] [info] Frame 168 (t = 0.84):	 total squared error = 0.120275, marker error: RMS = 0.0522831, max = 0.12129 (LBHD)
[2025-09-16 15:52:30.894] [info] Frame 169 (t = 0.845):	 total squared error = 0.120094, marker error: RMS = 0.0522439, max = 0.12137 (LBHD)
[2025-09-16 15:52:30.949] [info] Frame 170 (t = 0.85):	 total squared error = 0.120317, marker error: RMS = 0.0522923, max = 0.121646 (LBHD)
[2025-09-16 15:52:31.009] [info] Frame 171 (t = 0.855):	 total squared error = 0.120556, marker error: RMS = 0.0523442, max = 0.121554 (LBHD)
[2025-09-16 15:52:31.065] [info] Frame 172 (t = 0.86):	 total squared error = 0.120171, marker error: RMS = 0.0522606, max = 0.121058 (LBHD)
[2025-09-16 15:52:31.131] [info] Frame 173 (t = 0.865):	 total squared error = 0.120437, marker error: RMS = 0.0523183, max = 0.120955 (LBHD)
[2025-09-16 15:52:31.186] [info] Frame 174 (t = 0.87):	 total squared error = 0.120385, marker error: RMS = 0.0523069, max = 0.120947 (LBHD)
[2025-09-16 15:52:31.250] [info] Frame 175 (t = 0.875):	 total squared error = 0.120437, marker error: RMS = 0.0523184, max = 0.120876 (LBHD)
[2025-09-16 15:52:31.302] [info] Frame 176 (t = 0.88):	 total squared error = 0.120370, marker error: RMS = 0.0523038, max = 0.121050 (LBHD)
[2025-09-16 15:52:31.348] [info] Frame 177 (t = 0.885):	 total squared error = 0.120172, marker error: RMS = 0.0522607, max = 0.121054 (LBHD)
[2025-09-16 15:52:31.438] [info] Frame 178 (t = 0.89):	 total squared error = 0.119757, marker error: RMS = 0.0521704, max = 0.121242 (LBHD)
[2025-09-16 15:52:31.481] [info] Frame 179 (t = 0.895):	 total squared error = 0.120321, marker error: RMS = 0.0522931, max = 0.12123 (LBHD)
[2025-09-16 15:52:31.514] [info] Frame 180 (t = 0.9):	 total squared error = 0.119958, marker error: RMS = 0.0522141, max = 0.120988 (LBHD)
[2025-09-16 15:52:31.521] [info] Frame 181 (t = 0.905000):	 total squared error = 0.119815, marker error: RMS = 0.0521829, max = 0.120858 (LBHD)
[2025-09-16 15:52:31.529] [info] Frame 182 (t = 0.91):	 total squared error = 0.120324, marker error: RMS = 0.0522938, max = 0.120999 (LBHD)
[2025-09-16 15:52:31.566] [info] Frame 183 (t = 0.915):	 total squared error = 0.119692, marker error: RMS = 0.0521563, max = 0.121356 (LBHD)
[2025-09-16 15:52:31.608] [info] Frame 184 (t = 0.92):	 total squared error = 0.120077, marker error: RMS = 0.0522399, max = 0.121329 (LBHD)
[2025-09-16 15:52:31.652] [info] Frame 185 (t = 0.925):	 total squared error = 0.119924, marker error: RMS = 0.0522068, max = 0.121154 (LBHD)
[2025-09-16 15:52:31.707] [info] Frame 186 (t = 0.93):	 total squared error = 0.119471, marker error: RMS = 0.0521081, max = 0.12141 (LBHD)
[2025-09-16 15:52:31.739] [info] Frame 187 (t = 0.935):	 total squared error = 0.120138, marker error: RMS = 0.0522533, max = 0.121523 (LBHD)
[2025-09-16 15:52:31.790] [info] Frame 188 (t = 0.94):	 total squared error = 0.119717, marker error: RMS = 0.0521616, max = 0.121698 (LBHD)
[2025-09-16 15:52:31.824] [info] Frame 189 (t = 0.945):	 total squared error = 0.120025, marker error: RMS = 0.0522287, max = 0.121452 (LBHD)
[2025-09-16 15:52:31.851] [info] Frame 190 (t = 0.95):	 total squared error = 0.120198, marker error: RMS = 0.0522663, max = 0.12142 (LBHD)
[2025-09-16 15:52:31.938] [info] Frame 191 (t = 0.955):	 total squared error = 0.119646, marker error: RMS = 0.0521462, max = 0.121638 (LBHD)
[2025-09-16 15:52:31.968] [info] Frame 192 (t = 0.96):	 total squared error = 0.119957, marker error: RMS = 0.052214, max = 0.121454 (LBHD)
[2025-09-16 15:52:32.015] [info] Frame 193 (t = 0.965):	 total squared error = 0.119813, marker error: RMS = 0.0521825, max = 0.121631 (LBHD)
[2025-09-16 15:52:32.067] [info] Frame 194 (t = 0.97):	 total squared error = 0.119601, marker error: RMS = 0.0521364, max = 0.121737 (LBHD)
[2025-09-16 15:52:32.108] [info] Frame 195 (t = 0.975):	 total squared error = 0.119969, marker error: RMS = 0.0522165, max = 0.121418 (LBHD)
[2025-09-16 15:52:32.132] [info] Frame 196 (t = 0.98):	 total squared error = 0.119699, marker error: RMS = 0.0521578, max = 0.121673 (LBHD)
[2025-09-16 15:52:32.163] [info] Frame 197 (t = 0.985):	 total squared error = 0.119852, marker error: RMS = 0.052191, max = 0.121651 (LBHD)
[2025-09-16 15:52:32.223] [info] Frame 198 (t = 0.99):	 total squared error = 0.119818, marker error: RMS = 0.0521836, max = 0.121613 (LBHD)
[2025-09-16 15:52:32.261] [info] Frame 199 (t = 0.995):	 total squared error = 0.119587, marker error: RMS = 0.0521334, max = 0.121915 (LBHD)
[2025-09-16 15:52:32.312] [info] Frame 200 (t = 1.0):	 total squared error = 0.119692, marker error: RMS = 0.0521563, max = 0.121877 (LBHD)
[2025-09-16 15:52:32.344] [info] Frame 201 (t = 1.00500):	 total squared error = 0.119869, marker error: RMS = 0.0521947, max = 0.121843 (LBHD)
[2025-09-16 15:52:32.424] [info] Frame 202 (t = 1.01):	 total squared error = 0.119543, marker error: RMS = 0.0521237, max = 0.122077 (LBHD)
[2025-09-16 15:52:32.471] [info] Frame 203 (t = 1.015):	 total squared error = 0.119781, marker error: RMS = 0.0521755, max = 0.122323 (LBHD)
[2025-09-16 15:52:32.573] [info] Frame 204 (t = 1.02):	 total squared error = 0.119849, marker error: RMS = 0.0521904, max = 0.121941 (LBHD)
[2025-09-16 15:52:32.662] [info] Frame 205 (t = 1.025):	 total squared error = 0.119813, marker error: RMS = 0.0521827, max = 0.122402 (LBHD)
[2025-09-16 15:52:32.715] [info] Frame 206 (t = 1.03):	 total squared error = 0.119727, marker error: RMS = 0.0521639, max = 0.122458 (LBHD)
[2025-09-16 15:52:32.748] [info] Frame 207 (t = 1.035):	 total squared error = 0.120037, marker error: RMS = 0.0522313, max = 0.122455 (LBHD)
[2025-09-16 15:52:32.812] [info] Frame 208 (t = 1.04):	 total squared error = 0.120092, marker error: RMS = 0.0522433, max = 0.122629 (LBHD)
[2025-09-16 15:52:32.851] [info] Frame 209 (t = 1.045):	 total squared error = 0.120119, marker error: RMS = 0.0522491, max = 0.123063 (LBHD)
[2025-09-16 15:52:32.915] [info] Frame 210 (t = 1.05):	 total squared error = 0.120397, marker error: RMS = 0.0523097, max = 0.122864 (LBHD)
[2025-09-16 15:52:32.958] [info] Frame 211 (t = 1.055):	 total squared error = 0.120428, marker error: RMS = 0.0523164, max = 0.1231 (LBHD)
[2025-09-16 15:52:33.024] [info] Frame 212 (t = 1.06):	 total squared error = 0.120095, marker error: RMS = 0.052244, max = 0.123297 (LBHD)
[2025-09-16 15:52:33.074] [info] Frame 213 (t = 1.065):	 total squared error = 0.120061, marker error: RMS = 0.0522366, max = 0.123486 (LBHD)
[2025-09-16 15:52:33.153] [info] Frame 214 (t = 1.07):	 total squared error = 0.120224, marker error: RMS = 0.052272, max = 0.123613 (LBHD)
[2025-09-16 15:52:33.214] [info] Frame 215 (t = 1.075):	 total squared error = 0.120211, marker error: RMS = 0.0522692, max = 0.12376 (LBHD)
[2025-09-16 15:52:33.250] [info] Frame 216 (t = 1.08):	 total squared error = 0.120644, marker error: RMS = 0.0523632, max = 0.12369 (LBHD)
[2025-09-16 15:52:33.308] [info] Frame 217 (t = 1.085):	 total squared error = 0.120491, marker error: RMS = 0.05233, max = 0.124123 (LBHD)
[2025-09-16 15:52:33.349] [info] Frame 218 (t = 1.09):	 total squared error = 0.120588, marker error: RMS = 0.0523511, max = 0.124315 (LBHD)
[2025-09-16 15:52:33.388] [info] Frame 219 (t = 1.095):	 total squared error = 0.120635, marker error: RMS = 0.0523613, max = 0.124352 (LBHD)
[2025-09-16 15:52:33.439] [info] Frame 220 (t = 1.1):	 total squared error = 0.120932, marker error: RMS = 0.0524257, max = 0.124321 (LBHD)
[2025-09-16 15:52:33.504] [info] Frame 221 (t = 1.10500):	 total squared error = 0.121155, marker error: RMS = 0.0524739, max = 0.124594 (LBHD)
[2025-09-16 15:52:33.546] [info] Frame 222 (t = 1.11):	 total squared error = 0.120756, marker error: RMS = 0.0523875, max = 0.124845 (LBHD)
[2025-09-16 15:52:33.612] [info] Frame 223 (t = 1.115):	 total squared error = 0.120834, marker error: RMS = 0.0524046, max = 0.124971 (LBHD)
[2025-09-16 15:52:33.631] [info] Frame 224 (t = 1.12):	 total squared error = 0.121031, marker error: RMS = 0.0524471, max = 0.124885 (LBHD)
[2025-09-16 15:52:33.674] [info] Frame 225 (t = 1.125):	 total squared error = 0.121282, marker error: RMS = 0.0525016, max = 0.125175 (LBHD)
[2025-09-16 15:52:33.763] [info] Frame 226 (t = 1.13):	 total squared error = 0.121547, marker error: RMS = 0.0525588, max = 0.125121 (LBHD)
[2025-09-16 15:52:33.816] [info] Frame 227 (t = 1.135):	 total squared error = 0.121607, marker error: RMS = 0.0525719, max = 0.125099 (LBHD)
[2025-09-16 15:52:33.857] [info] Frame 228 (t = 1.14):	 total squared error = 0.12167, marker error: RMS = 0.0525854, max = 0.125395 (LBHD)
[2025-09-16 15:52:33.906] [info] Frame 229 (t = 1.145):	 total squared error = 0.121344, marker error: RMS = 0.052515, max = 0.125663 (LBHD)
[2025-09-16 15:52:33.946] [info] Frame 230 (t = 1.15):	 total squared error = 0.121332, marker error: RMS = 0.0525124, max = 0.12582 (LBHD)
[2025-09-16 15:52:34.007] [info] Frame 231 (t = 1.155):	 total squared error = 0.121451, marker error: RMS = 0.052538, max = 0.125538 (LBHD)
[2025-09-16 15:52:34.038] [info] Frame 232 (t = 1.16):	 total squared error = 0.121208, marker error: RMS = 0.0524855, max = 0.125362 (LBHD)
[2025-09-16 15:52:34.079] [info] Frame 233 (t = 1.165):	 total squared error = 0.121098, marker error: RMS = 0.0524616, max = 0.125403 (LBHD)
[2025-09-16 15:52:34.148] [info] Frame 234 (t = 1.17):	 total squared error = 0.121446, marker error: RMS = 0.0525369, max = 0.125921 (LBHD)
[2025-09-16 15:52:34.212] [info] Frame 235 (t = 1.175):	 total squared error = 0.121352, marker error: RMS = 0.0525166, max = 0.126015 (LBHD)
[2025-09-16 15:52:34.254] [info] Frame 236 (t = 1.18):	 total squared error = 0.121259, marker error: RMS = 0.0524966, max = 0.126059 (LBHD)
[2025-09-16 15:52:34.330] [info] Frame 237 (t = 1.185):	 total squared error = 0.121039, marker error: RMS = 0.0524489, max = 0.126224 (LBHD)
[2025-09-16 15:52:34.361] [info] Frame 238 (t = 1.19):	 total squared error = 0.121009, marker error: RMS = 0.0524423, max = 0.126374 (LBHD)
[2025-09-16 15:52:34.419] [info] Frame 239 (t = 1.195):	 total squared error = 0.121002, marker error: RMS = 0.0524409, max = 0.126496 (LBHD)
[2025-09-16 15:52:34.460] [info] Frame 240 (t = 1.2):	 total squared error = 0.120766, marker error: RMS = 0.0523897, max = 0.12649 (LBHD)
[2025-09-16 15:52:34.524] [info] Frame 241 (t = 1.20500):	 total squared error = 0.120891, marker error: RMS = 0.0524167, max = 0.12663 (LBHD)
[2025-09-16 15:52:34.559] [info] Frame 242 (t = 1.21):	 total squared error = 0.120771, marker error: RMS = 0.0523908, max = 0.126759 (LBHD)
[2025-09-16 15:52:34.628] [info] Frame 243 (t = 1.215):	 total squared error = 0.120664, marker error: RMS = 0.0523675, max = 0.126962 (LBHD)
[2025-09-16 15:52:34.665] [info] Frame 244 (t = 1.22):	 total squared error = 0.120631, marker error: RMS = 0.0523604, max = 0.127021 (LBHD)
[2025-09-16 15:52:34.716] [info] Frame 245 (t = 1.225):	 total squared error = 0.120484, marker error: RMS = 0.0523285, max = 0.127143 (LBHD)
[2025-09-16 15:52:34.757] [info] Frame 246 (t = 1.23):	 total squared error = 0.120525, marker error: RMS = 0.0523374, max = 0.12722 (LBHD)
[2025-09-16 15:52:34.816] [info] Frame 247 (t = 1.235):	 total squared error = 0.120518, marker error: RMS = 0.0523358, max = 0.127269 (LBHD)
[2025-09-16 15:52:34.846] [info] Frame 248 (t = 1.24):	 total squared error = 0.120317, marker error: RMS = 0.0522922, max = 0.127274 (LBHD)
[2025-09-16 15:52:34.918] [info] Frame 249 (t = 1.245):	 total squared error = 0.120418, marker error: RMS = 0.0523143, max = 0.127384 (LBHD)
[2025-09-16 15:52:34.948] [info] Frame 250 (t = 1.25):	 total squared error = 0.120170, marker error: RMS = 0.0522603, max = 0.127168 (LBHD)
[2025-09-16 15:52:35.010] [info] Frame 251 (t = 1.255):	 total squared error = 0.120383, marker error: RMS = 0.0523067, max = 0.127687 (LBHD)
[2025-09-16 15:52:35.051] [info] Frame 252 (t = 1.26):	 total squared error = 0.120277, marker error: RMS = 0.0522836, max = 0.127744 (LBHD)
[2025-09-16 15:52:35.132] [info] Frame 253 (t = 1.265):	 total squared error = 0.120267, marker error: RMS = 0.0522814, max = 0.127738 (LBHD)
[2025-09-16 15:52:35.171] [info] Frame 254 (t = 1.27):	 total squared error = 0.120265, marker error: RMS = 0.052281, max = 0.127729 (LBHD)
[2025-09-16 15:52:35.228] [info] Frame 255 (t = 1.275):	 total squared error = 0.120220, marker error: RMS = 0.052271, max = 0.127753 (LBHD)
[2025-09-16 15:52:35.257] [info] Frame 256 (t = 1.28):	 total squared error = 0.120097, marker error: RMS = 0.0522444, max = 0.127758 (LBHD)
[2025-09-16 15:52:35.305] [info] Frame 257 (t = 1.285):	 total squared error = 0.120160, marker error: RMS = 0.0522581, max = 0.127854 (LBHD)
[2025-09-16 15:52:35.338] [info] Frame 258 (t = 1.29):	 total squared error = 0.120235, marker error: RMS = 0.0522745, max = 0.127851 (LBHD)
[2025-09-16 15:52:35.393] [info] Frame 259 (t = 1.295):	 total squared error = 0.120282, marker error: RMS = 0.0522846, max = 0.127906 (LBHD)
[2025-09-16 15:52:35.437] [info] Frame 260 (t = 1.3):	 total squared error = 0.120215, marker error: RMS = 0.05227, max = 0.127793 (LBHD)
[2025-09-16 15:52:35.502] [info] Frame 261 (t = 1.30500):	 total squared error = 0.120272, marker error: RMS = 0.0522825, max = 0.127809 (LBHD)
[2025-09-16 15:52:35.543] [info] Frame 262 (t = 1.31):	 total squared error = 0.120305, marker error: RMS = 0.0522897, max = 0.127843 (LBHD)
[2025-09-16 15:52:35.637] [info] Frame 263 (t = 1.315):	 total squared error = 0.120282, marker error: RMS = 0.0522846, max = 0.127723 (LBHD)
[2025-09-16 15:52:35.694] [info] Frame 264 (t = 1.32):	 total squared error = 0.120283, marker error: RMS = 0.0522849, max = 0.12758 (LBHD)
[2025-09-16 15:52:35.735] [info] Frame 265 (t = 1.325):	 total squared error = 0.120248, marker error: RMS = 0.0522773, max = 0.127679 (LBHD)
[2025-09-16 15:52:35.785] [info] Frame 266 (t = 1.33):	 total squared error = 0.119997, marker error: RMS = 0.0522227, max = 0.127322 (LBHD)
[2025-09-16 15:52:35.815] [info] Frame 267 (t = 1.335):	 total squared error = 0.120212, marker error: RMS = 0.0522693, max = 0.127471 (LBHD)
[2025-09-16 15:52:35.853] [info] Frame 268 (t = 1.34):	 total squared error = 0.120076, marker error: RMS = 0.0522399, max = 0.127242 (LBHD)
[2025-09-16 15:52:35.911] [info] Frame 269 (t = 1.345):	 total squared error = 0.120291, marker error: RMS = 0.0522866, max = 0.127431 (LBHD)
[2025-09-16 15:52:35.935] [info] Frame 270 (t = 1.35):	 total squared error = 0.120355, marker error: RMS = 0.0523005, max = 0.127426 (LBHD)
[2025-09-16 15:52:35.995] [info] Frame 271 (t = 1.355):	 total squared error = 0.120256, marker error: RMS = 0.0522791, max = 0.127259 (LBHD)
[2025-09-16 15:52:36.036] [info] Frame 272 (t = 1.36):	 total squared error = 0.120330, marker error: RMS = 0.0522952, max = 0.127035 (LBHD)
[2025-09-16 15:52:36.064] [info] Frame 273 (t = 1.365):	 total squared error = 0.120143, marker error: RMS = 0.0522545, max = 0.126809 (LBHD)
[2025-09-16 15:52:36.132] [info] Frame 274 (t = 1.37):	 total squared error = 0.120463, marker error: RMS = 0.052324, max = 0.126897 (LBHD)
[2025-09-16 15:52:36.184] [info] Frame 275 (t = 1.375):	 total squared error = 0.120511, marker error: RMS = 0.0523343, max = 0.1267 (LBHD)
[2025-09-16 15:52:36.258] [info] Frame 276 (t = 1.38):	 total squared error = 0.120586, marker error: RMS = 0.0523507, max = 0.126604 (LBHD)
[2025-09-16 15:52:36.364] [info] Frame 277 (t = 1.385):	 total squared error = 0.120685, marker error: RMS = 0.0523721, max = 0.126389 (LBHD)
[2025-09-16 15:52:36.430] [info] Frame 278 (t = 1.39):	 total squared error = 0.120839, marker error: RMS = 0.0524054, max = 0.126338 (LBHD)
[2025-09-16 15:52:36.476] [info] Frame 279 (t = 1.395):	 total squared error = 0.120843, marker error: RMS = 0.0524063, max = 0.126121 (LBHD)
[2025-09-16 15:52:36.534] [info] Frame 280 (t = 1.4):	 total squared error = 0.120744, marker error: RMS = 0.0523849, max = 0.125925 (LBHD)
[2025-09-16 15:52:36.579] [info] Frame 281 (t = 1.40500):	 total squared error = 0.120960, marker error: RMS = 0.0524319, max = 0.125782 (LBHD)
[2025-09-16 15:52:36.643] [info] Frame 282 (t = 1.41):	 total squared error = 0.120948, marker error: RMS = 0.0524292, max = 0.125604 (LBHD)
[2025-09-16 15:52:36.709] [info] Frame 283 (t = 1.415):	 total squared error = 0.120824, marker error: RMS = 0.0524023, max = 0.125201 (LBHD)
[2025-09-16 15:52:36.757] [info] Frame 284 (t = 1.42):	 total squared error = 0.121144, marker error: RMS = 0.0524716, max = 0.125217 (LBHD)
[2025-09-16 15:52:36.819] [info] Frame 285 (t = 1.425):	 total squared error = 0.121097, marker error: RMS = 0.0524615, max = 0.125087 (LBHD)
[2025-09-16 15:52:36.857] [info] Frame 286 (t = 1.43):	 total squared error = 0.121111, marker error: RMS = 0.0524644, max = 0.12497 (LBHD)
[2025-09-16 15:52:36.920] [info] Frame 287 (t = 1.435):	 total squared error = 0.121313, marker error: RMS = 0.0525082, max = 0.124851 (LBHD)
[2025-09-16 15:52:36.960] [info] Frame 288 (t = 1.44):	 total squared error = 0.121397, marker error: RMS = 0.0525264, max = 0.124683 (LBHD)
[2025-09-16 15:52:37.065] [info] Frame 289 (t = 1.445):	 total squared error = 0.121465, marker error: RMS = 0.052541, max = 0.124567 (LBHD)
[2025-09-16 15:52:37.148] [info] Frame 290 (t = 1.45):	 total squared error = 0.121465, marker error: RMS = 0.0525411, max = 0.124197 (LBHD)
[2025-09-16 15:52:37.218] [info] Frame 291 (t = 1.455):	 total squared error = 0.121484, marker error: RMS = 0.0525452, max = 0.124073 (LBHD)
[2025-09-16 15:52:37.252] [info] Frame 292 (t = 1.46):	 total squared error = 0.121458, marker error: RMS = 0.0525395, max = 0.123814 (LBHD)
[2025-09-16 15:52:37.323] [info] Frame 293 (t = 1.465):	 total squared error = 0.121821, marker error: RMS = 0.0526181, max = 0.123706 (LBHD)
[2025-09-16 15:52:37.363] [info] Frame 294 (t = 1.47):	 total squared error = 0.121831, marker error: RMS = 0.0526202, max = 0.123562 (LBHD)
[2025-09-16 15:52:37.426] [info] Frame 295 (t = 1.475):	 total squared error = 0.122021, marker error: RMS = 0.0526611, max = 0.123512 (LBHD)
[2025-09-16 15:52:37.466] [info] Frame 296 (t = 1.48):	 total squared error = 0.121823, marker error: RMS = 0.0526186, max = 0.123304 (LBHD)
[2025-09-16 15:52:37.534] [info] Frame 297 (t = 1.485):	 total squared error = 0.122004, marker error: RMS = 0.0526576, max = 0.123271 (LBHD)
[2025-09-16 15:52:37.572] [info] Frame 298 (t = 1.49):	 total squared error = 0.121906, marker error: RMS = 0.0526363, max = 0.123186 (LBHD)
[2025-09-16 15:52:37.635] [info] Frame 299 (t = 1.495):	 total squared error = 0.122055, marker error: RMS = 0.0526685, max = 0.123092 (LBHD)
[2025-09-16 15:52:37.711] [info] Frame 300 (t = 1.5):	 total squared error = 0.12216, marker error: RMS = 0.0526913, max = 0.123083 (LBHD)
[2025-09-16 15:52:37.742] [info] Frame 301 (t = 1.50500):	 total squared error = 0.122129, marker error: RMS = 0.0526846, max = 0.122909 (LBHD)
[2025-09-16 15:52:37.834] [info] Frame 302 (t = 1.51):	 total squared error = 0.122307, marker error: RMS = 0.052723, max = 0.12293 (LBHD)
[2025-09-16 15:52:37.898] [info] Frame 303 (t = 1.515):	 total squared error = 0.122408, marker error: RMS = 0.0527447, max = 0.123136 (LBHD)
[2025-09-16 15:52:37.936] [info] Frame 304 (t = 1.52):	 total squared error = 0.12251, marker error: RMS = 0.0527667, max = 0.123020 (LBHD)
[2025-09-16 15:52:37.975] [info] Frame 305 (t = 1.525):	 total squared error = 0.12266, marker error: RMS = 0.0527989, max = 0.123016 (LBHD)
[2025-09-16 15:52:38.041] [info] Frame 306 (t = 1.53):	 total squared error = 0.122684, marker error: RMS = 0.0528040, max = 0.123090 (LBHD)
[2025-09-16 15:52:38.099] [info] Frame 307 (t = 1.535):	 total squared error = 0.122822, marker error: RMS = 0.0528338, max = 0.123008 (LBHD)
[2025-09-16 15:52:38.134] [info] Frame 308 (t = 1.54):	 total squared error = 0.122695, marker error: RMS = 0.0528065, max = 0.123005 (LBHD)
[2025-09-16 15:52:38.186] [info] Frame 309 (t = 1.545):	 total squared error = 0.122867, marker error: RMS = 0.0528435, max = 0.123050 (LBHD)
[2025-09-16 15:52:38.246] [info] Frame 310 (t = 1.55):	 total squared error = 0.122977, marker error: RMS = 0.0528672, max = 0.122897 (LBHD)
[2025-09-16 15:52:38.307] [info] Frame 311 (t = 1.555):	 total squared error = 0.122872, marker error: RMS = 0.0528445, max = 0.123008 (LBHD)
[2025-09-16 15:52:38.342] [info] Frame 312 (t = 1.56):	 total squared error = 0.123077, marker error: RMS = 0.0528887, max = 0.123093 (LBHD)
[2025-09-16 15:52:38.398] [info] Frame 313 (t = 1.565):	 total squared error = 0.123242, marker error: RMS = 0.052924, max = 0.123212 (LBHD)
[2025-09-16 15:52:38.434] [info] Frame 314 (t = 1.57):	 total squared error = 0.123215, marker error: RMS = 0.0529182, max = 0.12329 (LBHD)
[2025-09-16 15:52:38.476] [info] Frame 315 (t = 1.575):	 total squared error = 0.12338, marker error: RMS = 0.0529537, max = 0.123417 (LBHD)
[2025-09-16 15:52:38.539] [info] Frame 316 (t = 1.58):	 total squared error = 0.123448, marker error: RMS = 0.0529683, max = 0.123481 (LBHD)
[2025-09-16 15:52:38.633] [info] Frame 317 (t = 1.585):	 total squared error = 0.123447, marker error: RMS = 0.0529682, max = 0.123404 (LBHD)
[2025-09-16 15:52:38.678] [info] Frame 318 (t = 1.59):	 total squared error = 0.123448, marker error: RMS = 0.0529683, max = 0.123545 (LBHD)
[2025-09-16 15:52:38.750] [info] Frame 319 (t = 1.595):	 total squared error = 0.123677, marker error: RMS = 0.0530174, max = 0.123722 (LBHD)
[2025-09-16 15:52:38.804] [info] Frame 320 (t = 1.6):	 total squared error = 0.123646, marker error: RMS = 0.0530108, max = 0.12382 (LBHD)
[2025-09-16 15:52:38.842] [info] Frame 321 (t = 1.60500):	 total squared error = 0.123855, marker error: RMS = 0.0530555, max = 0.12413 (LBHD)
[2025-09-16 15:52:38.901] [info] Frame 322 (t = 1.61):	 total squared error = 0.124012, marker error: RMS = 0.0530891, max = 0.124087 (LBHD)
[2025-09-16 15:52:38.936] [info] Frame 323 (t = 1.615):	 total squared error = 0.12426, marker error: RMS = 0.0531422, max = 0.124164 (LBHD)
[2025-09-16 15:52:38.992] [info] Frame 324 (t = 1.62):	 total squared error = 0.124214, marker error: RMS = 0.0531324, max = 0.124307 (LBHD)
[2025-09-16 15:52:39.041] [info] Frame 325 (t = 1.625):	 total squared error = 0.124438, marker error: RMS = 0.0531803, max = 0.124556 (LBHD)
[2025-09-16 15:52:39.093] [info] Frame 326 (t = 1.63):	 total squared error = 0.124499, marker error: RMS = 0.0531932, max = 0.124769 (LBHD)
[2025-09-16 15:52:39.133] [info] Frame 327 (t = 1.635):	 total squared error = 0.124566, marker error: RMS = 0.0532076, max = 0.124721 (LBHD)
[2025-09-16 15:52:39.165] [info] Frame 328 (t = 1.64):	 total squared error = 0.124546, marker error: RMS = 0.0532033, max = 0.124846 (LBHD)
[2025-09-16 15:52:39.231] [info] Frame 329 (t = 1.645):	 total squared error = 0.124758, marker error: RMS = 0.0532486, max = 0.125068 (LBHD)
[2025-09-16 15:52:39.324] [info] Frame 330 (t = 1.65):	 total squared error = 0.12475, marker error: RMS = 0.053247, max = 0.125232 (LBHD)
[2025-09-16 15:52:39.351] [info] Frame 331 (t = 1.655):	 total squared error = 0.124982, marker error: RMS = 0.0532964, max = 0.125176 (LBHD)
[2025-09-16 15:52:39.418] [info] Frame 332 (t = 1.66):	 total squared error = 0.125064, marker error: RMS = 0.0533139, max = 0.125326 (LBHD)
[2025-09-16 15:52:39.450] [info] Frame 333 (t = 1.665):	 total squared error = 0.125039, marker error: RMS = 0.0533085, max = 0.125546 (LBHD)
[2025-09-16 15:52:39.510] [info] Frame 334 (t = 1.67):	 total squared error = 0.125377, marker error: RMS = 0.0533805, max = 0.125726 (LBHD)
[2025-09-16 15:52:39.553] [info] Frame 335 (t = 1.675):	 total squared error = 0.125406, marker error: RMS = 0.0533867, max = 0.125864 (LBHD)
[2025-09-16 15:52:39.599] [info] Frame 336 (t = 1.68):	 total squared error = 0.12544, marker error: RMS = 0.0533938, max = 0.125839 (LBHD)
[2025-09-16 15:52:39.640] [info] Frame 337 (t = 1.685):	 total squared error = 0.125766, marker error: RMS = 0.0534631, max = 0.125917 (LBHD)
[2025-09-16 15:52:39.706] [info] Frame 338 (t = 1.69):	 total squared error = 0.125885, marker error: RMS = 0.0534885, max = 0.125994 (LBHD)
[2025-09-16 15:52:39.744] [info] Frame 339 (t = 1.695):	 total squared error = 0.125784, marker error: RMS = 0.053467, max = 0.125816 (LBHD)
[2025-09-16 15:52:39.818] [info] Frame 340 (t = 1.7):	 total squared error = 0.126197, marker error: RMS = 0.0535548, max = 0.126141 (LBHD)
[2025-09-16 15:52:39.850] [info] Frame 341 (t = 1.70500):	 total squared error = 0.126298, marker error: RMS = 0.0535761, max = 0.126296 (LBHD)
[2025-09-16 15:52:39.914] [info] Frame 342 (t = 1.71):	 total squared error = 0.126502, marker error: RMS = 0.0536195, max = 0.126295 (LBHD)
[2025-09-16 15:52:39.965] [info] Frame 343 (t = 1.715):	 total squared error = 0.126639, marker error: RMS = 0.0536486, max = 0.126276 (LBHD)
[2025-09-16 15:52:40.028] [info] Frame 344 (t = 1.72):	 total squared error = 0.126597, marker error: RMS = 0.0536397, max = 0.126379 (LBHD)
[2025-09-16 15:52:40.073] [info] Frame 345 (t = 1.725):	 total squared error = 0.126795, marker error: RMS = 0.0536815, max = 0.126456 (LBHD)
[2025-09-16 15:52:40.135] [info] Frame 346 (t = 1.73):	 total squared error = 0.12692, marker error: RMS = 0.0537080, max = 0.126484 (LBHD)
[2025-09-16 15:52:40.186] [info] Frame 347 (t = 1.735):	 total squared error = 0.127032, marker error: RMS = 0.0537316, max = 0.126486 (LBHD)
[2025-09-16 15:52:40.295] [info] Frame 348 (t = 1.74):	 total squared error = 0.127162, marker error: RMS = 0.0537591, max = 0.126577 (LBHD)
[2025-09-16 15:52:40.328] [info] Frame 349 (t = 1.745):	 total squared error = 0.127239, marker error: RMS = 0.0537753, max = 0.126617 (LBHD)
[2025-09-16 15:52:40.368] [info] Frame 350 (t = 1.75):	 total squared error = 0.127466, marker error: RMS = 0.0538233, max = 0.12661 (LBHD)
[2025-09-16 15:52:40.443] [info] Frame 351 (t = 1.755):	 total squared error = 0.127545, marker error: RMS = 0.0538401, max = 0.126751 (LBHD)
[2025-09-16 15:52:40.509] [info] Frame 352 (t = 1.76):	 total squared error = 0.12764, marker error: RMS = 0.0538602, max = 0.12665 (LBHD)
[2025-09-16 15:52:40.550] [info] Frame 353 (t = 1.765):	 total squared error = 0.127774, marker error: RMS = 0.0538883, max = 0.12671 (LBHD)
[2025-09-16 15:52:40.631] [info] Frame 354 (t = 1.77):	 total squared error = 0.127756, marker error: RMS = 0.0538846, max = 0.126768 (LBHD)
[2025-09-16 15:52:40.673] [info] Frame 355 (t = 1.775):	 total squared error = 0.127868, marker error: RMS = 0.0539081, max = 0.126875 (LBHD)
[2025-09-16 15:52:40.732] [info] Frame 356 (t = 1.78):	 total squared error = 0.127991, marker error: RMS = 0.053934, max = 0.126865 (LBHD)
[2025-09-16 15:52:40.794] [info] Frame 357 (t = 1.785):	 total squared error = 0.128089, marker error: RMS = 0.0539546, max = 0.126834 (LBHD)
[2025-09-16 15:52:40.834] [info] Frame 358 (t = 1.79):	 total squared error = 0.128139, marker error: RMS = 0.0539652, max = 0.12689 (LBHD)
[2025-09-16 15:52:40.882] [info] Frame 359 (t = 1.795):	 total squared error = 0.128302, marker error: RMS = 0.0539995, max = 0.126954 (LBHD)
[2025-09-16 15:52:40.930] [info] Frame 360 (t = 1.8):	 total squared error = 0.128199, marker error: RMS = 0.0539779, max = 0.126883 (LBHD)
[2025-09-16 15:52:40.973] [info] Frame 361 (t = 1.80500):	 total squared error = 0.128211, marker error: RMS = 0.0539805, max = 0.126946 (LBHD)
[2025-09-16 15:52:41.036] [info] Frame 362 (t = 1.81):	 total squared error = 0.128384, marker error: RMS = 0.0540169, max = 0.126691 (LBHD)
[2025-09-16 15:52:41.066] [info] Frame 363 (t = 1.815):	 total squared error = 0.12855, marker error: RMS = 0.0540517, max = 0.12691 (LBHD)
[2025-09-16 15:52:41.181] [info] Frame 364 (t = 1.82):	 total squared error = 0.128482, marker error: RMS = 0.0540374, max = 0.127005 (LBHD)
[2025-09-16 15:52:41.250] [info] Frame 365 (t = 1.825):	 total squared error = 0.128758, marker error: RMS = 0.0540955, max = 0.126992 (LBHD)
[2025-09-16 15:52:41.327] [info] Frame 366 (t = 1.83):	 total squared error = 0.128901, marker error: RMS = 0.0541254, max = 0.126934 (LBHD)
[2025-09-16 15:52:41.377] [info] Frame 367 (t = 1.835):	 total squared error = 0.128861, marker error: RMS = 0.0541171, max = 0.12698 (LBHD)
[2025-09-16 15:52:41.447] [info] Frame 368 (t = 1.84):	 total squared error = 0.128824, marker error: RMS = 0.0541094, max = 0.126689 (LBHD)
[2025-09-16 15:52:41.508] [info] Frame 369 (t = 1.845):	 total squared error = 0.129032, marker error: RMS = 0.054153, max = 0.126851 (LBHD)
[2025-09-16 15:52:41.562] [info] Frame 370 (t = 1.85):	 total squared error = 0.129232, marker error: RMS = 0.054195, max = 0.126944 (LBHD)
[2025-09-16 15:52:41.624] [info] Frame 371 (t = 1.855):	 total squared error = 0.129162, marker error: RMS = 0.0541803, max = 0.126875 (LBHD)
[2025-09-16 15:52:41.671] [info] Frame 372 (t = 1.86):	 total squared error = 0.129193, marker error: RMS = 0.0541868, max = 0.126908 (LBHD)
[2025-09-16 15:52:41.730] [info] Frame 373 (t = 1.865):	 total squared error = 0.129409, marker error: RMS = 0.0542321, max = 0.127009 (LBHD)
[2025-09-16 15:52:41.773] [info] Frame 374 (t = 1.87):	 total squared error = 0.129226, marker error: RMS = 0.0541938, max = 0.126735 (LBHD)
[2025-09-16 15:52:41.834] [info] Frame 375 (t = 1.875):	 total squared error = 0.129413, marker error: RMS = 0.0542329, max = 0.126806 (LBHD)
[2025-09-16 15:52:41.874] [info] Frame 376 (t = 1.88):	 total squared error = 0.129455, marker error: RMS = 0.0542417, max = 0.12688 (LBHD)
[2025-09-16 15:52:41.941] [info] Frame 377 (t = 1.885):	 total squared error = 0.129676, marker error: RMS = 0.0542879, max = 0.126736 (LBHD)
[2025-09-16 15:52:42.036] [info] Frame 378 (t = 1.89):	 total squared error = 0.129598, marker error: RMS = 0.0542717, max = 0.126829 (LBHD)
[2025-09-16 15:52:42.094] [info] Frame 379 (t = 1.895):	 total squared error = 0.129695, marker error: RMS = 0.0542919, max = 0.126755 (LBHD)
[2025-09-16 15:52:42.137] [info] Frame 380 (t = 1.9):	 total squared error = 0.129679, marker error: RMS = 0.0542886, max = 0.126723 (LBHD)
[2025-09-16 15:52:42.201] [info] Frame 381 (t = 1.90500):	 total squared error = 0.129767, marker error: RMS = 0.0543069, max = 0.126806 (LBHD)
[2025-09-16 15:52:42.221] [info] Frame 382 (t = 1.91):	 total squared error = 0.129854, marker error: RMS = 0.0543252, max = 0.126674 (LBHD)
[2025-09-16 15:52:42.268] [info] Frame 383 (t = 1.915):	 total squared error = 0.129884, marker error: RMS = 0.0543315, max = 0.126738 (LBHD)
[2025-09-16 15:52:42.313] [info] Frame 384 (t = 1.92):	 total squared error = 0.130004, marker error: RMS = 0.0543566, max = 0.126866 (LBHD)
[2025-09-16 15:52:42.353] [info] Frame 385 (t = 1.925):	 total squared error = 0.129991, marker error: RMS = 0.0543539, max = 0.12679 (LBHD)
[2025-09-16 15:52:42.414] [info] Frame 386 (t = 1.93):	 total squared error = 0.130108, marker error: RMS = 0.0543784, max = 0.126811 (LBHD)
[2025-09-16 15:52:42.434] [info] Frame 387 (t = 1.935):	 total squared error = 0.129896, marker error: RMS = 0.054334, max = 0.126289 (LBHD)
[2025-09-16 15:52:42.504] [info] Frame 388 (t = 1.94):	 total squared error = 0.130150, marker error: RMS = 0.0543871, max = 0.126845 (LBHD)
[2025-09-16 15:52:42.548] [info] Frame 389 (t = 1.945):	 total squared error = 0.130158, marker error: RMS = 0.0543887, max = 0.126758 (LBHD)
[2025-09-16 15:52:42.590] [info] Frame 390 (t = 1.95):	 total squared error = 0.130236, marker error: RMS = 0.0544051, max = 0.126833 (LBHD)
[2025-09-16 15:52:42.615] [info] Frame 391 (t = 1.955):	 total squared error = 0.130179, marker error: RMS = 0.0543932, max = 0.126907 (LBHD)
[2025-09-16 15:52:42.663] [info] Frame 392 (t = 1.96):	 total squared error = 0.130372, marker error: RMS = 0.0544334, max = 0.126856 (LBHD)
[2025-09-16 15:52:42.698] [info] Frame 393 (t = 1.965):	 total squared error = 0.130447, marker error: RMS = 0.0544491, max = 0.126965 (LBHD)
[2025-09-16 15:52:42.730] [info] Frame 394 (t = 1.97):	 total squared error = 0.130482, marker error: RMS = 0.0544565, max = 0.126963 (LBHD)
[2025-09-16 15:52:42.824] [info] Frame 395 (t = 1.975):	 total squared error = 0.130296, marker error: RMS = 0.0544176, max = 0.126944 (LBHD)
[2025-09-16 15:52:42.862] [info] Frame 396 (t = 1.98):	 total squared error = 0.130355, marker error: RMS = 0.05443, max = 0.126983 (LBHD)
[2025-09-16 15:52:42.933] [info] Frame 397 (t = 1.985):	 total squared error = 0.130543, marker error: RMS = 0.054469, max = 0.127266 (LBHD)
[2025-09-16 15:52:43.011] [info] Frame 398 (t = 1.99):	 total squared error = 0.130693, marker error: RMS = 0.0545005, max = 0.127208 (LBHD)
[2025-09-16 15:52:43.074] [info] Frame 399 (t = 1.995):	 total squared error = 0.130621, marker error: RMS = 0.0544854, max = 0.127253 (LBHD)
[2025-09-16 15:52:43.124] [info] Frame 400 (t = 2.0):	 total squared error = 0.130715, marker error: RMS = 0.0545050, max = 0.126826 (LBHD)
[2025-09-16 15:52:43.192] [info] Frame 401 (t = 2.00500):	 total squared error = 0.130928, marker error: RMS = 0.0545495, max = 0.12717 (LBHD)
[2025-09-16 15:52:43.236] [info] Frame 402 (t = 2.01):	 total squared error = 0.130935, marker error: RMS = 0.0545508, max = 0.126969 (LBHD)
[2025-09-16 15:52:43.290] [info] Frame 403 (t = 2.015):	 total squared error = 0.131065, marker error: RMS = 0.0545779, max = 0.127399 (LBHD)
[2025-09-16 15:52:43.373] [info] Frame 404 (t = 2.02):	 total squared error = 0.131115, marker error: RMS = 0.0545883, max = 0.127246 (LBHD)
[2025-09-16 15:52:43.454] [info] Frame 405 (t = 2.025):	 total squared error = 0.131308, marker error: RMS = 0.0546284, max = 0.127432 (LBHD)
[2025-09-16 15:52:43.515] [info] Frame 406 (t = 2.03):	 total squared error = 0.131166, marker error: RMS = 0.054599, max = 0.127359 (LBHD)
[2025-09-16 15:52:43.566] [info] Frame 407 (t = 2.035):	 total squared error = 0.131333, marker error: RMS = 0.0546337, max = 0.127451 (LBHD)
[2025-09-16 15:52:43.644] [info] Frame 408 (t = 2.04):	 total squared error = 0.131225, marker error: RMS = 0.0546112, max = 0.127458 (LBHD)
[2025-09-16 15:52:43.714] [info] Frame 409 (t = 2.045):	 total squared error = 0.131216, marker error: RMS = 0.0546093, max = 0.127626 (LBHD)
[2025-09-16 15:52:43.759] [info] Frame 410 (t = 2.05):	 total squared error = 0.131372, marker error: RMS = 0.0546418, max = 0.127564 (LBHD)
[2025-09-16 15:52:43.891] [info] Frame 411 (t = 2.055):	 total squared error = 0.131313, marker error: RMS = 0.0546296, max = 0.12751 (LBHD)
[2025-09-16 15:52:43.968] [info] Frame 412 (t = 2.06):	 total squared error = 0.131392, marker error: RMS = 0.0546459, max = 0.127519 (LBHD)
[2025-09-16 15:52:44.041] [info] Frame 413 (t = 2.065):	 total squared error = 0.131413, marker error: RMS = 0.0546503, max = 0.127741 (LBHD)
[2025-09-16 15:52:44.115] [info] Frame 414 (t = 2.07):	 total squared error = 0.131349, marker error: RMS = 0.054637, max = 0.127642 (LBHD)
[2025-09-16 15:52:44.165] [info] Frame 415 (t = 2.075):	 total squared error = 0.131491, marker error: RMS = 0.0546666, max = 0.127581 (LBHD)
[2025-09-16 15:52:44.227] [info] Frame 416 (t = 2.08):	 total squared error = 0.131314, marker error: RMS = 0.0546298, max = 0.127582 (LBHD)
[2025-09-16 15:52:44.278] [info] Frame 417 (t = 2.085):	 total squared error = 0.131329, marker error: RMS = 0.0546329, max = 0.127583 (LBHD)
[2025-09-16 15:52:44.359] [info] Frame 418 (t = 2.09):	 total squared error = 0.131304, marker error: RMS = 0.0546277, max = 0.127565 (LBHD)
[2025-09-16 15:52:44.448] [info] Frame 419 (t = 2.095):	 total squared error = 0.131256, marker error: RMS = 0.0546177, max = 0.127537 (LBHD)
[2025-09-16 15:52:44.526] [info] Frame 420 (t = 2.1):	 total squared error = 0.131365, marker error: RMS = 0.0546404, max = 0.127683 (LBHD)
[2025-09-16 15:52:44.589] [info] Frame 421 (t = 2.10500):	 total squared error = 0.131316, marker error: RMS = 0.0546303, max = 0.127606 (LBHD)
[2025-09-16 15:52:44.670] [info] Frame 422 (t = 2.11):	 total squared error = 0.131313, marker error: RMS = 0.0546295, max = 0.127654 (LBHD)
[2025-09-16 15:52:44.832] [info] Frame 423 (t = 2.115):	 total squared error = 0.131381, marker error: RMS = 0.0546437, max = 0.127796 (LBHD)
[2025-09-16 15:52:44.915] [info] Frame 424 (t = 2.12):	 total squared error = 0.131416, marker error: RMS = 0.054651, max = 0.127761 (LBHD)
[2025-09-16 15:52:45.040] [info] Frame 425 (t = 2.125):	 total squared error = 0.131343, marker error: RMS = 0.0546357, max = 0.12766 (LBHD)
[2025-09-16 15:52:45.147] [info] Frame 426 (t = 2.13):	 total squared error = 0.131345, marker error: RMS = 0.0546362, max = 0.12761 (LBHD)
[2025-09-16 15:52:45.259] [info] Frame 427 (t = 2.135):	 total squared error = 0.13134, marker error: RMS = 0.0546351, max = 0.127736 (LBHD)
[2025-09-16 15:52:45.365] [info] Frame 428 (t = 2.14):	 total squared error = 0.131263, marker error: RMS = 0.0546191, max = 0.127774 (LBHD)
[2025-09-16 15:52:45.495] [info] Frame 429 (t = 2.145):	 total squared error = 0.131205, marker error: RMS = 0.0546071, max = 0.128020 (LBHD)
[2025-09-16 15:52:45.594] [info] Frame 430 (t = 2.15):	 total squared error = 0.13136, marker error: RMS = 0.0546393, max = 0.127619 (LBHD)
[2025-09-16 15:52:45.690] [info] Frame 431 (t = 2.155):	 total squared error = 0.131233, marker error: RMS = 0.0546128, max = 0.127806 (LBHD)
[2025-09-16 15:52:45.793] [info] Frame 432 (t = 2.16):	 total squared error = 0.131128, marker error: RMS = 0.054591, max = 0.128041 (LBHD)
[2025-09-16 15:52:45.887] [info] Frame 433 (t = 2.165):	 total squared error = 0.131229, marker error: RMS = 0.0546121, max = 0.12797 (LBHD)
[2025-09-16 15:52:46.077] [info] Frame 434 (t = 2.17):	 total squared error = 0.131145, marker error: RMS = 0.0545947, max = 0.128048 (LBHD)
[2025-09-16 15:52:46.174] [info] Frame 435 (t = 2.175):	 total squared error = 0.131317, marker error: RMS = 0.0546303, max = 0.127756 (LBHD)
[2025-09-16 15:52:46.265] [info] Frame 436 (t = 2.18):	 total squared error = 0.131125, marker error: RMS = 0.0545904, max = 0.128038 (LBHD)
[2025-09-16 15:52:46.358] [info] Frame 437 (t = 2.185):	 total squared error = 0.131071, marker error: RMS = 0.0545792, max = 0.127999 (LBHD)
[2025-09-16 15:52:46.467] [info] Frame 438 (t = 2.19):	 total squared error = 0.131321, marker error: RMS = 0.0546311, max = 0.127597 (LBHD)
[2025-09-16 15:52:46.579] [info] Frame 439 (t = 2.195):	 total squared error = 0.131197, marker error: RMS = 0.0546055, max = 0.127565 (LBHD)
[2025-09-16 15:52:46.659] [info] Frame 440 (t = 2.2):	 total squared error = 0.13138, marker error: RMS = 0.0546435, max = 0.127695 (LBHD)
[2025-09-16 15:52:46.748] [info] Frame 441 (t = 2.20500):	 total squared error = 0.131276, marker error: RMS = 0.0546218, max = 0.127672 (LBHD)
[2025-09-16 15:52:46.808] [info] Frame 442 (t = 2.21):	 total squared error = 0.131314, marker error: RMS = 0.0546297, max = 0.127477 (LBHD)
[2025-09-16 15:52:46.874] [info] Frame 443 (t = 2.215):	 total squared error = 0.131349, marker error: RMS = 0.0546371, max = 0.127577 (LBHD)
[2025-09-16 15:52:46.966] [info] Frame 444 (t = 2.22):	 total squared error = 0.131244, marker error: RMS = 0.0546152, max = 0.127562 (LBHD)
[2025-09-16 15:52:47.063] [info] Frame 445 (t = 2.225):	 total squared error = 0.131216, marker error: RMS = 0.0546093, max = 0.127423 (LBHD)
[2025-09-16 15:52:47.157] [info] Frame 446 (t = 2.23):	 total squared error = 0.131187, marker error: RMS = 0.0546033, max = 0.127315 (LBHD)
[2025-09-16 15:52:47.221] [info] Frame 447 (t = 2.235):	 total squared error = 0.131161, marker error: RMS = 0.0545979, max = 0.12742 (LBHD)
[2025-09-16 15:52:47.266] [info] Frame 448 (t = 2.24):	 total squared error = 0.131092, marker error: RMS = 0.0545835, max = 0.127317 (LBHD)
[2025-09-16 15:52:47.344] [info] Frame 449 (t = 2.245):	 total squared error = 0.130935, marker error: RMS = 0.0545509, max = 0.127855 (LBHD)
[2025-09-16 15:52:47.416] [info] Frame 450 (t = 2.25):	 total squared error = 0.131202, marker error: RMS = 0.0546064, max = 0.127342 (LBHD)
[2025-09-16 15:52:47.481] [info] Frame 451 (t = 2.255):	 total squared error = 0.131023, marker error: RMS = 0.0545693, max = 0.127875 (LBHD)
[2025-09-16 15:52:47.559] [info] Frame 452 (t = 2.26):	 total squared error = 0.131228, marker error: RMS = 0.0546119, max = 0.127422 (LBHD)
[2025-09-16 15:52:47.624] [info] Frame 453 (t = 2.265):	 total squared error = 0.131218, marker error: RMS = 0.0546099, max = 0.127398 (LBHD)
[2025-09-16 15:52:47.676] [info] Frame 454 (t = 2.27):	 total squared error = 0.131184, marker error: RMS = 0.0546028, max = 0.127487 (LBHD)
[2025-09-16 15:52:47.729] [info] Frame 455 (t = 2.275):	 total squared error = 0.131031, marker error: RMS = 0.0545708, max = 0.127419 (LBHD)
[2025-09-16 15:52:47.771] [info] Frame 456 (t = 2.28):	 total squared error = 0.131161, marker error: RMS = 0.0545978, max = 0.127554 (LBHD)
[2025-09-16 15:52:47.836] [info] Frame 457 (t = 2.285):	 total squared error = 0.131011, marker error: RMS = 0.0545668, max = 0.127486 (LBHD)
[2025-09-16 15:52:47.894] [info] Frame 458 (t = 2.29):	 total squared error = 0.130919, marker error: RMS = 0.0545476, max = 0.127493 (LBHD)
[2025-09-16 15:52:47.928] [info] Frame 459 (t = 2.295):	 total squared error = 0.131045, marker error: RMS = 0.0545738, max = 0.127495 (LBHD)
[2025-09-16 15:52:47.971] [info] Frame 460 (t = 2.3):	 total squared error = 0.130937, marker error: RMS = 0.0545514, max = 0.127575 (LBHD)
[2025-09-16 15:52:48.089] [info] Frame 461 (t = 2.30500):	 total squared error = 0.130923, marker error: RMS = 0.0545483, max = 0.12772 (LBHD)
[2025-09-16 15:52:48.168] [info] Frame 462 (t = 2.31):	 total squared error = 0.130532, marker error: RMS = 0.0544667, max = 0.127709 (LBHD)
[2025-09-16 15:52:48.241] [info] Frame 463 (t = 2.315):	 total squared error = 0.130283, marker error: RMS = 0.0544148, max = 0.127692 (LBHD)
[2025-09-16 15:52:48.326] [info] Frame 464 (t = 2.32):	 total squared error = 0.130148, marker error: RMS = 0.0543866, max = 0.127684 (LBHD)
[2025-09-16 15:52:48.376] [info] Frame 465 (t = 2.325):	 total squared error = 0.129848, marker error: RMS = 0.054324, max = 0.127699 (LBHD)
[2025-09-16 15:52:48.451] [info] Frame 466 (t = 2.33):	 total squared error = 0.129757, marker error: RMS = 0.0543049, max = 0.12783 (LBHD)
[2025-09-16 15:52:48.524] [info] Frame 467 (t = 2.335):	 total squared error = 0.12958, marker error: RMS = 0.0542679, max = 0.127917 (LBHD)
[2025-09-16 15:52:48.586] [info] Frame 468 (t = 2.34):	 total squared error = 0.129286, marker error: RMS = 0.0542063, max = 0.127973 (LBHD)
[2025-09-16 15:52:48.648] [info] Frame 469 (t = 2.345):	 total squared error = 0.129529, marker error: RMS = 0.0542572, max = 0.128267 (LBHD)
[2025-09-16 15:52:48.719] [info] Frame 470 (t = 2.35):	 total squared error = 0.1288, marker error: RMS = 0.0541043, max = 0.128205 (LBHD)
[2025-09-16 15:52:48.773] [info] Frame 471 (t = 2.355):	 total squared error = 0.128403, marker error: RMS = 0.0540208, max = 0.128378 (LBHD)
[2025-09-16 15:52:48.844] [info] Frame 472 (t = 2.36):	 total squared error = 0.127963, marker error: RMS = 0.0539281, max = 0.128316 (LBHD)
[2025-09-16 15:52:48.920] [info] Frame 473 (t = 2.365):	 total squared error = 0.127612, marker error: RMS = 0.0538541, max = 0.12822 (LBHD)
[2025-09-16 15:52:48.980] [info] Frame 474 (t = 2.37):	 total squared error = 0.127097, marker error: RMS = 0.0537453, max = 0.128329 (LBHD)
[2025-09-16 15:52:49.053] [info] Frame 475 (t = 2.375):	 total squared error = 0.126832, marker error: RMS = 0.0536894, max = 0.128441 (LBHD)
[2025-09-16 15:52:49.169] [info] Frame 476 (t = 2.38):	 total squared error = 0.126413, marker error: RMS = 0.0536006, max = 0.128684 (LBHD)
[2025-09-16 15:52:49.259] [info] Frame 477 (t = 2.385):	 total squared error = 0.126159, marker error: RMS = 0.0535467, max = 0.128837 (LBHD)
[2025-09-16 15:52:49.333] [info] Frame 478 (t = 2.39):	 total squared error = 0.12558, marker error: RMS = 0.0534237, max = 0.128936 (LBHD)
[2025-09-16 15:52:49.390] [info] Frame 479 (t = 2.395):	 total squared error = 0.12495, marker error: RMS = 0.0532895, max = 0.128968 (LBHD)
[2025-09-16 15:52:49.457] [info] Frame 480 (t = 2.4):	 total squared error = 0.124562, marker error: RMS = 0.0532068, max = 0.129054 (LBHD)
[2025-09-16 15:52:49.534] [info] Frame 481 (t = 2.40500):	 total squared error = 0.123992, marker error: RMS = 0.0530848, max = 0.128947 (LBHD)
[2025-09-16 15:52:49.567] [info] Frame 482 (t = 2.41):	 total squared error = 0.123891, marker error: RMS = 0.0530631, max = 0.129301 (LBHD)
[2025-09-16 15:52:49.639] [info] Frame 483 (t = 2.415):	 total squared error = 0.122925, marker error: RMS = 0.052856, max = 0.129242 (LBHD)
[2025-09-16 15:52:49.708] [info] Frame 484 (t = 2.42):	 total squared error = 0.12229, marker error: RMS = 0.0527193, max = 0.129406 (LBHD)
[2025-09-16 15:52:49.751] [info] Frame 485 (t = 2.425):	 total squared error = 0.121615, marker error: RMS = 0.0525736, max = 0.12953 (LBHD)
[2025-09-16 15:52:49.821] [info] Frame 486 (t = 2.43):	 total squared error = 0.121084, marker error: RMS = 0.0524585, max = 0.129548 (LBHD)
[2025-09-16 15:52:49.861] [info] Frame 487 (t = 2.435):	 total squared error = 0.120402, marker error: RMS = 0.0523107, max = 0.129736 (LBHD)
[2025-09-16 15:52:49.935] [info] Frame 488 (t = 2.44):	 total squared error = 0.119761, marker error: RMS = 0.0521712, max = 0.12986 (LBHD)
[2025-09-16 15:52:50.009] [info] Frame 489 (t = 2.445):	 total squared error = 0.118695, marker error: RMS = 0.0519385, max = 0.129719 (LBHD)
[2025-09-16 15:52:50.044] [info] Frame 490 (t = 2.45):	 total squared error = 0.118273, marker error: RMS = 0.0518461, max = 0.129917 (LBHD)
[2025-09-16 15:52:50.108] [info] Frame 491 (t = 2.455):	 total squared error = 0.117335, marker error: RMS = 0.0516401, max = 0.130142 (LBHD)
[2025-09-16 15:52:50.145] [info] Frame 492 (t = 2.46):	 total squared error = 0.116814, marker error: RMS = 0.0515253, max = 0.130409 (LBHD)
[2025-09-16 15:52:50.230] [info] Frame 493 (t = 2.465):	 total squared error = 0.115719, marker error: RMS = 0.0512833, max = 0.130372 (LBHD)
[2025-09-16 15:52:50.270] [info] Frame 494 (t = 2.47):	 total squared error = 0.114804, marker error: RMS = 0.0510801, max = 0.130265 (LBHD)
[2025-09-16 15:52:50.384] [info] Frame 495 (t = 2.475):	 total squared error = 0.113786, marker error: RMS = 0.0508531, max = 0.130273 (LBHD)
[2025-09-16 15:52:50.426] [info] Frame 496 (t = 2.48):	 total squared error = 0.112893, marker error: RMS = 0.0506532, max = 0.130490 (LBHD)
[2025-09-16 15:52:50.463] [info] Frame 497 (t = 2.485):	 total squared error = 0.112163, marker error: RMS = 0.0504892, max = 0.130472 (LBHD)
[2025-09-16 15:52:50.544] [info] Frame 498 (t = 2.49):	 total squared error = 0.111067, marker error: RMS = 0.0502419, max = 0.130453 (LBHD)
[2025-09-16 15:52:50.617] [info] Frame 499 (t = 2.495):	 total squared error = 0.110002, marker error: RMS = 0.0500005, max = 0.130463 (LBHD)
[2025-09-16 15:52:50.660] [info] Frame 500 (t = 2.5):	 total squared error = 0.109216, marker error: RMS = 0.0498215, max = 0.130584 (LBHD)
[2025-09-16 15:52:50.733] [info] Frame 501 (t = 2.50500):	 total squared error = 0.108012, marker error: RMS = 0.049546, max = 0.130672 (LBHD)
[2025-09-16 15:52:50.777] [info] Frame 502 (t = 2.51):	 total squared error = 0.106839, marker error: RMS = 0.0492762, max = 0.130749 (LBHD)
[2025-09-16 15:52:50.851] [info] Frame 503 (t = 2.515):	 total squared error = 0.105820, marker error: RMS = 0.0490409, max = 0.130538 (LBHD)
[2025-09-16 15:52:50.914] [info] Frame 504 (t = 2.52):	 total squared error = 0.104669, marker error: RMS = 0.0487733, max = 0.130527 (LBHD)
[2025-09-16 15:52:50.964] [info] Frame 505 (t = 2.525):	 total squared error = 0.103621, marker error: RMS = 0.0485287, max = 0.130533 (LBHD)
[2025-09-16 15:52:51.007] [info] Frame 506 (t = 2.53):	 total squared error = 0.103312, marker error: RMS = 0.0484561, max = 0.130925 (LBHD)
[2025-09-16 15:52:51.045] [info] Frame 507 (t = 2.535):	 total squared error = 0.101924, marker error: RMS = 0.0481295, max = 0.130912 (LBHD)
[2025-09-16 15:52:51.107] [info] Frame 508 (t = 2.54):	 total squared error = 0.100810, marker error: RMS = 0.0478659, max = 0.130975 (LBHD)
[2025-09-16 15:52:51.155] [info] Frame 509 (t = 2.545):	 total squared error = 0.0996436, marker error: RMS = 0.0475881, max = 0.130866 (LBHD)
[2025-09-16 15:52:51.236] [info] Frame 510 (t = 2.55):	 total squared error = 0.0986908, marker error: RMS = 0.04736, max = 0.130957 (LBHD)
[2025-09-16 15:52:51.282] [info] Frame 511 (t = 2.555):	 total squared error = 0.0978263, marker error: RMS = 0.0471521, max = 0.131 (LBHD)
[2025-09-16 15:52:51.343] [info] Frame 512 (t = 2.56):	 total squared error = 0.0968283, marker error: RMS = 0.046911, max = 0.131139 (LBHD)
[2025-09-16 15:52:51.394] [info] Frame 513 (t = 2.565):	 total squared error = 0.0956596, marker error: RMS = 0.0466271, max = 0.130985 (LBHD)
[2025-09-16 15:52:51.441] [info] Frame 514 (t = 2.57):	 total squared error = 0.0944759, marker error: RMS = 0.0463377, max = 0.130888 (LBHD)
[2025-09-16 15:52:51.475] [info] Frame 515 (t = 2.575):	 total squared error = 0.0941623, marker error: RMS = 0.0462607, max = 0.131541 (LBHD)
[2025-09-16 15:52:51.525] [info] Frame 516 (t = 2.58):	 total squared error = 0.0926318, marker error: RMS = 0.0458832, max = 0.131211 (LBHD)
[2025-09-16 15:52:51.568] [info] Frame 517 (t = 2.585):	 total squared error = 0.0918004, marker error: RMS = 0.0456768, max = 0.131301 (LBHD)
[2025-09-16 15:52:51.672] [info] Frame 518 (t = 2.59):	 total squared error = 0.0909442, marker error: RMS = 0.0454633, max = 0.131296 (LBHD)
[2025-09-16 15:52:51.724] [info] Frame 519 (t = 2.595):	 total squared error = 0.0904768, marker error: RMS = 0.0453463, max = 0.131672 (LBHD)
[2025-09-16 15:52:51.762] [info] Frame 520 (t = 2.6):	 total squared error = 0.0896312, marker error: RMS = 0.045134, max = 0.131752 (LBHD)
[2025-09-16 15:52:51.809] [info] Frame 521 (t = 2.60500):	 total squared error = 0.0885109, marker error: RMS = 0.044851, max = 0.131497 (LBHD)
[2025-09-16 15:52:51.844] [info] Frame 522 (t = 2.61):	 total squared error = 0.0880345, marker error: RMS = 0.0447301, max = 0.131861 (LBHD)
[2025-09-16 15:52:51.901] [info] Frame 523 (t = 2.615):	 total squared error = 0.0874658, marker error: RMS = 0.0445854, max = 0.132066 (LBHD)
[2025-09-16 15:52:51.925] [info] Frame 524 (t = 2.62):	 total squared error = 0.0867211, marker error: RMS = 0.0443952, max = 0.132241 (LBHD)
[2025-09-16 15:52:51.961] [info] Frame 525 (t = 2.625):	 total squared error = 0.0862457, marker error: RMS = 0.0442733, max = 0.132439 (LBHD)
[2025-09-16 15:52:52.020] [info] Frame 526 (t = 2.63):	 total squared error = 0.085734, marker error: RMS = 0.0441418, max = 0.132507 (LBHD)
[2025-09-16 15:52:52.057] [info] Frame 527 (t = 2.635):	 total squared error = 0.0850710, marker error: RMS = 0.0439708, max = 0.132563 (LBHD)
[2025-09-16 15:52:52.124] [info] Frame 528 (t = 2.64):	 total squared error = 0.0848646, marker error: RMS = 0.0439174, max = 0.132766 (LBHD)
[2025-09-16 15:52:52.158] [info] Frame 529 (t = 2.645):	 total squared error = 0.0845468, marker error: RMS = 0.0438351, max = 0.132973 (LBHD)
[2025-09-16 15:52:52.204] [info] Frame 530 (t = 2.65):	 total squared error = 0.0838135, marker error: RMS = 0.0436446, max = 0.133068 (LBHD)
[2025-09-16 15:52:52.251] [info] Frame 531 (t = 2.655):	 total squared error = 0.0832891, marker error: RMS = 0.0435079, max = 0.133132 (LBHD)
[2025-09-16 15:52:52.310] [info] Frame 532 (t = 2.66):	 total squared error = 0.0831851, marker error: RMS = 0.0434807, max = 0.133419 (LBHD)
[2025-09-16 15:52:52.342] [info] Frame 533 (t = 2.665):	 total squared error = 0.0828245, marker error: RMS = 0.0433864, max = 0.133748 (LBHD)
[2025-09-16 15:52:52.394] [info] Frame 534 (t = 2.67):	 total squared error = 0.0826235, marker error: RMS = 0.0433337, max = 0.133838 (LBHD)
[2025-09-16 15:52:52.429] [info] Frame 535 (t = 2.675):	 total squared error = 0.0825455, marker error: RMS = 0.0433132, max = 0.134293 (LBHD)
[2025-09-16 15:52:52.456] [info] Frame 536 (t = 2.68):	 total squared error = 0.0817581, marker error: RMS = 0.0431061, max = 0.134083 (LBHD)
[2025-09-16 15:52:52.501] [info] Frame 537 (t = 2.685):	 total squared error = 0.0817099, marker error: RMS = 0.0430934, max = 0.134056 (LBHD)
[2025-09-16 15:52:52.538] [info] Frame 538 (t = 2.69):	 total squared error = 0.0814135, marker error: RMS = 0.0430152, max = 0.134491 (LBHD)
[2025-09-16 15:52:52.569] [info] Frame 539 (t = 2.695):	 total squared error = 0.0811115, marker error: RMS = 0.0429353, max = 0.134568 (LBHD)
[2025-09-16 15:52:52.626] [info] Frame 540 (t = 2.7):	 total squared error = 0.0810082, marker error: RMS = 0.0429080, max = 0.13492 (LBHD)
[2025-09-16 15:52:52.662] [info] Frame 541 (t = 2.70500):	 total squared error = 0.0806752, marker error: RMS = 0.0428197, max = 0.134996 (LBHD)
[2025-09-16 15:52:52.709] [info] Frame 542 (t = 2.71):	 total squared error = 0.0806881, marker error: RMS = 0.0428231, max = 0.135564 (LBHD)
[2025-09-16 15:52:52.750] [info] Frame 543 (t = 2.715):	 total squared error = 0.0805547, marker error: RMS = 0.0427877, max = 0.135524 (LBHD)
[2025-09-16 15:52:52.821] [info] Frame 544 (t = 2.72):	 total squared error = 0.0805571, marker error: RMS = 0.0427884, max = 0.136022 (LBHD)
[2025-09-16 15:52:52.853] [info] Frame 545 (t = 2.725):	 total squared error = 0.0804585, marker error: RMS = 0.0427622, max = 0.135895 (LBHD)
[2025-09-16 15:52:52.916] [info] Frame 546 (t = 2.73):	 total squared error = 0.0803376, marker error: RMS = 0.04273, max = 0.136218 (LBHD)
[2025-09-16 15:52:52.947] [info] Frame 547 (t = 2.735):	 total squared error = 0.0803962, marker error: RMS = 0.0427456, max = 0.136476 (LBHD)
[2025-09-16 15:52:53.053] [info] Frame 548 (t = 2.74):	 total squared error = 0.0801376, marker error: RMS = 0.0426768, max = 0.136806 (LBHD)
[2025-09-16 15:52:53.113] [info] Frame 549 (t = 2.745):	 total squared error = 0.0800801, marker error: RMS = 0.0426615, max = 0.137089 (LBHD)
[2025-09-16 15:52:53.150] [info] Frame 550 (t = 2.75):	 total squared error = 0.0798638, marker error: RMS = 0.0426038, max = 0.137211 (LBHD)
[2025-09-16 15:52:53.204] [info] Frame 551 (t = 2.755):	 total squared error = 0.0801565, marker error: RMS = 0.0426818, max = 0.137605 (LBHD)
[2025-09-16 15:52:53.243] [info] Frame 552 (t = 2.76):	 total squared error = 0.0799813, marker error: RMS = 0.0426352, max = 0.137788 (LBHD)
[2025-09-16 15:52:53.312] [info] Frame 553 (t = 2.765):	 total squared error = 0.079769, marker error: RMS = 0.0425785, max = 0.137922 (LBHD)
[2025-09-16 15:52:53.344] [info] Frame 554 (t = 2.77):	 total squared error = 0.0800424, marker error: RMS = 0.0426514, max = 0.138391 (LBHD)
[2025-09-16 15:52:53.394] [info] Frame 555 (t = 2.775):	 total squared error = 0.0800135, marker error: RMS = 0.0426437, max = 0.138499 (LBHD)
[2025-09-16 15:52:53.422] [info] Frame 556 (t = 2.78):	 total squared error = 0.0801079, marker error: RMS = 0.0426689, max = 0.138947 (LBHD)
[2025-09-16 15:52:53.458] [info] Frame 557 (t = 2.785):	 total squared error = 0.0798467, marker error: RMS = 0.0425993, max = 0.138868 (LBHD)
[2025-09-16 15:52:53.510] [info] Frame 558 (t = 2.79):	 total squared error = 0.0800020, marker error: RMS = 0.0426407, max = 0.139275 (LBHD)
[2025-09-16 15:52:53.549] [info] Frame 559 (t = 2.795):	 total squared error = 0.0800191, marker error: RMS = 0.0426452, max = 0.139567 (LBHD)
[2025-09-16 15:52:53.605] [info] Frame 560 (t = 2.8):	 total squared error = 0.0798565, marker error: RMS = 0.0426019, max = 0.139821 (LBHD)
[2025-09-16 15:52:53.646] [info] Frame 561 (t = 2.80500):	 total squared error = 0.0799376, marker error: RMS = 0.0426235, max = 0.140053 (LBHD)
[2025-09-16 15:52:53.700] [info] Frame 562 (t = 2.81):	 total squared error = 0.0799825, marker error: RMS = 0.0426355, max = 0.140335 (LBHD)
[2025-09-16 15:52:53.737] [info] Frame 563 (t = 2.815):	 total squared error = 0.0803274, marker error: RMS = 0.0427273, max = 0.141146 (LBHD)
[2025-09-16 15:52:53.805] [info] Frame 564 (t = 2.82):	 total squared error = 0.0802329, marker error: RMS = 0.0427022, max = 0.141164 (LBHD)
[2025-09-16 15:52:53.842] [info] Frame 565 (t = 2.825):	 total squared error = 0.0801626, marker error: RMS = 0.0426835, max = 0.141394 (LBHD)
[2025-09-16 15:52:53.907] [info] Frame 566 (t = 2.83):	 total squared error = 0.0802076, marker error: RMS = 0.0426954, max = 0.141729 (LBHD)
[2025-09-16 15:52:53.932] [info] Frame 567 (t = 2.835):	 total squared error = 0.0803321, marker error: RMS = 0.0427286, max = 0.142157 (LBHD)
[2025-09-16 15:52:53.966] [info] Frame 568 (t = 2.84):	 total squared error = 0.0802258, marker error: RMS = 0.0427003, max = 0.142364 (LBHD)
[2025-09-16 15:52:54.032] [info] Frame 569 (t = 2.845):	 total squared error = 0.0803936, marker error: RMS = 0.0427449, max = 0.142782 (LBHD)
[2025-09-16 15:52:54.090] [info] Frame 570 (t = 2.85):	 total squared error = 0.0803052, marker error: RMS = 0.0427214, max = 0.143127 (LBHD)
[2025-09-16 15:52:54.121] [info] Frame 571 (t = 2.855):	 total squared error = 0.0803225, marker error: RMS = 0.042726, max = 0.142929 (LBHD)
[2025-09-16 15:52:54.153] [info] Frame 572 (t = 2.86):	 total squared error = 0.0806296, marker error: RMS = 0.0428076, max = 0.143603 (LBHD)
[2025-09-16 15:52:54.258] [info] Frame 573 (t = 2.865):	 total squared error = 0.0808533, marker error: RMS = 0.0428669, max = 0.143901 (LBHD)
[2025-09-16 15:52:54.318] [info] Frame 574 (t = 2.87):	 total squared error = 0.0810312, marker error: RMS = 0.0429141, max = 0.144279 (LBHD)
[2025-09-16 15:52:54.365] [info] Frame 575 (t = 2.875):	 total squared error = 0.0812075, marker error: RMS = 0.0429607, max = 0.144708 (LBHD)
[2025-09-16 15:52:54.429] [info] Frame 576 (t = 2.88):	 total squared error = 0.0814505, marker error: RMS = 0.0430250, max = 0.145083 (LBHD)
[2025-09-16 15:52:54.461] [info] Frame 577 (t = 2.885):	 total squared error = 0.0813797, marker error: RMS = 0.0430063, max = 0.14533 (LBHD)
[2025-09-16 15:52:54.514] [info] Frame 578 (t = 2.89):	 total squared error = 0.0817006, marker error: RMS = 0.0430910, max = 0.145805 (LBHD)
[2025-09-16 15:52:54.550] [info] Frame 579 (t = 2.895):	 total squared error = 0.081851, marker error: RMS = 0.0431306, max = 0.145964 (LBHD)
[2025-09-16 15:52:54.618] [info] Frame 580 (t = 2.9):	 total squared error = 0.0819561, marker error: RMS = 0.0431583, max = 0.146231 (LBHD)
[2025-09-16 15:52:54.643] [info] Frame 581 (t = 2.90500):	 total squared error = 0.0822767, marker error: RMS = 0.0432426, max = 0.146529 (LBHD)
[2025-09-16 15:52:54.703] [info] Frame 582 (t = 2.91):	 total squared error = 0.0824179, marker error: RMS = 0.0432797, max = 0.146836 (LBHD)
[2025-09-16 15:52:54.736] [info] Frame 583 (t = 2.915):	 total squared error = 0.0825695, marker error: RMS = 0.0433195, max = 0.147281 (LBHD)
[2025-09-16 15:52:54.795] [info] Frame 584 (t = 2.92):	 total squared error = 0.0826123, marker error: RMS = 0.0433307, max = 0.147455 (LBHD)
[2025-09-16 15:52:54.825] [info] Frame 585 (t = 2.925):	 total squared error = 0.0824682, marker error: RMS = 0.0432929, max = 0.147253 (LBHD)
[2025-09-16 15:52:54.862] [info] Frame 586 (t = 2.93):	 total squared error = 0.0825282, marker error: RMS = 0.0433087, max = 0.147609 (LBHD)
[2025-09-16 15:52:54.915] [info] Frame 587 (t = 2.935):	 total squared error = 0.0829686, marker error: RMS = 0.0434241, max = 0.148095 (LBHD)
[2025-09-16 15:52:54.945] [info] Frame 588 (t = 2.94):	 total squared error = 0.0828038, marker error: RMS = 0.0433809, max = 0.148159 (LBHD)
[2025-09-16 15:52:55.000] [info] Frame 589 (t = 2.945):	 total squared error = 0.0830176, marker error: RMS = 0.0434369, max = 0.148417 (LBHD)
[2025-09-16 15:52:55.050] [info] Frame 590 (t = 2.95):	 total squared error = 0.0829437, marker error: RMS = 0.0434176, max = 0.14837 (LBHD)
[2025-09-16 15:52:55.095] [info] Frame 591 (t = 2.955):	 total squared error = 0.0829784, marker error: RMS = 0.0434266, max = 0.148412 (LBHD)
[2025-09-16 15:52:55.126] [info] Frame 592 (t = 2.96):	 total squared error = 0.0832558, marker error: RMS = 0.0434992, max = 0.149127 (LBHD)
[2025-09-16 15:52:55.156] [info] Frame 593 (t = 2.965):	 total squared error = 0.0832598, marker error: RMS = 0.0435002, max = 0.148878 (LBHD)
[2025-09-16 15:52:55.205] [info] Frame 594 (t = 2.97):	 total squared error = 0.0834152, marker error: RMS = 0.0435408, max = 0.149116 (LBHD)
[2025-09-16 15:52:55.248] [info] Frame 595 (t = 2.975):	 total squared error = 0.0836197, marker error: RMS = 0.0435941, max = 0.149453 (LBHD)
[2025-09-16 15:52:55.309] [info] Frame 596 (t = 2.98):	 total squared error = 0.0835767, marker error: RMS = 0.0435829, max = 0.149418 (LBHD)
[2025-09-16 15:52:55.344] [info] Frame 597 (t = 2.985):	 total squared error = 0.0837296, marker error: RMS = 0.0436228, max = 0.14971 (LBHD)
[2025-09-16 15:52:55.404] [info] Frame 598 (t = 2.99):	 total squared error = 0.0838187, marker error: RMS = 0.043646, max = 0.149954 (LBHD)
[2025-09-16 15:52:55.444] [info] Frame 599 (t = 2.995):	 total squared error = 0.0839102, marker error: RMS = 0.0436698, max = 0.149808 (LBHD)
[2025-09-16 15:52:55.510] [info] Frame 600 (t = 3.0):	 total squared error = 0.0841817, marker error: RMS = 0.0437404, max = 0.150203 (LBHD)
[2025-09-16 15:52:55.543] [info] Frame 601 (t = 3.00500):	 total squared error = 0.084217, marker error: RMS = 0.0437495, max = 0.150052 (LBHD)
[2025-09-16 15:52:55.645] [info] Frame 602 (t = 3.01):	 total squared error = 0.084427, marker error: RMS = 0.0438041, max = 0.150537 (LBHD)
[2025-09-16 15:52:55.715] [info] Frame 603 (t = 3.015):	 total squared error = 0.084526, marker error: RMS = 0.0438297, max = 0.150620 (LBHD)
[2025-09-16 15:52:55.767] [info] Frame 604 (t = 3.02):	 total squared error = 0.0846638, marker error: RMS = 0.0438654, max = 0.150905 (LBHD)
[2025-09-16 15:52:55.820] [info] Frame 605 (t = 3.025):	 total squared error = 0.0849365, marker error: RMS = 0.043936, max = 0.151167 (LBHD)
[2025-09-16 15:52:55.873] [info] Frame 606 (t = 3.03):	 total squared error = 0.084872, marker error: RMS = 0.0439194, max = 0.151097 (LBHD)
[2025-09-16 15:52:55.930] [info] Frame 607 (t = 3.035):	 total squared error = 0.084974, marker error: RMS = 0.0439457, max = 0.151131 (LBHD)
[2025-09-16 15:52:55.969] [info] Frame 608 (t = 3.04):	 total squared error = 0.0852666, marker error: RMS = 0.0440213, max = 0.151809 (LBHD)
[2025-09-16 15:52:56.028] [info] Frame 609 (t = 3.045):	 total squared error = 0.0852989, marker error: RMS = 0.0440297, max = 0.151579 (LBHD)
[2025-09-16 15:52:56.067] [info] Frame 610 (t = 3.05):	 total squared error = 0.0855991, marker error: RMS = 0.0441071, max = 0.15198 (LBHD)
[2025-09-16 15:52:56.127] [info] Frame 611 (t = 3.055):	 total squared error = 0.0856234, marker error: RMS = 0.0441133, max = 0.151865 (LBHD)
[2025-09-16 15:52:56.168] [info] Frame 612 (t = 3.06):	 total squared error = 0.0856271, marker error: RMS = 0.0441143, max = 0.152078 (LBHD)
[2025-09-16 15:52:56.224] [info] Frame 613 (t = 3.065):	 total squared error = 0.0858304, marker error: RMS = 0.0441666, max = 0.152212 (LBHD)
[2025-09-16 15:52:56.271] [info] Frame 614 (t = 3.07):	 total squared error = 0.0862735, marker error: RMS = 0.0442805, max = 0.152689 (LBHD)
[2025-09-16 15:52:56.321] [info] Frame 615 (t = 3.075):	 total squared error = 0.0861888, marker error: RMS = 0.0442588, max = 0.152552 (LBHD)
[2025-09-16 15:52:56.377] [info] Frame 616 (t = 3.08):	 total squared error = 0.0863382, marker error: RMS = 0.0442971, max = 0.152516 (LBHD)
[2025-09-16 15:52:56.433] [info] Frame 617 (t = 3.085):	 total squared error = 0.0865262, marker error: RMS = 0.0443453, max = 0.152712 (LBHD)
[2025-09-16 15:52:56.499] [info] Frame 618 (t = 3.09):	 total squared error = 0.086828, marker error: RMS = 0.0444226, max = 0.153571 (LBHD)
[2025-09-16 15:52:56.537] [info] Frame 619 (t = 3.095):	 total squared error = 0.0868993, marker error: RMS = 0.0444408, max = 0.153263 (LBHD)
[2025-09-16 15:52:56.569] [info] Frame 620 (t = 3.1):	 total squared error = 0.0870167, marker error: RMS = 0.0444708, max = 0.153512 (LBHD)
[2025-09-16 15:52:56.624] [info] Frame 621 (t = 3.10500):	 total squared error = 0.0868088, marker error: RMS = 0.0444177, max = 0.153051 (LBHD)
[2025-09-16 15:52:56.663] [info] Frame 622 (t = 3.11):	 total squared error = 0.0872245, marker error: RMS = 0.0445239, max = 0.153666 (LBHD)
[2025-09-16 15:52:56.726] [info] Frame 623 (t = 3.115):	 total squared error = 0.0874163, marker error: RMS = 0.0445728, max = 0.15376 (LBHD)
[2025-09-16 15:52:56.770] [info] Frame 624 (t = 3.12):	 total squared error = 0.0871242, marker error: RMS = 0.0444983, max = 0.153886 (LBHD)
[2025-09-16 15:52:56.830] [info] Frame 625 (t = 3.125):	 total squared error = 0.0877845, marker error: RMS = 0.0446666, max = 0.154387 (LBHD)
[2025-09-16 15:52:56.869] [info] Frame 626 (t = 3.13):	 total squared error = 0.0880581, marker error: RMS = 0.0447361, max = 0.154614 (LBHD)
[2025-09-16 15:52:56.941] [info] Frame 627 (t = 3.135):	 total squared error = 0.0882099, marker error: RMS = 0.0447747, max = 0.154689 (LBHD)
[2025-09-16 15:52:57.061] [info] Frame 628 (t = 3.14):	 total squared error = 0.0881475, marker error: RMS = 0.0447588, max = 0.154428 (LBHD)
[2025-09-16 15:52:57.132] [info] Frame 629 (t = 3.145):	 total squared error = 0.0885796, marker error: RMS = 0.0448684, max = 0.154929 (LBHD)
[2025-09-16 15:52:57.170] [info] Frame 630 (t = 3.15):	 total squared error = 0.0887822, marker error: RMS = 0.0449197, max = 0.155488 (LBHD)
[2025-09-16 15:52:57.232] [info] Frame 631 (t = 3.155):	 total squared error = 0.0892117, marker error: RMS = 0.0450282, max = 0.155766 (LBHD)
[2025-09-16 15:52:57.298] [info] Frame 632 (t = 3.16):	 total squared error = 0.0890446, marker error: RMS = 0.044986, max = 0.155556 (LBHD)
[2025-09-16 15:52:57.331] [info] Frame 633 (t = 3.165):	 total squared error = 0.088997, marker error: RMS = 0.044974, max = 0.155301 (LBHD)
[2025-09-16 15:52:57.384] [info] Frame 634 (t = 3.17):	 total squared error = 0.0894040, marker error: RMS = 0.0450767, max = 0.155569 (LBHD)
[2025-09-16 15:52:57.448] [info] Frame 635 (t = 3.175):	 total squared error = 0.0893823, marker error: RMS = 0.0450712, max = 0.15566 (LBHD)
[2025-09-16 15:52:57.502] [info] Frame 636 (t = 3.18):	 total squared error = 0.0897113, marker error: RMS = 0.0451541, max = 0.156325 (LBHD)
[2025-09-16 15:52:57.538] [info] Frame 637 (t = 3.185):	 total squared error = 0.0901140, marker error: RMS = 0.0452553, max = 0.156783 (LBHD)
[2025-09-16 15:52:57.568] [info] Frame 638 (t = 3.19):	 total squared error = 0.0904890, marker error: RMS = 0.0453494, max = 0.15693 (LBHD)
[2025-09-16 15:52:57.623] [info] Frame 639 (t = 3.195):	 total squared error = 0.0903005, marker error: RMS = 0.0453021, max = 0.156984 (LBHD)
[2025-09-16 15:52:57.655] [info] Frame 640 (t = 3.2):	 total squared error = 0.0908299, marker error: RMS = 0.0454348, max = 0.157049 (LBHD)
[2025-09-16 15:52:57.714] [info] Frame 641 (t = 3.20500):	 total squared error = 0.0908057, marker error: RMS = 0.0454287, max = 0.156908 (LBHD)
[2025-09-16 15:52:57.754] [info] Frame 642 (t = 3.21):	 total squared error = 0.0909154, marker error: RMS = 0.0454561, max = 0.157484 (LBHD)
[2025-09-16 15:52:57.827] [info] Frame 643 (t = 3.215):	 total squared error = 0.0915337, marker error: RMS = 0.0456104, max = 0.157818 (LBHD)
[2025-09-16 15:52:57.871] [info] Frame 644 (t = 3.22):	 total squared error = 0.0916644, marker error: RMS = 0.045643, max = 0.158187 (LBHD)
[2025-09-16 15:52:57.952] [info] Frame 645 (t = 3.225):	 total squared error = 0.091487, marker error: RMS = 0.0455988, max = 0.157794 (LBHD)
[2025-09-16 15:52:58.018] [info] Frame 646 (t = 3.23):	 total squared error = 0.0918474, marker error: RMS = 0.0456885, max = 0.158084 (LBHD)
[2025-09-16 15:52:58.049] [info] Frame 647 (t = 3.235):	 total squared error = 0.0920142, marker error: RMS = 0.04573, max = 0.158055 (LBHD)
[2025-09-16 15:52:58.114] [info] Frame 648 (t = 3.24):	 total squared error = 0.0921402, marker error: RMS = 0.0457613, max = 0.158060 (LBHD)
[2025-09-16 15:52:58.150] [info] Frame 649 (t = 3.245):	 total squared error = 0.092326, marker error: RMS = 0.0458074, max = 0.158695 (LBHD)
[2025-09-16 15:52:58.196] [info] Frame 650 (t = 3.25):	 total squared error = 0.0922921, marker error: RMS = 0.045799, max = 0.158327 (LBHD)
[2025-09-16 15:52:58.246] [info] Frame 651 (t = 3.255):	 total squared error = 0.0929795, marker error: RMS = 0.0459692, max = 0.159254 (LBHD)
[2025-09-16 15:52:58.330] [info] Frame 652 (t = 3.26):	 total squared error = 0.0926735, marker error: RMS = 0.0458935, max = 0.158867 (LBHD)
[2025-09-16 15:52:58.375] [info] Frame 653 (t = 3.265):	 total squared error = 0.0933375, marker error: RMS = 0.0460577, max = 0.159416 (LBHD)
[2025-09-16 15:52:58.538] [info] Frame 654 (t = 3.27):	 total squared error = 0.0934633, marker error: RMS = 0.0460887, max = 0.159435 (LBHD)
[2025-09-16 15:52:58.593] [info] Frame 655 (t = 3.275):	 total squared error = 0.0933575, marker error: RMS = 0.0460626, max = 0.159301 (LBHD)
[2025-09-16 15:52:58.667] [info] Frame 656 (t = 3.28):	 total squared error = 0.0936031, marker error: RMS = 0.0461231, max = 0.159564 (LBHD)
[2025-09-16 15:52:58.742] [info] Frame 657 (t = 3.285):	 total squared error = 0.0941085, marker error: RMS = 0.0462475, max = 0.160382 (LBHD)
[2025-09-16 15:52:58.831] [info] Frame 658 (t = 3.29):	 total squared error = 0.0944341, marker error: RMS = 0.0463274, max = 0.160243 (LBHD)
[2025-09-16 15:52:58.898] [info] Frame 659 (t = 3.295):	 total squared error = 0.0942976, marker error: RMS = 0.0462939, max = 0.160341 (LBHD)
[2025-09-16 15:52:59.002] [info] Frame 660 (t = 3.3):	 total squared error = 0.0942047, marker error: RMS = 0.0462711, max = 0.160162 (LBHD)
[2025-09-16 15:52:59.104] [info] Frame 661 (t = 3.30500):	 total squared error = 0.0944789, marker error: RMS = 0.0463384, max = 0.160304 (LBHD)
[2025-09-16 15:52:59.178] [info] Frame 662 (t = 3.31):	 total squared error = 0.0949936, marker error: RMS = 0.0464645, max = 0.16115 (LBHD)
[2025-09-16 15:52:59.257] [info] Frame 663 (t = 3.315):	 total squared error = 0.0844402, marker error: RMS = 0.0438075, max = 0.157703 (LBHD)
[2025-09-16 15:52:59.342] [info] Frame 664 (t = 3.32):	 total squared error = 0.0844957, marker error: RMS = 0.0438219, max = 0.157815 (LBHD)
[2025-09-16 15:52:59.440] [info] Frame 665 (t = 3.325):	 total squared error = 0.0847003, marker error: RMS = 0.0438749, max = 0.158258 (LBHD)
[2025-09-16 15:52:59.537] [info] Frame 666 (t = 3.33):	 total squared error = 0.0847634, marker error: RMS = 0.0438912, max = 0.158272 (LBHD)
[2025-09-16 15:52:59.610] [info] Frame 667 (t = 3.335):	 total squared error = 0.0848282, marker error: RMS = 0.0439080, max = 0.158092 (LBHD)
[2025-09-16 15:52:59.720] [info] Frame 668 (t = 3.34):	 total squared error = 0.0849579, marker error: RMS = 0.0439416, max = 0.158311 (LBHD)
[2025-09-16 15:52:59.800] [info] Frame 669 (t = 3.345):	 total squared error = 0.0853347, marker error: RMS = 0.0440389, max = 0.158573 (LBHD)
[2025-09-16 15:52:59.885] [info] Frame 670 (t = 3.35):	 total squared error = 0.085475, marker error: RMS = 0.0440751, max = 0.158942 (LBHD)
[2025-09-16 15:52:59.980] [info] Frame 671 (t = 3.355):	 total squared error = 0.0850475, marker error: RMS = 0.0439647, max = 0.157998 (LBHD)
[2025-09-16 15:53:00.150] [info] Frame 672 (t = 3.36):	 total squared error = 0.0855407, marker error: RMS = 0.0440920, max = 0.158715 (LBHD)
[2025-09-16 15:53:00.251] [info] Frame 673 (t = 3.365):	 total squared error = 0.0857879, marker error: RMS = 0.0441557, max = 0.158985 (LBHD)
[2025-09-16 15:53:00.335] [info] Frame 674 (t = 3.37):	 total squared error = 0.0857104, marker error: RMS = 0.0441357, max = 0.15891 (LBHD)
[2025-09-16 15:53:00.431] [info] Frame 675 (t = 3.375):	 total squared error = 0.0859568, marker error: RMS = 0.0441991, max = 0.159086 (LBHD)
[2025-09-16 15:53:00.526] [info] Frame 676 (t = 3.38):	 total squared error = 0.0860734, marker error: RMS = 0.0442291, max = 0.159098 (LBHD)
[2025-09-16 15:53:00.568] [info] Frame 677 (t = 3.385):	 total squared error = 0.08562, marker error: RMS = 0.0441124, max = 0.158627 (LBHD)
[2025-09-16 15:53:00.639] [info] Frame 678 (t = 3.39):	 total squared error = 0.0861327, marker error: RMS = 0.0442443, max = 0.159307 (LBHD)
[2025-09-16 15:53:00.720] [info] Frame 679 (t = 3.395):	 total squared error = 0.0861433, marker error: RMS = 0.044247, max = 0.159285 (LBHD)
[2025-09-16 15:53:00.774] [info] Frame 680 (t = 3.4):	 total squared error = 0.0863965, marker error: RMS = 0.044312, max = 0.15943 (LBHD)
[2025-09-16 15:53:00.849] [info] Frame 681 (t = 3.40500):	 total squared error = 0.0864397, marker error: RMS = 0.0443231, max = 0.159371 (LBHD)
[2025-09-16 15:53:00.931] [info] Frame 682 (t = 3.41):	 total squared error = 0.0865875, marker error: RMS = 0.044361, max = 0.159412 (LBHD)
[2025-09-16 15:53:01.008] [info] Frame 683 (t = 3.415):	 total squared error = 0.0865998, marker error: RMS = 0.0443641, max = 0.159543 (LBHD)
[2025-09-16 15:53:01.072] [info] Frame 684 (t = 3.42):	 total squared error = 0.0865447, marker error: RMS = 0.04435, max = 0.159435 (LBHD)
[2025-09-16 15:53:01.144] [info] Frame 685 (t = 3.425):	 total squared error = 0.0866692, marker error: RMS = 0.0443819, max = 0.15941 (LBHD)
[2025-09-16 15:53:01.211] [info] Frame 686 (t = 3.43):	 total squared error = 0.0865585, marker error: RMS = 0.0443536, max = 0.1593 (LBHD)
[2025-09-16 15:53:01.263] [info] Frame 687 (t = 3.435):	 total squared error = 0.0870628, marker error: RMS = 0.0444826, max = 0.159998 (LBHD)
[2025-09-16 15:53:01.352] [info] Frame 688 (t = 3.44):	 total squared error = 0.0870241, marker error: RMS = 0.0444727, max = 0.159831 (LBHD)
[2025-09-16 15:53:01.429] [info] Frame 689 (t = 3.445):	 total squared error = 0.087343, marker error: RMS = 0.0445541, max = 0.159957 (LBHD)
[2025-09-16 15:53:01.474] [info] Frame 690 (t = 3.45):	 total squared error = 0.0875144, marker error: RMS = 0.0445978, max = 0.160118 (LBHD)
[2025-09-16 15:53:01.551] [info] Frame 691 (t = 3.455):	 total squared error = 0.0874064, marker error: RMS = 0.0445703, max = 0.160052 (LBHD)
[2025-09-16 15:53:01.700] [info] Frame 692 (t = 3.46):	 total squared error = 0.0875214, marker error: RMS = 0.0445996, max = 0.160043 (LBHD)
[2025-09-16 15:53:01.750] [info] Frame 693 (t = 3.465):	 total squared error = 0.0874095, marker error: RMS = 0.0445711, max = 0.159925 (LBHD)
[2025-09-16 15:53:01.824] [info] Frame 694 (t = 3.47):	 total squared error = 0.0880567, marker error: RMS = 0.0447358, max = 0.160757 (LBHD)
[2025-09-16 15:53:01.867] [info] Frame 695 (t = 3.475):	 total squared error = 0.0879495, marker error: RMS = 0.0447085, max = 0.160332 (LBHD)
[2025-09-16 15:53:01.937] [info] Frame 696 (t = 3.48):	 total squared error = 0.0881585, marker error: RMS = 0.0447616, max = 0.160798 (LBHD)
[2025-09-16 15:53:02.016] [info] Frame 697 (t = 3.485):	 total squared error = 0.0882673, marker error: RMS = 0.0447892, max = 0.160983 (LBHD)
[2025-09-16 15:53:02.059] [info] Frame 698 (t = 3.49):	 total squared error = 0.0883263, marker error: RMS = 0.0448042, max = 0.161388 (LBHD)
[2025-09-16 15:53:02.134] [info] Frame 699 (t = 3.495):	 total squared error = 0.0881346, marker error: RMS = 0.0447556, max = 0.160927 (LBHD)
[2025-09-16 15:53:02.216] [info] Frame 700 (t = 3.5):	 total squared error = 0.0885805, marker error: RMS = 0.0448686, max = 0.161302 (LBHD)
[2025-09-16 15:53:02.263] [info] Frame 701 (t = 3.50500):	 total squared error = 0.0885386, marker error: RMS = 0.044858, max = 0.161201 (LBHD)
[2025-09-16 15:53:02.332] [info] Frame 702 (t = 3.51):	 total squared error = 0.0887577, marker error: RMS = 0.0449135, max = 0.161175 (LBHD)
[2025-09-16 15:53:02.375] [info] Frame 703 (t = 3.515):	 total squared error = 0.0888017, marker error: RMS = 0.0449246, max = 0.161224 (LBHD)
[2025-09-16 15:53:02.445] [info] Frame 704 (t = 3.52):	 total squared error = 0.0886825, marker error: RMS = 0.0448944, max = 0.161045 (LBHD)
[2025-09-16 15:53:02.494] [info] Frame 705 (t = 3.525):	 total squared error = 0.0887313, marker error: RMS = 0.0449068, max = 0.160512 (LBHD)
[2025-09-16 15:53:02.558] [info] Frame 706 (t = 3.53):	 total squared error = 0.0890560, marker error: RMS = 0.0449889, max = 0.161505 (LBHD)
[2025-09-16 15:53:02.625] [info] Frame 707 (t = 3.535):	 total squared error = 0.0892374, marker error: RMS = 0.0450347, max = 0.161486 (LBHD)
[2025-09-16 15:53:02.676] [info] Frame 708 (t = 3.54):	 total squared error = 0.0895268, marker error: RMS = 0.0451077, max = 0.161869 (LBHD)
[2025-09-16 15:53:02.737] [info] Frame 709 (t = 3.545):	 total squared error = 0.0894793, marker error: RMS = 0.0450957, max = 0.161669 (LBHD)
[2025-09-16 15:53:02.770] [info] Frame 710 (t = 3.55):	 total squared error = 0.0894227, marker error: RMS = 0.0450814, max = 0.161748 (LBHD)
[2025-09-16 15:53:02.819] [info] Frame 711 (t = 3.555):	 total squared error = 0.0897531, marker error: RMS = 0.0451646, max = 0.161912 (LBHD)
[2025-09-16 15:53:02.859] [info] Frame 712 (t = 3.56):	 total squared error = 0.0901224, marker error: RMS = 0.0452574, max = 0.162401 (LBHD)
[2025-09-16 15:53:02.916] [info] Frame 713 (t = 3.565):	 total squared error = 0.0903303, marker error: RMS = 0.0453096, max = 0.162542 (LBHD)
[2025-09-16 15:53:02.952] [info] Frame 714 (t = 3.57):	 total squared error = 0.0906179, marker error: RMS = 0.0453817, max = 0.162784 (LBHD)
[2025-09-16 15:53:03.025] [info] Frame 715 (t = 3.575):	 total squared error = 0.0906179, marker error: RMS = 0.0453817, max = 0.16274 (LBHD)
[2025-09-16 15:53:03.066] [info] Frame 716 (t = 3.58):	 total squared error = 0.0787856, marker error: RMS = 0.0423153, max = 0.154971 (LBHD)
[2025-09-16 15:53:03.138] [info] Frame 717 (t = 3.585):	 total squared error = 0.0787627, marker error: RMS = 0.0423091, max = 0.154703 (LBHD)
[2025-09-16 15:53:03.255] [info] Frame 718 (t = 3.59):	 total squared error = 0.0790073, marker error: RMS = 0.0423748, max = 0.155055 (LBHD)
[2025-09-16 15:53:03.344] [info] Frame 719 (t = 3.595):	 total squared error = 0.0792144, marker error: RMS = 0.0424303, max = 0.155244 (LBHD)
[2025-09-16 15:53:03.397] [info] Frame 720 (t = 3.6):	 total squared error = 0.0772073, marker error: RMS = 0.0418893, max = 0.155813 (LBHD)
[2025-09-16 15:53:03.447] [info] Frame 721 (t = 3.60500):	 total squared error = 0.0772458, marker error: RMS = 0.0418997, max = 0.155909 (LBHD)
[2025-09-16 15:53:03.509] [info] Frame 722 (t = 3.61):	 total squared error = 0.0774506, marker error: RMS = 0.0419552, max = 0.156149 (LBHD)
[2025-09-16 15:53:03.551] [info] Frame 723 (t = 3.615):	 total squared error = 0.0776734, marker error: RMS = 0.0420155, max = 0.156457 (LBHD)
[2025-09-16 15:53:03.636] [info] Frame 724 (t = 3.62):	 total squared error = 0.0776877, marker error: RMS = 0.0420194, max = 0.156513 (LBHD)
[2025-09-16 15:53:03.697] [info] Frame 725 (t = 3.625):	 total squared error = 0.0779167, marker error: RMS = 0.0420813, max = 0.156636 (LBHD)
[2025-09-16 15:53:03.742] [info] Frame 726 (t = 3.63):	 total squared error = 0.0779904, marker error: RMS = 0.0421012, max = 0.156603 (LBHD)
[2025-09-16 15:53:03.791] [info] Frame 727 (t = 3.635):	 total squared error = 0.0781792, marker error: RMS = 0.0421521, max = 0.157009 (LBHD)
[2025-09-16 15:53:03.849] [info] Frame 728 (t = 3.64):	 total squared error = 0.0782615, marker error: RMS = 0.0421743, max = 0.156926 (LBHD)
[2025-09-16 15:53:03.894] [info] Frame 729 (t = 3.645):	 total squared error = 0.0785972, marker error: RMS = 0.0422646, max = 0.157012 (LBHD)
[2025-09-16 15:53:03.939] [info] Frame 730 (t = 3.65):	 total squared error = 0.0787375, marker error: RMS = 0.0423023, max = 0.157602 (LBHD)
[2025-09-16 15:53:04.011] [info] Frame 731 (t = 3.655):	 total squared error = 0.0785985, marker error: RMS = 0.042265, max = 0.15722 (LBHD)
[2025-09-16 15:53:04.049] [info] Frame 732 (t = 3.66):	 total squared error = 0.0786182, marker error: RMS = 0.0422703, max = 0.157423 (LBHD)
[2025-09-16 15:53:04.105] [info] Frame 733 (t = 3.665):	 total squared error = 0.0787827, marker error: RMS = 0.0423145, max = 0.157573 (LBHD)
[2025-09-16 15:53:04.154] [info] Frame 734 (t = 3.67):	 total squared error = 0.0785009, marker error: RMS = 0.0422387, max = 0.157105 (LBHD)
[2025-09-16 15:53:04.208] [info] Frame 735 (t = 3.675):	 total squared error = 0.0787542, marker error: RMS = 0.0423068, max = 0.157305 (LBHD)
[2025-09-16 15:53:04.249] [info] Frame 736 (t = 3.68):	 total squared error = 0.0789060, marker error: RMS = 0.0423476, max = 0.157483 (LBHD)
[2025-09-16 15:53:04.319] [info] Frame 737 (t = 3.685):	 total squared error = 0.078987, marker error: RMS = 0.0423693, max = 0.157793 (LBHD)
[2025-09-16 15:53:04.355] [info] Frame 738 (t = 3.69):	 total squared error = 0.0789654, marker error: RMS = 0.0423635, max = 0.157477 (LBHD)
[2025-09-16 15:53:04.410] [info] Frame 739 (t = 3.695):	 total squared error = 0.0791026, marker error: RMS = 0.0424003, max = 0.157642 (LBHD)
[2025-09-16 15:53:04.458] [info] Frame 740 (t = 3.7):	 total squared error = 0.0791595, marker error: RMS = 0.0424156, max = 0.157772 (LBHD)
[2025-09-16 15:53:04.530] [info] Frame 741 (t = 3.70500):	 total squared error = 0.0792909, marker error: RMS = 0.0424508, max = 0.157847 (LBHD)
[2025-09-16 15:53:04.573] [info] Frame 742 (t = 3.71):	 total squared error = 0.0791607, marker error: RMS = 0.0424159, max = 0.157515 (LBHD)
[2025-09-16 15:53:04.643] [info] Frame 743 (t = 3.715):	 total squared error = 0.079314, marker error: RMS = 0.0424569, max = 0.157462 (LBHD)
[2025-09-16 15:53:04.704] [info] Frame 744 (t = 3.72):	 total squared error = 0.079289, marker error: RMS = 0.0424502, max = 0.157407 (LBHD)
[2025-09-16 15:53:04.756] [info] Frame 745 (t = 3.725):	 total squared error = 0.0795326, marker error: RMS = 0.0425154, max = 0.157757 (LBHD)
[2025-09-16 15:53:04.869] [info] Frame 746 (t = 3.73):	 total squared error = 0.0794368, marker error: RMS = 0.0424898, max = 0.157275 (LBHD)
[2025-09-16 15:53:04.949] [info] Frame 747 (t = 3.735):	 total squared error = 0.0795352, marker error: RMS = 0.0425161, max = 0.157442 (LBHD)
[2025-09-16 15:53:05.017] [info] Frame 748 (t = 3.74):	 total squared error = 0.0795364, marker error: RMS = 0.0425164, max = 0.157437 (LBHD)
[2025-09-16 15:53:05.071] [info] Frame 749 (t = 3.745):	 total squared error = 0.0796554, marker error: RMS = 0.0425482, max = 0.157421 (LBHD)
[2025-09-16 15:53:05.136] [info] Frame 750 (t = 3.75):	 total squared error = 0.079527, marker error: RMS = 0.0425139, max = 0.157091 (LBHD)
[2025-09-16 15:53:05.207] [info] Frame 751 (t = 3.755):	 total squared error = 0.0796194, marker error: RMS = 0.0425386, max = 0.157366 (LBHD)
[2025-09-16 15:53:05.251] [info] Frame 752 (t = 3.76):	 total squared error = 0.0795593, marker error: RMS = 0.0425225, max = 0.157159 (LBHD)
[2025-09-16 15:53:05.321] [info] Frame 753 (t = 3.765):	 total squared error = 0.0796316, marker error: RMS = 0.0425419, max = 0.157109 (LBHD)
[2025-09-16 15:53:05.363] [info] Frame 754 (t = 3.77):	 total squared error = 0.0796159, marker error: RMS = 0.0425377, max = 0.156913 (LBHD)
[2025-09-16 15:53:05.422] [info] Frame 755 (t = 3.775):	 total squared error = 0.0797485, marker error: RMS = 0.0425731, max = 0.157014 (LBHD)
[2025-09-16 15:53:05.473] [info] Frame 756 (t = 3.78):	 total squared error = 0.0798703, marker error: RMS = 0.0426056, max = 0.157052 (LBHD)
[2025-09-16 15:53:05.538] [info] Frame 757 (t = 3.785):	 total squared error = 0.0798671, marker error: RMS = 0.0426047, max = 0.157161 (LBHD)
[2025-09-16 15:53:05.606] [info] Frame 758 (t = 3.79):	 total squared error = 0.0800065, marker error: RMS = 0.0426419, max = 0.157033 (LBHD)
[2025-09-16 15:53:05.654] [info] Frame 759 (t = 3.795):	 total squared error = 0.0800069, marker error: RMS = 0.042642, max = 0.157039 (LBHD)
[2025-09-16 15:53:05.728] [info] Frame 760 (t = 3.8):	 total squared error = 0.0800491, marker error: RMS = 0.0426532, max = 0.156969 (LBHD)
[2025-09-16 15:53:05.757] [info] Frame 761 (t = 3.80500):	 total squared error = 0.0800171, marker error: RMS = 0.0426447, max = 0.156665 (LBHD)
[2025-09-16 15:53:05.814] [info] Frame 762 (t = 3.81):	 total squared error = 0.0802524, marker error: RMS = 0.0427074, max = 0.157165 (LBHD)
[2025-09-16 15:53:05.866] [info] Frame 763 (t = 3.815):	 total squared error = 0.0804297, marker error: RMS = 0.0427545, max = 0.157396 (LBHD)
[2025-09-16 15:53:05.939] [info] Frame 764 (t = 3.82):	 total squared error = 0.0804051, marker error: RMS = 0.042748, max = 0.157309 (LBHD)
[2025-09-16 15:53:06.014] [info] Frame 765 (t = 3.825):	 total squared error = 0.0803775, marker error: RMS = 0.0427406, max = 0.156897 (LBHD)
[2025-09-16 15:53:06.049] [info] Frame 766 (t = 3.83):	 total squared error = 0.0804835, marker error: RMS = 0.0427688, max = 0.157028 (LBHD)
[2025-09-16 15:53:06.108] [info] Frame 767 (t = 3.835):	 total squared error = 0.0804920, marker error: RMS = 0.0427711, max = 0.156902 (LBHD)
[2025-09-16 15:53:06.163] [info] Frame 768 (t = 3.84):	 total squared error = 0.0805553, marker error: RMS = 0.0427879, max = 0.156897 (LBHD)
[2025-09-16 15:53:06.230] [info] Frame 769 (t = 3.845):	 total squared error = 0.0806075, marker error: RMS = 0.0428017, max = 0.156931 (LBHD)
[2025-09-16 15:53:06.372] [info] Frame 770 (t = 3.85):	 total squared error = 0.0806920, marker error: RMS = 0.0428242, max = 0.156974 (LBHD)
[2025-09-16 15:53:06.431] [info] Frame 771 (t = 3.855):	 total squared error = 0.0807426, marker error: RMS = 0.0428376, max = 0.157092 (LBHD)
[2025-09-16 15:53:06.492] [info] Frame 772 (t = 3.86):	 total squared error = 0.0807924, marker error: RMS = 0.0428508, max = 0.157179 (LBHD)
[2025-09-16 15:53:06.534] [info] Frame 773 (t = 3.865):	 total squared error = 0.0807218, marker error: RMS = 0.0428321, max = 0.157288 (LBHD)
[2025-09-16 15:53:06.591] [info] Frame 774 (t = 3.87):	 total squared error = 0.0808755, marker error: RMS = 0.0428728, max = 0.157398 (LBHD)
[2025-09-16 15:53:06.665] [info] Frame 775 (t = 3.875):	 total squared error = 0.0809718, marker error: RMS = 0.0428983, max = 0.157482 (LBHD)
[2025-09-16 15:53:06.745] [info] Frame 776 (t = 3.88):	 total squared error = 0.0807257, marker error: RMS = 0.0428331, max = 0.156941 (LBHD)
[2025-09-16 15:53:06.821] [info] Frame 777 (t = 3.885):	 total squared error = 0.0808537, marker error: RMS = 0.042867, max = 0.156996 (LBHD)
[2025-09-16 15:53:06.860] [info] Frame 778 (t = 3.89):	 total squared error = 0.0809043, marker error: RMS = 0.0428805, max = 0.157113 (LBHD)
[2025-09-16 15:53:06.927] [info] Frame 779 (t = 3.895):	 total squared error = 0.0809794, marker error: RMS = 0.0429004, max = 0.157191 (LBHD)
[2025-09-16 15:53:06.968] [info] Frame 780 (t = 3.9):	 total squared error = 0.0809338, marker error: RMS = 0.0428883, max = 0.157086 (LBHD)
[2025-09-16 15:53:07.022] [info] Frame 781 (t = 3.90500):	 total squared error = 0.0810054, marker error: RMS = 0.0429073, max = 0.156989 (LBHD)
[2025-09-16 15:53:07.071] [info] Frame 782 (t = 3.91):	 total squared error = 0.0811234, marker error: RMS = 0.0429385, max = 0.157029 (LBHD)
[2025-09-16 15:53:07.141] [info] Frame 783 (t = 3.915):	 total squared error = 0.0811562, marker error: RMS = 0.0429472, max = 0.156863 (LBHD)
[2025-09-16 15:53:07.208] [info] Frame 784 (t = 3.92):	 total squared error = 0.0812136, marker error: RMS = 0.0429624, max = 0.157227 (LBHD)
[2025-09-16 15:53:07.247] [info] Frame 785 (t = 3.925):	 total squared error = 0.0813705, marker error: RMS = 0.0430038, max = 0.157391 (LBHD)
[2025-09-16 15:53:07.328] [info] Frame 786 (t = 3.93):	 total squared error = 0.081421, marker error: RMS = 0.0430172, max = 0.157207 (LBHD)
[2025-09-16 15:53:07.376] [info] Frame 787 (t = 3.935):	 total squared error = 0.0811903, marker error: RMS = 0.0429562, max = 0.156699 (LBHD)
[2025-09-16 15:53:07.436] [info] Frame 788 (t = 3.94):	 total squared error = 0.0813377, marker error: RMS = 0.0429952, max = 0.156702 (LBHD)
[2025-09-16 15:53:07.495] [info] Frame 789 (t = 3.945):	 total squared error = 0.0813884, marker error: RMS = 0.0430086, max = 0.15698 (LBHD)
[2025-09-16 15:53:07.541] [info] Frame 790 (t = 3.95):	 total squared error = 0.0815017, marker error: RMS = 0.0430385, max = 0.157033 (LBHD)
[2025-09-16 15:53:07.605] [info] Frame 791 (t = 3.955):	 total squared error = 0.0814789, marker error: RMS = 0.0430325, max = 0.156909 (LBHD)
[2025-09-16 15:53:07.645] [info] Frame 792 (t = 3.96):	 total squared error = 0.0814763, marker error: RMS = 0.0430318, max = 0.156815 (LBHD)
[2025-09-16 15:53:07.709] [info] Frame 793 (t = 3.965):	 total squared error = 0.0815078, marker error: RMS = 0.0430401, max = 0.156809 (LBHD)
[2025-09-16 15:53:07.767] [info] Frame 794 (t = 3.97):	 total squared error = 0.0816993, marker error: RMS = 0.0430906, max = 0.156725 (LBHD)
[2025-09-16 15:53:07.832] [info] Frame 795 (t = 3.975):	 total squared error = 0.0815797, marker error: RMS = 0.0430591, max = 0.156724 (LBHD)
[2025-09-16 15:53:07.885] [info] Frame 796 (t = 3.98):	 total squared error = 0.0818341, marker error: RMS = 0.0431262, max = 0.157017 (LBHD)
[2025-09-16 15:53:08.018] [info] Frame 797 (t = 3.985):	 total squared error = 0.0819958, marker error: RMS = 0.0431687, max = 0.157103 (LBHD)
[2025-09-16 15:53:08.060] [info] Frame 798 (t = 3.99):	 total squared error = 0.0820667, marker error: RMS = 0.0431874, max = 0.157186 (LBHD)
[2025-09-16 15:53:08.143] [info] Frame 799 (t = 3.995):	 total squared error = 0.0820234, marker error: RMS = 0.043176, max = 0.156878 (LBHD)
[2025-09-16 15:53:08.221] [info] Frame 800 (t = 4.0):	 total squared error = 0.0819838, marker error: RMS = 0.0431656, max = 0.156535 (LBHD)
[2025-09-16 15:53:08.284] [info] Frame 801 (t = 4.00500):	 total squared error = 0.0822003, marker error: RMS = 0.0432225, max = 0.156953 (LBHD)
[2025-09-16 15:53:08.346] [info] Frame 802 (t = 4.01):	 total squared error = 0.0822638, marker error: RMS = 0.0432393, max = 0.157204 (LBHD)
[2025-09-16 15:53:08.416] [info] Frame 803 (t = 4.015):	 total squared error = 0.0821947, marker error: RMS = 0.0432211, max = 0.156926 (LBHD)
[2025-09-16 15:53:08.464] [info] Frame 804 (t = 4.02):	 total squared error = 0.0822462, marker error: RMS = 0.0432346, max = 0.156885 (LBHD)
[2025-09-16 15:53:08.529] [info] Frame 805 (t = 4.025):	 total squared error = 0.0824843, marker error: RMS = 0.0432971, max = 0.157092 (LBHD)
[2025-09-16 15:53:08.567] [info] Frame 806 (t = 4.03):	 total squared error = 0.0824341, marker error: RMS = 0.043284, max = 0.157334 (LBHD)
[2025-09-16 15:53:08.646] [info] Frame 807 (t = 4.035):	 total squared error = 0.0825547, marker error: RMS = 0.0433156, max = 0.157286 (LBHD)
[2025-09-16 15:53:08.706] [info] Frame 808 (t = 4.04):	 total squared error = 0.0825271, marker error: RMS = 0.0433084, max = 0.15733 (LBHD)
[2025-09-16 15:53:08.754] [info] Frame 809 (t = 4.045):	 total squared error = 0.0825506, marker error: RMS = 0.0433145, max = 0.15723 (LBHD)
[2025-09-16 15:53:08.817] [info] Frame 810 (t = 4.05):	 total squared error = 0.0826788, marker error: RMS = 0.0433482, max = 0.157295 (LBHD)
[2025-09-16 15:53:08.861] [info] Frame 811 (t = 4.055):	 total squared error = 0.0825853, marker error: RMS = 0.0433237, max = 0.157302 (LBHD)
[2025-09-16 15:53:08.930] [info] Frame 812 (t = 4.06):	 total squared error = 0.0827574, marker error: RMS = 0.0433688, max = 0.157352 (LBHD)
[2025-09-16 15:53:09.000] [info] Frame 813 (t = 4.065):	 total squared error = 0.0826559, marker error: RMS = 0.0433422, max = 0.156969 (LBHD)
[2025-09-16 15:53:09.050] [info] Frame 814 (t = 4.07):	 total squared error = 0.0827981, marker error: RMS = 0.0433794, max = 0.157022 (LBHD)
[2025-09-16 15:53:09.120] [info] Frame 815 (t = 4.075):	 total squared error = 0.0829034, marker error: RMS = 0.0434070, max = 0.157376 (LBHD)
[2025-09-16 15:53:09.171] [info] Frame 816 (t = 4.08):	 total squared error = 0.082939, marker error: RMS = 0.0434163, max = 0.157458 (LBHD)
[2025-09-16 15:53:09.243] [info] Frame 817 (t = 4.085):	 total squared error = 0.0828165, marker error: RMS = 0.0433842, max = 0.156992 (LBHD)
[2025-09-16 15:53:09.307] [info] Frame 818 (t = 4.09):	 total squared error = 0.0828105, marker error: RMS = 0.0433827, max = 0.157177 (LBHD)
[2025-09-16 15:53:09.353] [info] Frame 819 (t = 4.095):	 total squared error = 0.0829467, marker error: RMS = 0.0434183, max = 0.157079 (LBHD)
[2025-09-16 15:53:09.426] [info] Frame 820 (t = 4.1):	 total squared error = 0.0830556, marker error: RMS = 0.0434468, max = 0.156923 (LBHD)
[2025-09-16 15:53:09.470] [info] Frame 821 (t = 4.10500):	 total squared error = 0.0830758, marker error: RMS = 0.0434521, max = 0.156617 (LBHD)
[2025-09-16 15:53:09.540] [info] Frame 822 (t = 4.11):	 total squared error = 0.0830920, marker error: RMS = 0.0434564, max = 0.156507 (LBHD)
[2025-09-16 15:53:09.573] [info] Frame 823 (t = 4.115):	 total squared error = 0.0831664, marker error: RMS = 0.0434758, max = 0.156473 (LBHD)
[2025-09-16 15:53:09.714] [info] Frame 824 (t = 4.12):	 total squared error = 0.0830269, marker error: RMS = 0.0434393, max = 0.156377 (LBHD)
[2025-09-16 15:53:09.761] [info] Frame 825 (t = 4.125):	 total squared error = 0.0830543, marker error: RMS = 0.0434465, max = 0.156803 (LBHD)
[2025-09-16 15:53:09.843] [info] Frame 826 (t = 4.13):	 total squared error = 0.0830052, marker error: RMS = 0.0434336, max = 0.156912 (LBHD)
[2025-09-16 15:53:09.909] [info] Frame 827 (t = 4.135):	 total squared error = 0.0833318, marker error: RMS = 0.043519, max = 0.157612 (LBHD)
[2025-09-16 15:53:09.952] [info] Frame 828 (t = 4.14):	 total squared error = 0.0832788, marker error: RMS = 0.0435052, max = 0.157332 (LBHD)
[2025-09-16 15:53:10.032] [info] Frame 829 (t = 4.145):	 total squared error = 0.0831152, marker error: RMS = 0.0434624, max = 0.156951 (LBHD)
[2025-09-16 15:53:10.100] [info] Frame 830 (t = 4.15):	 total squared error = 0.0831395, marker error: RMS = 0.0434688, max = 0.157051 (LBHD)
[2025-09-16 15:53:10.147] [info] Frame 831 (t = 4.155):	 total squared error = 0.0831957, marker error: RMS = 0.0434835, max = 0.157335 (LBHD)
[2025-09-16 15:53:10.231] [info] Frame 832 (t = 4.16):	 total squared error = 0.0831871, marker error: RMS = 0.0434812, max = 0.157295 (LBHD)
[2025-09-16 15:53:10.278] [info] Frame 833 (t = 4.165):	 total squared error = 0.0832684, marker error: RMS = 0.0435024, max = 0.157397 (LBHD)
[2025-09-16 15:53:10.356] [info] Frame 834 (t = 4.17):	 total squared error = 0.0834287, marker error: RMS = 0.0435443, max = 0.15727 (LBHD)
[2025-09-16 15:53:10.436] [info] Frame 835 (t = 4.175):	 total squared error = 0.0834127, marker error: RMS = 0.0435401, max = 0.157322 (LBHD)
[2025-09-16 15:53:10.488] [info] Frame 836 (t = 4.18):	 total squared error = 0.0835261, marker error: RMS = 0.0435697, max = 0.157413 (LBHD)
[2025-09-16 15:53:10.569] [info] Frame 837 (t = 4.185):	 total squared error = 0.0833949, marker error: RMS = 0.0435355, max = 0.157368 (LBHD)
[2025-09-16 15:53:10.644] [info] Frame 838 (t = 4.19):	 total squared error = 0.0833999, marker error: RMS = 0.0435368, max = 0.157369 (LBHD)
[2025-09-16 15:53:10.720] [info] Frame 839 (t = 4.195):	 total squared error = 0.0834547, marker error: RMS = 0.0435511, max = 0.15758 (LBHD)
[2025-09-16 15:53:10.768] [info] Frame 840 (t = 4.2):	 total squared error = 0.0835848, marker error: RMS = 0.043585, max = 0.157839 (LBHD)
[2025-09-16 15:53:10.837] [info] Frame 841 (t = 4.20500):	 total squared error = 0.0836029, marker error: RMS = 0.0435897, max = 0.157638 (LBHD)
[2025-09-16 15:53:10.885] [info] Frame 842 (t = 4.21):	 total squared error = 0.0836463, marker error: RMS = 0.0436010, max = 0.157648 (LBHD)
[2025-09-16 15:53:10.947] [info] Frame 843 (t = 4.215):	 total squared error = 0.0835972, marker error: RMS = 0.0435882, max = 0.157529 (LBHD)
[2025-09-16 15:53:11.009] [info] Frame 844 (t = 4.22):	 total squared error = 0.0836172, marker error: RMS = 0.0435935, max = 0.15742 (LBHD)
[2025-09-16 15:53:11.061] [info] Frame 845 (t = 4.225):	 total squared error = 0.0837298, marker error: RMS = 0.0436228, max = 0.157461 (LBHD)
[2025-09-16 15:53:11.122] [info] Frame 846 (t = 4.23):	 total squared error = 0.0838676, marker error: RMS = 0.0436587, max = 0.158070 (LBHD)
[2025-09-16 15:53:11.166] [info] Frame 847 (t = 4.235):	 total squared error = 0.0841111, marker error: RMS = 0.043722, max = 0.158050 (LBHD)
[2025-09-16 15:53:11.297] [info] Frame 848 (t = 4.24):	 total squared error = 0.0837522, marker error: RMS = 0.0436286, max = 0.157828 (LBHD)
[2025-09-16 15:53:11.346] [info] Frame 849 (t = 4.245):	 total squared error = 0.0839058, marker error: RMS = 0.0436686, max = 0.157775 (LBHD)
[2025-09-16 15:53:11.440] [info] Frame 850 (t = 4.25):	 total squared error = 0.0840599, marker error: RMS = 0.0437087, max = 0.157681 (LBHD)
[2025-09-16 15:53:11.517] [info] Frame 851 (t = 4.255):	 total squared error = 0.0840615, marker error: RMS = 0.0437091, max = 0.157654 (LBHD)
[2025-09-16 15:53:11.564] [info] Frame 852 (t = 4.26):	 total squared error = 0.0837391, marker error: RMS = 0.0436252, max = 0.157192 (LBHD)
[2025-09-16 15:53:11.629] [info] Frame 853 (t = 4.265):	 total squared error = 0.0839882, marker error: RMS = 0.0436901, max = 0.157652 (LBHD)
[2025-09-16 15:53:11.676] [info] Frame 854 (t = 4.27):	 total squared error = 0.0841352, marker error: RMS = 0.0437283, max = 0.157721 (LBHD)
[2025-09-16 15:53:11.741] [info] Frame 855 (t = 4.275):	 total squared error = 0.0839336, marker error: RMS = 0.0436759, max = 0.158049 (LBHD)
[2025-09-16 15:53:11.815] [info] Frame 856 (t = 4.28):	 total squared error = 0.0841322, marker error: RMS = 0.0437275, max = 0.157724 (LBHD)
[2025-09-16 15:53:11.865] [info] Frame 857 (t = 4.285):	 total squared error = 0.0840221, marker error: RMS = 0.0436989, max = 0.157574 (LBHD)
[2025-09-16 15:53:11.942] [info] Frame 858 (t = 4.29):	 total squared error = 0.08425, marker error: RMS = 0.0437581, max = 0.157778 (LBHD)
[2025-09-16 15:53:12.006] [info] Frame 859 (t = 4.295):	 total squared error = 0.0839404, marker error: RMS = 0.0436776, max = 0.157538 (LBHD)
[2025-09-16 15:53:12.054] [info] Frame 860 (t = 4.3):	 total squared error = 0.0840731, marker error: RMS = 0.0437122, max = 0.15745 (LBHD)
[2025-09-16 15:53:12.127] [info] Frame 861 (t = 4.30500):	 total squared error = 0.0841451, marker error: RMS = 0.0437309, max = 0.157348 (LBHD)
[2025-09-16 15:53:12.177] [info] Frame 862 (t = 4.31):	 total squared error = 0.0842305, marker error: RMS = 0.0437531, max = 0.157417 (LBHD)
[2025-09-16 15:53:12.250] [info] Frame 863 (t = 4.315):	 total squared error = 0.0843189, marker error: RMS = 0.043776, max = 0.157512 (LBHD)
[2025-09-16 15:53:12.312] [info] Frame 864 (t = 4.32):	 total squared error = 0.0840089, marker error: RMS = 0.0436955, max = 0.157261 (LBHD)
[2025-09-16 15:53:12.365] [info] Frame 865 (t = 4.325):	 total squared error = 0.0840573, marker error: RMS = 0.0437080, max = 0.157027 (LBHD)
[2025-09-16 15:53:12.446] [info] Frame 866 (t = 4.33):	 total squared error = 0.0843115, marker error: RMS = 0.0437741, max = 0.157597 (LBHD)
[2025-09-16 15:53:12.520] [info] Frame 867 (t = 4.335):	 total squared error = 0.0843153, marker error: RMS = 0.0437751, max = 0.157508 (LBHD)
[2025-09-16 15:53:12.564] [info] Frame 868 (t = 4.34):	 total squared error = 0.0842188, marker error: RMS = 0.04375, max = 0.157517 (LBHD)
[2025-09-16 15:53:12.632] [info] Frame 869 (t = 4.345):	 total squared error = 0.084163, marker error: RMS = 0.0437355, max = 0.157328 (LBHD)
[2025-09-16 15:53:12.680] [info] Frame 870 (t = 4.35):	 total squared error = 0.0842369, marker error: RMS = 0.0437547, max = 0.157375 (LBHD)
[2025-09-16 15:53:12.749] [info] Frame 871 (t = 4.355):	 total squared error = 0.0842668, marker error: RMS = 0.0437625, max = 0.157623 (LBHD)
[2025-09-16 15:53:12.894] [info] Frame 872 (t = 4.36):	 total squared error = 0.0843112, marker error: RMS = 0.043774, max = 0.157532 (LBHD)
[2025-09-16 15:53:12.991] [info] Frame 873 (t = 4.365):	 total squared error = 0.0842311, marker error: RMS = 0.0437532, max = 0.157309 (LBHD)
[2025-09-16 15:53:13.071] [info] Frame 874 (t = 4.37):	 total squared error = 0.0841, marker error: RMS = 0.0437191, max = 0.157086 (LBHD)
[2025-09-16 15:53:13.147] [info] Frame 875 (t = 4.375):	 total squared error = 0.0842541, marker error: RMS = 0.0437592, max = 0.157147 (LBHD)
[2025-09-16 15:53:13.222] [info] Frame 876 (t = 4.38):	 total squared error = 0.0841711, marker error: RMS = 0.0437376, max = 0.157082 (LBHD)
[2025-09-16 15:53:13.267] [info] Frame 877 (t = 4.385):	 total squared error = 0.0839722, marker error: RMS = 0.0436859, max = 0.156821 (LBHD)
[2025-09-16 15:53:13.350] [info] Frame 878 (t = 4.39):	 total squared error = 0.0841635, marker error: RMS = 0.0437356, max = 0.156891 (LBHD)
[2025-09-16 15:53:13.432] [info] Frame 879 (t = 4.395):	 total squared error = 0.0840789, marker error: RMS = 0.0437137, max = 0.156718 (LBHD)
[2025-09-16 15:53:13.481] [info] Frame 880 (t = 4.4):	 total squared error = 0.0838544, marker error: RMS = 0.0436553, max = 0.156659 (LBHD)
[2025-09-16 15:53:13.551] [info] Frame 881 (t = 4.40500):	 total squared error = 0.0840113, marker error: RMS = 0.0436961, max = 0.156901 (LBHD)
[2025-09-16 15:53:13.631] [info] Frame 882 (t = 4.41):	 total squared error = 0.0840777, marker error: RMS = 0.0437133, max = 0.156767 (LBHD)
[2025-09-16 15:53:13.679] [info] Frame 883 (t = 4.415):	 total squared error = 0.0841826, marker error: RMS = 0.0437406, max = 0.157157 (LBHD)
[2025-09-16 15:53:13.744] [info] Frame 884 (t = 4.42):	 total squared error = 0.0840369, marker error: RMS = 0.0437027, max = 0.157045 (LBHD)
[2025-09-16 15:53:13.838] [info] Frame 885 (t = 4.425):	 total squared error = 0.0841545, marker error: RMS = 0.0437333, max = 0.156935 (LBHD)
[2025-09-16 15:53:13.890] [info] Frame 886 (t = 4.43):	 total squared error = 0.0840429, marker error: RMS = 0.0437043, max = 0.156926 (LBHD)
[2025-09-16 15:53:13.974] [info] Frame 887 (t = 4.435):	 total squared error = 0.0840602, marker error: RMS = 0.0437088, max = 0.156841 (LBHD)
[2025-09-16 15:53:14.053] [info] Frame 888 (t = 4.44):	 total squared error = 0.0840517, marker error: RMS = 0.0437066, max = 0.156806 (LBHD)
[2025-09-16 15:53:14.130] [info] Frame 889 (t = 4.445):	 total squared error = 0.0841019, marker error: RMS = 0.0437196, max = 0.156938 (LBHD)
[2025-09-16 15:53:14.190] [info] Frame 890 (t = 4.45):	 total squared error = 0.0840164, marker error: RMS = 0.0436974, max = 0.156828 (LBHD)
[2025-09-16 15:53:14.263] [info] Frame 891 (t = 4.455):	 total squared error = 0.0839592, marker error: RMS = 0.0436825, max = 0.156706 (LBHD)
[2025-09-16 15:53:14.415] [info] Frame 892 (t = 4.46):	 total squared error = 0.0839337, marker error: RMS = 0.0436759, max = 0.156572 (LBHD)
[2025-09-16 15:53:14.473] [info] Frame 893 (t = 4.465):	 total squared error = 0.0839628, marker error: RMS = 0.0436835, max = 0.156712 (LBHD)
[2025-09-16 15:53:14.555] [info] Frame 894 (t = 4.47):	 total squared error = 0.0839171, marker error: RMS = 0.0436716, max = 0.156575 (LBHD)
[2025-09-16 15:53:14.634] [info] Frame 895 (t = 4.475):	 total squared error = 0.0839144, marker error: RMS = 0.0436709, max = 0.156573 (LBHD)
[2025-09-16 15:53:14.682] [info] Frame 896 (t = 4.48):	 total squared error = 0.0838809, marker error: RMS = 0.0436622, max = 0.156779 (LBHD)
[2025-09-16 15:53:14.760] [info] Frame 897 (t = 4.485):	 total squared error = 0.0839195, marker error: RMS = 0.0436722, max = 0.156614 (LBHD)
[2025-09-16 15:53:14.849] [info] Frame 898 (t = 4.49):	 total squared error = 0.0840322, marker error: RMS = 0.0437015, max = 0.156702 (LBHD)
[2025-09-16 15:53:14.923] [info] Frame 899 (t = 4.495):	 total squared error = 0.0838537, marker error: RMS = 0.0436551, max = 0.15659 (LBHD)
[2025-09-16 15:53:14.991] [info] Frame 900 (t = 4.5):	 total squared error = 0.0840322, marker error: RMS = 0.0437015, max = 0.156731 (LBHD)
[2025-09-16 15:53:15.063] [info] Frame 901 (t = 4.50500):	 total squared error = 0.0838588, marker error: RMS = 0.0436564, max = 0.156671 (LBHD)
[2025-09-16 15:53:15.143] [info] Frame 902 (t = 4.51):	 total squared error = 0.0841007, marker error: RMS = 0.0437193, max = 0.156849 (LBHD)
[2025-09-16 15:53:15.211] [info] Frame 903 (t = 4.515):	 total squared error = 0.0838583, marker error: RMS = 0.0436563, max = 0.156594 (LBHD)
[2025-09-16 15:53:15.266] [info] Frame 904 (t = 4.52):	 total squared error = 0.0840869, marker error: RMS = 0.0437157, max = 0.156724 (LBHD)
[2025-09-16 15:53:15.343] [info] Frame 905 (t = 4.525):	 total squared error = 0.0839881, marker error: RMS = 0.0436901, max = 0.156741 (LBHD)
[2025-09-16 15:53:15.426] [info] Frame 906 (t = 4.53):	 total squared error = 0.0841367, marker error: RMS = 0.0437287, max = 0.156625 (LBHD)
[2025-09-16 15:53:15.472] [info] Frame 907 (t = 4.535):	 total squared error = 0.0839742, marker error: RMS = 0.0436864, max = 0.156635 (LBHD)
[2025-09-16 15:53:15.557] [info] Frame 908 (t = 4.54):	 total squared error = 0.0840768, marker error: RMS = 0.0437131, max = 0.156567 (LBHD)
[2025-09-16 15:53:15.635] [info] Frame 909 (t = 4.545):	 total squared error = 0.0840561, marker error: RMS = 0.0437077, max = 0.156584 (LBHD)
[2025-09-16 15:53:15.687] [info] Frame 910 (t = 4.55):	 total squared error = 0.0840696, marker error: RMS = 0.0437113, max = 0.156653 (LBHD)
[2025-09-16 15:53:15.749] [info] Frame 911 (t = 4.555):	 total squared error = 0.0839029, marker error: RMS = 0.0436679, max = 0.156652 (LBHD)
[2025-09-16 15:53:15.827] [info] Frame 912 (t = 4.56):	 total squared error = 0.0839575, marker error: RMS = 0.0436821, max = 0.15662 (LBHD)
[2025-09-16 15:53:15.886] [info] Frame 913 (t = 4.565):	 total squared error = 0.0840386, marker error: RMS = 0.0437032, max = 0.156581 (LBHD)
[2025-09-16 15:53:16.038] [info] Frame 914 (t = 4.57):	 total squared error = 0.0838823, marker error: RMS = 0.0436625, max = 0.156518 (LBHD)
[2025-09-16 15:53:16.121] [info] Frame 915 (t = 4.575):	 total squared error = 0.083832, marker error: RMS = 0.0436494, max = 0.156387 (LBHD)
[2025-09-16 15:53:16.179] [info] Frame 916 (t = 4.58):	 total squared error = 0.0840113, marker error: RMS = 0.0436961, max = 0.156465 (LBHD)
[2025-09-16 15:53:16.252] [info] Frame 917 (t = 4.585):	 total squared error = 0.0839177, marker error: RMS = 0.0436717, max = 0.156377 (LBHD)
[2025-09-16 15:53:16.327] [info] Frame 918 (t = 4.59):	 total squared error = 0.0839386, marker error: RMS = 0.0436772, max = 0.156423 (LBHD)
[2025-09-16 15:53:16.381] [info] Frame 919 (t = 4.595):	 total squared error = 0.0839125, marker error: RMS = 0.0436704, max = 0.156355 (LBHD)
[2025-09-16 15:53:16.453] [info] Frame 920 (t = 4.6):	 total squared error = 0.0838544, marker error: RMS = 0.0436553, max = 0.156098 (LBHD)
[2025-09-16 15:53:16.528] [info] Frame 921 (t = 4.60500):	 total squared error = 0.083995, marker error: RMS = 0.0436919, max = 0.156233 (LBHD)
[2025-09-16 15:53:16.601] [info] Frame 922 (t = 4.61):	 total squared error = 0.0838329, marker error: RMS = 0.0436497, max = 0.156211 (LBHD)
[2025-09-16 15:53:16.649] [info] Frame 923 (t = 4.615):	 total squared error = 0.0837541, marker error: RMS = 0.0436291, max = 0.156060 (LBHD)
[2025-09-16 15:53:16.727] [info] Frame 924 (t = 4.62):	 total squared error = 0.0840954, marker error: RMS = 0.043718, max = 0.156091 (LBHD)
[2025-09-16 15:53:16.774] [info] Frame 925 (t = 4.625):	 total squared error = 0.0839935, marker error: RMS = 0.0436915, max = 0.155943 (LBHD)
[2025-09-16 15:53:16.859] [info] Frame 926 (t = 4.63):	 total squared error = 0.0839745, marker error: RMS = 0.0436865, max = 0.155891 (LBHD)
[2025-09-16 15:53:16.939] [info] Frame 927 (t = 4.635):	 total squared error = 0.0839551, marker error: RMS = 0.0436815, max = 0.155842 (LBHD)
[2025-09-16 15:53:17.011] [info] Frame 928 (t = 4.64):	 total squared error = 0.0840253, marker error: RMS = 0.0436997, max = 0.155924 (LBHD)
[2025-09-16 15:53:17.073] [info] Frame 929 (t = 4.645):	 total squared error = 0.0840486, marker error: RMS = 0.0437058, max = 0.155929 (LBHD)
[2025-09-16 15:53:17.147] [info] Frame 930 (t = 4.65):	 total squared error = 0.0844702, marker error: RMS = 0.0438153, max = 0.156543 (LBHD)
[2025-09-16 15:53:17.246] [info] Frame 931 (t = 4.655):	 total squared error = 0.0841253, marker error: RMS = 0.0437257, max = 0.155864 (LBHD)
[2025-09-16 15:53:17.350] [info] Frame 932 (t = 4.66):	 total squared error = 0.0840296, marker error: RMS = 0.0437008, max = 0.155815 (LBHD)
[2025-09-16 15:53:17.472] [info] Frame 933 (t = 4.665):	 total squared error = 0.0839028, marker error: RMS = 0.0436679, max = 0.155689 (LBHD)
[2025-09-16 15:53:17.672] [info] Frame 934 (t = 4.67):	 total squared error = 0.0840147, marker error: RMS = 0.043697, max = 0.155693 (LBHD)
[2025-09-16 15:53:17.807] [info] Frame 935 (t = 4.675):	 total squared error = 0.0840857, marker error: RMS = 0.0437154, max = 0.155825 (LBHD)
[2025-09-16 15:53:17.929] [info] Frame 936 (t = 4.68):	 total squared error = 0.0840127, marker error: RMS = 0.0436964, max = 0.155671 (LBHD)
[2025-09-16 15:53:18.036] [info] Frame 937 (t = 4.685):	 total squared error = 0.0840345, marker error: RMS = 0.0437021, max = 0.155685 (LBHD)
[2025-09-16 15:53:18.113] [info] Frame 938 (t = 4.69):	 total squared error = 0.0838575, marker error: RMS = 0.0436561, max = 0.155489 (LBHD)
[2025-09-16 15:53:18.196] [info] Frame 939 (t = 4.695):	 total squared error = 0.0840068, marker error: RMS = 0.0436949, max = 0.155496 (LBHD)
[2025-09-16 15:53:18.257] [info] Frame 940 (t = 4.7):	 total squared error = 0.0838508, marker error: RMS = 0.0436543, max = 0.155276 (LBHD)
[2025-09-16 15:53:18.354] [info] Frame 941 (t = 4.70500):	 total squared error = 0.0839963, marker error: RMS = 0.0436922, max = 0.155299 (LBHD)
[2025-09-16 15:53:18.465] [info] Frame 942 (t = 4.71):	 total squared error = 0.0840531, marker error: RMS = 0.0437069, max = 0.155294 (LBHD)
[2025-09-16 15:53:18.574] [info] Frame 943 (t = 4.715):	 total squared error = 0.0841945, marker error: RMS = 0.0437437, max = 0.155253 (LBHD)
[2025-09-16 15:53:18.669] [info] Frame 944 (t = 4.72):	 total squared error = 0.0843224, marker error: RMS = 0.0437769, max = 0.155274 (LBHD)
[2025-09-16 15:53:18.757] [info] Frame 945 (t = 4.725):	 total squared error = 0.0843227, marker error: RMS = 0.043777, max = 0.155246 (LBHD)
[2025-09-16 15:53:18.841] [info] Frame 946 (t = 4.73):	 total squared error = 0.0843651, marker error: RMS = 0.043788, max = 0.155127 (LBHD)
[2025-09-16 15:53:18.893] [info] Frame 947 (t = 4.735):	 total squared error = 0.0843291, marker error: RMS = 0.0437787, max = 0.154985 (LBHD)
[2025-09-16 15:53:18.978] [info] Frame 948 (t = 4.74):	 total squared error = 0.0845334, marker error: RMS = 0.0438316, max = 0.155146 (LBHD)
[2025-09-16 15:53:19.066] [info] Frame 949 (t = 4.745):	 total squared error = 0.0845158, marker error: RMS = 0.0438271, max = 0.155146 (LBHD)
[2025-09-16 15:53:19.161] [info] Frame 950 (t = 4.75):	 total squared error = 0.0846349, marker error: RMS = 0.043858, max = 0.155372 (LBHD)
[2025-09-16 15:53:19.241] [info] Frame 951 (t = 4.755):	 total squared error = 0.0845305, marker error: RMS = 0.0438309, max = 0.155116 (LBHD)
[2025-09-16 15:53:19.403] [info] Frame 952 (t = 4.76):	 total squared error = 0.0847, marker error: RMS = 0.0438748, max = 0.155286 (LBHD)
[2025-09-16 15:53:19.509] [info] Frame 953 (t = 4.765):	 total squared error = 0.08467, marker error: RMS = 0.0438671, max = 0.154917 (LBHD)
[2025-09-16 15:53:19.563] [info] Frame 954 (t = 4.77):	 total squared error = 0.0848729, marker error: RMS = 0.0439196, max = 0.155135 (LBHD)
[2025-09-16 15:53:19.648] [info] Frame 955 (t = 4.775):	 total squared error = 0.0847948, marker error: RMS = 0.0438994, max = 0.155054 (LBHD)
[2025-09-16 15:53:19.729] [info] Frame 956 (t = 4.78):	 total squared error = 0.0848213, marker error: RMS = 0.0439062, max = 0.155264 (LBHD)
[2025-09-16 15:53:19.774] [info] Frame 957 (t = 4.785):	 total squared error = 0.0847307, marker error: RMS = 0.0438828, max = 0.155238 (LBHD)
[2025-09-16 15:53:19.854] [info] Frame 958 (t = 4.79):	 total squared error = 0.0849375, marker error: RMS = 0.0439363, max = 0.1551 (LBHD)
[2025-09-16 15:53:19.940] [info] Frame 959 (t = 4.795):	 total squared error = 0.0848338, marker error: RMS = 0.0439095, max = 0.154748 (LBHD)
[2025-09-16 15:53:20.016] [info] Frame 960 (t = 4.8):	 total squared error = 0.0849123, marker error: RMS = 0.0439298, max = 0.154614 (LBHD)
[2025-09-16 15:53:20.069] [info] Frame 961 (t = 4.80500):	 total squared error = 0.0850404, marker error: RMS = 0.0439629, max = 0.154727 (LBHD)
[2025-09-16 15:53:20.146] [info] Frame 962 (t = 4.81):	 total squared error = 0.0851846, marker error: RMS = 0.0440002, max = 0.154701 (LBHD)
[2025-09-16 15:53:20.225] [info] Frame 963 (t = 4.815):	 total squared error = 0.0854339, marker error: RMS = 0.0440645, max = 0.154913 (LBHD)
[2025-09-16 15:53:20.269] [info] Frame 964 (t = 4.82):	 total squared error = 0.0852936, marker error: RMS = 0.0440283, max = 0.154573 (LBHD)
[2025-09-16 15:53:20.349] [info] Frame 965 (t = 4.825):	 total squared error = 0.0855106, marker error: RMS = 0.0440843, max = 0.154476 (LBHD)
[2025-09-16 15:53:20.423] [info] Frame 966 (t = 4.83):	 total squared error = 0.0854883, marker error: RMS = 0.0440785, max = 0.154272 (LBHD)
[2025-09-16 15:53:20.475] [info] Frame 967 (t = 4.835):	 total squared error = 0.0855529, marker error: RMS = 0.0440952, max = 0.154267 (LBHD)
[2025-09-16 15:53:20.553] [info] Frame 968 (t = 4.84):	 total squared error = 0.0857126, marker error: RMS = 0.0441363, max = 0.154405 (LBHD)
[2025-09-16 15:53:20.633] [info] Frame 969 (t = 4.845):	 total squared error = 0.0858528, marker error: RMS = 0.0441724, max = 0.154331 (LBHD)
[2025-09-16 15:53:20.682] [info] Frame 970 (t = 4.85):	 total squared error = 0.0857017, marker error: RMS = 0.0441335, max = 0.153866 (LBHD)
[2025-09-16 15:53:20.755] [info] Frame 971 (t = 4.855):	 total squared error = 0.0858686, marker error: RMS = 0.0441764, max = 0.153717 (LBHD)
[2025-09-16 15:53:20.834] [info] Frame 972 (t = 4.86):	 total squared error = 0.0856555, marker error: RMS = 0.0441216, max = 0.153105 (LBHD)
[2025-09-16 15:53:20.880] [info] Frame 973 (t = 4.865):	 total squared error = 0.0857745, marker error: RMS = 0.0441522, max = 0.153245 (LBHD)
[2025-09-16 15:53:21.030] [info] Frame 974 (t = 4.87):	 total squared error = 0.0857383, marker error: RMS = 0.0441429, max = 0.152718 (LBHD)
[2025-09-16 15:53:21.116] [info] Frame 975 (t = 4.875):	 total squared error = 0.0858224, marker error: RMS = 0.0441646, max = 0.152331 (LBHD)
[2025-09-16 15:53:21.181] [info] Frame 976 (t = 4.88):	 total squared error = 0.085855, marker error: RMS = 0.0441729, max = 0.151734 (LBHD)
[2025-09-16 15:53:21.265] [info] Frame 977 (t = 4.885):	 total squared error = 0.0857040, marker error: RMS = 0.0441341, max = 0.151222 (LBHD)
[2025-09-16 15:53:21.353] [info] Frame 978 (t = 4.89):	 total squared error = 0.0857959, marker error: RMS = 0.0441578, max = 0.150725 (LBHD)
[2025-09-16 15:53:21.439] [info] Frame 979 (t = 4.895):	 total squared error = 0.0857332, marker error: RMS = 0.0441416, max = 0.150038 (LBHD)
[2025-09-16 15:53:21.533] [info] Frame 980 (t = 4.9):	 total squared error = 0.0857597, marker error: RMS = 0.0441484, max = 0.149528 (LBHD)
[2025-09-16 15:53:21.583] [info] Frame 981 (t = 4.90500):	 total squared error = 0.0856919, marker error: RMS = 0.044131, max = 0.148907 (LBHD)
[2025-09-16 15:53:21.671] [info] Frame 982 (t = 4.91):	 total squared error = 0.0857384, marker error: RMS = 0.044143, max = 0.148207 (LBHD)
[2025-09-16 15:53:21.742] [info] Frame 983 (t = 4.915):	 total squared error = 0.0859684, marker error: RMS = 0.0442021, max = 0.148045 (LBHD)
[2025-09-16 15:53:21.814] [info] Frame 984 (t = 4.92):	 total squared error = 0.0858402, marker error: RMS = 0.0441691, max = 0.147296 (LBHD)
[2025-09-16 15:53:21.871] [info] Frame 985 (t = 4.925):	 total squared error = 0.0858668, marker error: RMS = 0.044176, max = 0.146303 (LBHD)
[2025-09-16 15:53:21.950] [info] Frame 986 (t = 4.93):	 total squared error = 0.0859339, marker error: RMS = 0.0441932, max = 0.145905 (LBHD)
[2025-09-16 15:53:22.033] [info] Frame 987 (t = 4.935):	 total squared error = 0.0861338, marker error: RMS = 0.0442446, max = 0.145719 (LBHD)
[2025-09-16 15:53:22.054] [info] Frame 988 (t = 4.94):	 total squared error = 0.086185, marker error: RMS = 0.0442578, max = 0.145003 (LBHD)
[2025-09-16 15:53:22.107] [info] Frame 989 (t = 4.945):	 total squared error = 0.0860170, marker error: RMS = 0.0442146, max = 0.144443 (LBHD)
[2025-09-16 15:53:22.127] [info] Frame 990 (t = 4.95):	 total squared error = 0.0860372, marker error: RMS = 0.0442198, max = 0.143721 (LBHD)
[2025-09-16 15:53:22.145] [info] Frame 991 (t = 4.955):	 total squared error = 0.08613, marker error: RMS = 0.0442436, max = 0.143152 (LBHD)
[2025-09-16 15:53:22.191] [info] Frame 992 (t = 4.96):	 total squared error = 0.0859499, marker error: RMS = 0.0441974, max = 0.142475 (LBHD)
[2025-09-16 15:53:22.209] [info] Frame 993 (t = 4.965):	 total squared error = 0.085915, marker error: RMS = 0.0441884, max = 0.14156 (LBHD)
[2025-09-16 15:53:22.223] [info] Frame 994 (t = 4.97):	 total squared error = 0.0859666, marker error: RMS = 0.0442016, max = 0.141008 (LBHD)
[2025-09-16 15:53:22.277] [info] Frame 995 (t = 4.975):	 total squared error = 0.0857998, marker error: RMS = 0.0441588, max = 0.140383 (LBHD)
[2025-09-16 15:53:22.340] [info] Frame 996 (t = 4.98):	 total squared error = 0.0849908, marker error: RMS = 0.0439501, max = 0.137023 (LBHD)
[2025-09-16 15:53:22.412] [info] Frame 997 (t = 4.985):	 total squared error = 0.0853115, marker error: RMS = 0.0440329, max = 0.136773 (LBHD)
[2025-09-16 15:53:22.470] [info] Frame 998 (t = 4.99):	 total squared error = 0.0854722, marker error: RMS = 0.0440744, max = 0.13636 (LBHD)
[2025-09-16 15:53:22.630] [info] Frame 999 (t = 4.995):	 total squared error = 0.0856146, marker error: RMS = 0.0441111, max = 0.135921 (LBHD)
[2025-09-16 15:53:22.708] [info] Solved 1000 frame(s)...
[2025-09-16 15:53:22.708] [info] Frame 1000 (t = 5.0):	 total squared error = 0.0857291, marker error: RMS = 0.0441406, max = 0.135434 (LBHD)
[2025-09-16 15:53:22.800] [info] Frame 1001 (t = 5.00500):	 total squared error = 0.0856837, marker error: RMS = 0.0441289, max = 0.134613 (LBHD)
[2025-09-16 15:53:22.845] [info] Frame 1002 (t = 5.01):	 total squared error = 0.0856187, marker error: RMS = 0.0441121, max = 0.134054 (LBHD)
[2025-09-16 15:53:22.928] [info] Frame 1003 (t = 5.015):	 total squared error = 0.0853706, marker error: RMS = 0.0440482, max = 0.131684 (LBHD)
[2025-09-16 15:53:22.979] [info] Frame 1004 (t = 5.02):	 total squared error = 0.0853317, marker error: RMS = 0.0440381, max = 0.130642 (LBHD)
[2025-09-16 15:53:23.058] [info] Frame 1005 (t = 5.025):	 total squared error = 0.0851787, marker error: RMS = 0.0439986, max = 0.129503 (RBHD)
[2025-09-16 15:53:23.131] [info] Frame 1006 (t = 5.03):	 total squared error = 0.0850065, marker error: RMS = 0.0439541, max = 0.129842 (RBHD)
[2025-09-16 15:53:23.180] [info] Frame 1007 (t = 5.035):	 total squared error = 0.084997, marker error: RMS = 0.0439517, max = 0.130520 (RBHD)
[2025-09-16 15:53:23.258] [info] Frame 1008 (t = 5.04):	 total squared error = 0.0851658, marker error: RMS = 0.0439953, max = 0.131056 (RBHD)
[2025-09-16 15:53:23.337] [info] Frame 1009 (t = 5.045):	 total squared error = 0.0851208, marker error: RMS = 0.0439837, max = 0.131601 (RBHD)
[2025-09-16 15:53:23.414] [info] Frame 1010 (t = 5.05):	 total squared error = 0.0848683, marker error: RMS = 0.0439184, max = 0.131889 (RBHD)
[2025-09-16 15:53:23.429] [info] Frame 1011 (t = 5.055):	 total squared error = 0.0848353, marker error: RMS = 0.0439098, max = 0.132354 (RBHD)
[2025-09-16 15:53:23.467] [info] Frame 1012 (t = 5.06):	 total squared error = 0.0851089, marker error: RMS = 0.0439806, max = 0.133485 (RBHD)
[2025-09-16 15:53:23.505] [info] Frame 1013 (t = 5.065):	 total squared error = 0.0850300, marker error: RMS = 0.0439602, max = 0.133891 (RBHD)
[2025-09-16 15:53:23.523] [info] Frame 1014 (t = 5.07):	 total squared error = 0.0851354, marker error: RMS = 0.0439874, max = 0.134515 (RBHD)
[2025-09-16 15:53:23.551] [info] Frame 1015 (t = 5.075):	 total squared error = 0.0850028, marker error: RMS = 0.0439532, max = 0.134379 (RBHD)
[2025-09-16 15:53:23.589] [info] Frame 1016 (t = 5.08):	 total squared error = 0.0851188, marker error: RMS = 0.0439832, max = 0.135013 (RBHD)
[2025-09-16 15:53:23.608] [info] Frame 1017 (t = 5.085):	 total squared error = 0.0849070, marker error: RMS = 0.0439284, max = 0.135346 (RBHD)
[2025-09-16 15:53:23.623] [info] Frame 1018 (t = 5.09):	 total squared error = 0.0850861, marker error: RMS = 0.0439747, max = 0.135928 (RBHD)
[2025-09-16 15:53:23.639] [info] Frame 1019 (t = 5.095):	 total squared error = 0.0849846, marker error: RMS = 0.0439485, max = 0.136072 (RBHD)
[2025-09-16 15:53:23.663] [info] Frame 1020 (t = 5.1):	 total squared error = 0.0849614, marker error: RMS = 0.0439425, max = 0.13659 (RBHD)
[2025-09-16 15:53:23.696] [info] Frame 1021 (t = 5.10500):	 total squared error = 0.084917, marker error: RMS = 0.043931, max = 0.136845 (RBHD)
[2025-09-16 15:53:23.714] [info] Frame 1022 (t = 5.11):	 total squared error = 0.0849199, marker error: RMS = 0.0439317, max = 0.137221 (RBHD)
[2025-09-16 15:53:23.728] [info] Frame 1023 (t = 5.115):	 total squared error = 0.0849653, marker error: RMS = 0.0439435, max = 0.137634 (RBHD)
[2025-09-16 15:53:23.795] [info] Frame 1024 (t = 5.12):	 total squared error = 0.0849459, marker error: RMS = 0.0439385, max = 0.138401 (RBHD)
[2025-09-16 15:53:23.877] [info] Frame 1025 (t = 5.125):	 total squared error = 0.0849464, marker error: RMS = 0.0439386, max = 0.138645 (RBHD)
[2025-09-16 15:53:23.966] [info] Frame 1026 (t = 5.13):	 total squared error = 0.0848985, marker error: RMS = 0.0439262, max = 0.138767 (RBHD)
[2025-09-16 15:53:24.062] [info] Frame 1027 (t = 5.135):	 total squared error = 0.084984, marker error: RMS = 0.0439483, max = 0.139027 (RBHD)
[2025-09-16 15:53:24.146] [info] Frame 1028 (t = 5.14):	 total squared error = 0.0848695, marker error: RMS = 0.0439187, max = 0.138909 (RBHD)
[2025-09-16 15:53:24.332] [info] Frame 1029 (t = 5.145):	 total squared error = 0.0849189, marker error: RMS = 0.0439315, max = 0.139024 (RBHD)
[2025-09-16 15:53:24.385] [info] Frame 1030 (t = 5.15):	 total squared error = 0.0850633, marker error: RMS = 0.0439688, max = 0.140450 (RBHD)
[2025-09-16 15:53:24.482] [info] Frame 1031 (t = 5.155):	 total squared error = 0.0848307, marker error: RMS = 0.0439087, max = 0.139098 (RBHD)
[2025-09-16 15:53:24.542] [info] Frame 1032 (t = 5.16):	 total squared error = 0.0847093, marker error: RMS = 0.0438772, max = 0.139172 (RBHD)
[2025-09-16 15:53:24.612] [info] Frame 1033 (t = 5.165):	 total squared error = 0.0847002, marker error: RMS = 0.0438749, max = 0.139679 (RBHD)
[2025-09-16 15:53:24.635] [info] Frame 1034 (t = 5.17):	 total squared error = 0.0847473, marker error: RMS = 0.0438871, max = 0.139862 (RBHD)
[2025-09-16 15:53:24.698] [info] Frame 1035 (t = 5.175):	 total squared error = 0.0848957, marker error: RMS = 0.0439255, max = 0.140326 (RBHD)
[2025-09-16 15:53:24.721] [info] Frame 1036 (t = 5.18):	 total squared error = 0.0848199, marker error: RMS = 0.0439059, max = 0.140463 (RBHD)
[2025-09-16 15:53:24.747] [info] Frame 1037 (t = 5.185):	 total squared error = 0.084862, marker error: RMS = 0.0439168, max = 0.140714 (RBHD)
[2025-09-16 15:53:24.794] [info] Frame 1038 (t = 5.19):	 total squared error = 0.0850539, marker error: RMS = 0.0439664, max = 0.140893 (RBHD)
[2025-09-16 15:53:24.814] [info] Frame 1039 (t = 5.195):	 total squared error = 0.0851774, marker error: RMS = 0.0439983, max = 0.14127 (RBHD)
[2025-09-16 15:53:24.834] [info] Frame 1040 (t = 5.2):	 total squared error = 0.0851625, marker error: RMS = 0.0439944, max = 0.14144 (RBHD)
[2025-09-16 15:53:24.881] [info] Frame 1041 (t = 5.20500):	 total squared error = 0.0851804, marker error: RMS = 0.0439991, max = 0.141496 (RBHD)
[2025-09-16 15:53:24.900] [info] Frame 1042 (t = 5.21):	 total squared error = 0.0851891, marker error: RMS = 0.0440013, max = 0.141507 (RBHD)
[2025-09-16 15:53:24.918] [info] Frame 1043 (t = 5.215):	 total squared error = 0.0854076, marker error: RMS = 0.0440577, max = 0.141619 (RBHD)
[2025-09-16 15:53:24.988] [info] Frame 1044 (t = 5.22):	 total squared error = 0.085422, marker error: RMS = 0.0440614, max = 0.141786 (RBHD)
[2025-09-16 15:53:25.031] [info] Frame 1045 (t = 5.225):	 total squared error = 0.0854564, marker error: RMS = 0.0440703, max = 0.14238 (RBHD)
[2025-09-16 15:53:25.046] [info] Frame 1046 (t = 5.23):	 total squared error = 0.0855753, marker error: RMS = 0.0441010, max = 0.142166 (RBHD)
[2025-09-16 15:53:25.088] [info] Frame 1047 (t = 5.235):	 total squared error = 0.0854396, marker error: RMS = 0.0440660, max = 0.142413 (RBHD)
[2025-09-16 15:53:25.105] [info] Frame 1048 (t = 5.24):	 total squared error = 0.0857005, marker error: RMS = 0.0441332, max = 0.142283 (RBHD)
[2025-09-16 15:53:25.119] [info] Frame 1049 (t = 5.245):	 total squared error = 0.0857779, marker error: RMS = 0.0441531, max = 0.14286 (RBHD)
[2025-09-16 15:53:25.135] [info] Frame 1050 (t = 5.25):	 total squared error = 0.0857613, marker error: RMS = 0.0441488, max = 0.142773 (RBHD)
[2025-09-16 15:53:25.147] [info] Frame 1051 (t = 5.255):	 total squared error = 0.0859863, marker error: RMS = 0.0442067, max = 0.142593 (RBHD)
[2025-09-16 15:53:25.193] [info] Frame 1052 (t = 5.26):	 total squared error = 0.0860292, marker error: RMS = 0.0442177, max = 0.142911 (RBHD)
[2025-09-16 15:53:25.211] [info] Frame 1053 (t = 5.265):	 total squared error = 0.0860417, marker error: RMS = 0.044221, max = 0.14287 (RBHD)
[2025-09-16 15:53:25.227] [info] Frame 1054 (t = 5.27):	 total squared error = 0.0860401, marker error: RMS = 0.0442205, max = 0.142835 (RBHD)
[2025-09-16 15:53:25.243] [info] Frame 1055 (t = 5.275):	 total squared error = 0.0859905, marker error: RMS = 0.0442078, max = 0.142746 (RBHD)
[2025-09-16 15:53:25.278] [info] Frame 1056 (t = 5.28):	 total squared error = 0.0861297, marker error: RMS = 0.0442436, max = 0.142623 (RBHD)
[2025-09-16 15:53:25.295] [info] Frame 1057 (t = 5.285):	 total squared error = 0.0861933, marker error: RMS = 0.0442599, max = 0.142644 (RBHD)
[2025-09-16 15:53:25.310] [info] Frame 1058 (t = 5.29):	 total squared error = 0.0860968, marker error: RMS = 0.0442351, max = 0.142701 (RBHD)
[2025-09-16 15:53:25.328] [info] Frame 1059 (t = 5.295):	 total squared error = 0.0860571, marker error: RMS = 0.0442249, max = 0.142915 (RBHD)
[2025-09-16 15:53:25.343] [info] Frame 1060 (t = 5.3):	 total squared error = 0.0862115, marker error: RMS = 0.0442646, max = 0.142832 (RBHD)
[2025-09-16 15:53:25.380] [info] Frame 1061 (t = 5.30500):	 total squared error = 0.0861677, marker error: RMS = 0.0442533, max = 0.142988 (RBHD)
[2025-09-16 15:53:25.398] [info] Frame 1062 (t = 5.31):	 total squared error = 0.0862912, marker error: RMS = 0.044285, max = 0.14314 (RBHD)
[2025-09-16 15:53:25.414] [info] Frame 1063 (t = 5.315):	 total squared error = 0.086275, marker error: RMS = 0.0442809, max = 0.142992 (RBHD)
[2025-09-16 15:53:25.426] [info] Frame 1064 (t = 5.32):	 total squared error = 0.0863973, marker error: RMS = 0.0443123, max = 0.142371 (RBHD)
[2025-09-16 15:53:25.442] [info] Frame 1065 (t = 5.325):	 total squared error = 0.0862859, marker error: RMS = 0.0442837, max = 0.143001 (RBHD)
[2025-09-16 15:53:25.491] [info] Frame 1066 (t = 5.33):	 total squared error = 0.0864955, marker error: RMS = 0.0443374, max = 0.142759 (RBHD)
[2025-09-16 15:53:25.510] [info] Frame 1067 (t = 5.335):	 total squared error = 0.08644, marker error: RMS = 0.0443232, max = 0.142848 (RBHD)
[2025-09-16 15:53:25.531] [info] Frame 1068 (t = 5.34):	 total squared error = 0.086414, marker error: RMS = 0.0443165, max = 0.142836 (RBHD)
[2025-09-16 15:53:25.585] [info] Frame 1069 (t = 5.345):	 total squared error = 0.086321, marker error: RMS = 0.0442927, max = 0.142563 (RBHD)
[2025-09-16 15:53:25.606] [info] Frame 1070 (t = 5.35):	 total squared error = 0.086341, marker error: RMS = 0.0442978, max = 0.142395 (RBHD)
[2025-09-16 15:53:25.631] [info] Frame 1071 (t = 5.355):	 total squared error = 0.0864183, marker error: RMS = 0.0443176, max = 0.142349 (RBHD)
[2025-09-16 15:53:25.653] [info] Frame 1072 (t = 5.36):	 total squared error = 0.086414, marker error: RMS = 0.0443165, max = 0.142335 (RBHD)
[2025-09-16 15:53:25.707] [info] Frame 1073 (t = 5.365):	 total squared error = 0.0863623, marker error: RMS = 0.0443033, max = 0.142299 (RBHD)
[2025-09-16 15:53:25.723] [info] Frame 1074 (t = 5.37):	 total squared error = 0.0863417, marker error: RMS = 0.044298, max = 0.142134 (RBHD)
[2025-09-16 15:53:25.745] [info] Frame 1075 (t = 5.375):	 total squared error = 0.0863003, marker error: RMS = 0.0442874, max = 0.141953 (RBHD)
[2025-09-16 15:53:25.881] [info] Frame 1076 (t = 5.38):	 total squared error = 0.0862907, marker error: RMS = 0.0442849, max = 0.141808 (RBHD)
[2025-09-16 15:53:25.914] [info] Frame 1077 (t = 5.385):	 total squared error = 0.0862925, marker error: RMS = 0.0442853, max = 0.141895 (RBHD)
[2025-09-16 15:53:25.938] [info] Frame 1078 (t = 5.39):	 total squared error = 0.0862308, marker error: RMS = 0.0442695, max = 0.14168 (RBHD)
[2025-09-16 15:53:25.999] [info] Frame 1079 (t = 5.395):	 total squared error = 0.0862693, marker error: RMS = 0.0442794, max = 0.141524 (RBHD)
[2025-09-16 15:53:26.021] [info] Frame 1080 (t = 5.4):	 total squared error = 0.0862695, marker error: RMS = 0.0442795, max = 0.141305 (RBHD)
[2025-09-16 15:53:26.038] [info] Frame 1081 (t = 5.40500):	 total squared error = 0.0864105, marker error: RMS = 0.0443156, max = 0.140989 (RBHD)
[2025-09-16 15:53:26.084] [info] Frame 1082 (t = 5.41):	 total squared error = 0.0863089, marker error: RMS = 0.0442896, max = 0.141009 (RBHD)
[2025-09-16 15:53:26.105] [info] Frame 1083 (t = 5.415):	 total squared error = 0.0862952, marker error: RMS = 0.0442861, max = 0.140818 (RBHD)
[2025-09-16 15:53:26.119] [info] Frame 1084 (t = 5.42):	 total squared error = 0.0863646, marker error: RMS = 0.0443039, max = 0.140455 (RBHD)
[2025-09-16 15:53:26.147] [info] Frame 1085 (t = 5.425):	 total squared error = 0.0861469, marker error: RMS = 0.044248, max = 0.140347 (RBHD)
[2025-09-16 15:53:26.190] [info] Frame 1086 (t = 5.43):	 total squared error = 0.0862025, marker error: RMS = 0.0442623, max = 0.140367 (RBHD)
[2025-09-16 15:53:26.214] [info] Frame 1087 (t = 5.435):	 total squared error = 0.0862869, marker error: RMS = 0.0442839, max = 0.140378 (RBHD)
[2025-09-16 15:53:26.233] [info] Frame 1088 (t = 5.44):	 total squared error = 0.086235, marker error: RMS = 0.0442706, max = 0.140211 (RBHD)
[2025-09-16 15:53:26.275] [info] Frame 1089 (t = 5.445):	 total squared error = 0.0863422, marker error: RMS = 0.0442981, max = 0.140165 (RBHD)
[2025-09-16 15:53:26.292] [info] Frame 1090 (t = 5.45):	 total squared error = 0.0862441, marker error: RMS = 0.0442729, max = 0.140192 (RBHD)
[2025-09-16 15:53:26.305] [info] Frame 1091 (t = 5.455):	 total squared error = 0.0863391, marker error: RMS = 0.0442973, max = 0.140110 (RBHD)
[2025-09-16 15:53:26.322] [info] Frame 1092 (t = 5.46):	 total squared error = 0.0862422, marker error: RMS = 0.0442725, max = 0.139986 (RBHD)
[2025-09-16 15:53:26.363] [info] Frame 1093 (t = 5.465):	 total squared error = 0.0860750, marker error: RMS = 0.0442295, max = 0.139227 (RBHD)
[2025-09-16 15:53:26.406] [info] Frame 1094 (t = 5.47):	 total squared error = 0.0860447, marker error: RMS = 0.0442217, max = 0.138968 (RBHD)
[2025-09-16 15:53:26.418] [info] Frame 1095 (t = 5.475):	 total squared error = 0.0861534, marker error: RMS = 0.0442496, max = 0.138667 (RBHD)
[2025-09-16 15:53:26.438] [info] Frame 1096 (t = 5.48):	 total squared error = 0.0860626, marker error: RMS = 0.0442263, max = 0.139274 (RBHD)
[2025-09-16 15:53:26.474] [info] Frame 1097 (t = 5.485):	 total squared error = 0.0860316, marker error: RMS = 0.0442184, max = 0.139092 (RBHD)
[2025-09-16 15:53:26.490] [info] Frame 1098 (t = 5.49):	 total squared error = 0.0860521, marker error: RMS = 0.0442236, max = 0.138909 (RBHD)
[2025-09-16 15:53:26.504] [info] Frame 1099 (t = 5.495):	 total squared error = 0.0861356, marker error: RMS = 0.0442451, max = 0.138767 (RBHD)
[2025-09-16 15:53:26.523] [info] Frame 1100 (t = 5.5):	 total squared error = 0.0860812, marker error: RMS = 0.0442311, max = 0.13875 (RBHD)
[2025-09-16 15:53:26.537] [info] Frame 1101 (t = 5.50500):	 total squared error = 0.0860750, marker error: RMS = 0.0442295, max = 0.138507 (RBHD)
[2025-09-16 15:53:26.551] [info] Frame 1102 (t = 5.51):	 total squared error = 0.0860245, marker error: RMS = 0.0442165, max = 0.138298 (RBHD)
[2025-09-16 15:53:26.587] [info] Frame 1103 (t = 5.515):	 total squared error = 0.0858748, marker error: RMS = 0.044178, max = 0.138070 (RBHD)
[2025-09-16 15:53:26.601] [info] Frame 1104 (t = 5.52):	 total squared error = 0.0859692, marker error: RMS = 0.0442023, max = 0.137533 (RBHD)
[2025-09-16 15:53:26.619] [info] Frame 1105 (t = 5.525):	 total squared error = 0.0860428, marker error: RMS = 0.0442212, max = 0.137959 (RBHD)
[2025-09-16 15:53:26.637] [info] Frame 1106 (t = 5.53):	 total squared error = 0.0859496, marker error: RMS = 0.0441973, max = 0.137787 (RBHD)
[2025-09-16 15:53:26.673] [info] Frame 1107 (t = 5.535):	 total squared error = 0.0859734, marker error: RMS = 0.0442034, max = 0.13769 (RBHD)
[2025-09-16 15:53:26.692] [info] Frame 1108 (t = 5.54):	 total squared error = 0.0859846, marker error: RMS = 0.0442063, max = 0.137589 (RBHD)
[2025-09-16 15:53:26.708] [info] Frame 1109 (t = 5.545):	 total squared error = 0.0860776, marker error: RMS = 0.0442302, max = 0.137485 (RBHD)
[2025-09-16 15:53:26.731] [info] Frame 1110 (t = 5.55):	 total squared error = 0.0861418, marker error: RMS = 0.0442467, max = 0.137211 (RBHD)
[2025-09-16 15:53:26.773] [info] Frame 1111 (t = 5.555):	 total squared error = 0.0861418, marker error: RMS = 0.0442467, max = 0.137080 (RBHD)
[2025-09-16 15:53:26.794] [info] Frame 1112 (t = 5.56):	 total squared error = 0.0862035, marker error: RMS = 0.0442625, max = 0.136956 (RBHD)
[2025-09-16 15:53:26.810] [info] Frame 1113 (t = 5.565):	 total squared error = 0.0862859, marker error: RMS = 0.0442837, max = 0.136805 (RBHD)
[2025-09-16 15:53:26.832] [info] Frame 1114 (t = 5.57):	 total squared error = 0.0863207, marker error: RMS = 0.0442926, max = 0.136737 (RBHD)
[2025-09-16 15:53:26.846] [info] Frame 1115 (t = 5.575):	 total squared error = 0.0863259, marker error: RMS = 0.0442939, max = 0.136718 (RBHD)
[2025-09-16 15:53:26.894] [info] Frame 1116 (t = 5.58):	 total squared error = 0.0864068, marker error: RMS = 0.0443147, max = 0.136661 (RBHD)
[2025-09-16 15:53:26.909] [info] Frame 1117 (t = 5.585):	 total squared error = 0.0864752, marker error: RMS = 0.0443322, max = 0.136742 (RBHD)
[2025-09-16 15:53:26.928] [info] Frame 1118 (t = 5.59):	 total squared error = 0.0866054, marker error: RMS = 0.0443656, max = 0.136667 (RBHD)
[2025-09-16 15:53:26.943] [info] Frame 1119 (t = 5.595):	 total squared error = 0.0866738, marker error: RMS = 0.0443831, max = 0.13657 (RBHD)
[2025-09-16 15:53:26.985] [info] Frame 1120 (t = 5.6):	 total squared error = 0.0866727, marker error: RMS = 0.0443828, max = 0.136412 (RBHD)
[2025-09-16 15:53:27.003] [info] Frame 1121 (t = 5.60500):	 total squared error = 0.0867117, marker error: RMS = 0.0443928, max = 0.136333 (RBHD)
[2025-09-16 15:53:27.018] [info] Frame 1122 (t = 5.61):	 total squared error = 0.0866696, marker error: RMS = 0.044382, max = 0.136212 (RBHD)
[2025-09-16 15:53:27.032] [info] Frame 1123 (t = 5.615):	 total squared error = 0.0867641, marker error: RMS = 0.0444062, max = 0.136158 (RBHD)
[2025-09-16 15:53:27.048] [info] Frame 1124 (t = 5.62):	 total squared error = 0.0868474, marker error: RMS = 0.0444275, max = 0.136161 (RBHD)
[2025-09-16 15:53:27.088] [info] Frame 1125 (t = 5.625):	 total squared error = 0.0869896, marker error: RMS = 0.0444639, max = 0.136363 (RBHD)
[2025-09-16 15:53:27.110] [info] Frame 1126 (t = 5.63):	 total squared error = 0.0870213, marker error: RMS = 0.044472, max = 0.136192 (RBHD)
[2025-09-16 15:53:27.126] [info] Frame 1127 (t = 5.635):	 total squared error = 0.0870229, marker error: RMS = 0.0444724, max = 0.136085 (RBHD)
[2025-09-16 15:53:27.139] [info] Frame 1128 (t = 5.64):	 total squared error = 0.0871117, marker error: RMS = 0.0444951, max = 0.136178 (RBHD)
[2025-09-16 15:53:27.175] [info] Frame 1129 (t = 5.645):	 total squared error = 0.0871759, marker error: RMS = 0.0445115, max = 0.136302 (RBHD)
[2025-09-16 15:53:27.191] [info] Frame 1130 (t = 5.65):	 total squared error = 0.087241, marker error: RMS = 0.0445281, max = 0.136166 (RBHD)
[2025-09-16 15:53:27.212] [info] Frame 1131 (t = 5.655):	 total squared error = 0.0872851, marker error: RMS = 0.0445393, max = 0.13614 (RBHD)
[2025-09-16 15:53:27.230] [info] Frame 1132 (t = 5.66):	 total squared error = 0.0873592, marker error: RMS = 0.0445582, max = 0.13612 (RBHD)
[2025-09-16 15:53:27.249] [info] Frame 1133 (t = 5.665):	 total squared error = 0.0874207, marker error: RMS = 0.0445739, max = 0.13611 (RBHD)
[2025-09-16 15:53:27.301] [info] Frame 1134 (t = 5.67):	 total squared error = 0.0875349, marker error: RMS = 0.0446030, max = 0.136233 (RBHD)
[2025-09-16 15:53:27.324] [info] Frame 1135 (t = 5.675):	 total squared error = 0.0875658, marker error: RMS = 0.0446109, max = 0.13625 (RBHD)
[2025-09-16 15:53:27.347] [info] Frame 1136 (t = 5.68):	 total squared error = 0.0876788, marker error: RMS = 0.0446397, max = 0.136188 (RBHD)
[2025-09-16 15:53:27.474] [info] Frame 1137 (t = 5.685):	 total squared error = 0.0877401, marker error: RMS = 0.0446553, max = 0.136301 (RBHD)
[2025-09-16 15:53:27.495] [info] Frame 1138 (t = 5.69):	 total squared error = 0.0877294, marker error: RMS = 0.0446525, max = 0.13626 (RBHD)
[2025-09-16 15:53:27.519] [info] Frame 1139 (t = 5.695):	 total squared error = 0.0878945, marker error: RMS = 0.0446945, max = 0.136541 (RBHD)
[2025-09-16 15:53:27.541] [info] Frame 1140 (t = 5.7):	 total squared error = 0.087989, marker error: RMS = 0.0447186, max = 0.136703 (RBHD)
[2025-09-16 15:53:27.602] [info] Frame 1141 (t = 5.70500):	 total squared error = 0.0880239, marker error: RMS = 0.0447274, max = 0.136546 (RBHD)
[2025-09-16 15:53:27.622] [info] Frame 1142 (t = 5.71):	 total squared error = 0.0880186, marker error: RMS = 0.0447261, max = 0.136486 (RBHD)
[2025-09-16 15:53:27.640] [info] Frame 1143 (t = 5.715):	 total squared error = 0.0880955, marker error: RMS = 0.0447456, max = 0.13668 (RBHD)
[2025-09-16 15:53:27.691] [info] Frame 1144 (t = 5.72):	 total squared error = 0.0880858, marker error: RMS = 0.0447431, max = 0.136681 (RBHD)
[2025-09-16 15:53:27.711] [info] Frame 1145 (t = 5.725):	 total squared error = 0.0881513, marker error: RMS = 0.0447598, max = 0.136703 (RBHD)
[2025-09-16 15:53:27.739] [info] Frame 1146 (t = 5.73):	 total squared error = 0.0882502, marker error: RMS = 0.0447849, max = 0.136675 (RBHD)
[2025-09-16 15:53:27.763] [info] Frame 1147 (t = 5.735):	 total squared error = 0.0882675, marker error: RMS = 0.0447893, max = 0.136694 (RBHD)
[2025-09-16 15:53:27.811] [info] Frame 1148 (t = 5.74):	 total squared error = 0.0884434, marker error: RMS = 0.0448339, max = 0.136694 (RBHD)
[2025-09-16 15:53:27.835] [info] Frame 1149 (t = 5.745):	 total squared error = 0.08825, marker error: RMS = 0.0447849, max = 0.136651 (RBHD)
[2025-09-16 15:53:27.892] [info] Frame 1150 (t = 5.75):	 total squared error = 0.0883782, marker error: RMS = 0.0448174, max = 0.136769 (RBHD)
[2025-09-16 15:53:27.919] [info] Frame 1151 (t = 5.755):	 total squared error = 0.0882099, marker error: RMS = 0.0447747, max = 0.13674 (RBHD)
[2025-09-16 15:53:27.940] [info] Frame 1152 (t = 5.76):	 total squared error = 0.0882212, marker error: RMS = 0.0447775, max = 0.136666 (RBHD)
[2025-09-16 15:53:27.991] [info] Frame 1153 (t = 5.765):	 total squared error = 0.088317, marker error: RMS = 0.0448018, max = 0.136737 (RBHD)
[2025-09-16 15:53:28.010] [info] Frame 1154 (t = 5.77):	 total squared error = 0.0883936, marker error: RMS = 0.0448213, max = 0.136569 (RBHD)
[2025-09-16 15:53:28.034] [info] Frame 1155 (t = 5.775):	 total squared error = 0.0884704, marker error: RMS = 0.0448407, max = 0.136649 (RBHD)
[2025-09-16 15:53:28.055] [info] Frame 1156 (t = 5.78):	 total squared error = 0.0883858, marker error: RMS = 0.0448193, max = 0.136581 (RBHD)
[2025-09-16 15:53:28.103] [info] Frame 1157 (t = 5.785):	 total squared error = 0.0884595, marker error: RMS = 0.044838, max = 0.136606 (RBHD)
[2025-09-16 15:53:28.126] [info] Frame 1158 (t = 5.79):	 total squared error = 0.0883857, marker error: RMS = 0.0448193, max = 0.136437 (RBHD)
[2025-09-16 15:53:28.143] [info] Frame 1159 (t = 5.795):	 total squared error = 0.0883863, marker error: RMS = 0.0448194, max = 0.136554 (RBHD)
[2025-09-16 15:53:28.188] [info] Frame 1160 (t = 5.8):	 total squared error = 0.0884216, marker error: RMS = 0.0448284, max = 0.136575 (RBHD)
[2025-09-16 15:53:28.207] [info] Frame 1161 (t = 5.80500):	 total squared error = 0.0884483, marker error: RMS = 0.0448351, max = 0.136564 (RBHD)
[2025-09-16 15:53:28.226] [info] Frame 1162 (t = 5.81):	 total squared error = 0.0885022, marker error: RMS = 0.0448488, max = 0.136575 (RBHD)
[2025-09-16 15:53:28.244] [info] Frame 1163 (t = 5.815):	 total squared error = 0.0886088, marker error: RMS = 0.0448758, max = 0.136382 (RBHD)
[2025-09-16 15:53:28.287] [info] Frame 1164 (t = 5.82):	 total squared error = 0.0885642, marker error: RMS = 0.0448645, max = 0.136515 (RBHD)
[2025-09-16 15:53:28.301] [info] Frame 1165 (t = 5.825):	 total squared error = 0.0884672, marker error: RMS = 0.0448399, max = 0.136408 (RBHD)
[2025-09-16 15:53:28.326] [info] Frame 1166 (t = 5.83):	 total squared error = 0.0884176, marker error: RMS = 0.0448274, max = 0.136324 (RBHD)
[2025-09-16 15:53:28.339] [info] Frame 1167 (t = 5.835):	 total squared error = 0.0884932, marker error: RMS = 0.0448465, max = 0.136093 (RBHD)
[2025-09-16 15:53:28.384] [info] Frame 1168 (t = 5.84):	 total squared error = 0.0884156, marker error: RMS = 0.0448268, max = 0.136007 (RBHD)
[2025-09-16 15:53:28.408] [info] Frame 1169 (t = 5.845):	 total squared error = 0.0882626, marker error: RMS = 0.044788, max = 0.135864 (RBHD)
[2025-09-16 15:53:28.421] [info] Frame 1170 (t = 5.85):	 total squared error = 0.0883627, marker error: RMS = 0.0448134, max = 0.135685 (RBHD)
[2025-09-16 15:53:28.434] [info] Frame 1171 (t = 5.855):	 total squared error = 0.0883433, marker error: RMS = 0.0448085, max = 0.135688 (RBHD)
[2025-09-16 15:53:28.472] [info] Frame 1172 (t = 5.86):	 total squared error = 0.0882853, marker error: RMS = 0.0447938, max = 0.135641 (RBHD)
[2025-09-16 15:53:28.486] [info] Frame 1173 (t = 5.865):	 total squared error = 0.088297, marker error: RMS = 0.0447968, max = 0.135644 (RBHD)
[2025-09-16 15:53:28.504] [info] Frame 1174 (t = 5.87):	 total squared error = 0.0880491, marker error: RMS = 0.0447338, max = 0.135276 (RBHD)
[2025-09-16 15:53:28.516] [info] Frame 1175 (t = 5.875):	 total squared error = 0.0882234, marker error: RMS = 0.0447781, max = 0.135141 (RBHD)
[2025-09-16 15:53:28.532] [info] Frame 1176 (t = 5.88):	 total squared error = 0.0880439, marker error: RMS = 0.0447325, max = 0.135126 (RBHD)
[2025-09-16 15:53:28.549] [info] Frame 1177 (t = 5.885):	 total squared error = 0.0880209, marker error: RMS = 0.0447267, max = 0.134942 (RBHD)
[2025-09-16 15:53:28.589] [info] Frame 1178 (t = 5.89):	 total squared error = 0.0880005, marker error: RMS = 0.0447215, max = 0.13482 (RBHD)
[2025-09-16 15:53:28.605] [info] Frame 1179 (t = 5.895):	 total squared error = 0.0880968, marker error: RMS = 0.0447459, max = 0.134758 (RBHD)
[2025-09-16 15:53:28.619] [info] Frame 1180 (t = 5.9):	 total squared error = 0.0880422, marker error: RMS = 0.0447321, max = 0.13479 (RBHD)
[2025-09-16 15:53:28.631] [info] Frame 1181 (t = 5.90500):	 total squared error = 0.0880557, marker error: RMS = 0.0447355, max = 0.13478 (RBHD)
[2025-09-16 15:53:28.670] [info] Frame 1182 (t = 5.91):	 total squared error = 0.0879382, marker error: RMS = 0.0447057, max = 0.134571 (RBHD)
[2025-09-16 15:53:28.696] [info] Frame 1183 (t = 5.915):	 total squared error = 0.08786, marker error: RMS = 0.0446858, max = 0.134013 (RBHD)
[2025-09-16 15:53:28.712] [info] Frame 1184 (t = 5.92):	 total squared error = 0.0879947, marker error: RMS = 0.04472, max = 0.133957 (RBHD)
[2025-09-16 15:53:28.727] [info] Frame 1185 (t = 5.925):	 total squared error = 0.0878623, marker error: RMS = 0.0446864, max = 0.13386 (RBHD)
[2025-09-16 15:53:28.738] [info] Frame 1186 (t = 5.93):	 total squared error = 0.0881555, marker error: RMS = 0.0447609, max = 0.133925 (RBHD)
[2025-09-16 15:53:28.753] [info] Frame 1187 (t = 5.935):	 total squared error = 0.0879051, marker error: RMS = 0.0446972, max = 0.133833 (RBHD)
[2025-09-16 15:53:28.789] [info] Frame 1188 (t = 5.94):	 total squared error = 0.0880740, marker error: RMS = 0.0447402, max = 0.133735 (RBHD)
[2025-09-16 15:53:28.809] [info] Frame 1189 (t = 5.945):	 total squared error = 0.0879502, marker error: RMS = 0.0447087, max = 0.133614 (RBHD)
[2025-09-16 15:53:28.825] [info] Frame 1190 (t = 5.95):	 total squared error = 0.0878605, marker error: RMS = 0.0446859, max = 0.133413 (RBHD)
[2025-09-16 15:53:28.842] [info] Frame 1191 (t = 5.955):	 total squared error = 0.087881, marker error: RMS = 0.0446911, max = 0.133335 (RBHD)
[2025-09-16 15:53:28.879] [info] Frame 1192 (t = 5.96):	 total squared error = 0.0878062, marker error: RMS = 0.0446721, max = 0.13318 (RBHD)
[2025-09-16 15:53:28.903] [info] Frame 1193 (t = 5.965):	 total squared error = 0.0878014, marker error: RMS = 0.0446709, max = 0.13315 (RBHD)
[2025-09-16 15:53:28.921] [info] Frame 1194 (t = 5.97):	 total squared error = 0.0878405, marker error: RMS = 0.0446808, max = 0.133149 (RBHD)
[2025-09-16 15:53:28.938] [info] Frame 1195 (t = 5.975):	 total squared error = 0.0877593, marker error: RMS = 0.0446602, max = 0.133041 (RBHD)
[2025-09-16 15:53:29.048] [info] Frame 1196 (t = 5.98):	 total squared error = 0.0877573, marker error: RMS = 0.0446596, max = 0.132975 (RBHD)
[2025-09-16 15:53:29.101] [info] Frame 1197 (t = 5.985):	 total squared error = 0.0878379, marker error: RMS = 0.0446802, max = 0.133052 (RBHD)
[2025-09-16 15:53:29.120] [info] Frame 1198 (t = 5.99):	 total squared error = 0.0878040, marker error: RMS = 0.0446715, max = 0.133116 (RBHD)
[2025-09-16 15:53:29.135] [info] Frame 1199 (t = 5.995):	 total squared error = 0.0879177, marker error: RMS = 0.0447004, max = 0.133167 (RBHD)
[2025-09-16 15:53:29.183] [info] Frame 1200 (t = 6.0):	 total squared error = 0.0878947, marker error: RMS = 0.0446946, max = 0.133128 (RBHD)
[2025-09-16 15:53:29.202] [info] Frame 1201 (t = 6.00500):	 total squared error = 0.0878741, marker error: RMS = 0.0446894, max = 0.133098 (RBHD)
[2025-09-16 15:53:29.220] [info] Frame 1202 (t = 6.01):	 total squared error = 0.087881, marker error: RMS = 0.0446911, max = 0.132989 (RBHD)
[2025-09-16 15:53:29.238] [info] Frame 1203 (t = 6.015):	 total squared error = 0.0878607, marker error: RMS = 0.044686, max = 0.132944 (RBHD)
[2025-09-16 15:53:29.253] [info] Frame 1204 (t = 6.02):	 total squared error = 0.087841, marker error: RMS = 0.044681, max = 0.132978 (RBHD)
[2025-09-16 15:53:29.290] [info] Frame 1205 (t = 6.025):	 total squared error = 0.0879038, marker error: RMS = 0.0446969, max = 0.132911 (RBHD)
[2025-09-16 15:53:29.307] [info] Frame 1206 (t = 6.03):	 total squared error = 0.0878283, marker error: RMS = 0.0446777, max = 0.133104 (RBHD)
[2025-09-16 15:53:29.418] [info] Frame 1207 (t = 6.035):	 total squared error = 0.0842791, marker error: RMS = 0.0437657, max = 0.126945 (RBHD)
[2025-09-16 15:53:29.459] [info] Frame 1208 (t = 6.04):	 total squared error = 0.0842439, marker error: RMS = 0.0437565, max = 0.127133 (RBHD)
[2025-09-16 15:53:29.483] [info] Frame 1209 (t = 6.045):	 total squared error = 0.0843114, marker error: RMS = 0.0437741, max = 0.127256 (RBHD)
[2025-09-16 15:53:29.500] [info] Frame 1210 (t = 6.05):	 total squared error = 0.0843318, marker error: RMS = 0.0437793, max = 0.127254 (RBHD)
[2025-09-16 15:53:29.516] [info] Frame 1211 (t = 6.055):	 total squared error = 0.0842405, marker error: RMS = 0.0437556, max = 0.127333 (RBHD)
[2025-09-16 15:53:29.530] [info] Frame 1212 (t = 6.06):	 total squared error = 0.0842494, marker error: RMS = 0.043758, max = 0.127304 (RBHD)
[2025-09-16 15:53:29.547] [info] Frame 1213 (t = 6.065):	 total squared error = 0.0841782, marker error: RMS = 0.0437395, max = 0.127247 (RBHD)
[2025-09-16 15:53:29.584] [info] Frame 1214 (t = 6.07):	 total squared error = 0.0841871, marker error: RMS = 0.0437418, max = 0.127245 (RBHD)
[2025-09-16 15:53:29.601] [info] Frame 1215 (t = 6.075):	 total squared error = 0.0841851, marker error: RMS = 0.0437413, max = 0.127236 (RBHD)
[2025-09-16 15:53:29.617] [info] Frame 1216 (t = 6.08):	 total squared error = 0.0842082, marker error: RMS = 0.0437473, max = 0.127283 (RBHD)
[2025-09-16 15:53:29.629] [info] Frame 1217 (t = 6.085):	 total squared error = 0.0843551, marker error: RMS = 0.0437854, max = 0.127417 (RBHD)
[2025-09-16 15:53:29.640] [info] Frame 1218 (t = 6.09):	 total squared error = 0.0843955, marker error: RMS = 0.0437959, max = 0.127626 (RBHD)
[2025-09-16 15:53:29.677] [info] Frame 1219 (t = 6.095):	 total squared error = 0.0842156, marker error: RMS = 0.0437492, max = 0.127364 (RBHD)
[2025-09-16 15:53:29.692] [info] Frame 1220 (t = 6.1):	 total squared error = 0.0842145, marker error: RMS = 0.0437489, max = 0.127282 (RBHD)
[2025-09-16 15:53:29.704] [info] Frame 1221 (t = 6.10500):	 total squared error = 0.0843698, marker error: RMS = 0.0437892, max = 0.127475 (RBHD)
[2025-09-16 15:53:29.721] [info] Frame 1222 (t = 6.11):	 total squared error = 0.0843713, marker error: RMS = 0.0437896, max = 0.127635 (RBHD)
[2025-09-16 15:53:29.734] [info] Frame 1223 (t = 6.115):	 total squared error = 0.0845228, marker error: RMS = 0.0438289, max = 0.12768 (RBHD)
[2025-09-16 15:53:29.748] [info] Frame 1224 (t = 6.12):	 total squared error = 0.0845662, marker error: RMS = 0.0438401, max = 0.127839 (RBHD)
[2025-09-16 15:53:29.796] [info] Frame 1225 (t = 6.125):	 total squared error = 0.0843813, marker error: RMS = 0.0437922, max = 0.127715 (RBHD)
[2025-09-16 15:53:29.811] [info] Frame 1226 (t = 6.13):	 total squared error = 0.0845149, marker error: RMS = 0.0438268, max = 0.127766 (RBHD)
[2025-09-16 15:53:29.829] [info] Frame 1227 (t = 6.135):	 total squared error = 0.0842441, marker error: RMS = 0.0437566, max = 0.127498 (RBHD)
[2025-09-16 15:53:29.843] [info] Frame 1228 (t = 6.14):	 total squared error = 0.0843776, marker error: RMS = 0.0437912, max = 0.127513 (RBHD)
[2025-09-16 15:53:29.883] [info] Frame 1229 (t = 6.145):	 total squared error = 0.0843665, marker error: RMS = 0.0437884, max = 0.12761 (RBHD)
[2025-09-16 15:53:29.906] [info] Frame 1230 (t = 6.15):	 total squared error = 0.0841908, marker error: RMS = 0.0437428, max = 0.127539 (RBHD)
[2025-09-16 15:53:29.925] [info] Frame 1231 (t = 6.155):	 total squared error = 0.0843935, marker error: RMS = 0.0437954, max = 0.127744 (RBHD)
[2025-09-16 15:53:29.944] [info] Frame 1232 (t = 6.16):	 total squared error = 0.0842595, marker error: RMS = 0.0437606, max = 0.127765 (RBHD)
[2025-09-16 15:53:29.984] [info] Frame 1233 (t = 6.165):	 total squared error = 0.0844283, marker error: RMS = 0.0438044, max = 0.127725 (RBHD)
[2025-09-16 15:53:30.002] [info] Frame 1234 (t = 6.17):	 total squared error = 0.0842387, marker error: RMS = 0.0437552, max = 0.127681 (RBHD)
[2025-09-16 15:53:30.029] [info] Frame 1235 (t = 6.175):	 total squared error = 0.0840988, marker error: RMS = 0.0437188, max = 0.126748 (RBHD)
[2025-09-16 15:53:30.046] [info] Frame 1236 (t = 6.18):	 total squared error = 0.0841065, marker error: RMS = 0.0437208, max = 0.126749 (RBHD)
[2025-09-16 15:53:30.092] [info] Frame 1237 (t = 6.185):	 total squared error = 0.0840923, marker error: RMS = 0.0437171, max = 0.126947 (RBHD)
[2025-09-16 15:53:30.116] [info] Frame 1238 (t = 6.19):	 total squared error = 0.0840630, marker error: RMS = 0.0437095, max = 0.126784 (RBHD)
[2025-09-16 15:53:30.136] [info] Frame 1239 (t = 6.195):	 total squared error = 0.0841935, marker error: RMS = 0.0437434, max = 0.128009 (RBHD)
[2025-09-16 15:53:30.178] [info] Frame 1240 (t = 6.2):	 total squared error = 0.0843136, marker error: RMS = 0.0437746, max = 0.127778 (RBHD)
[2025-09-16 15:53:30.200] [info] Frame 1241 (t = 6.20500):	 total squared error = 0.0841041, marker error: RMS = 0.0437202, max = 0.127539 (RBHD)
[2025-09-16 15:53:30.222] [info] Frame 1242 (t = 6.21):	 total squared error = 0.0839902, marker error: RMS = 0.0436906, max = 0.126777 (RBHD)
[2025-09-16 15:53:30.236] [info] Frame 1243 (t = 6.215):	 total squared error = 0.0841892, marker error: RMS = 0.0437423, max = 0.126958 (RBHD)
[2025-09-16 15:53:30.258] [info] Frame 1244 (t = 6.22):	 total squared error = 0.084148, marker error: RMS = 0.0437316, max = 0.127403 (RBHD)
[2025-09-16 15:53:30.300] [info] Frame 1245 (t = 6.225):	 total squared error = 0.0841371, marker error: RMS = 0.0437288, max = 0.127716 (RBHD)
[2025-09-16 15:53:30.318] [info] Frame 1246 (t = 6.23):	 total squared error = 0.0843374, marker error: RMS = 0.0437808, max = 0.128147 (RBHD)
[2025-09-16 15:53:30.336] [info] Frame 1247 (t = 6.235):	 total squared error = 0.0841881, marker error: RMS = 0.043742, max = 0.128085 (RBHD)
[2025-09-16 15:53:30.373] [info] Frame 1248 (t = 6.24):	 total squared error = 0.0843763, marker error: RMS = 0.0437909, max = 0.127996 (RBHD)
[2025-09-16 15:53:30.395] [info] Frame 1249 (t = 6.245):	 total squared error = 0.0841616, marker error: RMS = 0.0437352, max = 0.127645 (RBHD)
[2025-09-16 15:53:30.420] [info] Frame 1250 (t = 6.25):	 total squared error = 0.0839852, marker error: RMS = 0.0436893, max = 0.126118 (RBHD)
[2025-09-16 15:53:30.438] [info] Frame 1251 (t = 6.255):	 total squared error = 0.0842962, marker error: RMS = 0.0437701, max = 0.127497 (RBHD)
[2025-09-16 15:53:30.455] [info] Frame 1252 (t = 6.26):	 total squared error = 0.0841665, marker error: RMS = 0.0437364, max = 0.126014 (RBHD)
[2025-09-16 15:53:30.497] [info] Frame 1253 (t = 6.265):	 total squared error = 0.0841543, marker error: RMS = 0.0437333, max = 0.125579 (RBHD)
[2025-09-16 15:53:30.519] [info] Frame 1254 (t = 6.27):	 total squared error = 0.0843619, marker error: RMS = 0.0437872, max = 0.126368 (RBHD)
[2025-09-16 15:53:30.537] [info] Frame 1255 (t = 6.275):	 total squared error = 0.0844675, marker error: RMS = 0.0438146, max = 0.126396 (RBHD)
[2025-09-16 15:53:30.644] [info] Frame 1256 (t = 6.28):	 total squared error = 0.0846634, marker error: RMS = 0.0438653, max = 0.126343 (RBHD)
[2025-09-16 15:53:30.698] [info] Frame 1257 (t = 6.285):	 total squared error = 0.084623, marker error: RMS = 0.0438549, max = 0.126304 (RBHD)
[2025-09-16 15:53:30.729] [info] Frame 1258 (t = 6.29):	 total squared error = 0.084284, marker error: RMS = 0.0437669, max = 0.124356 (RBHD)
[2025-09-16 15:53:30.744] [info] Frame 1259 (t = 6.295):	 total squared error = 0.0845052, marker error: RMS = 0.0438243, max = 0.124113 (RBHD)
[2025-09-16 15:53:30.788] [info] Frame 1260 (t = 6.3):	 total squared error = 0.0844585, marker error: RMS = 0.0438122, max = 0.124037 (RBHD)
[2025-09-16 15:53:30.802] [info] Frame 1261 (t = 6.30500):	 total squared error = 0.0846976, marker error: RMS = 0.0438742, max = 0.12355 (RBHD)
[2025-09-16 15:53:30.825] [info] Frame 1262 (t = 6.31):	 total squared error = 0.0846945, marker error: RMS = 0.0438734, max = 0.123313 (RBHD)
[2025-09-16 15:53:30.848] [info] Frame 1263 (t = 6.315):	 total squared error = 0.0848109, marker error: RMS = 0.0439035, max = 0.12288 (RBHD)
[2025-09-16 15:53:30.888] [info] Frame 1264 (t = 6.32):	 total squared error = 0.0850343, marker error: RMS = 0.0439613, max = 0.122328 (RBHD)
[2025-09-16 15:53:30.915] [info] Frame 1265 (t = 6.325):	 total squared error = 0.0847858, marker error: RMS = 0.043897, max = 0.120863 (RBHD)
[2025-09-16 15:53:30.929] [info] Frame 1266 (t = 6.33):	 total squared error = 0.0849632, marker error: RMS = 0.043943, max = 0.120210 (RBHD)
[2025-09-16 15:53:30.946] [info] Frame 1267 (t = 6.335):	 total squared error = 0.0849638, marker error: RMS = 0.0439431, max = 0.119459 (RBHD)
[2025-09-16 15:53:30.986] [info] Frame 1268 (t = 6.34):	 total squared error = 0.0852425, marker error: RMS = 0.0440151, max = 0.119458 (RBHD)
[2025-09-16 15:53:31.004] [info] Frame 1269 (t = 6.345):	 total squared error = 0.0853885, marker error: RMS = 0.0440528, max = 0.118687 (RBHD)
[2025-09-16 15:53:31.025] [info] Frame 1270 (t = 6.35):	 total squared error = 0.0854814, marker error: RMS = 0.0440768, max = 0.118655 (LBHD)
[2025-09-16 15:53:31.049] [info] Frame 1271 (t = 6.355):	 total squared error = 0.0874693, marker error: RMS = 0.0445863, max = 0.119834 (LBHD)
[2025-09-16 15:53:31.095] [info] Frame 1272 (t = 6.36):	 total squared error = 0.0877306, marker error: RMS = 0.0446529, max = 0.12125 (LBHD)
[2025-09-16 15:53:31.133] [info] Frame 1273 (t = 6.365):	 total squared error = 0.0876251, marker error: RMS = 0.044626, max = 0.122379 (LBHD)
[2025-09-16 15:53:31.185] [info] Frame 1274 (t = 6.37):	 total squared error = 0.0878799, marker error: RMS = 0.0446908, max = 0.123694 (LBHD)
[2025-09-16 15:53:31.203] [info] Frame 1275 (t = 6.375):	 total squared error = 0.088359, marker error: RMS = 0.0448125, max = 0.125916 (LBHD)
[2025-09-16 15:53:31.226] [info] Frame 1276 (t = 6.38):	 total squared error = 0.0885444, marker error: RMS = 0.0448595, max = 0.127052 (LBHD)
[2025-09-16 15:53:31.241] [info] Frame 1277 (t = 6.385):	 total squared error = 0.0889452, marker error: RMS = 0.0449609, max = 0.128639 (LBHD)
[2025-09-16 15:53:31.288] [info] Frame 1278 (t = 6.39):	 total squared error = 0.0892588, marker error: RMS = 0.0450401, max = 0.130373 (LBHD)
[2025-09-16 15:53:31.309] [info] Frame 1279 (t = 6.395):	 total squared error = 0.08959, marker error: RMS = 0.0451236, max = 0.131882 (LBHD)
[2025-09-16 15:53:31.324] [info] Frame 1280 (t = 6.4):	 total squared error = 0.0900482, marker error: RMS = 0.0452388, max = 0.13331 (LBHD)
[2025-09-16 15:53:31.350] [info] Frame 1281 (t = 6.40500):	 total squared error = 0.0900851, marker error: RMS = 0.0452481, max = 0.134402 (LBHD)
[2025-09-16 15:53:31.387] [info] Frame 1282 (t = 6.41):	 total squared error = 0.0905369, marker error: RMS = 0.0453614, max = 0.135987 (LBHD)
[2025-09-16 15:53:31.401] [info] Frame 1283 (t = 6.415):	 total squared error = 0.0907614, marker error: RMS = 0.0454176, max = 0.136972 (LBHD)
[2025-09-16 15:53:31.415] [info] Frame 1284 (t = 6.42):	 total squared error = 0.0911268, marker error: RMS = 0.0455089, max = 0.138279 (LBHD)
[2025-09-16 15:53:31.433] [info] Frame 1285 (t = 6.425):	 total squared error = 0.0913128, marker error: RMS = 0.0455554, max = 0.139378 (LBHD)
[2025-09-16 15:53:31.446] [info] Frame 1286 (t = 6.43):	 total squared error = 0.0917053, marker error: RMS = 0.0456532, max = 0.140556 (LBHD)
[2025-09-16 15:53:31.482] [info] Frame 1287 (t = 6.435):	 total squared error = 0.0919683, marker error: RMS = 0.0457186, max = 0.141554 (LBHD)
[2025-09-16 15:53:31.505] [info] Frame 1288 (t = 6.44):	 total squared error = 0.0919267, marker error: RMS = 0.0457082, max = 0.142497 (LBHD)
[2025-09-16 15:53:31.521] [info] Frame 1289 (t = 6.445):	 total squared error = 0.0921892, marker error: RMS = 0.0457735, max = 0.143235 (LBHD)
[2025-09-16 15:53:31.539] [info] Frame 1290 (t = 6.45):	 total squared error = 0.0926393, marker error: RMS = 0.0458851, max = 0.144578 (LBHD)
[2025-09-16 15:53:31.574] [info] Frame 1291 (t = 6.455):	 total squared error = 0.0930186, marker error: RMS = 0.0459789, max = 0.145805 (LBHD)
[2025-09-16 15:53:31.592] [info] Frame 1292 (t = 6.46):	 total squared error = 0.0929614, marker error: RMS = 0.0459648, max = 0.146179 (LBHD)
[2025-09-16 15:53:31.605] [info] Frame 1293 (t = 6.465):	 total squared error = 0.0934001, marker error: RMS = 0.0460731, max = 0.147305 (LBHD)
[2025-09-16 15:53:31.621] [info] Frame 1294 (t = 6.47):	 total squared error = 0.0938136, marker error: RMS = 0.046175, max = 0.148613 (LBHD)
[2025-09-16 15:53:31.634] [info] Frame 1295 (t = 6.475):	 total squared error = 0.0941292, marker error: RMS = 0.0462526, max = 0.149646 (LBHD)
[2025-09-16 15:53:31.667] [info] Frame 1296 (t = 6.48):	 total squared error = 0.0944997, marker error: RMS = 0.0463435, max = 0.150736 (LBHD)
[2025-09-16 15:53:31.692] [info] Frame 1297 (t = 6.485):	 total squared error = 0.0946919, marker error: RMS = 0.0463906, max = 0.151447 (LBHD)
[2025-09-16 15:53:31.706] [info] Frame 1298 (t = 6.49):	 total squared error = 0.0949684, marker error: RMS = 0.0464583, max = 0.15213 (LBHD)
[2025-09-16 15:53:31.724] [info] Frame 1299 (t = 6.495):	 total squared error = 0.0951049, marker error: RMS = 0.0464917, max = 0.152726 (LBHD)
[2025-09-16 15:53:31.737] [info] Frame 1300 (t = 6.5):	 total squared error = 0.0954324, marker error: RMS = 0.0465716, max = 0.153688 (LBHD)
[2025-09-16 15:53:31.753] [info] Frame 1301 (t = 6.50500):	 total squared error = 0.0954747, marker error: RMS = 0.046582, max = 0.154065 (LBHD)
[2025-09-16 15:53:31.789] [info] Frame 1302 (t = 6.51):	 total squared error = 0.095834, marker error: RMS = 0.0466695, max = 0.154815 (LBHD)
[2025-09-16 15:53:31.807] [info] Frame 1303 (t = 6.515):	 total squared error = 0.0956268, marker error: RMS = 0.0466191, max = 0.1549 (LBHD)
[2025-09-16 15:53:31.831] [info] Frame 1304 (t = 6.52):	 total squared error = 0.0958365, marker error: RMS = 0.0466701, max = 0.155010 (LBHD)
[2025-09-16 15:53:31.848] [info] Frame 1305 (t = 6.525):	 total squared error = 0.0959297, marker error: RMS = 0.0466928, max = 0.155246 (LBHD)
[2025-09-16 15:53:31.888] [info] Frame 1306 (t = 6.53):	 total squared error = 0.0964738, marker error: RMS = 0.0468251, max = 0.15662 (LBHD)
[2025-09-16 15:53:31.912] [info] Frame 1307 (t = 6.535):	 total squared error = 0.096482, marker error: RMS = 0.046827, max = 0.157147 (LBHD)
[2025-09-16 15:53:31.933] [info] Frame 1308 (t = 6.54):	 total squared error = 0.0970257, marker error: RMS = 0.0469588, max = 0.158456 (LBHD)
[2025-09-16 15:53:31.972] [info] Frame 1309 (t = 6.545):	 total squared error = 0.0972886, marker error: RMS = 0.0470224, max = 0.158968 (LBHD)
[2025-09-16 15:53:31.989] [info] Frame 1310 (t = 6.55):	 total squared error = 0.0975397, marker error: RMS = 0.0470830, max = 0.159771 (LBHD)
[2025-09-16 15:53:32.006] [info] Frame 1311 (t = 6.555):	 total squared error = 0.0976926, marker error: RMS = 0.0471199, max = 0.160097 (LBHD)
[2025-09-16 15:53:32.022] [info] Frame 1312 (t = 6.56):	 total squared error = 0.0979197, marker error: RMS = 0.0471747, max = 0.160648 (LBHD)
[2025-09-16 15:53:32.046] [info] Frame 1313 (t = 6.565):	 total squared error = 0.0976065, marker error: RMS = 0.0470991, max = 0.160396 (LBHD)
[2025-09-16 15:53:32.085] [info] Frame 1314 (t = 6.57):	 total squared error = 0.0978961, marker error: RMS = 0.047169, max = 0.160992 (LBHD)
[2025-09-16 15:53:32.104] [info] Frame 1315 (t = 6.575):	 total squared error = 0.0980550, marker error: RMS = 0.0472072, max = 0.161464 (LBHD)
[2025-09-16 15:53:32.117] [info] Frame 1316 (t = 6.58):	 total squared error = 0.0983828, marker error: RMS = 0.0472861, max = 0.161996 (LBHD)
[2025-09-16 15:53:32.141] [info] Frame 1317 (t = 6.585):	 total squared error = 0.098117, marker error: RMS = 0.0472221, max = 0.161782 (LBHD)
[2025-09-16 15:53:32.250] [info] Frame 1318 (t = 6.59):	 total squared error = 0.0985309, marker error: RMS = 0.0473217, max = 0.162467 (LBHD)
[2025-09-16 15:53:32.312] [info] Frame 1319 (t = 6.595):	 total squared error = 0.0986319, marker error: RMS = 0.0473459, max = 0.162636 (LBHD)
[2025-09-16 15:53:32.332] [info] Frame 1320 (t = 6.6):	 total squared error = 0.0988729, marker error: RMS = 0.0474037, max = 0.162913 (LBHD)
[2025-09-16 15:53:32.356] [info] Frame 1321 (t = 6.60500):	 total squared error = 0.0988883, marker error: RMS = 0.0474074, max = 0.162926 (LBHD)
[2025-09-16 15:53:32.400] [info] Frame 1322 (t = 6.61):	 total squared error = 0.0991644, marker error: RMS = 0.0474735, max = 0.163388 (LBHD)
[2025-09-16 15:53:32.436] [info] Frame 1323 (t = 6.615):	 total squared error = 0.0990141, marker error: RMS = 0.0474375, max = 0.163352 (LBHD)
[2025-09-16 15:53:32.463] [info] Frame 1324 (t = 6.62):	 total squared error = 0.099322, marker error: RMS = 0.0475112, max = 0.163908 (LBHD)
[2025-09-16 15:53:32.518] [info] Frame 1325 (t = 6.625):	 total squared error = 0.0994804, marker error: RMS = 0.0475491, max = 0.164183 (LBHD)
[2025-09-16 15:53:32.536] [info] Frame 1326 (t = 6.63):	 total squared error = 0.0997313, marker error: RMS = 0.0476090, max = 0.164553 (LBHD)
[2025-09-16 15:53:32.589] [info] Frame 1327 (t = 6.635):	 total squared error = 0.0996793, marker error: RMS = 0.0475966, max = 0.164609 (LBHD)
[2025-09-16 15:53:32.605] [info] Frame 1328 (t = 6.64):	 total squared error = 0.0998761, marker error: RMS = 0.0476436, max = 0.164896 (LBHD)
[2025-09-16 15:53:32.629] [info] Frame 1329 (t = 6.645):	 total squared error = 0.0995141, marker error: RMS = 0.0475572, max = 0.164501 (LBHD)
[2025-09-16 15:53:32.680] [info] Frame 1330 (t = 6.65):	 total squared error = 0.0996764, marker error: RMS = 0.0475959, max = 0.164849 (LBHD)
[2025-09-16 15:53:32.700] [info] Frame 1331 (t = 6.655):	 total squared error = 0.0998927, marker error: RMS = 0.0476476, max = 0.165118 (LBHD)
[2025-09-16 15:53:32.714] [info] Frame 1332 (t = 6.66):	 total squared error = 0.100090, marker error: RMS = 0.0476945, max = 0.165439 (LBHD)
[2025-09-16 15:53:32.732] [info] Frame 1333 (t = 6.665):	 total squared error = 0.0999527, marker error: RMS = 0.0476618, max = 0.165406 (LBHD)
[2025-09-16 15:53:32.744] [info] Frame 1334 (t = 6.67):	 total squared error = 0.100114, marker error: RMS = 0.0477002, max = 0.165643 (LBHD)
[2025-09-16 15:53:32.790] [info] Frame 1335 (t = 6.675):	 total squared error = 0.100027, marker error: RMS = 0.0476796, max = 0.165471 (LBHD)
[2025-09-16 15:53:32.810] [info] Frame 1336 (t = 6.68):	 total squared error = 0.100304, marker error: RMS = 0.0477454, max = 0.1658 (LBHD)
[2025-09-16 15:53:32.835] [info] Frame 1337 (t = 6.685):	 total squared error = 0.100210, marker error: RMS = 0.0477231, max = 0.165714 (LBHD)
[2025-09-16 15:53:32.884] [info] Frame 1338 (t = 6.69):	 total squared error = 0.100337, marker error: RMS = 0.0477533, max = 0.165996 (LBHD)
[2025-09-16 15:53:32.905] [info] Frame 1339 (t = 6.695):	 total squared error = 0.100281, marker error: RMS = 0.0477402, max = 0.165907 (LBHD)
[2025-09-16 15:53:32.919] [info] Frame 1340 (t = 6.7):	 total squared error = 0.100414, marker error: RMS = 0.0477717, max = 0.165985 (LBHD)
[2025-09-16 15:53:32.939] [info] Frame 1341 (t = 6.70500):	 total squared error = 0.100355, marker error: RMS = 0.0477576, max = 0.165952 (LBHD)
[2025-09-16 15:53:32.985] [info] Frame 1342 (t = 6.71):	 total squared error = 0.100347, marker error: RMS = 0.0477557, max = 0.166022 (LBHD)
[2025-09-16 15:53:33.002] [info] Frame 1343 (t = 6.715):	 total squared error = 0.100365, marker error: RMS = 0.04776, max = 0.165997 (LBHD)
[2025-09-16 15:53:33.017] [info] Frame 1344 (t = 6.72):	 total squared error = 0.100472, marker error: RMS = 0.0477856, max = 0.166065 (LBHD)
[2025-09-16 15:53:33.039] [info] Frame 1345 (t = 6.725):	 total squared error = 0.100077, marker error: RMS = 0.0476914, max = 0.165447 (LBHD)
[2025-09-16 15:53:33.075] [info] Frame 1346 (t = 6.73):	 total squared error = 0.100449, marker error: RMS = 0.0477799, max = 0.165853 (LBHD)
[2025-09-16 15:53:33.098] [info] Frame 1347 (t = 6.735):	 total squared error = 0.100500, marker error: RMS = 0.0477923, max = 0.165887 (LBHD)
[2025-09-16 15:53:33.113] [info] Frame 1348 (t = 6.74):	 total squared error = 0.100675, marker error: RMS = 0.0478338, max = 0.166057 (LBHD)
[2025-09-16 15:53:33.133] [info] Frame 1349 (t = 6.745):	 total squared error = 0.100785, marker error: RMS = 0.0478599, max = 0.166097 (LBHD)
[2025-09-16 15:53:33.151] [info] Frame 1350 (t = 6.75):	 total squared error = 0.100697, marker error: RMS = 0.0478389, max = 0.166047 (LBHD)
[2025-09-16 15:53:33.195] [info] Frame 1351 (t = 6.755):	 total squared error = 0.100798, marker error: RMS = 0.047863, max = 0.166123 (LBHD)
[2025-09-16 15:53:33.221] [info] Frame 1352 (t = 6.76):	 total squared error = 0.101038, marker error: RMS = 0.0479199, max = 0.166438 (LBHD)
[2025-09-16 15:53:33.244] [info] Frame 1353 (t = 6.765):	 total squared error = 0.101085, marker error: RMS = 0.047931, max = 0.166679 (LBHD)
[2025-09-16 15:53:33.301] [info] Frame 1354 (t = 6.77):	 total squared error = 0.100957, marker error: RMS = 0.0479006, max = 0.166472 (LBHD)
[2025-09-16 15:53:33.321] [info] Frame 1355 (t = 6.775):	 total squared error = 0.101111, marker error: RMS = 0.0479372, max = 0.166632 (LBHD)
[2025-09-16 15:53:33.343] [info] Frame 1356 (t = 6.78):	 total squared error = 0.101149, marker error: RMS = 0.0479461, max = 0.166665 (LBHD)
[2025-09-16 15:53:33.394] [info] Frame 1357 (t = 6.785):	 total squared error = 0.101076, marker error: RMS = 0.0479289, max = 0.166667 (LBHD)
[2025-09-16 15:53:33.421] [info] Frame 1358 (t = 6.79):	 total squared error = 0.100819, marker error: RMS = 0.047868, max = 0.166277 (LBHD)
[2025-09-16 15:53:33.439] [info] Frame 1359 (t = 6.795):	 total squared error = 0.100929, marker error: RMS = 0.0478941, max = 0.166507 (LBHD)
[2025-09-16 15:53:33.490] [info] Frame 1360 (t = 6.8):	 total squared error = 0.101012, marker error: RMS = 0.0479137, max = 0.166506 (LBHD)
[2025-09-16 15:53:33.509] [info] Frame 1361 (t = 6.80500):	 total squared error = 0.101078, marker error: RMS = 0.0479294, max = 0.166635 (LBHD)
[2025-09-16 15:53:33.531] [info] Frame 1362 (t = 6.81):	 total squared error = 0.101016, marker error: RMS = 0.0479146, max = 0.16645 (LBHD)
[2025-09-16 15:53:33.550] [info] Frame 1363 (t = 6.815):	 total squared error = 0.101005, marker error: RMS = 0.0479122, max = 0.166521 (LBHD)
[2025-09-16 15:53:33.598] [info] Frame 1364 (t = 6.82):	 total squared error = 0.100978, marker error: RMS = 0.0479058, max = 0.166494 (LBHD)
[2025-09-16 15:53:33.618] [info] Frame 1365 (t = 6.825):	 total squared error = 0.100932, marker error: RMS = 0.0478948, max = 0.166334 (LBHD)
[2025-09-16 15:53:33.633] [info] Frame 1366 (t = 6.83):	 total squared error = 0.100987, marker error: RMS = 0.0479078, max = 0.166475 (LBHD)
[2025-09-16 15:53:33.761] [info] Frame 1367 (t = 6.835):	 total squared error = 0.100954, marker error: RMS = 0.0479, max = 0.166644 (LBHD)
[2025-09-16 15:53:33.792] [info] Frame 1368 (t = 6.84):	 total squared error = 0.100819, marker error: RMS = 0.0478679, max = 0.166466 (LBHD)
[2025-09-16 15:53:33.811] [info] Frame 1369 (t = 6.845):	 total squared error = 0.100906, marker error: RMS = 0.0478885, max = 0.166574 (LBHD)
[2025-09-16 15:53:33.843] [info] Frame 1370 (t = 6.85):	 total squared error = 0.100706, marker error: RMS = 0.0478411, max = 0.166324 (LBHD)
[2025-09-16 15:53:33.909] [info] Frame 1371 (t = 6.855):	 total squared error = 0.100857, marker error: RMS = 0.0478769, max = 0.166469 (LBHD)
[2025-09-16 15:53:33.927] [info] Frame 1372 (t = 6.86):	 total squared error = 0.100922, marker error: RMS = 0.0478924, max = 0.166602 (LBHD)
[2025-09-16 15:53:33.943] [info] Frame 1373 (t = 6.865):	 total squared error = 0.101018, marker error: RMS = 0.0479153, max = 0.166581 (LBHD)
[2025-09-16 15:53:33.994] [info] Frame 1374 (t = 6.87):	 total squared error = 0.100828, marker error: RMS = 0.04787, max = 0.166216 (LBHD)
[2025-09-16 15:53:34.019] [info] Frame 1375 (t = 6.875):	 total squared error = 0.100971, marker error: RMS = 0.0479041, max = 0.166532 (LBHD)
[2025-09-16 15:53:34.043] [info] Frame 1376 (t = 6.88):	 total squared error = 0.100858, marker error: RMS = 0.0478773, max = 0.166365 (LBHD)
[2025-09-16 15:53:34.093] [info] Frame 1377 (t = 6.885):	 total squared error = 0.100894, marker error: RMS = 0.0478858, max = 0.166418 (LBHD)
[2025-09-16 15:53:34.117] [info] Frame 1378 (t = 6.89):	 total squared error = 0.100845, marker error: RMS = 0.0478741, max = 0.166357 (LBHD)
[2025-09-16 15:53:34.133] [info] Frame 1379 (t = 6.895):	 total squared error = 0.100899, marker error: RMS = 0.0478869, max = 0.166566 (LBHD)
[2025-09-16 15:53:34.167] [info] Frame 1380 (t = 6.9):	 total squared error = 0.100579, marker error: RMS = 0.0478111, max = 0.165865 (LBHD)
[2025-09-16 15:53:34.205] [info] Frame 1381 (t = 6.90500):	 total squared error = 0.100666, marker error: RMS = 0.0478317, max = 0.165968 (LBHD)
[2025-09-16 15:53:34.226] [info] Frame 1382 (t = 6.91):	 total squared error = 0.100995, marker error: RMS = 0.0479096, max = 0.166484 (LBHD)
[2025-09-16 15:53:34.246] [info] Frame 1383 (t = 6.915):	 total squared error = 0.101195, marker error: RMS = 0.0479572, max = 0.166958 (LBHD)
[2025-09-16 15:53:34.288] [info] Frame 1384 (t = 6.92):	 total squared error = 0.101187, marker error: RMS = 0.0479553, max = 0.167059 (LBHD)
[2025-09-16 15:53:34.301] [info] Frame 1385 (t = 6.925):	 total squared error = 0.101155, marker error: RMS = 0.0479477, max = 0.167208 (LBHD)
[2025-09-16 15:53:34.331] [info] Frame 1386 (t = 6.93):	 total squared error = 0.100729, marker error: RMS = 0.0478467, max = 0.166593 (LBHD)
[2025-09-16 15:53:34.369] [info] Frame 1387 (t = 6.935):	 total squared error = 0.100849, marker error: RMS = 0.0478751, max = 0.166756 (LBHD)
[2025-09-16 15:53:34.390] [info] Frame 1388 (t = 6.94):	 total squared error = 0.100739, marker error: RMS = 0.047849, max = 0.166724 (LBHD)
[2025-09-16 15:53:34.417] [info] Frame 1389 (t = 6.945):	 total squared error = 0.100562, marker error: RMS = 0.0478069, max = 0.165795 (LBHD)
[2025-09-16 15:53:34.450] [info] Frame 1390 (t = 6.95):	 total squared error = 0.100397, marker error: RMS = 0.0477678, max = 0.165217 (LBHD)
[2025-09-16 15:53:34.491] [info] Frame 1391 (t = 6.955):	 total squared error = 0.100991, marker error: RMS = 0.0479087, max = 0.166342 (LBHD)
[2025-09-16 15:53:34.518] [info] Frame 1392 (t = 6.96):	 total squared error = 0.100428, marker error: RMS = 0.047775, max = 0.166356 (LBHD)
[2025-09-16 15:53:34.535] [info] Frame 1393 (t = 6.965):	 total squared error = 0.100471, marker error: RMS = 0.0477852, max = 0.166475 (LBHD)
[2025-09-16 15:53:34.576] [info] Frame 1394 (t = 6.97):	 total squared error = 0.100588, marker error: RMS = 0.0478131, max = 0.166521 (LBHD)
[2025-09-16 15:53:34.589] [info] Frame 1395 (t = 6.975):	 total squared error = 0.100765, marker error: RMS = 0.0478552, max = 0.166849 (LBHD)
[2025-09-16 15:53:34.612] [info] Frame 1396 (t = 6.98):	 total squared error = 0.100433, marker error: RMS = 0.0477762, max = 0.166562 (LBHD)
[2025-09-16 15:53:34.629] [info] Frame 1397 (t = 6.985):	 total squared error = 0.100660, marker error: RMS = 0.0478302, max = 0.166952 (LBHD)
[2025-09-16 15:53:34.650] [info] Frame 1398 (t = 6.99):	 total squared error = 0.100504, marker error: RMS = 0.0477932, max = 0.166516 (LBHD)
[2025-09-16 15:53:34.689] [info] Frame 1399 (t = 6.995):	 total squared error = 0.100778, marker error: RMS = 0.0478583, max = 0.167217 (LBHD)
[2025-09-16 15:53:34.702] [info] Frame 1400 (t = 7.0):	 total squared error = 0.100948, marker error: RMS = 0.0478987, max = 0.167443 (LBHD)
[2025-09-16 15:53:34.725] [info] Frame 1401 (t = 7.00500):	 total squared error = 0.100533, marker error: RMS = 0.0478, max = 0.166885 (LBHD)
[2025-09-16 15:53:34.744] [info] Frame 1402 (t = 7.01):	 total squared error = 0.100615, marker error: RMS = 0.0478194, max = 0.166884 (LBHD)
[2025-09-16 15:53:34.784] [info] Frame 1403 (t = 7.015):	 total squared error = 0.100536, marker error: RMS = 0.0478006, max = 0.166827 (LBHD)
[2025-09-16 15:53:34.802] [info] Frame 1404 (t = 7.02):	 total squared error = 0.100483, marker error: RMS = 0.0477882, max = 0.166793 (LBHD)
[2025-09-16 15:53:34.818] [info] Frame 1405 (t = 7.025):	 total squared error = 0.100254, marker error: RMS = 0.0477337, max = 0.166492 (LBHD)
[2025-09-16 15:53:34.834] [info] Frame 1406 (t = 7.03):	 total squared error = 0.100630, marker error: RMS = 0.0478231, max = 0.166974 (LBHD)
[2025-09-16 15:53:34.873] [info] Frame 1407 (t = 7.035):	 total squared error = 0.100230, marker error: RMS = 0.0477279, max = 0.166394 (LBHD)
[2025-09-16 15:53:34.894] [info] Frame 1408 (t = 7.04):	 total squared error = 0.100707, marker error: RMS = 0.0478413, max = 0.167222 (LBHD)
[2025-09-16 15:53:34.907] [info] Frame 1409 (t = 7.045):	 total squared error = 0.100541, marker error: RMS = 0.0478019, max = 0.167012 (LBHD)
[2025-09-16 15:53:34.924] [info] Frame 1410 (t = 7.05):	 total squared error = 0.100745, marker error: RMS = 0.0478503, max = 0.167472 (LBHD)
[2025-09-16 15:53:34.946] [info] Frame 1411 (t = 7.055):	 total squared error = 0.100378, marker error: RMS = 0.0477632, max = 0.166996 (LBHD)
[2025-09-16 15:53:34.985] [info] Frame 1412 (t = 7.06):	 total squared error = 0.100688, marker error: RMS = 0.0478369, max = 0.167711 (LBHD)
[2025-09-16 15:53:35.001] [info] Frame 1413 (t = 7.065):	 total squared error = 0.100906, marker error: RMS = 0.0478887, max = 0.168030 (LBHD)
[2025-09-16 15:53:35.023] [info] Frame 1414 (t = 7.07):	 total squared error = 0.100664, marker error: RMS = 0.0478311, max = 0.167802 (LBHD)
[2025-09-16 15:53:35.036] [info] Frame 1415 (t = 7.075):	 total squared error = 0.100819, marker error: RMS = 0.047868, max = 0.167955 (LBHD)
[2025-09-16 15:53:35.091] [info] Frame 1416 (t = 7.08):	 total squared error = 0.100685, marker error: RMS = 0.0478361, max = 0.167756 (LBHD)
[2025-09-16 15:53:35.115] [info] Frame 1417 (t = 7.085):	 total squared error = 0.100221, marker error: RMS = 0.0477258, max = 0.16718 (LBHD)
[2025-09-16 15:53:35.133] [info] Frame 1418 (t = 7.09):	 total squared error = 0.100318, marker error: RMS = 0.0477489, max = 0.167134 (LBHD)
[2025-09-16 15:53:35.152] [info] Frame 1419 (t = 7.095):	 total squared error = 0.100467, marker error: RMS = 0.0477843, max = 0.168028 (LBHD)
[2025-09-16 15:53:35.190] [info] Frame 1420 (t = 7.1):	 total squared error = 0.100765, marker error: RMS = 0.0478552, max = 0.168648 (LBHD)
[2025-09-16 15:53:35.208] [info] Frame 1421 (t = 7.10500):	 total squared error = 0.100788, marker error: RMS = 0.0478606, max = 0.168863 (LBHD)
[2025-09-16 15:53:35.223] [info] Frame 1422 (t = 7.11):	 total squared error = 0.100930, marker error: RMS = 0.0478943, max = 0.169072 (LBHD)
[2025-09-16 15:53:35.243] [info] Frame 1423 (t = 7.115):	 total squared error = 0.100696, marker error: RMS = 0.0478388, max = 0.16894 (LBHD)
[2025-09-16 15:53:35.281] [info] Frame 1424 (t = 7.12):	 total squared error = 0.100580, marker error: RMS = 0.0478112, max = 0.168668 (LBHD)
[2025-09-16 15:53:35.297] [info] Frame 1425 (t = 7.125):	 total squared error = 0.100563, marker error: RMS = 0.0478072, max = 0.168702 (LBHD)
[2025-09-16 15:53:35.313] [info] Frame 1426 (t = 7.13):	 total squared error = 0.100489, marker error: RMS = 0.0477894, max = 0.168627 (LBHD)
[2025-09-16 15:53:35.417] [info] Frame 1427 (t = 7.135):	 total squared error = 0.100941, marker error: RMS = 0.047897, max = 0.169552 (LBHD)
[2025-09-16 15:53:35.442] [info] Frame 1428 (t = 7.14):	 total squared error = 0.100488, marker error: RMS = 0.0477894, max = 0.169003 (LBHD)
[2025-09-16 15:53:35.488] [info] Frame 1429 (t = 7.145):	 total squared error = 0.100518, marker error: RMS = 0.0477964, max = 0.169382 (LBHD)
[2025-09-16 15:53:35.509] [info] Frame 1430 (t = 7.15):	 total squared error = 0.100934, marker error: RMS = 0.0478954, max = 0.170048 (LBHD)
[2025-09-16 15:53:35.528] [info] Frame 1431 (t = 7.155):	 total squared error = 0.100694, marker error: RMS = 0.0478382, max = 0.169756 (LBHD)
[2025-09-16 15:53:35.550] [info] Frame 1432 (t = 7.16):	 total squared error = 0.100455, marker error: RMS = 0.0477815, max = 0.169633 (LBHD)
[2025-09-16 15:53:35.595] [info] Frame 1433 (t = 7.165):	 total squared error = 0.100440, marker error: RMS = 0.0477778, max = 0.169549 (LBHD)
[2025-09-16 15:53:35.616] [info] Frame 1434 (t = 7.17):	 total squared error = 0.100370, marker error: RMS = 0.0477613, max = 0.169738 (LBHD)
[2025-09-16 15:53:35.636] [info] Frame 1435 (t = 7.175):	 total squared error = 0.100521, marker error: RMS = 0.0477972, max = 0.170163 (LBHD)
[2025-09-16 15:53:35.652] [info] Frame 1436 (t = 7.18):	 total squared error = 0.100593, marker error: RMS = 0.0478142, max = 0.170632 (LBHD)
[2025-09-16 15:53:35.700] [info] Frame 1437 (t = 7.185):	 total squared error = 0.100177, marker error: RMS = 0.0477152, max = 0.170434 (LBHD)
[2025-09-16 15:53:35.718] [info] Frame 1438 (t = 7.19):	 total squared error = 0.100512, marker error: RMS = 0.0477951, max = 0.170987 (LBHD)
[2025-09-16 15:53:35.740] [info] Frame 1439 (t = 7.195):	 total squared error = 0.100390, marker error: RMS = 0.047766, max = 0.170948 (LBHD)
[2025-09-16 15:53:35.783] [info] Frame 1440 (t = 7.2):	 total squared error = 0.0998811, marker error: RMS = 0.0476448, max = 0.170171 (LBHD)
[2025-09-16 15:53:35.803] [info] Frame 1441 (t = 7.20500):	 total squared error = 0.100285, marker error: RMS = 0.0477409, max = 0.171091 (LBHD)
[2025-09-16 15:53:35.823] [info] Frame 1442 (t = 7.21):	 total squared error = 0.100226, marker error: RMS = 0.0477271, max = 0.171063 (LBHD)
[2025-09-16 15:53:35.840] [info] Frame 1443 (t = 7.215):	 total squared error = 0.100176, marker error: RMS = 0.047715, max = 0.171339 (LBHD)
[2025-09-16 15:53:35.868] [info] Frame 1444 (t = 7.22):	 total squared error = 0.0998668, marker error: RMS = 0.0476414, max = 0.171289 (LBHD)
[2025-09-16 15:53:35.910] [info] Frame 1445 (t = 7.225):	 total squared error = 0.100462, marker error: RMS = 0.0477831, max = 0.172291 (LBHD)
[2025-09-16 15:53:35.935] [info] Frame 1446 (t = 7.23):	 total squared error = 0.100375, marker error: RMS = 0.0477624, max = 0.172445 (LBHD)
[2025-09-16 15:53:35.957] [info] Frame 1447 (t = 7.235):	 total squared error = 0.0999948, marker error: RMS = 0.0476719, max = 0.171972 (LBHD)
[2025-09-16 15:53:36.005] [info] Frame 1448 (t = 7.24):	 total squared error = 0.100016, marker error: RMS = 0.0476769, max = 0.172184 (LBHD)
[2025-09-16 15:53:36.028] [info] Frame 1449 (t = 7.245):	 total squared error = 0.100168, marker error: RMS = 0.0477131, max = 0.172589 (LBHD)
[2025-09-16 15:53:36.046] [info] Frame 1450 (t = 7.25):	 total squared error = 0.100109, marker error: RMS = 0.0476991, max = 0.17276 (LBHD)
[2025-09-16 15:53:36.091] [info] Frame 1451 (t = 7.255):	 total squared error = 0.100209, marker error: RMS = 0.0477229, max = 0.173211 (LBHD)
[2025-09-16 15:53:36.118] [info] Frame 1452 (t = 7.26):	 total squared error = 0.0997692, marker error: RMS = 0.0476181, max = 0.172877 (LBHD)
[2025-09-16 15:53:36.156] [info] Frame 1453 (t = 7.265):	 total squared error = 0.0995967, marker error: RMS = 0.0475769, max = 0.17295 (LBHD)
[2025-09-16 15:53:36.213] [info] Frame 1454 (t = 7.27):	 total squared error = 0.0997253, marker error: RMS = 0.0476076, max = 0.173271 (LBHD)
[2025-09-16 15:53:36.253] [info] Frame 1455 (t = 7.275):	 total squared error = 0.0994554, marker error: RMS = 0.0475431, max = 0.1731 (LBHD)
[2025-09-16 15:53:36.298] [info] Frame 1456 (t = 7.28):	 total squared error = 0.0998651, marker error: RMS = 0.047641, max = 0.173815 (LBHD)
[2025-09-16 15:53:36.324] [info] Frame 1457 (t = 7.285):	 total squared error = 0.0995783, marker error: RMS = 0.0475725, max = 0.173777 (LBHD)
[2025-09-16 15:53:36.341] [info] Frame 1458 (t = 7.29):	 total squared error = 0.0998169, marker error: RMS = 0.0476295, max = 0.174023 (LBHD)
[2025-09-16 15:53:36.392] [info] Frame 1459 (t = 7.295):	 total squared error = 0.0993459, marker error: RMS = 0.0475169, max = 0.174013 (LBHD)
[2025-09-16 15:53:36.413] [info] Frame 1460 (t = 7.3):	 total squared error = 0.0994296, marker error: RMS = 0.047537, max = 0.174384 (LBHD)
[2025-09-16 15:53:36.438] [info] Frame 1461 (t = 7.30500):	 total squared error = 0.0990712, marker error: RMS = 0.0474512, max = 0.174369 (LBHD)
[2025-09-16 15:53:36.489] [info] Frame 1462 (t = 7.31):	 total squared error = 0.099165, marker error: RMS = 0.0474737, max = 0.174841 (LBHD)
[2025-09-16 15:53:36.518] [info] Frame 1463 (t = 7.315):	 total squared error = 0.0987903, marker error: RMS = 0.0473839, max = 0.174682 (LBHD)
[2025-09-16 15:53:36.549] [info] Frame 1464 (t = 7.32):	 total squared error = 0.0987132, marker error: RMS = 0.0473654, max = 0.174611 (LBHD)
[2025-09-16 15:53:36.620] [info] Frame 1465 (t = 7.325):	 total squared error = 0.0987667, marker error: RMS = 0.0473782, max = 0.17542 (LBHD)
[2025-09-16 15:53:36.657] [info] Frame 1466 (t = 7.33):	 total squared error = 0.0983871, marker error: RMS = 0.0472871, max = 0.174443 (LBHD)
[2025-09-16 15:53:36.726] [info] Frame 1467 (t = 7.335):	 total squared error = 0.098739, marker error: RMS = 0.0473716, max = 0.175728 (LBHD)
[2025-09-16 15:53:36.767] [info] Frame 1468 (t = 7.34):	 total squared error = 0.0988706, marker error: RMS = 0.0474032, max = 0.176223 (LBHD)
[2025-09-16 15:53:36.829] [info] Frame 1469 (t = 7.345):	 total squared error = 0.098814, marker error: RMS = 0.0473896, max = 0.176478 (LBHD)
[2025-09-16 15:53:36.973] [info] Frame 1470 (t = 7.35):	 total squared error = 0.0987328, marker error: RMS = 0.0473701, max = 0.176274 (LBHD)
[2025-09-16 15:53:37.008] [info] Frame 1471 (t = 7.355):	 total squared error = 0.0985862, marker error: RMS = 0.0473349, max = 0.176575 (LBHD)
[2025-09-16 15:53:37.034] [info] Frame 1472 (t = 7.36):	 total squared error = 0.0987315, marker error: RMS = 0.0473698, max = 0.176869 (LBHD)
[2025-09-16 15:53:37.097] [info] Frame 1473 (t = 7.365):	 total squared error = 0.0986148, marker error: RMS = 0.0473418, max = 0.177215 (LBHD)
[2025-09-16 15:53:37.132] [info] Frame 1474 (t = 7.37):	 total squared error = 0.0989198, marker error: RMS = 0.0474149, max = 0.177553 (LBHD)
[2025-09-16 15:53:37.164] [info] Frame 1475 (t = 7.375):	 total squared error = 0.0990268, marker error: RMS = 0.0474406, max = 0.177655 (LBHD)
[2025-09-16 15:53:37.209] [info] Frame 1476 (t = 7.38):	 total squared error = 0.100130, marker error: RMS = 0.0477041, max = 0.179526 (LBHD)
[2025-09-16 15:53:37.237] [info] Frame 1477 (t = 7.385):	 total squared error = 0.0996572, marker error: RMS = 0.0475913, max = 0.179196 (LBHD)
[2025-09-16 15:53:37.318] [info] Frame 1478 (t = 7.39):	 total squared error = 0.0996308, marker error: RMS = 0.047585, max = 0.178624 (LBHD)
[2025-09-16 15:53:37.373] [info] Frame 1479 (t = 7.395):	 total squared error = 0.0997587, marker error: RMS = 0.0476156, max = 0.178614 (LBHD)
[2025-09-16 15:53:37.412] [info] Frame 1480 (t = 7.4):	 total squared error = 0.0996186, marker error: RMS = 0.0475821, max = 0.179218 (LBHD)
[2025-09-16 15:53:37.446] [info] Frame 1481 (t = 7.40500):	 total squared error = 0.0999897, marker error: RMS = 0.0476707, max = 0.179683 (LBHD)
[2025-09-16 15:53:37.487] [info] Frame 1482 (t = 7.41):	 total squared error = 0.0995682, marker error: RMS = 0.0475701, max = 0.179711 (LBHD)
[2025-09-16 15:53:37.529] [info] Frame 1483 (t = 7.415):	 total squared error = 0.100201, marker error: RMS = 0.0477209, max = 0.180281 (LBHD)
[2025-09-16 15:53:37.545] [info] Frame 1484 (t = 7.42):	 total squared error = 0.0999643, marker error: RMS = 0.0476646, max = 0.180595 (LBHD)
[2025-09-16 15:53:37.603] [info] Frame 1485 (t = 7.425):	 total squared error = 0.100423, marker error: RMS = 0.0477738, max = 0.181 (LBHD)
[2025-09-16 15:53:37.629] [info] Frame 1486 (t = 7.43):	 total squared error = 0.100186, marker error: RMS = 0.0477174, max = 0.181121 (LBHD)
[2025-09-16 15:53:37.656] [info] Frame 1487 (t = 7.435):	 total squared error = 0.100244, marker error: RMS = 0.0477312, max = 0.181295 (LBHD)
[2025-09-16 15:53:37.701] [info] Frame 1488 (t = 7.44):	 total squared error = 0.0998705, marker error: RMS = 0.0476423, max = 0.180795 (LBHD)
[2025-09-16 15:53:37.738] [info] Frame 1489 (t = 7.445):	 total squared error = 0.100528, marker error: RMS = 0.0477988, max = 0.182016 (LBHD)
[2025-09-16 15:53:37.783] [info] Frame 1490 (t = 7.45):	 total squared error = 0.0999152, marker error: RMS = 0.0476529, max = 0.18126 (LBHD)
[2025-09-16 15:53:37.832] [info] Frame 1491 (t = 7.455):	 total squared error = 0.0992745, marker error: RMS = 0.0474999, max = 0.180318 (LBHD)
[2025-09-16 15:53:37.846] [info] Frame 1492 (t = 7.46):	 total squared error = 0.0991727, marker error: RMS = 0.0474755, max = 0.181016 (LBHD)
[2025-09-16 15:53:37.889] [info] Frame 1493 (t = 7.465):	 total squared error = 0.098172, marker error: RMS = 0.0472354, max = 0.179244 (LBHD)
[2025-09-16 15:53:37.916] [info] Frame 1494 (t = 7.47):	 total squared error = 0.0981838, marker error: RMS = 0.0472382, max = 0.179412 (LBHD)
[2025-09-16 15:53:37.952] [info] Frame 1495 (t = 7.475):	 total squared error = 0.0970187, marker error: RMS = 0.0469571, max = 0.178108 (LBHD)
[2025-09-16 15:53:37.996] [info] Frame 1496 (t = 7.48):	 total squared error = 0.0957077, marker error: RMS = 0.0466388, max = 0.17656 (LBHD)
[2025-09-16 15:53:38.015] [info] Frame 1497 (t = 7.485):	 total squared error = 0.0943594, marker error: RMS = 0.0463091, max = 0.175288 (LBHD)
[2025-09-16 15:53:38.040] [info] Frame 1498 (t = 7.49):	 total squared error = 0.0945743, marker error: RMS = 0.0463618, max = 0.175044 (LBHD)
[2025-09-16 15:53:38.089] [info] Frame 1499 (t = 7.495):	 total squared error = 0.0941471, marker error: RMS = 0.046257, max = 0.175045 (LBHD)
[2025-09-16 15:53:38.144] [info] Frame 1500 (t = 7.5):	 total squared error = 0.0928589, marker error: RMS = 0.0459394, max = 0.172818 (LBHD)
[2025-09-16 15:53:38.187] [info] Frame 1501 (t = 7.50500):	 total squared error = 0.0909097, marker error: RMS = 0.0454547, max = 0.17133 (LBHD)
[2025-09-16 15:53:38.229] [info] Frame 1502 (t = 7.51):	 total squared error = 0.0903283, marker error: RMS = 0.0453091, max = 0.169473 (LBHD)
[2025-09-16 15:53:38.284] [info] Frame 1503 (t = 7.515):	 total squared error = 0.0891159, marker error: RMS = 0.0450040, max = 0.167039 (LBHD)
[2025-09-16 15:53:38.380] [info] Frame 1504 (t = 7.52):	 total squared error = 0.0883201, marker error: RMS = 0.0448026, max = 0.165463 (LBHD)
[2025-09-16 15:53:38.448] [info] Frame 1505 (t = 7.525):	 total squared error = 0.0859717, marker error: RMS = 0.0442030, max = 0.162419 (LBHD)
[2025-09-16 15:53:38.542] [info] Frame 1506 (t = 7.53):	 total squared error = 0.0852089, marker error: RMS = 0.0440064, max = 0.160706 (LBHD)
[2025-09-16 15:53:38.694] [info] Frame 1507 (t = 7.535):	 total squared error = 0.0827519, marker error: RMS = 0.0433673, max = 0.157101 (LBHD)
[2025-09-16 15:53:38.779] [info] Frame 1508 (t = 7.54):	 total squared error = 0.0823847, marker error: RMS = 0.043271, max = 0.155103 (LBHD)
[2025-09-16 15:53:38.896] [info] Frame 1509 (t = 7.545):	 total squared error = 0.0812131, marker error: RMS = 0.0429622, max = 0.153263 (LBHD)
[2025-09-16 15:53:39.032] [info] Frame 1510 (t = 7.55):	 total squared error = 0.0920079, marker error: RMS = 0.0457284, max = 0.162816 (LBHD)
[2025-09-16 15:53:39.083] [info] Frame 1511 (t = 7.555):	 total squared error = 0.0906412, marker error: RMS = 0.0453875, max = 0.160913 (LBHD)
[2025-09-16 15:53:39.147] [info] Frame 1512 (t = 7.56):	 total squared error = 0.0888391, marker error: RMS = 0.0449341, max = 0.15836 (LBHD)
[2025-09-16 15:53:39.245] [info] Frame 1513 (t = 7.565):	 total squared error = 0.0885843, marker error: RMS = 0.0448696, max = 0.157555 (LBHD)
[2025-09-16 15:53:39.299] [info] Frame 1514 (t = 7.57):	 total squared error = 0.0869907, marker error: RMS = 0.0444642, max = 0.155681 (LBHD)
[2025-09-16 15:53:39.360] [info] Frame 1515 (t = 7.575):	 total squared error = 0.087125, marker error: RMS = 0.0444985, max = 0.155236 (LBHD)
[2025-09-16 15:53:39.429] [info] Frame 1516 (t = 7.58):	 total squared error = 0.0868396, marker error: RMS = 0.0444255, max = 0.154707 (LBHD)
[2025-09-16 15:53:39.462] [info] Frame 1517 (t = 7.585):	 total squared error = 0.086229, marker error: RMS = 0.0442691, max = 0.153376 (LBHD)
[2025-09-16 15:53:39.544] [info] Frame 1518 (t = 7.59):	 total squared error = 0.0869138, marker error: RMS = 0.0444445, max = 0.15262 (LBHD)
[2025-09-16 15:53:39.636] [info] Frame 1519 (t = 7.595):	 total squared error = 0.0875159, marker error: RMS = 0.0445982, max = 0.152436 (LBHD)
[2025-09-16 15:53:39.744] [info] Frame 1520 (t = 7.6):	 total squared error = 0.0882743, marker error: RMS = 0.044791, max = 0.151262 (LBHD)
[2025-09-16 15:53:39.928] [info] Frame 1521 (t = 7.60500):	 total squared error = 0.0904945, marker error: RMS = 0.0453508, max = 0.151682 (LBHD)
[2025-09-16 15:53:40.015] [info] Frame 1522 (t = 7.61):	 total squared error = 0.0920609, marker error: RMS = 0.0457416, max = 0.151563 (LBHD)
[2025-09-16 15:53:40.074] [info] Frame 1523 (t = 7.615):	 total squared error = 0.0943184, marker error: RMS = 0.046299, max = 0.151178 (LBHD)
[2025-09-16 15:53:40.146] [info] Frame 1524 (t = 7.62):	 total squared error = 0.0974141, marker error: RMS = 0.0470527, max = 0.151117 (LBHD)
[2025-09-16 15:53:40.223] [info] Frame 1525 (t = 7.625):	 total squared error = 0.100344, marker error: RMS = 0.0477551, max = 0.150016 (LBHD)
[2025-09-16 15:53:40.278] [info] Frame 1526 (t = 7.63):	 total squared error = 0.104441, marker error: RMS = 0.0487201, max = 0.150025 (LBHD)
[2025-09-16 15:53:40.346] [info] Frame 1527 (t = 7.635):	 total squared error = 0.106590, marker error: RMS = 0.049219, max = 0.149482 (LBHD)
[2025-09-16 15:53:40.432] [info] Frame 1528 (t = 7.64):	 total squared error = 0.109482, marker error: RMS = 0.0498821, max = 0.150866 (LBHD)
[2025-09-16 15:53:40.492] [info] Frame 1529 (t = 7.645):	 total squared error = 0.111062, marker error: RMS = 0.0502407, max = 0.151698 (LBHD)
[2025-09-16 15:53:40.582] [info] Frame 1530 (t = 7.65):	 total squared error = 0.111752, marker error: RMS = 0.0503966, max = 0.152712 (LBHD)
[2025-09-16 15:53:40.647] [info] Frame 1531 (t = 7.655):	 total squared error = 0.111669, marker error: RMS = 0.0503779, max = 0.152197 (LBHD)
[2025-09-16 15:53:40.823] [info] Frame 1532 (t = 7.66):	 total squared error = 0.1113, marker error: RMS = 0.0502947, max = 0.153775 (LBHD)
[2025-09-16 15:53:40.866] [info] Frame 1533 (t = 7.665):	 total squared error = 0.110557, marker error: RMS = 0.0501263, max = 0.154608 (LBHD)
[2025-09-16 15:53:40.959] [info] Frame 1534 (t = 7.67):	 total squared error = 0.109126, marker error: RMS = 0.0498010, max = 0.155188 (LBHD)
[2025-09-16 15:53:41.028] [info] Frame 1535 (t = 7.675):	 total squared error = 0.107898, marker error: RMS = 0.04952, max = 0.155948 (LBHD)
[2025-09-16 15:53:41.095] [info] Frame 1536 (t = 7.68):	 total squared error = 0.106379, marker error: RMS = 0.0491702, max = 0.155926 (LBHD)
[2025-09-16 15:53:41.174] [info] Frame 1537 (t = 7.685):	 total squared error = 0.105054, marker error: RMS = 0.048863, max = 0.155566 (LBHD)
[2025-09-16 15:53:41.238] [info] Frame 1538 (t = 7.69):	 total squared error = 0.104075, marker error: RMS = 0.0486347, max = 0.155324 (LBHD)
[2025-09-16 15:53:41.299] [info] Frame 1539 (t = 7.695):	 total squared error = 0.103509, marker error: RMS = 0.0485022, max = 0.154666 (LBHD)
[2025-09-16 15:53:41.360] [info] Frame 1540 (t = 7.7):	 total squared error = 0.103415, marker error: RMS = 0.0484803, max = 0.153589 (LBHD)
[2025-09-16 15:53:41.400] [info] Frame 1541 (t = 7.70500):	 total squared error = 0.103919, marker error: RMS = 0.0485984, max = 0.153358 (LBHD)
[2025-09-16 15:53:41.449] [info] Frame 1542 (t = 7.71):	 total squared error = 0.103856, marker error: RMS = 0.0485836, max = 0.150236 (LBHD)
[2025-09-16 15:53:41.517] [info] Frame 1543 (t = 7.715):	 total squared error = 0.104454, marker error: RMS = 0.0487232, max = 0.149305 (LBHD)
[2025-09-16 15:53:41.560] [info] Frame 1544 (t = 7.72):	 total squared error = 0.105230, marker error: RMS = 0.0489038, max = 0.148040 (LBHD)
[2025-09-16 15:53:41.612] [info] Frame 1545 (t = 7.725):	 total squared error = 0.105889, marker error: RMS = 0.0490568, max = 0.146295 (LBHD)
[2025-09-16 15:53:41.643] [info] Frame 1546 (t = 7.73):	 total squared error = 0.106853, marker error: RMS = 0.0492796, max = 0.145273 (LBHD)
[2025-09-16 15:53:41.721] [info] Frame 1547 (t = 7.735):	 total squared error = 0.107308, marker error: RMS = 0.0493845, max = 0.145282 (LBHD)
[2025-09-16 15:53:41.757] [info] Frame 1548 (t = 7.74):	 total squared error = 0.107421, marker error: RMS = 0.0494105, max = 0.143715 (LBHD)
[2025-09-16 15:53:41.799] [info] Frame 1549 (t = 7.745):	 total squared error = 0.107539, marker error: RMS = 0.0494376, max = 0.142494 (LBHD)
[2025-09-16 15:53:41.825] [info] Frame 1550 (t = 7.75):	 total squared error = 0.107663, marker error: RMS = 0.0494659, max = 0.141881 (LBHD)
[2025-09-16 15:53:41.848] [info] Frame 1551 (t = 7.755):	 total squared error = 0.107926, marker error: RMS = 0.0495264, max = 0.140822 (LBHD)
[2025-09-16 15:53:41.924] [info] Frame 1552 (t = 7.76):	 total squared error = 0.107102, marker error: RMS = 0.049337, max = 0.140476 (LBHD)
[2025-09-16 15:53:41.933] [info] Frame 1553 (t = 7.765):	 total squared error = 0.107003, marker error: RMS = 0.0493142, max = 0.140174 (LBHD)
[2025-09-16 15:53:41.969] [info] Frame 1554 (t = 7.77):	 total squared error = 0.106843, marker error: RMS = 0.0492772, max = 0.139816 (LBHD)
[2025-09-16 15:53:42.021] [info] Frame 1555 (t = 7.775):	 total squared error = 0.106684, marker error: RMS = 0.0492407, max = 0.139467 (LBHD)
[2025-09-16 15:53:42.068] [info] Frame 1556 (t = 7.78):	 total squared error = 0.105902, marker error: RMS = 0.0490598, max = 0.139025 (LBHD)
[2025-09-16 15:53:42.129] [info] Frame 1557 (t = 7.785):	 total squared error = 0.106493, marker error: RMS = 0.0491965, max = 0.140274 (LBHD)
[2025-09-16 15:53:42.203] [info] Frame 1558 (t = 7.79):	 total squared error = 0.104496, marker error: RMS = 0.0487331, max = 0.138968 (LBHD)
[2025-09-16 15:53:42.262] [info] Frame 1559 (t = 7.795):	 total squared error = 0.105473, marker error: RMS = 0.0489603, max = 0.140485 (LBHD)
[2025-09-16 15:53:42.294] [info] Frame 1560 (t = 7.8):	 total squared error = 0.105538, marker error: RMS = 0.0489755, max = 0.140595 (LBHD)
[2025-09-16 15:53:42.332] [info] Frame 1561 (t = 7.80500):	 total squared error = 0.105108, marker error: RMS = 0.0488756, max = 0.141589 (LBHD)
[2025-09-16 15:53:42.482] [info] Frame 1562 (t = 7.81):	 total squared error = 0.105199, marker error: RMS = 0.0488967, max = 0.14165 (LBHD)
[2025-09-16 15:53:42.520] [info] Frame 1563 (t = 7.815):	 total squared error = 0.105415, marker error: RMS = 0.0489468, max = 0.142847 (LBHD)
[2025-09-16 15:53:42.585] [info] Frame 1564 (t = 7.82):	 total squared error = 0.105006, marker error: RMS = 0.0488519, max = 0.142481 (LBHD)
[2025-09-16 15:53:42.689] [info] Frame 1565 (t = 7.825):	 total squared error = 0.104941, marker error: RMS = 0.0488366, max = 0.142483 (LBHD)
[2025-09-16 15:53:42.789] [info] Frame 1566 (t = 7.83):	 total squared error = 0.104642, marker error: RMS = 0.048767, max = 0.143065 (LBHD)
[2025-09-16 15:53:42.885] [info] Frame 1567 (t = 7.835):	 total squared error = 0.104069, marker error: RMS = 0.0486334, max = 0.142834 (LBHD)
[2025-09-16 15:53:42.916] [info] Frame 1568 (t = 7.84):	 total squared error = 0.104139, marker error: RMS = 0.0486497, max = 0.143072 (LBHD)
[2025-09-16 15:53:42.959] [info] Frame 1569 (t = 7.845):	 total squared error = 0.103066, marker error: RMS = 0.0483985, max = 0.142608 (LBHD)
[2025-09-16 15:53:43.005] [info] Frame 1570 (t = 7.85):	 total squared error = 0.102918, marker error: RMS = 0.0483637, max = 0.14284 (LBHD)
[2025-09-16 15:53:43.016] [info] Frame 1571 (t = 7.855):	 total squared error = 0.102715, marker error: RMS = 0.048316, max = 0.142303 (LBHD)
[2025-09-16 15:53:43.036] [info] Frame 1572 (t = 7.86):	 total squared error = 0.101959, marker error: RMS = 0.0481379, max = 0.142795 (LBHD)
[2025-09-16 15:53:43.081] [info] Frame 1573 (t = 7.865):	 total squared error = 0.101941, marker error: RMS = 0.0481337, max = 0.142332 (LBHD)
[2025-09-16 15:53:43.124] [info] Frame 1574 (t = 7.87):	 total squared error = 0.101915, marker error: RMS = 0.0481273, max = 0.142497 (LBHD)
[2025-09-16 15:53:43.151] [info] Frame 1575 (t = 7.875):	 total squared error = 0.101437, marker error: RMS = 0.0480145, max = 0.142978 (LBHD)
[2025-09-16 15:53:43.189] [info] Frame 1576 (t = 7.88):	 total squared error = 0.101376, marker error: RMS = 0.0480001, max = 0.142764 (LBHD)
[2025-09-16 15:53:43.225] [info] Frame 1577 (t = 7.885):	 total squared error = 0.101236, marker error: RMS = 0.0479667, max = 0.142927 (LBHD)
[2025-09-16 15:53:43.237] [info] Frame 1578 (t = 7.89):	 total squared error = 0.101150, marker error: RMS = 0.0479464, max = 0.142916 (LBHD)
[2025-09-16 15:53:43.288] [info] Frame 1579 (t = 7.895):	 total squared error = 0.101075, marker error: RMS = 0.0479287, max = 0.143558 (LBHD)
[2025-09-16 15:53:43.333] [info] Frame 1580 (t = 7.9):	 total squared error = 0.101300, marker error: RMS = 0.0479819, max = 0.1442 (LBHD)
[2025-09-16 15:53:43.359] [info] Frame 1581 (t = 7.90500):	 total squared error = 0.100961, marker error: RMS = 0.0479016, max = 0.143881 (LBHD)
[2025-09-16 15:53:43.426] [info] Frame 1582 (t = 7.91):	 total squared error = 0.101414, marker error: RMS = 0.0480091, max = 0.144051 (LBHD)
[2025-09-16 15:53:43.433] [info] Frame 1583 (t = 7.915):	 total squared error = 0.101363, marker error: RMS = 0.0479968, max = 0.143664 (LBHD)
[2025-09-16 15:53:43.480] [info] Frame 1584 (t = 7.92):	 total squared error = 0.101584, marker error: RMS = 0.0480493, max = 0.143904 (LBHD)
[2025-09-16 15:53:43.510] [info] Frame 1585 (t = 7.925):	 total squared error = 0.101439, marker error: RMS = 0.0480148, max = 0.144397 (LBHD)
[2025-09-16 15:53:43.543] [info] Frame 1586 (t = 7.93):	 total squared error = 0.101520, marker error: RMS = 0.0480341, max = 0.144296 (LBHD)
[2025-09-16 15:53:43.580] [info] Frame 1587 (t = 7.935):	 total squared error = 0.101731, marker error: RMS = 0.0480839, max = 0.144364 (LBHD)
[2025-09-16 15:53:43.604] [info] Frame 1588 (t = 7.94):	 total squared error = 0.102242, marker error: RMS = 0.0482047, max = 0.144503 (LBHD)
[2025-09-16 15:53:43.644] [info] Frame 1589 (t = 7.945):	 total squared error = 0.101784, marker error: RMS = 0.0480965, max = 0.144311 (LBHD)
[2025-09-16 15:53:43.693] [info] Frame 1590 (t = 7.95):	 total squared error = 0.101842, marker error: RMS = 0.0481102, max = 0.144316 (LBHD)
[2025-09-16 15:53:43.714] [info] Frame 1591 (t = 7.955):	 total squared error = 0.102020, marker error: RMS = 0.0481523, max = 0.144498 (LBHD)
[2025-09-16 15:53:43.742] [info] Frame 1592 (t = 7.96):	 total squared error = 0.101520, marker error: RMS = 0.0480340, max = 0.144199 (LBHD)
[2025-09-16 15:53:43.826] [info] Frame 1593 (t = 7.965):	 total squared error = 0.100532, marker error: RMS = 0.0477999, max = 0.14366 (LBHD)
[2025-09-16 15:53:43.858] [info] Frame 1594 (t = 7.97):	 total squared error = 0.0993348, marker error: RMS = 0.0475143, max = 0.142683 (LBHD)
[2025-09-16 15:53:43.917] [info] Frame 1595 (t = 7.975):	 total squared error = 0.0989988, marker error: RMS = 0.0474339, max = 0.142826 (LBHD)
[2025-09-16 15:53:43.939] [info] Frame 1596 (t = 7.98):	 total squared error = 0.0982595, marker error: RMS = 0.0472564, max = 0.142431 (LBHD)
[2025-09-16 15:53:44.008] [info] Frame 1597 (t = 7.985):	 total squared error = 0.0962236, marker error: RMS = 0.0467643, max = 0.141472 (LBHD)
[2025-09-16 15:53:44.040] [info] Frame 1598 (t = 7.99):	 total squared error = 0.0946492, marker error: RMS = 0.0463802, max = 0.140608 (LBHD)
[2025-09-16 15:53:44.109] [info] Frame 1599 (t = 7.995):	 total squared error = 0.0928683, marker error: RMS = 0.0459417, max = 0.139973 (LBHD)
[2025-09-16 15:53:44.139] [info] Frame 1600 (t = 8.0):	 total squared error = 0.0910578, marker error: RMS = 0.0454917, max = 0.139421 (LBHD)
[2025-09-16 15:53:44.277] [info] Frame 1601 (t = 8.00500):	 total squared error = 0.0887054, marker error: RMS = 0.0449002, max = 0.138204 (LBHD)
[2025-09-16 15:53:44.330] [info] Frame 1602 (t = 8.01):	 total squared error = 0.0878035, marker error: RMS = 0.0446714, max = 0.137902 (LBHD)
[2025-09-16 15:53:44.375] [info] Frame 1603 (t = 8.015):	 total squared error = 0.0862478, marker error: RMS = 0.0442739, max = 0.136521 (LBHD)
[2025-09-16 15:53:44.454] [info] Frame 1604 (t = 8.02):	 total squared error = 0.0841813, marker error: RMS = 0.0437403, max = 0.135565 (LBHD)
[2025-09-16 15:53:44.524] [info] Frame 1605 (t = 8.025):	 total squared error = 0.0821599, marker error: RMS = 0.0432119, max = 0.134721 (LBHD)
[2025-09-16 15:53:44.568] [info] Frame 1606 (t = 8.03):	 total squared error = 0.0797296, marker error: RMS = 0.042568, max = 0.133396 (LBHD)
[2025-09-16 15:53:44.641] [info] Frame 1607 (t = 8.035):	 total squared error = 0.0773065, marker error: RMS = 0.0419162, max = 0.131331 (LBHD)
[2025-09-16 15:53:44.724] [info] Frame 1608 (t = 8.04):	 total squared error = 0.074922, marker error: RMS = 0.0412647, max = 0.129816 (LBHD)
[2025-09-16 15:53:44.771] [info] Frame 1609 (t = 8.045):	 total squared error = 0.073388, marker error: RMS = 0.0408400, max = 0.127887 (LBHD)
[2025-09-16 15:53:44.834] [info] Frame 1610 (t = 8.05):	 total squared error = 0.072942, marker error: RMS = 0.0407158, max = 0.126049 (LBHD)
[2025-09-16 15:53:44.876] [info] Frame 1611 (t = 8.055):	 total squared error = 0.0727805, marker error: RMS = 0.0406706, max = 0.124696 (LBHD)
[2025-09-16 15:53:44.944] [info] Frame 1612 (t = 8.06):	 total squared error = 0.0730070, marker error: RMS = 0.0407339, max = 0.12283 (LBHD)
[2025-09-16 15:53:45.025] [info] Frame 1613 (t = 8.065):	 total squared error = 0.0730302, marker error: RMS = 0.0407404, max = 0.121723 (LBHD)
[2025-09-16 15:53:45.078] [info] Frame 1614 (t = 8.07):	 total squared error = 0.0725179, marker error: RMS = 0.0405972, max = 0.120708 (LBHD)
[2025-09-16 15:53:45.158] [info] Frame 1615 (t = 8.075):	 total squared error = 0.0722797, marker error: RMS = 0.0405305, max = 0.120255 (LBHD)
[2025-09-16 15:53:45.222] [info] Frame 1616 (t = 8.08):	 total squared error = 0.0732316, marker error: RMS = 0.0407965, max = 0.1199 (LBHD)
[2025-09-16 15:53:45.254] [info] Frame 1617 (t = 8.085):	 total squared error = 0.0742726, marker error: RMS = 0.0410854, max = 0.119574 (LBHD)
[2025-09-16 15:53:45.314] [info] Frame 1618 (t = 8.09):	 total squared error = 0.0740307, marker error: RMS = 0.0410185, max = 0.118693 (LBHD)
[2025-09-16 15:53:45.350] [info] Frame 1619 (t = 8.095):	 total squared error = 0.0740431, marker error: RMS = 0.0410219, max = 0.118744 (LBHD)
[2025-09-16 15:53:45.412] [info] Frame 1620 (t = 8.1):	 total squared error = 0.0725394, marker error: RMS = 0.0406032, max = 0.117895 (LBHD)
[2025-09-16 15:53:45.455] [info] Frame 1621 (t = 8.10500):	 total squared error = 0.0721832, marker error: RMS = 0.0405034, max = 0.119305 (LBHD)
[2025-09-16 15:53:45.518] [info] Frame 1622 (t = 8.11):	 total squared error = 0.0713862, marker error: RMS = 0.0402792, max = 0.119988 (LBHD)
[2025-09-16 15:53:45.556] [info] Frame 1623 (t = 8.115):	 total squared error = 0.0714456, marker error: RMS = 0.0402959, max = 0.120805 (LBHD)
[2025-09-16 15:53:45.614] [info] Frame 1624 (t = 8.12):	 total squared error = 0.0720719, marker error: RMS = 0.0404722, max = 0.122494 (LBHD)
[2025-09-16 15:53:45.656] [info] Frame 1625 (t = 8.125):	 total squared error = 0.0726999, marker error: RMS = 0.0406481, max = 0.123864 (LBHD)
[2025-09-16 15:53:45.750] [info] Frame 1626 (t = 8.13):	 total squared error = 0.0733949, marker error: RMS = 0.0408420, max = 0.124568 (LBHD)
[2025-09-16 15:53:45.833] [info] Frame 1627 (t = 8.135):	 total squared error = 0.0742544, marker error: RMS = 0.0410804, max = 0.126203 (LBHD)
[2025-09-16 15:53:45.949] [info] Frame 1628 (t = 8.14):	 total squared error = 0.0749546, marker error: RMS = 0.0412736, max = 0.126592 (LBHD)
[2025-09-16 15:53:45.992] [info] Frame 1629 (t = 8.145):	 total squared error = 0.075255, marker error: RMS = 0.0413563, max = 0.126377 (LBHD)
[2025-09-16 15:53:46.053] [info] Frame 1630 (t = 8.15):	 total squared error = 0.0758726, marker error: RMS = 0.0415256, max = 0.12734 (LBHD)
[2025-09-16 15:53:46.112] [info] Frame 1631 (t = 8.155):	 total squared error = 0.0761855, marker error: RMS = 0.0416111, max = 0.127303 (LBHD)
[2025-09-16 15:53:46.158] [info] Frame 1632 (t = 8.16):	 total squared error = 0.0759082, marker error: RMS = 0.0415353, max = 0.126261 (LBHD)
[2025-09-16 15:53:46.242] [info] Frame 1633 (t = 8.165):	 total squared error = 0.076128, marker error: RMS = 0.0415955, max = 0.126001 (LBHD)
[2025-09-16 15:53:46.331] [info] Frame 1634 (t = 8.17):	 total squared error = 0.0760680, marker error: RMS = 0.0415791, max = 0.124893 (LBHD)
[2025-09-16 15:53:46.384] [info] Frame 1635 (t = 8.175):	 total squared error = 0.0758708, marker error: RMS = 0.0415251, max = 0.123529 (LBHD)
[2025-09-16 15:53:46.465] [info] Frame 1636 (t = 8.18):	 total squared error = 0.0759076, marker error: RMS = 0.0415352, max = 0.123039 (LBHD)
[2025-09-16 15:53:46.540] [info] Frame 1637 (t = 8.185):	 total squared error = 0.0755030, marker error: RMS = 0.0414244, max = 0.12215 (LBHD)
[2025-09-16 15:53:46.598] [info] Frame 1638 (t = 8.19):	 total squared error = 0.0753191, marker error: RMS = 0.0413739, max = 0.121821 (LBHD)
[2025-09-16 15:53:46.639] [info] Frame 1639 (t = 8.195):	 total squared error = 0.0744569, marker error: RMS = 0.0411364, max = 0.120416 (LBHD)
[2025-09-16 15:53:46.669] [info] Frame 1640 (t = 8.2):	 total squared error = 0.0738663, marker error: RMS = 0.0409729, max = 0.119364 (LBHD)
[2025-09-16 15:53:46.713] [info] Frame 1641 (t = 8.20500):	 total squared error = 0.0727813, marker error: RMS = 0.0406709, max = 0.118381 (LBHD)
[2025-09-16 15:53:46.745] [info] Frame 1642 (t = 8.21):	 total squared error = 0.0719535, marker error: RMS = 0.0404389, max = 0.118019 (LBHD)
[2025-09-16 15:53:46.787] [info] Frame 1643 (t = 8.215):	 total squared error = 0.0713264, marker error: RMS = 0.0402623, max = 0.117927 (LBHD)
[2025-09-16 15:53:46.811] [info] Frame 1644 (t = 8.22):	 total squared error = 0.0703207, marker error: RMS = 0.0399775, max = 0.116908 (LBHD)
[2025-09-16 15:53:46.831] [info] Frame 1645 (t = 8.225):	 total squared error = 0.0700889, marker error: RMS = 0.0399115, max = 0.118041 (LBHD)
[2025-09-16 15:53:46.865] [info] Frame 1646 (t = 8.23):	 total squared error = 0.0697406, marker error: RMS = 0.0398122, max = 0.117126 (LBHD)
[2025-09-16 15:53:46.921] [info] Frame 1647 (t = 8.235):	 total squared error = 0.0694715, marker error: RMS = 0.0397354, max = 0.117922 (LBHD)
[2025-09-16 15:53:46.942] [info] Frame 1648 (t = 8.24):	 total squared error = 0.0690709, marker error: RMS = 0.0396206, max = 0.117886 (LBHD)
[2025-09-16 15:53:47.009] [info] Frame 1649 (t = 8.245):	 total squared error = 0.0689743, marker error: RMS = 0.0395929, max = 0.117827 (LBHD)
[2025-09-16 15:53:47.037] [info] Frame 1650 (t = 8.25):	 total squared error = 0.0686021, marker error: RMS = 0.0394859, max = 0.117133 (LBHD)
[2025-09-16 15:53:47.076] [info] Frame 1651 (t = 8.255):	 total squared error = 0.0686764, marker error: RMS = 0.0395073, max = 0.117118 (LBHD)
[2025-09-16 15:53:47.119] [info] Frame 1652 (t = 8.26):	 total squared error = 0.0687512, marker error: RMS = 0.0395288, max = 0.11711 (LBHD)
[2025-09-16 15:53:47.153] [info] Frame 1653 (t = 8.265):	 total squared error = 0.0689214, marker error: RMS = 0.0395777, max = 0.117185 (LBHD)
[2025-09-16 15:53:47.213] [info] Frame 1654 (t = 8.27):	 total squared error = 0.0691149, marker error: RMS = 0.0396332, max = 0.117603 (LBHD)
[2025-09-16 15:53:47.248] [info] Frame 1655 (t = 8.275):	 total squared error = 0.0692213, marker error: RMS = 0.0396637, max = 0.116862 (LBHD)
[2025-09-16 15:53:47.303] [info] Frame 1656 (t = 8.28):	 total squared error = 0.0692769, marker error: RMS = 0.0396797, max = 0.116278 (LBHD)
[2025-09-16 15:53:47.331] [info] Frame 1657 (t = 8.285):	 total squared error = 0.0694889, marker error: RMS = 0.0397403, max = 0.116335 (LBHD)
[2025-09-16 15:53:47.352] [info] Frame 1658 (t = 8.29):	 total squared error = 0.0697482, marker error: RMS = 0.0398144, max = 0.116444 (LBHD)
[2025-09-16 15:53:47.421] [info] Frame 1659 (t = 8.295):	 total squared error = 0.0704812, marker error: RMS = 0.0400230, max = 0.116787 (LBHD)
[2025-09-16 15:53:47.439] [info] Frame 1660 (t = 8.3):	 total squared error = 0.0708540, marker error: RMS = 0.0401288, max = 0.11686 (LBHD)
[2025-09-16 15:53:47.483] [info] Frame 1661 (t = 8.30500):	 total squared error = 0.0711735, marker error: RMS = 0.0402191, max = 0.116333 (LBHD)
[2025-09-16 15:53:47.521] [info] Frame 1662 (t = 8.31):	 total squared error = 0.0720805, marker error: RMS = 0.0404746, max = 0.116834 (LBHD)
[2025-09-16 15:53:47.559] [info] Frame 1663 (t = 8.315):	 total squared error = 0.0723528, marker error: RMS = 0.0405510, max = 0.116837 (LBHD)
[2025-09-16 15:53:47.700] [info] Frame 1664 (t = 8.32):	 total squared error = 0.0728421, marker error: RMS = 0.0406879, max = 0.116588 (LBHD)
[2025-09-16 15:53:47.753] [info] Frame 1665 (t = 8.325):	 total squared error = 0.0736844, marker error: RMS = 0.0409224, max = 0.117261 (LBHD)
[2025-09-16 15:53:47.857] [info] Frame 1666 (t = 8.33):	 total squared error = 0.0735521, marker error: RMS = 0.0408857, max = 0.117175 (LBHD)
[2025-09-16 15:53:47.952] [info] Frame 1667 (t = 8.335):	 total squared error = 0.0742467, marker error: RMS = 0.0410783, max = 0.117428 (LBHD)
[2025-09-16 15:53:48.031] [info] Frame 1668 (t = 8.34):	 total squared error = 0.0745477, marker error: RMS = 0.0411615, max = 0.117309 (LBHD)
[2025-09-16 15:53:48.143] [info] Frame 1669 (t = 8.345):	 total squared error = 0.0758448, marker error: RMS = 0.041518, max = 0.117654 (LBHD)
[2025-09-16 15:53:48.244] [info] Frame 1670 (t = 8.35):	 total squared error = 0.0770521, marker error: RMS = 0.0418472, max = 0.117906 (LBHD)
[2025-09-16 15:53:48.311] [info] Frame 1671 (t = 8.355):	 total squared error = 0.0771618, marker error: RMS = 0.0418769, max = 0.117917 (LBHD)
[2025-09-16 15:53:48.358] [info] Frame 1672 (t = 8.36):	 total squared error = 0.0775048, marker error: RMS = 0.0419699, max = 0.117798 (LBHD)
[2025-09-16 15:53:48.437] [info] Frame 1673 (t = 8.365):	 total squared error = 0.0790225, marker error: RMS = 0.0423788, max = 0.118184 (LBHD)
[2025-09-16 15:53:48.481] [info] Frame 1674 (t = 8.37):	 total squared error = 0.0793866, marker error: RMS = 0.0424764, max = 0.117978 (LBHD)
[2025-09-16 15:53:48.526] [info] Frame 1675 (t = 8.375):	 total squared error = 0.0804114, marker error: RMS = 0.0427497, max = 0.117844 (LBHD)
[2025-09-16 15:53:48.537] [info] Frame 1676 (t = 8.38):	 total squared error = 0.0812007, marker error: RMS = 0.0429589, max = 0.117498 (LBHD)
[2025-09-16 15:53:48.648] [info] Frame 1677 (t = 8.385):	 total squared error = 0.0822766, marker error: RMS = 0.0432426, max = 0.118318 (LBHD)
[2025-09-16 15:53:48.692] [info] Frame 1678 (t = 8.39):	 total squared error = 0.0832803, marker error: RMS = 0.0435056, max = 0.118084 (LBHD)
[2025-09-16 15:53:48.762] [info] Frame 1679 (t = 8.395):	 total squared error = 0.0842969, marker error: RMS = 0.0437703, max = 0.118761 (LBHD)
[2025-09-16 15:53:48.847] [info] Frame 1680 (t = 8.4):	 total squared error = 0.0850273, marker error: RMS = 0.0439595, max = 0.118945 (LBHD)
[2025-09-16 15:53:48.956] [info] Frame 1681 (t = 8.40500):	 total squared error = 0.0858134, marker error: RMS = 0.0441623, max = 0.11893 (LBHD)
[2025-09-16 15:53:49.068] [info] Frame 1682 (t = 8.41):	 total squared error = 0.0876446, marker error: RMS = 0.044631, max = 0.119227 (LBHD)
[2025-09-16 15:53:49.150] [info] Frame 1683 (t = 8.415):	 total squared error = 0.0881489, marker error: RMS = 0.0447592, max = 0.119778 (LBHD)
[2025-09-16 15:53:49.240] [info] Frame 1684 (t = 8.42):	 total squared error = 0.0892192, marker error: RMS = 0.0450301, max = 0.119777 (LBHD)
[2025-09-16 15:53:49.362] [info] Frame 1685 (t = 8.425):	 total squared error = 0.0902223, marker error: RMS = 0.0452825, max = 0.120108 (LBHD)
[2025-09-16 15:53:49.445] [info] Frame 1686 (t = 8.43):	 total squared error = 0.0911789, marker error: RMS = 0.0455219, max = 0.120334 (LBHD)
[2025-09-16 15:53:49.661] [info] Frame 1687 (t = 8.435):	 total squared error = 0.0925149, marker error: RMS = 0.0458542, max = 0.120833 (LBHD)
[2025-09-16 15:53:49.765] [info] Frame 1688 (t = 8.44):	 total squared error = 0.0938287, marker error: RMS = 0.0461787, max = 0.121112 (LBHD)
[2025-09-16 15:53:49.867] [info] Frame 1689 (t = 8.445):	 total squared error = 0.0951109, marker error: RMS = 0.0464931, max = 0.121413 (LBHD)
[2025-09-16 15:53:49.986] [info] Frame 1690 (t = 8.45):	 total squared error = 0.0962961, marker error: RMS = 0.0467819, max = 0.121548 (LBHD)
[2025-09-16 15:53:50.083] [info] Frame 1691 (t = 8.455):	 total squared error = 0.0979127, marker error: RMS = 0.047173, max = 0.122156 (LBHD)
[2025-09-16 15:53:50.183] [info] Frame 1692 (t = 8.46):	 total squared error = 0.0990800, marker error: RMS = 0.0474533, max = 0.122121 (LBHD)
[2025-09-16 15:53:50.299] [info] Frame 1693 (t = 8.465):	 total squared error = 0.100202, marker error: RMS = 0.0477213, max = 0.12225 (LBHD)
[2025-09-16 15:53:50.474] [info] Frame 1694 (t = 8.47):	 total squared error = 0.101561, marker error: RMS = 0.0480438, max = 0.122446 (LBHD)
[2025-09-16 15:53:50.617] [info] Frame 1695 (t = 8.475):	 total squared error = 0.102801, marker error: RMS = 0.0483361, max = 0.122604 (LBHD)
[2025-09-16 15:53:50.793] [info] Frame 1696 (t = 8.48):	 total squared error = 0.103758, marker error: RMS = 0.0485606, max = 0.122551 (LBHD)
[2025-09-16 15:53:50.958] [info] Frame 1697 (t = 8.485):	 total squared error = 0.104674, marker error: RMS = 0.0487745, max = 0.122637 (LBHD)
[2025-09-16 15:53:51.127] [info] Frame 1698 (t = 8.49):	 total squared error = 0.105703, marker error: RMS = 0.0490136, max = 0.122713 (LBHD)
[2025-09-16 15:53:51.288] [info] Frame 1699 (t = 8.495):	 total squared error = 0.106517, marker error: RMS = 0.0492022, max = 0.122724 (LBHD)
[2025-09-16 15:53:51.415] [info] Frame 1700 (t = 8.5):	 total squared error = 0.107271, marker error: RMS = 0.0493758, max = 0.12268 (LBHD)
[2025-09-16 15:53:51.546] [info] Frame 1701 (t = 8.50500):	 total squared error = 0.107970, marker error: RMS = 0.0495365, max = 0.122693 (LBHD)
[2025-09-16 15:53:51.714] [info] Frame 1702 (t = 8.51):	 total squared error = 0.108502, marker error: RMS = 0.0496584, max = 0.1227 (LBHD)
[2025-09-16 15:53:51.819] [info] Frame 1703 (t = 8.515):	 total squared error = 0.109408, marker error: RMS = 0.0498653, max = 0.122752 (LBHD)
[2025-09-16 15:53:51.882] [info] Frame 1704 (t = 8.52):	 total squared error = 0.109627, marker error: RMS = 0.0499152, max = 0.122652 (LBHD)
[2025-09-16 15:53:52.070] [info] Frame 1705 (t = 8.525):	 total squared error = 0.109985, marker error: RMS = 0.0499965, max = 0.122442 (LBHD)
[2025-09-16 15:53:52.223] [info] Frame 1706 (t = 8.53):	 total squared error = 0.111209, marker error: RMS = 0.0502740, max = 0.122301 (LBHD)
[2025-09-16 15:53:52.362] [info] Frame 1707 (t = 8.535):	 total squared error = 0.110846, marker error: RMS = 0.0501919, max = 0.122223 (LBHD)
[2025-09-16 15:53:52.524] [info] Frame 1708 (t = 8.54):	 total squared error = 0.111061, marker error: RMS = 0.0502405, max = 0.121924 (LBHD)
[2025-09-16 15:53:52.630] [info] Frame 1709 (t = 8.545):	 total squared error = 0.111353, marker error: RMS = 0.0503066, max = 0.121655 (LBHD)
[2025-09-16 15:53:52.738] [info] Frame 1710 (t = 8.55):	 total squared error = 0.111768, marker error: RMS = 0.0504001, max = 0.121843 (LBHD)
[2025-09-16 15:53:52.871] [info] Frame 1711 (t = 8.555):	 total squared error = 0.111948, marker error: RMS = 0.0504407, max = 0.121535 (LBHD)
[2025-09-16 15:53:52.973] [info] Frame 1712 (t = 8.56):	 total squared error = 0.112542, marker error: RMS = 0.0505744, max = 0.121703 (LBHD)
[2025-09-16 15:53:53.105] [info] Frame 1713 (t = 8.565):	 total squared error = 0.112739, marker error: RMS = 0.0506187, max = 0.121746 (LBHD)
[2025-09-16 15:53:53.309] [info] Frame 1714 (t = 8.57):	 total squared error = 0.112752, marker error: RMS = 0.0506217, max = 0.121269 (LBHD)
[2025-09-16 15:53:53.482] [info] Frame 1715 (t = 8.575):	 total squared error = 0.112937, marker error: RMS = 0.0506631, max = 0.121142 (LBHD)
[2025-09-16 15:53:53.650] [info] Frame 1716 (t = 8.58):	 total squared error = 0.113037, marker error: RMS = 0.0506856, max = 0.120908 (LBHD)
[2025-09-16 15:53:53.809] [info] Frame 1717 (t = 8.585):	 total squared error = 0.113216, marker error: RMS = 0.0507256, max = 0.120787 (LBHD)
[2025-09-16 15:53:53.969] [info] Frame 1718 (t = 8.59):	 total squared error = 0.11323, marker error: RMS = 0.0507288, max = 0.120658 (LBHD)
[2025-09-16 15:53:54.088] [info] Frame 1719 (t = 8.595):	 total squared error = 0.113336, marker error: RMS = 0.0507526, max = 0.120766 (LBHD)
[2025-09-16 15:53:54.229] [info] Frame 1720 (t = 8.6):	 total squared error = 0.113225, marker error: RMS = 0.0507276, max = 0.120288 (LBHD)
[2025-09-16 15:53:54.332] [info] Frame 1721 (t = 8.60500):	 total squared error = 0.113032, marker error: RMS = 0.0506843, max = 0.120085 (LBHD)
[2025-09-16 15:53:54.404] [info] Frame 1722 (t = 8.61):	 total squared error = 0.112954, marker error: RMS = 0.0506669, max = 0.119772 (LBHD)
[2025-09-16 15:53:54.579] [info] Frame 1723 (t = 8.615):	 total squared error = 0.1128, marker error: RMS = 0.0506323, max = 0.119589 (LBHD)
[2025-09-16 15:53:54.665] [info] Frame 1724 (t = 8.62):	 total squared error = 0.112609, marker error: RMS = 0.0505895, max = 0.119311 (LBHD)
[2025-09-16 15:53:54.763] [info] Frame 1725 (t = 8.625):	 total squared error = 0.112686, marker error: RMS = 0.0506069, max = 0.119413 (LBHD)
[2025-09-16 15:53:54.928] [info] Frame 1726 (t = 8.63):	 total squared error = 0.112527, marker error: RMS = 0.0505710, max = 0.119248 (LBHD)
[2025-09-16 15:53:55.115] [info] Frame 1727 (t = 8.635):	 total squared error = 0.112447, marker error: RMS = 0.0505532, max = 0.119090 (LBHD)
[2025-09-16 15:53:55.267] [info] Frame 1728 (t = 8.64):	 total squared error = 0.112355, marker error: RMS = 0.0505325, max = 0.118872 (LBHD)
[2025-09-16 15:53:55.397] [info] Frame 1729 (t = 8.645):	 total squared error = 0.112338, marker error: RMS = 0.0505285, max = 0.118848 (LBHD)
[2025-09-16 15:53:55.526] [info] Frame 1730 (t = 8.65):	 total squared error = 0.112075, marker error: RMS = 0.0504694, max = 0.118658 (LBHD)
[2025-09-16 15:53:55.629] [info] Frame 1731 (t = 8.655):	 total squared error = 0.112208, marker error: RMS = 0.0504994, max = 0.118843 (LBHD)
[2025-09-16 15:53:55.816] [info] Frame 1732 (t = 8.66):	 total squared error = 0.112311, marker error: RMS = 0.0505226, max = 0.118739 (LBHD)
[2025-09-16 15:53:55.994] [info] Frame 1733 (t = 8.665):	 total squared error = 0.112191, marker error: RMS = 0.0504956, max = 0.118619 (LBHD)
[2025-09-16 15:53:56.174] [info] Frame 1734 (t = 8.67):	 total squared error = 0.112123, marker error: RMS = 0.0504802, max = 0.118528 (LBHD)
[2025-09-16 15:53:56.387] [info] Frame 1735 (t = 8.675):	 total squared error = 0.112069, marker error: RMS = 0.0504681, max = 0.118542 (LBHD)
[2025-09-16 15:53:56.576] [info] Frame 1736 (t = 8.68):	 total squared error = 0.112174, marker error: RMS = 0.0504917, max = 0.118442 (LBHD)
[2025-09-16 15:53:56.669] [info] Frame 1737 (t = 8.685):	 total squared error = 0.11291, marker error: RMS = 0.0506571, max = 0.118663 (LBHD)
[2025-09-16 15:53:56.787] [info] Frame 1738 (t = 8.69):	 total squared error = 0.112101, marker error: RMS = 0.0504752, max = 0.118352 (LBHD)
[2025-09-16 15:53:56.958] [info] Frame 1739 (t = 8.695):	 total squared error = 0.112268, marker error: RMS = 0.0505127, max = 0.118587 (LBHD)
[2025-09-16 15:53:57.158] [info] Frame 1740 (t = 8.7):	 total squared error = 0.112244, marker error: RMS = 0.0505075, max = 0.118566 (LBHD)
[2025-09-16 15:53:57.284] [info] Frame 1741 (t = 8.70500):	 total squared error = 0.112364, marker error: RMS = 0.0505345, max = 0.118231 (LBHD)
[2025-09-16 15:53:57.505] [info] Frame 1742 (t = 8.71):	 total squared error = 0.112255, marker error: RMS = 0.0505100, max = 0.118508 (LBHD)
[2025-09-16 15:53:57.610] [info] Frame 1743 (t = 8.715):	 total squared error = 0.112152, marker error: RMS = 0.0504868, max = 0.118442 (LBHD)
[2025-09-16 15:53:57.739] [info] Frame 1744 (t = 8.72):	 total squared error = 0.112111, marker error: RMS = 0.0504775, max = 0.118548 (LBHD)
[2025-09-16 15:53:57.855] [info] Frame 1745 (t = 8.725):	 total squared error = 0.112354, marker error: RMS = 0.0505322, max = 0.118848 (LBHD)
[2025-09-16 15:53:58.022] [info] Frame 1746 (t = 8.73):	 total squared error = 0.112142, marker error: RMS = 0.0504845, max = 0.118658 (LBHD)
[2025-09-16 15:53:58.139] [info] Frame 1747 (t = 8.735):	 total squared error = 0.112082, marker error: RMS = 0.0504709, max = 0.11871 (LBHD)
[2025-09-16 15:53:58.241] [info] Frame 1748 (t = 8.74):	 total squared error = 0.112087, marker error: RMS = 0.0504721, max = 0.11875 (LBHD)
[2025-09-16 15:53:58.347] [info] Frame 1749 (t = 8.745):	 total squared error = 0.111889, marker error: RMS = 0.0504276, max = 0.118767 (LBHD)
[2025-09-16 15:53:58.486] [info] Frame 1750 (t = 8.75):	 total squared error = 0.112, marker error: RMS = 0.0504525, max = 0.118822 (LBHD)
[2025-09-16 15:53:58.629] [info] Frame 1751 (t = 8.755):	 total squared error = 0.111863, marker error: RMS = 0.0504216, max = 0.118801 (LBHD)
[2025-09-16 15:53:58.783] [info] Frame 1752 (t = 8.76):	 total squared error = 0.112088, marker error: RMS = 0.0504723, max = 0.118995 (LBHD)
[2025-09-16 15:53:58.872] [info] Frame 1753 (t = 8.765):	 total squared error = 0.112073, marker error: RMS = 0.0504690, max = 0.118964 (LBHD)
[2025-09-16 15:53:58.978] [info] Frame 1754 (t = 8.77):	 total squared error = 0.112114, marker error: RMS = 0.0504781, max = 0.119314 (LBHD)
[2025-09-16 15:53:59.062] [info] Frame 1755 (t = 8.775):	 total squared error = 0.112065, marker error: RMS = 0.0504671, max = 0.11925 (LBHD)
[2025-09-16 15:53:59.141] [info] Frame 1756 (t = 8.78):	 total squared error = 0.112111, marker error: RMS = 0.0504774, max = 0.119167 (LBHD)
[2025-09-16 15:53:59.270] [info] Frame 1757 (t = 8.785):	 total squared error = 0.111905, marker error: RMS = 0.0504310, max = 0.119286 (LBHD)
[2025-09-16 15:53:59.341] [info] Frame 1758 (t = 8.79):	 total squared error = 0.112244, marker error: RMS = 0.0505074, max = 0.119756 (LBHD)
[2025-09-16 15:53:59.441] [info] Frame 1759 (t = 8.795):	 total squared error = 0.112015, marker error: RMS = 0.0504559, max = 0.11938 (LBHD)
[2025-09-16 15:53:59.607] [info] Frame 1760 (t = 8.8):	 total squared error = 0.111925, marker error: RMS = 0.0504355, max = 0.119329 (LBHD)
[2025-09-16 15:53:59.690] [info] Frame 1761 (t = 8.80500):	 total squared error = 0.111893, marker error: RMS = 0.0504285, max = 0.119451 (LBHD)
[2025-09-16 15:53:59.770] [info] Frame 1762 (t = 8.81):	 total squared error = 0.111984, marker error: RMS = 0.0504489, max = 0.119467 (LBHD)
[2025-09-16 15:53:59.878] [info] Frame 1763 (t = 8.815):	 total squared error = 0.11196, marker error: RMS = 0.0504434, max = 0.119555 (LBHD)
[2025-09-16 15:53:59.958] [info] Frame 1764 (t = 8.82):	 total squared error = 0.112107, marker error: RMS = 0.0504765, max = 0.119793 (LBHD)
[2025-09-16 15:54:00.047] [info] Frame 1765 (t = 8.825):	 total squared error = 0.112010, marker error: RMS = 0.0504546, max = 0.119778 (LBHD)
[2025-09-16 15:54:00.103] [info] Frame 1766 (t = 8.83):	 total squared error = 0.112105, marker error: RMS = 0.0504762, max = 0.119594 (LBHD)
[2025-09-16 15:54:00.177] [info] Frame 1767 (t = 8.835):	 total squared error = 0.112005, marker error: RMS = 0.0504535, max = 0.119807 (LBHD)
[2025-09-16 15:54:00.332] [info] Frame 1768 (t = 8.84):	 total squared error = 0.111952, marker error: RMS = 0.0504417, max = 0.119798 (LBHD)
[2025-09-16 15:54:00.428] [info] Frame 1769 (t = 8.845):	 total squared error = 0.111831, marker error: RMS = 0.0504144, max = 0.119574 (LBHD)
[2025-09-16 15:54:00.571] [info] Frame 1770 (t = 8.85):	 total squared error = 0.111965, marker error: RMS = 0.0504447, max = 0.119832 (LBHD)
[2025-09-16 15:54:00.707] [info] Frame 1771 (t = 8.855):	 total squared error = 0.112011, marker error: RMS = 0.0504550, max = 0.119831 (LBHD)
[2025-09-16 15:54:00.841] [info] Frame 1772 (t = 8.86):	 total squared error = 0.111985, marker error: RMS = 0.0504492, max = 0.119698 (LBHD)
[2025-09-16 15:54:01.014] [info] Frame 1773 (t = 8.865):	 total squared error = 0.112656, marker error: RMS = 0.0506001, max = 0.119457 (LBHD)
[2025-09-16 15:54:01.206] [info] Frame 1774 (t = 8.87):	 total squared error = 0.112396, marker error: RMS = 0.0505417, max = 0.119833 (LBHD)
[2025-09-16 15:54:01.392] [info] Frame 1775 (t = 8.875):	 total squared error = 0.112062, marker error: RMS = 0.0504665, max = 0.119763 (LBHD)
[2025-09-16 15:54:01.558] [info] Frame 1776 (t = 8.88):	 total squared error = 0.112235, marker error: RMS = 0.0505053, max = 0.119828 (LBHD)
[2025-09-16 15:54:01.674] [info] Frame 1777 (t = 8.885):	 total squared error = 0.112554, marker error: RMS = 0.0505772, max = 0.120039 (LBHD)
[2025-09-16 15:54:01.805] [info] Frame 1778 (t = 8.89):	 total squared error = 0.112426, marker error: RMS = 0.0505483, max = 0.120198 (LBHD)
[2025-09-16 15:54:02.119] [info] Frame 1779 (t = 8.895):	 total squared error = 0.11243, marker error: RMS = 0.0505493, max = 0.11994 (LBHD)
[2025-09-16 15:54:02.394] [info] Frame 1780 (t = 8.9):	 total squared error = 0.112459, marker error: RMS = 0.0505559, max = 0.11993 (LBHD)
[2025-09-16 15:54:02.545] [info] Frame 1781 (t = 8.90500):	 total squared error = 0.11272, marker error: RMS = 0.0506144, max = 0.120221 (LBHD)
[2025-09-16 15:54:02.737] [info] Frame 1782 (t = 8.91):	 total squared error = 0.112716, marker error: RMS = 0.0506134, max = 0.120067 (LBHD)
[2025-09-16 15:54:02.933] [info] Frame 1783 (t = 8.915):	 total squared error = 0.112682, marker error: RMS = 0.0506059, max = 0.119989 (LBHD)
[2025-09-16 15:54:03.193] [info] Frame 1784 (t = 8.92):	 total squared error = 0.112751, marker error: RMS = 0.0506213, max = 0.120054 (LBHD)
[2025-09-16 15:54:03.364] [info] Frame 1785 (t = 8.925):	 total squared error = 0.112949, marker error: RMS = 0.0506659, max = 0.120194 (LBHD)
[2025-09-16 15:54:03.616] [info] Frame 1786 (t = 8.93):	 total squared error = 0.11289, marker error: RMS = 0.0506526, max = 0.120174 (LBHD)
[2025-09-16 15:54:03.814] [info] Frame 1787 (t = 8.935):	 total squared error = 0.113033, marker error: RMS = 0.0506845, max = 0.120246 (LBHD)
[2025-09-16 15:54:04.034] [info] Frame 1788 (t = 8.94):	 total squared error = 0.113057, marker error: RMS = 0.0506900, max = 0.120355 (LBHD)
[2025-09-16 15:54:04.233] [info] Frame 1789 (t = 8.945):	 total squared error = 0.113134, marker error: RMS = 0.0507074, max = 0.120270 (LBHD)
[2025-09-16 15:54:04.380] [info] Frame 1790 (t = 8.95):	 total squared error = 0.11316, marker error: RMS = 0.0507132, max = 0.120401 (LBHD)
[2025-09-16 15:54:04.518] [info] Frame 1791 (t = 8.955):	 total squared error = 0.11362, marker error: RMS = 0.0508160, max = 0.120455 (LBHD)
[2025-09-16 15:54:04.692] [info] Frame 1792 (t = 8.96):	 total squared error = 0.113591, marker error: RMS = 0.0508097, max = 0.120453 (LBHD)
[2025-09-16 15:54:04.821] [info] Frame 1793 (t = 8.965):	 total squared error = 0.113563, marker error: RMS = 0.0508033, max = 0.120639 (LBHD)
[2025-09-16 15:54:04.939] [info] Frame 1794 (t = 8.97):	 total squared error = 0.113848, marker error: RMS = 0.0508670, max = 0.120563 (LBHD)
[2025-09-16 15:54:05.133] [info] Frame 1795 (t = 8.975):	 total squared error = 0.11389, marker error: RMS = 0.0508765, max = 0.120636 (LBHD)
[2025-09-16 15:54:05.506] [info] Frame 1796 (t = 8.98):	 total squared error = 0.113943, marker error: RMS = 0.0508883, max = 0.120688 (LBHD)
[2025-09-16 15:54:05.645] [info] Frame 1797 (t = 8.985):	 total squared error = 0.113963, marker error: RMS = 0.0508927, max = 0.120755 (LBHD)
[2025-09-16 15:54:05.815] [info] Frame 1798 (t = 8.99):	 total squared error = 0.113713, marker error: RMS = 0.0508368, max = 0.120810 (LBHD)
[2025-09-16 15:54:05.953] [info] Frame 1799 (t = 8.995):	 total squared error = 0.113748, marker error: RMS = 0.0508448, max = 0.120707 (LBHD)
[2025-09-16 15:54:06.012] [info] Frame 1800 (t = 9.0):	 total squared error = 0.113968, marker error: RMS = 0.0508938, max = 0.120874 (LBHD)
[2025-09-16 15:54:06.063] [info] Frame 1801 (t = 9.00500):	 total squared error = 0.113834, marker error: RMS = 0.0508638, max = 0.120943 (LBHD)
[2025-09-16 15:54:06.207] [info] Frame 1802 (t = 9.01):	 total squared error = 0.113814, marker error: RMS = 0.0508595, max = 0.120833 (LBHD)
[2025-09-16 15:54:06.310] [info] Frame 1803 (t = 9.015):	 total squared error = 0.113832, marker error: RMS = 0.0508635, max = 0.121247 (LBHD)
[2025-09-16 15:54:06.408] [info] Frame 1804 (t = 9.02):	 total squared error = 0.113819, marker error: RMS = 0.0508605, max = 0.120886 (LBHD)
[2025-09-16 15:54:06.499] [info] Frame 1805 (t = 9.025):	 total squared error = 0.114034, marker error: RMS = 0.0509085, max = 0.120930 (LBHD)
[2025-09-16 15:54:06.565] [info] Frame 1806 (t = 9.03):	 total squared error = 0.113866, marker error: RMS = 0.0508710, max = 0.120873 (LBHD)
[2025-09-16 15:54:06.662] [info] Frame 1807 (t = 9.035):	 total squared error = 0.113936, marker error: RMS = 0.0508868, max = 0.121012 (LBHD)
[2025-09-16 15:54:06.778] [info] Frame 1808 (t = 9.04):	 total squared error = 0.113888, marker error: RMS = 0.0508760, max = 0.120875 (LBHD)
[2025-09-16 15:54:06.859] [info] Frame 1809 (t = 9.045):	 total squared error = 0.113917, marker error: RMS = 0.0508824, max = 0.121029 (LBHD)
[2025-09-16 15:54:06.947] [info] Frame 1810 (t = 9.05):	 total squared error = 0.113997, marker error: RMS = 0.0509002, max = 0.121058 (LBHD)
[2025-09-16 15:54:07.050] [info] Frame 1811 (t = 9.055):	 total squared error = 0.114080, marker error: RMS = 0.0509188, max = 0.121206 (LBHD)
[2025-09-16 15:54:07.146] [info] Frame 1812 (t = 9.06):	 total squared error = 0.114108, marker error: RMS = 0.0509251, max = 0.121061 (LBHD)
[2025-09-16 15:54:07.262] [info] Frame 1813 (t = 9.065):	 total squared error = 0.114045, marker error: RMS = 0.0509110, max = 0.121041 (LBHD)
[2025-09-16 15:54:07.355] [info] Frame 1814 (t = 9.07):	 total squared error = 0.113984, marker error: RMS = 0.0508975, max = 0.121052 (LBHD)
[2025-09-16 15:54:07.482] [info] Frame 1815 (t = 9.075):	 total squared error = 0.113954, marker error: RMS = 0.0508907, max = 0.121012 (LBHD)
[2025-09-16 15:54:07.675] [info] Frame 1816 (t = 9.08):	 total squared error = 0.114149, marker error: RMS = 0.0509342, max = 0.121264 (LBHD)
[2025-09-16 15:54:07.808] [info] Frame 1817 (t = 9.085):	 total squared error = 0.11414, marker error: RMS = 0.0509322, max = 0.121312 (LBHD)
[2025-09-16 15:54:07.947] [info] Frame 1818 (t = 9.09):	 total squared error = 0.114238, marker error: RMS = 0.0509542, max = 0.121387 (LBHD)
[2025-09-16 15:54:08.104] [info] Frame 1819 (t = 9.095):	 total squared error = 0.114392, marker error: RMS = 0.0509884, max = 0.121457 (LBHD)
[2025-09-16 15:54:08.245] [info] Frame 1820 (t = 9.1):	 total squared error = 0.114958, marker error: RMS = 0.0511143, max = 0.121125 (LBHD)
[2025-09-16 15:54:08.344] [info] Frame 1821 (t = 9.10500):	 total squared error = 0.114269, marker error: RMS = 0.0509610, max = 0.12155 (LBHD)
[2025-09-16 15:54:08.451] [info] Frame 1822 (t = 9.11):	 total squared error = 0.114901, marker error: RMS = 0.0511017, max = 0.121097 (LBHD)
[2025-09-16 15:54:08.595] [info] Frame 1823 (t = 9.115):	 total squared error = 0.114616, marker error: RMS = 0.0510382, max = 0.121235 (LBHD)
[2025-09-16 15:54:08.745] [info] Frame 1824 (t = 9.12):	 total squared error = 0.114618, marker error: RMS = 0.0510387, max = 0.121284 (LBHD)
[2025-09-16 15:54:08.890] [info] Frame 1825 (t = 9.125):	 total squared error = 0.114803, marker error: RMS = 0.0510799, max = 0.121145 (LBHD)
[2025-09-16 15:54:08.999] [info] Frame 1826 (t = 9.13):	 total squared error = 0.114595, marker error: RMS = 0.0510335, max = 0.12133 (LBHD)
[2025-09-16 15:54:09.120] [info] Frame 1827 (t = 9.135):	 total squared error = 0.114666, marker error: RMS = 0.0510496, max = 0.121383 (LBHD)
[2025-09-16 15:54:09.201] [info] Frame 1828 (t = 9.14):	 total squared error = 0.114551, marker error: RMS = 0.0510239, max = 0.121394 (LBHD)
[2025-09-16 15:54:09.324] [info] Frame 1829 (t = 9.145):	 total squared error = 0.11469, marker error: RMS = 0.0510547, max = 0.121541 (LBHD)
[2025-09-16 15:54:09.449] [info] Frame 1830 (t = 9.15):	 total squared error = 0.114104, marker error: RMS = 0.0509241, max = 0.121614 (LBHD)
[2025-09-16 15:54:09.513] [info] Frame 1831 (t = 9.155):	 total squared error = 0.11469, marker error: RMS = 0.0510547, max = 0.121231 (LBHD)
[2025-09-16 15:54:09.566] [info] Frame 1832 (t = 9.16):	 total squared error = 0.114501, marker error: RMS = 0.0510127, max = 0.121476 (LBHD)
[2025-09-16 15:54:09.675] [info] Frame 1833 (t = 9.165):	 total squared error = 0.114545, marker error: RMS = 0.0510226, max = 0.121406 (LBHD)
[2025-09-16 15:54:09.818] [info] Frame 1834 (t = 9.17):	 total squared error = 0.114492, marker error: RMS = 0.0510107, max = 0.121381 (LBHD)
[2025-09-16 15:54:10.038] [info] Frame 1835 (t = 9.175):	 total squared error = 0.114499, marker error: RMS = 0.0510124, max = 0.121304 (LBHD)
[2025-09-16 15:54:10.209] [info] Frame 1836 (t = 9.18):	 total squared error = 0.114521, marker error: RMS = 0.0510170, max = 0.121384 (LBHD)
[2025-09-16 15:54:10.386] [info] Frame 1837 (t = 9.185):	 total squared error = 0.114501, marker error: RMS = 0.0510127, max = 0.121345 (LBHD)
[2025-09-16 15:54:10.514] [info] Frame 1838 (t = 9.19):	 total squared error = 0.114541, marker error: RMS = 0.0510217, max = 0.121415 (LBHD)
[2025-09-16 15:54:10.667] [info] Frame 1839 (t = 9.195):	 total squared error = 0.114446, marker error: RMS = 0.0510004, max = 0.121388 (LBHD)
[2025-09-16 15:54:10.826] [info] Frame 1840 (t = 9.2):	 total squared error = 0.114021, marker error: RMS = 0.0509057, max = 0.12147 (LBHD)
[2025-09-16 15:54:10.985] [info] Frame 1841 (t = 9.20500):	 total squared error = 0.114382, marker error: RMS = 0.0509862, max = 0.121243 (LBHD)
[2025-09-16 15:54:11.160] [info] Frame 1842 (t = 9.21):	 total squared error = 0.114357, marker error: RMS = 0.0509806, max = 0.121262 (LBHD)
[2025-09-16 15:54:11.271] [info] Frame 1843 (t = 9.215):	 total squared error = 0.114318, marker error: RMS = 0.0509719, max = 0.121734 (LBHD)
[2025-09-16 15:54:11.409] [info] Frame 1844 (t = 9.22):	 total squared error = 0.114066, marker error: RMS = 0.0509156, max = 0.121412 (LBHD)
[2025-09-16 15:54:11.523] [info] Frame 1845 (t = 9.225):	 total squared error = 0.114596, marker error: RMS = 0.0510338, max = 0.121379 (LBHD)
[2025-09-16 15:54:11.595] [info] Frame 1846 (t = 9.23):	 total squared error = 0.114205, marker error: RMS = 0.0509467, max = 0.121477 (LBHD)
[2025-09-16 15:54:11.723] [info] Frame 1847 (t = 9.235):	 total squared error = 0.114158, marker error: RMS = 0.0509362, max = 0.121376 (LBHD)
[2025-09-16 15:54:11.793] [info] Frame 1848 (t = 9.24):	 total squared error = 0.114227, marker error: RMS = 0.0509516, max = 0.121374 (LBHD)
[2025-09-16 15:54:11.911] [info] Frame 1849 (t = 9.245):	 total squared error = 0.114716, marker error: RMS = 0.0510606, max = 0.121224 (LBHD)
[2025-09-16 15:54:11.990] [info] Frame 1850 (t = 9.25):	 total squared error = 0.114771, marker error: RMS = 0.0510727, max = 0.121227 (LBHD)
[2025-09-16 15:54:12.077] [info] Frame 1851 (t = 9.255):	 total squared error = 0.114744, marker error: RMS = 0.0510668, max = 0.121194 (LBHD)
[2025-09-16 15:54:12.224] [info] Frame 1852 (t = 9.26):	 total squared error = 0.114834, marker error: RMS = 0.0510868, max = 0.12123 (LBHD)
[2025-09-16 15:54:12.311] [info] Frame 1853 (t = 9.265):	 total squared error = 0.114708, marker error: RMS = 0.0510587, max = 0.121157 (LBHD)
[2025-09-16 15:54:12.405] [info] Frame 1854 (t = 9.27):	 total squared error = 0.114692, marker error: RMS = 0.0510553, max = 0.121074 (LBHD)
[2025-09-16 15:54:12.491] [info] Frame 1855 (t = 9.275):	 total squared error = 0.114693, marker error: RMS = 0.0510554, max = 0.121144 (LBHD)
[2025-09-16 15:54:12.586] [info] Frame 1856 (t = 9.28):	 total squared error = 0.114785, marker error: RMS = 0.0510759, max = 0.121155 (LBHD)
[2025-09-16 15:54:12.688] [info] Frame 1857 (t = 9.285):	 total squared error = 0.114382, marker error: RMS = 0.0509862, max = 0.121388 (LBHD)
[2025-09-16 15:54:12.910] [info] Frame 1858 (t = 9.29):	 total squared error = 0.114713, marker error: RMS = 0.0510600, max = 0.120996 (LBHD)
[2025-09-16 15:54:13.062] [info] Frame 1859 (t = 9.295):	 total squared error = 0.114721, marker error: RMS = 0.0510618, max = 0.120880 (LBHD)
[2025-09-16 15:54:13.168] [info] Frame 1860 (t = 9.3):	 total squared error = 0.114165, marker error: RMS = 0.0509378, max = 0.121067 (LBHD)
[2025-09-16 15:54:13.269] [info] Frame 1861 (t = 9.30500):	 total squared error = 0.11463, marker error: RMS = 0.0510414, max = 0.120862 (LBHD)
[2025-09-16 15:54:13.359] [info] Frame 1862 (t = 9.31):	 total squared error = 0.114592, marker error: RMS = 0.0510329, max = 0.120717 (LBHD)
[2025-09-16 15:54:13.484] [info] Frame 1863 (t = 9.315):	 total squared error = 0.114196, marker error: RMS = 0.0509446, max = 0.120948 (LBHD)
[2025-09-16 15:54:13.585] [info] Frame 1864 (t = 9.32):	 total squared error = 0.114209, marker error: RMS = 0.0509477, max = 0.120914 (LBHD)
[2025-09-16 15:54:13.693] [info] Frame 1865 (t = 9.325):	 total squared error = 0.114158, marker error: RMS = 0.0509362, max = 0.120817 (LBHD)
[2025-09-16 15:54:13.802] [info] Frame 1866 (t = 9.33):	 total squared error = 0.114182, marker error: RMS = 0.0509416, max = 0.120810 (LBHD)
[2025-09-16 15:54:13.911] [info] Frame 1867 (t = 9.335):	 total squared error = 0.114143, marker error: RMS = 0.0509330, max = 0.120826 (LBHD)
[2025-09-16 15:54:13.983] [info] Frame 1868 (t = 9.34):	 total squared error = 0.114088, marker error: RMS = 0.0509206, max = 0.120815 (LBHD)
[2025-09-16 15:54:14.056] [info] Frame 1869 (t = 9.345):	 total squared error = 0.114008, marker error: RMS = 0.0509028, max = 0.120863 (LBHD)
[2025-09-16 15:54:14.156] [info] Frame 1870 (t = 9.35):	 total squared error = 0.114159, marker error: RMS = 0.0509365, max = 0.120891 (LBHD)
[2025-09-16 15:54:14.302] [info] Frame 1871 (t = 9.355):	 total squared error = 0.113994, marker error: RMS = 0.0508997, max = 0.120793 (LBHD)
[2025-09-16 15:54:14.435] [info] Frame 1872 (t = 9.36):	 total squared error = 0.113956, marker error: RMS = 0.0508910, max = 0.120735 (LBHD)
[2025-09-16 15:54:14.542] [info] Frame 1873 (t = 9.365):	 total squared error = 0.114048, marker error: RMS = 0.0509118, max = 0.120832 (LBHD)
[2025-09-16 15:54:14.664] [info] Frame 1874 (t = 9.37):	 total squared error = 0.113959, marker error: RMS = 0.0508918, max = 0.120827 (LBHD)
[2025-09-16 15:54:14.743] [info] Frame 1875 (t = 9.375):	 total squared error = 0.114009, marker error: RMS = 0.0509030, max = 0.120926 (LBHD)
[2025-09-16 15:54:14.800] [info] Frame 1876 (t = 9.38):	 total squared error = 0.114079, marker error: RMS = 0.0509186, max = 0.120887 (LBHD)
[2025-09-16 15:54:14.853] [info] Frame 1877 (t = 9.385):	 total squared error = 0.114012, marker error: RMS = 0.0509035, max = 0.120901 (LBHD)
[2025-09-16 15:54:14.982] [info] Frame 1878 (t = 9.39):	 total squared error = 0.113958, marker error: RMS = 0.0508915, max = 0.120948 (LBHD)
[2025-09-16 15:54:15.057] [info] Frame 1879 (t = 9.395):	 total squared error = 0.113872, marker error: RMS = 0.0508725, max = 0.120796 (LBHD)
[2025-09-16 15:54:15.173] [info] Frame 1880 (t = 9.4):	 total squared error = 0.113937, marker error: RMS = 0.0508870, max = 0.120934 (LBHD)
[2025-09-16 15:54:15.267] [info] Frame 1881 (t = 9.40500):	 total squared error = 0.113754, marker error: RMS = 0.0508460, max = 0.120776 (LBHD)
[2025-09-16 15:54:15.347] [info] Frame 1882 (t = 9.41):	 total squared error = 0.113933, marker error: RMS = 0.0508860, max = 0.121019 (LBHD)
[2025-09-16 15:54:15.437] [info] Frame 1883 (t = 9.415):	 total squared error = 0.113774, marker error: RMS = 0.0508505, max = 0.120880 (LBHD)
[2025-09-16 15:54:15.516] [info] Frame 1884 (t = 9.42):	 total squared error = 0.113879, marker error: RMS = 0.0508740, max = 0.121056 (LBHD)
[2025-09-16 15:54:15.587] [info] Frame 1885 (t = 9.425):	 total squared error = 0.113855, marker error: RMS = 0.0508685, max = 0.121 (LBHD)
[2025-09-16 15:54:15.715] [info] Frame 1886 (t = 9.43):	 total squared error = 0.113809, marker error: RMS = 0.0508583, max = 0.120905 (LBHD)
[2025-09-16 15:54:15.824] [info] Frame 1887 (t = 9.435):	 total squared error = 0.113808, marker error: RMS = 0.0508582, max = 0.121004 (LBHD)
[2025-09-16 15:54:15.879] [info] Frame 1888 (t = 9.44):	 total squared error = 0.113744, marker error: RMS = 0.0508437, max = 0.120903 (LBHD)
[2025-09-16 15:54:15.970] [info] Frame 1889 (t = 9.445):	 total squared error = 0.113788, marker error: RMS = 0.0508537, max = 0.120924 (LBHD)
[2025-09-16 15:54:16.082] [info] Frame 1890 (t = 9.45):	 total squared error = 0.113734, marker error: RMS = 0.0508416, max = 0.120908 (LBHD)
[2025-09-16 15:54:16.139] [info] Frame 1891 (t = 9.455):	 total squared error = 0.113705, marker error: RMS = 0.0508350, max = 0.120875 (LBHD)
[2025-09-16 15:54:16.229] [info] Frame 1892 (t = 9.46):	 total squared error = 0.113754, marker error: RMS = 0.0508460, max = 0.120879 (LBHD)
[2025-09-16 15:54:16.291] [info] Frame 1893 (t = 9.465):	 total squared error = 0.113786, marker error: RMS = 0.0508533, max = 0.120822 (LBHD)
[2025-09-16 15:54:16.387] [info] Frame 1894 (t = 9.47):	 total squared error = 0.113668, marker error: RMS = 0.0508267, max = 0.120887 (LBHD)
[2025-09-16 15:54:16.464] [info] Frame 1895 (t = 9.475):	 total squared error = 0.113596, marker error: RMS = 0.0508108, max = 0.120746 (LBHD)
[2025-09-16 15:54:16.536] [info] Frame 1896 (t = 9.48):	 total squared error = 0.11359, marker error: RMS = 0.0508093, max = 0.120654 (LBHD)
[2025-09-16 15:54:16.604] [info] Frame 1897 (t = 9.485):	 total squared error = 0.113611, marker error: RMS = 0.0508141, max = 0.120600 (LBHD)
[2025-09-16 15:54:16.689] [info] Frame 1898 (t = 9.49):	 total squared error = 0.113623, marker error: RMS = 0.0508167, max = 0.120617 (LBHD)
[2025-09-16 15:54:16.743] [info] Frame 1899 (t = 9.495):	 total squared error = 0.113632, marker error: RMS = 0.0508188, max = 0.120661 (LBHD)
[2025-09-16 15:54:16.867] [info] Frame 1900 (t = 9.5):	 total squared error = 0.113652, marker error: RMS = 0.0508232, max = 0.120653 (LBHD)
[2025-09-16 15:54:17.046] [info] Frame 1901 (t = 9.50500):	 total squared error = 0.113708, marker error: RMS = 0.0508357, max = 0.120699 (LBHD)
[2025-09-16 15:54:17.170] [info] Frame 1902 (t = 9.51):	 total squared error = 0.113568, marker error: RMS = 0.0508044, max = 0.120605 (LBHD)
[2025-09-16 15:54:17.252] [info] Frame 1903 (t = 9.515):	 total squared error = 0.11362, marker error: RMS = 0.0508160, max = 0.120676 (LBHD)
[2025-09-16 15:54:17.403] [info] Frame 1904 (t = 9.52):	 total squared error = 0.113656, marker error: RMS = 0.0508240, max = 0.120625 (LBHD)
[2025-09-16 15:54:17.530] [info] Frame 1905 (t = 9.525):	 total squared error = 0.113694, marker error: RMS = 0.0508327, max = 0.120679 (LBHD)
[2025-09-16 15:54:17.622] [info] Frame 1906 (t = 9.53):	 total squared error = 0.113871, marker error: RMS = 0.0508721, max = 0.120546 (LBHD)
[2025-09-16 15:54:17.666] [info] Frame 1907 (t = 9.535):	 total squared error = 0.113678, marker error: RMS = 0.0508290, max = 0.120594 (LBHD)
[2025-09-16 15:54:17.766] [info] Frame 1908 (t = 9.54):	 total squared error = 0.113763, marker error: RMS = 0.0508481, max = 0.120602 (LBHD)
[2025-09-16 15:54:17.875] [info] Frame 1909 (t = 9.545):	 total squared error = 0.113959, marker error: RMS = 0.0508919, max = 0.120537 (LBHD)
[2025-09-16 15:54:17.985] [info] Frame 1910 (t = 9.55):	 total squared error = 0.113715, marker error: RMS = 0.0508373, max = 0.120501 (LBHD)
[2025-09-16 15:54:18.088] [info] Frame 1911 (t = 9.555):	 total squared error = 0.113712, marker error: RMS = 0.0508366, max = 0.120511 (LBHD)
[2025-09-16 15:54:18.182] [info] Frame 1912 (t = 9.56):	 total squared error = 0.113661, marker error: RMS = 0.0508253, max = 0.120453 (LBHD)
[2025-09-16 15:54:18.284] [info] Frame 1913 (t = 9.565):	 total squared error = 0.113728, marker error: RMS = 0.0508403, max = 0.120520 (LBHD)
[2025-09-16 15:54:18.383] [info] Frame 1914 (t = 9.57):	 total squared error = 0.113616, marker error: RMS = 0.0508151, max = 0.120415 (LBHD)
[2025-09-16 15:54:18.480] [info] Frame 1915 (t = 9.575):	 total squared error = 0.113616, marker error: RMS = 0.0508151, max = 0.120334 (LBHD)
[2025-09-16 15:54:18.596] [info] Frame 1916 (t = 9.58):	 total squared error = 0.113569, marker error: RMS = 0.0508048, max = 0.120355 (LBHD)
[2025-09-16 15:54:18.701] [info] Frame 1917 (t = 9.585):	 total squared error = 0.113589, marker error: RMS = 0.0508092, max = 0.120332 (LBHD)
[2025-09-16 15:54:18.798] [info] Frame 1918 (t = 9.59):	 total squared error = 0.113445, marker error: RMS = 0.0507770, max = 0.120265 (LBHD)
[2025-09-16 15:54:18.832] [info] Frame 1919 (t = 9.595):	 total squared error = 0.113884, marker error: RMS = 0.0508751, max = 0.120498 (LBHD)
[2025-09-16 15:54:19.007] [info] Frame 1920 (t = 9.6):	 total squared error = 0.11348, marker error: RMS = 0.0507848, max = 0.120275 (LBHD)
[2025-09-16 15:54:19.114] [info] Frame 1921 (t = 9.60500):	 total squared error = 0.113673, marker error: RMS = 0.0508279, max = 0.120286 (LBHD)
[2025-09-16 15:54:19.185] [info] Frame 1922 (t = 9.61):	 total squared error = 0.113577, marker error: RMS = 0.0508064, max = 0.120143 (LBHD)
[2025-09-16 15:54:19.273] [info] Frame 1923 (t = 9.615):	 total squared error = 0.113601, marker error: RMS = 0.0508118, max = 0.120255 (LBHD)
[2025-09-16 15:54:19.381] [info] Frame 1924 (t = 9.62):	 total squared error = 0.113632, marker error: RMS = 0.0508187, max = 0.120191 (LBHD)
[2025-09-16 15:54:19.467] [info] Frame 1925 (t = 9.625):	 total squared error = 0.113628, marker error: RMS = 0.0508179, max = 0.120189 (LBHD)
[2025-09-16 15:54:19.587] [info] Frame 1926 (t = 9.63):	 total squared error = 0.113668, marker error: RMS = 0.0508268, max = 0.120139 (LBHD)
[2025-09-16 15:54:19.670] [info] Frame 1927 (t = 9.635):	 total squared error = 0.113879, marker error: RMS = 0.0508740, max = 0.120255 (LBHD)
[2025-09-16 15:54:19.779] [info] Frame 1928 (t = 9.64):	 total squared error = 0.113692, marker error: RMS = 0.0508322, max = 0.120191 (LBHD)
[2025-09-16 15:54:19.912] [info] Frame 1929 (t = 9.645):	 total squared error = 0.113698, marker error: RMS = 0.0508334, max = 0.120122 (LBHD)
[2025-09-16 15:54:20.027] [info] Frame 1930 (t = 9.65):	 total squared error = 0.113631, marker error: RMS = 0.0508184, max = 0.120072 (LBHD)
[2025-09-16 15:54:20.106] [info] Frame 1931 (t = 9.655):	 total squared error = 0.113677, marker error: RMS = 0.0508288, max = 0.120078 (LBHD)
[2025-09-16 15:54:20.183] [info] Frame 1932 (t = 9.66):	 total squared error = 0.113722, marker error: RMS = 0.0508389, max = 0.120139 (LBHD)
[2025-09-16 15:54:20.328] [info] Frame 1933 (t = 9.665):	 total squared error = 0.113694, marker error: RMS = 0.0508326, max = 0.120148 (LBHD)
[2025-09-16 15:54:20.491] [info] Frame 1934 (t = 9.67):	 total squared error = 0.113603, marker error: RMS = 0.0508123, max = 0.119931 (LBHD)
[2025-09-16 15:54:20.606] [info] Frame 1935 (t = 9.675):	 total squared error = 0.113677, marker error: RMS = 0.0508288, max = 0.120125 (LBHD)
[2025-09-16 15:54:20.704] [info] Frame 1936 (t = 9.68):	 total squared error = 0.113639, marker error: RMS = 0.0508204, max = 0.119933 (LBHD)
[2025-09-16 15:54:20.847] [info] Frame 1937 (t = 9.685):	 total squared error = 0.113713, marker error: RMS = 0.0508368, max = 0.120077 (LBHD)
[2025-09-16 15:54:20.972] [info] Frame 1938 (t = 9.69):	 total squared error = 0.113778, marker error: RMS = 0.0508513, max = 0.120225 (LBHD)
[2025-09-16 15:54:21.109] [info] Frame 1939 (t = 9.695):	 total squared error = 0.113596, marker error: RMS = 0.0508106, max = 0.120130 (LBHD)
[2025-09-16 15:54:21.360] [info] Frame 1940 (t = 9.7):	 total squared error = 0.113649, marker error: RMS = 0.0508226, max = 0.119894 (LBHD)
[2025-09-16 15:54:21.495] [info] Frame 1941 (t = 9.70500):	 total squared error = 0.11367, marker error: RMS = 0.0508272, max = 0.120054 (LBHD)
[2025-09-16 15:54:21.671] [info] Frame 1942 (t = 9.71):	 total squared error = 0.113707, marker error: RMS = 0.0508355, max = 0.120165 (LBHD)
[2025-09-16 15:54:21.862] [info] Frame 1943 (t = 9.715):	 total squared error = 0.113672, marker error: RMS = 0.0508277, max = 0.119977 (LBHD)
[2025-09-16 15:54:22.034] [info] Frame 1944 (t = 9.72):	 total squared error = 0.113624, marker error: RMS = 0.0508170, max = 0.120007 (LBHD)
[2025-09-16 15:54:22.210] [info] Frame 1945 (t = 9.725):	 total squared error = 0.113614, marker error: RMS = 0.0508148, max = 0.120058 (LBHD)
[2025-09-16 15:54:22.355] [info] Frame 1946 (t = 9.73):	 total squared error = 0.113592, marker error: RMS = 0.0508098, max = 0.120129 (LBHD)
[2025-09-16 15:54:22.490] [info] Frame 1947 (t = 9.735):	 total squared error = 0.113841, marker error: RMS = 0.0508654, max = 0.120249 (LBHD)
[2025-09-16 15:54:22.732] [info] Frame 1948 (t = 9.74):	 total squared error = 0.113533, marker error: RMS = 0.0507967, max = 0.12 (LBHD)
[2025-09-16 15:54:22.872] [info] Frame 1949 (t = 9.745):	 total squared error = 0.11369, marker error: RMS = 0.0508318, max = 0.120200 (LBHD)
[2025-09-16 15:54:23.065] [info] Frame 1950 (t = 9.75):	 total squared error = 0.113579, marker error: RMS = 0.0508068, max = 0.120066 (LBHD)
[2025-09-16 15:54:23.225] [info] Frame 1951 (t = 9.755):	 total squared error = 0.113647, marker error: RMS = 0.0508222, max = 0.120069 (LBHD)
[2025-09-16 15:54:23.371] [info] Frame 1952 (t = 9.76):	 total squared error = 0.113722, marker error: RMS = 0.0508389, max = 0.120309 (LBHD)
[2025-09-16 15:54:23.523] [info] Frame 1953 (t = 9.765):	 total squared error = 0.113893, marker error: RMS = 0.0508770, max = 0.120404 (LBHD)
[2025-09-16 15:54:23.686] [info] Frame 1954 (t = 9.77):	 total squared error = 0.114129, marker error: RMS = 0.0509297, max = 0.120258 (LBHD)
[2025-09-16 15:54:23.903] [info] Frame 1955 (t = 9.775):	 total squared error = 0.113694, marker error: RMS = 0.0508327, max = 0.120214 (LBHD)
[2025-09-16 15:54:24.111] [info] Frame 1956 (t = 9.78):	 total squared error = 0.113759, marker error: RMS = 0.0508472, max = 0.120267 (LBHD)
[2025-09-16 15:54:24.330] [info] Frame 1957 (t = 9.785):	 total squared error = 0.113789, marker error: RMS = 0.0508539, max = 0.120301 (LBHD)
[2025-09-16 15:54:24.525] [info] Frame 1958 (t = 9.79):	 total squared error = 0.113728, marker error: RMS = 0.0508402, max = 0.120261 (LBHD)
[2025-09-16 15:54:24.671] [info] Frame 1959 (t = 9.795):	 total squared error = 0.113702, marker error: RMS = 0.0508344, max = 0.120181 (LBHD)
[2025-09-16 15:54:24.816] [info] Frame 1960 (t = 9.8):	 total squared error = 0.113695, marker error: RMS = 0.0508328, max = 0.120197 (LBHD)
[2025-09-16 15:54:24.934] [info] Frame 1961 (t = 9.80500):	 total squared error = 0.113684, marker error: RMS = 0.0508305, max = 0.120200 (LBHD)
[2025-09-16 15:54:25.026] [info] Frame 1962 (t = 9.81):	 total squared error = 0.113642, marker error: RMS = 0.0508210, max = 0.120155 (LBHD)
[2025-09-16 15:54:25.149] [info] Frame 1963 (t = 9.815):	 total squared error = 0.113884, marker error: RMS = 0.0508751, max = 0.120430 (LBHD)
[2025-09-16 15:54:25.245] [info] Frame 1964 (t = 9.82):	 total squared error = 0.113707, marker error: RMS = 0.0508355, max = 0.120152 (LBHD)
[2025-09-16 15:54:25.345] [info] Frame 1965 (t = 9.825):	 total squared error = 0.113648, marker error: RMS = 0.0508223, max = 0.120169 (LBHD)
[2025-09-16 15:54:25.420] [info] Frame 1966 (t = 9.83):	 total squared error = 0.113731, marker error: RMS = 0.0508410, max = 0.120209 (LBHD)
[2025-09-16 15:54:25.489] [info] Frame 1967 (t = 9.835):	 total squared error = 0.113897, marker error: RMS = 0.0508780, max = 0.120258 (LBHD)
[2025-09-16 15:54:25.617] [info] Frame 1968 (t = 9.84):	 total squared error = 0.113701, marker error: RMS = 0.0508342, max = 0.120207 (LBHD)
[2025-09-16 15:54:25.741] [info] Frame 1969 (t = 9.845):	 total squared error = 0.113847, marker error: RMS = 0.0508668, max = 0.120293 (LBHD)
[2025-09-16 15:54:25.858] [info] Frame 1970 (t = 9.85):	 total squared error = 0.113726, marker error: RMS = 0.0508399, max = 0.120284 (LBHD)
[2025-09-16 15:54:25.991] [info] Frame 1971 (t = 9.855):	 total squared error = 0.113892, marker error: RMS = 0.0508769, max = 0.120375 (LBHD)
[2025-09-16 15:54:26.141] [info] Frame 1972 (t = 9.86):	 total squared error = 0.113732, marker error: RMS = 0.0508410, max = 0.120249 (LBHD)
[2025-09-16 15:54:26.239] [info] Frame 1973 (t = 9.865):	 total squared error = 0.113862, marker error: RMS = 0.0508701, max = 0.120365 (LBHD)
[2025-09-16 15:54:26.384] [info] Frame 1974 (t = 9.87):	 total squared error = 0.113756, marker error: RMS = 0.0508465, max = 0.120302 (LBHD)
[2025-09-16 15:54:26.492] [info] Frame 1975 (t = 9.875):	 total squared error = 0.113801, marker error: RMS = 0.0508565, max = 0.120312 (LBHD)
[2025-09-16 15:54:26.651] [info] Frame 1976 (t = 9.88):	 total squared error = 0.113751, marker error: RMS = 0.0508454, max = 0.120390 (LBHD)
[2025-09-16 15:54:26.828] [info] Frame 1977 (t = 9.885):	 total squared error = 0.113847, marker error: RMS = 0.0508669, max = 0.120436 (LBHD)
[2025-09-16 15:54:26.948] [info] Frame 1978 (t = 9.89):	 total squared error = 0.114012, marker error: RMS = 0.0509037, max = 0.120441 (LBHD)
[2025-09-16 15:54:27.088] [info] Frame 1979 (t = 9.895):	 total squared error = 0.113869, marker error: RMS = 0.0508718, max = 0.120386 (LBHD)
[2025-09-16 15:54:27.206] [info] Frame 1980 (t = 9.9):	 total squared error = 0.113888, marker error: RMS = 0.0508759, max = 0.120416 (LBHD)
[2025-09-16 15:54:27.319] [info] Frame 1981 (t = 9.90500):	 total squared error = 0.114014, marker error: RMS = 0.0509042, max = 0.120461 (LBHD)
[2025-09-16 15:54:27.400] [info] Frame 1982 (t = 9.91):	 total squared error = 0.113938, marker error: RMS = 0.0508871, max = 0.120471 (LBHD)
[2025-09-16 15:54:27.520] [info] Frame 1983 (t = 9.915):	 total squared error = 0.114141, marker error: RMS = 0.0509324, max = 0.120632 (LBHD)
[2025-09-16 15:54:27.608] [info] Frame 1984 (t = 9.92):	 total squared error = 0.114029, marker error: RMS = 0.0509075, max = 0.120492 (LBHD)
[2025-09-16 15:54:27.694] [info] Frame 1985 (t = 9.925):	 total squared error = 0.114061, marker error: RMS = 0.0509146, max = 0.120470 (LBHD)
[2025-09-16 15:54:27.762] [info] Frame 1986 (t = 9.93):	 total squared error = 0.113898, marker error: RMS = 0.0508781, max = 0.120407 (LBHD)
[2025-09-16 15:54:27.867] [info] Frame 1987 (t = 9.935):	 total squared error = 0.113979, marker error: RMS = 0.0508962, max = 0.120393 (LBHD)
[2025-09-16 15:54:27.975] [info] Frame 1988 (t = 9.94):	 total squared error = 0.11396, marker error: RMS = 0.0508921, max = 0.120425 (LBHD)
[2025-09-16 15:54:28.107] [info] Frame 1989 (t = 9.945):	 total squared error = 0.113833, marker error: RMS = 0.0508636, max = 0.120306 (LBHD)
[2025-09-16 15:54:28.222] [info] Frame 1990 (t = 9.95):	 total squared error = 0.113887, marker error: RMS = 0.0508757, max = 0.120299 (LBHD)
[2025-09-16 15:54:28.306] [info] Frame 1991 (t = 9.955):	 total squared error = 0.113878, marker error: RMS = 0.0508737, max = 0.120242 (LBHD)
[2025-09-16 15:54:28.436] [info] Frame 1992 (t = 9.96):	 total squared error = 0.114026, marker error: RMS = 0.0509067, max = 0.120441 (LBHD)
[2025-09-16 15:54:28.588] [info] Frame 1993 (t = 9.965):	 total squared error = 0.11386, marker error: RMS = 0.0508696, max = 0.120320 (LBHD)
[2025-09-16 15:54:28.710] [info] Frame 1994 (t = 9.97):	 total squared error = 0.11399, marker error: RMS = 0.0508988, max = 0.120445 (LBHD)
[2025-09-16 15:54:28.884] [info] Frame 1995 (t = 9.975):	 total squared error = 0.113874, marker error: RMS = 0.0508728, max = 0.120362 (LBHD)
[2025-09-16 15:54:29.032] [info] Frame 1996 (t = 9.98):	 total squared error = 0.113824, marker error: RMS = 0.0508618, max = 0.120284 (LBHD)
[2025-09-16 15:54:29.170] [info] Frame 1997 (t = 9.985):	 total squared error = 0.113833, marker error: RMS = 0.0508637, max = 0.120218 (LBHD)
[2025-09-16 15:54:29.397] [info] Frame 1998 (t = 9.99):	 total squared error = 0.113729, marker error: RMS = 0.0508405, max = 0.120201 (LBHD)
[2025-09-16 15:54:29.501] [info] Frame 1999 (t = 9.995):	 total squared error = 0.11394, marker error: RMS = 0.0508875, max = 0.120241 (LBHD)
[2025-09-16 15:54:29.583] [info] Solved 2000 frame(s)...
[2025-09-16 15:54:29.584] [info] Frame 2000 (t = 10.0):	 total squared error = 0.113826, marker error: RMS = 0.0508621, max = 0.120244 (LBHD)
[2025-09-16 15:54:29.704] [info] Frame 2001 (t = 10.0050):	 total squared error = 0.113944, marker error: RMS = 0.0508884, max = 0.120444 (LBHD)
[2025-09-16 15:54:29.827] [info] Frame 2002 (t = 10.01):	 total squared error = 0.113941, marker error: RMS = 0.0508879, max = 0.120165 (LBHD)
[2025-09-16 15:54:29.871] [info] Frame 2003 (t = 10.015):	 total squared error = 0.114046, marker error: RMS = 0.0509111, max = 0.120286 (LBHD)
[2025-09-16 15:54:29.989] [info] Frame 2004 (t = 10.02):	 total squared error = 0.114317, marker error: RMS = 0.0509718, max = 0.120472 (LBHD)
[2025-09-16 15:54:30.110] [info] Frame 2005 (t = 10.025):	 total squared error = 0.114045, marker error: RMS = 0.0509110, max = 0.120182 (LBHD)
[2025-09-16 15:54:30.232] [info] Frame 2006 (t = 10.03):	 total squared error = 0.114094, marker error: RMS = 0.0509219, max = 0.120117 (LBHD)
[2025-09-16 15:54:30.350] [info] Frame 2007 (t = 10.035):	 total squared error = 0.114168, marker error: RMS = 0.0509385, max = 0.120155 (LBHD)
[2025-09-16 15:54:30.439] [info] Frame 2008 (t = 10.04):	 total squared error = 0.11413, marker error: RMS = 0.0509299, max = 0.120174 (LBHD)
[2025-09-16 15:54:30.545] [info] Frame 2009 (t = 10.045):	 total squared error = 0.114257, marker error: RMS = 0.0509583, max = 0.120314 (LBHD)
[2025-09-16 15:54:30.655] [info] Frame 2010 (t = 10.05):	 total squared error = 0.114307, marker error: RMS = 0.0509695, max = 0.120201 (LBHD)
[2025-09-16 15:54:30.781] [info] Frame 2011 (t = 10.055):	 total squared error = 0.114287, marker error: RMS = 0.0509649, max = 0.120227 (LBHD)
[2025-09-16 15:54:30.894] [info] Frame 2012 (t = 10.06):	 total squared error = 0.114277, marker error: RMS = 0.0509629, max = 0.120174 (LBHD)
[2025-09-16 15:54:31.011] [info] Frame 2013 (t = 10.065):	 total squared error = 0.114368, marker error: RMS = 0.0509831, max = 0.120153 (LBHD)
[2025-09-16 15:54:31.057] [info] Frame 2014 (t = 10.07):	 total squared error = 0.11431, marker error: RMS = 0.0509700, max = 0.120085 (LBHD)
[2025-09-16 15:54:31.143] [info] Frame 2015 (t = 10.075):	 total squared error = 0.114423, marker error: RMS = 0.0509953, max = 0.120132 (LBHD)
[2025-09-16 15:54:31.254] [info] Frame 2016 (t = 10.08):	 total squared error = 0.114466, marker error: RMS = 0.0510048, max = 0.120062 (LBHD)
[2025-09-16 15:54:31.346] [info] Frame 2017 (t = 10.085):	 total squared error = 0.114379, marker error: RMS = 0.0509855, max = 0.120110 (LBHD)
[2025-09-16 15:54:31.521] [info] Frame 2018 (t = 10.09):	 total squared error = 0.114492, marker error: RMS = 0.0510107, max = 0.120075 (LBHD)
[2025-09-16 15:54:31.569] [info] Frame 2019 (t = 10.095):	 total squared error = 0.114631, marker error: RMS = 0.0510418, max = 0.120216 (LBHD)
[2025-09-16 15:54:31.658] [info] Frame 2020 (t = 10.1):	 total squared error = 0.114724, marker error: RMS = 0.0510624, max = 0.120162 (LBHD)
[2025-09-16 15:54:31.742] [info] Frame 2021 (t = 10.1050):	 total squared error = 0.114777, marker error: RMS = 0.0510741, max = 0.120105 (LBHD)
[2025-09-16 15:54:31.846] [info] Frame 2022 (t = 10.11):	 total squared error = 0.114776, marker error: RMS = 0.0510738, max = 0.120189 (LBHD)
[2025-09-16 15:54:31.960] [info] Frame 2023 (t = 10.115):	 total squared error = 0.114882, marker error: RMS = 0.0510976, max = 0.120202 (LBHD)
[2025-09-16 15:54:32.090] [info] Frame 2024 (t = 10.12):	 total squared error = 0.114831, marker error: RMS = 0.0510861, max = 0.120096 (LBHD)
[2025-09-16 15:54:32.211] [info] Frame 2025 (t = 10.125):	 total squared error = 0.11482, marker error: RMS = 0.0510837, max = 0.120167 (LBHD)
[2025-09-16 15:54:32.311] [info] Frame 2026 (t = 10.13):	 total squared error = 0.114882, marker error: RMS = 0.0510975, max = 0.120148 (LBHD)
[2025-09-16 15:54:32.369] [info] Frame 2027 (t = 10.135):	 total squared error = 0.114975, marker error: RMS = 0.0511181, max = 0.120156 (LBHD)
[2025-09-16 15:54:32.440] [info] Frame 2028 (t = 10.14):	 total squared error = 0.114931, marker error: RMS = 0.0511083, max = 0.120032 (LBHD)
[2025-09-16 15:54:32.516] [info] Frame 2029 (t = 10.145):	 total squared error = 0.114678, marker error: RMS = 0.0510522, max = 0.119835 (LBHD)
[2025-09-16 15:54:32.587] [info] Frame 2030 (t = 10.15):	 total squared error = 0.115009, marker error: RMS = 0.0511257, max = 0.120065 (LBHD)
[2025-09-16 15:54:32.683] [info] Frame 2031 (t = 10.155):	 total squared error = 0.115111, marker error: RMS = 0.0511484, max = 0.120053 (LBHD)
[2025-09-16 15:54:32.761] [info] Frame 2032 (t = 10.16):	 total squared error = 0.115066, marker error: RMS = 0.0511385, max = 0.119918 (LBHD)
[2025-09-16 15:54:32.847] [info] Frame 2033 (t = 10.165):	 total squared error = 0.115081, marker error: RMS = 0.0511418, max = 0.11984 (LBHD)
[2025-09-16 15:54:32.957] [info] Frame 2034 (t = 10.17):	 total squared error = 0.115096, marker error: RMS = 0.051145, max = 0.119883 (LBHD)
[2025-09-16 15:54:33.080] [info] Frame 2035 (t = 10.175):	 total squared error = 0.115103, marker error: RMS = 0.0511465, max = 0.119783 (LBHD)
[2025-09-16 15:54:33.152] [info] Frame 2036 (t = 10.18):	 total squared error = 0.115087, marker error: RMS = 0.051143, max = 0.119781 (LBHD)
[2025-09-16 15:54:33.260] [info] Frame 2037 (t = 10.185):	 total squared error = 0.115107, marker error: RMS = 0.0511476, max = 0.119737 (LBHD)
[2025-09-16 15:54:33.469] [info] Frame 2038 (t = 10.19):	 total squared error = 0.115164, marker error: RMS = 0.0511601, max = 0.119765 (LBHD)
[2025-09-16 15:54:33.620] [info] Frame 2039 (t = 10.195):	 total squared error = 0.115212, marker error: RMS = 0.0511708, max = 0.119703 (LBHD)
[2025-09-16 15:54:33.730] [info] Frame 2040 (t = 10.2):	 total squared error = 0.115179, marker error: RMS = 0.0511635, max = 0.11973 (LBHD)
[2025-09-16 15:54:33.816] [info] Frame 2041 (t = 10.2050):	 total squared error = 0.115216, marker error: RMS = 0.0511717, max = 0.119621 (LBHD)
[2025-09-16 15:54:33.950] [info] Frame 2042 (t = 10.21):	 total squared error = 0.115161, marker error: RMS = 0.0511595, max = 0.119592 (LBHD)
[2025-09-16 15:54:34.058] [info] Frame 2043 (t = 10.215):	 total squared error = 0.115371, marker error: RMS = 0.0512062, max = 0.119636 (LBHD)
[2025-09-16 15:54:34.165] [info] Frame 2044 (t = 10.22):	 total squared error = 0.115204, marker error: RMS = 0.051169, max = 0.119457 (LBHD)
[2025-09-16 15:54:34.253] [info] Frame 2045 (t = 10.225):	 total squared error = 0.115189, marker error: RMS = 0.0511656, max = 0.119316 (LBHD)
[2025-09-16 15:54:34.339] [info] Frame 2046 (t = 10.23):	 total squared error = 0.115193, marker error: RMS = 0.0511666, max = 0.119341 (LBHD)
[2025-09-16 15:54:34.372] [info] Frame 2047 (t = 10.235):	 total squared error = 0.115181, marker error: RMS = 0.051164, max = 0.119334 (LBHD)
[2025-09-16 15:54:34.496] [info] Frame 2048 (t = 10.24):	 total squared error = 0.115239, marker error: RMS = 0.0511768, max = 0.119216 (LBHD)
[2025-09-16 15:54:34.572] [info] Frame 2049 (t = 10.245):	 total squared error = 0.115363, marker error: RMS = 0.0512043, max = 0.119181 (LBHD)
[2025-09-16 15:54:34.682] [info] Frame 2050 (t = 10.25):	 total squared error = 0.115309, marker error: RMS = 0.0511924, max = 0.11917 (LBHD)
[2025-09-16 15:54:34.759] [info] Frame 2051 (t = 10.255):	 total squared error = 0.115309, marker error: RMS = 0.0511923, max = 0.119234 (LBHD)
[2025-09-16 15:54:34.849] [info] Frame 2052 (t = 10.26):	 total squared error = 0.115314, marker error: RMS = 0.0511935, max = 0.119153 (LBHD)
[2025-09-16 15:54:34.934] [info] Frame 2053 (t = 10.265):	 total squared error = 0.115407, marker error: RMS = 0.0512142, max = 0.119068 (LBHD)
[2025-09-16 15:54:34.971] [info] Frame 2054 (t = 10.27):	 total squared error = 0.115401, marker error: RMS = 0.0512127, max = 0.119167 (LBHD)
[2025-09-16 15:54:35.098] [info] Frame 2055 (t = 10.275):	 total squared error = 0.115363, marker error: RMS = 0.0512044, max = 0.119011 (LBHD)
[2025-09-16 15:54:35.253] [info] Frame 2056 (t = 10.28):	 total squared error = 0.115332, marker error: RMS = 0.0511974, max = 0.118961 (LBHD)
[2025-09-16 15:54:35.423] [info] Frame 2057 (t = 10.285):	 total squared error = 0.115341, marker error: RMS = 0.0511995, max = 0.118918 (LBHD)
[2025-09-16 15:54:35.635] [info] Frame 2058 (t = 10.29):	 total squared error = 0.115338, marker error: RMS = 0.0511988, max = 0.118911 (LBHD)
[2025-09-16 15:54:35.759] [info] Frame 2059 (t = 10.295):	 total squared error = 0.115418, marker error: RMS = 0.0512166, max = 0.118969 (LBHD)
[2025-09-16 15:54:36.045] [info] Frame 2060 (t = 10.3):	 total squared error = 0.115032, marker error: RMS = 0.0511309, max = 0.118638 (LBHD)
[2025-09-16 15:54:36.338] [info] Frame 2061 (t = 10.3050):	 total squared error = 0.115316, marker error: RMS = 0.0511939, max = 0.118857 (LBHD)
[2025-09-16 15:54:36.536] [info] Frame 2062 (t = 10.31):	 total squared error = 0.115322, marker error: RMS = 0.0511953, max = 0.118766 (LBHD)
[2025-09-16 15:54:36.733] [info] Frame 2063 (t = 10.315):	 total squared error = 0.115328, marker error: RMS = 0.0511965, max = 0.118735 (LBHD)
[2025-09-16 15:54:36.964] [info] Frame 2064 (t = 10.32):	 total squared error = 0.115276, marker error: RMS = 0.051185, max = 0.118679 (LBHD)
[2025-09-16 15:54:37.110] [info] Frame 2065 (t = 10.325):	 total squared error = 0.115443, marker error: RMS = 0.0512221, max = 0.118657 (LBHD)
[2025-09-16 15:54:37.331] [info] Frame 2066 (t = 10.33):	 total squared error = 0.115348, marker error: RMS = 0.0512010, max = 0.11868 (LBHD)
[2025-09-16 15:54:37.486] [info] Frame 2067 (t = 10.335):	 total squared error = 0.115328, marker error: RMS = 0.0511965, max = 0.118738 (LBHD)
[2025-09-16 15:54:37.704] [info] Frame 2068 (t = 10.34):	 total squared error = 0.115336, marker error: RMS = 0.0511983, max = 0.118667 (LBHD)
[2025-09-16 15:54:37.967] [info] Frame 2069 (t = 10.345):	 total squared error = 0.115146, marker error: RMS = 0.0511562, max = 0.11845 (LBHD)
[2025-09-16 15:54:38.227] [info] Frame 2070 (t = 10.35):	 total squared error = 0.115237, marker error: RMS = 0.0511765, max = 0.118496 (LBHD)
[2025-09-16 15:54:38.399] [info] Frame 2071 (t = 10.355):	 total squared error = 0.115444, marker error: RMS = 0.0512224, max = 0.118569 (LBHD)
[2025-09-16 15:54:38.583] [info] Frame 2072 (t = 10.36):	 total squared error = 0.115201, marker error: RMS = 0.0511683, max = 0.118485 (LBHD)
[2025-09-16 15:54:38.782] [info] Frame 2073 (t = 10.365):	 total squared error = 0.115179, marker error: RMS = 0.0511636, max = 0.118451 (LBHD)
[2025-09-16 15:54:38.925] [info] Frame 2074 (t = 10.37):	 total squared error = 0.115196, marker error: RMS = 0.0511672, max = 0.118423 (LBHD)
[2025-09-16 15:54:39.160] [info] Frame 2075 (t = 10.375):	 total squared error = 0.115179, marker error: RMS = 0.0511635, max = 0.11844 (LBHD)
[2025-09-16 15:54:39.365] [info] Frame 2076 (t = 10.38):	 total squared error = 0.115058, marker error: RMS = 0.0511366, max = 0.118314 (LBHD)
[2025-09-16 15:54:39.730] [info] Frame 2077 (t = 10.385):	 total squared error = 0.115231, marker error: RMS = 0.0511751, max = 0.118522 (LBHD)
[2025-09-16 15:54:39.990] [info] Frame 2078 (t = 10.39):	 total squared error = 0.115022, marker error: RMS = 0.0511287, max = 0.118296 (LBHD)
[2025-09-16 15:54:40.107] [info] Frame 2079 (t = 10.395):	 total squared error = 0.114953, marker error: RMS = 0.0511132, max = 0.118241 (LBHD)
[2025-09-16 15:54:40.284] [info] Frame 2080 (t = 10.4):	 total squared error = 0.115177, marker error: RMS = 0.051163, max = 0.118248 (LBHD)
[2025-09-16 15:54:40.490] [info] Frame 2081 (t = 10.4050):	 total squared error = 0.115033, marker error: RMS = 0.051131, max = 0.118217 (LBHD)
[2025-09-16 15:54:40.684] [info] Frame 2082 (t = 10.41):	 total squared error = 0.114985, marker error: RMS = 0.0511203, max = 0.118163 (LBHD)
[2025-09-16 15:54:40.892] [info] Frame 2083 (t = 10.415):	 total squared error = 0.115044, marker error: RMS = 0.0511334, max = 0.118148 (LBHD)
[2025-09-16 15:54:41.110] [info] Frame 2084 (t = 10.42):	 total squared error = 0.115044, marker error: RMS = 0.0511335, max = 0.118154 (LBHD)
[2025-09-16 15:54:41.276] [info] Frame 2085 (t = 10.425):	 total squared error = 0.115001, marker error: RMS = 0.051124, max = 0.118155 (LBHD)
[2025-09-16 15:54:41.464] [info] Frame 2086 (t = 10.43):	 total squared error = 0.114999, marker error: RMS = 0.0511235, max = 0.118221 (LBHD)
[2025-09-16 15:54:41.585] [info] Frame 2087 (t = 10.435):	 total squared error = 0.114909, marker error: RMS = 0.0511034, max = 0.118134 (LBHD)
[2025-09-16 15:54:41.718] [info] Frame 2088 (t = 10.44):	 total squared error = 0.115028, marker error: RMS = 0.05113, max = 0.118226 (LBHD)
[2025-09-16 15:54:41.837] [info] Frame 2089 (t = 10.445):	 total squared error = 0.115055, marker error: RMS = 0.051136, max = 0.118132 (LBHD)
[2025-09-16 15:54:41.972] [info] Frame 2090 (t = 10.45):	 total squared error = 0.115011, marker error: RMS = 0.0511262, max = 0.118133 (LBHD)
[2025-09-16 15:54:42.102] [info] Frame 2091 (t = 10.455):	 total squared error = 0.115016, marker error: RMS = 0.0511274, max = 0.118201 (LBHD)
[2025-09-16 15:54:42.244] [info] Frame 2092 (t = 10.46):	 total squared error = 0.11497, marker error: RMS = 0.051117, max = 0.118144 (LBHD)
[2025-09-16 15:54:42.434] [info] Frame 2093 (t = 10.465):	 total squared error = 0.114999, marker error: RMS = 0.0511235, max = 0.118108 (LBHD)
[2025-09-16 15:54:42.722] [info] Frame 2094 (t = 10.47):	 total squared error = 0.115045, marker error: RMS = 0.0511338, max = 0.118148 (LBHD)
[2025-09-16 15:54:42.917] [info] Frame 2095 (t = 10.475):	 total squared error = 0.115011, marker error: RMS = 0.0511261, max = 0.118105 (LBHD)
[2025-09-16 15:54:43.068] [info] Frame 2096 (t = 10.48):	 total squared error = 0.115027, marker error: RMS = 0.0511297, max = 0.118157 (LBHD)
[2025-09-16 15:54:43.193] [info] Frame 2097 (t = 10.485):	 total squared error = 0.115024, marker error: RMS = 0.051129, max = 0.118216 (LBHD)
[2025-09-16 15:54:43.342] [info] Frame 2098 (t = 10.49):	 total squared error = 0.114976, marker error: RMS = 0.0511184, max = 0.118104 (LBHD)
[2025-09-16 15:54:43.498] [info] Frame 2099 (t = 10.495):	 total squared error = 0.115017, marker error: RMS = 0.0511276, max = 0.118114 (LBHD)
[2025-09-16 15:54:43.611] [info] Frame 2100 (t = 10.5):	 total squared error = 0.115029, marker error: RMS = 0.0511302, max = 0.118090 (LBHD)
[2025-09-16 15:54:43.695] [info] Frame 2101 (t = 10.5050):	 total squared error = 0.114987, marker error: RMS = 0.0511209, max = 0.118109 (LBHD)
[2025-09-16 15:54:43.797] [info] Frame 2102 (t = 10.51):	 total squared error = 0.114915, marker error: RMS = 0.0511047, max = 0.118128 (LBHD)
[2025-09-16 15:54:43.867] [info] Frame 2103 (t = 10.515):	 total squared error = 0.115035, marker error: RMS = 0.0511314, max = 0.118227 (LBHD)
[2025-09-16 15:54:44.006] [info] Frame 2104 (t = 10.52):	 total squared error = 0.114965, marker error: RMS = 0.051116, max = 0.118014 (LBHD)
[2025-09-16 15:54:44.139] [info] Frame 2105 (t = 10.525):	 total squared error = 0.11499, marker error: RMS = 0.0511216, max = 0.118151 (LBHD)
[2025-09-16 15:54:44.285] [info] Frame 2106 (t = 10.53):	 total squared error = 0.115056, marker error: RMS = 0.0511362, max = 0.118126 (LBHD)
[2025-09-16 15:54:44.414] [info] Frame 2107 (t = 10.535):	 total squared error = 0.115085, marker error: RMS = 0.0511426, max = 0.118212 (LBHD)
[2025-09-16 15:54:44.516] [info] Frame 2108 (t = 10.54):	 total squared error = 0.11526, marker error: RMS = 0.0511814, max = 0.118385 (LBHD)
[2025-09-16 15:54:44.606] [info] Frame 2109 (t = 10.545):	 total squared error = 0.11513, marker error: RMS = 0.0511527, max = 0.118293 (LBHD)
[2025-09-16 15:54:44.707] [info] Frame 2110 (t = 10.55):	 total squared error = 0.115193, marker error: RMS = 0.0511667, max = 0.118266 (LBHD)
[2025-09-16 15:54:44.802] [info] Frame 2111 (t = 10.555):	 total squared error = 0.115316, marker error: RMS = 0.0511938, max = 0.118477 (LBHD)
[2025-09-16 15:54:44.932] [info] Frame 2112 (t = 10.56):	 total squared error = 0.115167, marker error: RMS = 0.0511609, max = 0.118342 (LBHD)
[2025-09-16 15:54:44.998] [info] Frame 2113 (t = 10.565):	 total squared error = 0.115211, marker error: RMS = 0.0511706, max = 0.118437 (LBHD)
[2025-09-16 15:54:45.122] [info] Frame 2114 (t = 10.57):	 total squared error = 0.115301, marker error: RMS = 0.0511907, max = 0.118408 (LBHD)
[2025-09-16 15:54:45.284] [info] Frame 2115 (t = 10.575):	 total squared error = 0.115164, marker error: RMS = 0.0511601, max = 0.11845 (LBHD)
[2025-09-16 15:54:45.404] [info] Frame 2116 (t = 10.58):	 total squared error = 0.115322, marker error: RMS = 0.0511953, max = 0.11843 (LBHD)
[2025-09-16 15:54:45.542] [info] Frame 2117 (t = 10.585):	 total squared error = 0.115268, marker error: RMS = 0.0511834, max = 0.118308 (LBHD)
[2025-09-16 15:54:45.654] [info] Frame 2118 (t = 10.59):	 total squared error = 0.115217, marker error: RMS = 0.0511718, max = 0.11834 (LBHD)
[2025-09-16 15:54:45.748] [info] Frame 2119 (t = 10.595):	 total squared error = 0.115247, marker error: RMS = 0.0511787, max = 0.118343 (LBHD)
[2025-09-16 15:54:45.843] [info] Frame 2120 (t = 10.6):	 total squared error = 0.115163, marker error: RMS = 0.0511599, max = 0.118297 (LBHD)
[2025-09-16 15:54:45.924] [info] Frame 2121 (t = 10.6050):	 total squared error = 0.11535, marker error: RMS = 0.0512014, max = 0.118366 (LBHD)
[2025-09-16 15:54:46.023] [info] Frame 2122 (t = 10.61):	 total squared error = 0.115264, marker error: RMS = 0.0511823, max = 0.118312 (LBHD)
[2025-09-16 15:54:46.129] [info] Frame 2123 (t = 10.615):	 total squared error = 0.115308, marker error: RMS = 0.0511921, max = 0.118287 (LBHD)
[2025-09-16 15:54:46.185] [info] Frame 2124 (t = 10.62):	 total squared error = 0.115325, marker error: RMS = 0.0511959, max = 0.11834 (LBHD)
[2025-09-16 15:54:46.249] [info] Frame 2125 (t = 10.625):	 total squared error = 0.115309, marker error: RMS = 0.0511923, max = 0.118155 (LBHD)
[2025-09-16 15:54:46.332] [info] Frame 2126 (t = 10.63):	 total squared error = 0.115428, marker error: RMS = 0.0512187, max = 0.118163 (LBHD)
[2025-09-16 15:54:46.402] [info] Frame 2127 (t = 10.635):	 total squared error = 0.115355, marker error: RMS = 0.0512027, max = 0.11831 (LBHD)
[2025-09-16 15:54:46.491] [info] Frame 2128 (t = 10.64):	 total squared error = 0.11548, marker error: RMS = 0.0512304, max = 0.118392 (LBHD)
[2025-09-16 15:54:46.627] [info] Frame 2129 (t = 10.645):	 total squared error = 0.115473, marker error: RMS = 0.0512287, max = 0.118378 (LBHD)
[2025-09-16 15:54:46.674] [info] Frame 2130 (t = 10.65):	 total squared error = 0.115509, marker error: RMS = 0.0512368, max = 0.118529 (LBHD)
[2025-09-16 15:54:46.744] [info] Frame 2131 (t = 10.655):	 total squared error = 0.115408, marker error: RMS = 0.0512144, max = 0.118316 (LBHD)
[2025-09-16 15:54:46.825] [info] Frame 2132 (t = 10.66):	 total squared error = 0.115389, marker error: RMS = 0.0512101, max = 0.118275 (LBHD)
[2025-09-16 15:54:46.855] [info] Frame 2133 (t = 10.665):	 total squared error = 0.115437, marker error: RMS = 0.0512208, max = 0.118373 (LBHD)
[2025-09-16 15:54:46.926] [info] Frame 2134 (t = 10.67):	 total squared error = 0.115547, marker error: RMS = 0.0512451, max = 0.118417 (LBHD)
[2025-09-16 15:54:46.975] [info] Frame 2135 (t = 10.675):	 total squared error = 0.115468, marker error: RMS = 0.0512276, max = 0.118359 (LBHD)
[2025-09-16 15:54:47.091] [info] Frame 2136 (t = 10.68):	 total squared error = 0.115542, marker error: RMS = 0.0512442, max = 0.11849 (LBHD)
[2025-09-16 15:54:47.237] [info] Frame 2137 (t = 10.685):	 total squared error = 0.115461, marker error: RMS = 0.0512262, max = 0.118334 (LBHD)
[2025-09-16 15:54:47.336] [info] Frame 2138 (t = 10.69):	 total squared error = 0.115635, marker error: RMS = 0.0512647, max = 0.118598 (LBHD)
[2025-09-16 15:54:47.518] [info] Frame 2139 (t = 10.695):	 total squared error = 0.115554, marker error: RMS = 0.0512467, max = 0.118532 (LBHD)
[2025-09-16 15:54:47.603] [info] Frame 2140 (t = 10.7):	 total squared error = 0.11558, marker error: RMS = 0.0512525, max = 0.118665 (LBHD)
[2025-09-16 15:54:47.728] [info] Frame 2141 (t = 10.7050):	 total squared error = 0.115661, marker error: RMS = 0.0512704, max = 0.118631 (LBHD)
[2025-09-16 15:54:47.816] [info] Frame 2142 (t = 10.71):	 total squared error = 0.11564, marker error: RMS = 0.0512657, max = 0.118626 (LBHD)
[2025-09-16 15:54:47.878] [info] Frame 2143 (t = 10.715):	 total squared error = 0.115547, marker error: RMS = 0.0512451, max = 0.118656 (LBHD)
[2025-09-16 15:54:47.936] [info] Frame 2144 (t = 10.72):	 total squared error = 0.115563, marker error: RMS = 0.0512487, max = 0.11859 (LBHD)
[2025-09-16 15:54:48.016] [info] Frame 2145 (t = 10.725):	 total squared error = 0.115569, marker error: RMS = 0.0512501, max = 0.118634 (LBHD)
[2025-09-16 15:54:48.059] [info] Frame 2146 (t = 10.73):	 total squared error = 0.115601, marker error: RMS = 0.0512571, max = 0.118872 (LBHD)
[2025-09-16 15:54:48.150] [info] Frame 2147 (t = 10.735):	 total squared error = 0.1156, marker error: RMS = 0.051257, max = 0.118782 (LBHD)
[2025-09-16 15:54:48.229] [info] Frame 2148 (t = 10.74):	 total squared error = 0.115533, marker error: RMS = 0.0512421, max = 0.118803 (LBHD)
[2025-09-16 15:54:48.308] [info] Frame 2149 (t = 10.745):	 total squared error = 0.115859, marker error: RMS = 0.0513143, max = 0.119172 (LBHD)
[2025-09-16 15:54:48.420] [info] Frame 2150 (t = 10.75):	 total squared error = 0.115604, marker error: RMS = 0.0512579, max = 0.118802 (LBHD)
[2025-09-16 15:54:48.499] [info] Frame 2151 (t = 10.755):	 total squared error = 0.115619, marker error: RMS = 0.0512611, max = 0.1189 (LBHD)
[2025-09-16 15:54:48.603] [info] Frame 2152 (t = 10.76):	 total squared error = 0.115618, marker error: RMS = 0.051261, max = 0.118823 (LBHD)
[2025-09-16 15:54:48.691] [info] Frame 2153 (t = 10.765):	 total squared error = 0.11551, marker error: RMS = 0.051237, max = 0.118887 (LBHD)
[2025-09-16 15:54:48.806] [info] Frame 2154 (t = 10.77):	 total squared error = 0.115594, marker error: RMS = 0.0512556, max = 0.118819 (LBHD)
[2025-09-16 15:54:48.865] [info] Frame 2155 (t = 10.775):	 total squared error = 0.115611, marker error: RMS = 0.0512594, max = 0.118796 (LBHD)
[2025-09-16 15:54:48.935] [info] Frame 2156 (t = 10.78):	 total squared error = 0.115929, marker error: RMS = 0.0513298, max = 0.118971 (LBHD)
[2025-09-16 15:54:49.020] [info] Frame 2157 (t = 10.785):	 total squared error = 0.115925, marker error: RMS = 0.0513289, max = 0.119123 (LBHD)
[2025-09-16 15:54:49.058] [info] Frame 2158 (t = 10.79):	 total squared error = 0.115742, marker error: RMS = 0.0512884, max = 0.118986 (LBHD)
[2025-09-16 15:54:49.130] [info] Frame 2159 (t = 10.795):	 total squared error = 0.115574, marker error: RMS = 0.0512513, max = 0.118968 (LBHD)
[2025-09-16 15:54:49.191] [info] Frame 2160 (t = 10.8):	 total squared error = 0.11563, marker error: RMS = 0.0512636, max = 0.118883 (LBHD)
[2025-09-16 15:54:49.281] [info] Frame 2161 (t = 10.8050):	 total squared error = 0.115655, marker error: RMS = 0.0512692, max = 0.118883 (LBHD)
[2025-09-16 15:54:49.402] [info] Frame 2162 (t = 10.81):	 total squared error = 0.115653, marker error: RMS = 0.0512687, max = 0.118939 (LBHD)
[2025-09-16 15:54:49.610] [info] Frame 2163 (t = 10.815):	 total squared error = 0.115628, marker error: RMS = 0.0512632, max = 0.118917 (LBHD)
[2025-09-16 15:54:49.753] [info] Frame 2164 (t = 10.82):	 total squared error = 0.115552, marker error: RMS = 0.0512464, max = 0.118876 (LBHD)
[2025-09-16 15:54:49.867] [info] Frame 2165 (t = 10.825):	 total squared error = 0.115593, marker error: RMS = 0.0512553, max = 0.118884 (LBHD)
[2025-09-16 15:54:49.954] [info] Frame 2166 (t = 10.83):	 total squared error = 0.11569, marker error: RMS = 0.0512769, max = 0.11896 (LBHD)
[2025-09-16 15:54:50.025] [info] Frame 2167 (t = 10.835):	 total squared error = 0.115441, marker error: RMS = 0.0512217, max = 0.118874 (LBHD)
[2025-09-16 15:54:50.077] [info] Frame 2168 (t = 10.84):	 total squared error = 0.115621, marker error: RMS = 0.0512615, max = 0.118992 (LBHD)
[2025-09-16 15:54:50.180] [info] Frame 2169 (t = 10.845):	 total squared error = 0.115622, marker error: RMS = 0.0512617, max = 0.118943 (LBHD)
[2025-09-16 15:54:50.265] [info] Frame 2170 (t = 10.85):	 total squared error = 0.115569, marker error: RMS = 0.0512501, max = 0.119015 (LBHD)
[2025-09-16 15:54:50.370] [info] Frame 2171 (t = 10.855):	 total squared error = 0.115557, marker error: RMS = 0.0512474, max = 0.118949 (LBHD)
[2025-09-16 15:54:50.469] [info] Frame 2172 (t = 10.86):	 total squared error = 0.115474, marker error: RMS = 0.051229, max = 0.118948 (LBHD)
[2025-09-16 15:54:50.592] [info] Frame 2173 (t = 10.865):	 total squared error = 0.115494, marker error: RMS = 0.0512335, max = 0.11893 (LBHD)
[2025-09-16 15:54:50.705] [info] Frame 2174 (t = 10.87):	 total squared error = 0.115513, marker error: RMS = 0.0512376, max = 0.118989 (LBHD)
[2025-09-16 15:54:50.832] [info] Frame 2175 (t = 10.875):	 total squared error = 0.115457, marker error: RMS = 0.0512252, max = 0.118915 (LBHD)
[2025-09-16 15:54:50.936] [info] Frame 2176 (t = 10.88):	 total squared error = 0.11538, marker error: RMS = 0.0512082, max = 0.118966 (LBHD)
[2025-09-16 15:54:51.085] [info] Frame 2177 (t = 10.885):	 total squared error = 0.115546, marker error: RMS = 0.0512449, max = 0.118916 (LBHD)
[2025-09-16 15:54:51.224] [info] Frame 2178 (t = 10.89):	 total squared error = 0.115545, marker error: RMS = 0.0512447, max = 0.118984 (LBHD)
[2025-09-16 15:54:51.327] [info] Frame 2179 (t = 10.895):	 total squared error = 0.11544, marker error: RMS = 0.0512214, max = 0.118948 (LBHD)
[2025-09-16 15:54:51.409] [info] Frame 2180 (t = 10.9):	 total squared error = 0.115591, marker error: RMS = 0.051255, max = 0.119067 (LBHD)
[2025-09-16 15:54:51.552] [info] Frame 2181 (t = 10.9050):	 total squared error = 0.115571, marker error: RMS = 0.0512505, max = 0.118966 (LBHD)
[2025-09-16 15:54:51.743] [info] Frame 2182 (t = 10.91):	 total squared error = 0.115654, marker error: RMS = 0.0512689, max = 0.119079 (LBHD)
[2025-09-16 15:54:51.926] [info] Frame 2183 (t = 10.915):	 total squared error = 0.115609, marker error: RMS = 0.0512588, max = 0.11898 (LBHD)
[2025-09-16 15:54:52.067] [info] Frame 2184 (t = 10.92):	 total squared error = 0.11562, marker error: RMS = 0.0512613, max = 0.118996 (LBHD)
[2025-09-16 15:54:52.209] [info] Frame 2185 (t = 10.925):	 total squared error = 0.115696, marker error: RMS = 0.0512782, max = 0.119114 (LBHD)
[2025-09-16 15:54:52.320] [info] Frame 2186 (t = 10.93):	 total squared error = 0.115722, marker error: RMS = 0.051284, max = 0.119135 (LBHD)
[2025-09-16 15:54:52.406] [info] Frame 2187 (t = 10.935):	 total squared error = 0.115673, marker error: RMS = 0.0512732, max = 0.119031 (LBHD)
[2025-09-16 15:54:52.506] [info] Frame 2188 (t = 10.94):	 total squared error = 0.115696, marker error: RMS = 0.0512782, max = 0.119087 (LBHD)
[2025-09-16 15:54:52.586] [info] Frame 2189 (t = 10.945):	 total squared error = 0.115691, marker error: RMS = 0.0512771, max = 0.119057 (LBHD)
[2025-09-16 15:54:52.683] [info] Frame 2190 (t = 10.95):	 total squared error = 0.115523, marker error: RMS = 0.0512399, max = 0.118868 (LBHD)
[2025-09-16 15:54:52.765] [info] Frame 2191 (t = 10.955):	 total squared error = 0.115606, marker error: RMS = 0.0512582, max = 0.118988 (LBHD)
[2025-09-16 15:54:52.885] [info] Frame 2192 (t = 10.96):	 total squared error = 0.115741, marker error: RMS = 0.0512883, max = 0.118971 (LBHD)
[2025-09-16 15:54:53.037] [info] Frame 2193 (t = 10.965):	 total squared error = 0.11564, marker error: RMS = 0.0512658, max = 0.118893 (LBHD)
[2025-09-16 15:54:53.175] [info] Frame 2194 (t = 10.97):	 total squared error = 0.115575, marker error: RMS = 0.0512513, max = 0.118818 (LBHD)
[2025-09-16 15:54:53.269] [info] Frame 2195 (t = 10.975):	 total squared error = 0.115618, marker error: RMS = 0.051261, max = 0.118898 (LBHD)
[2025-09-16 15:54:53.452] [info] Frame 2196 (t = 10.98):	 total squared error = 0.115606, marker error: RMS = 0.0512582, max = 0.118811 (LBHD)
[2025-09-16 15:54:53.569] [info] Frame 2197 (t = 10.985):	 total squared error = 0.115616, marker error: RMS = 0.0512604, max = 0.118891 (LBHD)
[2025-09-16 15:54:53.734] [info] Frame 2198 (t = 10.99):	 total squared error = 0.115609, marker error: RMS = 0.051259, max = 0.118859 (LBHD)
[2025-09-16 15:54:53.917] [info] Frame 2199 (t = 10.995):	 total squared error = 0.115498, marker error: RMS = 0.0512343, max = 0.118759 (LBHD)
[2025-09-16 15:54:53.956] [error] IO.OpenFile(const string&,const string&): failed to open E:\3-FatigueFAIS\MocapData\ElaboratedData\029\pre\dynamicElaborations\Run_baselineA1\Run_baselineA1.mot.
[2025-09-16 15:54:53.956] [error] IO.OpenFile(const string&,const string&): failed to open E:\3-FatigueFAIS\MocapData\ElaboratedData\029\pre\IK\ResultsRun_baselineA1/_ik_marker_errors.sto.
[2025-09-16 15:54:53.957] [info] InverseKinematicsTool completed 2200 frames in 152 second(s) (2 minute(s), 32 second(s)).
[2025-09-16 15:55:30.230] [warning] Coordinate.setValue:  coordinate subtalar_angle_l is locked. Unable to change its value.
[2025-09-16 15:55:30.231] [warning] Coordinate.setValue:  coordinate wrist_flex_l is locked. Unable to change its value.
[2025-09-16 15:56:15.409] [info] Loaded marker file C:\Git\research_data\Projects\squatting_fais\c3dfiles\036\SJ_pre1\markers_experimental.trc (62 markers, 2200 frames)
[2025-09-16 15:56:45.945] [info] Loaded marker file C:\Git\research_data\Projects\squatting_fais\c3dfiles\036\SJ_pre1\markers_experimental.trc (62 markers, 2200 frames)
[2025-09-16 15:58:29.698] [cout] [info] 
               MODEL: 009
         coordinates: 39
              forces: 97
           actuators: 97
             muscles: 80
            analyses: 2
              probes: 0
              bodies: 22
              joints: 22
         constraints: 2
             markers: 67
         controllers: 0
  contact geometries: 0
misc modelcomponents: 0
[2025-09-16 15:58:29.698] [info] Running tool .
[2025-09-16 15:58:30.228] [info] Frame 0 (t = 0.0):	 total squared error = 0.484558, marker error: RMS = 0.0947275, max = 0.205247 (LLFC)
[2025-09-16 15:58:30.255] [info] Frame 1 (t = 0.00500000):	 total squared error = 0.487701, marker error: RMS = 0.0950342, max = 0.201987 (LLFC)
[2025-09-16 15:58:30.265] [info] Frame 2 (t = 0.01):	 total squared error = 0.489213, marker error: RMS = 0.0951814, max = 0.202190 (LLFC)
[2025-09-16 15:58:30.270] [info] Frame 3 (t = 0.015):	 total squared error = 0.488263, marker error: RMS = 0.0950889, max = 0.205134 (LLFC)
[2025-09-16 15:58:30.279] [info] Frame 4 (t = 0.02):	 total squared error = 0.490927, marker error: RMS = 0.095348, max = 0.202513 (LLFC)
[2025-09-16 15:58:30.285] [info] Frame 5 (t = 0.025):	 total squared error = 0.489609, marker error: RMS = 0.0952199, max = 0.206223 (LLFC)
[2025-09-16 15:58:30.291] [info] Frame 6 (t = 0.03):	 total squared error = 0.489998, marker error: RMS = 0.0952578, max = 0.209707 (LLFC)
[2025-09-16 15:58:30.299] [info] Frame 7 (t = 0.035):	 total squared error = 0.494302, marker error: RMS = 0.0956752, max = 0.203142 (LLFC)
[2025-09-16 15:58:30.303] [info] Frame 8 (t = 0.04):	 total squared error = 0.493755, marker error: RMS = 0.0956222, max = 0.205234 (LLFC)
[2025-09-16 15:58:30.308] [info] Frame 9 (t = 0.045):	 total squared error = 0.492876, marker error: RMS = 0.095537, max = 0.207759 (LLFC)
[2025-09-16 15:58:30.313] [info] Frame 10 (t = 0.05):	 total squared error = 0.493232, marker error: RMS = 0.0955716, max = 0.21146 (LLFC)
[2025-09-16 15:58:30.321] [info] Frame 11 (t = 0.055):	 total squared error = 0.498473, marker error: RMS = 0.0960780, max = 0.203759 (LLFC)
[2025-09-16 15:58:30.325] [info] Frame 12 (t = 0.06):	 total squared error = 0.497303, marker error: RMS = 0.0959652, max = 0.206691 (LLFC)
[2025-09-16 15:58:30.330] [info] Frame 13 (t = 0.065):	 total squared error = 0.497027, marker error: RMS = 0.0959385, max = 0.210682 (LLFC)
[2025-09-16 15:58:30.334] [info] Frame 14 (t = 0.07):	 total squared error = 0.497574, marker error: RMS = 0.0959913, max = 0.213009 (LLFC)
[2025-09-16 15:58:30.339] [info] Frame 15 (t = 0.075):	 total squared error = 0.498404, marker error: RMS = 0.0960714, max = 0.214978 (LLFC)
[2025-09-16 15:58:30.358] [info] Frame 16 (t = 0.08):	 total squared error = 0.499912, marker error: RMS = 0.0962165, max = 0.21855 (LLFC)
[2025-09-16 15:58:30.366] [info] Frame 17 (t = 0.085):	 total squared error = 0.504684, marker error: RMS = 0.0966747, max = 0.204680 (LLFC)
[2025-09-16 15:58:30.371] [info] Frame 18 (t = 0.09):	 total squared error = 0.503389, marker error: RMS = 0.0965506, max = 0.206710 (LLFC)
[2025-09-16 15:58:30.375] [info] Frame 19 (t = 0.095):	 total squared error = 0.502884, marker error: RMS = 0.0965021, max = 0.208039 (LLFC)
[2025-09-16 15:58:30.380] [info] Frame 20 (t = 0.1):	 total squared error = 0.502496, marker error: RMS = 0.0964649, max = 0.210466 (LLFC)
[2025-09-16 15:58:30.386] [info] Frame 21 (t = 0.105000):	 total squared error = 0.502382, marker error: RMS = 0.096454, max = 0.212084 (LLFC)
[2025-09-16 15:58:30.392] [info] Frame 22 (t = 0.11):	 total squared error = 0.501895, marker error: RMS = 0.0964072, max = 0.213278 (LLFC)
[2025-09-16 15:58:30.399] [info] Frame 23 (t = 0.115):	 total squared error = 0.502480, marker error: RMS = 0.0964634, max = 0.214943 (LLFC)
[2025-09-16 15:58:30.405] [info] Frame 24 (t = 0.12):	 total squared error = 0.502798, marker error: RMS = 0.0964939, max = 0.216381 (LLFC)
[2025-09-16 15:58:30.409] [info] Frame 25 (t = 0.125):	 total squared error = 0.503479, marker error: RMS = 0.0965593, max = 0.218035 (LLFC)
[2025-09-16 15:58:30.413] [info] Frame 26 (t = 0.13):	 total squared error = 0.504365, marker error: RMS = 0.0966442, max = 0.219639 (LLFC)
[2025-09-16 15:58:30.417] [info] Frame 27 (t = 0.135):	 total squared error = 0.504813, marker error: RMS = 0.0966871, max = 0.220443 (LLFC)
[2025-09-16 15:58:30.422] [info] Frame 28 (t = 0.14):	 total squared error = 0.505737, marker error: RMS = 0.0967755, max = 0.222248 (LLFC)
[2025-09-16 15:58:30.426] [info] Frame 29 (t = 0.145):	 total squared error = 0.506668, marker error: RMS = 0.0968645, max = 0.223006 (LLFC)
[2025-09-16 15:58:30.430] [info] Frame 30 (t = 0.15):	 total squared error = 0.507183, marker error: RMS = 0.0969137, max = 0.224343 (LLFC)
[2025-09-16 15:58:30.450] [info] Frame 31 (t = 0.155):	 total squared error = 0.507614, marker error: RMS = 0.0969549, max = 0.224889 (LLFC)
[2025-09-16 15:58:30.458] [info] Frame 32 (t = 0.16):	 total squared error = 0.508216, marker error: RMS = 0.0970124, max = 0.206421 (LLFC)
[2025-09-16 15:58:30.462] [info] Frame 33 (t = 0.165):	 total squared error = 0.506570, marker error: RMS = 0.0968552, max = 0.207437 (LLFC)
[2025-09-16 15:58:30.466] [info] Frame 34 (t = 0.17):	 total squared error = 0.505829, marker error: RMS = 0.0967843, max = 0.208411 (LLFC)
[2025-09-16 15:58:30.470] [info] Frame 35 (t = 0.175):	 total squared error = 0.504821, marker error: RMS = 0.0966878, max = 0.210292 (LLFC)
[2025-09-16 15:58:30.474] [info] Frame 36 (t = 0.18):	 total squared error = 0.504189, marker error: RMS = 0.0966273, max = 0.211072 (LLFC)
[2025-09-16 15:58:30.480] [info] Frame 37 (t = 0.185):	 total squared error = 0.503830, marker error: RMS = 0.0965929, max = 0.211995 (LLFC)
[2025-09-16 15:58:30.486] [info] Frame 38 (t = 0.19):	 total squared error = 0.503195, marker error: RMS = 0.096532, max = 0.212258 (LLFC)
[2025-09-16 15:58:30.490] [info] Frame 39 (t = 0.195):	 total squared error = 0.502347, marker error: RMS = 0.0964507, max = 0.213157 (LLFC)
[2025-09-16 15:58:30.493] [info] Frame 40 (t = 0.2):	 total squared error = 0.501841, marker error: RMS = 0.0964020, max = 0.213855 (LLFC)
[2025-09-16 15:58:30.497] [info] Frame 41 (t = 0.205000):	 total squared error = 0.501809, marker error: RMS = 0.096399, max = 0.215529 (LLFC)
[2025-09-16 15:58:30.501] [info] Frame 42 (t = 0.21):	 total squared error = 0.502303, marker error: RMS = 0.0964464, max = 0.217303 (LLFC)
[2025-09-16 15:58:30.504] [info] Frame 43 (t = 0.215):	 total squared error = 0.502729, marker error: RMS = 0.0964873, max = 0.218756 (LLFC)
[2025-09-16 15:58:30.508] [info] Frame 44 (t = 0.22):	 total squared error = 0.503348, marker error: RMS = 0.0965466, max = 0.220265 (LLFC)
[2025-09-16 15:58:30.512] [info] Frame 45 (t = 0.225):	 total squared error = 0.504437, marker error: RMS = 0.096651, max = 0.221684 (LLFC)
[2025-09-16 15:58:30.515] [info] Frame 46 (t = 0.23):	 total squared error = 0.504673, marker error: RMS = 0.0966737, max = 0.222456 (LLFC)
[2025-09-16 15:58:30.532] [info] Frame 47 (t = 0.235):	 total squared error = 0.507647, marker error: RMS = 0.096958, max = 0.201255 (LLFC)
[2025-09-16 15:58:30.551] [info] Frame 48 (t = 0.24):	 total squared error = 0.504709, marker error: RMS = 0.0966771, max = 0.204269 (LLFC)
[2025-09-16 15:58:30.556] [info] Frame 49 (t = 0.245):	 total squared error = 0.504112, marker error: RMS = 0.0966199, max = 0.207733 (LLFC)
[2025-09-16 15:58:30.561] [info] Frame 50 (t = 0.25):	 total squared error = 0.504005, marker error: RMS = 0.0966097, max = 0.209735 (LLFC)
[2025-09-16 15:58:30.566] [info] Frame 51 (t = 0.255):	 total squared error = 0.504631, marker error: RMS = 0.0966696, max = 0.211993 (LLFC)
[2025-09-16 15:58:30.570] [info] Frame 52 (t = 0.26):	 total squared error = 0.504960, marker error: RMS = 0.0967012, max = 0.213775 (LLFC)
[2025-09-16 15:58:30.575] [info] Frame 53 (t = 0.265):	 total squared error = 0.505303, marker error: RMS = 0.096734, max = 0.215409 (LLFC)
[2025-09-16 15:58:30.581] [info] Frame 54 (t = 0.27):	 total squared error = 0.506127, marker error: RMS = 0.0968128, max = 0.21642 (LLFC)
[2025-09-16 15:58:30.587] [info] Frame 55 (t = 0.275):	 total squared error = 0.507841, marker error: RMS = 0.0969766, max = 0.217844 (LLFC)
[2025-09-16 15:58:30.598] [info] Frame 56 (t = 0.28):	 total squared error = 0.506908, marker error: RMS = 0.0968875, max = 0.197598 (LLFC)
[2025-09-16 15:58:30.602] [info] Frame 57 (t = 0.285):	 total squared error = 0.504879, marker error: RMS = 0.0966934, max = 0.199343 (LLFC)
[2025-09-16 15:58:30.607] [info] Frame 58 (t = 0.29):	 total squared error = 0.503086, marker error: RMS = 0.0965215, max = 0.200966 (LLFC)
[2025-09-16 15:58:30.611] [info] Frame 59 (t = 0.295):	 total squared error = 0.502117, marker error: RMS = 0.0964286, max = 0.201933 (LLFC)
[2025-09-16 15:58:30.615] [info] Frame 60 (t = 0.3):	 total squared error = 0.501838, marker error: RMS = 0.0964017, max = 0.202908 (LLFC)
[2025-09-16 15:58:30.619] [info] Frame 61 (t = 0.305000):	 total squared error = 0.501039, marker error: RMS = 0.096325, max = 0.203723 (LLFC)
[2025-09-16 15:58:30.623] [info] Frame 62 (t = 0.31):	 total squared error = 0.500521, marker error: RMS = 0.0962752, max = 0.204918 (LLFC)
[2025-09-16 15:58:30.627] [info] Frame 63 (t = 0.315):	 total squared error = 0.500441, marker error: RMS = 0.0962674, max = 0.205570 (LLFC)
[2025-09-16 15:58:30.631] [info] Frame 64 (t = 0.32):	 total squared error = 0.500718, marker error: RMS = 0.0962941, max = 0.206418 (LLFC)
[2025-09-16 15:58:30.634] [info] Frame 65 (t = 0.325):	 total squared error = 0.500949, marker error: RMS = 0.0963163, max = 0.207195 (LLFC)
[2025-09-16 15:58:30.653] [info] Frame 66 (t = 0.33):	 total squared error = 0.501418, marker error: RMS = 0.0963614, max = 0.207555 (LLFC)
[2025-09-16 15:58:30.657] [info] Frame 67 (t = 0.335):	 total squared error = 0.501473, marker error: RMS = 0.0963667, max = 0.207985 (LLFC)
[2025-09-16 15:58:30.661] [info] Frame 68 (t = 0.34):	 total squared error = 0.502141, marker error: RMS = 0.0964308, max = 0.208809 (LLFC)
[2025-09-16 15:58:30.665] [info] Frame 69 (t = 0.345):	 total squared error = 0.502967, marker error: RMS = 0.0965101, max = 0.209424 (LLFC)
[2025-09-16 15:58:30.669] [info] Frame 70 (t = 0.35):	 total squared error = 0.503350, marker error: RMS = 0.0965469, max = 0.209720 (LLFC)
[2025-09-16 15:58:30.681] [info] Frame 71 (t = 0.355):	 total squared error = 0.504432, marker error: RMS = 0.0966506, max = 0.190391 (LLFC)
[2025-09-16 15:58:30.688] [info] Frame 72 (t = 0.36):	 total squared error = 0.503285, marker error: RMS = 0.0965407, max = 0.191356 (LLFC)
[2025-09-16 15:58:30.692] [info] Frame 73 (t = 0.365):	 total squared error = 0.502372, marker error: RMS = 0.096453, max = 0.191647 (LLFC)
[2025-09-16 15:58:30.696] [info] Frame 74 (t = 0.37):	 total squared error = 0.501346, marker error: RMS = 0.0963545, max = 0.192159 (LLFC)
[2025-09-16 15:58:30.699] [info] Frame 75 (t = 0.375):	 total squared error = 0.500935, marker error: RMS = 0.096315, max = 0.192839 (LLFC)
[2025-09-16 15:58:30.703] [info] Frame 76 (t = 0.38):	 total squared error = 0.500577, marker error: RMS = 0.0962805, max = 0.193541 (LLFC)
[2025-09-16 15:58:30.707] [info] Frame 77 (t = 0.385):	 total squared error = 0.500138, marker error: RMS = 0.0962383, max = 0.194175 (LLFC)
[2025-09-16 15:58:30.711] [info] Frame 78 (t = 0.39):	 total squared error = 0.500230, marker error: RMS = 0.0962472, max = 0.194599 (LLFC)
[2025-09-16 15:58:30.716] [info] Frame 79 (t = 0.395):	 total squared error = 0.500535, marker error: RMS = 0.0962765, max = 0.195284 (LLFC)
[2025-09-16 15:58:30.721] [info] Frame 80 (t = 0.4):	 total squared error = 0.500821, marker error: RMS = 0.0963040, max = 0.195801 (LLFC)
[2025-09-16 15:58:30.725] [info] Frame 81 (t = 0.405000):	 total squared error = 0.501218, marker error: RMS = 0.0963422, max = 0.196311 (LLFC)
[2025-09-16 15:58:30.728] [info] Frame 82 (t = 0.41):	 total squared error = 0.501623, marker error: RMS = 0.0963811, max = 0.196969 (LLFC)
[2025-09-16 15:58:30.747] [info] Frame 83 (t = 0.415):	 total squared error = 0.502446, marker error: RMS = 0.0964601, max = 0.197416 (LLFC)
[2025-09-16 15:58:30.751] [info] Frame 84 (t = 0.42):	 total squared error = 0.503160, marker error: RMS = 0.0965287, max = 0.197918 (LLFC)
[2025-09-16 15:58:30.755] [info] Frame 85 (t = 0.425):	 total squared error = 0.504620, marker error: RMS = 0.0966686, max = 0.198505 (LLFC)
[2025-09-16 15:58:30.765] [info] Frame 86 (t = 0.43):	 total squared error = 0.511014, marker error: RMS = 0.0972791, max = 0.187679 (RUFIN)
[2025-09-16 15:58:30.771] [info] Frame 87 (t = 0.435):	 total squared error = 0.510969, marker error: RMS = 0.0972748, max = 0.188401 (RUFIN)
[2025-09-16 15:58:30.777] [info] Frame 88 (t = 0.44):	 total squared error = 0.511104, marker error: RMS = 0.0972877, max = 0.189009 (RUFIN)
[2025-09-16 15:58:30.782] [info] Frame 89 (t = 0.445):	 total squared error = 0.510881, marker error: RMS = 0.0972664, max = 0.190009 (RUFIN)
[2025-09-16 15:58:30.789] [info] Frame 90 (t = 0.45):	 total squared error = 0.511517, marker error: RMS = 0.0973269, max = 0.190700 (RUFIN)
[2025-09-16 15:58:30.793] [info] Frame 91 (t = 0.455):	 total squared error = 0.512495, marker error: RMS = 0.09742, max = 0.191259 (RUFIN)
[2025-09-16 15:58:30.798] [info] Frame 92 (t = 0.46):	 total squared error = 0.513020, marker error: RMS = 0.0974699, max = 0.192259 (RMFC)
[2025-09-16 15:58:30.802] [info] Frame 93 (t = 0.465):	 total squared error = 0.513983, marker error: RMS = 0.0975613, max = 0.193578 (RMFC)
[2025-09-16 15:58:30.807] [info] Frame 94 (t = 0.47):	 total squared error = 0.515121, marker error: RMS = 0.0976692, max = 0.194677 (RMFC)
[2025-09-16 15:58:30.814] [info] Frame 95 (t = 0.475):	 total squared error = 0.516539, marker error: RMS = 0.0978035, max = 0.196153 (RMFC)
[2025-09-16 15:58:30.820] [info] Frame 96 (t = 0.48):	 total squared error = 0.518469, marker error: RMS = 0.0979861, max = 0.197413 (RMFC)
[2025-09-16 15:58:30.823] [info] Frame 97 (t = 0.485):	 total squared error = 0.520368, marker error: RMS = 0.0981654, max = 0.198693 (RMFC)
[2025-09-16 15:58:30.844] [info] Frame 98 (t = 0.49):	 total squared error = 0.522156, marker error: RMS = 0.0983339, max = 0.200017 (RMFC)
[2025-09-16 15:58:30.847] [info] Frame 99 (t = 0.495):	 total squared error = 0.524533, marker error: RMS = 0.0985575, max = 0.201258 (RMFC)
[2025-09-16 15:58:30.852] [info] Frame 100 (t = 0.5):	 total squared error = 0.526884, marker error: RMS = 0.0987781, max = 0.202348 (RMFC)
[2025-09-16 15:58:30.867] [info] InverseKinematicsTool completed 101 frames in 643 millisecond(s).
[2025-09-16 15:58:30.916] [warning] Coordinate.setValue:  coordinate subtalar_angle_r is locked. Unable to change its value.
[2025-09-16 15:58:30.917] [warning] Coordinate.setValue:  coordinate subtalar_angle_l is locked. Unable to change its value.
[2025-09-16 15:58:30.917] [warning] Coordinate.setValue:  coordinate wrist_dev_l is locked. Unable to change its value.
[2025-09-16 15:58:47.963] [info] Loaded marker file C:\Git\research_data\Projects\squatting_fais\c3dfiles\036\SJ_pre1\markers_experimental.trc (62 markers, 2200 frames)
[2025-09-16 16:03:49.573] [cout] [info] 
               MODEL: 009
         coordinates: 39
              forces: 97
           actuators: 97
             muscles: 80
            analyses: 2
              probes: 0
              bodies: 22
              joints: 22
         constraints: 2
             markers: 67
         controllers: 0
  contact geometries: 0
misc modelcomponents: 0
[2025-09-16 16:03:49.573] [info] Running tool .
[2025-09-16 16:03:50.719] [info] Frame 0 (t = 0.0):	 total squared error = 0.0927383, marker error: RMS = 0.0444202, max = 0.143972 (RASI)
[2025-09-16 16:03:50.844] [info] Frame 1 (t = 0.00500000):	 total squared error = 0.0927542, marker error: RMS = 0.044424, max = 0.143837 (RASI)
[2025-09-16 16:03:51.005] [info] Frame 2 (t = 0.01):	 total squared error = 0.0927474, marker error: RMS = 0.0444224, max = 0.14395 (RASI)
[2025-09-16 16:03:51.128] [info] Frame 3 (t = 0.015):	 total squared error = 0.0927439, marker error: RMS = 0.0444216, max = 0.14388 (RASI)
[2025-09-16 16:03:51.270] [info] Frame 4 (t = 0.02):	 total squared error = 0.0927266, marker error: RMS = 0.0444174, max = 0.143758 (RASI)
[2025-09-16 16:03:51.356] [info] Frame 5 (t = 0.025):	 total squared error = 0.0927317, marker error: RMS = 0.0444186, max = 0.143577 (RASI)
[2025-09-16 16:03:51.478] [info] Frame 6 (t = 0.03):	 total squared error = 0.0927416, marker error: RMS = 0.044421, max = 0.144005 (RASI)
[2025-09-16 16:03:51.572] [info] Frame 7 (t = 0.035):	 total squared error = 0.0927339, marker error: RMS = 0.0444192, max = 0.144057 (RASI)
[2025-09-16 16:03:51.620] [info] Frame 8 (t = 0.04):	 total squared error = 0.0927574, marker error: RMS = 0.0444248, max = 0.143446 (RASI)
[2025-09-16 16:03:51.744] [info] Frame 9 (t = 0.045):	 total squared error = 0.0927594, marker error: RMS = 0.0444253, max = 0.143932 (RASI)
[2025-09-16 16:03:51.885] [info] Frame 10 (t = 0.05):	 total squared error = 0.0928138, marker error: RMS = 0.0444383, max = 0.143991 (RASI)
[2025-09-16 16:03:51.971] [info] Frame 11 (t = 0.055):	 total squared error = 0.0927631, marker error: RMS = 0.0444262, max = 0.143896 (RASI)
[2025-09-16 16:03:52.097] [info] Frame 12 (t = 0.06):	 total squared error = 0.0927782, marker error: RMS = 0.0444298, max = 0.144089 (RASI)
[2025-09-16 16:03:52.302] [info] Frame 13 (t = 0.065):	 total squared error = 0.0927767, marker error: RMS = 0.0444294, max = 0.143993 (RASI)
[2025-09-16 16:03:52.428] [info] Frame 14 (t = 0.07):	 total squared error = 0.092695, marker error: RMS = 0.0444098, max = 0.144001 (RASI)
[2025-09-16 16:03:52.534] [info] Frame 15 (t = 0.075):	 total squared error = 0.0927471, marker error: RMS = 0.0444223, max = 0.143966 (RASI)
[2025-09-16 16:03:52.608] [info] Frame 16 (t = 0.08):	 total squared error = 0.0927089, marker error: RMS = 0.0444132, max = 0.143725 (RASI)
[2025-09-16 16:03:52.656] [info] Frame 17 (t = 0.085):	 total squared error = 0.0926718, marker error: RMS = 0.0444043, max = 0.143614 (RASI)
[2025-09-16 16:03:52.793] [info] Frame 18 (t = 0.09):	 total squared error = 0.0926216, marker error: RMS = 0.0443923, max = 0.14395 (RASI)
[2025-09-16 16:03:52.886] [info] Frame 19 (t = 0.095):	 total squared error = 0.0926383, marker error: RMS = 0.0443963, max = 0.143882 (RASI)
[2025-09-16 16:03:52.956] [info] Frame 20 (t = 0.1):	 total squared error = 0.0926174, marker error: RMS = 0.0443913, max = 0.143827 (RASI)
[2025-09-16 16:03:53.054] [info] Frame 21 (t = 0.105000):	 total squared error = 0.0925962, marker error: RMS = 0.0443862, max = 0.143907 (RASI)
[2025-09-16 16:03:53.167] [info] Frame 22 (t = 0.11):	 total squared error = 0.0925183, marker error: RMS = 0.0443675, max = 0.143931 (RASI)
[2025-09-16 16:03:53.251] [info] Frame 23 (t = 0.115):	 total squared error = 0.092526, marker error: RMS = 0.0443693, max = 0.143775 (RASI)
[2025-09-16 16:03:53.365] [info] Frame 24 (t = 0.12):	 total squared error = 0.0924374, marker error: RMS = 0.0443481, max = 0.143684 (RASI)
[2025-09-16 16:03:53.487] [info] Frame 25 (t = 0.125):	 total squared error = 0.0924242, marker error: RMS = 0.0443449, max = 0.14372 (RASI)
[2025-09-16 16:03:53.583] [info] Frame 26 (t = 0.13):	 total squared error = 0.0924292, marker error: RMS = 0.0443461, max = 0.14387 (RASI)
[2025-09-16 16:03:53.656] [info] Frame 27 (t = 0.135):	 total squared error = 0.0924612, marker error: RMS = 0.0443538, max = 0.143534 (RASI)
[2025-09-16 16:03:53.770] [info] Frame 28 (t = 0.14):	 total squared error = 0.0923219, marker error: RMS = 0.0443204, max = 0.143926 (RASI)
[2025-09-16 16:03:53.872] [info] Frame 29 (t = 0.145):	 total squared error = 0.0923649, marker error: RMS = 0.0443307, max = 0.14384 (RASI)
[2025-09-16 16:03:54.037] [info] Frame 30 (t = 0.15):	 total squared error = 0.0922457, marker error: RMS = 0.0443021, max = 0.143626 (RASI)
[2025-09-16 16:03:54.179] [info] Frame 31 (t = 0.155):	 total squared error = 0.0921585, marker error: RMS = 0.0442811, max = 0.143848 (RASI)
[2025-09-16 16:03:54.244] [info] Frame 32 (t = 0.16):	 total squared error = 0.0921675, marker error: RMS = 0.0442833, max = 0.143361 (RASI)
[2025-09-16 16:03:54.356] [info] Frame 33 (t = 0.165):	 total squared error = 0.0920961, marker error: RMS = 0.0442661, max = 0.143542 (RASI)
[2025-09-16 16:03:54.434] [info] Frame 34 (t = 0.17):	 total squared error = 0.0920881, marker error: RMS = 0.0442642, max = 0.143474 (RASI)
[2025-09-16 16:03:54.570] [info] Frame 35 (t = 0.175):	 total squared error = 0.0919979, marker error: RMS = 0.0442425, max = 0.143597 (RASI)
[2025-09-16 16:03:54.649] [info] Frame 36 (t = 0.18):	 total squared error = 0.091954, marker error: RMS = 0.044232, max = 0.143001 (RASI)
[2025-09-16 16:03:54.760] [info] Frame 37 (t = 0.185):	 total squared error = 0.0918816, marker error: RMS = 0.0442146, max = 0.143327 (RASI)
[2025-09-16 16:03:54.817] [info] Frame 38 (t = 0.19):	 total squared error = 0.0916863, marker error: RMS = 0.0441675, max = 0.14274 (RASI)
[2025-09-16 16:03:54.911] [info] Frame 39 (t = 0.195):	 total squared error = 0.0915658, marker error: RMS = 0.0441385, max = 0.142817 (RASI)
[2025-09-16 16:03:54.977] [info] Frame 40 (t = 0.2):	 total squared error = 0.0914374, marker error: RMS = 0.0441075, max = 0.142404 (RASI)
[2025-09-16 16:03:55.054] [info] Frame 41 (t = 0.205000):	 total squared error = 0.0913402, marker error: RMS = 0.0440841, max = 0.142037 (RASI)
[2025-09-16 16:03:55.127] [info] Frame 42 (t = 0.21):	 total squared error = 0.091228, marker error: RMS = 0.0440570, max = 0.141166 (RASI)
[2025-09-16 16:03:55.199] [info] Frame 43 (t = 0.215):	 total squared error = 0.0910948, marker error: RMS = 0.0440249, max = 0.141787 (RASI)
[2025-09-16 16:03:55.234] [info] Frame 44 (t = 0.22):	 total squared error = 0.0909820, marker error: RMS = 0.0439976, max = 0.141126 (RASI)
[2025-09-16 16:03:55.339] [info] Frame 45 (t = 0.225):	 total squared error = 0.0908945, marker error: RMS = 0.0439764, max = 0.141358 (RASI)
[2025-09-16 16:03:55.444] [info] Frame 46 (t = 0.23):	 total squared error = 0.0907389, marker error: RMS = 0.0439388, max = 0.141046 (RASI)
[2025-09-16 16:03:55.561] [info] Frame 47 (t = 0.235):	 total squared error = 0.0906180, marker error: RMS = 0.0439095, max = 0.140715 (RASI)
[2025-09-16 16:03:55.647] [info] Frame 48 (t = 0.24):	 total squared error = 0.0905569, marker error: RMS = 0.0438947, max = 0.140475 (RASI)
[2025-09-16 16:03:55.809] [info] Frame 49 (t = 0.245):	 total squared error = 0.0905193, marker error: RMS = 0.0438856, max = 0.140109 (RASI)
[2025-09-16 16:03:56.009] [info] Frame 50 (t = 0.25):	 total squared error = 0.0905201, marker error: RMS = 0.0438857, max = 0.140045 (RASI)
[2025-09-16 16:03:56.162] [info] Frame 51 (t = 0.255):	 total squared error = 0.0904190, marker error: RMS = 0.0438612, max = 0.139703 (RASI)
[2025-09-16 16:03:56.269] [info] Frame 52 (t = 0.26):	 total squared error = 0.0902923, marker error: RMS = 0.0438305, max = 0.139564 (RASI)
[2025-09-16 16:03:56.393] [info] Frame 53 (t = 0.265):	 total squared error = 0.0901308, marker error: RMS = 0.0437913, max = 0.139414 (RASI)
[2025-09-16 16:03:56.581] [info] Frame 54 (t = 0.27):	 total squared error = 0.0899559, marker error: RMS = 0.0437488, max = 0.138817 (RASI)
[2025-09-16 16:03:56.654] [info] Frame 55 (t = 0.275):	 total squared error = 0.0898649, marker error: RMS = 0.0437266, max = 0.138351 (RASI)
[2025-09-16 16:03:56.782] [info] Frame 56 (t = 0.28):	 total squared error = 0.0897287, marker error: RMS = 0.0436935, max = 0.138211 (RASI)
[2025-09-16 16:03:56.868] [info] Frame 57 (t = 0.285):	 total squared error = 0.0897765, marker error: RMS = 0.0437051, max = 0.13827 (RASI)
[2025-09-16 16:03:56.998] [info] Frame 58 (t = 0.29):	 total squared error = 0.0898354, marker error: RMS = 0.0437195, max = 0.138254 (RASI)
[2025-09-16 16:03:57.138] [info] Frame 59 (t = 0.295):	 total squared error = 0.0896551, marker error: RMS = 0.0436756, max = 0.137888 (RASI)
[2025-09-16 16:03:57.228] [info] Frame 60 (t = 0.3):	 total squared error = 0.0896978, marker error: RMS = 0.043686, max = 0.137747 (RASI)
[2025-09-16 16:03:57.367] [info] Frame 61 (t = 0.305000):	 total squared error = 0.0895853, marker error: RMS = 0.0436586, max = 0.137717 (RASI)
[2025-09-16 16:03:57.475] [info] Frame 62 (t = 0.31):	 total squared error = 0.0894225, marker error: RMS = 0.0436189, max = 0.137102 (RASI)
[2025-09-16 16:03:57.597] [info] Frame 63 (t = 0.315):	 total squared error = 0.0893657, marker error: RMS = 0.0436050, max = 0.13689 (RASI)
[2025-09-16 16:03:57.686] [info] Frame 64 (t = 0.32):	 total squared error = 0.0891492, marker error: RMS = 0.0435522, max = 0.136412 (RASI)
[2025-09-16 16:03:57.777] [info] Frame 65 (t = 0.325):	 total squared error = 0.0892076, marker error: RMS = 0.0435664, max = 0.136374 (RASI)
[2025-09-16 16:03:57.958] [info] Frame 66 (t = 0.33):	 total squared error = 0.0891459, marker error: RMS = 0.0435514, max = 0.136109 (RASI)
[2025-09-16 16:03:58.070] [info] Frame 67 (t = 0.335):	 total squared error = 0.0889373, marker error: RMS = 0.0435004, max = 0.135718 (RASI)
[2025-09-16 16:03:58.184] [info] Frame 68 (t = 0.34):	 total squared error = 0.0890110, marker error: RMS = 0.0435184, max = 0.135779 (RASI)
[2025-09-16 16:03:58.309] [info] Frame 69 (t = 0.345):	 total squared error = 0.0888282, marker error: RMS = 0.0434737, max = 0.134826 (RASI)
[2025-09-16 16:03:58.435] [info] Frame 70 (t = 0.35):	 total squared error = 0.0887683, marker error: RMS = 0.043459, max = 0.134867 (RASI)
[2025-09-16 16:03:58.546] [info] Frame 71 (t = 0.355):	 total squared error = 0.0887601, marker error: RMS = 0.043457, max = 0.134876 (RASI)
[2025-09-16 16:03:58.886] [info] Frame 72 (t = 0.36):	 total squared error = 0.0885171, marker error: RMS = 0.0433975, max = 0.134311 (RASI)
[2025-09-16 16:03:58.989] [info] Frame 73 (t = 0.365):	 total squared error = 0.0883792, marker error: RMS = 0.0433637, max = 0.13364 (RASI)
[2025-09-16 16:03:59.149] [info] Frame 74 (t = 0.37):	 total squared error = 0.0883039, marker error: RMS = 0.0433452, max = 0.133426 (RASI)
[2025-09-16 16:03:59.332] [info] Frame 75 (t = 0.375):	 total squared error = 0.0881949, marker error: RMS = 0.0433184, max = 0.133208 (RASI)
[2025-09-16 16:03:59.490] [info] Frame 76 (t = 0.38):	 total squared error = 0.0880576, marker error: RMS = 0.0432847, max = 0.132094 (RASI)
[2025-09-16 16:03:59.698] [info] Frame 77 (t = 0.385):	 total squared error = 0.0878961, marker error: RMS = 0.043245, max = 0.132158 (RASI)
[2025-09-16 16:03:59.839] [info] Frame 78 (t = 0.39):	 total squared error = 0.0879015, marker error: RMS = 0.0432463, max = 0.131176 (RASI)
[2025-09-16 16:04:00.040] [info] Frame 79 (t = 0.395):	 total squared error = 0.0877544, marker error: RMS = 0.0432101, max = 0.131781 (RASI)
[2025-09-16 16:04:00.235] [info] Frame 80 (t = 0.4):	 total squared error = 0.0877653, marker error: RMS = 0.0432128, max = 0.131321 (RASI)
[2025-09-16 16:04:00.489] [info] Frame 81 (t = 0.405000):	 total squared error = 0.0876072, marker error: RMS = 0.0431739, max = 0.130946 (RASI)
[2025-09-16 16:04:00.968] [info] Frame 82 (t = 0.41):	 total squared error = 0.087485, marker error: RMS = 0.0431437, max = 0.130413 (RASI)
[2025-09-16 16:04:01.292] [info] Frame 83 (t = 0.415):	 total squared error = 0.0874495, marker error: RMS = 0.043135, max = 0.130514 (RASI)
[2025-09-16 16:04:01.679] [info] Frame 84 (t = 0.42):	 total squared error = 0.087375, marker error: RMS = 0.0431166, max = 0.130143 (RASI)
[2025-09-16 16:04:02.112] [info] Frame 85 (t = 0.425):	 total squared error = 0.0872884, marker error: RMS = 0.0430952, max = 0.129478 (RASI)
[2025-09-16 16:04:02.467] [info] Frame 86 (t = 0.43):	 total squared error = 0.0871881, marker error: RMS = 0.0430705, max = 0.129262 (RASI)
[2025-09-16 16:04:02.936] [info] Frame 87 (t = 0.435):	 total squared error = 0.0871607, marker error: RMS = 0.0430637, max = 0.129827 (RASI)
[2025-09-16 16:04:03.333] [info] Frame 88 (t = 0.44):	 total squared error = 0.0872366, marker error: RMS = 0.0430825, max = 0.129279 (RASI)
[2025-09-16 16:04:03.771] [info] Frame 89 (t = 0.445):	 total squared error = 0.0869627, marker error: RMS = 0.0430148, max = 0.128591 (RASI)
[2025-09-16 16:04:04.219] [info] Frame 90 (t = 0.45):	 total squared error = 0.0868821, marker error: RMS = 0.0429948, max = 0.128369 (RASI)
[2025-09-16 16:04:04.696] [info] Frame 91 (t = 0.455):	 total squared error = 0.0869494, marker error: RMS = 0.0430115, max = 0.128228 (RASI)
[2025-09-16 16:04:05.223] [info] Frame 92 (t = 0.46):	 total squared error = 0.0867522, marker error: RMS = 0.0429627, max = 0.128075 (RASI)
[2025-09-16 16:04:05.637] [info] Frame 93 (t = 0.465):	 total squared error = 0.0866233, marker error: RMS = 0.0429308, max = 0.127846 (RASI)
[2025-09-16 16:04:06.093] [info] Frame 94 (t = 0.47):	 total squared error = 0.0865751, marker error: RMS = 0.0429188, max = 0.127452 (RASI)
[2025-09-16 16:04:06.529] [info] Frame 95 (t = 0.475):	 total squared error = 0.0865537, marker error: RMS = 0.0429135, max = 0.127469 (RASI)
[2025-09-16 16:04:06.839] [info] Frame 96 (t = 0.48):	 total squared error = 0.0864716, marker error: RMS = 0.0428931, max = 0.127122 (RASI)
[2025-09-16 16:04:07.118] [info] Frame 97 (t = 0.485):	 total squared error = 0.086373, marker error: RMS = 0.0428687, max = 0.127164 (RASI)
[2025-09-16 16:04:07.499] [info] Frame 98 (t = 0.49):	 total squared error = 0.0862339, marker error: RMS = 0.0428341, max = 0.127884 (RASI)
[2025-09-16 16:04:07.650] [info] Frame 99 (t = 0.495):	 total squared error = 0.0861278, marker error: RMS = 0.0428078, max = 0.127086 (RASI)
[2025-09-16 16:04:07.770] [info] Frame 100 (t = 0.5):	 total squared error = 0.0861467, marker error: RMS = 0.0428125, max = 0.127108 (RASI)
[2025-09-16 16:04:07.869] [info] Frame 101 (t = 0.505000):	 total squared error = 0.0859735, marker error: RMS = 0.0427694, max = 0.126928 (RASI)
[2025-09-16 16:04:08.009] [info] Frame 102 (t = 0.51):	 total squared error = 0.0856496, marker error: RMS = 0.0426888, max = 0.127218 (RASI)
[2025-09-16 16:04:08.145] [info] Frame 103 (t = 0.515):	 total squared error = 0.0857504, marker error: RMS = 0.0427139, max = 0.127118 (RASI)
[2025-09-16 16:04:08.307] [info] Frame 104 (t = 0.52):	 total squared error = 0.0856951, marker error: RMS = 0.0427001, max = 0.127569 (RASI)
[2025-09-16 16:04:08.448] [info] Frame 105 (t = 0.525):	 total squared error = 0.0858532, marker error: RMS = 0.0427395, max = 0.128149 (RASI)
[2025-09-16 16:04:08.559] [info] Frame 106 (t = 0.53):	 total squared error = 0.085759, marker error: RMS = 0.042716, max = 0.128038 (RASI)
[2025-09-16 16:04:08.653] [info] Frame 107 (t = 0.535):	 total squared error = 0.0855743, marker error: RMS = 0.04267, max = 0.128043 (RASI)
[2025-09-16 16:04:08.763] [info] Frame 108 (t = 0.54):	 total squared error = 0.0855382, marker error: RMS = 0.042661, max = 0.128247 (RASI)
[2025-09-16 16:04:08.858] [info] Frame 109 (t = 0.545):	 total squared error = 0.0853698, marker error: RMS = 0.042619, max = 0.128025 (RASI)
[2025-09-16 16:04:08.946] [info] Frame 110 (t = 0.55):	 total squared error = 0.0853529, marker error: RMS = 0.0426148, max = 0.128141 (RASI)
[2025-09-16 16:04:09.038] [info] Frame 111 (t = 0.555):	 total squared error = 0.0852864, marker error: RMS = 0.0425982, max = 0.128442 (RASI)
[2025-09-16 16:04:09.129] [info] Frame 112 (t = 0.56):	 total squared error = 0.0851896, marker error: RMS = 0.042574, max = 0.128608 (RASI)
[2025-09-16 16:04:09.182] [info] Frame 113 (t = 0.565):	 total squared error = 0.0852844, marker error: RMS = 0.0425977, max = 0.129025 (RASI)
[2025-09-16 16:04:09.275] [info] Frame 114 (t = 0.57):	 total squared error = 0.0852609, marker error: RMS = 0.0425918, max = 0.128941 (RASI)
[2025-09-16 16:04:09.433] [info] Frame 115 (t = 0.575):	 total squared error = 0.0851122, marker error: RMS = 0.0425547, max = 0.129381 (RASI)
[2025-09-16 16:04:09.527] [info] Frame 116 (t = 0.58):	 total squared error = 0.0850848, marker error: RMS = 0.0425478, max = 0.12951 (RASI)
[2025-09-16 16:04:09.583] [info] Frame 117 (t = 0.585):	 total squared error = 0.0850695, marker error: RMS = 0.042544, max = 0.129413 (RASI)
[2025-09-16 16:04:09.670] [info] Frame 118 (t = 0.59):	 total squared error = 0.0852278, marker error: RMS = 0.0425835, max = 0.130480 (RASI)
[2025-09-16 16:04:09.738] [info] Frame 119 (t = 0.595):	 total squared error = 0.0851857, marker error: RMS = 0.042573, max = 0.130350 (RASI)
[2025-09-16 16:04:09.834] [info] Frame 120 (t = 0.6):	 total squared error = 0.0849335, marker error: RMS = 0.0425099, max = 0.130477 (RASI)
[2025-09-16 16:04:09.906] [info] Frame 121 (t = 0.605000):	 total squared error = 0.0849184, marker error: RMS = 0.0425062, max = 0.130176 (RASI)
[2025-09-16 16:04:09.981] [info] Frame 122 (t = 0.61):	 total squared error = 0.0849070, marker error: RMS = 0.0425033, max = 0.130767 (RASI)
[2025-09-16 16:04:10.067] [info] Frame 123 (t = 0.615):	 total squared error = 0.0848993, marker error: RMS = 0.0425014, max = 0.130070 (RASI)
[2025-09-16 16:04:10.153] [info] Frame 124 (t = 0.62):	 total squared error = 0.0848418, marker error: RMS = 0.042487, max = 0.130888 (RASI)
[2025-09-16 16:04:10.263] [info] Frame 125 (t = 0.625):	 total squared error = 0.0847973, marker error: RMS = 0.0424759, max = 0.130598 (RASI)
[2025-09-16 16:04:10.348] [info] Frame 126 (t = 0.63):	 total squared error = 0.0848498, marker error: RMS = 0.042489, max = 0.130686 (RASI)
[2025-09-16 16:04:10.452] [info] Frame 127 (t = 0.635):	 total squared error = 0.0849038, marker error: RMS = 0.0425025, max = 0.130720 (RASI)
[2025-09-16 16:04:10.532] [info] Frame 128 (t = 0.64):	 total squared error = 0.0847483, marker error: RMS = 0.0424636, max = 0.130348 (RASI)
[2025-09-16 16:04:10.630] [info] Frame 129 (t = 0.645):	 total squared error = 0.0847988, marker error: RMS = 0.0424762, max = 0.130409 (RASI)
[2025-09-16 16:04:10.710] [info] Frame 130 (t = 0.65):	 total squared error = 0.0847134, marker error: RMS = 0.0424548, max = 0.129947 (RASI)
[2025-09-16 16:04:10.753] [info] Frame 131 (t = 0.655):	 total squared error = 0.0847693, marker error: RMS = 0.0424688, max = 0.130158 (RASI)
[2025-09-16 16:04:10.808] [info] Frame 132 (t = 0.66):	 total squared error = 0.0847692, marker error: RMS = 0.0424688, max = 0.12977 (RASI)
[2025-09-16 16:04:10.839] [info] Frame 133 (t = 0.665):	 total squared error = 0.084615, marker error: RMS = 0.0424302, max = 0.129375 (RASI)
[2025-09-16 16:04:10.888] [info] Frame 134 (t = 0.67):	 total squared error = 0.0847906, marker error: RMS = 0.0424742, max = 0.129123 (RASI)
[2025-09-16 16:04:10.918] [info] Frame 135 (t = 0.675):	 total squared error = 0.0847812, marker error: RMS = 0.0424718, max = 0.129276 (RASI)
[2025-09-16 16:04:10.959] [info] Frame 136 (t = 0.68):	 total squared error = 0.0849849, marker error: RMS = 0.0425228, max = 0.129893 (RASI)
[2025-09-16 16:04:11.083] [info] Frame 137 (t = 0.685):	 total squared error = 0.0850152, marker error: RMS = 0.0425304, max = 0.129475 (RASI)
[2025-09-16 16:04:11.121] [info] Frame 138 (t = 0.69):	 total squared error = 0.0851282, marker error: RMS = 0.0425587, max = 0.129272 (RASI)
[2025-09-16 16:04:11.163] [info] Frame 139 (t = 0.695):	 total squared error = 0.085159, marker error: RMS = 0.0425663, max = 0.129727 (RASI)
[2025-09-16 16:04:11.226] [info] Frame 140 (t = 0.7):	 total squared error = 0.0852721, marker error: RMS = 0.0425946, max = 0.129859 (RASI)
[2025-09-16 16:04:11.253] [info] Frame 141 (t = 0.705000):	 total squared error = 0.0851443, marker error: RMS = 0.0425627, max = 0.129326 (RASI)
[2025-09-16 16:04:11.320] [info] Frame 142 (t = 0.71):	 total squared error = 0.0851953, marker error: RMS = 0.0425754, max = 0.129776 (RASI)
[2025-09-16 16:04:11.348] [info] Frame 143 (t = 0.715):	 total squared error = 0.085424, marker error: RMS = 0.0426325, max = 0.129544 (RASI)
[2025-09-16 16:04:11.396] [info] Frame 144 (t = 0.72):	 total squared error = 0.0855872, marker error: RMS = 0.0426732, max = 0.129466 (RASI)
[2025-09-16 16:04:11.449] [info] Frame 145 (t = 0.725):	 total squared error = 0.0857937, marker error: RMS = 0.0427247, max = 0.129796 (RASI)
[2025-09-16 16:04:11.515] [info] Frame 146 (t = 0.73):	 total squared error = 0.0859107, marker error: RMS = 0.0427538, max = 0.129554 (RASI)
[2025-09-16 16:04:11.554] [info] Frame 147 (t = 0.735):	 total squared error = 0.0859419, marker error: RMS = 0.0427616, max = 0.129531 (RASI)
[2025-09-16 16:04:11.609] [info] Frame 148 (t = 0.74):	 total squared error = 0.0859619, marker error: RMS = 0.0427665, max = 0.129338 (RASI)
[2025-09-16 16:04:11.652] [info] Frame 149 (t = 0.745):	 total squared error = 0.0859845, marker error: RMS = 0.0427722, max = 0.129188 (RASI)
[2025-09-16 16:04:11.729] [info] Frame 150 (t = 0.75):	 total squared error = 0.0860550, marker error: RMS = 0.0427897, max = 0.129174 (RASI)
[2025-09-16 16:04:11.785] [info] Frame 151 (t = 0.755):	 total squared error = 0.0861569, marker error: RMS = 0.042815, max = 0.129059 (RASI)
[2025-09-16 16:04:11.824] [info] Frame 152 (t = 0.76):	 total squared error = 0.0862472, marker error: RMS = 0.0428375, max = 0.129187 (RASI)
[2025-09-16 16:04:11.867] [info] Frame 153 (t = 0.765):	 total squared error = 0.0862995, marker error: RMS = 0.0428504, max = 0.129087 (RASI)
[2025-09-16 16:04:11.942] [info] Frame 154 (t = 0.77):	 total squared error = 0.0863596, marker error: RMS = 0.0428654, max = 0.128823 (RASI)
[2025-09-16 16:04:11.997] [info] Frame 155 (t = 0.775):	 total squared error = 0.0863511, marker error: RMS = 0.0428632, max = 0.128847 (RASI)
[2025-09-16 16:04:12.079] [info] Frame 156 (t = 0.78):	 total squared error = 0.086393, marker error: RMS = 0.0428736, max = 0.128995 (RASI)
[2025-09-16 16:04:12.165] [info] Frame 157 (t = 0.785):	 total squared error = 0.0866385, marker error: RMS = 0.0429345, max = 0.129117 (RASI)
[2025-09-16 16:04:12.246] [info] Frame 158 (t = 0.79):	 total squared error = 0.0864702, marker error: RMS = 0.0428928, max = 0.128686 (RASI)
[2025-09-16 16:04:12.316] [info] Frame 159 (t = 0.795):	 total squared error = 0.0865917, marker error: RMS = 0.0429229, max = 0.128966 (RASI)
[2025-09-16 16:04:12.379] [info] Frame 160 (t = 0.8):	 total squared error = 0.0867561, marker error: RMS = 0.0429637, max = 0.128707 (RASI)
[2025-09-16 16:04:12.448] [info] Frame 161 (t = 0.805000):	 total squared error = 0.0868215, marker error: RMS = 0.0429798, max = 0.128658 (RASI)
[2025-09-16 16:04:12.515] [info] Frame 162 (t = 0.81):	 total squared error = 0.0870040, marker error: RMS = 0.0430250, max = 0.128208 (RASI)
[2025-09-16 16:04:12.574] [info] Frame 163 (t = 0.815):	 total squared error = 0.0870932, marker error: RMS = 0.0430470, max = 0.128987 (RASI)
[2025-09-16 16:04:12.765] [info] Frame 164 (t = 0.82):	 total squared error = 0.0870176, marker error: RMS = 0.0430283, max = 0.129158 (RASI)
[2025-09-16 16:04:12.855] [info] Frame 165 (t = 0.825):	 total squared error = 0.087176, marker error: RMS = 0.0430675, max = 0.128903 (RASI)
[2025-09-16 16:04:12.949] [info] Frame 166 (t = 0.83):	 total squared error = 0.0872904, marker error: RMS = 0.0430957, max = 0.129449 (RASI)
[2025-09-16 16:04:13.025] [info] Frame 167 (t = 0.835):	 total squared error = 0.0872916, marker error: RMS = 0.0430960, max = 0.129412 (RASI)
[2025-09-16 16:04:13.094] [info] Frame 168 (t = 0.84):	 total squared error = 0.0872776, marker error: RMS = 0.0430926, max = 0.129487 (RASI)
[2025-09-16 16:04:13.179] [info] Frame 169 (t = 0.845):	 total squared error = 0.0875427, marker error: RMS = 0.043158, max = 0.129579 (RASI)
[2025-09-16 16:04:13.263] [info] Frame 170 (t = 0.85):	 total squared error = 0.0877931, marker error: RMS = 0.0432197, max = 0.130273 (RASI)
[2025-09-16 16:04:13.332] [info] Frame 171 (t = 0.855):	 total squared error = 0.0877452, marker error: RMS = 0.0432079, max = 0.129755 (RASI)
[2025-09-16 16:04:13.408] [info] Frame 172 (t = 0.86):	 total squared error = 0.0878323, marker error: RMS = 0.0432293, max = 0.129969 (RASI)
[2025-09-16 16:04:13.452] [info] Frame 173 (t = 0.865):	 total squared error = 0.0879817, marker error: RMS = 0.0432661, max = 0.130116 (RASI)
[2025-09-16 16:04:13.535] [info] Frame 174 (t = 0.87):	 total squared error = 0.0880331, marker error: RMS = 0.0432787, max = 0.130904 (RASI)
[2025-09-16 16:04:13.603] [info] Frame 175 (t = 0.875):	 total squared error = 0.0881609, marker error: RMS = 0.0433101, max = 0.130895 (RASI)
[2025-09-16 16:04:13.657] [info] Frame 176 (t = 0.88):	 total squared error = 0.0882598, marker error: RMS = 0.0433344, max = 0.130835 (RASI)
[2025-09-16 16:04:13.731] [info] Frame 177 (t = 0.885):	 total squared error = 0.0882542, marker error: RMS = 0.043333, max = 0.13126 (RASI)
[2025-09-16 16:04:13.783] [info] Frame 178 (t = 0.89):	 total squared error = 0.0887271, marker error: RMS = 0.0434489, max = 0.131758 (RASI)
[2025-09-16 16:04:13.840] [info] Frame 179 (t = 0.895):	 total squared error = 0.0886434, marker error: RMS = 0.0434285, max = 0.131198 (RASI)
[2025-09-16 16:04:13.910] [info] Frame 180 (t = 0.9):	 total squared error = 0.0884726, marker error: RMS = 0.0433866, max = 0.131776 (RASI)
[2025-09-16 16:04:13.992] [info] Frame 181 (t = 0.905000):	 total squared error = 0.0886624, marker error: RMS = 0.0434331, max = 0.13228 (RASI)
[2025-09-16 16:04:14.053] [info] Frame 182 (t = 0.91):	 total squared error = 0.0887673, marker error: RMS = 0.0434588, max = 0.132319 (RASI)
[2025-09-16 16:04:14.125] [info] Frame 183 (t = 0.915):	 total squared error = 0.0889472, marker error: RMS = 0.0435028, max = 0.132535 (RASI)
[2025-09-16 16:04:14.162] [info] Frame 184 (t = 0.92):	 total squared error = 0.0889464, marker error: RMS = 0.0435026, max = 0.132269 (RASI)
[2025-09-16 16:04:14.250] [info] Frame 185 (t = 0.925):	 total squared error = 0.0888764, marker error: RMS = 0.0434855, max = 0.132741 (RASI)
[2025-09-16 16:04:14.423] [info] Frame 186 (t = 0.93):	 total squared error = 0.0890896, marker error: RMS = 0.0435376, max = 0.133169 (RASI)
[2025-09-16 16:04:14.482] [info] Frame 187 (t = 0.935):	 total squared error = 0.0892601, marker error: RMS = 0.0435792, max = 0.133672 (RASI)
[2025-09-16 16:04:14.585] [info] Frame 188 (t = 0.94):	 total squared error = 0.0893672, marker error: RMS = 0.0436054, max = 0.133657 (RASI)
[2025-09-16 16:04:14.658] [info] Frame 189 (t = 0.945):	 total squared error = 0.0894506, marker error: RMS = 0.0436257, max = 0.133629 (RASI)
[2025-09-16 16:04:14.751] [info] Frame 190 (t = 0.95):	 total squared error = 0.0896287, marker error: RMS = 0.0436691, max = 0.134012 (RASI)
[2025-09-16 16:04:14.859] [info] Frame 191 (t = 0.955):	 total squared error = 0.0896863, marker error: RMS = 0.0436832, max = 0.134264 (RASI)
[2025-09-16 16:04:14.927] [info] Frame 192 (t = 0.96):	 total squared error = 0.0896296, marker error: RMS = 0.0436693, max = 0.13436 (RASI)
[2025-09-16 16:04:15.022] [info] Frame 193 (t = 0.965):	 total squared error = 0.0900058, marker error: RMS = 0.0437609, max = 0.135032 (RASI)
[2025-09-16 16:04:15.054] [info] Frame 194 (t = 0.97):	 total squared error = 0.0900467, marker error: RMS = 0.0437708, max = 0.13434 (RASI)
[2025-09-16 16:04:15.144] [info] Frame 195 (t = 0.975):	 total squared error = 0.0900332, marker error: RMS = 0.0437676, max = 0.135223 (RASI)
[2025-09-16 16:04:15.245] [info] Frame 196 (t = 0.98):	 total squared error = 0.0902663, marker error: RMS = 0.0438242, max = 0.135632 (RASI)
[2025-09-16 16:04:15.339] [info] Frame 197 (t = 0.985):	 total squared error = 0.0902834, marker error: RMS = 0.0438283, max = 0.13569 (RASI)
[2025-09-16 16:04:15.411] [info] Frame 198 (t = 0.99):	 total squared error = 0.0903502, marker error: RMS = 0.0438446, max = 0.135832 (RASI)
[2025-09-16 16:04:15.460] [info] Frame 199 (t = 0.995):	 total squared error = 0.0906676, marker error: RMS = 0.0439215, max = 0.136587 (RASI)
[2025-09-16 16:04:15.528] [info] Frame 200 (t = 1.0):	 total squared error = 0.0907396, marker error: RMS = 0.0439389, max = 0.136378 (RASI)
[2025-09-16 16:04:15.607] [info] Frame 201 (t = 1.00500):	 total squared error = 0.0907472, marker error: RMS = 0.0439408, max = 0.136807 (RASI)
[2025-09-16 16:04:15.652] [info] Frame 202 (t = 1.01):	 total squared error = 0.0909697, marker error: RMS = 0.0439946, max = 0.136033 (RASI)
[2025-09-16 16:04:15.729] [info] Frame 203 (t = 1.015):	 total squared error = 0.091134, marker error: RMS = 0.0440343, max = 0.137566 (RASI)
[2025-09-16 16:04:15.818] [info] Frame 204 (t = 1.02):	 total squared error = 0.0911080, marker error: RMS = 0.0440280, max = 0.137549 (RASI)
[2025-09-16 16:04:15.864] [info] Frame 205 (t = 1.025):	 total squared error = 0.0914961, marker error: RMS = 0.0441217, max = 0.137494 (RASI)
[2025-09-16 16:04:15.940] [info] Frame 206 (t = 1.03):	 total squared error = 0.0914784, marker error: RMS = 0.0441174, max = 0.138222 (RASI)
[2025-09-16 16:04:16.051] [info] Frame 207 (t = 1.035):	 total squared error = 0.0914775, marker error: RMS = 0.0441172, max = 0.138338 (RASI)
[2025-09-16 16:04:16.162] [info] Frame 208 (t = 1.04):	 total squared error = 0.0916752, marker error: RMS = 0.0441649, max = 0.13866 (RASI)
[2025-09-16 16:04:16.334] [info] Frame 209 (t = 1.045):	 total squared error = 0.0921989, marker error: RMS = 0.0442908, max = 0.139381 (RASI)
[2025-09-16 16:04:16.418] [info] Frame 210 (t = 1.05):	 total squared error = 0.0922047, marker error: RMS = 0.0442922, max = 0.139415 (RASI)
[2025-09-16 16:04:16.507] [info] Frame 211 (t = 1.055):	 total squared error = 0.0922577, marker error: RMS = 0.0443050, max = 0.139653 (RASI)
[2025-09-16 16:04:16.587] [info] Frame 212 (t = 1.06):	 total squared error = 0.0924347, marker error: RMS = 0.0443474, max = 0.139717 (RASI)
[2025-09-16 16:04:16.696] [info] Frame 213 (t = 1.065):	 total squared error = 0.0924448, marker error: RMS = 0.0443499, max = 0.139639 (RASI)
[2025-09-16 16:04:16.762] [info] Frame 214 (t = 1.07):	 total squared error = 0.092636, marker error: RMS = 0.0443957, max = 0.13918 (RASI)
[2025-09-16 16:04:16.853] [info] Frame 215 (t = 1.075):	 total squared error = 0.0926878, marker error: RMS = 0.0444081, max = 0.140156 (RASI)
[2025-09-16 16:04:16.948] [info] Frame 216 (t = 1.08):	 total squared error = 0.0927234, marker error: RMS = 0.0444166, max = 0.140161 (RASI)
[2025-09-16 16:04:17.045] [info] Frame 217 (t = 1.085):	 total squared error = 0.092977, marker error: RMS = 0.0444774, max = 0.140399 (RASI)
[2025-09-16 16:04:17.135] [info] Frame 218 (t = 1.09):	 total squared error = 0.0929953, marker error: RMS = 0.0444817, max = 0.140457 (RASI)
[2025-09-16 16:04:17.233] [info] Frame 219 (t = 1.095):	 total squared error = 0.0930581, marker error: RMS = 0.0444967, max = 0.140307 (RASI)
[2025-09-16 16:04:17.350] [info] Frame 220 (t = 1.1):	 total squared error = 0.0930679, marker error: RMS = 0.0444991, max = 0.140721 (RASI)
[2025-09-16 16:04:17.440] [info] Frame 221 (t = 1.10500):	 total squared error = 0.0932053, marker error: RMS = 0.0445319, max = 0.140955 (RASI)
[2025-09-16 16:04:17.528] [info] Frame 222 (t = 1.11):	 total squared error = 0.0932441, marker error: RMS = 0.0445412, max = 0.140748 (RASI)
[2025-09-16 16:04:17.578] [info] Frame 223 (t = 1.115):	 total squared error = 0.0932893, marker error: RMS = 0.044552, max = 0.140426 (RASI)
[2025-09-16 16:04:17.647] [info] Frame 224 (t = 1.12):	 total squared error = 0.093349, marker error: RMS = 0.0445662, max = 0.140838 (RASI)
[2025-09-16 16:04:17.708] [info] Frame 225 (t = 1.125):	 total squared error = 0.0934333, marker error: RMS = 0.0445863, max = 0.140700 (RASI)
[2025-09-16 16:04:17.794] [info] Frame 226 (t = 1.13):	 total squared error = 0.0935169, marker error: RMS = 0.0446063, max = 0.141139 (RASI)
[2025-09-16 16:04:17.857] [info] Frame 227 (t = 1.135):	 total squared error = 0.0934722, marker error: RMS = 0.0445956, max = 0.140989 (RASI)
[2025-09-16 16:04:17.988] [info] Frame 228 (t = 1.14):	 total squared error = 0.0934263, marker error: RMS = 0.0445847, max = 0.140320 (RASI)
[2025-09-16 16:04:18.077] [info] Frame 229 (t = 1.145):	 total squared error = 0.0935577, marker error: RMS = 0.044616, max = 0.141105 (RASI)
[2025-09-16 16:04:18.197] [info] Frame 230 (t = 1.15):	 total squared error = 0.0935931, marker error: RMS = 0.0446245, max = 0.141185 (RASI)
[2025-09-16 16:04:18.309] [info] Frame 231 (t = 1.155):	 total squared error = 0.0934202, marker error: RMS = 0.0445832, max = 0.141126 (RASI)
[2025-09-16 16:04:18.424] [info] Frame 232 (t = 1.16):	 total squared error = 0.093384, marker error: RMS = 0.0445746, max = 0.1411 (RASI)
[2025-09-16 16:04:18.516] [info] Frame 233 (t = 1.165):	 total squared error = 0.0933192, marker error: RMS = 0.0445591, max = 0.140751 (RASI)
[2025-09-16 16:04:18.588] [info] Frame 234 (t = 1.17):	 total squared error = 0.0933996, marker error: RMS = 0.0445783, max = 0.141138 (RASI)
[2025-09-16 16:04:18.691] [info] Frame 235 (t = 1.175):	 total squared error = 0.0933254, marker error: RMS = 0.0445606, max = 0.140983 (RASI)
[2025-09-16 16:04:18.798] [info] Frame 236 (t = 1.18):	 total squared error = 0.0933144, marker error: RMS = 0.044558, max = 0.140822 (RASI)
[2025-09-16 16:04:18.873] [info] Frame 237 (t = 1.185):	 total squared error = 0.093178, marker error: RMS = 0.0445254, max = 0.140449 (RASI)
[2025-09-16 16:04:18.972] [info] Frame 238 (t = 1.19):	 total squared error = 0.0930522, marker error: RMS = 0.0444953, max = 0.140752 (RASI)
[2025-09-16 16:04:19.044] [info] Frame 239 (t = 1.195):	 total squared error = 0.0930197, marker error: RMS = 0.0444876, max = 0.140440 (RASI)
[2025-09-16 16:04:19.105] [info] Frame 240 (t = 1.2):	 total squared error = 0.0929010, marker error: RMS = 0.0444592, max = 0.140264 (RASI)
[2025-09-16 16:04:19.190] [info] Frame 241 (t = 1.20500):	 total squared error = 0.0929078, marker error: RMS = 0.0444608, max = 0.140530 (RASI)
[2025-09-16 16:04:19.266] [info] Frame 242 (t = 1.21):	 total squared error = 0.0928823, marker error: RMS = 0.0444547, max = 0.140398 (RASI)
[2025-09-16 16:04:19.388] [info] Frame 243 (t = 1.215):	 total squared error = 0.0929152, marker error: RMS = 0.0444626, max = 0.140479 (RASI)
[2025-09-16 16:04:19.483] [info] Frame 244 (t = 1.22):	 total squared error = 0.0928608, marker error: RMS = 0.0444495, max = 0.140420 (RASI)
[2025-09-16 16:04:19.551] [info] Frame 245 (t = 1.225):	 total squared error = 0.0928181, marker error: RMS = 0.0444393, max = 0.140247 (RASI)
[2025-09-16 16:04:19.651] [info] Frame 246 (t = 1.23):	 total squared error = 0.0928395, marker error: RMS = 0.0444444, max = 0.140308 (RASI)
[2025-09-16 16:04:19.835] [info] Frame 247 (t = 1.235):	 total squared error = 0.0928747, marker error: RMS = 0.0444529, max = 0.140316 (RASI)
[2025-09-16 16:04:19.900] [info] Frame 248 (t = 1.24):	 total squared error = 0.0928271, marker error: RMS = 0.0444415, max = 0.140193 (RASI)
[2025-09-16 16:04:19.939] [info] Frame 249 (t = 1.245):	 total squared error = 0.0928241, marker error: RMS = 0.0444407, max = 0.139689 (RASI)
[2025-09-16 16:04:20.034] [info] Frame 250 (t = 1.25):	 total squared error = 0.0928087, marker error: RMS = 0.0444371, max = 0.140278 (RASI)
[2025-09-16 16:04:20.126] [info] Frame 251 (t = 1.255):	 total squared error = 0.0928056, marker error: RMS = 0.0444363, max = 0.140263 (RASI)
[2025-09-16 16:04:20.199] [info] Frame 252 (t = 1.26):	 total squared error = 0.0927513, marker error: RMS = 0.0444233, max = 0.140125 (RASI)
[2025-09-16 16:04:20.306] [info] Frame 253 (t = 1.265):	 total squared error = 0.0927608, marker error: RMS = 0.0444256, max = 0.140129 (RASI)
[2025-09-16 16:04:20.367] [info] Frame 254 (t = 1.27):	 total squared error = 0.0927115, marker error: RMS = 0.0444138, max = 0.139785 (RASI)
[2025-09-16 16:04:20.415] [info] Frame 255 (t = 1.275):	 total squared error = 0.0926466, marker error: RMS = 0.0443983, max = 0.139474 (RASI)
[2025-09-16 16:04:20.493] [info] Frame 256 (t = 1.28):	 total squared error = 0.0925636, marker error: RMS = 0.0443784, max = 0.139897 (RASI)
[2025-09-16 16:04:20.546] [info] Frame 257 (t = 1.285):	 total squared error = 0.0925542, marker error: RMS = 0.0443761, max = 0.13959 (RASI)
[2025-09-16 16:04:20.595] [info] Frame 258 (t = 1.29):	 total squared error = 0.092489, marker error: RMS = 0.0443605, max = 0.13934 (RASI)
[2025-09-16 16:04:20.684] [info] Frame 259 (t = 1.295):	 total squared error = 0.0924953, marker error: RMS = 0.044362, max = 0.139773 (RASI)
[2025-09-16 16:04:20.729] [info] Frame 260 (t = 1.3):	 total squared error = 0.0924002, marker error: RMS = 0.0443392, max = 0.139092 (RASI)
[2025-09-16 16:04:20.802] [info] Frame 261 (t = 1.30500):	 total squared error = 0.0924127, marker error: RMS = 0.0443422, max = 0.139743 (RASI)
[2025-09-16 16:04:20.832] [info] Frame 262 (t = 1.31):	 total squared error = 0.0923809, marker error: RMS = 0.0443345, max = 0.13924 (RASI)
[2025-09-16 16:04:20.903] [info] Frame 263 (t = 1.315):	 total squared error = 0.0922972, marker error: RMS = 0.0443144, max = 0.139678 (RASI)
[2025-09-16 16:04:20.956] [info] Frame 264 (t = 1.32):	 total squared error = 0.092233, marker error: RMS = 0.044299, max = 0.139312 (RASI)
[2025-09-16 16:04:21.020] [info] Frame 265 (t = 1.325):	 total squared error = 0.0921435, marker error: RMS = 0.0442775, max = 0.139451 (RASI)
[2025-09-16 16:04:21.069] [info] Frame 266 (t = 1.33):	 total squared error = 0.0920549, marker error: RMS = 0.0442562, max = 0.13912 (RASI)
[2025-09-16 16:04:21.131] [info] Frame 267 (t = 1.335):	 total squared error = 0.0920718, marker error: RMS = 0.0442603, max = 0.138627 (RASI)
[2025-09-16 16:04:21.241] [info] Frame 268 (t = 1.34):	 total squared error = 0.0920312, marker error: RMS = 0.0442505, max = 0.139324 (RASI)
[2025-09-16 16:04:21.343] [info] Frame 269 (t = 1.345):	 total squared error = 0.0920087, marker error: RMS = 0.0442451, max = 0.139372 (RASI)
[2025-09-16 16:04:21.457] [info] Frame 270 (t = 1.35):	 total squared error = 0.0918955, marker error: RMS = 0.0442179, max = 0.138677 (RASI)
[2025-09-16 16:04:21.541] [info] Frame 271 (t = 1.355):	 total squared error = 0.0918692, marker error: RMS = 0.0442116, max = 0.13924 (RASI)
[2025-09-16 16:04:21.648] [info] Frame 272 (t = 1.36):	 total squared error = 0.0919015, marker error: RMS = 0.0442193, max = 0.139446 (RASI)
[2025-09-16 16:04:21.708] [info] Frame 273 (t = 1.365):	 total squared error = 0.0919769, marker error: RMS = 0.0442375, max = 0.139106 (RASI)
[2025-09-16 16:04:21.766] [info] Frame 274 (t = 1.37):	 total squared error = 0.0918939, marker error: RMS = 0.0442175, max = 0.139587 (RASI)
[2025-09-16 16:04:21.859] [info] Frame 275 (t = 1.375):	 total squared error = 0.0919105, marker error: RMS = 0.0442215, max = 0.139622 (RASI)
[2025-09-16 16:04:21.939] [info] Frame 276 (t = 1.38):	 total squared error = 0.0918378, marker error: RMS = 0.0442040, max = 0.139427 (RASI)
[2025-09-16 16:04:22.015] [info] Frame 277 (t = 1.385):	 total squared error = 0.0919039, marker error: RMS = 0.0442199, max = 0.139628 (RASI)
[2025-09-16 16:04:22.087] [info] Frame 278 (t = 1.39):	 total squared error = 0.0918887, marker error: RMS = 0.0442163, max = 0.139941 (RASI)
[2025-09-16 16:04:22.166] [info] Frame 279 (t = 1.395):	 total squared error = 0.091861, marker error: RMS = 0.0442096, max = 0.139832 (RASI)
[2025-09-16 16:04:22.266] [info] Frame 280 (t = 1.4):	 total squared error = 0.091844, marker error: RMS = 0.0442055, max = 0.139978 (RASI)
[2025-09-16 16:04:22.326] [info] Frame 281 (t = 1.40500):	 total squared error = 0.0917958, marker error: RMS = 0.0441939, max = 0.139649 (RASI)
[2025-09-16 16:04:22.398] [info] Frame 282 (t = 1.41):	 total squared error = 0.0917471, marker error: RMS = 0.0441822, max = 0.140184 (RASI)
[2025-09-16 16:04:22.510] [info] Frame 283 (t = 1.415):	 total squared error = 0.0917567, marker error: RMS = 0.0441845, max = 0.140297 (RASI)
[2025-09-16 16:04:22.603] [info] Frame 284 (t = 1.42):	 total squared error = 0.0917577, marker error: RMS = 0.0441847, max = 0.140420 (RASI)
[2025-09-16 16:04:22.678] [info] Frame 285 (t = 1.425):	 total squared error = 0.0917621, marker error: RMS = 0.0441858, max = 0.140331 (RASI)
[2025-09-16 16:04:22.744] [info] Frame 286 (t = 1.43):	 total squared error = 0.0918434, marker error: RMS = 0.0442054, max = 0.140556 (RASI)
[2025-09-16 16:04:22.823] [info] Frame 287 (t = 1.435):	 total squared error = 0.091812, marker error: RMS = 0.0441978, max = 0.141046 (RASI)
[2025-09-16 16:04:22.893] [info] Frame 288 (t = 1.44):	 total squared error = 0.0918325, marker error: RMS = 0.0442028, max = 0.141389 (RASI)
[2025-09-16 16:04:23.002] [info] Frame 289 (t = 1.445):	 total squared error = 0.0917729, marker error: RMS = 0.0441884, max = 0.141432 (RASI)
[2025-09-16 16:04:23.146] [info] Frame 290 (t = 1.45):	 total squared error = 0.091686, marker error: RMS = 0.0441675, max = 0.141617 (RASI)
[2025-09-16 16:04:23.250] [info] Frame 291 (t = 1.455):	 total squared error = 0.0917817, marker error: RMS = 0.0441905, max = 0.141604 (RASI)
[2025-09-16 16:04:23.346] [info] Frame 292 (t = 1.46):	 total squared error = 0.0917117, marker error: RMS = 0.0441737, max = 0.141832 (RASI)
[2025-09-16 16:04:23.464] [info] Frame 293 (t = 1.465):	 total squared error = 0.0917024, marker error: RMS = 0.0441714, max = 0.141993 (RASI)
[2025-09-16 16:04:23.574] [info] Frame 294 (t = 1.47):	 total squared error = 0.0916587, marker error: RMS = 0.0441609, max = 0.142172 (RASI)
[2025-09-16 16:04:23.674] [info] Frame 295 (t = 1.475):	 total squared error = 0.091599, marker error: RMS = 0.0441465, max = 0.142278 (RASI)
[2025-09-16 16:04:23.766] [info] Frame 296 (t = 1.48):	 total squared error = 0.091523, marker error: RMS = 0.0441282, max = 0.142191 (RASI)
[2025-09-16 16:04:23.871] [info] Frame 297 (t = 1.485):	 total squared error = 0.0915414, marker error: RMS = 0.0441326, max = 0.142347 (RASI)
[2025-09-16 16:04:23.986] [info] Frame 298 (t = 1.49):	 total squared error = 0.0913591, marker error: RMS = 0.0440887, max = 0.142364 (RASI)
[2025-09-16 16:04:24.108] [info] Frame 299 (t = 1.495):	 total squared error = 0.0914344, marker error: RMS = 0.0441068, max = 0.142509 (RASI)
[2025-09-16 16:04:24.210] [info] Frame 300 (t = 1.5):	 total squared error = 0.0914901, marker error: RMS = 0.0441203, max = 0.142635 (RASI)
[2025-09-16 16:04:24.301] [info] Frame 301 (t = 1.50500):	 total squared error = 0.0914176, marker error: RMS = 0.0441028, max = 0.142637 (RASI)
[2025-09-16 16:04:24.407] [info] Frame 302 (t = 1.51):	 total squared error = 0.0914495, marker error: RMS = 0.0441105, max = 0.142642 (RASI)
[2025-09-16 16:04:24.476] [info] Frame 303 (t = 1.515):	 total squared error = 0.0915098, marker error: RMS = 0.044125, max = 0.14287 (RASI)
[2025-09-16 16:04:24.578] [info] Frame 304 (t = 1.52):	 total squared error = 0.0914751, marker error: RMS = 0.0441167, max = 0.142964 (RASI)
[2025-09-16 16:04:24.688] [info] Frame 305 (t = 1.525):	 total squared error = 0.0915747, marker error: RMS = 0.0441407, max = 0.143257 (RASI)
[2025-09-16 16:04:24.785] [info] Frame 306 (t = 1.53):	 total squared error = 0.0915724, marker error: RMS = 0.0441401, max = 0.143136 (RASI)
[2025-09-16 16:04:24.947] [info] Frame 307 (t = 1.535):	 total squared error = 0.0915988, marker error: RMS = 0.0441465, max = 0.143466 (RASI)
[2025-09-16 16:04:25.060] [info] Frame 308 (t = 1.54):	 total squared error = 0.0916382, marker error: RMS = 0.044156, max = 0.143584 (RASI)
[2025-09-16 16:04:25.176] [info] Frame 309 (t = 1.545):	 total squared error = 0.0916348, marker error: RMS = 0.0441551, max = 0.14349 (RASI)
[2025-09-16 16:04:25.290] [info] Frame 310 (t = 1.55):	 total squared error = 0.0916818, marker error: RMS = 0.0441665, max = 0.143482 (RASI)
[2025-09-16 16:04:25.386] [info] Frame 311 (t = 1.555):	 total squared error = 0.0916028, marker error: RMS = 0.0441474, max = 0.143482 (RASI)
[2025-09-16 16:04:25.489] [info] Frame 312 (t = 1.56):	 total squared error = 0.0917599, marker error: RMS = 0.0441853, max = 0.143792 (RASI)
[2025-09-16 16:04:25.586] [info] Frame 313 (t = 1.565):	 total squared error = 0.0918566, marker error: RMS = 0.0442085, max = 0.143897 (RASI)
[2025-09-16 16:04:25.667] [info] Frame 314 (t = 1.57):	 total squared error = 0.0919006, marker error: RMS = 0.0442191, max = 0.144051 (RASI)
[2025-09-16 16:04:25.766] [info] Frame 315 (t = 1.575):	 total squared error = 0.0919766, marker error: RMS = 0.0442374, max = 0.144065 (RASI)
[2025-09-16 16:04:25.867] [info] Frame 316 (t = 1.58):	 total squared error = 0.0920067, marker error: RMS = 0.0442446, max = 0.144089 (RASI)
[2025-09-16 16:04:25.965] [info] Frame 317 (t = 1.585):	 total squared error = 0.0920364, marker error: RMS = 0.0442518, max = 0.144023 (RASI)
[2025-09-16 16:04:26.074] [info] Frame 318 (t = 1.59):	 total squared error = 0.0920840, marker error: RMS = 0.0442632, max = 0.144179 (RASI)
[2025-09-16 16:04:26.172] [info] Frame 319 (t = 1.595):	 total squared error = 0.0922531, marker error: RMS = 0.0443039, max = 0.144549 (RASI)
[2025-09-16 16:04:26.287] [info] Frame 320 (t = 1.6):	 total squared error = 0.0922346, marker error: RMS = 0.0442994, max = 0.144407 (RASI)
[2025-09-16 16:04:26.361] [info] Frame 321 (t = 1.60500):	 total squared error = 0.0923254, marker error: RMS = 0.0443212, max = 0.144548 (RASI)
[2025-09-16 16:04:26.534] [info] Frame 322 (t = 1.61):	 total squared error = 0.0923639, marker error: RMS = 0.0443305, max = 0.144764 (RASI)
[2025-09-16 16:04:26.628] [info] Frame 323 (t = 1.615):	 total squared error = 0.0924638, marker error: RMS = 0.0443544, max = 0.144845 (RASI)
[2025-09-16 16:04:26.714] [info] Frame 324 (t = 1.62):	 total squared error = 0.0925313, marker error: RMS = 0.0443706, max = 0.144893 (RASI)
[2025-09-16 16:04:26.836] [info] Frame 325 (t = 1.625):	 total squared error = 0.0926156, marker error: RMS = 0.0443908, max = 0.145073 (RASI)
[2025-09-16 16:04:26.939] [info] Frame 326 (t = 1.63):	 total squared error = 0.0926979, marker error: RMS = 0.0444105, max = 0.145212 (RASI)
[2025-09-16 16:04:27.059] [info] Frame 327 (t = 1.635):	 total squared error = 0.0926557, marker error: RMS = 0.0444004, max = 0.145003 (RASI)
[2025-09-16 16:04:27.149] [info] Frame 328 (t = 1.64):	 total squared error = 0.0926972, marker error: RMS = 0.0444104, max = 0.145178 (RASI)
[2025-09-16 16:04:27.251] [info] Frame 329 (t = 1.645):	 total squared error = 0.0927677, marker error: RMS = 0.0444273, max = 0.145189 (RASI)
[2025-09-16 16:04:27.358] [info] Frame 330 (t = 1.65):	 total squared error = 0.0927951, marker error: RMS = 0.0444338, max = 0.145271 (RASI)
[2025-09-16 16:04:27.466] [info] Frame 331 (t = 1.655):	 total squared error = 0.0928329, marker error: RMS = 0.0444429, max = 0.145388 (RASI)
[2025-09-16 16:04:27.563] [info] Frame 332 (t = 1.66):	 total squared error = 0.0928654, marker error: RMS = 0.0444506, max = 0.145433 (RASI)
[2025-09-16 16:04:27.682] [info] Frame 333 (t = 1.665):	 total squared error = 0.0929409, marker error: RMS = 0.0444687, max = 0.145554 (RASI)
[2025-09-16 16:04:27.789] [info] Frame 334 (t = 1.67):	 total squared error = 0.0930182, marker error: RMS = 0.0444872, max = 0.145612 (RASI)
[2025-09-16 16:04:27.887] [info] Frame 335 (t = 1.675):	 total squared error = 0.0930565, marker error: RMS = 0.0444963, max = 0.145697 (RASI)
[2025-09-16 16:04:27.990] [info] Frame 336 (t = 1.68):	 total squared error = 0.0931245, marker error: RMS = 0.0445126, max = 0.145826 (RASI)
[2025-09-16 16:04:28.105] [info] Frame 337 (t = 1.685):	 total squared error = 0.093222, marker error: RMS = 0.0445359, max = 0.14584 (RASI)
[2025-09-16 16:04:28.214] [info] Frame 338 (t = 1.69):	 total squared error = 0.0933606, marker error: RMS = 0.044569, max = 0.145974 (RASI)
[2025-09-16 16:04:28.383] [info] Frame 339 (t = 1.695):	 total squared error = 0.0932853, marker error: RMS = 0.044551, max = 0.14577 (RASI)
[2025-09-16 16:04:28.510] [info] Frame 340 (t = 1.7):	 total squared error = 0.0935116, marker error: RMS = 0.0446050, max = 0.146116 (RASI)
[2025-09-16 16:04:28.628] [info] Frame 341 (t = 1.70500):	 total squared error = 0.0936143, marker error: RMS = 0.0446295, max = 0.14623 (RASI)
[2025-09-16 16:04:28.744] [info] Frame 342 (t = 1.71):	 total squared error = 0.0937029, marker error: RMS = 0.0446506, max = 0.146176 (RASI)
[2025-09-16 16:04:28.868] [info] Frame 343 (t = 1.715):	 total squared error = 0.0937925, marker error: RMS = 0.044672, max = 0.146345 (RASI)
[2025-09-16 16:04:28.967] [info] Frame 344 (t = 1.72):	 total squared error = 0.0938071, marker error: RMS = 0.0446755, max = 0.146403 (RASI)
[2025-09-16 16:04:29.046] [info] Frame 345 (t = 1.725):	 total squared error = 0.0938951, marker error: RMS = 0.0446964, max = 0.146527 (RASI)
[2025-09-16 16:04:29.175] [info] Frame 346 (t = 1.73):	 total squared error = 0.0939362, marker error: RMS = 0.0447062, max = 0.146453 (RASI)
[2025-09-16 16:04:29.293] [info] Frame 347 (t = 1.735):	 total squared error = 0.0940531, marker error: RMS = 0.044734, max = 0.146561 (RASI)
[2025-09-16 16:04:29.395] [info] Frame 348 (t = 1.74):	 total squared error = 0.0940968, marker error: RMS = 0.0447444, max = 0.146547 (RASI)
[2025-09-16 16:04:29.456] [info] Frame 349 (t = 1.745):	 total squared error = 0.0942058, marker error: RMS = 0.0447703, max = 0.146382 (RASI)
[2025-09-16 16:04:29.572] [info] Frame 350 (t = 1.75):	 total squared error = 0.0942115, marker error: RMS = 0.0447717, max = 0.146708 (RASI)
[2025-09-16 16:04:29.663] [info] Frame 351 (t = 1.755):	 total squared error = 0.0942535, marker error: RMS = 0.0447816, max = 0.146886 (RASI)
[2025-09-16 16:04:29.754] [info] Frame 352 (t = 1.76):	 total squared error = 0.0942942, marker error: RMS = 0.0447913, max = 0.146847 (RASI)
[2025-09-16 16:04:29.860] [info] Frame 353 (t = 1.765):	 total squared error = 0.0943617, marker error: RMS = 0.0448073, max = 0.146858 (RASI)
[2025-09-16 16:04:30.028] [info] Frame 354 (t = 1.77):	 total squared error = 0.0944265, marker error: RMS = 0.0448227, max = 0.146888 (RASI)
[2025-09-16 16:04:30.125] [info] Frame 355 (t = 1.775):	 total squared error = 0.0944256, marker error: RMS = 0.0448225, max = 0.146892 (RASI)
[2025-09-16 16:04:30.222] [info] Frame 356 (t = 1.78):	 total squared error = 0.0944817, marker error: RMS = 0.0448358, max = 0.146982 (RASI)
[2025-09-16 16:04:30.308] [info] Frame 357 (t = 1.785):	 total squared error = 0.0945626, marker error: RMS = 0.044855, max = 0.146997 (RASI)
[2025-09-16 16:04:30.406] [info] Frame 358 (t = 1.79):	 total squared error = 0.0945441, marker error: RMS = 0.0448506, max = 0.147030 (RASI)
[2025-09-16 16:04:30.528] [info] Frame 359 (t = 1.795):	 total squared error = 0.0946012, marker error: RMS = 0.0448641, max = 0.147032 (RASI)
[2025-09-16 16:04:30.641] [info] Frame 360 (t = 1.8):	 total squared error = 0.0946191, marker error: RMS = 0.0448684, max = 0.146951 (RASI)
[2025-09-16 16:04:30.713] [info] Frame 361 (t = 1.80500):	 total squared error = 0.0945731, marker error: RMS = 0.0448575, max = 0.146928 (RASI)
[2025-09-16 16:04:30.794] [info] Frame 362 (t = 1.81):	 total squared error = 0.0945828, marker error: RMS = 0.0448598, max = 0.147083 (RASI)
[2025-09-16 16:04:30.884] [info] Frame 363 (t = 1.815):	 total squared error = 0.0946306, marker error: RMS = 0.0448711, max = 0.147084 (RASI)
[2025-09-16 16:04:30.962] [info] Frame 364 (t = 1.82):	 total squared error = 0.0946242, marker error: RMS = 0.0448696, max = 0.146869 (RASI)
[2025-09-16 16:04:31.048] [info] Frame 365 (t = 1.825):	 total squared error = 0.0946835, marker error: RMS = 0.0448837, max = 0.146829 (RASI)
[2025-09-16 16:04:31.157] [info] Frame 366 (t = 1.83):	 total squared error = 0.0947498, marker error: RMS = 0.0448994, max = 0.1472 (RASI)
[2025-09-16 16:04:31.221] [info] Frame 367 (t = 1.835):	 total squared error = 0.0947829, marker error: RMS = 0.0449072, max = 0.14688 (RASI)
[2025-09-16 16:04:31.299] [info] Frame 368 (t = 1.84):	 total squared error = 0.0947521, marker error: RMS = 0.0448999, max = 0.147131 (RASI)
[2025-09-16 16:04:31.404] [info] Frame 369 (t = 1.845):	 total squared error = 0.0948475, marker error: RMS = 0.0449225, max = 0.147094 (RASI)
[2025-09-16 16:04:31.502] [info] Frame 370 (t = 1.85):	 total squared error = 0.0948587, marker error: RMS = 0.0449252, max = 0.147124 (RASI)
[2025-09-16 16:04:31.602] [info] Frame 371 (t = 1.855):	 total squared error = 0.094869, marker error: RMS = 0.0449276, max = 0.147193 (RASI)
[2025-09-16 16:04:31.720] [info] Frame 372 (t = 1.86):	 total squared error = 0.0948535, marker error: RMS = 0.0449239, max = 0.147126 (RASI)
[2025-09-16 16:04:31.829] [info] Frame 373 (t = 1.865):	 total squared error = 0.0948834, marker error: RMS = 0.044931, max = 0.147072 (RASI)
[2025-09-16 16:04:31.903] [info] Frame 374 (t = 1.87):	 total squared error = 0.0947868, marker error: RMS = 0.0449081, max = 0.146901 (RASI)
[2025-09-16 16:04:32.045] [info] Frame 375 (t = 1.875):	 total squared error = 0.0948431, marker error: RMS = 0.0449215, max = 0.146854 (RASI)
[2025-09-16 16:04:32.169] [info] Frame 376 (t = 1.88):	 total squared error = 0.0948728, marker error: RMS = 0.0449285, max = 0.146953 (RASI)
[2025-09-16 16:04:32.270] [info] Frame 377 (t = 1.885):	 total squared error = 0.094837, marker error: RMS = 0.04492, max = 0.147004 (RASI)
[2025-09-16 16:04:32.381] [info] Frame 378 (t = 1.89):	 total squared error = 0.0948536, marker error: RMS = 0.044924, max = 0.146884 (RASI)
[2025-09-16 16:04:32.490] [info] Frame 379 (t = 1.895):	 total squared error = 0.0949132, marker error: RMS = 0.0449381, max = 0.147008 (RASI)
[2025-09-16 16:04:32.589] [info] Frame 380 (t = 1.9):	 total squared error = 0.0948629, marker error: RMS = 0.0449261, max = 0.14687 (RASI)
[2025-09-16 16:04:32.682] [info] Frame 381 (t = 1.90500):	 total squared error = 0.0948845, marker error: RMS = 0.0449313, max = 0.14685 (RASI)
[2025-09-16 16:04:32.795] [info] Frame 382 (t = 1.91):	 total squared error = 0.0948847, marker error: RMS = 0.0449313, max = 0.146891 (RASI)
[2025-09-16 16:04:32.899] [info] Frame 383 (t = 1.915):	 total squared error = 0.0948904, marker error: RMS = 0.0449327, max = 0.146888 (RASI)
[2025-09-16 16:04:33.037] [info] Frame 384 (t = 1.92):	 total squared error = 0.0948736, marker error: RMS = 0.0449287, max = 0.1468 (RASI)
[2025-09-16 16:04:33.158] [info] Frame 385 (t = 1.925):	 total squared error = 0.0948962, marker error: RMS = 0.044934, max = 0.146686 (RASI)
[2025-09-16 16:04:33.280] [info] Frame 386 (t = 1.93):	 total squared error = 0.0948493, marker error: RMS = 0.0449229, max = 0.146638 (RASI)
[2025-09-16 16:04:33.401] [info] Frame 387 (t = 1.935):	 total squared error = 0.0947762, marker error: RMS = 0.0449056, max = 0.146429 (RASI)
[2025-09-16 16:04:33.469] [info] Frame 388 (t = 1.94):	 total squared error = 0.0947035, marker error: RMS = 0.0448884, max = 0.146282 (RASI)
[2025-09-16 16:04:33.587] [info] Frame 389 (t = 1.945):	 total squared error = 0.0946477, marker error: RMS = 0.0448752, max = 0.14632 (RASI)
[2025-09-16 16:04:33.725] [info] Frame 390 (t = 1.95):	 total squared error = 0.0947604, marker error: RMS = 0.0449019, max = 0.146393 (RASI)
[2025-09-16 16:04:33.914] [info] Frame 391 (t = 1.955):	 total squared error = 0.0946597, marker error: RMS = 0.044878, max = 0.14625 (RASI)
[2025-09-16 16:04:34.001] [info] Frame 392 (t = 1.96):	 total squared error = 0.0946546, marker error: RMS = 0.0448768, max = 0.146312 (RASI)
[2025-09-16 16:04:34.103] [info] Frame 393 (t = 1.965):	 total squared error = 0.0946635, marker error: RMS = 0.0448789, max = 0.14624 (RASI)
[2025-09-16 16:04:34.226] [info] Frame 394 (t = 1.97):	 total squared error = 0.0947281, marker error: RMS = 0.0448942, max = 0.146256 (RASI)
[2025-09-16 16:04:34.326] [info] Frame 395 (t = 1.975):	 total squared error = 0.0949177, marker error: RMS = 0.0449391, max = 0.146448 (RASI)
[2025-09-16 16:04:34.402] [info] Frame 396 (t = 1.98):	 total squared error = 0.0949693, marker error: RMS = 0.0449514, max = 0.146502 (RASI)
[2025-09-16 16:04:34.456] [info] Frame 397 (t = 1.985):	 total squared error = 0.0950212, marker error: RMS = 0.0449636, max = 0.146402 (RASI)
[2025-09-16 16:04:34.572] [info] Frame 398 (t = 1.99):	 total squared error = 0.0950328, marker error: RMS = 0.0449664, max = 0.146511 (RASI)
[2025-09-16 16:04:34.623] [info] Frame 399 (t = 1.995):	 total squared error = 0.0950660, marker error: RMS = 0.0449742, max = 0.146124 (RASI)
[2025-09-16 16:04:34.667] [info] Frame 400 (t = 2.0):	 total squared error = 0.0949327, marker error: RMS = 0.0449427, max = 0.146299 (RASI)
[2025-09-16 16:04:34.721] [info] Frame 401 (t = 2.00500):	 total squared error = 0.094957, marker error: RMS = 0.0449484, max = 0.145836 (RASI)
[2025-09-16 16:04:34.799] [info] Frame 402 (t = 2.01):	 total squared error = 0.09494, marker error: RMS = 0.0449444, max = 0.146209 (RASI)
[2025-09-16 16:04:34.893] [info] Frame 403 (t = 2.015):	 total squared error = 0.0949955, marker error: RMS = 0.0449575, max = 0.145993 (RASI)
[2025-09-16 16:04:35.012] [info] Frame 404 (t = 2.02):	 total squared error = 0.0949981, marker error: RMS = 0.0449581, max = 0.146118 (RASI)
[2025-09-16 16:04:35.143] [info] Frame 405 (t = 2.025):	 total squared error = 0.0949837, marker error: RMS = 0.0449548, max = 0.146011 (RASI)
[2025-09-16 16:04:35.235] [info] Frame 406 (t = 2.03):	 total squared error = 0.0949896, marker error: RMS = 0.0449561, max = 0.145811 (RASI)
[2025-09-16 16:04:35.290] [info] Frame 407 (t = 2.035):	 total squared error = 0.0949756, marker error: RMS = 0.0449528, max = 0.145276 (RASI)
[2025-09-16 16:04:35.379] [info] Frame 408 (t = 2.04):	 total squared error = 0.0948615, marker error: RMS = 0.0449258, max = 0.145666 (RASI)
[2025-09-16 16:04:35.466] [info] Frame 409 (t = 2.045):	 total squared error = 0.0948324, marker error: RMS = 0.0449189, max = 0.145359 (RASI)
[2025-09-16 16:04:35.569] [info] Frame 410 (t = 2.05):	 total squared error = 0.0948024, marker error: RMS = 0.0449118, max = 0.145359 (RASI)
[2025-09-16 16:04:35.663] [info] Frame 411 (t = 2.055):	 total squared error = 0.0948053, marker error: RMS = 0.0449125, max = 0.144905 (RASI)
[2025-09-16 16:04:35.830] [info] Frame 412 (t = 2.06):	 total squared error = 0.0947338, marker error: RMS = 0.0448956, max = 0.145007 (RASI)
[2025-09-16 16:04:35.912] [info] Frame 413 (t = 2.065):	 total squared error = 0.0946826, marker error: RMS = 0.0448834, max = 0.144476 (RASI)
[2025-09-16 16:04:36.003] [info] Frame 414 (t = 2.07):	 total squared error = 0.0946882, marker error: RMS = 0.0448848, max = 0.144971 (RASI)
[2025-09-16 16:04:36.071] [info] Frame 415 (t = 2.075):	 total squared error = 0.0946931, marker error: RMS = 0.0448859, max = 0.144855 (RASI)
[2025-09-16 16:04:36.131] [info] Frame 416 (t = 2.08):	 total squared error = 0.0946201, marker error: RMS = 0.0448686, max = 0.144308 (RASI)
[2025-09-16 16:04:36.201] [info] Frame 417 (t = 2.085):	 total squared error = 0.0945562, marker error: RMS = 0.0448535, max = 0.144763 (RASI)
[2025-09-16 16:04:36.307] [info] Frame 418 (t = 2.09):	 total squared error = 0.0945668, marker error: RMS = 0.044856, max = 0.144779 (RASI)
[2025-09-16 16:04:36.378] [info] Frame 419 (t = 2.095):	 total squared error = 0.0945274, marker error: RMS = 0.0448467, max = 0.144518 (RASI)
[2025-09-16 16:04:36.452] [info] Frame 420 (t = 2.1):	 total squared error = 0.0945208, marker error: RMS = 0.0448451, max = 0.144879 (RASI)
[2025-09-16 16:04:36.547] [info] Frame 421 (t = 2.10500):	 total squared error = 0.0945383, marker error: RMS = 0.0448492, max = 0.144749 (RASI)
[2025-09-16 16:04:36.619] [info] Frame 422 (t = 2.11):	 total squared error = 0.0945248, marker error: RMS = 0.044846, max = 0.144767 (RASI)
[2025-09-16 16:04:36.685] [info] Frame 423 (t = 2.115):	 total squared error = 0.0945502, marker error: RMS = 0.0448521, max = 0.144903 (RASI)
[2025-09-16 16:04:36.748] [info] Frame 424 (t = 2.12):	 total squared error = 0.0945082, marker error: RMS = 0.0448421, max = 0.144393 (RASI)
[2025-09-16 16:04:36.857] [info] Frame 425 (t = 2.125):	 total squared error = 0.0945295, marker error: RMS = 0.0448471, max = 0.14486 (RASI)
[2025-09-16 16:04:36.923] [info] Frame 426 (t = 2.13):	 total squared error = 0.094552, marker error: RMS = 0.0448525, max = 0.144664 (RASI)
[2025-09-16 16:04:37.005] [info] Frame 427 (t = 2.135):	 total squared error = 0.0945195, marker error: RMS = 0.0448448, max = 0.144883 (RASI)
[2025-09-16 16:04:37.078] [info] Frame 428 (t = 2.14):	 total squared error = 0.0944808, marker error: RMS = 0.0448356, max = 0.144356 (RASI)
[2025-09-16 16:04:37.146] [info] Frame 429 (t = 2.145):	 total squared error = 0.0946297, marker error: RMS = 0.0448709, max = 0.145166 (RASI)
[2025-09-16 16:04:37.200] [info] Frame 430 (t = 2.15):	 total squared error = 0.0943943, marker error: RMS = 0.044815, max = 0.144785 (RASI)
[2025-09-16 16:04:37.250] [info] Frame 431 (t = 2.155):	 total squared error = 0.0944004, marker error: RMS = 0.0448165, max = 0.144569 (RASI)
[2025-09-16 16:04:37.308] [info] Frame 432 (t = 2.16):	 total squared error = 0.0945456, marker error: RMS = 0.0448509, max = 0.144373 (RASI)
[2025-09-16 16:04:37.340] [info] Frame 433 (t = 2.165):	 total squared error = 0.0943992, marker error: RMS = 0.0448162, max = 0.144211 (RASI)
[2025-09-16 16:04:37.419] [info] Frame 434 (t = 2.17):	 total squared error = 0.0945028, marker error: RMS = 0.0448408, max = 0.145108 (RASI)
[2025-09-16 16:04:37.455] [info] Frame 435 (t = 2.175):	 total squared error = 0.0943928, marker error: RMS = 0.0448147, max = 0.144851 (RASI)
[2025-09-16 16:04:37.561] [info] Frame 436 (t = 2.18):	 total squared error = 0.0945115, marker error: RMS = 0.0448429, max = 0.144921 (RASI)
[2025-09-16 16:04:37.646] [info] Frame 437 (t = 2.185):	 total squared error = 0.094473, marker error: RMS = 0.0448337, max = 0.144976 (RASI)
[2025-09-16 16:04:37.716] [info] Frame 438 (t = 2.19):	 total squared error = 0.0943096, marker error: RMS = 0.044795, max = 0.144764 (RASI)
[2025-09-16 16:04:37.819] [info] Frame 439 (t = 2.195):	 total squared error = 0.0942042, marker error: RMS = 0.0447699, max = 0.144796 (RASI)
[2025-09-16 16:04:37.872] [info] Frame 440 (t = 2.2):	 total squared error = 0.0942766, marker error: RMS = 0.0447871, max = 0.144365 (RASI)
[2025-09-16 16:04:37.924] [info] Frame 441 (t = 2.20500):	 total squared error = 0.0942131, marker error: RMS = 0.044772, max = 0.14416 (RASI)
[2025-09-16 16:04:37.989] [info] Frame 442 (t = 2.21):	 total squared error = 0.0942601, marker error: RMS = 0.0447832, max = 0.144517 (RASI)
[2025-09-16 16:04:38.072] [info] Frame 443 (t = 2.215):	 total squared error = 0.094248, marker error: RMS = 0.0447803, max = 0.144222 (RASI)
[2025-09-16 16:04:38.180] [info] Frame 444 (t = 2.22):	 total squared error = 0.0942276, marker error: RMS = 0.0447755, max = 0.144711 (RASI)
[2025-09-16 16:04:38.273] [info] Frame 445 (t = 2.225):	 total squared error = 0.0942198, marker error: RMS = 0.0447736, max = 0.144223 (RASI)
[2025-09-16 16:04:38.387] [info] Frame 446 (t = 2.23):	 total squared error = 0.0942715, marker error: RMS = 0.0447859, max = 0.144847 (RASI)
[2025-09-16 16:04:38.445] [info] Frame 447 (t = 2.235):	 total squared error = 0.0942482, marker error: RMS = 0.0447804, max = 0.144371 (RASI)
[2025-09-16 16:04:38.542] [info] Frame 448 (t = 2.24):	 total squared error = 0.0942406, marker error: RMS = 0.0447786, max = 0.144735 (RASI)
[2025-09-16 16:04:38.589] [info] Frame 449 (t = 2.245):	 total squared error = 0.0944403, marker error: RMS = 0.044826, max = 0.144585 (RASI)
[2025-09-16 16:04:38.620] [info] Frame 450 (t = 2.25):	 total squared error = 0.0942475, marker error: RMS = 0.0447802, max = 0.144223 (RASI)
[2025-09-16 16:04:38.654] [info] Frame 451 (t = 2.255):	 total squared error = 0.094438, marker error: RMS = 0.0448254, max = 0.144447 (RASI)
[2025-09-16 16:04:38.713] [info] Frame 452 (t = 2.26):	 total squared error = 0.0941937, marker error: RMS = 0.0447674, max = 0.144482 (RASI)
[2025-09-16 16:04:38.766] [info] Frame 453 (t = 2.265):	 total squared error = 0.0941856, marker error: RMS = 0.0447655, max = 0.14427 (RASI)
[2025-09-16 16:04:38.845] [info] Frame 454 (t = 2.27):	 total squared error = 0.0942051, marker error: RMS = 0.0447701, max = 0.144727 (RASI)
[2025-09-16 16:04:38.935] [info] Frame 455 (t = 2.275):	 total squared error = 0.0941298, marker error: RMS = 0.0447522, max = 0.144753 (RASI)
[2025-09-16 16:04:38.994] [info] Frame 456 (t = 2.28):	 total squared error = 0.0940332, marker error: RMS = 0.0447292, max = 0.144392 (RASI)
[2025-09-16 16:04:39.045] [info] Frame 457 (t = 2.285):	 total squared error = 0.0940167, marker error: RMS = 0.0447253, max = 0.144231 (RASI)
[2025-09-16 16:04:39.107] [info] Frame 458 (t = 2.29):	 total squared error = 0.0939421, marker error: RMS = 0.0447076, max = 0.144037 (RASI)
[2025-09-16 16:04:39.150] [info] Frame 459 (t = 2.295):	 total squared error = 0.0938939, marker error: RMS = 0.0446961, max = 0.144165 (RASI)
[2025-09-16 16:04:39.207] [info] Frame 460 (t = 2.3):	 total squared error = 0.0938034, marker error: RMS = 0.0446746, max = 0.143727 (RASI)
[2025-09-16 16:04:39.250] [info] Frame 461 (t = 2.30500):	 total squared error = 0.0936485, marker error: RMS = 0.0446377, max = 0.143647 (RASI)
[2025-09-16 16:04:39.397] [info] Frame 462 (t = 2.31):	 total squared error = 0.0933648, marker error: RMS = 0.04457, max = 0.143167 (RASI)
[2025-09-16 16:04:39.429] [info] Frame 463 (t = 2.315):	 total squared error = 0.0930658, marker error: RMS = 0.0444986, max = 0.142283 (RASI)
[2025-09-16 16:04:39.510] [info] Frame 464 (t = 2.32):	 total squared error = 0.0928872, marker error: RMS = 0.0444559, max = 0.142898 (RASI)
[2025-09-16 16:04:39.575] [info] Frame 465 (t = 2.325):	 total squared error = 0.0926564, marker error: RMS = 0.0444006, max = 0.142383 (RASI)
[2025-09-16 16:04:39.659] [info] Frame 466 (t = 2.33):	 total squared error = 0.0924402, marker error: RMS = 0.0443488, max = 0.142581 (RASI)
[2025-09-16 16:04:39.718] [info] Frame 467 (t = 2.335):	 total squared error = 0.0922406, marker error: RMS = 0.0443009, max = 0.142019 (RASI)
[2025-09-16 16:04:39.745] [info] Frame 468 (t = 2.34):	 total squared error = 0.0919731, marker error: RMS = 0.0442366, max = 0.141909 (RASI)
[2025-09-16 16:04:39.803] [info] Frame 469 (t = 2.345):	 total squared error = 0.0917665, marker error: RMS = 0.0441869, max = 0.141709 (RASI)
[2025-09-16 16:04:39.823] [info] Frame 470 (t = 2.35):	 total squared error = 0.091428, marker error: RMS = 0.0441053, max = 0.140964 (RASI)
[2025-09-16 16:04:39.854] [info] Frame 471 (t = 2.355):	 total squared error = 0.0910516, marker error: RMS = 0.0440144, max = 0.140502 (RASI)
[2025-09-16 16:04:39.912] [info] Frame 472 (t = 2.36):	 total squared error = 0.0906072, marker error: RMS = 0.0439069, max = 0.140011 (RASI)
[2025-09-16 16:04:39.944] [info] Frame 473 (t = 2.365):	 total squared error = 0.0903191, marker error: RMS = 0.043837, max = 0.139566 (RASI)
[2025-09-16 16:04:39.999] [info] Frame 474 (t = 2.37):	 total squared error = 0.0899547, marker error: RMS = 0.0437485, max = 0.139217 (RASI)
[2025-09-16 16:04:40.039] [info] Frame 475 (t = 2.375):	 total squared error = 0.089682, marker error: RMS = 0.0436821, max = 0.138966 (RASI)
[2025-09-16 16:04:40.110] [info] Frame 476 (t = 2.38):	 total squared error = 0.0894381, marker error: RMS = 0.0436227, max = 0.138504 (RASI)
[2025-09-16 16:04:40.148] [info] Frame 477 (t = 2.385):	 total squared error = 0.0891136, marker error: RMS = 0.0435435, max = 0.137865 (RASI)
[2025-09-16 16:04:40.248] [info] Frame 478 (t = 2.39):	 total squared error = 0.0884163, marker error: RMS = 0.0433728, max = 0.137009 (RASI)
[2025-09-16 16:04:40.286] [error] InverseKinematicsTool Failed: Operation Aborted
[2025-09-16 16:05:48.422] [cout] [info] 
               MODEL: 009
         coordinates: 39
              forces: 97
           actuators: 97
             muscles: 80
            analyses: 3
              probes: 0
              bodies: 22
              joints: 22
         constraints: 2
             markers: 67
         controllers: 0
  contact geometries: 0
misc modelcomponents: 0
[2025-09-16 16:05:48.422] [info] Running tool .
[2025-09-16 16:05:49.042] [info] Frame 0 (t = 0.0):	 total squared error = 0.108192, marker error: RMS = 0.0479786, max = 0.11474 (LBHD)
[2025-09-16 16:05:49.131] [info] Frame 1 (t = 0.00500000):	 total squared error = 0.108205, marker error: RMS = 0.0479816, max = 0.114672 (LBHD)
[2025-09-16 16:05:49.242] [info] Frame 2 (t = 0.01):	 total squared error = 0.108148, marker error: RMS = 0.0479689, max = 0.114615 (LBHD)
[2025-09-16 16:05:49.323] [info] Frame 3 (t = 0.015):	 total squared error = 0.108224, marker error: RMS = 0.0479858, max = 0.114731 (LBHD)
[2025-09-16 16:05:49.388] [info] Frame 4 (t = 0.02):	 total squared error = 0.108154, marker error: RMS = 0.0479703, max = 0.114564 (LBHD)
[2025-09-16 16:05:49.454] [info] Frame 5 (t = 0.025):	 total squared error = 0.108157, marker error: RMS = 0.0479709, max = 0.114599 (LBHD)
[2025-09-16 16:05:49.527] [info] Frame 6 (t = 0.03):	 total squared error = 0.108225, marker error: RMS = 0.047986, max = 0.114693 (LBHD)
[2025-09-16 16:05:49.600] [info] Frame 7 (t = 0.035):	 total squared error = 0.108238, marker error: RMS = 0.0479889, max = 0.114711 (LBHD)
[2025-09-16 16:05:49.672] [info] Frame 8 (t = 0.04):	 total squared error = 0.108255, marker error: RMS = 0.0479926, max = 0.114641 (LBHD)
[2025-09-16 16:05:49.756] [info] Frame 9 (t = 0.045):	 total squared error = 0.108218, marker error: RMS = 0.0479846, max = 0.114536 (LBHD)
[2025-09-16 16:05:49.836] [info] Frame 10 (t = 0.05):	 total squared error = 0.108342, marker error: RMS = 0.0480119, max = 0.114645 (LBHD)
[2025-09-16 16:05:49.929] [info] Frame 11 (t = 0.055):	 total squared error = 0.108294, marker error: RMS = 0.0480013, max = 0.114634 (LBHD)
[2025-09-16 16:05:49.980] [info] Frame 12 (t = 0.06):	 total squared error = 0.108299, marker error: RMS = 0.0480025, max = 0.1147 (LBHD)
[2025-09-16 16:05:50.130] [info] Frame 13 (t = 0.065):	 total squared error = 0.108276, marker error: RMS = 0.0479972, max = 0.114566 (LBHD)
[2025-09-16 16:05:50.208] [info] Frame 14 (t = 0.07):	 total squared error = 0.108198, marker error: RMS = 0.04798, max = 0.114575 (LBHD)
[2025-09-16 16:05:50.269] [info] Frame 15 (t = 0.075):	 total squared error = 0.108254, marker error: RMS = 0.0479925, max = 0.114603 (LBHD)
[2025-09-16 16:05:50.356] [info] Frame 16 (t = 0.08):	 total squared error = 0.108248, marker error: RMS = 0.0479911, max = 0.114501 (LBHD)
[2025-09-16 16:05:50.426] [info] Frame 17 (t = 0.085):	 total squared error = 0.108252, marker error: RMS = 0.047992, max = 0.114538 (LBHD)
[2025-09-16 16:05:50.497] [info] Frame 18 (t = 0.09):	 total squared error = 0.108159, marker error: RMS = 0.0479714, max = 0.114556 (LBHD)
[2025-09-16 16:05:50.630] [info] Frame 19 (t = 0.095):	 total squared error = 0.108178, marker error: RMS = 0.0479756, max = 0.114562 (LBHD)
[2025-09-16 16:05:50.713] [info] Frame 20 (t = 0.1):	 total squared error = 0.108151, marker error: RMS = 0.0479695, max = 0.114519 (LBHD)
[2025-09-16 16:05:50.781] [info] Frame 21 (t = 0.105000):	 total squared error = 0.108100, marker error: RMS = 0.0479582, max = 0.114443 (LBHD)
[2025-09-16 16:05:50.854] [info] Frame 22 (t = 0.11):	 total squared error = 0.108053, marker error: RMS = 0.047948, max = 0.114545 (LBHD)
[2025-09-16 16:05:51.005] [info] Frame 23 (t = 0.115):	 total squared error = 0.108069, marker error: RMS = 0.0479515, max = 0.114427 (LBHD)
[2025-09-16 16:05:51.088] [info] Frame 24 (t = 0.12):	 total squared error = 0.107916, marker error: RMS = 0.0479175, max = 0.11433 (LBHD)
[2025-09-16 16:05:51.171] [info] Frame 25 (t = 0.125):	 total squared error = 0.107908, marker error: RMS = 0.0479157, max = 0.114342 (LBHD)
[2025-09-16 16:05:51.258] [info] Frame 26 (t = 0.13):	 total squared error = 0.108006, marker error: RMS = 0.0479375, max = 0.114389 (LBHD)
[2025-09-16 16:05:51.337] [info] Frame 27 (t = 0.135):	 total squared error = 0.108044, marker error: RMS = 0.0479459, max = 0.114631 (LBHD)
[2025-09-16 16:05:51.426] [info] Frame 28 (t = 0.14):	 total squared error = 0.107941, marker error: RMS = 0.0479231, max = 0.114622 (LBHD)
[2025-09-16 16:05:51.462] [info] Frame 29 (t = 0.145):	 total squared error = 0.108020, marker error: RMS = 0.0479405, max = 0.114738 (LBHD)
[2025-09-16 16:05:51.532] [info] Frame 30 (t = 0.15):	 total squared error = 0.107836, marker error: RMS = 0.0478997, max = 0.114639 (LBHD)
[2025-09-16 16:05:51.617] [info] Frame 31 (t = 0.155):	 total squared error = 0.107745, marker error: RMS = 0.0478795, max = 0.114586 (LBHD)
[2025-09-16 16:05:51.706] [info] Frame 32 (t = 0.16):	 total squared error = 0.107757, marker error: RMS = 0.0478822, max = 0.114683 (LBHD)
[2025-09-16 16:05:51.782] [info] Frame 33 (t = 0.165):	 total squared error = 0.107646, marker error: RMS = 0.0478574, max = 0.114632 (LBHD)
[2025-09-16 16:05:51.928] [info] Frame 34 (t = 0.17):	 total squared error = 0.107679, marker error: RMS = 0.0478649, max = 0.114801 (LBHD)
[2025-09-16 16:05:51.980] [info] Frame 35 (t = 0.175):	 total squared error = 0.107521, marker error: RMS = 0.0478297, max = 0.114771 (LBHD)
[2025-09-16 16:05:52.070] [info] Frame 36 (t = 0.18):	 total squared error = 0.107550, marker error: RMS = 0.0478363, max = 0.114952 (LBHD)
[2025-09-16 16:05:52.155] [info] Frame 37 (t = 0.185):	 total squared error = 0.107396, marker error: RMS = 0.0478019, max = 0.114909 (LBHD)
[2025-09-16 16:05:52.238] [info] Frame 38 (t = 0.19):	 total squared error = 0.107183, marker error: RMS = 0.0477546, max = 0.114956 (LBHD)
[2025-09-16 16:05:52.283] [info] Frame 39 (t = 0.195):	 total squared error = 0.107108, marker error: RMS = 0.0477378, max = 0.115078 (LBHD)
[2025-09-16 16:05:52.349] [info] Frame 40 (t = 0.2):	 total squared error = 0.107014, marker error: RMS = 0.0477167, max = 0.115158 (LBHD)
[2025-09-16 16:05:52.396] [info] Frame 41 (t = 0.205000):	 total squared error = 0.106808, marker error: RMS = 0.0476709, max = 0.11516 (LBHD)
[2025-09-16 16:05:52.462] [info] Frame 42 (t = 0.21):	 total squared error = 0.106685, marker error: RMS = 0.0476434, max = 0.115073 (LBHD)
[2025-09-16 16:05:52.527] [info] Frame 43 (t = 0.215):	 total squared error = 0.106574, marker error: RMS = 0.0476187, max = 0.115019 (LBHD)
[2025-09-16 16:05:52.579] [info] Frame 44 (t = 0.22):	 total squared error = 0.106289, marker error: RMS = 0.047555, max = 0.114851 (LBHD)
[2025-09-16 16:05:52.741] [info] Frame 45 (t = 0.225):	 total squared error = 0.106354, marker error: RMS = 0.0475694, max = 0.115233 (LBHD)
[2025-09-16 16:05:52.817] [info] Frame 46 (t = 0.23):	 total squared error = 0.106125, marker error: RMS = 0.0475181, max = 0.115234 (LBHD)
[2025-09-16 16:05:52.887] [info] Frame 47 (t = 0.235):	 total squared error = 0.105975, marker error: RMS = 0.0474845, max = 0.115214 (LBHD)
[2025-09-16 16:05:52.961] [info] Frame 48 (t = 0.24):	 total squared error = 0.105850, marker error: RMS = 0.0474565, max = 0.115344 (LBHD)
[2025-09-16 16:05:53.046] [info] Frame 49 (t = 0.245):	 total squared error = 0.105883, marker error: RMS = 0.0474641, max = 0.115678 (LBHD)
[2025-09-16 16:05:53.117] [info] Frame 50 (t = 0.25):	 total squared error = 0.105810, marker error: RMS = 0.0474476, max = 0.115674 (LBHD)
[2025-09-16 16:05:53.171] [info] Frame 51 (t = 0.255):	 total squared error = 0.105742, marker error: RMS = 0.0474323, max = 0.115815 (LBHD)
[2025-09-16 16:05:53.259] [info] Frame 52 (t = 0.26):	 total squared error = 0.105528, marker error: RMS = 0.0473842, max = 0.11579 (LBHD)
[2025-09-16 16:05:53.329] [info] Frame 53 (t = 0.265):	 total squared error = 0.105406, marker error: RMS = 0.0473569, max = 0.115979 (LBHD)
[2025-09-16 16:05:53.401] [info] Frame 54 (t = 0.27):	 total squared error = 0.104912, marker error: RMS = 0.0472459, max = 0.115708 (LBHD)
[2025-09-16 16:05:53.475] [info] Frame 55 (t = 0.275):	 total squared error = 0.105118, marker error: RMS = 0.0472922, max = 0.116138 (LBHD)
[2025-09-16 16:05:53.624] [info] Frame 56 (t = 0.28):	 total squared error = 0.104835, marker error: RMS = 0.0472285, max = 0.116044 (LBHD)
[2025-09-16 16:05:53.710] [info] Frame 57 (t = 0.285):	 total squared error = 0.104899, marker error: RMS = 0.047243, max = 0.116293 (LBHD)
[2025-09-16 16:05:53.768] [info] Frame 58 (t = 0.29):	 total squared error = 0.104851, marker error: RMS = 0.047232, max = 0.116323 (LBHD)
[2025-09-16 16:05:53.851] [info] Frame 59 (t = 0.295):	 total squared error = 0.104751, marker error: RMS = 0.0472096, max = 0.11659 (LBHD)
[2025-09-16 16:05:53.924] [info] Frame 60 (t = 0.3):	 total squared error = 0.104892, marker error: RMS = 0.0472413, max = 0.11691 (LBHD)
[2025-09-16 16:05:53.977] [info] Frame 61 (t = 0.305000):	 total squared error = 0.104719, marker error: RMS = 0.0472024, max = 0.116956 (LBHD)
[2025-09-16 16:05:54.062] [info] Frame 62 (t = 0.31):	 total squared error = 0.104541, marker error: RMS = 0.0471623, max = 0.117102 (LBHD)
[2025-09-16 16:05:54.146] [info] Frame 63 (t = 0.315):	 total squared error = 0.104424, marker error: RMS = 0.0471358, max = 0.117067 (LBHD)
[2025-09-16 16:05:54.206] [info] Frame 64 (t = 0.32):	 total squared error = 0.104150, marker error: RMS = 0.0470739, max = 0.117142 (LBHD)
[2025-09-16 16:05:54.288] [info] Frame 65 (t = 0.325):	 total squared error = 0.104228, marker error: RMS = 0.0470916, max = 0.117355 (LBHD)
[2025-09-16 16:05:54.373] [info] Frame 66 (t = 0.33):	 total squared error = 0.104220, marker error: RMS = 0.0470898, max = 0.117541 (LBHD)
[2025-09-16 16:05:54.528] [info] Frame 67 (t = 0.335):	 total squared error = 0.103940, marker error: RMS = 0.0470264, max = 0.117714 (LBHD)
[2025-09-16 16:05:54.614] [info] Frame 68 (t = 0.34):	 total squared error = 0.103971, marker error: RMS = 0.0470335, max = 0.117807 (LBHD)
[2025-09-16 16:05:54.685] [info] Frame 69 (t = 0.345):	 total squared error = 0.103800, marker error: RMS = 0.0469949, max = 0.117917 (LBHD)
[2025-09-16 16:05:54.781] [info] Frame 70 (t = 0.35):	 total squared error = 0.103768, marker error: RMS = 0.0469874, max = 0.118151 (LBHD)
[2025-09-16 16:05:54.866] [info] Frame 71 (t = 0.355):	 total squared error = 0.103664, marker error: RMS = 0.046964, max = 0.118198 (LBHD)
[2025-09-16 16:05:54.963] [info] Frame 72 (t = 0.36):	 total squared error = 0.103423, marker error: RMS = 0.0469094, max = 0.118209 (LBHD)
[2025-09-16 16:05:55.052] [info] Frame 73 (t = 0.365):	 total squared error = 0.103269, marker error: RMS = 0.0468744, max = 0.118364 (LBHD)
[2025-09-16 16:05:55.117] [info] Frame 74 (t = 0.37):	 total squared error = 0.103078, marker error: RMS = 0.046831, max = 0.118399 (LBHD)
[2025-09-16 16:05:55.187] [info] Frame 75 (t = 0.375):	 total squared error = 0.102980, marker error: RMS = 0.0468089, max = 0.118339 (LBHD)
[2025-09-16 16:05:55.279] [info] Frame 76 (t = 0.38):	 total squared error = 0.102861, marker error: RMS = 0.0467818, max = 0.11862 (LBHD)
[2025-09-16 16:05:55.421] [info] Frame 77 (t = 0.385):	 total squared error = 0.102581, marker error: RMS = 0.0467181, max = 0.118583 (LBHD)
[2025-09-16 16:05:55.483] [info] Frame 78 (t = 0.39):	 total squared error = 0.102565, marker error: RMS = 0.0467144, max = 0.118746 (LBHD)
[2025-09-16 16:05:55.554] [info] Frame 79 (t = 0.395):	 total squared error = 0.102357, marker error: RMS = 0.0466671, max = 0.118835 (LBHD)
[2025-09-16 16:05:55.623] [info] Frame 80 (t = 0.4):	 total squared error = 0.102341, marker error: RMS = 0.0466633, max = 0.119114 (LBHD)
[2025-09-16 16:05:55.674] [info] Frame 81 (t = 0.405000):	 total squared error = 0.102176, marker error: RMS = 0.0466257, max = 0.119228 (LBHD)
[2025-09-16 16:05:55.754] [info] Frame 82 (t = 0.41):	 total squared error = 0.102035, marker error: RMS = 0.0465935, max = 0.119486 (LBHD)
[2025-09-16 16:05:55.820] [info] Frame 83 (t = 0.415):	 total squared error = 0.101951, marker error: RMS = 0.0465743, max = 0.11948 (LBHD)
[2025-09-16 16:05:55.867] [info] Frame 84 (t = 0.42):	 total squared error = 0.101914, marker error: RMS = 0.046566, max = 0.119899 (LBHD)
[2025-09-16 16:05:55.930] [info] Frame 85 (t = 0.425):	 total squared error = 0.101790, marker error: RMS = 0.0465375, max = 0.120012 (LBHD)
[2025-09-16 16:05:55.968] [info] Frame 86 (t = 0.43):	 total squared error = 0.101663, marker error: RMS = 0.0465084, max = 0.120070 (LBHD)
[2025-09-16 16:05:56.033] [info] Frame 87 (t = 0.435):	 total squared error = 0.101608, marker error: RMS = 0.046496, max = 0.120222 (LBHD)
[2025-09-16 16:05:56.105] [info] Frame 88 (t = 0.44):	 total squared error = 0.101670, marker error: RMS = 0.0465102, max = 0.120476 (LBHD)
[2025-09-16 16:05:56.166] [info] Frame 89 (t = 0.445):	 total squared error = 0.101311, marker error: RMS = 0.0464279, max = 0.120564 (LBHD)
[2025-09-16 16:05:56.305] [info] Frame 90 (t = 0.45):	 total squared error = 0.101191, marker error: RMS = 0.0464004, max = 0.120788 (LBHD)
[2025-09-16 16:05:56.366] [info] Frame 91 (t = 0.455):	 total squared error = 0.101265, marker error: RMS = 0.0464174, max = 0.121113 (LBHD)
[2025-09-16 16:05:56.439] [info] Frame 92 (t = 0.46):	 total squared error = 0.101018, marker error: RMS = 0.0463607, max = 0.121328 (LBHD)
[2025-09-16 16:05:56.502] [info] Frame 93 (t = 0.465):	 total squared error = 0.100716, marker error: RMS = 0.0462915, max = 0.121269 (LBHD)
[2025-09-16 16:05:56.555] [info] Frame 94 (t = 0.47):	 total squared error = 0.100796, marker error: RMS = 0.0463097, max = 0.121914 (LBHD)
[2025-09-16 16:05:56.605] [info] Frame 95 (t = 0.475):	 total squared error = 0.100551, marker error: RMS = 0.0462536, max = 0.121756 (LBHD)
[2025-09-16 16:05:56.660] [info] Frame 96 (t = 0.48):	 total squared error = 0.100484, marker error: RMS = 0.046238, max = 0.121854 (LBHD)
[2025-09-16 16:05:56.712] [info] Frame 97 (t = 0.485):	 total squared error = 0.100343, marker error: RMS = 0.0462055, max = 0.121999 (LBHD)
[2025-09-16 16:05:56.764] [info] Frame 98 (t = 0.49):	 total squared error = 0.100113, marker error: RMS = 0.0461526, max = 0.122128 (LBHD)
[2025-09-16 16:05:56.831] [info] Frame 99 (t = 0.495):	 total squared error = 0.0999834, marker error: RMS = 0.0461227, max = 0.122358 (LBHD)
[2025-09-16 16:05:56.906] [info] Frame 100 (t = 0.5):	 total squared error = 0.0999513, marker error: RMS = 0.0461153, max = 0.122532 (LBHD)
[2025-09-16 16:05:56.931] [info] InverseKinematicsTool completed 101 frames in 8 second(s).
[2025-09-16 16:06:23.847] [info] Loaded marker file C:\Git\research_data\Projects\squatting_fais\c3dfiles\036\SJ_pre1\markers_experimental.trc (62 markers, 2200 frames)
